UniqueCount	AmbigCount
0	0
0	0
41	215
31	164
131	117
0	0
27	0
26	0
19	0
0	0
27	0
0	0
69	0
81	0
0	0
0	0
0	0
0	0
0	0
0	1
0	0
0	1
0	1
0	0
35	356
0	255
4	282
1	212
30	107
0	16
2	125
0	114
12	0
0	0
8	0
0	0
0	0
0	0
0	0
16	1
7	2
0	0
2	0
6	36
17	668
114	1043
5	177
2	608
16	0
102	175
3	481
0	160
2	921
1965	1523
1	935
3	721
9	414
2	295
19	1042
1	644
188	187
317	2999
20	2998
5	45
1	0
1	4
0	4
0	3
0	3
0	2
1	0
0	0
1	0
0	0
0	0
0	0
0	1208
25	1814
32	306
86	1266
90	172
0	85
4	1546
55	527
0	0
0	0
0	0
3	3
0	77
0	77
1	17
0	39
7	18
0	0
0	0
0	0
0	0
0	0
1	185
0	336
307	17
1	17
0	0
122	4134
41	114
1	69
1	1672
0	3495
167	510
2	1549
21	29
9	402
7	31
17	103
2	451
102	25
0	625
3	0
0	13
0	0
1	21
0	74
0	74
0	74
0	0
0	1
0	63
0	51
0	6
0	74
0	6
0	7
0	11
0	13
0	0
0	0
2	13
0	0
0	0
0	0
0	0
683	3174
0	317
2	17
0	2232
0	0
0	696
549	2
47	171
61	3089
9	2974
4	248
0	0
0	0
0	0
31	0
0	0
2	0
36	0
0	0
178	2
0	0
2	0
0	0
0	0
0	25
0	28
0	33
1	30
0	2
0	0
0	8
0	0
0	3
1	0
0	0
1	0
6	22
3	23
1	15
0	1
0	0
0	0
0	0
3	0
0	1
0	1
1	0
1	0
0	0
0	0
0	0
0	0
0	0
4	0
740	3
1	17
1	17
0	2
0	3
0	11
11	2
2	3
1	286
13	2
0	6
6	0
0	5
0	0
93	69
5	69
0	10
4	4
0	22
3011	7
1	2
0	1
0	2
0	2
0	1
0	1
0	0
2	355
1	345
0	362
50	3
0	250
4	303
0	0
0	0
1	356
0	12
4	37
3	298
33	15
42	35
1	0
0	0
0	0
0	0
1	0
0	0
13	175
63	136
0	60
0	92
23	79
0	0
4	11
0	11
0	0
0	0
0	0
0	0
0	0
0	0
0	0
0	0
0	0
186	1396
1	700
7	749
0	408
117	761
7	266
24	202
59	3
0	18
110	703
327	125
0	106
0	296
2	38
7	379
71	372
0	77
0	296
1	68
0	54
5	556
0	44
0	0
602	43
3	84
42	31
8	34
10	18
0	13
0	9
1	118
18	8
17	35
3	8
3	104
3857	6190
0	501
9	807
176	280
14	38
0	0
12	4560
186	0
35	205
0	622
0	36
10	36
9	0
18	0
8	0
0	0
5	8
1	0
0	0
0	0
0	0
0	0
2145	1439
80	41
7	574
0	0
25	251
0	0
0	155
0	159
1	601
0	163
0	0
0	24
1	12
0	0
0	4
0	11
1	24
0	12
0	9
3	0
0	15
0	1
0	0
2	0
2	9
0	0
0	0
0	0
0	0
0	0
0	0
2	836
2	738
15	485
28	318
0	778
0	17
4	31
28	33
1	69
0	339
6	768
0	784
0	356
17	286
0	193
0	228
0	27
9	117
0	0
0	0
0	0
33	0
4	2968
0	2980
43	2070
43	0
4	40
0	124
19	1380
52	1260
43	0
88	398
53	317
0	156
75	0
0	0
17	0
84	0
0	0
339	0
130	0
2	0
0	0
4514	635
4	461
2	226
1052	83
4	83
35	0
88	0
0	0
1	0
0	0
0	0
0	0
0	20
0	20
0	16
0	8
0	0
0	0
0	1
1	0
0	2
0	1
6	0
5	0
12	12
0	5
2	3
5	7
22	0
2	0
0	107
0	2413
38	161
1	161
0	0
1	44
40	187
326	187
15	0
28	0
0	0
0	0
0	0
0	0
23	408
0	187
1	343
56	103
42	0
879	0
0	0
0	0
0	6
3	6
0	6
1	5211
610	28099
68	18700
51	5775
4	19823
51	11644
1734	1621
61	1616
0	0
4	0
0	386
0	382
0	365
0	369
0	364
0	0
3	0
0	0
1	494
0	515
0	486
0	271
0	483
2	452
5	332
0	11
0	28
4	34
0	14
0	29
3	103
0	34
997	198
1	132
81	152
13	7
4	0
310	719
24	728
21	565
0	470
0	554
0	295
4	108
4	2
0	1
1	5
1	5
2	0
0	0
10	943
1	173
85	943
1	35
8	38
63	69
0	41
0	0
2	2
0	0
0	0
0	5
182	7
0	0
50	31
1	10
0	15
5	16
0	0
0	0
0	0
7	13
0	0
0	0
165	0
3	0
0	1
9	1
2	1
0	26
0	9
2	29
0	0
0	0
0	0
0	0
0	1
0	1
0	0
0	0
0	0
0	0
0	0
0	0
0	0
0	0
0	0
0	0
0	0
0	0
0	0
0	0
0	0
0	0
0	0
0	0
0	0
0	211
0	0
0	0
0	0
0	0
0	0
0	0
0	0
2	2
0	0
0	0
1402	205
12	0
0	0
0	66
5	2
0	0
29	137
5	104
0	0
0	0
0	0
0	0
1	0
0	0
0	0
0	0
0	0
99	1273
0	1276
1	204
0	173
0	21
0	0
0	0
0	0
1	0
97	1236
0	0
0	1236
0	282
0	282
3	0
1	0
47	0
503	18
0	18
0	0
1	0
33	146
17	146
0	0
53	149
6	143
2	72
3	0
7	1
0	1
37	35
1	27
3	20
0	0
469	215
1	0
0	0
0	215
0	0
0	0
0	0
0	0
2	142
1	142
0	66
0	63
0	75
4	0
0	37
8	39
1	0
13	0
0	0
0	0
0	1414
0	1414
0	1414
46	1071
0	251
0	0
0	0
0	0
0	0
0	0
0	0
0	0
0	0
0	0
0	0
16	0
0	0
3	0
0	0
191	157
1	157
0	58
0	0
0	0
0	0
0	0
1	0
0	0
40	1052
798	1412
0	263
0	1277
0	649
0	580
23	659
188	49
2	49
0	0
0	0
0	1122
0	3876
0	3980
0	4003
12	2059
275	3993
0	203
0	2156
373	730
4	0
0	0
0	7
0	7
0	0
0	0
0	3
0	10
0	9
0	0
3	29
3	7572
0	1022
7	13085
121	157549
28	42540
68	86541
60	102805
2	2053
1	260
0	105
210	1986
26	100
2	204
0	0
0	0
0	0
0	0
0	0
0	42
0	52
0	66
1	66
0	66
1	31
6	31
0	0
0	0
0	3
0	0
0	0
0	0
1	0
5	0
2	0
7	0
5	0
4	0
0	0
5	18
4	0
3	0
4	0
10	0
21	0
3	0
4	0
6	0
13	0
14	0
8	0
2	0
0	0
0	0
0	0
0	0
0	0
0	0
0	0
0	0
0	0
0	0
0	0
0	0
5	5
0	0
1	0
0	0
0	0
0	0
0	0
0	0
0	0
10	433
0	0
0	0
0	0
0	0
0	0
0	40
0	0
1	4441
0	4440
11	1457
10	39
14	20
28	670
43	574
6	564
87	27
1	0
46	574
22	243
132	0
2	31
209	0
43	3
15	7149
0	7289
0	7289
15	6503
72	4594
18	93
0	0
0	0
0	0
0	1
0	1
0	1
0	0
1	0
0	0
0	0
0	0
0	0
0	0
0	0
0	0
0	0
0	0
0	0
0	0
0	0
0	0
0	0
0	119
0	0
0	0
10	9
15	7
3	9
0	4
0	0
0	0
13	0
0	30
3	0
0	0
2	0
2	0
0	0
0	0
0	0
0	0
0	0
47	0
2	62
0	0
0	0
0	0
0	0
0	0
0	0
0	0
0	0
267	73
11	71
0	0
29	2
32	0
0	0
0	9
0	9
0	0
0	12
25	34
0	456
0	437
10	25
14	33
1	442
6	282
0	27
4	252
275	56
1	53
2	14
0	0
9	3
0	657
2	728
0	95
1	63
3	82
0	61
0	96
1814	119
4	6
3	19
0	31
0	19
0	34
0	0
2	8
0	1
1	0
22	21255
1	0
0	0
0	0
0	4020
0	307
0	289
1	2191
2	18302
0	21568
5	21521
39	2
0	110
5	65
0	0
807	239
217	3437
192	6239
0	17966
64	369
0	3
1	3
46	449
1023	5090
0	6716
1	0
18	217
0	485
7	411
0	0
0	0
0	0
1	0
32	2
209	0
0	0
115	387
25	386
0	0
954	423
36	0
0	140
11	231
1	268
0	22
0	278
0	16
56	6
320	473
11	335
18	204
63	2
2	0
0	0
0	0
2	74
0	0
0	0
1	0
0	0
0	0
0	0
0	0
0	0
0	0
0	0
0	0
0	0
0	0
19	0
0	0
0	0
0	0
0	0
36	43
0	18
2	11
0	0
0	0
1	40
3	16
0	10
0	15
0	0
68	0
1	6149
41	6248
35	559
0	387
0	403
0	173
0	87
0	0
9	81
512	1494
7541	1606
61	143
0	112
0	0
2	0
0	0
0	0
0	0
0	0
0	0
0	0
0	0
0	0
0	0
0	0
0	0
0	0
0	0
1758	1131
67	1131
0	0
6	0
887	6365
44	2702
62	6213
0	0
6	127
0	344
6	1463
21	3
57	2229
0	471
3	226
9	42
1833	299
121	299
1	124
0	38
1	15
0	87
40	209
0	375
0	351
2	389
2	581
12	521
110	0
0	507
0	2
7	34
0	14
1	0
1	2668
0	2780
0	1350
15	1355
0	0
4	215
1	130
0	43
210	72
0	0
0	1
0	0
0	1
5	44
78	351
49	325
1	335
0	322
5	11
0	17
24	6
8033	2641
40	2570
220	0
0	32
0	886
0	846
11	38
26	2
1	186
0	0
0	116
0	101
0	81
0	44
16	12
0	0
29	172
0	161
1	28
0	8
0	33
16	14
8	1113
13	1109
4	1107
3	1113
6	148
7	74
2	9
4	13
75	0
1	0
0	6
0	6
0	6
0	4
0	1
0	0
0	0
0	0
0	0
0	0
2	2598
914	3231
2	825
126	389
11	33
0	2151
3823	941
10	67
67	278
0	598
0	445
2	79
2	177
1	0
1	0
0	0
0	0
0	0
62	164
0	0
0	0
1	6
0	26
1	132
0	6166
16	6166
91	1567
3	206
12	295
0	281
4	427
0	253
0	0
220	0
353	2
1	3
0	0
1	42
3	44
0	48
0	69
0	69
0	41
0	58
0	2
0	6
0	0
1	4
0	2
0	0
1	0
0	8
0	8
7	8
0	0
0	8
291	745
93	8
23	625
0	620
0	699
1	0
0	0
0	0
0	561
0	195
0	548
0	396
0	403
0	380
0	72
2505	4
21	2
54	852
38	917
1	487
1	403
3	875
1	64
7	439
0	23784
111	24275
145	8218
3	5639
12	328
1	757
213	260
55	260
443	158
683	231
59	1064
668	1157
1	0
5	11
0	0
21	0
0	78
0	78
0	79
0	76
4	70
73	207
0	201
0	122
45	10
4	0
0	23
59	39
7	30
0	39
7	361
51	500
31	8
1	221
35	111
99	920
76	834
2	14
68	2
0	508
0	826
6	114
0	0
1	0
0	0
0	0
0	0
0	0
402	1609
183	1277
1	1543
209	1333
0	324
12	1040
0	635
23	8
518	1747
61	1745
1	79
0	232
0	263
213	629
30	604
14	14
1	13
0	38
14	49
1	30
16	0
5	8
0	38
0	12
1	2
0	0
0	202
0	200
4	199
0	9
0	0
0	0
0	0
1	50
0	0
0	0
0	0
1	26
0	0
0	0
23	123
0	119
2	4
0	41
4	41
1	10
0	42
3	10
0	6
0	0
1	2
0	3
0	0
0	0
0	0
153	1091
0	11
0	279
84	0
1	861
0	0
2	0
0	0
10	18
461	21
0	0
10	1
0	1
542	9655
43	5911
52	6686
14	6748
5	2982
5	4866
137	936
0	49
0	812
17	743
12	36
8	0
0	2
0	2
2	1007
0	1007
1	730
0	136
75	705
8	0
1842	1248
7	509
12	28
0	131
1	0
0	0
56	0
6	0
0	0
0	0
0	0
0	0
0	0
0	0
40	2911
0	3010
56	30
0	860
13	2558
0	2360
0	2269
2	2687
0	2421
0	153
0	11
9	1
1	142
1	98
0	338
46	1
18	96
6	131
0	0
0	10
2	0
6	32
0	25
2	0
5	0
8	971
45	0
16	981
0	10
40	36
8	121
168	118
1	43
14	0
1	562
0	113
5	864
610	633
0	793
0	21
0	19
0	17
0	28
0	29
35	29
63	34
0	29
0	23
0	5
0	0
0	0
235	312
2	144
0	0
0	18
2	150
3615	1233
53	1223
0	0
31	10
39	0
5	449
1	442
11	17
11	0
0	0
0	0
0	0
0	0
0	0
0	1
0	0
0	0
0	0
0	0
0	0
0	0
0	0
0	0
0	1
0	3
0	0
0	0
0	3
0	1
0	1
0	1
0	3
0	0
1	0
0	0
0	0
0	81
0	2
0	2
4	79
0	0
1	0
0	0
30	832
28	424
47	533
141	214
0	300
0	0
5	408
20	224
12	2
0	0
0	0
0	2
0	0
0	0
2	1276
0	1264
85	102
0	0
0	170
0	18
1	227
26	237
2	83
9	0
1049	0
382	672
0	672
1	42
1	843
0	0
0	0
0	0
0	98
0	104
2015	481
1	77
106	2
0	311
1	113
89	2
4	0
1	0
0	0
1	0
7	0
89	628
1	513
8	235
1	210
1	37
3	19
4	21
0	0
0	26
1	0
0	0
0	0
0	0
0	56
18	3730
202	678
0	943
17	3757
3	2714
1	2531
0	486
16	810
10	159
0	0
0	0
0	0
0	0
59	20
0	20
0	238
0	218
1	187
3	208
0	167
1	194
0	183
0	38
3	27
0	27
0	37
0	28
0	43
0	44
0	77
25	578
0	532
0	457
10	298
1	108
2	63
1	2
0	778
12	6
10	788
2	12
58	18
33	808
15	808
0	66
1	43
9	147
0	158
0	0
0	0
0	0
0	0
0	0
1	0
7	331
0	116
0	303
1	34
1	0
114	0
5	0
5	268
0	0
13	0
0	0
0	0
0	0
0	0
245	3587
34851	15181
182	420
0	84
29	469
1	3307
2	2880
0	4971
4522	1453
45	208
34	1245
2	121
301	0
0	0
4	0
0	0
0	0
0	0
0	0
0	0
5	1335
12	1258
13	129
0	129
0	780
14	20
31	574
3	169
1	92
1	0
17	453
0	0
1	0
3101	732
95	733
0	60
7	116
0	194
3	160
1	227
47	185
0	1
2	1
0	1
0	0
0	0
0	0
0	0
0	0
1	1
0	165
4	166
13	4
13	18
0	3
0	1
0	0
3	22
10	12
0	0
0	1
0	0
0	0
463	381
0	340
0	63
0	42
87	0
4	0
0	0
0	2
0	0
0	7
0	0
0	0
0	0
0	0
4	99
0	0
0	0
0	0
0	0
0	11
0	0
0	0
0	0
0	0
0	0
0	0
0	0
0	0
0	0
0	0
0	0
0	0
0	0
0	0
0	0
0	0
0	0
0	0
0	0
0	0
1	0
0	0
0	0
3	6
21	6
0	0
0	0
1	0
0	0
0	0
2486	0
1	0
0	0
7	317
0	281
0	423
36	408
0	389
0	169
0	117
1	113
6	13
27	78
2	0
0	0
0	0
0	0
0	0
39	1892
0	1860
0	1813
1	1846
21	44
0	72
19	8
1	180
0	249
1	1
1	317
0	52
13	210
1	0
21	0
23	50
31	0
0	0
0	0
1	0
0	63
3	63
2	9
0	1646
0	1
0	7
3	0
0	2553
0	3536
0	2295
26	3355
12	517
1	2245
13	41
14	622
0	3037
0	0
23	91
0	1582
3	465
1030	2096
4	1859
0	259
6	20
4	25
0	148
176	3356
31	2148
48	2173
0	180
1	374
0	497
143	130
48	312
669	194
40	438
0	129
0	0
0	0
18	3054
118	3181
0	1038
1	262
0	174
1	0
2	0
0	0
0	0
1	214
3	208
1	201
1	111
39	74
0	92
32	188
0	87
8	34
55	0
636	5762
4	4928
80	1355
30	3071
0	374
54	2345
94	0
0	0
398	230
0	205
10	79
0	34
0	37
2	27
37	0
0	438
1	142
119	441
0	4
0	69
0	0
4	32
22	760
0	761
0	761
0	133
0	123
0	122
0	122
1	1
0	1
0	0
0	0
1	0
93	213
0	0
0	210
25	37
5	35
2	21
0	19
1	6
8	1
32	35
674	103
0	132
10	229
12	175
0	52
92	94
6	196
0	201
11	102
2	1113
1	0
0	1
14	1363
14	411
1	376
1	138
0	75
5	0
0	0
0	0
0	0
2	13
0	0
0	0
3225	548
91	61
3	487
0	0
0	262
0	262
0	5
0	9
0	0
0	0
2	14
3	5
6	0
0	0
0	0
0	0
0	0
0	0
0	0
1224	109
8	30
2	68
0	0
2019	403
40	0
0	399
116	0
35	17
0	0
23	316
34	923
0	926
50	32
0	347
19	122
1	32
0	0
0	0
19	0
22	36
15	345
33	0
0	122
6	137
38	278
0	156
0	73
0	0
96	0
6489	7162
1	3234
398	479
1315	4688
44	559
7	1176
8	1130
1	665
9	0
3	425
1079	435
47	5
49	10
56	0
5372	1879
44	1649
2	918
1374	377
30	343
1	0
1	5
2	1607
10	2770
16	2567
0	581
3	936
2	530
11	61
42	0
0	0
93	136
2	93
0	96
0	22
5	17
23	17
1	17
1284	0
0	1
0	3
0	2
0	2
0	0
0	20
0	0
0	0
0	0
0	0
450	15
179	0
4	121
32	0
0	15
0	1
0	0
0	1
0	1
0	1
0	6
0	0
0	0
48	1979
82	2061
1	1775
3	25
46	5
2	38
0	1
0	1
60	37
2	0
0	0
0	0
0	0
0	0
0	1
10	0
335	12
2	3
0	3
5	170
18	163
0	172
0	66
0	82
1	64
1	17
0	22
1	47
7	45
247	86
125	86
0	0
0	0
0	0
6	0
0	0
1	88
2	23
0	322
0	1119
3	0
0	145
0	1162
0	370
0	1015
224	1155
88	11
0	5
0	4
74	1161
0	105
0	0
4	226
0	316
3	302
0	190
0	28
2	63
0	20
19	75
14	12
2	98
84	85
463	70
18	70
132	83
111	83
0	0
13	4
0	1
0	1
0	0
1	3
41	80
0	80
0	3
3	0
0	0
0	0
1	0
79	0
3966	5427
0	1863
0	4279
0	3815
186	5232
10	603
87	832
463	1691
194	3634
1	3565
7	2875
96	188
1	1001
0	446
361	3107
8	346
24	463
7	268
3	298
8	243
0	50
4	145
0	61
11	61
1	55
42	0
33	655
2	380
0	116
0	99
0	604
1	110
24	2
0	66
431	433
0	422
0	0
5	25
0	13
8	11
1	16
10	0
3	16
751	875
0	856
0	654
0	451
0	32
0	6
5	9
30	0
0	9
913	6
0	0
0	0
0	457
0	7
26	0
0	0
1	13
0	13
0	10
3	3
0	0
0	0
10	160
3	1156
0	291
0	22
10	33
1	136
0	953
2070	1819
94	609
72	122
0	1978
367	20
0	262
0	0
192	2859
0	2449
272	0
7	2792
3	2382
0	0
1600	1384
0	1185
7	172
1	0
0	147
8	149
35	59
82	77
30	170
4	343
0	373
8	398
1	29
0	0
0	0
0	0
0	0
0	0
0	0
0	0
0	0
3	287
12	287
0	246
1	98
0	56
1	65
0	32
0	23
0	23
0	3
0	3
5	63
0	3
1	2
0	2
0	4
0	6
0	3
0	1
0	0
0	0
143	1125
1	1055
13	587
1	57
32	4
1	1
0	1
0	0
0	0
0	0
3	0
1409	4
0	0
7	6
0	2
0	0
0	0
2	0
4	0
2	1
0	0
0	0
1	152
0	2
0	0
0	2
0	0
3	1
1450	763
0	453
20	332
63	0
5	0
1	217
4	1456
3	148
3	206
20	156
468	1607
0	122
1	213
6	185
0	0
4	506
0	0
0	276
0	429
0	165
16	264
0	0
3	309
0	0
6832	78
94	0
14	61
106	11
0	0
2136	11
157	0
0	0
0	8
42	1
0	0
0	38
0	38
0	11
0	0
1	1
194	484
2	484
18	486
12	1
0	0
0	124
1	110
3	25
16	205
30	5
1	16
30	0
208	228
0	214
0	214
0	175
8	30
34	6
1	31
3167	4798
195	125
132	555
196	1
0	2931
0	1908
0	2476
143	89
0	0
0	240
78	7
1	402
0	1057
0	900
11	0
3	991
0	176
0	689
0	657
39	62
0	13
5	250
0	18
0	233
0	89
0	130
0	132
3485	1329
5	264
0	1304
9	1285
45	76
179	24
725	2
4	5
0	462
0	0
0	34
0	0
0	0
0	0
73	1582
0	0
70	11
5	11
0	0
0	0
4	0
0	0
2	0
3	0
0	4
2	80
45	10
0	10
0	0
0	10
58	10
0	0
0	1
0	0
0	0
0	0
0	0
2	0
0	0
0	0
0	0
0	0
0	0
0	0
1	239
0	2667
200	107
106	707
1	1281
0	2451
228	0
161	0
64	0
1	0
0	0
76	0
0	0
0	0
1	0
35	0
0	0
1	0
0	0
3	551
81	1017
13	4004
6	4009
1	2696
656	2691
45	3795
3	3800
3	0
48	0
0	0
1	681
0	0
0	0
0	0
0	4120
0	4076
10	4091
88	22
9	423
0	375
0	2
0	47
60	47
12	5
3	14
974	2
22	272
5	3569
6	603
0	172
55	3357
0	405
39	26
82	1681
34	1476
0	0
1	203
0	338
0	135
14	15
446	8786
0	2396
1	5910
0	966
12	5884
4	5345
40	1258
2	1303
27	1091
0	7
0	0
0	0
1	0
4	0
0	0
0	0
0	0
0	0
0	0
0	0
0	0
0	0
1	67
0	67
1	0
0	67
0	0
0	0
4	49
6	757
0	1431
34	652
28	168
3	785
0	1345
0	184
0	1264
57	0
9	80
0	0
120	0
15	33
0	0
0	0
0	0
0	0
0	0
58	618
19	317
0	634
1	110
0	24
0	43
0	0
0	0
0	0
2	0
1502	323
12	319
0	0
0	0
3	92
1	0
0	0
0	0
0	0
0	769
6	611
47	105
1	561
0	2659
1028	2818
13	478
6	539
0	626
122	0
155	4
8	373
28	371
0	32
0	31
0	0
0	0
13	0
0	0
2	0
0	678
0	295
1	62
0	657
2613	1270
16	1264
12	0
1	419
330	453
0	150
24	146
0	0
5	52
4	0
67	3411
0	0
0	0
0	0
0	0
0	0
0	0
0	0
0	0
0	0
0	0
0	0
0	0
0	0
0	0
0	0
0	0
0	8
0	0
0	0
0	1
0	2
2	2
0	1
413	5570
0	5571
0	1230
0	1144
0	667
0	284
0	1
2	315
3	924
78	557
36	32
2	313
1005	2060
45	298
84	587
0	37
0	2140
5	132
1	0
0	0
0	0
0	0
0	0
0	0
0	0
0	0
0	0
0	1
0	0
0	0
0	0
0	0
0	0
9	14
0	219
0	241
0	0
0	0
0	237
0	237
0	0
0	260
28	27
0	18
0	19
0	0
0	251
0	220
0	217
0	51
0	25
1	83
0	88
10	3
0	3
0	35
2	29
0	42
1	22
0	19
0	0
50	178
0	13
0	9
3	164
0	0
4	20
0	0
24	41
76	1510
3	1486
0	1511
0	408
49	576
16	1042
4	637
58	2
145	0
31	0
64	417
4	0
195	0
85	0
20	410
6	0
64	0
2004	702
0	702
6	16
0	0
0	0
0	17
0	19
0	17
0	10
0	7
0	2
1	0
1	1
2	177
0	0
10	691
55	691
1	603
5	32
0	184
43	22
206	0
0	0
0	0
0	0
0	0
0	0
0	0
0	0
0	0
0	5
0	5
0	0
0	1
0	0
0	0
0	0
0	0
0	0
0	0
0	0
0	0
0	0
0	0
0	0
20	0
4	0
2	0
553	284
0	269
15	199
0	128
0	121
0	118
0	17
55	2
32	0
8	83
10	83
0	0
0	0
0	0
0	0
0	0
0	0
0	0
0	0
0	0
0	0
0	0
0	0
1	0
0	0
0	0
0	0
0	0
0	0
244	0
3	0
0	0
3	3
0	2
0	1
0	0
0	1
0	0
1413	1276
60	3
0	110
11	1276
0	251
0	187
10	40567
0	37790
0	37508
0	39487
0	39181
346	39672
14	40265
98	16891
23	1056
32	4894
5	2149
60	1213
202	8744
9	548
3	7478
60	6431
0	2326
2	2
0	1
4	1
0	0
0	0
2	1
1	0
0	0
0	0
0	0
0	0
0	0
0	0
0	0
0	0
0	1
4	6
0	0
38	0
248	5
0	2818
3	2817
2509	98
1	84
0	41
3	120
2	71
26	5
1	5
1103	0
21	2
0	21
0	81
0	138
13	401
4	458
0	633
0	790
0	737
18	553
0	76
0	0
0	0
0	0
0	0
0	0
0	0
0	0
0	0
4530	4862
61	4388
7	615
15	21
12	60
0	60
0	36
4218	9230
3	9218
0	0
0	0
0	0
0	0
0	0
0	0
0	0
0	0
0	0
0	0
0	0
0	0
0	0
30	0
1	0
0	0
0	0
1	0
0	0
0	0
1	0
0	0
0	0
0	18626
46	18258
0	18693
0	4651
0	8988
81	8560
2	8575
0	8925
0	285
13	491
0	493
2	250
9	837
52	823
22	862
0	1058
0	561
1	304
104	692
205	90
0	410
0	136
10	23
0	0
0	0
0	9
4	9
0	0
0	0
0	0
0	0
0	0
1292	5236
199	5170
6	4882
12	0
358	2902
107	1729
36	2899
0	320
17	592
0	0
3	52
207	180
0	92
14	56
0	56
0	151
0	124
15	0
7	6482
238	5420
46	5957
745	6203
8	313
0	752
3	490
5	469
0	39
45	39
12	0
3	37
11	1
3	12
1	2
1	12
0	1
0	144
0	210
0	216
1	172
1	69
0	20
1	6
1	38
3	7
0	22
0	33
74	2312
55	2205
2	152
0	0
11108	3589
0	2720
9	479
42	869
406	1085
0	1087
1	333
71	684
6	36
2	29
0	4
57	0
1057	221
5	167
6	46
0	17
0	13
0	13
0	13
0	17
0	17
0	0
0	16
0	16
0	0
0	0
40	508
27	508
0	433
5	445
1	402
7	225
0	239
6	26
0	0
12	223
13	236
1	236
2	21
0	494
1	532
15	477
1	56
0	135
0	48
4	3
0	37
4	33
1	3
1	108
3	101
0	68
0	22
1	72
1	9
0	2
0	42
0	51
121	2029
0	64
17	16
1	28
0	921
0	127
0	33
44	6
2	1239
18	670
0	104
1310	702
150	235
37	467
0	8
0	8
0	4
0	3
0	2
0	1
0	0
474	264
0	0
0	264
681	88
0	88
0	0
24	0
0	3
1	3
0	3
4	0
0	0
0	0
1	0
0	0
0	1
0	1
1099	355
91	355
2	0
150	0
61	4
0	4
179	1960
72	1806
26	1364
2	1958
5	37
6	9
4	296
2	154
2	1993
3	2174
58	1934
0	80
0	2030
8	37
8	2
0	0
0	262
3	440
26	513
2	514
2	123
0	32
0	209
5	210
3	272
101	643
6	605
2	1250
0	49
7	369
0	114
20	156
2	1469
16	1376
13	1414
1	1412
40	1505
0	1481
0	211
7	179
11	67
0	28
143	109
3	172
34	720
8	751
15	756
8	723
0	231
17	97
0	0
16	201
13	61
0	180
0	96
0	112
0	132
4	20
4	18
5	2
0	41
55	23
0	1
115	1262
22	190
0	403
2	1152
21	252
3	956
0	489
4	547
0	253
1	278
0	130
13	18
15	97
3	236
6	164
49	182
45	3013
0	2780
0	1907
9	1225
59	743
0	367
0	335
0	272
0	2
0	2
0	0
0	0
196	583
0	222
0	300
4	586
0	612
6	282
0	514
0	64
8	29
0	0
4	7
1	51
253	27
0	0
6	1
0	24
0	24
0	22
0	6
95	113
0	67
0	51
0	0
1	38
0	2072
0	2072
60	1941
0	2080
61	2031
3	598
30	959
0	547
16	1073
12	723
0	106
0	46
0	120
14	64
15846	4174
103	137
18	4063
0	0
0	0
1	687
3	34
4	310
3	0
1	10
0	5
1	22
0	30
4	70
0	652
0	0
12	82
0	126
0	149
1	105
3	15
25	1002
0	1041
5	153
0	321
0	421
3	420
1	294
0	409
9	62
3	323
1	145
0	263
14	176
3	10
0	10
1	0
35	690
2	693
14	656
0	604
0	24
1	1
0	26
0	2
1	25
0	2
13	182
0	2
0	4
16	154
1	20
2	6
0	0
0	6
1	143
10	83
1	83
0	98
12	0
0	0
14	765
20	763
13	739
1	66
0	89
9	546
1	38
0	43
4	1
0	0
32	426
2	12
0	27
0	361
7	13
0	19
5	415
0	14
0	35
0	26
0	150
0	15
0	0
0	0
0	6
0	0
0	0
0	0
0	0
0	0
0	0
0	0
1	0
0	0
7	1431
0	1431
0	829
4	67
3	665
21	414
0	66
0	0
5	0
0	0
0	0
0	0
0	1
0	1
0	0
2	0
3911	0
0	0
23	2
3	1521
1	1695
8	1487
0	0
0	674
48	0
0	106
0	247
11	129
0	0
0	0
0	0
0	0
0	2
0	0
0	2
0	1
49	0
0	0
409	8153
2	6660
102	8108
1254	2768
5	2736
1	935
19	860
0	1914
19	734
2	45
0	0
110	185
0	185
0	0
0	20
42	885
49	885
0	0
0	0
205	143
3	142
0	44
8	0
0	2553
0	2553
0	2553
0	2553
0	629
0	253
0	253
0	17
0	17
0	283
4	253
0	17
7	134
0	84
0	0
484	235
4	235
161	221
0	104
0	108
1	84
3	0
0	1
2	114
0	0
0	0
0	0
0	0
0	0
0	0
0	0
6	1
0	1
0	0
6	0
679	3724
0	3595
0	348
0	504
167	0
8	436
10	323
74	0
3	0
1	0
0	0
0	0
0	0
11	942
0	702
16	917
35	138
0	889
28	26
13	0
50	232
19	232
2	184
20	2
8	0
15	0
11	0
0	0
0	0
0	3
0	2
0	1
0	3
7	1
0	0
0	0
3	2
0	0
0	0
0	0
2070	4
1	0
32	1035
194	0
1	1035
34	0
0	0
0	0
15	1
0	1
0	1
6	1
0	0
6	3
0	0
0	0
1	3
11	3
20	1721
0	330
19	1666
0	1637
146	662
10	1569
29	1567
59	1386
0	412
3	271
12	284
2	555
53	0
26	125
435	2
19	370
137	89
3189	1837
6	1837
0	0
0	0
0	0
0	0
0	0
0	0
1200	1954
4	1887
2	1696
5	1815
0	1306
0	1677
0	959
1	385
8	0
2	0
0	0
0	0
0	0
0	0
0	0
0	1
1	63
0	37
0	33
0	0
0	0
1	0
0	0
0	0
0	0
0	10
4	13
0	14
0	0
0	0
0	0
0	0
0	0
0	0
0	0
0	0
2	159
0	137
2	109
0	0
0	0
0	3
0	2
0	0
0	0
0	0
0	0
0	0
235	505
1	425
1	142
2	44
32	11
29	14
98	0
206	90
0	0
1	0
109	26
130	32
3	0
1	32
0	16
0	12
11	0
0	0
0	11399
3	11344
25	4106
33	9757
9	992
12	170
102	232
10	304
4	211
0	1852
0	4663
190	320
32	6
3	541
92	13
0	1682
1	454
8	83
142	4
238	0
7	39
3	39
0	38
1	38
2	1
0	1
0	2
0	0
0	2
3	517
0	4
0	0
0	39
0	0
1	3
0	7
3	8
0	7
0	2
0	0
1	7
0	7
0	3
0	5
0	5
0	7
3	9
0	8
0	0
0	0
0	0
0	3
2	19
0	19
0	17
0	16
0	1
0	18
0	18
0	21
0	0
0	5
0	1
0	2
0	1
0	1
0	5
0	14
1	1
0	0
0	0
0	2
0	12
1	4
3	13
1	30
0	1
0	0
17	93
0	238
18	241
0	21
5	39
0	34
0	9
1	2
5	2
0	0
2	10
100	99
0	0
0	0
0	21
0	28
2	2
6	5
0	34
8	169
0	524
34	370
24	420
14	484
16	469
6	432
59	516
0	57
5	12
0	0
4	21
42	111
0	17
1	64
0	66
4	58
12	53
0	21
1	0
0	0
0	0
0	0
0	0
4013	5715
0	90
1	527
11	5673
216	0
1107	2374
0	2167
4	733
0	2
0	2
1	1
8	0
97	0
0	0
8	353
0	0
0	0
0	0
0	0
0	0
0	0
0	0
0	0
0	0
0	0
0	0
9	99
399	99
3	57
0	58
0	3010
675	3390
51	24
2	298
0	184
3	0
82	5
3	5
2	590
74	0
5	209
1	185
2	173
9	158
60	194
8	56
30	71
0	217
0	14
27	216
0	186
15	71
0	34
0	16
1	1
14	0
220	222
1	0
5784	3430
12	3622
0	0
0	0
2276	4280
68	4276
12	398
37	511
14	170
0	0
0	0
0	0
1	0
5	220
4	19
13	5
54	14
0	0
0	3
0	3
0	3
1	0
0	0
0	0
13180	18073
1	13596
3	3517
0	3168
110	7785
2	279
4	77
1	238
0	28
4	97
0	0
23	460
1	6
0	437
0	370
1	377
0	10
0	0
0	0
8	0
6	93
3	594
96	321
9	533
21	587
0	0
19	0
33	0
36	0
32	0
6	0
14	0
18	0
44	2647
20	0
0	0
3	0
22	0
3	5
1	5
0	0
0	0
0	0
0	0
7	0
0	0
0	14
13	14
0	0
0	3
0	3
0	3
0	2
0	0
1013	0
0	0
0	1
0	1
0	0
0	0
0	0
0	0
0	0
0	935
64	1314
80	854
32	1351
3	1351
10	994
0	519
0	1373
0	0
1	38
16	38
0	0
1	0
5	186
0	2795
0	2010
279	186
3	1169
100	0
97	430
0	1402
0	0
0	1769
0	1891
46	184
16	18
1	126
11	37
0	0
0	0
0	1255
0	229
1	176
0	113
0	63
3	276
0	0
4	13
0	1216
16	105
0	0
0	0
4	933
334	933
13	217
1	199
0	11
0	0
6	2
3	49
1	54
0	6
0	49
0	49
0	49
1	710
1	50
0	695
48	44
0	648
0	547
1	28
0	20
0	522
0	563
4	14
0	169
30	1150
85	214
0	480
0	1175
0	1149
1	1135
0	275
6	90
12	1
307	0
206	112
224	0
0	11
2	16
0	17
5	16
0	17
0	17
0	3
6	3
4	1
1945	3012
4	0
14	0
6	143
130	2
27	172
0	297
140	2639
4	607
0	143
115	592
1	1277
0	987
1	948
3	37
52	0
1	435
13	45
0	65
0	0
0	0
0	0
0	0
0	372
0	3
0	1689
0	236
0	0
0	1682
0	1708
2	432
824	1801
2	577
3	0
0	1767
0	1924
0	1751
0	23
0	23
0	0
0	1883
101	316
1	391
7	1868
13	0
17	0
23	0
29	1677
0	0
31	0
21	0
17	1677
3	0
22	1677
1	3
0	1
0	12
1	12
2	0
0	1
1954	1812
1	1764
8	1615
0	148
86	46
37	12
372	37
0	0
0	0
0	0
0	0
0	0
0	0
0	0
0	0
0	0
0	0
12	0
3	0
0	0
0	0
0	409
0	409
750	409
0	0
0	0
0	0
0	0
0	0
0	0
0	0
933	7
1	7
47	0
0	2
0	0
0	0
189	3658
0	2087
511	58
131	0
0	0
15	0
72	3395
0	0
0	0
0	0
5	0
2	20
48	0
2	2
0	2
0	4
6	4
0	0
0	0
0	0
0	0
0	0
0	2
0	2
0	0
0	2
0	0
0	0
0	0
0	0
0	0
754	0
13	0
0	0
1	0
91	0
0	0
0	0
4	0
33	1142
43	1014
7	312
4	62
0	76
0	162
12	30
6	130
0	269
0	0
1	11226
0	11790
954	11531
0	495
13	4085
5	8
0	5788
48	295
20	0
0	0
1404	191
17	100
25	91
0	0
8	197
0	171
0	59
0	35
2	35
0	0
3	500
0	413
12	1016
15	1167
901	4742
9	246
0	1066
0	658
2	3648
3	274
1	5
6	8
1	0
0	1
4	1
0	0
1	0
3	143
0	142
979	136
10	107
12	560
51	698
429	695
0	593
0	698
0	32
30	39
6	9
14	84
32	0
18	6
170	149
10	34
4	86
2	108
66	148
0	59
0	115
0	33
0	16
0	82
0	0
1	0
0	0
33	0
342	96
0	96
157	873
6	446
39	1564
386	1472
45	363
72	111
0	61
4	143
15	742
0	336
70	165
7	105
74	54
20	0
9	4603
18	5253
210	5024
18	866
0	252
977	15
0	15
0	0
1	0
0	0
4	203
30	364
1	278
3	232
0	5
349	230
1	46
0	6
1	75
0	112
0	0
2	0
24	14
11	14
5	0
0	0
1027	1152
0	1111
0	851
3	66
0	228
0	0
77	2
49	0
30	0
16	128
0	46
3	19
1	64
0	64
0	0
0	0
203	2864
5	2408
12	186
0	144
1	825
1	977
0	0
0	201
34	1
0	0
0	0
0	0
0	0
0	0
0	0
0	0
0	0
0	0
0	0
0	0
0	0
0	0
0	0
0	0
0	0
0	0
0	0
0	0
0	0
0	0
0	0
0	0
1	505
7	510
4	511
218	592
8	82
0	0
0	0
1	0
0	0
0	0
3220	600
2	1
0	0
0	0
5	391
6	204
9	158
2	0
0	3
0	3
206	0
38	0
10	2764
101	2355
175	102
1	351
1	203
3	2037
3	1815
2	572
3	113
0	131
0	368
102	1066
21	0
75	460
47	190
0	438
0	67
17	13
2	8
3	0
6	0
3	19
1	313
0	431
0	426
10	479
0	0
2	0
313	859
5	858
9	832
0	829
0	751
1	20
0	9
0	36
1	32
0	10
0	40
0	0
0	0
0	0
0	0
22	184
3	184
7	0
1049	1298
21	1008
10	129
0	0
1	299
12	139
0	90
53	261
88	277
0	15
62	213
32	157
2	0
4	129
4	76
18	268
1	32
4	7
17	195
0	3
1165	124
0	85
3	63
0	0
0	0
0	0
0	360
119	399
0	67
1606	11638
3	11783
0	9832
0	30
135	2688
0	455
7	900
5	766
11	688
29	141
5	45
170	7
86	7929
0	970
0	1505
0	7722
0	7591
30	958
5	297
227	0
0	1543
0	7755
1	1536
4	766
3	1094
0	1543
39	4
0	43
315	541
253	541
64	0
312	5993
854	5642
40	1116
84	212
4	1803
8	678
0	0
552	644
0	413
12	153
0	319
4	352
37	1169
57	531
1	1062
0	128
3	218
4	635
0	0
0	175
450	992
0	92
1	385
97	936
6	0
6	110
4	28
1	85
5	13
5	83
172	239
55	135
37	11
223	115
11	1092
0	1077
0	133
0	0
0	4
9	739
25	739
10	49
1	77
10	25
1	9
0	3
15	4
306	1067
1	65
0	83
176	1150
9	493
0	47
1314	343
0	0
1	0
26	0
0	0
3	275
0	0
0	0
0	0
0	0
0	0
357	202
53	202
43	0
29	1008
290	73
150	72
11	0
16	31
21	23
0	0
1	0
0	0
0	0
0	0
0	0
0	0
0	0
0	0
0	0
0	0
0	0
11	0
0	1
27	0
0	1
0	0
0	0
0	0
1	9
6	4278
0	0
0	0
0	0
0	0
0	0
2	0
639	1531
57	1523
1	1458
16	294
0	0
55	1257
0	4326
17	4149
0	2853
4	75
128	2
90	27
8	201
50	41
8	177
1	0
0	169
12	1
1	10
0	1225
1	13899
91	13222
578	13046
81	1591
16	1014
21	139
15	3303
37	290
7	326
11	774
137	0
54	785
0	0
25	95
0	372
93	44
0	48
5	15
1	4
142	0
0	0
230	2
61	3
0	0
0	0
0	0
0	0
0	0
0	0
0	0
0	0
7	28
0	0
0	0
16	0
2	1
0	1
0	0
0	0
0	0
5	4
7	75
1	0
0	0
0	4
0	1
0	0
3	3
1	1
0	0
0	0
0	0
0	0
0	0
0	0
0	0
0	0
0	0
18	0
0	0
0	0
0	0
0	0
0	0
0	0
0	0
0	0
0	0
0	0
0	0
0	0
0	0
0	0
0	0
0	0
2	0
1	0
0	0
0	0
0	0
0	0
0	0
11	723
3	723
0	0
4	0
0	0
0	0
0	7
19	2439
3	1924
0	2029
130	425
0	426
20	939
5	950
4	0
0	0
0	0
0	0
1	3
65	373
1	454
6	72
26	98
3	66
0	0
28	2562
0	2736
36	3388
3	2378
11	417
469	1693
3	1943
8	80
231	0
30	2
28	234
37	179
1	11
3080	267
112	185
13	74
0	0
0	0
0	0
4	0
62	0
33	1259
1	1437
3	628
0	112
0	37
0	0
5	0
0	0
1594	58
307	0
16	42
1	16
0	0
0	0
1710	137
0	0
1	0
0	0
46	0
167	135
1478	131
1	129
35	9
234	2655
2213	2655
0	1011
45	200
7	1
47	177
272	3396
6	908
7	3396
0	3392
0	0
0	0
0	0
0	0
0	0
0	0
0	0
0	0
0	0
0	0
0	0
0	0
0	0
0	0
0	0
0	0
0	0
0	20
82	20
0	0
0	0
2	0
0	0
0	0
0	0
0	0
0	0
3	0
0	0
0	115
16	119
0	42
0	10
0	0
0	0
0	0
0	0
0	0
0	0
0	0
0	0
0	0
0	0
0	0
0	0
0	0
0	0
0	0
0	0
1	4
0	1
0	2
0	0
0	0
1	2
0	1
0	2
0	2
0	0
0	0
0	0
0	0
299	29
1	29
37	0
13	0
0	0
0	0
3	2
0	0
1	285
328	292
1	34
8	20
0	8
0	0
0	0
0	0
0	0
0	0
0	0
0	0
0	0
0	0
0	0
0	0
0	0
0	0
0	0
0	0
0	0
104	0
0	0
0	0
0	0
0	0
0	0
0	0
0	0
0	0
0	0
0	0
0	0
0	0
0	0
0	0
0	0
0	0
0	0
0	0
0	0
0	0
0	0
0	0
0	0
0	0
0	0
0	0
914	1507
57	1061
1	357
0	199
0	199
14	36
668	454
0	380
0	81
0	0
0	2799
0	2849
1	2791
0	2712
12	862
0	1768
0	2203
0	2260
0	2948
0	2379
74	976
0	2031
0	2757
0	2667
0	1762
88	2541
0	0
19	3
0	0
0	3
2	288
0	1435
0	128
0	127
1	241
0	0
0	1326
18	102
0	71
0	1462
74	0
9	0
0	260
46	0
15	781
10	344
16930	379
0	0
0	0
0	15
0	0
317	28
0	25
0	13
0	19
0	24
0	17
0	14
0	16
1	2
0	0
3	0
0	0
0	0
0	0
3	0
0	0
299	0
2052	361
0	221
39	134
0	0
1	0
510	74
7	74
0	3
0	0
0	3
125	669
1	610
1	17
5	1
270	924
15	889
0	203
4	1
3	108
15	0
1047	818
0	443
0	375
0	38
1	36
3	79
1	14
0	40
0	17
1	39
2	34
0	79
122	2
0	0
0	0
0	0
0	0
0	0
249	0
0	0
0	0
0	0
0	0
0	1
0	1
947	0
189	3406
1	1949
9	2388
0	1832
5	1602
18	788
4	249
4	5
7	6
0	6
0	1
3	0
2	0
1	228
72	501
9	504
0	466
0	466
0	0
0	0
0	0
0	0
0	0
0	0
0	0
0	0
0	0
0	0
0	0
0	0
0	0
0	0
0	0
0	0
0	0
1	0
447	357
0	337
0	334
0	307
0	171
1	62
0	63
3	77
0	74
0	97
7	20
0	20
1	19
0	0
57	0
1	0
1680	933
37	257
13	246
8	180
3	917
0	0
54	19
0	0
0	0
0	0
680	400
2	186
1	115
1	76
0	0
2	0
0	0
0	0
0	0
0	0
0	0
0	0
0	0
0	0
0	0
0	0
0	22
0	0
0	0
19	192
0	193
0	191
12	0
3	0
0	0
4	0
5	0
2	0
4	0
0	0
1	23
0	0
2	0
6	0
0	0
0	0
0	0
0	0
0	0
0	0
0	11917
142	12044
0	4138
0	5806
133	469
47	948
0	3042
0	2187
1	1657
9	1987
1	555
17	681
5	0
26	297
2378	948
13	643
0	0
270	85
2	85
1	7
0	7
0	7
0	1
0	0
0	159
0	183
0	77
0	53
0	6
0	139
0	11
5	0
0	0
7	0
7	50
0	27
2	0
18	15
0	19
0	0
0	0
0	0
39	1028
3483	2886
53	1325
51	0
330	0
1	350
0	2591
0	1
0	1
7	0
9	0
0	1
0	1
0	1
0	0
0	0
0	0
1	5
0	5
0	0
9	212
9	332
548	270
36	350
48	2479
0	3123
229	2911
8	13
0	5
0	4
0	6
0	11
0	13
764	2177
24	22
0	383
0	1992
66	65
113	13
0	265
59	287
8	278
0	0
3	0
73	2
2	97
5	15
0	20
22	139
1	18
16	2
10	0
0	486
0	295
23	550
11	1015
357	11
0	0
71	0
1	277
1	51
40	0
0	188
57	0
348	7
4	54
124	350
1	56
4	101
129	8
0	0
76	574
0	433
1	263
2108	866
24	490
18	113
8	0
2	0
198	2290
64	2290
0	307
2	45
1897	303
58	77
6	226
0	0
0	0
0	0
0	0
19	807
114	113
3	113
0	0
1	0
0	0
0	2
0	49
0	22
0	1
2	0
3	0
0	4
0	0
1	0
0	4
0	877
0	0
0	0
3	11
1	0
0	18
0	0
0	0
0	0
0	119
0	119
0	65
2	0
1241	0
1810	2457
0	248
27	818
32	2508
18	390
10	0
18	0
5	0
0	0
0	0
0	0
0	0
209	231
1	77
0	185
21	11
2	599
2	1
2	953
0	1467
4	1510
89	271
1	791
1	584
0	754
0	754
167	1220
0	776
79	573
2	707
14	14
1054	0
0	0
125	1243
13	72
0	0
38	1241
0	0
0	25
0	25
15	2
0	1
0	1
46119	9831
2	9799
2	8998
6	3
0	3
0	0
0	0
0	0
0	0
0	0
0	0
0	0
0	0
0	0
0	0
0	0
0	0
5	0
2803	556
2	556
0	0
377	2
0	0
348	69
0	69
8	154
10	869
49	942
10	814
2	966
12	654
5	869
18	76
15	187
0	197
0	184
0	31
0	9
0	0
171	297
130	811
0	763
37	73
0	0
0	0
36	77
22	87
3	62
413	863
5	124
10	296
0	843
0	175
37	376
0	1
10	492
1	32
11	0
29	240
24	0
90	0
0	45
3	19
3	0
1	0
29	0
32	3
0	3
0	12
259	1404
0	1404
4	431
262	253
8	242
0	20
0	30
0	33
25	9
0	8
0	0
0	1
138	138
1	138
1	15
1	0
0	69
1352	165
0	96
52	256
71	256
0	130
0	67
0	0
71	3342
4604	3351
94	0
20	41
0	0
2	117
0	1547
0	1533
0	291
2	204
1769	538
17	452
4	30
0	12
63	301
696	347
0	6
46	2426
5	3
6	2501
0	1534
0	2510
19	2000
3015	1932
2	3246
1	42
0	2224
0	1653
8	99
3	34
0	0
6	0
109	154
0	48
0	145
0	25
3	6
0	0
0	2
0	2
13	14
0	0
0	14
0	0
0	0
0	0
1	0
0	0
0	0
0	0
0	0
103	0
0	939
61	939
6	55
9	59
20	0
24	261
0	218
14	206
0	217
5	259
0	5
0	0
690	759
0	749
16	0
0	116
27	107
4	8
10	5
8	5
0	828
19	1028
0	601
48	1121
0	17
3	111
2	662
12	77
10	77
0	6
0	9
0	19
1	19
0	19
0	1
0	2
0	0
63	97
0	83
0	84
0	61
0	61
0	0
0	55
3	10
5	2
0	1
0	0
0	0
98	2
2	2
0	0
1	0
2	426
3	1
2051	1971
1	1877
12	1599
7	1063
0	1028
0	110
71	211
184	16
6	184
7	151
0	82
72	44
4	50
13	364
29	443
10	801
1802	811
0	0
10	88
22	2
2208	4884
0	2
18	4884
115	531
10	5642
0	7789
30	7240
4	0
0	0
0	0
1	0
0	0
0	337
58	459
0	6113
2	287
68	5362
2	16
14	290
186	74
124	2409
43	124
0	2
1	57
0	3
0	128
1	30
0	4
0	3
0	3
0	0
0	0
0	41
2	11
0	34
0	0
0	3
29	844
53	905
0	502
59	49
2	104
0	0
0	0
217	1054
2	442
4	677
12	285
0	0
1	7
4	5239
3	5252
4150	5181
0	306
0	287
0	700
0	405
11	391
0	341
270	226
6	153
0	14
1	10
362	11
51	10
0	10
238	7085
0	0
12	6983
0	6885
55	4554
0	3466
0	78
0	0
11	200
70	0
1	0
0	0
3	115
0	135
0	133
0	42
0	2
1	0
2334	210
2	210
1	0
0	0
28	1
0	1
5445	4
7	0
0	1
0	77
0	57
0	71
0	11
0	11
0	11
0	1
0	1
0	1
0	0
0	9
0	5
0	5
0	200
4	230
20	172
0	26
0	0
0	0
0	140
4	130
7	106
2	117
0	124
0	45
2208	2065
73	2053
8	541
24	686
3	172
0	0
0	99
47	473
6	505
0	34
0	55
1	97
0	149
28	135
0	34
0	133
188	6438
142	6435
0	46
88	1647
6	0
0	0
55	53
0	812
17	885
0	882
68	1
18	72
980	0
0	0
1	480
0	0
0	0
0	0
0	0
591	3197
29	3193
38	1096
103	18
0	224
168	196
2	0
5	0
0	51
60	51
0	0
4056	2175
0	311
0	1741
0	1005
155	1487
0	549
190	923
114	120
155	0
0	0
301	0
0	2
64	298
0	0
1	26
12	86
57	7
0	80
0	22
2	1
701	384
0	374
0	10
1	4
35	5
0	4
0	0
0	0
0	0
0	1
0	1
0	0
0	0
0	0
0	0
1	50
20	89
9	14
0	86
84	451
0	451
0	0
25	35
15	0
3	19
120	0
139	204
2	0
379	9242
392	9010
17	888
276	3173
53	3009
12	364
3	145
9	257
43	256
144	0
2	183
85	21
968	508
1	415
0	215
10	25
3414	0
0	0
8	105
2	100
6	5
427	1682
1	1625
5	1645
0	211
9	98
3	144
2	62
0	70
0	24
2	168
1	229
7	59
0	305
3	172
5	0
1	2440
1	2440
57	2052
33	35
0	0
25	76
51	19
0	381
3	357
38	0
49	0
2	0
11	155
0	17487
861	17487
498	203
0	203
4	0
1	12
23	649
0	199
0	641
0	293
3	212
0	648
13	212
5638	1653
4	1653
8	970
0	197
0	199
80	0
7	3
1	25
0	171
3	175
5	67
0	170
0	171
0	172
0	197
0	170
0	170
0	0
3	0
1400	1790
4	1674
0	1219
14	82
48	0
0	1
1	4
0	4
0	122
98	257
0	127
2	90
0	143
0	0
0	10
0	10
0	5
0	0
0	5
0	0
2	0
0	9
3	1
0	0
0	0
0	1
16	984
0	984
19	157
0	29
20	0
2	29
2	36
3	12
0	89
3	89
0	36
924	334
1	0
5	275
91	307
277	273
0	68
0	109
0	0
0	0
4	0
1	0
12	2846
11	1885
78	2522
2	1946
4	0
11	94
8	12
8	12
3	91
88	104
1	2
0	11
10	182
0	324
0	417
0	388
0	26
0	0
0	0
0	0
0	0
1	3
0	0
0	0
0	0
0	0
5	1048
3	1048
2	0
0	0
1	0
0	0
0	0
0	0
0	0
0	1
1	2
0	0
305	455
46	450
0	335
0	309
4	26
2	70
0	0
0	0
1	0
0	0
0	0
3	0
0	0
0	0
0	0
39	4
8	4
151	0
0	0
15	0
7	29
0	29
0	0
34	0
112	0
154	0
0	0
0	0
57	0
0	0
9	0
0	0
43	1099
17	1124
4	1114
6	1116
30	14
3	44
124	18
0	16
0	34
123	17
1	3
105	0
22	44
0	47
0	0
0	0
0	0
0	0
0	0
48	3547
4	3454
3	3122
132	560
0	0
32	0
128	0
0	0
0	0
0	0
0	0
0	0
0	0
0	0
0	0
0	0
0	0
47	62
14	31
8	54
0	0
0	0
0	0
13	0
140	195
1	3144
5	147
81	2929
0	3089
301	0
6	0
0	0
0	1
175	0
196	2
176	0
1	0
267	89
0	1915
0	2543
0	0
159	0
0	1
0	0
0	1
0	0
0	1
0	0
0	0
0	0
0	0
6	823
759	1543
0	1209
2	875
2	489
620	873
4	29
0	13
0	0
0	0
0	0
0	0
0	0
0	0
0	13
0	13
0	7
0	0
0	41
0	12
0	42
6	87
4	61
5	0
0	0
0	0
3	0
18	1217
0	2102
3	1957
0	2102
0	1066
2	1989
38	499
1	13
1	0
57	125
8	117
2	116
19	0
0	1
1	25
0	3
0	0
0	0
0	0
0	0
0	0
0	5
0	0
0	0
0	0
0	0
0	0
0	0
34	51
1146	1050
0	753
69	0
101	2
485	0
1	299
0	265
2	26
26	199
1	248
0	12
3	584
25	26
1	10
2	248
1	83
2	292
35	566
3	102
0	99
0	100
1450	1124
15	1122
1	633
1	40
37	589
0	70
0	213
57	1
0	1
4	144
12	29
16	244
908	419
0	337
17	173
15	54
1	4
1	4
0	0
6	467
69	401
0	428
0	436
0	384
1	396
0	43
0	20
0	79
1	0
0	0
0	0
0	0
23	0
0	0
0	0
0	0
0	0
0	0
0	0
0	0
0	0
1	0
0	0
0	0
0	0
0	6
0	4
0	6
0	5
2	1
0	758
0	2
0	2
0	0
0	0
0	0
0	0
2	0
0	0
0	0
0	0
0	0
0	0
0	0
0	0
0	0
9	2
0	0
0	0
0	0
0	0
0	0
0	0
0	0
0	0
0	0
0	0
0	0
68	1646
30	1582
0	0
0	229
0	70
115	58
0	15
0	0
0	0
4	3
5	3
674	10
0	10
0	0
8	0
4	27
0	2
0	0
0	0
0	0
0	0
0	0
0	0
5	1401
0	1224
0	1257
0	555
0	617
2	198
13	293
7	183
3	89
11	8883
6	8960
7	200
5	272
8	50
3	433
0	2036
2	1769
34	453
98	1237
8	923
5	386
0	248
0	22
0	0
0	2
0	2
0	2
0	0
0	2
0	0
0	0
0	0
66	1635
4	1641
0	23
0	18
0	2
0	0
0	0
14	4
0	0
0	0
0	0
0	0
0	0
0	0
2	3
3	1
2	1
1	3
0	3
0	0
4	0
50	0
459	12665
333	5163
2	12085
73	10174
68	284
210	608
0	604
5	1
0	28
0	58
1	113
72	6
3	51
180	10
49	2
32	448
0	1190
52	205
13	617
55	127
2	234
1	965
0	0
188	0
0	154
0	1233
2	1272
0	325
4	127
0	190
1	16
86	0
0	0
0	0
0	0
0	346
2709	5257
0	5075
17	778
0	4292
25	0
1	1884
1842	2031
0	1810
6	1774
2	224
0	0
0	0
870	435
0	242
0	179
0	0
0	0
45	195
0	108
0	44
2	43
7	48
0	11
57	8
0	41
8	41
0	0
16	694
27	698
2	490
22	17
0	45
0	58
3	0
4	2
4	0
2	0
524	7596
9	6762
36	926
38	752
5	125
0	729
63	26
0	100
6	0
112	2780
7	2815
9	1719
0	107
7	152
25	64
98	0
0	0
1	15
0	205
14	205
0	15
0	0
0	0
0	0
1	0
0	7298
0	7305
2	371
22	1
9	25
46	399
0	848
5110	1704
12	96
3	539
10	316
166	0
3	1
0	9
0	9
0	1
2	3
1	3
0	0
0	0
0	0
0	4465
0	4770
3	2913
72	1923
0	3263
4	705
136	701
127	45
149	213
151	0
8	0
9	116
4	52
0	2
0	1
0	2
0	32
0	2
0	0
0	0
0	52
1	1
0	0
1	0
0	0
81	0
1	0
69	3692
0	3204
26	0
14	3135
234	3035
1880	917
10	106
0	0
0	2
0	1
0	1
0	0
0	2
0	1
0	0
0	1
0	1
5	0
9	0
0	0
20	0
0	11
14467	9415
67	9366
0	4179
1	1575
83	752
0	0
0	1
0	1
0	0
0	0
0	0
0	0
0	0
0	0
0	0
0	0
0	0
0	0
59	330
0	327
6	191
4	1
23	36
2	58
0	53
9	15
1	0
0	0
0	0
14	0
940	0
43	225
9	177
6	236
2	124
14	39
775	492
0	323
2	346
1	138
0	109
25	0
90	7
1	148
22	66
18	39
7	126
6	34
88	165
0	165
0	22
0	21
0	40
0	29
0	23
11	0
0	0
1399	2548
0	2275
44	570
0	1596
72	6
0	0
97	359
156	0
4	0
0	0
43	293
102	449
5	289
0	152
1	4
0	12
0	0
0	0
0	0
32	705
95	3448
0	3221
195	3049
0	78
0	0
30	612
1	46
132	432
0	0
4453	1541
1	303
0	0
1	446
0	0
0	138
21	0
5	773
0	0
213	19
6	0
0	1352
0	1784
0	1417
0	1097
0	251
1	270
0	645
6	7
0	150
155	0
9	283
108	4942
13	2659
4	22
21	2675
27	495
19	4509
82	2657
30	2675
21	51
56	0
0	0
0	6
0	6
0	0
0	2
0	0
0	0
0	0
6	4
0	4
0	6
0	6
2	8
0	2
0	2
0	1
0	5
0	5
40	2567
0	0
0	0
1	0
1811	3225
1	3096
4	385
1	259
62	858
7	616
2	205
7	96
38	0
49	2013
10	19
1803	680
84	680
166	8
8	107
7	1107
0	1170
2	1078
0	699
0	699
0	100
1	1
0	79
44	6183
1	0
31	6093
6	486
0	37
246	588
1	29
913	2381
0	2479
15	2384
0	2229
0	2139
3	2053
0	343
22	1406
89	1294
5	1193
0	1146
45	35
2	119
68	6
0	6
32	40
0	40
86	0
96	0
5	287
1	117
15	0
0	0
7	0
0	0
0	0
0	0
0	0
0	0
0	0
0	0
647	649
16	625
8	90
4	52
4	3
0	31
42	79
36	0
6	0
18	0
95	0
112	68
0	68
1	0
0	21
5	42
47	132
1	109
0	6
2	17
0	0
2	659
1	659
32	658
6	304
0	35
0	0
0	0
0	0
0	0
0	0
9	293
19	323
0	0
18	39
0	229
0	234
0	94
2	99
0	141
2	0
1	0
0	0
0	5
0	0
2	0
0	10
0	19
0	3
0	18
0	4
416	73
0	29
1	41
0	13
0	3
0	3
0	0
0	0
0	0
0	0
0	0
5	187
1344	3051
85	1168
0	241
186	0
5	437
0	959
7	879
610	10
6	238
7	303
2	420
352	17
0	0
30	0
0	0
22	303
0	0
0	0
37	45
0	1
1	0
0	0
0	0
0	44
0	5
0	2
0	0
0	0
1	0
158	80
3	81
900	180
33	102
7	57
0	0
0	0
0	0
0	68
2	0
0	0
1	497
204	497
2	483
1430	283
0	266
22	167
18	0
2231	361
16	64
4	212
15	247
0	205
23	82
2	216
112	0
150	211
3	142
560	1270
2	0
162	0
204	1
0	150
2	0
36	0
152	0
9	79
168	0
110	0
114	0
99	0
186	0
0	0
29	0
24	995
11	0
5	0
0	211
3	0
0	0
0	0
0	0
1	0
2	6568
0	6666
135	0
55	0
326	0
1	2395
3	176
82	0
0	4
22	7
0	3
0	0
0	5
12	0
1	1
0	2
1	0
987	447
2	312
1	313
0	400
0	288
2	249
0	0
0	18
1	565
3	286
5	878
27	1330
9	656
71	857
142	1187
8	508
1	1133
1	496
422	1434
1	607
4	364
1	446
14	1133
9	1604
0	489
3	1028
0	0
0	1
1	424
0	36
0	0
3	591
0	0
0	157
4	34
0	111
0	0
0	0
0	0
62	104
2	86
0	5
0	0
23	828
2	0
35	735
0	304
3	712
0	565
2	22
0	66
0	268
0	218
0	200
0	203
0	179
0	191
0	148
0	231
0	0
0	65
0	657
0	653
1	544
0	192
20	325
36	4
25	116
0	5
12	8
0	3
0	4
0	8
0	0
0	0
0	0
0	0
4501	39731
40	32464
4	21818
272	20618
1	12583
1	12642
9	10224
967	799
7	670
0	0
16	0
20	0
0	0
0	0
10	231
0	0
8	1
0	1
6	0
1587	179
81	0
0	0
0	20
0	0
6	0
35	87
18	72
0	0
0	0
0	1
0	1
32	726
14	667
1	0
65	729
0	247
0	78
0	23
18	0
53	158
0	161
37	9
2	0
0	0
2	23
22	8
1	0
0	298
0	298
0	5
0	0
0	5
0	1
0	25
0	0
1	2
0	13
0	0
16	72
0	0
14	0
0	0
54	342
0	283
0	33
0	41
1	54
19	150
21	131
8	18
1	507
0	581
12	104
0	152
0	444
0	286
1	518
8	201
0	0
6	0
0	0
0	0
0	0
62	10343
2	10463
0	4542
38	5258
0	8840
0	8475
0	0
14	83
26	1756
72	0
35	785
2	367
28	215
163	1
0	63
33	46
0	44
0	21
0	15
0	8
1	10
24	98
0	25
0	40
27	23
0	51
0	42
1	41
9	30
0	4093
3	3497
76	1967
0	31
15	319
61	227
31	35
0	1
0	1
0	0
0	0
0	0
0	0
0	0
0	0
0	0
0	23
2	23
0	3
10	9
0	0
0	6
0	0
28	246
5	233
4	47
0	0
0	0
1	75
0	0
0	0
0	0
14	1129
41	1129
0	850
3	1041
0	997
22	940
0	45
15	0
5	201
33	317
28	201
0	26
0	12
0	24
1	0
8	146
8	146
0	0
5	0
10	29
0	34
0	23
0	2
81	16
0	2
0	8
0	0
0	8
0	1
0	0
35	0
0	0
29	468
2	468
0	82
3	10
359	0
107	622
1	682
0	491
1	199
11	386
22	34
0	393
8	171
0	16
11	368
15	62
0	173
1	57
0	122
0	146
25	0
17875	4866
4	2295
27	3950
120	950
12	0
0	0
20	0
20	0
0	0
0	0
0	0
16	33
14	33
3074	0
0	0
2	0
2	0
0	0
38	0
3	0
0	0
0	0
0	0
0	0
0	0
0	0
0	0
0	0
0	0
0	2
2043	4963
31	4871
6	212
323	565
14	90
1	405
2	257
0	76
3	13
167	0
0	127
384	127
93	1097
180	485
3	152
6	41
18	524
0	0
0	0
101	0
88	198
285	853
109	222
0	168
17	0
5	621
0	0
0	0
0	0
0	1
1	1
0	0
1	0
0	0
0	0
0	0
0	0
0	0
0	0
0	0
0	0
0	1096
25	1144
2	218
1	141
0	217
3	134
0	199
3	134
19	21
0	84
6	69
2	8
24	0
1	0
21	403
24	396
0	23
0	0
132	11
0	7
0	0
0	0
92	1011
0	1011
0	206
0	0
9	2
0	0
0	0
0	6
0	6
0	6
9	8
1	4
0	3
0	3
0	0
0	0
0	0
1	0
0	3
0	0
0	1960
0	1981
0	214
1	321
0	307
0	341
0	282
0	2
0	35
1	83
0	271
0	299
1	227
0	195
9	237
1	55
38	5
1	1
0	0
0	0
2	0
0	0
0	5
0	5
1437	11290
13	777
62	2971
2	10811
0	0
0	0
62	22
0	21
0	21
0	11
0	15
4	20
0	21
0	0
6	0
524	168
4	168
54	45
0	6
0	359
19	1292
1	1243
1	485
18	941
3	58
0	0
0	0
0	0
0	0
0	0
0	0
0	0
0	0
0	0
1	138
1	0
15	0
0	66
0	63
0	55
8	52
0	57
0	63
0	0
0	0
1620	975
0	714
0	478
0	522
0	303
0	227
1	18
0	0
1	0
0	0
0	0
0	0
5	1615
0	1390
16	910
5	594
0	0
0	0
712	348
0	52
1	136
9	187
5058	6
0	0
1	14
0	14
0	14
0	13
1	40
2	40
0	0
83	559
1938	544
14	524
0	49
0	264
0	536
19	185
208	0
389	0
577	246
0	0
0	0
0	0
0	0
0	0
7	322
0	346
0	43
2	128
21	1
0	0
0	0
7893	247
4	231
62	387
0	363
1	46
0	0
0	0
0	1
0	1
0	0
680	223
4	112
5	182
0	86
12	21
0	21
62	5018
0	5009
2	1761
23	309
28	42
3	5
47	2911
136	3001
49	3000
54	561
19	1868
4	88
0	285
24	320
0	5
3	0
0	0
4	6033
0	6161
4	5896
0	0
0	0
0	4
0	3
6	0
0	0
35	4
255	1
15	18
0	0
2	81
3	32
1	10
1	37
0	42
4	23
0	7
11	11
0	56
913	0
3125	2
0	0
41	0
0	0
5	0
48	192
0	103
36	185
0	233
0	182
1	128
0	1
3	0
5	0
1	8
0	6
0	8
0	1
1	0
0	0
8	0
0	0
150	527
51	515
17	125
2	403
0	297
60	287
2	12
0	0
15	0
118	0
0	23
2	572
43	576
2	568
0	5
0	0
0	0
0	0
0	4
1	4
0	5
0	0
0	1
0	3
0	1
0	3
1838	1510
3	1387
7	123
0	11
0	11
0	11
0	4
0	1
0	2
1104	0
0	16
0	12
6	7
1	15
0	11
0	14
3	13
0	10
21	909
1	871
0	796
0	632
4	106
0	62
0	159
23	110
0	7
0	7
0	7
0	6
76	163
0	162
0	16
12	414
0	1610
2	5474
29	4883
0	4529
0	2009
0	1953
0	1134
0	334
0	333
1	259
1	899
17	237
2	90
0	871
0	148
1	736
45	811
0	2
10	34
0	96
74	476
73	479
19	387
2	503
2	167
0	98
0	28
0	139
5	55
0	595
4	555
7	90
0	497
4	26
8	33
2	17
1	132
0	281
48	253
0	50
60	1676
20	804
8	942
20	1215
0	445
0	267
0	0
294	2
14	980
0	980
20	869
11	295
13	413
0	15
5	2
3	850
150	251
0	262
15	318
0	600
94	1183
38	1183
4	1126
1	371
6	113
1	234
172	239
2	185
16	0
0	101
13	0
0	0
1	656
2	707
15	671
0	456
9	429
3	435
54	13
21	346
38	758
17	1703
0	98
2	526
0	56
13	1460
4	1456
9	85
0	571
0	0
654	495
32	493
4983	1499
5	271
6	1226
2	6
0	6
0	2
237	0
0	0
765	85
0	85
0	0
6	301
5	108
8	108
0	193
0	54
0	45
0	49
0	43
0	21
57	59
2	53
0	0
0	48
9	47
0	40
0	0
0	0
0	0
1	0
0	60
42	60
10	0
0	1
0	0
0	0
0	0
0	0
8	4
6	4
127	200
1	16
48	46
3	194
17	0
1	0
0	0
0	0
7	18
1	16
1	0
0	13
0	0
2	4
0	2
0	569
0	569
1	298
2	77
1	88
1	81
1	0
293	3032
1	3032
0	2762
32	215
15	402
25	136
309	11321
162	1068
0	3632
58	2642
4	11125
7	0
0	0
0	562
10	604
155	726
3	4420
1	477
9	1635
16	445
261	1249
8	59
0	198
1	290
0	87
14	2056
249	1776
0	3586
0	1976
109	3551
647	3571
140	1609
83	45
0	351
210	1
2	373
120	2000
3	1799
23	311
6	149
29	157
2	10
0	9
1	0
0	1
0	2
0	0
0	0
5	0
0	1192
345	1123
18	1074
4	16
3	1015
3	678
0	1246
0	202
34	1246
0	329
2	109
4	95
7	10
0	10
0	0
0	4
94	0
1740	2
168	0
0	0
0	0
47	0
20	143
2	107
1	147
0	1784
0	72
53	199
0	1558
1	1773
26	31
0	125
0	258
0	147
7	171
3	87
39	750
2609	2528
3	455
1	2135
6	0
18	0
9	3
0	3
0	0
0	2
0	2
0	2
0	0
5	7
11	8
52	7
1	14
0	14
55	0
3	0
0	0
0	0
0	0
85	0
1	48
0	0
1	0
0	0
0	0
0	0
0	0
0	0
0	0
0	0
0	0
0	0
0	0
0	0
0	0
0	0
0	0
0	0
0	0
0	0
0	0
0	0
0	0
0	0
0	0
0	0
19	51
0	51
0	0
0	0
0	0
0	0
32	74
0	78
128	426
0	427
1	143
26	133
0	89
10	1722
101	3
0	371
2	122
1	114
0	1473
13	0
12	3
0	2
1	7
1	5
0	3
0	0
2	2
2	12
8	9
0	9
0	5
0	5
52	40
0	36
0	0
1	1
3	7
0	6
0	1
0	0
0	0
39	199
0	199
130	46
28	28
37	2
0	0
0	47
0	0
0	163
3	189
22	105
2	61
2	30
0	14
0	8
7	15
38	92
0	223
0	223
0	213
0	211
0	117
67	135
0	27
30	56
0	23
0	0
0	1
31	78
9	23
1	0
0	0
0	2
0	2
0	0
0	2
0	0
0	0
0	0
0	0
0	0
0	0
0	0
0	0
0	0
0	0
0	0
0	0
0	0
0	0
0	0
0	0
0	0
0	0
0	0
0	0
0	0
0	0
0	0
521	0
0	0
0	0
0	0
0	0
0	0
0	0
0	0
0	0
0	0
40	7
0	2
0	1
0	2
0	4
0	0
1796	2
1	60
0	55
2	59
0	2
0	2
0	43
0	0
7	0
22	0
0	0
1523	1207
5	563
12	798
0	793
0	399
0	14
2	64
2	23
1	1
5	57
0	3
52	35
0	1570
0	1570
0	253
0	421
0	35
0	0
0	0
0	0
0	0
0	0
0	0
147	116
0	14
9	43
0	20
0	20
0	39
0	28
0	15
1	7
0	0
0	8
0	0
0	0
1	0
0	14
0	10
0	8
3	1
3	4
1	0
2	3
0	0
1	0
0	0
0	0
0	0
0	0
0	0
0	0
0	912
11	358
0	941
0	902
2	343
0	483
11	809
2	171
0	142
35	8
22	0
25	0
0	0
0	0
107	73
0	56
58	95
1	27
0	27
0	0
6	214
6	202
15	429
12	508
0	476
5	0
0	1
0	0
9	0
9	0
0	0
30	6
0	35
0	437
1	1206
11	1215
27	0
11	0
8	0
19	0
83	0
14	0
0	0
0	0
15	0
26	0
4	2
3	152
3	0
0	0
47	2011
0	362
39	1896
0	205
0	168
1	1966
0	0
132	1996
2	0
0	0
17	0
0	0
1	0
5	0
2	0
858	1826
24	1053
87	773
1	1
0	1
2	16
0	0
8	5
0	25
0	26
0	24
0	26
0	0
0	30
3	1373
1613	1398
0	186
0	23
0	0
0	0
0	0
2	2
52	0
74	48
405	48
1805	14
0	10833
4	715
0	160
6567	11232
6	756
91	1171
62	2371
133	174
40	0
0	0
0	0
0	0
119	12
0	12
9	348
559	1357
0	0
4	0
0	1009
0	0
127	463
1	347
0	343
0	91
7	4
27	116
13	19
0	6
565	449
0	148
0	53
6	206
6	77
0	0
1880	376
54	233
15	340
8	24
63	295
0	295
12	37
0	71
0	52
15	27
0	7
0	7
0	1
0	0
2195	1796
4	402
34	908
4	209
0	224
0	131
110	73
58	8
1	38
2	0
0	4
57	2572
3	3072
0	1138
0	2092
0	2167
0	2110
14	126
26	21
38	0
17	65
0	1234
147	161
85	19
1	1691
0	672
0	87
52	44
1	121
1	0
8	89
0	740
6	764
0	49
0	269
0	105
0	83
0	178
4	29
0	43
0	70
0	62
0	55
0	44
0	49
0	32
0	18
0	0
0	0
0	0
0	236
0	482
1	492
7	216
0	479
0	79
0	324
1	311
0	74
22	225
5	30
0	1
1	0
16	47
0	47
2163	70
284	70
359	0
64	0
194	0
1116	168
0	177
0	104
1	102
0	58
2	4
42	0
1	0
1	114
3079	500
0	34
0	0
3	74
12	4
1	185
2	72
2	134
3	440
0	388
3	172
5	0
1	415
4	156
1	48
17	43
0	261
11	0
0	0
2850	83
286	81
0	0
5	0
2360	11192
13	8952
1	6428
1	3208
49	3789
1	743
3	467
0	0
81	0
0	0
810	230
0	0
4	230
0	0
0	2
0	1
27	765
1	215
74	639
4	151
69	30
5	30
3	155
0	141
18	2953
2	339
0	2906
6	12
20	114
0	0
20	53
0	0
0	318
1	908
1	820
0	123
0	0
0	0
1	0
0	0
0	0
0	0
1609	308
0	0
0	35
32	207
72	66
31	0
4	149
84	1251
0	956
1	397
4	308
0	7159
0	7159
103	6939
3	3737
4	483
3	309
18	353
31	186
15	133
3	36
0	36
0	1469
0	0
0	0
1	0
0	0
0	0
0	0
0	0
0	0
0	0
0	0
0	0
0	0
0	0
7	0
0	0
0	0
0	0
0	0
0	0
0	0
0	0
683	2189
38	1615
0	251
4	113
0	281
0	248
0	76
1	1
0	0
7	0
926	1387
4	1279
0	1248
0	1316
0	325
9	213
2	801
6	803
0	883
1	803
1	172
37	0
0	70
5	180
96	2
70	0
7	113
41	0
102	0
42	0
0	0
6	684
719	716
126	39
1	0
15	584
0	0
0	0
0	0
563	445
9	445
0	322
1	2
0	2
584	1113
11	976
0	524
0	190
0	150
0	0
6	3
0	3
761	888
0	888
0	114
4524	3527
3	790
8	316
126	1497
69	2483
0	0
1	0
0	0
0	0
0	0
0	287
0	287
20	282
2	273
0	0
0	0
0	0
0	3
0	16
0	1
1	1
15	16
0	0
9	137
7	2
0	3
29	134
0	0
0	454
6	474
2	469
2	118
1	58
11	44
0	4
0	0
5	3050
0	2994
48	2016
19	64
4	211
1	220
18	41
3	200
3	147
35	21
210	923
0	10
0	695
0	145
0	209
1	821
12	153
9	157
6789	931
72	511
17	124
6	0
428	0
8	0
1	0
0	5
0	0
0	5
7	0
2	0
0	0
0	0
0	0
0	0
0	63
1	10
0	10
454	63
0	0
0	0
0	0
0	0
0	0
0	0
0	0
1	0
0	0
0	0
3	0
1	0
0	0
0	3
0	0
249	112
0	112
1	0
0	1
0	1
0	1
281	2291
0	899
11	880
6	864
9	529
1	562
3	1152
0	1016
0	0
1	793
205	458
1	0
1923	2
507	124
0	124
0	0
0	0
0	0
0	0
15	2722
282	2815
56	34
0	0
0	0
0	0
8	814
55	764
11	62
837	2611
10	478
21	2133
26	1606
7	0
0	0
0	0
137	608
4	0
1124	1306
14	1132
10	85
16	1032
2	297
0	1
10	1
180	3870
2126	3870
42	45
124	701
5	383
24	435
0	208
16	436
82	238
0	0
4	0
4	0
4	23
0	50
0	50
14	18
0	18
0	0
0	6
121	35
2	35
0	0
0	0
0	0
0	0
0	0
0	0
0	0
100	200
0	200
1	31
0	41
0	0
0	0
0	0
0	0
5	0
55	298
51	298
13	0
0	0
0	0
0	1
0	0
0	0
0	0
0	4
0	4
2	0
2	0
2	0
0	0
0	0
0	0
0	0
0	0
0	4
0	0
2	1
163	478
0	762
0	1110
44	1065
41	423
39	466
8	403
1	927
0	708
378	0
1	0
1	0
0	1
1	60
10	0
0	0
0	0
0	0
0	65
0	65
0	0
3	0
0	0
0	0
0	0
1	0
0	0
0	0
0	0
0	0
9	1139
8	1194
7	221
3	123
5	169
16	12
4	61
8	32
2	438
47	24
0	0
0	0
2	22
0	22
0	20
0	4
0	8
1	8
0	8
0	0
0	0
0	0
19	3
0	0
0	0
0	0
0	0
5	0
1645	631
0	27
2	604
28	3
5	15
0	1
6	0
1003	714
1	278
0	505
1	479
0	0
0	0
24	248
3	15
16	0
91	571
2	427
3	98
16	205
30	0
4205	2512
15	2371
28	1984
1	0
19	0
1	0
0	0
6	34
0	10
0	0
2	290
0	825
1	1228
1	1284
107	561
0	784
2	4
0	76
0	78
0	1964
11	336
0	2021
5	1603
2	1975
0	267
36	1666
4	117
1	279
9	112
0	216
3	213
0	12
0	0
0	0
1	0
1	541
39	659
0	645
0	475
6	0
25	56
0	1
0	1
0	0
0	0
1	120
0	111
0	108
3	117
27	56
13	2
1	0
0	19
0	9
1	34
1	34
179	34
0	0
2	3
2	24
1	20
0	1
3	12
0	0
0	0
128	1276
0	1276
1	275
0	0
8	44
44	44
6	0
3	0
631	0
293	0
3703	1069
1	46
0	1011
0	216
62	79
0	2
48	20
1	0
0	0
0	0
0	0
0	0
4	0
0	452
0	472
4	242
21	89
13	60
36	5
75	1632
143	635
0	1099
1	426
5	1448
6	125
10	0
0	6
2310	1370
9	54
17	1366
0	319
0	0
0	0
0	0
7	0
503	285
11	259
0	96
0	39
0	0
1	0
0	0
0	0
0	3
3	3
1261	72
0	70
6	13
0	13
0	13
1	13
0	1
16	1
2	0
9	75
181	90
0	0
49	15
16	500
0	0
5	741
0	752
11	701
0	138
1	319
0	110
6	258
0	255
168	0
180	0
1	2
239	48
0	40
0	25
0	0
214	5
4	5
0	77
0	77
0	46
0	65
44	67
0	65
11	13
14	0
0	4
0	11
3	0
0	0
0	0
0	0
0	0
0	0
4	187
0	187
0	18
0	0
13	0
1	0
6	71
0	71
0	20
0	25
1	9
0	0
1	0
0	0
0	0
0	49
2	392
1	378
9	24
7	23
0	24
0	21
0	6
8492	2379
81	1962
178	1096
8	675
2	417
0	579
0	115
1	674
0	20
25	586
0	47
9	58
0	64
0	69
0	77
0	13
0	40
0	7
0	3
9	38
1	0
0	39
0	11
0	7
0	7
1	6
0	0
0	0
1	8389
0	1193
0	0
10	116
0	105
1	117
0	59
0	4
4	2
0	34
5	0
79	0
0	0
6	0
0	0
263	8389
0	0
0	8388
0	541
0	2
2	2
0	0
0	1
1	0
0	0
0	0
63	0
0	0
0	0
0	0
11	234
2528	1056
111	61
80	0
54	0
114	0
1	0
2	70
2	689
0	0
0	0
0	0
80	1618
86	1618
23	174
54	2
0	216
20	0
22	76
345	140
0	0
409	2
225	0
30	792
0	0
274	667
136	21
0	0
0	0
18	3
0	19
8	8
62	0
41	0
233	1619
40	1362
226	5
171	1734
5	421
3	896
54	934
141	509
1	165
11	263
0	35
0	35
0	15
1	2
0	24
0	0
0	0
0	1
2	31
0	3
0	7
0	2
0	1
0	0
0	0
0	0
1	0
1	0
0	0
0	0
0	0
0	0
0	0
0	0
0	0
0	20
0	27
0	13
0	0
13	22
0	22
0	0
88	62
1	62
1	1358
0	265
25	250
2	838
1	149
0	0
0	858
0	1321
0	4
0	927
0	0
0	0
0	30
28	615
1	555
10	614
4	1
0	84
0	0
0	0
0	0
134	2260
18	2260
0	122
0	2260
0	2260
4	655
8	655
40	604
716	0
167	473
4	184
3	14
15	61
13	0
22	216
14	172
0	46
1	24
31	3
7	554
66	533
0	79
36	16
0	14
3	126
10	44
40	62
1	0
0	62
0	12
0	6
0	0
18	166
440	803
21	8
11	161
5	785
3	172
0	396
15	47
1	37
0	132
7224	4076
10	1222
3	0
61	0
0	0
0	0
0	0
5	2237
113	114
71	4
1	625
0	398
0	0
16	266
117	0
1140	405
13	405
0	0
299	37
0	35
262	67
3	66
16	1
7	137
0	137
0	28
0	8
0	0
0	0
0	1
0	0
0	5
0	3
0	3
0	3
0	3
0	6
0	6
0	9
0	3
0	5
0	5
0	6
0	6
0	6
0	6
0	6
0	6
0	6
0	6
0	5
0	6
0	6
0	6
0	6
0	6
0	6
0	5
0	5
0	4
0	1
0	0
28	10
0	11
0	5
0	5
0	13
0	12
0	4
0	2
0	1
0	45
8	421
324	421
0	0
171	211
8	245
0	43
0	48
0	16
1	62
0	0
0	37
2	224
0	210
0	39
4	30
0	0
4	1140
0	1304
57	1253
1	391
2	674
13	503
3	65
0	10
19	8
0	135
103	157
1	27
4	156
2	74
1804	2444
0	2445
0	2342
0	1374
1	1374
0	295
0	0
22	183
0	89
1	138
31	1993
2	1039
201	1993
1	5
4	14
1	14
65	6
0	5
992	347
53	347
66	42
10	140
0	1
362	2
0	0
0	0
1448	1008
10	127
8	97
2	833
37	596
0	0
0	0
2	84
45	84
0	0
0	0
3804	416
30	245
15	223
32	157
0	0
7	0
2	0
0	0
0	0
4	0
4	0
2	0
0	0
0	0
52	0
0	0
30	0
2	0
0	0
0	0
0	0
984	35
0	31
0	0
0	0
0	0
1	0
582	1755
106	1766
0	791
154	586
1	1362
29	202
0	25
1	170
0	184
0	123
16	2
86	10
0	0
2	0
0	0
0	0
0	0
1	0
0	0
0	0
0	0
0	0
0	0
0	0
0	0
0	0
0	0
0	0
0	0
0	0
0	0
0	0
0	19
0	11
0	23
6	23
0	0
0	8
0	15
0	0
726	304
4	304
0	0
0	0
0	0
0	0
3	2
0	2
0	2
0	0
0	0
0	0
0	0
0	0
0	0
0	0
0	0
0	0
2	1328
362	1818
51	248
0	1694
0	1666
1	224
1	818
5	146
0	0
2	0
2	0
870	1103
1	1099
0	0
0	0
157	0
0	0
0	0
0	0
0	0
0	329
0	51
0	0
0	0
0	0
0	0
0	0
0	0
0	0
0	0
0	0
0	0
0	0
1	13041
861	5817
177	11688
0	3705
20	69
44	0
12	1684
0	2034
24	2045
12	1931
4	326
3	272
0	0
34	1
0	0
4	7
2	6
0	6
9	292
4	286
0	12
3	11
869	0
0	0
0	42
0	7
0	12
1	10
104	255
9	7
0	4
0	4
0	5
0	7
0	7
0	4
0	6
0	10
5	8
0	12
1	9
1	243
1	243
6	8
0	3
0	3
3	9
0	0
0	38
7	13
0	0
0	0
803	280
0	280
0	0
882	813
35	792
3	788
1	517
50	0
0	0
0	140
24	1221
223	1381
6	344
0	369
0	318
0	251
1	538
1	462
32	88
1	149
0	95
90	0
0	0
601	477
0	334
30	477
9	305
183	85
77	128
0	49
0	0
1	0
0	0
0	0
0	0
13	2249
4	2533
15	2518
6	335
26	0
85	2
0	0
1	0
0	0
0	0
0	0
0	0
0	0
0	0
0	0
100	254
6	254
7	216
0	12
3	2944
20	3
1	0
0	0
82	881
0	729
7	200
0	415
2	73
0	0
0	48
0	0
0	0
0	0
1	0
0	0
0	0
41	5139
0	0
1	1
0	1
0	1
0	0
0	0
0	0
0	0
0	0
0	0
0	0
1	2
0	0
0	0
0	0
0	0
0	0
0	0
0	0
0	0
0	0
0	0
0	0
0	0
0	0
0	0
0	3
1	3
0	3
0	0
0	0
0	0
0	0
0	0
0	0
0	0
0	0
0	79
62	8
0	0
0	0
28	0
0	0
102	586
27	589
0	43
11	0
0	0
2	4
22	4
1	0
7	182
1500	1980
9	1972
6	52
195	803
8	794
2	0
0	342
0	137
26	47
7	579
0	497
27	651
1	657
0	123
0	649
111	270
2	101
6	101
4	0
7	76
7	2
1	1
0	1
0	1
0	1
0	1
0	0
0	0
2	305
0	194
2	77
0	4
1	69
161	155
6	0
0	0
0	0
5	2617
1	0
1	614
35	4
115	389
0	4145
70	135
2	58
0	1763
0	4305
133	374
1	286
10	180
1	0
1613	1252
1	1252
1	0
0	0
0	0
0	0
0	0
6318	6
0	0
1	1408
3	1391
91	1308
36	40
0	31
5	12
0	0
1	0
1	0
0	0
1	2
0	0
1	2
0	0
0	0
0	0
0	2
0	2
2	0
537	5899
72	515
3	279
0	143
7	5593
37	686
9	0
0	0
0	0
10	2
0	2
1	0
0	0
50	0
468	438
9	82
1	427
33	0
87	21
352	1580
0	1542
0	160
0	46
0	78
2	28
192	3309
34	3311
8	93
31	614
116	5
0	41
0	223
0	217
0	454
0	0
14	18
1	453
8	304
26	174
0	0
0	0
12	138
0	0
1	0
0	0
32	0
1	6033
0	4297
0	6212
91	151
0	4167
337	2
0	4371
434	4
50	2505
55	297
299	263
4	640
7	19
0	2
0	19
0	0
52	218
0	192
0	104
0	91
8	95
23	3
0	31
13	0
18	0
47	24
2	0
0	0
0	0
30	696
6	0
0	670
3	23
28	0
17	0
0	85
0	230
6	2
0	0
342	2330
3	2433
27	1658
82	128
0	0
104	1
0	0
0	0
0	0
0	0
0	0
0	0
16	1993
0	135
0	748
7	448
96	1967
2	908
0	221
0	0
22	301
7	158
9	134
0	0
0	0
0	0
0	0
0	0
0	0
0	0
0	1
0	0
0	0
0	0
1	0
0	0
0	0
0	0
0	0
1	5599
0	2
0	0
0	230
0	5629
0	218
0	5635
15	5593
33	5994
0	300
5	776
0	1749
23	767
5	0
0	1
0	0
0	2
24	1
0	1
0	0
0	0
0	153
0	158
6	1
0	0
22	52
0	56
0	17
3	5
23	193
0	2
0	51
0	166
0	152
0	2
2	2
0	0
22	1
33	2
0	0
0	0
18	4
1	0
4	4
0	0
9	2
0	30
0	24
1	2
0	0
0	0
157	10
0	10
414	602
1	498
13	106
6	123
0	4
0	0
0	0
0	1
49	0
332	573
46	573
0	0
28	57
1	56
1	39
1	0
0	3
0	0
1	1
0	1
0	0
0	0
0	0
55	7083
577	14762
164	2279
3	13120
0	11471
0	1396
2	7544
0	1
3	848
0	0
20	238
0	0
22	332
0	332
2	41
0	19
1	0
1	91
7	0
12	0
0	0
0	0
0	0
0	0
0	0
0	0
0	0
0	0
0	0
0	0
0	0
0	0
0	0
0	0
0	0
0	0
0	0
0	0
0	0
0	0
7	0
35	114
7	3286
36	3410
2	217
1	0
219	8
0	8
1	0
1	0
5	0
3	0
3	0
0	0
11	0
207	1188
21	1188
0	16
324	617
3	593
2	472
0	428
26	24
47	227
4	33
1	103
3	109
0	24
0	16
5	57
0	20
0	21
20	1685
11	544
45	1046
0	1714
0	477
5	177
0	80
1	128
0	1097
1	25
0	0
0	0
61	0
0	0
1	0
1	0
0	0
0	0
0	0
0	0
54	950
1	970
6	198
110	600
0	0
0	0
4	143
2	43
1	0
5	37
0	3
5	0
0	4417
1	4431
2	1806
5	384
0	4348
0	1806
0	0
9	181
6	301
2	3777
8	2185
0	959
29	91
102	1265
249	6
0	120
1	6
2	465
21	386
1	266
58	159
0	0
0	0
0	0
0	0
0	0
4	0
0	0
0	0
0	0
0	0
0	0
0	80
0	2
1	116
4	118
0	26
0	15
0	0
0	0
5	203
0	1
0	1
0	2
0	2
0	1
0	0
9	577
0	323
2	594
1	426
0	24
20	0
47	111
0	0
0	0
0	0
0	0
0	0
0	0
2	0
0	0
0	0
0	303
309	1495
145	12
0	69
0	1179
0	0
0	0
38	107
863	2252
4	742
1	1441
3	69
11	823
0	0
0	0
2	560
0	0
2	151
0	0
0	11
48	0
0	0
0	0
0	0
0	0
0	0
3	239
0	0
465	4924
172	4915
3	4758
114	3158
23	2967
246	104
0	2810
132	541
0	0
16	0
1	594
37	8
0	8
2	13
1	1
0	8
0	13
0	0
0	0
2	0
0	0
0	0
0	0
0	0
0	0
0	0
0	0
0	0
0	0
0	0
0	0
6	184
0	0
36	31
0	1
0	5
0	13
0	18
0	22
39	157
0	151
2	140
1	0
70	0
17	851
2	192
313	883
0	223
20	1540
1	1570
15	1304
0	1066
0	560
4	418
0	0
212	0
16	0
0	0
0	0
0	0
0	0
0	71
351	71
42	0
0	0
0	0
26	613
0	109
0	234
0	0
0	0
0	0
2	9
0	0
0	0
6	41
53	41
0	0
0	0
0	0
1	0
5	0
52	323
0	265
8	47
14	86
1	55
21	10
815	0
80	394
0	244
2	200
1	172
64	0
49	53
0	52
23	701
14	355
0	717
2	333
0	256
0	228
9	151
0	395
0	426
0	0
0	27
3	112
26	0
6	0
18	14
58	0
12	0
0	0
0	0
0	0
0	0
0	0
0	0
0	0
1	45
1	39
26	191
0	56
20	36
0	144
0	0
0	114
16	0
0	42
4	41
0	25
0	26
0	20
0	0
4	0
2	0
0	0
1	0
836	0
19	0
8	1
0	0
19	7
0	5
0	0
1	6
1	0
3	0
1	0
0	2
0	0
1	0
4	0
0	1
0	0
0	0
0	2
2	2
0	0
0	2
0	2
0	2
0	0
0	0
1	0
0	0
0	0
0	0
0	0
0	0
0	0
0	0
0	0
0	0
4	26
0	12
8	0
6	14
5	14
1	0
0	0
0	0
0	0
0	0
1	59
0	0
0	0
0	0
0	0
7	0
1	463
0	396
0	394
94	560
2	533
0	508
145	20
0	105
17	78
0	0
0	0
1	1
0	0
123	24
0	24
0	0
494	554
0	278
6	203
8	0
0	0
0	0
0	0
0	0
248	2
6	0
412	253
0	174
0	3
0	81
10	0
4	0
0	0
0	0
0	0
1645	2
0	20
47	0
11	10
2	10
535	35
0	35
6	561
23	577
5	416
7	109
1	0
1	127
963	2555
7	22
2	2631
6	1223
0	0
0	0
0	0
0	0
0	0
0	0
0	0
0	0
21	2416
0	0
0	0
0	0
0	0
0	18
0	20
9	11
0	19
0	3
0	0
0	0
669	1459
90	877
7	683
6	226
0	0
2962	18
2	2
0	2
1	2
0	1
0	0
0	0
0	0
0	0
0	0
0	0
0	0
0	0
0	0
0	0
0	0
0	0
0	0
0	0
21	364
1962	1405
29	1083
49	884
15	1172
13	30
4	87
0	22
0	20
0	18
0	20
0	20
0	20
0	13
0	18
0	10
16	4
0	13
11	94
3	13
7	84
1	55
9	57
4	0
3	0
18	11
0	0
0	0
0	99
2	648
54	629
1	525
2	8
0	0
0	499
0	499
2	485
2	40
2	0
1	0
0	3
0	3
4	3
793	271
1	74
0	74
0	3
1	18
0	18
0	8
0	2
1	14
7	18
4	1
0	3
5	270
9	212
0	1
4	19
14	0
16	3
64	18
21	8
8	4106
32	4051
0	4073
0	0
1	0
6	1780
59	386
18	30
9	222
17	204
0	204
0	3
11	0
6	2
0	2
0	0
0	2
0	2
0	2
0	0
4	52
0	49
15	8
0	2
0	6
0	0
0	0
4	2
0	2
0	0
1	0
1	0
1140	499
0	129
40	370
0	0
13	83
0	0
4	0
24	0
22	467
7	503
0	187
2	239
0	183
0	96
371	387
14	387
0	220
0	212
1	155
2	86
0	528
2	528
0	0
1	0
0	5413
0	5413
0	5413
4	1750
0	811
15	589
0	0
0	696
2	0
0	0
0	1819
0	1288
4	1735
0	1294
0	0
0	0
0	0
0	0
68	12
0	8
2	15
7	4
8	11
0	11
3	6
53	0
349	402
27	82
10	330
57	325
34	95
0	0
1	59
3	59
0	0
0	0
2	0
0	0
0	0
1073	0
0	0
2	0
0	0
0	0
0	0
0	0
0	0
43	636
0	609
122	340
14	3
23	27
6	1279
0	1260
63	697
0	1168
1	1127
5	10
15	98
5	2
23	12
11	82
34	756
13	16
5	117
26	548
3	932
3	833
2	98
15	224
3	169
0	318
7	219
15	16
2	12
0	4
6268	1601
107	511
0	1166
12	184
0	0
0	2
0	2
4	4
0	1
3	0
0	1
0	0
0	0
0	0
0	0
0	1
1	0
0	2
0	0
0	0
0	145
0	141
1	152
0	118
0	144
0	123
1	45
2	4
1	38
0	15
8	5
0	0
0	0
14	0
150	819
89	0
30	819
0	0
0	41
7	26
0	45
0	18
0	33
4	0
5	12
0	11
0	0
1	146
3875	2113
0	1999
3	1649
0	152
27	440
0	0
0	484
9	641
4	615
0	119
8	0
0	0
0	0
0	410
352	1725
1	1524
0	0
0	0
0	0
0	0
0	0
0	135
0	136
674	251
63	203
3	0
11	0
756	2684
16	2758
104	1040
0	434
1	438
0	0
12	1851
0	4
2	42
1	1814
0	0
0	0
0	0
2	0
3	0
2	0
0	51
9	778
75	77
100	745
127	14
5	0
0	0
0	0
1	12
0	0
0	9
0	9
82	324
158	400
8	253
2	287
5	97
2	0
71	0
0	0
0	96
25	0
0	0
26	460
0	460
0	31
0	25
1	0
1	57
0	52
414	67
3	67
9	0
116	0
0	0
6875	2776
4	2772
0	0
5	0
0	0
0	0
0	0
0	0
0	0
0	0
0	0
0	0
0	0
1	0
0	0
0	0
0	0
0	0
0	0
0	0
0	0
92	231
11	50
48	181
0	71
7	24
159	221
1	221
8	0
5	0
56	4695
0	4600
13	0
1	104
0	0
0	0
0	0
0	1
0	1
1233	73
1	73
0	0
9	0
69	222
7	222
0	128
0	32
0	0
0	0
0	0
19	0
2	3
0	3
1	0
0	0
5	0
2	0
0	0
0	0
0	0
0	0
0	33
0	0
0	0
0	0
0	0
0	0
2714	0
0	0
0	2
0	0
0	0
0	0
6	3
0	3
0	0
359	12
0	12
1	0
0	0
0	0
0	0
332	517
1	36
0	34
3	0
0	95
72	2
0	284
0	289
180	236
1	2
1	2
0	0
0	0
0	0
0	0
0	0
1	115
36	864
0	0
0	0
0	0
0	0
0	0
0	0
0	0
0	0
0	0
0	0
0	0
0	0
0	0
0	0
0	0
1	0
0	0
0	0
0	0
0	0
0	0
0	0
3	0
0	0
0	0
0	0
0	0
0	0
0	0
0	0
5	58
15	10
0	52
0	51
0	9
0	48
0	0
0	47
1	0
0	16
3	0
1	0
0	3
3	0
2	26
2	0
3	0
1	0
0	0
9	0
0	0
0	0
3	0
2	0
1	0
1	0
4	0
13	62
0	0
1	0
0	0
0	0
3344	1637
2	741
39	376
79	63
17	180
0	305
6	0
89	27
2	99
22	0
0	325
3	0
0	0
2	0
1	0
0	0
0	6
0	0
0	198
0	91
0	182
0	165
0	75
0	92
0	75
2	219
1	142
0	164
1	51
0	70
4	170
0	89
0	194
2	25
0	1
0	1
0	123
0	240
0	228
0	219
2	261
0	223
0	172
0	155
2	13
8	287
0	171
0	136
1	153
23	112
0	0
8	0
4	0
1	0
0	0
4	0
0	0
0	0
0	0
0	0
8	16
0	37
1	23
0	27
0	20
0	0
0	0
0	0
0	0
0	0
0	0
0	0
1	0
0	0
0	0
0	1
0	1
0	1
0	1
0	0
0	0
13	597
50	78
11	529
6	71
0	1371
43	1367
5	1279
22	78
30	20
259	345
0	0
59	0
0	0
0	0
0	0
2612	149
10	149
2	0
0	0
0	0
0	0
1	0
0	0
0	94
0	86
0	0
0	0
74	0
12	0
0	0
5	0
0	0
0	0
0	0
0	0
0	0
263	288
0	247
0	280
0	4
0	0
17	1
0	83
0	191
0	240
46	268
0	66
0	60
26	9
28	9
3	152
0	0
0	0
0	2
0	0
2	0
0	0
0	0
0	591
0	273
0	591
11	240
0	8
0	0
40	6
7	0
0	244
144	350
8	74
6	6
0	294
0	80
89	249
0	26
247	283
25	0
2	46
0	1
0	6
1	11
0	26
0	17
1	40
0	1
0	0
0	20
0	24
0	16
0	0
1369	2805
0	2674
0	2394
7	2096
24	756
88	1113
32	1062
60	1062
0	0
2	0
0	0
0	0
0	0
0	0
0	0
0	0
0	0
389	520
12	520
8	0
65	4
1	4
20	5
1	107
94	2344
129	43
0	38
0	0
0	7
0	2
0	23
0	2310
0	0
1	0
13	3
0	3
0	0
0	0
0	0
0	0
0	0
0	0
1	0
0	0
0	0
0	0
48	191
25	415
21	390
0	114
65	8
63	186
4437	1090
1	734
0	472
189	395
0	423
0	0
0	44
2	43
1	7
4	1
0	3
0	6
0	9
0	9
0	37
0	9
0	5
0	0
14	8
0	8
5	407
4476	1716
3	1696
0	0
0	0
0	0
0	0
0	0
1	0
0	0
41	3941
0	182
5	3719
0	3703
3	139
0	43
105	23
0	202
0	373
10	820
91	5375
0	0
16	5375
2	1269
0	1191
10	213
2	130
95	872
9764	1204
5	1085
93	0
65	0
4	0
31	0
1	0
0	0
0	0
0	0
0	1
0	0
0	16
46	25
0	9
0	0
0	9
0	8
3	540
259	542
38	204
0	0
5	0
3965	2
171	1231
0	1126
1	1334
1	90
2	2
0	2
10	0
0	0
2378	787
7	764
138	19
93	45
1	38
0	0
0	0
0	2573
216	599
2	2347
0	1859
1	2318
0	728
89	522
3	0
3	1
24	1
4	251
0	0
3	49
0	0
20	47
1	172
0	18
25	1249
0	709
44	1267
9	605
0	1070
2707	2
252	1165
26	1174
0	283
0	390
11	360
23	429
11	0
80	37
21	201
0	690
9	652
9	4652
6072	18883
0	17372
0	0
4	38
1	38
0	12
0	0
0	21943
38	20872
0	20853
2	20863
1	21286
0	5
0	5
0	5
0	5
0	5
0	1
0	1
0	5
0	5
0	0
32	1620
0	1642
0	58
1	48
4	212
0	97
0	463
0	0
0	0
0	0
2	2
0	2
0	2
0	1
0	0
0	0
175	433
0	328
0	191
5	46
2	36
126	2678
11	2616
0	1558
127	0
0	0
0	0
9	0
0	0
0	0
0	0
0	0
1	79
482	79
0	3457
5	3441
12	3325
7	289
3	49
0	454
0	88
1	101
4	57
0	0
5	8
0	0
0	0
0	0
0	0
0	0
0	0
0	0
0	0
0	0
35	58
0	56
0	0
0	0
1	16
584	59
4	17
0	40
0	0
20	0
0	0
2879	706
0	706
130	0
3	8
0	8
426	0
0	0
0	0
0	0
0	0
0	0
16	0
0	0
0	0
3	0
3414	362
50	161
4	89
4	201
0	0
27	512
2908	1406
4	322
7	1295
1	213
11	0
0	221
12	202
4	48
413	130
0	70
0	10
2	66
6	163
1	42
10	140
168	162
0	0
0	132
2	23
225	0
0	0
0	11
0	26
0	60
3	91
0	91
6	91
0	62
0	0
0	0
0	0
12	153
33	267
0	254
3	269
3	252
0	252
5	32
0	63
2	64
5	74
0	5
3	7
0	5
0	6
0	2
2366	734
9	544
16	460
55	0
0	0
225	0
479	0
310	5040
0	4846
0	4846
0	4141
1	706
0	846
8	634
0	58
70	408
0	0
0	0
0	0
0	0
0	0
0	0
0	0
0	0
0	0
0	0
0	0
0	4
4	5
0	1
12	1
0	0
0	0
0	1
76	620
3	620
2	116
6	121
0	0
0	4
0	4
1	2238
2	1838
51	2301
1	196
7	390
0	387
0	276
0	4
0	1
0	0
4	299
0	85
0	802
2	686
0	504
0	149
3	93
2	37
1	87
0	0
3861	237
7	86
9	223
3	0
14	362
95	2023
3	1806
129	230
36	96
178	280
12	245
203	17
0	7
18	7
0	0
0	0
0	0
0	0
191	3023
5	3079
1	434
15	746
2	267
190	304
0	0
0	0
36	53
56	932
0	99
6	238
0	414
2	330
49	0
0	268
5	269
1	13
0	1
1	1
2	38
6	0
0	1
0	1
0	1
0	1
0	0
0	0
626	181
10	7
0	180
0	0
5	0
0	12
0	259
0	223
5	8
14	158
1	104
0	104
6	22
0	218
239	251
12	285
0	171
0	132
0	9
3	0
16	19
3	348
23	323
2	216
15	54
40	61
6	72
1	35
128	93
2	57
4	0
0	0
2	3
0	3
3	59
0	59
0	1
5	7
0	0
0	0
0	0
0	0
14	7
0	7
0	0
14	102
162	368
8	1990
11	1955
73	519
10	217
154	0
36	0
0	227
8	218
0	0
3	72
23	5
1	277
0	1056
7	969
0	1056
1	822
0	1006
17	81
14	83
0	0
0	65
27	187
6	178
0	0
0	0
0	69
13	69
0	66
9	1
2	1
2	0
10	39
0	4
2	35
0	1
0	0
0	0
0	0
0	0
0	0
0	0
0	0
0	0
0	0
0	0
0	0
0	0
0	0
0	0
0	0
0	0
0	0
0	0
0	0
0	0
0	0
0	0
0	0
2	0
13	0
0	0
16	0
0	0
0	0
1682	2204
1	2198
0	0
12	0
30	14
2	221
7	47
10	1536
0	5016
5	4901
170	235
112	219
3	5042
1	252
28	20
0	0
7	1064
162	517
243	323
0	98
0	0
0	0
0	0
0	0
1	0
0	6
0	8
4	50
0	2
0	50
0	1
0	46
1676	2
0	0
0	0
0	0
7	0
2	0
0	0
2	0
0	0
0	0
0	0
0	0
1	59
0	45
0	2
0	14
0	0
0	30
0	30
0	14
0	30
0	22
0	0
0	0
0	0
1049	1096
0	1095
20	744
119	222
0	0
0	0
6	18
0	18
0	0
0	0
1	11
54	34
0	29
0	0
0	0
0	0
0	0
0	0
0	26
0	310
38	0
0	587
14	215
0	278
1	33
0	23
0	587
0	267
1	24
0	39
0	46
1	0
0	0
88	954
0	872
1	130
1	225
0	409
0	131
1	233
0	0
17	0
8	1884
4	0
0	0
10	17
20	209
246	2403
4	171
0	2180
0	1996
0	2152
10	126
0	1241
0	1984
0	1221
0	1989
4	1978
0	1995
0	0
40	2
0	1786
15	1266
0	105
5	59
0	162
7	124
0	1614
0	307
0	106
3	139
0	1647
0	2110
0	1651
0	1808
0	1807
8	1632
1	951
0	1801
2	1545
0	1206
6	420
84	394
0	22
0	885
13	142
3	701
0	805
0	15
0	198
3035	133
17	50
4	132
4	100
0	0
0	1
0	1
0	0
0	1
142	78
0	75
0	0
1	0
0	0
0	0
18	34
0	218
10	81
0	231
4	214
0	94
0	216
0	0
0	0
3	7
0	6
0	2
1	3
1	2
0	0
0	0
0	0
0	0
0	0
0	0
0	0
0	0
0	0
0	0
0	0
0	0
0	0
0	0
0	0
0	0
523	436
0	439
0	464
26	177
17	0
0	0
0	0
0	0
0	0
0	0
0	0
0	0
0	0
0	0
0	0
613	404
0	284
0	395
1	355
0	181
252	62
12	44
100	18
2	0
0	0
0	0
1059	0
4218	2586
35	620
61	1993
0	2304
7	71
0	19
3	0
0	0
0	0
0	0
0	0
0	0
0	0
0	0
0	0
0	0
0	0
1	154
0	0
0	0
0	0
0	0
0	0
0	0
3	472
0	0
480	465
152	554
26	551
13	107
9	205
0	107
0	0
0	0
0	0
0	0
0	0
1	7
1	3
1	3
0	0
0	0
1	0
0	0
0	0
0	0
3	0
0	0
0	24
0	15
0	19
0	20
0	22
0	20
0	21
0	22
0	22
0	22
0	22
0	22
0	21
0	19
0	9
0	7
0	17
0	7
0	8
0	8
0	13
0	2
0	19
0	18
12	21
0	12
0	17
0	18
0	15
0	15
0	15
1	1
0	11
0	0
0	0
0	1
3	3
0	0
0	0
0	0
0	1
0	1
0	1
0	1
0	1
12	138
0	14
0	138
0	1
0	1
0	0
1	7
2	40
0	7
0	39
16	17
0	6
0	7
0	47
0	10
1653	521
2	52
26	469
11	142
24	14
5	3821
135	231
10	4807
0	193
0	4807
191	140
0	0
0	267
41	6
0	6
1	3
0	1
0	0
3	455
0	0
0	24
165	74
0	51
19	23
1	96
0	23
0	0
0	0
0	0
46	2988
2	2873
2	387
0	501
25	270
0	163
4	248
4	175
5	49
207	178
12	141
0	128
0	8
109	8
0	1
0	5
0	1
0	9
0	10
0	22
0	21
0	5
0	50
0	8
0	5
0	1
0	17
0	15
0	2
0	42
0	14
0	12
0	5
0	12
1	360
84	339
0	55
14	163
2	224
0	53
0	0
0	41
0	0
0	0
0	409
1	390
0	377
0	287
2113	765
10	78
3	24
11	128
11	80
0	140
50	430
0	159
8	173
2	113
6	67
0	21
82	45
0	1
0	209
135	211
0	249
479	469
0	198
0	238
27	74
0	78
19	130
247	209
10	209
0	111
0	0
0	0
39	465
0	463
1	256
59	112
3	259
1	94
38	157
9	2
948	306
3	306
0	0
0	34
1	32
0	5
0	20
0	1
0	2
0	13
1	1
70	1214
1	837
155	891
47	1210
0	578
0	22
0	37
3	238
102	238
0	56
7	43
0	42
24	2285
0	1824
6	1092
0	2
0	2
0	0
0	0
0	0
2	1
0	0
0	1
0	0
0	0
1	0
778	0
0	0
1	0
0	0
0	0
0	0
7	486
0	507
0	438
3	449
0	0
5	264
5	50
0	44
7	83
0	84
84	0
2	39
41	2187
12	1183
0	2253
0	2191
1	207
0	142
0	0
18	632
2	1942
0	2920
38	99
6	2854
0	153
11	1
2	66
0	0
0	0
2	332
1	1
0	0
0	0
247	10
19	8
1683	291
0	48
9	88
0	12
0	118
5	34
1	50
63	411
0	1161
70	1186
2	81
4	0
0	0
38	660
0	87
2	1
0	1
0	0
0	0
0	0
0	0
1249	5752
259	5752
180	5752
0	0
9070	1269
5	1269
2	0
0	154
0	115
0	131
14	141
0	53
0	23
0	48
1	52
0	11
0	0
1	0
0	0
0	0
0	64
0	12
1	262
4	266
23	100
0	10
1	62
0	16
0	16
573	4360
6	4435
75	4236
1	342
2	452
0	0
3	0
193	1297
133	1166
1	256
0	254
19	2
8	129
0	705
0	690
0	702
4	695
0	689
0	682
0	153
0	157
86	22
0	11
8	24
0	5
0	10
0	0
536	275
0	275
1	204
92	404
1	13
1	47
0	344
0	402
3777	1839
34	416
4	206
0	626
1	1072
0	114
0	1260
0	339
17	972
63	362
77	2302
0	263
1	1060
1	353
0	805
32	2144
0	100
9	958
10	1
992	159
1	80
0	78
1	2
7	98
0	0
0	4
0	0
1	4
0	0
0	0
0	0
0	0
0	0
0	0
0	0
0	0
0	0
0	0
0	0
0	0
0	0
0	0
0	0
0	0
0	0
0	0
0	0
0	0
0	0
0	0
0	0
0	0
0	0
0	0
0	0
0	0
0	0
0	0
0	4
0	2
0	1
0	2
230	0
5	102
0	95
6	48
6	40
0	0
0	0
6	10
0	46
0	9
0	7
0	8
2	0
4	225
5	207
0	251
1	60
19	224
0	9
0	53
0	0
3234	1128
5	271
0	562
0	362
10	42
1	589
0	509
79	29
0	1
0	1
0	2
0	0
2	1
0	1
0	1
0	1
0	1
0	2
0	1
0	1
0	1
0	2
0	0
1	0
0	0
0	8
0	8
0	8
3	1
0	7
0	7
0	7
10	573
45	148
2	129
21	476
0	0
264	688
19	445
0	250
0	55
0	202
796	0
3130	1436
25	378
1	285
209	658
2	260
1	3
0	21
1	21
16	0
242	1581
8	1533
0	1596
0	1601
0	1602
0	828
2	201
9	217
2	205
0	187
0	179
9	95
5	73
1	4
3	0
0	0
0	0
0	0
0	0
0	0
0	0
0	0
1	27
2	2980
109	3204
7	51
3	766
3	1127
2	340
19	84
0	0
13	133
1027	0
0	0
0	0
1514	2
0	0
2	0
0	0
0	0
0	0
0	0
0	0
0	0
0	0
0	0
0	0
0	0
0	0
1	39
12	125
2	1028
9	872
0	31
26	534
0	1039
0	938
2	525
0	510
16	17
0	162
327	0
0	0
0	0
0	0
0	0
0	0
0	0
0	4
0	0
0	2
0	0
8	87
0	87
0	0
0	2
2	2
10	2
0	2
0	0
0	0
0	0
0	0
0	0
0	0
0	0
0	0
0	0
0	0
0	0
0	0
0	0
0	0
0	0
0	0
0	0
0	0
0	0
0	0
964	108
4	95
19	75
26	2
0	0
0	0
0	0
0	0
0	0
0	0
0	0
0	0
0	0
0	0
8	0
0	0
0	0
0	0
0	0
0	0
28	3551
202	3567
1	3436
5	1248
7	664
0	0
0	730
44	751
0	303
0	175
50	134
3	5
2	53
13	72
0	66
5	75
1	19
2	4
0	0
0	0
0	0
28	34
2	34
45	119
61	124
1	22
53	0
1	0
28	45
6	45
20	356
0	356
4	23
3	1
15	1066
20	307
0	1058
8	483
0	397
21	822
0	147
5	24
0	215
1	208
0	120
19	2
0	2
0	0
65	10625
59	8899
0	2546
30	5664
2	10083
13	3106
11	154
0	154
3	781
0	226
0	810
0	64
0	838
0	768
1	21
3	86
4	767
0	62
0	61
0	71
1	15
0	0
1	0
0	0
121	517
3	480
15	178
61	174
2	7
1	167
0	3
0	3
0	1
0	1
28	608
3	562
58	92
2	0
1	19
2	59
11	49
0	60
0	120
189	11736
32	11733
38	11684
42	3426
3	1021
6	644
2	101
4	101
3	6680
24	1379
2	6485
12	4816
2	1163
4	3721
13	74
0	70
7	327
1	5491
0	265
0	241
0	1571
3	1081
1	33
33	556
48	3601
0	0
0	0
0	61
0	67
0	66
0	3
0	13
0	13
0	9
0	6
0	1
0	3
0	3
0	3
0	2
0	2
1	0
0	0
0	0
0	0
0	0
94	758
40	746
3	114
1	264
0	119
0	142
0	53
0	0
1096	2372
0	2370
15	617
0	0
1	342
0	295
0	163
274	32
0	0
7	74
5	78
3	23
65	797
0	776
3	786
0	83
0	250
771	352
13	103
17	10
2	118
4	154
0	3
0	3
0	0
60	1008
4	1162
119	2207
53	1904
2	125
0	0
1085	538
0	536
45	2220
35	2198
0	2218
1	580
4	568
3	567
2	522
7	413
4	245
51	568
100	802
10	633
0	547
1	1665
332	2540
0	726
4	2536
6	1850
5	123
1	301
292	2328
0	2323
78	2112
20	1005
7	987
42	583
113	334
0	144
175	202
126	1807
1	2149
4	1509
5	250
2	783
6	105
0	1498
25	316
2	560
0	251
0	255
0	265
0	274
11	7
1	38
3	37
0	19
2	2
0	22
0	0
1	21
0	0
4	0
1	0
3	3
10	4221
20	4218
9	2668
10	2516
45	2509
3	416
4	276
2	71
19	258
0	71
0	101
315	323
15	264
4	12
6	255
10	135
33	7
226	0
36	0
5	1113
158	1066
5	239
5	1096
0	20
106	475
0	99
0	677
0	69
0	141
0	87
21	1244
10	52
0	1240
0	189
0	1074
25	241
10	45
0	34
1	30
0	3
6	445
3	1747
18	1193
39	1540
6	427
0	0
48	270
0	0
15	66
2672	5949
16	5948
1	137
3	4
2	2
0	3
0	4
0	137
962	0
1	39
0	38
1	41
0	20
0	19
0	17
0	176
0	191
0	176
0	191
0	176
3	70
0	62
2	5
0	199
18	171
4	116
0	139
0	63
0	9
0	0
0	0
0	0
0	0
0	0
0	0
0	0
566	316
5	316
0	0
25	659
24	889
5	924
13	519
5	472
2	222
0	1255
785	1258
13	1259
0	2332
0	2395
0	2244
0	2332
0	2282
0	2219
0	1974
5	2217
0	2319
0	1293
1	1392
0	296
13	70
1	21
0	0
0	0
0	0
0	2
0	2
0	0
11	274
588	497
5	352
0	253
0	227
3	47
13	85
4	82
831	2
150	1044
4	1044
0	508
0	45
7	0
0	215
7	136
9	1092
1	94
0	60
3	20
1	28
8	468
0	5
0	1285
0	1285
5	232
0	0
7	53
41	3256
117	2557
0	87
222	2066
5	380
0	295
3	468
1	287
0	1018
3	1018
9	516
0	220
14	219
151	6678
0	6588
0	303
26	122
0	34
1002	53
0	53
0	52
3	0
1	45
6	8
0	55
14	211
14	165
4	114
1	32
0	81
3	239
3	36
0	36
3	44
0	51
3561	1513
19	181
5	384
214	151
2	288
63	191
0	507
159	936
0	724
3	4
0	0
0	626
5	93
0	301
27	22
4	289
50	468
0	237
6	472
9	260
26	29
2	129
1	35
6	21
216	271
0	275
0	65
4	48
5	0
0	2
0	2
0	1
0	0
5	5945
176	3280
1	2332
1	5961
7	2227
467	2199
45	2092
0	0
2	0
0	0
19	214
11	338
0	308
0	187
0	304
0	214
0	150
2	32
8	44
4	22
14	814
10	65
6	324
1	0
12	795
1	121
0	803
0	16
0	106
0	60
0	6
0	2
0	6
255	948
0	665
3	313
12	229
5	1935
0	1935
6	618
11	3
513	299
5	222
17	195
0	44
0	46
0	46
0	44
0	6
0	0
0	0
8	1
0	1
0	0
0	0
37	1033
16	1030
0	997
2	9
0	3
23	1714
0	1776
13	362
10	280
3	497
7	289
19	225
1100	617
39	113
1	173
3	386
24	118
58	29
1	29
5	13
2	0
0	0
0	0
360	2372
0	2589
8	2092
0	645
17	13
0	451
37	34
9	419
33	0
29	500
2267	2117
16	2037
0	19
5	1566
20	2061
385	433
5	93
0	216
0	10
25	151
68501	8889
0	0
40	3415
50	5425
1	0
1	642
19	493
2	418
0	411
0	568
0	186
0	325
1	185
0	523
1	51
16	61
23	0
0	10
9	10
0	0
0	52
5	52
0	7
0	7
1	121
1	7
27	20
30	120
0	26
7	6
3	63
0	63
0	64
5	45
0	64
6	53
0	18
0	10
0	63
0	56
0	23
715	239
11	239
3	803
1	0
0	803
2	114
1	134
3	61
10	129
5	121
4	79
0	0
17	52
7	96
133	6597
12	6275
17	338
10	764
28	564
23	23
14	2060
0	1125
3	309
0	1932
2	2012
0	0
0	210
0	178
1	94
31	23
8	43
887	220
0	220
3	148
4	75
1	75
74	0
2	1115
0	1062
61	1041
27	1163
6	1120
0	348
0	866
2	496
2	433
18	13
0	29
2	98
1	11
1040	47
0	47
23	4
0	6
0	3
2	5
218	1049
2	866
124	676
0	473
14	174
2	0
324	496
8	310
18	419
2	162
1	52
5	325
0	0
1	109
1	16
0	10
297	1558
2	1561
14	650
498	989
2	951
0	1040
0	72
0	91
10	486
0	486
1	0
0	0
0	52
0	52
1	32
0	0
0	23
1	7
0	4
1	3
0	3
0	0
36	1870
4	1799
2	469
1	94
0	340
0	368
4	252
12	26
0	131
37	0
1	22
10	33
0	12
0	0
0	0
0	0
3512	1148
41	1079
6	69
10	185
195	6185
3	6006
1	312
0	4
60	5110
9	793
11	15
0	2748
37	2244
0	0
0	113
0	0
0	11
20	76
0	101
0	92
0	111
0	9
1	75
1	29
0	7
0	13
1	25
0	5
0	17
19	1
0	87
0	81
0	24
0	62
0	88
2	76
0	15
0	12
1	9
0	17
0	23
2	12
0	10
0	11
0	0
0	36
0	29
0	29
20	36
18	266
109	279
11	77
13	45
0	0
0	1
1	166
0	1
21	96
0	11
6	202
0	3
0	11
1	12
0	30
15	84
1	48
2	0
15	328
0	126
0	0
0	2
0	427
4	78
1	7
0	0
0	302
9	75
2	16
30	347
0	65
15	44
0	0
0	328
0	2
0	126
0	2
39	386
2	7
0	0
3	16
14	353
0	65
0	0
0	2
4	1
0	0
50	0
10	0
31	204
3	207
0	0
0	173
4	196
15	90
101	108
91	108
0	108
80	0
40	0
0	0
3	0
9	224
15	224
0	0
0	0
0	0
0	11
0	17
1	15
87	53
4	31
1	10
0	0
0	0
0	0
8	161
5	74
17	96
3	61
5	44
3	22
15	1684
13	1711
16	38
0	350
4	208
0	355
0	212
2	64
5	96
0	384
15	81
20	17
0	3
1	0
0	14
0	5
0	0
1	0
0	63
299	315
1	129
343	175
344	632
51	572
1	17
0	67
9	37
1	111
11	4
0	0
0	0
0	0
0	0
14	5980
3	0
2	0
33	5976
41	4113
19	17
0	649
10	6091
115	1122
85	0
12	614
4	1
739	0
1	0
0	0
0	0
546	87
0	8
0	77
7	46
0	8
0	0
1	0
5103	58
20	56
0	54
0	2
0	4
0	26
1	5
0	3
15	1880
502	1880
0	162
0	174
1012	3402
26	535
0	1103
20	141
19	1266
0	896
879	2114
2	817
26	158
1	446
2	343
13	309
45	180
0	59
2	0
77	15
15	2
2	13
0	0
0	0
0	0
0	0
0	0
0	0
0	0
4	1
419	18
0	18
12	0
0	0
0	0
0	0
2	0
0	0
293	1662
0	1662
0	0
559	370
12	339
8	35
0	0
58	0
1239	533
2	503
0	204
0	83
3	13
0	0
0	0
0	0
0	18
0	1
0	18
29	960
1	201
0	989
0	849
56	433
2	1
1	1
693	139
6	139
147	29
0	29
2	27
0	20
363	52
0	24
1	28
0	1
0	0
0	0
0	0
0	0
9	89
0	0
1	468
0	202
0	314
1	1
15	57
4	207
0	202
6	2
0	0
0	0
0	0
0	0
0	0
0	0
0	0
0	0
0	0
0	0
0	0
0	0
0	0
2	93
0	0
13	0
548	461
1	461
0	270
2	203
0	1641
1	1572
63	1624
0	245
10	82
18	494
0	159
420	32
0	26
4375	498
26	498
0	0
4	0
0	0
2	0
0	0
27	567
0	338
4	37
3	387
2	452
6	337
0	0
6	42
10	49
0	3
7	46
0	0
0	0
12	42
7589	497
176	462
8	462
2	27
43	47
0	47
0	0
0	0
0	0
0	0
0	0
0	0
1	0
0	0
0	0
0	0
0	0
0	0
0	0
0	0
0	0
0	0
0	0
0	0
0	0
0	0
2	0
3	0
4	113
0	3
10	47
0	111
2	88
0	5
44	11390
4070	11778
12	0
0	4825
11	1740
1	345
0	43
9	38
0	17
0	17
1	22
0	4
0	14
0	1
0	241
704	246
0	29
3	0
8	36
0	35
0	2
0	0
0	0
0	0
0	1
0	0
0	0
0	0
0	0
0	0
0	0
0	0
0	0
0	0
0	0
0	0
0	0
6	0
0	0
0	0
0	0
0	0
0	0
0	0
0	0
0	0
0	94
694	224
0	203
0	80
0	38
15	47
0	89
0	56
0	0
0	0
0	0
0	0
0	0
262	77
1	65
0	69
2	42
5	0
0	0
21	280
20	15
4	289
2	26
0	0
2	29
3	2
25	562
0	116
14	471
3	268
81	18
0	118
1	72
1	75
1	0
0	0
0	185
18	185
0	0
0	214
0	197
3	2000
27	2099
3	193
3	573
1	80
0	0
0	0
1	44
0	245
0	0
0	0
0	0
649	1305
0	1096
0	1910
0	2185
18	1253
8	441
12	441
0	39
0	1
0	39
0	39
5	13
0	10
0	21
0	0
0	0
0	0
0	0
0	0
1	13
0	12
0	2
10	2
0	0
0	0
0	0
19	5
0	5
0	347
3865	1281
3	878
3096	623
10	187
2	256
0	211
3	152
3	16
2	28
9949	2
0	43
0	47
0	44
0	42
0	3
0	1
0	22
0	8
1	9
0	8
0	3
0	0
26	637
0	641
0	175
0	44
0	10
0	4
1	8
0	3
47	766
0	797
23	724
0	2
2	2
0	2
262	2191
2	1252
0	2119
8	143
1	379
68	255
76	138
9	0
130	51
0	35
1	20
0	31
0	2
0	1
664	2118
27	215
0	763
134	1485
14	35
7	366
3	153
0	236
0	0
0	19
0	1
1	9
0	6
0	0
0	0
2	0
2	43
0	0
3	15
0	3
0	7
0	16
0	9
0	7
0	12
0	14
0	14
0	2
0	2
0	0
0	13
0	19
0	12
0	13
3	0
0	0
0	0
0	0
0	0
0	0
1	0
0	9
0	15
1	15
0	1
0	1
4	0
0	15
0	2
0	2627
0	70
0	2641
0	2069
1	80
5	16
0	0
70	350
0	434
79	230
461	175
1	17
24	45
0	128
0	157
278	12630
3	10121
0	10156
31	11259
34	6487
2	2573
34	3853
8	0
1475	674
1126	3257
19	2839
27	2398
33	2212
47	2456
0	838
84	521
392	864
84	2325
121	2321
11	277
42	75
0	5
0	0
0	0
0	0
0	0
0	0
0	0
0	0
0	0
0	0
0	2
0	0
0	0
0	0
0	0
0	2
0	0
0	0
2	3
2	3
0	1
0	0
0	0
0	0
0	1
0	0
0	0
0	0
3	0
0	0
0	0
0	0
0	0
2	0
0	0
0	2
0	0
0	0
0	0
0	0
0	0
0	0
0	0
0	0
0	0
608	653
0	0
7	648
9	79
0	0
0	34
162	8
0	22
0	22
0	0
0	0
0	0
0	2
0	0
0	7
0	0
0	6
0	3
0	0
0	0
0	0
6	298
748	640
0	0
0	37
0	6
5	535
0	1
580	584
4	512
1	402
13	143
4	0
1	0
0	0
0	0
1906	1570
16	349
0	584
110	584
21	224
21	436
30	435
31	194
3	3
0	3
0	0
0	1
4	0
0	0
0	0
0	0
0	0
0	0
655	0
0	0
0	0
0	48
314	48
1	0
0	0
0	0
12	118
0	0
2	2
4	2
239	4827
7	2208
1	4512
3	3891
3	4092
0	960
24	81
0	370
2	329
0	988
0	1011
36	1189
10	737
68	525
0	0
0	1
0	0
0	0
1	0
0	0
0	0
0	34
353	1187
0	0
0	1175
14	640
66	660
0	74
25	304
0	158
2	167
314	34
0	34
0	0
48	0
2784	111
0	28
0	0
75	0
2	83
161	334
0	334
14	284
0	0
5	1136
11	1703
0	1621
4	370
1	0
1	1
2	216
0	0
0	0
1777	2342
4	360
29	61
1	2326
1	0
2	1942
64	2328
0	0
0	0
0	0
331	0
1	0
104	903
63	437
69	174
0	466
0	0
190	21
0	0
2	0
1	6
0	2
0	13
2	0
0	0
0	0
0	0
2	0
1	0
0	0
3	133
4	133
0	98
39	28
5	28
55	0
1	0
12	32
1	0
0	0
0	0
90	191
15	55
1	13
2	84
0	912
0	917
53	923
2	219
5	276
0	112
0	114
0	111
0	85
2	0
1	0
0	0
0	0
0	0
0	653
0	958
8	1042
6	316
101	312
571	1794
20	345
6	1420
1	363
0	974
0	135
13036	6
0	0
0	0
0	0
0	0
0	0
0	0
0	0
0	0
0	0
0	0
19	21
0	21
8	179
41	179
0	0
2	0
0	4
0	4
0	4
0	0
3	0
0	0
61	46
0	1237
77	1308
2333	1320
10	319
0	0
0	0
0	0
0	0
0	2
0	2
15	0
2	0
0	0
0	0
0	0
0	0
0	0
7746	1430
12	1428
0	0
0	0
0	0
0	0
0	0
0	0
0	0
0	0
0	0
0	0
0	0
0	0
407	11248
222	11787
11	1074
0	5
134	7036
1750	0
0	0
0	0
0	5
0	5
0	0
0	0
0	0
0	0
0	0
0	0
0	0
0	0
0	0
0	0
0	0
0	0
0	0
0	0
0	0
102	1183
4058	4836
0	2209
169	166
136	18
132	620
5	491
0	1600
3	1036
0	1495
4	2
1	0
199	0
0	648
2	358
0	378
97	632
2	380
6084	380
7	0
1	139
0	93
0	0
0	15
0	2
1	2
0	0
0	0
1	0
271	2728
0	2398
25	330
0	816
0	0
0	0
0	0
0	0
0	2
3	1
1	0
0	1
11	0
0	0
0	0
0	0
0	0
2	0
0	0
0	0
0	0
8	0
1	3
0	0
0	0
0	0
4276	2334
0	212
13	399
0	278
70	1233
1	1374
6	0
0	0
0	0
0	0
1	0
0	0
1	0
0	0
0	0
0	0
0	0
0	0
0	0
0	0
0	0
0	0
0	0
0	0
0	0
0	0
0	0
0	0
0	0
0	0
926	625
7	604
33	67
13	51
3	2
25	1172
25	1172
0	1172
7	3
5	6
13	79
2	83
0	328
0	168
62	46
79	157
0	127
0	81
0	52
15	0
6	30
0	22
0	35
0	0
0	0
0	0
0	0
0	0
0	0
0	0
0	0
0	0
0	0
0	0
0	0
0	0
0	0
0	0
2	0
0	2195
0	178
0	0
0	14
0	51
0	0
0	0
0	272
0	2195
0	0
0	0
0	0
0	0
0	0
0	2195
0	0
23	60
202	2051
2	0
1	0
1	2
0	0
15	0
436	344
32	54
0	290
0	0
0	1
0	1
0	1
0	1
0	1
0	0
0	0
0	0
0	0
0	0
0	0
0	0
0	0
0	0
0	0
0	2
0	0
0	1
0	0
0	1
0	1
2	2
0	49
1	7
0	49
1	1
0	0
0	0
3	0
0	0
0	0
0	0
0	0
0	0
0	0
0	0
0	0
0	0
0	0
0	0
0	0
0	0
0	0
0	0
0	0
0	0
0	0
0	0
0	0
0	0
0	0
0	0
0	0
0	0
0	0
0	0
0	0
0	0
0	0
0	0
0	0
0	0
0	0
0	0
0	921
156	2532
0	292
2	220
95	1615
0	0
0	0
63	0
33	146
267	154
0	154
207	0
0	0
238	0
0	4
94	4
22	279
3	279
0	0
7	0
2	55
5	4
83	467
209	475
0	122
0	0
0	0
0	1
0	0
0	0
0	0
0	0
0	0
0	0
0	78
1	22
3	79
0	0
0	0
0	0
0	19
133	70
0	0
0	73
3	0
8	0
17	8
0	0
0	0
0	0
1	0
32	31
0	35
12	23
0	0
0	0
0	0
0	0
7	0
0	0
36	0
0	0
0	0
130	5899
65	6203
58	6932
41	177
73	87
349	6489
53	211
0	417
729	325
0	325
6	0
0	0
0	0
0	1
3	1
0	0
0	392
1	394
2	23
2	46
3	0
0	0
2	11
0	4
5	0
0	0
0	0
0	0
0	0
0	0
4	125
0	149
0	68
3	65
0	1
0	2
0	6
12	24
1	0
0	0
0	0
2	0
0	0
0	0
0	1
1	1
0	0
0	7
7	21
8	43
43	91
1	85
0	9
0	4
0	12
0	5
0	0
0	0
0	0
0	0
0	0
0	0
0	0
51	3003
23	1618
5	78
1	824
1	295
9	910
0	2397
42	1017
61	993
10	789
38	3
16	34
8	63
5	213
2	153
1	158
5	81
0	0
21	1550
0	0
0	0
943	1208
21	146
20	1164
19	0
1	5
8	687
7	170
8	170
0	0
63	2166
22	1924
0	2177
5	1967
1596	2119
187	0
10	268
33	98
17	25
0	25
1001	3
3	0
4	1
0	0
7	0
0	0
4	0
0	0
0	0
0	0
0	0
0	0
0	0
0	0
0	0
0	0
101	1258
22	65
2	1197
0	340
0	240
1	240
0	41
0	13
1	1
0	0
0	0
0	0
0	0
0	3
0	0
0	0
0	0
1	1
0	1
0	1
0	0
3	10
0	34
0	26
0	3
0	26
0	0
0	0
0	0
0	0
4863	148
0	136
1	0
0	0
0	0
6	0
0	0
0	0
0	0
0	0
0	0
0	0
0	0
0	0
0	0
0	15
0	15
3	4
0	0
0	4
0	0
0	0
0	0
0	0
0	0
0	0
0	0
447	818
0	741
16	25
0	75
0	0
0	39
2475	37
56	37
8	0
4	327
1	1000
2	1073
31	1053
4	990
1	152
0	173
1	35
1	36
1	29
289	621
4	612
20	21
2957	658
311	0
5	658
79	21
38	0
406	425
0	351
0	309
3	29
0	21
94	192
12	133
0	47
2	0
1	208
0	0
3	2448
95	9298
205	9267
462	9237
6	796
7	29
0	0
0	0
0	0
0	767
0	761
11	771
25	615
0	85
1	22
7	500
0	2168
12	0
1172	2113
0	0
10	2
0	0
0	2
0	0
8	1
0	0
0	0
0	0
0	0
1	2069
0	1989
9	2100
0	2273
0	1807
2	1731
0	1213
18	129
0	610
0	309
0	440
1	108
0	458
1	388
2	48
0	0
0	5
0	259
0	260
0	115
0	89
0	0
0	0
7	106
0	106
1	36
0	3
0	0
0	0
0	0
0	0
1	0
182	922
226	922
6	145
0	224
2	38
0	2
3	2
35	0
0	0
0	0
0	0
0	0
0	0
1	3
1	0
0	0
0	0
4203	4177
4	996
10	748
16	2093
26	1056
0	893
6	653
1424	86
60	74
0	36
13	30
0	0
0	0
0	0
0	729
114	729
0	210
0	0
0	0
1	0
0	0
7166	57
9588	57
2333	2198
18	2032
68	2039
2	381
535	1810
6	53
230	802
4	81
0	0
0	0
0	0
0	0
0	0
0	0
0	0
0	0
0	0
0	0
0	0
9	13
0	87
1489	1124
0	0
0	1036
3	1794
1	1718
2	1597
149	936
20	431
0	194
1	97
10	17
16	22
489	123
2	69
0	626
1	679
0	637
0	85
5	134
1	184
0	62
3	19
0	0
4189	124
1	122
0	0
0	0
0	0
0	0
0	0
0	3
6	174
0	139
26	29
0	33
0	160
5	116
1	30
0	38
1	4
0	0
0	0
0	0
0	42
0	95
0	95
0	42
0	0
0	0
0	0
0	42
0	42
0	113
0	35
0	65
0	113
1	0
0	0
0	0
0	0
0	0
0	0
0	0
25	0
3	0
0	0
4251	331
0	316
2	0
0	15
0	0
0	0
2	0
2	0
21	0
0	0
0	0
0	0
0	0
4150	1013
8	95
0	441
1	477
0	0
0	0
0	0
0	0
0	0
0	0
0	0
0	0
0	23
0	36
0	22
5	0
6	0
2	0
0	0
1	0
0	5
0	5
0	36
0	0
0	37
0	35
0	13
0	23
0	23
0	22
0	22
0	0
0	0
0	31
0	20
2	13
0	22
0	17
0	8
308	643
15	175
1	617
5	187
0	171
0	153
1	10
1	66
0	0
17	16
1	16
3	55
0	4
276	960
25	365
3	504
0	221
4	43
0	537
96	1046
6	537
8	1014
0	0
0	0
0	0
11	371
0	371
0	3
2	3
0	0
0	0
87	0
0	0
76	38
0	0
0	0
0	0
0	0
0	0
0	0
0	0
0	0
0	0
2985	384
0	372
2	210
0	0
21	0
10	0
180	1234
0	1234
0	9
0	0
0	0
21	7050
0	6261
3	4783
32	0
199	0
25	0
65	0
73	0
732	392
0	307
1	40
97	52
17	7
0	1
0	0
12	0
509	4064
65	31
1	217
8	224
8	268
5	87
114	168
0	160
11	165
40	3399
0	0
3087	300
11	294
11	0
0	0
0	0
6	1
6	1
0	0
29	1743
4	1658
13	70
14	280
0	17
21	68
0	151
1	2520
172	2520
0	287
0	300
5	144
0	0
0	5
0	11
2	12
0	7
0	0
10	133
2	133
0	22
2	897
49	898
1	212
2	5
137	4
7	111
0	0
0	0
0	0
114	531
0	531
1	14
7	113
3	242
1	20
2	0
0	3
0	0
0	0
0	0
74	0
9	0
22	0
0	0
70	412
43	514
1117	610
0	1
0	0
3	160
0	0
0	0
8	0
0	172
0	44
0	144
49	0
0	0
0	0
312	5006
1	3191
0	5002
1	221
19	4600
62	35
3	623
0	313
231	607
59	80
5	0
22	1237
383	3066
0	3101
0	1361
13	8
3	1616
2	2106
61	1046
61	591
0	693
251	612
0	105
5	0
11	0
0	0
2	23
0	23
0	23
0	21
0	0
5	0
0	0
0	0
0	0
0	0
0	0
0	0
0	0
0	0
0	0
277	142
0	137
5	142
0	140
3	17
0	0
4	0
0	0
0	0
37	91
13	562
26	937
535	1392
3	0
122	407
0	502
0	0
0	0
0	0
0	0
0	0
0	0
0	0
0	0
0	0
0	0
0	0
4	38
39	38
19	38
0	0
4	0
0	0
1131	7126
46	71
0	0
0	884
3	7076
0	8
204	1235
17	17
1	33
5	1235
0	106
43	408
0	160
1	200
4	199
22	221
3	104
9	0
1	2
90	200
43	27
3	142
0	135
0	2
0	2
0	0
338	0
80	3488
2	1079
2	1830
0	1635
113	3078
4	772
38	1908
27	829
1	676
1538	406
14	124
0	95
5	216
1	32
12	9
12	9
6	133
0	163
2	163
160	3555
335	3557
0	473
0	0
0	0
1	395
1	320
0	145
4	166
0	143
1	18
0	18
0	18
3	4
0	5
0	2
12	385
33	741
33	729
0	797
0	770
2	613
7	96
6	12
1	123
0	228
0	134
0	17
0	806
1	703
142	672
0	31
1	109
5	7
0	2
8	2
2368	226
99	226
254	352
6	352
0	52
264	193
2934	836
10	84
19	463
7	503
1	89
7	380
6	515
3	530
0	42
0	65
4	40
0	0
0	3
0	3
123	169
5	165
48	4
0	0
17	1424
0	1363
0	165
10	1349
0	134
8	80
0	0
3	105
5	111
0	111
21	81
129	21
1	0
8	10
0	2
0	11
2	5
0	0
0	0
0	27
0	1317
2	15
0	1316
0	1356
0	0
1	35
6	1206
0	1048
1	90
0	904
6	841
0	1296
0	1316
0	2
5	19
0	851
0	98
9	25
2	62
1	71
1	295
0	4
0	1
0	5
3	0
5	0
0	2
0	13
5	13
8	592
24	613
1	97
1	39
8	196
0	49
11	40
3	0
15085	6285
0	610
3	50
15	79
0	759
6	276
0	44
12	4517
9	3875
0	0
14	1305
0	0
2724	908
0	393
2	44
4	166
7	303
50	420
5	420
0	0
0	10
1	8
0	0
6	2
0	183
0	2
0	0
12	100
455	189
9884	2192
18	2192
0	0
0	0
0	0
0	0
961	0
197	0
232	57
1	1800
5	128
44	196
46	2015
29	683
392	67
200	701
0	53
2	62
41	14
17	0
0	1
0	0
0	4
0	4
0	2
0	2
0	0
0	39
0	0
0	0
0	27
0	27
0	27
0	27
0	27
0	2
0	27
0	410
31	425
44	348
2	25
4	113
2096	8472
137	8451
1422	3886
4	3693
6	208
36	0
13796	24873
14	2880
0	0
210	3618
0	0
0	0
106	14911
10	6942
125	2246
50	1989
0	8240
7	3455
139	1035
0	4424
0	4393
54	410
0	4448
0	1280
0	4441
0	4411
6	1248
1	670
0	717
21	423
11	0
4	0
2	110
0	0
0	63
0	1
0	61
0	0
0	61
0	61
1	3
11	0
1	1
0	10
0	52
0	28
446	0
0	0
0	373
4	364
6	336
1	118
1	32
0	355
0	364
0	5
0	1
0	7
0	7
1	32
0	196
1	5
0	17
0	2
2	2
0	3
0	3
25	103
33	1365
0	1364
1	76
18	5
4	1
5	561
5	143
22	18
3	18
0	0
1	980
58	884
0	988
64	96
0	941
0	89
13	912
147	1528
5	1317
8	211
4	524
3	70
12708	58
267	53
0	0
4	262
1	243
2	266
0	7
15	47
2	18
13	8
101	819
1114	924
0	0
0	0
0	0
0	105
0	0
43	684
0	689
22	206
0	139
26	102
17	472
49	463
0	407
3	186
0	184
8	183
0	0
0	109
5	51
0	42
156	707
5	891
21	1160
8	492
0	0
0	0
2	213
9	3405
24	3291
133	2898
3	397
24	267
35	18957
3	9563
0	16645
1	16243
635	14874
501	4619
83	14853
49	13525
1	9964
5	3783
6	3714
6	8724
0	10287
7	5066
3	1414
15	2
0	2
135	3019
0	1874
0	0
1	2116
97	184
0	2165
0	0
0	0
0	0
508	192
4	127
50	87
1	3
180	12536
47	12360
182	12400
1	11970
16	10645
1	11796
31	55
0	0
6	2375
38	2375
0	0
13	217
13122	4
0	0
1	0
0	1
29	7366
261	8066
51	1532
0	47
0	47
0	47
0	18
0	32
1	19
0	1
0	0
0	1
0	0
0	1
1205	0
11	1
3336	621
67	612
1	649
60	627
1	680
4	377
64	199
4	117
23	83
0	2
2	1
29	2
299	3064
6	3064
97	5
33	336
10	334
3	336
10	823
0	0
4	634
267	652
1	18
36	211
45	210
6	92
2	286
16	3122
19	1866
0	2436
6	3056
6	479
16	124
1	235
252	1231
5	1231
2	724
50	669
7	792
1	646
2	110
13	534
1491	4
1	3170
0	3170
1	1646
237	3047
120	362
2	1010
14	34
1	9
8	1
0	19
22	26
0	227
2	19
16	256
179	433
1	255
11	26
3	111
14	830
49	830
16	129
0	0
63	1
0	133
1001	0
6	0
1	0
0	0
0	0
0	0
0	0
0	0
0	0
0	0
0	0
0	0
0	0
0	0
0	0
0	0
0	0
0	0
0	0
0	0
0	0
0	0
0	0
0	0
0	0
0	0
0	0
0	0
0	0
0	0
0	0
0	0
0	0
0	0
0	0
0	0
0	0
0	0
0	0
0	0
0	0
0	0
0	0
0	0
0	0
16	0
0	0
0	0
0	0
0	0
0	0
0	0
0	0
0	0
0	0
0	0
0	0
0	0
0	0
0	0
0	0
0	0
0	0
0	0
0	0
0	0
0	0
0	0
0	0
0	0
0	0
0	0
0	0
0	0
0	0
0	0
0	0
0	0
0	0
0	0
0	0
0	0
0	0
0	0
0	0
0	0
0	0
0	0
0	0
0	0
0	0
0	0
0	0
0	0
0	0
0	0
0	0
0	0
0	0
0	0
0	0
0	0
0	0
0	0
0	0
0	0
0	0
0	0
0	0
0	0
0	0
0	0
0	0
0	0
0	0
0	0
0	0
0	0
0	0
0	0
0	0
0	0
0	0
0	0
0	0
0	0
0	0
0	0
0	0
0	0
0	0
0	0
0	0
0	0
0	0
0	2
0	2
0	2
0	2
0	2
0	2
0	0
0	0
0	0
0	0
0	0
0	0
0	0
0	0
0	0
0	0
0	0
0	0
0	0
0	0
0	0
0	0
0	0
0	0
0	0
0	0
0	0
0	0
0	0
0	0
0	0
0	0
0	0
0	0
2	0
0	7
17	3
0	1
3	4
3	87
0	0
0	0
0	0
1	0
12	143
0	0
0	0
1	0
2	0
2	0
4	0
0	0
0	0
1	3
28	201
35	181
22	320
41	126
0	518
0	556
0	586
2	494
68	156
0	436
1	558
0	297
0	477
0	364
2	254
0	415
1	0
0	18
15	20
43	12
0	15
0	13
0	13
2	140
0	31
2	62
0	14
6	0
2	0
1	1095
72	255
0	1149
2	29
23	220
1	1147
15	1114
0	730
0	5
16	89
2	119
14	76
0	24
509	1284
1	506
5	340
0	202
27	439
0	81
20	4
0	369
0	49
0	355
59	570
5	883
0	850
7	838
1	281
2	10
4	29
3	10
5	0
15	0
245	216
0	30
0	126
15	93
2	119
0	64
3	78
0	74
0	56
0	71
0	3228
0	3631
0	3778
21	3424
279	3757
76	95
100	363
0	240
23	0
2	354
31	0
3	127
0	19
4	6
48	940
3	940
0	120
1	6
0	5
74	6
0	3
0	4
22	0
0	0
5	165
8	75
15	116
5	853
8	578
0	646
0	579
4	523
82	270
14	604
9	294
425	656
43	2114
0	5032
200	5107
0	5290
1	5377
0	5248
116	366
19	0
539	7
0	215
0	199
2	7
0	24
0	1
0	0
2	4
286	5847
0	5973
0	5635
426	2356
0	45
1	1058
0	717
0	83
0	110
0	0
0	10
439	4
166	1707
0	1740
0	205
0	0
4	137
4	8
9	38
0	0
0	28
0	40
0	22
0	3
0	2
0	9
0	0
0	0
13	0
0	342
206	344
0	616
27	616
0	1831
1	1833
0	1831
2	1833
50	1831
2	1831
47	1831
4	0
1	4
0	1512
144	1512
2	184
0	421
9	647
83	647
0	647
0	2
0	0
0	0
0	0
0	1
0	14
1	14
0	1
0	1
0	0
0	0
0	0
0	0
0	0
134	0
1	0
38	51
0	31
0	44
1	3
0	74
0	0
0	7
2	0
460	82
0	82
1	14
37	41
0	0
2	366
15	480
0	480
0	44
0	24
0	6
1599	463
8	390
0	106
18	73
0	226
0	540
0	540
2	0
19	24
0	76
61	0
0	0
0	3
14	3
2	60
1	0
1	60
0	0
0	0
0	0
0	0
0	0
0	0
0	0
0	0
0	0
1	4126
144	2363
4	4065
69	3966
1	2852
2	2570
15	181
0	2
0	2
0	0
0	0
0	0
144	1127
913	1127
1185	1417
206	1537
1	721
189	133
0	73
5	67
0	0
1188	1602
68	1382
44	218
6	1382
11	1006
8	1051
0	181
7	324
0	226
0	131
3	178
0	60
3	38
251	794
2	728
2	157
0	164
5	165
0	90
0	0
6	906
171	906
5	30
0	155
3	276
4	116
14	0
50	0
0	3164
245	3163
0	112
0	276
2	146
0	2875
4	355
6	364
0	0
0	0
7	252
20	463
0	728
6	0
1	0
1	1434
0	1347
17	1168
0	337
129	56
33	5009
2	4698
2	4243
15	790
33	293
265	732
1	422
184	779
0	694
46	2283
73	939
114	380
0	54
3	245
0	29
1	14
4	61
1	212
0	39
3	50
0	205
0	80
3	193
3	117
1	230
0	214
0	84
11	28
0	2
1	35
5	10
2053	77
84	75
0	0
0	0
739	1099
299	1016
9	136
0	0
2	0
2571	3191
0	2859
173	566
60	1469
71	1579
1212	0
0	0
0	0
0	0
0	0
0	0
0	0
0	1
0	0
46	703
5	700
0	333
1	161
0	65
14	1799
0	1796
0	1800
23	1682
3	1679
0	75
217	48
0	45
15	73
0	0
1	26
197	2101
20	1710
256	2084
3	0
0	0
0	182
29	182
12	12
11	17
0	4
16	6
397	1225
0	1225
10	109
202	390
0	135
0	238
0	98
0	73
371	2
0	16
0	8
6	16
0	0
0	0
2514	246
29	246
0	497
2	387
0	467
2	500
0	177
7	187
0	162
11	184
2	164
0	142
0	162
0	51
0	0
0	8
12	4
342	1739
3	1436
5	1386
98	300
8	41
4	0
4	0
3	0
0	1
537	279
21	80
2	223
19	53
1179	378
23	378
0	0
0	243
344	7612
58	340
17	7427
15	7322
11	553
17	264
186	7242
5	1136
9	1136
5	1136
10	1004
6	900
7	141
0	0
1520	21992
2	3151
3	18597
11	11219
231	18667
1	18032
633	762
11	762
0	0
0	0
0	0
13373	10
0	0
1	1
1	1
0	0
12	240
0	197
2	5
38	99
0	11
2	17
0	1
21	73
11	80
47	85
50	97
0	38
0	0
27	669
5	46
0	0
1	580
0	62
35	0
0	207
0	581
11	46
256	46
0	23
0	45
0	944
7	944
0	1004
1	911
17	37
13	116
24	96
0	0
6	95
0	48
1	13
0	181
9	167
0	130
0	0
0	0
0	0
101	43
0	40
0	3
0	0
13	125
1	125
0	0
0	0
0	0
1	0
1	11
0	0
0	0
0	0
655	536
1	536
0	0
8	0
790	261
17	261
0	0
0	0
0	0
0	0
0	0
0	15
45	9020
0	9040
10	9040
29	475
11	123
217	108
0	0
0	8
0	8
0	3
0	0
0	350
1	392
25	160
11	45
3	32
0	15
0	22
2	22
35	0
10	685
11	690
0	343
0	744
0	347
6	0
0	232
0	98
2	256
5	44
3	0
70	2
0	2
0	0
0	6
0	0
0	0
3	3
0	3
0	3
0	0
0	0
4	0
0	0
0	0
0	5
0	0
0	3
0	3
0	0
0	0
0	0
0	0
0	0
0	4
0	162
19	162
0	24
0	43
0	0
0	24
0	3
4	456
0	433
1	451
2	413
0	22
0	2547
255	2547
1	1020
0	2556
2	183
3	50
0	924
5	887
0	0
13	203
2	251
0	0
4	1056
52	1109
0	383
0	37
0	14
52	23
0	66
4	38
1	21
0	0
0	0
0	961
24	2065
0	2153
39	2115
0	2054
0	1729
0	161
2	97
129	533
8	0
0	0
1	0
0	163
0	0
0	0
0	37
0	0
0	0
0	0
0	0
0	0
0	0
0	0
0	0
1	2
0	0
0	0
0	0
0	0
0	0
0	5
0	0
0	3
0	2
0	5
0	0
36	953
3	709
0	946
18	693
7	337
0	640
2	33
5	38
2	20
2	0
0	0
0	0
52	1241
1747	1362
1	105
18	0
0	96
3	121
16	33
0	30
0	29
0	19
1	5
0	9
4	0
4	9
17	9
25	381
1	381
0	1
0	0
3	22
22	8
89	21
0	58
2129	288
2	526
10	260
791	33
2	33
316	238
29	102
7	217
774	385
9	275
12	0
0	0
0	0
0	0
544	2
17	0
4	0
0	0
0	0
0	0
1	0
0	0
3	0
1	0
0	0
0	0
0	0
0	0
0	0
0	0
13	0
1	1
0	1
7	736
0	565
0	667
0	704
0	351
3	640
2	218
53	19
42	0
75	327
18	0
0	0
0	0
26	291
1	0
0	0
0	0
0	0
0	7
0	0
0	0
10	125
0	0
0	0
306	601
73	599
0	74
6940	1811
95	1735
15	151
0	0
0	0
0	0
12	6419
0	5436
35	374
0	3054
0	6184
22	412
530	424
4	428
34	407
10	73
0	0
5	1167
0	1167
1	4693
0	17
12	17
10	1991
0	0
75	1974
0	501
22	4085
50	4356
1	2974
0	3476
10	244
3	579
79	544
20	212
0	60
0	0
1947	252
24	237
0	81
7	30
0	0
0	0
0	0
0	0
25	223
0	1747
140	626
32	0
42	1674
0	0
0	0
0	0
88	3753
112	3753
0	0
0	2608
3	201
0	0
9	0
15	343
32	103
164	754
404	3207
140	3207
0	406
12	249
0	0
2	0
0	0
0	0
0	0
0	0
0	0
5	6233
0	6238
0	6238
10	75
4	1562
6	1704
0	0
2	28
89	131
22	58
1	6
1	49
1	29
0	0
0	0
0	0
0	0
0	0
0	0
0	664
0	688
0	686
1	71
24	199
2	4
0	14
0	0
0	0
0	0
31	0
1	0
0	0
4	0
5	0
4	1
0	1
1	0
0	1914
55	1702
13	1625
0	414
0	0
0	0
15	0
0	0
190	803
5	277
20	609
9	481
2	220
2	315
207	381
0	381
0	243
719	4969
9	393
95	2660
0	836
0	4350
0	454
22	459
38	95
10	334
0	19
3	125
5	131
0	130
0	130
10	96
22	55
1	74
0	0
7	0
0	0
0	0
3	5090
0	4886
0	4236
78	1559
26	5189
1	46
0	480
36	8950
0	8950
150	116
355	1990
14	120
0	27
17	401
0	0
7	87
25	899
10	983
0	887
3	136
17	124
19	35
3	217
6	218
0	0
0	0
0	0
0	0
0	0
0	3
0	3
0	3
0	0
2	0
9	0
1	635
23	1045
0	1096
1	1050
1	919
1	162
2	245
0	0
0	24
943	137
1	71
2	66
14	0
0	753
0	463
60	773
20	75
0	79
3	127
0	126
638	2
0	0
374	378
32	93
0	273
10	283
0	0
0	0
0	0
0	0
0	0
7	133
0	51
212	21
178	115
4	40
0	0
5	6
0	0
0	0
0	0
0	0
0	0
0	0
0	0
0	0
0	0
0	0
0	0
0	0
0	0
0	0
0	0
0	0
0	0
0	0
0	0
0	0
0	2
0	2
0	2
0	2
0	0
0	0
1	0
0	0
0	0
76	133
0	15
8	4
2	116
4	0
1	26
0	230
0	245
32	48
0	1
40	46
0	30
4	1
0	0
0	0
0	0
0	4608
0	0
0	0
0	0
0	0
0	0
0	0
0	0
0	0
0	0
0	0
0	0
1	5
0	0
1	48
0	46
0	49
0	42
0	0
0	0
4	32
0	0
0	0
0	0
0	0
0	0
0	0
321	652
0	225
4	430
2	226
65	1183
1	89
86	1183
0	134
107	0
1	2108
1932	2807
0	443
21	100
0	206
10	542
0	310
315	252
0	252
3	57
4	22
5	30
0	0
0	0
0	0
0	0
174	730
1	83
17	680
0	20
1	115
0	217
0	84
2	7
30	236
38	236
3	0
2	167
1	174
1	144
6	880
0	544
0	992
0	185
17	110
25	4861
60	9294
419	10046
81	5481
31	8
0	8
1	8
0	0
0	1
0	0
0	0
3	532
0	0
0	0
4	5724
9	4875
51	4977
30	2207
7	4770
27	3923
0	1228
0	1005
0	602
43	451
235	119
0	114
0	18
0	6
0	15
1	1
0	4
16	14
0	24
0	0
0	0
7	36183
4	4563
0	36133
168	980
0	0
1394	29240
28	624
0	28808
249	68
8	0
0	0
0	0
102	0
0	0
5	0
31	1
0	0
0	0
0	0
6977	738
9	274
35	134
0	0
25	166
10	22
22	161
8	3
18	0
0	397
3	0
457	300
6	290
0	37
14	99
0	9
0	534
0	505
22	375
18	67
71	182
9	182
0	0
4	71
0	0
0	0
0	0
79	289
22	291
0	23
0	6
0	6
762	394
13	394
0	0
0	0
1	0
0	0
1	0
21	1105
0	3370
31	2786
0	0
0	63
385	63
5	49
0	0
0	0
16	28
0	27
0	14
1	10
1	1
6	297
0	66
0	49
0	112
2	226
8	1033
203	740
0	938
2	147
10	130
0	87
0	139
0	54
1	17
6	247
0	206
138	202
21	59
45	84
4	349
3	364
2	394
4	312
23	32
0	267
0	267
11	14
13	0
1	114
0	9
1	32
15	14
10	54
8	13
0	0
0	0
11	185
0	87
0	0
0	0
10	183
0	85
0	0
58	1856
0	1856
92	63
145	0
0	4
2	4
1564	105
3	105
31	3189
16	15
1	3329
4	3347
1	172
0	0
0	0
0	0
0	0
0	0
0	0
2	77
0	0
3	21
0	0
0	7
2	7
541	9480
0	7644
39	2115
420	6666
4	6631
12	642
0	0
0	0
0	0
54	92
6	0
0	14
7	91
0	7
6	0
0	0
14	68
0	28
4	0
0	0
0	0
0	0
2	26
0	26
1	26
2	31
0	7
2	9
0	9
0	0
0	0
357	2
2	0
56	122
4	175
0	0
3	23
0	0
0	0
0	0
0	0
153	396
2	1
0	395
0	0
12	0
1	4
0	4
6	57
0	361
0	331
218	34
4	15
0	19
0	0
0	0
0	0
1158	248
14	5
0	16
0	0
0	0
6	0
1	229
0	0
8146	0
0	0
3	0
9	0
1822	1200
1	547
6	277
38	95
1	377
1372	105
0	50
0	55
0	0
8	107
0	107
0	103
0	0
0	22
1	16
0	15
0	0
0	2
0	0
0	0
0	0
0	0
0	0
0	0
0	0
0	0
0	0
0	0
0	0
0	0
0	0
0	0
0	1
0	0
2	21
28	2625
22	2635
11	819
11	439
12	171
100	174
0	175
742	206
5	171
2	95
2	36
345	417
10	123
2	265
2	267
9	49
3651	548
3	548
0	0
0	53
0	0
0	0
34	214
0	0
0	0
0	0
0	0
4	15
1	15
0	5
0	11
0	0
0	5
0	5
0	0
0	0
0	0
0	0
0	0
0	0
0	0
0	0
0	0
8	5
0	0
0	2
3	1
0	4
0	0
2	0
0	0
85	964
1	9857
375	10811
0	0
1	0
0	0
0	0
0	0
3	423
38	312
1	67
2	409
1	407
0	412
2	287
0	314
3	10
2	94
1	150
38	1188
43	2076
0	2074
0	203
0	200
0	0
0	112
9	119
0	31
47	2
0	2
0	0
21	0
12	0
0	0
0	0
3	517
5	395
62	0
0	474
139	121
0	96
58	701
83	695
2	134
0	26
0	26
0	25
0	13
0	0
0	0
0	0
0	8
1	8
169	797
0	65
1	642
8	204
2	119
4	72
0	0
0	0
2180	1214
0	37
349	763
7	460
26	73
6	341
0	0
0	0
1	138
5	175
102	177
113	61
9	29
0	3
0	0
0	1
2	0
0	0
0	0
0	0
1	7
0	0
0	0
0	0
0	0
0	0
0	1
0	0
76	5893
248	5867
507	5040
375	202
0	202
1	217
38	237
3	73
2	52
0	20
2	0
0	0
2	151
1	150
1050	233
0	12
0	0
4	221
8	87
0	0
0	0
121	0
0	0
2	443
0	440
7	439
0	216
1	0
0	9
0	3
0	64
0	68
0	0
3	16
2	8
0	0
0	0
3	59
2	42
7	429
0	457
0	189
9	496
0	175
7	15
4	166
1	2
11	118
0	118
0	0
0	0
0	0
0	0
0	0
0	0
0	0
0	0
0	0
0	0
0	0
0	0
0	0
0	0
30	1022
0	0
0	3
0	3
0	1
5	0
0	0
1	96
172	96
126	10
0	3
1	0
0	0
0	1
0	0
0	0
0	0
0	0
2	0
61	610
412	5597
27	19673
913	23582
1	10319
0	0
0	0
0	0
0	8606
4	2171
1085	402
2	139
0	247
0	162
10	1010
0	77
4	66
10	27
6	27
0	3
0	8
0	0
23	63
19	91
83	1212
77	1220
39	171
80	222
0	151
2	26
0	39
0	0
49	21
127	502
1	381
0	101
0	6
0	6
31	212
0	50
0	10
0	0
405	495
4	381
0	101
0	8
84	214
0	31
2	0
1	378
10	0
36	9
0	378
0	10
1	3
0	103
0	0
0	347
0	1
0	1
0	1
0	1
0	1
0	1
0	0
0	0
0	0
0	0
0	0
71	17
0	17
0	3
0	6
0	0
4	1884
0	63
4	3
61	26
0	12
1	1944
0	273
27	10
2	1494
0	1928
1	96
0	1928
3	2118
14	1999
0	16
0	16
0	128
0	1862
1	130
6	0
11	2062
6	49
0	1
0	396
26	0
0	0
0	0
0	0
0	0
0	0
0	0
0	0
0	0
0	0
0	0
0	0
0	0
0	0
0	0
0	0
0	0
0	0
0	0
0	0
0	0
5	0
0	0
0	0
0	0
0	0
0	0
0	0
0	1
0	1
0	0
0	0
0	0
0	9
0	9
0	0
0	0
0	0
0	0
0	0
0	0
0	0
0	0
0	0
1	1
0	0
28	167
800	167
3	5
0	5
2288	1699
12	1658
76	1693
13	168
0	255
30	122
0	0
0	0
0	0
29	2
199	2
0	1408
0	1458
0	1523
0	1572
98	256
57	307
0	1367
14	223
0	624
0	554
0	0
0	38
0	46
5	47
0	8
6	1752
542	1614
275	1680
0	0
1	371
0	0
59	2399
122	2399
10	35
0	0
7	34
6	30
0	227
0	102
6	13
0	0
71	5
0	5
269	6921
689	7508
2	3050
0	3527
9	1767
11	1239
33	253
1	229
810	2110
0	2037
27	184
0	0
1	456
0	11
0	5
0	2
2	13
0	16
0	11
0	10
0	1
1	1
0	988
41	988
80	17171
436	17171
5	3137
0	40
9	1042
0	0
0	0
0	0
0	0
9	5270
5	5416
0	6899
0	765
31	1688
0	5608
0	4956
36	1012
4	876
5	1661
0	3308
90	502
4	250
54	1484
0	4
1	18
6	1668
23	874
664	339
0	95
0	247
0	0
1	0
35	731
483	731
0	0
0	0
0	11
0	0
0	0
199	114
0	109
0	6
0	0
0	34
2	34
0	27
0	0
0	1
0	1
0	0
0	1
1	22
0	23
0	19
0	1
0	3
0	1
0	186
10	193
2	177
0	3
15	10
0	9
14	17
0	17
0	1
0	0
0	0
0	0
0	0
0	0
0	0
0	0
0	0
0	0
0	0
0	0
0	0
0	0
0	0
0	0
0	0
0	0
0	0
0	0
3	73
0	1
10	72
0	50
0	50
0	0
2	0
0	0
0	0
0	0
0	0
0	0
0	0
0	0
0	2
0	2
0	1
0	95
0	127
26	935
6	199
21	112
62	311
0	192
0	184
31	729
17	0
568	259
1	707
1	154
21	46
11	28
556	14
0	14
14	160
12	175
7	137
147	103
60	13
40	74
2	13
20	6
1567	6175
61	6599
472	5173
307	656
9	656
2	527
183	606
3	87
7	70
810	174
7	174
8	152
7	306
16	306
86	375
0	375
597	904
0	843
0	355
0	377
8	300
38	1
181	142
1194	100
0	100
0	1405
1	1356
8	1381
141	6
22	0
0	0
866	229
0	227
1690	696
16	707
21	102
0	117
0	0
0	66
0	78
0	64
0	79
0	66
0	67
2	51
0	64
0	16
24	66
0	80
0	35
1	19
1	11
0	10
0	4
0	3
0	2
0	0
8838	153
0	0
44	153
0	0
0	0
515	67
0	67
0	0
0	0
2	3107
70	12507
1	771
6	1448
27	11052
11	0
4	3600
275	234
65	234
0	75
12	0
3621	4337
0	2708
2	739
0	3126
28	1226
13	883
0	4702
0	4702
0	136
0	0
1	1
0	0
124	0
0	0
0	27
3296	5594
7	1117
48	5220
129	7
0	7
0	0
8598	2934
14	318
160	1237
1	558
13	260
0	332
2	0
6	485
0	0
8	659
1	0
361	1000
4	325
20	939
10	386
0	2
0	0
7	2
0	0
0	29
0	26
5	28
0	27
0	27
0	0
0	1
0	0
114	2
0	0
0	0
0	129
83	2378
111	927
33	2378
52	939
0	1012
0	371
0	1
0	1
15	362
90	376
0	352
0	328
0	68
1	91
0	74
0	64
0	0
0	0
0	0
0	0
0	0
0	89
785	1026
1	979
1	33
1	630
3	101
0	0
3	0
0	0
0	0
0	0
13	4277
0	1323
4	4
57	1989
0	1460
1	462
16	90
9	932
1	3888
2	499
0	4
58	360
4	0
0	3
0	18
0	30
1	16
3	14
5	14
551	408
0	182
0	131
0	0
0	1
0	0
0	0
180	242
8	72
0	58
13	25
15	1
26	9
1	5
0	4
432	899
0	818
0	329
104	243
2	0
0	67
0	406
22	275
6	373
2	76
0	372
0	12
0	60
0	39
3	60
0	59
0	145
1	7
6	12
13	107
1	1
0	0
0	0
6	0
0	0
0	0
2	84
0	49
0	6
0	57
0	84
0	3
0	46
0	57
0	57
0	21
0	25
0	52
0	21
6	38
0	0
0	0
0	8
0	0
0	0
1	385
0	0
1610	711
0	0
19	693
15	3547
5	151
8	876
0	2551
4	135
1	2256
105	673
0	912
5	912
0	1315
1	1232
8	2843
0	0
8	208
2691	490
2	314
0	0
11	388
0	136
4	67
17	3
0	0
0	9
0	0
23	32
4	31
0	1
1	0
2	0
4194	656
22	654
0	283
367	283
0	186
1	1913
1	927
49	1842
0	1885
3	1797
0	1913
0	1792
7	70
18	517
9	330
1	58
0	39
0	0
202	4051
100	4051
32	2819
24	7
3	7
1873	6
11	117
0	0
0	0
0	0
1	0
0	0
16	7
8	5
1	0
0	0
1189	559
7	51
0	127
5	542
21	414
0	688
0	688
106	7366
22	7820
8	1671
0	3453
0	3453
0	3097
7	1557
0	1196
24	78
1135	261
1	261
0	0
6790	125
32	106
0	4
0	4
0	0
0	0
0	0
0	0
0	0
0	0
0	0
9	0
0	0
0	0
0	0
0	0
0	0
1	58
0	55
0	57
0	3
0	1
855	1720
9	1654
26	50
13	435
9	1431
30	97
2	1426
1	101
0	0
0	0
2342	153
62	153
0	0
0	0
0	0
17	35
4	22
1	21
559	0
0	66
4	66
0	9
0	0
0	1
0	0
0	0
2	4963
136	5011
20	275
0	0
0	0
0	0
2	0
32	1639
9	1639
27	101
0	15
162	1060
0	1072
12	1040
1	0
4	23
1	77
230	145
4	56
2	141
128	0
124	643
1	633
2	643
0	1545
14	1544
32	1545
1	0
3	0
0	0
9	456
13	456
2	934
11	959
23	904
4	112
23	100
11	33
6	53
3	0
73	255
0	255
9	1262
38	1262
6	27
55	1101
0	98
20833	97746
1103	97746
7	111
0	0
655	0
0	0
0	0
0	0
0	0
0	0
0	0
0	0
0	0
0	0
0	0
7	221
0	0
0	0
0	0
0	0
0	0
0	0
0	5
0	5
0	0
0	0
0	0
0	0
0	0
0	0
0	0
0	0
0	0
0	0
0	0
0	0
7	696
16	708
7	48
0	0
0	0
0	0
2	0
0	0
0	0
0	0
0	0
0	0
0	0
0	0
0	0
0	0
0	0
0	0
0	0
0	0
0	0
0	0
0	0
0	0
0	0
0	0
0	0
0	0
0	0
0	0
0	0
0	0
0	0
0	16
0	16
0	12
0	10
0	0
0	0
0	0
0	0
0	0
0	0
0	0
119	156
1	0
0	154
0	0
246	18
0	18
242	2
0	0
0	0
0	1
0	1
0	0
0	0
2637	0
164	4
39	4
368	1091
1	1096
1	0
1	0
0	5
74	0
198	779
3	798
25	795
0	7
2	47
0	42
0	0
0	1
0	1
0	4
0	39
0	38
0	29
0	0
0	9
415	9
12	5
0	14
0	78
1	78
385	914
16	864
2	329
24	4
4	85
0	0
121	0
4	217
5	234
32	275
14	256
2	186
0	0
215	0
26	11087
516	11089
0	0
0	60
1	60
0	0
0	0
0	0
376	415
4	412
0	188
1	186
1	148
0	42
0	25
0	0
8	437
0	438
13	430
35	178
304	0
31	3
0	0
23	854
1	752
6	146
0	13
1	2
20	221
0	308
0	18
2	167
80	67
0	98
0	0
4	61
0	61
0	7
0	0
0	0
0	0
0	30
0	0
0	0
0	0
0	0
0	0
0	262
7	9433
1106	7711
10	7933
0	9524
0	1
0	1
634	7556
0	6683
51	781
0	3584
0	0
0	1
2	1
59	1224
45	1166
0	1160
1	80
4	105
7	2
24	0
0	0
11	226
338	1183
0	395
46	935
2	467
5	556
1	39
4	82
2	244
12	37
16	227
12	229
0	0
10	0
0	3
0	4
2	4
543	0
180	0
0	19
0	50
2	51
5	51
0	7
0	1
0	11
1	7
0	5
0	1
0	0
0	1107
2	276
0	57
3	0
0	1092
60	809
18	1
0	1072
22	4546
161	4933
14	191
68	3905
0	0
16	112
16	203
14	756
0	0
22	186
1	746
3	728
2	607
3	176
1	2069
1	1590
0	2109
0	1998
0	1970
1	173
1	112
0	137
33	506
0	0
71	506
72	313
0	0
0	0
1	15
8	21
7	32
0	10
0	29
1	590
2	590
4	252
1	175
2	59
0	14
3	113
0	324
1287	324
1	0
0	0
1	344
500	437
0	150
2	22
15	52
0	1
0	1
0	1
0	0
0	0
1	1
2	273
4546	275
0	0
0	0
0	5
0	0
0	0
0	0
0	0
0	0
0	5
0	0
0	0
0	0
0	5
0	0
0	5
0	0
35	1862
67	1862
15	93
2	392
5477	802
51	260
21	150
328	36
16	34
1	17
0	0
0	0
26	431
0	343
13	371
1	280
7	42
0	5
27	838
1298	838
313	821
0	489
0	436
0	438
0	474
0	156
2	73
0	142
5	387
0	73
0	50
0	0
0	0
0	0
1	760
21	760
0	616
59	599
0	163
387	15
0	15
50	0
41	1547
3	51
15	447
0	1396
2	241
8	1
3	42
0	42
0	42
51	7
0	0
2	0
0	2
0	4
1	5
0	2
0	3
3617	2119
9	836
0	418
11	413
5	807
0	739
0	0
1	52
1	52
3	1724
17	1646
108	3267
57	1726
2	403
9	710
2	462
4	84
0	1
0	1
0	0
0	0
0	4
0	4
0	1
0	0
25	0
0	4
3	39
0	41
3	42
0	11
0	5
0	0
2	0
2	207
1	78
0	16
1	206
0	521
0	475
52	449
0	522
0	528
0	512
0	65
5	52
0	86
0	108
0	75
0	103
0	104
0	94
10	0
27	113
1	93
7	5
2	98
1	78
1	65
0	1937
0	1876
0	2014
2	2071
0	1963
0	1969
0	159
0	0
0	14
4	163
1	164
1	46
0	25
7	1
119	0
0	0
0	1
0	1
0	1
0	1
63	113
1213	113
16	533
7	494
4	556
4	34
702	1087
0	1087
4	138
34	114
11	114
1	0
144	1368
15	581
8	662
72	725
0	35
0	0
0	0
7	726
0	941
17	982
13	9
0	1104
0	0
0	9
2	941
252	981
0	1191
0	1337
0	1643
1	1682
0	332
25	11
0	137
0	1014
0	1704
0	0
14	0
67	0
32	9
10	443
199	468
0	151
0	0
38	52
0	7795
0	7831
0	5292
16	340
0	3453
0	3470
27	6347
12	346
1	407
2	400
15	0
3	628
2	212
140	2326
1	388
1	2624
0	233
5	423
13	400
65	2235
0	145
72	1707
29	92
22	191
395	1062
5	472
129	20
0	20
2	0
0	0
47	419
2	279
0	166
2	56
1	48
0	48
0	0
6083	29487
2	20093
0	0
28	336
0	369
31	58
0	346
0	23
636	0
5	0
2	0
2	0
696	277
11	1
0	1
2	157
1	165
0	0
13	39
62	1
1	7
8	0
2	44
5	156
298	158
0	0
1	63
0	228
0	227
7	190
12	41
21	48
2	0
1	0
0	1
0	24
0	0
0	0
2	0
15	0
0	0
18	69
2	65
0	21
4	6
0	14
0	28
3	12
5	3427
0	1631
39	186
11	3057
6	1560
1	29
0	29
0	30
9	5
0	29
0	1
871	288
5	288
7	103
0	37
0	0
0	0
0	0
0	0
0	0
0	0
60	8819
692	8826
0	1833
7	191
7	2425
4	0
0	0
0	146
0	0
0	0
0	0
1	350
688	37
498	141
2	0
0	0
6	141
28	74
3	74
0	0
61	35
0	0
0	43
0	0
14	726
2	706
0	15
0	855
16	832
1	134
0	21
7	174
0	167
0	151
2	0
15	17
0	0
0	4
0	4
0	0
2	0
0	717
15	744
15	402
0	272
0	76
20	19
0	0
0	0
0	0
1188	740
0	302
25	61
1	267
11	228
0	44
13	53
0	0
22	522
1	522
39	81
0	61
0	3
0	8
0	15
1	7
0	0
3	2
0	2
0	0
0	0
0	0
323	4
24	387
72	217
162	286
0	0
0	55
40	55
28	342
67	342
15	44
0	77
3	64
1	35
1	850
87	913
0	129
238	376
0	0
0	0
0	0
0	0
0	0
0	0
0	20
0	0
0	20
0	0
0	0
0	0
0	0
0	0
0	0
0	0
0	0
0	0
0	0
0	0
0	0
0	0
1	0
0	0
0	0
0	0
0	0
0	0
8	420
0	99
2	113
2	475
283	480
1	0
0	0
46	5
4	424
0	480
0	114
4	391
3	55
7	40
3	0
643	55
4	0
0	0
0	0
0	0
0	0
0	0
0	0
38	753
9	752
0	284
0	45
60	4
80	4
0	8
5	8
0	5
0	0
345	278
27	138
28	96
3	158
0	34
5	46
0	0
0	0
0	0
6	0
0	2079
0	2055
0	0
2	0
4	128
124	139
6	8
1	0
1	135
1	72
1	67
2	67
0	60
0	3
0	9
108	0
0	0
0	0
0	0
0	0
0	0
3	1118
0	3
1	82
0	1063
3	226
0	1104
0	2
2	23
0	240
849	1536
11	796
0	1150
0	1202
17	718
0	467
0	0
1599	10123
24	5164
0	2786
0	10126
20	6278
8	9
0	0
0	0
0	0
0	0
0	0
2	198
4	198
0	19
1	10
0	3
16	35
1	320
1	86
154	290
3	78
14	242
55	354
1	271
3	233
0	233
0	152
0	153
111	1382
3	1047
0	506
0	235
0	0
10	28
0	43
0	0
15	316
0	735
35	118
1	675
4	710
0	738
2	54
0	19
1	67
0	119
3	59
3	35
0	67
9	583
10	675
4	99
3	92
3	99
0	62
6	87
2	28
36	0
587	0
21	134
7	122
0	67
0	53
0	32
0	32
0	20
1	7
7	0
0	0
0	0
505	59
65	75
24	8
18	50
14	35
32	1026
12	1426
0	197
0	1425
0	873
5	1303
3	0
1	0
0	0
1	0
0	0
0	0
0	0
0	0
0	0
3	4
0	4
0	0
0	0
1	0
0	0
0	0
0	0
0	0
0	0
0	53
0	436
31	436
0	16
0	25
15	36
0	0
0	24
2	47
0	30
56	484
2	509
2	254
0	353
5	17
1	8
0	8
0	0
0	1
23	32
0	32
0	4
23	1015
4	1358
137	4752
12	669
0	3914
0	3766
37	55
61	0
3	16
0	123
1	130
102	106
44	25
112	79
56	80
8	21
151	409
0	416
4	377
107	0
1072	60
1	0
11	58
0	15
0	15
18	0
0	0
0	0
1	2
0	0
0	0
25	0
3	127
87	243
0	116
0	730
0	766
0	766
67	307
0	720
1	43
1	86
8	77
0	12
1	33
0	11
0	0
0	0
0	29
6	15
0	18
0	0
0	0
1158	838
0	0
2	36
6	229
4	257
9	232
2	84
0	0
179	601
0	410
5	486
5	216
0	181
13	203
2	164
2	113
8	112
18	38
0	0
133	201
2	130
1	162
1887	13407
4	13483
300	10228
5	1937
4	484
18	804
0	6
1	5870
93	0
0	1758
15	1686
0	653
4	1327
4	871
0	535
40	406
140	1657
29	571
3	1651
4	565
1	399
6	5
25	19
1	6
14	296
0	10
66	426
3	495
12	431
0	458
0	247
0	42
10	41
80	125
1	31
0	0
331	3788
0	3788
4	143
1	143
0	2
0	2
2	1425
1136	1470
0	235
0	90
3	23
0	14
1	872
349	70
9	52
3	22
0	23
4	147
25	147
784	2
0	0
0	0
1	0
11	695
44	695
0	65
1	24
25	401
74	486
5	87
4	348
2	232
1	657
0	183
34	668
15	657
117	631
2	596
0	53
27	311
3	210
7	0
0	640
0	640
0	67
19	61
0	0
13	14
5	12
0	74
0	95
0	104
6	105
1	129
2	114
0	110
1	37
2	12
1	45
0	1476
0	1497
0	1519
128	1540
32	288
1	89
3	1216
6	472
3	78
1	222
0	207
0	134
0	538
7	564
13	562
4	144
15	19
127	7228
4	7227
15	7224
5	7236
600	7281
15	7277
0	7266
0	7217
1	4605
0	4323
0	4267
29	1301
1	1905
5	146
0	138
2	146
4	41
0	85
31	739
3	804
13	411
0	136
3	116
0	169
0	33
0	103
0	0
81	6106
77	1152
2	3660
3352	6428
17	1749
1	454
1	770
18	697
1	199
4	100
0	288
0	138
0	238
0	130
2	36
0	0
316	569
0	268
2	207
16	72
0	296
1227	3774
1	3137
17	3147
11	0
24	1369
16	1155
24	36
0	1130
0	296
0	81
0	27
1	1306
8	1302
1	386
0	429
0	429
4	120
2	54
9	48
19	10
6	3352
5	417
1	2767
7	348
0	0
0	751
5	651
0	427
0	191
3	193
0	222
0	15
0	0
12	228
1	229
0	51
0	21
124	52
0	9
3	4
0	7
1	179
0	177
0	203
0	35
0	50
2	25
0	44
1	24
0	5
0	11
0	10
0	11
0	11
0	4
3	7
0	7
1	5
0	4
0	0
30	146
1	5
9	142
0	25
0	117
0	35
0	67
5	49
0	67
0	1
0	1
0	2
0	20
1	7
0	27
0	243
1	227
0	52
0	179
7	236
0	45
4	187
0	21
1	52
10	39
0	45
272	34
0	18
0	16
1	18
110	3
0	3
0	2
0	0
0	0
0	0
4	62
1	73
5	71
0	101
0	166
0	176
0	109
20	699
2	80
0	835
1	72
3	24
0	38
0	79
0	56
13	54
19	496
15	686
1	482
473	642
147	642
8	4
0	3
0	1
0	2
191	15
0	15
0	10
580	66
0	64
0	0
1	0
19	2
0	316
0	348
0	232
13	391
0	62
0	30
4	153
0	271
0	124
0	73
0	94
0	0
1	63
0	60
102	258
7	257
157	716
7	517
14	527
1	62
1	67
0	2
0	3
20	51
3	44
5	1
0	1
0	1
3	0
0	0
0	1
0	1
35	241
1091	1125
44	306
239	603
0	0
0	0
0	8
24	589
0	589
67	198
1	71
0	25
1	25
1	2397
0	2330
7	2337
4	2333
0	2011
2	322
0	2078
0	143
2	38
11	89
10	52
34	104
3	104
0	0
0	1
0	1
0	1
0	1
0	0
1	0
0	0
0	0
0	0
0	2
0	2
1162	1139
22	506
16	569
8	220
6	130
0	45
7	1437
14	1664
0	451
3	1253
2	299
115	95
2	509
3	47
0	39
1796	8485
6	6096
563	2181
1	4125
6	0
2	785
15	2330
7	2436
0	212
3	256
0	2423
2	576
1	415
426	668
6	394
13	373
1	261
2	1000
0	1014
0	969
2	994
0	1030
2	1040
0	1085
35	944
13	33
0	17
0	17
0	17
0	17
1	17
56	3200
0	12125
299	11690
47	11113
33	12089
0	0
34	0
0	0
0	0
188	0
14	7
0	7
343	1232
14	1138
9	265
26	1085
2	1104
0	953
0	805
0	878
34	0
6	0
0	0
0	1559
2	1771
27	296
0	1638
3	1828
31	1031
2	261
0	27
0	49
2	49
19	107
9	1081
3	153
17	58
2	164
43	184
0	22
0	68
10	45
22	66
0	102
0	74
0	35
0	58
0	101
8	86
6	9
3	48
445	784
1	728
33	56
579	572
0	286
0	460
0	336
99	19
2	43
0	28
1	100
0	0
49	79
4	381
511	836
6	749
1	191
238	61
0	224
0	54
1	15
1	329
457	372
0	14
0	70
0	49
0	160
21	160
0	0
0	0
0	12
8	12
24	515
12	258
0	262
0	459
0	208
0	0
0	82
0	82
0	0
0	0
0	0
0	0
0	0
0	0
0	0
0	0
0	0
0	0
0	0
0	0
0	0
0	14
0	104
4	104
1	22
0	105
0	18
0	0
0	0
0	0
0	3
0	3
3	14
148	25
1	21
1	20
0	23
0	277
0	283
0	7
4	17
19	38
0	3
9	516
1	510
0	515
49	515
0	526
1	50
5	120
0	69
0	41
1708	190
9	188
126	28
22	28
25	8
11	8
0	5
0	5
0	3
0	2
0	1
1	1
0	0
0	0
0	0
13	113
94	197
0	158
21	35
73	68
2	0
0	0
0	1
0	1
0	1
0	0
6	72
0	72
0	4
1	0
249	478
22	225
0	442
0	2865
3	2775
11	2276
12	336
16	57
0	354
19	36
0	117
331	556
19	466
5	157
0	140
0	34
0	17
8	9
0	12
0	11
1	166
0	1536
4	1420
21	515
0	0
0	0
112	258
5	5094
24	5215
0	2417
19	27
5	97
17	277
7	267
0	6
57	13
23	1724
0	6716
0	6843
131	6825
0	0
54	34
0	328
0	0
27	951
133	153
78	1473
0	0
38	16169
0	16228
0	16454
0	15725
0	15499
9	88
143	423
7	36
0	14
0	32
0	0
5	0
5	235
4	244
0	58
1561	101
46	104
119	104
7	160
31	160
206	0
36	19
0	12
0	19
653	276
2	276
573	3372
4	292
68	3366
0	2923
6	650
3	624
2	77
9	56
3	7
0	299
49	299
0	0
0	18
0	6
1	16
0	6
0	1
1143	4
25	493
0	445
0	179
149	63
0	152
0	109
2	3
0	3
0	0
0	0
0	0
0	0
0	0
0	0
0	0
0	0
0	0
0	0
0	0
0	0
0	0
0	0
0	0
0	0
0	0
0	0
0	0
0	0
0	0
0	0
0	0
0	0
0	0
0	0
0	0
0	0
0	0
0	0
0	0
0	0
0	0
0	0
0	0
0	0
0	0
0	3
0	0
0	0
0	0
0	0
0	0
0	0
0	0
0	0
0	0
0	0
0	0
0	0
0	0
0	0
0	0
0	0
0	0
0	0
0	0
0	0
0	0
0	0
0	0
0	0
0	0
0	0
0	0
0	0
0	0
0	0
0	0
0	0
0	0
0	0
0	0
0	0
0	0
0	0
0	0
0	0
0	0
0	0
0	6
0	0
0	0
0	0
0	0
0	0
0	0
0	0
0	0
0	0
0	0
0	0
0	0
0	0
0	0
0	0
0	0
0	0
0	0
0	0
0	0
0	0
0	0
0	0
0	0
0	0
0	0
0	0
0	0
0	0
0	0
0	0
0	0
0	0
0	0
0	0
0	0
1	3670
1	2888
0	3669
6	3598
21	123
1	6
0	0
44	0
0	12
0	2916
99	3688
84	3526
6	169
1	119
208	8428
59	8844
118	8635
0	8783
1	699
0	0
0	0
0	464
492	468
4	0
4	393
6	28
0	114
621	108
2	61
0	48
26	842
19	842
21	109
1	64
0	44
0	0
1	972
764	1703
5	706
0	1469
17	62
0	332
9	255
0	0
0	0
9	579
0	413
0	557
6	519
0	488
1	120
0	93
0	72
0	103
0	82
966	1287
1	1287
0	0
72	5
0	0
0	173
0	0
1	5
0	11
2	6
0	93
15	566
19	566
3	0
0	0
0	0
545	412
47	609
8	496
1	291
0	64
0	54
0	162
675	2
32	2312
1	2176
1	1246
3	352
0	0
0	4
203	84
11	36
1	30
0	18
9	169
0	113
0	84
0	41
0	18
0	55
0	34
0	4
0	0
0	0
0	7
0	7
0	5
0	3
59	1817
0	1817
2	865
0	127
668	32
31	32
2	44
0	0
10	104
83	72
43	33
52	11418
4	11262
0	4369
0	796
32	195
0	195
0	189
0	160
0	181
40	0
4	38
5	667
6	1209
6	77
0	1233
3	58
0	16
0	0
2	110
47	20
5	75
0	36
395	4066
0	4061
0	3084
27	229
4	2137
0	0
8	76
1	338
3	1041
63	913
94	95
2	944
10	155
30	25
0	69
33	6354
90	6356
4	6354
36	6406
19	3096
2	12
11	512
1	729
1	864
13	256
145	6803
1	429
375	6566
27	1056
2	1063
2867	2349
1	1445
3	1996
0	907
23	1463
106	0
0	0
0	0
80	82
0	82
0	0
12	17
2	17
0	13
9	0
3565	8
0	1654
0	1129
0	1464
25	428
1	596
0	969
2	1220
0	180
0	224
15	876
0	386
4	187
0	147
0	109
1	128
0	0
2	58
47	38
0	267
121	7
100	897
6	32
0	786
25	805
0	1671
1	0
1	0
89	1327
0	1036
17	1003
0	530
2	317
1	43
0	134
63	138
4	54
0	84
1079	19
15	19
0	224
356	265
5	44
3	38
3	5867
13	5867
640	5869
0	5817
5	5056
12	3033
8	362
1	455
44	1242
0	490
3	366
0	121
39	104
0	0
0	46
2	0
41	0
1560	125
0	117
15525	310
0	139
9	169
0	20
0	2
0	20
0	10
1	139
359	1103
9	149
42	614
0	359
0	813
0	325
0	205
6	0
0	0
1	295
0	295
0	0
7	51
11	23
664	32
0	19
0	0
8	16
0	0
10	72
0	6
0	65
5	48
1	24
3	35
0	1
0	0
0	20
1468	1387
0	0
87	1965
227	32
26	119
3	1391
121	301
66	2
9	8
0	0
0	8
1	7
0	5
0	5
12	201
0	255
0	148
3	252
1	82
0	26
7	1517
68	1517
0	259
32	257
38	206
2	93
63	62
5	47
0	5
0	24
5	0
88	2
0	2
1	0
0	4
4	9405
133	9405
0	0
0	1
0	0
0	0
2365	2888
0	2874
4	285
0	60
0	0
0	0
0	0
1	5917
142	782
39	19
0	5757
0	5984
0	5970
0	5932
0	5176
0	5176
0	4867
1	0
19	4829
47	1
0	4409
8	5040
0	4217
0	4276
0	4721
0	18
0	82
84	86
4	289
0	94
35	223
6	274
6	5
1	2
0	3
0	0
0	44
0	39
0	7
0	40
0	24
0	5
0	39
0	5
0	2
1	753
250	927
0	132
19	37
0	59
0	92
6	19
2	87
8	0
8	205
0	167
0	196
0	10
46	983
0	992
0	989
9	943
0	967
0	0
0	0
0	0
48	456
14	456
5	82
1	305
13	233
6	302
0	0
139	1821
208	1821
24	500
0	401
15	393
0	131
3	299
2	13
5	3
31	86
1	41
65	132
2	5
0	27
39	231
0	236
1	40
5	41
0	0
5	17
7	11861
3	2601
2599	12077
0	0
0	0
0	0
12	339
0	143
10	356
0	318
0	55
1	42
12	51
0	203
0	10
1	7
0	7
1	7
1	9
0	6
2015	2247
17	2247
425	967
2	706
8	529
48	86
8134	3700
23	118
8	583
25	741
1	792
0	0
0	853
8	556
0	3
0	4
0	9
12	6
0	6
0	0
1	0
8	4
219	434
8	311
1	285
0	28
0	30
5	21
0	14
1	15
43	737
0	25
0	740
0	187
1	41
3	232
1532	0
0	886
6	37
1	709
2	467
0	577
6	13
0	344
52	0
1	0
421	10
0	0
515	506
3	290
9	309
2	24
0	20
0	26
0	2
0	2
0	9
4	21
1	11
0	9
0	0
0	0
144	284
20	218
1	60
6	41
553	751
17	0
1	751
13	84
15	176
39	4
57	3097
71	3097
287	517
2	315
29	400
0	424
0	305
1199	17
0	0
0	0
1127	468
0	174
3	139
0	0
7	37
89	231
0	0
446	0
0	0
0	0
620	37
0	25
3	10
14	67
0	9
0	67
115	1671
132	1748
0	1013
23	36
27	1654
0	1568
32	12
0	0
27	562
2	336
1	128
13	29
0	0
191	2023
118	1435
6	662
8	386
35	450
0	336
65	327
1	0
0	0
0	0
18	11
0	2191
49	4151
359	4452
59	820
0	0
2	441
0	422
0	0
2	0
15	0
0	119
0	121
0	89
2	89
10	85
0	25
0	1
0	10
27	988
43	1305
1194	47
0	0
2	0
0	0
0	0
50	43
0	0
0	0
0	0
0	0
0	0
9	6
0	6
0	0
0	0
0	0
0	0
0	0
0	994
682	1056
0	263
11	142
6	2503
17	2604
22	21
7	222
0	111
1	222
0	527
7	585
0	219
0	240
2	239
17	27
4	62
33	34
0	648
8	632
0	386
3	10
1	95
31	164
9	69
184	77
0	77
1	0
255	5
0	5
2	1471
7	1487
55	1460
68	661
12	1437
13	253
0	1012
15	694
9	68
1	69
4	477
124	12
1	6
0	4
0	585
7	602
0	31
0	48
7	4013
0	3684
0	3684
0	4648
140	1829
0	2658
7	1040
604	1557
66	99
43	1268
139	1547
25	1381
0	218
0	292
1	138
0	496
0	324
2	266
0	377
0	356
1	214
1	330
0	191
81	8
0	8
2796	4852
33	0
0	4852
52	2416
1496	0
0	0
0	0
0	0
0	0
7	30
6	30
0	0
0	0
0	0
0	0
0	0
0	0
0	0
0	0
0	0
0	0
14	24
2	24
43	0
112	0
5	7
0	7
78	0
0	1
0	1
0	1
0	0
0	40
1	40
0	1
0	5
0	0
0	0
1	11
0	11
0	0
0	0
0	0
530	0
15	15
24	15
0	1480
1	1703
27	658
1	1013
0	1209
0	1233
0	469
0	446
0	1692
0	193
1	133
1	165
69	1363
6	1355
24	1357
5	1368
0	470
3	264
11	83
30	564
3	653
0	250
2	283
0	253
1	283
5	0
30	156
1	24
0	50
10	17
2	4
2	46
0	76
0	52
0	52
0	52
6	0
0	0
2	12
0	0
0	0
4	203
521	594
0	587
0	0
0	0
6	0
716	947
0	978
33	501
0	0
0	85
0	88
1	116
0	99
0	50
0	24
2	56
10	52
0	52
0	0
0	1
484	4
2	0
0	0
15	0
0	0
0	0
0	0
0	0
0	0
336	8503
54	8126
20	3395
3	68
5	68
7	62
0	46
9	70
20	86
0	2
0	50
0	31
9	22
2	4
0	2818
0	0
0	11
0	11
3	0
0	0
7	9
1	0
1	190
0	190
7	192
4	190
0	22
0	19
0	16
1	626
2572	4347
108	2196
29	3705
172	4208
7	25
1	3258
0	0
1	5
1	17
0	21
1	20
1	3
0	3
2	1
0	1
146	273
4	271
4	286
0	137
2	40
6	433
38	652
36	6
0	329
1	219
0	0
0	0
5	0
0	0
369	54
0	54
5	0
0	0
1555	3142
0	3041
15	101
0	0
0	0
4	0
5	0
0	0
0	0
0	0
1	0
0	0
168	0
920	857
1	857
8	377
0	0
163	832
5	832
0	1
17	16
0	0
0	47
0	0
21	0
0	0
7	58
7	296
0	272
0	56
0	207
1088	75
5	75
19	1251
631	1407
0	1328
36	1367
0	122
0	138
13	32
1	555
5	22
10	199
1	204
0	204
1	140
0	51
237	98
0	33
4	79
1	17
8	19
2	143
3	1
20	0
10	4714
121	579
27	70
18	534
0	68
18	0
0	4697
9	245
6	807
0	381
6	41
10	648
0	0
0	0
0	0
0	0
0	0
0	0
0	0
0	0
0	0
331	3
3	3
3	0
405	132
65	132
0	0
0	2815
0	2845
1	2884
13	2541
6	2377
0	2088
30	302
0	468
1	131
3	23
2	145
0	112
100	16
25	157
7	157
54	646
3	11
58	599
7	0
0	620
65	90
4	617
0	0
63	112
2	82
4	52
4	16
10	0
2	27
879	2967
6	18
0	1166
2	641
1	1797
901	1241
0	1091
0	98
8	99
0	56
4	6
4	0
0	28
5	0
0	16
1	16
4	0
0	0
0	0
0	0
2829	2
0	1
0	0
14	0
0	0
438	63
2	63
37	593
10	1084
15	1099
2	38
0	935
0	892
4	792
1	140
2	0
0	0
0	428
0	463
7	29
0	201
0	0
0	0
0	0
0	0
0	0
3	2
0	4
0	4
9	20
0	75
0	2
308	0
0	0
0	46
1	46
0	46
0	0
358	17
0	0
1	13
0	17
1824	316
0	316
304	1032
10	979
0	87
1	85
43	394
27	5
0	97
1	79
3	50
0	1
0	10
6142	407
1	146
3	251
9	151
0	0
0	0
0	0
801	396
1	394
7	0
788	1027
24	1043
1	190
0	40
146	341
17	38
5	126
0	165
0	166
0	157
0	174
0	53
2583	2254
0	0
1	1995
906	1702
2	245
25	493
31	34
10	138
2	119
1	49
45	493
2	493
749	25088
3	25088
11	2742
3	219
137	1179
0	1172
1068	353
0	182
5	69
0	148
1043	66
0	64
0	0
2846	10
0	0
457	132
0	132
0	0
193	0
308	104
2	95
0	0
6	72
0	1
0	1
773	363
0	113
21	192
1	170
219	17
5	17
0	0
0	0
9	68
1	61
0	48
0	29
8	6
0	2748
0	2747
0	0
0	1632
0	1648
0	0
0	1632
0	1648
0	1632
0	1647
0	0
0	1632
0	1647
0	2
0	4
0	3
0	250
0	0
0	1
1	250
0	94
0	215
0	206
0	85
0	236
0	41
0	103
1	252
0	193
0	213
0	80
6	227
0	84
1	43
3	46
0	50
5	2217
0	2053
2	56
0	16
2	1813
13	170
14	0
1280	1018
0	646
0	3655
0	3465
5	1947
0	0
12	2929
76	12
1	12
14	148
0	112
0	110
141	576
14	577
1	578
9	0
0	0
0	0
4	84
0	84
0	0
0	9
0	34
5	37
0	30
0	1
0	3
0	1
0	1
0	0
0	1
0	0
0	0
0	1
0	1
361	60
0	6
0	54
90	109
1	81
12	61
1	6
1	40
0	0
0	0
0	0
0	0
0	0
0	0
0	0
0	0
0	0
0	0
0	0
0	0
0	0
0	0
0	0
0	995
8	997
69	1054
4	211
0	0
1565	8580
267	8117
18	874
0	2519
9	1613
1	119
13	2187
1	0
0	0
0	0
722	2169
11	2169
8	1
31	611
41	248
2	598
1	5
0	12
8	114
18	953
4	912
2	193
0	123
0	361
3	0
0	0
0	0
3223	1529
48	1507
0	0
0	0
49	358
5	0
106	376
0	161
1	190
16	190
32	4
9	4
0	0
0	0
0	2311
3	2198
59	2309
0	1726
16	234
0	189
0	0
0	0
0	0
1335	0
1	0
0	0
0	0
2	309
0	0
0	309
4	19
39	0
7	1132
99	4251
0	4251
120	542
0	542
13	326
0	2
0	2
0	2
0	2
0	0
0	0
0	0
0	0
0	0
37	0
0	0
0	14
0	14
0	14
0	12
0	4
0	4
0	0
0	0
490	0
169	0
0	0
0	0
0	11
0	0
4	17
0	87
0	68
15	119
483	118
219	124
0	117
0	118
1	12
9	12
0	2
171	153
25	21
4	0
0	150
1	1
14	75
16	75
0	6
0	1
147	110
8	110
52	1470
0	904
1	1166
2	1357
10	38
56	67
2	282
0	0
0	0
0	0
0	0
0	0
0	0
0	0
0	0
0	0
0	0
0	0
0	0
0	0
0	2
1	2
0	5
0	5
0	1
0	5
0	0
0	0
0	0
81	870
9	870
20	61
16	1204
24	157
1	78
1	57
1	104
5	755
2	1194
17	380
0	377
12	12
5	305
145	297
1	150
137	34
846	2552
61	2548
6	3055
915	659
1	479
5	285
4	119
145	530
23	5908
0	1780
2	1921
2	1460
6	37
4	5238
1	5234
0	5405
3	5051
52	870
62	4630
3	6
0	6
0	3
2877	10
89	0
0	0
35	7
0	7
634	2304
2	1016
106	2364
5	3323
102	3403
0	98
2	1684
16	237
4	221
14	337
845	1147
4	811
2	680
10	138
1	464
113	4295
57	4295
1	296
7	286
0	1227
3	325
1	148
0	156
0	153
0	156
0	153
0	151
0	151
0	158
1	151
1	158
0	150
0	4
0	6
5	1
3	3
0	91
0	2
0	2
0	0
0	2
0	0
405	443
2	443
11	206
0	43
0	5
0	36
0	119
0	126
5	126
0	0
0	22
3	194
1	194
1	13
0	7
567	295
1	105
9	0
4	10
0	178
0	0
3355	619
4	619
58	57
1	19
0	28
0	21
291	373
0	367
0	43
6	125
170	387
0	363
0	15
14	43
0	60
0	6
1	0
0	0
0	11
0	11
22	0
0	1
0	1
0	1
0	0
0	0
0	0
0	0
0	0
0	0
11101	305
2	119
5	12
2	170
0	0
0	25
0	7
0	23
0	17
1	0
0	1
1065	2166
0	217
33	2136
186	44
1	36
1	17
302	164
1	47
9	1
0	116
3	35
0	0
16	3628
32	3988
4	3824
8	339
19	268
0	368
186	0
2	1
3	1
5	0
0	0
4	0
0	0
0	2288
0	2145
0	1973
0	2389
0	2246
17	467
2	282
2	81
48	32
0	70
6	5
2	0
2	0
231	41
0	27
0	28
0	0
0	26
2	12
0	0
168	1155
0	83
11	1166
23	142
3	100
10	3213
2	204
109	3277
0	186
0	0
1	328
54	0
351	0
0	0
756	1936
2	399
9	55
0	1099
7	416
0	1
0	1
0	0
1735	1755
16	735
5	1270
0	1062
1	0
1	22
0	59
62	180
0	7
0	180
2	51
3	1
2	51
0	71
0	59
5	56
12	58
2	68
1	70
0	0
18	0
2166	2
0	0
0	0
0	0
18	2
0	0
0	0
0	2
0	2
0	0
0	0
0	0
0	1
0	1
0	0
135	752
4	150
1	349
10	604
40	201
0	161
3621	6
155	3139
18	3134
11	2921
212	2918
0	0
7	20
0	16
70	567
52	567
33	0
9087	0
0	0
0	0
3	74
231	192
708	352
0	0
112	206
0	0
27	547
0	547
6	0
0	0
0	0
26	0
0	0
36	0
13	26
0	0
0	26
3	55
1	55
0	0
92	0
40	38
5	0
0	0
0	0
12	0
0	38
24	0
8	26
26	26
0	0
0	0
0	5
0	0
3	29
1	28
0	4
1	11
0	34
5	4
1	4
1	2
1	8
0	3
0	0
38	702
30	675
0	183
31	48
15	34
67	16
58	683
1213	736
109	694
15	233
0	540
5	0
0	4698
0	4701
1	6330
68	6277
0	5798
1	2970
0	5111
0	827
0	350
9	132
7	0
0	618
19	3
36	117
0	10
0	0
4	30
1	79
0	0
0	0
0	0
0	0
5	768
2	682
9	179
45	93
2	162
0	144
2	111
0	127
0	114
0	67
5	74
48	29
7	0
30	128
140	4143
658	4076
189	3911
87	2450
41	1246
95	1309
7	119
176	99
5	60
7	68
9	175
0	175
0	151
0	110
6	110
4	0
33	225
3	55
1	207
2	68
9	0
0	3
930	368
0	368
2	0
62	528
0	25
0	520
3	12
87	110
2	0
0	110
0	0
7	0
0	1
0	113
0	113
0	112
0	66
1	40
0	0
1	22
8628	968
0	0
18	705
40	257
0	1343
0	2048
726	2401
5	220
18	1598
0	2180
3	107
19	456
4	355
8	37
10	62
15	285
3	276
5	677
16	128
1	212
2	143
26	94
0	4
2	0
826	101
2	101
0	0
63	1
0	1
0	1381
0	1381
3	21
77	786
6	0
16	786
2	618
0	0
0	266
1	49
0	52
0	52
0	24
0	26
0	26
1	29
2	5
1	5
0	0
0	0
0	0
0	0
0	0
39	0
27	0
0	0
36	3374
0	1815
0	3360
0	143
0	128
0	183
0	0
3	731
1	731
453	736
1	2
1	233
0	233
0	72
0	153
1	153
10	18
5	0
1256	841
59	504
11	316
808	71
0	71
0	0
0	0
16	383
129	489
4	50
16	75
2	18
8	0
3569	10996
2	11001
30	2538
1	0
39	991
0	246
18	0
1	182
6257	1701
35	415
1	544
1	504
2	441
0	201
1	3
67	722
3	204
0	1145
0	0
10	89
0	149
11	480
10	225
0	7
2	8
0	8
0	7
0	7
12	7
0	0
23	87
0	82
10	25
0	0
0	0
1	3
30	6
7	6
91	112
0	123
6	89
0	109
0	106
4	41
1	6
1	0
4	17151
826	17475
22	396
0	4
17	0
0	0
0	0
1843	513
0	135
280	392
0	74
11	108
3	75
0	78
6	0
2	1082
556	2462
2	137
0	1988
3	93
0	75
11	360
0	3
172	2712
159	2307
17	2672
158	151
0	0
160	494
0	0
12	25
0	0
2	0
1	0
1065	3065
82	3062
0	3065
3	0
10	2898
3	1547
12	1014
0	328
35	1407
4	410
34	1218
0	251
7	319
41	140
30	124
7	0
0	0
0	0
0	425
36	537
1	183
4	110
4	46
604	4952
17	4950
0	0
7	146
888	0
82	0
4	239
35	2674
26	2480
3	2456
9	311
33	397
70	11
1	6
0	0
2	4
6	1
0	0
0	0
0	0
0	0
0	0
0	0
853	1
0	0
9	733
0	0
0	0
1	6
0	3
0	6
0	0
0	4
0	0
1	0
812	2
925	1475
51	919
27	1333
1	0
1	370
2	164
0	0
68	1160
1	1277
2	68
1	1015
0	1078
2	6
0	52
16	774
6	137
0	0
0	44
0	70
0	56
0	0
1	61
5	11
33	311
367	1001
202	995
0	203
9	61
6	763
1805	211
55	209
719	1410
356	812
0	1354
1	3
7	3
1	651
0	129
0	243
5	3
0	1387
0	1387
13	0
0	173
798	956
40	117
0	839
4	56
1301	121
14	104
0	0
0	1
2	328
4	292
0	284
0	57
3	786
15	789
3	898
0	1
0	894
0	14
0	0
172	833
3	0
5398	1790
32	596
189	474
0	0
7	124
6	594
99	109
0	0
19	355
4564	3564
0	629
14	36
0	3333
3	2843
0	2760
4373	1477
3	531
4	468
7	673
42	0
1692	1394
10	580
8	441
32	240
3	3
106	16
9	13
0	13
0	3
1	0
0	0
1	0
0	0
0	0
13	0
0	0
12	24
4	24
5	0
3	0
0	0
0	0
0	0
0	0
9517	0
2707	0
3	10
0	10
0	0
0	0
4	0
0	0
0	0
0	0
1	0
0	0
0	0
0	0
0	0
0	0
0	0
0	0
0	0
0	0
0	0
0	0
0	0
0	0
0	0
0	0
0	0
0	0
0	0
0	0
0	0
0	0
0	0
0	0
0	0
0	0
0	0
0	0
0	0
0	0
0	0
0	0
0	0
0	0
0	0
0	0
0	0
1	0
0	0
0	0
0	0
0	0
0	0
0	0
0	0
0	0
18	37
0	0
0	0
0	0
0	0
0	0
0	0
0	0
0	0
1	3
0	0
5	0
28	3
0	3
0	0
0	0
0	5
1	5
15	44
1	44
1867	0
11	0
568	123
0	4
1	119
156	76
0	76
19560	31815
7	28133
59	4259
0	0
1	748
424	756
0	0
0	1
8	8
172	0
0	0
1	0
1	0
9	0
1178	2097
56	123
36	377
106	1376
5	1292
0	0
122	163
25	163
2	66
0	13
1	0
0	51
15	158
116	3067
116	12031
0	554
4	8599
31	47
8	431
22	1989
1	1495
9	1436
0	0
325	23
0	23
111	389
0	256
0	109
3	57
0	195
0	195
0	116
5	387
0	342
0	374
2	36
0	55
1	27
0	24
7	21
8	21
2	2
0	2
0	0
798	2
338	12727
0	12852
0	12338
11	735
0	0
18	1236
67	239
10	5057
2	25
9	21
1	25
0	3
1	2
0	0
46	970
0	20
4	976
1	297
1	1925
27	2178
56	726
16	728
0	1015
132	1649
0	1518
1	2034
0	1518
19	1290
0	1802
10	1941
0	1636
28	572
11	1643
52	205
18	229
0	634
0	781
145	384
6	458
20	433
16	810
0	492
700	844
28	34
2	415
4	282
0	0
1	0
0	0
0	0
0	0
4	0
224	262
8	55
0	38
0	110
3	25
10	114
10	870
16	833
8	957
0	943
0	1
0	1
396	3532
16	3532
0	363
3	54
0	0
0	0
0	0
1	0
290	71
5	45
0	26
0	0
24	1142
11	1173
8	93
0	487
0	0
0	487
2	30
0	459
17	69
2	18
87	6215
10	6513
30	732
37	4211
0	3265
24	294
3	287
27	217
0	647
2	68
88	49
3	629
35	5
1	146
6347	834
0	818
32	373
211	1172
47	1510
5	2073
0	2060
0	114
0	2015
0	73
0	0
0	245
1	59
508	276
0	199
2	179
11	0
40	858
3	244
36	858
29	173
84	2003
14	1848
1	662
0	543
64	2015
4	34
1	677
11	76
6	74
2	32
4	29
0	2745
0	2750
30	2930
1	995
0	335
471	89
3	84
0	0
58	5
0	312
0	689
8	844
0	837
13	43
23	136
2	7
10	0
224	7
1	2213
0	2213
37	1
0	190
77	841
1	69
0	239
20	28
2	0
30	343
8	57
0	1088
7	254
4	266
1	7
3	268
0	87
6	342
6	1042
2	861
0	152
8	611
1	395
0	275
3	292
0	351
0	274
0	0
1	26
0	44
1192	265
0	265
0	16
51	16
82	3539
7	0
85	3110
0	3459
7	2948
0	1736
4	1811
44	311
0	24
0	270
1	690
0	1205
1	689
3	308
0	476
0	104
0	305
11	109
0	0
1	263
1077	815
0	413
4	101
4	462
22	84
0	84
711	321
0	321
0	0
0	2
0	0
0	0
0	0
0	0
0	0
7	611
4	615
0	618
3	209
12	116
12	16
3	12
1	62
7	62
0	0
2	26
0	5
0	17
645	0
250	6360
35	1990
129	5966
0	905
27	905
311	649
18	426
85	456
1	0
2093	2
0	113
1	21
10	111
0	3
413	298
20	37
1	11
0	22
0	54
0	176
0	18
6	8114
0	57
3	8403
109	8050
14	7932
29	7870
0	195
4	7424
0	55
2	5
7	5873
0	5539
0	0
27	341
5	548
26	5797
5	401
1	44
9	551
23	445
14	293
1	338
0	331
0	70
0	73
10	71
8	82
0	0
0	0
82	6445
0	0
0	0
0	77
0	8080
101	251
8	120
0	191
2	95
0	8080
12	8076
0	8080
513	2
7	104
343	1456
3	62
0	1400
9	122
0	258
0	264
0	276
3	74
0	60
0	27
0	33
0	30
0	14
0	31
0	27
1	2
118	0
0	0
2	0
0	0
0	0
1	0
0	1837
2	1883
0	1880
0	1880
2	48
9	20
0	58
0	0
0	0
0	0
3	151
18	147
1	153
0	151
18	0
8	24
37	20
3	11
0	2
0	0
0	36
6	162
2	167
0	168
19	134
0	131
0	23
0	3
0	1
1	1
25	99
52	99
2	832
325	767
0	650
0	519
0	0
3	1
0	6
0	0
0	7
0	6
300	45
5	44
2	4
0	798
80	925
0	80
0	110
1	50
1	589
1	640
2	105
0	126
8	214
1	126
2	147
11	1608
2	1801
1	183
0	24
0	86
1	408
49	1258
10	1816
1	1778
0	1833
9	287
5	211
9	10
5	106
13	140
0	150
1	142
0	87
0	42
0	42
0	0
0	67
3	68
0	11
0	13
1	15
12	0
27	1000
2	154
22	986
1	3
74	993
3	1901
10	1963
0	2238
28	2379
1	2395
0	2296
0	4088
0	4035
0	3763
0	3711
12	3742
1	3541
4	3677
0	3325
15	3112
8	237
11	169
0	273
14	521
1	0
0	0
0	0
0	0
0	0
4	0
0	90
0	107
1	95
0	158
2	114
2	20
0	81
0	60
0	11
0	16
0	2207
4	2593
3	710
8	2233
0	1048
0	787
0	1237
0	543
4	346
0	1046
0	777
1	766
4	614
0	0
0	194
3	83
0	5239
0	5238
9	1051
7	902
0	515
3	668
12	313
0	933
7	1280
1	488
4	1807
155	6
0	4
0	2
18	37
0	6
0	0
0	6
1	31
1	1
0	5
0	0
0	2
0	0
1	0
458	1735
19	1710
2	0
4	25
1	10
10	10
56	10
2	0
0	0
6	15
5	11
3	13
390	0
6	0
8	1
1	1
0	0
0	0
0	0
0	0
0	0
35	825
0	801
0	56
24	141
18	93
0	0
0	0
0	199
23	199
2	11
2	11
0	7
1	12
1	23
1	19
0	23
0	297
4	284
6	284
37	61
0	0
0	0
1	5
5	5
0	5
1	2225
0	2277
0	189
0	1752
0	180
2	117
1	532
3	204
0	271
22	12
39	206
5	98
10	9
7	4
0	4
2	0
53	35
4	35
0	1
363	2
0	2
28	0
2	0
58	268
0	184
2	103
0	0
22	13
1	12
0	58
2295	565
0	512
0	460
216	479
0	87
1	19
1	12
1	466
0	517
2	34
0	122
0	468
1	58
0	85
9	48
1	202
0	182
0	56
2	10
28	20
0	205
4	7
2	94
2259	0
0	11
1	36
0	17
13	36
1	0
0	230
5	224
0	209
0	23
4	25
1	0
4	101
0	14
0	2
0	2
0	0
0	0
0	0
1	0
253	99
0	19
25	80
2	23
4	0
0	2601
48	2531
2	2468
36	45
0	0
5	39
2	294
9	63
40	347
8	73
9	0
79	0
29	100
18	0
1010	668
1	668
0	0
0	0
0	0
0	0
0	0
0	0
0	0
0	0
7	0
1362	697
3	475
5	470
3	16
0	16
1	0
4	0
64	0
1130	1119
1	186
7	128
2	158
3	155
2	0
64	676
46	489
0	456
14	109
0	57
45	796
8	796
2	38
0	5
0	0
0	0
0	0
255	100
0	10
0	11
1	85
0	2
1	2
0	2
3	75
0	0
0	1
0	0
0	80
5	80
1	33
1	16
13	2480
0	2569
57	2408
18	2471
0	285
22	194
0	9
0	0
1214	1599
3	1582
6	87
13	595
2	99
0	11
0	0
0	0
0	0
1	1
0	8
0	11
0	5
0	11
0	10
1	4
0	0
474	1030
0	1030
0	0
0	2
2	3
0	1
0	0
0	0
0	0
0	0
0	0
0	0
0	0
0	1
0	1
38	372
54	372
3	29
2	17
1	197
0	0
1	0
214	0
49	1438
1	79
17	1582
0	1044
0	1480
32	802
3	1423
1	85
5	73
1	206
0	52
5	223
1	87
302	408
3	406
2	26
1	12
0	2
0	2
0	0
0	0
0	0
3	0
0	0
10	49
641	303
0	0
49	53
3	15
0	17
15	20
19	0
1	215
0	222
13	41
1755	1076
0	655
19	868
6	138
0	298
1	193
56	145
30	0
0	0
335	1271
18	1237
0	0
0	738
0	182
0	0
1	55
3	62
2	58
0	8
4008	468
7	468
0	0
1	0
263	0
1502	94
0	0
37	55
7	43
201	158
4	143
0	119
2	58
3	2
0	2
8	257
1	292
2	193
1	58
75	4
0	0
1874	724
0	506
62	469
3	176
24	68
2668	40
15	40
1321	396
4	88
5	176
10	32
8	92
17	51
233	1963
18	1963
0	0
71	3347
138	3342
10	1024
3	648
0	874
3	545
0	234
0	459
8	88
0	3
1	3
0	0
0	28
0	28
1	0
0	0
0	1
0	1
0	0
0	1
0	1
0	0
28	37
0	15
0	27
0	19
1	3
856	1408
2	1001
19	440
2	62
15	27
3	0
0	0
0	0
143	1827
2	1220
1	918
8	124
1	12
42	2122
32	2134
2	1838
7	2192
25	3
1	1517
0	250
0	645
1	30
0	20
0	21
0	41
0	18
1	36
0	22
0	11
0	0
7	183
16	185
15	123
65	125
0	4
2	46
4749	21577
4945	22282
0	6413
0	2737
0	0
0	2
1	2326
85	2551
163	1262
32	5332
57	4796
5	308
41	306
4	8
0	12
14	24
0	0
8	34
2	25
1016	1797
33	1556
0	1842
0	1507
7	45
6	239
0	0
1	0
1	3546
333	4196
11	192
0	826
0	827
5	780
13	192
0	0
2	11
0	5
0	12
183	5221
56	5242
4	5242
89	454
0	251
47	85
5	107
9	219
0	0
6	928
59	928
0	63
2	0
53	133
7	31
0	0
6	673
201	673
0	92
10	13
0	0
1	0
0	0
0	0
0	0
268	1261
6	1049
0	1087
5	0
0	0
0	0
0	0
12	71
0	1403
31	1480
883	1546
0	586
15	86
0	0
0	37
0	38
1	0
11	2
0	2
0	0
0	0
0	0
0	8
0	8
1505	980
1	741
0	0
1	188
0	0
0	0
0	0
15	45
0	0
0	0
0	0
0	0
0	2
1	2
0	0
0	1156
0	1156
125	4
0	3
0	632
0	1156
2	1003
0	868
1	0
18	24
0	155
0	50
0	136
4	114
0	79
0	144
0	52
0	0
0	34
18	1
5	65
128	0
940	6469
134	800
0	809
72	506
0	4612
42	695
0	0
3	2788
38	0
0	0
1	0
15	0
4	133
2	72
65	107
0	8
26	45
0	0
4	5
0	3
19	3
0	3
43	600
7353	611
2	0
0	975
0	574
62	402
0	1013
0	788
1	31
2	60
0	159
0	0
23	22
150	196
9	193
0	7
8	25
0	0
0	1
0	10
0	127
1	4
3	123
0	0
0	57
240	582
387	582
10	347
0	0
0	0
2	28
66	5212
52	554
137	5179
4	2
0	116
0	116
6	4
0	21
0	0
1	2
0	2
0	0
0	0
0	0
96	275
0	275
1	0
1	872
11	916
0	887
0	22
11	26
12	28
0	73
0	27
664	57
11	51
77	32
1	32
196	188
0	188
4	72
0	22
7	16
0	319
5	161
0	247
4	104
5	68
0	0
0	4
0	4
0	1
0	4
0	1
0	4
602	0
1	4
0	0
0	4
0	0
0	0
0	0
0	0
0	0
0	0
0	0
1	0
0	0
0	0
0	0
0	0
0	0
0	0
0	0
0	0
0	2
0	2
0	2
0	0
0	0
2998	8
0	0
0	0
0	0
2	215
0	288
9	299
1	102
31	0
0	732
8	677
0	693
1	137
3	67
0	0
3	6
0	1
0	0
29	44
4	44
0	23
890	886
0	626
8	260
4	292
0	232
3	140
0	75
7	111
605	2
0	0
14	347
1	86
5	344
5	53
0	0
0	0
1	0
0	0
0	0
42	1733
70	1733
0	248
2	69
0	0
157	69
0	9
0	5
0	41
0	52
0	28
0	0
0	0
0	0
0	0
0	0
0	0
0	0
0	0
0	0
0	0
622	4228
228	4232
4	4228
11	4232
619	46
5	46
0	2
2	14
0	7
0	14
0	8
3	5
0	3
0	8
0	5
0	9
2	23
0	0
0	11
0	0
0	5
0	3
0	5
0	0
0	1
0	1
0	1
0	0
0	0
0	7
5	17
0	74
114	77
2	74
1	39
0	14
0	8
13	138
6	138
0	14
0	0
4	63
0	69
0	69
0	1
0	0
1	0
0	1
0	1
59	4
10	105
13	105
2	18
0	18
2	61
0	66
11	58
9	0
0	3
1	46
0	19
0	19
0	18
18	12
0	9
0	7
0	7
1	43
5	0
2541	0
9	299
2	299
7	330
0	266
15	83
4	49
0	26
0	28
0	57
0	349
7	361
0	29
0	269
0	1
0	1
0	0
1	155
130	156
5	26
7	4
106	3
2	1
0	2
4	0
0	0
0	0
0	2
0	0
0	0
135	2963
40	2963
21	64
10	151
0	583
66	333
0	261
0	50
691	0
14	641
0	511
9	501
10	96
2	55
0	25
3	98
2	254
2	0
0	192
0	276
2	1576
11	2281
8	3379
503	3379
4	3342
0	2319
1	1886
63	989
54	572
61	584
1	180
11	26
3	12
0	0
0	0
19	0
4	344
1	148
1	38
0	29
15	307
1	0
0	3
0	6
6	249
172	53
6	32
0	27
1	22
12	1187
297	1254
63	570
3	89
2	237
0	1
3280	2845
0	1899
31	1168
40	1442
14	27
3	3913
0	3924
2	3087
0	3728
100	4441
34	486
6	312
189	781
3	134
1	225
0	258
40	64
4	5
5	287
8	19
7	12
0	522
0	483
1	492
143	295
0	80
0	80
0	4
0	107
0	75
0	29
1	5
0	5
0	0
750	275
4	275
34	794
0	643
0	775
33	905
0	481
0	271
2	325
0	163
10	250
0	15
7	446
0	424
1	219
1	117
2	25
0	79
11	51
13	55
2	3
0	3
0	3
1	3
1	1432
5	1705
2	1735
2	1234
0	139
0	0
1	47
0	0
0	0
11	3093
4	107
0	114
0	108
2	0
5	3056
1	2930
48	339
0	0
1489	627
11	75
0	216
4	364
35	423
0	398
3	42
4	145
1	114
0	154
2	163
4	38
287	4011
11	316
6	4011
2	175
1	230
0	325
0	377
0	493
5	376
11	727
94	139
0	418
13	10595
0	661
66	10595
0	5038
0	853
1	4530
13	3791
13	561
27	263
0	774
22	741
20	114
23	387
0	32
67	17
20	16
17	5
1245	0
39	235
0	0
2	4
423	707
4	16
0	114
0	680
0	0
1	9653
0	9652
0	10135
23	6300
0	10056
8	10089
0	9923
2	95
6	321
9	406
311	0
5	16642
0	16642
38	5826
103	1599
0	707
3	670
3	6
0	673
1	108
11	64
5	7
1	483
0	461
0	483
1	376
0	357
3	31
5	66
0	8
1	22
617	570
1	449
4	234
34	172
33	52
9	505
0	627
0	587
1	115
5	149
0	182
0	65
191	171
0	437
3	415
0	848
5	760
8	383
0	0
1	3
33	117
24	433
20	1113
3	1281
0	1158
15	415
0	58
0	67
5	228
3	53
12	109
0	0
0	0
0	104
16	13
0	4408
11	5130
101	5381
196	5452
5	1099
23	485
51	259
215	267
31	60
0	207
25	207
0	6
0	2
14	6
3278	0
0	1367
0	1505
0	1017
2	202
13	31
0	31
0	0
74	1458
0	1463
2	1396
13	1461
4	184
6	263
2	225
9	441
0	97
6	0
0	0
10	0
0	246
0	299
0	280
0	34
0	39
1	36
0	5
6	0
0	3
0	7
0	3
19	0
2373	494
1	395
2	8
3	8
0	8
0	2
0	0
4	1141
110	1315
20	527
14	208
34	344
3	281
35	364
1	249
13	101
0	0
5	0
0	174
0	47
0	13
3	176
0	194
0	194
22	209
0	56
0	25
1	210
0	203
0	25
0	90
0	47
0	7
0	184
1	184
0	632
240	659
1	27
0	0
0	0
0	0
0	0
0	0
0	0
0	608
0	597
5	68
31	153
585	0
0	2
0	5
0	7
0	8
1	2
1	136
0	140
0	87
0	130
55	145
0	147
0	126
0	79
0	131
2	74
0	128
0	112
0	0
0	81
0	70
0	0
0	0
483	1004
49	777
39	172
42	61
21	76
11	34
5	2
5	0
0	0
0	0
0	0
1	2
322	68
9	72
0	72
11	687
43	620
278	578
1	542
7	234
1	401
7	396
0	1
93	292
28	263
3	32
0	17
1	239
0	4
6	51
1	71
2092	2786
1225	1655
4	1567
0	2107
0	2102
0	489
4	607
35	85
0	0
55	561
0	28
26	712
1	53
0	561
0	315
0	267
8	80
0	78
0	8
0	2
0	0
0	6
1	0
0	0
0	0
2	90
0	90
0	90
8	195
0	176
0	120
93	287
0	87
0	0
0	0
0	0
0	0
80	1105
5	1658
3	1551
793	1701
24	43
5	0
11	0
8	114
77	3329
47	3329
5	0
40	3329
5	102
1	636
2	2714
1	2726
120	1944
0	277
0	242
0	0
0	57
0	0
1	0
0	0
0	0
1	0
31	0
4	2943
86	2995
31	2943
40	2403
28	38
0	112
2	1125
40	1542
2	168
33	68
15	495
1	407
2	81
0	62
0	0
0	9
0	111
0	122
0	99
1	118
8	0
27	0
1	11
1	0
8	3851
1	146
4	1460
0	489
14	3316
3	1080
31	356
4	241
162	281
0	187
5	105
6	32
0	20
16	35
22	2
16	191
0	79
0	3
5	42
0	91
0	10
138	409
68	409
0	0
30	169
44	169
9	5
0	0
0	0
839	18
5	18
0	6
68	1091
0	1078
2	841
0	0
180	434
0	117
0	117
1	128
0	10
1	12
0	0
4	650
0	1844
1	1918
0	1868
0	0
1	202
1	112
0	115
21	0
0	938
0	912
22	515
3	156
0	558
45	114
3626	884
0	878
3	96
0	96
0	816
1866	1976
0	929
13	445
3	0
0	5890
160	5885
1	5884
133	2720
31	2454
2	2775
5	3
8	368
4	368
0	7
0	0
3	0
3	508
0	8
0	78
0	485
4	347
13	393
3	52
1	264
6	125
0	10
1	11
2	2
0	2
0	2
0	2
0	0
0	1
0	0
0	0
0	0
0	0
0	0
0	0
0	0
595	31
10	31
193	68
2	68
0	43
342	219
0	219
0	0
0	0
683	500
14	500
0	0
0	0
0	0
1	0
1	25
1	27
0	19
0	2
0	3
0	9
0	1
0	0
3	2114
12	1992
8	494
1	312
2	345
0	65
3	241
0	0
745	1675
0	574
5	380
11	36
0	1075
1	182
2	1090
0	1090
0	828
32	739
1	684
0	763
0	723
0	224
0	55
0	11
42	188
0	17
0	17
19	174
0	0
199	21912
1	21936
2	0
0	22
11	22
35	0
2	0
2	2611
2	0
4	611
0	187
0	436
0	230
0	108
1	91
0	616
2	99
0	28
0	95
3	80
485	0
4	0
3	554
73	401
23	559
0	1783
2	1645
0	0
4	604
0	0
0	87
23	267
44	0
3	61
14	307
3	12
1	60
9	234
654	783
2	70
3	115
22	571
10	28
4	0
3	0
20	710
0	717
4	601
28	752
54	752
6	60
0	31
0	2
0	38
0	302
2	346
0	372
4	345
0	357
0	37
7	18
0	0
0	0
0	13
1	4
0	0
14	306
0	305
0	306
0	22
0	52
0	29
0	49
0	0
0	631
0	596
0	546
0	118
1	36
25	36
90	209
0	92
5	162
0	3714
6	3764
1	3685
15	412
0	380
2	665
0	629
2	394
8	296
0	125
14	1101
12	1101
0	512
6	467
3	320
0	21
7	0
47	6
31	6
1	0
103	0
0	829
0	820
1	0
1	6
2	824
0	0
8	169
88	76849
0	73721
1	23113
0	2641
19	34852
0	5
62	20394
50	15333
224	11548
0	0
85	3263
30	0
0	1
0	1
0	0
20	709
2	720
1	70
3	41
9	441
25	216
0	102
0	65
189	2330
0	2330
5	87
1	422
26	57
0	0
0	0
0	0
2	0
1	0
163	31
4	31
436	149
29	39
2	36
0	36
0	90
2	15
29	75
2	10
76	101
1	82
4	130
0	61
0	84
0	51
3	35
5	30
0	28
0	45
1	4
0	563
0	438
91	2261
48	2260
3	500
526	377
16	377
0	0
634	1097
42	1013
23	313
20	436
16	157
5	72
0	0
0	0
0	0
0	0
0	0
0	11
0	12
0	12
0	0
5	571
32	571
0	0
12752	4863
0	1059
0	4021
398	4684
32	4684
18	0
690	1233
6	957
12	276
58	503
43	32
171	475
1	41
7	18
0	19
2	8
444	1243
15	1176
6	312
27	114
108	161
51	573
31	40
7	4
16	34
2	327
9	199
4	28
1	1527
1	1664
184	1415
4	1505
0	1342
15	825
1	150
2	129
59	10
215	175
0	175
0	0
2934	485
78	480
1	409
2	327
14	1
79	388
351	405
3	288
0	184
0	146
0	25
8	2
0	2
0	1
0	0
71	4283
1	4284
18	3181
38	921
328	0
0	29
1	1726
92	5
0	1581
1	241
0	1593
1	195
3	206
13	470
0	62
0	452
55	408
0	153
0	1452
0	1593
0	3
0	483
0	163
0	0
9	685
0	209
19	174
4	293
32	362
19	280
1	162
6	198
0	198
30	198
2	176
140	1882
10	1882
19	270
255	277
27	264
118	203
0	203
23	173
65	462
26	695
34	534
26	428
43	235
4	90
1	53
0	109
15	1027
0	2
0	11
43	298
50	298
30	191
6	1527
39	1931
21	2010
0	2204
11	2170
2	86
7	294
6	892
26	222
0	881
111	880
0	184
106	788
0	830
4	224
34	275
753	17882
2	17882
18	1138
2	1266
16	725
41	1
121	27
2	20
0	0
0	7
3	1003
1	389
0	957
0	369
27	1043
1	5
8	0
7	107
0	1911
34	5335
21	5043
1	265
62	549
0	0
3	1
0	688
2	528
32	111
0	0
0	0
0	0
16	4
0	4
1272	2821
4	2542
0	2313
7	2630
10	1544
38	1163
0	22
8	337
29	437
5	92
3	192
0	46
1	0
7	0
1	147
23	0
3	0
0	0
1	0
0	0
225	0
7	279
3	239
229	180
0	87
0	30
2	42
0	241
0	102
0	840
3	892
47	265
2	199
8	106
0	74
5	110
0	31
2407	191
2	176
7	21
1788	159
3	32
1	125
662	557
1	306
2	272
0	166
81	46
34	0
0	0
0	0
0	0
0	0
0	0
436	2
6	9
0	22
20	22
1322	1287
0	28
9	277
411	2
1	379
3	343
111	763
0	763
0	763
221	56
23	56
0	822
142	822
0	341
6	0
0	0
0	0
0	0
0	0
0	0
0	0
0	0
0	0
0	0
0	0
0	0
0	0
0	0
0	28
0	0
1	2
0	2
297	133
5	84
31	144
0	86
1	75
1	67
6	37
6102	12
18	0
1	628
91	652
3	2
10	0
0	332
0	83
4	20
123	158
16	162
0	25
9	36
0	2891
133	2872
26	412
0	1798
193	126
8	5
6	276
102	467
0	2026
0	0
3	253
0	248
0	121
0	254
12	105
38	131
0	219
0	152
0	199
3	127
0	245
0	227
0	250
0	9
2	154
1	242
0	229
0	133
1	8
0	0
0	8
3	22
1	30
1	0
2	17
1	23
1	22
104	19
46	164
0	214
11	2712
0	321
0	2559
0	761
0	0
0	20
6	38
3	54
0	651
0	1357
15	6
0	121
2	53
1	19
1	55
0	54
0	0
0	3
0	3
0	3
0	0
0	0
12	132
0	129
0	9
0	1
0	2
0	0
1	1
0	0
122	144
0	146
0	146
1	4
12	545
0	549
4	540
0	553
0	549
1	6
0	21
13	0
7	128
0	29
68	306
7	186
5	242
0	64
7	144
0	0
1	0
239	20
0	20
1	0
510	1640
10	1541
6	107
2	1529
19	297
0	968
3	165
0	37
2	59
0	0
0	0
0	0
0	0
0	0
0	0
2	0
53	0
2	311
0	0
87	1672
0	3931
0	3770
1	2123
1	0
0	83
0	3623
8	3520
1390	1908
0	0
30	432
0	1
0	144
0	84
6	76
25	321
0	237
1	2
0	2
1	0
1	0
0	0
0	1
0	0
0	0
0	0
0	1
1	12
0	11
0	7
0	0
0	0
0	3
0	0
0	5
0	5
1	909
0	0
185	970
50	404
2	173
0	133
3	459
57	3
0	3
0	167
74	167
7	7
25	164
0	141
0	144
0	29
0	24
5	13
1	15
0	15
0	13
0	2
0	0
498	1858
7	1804
6	770
135	194
1691	533
10	346
135	194
87	25
0	0
0	0
116	111
0	109
9	0
4	11
4	11
0	0
0	0
0	0
0	0
0	0
0	0
0	0
0	0
0	0
0	0
0	0
0	0
9	0
0	0
0	0
0	0
0	0
0	0
1	57
1	0
0	0
1	0
0	219
85	3006
0	2914
3	379
1	0
0	1535
0	283
5	788
0	221
0	412
0	1413
0	97
124	97
12	256
0	143
53	139
0	93
2	131
0	35
53	0
0	9
5	9
2	13
413	81
0	70
0	0
0	0
3	0
0	0
0	1
0	1
5964	2
10	5
1	2
0	2
0	2
1	0
0	5
0	5756
0	6949
13	3998
0	7216
0	107
3	6906
0	3948
0	3904
1	6953
0	811
1	489
0	246
14	831
6	488
0	528
41	222
20	0
1686	7740
19	715
2	7634
0	1318
6	23
5	11
0	11
0	0
6360	0
0	0
0	364
0	136
0	109
13	362
2	239
0	49
0	9
36	126
12	43
16	126
0	0
2	0
0	0
0	0
6	6
0	0
0	62
341	66
0	0
4	0
0	0
0	0
0	0
24	643
0	0
0	0
0	0
0	0
0	0
0	0
0	0
0	0
0	0
0	0
0	0
0	0
0	0
0	0
0	0
0	0
0	0
0	0
0	0
0	0
0	0
0	0
0	0
0	0
655	0
1	0
0	0
0	0
0	0
0	2362
1	0
0	0
15	343
0	343
0	341
0	36
4	0
0	0
0	0
0	0
0	0
35	224
0	197
1	144
5	7
0	4
0	13
0	7
4	0
0	2826
7	2611
141	687
4	15
3	86
0	75
2	5
182	210
5	112
0	176
0	0
15	791
0	154
0	2
0	2
0	0
0	0
0	0
0	0
0	22
13	16
0	0
0	0
0	0
0	0
0	0
0	0
0	0
0	17
0	0
1	4121
0	0
513	269
9	16
0	270
1	257
37	14
1	0
0	0
0	0
0	0
0	0
0	0
0	0
0	0
0	0
0	0
0	10
9	142
0	141
7	1
0	0
0	0
0	0
0	0
0	0
0	0
0	0
2333	1063
3	405
0	658
2235	375
12	12
0	0
35	2
2	58
0	0
0	363
7	248
0	0
0	77
0	0
0	0
0	0
1	0
0	0
2	0
0	0
0	0
0	0
4	0
1225	24
1	20
0	0
0	0
0	0
0	59
0	0
0	0
0	0
0	0
0	0
0	0
0	0
0	0
0	0
0	0
0	0
0	0
0	0
0	0
0	0
0	0
0	0
0	0
0	0
0	0
0	0
0	0
279	152
0	107
0	0
0	15
0	30
1	0
0	0
1	12
0	0
4	0
0	0
0	0
0	0
0	0
0	0
0	0
0	0
0	0
0	0
1	894
1	868
0	892
0	892
0	730
3	708
0	500
5	30
38	0
2	67
0	0
0	0
0	0
0	0
0	0
0	249
0	249
2	194
0	0
0	1
1	8
2	137
1	10
7	1
0	5
0	7
1	30
0	20
0	0
0	0
2	375
95	104
0	420
6	418
3	114
3	22
4	20
0	0
2848	6809
6	6716
0	0
479	684
0	0
210	878
11	404
34	430
8	377
0	68
0	18
21	32
0	5
0	2
6	4
0	2
0	2
0	0
879	0
2	13
27	3229
0	4953
0	4946
7	199
21	316
15	138
0	0
0	0
0	0
0	0
0	0
0	0
0	0
0	0
0	0
0	0
272	0
0	0
1	0
406	3248
3	2470
9	0
9	53
0	263
144	2419
4	489
5	496
0	424
0	0
0	0
0	0
0	0
0	0
0	0
0	0
0	0
982	321
29	321
2	1
0	0
2	12
185	6
20	0
15	18
3	3
3	15
0	0
0	0
0	0
0	0
46	9
0	8
3	10
0	0
0	0
0	0
0	0
4	284
0	43
0	0
0	0
0	0
0	1
0	12
0	0
0	0
0	9
1	9
0	0
1	0
0	0
116	41
0	1
0	0
0	0
0	1
0	0
0	0
0	0
0	0
0	0
0	0
0	0
0	0
0	0
0	0
0	0
0	1
5	0
0	0
0	0
18	3
0	0
0	0
71	5
28	5
17	0
5	0
1	0
0	0
0	0
0	0
0	0
0	0
0	0
0	0
0	0
0	0
0	0
0	0
0	0
0	0
0	0
0	0
0	0
0	0
0	0
0	0
0	0
0	0
0	0
0	0
0	0
0	0
0	0
2	0
0	0
0	0
0	0
0	0
1	7
20	0
2	0
0	0
0	0
0	0
3	1
1	0
74	4
1	0
0	0
58	3
0	0
23	3
0	0
0	3
6	53
0	25
0	23
8	68
11	0
415	27
36	92
3	136
16	11
0	7
0	12
5	1711
2	1812
0	1615
12	1456
0	0
2	0
1	164
19	257
17	234
0	53
1	154
7	34
0	0
0	120
0	7
104	1339
3	390
3	996
0	0
3	712
7	0
25	111
3	0
1	17
306	288
1	178
78	223
3	206
0	2098
2	2122
0	2111
0	2199
0	269
5	1101
0	65
114	521
10	18
0	183
0	0
7	0
126	10338
49	9722
4	9071
0	2780
22	745
0	17
0	7
3	11
0	8
0	1
0	16
18	16
0	5
4	0
0	5
6	5
0	4
0	0
0	4
0	0
4	1
0	0
0	0
0	0
0	0
0	0
0	0
0	0
0	0
28	34
9	5
6	4
0	0
0	0
0	0
0	0
0	0
0	0
0	0
0	0
53	16
0	0
0	0
0	0
0	0
0	0
0	0
0	4
0	4
0	5
0	2
0	0
0	1
0	0
0	0
0	0
0	0
0	1
0	0
0	0
0	0
0	0
0	0
0	1
0	0
0	0
0	0
0	0
0	0
0	0
0	0
0	0
0	0
0	0
0	0
0	1
1	0
37	43
0	0
0	0
0	0
0	0
0	0
0	0
0	0
0	0
0	0
29	0
0	0
0	0
0	0
0	0
0	0
0	1
5	289
2	17
3	194
1	241
0	0
0	250
17	83
0	231
0	231
7	150
597	65
0	13
0	65
0	64
51	55
0	42
0	41
0	37
0	25
0	24
0	23
1	0
501	252
8	18
2	138
0	208
0	0
1	0
0	0
0	0
0	0
0	0
31	0
0	51
364	713
24	6
0	636
42	669
0	609
3	0
876	6014
3	894
7	5018
3	5932
111	3120
2	407
17	399
4	260
8	179
1	12
29	0
3	2014
0	2014
74	540
5	0
1	0
1	0
0	0
0	0
6	2
0	2
0	1
7	0
2	1
2	0
1	0
0	0
0	0
0	0
0	0
0	14
0	0
0	0
0	3
21	270
3	267
0	14
0	36
0	0
2	4
4	0
0	0
0	0
7	490
3	475
0	22
89	584
12	588
0	6
3	27
0	9
0	0
0	0
0	0
0	0
0	0
0	0
0	0
1	1
0	1
0	0
0	0
0	0
0	0
245	0
1	0
0	0
0	0
1	0
0	0
0	0
0	0
0	0
0	0
0	0
0	0
4	0
0	0
0	0
0	0
0	0
0	0
0	0
0	0
0	0
0	13
0	12
1	5
1021	12654
6	2910
2	4528
10	11919
0	2899
19	4194
15	1155
6	307
0	267
2	23
25	181
139	226
0	226
3	31
0	0
1	1297
8	1300
2	0
28	829
35	802
56	789
42	703
145	592
4	18
0	585
0	92
50	0
0	0
0	203
1	268
1	0
0	0
3	0
0	0
0	0
0	0
0	0
0	0
0	0
0	0
0	0
0	41
16	42
1	2
0	0
0	0
1	37
0	3
1	4
0	0
4	10
0	1
1	8
0	2637
0	2710
9	368
28	477
1	202
7	34
1	200
0	1744
1	0
0	0
1	0
1	0
11	383
0	452
0	321
0	384
30	2
0	100
0	14
8	25
0	1
0	0
0	0
0	0
0	0
0	0
813	129
11	129
4	0
57	1839
77	1706
9	299
4	77
8	97
1	59
43	660
2	879
0	652
1	731
7	8
0	0
0	0
788	318
0	0
0	0
0	0
0	0
0	0
0	0
0	0
0	0
0	0
0	42
0	0
4	6394
1	6779
31	280
0	6779
0	121
20	939
2	135
3	199
2001	815
0	625
9	266
12	192
1	2480
0	0
0	6573
0	3231
3325	7433
0	3934
733	2218
76	162
7	440
0	442
0	451
4	108
0	0
0	101
0	0
28	0
0	0
0	0
71	384
13	266
8	384
1	2
137	14
0	14
8	0
1383	167
0	77
0	77
0	22
0	9
2	0
8	0
65	0
0	0
0	274
1168	205
7	26
1992	1971
128	1965
4	535
45	197
5	1428
1	1209
60	1094
2	836
46	480
2	145
0	289
0	255
1	0
0	0
0	0
0	0
4	420
66	429
1	425
3	420
20	94
0	324
0	5
0	0
0	0
0	0
0	0
1901	0
0	0
0	0
0	0
1	26
0	512
2084	512
9	89
1	0
62	11
22	11
30	0
3	0
2	0
1259	5820
41	5889
7	581
85	226
421	529
33	962
0	469
0	0
2	0
0	0
0	0
0	0
0	0
0	12
0	0
0	4
36	25
2	21
0	4
0	1
2	86
0	119
3	185
0	48
0	182
1	133
0	0
2	150
0	28
0	126
1	2
28	138
0	19
13	109
0	0
12	6
0	0
0	0
0	21
700	65
0	10
11	20
0	0
0	0
0	0
0	0
0	0
77	0
89	124
0	114
0	127
0	130
0	78
1	8
2	194
3	202
0	106
0	95
0	83
0	13
45	19
38	5
1	0
0	0
0	0
0	0
1	86
0	1479
22	2106
874	3410
28	703
135	0
34	2824
11	420
47	0
0	0
0	0
0	0
1765	388
0	363
19	26
0	0
0	0
1	0
0	1
0	1
0	0
0	0
0	0
0	0
0	0
28	1
0	1
48	4960
8130	4960
1946	335
4	331
6	159
1	0
760	1164
39	1161
14	250
0	362
0	527
0	0
9	406
1	287
58	253
1	221
3	170
40	0
395	719
12	467
89	555
17	0
0	0
0	0
0	0
0	0
0	0
19	0
1	0
0	0
0	0
11	0
1	102
0	153
0	122
14	84
2	113
0	84
0	82
2	32
0	0
0	0
0	0
0	0
0	0
0	0
0	0
0	0
0	0
21	0
5	121
0	28
5	65
5	90
7	68
0	27
0	0
0	0
0	8
3	37
0	123
8	92
48	130
0	63
8	0
6	0
0	49
0	0
5	0
0	0
0	0
0	0
0	0
0	0
0	176
116	401
0	147
0	4
0	44
0	136
5	346
0	33
0	173
0	112
0	378
35	7
0	53
0	0
0	0
0	0
0	0
0	0
0	0
0	0
0	0
0	0
0	0
0	0
0	0
0	0
0	0
0	0
0	0
0	0
0	0
0	0
2	410
2	218
0	139
13	140
0	1
455	874
20	793
1	0
1	2640
589	2640
0	0
0	0
0	0
88	1418
0	257
10	184
1	963
0	671
19	0
0	228
0	146
153	253
0	117
10	131
0	0
10	0
0	0
0	0
0	0
26	633
84	633
66	0
96	4
31	0
60	593
15	72
1	261
14	159
76	17
2	88
0	566
12	0
16	28
38	0
6	0
0	0
0	0
0	0
0	0
0	0
5	69
2	15
0	27
3	64
0	0
0	8
0	0
0	0
0	0
1	0
82	0
18	0
0	0
0	0
0	0
0	0
0	0
0	0
0	0
0	0
0	0
0	0
0	0
0	0
0	0
17	0
0	0
1	19
0	0
1	0
660	24
0	20
0	0
5	0
0	1924
1	0
573	2631
1	81
0	89
1	2307
0	272
0	890
1	5
2	68
4	13
1	46
0	58
0	9
0	1
1	0
0	5
3	0
0	11
0	4
0	46
0	5
0	6
0	2
0	13
3	18
0	11
0	194
28	1131
3	1087
2	87
0	51
0	0
3	0
123	0
3	58
19	21
3	0
0	0
0	0
0	0
0	0
0	0
0	0
0	0
0	0
0	0
0	0
0	0
0	0
0	0
0	0
0	0
0	0
0	0
81	4
12	1
0	1
0	1
1	3
0	2
3	0
29	0
0	0
0	0
0	0
0	0
1	213
0	0
0	0
7	134
0	0
0	0
0	0
0	0
0	0
0	0
0	0
0	0
0	0
0	0
0	0
0	0
0	0
0	0
0	0
0	0
0	0
6	377
0	0
0	0
367	0
0	0
0	0
0	0
0	0
0	0
0	30
0	0
643	873
2	718
0	642
9	65
50	415
98	2
58	724
266	1076
0	543
132	255
2	197
8	337
0	0
0	6
0	7
0	1
0	0
47	2203
110	2202
577	1
4	163
171	163
0	0
1009	12823
11	12823
217	686
135	3
81	181
0	0
617	3360
8	2242
15	149
6	216
94	18
59	31
48	1173
139	1
14	67
0	0
207	67
2	0
0	0
206	71
7	51
5	51
0	16
0	6
4	0
0	0
0	0
134	25
892	12778
0	2932
85	11592
0	0
0	0
0	0
0	0
0	0
0	0
487	439
0	0
1	439
0	0
1	19
15	19
0	0
0	17
0	0
0	0
0	0
3	0
1526	0
0	0
0	2
0	0
0	0
0	0
0	0
0	0
0	0
1	0
1	98
797	956
0	422
0	0
0	576
0	0
0	0
86	1172
1	1172
3	535
0	213
3	0
1	144
6	199
1104	30
1	4
0	57
0	2749
0	2748
0	57
0	2749
0	2749
679	1521
0	1363
12	0
0	188
7	93
0	12
30	105
1	1
1	2162
222	2278
46	1409
32	1175
0	222
9	123
0	2
0	2
39	2594
155	2596
4	129
5	104
8	22
0	248
0	0
2	55
0	51
0	5
0	0
10	220
22	98
24	101
173	133
5	0
12	1
364	5434
0	506
0	249
62	459
0	3466
0	125
49	2255
0	158
0	5
0	5599
4	324
0	125
19	247
0	2255
0	158
0	5
0	5004
0	4101
8	6
486	189
4	45
65	78
0	202
1	700
4	432
0	583
0	524
0	237
0	1077
1	2
417	1474
0	1183
4	589
1323	749
1	743
0	0
0	0
0	0
227	4361
0	4299
1	4376
1	4335
0	125
26	35
1	3618
18	51
55	988
2	240
6	2126
0	1915
32	0
5	0
0	0
294	182
0	17
0	19
2	176
2	22
1	1
3	16
0	0
0	0
0	0
1	1
0	0
0	0
0	0
0	0
234	89
28	89
0	20
3	24
0	0
0	0
0	0
0	0
0	0
0	0
0	0
0	0
0	0
0	0
0	0
0	0
0	0
0	0
0	0
0	0
0	0
0	0
0	0
0	0
0	10
0	10
0	3
1	3
0	3
0	3
0	3
0	0
996	65
15	44
5	55
5	59
0	106
0	128
16	55
0	0
4	96
0	118
1	2
0	0
1	0
9	0
0	0
1585	4
0	4
4	47
123	47
0	0
0	0
2	0
3	0
0	2
0	0
0	102
7	102
574	0
0	0
0	0
0	0
0	0
0	0
0	0
958	2356
0	2281
10	97
0	50
14	171
65	143
17	143
3	32
274	0
2	790
8	708
22	349
9	391
0	323
1	364
1	178
1	212
14	139
0	89
1584	401
118	401
0	65
16	147
3	1477
0	0
2	313
104	2630
1	2428
0	2314
0	2485
9	306
0	2272
0	1037
6	2075
0	2015
1	204
16	2411
0	2296
1	2424
8	193
0	2150
2	0
5	2005
0	1607
4	462
190	180
0	335
2	5
37	328
139	1195
0	92
16	1130
0	220
0	0
0	0
0	0
0	0
0	0
0	0
0	0
0	0
0	0
0	0
0	0
0	0
0	0
0	0
0	0
0	0
0	0
0	0
0	0
0	0
0	0
0	0
0	0
0	0
0	0
0	0
0	0
0	8
2	9
2	17
2	17
0	0
0	0
1	0
0	0
0	0
0	0
0	0
0	0
0	0
0	0
0	0
0	0
1	0
0	0
0	0
0	0
0	0
0	0
0	0
0	0
0	0
0	0
3	0
3	0
6	0
0	0
0	0
0	0
0	0
1	0
0	0
0	0
3	132
0	0
0	1
2	71
0	42
0	44
0	27
680	440
0	393
53	228
135	2505
23	2548
4	1004
98	315
0	0
0	121
147	8
11	46
27	375
19	1544
142	1202
4	1420
26	576
1	16
2	243
4	971
126	4
218	0
483	19
0	0
2	794
134	454
0	726
0	845
0	414
0	285
1	302
0	259
0	262
10	433
0	84
0	149
1	0
3	92
5	538
1	538
49	152
0	18
0	0
2	6
0	25
2	37
0	26
4	415
32	410
3	6
0	191
1	57
1	10
0	23
37	23
0	0
0	0
0	3
0	0
0	0
0	3
0	0
0	0
0	0
0	0
0	0
0	0
0	0
0	0
0	0
22	0
153	247
0	24
0	6
0	35
0	181
2	167
0	156
20	0
0	0
4	0
1	65
0	0
5	3
0	39
0	0
0	0
84	0
61	55
9	53
0	1
0	0
0	0
15	951
0	0
0	0
0	0
0	0
0	0
0	0
0	0
0	0
0	0
5	0
0	0
0	0
0	0
0	0
0	0
0	0
0	0
0	0
0	0
4	11
0	0
0	0
0	0
8914	902
16	902
821	1468114
0	505
0	468
17	16
4	16
0	4
21	2463
29	2463
669	2468
0	1476
1995	0
92	269
0	137
341	0
5	35
0	173
8	198
15	1
0	0
0	0
114	61
2	0
0	61
0	0
33	134
623	837
0	887
79	373
179	2114
53	950
213	306
1	103
0	55
25	632
20	1149
14	714
4	136
0	197
0	38
0	83
0	468
1358	1467667
0	507
1	0
67	3
0	3
5395	26
14	21
3	21
9	0
21	0
0	0
31	59
2	45
2	60
75	16
0	9
4	425
5	1713
37	1423
0	1350
0	43
0	0
61	9
12	138
569	76
2	69
0	41
11	255
4	255
1	35
2	56
20	9
66	0
0	0
6	0
0	0
0	0
0	0
0	1539
0	1553
0	1639
0	1518
0	1604
68	809
5	21
0	0
48	180
17	240
0	77
42	131
12	140
0	33
1	7
7	7
0	39
2	29
0	0
439	730
70	730
0	0
1	0
0	2
94	0
0	0
0	1509
0	1509
0	23
8	1105
1	769
0	1115
17	719
0	1101
0	1104
3	68
8	5
0	30
0	597
18	36
3	103
0	71
1	55
0	4
0	0
6	6
0	7
0	5
0	7
0	8
0	4
8	246
0	227
1	8
10	0
0	41
0	14
2	0
0	26
0	26
1	27
0	17
0	13
0	0
8	0
2	16
0	18
1	17
0	15
0	2
1	0
0	0
1785	466
1	447
9	16
0	0
42	0
0	0
0	0
0	0
0	0
0	0
892	657
40	422
0	608
7	28
0	0
0	0
0	0
691	1270
1	470
42	667
6	425
0	486
57	1
0	256
4	341
208	3011
10	2468
7	2555
6	2422
0	1188
66	20
23	2290
5	603
0	168
1	26
133	26
80	0
705	1089
0	578
11	376
5	558
0	0
0	0
0	0
4	220
4	242
45	183
0	159
2	184
0	136
5	121
0	51
6	66
6	0
22	0
158	624
8	624
0	12
0	0
0	1
138	184
13	184
0	0
0	0
1	0
0	0
0	1
0	1
0	0
0	0
0	0
0	0
2	0
11	4233
68	1416
83	1672
0	4239
0	0
113	4187
0	0
40	0
46	53
3	52
5	22
0	217
0	63
38	401
312	395
5	216
13	126
6	77
0	0
0	0
0	0
0	153
100	153
0	161
0	87
0	22
6	0
0	3
0	2
0	3
0	2
0	3
0	0
0	2
0	0
0	0
0	0
0	0
500	0
0	1
0	1
0	0
0	0
0	0
0	0
0	0
0	0
0	782
113	869
0	758
24	20
0	0
0	1609
0	1
0	141
810	3413
913	1823
2	1695
12	126
92	0
0	0
0	1
1	1
0	0
0	0
0	0
3	0
0	0
0	0
0	0
0	0
0	0
0	0
0	0
0	0
0	0
3	0
0	0
0	0
199	87
30	87
57	329
0	426
11	522
0	0
228	91
0	2
5	89
154	56
0	34
4	86
50	95
1	17
0	77
24	3
6	14
12	0
0	0
0	0
0	0
0	0
0	0
5612	0
23	10
0	691
3	718
11	376
80	0
0	0
0	0
1	0
0	2
2	0
118	6595
14	1610
334	6880
4	2
28	363
2	67
14	344
0	0
5	34
555	221
53	117
7	75
1	101
11	66
5	87
0	1
1	1
0	87
0	0
0	3
0	5
0	5
22	16
0	16
1	0
0	0
0	0
0	0
0	0
2	0
0	0
0	0
3	0
0	630
80	630
1007	664
5	184
1	137
0	0
455	1142
0	1127
0	338
0	10
100	0
41	124
0	0
63	194
0	40
0	72
1003	204
19	202
1	177
0	16416
151	16416
24	749
3	1438
20	1377
0	126
0	0
32	171
109	248
0	4904
0	3780
0	373
0	478
12	143
0	302
2	2027
7	373
0	24
0	26
0	24
0	26
0	26
14	13
0	0
0	0
0	0
0	0
0	0
130	1533
8	1519
3	14
0	0
0	0
0	48
11	87
2	57
0	210
0	68
0	68
0	34
22	0
24	84
0	84
2	75
2	84
0	12
0	9
1995	0
3	2
0	2
1	720
50	720
2	27
1	28
4	1
0	0
0	2
81	25
62	42
36	17
0	0
3	0
0	0
81	2703
8	1048
63	2423
4	5
1	4
9	8
5	90
3	194
1	5
28	555
188	1791
223	1810
158	738
0	17
59	725
0	0
122	438
9	283
1	285
0	291
0	295
126	61
180	4283
1046	4283
1399	425
8	202
7	231
1	231
0	231
0	129
0	97
13	82
120	236
0	16
0	31
1	45
1	0
0	3
69	2596
202	2596
2	879
5	0
5	124
87	0
65	0
75	0
0	0
15	0
0	0
110	0
11	2888
9	2859
271	18
51	1230
5	2989
2	1965
0	0
4	1856
2	0
1	0
0	0
0	0
0	1
2	0
0	0
0	0
0	0
0	0
0	0
0	0
0	0
109	0
6	785
144	785
1	0
242	2
0	0
8	0
32	0
1	76
0	2
1	0
0	2
0	0
0	1
0	1
0	1
0	1
0	1
6	3332
4	93
132	3332
0	0
2	21
118	277
874	600
3	600
20	0
2	0
2182	325
94	2
0	315
1331	0
0	256
0	249
0	254
11	247
0	20
0	3
0	2
51	3251
0	92
0	2675
0	2047
216	417
30	415
5	45
19	13
8	9
5	8
0	0
0	0
27	0
9	0
314	1178
24	1127
0	580
2	420
10	0
0	0
533	670
1	670
0	267
0	16
0	15
1	14
0	2
240	1366
0	546
0	83
0	48
6	0
32	250
0	32
6	9
15	183
2	5
4	0
10	663
69	57
1	86
5	76
36	34
4	74
0	2
0	0
0	0
0	0
0	0
0	0
5	0
0	0
1789	1568
0	1563
0	542
1	31
125	0
38	1
6	17
1	17
105	24
1382	7381
9	781
251	6923
134	244
5	340
0	2490
0	0
0	769
1	0
8	0
1670	58
5	15
0	0
2	2
0	2
5	43
25	0
248	608
0	80
20	51
2	53
19	12
8	133
84	444
0	0
3	0
0	142
0	59
0	142
0	0
3	0
1	9
0	0
0	0
0	0
0	0
499	1271
21	574
6	252
0	0
20	255
10	40
20	2589
0	40
11	2679
10	135
31	459
0	0
22	31
9	229
80	0
21	0
87	28
0	8
0	2
0	18
16	0
16	0
1	0
66	1201
2287	1201
182	3
0	0
0	0
21	0
44	6700
0	5271
46	7685
0	6155
0	5997
48	9254
120	530
38	3090
4	518
2	506
33	5764
162	7091
0	0
0	0
0	0
0	0
10	393
0	413
0	389
0	0
12	82
0	79
0	59
0	10
0	46
1	0
7	475
11	382
3	173
25	3
113	5
0	1
150	4
6	531
17	448
0	143
4	196
0	21
0	77
4	217
5	91
2	106
13	73
16	103
0	252
2	0
203	3265
23	3086
0	0
11	344
24	80
0	258
10	0
0	0
7	0
0	462
0	313
0	443
8	85
2	171
2	164
0	0
6	0
85	151
18	151
88	0
118	416
0	412
12	265
15	0
0	0
2	2789
282	2804
1	2767
52	1474
60	4
0	42
0	93
0	133
0	55
0	0
1	0
9	16
12	4386
13	4182
157	11
75	17
29	4226
0	4259
0	4329
26	1391
9	18
13	3
0	1
0	0
0	0
0	3
0	22
0	38
0	46
0	55
0	44
28	44
0	30
0	14
0	6
0	29
0	4
1	0
0	24
0	25
0	25
0	25
0	21
0	21
0	0
0	0
0	0
0	0
3	0
0	0
0	7
1	1
0	0
1	0
0	14
0	17
1	1
0	10
0	9
0	12
0	10
0	5
22	340
5	15
2	66
2	341
0	50
2	0
2	0
0	48
44	2024
93	2023
2	83
0	251
220	559
3	1
3	2
1	1207
0	84
12	0
916	2270
4	270
0	122
3	335
0	28
0	434
826	16
7	244
3	1953
929	853
1	135
128	20
141	12
0	54
1	138
39	234
4	3826
84	1368
8	459
56	3678
25	80
0	0
0	0
0	0
2	132
3	132
8	77
8	1570
0	1419
0	1413
0	726
0	820
0	649
0	233
0	158
2	224
0	90
0	0
8	74
0	0
3	48
0	0
46	0
0	1
0	1
0	1
0	1
491	0
0	0
0	0
188	53
23	138
0	84
5	131
0	57
0	0
67	5
1	5
0	0
0	0
1	0
0	0
0	0
0	0
0	0
1	0
0	0
142	8
24	8
0	127
160	204
1	43
1	193
0	13
5	13
4	3
34	0
7	1891
50	1855
0	947
4	24
5	76
168	0
1	0
17	0
4	3
549	1322
44	277
18	740
2	302
0	358
0	306
1	774
5	1228
0	718
38	2
11	957
11	99
0	1
2	469
52	186
24	322
0	465
2	863
54	233
1	203
0	198
1	307
0	11
18	54
45	41
32	26
12	113
3	182
1	110
1	122
2	80
0	12
0	456
0	457
19	338
4	396
0	334
0	55
0	435
0	133
0	52
0	330
0	17
0	3240
0	3156
11	3244
2	3160
27	1717
5	1332
12	169
13	0
13	8
0	5
251	0
0	4
1	1
0	1203
6	1222
40	198
0	47
1	87
297	68
2	16
18	12
0	44
0	0
0	0
3	90
1	319
1	265
0	327
0	20
20	127
54	22
0	48
1	38
0	25
0	0
0	0
0	0
0	0
0	0
0	4
0	0
0	4
0	0
2	0
1566	4997
81	4560
21	437
18	294
44	337
1	6
4	41
3	102
5	207
0	104
9	116
0	265
9	95
0	95
0	92
0	7
0	11
0	4
2	26
0	1
0	1
0	0
0	0
0	2373
141	2383
16	0
0	161
0	137
0	36
7	273
0	41
11	97
75	627
0	627
13	190
1	944
0	1571
0	912
5	1377
260	277
4	70
19	171
33	177
34	0
5	25
2	25
1	15
9	0
10	0
0	4263
94	1952
245	1
33	457
1	526
1	808
10	137
37	1
10	3161
25	21
2	536
4	0
21	151
26	85
3	65
1	82
7	0
0	56
0	56
0	28
3	3
0	3
133	650
0	275
0	422
0	111
9	248
9	270
0	232
1	236
0	830
0	814
19	193
2	686
0	0
0	0
24	151
6	116
1	67
0	59
0	22
4	35
73	81
3752	0
927	1933
421	2454
0	844
0	6
113	4
86	235
0	0
0	0
0	0
4496	2002
36	1431
1	1997
0	1584
0	0
16	0
1	218
12	218
0	218
1	0
0	0
27	0
1	0
0	0
0	0
0	0
51	10
0	10
370	529
0	427
56	43
0	70
1	18
0	86
26	231
19	231
0	713
0	561
0	638
36	154
0	672
1	30
24	62
0	69
2	652
0	530
3	4
3	89
0	333
0	124
3	196
1	73
0	84
0	0
601	0
0	0
0	0
8	16
3	318
21	467
0	207
0	427
0	89
0	58
0	0
89	888
10	888
8	0
103	18
37	5
0	0
0	0
0	2
0	0
0	2
0	2
0	0
0	0
0	0
0	0
0	0
115	0
129	46
0	20
0	14
0	12
2	13
0	0
0	24
0	0
0	0
0	0
0	0
0	0
25	692
2800	47
0	643
1	1502
0	171
0	2510
0	2510
22	108
0	114
1	81
1	44
0	130
1	764
14	2
0	0
0	2
1	30
1	34
0	34
0	3
0	0
0	34
0	0
0	0
2	88
12	88
0	31
320	535
3	527
14	24
17	194
4	468
227	471
0	314
10	0
128	0
0	235
953	0
0	1
1	0
0	2
0	1
3	9
0	9
0	5
3	815
0	1808
2	1605
0	1640
11	21
21	599
7	1005
344	2442
70	249
0	0
1	592
35	1632
3	1
0	1
0	1
2354	4560
152	3148
0	1206
29	104
0	1156
0	0
0	0
1	0
14	393
0	560
6	396
0	394
6	405
0	140
1	52
0	95
3	164
0	225
0	0
0	0
0	0
53	37
0	37
120	505
41	296
1	120
0	240
154	1017
1916	1017
14	0
0	0
0	0
0	0
0	0
0	0
0	0
0	0
0	0
0	0
0	0
0	0
0	0
0	2
0	0
0	0
0	0
0	0
0	0
0	0
0	0
0	0
1	0
0	0
0	0
0	0
0	0
0	0
0	2
0	0
0	0
0	0
0	0
0	0
0	2
0	0
0	2
0	0
0	0
0	0
0	0
0	0
0	0
0	0
0	0
0	0
0	0
0	0
0	0
0	0
0	0
0	0
0	7
0	0
0	0
0	2
0	0
0	0
0	0
0	0
0	0
0	0
0	0
0	0
0	0
0	0
0	0
0	0
0	1
0	0
0	0
0	0
0	0
0	0
0	0
0	0
0	0
0	2
0	0
0	0
0	0
0	0
0	0
0	0
0	0
0	0
0	0
0	2
0	0
0	0
0	0
0	0
0	0
0	0
0	0
0	0
0	0
0	0
0	0
0	0
0	0
0	0
0	1
0	0
0	0
0	0
0	0
0	8
3	0
2	421
2	425
41	5
1	423
0	0
7	350
0	0
0	0
0	0
0	0
0	0
0	0
0	0
0	4
0	1
0	17
0	17
0	1
0	1
8	19
0	0
0	0
0	16
0	10
0	0
0	0
0	0
2	0
0	12
0	10
0	13
1	0
0	0
0	0
0	0
0	0
0	0
12	0
0	0
0	0
0	0
0	0
0	0
0	0
0	0
0	0
0	0
0	0
0	183
32	307
0	30
0	24
0	29
0	18
0	1
51	0
0	0
0	0
0	0
0	1
2	11
0	106
17	2
0	0
5	63
13	60
10	25
0	0
0	0
3	1
0	1
0	0
0	0
1967	1035
2	994
27	0
0	26
0	0
1131	417
0	411
4	0
0	16
46	16
0	0
4	0
21	74
7	66
0	24
0	0
0	0
0	5371
0	5069
0	134
38	4617
14	3224
9	121
1	1111
11	365
54	366
15	215
0	0
0	0
0	3
0	0
0	0
0	0
0	0
0	0
0	0
0	0
0	0
0	0
0	0
0	0
4	49
0	0
0	0
0	0
0	0
0	0
0	0
0	0
0	0
0	0
89	63
12	63
6	0
12	0
0	0
0	0
0	0
0	0
0	0
52	821
0	0
0	0
0	0
0	0
0	0
0	0
0	0
0	0
0	0
0	0
0	0
0	0
69	224
0	144
0	29
0	146
34	0
18	61
27	16
4	0
109	0
0	0
4	0
68	106
0	106
6	0
7	22
1	22
0	0
0	0
0	0
3	186
15	16
26	11
0	107
2	15
4	170
35	14
37	0
15	0
0	0
7	15
1	834
0	508
0	844
1	469
0	302
0	307
43	86
0	2443
7	1494
0	2255
274	2473
146	9
4	335
9	1009
0	415
0	639
32	0
90	0
8	619
13	528
0	476
17	98
31	206
23	206
0	62
0	14
0	15
0	14
121	0
13	7
0	6
13	4
7	0
0	8
17	0
0	190
0	171
1	54
0	47
0	55
0	15
15	0
0	43
2	21
0	0
0	0
0	0
0	0
0	131
0	0
3650	1797
52	1782
0	1783
18	208
0	63
0	48
0	0
0	0
7	5
58	0
0	1
3	469
0	1
98	0
120	0
25	0
44	437
2	437
3	0
25	0
0	0
0	1
0	1
0	0
3	0
0	0
0	0
22	0
0	14
20	26
2	26
0	16
1	0
6	1
0	0
2	0
12	6
0	6
0	0
18	155
0	1
0	200
19	1
1	2
1	198
3	0
3	6
0	53
2	0
2	44
0	44
0	2
0	44
0	0
0	0
0	0
0	0
8	542
1960	1262
4	602
3	409
736	108
5	15
7	93
0	0
12	1
0	1
410	35037
55	4415
3	31273
55	4807
0	0
0	0
27	7
0	6
3	1
24	389
3	388
0	73
1	41
6	29
52	0
14	5
0	49
18	183
43	2
1	33
0	0
0	0
0	0
0	15
59	178
0	171
13	84
2	103
2	12
1	82
25	0
1	30
53	1
0	8
43	0
29	0
2	12
0	0
2	383
2	371
4	264
1	368
1	36
0	354
3	60
12	4
0	92
2	11
6	206
0	201
0	197
0	4
0	0
1	9
0	2
11	0
0	0
400	1786
1	1786
51	10
0	10
11	44
2	83
0	0
2	0
0	23
7	180
0	0
0	0
0	0
1	0
0	0
0	0
133	4076
622	2165
45	3753
0	246
33	538
90	1187
27	142
138	407
11	24
4	12
1	13
2	8
1	18
0	0
0	0
0	0
0	0
0	0
0	0
0	0
0	1
0	0
0	0
0	0
0	0
0	0
0	0
0	0
0	0
872	777
0	0
9	787
0	593
0	748
16	506
5	502
9	112
1295	3626
0	2844
0	0
2	220
26	982
0	543
0	0
6	160
10	0
1848	340
0	58
0	261
0	304
5	231
455	776
1	768
126	738
1	6
2571	0
0	0
1	2
0	2
0	2
0	2
0	2
0	2
0	368
30	37
8	19
0	363
0	2
0	11
6	0
24	3215
192	3215
7	667
0	0
35	1717
41	1717
0	384
906	66
5	13
6	51
2659	464
0	94
0	268
0	191
72	0
0	0
0	78
251	2
0	0
0	39
0	2
200	317
5	267
8	267
300	0
226	50
3	48
1402	0
0	0
2702	2616
0	2651
333	1364
43	1204
195	1063
0	0
108	0
51	2626
2	0
0	0
7	80
0	82
0	0
9	0
0	3
0	79
0	78
0	9
0	3
0	8
0	0
0	1
0	7
0	10
1	8
0	1
0	0
0	0
0	0
0	0
0	0
0	0
279	792
4	676
19	792
0	65
1	0
0	0
0	101
0	103
5	98
0	5
0	101
0	19
5	19
6	2609
3	2549
0	234
34	13
0	2044
12	73
189	2
123	765
0	267
0	155
0	836
2	586
3	733
49	906
32	393
92	988
60	248
8	229
19	589
285	0
2255	364
0	0
23	95
0	85
0	88
0	19
0	2
0	0
0	0
0	0
0	0
0	0
0	0
0	0
0	0
0	0
0	0
0	0
0	0
0	7
0	7
0	7
0	0
0	0
0	1
0	0
0	3
0	0
0	3
0	3
0	3
0	0
3	3
0	0
0	0
0	4
0	4
0	0
0	0
0	0
0	0
0	0
0	0
34	11
0	11
0	0
0	0
0	0
0	0
0	0
0	0
0	0
0	0
0	0
29	0
0	0
2	3
4	19
0	16
0	19
0	0
2	16
70	118
0	57
7	26
0	114
0	2
0	2
2	2
0	2
0	0
0	2
0	109
0	0
0	109
2351	3
0	0
2	0
0	0
0	0
0	0
0	0
648	2524
0	181
1	1915
10	718
0	20
0	124
466	239
44	494
6	22
2718	2141
8	2081
0	1973
0	1948
1	2014
14	185
0	301
0	0
0	0
172	0
0	866
0	868
67	520
0	0
3	0
26	6
1	6
1290	0
0	0
7	50
381	332
0	282
0	0
0	0
0	0
0	0
0	0
0	0
0	0
0	0
0	0
0	0
0	0
0	0
0	0
0	0
0	0
0	0
0	0
0	0
0	0
0	0
0	0
0	0
236	2
11	0
5	0
1357	0
0	74
6	48
8	74
56	1304
645	1893
180	620
0	568
0	0
73	589
32	89
652	124
23	0
13	0
0	0
0	0
1	5138
14	3147
0	3844
3	752
0	3207
191	1754
0	2665
0	765
23	4831
1	304
0	720
0	1401
13	3306
87	1180
2	513
2	151
2	1600
16	894
53	1
51	287
0	0
0	0
0	0
57	453
35	448
129	478
0	472
2	11
0	455
23	0
0	0
0	0
0	0
0	0
0	0
0	0
0	0
0	0
0	0
0	0
0	0
0	0
0	0
0	0
0	0
0	0
0	0
0	0
0	0
0	0
0	0
0	5
0	0
0	0
0	0
0	0
0	0
0	0
1	0
693	455
0	357
18	451
545	3797
117	2361
7	2456
13	121
10	1451
4	1088
0	4
17	520
49	350
3	350
9	1
1803	312
8	310
207	87
3	87
0	0
5	3
1	2
1	2
0	0
260	407
0	3715
7	2425
0	3731
2	2026
0	0
17	3342
3	109
2	1494
0	0
1	0
0	0
0	592
0	552
7	575
13	296
0	535
0	0
7	131
58	224
0	205
319	1593
901	1593
3	0
0	0
2	147
0	0
100	0
3901	457
10	457
98	17
3	14
2	3
10	33
15	33
0	0
26	4
8	44
6	44
0	3326
0	3237
47	3393
5	2087
0	0
14	651
3	753
0	0
7	274
0	24
1	9
0	144
0	1
20	144
0	0
12	0
0	0
0	80
0	25
0	25
0	13
1	11
2	1
0	0
0	0
0	0
0	0
0	0
0	10
0	10
0	5
0	7
0	10
0	8
0	4
0	2
0	3
0	0
0	0
0	0
68	191
36	279
0	295
0	0
2	432
0	71
0	0
0	88
0	0
587	294
0	125
1	108
8	71
1	11
0	0
0	0
0	0
0	0
0	0
0	0
0	0
0	0
0	0
1	0
0	0
0	0
0	0
0	0
0	0
0	0
0	0
2	176
2	153
0	168
0	0
0	55
0	43
0	78
1	570
0	116
0	152
0	11
2	51
0	99
0	202
0	49
0	0
0	0
0	131
5	48
0	99
0	90
4	149
8	35
1	46
0	225
0	0
0	0
12	25
1	116
2	34
0	142
0	0
30	42
0	125
0	334
0	0
0	26
17	26
0	31
0	0
3	14
13	29
6	22
0	0
4	26
0	273
0	180
0	158
0	0
2	28
0	146
0	607
1	238
0	360
0	171
0	0
0	121
0	175
0	190
1	316
0	259
1	434
0	590
45	263
3	123
0	0
0	82
0	550
0	165
0	330
3	381
0	418
0	435
0	137
0	47
0	0
0	0
1	42
0	36
0	0
0	168
5	15
0	0
0	0
3	3
0	0
1	138
43	2
0	0
0	25
0	30
2	14
0	0
0	0
0	0
0	0
0	0
0	0
0	0
0	0
0	0
0	0
7	4
12	3
0	0
0	0
0	0
0	0
0	0
0	0
0	0
0	0
0	0
0	0
0	0
0	0
0	0
1	0
0	0
0	0
0	0
0	0
0	0
0	0
0	0
0	0
0	0
0	0
0	0
0	0
0	0
0	0
0	0
2	37
1	7
3	32
0	33
0	0
0	0
0	0
0	0
0	4
0	14
0	7
0	0
0	2
20	0
0	0
0	0
0	0
0	0
0	0
0	0
0	0
0	0
0	0
0	3
0	0
0	3
0	7
0	0
0	811
0	0
0	0
0	0
0	0
0	0
0	0
0	0
0	0
0	0
0	2
0	2
13	3
1	1
0	0
2	3
0	3
0	22
0	0
0	0
167	10
3	1020
35	2383
2	40
0	12
5	26
0	29
4	18
0	7
10	10
0	10
431	2775
1114	2679
37	2536
7	2568
29	0
2	0
0	0
21	0
32726	4131
19	981
0	1255
4	626
16	225
17	588
20	164
5	447
0	0
0	0
0	0
0	0
633	14288
9	14259
0	825
5	1712
21	2919
0	2321
1	1075
4	932
55	195
0	118
99	71
657	194
1	63
0	53
11	121
0	10
4	9
13	8
1	2
0	0
12	0
0	26
157	232
13	230
108	20
4	465
5	400
0	150
2	125
0	27
5	184
0	90
5	124
5	132
21	151
0	143
3	20
8	0
0	989
28	335
0	987
3	787
33	120
1	34
85	426
3	393
2	392
0	352
20	403
9	402
0	5
14	0
5	0
0	0
1488	1576
0	1574
0	0
96	0
0	0
3	1469
9	1557
14	63
0	1504
0	388
5	10
0	0
0	10
0	0
0	0
8	903
4465	2024
3	296
9	243
0	453
0	197
1	290
0	0
0	22
0	5
0	73
1	68
0	2
0	3
0	5
1	1
0	12
0	67
5	0
0	2
1	27
88	620
0	597
0	93
21	569
0	60
0	208
0	232
0	35
6	65
0	117
0	0
2	84
0	0
0	0
11	8276
0	1482
22	135
58	1520
0	7605
9	6508
4	2049
0	917
6	5424
18	569
17	1383
0	1699
2	3954
0	969
0	124
0	4
3	1782
49	456
0	0
11	28
4	28
81	2697
0	2752
161	2644
1	277
7	2036
30	2560
288	1126
2	6
0	278
13	0
27	4
17	373
0	237
99	1965
1234	3124
0	612
0	268
1	1030
10	44
34	245
0	245
0	23
0	0
143	610
5	612
0	24
0	5
206	159
3	159
0	23
46	124
0	6
0	0
281	2418
9	2637
11	2419
84	2335
21	2358
6	410
4	112
0	34
25	117
2	324
0	70
6	71
0	8
0	2
0	0
56	220
0	0
0	1
0	0
45	375
4	169
0	149
5	368
3	151
0	84
6	15
285	812
21	760
4	0
4	52
0	19
0	3
47	123
3	130
2	82
5	61
30	0
34	447
323	1687
12	1534
2	178
25	183
0	1
0	0
0	0
0	0
0	0
0	0
0	1
0	1
0	0
0	0
0	0
4	12
97	206
0	18
16	10
0	1
0	0
0	0
0	22
3	16
0	150
0	0
494	8
0	6
0	0
0	0
0	0
0	0
0	0
0	0
0	0
1	0
0	0
1	0
78	8
0	8
312	609
3	0
252	609
5	34
0	3
2	34
0	8
160	86
2	15
5	6
1	78
41	32
2686	3139
0	2848
32	281
4	1285
8	223
2	1608
5	1038
1	289
0	0
3	94
10	725
76	766
0	61
92	0
0	0
11	6382
0	3492
0	6190
0	6382
27	5078
4	57
0	0
10	244
37	159
10	15
1	236
4	170
0	0
11	329
10	44
4	300
19	0
4	27
3819	13762
55	82
0	82
23	956
38	932
65	24
44	0
0	0
0	0
0	0
0	0
343	181
5	9
0	52
2	12
4	58
0	23
3	16
4	43
0	28
0	0
1	0
53	328
0	273
10	246
18	248
3	45
18	0
712	360
4	17
7	8
52	209
9	73
5	0
0	515
0	17
21	517
0	517
0	89
6	59
0	17
5	64
1	117
148	10
0	18
77	123
2	32
0	0
9	1086
4	1770
0	1046
5	91
5	1054
0	0
9	0
23	1
1	7
0	7
0	0
0	0
0	904
0	894
0	827
1	989
0	897
5	601
6	91
3	46
952	1019
2	953
1	1019
9	705
3	153
6	140
6	8991
88	6893
419	14018
33	7533
90	847
24	9407
17	310
3	10
123	309
9	31
0	36
0	270
0	0
31	0
0	0
26	9859
2721	9859
0	0
0	0
0	28
5	28
6	229
41	229
0	0
8	75
12	75
2	0
0	0
0	0
3	40
0	0
0	0
8	6
0	6
38	221
32	221
0	0
0	0
0	0
0	0
1	0
0	0
0	0
0	0
0	0
0	0
0	0
0	0
0	0
0	0
0	0
0	0
0	0
0	0
0	0
0	0
0	0
0	0
0	0
0	0
0	0
0	0
0	0
0	0
0	0
0	0
1	0
0	0
0	0
0	0
0	0
0	0
0	0
0	0
0	0
35	4
0	0
92	0
0	0
0	0
0	0
17	0
1	116
0	0
6	3
0	0
0	0
0	0
0	0
0	0
0	2
3	2
0	0
1	0
4	0
0	0
0	0
0	3
5	3
0	0
0	0
0	0
1	0
0	0
0	0
0	0
0	0
0	0
0	0
0	0
0	0
0	0
2	137
31	137
4	0
0	0
0	0
3	0
0	0
0	0
0	0
0	0
0	1
28	0
3	0
0	0
0	4
127	7
1	0
0	0
31	4
92	0
0	0
0	0
0	0
0	5
1	5
0	0
0	0
0	0
56	1
41	0
0	0
0	7
0	0
0	0
0	0
0	0
0	5
4	5
16	0
0	12
5	12
0	0
0	0
5	15
0	15
0	13
2	13
0	0
0	0
0	0
0	0
0	0
0	148
72	148
1	0
33	2
0	0
0	0
0	0
0	0
39	0
0	0
0	0
1	0
0	0
6	0
0	0
95	4
0	0
0	0
0	0
0	0
1	0
0	0
13	4
0	0
0	0
0	4
0	4
4	12
0	12
0	0
6	0
0	12
4	12
0	2
0	0
0	0
0	0
35	0
0	0
0	0
0	0
14	60
0	42
0	0
0	14
9	14
0	0
0	0
1	0
0	0
64	0
0	0
0	0
0	0
0	0
556	88
0	0
0	0
0	0
0	0
0	5
0	5
0	0
1	0
0	49
0	0
0	0
0	0
0	0
0	0
0	0
9	0
0	0
0	0
0	1
0	1
0	0
0	0
0	0
0	0
0	0
0	0
0	0
0	0
0	0
0	0
0	0
0	0
0	0
63	4
5	3
0	0
4	36
0	36
197	3
0	0
0	0
0	0
5	0
89	4
0	0
0	0
0	0
2	3
0	0
0	0
0	0
86	6
17	0
1	12
0	12
0	0
0	7
0	3
0	0
0	0
0	0
0	0
0	0
0	12
1	13
0	18
0	0
0	0
0	0
2	0
0	0
78	1
0	0
0	0
0	0
0	0
0	1
0	0
9	0
0	0
0	0
0	0
0	0
0	0
0	7
0	7
28	48
0	47
0	0
0	0
0	0
0	0
0	12
0	13
31	20
0	0
0	0
0	0
0	0
0	3
0	3
0	0
0	0
0	5
1	0
0	0
0	38
14	38
0	0
0	0
0	0
0	3
2	3
0	0
0	0
0	0
3	48
2	1
34	0
0	0
0	0
0	13
4	13
0	0
0	0
1	4
1	0
0	0
63	1009
23	55
221	1023
60	0
1	42
102	48
0	10
0	4
0	15
0	0
3	0
0	8
0	0
0	0
0	0
0	0
21	86
40	283
2	140
2	6
1	0
28	135
0	0
3	42
2	48
0	0
13	0
4	9042
90	4293
23	5486
30	337
1	418
169	294
100	6863
52	6769
165	0
769	311
3	34
1	32
8	26
31	0
529	257
0	0
0	0
6	17
0	541
23	855
13	105
26	850
0	9
1	0
1	0
0	0
0	0
0	0
0	0
0	0
0	0
17	1139
14	111
0	0
4	0
4	0
26	497
6	958
86	51
6	0
29	0
0	8
0	0
356	214
20	114
0	186
0	35
19	35
0	5
0	5
153	0
394	434
34	434
4	7
0	0
8	0
0	0
0	0
0	0
0	0
0	0
31	3
0	3
0	1
0	0
0	1
0	1
808	217
20	215
9	132
24	1775
0	631
0	631
0	1
21	631
50	631
0	629
0	0
0	0
0	0
0	0
0	0
0	0
1	4
0	5
0	1
0	0
0	0
8	0
0	0
3	0
0	0
0	1
0	0
0	0
0	0
0	0
0	0
3	2
0	0
0	0
0	0
0	0
0	0
0	0
0	0
0	0
33	203
0	0
0	0
8	2
0	2
0	0
0	12
2	5
0	27
0	7
0	7
0	22
0	9
8	8
0	8
0	8
0	7
0	7
1	0
257	12277
0	550
81	4284
533	259
0	11219
0	538
23	4354
0	9
67	992
19	1384
76	0
731	1941
4	1654
0	3
13	21
81	1054
61	287
9	23
5	46
613	81
1	0
0	66
47	11
0	0
1	0
0	1
0	1
0	0
0	0
1	0
0	0
0	0
0	0
2435	6558
0	505
21	5811
9	1393
14	404
44	251
22	0
8	7
0	78
65	78
0	0
0	0
0	0
0	0
107	1816
0	1816
0	278
8	0
6	0
0	2
1	2
0	0
0	0
972	1406
153	1229
0	286
743	1759
0	1581
0	427
0	38
1547	358
0	0
0	0
0	0
0	0
0	0
0	0
0	0
0	0
0	0
0	0
0	0
0	0
0	0
0	0
0	0
0	0
0	0
0	0
53	850
0	748
0	105
0	20
1	449
1	449
0	420
0	0
0	0
0	0
0	0
0	0
0	0
0	0
0	0
0	0
0	0
0	0
0	0
0	0
0	0
0	0
0	0
0	0
0	1
0	1
0	1
7242	2320
9	2304
23	1796
13	0
0	1
0	1
0	0
0	0
0	0
0	0
0	0
0	0
0	0
0	0
10	1697
256	1688
0	27
1	119
0	333
19	204
11	81
0	32
31	1528
485	4408
0	4293
0	333
0	515
0	573
32	239
804	2828
16	174
20	2508
20	802
5	1249
0	577
0	268
0	0
0	0
0	0
0	0
0	0
0	0
0	0
0	0
0	0
0	0
0	0
0	0
0	0
0	1
1	0
0	0
1	0
0	0
0	0
5	0
0	0
0	0
2	0
1	7
0	0
0	0
0	0
2	0
3	699
10	740
0	34
0	48
0	40
17	0
4	16
0	101
31	0
0	133
0	46
160	228
7	184
1	103
1	88
0	42
0	27
2	10
3	0
2	0
2841	933
4	565
0	440
0	560
9	246
0	0
0	0
0	0
0	0
0	0
0	0
0	0
0	0
516	1475
0	0
1	1443
5	9
13	30
0	253
0	0
0	0
0	0
21	6405
0	2711
2	87
818	5944
13	0
0	184
0	42
0	0
156	2753
1	2
0	0
0	0
554	1475
23	1185
0	1256
46	0
88	0
318	0
34	0
108	0
97	0
29	0
8	686
0	0
0	0
0	1
0	1
0	1
4	2762
0	2565
0	2519
0	2545
76	1670
0	2517
1	2580
2	897
0	1211
0	967
0	1
0	163
7	939
0	232
2	596
35	66
3	398
0	502
1	0
0	193
0	364
8	209
0	58
5	267
1	15
0	126
170	0
0	0
94	0
0	0
0	0
56	70
0	44
2	0
14	0
29	0
12	26
2	0
2	0
0	13
0	0
0	0
0	0
0	0
0	0
0	0
0	0
0	0
0	0
0	0
0	0
1	2
0	0
0	0
0	0
0	0
8	1539
0	1537
3	7
22	4
2	251
19	18
23	85
14	200
6	3
3	45
6	3
25	355
12	50
19	0
14	12
0	0
39	0
0	0
0	0
12	0
551	502
0	164
0	54
5	320
2	24
1	9
0	9
0	3
0	1
0	0
0	3
0	3
0	41
1020	1069
0	333
3	77
1	646
2	0
0	40
4	46
1	2021
24	1411
0	2021
3	1761
0	1848
90	1971
34	723
13	308
14	148
5	0
30	0
0	0
0	0
7	125
190	152
15	124
1	137
0	0
224	1173
4	307
0	309
0	914
90	92
8	1047
162	531
15	388
0	0
0	0
0	0
0	0
0	0
0	0
1	19
6	8
0	0
0	0
0	0
0	0
0	0
3	0
0	0
0	0
0	0
0	0
0	0
0	0
0	0
0	0
0	0
0	0
0	0
0	0
0	0
0	0
1	0
0	0
0	0
0	0
0	0
0	0
0	0
0	0
11	1731
1	5
0	0
0	0
0	0
0	0
0	27
0	0
31	1888
18	1690
29	1719
600	1640
5	249
0	222
4	196
0	0
0	0
0	0
0	0
1843	2527
14	2245
0	0
1	276
4	0
5	759
1608	1806
40	1507
5	93
1	0
13	278
29	20
5	4
0	1
157	5
1	0
0	4
0	0
22	9
2	3330
0	0
0	0
447	1101
42	160
2	915
0	126
0	42
21	595
0	904
0	0
1	7
0	0
2	108
0	0
3	266
16	55
3	194
7	445
27	149
19	213
0	645
1	618
24	446
1	134
65	62
6	79
0	62
25	214
23	176
42	154
2	0
761	886
0	789
0	223
1	152
2	440
7	294
2	278
0	179
0	90
17	108
0	54
0	23
1	637
5	2218
109	2351
8	2289
47	674
2	4
0	221
1	0
0	0
175	0
261	929
174	0
152	704
4	161
0	0
6	20
0	17
0	12
1	2
0	2
0	1
0	1
0	1
2	0
1	0
0	0
0	0
0	0
0	0
0	0
186	520
3	522
84	358
1	404
1421	1857
1	1856
0	0
3	383
37	383
0	79
0	0
0	0
0	2
11	170
0	0
0	0
3	0
6	0
4	70
0	2
11	56
452	71
0	0
0	0
0	0
0	0
0	0
0	0
0	0
0	0
0	0
0	0
0	0
457	96
0	96
0	0
0	0
0	0
0	0
0	0
5	3
0	0
0	0
0	33
0	0
0	0
19	0
0	0
0	0
0	0
0	0
0	0
0	0
0	0
1	0
0	0
0	0
7	14
0	14
0	0
5	160
50	553
237	553
20	0
531	3005
92	2971
0	2687
17	335
7	86
63	0
0	0
106	0
28	748
0	207
0	0
0	0
1823	487
3	481
0	0
25	1
64	0
12	11
4	0
0	0
0	101
676	563
0	497
74	47
0	91
33	5
35	318
0	0
0	0
0	0
0	0
0	0
0	0
0	0
0	0
0	0
0	0
0	0
14	3
28	122
1814	525
1	362
52	43
79	0
0	0
1	75
0	82
0	84
0	20
0	0
0	0
0	0
0	0
0	79
0	0
0	12
0	0
0	0
1	0
0	0
0	0
0	0
0	0
0	0
9	0
0	0
0	0
0	0
0	0
0	0
3	0
0	0
2	0
0	0
0	0
3	0
4	336
0	875
0	788
0	940
0	280
1	646
6	575
11	505
221	265
0	0
94	0
0	0
0	0
0	0
0	0
263	80
0	45
0	45
0	24
34	80
0	87
0	54
0	51
0	1
0	1
0	1
0	1
0	1
0	1
0	0
16	0
41	8
0	6
6	2
0	0
4	0
1	52
50	223
263	659
7	497
3	12
0	282
48	0
0	125
0	0
111	70
40	0
40	0
0	0
0	0
0	0
69	43
18	28
2	43
5	0
0	0
1	0
0	0
0	0
0	0
0	0
0	0
0	0
0	0
0	0
0	0
0	0
0	0
4	3
0	3
0	0
0	1412
0	1412
23	169
1	1204
0	1055
0	308
10	10
0	0
0	0
0	1
0	1
0	0
0	0
89	245
10	245
3	243
1	0
12	1605
0	1358
1	1613
2	36
15	1233
91	1413
2	479
0	0
11	22
0	0
0	28
0	28
0	30
0	29
0	28
0	26
0	19
0	8
3	0
6	2154
235	2154
0	0
22	0
0	0
0	0
25	47
0	47
0	0
0	0
4	351
10	58
3	1
0	1
186	1037
2	1002
3	122
3	81
0	0
0	0
0	0
0	0
0	0
0	0
0	0
0	0
0	0
0	0
0	0
0	0
0	0
0	0
0	0
0	0
0	0
0	0
0	0
0	0
0	0
264	1683
22	2723
0	2
135	1504
0	2
2	1930
1043	67
870	1634
391	1774
555	142
1	2
552	1641
1	0
1548	0
300	1084
55	1758
0	5
6	1954
12	1957
1	4429
0	4392
1	3227
0	2
307	3010
731	3010
136	3229
0	2
1	4389
5	4241
0	0
0	0
0	0
0	0
0	0
1	145
1	145
4	144
0	16
0	124
1	20
1	0
0	0
0	0
0	0
27	31
0	37
3	20
12	10
0	0
0	0
0	0
0	0
0	0
0	0
7	2
19	2737
551	3372
255	621
191	2680
0	2
744	1110
0	0
0	0
0	0
0	0
0	0
0	0
0	0
0	0
0	0
0	0
0	0
0	0
0	0
0	0
0	0
0	0
0	2
0	0
0	0
0	0
0	0
0	0
0	0
0	0
0	0
0	0
0	0
0	0
0	0
0	0
0	0
0	0
0	6
0	0
0	0
0	0
0	0
0	0
0	0
0	0
0	0
0	0
0	0
0	0
0	0
0	0
0	0
0	0
0	0
0	0
0	0
0	0
0	0
0	0
0	0
0	0
0	0
0	0
0	0
0	0
0	0
0	0
0	0
0	0
0	0
0	0
0	0
1	0
0	0
0	0
0	0
0	0
0	0
0	0
0	0
0	0
0	0
0	0
0	0
0	0
0	0
0	0
0	0
0	0
0	0
0	0
0	0
0	0
0	0
0	0
0	0
0	0
0	1
0	1
0	0
0	0
0	0
0	0
0	0
0	0
0	0
0	0
0	0
0	0
0	0
0	0
0	0
0	0
0	0
0	0
0	0
0	0
0	0
0	0
0	0
0	0
0	0
0	0
0	0
0	0
0	0
0	0
0	0
0	0
0	0
0	0
0	0
0	0
0	0
0	0
0	0
0	0
0	0
0	0
0	0
0	0
0	0
0	0
0	0
0	0
0	0
0	0
0	0
0	0
0	0
0	0
0	0
0	0
0	0
0	0
0	0
0	0
0	0
0	0
0	0
0	0
0	0
0	0
0	0
0	0
0	0
0	0
0	0
0	0
0	0
0	0
0	0
0	0
887	213
0	198
11	221
2	178
6	2
26	4
0	0
464	0
6	1
4	1
41	4
71	7
0	7
0	6
0	2
0	2
0	2
0	0
0	0
15	0
3784	1827
162	1173
0	5
467	686
912	628
1455	1216
1782	419
3841	174
1583	451
280	2571
0	2
1124	2995
427	1013
203	2889
0	2
517	1358
4067	15
65	2856
4	2856
90	26
4633	273
0	17
0	0
504	2364
0	0
0	2
4304	3223
7	0
2780	1186
0	155
67	278
0	123
0	60
0	0
7920	295
856	911
5	992
0	2
1743	1123
621	2581
0	2
887	1791
3	0
914	1732
948	1823
667	1015
1542	0
1	2
0	2
0	2
0	0
1	27
4	29
2	24
0	14
0	3
0	1
0	3
0	3
0	2
0	0
0	0
0	0
0	0
94	380
44	358
1	350
27	335
0	226
0	0
0	462
0	0
0	0
107	18
0	0
0	18
0	0
4	1393
0	262
40	2044
75	1876
0	192
24	620
0	17
46	364
1	29
0	104
5	9
2	1
0	0
0	0
0	0
0	0
1	0
0	35
0	36
0	272
0	259
0	0
0	0
0	0
2	272
0	9
2	0
0	95
0	20
1	9
0	6
0	0
1	32
0	228
1	3
0	5
0	1
0	2
0	30
0	36
0	35
0	233
0	6
3	21
0	37
0	21
0	3
0	1
6	0
3	19
0	0
2	321
42	344
4	202
1	147
1	47
6649	794
1	784
0	0
426	0
1	0
23	621
1	36
55	28
1	398
0	23
0	590
20	6
0	37
2	39
0	3
0	4
1	0
0	0
0	0
669	0
343	0
790	82
0	43
0	39
2900	210
4	27
14	89
14	99
3	0
0	0
0	4
0	0
0	0
0	4
4	31
0	31
0	5
0	0
0	0
0	0
0	0
0	4
0	0
0	0
0	0
0	0
0	0
0	0
0	9
3	867
0	0
0	0
0	0
0	0
0	0
0	0
0	0
0	0
0	0
0	0
0	0
0	0
0	0
0	0
0	0
0	0
0	0
0	0
0	0
0	0
0	0
0	0
0	0
0	0
0	0
0	0
0	1
0	1
0	0
0	0
0	0
0	0
0	0
0	0
0	0
0	0
0	0
0	0
0	0
0	0
0	0
0	0
0	0
0	0
0	0
0	0
0	0
0	0
0	0
0	0
0	0
0	0
0	0
0	0
0	0
0	0
0	0
0	0
0	0
0	0
0	0
0	0
0	0
0	0
0	0
28	389
0	0
8	5
0	5
0	5
12	1
0	0
19	45
0	1
0	0
1	0
0	11
1	34
0	0
0	0
1	7
0	0
0	0
7594	18
1	0
0	1
1	1
0	0
0	1
0	504
0	0
195	507
2	6
8	46
13	433
76	379
8	288
3	206
0	74
35	129
5	129
0	854
11	846
82	843
0	5
0	0
0	0
0	0
0	0
55	155
6	1429
3508	4366
0	0
0	1200
14	0
8	2165
1	6
0	6
0	13
104	16
0	5
0	5
55	0
0	0
3537	2
0	0
12	156
20	36
0	11
0	261
0	303
0	0
6	136
6	136
1	5
11	0
7	1675
0	1709
10	121
1	6
18	369
14	369
11	36
21	0
0	2
0	2
0	0
1	0
0	0
0	0
3	0
0	0
0	0
14	1
1	1
0	0
0	0
71	0
773	2
0	0
1	2
1	2
6	21
0	13
6	8
0	0
465	8
0	0
0	0
1	0
37	0
1661	1591
49	0
0	0
0	0
491	0
173	1558
16	41
1	187
147	0
0	0
0	0
0	0
0	2
0	2
0	0
0	0
0	0
0	0
4	0
82	1449
47	1379
0	0
4	0
0	222
3	168
4958	4013
0	981
29	2711
7	1992
0	0
0	0
0	0
0	0
5	102
0	96
0	87
0	8
1	0
0	360
0	360
0	0
0	0
0	0
0	0
3	1
0	0
0	0
0	0
0	0
0	0
0	0
0	0
0	0
0	0
0	0
0	0
0	0
0	0
0	0
0	0
0	0
0	0
0	0
0	0
0	0
0	0
0	0
0	0
0	0
0	0
0	0
0	0
0	0
0	0
0	0
0	0
0	0
0	0
0	0
0	7967
42	8655
0	7908
8	7910
6	1183
0	3931
2	3042
29	2979
1	2390
90	2745
0	2014
1	1355
12	546
1	512
0	1
40	2
0	2
14	0
3	249
542	282
2	281
0	157
0	278
2	7
3	2
1	1949
54	349
298	1949
0	0
1	946
2	106
0	81
79	355
6	101
8	197
0	19
1	28
1	116
1364	726
2	0
0	0
0	0
605	797
0	72
0	0
32	70
54	70
54	2970
65	3009
3	218
5	277
0	153
6	0
0	0
0	5
0	0
0	7
0	7
0	0
5	0
14	266
1	243
0	250
0	27
0	0
0	0
0	0
0	0
0	0
0	0
0	0
1	0
0	7
17	0
1204	4208
10	1576
0	3710
18	1784
7	465
1	102
7	198
5	136
7	35
10	232
0	20
0	22
0	15
0	4
0	0
0	0
0	0
87	117
1	117
0	0
10	10
0	3
1	7
27	738
42	783
0	739
0	736
22	186
1	143
0	72
1	359
0	334
15	361
8	329
13	299
0	164
5	0
0	0
0	0
0	0
0	0
0	1
0	1
0	0
0	0
0	0
0	0
0	0
0	0
0	0
0	0
0	0
0	0
0	0
0	0
0	0
0	0
0	0
0	0
0	0
5	0
0	0
0	0
0	0
0	0
0	666
5	0
0	0
26	664
0	19
0	0
116	0
51	112
0	14
25	95
0	101
0	0
0	0
0	0
0	1
0	1
0	0
253	0
12	172
0	0
0	0
12	0
18	1035
2	333
0	426
0	127
6	954
0	841
0	936
0	0
6	117
9	167
146	0
0	116
0	172
0	0
1	51
0	1
0	0
0	0
4	0
2	0
0	0
0	0
0	0
0	55
7	60
0	54
0	12
0	14
0	0
2	0
1	0
0	825
0	791
8	278
0	0
10	229
41	187
0	0
0	0
0	0
0	0
0	0
110	14
44	12
0	0
0	0
0	0
0	0
0	0
0	0
6	0
0	0
1	0
1	0
1	3
0	2
0	4
0	4
0	1
0	1
0	0
0	0
0	0
4	0
0	0
0	0
0	0
2	0
7	31
0	15
1	16
4	16
0	0
0	0
0	0
0	0
0	0
0	0
6	83
2	0
2	58
132	1420
10	2596
14	1417
0	554
24	1417
1	120
47	2579
0	2574
15	278
4	1548
0	1334
4588	1552
0	371
1	39
0	39
24	30
0	14
6	676
0	460
26	171
6	48
16	199
7	164
0	47
0	72
0	76
57	10
19	1
8	199
10	230
45	114
0	0
2	2
6758	37357
274	37357
0	2
4	1885
1	236
276	200
90	535
0	300
747	575
0	96
4	69
0	0
0	0
0	0
582	121
2	51
0	70
0	0
0	0
0	0
468	7248
17	7248
3	7248
68	5077
2	0
9	0
0	0
2	0
1	52
420	52
2	51
0	0
389	142
6	110
2	98
0	0
0	0
0	0
0	0
1	0
0	0
0	0
0	0
0	0
1	0
7	679
0	714
0	541
14	643
275	147
0	218
4	160
1	72
0	191
19	216
6	111
19	86
15	0
0	0
0	0
0	0
0	0
0	0
0	0
0	0
0	0
0	0
0	0
0	0
0	0
0	0
0	0
0	0
0	0
0	0
0	0
0	0
0	0
0	0
0	0
0	0
0	0
0	0
0	0
0	0
0	0
1	4
0	4
0	4
0	3
0	3
0	3
0	3
0	1
0	0
0	0
0	0
0	0
0	0
0	0
1	2
0	0
0	0
341	928
0	0
0	0
68	931
2	0
0	0
12	1084
0	154
0	0
0	0
2	9
7	0
4	1300
18	295
66	1181
0	56
17	1144
1708	0
0	1
0	1
0	1
0	1
0	1
0	1
0	0
0	0
0	0
0	0
0	0
0	0
0	0
0	0
0	0
0	0
0	4
0	4
0	0
0	0
727	0
0	0
11	4793
217	4780
0	563
46	420
1	0
0	0
0	0
0	2
0	2
9	0
1	0
0	0
1	0
0	0
5	6
1258	8
0	1
0	1
0	1
37	333
0	333
1	233
0	123
0	268
0	73
8	165
0	0
1	42
0	0
0	0
3	4
0	4
0	0
6	0
2492	406
0	134
0	117
2	119
3	34
972	2
0	0
0	0
0	0
0	0
0	99
21	0
0	23
0	27
0	25
0	103
0	0
6	28
0	0
0	0
1	3
0	0
0	0
0	7
0	0
0	10
0	8
0	6
0	6
0	6
1	0
0	1
0	23
0	153
0	140
0	76
5	37
1	35
0	85
0	48
2	64
3	51
356	3
1	1
5	97
0	166
1	217
3	114
2	132
0	41
0	71
0	154
2	211
0	205
38	82
117	1087
0	615
1	2
3	621
4	320
1	498
3	138
117	1924
114	621
0	188
0	1485
0	0
0	519
35	74
2	291
0	0
0	90
0	0
0	0
0	0
1347	187
13	20
97	165
2	0
0	0
0	0
0	0
5	303
3	303
0	0
0	0
16	0
0	0
0	0
0	0
0	0
0	0
0	0
0	0
0	0
0	0
0	0
1	0
0	0
0	0
0	0
0	0
0	0
0	0
0	0
6	0
0	0
1	0
0	0
1	2
1	105
1	79
7	1092
2	1307
0	375
0	44
12	1525
0	31
2	327
60	1463
0	119
3	58
4	51
0	0
1	771
0	109
1	478
2	374
0	487
0	426
0	515
0	439
4	384
2	189
6	7
25	158
3	40
0	0
7	344
1	0
0	0
0	0
0	0
0	0
0	0
0	0
0	0
0	0
628	955
2	953
0	0
0	0
246	334
0	291
0	2
7	43
2417	1500
6	1363
0	1429
0	0
142	285
9	131
0	52
0	0
31	6
3	6
0	1
0	1
0	0
17	0
185	8
2	1
0	2
0	5
0	0
0	0
0	0
56	550
0	436
0	313
0	0
0	0
0	118
2	0
2593	80
7	78
2133	1451
22	118
5	126
1	427
2	239
4	176
36	110
1	387
0	243
171	5009
172	2561
15	264
15	0
101	287
3	2494
0	117
4	225
0	92
0	38
0	0
7	38
0	0
0	0
7	12
52	20
1	0
2	1
6	0
1	7
132	0
2	0
252	221
0	0
1	221
0	136
2	164
0	150
5	59
0	48
305	1957
0	159
6	1562
0	220
46	1504
8	2565
37	3310
2	623
0	483
6	775
4	251
6	50
0	0
128	292
0	0
0	0
21	292
0	0
0	0
0	0
0	0
0	0
0	0
4	4
0	0
1	4
1380	2
0	0
0	0
0	0
2	141
44	430
0	12
0	302
2	25
6	22
58	22
2	0
1229	0
0	0
0	0
0	0
0	0
321	0
0	0
70	115
0	105
0	113
5	31
0	60
0	0
3	0
0	0
1634	0
9	0
15097	12
0	541
0	571
0	560
0	541
0	543
0	558
10	225
0	357
0	530
0	549
0	34
7	492
2	450
7	140
0	23
0	446
15	232
3	664
87	645
11	230
12	14
1	25
0	23
0	7
0	2
0	5
0	1
108	333
21	332
5	190
314	1644
0	1644
1	1700
2	8
198	1149
0	1149
2	1095
55	52
10	440
22	208
61	208
11	1565
125	1565
13	52
0	4
0	4
2984	14
6	1118
3	131
6	1130
0	35
0	1086
0	94
0	1082
52	3
15	175
1	2234
1	2155
9	88
64	0
0	1981
1	98
1	275
2	146
0	0
1	208
0	80
0	0
0	0
0	0
0	0
0	0
0	0
1	2
0	0
0	0
0	0
0	0
0	0
0	0
0	0
0	0
0	0
0	0
0	1
0	0
0	0
0	0
0	0
0	0
0	0
0	0
0	1
0	0
0	0
0	0
0	0
0	0
31	190
1	50
0	85
3	211
5	9
1	29
3	22
23	117
1	38
0	19
0	8
2	77
1	74
0	0
0	0
0	0
0	0
0	0
0	0
0	0
0	0
0	0
0	0
0	0
0	1
0	0
0	0
419	3957
1	3953
4	0
0	0
0	2
0	88
106	64
0	0
0	0
0	1
0	1
176	0
0	24
0	55
0	49
2	32
573	15
0	0
444	374
33	274
1	99
0	62
5	45
11	58
21	0
1	580
3	578
6	576
3	38
0	29
2	23
0	19
1	11
1	11
0	17
2	15
4	7
0	5
0	0
262	158
12	158
7	0
0	0
0	0
0	0
162	0
0	0
0	0
74	0
53	2930
108	1052
53	301
0	2859
115	546
2	2
0	2
4	306
48	393
0	168
43	166
33	109
0	43
81	86
0	27
3	26
90	81
0	3
0	19
10	12
7	20
0	0
242	0
0	0
0	0
0	822
54	822
3	3
1927	60
0	60
3	0
0	0
0	0
0	0
0	0
0	0
0	0
0	0
3	0
0	0
0	1
0	1
0	0
0	0
0	0
0	0
0	0
0	0
0	0
0	0
0	0
0	0
0	6
0	6
0	0
1423	28
102	19
121	1
0	0
7	6
0	9
0	9
0	0
0	0
15	0
10	0
1	0
1098	6
0	0
0	0
666	213
13	200
1	98
0	1
175	95
0	79
0	9
1	12
4	13
4	12
1	24
17	3783
0	3424
15	938
15	314
0	490
1	455
3	465
4	149
0	155
112	100
0	100
0	0
0	1
30	2
349	331
0	285
1	217
1577	0
1259	1903
0	795
15	1829
182	791
1049	1109
124	113
6	29
4	943
0	19
0	186
0	347
0	188
29	123
4	2214
14	2172
0	2197
4	2188
0	2151
6	544
8	150
1	165
1	119
6	101
0	99
0	67
0	11
0	66
2	48
2	20
0	43
0	9
12024	0
0	28
1	28
0	3
0	1
0	0
0	3
0	0
0	0
0	0
0	0
0	0
0	0
0	0
0	0
0	0
0	0
0	0
68	182
0	170
2	83
0	6
0	117
0	32
5	82
0	101
1	30
0	0
0	0
0	0
0	0
1	123
10	123
0	11
0	20
0	10
0	84
0	77
0	82
0	81
0	70
0	3
0	0
5	0
37	729
0	727
0	626
6	463
129	306
10	11
6	29
2	876
1	43
0	36
298	134
1	118
0	23
0	98
0	112
0	52
1	51
0	54
7	3
19	16
0	0
6	34
0	0
367	46
0	28
1	46
0	10445
1793	10805
11	515
17	699
97	515
67	256
84	229
0	516
6	0
0	0
15	69
32	221
47	455
6	193
132	492
52	456
988	4176
0	134
17	4176
39	118
14	95
2	110
0	46
4739	1752
9	973
15	241
136	540
10	71
0	8
3	1
0	63
0	12
0	12
0	3
0	6
0	0
0	1
0	0
0	0
0	0
5	2404
0	2469
4	2297
0	2098
48	1467
0	1628
0	0
16	37
24	0
0	714
1	663
10	591
2	340
0	0
0	32
5	6
0	114
0	81
2	23
3	1240
415	1517
3	1217
0	1520
0	550
29	343
20	433
4	21
0	0
0	190
2	200
6	36
42	92
0	99
1	99
0	1128
0	1128
12	133
19	158
6	149
0	0
20	406
9	980
228	1079
161	841
0	277
19	40
2	112
245	32
1	1727
59	86
0	287
146	1943
0	209
0	463
39	84
0	120
43	486
0	0
171	546
7	230
28	316
0	2730
0	2593
258	1365
0	2628
0	152
4076	2
974	223
56	223
0	176
0	176
0	0
0	0
0	0
0	0
0	0
570	81
15	109
11	81
0	1
5	1
1	109
0	0
256	3113
127	2958
24	719
12	507
188	950
234	928
0	459
1	440
0	0
19	116
11	116
0	0
0	0
0	0
1	628
250	628
1	0
0	0
0	0
0	0
0	0
37	0
0	0
0	10
0	27
0	28
0	28
2	11
17	25
0	25
0	0
10	3757
8	119
319	3757
1	738
6	198
0	0
1715	2923
8	617
1	2493
0	537
0	0
3	2868
0	0
2	0
0	148
1	0
0	8
0	8
0	7
0	0
0	1
0	2
0	2
0	2
0	0
0	0
0	0
0	14
0	16
21	21
0	19
0	18
0	14
0	90
9	90
0	0
3201	6
0	0
0	0
0	0
0	0
208	55
21	347
92	400
0	197
166	4841
124	4777
41	1081
2	550
22	0
0	0
0	0
62	163
3	54
3	46
42	80
0	24
0	22
0	16
0	1
2	1
0	0
1	40
1	32
0	40
0	5
0	0
0	0
1775	0
79	14444
0	14908
10	12017
0	14398
0	12898
0	14578
12	12603
0	3547
6	5943
0	2606
0	3493
3	1134
0	0
43	212
1	143
0	1759
0	5178
2	2680
16	3115
0	5095
0	1489
0	4344
0	2682
0	2876
3	1826
8	3386
17	974
0	200
1	2418
0	1138
1	2204
17	2049
116	1093
134	1295
10	329
10	733
25	733
0	674
31	0
92	674
0	0
0	3
0	0
152	36
0	33
12	7
9	8
1	0
0	0
0	0
0	0
0	0
0	0
0	1
0	0
0	0
0	22
0	1
0	14
6	21
0	11
11	13
0	8
0	8
0	0
0	0
0	0
0	2
0	0
0	0
0	0
0	0
0	0
0	0
0	0
0	0
0	0
0	0
0	0
0	0
0	0
0	0
0	0
0	0
0	0
0	0
0	0
0	0
0	0
100	886
1	12
0	835
36	734
10	123
0	496
0	104
15	778
0	81
54	549
0	574
1	574
0	181
0	19
1	138
0	52
1	85
0	44
0	56
0	46
0	47
0	30
2	7
6	0
3	0
1	89
500	872
0	192
81	229
7	455
18	31
1	210
120	0
81	255
0	251
1	124
1	140
0	107
0	110
2	63
1	146
41	3
4	76
45	23073
22	22824
22	1943
31	13
0	0
0	0
0	0
0	0
0	0
0	0
0	0
0	0
0	0
0	0
0	2
0	2
0	2
0	1
0	0
0	1
0	0
78	1262
0	1118
54	1067
1	230
1	120
20	112
40	69
141	9
0	11
0	39
33	39
882	3814
0	3399
306	955
151	348
61	375
38	0
176	3
11	563
482	458
16	386
0	131
10	0
0	0
0	0
0	0
0	0
0	0
1	0
0	0
1	0
0	0
879	174
0	174
1	0
0	0
0	0
5	1
0	1
0	0
0	0
0	0
0	0
0	0
0	0
0	2
0	2
0	2
1	1
0	0
0	0
3	981
70	985
26	171
95	977
2	50
190	0
0	6
0	65
5	85
0	0
0	0
0	0
0	0
0	10
0	15
0	3
7	40
0	40
0	42
1	23
11	36
0	83
0	48
0	0
0	0
0	0
0	0
11	203
0	175
0	175
0	159
0	137
1	172
1	146
1	22
0	16
0	0
0	0
0	0
0	0
0	0
0	0
0	0
0	0
0	0
0	0
0	0
0	0
0	0
0	0
0	0
0	0
0	0
0	0
0	0
0	0
0	0
0	0
0	0
0	0
0	0
0	0
0	0
0	0
0	0
0	0
0	0
0	0
0	0
0	0
0	0
0	0
0	0
0	0
0	0
0	0
0	69
0	1
3	1
0	65
1	2
0	0
0	0
2	0
0	0
53	17
0	0
0	17
0	0
0	0
0	0
0	0
51	91
5	28
10	4
0	86
0	0
0	2
0	2
0	0
0	61
0	0
2	1
2	0
54	63
0	1
0	0
0	3
9	3
0	0
0	1
0	1
0	0
0	0
26	71
0	71
0	21
0	0
0	0
1	42
0	0
6	1
0	1
1	0
2	0
45	0
57	435
0	397
0	328
5	69
0	0
1	13
0	18
0	18
2	81
0	84
1	83
0	42
1	3
4	6
0	2
0	0
0	19
0	19
50	36
2	35
0	3
0	0
130	4
12	0
8	197
2	197
0	115
0	110
10	34
0	14
15	0
4	9
0	8
3	1
8	0
3	0
0	0
48	63
0	60
0	3
0	0
0	0
0	0
1	19
0	0
2364	157
0	157
9	2
0	1
0	1
9	0
19	84
1	0
4	2628
1	2620
7	3678
1	106
0	66
1	0
2	1
100	123
0	1031
194	0
1	2315
3	80
10	257
85	61
1	233
18	930
2	207
24	828
611	0
2	0
4	1097
88	2163
17	158
53	2031
1	57
0	1631
960	2
3	0
117	2006
0	1426
76	577
1	238
67	231
0	0
0	0
0	0
0	0
16	1613
862	2279
11	294
5	432
3	3
0	409
0	347
0	88
30	172
3	36
7	0
0	53
105	200
0	0
0	0
0	16
1	104
1	88
1	32
0	82
0	21
6	0
1	18
1	0
77	0
0	0
29	3166
6	3112
151	2962
8	3183
0	126
61	4
0	267
0	268
0	268
3	7
6	0
3	0
1	0
0	0
0	0
0	0
0	0
0	0
0	0
0	0
0	0
0	0
16	0
1	297
157	1326
17	524
42	132
1	446
0	362
0	1300
49	50
1	66
47	59
5	0
7	189
0	325
43	3
1	6
0	13
0	13
0	18
0	16
0	1
36	91
0	59
0	90
0	41
0	31
7	24
1	7
0	10
846	220
9	166
3	101
23	142
0	0
90	599
48	576
2	0
0	19
1	76
0	131
2	216
481	428
0	444
31	407
12	203
0	435
2	70
0	27
0	21
1	70
27	201
0	0
75	35
2	35
0	31
9	0
0	1
11	3
0	194
0	23
11	95
83	2789
2	2501
0	0
5	550
0	0
1	0
83	4737
1	0
0	4
0	4726
2	1049
0	1582
0	1122
0	1788
7	227
0	0
10	113
4	7
2	112
1	99
0	23
0	43
0	25
0	25
0	10
0	0
0	0
0	2
0	0
0	0
0	0
0	0
0	0
0	0
0	0
0	14
0	5
0	0
0	0
0	1
0	1
0	0
0	0
0	0
2	17
0	0
0	0
0	0
0	0
0	0
0	0
101	2739
1	2734
2	352
49	65
0	0
0	0
0	0
0	0
0	1
0	0
0	0
0	0
0	0
0	0
0	0
0	0
0	0
0	0
8	2
0	4
0	26
3	24
0	15
0	0
3	0
0	0
0	0
388	260
0	319
117	71
16	21
55	0
287	59
1	0
0	0
0	0
0	0
0	0
0	0
0	0
0	0
0	0
0	0
1	0
0	2
0	0
0	0
0	0
0	0
0	0
0	0
0	0
0	0
0	0
0	0
0	0
0	2
0	0
0	0
0	0
0	0
0	0
0	0
0	0
0	0
0	0
0	0
0	0
0	0
0	0
0	0
0	0
0	1
0	0
0	0
0	0
0	0
0	0
0	0
0	0
0	0
2	62
0	0
0	0
0	0
0	0
0	0
0	0
0	0
0	0
0	0
0	0
0	0
0	0
0	0
0	0
0	0
0	0
0	0
0	0
0	0
0	0
1	0
0	0
0	0
0	0
0	0
0	0
0	0
0	0
0	0
0	0
0	0
0	0
0	0
0	0
0	0
0	0
0	0
0	0
0	0
0	0
0	0
0	0
0	0
0	0
0	0
0	0
0	0
0	0
0	0
0	0
0	0
0	0
0	0
0	0
0	0
0	0
0	0
0	1
0	0
0	48
0	0
2984	562
23	559
7	46
5	46
3	43
1	574
0	496
1	147
1	173
4	175
6	211
3	85
107	273
0	197
8	89
0	35
46	0
0	0
363	2500
4	2383
2	194
0	339
0	0
9	293
0	0
0	0
170	0
0	0
2	2
2	2
1	0
1	135
0	130
0	239
0	144
0	28
0	14
1	3
34	93
0	9
49	2
0	0
0	14
0	21
314	31
0	0
0	0
0	0
267	37
7	10
0	0
5	0
4	93
0	93
8	0
0	153
0	153
0	23
101	0
7	7
0	7
0	0
0	2
1	2
0	3
13	1
10	0
69	346
0	109
0	308
105	341
3	293
5	14
0	7
387	9
7	19
5	0
1	13
274	35
0	0
0	23
5	227
1	217
0	0
0	19
104	23
0	22
0	14
10	5
1	14
0	24
0	0
10	500
0	491
1	509
3	142
1	16
4	17
1	0
0	0
348	214
1	0
0	179
0	44
0	42
5	76
1	294
10	294
0	185
0	75
0	46
367	159
0	136
0	36
8	29
795	92
7	33
0	1
0	1
0	1
4	2
0	2
133	884
0	834
0	467
0	169
0	141
968	277
0	79
1	36
3	41
0	0
909	365
0	135
0	0
2	72
0	22
4	22
4	21
18	0
0	0
472	160
16	160
5	102
2	78
5	0
0	7
5	7
116	17
1	12
4	0
0	0
0	2
7	113
0	3
4	4
6	106
14	0
32	172
5	174
12	0
9	174
0	5
0	5
0	4
0	1
0	3
0	0
0	0
0	0
0	0
0	0
0	0
0	0
0	0
0	0
20	427
7	427
0	354
0	54
1	44
0	26
0	27
2	15
3	8
1	11
7	108
3	272
1	14
0	26
0	272
48	256
1	15
0	40
0	0
2	2
0	2
69	0
0	0
0	1
4	0
0	0
0	0
0	0
0	0
0	0
0	0
0	0
3	960
0	945
0	479
0	5
212	40
0	151
0	0
2	0
247	209
0	144
2	55
9	29
23	3157
0	2503
47	3086
0	465
22	546
33	102
0	0
0	0
0	0
0	0
0	0
0	0
13	0
0	0
0	0
0	141
0	110
27	551
181	398
0	112
0	163
0	0
0	0
0	0
0	9
0	0
0	0
0	0
0	0
0	0
0	0
0	0
0	0
0	0
0	0
0	39
0	38
0	0
0	0
2	617
1951	822
0	6
141	204
0	0
2	0
18	0
1	0
0	14
0	14
0	6
3	0
0	0
0	0
0	0
0	0
0	0
0	0
0	0
0	0
0	0
0	0
0	0
0	0
0	0
0	0
6	505
0	0
0	0
0	0
0	0
0	0
0	0
0	0
0	0
0	0
0	0
0	0
0	0
0	124
6	124
0	0
19	16
9	536
0	505
70	901
27	586
1	418
288	713
5	561
0	0
6	1038
0	997
0	508
0	140
0	595
8	119
4	5
5	27
3	0
2720	1526
8	131
0	1395
13	0
8	55
0	151
0	123
2	78
2	10
0	6
0	9
0	0
0	0
0	0
0	0
0	0
0	0
0	0
0	0
0	0
0	0
1	17
0	17
0	17
0	2
0	2
0	0
0	0
0	0
0	0
7	615
0	2901
2	1813
62	287
131	585
139	2563
24	96
39	18
79	271
1	82
6	71
134	275
0	272
0	54
0	50
0	10
0	11
92	137
0	133
0	0
0	4
4	1005
45	1147
5	1048
0	1174
0	574
20	126
0	170
16	345
4	77
48	656
11	35
7	248
0	0
0	0
0	0
0	0
0	0
51	22
14	22
2	113
3410	115
1	2
1	170
5	189
65	160
17	132
0	70
0	12
0	5
26	1
0	820
0	779
965	869
1542	436
0	236
4	136
0	69
44	150
2	39
71	83
0	83
22	23
0	4
0	7
1	4
0	4
330	1741
98	1738
9	515
53	659
4	51
5353	2861
34	1312
0	1338
1	107
0	753
30	526
0	0
3	374
9	0
0	3
1073	562
5	422
0	49
0	239
0	96
0	325
4	0
72	78
0	78
0	0
0	323
6	3
73	3140
0	0
4	27
7	21
9	6
0	0
10	212
5	172
0	190
3	147
0	72
0	0
5	204
34	206
0	97
0	0
7	1
1	2
23	38
15	38
4	0
0	0
0	11
133	44
42	101
26	52
0	99
9	95
1	70
0	34
0	24
49	14
1625	1682
18	1440
0	144
1	109
0	0
0	313
31	7759
78	7666
0	5564
1	5249
74	5930
2	2985
0	3086
11	33
16	44
4	3106
102	0
0	259
20	12
46	0
0	12
280	96
3	80
0	16
0	0
0	0
0	0
0	0
0	0
24	201
0	0
0	0
0	0
611	730
2	101
0	69
4	53
1	151
0	210
61	0
0	122
54	508
161	278
0	0
0	0
138	1112
2	1112
0	266
171	1
431	177
0	76
0	0
0	47
0	0
15	56
8	0
0	2632
0	0
0	0
2	0
0	0
83	232
4	258
4	147
13	105
0	0
1	0
0	493
0	493
1	26
25	153
0	41
0	49
1	9
1	1498
4	1742
0	163
1	77
0	111
27	82
61	11
10	65
0	315
2	29
7	0
0	0
0	0
0	0
0	0
0	0
89	268
2	6
9	71
0	236
9	45
0	0
0	0
2	0
16	130
0	13
2	105
0	9
15	0
435	287
1	32
0	191
26	122
0	161
14	139
17	156
102	85
0	11
4	23
27	77
0	0
1	13
0	3
1	0
0	0
2	2
2	356
333	597
0	455
0	197
6	407
1	84
0	117
216	203
4	23
30	0
20	0
51	0
34	0
0	0
0	0
1	0
17	41
3	41
0	10
0	8
1	0
0	0
0	13
0	0
2	0
0	1
5	13
1	0
4	0
0	0
0	0
0	0
0	0
0	0
2	0
0	0
0	0
0	0
0	0
0	0
0	0
0	0
0	0
0	0
0	0
0	0
0	0
0	0
0	0
0	0
174	539
20	3886
0	4030
3	0
0	1727
2	350
1	397
0	1
0	1
0	0
5	0
1	0
0	0
1	0
0	0
1	0
0	0
0	0
0	0
0	0
45	1793
0	1
1	0
0	0
0	36
101	407
3	36
1	131
0	17
2	0
0	0
0	172
5	85
0	254
1	2
0	15
0	144
2	86
1	47
8	1
594	834
1	57
11	823
1	183
46	414
0	379
0	32
3	32
5	11
271	25
0	23
1	0
62	0
271	736
0	243
3	385
5	83
8	403
13	325
2	396
19	41
0	0
0	0
0	0
0	1
0	0
0	0
0	0
0	187
0	248
0	12
0	0
0	573
0	576
0	54
0	61
0	368
0	368
101	10
0	345
0	54
0	247
0	315
0	70
5	49
0	51
0	48
0	35
0	582
28	8
0	276
0	67
0	50
3	62
0	87
0	65
0	85
0	16
0	33
0	0
14	0
0	0
0	0
0	0
0	0
0	0
0	0
0	0
0	0
0	2
0	0
0	0
0	0
0	0
0	0
0	0
9	27
0	27
0	70
1	511
0	477
29	41
2	511
0	428
131	63
0	0
0	113
16	0
0	0
0	0
0	0
0	0
0	1
0	0
0	3
0	0
92	353
0	52
18	266
8	228
2	43
0	47
0	31
1121	1578
0	1490
2	354
11	215
2	328
17	68
33	71
9	11
85	41
8	6
0	0
0	0
0	0
0	0
0	0
9	1485
2341	1832
105	1471
72	486
0	0
0	0
0	0
0	0
0	0
0	0
0	0
0	0
0	0
0	0
0	0
0	0
0	0
0	0
0	0
0	0
19	321
20	212
0	828
6	102
39	57
21	103
16	150
0	780
223	8
2	9
0	8
202	3362
43	3047
0	1200
12	131
0	698
0	28
0	0
8	206
0	479
2	59
40	0
1	0
2	196
101	196
0	0
1	35
2	26
1831	292
1	99
88	249
0	0
0	0
0	0
0	0
0	0
0	0
0	0
0	0
0	0
0	0
0	0
0	0
0	0
0	0
0	0
0	0
1638	11018
7	10993
6	5937
56	102
1	83
0	72
0	0
3	0
6	52
4	0
0	0
1	97
113	288
0	270
0	9
47	76
24	54
0	95
5	8
5	14
13	25
17	4
9	4
15	4
0	0
4	3
0	1
0	0
0	0
0	2
69	615
17	296
146	585
0	273
0	36
47	0
0	0
0	0
228	65
1	65
0	770
0	240
0	322
6	708
1	253
6	753
0	43
0	41
0	0
37	4
142	178
26	44
1	195
35	190
4	154
0	77
408	0
0	0
2	19
0	2
1	19
19	50
18	50
816	946
27	750
21	40
2	173
0	0
4280	591
112	333
8	256
0	0
6543	278
3	276
93	60
927	61
2	15
0	0
105	0
0	0
0	0
0	0
35	739
30	739
7	68
20	11
10	127
6	119
0	0
0	14
6	371
0	413
392	340
6	560
0	81
0	81
0	512
3	214
0	101
0	160
129	471
26	0
8	0
20	0
1	0
2450	499
0	0
0	0
0	495
0	0
0	0
0	0
4	0
1	0
0	1
0	0
0	1
0	0
4	0
227	206
11	206
0	0
0	1
0	0
0	0
0	0
3	3002
34	1
0	323
0	75
0	323
0	98
0	0
0	2362
7	46
0	2999
3073	2110
2	2102
0	1357
2	498
0	0
0	0
0	0
4	53
7	53
2076	1459
0	1380
0	0
14	55
1	118
3	2
0	0
0	0
0	0
0	0
0	0
0	0
396	876
1	872
0	874
3	510
0	0
0	0
1	191
0	166
0	858
1	881
2	159
0	186
0	209
0	56
11	1
1	0
16	15
15	0
7	282
1	172
0	275
0	153
0	161
0	129
0	152
0	136
0	83
3	49
0	17
5	30
0	10
2	9
0	0
0	222
16	222
4	45
1	0
0	0
741	1075
7	1071
0	0
0	0
0	0
7	0
2367	2
0	0
0	0
2247	0
4782	2612
12	162
0	495
16	1732
3	238
0	74
1	0
11	0
0	0
0	602
0	0
4	473
7	199
0	0
106	60
0	12
0	57
0	1
13	868
0	2
0	0
1	0
0	0
2	0
309	263
33	191
1	125
1	4
0	10
26	323
3	448
3	498
0	286
0	129
0	106
0	201
1	30
0	75
265	568
0	426
0	428
0	376
0	386
0	317
1	391
0	225
21	190
0	0
1	96
28	73
0	2476
67	2105
1465	2575
41	1053
296	949
6	0
88	0
61	0
158	0
0	258
13	0
2131	5877
3	1448
0	534
40	4789
0	829
131	1997
20	985
38	93
53	301
5	293
19	142
0	0
0	0
0	0
0	0
0	0
0	0
0	0
187	0
0	0
0	0
0	0
0	0
0	0
5	46
0	46
17	1513
1861	2032
0	1918
33	724
0	222
2	1163
45	833
0	1292
5	670
16	37
131	896
14	71
1	1204
5	219
55	819
52	548
3275	937
0	935
2	0
1032	0
0	0
0	0
0	13
0	0
0	13
0	0
0	0
0	0
0	0
0	8
4	8
1	3
0	0
2	1
0	1
0	0
0	0
8	111
0	0
0	0
7	0
13	2340
31	3024
12	2889
43	2182
15	236
0	1059
0	0
638	224
16	12
27	212
29	433
0	422
31	147
0	256
0	462
0	637
0	574
8	7
0	0
0	0
0	0
0	0
28	6560
5	7783
39	1983
3	5561
5	3814
0	4
6	32
0	29
4	7
0	0
2	10
0	0
0	0
8	5
0	0
0	0
0	0
0	0
4	23
19	0
716	236
116	236
1	0
0	2816
3	2916
20	1055
232	996
1	0
323	3
110	586
0	486
97	557
0	475
0	340
2	226
57	0
2	0
1	1
1	0
3	10125
10	10312
13	3234
12	4023
162	980
4	577
1	15
4	0
2	0
0	0
7	0
0	0
0	1
0	0
0	0
7	0
0	0
165	0
1051	0
328	135
3	124
1	63
0	5
2	8
0	8
3018	732
1	692
0	476
64	19
0	17
41	0
10	40
8	0
0	0
0	0
0	0
4	24
8	24
0	237
0	313
176	461
3	108
1	61
2	12
44	3384
4	1550
12	2733
5	20
18	123
20	89
3	146
5	0
20	295
0	0
2	85
2	104
2	181
0	180
73	166
2	48
0	18
0	2
0	64
11	1
3	24
0	52
0	0
0	4247
11	4247
1	3840
10	0
1395	410
44	87
0	3786
117	3787
507	722
0	0
33	7719
0	7898
3	6336
0	130
41	2814
4	295
2	10
21	51
4	3
0	0
16	318
9	276
0	225
1	32
2	46
4	130
60	68
1	61
689	4969
153	4971
1	3425
1	4631
0	345
2	0
0	0
3	1308
0	1340
3	745
0	761
0	0
39	710
8	684
4	654
32	7
55	0
405	31
7	975
0	33
0	964
0	493
4	397
0	886
1	452
0	7
25	781
15	101
228	101
91	755
2	575
9	95
8	461
19	22
214	365
3	279
0	163
4	230
1	188
0	5
112	2
0	8
5	2
16	1123
0	902
14	428
9	415
0	573
12	100
2	63
187	1539
0	1059
0	1448
4	170
109	1
11	0
0	0
0	337
0	90
0	0
0	91
2	0
0	1
0	0
0	0
0	1
0	0
0	0
0	0
0	0
0	0
0	0
3048	3297
13	2197
1	385
4	147
13	6
6	102
206	0
30	0
161	1002
0	0
0	0
0	0
0	0
0	0
0	0
0	0
0	0
26	3
6	2
0	2
0	1
0	0
1	1123
0	1947
0	1968
0	1470
17	1570
0	1400
0	668
0	529
1	0
0	0
0	0
110	38
111	2
0	64
56	2
42	26
7	133
25	21
0	20
9	20
14	0
1	0
0	0
0	0
4	16
2	47
0	0
0	2
0	0
0	0
0	0
0	0
230	1963
19	2047
27	165
11	664
21	562
30	560
19	24
99	436
0	249
35	148
22	18227
2	17687
21	18389
43	15466
6	16379
294	16717
208	5868
3	0
0	0
106	1560
0	111
13	466
0	118
4	1094
0	142
28	7
19	19
168	51
1	20
0	40
117	1919
60	1863
0	1515
0	1161
4	440
100	180
8	701
19	593
42	485
255	190
7	190
106	10
4	112
2	71
18	4
2	18
0	59
0	115
5	0
1	60
13	293
0	163
0	231
1	206
0	298
0	207
0	30
375	43
0	0
7	0
4	4
2	394
0	37
33	576
0	454
5	16
1	459
0	0
0	0
0	0
0	0
491	0
0	0
17	985
3	960
50	622
0	620
0	0
12	385
0	0
0	0
0	0
0	0
0	0
0	0
0	0
4	52
0	0
0	0
0	0
0	0
0	0
1	1096
22	1145
1	408
19	154
0	27
3	31
0	19
20	20
5	59
0	0
3	557
0	0
28	29
0	96
10	257
89	233
430	1093
21	1011
0	785
9	653
24	639
2	100
0	32
0	0
2	16
1	19
0	11
1	0
4	2
0	0
11	0
3	0
2	0
0	0
0	0
7	33
0	4
7	4
0	0
0	0
0	0
0	0
0	0
0	0
0	0
0	0
37	1165
138	1165
0	413
0	0
0	0
1	0
3	7
13	2987
4	885
4	1550
12	2945
2	1275
1	753
97	90
2	72
0	16
5	191
71	17
6	52
14	45
0	203
0	171
4	143
0	23
0	38
0	18
1209	2535
1	2531
0	3
0	0
6	173
0	0
28	78
0	8
0	78
0	57
0	19
1	23
15	1
0	1
0	0
0	0
6	746
14	208
0	720
196	1
1	248
0	721
65	718
0	0
39	718
2	714
1	718
2	748
0	255
6	0
4	550
361	570
0	0
2	150
2	484
12	488
0	138
297	128
0	116
1	34
2	12
4	2
0	1
0	4
0	4
1169	618
28	243
2	511
5	83
14	140
0	0
0	0
0	0
0	0
0	0
0	0
0	0
0	0
0	0
0	0
0	0
0	0
1	0
0	0
0	0
150	3342
38	3276
4	1840
0	266
0	632
0	206
6	226
0	0
0	0
0	0
0	0
0	0
0	0
0	165
7	1846
0	166
43	16
0	1767
0	211
0	1497
0	1497
0	0
0	0
0	177
0	0
4	0
2580	545
0	147
8	27
7	44
0	358
0	0
1	0
0	0
0	0
9	0
0	0
0	8
0	2
0	0
0	0
0	0
1	0
0	0
0	0
0	0
0	0
0	3
0	3
0	0
1	0
0	0
1	0
1	0
0	0
1338	7604
2	3649
161	575
0	3674
0	126
0	2080
1	7465
0	187
0	11
0	3110
0	2
0	4
0	3
0	3
0	3
0	1
0	2
0	1
2	2187
0	3
1	3
21	0
469	107
37	12
1	45
61	11
17	2
0	0
3	0
23	30
0	33
0	0
437	720
135	720
1378	618
0	49
5	61
14	74
0	0
37	366
0	159
0	175
810	175
17	63
5	60
5	0
0	14
0	14
0	0
0	0
0	0
0	0
0	0
0	0
0	0
0	0
0	0
0	0
9	0
2	166
115	166
0	0
0	6
0	6
0	0
0	0
0	0
0	0
0	0
0	0
79	0
35	17
0	17
0	2
0	0
0	0
0	0
0	0
0	0
2	0
532	1109
6	1111
0	2
0	0
0	0
0	3
0	0
0	0
0	0
131	227
5	217
0	95
0	0
0	0
0	0
0	0
39	0
152	1487
12	736
1	1230
5	1036
11	117
22	3
0	0
0	0
31	72
0	82
0	33
1	14
1	53
0	7
0	0
0	0
0	0
0	0
0	0
0	783
2	86
85	11
2	734
0	238
0	355
56	653
41	602
0	308
0	773
0	176
0	452
0	350
0	622
1	577
0	739
0	140
999	70
0	66
0	0
3910	2174
4	2097
73	872
60	858
37	290
0	127
100	143
238	206
0	329
7	53
15	0
3	59
0	0
0	0
0	0
2	187
0	0
0	0
0	0
0	0
243	287
2	194
0	82
0	73
83	76
0	0
0	0
0	0
0	0
0	0
0	0
0	0
1	300
5	292
0	262
0	15
17	0
0	30
93	9
0	0
0	0
0	0
0	0
0	8
0	2
0	2
250	103
6	103
0	52
1	17
4	35
9	103
0	0
2	0
6	0
0	0
0	0
0	0
0	0
694	18
83	18
0	1
0	1
0	0
0	0
0	0
0	0
0	0
0	0
0	0
0	0
0	20
0	0
3	0
317	20
0	0
0	0
0	0
0	1838
0	2031
0	1999
39	1171
31	395
23	357
8	1711
424	1729
7	1305
0	1237
0	1720
0	601
6	336
35	75
0	1215
4	1176
12	404
180	110
53	1158
150	1186
0	0
0	12
0	12
0	111
0	249
30	216
28	114
0	250
8	0
3084	227
37	217
0	0
0	0
28	6
5	10523
99	2312
166	10353
5	0
46	32
14	32
2	0
0	1253
0	1245
6	1251
2	1032
5	62
47	427
4	128
0	4
3	54
0	0
0	0
0	0
0	0
0	2
0	0
0	0
0	0
0	0
0	0
0	0
0	0
0	0
0	0
0	196
10	27
1	0
0	0
0	1
0	16
0	1
17	19
5	32
0	0
2	0
0	196
0	0
0	0
0	0
0	0
0	0
0	1
0	2
0	0
0	0
0	0
0	0
0	0
3	0
3	433
0	0
0	0
0	0
0	0
0	7
0	0
0	0
0	0
0	0
0	0
0	0
0	0
0	0
0	0
0	0
0	0
0	78
0	458
15	125
2	85
2	78
0	79
3	139
62	25
2	333
0	180
2	53
0	129
0	0
0	0
0	33
7	8
4	12
7	14
0	0
800	453
0	404
107	69
13	119
0	1
61	151
2	171
0	51
2	41
2	4
16	14
0	5
0	3507
2108	12803
104	12819
50	12676
19	10390
6	8457
0	1
2698	1346
86	1037
2	318
78	98
0	0
0	0
0	0
0	0
0	0
230	455
3	526
7	246
0	0
0	0
0	108
0	26
3	9
0	0
10	1
0	0
0	0
0	0
0	1
0	0
0	1
0	0
0	0
1	137
54	143
0	47
8	41
0	31
5989	2000
198	9
0	73
0	834
29	19
0	539
4	548
25	343
0	0
204	1564
0	1564
105	0
0	61
95	391
0	387
6	0
37	0
5	218
36	49
0	98
1	648
1	296
17	0
5	648
8	81
0	0
0	0
0	0
0	0
0	0
1	0
0	0
0	0
0	0
0	0
0	0
0	0
0	0
0	0
0	0
0	0
1	0
0	4
0	4
3	4
0	0
0	0
0	0
0	0
0	0
0	0
1	0
0	0
0	0
0	0
0	0
0	0
0	0
0	0
0	0
24	20
0	5
0	20
0	20
5	6
0	6
2	7147
0	7626
0	4209
0	3960
0	3736
1	3682
0	3753
0	3811
0	3987
0	3781
0	3929
0	4010
0	4196
0	3835
2	3822
0	3759
0	3983
142	23
0	3044
8	3352
370	121
86	258
8	159
8	196
12	153
0	0
0	3
0	0
0	0
0	0
0	0
11	117
0	34
6	120
4	85
12	14
0	25
2	33
0	0
0	0
0	0
0	0
1	0
0	0
0	1
0	0
0	0
0	0
0	0
559	1420
18	489
36	308
0	441
36	444
7	416
1148	772
0	114
0	643
3	675
8	127
15	83
0	69
0	37
17	37
3	1005
19	1303
2	1159
1	466
0	1240
8	605
0	1051
3	384
3	436
0	51
12	456
219	116
3	334
1	1
2	286
0	1
1	0
0	0
0	0
0	0
0	2
0	2
0	0
0	12
0	13
1	14
0	7
0	5
0	4
0	1
0	0
0	1
0	0
0	0
0	0
0	0
0	0
1	0
0	0
1	2
0	641
0	641
0	641
38	680
3	673
9	0
0	0
0	0
0	3
5	222
7	117
39	0
0	0
1	54
11	0
1	0
5	5
0	6
0	0
0	0
0	0
0	0
3	10
1	26
3	802
0	750
2	815
3	804
11	559
0	163
0	227
0	494
0	228
0	300
0	280
1	72
1	163
0	48
3	32
1	18
0	18
1	4
34	6
0	0
79	0
104	0
228	0
0	0
0	0
0	0
0	0
3	243
0	0
0	0
0	0
0	2
0	2
0	2
0	8
1	64
3	64
0	25
0	21
0	25
0	0
4	0
0	0
0	0
20	64
0	29
56	0
0	0
7	0
13	0
0	2
0	0
0	0
0	0
0	0
0	0
27	26
0	0
0	0
0	0
0	0
0	0
2	12
0	12
2	20
14286	503
48	495
0	0
0	139
1	7
15	281
5	281
3	30
2	30
1	1
0	7
0	1
0	13
0	1
0	3
3	235
33	235
11	308
1344	576
0	226
47	216
5	155
0	62
5	315
57	1553
24	1553
2	1545
72	685
1	60
3	78
580	147
0	147
44	426
0	426
82	0
1	0
0	0
42498	22
0	0
0	0
0	1
0	1
0	12
10	12
14	13
1	11
8	0
0	3
0	5
0	5
0	0
0	0
0	18
0	6
0	0
0	0
0	11
0	0
0	0
0	0
0	0
0	0
0	0
0	0
0	0
0	0
0	0
2	7
0	0
0	72
0	1
0	0
4	12
0	0
1	18
0	0
0	0
0	9
0	10
0	0
0	0
0	0
5	6
0	0
0	0
0	0
0	1
0	0
26	23
0	0
0	0
0	0
0	0
0	0
0	0
1	10
0	0
0	0
0	0
0	0
0	0
0	0
0	17
0	1
0	0
0	0
0	0
0	0
0	0
0	0
0	0
1	0
0	2
12	21
0	0
0	0
0	0
0	0
0	0
0	0
18	11
0	0
0	0
0	0
3	9
0	69
1	5
0	0
0	0
2	1
0	2
0	0
0	0
3	3
1	8
0	0
0	0
0	14
0	0
0	14
0	0
0	0
0	0
0	0
0	0
0	0
0	0
0	0
0	0
0	0
0	0
0	0
1	9
0	0
0	0
0	14
0	13
0	0
0	0
0	0
0	0
0	11
0	0
0	0
0	0
0	0
0	0
0	0
0	0
0	2
0	0
0	0
0	0
5	9
0	0
0	0
0	0
0	0
0	0
0	0
0	0
0	0
0	0
0	0
0	1
2	11
0	0
0	0
0	0
0	0
0	10
0	1
0	0
0	0
0	4
0	0
0	0
1	0
0	0
0	0
0	0
0	0
0	0
0	0
0	0
0	0
0	14
0	1
0	0
0	0
0	7
0	0
0	0
0	0
1	9
0	0
0	0
0	0
0	0
0	0
0	12
0	0
0	0
0	0
0	10
0	0
0	0
0	4
0	0
0	0
0	4
0	0
0	0
0	0
0	0
0	0
0	0
0	0
0	0
0	0
1	14
0	0
0	0
0	0
0	0
0	0
0	6
0	0
0	0
0	13
0	0
0	0
0	0
0	0
0	0
0	6
0	0
0	0
0	16
0	0
0	0
0	0
0	0
0	0
0	0
0	0
0	0
0	0
0	0
0	0
0	0
0	0
2	0
1	6
0	1
0	0
0	0
0	15
0	0
1	19
0	50
0	0
0	0
0	0
0	0
0	0
0	0
0	0
0	0
0	0
0	0
0	1
33	25
0	11
0	0
0	0
0	0
0	0
0	0
0	0
0	0
0	0
0	0
6	554
0	423
0	455
0	47
2652	62
13	21
0	0
0	0
574	98
0	62
1	96
0	50
0	59
0	30
2	0
341	13
0	13
1640	229
0	229
0	0
0	0
1	0
0	0
19	6
3	6
0	191
1	206
3	58
4	262
1	29
0	52
0	185
18	161
0	31
27	10
0	143
1	50
0	64
1	50
1	56
0	33
1012	551
50	449
0	393
0	102
99	227
1	156
0	60
0	412
0	413
0	501
2	289
144	315
0	390
0	119
1	217
80	267
3	11
0	111
11	69
4	0
3	48
3	10
236	505
6	287
17	281
8	146
165	553
31	553
0	4
0	4
0	4
0	0
0	3
0	0
0	0
4	9100
18	8373
0	9016
0	865
39	220
261	4732
4	35
47	166
15	63
66	413
0	243
30	0
30	1544
86	1487
21	1468
35	6
371	767
0	14
93	10
0	25
13	10
2	5
0	5
0	5
2	9
0	780
12	780
0	7
2	0
0	7
0	7
15	26
50	106
0	240
170	0
1	0
0	0
0	0
0	0
0	1
0	1
0	1
124	4248
10	239
38	113
0	55
1	177
6	3898
0	394
5	283
0	89
0	249
8	0
3	440
4	546
0	0
16	191
1	225
11	83
130	589
3	589
0	0
14	0
95	412
7	304
1	137
0	24
1	260
19	2747
2	2638
7	2582
19	85
0	167
36	861
7	7
53	1615
6	98
0	1398
13	141
11	946
0	570
2	381
35	885
2	885
0	840
2	241
13	608
11	36
2	13
32	1078
0	1083
0	1058
4	79
2	321
1	64
1	135
6	77
0	93
0	51
24	224
50	189
0	27
1	91
1	48
8	41
0	17
4	0
458	500
0	500
0	1
211	2077
6854	2389
63	312
1000	1257
0	1093
0	473
3	267
4	137
0	74
6	223
0	183
83	2853
18	0
218	124
91	1120
0	0
0	766
2	380
168	2710
3	0
3	0
19	0
0	0
0	0
0	0
0	136
0	32
0	1163
0	1188
0	1241
0	356
33	455
0	1257
57	373
0	437
0	181
5	961
183	163
0	0
0	0
0	0
0	1
0	1
0	1
2	1
0	1
0	1
0	2
0	1
0	1
0	1
0	0
0	0
0	0
0	0
0	0
0	0
0	1
15	491
35	491
1413	473
12	17
0	0
0	4124
1341	8124
58	3844
0	4714
5	539
52	4710
12	556
40	1949
36	966
172	2459
36	381
6	314
1	124
0	248
12	7
14	7
0	0
0	0
933	0
37	0
3	7
0	5
0	6
0	6
0	0
0	0
1	0
0	0
0	0
0	0
0	7
0	4
0	0
2	0
0	0
0	1316
0	1244
415	1574
0	1484
0	1403
0	1502
5	1500
0	1359
0	1363
0	1587
0	1506
0	1332
0	1492
0	1642
0	1487
0	1524
0	1335
0	1400
0	1582
0	1410
0	1408
0	1537
0	1453
0	1319
0	1377
0	1411
0	1468
0	1491
0	1494
0	1588
0	0
0	407
0	575
18	482
0	288
0	0
28	72
0	139
0	0
0	0
4	6
15	59
4	1
1	1
4	0
8	326
0	0
0	0
0	0
0	423
6	1591
1	1957
44	1971
3	162
5	73
5	85
9	0
0	135
21	0
0	0
0	0
0	0
0	0
0	0
0	0
0	0
0	0
0	0
0	0
0	0
0	0
0	0
0	0
0	0
0	0
90	1052
12	1049
3	24
7	110
13	68
0	6620
17	8116
81	8258
96	5143
4234	8156
35	8610
167	8104
39	8166
17	6770
6	22
4	5949
30	854
0	0
0	0
0	0
0	0
0	0
0	0
0	0
0	0
1	0
0	0
0	0
0	0
0	0
0	0
1	0
0	0
1	0
19	1
22	1
0	0
32	0
135	114
919	1872
25	1854
146	804
93	0
3	0
2	33
0	0
1	32
2	233
0	69
139	702
125	702
67	15
0	0
2	0
257	1858
0	1858
0	0
0	0
5	3863
116	1645
16	2303
4	3597
1	0
124	121
4	121
1	121
101	1051
32	780
2	332
6	48
0	1
0	0
8	2
0	2
0	0
0	0
2	3
0	4
0	1
0	1
5	6
0	0
0	0
0	0
1	0
0	0
0	0
0	0
0	0
0	0
0	0
55	7434
8	6281
19	5372
0	6838
1	6551
118	6524
18	5555
1	2330
0	1293
0	628
30	514
2	531
14	32
337	166
12	407
10	381
0	0
0	0
0	0
0	5
0	2078
0	1568
0	1846
41	1060
1068	2219
10	177
2	0
471	3704
2	3650
60	269
0	2919
0	2969
2	0
5	91
1064	0
0	0
14	0
3	0
0	0
0	0
0	0
0	0
0	0
0	0
0	0
0	0
2320	379
0	0
15	81
12	345
2	85
8	120
0	1
0	1
557	440
17	30
0	423
10	217
0	204
73	1522
20	68
9	1862
58	0
41	1832
8	13
0	0
2806	1720
302	89
132	192
15	1445
92	346
3	6
0	346
0	0
0	0
0	0
0	37
2	41
0	12
0	13
0	7
0	27
3	0
0	12
0	2
0	0
0	0
0	0
0	28
0	0
0	9
2	0
0	0
334	952
0	7
18	0
5	1
16	457
0	945
0	0
0	0
0	0
0	0
0	0
0	0
20	41
0	6
0	1
0	0
0	2
0	2
0	0
0	36
0	30
0	0
0	0
2	9
0	3
0	0
0	0
2	16
0	0
0	0
15	2
0	0
0	0
0	0
0	0
0	0
0	0
0	0
1	0
6	0
239	1099
0	880
2	354
24	1049
61	8
8	140
0	997
8	163
6	300
0	0
11	35
14	89
256	75
0	82
1	74
8	81
6	72
3	37
5	6
1419	1820
1	0
2	1820
1	0
3	252
0	456
5	158
0	418
10	403
0	349
0	353
2	318
0	345
0	7
2	2
9	282
0	265
0	24
0	20
0	29
0	0
1	58
0	0
0	7
0	0
0	6
0	0
0	0
0	0
0	0
8	103
0	573
531	603
105	69
0	183
0	172
0	243
0	243
0	244
0	244
0	284
0	247
0	244
1	216
0	175
9	158
0	66
0	104
5	0
152	8030
74	1033
0	393
1	5266
0	7198
34	6064
4	4452
3	680
0	0
1	4786
0	4550
0	4221
0	3492
0	3256
91	1224
0	2443
0	2679
136	2937
44	495
22	458
89	1293
16	396
4	0
1	486
4	19
0	83
48	83
2	434
2	457
0	56
0	399
4	312
236	451
0	451
0	390
0	0
8	9
6	0
44	557
0	557
0	54
0	230
2	12
3	161
1153	14
0	4
0	3
0	4
0	3
0	3
0	40
5	39
1	25
0	3
0	1
0	0
0	1
0	1
0	0
0	584
20	568
42	353
2	373
2	99
2	6
2	110
0	316
0	1546
4	1136
0	1538
0	1546
28	838
1	131
0	441
2	466
0	0
0	510
22	156
0	490
12	378
0	42
0	58
9	250
5	163
4	817
15	915
24	110
4	196
0	136
3	113
69	121
0	0
11	81
0	0
121	9
128	184
0	108
0	0
1	140
0	204
1	226
0	5236
1336	5306
6	80
10	2617
0	4708
1	60
3	342
2	4200
0	3859
0	4432
0	4288
0	4331
0	4195
0	5001
0	5197
0	2537
0	0
1	7
21	283
8	52
5	78
2	47
13	49
4	113
0	91
0	47
0	112
0	102
2	35
0	217
2	890
2	1399
2397	3715
0	107
5	2076
100	1161
4	164
6	254
5	42
2	22
58	1060
9	1520
0	5971
0	6683
12	464
3	1055
14	361
2	165
0	629
125	761
0	542
4	510
63	289
58	5
474	2516
1	35
6	778
18	2446
10	1958
10	454
0	707
31	322
215	334
1	569
0	92
4	4
0	4
1	2
309	0
2	161
0	166
0	128
3	88
2	86
3	1
9	73
55	1585
4	40
3	121
49	1511
0	232
3	151
2	148
18	154
8	15
0	15
0	0
0	0
0	0
0	0
101	2385
2	2471
11	2341
1	249
4	225
1	365
0	409
0	37
1	0
24	223
274	276
0	205
0	169
48	245
1	10
0	9
6	44
27	15
10	133
1422	372
3	92
2	123
6	157
0	0
3	18
0	18
0	0
0	106
0	0
0	0
0	0
2	157
17	161
0	23
0	19
0	91
0	104
0	100
0	121
2	29
5	13
1	41
2	14
0	2
0	109
391	109
32	1984
10	1970
3	1063
10	96
0	107
0	121
0	91
0	102
11	3
141	0
237	14
0	0
0	0
0	0
13	0
0	0
0	0
242	367
0	367
0	0
3	251
22	852
3	754
18	317
1	315
18	314
1	86
0	1
0	97
34	507
0	52
2	142
0	398
0	124
0	89
99	130
0	34
1	173
0	14
3	3
0	0
0	0
0	0
7	6558
214	0
25	1591
0	1229
0	6129
11	6351
0	173
0	425
2	263
1	280
0	141
3	56
11	183
198	1767
1	918
0	798
1	747
3	652
1	574
5	0
3	331
5	266
22	1305
7	1876
0	2488
14	371
0	1443
0	1424
7	245
2	48
11	0
0	248
0	0
2	130
0	0
42	13
0	5
2	13
0	74
11	74
0	4
0	0
33	13
0	13
0	10
2	5
0	2
0	0
0	0
0	2
80	0
6	0
0	0
601	879
81	307
2	12
1	52
45	1
1	559
0	0
0	1
0	1
0	0
0	0
0	0
7	1
0	1
0	0
0	0
45	16
3	10
3	8
0	8
1	4
0	0
0	0
273	0
1	0
98	921
0	919
5	10
1	10
0	2
0	9
0	10
0	0
0	1
7	11
0	0
0	0
0	0
1	0
20	177
0	0
27	21
1	137
3	143
0	6
0	5
0	0
10	0
367	581
0	625
0	355
0	377
1	81
0	211
1	71
155	60
108	271
0	99
26	97
0	254
0	0
0	0
1	0
0	0
0	0
2	2
0	0
0	2
0	0
0	0
0	0
0	0
158	0
1	0
0	0
1	0
0	0
0	0
0	0
0	0
0	0
0	0
3	7
0	7
0	0
0	0
0	0
0	0
3851	4328
4	4328
0	0
0	0
0	0
722	2
24	2936
3	0
340	16
2	16
0	0
0	0
0	13
1	68
116	68
8	0
49	180
0	59
0	0
0	0
19	120
14	35
0	19
1	2
2	0
0	0
4742	1711
81	92
0	1318
3	600
1	993
0	4
2	0
244	0
720	94
0	94
3039	1974
7	1877
3	638
0	306
0	0
1	0
0	0
1	632
1	609
0	202
0	142
0	97
0	32
0	54
0	0
0	0
0	0
0	0
0	0
6	0
0	0
25	0
1078	5626
0	5114
53	5234
0	3038
1	79
0	1888
5	251
34	11
7	11
27	0
25	0
0	0
0	0
0	0
0	0
0	0
0	0
0	0
0	0
0	0
0	0
0	0
0	0
0	0
0	0
0	0
0	0
0	0
0	0
0	0
0	0
0	3299
12	3248
0	531
0	755
0	432
0	532
13	430
0	57
13	17
0	244
0	0
0	0
0	0
0	0
0	0
0	0
0	0
0	0
0	0
0	0
107	0
6	3600
820	3600
116	6551
4	6353
5	1498
83	1033
0	0
0	0
0	0
0	0
0	0
0	0
0	0
1	0
0	0
0	0
8	11
0	12
0	13
0	0
0	0
0	0
7	4
0	0
0	0
0	0
1	4
0	0
0	0
0	0
0	0
0	0
0	0
0	0
0	0
0	0
38	7
1	25
1	18
11	2122
0	2123
7	277
10	397
7	400
7	141
0	132
0	108
3	108
3	19
0	48
2	42
0	5
0	0
43	141
0	0
0	0
0	0
0	0
0	0
0	0
0	0
0	0
0	0
0	0
0	0
0	0
0	0
0	0
0	0
0	0
0	0
0	0
0	0
0	0
0	0
0	0
0	0
0	0
0	0
0	0
0	0
0	0
0	0
0	0
0	0
0	0
0	0
0	0
0	0
0	0
0	0
0	0
0	0
0	0
0	0
0	0
0	0
0	0
0	0
0	0
0	0
0	0
0	0
0	0
0	0
0	0
0	0
0	0
0	0
0	0
0	0
0	0
0	0
0	0
0	0
0	0
0	0
0	0
0	0
0	0
0	0
0	0
0	0
0	0
0	0
0	0
0	0
0	0
0	0
0	0
0	0
0	0
0	0
0	0
0	0
0	0
0	0
0	0
0	0
0	0
0	0
0	0
0	0
0	0
0	0
0	0
0	0
0	0
0	0
0	0
0	0
0	0
0	0
0	0
0	0
0	0
0	0
0	0
0	0
0	0
0	0
0	0
0	0
0	0
0	0
0	0
2	65
0	0
0	0
0	0
0	0
0	0
0	0
0	0
0	0
0	0
0	0
0	0
0	0
0	0
0	0
0	0
0	0
0	0
0	0
0	0
0	0
0	0
0	0
0	0
0	0
0	0
0	0
0	0
0	0
0	0
0	0
0	0
0	0
0	0
0	0
0	0
0	0
0	0
0	0
0	38
0	0
0	0
0	701
0	0
0	0
0	0
0	0
0	0
0	0
0	0
0	0
0	0
0	0
0	0
0	0
0	0
0	0
0	0
0	0
0	0
54	71
0	1
0	1
0	0
0	0
0	0
0	0
0	0
0	0
0	0
0	2
0	2
88	28
0	0
0	0
0	0
0	0
3	0
0	0
0	0
0	0
0	0
0	0
0	0
0	0
0	0
0	0
0	1
0	0
0	0
0	0
0	0
1	0
21	2
0	0
0	0
0	0
0	0
0	0
0	0
0	0
0	0
0	0
0	0
0	0
0	0
0	0
0	0
0	0
0	0
0	10
0	0
0	0
0	0
0	0
0	0
0	0
0	0
0	0
0	0
0	0
0	0
0	0
0	0
0	0
0	0
0	0
0	0
0	0
0	0
0	0
0	0
22	0
0	0
0	0
0	0
0	0
0	0
0	0
0	0
0	8
0	0
0	0
0	0
0	0
0	0
0	0
0	0
0	0
0	0
0	0
0	0
0	0
0	0
0	0
0	0
0	0
0	0
0	0
0	0
0	0
0	0
0	0
8	0
1	0
1	0
0	0
0	0
0	0
0	0
0	0
0	0
0	0
0	0
0	0
0	3
0	6
0	7
0	0
0	0
0	0
0	0
0	1
1	1
0	2
0	1
10	0
0	0
0	1
0	1
90	61
16	61
0	0
0	0
0	0
0	0
0	0
33	1043
14	994
3	976
5	34
35	300
0	336
3	0
0	73
0	143
0	143
0	0
6	46
0	6
60	19
0	11
0	4
15	1
0	0
0	8
0	1
0	0
1563	422
0	290
0	94
14	35
0	38
0	1
1237	1955
0	117
23	839
4	1060
0	639
0	1058
3	898
34	211
2	416
17	796
273	1178
0	1108
1	14
2	384
0	206
50	76
1	218
2	66
33	112
951	814
79	748
0	344
2	416
1	238
5	214
0	196
26	12
0	44
12	37
0	0
0	0
0	0
1588	575
3	0
7	262
68	363
0	84
22	0
134	0
7	43
0	0
0	0
0	0
0	0
0	0
0	0
0	0
0	0
1	0
0	0
0	1042
6	1022
0	888
26	715
10	680
0	802
0	108
2	427
18	26
95	0
1	41
0	64
23	104
98	0
0	1
1	0
1	0
0	219
0	25
0	0
0	1
0	0
0	0
0	0
0	1
0	0
9	4974
7	8243
0	0
0	0
0	0
240	1326
0	1230
2	60
6	68
0	1
25	1
0	0
0	0
0	0
0	0
1	0
0	0
0	0
0	0
0	0
0	0
0	0
0	0
0	0
0	0
0	0
0	0
0	0
0	0
0	0
10	87
22	64
0	71
17	64
736	755
1	688
0	438
1	0
11	0
8	3370
0	3296
0	430
0	368
0	71
1	150
4	102
127	23
0	76
0	76
104	280
5	39
6	231
0	148
42	101
11	0
1	12
12	0
5	12
4	954
1	602
0	944
0	24
6	0
439	923
128	0
0	0
1	0
0	400
0	2
1	2
0	272
0	43
6	21
3	0
1	0
21	0
1116	0
76	0
0	0
9	0
0	0
0	0
0	700
1	654
0	74
0	1
7	327
2	0
0	0
21	72
0	0
2156	92
2	92
0	0
316	8
121	4039
0	232
0	0
28	4034
52	22
0	0
16	5944
449	28217
921	28219
10	41
36	1808
9	27951
35	513
7	54
22	516
8	490
2	42
9	126
0	9
0	78
1	8
0	0
1	0
0	71
6	1002
2	1034
0	113
0	10
0	3
10	1018
0	1024
1	1004
0	8
1	5
3	77
68	0
0	0
0	1020
3	5
1	693
0	693
0	0
7	0
0	8
0	0
189	2624
60	2544
2	240
8	2514
0	2623
0	2224
0	2294
0	2349
0	2314
0	2385
0	2398
0	2292
0	2273
0	2274
0	2242
0	2254
0	2223
0	2244
0	2253
0	2265
0	2344
21	94
52	170
20	103
15	4
256	259
0	0
0	0
0	0
0	0
0	0
0	0
0	0
0	0
0	1
0	0
0	0
0	1
1	0
0	0
0	0
0	0
5	101
203	425
2	386
25	28
0	28
1	20
0	0
97	0
1	57
12	171
44	0
14	11
3	11
0	0
0	0
0	0
0	29
0	585
7	796
0	700
162	7
36	432
617	851
1	437
4	548
113	4
0	126
40	0
16	9
0	36
0	24
0	2
0	1
6	0
0	3
0	0
0	0
0	0
0	0
0	0
0	0
0	0
0	0
0	0
0	2
0	2
0	2
0	0
0	0
0	0
0	0
0	0
0	0
0	0
0	0
0	0
0	0
0	0
0	0
0	0
0	0
0	0
0	0
1	142
0	0
0	0
0	0
0	0
0	0
0	0
0	0
0	0
0	0
0	0
2	1
1	1
0	0
0	0
1511	2111
0	2101
28	345
31	1
32	132
667	0
370	217
0	392
86	598
583	1251
204	409
8	962
0	880
5	81
8	145
4	19
3	1
20	5
0	4
82	1827
14	1821
0	127
12	975
194	332
0	0
0	0
0	0
5	0
0	0
0	0
0	0
0	0
0	0
0	2
0	2
0	0
0	0
0	0
0	0
0	0
0	0
55	164
0	164
0	0
0	0
0	1
2	0
8	0
0	0
0	0
0	0
0	0
0	0
0	0
0	0
0	0
0	0
0	0
0	0
0	0
11	0
0	0
0	0
0	0
0	0
0	0
0	0
0	0
0	0
0	0
0	0
0	0
0	0
0	0
0	0
0	0
0	0
0	0
0	0
0	0
0	0
0	0
0	0
0	0
0	0
0	0
0	0
0	0
0	0
0	0
0	0
0	0
0	0
0	0
0	0
0	0
0	0
0	0
0	16
0	16
0	0
0	0
0	0
0	0
0	0
0	0
0	0
0	0
0	0
0	0
0	0
0	0
0	0
0	0
0	0
0	0
0	0
0	0
0	0
0	0
0	0
0	0
0	0
0	0
0	0
0	0
0	0
0	0
0	0
0	0
0	0
0	20
0	0
0	0
0	0
0	0
0	0
0	0
0	0
0	0
0	0
419	454
0	84
0	8
0	128
4	249
77	390
21	322
0	0
0	0
1	19390
55300	19394
70	838
29	217
2	39
3	875
1	262
8	30
0	25
5	23
1560	3201
0	155
3	3046
2	276
2	250
69	22
5	76
0	175
26	35
3	5
0	6
2	35
0	56
92	56
8	4
39	26
0	17
5	12
0	11
5	597
5	712
0	606
0	609
20	514
1	264
0	192
2	280
0	0
120	1040
4	385
26	522
10	778
64	830
0	692
0	674
0	812
162	578
0	107
2	200
6	184
3	32
0	119
0	124
18	653
833	2393
0	2393
0	1497
28	200
0	271
2	0
261	488
1	112
3	1
0	0
0	6
0	6
0	0
0	0
0	0
1	0
0	0
0	0
163	2668
36	284
34	282
36	2666
0	0
10	20
0	0
0	20
0	4
6	0
36	0
0	0
0	0
0	0
0	0
0	0
0	0
0	0
0	0
0	0
0	0
0	0
0	0
6	8
0	0
0	0
0	0
0	0
0	0
0	0
0	0
0	0
0	0
0	0
0	0
0	0
0	0
0	0
0	0
0	0
0	0
0	0
0	0
0	0
0	0
0	0
0	0
0	0
0	0
0	0
0	0
0	0
0	0
0	0
0	0
0	0
0	0
0	0
0	0
0	0
0	0
0	0
0	0
0	0
682	0
1	0
0	0
0	0
0	0
0	0
0	0
0	0
0	415
7	357
2	128
0	345
0	319
0	299
0	194
0	83
98	363
0	181
9	307
4	57
2	46
0	9
3	120
1	53
21	34
8	34
28	3958
0	3773
0	724
4	1181
0	486
3	953
1	506
3	294
0	185
10	277
4	72
3	183
8	12
0	0
0	0
0	0
1	0
17	4
10	1734
10	1958
14	582
11	1811
2	1610
0	1945
0	1890
23	2
1	120
0	1831
37	625
0	18
0	0
5	33
0	37
0	202
15	30
3	396
0	200
0	19
0	162
20	49
0	74
0	38
1	17
2	15
4	1573
13	1532
13	1584
1	1586
3	229
0	239
10	176
6	176
1	128
1	108
0	4
2	14
1	9
0	0
94	57
12	10
6	50
23	0
5	0
0	0
0	0
0	0
0	0
0	0
0	0
0	2
0	0
1	5008
5	4689
0	5199
2	4695
0	4491
72	4275
32	3678
52	3806
7	964
27	679
4	349
20	237
1	107
0	24
0	14
0	0
15	16
0	21
0	14
8	3
0	0
0	2
0	2
0	18
0	0
0	2
1	1
0	4
0	2
0	3
0	0
0	8
4380	56
15	56
7	3
0	3909
87	3955
6	1016
3	950
0	97
59	303
13	1220
3	3
16	565
7	83
4	214
4	0
27	49
6	43
0	158
12	59
22	46
109	0
0	0
3	236
0	127
25	192
0	211
0	37
0	23
0	43
0	13
0	0
1471	1116
64	977
0	1
0	345
0	94
11	777
0	442
0	125
0	96
0	58
9	567
8	41
14	184
13	134
16	304
0	314
0	100
0	229
0	35
46	37
13	300
2	300
0	0
0	0
0	0
0	0
3	3
0	3
0	0
0	0
0	0
0	0
0	0
0	0
0	0
0	0
0	0
0	0
0	0
0	0
0	0
0	0
0	0
0	0
0	0
0	0
0	0
0	0
0	0
0	0
0	0
0	0
0	0
0	0
0	0
0	0
0	0
0	0
0	0
0	0
0	1
0	1
0	0
0	0
0	0
0	0
0	0
0	0
0	0
0	0
0	0
0	0
0	0
0	0
0	0
0	0
0	0
0	0
0	0
0	0
0	0
0	0
0	0
0	233
0	86
0	0
0	0
0	0
0	0
0	0
0	0
0	295
0	0
0	0
0	0
0	1
0	0
0	0
0	0
0	0
0	0
0	0
0	0
0	0
0	0
0	0
0	1
0	0
0	0
0	0
0	0
0	0
0	0
0	0
0	0
0	0
0	0
0	0
0	0
0	0
1	0
0	0
0	0
0	0
0	0
0	0
1	1
0	1
0	0
0	0
0	0
0	0
0	0
0	0
0	0
0	86
0	0
0	0
0	0
0	0
0	0
0	0
0	295
0	0
0	0
0	0
0	1
0	0
0	0
0	0
0	0
0	0
0	0
0	0
0	0
0	0
0	0
0	1
0	0
0	0
0	0
0	0
0	0
0	0
0	0
0	0
0	0
0	0
0	0
0	0
0	0
0	0
0	0
0	0
0	0
0	0
0	0
0	0
0	0
0	0
0	0
0	0
0	0
0	0
0	0
0	0
0	0
0	0
0	0
0	0
0	0
0	0
0	0
0	0
0	0
0	0
0	0
0	0
0	0
0	0
0	0
0	0
0	0
0	0
0	0
0	0
0	0
0	0
0	0
0	0
0	0
0	0
0	0
0	0
0	0
0	0
0	0
0	0
0	1
0	1
0	0
0	0
0	0
0	0
0	0
0	0
0	0
0	0
0	0
1	0
0	0
0	0
0	0
0	0
0	0
0	0
0	0
0	0
0	0
0	0
0	0
0	0
1	0
0	0
0	0
0	0
0	0
0	0
0	0
0	0
0	0
2	0
0	0
0	0
0	0
0	0
0	0
0	0
0	0
0	0
0	0
0	0
0	0
0	0
0	0
0	0
0	0
0	0
0	0
0	0
0	0
0	0
0	0
0	0
0	0
0	0
0	0
0	0
0	0
0	0
0	0
0	0
0	0
0	0
0	0
0	0
0	0
0	0
0	0
0	0
0	0
0	0
0	0
0	0
0	0
0	0
0	0
0	0
0	0
0	0
0	0
0	0
0	0
0	0
0	0
0	0
0	0
0	0
0	0
0	0
0	0
0	0
0	0
0	0
0	0
0	0
0	0
0	20
39	20
1194	1247
164	1247
34	2070
1	583
0	2265
1	2265
19	344
3	255
0	472
0	352
1	162
0	0
0	0
3759	449
30	320
0	0
0	0
6	0
30	22
110	158
682	538
2	221
5	266
7	960
1	960
15	965
30	959
0	226
0	146
3	244
0	216
1	166
0	157
0	33
0	0
200	670
0	5
43	8
0	38
11	644
4	449
0	106
1864	2788
10	191
20	2483
21	171
143	30
3	14
1	1106
6	0
0	0
23	0
5420	1164
6	153
0	1025
27	864
156	76
2	32
3	70
0	37
823	680
0	215
2	501
6	276
13	217
1	89
0	47
238	179
0	1
0	2
0	162
0	44
4	14
1	11
321	595
10	595
0	0
218	22
0	21
2	1
1121	1002
12	983
0	3
0	0
1	0
119	17
0	17
0	0
0	2467
3	2177
2	2357
0	4764
0	2484
0	4545
13	2468
0	1704
6	4015
7	446
0	0
7	275
2	430
44	655
29	172
98	617
0	323
0	252
0	66
0	0
1	46
2	17
50	234
10	52
14	463
1	785
135	269
8	210
201	471
0	9
5	174
0	373
0	0
0	0
0	0
271	166
26	164
0	0
0	0
0	0
0	0
0	0
0	0
0	0
0	16
0	0
19	359
14	359
3	52
0	15
14	7
2	69
0	83
0	86
42	1970
15	12
0	1136
2	86
48	1889
31	130
6	449
48	1610
37	1279
56	1303
0	958
0	848
14	731
0	855
52	26
22	150
0	194
0	194
0	195
7	179
0	150
0	170
0	206
0	123
0	211
0	131
0	38
16	201
7	184
1	57
1	0
6	8
0	5
0	6
0	0
0	0
0	0
0	0
0	0
0	0
0	0
0	0
0	0
0	0
0	0
0	6
0	6
0	1
0	0
0	0
0	0
0	0
0	3
0	0
0	0
0	0
0	0
621	190
4	88
2	0
5	102
0	2
0	2
1	0
0	2
0	6
0	105
0	514
247	87
2	57
78	30
45	0
378	512
26	670
2	121
2	698
0	722
5	789
0	751
7	528
3	121
16	86
5	31
0	15
16	104
0	96
1	11
16	37
0	0
0	0
0	0
1	1
0	1
0	0
0	0
0	0
0	0
5	373
74	635
0	139
3	295
1	250
1	127
0	161
8	82
1	342
0	50
0	48
0	49
0	50
0	50
0	6
0	1
0	9
0	26
0	22
0	0
0	1
0	6
0	5
2	5
0	4
0	6
0	4
0	3
0	0
0	0
0	0
0	0
0	0
0	0
0	0
1	1
0	0
0	903
37	903
6	756
0	75
0	784
8	744
13	31
3	481
0	63
0	578
5	65
0	65
0	69
10	9
0	9
58	2675
0	74
0	34
3	257
9	2677
170	867
0	35
0	2388
8	95
0	476
0	2685
6	2774
0	2804
4	2651
1	2093
0	2264
1	44
0	388
0	0
2	0
0	1513
22	2309
0	724
31	462
1	1222
0	106
0	307
1	794
0	958
1	992
2	1004
0	183
0	537
1	11
2	24
38	65
21	40
37	2278
0	1910
8	909
18	967
0	943
0	1009
12	645
13	576
7	438
2	58
37	1259
7	813
0	959
0	20
91	971
0	84
0	118
70	1543
41	1545
37	102
2	1530
123	929
0	169
0	203
105	31
5	21
1	6
0	7
11	1176
0	1038
9	128
0	129
0	127
0	127
0	1106
2	78
0	204
7	182
0	1214
0	44
0	88
0	88
6	2038
15	2045
0	2033
0	2038
1	1826
0	2174
0	1439
1	117
48	1212
2	367
0	663
8	435
9	268
210	0
0	21
6	21
0	17
0	17
1	19
0	14
0	14
0	0
126	1298
44	1376
10	108
209	1652
0	926
0	872
2	711
9	589
4	61
213	189
5	36
0	37
6	133
0	22
52	428
3	38
35	356
0	622
1	659
16	255
3	131
0	157
5	76
0	0
0	0
0	118
0	117
5	117
0	17
0	17
0	9
4	747
5	729
0	703
0	716
0	673
11	596
13	648
4	41
2	77
4	20
0	379
37	1179
186	1179
4	178
689	161
0	159
270	111
10	111
0	5
14	5
10	0
11	201
4	201
9	171
0	22
0	9
4	1
31	552
1	113
0	554
1	530
0	80
0	29
0	40
0	133
0	7
0	9
20	534
23	669
0	454
4	50
0	35
19	42
0	131
0	267
0	317
0	181
0	39
58	1073
0	1073
53	37
0	37
30	4292
165	3543
2239	4147
3	59
87	199
0	165
0	124
0	102
0	96
2	37
1	121
10	74
0	76
0	44
0	32
0	14
1	40
16	7
0	43
3	3
0	0
2	687
0	687
2	1
0	1
0	7
0	0
2	7
0	0
6	32
984	0
4	0
445	0
149	1
1	6
0	6
0	0
0	0
0	0
0	0
1	0
0	0
0	0
0	0
0	0
0	0
0	0
0	0
0	0
18	0
0	0
0	0
27	0
0	0
5557	362
0	362
0	0
0	3
0	3
0	3
0	0
0	0
0	0
0	0
0	361
2	367
0	9
6	71
0	0
1	6
2028	185
0	0
0	0
0	0
0	185
12	3
4	3
5	0
492	157
7	24
3	36
4	97
1	66
78	34
4	34
299	526
136	526
33	25
2	150
0	0
1	1860
3	1867
1	1868
1	1252
132	443
114	0
0	0
0	0
0	0
0	0
1	122
44	750
1446	2703
3	1740
1	111
2	148
12	389
21	97
0	0
4	0
0	0
156	0
0	0
0	0
0	0
0	0
0	0
0	0
0	0
836	513
3	424
1	300
0	0
56	168
1	19
1	0
51	499
3	39
31	459
0	0
0	75
7	38
0	0
39	0
2	313
0	313
0	97
1	0
721	679
0	630
0	411
0	48
0	97
0	79
0	41
0	787
5	43
14	14
523	975
3	912
15	808
1	111
0	0
0	4
0	157
0	117
1	114
0	31
0	6
932	1372
0	266
13	187
0	0
2	764
0	802
0	809
94	82
1	14
0	70
0	16
0	3
272	467
18	467
0	0
1862	1127
5	1125
2	221
0	24
108	104
9	1113
404	1600
0	198
0	319
4	31
0	6
1	6
0	0
42	27
18	27
3	27
1	1
0	0
0	0
0	0
0	0
0	0
0	0
0	1
3	739
0	0
0	0
0	0
0	0
0	0
1	0
0	0
0	0
0	0
0	0
0	0
0	0
1	287
8	2114
6	897
3	2086
0	4
22	212
1	6
0	283
1	193
0	270
19	10
2	4
7	1
19	6
19	182
71	150
11	128
0	112
93	13
12	416
0	402
7	61
1	0
17	107
2	19
1	20
63	192
1015	576
0	576
12	128
36	32
19	426
1	396
0	363
157	422
18	392
63	235
0	14
0	31
2	0
1460	2
10	0
960	131
0	0
0	0
8	127
0	5
11	68
23	4
0	1
0	0
0	0
0	0
0	0
4	1595
0	0
2	1596
226	0
1549	1598
170	1596
1	282
1051	130
0	3
1	18
179	593
267	4606
2	70
0	2015
25	3356
1	46
0	8
103	57
0	54
0	0
1	0
0	0
1	133
3	3573
3	3593
0	165
46	4
0	140
56	426
22	2744
9	1344
185	0
0	0
0	592
0	459
0	595
8	127
10	467
52	1029
0	1108
0	192
5	221
0	142
0	0
0	0
0	160
1	147
0	164
712	268
22	149
3	239
0	0
6	11
0	11
0	1
0	0
0	0
0	0
0	0
4	44
4	44
0	32
146	178
8	157
0	0
11	28
1734	98
9	98
0	0
0	0
0	0
0	0
258	392
1	392
0	0
5	0
0	110
1	110
16	126
1	123
4	85
19	38
0	22
0	6
0	6
118	11
20	62
4	12
77	0
707	15
1	64
0	0
0	0
0	0
0	0
29	744
2	754
1	93
1	36
0	0
1	4
0	0
5	0
1	0
356	0
522	2
5	0
0	0
0	0
0	0
0	0
3	4
0	4
0	42
197	172
2	143
53	15
0	0
0	0
0	0
0	1
0	1
0	0
0	0
0	0
1	0
12	114
8	14
578	124
0	5
0	0
0	0
0	0
18	1485
888	1485
0	109
32	40
157	452
7	137
169	298
1	0
0	0
1320	81
45	81
0	4
1	0
0	0
0	0
0	0
0	0
0	0
0	0
0	0
0	0
0	0
0	0
0	0
2	2
0	0
0	0
0	2
0	0
0	0
9643	3568
65	0
5	3568
0	3602
108	3847
0	3827
6	706
0	198
15	5
0	1
0	5
0	5
13	1
0	0
0	0
0	0
0	0
0	0
0	0
0	0
0	0
14	0
0	0
0	0
84	2
0	2
0	0
0	0
0	0
0	0
0	0
0	0
0	0
0	0
113	61
916	61
0	0
3	9
149	36
2	7
0	28
0	0
0	2
97	106
0	21
2	106
68	0
0	1
0	1
0	1
0	0
0	0
0	0
0	0
0	0
0	0
0	0
0	0
0	0
0	0
0	0
0	0
0	0
11	415
0	344
2	226
20	87
0	0
0	0
0	0
9	1
0	1
0	0
0	0
0	0
0	669
24	6596
414	160
38	142
3300	6513
0	0
70	665
279	428
16	1
4	697
8	700
0	391
1	399
13	430
0	394
6	426
88	0
0	0
84	255
0	0
0	400
0	400
45	137
18	226
34	3361
1	3361
11	236
0	0
0	0
0	0
0	0
342	12
0	0
0	0
0	12
0	5
0	1
0	3
1	4
0	0
0	0
0	16
0	0
263	42
0	14
1	26
0	0
0	0
0	1442
59	1431
9	1329
2	10
0	10
460	235
4	263
1	180
496	117
0	39
1	83
251	109
2	5
3	9
12	97
0	11
686	486
58	484
8	24
454	0
0	0
1946	1517
2	653
4	40
2	1398
0	1148
0	1083
0	948
0	521
0	798
147	0
0	0
0	87
0	0
0	341
1	341
34	341
0	0
1	0
0	1766
0	1740
3	646
0	1690
84	584
0	1409
30	144
9	685
0	2
0	2
0	1
1012	283
17	97
7	265
0	0
0	0
0	16
0	0
0	1
0	14
0	13
0	14
0	0
0	9
0	0
1	35
0	35
4	17
0	17
3	19
0	20
0	0
0	0
0	2
4097	10
0	14
1	14
6	17
0	16
0	0
0	2
0	0
1	2
0	0
0	2952
40	3173
0	886
0	334
0	234
0	229
6	72
212	1322
0	566
0	1216
95	361
8	186
0	0
6	0
0	0
0	8
3	8
0	0
0	5
0	0
0	0
0	0
0	0
0	0
10	0
0	0
0	0
44	0
3	450
0	470
3	45
0	245
7	6
19	146
8	112
36	142
17	696
0	28
0	26
0	229
1	727
3	6
1	9
2	5
3125	2433
4	581
130	1384
0	0
1	0
0	19
311	0
0	0
25	19
0	0
0	0
0	0
0	0
0	0
0	0
6005	0
0	1
0	1
0	1
0	0
0	0
0	0
0	0
0	0
0	0
220	0
1	77
0	0
0	0
0	0
0	0
8	659
194	777
1	417
0	0
0	15
0	52
0	4
0	0
0	0
0	1
0	0
0	0
0	0
0	1393
0	111
0	128
0	0
0	795
0	0
0	366
0	26
0	16
0	16
0	25
0	1428
0	0
0	0
0	25
0	15
0	52
0	4
0	0
0	0
0	1
0	1393
0	111
0	128
0	0
0	0
0	366
0	1
0	1
0	0
1098	1884
0	1824
0	0
0	0
0	0
0	0
17	305
23	305
5	3
5	45
0	30
30	969
160	1406
12	1444
30	17
1	3
95	115
15	85
1	28
386	292
0	258
55	292
5	236
0	0
0	0
2	3
0	43
0	1
1	43
609	118
0	6
5	57
1	15
2	74
39	643
1403	643
7	73
3	75
3	40
0	13
0	15
20	657
0	689
0	268
12	150
0	137
0	190
3	211
37	120
0	120
1	11
43	510
0	512
0	384
1	332
16	1
6	1
0	144
3	166
31	135
0	0
0	0
0	0
846	499
0	482
0	499
14	131
1	11
104	101
0	158
0	127
0	29
0	86
0	73
2	50
7	10
0	32
12	0
0	0
0	0
0	0
0	0
11	442
2	439
5	54
6	64
6	21
1	13
0	0
4	1
0	1
17	1206
85	1136
6	1060
0	83
2	656
18	1
1	23
0	0
0	0
0	6
0	7
0	3
74	499
283	551
1	190
17	1
0	144
0	57
1	18
2	1
5	2577
0	2955
9	2757
13	157
0	140
3	126
714	0
3	190
0	194
0	178
0	174
3	178
0	184
0	178
0	34
10	1
0	1
1	1
0	1
1	3
0	3
368	2056
0	2124
0	2087
13	1627
15	1189
0	0
131	81
1	0
0	0
4	9
90	26
0	2
0	10
0	10
0	15
0	0
72	90
1	43
0	59
0	0
0	0
0	0
0	0
0	0
0	0
0	0
0	0
0	0
0	0
0	0
0	0
0	0
0	0
1722	4560
26	4338
19	176
5	1626
1	208
2	0
15	176
163	67
3	0
0	0
0	0
0	0
0	0
0	0
5	0
2	3
0	22
7	22
5	0
0	35
0	68
0	103
0	122
0	758
0	185
4	57
2	97
1	584
1	163
31	96
0	12
0	737
0	120
0	743
0	62
1	27
2	168
0	702
11	39
0	633
0	749
0	424
1	280
9	0
0	39
34	97
1	0
1724	236
34	173
0	0
1119	0
8	0
10	40
0	23
0	0
6944	13348
12	12970
0	5624
1	1709
69	374
0	0
51	407
46	5
31	407
184	34
0	28
1	2
11	3
481	2242
1	2112
9	233
5	63
1	130
0	0
0	0
0	0
0	0
0	0
1	628
4	0
0	0
0	0
2	457
0	0
0	0
0	0
2	0
0	0
0	0
29	0
0	0
107	3776
15	1015
20	220
1	954
10	3570
3	2489
0	2511
0	2511
6	2071
10	1013
0	272
288	1043
1	896
0	1054
37	185
0	0
0	0
0	0
16	103
2	0
0	0
27	35
8	35
0	0
1	51
17	0
0	147
2	136
0	1056
0	0
14	1503
0	133
27	1
0	15
5	1451
0	0
4	22
0	0
0	0
0	0
0	0
25	1505
0	61
53	1503
0	124
0	0
1	0
0	0
0	0
0	0
0	0
0	0
0	0
0	0
0	0
62	2157
440	2157
7	97
0	0
422	139
2	132
0	29
1	43
0	8
3	8
0	1
48	2
82	29286
7	22607
34	7670
2	1096
7	11815
0	22208
10	5089
0	5720
1	0
621	0
3	0
1	0
1789	4
444	4
1	1674
0	0
29	6868
118	6868
1	47
143	63
0	89
1	122
0	59
0	44
0	44
0	1843
0	2259
0	2828
0	6109
809	7034
62	916
6	2279
0	0
4	0
4	14
0	14
4	11
0	2
0	1
0	0
0	9
0	6
0	1
0	9
0	8
0	0
0	0
0	0
0	0
1	0
0	0
0	0
0	0
97	131
41	131
0	51
10	155
1	97
0	95
8	57
6	54
14	4
0	2962
0	2
1	0
0	0
4	16
1	40
0	50
0	0
0	0
0	0
0	0
0	0
0	6
0	0
0	0
0	0
363	218
0	97
10	132
495	380
0	393
4	393
0	0
0	0
0	0
0	0
0	0
0	0
0	0
0	0
0	0
21	0
0	0
0	0
3663	652
120	466
0	215
20	193
2104	1242
0	1233
26	855
2	967
0	958
72	37
0	536
0	0
0	0
0	0
0	0
0	0
1006	3955
152	334
121	1245
101	2950
0	0
1	4
0	0
4	20
5	970
0	0
1	0
0	0
0	0
0	0
1	0
273	0
113	487
29	147
0	172
5	290
1	71
0	24
42	156
5	156
624	61
0	84
0	84
202	1060
61	714
2	704
48	111
75	4101
6	4167
6	3852
212	274
0	0
940	1165
7	804
0	231
0	353
7	361
0	2
0	2
0	0
0	0
0	0
0	0
0	0
1	0
0	0
0	0
0	0
0	0
0	0
0	0
0	0
0	0
0	0
0	0
0	0
0	0
0	0
0	0
0	0
0	0
0	0
0	0
0	0
0	0
0	0
0	0
0	0
0	0
0	0
0	0
0	0
0	0
0	0
0	0
0	0
0	0
0	0
0	0
0	0
0	0
1	0
0	0
0	0
0	0
0	0
0	0
0	0
0	0
0	0
1	0
259	9
14	7
0	0
0	0
0	0
0	0
0	0
0	0
0	1
0	0
0	0
0	0
1	0
0	0
0	0
0	0
0	0
0	0
0	0
0	0
0	0
0	0
0	0
0	0
0	0
0	437
0	425
0	34
0	18
0	18
10	0
0	343
0	298
0	0
0	210
0	27
0	0
0	0
0	0
0	0
392	1050
6	1194
1	1078
18	0
0	0
0	190
0	328
35	0
19	110
0	0
0	0
0	0
0	0
0	0
19	4352
0	0
0	0
0	0
0	0
0	0
0	0
0	0
0	0
31	78
0	78
0	0
0	0
0	0
0	0
0	0
16	528
0	376
0	0
0	0
0	0
0	0
0	0
0	0
0	0
0	0
1	0
0	0
0	0
0	0
5	356
0	0
0	0
0	0
0	417
5	414
0	359
0	344
0	310
0	0
0	1
7	6
3	0
0	0
0	0
75	0
2	33
0	279
0	0
0	0
0	0
0	0
0	0
0	0
0	0
0	0
0	0
0	17
0	0
0	0
0	0
0	0
0	0
0	0
0	0
0	0
6	0
0	0
0	0
0	0
0	0
0	0
0	0
0	0
0	0
0	0
0	0
0	0
0	0
0	2
17	1123
0	1141
63	490
1	0
0	0
0	0
0	0
0	0
0	0
0	0
0	0
0	0
18	225
1211	714
1	709
20	526
3	201
47	45
29	349
12	12
32	332
1	49
167	808
0	667
12	48
1	668
60	348
0	41
9	179
0	574
37	466
26	420
33	199
2	0
57	246
2	147
2	120
1	0
7335	1822
660	1763
0	0
0	0
1	0
0	0
4	0
2	0
0	0
7	0
0	0
0	0
0	0
519	236
0	233
1	94
0	0
2	61
0	0
1	0
0	0
39	10
2	0
0	0
0	0
0	0
0	0
0	0
0	0
0	0
0	0
0	0
0	0
0	0
0	0
0	0
0	548
0	328
0	409
0	350
0	228
0	189
1	184
0	47
2	205
2	6
2	0
263	450
81	446
6	295
5	10
2	235
181	491
1	1
52	294
11	408
0	0
0	0
7	0
0	0
51	14620
0	549
84	13911
1	2088
404	2161
0	2395
314	14022
181	7154
20	678
18	12649
0	12476
9	1023
81	696
473	2484
106	1031
0	741
1	235
0	0
0	0
0	0
0	0
4	0
2533	71
1	69
0	0
0	0
0	10
2	0
7	0
1259	1
4	1
106	4389
15	4386
5	3173
54	830
2	288
8	574
76	126
22	1770
24	6174
3	6032
0	6204
3	0
43	476
0	739
0	0
71	203
0	97
2	0
1	0
0	0
0	0
0	0
2	234
22	234
23	288
0	0
11	223
0	61
0	265
0	0
9	461
0	477
3	294
0	0
0	0
0	0
0	0
0	0
2	0
19	6
1	6
335	116
0	1
20	120
0	119
0	27
0	0
0	0
0	0
0	0
0	0
0	0
0	0
0	0
736	322
140	162
22	162
25	1252
26	1410
0	1445
100	1258
0	0
1	0
0	0
467	2593
0	2221
25	660
0	0
548	1058
0	0
1	1475
0	1677
3	0
0	0
0	0
0	0
1	0
3	2
2	2
1	21
0	11
0	8
0	13
16	23
0	0
0	0
0	0
0	0
0	0
0	0
0	0
0	0
0	3376
0	3376
0	0
0	0
944	0
0	0
0	0
0	0
0	0
0	0
0	0
0	0
2	0
0	0
0	0
0	0
0	0
1	0
0	0
0	0
0	0
0	0
0	0
2	0
0	0
0	0
0	0
0	1
21	0
0	0
0	0
0	0
0	0
0	0
0	0
0	0
0	0
0	0
0	0
219	0
0	0
0	0
0	0
0	0
0	0
0	0
0	0
32	1
0	1
1	0
0	0
0	0
0	0
0	0
0	0
0	0
0	0
0	0
0	0
56	1645
0	0
0	0
0	0
0	0
0	0
0	0
0	0
0	0
0	0
0	0
0	0
0	0
0	0
0	0
428	0
0	0
0	0
0	0
0	0
0	0
0	0
0	1
0	3
0	1
0	2
0	0
0	0
0	0
0	0
46	171
60	270
0	272
0	213
0	0
0	6
3	0
0	6
1	2
0	0
14	303
2	288
0	356
4	6
613	0
0	0
0	0
1704	0
65	0
0	0
0	0
0	0
0	0
0	0
0	0
0	0
0	0
0	0
2	2720
0	2588
0	2111
0	1519
1	27
3	67
1	0
0	0
1	0
1	0
0	0
0	6
0	1
0	0
0	6
7	352
0	0
6	365
5	304
6	249
3	38
2	25
23	91
0	3
5	0
12	13
5129	4
12	0
0	88
24	255
8	40
2	42
0	9
0	10
0	16
0	8
0	12
0	10
0	85
2	4
3	19
10	81
2	0
7	0
9	141
0	0
0	0
0	0
0	0
0	0
0	0
0	0
0	0
0	0
5	9311
0	5034
708	3204
18	9131
404	1782
0	6198
3	4416
3	10
0	862
0	0
93	5803
1766	2
0	0
0	0
0	0
0	0
2	0
0	3
0	1
177	4344
25	749
2	4229
1	340
1960	687
0	353
745	2
27	163
1338	992
1	532
0	474
2	130
192	16
0	0
0	0
2076	1756
70	1754
0	0
0	0
0	0
4	3317
4	1390
0	3460
0	3293
1	973
2	2926
53	2862
50	168
0	198
3	68
15	53
0	1
0	0
0	1
1	1
1	0
680	324
2	173
10	0
0	120
2	204
78	2
0	2
1	0
0	0
0	0
37	83
12	83
5610	6189
1	984
0	5311
8	244
28	145
32	384
0	0
0	384
0	0
0	0
0	0
0	0
0	0
0	0
0	0
0	0
0	0
0	0
0	0
0	0
0	0
5	47
0	30
301	370
1	39
0	187
0	81
0	0
25	0
0	1
0	159
0	36
6	36
1	48
2	124
14	128
1	77
611	540
3	305
1	343
8	275
220	7
0	13
13	13
1	0
4	1171
7	938
5	862
0	861
3	316
18	23
49	31
3	585
9	105
4	118
3	0
0	85
1	7
0	5
0	0
0	0
0	0
0	0
0	0
0	0
0	0
36	43
0	39
0	41
0	0
0	0
0	10
1	5
2	4
2	17
0	16
0	13
0	0
0	0
7	24
0	24
0	0
0	0
0	0
0	0
0	0
0	0
6	0
0	0
0	1
0	0
0	0
0	0
3	4
0	2227
3	14449
2	1030
107	14791
4	581
13	535
0	2171
5	0
0	0
0	0
456	885
0	849
0	332
2	299
15	186
0	85
36	109
1	70
32	8
19	9
0	0
0	0
0	0
0	1
412	61
0	61
2	39
2029	199
1	195
0	0
0	0
14	9
0	23
4	27
0	17
0	4
4057	4644
0	3
2	4014
0	1512
0	0
0	738
0	458
0	0
4	6
11	6
2	23
0	4
0	23
0	22
0	6
0	0
0	0
0	169
0	0
0	0
0	0
0	0
12	0
0	0
0	75
321	156
8	81
1634	5404
48	5328
3	5397
0	3683
0	1595
21	1577
0	0
21	12
7	3006
0	3006
2	0
6	882
13	911
1	777
5	206
0	116
4	50
27	0
24	1272
45	1272
1	0
0	0
0	0
3	0
2	10
2	10
3	2
0	0
0	0
1	0
0	2
0	0
0	0
0	129
0	844
0	3
0	224
0	0
0	0
0	0
23	1046
0	1021
0	730
1	684
14	281
0	45
7	127
0	329
22	11
0	0
0	0
0	0
0	0
0	0
0	0
1	7
2	6
81	104
6	71
0	7
0	0
0	0
0	5
3	26
25	2
12	466
6	561
6	0
13	376
135	230
483	317
61	1075
3016	1134
281	622
2	622
12	91
49	239
10	126
98	7
0	0
0	71
30	1099
0	11
0	778
9	986
0	993
0	765
1025	1086
5	165
0	165
1	154
0	4
2	94
0	5
0	11
0	0
0	0
0	0
0	0
1	211
0	0
97	0
7	25
230	48
2	626
0	4
168	23
244	1701
1	1426
6	63
2	131
11	5
23	417
32	3
1121	221
2	43
1	108
10	44
0	0
0	0
22	10
7661	2
0	0
2	0
0	4
0	0
0	0
2	4
0	0
0	0
8	40
3	36
0	0
3	0
0	4
0	4
0	4
2	2
0	0
0	0
0	0
0	4
3	4
5	4
74	614
1	85
1	571
0	198
1	42
0	64
0	89
0	12
0	17
14	2
0	256
40	243
0	132
5	44
1116	1225
4	1225
0	0
0	176
6	98
0	0
0	0
0	0
0	0
0	0
0	0
1	0
0	0
0	0
34	41
0	41
0	0
0	185
19	185
10	25
0	5
1	5
1	5
2	5
0	3
0	3
0	3
0	0
0	25
0	15
0	17
73	26
1	6
0	2
0	5
0	13
0	13
0	13
0	7
0	6
0	0
0	0
0	0
0	0
0	0
189	594
0	520
7	230
3	74
32	223
798	148
0	124
0	51
0	46
4	289
42	204
7	142
0	56
0	106
1	190
0	0
0	0
0	0
0	0
1	0
0	1171
9	1114
0	1180
1	59
19	87
0	0
0	0
7	27
20	2
2	2
0	2
0	2
8	0
4	17
8	19
0	13
0	13
0	0
0	0
59	305
12	305
232	68
0	68
0	0
3	0
7	37
243	40
9	30
0	0
11	1866
432	1892
3	392
3	50
30	116
0	284
30	30
0	0
0	0
0	0
0	0
18	54
0	47
0	21
0	16
3	2
0	0
0	0
0	0
0	0
0	0
0	0
0	0
0	0
0	0
522	1322
0	1065
9	742
0	487
0	0
1	0
2013	1684
0	301
0	490
1	148
27	19
0	0
0	263
1	580
2	616
74	6
0	0
0	532
4	0
0	0
0	0
46	1200
0	837
11	1129
2	1149
1	144
0	0
8	0
1	845
536	5186
17	836
6	4583
319	4841
868	114
40	20
0	94
35	102
5	5
16	23
0	23
3	0
0	0
1	3399
0	35
3	0
0	0
0	0
0	0
0	0
86	1073
2	896
1	975
11	41
119	78
0	1617
3	1627
0	85
0	85
0	56
44	788
0	0
1	120
2	0
0	0
332	37
1	37
0	0
0	0
0	0
0	0
0	0
0	0
0	0
0	0
0	0
0	0
0	0
0	0
0	0
0	0
0	0
0	0
0	0
0	0
0	0
0	0
0	0
0	0
0	0
0	0
0	0
0	0
0	0
0	0
0	0
0	0
0	0
0	0
0	0
0	1
0	0
0	0
0	0
0	0
0	0
0	7
0	2
1	5
0	6
0	5
0	1
0	0
0	0
0	0
0	0
0	0
0	0
0	6
0	0
0	0
0	0
0	0
0	0
0	0
0	0
0	0
0	0
0	0
0	0
0	0
0	0
2	0
0	0
0	0
0	0
0	9
0	9
0	0
0	0
0	0
0	0
0	0
0	2
0	69
0	1
1	2
0	7
7	7
0	0
0	6
2	6
0	4
0	0
0	1
0	0
0	0
0	0
0	0
0	0
0	0
0	0
0	0
0	0
0	0
0	0
0	0
0	0
0	0
0	0
0	0
0	0
0	0
0	0
0	0
0	0
0	0
0	0
2	0
0	0
401	2
0	2
0	0
0	0
0	0
0	0
0	0
0	0
0	0
0	0
0	0
31	5580
0	2115
10	390
175	0
0	400
11	0
1	319
4	342
3	3399
0	281
1	22
1	181
2	8
24	393
1	184
7	12
346	3937
0	41
1	401
54	3989
2	55
11	3941
2	1855
0	1807
0	0
130	525
210	1014
0	411
44	300
0	0
0	0
0	0
0	0
0	0
89	28
0	0
5	0
14	0
0	0
51	52
0	52
82	0
68	28
0	653
0	0
0	0
1	0
474	630
47	0
37	0
0	49
1	630
0	0
336	223
2	210
0	0
2	357
0	393
2	336
0	74
3	25
2	71
0	1311
28	6334
4	1081
7	74
3	163
4	102
6	101
87	2420
4	3759
50	65
91	1
83	9
94	52
0	0
94	0
2	279
9	0
0	0
0	0
0	0
0	0
0	0
90	0
0	1
0	0
0	0
0	0
0	0
0	0
0	0
0	0
0	0
0	0
0	0
4	72
0	13
0	0
3	64
2	5
4	0
0	2
0	11
0	2
0	0
0	0
0	0
1	6
0	11
0	0
0	1
0	14
0	0
0	0
745	190
0	10
0	140
0	188
0	48
2	0
0	0
6	48
0	42
0	37
0	15
0	0
3	5
0	2
0	0
3	0
0	109
0	0
5032	393
0	0
6	329
20	0
56	3
4	61
6	0
0	229
2	118
243	254
9	120
2582	4388
21	1214
18	656
13	1932
8	1911
151	200
5	219
4	294
122	0
0	228
0	0
0	0
0	0
0	0
435	0
0	0
0	599
1696	1322
7	813
5	144
53	494
22	985
3	872
8	1014
4	550
0	0
0	0
52	0
2234	0
0	0
0	0
79	1721
22	7
2	1641
1	236
6	525
0	477
0	887
0	0
0	0
0	0
0	0
82	0
0	0
2	1
0	0
0	0
0	0
286	472
1596	3271
284	1023
0	794
68	1812
3	1482
0	551
0	603
1	125
10	1098
226	0
6	399
2	1268
0	0
224	2000
1	1875
0	330
1	1
1	298
0	0
0	37
29	253
0	1407
36	1434
7	1090
11	1486
0	0
0	0
22	4706
298	1120
244	6779
57	6027
2	248
0	2
0	1689
8	0
3	0
0	0
109	307
21	239
0	108
0	45
7	301
16	301
0	1
0	10
0	51
0	38
0	0
0	0
845	385
1	23
0	335
2	90
264	237
31	49
0	0
0	0
0	3
0	3
50	942
0	888
0	763
34	24
0	59
0	172
0	0
0	2
0	11
2	12
0	2
0	7
0	0
0	0
0	0
9	0
3550	3471
0	17
32	435
20	974
0	3199
0	0
28	0
27	0
0	0
0	0
20	0
66	0
100	231
44	0
46	0
71	36
4	903
940	3306
5	3298
226	1896
1	2053
0	14
2	1
0	1
0	0
0	0
1	0
0	0
12	1
0	1
0	0
0	0
73	258
32	258
8	6
3	154
0	139
37	2
0	138
0	0
0	0
0	98
2	13
14	44
437	1649
0	1
1	1617
12	436
0	0
0	202
0	0
0	0
0	0
0	0
0	0
0	0
0	0
79	914
48	914
0	27
10	9
4	4
1	0
0	0
0	0
0	0
0	0
0	0
4402	8159
7	1257
28	1032
22	2288
57	807
0	3285
40	1234
51	1527
184	1390
7	730
0	0
2	0
0	0
3	0
0	0
2144	15032
5	14292
11	14584
39	4323
0	2621
23	1018
1	115
0	362
24	13
0	0
7	0
28	0
1	0
2	0
3004	876
3	553
2	526
0	508
11	257
0	0
8	0
0	0
0	0
7	172
1	172
0	9
18	784
29	2216
11	190
0	0
53	16
31	1413
0	0
0	153
0	2265
0	2266
9	2285
16	2298
1	0
3	486
0	345
0	0
0	313
6	250
0	98
23	19
0	0
0	14
0	7
0	13
0	10
0	0
12	0
0	2
85	0
0	0
8	0
0	0
3	1
0	2
0	0
0	0
0	6
0	0
521	152
0	93
0	26
0	11
3	66
6	1906
26	45
13	36
22	0
0	35
19	0
180	1437
16	2223
221	10602
172	1192
90	10260
10	138
15	26
4	239
17	429
60	542
11	94
3	388
28	199
21	218
0	0
8	0
1	0
0	0
0	0
0	0
0	0
2	0
0	0
12	1371
0	3530
0	3379
0	340
7	311
4	14
1	0
2	0
59	0
174	6886
5	6647
77	6052
0	0
2	815
99	502
0	612
0	1002
1	221
0	331
2	0
2	0
0	0
0	0
0	7
0	0
239	1102
0	164
105	976
2	3
1	261
1	352
14	69
0	0
2	5
0	5
1	0
0	4
0	0
4	0
2	679
5	65
0	65
1	667
1	13
0	0
0	0
0	1
0	0
0	0
0	0
0	0
503	449
0	369
1	162
7	61
789	373
158	0
260	373
2	136
0	0
13	2
20	5
36	410
0	409
0	400
0	0
7	107
0	35
22	386
4	83
6	4
0	3
0	1
78	103
0	0
0	4
0	4
4	4
0	0
0	2
0	0
0	0
0	0
0	0
0	0
14	505
0	503
0	57
3	2
3	0
0	0
0	0
0	0
0	0
0	0
0	0
0	0
0	0
0	0
0	0
0	0
0	0
29	35
0	154
19	16
26	138
11	0
76	0
17	0
0	0
0	0
0	2360
1	2277
0	2358
0	2358
31	605
0	147
0	50
0	0
42	2348
82	986
0	2264
0	2347
22	336
2	76
0	252
3	17
11	240
4	0
0	69
0	0
4	20
0	0
0	0
0	0
0	0
0	0
0	0
0	0
0	0
0	0
152	13
6	13
4	0
7	0
0	25
0	28
3	12
0	0
0	0
833	3678
34	3675
215	799
5	1044
0	0
0	0
914	43
66	42
28	1
0	0
33	0
0	0
0	0
0	0
0	0
1	8
0	0
0	0
0	0
272	724
53	702
0	186
32	398
45	41
21	26
37	7
45	106
3	324
66	526
4	184
50	805
26	587
1	397
101	447
0	1
36	12
10	266
4	4
0	335
0	331
2	335
0	15
0	2
34	551
0	113
16	561
4	554
0	138
0	152
2	150
1	151
0	144
1	151
0	144
0	131
0	8
1	0
6	0
3	0
0	0
0	8
0	0
0	0
0	0
0	0
23	6
1	6
0	0
0	0
1	2
0	0
0	0
0	0
0	0
0	0
0	0
0	0
0	0
0	0
0	0
0	0
0	0
0	0
0	0
0	0
0	50
0	54
0	54
0	32
0	7
0	0
0	0
0	0
0	1
0	16
0	14
0	0
0	2
0	0
0	0
0	0
0	0
0	0
0	0
0	0
343	990
0	775
0	973
1	545
3	484
18	735
153	75
0	126
0	0
0	0
2	0
0	0
0	0
2618	2010
0	895
5	569
1	797
204	116
0	48
0	83
0	102
0	0
0	0
0	0
5020	429
3	427
0	0
0	0
19	0
0	380
0	0
0	0
0	0
1	3219
0	0
0	0
2	10
504	12
0	0
0	0
1752	875
0	811
0	365
4	294
0	0
511	59
2	59
0	9
1	0
0	0
0	0
4	9
0	0
0	0
3061	0
0	0
0	0
198	0
0	0
0	0
6560	20
2680	6
0	0
159	1038
13	909
2	909
0	888
6	35
59	460
0	218
0	110
2	17
11	1
0	1
0	0
0	0
0	0
0	0
806	999
17	261
0	82
7	85
16	700
22	57
10	52
1	52
17	7
0	0
1	14
0	8
22	10
13	8
2239	2320
0	849
5	2160
2	189
0	0
15	1232
0	1232
21	1135
0	0
46	285
0	0
0	0
0	0
10	595
303	609
12	169
6	21
53	7
3	331
13	187
0	29
9	217
0	21
0	23
583	140
2	135
0	86
0	0
0	0
0	0
0	0
0	0
0	0
1	0
0	0
229	0
0	4
10	15
1	12
10	9
0	4
0	0
0	0
0	0
0	0
0	0
0	0
0	0
0	0
930	8
0	6
2	0
0	0
2950	713
1	712
16	322
0	287
0	9
10	265
1	206
17	221
9	52
0	0
0	0
0	0
124	330
7	146
3	150
0	96
2	20
0	30
0	0
0	1843
0	1877
31	1849
0	34
1	4
0	864
0	49
22	26
2	574
439	1372
2	1013
41	350
58	89
59	0
18	0
29	3
23	376
1	141
3	128
6	240
11	44
0	38
1	47
0	0
0	0
4	4
12	13
13025	34
4	0
35	0
118	0
0	0
4259	238
2	63
8	10
20	177
2110	313
0	0
0	197
722	118
40	0
1699	49
1	0
155	43
0	0
377	0
1365	174
2	290
2	132
52	76
12	143
0	150
3	66
0	29
26	60
1	32
0	0
51	8
81	0
2864	313
21	54
628	657
0	463
0	460
4	35
0	54
0	72
0	31
5	104
22	119
0	0
5	317
4	169
57	107
8	84
0	3
0	0
0	0
0	0
79	2120
15	3089
0	2742
15	94
0	1128
821	1128
98	157
3	325
56	324
1	0
1556	601
158	599
0	1
1	0
0	0
0	0
0	0
0	0
0	0
0	0
0	2
7	5
0	3
0	0
0	0
0	0
1	25
0	0
0	0
0	0
0	0
0	0
2072	4
4	63
7	44
0	2
28	32
0	0
0	0
0	0
0	0
0	0
0	0
11	0
0	0
4	7
0	7
0	0
0	0
0	0
0	0
0	0
0	0
0	954
0	954
0	897
0	739
0	537
2	1
2	748
2	62
0	3
3	4
2	65
0	40
0	108
3	44
1	0
7	22
0	0
0	0
0	60
1	0
0	30
4	5
0	0
0	0
0	0
5	64
0	0
0	0
0	0
0	0
0	0
0	0
0	0
0	0
0	0
0	0
0	0
0	2
0	2
0	0
0	0
0	0
0	0
0	0
0	0
0	176
0	176
0	0
0	0
0	0
3	2937
49	2977
162	2999
0	0
0	0
66	2515
0	2285
0	1888
0	1
0	1
0	0
0	0
466	8157
1	8117
0	0
11	5
0	5
2	0
122	1172
16	1171
11	1179
0	272
13	122
4	26
431	0
126	1
0	0
243	1186
0	1192
0	1161
0	1144
0	1138
0	1118
0	1190
0	1160
0	1081
0	832
0	868
0	59
0	0
0	0
0	13
0	29
0	116
0	29
14	65
0	7
2	10
0	0
4	0
0	0
0	0
0	0
58	1511
16	1511
36	978
0	0
0	0
0	0
0	0
0	0
0	0
0	0
0	0
18	69
1902	2395
0	68
6	2280
1	345
5	431
9	190
138	343
0	33
0	2280
2	139
9	473
3	80
7	189
0	0
0	0
0	0
0	0
0	0
0	0
0	0
0	0
11	0
174	14
0	14
0	0
7	0
0	0
0	0
0	0
3	0
48	0
199	426
22	765
5	1887
0	2466
4	2470
161	2505
147	531
16	27
48	195
48	532
11	210
11	160
3	8
0	0
0	5
0	7
0	0
0	6
0	0
13	307
0	307
0	145
0	86
64	41
0	6
234	104
0	94
0	20
0	35
0	35
2	17
2403	1329
0	0
9	125
12	248
91	1124
0	247
2	170
0	112
0	456
0	99
2	324
3	398
0	389
0	101
1	0
0	0
0	491
22	606
11	200
2	379
0	3
0	0
0	0
0	0
102	384
0	360
4	399
0	187
20	22
0	188
267	2
270	41
1	41
0	0
514	8
2	8
0	0
0	0
0	0
1	0
0	0
0	0
0	0
0	0
0	0
3	1015
2	757
0	651
10	33
19	1001
0	253
0	0
0	0
0	0
0	0
0	0
0	0
0	1
0	0
0	0
0	0
0	0
19	4
0	3
1	1
0	0
0	0
0	0
0	47
0	29
33	29
0	0
1	4
0	8
0	0
0	0
0	0
0	0
0	0
13	0
0	0
1	1212
4	1568
0	0
0	3
58	1074
1471	0
12	1097
1	4
3	891
7	595
94	381
4	104
24	381
4993	509
7	166
0	337
110	2569
0	2550
0	2669
3	144
104	1921
0	1758
2	1308
7	2
0	124
7	88
0	0
0	0
0	268
26	443
3	199
2	4
1	5
0	0
311	13
29	31
50	0
0	66
0	0
48	760
1	753
0	31
0	312
0	43
1	0
4	19
158	911
0	753
0	907
0	883
0	448
0	33
8	55
14	4
0	0
0	0
608	0
0	32
0	495
0	218
0	230
12	481
10	481
0	0
0	230
1	230
167	438
4	495
0	0
0	0
0	0
0	0
0	0
8	574
2	0
0	0
3	119
0	938
1	0
0	61
0	61
0	63
0	4
0	8
1	6
1	26
0	0
0	25
0	6
0	20
0	20
1	3
0	0
0	0
0	0
0	0
0	0
0	0
2	83
0	83
350	0
0	2
0	2
7	0
0	0
84	0
1	2
0	2
0	0
0	0
0	0
795	15
0	15
2	1
409	0
0	4
0	4
25	0
0	1
0	1
2	6
0	6
0	3
1	3
0	2
0	1
0	1
0	0
0	0
0	0
646	5817
311	5817
0	0
46	0
0	0
2	9140
0	9149
0	9177
2	3263
0	762
5	2930
0	2417
1	2847
3	1305
0	2455
0	8582
37	4635
33	7162
0	1473
141	0
9	3504
3	1
0	1
0	0
0	0
19	6129
0	6129
524	6072
15	5391
137	4730
11	76
13	0
0	0
13	294
24	1075
4	1023
0	565
0	257
10	130
7	81
0	0
0	0
15	86
4	168
0	140
0	117
0	0
0	0
1392	367
0	367
0	0
8	73
2	181
23	174
0	0
0	0
0	2
0	2
0	0
0	0
0	0
0	0
0	0
0	0
94	42
11	42
0	8
0	0
0	0
0	0
0	0
0	4
0	4
0	6
0	6
0	6
0	3
0	1
0	0
0	18
7	37
3	17
3	12
2	29
13	237
91	240
0	41
2	6
0	0
10	11
3	0
3	2
0	11
6	12
0	5
139	105
0	0
2	51
1	79
1	7
0	8
0	5
0	7
0	5
0	1
0	0
1	0
8	0
262	499
0	0
0	63
1	43
0	0
1040	2178
19	118
45	359
9	1095
145	826
12	764
26	0
209	772
0	709
6	140
49	60
55	3201
21	2717
1	3007
0	2532
0	2473
1	1585
2	2322
0	2908
6	1522
8	2015
0	1469
14	1305
0	460
5	365
62	364
0	31
0	19
2	3
219	0
723	0
8	1153
7	1035
2	924
0	1209
0	1058
0	1106
2	1421
2	1412
1	155
11	28
7	15
0	97
17	158
34	107
806	0
1	0
1	361
56	360
8	331
0	329
0	80
16	334
1	40
0	264
31	264
1	37
45	117
35	68
2	48
1	22
75	4557
87	4557
19	4555
4	11
0	11
0	7
1	4
0	0
0	0
43	0
22	1501
0	2656
0	2769
0	2712
4	58
0	307
1	138
2	276
0	129
1	16
0	56
0	6
0	0
92	3232
1	3272
4	3363
7	10
6	547
2	455
24	335
1	243
2	58
14	23
25	0
0	0
0	1355
15	1414
0	1225
0	1223
5	60
7	215
5	226
4	78
0	19
1	7
18	0
6029	365
0	33
1	29
0	36
9	4
0	2
0	15
0	50582
0	50922
0	50022
27	50893
0	50048
101	50863
536	50867
71	50867
0	50858
42	50940
0	50858
70	51276
4	50871
7	15415
0	9735
0	7394
0	6834
0	6861
0	6474
0	0
0	22
0	0
0	0
13	24
17	177
19	954
9	894
0	987
0	74
2	1
4	75
17	166
1183	533
2	2
7	384
0	0
0	2
0	2
0	2
0	2
0	2
0	0
0	0
0	0
12	39
6	9
0	32
3	0
0	967
3	47
0	972
0	84
1	59
3	8
5	110
31	592
0	47
0	93
2	10
82	508
1	508
0	0
28	1185
0	1148
0	1031
13	222
5	81
2	126
0	386
0	248
1	90
2	162
0	298
3	90
7	488
235	3041
15	3124
2	1241
1	1087
0	12
0	124
37	1124
0	232
4	456
1	752
1	898
0	322
43	670
35	644
0	93
2	89
0	196
0	315
12	212
81	69
9	1694
1	1664
0	1753
7	266
0	114
0	1312
1	89
0	256
5	341
43	133
9	522
14	498
0	157
1	182
128	0
169	6
0	7
6	9
0	0
0	0
0	0
0	1103
18	359
52	1591
129	1167
1	110
0	346
0	1103
36	863
0	147
0	0
36	65
7	77
3	6
2	40
3	70
1	72
973	283
7	130
2	153
9	51
1	22
1	22
1	538
26	466
0	594
0	669
0	713
0	622
110	38
5	460
0	115
0	607
1	29
3	7
1	143
14	238
2	220
2	56
68	572
23	244
2	190
0	104
0	206
0	136
6	40
26	21
4	8
8	52
0	90
0	75
2	8
0	8
0	0
2	0
0	0
3	426
3	434
5	417
1	89
0	48
0	37
116	319
12	317
0	1081
0	1005
15	894
0	971
6	128
0	993
26	111
0	655
60	0
14	898
68	15
29	103
2	307
25	173
8	459
1	39
0	233
0	285
0	628
1	503
2	2128
25	2240
3	2150
0	140
4	1396
4	179
3	179
1	256
1	223
1	345
6	112
3	179
0	194
0	6
5	79
1	182
7	101
95	1882
319	1966
2	101
18	629
7	1216
29	1000
11	1411
0	1665
10	1966
1	16
86	258
0	27
0	35
0	226
1	17
1	21
0	36
1659	323
15	798
185	706
24	645
1	7
3	188
1	233
0	206
10	212
12	228
0	4
3	271
6	252
0	277
0	21
0	0
0	0
24	1159
11	1178
0	42
6	973
2	812
4	172
0	220
18	11
5	483
1	456
1	54
0	199
28	107
0	216
0	179
0	196
0	136
0	145
0	20
2	106
94	37
0	26
3	3
0	8
0	112
0	89
5	89
0	3
6	107
35	550
2	425
2	328
30	485
0	17
0	464
0	65
0	536
1	453
23	1
0	1
0	0
11	187
4	195
1	204
4	200
1	47
0	42
0	816
0	775
0	818
0	775
2	41
56	516
13	63
3	18
0	13
13	18
2	1
0	0
0	0
117	720
6	669
10	500
0	50
8	1078
1	1088
0	30
0	54
133	97
126	1079
0	50
1	358
69	358
0	285
9	358
1003	17917
31	17917
31	8719
25	60
0	58
0	11
5	0
0	0
14	480
1	513
45	362
12	315
0	0
0	0
0	0
0	1
0	1
0	1
0	1
0	1
0	0
0	21
9	12
0	2
43	22
0	11
0	0
16	1
0	0
1	2855
1	2888
0	1198
0	803
0	417
7	801
2	692
0	84
0	133
18	231
0	0
0	0
0	474
1	442
9	251
75	0
24	55
6	141
98	0
0	0
0	0
0	0
0	0
15	339
22	337
0	193
1	0
10	8
0	7
3	378
5	389
1	36
81	0
2	11
0	5
0	1
0	0
0	0
0	0
0	0
0	0
39	0
3	0
320	24
1	22
0	0
49	0
0	0
10	4
0	1
0	1
0	0
0	0
0	0
0	0
0	0
1	2
13	11
3	0
1	0
0	0
2	305
4	294
0	130
0	89
2	0
0	2
0	2
0	0
0	0
0	0
31609	11009
5	368
45	1142
0	2453
231	6643
214	5285
0	4689
0	2905
453	2815
0	0
0	100
6	438
183	1259
36	1054
5	26
46	375
1	221
2	122
0	74
1	97
2	28
1726	1414
10	329
0	0
28	77
0	114
2	663
2	659
77	486
0	147
0	0
0	0
0	125
73	126
11	32
0	10
1	0
0	0
0	1
0	1
25	104
1	51
0	82
2	5
0	11
0	34
119	229
0	222
0	31
0	0
0	44
0	700
32	59
0	46
0	699
1	250
3	32
0	32
0	24
0	0
0	0
1	1
0	1
0	1
0	0
0	0
1129	1199
98	1199
4	47
4	1127
16	1119
0	329
0	1115
24	1120
0	0
0	156
187	274
0	298
3	236
3	154
0	181
0	88
3	115
0	93
51	132
1	55
0	2
0	2
0	0
0	2
0	0
0	2
0	2
42	43
0	43
79	389
8	379
1	377
1	23
0	0
3	0
25	0
0	0
4	0
187	23
0	11
0	12
76	0
286	304
8	34
0	275
1	57
0	11
0	7
0	5
0	7
0	50
89	47
15	147
0	0
2	67
31	68
0	68
0	0
0	4
0	0
78	6
1	6
4	0
0	0
226	808
0	766
0	57
1	23
1255	0
171	0
6	0
126	1167
0	1167
1	40
12	164
0	0
10	124
0	207
0	193
0	166
0	195
0	193
40	199
0	17
0	47
2	16
4	33
0	0
44	44
784	975
5	975
145	201
0	196
6	44
5	35
0	1
0	1666
1	1666
0	0
0	0
0	249
0	1752
38	780
59	1535
0	111
0	0
2	278
0	167
0	0
1	2
0	2
17	0
5872	4
92	261
0	261
0	129
1	0
0	0
1	439
15	393
5	129
0	55
6	131
2	76
0	17
39	15
0	0
494	4329
60	1231
0	54
138	3098
0	0
0	21
38	1440
0	1421
28	41
3	54
7	302
0	0
12	25
1	118
0	22
0	23
0	24
0	11
1	9
0	12
0	8
1	9
0	2
0	4
0	8
0	5
277	604
8	307
2	344
25	141
1	7
1	109
0	109
0	30
2	18
2	2
0	0
0	5
0	0
0	5
6	0
10	933
0	1080
6	660
15	465
0	677
25	117
3	205
0	838
0	254
26	168
0	180
51	537
0	0
1	0
0	4
29	965
9	817
0	109
0	45
34	390
2	288
7	296
2	292
2	289
0	292
1	7
1	77
2	0
0	25
1	30
0	30
5	30
1	0
0	2
0	688
59	688
6	688
1	49
1	1180
0	1151
0	1111
0	146
26	9
4	109
0	0
3	133
1	14
713	864
22	146
29	864
340	711
10	63
82	345
0	478
5	327
9	199
0	146
0	0
0	74
0	141
0	40
0	0
0	0
1	0
0	0
266	0
125	10979
233	10977
1493	4453
1310	4111
0	10
0	10
0	10
0	5
0	4
1	0
28	30
0	33
0	34
0	29
0	33
0	22
0	4
1	8
11	4
4	2
24	13
2	8
337	34
1	34
999	1546
13	942
9	1489
1739	44
2	0
891	692
1	0
0	80
1	217
2	129
3	156
0	142
0	123
6	155
4	78
7	3821
7	3733
16	3624
0	3988
0	4002
30	966
0	38
1	176
2	0
0	16
10	2
89	0
1	308
109	431
1	103
23	204
0	88
0	0
0	208
0	208
0	31
0	119
0	222
1103	1364
288	1233
10	1266
0	231
0	51
0	42
1	87
2	93
0	0
0	0
42	29
0	249
0	525
0	84
0	1220
0	1328
0	1465
1	415
0	591
0	1354
57	126
11	1233
151	1002
3	1160
2	354
75	185
2	243
0	109
40	547
0	6
0	189
13	728
6	777
260	741
0	152
0	118
2	19
0	38
0	8
0	0
200	98
0	0
0	47
0	5
25	64
0	0
93	24089
39	3605
120	19690
299	21333
8	0
0	0
13	7142
1	6570
91	1343
2	0
0	0
17	55
419	72
0	17
0	17
17	7
920	68
1	62
3133	4
0	0
0	2
2	1644
0	33
5	1248
1	18
7	1385
0	592
116	108
0	15
3	30
334	3500
1	958
135	2958
244	91
0	50
0	54
3	17
0	16
0	0
0	0
0	0
0	1
0	0
0	0
0	0
0	0
0	0
0	0
2	21
0	20
39	21
0	1
1	1
9	0
0	0
414	0
2	0
0	0
3771	2848
3	0
30	1613
1	2326
15	1308
15	8
6	0
0	0
55	98
71	34
8	456
0	0
88	1301
0	957
16	30
4	981
0	301
1	415
0	793
0	369
2	184
0	0
10	0
0	43
0	115
464	2094
3	134
16	144
0	180
2	133
1	173
2	208
1	0
0	1403
58	545
0	473
20	280
1	584
7	151
7	175
2	76
0	932
0	965
0	965
29	856
0	857
2	399
3	83
7	15
2	5
2	87
9	1
0	0
3	36
41	0
0	1
2	1
0	0
81	0
1	5
0	5
1	5
0	0
899	470
0	465
0	64
21	289
0	65
0	0
18	22
2677	2578
40	1907
0	605
102	0
3	363
268	0
0	7
240	314
0	37
5	61
14	19
1	274
0	144
0	65
26	0
30	0
561	1150
0	235
24	811
1	1
133	46
17	613
0	0
0	12
52	0
196	431
1588	2800
0	0
45	1867
0	0
1	124
8	10
0	40
9	0
1	309
75	325
0	271
0	0
0	749
0	505
23	694
0	693
1	682
0	149
2	13
0	31
1	0
3	49
9	14
1	12
1	31
2	24
0	20
0	1
1	4247
180	4239
5	3406
5	132
8	956
53	601
0	451
12	903
1512	958
3	149
41	882
8	584
0	0
0	0
174	2351
0	5
10	1
286	127
0	4
1	155
114	2335
0	64
1	21
44	304
0	0
1638	251
3	247
83	150
1	148
0	0
474	556
19	344
0	272
5153	4807
16	252
10	17
1	1269
2	360
2	197
5	0
23	716
23	959
12	544
2	1639
100	194
0	73
0	117
1	16
3	83
11	156
0	18
0	2
0	3
10	135
0	655
0	571
2	743
6	155
0	147
0	323
0	16
0	254
1	235
1	192
6	7
0	0
11	347
0	0
1	63
2	643
4	714
7	369
0	161
0	90
0	78
7	771
29	777
0	83
1	174
0	152
0	39
8	121
2	164
0	67
0	393
0	70
676	1341
0	921
0	631
26	84
0	0
0	0
0	0
0	0
0	0
0	0
0	0
0	0
0	0
13	224
0	6
11	3
129	212
0	51
0	210
0	60
759	3840
5	3467
73	1075
118	1219
0	427
0	290
139	0
2	419
0	0
0	1
0	1
1	8
2	7
0	1
0	0
3	0
18	71
0	57
3	29
1	15
0	16
0	15
2	5
1	5
0	63
0	77
0	53
0	12
0	79
0	27
0	26
1	22
1	8
22	0
143	2300
18	223
14	706
13	712
3	312
11	992
11	819
17	556
0	848
0	217
0	4
0	1062
0	6
0	89
0	507
3	89
0	0
186	1633
32	1225
27	510
1	138
1405	1818
15	1658
0	620
39	710
0	1560
1	1538
155	74
19	429
32	424
0	85
5	63
2	23
9	23
0	33
0	0
2	516
2	689
0	447
0	471
14	251
0	135
0	1
0	0
0	0
0	3
0	0
0	0
0	0
2	141
0	28
0	58
0	115
0	0
0	51
0	22
0	31
10	15
0	0
0	0
0	0
0	192
0	0
0	0
0	0
0	0
0	50
0	186
2	216
7	331
1	283
6	101
2	151
0	0
0	0
1	0
0	0
0	0
702	1259
955	696
89	563
2	0
101	143
27	144
0	0
0	0
0	0
54	23
12	23
0	0
0	0
0	0
0	0
0	0
0	3
0	3
2	1
0	0
0	52
0	46
0	18
1	12
0	0
148	8069
3	8067
0	352
38	270
0	12
15	0
0	0
0	0
0	0
69	128
0	125
0	125
0	119
0	65
0	1
0	276
1	36
0	126
5	941
1	646
19	192
0	258
0	5
121	870
15	110
0	0
23	210
60	60
0	60
1	27
0	116
0	76
1271	661
2	200
1	288
6	124
4	126
22	206
125	3460
15	3360
0	417
30	18
150	514
18	405
31	0
4	3377
205	3377
31	1019
87	0
0	0
80	1079
1	1100
0	64
7	31
0	0
417	3689
0	1525
62	3571
4	328
44	44
18	2
285	95
2	84
81	120
2	33
141	4086
10	4070
3	4070
11	4021
0	3324
1	623
9	759
29	25
26	163
2	647
9	349
1	58
11	200
0	169
2	118
0	33
0	0
13	118
11	118
2	39
0	0
0	39
240	244
0	141
8	77
0	2
0	37
0	15
1685	627
5	627
75	877
0	877
1	74
9	1130
0	1074
1	974
3	968
1	381
0	769
97	1
0	0
0	0
0	0
0	0
0	0
0	0
0	0
0	0
0	0
0	0
0	0
0	1
0	1
0	1
0	0
0	0
0	0
0	0
0	0
0	1
99	62
2	62
0	0
0	0
0	0
0	0
14	0
0	0
0	2
0	0
2	0
1648	1192
0	1129
2	93
18	59
7	58
1	454
3	202
141	13
0	0
0	13
1	0
0	0
0	0
0	59
0	2
0	1
0	2
0	2
0	58
0	0
0	494
0	494
2	405
3	38
1	0
271	0
0	0
0	169
7	169
1	0
0	128
0	128
6	52
0	128
0	9
0	4
8	11
0	289
1	0
11	290
4	197
2	10
19	4
0	1
0	0
36	0
1179	827
1	825
617	3019
0	3019
81	1748
0	0
0	130
0	0
0	0
53	0
26	41
0	707
20	153
4	0
1	0
4	696
6	67
0	0
0	0
1	0
1	0
0	0
3	0
1314	2861
412	2815
4	20
1020	0
0	0
0	0
0	0
1	48
1	46
0	47
0	47
0	25
0	0
0	0
1	0
21	0
186	0
56	0
0	0
0	0
0	4
2	106
1	7
30	106
0	90
0	1
156	245
6	180
8	209
5	208
5	141
0	103
103	0
739	803
0	54
0	764
3	268
3	268
0	0
2	20
14	192
0	6
2	75
1	16
24	11
0	105
27	17
54	87
2725	3618
36	3629
0	371
5	119
0	253
1	82
11	1696
9	1677
42	1592
1	213
4	1
0	0
4	1570
129	1570
0	925
0	0
5	0
0	0
1441	252
0	252
0	0
0	0
0	0
0	0
0	0
0	0
0	0
0	0
0	0
0	0
0	0
0	0
0	0
5	204
22	204
0	0
0	0
0	0
0	0
0	0
0	0
0	0
0	0
1115	2770
25	2794
13	0
156	2285
0	299
28	117
888	777
5	10
4	292
12	340
0	272
0	61
923	0
0	0
1982	360
8	360
8	3
0	3
0	3
0	2
0	0
0	0
0	0
0	0
0	0
0	1
0	0
0	0
0	0
0	0
0	0
0	0
0	4
4	5
0	1
0	6
0	4
0	6
4	6
5	4
0	544
0	1851
21	1700
2	1027
60	1161
132	1061
0	181
144	367
645	367
77	1145
9	286
0	166
0	882
4	60
0	25
5	62
2	71
2	33
1	46
36	136
0	374
6	404
0	381
0	373
5	390
1	174
2	84
21	16
6	51
0	92
2	89
0	41
0	34
0	4
11	4
9	107
9	112
0	14
2	4
48	1291
1	13161
289	13161
16	648
8	816
13	994
11	104
0	0
12	162
3	195
7	203
1	127
3	124
14	124
0	158
0	0
1	23
37	331
31	220
0	945
0	961
0	906
1	726
55	78
175	121
10	4209
58	4106
3	3965
0	1001
2	119
0	172
2	314
0	107
50	261
0	252
0	417
28	432
0	0
1	317
0	0
0	0
0	0
0	0
0	0
0	0
0	0
7	743
12	719
11	576
1	705
0	65
0	121
1	11
0	65
0	20
16	2614
0	2815
44	2632
12	2678
3	163
3	147
2	577
15	35
2	294
2	170
3	42
20	225
4	313
0	264
5	250
16	162
7	7
3	35
1	32
0	29
0	26
2	17
5	15
0	3
2	2
0	2
0	0
0	0
5	95
2	854
0	28
0	3
3	0
0	272
0	1084
0	830
15	1070
32	379
21	89
101	427
9	294
2	76
19	0
176	4
0	4
57	606
1	606
2	80
0	0
14	3
0	2
1	1
3	0
4	531
2	28
18	360
0	0
0	52
1	237
4	45
5	22
7	7
0	338
0	187
0	2
0	2
0	1
0	1
4	109
0	68
0	84
0	64
0	29
0	20
0	22
0	2
0	31
3	25
2	8
0	0
7	0
0	0
0	0
0	0
117	2600
8	2600
0	0
0	0
1	142
13	142
0	0
7	41
0	22
4	19
0	0
0	0
9	994
7	82
0	0
0	0
0	0
0	0
5	3136
0	2993
0	3004
2	3059
1	3060
12	256
0	249
0	9
0	0
0	0
97	5
0	4
0	1
0	0
0	0
1311	14
9	3
39	0
34	11
38	1
0	0
0	0
0	0
830	799
16	479
0	53
0	314
44	112
0	52
8	0
0	0
0	0
0	0
0	0
0	0
2	0
0	0
0	0
0	0
0	0
0	0
0	0
0	7
1	126
0	576
1	564
3	409
0	0
2	5
0	1
10	5
0	0
0	0
0	0
0	0
1	0
0	0
0	0
0	0
0	0
2	20
71	189263
486	920
0	940
2	312
26	477
35	477
0	0
0	455
0	617
0	239
23	397
11	47
16	136
6	142
170	30
9	250
18	925
0	939
0	258
1	882
12	6
3	17
2	534
9	534
0	0
1	0
2	0
0	0
0	0
0	0
2	18
5	18
0	11
0	1
123	63
3	63
0	3
314	759
1	458
5	742
3105	957
2	693
1	84
1	207
68	74
498	74
0	0
0	0
0	79
0	0
0	0
2	79
8	86
0	86
0	0
0	0
0	0
0	0
0	0
0	0
0	0
24	0
418	1874
137	8
7	1435
6	10
2	1810
10	51
0	209
0	0
5	0
0	0
36	26
0	0
0	0
0	1
0	1
1	1
0	54
0	0
0	0
2	0
3	0
473	58
24	201
2452	1179
46	7
66	971
0	0
490	1661
81	5432
0	5091
2	403
5	348
47	20
0	0
0	0
9	3410
68	3371
35	1216
8	89
306	862
83	148
90	87
0	0
6001	2617
1465	2613
0	0
0	0
0	0
2	128
2	128
0	73
0	73
0	18
0	0
0	0
0	0
0	0
19	271
7	271
8	46
0	0
0	5
4	46
0	8
0	0
442	61
5	13
2	48
6	7
0	7
0	7
7	526
0	500
0	498
1	488
0	185
0	368
0	91
53	368
16	25
1	62
0	12
0	16
1	78
0	59
0	0
0	43
2	16
0	0
0	8
0	231
676	366
0	13
1	285
0	785
0	838
0	847
8	338
2	774
0	795
0	819
3	797
0	750
54	791
2	341
0	91
0	130
2442	236
12	87
0	140
0	85
0	17
0	9
0	0
1	116
20	387
1	409
1	68
1	125
3	46
1	47
3	169
3	5
0	2
0	2
0	0
0	0
0	0
0	0
0	0
0	0
0	0
0	0
386	923
18	605
13	859
113	791
0	92
11	312
0	0
6	1
68	33
1	46
0	25
0	439
1	439
24	1
0	38
15	437
397	251
10	251
13	251
0	251
32	0
0	0
0	0
0	0
0	0
0	0
0	0
0	0
0	0
0	0
0	0
0	0
0	0
0	0
1	51
0	51
0	0
0	0
0	0
0	0
0	0
0	0
0	0
0	0
0	0
0	0
0	0
0	0
0	0
0	0
0	0
0	0
0	0
0	0
0	0
0	0
0	0
0	0
0	0
0	0
0	0
0	0
0	0
0	0
41	1508
0	1389
6	1208
0	1225
4	0
0	0
0	0
11	223
1637	1119
0	199
3	762
0	894
0	289
8	146
0	219
0	139
60	157
78	0
15	0
14	9406
3	0
86	5924
14	6431
7	5719
0	327
12	613
10	10
2	0
0	44
48	1452
8	7
7	1356
0	1458
17	1203
1313	1386
23	1346
22	1215
0	376
11	64
9	118
29	0
0	11
13	11
2	11
0	0
16	3
0	3
2	70
25	65
6	10
4319	217
1	63
3	146
4	4
0	4
0	3
0	4
0	2
0	2
0	2
0	0
0	0
0	0
0	0
0	0
708	874
0	0
10	571
3	509
0	317
2	224
4	0
1	7086
3	7121
3	342
0	114
7	174
0	0
24	0
0	70
0	83
11	74
0	26
4	34
0	29
0	23
0	21
2	3
28	11
6	0
2	5
20	549
43	494
2	75
0	60
14	46
0	39
1	55
54	0
2218	7091
0	3163
10	1163
3	0
0	0
0	0
2508	4305
6	0
19	0
3	0
0	0
1558	6837
19	2068
1	375
0	458
60	451
7	30
0	0
7	75
0	79
1	11
0	10
0	0
3	19
1	3
0	0
0	1
1546	1
0	136
0	114
0	204
320	273
0	100
10	273
1	60
0	0
0	0
14	20
0	0
0	1
1	19
94	1355
3	988
6	1230
8	23
2	77
1	158
14	46
1	65
0	261
5	94
0	1
1	2
0	1
14	0
0	0
0	0
0	0
0	0
3	32
18	472
0	325
1	318
0	97
0	452
0	446
0	364
0	475
0	99
0	65
1	11
0	95
3	95
0	125
1	499
0	537
33	536
1	26
1	22
0	0
0	0
12922	6059
17	5074
22	5290
1	2998
4	4750
17	5067
5	4018
0	5244
53	86
18	2269
22	2011
61	458
1	0
170	20
0	10
0	1
0	0
0	10
0	0
0	0
16	123
58	123
0	0
1	104
9	101
0	101
0	20
0	10
1	17
0	1
0	0
0	12
0	8
0	10
0	7
1	10
0	3
0	0
0	0
4	1024
7	1039
4	188
0	52
53	305
0	268
5	214
1	246
0	22
0	107
0	96
0	143
0	108
0	1
0	13
0	3
0	1
1	3
1	0
0	9
183	353
1	0
0	292
0	32
0	34
0	0
6	83
1	106
2	24
7	52
2	0
336	327
1	327
1	22
1129	31
2	31
27	1229
6	534
138	1203
5	131
6	373
6	55
1	0
44	14521
252	15243
28	150
28	1
0	0
12	0
1	0
0	601
281	235
59	0
1	0
9	0
10	0
1	2
3	0
0	0
0	0
0	0
0	0
0	0
0	0
0	0
0	3208
5	0
1737	3303
9	1436
0	455
74	300
1	3121
0	903
6	113
0	365
2100	1897
0	0
3	0
43	1883
4	14
0	0
11	12
8	48
498	395
0	185
13	9
0	13
3	1
0	157
0	198
0	291
0	32
0	0
0	0
0	0
10	889
1	832
0	904
3	63
1	1354
2148	1808
11	786
0	195
236	199
33	109
1	99
18	417
0	410
0	17
0	20
252	785
591	783
4	218
6	235
1	198
4	70
7	86
2	24
0	1
0	1
0	0
9	0
4	769
0	670
19	13
0	370
0	634
87	316
9	654
6	145
0	28
0	103
417	0
0	10
0	419
1	397
2	213
1	46
3	13
37	33
64	30
1	7
4	340
0	338
1	367
1	305
0	105
0	118
0	101
1	34
6	18
1	24
0	12
0	0
35	0
11	0
24	0
4097	615
5	425
0	606
7	0
80	1913
1	1525
14	1507
0	526
9	412
30	276
1	134
0	115
0	116
3	90
0	11
0	33
0	2
7	0
0	0
8	1761
530	3014
26	1761
6	1200
6	876
0	837
1	821
31	263
2	290
17	2614
24	2616
0	1679
2	0
0	2
17	2
0	1
0	1
0	1
87	85
0	2
0	2
1	83
3	0
0	12
0	4
0	0
0	0
0	0
0	6
0	0
0	21
0	20
0	17
0	17
0	0
0	3
0	21
0	3
0	16
1	0
0	0
0	0
0	1
1	0
1	0
0	1
2	0
0	122
7	122
0	0
0	0
0	0
0	0
0	0
0	0
0	0
7	1194
0	3
0	4
0	662
11	667
8	657
0	662
0	0
0	40
0	1188
0	71
1	90
2628	0
0	0
6	12
0	0
0	12
1	1
248	4
3	896
0	4
55	900
10	17
1043	215
6	160
9	215
0	2
7	2
16	0
7	3
12	76
0	95
1	85
0	0
6	20
0	3
4	0
0	0
0	3
0	0
9	0
0	0
7	0
0	0
3	1415
675	7812
426	7227
53	0
3	0
0	1
0	0
0	1
0	0
1	4
0	4
0	0
0	0
0	0
836	69
0	69
0	0
253	0
0	0
3	0
0	0
0	0
0	0
0	0
0	0
0	0
0	0
0	1
0	1
0	1
0	0
0	0
3	27
0	0
8	147
0	145
0	0
0	0
4	0
0	0
0	0
0	2
0	2
0	0
0	0
0	0
0	0
1	0
0	0
1	0
0	0
0	0
0	0
0	0
0	0
162	0
3	0
0	0
0	0
0	0
13	0
112386	4058
28	0
19032	2
9070	4191
12	4053
7	690
9	138
28	1515
4	191
12	1806
4	1766
7	1774
2	38
1	21
1	262
3	70
8	1000
58	1060
0	208
2	73
471	0
6	3
0	3
211	901
0	244
5	763
0	541
3	147
0	420
0	181
0	90
0	38
0	292
1	316
1	231
0	202
0	236
5	116
0	58
3	23
8	44
1	5
0	2
0	11
0	7
3	18
0	129
37	3522
2	3166
4	430
19	441
0	367
0	3312
2	126
1	282
9	55
10	85
10	3070
0	25
178	66
0	39
0	11
0	10
32	837
62	797
0	171
13	0
5	0
0	0
0	6
1	0
738	0
0	0
16	436
1	30
1	437
1	10
0	0
1	20
5	46
0	12
0	10
0	10
255	1971
0	747
0	1151
0	335
2	1329
0	163
1	1034
0	664
15	553
17	107
3	439
0	285
0	245
1	164
9	35
19	39
1	306
1	115
15	334
1	442
0	29
0	114
4	380
0	29
0	50
0	136
0	122
0	106
0	182
0	169
0	51
0	0
0	0
0	0
0	0
0	0
0	28
14	2355
3418	2610
0	279
3	28
1	127
7	5
0	5
0	0
1	2
0	2
0	0
0	251
118	2450
108	2334
43	2450
6	2263
0	1161
0	3117
0	898
1	2517
6	272
0	911
0	1709
0	2392
1	2640
0	698
1	1710
79	3090
0	939
6	1311
0	1077
9	1361
0	750
0	643
0	672
0	663
0	895
0	727
3	625
0	360
0	1000
0	415
6	712
0	1974
16	70
1	3
101	36
51	490
15	336
0	341
4	343
1	0
0	3
0	7
0	7
42	4
2	4
0	557
18	188
0	434
24	253
0	46
0	103
0	734
11	60
2	360
0	87
26	294
1	76
0	329
8	61
0	9
0	255
18	9
3	248
0	37
853	535
2	509
26	275
0	272
36	113
1	64
0	121
0	55
0	57
9	16
5	23
0	0
2	24
2	11
0	11
0	7
511	3012
0	1317
28	892
2	38
0	0
73	1242
0	295
1	834
45	1051
2	99
2	749
2	322
0	364
19	0
0	0
0	0
0	0
0	0
0	0
0	0
0	0
0	0
0	0
0	0
0	0
0	0
0	0
0	0
0	0
0	0
0	0
0	0
0	0
0	0
0	0
0	0
0	7
4	7
0	0
4	0
0	0
0	0
0	0
0	0
0	745
14	745
1	731
44	423
0	88
0	0
3403	2834
7	2828
14	818
0	52
0	4949
55	3129
22	5136
310	4967
0	4035
0	1
0	1
0	1
0	1
0	1
0	0
0	0
0	0
0	0
0	0
4	253
24	111
199	1719
11	1715
0	0
0	0
3	0
0	121
3	121
4	113
0	2366
228	2393
0	0
13	95
16	25
0	0
0	0
0	0
0	0
0	0
0	0
0	0
0	0
0	0
0	0
0	0
0	0
8	716
8	607
1	742
1	241
6	332
32	401
0	470
1	67
33	457
9	19
13	25
0	25
0	1
0	2
1	2
0	0
0	1
0	0
1	0
0	0
0	0
1	0
0	0
0	2
0	135
0	0
0	0
0	0
0	0
0	0
0	0
0	0
0	0
0	0
0	0
0	0
0	0
0	0
1	0
0	0
0	0
0	0
0	0
0	0
0	0
23	79
1	79
4	78
0	2
20	1160
42	1194
0	803
7	1176
0	337
0	110
33	822
0	0
2	0
0	0
0	0
0	0
206	0
2	4
309	504
0	240
24	274
11	7
0	204
6	271
8	317
5	55
7	496
0	1213
2	59
21	161
0	1161
0	55
0	120
23	417
0	15
1	24
0	79
24	63
0	60
0	27
5	3
0	118
0	0
236	208
0	0
2	30
4	192
0	126
4	0
0	0
7	0
0	0
8	42
0	82
0	39
0	67
0	31
8	394
18	569
0	498
8	197
1	152
30	57
10	45
2	39
6	0
10	0
0	0
0	0
0	0
0	0
0	0
0	0
0	0
0	0
0	0
0	0
0	0
2339	289
2	108
0	102
0	0
4	160
0	0
844	4608
1	4604
91	88
1	86
0	169
0	2198
0	106
0	284
115	0
0	0
0	0
0	1050
51	940
0	1033
6	3
0	243
8	243
9	4
2	0
0	0
0	0
327	129
0	129
0	114
32	533
0	30
2	531
0	53
0	2
0	108
0	159
71	245
2	82
61	0
140	466
1	35
5	2
0	389
1	40
7	37
1	72
0	73
1	45
584	7
1	7
0	6
6	209
15	154
1	62
16	1902
107	1852
12	383
0	774
4	175
5	151
0	155
2	130
1	54
2	52
1	66
130	881
9	0
0	881
4	126
1	106
1	864
10	485
161	1162
79	1113
2	1160
1	892
0	154
0	0
261	0
0	0
0	0
0	0
0	0
0	0
0	0
0	0
0	0
224	169
464	169
14	2483
1	2489
20	1594
148	1156
2	40
7	118
39	267
2	206
17	0
19	424
8	170
3	350
2	384
9	114
3	274
0	593
5	59
21	131
35	352
7	48
16	349
0	85
0	123
7	15
6	43
4	5
8	21
13	24
0	2
6	1
0	23
0	3
0	0
0	0
0	0
0	0
11	116
1	11
0	144
8	83
110	174
3	16
7	46
2	61
5	0
0	185
0	163
0	64
0	51
1	4
3	33
0	6
1	34
21	17
2	11
109	3886
42	3886
124	898
141	87
0	100
18	2772
4	2755
22	2609
0	0
35	36
11	180
31	583
0	254
1430	620
7	620
0	0
1	0
11	623
20	623
0	147
3	74
35	0
0	0
0	0
0	0
69	442
11	87
4	442
0	82
22	73
70	352
1	315
0	216
2	74
2	65
9	30
10	0
0	0
0	0
7	15
0	2
1	0
18	19
0	17
0	12
0	18
0	15
0	2
0	0
0	0
0	0
0	0
0	0
0	0
0	0
0	0
28	110
0	24
36	0
0	55
0	0
2	19
0	29
2215	2193
0	612
37	147
18	2189
0	446
0	112
0	135
0	0
4	1
0	0
743	0
868	1311
8	682
734	158
34	948
0	462
34	11
13	671
3782	8
0	0
1	0
5	6502
20	6148
28	5789
53	4676
128	507
71	28
55	90
0	1519
15	118
8	433
23	36
1	61
11	67
0	0
2638	243
593	235
0	0
0	68
0	0
0	0
0	0
0	0
0	0
1	0
0	0
9	6
0	6
0	6
0	2
0	0
0	0
0	0
0	0
0	0
0	0
0	0
10	9
0	8
0	9
0	8
4	8
0	0
0	0
0	0
0	0
3348	0
93	0
3	0
0	0
2	5
0	5
13	948
5	248
0	220
84	824
3	270
55	15
0	50
7	11
0	8
0	1
0	1
13	272
4	165
0	268
1	185
115	263
0	7
0	262
22	3
7	84
3	167
57	251
0	899
0	974
6	150
1	889
0	818
0	30
8	812
0	799
1	230
2	150
0	11
0	0
1	84
3	84
0	0
0	0
0	0
0	0
0	0
0	0
0	0
0	20
0	0
0	0
59	3
0	3
0	2
0	2
0	3
3557	1238
2	1160
0	388
0	0
4	209
0	0
0	0
1	0
0	0
13	0
0	140
449	140
234	608
23	40
0	40
141	673
10	539
0	149
0	54
24	154
126	173
621	2590
2	567
11	185
40	394
5	1900
0	5
0	1739
32	99
45	506
2	1253
18	77
292	7
81	111
14	391
290	242
0	385
0	84
4	80
63	52
0	0
25	0
0	2
1	0
985	1237
12	415
0	410
2	669
0	175
13	4
1	1
0	3
0	0
268	2273
112	2250
0	424
9	296
19	277
49	240
0	0
8	0
73	464
0	247
0	217
29	190
40	154
2	66
1	121
0	0
0	0
1	0
0	1221
0	1126
29	321
6	208
91	120
0	0
0	0
0	0
0	0
0	0
0	0
0	0
0	0
0	0
0	0
0	0
0	0
0	0
0	0
0	0
0	0
9	578
16	125
8	140
98	529
12	5
57	1833
0	73
1	63
0	0
1237	1778
0	0
0	0
0	0
0	0
0	0
0	0
0	0
2	0
7	0
0	0
0	0
0	0
0	0
304	491
17	482
2	73
37	106
8	10
293	2123
6	304
29	708
197	3
0	289
1	1875
7	176
0	163
8	278
13	162
29	103
20	746
144	884
0	219
0	55
34	0
0	0
69	27
12	22
1858	36
5	14
0	0
0	585
2	163
0	199
1	546
6	397
1	41
3	116
1234	13873
0	770
29	13
2	2294
136	12784
4	2151
294	10882
0	201
23	2136
35	110
1	4115
110	5077
53	1181
4	1454
4	667
27	59
10	132
0	0
0	108
0	34
0	136
2	104
2	8
1	0
0	0
0	0
0	0
0	0
17	15
0	14
0	1
0	0
0	0
0	0
4102	1276
0	0
73	525
129	1150
0	0
9	1122
2	795
1	859
9	124
18	1058
0	73
2	274
12	174
1005	70389
403	68953
570	66221
589	7176
0	949
102	969
10	781
0	475
0	0
213	30
0	0
0	2071
0	2154
7	2061
611	2243
117	0
0	126
1	157
0	40
0	0
0	7
187	255
36	249
22	855
0	0
0	0
0	0
0	0
0	0
198	0
0	0
0	0
0	0
2	7
0	13
28	14
0	9
0	0
0	0
0	0
1	0
0	0
0	1
2	333
352	895
3	731
0	449
0	270
0	0
55	0
0	0
1546	252
0	79
1	173
8	510
1989	510
0	0
4	242
1	98
0	190
7	131
0	0
1231	8
1	6
138	490
44	490
0	0
0	0
35	445
88	818
939	818
4	1
55	210
0	263
0	372
0	318
1	20
3	12
5	4031
8	3825
28	3705
109	2233
4	2393
18	1816
29	585
2	0
12	0
0	0
0	0
1886	1496
0	1572
0	1469
0	1199
0	1199
31	1095
0	886
15	891
56	705
69	622
0	543
125	113
0	0
0	0
0	0
0	0
0	0
1	4
0	4
0	3
0	3
0	110
0	0
0	0
4	0
0	0
0	0
0	0
0	0
0	7
0	7
0	3
0	0
4	396
2	1123
1	81
1	350
0	1148
193	309
6	170
0	98
0	70
7	1019
1	40
7	111
16	669
2	707
21	39
29	30
6	21
0	381
0	56
0	3
874	35
0	33
0	0
0	0
0	0
62	3304
1612	3549
154	1974
0	0
35	44
33	135
0	648
0	393
5	283
0	602
56	0
4	151
1	130
1	10
2	14
1	50
0	19
0	19
0	25
18	0
190	1910
5	1872
92	1747
30	55
0	848
0	1087
8	25
0	594
1	0
7	483
11	189
13	488
1	201
11	123
5	4
83	9
0	40
1	38
1	1
1	3
0	27
1	27
6	11
1	8
0	0
0	0
889	10
0	0
0	106
34	142
7	123
0	123
0	12
2	89
0	40
4	87
2	66
0	53
0	70
21	248
2	284
3	30
0	3405
0	3405
2	1117
0	1180
1	559
2	379
113	497
0	41
0	0
13	0
143	102
0	13
0	101
1	47
0	56
0	26
0	26
0	28
1	47
0	15
0	18
0	55
0	15
6	31
0	11
1	11
1	0
1	23
3	3196
12	193
7	560
0	3233
4	256
11	38
1	201
0	328
0	386
0	218
0	6
0	6
0	0
56	284
1357	0
1871	272
0	142
0	186
0	0
0	17
7	17
1	11
0	10
1	1
2	3
6	2024
4	160
13	1346
37	1705
0	1404
0	268
3	46
0	420
69	93
21	1240
21	177
4	194
0	251
15	262
20	352
2	349
0	163
10	282
1	122
10	244
0	127
4	105
12	141
2	61
0	45
18	0
0	1
0	1
0	0
1	1
2	32
27	45
2	39
1	304
0	297
0	206
0	202
7	275
0	204
0	54
0	48
0	45
1	32
0	21
0	765
0	33
0	74
0	755
1	35
0	582
0	9
15	9
0	20
1	741
43	723
4	123
0	52
3	301
0	23
0	2
0	262
0	308
0	381
0	356
0	282
0	358
0	26
2	95
6	31
0	1
0	2
2	9
0	2
0	7
0	1
0	6
0	0
0	0
0	9
7	913
0	1181
3	1141
0	1148
6	176
14	44
0	37
0	37
4	247
1	95
228	196
3	60
0	44
5	180
139	166
35	83
7	2
0	5
0	4
0	0
0	1
0	0
0	0
1	0
4	88
47	385
1	924
0	2
0	78
23	924
15	85
4	566
9	513
0	554
7	397
0	27
0	0
0	0
0	0
16	30
0	17
18	1642
21	8
0	11
136	4263
0	4322
13	4365
0	3886
4	2873
0	1517
1	610
39	993
0	60
0	1
6	0
1	0
13	402
42	402
29	21
12	35
20	30
0	0
0	0
48	0
746	1270
0	849
1	578
5	493
0	324
1	120
0	2
0	0
0	0
1	305
2	1
0	4
0	20
0	295
6	335
2	295
16	261
0	191
1	296
11	381
0	338
1	113
0	97
0	60
14	27
54	39
1	48
19	0
0	0
2	0
0	0
0	0
0	0
0	0
0	0
0	0
607	55
2	55
144	1701
0	1470
2	0
4	517
8	279
0	300
0	944
5	223
0	973
16	835
2	687
0	864
55	679
2	898
5	2
0	241
1	14
1	200
5	111
2	218
257	1110
69	993
0	310
13	42
0	20
7	777
30	152
0	210
0	0
0	0
1	3
0	0
2	367
5	397
12	154
0	140
0	71
0	45
1	96
0	69
9	5
13	13
0	27
2	45
1	43
5	27
0	12
5	7
96	87
13	85
1	5
0	0
4	668
0	639
0	0
0	0
0	604
0	661
2	174
6	550
0	660
0	595
5	30
0	68
13	5
3	78
221	2602
34	2599
160	2034
0	613
0	0
0	0
1	202
0	179
0	220
3	80
0	201
0	162
0	180
10	195
0	27
0	21
0	31
1	1
0	47
0	41
0	7
2	7
17	0
0	83
0	74
0	3
0	2
0	3
0	92
0	111
0	103
0	1
1	13
29	1
0	83
1	12
0	3
0	79
5	23
0	71
2	48
1	3
0	0
0	26
0	541
0	1063
0	2074
1	1831
0	2080
4	1113
23	103
50	467
16	133
12	461
35	53
1	189
330	0
38	261
0	236
2	42
6	0
0	3
0	49
0	928
0	43
2	928
4	439
0	311
2	127
102	114
58	8
26	47
77	526
2	31
0	441
0	815
0	346
161	524
4	499
3	25
43	422
5	1059
19	86
1	504
6	199
21	0
1	149
4	66
1	0
0	446
0	0
0	0
0	0
0	0
560	0
0	0
14	0
0	0
0	0
442	6
0	0
0	0
0	0
3	182
36	182
0	0
4	0
2	0
5	0
8	0
0	66
34	66
0	0
0	0
0	0
0	0
5	14
0	14
0	14
0	0
0	4
0	4
0	1
0	0
0	0
0	0
0	0
0	0
0	0
0	0
0	0
0	0
0	0
0	0
0	0
0	0
0	0
0	0
2	0
0	0
49	4097
5	4320
51	4175
0	185
0	219
0	60
5	2008
0	0
3	7
0	7
0	0
0	0
61	32
0	26
0	26
0	2
6270	860
16	713
210	2
11	201
2	465
6	1642
0	1696
141	464
1	160
3	1143
0	1201
2	44
0	122
3	50
8	77
0	89
17	75
0	96
9	82
1	1
2	0
0	0
0	679
2	742
0	765
0	587
0	342
4	105
0	37
50	302
6	85
1	215
1	168
21	52
0	100
0	5
0	5
0	2
0	4
0	1
80	1051
0	1045
0	63
0	33
2	77
1	53
10	133
3	181
6	304
18	60
456	191
7	204
2	55
0	0
0	0
0	0
1291	826
6	826
2	404
0	0
6	554
178	540
0	490
91	128
184	5511
39	5766
1	843
0	42
0	1151
6	1012
0	874
35	545
8	1649
30	45
9	804
25	2
0	2
223	1119
0	728
0	171
2	198
0	223
3	346
0	12
8	160
14	95
6	276
0	0
16	0
0	0
0	0
0	62
0	1
3	121
0	6
0	8
0	2
12	13
0	0
0	55
0	11
0	12
0	108
7	25
0	2
0	0
0	133
0	111
0	202
0	144
0	107
1	154
0	139
0	131
0	92
0	159
0	87
0	39
0	101
0	86
60	162
3	160
0	168
0	159
43	0
0	91
1	45
0	66
0	88
1	29
11	53
2	8
120	6716
0	358
1	6464
18	195
17	86
8	329
1	208
0	947
6	939
4	14
0	960
0	888
4	15120
4	14860
4	8445
0	15371
2	14223
0	7635
0	7874
0	709
1	630
0	15287
19	4328
0	720
0	15353
0	771
26	15128
0	416
6	961
3	13900
0	1005
26	145
5	385
0	658
0	0
44	179
0	4
15	35
0	115
1	122
2	18
37	2815
75	2230
73	2538
1	2313
0	2200
25	2083
67	357
8	329
3	324
3	148
0	278
63	531
1	359
5	469
22	192
1	30
0	35
3	35
0	11
0	119
0	226
0	206
0	167
0	160
0	175
0	198
1	33
0	1
16	71
0	0
0	0
0	0
0	0
18	1221
0	0
0	0
0	0
0	0
0	0
0	0
0	0
0	0
150	1411
0	150
39	1180
10	40
19	1129
8	179
0	0
29	0
0	0
103	57
0	57
1	956
0	1089
0	1047
0	997
0	1110
2	48
8	539
3	461
0	38
0	58
2	39
0	98
0	61
0	11
0	8
1	21
2611	169
0	133
5	91
43	89
683	0
0	0
0	113
1	44
1	131
4	1360
13	110
6	51
0	133
0	89
87	154
28	1324
0	0
0	0
1	0
0	1112
15	25
64	369
3	369
595	1641
11	1414
1	1464
4	1426
0	175
16	43
161	1847
24	1069
59	5
0	1248
2	1633
0	0
1	153
117	1298
0	1
16	335
8	316
0	274
0	274
0	259
0	8
4	12
1	1
1	0
0	33
11	31
0	0
3	17
1	0
0	0
1458	2319
40	2186
13	2378
34	382
493	7
81	175
0	194
222	248
0	115
0	4
0	0
87	2409
1	2331
0	54
1	25
0	114
63	229
1	220
0	0
0	0
0	0
2	0
0	0
9	175
12	0
0	0
9	43
0	0
6	4
0	0
1	0
1	667
1	645
4	62
42	417
0	1
21	211
0	162
18	16
79	105
0	70
971	2115
15	2103
3	1957
0	511
0	0
0	1
0	1
0	1
0	1
0	0
0	1
0	0
0	1
0	5
0	5
0	5
1	5
0	5
0	5
0	5
12	3
0	1
0	0
0	0
0	0
0	0
0	0
0	0
0	0
19	61
0	0
0	0
3	4
0	0
0	0
0	0
0	0
0	0
0	8924
0	7589
3	7583
61	367
0	5118
0	376
0	311
15	4033
1341	8484
0	1491
0	1583
0	692
3	482
51	8393
0	7376
0	476
0	1463
79	674
0	0
125	492
255	3107
0	628
13	2227
0	0
4	1513
0	1602
0	0
0	8
0	1049
2	0
10	262
3	230
0	60
1	109
0	43
27	0
0	0
0	0
0	0
0	0
0	0
0	0
0	0
3	0
0	0
9	8
0	8
24	2258
0	29
0	2263
0	70
3	1104
0	0
0	0
0	0
6	27
49	27
0	24
2	17
0	0
0	3
1	0
0	617
0	1
0	3
0	0
0	2
0	0
0	151
0	581
1	615
10	336
0	0
0	0
0	0
167	0
0	0
0	0
607	48
64	48
0	0
1	0
0	0
1	0
0	0
0	0
0	0
0	0
0	0
0	0
0	0
0	0
2	56
0	0
0	134
0	122
341	894
19731	6602
394	1936
0	0
159	6418
311	166
2	2679
0	0
0	704
1	0
1	0
0	0
0	0
0	0
0	0
0	0
0	4
0	4
0	0
0	0
0	0
0	0
0	4
0	4
0	0
426	68
0	53
0	15
1	0
7	0
122	405
12	405
0	0
0	0
0	0
0	0
2	195
0	195
29	158
284	231
0	174
0	1
0	1
1	0
0	0
0	0
0	0
0	0
0	0
0	0
0	0
1	0
0	0
0	0
104	751
3222	865
76	575
14	736
0	452
0	0
0	0
0	0
0	0
1	21
0	13
1	1
0	0
0	0
1	8
0	0
375	201
0	201
0	2
14	8
0	10
0	2
0	2
0	0
0	0
0	0
0	0
0	0
1	3
0	3
0	3
0	1
0	4
0	1
0	1
0	0
0	2
0	0
0	1
0	0
1145	2555
0	1328
7	2236
0	2463
0	2518
53	2462
9	352
12	86
3	0
0	0
0	0
4	3
1	3
11	0
0	0
0	0
35	0
22	0
2	0
2181	366
2	298
18	215
0	0
0	1
0	0
0	0
0	0
0	0
21	0
31	0
9	0
0	7148
0	7127
0	614
0	505
9	44
18	630
2	286
214	22
0	0
0	120
0	107
0	69
0	71
0	42
37	26
11	46
0	9
0	6
15	896
0	710
7	661
6	21
23	490
0	155
11	1
3	166
9	65
883	4
0	0
0	0
0	0
0	0
0	0
0	0
0	0
2	4
0	4
527	101
0	101
0	0
0	32
1	16
13	6429
1	6362
2	3594
0	453
2	2755
0	2352
37	82
0	0
0	71
1	71
3095	1030
89	1012
0	0
10	0
0	0
11	131
6	118
2	116
0	2
0	21
0	6
0	0
0	0
32	2
6	2
0	0
0	0
0	1144
0	0
11	0
27	1808
1	177
0	1709
1	1056
0	489
0	91
1	0
11	0
0	0
12	2
0	2
48	3694
0	2451
0	3812
2	3362
120	3780
0	3193
18	0
60	84
0	0
33	2261
280	0
0	751
0	0
12	66
28	282
5	50
34	57
2	280
6	116
23	0
0	0
9	2
36	5
3	3
0	2
0	2
693	0
767	315
2	251
0	197
0	85
781	1105
4	1074
0	203
10	0
5	690
9	776
0	2
4	0
6	0
10	5
5712	40
60	36
0	0
0	430
0	456
1	287
2	159
2	475
0	437
0	179
0	201
0	168
2	56
5	44
19	16
138	462
0	450
0	456
1	0
13	287
6	287
0	277
1	276
0	341
0	341
0	35
0	12
0	11
0	0
1	0
0	0
0	0
1235	0
9	0
0	167
0	258
12	246
6	33
0	0
0	0
0	391
0	1367
48	1367
0	0
5	27
1854	1441
120	63
6	1438
14	0
5	2
21	33
2	33
15	18
5	1627
209	1809
8	30
14	65
4	23
0	636
0	459
0	0
22	192
2	1
0	0
0	1
0	0
0	0
0	0
0	0
0	0
0	3
0	3
0	0
183	4866
0	1708
0	0
15	176
20	337
0	295
17	3191
0	29
0	21
10	1560
0	1575
0	1509
0	1613
0	1
0	28
1	1389
0	1454
0	1577
1	100
2	0
0	163
0	111
0	3
8	1342
13	189
7	20
0	360
4	98
2	371
0	38
0	827
6	128
0	0
1757	365
0	397
0	317
0	277
0	279
0	319
0	399
0	0
0	0
2	0
0	0
5	1492
4	715
1	1519
0	1530
9	551
33	832
5	30
20	21
1	20
0	100
869	1301
3	975
50	465
1	1177
3	351
0	242
0	426
0	1051
3	153
0	146
0	250
25	126
8	33
854	1222
1	1079
0	1160
55	822
1	231
1	517
6	1032
86	4
1	152
1	145
0	141
0	0
0	114
0	0
12	20
0	19
0	6
0	2
2	1
158	6241
88	5661
263	2313
2	4041
42	596
6	5661
2	5661
26	5097
251	59
0	0
0	8
0	0
2	31
0	20
0	0
0	1210
0	1210
21	1210
6	303
6	171
0	1873
296	1876
8	53
1	18
10	18
1697	2513
0	1551
0	213
9	27
2	2421
0	859
0	569
0	858
23	701
1	646
4	570
2	22
53	1155
98	326
1293	2711
10	2845
0	101
7	0
70	1547
0	10
25	0
0	0
22	99117
77	99121
6	0
0	0
0	0
17	2877
5	2692
2	361
2	2061
0	19
0	110
0	32
143	811
2	811
0	0
183	1194
4	48
0	1827
1	3345
7	114
13	1346
4	1378
5	1948
49	1447
0	1461
17	853
0	693
0	394
0	672
0	395
0	407
0	554
12	296
9	125
3	0
0	17
12	0
0	0
0	0
0	0
0	252
0	280
22	101
0	272
27	78
22	22
6469	12412
43	8061
0	20
27	1493
0	0
0	0
1	0
4	825
0	439
597	4317
6	1
0	0
0	0
0	1
834	220
1	57
10	170
2361	19
0	0
3	19
47	0
505	273
0	196
4	225
66	0
13	39
51	59
0	59
0	0
0	0
499	262
1	151
3	0
0	0
0	111
0	0
0	1
0	5
0	4
0	0
0	0
0	0
0	0
0	0
0	0
795	1268
0	1268
0	0
33	233
144	71
71	233
0	0
0	0
4221	2009
146	2009
16	149
78	0
0	0
0	60
3155	1643
13	1635
164	2977
11	2936
34	1846
23	60
0	90
5	265
0	131
0	1
1	0
0	1
0	14
1054	1632
31	217
1	331
1	179
4	884
0	137
12	1281
0	254
12	78
321	0
30	868
1	851
10	370
30	26
40	286
1	103
12	96
2	84
1	243
0	76
0	79
56	22
1	22
0	0
0	0
0	0
0	0
0	0
1	0
0	0
0	10
0	10
0	14
0	0
0	0
6	2
0	2
0	0
0	0
0	0
0	0
0	0
0	0
0	0
0	0
0	0
0	0
0	0
0	0
0	0
0	0
0	0
0	0
0	0
0	0
0	0
0	0
0	0
0	0
0	0
0	0
0	0
0	13
0	16
0	15
0	0
0	1
0	0
0	0
0	0
0	0
0	0
106	25
1	15
2	10
3	0
1	2751
4	2488
55	677
15	2447
3	344
4	0
287	221
0	155
0	220
13	43
17	0
30	14
19	77
0	101
1	25
4	51
0	1
0	1
1	0
0	3
1	0
0	0
0	6
0	6
0	11
0	5
0	3
0	5
0	9
0	6
3	0
8	0
7	130
14	131
0	35
36	9
0	4
7	10
0	0
1	0
714	19
24	111
0	17
150	10500
0	240
0	0
111	10424
48	0
3	378
9	192
209	136
0	136
2	19
0	1
0	0
0	1
0	1
0	0
0	273
0	277
0	312
2	319
5	13
1	116
3	38
3	44
0	45
0	42
0	43
0	36
0	6
0	0
0	19
3	7
0	0
0	4
1	3
508	116
56	116
24	255
1	253
84	71
0	0
4	0
0	2
0	1
0	1
0	0
1	0
0	1
299	940
8	477
50	155
1	13
3663	811
6	21
1	5
0	35
2	69
0	684
0	0
0	0
0	0
6597	862
0	839
5	0
0	0
2966	1357
5	1229
0	459
83	606
0	3
0	3
0	0
0	195
1351	0
40	8
0	0
6	8
231	568
0	156
244	450
120	210
0	329
0	17
5	18
39	355
4	307
0	54
0	110
0	18
185	41
0	41
741	77
0	77
0	2
0	2
23	45
5	45
0	23
575	145
0	0
1	145
43	904
0	924
19	12
18	13
4	47
0	423
1	511
0	630
0	188
0	96
0	0
0	0
8	109
0	106
0	91
14	20
0	18
0	35
1	109
6	106
1404	159
7	159
42	53
12	0
6	732
5	714
3	655
0	151
0	0
0	50
0	199
0	400
0	163
2	37
21	4
0	4
0	0
1	0
0	0
6	0
0	0
0	7
0	162
0	7
214	166
0	7
0	0
0	0
0	0
0	0
0	0
0	4
0	44
1	4
0	4
0	0
0	0
0	0
0	0
0	0
0	0
0	0
0	0
0	0
0	0
1	25
49	54
0	0
0	2
0	0
0	0
0	0
101	72
0	72
0	0
0	57
0	0
0	0
0	0
0	0
13	4
7	0
15	27
1	48
12	32
2	16
6896	975
8	24
0	0
79	0
2	126
49	0
0	930
0	881
1	0
25	0
1	0
1	4
36	105
17	134
0	99
0	0
1	26
0	13
4	170
1	29
0	6
0	858
0	916
0	0
9	0
0	0
0	0
0	2
0	2
0	0
0	0
22	591
4	535
3	95
1	223
0	245
9	7
6	161
5	55
0	41
1	44
3	0
8	269
0	296
15	147
1	30
0	3
2	138
388	81
2	74
6	60
0	76
0	297
38	297
0	297
4	144
0	0
0	4
1	0
250	3377
26	3388
33	1391
0	519
0	404
8	66
7	3109
163	3153
42	3070
0	2008
78	5585
10	78
6	96
1	5585
0	1008
0	1495
19	1305
25	0
3	9
4	51
132	704
3	175
0	93
0	39
0	47
0	494
0	77
1	62
0	1
0	19
0	0
0	18
0	5
0	0
0	2
812	0
0	0
255	329
1	51
0	273
85	138
0	69
499	226
8	144
2	100
10	85
21	47
18	43
0	33
0	0
0	0
0	16
0	14
0	16
0	0
327	0
43	0
0	10
0	9
0	9
0	10
0	12
0	16
0	14
0	10
5	9
0	1
0	14
0	162
1	101
17	1557
2	208
0	1535
532	493
0	197
5	165
0	224
0	111
0	168
0	35
98	45
218	757
60	757
3	2
36	23
0	23
0	3
45	662
0	557
0	175
0	158
0	166
0	155
0	68
6	51
15	0
0	5
12	6
0	1
131	102
2	55
13	124
86	0
0	0
0	0
0	0
0	0
0	0
0	12
8	12
1105	0
0	0
1	41
0	41
0	41
0	0
0	0
73	0
262	84
10	83
0	0
2	5
0	7
3	2
86	2142
3	2102
8	846
0	1314
1	116
3	129
1	56
0	47
4	5
0	0
1	1
1	0
3	0
8	1
0	1
515	0
0	0
12	0
0	0
26	2458
0	0
305	1060
0	20
0	16
3	274
6	7
32	1029
25	3
1281	1261
5	419
0	516
0	0
0	0
0	0
0	0
0	0
0	0
0	0
0	0
0	0
0	0
11	50
0	0
0	0
0	0
0	0
0	0
0	0
0	0
1082	0
0	0
8	4
0	0
1	4
4	0
0	0
0	0
4	27
8	0
0	20
0	20
3	0
1	295
75	565
90	281
3	406
2	60
0	75
0	0
2	34
0	757
38	757
0	32
1	56
2	428
1	16
8	0
1	274
0	0
0	0
0	0
0	1
0	0
0	0
0	0
33	259
0	259
6	35
0	143
0	0
0	1057
0	1113
13	1184
0	893
102	1302
1	1221
1370	1226
0	1267
0	987
0	1171
0	0
903	1442
38	1217
9	1126
0	1011
0	902
37	865
1	485
99	63
0	69
0	1
0	4
0	4
0	0
0	0
1	16
0	172
0	197
42	160
4	141
0	0
3	59
0	0
0	0
0	0
0	0
12	3612
0	0
0	0
0	0
0	0
322	660
13	620
0	655
306	156
2	622
0	431
0	0
0	3
1168	1855
0	977
3	1345
9	39
20	108
7	1233
5	311
0	0
0	0
0	0
0	0
0	0
0	0
0	0
0	0
0	0
3	29
0	0
0	0
0	0
0	0
0	0
0	0
0	1
0	1
0	0
0	0
0	0
0	0
9	1685
0	1688
0	1580
0	1688
0	0
12	3
165	0
18	0
407	310
4	292
0	291
1	56
0	62
1	54
0	0
23	7424
0	4861
22	6173
19	2184
4	689
56	0
410	1071
72	368
20	700
0	583
21	3292
0	3514
0	688
8	925
0	266
2	533
18	420
885	0
123	0
1	4
0	0
18	8
2	722
1	95
3	123
0	741
55	32
0	91
0	83
14	132
0	0
0	0
15	102
0	27
58	205
0	19
0	45
0	26
6	2
28	26
0	0
0	0
95	695
2	1675
0	2010
0	2019
0	1993
13	1818
112	2036
470	1992
693	1083
0	705
0	451
9	348
0	245
0	175
8974	10
0	0
139	60
2	27
0	33
0	2
0	0
0	0
0	0
0	0
1	0
0	0
0	0
0	0
3959	99
169	70
0	29
143	326
1	302
13	162
3	152
0	114
2	8
13	25
7	0
211	909
25	908
3	41
8	9
231	22
0	11
13	42
5	49
2	118
70	193
0	0
0	0
0	0
0	0
0	0
115	7
0	0
0	0
11	3669
1	4
2	0
39	3665
33	7
590	0
56	0
0	0
0	0
0	0
0	0
0	0
0	0
0	0
0	0
0	0
1	0
920	454
0	88
2	11
9	3
1	175
0	393
0	397
302	2308
25	2264
7	2044
2	131
39	20
10	360
1	99
9	276
18	9
0	41
0	289
12	6
14	108
2	191
0	99
0	0
0	0
0	0
0	0
281	297
19	236
16	19
1	0
1	57
0	0
8	0
248	508
0	492
0	162
3	101
0	85
9	38
0	0
0	0
0	0
0	0
0	0
0	0
0	0
0	0
0	0
0	0
0	0
0	0
0	0
0	0
0	0
0	0
0	0
0	0
0	0
0	0
0	0
0	0
0	0
0	0
0	0
0	0
0	0
0	0
0	0
0	0
0	0
0	0
0	0
0	0
0	0
0	0
0	0
0	0
0	0
0	0
0	0
0	0
0	0
0	0
0	0
0	0
0	0
0	0
0	0
0	0
0	0
0	0
0	0
0	0
0	0
0	0
0	0
0	0
0	0
0	0
0	0
0	0
0	0
0	0
0	0
0	0
0	0
0	0
0	0
0	0
0	0
0	0
0	0
0	0
0	0
0	0
0	0
0	0
0	0
0	0
43	763
52	235
4	506
11	695
12	35
3	0
20	825
0	2051
2467	2021
0	173
0	156
2	120
36	181
7	182
0	89
1	81
0	0
0	0
10	11
0	5
0	0
0	0
0	6
0	1
0	0
0	0
0	0
0	0
0	0
0	0
0	0
0	0
0	0
0	0
17	195
0	0
0	0
0	0
0	0
0	0
18	117
11	335
1	314
0	11
0	13
1	22
17	3
94	0
494	298
10	35
0	0
0	173
45	0
44	168
1353	355
3	3
0	352
0	0
0	0
0	0
0	0
38	40
0	37
1	24
0	7
0	0
0	4
0	1
0	0
1	0
0	0
0	380
1111	387
342	1018
0	1018
4791	826
15	822
0	0
3	796
0	1
1	0
0	0
0	0
0	0
0	0
0	0
0	0
0	0
0	0
0	0
0	0
3	3546
463	3546
0	0
0	0
245	155
3	98
0	136
0	0
0	0
0	0
0	0
54	22
0	0
0	23
0	17
0	4
0	2
0	0
0	0
0	0
0	0
0	0
1	0
0	0
0	0
0	0
0	0
0	0
0	0
0	0
0	0
0	0
0	0
1	0
0	0
0	0
0	0
0	0
0	0
0	0
39	595
3	64
0	581
20	533
0	641
0	614
0	83
0	0
0	0
0	0
0	0
0	0
0	0
0	0
0	0
0	0
0	0
0	0
0	0
0	0
0	0
0	0
0	0
0	74
0	0
0	2205
12	2571
73	451
70	673
25	58
32	211
3	40
6	1
0	0
0	0
0	0
0	0
0	0
0	0
0	0
0	0
0	0
0	0
0	0
0	0
0	0
0	0
0	0
0	0
11	1835
0	1138
0	1911
6	1910
31	358
8	79
14	53
5	129
0	221
0	1342
0	0
0	72
23	228
0	0
77	0
8	0
22	0
0	0
0	0
73	157
0	0
0	0
1	0
0	0
3	0
0	0
0	0
3	0
0	0
0	0
0	51
0	90
0	94
0	0
0	0
0	0
0	0
4	295
0	0
531	997
0	999
16	224
0	0
0	0
17	69
0	60
0	60
5	14
2	1
0	0
0	0
0	0
0	0
0	0
0	0
2	0
2756	3248
2	3274
1	389
0	146
18	91
40	464
0	494
157	19
0	0
51	350
0	0
3	0
0	0
0	0
0	0
0	8
0	8
1	0
0	0
0	0
0	0
0	0
0	0
4	3134
26	3211
5	148
26	298
1	118
37	22
0	87
0	29
2	0
0	36
0	28
2	44
0	88
63	30
3	17
3	0
74	0
0	0
21	0
65	0
0	0
35	0
22	0
1	0
9	86
0	9
24	0
75	0
0	0
22	22
0	9
0	6
0	0
0	0
42	0
0	0
62	0
19	0
0	1
0	1
23	0
0	0
0	0
0	0
0	0
0	0
1	14
0	14
0	14
1	16
0	15
0	13
0	14
0	14
0	0
0	4
0	0
0	3
0	2
0	0
0	0
7	1164
8225	2738
274	2652
99	1069
11	835
2	900
20	133
25	0
197	278
0	116
0	0
0	0
0	0
0	355
12	369
0	174
5	127
0	70
10	103
1	37
0	4
0	0
0	0
0	0
0	0
0	96
12	96
156	119
1	78
4	1
0	0
0	0
0	0
0	0
0	1
0	0
0	0
0	0
0	0
0	0
0	0
16	147
77	147
0	80
0	0
9	0
8	0
3	20
0	0
0	0
0	0
0	0
0	2
0	0
0	0
0	0
0	0
0	0
0	0
0	0
0	0
0	1
0	0
0	0
0	0
0	0
0	0
0	0
0	0
0	0
0	0
0	14
0	14
0	0
675	111
11	111
0	0
646	225
24	73
1	200
0	89
0	0
6	1562
19	649
16	1675
64	1895
2	1554
0	671
6	158
26	440
0	154
1	30
15	0
24	93
26	1162
1190	1235
0	191
20	144
0	73
0	0
364	19049
23	5182
0	15403
0	18809
170	16968
0	18333
0	17867
1	2264
3	0
11	1226
12	11041
130	1040
0	0
0	0
0	0
0	0
0	46
639	48
93	46
0	0
2	165
7	1368
720	553
2	553
3	130
0	0
337	2
0	0
0	0
0	0
0	0
0	0
0	0
0	0
0	0
0	0
1	0
0	0
0	0
29	287
5	261
62	55
23	91
2294	1250
1	1248
0	0
386	23
1	23
30	2
102	1634
0	1378
0	32
100	48
40	425
7	44
3	1384
174	528
0	227
16	60
0	119
1012	4465
0	3884
2	3470
5	1436
6	191
2	243
3	139
0	505
0	850
0	795
16	12
6	12
0	0
0	50
8	0
0	0
2047	1277
0	96
17	1271
0	0
0	0
0	0
0	30
0	32
0	31
0	26
0	25
0	27
0	23
4	4
1	19
1	17
0	17
0	0
0	0
0	0
0	0
0	0
2893	2
0	0
1	0
0	0
147	0
0	0
0	0
0	0
1	0
0	0
0	0
2	0
0	0
0	0
0	0
0	0
0	0
0	0
0	0
0	0
0	0
0	0
0	0
0	0
0	0
0	0
0	0
0	0
0	0
0	0
0	0
0	0
0	0
0	0
0	0
0	0
0	0
0	0
0	0
0	0
0	0
0	0
0	0
0	0
0	0
0	0
0	0
0	0
0	0
0	0
0	0
0	0
0	0
0	0
0	837
0	1468
25	959
3	1471
0	28
2	567
1	650
0	222
59	60
0	100
1	37
0	15
2	42
0	41
0	2
1	2
0	0
0	0
1893	1945
329	1944
0	61
6	689
10	679
19	654
8	121
6	3
18	4
36	12
0	0
0	0
18	136
74	8
0	0
0	0
717	817
0	817
48	96
0	0
0	0
0	0
0	0
0	0
0	0
0	0
86	314
16	288
0	38
0	0
0	0
0	0
0	0
518	304
1	59
0	245
4	78
2	59
0	0
0	31
0	31
0	31
3	29
0	43
0	33
1	26
0	31
0	0
1	10
0	0
1	0
57	296
0	77
2	220
1	87
0	111
0	95
0	22
1	0
4	1406
0	1432
0	1400
0	635
0	46
0	20
8	25
0	12
0	0
0	99
1	762
0	637
0	0
17	19
0	0
1	0
268	1398
8	1439
0	10
83	305
0	22
38	43
167	59
0	580
4	0
0	50
0	50
0	7
10	678
0	0
0	0
0	0
0	0
0	0
0	0
0	0
0	0
0	0
0	0
0	0
0	0
0	0
0	0
0	0
0	0
0	0
0	0
61	474
5	190
32	312
3	461
4	38
0	431
0	567
39	2032
37	2062
11	608
1	496
10	142
3	0
0	0
1	14
0	14
0	9
0	0
320	1844
6	1784
3	1497
188	70
0	156
0	107
0	220
0	66
11	0
0	0
0	184
1142	3343
1	745
0	2598
1340	573
0	417
1	229
19	0
6	296
0	301
0	59
0	10
7	2059
0	1948
0	164
0	226
1	2054
2	28
0	828
0	831
10	184
1	320
2	185
0	44
2	19
30	15484
206	13031
11	15355
0	15547
592	12453
10	3457
373	4873
7	595
0	212
482	2806
0	294
0	371
0	753
216	56
0	39
3	222
10	433
0	389
0	426
2	372
0	476
0	204
0	310
0	284
0	289
0	31
4	38
0	706
0	8
5	8
1	742
1	631
1	156
4	189
1	280
5	459
1	380
87	60
1	169
23	143
11	24
6	5
0	1256
0	1714
0	1378
29	1427
133	689
0	1763
0	1622
0	13
3	92
0	1250
11	106
0	168
2	299
0	51
0	89
3	12
0	206
2	5
17	39
0	124
0	110
2	176
33	400
0	0
0	16
0	5
0	4
0	30
0	27
0	30
0	8
0	0
0	0
628	4099
2	1786
0	2001
0	3094
2	671
56	329
4	0
0	0
0	0
0	0
32	764
3	161
5511	201
42	622
0	181
59	0
2	478
2	0
0	0
0	0
0	0
0	0
0	0
221	170
14	170
0	0
0	0
0	0
0	0
0	0
0	0
8	937
11	875
0	937
1	866
0	62
0	610
1	0
0	0
0	0
0	17
1167	19
0	0
404	586
18	1022
0	326
0	0
6	15
89	487
0	0
21	2
0	0
0	0
0	0
0	0
0	0
0	0
0	0
0	0
0	0
0	0
0	0
0	0
1	0
0	0
0	0
1	0
0	0
0	0
0	0
0	0
0	0
0	0
0	0
0	0
21	121
0	130
0	58
1	41
0	51
23	42
1	68
0	98
0	130
3	23
1	0
0	10
0	2
4	24
2	56
0	20
0	15
0	0
7	2034
1	17
146	2273
2	820
0	0
0	0
0	0
0	0
195	50
0	50
0	3105
0	218
15	177
7	104
67	2929
0	808
1	1864
0	291
0	70
1	80
7	0
9	36
3	605
5	29
0	0
3	187
0	1866
0	1936
26	80
1	682
0	559
5	912
28	201
9	75
21	20
7	183
5	328
0	288
24	98
6	25
0	29
0	0
0	24
3	50
0	43
0	43
0	41
0	9
0	7
0	0
0	0
0	0
1	0
0	0
0	0
0	0
0	0
0	0
0	346
1	582
0	560
0	458
0	48
0	47
0	24
0	0
4	0
0	0
78	0
19	256
0	25
25	0
30	0
0	101
0	0
32	441
43	433
13	433
4	433
0	268
8	259
11	201
1	4528
1	1896
23	2
6	1252
3	2230
0	812
0	558
0	13
0	129
2	223
0	2121
1	146
0	165
6	2
2	1538
1	125
0	2112
3	2126
1	3770
0	746
0	25
1	39
54	663
1	10
0	145
50	4514
70	4533
1	3818
0	451
5	249
1	0
97	708
1	765
0	319
2	408
9	136
0	0
1033	415
0	86
3	240
5	279
26	184
12	57
35	2891
21	1427
5	165
0	297
9	2891
18	0
90	311
1	0
0	0
0	4
1	5
0	4
0	3
0	4
0	4
0	0
0	0
0	0
0	0
0	0
0	0
0	6
0	8
0	8
0	8
0	8
0	8
0	0
0	1
0	0
0	8
0	0
0	5
0	0
0	0
0	138
0	136
0	99
0	100
2	101
0	72
0	54
0	67
784	14307
24	399
39	1336
2	2943
31	1957
184	9347
0	0
0	0
0	0
238	4
0	1
3	1
0	0
15	0
92	288
0	196
0	214
3	24
57	4451
0	4447
993	4102
0	2398
55	822
2	492
95	566
20	109
0	380
18	117
5	1
115	35
1	898
0	806
0	0
1	0
9	271
498	131
1	0
0	0
0	0
0	0
0	0
0	0
0	0
0	0
3091	674
37	557
0	196
43	1
17	11
9	103
0	510
2	474
1	450
0	54
0	0
0	37
8	12
0	12
0	6
0	1
9	3
0	3
31	418
0	188
0	235
0	355
0	56
0	42
1	101
0	21
0	113
0	143
33	12688
2	105
27	119
205	12688
119	485
0	920
8	946
2	497
0	80
1	29
0	0
0	0
1	0
0	0
0	0
30	0
28	65
0	61
0	61
0	49
30	2
0	2
1	0
0	0
0	0
0	0
0	0
1016	299
4	0
2	295
3	127
0	8
1	194
0	215
0	198
0	210
0	52
0	81
0	81
0	52
0	19
1	28
1	8
0	18
54	0
129	576
42	211
1	345
2	429
0	551
0	551
0	319
0	0
1	72
0	98
0	85
0	4
1	13
8892	5872
2105	5230
4	308
3	995
0	315
63	1112
1576	0
1	872
7	866
9	767
22	400
0	76
0	11
14	11
0	0
73	16
6	83
0	42
0	18
317	513
0	168
0	262
1	42
0	29
2	234
0	48
0	0
3	58
0	76
0	28
13	0
32	941
3	894
0	661
1	589
1	215
2	162
3	27
0	1
0	1
36	62
44	50
2	30
14	64
15	58
42	0
54	50
0	11
0	12
0	7
0	13
0	17
78	8
80	12
0	0
4	30
0	0
0	0
0	0
24	31
3	30
22	22
0	0
0	0
6	78
0	6
304	72
37	84
2715	192
20	88
0	0
0	0
130	4
0	19
43	19
0	0
0	0
8	3
25	679
0	0
0	693
3	301
7	0
27	36
0	0
1	36
0	223
2	251
4	99
163	40
0	0
1	40
15	19
0	2
2	2
0	0
0	0
0	0
0	0
0	0
0	0
0	0
0	0
0	0
0	56
2	0
0	109
0	3237
0	3420
0	4000
0	3738
9	138
92	195
2	25
0	0
0	0
678	257
20	0
0	0
14	280
12	280
0	0
540	0
0	0
0	1
4	1
0	0
0	376
0	0
0	0
3229	45
6	43
0	0
4	2488
25	2278
0	2224
3	1102
0	1738
0	2249
0	2218
2	1473
4	1754
55	721
4	1107
0	1666
2	40
0	339
0	1081
13	335
186	130
0	23
1	112
8	0
1	19
201	902
67	29
3	874
14	1869
1	274
8	0
251	186
69	1813
2	3859
31	60
0	179
1	61
2	190
0	0
3	196
126	2085
0	5135
0	0
9	466
1	27
0	2931
57	2411
147	2931
10	936
39	777
0	381
24	1360
0	0
0	23
1	687
0	4
0	71
0	6
274	1710
478	635
324	884
0	1295
0	1125
1	653
0	5
12	1993
44	2
9	1199
3	417
84	504
88	912
60	1399
1	21
0	9
0	12
0	19
0	21
0	1
0	15
0	10
0	10
1	15
3	2
19628	3125
11	3119
0	0
7	0
0	0
0	0
75	1159
0	1155
133	116
4	5
538	318
0	13
0	3098
3	3492
2	3458
14	3481
138	667
4	1551
0	1881
0	4
0	0
268	157
24	2
1	65
1	6
9	28
0	1
0	1
0	2
0	1
0	0
0	1
0	1
0	0
0	0
0	0
3	0
0	0
0	0
0	3
0	0
0	0
2	0
0	0
2	586
9	595
0	35
21	28
4	29
12	0
284	307
0	0
30	10
0	9
7	1174
8	1276
4	140
2	108
8	43
2	145
0	399
0	4
0	4
1	1
0	1
0	3
0	3523
0	0
28	3544
105	3528
8	689
28	121
43	687
7	162
0	0
0	12
0	12
0	12
0	12
0	12
0	12
0	0
0	12
1	120
111	1919
10	144
0	1811
3	517
5	1123
2	0
31	213
0	1033
0	0
4	0
4	696
235	604
0	12
1	63
2	236
0	434
38	2
9	213
0	97
2	306
0	8
14	455
5	455
0	5
0	0
0	5
0	3
0	2
104	58
4	19
6	40
3	77
21	16
8	87
0	2
0	0
0	1
0	7
0	0
0	12
0	216
1	211
0	20
2	84
0	84
0	7
0	147
0	59
1	32
0	33
0	37
0	31
0	24
0	0
0	0
0	0
0	0
0	0
1	0
0	0
0	1
0	0
0	0
0	0
0	0
0	0
0	0
0	0
0	0
0	0
0	0
0	0
153	1321
1	1522
0	139
103	1205
0	1242
0	167
0	3
0	3
8	0
0	0
0	0
0	0
0	0
0	0
0	0
0	0
0	0
0	0
0	20
3	20
1	24
0	2
41	0
0	19
0	4
0	6
0	3
0	12
0	0
0	12
0	13
0	0
12	0
0	0
1	2
0	0
0	0
0	0
0	0
0	7
0	295
431	830
5	0
1	215
0	481
5	0
1	253
50	2265
0	2279
19	46
3	1364
1	33
0	30
2	65
0	36
164	81
0	0
0	0
51	0
0	0
0	0
0	0
0	0
0	13
0	13
0	0
0	0
0	0
0	0
0	0
2	200
50	200
0	54
9898	253
10	231
19	0
3	18
37	120
1	120
14	18
0	12
0	8
13	0
1	0
0	0
74	0
60	18
30	0
0	0
0	1
0	1
0	1
0	1
0	1
0	1
0	0
0	0
0	0
0	0
0	0
3	0
0	5
2	5
0	3
0	2
0	1
0	0
0	0
0	0
906	255
0	10
11	133
0	58
13	179
0	63
8	6326
217	7274
0	906
0	236
19	1804
146	6161
0	1195
0	8
0	1074
6	527
19	1971
17	620
0	0
0	293
0	293
2	17
5	1277
1	1062
10	910
0	276
0	1
0	1773
9	1792
78	1500
2	1481
1	425
0	278
11	143
20	6
0	0
0	120
1184	1741
5	234
4	448
85	855
0	1271
6	27
7	24
5	6
2	3
0	4
0	3
0	1
0	1
0	0
0	0
0	0
0	0
0	0
0	0
0	0
0	0
0	0
0	0
0	0
0	0
0	0
0	0
0	47
32	1
0	3
0	0
0	0
0	0
0	0
0	0
0	0
0	0
0	0
2	1
21	21
2	26
0	25
0	0
0	0
0	0
0	0
0	0
0	0
3	35
54	37
1	7
0	10
1	7
0	2
2	1
0	23
0	23
0	26
0	1
28	0
7	1
42	473
0	533
2	9117
20	9069
38	5910
44	6483
0	6661
36	3217
10	337
35	75
0	0
8	93
0	42
18	25
0	818
2	460
42	822
290	2873
0	0
1	0
0	0
0	0
0	0
0	0
686	60
10	60
2	0
6	0
151	2935
12	2935
210	381
8	138
0	0
2	337
2	171
4	15
1	0
0	0
3051	438
17	438
1	216
0	0
0	2
0	2
0	2
0	2
0	2
2	17
4	17
3	0
0	2
71	1416
11	1416
2	950
0	0
312	904
0	234
4	153
327	598
3	167
0	1
0	8
0	8
3	286
24	404
5	277
11	375
0	4
0	8
235	7
0	325
3	81
0	4
0	4
19	419
60	132
12	160
1	66
3	176
5	109
0	2
37	125
0	57
4	92
35	0
3	42
5	85
5	174
18	142
2	16
2	2
2	1
0	0
0	0
0	0
1	0
0	0
215	225
1	64
0	40
0	71
0	62
0	40
53	1773
151	1983
275	297
0	0
0	0
0	0
31	3828
8	3034
52	1351
47	2856
0	84
5	357
264	377
0	121
2	321
0	99
0	160
2	45
0	356
0	84
0	81
5	39
11	241
58	385
2	111
1	109
2	219
0	186
0	0
0	208
0	210
4	45
0	29
0	0
1	68
8	24
0	9
0	0
9	0
0	0
0	0
0	0
1618	2601
27	2319
1	691
45	945
1	172
2503	412
0	2
142	410
0	208
1	33
6	61
38	25
0	0
0	0
0	0
0	0
0	0
0	1
0	60
2	28
0	0
0	0
1	0
0	0
0	0
83	259
23	239
0	149
144	462
197	446
164	102
1	102
14	20
0	20
0	0
80	392
333	458
11	458
0	138
4	0
106	401
6	400
0	0
7394	5360
1	3643
19	3190
3	3106
0	769
92	1125
41	0
0	1
0	0
0	0
0	0
0	0
0	0
0	0
0	20
0	11
0	0
0	0
0	0
0	6
0	0
113	21
0	26
0	21
34	12
0	12
0	6
0	0
488	6
1	13
0	11
0	7
0	8
39	0
10	0
4	0
11	0
3	6
0	0
3	8
0	0
1	4
0	2
0	2
0	0
0	0
0	0
0	2
0	2
0	2
0	2
0	0
0	0
0	0
0	0
0	0
0	0
0	0
0	0
0	0
0	0
0	0
0	0
0	0
0	0
0	1
0	1
0	1
0	0
0	0
0	0
0	0
1	0
0	0
0	0
0	0
0	0
0	0
0	0
0	0
0	0
0	0
0	0
0	0
0	0
0	0
0	0
0	0
0	0
0	0
0	0
0	0
0	0
0	0
0	0
0	0
0	0
0	0
0	0
0	0
0	0
0	0
0	0
0	0
0	0
0	0
0	0
0	0
0	0
0	0
0	0
0	0
0	0
0	0
0	0
0	0
0	0
0	0
0	0
0	0
0	0
0	0
0	0
0	0
0	0
0	0
0	0
0	0
0	0
0	0
0	0
0	0
0	0
0	0
0	0
0	0
0	0
0	0
0	0
0	0
0	0
0	0
0	0
0	0
0	0
0	0
0	0
0	0
0	0
0	0
0	0
1	0
0	0
0	0
0	0
0	0
0	0
0	0
0	0
0	0
0	0
0	0
0	0
0	0
0	0
0	0
0	0
0	0
0	0
0	1
0	1
0	1
0	1
0	0
0	0
0	0
0	0
0	0
0	0
0	0
0	0
0	0
0	0
0	0
0	0
0	0
0	0
0	0
2346	3257
5	1114
1	510
0	349
31	373
12	1000
9	101
1	881
0	0
0	0
0	0
0	0
2	90
1	90
695	147
3	165
31	1
31	64
0	64
0	59
0	0
0	0
0	0
0	0
0	0
0	0
0	0
0	0
0	0
0	0
0	0
0	0
0	0
0	0
0	0
0	0
0	0
0	0
0	0
0	0
0	0
0	0
0	0
0	0
0	0
0	0
0	0
0	0
0	0
0	0
0	0
0	0
0	0
2	155
2	155
0	0
0	0
11	373
0	373
0	95
538	0
115	489
0	489
19	13
20	0
0	13
104	395
0	395
576	0
0	0
35	1
0	0
0	0
0	0
180	148
0	147
89	2
18	0
631	0
0	39
0	3
0	3
0	429
0	51
0	415
0	0
0	0
0	0
60	150
1	150
0	248
14	265
26	11
7	0
1	17
1	0
322	333
0	287
124	49
746	65
72	59
1	52
0	0
12	6
0	0
0	0
0	0
26	0
158	3
3	3
638	43
1113	47
2	0
587	5
0	708
1	689
0	475
7	677
23	20
17	712
2	708
0	414
0	0
0	0
0	0
0	0
0	0
0	0
0	0
0	0
0	0
0	0
0	0
0	0
0	0
425	0
0	0
4	0
88	0
35	661
23	644
14	522
398	37
0	0
0	0
0	0
0	0
0	0
0	0
0	0
0	0
0	0
0	0
0	0
0	0
0	0
0	0
0	0
0	0
58	233
0	15
3	192
0	201
0	31
5	14
0	0
0	0
0	0
0	0
0	0
0	0
0	0
0	0
0	0
0	0
0	0
0	0
0	0
0	0
0	0
0	0
0	0
0	0
0	0
0	0
0	0
0	0
0	0
24	0
0	0
0	0
366	0
6	0
15	178
5	130
0	41
0	51
1	22
0	0
0	0
0	0
0	0
0	0
0	0
0	0
0	0
0	0
0	0
0	0
0	0
1	0
8	19
3	18
0	19
0	0
0	0
25	595
0	595
0	453
18	16
14	100
0	380
13	332
4	367
3	367
0	225
1	66
5	688
35	685
11	337
97	668
0	519
0	344
9	263
0	216
40	0
1	30
0	29
0	21
1	0
0	0
0	2
0	4
0	4
0	1
0	3
0	261
0	147
0	247
3	233
8	56
2746	234
20	232
236	0
30	125
299	41
39	128
370	694
1	116
17	792
26	792
31	96
0	0
0	0
58	55
1	2
3	55
62	23
12	772
104	16458
19	15947
1	922
6	337
11	154
57	83
160	3122
0	0
101	3226
14	152
0	0
121	170
173	2594
22	1440
13	2410
0	1037
1	1037
0	1048
20	1756
23	34
3	0
0	0
2	0
0	17
0	17
28	6
9	6
0	2
14	0
873	10411
67	4324
74	8655
0	1
0	1
0	0
0	0
0	0
0	0
0	0
0	0
0	0
0	0
0	0
0	0
0	1
0	1
0	1
1	0
0	1
0	1
0	0
0	3
0	3
4	2475
112	1552
2	2122
22	946
52	758
12	629
4	4
64	0
0	0
0	0
0	0
0	0
5	0
2162	269
12	267
74	171
1297	2985
0	977
0	2582
0	936
0	1049
0	0
5	133
1	180
154	192
0	188
4	139
0	62
15	0
0	229
7	289
0	928
3	952
0	1071
14	804
109	209
108	89
62	2357
563	2655
7	1640
2	821
5	177
0	176
0	731
0	692
0	584
0	390
0	412
0	359
0	414
0	396
0	393
0	412
0	412
0	388
0	13
4	39
2	7
9	53
0	52
1	18
0	9
0	2
0	2
0	2
23	220
1	216
0	173
0	45
1	30
205	246
2	40
0	206
4	2
0	36
0	0
0	130
19	114
0	77
0	0
0	1
7	0
0	4
0	4
0	0
0	0
0	0
3	1627
0	3511
0	3476
18	422
22	674
5	2081
0	12
59	806
0	0
1	2876
20	30
0	24
0	29
0	1
0	0
56	12
0	14
40	144
76	2039
27	2060
16	2101
23	2105
23	148
0	139
2	188
5	669
14	143
33	1200
17	772
1	702
7	158
0	272
5	44
1	701
0	287
2	86
1	101
15	88
0	51
0	35
0	14
10	599
15	631
0	531
1	491
0	595
0	581
3	92
13	0
218	1031
34	1031
0	722
4	738
11	738
22	738
0	681
3	0
0	0
0	0
0	351
0	138
3	48
1	95
16	60
0	0
1	17
0	42
0	42
1	1
2	0
10	2557
82	916
0	2162
0	2399
0	2297
0	2483
4	2490
10	968
2	26
1	601
20	611
1	424
0	320
0	580
45	27
5	335
0	213
1	296
4	268
0	200
1	180
0	103
9	168
1	91
5	128
20	11
11	1
46	23
29	24
0	1
0	0
0	0
0	0
0	0
0	0
2	0
38	28
4866	4215
2	61
0	3945
0	373
83	563
22	219
5	314
8	287
0	17
0	0
13	2360
0	2302
7	2206
16	59
0	76
6	146
27	2250
11	2236
0	0
3	120
6	1682
0	32
1	143
0	30
11	19
15	4
16	6
85	99
2	211
0	41
7	919
3	0
19	80
7	51
0	100
0	68
5	19
1	627
0	660
1	775
2	695
0	403
0	407
13	143
1	0
10	1756
40	1731
136	1374
0	83
14	83
0	210
0	512
15	626
0	504
2	714
6	320
165	1540
46	879
0	10
3	606
205	1401
89	859
34	187
0	398
9	399
3	833
7	234
11	66
10	109
3	0
0	0
2	17649
14	0
249	0
0	24693
100	24157
4	18470
49	9167
21	10666
0	4
2	9790
22	3960
6	511
0	1022
18	1489
17	1891
0	677
7	249
0	0
0	0
0	0
127	946
109	946
0	0
0	0
0	0
0	0
0	0
0	2
0	2
0	2
0	419
623	0
25	783
1	119
8	381
0	282
0	728
1	197
0	386
0	8
0	6
0	6
0	1
2	15
0	13
0	584
0	439
0	509
0	584
1	584
0	442
0	560
0	614
3	538
1	447
0	442
4	540
1	256
3	283
16	31
1	602
0	648
0	648
11	590
0	86
5	567
4	567
5	594
2	13
619	299
4	292
12	1263
0	258
1	145
17	43
2	158
37	103
40	49
0	582
19	975
27	273
65	378
3	207
0	164
0	139
6	133
0	1454
0	1478
6	1402
2	1428
0	1474
0	1481
0	1444
0	168
0	1044
2	1011
10	57
3	105
31	19
9	27
22	24
31	18
9	119
0	121
409	31
17	132
5	542
1700	544
0	298
34	205
4	111
0	1303
25	1330
5	59
39	913
0	724
0	1074
0	12
1	122
1	43
0	90
0	558
41	236
2	236
0	121
0	85
0	92
3	429
0	493
7	463
0	108
0	32
0	55
93	142
0	9
19	18
1	39
22	85
0	0
0	0
0	0
0	0
5	1243
0	1310
0	1273
2	111
0	1242
0	97
19	12
1	2
0	0
0	2
0	2
0	0
52	642
19	642
11	602
1	602
0	43
8	0
0	10
5	451
0	66
32	479
103	479
306	0
0	45
0	165
0	120
0	3
1	121
0	120
2	10
0	0
0	27
1	11
20	2854
0	2883
6	2103
127	1165
6	2121
22	1937
0	1459
19	217
5	517
735	561
0	378
0	28
64	23
5	1
2	0
0	0
0	0
0	0
0	0
0	0
1	1
0	0
2	6
11	6
8	156
0	156
5	112
0	81
12	319
0	210
3	205
14	343
0	285
0	1731
0	1696
0	1696
0	87
0	50
3	29
11	32
0	327
0	47
31	48
0	0
0	2
0	2
0	2
0	0
1	22
0	22
0	0
0	0
0	0
0	0
0	0
12	3
0	1
0	3
0	16
0	12
0	11
0	12
0	7
6	428
0	488
0	543
18	138
0	368
3	250
20	135
48	161
21	250
0	135
0	0
0	0
0	0
0	0
1	0
0	0
2	190
1	211
0	208
5	182
0	16
1	14
1	3
9	59
3	125
4	133
11	133
1	121
4	0
0	0
0	92
4	97
0	96
0	91
1	0
0	0
2	5
0	0
4	17
0	0
0	486
62	484
6	405
2	10
58	1
1	59
27	414
4	83
2	186
0	0
2	216
3	304
43	189
8	246
0	214
0	242
0	82
0	138
2	90
3	80
0	3
0	3
1	249
7	818
0	408
9	845
2	853
4	521
10	659
1	520
19	82
5	32
0	74
0	43
0	30
5	70
0	70
18	97
0	97
0	4
73	921
19	921
1	3
16	94
1	939
0	939
0	824
4	114
1	144
22	82
7	126
5	70
23	2012
7	1681
45	1788
7	1825
59	1619
0	1792
12	1332
0	0
2	104
18	984
10	63
0	18
229	1693
13	768
21	1108
1	407
0	267
2	153
12	204
0	111
0	314
0	181
0	337
0	158
1	173
0	53
2	90
0	68
0	47
0	614
2	603
0	616
1	607
6	129
1	60
4	100
4	27
0	37
50	147
1	38
0	10
0	196
0	156
0	224
4	254
1	77
0	79
3	20
168	612
5	395
17	97
7	782
0	70
13	24
0	24
14	736
0	792
3	791
0	794
0	741
0	145
0	210
1	40
1	52
19	64
0	7
8	0
0	496
10	1504
0	1455
0	1370
4	1410
1	1465
0	1374
0	143
2	225
0	133
0	112
21	99
1	134
4	9
1	41
17	432
0	0
0	285
4	294
7	237
0	80
0	14
4	0
0	0
0	0
0	0
0	0
8	698
0	664
0	641
12	715
18	459
0	428
0	20
17	33
3	4
3	0
1	4
1	737
7	1130
3	731
0	1097
21	89
0	287
0	0
0	979
1	1069
0	869
1	1186
0	870
0	996
0	952
1	672
0	46
1	98
0	139
16	201
1	159
0	162
1	46
4	43
44	48
4	1177
1	1712
2	1004
6	1268
40	1098
1	743
4	1130
2	909
5	949
2	896
6	902
13	128
329	1552
0	1567
0	1598
0	1105
0	0
0	61
0	3
0	1
0	3
0	1
11	50
1	38
0	27
0	4
0	76
0	80
0	80
0	8
0	3
6	120
1	13
8	51
2	24
1	64
1	49
47	4691
0	4565
0	4575
52	4623
30	4246
79	4494
0	4518
8	483
0	382
0	4
0	0
0	0
0	0
11	1052
951	844
1	350
0	823
141	888
252	1068
3	975
0	158
0	187
0	0
29	176
0	0
0	0
0	156
15	174
1933	249
3	0
1	0
0	0
0	0
0	0
1	655
0	535
44	609
0	502
35	110
0	0
2	0
3	1681
0	0
115	2642
4	4
0	566
0	0
0	1207
0	744
4	1001
0	951
10	940
0	953
2	534
15	0
0	0
10	778
36	640
1	1740
4	462
0	1268
60	1521
1	152
83	289
2364	1531
12	890
56	1408
3	219
2	149
7	134
10	450
0	401
0	62
6	44
0	131
1	349
2	258
13	17
2	265
0	0
0	0
0	2
0	2
1	0
0	0
0	0
0	0
5	15
34	142
7	128
4	125
0	0
2	758
6	516
32	741
5	654
3	173
19	469
0	625
8	138
0	0
0	288
0	349
11	396
6	367
0	345
0	372
17	210
1	418
1	74
3	198
6	153
0	108
36	186
0	178
15	168
0	177
0	176
0	186
0	0
0	165
0	164
1	156
10	20
0	12
0	36
0	22
0	13
3	675
0	701
8	747
0	0
6	4
2	39
0	8
8	1
11	4
7	1984
0	1738
2	1670
0	754
0	46
0	37
5	35
0	4
12	0
8745	124
0	0
0	0
0	120
316	432
2	386
0	386
12	395
0	0
3	0
54	994
110	1033
0	71
17	359
35	180
2	182
43	41
0	0
0	0
0	9
0	9
0	0
0	0
0	0
0	1
0	1
0	1
0	1
0	1
0	1
0	1
0	1
0	1
0	1
0	1
0	0
0	1
0	1
0	0
0	1
0	1
0	1
0	1
0	1
0	1
0	1
0	1
0	2
0	1
0	1
0	2
0	0
4	0
0	0
0	0
0	0
0	4
0	5
0	2
0	3
0	5
0	3
0	0
0	3
0	2
0	0
0	0
0	9
29	0
0	0
2	625
0	1800
0	602
4	1814
2	1750
0	841
0	1763
1	217
0	237
0	228
6	798
0	1611
0	742
1	171
0	751
0	1734
0	505
5	209
17	102
0	200
4	200
0	154
6	123
0	156
0	147
1	167
0	4
0	4
474	2016
6	1606
7	648
1	381
0	433
0	5047
3	326
2	288
0	111
0	10
103	98
11	0
123	7087
1	4610
0	5946
0	5194
13	5319
47	1361
0	4574
18	2182
0	0
0	37
0	56
2	59
0	56
0	37
0	0
0	10
0	27
0	13
0	2
2	7
1	806
5	419
0	617
4	391
0	484
3	139
0	0
16	4785
52	4359
0	1493
21	1380
33	724
29	950
0	0
0	0
0	580
2	734
79	372
0	734
0	582
0	629
929	121
0	33
1	46
0	0
0	45
0	40
3	485
20	231
51	435
0	389
0	46
1	0
37	23
2	0
4	72
4	2172
0	2032
0	2171
3	62
0	2033
17	0
0	0
8	0
15	0
46	1637
18	143
36	77
4	22
5	1329
3	341
1	27
2	36
0	36
0	35
1	14
0	22
0	31
3	32
0	24
0	32
0	32
0	32
0	32
0	35
0	14
2	95
0	69
0	2
0	0
0	1
38	65
0	53
1	42
2	55
0	7
0	52
0	7
62	0
7	526
0	383
21	489
26	1
0	513
6	182
0	446
0	511
1	105
0	160
1	265
1	73
1	31
2	32
27	81
0	15
1	9
0	0
0	30
0	44
0	11
0	10
2	0
332	638
0	415
0	217
0	220
0	444
9	511
5	0
10	343
138	50
0	307
0	244
6	269
1	246
0	306
0	270
0	45
0	290
8	88
2	145
7	7
0	19
0	47
0	9
2	80
0	0
0	77
3	0
5	12122
168	11328
2	7128
0	4741
3	1691
0	4687
0	3100
1	9566
2	11270
0	3488
0	4127
8	323
0	9393
0	9188
0	3729
301	5788
0	722
0	714
13	739
79	701
0	345
55	45
0	21
0	0
117	14
0	0
0	1
0	0
0	0
0	1
0	0
0	1
0	0
0	1
0	1
0	1
0	0
0	0
0	0
31	3245
2	3251
2	3195
1	3045
0	1037
1	346
0	574
0	741
1	707
0	406
126	0
20	82
137	119
0	0
0	0
249	0
0	0
0	8
31	6
0	0
2	0
16	65
0	65
0	0
0	0
0	0
0	0
0	0
0	0
0	0
0	0
52	19
0	19
0	0
0	12
9	14
1	14
0	3034
9	3064
5	530
3	1406
108	19
131	488
0	711
0	288
22	7
3	723
22	696
0	464
45	12
0	1
0	1
0	1
0	0
0	0
0	0
0	0
3	0
25	2398
0	2413
0	2559
0	526
37	621
0	2407
0	694
3	2345
37	2
0	15
13	192
77	2833
3	1625
0	746
0	2162
3	495
4	1086
13	1176
1	1750
0	1936
11	0
17	1254
0	771
0	734
0	749
1	66
0	1011
0	888
0	1077
0	50
12	849
6	39
2	96
0	0
0	39
0	105
0	332
0	10
0	3
0	295
7	68
0	0
0	0
10	15
0	15
1987	79
17	79
0	0
0	0
0	0
0	0
0	0
0	0
0	0
2	0
0	284
0	618
0	2074
3	2082
0	69
0	565
4	1143
0	731
0	1926
0	1699
0	792
0	512
3	8
5	1191
142	32
0	491
0	1208
0	2806
0	2740
1	562
21	1949
9	550
308	554
12	31
0	726
7	255
15	230
0	165
0	385
0	715
0	326
0	726
7	49
0	642
0	559
75	433
17	43
1	0
32	45
0	220
0	10
142	31
14	6
0	2
0	2
0	0
13	0
479	5815
26	5979
683	5404
403	5
2	790
0	208
0	569
0	302
37	3974
10	894
1	2
0	2
0	2
0	2
0	2
11	8
3	2
0	2
0	8
0	8
0	8
0	8
0	8
0	3
0	0
3	0
5	390
0	0
82	1340
14	1340
23	316
12	70
0	6
0	0
0	66
0	66
0	10
0	1469
0	17
0	0
0	0
2	36
0	36
0	2
0	6
0	2
0	1
2	0
0	0
88	872
0	706
0	628
0	703
3	829
1	310
5	50
2	0
7	1072
34	1095
2	726
0	323
0	156
0	692
0	460
1	543
0	704
1	860
4	883
0	381
55	168
0	157
0	258
0	943
0	158
0	937
0	420
0	936
0	937
0	756
0	654
0	274
12	34
5	187
0	143
0	47
17	95
8	87
0	49
2	38
0	6
3	0
0	0
2	3890
38	1562
62	2177
19	1395
0	3658
1	3590
1	2234
0	2218
12	2453
5	3343
0	3822
5	3529
2	2879
3	1579
2	8
0	1129
0	1230
28	532
0	9
1	237
0	6
16	35
12	216
2	33
0	199
0	34
2	133
6	16
4	0
10	115
0	15
0	0
6	5
0	1
0	5
0	1
0	1
0	1
0	1
0	1
0	1
0	1
0	1
0	2
0	0
0	0
0	2
0	2
0	1
0	1
0	1
0	1
0	0
0	3
6	9
0	2
0	8
0	8
0	6
0	7
0	6
0	6
0	8
0	8
0	4
0	4
0	4
0	2
0	1
0	1
0	1
0	1
0	1
0	1
0	1
0	1
0	1
0	1
0	1
0	1
0	2
0	2
102	1282
0	188
0	801
2	485
1	4
0	963
10	210
0	0
0	0
0	1
0	1
0	1
0	1
0	1
0	1
0	1
0	0
30	582
2	582
0	465
21	421
0	0
0	0
0	0
0	0
36	728
0	268
1	668
6	24
79	2521
9	16
3	555
103	0
0	245
12	65
6	207
38	5
2	189
0	0
206	2372
0	664
0	1511
0	397
4	97
0	106
4	455
1	60
0	208
0	36
0	139
1	159
27	1508
3	11
144	185
0	325
0	180
0	23
98	848
1	43
0	21
54	68
11	10
1	0
0	0
0	0
13	71
0	68
0	54
0	9
0	16
0	4
0	1
0	0
0	8
0	6
2	0
9	0
0	0
0	0
1	4
0	4
18	2656
60	2568
0	2136
3	2348
0	100
3	157
0	882
5	550
1	2230
21	0
33	18
3	18
0	147
218	1494
1	914
6	648
0	603
0	502
1	379
0	49
2	165
0	641
0	157
0	163
2	130
0	82
0	77
37	41
0	32
0	5
0	0
41	1
0	442
8	12
0	0
0	433
1	430
0	440
349	192
0	0
0	0
0	429
4	452
0	102
78	61
0	61
0	8
494	3566
0	0
22	426
0	3225
0	1233
0	1526
0	1526
6	1097
1	1361
13	322
0	15
0	0
0	0
0	0
70	4
0	2496
7	410
30	2496
0	2271
3	35
0	2237
0	2462
0	2304
3	168
0	53
3	88
6	7
13	17
2	7
0	114
0	0
0	47
0	15
0	40
0	43
4	45
0	0
0	85
1	84
0	0
0	0
0	0
8	6
0	6
0	0
0	0
0	0
0	0
0	0
0	0
0	0
0	0
0	0
0	0
0	171
678	274
6	59
3	131
0	0
0	91
12199	0
0	0
0	0
0	0
0	0
0	0
0	0
0	0
3	1
0	1
0	3
0	3
0	1
0	1
6	21
0	2
0	2
0	10
0	19
0	1
0	0
2	0
0	1
0	0
0	0
0	0
0	16
2	16
0	13
0	262
8	8
89	8
15	2924
2	330
1	83
393	2925
2	1153
1	251
0	11
1	505
0	2
0	2680
136	2
13	840
190	653
2	488
20	0
10	113
1	1289
0	6111
37	5381
0	5451
0	5453
0	5729
0	5452
0	5464
0	4838
0	4838
0	5741
0	5698
0	5714
15	4017
5	4594
72	3450
0	5105
2	725
15	5282
99	0
14	6037
8	5148
593	1534
1	0
0	823
2	1272
0	3386
0	0
0	2085
0	1330
1	1199
131	643
0	0
30	695
0	631
0	660
0	396
0	309
7	46
0	25
12	31
1	58
2	24
0	54
4	33
0	16
3	0
3	3
412	515
174	710
12	409
10	125
2	251
22	0
123	0
0	0
0	0
0	0
14	0
0	0
556	498
20	25
2	456
1	13
24	490
0	318
0	0
131	0
1	426
0	15
1	287
0	282
0	259
0	237
6	50
5	23
49	715
0	710
0	704
0	708
5	403
13	286
0	172
0	17
0	193
0	182
0	177
2	77
0	463
25	837
252	948
0	967
0	642
33	576
0	576
0	111
41	55
107	18
0	0
0	1
0	1
0	0
0	1
0	0
0	1
0	0
0	0
0	0
0	0
665	374
5	374
3	120
0	10
0	0
0	0
2	0
0	53
0	53
0	46
0	47
0	46
0	0
1	0
0	0
9	653
0	182
0	31
1	173
0	48
0	25
9	617
3	79
19	47
3	0
5	21
8	40
1	61
1	58
0	45
2	0
0	0
0	0
0	0
0	1
0	1
0	1
745	34
0	29
0	31
0	0
6	10
1	10
10	1461
0	1511
1	114
0	38
14	76
155	647
5	472
10	455
1	442
9	319
1	167
0	0
37	11
52	0
0	2783
4	2827
1	2816
0	2964
24	1384
0	2058
0	1549
1	206
2	197
200	696
0	277
1	79
2	202
0	17
4	85
2	38
3	1115
98	1099
1	846
8	748
0	149
15	239
9	266
2	226
3	90
0	203
24	215
1	60
30	135
3	736
0	626
0	667
56	449
0	456
0	544
2	91
1	52
36	50
8	14
3	104
17	96
0	21
4	5
0	0
0	115
0	99
0	108
1	6
0	109
1	101
0	2
1	10
3	5
4	1
0	8
1	10
2	15
0	10
0	2
5	17
0	15
0	11
0	9
0	15
0	15
0	13
0	15
7	39
0	1
0	20
0	11
0	20
86	91
0	31
0	96
0	9
1	765
3	774
0	656
3	577
2	201
1	67
0	244
10	32
31	247
13	144
0	0
0	0
0	0
0	27
0	0
0	0
148	432
3	432
5	23
0	2
0	0
0	0
0	2
0	0
0	0
0	0
2876	1820
15	1812
1	552
4	0
33	30
0	30
0	6
0	0
0	0
0	0
4	938
0	908
0	61
2	24
2	23
0	0
7	7
0	0
0	0
1	0
0	0
7	388
0	0
0	382
0	28
1	54
1	436
0	435
1	465
0	435
0	192
4	105
19	620
1	446
0	71
1	443
14	17
39	215
0	138
7	194
1	58
0	112
2	47
0	94
117	95
19	22
4	7
0	5
0	0
2	3
1	6
0	0
3	3
369	9
0	9
16	0
17	388
1	403
1	56
338	26
1	26
0	0
0	0
384	52
0	15
8	52
0	0
0	0
0	0
0	0
0	0
0	0
0	0
0	0
0	0
0	0
0	3
0	3
0	3
0	3
0	0
570	179
0	0
0	0
0	0
750	186
3	7
0	12
387	166
4	153
6	42
5	6
73	325
226	319
1	41
0	23
3	0
0	0
0	815
1	761
0	743
62	101
14	191
1	775
5	122
0	722
0	605
0	532
32	34
0	87
0	402
50	511
5	413
1	358
0	341
0	11
12	222
2	32
7	134
0	146
9	147
0	95
5	4
0	14
2	9
0	70
0	17
0	17
1	2
21	4813
0	4450
7	723
0	4450
0	800
0	4774
0	100
102	27
9	759
0	972
2	996
0	394
35	367
0	400
332	402
0	651
42	747
0	709
0	709
11	999
28	1062
1	362
71	512
25	460
0	88
0	0
0	2844
77	2982
4	1801
0	791
5	979
1	95
61	0
10	90
0	90
1	3
0	6
0	0
0	82
8	408
1	408
0	128
4	12
1	289
1	3678
6	38
0	31
4	52
39	40
941	3618
2	1013
1	3259
476	5924
0	2639
29	254
2	110
482	1188
122	111
41	1007
1	40
3	96
0	368
1	227
7	1007
0	721
13	1008
20	405
2	70
8	305
5	331
0	0
0	0
1	409
0	14
0	343
5	278
1	290
0	78
5	26
0	0
1	0
24	19
0	19
6	18
0	115
45	1023
0	18
0	159
5	1023
0	155
8	221
6	152
0	117
2	149
0	555
4	81
1077	81
0	106
17	0
11	5765
9	399
1	0
69	5713
2	423
16	1931
0	1042
11	478
5	43
792	777
0	52
0	155
0	280
10	4
2	126
0	8
0	74
24	118
4	133
44	79
4	367
9	145
13	719
4	537
8	480
2	433
0	244
0	0
9	380
324	283
3	49
2	228
3	72
198	0
12	7877
0	10709
270	7881
2	9291
0	13105
39	7884
32	8402
56	10647
9	2180
46	572
0	1
365	870
0	750
0	75
2	142
10	125
0	0
20	274
0	0
213	104
15	104
1	0
7	0
144	14763
8	14751
11	14489
6	6394
38	6904
550	15606
2	4076
2	248
10	3147
0	3078
137	7703
15	2627
27	5373
32	6670
16	437
67	1424
0	0
179	378
110	336
4	42
0	0
0	0
0	0
3	77
0	415
1	415
0	480
8	3001
0	323
0	259
0	54
0	267
0	313
1	249
0	108
0	106
0	125
0	3302
23	3182
14	1970
7	561
2	13
0	769
0	1193
19	17
0	1217
1	1162
0	1188
4	149
5	57
1	102
9	40
6	114
16	73
0	73
0	75
0	75
0	75
0	73
0	75
1	39
1	2
0	7
0	2
0	7
0	0
0	1
0	1
0	0
3	9
3	10
0	10
0	0
1	5755
39	5771
63	5601
1	4108
21	1161
73	545
42	939
25	601
0	313
5	580
2	457
104	3023
22	400
3	488
36	219
6	112
0	112
2	4
0	77
12	5
0	20
2	0
1	11
2	238
0	8
0	0
0	0
0	235
6	85
0	94
10	90
6	97
0	97
162	159
6	39
0	120
64	255
6	142
55	235
0	81
0	256
0	17
0	33
15	1190
13	425
27	1093
2	1055
0	816
2	140
1	237
0	525
6	821
0	699
3	726
5	186
16	456
0	0
0	65
0	0
64	1078
0	19
2	1065
0	71
0	36
0	0
18	49
3	11
0	33
0	25
0	23
2	21
1	3
0	826
29	2436
0	684
0	1518
9	565
13	968
13	515
12	424
152	2624
0	1676
91	1362
6	382
0	0
0	0
54	2170
4	1855
9	1177
8	1740
2	1362
24	0
0	0
0	0
0	4
0	4
126	32
4	32
1	0
0	0
0	0
0	10
1	0
0	1
0	10
0	0
0	0
0	0
0	0
1	1
0	1
0	0
0	10
4	4
165	294
438	266
0	0
1118	267
12	266
478	31
12	0
17	834
0	834
0	0
15	2
51	528
0	2
0	520
1	1
0	0
0	18
0	35
0	44
2	7
1	26
1	18
0	0
0	19
42	116
1	116
0	42
0	723
323	741
0	416
5	140
2	164
0	12
0	10
0	10
0	10
0	11
0	11
0	10
0	10
0	11
0	11
0	10
0	11
0	10
291	189
0	0
22	148
7	63
0	413
0	286
1	800
0	2459
0	1374
14	2216
0	2191
16	150
5	24
0	25
0	27
1	17
1	11
0	284
0	4
13	521
0	521
8	520
1	361
0	361
5	356
1	168
60	260
0	192
0	57
26	9
5	9
0	0
203	1
3	1
170	1046
0	73
0	45
0	996
2	27
1138	17538
17	12324
0	17893
1	16965
0	0
0	0
50	892
9149	3114
20	1123
0	1
0	0
0	0
1	366
4	1
0	1
0	0
1	51
0	1159
0	1158
0	1159
1	35
0	7
0	6
0	1072
0	0
1	88
14	326
0	170
60	81
0	92
1	83
1	4
21	139
1	21
0	282
0	414
22	381
20	211
7	131
0	168
0	127
3	14
0	47
4	51
4	25
36	2796
66	2846
0	2861
47	2523
3	123
0	340
5	481
0	0
0	312
0	0
0	94
3	36
0	473
0	722
21	666
0	340
13	696
15	5
0	147
5	13
1	465
0	1760
0	1554
0	1759
0	1632
2	324
0	405
0	1603
0	1367
0	260
0	0
0	168
32	206
0	122
0	14
1	16
0	25
0	10
0	1
1	1
150	10
1	4851
0	4635
0	4709
0	4929
22	56
2	282
39	56
4	171
45	1363
0	665
3	1586
0	346
29	351
14	1084
172	7177
621	7801
1	7380
158	1913
270	1913
1	242
109	268
4	285
13	338
68	201
14	353
27	380
0	0
68	132
39	132
0	0
1	0
1569	1444
540	1458
2	0
6	89
82	0
28	36
11	295
1	71
0	67
8	269
0	200
0	253
0	242
4	26
0	9
8	232
1	3346
0	3159
45	350
0	160
24	2910
6	130
1	88
4	292
0	336
10	56
0	97
7	121
5	237
1	33
0	33
0	0
0	3
1	1
0	4
0	2
0	35
0	33
1	11
0	32
0	33
3	12
0	2
1	21
0	13
4	2
0	6
0	0
3214	2338
19	2338
103	515
3	499
3	198
2	43
20	1
0	1
0	44
51	44
1	10
6	15
7	30
0	9
3	15
2	8
0	43
0	247
137	245
4	36
0	0
41	123
80	1272
1	1165
14	38
0	232
11	0
5	200
0	0
4	9
0	9
0	1332
0	948
216	1447
0	1126
3	333
10	398
0	816
0	460
0	87
7	0
7	36
19	196
32	444
1	0
17	0
1	444
31	13
882	18
0	0
0	3795
9	4041
0	3240
0	846
10	1850
0	654
25	255
6	3421
2	3368
5	407
19	167
29	299
15	237
24	25
2	196
27	151
288	7286
67	7071
2	691
11	143
45	154
0	307
62	0
28	0
0	53
0	116
0	116
0	115
0	75
0	23
0	0
0	0
49	0
2	72
1	56
0	44
0	0
24	123
0	123
4	0
0	0
293	40
0	0
3	40
0	45
3	3
0	8
1	23
4	36
0	22
37	3668
13	1162
615	1879
100	3537
0	56
2	3493
0	1
0	0
0	0
0	1
3522	14250
149	14250
38	2873
0	0
0	0
0	1
66	276
3	297
3	296
0	170
348	22
326	46
0	0
124	0
102	1058
112	1061
18	50
17	49
0	6
0	33
384	194
0	187
19	337
10	246
1	332
1	341
239	387
5	239
3	34
0	58
7	58
13	66
8	0
0	0
0	0
0	0
0	0
0	0
0	0
10	352
0	360
0	0
10	167
1	110
0	357
52	22
0	357
5	345
0	20
0	26
9	5
2	0
37	0
0	0
0	0
0	0
0	0
0	0
0	0
0	0
6	0
0	0
0	0
21	854
8	671
3	432
0	300
1	79
8	39
1	14
0	74
7	41
0	88
0	143
1	95
6	299
9	41
1	111
0	256
1	205
5	100
0	63
0	24
0	41
7	12
0	2
0	4
4	5079
0	5032
0	5063
0	4683
0	5032
0	3082
36	2229
2	932
4	1123
53	977
2	962
5	244
0	0
2	0
0	0
9	0
1	0
1073	2
205	989
0	704
7	482
6	34
0	338
0	348
5	338
0	199
2	209
3	194
9	104
8764	4575
28	3359
15	1051
21	1252
1080	89
6	27
17	60
1	0
221	23
2	4
0	19
18	533
0	566
10	581
1	606
0	603
0	0
0	345
111	1900
13	1866
18	294
4	30
2	60
0	135
1	118
3	126
1	248
15	248
10	127
31	244
0	112
0	66
0	16
0	3
0	1
34	0
5	123
0	115
3	112
0	28
4	56
1	102
0	96
0	15
9	17
0	44
1	22
0	40
24	36
6	47
11	32
2	9
64	588
0	395
0	370
6	259
2	122
0	94
26	140
7	5
2	289
0	2192
0	19
225	306
1	335
0	2192
0	0
8	124
2	0
0	0
2162	1268
7	474
7	132
2	98
29	163
0	0
16	457
0	172
12	9
3	118
6	124
0	36
0	5
7	5
0	7
4	7
0	4
3	1
1338	49
8	49
0	0
18	0
83	28
2	28
60	2493
1225	3491
20	3710
0	978
90	844
9	1051
1	1152
16	1290
31	1294
0	0
0	1
0	0
0	0
0	2
0	0
0	3
0	0
0	0
0	1
0	2
0	0
0	0
0	2
0	0
0	1
24	6
0	43
1	0
21	66
0	104
6	111
8	0
0	43
0	43
0	0
2	1
1	0
0	0
0	0
0	0
0	0
1	0
0	1
0	0
0	1
0	0
0	0
2	0
0	0
0	0
0	0
0	1
0	0
0	1
0	1
0	0
0	1
0	0
0	0
0	0
0	0
0	0
0	0
0	0
0	0
1	5
0	1
0	0
0	0
0	0
0	0
0	0
0	0
0	0
8	147
20	225
35	251
4	102
0	44
8	57
4	537
3	706
0	698
0	616
0	67
0	204
249	182
0	0
0	0
0	0
0	0
0	0
0	0
0	0
0	0
0	0
0	0
0	0
0	0
0	0
0	0
0	0
0	0
0	0
0	0
0	0
1	0
0	0
0	0
0	0
0	0
0	0
0	0
0	0
0	0
0	0
0	0
0	0
0	0
10	18
243	438
0	1380
0	1385
0	1391
5	379
0	574
0	498
0	0
56	116
0	934
14	256
13	235
3	75
4	0
97	270
20	259
18	13
2	1
1673	0
0	0
69	38
2	22
2	16
640	608
4	598
14	206
16	293
83	290
0	67
4	158
10	107
12	4
4	107
0	107
0	0
0	0
0	0
0	0
4	1
0	1
0	1
0	1
0	1
1	36
0	2
1	36
0	1
2	3
5	3
0	16
0	0
0	15
1	36
6	40
0	17
0	5
0	0
0	0
0	0
26	649
18	615
0	165
1	6
1	144
0	1
4	594
0	39
3	17
9	0
4	15
0	0
0	0
0	0
0	0
0	0
0	0
0	0
0	0
0	0
0	0
0	0
0	0
0	0
0	0
0	0
0	0
0	0
0	0
0	0
0	0
0	0
0	0
0	3
29	0
0	0
0	0
0	0
0	0
0	0
0	0
0	0
0	0
0	0
0	0
0	0
0	0
0	0
0	0
0	0
0	0
0	0
0	0
0	0
237	2
2	0
0	0
0	0
0	0
0	0
0	0
0	0
0	0
0	0
0	0
0	0
0	0
0	0
0	0
0	0
0	0
0	0
0	0
0	0
0	0
0	0
0	0
0	0
0	0
0	0
0	0
0	0
0	0
0	0
0	0
0	0
0	0
0	0
0	0
0	0
1	23
4	23
0	5
0	5
0	13
0	13
0	6
0	0
0	0
0	0
0	0
0	0
0	0
0	0
0	0
0	0
0	0
0	0
0	0
0	0
0	0
0	0
0	0
0	0
0	0
0	0
0	0
0	0
0	0
0	7
0	0
0	0
0	0
0	0
0	0
0	0
0	0
0	0
0	0
0	0
0	0
0	0
0	0
0	0
0	0
0	0
0	0
0	0
0	0
0	0
0	0
0	0
0	0
0	0
0	0
0	0
0	0
0	0
0	0
0	0
0	0
0	0
0	0
0	0
0	0
0	0
0	0
0	0
0	0
0	0
0	0
0	0
0	0
0	0
0	0
0	0
0	0
0	0
0	0
0	0
0	0
0	0
0	0
0	0
0	0
0	0
0	0
0	0
0	0
0	0
0	0
0	0
0	0
0	0
0	0
0	0
0	0
0	0
0	0
0	0
0	0
0	0
0	0
0	0
0	0
0	0
0	0
0	0
0	0
0	0
0	0
0	0
0	0
0	0
0	0
0	0
0	0
0	0
0	0
0	0
0	0
0	0
0	0
0	0
0	0
0	0
0	0
0	0
0	0
0	0
0	0
0	0
0	0
0	15
0	0
0	0
5280	199
14	0
0	0
0	0
0	0
0	0
0	0
0	21
0	39
0	0
0	0
0	0
8	0
5	0
0	0
0	0
0	0
0	0
0	0
0	0
0	0
0	0
0	0
0	0
0	0
0	0
0	0
0	0
0	0
0	0
0	0
0	0
0	0
0	0
0	0
0	0
0	0
0	0
0	0
0	0
0	0
0	0
0	0
0	0
0	0
0	0
0	0
0	0
0	375
0	375
0	184
0	0
0	0
245	0
4	0
1802	237
2	235
0	0
0	0
0	0
0	0
0	0
0	0
0	0
0	0
0	0
0	0
0	7
0	7
0	7
0	0
0	4
0	4
0	0
837	10197
45	6278
0	6020
355	4
78	1879
1012	70
2176	695
58	691
0	1
1	19
1	19
413	0
14	933
166	1072
25	86
0	59
34	873
7	65
0	1
5	3901
0	3901
0	10
7	4
6	0
5	308
383	661
0	131
15	60
1	496
1	632
1	0
0	0
0	0
0	0
0	0
0	0
0	0
0	0
194	5
65	5
14	584
0	508
1	458
0	0
1	4
0	72
8	351
0	407
0	75
4	379
0	8
0	0
0	25
4	1047
24	1047
87	852
10	694
0	694
2	1057
3088	1065
73	178
0	0
0	37
0	34
0	0
5	266
0	256
0	103
0	57
0	43
0	42
0	42
0	19
0	19
0	7
0	7
0	0
0	0
5	0
8	78
16	7
2	61
1	66
0	0
0	0
0	0
0	0
0	0
2128	516
5	316
3	94
2	19
6	448
177	591
142	181
1	0
0	1
0	1
0	0
2	0
0	107
249	456
4	82
0	14
7	377
0	0
0	0
72	0
0	297
1	273
18	273
1	1184
2	62
40	176
0	1144
0	1144
0	30
1	1131
17	32
16176	21487
56	4700
0	3329
20	5603
21	4816
200	7338
43	4692
0	1507
0	1048
2	1028
0	1022
0	1040
0	1025
0	1011
0	754
0	504
1	0
16	127
0	379
11	393
22	325
0	274
0	272
0	245
0	287
0	241
2	251
0	154
3	151
0	169
0	105
0	19
0	33
0	20
0	1
0	1
0	1
0	1
0	0
1	0
0	0
1085	958
17	89
0	0
48	275
0	443
1	492
0	260
1	349
0	93
0	0
109	335
7	21
1	319
0	0
0	0
1	1
1	0
2	1
1	0
0	0
1	0
0	0
7	796
7	1037
0	195
0	556
2	171
1	56
0	139
0	53
0	123
3	79
0	0
0	0
74	587
4	124
0	265
0	3
7	347
48	25
2	173
62	3
5	1
374	0
1	2777
0	2933
2	81
5	2421
1	83
116	29
13	85
70	194
0	641
95	286
16	617
75	188
5	155
27	251
0	279
92	334
15	298
241	365
5	359
38	6
818	1238
72	316
3	922
0	0
0	0
212	832
0	548
2	532
0	434
0	224
0	182
15	202
5	22
84	817
1	231
12	767
4	315
18	13
0	205
2	22
3	21
0	16
0	16
0	417
0	431
0	366
3	453
1	420
20	52
0	37
8	47
0	15
0	21
0	11
7	27
16	5
3	26
0	49
0	0
1	0
0	0
0	0
0	0
0	0
0	0
0	539
3	360
5	512
11	486
0	60
25	168
0	30
623	619
12	477
0	34
1	0
6	46
0	0
2	128
0	4
1	0
0	3
0	2
0	0
0	1
0	0
0	0
0	0
0	0
1	14
10	17
23	17
0	0
0	0
109	0
0	7
0	618
0	608
0	173
8	546
4	255
17	58
0	44
1	119
0	35
7	28
981	344
1	209
3	50
7	136
0	0
27	930
1880	930
23	2838
97	2838
0	891
8	147
4	755
0	766
1	37
5	1036
12	284
15	428
0	951
0	73
0	750
2	207
34	514
0	574
10	592
6	122
5	98
14	739
7	586
18	566
0	389
0	110
3	392
2	1018
0	154
0	866
125	1276
3	630
37	1276
0	964
13	588
11	783
67	1889
12	1889
3	61
79	1267
24	1267
0	297
3	116
0	5
3	5
0	3
148	860
1	789
4	147
3	111
6	104
5	0
275	0
1381	1031
28	1031
0	389
16	262
457	802
0	800
1	64
15	72
385	0
0	0
0	0
427	3255
2	84
134	3141
0	3344
7	2
6	161
3	1
5	2032
7	0
0	0
1	0
12	155
111	235
3	137
6	125
0	0
5	211
8	346
10	350
155	60
2	20
0	48
0	343
0	348
0	103
0	53
0	39
86	245
15	3
7	3
0	14
0	14
0	13
1	0
0	0
0	0
0	0
63	227
799	227
6	196
54	699
1	699
73	196
3	16
2	315
1	1365
0	8
1	1369
0	1353
0	1359
2	348
1	4
19	10
0	4
0	10
249	0
0	356
91	226
0	1387
0	47
4	86
0	119
0	508
0	137
0	60
635	0
50	647
43	176
6	56
31	164
500	716
2	747
13	28
17	0
496	614
7	9
7	191
0	23
4	604
13	636
11	393
4	412
14	0
0	20
0	21
0	7
0	6
3	2
3	0
10	56
0	2
3	0
0	0
0	0
0	0
0	48
2	0
0	0
23	487
0	3
7	487
31	139
0	3
7	15
0	16
0	16
2	16
0	36
1	487
0	380
0	21
2	6
9	57
0	121
17	176
0	176
0	83
0	26
8	62
5	62
0	44
0	8
0	0
0	0
51	936
3	877
0	917
0	950
0	81
8	12
6	2
5	109
0	0
0	0
0	0
0	0
0	0
0	0
0	0
0	0
0	0
0	0
0	0
0	0
0	0
0	6
0	6
0	3
3	1
0	1
1	13
7	13
0	0
1	0
6	6
0	3
0	3
0	5
0	4
0	0
0	3
1	5
0	2
12	4
17	5
0	5
0	3
0	81
45	75
4	59
0	29
0	1
0	1
0	0
0	0
0	0
2	1051
0	1068
0	1054
1	371
0	348
0	228
3	175
18	51
0	108
0	116
11	47
7	38
114	22
68	544
8	559
13	49
3	0
494	3
0	3
3	3
1	2
0	0
0	1
0	2
134	154
0	146
0	16
0	20
0	141
0	9
1	0
0	0
0	0
2	0
8	0
0	0
0	0
0	0
0	0
0	0
0	0
0	0
0	0
0	0
0	0
0	0
1	0
6	90
0	626
11	596
3	373
4	315
3	18
0	19
211	255
1	255
4	148
4	22
0	6
0	2
0	7
0	1
0	0
1	1
0	0
0	0
0	0
0	0
0	0
16	473
0	371
6	212
0	0
0	0
0	0
0	0
0	0
0	0
0	0
0	3
0	3
0	0
0	0
0	0
0	1
0	0
996	1446
128	1446
1	227
4	1021
0	1004
2	967
34	509
32	344
16	328
0	0
2	151
2	43
99	65
0	0
0	0
0	0
0	0
1	312
0	313
1	229
0	221
0	191
17	214
1	204
0	11
15	0
37	0
36	0
11	0
28	0
0	34
1	33
0	7
22	36
0	2
32	1
5	0
6	0
4	0
4	0
0	0
0	3
0	0
1	3
1	3
0	0
0	0
0	0
0	0
6	0
97	26
0	26
0	0
0	0
0	15
0	0
0	19
37	51
24	51
0	1
3405	39
166	37
0	0
1	0
0	58
2039	461
0	250
0	0
2	83
2	105
1	105
0	76
299	9
1	9
1	7
1	0
0	0
0	0
0	0
0	0
0	0
0	0
0	0
0	0
277	0
0	25
0	0
0	0
0	0
0	0
0	0
0	0
1	1
0	0
24	125
0	123
0	2
0	8
0	0
0	0
8	2
0	0
0	0
0	0
0	70
0	1
0	0
0	0
0	0
0	5
0	6
15	6
0	2
0	0
0	0
0	0
0	0
3	309
0	326
6	218
0	0
10	38
47	43
0	0
18	0
0	0
1	0
313	5
8	75
169	66
11	24
0	13
2	192
0	192
20	0
3	0
3	246
41	13
46	246
1	6
0	15
0	3
0	4
0	14
0	3
2	2
0	5
0	0
16	6
0	0
0	6
0	0
0	0
127	1337
12	1387
39	90
103	547
0	393
98	1391
0	1046
0	1069
4	582
3	1090
30	260
33	515
0	107
1	0
607	624
0	624
135	14
97	507
48	507
0	61
173	1353
30	900
0	1373
20	230
3	94
3	408
0	367
26	957
6	919
21	922
1	13
85	662
0	1
21	68
4	7
0	135
14	40
5	9
1	121
0	2087
114	2483
29	2136
0	9
0	9
146	0
38	183
18	183
77	3
618	1
0	0
1169	169
2	169
8	2
84	1229
69	1361
48	589
0	0
1	0
0	0
2121	14
552	2
2525	353
0	315
0	0
0	0
3	1696
0	1620
2	1545
0	1621
0	151
2	28
7	153
20	195
22	1353
1	1239
1	41
0	1
8	723
8	3501
35	3555
68	3812
9	154
0	17
0	0
0	173
0	1641
1	164
5	131
11	46
2	242
3	120
4	70
0	257
4	30
0	25
0	561
47	554
3	2
1	57
41	24
0	0
338	0
0	17
77	136
0	254
0	672
99	1359
0	122
0	155
1	212
46	37
0	194
1	846
201	196
4	81
8	403
31	228
2	185
0	144
11	524
16	2029
2	65
0	2157
1	273
154	127
283	1648
2	376
16	194
3	39
16	167
2	206
186	890
0	774
6	564
0	97
0	196
4493	126
79	2089
409	2085
1	0
9	43
1	43
3	240
3	1799
1	1753
141	330
15	42
5	731
0	166
0	11
3	408
6	404
1	11
0	4
73	929
44	567
0	490
26	413
0	0
0	0
52	0
24	443
80	673
41	775
0	585
5	7
1	7
0	212
1	203
3	4
6	35
62	32
0	0
5	1
0	1
1163	361
4	9
0	225
0	239
789	0
1	0
782	3
13	3
1	173
139	174
2	101
2	0
1454	0
7	6
834	2239
15	2105
0	493
17	162
0	151
0	0
0	0
0	0
240	206
0	73
0	90
3	67
0	100
29	28
5	1508
14	1634
101	904
71	741
1	117
15	81
6	95
1	7
1	7
0	0
0	7
28	25
1	0
362	0
6	18
0	22
0	19
1	9
0	1
123	0
0	0
1	0
15	0
2729	596
0	64
0	164
0	368
0	0
225	1713
4	1640
1	1754
9	168
7	1595
9	1583
0	1482
3	126
0	1143
7	424
4	387
1	150
24	148
0	0
2	369
2	404
0	369
2	15
4	104
51	849
7	25
1	162
0	65
4	849
0	0
0	0
0	0
0	0
0	0
0	0
0	0
0	0
0	0
0	0
0	0
0	0
0	0
0	0
0	0
0	0
0	0
0	0
0	0
0	0
0	0
0	0
0	0
0	0
1	38
0	0
1	0
0	0
6	50
0	0
0	0
0	0
0	0
0	0
0	0
0	0
44	398
2	259
1	139
0	0
0	0
0	0
0	0
0	0
0	0
0	0
0	0
0	0
0	0
0	0
0	0
0	0
0	0
0	0
0	0
2	16
0	0
0	0
0	0
0	0
178	8
3	8
150	965
0	642
3	965
0	553
0	0
0	0
7	44
7	44
29	2
0	0
3	25
0	0
0	0
0	0
0	0
0	148
3	0
49	624
6	729
0	898
7	369
0	3549
0	3446
0	3300
0	3396
117	1290
0	0
0	0
0	0
0	0
0	0
0	0
6768	695
5	95
0	623
1	0
0	0
0	0
0	0
0	0
0	0
0	0
0	0
0	0
0	0
0	0
0	0
0	0
0	0
0	0
0	0
0	0
0	1
0	0
0	0
2742	2555
18	2555
0	3
0	3
1645	51
0	44
1	49
0	29
6	280
3	2468
23	2453
2	1932
1	374
0	89
37	83
0	394
0	1689
13	288
14	141
2	69
496	4177
25	4177
0	2749
3	664
0	264
0	218
9	218
7	2
2	2
7	0
0	0
0	0
0	0
19	758
3848	873
4	112
1	58
1893	606
4	20
0	54
9	52
1	454
0	526
0	0
79	383
12	155
4	190
0	87
9	32
449	2638
0	2638
0	0
10	822
2	515
0	0
123	599
3	30
14	578
4	9
0	28
13	180
2	117
3	74
0	67
0	426
2	24
37	435
0	354
0	453
13	0
12	0
0	24
0	0
0	0
0	0
0	0
0	1
0	1
0	0
1	783
0	765
4	631
2	559
2	35
15	123
0	60
0	57
0	34
1	57
0	5
9	0
0	749
0	749
20	0
18	3
3	16
0	0
2117	0
0	0
93	852
3	994
14	141
0	4
0	0
0	0
8	716
0	14
0	0
1	178
0	0
1	0
0	0
25	0
0	118
0	0
0	0
0	0
0	0
0	0
444	158
0	140
0	18
228	227
0	225
1	149
2	0
0	54
1	42
0	0
0	0
0	0
0	6
0	6
0	9
0	9
0	0
0	0
1	1
0	1
0	2
0	0
23	2
4	0
8	73
42	106
14	1074
4	1081
46	506
0	1077
0	1081
0	970
14	867
0	735
4	737
0	856
1	803
0	121
3	475
0	183
33	0
0	21
1	97
0	0
11	551
0	0
2	0
6	977
4	977
42	977
5	0
43	67
0	67
0	0
0	0
0	0
0	0
0	0
0	0
0	0
0	0
0	0
0	44
0	35
0	3
0	4
0	13
0	27
0	6
0	37
0	20
0	23
0	20
1	24
2	5
0	4
0	20
0	41
0	22
0	9
0	22
37	0
52	0
1	0
0	8
1	0
0	1553
108	1841
2	1498
36	1538
4	1538
0	822
7	350
61	562
0	166
5	160
353	184
0	118
4	2
0	0
1	3
6	3
5	44
12	0
0	0
0	0
0	3
13	0
961	9465
6	8244
0	6721
89	2188
1	2413
35	1958
175	4560
0	3959
0	3959
0	3959
3	3957
28	3588
0	2493
7	1089
0	688
9	332
11	182
0	2
15	1477
0	1375
0	1432
147	719
0	47
48	68
0	195
3	0
0	0
33	258
27	238
6	29
415	873
3	174
0	873
25	36
8	0
0	128
9	117
0	106
42	61
6	103
0	602
1	581
1	586
0	596
0	15
0	65
1	0
2	4
0	14
0	27
0	0
0	0
0	0
0	0
0	641
2958	900
40	2
0	123
0	164
23	0
79	27
81	2
14	0
2	15
48	0
35	0
0	0
0	39
65	0
28	52
0	0
10	349
0	218
0	276
0	0
19	92
10	0
0	0
0	0
0	3
0	7
0	7
0	3
0	102
0	102
51	28
0	0
0	0
3	1330
519	1579
0	0
18	93
0	213
0	0
21	166
0	0
0	195
2	2
0	421
0	76
0	88
4	332
2	24
0	0
0	24
1	23
1	7
0	0
0	0
0	0
0	55
12	0
0	74
0	127
0	121
0	55
0	115
0	129
0	101
0	129
2	141
0	190
3	242
33	173
0	97
0	93
0	11
2	26
0	1
19	13
3	0
1	18
3	19
1	0
0	0
5	0
0	0
178	1507
8	1510
12	311
19	0
4	1
1084	5
0	3
0	0
0	0
5	12
43	228
934	481
1	391
0	240
0	0
0	0
2	178
0	0
1	0
893	594
5	594
0	0
0	5
0	3
0	0
0	2
0	0
0	2
0	0
0	0
0	0
0	0
9	50
272	54
2	0
0	1372
3	4683
727	4679
0	4058
7	205
42	81
19	286
0	209
0	327
32	0
0	413
0	247
0	242
5	107
19	0
0	0
213	4
12	92
90	88
7	43
0	21
68	13
0	0
0	0
113	14
208	1106
2	778
0	914
4	781
2	567
0	556
5	135
0	1
1	169
95	108
10	5
68	558
0	522
0	264
0	522
0	267
2	4
0	0
1	7
0	0
6	1031
1120	1038
3	684
65	532
0	136
0	320
7	470
0	430
0	89
0	63
0	385
14	73
0	124
25	21
576	1396
9	1347
0	1316
8	4
0	76
174	1703
7	1683
1	1148
0	249
2	2
1	3
0	3
0	2
14	15965
0	15318
7	15302
0	15106
32	1440
133	14953
1	212
55	275
12	31
0	0
0	2967
16	133
1	1194
91	3019
0	756
27	494
0	586
5	377
0	1
21	3182
0	551
264	145
2	790
0	567
0	91
5	482
0	64
0	287
1	120
0	20
1	0
0	0
1	34
0	0
0	0
0	0
0	0
0	3035
0	3219
0	25
9	0
1	0
1	1487
0	3041
51	2896
7	115
0	6
27	906
3	4
2	4
3	201
5	197
1	12
1	0
0	13
51	766
10	756
14	42
0	104
29	59
0	0
0	0
0	0
0	0
0	0
0	0
0	0
0	0
0	0
0	0
1	22
0	0
0	0
0	0
0	0
0	0
5	0
892	1422
1	196
0	1124
0	161
2	291
0	0
0	101
1	351
3	518
0	634
0	784
1	708
0	579
38	202
19	77
2	0
0	0
6	113
1	15
0	15
0	0
0	0
0	0
1974	1391
0	1387
5	249
0	0
0	0
84	1529
0	403
0	396
0	1141
0	130
22	693
6	36
0	45
389	129
24	2
2	46
415	17
2031	303
6	79
0	0
13	217
18	30
0	0
0	0
0	0
0	0
17	234
21	234
3	0
342	1443
0	1443
4	27
2	4
0	150
2	605
16	510
2	256
2	31
4	150
0	238
0	32
4	162
0	1850
0	1979
0	1603
2	857
47	285
0	279
4	278
48	310
0	0
72	228
0	228
0	56
0	0
0	0
754	221
0	221
9	0
0	11
0	20
1	153
27	153
0	12
3	12
0	12
0	1
4	0
0	2
0	13
4	13
1	0
0	0
0	0
0	0
0	0
166	2000
111	1306
0	1841
156	1185
0	1532
0	49
1	240
96	169
13	205
1	0
0	1772
3	1644
44	1551
129	384
0	0
226	711
585	584
107	199
1	3
0	0
622	91
0	91
4	0
21	2868
4	2407
8	2305
10	1551
30	2258
2	2354
3	1805
40	334
4	1
0	1
2	16
146	16
3	1170
0	1242
7	0
41	784
11	38
2	2
3	126
0	126
0	5
0	5
0	0
0	2
0	1
0	1
1	0
1	0
0	0
0	0
0	2
0	0
0	0
889	998
60	998
0	1
0	1
0	1
0	0
0	3020
31	1033
85	2229
86	3078
0	3140
118	0
2	126
7	50
0	0
0	0
1	0
0	0
0	1
4	0
11	148
2	146
0	0
0	0
1	0
1197	1489
2	1471
0	1449
0	1409
0	1408
0	0
57	1131
0	0
0	0
0	76
0	0
0	0
0	0
0	0
0	500
0	0
0	0
0	0
0	0
0	0
0	0
0	0
689	783
5	121
0	365
0	545
0	0
0	24
12	4346
1	3890
0	3800
0	3965
4	2444
30	2483
285	4677
3	4058
5	2105
0	1788
2	33
0	33
0	736
33	673
38	778
25	694
57	686
1	5
1	255
1	219
10	27
0	9
0	5
1	6
1	0
8	2
1	1
13	34
6	34
10	0
0	0
7	0
2	0
0	0
10	6
2	6
5	0
61	0
0	0
0	0
72	9
0	9
1	23
0	16
3	1
0	18
3	0
6499	4
0	0
360	1181
2	294
3	41
43	424
0	0
1	62
0	14
0	0
31	551
697	402
8	392
0	0
0	0
6	10
0	0
0	0
186	2
0	2
26	133
0	99
0	53
1	29
1	62
11	71
0	62
1718	1132
0	238
0	127
4	100
43	606
100	654
0	514
0	0
0	0
0	0
0	0
0	3
0	15
16	18
6	1779
388	1954
1375	1986
6	1771
0	1780
1	1775
0	1780
0	1784
16	0
136	680
8	461
0	839
20	309
1	165
26	106
85	53
3	53
53	22
3	41
0	0
0	0
0	0
0	0
0	0
0	0
0	0
0	0
0	0
0	0
0	0
0	0
0	0
0	0
0	0
0	0
0	0
0	0
0	0
0	0
0	0
0	0
0	0
0	0
0	0
0	0
0	0
0	0
0	0
0	0
0	0
0	212
412	320
0	92
0	187
8	0
2	83
274	564
0	156
0	484
42	5
3	0
1	69
10	34
3	0
0	0
0	0
3939	134
52	0
2	116
0	0
0	0
0	0
0	0
0	0
0	0
0	0
1487	374
1	172
76	0
1	208
569	0
393	623
7	0
0	623
0	0
7	46
898	162
26	162
56	1
0	0
0	0
36	2048
9	2042
0	512
3	264
6	144
11	40
0	13
45	52
4	63
0	18
24	53
6	2114
3	72
18	1203
28	69
0	858
0	899
1	185
0	64
0	0
0	11
2	0
0	839
0	1
0	1
0	1
0	0
0	1
3421	10089
8	8314
32	6530
26	4778
0	2869
0	0
3	10
1	10
5	0
0	0
6	0
0	0
0	777
0	50506
83	6704
36	9929
135	50481
607	1006
17	106
8	910
0	122
1	74
0	102
3	0
0	0
0	0
0	0
0	0
0	4
1582	238
0	81
0	156
0	2102
49	2086
0	1193
0	1388
3	365
6	3
0	0
0	0
0	0
0	0
0	0
0	0
0	0
0	0
0	0
0	0
1029	376
0	41
51	176
0	363
591	454
26	3
2	0
0	44
0	49
5	88
0	319
5	59
0	42
0	0
9	701
5	701
0	697
0	540
7	540
0	0
0	0
3	2
0	2
0	2
2	0
0	0
0	0
0	0
0	2
0	0
0	0
0	0
0	0
9	1336
0	0
0	1008
4	1276
0	242
0	861
0	279
0	149
0	246
1	698
0	54
0	675
0	146
6	972
0	35
0	23
0	33
0	889
0	0
5	57
0	47
14	2
0	0
0	479
3	0
3	112
0	54
138	37
22	412
22	420
39	0
0	0
179	337
0	0
0	0
0	0
0	0
0	0
0	194
0	0
0	0
0	4
0	0
0	0
0	0
0	0
0	0
0	0
0	0
0	0
0	0
0	0
0	0
0	0
0	0
0	0
0	0
0	0
0	0
0	0
0	0
0	0
0	0
0	5
0	5
0	0
0	4
0	0
0	0
0	0
0	0
0	0
0	0
0	0
0	0
0	2
0	0
0	6
610	389
52	457
38	273
11	73
16	11
1	56
1	39
0	0
0	31
2	31
0	6
0	0
0	1
22	0
260	0
67	1
1	0
3	3
71	46
0	0
0	44
0	0
0	0
0	0
0	0
0	0
0	0
0	0
6	200
0	207
0	194
0	301
0	308
0	305
0	303
3	128
0	227
0	192
0	77
1	155
0	166
0	52
5	125
1	125
0	37
2	16
0	131
0	130
0	133
0	129
0	29
0	132
0	22
0	23
0	25
0	27
13	110
0	66
0	63
0	39
0	40
2	11
0	11
0	0
10	28
0	30
0	5
2	3
85	3
12	1207
2	1255
0	231
1	1425
0	720
3	117
2	64
0	0
0	0
1	1
0	0
682	0
0	0
0	0
0	0
0	0
0	0
0	0
0	0
0	0
0	0
25	544
0	0
49	179
0	176
1	114
6	26
59	34
8	5
0	33
0	1
3	0
3	826
2	953
12	894
2	287
108	18
0	526
3	0
0	0
0	0
3	79
328	913
0	882
0	5
0	0
111	6128
13	909
28	985
23	5478
1	157
94	5547
33	10
0	6023
72	5239
0	4978
0	5867
0	3116
8	172
0	157
9	941
13	0
2	143
1	142
6	1
0	0
0	0
0	2
13	1
0	1
0	0
0	11
4	11
10	0
1	1
0	1
35	0
6	0
470	745
54	45
1	174
0	292
1	258
13	18
1	101
0	87
7	494
84	5
0	0
0	0
0	575
0	0
7	0
145	3369
0	3609
0	3489
3	3520
0	2206
0	2067
20	49
0	270
1	131
0	241
14	29
6	1234
3	205
0	105
120	94
5993	10679
48	4019
51	4121
0	0
0	5892
15	522
67	197
1	0
10	155
1	1780
0	0
0	0
22	1405
68	1497
4	165
12	92
1	0
28	0
0	0
0	0
0	0
0	0
0	0
0	0
0	162
0	15
1493	1360
0	36
1	555
0	1061
0	2
0	2
0	7
212	86
0	47
0	22
1	16
4	0
0	0
0	0
0	0
0	0
0	0
0	0
0	0
0	0
0	0
95	949
18	577
6	372
37	359
0	293
23	283
12	306
1	140
3	8
1	73
6	112
0	89
0	0
5	33
0	0
234	1
0	0
0	0
0	0
45	0
0	1546
4	58
0	2599
0	1193
0	82
85	2846
6	249
0	2327
9	1455
10	529
1	1064
6	349
2	639
5	392
10	248
0	260
3	0
5	11
0	0
0	0
0	0
3	23
0	0
0	7
0	0
0	0
0	0
0	0
472	0
0	0
0	0
1406	2343
0	2199
0	1352
0	1233
17	241
78	0
0	0
0	0
0	0
0	0
0	0
0	0
0	0
0	0
0	0
204	1389
0	1389
18	14
18	0
12	0
0	0
13	0
0	0
13	0
0	0
4	118
0	0
0	0
164	1030
2	148
1	113
10	150
2	147
87	423
6	856
1	68
1	437
14	28
15	87
14	41
0	167
252	1694
2	1421
13	50
40	204
43	492
1	281
2	23
0	269
20	29
13	43
1087	4482
9	455
0	4096
161	138
180	0
40	31
17	1391
85	0
22	0
0	2723
0	0
0	0
0	0
0	0
0	0
0	0
6	15
32	41
0	0
0	22
0	0
0	5
0	3
0	18
0	0
0	4
14	1951
10	1915
0	795
0	848
10	867
1	168
1	201
0	130
29	18
651	190
2	190
10	12
3	10
0	0
0	33
11	58
1	58
0	3
0	4
3	0
3555	5542
0	3716
0	1281
23	1421
0	0
13	2329
1	0
0	0
0	0
0	0
6	2605
0	0
0	0
0	0
18	20
28	22
3	22
0	50
892	241
143	155
5	58
7	49
23	47
0	0
7	1550
5	1342
90	0
28	1478
175	308
18	106
0	1634
6	175
0	190
3	259
8	146
24	2
0	0
34	1
73	1
137	1151
5	1089
0	0
11	916
112	0
0	21
10	138
3	169
4	166
0	100
1	22
9	32
0	41
2	9
69	3512
0	260
24	2970
76	817
150	64
1	563
34	485
0	643
0	492
0	103
18	1484
1	409
352	215
6	305
1	132
1	254
0	407
0	0
26	408
25	956
3	249
44	907
1	107
5	141
105	244
2	240
4	34
0	107
0	120
4	15
19	1239
1222	1604
17	68
0	0
0	271
94	246
3	277
1	17
0	132
0	113
0	51
0	22
6	7
1	14
1	2
31	1
856	7435
8	1
0	1
1	0
352	7435
0	0
0	88
1	148
0	172
0	0
14	17
21	183
0	173
0	0
0	39
0	0
2	11
0	0
0	0
0	2
0	2
0	0
0	2
0	0
0	2
0	2
0	2
0	428
1	582
0	411
0	411
0	411
2	386
4	398
0	413
4	413
0	343
1	363
2	382
0	289
0	81
1	180
0	98
0	92
0	103
0	68
8	0
14	159
0	128
0	0
0	58
4	29
0	0
0	73
21	0
3	0
681	390
0	89
2	54
0	149
0	114
10	13
6	176
0	1
0	0
0	1
0	0
0	0
0	0
0	0
0	0
1	0
1	0
22	513
3	220
4	490
3	1
2	55
0	24
0	15
57	0
0	0
0	0
0	0
0	0
0	0
1	13
0	0
4	13
29	2295
0	2712
0	1868
4	2818
0	2357
1	1069
92	77
0	640
138	785
23	257
0	2728
7	20
60	0
0	9
0	4
0	4
0	1
1	7
0	1
0	0
19	435
0	435
0	0
0	0
41	116
74	128
0	90
0	81
2	51
23	33
1	0
5	27
1	0
0	0
0	0
0	0
0	5152
55	5152
0	984
0	984
0	984
0	984
0	984
0	983
0	983
77	903
1	24
7	529
5	0
0	0
0	0
6	439
0	0
0	2
0	0
0	0
0	0
0	18
42	259
0	257
0	0
18	2
0	0
0	0
0	0
0	0
0	0
0	0
0	0
0	0
0	0
0	0
0	0
0	0
0	0
0	0
0	0
0	0
0	26
0	0
0	0
0	0
0	0
0	0
0	0
0	0
0	0
25	35
1	34
0	4
188	6710
0	6851
42	2208
0	5580
0	0
0	0
0	0
0	0
28	3
2	2
1	3
243	0
0	0
84	86
3	86
0	1
10312	4244
309	4223
9	3187
4	0
648	0
4	219
2638	2
2149	1770
214	0
0	0
167	559
0	1774
0	28
26	192
36	192
0	726
0	763
6	701
1	713
12	488
262	470
0	59
5	111
1197	111
0	2
256	775
13	777
0	0
0	0
0	0
0	0
0	0
0	0
0	0
0	48
0	48
1	5
0	1
13	5
15	5
0	0
0	0
0	0
0	0
0	17
1	0
0	17
0	17
0	2
0	3
3	6
0	2
0	5
0	5
0	1
0	0
0	0
0	0
0	0
2	16
1	47
238	572
61	323
1	524
5	274
11	6
14	0
11	0
1	0
11	108
13	0
92	0
0	1584
0	474
122	298
18	1303
3	7
0	0
26	1615
35	75
0	403
0	0
0	2
0	81
144	299
11	107
2176	238
4	33
36	6
6	6
512	0
1207	752
3	750
70	37
0	0
3	972
0	792
0	189
1	177
4	4195
14	4195
28	486
0	4195
1	578
0	612
26	0
23	55
11	23
1	0
0	0
7	240
2	189
1	30
0	36
3	254
539	266
0	310
114	208
0	0
412	188
0	188
0	60
0	0
0	33
28	1449
5	208
0	1244
83	372
9	183
9	28
7	93
67	383
3	383
0	0
3	4
0	0
0	483
0	483
8	482
0	0
0	16
8	194
321	194
2	126
0	382
6	38
21	95
0	382
0	406
0	158
0	102
2	0
66	132
0	119
0	91
0	92
1	55
0	4
13	0
0	1
0	13
0	0
0	0
7	4
0	0
0	1
0	0
0	1
1	1
0	0
0	0
0	0
0	0
0	0
0	0
0	178
0	0
0	0
0	0
5	91
0	0
1	0
0	0
0	0
0	0
0	0
0	0
0	0
0	0
0	0
0	0
0	0
0	0
460	4
2	2487
26	1827
18	2044
4	2320
1	2
0	0
0	0
0	0
1	0
0	65
1	70
3	77
0	8
0	11
0	0
0	0
180	0
0	0
0	0
0	0
2	317
1652	317
4	0
0	32
0	886
0	850
60	491
11	867
2	50
76	21
0	14
0	0
2	409
0	1371
10	342
0	1304
6	1242
7	0
224	156
1	156
58	280
0	774
24	774
1783	855
438	580
2	0
102	24
2	65
227	2
2	211
0	35
491	530
9	246
0	116
8	15
0	165
14	0
0	12
2	65
12	31
0	154
0	93
6518	11
0	11
1	0
0	1
1462	1834
0	1447
35	1731
6	58
1	209
0	256
35	236
0	0
0	0
0	0
0	23
0	23
0	4
0	3
0	2
0	2
0	0
0	0
0	0
9	0
56	113
66	296
4096	261
57	1110
2	1110
1	150
0	0
0	1
0	1
1	0
0	0
12	422
18	616
8	636
17	585
0	105
84	315
0	0
0	0
0	0
0	0
33	266
1	259
0	28
0	0
0	9
0	9
0	0
17	1595
9	977
7	1457
89	35
44	516
0	0
0	0
0	23
0	23
0	3
13	23
0	0
2863	923
13	728
2	419
20	536
0	12
6	586
34	573
2	154
4	63
3	0
1	0
0	0
165	11
6	11
40	0
197	215
5	52
2	35
0	39
0	35
0	27
54	54
0	0
0	0
1	2
0	0
0	0
0	0
12	0
0	0
61	2323
0	6688
2	6861
14	1120
2	204
235	20
3	623
1	1776
22	190
1	278
0	390
129	439
18	479
4	274
1	427
1103	414
0	175
0	177
0	94
0	94
0	3
2	3
1	3
0	3
121	1557
43	1496
12	92
1	172
2	345
0	155
15	42
4	136
48	0
11	158
2	180
0	166
367	274
0	0
0	0
0	10
2	10
2	3
0	2
1	34
0	34
0	1980
3	1838
253	1690
27	1706
225	1618
67	314
0	263
77	6
2	923
12	934
0	794
3	923
1	57
0	200
37	737
487	956
4	231
9	525
4	70
0	195
0	38
0	0
58	26
62	0
22	128
5	122
16	4
2	15
8	6
0	0
0	15
3	0
1	0
1	0
0	1157
3	1158
0	1137
147	3531
8	3102
90	735
77	116
171	0
0	0
64	728
88	0
53	836
0	836
5821	0
8407	1041
19	284
20	256
0	0
0	0
22	20
9	496
0	0
0	0
0	0
1	0
0	0
5285	14908
40	3132
127	5475
12	5949
0	1607
0	12572
6	11
1	11
0	7
3	1401
22	472
56	1039
57	260
25	298
0	0
3	583
1	525
0	768
119	895
0	169
4	73
0	76
0	54
6	21
0	30
2	0
0	0
0	0
0	0
1	1
59	179
3	407
0	216
1	44
5	103
0	2268
36	792
0	25
2	45
2	370
67	40
0	357
1	12
0	29
0	0
33	2
0	777
0	0
1	1689
5	665
224	6336
0	164
2	3135
0	4418
38	64
3	2880
0	3094
6	3028
2	5049
0	4697
0	287
55	366
1	1814
150	1337
368	0
66	29
276	0
2	0
206	2443
6	955
0	1259
2	2433
4	1012
0	928
4	2437
0	1250
38	4
53	256
9	249
0	0
0	0
0	0
0	0
13	27
0	44
0	17
0	1
37	36
0	1
0	35
5	25
0	9
0	8
0	35
1	27
0	18
0	13
938	230
0	107
3	132
2	26
0	338
2	587
48	630
0	533
3	193
0	180
0	11
2	11
112	338
7	880
1	909
9	1027
5	676
0	371
0	73
13	224
5	181
2	97
0	21
0	0
8	3152
279	268
0	179
0	2624
3	585
396	2914
0	556
0	243
5	114
1	184
17	0
0	112
339	157
7	157
5	138
0	0
0	141
1	23
1	0
0	0
0	0
0	0
0	0
0	0
0	17
0	17
0	17
0	16
0	17
0	1
5	14
1	13
0	8
0	1
0	0
0	5
0	0
0	0
0	0
3558	12
958	0
6	758
0	4322
0	4321
0	760
0	1400
2	4324
2	1397
111	4334
173	5044
166	1412
0	3938
2	1316
0	937
263	714
2	597
0	310
768	175
7	77
135	109
0	0
4	4
0	7
0	9
0	8
0	8
0	7
0	5
0	7
0	6
0	5
3	0
0	1
10	344
0	4652
0	4727
8	126
41	483
12	505
54	82
6	299
69	10
0	124
0	94
10	129
0	1555
60	1363
4	113
237	730
92	1460
0	1350
1	1127
26	1298
4	696
1	38
11	395
13	445
2	108
9	50
6	103
0	114
0	3
16	91
3	40
0	0
0	6
30	9
3	1361
48	1245
20	84
7	11
0	1358
0	127
54	0
6	0
489	191
20	191
29	223
195	267
13	30
6	42
1	65
3	100
1372	0
178	2119
34	1803
0	2118
38	1845
3	921
8	48
0	369
3	453
3	20
539	135
15	113
0	22
2	14
0	15
5	14
1273	391
0	176
4	210
0	108
0	115
278	580
1	579
11	100
26	58
9	59
2	158
947	424
10	424
24	0
0	0
0	0
0	47
0	61
0	0
0	62
0	40
6	60
0	71
0	0
2	11
0	55
0	280
7	60
0	0
0	68
0	46
0	40
0	0
6	62
0	0
9	0
12	61
9	60
4	61
0	0
1	15
0	15
0	75
0	53
0	5
0	0
8	60
7	0
1	0
8	60
50	60
1	0
0	0
1	2
2	2
1	0
13	2
0	2
35	0
0	0
90	0
55	0
0	1
13	1
70	3
0	0
14	0
107	3
25	0
82	0
0	0
8	0
55	0
49	0
200	0
34	0
270	0
320	0
112	0
247	0
127	0
96	7
102	70
0	63
0	0
0	7
0	7
0	5
432	4
1	1
1	0
28	57
0	57
7	49
0	1655
0	0
61	1606
113	1606
1	1702
0	138
65	1680
0	32
6	1793
10	189
149	1606
54	0
0	0
151	1606
0	0
8	1738
13	132
7	1825
48	219
181	1606
7	1737
115	132
33	1704
42	100
418	1606
0	0
182	1604
128	1606
0	0
1	1
0	1
159	1606
83	1607
6	1744
52	138
17	0
40	1405
0	3074
0	2316
28	1780
1	1605
18	175
2	1667
0	124
0	269
35	307
0	276
0	125
0	457
0	456
0	455
4	0
9	3850
15	3760
1	3777
0	3664
0	2766
0	253
0	0
11	125
9	51
0	0
55	978
1	906
371	1308
0	533
0	194
0	320
0	16
0	18
0	23
0	20
0	27
0	25
0	6
0	14
2	20
0	8
0	2
0	7
1	2
2	3
0	7
6	200
144	250
3	2
0	14
3	27
0	6
0	22
0	18
0	7
0	12
2	416
0	416
0	126
2	16
0	0
0	15
11	206
11	155
0	0
6	33
0	2
0	0
375	939
24	2338
71	3193
0	3216
0	19
1	19
0	1
0	1
11	24
3	47
0	32
1	6
1	8
0	5
0	108
8	314
149	809
112	346
1	373
7	90
1	786
2	202
7	205
0	97
0	104
1	110
0	37
0	2095
0	2242
29	92
0	223
1	1681
2	326
1	172
2	254
0	306
1	14
0	290
0	2087
2	198
0	69
0	446
1	2166
0	110
0	159
6	252
0	0
0	128
0	616
1	671
84	682
0	106
0	38
0	81
45	1
0	0
0	1
3	3277
0	0
5	3526
21	342
19	2433
9	846
0	1060
0	2146
212	658
0	0
0	0
429	2
0	0
0	0
3	2
4	4
0	0
2	2
1	39
0	0
0	0
0	2
10	668
0	638
0	466
0	64
0	27
0	51
0	41
0	34
0	18
1	11
1	10
6	3
0	0
1	3
3	96
198	1085
0	1059
11	514
0	0
0	166
0	278
0	0
1	24
0	7
0	29
0	18
0	6
0	0
2	0
1	0
25	3875
0	3875
0	3108
6	1562
83	1082
1	150
7	9
0	3
0	1
0	0
10	0
7	0
2	0
0	0
0	0
0	0
1147	55
8	10
8	35
0	0
0	0
0	0
0	0
0	0
0	0
0	0
0	0
0	0
0	0
0	0
0	0
0	0
0	0
0	0
0	0
0	0
0	0
0	0
0	0
0	0
0	0
0	0
0	0
177	167
1	153
4	0
6	24
0	0
51	349
1	349
0	48
0	15
0	25
0	62
0	0
1	0
0	0
0	0
0	0
511	2281
1	1077
19	381
2	119
8	468
0	927
2	41
1	94
0	134
0	70
1	110
0	4
0	4
9	2025
0	1879
0	2069
7	16
0	1636
0	0
0	0
0	0
0	5
0	0
12	1602
0	616
0	1608
0	1097
1	100
0	131
1	160
4	164
43	145
144	28
1	95
4	0
4	0
0	0
0	0
0	0
0	0
4	40
0	66
1	48
0	51
0	33
0	9
0	1
1	0
0	0
0	0
0	0
0	0
0	0
0	0
0	0
1	30
5	55
0	55
0	1
2	1
2215	1307
1	1303
0	1219
77	1165
0	357
0	114
0	189
21	1013
0	0
5	0
15	5
0	3
0	3
1	0
2	0
1	2
3219	0
0	0
0	0
0	0
0	0
0	0
0	0
0	0
0	0
0	0
4	0
0	0
0	0
0	0
0	0
1	0
0	1
0	1
0	1
0	0
0	0
0	0
0	0
0	0
0	0
0	0
0	0
0	0
0	0
0	0
1	0
0	0
0	0
0	0
21	71
2385	75
429	635
46	729
31	0
233	94
2	0
0	0
2	0
0	2
0	0
406	661
37	0
0	661
7	0
0	0
0	0
0	5
0	0
0	0
0	0
8	2
5	34
0	34
0	0
0	0
0	0
0	0
1	11
1	8
0	8
0	16
0	22
0	1
0	1
0	0
0	0
0	0
0	0
0	0
0	0
0	0
0	0
420	407
39	401
0	175
6	0
1390	978
1	808
0	73
4	462
0	352
6	36
58	96
55	29
1	121
81	72
0	44
12	15
0	21
0	1
0	0
6	0
0	0
0	0
1	0
2	0
0	0
0	0
2458	2
53	32
0	880
8	7
3889	1598
97	1918
1	2119
432	2206
0	1890
0	229
45	2084
1	1988
0	2132
0	149
2	0
22	1018
0	840
1	391
2	126
1	203
1343	36
46	43
44	36
6	1613
10	518
0	509
0	839
1	83
15	1288
124	0
172	0
46	0
3	0
0	0
0	0
0	0
0	0
0	0
0	18
4	0
298	306
2	29
9	90
8	179
1	178
8	146
6	177
2	109
1	113
0	151
0	0
5	0
14	36
2	0
0	1
0	1
0	0
0	23
0	1334
1	1251
11	1011
1	1038
4	876
0	892
13	892
0	235
25	49
2	15
0	0
9	22
16	22
28	0
5	0
0	0
0	0
0	0
0	0
0	0
0	0
0	2798
9	2814
1	1
0	0
0	0
0	0
0	0
0	0
0	0
25	128
1	114
1	91
2	95
3	0
0	0
19	5838
46	5760
26	803
0	0
166	4
111	0
13	550
241	18
80	528
0	3
13	330
1	285
0	27
5	275
0	0
1	1
0	11
3	1
0	37
0	102
0	1
0	0
353	846
2089	330
0	115
2	24
0	24
2	128
11	87
0	0
0	0
1	0
0	0
0	0
0	0
0	0
0	0
0	0
0	1
109	84
4	84
0	0
0	0
4	5
0	0
0	0
0	0
0	0
0	0
0	0
3	40
255	152
4	30
14	21
0	0
3	102
0	77
36	820
0	820
0	0
0	0
0	0
0	0
0	0
0	0
0	0
0	242
0	243
1	244
0	253
6	246
4	0
4	0
0	143
0	152
0	165
4	183
0	109
0	0
1635	959
1	190
40	389
0	320
9	287
0	5
453	291
0	24
21	70
4	278
615	0
7	0
2	86
3	88
0	28
0	56
0	0
0	0
384	704
13	707
38	517
7	0
856	1131
91	1129
0	48
1	14
0	0
0	0
0	0
0	0
34	0
0	1
0	0
0	0
0	0
155	921
0	684
53	852
63	45
7	0
0	0
1	0
0	0
0	0
0	0
0	0
0	0
0	0
92	103
0	0
0	0
0	0
0	0
0	0
0	0
0	0
0	0
0	0
0	0
0	0
6	734
5	680
0	417
50	727
68	244
0	1
0	0
110	742
0	597
0	742
0	652
6	25
0	118
0	0
1	137
2	32
1	795
0	426
242	795
0	0
0	0
0	0
0	0
0	0
0	0
0	0
1	0
999	275
4	273
1	248
0	0
83	167
146	169
37	0
362	74
2	74
7	1
0	0
0	0
35	28
0	28
0	0
0	0
0	0
250	1247
23	6
0	171
0	0
0	67
0	106
127	989
1	0
3	50
0	7
0	48
0	0
0	0
0	0
0	1
0	1
5	0
0	0
0	0
0	0
1	0
23	20
0	20
0	0
1	0
0	0
0	0
0	0
1	0
0	0
0	0
14795	4
216	0
342	71
0	3
0	9
0	2
2	57
1	0
0	0
14	0
0	0
1459	414
0	412
0	0
56	103
29	40
21	63
11	4
3	24
1	23
2	24
0	3
0	10
2	3
0	10
77	54
0	161
1	154
0	0
0	0
0	0
0	0
0	0
0	0
0	0
0	0
62	0
11	0
4	0
0	0
47	0
1	0
18	0
19	0
0	329
6	325
0	278
0	1
2	0
267	3
104	3
3	2261
627	2387
128	20
22	727
35	27
145	0
19	39
5	0
769	690
4	31
112	539
20	48
0	157
0	0
12	1142
0	1142
2	1205
0	649
1	566
1	566
1	712
0	61
0	15
36	121
0	105
0	0
646	1657
1	2990
0	2806
1	15
6	289
4	244
6	1605
1	12860
0	12840
1	12859
111	0
32	4373
7	10895
0	5005
1	6531
14	10998
2	0
1	1737
4	5854
861	5294
0	4770
6	2914
0	0
1	1100
0	1098
0	935
1	766
13	66
0	54
198	0
28	39
0	5
0	40
0	2
0	7
0	0
0	0
0	8
0	14
126	1
0	1
3404	0
96	2127
0	2127
0	0
0	2408
0	267
1	174
29	2408
9	976
0	0
19	1642
25	1262
5	1712
1	1360
0	90
0	0
46	704
0	145
18	30
149	152
9127	7636
14	5474
1	2149
640	15
3	3
32	4610
0	3801
0	3
38	457
0	457
7	0
0	0
0	0
0	0
0	0
3	0
0	0
400	228
3	204
5	24
4222	11035
0	11416
1	6413
3	6758
991	6622
404	1843
0	9782
0	4851
2	1516
1319	165
6	28
65	28
0	0
0	0
359	352
1105	352
0	0
0	0
0	0
0	0
467	89
0	84
20	65
1531	1677
250	1578
23	166
109	47
0	47
1	849
15	1099
15	815
0	0
2	147
10	147
0	0
0	276
2	234
0	255
0	211
0	0
334	0
15	0
494	210
2	210
0	188
0	187
1326	1327
98	1040
25	81
5	287
1	1
0	1
0	0
0	0
0	0
0	0
0	0
0	0
0	0
0	0
0	0
0	0
0	0
0	0
114	43
33	43
0	0
10	0
2893	2899
0	2873
0	2890
0	898
294	45
789	548
0	113
0	472
2	33
1	97
3	242
4	64
0	398
0	274
0	27
2	43
27	33
0	42
7	41
7	3
4	31
38	0
14	996
0	274
0	879
0	855
0	804
0	94
14	117
16	7
1	52
3	344
0	205
14	45
0	71
1	113
19	207
6	0
1	0
0	0
0	0
0	0
0	0
0	0
0	0
0	0
54	976
0	0
416	2373
0	1978
0	1805
0	1795
4	31
2	0
1	175
0	0
3	1702
0	545
1	913
0	1735
0	0
26	48
0	0
1	52
0	0
0	0
3	10
0	0
0	0
0	0
0	0
0	0
0	0
0	0
0	0
0	0
16	16
0	14
0	0
0	11
0	5
0	0
0	6
0	0
0	0
0	0
4	9
0	0
322	0
0	0
3	232
1	1327
0	1502
0	1161
0	1084
0	908
4	1157
11	1164
0	963
34	948
0	887
2	402
0	239
34	3
3	57
134	30
7	4229
6	1475
0	3698
8	4153
1	3210
2	3042
0	2254
1	2655
4	212
0	1160
3	931
0	1062
1	1006
0	961
0	1015
22	0
12516	2002
0	1406
0	584
77	0
4	18
7	12
0	0
0	0
0	0
0	0
0	0
0	0
9	0
6	2684
18	12
0	2445
0	21
0	2720
0	2314
0	432
0	3
0	431
2	69
138	2687
12	2616
0	2264
0	2222
38	69
1	47
0	0
6	2565
0	2612
425	718
15	2406
1	2349
0	2574
9	66
0	2569
2	460
86	0
11	185
2	427
55	133
0	1429
0	504
11	373
0	302
4	135
0	105
0	0
0	0
0	0
0	1
3	8
0	8
0	0
0	0
0	0
0	0
0	0
0	0
0	0
0	0
0	1
8	980
295	995
1	261
1	369
141	56
1	105
44	50
0	296
178	149
0	21
2	118
26	2
0	168
0	0
0	0
0	0
22	0
0	1084
0	1002
0	1
0	985
1	92
4	1037
0	34
3	60
4	96
0	843
0	34
4	617
17	899
0	158
0	146
0	65
0	2
0	44
0	88
3	1009
0	972
0	62
0	36
2	22
25	0
2	0
2	449
13	3
116	0
1	52
1	0
0	0
0	0
0	0
0	0
15	1845
3	1224
386	1464
0	669
251	64
3	1553
0	1428
1	1443
1	1429
0	0
0	779
0	780
0	0
0	0
0	0
2	73
0	73
0	27
0	0
0	0
0	0
0	0
2	0
0	1
0	1
0	1
0	0
0	0
0	0
0	0
0	0
1	0
0	0
46	2142
328	2140
0	1050
2	642
0	326
34	67
0	375
0	373
41	46
0	0
1	23
1	116
21	117
0	38
0	14
2	0
0	0
0	12
2	7
0	0
0	0
0	0
0	0
0	0
0	0
0	0
91	912
0	852
1	327
0	0
0	28
358	281
3	260
2	19
0	0
0	0
0	0
0	0
0	0
0	0
0	0
0	0
0	0
0	0
0	0
0	0
0	0
0	0
0	0
0	0
0	0
0	0
213	260
11	6
0	44
5	44
1	0
0	96
0	0
1	243
10	13
0	0
0	0
3	0
3552	2
350	351
19	370
0	289
0	17
405	49
0	24
0	18
1	25
0	1
0	1
0	1
0	0
0	0
10	0
1422	88
6	86
1252	2010
167	1526
16	484
484	8
0	0
3	3
1	1
1	1
0	3
0	731
16	733
0	733
0	505
0	293
28	8
2	13
3	9
1	372
44	306
1	306
0	17
4	424
9	361
7	115
6	685
8	851
136	661
0	281
0	0
31	0
1056	715
44	715
0	0
285	1282
34	89
1	569
1	672
8	1
2	0
1	2
13	363
6	18
7	0
10	0
2	3
0	0
696	9
0	0
0	0
48	9
2623	107
0	0
6	101
64	1216
1	292
51	540
0	767
2	348
4	148
22	33
5	615
0	0
0	0
0	0
0	0
0	0
0	0
0	0
0	0
0	0
0	0
0	0
0	0
0	0
0	0
0	0
3	0
0	0
0	264
11	2965
242	7235
128	376
0	2176
1	1965
20	2146
0	3142
0	7128
0	1728
0	405
7	218
0	1631
0	288
0	1944
0	1715
20	0
0	225
20	2123
0	199
0	2148
0	245
17	245
0	242
14	2035
0	139
1	155
1	1652
0	472
0	507
1	1655
0	280
0	1565
0	1697
0	143
3	219
0	1457
6	846
141	40
0	19
2	1625
0	126
0	76
0	229
0	0
3	271
0	155
34	1902
0	609
0	550
0	375
0	501
0	2751
462	114
10	54
0	402
22	310
0	513
5	313
3	1462
221	63
152	1526
18	581
0	0
4	0
13	145
339	729
28	2
0	729
0	0
0	0
16	0
540	1366
9	1436
74	1436
0	0
11	0
1	0
0	0
0	0
1	118
1	245
0	168
0	51
1	68
0	97
2	108
5	109
51	145
7	23
0	23
0	19
0	23
3	3
0	5
0	5
0	216
0	201
0	201
1	198
13	212
0	89
0	0
1685	1530
31	375
11	756
41	86
1	777
1	66
0	0
0	0
1	0
0	0
2	2
0	2
0	1
0	0
0	0
0	0
0	0
6	0
2868	0
0	0
0	0
1685	3372
23	3366
0	488
3	503
1	955
1	300
0	0
0	0
0	0
476	0
2834	571
48	160
3	576
95	12
0	0
0	0
0	0
0	0
0	0
0	0
5	204
10	213
0	155
0	0
0	0
3	0
0	65
0	75
0	55
31	94
274	1034
2	951
4	61
0	31
0	0
40	115
0	1613
0	1681
6	695
79	1563
1004	746
16	229
0	3
0	5
0	3
0	1
0	0
0	0
0	0
0	0
0	553
43	0
278	8682
51	2342
0	8351
0	0
0	0
0	188
0	638
16	110
0	233
0	436
6	2465
3	0
23	0
1261	342
0	342
0	0
0	0
0	0
0	0
432	334
9	334
3	0
1	12891
0	12891
0	0
0	0
2	0
0	0
110	1535
24	687
149	1535
16	474
26	274
472	530
55	278
0	0
0	71
132	256
8	43
0	0
4	1
0	1
2	0
59	0
1507	998
0	971
0	186
0	427
3	75
783	6
7	0
3	6
0	0
1	0
198	439
1	439
0	0
9	284
0	0
0	0
1	1
5	0
1109	1823
0	1076
8	671
0	366
5	1762
0	192
5	830
0	0
0	0
0	0
59	1169
4	1003
0	188
0	780
6	148
234	1010
21	183
0	809
0	815
8	984
2	977
0	4
0	3
0	4
0	4
0	3
0	2
0	3
0	0
3	0
0	2
0	1
142	1340
0	1241
28	908
0	1250
0	0
0	0
8	38
0	38
0	0
0	0
0	0
0	0
0	0
0	0
0	0
0	0
3	10
0	10
0	0
0	0
0	0
0	0
2	0
0	0
807	419
9	407
151	310
0	0
0	0
1	0
3	189
1	204
56	55
429	29300
17	27884
116	6023
22	6655
32	5544
0	43
0	3
1	3
67	43
0	0
1253	478
2	441
1	37
30	0
13	24
0	24
0	24
0	0
0	0
0	0
0	0
0	0
0	0
0	35
0	0
0	0
0	0
0	0
1493	0
0	0
0	0
0	0
0	0
0	0
0	0
0	0
0	1
0	0
0	0
1	2
0	0
4	5
0	0
0	0
0	0
0	0
0	0
0	0
0	0
0	0
0	0
458	6
20	0
0	0
1057	0
0	0
0	0
0	0
0	0
421	150
2	150
7	1520
586	287
4	1705
93	195
0	168
1	88
2	1527
3	70
0	1588
0	51
0	67
8	1451
1	79
0	95
1	95
0	730
0	230
36	854
14	260
1	849
0	223
0	797
0	223
21	787
0	842
2	0
7	1
0	0
0	1
0	0
0	0
0	0
879	350
0	350
0	350
2	0
0	0
0	0
2	0
0	609
0	637
0	621
0	593
0	78
0	524
0	508
1	0
12	2355
0	2391
0	2145
0	51
0	71
18	123
84	53
0	157
95	125
44	1073
0	281
0	276
2	255
1	0
0	1
62	403
4	211
0	0
3	5
0	5
0	5
0	0
0	0
0	0
0	0
0	0
0	0
0	0
0	0
0	0
0	0
0	0
0	0
0	0
0	0
0	0
0	0
0	0
0	0
0	0
0	0
0	0
0	0
0	0
0	0
0	0
0	0
0	0
0	0
11	0
1	2413
0	0
55	0
4	0
1483	252
43	37
0	336
0	12
2	101
0	130
0	120
0	108
0	107
0	31
0	105
0	9
0	12
0	8
0	8
0	93
1	8
213	2387
13	739
0	2066
0	2017
6	87
0	0
23	449
0	5
247	0
728	1810
0	0
0	0
0	0
0	0
0	0
0	0
0	0
0	0
0	0
1	0
0	0
0	0
0	0
1	91
0	1345
0	35
0	30
23	1334
1	41
0	0
0	0
1	104
1	0
0	0
0	0
0	0
0	0
0	0
0	0
0	0
0	0
0	0
0	0
0	0
0	0
0	0
0	0
0	0
0	0
0	0
0	0
0	0
0	0
0	0
0	0
0	0
0	0
0	0
0	5
0	5
0	7
1	5
0	7
0	4
2	0
0	0
0	0
504	3079
48	3071
0	130
0	102
367	668
6	668
0	0
0	0
1	22
0	0
1891	114
36	92
60	0
134	0
9	8
0	0
0	0
0	0
0	0
0	0
0	0
0	0
0	0
0	1
28	1350
29	1350
1	1176
1	467
1	390
0	60
0	163
0	0
26	4
0	0
0	0
0	0
0	5
0	14
0	0
0	1
0	0
0	14
0	0
0	0
0	0
0	0
0	0
0	1038
54	1493
0	504
31	451
4	1152
0	1035
14	1039
1	0
0	0
13	725
0	4
0	4
0	4
64	448
0	293
0	451
0	186
0	161
6	444
0	154
2	188
0	4
0	0
0	0
0	0
0	0
0	0
2	23
0	0
2	14
0	0
2	1
0	0
0	0
0	1
0	0
0	55
1	31
0	55
0	55
0	0
0	0
0	0
0	0
2	6
0	0
0	0
1	227
0	0
0	0
0	0
0	0
0	0
0	1
0	21
0	0
0	1
7	23
700	1779
3	1724
14	1661
1	480
0	158
1	47
1	0
0	0
61	604
20	222
0	0
1	5
23	63
0	37
2	160
3	14
0	160
0	18
12	12
0	24
0	4
12	29
3	3
0	29
0	15
0	17
0	6
0	10
0	4
17	2
1	0
4	2
0	0
0	0
0	0
0	0
0	0
0	0
4	9
0	0
0	0
0	0
0	0
1586	831
0	53
131	699
15	459
50	605
35	528
0	13
0	65
0	174
10	257
0	243
1	8
0	19
0	0
0	0
0	0
0	0
0	0
0	0
0	0
0	0
0	0
0	0
0	0
0	0
0	0
0	0
0	0
0	0
0	0
0	0
4	0
66	333
0	333
2	225
1	46
4	526
4	526
6	47
14	784
1	214
1	440
0	0
0	0
1	1447
3655	2449
52	86
0	540
7	708
3	129
3	324
1	755
0	3
2	3
0	2
0	2
24	31
0	31
38	5881
6	5596
185	6017
4	960
20	588
89	2300
3	824
202	2186
0	0
0	0
42	229
3	140
0	0
0	3670
62	3377
1	1506
40	1498
3	0
5	89
8	299
1	261
7	300
0	298
0	4
3	0
0	0
0	0
0	0
0	1009
0	2279
0	2368
0	3621
0	3482
85	699
0	1004
0	674
35	40
0	726
4	321
0	2426
0	144
0	810
9	170
2	206
122	30
0	352
0	0
31	120
1	292
26	136
1	101
0	632
0	638
81	39
103	608
298	41
95	42
13	627
1	39
0	80
0	0
2	128
2	4
28	1
1	48
0	142
79	997
6	1442
23	1442
0	1114
7	1470
1	612
5	143
14	93
15	48
0	292
0	261
0	391
3	223
0	23
5	1369
22	1388
340	1376
7	1318
1	159
130	61
0	61
0	0
0	1343
1	1636
48	226
1	156
8	16
0	378
25	1068
1	25
0	25
0	2
399	21
0	119
19	235
0	56
1	213
1	28
2	211
3	60
0	0
23	0
4	229
104	311
36	193
0	0
2	76
0	60
2	54
0	35
3	20
4	13
1	3174
0	2915
18	3520
0	2363
0	393
0	2856
18	934
15	420
3	1331
2	1220
0	885
0	882
1	329
1	54
592	4433
0	2561
8	4230
1	2180
3	1895
13	694
3	586
24	334
0	9
339	3514
4	2561
0	1165
0	239
0	557
0	385
1	20
0	20
1	4
0	0
0	0
0	0
0	0
0	0
0	0
0	0
0	0
97	1403
48	262
40	1242
0	95
5	1163
4	994
83	966
3	205
9	951
2	60
3	47
1	118
1	51
7	64
1	40
0	14
4	92
3	141
13	616
5	616
5	283
0	110
0	24
6	20
0	1171
0	203
0	854
5	954
3	1023
1	766
1	1052
5	1023
1	1175
4	790
1	924
0	158
0	857
0	0
0	4
0	3
2	4
0	0
6	0
5	1085
4	5661
0	323
0	189
4	2126
0	4477
115	4232
1	1752
0	930
38	417
0	1194
1	1089
0	1294
1	522
17	1244
46	346
22	8
0	328
0	87
0	310
10	325
0	145
1	235
0	239
3	91
1	106
3	30
0	14
0	70
2	106
6	90
1	7
7	48
11	0
0	3
0	10
0	3
10	57
0	68
0	66
0	41
0	41
0	58
0	47
0	64
0	60
0	39
132	7256
0	0
6	826
43	2406
57	1253
0	6543
0	1943
10	1072
13	177
23	253
2	246
0	28
0	21
0	12
0	54
0	46
0	30
1	0
1	57
14	57
0	57
0	13
0	2
0	85
0	10
0	0
99	490
15	137
1	376
4	0
13	2500
28	2433
2	1849
6	811
10	1732
197	1382
36	130
0	0
182	369
4	74
1	418
0	82
9	222
0	153
0	87
1	81
0	16
0	9
0	0
2	34
0	16
0	2664
72	2157
34	2770
2	460
16	142
1	82
1	323
1	174
2	114
64	4575
0	4983
0	1278
1	231
38	281
7	529
50	583
0	41
0	1518
24	1088
6	397
34	923
6	344
203	344
18	163
0	165
20	166
0	0
0	24
2	21
0	22
0	11
179	21
4	24
0	10
1	9
10	6
428	0
1	2097
0	2094
2	0
3	100
0	67
0	2022
0	105
26	909
61	909
0	596
1	642
1	454
0	686
5	293
0	345
3	77
9	169
0	68
2	119
0	0
29	30
0	0
0	0
0	2
0	2
4	1
0	0
2440	165
0	64
152	122
0	40
27	249
1	531
0	602
0	614
0	532
0	432
109	478
0	630
0	557
0	471
25	194
402	2
301	1057
0	565
0	644
0	171
2	612
33	571
0	958
0	839
1	458
236	748
17	996
4	114
113	1336
181	1304
0	0
0	65
7	191
2	461
1	402
159	476
0	304
0	299
0	209
12	34
5	16
4	0
3	505
20	62
0	32
10	479
1	19
3	10
5	0
1	121
15	40
0	168
2	18
2	2
27	11
0	11
2	299
13	315
1	300
0	316
0	66
18	62
222	83
1	64
0	59
0	64
1	12
5	38
0	26
9	28
0	0
274	3196
1	2997
2	376
124	2028
71	244
10	650
1	373
10	573
0	567
0	414
23	111
0	99
0	7
0	4
0	7
0	4
1	4
164	484
1	154
12	455
8	294
2	96
0	36
4	36
0	24
12	0
0	0
0	46
0	41
0	43
0	8
2	2
0	6
4	500
9	1184
10	439
0	684
1	237
20	42
4	203
0	321
5	298
0	1
0	1
0	7
1	2
0	13
0	10
0	23
0	6
0	8
0	6
0	311
3	19
683	0
1	1
0	1
0	0
8	0
30	0
0	0
0	758
1	748
34	1017
4	471
0	708
1	789
10	12
0	12
1671	1030
1	589
7	654
1	736
0	334
21	342
24	362
0	337
0	58
5	34
5	14
4	0
10	50
9	0
9	0
117	401
0	383
5	387
3	22
0	52
0	27
5	9
0	0
0	0
42	2994
1415	5191
33	750
8	360
12	1321
2	660
63	208
1	286
2	0
2	0
0	0
0	0
0	0
1	0
0	0
0	0
3	7
0	5
0	2
0	0
233	864
9	648
3	862
3	662
862	190
0	69
11	144
1437	649
9	81
4	296
7	198
0	57
5	25
39	3
0	2
0	2
11	68
2	71
0	57
31	68
0	28
0	0
9	684
0	857
10	124
19	1455
0	709
5	974
0	1249
0	1243
0	238
1	524
49	836
12	836
0	0
2	129
0	0
54	9
0	5
0	6
187	451
7	451
0	866
86	253
0	694
9	965
12	898
5	421
2	103
0	241
4	308
1	47
0	76
0	289
1	94
1	15
0	10
1	15
0	14
0	1
0	1
3	515
0	73
0	510
0	503
0	201
0	193
0	386
0	151
0	512
4	419
0	20
0	429
0	164
0	16
1	182
0	98
0	51
10	275
11	374
1	44
19	241
9	23
5	66
0	38
0	333
2	18
0	36
0	99
6	55
0	0
1028	9245
0	8696
20	2910
12	3812
2	86
11	126
6	85
1	99
4	73
0	9
1	2
19	0
16	0
0	1
2	1
457	14
11	14
8	0
6	544
5	72
9	535
80	352
9	171
2	156
3	180
0	98
0	125
17	306
6	928
1	1015
5	974
0	1008
0	751
18	510
4	199
0	284
3	196
21	56
0	62
356	1091
1	1001
0	733
0	78
0	241
0	25
3	330
0	518
2	515
0	506
1	517
2	520
0	383
0	483
2	0
0	38
4	321
1	6
0	15
0	0
56	2881
21	1127
0	2073
23	84
0	168
3	45
4	745
1	217
19	204
0	0
2	193
3	22
13	1040
8	89
418	1481
3	82
6	0
1	1392
1	33
6	11
0	11
0	11
886	2248
1	1878
25	2156
15	1955
3	158
3	1510
45	107
0	0
8	429
0	484
3	417
71	716
2	234
6	168
4	192
0	42
3	40
15	582
0	1211
0	91
21	287
53	1030
0	31
3	13
36	585
0	368
0	33
4	58
0	1
3	1726
10	1601
6	1564
6	1392
9	161
2	140
8	204
0	275
8	21
3	54
1	200
9	114
1	25
308479	79311
147	28522
31	35795
0	5
53	14615
43	0
0	0
38300	16411
1	557
12	15807
12	3722
0	94
0	5
0	8
0	4
0	4
1422	380
15	68
1	239
2	264
3	111
0	400
1	372
4	305
0	276
0	12
1	39
0	33
2	33
45	1201
0	936
1	1004
6	1122
65	209
87	47
2	306
24	201
0	65
2	0
1	2
12	9
5	9
236	0
78	362
2	39
17	338
6	177
3	13
16	35
2	267
6	49
0	251
0	219
0	116
0	97
26	59
0	0
0	0
228	3561
29	3561
0	572
2	205
13	0
3	77
0	0
0	0
0	821
6	115
0	786
4	770
4	753
1	770
0	136
0	703
0	0
185	631
0	562
2	70
0	0
0	1
673	7842
77	4458
157	7045
0	2702
6	315
1	7612
31	7611
1	7582
0	7053
340	0
0	590
0	773
4	666
0	611
2	264
1	204
0	203
54	153
0	311
0	167
7	115
0	146
1	153
0	76
8	156
187	1030
0	222
1	88
1	9
4	90
0	83
7	42
20	710
10	50
0	111
97	192
6	109
0	0
0	0
15	463
1	430
6	256
0	309
0	252
0	175
0	101
7	99
0	197
2	111
27	177
1	175
0	177
1	1
0	1
155	0
298	0
307	201
0	152
2	30
0	167
1	107
0	137
1	27
9	34
83	285
5	338
0	272
5	273
13	43
0	266
0	0
0	16
6	280
0	255
45	25
0	103
7	89
0	20
0	9
1	9
0	3
1	3
1154	97
14	32
8	14
0	51
303	1779
12	1779
6	27
15	248
0	138
6	34
0	0
0	0
5	0
1076	561
2	203
3	267
0	91
3126	52
2	52
0	0
0	1085
0	1086
1	1088
3	1124
0	952
0	34
28	986
0	1036
0	10
3	991
0	648
1	43
16	61
0	178
17	594
0	15
0	649
0	22
1	582
2	45
0	102
2	306
1	451
1	31
0	20
0	60
0	263
0	1
8	24
8	9
1	46
0	0
11	187
0	55
0	184
3	12
0	270
0	17
3	3
3	3
83	2634
1	2369
1	1822
0	265
3	2448
0	2223
68	220
1	337
10	979
13	149
137	83
23	0
0	404
2	243
7	73
43	241
0	241
3	25
0	24
1	164
0	30
0	11
1	15
0	10
1	20
0	20
28	31
0	13
0	156
0	27
0	165
0	48
0	164
0	14
0	14
0	31
0	21
0	19
0	37
6	13
1	86
122	36
0	52
1	0
1	0
0	92
1	11
0	84
0	60
0	62
0	64
0	88
0	5
0	6
1	4
0	7
0	16
0	0
0	9
0	5
0	2
0	53
0	13
0	7
3	6
0	6
0	0
0	0
0	0
0	0
0	0
0	160
0	0
0	0
1	300
906	505
0	0
2	139
3	37
0	43
6	3
1	30
0	271
48	271
0	19
0	14
36	1176
4	1493
112	2498
4	1559
0	654
3	503
79	503
3	102
6	296
0	1940
0	2398
0	2398
0	600
18	316
0	0
233	188
0	1
0	1
1	1
0	1
0	1
0	1
0	1
1	1
0	1
0	0
0	0
0	0
0	0
0	0
1	0
1	0
44	401
0	355
47	370
19	210
0	333
0	390
0	394
0	394
0	360
2	381
0	349
0	236
0	141
22	14
69	511
0	303
0	284
3	511
0	420
9	471
0	160
5	88
0	159
47	1958
10	8517
32	8222
42	267
36	396
1	3041
0	690
84	149
0	646
5	758
186	1530
3	895
17	383
37	798
1	1127
66	411
47	406
5	383
1	164
14	135
18	135
4	0
18	226
60	245
0	21
10	91
1	72
27	339
0	339
9	150
10	79
31	79
13	227
0	219
2	214
0	13
50	4
3193	11
111	0
16	0
112	0
124	2202
2	2202
35	159
0	260
13	175
3689	2989
2	2989
38	990
10	1033
14	977
18	301
139	0
0	0
0	0
0	12
9	86
0	75
1	12
1009	1879
1	1965
76	1954
1	1884
0	2080
0	2022
0	526
0	1694
3	352
0	1418
5	202
0	322
157	238
1	152
0	170
15	97
15	339
8	446
0	287
1	112
0	16
0	0
0	0
1	224
218	397
0	48
0	0
25	352
5	0
8	133
0	0
143	1049
136	110
0	221
1	21
0	49
10	936
0	0
168	3358
0	3647
2	3648
0	3395
0	1575
2476	3582
4	390
0	1
1	73
16	215
1	3696
167	1342
45	365
99	696
6	181
8	613
6	565
8	579
2	544
0	0
0	0
0	0
1	0
1	2
0	0
0	0
0	0
0	0
0	0
0	0
0	0
0	0
0	0
0	1
0	1
0	0
9	60
0	0
0	0
1	0
0	0
0	0
0	0
17	0
4	20
54	0
0	0
0	0
0	0
16	2
0	1
0	1
0	87
0	0
0	0
0	0
0	0
0	0
0	12
0	122
28	128
0	0
87	1484
6	1214
148	1426
1	199
0	38
0	347
16	157
0	109
0	98
15	525
11	726
73	681
0	0
2	533
0	132
5	74
0	244
0	390
4	103
0	0
0	80
0	120
0	73
0	0
3	319
0	1
6	291
0	167
0	0
2	277
0	0
3	170
0	157
0	0
0	121
15	452
4	619
17	255
0	114
0	218
7	128
0	39
6	175
0	1
6	1
2	1086
12	1426
0	109
0	672
1	1109
3	1224
332	301
0	52
0	1535
12	613
2	1357
7	341
14	227
0	0
4	321
1	27
2	209
15	122
28	310
3	118
97	2189
648	2376
0	18
0	321
0	730
3	514
1	229
1	302
0	267
3	180
700	1
7	324
24	225
36	311
8	72
1	262
1	281
0	251
1	225
0	207
0	242
0	53
1	0
4	150
0	15
4	37
3	69
0	0
179	622
3	571
1	79
2	56
89	0
760	667
2	438
53	639
9	112
4742	773
271	486
1	309
25	0
23	974
15	58
0	963
0	935
27	750
1	734
26	871
36	762
0	901
0	258
4	122
14	122
104	440
35	1998
49	2022
0	1935
456	0
259	470
0	0
0	0
14	0
2	0
25	544
2	462
0	184
0	161
19	66
0	352
0	202
0	186
1022	106
9	630
101	5522
289	5521
22	349
0	448
61	217
508	365
61	85
9	359
126	0
83	813
21	813
0	38
1	87
9	0
15	11
22	7
2836	989
2	180
1	607
29	409
7	337
4	367
484	375
24	305
8	70
993	13643
1	3821
7	793
23	3211
5	3448
9	8887
191945	71827
1	7082
15	7020
324	15325
21	4840
0	0
270	14
5	14
0	0
1	770
0	0
14	117
0	0
6	4
0	0
2	0
0	0
248	193
0	0
0	0
34	0
12	1010
5	962
0	107
7	787
3	40
3	10
5	0
0	148
0	129
11	0
3	4
0	4
1	0
0	0
0	0
0	0
0	0
1	0
3	18026
0	0
82	18055
1	3507
243	15754
0	6973
80	7388
0	3595
40	9374
25	14
0	14
0	0
0	236
0	29
0	236
0	325
0	312
6	218
3	200
0	42
2	3
221	436
4	406
0	228
1	70
1	44
5653	1361
0	1313
0	116
0	0
1	1854
0	1758
11	275
0	232
0	192
0	0
16	4
0	62
0	103
0	3
2	715
5	662
0	715
8	664
0	3
137	581
9	472
60	306
0	472
34	122
1	121
0	98
1	42
0	78
5	2
23	450
0	450
0	26
81	0
10	317
0	80
0	4
0	324
594	461
0	450
0	1
0	316
0	321
1	320
0	323
0	324
0	317
0	315
0	6
48	0
16	0
0	4
0	4
0	4
0	0
61	1085
0	1057
7	533
8	605
9	514
0	319
1	323
1	189
113	140
131	363
19	546
13	1729
195	1770
12	119
6	89
1	87
34	13
0	62
0	56
1	122
2	95
0	130
0	105
11	1
0	2
5	149
17	155
3	133
12	139
0	0
4	28
7	679
2	29
1	19
0	555
0	351
36	542
7	388
4	606
0	121
4	196
0	275
0	255
0	266
0	261
9	145
16	43
5131	9748
15	3707
0	4668
5	1409
66	1188
10	1313
1	1326
9	177
2	1765
24	253
60	1826
2	0
0	0
0	0
0	0
0	0
0	0
0	0
0	0
0	0
0	0
4	947
5	1086
0	1113
4	66
1	1033
0	20
4	20
0	1
1	0
2	1
0	1
0	0
0	0
0	1
0	1
1	40
0	28
2	39
2	1
0	9
7	0
0	1
0	0
32	97
0	6
26	97
65	846
14	864
2	41
0	25
749	352
0	297
7	145
8	189
6	86
1	53
0	43
4	0
68	2728
4	214
9	341
5	441
113	2382
0	2063
25	516
0	159
0	2
7	2
18	0
0	244
42	413
46	177
17	33
0	33
8	11
1	0
0	0
0	0
0	0
0	0
7	1325
207	1325
4176	2074
393	2074
3	221
0	0
0	0
10	119
0	0
0	0
0	0
0	0
0	0
0	0
1	0
707	0
13	4
4	5
2	1
0	0
0	0
1	2
0	0
0	2
71	0
3	251
0	343
3	250
1	67
96	214
0	0
238	0
0	0
0	7
18	20
0	15
0	77
0	2
1	6
8	2
19	7
0	1
0	1
0	1
256	102
17	100
1	0
0	0
44	0
1	1
2	2
3	2
0	1
0	1
4	0
0	1
0	0
7	323
0	291
101	283
1	65
0	13
329	0
0	0
3	0
187	71
0	37
0	70
0	43
0	0
31	11
0	13
6	9
2	4
0	2
0	0
0	0
0	0
0	0
0	0
3	0
0	0
0	0
0	0
0	0
0	0
0	0
0	0
0	0
121	374
32	374
0	668
0	533
0	266
1108	650
0	1
3	367
3	204
16	51
0	0
0	0
0	0
0	0
0	0
0	0
0	0
0	0
0	0
1	5
0	0
0	0
0	0
225	483
10	483
0	0
0	0
3625	2
0	0
0	0
0	0
0	0
0	0
0	0
0	0
0	0
0	0
0	0
0	0
0	0
0	0
0	0
0	0
0	0
0	0
0	0
0	0
0	0
0	0
0	0
0	0
0	0
0	0
0	0
0	0
0	0
0	0
0	0
0	0
0	0
0	0
0	0
0	0
0	0
0	0
0	0
0	0
0	0
0	0
0	0
0	0
0	0
0	0
1	3
0	0
0	0
0	0
0	0
0	0
0	0
0	0
0	0
0	0
0	0
0	0
0	0
0	0
0	0
0	0
0	0
0	0
0	0
0	0
0	0
0	0
0	0
1890	0
1385	0
0	0
0	0
3	0
2	0
1	4
0	598
1	675
1	0
0	674
0	0
0	2
1	2
0	0
0	0
0	0
0	0
0	0
0	0
0	0
0	0
0	0
0	0
0	0
0	0
0	0
0	0
0	0
0	0
0	0
0	0
0	0
0	0
0	0
0	0
0	0
5	38
0	1766
3508	1728
232	757
0	81
10	81
1	0
0	1
0	1
0	0
0	0
0	0
0	0
0	0
0	0
0	0
0	126
0	106
0	0
0	0
0	0
0	0
0	0
0	0
0	0
0	0
0	0
0	0
0	0
0	0
0	0
0	0
0	0
0	0
0	0
0	0
0	0
0	0
0	0
0	0
0	0
0	0
0	0
0	0
0	0
0	0
0	0
0	0
0	0
0	0
0	0
0	0
0	0
0	0
0	0
0	0
0	0
0	0
0	0
0	0
0	0
0	0
0	0
0	0
0	0
0	0
0	0
0	0
0	0
0	0
0	0
0	0
0	0
0	0
0	0
0	0
0	0
0	0
0	0
0	0
0	0
0	0
0	0
0	0
0	0
0	0
0	0
0	0
0	0
0	0
0	0
0	0
0	0
0	0
0	0
0	0
0	0
0	0
0	0
0	0
0	0
0	0
0	0
0	0
0	0
0	0
0	0
0	0
0	0
0	0
0	0
0	0
0	0
0	0
0	0
0	0
0	0
0	0
0	0
0	0
0	0
0	0
0	0
0	0
0	0
0	0
0	0
0	0
0	0
0	0
0	0
0	0
0	0
0	0
0	0
0	0
0	0
0	0
0	0
0	0
0	0
0	0
0	0
0	0
0	0
0	0
0	0
0	0
0	0
0	0
0	0
0	0
0	0
0	0
0	0
0	0
0	0
0	0
0	0
104	2590
0	2590
56	28
0	0
0	0
0	6
0	0
0	0
43	415
2	414
2	281
0	65
0	29
1	0
1	1
0	0
3	636
1	668
18	516
2	0
0	0
2812	264
49	256
1	35
27	98
8	370
43	0
0	0
0	0
0	0
774	882
2	880
2	0
0	0
40	354
0	4354
5	3915
42	84
39	918
2	929
2	4
3	110
0	0
110	575
46	865
2	34
197	303
0	0
0	0
0	0
0	0
0	0
5	79
1228	313
0	0
0	0
0	176
0	199
1	228
4	44
1	144
24	0
55	0
0	0
1	1
0	1
0	0
52	4493
0	4437
0	1985
0	1602
18	67
4714	2200
0	1819
0	1590
151	617
92	617
21	586
22	310
24	308
1	0
0	0
0	0
0	0
111	2823
0	0
0	0
0	0
0	0
17	1065
108	1827
0	1526
149	1308
0	19
15	191
0	5
0	77
1	99
11	5
11	6
2	85
614	754
8	717
0	0
29	419
2	419
0	0
0	1291
94	1973
0	1973
23	901
0	0
0	392
0	19
5	19
0	8
0	4
0	4
0	0
0	0
0	0
0	0
0	0
1	2
0	0
0	0
0	0
0	1
0	1
0	1
0	1
0	1
15	11758
1	12888
6	11171
29	1804
5	43
26	258
11	1154
4	3301
0	1
0	1
0	1
0	1
0	0
0	1
0	1
0	1
0	1
0	1
0	1
0	1
0	0
0	0
0	0
3	10
2	1080
10	14
3	139
5	4
0	0
0	0
19	1070
152	4
0	3
9	7
0	0
14	4
0	0
0	0
0	0
8	0
1	0
0	0
0	0
0	0
0	0
853	4039
10	273
1	3980
16	1261
468	1407
1	0
1137	3051
0	2925
0	2162
33	485
0	0
0	0
0	0
0	0
1	2
350	595
2	473
0	130
2	159
0	41
0	0
0	7
1	22
15	994
146	1219
20	963
0	0
0	3374
55	736
2	3426
0	357
4	981
0	0
2	11
0	0
0	0
0	0
21	42
0	31
0	34
0	34
0	34
0	0
0	0
0	0
11	135
0	31
0	34
0	34
0	34
0	34
0	34
0	35
1	4
0	8
0	4
2	15
0	8
0	19
0	32
0	14
0	7
0	8
0	8
0	0
0	21
0	0
2	0
0	0
0	0
1	0
3	0
5415	723
12	713
0	0
358	1209
32	1230
0	1158
7	33
51	0
4	9
0	0
0	0
70	401
2	401
0	0
5	0
0	0
0	0
15	1028
0	0
0	0
54	2
2258	1013
0	110
2	248
0	432
0	477
0	0
197	160
1	0
1	160
0	0
531	186
4	184
0	0
0	0
19	6379
0	6473
94	6197
6	6366
6	429
4	177
7	18
3	1
0	0
7	136
0	108
10	71
0	0
0	1281
260	1281
6	66
24	161
0	0
1	30
74	0
4	0
132	0
5418	4033
0	1595
27	0
1	1056
1	2348
0	0
8	1897
0	0
236	127
0	0
1	112
24	105
0	0
0	0
5	0
853	79
24	39
1	12
3	21
0	12
0	11
0	0
1024	1819
6	123
1	269
12	1815
7	143
0	0
0	0
0	0
0	0
0	0
0	0
0	0
0	0
0	0
0	0
1	0
1	0
0	0
0	0
0	0
0	0
0	0
0	0
0	0
0	0
2	2485
0	47
0	2669
0	2634
26	2529
0	0
0	0
0	154
2	163
0	195
0	636
50	19
2	177
0	262
1	865
0	271
0	259
3	11
0	114
0	126
0	117
0	746
0	145
0	318
2	215
0	747
0	747
0	772
0	339
1	776
0	384
0	298
0	277
0	214
0	230
0	165
0	200
0	48
0	175
0	172
1	233
0	17
0	293
0	127
0	57
1	347
0	0
0	227
42	0
0	0
0	0
0	0
0	0
0	0
0	0
1	0
24	447
2	21
6	552
0	10
0	487
397	507
11	500
0	66
3	0
12	0
0	0
0	0
0	0
0	0
0	0
268	1251
0	1130
0	211
4	71
31	69
0	337
26	754
8	7
4	288
0	112
0	0
0	0
0	899
0	883
0	245
0	177
0	227
1	148
28	92
0	0
0	7
0	0
0	2
0	0
0	0
188	513
0	73
0	420
0	63
1	321
2	7
5	426
6	117
0	84
0	117
40	0
0	0
0	0
0	0
0	0
0	0
4	46
215	572
22	11
7	312
11	13
11	287
0	0
1	422
1	10
0	10
0	10
0	0
0	10
0	6
0	0
953	0
0	0
124	1268
184	1276
305	688
62	544
1283	699
0	48
7	339
17	29
0	68
0	33
10670	160
55	156
7	0
36	0
0	0
64	493
3	493
0	0
0	248
0	4397
111	4466
0	1798
0	3940
66	0
0	0
0	0
53	1061
13	477
2	899
43	100
105	234
3	147
3	129
4	16
16	13
35	20
268	2
0	0
0	0
1	17
0	17
0	0
2	2
0	2
1	0
150	1753
63	96
115	511
0	1318
0	677
22	88
0	643
95	3158
0	4
0	2949
0	1212
3	53
0	302
9	622
26	159
0	0
0	0
127	1471
0	917
75	1455
10	22
0	0
1006	165
0	165
0	0
3	253
0	6
0	46
5	250
0	7
0	0
0	0
522	833
74	1583
573	2693
0	631
15	162
1	65
88	111
8	1013
10	151
32	33
1	33
3	1
0	1
0	0
0	0
0	0
0	0
0	0
0	5
0	0
406	472
0	268
76	385
0	48
0	48
3	0
0	0
5	3
2032	0
0	0
12	20
5	237
15	384
41	384
1	183
3	70
9	0
87	0
101	744
0	735
2	736
1	472
0	476
1	44
50	310
4	217
19	192
0	0
6	1397
29	1252
46	1301
3	931
0	774
0	651
50	507
0	62
0	53
14	100
0	17
87	13
9	0
134	16
0	4
7	46
62	0
0	0
0	0
56	626
1673	497
122	275
1	488
38	0
233	4121
0	7480
39	7180
276	3055
1	2116
0	3013
0	2822
0	2798
0	3013
0	3013
75	1061
0	501
15	140
6510	2406
448	1712
74	546
0	0
0	0
0	0
2	0
3	30
1	29
0	0
0	2
0	0
0	0
1	1
0	0
3	1145
18	585
0	1144
0	490
0	4
0	0
0	0
0	0
0	2
0	0
0	5
0	4
0	47
0	1
0	1
0	3
0	0
0	0
0	0
0	0
0	18
0	18
0	18
0	5
0	0
0	0
0	0
0	0
0	1
0	1
0	0
67	79
0	79
0	79
12	446
20	446
5	65
94	208
0	414
0	53
16570	13068
39	13061
0	0
1	215
3	193
2	10
0	183
0	0
1	29
0	0
60	0
2	4
3	4
5	1918
34	1960
4	233
0	172
1	109
58	67
0	0
3	59
1129	63
508	173
32	11656
424	11656
288	173
377	20
0	0
1663	17
209	3
0	3
0	0
0	0
0	0
0	0
0	0
156	684
10	688
0	560
0	0
15	79
16	1009
0	1025
0	91
0	26
2	0
0	765
0	77
0	0
6	49
0	49
2	0
0	0
0	0
0	0
0	0
0	0
0	0
0	0
1	0
0	0
0	3
0	3
0	3
0	0
1	0
0	33
5	33
0	32
0	32
0	12
0	9
15	58
101	115
0	89
10	0
0	17
0	5
0	6
0	6
0	5
0	5
0	2
0	0
0	0
0	0
0	0
1	0
714	433
43	0
5	0
0	433
5	286
0	351
0	0
0	142
12	0
0	435
0	436
6	0
0	62
93	26
0	0
0	134
0	129
36	18
1	154
0	24
0	3
0	71
0	53
0	12
0	0
0	1
0	1
0	1
2	0
0	0
0	0
0	0
442	0
0	0
4745	3574
1	868
0	221
20	465
3	599
9	462
24	1064
280	300
0	458
0	41
0	41
2361	1342
102	1361
23	50
0	273
2	254
2	246
0	244
0	192
0	149
1	104
0	65
0	0
1	0
0	10
0	6
2	5
0	5
0	0
178	1187
14	672
23	314
3	677
0	0
665	1562
1	697
0	255
4	1366
27	87
4	809
1705	103
18	1
25	102
0	0
21	0
20	8
1	45
0	39
0	0
0	0
0	0
2	1274
19	1317
0	1075
4	0
3	0
0	0
0	0
0	2
0	0
7	6032
0	425
0	6110
0	5880
1	226
0	3503
0	128
11	112
21	153
82	1177
5	2567
175	898
0	14
0	14
5	93
1	436
0	239
0	435
5	443
0	426
0	0
422	0
5	67
2	66
0	10
0	6
0	0
0	0
171	127
11	127
135	2
0	41
0	40
0	18
0	9
0	1
0	11
0	1
2	1
0	1
0	0
0	0
0	0
0	0
0	0
0	0
4126	101
139	97
0	0
13	26
387	4215
149	4243
4	3802
0	208
0	9
162	1973
55	241
0	0
734	2
156	517
3	517
0	0
735	290
5	37
0	121
0	1
20	21
1	189
1	0
1308	0
0	0
63	1
0	1
0	1
0	0
0	0
0	0
0	0
0	0
0	0
0	0
0	0
0	0
4	15
1400	173
0	165
0	165
0	157
0	1
0	9
0	0
0	21
0	29
0	0
0	0
0	0
0	0
0	0
0	0
0	0
0	0
0	0
0	0
0	6
2	5
1797	6800
16	2378
9	1960
23	3527
329	1773
0	0
0	1683
20	1742
2	1742
0	1676
47	1622
0	1553
0	1468
22	204
3	1427
10	102
0	1686
0	1300
0	1176
0	1149
0	0
27	1612
255	2
0	1
0	95
0	172
20	11
1	19
3	77
3	321
0	14
0	3
103	74
21	0
9	1182
0	1236
0	107
1	40
0	691
0	70
0	20
1	124
0	70
5	0
111	73
3	73
0	56
3	13
0	0
0	0
0	936
1	0
0	70
1	0
534	964
1	125
1	508
0	0
21	41
0	39
1	241
0	1
0	2
0	2
0	1
0	0
0	0
24	206
3	206
0	0
0	0
1	0
0	0
4	246
86	1935
0	1935
0	1684
178	1860
157	307
0	0
0	0
0	0
0	0
0	0
4	4
0	4
2203	13903
885	13903
246	241
14	241
0	0
1097	1056
0	794
20	1149
0	1039
0	1039
0	820
1	654
2	0
12	70
5	69
0	67
0	5
0	17
0	0
455	171
2	151
0	120
429	2
520	7
598	0
0	0
4817	2318
3	1589
14	754
48	199
95	199
7	12
42	17
0	54
121	586
0	16
1	121
47	540
0	37
0	27
11	26
46	152
101	955
0	1087
13	121
2	0
35	858
0	770
0	857
0	925
0	813
0	411
4	9
0	783
0	148
11	0
11	548
14	44
4	483
0	0
1	13
0	18
0	0
239	38
1	38
0	0
0	0
4	6
0	11
18	13
0	8
17	0
1	59
1	59
6	439
3	991
3	1004
63	60
470	60
0	60
393	2064
113	2064
0	422
1	42
456	885
56	873
64	24
0	134
52	8
53	82
1	212
38	0
0	66
1	66
0	23
0	0
0	0
3	24
0	1
0	0
2	0
715	420
2	216
0	184
0	0
0	0
0	0
13	26
70	25
62	106
0	100
0	87
0	7
0	12
0	0
0	137
0	140
0	92
2	14
4	0
0	8
7	500
5	448
11	479
5	474
1	17
7	360
0	330
1	94
0	13
4	0
0	0
19	2
0	2
0	0
0	0
0	1
1	1
0	0
0	0
0	6
9	6
0	0
0	0
2	0
405	691
3	597
0	246
4	104
0	0
0	0
0	0
27	0
488	6
0	0
1	0
3	455
0	491
42	590
298	563
0	133
0	30
0	30
501	316
21	85
6	283
2	5
13	18
1220	54
4	52
12	230
1	271
0	141
4	117
1036	259
17	26
0	88
1	42
0	103
9	2822
1	2792
1282	2041
0	2341
0	1923
0	0
2	0
8	0
0	0
95	11
12	11
4	18
1	18
0	1200
0	1204
7	1198
0	120
0	20
0	1
36	19
0	22
0	1
84	2452
28	2447
46	105
29	189
0	265
3	141
77	1304
0	350
6	313
41	298
0	146
0	65
32	0
0	105
1	40
1	70
0	3
0	346
24	444
36	33
11	108
8	28
0	2
0	2
6	67
25	0
1	12
0	5
0	0
0	0
19863	12096
1	12031
0	0
11	0
1	3
22	14
4149	604
2	513
7	85
0	0
1	0
44	6
1	6
8	50
4	50
0	2
0	23
335	1705
60	2678
11	1833
1	729
3	714
1	483
5	714
0	6
2	347
5	124
2460	124
0	0
0	0
0	0
0	0
0	0
0	0
0	0
0	1
1	1
0	0
0	0
0	0
0	0
0	0
2	2733
14	2445
30	71
0	1530
12	1477
0	0
0	1
0	1
0	1
2	3792
11	265
0	980
60	426
83	3672
320	950
0	300
0	3731
1118	116
19	319
8	116
321	319
0	20
2	372
70	2917
7	2992
0	772
5	20
23	1324
0	2991
40	58
4	154
0	131
0	138
1	106
1	135
0	126
0	134
0	112
18	812
2	913
1	77
4	646
2	46
0	0
1	129
8	131
0	0
0	0
0	0
0	0
0	0
0	0
0	0
0	0
0	0
0	0
0	0
0	0
0	0
0	0
0	0
0	0
0	0
0	0
0	0
0	0
0	46
46	444
117	346
1	1
30	3
1	421
0	2
0	24
43	1
64	1
0	429
5	1194
292	0
70	260
2	169
1	3
0	107
0	205
50	276
7	0
9	81
0	93
0	24
1	43
0	47
0	21
1	1
3	71
0	0
0	0
0	0
0	0
0	0
0	0
430	85
12	82
4	0
534	6092
126	3001
280	1370
27	3251
598	1347
4	87
0	0
0	12
2	13
0	12
0	13
0	5
0	4
0	2
0	3
0	1
0	2
273	266
0	0
10	7
5	266
10	18
1	0
0	0
363	0
75	2226
18	2159
5	2290
0	2222
0	2054
182	1458
8	348
13	832
0	10
12	925
12	731
16	899
4	0
0	36
0	32
0	66
0	6
4	0
7	51
2	1467
0	159
0	1313
1	99
3	1567
0	1213
8	845
0	1202
0	103
0	0
0	0
0	0
0	0
0	0
0	0
0	2848
12	453
4	1459
0	81
183	117
0	0
41	2555
0	115
0	0
0	117
0	44
51	274
11	229
0	155
0	107
0	57
7	55
0	66
237	17
51	1556
0	1631
1	1569
1	17
18	1551
2	1148
0	1321
0	1233
1	21
1	950
101	950
1	976
0	976
0	694
11	34
6	12
0	6
0	1
0	1
0	1
0	0
0	0
0	0
27	125
2	125
0	641
1	653
2	643
17	559
3	645
3	650
34	553
0	112
0	261
0	170
12	88
0	98
15	47
9	9
0	240
0	0
155	0
0	250
0	242
0	21
0	0
14	204
317	5196
0	5056
0	2602
0	217
17	767
6	238
12	29
271	220
0	217
21	88
21	170
15	71
0	19
0	3
1490	29
6	20
11	277
1	225
0	209
0	109
2	163
21	0
53	302
1	64
10	307
0	12
1	25
13	3072
9	2981
25	3104
1	78
4	16
7	3046
0	0
0	1
2	1
0	0
0	0
0	0
224	7
48	859
2	719
44	112
0	180
2	627
1	829
1	105
58	288
5	257
0	154
0	94
57	0
252	832
2	846
22	785
0	722
11	766
0	726
1	754
0	410
0	34
0	43
0	47
0	53
103	28
1	15
17	6
37	0
32	406
0	374
11	97
84	148
0	0
0	0
310	0
133	575
847	703
0	584
3	604
1629	158
1	197
20	32
20	126
109	197
0	0
0	0
11	0
1	450
145	98
2	98
0	0
0	0
7	413
29	4
2833	1697
77	1595
5	1502
0	0
2	25
16	345
3	133
7	208
24	0
2	49
0	40
2	75
0	47
0	0
3	42
0	0
2954	7602
320	7602
41	1
0	0
65	498
119	134
1	8
94	138
2	33
0	33
0	3
0	0
0	0
0	0
0	0
0	0
0	0
1370	233
3	231
0	5
0	4
0	4
0	0
0	0
0	2
0	1
0	0
31	4472
0	636
9	3737
8	35
1	3599
8	924
0	10
0	13
0	9
0	15
0	10
3	2
0	12
0	0
0	10
389	1
2	0
0	0
0	0
1	0
0	0
1	2
0	0
0	2
0	0
0	0
0	0
0	0
0	0
0	0
0	0
0	0
0	0
0	0
0	59
0	54
0	0
0	0
0	0
0	81
0	77
0	22
0	58
0	53
0	58
0	0
0	0
0	0
0	0
0	0
0	0
0	0
0	0
0	0
0	0
0	0
24	10
0	0
1	0
0	0
0	1865
0	1874
1	1897
18	1860
0	2553
9	2551
0	1444
4	2272
20	959
26	2497
9	31
0	391
0	297
0	0
5	39
1	283
0	38
4	0
0	4
0	3
0	7
0	3
0	3
0	7
4	2
1	0
0	0
5	6511
55	807
2	4253
0	6476
6	4451
21	10
0	4421
51	6592
0	4525
0	6801
2	131
0	6734
0	0
3	4428
0	6716
5	852
0	0
0	0
0	0
0	0
0	0
0	0
0	0
101	1606
1	804
4	0
6	0
16	1568
54	1615
26	47
0	960
0	501
0	605
3	664
0	0
9	593
4	679
1	433
1	466
1	22
22	0
13	5
11	2
1	3
7	0
0	0
57	0
6	0
1	0
2	0
164	0
10	799
3	0
3157	140
6	93
18	47
202	279
0	0
0	16
22	0
183	263
1	0
0	4559
0	2
0	1
7	4661
0	2677
22	3238
138	395
0	325
0	303
29	356
0	311
17	355
0	130
0	42
26	0
2	3250
108	2
39	3411
3	44
0	0
0	0
0	0
0	514
0	2123
0	451
2	147
1	147
16	0
1	0
0	0
0	0
7	787
592	1160
11	1142
0	861
4	76
14	0
0	0
0	0
0	0
0	0
0	0
0	0
0	0
2	0
0	293
0	101
3558	773
0	1001
16	36
2	1051
0	128
2	276
1	992
2	1438
0	1358
9	87
0	1019
19	910
3	39
23	106
9	34
24	248
23	110
153	157
54	713
1	775
74	88
81	1
0	975
0	973
0	370
0	613
0	364
2	149
0	139
3	131
1	337
0	810
100	109
0	254
0	818
344	812
1	289
0	28
595	6
1	62
3	28
0	700
0	16
0	33
10	57
0	0
0	0
0	0
0	0
0	0
2	274
9	246
3	53
0	87
1	166
0	71
0	53
1	289
0	373
0	364
0	363
0	99
0	360
3	0
345	3390
63	0
16	14
0	931
2	973
1	2459
1	25
0	25
0	10
0	24
0	0
0	13
19	491
30	584
13	690
0	690
1	43
0	0
4676	146
12	136
0	0
0	0
0	0
85	0
1	0
1	0
1	0
0	0
1489	1667
2	269
0	1611
31	107
0	245
3	398
2	94
0	94
0	94
0	94
214	0
0	409
0	406
0	406
1	51
4	93
0	57
0	0
13	17
6	6058
31	6419
0	6046
4	5978
0	2690
0	2534
0	2276
0	1697
5	1563
0	1727
0	1533
16	1519
103	1291
22	519
1	129
22	495
1	39
33	81
16	34
0	208
7	168
0	0
1	2
10	2
0	0
240	1170
0	1170
0	0
200	98
0	129
55	129
0	21
2	12
0	13
0	0
0	7
0	19
0	14
0	0
0	0
0	0
0	0
7131	0
0	0
0	0
0	0
5	286
5	282
0	192
0	92
0	90
0	11
6	10
0	4
0	3
0	0
0	0
0	0
0	0
0	0
0	1
1	1
0	1
0	0
0	0
0	0
0	0
874	1936
5	1037
1	637
4	704
0	296
6	218
1964	0
0	1
0	1
0	0
1	14
472	127
0	32
1	25
8	99
6	80
0	49
4	28
1	0
0	0
1	0
1	0
0	5
0	5
0	5
0	3
15	1402
307	1400
9	320
4	1
0	0
0	0
0	0
0	0
0	0
48	77
10	77
3631	2
0	519
0	0
0	0
0	0
0	0
0	0
0	0
0	0
0	0
0	0
0	0
44	0
199	449
43	492
0	223
2	0
0	0
0	0
0	2
0	2
3	1
1	1
16	289
2	163
0	276
0	193
1	130
0	111
193	32
1	0
0	0
3	0
1397	1853
5	1674
12	619
24	94
23	19
0	0
1	0
389	0
5736	4987
0	1200
15	277
40	3578
0	0
0	0
0	0
278	111
1	229
1	714
88	39
0	74
3	785
0	17
0	0
3	129
8	35
9	35
1	32
2359	2
1054	70
9	6
1	65
0	0
0	0
1	44
463	261
5	208
1	54
2	55
0	45
416	45
0	2
736	43
0	13
0	0
12	255
1	9
0	0
51	310
0	363
1	338
5	116
2	142
0	74
5	11
10	11
0	0
0	0
0	0
0	0
0	2
0	0
0	0
0	985
0	1217
5	944
0	1186
892	940
4	896
24	703
200	66
0	0
159	0
0	0
0	0
0	1
0	1
0	1
0	0
0	1
0	1
0	1
0	1
0	1
0	0
2	319
147	402
0	77
64	262
3	76
1	324
60	108
0	47
0	44
40	158
0	94
0	156
0	156
2	0
642	313
14	22
7	103
18	61
29	45
147	175
2	195
13	20
0	2
43	4
0	4
0	0
0	3
0	2952
0	493
0	0
0	0
0	320
0	320
2	3015
0	331
0	598
0	0
0	33
0	130
0	0
0	0
1	1
11	1
0	542
0	0
0	0
6	0
3	0
0	0
0	0
0	0
0	0
4	0
3	1
1	539
2	0
3	0
0	0
0	0
0	0
0	0
5	55
6	20
0	11
5	0
2	98
0	0
0	12
5	0
0	545
0	1
0	22
0	0
0	4
8	151
0	392
23	107
0	42
0	0
0	0
905	928
69	834
3	889
0	129
2	165
0	86
1	1
1	39
3	26
0	43
26	26
0	0
349	1108
0	1104
6	103
1	230
2112	579
18	551
12	28
5	1
0	0
4	15
0	0
0	0
0	0
0	0
0	0
14	414
0	142
0	269
9	417
1	55
2	62
17	58
1	22
0	46
5	46
63	848
179	1607
0	1579
3	630
0	0
5	178
1665	13
16	2
0	0
0	0
1652	493
1	398
0	26
11	100
0	3
230	1056
2	304
18	28
4	48
0	318
35	207
0	554
1	10
12	128
567	730
1	727
93	100
6	264
0	79
2	40
1	7
3	7
30	369
1	329
0	83
48	24
19	4
6	54
32	39
41	31
1	66
71	60
0	0
1	0
13	30
0	30
1	0
0	3
3	0
756	703
8	703
1	10
203	401
14	400
10	118
162	9
0	0
0	0
0	0
39	25
0	10
0	0
2	15
0	0
1	0
640	1626
3	122
0	1592
19	47
0	0
9	0
2	0
6	0
0	1497
0	1491
0	1449
0	1473
0	1409
5	1011
0	568
0	535
0	622
1	358
1	353
0	363
0	347
10	348
4	93
0	220
121	216
0	26
6	152
0	101
55	94
8	93
0	57
180	64
0	89
0	9
0	0
154	0
0	0
96	0
36	172187
91	15
0	0
0	0
0	0
0	0
0	0
0	0
0	0
0	0
1	119
0	0
0	0
0	0
0	0
0	0
0	0
0	0
0	0
0	0
26	4
0	1
0	1
0	1
0	0
0	1
0	0
1	1
0	1
0	0
0	0
0	0
70	365
0	365
4	101
0	29
3	29
16	0
18	6044
21	6508
87	7172
1	3083
2	2708
0	2318
5	1020
0	0
12	49
252	173
1	124
57	36
0	36
0	1
11738	23
2	0
0	2
0	2
0	0
2	3
2	29
0	1
0	29
0	0
0	0
0	0
0	0
0	0
0	0
0	0
0	0
0	0
0	0
0	0
0	0
0	0
0	0
0	0
0	0
0	0
0	0
0	0
0	0
0	0
0	0
0	0
0	0
0	0
0	0
0	0
0	0
0	0
0	0
0	0
0	0
0	0
0	0
0	0
0	0
0	0
0	0
0	0
0	0
0	0
0	0
0	0
0	0
0	0
0	0
0	0
0	0
0	0
0	0
0	0
0	0
0	0
0	0
0	0
0	0
0	0
0	0
0	0
0	0
0	0
0	0
0	0
0	0
0	0
0	0
0	0
0	0
0	0
0	0
0	0
0	0
0	0
0	0
0	0
0	0
0	0
0	0
0	0
0	0
0	0
0	0
0	0
0	0
0	0
0	0
0	0
0	0
0	0
0	0
0	0
0	0
0	0
0	0
0	0
0	0
0	0
0	0
0	0
0	0
0	0
0	0
0	0
0	0
0	0
0	0
0	0
0	0
0	0
0	0
0	0
0	0
0	0
0	0
0	0
0	0
0	0
0	0
0	0
0	0
0	0
0	0
0	0
0	0
0	0
0	0
0	0
0	26
13	94
6	56
2	63
2	0
0	0
0	62
3	0
2	3
1	58
0	0
2	0
1	0
0	0
0	0
0	0
0	0
0	1502
0	0
9	609
0	671
0	660
0	678
0	460
0	265
0	247
0	309
0	309
0	317
0	313
0	305
0	306
0	314
3	313
3	3
0	36
7	37
7	7
10	6
4	0
0	0
13	0
827	769
0	252
21	405
24	3
3	166
0	195
0	0
0	0
57	2
3	2
0	0
0	0
5	101
0	65
0	106
0	113
0	34
0	88
0	82
0	23
1	0
55	12
0	84
0	26
0	64
0	28
0	5
0	9
0	28
9	72
2	74
403	2370
25	283
49	2114
0	564
9	99
0	560
0	139
8	478
34	108
16	24
14	371
5	791
3	792
0	335
141	98
1	39
0	332
2	160
3	224
0	227
2	126
0	0
0	24
116	582
0	579
0	21
0	0
0	51
2	31
1	123
3	2
0	9
0	9
3	1125
5	1150
5	971
0	920
1	1241
3	881
2	258
23	483
0	419
1	316
3	626
26	0
26	0
3	126
109	0
16	0
2	116
31	0
27	327
3	137
0	60
0	81
7	14
0	2
0	0
37	214
2	29
5	134
69	358
2	307
2	159
1	291
5	0
52	0
5	0
7	0
0	0
40	981
0	1192
0	301
44	0
59	0
66	549
30	594
0	366
5	261
0	242
0	0
18	0
143	99
5	5
2	0
34	0
1072	122
20	114
1	6
230	150
1	132
1	20
42	1265
1166	10621
0	9539
12	3849
261	1813
2	2953
91	17
0	17
0	0
0	384
116	0
0	400
7	502
0	293
28	0
14	6
16	6
223	1623
1	180
120	892
2	1368
0	281
16	82
1	37
6	165
9	164
187	4
2311	2
0	0
2290	456
0	0
23	456
3	1
0	5
0	5
0	1
0	0
0	0
0	0
25	13
2	0
39	330
0	40
15	0
1	4
17	0
51	0
0	0
0	0
0	0
91	0
26	0
0	0
11	299
0	0
0	0
16	46
0	203
0	55
0	174
0	26
0	27
0	171
0	91
5	0
36	92
0	229
26	0
2	8
26	0
6	5
0	307
0	293
0	311
0	147
8	0
0	104
0	104
1	27
3	2807
3	0
2	2901
8	336
0	1389
0	91
132	0
0	275
148	0
0	144
0	0
0	0
0	0
0	0
0	0
22	0
0	0
0	0
6	3
409	361
0	295
0	310
0	180
0	0
0	0
0	0
0	0
311	2813
16	2734
0	48
0	46
8	9
0	8
32	6
0	6
0	74
1	65
0	65
52	40
0	0
0	0
223	111
0	0
0	0
0	0
55	4
0	4
0	3
0	0
0	0
32	49
0	49
0	1
0	0
2	0
0	1883
0	0
0	148
11	1861
5	172
1	1351
12	183
17	68
4	17
2	52
0	1329
0	0
0	0
7	32
1	0
1	12
135	647
1	58
559	734
1	393
0	589
0	412
0	277
0	0
92	60
10	62
2	53
8	0
0	0
0	0
0	0
0	853
1	855
0	76
2	261
21	198
2	91
13	43
0	100
1	162
8	93
11	18
29	28
105	1194
1	80
1	162
0	1141
0	226
0	68
0	34
1	0
0	0
1	0
0	0
20	0
0	0
0	0
517	82
0	6
0	76
0	14
1	14
0	0
0	24
0	24
0	0
0	0
0	0
0	6
373	78
0	14
0	65
1	0
0	0
0	0
0	0
0	0
0	0
0	0
0	0
0	0
0	0
0	0
185	0
1	0
0	0
0	0
0	0
64	790
0	0
0	0
2	50
0	0
2	100
0	0
0	102
0	3780
1	0
0	47
0	0
0	0
0	184
0	2715
3	2588
0	2220
14	199
0	3804
2	68
6	37
0	0
5	78
0	0
0	334
15	1474
190	1825
0	1833
140	2487
3	3741
0	22
24	691
0	4374
16	4266
97	4367
0	3967
14	241
1	2290
13	256
36	7
0	68
0	230
21	448
10	196
17	90
1	127
28	218
26	0
1	4
0	16
0	22
26	0
0	0
0	0
0	0
8	8
1	5
0	7
0	0
266	200
1	184
0	36
0	22
0	163
0	138
0	0
10	12
0	12
1	0
0	0
0	0
24	278
16	56
14	60
0	175
0	2
0	96
0	1
9	3322
54	6021
0	78
105	18
3	18
0	0
0	0
0	0
0	0
0	0
0	0
2	64
40	82
34	81
12	36
8	0
8	67
52	261
33	153
0	6
1	19
0	0
0	0
85	106
0	65
0	4408
0	4425
0	4421
0	3957
0	3633
0	4012
4	3823
0	4017
1	4100
0	3193
0	2863
32	503
0	530
0	370
15	603
30	0
0	2737
0	2880
0	1444
0	69
0	2699
3	345
0	2840
0	2912
6	2815
8	104
8	2856
0	1135
3	1739
8	24
1	339
3	185
56	46
0	927
621	171
5	171
3949	1998
149	1610
3	449
4	369
40	39
18	382
11	0
0	3
0	3
5	0
5	0
0	0
986	600
7	8
2	594
1	401
422	0
2	10
0	92
0	0
0	1
0	1
3	74
0	74
0	54
0	0
0	0
1	0
2	17
2	0
0	0
0	0
0	0
0	0
0	0
0	0
0	0
0	0
0	0
0	0
0	0
1	0
0	0
254	2288
152	11
1	215
0	721
5	2102
33	5
21	30
247	1797
6	1794
0	96
0	75
10	64
0	140
0	1620
0	33
0	12
64	26
0	18
0	2
0	4
0	6
0	0
0	0
10	0
0	0
0	0
0	0
0	0
1	0
0	0
1	0
3	2
0	0
0	312
0	318
0	207
0	1
0	211
0	211
0	15
0	16
0	0
0	0
2	0
32	2525
0	2347
1	743
0	2176
0	2228
0	2408
0	2357
22	171
4	262
8	0
0	1266
0	282
58	1332
0	172
0	224
5	269
4	533
11	412
63	0
197	0
12	1372
35	1598
9	1323
6	478
6	576
1	595
23	321
10	435
4	215
0	8
0	32
88	137
0	0
360	266
0	266
9	203
0	182
0	27
0	40
0	4
29	193
0	16
426	19
4	19
10	571
16	521
0	37
0	56
2	5
8	300
7	10
0	188
0	1
12	8
0	29
0	0
0	0
0	247
2	13
0	43
3	6
14	6
2	26
0	1471
3	217
0	1414
0	1491
44	272
1	41
0	1418
4	1417
1	39
0	1353
1	258
0	1041
1	1313
0	0
49	54
1	1045
137	12
0	0
7	35
3	123
53	40
2	1496
20	1525
0	1316
134	648
0	1202
1	59
10	590
21	722
88	722
0	0
0	1
1	1
0	1
378	0
1	0
1151	171
0	161
1	13
136	2156
35	2156
9	708
2	200
5	29
0	311
0	337
6	394
0	0
0	0
0	0
0	0
0	0
0	0
2	1
0	1
9115	2029
72	704
0	0
0	0
0	0
0	0
0	0
0	0
0	0
0	0
0	0
10	11
0	11
0	5
3	25
0	25
0	531
133	939
4	654
0	474
17	354
0	78
0	82
9	26
0	57
12	33
7	13
0	16
125	0
1862	203
0	169
0	32
13	87
8	605
10	683
64	527
17	123
891	852
49	476
0	291
9	154
0	0
0	0
711	0
0	40
0	42
0	42
0	41
0	41
0	39
0	41
1	40
165	0
0	0
0	0
0	1
0	1
0	6
0	6
0	394
2182	1042
40	675
0	101
0	488
0	0
3	140
11	516
81	456
1	147
8	683
0	214
0	242
0	216
5	66
0	158
0	63
421	248
1	66
110	143
10	138
1	72
0	91
44	128
0	116
0	91
1	40
1	16
0	47
0	43
111	301
5	277
1	44
0	94
0	311
6	1092
44	81
0	71
0	919
10	241
8	55
0	261
19	851
1	810
19	585
5	646
0	290
0	2
1	2
0	2
0	2
0	0
852	179
5	56
0	0
0	44
0	54
1	59
0	27
1	10
2	16
1	120
0	4
0	6
0	6
0	3
0	3
0	1
1	101
2	181
0	159
13	74
0	132
0	156
9	105
0	53
2	102
0	43
0	16
0	6
0	9
0	9
0	4
0	7
0	0
0	0
5	13
0	11
0	3
0	3
0	11
0	8
0	3
445	760
3	310
0	350
8	192
0	56
11	149
4	163
0	202
40	219
85	739
61	672
11	705
0	0
2	0
451	2713
15	1416
6	904
0	683
0	1343
1	36
0	36
0	28
3	3
0	0
4	121
55	193
4	126
0	18
0	18
0	10
0	0
657	961
151	553
2	921
6	38
6	150
16	95
0	79
3	280
0	83
0	0
0	1
3	1
2	0
0	142
6	168
10	171
4	55
0	0
0	4
0	9
134	37
1	37
0	0
0	0
0	0
0	0
0	0
0	0
0	0
0	0
0	0
0	0
0	0
0	0
0	0
0	0
0	0
0	0
161	0
0	0
0	0
0	0
0	0
0	0
0	0
0	0
0	0
0	0
0	0
0	0
0	28
0	0
0	20
0	18
0	29
1	0
0	24
1	27
4	29
0	18
0	16
0	2
0	4
0	11
0	5
22	1715
0	1691
39	1354
0	1228
0	22
9	18
0	762
1	118
0	26
0	46
0	23
0	67
8	0
7	283
59	827
1	281
3	129
0	283
14	71
0	55
1	98
20	119
4	2115
4	2138
0	0
14	20
1	289
1	72
0	63
2	54
1	3
1534	162
0	160
0	0
0	0
0	1
0	1
0	1
0	0
0	0
371	395
67	393
0	27
0	27
1	18
1	384
1	355
0	376
0	314
4	20
2	28
3	21
0	221
0	2
0	43
0	0
2	73
16	39
7	574
90	574
3	50
3	8
2	50
4	0
0	552
6	64
0	549
3	527
0	0
9	0
0	50
0	63
14	19
5	21
3	11
16	160
1	63
18	22
5	17
9	0
0	1756
6	1762
2	1801
0	1804
90	1510
89	126
1	165
3	0
3	435
1	547
1	238
2	199
1	210
11	0
0	12
1341	971
24	971
0	57
5	96
0	225
36	54
49	645
1	59
1	585
7	468
8	472
0	54
0	68
0	3018
24	5953
0	6014
5	487
2	259
2	294
30	237
11	6
4	8
1	8
0	6
0	0
4391	299
3	7
0	0
0	0
1	34
0	31
0	34
0	93
5	69
0	0
0	42
382	54
0	0
0	34
0	496
0	497
0	490
0	581
0	579
13	487
0	461
0	461
0	71
0	37
0	157
2	93
0	311
93	156
3	16
2	151
1	85
0	0
0	0
8	252
0	161
85	61
2	100
61	83
1	1571
0	1755
7	629
0	207
7	39
220	71
2	9
8	1
3	5
0	5
9	0
0	1
0	1
0	0
0	0
0	0
0	119
10	119
10	159
0	30
0	47
492	467
0	285
5	166
9	5
1522	408
0	400
8	176
858	18061
50	10388
3	14509
6	13985
0	0
43	4361
0	0
0	1
2	1753
2	1181
11	280
2	697
18	823
42	878
8	674
3	668
17	279
14	90
0	26
0	48
6	315
7	387
0	189
36	227
1	156
7	63
4951	1144
3	981
1	234
0	0
1	0
0	952
0	952
13	95
3	16
1	404
11	0
0	293
39	3
1	51
2	15
0	15
0	0
2	122
52	148
0	448
254	444
0	30
0	24
0	94
3	12
0	19
0	19
3	15
0	21
0	3
0	3
0	0
0	0
0	0
0	0
32	52
13	51
0	0
0	5
0	24
4	0
1	0
115	0
0	0
0	123
87	160
1	31
0	47
0	0
0	24
0	3
2	9
0	26
1	22
2	3
0	506
90	524
6	44
8	48
8	0
0	1
1	9
0	0
0	0
41	10
0	10
3	2043
0	2068
0	1991
1	901
0	677
0	652
0	0
39	459
0	95
8	70
2	27
6	151
724	485
0	332
14	12
30	0
14	11
2	11
0	256
973	1941
0	1941
0	1112
1	1112
6	607
1	780
0	161
21	0
6547	977
1	519
88	864
0	0
0	0
0	0
0	0
0	0
0	0
0	0
7	0
0	124
0	432
0	499
0	140
0	515
0	0
1	8
0	15
0	21
0	314
0	314
0	1
0	2
0	1
13	687
11	642
17	656
3	113
0	46
0	114
0	83
0	14
150	14
6	231
8	2926
1	1897
2	2844
1	2392
44	2746
38	54
0	418
29	17
6	74
10	227
1	0
0	0
0	0
0	0
0	635
17	638
10	56
6	21
9	69
1	8
0	3
0	0
0	0
0	1
0	1
0	0
0	0
2	230
1	1419
1	923
0	1395
7	1405
15	250
65	139
2	1387
1	59
1	25
0	23
0	5
0	5
0	4
0	2
3	1
1	1
0	0
0	0
0	0
0	0
5	1952
48	1937
3	56
0	60
0	91
260	135
1	38
0	32
0	0
0	0
0	0
0	0
0	0
0	3
0	4
0	0
1	4727
2	3
1	2
50	1023
24	1023
10	11
1	2
0	0
0	0
1	76
4484	697
7	158
0	183
2	346
1	100
0	101
1	92
3	90
0	91
4	1
0	1
1	1
0	1
1	94
2	19
186	57
7	29
0	29
39	256
8	153
0	0
0	27
0	31
0	10
0	74
0	14
0	52
0	0
0	0
5	1
1	0
0	63
0	2218
0	2207
18	2305
0	1279
4	1571
0	1600
4	113
2	62
0	0
4	0
0	0
1	56
0	0
0	0
36	387
13	395
0	59
0	57
2	66
2	12
18	0
2	32
3	25
5	222
0	109
30	262
2	69
0	2
1	121
1288	92
6	92
0	64
0	114
83	521
7	157
15	1
21	409
0	0
0	0
18	0
2	5
261	48
0	3
0	21
1	23
0	59
5	0
1	824
1	776
0	1219
0	1498
1	1136
0	59
0	169
4	1414
0	921
8	130
0	248
0	1457
0	776
0	4
0	806
0	1177
2	776
2	2
0	119
0	247
4	119
98	138
40	24
0	0
751	328
12	124
4	186
2	46
25	30
1	27
6	3
0	24611
0	25011
265	5044
111	15
1	1837
0	25563
0	26021
0	25459
0	23716
0	129
7	336
0	0
111	1497
63	0
43	83
3	626
30	250
22	828
238	19
3	8
4	9
1	2
0	1691
0	876
18	7696
3	3521
564	7502
31	874
1	2921
4	68
0	473
0	14
5	428
3	230
1	475
13	34
2	63
4	328
2	379
10	311
18	138
0	850
0	894
9	9
11	23
12	392
1	338
33	80
0	6
0	57
50	46
1503	374
9	39
0	43
3	33
3	86
9	167
3	117
3	244
269	0
3	574
4	539
0	455
27	462
30	570
1	569
1	110
0	143
9	781
18	732
22	666
2	710
7	727
0	473
0	498
22	65
14	3
0	3
0	2530
61	2587
10	1940
4	155
0	155
1	151
0	64
3	65
0	131
0	16
2	71
0	125
12	123
0	53
3	57
3	25
0	46
428	0
1	205
970	990
0	39
0	72
1	87
0	888
1	0
2	101
3	1257
0	1359
0	1237
1	1161
1	1182
45	845
0	369
0	310
16	103
1	130
14	301
4	177
11	366
102	249
0	1057
0	82
11	408
57	156
2	165
0	1026
0	0
0	48
2	129
8	33
4	1
0	26
0	62
3	943
10	852
0	813
17	264
2	31
0	627
0	67
0	219
10	256
0	91
0	368
3	1334
0	767
10	1363
0	134
1	845
0	35
1	221
7	259
0	20
6	35
0	1
0	0
0	46
5	0
46	2720
5	1790
0	158
0	1931
151	2477
0	0
44	265
2	705
5	727
11	482
2	598
0	572
7	302
360	0
0	0
4	0
1	0
2	0
0	0
0	0
4	6
13	6
0	0
0	16
22	25
1	16
0	25
0	15
2	16
0	22
0	17
0	13
0	7
0	11
5	9
2	5
0	0
12	462
0	393
1	130
1	2
23	0
4	119
0	40
6	101
3	130
44	543
15	575
0	114
12	93
22	57
0	77
18	89
0	17
3	49
700	165
0	165
1	64
4	45
5	0
4	1493
281	1452
2	173
31	303
0	1393
0	125
0	244
41	695
33	626
8	106
2	173
13	172
705	224
32	183
38	41
3	575
42	0
4	71
0	27
1	9
3	18
4	27
0	568
0	33
0	26
3	2
1	1
556	2071
0	1872
0	2078
0	2105
21	1718
0	994
0	674
3	946
4	895
0	897
1	907
0	395
99	572
0	198
0	262
0	54
2	2
45	2
1594	1297
21	230
80	8
11	856
0	258
15	143
3	0
1	43
1	0
0	0
79	8
0	0
10	225
434	22
0	20
1	5305
0	5305
0	112
0	913
0	761
3	149
982	457
0	96
0	250
2	33
0	0
7	1371
5	56
59	56
1	64
10	1424
1	76
5	254
4	278
0	0
0	222
0	62
3	597
0	0
0	0
0	0
174	382
39	356
0	129
1	46
0	33
1	0
5	46
63	547
14	547
38	4130
5	1863
0	0
0	138
11	168
104	3590
1	93
4	282
35	85
1	0
28	0
2	0
3	133
43	133
0	1
323	106
0	4
0	60
0	0
1	99
0	31
0	8
2	0
0	22
7	18
0	47
818	798
0	162
2	94
30	0
7	48
0	4
14	16
0	0
7	16
37	475
1	98
1	26
0	5
1	1
0	0
0	115
0	52
42	22
0	3
0	2
15	18
0	2
0	18
48	6170
1345	6238
0	0
0	3500
0	750
0	498
4	406
11	42
1	340
0	243
0	60
0	0
0	0
1	0
28	531
4	15
44	82
7	526
0	63
4	87
2	70
5	31
5	56
0	93
9	6
202	653
0	423
13	131
8	106
10	144
5	118
1	996
5	802
4	706
0	1847
0	1847
5	1090
201	142
0	75
0	2972
0	2906
0	2972
0	2905
1	44
0	414
1	2827
0	209
0	326
2	2649
6	7
28	139
9	434
0	404
24	424
0	389
0	410
0	409
0	371
0	127
0	333
1	31
0	14
0	342
0	13
0	10
0	75
3	13
0	0
0	0
0	60
0	893
0	17
1	124
0	149
1	893
7	869
11	939
0	50
1	106
45	27
4	834
0	887
25	45
0	156
0	203
0	99
0	231
30	79
0	128
37	359
0	95
0	218
29	176
54	176
0	42
3	59
2	18
0	7
0	30
1	16
368	237
0	53
0	237
2	44
0	883
1	906
2	964
0	742
12	720
0	27
0	146
5	17
0	160
1	111
0	41
130	14
304	2
0	0
10	0
150	2516
0	35
30	2546
1	69
2	49
18	286
40	358
29	96
15	186
0	0
2	0
0	1
0	1
0	1
104	618
44	93
96	339
0	616
0	0
0	36
747	4033
110	3099
2	12157
12	12160
1	12193
30	11114
2	1138
0	12164
221	2519
1	12157
2	38
3	22
2	942
0	402
11	404
1	14
1	24
0	398
3	66
4	822
0	908
1	894
3	0
0	0
3	40
1	166
0	0
0	0
5	295
2	269
0	61
0	10
1	27
0	36
3	3
0	65
0	0
8	10
0	0
72	1282
55	1392
0	1338
17	720
0	151
4	161
0	169
11	217
6	64
0	0
0	0
9	187
0	0
12	187
0	0
0	0
2	0
0	18
1	0
0	5
9	913
1	61
9	439
0	685
47	884
0	17
1	357
8	133
1	7
0	8
0	7
0	7
5	5
1	2
0	0
135	214
0	69
16	180
2	0
0	0
10	2282
0	1752
3	2182
53	7
0	224
0	0
11	0
6	0
4234	2007
0	100
16	221
3	520
0	778
0	906
0	636
1	639
1	47
13	0
15	46
0	44
0	35
0	42
2	25
1	32
2	8
3	9
876	12983
106	2834
4	3942
21	1024
1	4096
21	10158
29	664
0	2
10	272
39	295
1	123
0	98
0	146
0	11
1	33
0	24
1	130
1	130
0	141
7	0
8	4
9	68
0	17
20	1
1	15
0	5
0	16
0	10
3	12
9	678
4	645
2	642
0	319
2	10
1	0
0	0
1346	977
85	977
35	747
1	300
37	164
0	0
0	0
0	493
1	493
2	48
0	0
0	1702
10	1709
6	569
0	132
9	33
0	0
0	4
0	4
0	4
0	4
0	0
0	0
12	0
0	15
0	0
364	82
41	6
0	81
0	0
0	0
0	0
0	0
0	57
3	9
5	0
0	0
0	0
0	0
0	0
0	0
98	540
3	556
0	127
0	149
0	128
0	67
0	36
2	31
0	10
0	0
219	6
4	386
14	1084
8	76
5	90
12	1187
0	1126
40	2016
0	0
1	1992
0	0
1	311
1	40
26	1558
0	360
1	133
47	4326
0	2972
0	3821
0	3761
15	1324
0	265
0	127
227	0
0	1521
15	1554
3	143
0	223
34	69
35	836
0	185
104	14891
177	14459
1	991
9	1944
11	1649
10	548
81	304
0	218
5	297
0	151
6	24
12	85
0	106
15	924
0	1319
0	1265
9	1211
0	948
0	1302
27	871
1	56
138	574
0	567
16	368
242	380
4	300
0	48
0	0
2	0
360	1105
27	1097
2	175
4	0
0	0
15	1538
2	172
0	603
0	604
26	1277
7	149
1	119
0	2
6	34
0	4
0	0
0	0
3	188
0	206
7	209
15	69
0	5
56	15
2	37
64	30
1	3
0	0
1	1
0	0
0	0
0	1
0	0
0	0
1	10
0	8
0	8
0	10
0	10
0	1
1	0
23	339
0	2133
0	2291
0	2079
0	637
0	1082
0	1896
3	130
0	553
0	34
1	147
10	148
65	196
1	4682
200	4337
1	695
0	1082
2	92
28	31
0	528
55	253
348	38
0	160
13	76
695	61
4	58
0	0
518	24904
18	15688
8	6793
0	6789
0	3117
61	0
805	25538
7	2623
2394	965
2	963
11	3
0	0
0	0
0	0
0	542
0	545
3	536
17	544
0	132
0	133
0	46
0	5
8	2
8	0
0	0
0	0
0	0
24	7
0	7
19	4708
0	5564
9	3483
15	5555
0	5572
0	5239
22	120
1	5386
8	239
105	5458
1	3625
3	5457
17	3126
0	23
0	23
0	18
0	16
2	0
0	2
0	0
1	0
0	10
1	14
0	9
0	9
1220	0
0	0
1	0
0	58
0	57
0	59
0	61
0	62
0	9
1	13
0	0
0	3
2	4
676	247
0	203
5	166
0	138
120	35
417	87
10	7
1	36
0	0
0	44
0	0
0	1
0	1
1	0
0	0
0	0
69	2251
13	175
0	2207
65	31
29	233
0	0
1	0
0	0
1	0
0	0
0	0
0	0
0	0
0	0
0	3
0	0
0	0
0	0
0	0
0	0
0	0
0	0
0	0
0	0
0	0
0	0
0	0
0	0
0	0
0	0
0	0
0	0
0	0
0	0
0	0
0	0
0	0
0	0
0	0
19	469
0	0
0	0
0	0
0	0
0	0
0	0
0	0
0	0
0	0
0	0
0	0
0	0
0	0
0	0
0	0
0	0
0	0
0	0
0	0
0	0
0	0
0	0
0	0
0	0
0	0
0	0
0	0
0	0
0	0
0	0
0	0
0	0
0	0
0	0
0	0
0	0
0	0
0	0
0	0
0	0
0	2
0	2
0	0
0	3
0	0
0	0
0	0
0	0
0	0
0	0
0	0
0	0
368	1378
17	1342
0	268
0	327
47	3987
0	4069
0	2582
0	2453
19	54
117	72
87	81
98	3
0	0
0	141
211	86
3	1556
14	1598
408	366
0	326
204	42
1	837
0	2991
35	547
54	0
3	226
142	1483
0	2946
1	2424
34	0
70	11
3	297
0	0
3	917
131	0
2046	3313
2	35
0	11
0	3315
51	834
6	737
6	568
5	48
0	0
0	0
0	0
15	1
0	1
0	0
214	347
2	46
1	257
0	118
0	22
68	0
2	100
0	0
0	42
95	0
0	8
18	0
72	0
0	0
213	3
1	0
0	0
0	0
0	0
0	0
1	0
0	0
0	0
0	0
0	0
0	0
0	0
0	0
0	0
180	872
2	821
1	454
0	6
0	68
0	0
0	30
1173	1098
78	1098
0	445
1	0
0	0
0	0
0	0
0	0
0	0
0	0
0	0
0	0
11	430
0	410
0	430
2	15
3	41
0	38
0	29
0	22
5	20
37	11
3	0
0	0
1	0
6	0
1	0
0	0
93	0
0	0
23	0
319	0
0	0
0	0
1	0
33	0
0	0
0	0
822	5708
5	3290
7	505
2	413
138	995
9	81
6	527
192	932
23	1416
0	1301
0	1156
6	19
3	31
0	838
1	47
6	95
8	663
0	0
13	73
7	311
922	262
0	222
1	213
8	38
3	204
15	167
0	142
6	22
0	37
1	9
0	0
55	1
0	1
69	0
715	1212
0	855
0	1030
0	178
8	256
7	0
0	0
0	0
0	0
0	0
0	0
0	0
0	0
0	0
3	119
0	0
0	0
0	0
0	0
328	9737
0	0
1	19
0	0
0	0
0	0
0	0
0	0
0	18
0	0
0	0
0	5
0	5
8	182
0	0
0	0
1	1
0	0
2	0
0	0
0	0
0	277
1	2
4	13
0	13
3	6
1	0
0	2
0	66
0	94
60	32
0	96
0	0
1	4
0	0
0	307
0	267
0	52
5	2
0	51
0	36
13	121
0	71
1	29
0	36
23	14
1	0
0	14
9	9
584	2774
1	705
1	2597
3	2785
0	2045
9	2072
3	1960
0	1300
0	329
0	8
0	252
2	300
0	193
0	294
0	282
0	216
3	501
5	456
0	150
10	223
0	26
0	0
257	6
0	302
0	460
0	305
0	9
0	30
308	86
0	127
2	22
0	7
0	0
1	21
0	0
0	4
0	4
0	0
0	0
4	2
0	0
0	0
0	0
2	0
0	0
0	0
0	0
0	0
0	0
0	0
0	0
0	0
2	0
0	0
0	0
1	0
0	0
0	0
0	0
0	0
0	0
1515	415
1	409
497	763
0	297
13	589
19	171
2	128
61	400
4	272
1	110
44	225
24	1
30	139
4	78
6	27
221	544
3	63
2	609
135	26
20	22
5	40
13	144
1	0
15	0
7	496
0	22
0	275
20	75
0	37
8	28
0	14
180	603
0	0
0	0
1901	296
25	296
820	249
2	0
0	97
0	123
1	13
0	14
0	40
176	0
1	0
0	0
1	0
0	0
0	25
0	2
0	25
0	25
0	0
11	947
152	1077
3	536
25	547
4	408
2	123
0	358
2	359
9	0
0	0
0	0
1	0
1	0
0	0
0	6
0	0
0	0
1	3
1252	770
85	762
1	231
0	0
1	0
0	0
0	0
0	0
0	0
0	0
0	0
0	0
0	0
0	0
0	0
2	273
11	307
1	307
0	307
0	81
0	63
1	30
0	0
5	643
27	641
20	640
5	97
3	68
4	4
76	0
1293	2164
5	2
69	689
23	147
1	1365
41	1098
34	845
3	205
0	84
0	195
0	213
0	216
0	5
1	14
0	1
2	0
2	12
0	48
0	0
0	10
0	0
0	0
0	0
0	0
0	0
0	0
0	0
3710	91
8	91
11	13
17	13
0	65
0	66
0	66
0	65
0	0
0	0
0	14
2	0
851	872
28	716
8	500
3	341
1	39
4	11
0	769
11	1220
29	1231
18	1231
0	715
568	3753
0	3681
0	3572
0	593
2	2945
1	1882
2	874
1	598
8	744
216	207
17	213
10	127
420	129
0	0
0	0
0	0
5	419
0	0
40	0
0	0
0	0
0	0
0	0
0	50
0	50
0	49
1	2
0	15
0	0
0	0
0	0
0	0
0	0
1	36
0	13
0	32
0	0
0	0
0	0
0	0
0	0
4	243
3	244
2	214
0	158
4	23
0	0
2	0
0	0
1	0
3	22
0	22
0	1151
0	3435
1	3428
0	3546
0	320
0	2
0	2
0	0
0	0
1	1
0	0
0	0
2	0
142	719
0	720
0	720
1	0
0	11
350	172
4	109
0	120
7	61
2	84
0	56
1	3
4	1
0	0
0	0
140	141
0	139
0	37
0	26
0	0
0	4
0	6
2	322
0	784
5	778
3	790
12	560
0	0
0	74
28	1
73	1
0	1
0	0
2	0
0	0
0	0
0	2
0	2
0	2
0	2
0	1
1	49
0	49
1	7
0	0
0	0
0	0
1	0
9	0
0	3032
0	2997
21	2436
0	1541
0	3049
1	107
4	1362
0	15
0	57
10	15
3	2703
1	324
0	1649
5	193
1	0
0	0
0	0
0	0
72	182
0	182
1	50
55	2848
24	2865
132	34
1	7
0	2800
0	30
18	1034
0	15
1	17
48	18
11	1327
219	399
0	391
8	48
0	0
5	200
9	9
0	128
1	105
3	151
7	140
9	143
16	22
51	2884
0	2827
23	170
168	216
14	129
21	221
243	61
30	196
3	90
10	0
38	66
0	0
19	69
8	0
1	0
1	0
15	1
5	23
0	23
65	3235
186	2877
0	2088
0	2084
10	559
3	226
442	22
727	33
0	9
1	130
43	130
4	18
276	790
21	790
0	0
0	0
0	0
330	380
0	32
0	13
23	322
0	31
10	77
0	0
0	0
0	0
0	0
2	0
1115	1560
0	1510
35	1299
11	1306
6	688
1	433
1	45
0	0
1	0
1212	1630
0	1641
0	977
9	197
1	269
0	29
0	29
1	0
0	0
2	0
0	0
0	0
0	0
0	0
3	853
1	819
0	109
7	675
3	891
22	816
171	616
48	26
3	699
0	65
1	145
0	0
869	1148
8	95
6	421
0	158
20	452
1	72
0	0
0	456
2	487
0	0
1	0
2	0
0	0
0	0
0	0
0	7
0	6
0	7
0	7
0	0
1	0
0	0
675	213
0	2
4	22
0	0
3	67
0	133
0	0
0	0
0	0
159	112
3	112
2	75
11	65
0	25
0	0
0	54
0	57
0	57
15	32
15	25
0	12
397	3256
0	2967
22	1404
1	112
133	588
274	33
0	0
2	33
79	6
0	9
0	9
0	0
0	0
0	0
0	0
0	0
50	52
0	52
1	2
1	0
0	0
0	76
0	0
0	14
0	50
0	67
0	60
81	141
16	17
0	74
28	24
0	0
2	856
0	852
10	823
0	847
0	855
1	96
3	124
0	41
0	36
0	34
62	10
1	8
0	1
6	0
0	0
0	0
8	44
0	69
0	40
0	52
8	36
0	22
3	25
0	28
0	0
0	0
4	279
0	281
0	6
6	23
0	35
0	60
5	113
0	0
5	2
0	26
0	102
1	1
3	4
0	81
0	99
2	1
0	23
0	1
0	0
0	0
41	29
0	29
0	0
0	12
0	0
0	0
0	18
1	16
0	0
0	15
1310	606
0	369
16	132
7	181
0	0
0	0
106	812
0	812
0	0
72	222
3	211
0	4
0	12
0	12
0	12
0	9
0	4
0	1
0	0
0	0
0	0
0	0
0	0
0	98
0	92
0	76
0	71
0	62
0	0
0	1
1	9
0	0
2107	0
1	0
0	0
0	0
0	0
0	0
0	0
0	0
0	0
0	0
0	0
0	0
0	0
0	0
0	0
0	0
0	0
0	0
0	0
6	0
0	0
0	0
0	0
6	4
0	0
0	0
8	0
0	0
0	27
22	27
25	1193
2	746
1	75
1	76
0	75
0	76
11	720
2	127
0	0
0	0
11	60
0	0
0	0
0	0
0	0
0	0
0	0
0	0
0	0
0	0
0	0
0	0
0	0
0	0
0	0
5209	1512
81	268
12	1270
13	494
1	1336
289	2
150	6
0	125
36	37
118	0
204	0
44	0
299	0
1246	304
0	304
8	338
0	290
2	340
0	289
0	63
1	108
8	100
0	94
0	1
0	0
0	6
0	6
0	2
0	3
0	3
0	3
0	0
0	0
0	0
1326	0
5	2
0	2
0	0
0	2
1	126
1	178
0	139
2	8
0	25
4	17
3	45
0	35
17	0
78	531
1	506
11	399
37	253
6	2
11	1957
3	194
2	25
34	1933
4	322
0	251
0	116
8	90
19	19
1	50
0	1
0	216
38	2
0	3
9	2
11	103
4	899
6	843
0	44
1	72
64	817
0	1
12	87
752	236
0	149
49	3479
49	3288
0	2741
0	896
23	657
20	1479
18	228
3	198
0	21
7	0
75	205
0	0
212	4245
40	4242
14	786
6	359
0	264
4	993
1	48
2	174
13	75
19	400
0	0
0	5
0	5
1	0
9	373
364	0
1	2
0	2
6	0
1	15
1	14
0	2
4	10
3	0
0	0
0	1
0	1
0	16
0	1
0	1
0	0
0	0
0	15
0	0
1	0
0	0
5	2671
4	2780
4	1130
27	1277
4	13
23	1487
15	2514
201	2542
5	45
14	39
1	243
1	168
72	101
0	0
2	0
0	261
1	265
0	276
0	298
0	90
1	25
0	20
5	18
10	36
9	62
0	10
0	191
578	464
1	93
1	355
37	152
0	355
1	299
0	20
0	13
211	0
0	3082
0	3121
0	2926
0	3307
0	467
8	3329
0	2940
0	2399
0	2731
207	366
203	1610
13	523
319	1021
0	981
0	339
4	38
7	100
1	0
5	45
0	7
7	684
62	684
0	18
0	19
6	168
0	0
8	337
20	119
92	506
3	98
0	0
0	249
11	5
0	0
0	0
0	0
0	6
0	0
0	0
0	0
1	6
0	4
0	0
1	0
0	0
5	0
0	0
0	1061
0	0
0	0
0	0
1	0
56	1858
0	14284
332	14226
5	10818
202	6506
56	572
5182	2916
48	2
415	1417
0	81
13	214
0	1210
42	130
0	223
1	49
0	34
0	0
1	102
0	3
0	7
1	73
0	0
5	95
0	0
0	0
0	9
1	0
0	88
1	10
7	0
0	6
1	0
223	860
3510	864
26	852
12	682
2	268
19	88
8	0
3	0
1391	899
0	209
6	114
20	95
4	502
0	0
0	0
0	0
0	0
0	0
13	8
0	8
0	0
0	0
132	5642
0	5577
18	5573
34	303
14	629
0	0
0	0
0	0
0	8
2	33
3	9
6	26
59	1869
0	1614
0	1126
0	0
0	0
11	755
0	0
35	381
0	2
0	0
0	0
474	284
9	192
127	206
83	81
2	5
0	51
0	76
0	101
22	129
0	113
0	94
2	16
5	80
0	80
0	0
0	6
0	0
2	30
6	0
0	0
117	924
4	923
0	236
1	81
1	15
0	4
1	0
0	0
2	0
7	7
4	7
7	3
7	3
0	213
0	213
21	171
0	124
0	59
2	60
0	79
0	25
7	81
0	38
0	17
0	39
1	0
0	0
0	32
0	0
0	0
8	1435
0	1946
0	1879
0	2031
2	1963
1	1867
1	1854
0	1923
0	1144
0	680
47	653
0	0
0	242
4	415
0	207
0	343
7	22
5	111
0	105
11	49
164	4406
58	4828
123	1962
62	750
40	723
0	0
0	0
0	0
0	0
0	0
4	913
0	929
36	605
5	651
0	423
0	245
1	182
23	19
0	5
0	9
137	111
1	57
4	11
0	0
8	390
0	0
0	0
303	52
0	52
3088	0
620	0
470	107
54	40
9	105
361	2
0	3
0	3
0	0
62	0
0	0
2	0
0	8
34	42
6	41
0	0
0	0
0	35
3	29
0	0
17	55
0	0
7	67
0	47
0	1
2	29
0	25
0	4
2	23
0	0
0	0
0	0
0	0
0	0
0	0
0	0
0	0
0	0
0	0
591	689
29	338
20	0
9	351
0	0
0	0
1	0
0	0
0	0
0	0
0	0
0	0
0	0
0	0
0	0
0	0
90	8057
0	104
0	0
0	0
0	0
0	0
0	0
0	0
0	0
0	0
0	0
0	0
0	0
17	0
0	0
10	3019
2745	3379
24	659
1	3421
0	1759
0	1855
11	270
4136	21
0	0
174	17
28	0
0	0
23	0
0	2
1	0
2972	1934
80	1343
0	1718
22	16
0	19
0	322
21	12
349	44
6	89
218	62
2	3
10	8
0	5
0	0
0	0
1346	0
16	1
0	587
0	581
0	473
6	0
0	0
6	55
4	286
5	2
883	93
22	93
0	0
0	0
2	0
79	93
0	20
2	76
5	76
1510	36
13	27
0	336
0	367
0	366
0	364
0	0
0	34
0	13
0	2
0	2
0	2
0	2
0	2
0	0
0	0
0	0
0	0
0	0
0	0
0	0
0	4
0	2
2	19
0	0
0	1
0	1
0	0
130	1767
28	1767
0	60
0	40
1	150
28	116
0	48
30	631
0	0
3	523
1	113
4	74
1152	1622
0	1630
14	131
36	735
18	0
2	0
0	0
0	0
1	41
0	34
0	40
2	38
1	4
0	2
0	0
0	0
0	5
6	0
0	10
0	0
0	0
0	0
0	0
0	842
0	1194
0	1180
0	774
2	1128
0	1157
15	24
11	526
16	217
0	116
0	96
0	31
0	51
0	0
0	0
0	0
1	0
0	0
0	0
0	0
0	0
0	0
0	0
1	14
3	214
365	786
16	330
15	158
6	689
6	107
1	0
0	0
1	0
0	0
35	35
804	297
10	86
0	265
35	224
0	0
11	12
0	3
0	11
0	8
0	7
0	7
0	7
0	2
0	0
2	2
0	0
1	0
0	0
42	0
1	6121
0	5804
1	5956
40	167
8	5661
0	0
0	0
0	0
0	0
0	0
10	489
0	479
2	472
0	290
0	260
0	261
0	253
1	218
121	24
2	0
0	0
0	1
1	856
3037	1461
32	60
8	285
4	260
0	0
131	39
0	39
0	0
207	8821
7	8821
5	785
14	979
28	333
55	0
0	0
5	0
39	213
4	163
0	13
12	1
21	376
54	172
0	3
0	1
41	442
0	168
1	70
5	29
0	0
10	1606
0	0
0	0
0	0
0	0
0	0
0	0
19	6
0	0
0	6
0	0
0	4
0	0
0	0
0	0
0	0
0	0
0	0
24	386
0	0
0	0
0	0
0	0
0	0
92	2582
5	513
1	133
0	342
33	51
1	414
7	1820
0	0
37	283
277	5825
27	164
58	112
5	165
2	32
0	5794
0	0
0	0
0	211
1	177
295	4
0	4
0	0
0	0
0	0
0	33
0	1
0	33
0	1
0	32
0	0
0	33
0	1
0	33
0	1
0	33
0	1
0	33
0	0
0	0
0	0
0	0
292	1252
2	1153
20	95
0	118
5	161
2	31
0	159
4	345
0	340
0	358
7	356
0	341
0	37
3	1
1	1
0	0
0	0
0	13876
0	13696
0	13607
0	14361
0	13614
0	13350
0	13145
0	14099
0	13958
0	10448
0	13363
0	13204
0	14158
0	13792
0	13270
0	13608
0	13626
0	13810
0	13753
0	13329
0	13026
0	12631
0	13166
69	12801
0	13405
0	12038
0	1259
0	1381
0	1450
0	37
16	29
0	0
0	0
104	382
9	362
0	223
9	306
6	176
0	100
2	1259
2	1503
0	1494
0	322
0	328
0	119
539	267
0	265
5303	203
0	0
0	0
3	197
0	66
8	513
8	514
0	296
0	115
0	131
0	125
17	4
17	116
0	0
4	0
1028	1582
16	1572
52	565
136	185
0	6
0	179
2	55
0	0
132	136
0	136
1	139
4	23
0	139
20	74
2	133
3	133
0	16
0	16
0	4
0	0
8	67
0	106
7	207
694	267
3	16
78	255
6	0
0	0
0	0
0	6
0	6
0	5
1	0
1	0
68	3572
0	3575
18	296
0	2607
0	770
8	455
8	130
5	595
1	33
7	120
0	3303
0	134
8	5468
9	5164
0	871
0	4686
33	539
0	0
191	1
0	1
0	0
0	0
1	0
0	23
0	23
29	27
43	27
0	0
0	0
0	0
0	0
0	0
0	0
0	0
0	0
0	0
0	0
0	0
0	0
0	0
0	0
0	0
0	0
0	0
0	0
0	0
0	0
0	0
0	0
0	0
0	0
3	0
0	0
0	0
0	0
0	0
0	0
0	0
0	0
0	0
0	0
0	0
0	0
0	0
0	0
0	0
0	0
0	0
0	0
0	0
0	0
0	0
0	0
0	0
0	0
0	0
0	0
0	0
0	0
0	0
0	0
0	0
0	0
0	0
0	0
0	0
0	0
0	0
0	0
0	0
0	0
0	0
0	0
0	0
0	0
0	0
0	0
0	0
0	0
0	0
0	0
0	0
0	0
0	0
0	0
0	0
0	0
0	0
0	0
0	0
0	0
2	0
0	0
0	0
0	0
0	0
0	0
0	0
0	0
1	3
0	71
0	120
0	120
6	120
44	1
0	0
0	0
0	1
0	0
0	0
0	0
0	0
0	0
0	0
0	0
0	0
0	0
0	0
0	0
0	0
0	0
0	0
0	0
0	0
0	0
0	0
0	0
0	0
0	0
0	0
0	0
0	0
0	0
0	0
0	0
0	0
0	0
0	0
0	0
0	0
0	0
0	0
0	0
0	0
0	0
0	0
0	0
0	0
0	0
0	0
0	0
0	0
1	0
0	0
0	0
0	0
0	0
0	0
0	0
0	0
0	0
0	0
0	0
0	0
0	0
0	0
0	0
0	0
0	0
0	0
0	0
0	0
0	0
0	0
0	0
0	0
0	0
0	0
0	0
0	0
0	0
0	0
0	0
0	0
0	0
0	0
0	0
0	0
0	0
0	0
0	0
0	0
0	0
0	0
0	0
0	0
0	0
0	0
0	0
0	0
0	0
0	0
0	0
0	0
0	0
0	0
0	0
0	0
0	0
0	0
0	0
0	0
0	0
0	0
0	0
0	0
0	0
0	0
0	0
0	0
0	0
0	0
0	0
0	0
0	0
0	0
0	0
0	0
0	0
0	0
0	0
0	0
0	0
0	0
0	0
0	0
0	0
0	0
0	0
0	0
0	0
0	0
0	0
0	0
0	0
0	0
0	0
0	0
0	0
0	0
0	0
0	0
0	0
0	0
0	0
0	0
0	0
0	0
0	0
0	0
0	0
0	0
0	0
0	0
0	0
0	0
0	0
0	0
0	0
0	0
0	0
0	0
0	0
0	0
0	0
0	0
0	0
0	0
0	0
0	0
0	0
0	0
0	0
0	0
0	0
0	0
0	0
0	0
0	0
4	52
0	0
0	0
0	0
0	0
0	0
0	0
0	0
0	0
0	0
0	0
0	0
0	0
0	0
0	0
0	0
0	0
0	0
0	0
0	0
4	44
0	0
0	0
0	134
0	0
0	0
0	0
0	0
0	0
0	0
0	0
0	0
0	0
0	0
0	0
0	0
0	0
0	0
0	0
0	0
0	0
0	0
0	0
0	0
0	0
0	0
0	0
0	0
0	0
0	0
0	0
0	0
0	0
0	0
0	0
0	0
0	0
0	0
0	0
0	0
0	0
0	0
0	0
0	0
0	0
0	0
0	0
0	0
0	0
0	0
0	0
0	0
2	0
0	0
0	0
0	0
0	0
0	0
0	0
0	0
0	0
0	0
0	0
0	0
0	0
0	0
0	0
0	0
0	0
0	0
0	0
0	0
0	0
0	0
0	0
1	0
0	0
0	0
0	0
0	0
0	0
0	0
0	0
0	0
0	0
0	0
0	0
0	0
0	0
0	0
0	0
0	0
0	0
0	0
0	0
1	0
0	0
0	0
0	0
0	0
0	0
0	0
0	0
0	0
0	0
0	0
0	0
0	0
0	0
0	0
0	0
0	0
0	0
0	0
0	0
0	0
0	0
0	0
0	0
0	0
0	0
0	0
0	0
0	0
0	0
0	0
0	0
0	0
0	0
0	0
0	0
1	0
0	0
0	0
0	0
0	0
0	0
0	0
0	0
0	0
0	0
0	0
0	0
0	0
0	0
0	0
0	0
0	0
0	0
0	0
0	0
0	0
0	0
0	0
0	0
0	0
0	0
0	0
0	0
0	0
0	0
0	0
0	0
0	1
0	0
0	0
0	0
0	0
0	0
0	0
0	0
0	0
0	0
0	0
0	0
0	0
0	0
0	0
0	0
0	0
0	0
0	0
0	0
0	0
0	0
0	0
0	0
0	0
0	0
0	0
0	0
0	0
0	0
0	0
0	0
0	0
0	0
0	0
0	0
0	0
0	0
0	0
0	0
0	0
0	0
0	0
0	0
0	0
0	0
0	0
0	0
0	0
0	0
0	0
0	0
0	0
0	0
0	0
0	0
0	0
0	0
0	0
0	0
0	0
0	0
0	0
0	0
0	0
0	0
0	0
0	3
0	0
0	0
0	3
0	0
0	3
0	0
0	0
0	0
0	0
0	0
0	0
0	0
0	0
0	0
0	0
0	0
0	0
0	0
0	0
0	0
0	0
0	0
0	0
0	0
0	0
0	0
0	0
0	0
0	0
0	0
0	0
0	0
0	0
0	0
0	0
0	0
0	0
0	0
0	0
0	0
0	0
0	0
0	0
0	0
0	0
0	0
0	0
0	0
0	0
0	0
0	0
0	0
0	0
0	0
0	0
0	0
0	0
0	0
0	0
0	0
0	0
0	0
0	0
0	0
0	0
0	0
0	0
0	0
0	0
0	0
0	0
0	0
0	0
0	0
0	0
0	0
0	0
0	0
0	0
0	0
0	0
0	0
0	1
0	1
0	0
2	1
0	1
0	0
0	0
0	0
0	0
0	0
0	0
2	3
0	3
0	0
0	0
0	0
0	0
0	0
0	0
0	0
0	0
0	0
0	0
0	0
0	0
0	0
0	0
0	0
0	0
0	0
0	0
0	0
0	0
0	0
0	0
0	0
0	0
0	0
0	0
0	0
0	0
0	0
0	0
0	0
0	0
0	0
0	0
0	0
0	0
0	0
0	0
0	0
0	0
0	0
0	0
0	0
0	0
0	0
0	0
0	0
0	10
0	0
0	0
0	24
0	0
0	0
0	0
0	0
0	0
0	0
0	0
0	0
0	0
0	0
0	0
0	85
0	0
0	0
1	1
8	3821
0	6546
72	6566
3	0
0	0
806	282
32	43
13	59
0	59
2	18
0	8
0	136
0	1753
0	1753
17	826
0	10
10	139
6	132
69	131
35	86
110	144
4	112
23	69
2	17
0	13
0	11
0	17
0	13
0	11
0	17
0	2
0	141
82	3130
0	2079
27	26
1	2850
263	300
10	2689
4	1870
191	21
0	227
4	667
3	442
23	0
0	0
5	313
204	1467
24	489
6	445
9	848
59	36
3	531
33	535
5	4
0	47
38	586
5	17
72	626
0	348
9	45
0	0
0	11
2	4544
0	4520
0	5400
3	5407
0	29
0	173
0	5442
4	9
0	5477
0	5406
26	4284
0	4488
13	155
0	0
0	5
0	5
0	7
0	2
1	0
0	0
10	3830
6	3157
2	980
0	2806
0	2192
3	1415
0	661
0	416
1	665
37	201
8	272
6	372
4	158
7	30
6	3
0	56
11	26
0	4
0	20
0	13
39	0
1	40
7	0
111	48
0	14
0	2
0	2
0	2
0	1709
0	1701
0	1740
0	1660
0	1733
4	1731
0	1668
0	1668
0	1751
0	1791
0	1671
0	1711
0	1607
0	1668
0	1632
0	1604
0	1546
0	1747
10	0
5	220
2	52
4	74
8	48
36	1000
2	1040
0	137
11	205
1	12
1	236
2	288
2	290
2	206
6	283
0	228
1	22
0	22
5	0
0	0
2	281
0	1729
0	1729
0	1729
0	96
39	1110
0	2
23	223
4	196
2	279
0	168
0	179
0	146
5	0
0	29
0	633
1	59
22	646
7	647
4	86
0	653
6	89
2	0
0	169
9	91
3	50
5	86
103	1838
4	1838
2	40
11	322
0	73
6	131
8	169
22	136
7	286
0	238
8	39
6	52
0	0
0	10
0	0
3	4
0	3
0	744
2183	754
46	353
0	273
0	0
62	4981
1	387
0	1131
0	4974
6	4834
0	4693
43	534
3	693
1	0
3	138
1	4
0	4
0	1
3	0
3	530
7	564
5	66
0	34
0	58
1	19
83	4069
9	3969
4	3986
21	167
26	244
22	428
20	3965
6	1254
19	593
54	684
0	684
2	61
2	90
0	77
1	30
6	24
8	137
32	229
263	229
8	147
0	0
0	2026
0	1964
0	904
0	961
0	1880
0	1984
0	1858
0	206
0	12
0	0
29	0
0	80
4	80
3	80
0	42
1	2639
0	2791
56	2792
0	2796
86	2787
0	2508
0	311
10	165
0	230
0	133
9	98
3	251
0	414
0	156
0	0
0	0
0	0
1367	0
0	0
0	0
0	883
0	853
0	877
0	841
21	725
2	851
0	22
1	118
0	552
15	0
4	46
0	110
1	29
4	582
5	33
0	0
0	843
0	73
0	292
31	0
20	0
0	42
0	59
19	22
0	198
0	213
14	152
0	209
1	197
0	194
0	190
1	194
1	7
1	17
0	42
0	18
0	33
0	60
0	33
0	15
0	18
6	416
50	476
5	146
13	3
29	4
1	2
0	4
4	0
10	457
3	444
0	0
8	13
549	437
0	0
19	435
76	44
2	0
115	2971
121	2974
0	427
1	0
0	0
0	0
0	0
0	0
225	0
4	0
0	0
0	0
642	0
0	75
1	76
0	35
77	10
22	11
0	12
3	0
0	0
0	0
0	0
0	0
1	175
17	4067
0	582
2	1189
126	3959
44	4
0	3803
2	1175
182	102
1	99
27	2
5	10
0	13
0	0
0	0
17	2949
12	3250
0	3093
2	344
0	1690
0	862
1	643
1	647
0	0
1	336
23	305
0	21
0	0
0	0
0	0
0	0
0	5
0	5
0	898
405	1242
5	110
0	1103
3	82
5	0
31	932
1	93
0	0
6	339
4	308
0	160
0	12
58	127
0	126
3	125
0	28
40	43
0	30
0	12
1	6
0	29
0	31
2	27
8	0
1	0
0	0
0	0
0	0
0	0
0	0
0	0
0	0
0	0
9	583
3	588
0	20
0	1
0	1
0	86
0	86
4	221
0	81
4	242
7	95
20	7
6	64
0	18
21	18
29	22
0	1652
383	2396
1	2367
0	705
13	94
1	2
9	2
1	1
0	0
0	0
0	0
0	0
0	5
0	5
0	0
0	0
0	921
0	1383
0	1525
54	1105
111	100
5	65
21	6
163	0
2873	1995
0	1287
20	1258
4	254
0	0
0	0
0	0
0	0
0	0
0	0
0	0
0	2
0	0
0	0
0	0
0	25
0	22
0	0
0	0
1	0
0	0
0	0
0	0
11	30
0	5
0	0
2	2
0	0
0	0
2	0
2	0
0	0
0	0
0	0
0	0
0	0
0	0
0	0
16	212
0	72
0	179
0	179
0	179
0	29
0	131
0	38
0	0
0	98
13	30
0	9
0	4
0	1
0	1
0	0
42	45
1041	100
11	96
0	42
0	41
1	26
0	3
0	6
0	4
0	2
0	1
0	1
0	0
0	0
2	19
411	89
0	88
7	18
4	1679
95	1694
0	0
0	0
1	0
81	15
0	93
0	0
2549	118
0	84
3	0
0	52
47	0
439	326
15	10
40	236
4	80
13	3
0	0
0	0
0	0
0	2
0	0
0	0
0	2
0	3
0	0
0	0
0	0
0	0
0	0
0	0
9	4198
1	4048
14	2959
85	2554
0	1044
14	1124
13	1266
1	956
167	584
0	0
402	248
0	174
29	172
27	203
1	183
0	31
0	10
0	0
0	1
0	1
0	0
0	0
0	0
1986	12538
0	11743
91	3640
5	1601
0	1596
13	717
5	549
80	780
0	0
0	0
0	0
0	0
0	0
0	0
0	0
0	0
0	0
0	0
0	0
0	0
1567	394
0	392
0	0
1139	422
2	35
18	415
29	789
2	769
18	787
0	745
0	60
0	625
6	57
1	6
0	74
0	285
1	101
10	94
0	39
1	5
333	12604
35	12485
226	1855
0	286
29	1092
60	955
41	124
1	1854
10	661
15	209
4	1706
17	129
32	391
0	72
18	195
0	0
0	0
0	0
0	0
0	0
0	0
0	0
0	0
0	0
1	0
0	99
1	385
0	0
10	115
11	380
0	38
0	397
0	288
0	19
0	0
0	0
118	1745
0	1419
0	1572
25	1028
0	1491
0	0
0	9
0	9
0	0
3	5
0	5
0	4
0	2
0	2
0	588
52	585
0	148
0	0
0	5
0	5
0	5
0	5
0	0
0	2
0	0
0	0
0	0
0	0
0	0
0	3
2778	3387
0	0
23	3381
10	3198
3	431
0	0
0	2
3	1
0	1
0	1
0	1
2	1
0	0
0	0
0	0
593	154
219	73
27	27
3	61
0	3
6	37
10	5
86	189
0	186
5	82
0	55
0	5
0	6
0	0
34	1
0	1
0	1730
0	1730
1	1719
3	1
159	19
2	19
0	0
0	0
1	0
0	0
0	5
48	1146
1339	1599
0	517
0	1501
13	5
0	0
0	0
0	0
0	0
0	0
0	0
0	0
0	0
0	0
0	0
0	8
0	4
0	4
0	6
1	0
0	7
0	7
0	3
0	0
0	0
44	390
6	390
0	0
1	0
0	0
0	0
0	2147
5	0
0	17
0	17
0	8
0	0
2	9
0	0
0	0
0	0
0	17
0	17
0	17
0	16
0	16
0	17
2	2
0	4
3	1
0	4
0	4
0	7
0	3
0	1
0	4
0	0
0	14
0	1
297	157
0	0
0	150
7	69
1	7
521	6
0	39
85	123
7	89
0	29
0	36
0	0
0	0
0	0
0	0
0	1
0	0
0	1
0	0
0	0
0	0
0	0
0	0
0	0
0	0
0	0
17	8
0	0
0	8
0	2
0	6
0	2
0	0
0	0
0	0
0	0
408	300
1	282
9	97
60	104
0	0
1	45
0	0
0	0
0	0
19	1
0	1
3	0
0	0
0	0
0	0
0	0
0	0
0	0
0	0
0	1469
24	500
0	0
1	111
1	104
1	46
0	0
0	10
2	9
151	186
0	124
0	163
0	178
34	65
0	38
0	0
0	0
0	0
0	0
0	10
0	10
0	10
0	10
0	10
0	10
0	10
2	10
0	10
0	10
0	10
0	1
5547	671
24	667
0	0
345	10369
5	10369
14	627
59	24
101	629
5	106
3	565
10	110
2	73
0	0
0	0
39	364
9	222
3	0
0	0
0	0
2	0
2	0
273	0
0	0
0	0
0	0
0	0
0	0
0	0
0	0
4	3
0	3
0	1
0	1
0	1
0	0
0	0
0	0
0	0
0	0
0	2
0	0
0	0
0	0
0	0
0	0
0	0
0	0
0	0
0	0
0	0
0	0
0	0
0	0
0	0
0	0
0	0
0	0
0	0
0	0
0	0
0	0
0	0
0	0
0	0
0	0
0	0
0	0
0	0
0	0
0	0
0	0
0	0
0	0
0	0
0	0
0	0
0	0
0	0
0	0
0	0
0	0
0	0
0	0
0	0
0	0
0	0
0	0
0	0
0	0
0	0
0	0
0	0
0	0
0	0
0	0
0	0
0	0
0	0
0	0
0	0
0	0
0	0
0	0
0	0
0	0
0	0
0	0
0	0
0	0
0	0
0	0
0	0
0	0
0	0
0	0
0	0
0	0
0	0
0	0
0	0
0	0
0	0
0	0
0	0
0	0
3	0
0	0
0	0
0	0
0	0
0	0
0	0
0	0
0	0
0	0
0	0
0	0
0	0
0	0
0	0
0	0
0	0
0	0
0	0
0	0
0	0
0	0
0	0
0	0
0	0
0	0
0	0
0	0
0	0
0	0
0	0
0	0
0	0
0	0
0	0
0	0
0	0
0	0
0	0
0	0
0	0
470	456
14	230
26	34
3	219
0	0
996	0
215	2533
0	2570
64	1969
0	4122
193	4015
8	168
8	39
9	280
182	2063
531	274
2	274
543	117
46	115
0	0
1541	0
0	0
0	0
398	240
0	0
0	155
2	240
0	0
5	643
0	634
0	642
0	626
1	624
1	4
2	0
15	83
2	17
0	10
0	5
0	0
0	0
0	1
1464	584
7	12
2	527
0	494
1	0
2	0
1	0
1	468
9	0
739	572
0	0
0	0
0	10
0	128
21	146
0	0
0	46
5092	4
111	6
2	6
1	841
1	831
0	884
9	587
28	1844
10	0
0	2
0	2
0	2
1	3
0	3
0	3
0	2
0	1
0	2
8	0
0	0
0	0
0	0
0	0
0	0
0	0
301	2174
7	2130
61	182
3	297
18	825
0	0
68	358
2	243
0	90
0	90
328	0
34	0
0	0
0	0
4	291
1	317
0	238
2	19
43	102
54	39
0	0
0	0
0	0
0	0
0	0
0	0
0	0
0	0
0	0
3	0
0	0
0	0
1	0
1	98
12	98
16	20
0	0
0	705
0	707
0	781
0	780
0	670
0	636
0	166
0	47
2	97
0	23
0	8
48	12
0	7
0	38
220	177
4	1
1	116
1	132
0	24
14	0
0	0
2	0
3	0
4	62
0	0
0	0
0	0
0	0
0	0
0	4
0	4
1	0
0	0
0	0
5	0
0	1
2707	407
62	407
0	0
0	0
0	0
31	43
278	28
0	30
0	164
0	161
0	56
0	61
0	48
0	46
5	27
0	0
0	0
1	0
0	0
7	2
0	0
7	2
0	0
6149	241
4	237
0	0
0	3
0	0
0	3
0	0
0	0
0	0
1	0
0	0
105	0
0	0
0	0
3	319
0	871
7	821
0	797
0	797
12	758
16	110
1	40
156	1411
0	803
1	1234
16	196
0	0
641	1355
5	1333
9	270
7	285
0	37
1	187
0	72
2	23
0	0
1043	213
0	69
5	14
2	130
0	72
0	1
0	0
1	71
2	52
16	0
10	143
0	144
3	44
0	20
1	37
5	51
1145	2
704	157
6	157
1	2922
1084	2922
0	47
256	61
0	46
2	46
2	38
192	536
0	188
1	252
2	308
0	404
0	194
3	199
0	0
1	48
0	3
757	664
53	52
1	19
0	183
10	88
6	236
0	415
4	29
0	158
1077	158
18	153
2	153
0	0
0	0
809	127
20	113
0	132
205	2
0	219
0	952
2	15
27	745
88	949
0	22
6	188
24	54
0	169
3	2
1	31
0	3
1	3
1319	198
22	64
6	66
0	45
1	65
1	54
11	41
74	0
131	86
0	356
0	356
4	16
0	70
0	27
0	2
73	534
0	12
4	483
12	135
0	36
9	114
0	0
25	5
7	77
0	192
609	963
38	963
76	7753
8	6118
107	7751
16	938
10	664
17	0
0	0
7	589
9	964
0	924
0	62
1	61
5	26
607	68
0	68
39	0
906	1226
0	1224
7	20
0	0
1	62
0	62
0	2
24	7102
28	6677
10	691
5	348
0	1604
81	1626
6723	1628
46	55
10	55
132	753
0	10
38	752
0	62
0	0
0	370
9	348
0	369
2	104
1	11
6	737
0	0
1289	38
0	3
7	22
16	11
0	0
62	0
0	30
0	33
1	20
0	33
0	30
6	26
1	885
0	890
3	903
0	802
2	705
24	738
3	178
0	47
1	85
0	0
4	417
0	41
0	24
11	417
0	22
0	40
6	243
1	16
0	0
0	5406
0	5267
0	5652
0	5341
22	1194
0	1739
0	3470
2	319
27	124
0	162
5	118
0	450
0	130
0	712
16	108
261	503
0	497
4	43
2	46
0	0
4	26
0	0
27	145
4	260
0	41
0	197
0	142
0	61
1	51
0	5
0	50
36	76
0	81
0	113
9	7
0	18
0	14
28	0
2461	405
0	129
0	120
0	259
0	3
0	3
0	1
0	0
0	0
1	0
22	264
101	264
2	1334
24	1339
0	1200
1	6
72	49
38	552
5	57
0	120
1	75
0	42
0	2477
0	2520
8	2229
2	1810
2	1186
0	394
471	458
3	230
4	21
0	42
10	164
5	498
1	42
11	84
36	468
0	40
0	470
2	332
0	140
2	41
0	86
0	34
0	33
1	14
0	9
0	14
1	5
0	12
0	12
0	11
0	11
0	0
0	7
0	7
0	6
1	5
0	1
2081	4839
9	4739
3	55
6	84
1	437
29	2559
0	238
0	282
20	198
6	165
0	262
4	1806
11	1684
0	1662
4	450
53	38
3	136
5	388
15	42
4	165
2	324
2	331
0	322
6	323
0	64
7	111
1	6
1	245
5	577
0	564
1	1611
19	1611
0	0
34	9
0	444
10	240
15	110
14	0
4	495
24	468
12	1384
1	13
27	59
13	61
6	1
0	38
0	23
0	2531
0	2529
0	2493
0	789
2	326
9	76
1	0
5	0
1769	933
1	147
0	0
1	120
0	155
1	59
4	421
28	106
0	545
0	472
2	436
0	0
0	28
0	44
0	14
1	89
0	0
1	1012
32	631
26	901
1	407
0	583
26	64
15	9
0	75
0	11
0	3
0	5
0	1
0	8
0	0
0	1
59	16
0	0
0	16
0	7
0	7
0	295
0	0
93	295
0	93
1	313
1	231
0	75
0	54
0	325
1	117
0	32
0	315
2	184
475	636
0	564
0	898
5	69
68	600
0	397
11	2211
0	1552
0	1552
0	2202
0	1531
0	240
3	1019
0	359
233	500
3	235
19	73
82	675
42	200
16	261
0	595
2	1915
5	2010
5	1126
2	126
0	91
7	123
0	104
12	265
0	156
1	43
1	788
3	14
0	36
4	63
0	143
0	35
83	77
1	30
21	1263
0	0
0	0
1	1286
0	37
1	2234
1	2149
2	2262
0	2160
3	2226
0	205
0	26
25	185
1	187
65	167
4	1425
7	547
7	908
1	107
91	387
7	560
0	469
0	77
29	5672
1830	26091
2	3051
75	11071
36	26398
1	2612
62	5700
3	4598
30	2558
11	5333
22	8
0	1
0	0
0	0
2	7
10	25
1	25
1	5
2	0
0	0
0	7
7783	4838
0	283
0	2989
14	1618
0	181
0	181
1	138
3	14
1467	3917
90	3925
2	2552
14	2293
3	867
1	847
0	0
0	2
0	2
0	2
0	2
0	0
114	854
9	543
4	846
28	381
2	295
579	2124
0	6
0	11
1006	2122
3	339
16	177
0	158
139	324
3	274
0	48
0	59
0	70
0	9
4	41
0	36
0	43
0	52
0	8
0	13
2	23
0	11
0	0
11	0
0	0
0	0
0	599
0	620
6	41
0	120
0	540
0	521
0	173
0	0
0	145
0	0
17	1681
3	1328
24	401
0	1354
99	446
1	546
0	674
2	1362
1	259
1250	1022
0	0
11	11
1745	1012
0	803
3	515
0	0
8869	4
0	2
0	2
0	0
0	0
0	0
0	0
2	37
1874	116
0	2534
172	2534
14	148
336	0
0	3
0	4
1	4
0	4
0	1
0	0
0	0
11	29
0	273
0	290
6	191
0	178
0	235
0	265
0	140
3	170
1	43
9	5
0	0
1	46
0	0
0	0
0	46
3	43
0	1
7	0
3	7
0	1
203	10
0	11
6	2
68	211
74	211
0	846
347	4611
1	1604
120	4719
0	1
1637	1826
10	1826
0	2
5	4
0	2
1	2
0	0
8	2
8	0
44	840
0	81
4	780
0	2
0	109
9	254
407	9128
28	79
3	96
36	0
64	4822
19	9126
0	1714
0	5532
0	2500
0	0
0	1
1	1046
0	0
2	0
0	0
60	375
2	770
0	1114
0	1096
0	1131
1	1124
9	782
0	600
0	0
5	0
0	0
0	0
54	316
0	409
3	395
1	690
0	703
1	690
0	385
1	272
42	248
0	0
0	0
0	0
0	0
0	0
0	0
0	0
0	0
0	0
4	0
5	535
53	535
1	0
0	0
0	0
62	5506
5	5533
1	614
5	0
565	0
3	47
6	68
0	23
1451	2
11	23
3497	784
51	780
14	24
500	2411
0	2045
133	2350
0	345
0	2
2	2
30	1079
0	101
9	261
0	1197
52	371
2	126
0	323
5	711
0	0
0	0
0	0
0	0
10	248
45	664
13	587
0	0
8	143
0	143
1	0
0	0
16	53
1	54
0	31
0	26
0	15
21	34
0	1
0	34
2	1
117	89
0	21
13	65
0	8
0	8
9	522
0	492
0	483
1	0
8	198
1	238
91	162
0	50
1	11
2	4
6	0
0	2361
0	2974
1	2862
3	349
0	5
0	0
0	0
0	0
0	0
101	4897
18	4827
69	688
4	599
0	319
5	229
0	249
29	416
0	139
0	1458
14	55
0	0
6962	1247
202	1019
0	0
346	508
44	119
20	10
38	194
344	418
5	51
1	237
1	378
0	0
1	51
6	161
239	203
0	130
0	152
2	177
78	655
7	280
0	581
0	55
1	11
0	0
123	146
3	197
0	181
0	0
53	0
31	2064
3636	2857
0	423
1	215
7	211
475	765
3	606
3	226
0	230
0	90
2990	472
1	104
3	379
6	2
0	2
0	248
174	2734
9	2578
37	224
7	383
31	329
0	261
0	119
33	4
7	4
0	0
0	0
0	0
0	0
0	35
0	35
1	0
3	249
17	222
0	74
3	19
0	65
1	32
0	19
0	54
2	54
0	15
0	9
0	0
0	0
11	144
0	139
1	2
1	13
0	0
10	211
3	211
1	211
0	84
268	941
7	339
22	886
0	163
2	132
23	281
4	0
2998	188
0	188
0	0
0	0
0	0
908	0
8	287
0	58
21	286
1	14
203	0
19	520
11	520
0	16
0	38
0	46
8	69
0	0
1	0
0	0
0	0
0	0
41	99
53	60
0	480
387	837
0	90
6	792
6	17
2	0
0	25
0	17
0	10
0	21
0	19
0	18
0	4
0	5
0	0
0	6
0	9
1	10
0	4
0	1
1	1
7	15
0	9
0	7
0	13
0	7
0	4
0	13
0	6
4	8
17	2
0	11
0	8
0	27
0	17
0	17
0	20
0	12
0	8
0	7
0	1
0	1
8	14
0	16
0	5
2	8
0	12
0	11
0	5
0	6
0	19
0	5
0	9
4	5
3	5
1	5
0	5
0	0
0	0
0	0
0	0
0	0
0	0
0	0
5	0
0	0
1941	3877
12	90
29	193
6	255
15	251
21	41
13	3193
85	175
6	201
156	380
66	219
488	558
0	0
2	556
1	0
1863	1422
25	1318
7	1336
283	19
34	10
0	99
0	99
0	0
116	0
0	0
1	0
48	54
0	54
268	28
5	26
3	2
1	0
1	0
546	75
5	12
8	63
423	560
6	501
14	29
11	22
5	47
114	208
1	102
5	123
0	0
12	138
0	0
0	0
0	0
6	0
14	0
72	0
0	5096
2	1261
32	964
293	1283
2	28
8	4847
3	0
11	935
28	243
0	0
0	0
0	0
0	0
0	0
511	0
10	0
19	0
0	0
0	0
107	8
0	8
7	0
0	4
0	4
0	2
0	1
0	0
0	0
0	0
0	2
0	17
0	121
0	1603
0	1664
3	76
1	1650
0	1263
0	1664
0	1593
0	47
1	168
0	233
29	0
29	6
0	5
0	1
0	2
250	424
575	424
1	0
17581	4
0	0
0	0
0	0
0	3
0	0
0	0
0	0
817	2529
6	2179
3	431
4	417
0	0
0	0
60	2076
24	1336
0	1196
1	776
0	358
1	17
1	0
4	117
1	615
0	0
6	186
2	381
2	125
2	96
1	894
0	982
0	833
0	0
1	622
0	306
0	176
0	2
0	686
0	0
854	3175
6	570
9	2711
105	287
8	34
1	38
0	39
2	35
0	38
0	36
0	36
0	4
35	5
0	5
0	0
0	0
0	0
0	0
0	0
0	0
7	190
0	273
0	239
0	254
2	139
3	231
0	151
11	128
0	300
270	920
3	268
1	200
20	152
2	79
0	268
3	99
98	2177
12	815
0	2007
66	0
0	0
2	21
51	1
19	1
12	16
0	462
21	24
0	0
0	0
12	9
37	504
168	504
0	0
0	0
161	112
0	434
76	480
0	462
0	1286
7	1148
10	1275
317	967
1	303
6	60
0	71
50	580
0	75
715	444
8	293
7	178
2	38
1	199
8	109
21	184
9	84
0	26
2	29
3	0
761	949
1	917
0	38
0	80
0	45
0	44
0	84
0	157
1	506
9	0
0	160
35	309
7	2
0	61
25	153
0	44
0	67
1	25
76	13
174	14
6	7
5	14
1429	1354
0	1366
14	33
4	36
5	3
61	62
3	144
0	145
49	121
0	29
0	15
0	15
0	0
0	1
0	1
0	78
0	268
41	238
0	173
3	228
0	231
0	182
0	25
0	29
0	37
0	35
67	15
7	0
62	294
11	294
1	82
67	118
4	15
0	103
0	0
1	309
10	263
0	356
0	95
5	138
0	111
0	17
0	0
0	339
143	339
3	84
7141	8
16	1059
30	1060
7	54
4	22
0	74
2	33
3	141
0	14
0	24
17	152
1	28
6	189
6	330
2	415
0	103
6	1068
5	1124
77	1094
1	178
7	435
1	1957
4	524
3	1572
10	191
1	767
15	41
7	71
0	0
0	473
0	462
1	462
0	65
0	113
6	10
67	0
0	0
0	0
0	0
3	520
11	2100
2	599
18	1250
1	813
0	1051
16	1961
3	1784
2	1706
23	1925
0	1360
38	1436
12	1471
5	56
0	75
0	116
20	455
8	0
0	0
0	0
0	0
0	0
0	0
0	3
0	3
0	0
0	0
0	0
0	0
3531	12
0	10
0	48
0	58
0	38
0	49
0	39
0	39
70	1006
0	1003
46	61
5	83
6	0
2236	492
0	97
7	90
36	301
18	3
1	94
0	49
0	1
0	0
80	465
4	474
18	493
0	467
0	26
2	26
12	865
1161	1871
0	760
13	237
0	84
7	0
28	269
1	5015
1	103
0	93
0	4873
2	233
0	0
0	0
0	0
0	0
0	0
0	0
0	0
0	0
0	0
1	0
0	0
0	0
0	0
301	1752
0	2682
0	2832
0	3000
13	2863
4	2772
0	2964
222	1507
1	216
0	325
0	200
0	92
0	18
0	0
0	0
0	0
0	0
0	0
0	0
12	277
1	91
5	277
38	0
15	61
0	0
1855	0
26	417
33	672
1	676
2	44
12	38
3	29
12	203
7	197
2	19
0	0
14	917
2	54
1	720
0	640
0	293
28	0
150	6096
443	6094
3	54
15	109
2	0
0	0
0	0
0	0
0	0
0	0
1	0
0	0
1429	0
0	0
0	0
8	0
0	0
1042	102
28	77
26	71
3	34
0	0
1	23
29	1373
15	1354
91	89
27	196
9	865
1	114
0	0
0	65
0	86
4	24
0	0
0	0
0	0
0	22
14	36
8	21
1	1151
1	0
0	0
3	141
0	1676
2	2323
3	61
0	1606
0	0
0	207
1	38
11	20
4	29
6	988
2	7
0	0
0	0
0	0
0	0
0	0
0	0
0	15
0	15
0	0
0	0
0	35
0	0
0	0
0	0
0	2
0	0
0	2
0	0
0	3
0	3
0	0
0	0
0	0
335	134
40	34
51	130
0	0
14	1059
0	1159
0	410
0	485
0	25
2	216
3	6
2	502
0	100
10	532
0	260
998	237
8	237
0	0
2	0
0	0
0	0
30	2068
0	2
0	2
53	2066
0	0
0	0
0	0
0	0
0	0
0	0
0	0
0	0
0	0
0	0
26	773
0	773
25	328
2	305
0	332
0	0
93	70
2	42
0	0
763	105
7	28
0	0
0	77
10	23
15	22
50	204
8	24
7	180
0	0
0	0
0	0
0	95
1	40
0	103
0	112
0	40
0	112
0	54
3	40
0	40
0	72
0	57
0	0
0	39
241	470
18	458
0	0
0	0
0	0
2	0
0	0
0	0
1	51
0	0
0	0
0	0
0	0
0	0
0	0
2	2815
0	2900
3	366
82	2345
256	111
0	0
0	0
41	869
18	183
0	315
0	317
2	546
4	0
0	0
0	0
0	0
0	0
1	0
0	0
135	10
10	10
1	0
0	0
2	153
18	153
0	0
0	0
0	0
44074	2
3	2670
1654	8456
8	446
12	950
39	84
321	810
12	1349
161	2717
0	0
0	0
1	0
0	0
0	0
0	0
1	1341
0	2
0	0
0	2
0	0
0	0
0	0
0	0
0	0
0	0
0	0
25	4200
44	4209
0	267
9	184
7	100
31	20
115	687
12	1
42	0
698	0
4	9
5	318
19	318
13	318
4	421
46	421
1	43
3	0
0	0
3	0
108	1089
5	22
0	162
4	952
0	51
3	1
0	60
2	14
0	57
4	364
3	9
2	75
22	0
0	0
0	5
0	5
0	102
2	102
3	3
0	0
736	265
51	33
23	76
0	95
0	151
5	22
0	143
474	30
3	30
43	567
16	2141
0	51
2	68
1	202
0	189
0	1845
57	32
137	0
120	187
0	180
0	0
4	1
0	97
0	36
17	0
0	0
0	0
49	914
0	53
0	914
0	458
3	0
0	0
0	0
0	0
0	0
5	19
79	5
77	4
20	2
0	0
3	1
44	4635
0	4661
0	4661
22	38
0	39
2	45
0	348
0	0
0	0
0	103
75	1121
8	1017
2	117
0	60
1	197
212	0
12	26
42	190
1125	203
0	53
4	150
0	5
2	2
0	1
0	4
0	1
0	4
1	2
0	0
0	2
0	2
0	3
0	0
0	0
0	0
63	0
684	3756
8	3688
0	2659
23	55
0	2889
7	1126
0	0
4	37
110	309
1	290
78	1248
70	968
2	80
0	0
0	1
0	0
542	158
11	95
1	63
3436	472
16	328
15	12
0	132
0	0
0	0
2	12
14	12
0	0
0	0
2	0
0	0
0	0
0	0
0	0
0	0
0	0
0	0
0	0
0	0
0	0
0	0
0	0
0	0
0	0
0	0
0	0
63	32
0	32
3	9
3	642
2	642
0	151
11	98
0	0
1	0
0	0
9	0
2954	2
1	0
2074	8
2	0
0	0
10	394
80	394
955	178
0	77
0	101
7	337
18	337
33	9
0	0
0	0
0	0
0	0
0	0
0	0
0	0
0	0
0	0
0	0
0	0
0	0
0	0
0	0
2323	1833
12	1833
64	1000
0	0
0	0
0	0
0	0
0	0
0	0
0	4
0	0
0	0
0	0
0	0
0	0
0	0
0	0
2	0
2	0
0	4
0	0
10	102
0	102
3	5
0	6
1	15
0	6
1	733
5	719
21	731
0	149
2	30
0	0
0	0
0	0
179	37
0	57
0	0
0	0
0	0
1	19
0	14
113	60
0	3
39	16
16	19
0	0
4	19
106	173
0	143
1	1
0	0
8	192
0	0
8	0
1037	66
3	27
0	39
0	0
1381	394
2	141
0	86
0	160
8	89
6	0
0	0
0	0
0	0
591	252
114	195
2	249
0	16
4857	2358
1	737
10	392
14	583
3	646
0	1625
6	2365
4	2156
3	122
22	868
4	159
1	189
0	0
0	16
100	46
0	46
0	20
0	0
211	133
1	14
0	37
0	0
5	13
0	22
2	12
2	29
0	18
0	32
0	0
153	195
0	6
0	0
0	0
0	0
0	0
0	0
0	0
0	0
0	0
0	0
0	0
0	0
0	0
0	0
0	0
0	0
0	0
0	0
0	0
0	0
0	0
0	0
2	2108
0	0
0	0
0	1242
15	535
20	90
22	1297
4	1003
9	180
4	53
0	640
23	370
11	422
4	0
13	1563
0	489
127	15
0	159
14	215
7	362
0	6
2	192
0	1496
0	273
2582	2
0	162
0	161
1	158
0	114
0	4
0	4
0	4
0	3
0	4
12	3
1	3
2	0
0	0
0	0
0	0
0	0
2	2
0	2
0	768
1	480
0	612
0	439
3	100
61	122
0	0
0	0
0	0
1	0
1	0
23	0
3	0
0	0
26	363
0	363
34	363
0	242
4	803
0	1033
0	928
0	711
0	0
0	0
4	39
0	140
1997	141
10	0
10	18
3671	3443
140	1832
0	680
13	419
176	349
50	2203
1	28
12	2105
7	367
8	63
41	1015
12	2105
18	1865
2	406
12	168
109	129
0	206
0	408
27	11
0	5
0	7
0	0
2	5
9	0
0	0
5	95
0	95
114	0
0	2
0	0
0	2
0	1
0	0
0	0
0	0
0	0
0	0
0	0
0	0
0	0
0	0
0	0
0	0
0	0
0	0
0	0
0	0
3	5
15	5
4	0
0	0
0	0
76	95
0	10
5	85
1	0
1180	2117
302	182
59	377
42	2129
2	934
217	0
21	4
852	3951
197	3951
0	0
3	16
0	16
0	0
41	1834
0	1955
0	580
26	839
2	719
28	697
2	439
15	268
6	162
8	1124
16	1127
8	1066
1	1063
2	2
0	0
0	179
0	34
0	0
13	0
0	3
4	3
0	0
0	0
0	2
0	2
0	1
0	2
0	1
0	1
0	0
0	0
0	0
0	0
14	644
1	593
0	179
0	14
5	47
0	16
37	54
5	5
10	0
0	82
0	85
4	19
0	14
0	73
0	206
0	206
0	206
0	0
9	2195
0	3737
13	797
68	984
20	147
1	330
0	404
22	5
9	1863
7	1670
99	0
44	1246
9	1246
894	1347
0	359
0	232
4	374
78	105
0	489
2	708
0	1157
2241	0
204	45
3	45
4	16
0	3193
20	3211
2	12
5	30
8	138
5	861
11	859
0	0
6	43
1	2
0	0
0	0
0	0
236	776
57	565
10	698
1	0
0	193
0	198
0	191
0	196
0	195
0	199
0	188
0	190
0	193
0	184
1	23
3	1
1	2
4189	474
0	464
8	190
6	1
0	0
0	0
9	6
1	1
0	0
0	0
0	0
0	0
0	0
0	0
0	0
0	0
0	0
0	1
0	1
0	1
0	1
0	0
0	0
0	0
0	0
0	0
0	0
0	0
0	1
0	0
0	0
0	0
0	0
0	0
0	0
0	0
0	37
0	27
0	34
65	0
0	2
0	2
0	0
5	0
0	0
3	276
0	275
0	182
12	55
16	66
3	33
1	9
0	316
24	316
7	21
1	1124
38	245
33	1111
4	112
6	48
0	893
2	38
3	35
3	36
0	1
0	1
0	0
0	0
2	0
0	0
0	0
0	0
0	0
0	0
0	0
8	144
11	144
519	24
34	20
6	1
0	1
10	175
0	166
0	169
8	0
3	5679
1836	5679
10	2562
0	198
0	0
0	0
0	0
0	0
2	3678
5	1869
0	3308
2	760
0	3554
0	3923
0	2151
59	101
2	55
0	10
0	229
138	5273
0	5014
3	1287
42	629
13	951
0	0
0	0
0	0
0	0
12	0
0	0
2825	2644
1	281
9	281
0	0
0	0
0	0
0	0
0	0
0	0
0	0
0	0
0	0
77	23
8	545
5	4844
219	557
0	1787
2	4795
5	2483
0	0
4	1407
231	1427
16	816
0	718
94	906
0	836
15	897
99	225
93	614
0	614
0	0
56	74
0	0
0	108
3375	325
20	244
22	128
100	67
2	1420
1	1421
37	176
32	208
2	922
3	91
26	438
4	19
39	0
0	0
44	66
0	27
7	13
0	22
0	26
611	1651
120	204
1	1534
128	318
3	1477
0	1083
1	0
1	0
0	0
10	31
1	412
107	2847
5	2557
11	669
153	560
0	0
6	0
0	723
3	774
9	451
12	551
5	239
0	4
1	4
0	1
0	0
5	0
0	0
0	0
0	0
36	2735
9	2517
5	414
18	53
118	1056
1	63
52	386
0	0
15	834
12	1
3	0
1191	255
27	129
1	76
6	171
0	0
64	319
0	83
1	64
10	319
28	2
0	2
294	0
1297	2576
2	589
0	838
4	633
0	782
3	239
157	886
10	0
102	141
0	141
13	1021
0	720
0	855
0	955
0	1098
1	519
0	137
0	284
0	303
0	276
9	388
1	219
0	301
0	268
1	4
0	98
0	197
68	101
0	125
0	0
18	0
22	563
6	1276
4	1245
0	1265
0	285
0	145
3	3
67	856
4	12
0	48
0	67
0	15
0	11
20	9
1	5
0	4
0	4
0	2
0	3
17	2355
0	1980
0	624
2	753
0	1037
0	544
0	123
0	611
14	347
3	300
581	494
22	234
0	504
0	51
0	40
0	8
1	0
0	17
10	14
5	9
1	17
0	1
0	2
0	7
0	8
4	254
0	2885
15	2064
0	2952
0	2207
2	2169
0	115
0	894
0	207
7	241
1	809
1	382
19	38
0	628
0	477
0	197
0	392
0	321
0	208
2	166
0	159
0	84
0	262
1	178
0	87
0	64
209	0
3	2087
1	2055
0	402
0	146
0	145
936	430
0	157
56	165
14	142
169	330
12	334
0	245
1	334
2	7954
2	7315
5	7501
0	7837
18	5898
27	5737
1	1987
59	2377
40	887
41	514
146	240
0	1127
5	102
55	982
111	399
5	610
0	437
81	298
0	140
2	515
1	605
81	496
15	540
343	796
18	679
0	53
41	1208
1	1161
9	5
32	45
15	3
0	91
0	47
9	12
0	16
0	137
340	0
9	27
0	9
4	34
12	4
0	24
0	2
0	0
0	0
0	5
6	2
0	0
0	0
0	0
10328	2688
0	266
1	3
0	0
0	1902
43	1792
64	296
57	1825
1	1869
12	1956
0	0
0	0
14	1863
10	146
4	196
0	1008
87	1002
0	47
1	136
0	56
11	0
3	0
0	901
0	1006
0	0
0	0
0	728
0	628
2	0
0	0
0	187
4	336
0	706
242	583
1	328
0	148
2	510
1	423
23	986
0	112
5915	5220
0	3810
19	1378
2	1001
0	2
6	2
2	2
0	0
1	291
1	272
2	12
4	28
10	0
0	0
0	27
9	72
2	75
90	3
0	74
19	74
0	0
701	780
1	663
81	163
3	4
0	378
3	4
0	4
0	0
0	0
12	1302
70	1303
0	149
0	5
52	386
0	230
2	171
0	67
15	28
0	0
0	1
39	0
1	208
2	225
0	39
2	0
0	19
7	27
1127	99
0	29
1	70
2	22
0	22
355	2080
344	1743
78	2131
0	2130
4	571
61	1959
24	30
17	43
41	474
7	269
490	616
1	616
1	0
34	450
2	21
2	2
0	0
0	0
0	0
0	2
8	245
67	7621
2	6073
0	7345
5	996
4	579
0	5833
0	1
0	445
8	460
1	139
0	0
0	0
0	0
448	0
0	4684
3	6
1	4717
0	4511
2	0
0	215
0	4463
0	2325
0	650
0	0
10	0
32	1130
1	1130
0	17
13	3
3	26
0	13
0	28
0	26
0	7
1	0
0	1
0	1
0	26
0	3
0	0
13	1
0	0
4	0
0	0
0	0
571	247
0	69
0	41
1	185
3	84
60	0
33	922
1	922
3	108
3	113
7	997
15	159
0	918
1	962
0	983
0	134
0	106
0	68
0	0
4231	1099
4	0
0	567
40	931
0	170
0	149
0	149
0	0
20	149
0	0
0	0
0	0
0	0
5	21
3	51
81	59
6	39
0	15
108	77
11	146
2	89
0	287
8	98
192	288
2	14
0	0
0	3
7	43
0	22
0	22
1	11
0	365
0	365
1	30
1	64
1	128
10	25
0	32
2	43
0	0
0	0
0	0
0	0
2	5676
27	5589
96	295
192	1189
0	1188
0	4700
17	0
0	4480
13	245
1	0
12	25
0	0
1	2
0	2
0	0
50	18
0	18
0	0
0	0
0	0
0	0
0	0
0	0
17	101
33	313
1	297
8	325
3	42
0	0
8	47
0	274
0	272
3	272
0	252
0	0
122	365
26	365
0	626
0	681
4	648
46	327
0	94
0	115
0	0
0	93
0	31
0	0
0	0
0	0
0	0
0	0
0	0
0	0
0	0
2	0
5	0
0	0
1	0
891	0
0	0
0	0
9	0
0	0
3293	553
294	108
41	132
137	44
24	90
9	181
1	1670
2	1576
0	52
435	1745
2	1676
0	0
9	11
4	1006
28	629
24	111
11	70
0	195
25	38
21	134
13	1629
1	1656
0	861
0	112
0	105
12	0
1	0
3	1035
0	983
0	1057
0	934
8	81
0	3
1	3
0	0
2439	2166
11	213
0	229
81	157
18	1801
21	52
0	0
28	1469
0	213
21	93
7	276
138	543
34	0
0	0
0	0
0	0
1	2
0	0
0	252
0	0
0	432
2	430
0	288
0	239
0	5
1	6
0	0
4	0
0	0
0	0
0	1
0	0
0	0
34	20
0	0
501	3459
1685	3381
17	2984
2	178
0	1
0	1
0	1
0	1
0	0
0	0
0	0
0	0
51	393
16	393
0	18
399	228
7	228
1	34
0	90
225	133
1	41
0	0
2	29
2	46
10	22
1	0
0	0
0	0
0	0
3	32
0	0
0	32
0	29
0	2
85	1802
5	1802
118	1081
0	1081
3	488
8	375
0	244
0	70
43	0
0	0
2	24
0	13
0	24
0	3
752	0
0	0
0	0
834	0
0	0
0	0
0	0
368	313
0	0
0	1126
5	14234
0	14234
0	1120
5	1333
4	572
3	0
31	153
4	1251
2	119
14	55
13377	1232
27	1206
0	1
0	1
46	40
11	411
2	449
2	172
0	10
6	215
0	51
0	43
2	0
26	432
194	6
0	6
1	6
20	6
0	0
0	0
152	0
6574	678
14	638
1	10
0	4
0	0
2	6
2	3
43	832
32	1082
62	1082
0	62
350	2200
1	225
23	189
0	1765
7	0
0	0
27	0
0	0
0	0
0	0
0	0
0	0
0	0
0	4
0	4
0	4
0	0
0	0
1	0
0	0
0	0
0	0
0	0
0	0
0	0
218	195
0	193
0	0
1	2
0	62
0	59
0	69
0	67
10	37
3	1
0	1
0	1
8330	2528
0	2492
0	0
0	690
0	8
0	0
0	801
0	689
5	146
1	95
76	674
0	0
4	687
0	530
0	763
0	163
124	722
11	689
0	1741
0	1037
23	797
0	1554
10	330
0	0
5	214
765	1120
10	644
3	854
0	276
0	0
0	2
0	2
0	0
0	5
5	7
1	6
0	0
3	1
0	0
0	0
0	0
0	0
0	0
0	0
0	0
0	0
3	0
0	0
0	0
0	0
1	3
0	3
10	0
411	232
0	57
0	228
5	91
1	3
2	3
0	3
6	0
350	350
1	350
0	0
0	0
7	282
13	363
31	420
56	94
0	38
43	320
3	274
14	445
83	283
0	612
2	445
21	227
212	0
216	64
0	64
0	0
0	0
34	0
10	3700
0	16
67	3858
0	15
1	10
8	1068
0	217
0	633
13	300
0	818
2	193
4	1109
2	777
0	434
14	197
6	132
9	785
0	674
3	805
1	69
1	143
0	111
1	116
31	112
1617	128
0	40
25	48
43	1155
0	1155
1	51
26	14
0	14
0	10
124	69
0	15
0	44
0	0
0	0
0	14
0	21
0	21
0	2
0	0
0	3
0	1
0	8
10	1201
1	914
12	1166
10	141
33	136
0	34
4	0
13	7
0	0
4	36
0	36
1	17
0	0
1	23
3	15
0	0
0	2
0	2
0	0
0	0
2	252
1	540
0	552
0	491
2	518
2	558
0	146
0	90
0	94
0	143
0	165
6	169
1	136
1	119
28	47
0	19
18	1010
3	477
1	981
0	1039
2	721
1	692
0	199
1	106
4	44
0	100
0	87
0	9
0	0
0	0
0	0
0	0
539	0
45	0
4	25
0	25
0	1
0	0
0	0
1	2
282	161
6	142
221	3
0	3
1	79
0	0
2	89
1	28
0	0
0	11
0	10
0	2
0	2442
0	2499
0	2449
0	2476
0	1946
65	1846
2	1668
10	1653
9	1016
0	1064
0	462
2	225
0	140
13	27
0	21
0	14
4	3
15	0
2	0
16	37
0	37
0	29
1	0
0	0
0	0
0	0
0	0
2	0
27	2799
351	2813
0	205
11	129
6	186
36	1578
0	1578
17	1559
1	33
2	25
4	256
0	48
0	0
0	0
0	0
0	0
0	0
0	0
13	27
0	1
0	1
0	1
0	1
0	1
0	1
0	1
0	0
2	0
0	0
92	835
0	806
0	370
6	37
2	10
0	24
11	14
0	9
0	0
0	0
0	0
5	6
98	138
5	113
3246	304
5	304
0	304
237	2049
1	1726
0	1457
0	1010
2	264
4	164
0	298
14	738
0	262
3	0
8	33
5	0
139	1784
90	1381
4	1606
0	1787
0	1641
9	356
2	674
19	56
8	214
7	157
0	35
0	0
879	571
4	338
33	455
1	11
4	38
6	68
149	3658
0	2167
1	1451
14	1428
14	1197
158	598
0	1
46	474
52	55
3	426
28	179
69	68
0	0
0	0
0	1
0	0
0	0
245	334
2	82
3	42
0	250
0	16
1	17
0	22
0	180
0	0
43	180
0	9
0	0
2213	309
1	196
0	113
0	113
0	1130
1	376
0	1029
76	42
100	162
1	1083
28	50
0	162
2	991
0	58
11	70
0	108
0	858
556	309
0	305
3	92
2	31
3	22
1	6
15	2633
22	2633
14	2305
1	0
120	0
13	0
0	0
76	2399
8	1958
0	2575
14	1082
9	731
2	449
0	173
13	113
302	875
1	842
5	365
0	0
14	17
4	0
478	0
0	0
13	0
1	0
1	0
7	0
1	0
0	0
0	278
10	1647
1	84
2	1608
5	11
1	45
8	9
0	66
0	74
1	3
2	12
1	0
0	0
912	2
0	0
0	0
0	0
0	0
6	3808
7	3799
1	4365
0	74
25	10
63	633
2	139
3	479
197	176
0	101
1	293
2	217
4	266
0	189
1	212
228	0
0	1
19	34
0	34
1	0
0	0
0	0
0	0
6	834
0	868
0	760
0	165
0	165
0	161
0	157
25	137
12	90
253	8426
0	8472
0	8474
21	8428
6	7917
0	0
7	204
18	3334
1	739
4	704
2	515
2	284
0	7
2	14
0	14
0	0
1	1
0	1
0	0
1	0
0	0
80	235
7	2
539	231
5	233
25	69
0	0
0	0
0	0
0	0
0	0
0	0
2	0
0	0
0	0
2	0
0	0
39	0
154	988
517	977
6	512
1	550
1	188
0	0
0	0
0	3412
15	3428
0	186
0	35
1	4
9	44
0	1123
0	2220
0	2001
0	2042
0	246
0	301
0	128
0	0
8	53
20	673
2	0
1	1
0	0
0	251
0	0
26	273
0	121
0	253
5	107
0	111
14	29
0	0
0	0
0	0
14	0
0	0
0	0
0	0
0	0
0	0
0	0
0	0
0	0
0	0
0	0
0	0
11	0
0	0
0	0
0	0
0	0
0	0
0	0
1275	0
22	438
0	442
0	442
0	57
3	32
11	135
817	135
4	13
10	26
1	22
1	23
0	0
59	2003
1	768
0	0
0	0
1	1355
4	0
10	24
1	4
0	4
0	3
0	4
0	4
0	0
0	0
847	167
5	156
37	8
0	13
0	12
0	13
0	2
557	610
4	400
9	123
18	86
3	158
0	319
2	102
0	319
20	293
0	34
0	42
0	0
0	96
3	239
0	0
0	12
0	12
2	0
0	0
0	0
2	0
247	3846
52	373
4	526
7	3836
56	650
48	646
105	361
3086	604
7	597
28	304
1	0
0	0
0	0
0	0
0	0
0	0
0	0
47	181
276	365
4	73
193	315
0	205
50	219
0	41
1	69
2	0
1	0
16	4
8	1
6	3273
155	3344
4	358
0	0
0	0
2516	433
12	0
0	433
0	0
0	0
0	0
1	0
0	65
2	0
0	194
3	2213
0	2196
2	220
192	1068
1	329
75	1051
0	145
0	0
0	0
0	0
0	0
0	0
4	6
0	6
0	4
0	81
0	13960
3	0
0	5249
0	77
0	0
0	0
0	0
1	2
0	10459
0	10459
0	10459
0	13257
0	13257
0	13525
6	2828
0	10474
0	52
13	58
0	88
28	15540
0	3033
187	14474
7	12068
0	14754
151	14309
0	1031
24	0
2	1895
0	10229
0	10229
32	2190
88	1001
0	1001
2	203
1	63
18	24
8	206
3059	0
0	0
1	0
1063	1434
59	1372
4	83
1274	1014
0	872
1	705
4	141
12	11
0	0
0	0
51	0
80	84
0	19
0	80
3	56
0	0
0	0
0	0
0	0
0	0
0	0
1	4
0	0
0	1
0	9
0	1
2	7
20	119
0	0
6	164
23	242
123	538
15	23
0	13
0	0
3	11
39	46
0	29
0	497
0	510
2	524
0	166
542	30
0	0
1	106
1	1133
0	21
0	1
1453	737
0	656
31	364
0	136
1	334
0	0
0	657
5	733
0	509
20	193
0	433
0	265
0	49
0	46
0	58
0	662
0	661
0	0
0	33
0	323
0	38
0	58
0	662
0	661
0	0
4	1152
0	27
0	104
0	0
29	226
1	26
0	29
1	497
0	1
221	634
0	136
39	683
1	132
0	662
0	25
0	48
0	0
0	390
0	1
0	1
0	0
0	753
0	450
0	15
0	172
0	30
0	101
0	1
26	85
0	331
0	21
0	1
0	657
0	632
0	176
1	60
18	184
0	52
0	136
0	214
6	174
0	322
0	0
7	28
0	712
0	577
0	249
0	433
68	295
6	69
11	674
59	428
0	621
0	0
0	0
52	139
201	453
0	10
0	0
0	1
0	104
99	87
1	752
1	449
0	172
90	15
0	0
8	27
6	56
0	389
0	1
0	0
113	174
0	5
0	5
4	4
0	1
0	1
1	1
14	4
7	164
0	1
0	36
101	284
17	303
0	42
0	14
23	10
3	69
0	21
23	8
0	0
0	104
59	39
234	74
4	31
40	59
30	26
0	14
0	4
0	0
2	0
5	38
0	82
0	82
0	648
1	702
4	66
14	0
1	78
34	299
10	0
0	25
0	2
0	1
0	75
0	673
7	700
33	34
0	0
87	105
250	95
18	63
2	57
10	142
9	149
3	26
0	28
2	27
0	28
0	28
2	2
0	13
0	0
0	0
0	0
0	0
104	0
156	0
0	0
2	15
1	15
0	2
0	0
2	3
0	0
0	0
0	0
29	4
0	3
0	1
0	0
0	0
0	1
0	0
24	1020
25	1020
0	0
0	158
0	44
111	44
0	0
92	1085
23	1050
64	271
20	2446
23	2381
44	2907
1	49
13	207
50	760
1	203
366	0
0	370
14	63
7	360
7	323
9	88
0	323
43	128
6	4
0	1
0	2
0	2
0	0
0	4
0	1
0	2
0	1
1351	1886
0	10
10	1885
78	59
61	1530
8	189
0	344
3	978
0	912
1	860
72	468
2	420
0	435
7588	615
2	104
0	148
0	0
2984	2486
18	2486
9	15
6	116
0	0
120	826
118	859
0	90
6	28
0	77
149	0
358	0
11	0
13	0
0	0
0	0
2	106
1	104
1	104
4	1
4	33
9	7
0	7
15	202
0	519
10	583
11	580
6	442
0	611
1266	450
5	448
1	226
0	226
0	30
0	64
0	44
0	45
0	0
0	0
0	0
1759	2530
0	2566
36	896
0	2551
7	2332
0	2420
15	1206
0	0
72	1442
0	50
11	1442
429	172
58	55
4	87
4	34
1	62
0	0
0	0
0	0
0	0
0	0
0	0
0	0
0	0
0	0
667	1051
0	1044
4	171
0	0
0	0
0	0
8	11
0	10
0	1
0	7
0	2
1	1
1	0
9	1077
25	1303
13	735
184	1174
9	1122
0	1069
0	188
29	1066
0	589
3	432
24	31
55	50
0	51
0	89
231	171
0	171
0	53
3	68
1	68
0	1
0	4
0	0
0	0
0	0
0	0
0	0
2	109
0	35
0	108
0	28
0	34
0	36
0	32
0	43
0	29
1	29
0	24
0	4
0	2
1	4
0	18
2	15
0	15
0	11
0	11
0	10
3	7
309	0
0	0
26	912
2	890
40	805
24	766
4	772
2	541
394	0
14	0
0	20
1	0
1	0
0	3967
0	3475
2	3794
60	2151
10	1098
544	421
1	307
21	29
0	134
1	151
10	83
5	24
143	0
6	676
3	245
5	644
0	694
0	649
0	627
1	667
0	79
0	492
0	29
3	18
9	2
2	84
7	8
57	92
1	17
0	70
2	80
0	35
1	42
0	40
0	0
6	655
1	626
1	716
24	502
1	417
42	317
23	209
5	105
0	107
5	73
1	64
0	29
6	1073
4	1141
13	1662
95	1790
9	77
10	269
0	91
0	684
21	37
0	57
0	289
2	246
5	112
286	17
0	17
98	78
0	76
18	56
12	43
1	0
0	0
0	0
0	324
0	457
1	1834
0	1938
11	567
2	1713
0	1244
25	280
4	871
1	203
9	244
3	0
22	191
1537	4658
152	4507
36	4496
1	504
0	1030
14	598
2	345
20	1052
17	224
7	987
6	267
8	323
3	108
10	145
50	142
0	162
0	249
64	2
2	220
0	354
8	144
24	290
10	279
6	59
0	0
1	0
0	0
0	1
5	1
0	1
27	1117
34	1113
0	0
5	110
0	5
10	9
23	36
1	59
0	0
7	86
0	16
0	14
0	92
10	317
12	317
4	33
0	2313
177	2313
24	1325
5	0
0	0
299	0
47	106
7	103
0	99
0	96
0	52
0	109
0	76
1	10
3	63
0	70
3	255
0	219
0	219
12	192
0	100
3	106
0	101
5	27
0	22
0	3
0	0
0	0
0	43
0	43
0	41
0	4
0	40
0	40
0	32
0	1
1	40
0	14
0	9
0	12
0	0
0	89
0	4
0	91
0	11
0	84
2	0
3	34
0	78
0	72
0	16
0	1
1	2
30	2059
7	1981
11	427
3	233
0	289
0	357
0	330
7	185
1	344
1293	109
4	109
12	3
0	0
0	0
0	0
0	0
0	0
0	0
0	0
0	0
115	463
9	0
1	0
74	463
0	2
0	0
0	1
1	171
0	0
0	0
0	0
0	0
0	0
0	0
0	0
0	0
0	0
0	0
0	0
0	0
0	0
0	0
0	0
1	0
0	0
6	294
11	13
0	386
0	12
0	375
0	0
7	1141
82	1104
0	1017
30	1162
4	1222
0	1126
2	1169
0	0
0	0
0	0
0	2
0	5
0	0
0	0
0	0
0	0
0	0
0	0
0	0
0	0
0	0
0	4
277	64
0	0
0	62
0	0
0	0
328	233
1	214
3	21
29	268
0	227
3	125
3	165
0	57
16	0
0	0
0	0
0	0
0	0
1	79
0	0
0	1
556	139
36	112
2	5
2	27
0	0
0	0
119	62
3	56
1	20
0	28
0	0
0	0
0	0
0	0
0	0
331	0
1	0
9	0
218	9357
13	8745
2	8663
13	2665
4	2521
2	1864
2	1650
2	1408
5	614
1	261
2	103
0	0
1	0
0	0
974	4
0	0
0	26
11	26
38	2
4253	435
0	431
19	25
1	0
0	0
891	823
11	794
4	470
22	34
0	0
18	42
0	0
0	0
0	0
124	126
24	126
0	0
34	117
0	0
0	0
0	0
0	0
0	0
0	0
380	144
106	144
0	29
0	0
0	0
0	0
0	0
0	0
0	0
0	0
0	0
173	2270
24	2111
3	876
21	218
20	107
0	57
1251	21
0	609
97	374
0	260
4	271
4	208
13	39
15	38
18	1
4400	86
12	86
14	390
38	382
0	168
0	0
0	0
0	0
0	0
0	0
0	0
0	0
0	0
0	0
0	0
0	0
0	1
0	1
0	0
1	73
0	0
0	0
0	0
0	2
3	9
4	2
0	231
0	0
0	1
0	0
0	0
0	2
1	8
0	6
0	0
0	0
0	0
0	0
0	0
0	0
0	0
0	0
0	0
0	0
6	762
190	869
7	782
1	525
0	303
66	494
5	54
1	90
0	15
52	486
1	486
20	571
6	399
251	306
0	94
18	55
0	0
698	0
5	100
99	25383
1954	25383
2	1345
0	0
1	0
5	2
0	2
10	1485
5510	1493
57	913
1	0
0	0
0	0
0	0
0	22
0	23
7	21
0	9
0	23
0	29
3	23
0	5
0	0
0	27
0	42
0	44
2	50
0	44
0	40
0	13
3	0
0	0
0	0
6	11
0	11
0	0
0	0
0	0
179	5447
0	151
6	3805
46	5389
0	0
0	0
0	0
0	0
0	0
0	0
0	0
0	0
0	0
0	0
0	0
0	0
0	0
0	0
0	0
0	0
0	0
0	0
8	921
27	0
0	0
113	0
0	0
2	0
0	0
0	0
0	0
0	0
1	0
0	0
0	0
1474	6
10	0
0	345
0	1372
0	1040
719	1396
3	1165
0	193
33	91
42	95
578	4396
19	4319
69	540
3	466
0	0
8	657
242	522
14	383
2	53
3	114
0	6
0	0
0	0
0	0
0	0
0	0
0	1
0	0
2	0
0	0
0	0
0	0
0	0
0	0
0	1
323	116
0	116
0	0
0	4
70	693
0	710
7	81
26	708
0	725
0	187
0	688
25	404
2	103
0	93
0	70
7	15
1	47
0	98
6	38
0	1
3	670
2	640
3	301
2	571
0	109
2	294
10	363
7	303
0	222
49	203
0	16
0	1306
1	1937
6	1129
4	187
20	1253
6	749
4	874
0	874
3	685
2	72
241	26
0	0
0	26
13	3
0	0
0	3
19	11
6	6
0	6
0	0
0	0
0	0
0	0
0	0
0	0
0	0
8	262
0	0
0	0
0	0
0	0
1	0
0	5
0	5
0	0
1	0
0	0
76	0
200	4546
5	2952
0	26
0	313
0	52
8	83
2	4541
0	14
1	2409
3	163
0	2968
3	142
0	0
0	0
0	0
0	0
0	0
0	0
0	0
0	0
0	0
0	0
391	124
0	41
0	15
54	3218
12	83
0	0
0	0
0	0
0	0
0	0
0	840
8	47
0	38
0	34
1	42
0	0
1	0
0	0
14	19
0	0
0	0
0	0
0	0
0	0
0	0
0	0
0	0
0	4
0	1434
2	1522
0	1474
1	1332
0	135
0	0
8	11
1	879
4	25
1	106
0	185
1	156
0	96
0	50
0	0
886	84
0	10
1	72
0	72
0	28
0	0
0	0
570	64
1	66
0	0
1	4056
15	4056
113	504
0	89
2	0
0	0
6	0
0	0
12	2504
4	2
0	156
7	2516
6	1719
8	2009
34	29
113	78
232	0
0	179
0	0
0	0
0	3166
67	3233
208	118
3	155
2	1786
0	1856
0	1943
63	2
0	1772
0	1510
0	1583
0	1597
0	1670
47	0
0	553
0	0
32	0
5	43
6	296
53	307
0	5
0	2
0	0
0	5
0	0
0	71
247	0
0	0
101	1348
261	1300
101	380
12	1017
0	2
8	655
0	1288
0	970
0	954
0	0
1	0
0	0
1	0
1	1
0	2
0	4
3	3
0	3
2	0
2	0
0	0
0	1
0	0
0	0
0	0
0	0
0	0
0	0
0	3458
1	4169
20	4297
21	3351
0	2080
33	1500
0	2301
0	2188
6	2059
6	1381
0	593
104	615
11	15
2	0
23	98
2	0
207	0
137	0
148	50
0	105
1	41
33	0
18	0
0	0
156	0
0	0
0	0
2	0
0	0
1	0
19	868
0	797
0	793
23	40
0	775
1	31
0	0
0	0
0	0
0	0
220	442
113	442
0	1
100	63
2	67
0	0
0	0
0	0
0	0
2	1
2849	513
0	1
12	219
2	292
0	0
23	53
0	302
0	266
0	227
0	295
6	11
1	299
2	48
3113	730
0	695
0	681
4	637
2	591
0	574
0	617
120	105
13	304
2	0
178	40
0	0
2767	893
0	379
1	386
0	167
40	108
0	0
0	7362
483	1960
3	7343
4	611
3	3097
0	3318
13	0
259	77
1	77
0	0
0	0
7	99
0	0
0	0
0	0
0	16
0	11
0	8
0	14
0	16
2	0
0	1
0	0
6	1063
0	1057
2	10
67	11
0	0
24	4754
93	4756
0	4325
87	0
0	245
0	0
10	488
15	488
2	93
7	10
0	0
112	98
2	68
0	425
0	125
8	15
480	1757
13	447
0	399
0	310
6	1724
3	329
2	296
21	610
10	42
2	58
227	434
0	425
6	382
0	222
0	139
0	20
113	21
54	3
0	0
0	379
306	972
70	30
0	220
2	429
14	12
0	172
9	479
0	0
345	109
0	107
5	2
178	2043
1	997
174	24
3	1102
0	191
4	683
1	865
2	1474
79	88
0	81
0	62
0	2
0	12
4	0
0	331
17	338
0	338
0	333
0	335
0	331
0	295
8	300
0	111
53	109
1	0
0	0
1	0
7	0
26	0
2	3
37	5
0	0
0	0
0	0
0	0
0	0
1	113
0	0
1	0
0	0
728	2491
31	11
12	157
7	163
1	1047
0	527
14	1226
0	1934
0	1362
0	670
7	720
16	0
16	36
0	6
2	0
9	30
4	26
6	1
5	3
0	0
0	0
0	0
0	0
3	6
0	0
0	1926
0	1830
0	1708
0	1967
0	2052
238	2053
19	20
34	88
76	1
103	0
168	204
271	2
10	360
3	247
0	229
82	160
0	0
0	0
0	0
0	0
0	0
1	0
0	0
0	0
2	0
0	0
0	0
0	0
0	11
0	0
0	0
0	0
0	0
0	0
0	0
0	11
0	0
2	0
0	0
0	0
0	0
0	0
0	0
17	0
0	0
0	2
0	0
0	11
0	0
0	0
0	0
0	0
0	0
0	0
0	0
0	0
0	0
0	0
1	0
0	0
0	0
0	1
0	0
0	0
0	0
0	0
0	0
0	0
80	65
13	2755
196	4629
10	4698
0	610
0	3784
18	267
11	13
1	992
0	40
0	277
36	0
6	0
0	2098
4	2146
0	1806
0	633
4	259
0	497
0	491
26	4
1	387
0	393
0	48
0	213
0	214
222	4
2	1
0	1
5	1
27	0
27	481
36	515
1	96
110	22
72	0
24	315
0	0
5	1
0	107
0	83
0	1
1	1
0	0
0	0
0	0
0	0
228	1086
0	149
31	869
19	1
8	74
0	183
3	74
13	356
0	224
1	222
6	252
13	0
19	633
0	2
0	632
0	0
0	0
0	0
0	0
0	0
0	0
0	0
0	0
1948	1456
0	942
0	512
0	0
9	0
0	0
0	1
0	1
3	0
0	0
0	508
199	696
11	155
3	277
0	154
24	241
0	95
5	192
733	1334
2	482
3	1007
0	1128
2	202
0	170
0	182
2	132
7	0
6	28
3	11
55	31
0	2
0	2
1	11
13	18
0	0
0	0
45	555
0	6154
3	440
0	1774
1	1897
26	1226
0	5966
0	475
45	3738
4	68
0	999
3	139
0	193
105	1492
0	1400
0	1379
3	115
52	155
27	142
102	463
35	149
20	106
53	18
0	0
0	0
0	0
0	0
0	0
0	0
0	0
0	0
0	0
0	0
0	36
0	0
0	0
0	0
0	0
0	0
0	0
0	0
3	13
0	27
1	25
1	15
0	8
0	5
3	127
0	127
1	0
0	0
1	0
3	50
508	50
0	18
0	12
1	12
0	12
0	12
6	0
1	5
0	56
0	56
0	73
0	64
1	52
0	70
1	29
0	14
3	13
0	6
4	875
6	846
4	841
1	12
0	19
0	92
0	40
2	116
187	0
0	64
0	0
0	40
0	0
0	0
0	0
5	0
6	746
7	746
14	745
116	0
1	0
0	19
0	19
0	16
47	1150
27	0
0	9
1	0
0	0
0	0
0	0
5	0
0	0
0	0
0	0
1	0
5	69
0	0
0	0
0	0
0	0
0	0
0	0
0	0
0	0
0	0
320	1042
910	1652
0	807
13	81
0	0
0	0
0	0
0	0
3267	474
5	474
1	0
0	0
0	2
2	187
0	0
0	0
0	0
0	0
0	0
2	0
0	0
0	0
0	0
8	38
313	71
0	0
0	33
0	0
0	1317
1847	2262
2	233
40	247
0	2107
2	146
14	288
0	500
25	233
5	7
3	463
5	212
0	457
0	418
0	24
2	5
0	42
194	125
0	66
0	55
39	0
0	59
0	1
23	4
32	4
0	176
0	24
0	0
2	14
19	15
2	0
0	2
80	0
51	1
0	255
1	28
4	221
0	25
0	26
0	206
0	198
0	55
2	0
86	21
0	122
87	1259
11	1259
15	832
6	3
0	0
0	274
1	0
96	0
0	0
0	32
71	33
0	25
0	21
3	1
0	22
0	22
0	0
1197	123
8	123
0	0
0	0
0	0
0	0
0	0
1	0
7	0
0	0
1	0
16	14
0	14
0	0
0	1
1	1
0	1532
0	44
0	47
0	0
1	1543
0	16
17	726
1	1337
0	10
99	415
1	6
0	163
0	193
0	56
0	50
16	377
4	322
0	366
7	7
56	110
3	0
0	16
37	100
9	20
0	24
3	304
4	296
0	308
0	271
0	43
18	6
0	123
0	20
0	43
1	43
0	26
0	49
0	52
0	21
7	0
0	186
5	0
0	0
0	0
0	0
0	0
0	0
0	0
8	0
0	0
0	0
0	0
0	0
0	0
0	0
0	0
0	0
0	0
0	0
0	0
3	1
0	1
0	1
0	0
1	24
2	30
3	30
16	30
0	4
0	0
0	0
0	0
0	0
0	47
0	0
0	0
0	0
0	0
0	0
0	20
0	20
0	2
0	1
0	0
0	0
1	89
0	0
0	0
0	0
0	0
0	0
0	1
0	0
0	0
0	0
0	0
0	0
0	0
0	0
0	0
5	47
0	0
0	0
0	0
0	0
0	0
0	0
0	0
21	527
2	516
0	23
2	137
0	77
0	0
0	94
0	0
0	0
0	0
0	0
426	103
0	9
8	0
13	61
16	29
2	0
4	0
1	0
0	0
17	0
0	0
0	0
1	0
0	0
0	0
0	0
0	0
6	1189
0	1145
176	0
573	1182
15	75
173	2381
3	2259
0	2405
0	1510
7	1801
1	1784
0	1982
51	49
103	63
20	419
4	84
1	125
0	77
25	0
0	0
13	0
0	0
0	0
0	0
1	33
0	31
0	31
0	7
0	2
6	0
78	763
0	339
0	482
0	284
12	2501
0	2501
0	178
2	77
0	0
95	15
2	181
6	236
169	62
104	8
10	0
0	153
1	18
630	172
33	0
3421	160
1	130
19	50
72	7
66	0
47	22
5	21
0	7
0	0
0	0
0	1
0	16
3	95
101	472
2	229
10	301
11	332
3	61
83	0
274	332
4	246
0	546
636	546
0	0
0	0
91	0
75	0
0	0
0	0
53	0
3	0
31	0
38	0
0	27
0	27
1	0
107	0
15	0
154	0
553	2
136	0
0	0
4	0
0	0
0	0
12	0
0	0
795	2
0	0
151	0
0	0
0	0
2	48
0	0
1	0
0	0
0	0
0	0
0	0
10	1511
28	856
0	884
0	133
6	604
11	244
1	0
66	1017
1	668
0	956
1	0
56	0
78	0
10	0
0	0
0	0
29	0
11	0
0	0
0	32
88	1733
4	1667
42	0
2	96
94	83
1	141
143	147
23	44
33	106
7	35
0	0
0	0
0	0
0	0
1895	664
0	598
7	320
6	66
0	0
10	305
0	0
0	0
0	0
0	0
0	0
1648	357
1	275
0	43
16	72
27	43
0	0
0	0
0	0
1	1
1	63
3	36
0	58
4	27
0	55
28	15088
1	14184
0	14317
0	9989
54	2074
454	253
0	1237
0	2530
50	165
13	1093
0	445
0	0
25	1016
1	497
13	453
4	1186
18	130
0	36
70	36
73	611
1	174
65	771
0	1285
52	0
1	0
28	316
9	75
23	275
8	155
3	63
0	124
0	64
0	39
19	0
0	8
16	21
77	565
10	539
0	168
9	52
441	0
207	166
0	153
0	13
9	340
0	7
0	7
0	1
0	2
0	2
0	2
0	1
1	1
0	0
0	1
6	501
8	207
9	452
12	1
1	490
0	226
0	21
0	24
3	0
0	0
0	0
0	0
0	0
0	0
0	0
0	0
0	418
1	401
0	423
1	17
3	46
0	0
19	0
0	17
0	0
0	0
10	7
4	292
0	318
0	247
0	79
0	180
0	250
0	78
0	0
14	0
4	2
0	41
0	0
0	0
0	90
1488	867
2	572
0	441
4	42
24	44
37	42
25	0
0	0
0	0
0	0
0	0
0	0
118	33
5	46
29	0
52	1
38	78
67	0
23	0
89	0
0	0
0	0
0	0
1	16
0	0
0	0
0	649
0	660
0	513
0	313
0	235
18	41
1	2
193	2
206	2198
4	2198
0	0
3	0
0	0
0	3
0	3
0	0
32	0
143	319
3	319
15	12
0	0
0	0
0	0
0	0
0	0
0	0
4	1
1	2217
0	125
44	442
0	176
6	1948
34	678
3	2034
3	47
2	196
14	683
1	3
57	9
0	0
1	283
1	254
1	33
2	35
0	0
0	0
0	0
0	0
0	0
0	2362
0	0
1	0
0	0
0	0
0	0
0	0
552	1151
29	1147
175	395
1	82
6058	0
7	1914
0	686
0	1249
7	1608
0	620
20	2
26	173
45	721
4820	567
15	567
1	0
3	0
0	0
346	46
6	46
0	0
1	0
0	0
0	0
0	0
0	0
0	0
0	0
0	0
0	0
0	0
0	0
0	864
0	0
1	0
7	22
1	170
0	20
0	166
0	165
106	0
11	197
0	208
1	203
4	223
1	173
1	45
1	11
0	9
79	0
0	0
0	0
0	0
87	0
0	69
1	69
0	67
2	67
0	10
0	53
1	0
48	1743
3	1667
0	1665
0	95
1	0
0	0
3	3
0	0
0	0
0	0
0	0
0	0
0	0
0	0
0	0
1	8
0	0
0	0
0	0
0	0
0	0
0	0
0	0
0	0
0	0
0	0
0	72
197	96
1	44
1	0
0	0
0	0
0	0
0	52
9	1480
72	1
0	1194
6	24
0	5386
3	9
1	9616
171	262
0	2523
365	987
3	47
120	7257
97	9270
30	175
2	6838
0	8976
13	7904
297	1516
1	1168
640	0
16	438
5	1788
1	2151
12	774
269	0
251	115
0	0
1	1
0	0
0	0
0	99
2	124
15	0
105	1403
15	1403
144	844
0	0
0	0
13	0
372	0
8	0
0	2
0	0
0	0
13	0
665	718
33	617
11	123
4	64
0	63
134	0
2257	283
16	119
13	75
155	89
13	3
0	3
0	0
0	0
0	0
0	1
0	6
0	7
0	1
0	36
12	41
0	41
0	7
1	13
0	0
0	0
0	0
0	0
0	1849
1	1939
7	1024
1	1511
0	1897
0	1860
0	1863
0	1907
9	1849
0	180
2	918
0	0
48	129
0	0
0	0
79	4
1	0
132	23
0	23
1	1
2	1177
502	1177
0	1022
0	1
0	1
2623	32
0	0
23	0
0	0
0	0
0	0
0	0
0	0
0	0
0	0
0	0
0	0
0	0
0	0
0	0
0	0
0	0
0	0
0	0
0	0
0	0
0	0
0	0
0	0
0	0
0	0
0	0
0	22
0	0
0	0
0	0
0	0
0	0
0	0
0	11
0	0
0	0
0	0
0	0
0	0
0	0
0	0
0	0
0	0
0	0
0	13
3	0
1	13
0	19
0	46
0	0
0	35
0	15
4	0
0	4
2	0
5	2
4920	1582
22	780
93	825
1	15
0	0
3	46
14	3
0	1
0	2
0	0
0	12
0	12
872	193
4	150
3	61
0	0
0	0
0	0
84	18
1	14
0	4
11	2
6	12
0	11
0	10
34	0
0	0
0	0
0	0
2	0
43	1820
0	1809
63	2673
4	1813
2	1770
4	2403
14	168
13	308
2	166
160	1229
0	146
134	50
19	50
5	119
402	0
0	0
10	0
0	0
0	0
0	0
0	0
0	0
0	0
0	0
0	0
0	0
2	0
0	0
0	0
0	0
0	0
0	0
0	0
0	0
0	1
0	1
0	1
0	0
0	0
0	397
0	13
2	882
104	225
15	158
0	749
12	270
0	808
0	9
23	9
0	0
0	0
2	13
0	0
0	1
0	13
255	1248
1	961
2	343
49	243
1	190
1	65
36	0
20	0
1	0
0	0
0	0
1938	597
0	597
1	12
0	0
0	0
0	0
3	4
1	345
0	341
0	238
0	0
7	0
5	342
0	171
12	342
0	0
11	238
1	238
37	0
0	3
0	3
0	4
0	2
0	4
0	4
0	0
0	0
0	0
0	0
0	0
0	3
0	3
60	0
4	679
152	662
0	651
3	655
13	189
0	0
0	0
0	0
23	10
0	7
0	2
0	0
13	295
0	46
0	139
0	88
0	70
16	0
25	3130
1	628
0	3006
7	3050
0	212
0	0
0	0
0	65
8	72
8	168
3	191
5	186
3	307
339	184
4	188
2	0
2	4
829	2521
0	2521
4374	32
0	154
329	0
1	0
554	0
1548	53
1	1
0	0
0	0
2	4
0	15
1	49
1	2
274	0
0	0
0	0
0	2
0	26
308	444
0	93
1	85
3	189
0	37
0	267
10	133
90	56
1	56
0	0
0	0
0	0
0	0
0	0
0	0
0	0
0	0
0	0
0	0
0	0
0	0
0	0
0	0
0	0
0	0
0	0
0	0
0	0
0	0
0	10
0	10
0	0
0	0
2	0
1	22
0	22
0	0
1	0
0	0
1	0
0	0
0	0
0	0
395	190
0	190
0	60
1	0
0	0
0	0
0	0
0	0
0	1
1	0
0	0
0	0
0	0
0	0
0	0
0	0
4	7
0	0
0	11
1	13
8	2
441	1327
7	263
10	956
27	125
5	223
1	302
0	38
154	44
0	0
7	19
7	0
0	0
0	0
0	0
0	0
0	0
21	2173
69	2136
2	901
0	1405
1	195
1	53
156	500
1	213
0	0
28	243
0	0
0	0
23	71
0	27
0	61
0	0
0	0
1	9
0	0
0	0
0	0
0	0
0	0
0	0
0	0
0	0
0	0
0	0
0	0
0	0
0	8
0	0
0	0
0	0
0	0
1	146
22	23
0	0
4	1728
0	1728
105	1772
86	15
1	17
185	34
0	0
0	0
0	3
1	4
1	1
0	0
0	0
0	0
243	2082
18	960
0	1243
1	973
20	608
2	127
1	1
9	0
2	0
0	0
364	1081
246	1082
1	68
2	21
17	47
2	255
2	2123
0	1962
14	0
0	597
19	616
44	412
2	60
0	54
149	0
0	0
1	0
0	0
0	0
0	0
50	133
2	133
0	26
0	0
0	3
1	0
3	0
3	1151
0	67
10	16
1	1151
47	239
0	0
0	0
0	0
0	0
0	0
0	0
0	0
31	42
5	42
0	38
3	34
0	0
3	25
0	27
0	23
0	2
0	63
0	67
0	20
0	14
0	2
0	1
0	0
1	3
0	0
25	296
1	300
0	0
9	89
0	0
0	0
0	0
0	0
0	0
0	0
0	0
595	97
6	3
21	49
5	48
3	4
0	1
0	4
0	0
0	0
0	0
0	0
24	633
0	614
2	24
0	37
4	1140
0	1200
0	43
0	0
27	382
2	0
0	54
0	36
0	296
0	52
0	294
1	3
0	3
3	91
1	94
0	23
0	35
0	0
0	0
0	0
0	0
0	0
0	0
0	0
0	4
0	5
0	5
0	0
0	0
0	0
41	0
0	0
0	0
0	0
0	0
0	0
0	0
0	0
0	0
11	1303
0	1163
0	963
19	32
7	41
3	0
137	0
0	0
0	0
0	0
0	0
0	0
774	218
0	211
1	89
11	0
0	0
884	0
46	1432
12	1314
4	1342
0	52
37	48
3	86
5	965
0	96
43	35
8	51
9	54
2	0
58	2
2	7885
107	7887
0	7893
0	6176
7	4792
75	4227
63	4342
19	2
13	121
88	1623
1	550
0	519
3	501
0	307
72	319
59	159
0	50
61	0
16	0
7	7
0	0
98	661
1	661
0	163
1	17
0	9
368	2232
7	2141
8	1335
239	896
31	0
18	0
12	0
88	5
4	5
0	4
0	0
44	1082
55	658
0	0
10	1006
157	0
9	791
13	394
0	0
1	0
0	0
0	0
0	0
0	0
0	0
4	0
0	0
3	263
39	383
6	292
0	42
0	308
11	646
0	1020
3	741
3	1020
20	58
0	53
262	57
9	0
0	0
0	0
5	26
0	0
0	0
0	0
47	5742
0	0
4	5742
11	5746
30	5696
3	5720
0	5209
4	2398
0	0
37	2344
18339	4338
0	0
1	0
0	0
0	0
0	0
25	8916
11	9410
0	10322
7	7062
1	0
0	0
50	58
0	0
0	0
66	85
2	448
63	448
129	288
1	2560
1	3
4	0
105	199
47	193
11	209
0	204
0	136
3	3
1	0
0	0
1	133
0	38
0	0
0	0
0	11
0	9
0	10
5	132
0	148
27	196
0	48
8	32
0	0
0	0
0	0
0	0
2	1053
0	1065
2	280
0	0
0	320
240	70
0	70
0	0
0	2
0	4
0	3
0	2
0	0
0	3
0	2
0	0
0	0
0	2
0	0
24	3031
8	3044
168	3004
2	372
55	281
0	43
0	43
0	0
0	0
6	1618
22	4085
156	3383
39	1917
2	3561
0	264
2	7
0	7
0	0
0	2
0	2
15	620
0	644
0	641
0	641
16	596
0	664
0	592
9	316
0	597
0	87
0	57
3	127
0	90
1	17
0	25
7	59
0	35
0	0
1	44
5	14
0	42
0	0
2	11
15	11
7	1
1187	2
3263	1307
7	1283
16	732
0	410
1	429
16	730
175	1692
67	1671
26	225
216	1
36	1594
77	1597
0	304
0	308
0	244
60	273
0	192
3	75
12	236
39	208
5	97
0	58
2	27
0	67
1309	0
0	0
0	0
0	0
1	32
12	354
3	350
5	7
0	4
0	8
0	0
0	1
0	1
0	1
0	1
0	1
0	0
5	0
0	268
0	254
1	73
0	108
14	253
978	0
0	0
0	0
0	0
0	0
35	825
0	34
15	430
0	11
0	410
16	31
779	1178
45	1175
4	416
4	536
12	70
3	45
0	21
3	16
5	18
1	9
0	0
1	1
0	1
0	0
0	0
0	0
0	0
0	0
0	0
0	0
0	0
0	0
0	0
0	0
0	0
0	0
0	0
17	24
0	24
0	13
9	15
0	15
0	0
1	21
21	5098
36	22
145	3265
27	1963
0	3735
1	4360
0	4012
2	1702
0	890
0	544
286	1767
27	1140
0	564
0	579
2	130
0	211
0	885
0	952
0	877
0	302
122	987
4	988
7	976
10	249
855	1599
130	1180
6	90
0	319
3	427
52	116
21	97
0	312
6	20
5	10
0	18
0	0
0	0
0	16
2	199
0	104
1	202
11	257
14	198
0	2
8	41
0	1
31	40
7	4
0	157
11	268
2	126
8	12
0	38
28	2
1	37
5	884
3	893
10	912
1	957
1	2
76	2526
7	1378
17	1497
8	1633
0	2001
0	2446
0	2445
0	2446
0	0
6	160
16	173
1	531
0	627
3	417
0	541
1	266
4	208
10	161
10	40
0	40
0	0
406	7345
68	23384
5	3945
0	549
0	16637
0	11162
25	3706
28	0
878	2
0	0
865	1630
19	1086
0	227
52	859
20	153
51	618
11	435
3	156
45	218
1320	560
20	529
0	165
0	39
34	31
0	422
0	0
0	0
12	41
20	2385
1	541
10	593
13	2259
104	2365
0	12
3	52
1	26
0	393
3	547
0	2934
0	3578
0	0
0	2371
4	3536
0	2223
0	1311
2	3490
0	3410
11	415
20	138
0	2239
0	126
7	1293
0	327
0	173
0	97
0	133
0	124
4	308
1	175
16	172
213	674
2	91
25	187
0	348
4	0
3	0
42	2554
174	88
3	2143
300	2521
109	1160
7	1407
7	438
0	4
0	4
1	84
21	171
1	0
0	178
7	848
6	153
12	93
0	1020
19	1012
20	575
0	538
4	63
5	0
0	0
0	739
1	1029
0	1025
4	239
2	0
640	3029
0	19
0	10
0	3
24	19
3	19
74	19
0	9
0	13
23	11
1	388
146	3124
4	3124
53	62
2	219
1	2
0	142
2	0
5	191
94	1147
3	383
0	0
12	221
19	462
19	140
0	154
146	1355
8	328
6	1109
4	366
9	440
7	968
12	427
3	397
1	281
1	98
3	18
12	0
59	7078
2	0
0	7078
0	0
106	1
0	0
69	54
1	2510
3	614
14	654
1	654
40	110
33	144
1	35
2	39
10	3615
181	3566
4	1282
16	252
0	1205
0	727
0	0
236	181
0	0
0	1229
1	37
19	1237
24	88
2	44
13	5
0	3
0	2
0	3
0	715
3	20
13	668
0	207
50	705
4	725
7	648
2	150
104	194
20	80
0	53
8	365
3	346
0	107
0	288
9	54
0	99
11	102
0	81
0	0
15	6
0	157
0	142
1	124
0	118
0	108
2	10
0	2
0	4
0	19
0	0
104	1233
9	1031
1	1239
29	203
59	104
0	715
0	715
0	243
0	256
3	256
0	497
0	173
9	553
2	360
0	353
1	294
6	95
2	78
28	290
0	162
0	265
23	119
120	0
4	17
8	618
0	43
68	516
1	536
7	42
0	57
2	0
4	81
0	84
2	45
0	20
3	40
0	0
32	17
0	9
0	10
4	190
1	197
0	192
0	80
0	121
0	0
0	293
33	756
11	520
8	149
2	326
0	326
3	256
0	401
0	382
0	562
10	481
21	592
53	527
0	507
0	93
2	66
11	1435
3	1211
0	1211
0	0
99	32
1	31
90	0
0	20
436	0
24	0
16	2393
2	2293
0	2393
0	328
1	236
1	1312
14	2279
0	190
14	18
0	378
54	1200
14	473
0	5
0	2
5	2
0	2
0	0
12	0
0	0
0	0
0	0
5	3871
34	3864
4	3871
110	3966
3	215
0	136
11	200
11	34
12	27
3	27
4	4
9	24
1	16
0	98
0	881
16	1056
10	931
5	303
7	144
108	234
1	234
0	47
2	2916
0	331
7	2916
0	137
5	511
0	2900
77	269
1	1991
0	684
2	643
6	59
34	1670
1	59
4	49
5	1612
15	204
4441	791
0	193
5	720
1	267
11	414
0	549
79	672
0	254
10	582
174	39
692	39
16	0
23	2717
1	82
0	2198
0	1206
0	1183
0	2775
46	83
6	79
0	42
0	111
0	120
73	69
224	69
522	1634
237	42
0	1628
0	0
0	0
312	0
2	0
322	479
14	479
8	0
2	1169
1	1147
9	976
7	1031
0	883
0	26
0	98
0	93
2	5
11	34
0	41
2	66
7	21
13	18
0	135
0	46
0	0
0	0
0	0
3	839
7	716
0	212
0	212
1	518
13	751
0	293
0	473
7	44
0	391
0	138
0	68
1	0
9	2386
2	2453
43	2510
0	2578
1	21
0	0
11	3
32	2536
169	1000
0	2493
3	2511
0	0
0	0
71	70
67	509
5	2128
55	23
0	144
68	692
42	0
218	1
0	237
97	212
1	148
22	92
33	54
1	818
86	1200
1	310
15	563
14	624
1	238
0	981
5	882
0	848
0	179
3	0
0	403
119	318
0	77
43	83
0	0
5	1069
0	9143
33	10307
6	8254
0	2090
199	2168
1	1856
1	960
2	150
4	416
4	728
0	273
0	726
13	165
43	57
0	16
4	114
0	114
0	0
13	52
0	0
16	6133
1	6147
0	6188
0	6146
0	6177
0	4028
503	8531
10	1675
5	897
13	209
9	0
100	209
663	460
5	460
9	353
9	67
22	545
54	545
3635	244
3	294
15	260
2	245
0	57
4	234
0	231
15	8
0	57
6	316
3	316
0	118
2	29
0	0
0	26
0	7
1	10
6	0
1482	484
32	314
82	411
8	467
275	0
75	0
68	72
0	439
0	382
1	103
0	94
5	79
0	85
2	18
0	7
21	2304
101	2386
14	850
0	2062
4	126
19	154
32	752
222	103
4	43
4	0
0	29
3	13
1	25
0	0
10	1730
85	0
42	409
327	1734
111	502
5	459
11	922
57	977
1	934
3	961
36	460
0	3207
0	3456
4	3210
4	2297
3	2590
0	1520
6	2042
3	654
8	199
525	828
3	828
649	0
58	3060
26	4881
491	7789
201	5209
967	5733
1	4578
0	1409
17	4325
32	650
1	3019
1	3467
12	5698
0	0
0	0
0	0
0	0
0	6
0	7
0	0
0	0
0	0
0	9
0	7
0	221
421	224
1	175
0	0
0	0
3008	30471
42	5803
7	26298
129	18018
0	0
0	0
14	0
2	3
0	3
1	8
0	8
0	0
0	0
0	3
0	1
0	2
0	60
0	0
0	0
0	0
0	0
0	26
0	0
0	0
0	0
0	0
0	0
7	0
0	0
0	0
0	0
69	2
0	0
5	0
0	0
200	52451
0	48043
0	54
0	15
286	51929
0	54
0	15
788	7592
1	5419
2	12
0	2
0	0
0	0
0	0
0	0
0	0
0	0
0	0
0	0
0	0
0	0
9	375
0	240
0	0
0	0
0	0
0	0
129	0
0	0
0	0
3	0
0	0
0	0
0	0
0	0
0	0
0	0
0	0
0	0
0	0
0	0
0	0
19	957
0	0
0	0
0	0
0	0
0	0
0	0
0	0
0	0
0	0
0	0
0	0
0	0
0	0
0	0
0	0
0	0
0	0
0	0
0	0
0	0
0	0
0	0
0	0
0	0
0	0
0	0
1	0
0	0
0	0
0	0
0	0
0	24
4	25
0	5
0	0
0	0
0	0
0	0
0	0
0	0
0	0
0	108
0	0
0	0
0	0
0	0
0	0
0	0
0	0
0	0
0	0
0	1
0	0
0	0
0	0
0	0
22	0
0	0
0	0
0	0
33	0
0	0
1	0
394	48
0	0
6347	4306
82	1196
2	3378
2	0
0	0
0	0
0	1
0	1
0	0
0	0
0	0
0	0
0	0
0	0
0	0
0	0
0	0
0	2
0	0
0	0
0	1
0	1
0	0
0	0
0	0
0	0
0	0
0	2
0	0
0	1
0	1
0	0
0	0
0	0
0	0
0	0
0	2
0	0
0	0
0	0
0	0
0	0
0	0
0	2
0	0
0	0
0	0
0	0
0	0
0	0
168	66
6	18
50	66
0	0
0	0
1	1
0	1
1	0
6	0
2	0
1	0
2	0
38	593
56	595
27	484
1	340
0	0
12	0
3	0
22	23
0	0
0	8
0	8
0	27
0	27
13	0
0	0
0	0
0	26
0	27
0	1
0	3
0	1
0	1
0	3
0	3
0	2
0	1
5	455
1025	590
7	587
0	0
1	3
0	1
0	2
0	7
0	88
0	79
10	93
0	91
0	73
1	33
0	18
0	73
4	69
2	14
0	20
22	70
0	15
0	13
644	1448
3	1298
0	139
0	691
0	120
4	498
0	121
6	4
44	0
8	0
17	0
0	0
0	75
12	1446
34	1476
0	1063
23	4
0	211
1	25
0	0
11	0
1	303
6	370
3	1194
2	287
0	285
0	777
0	91
0	693
0	282
0	1
0	0
4	5276
0	5243
1	5243
0	1517
8	1426
0	0
4	970
5	44
69	85
4	605
2	779
0	931
21	18
0	23
0	4
5	63
1317	2000
6	387
3	1613
3	1389
25	0
0	0
1	11124
969	11869
91	2653
0	7860
0	934
0	359
0	40
5	748
0	24
0	711
0	0
2	68
0	724
0	17
20	723
0	728
0	73
0	28
0	34
0	388
0	734
19	45
1	0
89	1787
3	829
0	1402
0	1735
0	237
6	21
8	21
9	7
19	7
0	288
0	0
0	228
25	769
2	1147
0	1055
0	1112
5	1012
8	163
2	134
0	50
22	0
2	0
275	2448
0	2593
0	1030
20	2292
75	1736
7	1653
0	189
6	159
16	1047
22	1047
5	938
0	1037
3	123
11	0
0	0
11	87
0	0
323	667
7	68
0	620
18	160
120	266
0	7
0	15
0	15
0	8
0	1
0	5
75	418
19	148
2	73
1	46
12	77
0	147
4	248
44	143
386	49
0	0
76	0
1	88
1	7
0	6
0	17
0	70
0	6
0	79
0	84
10	69
0	77
0	68
0	68
0	55
0	17
0	6
3	2
0	3999
0	4084
0	4003
116	837
0	1291
153	397
1	359
15	235
3	7
25	0
207	83
0	51
0	87
2	15
2029	1448
11	323
0	1220
2	1
11	632
0	793
4	25
0	25
20	154
1	97
1	110
1	83
0	2
856	38
8	38
110	253
0	258
0	59
1	252
0	2155
125	2123
15	917
0	40
1	183
0	120
0	1513
13	894
0	15
2	15
0	9
0	0
1	2
5	3
8	3
0	509
1250	1006
19	183
12	465
0	60
0	284
1	605
27	551
5	138
165	1903
0	1930
6	1947
14	1999
21	633
0	0
16	55
0	0
0	0
0	36
0	0
13	38
0	29
0	883
0	1075
0	1674
0	1580
38	116
0	988
67	769
13	0
33	858
25	125
0	65
6	67
292	0
72	6137
661	6137
9	109
0	0
0	0
0	0
0	0
1	6833
0	5826
0	4931
0	1900
0	5819
151	93
0	4916
13	4079
0	696
25	18
67	50
55	724
2712	714
62	162
35	2
9039	1907
1	1905
3	938
9	925
0	13
0	39
0	17
8	2048
0	2027
1	603
0	0
0	467
5	478
3	378
0	282
0	113
12	20
1	107
97	585
2	559
0	619
0	819
0	740
0	910
4	56
68	391
0	123
1	36
0	255
0	151
0	127
0	105
0	23
1	67
1	178
0	119
9	0
11	1726
0	1791
57	177
116	472
0	139
0	0
15	187
0	0
0	0
11	539
0	81
26	414
7	80
4	526
1	61
28	76
10	93
8	54
0	0
210	816
0	816
0	399
1	88
3	2
0	0
0	0
13	60
2	59
0	22
1	5
0	3
0	17
4	37
4	32
0	24
4	20
0	4
275	3280
2	125
99	2501
41	2602
6	12
0	12
0	8
1	1
97	1465
8	602
1	303
5	263
0	1217
0	180
0	76
0	119
0	283
37	0
2	139
0	0
37	724
0	555
11	344
1	106
6	13
388	160
29	160
5	16
0	0
10	111
0	206
2	2433
0	2452
25	0
0	44
0	2417
0	94
49	1542
0	2139
0	1899
29	55
3	1935
149	46
3	108
17	163
0	46
587	148
1	29
0	0
124	14
0	5
0	9
0	233
0	255
0	160
0	0
72	6
864	48
0	0
416	0
59	1848
60	50
2	4897
0	2
70	50
72	4983
189	7030
0	2
0	2045
0	2047
0	1
1	1
665	0
6	0
26	0
310	1026
302	383
674	383
87	26
0	26
0	400
0	2
0	0
0	2
0	132
0	131
0	0
0	0
0	0
11	0
0	142
0	142
0	1
0	2
0	2
0	400
2	5
0	0
0	400
0	0
0	0
0	402
0	401
0	0
0	14
20	14
1294	31311
783	31309
2	2042
226	1628
0	3376
96	1112
3	0
259	161
2	123
15	97
5	117
16	0
1008	72
1	30
0	30
0	17
2	72
86	1081
53	1134
2	784
7	4
0	1069
4	337
1	509
0	552
10	218
0	245
3	1
2	312
0	491
3	104
0	86
2	86
1	10
0	0
17	76
2	76
0	7
1	542
12	371
1	25
8	546
4	519
3	41
0	68
0	124
5	85
37	22
4	11
0	18
6	34
1	28
6	785
11	730
0	122
12	301
0	235
0	210
0	0
25	0
76	1318
19	1256
1	138
11	0
0	6
0	3
0	5
0	0
0	0
0	0
1	3
0	3
0	3
0	2
0	0
110	1216
3	915
8	99
0	182
1	201
0	331
0	47
0	0
0	0
0	1
69	19
0	0
0	0
0	0
278	460
22	29
25	150
2	199
24	32
9	92
33	21
37	183
57	64
123	560
0	505
0	32
57	95
0	18
0	14
8	14
12	3
1	0
15	0
0	0
0	0
345	447
6	15
23	432
18	0
120	259
0	248
1	4
17	258
1	79
0	281
194	856
0	307
4	762
1	742
0	76
0	0
3	3312
0	19
0	3305
0	0
0	34
0	0
1	0
1883	4970
32	4791
2	2276
8	8
28	29
0	0
265	1074
9	929
0	174
40	396
8	16
0	0
6	887
4029	941
139	0
68	54
0	0
0	0
0	0
8644	2
0	0
0	2488
813	2488
51	0
378	221
0	112
2	54
0	107
0	0
58	28
15	132
0	132
0	0
0	0
0	0
0	0
0	0
0	0
0	0
0	0
0	0
0	0
0	135
0	0
0	0
0	0
0	0
85	130
4	130
0	90
9	495
0	488
0	631
8	637
10	199
445	0
0	11
0	11
0	1
0	0
0	190
0	0
0	0
0	0
0	1
0	1
3841	0
1	0
0	0
0	0
0	0
0	0
74	396
1	396
1	66
4	6
2	56
72	0
0	0
0	0
48	0
0	0
0	0
0	0
0	0
0	0
3	46
0	0
0	0
0	3
27	5
0	0
1	0
0	2
0	0
0	0
0	0
578	801
1	86
49	706
1	11
0	84
0	91
65	626
0	448
1	0
0	185
3	11
0	0
0	0
0	0
0	0
0	0
1	0
1	0
1090	4
3	0
63	0
4630	1748
119	0
0	355
2	649
153	0
244	2
0	561
4	335
78	0
0	0
0	98
0	0
0	0
162	0
0	125
12	171
0	155
3	135
273	503
3	26
21	478
0	9
0	0
8	1
0	15
0	15
8357	1021
1	545
142	472
75	0
0	0
0	0
0	0
13	18
1	10
2	8
0	9
0	0
38	243
1047	1578
19	1336
12	0
7	0
0	0
0	0
34319	4540
26	2196
56	0
15	2338
163	0
1	0
1	0
1	18
0	18
178	344
0	287
1	239
5	18
13	109
75	0
43	6
0	0
0	0
0	0
0	0
0	0
18	342
0	314
0	94
0	64
2	0
25	0
1	53
266	794
2	704
2	121
0	364
4	90
0	37
0	127
0	3
0	0
0	0
0	0
1	0
0	0
0	0
0	1
4	12
0	0
1	16
0	16
12	0
1	0
0	0
0	0
0	0
2	0
987	220
0	122
0	218
0	30
0	3
0	3
0	3
0	3
0	2
0	2
2	0
0	0
0	0
0	0
0	0
0	0
0	0
0	0
0	4
0	4
0	4
0	4
0	2
0	0
1754	609
71	210
0	400
0	77
4	147
51	101
35	16638
0	16152
0	11431
2	14260
9	16144
0	13349
5	15518
615	1220
256	5
2	2425
0	1829
0	1491
10	1873
2	10052
37	445
22	297
33	1045
1357	1534
1	234
3	483
0	83
3	359
4	265
0	1123
7	903
17	177
21	0
0	0
0	0
0	0
0	0
0	0
0	0
0	0
0	122
1	57
2	123
0	57
0	84
2	13
0	1260
130	1083
3	1134
1	520
0	1039
0	241
0	0
0	0
0	0
451	2268
46	2215
0	126
12	95
29	46
1	573
70	0
8	1216
0	0
0	0
0	0
0	34
0	110
1	105
0	45
0	32
0	33
0	7
0	109
1	32
0	26
3	0
5	50
0	0
0	0
0	1
82	706
0	4
25	702
0	0
5151	4957
0	4731
0	4989
4	3827
138	142
0	252
3	3050
55	0
0	0
0	4
0	4
0	0
30	0
0	379
1	415
0	375
28	212
0	156
1	2
0	2
0	66
0	27
0	95
1	755
0	669
0	677
0	783
1	861
0	450
0	101
1	72
0	7
0	6
0	0
2	0
1	81
5	84
0	13
6	0
7	0
2	0
9	10
0	9
1	5
0	12
0	2
12	1186
194	1545
6	1027
1	129
66	0
0	782
1	825
14	826
0	737
39	788
7	216
2	717
2	58
0	339
8	47
306	4393
84	4384
1	2730
41	0
68	0
43	0
0	0
48	0
42	0
1	0
203	0
150	0
139	0
46	0
319	0
325	0
489	0
0	0
0	0
0	0
0	0
0	0
18	1350
0	1082
0	655
0	819
59	723
65	76
152	0
13	209
4	38
65	0
44	0
0	0
3	0
7133	8
131	0
24	2
1	0
7	0
0	0
0	0
8	7
2	0
28	0
0	0
256	79
14	79
12	2726
771	3220
21	3084
4	1434
3	912
15	235
1	649
0	665
0	637
0	632
0	660
0	52
0	74
22	10
4	29
3162	2808
50	0
2	269
77	0
3	114
14	49
96	128
1	629
183	760
1	602
2	698
4	185
0	73
0	138
0	38
0	142
147	31
0	1
934	66
5	0
7	66
0	0
3	3586
1	3615
2	294
134	306
0	0
3	0
1	0
512	216
11	186
1	223
0	197
24	0
0	1
361	229
0	149
24	147
227	164
0	162
54	0
517	1911
0	1682
0	762
119	0
2	387
168	0
186	0
123	0
2	1
2	1
3	1
0	11
0	0
0	0
0	3
1	0
5	15
0	6
3	2
0	3
1	3
46	6
0	4
1	2
231	6578
0	5746
0	851
162	1376
3	708
21	148
26	1241
0	472
0	292
47	1117
1	289
18	13
2	100
33	16
3	9
4	4
0	2
0	0
0	0
5	0
0	0
0	1
0	2
1	2
6	66
0	0
0	0
0	0
0	0
0	0
5	0
0	0
0	0
0	0
0	0
0	0
0	0
0	0
6	0
1	0
2	156
47	20
0	155
0	155
1	58
350	956
2	79
318	0
96	950
11	1
254	24
58	2804
0	2677
158	2677
0	942
0	920
6	105
6	209
201	2722
39	478
0	23
4	2324
0	731
24	1977
1	41
0	931
1	750
0	0
137	0
1	0
0	145
0	37
0	39
0	186
5	287
0	25
43	202
100	31
0	112
17	462
0	24
116	29
0	18
326	0
1	0
0	0
0	0
0	0
0	0
0	0
33	0
89	0
0	0
0	0
4	143
321	143
1	101
0	0
0	0
0	0
0	0
0	0
0	0
0	0
0	1110
2	1110
3	4
1	3
1	4
299	1362
885	1364
0	0
0	0
5	17
0	17
0	392
0	385
0	221
0	12
7	56
0	7
19	68
0	12
0	24
0	0
1	0
2	0
0	0
21	534
332	1533
56	1263
6	69
23	592
0	0
2	3228
99	3513
6	439
13	1258
22	61
19	83
12	379
149	272
1	748
10	1019
2	84
11	422
7	383
0	142
2	67
0	0
1	0
7	34
0	0
5122	466
0	153
0	374
300	0
81	546
1	542
2	423
35	146
61	140
3	111
3	70
0	20
0	34
0	24
1	5
1	7
9	1376
4	796
2	1114
3	740
0	643
1	1083
10	0
0	0
167	184
4	116
0	144
1	69
0	48
5	212
0	179
0	92
2	74
0	72
2	23
0	0
177	23
0	0
334	450
0	411
3	141
1	39
0	0
425	1808
0	617
0	897
3	1153
2	0
0	1
0	0
0	0
28	91
0	90
3	52
7	894
34	956
12	956
0	929
0	105
0	63
4	172
3	76
0	135
0	73
0	6
0	6
0	7
0	1
0	1
0	7
0	1
0	4
7334	0
5	5
0	5
0	0
11	913
2	176
10	917
0	70
1	90
6	607
4	601
4	610
12	200
4	149
2	168
11	160
0	173
0	162
5	20
0	0
8	5
0	5
4	0
0	0
0	0
1901	153
0	62
0	0
171	13130
356	13129
131	0
84	8609
5	0
1	0
7	0
4	104
1	33
2	38
0	104
0	36
0	33
0	40
0	33
5	36
0	49
0	16
308	113
2	92
0	3
0	9
0	2
0	3
0	26
309	2716
17	2683
0	1256
4	721
38	326
0	0
0	0
797	2049
0	1998
0	1998
0	38
0	243
1	62
0	0
42	0
0	0
0	0
0	0
3523	4
0	0
10	2109
116	2109
0	0
2	157
29	490
22	490
5	0
324	275
1	65
3	59
0	0
5	63
2	28
1	73
0	100
9	998
14	79
2	137
0	105
0	982
55	766
16	154
3	95
1323	394
10	70
3	346
0	0
0	0
0	0
0	0
1	0
0	0
777	1080
11	434
16	25
23	245
1	351
0	141
106	153
0	148
0	9
0	5
0	7
0	6
0	0
0	1
0	2
0	1
0	1681
28	1739
18	1422
48	486
0	302
0	158
25	568
362	349
0	0
0	0
0	0
0	1
0	0
0	1
0	1
0	1
0	5941
71	5941
0	0
0	0
0	0
0	0
0	0
12	37
62	37
5435	645
0	645
0	0
8	494
1	114
0	7
4	12
32	380
0	41
0	36
4	40
0	36
0	15
0	15
0	15
0	15
0	15
0	15
0	15
1	6
0	20
0	0
0	0
0	0
1	0
0	450
0	450
149	230
103	0
0	0
0	0
0	0
0	0
0	0
0	0
0	0
0	0
0	0
0	0
0	0
0	0
0	7
0	0
0	0
1	11
0	0
0	0
0	0
0	0
0	0
0	0
0	0
0	0
0	0
0	0
0	0
0	25
0	25
0	2
0	12
1	141
42	728
12	784
24	492
1	588
3	50
9	109
1	48
66	20
0	0
0	0
0	0
0	19
18	38
0	2
0	0
0	1
0	0
0	18
0	0
0	0
0	0
3	22
0	2
0	22
0	0
0	0
0	0
0	0
666	0
8	0
13	40
0	34
6	16
0	26
39	26
0	5
0	10
0	238
0	0
1	71
9	147
109	109
8	273
52	10
3	73
0	0
1	0
0	0
0	201
2454	388
6	0
7	0
0	0
0	181
52	4
4	471
0	455
1	26
0	26
0	0
25	436
0	0
823	483
44	67
46	414
8	215
0	0
0	0
0	0
0	0
32	0
0	0
0	0
0	1119
0	1260
7	510
2	168
32	419
0	0
70	45
15	34
1	152
0	0
0	0
236	447
11	143
0	239
0	167
1	186
696	109
0	58
0	87
0	58
6	5
1	0
22	298
0	0
0	0
15	0
2	232
13	181
2	187
7	78
49	113
0	49
0	4
27	8
29	8
8	196
1	2
0	224
0	202
75	211
0	0
0	80
0	1
5	0
6	17
19	0
1455	502
1	0
230	29
13	168
0	530
16	85
22	92
0	0
5943	3114
4	2977
104	65
192	1082
0	835
380	412
0	244
50	1542
0	1530
28	895
22	1003
4	998
23	123
5	156
0	64
0	0
0	0
0	0
0	0
9	609
1	106
679	561
0	76
6	61
0	20
29	125
9	125
0	15
28	0
12	4
0	0
0	0
3	0
0	0
0	0
0	2
0	0
7	11
0	10
0	10
0	0
0	30
0	38
0	38
0	34
42	749
8	553
0	581
1	389
67	0
0	0
0	0
2	0
2	0
0	0
0	0
1	0
0	0
0	0
0	0
11	0
28	0
15	0
27	0
20	0
153	47
1	35
9	30
0	12
1	2
3	12
2	0
0	0
76	456
2	1061
6	1062
6	471
0	120
1	129
11	50
5	35
179	0
367	67
348	0
181	279
1	117
0	0
1	7
0	7
0	30
0	0
0	0
0	0
0	0
0	0
0	0
0	1
0	1
0	0
0	0
0	61
0	0
3	38
5	18
0	3
0	27
0	31
0	20
0	18
6	16
0	0
9	0
0	0
2	129
13	998
7	998
0	385
0	78
3	8
0	0
0	0
3	0
0	0
376	189
0	70
6	71
8	110
1	0
0	0
10	0
155	6303
12	5756
0	3494
9	131
109	0
3	2056
15	2066
0	669
0	126
0	335
1304	403
283	72
152	21
4	21
0	5
1	0
0	0
0	0
0	0
0	0
0	0
0	0
24	0
573	1524
7	170
16	318
1	1139
58	0
4	3592
7	4374
0	2906
112	0
95	6
8	186
76	0
18	70
0	0
0	0
0	0
43	1424
2	19
2	173
33	613
2	200
37	2
0	1046
7	27
8	0
9	12
0	5
0	3
0	0
0	0
0	0
0	7
0	0
0	1
0	0
0	1
1	0
1	0
0	1356
0	0
563	1109
0	686
15	280
0	88
4	422
0	675
8	0
2	866
3	300
726	624
0	410
0	148
14	22
1	110
17	1
0	0
0	0
5	22
0	0
2	33
1247	871
0	30
0	0
0	0
5	38
1	38
0	315
4	477
36	676
4	58
6	1547
0	2783
107	2778
0	2783
0	0
718	6
7	161
0	0
73	0
1	0
0	0
1	0
0	1
128	9105
67	9378
96	1246
2	0
0	0
0	0
0	0
0	0
0	259
4	0
0	1
0	1
226	0
0	0
1414	24
2462	1968
16	438
2	1196
9	1220
93	1057
0	1109
0	93
0	250
177	24
86	428
7	0
2	1
0	0
0	0
0	0
0	0
0	1
0	0
27	3604
47	6679
0	6655
0	4360
0	5490
6	439
2	0
11	0
3	101
138	0
86	0
83	1642
5	60
0	20
2	1553
18	2
0	50
3	34
3	261
65	454
0	558
3	552
0	89
0	18
0	0
2	0
102	0
0	0
115	149
55	93
0	174
0	1
0	0
0	80
1	44
0	80
0	75
0	17
1	52
1	37
14	0
0	1
5	0
0	0
0	0
0	0
0	0
0	0
0	0
49	0
25	15
0	0
0	0
0	0
0	0
0	0
0	0
0	0
0	0
0	0
0	0
0	0
0	0
0	0
0	0
0	0
0	0
0	0
1	102
1	50
0	5
0	53
0	1
0	5
2	4
0	4
0	2
0	0
0	0
0	0
129	0
0	0
13	0
0	1
0	9
0	3080
0	2842
7	3074
128	1121
0	3430
144	426
61	1014
10	1528
84	1468
0	2067
0	2220
0	3234
0	1493
54	185
77	2083
2	2275
433	2
314	0
179	0
47	0
14	0
0	0
165	0
70	0
98	26
0	415
0	289
0	601
0	1171
0	287
2	288
0	506
202	0
0	304
229	14
1	797
0	342
3	1572
0	1291
4	121
0	4
16	0
3	18
0	39
0	32
8	272
16	498
0	505
0	14
1	0
5	0
4	0
0	0
2	0
27	27
5	198
0	219
3	159
0	167
8	0
3	19
11	18
0	7
0	2
0	1
4	0
8	7
0	0
0	0
33	0
35	0
50	0
20	0
15	0
32	70
1	59
20	0
0	0
0	0
0	0
3	3
0	2
0	0
458	398
12	315
0	0
0	0
0	0
0	0
0	0
1	157
0	45
0	292
0	301
3	279
0	289
19	123
0	0
0	99
1	17
0	0
1	948
0	1013
161	961
0	39
7	3
40	0
33	0
3	116
0	0
0	1
30	597
0	5
0	469
0	491
40	590
7	1997
236	2011
1	1330
6	86
17	16
1	30
152	95
0	39
0	95
1	3
116	0
15	0
0	0
2	0
30	316
1	316
2	0
0	0
0	0
0	0
0	0
0	0
0	0
0	0
0	0
0	0
0	0
0	0
0	0
0	0
1	0
0	0
0	0
0	0
0	0
0	0
0	0
0	0
0	0
0	0
0	0
0	0
89	340
0	261
0	27
0	59
0	0
0	242
0	0
0	0
0	0
1	26
0	0
0	0
20	868
0	785
1189	894
0	160
75	0
2	10
3	67
0	54
1	53
0	1
0	0
0	2
4	0
5	26
0	0
2	13
0	5
0	0
0	0
1	1
0	1
0	1
0	0
0	0
0	0
0	0
1	0
0	0
1	0
6	0
12	147
0	71
0	71
5	0
0	8
0	67
0	23
93	23
101	465
1	115
0	88
43	311
500	491
0	134
73	0
5	357
32	204
0	166
0	35
0	16
495	1061
15	320
0	171
3	102
0	588
2	77
1	121
8	3
0	8
1	212
0	0
0	0
0	0
0	10
0	12
5	18
23	15
1	7
0	0
1	0
5	0
1	0
0	0
0	28
11	29
0	4
0	8
0	23
0	4
1117	849
4	813
44	0
62	36
167	4540
26	98
124	5312
1	3272
10	3055
10	2034
13	30
95	318
2	2
0	2
0	0
0	0
0	0
0	0
0	0
1	0
0	0
0	0
0	0
0	0
0	0
0	24
1	0
18	0
0	503
4	448
0	471
83	6
0	356
21	19
0	15
0	61
64	0
3529	760
120	739
0	0
67	52
3	51
1	38
1	0
1873	109
0	109
16	76
1	31
0	0
151	4160
12	4063
2	4301
1	92
4	4253
0	383
0	0
2	0
0	0
0	0
0	0
962	4
0	0
0	0
0	0
0	0
0	0
0	0
0	0
1	0
0	1349
102	1349
1	344
4	555
2	255
0	150
0	34
125	2
738	984
157	121
7	797
52	0
0	177
0	0
23	0
0	0
49	0
0	400
0	367
0	299
0	301
2	126
0	120
0	26
0	0
73	303
0	287
3	12
2	247
0	0
19	0
21	0
0	156
4	51
603	169
72	55
0	147
1325	449
0	176
45	270
62	244
91	0
1	1132
6	950
2	576
55	0
1	152
24	611
4	414
24	0
0	0
14	2133
54	1166
0	2100
9	614
0	26
385	7
86	12
3	59
9	29
9	0
0	0
0	0
0	0
0	0
0	0
0	0
0	0
0	0
0	0
0	0
2	0
0	0
0	0
0	0
0	0
0	10
39	13
0	0
0	3
0	0
40	0
0	0
0	0
0	0
0	0
0	0
7	0
0	0
0	0
0	0
0	0
0	0
0	0
0	0
1460	164
0	60
0	5
1	75
0	24
5	21
1	21
1	0
0	15
0	5
0	3
0	0
3	8
0	3
0	0
0	0
0	0
1	0
1	0
0	0
1	0
0	0
0	0
1345	126
108	126
169	54
0	44
49	0
222	0
0	0
41	0
1	2087
51	6011
5	2320
22	7188
0	213
2	837
0	1748
611	7404
6	363
2	2004
3168	404
0	7207
0	6409
2	452
85	159
69	4532
0	0
9	672
662	740
0	713
16	99
2	0
1	143
0	32
0	1
0	90
0	89
0	99
0	104
1	35
0	3718
31	1990
0	1510
18	2263
1	3151
0	3081
3	300
78	11
249	1194
101	28
151	0
0	1355
62	390
0	1392
32	1360
6	1335
0	0
0	0
84	0
51	0
21	873
0	0
0	0
0	0
0	0
4	0
0	28
15	28
0	19
0	1
1	1
19	3
0	0
0	0
0	0
0	147
1752	2113
4	1965
91	0
1	0
0	0
0	342
86	12
44	0
0	139
9	16
0	0
0	2
0	0
0	0
0	0
31	234
18	76
3	220
0	72
0	0
0	0
0	2
87	16
2	16
0	0
0	0
0	0
0	0
0	0
0	0
5	1
0	1
777	4885
26	3867
5	648
2	960
30	680
34	1086
15	319
1431	235
56	97
2	91
0	0
43	0
3	3
41	113
0	0
1	0
1	460
46	21
88	1043
0	380
5	30
0	18
13	328
70	666
59	579
1	579
0	214
0	114
0	23
1	1
9	21
0	0
3	0
3	0
0	0
17	57
5	63
0	0
35	6
3	249
14	77
0	236
3	7
2	15
0	43
0	0
0	0
0	0
0	0
14	2
0	0
0	1
0	0
0	1
0	0
0	3528
183	12352
65	2112
0	8787
0	0
5	40
11	40
0	0
0	0
0	0
0	0
0	0
0	0
0	0
0	0
0	0
356	1211
2	45
41	19
0	3
0	134
0	927
1	152
831	1284
0	636
0	230
7	294
0	268
342	206
28	98
0	0
0	0
1013	1157
0	0
23	658
2	802
0	266
4	697
3	194
0	0
0	0
0	0
0	0
19	0
43	1315
0	1209
1	187
0	132
0	243
0	149
0	180
4	926
0	2
0	427
1	2353
17	2249
0	2187
4	906
0	935
10	378
32	0
59	230
0	40
38	28
0	0
0	0
0	0
0	0
0	0
0	1802
0	0
0	0
0	0
0	0
0	0
0	0
0	0
0	0
0	0
0	0
0	0
0	0
0	0
0	0
0	0
2	0
106	67
0	62
65	2
0	2
16	5
0	54
0	57
0	0
4	0
0	2
14	44
0	42
0	18
0	18
0	20
1	0
3594	2595
0	1570
0	1567
0	1570
0	1849
62	2
3	433
1	450
12	550
0	584
0	546
0	1269
0	528
1	87
13	110
0	120
0	92
17	35
33	545
663	667
0	120
7	42
7	567
1	28
0	561
0	100
8	578
0	72
30	1
1326	403
3	402
0	0
0	0
0	0
3	87
4	83
1	37
0	74
0	35
8	0
16	0
0	8
0	0
966	0
101	0
0	0
1993	3404
0	2871
0	2922
1	2810
0	0
0	2585
62	0
0	2347
1	361
28	165
0	366
20	388
11	654
64	194
0	0
19	0
0	0
0	497
0	0
0	0
0	0
0	0
2	0
4	0
0	0
0	0
0	0
0	0
0	0
0	0
0	0
0	0
0	0
0	0
0	0
0	0
0	0
0	0
0	0
0	0
0	0
6	872
0	1000
9	753
0	444
9	343
1	151
51	0
52	170
0	55
0	0
0	0
14	4
1527	114
0	80
107	0
29	0
82	36
0	2792
68	5047
3	3884
93	0
19	254
0	0
46	0
0	0
50	2332
4	732
1151	3811
1	4165
1	2265
0	486
2	0
10	176
9	176
0	0
0	0
127	88
3	28
0	31
0	0
2	10
3182	325
0	0
0	734
1	6
2610	167
0	0
0	8190
0	8190
45	0
53190	7341
12	1020
1	6311
2	9
0	9
0	0
175	16
1	428
0	452
4	242
0	433
67	182
7	385
1	64
0	7
0	37
0	120
0	104
0	162
3	65
1	20
44	168
0	27
0	57
95	24
0	2
0	0
1	0
0	0
0	22
8	159
40	157
0	39
1	81
1	29
0	68
4	22
778	0
9	1
12	1
0	0
189	415
0	413
0	36
23	416
32	102
2101	102
35	72
14	370
2	375
0	42
2	9
10	174
9	25
0	114
0	498
5	374
0	491
1	7
0	0
0	5
1	5
0	1
0	0
0	0
1	1
0	1
12	431
13	59
18	430
1	6
1	79
53	0
0	0
2	0
0	0
0	0
15	1561
73	1778
0	1798
0	1100
0	44
1	218
16	70
43	4
64	282
3	54
1	280
0	4
0	43
1	40
1	6
0	19
0	15
34	7
287	3022
288	1872
6	2339
105	835
22	240
4	345
19	256
62	420
0	0
0	17
0	1
0	1
5	17
0	3
0	6
0	5
5	2
2	0
0	30
0	30
1	11
0	11
1	8
0	1
0	0
0	6
4	0
1	0
346	3881
4	3810
11	3810
257	3808
3	569
0	332
0	332
0	0
137	71
32	327
0	573
0	1388
293	1405
2	671
27	6
1	627
0	0
0	0
0	0
0	0
0	0
0	0
0	0
0	0
0	0
0	0
0	0
1	725
0	1601
1	650
0	644
0	1573
0	1688
0	1722
1	1659
3	1255
0	1216
0	1261
0	1235
0	1231
1	128
1	143
0	28
87	3
2	41
44	101
48	43
4	0
1	0
0	0
0	0
0	0
0	0
0	0
0	0
0	0
0	0
0	0
0	0
0	0
32	913
0	0
0	0
0	0
0	0
0	0
0	0
0	0
0	1
1	2
0	1
0	1
1	0
434	187
15	19
0	78
0	24
0	94
0	91
0	23
0	36
2	6
0	0
152	72
4	25
54	40
0	13
0	0
22	16
0	16
0	0
2	0
0	0
0	0
0	0
0	0
0	0
0	0
34	1579
471	3086
4	1190
17	955
4	625
0	1630
55	118
0	4
3	4
8	572
1	294
0	0
13	0
6	7
78	1136
1	1140
0	584
0	61
0	5
145	7
517	4020
14	894
0	2674
438	2100
1	2581
265	327
0	2665
2	3567
0	3519
0	3519
9	40
0	405
34	184
0	511
0	513
6	239
347	1706
5	111
338	31
2	169
21	253
10	270
0	207
0	170
1	194
0	50
1	19
0	75
1	58
3	9
3	17
3	26
0	23
0	21
104	6
3	16
0	12
161	186
3	167
0	131
11	17
1	12
1	2
0	30
77	41
2	24
0	3124
0	3006
48	3113
100	1107
8	110
1	336
115	6
46	702
3	330
4	0
0	428
15	36
11	0
111	0
58	0
8	1264
0	486
1	3128
0	228
3	101
1	1155
7	2423
0	3117
244	4
26	302
23	8
0	8
0	4
0	0
637	1972
10	219
0	674
5	552
1	544
0	214
1	23
0	420
9	0
0	0
94	0
0	0
1	0
0	0
0	0
1	0
0	0
0	0
27	11
0	2
0	9
2	0
20	0
0	0
0	0
2	0
1	0
2	0
0	0
0	0
0	0
0	0
0	0
0	0
0	0
0	1
0	1
0	0
5	0
0	0
2	0
0	0
0	1
0	1
0	0
5	0
0	0
119	821
0	1051
3	1074
0	888
5	994
0	762
1	673
0	719
1	613
0	156
0	279
0	0
0	0
15	27
0	1
3	0
1315	1559
11	266
0	875
20	378
0	271
1	593
0	236
26	29
0	29
6	24
3	298
0	252
0	8
3	0
3	0
0	0
34	273
0	0
0	0
0	0
0	0
0	0
0	0
0	0
29	248
4	248
0	38
1	19
0	527
0	527
0	472
0	229
4	60
4	90
0	47
0	69
0	91
0	81
18	8
1	0
433	657
0	0
17	252
0	16
0	403
0	0
1	0
0	0
0	0
0	0
1396	236
2	213
49	0
22	50
18	15
2	21
0	0
8	8
1	11
0	11
6	11
6	0
0	0
0	0
0	2
0	0
0	0
1	0
1	0
0	0
0	0
0	0
0	0
0	3
0	2
6	1
2	1
164	62
7	62
12	62
48	4
0	9
36	0
25	0
34	0
8	0
2	0
0	0
7	0
2	0
0	0
0	0
0	0
0	0
0	0
0	1
1	0
32	2426
8	2137
0	2134
15	573
7	2300
296	718
81	9
1	339
0	0
9	120
122	67
13	120
0	0
0	6
0	0
411	289
0	183
6	0
1	0
7	106
2	0
0	1
0	0
1	1
30	1789
0	1183
480	1967
84	1532
173	0
3	218
2	319
0	114
4	90
170	9
0	19
26	2514
49	2294
0	2438
1	1199
21	1306
3	332
10	84
0	248
37	496
15	46
3	324
4	291
1	31
2	100
128	208
764	258
0	225
48	90
0	122
218	0
114	720
4	660
0	714
10	104
1	19
0	65
6	139
3	18
56	0
0	86
2	102
3	91
1	88
0	85
0	0
0	0
0	0
7	8
0	4
0	0
0	0
0	0
0	0
28	369
0	347
1	219
1	1
0	0
0	1
670	4864
63	3865
48	2735
115	2853
34	4483
10	605
74	0
91	0
0	0
0	0
0	0
0	0
0	0
0	0
0	0
0	1
9	0
27	1
8	2
2	2
3	1
0	0
0	0
0	0
1	93
0	0
0	659
40	659
1	82
1	60
1	45
7	11
553	122
7	10
1	46
4	14
6	52
0	0
0	0
49	1495
14	1468
17	99
2	0
2	121
0	0
2	0
3314	7345
12	4551
16	7331
0	0
0	0
1	0
82	1
0	1
0	1
21	1
1	196
0	125
0	101
7	45
11	212
0	273
1	152
6	248
30	229
2	35
6	15
0	88
36	125
0	2
0	0
56	4711
0	0
0	0
0	0
0	6
0	6
236	134
8	134
2	0
0	0
0	0
6173	16
0	0
0	0
0	0
0	0
0	0
4	5
1	102
60	6
0	5
0	1
0	0
1	96
0	17
0	69
0	2
0	0
0	0
660	2
0	0
0	0
0	0
1	1
0	1
287	10011
4	9650
172	0
3	3070
1	676
6	556
2	2165
0	2159
4	0
0	1352
1	1343
8	267
0	123
36	831
291	318
36	69
8	180
9	162
1	88
0	16
0	0
0	0
0	0
260	170
0	84
0	0
30	86
127	37
0	0
2	0
0	0
0	1
0	0
0	0
126	0
0	0
0	0
0	0
0	0
5247	2
0	0
99	582
0	661
0	3246
231	3456
3	32
0	1212
3	178
40	103
0	0
0	0
0	13
5	15
0	41
0	13
0	0
0	38
15	0
4	0
2	3
0	3
0	0
1	16
2	2005
0	2039
0	1911
26	1212
2	1452
0	1870
0	1450
0	1994
11	2021
0	153
0	125
0	199
28	87
0	208
100	181
0	231
0	34
84	69
1	44
0	0
0	0
1	13
7	13
0	0
9	0
0	1
6	0
0	0
0	0
0	0
0	0
0	4
0	0
3	0
0	0
0	0
0	0
0	0
0	1
0	0
18	2470
1	35
0	0
19	276
0	40
0	35
0	276
0	6
2	0
2030	439
0	439
25	76
4	2
0	54
4	20
0	30
0	9
1	6
0	6
0	6
0	0
0	3
10	0
149	7112
171	7150
176	747
4	456
0	20
0	398
0	44
6	384
7	397
0	44
2	13
6	1407
41	155
2	932
0	1462
0	1403
0	40
1	177
97	43
0	1390
6	1691
0	441
0	0
28	316
0	90
2	1
18	5598
135	5606
146	5275
28	2715
1	3968
3	1
269	2405
4	4
0	0
46	1791
0	3036
1	2888
0	0
0	12
0	53
4	10
112	58
0	17
24	41
5	26
3	7
0	0
0	0
70	751
2	751
5273	11603
59	11603
0	0
0	0
147	1107
4	1075
0	1075
3	1073
0	1077
0	765
6	1
6	2
0	1
0	0
1	0
0	318
0	282
1	295
5	121
0	97
11	29
4	1384
132	1372
30	30
3	32
1	0
1	15
1	1019
1	162
3	1030
66	352
1	349
0	349
0	76
0	65
0	101
91	165
6	136
1	462
0	0
19	1
0	0
9	44
98	58
0	46
0	0
0	0
0	0
3	80
0	0
0	0
3	236
12	16
1	242
0	90
3	115
0	11
0	0
0	0
1	211
0	0
0	0
1	10
18	0
0	0
0	0
0	0
0	3
0	1
0	3
0	0
0	1419
0	1419
3	1172
927	0
0	6
2	6
0	6
10	8
0	8
0	0
0	0
0	0
1968	0
0	0
0	0
0	0
1	0
0	0
1	1
0	0
7	1
0	1
0	0
0	0
1570	1
3	1
0	0
20	0
343	537
0	537
0	0
24	249
2	191
0	56
41	59
0	12
23	0
1	0
33	399
1	399
0	0
21	0
2	0
0	0
0	0
0	0
0	0
0	0
0	0
0	0
0	0
0	0
0	0
0	0
0	83
7	10
24	83
9	24
0	11
0	0
0	7
0	0
0	0
0	0
0	0
0	0
0	0
9	26
0	0
0	0
0	0
0	0
0	0
0	0
6564	746
20	64
44	674
5	90
147	90
2	0
746	2509
0	2509
0	1
0	1
0	0
33	1
0	1
0	0
0	0
0	0
0	1
2	61
0	56
0	62
7343	0
7	0
3	0
0	0
0	0
0	0
0	0
0	0
0	0
0	0
0	0
0	0
0	0
0	0
0	0
0	0
6	877
0	903
8	373
22	141
0	380
0	439
0	112
2	352
240	0
0	21
2	123
0	1386
22	1324
1	204
1	898
0	1174
1	109
51	3215
6	1682
160	3067
430	540
348	1669
2	356
42	42
5	547
11	247
0	202
0	147
144	250
0	143
326	37
4	37
9	125
14	192
17	34
188	190
12	2
0	0
0	0
0	0
0	9
0	525
9	498
3	490
1	494
0	0
59	0
0	0
0	0
1	489
0	0
0	0
0	0
0	0
0	0
0	0
1	18
0	0
0	0
0	0
0	0
0	0
0	0
0	342
0	476
22	113
0	12
0	443
0	88
15	330
8	220
2	15
0	50
0	75
0	123
0	30
0	46
0	65
0	54
0	11
0	0
58	771
38	739
1	128
2	0
2	0
0	0
3	1
0	0
58	1
0	79
0	79
120	980
20	1097
0	830
1	160
0	0
0	0
0	0
0	0
0	0
0	5
0	0
1446	289
5	287
46	9
0	0
0	0
0	0
0	0
0	0
1080	179
0	140
3	35
0	19
0	0
0	0
0	0
0	0
0	0
0	0
0	0
0	0
0	0
7	16
0	0
0	0
0	0
0	0
0	0
0	0
0	0
0	0
0	0
8	237
9	511
0	241
4	492
31	159
0	0
0	14
0	38
0	29
0	0
0	0
0	0
0	0
0	0
0	0
0	0
0	0
0	0
0	0
0	0
0	0
5	2577
4	2488
0	2257
0	2344
0	179
20	61
27	332
8	299
0	0
1	194
0	0
0	0
0	0
0	0
2	286
0	134
0	10
3	0
3	0
0	266
6	12
4	0
7	0
4	0
1	0
1	0
0	0
0	0
0	0
2	15
0	54
0	1707
9	1706
0	122
0	0
35	3799
4	3761
7	54
0	100
3	11
0	46
4	324
1	30
2	44
9	69
6	23
28	153
75	131
2	35
0	128
0	128
0	130
0	123
0	57
1	0
0	20
0	18
0	0
1	4
5	153
0	151
0	139
0	0
0	6
175	0
298	2434
0	458
23	2332
0	0
1	8
0	8
0	6
1	5
2	0
12	19
1	19
0	0
16	3
0	3
1817	774
11	767
2	764
0	0
266	708
0	708
36	1
3	198
0	108
0	0
0	0
0	0
0	0
1	4
7	429
1	425
0	0
0	0
0	0
0	0
0	0
0	0
0	374
0	0
0	0
0	0
0	0
9	385
914	70
18	70
0	699
27	676
6	442
22	41
101	451
11	87
13	12
0	229
0	123
12	48
32	124
75	675
9	2
1	20
0	675
0	35
10	0
4	139
1507	1452
0	1307
15	536
6	519
0	13
0	0
0	2
0	1
0	1
0	0
0	0
0	0
0	0
0	254
0	254
1	254
9	252
24	253
2	158
1	12
0	11
1	5378
81	5378
0	0
0	0
0	0
0	0
0	0
0	0
0	0
0	1
573	260
0	0
24	260
0	0
10	777
0	630
23	806
5	28
6	938
15	186
0	109
1	38
0	1
0	1
0	0
0	0
0	0
0	5
0	5
0	5
2	6
0	5
0	0
0	0
0	0
0	0
0	0
0	0
9	2
0	1
0	1
0	0
0	0
3	0
0	113
0	0
0	0
0	0
0	0
0	0
0	0
0	2
0	0
0	0
0	0
0	0
0	0
0	0
0	0
0	0
0	0
0	0
0	0
0	0
0	0
0	0
0	0
2702	594
3	326
5	64
4	211
0	18
117	968
0	1605
4	10
2	190
0	798
11	465
1	354
12	45
26	225
2030	0
88	20
0	20
596	493
2	493
0	0
0	0
0	1
0	1
0	0
0	0
2	386
3	396
0	199
1	248
0	23
2	19
1	0
0	2
160	4857
0	799
0	0
237	4108
87	4711
2	2010
0	1336
0	571
22	265
53	1582
1311	1298
8	1298
5	377
0	12
2	10
3771	944
8	938
0	0
0	0
1	0
0	76
6417	137
0	137
0	3981
0	3981
0	3974
3631	4
48	2045
107	2093
218	2092
0	0
54	233
48	88
0	186
8	10
0	4
0	4
0	2
0	2
0	0
3	0
0	0
883	130
0	72
6	129
8	26
0	0
1910	1138
24	2
0	0
12	756
7	904
0	1043
0	1043
4	17
5	16
0	0
0	126
0	0
0	0
1	150
0	146
0	0
0	0
2040	0
0	0
0	0
0	0
2	1521
208	1604
0	78
0	319
5	87
21	142
0	128
0	15
0	2
2	51
0	15
2	1
13	1
300	0
491	8
1	6
0	1
0	0
0	1
0	0
0	1
0	0
0	0
0	0
0	0
0	243
13	244
6	230
0	16
0	0
2	7
2	8
1	8
0	6
144	0
2	0
0	0
0	29
0	29
1	0
0	10
0	10
0	4
0	971
562	0
2	1060
544	1060
0	297
1	4
0	4
0	4
12	1774
0	1500
0	789
6	44
24	81
1	90
6	162
22	2
0	494
13	437
0	73
1	183
4	183
4	150
11	64
7	273
3	278
0	175
8	978
0	970
2	153
1	11
2	972
44	304
2	450
6	38
0	314
0	36
2	36
9	55
0	55
3	54
0	59
0	48
4	58
0	36
0	20
0	10
0	31
0	35
0	13
0	12
0	8
0	6
0	2
0	0
0	0
0	2
10	0
0	1
0	1470
0	3
0	0
1	1
0	0
0	12
9	6
0	11
0	3
0	14
0	1
0	57
0	8
0	19
6	113
0	26
0	2
1	2
0	0
0	5
0	2
0	1425
0	3
0	1
0	0
0	0
0	11
0	1
0	196
0	30
0	31
0	0
0	149
0	75
0	0
1	0
0	4
0	0
0	0
0	0
0	0
0	0
0	1
0	1470
0	0
0	0
0	1
0	1
0	57
0	1
0	1
0	18
0	13
0	53
0	26
0	26
2	12
0	1470
0	1
0	1
0	196
0	165
159	113
0	3
0	0
0	0
3	0
0	2
0	1
0	1
1323	966
3	2
14	35
0	0
0	0
0	0
0	0
0	0
1	4
3	296
4	302
2	299
0	80
2	4
0	26
0	12
0	576
14	570
1	8
45	597
6	592
0	34
0	565
0	0
0	0
0	0
0	0
0	0
10249	2599
25	560
47	69
41	121
0	543
21	251
6	245
1	12
0	35
0	35
0	24
0	39
0	31
1	15
1	1
0	415
68	667
17	644
2	57
9	54
55	1031
9	359
2	302
0	606
0	604
3	294
0	362
2	162
6	82
3	170
15	86
46	1793
0	1794
5	1823
25	1727
0	1793
0	1660
2	244
3	98
0	46
0	47
3	4
0	11
3	10
8	116
602	3759
0	3673
0	253
137	553
27	2611
0	2661
0	2675
0	319
0	0
0	208
0	0
92	1983
3	2
89	759
23	222
0	164
18	269
0	4
0	36
0	0
0	36
1	4
0	1591
0	14
0	372
5	21
0	11
1	49
1	23
52	854
12	19
14	1582
0	166
0	96
0	21
0	1237
0	1546
1	96
0	187
0	11
0	1
0	1
0	0
0	0
0	0
0	0
281	905
0	822
0	49
6	117
3	108
2	60
0	67
0	57
0	78
6	71
2	12
1	5
1	12
0	12
0	12
2	0
0	0
454	67511
0	67511
28	8
151	368
4	79
16	396
0	159
0	224
0	128
11	269
19	197
2	132
2	185
0	59
0	56
0	35
0	60
0	21
3	5
111	5
181	420
0	417
0	127
0	35
0	46
3	6
0	6
67	11422
1	11488
441	13484
3	6951
0	480
33	1987
11914	2412
1	111
0	628
4	47
20	1616
0	1395
3	206
64	47
380	753
6	650
4	159
14	282
1	108
9	116
15	261
1	339
21	346
0	273
0	37
1	43
0	91
1208	446
5	413
2	90
0	359
7	2
9	86
3	42
0	0
0	0
0	0
0	0
39	710
1	689
25	401
3	1
1	37
0	393
1	141
0	144
2	48
0	17
0	2
0	14
0	12
2	293
4	304
0	177
3	148
28	453
4	300
30	81
0	6
5	6
0	702
0	256
0	204
2	260
0	273
0	31
0	8
0	6
0	18
4	18
0	0
0	0
0	0
0	0
0	0
43	0
35	0
0	0
0	0
0	0
0	0
0	0
0	0
0	0
0	0
0	0
0	0
0	0
0	0
0	0
0	420
14	420
0	0
0	8
53	336
0	336
4	0
0	4176
10	3269
0	4174
0	3282
3	3283
46	3616
1876	9869
2	5832
3	9336
12	8306
0	7108
1	1169
20	3223
1	1432
18	2831
5	1729
8	736
0	1208
0	727
9	716
0	0
40	0
20	6
0	2
23	2276
1	2333
0	2275
0	514
5	388
16	223
0	222
9	7
0	219
0	193
6	234
81	115
0	83
1	75
0	117
3	5
0	4
0	0
464	93
0	78
0	32
0	53
0	0
0	0
0	0
7	3
0	2
0	3
0	3
0	2
0	2
0	2
0	3
0	2
0	2
0	2
0	2
0	2
0	0
0	2
0	0
0	0
0	0
1	1
0	0
0	0
0	0
0	0
0	0
0	0
0	1
38	1208
0	967
13	176
0	712
184	936
0	0
0	172
385	601
0	95
0	0
0	0
0	0
167	139
0	15
0	88
0	99
1	88
0	51
6	655
0	662
63	355
0	62
8	16
0	16
37	292
0	273
1	193
1	39
0	207
0	16
2	92
127	170
0	170
0	11
297	777
2	662
18	777
2	308
0	0
1	2
0	61
0	61
0	0
99	189
8	78
3	59
0	21
0	154
0	126
1	4
213	345
0	76
0	141
6	263
0	0
748	745
1	98
20	632
0	473
0	2987
0	2987
0	2
3	808
0	539
3	529
102	0
1	529
133	589
0	209
7	166
0	76
0	4
0	0
0	0
4	27
0	6
0	6
0	3
0	0
0	6
0	6
0	0
0	0
0	0
2	0
0	0
2030	225
0	225
1	0
0	0
2	168
1	157
0	168
0	3
72	107
0	0
0	1
0	1
0	0
2	2333
60	2334
1	6
5	226
0	243
145	45
0	13
0	38
0	2
1	7
401	1015
5	994
0	0
30	301
5	9
20	92
0	72
12	28
2	0
1432	277
6	180
5	0
1	277
8	102
4	120
15	264
10	180
0	7
0	14
0	0
0	0
0	20
0	0
0	0
6	200
0	201
24	209
0	0
0	0
0	0
719	0
4758	2776
206	1360
2	592
2	1794
5	133
0	154
1	0
60	266
0	206
33	242
2	52
4	0
1	5363
0	5363
14	5451
0	293
48	76
22	1616
45	0
1072	187
35	189
11	0
0	0
0	0
0	0
0	0
0	120
0	113
0	104
5	5
7	5
0	0
0	0
286	1490
0	1490
23	10
0	0
0	0
0	2403
132	2403
0	21
0	119
0	120
0	70
11	815
0	206
0	415
1672	1381
1	1405
0	2
5	657
11	658
0	20
6	37
544	142
0	105
1161	773
0	772
1	564
4	74
0	0
0	0
0	0
0	0
0	0
5	206
0	2
0	204
0	17
8	282
11	119
610	624
0	504
1415	242
1	223
0	0
0	0
7	19
33	45
1	2
213	272
25	26
3	254
1	4333
0	21
1	619
35	798
3	753
27	23
7	67
58	39
1	218
6	159
1	218
0	4
0	155
368	641
0	495
65	606
0	155
31	0
1	0
0	0
0	0
0	0
0	0
0	0
0	0
0	0
0	0
0	0
0	0
0	0
0	28
0	23
0	24
0	20
0	0
0	0
4	315
63	322
10	11
7	0
0	0
0	1
0	1
1015	0
0	159
13	159
729	104
0	74
0	32
775	115
48	115
0	23
2	413
0	1473
0	2890
12	2783
0	248
154	593
73	671
37	338
6	124
23	7
1	59
0	59
0	0
1	0
0	0
2	23
0	4
0	0
0	2
0	0
0	0
0	132
0	0
0	0
0	0
0	188
0	0
0	0
0	0
1	0
0	0
0	0
2	0
57	1907
0	1919
0	146
2	147
0	483
0	0
0	0
0	0
0	0
0	0
0	4
0	0
0	0
0	0
0	0
0	0
0	0
0	0
0	0
0	0
0	0
0	0
0	0
0	0
0	0
0	0
0	0
0	0
0	0
0	0
0	0
0	0
0	0
619	573
1	573
0	187
4744	268
1	266
0	0
0	0
0	0
75	123
0	61
0	62
0	32
0	0
1	0
8	4833
112	6546
4	109
8621	6421
18	6376
50	4533
0	0
2	51
2	757
75	39
0	22
1	152
2	152
2	39
0	742
6	0
1	1140
9	453
0	230
5	1134
0	577
0	0
8	0
0	1
393	153
1	18
7	61
0	96
0	0
0	2
0	0
0	0
0	0
0	3
1	2
0	0
0	0
0	0
0	0
0	0
0	0
0	0
0	9
285	266
0	257
2	251
0	0
0	0
0	0
0	0
0	5
0	0
0	0
3164	1489
116	383
11	192
1	1134
0	0
0	1
0	0
0	0
0	0
0	0
8099	1279
1	768
5	721
40	0
8	0
0	0
1	0
1	0
0	0
0	0
3	0
0	0
0	0
1016	586
0	280
5	411
13	58
0	0
6	122
3	50
23	33
6	346
1	332
0	19
578	558
0	100
14	24
71	195
2	438
3	102
0	140
2	145
0	5
2551	997
0	666
0	864
3	880
74	879
0	0
0	0
0	0
0	0
18	33
0	31
4	2901
0	3
4804	3442
7	546
5	1112
4	687
41	160
3	0
2549	443
9	95
43	344
91	101
2	36
0	13
1	0
0	0
0	0
0	0
0	4663
0	1
9	103
0	0
0	126
0	4023
0	84
7	80
12	3077
0	23
0	12
1	4023
0	0
0	0
18	459
43	824
0	283
0	3995
0	4030
0	3974
0	4019
0	3984
0	0
1840	0
14836	28
0	0
0	0
0	0
0	0
9371	1263
136	1307
43	1161
33	670
0	448
0	460
0	442
0	447
0	461
0	466
1	447
13	63
0	2462
2	2598
61	2597
1	2594
0	2592
0	0
50	1
1	127
11	107
8	79
1	0
0	1
0	0
13	3
0	3
1508	4690
1	278
0	4423
27	130
92	1097
162	2661
44	367
51	468
11	1566
4	1025
4	597
0	0
14	0
1310	0
0	8
0	139
89	207
0	207
5	212
0	585
77	586
0	584
5	10
23	10
0	0
0	0
1	23
3514	420
9	230
8	102
58	113
5	0
1	139
13	346
0	320
7	21
22	29
1	0
311	15171
18	15058
4	7503
0	5856
6	4766
14	4842
3	1279
9	620
2	2281
0	668
1	573
14	261
15	253
0	0
0	0
49	820
0	820
0	100
225	234
69	185
0	18
0	65
366	441
14	412
0	41
107	25
35	18
353	150
0	17
1	14
0	142
4	24
0	0
0	0
0	0
0	0
0	0
0	0
0	0
0	0
0	0
0	0
0	0
0	0
0	0
0	0
0	0
0	0
0	0
0	0
0	0
0	0
0	0
0	0
0	0
0	0
0	0
0	0
0	0
0	0
0	0
0	0
0	0
0	0
0	0
0	0
0	0
0	0
0	0
0	0
0	0
0	0
0	0
0	0
0	0
0	0
0	0
0	0
0	0
0	0
0	0
0	0
0	0
0	0
0	0
0	0
0	0
0	0
0	0
0	0
0	0
0	0
0	0
0	0
0	0
0	0
0	0
0	0
2	0
0	0
0	0
0	0
0	0
0	0
3	0
0	0
0	0
0	0
0	0
0	0
0	0
0	0
0	0
0	0
0	0
0	0
0	0
115	416
0	414
5	319
0	317
3	295
0	265
4	0
0	125
0	0
415	171
0	171
0	1496
0	2129
167	1426
60	1126
11	901
17	919
147	130
553	4191
167	608
22	4191
0	608
2	355
107	120
1024	70
12	70
1	78
0	78
0	26
17	60
38	69
0	12
0	74
0	64
1	0
4	12
0	12
0	1
72	4185
1743	4185
10	398
242	2
0	2
34	670
3	753
31	766
54	684
1	665
1	21
5	0
0	432
2	180
0	7
0	1367
0	416
0	57
2	35
0	0
16	469
0	1261
4	289
1	75
10	334
22	1229
2	166
13	695
0	77
49	589
3	0
0	0
0	0
0	0
0	0
0	0
23	149
979	401
6	309
0	0
5	1
0	1
35	709
209	463
12	719
0	199
0	96
19	197
24	187
105	512
2	318
0	0
4	265
7	265
3	97
2	0
0	0
0	0
0	0
552	18
1	18
0	0
0	150
2	144
0	189
0	243
7	230
1	229
0	238
0	148
0	153
0	140
0	0
0	1
9	126
12	6
0	4
1	35
3	28
3546	121
31	813
2	6
1	134
0	136
0	811
0	0
0	0
0	0
0	0
0	0
0	0
0	0
0	0
0	0
165	203
0	203
21	0
1	63
0	7042
16	7027
288	7042
0	0
0	0
2	0
14	2813
0	0
0	0
0	0
0	0
7	0
0	0
1514	6
2	58
6	58
5	661
5	661
0	68
0	114
0	0
0	0
0	0
1619	389
1	168
3	104
3	228
0	0
0	0
0	0
1	244
0	0
0	0
0	0
0	0
17	0
2	0
0	0
0	0
0	0
2	0
1	1
9	301
3	63
0	1
307	1005
5	1005
6	165
4	32
4	1714
3	1408
3	1
0	0
800	64
6	64
0	0
0	0
0	0
0	13
0	0
0	0
0	0
0	0
43	1688
0	1742
6	1608
62	1267
9	1112
11	145
24	68
200	655
0	202
244	528
0	0
141	0
1	0
0	4
0	4
0	0
0	0
0	0
0	0
0	0
0	0
0	0
0	0
1	1
0	0
0	0
0	0
0	0
0	0
0	0
0	0
4	5008
1	5013
265	2126
8	0
0	0
0	0
0	0
0	0
0	0
0	0
0	0
0	0
0	0
0	0
0	0
0	0
0	12
0	22
1	0
0	12
0	33
0	1311
0	0
75	1311
14	392
0	46
7	7
2	21
0	0
0	0
0	0
0	0
0	0
0	0
0	0
444	0
0	0
0	0
0	0
0	0
0	0
20	2299
7	1765
0	1286
0	1160
0	1165
0	1166
0	1196
44	1632
2	1208
0	141
62	403
12	158
0	78
4	7
7	161
0	139
0	0
0	0
0	0
0	0
0	0
0	0
0	0
0	0
0	2
0	0
0	0
0	0
0	0
0	0
0	0
0	0
0	0
0	0
0	0
0	0
0	0
0	0
3	1078
0	0
0	2
0	0
0	0
0	0
0	0
0	0
0	0
0	0
3322	18
0	0
2	1368
10	1379
0	1399
9	131
0	286
2	1160
4	12
0	98
8	25
7	58
6	1
16	91
0	57
0	27
0	0
23	133
39	30
0	0
0	0
0	0
0	0
0	0
0	0
0	0
0	0
3	0
0	0
0	4256
7	4263
33	4208
0	1059
4	1050
2	1035
37	768
52	703
9	630
0	0
298	534
0	163
2	38
27	0
0	0
0	0
0	0
1567	1146
8	1028
0	384
2	79
97	87
4	31
0	0
0	78
0	77
0	80
0	1
2	1
0	4
1	16
1	16
0	0
0	0
1	2
1648	822
9	312
9	508
0	162
1	156
6	161
0	93
0	0
2	0
0	0
0	555
210	836
11	351
4	681
2	854
28	825
1	94
1	14
697	748
7	63
0	71
23	811
26	811
86	69
220	31
1	119
0	0
0	6
0	257
1	264
0	62
0	240
0	0
1	20
1	0
6	18
0	0
0	0
0	0
0	0
2	39
1	0
4	501
0	512
0	464
0	53
1	434
0	13
0	64
0	0
0	0
0	119
0	135
0	89
0	42
0	24
0	13
68	63
0	60
0	32
0	7
0	10
3	7
3	0
0	32
0	0
0	0
7	255
9	28
1	255
5	1
0	0
2	70
0	0
14	100
128	100
7	71
5	44
0	0
0	50
3	3
2	2
0	0
0	0
0	8
0	415
0	92
0	413
0	36
14	57
2	0
0	26
0	5
1	317
0	0
0	6
0	6
0	0
0	0
0	0
0	0
1114	2
468	242
12	242
0	0
0	37
0	27
24	5
18	555
1189	2432
0	650
17	571
0	745
5	1013
0	1013
49	284
43	7441
1295	9686
3	8386
1	335
2	0
3196	15845
31	11908
8	8185
16	4690
3	458
0	440
0	99
108	46
0	22
0	18
0	7
0	4
0	1
0	2
0	4
0	4
0	4
0	0
0	0
0	0
600	1890
1	794
0	421
0	129
1	699
132	524
306	733
0	284
2	0
0	0
9	2
125	1690
6	296
9	1653
0	0
5	57
0	0
0	54
1	95
89	674
7	79
0	65
0	255
406	255
0	253
0	0
0	0
0	0
0	0
0	0
4	47
0	0
0	0
0	0
0	0
0	0
0	0
0	0
0	0
0	0
0	0
0	0
0	0
0	0
1	0
5696	9
5	0
0	2
8	2
0	0
0	0
0	0
0	0
0	0
1	0
0	0
0	0
0	0
0	0
0	0
0	0
0	0
0	0
2	0
0	0
0	0
0	0
0	0
0	0
0	0
0	0
0	0
0	0
0	0
0	0
0	0
0	0
0	0
0	1
0	1
0	0
372	0
0	0
1	0
1	2
0	2
13	0
10	0
703	1
0	0
2	1
0	0
0	0
0	0
0	0
3	6
1	6
613	0
0	0
0	0
1	0
0	0
0	0
0	0
0	0
0	0
0	0
0	0
0	0
0	0
0	0
0	0
0	0
0	1
0	0
0	31
0	31
0	30
3	35
0	29
0	36
0	3
0	12
0	16
0	16
14	13
0	6
0	3
1	0
0	0
0	0
0	0
0	0
0	0
0	0
0	0
17	60
0	4840
0	0
0	0
0	0
0	47
0	0
0	0
0	0
0	0
0	0
1	0
61	0
0	0
0	0
0	0
0	0
0	0
0	0
0	0
0	0
0	0
0	0
0	0
14	6
1	6
0	0
0	0
366	32
63	32
306	1012
438	1917
1	370
3	325
33	598
10	148
0	337
0	214
157	291
12	2447
95	2447
0	0
0	77
4	595
0	646
4	583
2	12
1	0
0	0
3	80
261	2097
0	1649
3	101
96	442
6	132
0	88
0	64
14	42
34	25
0	0
0	0
0	3
6972	0
7	1
4	1
1	2
0	0
0	0
3	0
0	0
2	2
0	2
3	0
1	0
1	0
0	0
0	0
2363	4
3	0
0	0
0	482
11	299
18	300
0	18
0	0
0	279
0	28
0	18
0	40
0	176
0	327
1	75
1	112
0	7
0	142
2	5
1	163
0	52
0	55
9	3
3	3
264	5761
80	2075
54	666
0	2233
3	533
20	218
0	232
0	166
8	83
28	13
38	3298
0	2
0	0
0	2
0	2
0	0
0	0
0	0
0	0
0	0
0	0
0	0
0	0
0	0
0	0
0	0
0	0
1479	0
61	77
13	77
0	0
1	0
0	0
0	0
12	24
1	0
0	2
0	2
0	2
0	2
1	2
0	2
0	0
0	0
0	0
4	0
14	319
2	2670
2	2541
14	2531
4	2500
0	2308
0	279
34	187
0	1
0	1
0	0
0	0
0	0
0	0
0	1
0	1
0	0
0	152
0	291
1	341
91	356
0	113
0	0
0	15
0	4745
0	4853
18	2078
13	3347
4	1348
0	422
6	70
15	951
0	2993
44	359
7	291
4	1650
34	979
0	0
0	0
15	0
0	0
0	1
0	0
0	1
0	0
43	2
0	2
0	0
0	0
0	0
0	0
20	1897
15	1897
0	7
3	127
34	3717
2	714
0	3658
0	2522
0	3689
0	3548
0	45
82	73
0	267
2	38
6	278
0	18
0	215
0	207
156	1
1	109
5	197
0	1
0	0
1	1
55	14
11	0
1	0
0	0
45	475
8	475
6	81
42	0
21	0
0	0
0	0
0	0
0	0
0	0
0	0
0	0
0	0
6	0
26	0
0	0
0	0
58	53
37	289
212	316
0	47
5	108
3	75
2	19
14	109
3	104
2	57
8	11
0	3
0	131
1	0
0	19
0	119
3	19
0	33
2	130
0	0
223	1054
2	1054
0	0
550	0
16	0
0	0
0	1
0	1
1	0
1	3
0	0
473	1956
0	1842
0	41
1	114
0	0
0	0
0	0
0	0
9	43
98	43
2	19
0	0
5928	859
4	45
0	507
50	237
0	393
8	242
0	0
0	72
2	43
0	0
0	0
0	0
0	0
0	0
75	0
0	0
2	2
0	0
0	0
0	2
1	0
0	140
1	140
0	140
0	9
0	6
0	15
0	8
3	91
0	320
1	320
0	29
0	320
0	9
1	318
0	317
0	0
330	2120
2	2120
2	575
411	575
17	576
0	0
5	143
5	130
0	22
0	0
0	0
0	25
0	1
0	0
0	0
0	0
0	0
0	0
0	0
0	0
0	0
5	18
1	430
1	1
6	5
6	17
218	439
0	8
0	366
1	4
2	1
65	421
0	364
2	397
11	209
0	0
1	25
16	25
0	121
0	15
0	119
1	15
1	15
0	133
0	4
2	27
25	132
1	51
2	4
2	0
0	16
0	0
0	0
0	1
0	2
0	2
0	2
0	2
0	2
0	0
1	0
459	300
4	300
0	57
0	90
0	89
0	77
2	98
17	57
1	0
3	3
0	0
1	22
0	3698
2	14
0	428
0	2
183	13
8	1
0	3687
0	3661
0	5
0	3718
234	387
158	461
7	956
87	453
8	433
27	433
83	53
3	46
5	24
16	0
0	0
0	0
0	0
0	0
629	139
0	96
2	43
0	0
0	0
0	0
0	0
0	0
88	19889
0	1
0	0
6	3
0	5
0	0
0	0
3	1
0	4
8	4
0	1
0	0
0	0
0	0
0	0
0	0
0	0
0	0
0	0
0	0
0	0
1	35
0	35
0	0
3748	8
3768	10
0	0
0	0
1	1
0	2
0	0
0	0
0	2
0	0
0	0
2	0
0	0
0	0
0	0
0	0
0	4326
109	537
6	4400
5	5
2252	0
0	0
0	0
0	0
0	0
0	0
0	0
0	0
0	0
0	0
0	0
6	0
5867	18
2	0
0	0
0	0
0	0
0	0
1074	23
19	23
1	27
5	236
0	9
8	227
13	1148
1	1054
0	365
0	377
49	105
5	19
0	241
0	90
18	140
5	33
3	26
0	24
0	23
0	0
0	2
0	1
6	0
946	1322
15	1306
1	1155
0	29
0	63
2	58
4	45
0	0
0	0
0	204
755	1601
1	412
52	1487
0	1251
44	161
0	1237
1	80
0	217
7	1174
4	1395
0	114
0	0
14	36
13	7
0	722
51	16
12	415
133	641
117	219
0	270
0	375
38	66
34	45
1	246
0	19
1	37
9	264
0	22
2	226
5	213
0	132
0	20
0	2
0	0
0	0
0	0
479	293
0	184
0	41
3	203
1	192
0	152
4	12
5	8
0	1
10	6852
0	1037
2	3344
19	2566
0	2706
1	5322
2	0
334	1169
4	963
0	143
0	91
0	206
3	141
19	8
17	190
12	197
0	41
3	0
630	513
0	367
1	195
1	193
0	233
0	57
0	135
1	100
71	1750
126	304
6	916
0	724
2	23
0	0
1	445
0	365
3	9
1	1
83	456
12	324
0	0
9	779
0	417
0	745
1	58
0	45
0	96
0	0
1	3
0	4
0	17
1	13
0	1
0	1
0	0
0	0
0	0
0	0
0	0
0	0
0	0
0	0
0	0
1	0
0	0
0	0
1	0
0	0
0	272
157	269
0	169
0	189
0	23
0	177
0	272
0	162
0	159
0	190
13	166
0	14
0	159
0	0
0	0
0	0
0	0
0	175
0	0
0	0
10	1
26	9
0	247
0	3
0	16
10	0
0	70
0	43
0	30
447	327
5	327
33	561
0	168
0	247
0	344
0	221
1	264
193	290
0	510
2	27
0	260
0	220
1	244
0	90
0	100
583	917
1	567
3	366
0	291
0	175
0	60
0	0
0	32
0	32
2	15
3	730
0	261
0	697
13	693
31	697
0	86
9	60
0	15
0	0
1140	4711
1	1822
2	1737
1	2483
0	1534
0	538
0	0
4	569
0	509
0	180
4	772
107	533
0	640
5	665
1	371
2	135
6	21
5	577
1	37
0	345
3	130
6	188
0	133
1	3
0	3
0	3
4126	0
4	0
0	0
0	0
329	125
0	61
0	101
1	14
0	24
1	0
101	5
0	5
0	0
0	53
24	1524
5	1494
0	0
10	987
0	0
0	0
21	0
0	0
26	11
0	0
2	53
1	24
5	10
2	41
35	110
0	79
90	225
647	540
72	540
1	13
0	42
296	64
0	0
16	0
8	22
220	1382
14	0
2	148
2	1282
13	75
4	95
69	950
25	17
0	18
3	107
56	0
0	1478
27	1576
0	591
5	0
0	0
432	1176
26	539
1	488
3	394
17	129
11	14
746	122
20	122
532	0
20	0
45	149
0	124
1	142
0	0
0	12
0	0
0	0
0	3127
0	2832
5	2954
52	845
0	0
6	114
1	343
48	57
0	1385
0	119
15	142
1	9
21	112
29	2516
1	2523
0	2430
1	2545
1	2537
0	2677
0	365
0	2209
3	2041
4	194
38	72
4	317
0	417
0	189
101	4
0	109
3	60
14	34
0	0
9	26
0	2
0	2
0	2
0	2
0	0
564	2457
1	1789
1	51
15	1667
0	1272
12	11
6	78
6	1789
45	465
25	377
0	54
0	0
2	10
38	10
1	504
631	2844
106	490
51	401
0	625
2	2739
13	57
3	319
743	2370
0	2376
0	486
0	0
0	0
0	0
0	0
0	0
9	10
0	10
0	1
0	1
16	203
167	203
1858	453
0	0
0	0
30	453
0	0
0	0
11	0
0	210
0	209
0	212
0	207
0	206
0	205
0	197
0	34
0	16
0	12
0	15
1	8
0	0
1	0
0	0
2	0
0	0
0	0
0	0
1	1
1	0
2	0
2	19
0	0
10	114
0	6
15	98
0	2
0	0
0	37
0	36
0	0
0	0
0	764
0	61
17	405
23	124
2	61
0	34
3	169
1	72
5	651
1	197
0	573
5	50
0	0
0	8
0	252
12	0
0	234
0	156
0	192
0	121
0	19
0	18
1	11
3	5
0	0
1	0
0	0
0	0
0	0
0	0
0	0
0	0
0	0
0	0
0	0
0	0
0	0
0	0
0	0
0	3
0	3
0	4
0	4
0	0
0	0
0	8
0	8
0	0
0	0
0	0
0	0
0	0
0	0
0	0
0	0
0	0
0	0
0	0
0	0
0	0
0	0
0	0
0	0
2	276
1	6
0	0
0	0
0	0
0	0
0	0
0	0
0	0
0	0
0	0
0	0
0	0
0	0
159	0
7	0
3	0
13	0
1	0
0	0
377	0
132	45
28	45
0	0
6555	2056
0	2047
2	7
1	248
0	0
5	283
0	113
0	272
0	15
0	26
0	3
15	61
0	3
0	61
0	47
0	1381
1	1277
28	1359
0	1381
5	204
0	1001
2	1
0	999
4	4
0	4
1	0
0	0
0	0
0	0
1	0
0	0
0	0
0	0
0	0
0	0
0	0
0	0
0	0
0	0
0	0
0	0
0	0
0	1
0	0
0	0
0	0
0	0
0	0
0	0
0	0
1	57
15	85
0	57
0	16
0	0
0	0
244	1039
79	531
7	930
47	483
1223	926
8	520
0	52
2	0
0	72
0	510
0	503
23	459
0	190
0	235
6	21
496	107
4	105
1	28
0	498
3	411
0	31
34	162
1	15
0	476
0	91
0	43
1	5
16	64
0	262
3	104
11	1
9	18
0	0
0	0
1	0
0	0
0	0
0	1
0	1
0	1
1	270
28	507
2	564
19	370
6	48
0	20
2	236
0	38
38	351
1	270
0	186
7	7
3	13
0	8
19	1878
51	3184
1803	3198
10	2718
0	48
77	301
1519	268
1	16
1	51
2	90
0	5
0	130
87	60
0	174
9	160
0	33
0	0
1	13
3	1
262	7
2	953
7	905
0	7
0	1141
0	1156
1	1017
1	860
0	12
2	166
24	24
0	58
37	67
14388	11620
73	11620
124	9396
0	1
0	670
0	0
0	24
26	174
1434	1018
0	822
0	3096
1	3019
0	3271
0	3434
0	3343
0	3446
5	135
10	187
1	29
6	436
1	391
3	324
5	270
1	244
0	188
14	34
0	269
0	0
6	283
0	283
31	101
1	0
3	13
0	91
1392	3929
1	3927
80	116
1	479
52	0
1	81
2	83
7	4
11	55
21	4
222	1242
0	1023
126	1047
33	426
12	186
40	386
30	16
0	97
2115	8430
11	1200
129	7743
0	3876
0	0
4987	6427
22	496
2	4344
1	2782
4	5979
1	4447
305	18
2	18
1	140
0	145
5	21
1	83
0	43
0	11
8	87
0	160
1	38
11	133
0	167
0	49
3	93
0	44
185	1107
28	336
0	0
0	996
0	80
0	217
239	320
0	33
3	116
2	178
0	104
7	71
2	39
1	52
0	2
3	48
11	37
0	35
2	13
0	16
142	0
1	0
0	0
0	0
2	0
347	0
0	0
0	0
0	0
0	0
71	732
2	161
4	248
12	113
1	57
6	335
0	207
0	0
0	96
2	78
2351	197
13	110
1	0
1	87
0	0
6	351
36	281
0	270
0	0
0	36
4	40
21	88
0	19
4	58
0	58
2	4
0	5
0	4
5	18
58	158
3	146
6	103
1	15
0	16
19	8
0	8
2	5
0	0
0	1
2	4
0	4
22	705
1	770
0	695
0	0
0	0
4126	14166
7	6267
1	0
3	2114
86	2555
0	6187
0	0
1	3529
0	3
2	0
0	1
63	398
0	358
1	6
0	30
0	44
2	59
0	10
0	4
8	1
1	1
0	0
0	0
0	2
0	2
0	0
16	67
0	62
1	67
0	2
2	67
13	67
2	1303
0	1311
27	1339
0	870
0	847
16	114
8	26
6	202
5	94
76	80
1	52
0	1
8	0
2	0
0	3
0	0
0	0
0	0
0	0
209	653
62	147
25	537
0	0
26	61
0	44
4	342
18	440
48	435
5	394
8	21
2	15
2	12
89	1
0	0
0	0
3	303
3	0
2	0
0	777
0	0
26	808
0	0
32	534
0	433
0	79
0	229
2	229
0	501
0	60
0	9
5	26
0	0
0	15
0	22
16	206
0	3
0	8
0	3
1	3
0	8
0	182
0	188
2	144
0	1
0	40
0	10
6	13
0	0
343	1931
4	1294
0	1677
2	729
50	221
26	380
8	550
18	90
160	166
11	309
15	263
0	281
2	28
2	74
614	144
8	9
1	24
1	3
0	61
28	36
0	36
0	2
0	2
121	1781
4	1801
14	1665
3	398
0	281
4	0
55	2732
1	2700
5	2684
21	1810
10	13
18	190
0	0
2467	9415
18	4033
69	6569
0	7000
16	133
0	0
24	369
0	1709
0	273
78	17
17	273
0	273
19	124
1597	654
1	615
2	29
3	7
15	65
5	39
12	743
64	538
0	86
0	532
2	286
1	832
4	239
54	57
11	106
6	350
28	1245
9	1008
2	996
17	1
3	97
26	46
29	756
613	428
0	296
1	148
0	0
0	1
0	1
0	1
0	1
0	0
12	679
38	713
5	443
0	0
0	0
1	344
498	344
161	91
24	91
1	55
6	49
0	0
0	0
0	0
535	940
20	238
6	91
1	502
0	731
0	0
0	0
0	0
0	0
0	0
1	1
0	1
0	0
0	0
0	0
0	0
0	0
0	0
0	0
0	0
0	0
0	0
0	0
0	0
0	0
0	0
0	0
0	0
0	0
0	0
0	0
0	0
0	0
0	0
0	0
0	0
0	0
0	0
0	0
0	0
1	0
0	0
1	37
0	0
3	0
0	0
0	0
0	0
0	0
0	0
0	0
2	0
344	2037
1	238
0	172
0	130
0	1993
0	0
0	0
1	0
12	188
12	186
2	188
0	1
0	6
0	6
0	6
0	6
0	0
0	2
0	2
0	1
0	0
0	0
46	370
3	273
2	319
0	2
9	294
0	3
0	3
824	324
1	0
0	83
1	53
2	362
1	346
0	226
0	315
3	258
1	4
0	327
0	62
0	17
0	22
1	51
1	46
0	0
0	0
0	0
3863	7962
33	7246
40	3500
37	41
8	1130
16	490
4	556
0	0
13	301
1	204
32	358
1	199
41	278
0	198
0	12
0	4
0	4
0	4
0	12
0	10
0	0
0	3
5	22
0	3
0	2
0	2
0	2
0	2
0	2
0	2
0	0
0	0
0	0
0	0
0	0
0	0
0	0
0	0
0	0
0	0
10	3
2	11
0	8
0	0
1	2
12	409
1	320
54	411
2	2
0	2
0	0
34	2
0	2
0	0
0	0
1	0
0	0
0	0
50	6
1	4
18	4
9	0
0	11
43	1300
0	185
17	1300
83	184
0	148
49	13
2	20
0	61
0	0
13	21
8414	0
6	115
42	115
0	0
1	75
35	0
0	13
0	13
11	15
0	89
57	88
0	1
0	0
0	81
72	0
12	0
0	0
57	21
4	941
1	16
84	6
10	12
0	643
0	626
0	486
19	652
0	47
14	612
0	192
4	58
6	46
8	0
1223	104
12	3
0	106
0	0
0	0
13	0
0	0
179	0
201	24
0	24
14	1139
8	1189
0	1140
13	302
0	522
1	146
4	32
1	193
0	83
0	0
0	0
0	0
1	30
0	0
2	5
0	110
0	109
0	18
0	0
0	0
3	112
25	334
0	337
0	110
28	33
0	33
1	17
0	0
825	249
8	249
0	0
360	124
0	18
0	106
1461	160
39	97
0	2
2	63
0	0
0	0
0	0
0	0
0	0
0	0
10	2157
101	2176
0	34
145	21
0	0
1	0
0	0
0	0
0	0
0	0
0	0
0	0
0	0
0	0
0	0
5	70
0	48
0	0
0	0
0	48
0	0
0	0
0	0
0	0
0	0
0	0
0	0
0	1508
11	302
9	1396
17	302
65	9943
18	9972
71	9996
27	584
24	1188
37	197
12	44
0	1
0	105
25	108
0	10
6	12
4	0
3	26
15	1028
28	1028
2	144
0	160
9	380
10	360
3	35
0	0
89	8
0	0
0	0
2	2
2	3
154	457
0	333
0	310
23	48
140	47
0	43
0	0
0	0
0	21
271	0
79	0
2	0
0	0
0	0
0	0
0	0
39	3048
0	3097
42	2796
5	3139
2	2833
155	0
136	0
0	422
55	531
0	0
12	104
25	104
7	2
6	2611
0	25403
1	2093
0	2871
71	18881
581	22436
2	21951
46	21942
0	22024
0	20991
0	24762
0	25213
170	1376
2630	1109
0	0
8	6480
86	6771
21	2970
0	0
13	1066
12	58
0	0
0	0
1	0
0	1
0	1
0	1739
12	777
1	777
209	777
0	242
1778	252
7	108
23	171
356	190
5	881
0	51
0	787
78	10
0	0
11	0
1	0
21	0
0	0
250	145
38	96
3	13
2	2
4	93
0	0
106	2
118	1858
28	1825
0	0
0	72
4	317
2	196
11	0
0	0
0	0
0	0
0	0
0	0
0	0
0	0
0	0
0	0
0	0
0	0
0	0
1	0
320	318
209	316
0	0
0	87
0	56
46	99
1018	353
16	291
21	0
14	62
0	0
0	0
0	0
50	865
0	34
4	865
4	23
0	0
1	43
0	59
0	13
4	93
0	1154
0	75
1	1154
16	103
9	0
0	0
27	155
0	209
1	204
0	202
8	210
2	180
361	232
30	103
1	171
24	0
0	0
2	0
0	0
0	0
185	248
2	248
0	146
1	100
28	78
0	69
1	19
27	26
1	44
96	289
2	248
0	15
0	36
0	0
39	8
1	8
2	90
0	0
620	387
5	190
4	40
19	65
16	104
1	0
731	69
2	69
9	0
259	272
17	218
22	225
1	51
1	136
0	130
9	73
9	8
482	102
12	102
0	0
160	3
0	403
0	0
0	4
0	4
0	4
0	2
0	0
0	79
2	5
0	79
0	13
445	194
26	194
3	7
30	104
0	104
0	4
0	5
0	14
62	239
0	240
0	61
6	1249
43	1244
2	12
0	4
7	148
0	71
2	0
8	366
17	351
27	336
2	924
1	727
148	928
0	925
1	388
269	5867
52	2093
8	466
36	109
25	405
59	3447
4	173
271	1536
0	96
28	222
9	46
1	95
33	89
36	134
0	25
33	8
0	8
28	11
0	0
16	1474
3	1912
1	1921
14	1880
11	29
3	195
891	185
15	185
140	0
0	0
1	614
58	615
56	481
2	6
0	11
0	11
0	0
3	3
0	3
0	0
1	55
1840	236
1	30
5	35
1	24
0	107
0	2057
0	2101
0	2101
6	980
9	451
3	21
8	16
0	7
2	36
406	1
2	1
0	0
3	0
204	260
2	41
10	91
0	0
2	38
0	96
0	28
0	50
0	0
1	256
16	256
0	60
748	1049
6	448
4	919
0	0
522	730
5	730
5	708
0	83
3	156
2	1883
506	2124
0	2008
0	94
0	98
4	3
0	0
0	158
0	0
13	290
0	132
0	0
5	1132
125	1275
5	52
1	146
6	40
3	58
16	32
0	83
0	65
0	0
4021	1957
1	1488
28	1903
73	214
368	1049
120	408
0	82
113	159
109	85
77	23
4	0
14	413
0	376
0	263
0	339
0	203
2	0
0	24
1	0
6	681
1	597
157	199
1	45
5	20
35	54
0	0
2	313
29	222
0	1
1	17
0	17
0	14
0	2
514	0
0	0
0	0
99	0
0	1207
188	1207
0	124
8	124
254	0
0	0
0	0
0	0
0	0
0	0
0	0
0	0
0	0
0	0
2	1
0	3
5	14
0	0
0	0
0	0
0	0
0	1
0	0
0	10
1	237
30	324
0	205
26	35
0	6
0	4
87	9
0	9
0	0
0	2074
0	9
2	4
0	2074
4	5
12	1733
17	2079
3	462
0	43
12	415
0	5
1	227
2	4
3	4
13	218
0	218
0	30
0	4
0	0
0	0
7	67
145	67
5	43
0	81
0	86
0	0
6	52
1	24
2	48
11	15
0	145
70	1307
1917	1313
0	762
0	0
0	1794
0	1502
0	1005
0	1539
0	345
0	148
257	1643
32	1408
2	1411
1	132
0	3
0	3
0	3
0	3
0	1
0	1
0	0
0	0
0	0
0	0
787	0
4	1037
0	884
4	826
0	666
0	102
0	102
68	193
0	248
5	250
41	276
18	0
54	350
0	12
0	7
619	1033
14	247
0	319
7	140
22	67
69	206
0	445
3	40
16	4994
11	4994
280	4994
1	264
1	245
0	1
0	1
0	0
13	54
3	54
3658	967
0	961
427	259
1	133
160	338
1	157
0	148
1	231
3	17
915	0
0	0
0	46
0	46
0	0
7	12
0	0
2036	435
1	32
0	55
140	172
0	84
0	154
0	13
2	213
3	0
0	1
0	1
0	0
3717	6
988	926
7	273
18	439
3	107
12	65
0	60
9	128
0	102
0	102
2	102
0	23
0	18
3	28
0	2
0	2
0	0
0	4
10	4
1456	1918
12	679
8	1504
0	126
68	19
30	410
23	1416
10	244
55	2254
0	187
5	680
1	245
3	580
0	148
30	514
0	2304
17	133
14	774
0	231
0	144
7	117
1	144
5	395
0	48
65	57
13	33
0	2
11	1
0	3
319	143
3	42
9	83
20	22
16	17
3	37
12	228
3	84
6	123
2	149
19	155
0	41
0	61
27	14
18	5
0	2748
58	2680
3	2762
0	685
1	526
0	514
0	70
1534	1369
0	1319
6	84
3	205
0	85
7	56
1	121
0	127
0	24
0	0
0	24
0	19
61	1669
24	20
1603	1649
43	241
0	0
0	0
9	557
0	7
384	13700
1	466
9	13749
2	1096
3	2536
25	0
0	0
24	156
0	1
0	1
0	0
0	0
0	0
0	0
0	0
0	0
1	93
0	91
0	86
0	90
0	77
0	81
0	79
0	15
0	16
0	0
1	0
0	8
0	7
3	0
5	1
0	1
2	2037
1	5
4	1674
3	1217
7	27
29	2053
0	46
1	0
0	1774
0	186
0	77
1	65
8	259
15	1880
0	1880
0	8
0	8
1	8
0	3
3	1836
0	2400
8	727
0	2051
2	2157
4	800
31	378
28	294
3	204
0	0
0	0
3	2731
188	2732
0	1774
28	521
0	279
1	0
0	0
23	4
301	448
0	197
7	238
0	19
25	14
727	232
20	229
9	65
15	3
6	34
1	34
0	0
54	3773
17	3423
1	3031
66	567
2	380
0	3056
0	3020
0	0
11	0
0	0
0	0
0	0
1089	201
4	6
0	0
0	102
0	102
4	195
0	0
0	0
445	1463
0	41
1	4
0	37
0	35
0	233
0	13
0	1
0	499
1	0
0	0
0	0
0	0
0	0
0	0
0	0
0	0
0	0
0	0
123	466
0	30
0	418
4	374
4	199
0	14
6	0
1	28
114	809
6	287
6	31
6	236
12	151
1	315
23	454
22	110
3	249
2	210
60	968
13	74
705	0
16	221
82	995
110	31
0	30
3	0
1	0
3	82
178	82
2	1391
69	1475
0	1448
148	1525
0	2186
0	2512
0	2336
0	2276
0	2393
60	2512
0	2516
0	2514
0	2639
0	2130
0	1306
519	432
15	1115
0	1115
2	155
0	0
0	259
0	0
3	0
0	0
18	0
71	0
0	4
461	2588
9	586
0	224
26	2116
0	0
4	13
0	10
35	681
0	681
1	410
3	332
8	25
4	28
2	0
4	0
14	0
0	0
3	0
503	311
0	0
0	309
10	0
0	187
0	231
1	173
2	255
18	254
0	188
1	169
0	84
0	2
0	2
4	89
0	42
0	102
0	14
0	2
2	321
1	499
50	441
3	134
7	323
0	53
1	68
0	143
0	148
5	17
6	24
19	33
19	946
3	904
0	940
4	82
0	83
7	9
12	5
10	3
0	17
3	0
14	99
12	377
2	77
3	45
1010	0
1587	283
5	902
0	840
0	366
0	112
0	114
0	49
0	0
0	0
233	25
3	25
355	0
7	0
4	1500
648	1859
42	360
3	0
4	192
235	1578
16	1432
1	93
0	727
0	115
0	843
3	366
0	834
0	44
0	188
0	0
1	545
336	0
15	289
0	1415
0	1481
0	1628
0	1574
0	195
1	150
0	795
0	1196
9	103
0	1081
0	103
0	155
123	6
0	1
0	5
87	0
0	17
310	102
9	84
0	31
0	7
1	7
167	0
0	0
571	485
7	460
13	79
6	338
11	6
1	0
2289	254
21	254
11	0
645	662
20	662
0	78
0	0
0	2
26	76
0	74
0	74
1	17
1	923
9	916
1	1
26	9
1	231
0	21
17	47
0	903
2	866
9	0
3002	1187
2	116
5	2
0	0
0	21
5	1157
26	90
0	0
1	0
1	0
0	0
0	0
0	6
0	0
3	6
1	0
0	2
377	189
2	4
0	23
0	168
0	910
136	1206
48	1137
0	102
602	149
0	101
4	94
3	70
18	57
2	45
0	0
130	1509
2	1509
3	215
4	27
8	54
766	317
0	0
6	61
0	110
12	0
5	160
0	0
749	0
120	105
5	105
2	218
6	530
0	113
6	521
27	507
1129	697
2	17
0	665
0	0
0	0
156	16
0	16
139	238
3	182
0	115
3537	50
967	177
11	178
0	30
13	66
1	0
1	0
0	0
486	221
6	221
4	90
0	3496
9	3352
2	2733
172	664
0	0
6	17
41	97
0	0
0	0
1	6727
2	6420
10	6263
30	5050
0	4314
6	4477
9	1315
2	256
0	0
2	0
0	0
1	0
0	0
431	2325
0	1560
13	1359
5	1337
1	931
0	540
6	555
1	538
1	536
1	483
4	560
0	534
3	142
3	934
4	850
15	580
1	797
1	840
5	622
2	67
0	247
0	236
3	262
0	148
1	0
0	0
0	0
0	0
0	0
0	0
2	16
118	698
0	23
0	693
0	96
0	94
0	46
69	135
0	34
1	27
1	0
0	2
0	74
0	8
214	2
1	2
0	10
0	31
16	7
0	22
0	24
0	6
2	4
0	0
0	4
0	1
0	9
2	6
563	1265
0	873
5	398
33	580
0	566
0	78
17	41
2	13
0	52
0	50
27	50
0	0
0	8
0	0
0	8
2	26
0	26
1	1
1	1
39	1014
0	961
5	11
1	47
6	252
61	242
3	242
0	0
0	0
0	0
0	0
0	0
0	0
0	0
0	0
0	0
66	54
0	54
1	1291
11	1291
0	1319
0	135
2	89
44	81
0	3
0	3
0	1
0	2
1	0
3	611
8	1858
4	1817
43	1044
133	9
0	9
0	6
1	787
3	119
0	15
1	0
400	763
1	78
0	178
0	0
1067	2455
0	0
12	5
1	744
0	1929
2	1675
0	0
3	243
0	40
0	61
0	43
54	244
0	8
47	0
21	1510
0	1545
1	1243
134	605
0	554
0	558
18	351
787	29
4	29
19	413
0	413
0	0
5	230
919	241
0	235
11	10
46	803
251	1519
0	637
17	233
27	73
0	0
0	0
1446	639
37	635
673	8744
439	4988
1	1036
0	988
7	6805
2	2545
21	0
8	1600
1302	450
29	189
8	352
0	0
52	10
0	0
0	10
0	1
0	0
0	0
1	0
7064	423
78	422
0	0
0	0
0	0
6	1553
0	1512
0	1126
4	946
1	184
3	1218
6	34
28	25
35	70
0	164
10	115
0	259
36	719
0	98
14	276
0	36
1	39
0	37
0	30
0	17
0	2
0	0
0	8
0	0
4	0
1	103
1413	179
0	0
3	141
8	0
2	723
11	723
1471	1065
0	0
2	610
0	132
45	85
19	264
0	164
1	0
1	1
5	1
0	0
525	0
0	0
0	0
0	0
0	0
0	0
653	2
5	5
1059	0
0	0
36	31
0	31
0	4
0	0
82	2191
19	2108
26	1369
578	1506
2	1395
23	188
12	291
3	223
10	127
14	52
2701	347
51	345
0	35
0	0
0	40
0	40
2878	1549
1	617
4	642
64	199
43	732
19	803
25	384
8	211
0	411
22	44
7	4152
0	98
106	1250
38	75
15	4072
17	1114
49	1555
3	1323
2	1485
11	531
38	785
10	64
442	531
1	344
1	75
0	149
0	89
6	161
0	3
0	1
2876	0
0	0
8	0
0	0
0	767
951	8167
7	779
21	6714
0	6602
3	3018
25	3487
23	1610
5	1594
1	0
0	0
2562	956
104	947
9	5
497	11
1	11
152	0
0	336
194	363
4	73
15	170
1	49
1	49
942	206
16	115
1	0
58	2506
18	2620
1409	3077
1	2399
3	550
18	267
2	737
1	52
10	118
6	1336
0	0
2	121
0	1
0	1
0	1
0	0
17	0
63	6043
27	6070
18	11
0	84
2	3108
1	6024
11	6
2	2835
188	2745
0	1864
23	129
14	118
14	268
16	592
0	535
1	834
9	0
2	0
0	0
0	0
0	0
0	0
314	2911
0	2853
8	2315
0	201
0	296
93	474
1450	0
1367	137
20	139
2023	0
16	0
869	198
16	58
78	142
0	0
0	0
0	0
1	0
0	0
0	0
0	0
0	0
153	0
8068	3187
151	3185
0	0
87	0
0	8
0	0
0	0
0	0
2	0
0	0
151	14602
127	14602
4	45
0	0
3	581
0	0
0	0
0	0
3	163
58	2621
0	1193
90	2567
0	117
436	139
1	87
1	101
16	180
1	1214
1	112
20	34
6	325
2	100
3	24
1	87
0	102
0	262
5	7
0	140
0	195
4	1677
0	1796
0	166
9	0
38	1791
34	482
18	804
4	36
10	14
5	14
2	481
65	17
0	0
0	17
0	11
0	8
0	4
0	0
0	0
4532	529
35	1
0	0
1	0
0	0
5	513
2	0
0	192
20	153
31	565
0	3306
0	3136
0	3180
0	16
0	28
0	2872
0	92
0	0
0	2318
0	0
1	1107
7	283
4	96
11	35
2	0
0	4718
1	15
6	522
7	4500
2	4503
0	4869
1	359
0	4352
4	632
4	4791
446	718
1	254
1	1055
8	289
0	28
0	3
0	1
2	3
1	28
0	1
1	5
0	5
2	3
5835	9
12	2108
57	3948
1	2763
0	0
0	1
2	109
73	109
3	0
0	0
1	4
101	1074
16	1030
0	77
1795	10
22	10
0	1
1	9
0	0
0	0
0	2
2	162
0	274
2	268
1	237
84	111
0	3
0	112
0	0
1109	2
25	54
0	54
0	392
0	392
0	390
0	109
2	14
0	1
0	3
2	0
0	0
114	756
5	225
0	534
0	0
0	0
0	2
0	0
0	2
513	0
0	1906
3	1906
10	109
0	894
18	927
13	365
1	1
0	1
0	0
2037	457
1	451
5	4
373	420
0	417
0	269
14	160
0	0
3	0
1	4277
0	801
0	3487
7	91
0	2684
7	3108
22	19
0	506
1	1593
1	3759
8	0
28	183
2	203
0	162
11	181
1	59
771	36
13	36
0	0
0	0
0	5
0	0
1	0
0	320
11	517
2	364
11	15
1	41
1	143
11	0
7	2466
0	2467
11	47
0	4639
67	2176
32	1299
0	19873
463	19847
14	1512
0	7640
20	57
29	331
19	147
1	464
8	394
14	242
4	333
0	805
0	2502
179	2502
0	0
0	823
215	669
29	646
0	42
0	0
0	0
0	0
0	0
0	0
0	0
0	0
0	0
0	0
424	0
0	0
30	0
0	0
0	0
0	0
0	0
0	0
0	0
0	0
0	0
0	1174
0	1323
0	1629
0	1930
0	1866
0	1945
67	2001
6	187
0	240
1	33
0	212
8	150
0	0
0	0
10	4776
0	319
0	4798
0	264
0	174
0	0
0	0
0	0
0	0
282	152
13	77
20	70
0	32
0	8
0	8
2	0
1	0
0	0
105	5
0	0
0	4
0	1
0	0
1196	2016
17	2016
45	1693
13	1194
28	1705
25	1690
18	1596
37	501
0	254
3	337
0	43
1	244
0	37
0	9
13	42
5	139
5	205
26	478
0	499
0	485
0	497
0	36
0	36
1	13
2	53
0	29
0	1652
0	1839
0	691
13	167
6	240
1	236
4	504
3	430
0	6
0	159
14	381
0	0
0	0
0	0
10	3619
33	3688
59	3617
9	3615
0	0
0	0
0	218
1140	88
1	88
19	9
0	2
2	7
0	1
0	1
9	19
5	62
4	16
326	96
2	33
0	57
0	31
0	43
2	0
19	0
1652	384
0	104
2	21
7	261
0	0
0	0
0	0
8	0
0	3
0	3
0	0
0	0
0	0
2	0
0	0
0	0
0	0
0	0
742	0
3	0
53	791
10	795
11	689
0	12
2	138
0	115
1	169
40	3364
42	3364
0	12
37	78
8	0
47	116
83	0
1	2089
12	2090
0	2098
0	217
14	282
0	233
0	212
1	175
40	127
0	95
1	112
4	93
0	64
0	48
0	78
18	145
0	0
6	151
98	134
0	0
362	0
22	723
0	733
9	2
0	1
1	100
2	27
3573	2497
0	2495
0	1335
18	0
902	70
6	24
0	46
12	88
0	200
432	282
2	86
0	4
1	80
0	0
0	0
0	0
0	0
1	0
0	0
0	0
0	0
0	0
2576	0
7	0
0	0
2	48
0	47
0	9
0	11
0	9
0	8
2	24
0	0
14	0
0	0
7	0
581	0
8	0
16	22
1	22
1	18
0	4
46	100
0	0
0	43
13	273
0	239
34	179
0	182
0	102
3	31
0	0
0	0
0	0
0	0
0	0
1910	72
0	0
0	0
0	60
0	46
0	128
2	15
0	0
30	32
328	158
2	158
0	0
0	0
0	0
0	0
0	0
20	721
0	12
21	716
0	112
3	0
0	0
0	0
0	0
0	0
0	0
0	0
0	0
0	0
0	0
0	0
1	5
0	0
0	0
0	0
1	0
0	0
0	0
0	0
0	0
0	0
0	0
0	0
0	0
0	0
0	0
0	0
0	0
0	0
0	0
0	0
0	0
0	0
0	0
0	0
0	0
0	0
0	0
0	0
0	1
0	0
0	1
0	1
0	1
0	1
0	1
0	1
0	0
0	0
0	0
0	0
0	0
0	0
0	0
0	0
0	0
0	0
0	0
0	0
2	58
0	0
0	0
0	0
0	0
0	0
0	0
0	0
0	0
0	0
0	0
0	0
0	0
0	0
0	0
0	0
0	0
0	0
0	0
0	0
0	0
0	7
0	0
0	0
25	45
0	0
0	0
0	0
0	0
0	0
0	0
0	1
1	755
0	943
73	1186
5	139
5	263
1	1025
23	65
0	0
56	10809
0	3291
78	10626
7	6897
0	393
147	518
0	367
170	107
1	68
33	439
1722	46
2	46
12	58
0	58
0	0
0	0
0	0
0	0
0	0
0	0
0	14
13	92
0	0
0	1
0	0
0	0
0	1
0	0
0	0
0	52
0	0
0	233
0	100
0	49
0	0
0	38
0	0
0	1
0	0
0	1
0	73
0	4
0	0
0	5
0	0
82	317
1	13
0	0
0	1
0	0
0	0
1	94
0	0
0	0
0	0
0	2
0	1
0	0
0	0
0	0
0	0
0	0
1	0
0	73
0	4
0	0
0	0
0	4
0	0
0	7
4	7
1	4
110	221
5	25
0	0
0	0
0	0
0	0
0	0
1	98
0	4
0	5
0	0
10	136
0	29
0	0
0	0
0	1
2	97
0	0
0	1
0	0
0	1
0	1
0	0
1	0
0	33
1	7
1	2
1	0
74	327
0	0
6	10
0	0
0	0
0	8
0	0
4	129
0	0
1	1
0	0
0	2
0	2
0	1
0	2
5	0
5	76
0	74
0	0
3	0
0	0
0	2
0	0
2	2
0	53
0	53
0	5
0	1
5	1
4	3
0	3
0	0
5	56
0	0
35	394
4	379
65	15
17	8
549	31
1	31
2	497
0	433
0	174
4	361
31	517
9	72
13	0
1	74
188	0
0	2896
1	2744
2	2525
9	1277
0	101
0	369
0	0
2	237
604	549
0	152
33	403
0	7
5	257
2	19
2659	0
0	0
0	0
1	0
109	199
15	199
0	160
2	19
8	4
0	0
2	373
33	59
8	18
204	724
0	687
22	46
0	276
1	20
0	0
1	0
1291	109
0	104
1	5
28	0
0	3
2	159
1	70
27	171
0	11
1	138
3	14
4	5
15	572
0	610
15	565
6	562
0	429
1	302
6	297
0	0
0	42
0	124
2	142
5	118
3	68
1	22
0	46
1	53
29	55
0	35
0	38
61	0
6	1
0	1
0	0
0	0
0	0
425	22
1	22
0	0
14	177
3015	473
0	334
641	0
0	0
0	149
0	0
0	1446
0	1383
8	1369
2	1337
3	6
10	341
20	209
0	0
0	28
0	0
236	222
2	222
0	12
0	0
0	0
0	0
0	0
0	4593
0	4638
0	4518
1	5746
0	1765
0	147
0	68
0	149
0	488
0	86
0	149
0	2054
0	766
3	643
2	613
0	499
2	1766
0	215
1	2927
1	352
0	1061
0	641
0	1420
0	1346
0	1400
0	754
0	1440
0	990
17	637
0	345
1	0
64	0
109	1945
1196	2438
150	41
24	0
62	437
0	0
62	814
6	487
11	0
2	0
7	0
61	0
681	249
52	249
21	147
1	33
3	55
0	0
113	179
344	180
0	4
1	0
0	7
17	50
0	37
0	33
1	20
0	5
1	9
0	95
2493	951
155	310
7	637
30	25
2	251
0	6828
0	6940
0	1699
0	1607
0	4599
8	52
1	261
1	161
1213	2334
3	324
168	1164
4	91
108	2029
0	247
1	1722
0	1722
8	195
0	1294
0	1345
0	0
7	0
0	0
0	0
0	0
2	6
0	796
0	254
1	4
2	184
0	26
0	6
19	11
0	5
1	2
124	151
0	151
3	132
0	1
0	0
0	0
3	60
4	87
0	30
369	118
0	25
2	0
0	0
470	124
0	0
0	124
7	0
1778	4063
5	4074
0	25
1	799
4	378
0	378
0	373
3	367
3	367
0	297
0	197
0	0
0	43
0	39
0	33
0	21
1	5
6	1
0	1
8	291
20	291
7	215
0	280
8	64
0	5
295	0
0	0
0	0
0	0
0	0
0	0
0	0
0	0
0	0
445	286
10	285
0	220
0	0
0	167
1	28
0	28
6	28
3	21
3	3
0	2
24	1989
27	1989
0	229
1	0
6	0
0	0
71	0
112	0
0	0
0	0
37	21
0	12
0	9
0	10
0	0
0	0
0	0
0	0
0	0
0	0
0	6
0	1789
470	12837
94	1444
0	3543
10	423
1	678
46	10019
6	3055
5	769
1	1846
15	906
507	4758
1	7
1	0
0	0
10	166
13	4585
4	0
47	1
5	84
16	237
9	321
6	24
2	24
0	0
0	0
0	0
0	0
2	9
41	3773
34	44
60	3817
4	1718
9	1535
0	1408
0	794
7	1146
2	57
12	628
2	565
0	402
4	227
0	12
0	171
0	40
0	44
0	30
0	15
0	0
0	48
0	20
0	14
0	0
0	0
36	864
0	534
221	240
3	464
11	253
2963	170
20	167
8	9
1	493
0	353
0	497
1	433
0	424
0	6
4	4
0	0
0	0
2	3
65	32
29	47
1	27
0	0
328	1257
34	513
9	194
110	1069
0	900
3	182
0	104
0	278
1	316
10	22
3	149
2	347
157	180
0	179
11	44
738	0
16	0
1535	12
9	192
1	224
25	219
0	18
1	13
0	34
6	21
1	46
0	0
36	293
0	1074
1	474
2	523
4	964
5	688
7	0
0	579
5	688
0	685
6	660
20	46
24	370
1	7
6	49
9	55
0	6
11	3
7	262
3	261
41	168
0	179
0	166
11	160
0	108
0	114
0	111
0	117
0	121
0	115
0	112
0	118
0	108
28	77
0	69
41	67
11	54
0	39
0	0
49	4
2	4
77	1104
1	21
5	1108
0	1104
34	1099
6	72
0	0
2	0
11	519
0	545
0	541
0	23
0	0
0	0
64	2633
5	2644
1	134
0	65
30	21
0	3
0	17
0	9
0	9
0	0
0	7
0	2
4	22
0	14
3	18
0	4
3	4282
0	4283
0	5786
0	5786
7	188
31	962
32	2307
3	1308
0	290
0	283
1	289
0	2
0	0
0	208
1	217
0	212
0	216
0	201
1	202
4	136
1	76
0	68
0	46
0	8
1	5
0	1
0	4
0	0
1	1
7	18
0	8
0	1
0	0
0	54
1	58
0	2
0	57
0	5
0	4
0	0
0	0
0	0
0	0
0	0
13	9
0	9
0	0
0	0
0	0
0	394
28	470
3	6
0	172
2	369
0	84
2	203
57	110
0	113
7	2
3	27
2	13
565	323
0	323
3	21
0	861
0	861
0	58
4	136
0	61
0	181
1	200
0	190
4	125
0	146
0	9
0	19
0	15
0	8
1	24
1	14
0	12
1	3
0	3
0	0
0	0
0	0
0	12
0	11
0	12
0	9
0	9
0	8
0	4
0	4
0	0
0	0
39	289
22	255
0	36
0	34
1427	1134
3	836
0	481
2	193
53	370
44	193
0	0
0	86
0	9
0	123
0	30
0	34
1	5
75	991
148	2417
35	2578
0	2266
5	454
0	649
0	380
0	326
0	327
0	321
0	320
0	326
0	328
0	316
19	40
1	27
0	0
0	1
0	4
0	0
0	2
0	0
0	0
0	0
18	0
0	0
0	0
0	0
0	5
0	5
0	3
0	0
0	0
0	0
0	0
0	0
0	0
0	0
0	0
0	0
0	92
99	107
0	59
88	149
11	180
0	88
2	69
0	56
0	0
11	2
1	2
0	702
0	676
23	477
15	336
17	90
3	73
14	221
2	1327
0	818
0	490
0	1108
23	1313
0	758
3	1314
0	1202
0	303
6	471
1	93
1	1
0	0
63	98
2	5
53	104
1	1
0	53
108	3065
258	3042
9	37
3	38
9	46
0	10
2	27
8	31
0	19
1	10
0	9
2	2626
0	3241
144	3241
1	217
4	59
0	5
0	232
0	378
28	379
9	199
44	379
0	217
3	188
360	1175
162	1265
0	388
2	42
9	109
2	109
0	55
0	39
0	4
0	0
3	90
2	4
2	4
0	0
41	2
0	32
5	35
0	3
12	5
1	21
0	24
0	24
0	23
0	1
7	18
0	8
0	2
0	2
0	3
0	3
0	0
0	2
0	2
0	3
1	3
0	0
0	7591
73	7763
0	7913
0	649
0	0
10	2467
51	485
0	7249
2	1757
18	2270
3	3984
134	4002
21	30
5	25
0	182
0	123
2	3539
3	523
667	550
2	550
25	357
47	0
0	75
0	0
7	0
0	0
3	146
14	1207
1	33
49	1205
19	1169
1	36
5	109
0	49
84	106
21	61
11	33
3	13
5	468
40	837
63	967
0	307
0	71
21	293
29	36
5	115
0	71
138	0
672	1027
298	518
18	1024
0	0
2	33
0	33
0	4
42	3
0	5
406	772
30	234
2	104
53	36
0	210
0	83
3	234
0	217
5	100
1	0
15	12
1	3
3	15
465	0
3	0
0	1
0	0
0	0
5	0
167	793
0	396
3	694
1	246
0	620
51	3361
17	5465
188	3248
35	301
1	2690
8	561
138	1216
11	34
38	1194
3	148
10	935
0	0
46	596
668	1282
25	84
20	69
15	227
0	481
0	246
2	2279
1	1929
130	2021
5	1612
13	1980
0	2115
0	40
3	165
61	0
503	255
0	87
0	168
0	851
22	612
191	996
0	27
4	231
2	106
8	0
5	73
122	99
7	78
15	92
4	64
0	32
6	40
62	816
0	817
1	108
6	137
15	769
20	62
7	95
2	106
10	2
0	0
11	1296
5	1380
40	1448
0	31
0	129
16	1382
0	229
2	736
5	68
0	1373
0	1373
8	184
14	330
131	92
2	38
0	54
316	0
6	4448
753	4474
0	1945
10	4101
7	197
9	823
2	27
0	27
5	2
84	10
0	10
0	0
1	2
5	34
11	2
2	25
0	20
1	30
1	9
0	2
3	46
34	115
0	30
5	8
94	87
0	1
0	15
3	11
741	0
0	0
0	0
0	0
0	349
46	347
0	354
2	134
0	32
0	13
0	5
33	9
14	0
11	988
0	3594
0	2307
0	3458
74	3385
151	3183
9	157
230	0
53	5
23	31
0	31
10	0
258	133
46	208
0	148
1	152
33	463
0	238
35	433
5	48
0	0
5	19
0	111
13	0
0	91
0	1638
128	1635
11	127
9	72
29	50
0	3
0	3
0	3
0	3
0	2
0	0
0	0
0	0
0	0
0	0
0	0
0	0
0	0
0	0
0	0
0	0
0	0
0	0
0	0
0	0
0	0
0	0
0	0
0	0
26	1184
0	0
0	0
5	24
0	21
2145	769
22	73
0	732
39	0
0	0
0	0
0	0
137	416
47	164
4	450
3	401
2	504
24	0
7	0
0	0
20	0
84	0
6	5
0	5
0	1
102	0
0	0
124	130
0	87
45	0
2	6
3	46
0	18
0	409
44	409
3	48
0	8
0	40
0	37
73	25
0	20
9	1
1	0
1	0
12	0
122	0
85	57
4	35
2	14
4	0
995	1015
0	861
62	483
0	0
0	0
0	0
0	0
0	0
0	0
2044	2158
4	124
89	2000
4	1
0	0
20	0
18	1132
141	0
140	1354
17	1371
300	542
1	1324
2	987
143	1170
0	106
97	392
24	16
220	33
83	80
219	18
9	1
0	1
3	16
5	179
0	212
14	34
294	190
19	1755
7	253
9277	3530
1	44
8	6
6	265
1	330
11	115
85	0
247	534
86	7
54	61
0	355
16	114
5	493
16	43
87	0
3562	1124
4	330
7	388
4	595
32	64
2262	0
0	0
1	0
0	0
2	503
0	530
1	308
0	229
10	0
9	0
0	0
15	0
49	0
13	172
1	14
0	0
0	0
26	186
18	159
29	120
7	0
16	0
33	0
0	0
0	28
0	27
0	0
0	7
26	0
7	0
0	0
0	0
0	0
5	35
4	2002
14	2029
0	1987
12	1919
0	19
1	3
0	1
488	277
0	180
0	145
14	11
0	23
0	87
0	42
6	57
15	0
0	64
12	1
0	0
1	0
0	106
0	90
0	56
0	3
0	5
0	32
1	56
2	54
0	59
0	5
13	8
1	0
0	1507
0	1455
2	413
31	1080
18	1019
0	608
0	942
0	422
17	352
0	0
82	26
0	26
131	18733
0	0
0	0
0	2
0	0
0	0
0	0
0	7
0	0
0	0
5	0
0	0
0	0
10	1242
1	0
2	0
0	0
0	0
0	0
0	0
0	0
0	0
0	0
0	0
0	0
0	0
356	0
6	0
585	6137
17	0
69	6369
13	52
47	306
182	1120
1	3125
158	0
0	383
0	379
0	382
0	381
0	382
0	48
0	5
0	3
0	5
0	6
0	4
0	2
0	5
0	6
0	5
0	6
0	5
0	6
15	0
0	118
0	3
6	47
0	0
0	0
0	12
0	0
7	0
1	7
6	674
4	721
0	571
2	95
7	28
42	266
28	2
23	53
2	6
0	492
46	15
0	464
123	456
14	472
0	40
7	2
76	3
230	188
16	188
13	0
3582	2936
37	0
1	2579
0	0
3	0
3	70
0	0
0	482
0	27
28	536
0	14
1	0
0	24
0	10
0	7
0	11
6	0
27	63
3	1
0	57
8	3
4	1
0	4
929	527
0	0
4	252
55	275
0	0
0	0
0	0
0	0
0	0
0	0
21	39
107	292
1	272
1	1259
1	1101
9	1208
0	1200
0	1203
54	1139
5	1064
3	1079
11	132
0	755
0	61
0	511
87	299
0	230
0	209
18	144
106	108
2	7
90	19
2	0
21	225
0	0
0	148
0	119
6	23
1	137
0	165
4	57
0	113
0	0
0	0
2	9
0	0
0	0
0	0
0	0
0	0
0	0
0	0
0	3
1	3
0	0
0	2
0	0
0	0
0	0
0	0
0	0
0	5
0	0
0	0
0	0
0	0
0	0
0	0
0	0
0	0
0	0
0	0
0	0
0	0
0	0
0	0
0	0
0	0
0	0
0	0
0	0
0	0
0	0
0	0
0	0
0	0
0	0
0	0
0	0
0	0
0	0
0	0
0	0
0	0
0	0
2	0
0	0
0	0
0	0
0	0
0	0
0	0
0	0
0	0
0	0
0	0
0	0
0	0
0	0
0	0
0	0
0	0
0	0
0	0
0	0
0	0
0	0
0	0
0	0
0	0
0	0
0	0
0	0
0	0
10	263
0	84
3	128
1	1
1	27
5	0
0	140
0	0
0	0
0	23
0	2
0	190
9	3
11	3
23	147
0	0
0	942
0	32
5	1128
18	1194
0	27
19	150
68	0
34	0
33	0
73	0
0	0
0	0
0	0
0	0
0	0
0	0
0	0
0	0
0	0
0	0
1	287
68	287
10	0
0	0
13	1
7	0
0	189
37	200
5	195
0	0
12	0
5	0
9	0
11	0
3	0
0	0
0	77
0	0
0	0
5	0
2	0
1	1
0	0
0	0
0	0
0	0
1	2
0	2
1	2
0	1
0	1
0	2
1	1
1	0
1	4
0	1
1	1
0	4
0	1
0	1
0	0
0	0
0	0
0	0
0	0
0	0
0	0
0	0
5	1680
0	892
1	890
0	903
0	897
0	1705
0	795
31	74
0	0
60	173
49	0
11	4
1	21
0	0
3	1
0	0
26	184
200	790
0	241
28	255
0	813
20	661
30	18
23	0
0	96
20	8
0	8
0	1
0	0
0	0
0	0
0	0
0	0
718	6491
0	1266
173	284
4	925
22	4543
8	586
0	597
0	595
2	579
2	555
0	114
5	0
1529	2
0	0
0	0
0	0
0	0
4	0
5	1
1	1
0	0
1	117
0	29
0	112
0	209
55	4
0	0
0	0
0	186
0	93
0	3
0	0
0	0
0	19
0	59
0	56
0	0
0	0
0	11
0	10
0	0
0	11
1	7
0	2
0	2
0	0
189	329
2	189
0	32
2	46
26	138
16	117
0	23
0	0
291	7
54	7
654	687
17	687
125	0
3	0
264	0
544	875
6	390
0	193
2	293
0	182
1	167
0	73
0	0
0	0
0	0
0	0
0	0
48	305
35	456
4	529
17	5
9	195
1	276
1	317
2	0
68	23
0	0
0	22
0	1
1	1
0	1
0	1
0	1
0	1
2163	0
269	158
22	54
0	104
3	0
0	0
0	0
2	2
239	2
0	0
0	16
3	5
1	0
7	487
46	1681
0	9
27	1548
7	139
27	608
12	608
0	77
148	1658
144	1663
2	271
15	259
1	164
0	0
1	220
0	97
0	97
7	1462
6	1302
85	1337
3	1343
5	89
6	451
13	384
0	1928
52	1928
82	11
0	0
0	0
0	0
0	0
0	0
102	1781
0	81
29	1719
0	0
23	0
1	27
3	0
2	376
0	0
0	0
5	0
1	385
6	638
1	4
0	66
2	104
3	72
38	62
2	0
0	0
0	0
27	17
0	0
0	0
0	0
0	1
13	477
3	528
67	0
0	210
4	165
2	76
1	66
0	0
1	54
0	3
26	94
1	3
0	2
0	94
6	13
2	894
0	0
2	1
44	364
0	0
0	0
0	0
0	0
0	1
2	0
0	0
0	0
0	1
0	0
0	0
0	0
0	0
5	23
0	0
7	0
1	0
19	3
78	0
179	637
62	637
1	1489
0	3209
18	3085
0	101
3	337
0	254
0	0
0	625
416	157
3	118
171	1294
3	1265
26	49
0	246
42	142
23	3
0	104
0	24
0	0
98	15
0	0
16	0
3	0
0	0
0	1
2578	34
16	1
0	0
8	821
0	786
1	811
0	71
1	149
0	79
15	21
2	110
19	0
1	116
0	798
16	34
0	677
6	761
25	82
27	85
39	0
2	68
0	0
0	6
0	0
0	1
0	0
1570	0
54	0
2	0
0	0
0	0
0	0
1	162
749	274
0	282
0	296
29	0
1	5
9	368
0	0
1	822
1	794
0	719
50	182
1	5
39	0
72	148
1	148
9	4
2	2
1	0
0	0
0	0
0	49
28	455
87	455
0	90
12	62
3	79
0	0
0	267
44	267
0	0
0	0
170	211
0	206
0	6
0	221
7	1618
0	1607
5	645
29	214
0	223
0	146
32	641
0	427
0	2
0	3
0	1
0	1
0	0
425	230
0	229
8	5
4	11
0	414
70	367
45	3547
0	3
1	40
0	289
10	3387
0	143
8	3389
16	93
9	313
10	368
175	70
1	984
2	780
0	0
7	269
7	431
0	825
5	1200
6	165
0	1284
0	793
0	120
9	75
23	299
0	323
1	341
2	114
14	140
19	382
4	382
7	383
0	340
0	183
2	107
1	0
0	0
0	0
100	1281
0	435
0	420
25	345
82	846
1	17
1	0
2	0
1	0
0	0
2	0
0	0
0	0
0	0
0	0
2042	0
7	595
144	1300
0	96
0	1296
0	86
0	66
9	212
0	0
1	264
11	256
9	3
3	81
9	39
2	26
0	12
2	18
0	3
0	0
0	0
10	2555
5	2581
72	2465
2	0
4	8
6	8
1	3
0	0
0	2
0	2
872	809
0	488
269	297
9	0
167	93
196	930
5	921
21	917
4	203
2	233
0	180
0	0
14	47
116	82
0	0
0	0
2	0
0	0
43	23
0	23
0	0
0	0
0	0
0	0
0	0
229	0
0	0
19	760
0	758
2	5
7	760
392	2853
70	3051
1714	6005
8	105
8	243
28	3482
2	0
9	1960
204	1140
0	0
8	0
0	0
0	0
4	0
88	0
2	0
0	1
0	0
2	1
10	0
128	28
0	24
3	4
15	4
1	0
7	17
2	17
1	0
0	0
0	0
0	1
1	0
30	4
0	0
0	1
0	0
0	0
0	0
48	3
0	0
0	0
0	0
10	2
1	0
0	1
0	0
9	0
0	0
0	0
0	0
0	0
0	0
0	0
0	0
0	96
0	9
0	0
0	0
0	114
0	0
3	116
8	2
5	0
2	0
0	8
1	119
0	0
0	0
0	0
0	30
0	0
658	256
2	88
12	66
1	92
1	19
6	34
78	3
0	0
0	0
3	0
1	0
1	0
0	0
1	1
0	0
0	0
0	0
3825	388
54	372
0	0
0	0
45	45
0	56
1	17
1	28
0	0
4	361
1	1931
481	1995
216	423
12	245
2	61
422	0
1	0
3	0
1	3
6	0
4	260
13	805
0	37
0	1232
2	216
4	1214
150	589
89	0
0	62
0	830
15	406
71	0
308	358
0	654
1	590
74	460
3	396
0	257
0	71
0	90
172	0
0	0
19	0
1143	132
0	130
5	23
0	23
0	0
0	0
1838	1691
0	1738
99	344
14	191
4	49
0	0
0	0
0	0
6	1
0	1
562	1635
677	2031
0	285
0	741
0	0
0	1388
0	0
12	112
12	52
12	221
27	396
14	747
1	1
4	0
0	0
0	0
8	0
0	0
0	0
0	2
1	2
0	1
0	2
49	529
22	695
40	403
2	208
0	167
0	281
0	241
0	83
0	131
28	0
0	0
0	0
3	0
645	5197
2	5081
0	117
25	855
0	582
5	1297
39	1864
40	2
22	0
1	4756
4	742
0	4563
47	4610
165	67
0	967
0	0
7	294
3	551
4	649
0	0
0	0
0	0
1292	2736
109	15
216	82
71	712
0	367
13	2382
1	1
0	296
15	581
21	3
0	0
0	3
0	2
0	0
0	3
0	3
0	3
0	3
0	0
0	0
0	0
0	0
1	0
0	0
0	0
0	0
2	0
6	2
0	1
0	1
192	13
2	13
416	687
0	0
0	637
252	10
0	560
11	140
0	491
0	124
69	277
34	302
3	281
6	194
0	12
0	35
203	20
0	294
2	150
18	160
1	53
0	52
0	1
0	0
0	3
0	6
0	2
0	3
5	204
18	192
6	186
5	5
32	0
0	0
0	23
1	39
28	1577
4	0
0	1018
12	1513
71	1370
15	82
1	166
0	1145
1	48
0	203
0	203
0	231
55	140
1	202
0	196
1	220
1	225
0	224
0	200
0	219
0	55
0	22
0	27
1	18
0	4
2	10
65	0
295	745
180	745
884	1808
41	1655
2	284
12	130
11	90
0	97
6	46
0	52
582	3
0	3
7	51
0	51
0	942
15	1729
3	607
5	1076
1	238
7	159
0	308
8	72
5	132
4	231
1	60
1	205
3	63
46	0
4	559
2	561
2	561
0	520
0	49
0	41
17	114
0	89
46	741
8	1016
0	183
9	753
0	365
8	462
3	436
91	1850
3	884
0	1755
0	1753
0	1696
0	157
1	70
0	40
0	58
1	79
0	158
1	105
2	60
3	23
0	1
0	1
0	0
0	0
0	0
0	0
0	0
0	0
0	0
0	0
0	0
0	0
0	0
0	0
0	0
0	0
0	0
2	871
2	758
0	522
3	376
0	361
0	336
0	91
8	119
3	171
0	213
0	87
0	166
4	103
14	1087
20	1857
0	1907
23	1751
9	278
0	143
37	583
6	320
0	64
0	280
13	218
22	136
28	915
0	926
0	905
21	915
0	299
3	182
0	12
4	87
0	35
0	213
0	214
0	62
3	1930
0	60
0	1753
0	620
40	1381
0	1298
12	1600
6	251
2	496
0	352
0	537
21	370
2	373
0	31
0	17
0	53
2	28
0	5
0	30
4	1673
146	2167
53	218
3	462
0	451
114	2
49	79
3	1
0	1
5	2840
45	3036
8	323
24	712
0	256
0	795
19	317
1	208
27	1135
15	351
11	483
2	873
10	819
4	509
3	786
0	910
1	528
0	547
6	385
14	311
2	144
388	727
52	230
0	132
7	25
1	94
2	34
0	61
0	83
2	295
6	5
0	27
43	83
0	5
3	78
3	14
2	43
4	20
0	25
0	2
1	2
0	2
0	0
0	1
0	1
0	1
0	0
0	0
1	0
2	50
13	826
8	178
231	12
0	726
0	12
1	41
43	0
0	130
6	1
0	1
0	0
0	0
448	169
66	42
0	50
0	24
1	110
0	4
3	34
0	609
0	561
0	330
22	230
30	94
18	0
21	264
0	768
5	360
15	822
9	566
15	766
0	127
1	115
5	110
0	116
3	107
0	55
3	13
0	0
4	2
0	2
3	0
38	11
0	26
0	320
60	653
0	0
6	19
0	122
7	88
204	558
0	543
2	352
2	15
103	30
4	4
0	5
0	15
0	0
163	1012
0	72
13	192
2	76
6	558
2	403
0	867
0	733
0	723
0	723
0	659
1	47
2	279
3	0
1	64
2	0
21	0
0	0
0	94
3	13
0	12
0	12
7666	2441
330	403
40	2016
0	0
0	0
0	1
0	0
0	0
0	12
0	1
0	1
0	12
0	0
0	0
1	6
0	5
0	0
0	0
22	179
6720	6317
5	5028
239	270
0	55
90	226
230	0
4	1243
0	0
2	2684
0	0
0	0
0	0
0	0
84	0
19	1915
849	2227
248	74
0	1565
20	6
47	343
0	0
31	0
0	0
0	6
0	6
4	2050
6	2534
0	1912
55	2104
1	2431
0	1882
21	2412
0	1368
103	398
0	555
0	367
0	281
4	183
0	16
62	314
12	89
2326	1036
1	858
4	14
22	0
1	13
0	0
4	108
2	137
1	18
0	702
3	1145
0	1168
38	320
10	114
5	341
0	105
0	700
2	8
0	1053
0	25
0	0
0	469
0	597
0	0
2	21
0	39
2	32
25	0
4680	1124
116	87
0	961
0	982
0	0
0	232
3832	2
4	0
3	1
1	1
0	308
62	1375
4	1295
0	704
13	416
175	4439
0	4089
25	4838
149	3597
0	771
0	719
1	1160
0	1187
0	0
1	789
12	499
1	533
1	252
0	0
1578	1268
1	238
0	45
4	71
6	616
0	430
68	181
0	804
1	781
0	784
0	0
0	0
0	749
240	586
1	689
43	710
1	67
0	177
9	52
0	37
19	0
0	572
0	1114
0	1372
5	377
27	407
15	481
0	137
116	105
13	55
1	0
29	604
4	608
0	81
24	44
4	739
0	730
0	102
0	60
0	785
1	26
5	177
2	154
0	0
14	0
0	109
0	762
0	756
0	799
0	744
0	428
0	708
0	792
1	95
94	144
1	77
0	74
2	24
0	48
0	136
2	65
9	59
1277	1412
35	825
1	0
0	411
2	434
8	87
0	0
78	94
0	2341
290	1335
8	357
0	2068
0	2316
0	2225
0	2209
1	1975
0	1802
4	1106
35	11
2	608
1	89
5	33
1	98
617	111
0	0
53	111
1	0
6	0
1	7
0	7
0	7
0	7
0	7
2	0
64	0
0	0
0	0
0	0
0	4
1	4
0	4
0	0
0	0
0	0
0	0
0	0
0	0
51	299
0	0
33	302
0	10
0	38
0	54
1	7
1	536
1	0
2379	1379
2	835
435	0
61	23
13	0
1	6
1	1
0	0
0	16
0	11
0	4
0	0
0	0
0	0
0	4139
33	866
4	3959
1	316
0	284
6	7
32	437
9	367
2	595
2	3900
9	8
115	2945
394	1080
0	1080
4	105
2	38
125	86
112	0
0	0
98	0
2	503
11	521
0	384
5	29
23	117
26	69
1	0
12	420
0	0
2	5
18	46
0	423
1	421
0	421
0	4
2	7681
11	666
0	657
5	320
0	7407
12	7929
41	7165
0	0
27	0
61	13
0	3936
0	483
36	492
2	1000
1	4308
5	1004
23	475
9	575
5	538
2	203
4	151
0	565
2	367
0	90
0	244
1	83
0	0
1	156
0	43
4	221
0	202
2	17
5	3
4	162
0	23
0	51
6	66
0	38
639	64
2	35
0	36
0	0
39	29
7	55
1	4
0	0
0	5
0	0
0	21
70	1121
3096	1770
25	563
32	0
3	11
27	1
111	243
98	406
0	3
0	25
37	37
0	22
0	1214
12	349
1	940
1	0
0	31
0	159
0	870
0	614
0	899
5	709
0	614
1	8
5	35
0	0
0	68
6	15
0	103
1	80
0	29
0	0
162	2232
4	129
127	1887
62	449
1	685
42	122
20	413
1	381
14	466
0	30
12	239
2	375
670	940
11	341
33	738
5	224
3	0
13	0
0	0
0	0
0	0
0	0
0	0
0	0
0	0
0	0
9	0
0	0
81	0
0	0
317	88
49	85
0	17
5	0
360	849
12	835
7	62
25	685
44	1
8	729
8	690
0	58
14	95
66	55
377	538
0	127
77	433
3	123
11	74
18	82
1	518
15	605
0	526
4	432
4	596
19	500
0	0
0	22
2	144
0	163
0	153
0	158
0	166
0	161
0	92
0	9
0	22
0	2
5	18
2	16
1	16
0	10
33	7
1	0
0	9
1075	606
39	0
0	606
7	0
4	4
90	4
1749	316
27	314
1	139
22	114
1	12
524	0
0	0
0	6
2	6
0	6
0	1
1496	0
519	256
0	256
22	0
0	1001
0	968
0	1006
0	773
2	773
0	1018
0	62
1	461
0	461
0	20
0	46
1	193
10	72
0	52
1	0
63	203
1	2
0	186
4	174
0	111
2	78
0	27
0	0
0	172
1722	896
6	282
0	273
25	350
0	0
52	291
0	0
161	224
0	0
315	2
185	0
0	0
0	0
6919	43
838	596
0	53
0	569
120	3
0	2
0	0
0	0
0	1
39	491
0	477
0	67
12	213
1	0
0	252
1	108
0	0
1	3
2	79
0	506
0	1114
3	97
0	892
0	483
58	961
5	122
0	0
2	357
0	0
14	23
0	68
11	0
0	5
1	5
0	1
0	0
0	51
0	10
3	54
0	3
0	10
1	4
4	0
0	3
3	4
2	296
0	0
69	366
14	85
6	97
5	4
0	194
1	10
3	10
7	94
177	183
5	181
1	0
0	0
9	2
3	0
22	83
1	83
0	0
74	24
4	24
0	0
0	0
0	0
0	0
0	0
1	0
0	0
47	509
3	436
1	411
0	17
0	211
1	170
7	20
16	15
3	0
6	10
142	329
2	72
0	181
0	165
1	69
0	73
0	2
16	14
9	231
0	225
0	119
0	204
0	175
4	8
5	29
1	17
23	123
12	15
17	515
0	175
1	77
0	166
4	107
0	244
0	8
0	95
0	487
0	62
3	46
525	357
37	9
8	375
26	267
0	19
0	441
12	441
0	271
0	0
1	0
0	0
4	124
0	112
0	112
0	97
0	105
0	107
0	42
0	12
1	11
0	7
5	0
0	0
0	0
4194	10684
10	1804
1	10008
16	933
50	71
0	420
224	2490
0	1983
0	0
11	813
312	29
3	184
0	0
0	599
1	589
0	97
1	22
0	0
1	5
0	5
0	0
0	0
0	0
0	0
0	0
0	0
0	0
0	1
0	0
0	0
0	1
0	1
0	0
0	0
138	0
0	356
44	383
1	124
16	64
12	530
0	0
3	111
0	0
0	0
1	10
0	0
4	790
88	868
10	450
0	24
73	19
72	0
66	4789
36	4787
0	220
16	871
0	0
0	0
0	0
1	0
0	0
0	0
0	0
1	0
5	0
1	0
0	1
0	3
0	998
0	999
1	997
14	63
0	2
0	125
0	0
1	41
32	0
59	0
0	0
0	0
0	0
96	90
0	9
48	0
0	0
1	0
13	0
1	84
126	697
0	213
46	702
23	228
3	2523
0	2227
2	2614
3	2736
0	2501
18	1999
73	0
135	1872
3	1571
2	152
200	944
422	846
0	89
4	0
2	0
0	0
0	7
19	22
0	18
0	9
4012	97
58	89
19	0
0	0
1	4
0	4
0	0
1	3
2	0
0	0
0	655
80	655
11	652
6	7696
5	2026
1	7538
0	7934
3	6843
0	6818
0	7486
1	5495
3	4412
0	4788
0	5468
3	1077
5	891
11	820
27	264
7	1946
9	232
0	659
6	3
0	2
80	3
3	0
0	19
0	19
10	0
0	5
6	0
1753	1872
32	1524
0	1459
2	420
22	84
0	186
0	180
2	115
116	0
9	34
0	0
0	0
9	0
0	0
0	0
2	0
0	0
3	221
2	213
3	224
0	206
0	35
56	0
9	0
6	0
3	2
0	56
0	0
86	0
0	0
0	0
34	0
10	0
1	0
39	0
51	0
0	0
0	0
0	0
0	0
4	0
1	1
0	1
0	0
8	0
2	833
0	794
0	996
0	996
0	996
26	1059
0	731
0	0
0	310
1	105
0	73
0	0
1985	1703
1	1003
4	96
4	955
4	600
10	68
289	1094
1	659
1	792
1	883
9	78
4	8
36	8
19	0
0	0
0	2
1	0
0	2
0	0
6	0
18	0
199	449
6	412
0	16
0	381
24	68
0	651
56	1333
3	596
1	18
0	294
23	0
197	683
18	986
0	1036
1	49
1	66
189	0
58	0
161	0
45	91
9	95
1	51
2	0
0	0
0	5
0	0
0	0
0	0
0	0
0	0
0	0
28	445
4	138
8	151
0	370
0	442
1	430
0	435
17	144
3	127
0	32
0	15
0	0
0	0
26	0
2	0
0	7
16	0
2	27
0	37
6	0
0	21
0	0
2	74
2	33
12	0
19	16
1	3
1	3
4	0
0	45
0	0
0	40
49	167
9	169
0	147
0	25
0	69
2	129
0	129
0	129
0	129
2	129
0	129
62	129
139	39
3	57
3	18
2	18
1	0
1	0
23	0
0	0
78	2
16	0
50	0
26	0
47	0
48	0
0	0
83	2
0	2
66	0
42	0
24	0
93	0
57	0
38	0
144	4
1	0
23	0
131	0
45	0
207	0
11	0
124	0
7	0
0	0
0	0
1	0
5	85
1	0
9	0
2985	598
2	53
0	488
0	57
129	0
0	0
2	0
9	0
0	0
3	0
0	0
0	0
0	0
0	0
0	0
0	0
0	0
0	0
0	0
0	0
0	0
635	745
0	724
0	649
0	493
32	0
73	2
0	83
0	0
101	0
3	0
6	0
0	0
1	0
0	0
1	0
0	0
62	0
794	5343
25	4847
133	368
0	4833
586	157
1	851
59	0
151	4
2	8
49	11
0	4
6	9
0	0
1	0
0	0
0	0
757	0
0	254
49	290
3	98
0	0
53	461
1	461
0	0
9	0
0	57
3	0
52	1290
0	1290
1	935
35	0
0	81
180	2538
5	199
4	2535
44	32
0	187
87	195
119	229
125	94
0	17
0	17
4	73
2	34
151	1588
0	1588
1	174
0	123
0	149
12	3
12	142
3	7
2	345
14	61
0	192
6	275
0	0
0	0
0	0
0	0
0	0
0	0
0	22
1	0
186	65
2	65
2650	2182
0	0
15	2180
78	131
3	306
63	501
3	68
83	632
0	640
3	619
92	42
2	20
114	0
0	0
0	0
0	0
0	193
0	0
0	0
18	0
0	2397
7	2401
2	2398
21	2401
51	2050
1	132
3	10
7	11
97	0
4	252
0	71
4	75
0	4
0	128
9	412
0	47
27	44
1	406
7	70
9	31
0	42
0	75
75	0
9	0
32	1671
0	1606
0	150
0	0
0	1036
4	220
0	0
0	0
0	0
0	0
0	0
0	0
0	0
0	0
0	0
0	0
3	49
4	0
0	0
0	0
0	0
0	0
0	0
0	0
0	0
0	0
0	0
0	0
0	0
0	0
0	0
0	6
0	0
0	0
16	0
927	2932
291	2657
0	2275
12	1604
2	863
9	200
9	147
229	0
117	0
145	2
75	0
2	0
21	0
88	0
114	0
165	0
66	2
113	0
42	0
55	0
53	0
0	0
0	0
0	0
0	0
0	0
0	0
0	0
0	0
0	0
0	0
0	0
127	0
0	0
44	0
0	0
0	0
0	0
0	0
0	0
0	0
0	34
0	0
0	0
0	0
0	0
7	0
0	0
0	0
0	0
0	0
0	0
0	0
2	0
0	0
0	0
0	0
13	1388
3046	2074
22	0
145	1
25	44
145	0
0	105
0	101
18	320
4	15
0	15
0	0
0	4
8	11
0	3
0	0
0	0
0	7
1069	507
14	473
0	207
0	416
99	2134
2	2130
3	0
0	110
4	91
0	17
0	0
0	0
39	0
1180	879
0	0
2	638
6	248
0	0
0	241
0	0
8	43
63	1979
0	2013
19	162
0	2023
0	0
14	1830
32	0
0	0
2	126
0	1127
5	0
0	0
2	0
4	0
0	0
0	0
1	0
0	0
0	0
1	0
0	1
7	0
4	6
1	6
0	0
0	0
0	0
25	0
0	1
0	1
3	0
0	0
22	10
2	10
7043	2050
0	966
3	263
698	2
1	1865
622	14
1	458
554	833
2	31
1	831
1	0
54	1447
15	1437
12	10
14	144
0	144
2	1
1450	285
0	0
0	285
43	0
1	14
14	14
0	16
0	24
0	12
5	0
27	1074
0	1090
0	1012
29	9
2	3
41	254
0	0
2	659
146	548
0	552
3	7
3	404
0	285
9	159
35	527
0	40
2	2283
0	2413
18	2413
0	2084
0	215
20	358
35	0
3	180
180	208
8	91
0	206
2	2516
0	3372
1	8456
9	3821
2285	15281
63	748
6	11760
2	2025
8	12580
10	4749
0	3419
8	736
85	638
36	96
0	140
0	86
7	17
17	0
30	0
481	3000
154	2517
0	474
0	460
0	135
9	0
1018	2547
0	2268
0	2016
15	1522
166	20
0	14
158	12
1	124
49	0
192	12
20	0
81	0
6	1803
0	593
5	833
1	701
3	1661
0	1598
0	484
0	67
0	655
166	0
103	0
0	0
9	362
28	7121
121	2145
0	2218
0	4975
346	464
24	0
0	2006
20	550
128	301
1	513
9	0
21	110
193	5
15	2264
20	27
0	0
7	242
54	0
125	0
10	0
0	0
86	0
543	944
6	16
16	22
0	792
0	923
2	0
84	0
47	0
19	3
2	36
0	31
0	0
0	0
0	0
17	38
2	42
0	4
55	4
1	1
0	0
0	0
0	0
0	0
0	0
0	0
0	0
0	0
0	0
10	0
8	13
0	0
0	0
7	0
2	9
29	14
2	2
0	4530
4	4561
88	4495
0	4561
0	3089
13	2554
1	2528
44	1924
57	736
0	333
4	75
8	80
0	56
3	3
267	2
180	2
1	0
0	0
0	0
0	0
0	0
0	0
3	4
0	5
2	4
0	2
2	583
0	845
0	886
1	834
0	839
0	528
0	178
6	459
0	458
0	346
0	47
15	0
2	0
13	0
0	0
0	212
0	203
27	0
5	0
3	48
0	41
0	47
1	15
0	5
0	22
0	31
35	0
30	0
58	14
46	0
0	0
0	0
58	369
6	0
0	369
0	26
0	0
0	0
2	170
0	1022
12	1136
84	0
10	987
0	24
4	2
0	26
0	617
18	0
0	631
0	1023
0	1049
0	423
0	113
12	61
1	110
12	0
0	836
0	112
0	0
0	0
0	138
0	0
0	57
0	36
0	0
91	17
0	17
16	0
8	0
0	2613
8	366
1	190
0	813
23	2020
0	28
98	31
5	2521
12	486
17	2214
126	2235
120	42
0	1842
10	22
0	308
5	97
430	548
0	0
0	0
0	136
7	132
0	135
1	132
0	136
2	0
7	0
0	0
0	0
0	0
0	0
0	0
63	4
0	4
0	4047
19	3848
0	3791
0	2857
0	262
0	0
49	0
0	0
139	1129
62	0
4	54
1	181
4	305
3	208
36	262
152	0
8	75
0	72
97	0
50	0
0	0
0	0
0	0
0	0
0	0
0	0
0	0
0	0
0	0
0	0
0	119
0	0
0	0
0	0
0	0
0	0
0	0
5	6
2	0
1	0
1	0
4	0
1	0
0	0
0	6
10	0
0	0
0	0
1	1
1	6
0	0
0	0
1	0
3	854
23	414
16	431
6	864
0	514
1	478
0	535
245	670
21	0
0	250
10	453
0	393
102	380
0	222
1	241
0	85
0	0
0	0
0	0
0	0
0	0
0	0
11	0
0	1
0	1
0	0
0	0
0	0
0	0
0	0
0	0
0	0
0	0
0	0
6	8
0	7
0	8
0	1
0	0
0	1
0	0
20	1
0	0
1	59
107	1014
3	917
3	552
0	215
2	53
0	0
0	44
110	160
24	23
2	116
0	69
0	83
0	2
0	2
0	2
0	2
0	2
0	0
0	0
0	0
0	0
0	0
0	0
0	0
41	583
3	582
11	191
6	13
8	48
0	118
0	78
0	85
66	0
103	27
0	4
0	0
0	0
0	0
0	7
0	7
0	7
0	0
0	0
0	0
0	0
0	0
1	1
0	0
0	0
1522	182
0	92
5	91
0	12
0	9
0	13
0	12
0	12
0	12
5	9
0	0
21	0
0	945
3	867
0	823
0	711
0	916
3	870
13	239
67	0
21	96
1	16
8	0
0	0
38	3160
26	3270
132	155
0	470
0	688
0	0
0	0
19	79
0	79
2	0
1	0
116	5668
15	11455
2	2770
44	3364
17	4871
0	9882
42	4032
199	0
0	181
0	290
11	200
7	273
18	377
0	164
3	88
23	2257
128	197
53	187
69	1347
177	43
0	0
189	0
74	281
15	0
0	0
0	0
0	0
0	0
0	0
6	1579
33	2229
351	1055
41	809
0	1147
3	943
7	1356
17	14
3	1002
64	22
0	0
129	0
0	1341
27	1717
1	1423
0	1272
0	486
3	272
0	1
0	1
0	0
0	0
222	1164
8	1164
2	167
0	0
0	0
0	623
1	73
2	607
0	640
0	35
2	21
1	16
1	70
0	32
0	2
0	70
1127	80
29	80
561	10
1	10
0	0
0	2
0	2
0	2
0	2
0	0
0	0
18	1503
53	1535
0	451
0	0
60	36
0	54
9	71
0	0
0	0
0	0
98	0
0	0
1	0
0	218
0	218
26	74
2	164
0	32
1	0
44	222
1	7
6	215
47	400
0	10
0	56
0	358
0	0
8	49
7	0
51	0
4	0
16	0
2	254
73	255
0	7
5	177
2	1914
8	1907
23	779
1	1130
296	115
3	573
18	510
0	140
117	0
2	88
0	18
88	8
8	107
0	507
0	505
0	639
0	506
17	61
0	533
0	532
3	470
99	668
2	152
1	0
0	0
0	0
1	0
0	0
0	0
39	0
1424	352
4	352
156	0
2	0
0	0
0	0
0	0
0	0
0	0
2	2676
5	6999
8	1616
57	2521
0	0
37	3
0	0
1	171
20	6838
3	376
15	734
0	0
0	0
0	0
0	0
0	0
0	0
32	1411
15	1411
3	104
5	8
0	59
2	163
0	698
26	5
0	0
4	0
11	0
0	0
2	0
0	0
0	0
0	0
609	321
18	321
12	226
0	0
0	0
1	34
24	80
0	421
0	7
1	10
2	37
0	335
0	301
18	293
943	463
1	27
17	0
0	242
37	365
0	206
765	6207
11	6111
72	4388
2	214
74	1465
91	535
206	99
366	0
20	0
0	2
0	2
0	0
78	0
0	0
0	0
0	0
0	0
3	1620
0	1545
18	220
5	914
55	288
17	1539
3	270
204	0
3	289
7	292
0	118
7	198
65	414
0	536
0	520
173	0
1	29
6	73
28	29
4	23
4	2222
0	0
1	2242
3	68
1	2215
0	2215
3	32
23	98
3	43
1	4
13	336
1	36
0	400
0	341
0	356
0	28
14	275
4	255
7	22
19	0
0	60
2	116
0	26
0	4
13	0
3	1276
4	1337
3	691
3	0
0	0
75	5270
11	5273
3	4625
0	429
6	1473
12	25
2	572
161	2774
2	1779
7	327
14	0
15	488
2	102
38	73
28	1444
1	41
0	0
0	0
0	0
0	0
0	0
0	0
13	1625
132	1625
109	1620
12	0
0	0
2	0
0	2
0	4
0	4
0	0
80	3172
10	3172
0	0
221	351
6	0
14	351
0	78
2479	396
0	93
0	0
10	150
6	153
586	4170
1	4170
0	0
0	0
0	0
0	0
0	0
0	0
0	0
0	0
0	0
0	0
0	0
0	0
0	0
0	0
0	0
0	0
0	0
0	0
3	0
11	139
0	446
1	292
1	289
0	28
15	91
0	317
0	398
4	442
3	0
1	150
1	132
15	0
0	342
0	339
0	367
0	367
0	339
0	369
0	375
0	331
0	331
1	36
0	369
0	377
0	340
0	391
0	370
0	389
0	380
1	0
0	42
5	4
0	227
4	5
0	0
0	0
7	1
0	0
0	0
0	0
0	0
0	0
0	0
0	0
18	281
0	0
0	0
0	0
0	0
0	0
0	0
0	0
0	0
0	0
0	0
0	0
6	49
0	52
0	52
0	43
0	48
0	53
3	28
1	8
2	23
1	28
1	28
1	0
0	0
0	0
0	0
0	0
0	0
0	0
703	251
0	257
8	194
45	56
0	0
1	0
20	32
3	25
0	21
0	21
0	20
0	0
1	5
600	994
1	962
23	770
0	0
0	0
0	0
0	0
0	0
0	0
0	2
0	2
0	0
0	0
0	0
0	0
0	0
0	0
1	0
0	0
3	0
0	0
10	0
0	0
0	350
0	0
2	1825
0	1934
20	2158
6	1822
280	3
405	2094
314	111
0	162
1	748
0	0
279	5846
55	5846
0	0
0	0
0	0
4	0
0	0
0	0
10	1612
277	0
12	0
0	0
0	0
0	0
0	0
0	0
0	0
0	0
0	0
0	0
0	0
0	0
0	0
0	0
0	5
0	0
0	0
0	1
0	0
0	0
0	0
0	0
0	0
0	0
0	0
9	3238
2	3237
195	2933
3231	881
0	877
0	0
0	0
0	0
0	0
0	0
0	0
0	0
0	0
0	0
0	0
0	0
0	0
0	0
0	0
0	0
0	0
0	0
0	0
0	0
0	0
0	0
0	0
0	0
0	0
0	0
0	0
0	0
0	0
0	0
0	0
0	1
0	0
0	0
0	0
0	0
0	0
0	0
0	0
0	0
0	0
0	0
0	0
0	0
0	0
0	0
0	0
0	0
0	0
0	0
0	0
0	0
0	0
0	0
0	0
0	0
0	0
0	0
0	0
0	0
0	0
0	0
0	0
0	0
0	0
0	0
0	0
0	0
0	0
0	0
0	0
0	0
0	0
0	0
0	0
0	0
0	0
0	0
0	0
0	0
0	0
0	0
0	0
0	0
0	0
0	3
0	0
0	0
0	0
0	0
0	0
20	2741
306	2741
0	0
988	2
0	554
529	419
2	421
2	569
82	33
28	82
0	433
23	0
72	1983
4	1983
3	629
1	476
0	239
1	111
0	11
101	112
2198	1603
4	1694
10	220
0	115
647	1
9	1
0	0
0	0
0	0
10	1613
2146	1790
9	0
3	1569
0	1624
0	42
0	129
2	1458
21	61
0	176
0	0
0	0
0	0
0	0
2	0
9	166
0	166
0	0
0	0
25	27
0	18
2	1
6	151
4	157
0	49
5	69
25	49
7	28
11	45
63	5842
71	830
9	5605
0	5235
3	5367
103	39
7	3062
0	3186
10	685
363	98
462	14
146	17
170	1
165	53
25	78
0	78
0	0
336	7
0	0
0	7
19	14
0	1
0	4
1	0
0	3
0	6
3	1
0	1
1	1
0	0
4	1
0	1
0	1
20	1484
1	1658
17	628
14	864
4	6
20	30
157	5
0	0
9	514
148	514
8	0
49	163
0	69
0	102
1	10
0	10
5	0
0	0
1	0
1	0
9	32
8	32
0	0
0	16
0	2
3	16
6	14
0	0
117	4
83	2
146	60
0	59
0	0
6	0
12	0
825	0
510	0
0	0
2	0
27	627
11	592
0	158
1	8
6430	22
1	1
6	1
0	0
0	0
0	0
0	0
0	5
0	0
21	934
94	936
1	836
39	51
55	0
86	2
3	30
0	24
7	96
123	95
0	0
0	0
0	0
0	425
0	437
0	265
0	274
3	14
2	8
3	11
3	5609
8	5851
11	3545
0	3558
0	2354
0	0
0	634
6	518
6	373
0	347
118	220
0	0
0	1872
0	1639
99	506
0	1193
5	1036
0	162
0	0
0	0
0	0
0	0
0	0
0	15
0	4
0	12
14	693
5	267
2	566
0	161
33	114
512	545
0	485
0	0
2	85
2	101
4	155
0	0
7	8
0	30
40	6
0	6
1	142
0	210
7	0
0	420
1	369
0	83
12	104
0	70
0	12
6	7
0	7
5	0
0	180
27	171
0	62
0	9
3	160
0	377
0	356
0	322
0	309
0	130
0	306
0	281
0	179
0	27
455	264
1	85
14	35
0	127
5	116
0	32
0	0
0	4
0	4
7229	265
0	0
20	261
0	0
0	0
0	0
0	0
0	0
0	0
0	0
0	5
53	182
0	182
0	0
2	4
0	0
0	9
0	9
1	7032
5	6127
0	0
0	0
6	0
83	7030
8	0
20	6267
56	7027
1	710
39	2741
67	0
31	580
0	62
0	0
1407	4
0	0
4	0
3	0
1517	727
12	2
275	721
3	336
10	739
46	717
1	60
0	678
24	131
64	0
6622	2537
0	586
148	0
19	802
22	1473
15	902
0	0
3	1
12	1
2	3406
0	35
10	317
385	2862
57	3233
3	788
1	7
0	0
0	0
0	0
0	0
0	0
0	0
0	0
0	0
0	0
0	0
0	0
0	0
0	0
0	0
0	0
0	0
0	0
0	0
0	0
0	0
0	0
0	0
0	0
0	0
0	0
0	0
0	0
0	0
0	0
0	0
0	0
0	0
0	0
0	0
0	0
0	0
0	0
0	0
0	0
0	0
0	0
0	0
0	0
0	0
0	0
0	0
0	0
0	0
0	0
0	0
0	0
0	0
0	1
0	1
0	1
0	0
0	0
0	0
0	0
0	0
0	0
0	0
0	0
0	0
0	0
0	0
0	0
0	0
0	0
0	0
0	0
0	0
0	0
0	0
0	0
0	0
0	0
0	0
0	0
0	0
0	0
0	0
0	0
3	4418
0	0
255	0
4	42
1472	1545
53	1156
3	1481
2	1503
8	758
38	5
5	125
0	71
4	47
0	7
0	0
0	694
0	694
35	322
262	22
0	17
3	5
0	0
0	0
0	3
0	5
0	0
0	0
0	504
504	3939
0	1041
295	1457
124	0
3	1944
3	1556
106	363
33	811
0	627
1	0
0	0
2	0
0	0
6	0
0	0
2	0
0	0
0	0
17	0
89	551
1235	542
9	0
0	29
18	28
0	2
0	14
5	19
3	8
0	0
0	0
16	115
0	0
0	0
0	0
3	0
0	0
1485	1121
86	1121
0	200
89	0
0	0
0	0
0	2
0	0
0	5
0	5
0	0
0	0
0	0
0	0
0	0
3	0
0	0
3	3
0	0
0	0
1	3
1	0
0	1
1	0
0	0
0	0
0	0
0	0
0	0
5	528
47	1501
4	1501
594	1088
0	344
5	367
0	908
1	43
0	9
0	0
1	2053
14	1999
0	1910
0	744
16	246
0	0
37	0
3	0
0	0
1	0
4	0
0	0
0	0
0	0
1	0
0	0
0	0
0	0
0	0
0	0
0	0
0	0
0	0
0	0
0	0
0	0
0	0
0	0
0	0
0	0
0	0
551	898
0	750
0	792
0	645
1	542
0	300
3	237
31	408
20	62
2	237
0	18
16	4
0	4
3	1303
46	2570
692	2095
21	1964
33	381
110	1479
34	464
292	485
6	485
7	160
0	0
30	32
48	4
0	0
0	5
0	9
0	6
0	4
0	0
1	0
0	1
0	1
0	0
52	1029
404	5132
1	1147
0	5096
22	2639
30	132
5	843
0	564
28	581
9	423
163	0
69	0
32	61
0	0
221	61
0	0
16	20
0	55
0	0
0	0
35	0
12	1216
0	1223
3	889
25	182
0	0
0	2
0	0
31	2053
96	351
3	828
0	432
1	742
0	771
40	1459
1219	10875
16	9313
67	9311
21	1751
0	0
860	542
0	553
14	221
107	165
0	22
1	0
1048	900
8	898
25	310
6	35
0	256
0	13
1	23
5	15
1	13
8	39
1	149
1	14
15	428
1	185
0	30
4	215
7	295
79	1
2	57
1	147
0	181
2	179
2	199
0	181
4	17
0	41
23	0
4	12
2	11
0	0
0	0
44	0
2	1
0	166
4	166
5	166
0	2
21	0
0	0
0	0
0	5
0	0
0	0
0	0
1	0
2321	236
53	0
0	236
83	0
710	5100
2	895
0	4408
91	4378
0	0
0	2
3	2
3	0
0	2
1	154
37	1694
8	122
0	0
33	0
1	0
0	0
0	0
0	74
0	0
0	0
0	0
0	339
5	370
128	47
0	332
8	307
0	307
1	45
22	288
0	129
0	91
0	107
0	129
0	129
0	24
0	62
0	0
2	0
2	12
0	40
0	16
0	0
0	6
0	0
0	0
0	0
0	0
0	0
4	0
8	641
1	515
41	278
1131	681
0	0
60	124
0	0
124	0
0	0
1	0
3	6
0	6
0	4
0	5
0	3
0	2
0	1
0	0
74	511
46	4082
0	1023
0	4084
24	20
0	390
1	466
74	466
0	342
4	65
1	0
0	0
0	0
0	6
1	6
0	0
552	748
50	746
42	0
0	367
0	520
562	537
7	395
1	312
0	185
0	0
1	0
0	0
0	0
0	0
8991	3024
11	3024
1	0
0	0
0	0
0	0
46	0
0	0
0	0
1	0
0	0
0	49
3	53
0	0
0	51
0	7
0	7
0	0
0	51
1694	855
17	793
244	64
0	1714
0	1683
0	1038
10	548
4	601
9	18
0	9
13	161
0	55
2	16
39	47
0	47
15	0
91	143
20	143
0	0
8	0
0	0
0	1
0	107
6	124
1	139
0	77
0	527
30	504
0	368
0	23
3	282
0	282
0	56
4	36
0	21
21	6
0	276
7	131
0	17
7	312
0	273
22	226
1	7
0	7
0	0
0	0
2	0
1567	0
11	0
668	59
4	3
4	4
1	54
4	0
7	832
4	867
0	155
69	140
0	17
3	18
0	53
0	70
0	5
9	10
0	0
12	1
0	4840
0	0
5	309
10	267
11	509
46	744
3	289
6	0
0	155
73	0
17	20
38	50
0	0
0	0
0	0
0	1
0	0
0	0
0	0
0	0
0	0
0	0
0	0
0	0
0	0
3	0
0	2
0	0
0	0
0	0
122	3159
2	3184
0	3192
3	510
9	417
1	166
2	1379
1	534
0	350
9	171
1	161
0	52
176	0
0	0
675	139
10	148
5	112
0	32
14	82
1	49
0	0
0	0
0	0
0	0
0	0
0	0
0	0
0	0
0	0
0	0
0	259
0	272
0	251
7	280
0	265
0	124
1	10
0	16
7	0
2497	3270
1	2473
5	248
151	96
0	1278
68	0
0	0
92	0
0	0
26	45
0	1
0	0
1	44
0	1
4	0
0	0
0	30
100	30
0	13
0	0
0	27
0	0
3	38
0	57
0	57
22	874
2	12
50	818
1	252
99	252
3	101
1	320
0	18
0	1
0	1
0	11
0	11
0	0
17	0
2	298
0	225
4	34
0	283
0	272
0	93
0	23
3	32
1	452
5	528
0	490
3	39
0	545
2	451
5	0
2	54
1	0
6	0
1	0
0	0
8	144
0	144
0	144
0	19
1	0
0	0
1017	1462
2	846
5	306
15	933
63	0
0	592
20	23
0	475
0	528
0	123
1	273
0	79
0	0
0	0
0	0
2	0
0	0
1234	20836
43	10248
11	11107
29	1732
130	6972
0	25
18	0
87	3223
1	0
304	231
0	218
0	13
0	0
0	2
7	890
2	1046
1	1160
8	1356
5	123
2	152
0	756
3	1304
215	1382
0	199
0	759
1	210
27	11
6	976
2	242
0	112
6	147
18	149
488	787
28	783
1	141
16	140
5	32
183	42
0	16
0	0
0	0
0	10
0	0
1703	0
10	0
17	0
0	635
144	667
0	530
0	0
0	0
20	0
1	0
4	5
5	5
2	2
0	5
0	1
0	1
0	0
1082	842
2	42
7	810
0	0
0	0
7	179
0	161
0	73
146	156
64	547
2675	596
0	247
4	20
14	54
0	0
16	1
0	1
1	0
20	2544
8	5585
0	5142
62	4929
35	206
13	3954
13	106
7	19
75	3608
0	211
15	523
90	34
0	99
2	85
18	112
9	470
0	456
2	299
6	12
41	2
0	1219
0	1126
0	1246
0	1216
1	1087
101	800
17	1020
24	545
18	10
9	119
0	171
0	472
2	381
0	472
0	181
0	412
0	326
6	20
1	2
0	2
0	2
0	0
4	2
0	118
5	6
36	2050
217	2165
15	293
3	6
0	5
0	1
0	0
0	0
0	0
0	0
0	0
0	0
0	0
0	0
0	0
0	0
0	0
0	0
0	0
0	0
0	0
0	0
0	0
0	0
0	0
0	0
0	0
0	0
0	0
0	0
0	0
0	0
0	0
0	0
0	0
0	0
0	0
0	0
0	0
0	0
0	0
0	0
0	0
0	0
0	0
0	0
0	0
0	0
0	0
0	0
0	0
0	0
0	0
0	0
0	0
0	0
0	0
2	0
0	0
0	0
12	206
16	206
3	122
0	0
0	0
147	0
156	2
15	2
1	0
8	0
4	0
3	0
3	55
0	7
0	1
0	0
0	377
6	12
4	132
1	132
12	0
43	377
0	308
95	10
0	9
0	53
1	53
0	4
0	1
0	0
0	9
1	9
11	420
17	208
14	381
1	118
4	75
15	48
0	14
1	55
8	32
0	10
0	10
0	60
52	153
1	20
0	22
0	146
0	2
28	42
0	659
0	1716
1	1385
12	1270
5	1033
0	1668
0	1642
6	294
8	92
7	0
15	0
11	115
0	0
0	0
9	134
16	3
0	5
0	2
7	0
0	0
1085	2841
74	219
13	235
21	2842
55	672
23	0
4	0
0	1800
2	1908
20	2051
0	563
2	112
5	153
48	989
11	1010
0	0
0	0
13	79
0	176
11	51
0	37
0	7
1	11
298	564
0	59
7	354
2	20
0	182
0	0
2	0
0	151
0	0
1	107
1	118
3	111
5	159
0	149
6	67
0	117
0	0
0	0
0	0
0	0
0	0
72	661
1	667
11	432
43	587
2	455
183	31
1	76
1	0
0	0
0	2
2	0
0	1
0	1
1	3
7	8
0	7
0	8
224	264
0	116
1	124
3	117
2	91
1	5
285	108
2	54
2	9
2	0
0	45
28	0
0	4521
6	4213
31	4496
0	0
3	64
29	54
0	0
20	144
3	33
7	57
78	158
21	820
5	788
1	87
0	0
6	0
3	497
0	687
0	625
1	640
3	648
4	161
0	120
660	653
0	130
0	133
6	46
2	630
24	18
0	14
6	6
12	23
1	40
9	46
147	135
2	80
2	71
1	75
3	4
1	375
54	375
7	4
1	55
0	3
1	0
0	1050
28	1050
9	20
5	0
48	0
0	0
0	0
19	0
24	0
0	0
0	64
1	9
0	13
0	0
1	2
0	0
93	989
67	989
0	107
35	44
0	0
0	6
808	6
46	0
1	2
0	3
0	1
0	0
0	0
0	0
1	1
0	1
0	1
0	0
0	0
0	0
0	0
0	0
0	0
0	0
0	394
0	393
0	0
0	9
0	0
0	0
0	0
0	0
0	0
0	0
0	0
0	0
0	0
0	1
0	29
0	5
0	3
0	0
0	0
0	2
1	2
0	2
2	1
0	1
0	1
1	489
14	252
1	458
0	489
0	12
0	60
1	27
5	0
813	358
0	143
0	117
4	115
2	125
2	143
6	120
6	17
1	80
4	26
2	736
1	103
6	656
17	623
0	124
0	0
28	0
3	5
0	0
0	0
1	74
29	33
0	16
0	17
0	12
0	5
3	8
0	8
0	59
0	59
0	50
1	60
0	23
0	18
0	0
0	0
0	0
0	0
0	0
0	0
0	0
11	35
0	15
5	20
0	0
0	0
0	0
0	0
0	11
287	534
3	522
3	31
0	175
10	1
15	26
0	0
0	0
0	0
1	8
0	0
0	0
0	0
0	19
0	19
0	19
0	18
1	16
2	9
0	11
0	3
0	3
0	0
0	3
44	2592
24	2592
4198	2592
0	0
63	0
0	0
0	0
36	0
0	0
1	721
0	646
28	316
0	391
3	258
18	222
9	106
1	20
2	9
0	32
2	0
0	0
0	0
0	0
0	0
29	12
86	471
0	199
24	170
0	299
16	0
239	111
0	103
0	1
0	8
0	0
0	0
0	0
0	0
351	0
269	873
0	826
13	12
1	143
19	3
17	14
1	34
0	3
80	858
19	281
10	762
2	199
0	81
0	292
0	182
1440	15
1	15
0	0
1	40
112	44
0	23
0	23
0	2
12	0
0	5703
22	6792
2	0
1	1428
14	942
2	61
24	135
0	1027
0	659
1	0
2	233
1	60
264	96
341	0
2	0
0	0
233	794
2	751
0	452
0	9
3	2
2	13
0	0
0	0
0	0
0	0
0	0
17	33
0	24
0	2
1	11
0	6
0	0
0	50
0	0
401	235
7	229
3	42
13	0
5	0
14	0
1	96
6	96
2	3
8	236
5	243
0	51
1	223
2	55
34	0
11	739
0	738
12	20
0	557
0	0
1	6
0	0
0	0
0	0
0	0
0	33
0	13
0	39
0	27
0	18
0	20
0	23
0	26
0	3
4	0
2044	3991
2	3476
39	1280
4	902
12	192
0	543
3	290
166	3283
2	3237
2	323
4	2329
0	262
0	0
312	130
0	65
29	94
0	263
0	571
21	595
0	244
0	256
2	678
0	39
8	0
198	29
2	29
2	118
2	118
3	107
0	89
0	69
0	71
2	22
0	9
655	536
3	486
0	433
4	266
3	26
5	244
16	0
0	30
5	187
0	0
4	1
0	0
6	4
1	1073
0	1034
0	593
0	1019
0	1059
7	806
0	666
12	14
0	109
102	28
28	402
1	177
536	0
0	175
0	29
1	46
41	155
49	0
301	5099
0	2743
44	1994
0	3062
0	2548
70	2
124	26
0	25
21	1
65	29
0	29
0	0
6	0
0	0
0	0
0	2
0	2
0	0
0	0
0	0
0	0
154	1725
0	176
1	271
14	126
18	305
2	1409
0	483
67	0
20	119
2	0
6	1196
55	1196
0	151
0	274
19	133
0	304
492	160
0	87
3	42
0	33
0	100
208	287
0	211
0	135
15	51
3	2
3	2
3	0
1	0
41	0
1003	1154
2	19
0	78
73	0
0	16
80	1
33	1053
0	0
1	374
2	380
0	294
6	1801
266	1829
3	370
5	218
1212	292
2	248
13	44
13018	860
3	810
1	25
0	25
0	21
0	19
0	18
0	16
25	7
0	0
7	365
1	4
0	239
1	315
4	8
0	236
33	3829
34	3829
0	4082
30	387
0	3232
28	170
1	288
15	134
6	343
138	64
0	0
86	153
582	355
16	26
2	329
0	0
461	4389
28	2824
0	2556
12	3084
1	225
1	535
5	0
15	0
0	0
0	0
0	0
201	843
0	625
0	505
0	852
0	480
320	0
487	0
1302	3644
14	3644
2	0
0	0
0	0
0	0
0	0
2	0
45	60
20	48
3	59
1	44
1	1
2	27
0	21
0	25
0	19
0	0
0	0
0	0
0	0
0	0
0	0
0	0
1	191
2	202
8	75
1	53
2	97
3	81
653	110
594	110
0	0
32	3175
1	2992
28	2117
6	1327
0	0
0	72
0	3071
76	606
12	576
0	216
0	1730
13	127
66	451
5	144
28	96
12532	28290
5	23037
3	13691
6	9693
1946	2660
0	773
72	230
53	705
23	0
0	0
0	45
0	1871
14	24
0	26
13	87
11	0
1304	717
2	717
0	0
1	254
70	473
20	276
1	275
0	27
7	71
13	63
6	23
3	104
2	85
2	840
0	164
5	51
0	56
0	170
0	584
47	640
0	566
0	607
0	3
0	29
6	0
14	3
8	4
2	9
18	441
0	453
0	70
4	316
0	3
0	195
18	3
1	0
39	1619
0	1633
17	335
15	337
0	521
0	366
5	459
45	186
17	54
0	0
0	0
0	0
1	1
0	1
0	0
20	14
1	14
0	0
0	0
0	0
0	0
0	0
0	0
0	0
1475	470
0	470
0	0
2	0
0	45
0	45
1	17
0	0
1	0
0	0
0	0
0	0
1	2
0	0
0	0
0	0
0	0
0	0
29	2681
326	1354
64	1984
0	40
42	160
1	49
2	0
79	2300
0	318
92	0
42	191
0	2317
0	2226
79	871
0	1391
46	12
0	0
0	292
23	880
2921	1721
1	1636
1	988
6	227
0	0
67	0
8	0
12	18
0	18
10	3048
0	1275
25	703
0	268
24	2706
2	1
1	1951
1121	1897
234	69
1	382
23	1857
4	459
1	259
100	499
13	498
0	49
0	0
1	196
16	35
3	4
0	4
0	6
18	6
0	0
1	86
0	13
325	838
0	833
0	709
0	736
0	0
1	29
0	0
0	0
10	1105
34	118
6	1124
0	528
0	60
0	0
1	0
80	363
0	354
10	352
1	230
2	11
0	0
1303	731
71	0
20	731
0	0
0	0
1	0
0	36
0	38
1	4
2	0
0	0
0	8
0	6
1	0
650	2
0	0
0	0
0	0
1	0
0	0
41	365
523	3159
16	3103
2	52
0	0
262	4
61	0
190	0
54	0
101	0
47	1246
139	893
1	0
0	0
0	0
0	0
0	0
1	0
0	0
0	0
1	14
12	14
0	1
6	0
8	0
3	0
1	0
5	0
0	0
82	622
0	2827
21	2898
21	2889
7	273
0	84
144	2
0	0
0	0
0	0
0	0
0	0
0	1
2	1
0	1
0	0
0	0
0	0
23	794
0	32
0	772
0	99
1	0
0	0
1	230
0	84
0	4
0	238
0	41
0	41
0	0
0	0
0	0
0	0
0	0
1	0
7	201
10	201
0	48
0	0
0	0
0	0
1	0
0	0
215	705
39	510
0	440
34	1524
0	1449
25	1394
0	0
0	89
0	682
23	83
2070	909
4	905
55	0
228	112
46	0
0	38
4	38
3	40
2	33
0	12
0	95
0	208
0	194
0	86
413	2742
53	2742
11	302
7	52
0	0
0	0
0	0
0	0
0	1
0	14
1	14
0	3
0	1
76	161
0	161
3	90
0	13
0	16
0	9
0	315
3	305
1	134
0	46
0	0
379	443
11	35
12	7
1	407
0	0
0	1
0	1
0	1
81	16
3	7
0	14
2	8
0	86
20	86
0	0
0	0
0	0
0	0
0	0
110	1236
31	1235
49	201
1491	764
10	0
0	0
0	13
0	13
0	8
0	0
0	0
10	4786
60	4632
70	4689
0	459
104	0
6505	12538
19	2354
110	7
0	7
23	4158
48	1131
3	5563
2	1012
17	5878
3050	1553
10	634
18	544
0	176
1	863
3	6
0	83
0	0
22	372
101	1062
4	1533
23	1472
2	377
29	264
0	107
2	15
0	0
18	0
7	0
455	1162
0	866
43	467
3	852
16	0
18	114
2	119
1	38
226	1665
5	1406
0	523
2	7
0	8
0	9
0	5
0	0
0	6
0	7
0	8
0	6
0	5
0	0
0	75
0	0
133	126
124	998
14	1119
0	956
3	77
1	129
0	230
0	830
0	603
0	680
0	755
55	88
1	0
8	28
10	216
10	12
777	10463
56	1984
1	3515
4	2027
21	8420
78	1788
22	1989
7	0
215	179
0	33
11	8
7	134
0	17
1	334
2	346
0	198
19	248
0	69
0	9
20	2252
3	1971
58	163
1	2180
1	306
38	271
0	119
1	1795
39	1273
0	48
3	1155
0	479
2	159
278	0
0	0
145	0
0	957
6	257
151	12
8	506
22	168
3	64
0	13
18	52
251	47
0	104
0	141
0	9
7	21
40	15
0	3
0	89
52	654
5	680
0	21
1	400
0	396
0	344
1	61
0	0
0	17
3	0
17	0
24	1139
28	1245
1	171
26	49
0	50
0	10
0	49
0	3
0	9
0	4
0	8
0	6
0	0
0	1
0	0
0	0
0	0
0	0
0	0
0	0
0	0
0	0
0	0
0	0
0	0
0	0
0	0
0	0
0	0
0	0
0	0
0	0
0	0
1	0
2	0
39	5281
4	4895
0	3189
0	2796
0	1471
74	591
157	0
0	1002
25	206
0	817
0	1321
2	12
4	162
0	36
0	1
1	162
260	201
2	201
0	24
8	20
46	38
0	0
1279	1356
0	1352
19	0
31	37
0	6
2	42
2	6
54	1
234	818
94	787
9	377
1	282
0	708
3	276
0	202
0	344
88	49
224	0
10	387
22	459
4	107
0	160
2	0
0	163
1	66
211	3911
29	707
7	38
0	3286
3	1484
2	2848
0	2848
11	91
34	0
0	1183
0	1183
65	828
0	0
9	105
0	142
0	2
339	12921
44	10332
28	12419
349	0
8	792
40	778
218	2
0	0
0	0
144	403
4	174
0	0
0	35
1	0
0	87
2	119
1	92
2	68
26	0
1	18
122	559
2	380
1	233
9	53
5	0
2	247
0	45
0	248
0	0
0	0
36	2745
320	92
27	215
0	707
0	2414
0	847
0	1175
20	42
6	342
254	300
8	285
59	193
3	42
11	169
0	26
0	17
1	34
6	74
13	53
2	9
3	0
50	5119
155	5035
0	4550
0	4490
22	4871
38	4696
0	5058
11	862
0	1204
0	1
15	670
0	384
0	1528
2	603
324	2341
34	1379
0	760
4	605
1062	104
1	104
0	1165
12	884
8	955
0	1130
0	401
0	800
41	276
0	157
2	117
0	69
2	32
0	31
8	302
13	0
0	216
0	96
0	67
0	39
1	39
1	179
0	79
0	1
56	0
0	1
0	1
0	527
96	527
20	164
0	0
0	0
0	0
21	0
0	0
0	0
0	0
2	0
0	32
25	76
2	26
0	55
0	7
1	33
6	13
0	26
0	587
0	592
33	0
0	32
1	588
133	6
0	0
16	6
40	17
40	12
13	0
144	12
122	10
69	8
34	0
22	217
0	672
138	724
0	692
28	29
0	21
0	10
183	238
0	82
0	35
4	102
3	108
0	23
0	0
30	271
188	366
10	34
25	0
0	220
0	47
7	23
0	1469
0	10
0	12
0	9
0	7
1	0
1	14
0	0
0	13
0	10
0	1
3	1
2	0
6	512
11	542
201	38
3	0
0	14
32	14
2	0
0	0
27	446
99	2943
152	0
36	0
0	122
165	122
1	2497
3	47
1	0
0	0
0	0
0	0
0	0
0	0
0	0
0	0
2	0
44	1040
1	0
2	963
4	1040
13	731
0	309
132	253
1	269
2	277
4	173
9	20
0	0
0	0
6	0
1241	226
13	27
5	0
0	133
0	75
0	3799
7	3917
0	2750
0	3796
1	1209
0	131
1	2956
5	912
0	3070
100	830
0	316
17	32
0	1599
0	1537
0	0
79	1
46	0
0	0
11	1233
0	1193
16	620
0	235
23	127
7	42
0	120
0	124
0	49
1	2029
0	2167
0	1743
0	1788
15	1836
0	1559
8	1207
11	1215
0	1417
8	395
1	1060
257	1105
0	935
0	703
0	1070
190	917
0	733
0	705
0	301
0	120
3	597
0	476
19	95
2	13
582	115
1	45
8	4
3	6
0	47
2	12
47	0
150	0
442	457
1	43
74	8
2	38
0	417
4	6
0	53
2	13
2	53
0	1
0	4
18	0
1656	518
0	66
1	200
0	0
1	129
1	190
2	93
1	78
744	299
0	3
2	289
1	10
0	0
3	0
118	129
8	61
0	70
0	82
0	24
19	23
7	49
7	49
38	420
6	265
6	379
0	69
0	108
0	56
1	72
6	178
3	72
0	159
6	66
179	539
1	450
7	294
1	42
0	628
3	630
3	620
25	539
7	186
0	64
0	7
0	168
34	72
1	8
0	1
0	0
0	1
0	0
0	0
139	390
2	405
0	355
0	52
0	0
0	20
0	5
3	6
8	0
0	167
1	129
7	0
0	84
2	65
6	29
180	29
409	1159
39	1053
5	849
0	807
0	322
3	6494
7	6584
15	3665
17	609
39	1
21	0
73	4
3	1997
1	286
1	1931
39	23
1	1645
158	1285
4	671
17	544
3	170
0	28
129	1
7	2
0	0
0	2
782	2257
0	2227
45	0
27	1578
1	2258
4	410
20	579
0	1100
0	183
0	1335
3	337
16	603
2	842
197	98
0	0
14	98
30	175
2	50
8	174
199	71
0	42
0	26
0	44
6	0
357	9996
1	1907
2	3266
23	0
0	8062
2	497
57	313
0	19
0	458
0	29
5	55
4	40
1104	716
9	259
0	121
1	459
0	203
2	5
182	746
70	0
5	284
3	262
5	445
18	4
1	243
0	254
13	42
5	13
9	136
0	64
737	3478
24	2310
0	459
0	1
37	2006
0	0
0	214
0	0
0	0
0	84
0	84
0	0
0	0
0	1
2	20
0	0
105	26
0	23
0	10
17	2809
1	46
0	369
72	0
0	120
1	2687
0	20
0	20
0	0
0	1378
0	2310
0	2270
2	2238
0	2249
2	1861
0	1727
2	368
20	204
13	50
6	45
7	44
23	845
17	315
2	119
0	0
0	0
0	0
52	751
0	700
0	120
0	53
40	16
0	433
0	176
0	125
0	10
0	4
18	0
17	4
0	0
594	65032
28	63061
0	4058
0	1
0	1
597	151
0	50
1	58
3	41
0	0
662	61
2	59
0	0
2742	349
0	0
22	297
5	90
0	1
0	0
0	10
0	0
14	3
0	3
0	0
0	0
0	0
0	0
0	0
0	0
0	0
0	0
0	0
0	0
0	1
0	0
0	0
0	0
0	0
0	0
0	0
0	0
0	0
0	0
0	0
0	0
0	0
0	0
0	0
0	0
0	0
0	0
79	96
0	0
0	0
0	0
0	0
1	0
0	96
0	96
0	5
0	0
50	613
0	536
0	608
0	70
0	123
0	9
1	9
0	77
0	8
0	29
75	32
4	0
16	54
221	72
0	28
20	3
0	0
6	0
0	0
0	3
0	2
0	0
0	0
0	0
0	0
0	0
0	0
0	0
1	2
1	27
0	26
0	1
4	12
3	0
4	0
153	0
0	0
0	0
0	0
0	0
15	178
0	173
0	5
0	123
0	133
1	133
21	117
0	0
3	0
1	12
0	0
5	339
1	326
4	33
9	2
0	76
8	90
0	27
0	25
9	9
233	5513
0	230
23	5305
126	407
30	49
22	407
19	312
0	0
0	0
6	0
24	1078
0	803
149	742
18	1485
0	46
0	217
0	100
0	36
32	77
0	83
45	406
0	61
137	0
24	237
5	56
6	117
430	38
0	38
0	1706
142	0
0	0
0	0
0	0
414	748
11	591
4	506
3	145
8	859
8	703
4	189
1	115
0	461
0	540
6	30
303	1512
0	1421
0	1421
1	450
3	1
53	1
27	114
0	0
0	58
86	134
0	10
0	27
7	59
0	15
13	49
0	14
4787	1277
8	0
24	1067
3	188
24	210
4	0
2	200
0	22
2	21
0	190
0	42
0	92
7	0
0	0
0	0
0	0
1	0
0	0
0	0
528	6198
79	5381
42	1559
5	4
0	1562
3	8
0	8
14	2
1	0
37	1312
471	1264
1	192
1	27
171	0
58	0
0	149
41	1500
0	1225
8	56
38	498
1	233
10	350
9	811
2	323
1	796
0	791
3	385
2	233
0	7
30	0
169	303
1	176
0	90
0	157
3	128
0	88
0	586
41	586
0	110
7	0
8	138
169	25
1	13
0	15
1	1240
1	305
0	239
0	1223
4	108
11	106
7	212
7	55
0	1
19	112
0	89
0	1
0	293
6	2281
1	159
28	0
39	2261
47	0
1463	980
2	980
42	765
2	290
1	174
0	377
0	377
13	305
477	375
0	196
0	2
0	0
0	0
0	0
0	0
0	2
5	2
0	0
0	0
1	0
46	60
0	0
1	0
0	60
5	0
0	27
2	0
0	37
0	7
0	0
70	577
4	540
0	552
2	352
23	347
0	320
4	56
0	15
32	0
15	55
6	10
28	20
0	0
6	0
8	0
0	0
2	0
7	0
2	0
6	0
15	26
0	0
10	0
5	0
15	0
0	0
6	0
27	0
63	0
23	0
81	0
10	8
0	23
0	3
0	30
13	0
9	0
5	0
37	0
14	0
24	0
33	0
9	0
0	0
0	0
0	0
0	0
0	0
2	62
0	0
0	0
4	52
0	1
0	0
0	0
450	28
0	7
0	21
322	103
0	103
4	3
12	8
0	8
6	89
191	158
12	0
3	0
1	23
0	39
0	46
0	162
1	366
0	377
7	366
0	61
2	90
7	28
2	5046
0	5015
0	5118
160	4911
1	4892
0	4296
0	4926
0	4998
0	4965
0	4895
6	812
7	137
3	3135
25	1
2	533
0	68
2	438
6	901
34	4
1	178
0	100
238	0
3	340
1	324
30	162
0	332
0	192
4	217
61	2
18	0
0	0
0	3388
0	3315
0	3343
1	414
0	2667
0	2632
0	2450
0	3006
0	3084
4	1185
0	2528
0	3005
0	3217
0	3164
4	90
30	1216
2	342
0	197
0	400
42	1876
2	360
0	428
50	44
0	275
0	268
10	348
0	432
0	332
122	304
0	187
1	143
0	0
0	0
0	0
0	2
2	0
56	2377
7	2377
1	112
66	0
2	0
0	0
0	0
0	0
0	172
211	910
30	299
3	171
20	81
2	519
4	91
0	101
0	95
0	34
0	41
0	41
3	21
1	13
0	14
5	0
233	9046
367	8886
116	1654
125	1234
168	0
0	323
0	311
1	276
0	3
15	17
3	65
4	0
237	1579
12	1281
0	1156
65	2
340	5
1	0
0	0
0	0
0	0
1	0
0	0
0	0
6	0
49	294
0	253
0	257
0	216
0	210
13	51
2	80
3	27
11	57
8275	0
9254	0
14	3
0	3
0	0
26	0
2	815
10	1063
1	53
11	1076
5	673
11	790
4	435
76	518
52	372
0	238
2	386
3	59
0	412
1	79
5	355
3	58
4	290
9	691
0	484
2	630
1	307
3	88
1	161
0	2
17	0
4	35
7	188
17	19
0	61
1	2
10	0
0	0
389	0
17	47
0	47
0	2
12	16
0	22
7	166
0	173
0	172
0	169
15	174
0	0
3	5
3	16
599	273
1	78
0	217
0	14
1	84
19	590
27	46
0	458
0	122
8	154
4145	1687
146	21
540	273
0	0
0	1712
4	62
22	0
0	0
0	0
0	0
0	0
0	0
0	0
0	0
35	279
0	26
0	19
1	39
31	22
0	69
0	41
5	193
7	63
688	0
0	0
90	1011
3	857
8	0
0	78
15	159
0	125
2	58
7	48
3	23
16	15
11	0
0	0
26	17
2	17
0	0
9	373
3	379
0	4
12	5
3	35
0	46
91	191
0	0
0	0
0	0
5	816
0	0
0	607
163	2518
2	2518
0	2
6	668
42	58
1	444
11	176
229	415
2	191
0	80
0	0
0	220
0	32
0	0
0	2
0	0
0	0
0	2
0	2
0	2
0	0
0	0
102	3278
26	71
1	2677
12	362
5	948
1	423
16	137
2	3
0	3
0	7
5	7
0	0
0	0
0	4
2	0
0	0
735	1601
2	1599
0	0
2	1645
2183	1718
147	160
4	161
0	89
0	55
0	55
2	50
0	10
0	2
0	0
0	0
0	0
0	0
2	358
0	325
0	316
3	43
0	345
0	333
0	19
0	0
59	158
40	0
0	4
1	9
0	6
0	9
0	8
0	4
2	1189
23	1144
55	876
0	1180
5	162
1	1076
0	1038
32	835
0	2
27	1
0	115
0	0
0	0
10	108
0	0
12	4
13	238
129	550
1	335
8	0
5	533
0	463
33	152
0	2
11	318
2	195
4	104
0	58
0	98
2	42
2	235
8	90
0	44
1	208
13	670
0	674
3	59
34	4
196	176
0	106
0	53
0	30
2	0
0	51
0	51
8	1
5	18
1	0
0	2275
0	3775
0	3852
2	1788
0	2483
384	4053
4	4153
0	1941
92	2504
0	2574
0	279
1	0
4	634
99	0
35	1073
0	0
191	160
457	0
2	0
0	0
0	0
0	0
0	0
0	0
0	9
0	11
0	1
1	0
0	3
0	0
0	1
0	0
0	2
0	0
0	2
0	0
0	0
180	173
0	54
10	82
0	87
4	9
0	64
0	9
0	2
0	57
65	1362
3	624
322	1346
17	231
7	843
16	677
1	709
0	709
1	68
16	518
3	451
3	352
0	361
11	341
0	61
279	1107
0	823
14	536
0	427
0	261
0	0
8	197
0	0
0	0
0	7
0	7
0	5
0	1
562	773
1	401
10	311
0	384
8	28
21	229
0	226
5	31
3435	260
41	243
197283	104585
0	23671
10	0
4	0
13	9
0	429
4	429
0	0
0	0
0	0
2	0
2	255
0	200
3	245
32	171
0	0
0	0
0	0
121	41
0	41
2	2933
4	2890
3	2765
18	2570
3	1467
2	564
1	189
10	206
0	29
6	540
0	0
15	152
0	294
2	499
1	298
125	923
43	186
2	106
0	120
0	0
270	59
0	12
14	51
1	13
319	63
3	14
22	49
0	10
1	0
35	4134
0	3423
15	3954
0	3645
1	3557
0	2015
0	2015
30	13
0	31
0	0
40	156
0	0
0	12
0	0
25	230
48	230
26	0
9	0
4	130
717	132
78	7382
0	3236
0	6214
0	6545
0	7093
0	6616
90	4904
0	3428
0	4208
59	3955
14	1081
5	2190
1	955
0	2956
38	2300
0	0
0	0
0	0
2	11
0	0
0	9
0	6
0	0
0	0
0	0
0	11
0	3
0	3
0	0
0	3
0	3
0	3
0	0
0	0
0	0
0	0
0	0
6	112
7	91
0	34
1	60
0	25
2	45
76	172
10	631
4	710
2	138
0	251
2	611
3	41
0	176
5	219
0	102
0	163
1	194
1	53
1	9
0	10
0	6
151	2
4	9
0	1052
13	216
0	248
84	1181
1	88
17	780
1	611
1	3
9	40
3	90
0	127
13	24
0	9
5	33
3	41
0	4
3	4
16	707
5	687
5	382
4	255
1	24
10	197
0	0
0	25
0	112
2	112
11	91
1	92
12	1057
38	1010
308	1336
3	43
0	314
11	224
0	5
0	8
0	0
0	35
98	150
0	63
5	116
1179	217
1	165
1	110
1	48
0	52
18	18
1	0
2	4
0	5
3	10
43	77
0	35
1	70
0	2
0	6
1	4
0	4
0	1
4	18
3	17
1	0
1	4
0	8
0	8
0	6
12	28
7	26
0	0
0	1
0	0
0	0
1317	0
1	0
0	0
38	0
1	0
0	15
0	16
0	3
0	26
0	0
0	0
0	0
0	0
0	0
0	0
0	0
178	4137
0	4150
0	2677
5	2670
0	20
8	729
22	739
0	718
0	723
0	62
2	149
33	732
640	310
0	285
1	34
2	22
31	897
0	837
12	124
9	622
0	182
963	990
34	242
0	891
0	0
0	0
0	0
12	502
0	497
10	305
8	417
0	409
12	242
4	57
722	570
1	91
91	64
0	492
0	69
11	119
34	259
19	907
2	903
8	766
0	807
26	24
5	235
3	19
15	14
522	107
3	107
0	79
83	0
0	0
0	0
0	0
0	0
5	17
0	83
15	79
0	95
19	91
90	606
15	606
6	562
1	534
17	427
70	499
1	79
2	2
9	18
8	37
0	37
13	58
0	21
0	23
0	24
0	23
0	21
1	98
0	13
0	0
0	88
0	96
0	80
17	97
0	70
1	43
0	21
0	3
0	11
0	8
0	11
0	11
0	3
0	1
0	1
1	1
15	0
0	0
8	0
14	168
0	0
0	0
0	0
471	102
2	80
1	40
3	68
2	90
3	89
3	44
1	0
0	0
0	0
0	0
191	1646
34	1601
5	263
9	1374
0	0
0	0
0	29
124	4
27	0
0	44
0	32
2	285
151	280
0	0
104	147
0	144
2	69
0	47
1	31
0	17
0	0
319	1228
206	1155
12	688
5	674
3	380
0	137
1	12
0	332
0	332
4	281
0	281
0	254
0	11
0	75
0	68
0	23
0	22
0	20
0	15
12	3
0	3
136	422
0	422
0	41
71	3154
4	2930
11	3061
95	514
0	525
0	6
0	280
22	6
8	1845
2	279
1	0
2	211
0	1766
2	187
0	0
12	246
5	176
0	283
21	84
41	399
0	197
129	640
2	203
0	180
0	533
0	31
15	329
0	628
41	650
2	308
0	325
2	116
4	61
0	0
112	349
0	249
2	26
0	72
2	17
6	49
2	17
0	31
16	46
0	15
12	109
6	110
1	17
0	0
0	3
0	3
0	20
0	0
5	384
1	384
0	21
0	21
12	18
3	0
63	11
1	11
0	0
1	601
15	588
3	11
0	33
0	31
0	0
0	0
0	0
0	0
0	529
47	529
13	11
2	23
30	2860
24	376
0	2857
0	101
8	26
7	112
2	1079
22	19
0	0
0	269
0	213
325	2248
7	97
63	2151
235	671
61	673
9	1
0	117
3	29
6	10
41	280
2	275
56	31
46	193
0	0
5	0
0	0
1	0
0	678
14	750
5	255
23	0
0	0
2	24
0	0
0	1
26	0
3	15
0	0
0	0
1	0
1	65
195	0
10	274
10	283
0	203
0	136
1	54
0	0
2	361
0	383
7	383
0	278
11	8
0	51
0	33
2923	665
12	41
0	0
0	624
1	0
0	0
277	147
3	147
0	0
0	0
0	0
4	0
469	459
0	230
4	457
0	838
31	850
2	59
5	1
15	178
1	4
38	384
0	181
36	309
2	211
4	67
6	0
4	15
33	56
0	11
0	30
0	18
4	18
0	666
1	569
16	609
10	199
21	150
17	647
1	0
0	87
0	0
6	89
0	0
1	0
2	59
1464	607
0	607
57	152
14	137
0	15
0	0
0	0
128	1456
1	16
0	302
0	0
0	0
1	0
1	0
3	323
0	0
0	0
1	1280
0	0
1	37
2240	48
0	6
0	198
1	126
78	514
119	414
3	479
22	17
0	63
0	62
3	62
0	51
0	59
0	6
0	0
16	0
0	4
0	0
28	5
1	0
0	5
0	0
15	28
1740	1199
156	315
0	1188
48	85
1	8
50	8
2187	2934
4	182
10	127
258	3095
29	181
0	304
11	85
0	0
671	368
0	69
0	368
0	5
23	0
110	223
28668	97318
0	1630
1	61733
59	49703
61	38564
156	6850
1	23972
85	17071
119	10263
62	286
2	286
0	121
0	26
0	67
0	58
0	43
347	1483
31	1476
0	656
0	595
20	19
14	0
56	999
0	0
8	83
4	212
0	155
0	0
0	0
0	0
0	0
0	0
0	0
0	2
0	2
6	470
7	467
4	450
21	12
0	0
0	0
0	0
0	0
0	0
0	0
0	0
0	0
0	895
48	929
8	925
16	9
0	123
26	431
4	356
0	213
29	0
0	3
0	3
0	3
3	473
12	601
48	536
0	141
1	0
2	414
6	364
0	335
13	174
3	184
3	196
0	76
0	62
1	50
28	60
5	41
0	49
1	30
3	12
19	1
1	13
0	0
0	3
0	3
0	3
1	0
0	1
0	0
21	0
0	0
3668	8
0	13
0	0
731	120
0	147
34	74
11	6
222	10865
21	9943
0	2058
1	182
0	0
0	548
0	532
0	548
0	548
10	71
0	528
0	528
20	16
0	50
808	672
299	9
2	11
0	79
4	37
27	661
297	520
1	60
7	309
0	268
13	0
42	1
0	2
0	3
19	2
4	0
1165	284
18	284
4	109
0	0
0	0
0	0
19	493
4	427
4	36
0	102
0	427
0	414
13	402
0	191
0	297
1	47
0	15
10	31
3	218
0	119
4	1
0	10
1	41
0	0
2	15
0	6
5	7
0	5
0	2
0	1
1467	447
7	14
9	257
30	188
44	66
0	0
0	0
0	0
0	0
0	0
4146	0
0	0
94	0
471	1683
0	1633
13	10
2	84
21	37
17	53
0	0
29	383
9	635
2	357
4	53
75	0
10	0
16	2
0	2
0	623
0	41
47	664
2786	656
2	18
2	18
0	656
0	0
0	0
0	0
0	0
31	0
0	0
52	11
0	11
2	1
115	386
12	45
0	5240
0	5176
0	5094
38	5055
0	0
0	4779
33	18
7	2204
17	0
9	150
32	50
67	610
0	324
41	1200
0	1753
0	1805
27	885
1	233
0	0
0	0
0	0
0	0
0	0
0	0
0	0
0	0
0	0
0	0
0	0
0	0
0	0
219	2052
0	72
7	2052
0	328
0	5
20	653
1403	7324
4	867
77	2016
4	5928
3	181
1	1501
113	456
1	2460
36	724
5	622
69	535
935	849
21	840
0	382
89	9
14	9
15	1036
6	70
0	576
5	789
28	951
11	38
5	375
729	0
0	0
4	544
1	462
5	534
5	406
6	177
0	175
69	457
881	2313
1	2317
4	2314
4	494
89	0
163	157
1	78
58	81
29	443
2	415
2	89
0	12
1	10
0	9
54	207
50	1797
1	193
5	1798
1	93
2	87
0	0
2	64
0	226
1	254
41	0
0	0
0	0
0	0
0	0
0	0
3	0
0	0
0	0
0	0
0	0
0	0
0	0
0	0
0	0
0	0
0	0
0	0
0	0
0	0
0	0
0	0
0	0
0	0
0	0
0	0
0	0
0	0
0	0
0	0
0	0
2	1
0	1
19	0
4	0
22	0
38	2744
0	2696
24	1986
1	537
0	404
0	427
0	172
9	9
39	1712
11	1633
1	407
30	1869
6	126
43	0
91	4
440	2
28	1264
33	18
197	8
8	8
0	0
0	0
0	0
0	0
0	0
0	0
0	0
0	0
0	0
0	0
0	0
0	0
0	0
5	148
0	0
0	0
0	0
0	0
0	0
0	0
0	0
300	1706
2	1706
1	189
0	0
1596	12493
15	38
6	12422
14	12492
36	320
0	0
0	0
23	4758
51	16
0	16
90	813
11	719
0	863
30	731
53	601
2	613
0	403
6	391
0	71
0	67
1204	144
0	140
1158	62
117	1703
8	1489
2	1498
0	0
0	331
12	408
0	0
0	0
18	1
0	1
0	0
25	0
1	0
0	0
589	0
0	0
0	0
37	26
0	26
0	0
1	4
0	0
2	0
0	0
0	0
46	2802
274	2760
2	68
21	118
5	393
3	0
21	179
2	1095
0	1195
3	103
117	3
1	74
1	2594
247	82
0	234
1	2238
15	53
23	2041
47	72
5	30
211	17
10	148
1	137
0	323
454	360
0	0
0	0
266	360
10	0
0	297
0	0
0	0
1087	630
0	450
1	51
72	417
0	0
0	173
0	124
1	191
14	201
0	85
1	12
0	0
106	61
1	2
0	6
0	1
1	1
0	0
1	1
1	56
0	36
0	36
0	45
0	13
1	35
849	348
0	339
15	14
1	64
0	33
40	0
0	8
732	2752
20	2537
5	2530
0	776
0	130
0	68
457	439
0	0
0	0
0	0
22	0
0	0
0	0
0	0
241	167
1	49
6	118
4	82
0	78
3	46
40	2
0	0
0	0
0	0
2	0
9	1
0	4
3	4
4	7
0	0
1	7
0	0
0	0
0	0
1	0
0	0
94	145
0	145
2	0
0	0
5	0
3	0
1534	8721
50	7894
73	5379
0	4119
21	1473
0	3772
1	2054
32	2139
0	1472
17	490
5	0
1	0
0	0
6	0
0	0
5	6
3	14
0	0
3	860
0	885
3	869
0	764
0	854
1	80
0	849
0	731
0	46
125	9
52	0
115	700
0	1
0	0
0	1
0	126
2	128
24	80
0	27
0	20
0	0
1	0
0	53
0	0
7	318
0	0
1	0
1	0
0	0
0	0
2	0
14	734
12	109
3	626
0	0
0	0
0	2
0	1
1	2
0	2
0	2
1	2
0	2
2	0
0	0
0	0
0	0
0	1
0	0
0	0
0	0
0	1
0	0
0	1702
4	2256
4	2024
0	1807
4	413
7	83
65	1011
0	261
0	178
0	63
0	0
0	0
0	2
391	221
0	51
0	170
0	0
0	0
0	0
0	0
0	0
0	0
0	0
0	0
0	0
0	4
0	4
0	4
0	3
0	0
0	2
0	0
3	0
2	51
0	94
25	115
22	46
4	0
21	0
39	1591
0	0
1	410
0	1594
3	34
37	19
3	12
7	549
0	0
0	0
0	443
0	337
34	0
30	0
12	0
3	165
0	0
1	0
0	0
0	0
1	14
0	429
2	84
0	137
0	429
0	0
0	24
0	0
0	0
0	17
0	9
1	6
0	10
0	0
11	0
0	43
0	28
2	35
1	0
10	181
5	177
1	49
0	12
0	32
0	29
8	5
11	0
57	16
1	13
1	5
27	81
1116	2242
342	758
6	221
5	262
253	1350
12	14
6	10
0	1744
22	1829
6	1775
0	0
0	0
5	1
42	0
36	616
2	30
16	30
8	502
0	0
0	0
10	2
0	2
1	1
7	1724
6	1694
21	995
1	91
0	3
0	11
1	41
0	35
70	63
2	19
3	0
0	0
0	0
25	5
13	2
11	2
0	2
0	5
0	0
3	1
0	1
0	0
0	0
0	4
0	4
0	4
0	4
0	2
0	0
38	565
2	123
0	152
34	435
0	412
0	150
1	70
0	0
0	0
0	0
0	0
0	0
0	0
0	0
0	0
0	0
4	0
0	0
0	0
0	0
0	0
3	1
4	0
42	0
803	127
12	112
0	0
199	0
1	42
5	52
23	52
68	34
6314	248
2	246
671	2105
0	2116
0	811
0	593
66	288
19	1558
10	1219
34	1493
15	197
0	141
53	900
0	721
44	0
8	29
2	29
0	0
0	0
0	0
0	0
0	0
0	0
0	0
0	0
17	11
0	11
3	0
0	0
0	0
260	0
0	0
514	243
1	122
2	52
69	125
0	122
0	122
0	0
0	0
0	0
0	0
0	0
0	0
0	0
0	0
3	2082
11350	7376
0	1295
61	698
215	0
74	2692
83	2201
15	152
18	237
0	0
0	0
2162	576
1	403
1	40
0	142
28	0
5	109
0	351
0	382
0	322
0	302
0	319
0	340
0	289
1	281
6	282
0	132
1	135
18	0
31	0
0	128
0	134
0	133
0	0
0	0
0	0
0	0
0	0
3	0
2	992
17	692
7	1139
212	1883
34	525
0	2016
0	495
0	952
8	1032
4	590
74	0
7	0
3	0
0	24
3	103
0	0
0	0
0	0
0	0
1106	0
7	981
32	1067
1	308
3	274
2	230
6	0
2778	794
25	786
3	0
118	0
0	0
7	2
2	2
419	48
0	36
0	15
0	60
1	59
0	60
5	60
0	0
1	0
0	0
0	9
0	710
7	710
1	10
0	39
1	92
0	0
0	0
0	0
0	0
0	0
0	0
0	1
0	29
0	0
0	0
0	0
1878	102
160	102
0	1
0	1
0	0
4	12
0	0
0	0
0	0
0	0
0	0
0	0
0	0
0	0
0	0
0	0
0	0
0	0
0	0
0	0
0	0
0	0
1	0
158	11
12	11
0	0
0	0
3	0
0	0
0	0
0	0
56	402
0	352
62	212
5	0
4	2
0	0
0	697
54	697
3	81
3	13
1	169
0	99
0	73
0	0
0	0
8143	0
228	0
0	0
1	0
2	46
200	27
0	0
0	6
0	21
689	274
18	243
17	213
315	38
35	38
17	74
2	24
2	555
4	72
0	590
12	8
2	1277
0	568
0	0
0	0
8	412
0	0
0	0
1	3
1	3
0	0
1	0
0	0
83	0
41	1230
0	79
1	348
0	350
101	414
0	36
2	2
0	772
0	873
0	941
14	978
1	143
0	494
0	0
3	494
0	61
3	395
0	104
0	40
0	0
0	5
0	5
0	0
0	0
0	0
0	0
0	0
0	0
0	0
0	0
0	0
0	0
0	0
0	0
317	2529
6	1454
51	1520
1	1641
85	2086
15	61
2	41
16	1696
110	1697
76	1717
0	288
60	36
125	1
0	45
294	3
2	47
0	0
0	0
0	0
270	553
1	564
0	19
0	249
3	18
15	128
0	0
0	0
0	0
0	0
0	0
1	0
0	301
9	202
4354	740
5	383
12	381
3	661
0	0
2	0
0	0
0	0
0	0
0	0
0	0
0	0
0	0
1317	2094
4	2085
0	2
7	20
1	38
53	27
1	39
354	1318
115	1318
5	40
1	37
1	34
0	3
100	620
0	620
27	486
0	399
4	8
138	8
0	0
2	0
0	0
0	0
0	0
0	0
0	1
4	0
64	1121
11	241
18	29
2	38
37	77
0	13
83	6
1	1
0	315
2	385
0	1096
0	51
10	101
0	55
0	112
0	135
0	0
37	0
0	6
0	433
0	0
0	0
0	930
0	930
1	930
5	171
85	197
9	568
13	56
22	0
1	0
0	0
0	0
0	0
0	0
0	0
0	0
0	0
3	31
0	31
1	0
12	8
0	4
0	0
8	0
0	0
339	8777
602	44
1	1032
16	280
12	8468
1	3
0	0
1	0
0	3
0	3
0	9
11	9
0	3
0	0
710	332
29	108
0	234
0	6880
31	1900
11	442
2	223
2	675
7	164
4	177
5	1179
50	6780
0	223
0	0
0	0
1055	2853
7	276
0	2716
7	1778
0	2480
0	262
13	95
0	847
3734	2977
423	1298
0	320
1	2515
0	1060
7	1334
5	23
0	0
0	0
0	227
1	230
0	86
0	264
0	253
0	140
0	254
0	189
2	0
0	0
1	0
0	0
0	1
0	0
68	0
0	231
0	220
0	0
0	107
0	232
0	243
16	11
0	224
0	243
0	0
0	9
0	65
0	5
0	97
0	0
0	0
27	0
44	0
0	0
0	0
0	0
0	0
0	0
0	0
0	0
0	13
0	2839
0	2838
0	2903
43	755
2	1845
1	155
0	0
27	0
20	336
0	342
0	424
5	366
0	28
0	0
15	0
27	108
0	27
0	13
0	0
1	5
0	0
0	0
0	0
6	72
2	70
25	2
170	514
145	464
40	40
0	114
0	1
0	1
1	0
0	0
0	0
0	0
0	1
0	0
0	0
0	0
0	0
0	0
0	0
0	0
0	0
0	0
22	0
11	0
0	0
0	0
2	3392
457	3749
0	968
0	529
0	70
38	23
0	0
35	0
47	584
9	443
0	434
0	519
1	183
0	291
2	60
8	10
496	1458
3	383
30	798
0	686
0	165
0	922
0	32
5	80
0	5
14	41
22	41
1	38
0	1
577	968
8	940
0	913
8	322
1	250
4	155
0	0
0	0
0	0
0	0
0	0
0	0
0	0
90	1035
74	493
38	933
2	4
50	33
38	13
16	3
0	3
0	2
0	0
0	0
0	0
0	0
0	0
2	0
0	0
0	1957
0	2115
0	2044
0	2004
1	1956
1	2204
0	550
0	1283
0	1734
10	123
44	1258
0	0
24	660
0	0
3	12
8	12
18	0
44	145
0	0
13	9
0	7
0	0
7	2
0	0
0	0
1	0
5	692
4	329
144	793
1	781
0	0
0	0
0	0
0	0
2970	339
55	23
26	312
0	78
207	0
0	0
1	0
0	0
0	0
0	0
0	0
0	0
0	1
0	1
0	0
0	0
69	0
0	3
0	0
0	0
0	21
5	21
125	421
5	37
0	343
16	341
13	221
0	84
14	34
15	31
0	6
15	0
5	0
0	0
0	0
0	0
0	0
0	0
0	0
0	0
0	0
0	0
0	0
0	0
0	0
0	0
225	0
0	1
0	1
300	0
199	0
40	1184
0	1147
6	1024
1	656
49	228
1	0
351	694
0	694
0	118
11	1
902	1505
0	1499
17	1
4	0
0	0
0	6
1	7
0	6
0	3
0	3
0	0
0	0
0	248
42	2701
1237	3967
0	3014
57	70
0	364
92	0
109	0
0	9
0	0
0	75
0	113
0	235
118	0
75	9
0	177
2	540
4	0
0	0
0	0
0	0
0	0
521	806
6	673
0	126
11	115
0	0
22	133
0	79
9	0
0	394
0	361
4	407
0	411
3	407
0	177
0	62
2	72
2	10
0	11
0	0
0	71
90	71
0	1
0	1
0	1
0	0
0	0
0	0
0	0
0	0
0	0
0	1089
15	572
0	6825
5	7878
230	6199
1	3256
50	771
4	331
2	1211
9	21
0	21
0	2
3	0
0	27
0	437
0	0
0	440
0	209
0	0
1	404
0	423
0	320
2	67
0	50
0	50
16	275
173	6821
3	6821
592	788
0	786
4	778
4	0
2	8
0	16
1	43
0	87
0	89
0	87
1	1
0	0
0	11
0	5
0	7
0	0
0	420
1	249
0	15
3	408
0	22
0	2944
29	3189
0	950
0	1
13	2547
48	0
9	60
31	1423
152	16
3	162
59	700
118	415
0	93
11	239
3	237
18	19
39	83
1460	86
3	0
5	36
53	341
41	8803
13	8774
147	120
16	128
0	1132
18	3152
11	3498
2	46
22	290
11	973
0	369
17	8645
0	1154
0	1141
0	101
6	8287
104	0
158	1
4	336
0	680
1	404
3	0
0	212
8	98
4	98
2	121
8	212
1	0
0	0
0	0
2	4
1	4
0	4
0	4
0	0
30	1007
1	174
0	1037
105	126
0	596
0	92
1	726
0	751
7	554
14	495
2	17
0	520
0	519
0	496
0	472
0	461
0	529
33	35
0	125
54	157
0	0
0	0
0	0
0	0
28	0
3800	468
0	311
2	325
0	190
0	0
0	0
0	0
0	364
0	278
4	57
1	337
0	244
0	50
0	94
2	15
0	47
0	0
30	30
0	7
9	1588
692	1577
4	272
0	570
0	290
18	100
82	311
0	0
0	0
20	469
0	274
1	458
231	572
1	552
0	393
11	0
0	73
69	77
0	41
0	0
0	0
0	0
4	8
1	0
0	1
0	1
0	6
1	1
1	0
0	2
0	0
0	0
0	0
0	0
0	0
0	0
0	0
0	0
4	122
0	121
0	59
0	70
1	17
3	2
0	0
0	6
0	0
0	0
1	0
0	0
1	0
0	3
0	3
0	12
0	97
0	0
0	0
0	0
2	98
0	98
0	1
0	10
0	0
0	8
0	5
236	2267
8	2283
22	676
0	826
4	512
0	413
3	0
0	2
0	0
0	1
0	1
0	0
0	0
0	0
0	0
26	0
153	1
80	171
3	218
2	11
113	53
0	57
0	0
18	111
0	0
352	0
92	1
25	88
162	0
8	170
3	197
0	162
4	79
13	10
46	119
5	29
0	4
0	17
3	21
0	22
0	3
0	2
0	2
1	3
0	13
0	10
0	6
0	2
0	7
52	0
8	0
2	3
0	0
5	1
2	0
0	1
5	1
948	2136
97	773
249	563
6	63
343	2
219	252
5	421
0	904
1	553
2	596
117	5
1	463
0	353
1372	12
0	12
0	0
0	1
0	0
0	1
0	0
0	1
0	0
0	0
0	0
0	1
0	1
0	0
0	1
0	1
0	0
1	0
0	0
0	1
0	0
0	0
0	0
0	0
0	0
0	0
0	0
429	3
3	3
0	0
0	0
0	0
7	0
0	0
0	0
0	373
61	3041
7	2460
0	1069
0	664
0	650
0	232
0	489
2	959
81	1205
0	0
102	2
0	0
0	0
2188	2891
305	1797
77	2123
35	2623
62	2268
0	1054
26	524
0	76
0	0
31	0
0	0
0	419
6	11
0	0
16	0
1	0
0	0
0	0
1	0
281	579
0	487
61	229
13	91
0	0
0	0
53	438
1	544
549	1338
39	495
2	528
0	338
533	409
1	409
2	0
0	0
9	407
28	91
0	256
3	348
36	0
22	35
27	0
0	0
0	0
0	0
0	0
913	478
52	476
4	192
0	259
0	346
0	0
4	6735
8	1200
27	276
4	590
117	6960
0	6878
16	7
2	0
2	6318
29	23
0	5826
1	3220
0	0
0	0
0	0
0	453
101	466
1	254
2	637
5	8
74	46
1	144
0	22
0	21
0	22
26	21
4	15
0	20
0	11
1	22
21	20
0	18
1	16
5	39
0	0
0	0
0	0
140	29
614	92
1	16
0	12
0	34
21	141
4	148
0	45
0	113
0	32
5	31
22	306
0	306
0	63
0	44
0	9
24	10
1	10
0	7
0	0
0	0
0	0
0	0
44	57
28	93
3	3
0	30
0	59
31	212
0	628
0	638
22	646
4	621
0	631
80	23
0	39
1	2515
1	2540
3	957
0	393
10	1488
26	493
0	0
11	1
101	364
0	330
27	377
0	0
0	0
0	0
92	0
0	0
5811	237
1	213
0	0
0	0
1	4
0	0
0	0
0	3
0	0
1	12
3	12
12	13
16	26
1	26
2	11
3	5
1575	40
4	38
0	0
0	0
0	0
0	0
1172	703
24	695
25	83
0	83
0	86
0	89
0	76
1	19
0	0
0	9
0	55
0	9
0	0
1641	84
3	82
0	0
0	0
0	0
12	230
6	254
0	0
92	140
166	571
0	1991
68	1946
1	411
3	1637
7	75
73	136
101	93
0	70
5	39
0	14
0	75
0	0
0	4
0	5
0	1
0	0
0	0
1	0
0	0
0	0
0	299
2	299
2	119
0	112
5	89
1	7
0	0
294	2
1706	3117
33	3117
0	3214
26	2631
0	0
0	55
24	221
0	32
0	218
0	23
0	2
2	0
3032	1253
10	1203
21	1092
6	4
43	330
0	36
0	48
359	582
3	309
0	0
0	156
187	156
7	1
0	2276
126	2750
0	1834
0	1728
496	69
0	1199
0	1635
0	1667
0	37
2	1395
1	1530
264	9
126	2643
1	19
0	20
0	15
9	0
0	0
606	657
0	605
0	651
0	646
1	36
1	67
23	273
21	33
0	0
17	223
25	160
43	219
1	30
0	0
24	90
0	0
1	0
3173	135
140	129
13	0
0	0
3544	1437
29	1437
31	0
1	0
0	0
384	1121
0	1068
2	774
0	1053
0	188
26	79
4	136
0	39
3	61
1	69
0	55
0	12
0	17
0	16
178	0
14	4796
60	5058
1	942
41	1823
0	2079
18	398
0	713
255	820
2	0
2	0
0	0
228	293
1	151
3	0
2	0
5	142
0	0
0	0
0	0
28	470
0	110
0	397
5	70
0	37
2	16
0	0
0	88
397	668
91	535
3	372
6	301
15	2
0	24
1505	436
109	434
91	34
1	12
1	80
16	0
258	478
3	352
4	28
0	122
0	0
0	0
47	18
1	0
0	16
7	0
3	0
40	3
4	0
0	0
6	0
94	1
201	183
8	78
9	0
19	8
0	4
34	26
16	14
6	101
2183	351
37	347
0	63
10	41
0	0
1	0
0	0
139	449
30	313
67	86
8	505
15	454
2	134
14	10
5	0
2	0
0	0
0	0
0	0
0	0
0	0
0	0
0	0
0	0
0	0
9	38
1	31
3	11
0	5
0	0
0	1089
0	7401
0	7266
4008	9881
0	3021
0	4177
0	216
0	29
268	1814
163	2971
4858	3057
0	0
0	0
0	0
0	0
0	0
0	0
0	0
0	0
0	0
0	0
0	0
0	0
0	0
0	0
0	0
0	0
4	0
0	0
0	0
1	0
0	0
0	0
0	0
0	0
0	0
0	0
0	0
0	0
0	0
1	1
0	1
0	0
3	0
0	0
0	0
0	0
0	0
1	0
1	0
0	0
0	0
1	0
0	0
0	0
0	0
0	0
0	0
0	0
0	0
0	2
0	2
0	0
0	0
0	0
1	0
0	0
0	0
0	0
0	0
0	0
0	0
0	0
0	0
0	0
0	0
0	0
0	0
0	0
0	0
0	0
0	0
0	0
0	0
0	0
0	0
0	0
0	0
0	0
0	0
0	0
0	0
0	0
0	0
0	41
11	41
0	0
0	0
0	0
0	0
0	0
0	0
0	0
0	0
43	20
0	0
0	0
0	0
1297	564
0	212
0	206
0	146
113	65
3	65
0	0
0	0
0	0
0	0
0	0
0	0
0	0
0	0
0	0
0	0
0	0
0	0
0	0
0	0
0	0
0	0
0	0
0	0
0	0
4478	0
7	0
0	0
0	0
0	0
0	0
0	0
0	0
20	533
0	455
8	369
0	203
96	272
64	272
943	633
275	133
3	508
2	71
16	64
0	44
0	0
2	133
4	95
19	101
0	25
0	1
0	7
0	4
0	4
0	4
0	4
0	4
0	4
1	6
0	0
1	0
0	52
0	53
0	53
0	0
0	0
0	115
0	195
37	1355
0	1290
102	1099
1	978
4	104
96	976
0	121
1	5
1	30
140	498
4	498
8	56
0	0
16	0
5	0
3	0
0	0
0	0
0	0
0	0
0	0
0	0
0	0
0	0
0	0
0	0
0	0
0	0
0	0
0	0
2134	254
6	254
488	2119
5	2158
146	1892
0	1450
3	191
98	331
4	0
2	1
0	0
0	0
0	0
0	0
0	0
0	0
0	0
0	0
0	0
0	0
0	0
0	0
0	0
0	0
0	0
0	0
0	0
0	0
0	0
0	0
0	0
0	0
0	0
0	0
0	0
0	0
0	0
0	0
0	0
0	0
0	0
0	0
0	0
0	0
0	0
0	0
0	0
0	0
0	0
0	0
0	0
0	0
0	0
0	0
0	0
0	0
0	0
0	0
0	0
0	0
0	0
0	0
0	0
0	0
0	0
0	0
0	0
0	0
2	0
2442	2887
0	2576
28	78
61	775
20	0
242	1569
2	125
89	1015
1	139
0	0
0	0
0	0
14	746
0	679
5	570
0	40
0	0
0	0
21	17
0	3
0	0
0	0
0	0
0	0
0	0
0	0
0	0
0	11
48	56
4	0
22	0
13	0
21	0
16	0
18	0
0	0
12	0
7	0
5	0
8	0
3	0
0	0
1	0
1	0
3	0
0	0
1	0
2	0
0	0
0	14
0	0
0	0
2	0
5	294
0	0
0	0
0	0
0	3
2	13
0	28
0	9
3	54
0	543
2	113
1	0
1	3322
602	3932
11	315
0	128
3	431
10	106
3	413
0	137
2	1039
5	913
0	936
1	110
17	799
50	33
7	19
93	225
0	114
1	152
0	126
6	267
0	186
14	137
0	0
0	0
0	0
266	0
0	0
77	0
6056	138
0	0
1	130
0	7
61	3
0	3
15	0
183	66
8	310
633	254
9	0
1055	261
61	261
482	92
1	92
28	152
3	67
4	64
0	16
0	136
0	24
0	11
1	53
0	42
1	20
0	14
0	20
15	236
2	33
6	233
0	0
0	773
1	770
2	157
0	111
10	27
0	0
0	0
15	1149
25	1149
0	20
5	90
131	64
24	0
0	0
0	0
1	0
1	0
1	1116
2	840
258	13
0	920
91	1109
0	14
1	977
0	37
37	857
4	686
0	0
0	113
0	134
0	95
1	67
0	575
0	625
11	659
0	590
0	385
2	53
0	8
5	139
0	134
0	137
0	20
0	45
0	9
10	79
1	179
158	228
1	35
4	5
0	1467
1	222
4	0
139	831
12	47
0	829
5	211
4	9
1	10
3	206
0	1
1	25
5	0
212	204
0	545
16	631
0	526
0	432
0	0
0	0
0	0
0	398
0	1344
0	1293
0	1344
4	1325
22	24
0	24
1	10
33	114
3	356
3	63
0	356
19	0
0	1144
0	8
0	8
43	1144
9	237
45	195
0	260
0	0
134	42
4	42
1	51
0	135
1	83
1	56
1	87
28	177
52	263
26	263
0	19
1	0
0	0
15	4
4	0
0	4
4	0
7	1
5	86
0	7
2	12
0	81
11	0
5	2
1	1
1	76
43	4
0	7
1	5
18	5
0	0
12	0
39	113
18	113
0	0
0	0
136	3336
101	3456
30	3420
1	3023
47	2527
0	1284
1	1760
25	1813
11	1755
0	1845
3	1423
5	803
17	158
283	2178
473	2151
124	1370
6	1905
1	1113
0	7
0	1
50	3
0	3
0	1
0	1590
218	8627
6	8626
0	8625
6	1067
1	0
0	0
0	0
0	0
0	0
0	0
0	0
0	0
0	0
0	0
0	0
0	0
16	15
317	458
0	17
6	437
1	48
1	0
73	266
6	222
0	45
27	0
0	0
19	40
1	1
0	0
0	1
0	0
0	0
0	0
26	2398
75	2427
0	2570
90	2512
4	0
1055	156
0	0
22	131
0	131
9	62
2	55
0	3
2	1
0	19
10	12
0	1
0	1
0	1
0	0
0	1
0	0
0	0
8	0
0	0
0	0
0	811
0	862
14	814
60	5
1	761
1	212
2	332
0	170
4	2
0	81
2	159
9	73
0	146
0	145
0	19
8	0
234	1344
39	318
0	1249
57	1156
0	1085
40	886
0	143
8	260
3	103
2	98
0	0
3148	2800
15	1312
2	7
0	7
0	0
17	0
0	0
0	0
0	0
0	0
0	0
0	0
0	0
0	0
0	0
2	0
0	0
0	0
0	0
0	0
0	0
0	0
1	0
1	0
7	0
0	0
918	288
3	165
7	288
97	4573
6	4327
0	4653
0	4939
946	2011
7	6396
0	6703
0	6444
317	1851
1	703
103	35
0	1135
1318	2417
1	2196
200	4174
82	2
1	3144
3	1
0	4173
0	632
124	40
15	850
135	0
0	41
0	175
0	897
9	211
0	144
0	0
30	0
587	2661
0	748
14	2404
0	180
36	0
0	942
532	448
0	0
8	2
18	2
5	2
0	0
0	0
1	15
1	15
2	0
0	0
10	3
3	3
2	0
0	0
0	0
42	6
0	64
2	12
17	13
0	9
110	18
0	5
5	0
7	0
111	50
7	0
84	0
0	0
0	0
35	0
131	52
18	50
445	4
95	0
11	621
13	649
19	123
6	44
6	74
1015	674
0	485
37	477
1	86
118	2
0	0
74	809
2	809
80	490
15	365
28	167
0	167
72	897
106	971
11	833
20	822
0	0
274	370
0	12
0	0
17	0
21	1
16	618
0	21
209	0
1132	401
0	398
0	395
0	400
0	0
7	2
57	201
27	208
0	7
0	0
0	0
621	9
10	9
626	258
1	258
0	153
0	0
0	0
0	0
1117	653
1	616
5	35
81	1
0	0
190	0
202	3
0	0
13	0
10309	2779
4	1138
207	1312
66	1197
0	345
0	0
6	619
349	648
0	63
0	69
4	69
1	0
1	0
0	0
0	0
0	0
11	5
0	194
2	7
9	7
2	0
0	2
0	33
29	10
1	5
4	3
0	32
0	32
0	0
0	186
35	29
0	0
16	0
0	0
399	0
0	0
9	0
0	0
0	0
0	1
0	1
0	1
0	0
0	0
0	0
0	0
2	17
48	354
0	68
17	133
2	1
0	56
7	0
0	5
10	0
0	0
0	0
3	161
0	117
0	175
2	0
109	203
0	68
0	54
0	60
0	26
0	80
1	0
55	353
1436	353
0	0
0	299
0	289
0	275
0	285
0	0
1	9
46	1
0	4
365	50
0	41
7	37
0	3
2	1
3	243
5	221
0	108
0	38
1	0
1	18
1570	816
0	0
8	816
0	0
878	31
0	31
4	11
0	0
2490	169
0	62
1	144
10	0
0	767
30	767
3	18
1	112
0	15
1	19
0	0
50	46
1	42
1	16
0	10
1	5
30	0
2729	685
13	76
9	619
0	2
0	3
0	0
0	0
0	1
0	2
0	0
0	1
0	0
0	0
52	24
5	24
7	113
36	141
1	28
0	0
0	0
2022	0
0	0
1	0
0	0
2	0
0	0
4	235
221	238
0	42
2	0
1	79
0	84
0	89
0	109
0	0
0	0
0	0
0	1
0	1
0	0
4	36
0	29
0	29
0	29
7	33
0	28
0	0
0	29
17	63
0	57
0	40
1	38
0	0
0	12
9	4
0	0
0	0
0	0
53	130
0	87
6	129
0	68
0	38
96	40
3711	1239
15	895
10	156
27	343
21	2334
2	2334
0	79
1	11
6	0
3048	79
3	79
87	1925
46	1893
11	1153
1	1046
0	317
20	86
1	31
0	18
134	1
10	0
3	1
0	1
0	0
0	0
0	0
0	0
0	0
0	0
0	3
0	3
0	3
0	3
0	3
0	3
0	0
0	0
0	0
0	0
0	0
0	0
0	0
0	0
0	0
0	0
0	0
0	0
0	0
0	0
0	0
0	0
0	0
0	0
0	0
0	0
0	0
0	0
0	0
0	0
0	0
0	0
0	0
0	0
0	0
0	0
0	0
0	0
0	0
0	0
0	0
0	0
0	0
0	0
0	0
0	0
0	0
0	0
0	0
0	0
9	166
892	39
8	27
3	8
0	0
393	276
1	31
1	126
143	9
1	24
1	26
0	0
56	52
633	79
0	27
4	340
130	360
8	392
1	109
1635	199
12	146
33	109
0	18
4	1
0	0
0	0
0	0
0	0
0	0
0	0
0	0
0	0
0	0
0	0
0	0
0	0
0	0
0	0
0	0
0	0
0	0
0	0
0	0
0	0
0	0
0	0
0	0
2	10
0	0
0	0
0	0
0	0
0	0
0	0
0	0
0	0
0	0
0	0
0	0
0	0
0	0
0	0
0	0
0	0
0	0
0	0
0	0
0	0
0	0
0	0
0	0
0	0
0	0
0	0
0	0
0	0
0	0
0	0
0	0
0	0
0	0
0	0
0	0
0	0
0	0
0	0
0	0
0	0
0	0
0	86
0	0
0	19
100	924
1	111
0	187
0	860
0	108
0	929
1	165
2	10
0	114
15	53
0	0
5	15
17	18
7	26
0	36
0	515
226	505
2	12
2	1
1	0
0	28
49	24
165	34
0	34
1	12
305	176
0	169
2	0
0	0
0	0
1	40
3	7
104	0
0	0
0	0
0	0
613	0
1878	2
0	0
0	0
0	0
0	0
0	0
0	0
0	0
0	0
0	0
0	0
0	0
0	1
0	0
0	0
1	50
0	58
0	0
11	0
0	9
3	24
0	0
24	251
30	1689
8	1689
0	0
0	0
0	0
0	0
1	0
13	4
0	4
18	756
12	487
0	511
0	714
7	99
2	50
14	109
6	95
26	2
1	0
69	105
0	57
0	2
1	0
0	0
0	0
0	0
0	0
0	0
0	0
0	0
0	0
0	0
0	0
0	0
0	0
0	0
4	4
2	18
10	18
7	7
1	13
0	0
0	0
0	0
2	0
0	0
0	0
3	0
1081	0
0	0
0	0
0	0
8	191
65	1834
4	89
1	104
5	109
1	70
0	101
62	566
1	1651
7	27
0	124
2	137
127	1
11	10
54	18
204	82
94	61
2	0
5	21
0	0
0	0
0	0
0	0
0	0
0	0
0	0
0	0
0	0
0	0
1	0
0	0
1	1
0	0
2	771
0	803
183	929
1	359
0	51
2	94
188	19
55	26
148	13
0	13
0	0
0	0
1	140
23	15
0	31
0	89
25	0
0	110
0	0
5	0
7	9
0	0
0	0
0	0
0	0
0	0
0	0
0	0
0	0
0	0
0	0
0	0
0	0
0	0
0	0
220	643
14	578
140	573
0	1
0	0
0	0
0	0
0	0
0	0
0	0
0	0
0	0
0	0
0	0
0	0
0	0
0	0
0	0
0	0
0	0
0	0
0	15
0	0
0	0
0	0
0	0
0	0
0	0
0	0
0	0
0	0
0	0
0	0
6	6
0	0
0	0
0	0
0	0
0	0
0	0
0	0
0	0
0	0
0	0
0	0
0	0
0	0
0	0
0	0
0	0
54	487
0	2
1	2
3463	2757
4	992
2	1532
0	1536
2	711
2	2690
0	815
36	1327
7	161
0	0
0	0
2	0
3	0
0	0
199	240
0	188
0	160
0	90
3	76
12	96
5	22
0	21
36	19
0	24
7	4
2	1
0	0
0	1
0	0
0	0
4	18
0	0
0	0
0	0
3650	6960
56	6845
237	1127
2	5045
141	5705
1	3323
3	4301
0	7174
179	3102
0	1369
4	1562
25	2169
0	1818
2	1611
2	2518
0	3
2	3
0	0
0	0
1	0
0	0
14	0
0	26
2196	0
21	26
0	0
0	0
53	0
1	0
0	0
0	0
0	0
0	0
0	0
0	0
0	0
0	0
0	0
0	0
0	0
0	0
0	0
0	0
1	0
0	0
0	0
2	4
0	4
1	0
0	0
2	0
0	0
0	0
0	0
0	26
11	27
0	0
0	0
1	1
0	1
19	1
0	0
0	0
0	0
0	0
0	0
0	0
130	59
0	0
0	0
0	0
0	0
0	0
0	0
0	0
0	7
0	7
27	0
0	0
457	59
0	0
0	0
6	0
0	0
0	0
0	0
0	0
0	0
452	0
21	0
0	0
0	0
0	0
0	0
1	6
0	6
0	0
7	5
0	5
0	0
0	0
0	0
135	10
0	0
0	0
0	2
0	2
112	12
0	0
0	0
0	5
5	5
4	0
0	0
3	0
3	0
0	0
0	0
0	0
0	0
0	0
0	0
0	0
0	0
0	0
0	1
0	1
30	9
8	9
0	0
0	0
0	0
0	0
0	0
3	0
0	0
0	0
0	0
0	0
0	0
0	0
0	0
0	0
0	0
0	0
0	0
22	0
0	0
2	0
0	0
12	1
4	0
9	0
0	0
0	0
0	0
0	0
0	0
0	0
0	0
0	0
0	0
0	0
0	0
0	0
0	0
0	0
27	0
0	0
0	0
0	0
180	368748
0	505
0	0
4	0
0	0
5	0
0	0
0	0
0	0
15	1
0	0
0	0
0	0
0	6
5	6
0	0
0	0
0	0
280	0
0	0
16	0
0	0
12	0
0	7
96	0
17	7
0	0
12	0
0	0
0	0
0	0
0	0
0	0
0	0
0	0
0	0
0	0
0	0
0	0
0	0
0	0
0	0
0	0
0	0
0	0
3	0
0	0
74	0
0	0
0	0
0	4
0	19
12	19
0	0
0	29
8	29
0	0
0	0
0	6
50	0
0	0
19	0
0	0
0	0
0	0
23	0
0	0
15	4
0	164
102	164
0	0
3	0
46	6
0	0
0	0
0	0
21	0
0	0
0	0
5	1
2	1
0	0
0	39
41	40
0	0
0	0
0	0
0	0
2	0
0	0
0	4
0	4
0	0
0	0
2	13
0	13
0	0
2	0
4	0
0	0
17	0
9	0
5	0
0	0
0	0
0	0
0	0
0	0
0	0
0	0
0	0
3514	0
619	291
0	271
84	18
878	1135
6	62
30	20
3	0
17	1047
2	0
7	26
0	0
0	0
0	0
0	0
0	0
10	40
21	586
1	586
0	53
0	179
0	0
0	0
0	2
0	2
0	2
0	0
0	0
0	0
248	2288
0	185
3	2209
294	0
0	2234
2	0
0	0
0	0
2	0
0	0
0	0
0	0
5	0
1	10
0	8
0	8
1087	6570
10	5332
1	3552
0	1026
15	169
72	0
0	0
2	0
1	3567
18	3342
0	3185
277	9
0	0
3	0
3104	2123
2	2
3	278
5	2110
1	121
3	236
6	212
13	414
9	2628
0	2636
1	2574
10	79
16	188
13	218
0	820
12	61
0	1442
21	175
0	217
107	650
0	8
10	287
1	24
0	3
0	4
64	317
0	303
0	67
13	0
7	0
449	211
0	211
0	81
3	0
9	4709
3	4127
179	552
31	941
32	4385
10	3812
0	4379
1	3294
25	367
203	0
0	0
144	74
1	2322
0	76
0	1234
11	525
85	1457
1	1353
61	795
140	0
7	77
101	699
1	166
54	50
61	37
2	120
14	10
5	796
67	1573
9	217
3	767
0	0
0	4
0	6
1	62
0	90
5	40
0	0
11	745
0	0
0	0
0	0
0	50
0	50
0	7
8	0
0	2
0	0
0	0
0	0
0	272
99	318
0	60
0	0
0	0
0	0
0	0
466	352
3	172
0	180
10	0
67	596
0	90
265	583
0	454
1	107
0	92
0	21
0	15
0	21
55	1127
0	1184
7	1469
0	844
0	555
0	486
0	348
2	331
0	328
3	476
0	285
0	112
6	162
5	135
37	35
0	39
7	20
464	1645
169	1647
261	668
0	296
1	501
24	23
3	99
887	6926
240	6878
0	804
0	927
3	3182
0	744
118	664
53	780
0	237
77	242
92	0
0	14
0	7
0	13
0	13
0	9
0	13
0	9
0	14
0	13
0	9
31	2755
0	2757
0	813
0	960
25	2934
9	795
1	280
4	45
1	234
0	1577
0	370
1	227
0	228
23	148
0	81
0	47
4	32
289	556
0	547
0	354
65	0
0	37
1	127
2	29
25718	26
1	0
75	130
1	127
17	24
33	21
298	304
0	10
29	0
265	295
7	0
6	0
7	0
0	0
55	0
412	1535
1	1491
0	209
168	134
1	122
1	165
122	0
1	0
30	2193
39	1274
20	1927
19	445
0	0
31	0
0	13
0	13
0	13
0	1
0	0
0	0
1860	1771
0	814
0	914
14	150
134	296
3	544
0	0
0	0
0	0
0	0
0	0
0	0
0	0
1	2
0	0
0	0
0	0
0	0
0	0
0	0
0	0
3	2678
0	0
0	0
1	4
0	0
0	0
0	0
0	0
3	56
0	0
0	119
0	0
0	90
0	90
0	83
0	62
1	0
0	23
0	24
0	25
1	22
0	0
2	0
9	0
6	0
15	0
9	0
17	0
6	0
1	19
2	0
2	0
0	1
0	0
0	0
0	4
0	0
0	0
0	0
0	0
0	0
0	0
0	0
0	0
0	0
0	0
0	0
0	0
0	0
0	1
2	1
0	0
0	0
0	0
0	0
0	0
0	0
0	0
0	0
0	2
0	0
0	25
0	1
0	31
0	21
0	25
9	31
0	3
0	31
8	0
2	0
5	0
4	0
2	0
2	0
4	0
10	0
0	0
0	0
0	0
0	0
0	0
0	0
0	0
0	0
0	0
0	0
0	0
33	276
1	253
35	114
2	3
17	0
49	9
0	28
1	20
594	191
2	99
0	90
0	0
0	0
1	0
0	17
127	65
4	6
0	0
0	59
0	0
0	0
13	78
0	291
0	291
12	8
0	179
185	628
1	457
1	99
0	0
2391	2563
12	403
0	2159
11	15
0	0
1	0
0	0
0	0
1	0
0	0
2	6
0	6
1	0
0	0
0	0
0	0
0	0
18	9
0	0
0	9
0	4
7	1
0	0
0	0
0	0
1	1
0	0
43	248
21	248
2	11
0	23
101	194
0	188
2	1
0	0
3	13
0	264
0	485
0	393
1	399
19	427
0	160
0	224
28	194
3	160
1	108
11	94
22	1925
2	1756
1	514
27	192
0	119
8	1651
12	533
0	302
2	1599
0	579
3	119
1	36
8	725
15	4
20	27
2	546
9	156
654	250
22	250
26	39
11	39
0	0
21	6
5	118
0	118
0	56
0	103
0	11
2	15
5	6
1	0
2	0
0	0
7	91
69	659
13	35
0	31
0	26
1	12
6	3
4	3
0	573
7	427
1407	291
8	291
0	1165
21	1010
57	1094
30	615
0	419
2	247
1	181
1	50
37	16
90	305
0	228
0	271
0	0
3	14
0	290
92	949
3	981
55	981
1	152
0	60
1	258
10	35
5	210
11	134
0	35
0	15
0	0
3	6
1	6
14	4378
0	4172
5	477
0	0
0	0
0	0
0	3900
0	3975
0	258
23	3901
16	123
4	289
11	146
37	135
12	164
0	5
0	0
0	6
0	5
0	0
0	1
80	127
0	112
0	22
0	3
0	11
4	2
2	16
10	0
2	7317
6	430
0	158
0	6592
0	3485
1	165
0	203
0	176
69	268
1	0
0	32
0	30
0	210
0	82
0	131
2569	2266
276	2248
1	867
1	0
0	126
295	0
510	0
1	1
2	1
0	0
102	361
14	340
43	160
0	183
2	163
1	11
68	9
5	48
578	10077
0	10076
0	3210
0	3114
1	4286
0	3463
90	292
0	304
0	303
2	145
0	185
1	1090
0	547
1	132
1	0
8	2
8	6
0	0
0	0
0	0
0	0
1	0
0	0
0	0
0	0
0	0
0	0
0	0
0	0
0	0
0	0
0	0
0	0
0	0
0	0
0	0
0	0
0	1
0	2
7	2
0	0
0	0
1265	974
38	826
3	149
2	150
1	0
24	770
12	753
22	150
5	576
0	589
55	1
4	144
39	93
0	216
14	152
940	176
0	75
3	113
18	53
0	0
0	0
0	3
0	0
3	191
0	73
1	0
0	493
1	0
146	4107
172	1134
0	74
0	1923
29	1924
0	2766
31	2724
1	4012
107	0
1	95
6	2396
6	2575
7	178
0	319
10	47
78	0
19	66
0	114
106	81
1	329
13	27
7	691
0	672
0	692
0	693
0	661
0	0
0	658
0	652
0	676
0	654
0	684
0	686
0	709
1	3
0	0
0	55
11	112
0	53
0	17
0	0
0	0
0	0
30	124
7	130
0	130
0	130
0	29
1382	1254
2	0
48	1296
25	1178
3	698
52	0
0	0
15	392
140	257
5	148
0	0
0	0
1	3
0	0
0	0
0	0
1	0
0	0
30	1353
0	1353
1	926
4	546
0	0
0	0
0	0
0	1
0	6
1	5
0	0
0	0
495	135
3	21
1	134
4	58
1	29
0	30
0	2
0	4
32	4
39	768
117	809
0	0
0	41
0	0
0	0
189	133
0	50
1	0
19	6
1	64
0	12
5	38
0	66
34	94
0	96
4	58
0	34
2	29
1	11
14	14
0	2
1022	4305
177	0
7	3817
1	3888
6	859
1	600
0	230
1	36
0	36
0	36
0	0
0	0
31	1216
39	1214
41	0
45	9
35	1
21	0
81	4
2	25
0	12
4	55
11	5
0	0
6	38
0	30
10	110
0	0
0	44
5	24
0	21
6	0
5	0
52	16
8	9
0	0
4	94
247	101
0	46
0	46
1	1
7	15
0	0
0	150
0	0
0	0
6	0
13	90
0	144
2	584
29	93
0	608
0	139
2	49
0	59
4	101
0	0
0	0
0	0
3732	1065
0	535
15	88
1	281
55	138
56	470
0	373
26	85
5	0
2	0
0	0
0	0
6	24
104	96
0	62
2	0
0	17
0	60
0	94
0	94
0	53
0	75
0	0
0	42
0	0
1675	291
18	6
0	28
0	264
0	0
2	0
9	691
0	0
1101	56
42	12
1	59
109	592
0	139
10	512
1	256
0	0
2418	823
0	239
1	298
31	334
10	99
1	166
0	707
22	1764
32	78
0	67
166	186
0	243
11	480
107	1144
0	1451
3	521
0	498
0	224
0	1692
10	369
6	1349
1	157
1	239
388	72
14	62
0	130
0	172
0	88
2	75
2	261
375	159
0	97
23	30
1	113
6	170
14	539
1	123
1	539
7	507
13	2
59	509
8	291
0	44
10	33
2	33
3	16
14	16
1	0
0	0
20	0
1	0
2593	2
0	24
3	83
171	198
1	93
6	131
1	132
1	44
5	8
0	0
3	0
597	0
10736	2413
17	564
9	2056
515	0
829	409
194	435
6	343
4	288
4	34
1	0
1241	115
103	0
20	3
12	114
2	0
30	11180
335	11159
95	9921
30	1646
1	2346
19	3013
25	4590
4	4432
96	3518
110	0
2173	944
6	149
1	309
2	487
2	16
67	0
61	0
16	60
39	0
7	360
18	0
78	22
0	153
4	396
0	89
0	396
124	375
28	0
6	24
10	131
1	179
6	123
1	1228
14855	6007
362	61
9	662
0	674
0	5885
24	791
0	12
0	13
0	13
0	1
0	1
1	2134
0	1816
17	0
6	721
28	0
40	742
1	90
56	0
0	0
48	411
0	0
13	0
18	0
13	0
0	0
2	0
0	0
2	110
6	123
0	106
0	110
0	14
1	0
0	42
0	48
0	11
0	0
13	250
0	213
6	266
21	109
0	0
0	0
0	0
0	0
6	0
0	0
0	0
2	0
12	22
10	123
38	123
2	4
0	0
4	682
0	0
0	0
0	2242
14	2365
5	2532
3	25
0	716
0	379
2	218
0	26
20	138
106	2
33	0
562	373
0	254
0	18
1	123
1	207
9	127
0	43
17	0
0	71
0	6481
110	6107
21	6047
46	6224
2	2090
3	1732
4	1817
29	1352
81	28
1	0
1702	2759
31	361
1	263
210	634
1	450
39	111
20	709
135	1344
4	245
0	45
0	0
5	495
1	193
5	21
0	31
4	476
2	99
11	185
0	0
49	0
1	34
0	0
0	35
0	2
45	0
0	0
121	4223
0	3954
0	3319
4	2784
0	2554
0	456
1	404
128	0
3443	3257
0	1409
2	1729
17	246
19	327
0	0
3	0
0	152
1	7
0	159
13	1
1	43
0	0
0	0
0	0
0	0
0	0
44	466
0	454
2	106
0	158
0	153
1	84
7	0
0	0
0	0
627	226
1	188
4085	3284
3	0
0	965
0	864
159	1378
15	76
1	221
56	777
9	306
7	230
0	104
3	220
2	59
11	0
0	5
0	2
1	2
0	3
0	0
0	3
0	1
2	0
1	0
1	1273
3	19
2	270
0	163
0	369
7	55
0	1271
0	1265
0	239
28	0
27	0
11	0
37	0
0	92
92	616
10	520
142	339
7	165
0	113
0	171
1	97
0	188
0	91
1	150
0	103
1	56
0	17
0	124
0	124
0	126
14	0
1	14
1	32
7	0
0	13
0	13
0	6
1	8
0	6
0	1
1421	382
49	74
0	206
0	60
0	32
0	30
2	73
0	1387
0	64
2	149
0	149
0	1371
0	225
16	489
3	336
100	842
7	39
0	1160
1	26
1	564
0	534
0	396
0	571
6	945
0	310
0	54
4	55
0	55
0	16
2	36
21	0
0	0
0	0
0	0
0	0
0	28
0	22
0	28
2	28
0	0
0	0
0	0
0	0
0	0
5	2
0	1
0	1
0	0
807	1970
0	1966
0	64
0	145
0	127
1	66
0	0
0	56
8	84
4	66
3	0
0	13
85	280
0	280
0	0
0	0
0	0
0	0
0	0
0	0
0	0
0	0
0	0
0	0
0	0
0	0
0	0
0	0
0	0
0	0
0	0
0	0
0	2
0	2
0	2
0	2
0	0
0	0
0	0
0	0
0	0
0	0
0	0
0	0
0	0
0	0
0	0
0	0
0	0
0	0
0	0
0	0
0	0
0	0
0	0
0	0
0	0
0	0
0	0
0	0
0	0
0	0
0	0
0	0
0	0
0	1
0	1
0	1
0	0
0	0
0	0
0	0
0	0
0	0
0	0
0	0
0	0
0	0
0	0
0	0
0	0
0	0
0	0
0	0
0	0
0	0
0	0
0	0
0	0
0	0
0	0
0	0
0	0
0	0
0	0
0	0
0	0
0	0
0	0
0	0
0	0
0	0
0	0
0	0
0	0
1	5
0	0
0	0
0	0
0	0
0	0
0	0
0	0
1	0
0	1
0	1
183	519
238	444
2	210
0	166
101	97
142	0
3	9
0	11
1	11
0	0
1	0
0	0
0	0
0	0
5	289
0	289
0	289
1	289
0	159
12	0
0	0
0	127
1	0
53	3181
59	3144
0	244
1	2882
2	180
0	407
0	0
31	120
2	120
82	1271
0	443
37	1468
0	1016
0	26
0	1
0	895
0	0
0	0
0	94
10	189
7	135
4	46
10	0
0	0
1	2
0	0
1	87
40	882
3	409
1	880
0	22
1	63
0	17
3	49
6	0
0	37
0	34
9	3
0	0
561	242
25	39
0	89
2	87
0	206
0	0
0	3
14	51
0	0
0	0
20	1748
91	1739
0	0
0	23
4	0
0	40
1	110
5	33
1	669
27	0
0	0
0	0
0	0
0	0
1	23
0	0
0	0
22	0
0	0
524	3
40	3
3028	484
16	221
6	21
10	457
8	52
402	689
42	685
0	7
1	429
2	120
21	15
0	30
0	410
3	29
0	0
0	0
1	0
5128	1338
0	33
45	686
4	205
1	200
7	22
0	0
2	98
38	0
1	0
5	641
8	91
20	49
33	121
0	35
0	34
0	17
0	6
0	3
3	0
6	0
147	79
8	532
103	501
0	24
5	129
13	59
5	22
38	0
0	0
0	0
0	0
0	0
48	736
0	736
21	0
3	0
0	296
3	7
2166	1601
23	999
36	19
134	20
2	1410
14	0
4	59
62	6
17	5
518	332
1	276
11	56
1105	223
0	117
0	38
44	0
0	52
9	24
2	0
0	0
0	0
0	793
2	793
27	793
44	362
0	0
127	567
0	487
1	168
0	1
1	1
58	75
17	0
7	0
2	80
1	57
8	67
2	21
12	37
58	20
0	43
37	0
0	0
89	0
154	0
0	0
0	0
0	0
0	0
0	1882
40	1750
7	2029
1	1272
13	987
1	970
0	1243
2	181
6	88
0	50
0	0
0	0
12	0
0	0
0	0
0	0
0	0
1	197
0	123
0	145
0	10
19	32
7	49
0	6
9	4579
0	4579
157	4639
4	75
0	0
0	427
10	237
7	124
0	0
2	0
0	0
0	0
0	0
2	0
0	0
0	0
0	20
11	369
0	351
0	15
0	0
0	0
0	0
0	0
0	0
0	0
0	0
0	0
111	4186
3	4026
0	769
0	322
41	181
0	0
4	0
17	50
3	11
1	0
1	39
2	0
0	0
0	0
2	0
0	0
575	166
0	62
0	34
1	20
1	55
0	30
0	37
1	34
1	0
1007	3460
1	3460
0	228
0	0
9	1851
3	1871
79	1838
154	0
34	17
187	26
1216	0
2	0
49	2168
137	909
0	2041
0	2114
0	1253
94	186
0	68
11	65
0	67
9	138
104	69
5	2
4	22
0	0
0	0
0	0
2	0
0	0
0	0
0	139
16	11
192	156
0	2
0	147
1	147
0	128
0	101
0	79
10	0
0	0
0	0
0	0
0	0
0	0
0	0
0	0
0	0
0	5132
0	5297
0	205
2	2737
1	2407
0	1709
0	1592
0	1708
0	1669
0	1197
2	1570
0	1715
0	1856
0	1758
8	87
1	798
263	314
5	268
0	97
28	131
15	221
0	72
9	2
0	6
2	59
5	59
8	120
0	152
19	152
281	92
0	64
1	13
141	0
1	48
1	53
12	9
0	0
0	0
492	30
47	0
72	0
0	0
0	0
0	0
0	0
0	0
0	0
0	43
125	1943
0	0
0	0
0	0
0	0
0	0
0	0
2162	260
1	202
5	54
0	0
0	0
154	0
58	0
0	0
0	0
0	0
39	239
0	239
0	189
0	109
3	0
23	0
0	57
130	0
4	0
0	1
2	0
1765	2872
160	499
1	648
18	2468
6	518
0	0
0	0
0	0
1	0
0	0
0	0
1465	1145
0	1032
0	288
49	100
0	67
0	0
0	0
0	0
251	0
278	2
78	0
81	2
1	0
50	0
0	0
0	0
0	0
0	0
0	0
0	0
0	0
2	40
0	206
0	206
6	0
0	0
0	0
0	0
0	0
0	0
0	135
0	0
0	0
58	377
15	26
247	466
0	411
0	40
29	0
0	0
20	0
0	0
6	0
4	0
1	274
0	0
0	0
0	0
0	7
0	41
4	45
7	4
0	40
0	0
0	0
0	0
1	0
0	0
0	0
0	0
0	5
0	8
0	8
0	5
1	2
0	2
0	5
0	0
0	5
0	3
0	0
0	1
3	35
0	28
0	13
49	264
1	782
0	656
233	837
7	17
1	27
12	55
0	150
9	994
2	1023
0	347
146	330
50	0
0	0
0	0
0	0
0	0
0	0
0	0
31	0
0	0
0	0
0	0
22	110
2	110
799	359
0	93
0	276
0	124
2	15
16	6
3	8
6	4443
0	4444
16	1318
34	136
31	362
39	46
0	130
45	286
8	56
2	0
2	1
1	0
0	0
4	31
110	9
4	50
11	0
5	142
0	0
0	0
1	0
0	4
0	4
2660	2555
3	158
6	388
228	2074
2284	590
0	586
22	4474
178	4462
0	173
10	319
4	217
0	141
0	0
0	0
0	0
0	0
0	0
0	0
0	0
0	0
3	59
0	59
15	59
0	0
0	2
0	0
0	0
0	0
0	0
0	0
0	0
0	0
0	0
140	0
0	2
0	2
13	0
3	36
12	28
0	23
4	40
0	0
33	0
6	46
0	46
0	0
2	16
0	0
11	107
5	253
0	183
0	190
1	220
0	38
73	161
1	135
8	123
11	275
0	245
0	10
0	88
0	5
0	0
0	0
0	0
0	0
0	0
22	0
443	780
8	322
7	562
4	173
15	96
0	49
17	77
31	139
62	54
0	0
7	265
15	5
0	13
117	115
4	107
410	275
47	3917
8	232
16	238
3	3921
19	1801
0	3819
328	975
4	2883
205	199
9	787
719	142
0	1361
43	72
44	3
0	3
2	934
2	444
0	825
0	147
0	129
0	85
0	270
0	109
14	384
1	233
0	0
0	0
0	0
0	0
0	0
0	0
0	0
0	0
0	0
0	0
0	0
3	0
1	1427
3	1259
0	1363
0	1371
0	1294
0	1308
0	1291
2	0
14	4
0	44
11	179
17	186
0	85
20	188
2	58
0	126
3	42
0	20
63	831
100	94
1	765
65	194
0	162
46	46
0	0
127	545
0	510
3	346
1	158
10	202
46	193
3	16
431	3619
14	3096
0	1257
0	1702
41	319
2	21
3	163
0	158
1	146
10	62
3	127
0	7
0	33
2	108
0	100
0	12
4	60
1	38
20	0
0	37
0	21
1	15
0	15
15	15
0	0
0	26
0	26
0	11
0	1
0	0
67	514
78	31
0	512
0	240
27	17
0	158
0	154
0	145
1	137
0	145
13	149
2	28
319	1443
6	205
165	1279
3	5
29	27
98	348
25	138
2	44
6	35
20	163
1	182
0	10
0	10
0	9
0	5
0	5
1981	177
5	58
0	0
25	119
45	308
0	33
4	27
1	308
1	2
0	19
0	0
0	8
0	9
0	0
0	0
2262	6
14	0
0	0
708	162
0	146
0	51
0	25
0	0
13	993
2	404
10	71
0	913
0	95
0	0
5	28
15	422
0	0
15	0
4	146
5	73
49	1371
0	1583
1	1471
1	208
0	0
6	142
135	0
0	2
1	4
0	2
0	4
0	1
0	0
22	0
0	0
23	0
2062	189
28	37
4	212
49	0
0	64
0	64
0	65
0	52
0	41
0	2
0	0
2	12
0	1
0	0
0	0
0	0
0	0
0	0
81	0
0	0
0	0
3	7
0	3
0	6
0	0
0	0
0	6
0	0
11	262
3	2
0	262
0	257
0	262
0	902
0	880
1	172
2	40
0	557
0	5
9	790
0	792
0	728
0	199
0	142
0	187
0	24
0	71
8	8
0	102
62	0
1	0
1	0
5	0
0	27
1050	1408
118	2116
4	520
3	520
24	624
93	471
185	443
41	203
1	65
31	26
0	55
2	102
7	71
6	103
15	0
0	0
0	0
1	0
0	202
0	353
35	142
0	353
0	0
0	22
0	0
0	309
49	11
1	11
10	66
53	686
11	686
0	121
0	0
0	235
0	641
6	197
1	0
0	0
2	32
170	54
0	23
42	19
0	18
207	490
93	488
865	139
0	74
2	0
15	67
322	2287
26	3691
0	3932
0	306
52	460
0	500
0	699
27	604
5	605
0	348
171	1300
39	2
23	58
0	58
0	0
0	19
0	19
0	17
0	6
0	6
0	5
0	0
1	42
296	0
0	0
1925	8211
60	8313
0	102
3	19
0	17
0	17
13	0
1	0
33	138
0	76
0	16
5	99
27	87
0	784
8	765
1	709
29	0
2	658
0	20
0	118
0	44
1	15
1	32
0	384
65	315
2	5
0	1
0	3
0	3
0	1
1	2
0	2
0	0
0	0
0	0
0	0
0	0
0	0
1158	202
3	61
0	1
0	64
0	77
311	929
2	690
1	838
0	655
2	794
0	531
0	461
0	10
117	11
354	21
1	0
4	256
42	235
77	0
13	44
1	177
2	0
15	2297
17	1405
0	284
2	97
0	14
1	103
63	2171
15	1720
26	138
0	69
27	126
16	48
0	200
1	0
0	37
0	37
1	14
0	40
0	19
0	32
0	9
0	3
0	4
1	3
2	0
0	0
0	3627
59	3625
23	684
14	368
0	63
4	3401
2	7
62	0
0	130
0	19
0	0
12	116
0	460
18	267
16	0
0	27
18	111
0	256
2	88
4	70
0	23
0	37
0	51
0	51
0	8
0	13
0	0
0	0
0	0
0	0
0	0
0	0
0	0
0	0
0	14
0	0
0	0
0	0
0	0
0	0
0	0
0	0
18	840
9	839
9	840
0	56
3	0
584	110
0	110
0	6
72	72
1	10
0	16
0	9
0	0
11	145
0	145
0	15
36	0
0	0
0	0
0	0
0	0
0	0
0	0
1	2204
6	669
50	2204
392	671
0	0
0	0
0	0
0	0
0	0
0	0
0	0
0	0
0	0
0	0
0	0
4	2672
0	1307
0	0
34	22
3	37
0	174
2	422
0	421
0	386
4	152
0	150
5	126
0	388
0	201
6	58
0	61
0	379
4	375
7	18
2	31
3	55
0	0
0	808
0	13539
33	3
31	721
103	13562
0	967
325	12563
0	3
11	0
84	4969
1	13755
0	5960
1	12428
16	352
18	301
8	144
0	244
2	237
2	115
0	38
6	5
0	45
0	0
1	2
19	38
0	33
0	38
0	0
34	734
6	761
0	120
0	0
152	330
54	330
0	0
0	0
0	0
899	994
4	988
0	61
24	55
0	54
0	0
0	3
0	6
0	9
0	6
0	0
245	2
8	2
0	0
500	33
1	29
1	4
258	1358
0	233
0	1179
0	1179
0	1191
0	1250
2	1174
0	1167
0	1454
0	1382
0	1419
0	1277
40	1408
0	1194
0	1243
0	1249
0	1244
0	1243
0	1254
0	1258
5	1239
0	1263
0	1252
0	1170
18	19
18	0
76	0
0	0
1	153
28	153
30	386
0	302
193	307
32	46
0	129
0	9
0	9
0	0
0	2
0	0
0	0
0	0
0	0
0	9
0	9
0	9
0	2
0	0
0	0
0	0
1430	5782
168	5761
0	2592
115	1550
0	233
4	190
0	197
0	190
0	197
1639	0
0	1807
0	1741
3	0
0	1410
0	1298
0	1069
0	303
0	1018
0	1076
0	619
103	0
3	319
11	318
40	261
0	0
2	0
0	4
0	263
0	213
3	6
16	32
0	220
0	48
0	43
2	36
4	226
15	13
7	6
0	50
93	91
1	2896
2	9037
2	8890
1	9000
0	7693
0	7790
0	193
0	369
0	0
0	0
135	0
0	731
0	429
18	178
388	976
19	457
0	357
0	187
0	1176
1	1268
0	3165
0	70
28	104
1	243
7	184
20	182
0	141
0	0
0	0
0	0
0	0
8	2344
0	2456
51	1952
0	284
4	255
3	212
0	116
2	79
0	47
1	87
97	41
1	13
2	0
0	2043
1700	2921
26	369
9	1758
10	101
0	0
72	336
12	144
20	166
40	490
28	687
41	718
0	110
1	0
460	48
0	0
48	70
1	19
0	0
33	7
0	0
0	0
1	0
1	0
14	8
0	0
0	8
0	5
0	1
1	0
0	0
0	0
63	1317
666	2288
0	1480
0	0
11	965
0	302
5	308
0	60
58	155
1	55
1481	148
11	494
26	494
3	51
0	17
3	0
0	0
53	0
0	1303
0	2357
24	2363
0	2363
0	2363
1	427
19	115
0	4
6	17
0	0
12	368
0	0
268	92
24	128
0	946
0	1026
3	49
0	47
332	993
10	902
19	55
1	3
62	0
8	31
0	28
10	0
18	0
0	0
1	921
0	1027
0	130
13	989
47	171
7	325
0	0
9	0
0	0
423	88
3	17
2	0
4	68
1	3
48	1
0	0
0	1
0	0
0	0
0	72
0	2
35	72
0	5
0	44
0	16
0	13
0	39
0	36
0	29
8	61
0	62
0	65
5	19
0	0
0	0
0	0
0	0
0	0
1	0
0	0
0	0
0	0
0	0
0	0
0	0
0	0
0	0
0	0
0	0
0	0
0	0
0	0
0	0
0	0
0	0
0	0
0	0
22	0
0	0
0	0
0	1
16	6170
2	5775
175	3247
0	504
0	509
0	515
5	509
0	465
0	494
0	429
5	411
0	443
0	29
0	61
0	22
0	50
0	34
9	34
0	34
0	0
0	0
0	0
1	2
0	1
3	3
0	3
22	486
0	0
0	0
0	0
0	3
3	103
51	124
1	82
0	27
0	33
29	75
0	0
0	3
0	3
0	0
0	0
8	0
7	1102
0	1078
0	1133
0	158
0	195
5	7
0	13
11	86
12	18
42	0
0	0
0	0
0	3
0	3
2	1438
1	228
0	0
0	0
0	0
0	214
26	199
0	66
3	4
0	22
0	2
0	2
0	9
1	1
20	0
15	0
147	928
0	928
0	104
0	0
478	2
886	159
2	2
0	159
11	48
0	0
0	0
112	0
0	63
5	64
0	22
2	0
0	1
0	1
0	0
0	0
0	11
0	69
3	77
3	60
0	0
0	0
0	0
0	6
14	285
19	328
0	37
0	284
1	307
0	23
0	34
9	40
0	12
2	4
0	4
0	4
0	4
0	3
0	0
0	0
0	0
0	0
0	0
0	0
0	0
0	0
0	0
0	0
0	0
0	0
0	0
0	0
0	0
0	0
0	0
0	0
0	0
0	0
0	0
0	0
0	0
0	0
0	0
0	0
0	0
0	0
0	0
0	0
0	0
0	0
0	1
0	1
0	1
0	0
0	0
0	0
0	0
0	0
0	0
0	0
0	0
0	0
0	0
0	0
0	0
0	0
13	418
3	424
49	102
0	0
0	0
0	0
0	0
0	1173
0	1123
2	1166
2	1195
0	1199
1	235
2	186
4	25
0	19
0	87
9	87
0	12
1	11
0	4
1	5
0	2
0	1
0	0
2	0
135	0
1234	481
32	4091
117	4090
1	0
11	413
7	602
12	101
0	13
1	468
0	157
0	157
1	1858
125	1988
0	491
3	219
5	120
2	149
0	65
2	446
8	371
131	332
312	1204
1	295
16	971
9	708
1	157
14	247
91	408
732	2686
184	2562
0	369
1	432
44	233
5	1130
0	222
37	0
105	0
0	0
0	0
13	691
1	642
1	704
0	48
0	544
0	0
0	0
1	79
0	3
0	0
0	7
2	14
4	453
109	1328
72	953
2	833
0	1283
0	0
75	574
0	18
2	195
8	194
0	272
0	360
1	320
0	182
0	52
0	43
2	25
0	20
0	28
2	66
2	15
0	50
5	15
0	32
1	7
0	11
0	11
0	1
0	1
0	0
2	383
0	259
10	383
2	222
44	303
0	10680
24	9248
0	10680
10	4196
12	476
5	74
33	156
64	2683
47	2751
25	461
5	105
1	88
2	569
5	1
68	18
2	405
0	312
57	686
5	252
9	617
0	75
0	235
1	4
0	4
0	0
0	0
104	348
3	345
2	74
0	49
3	65
3	68
4	15
1	29
5	27
0	31
0	4
123	143
0	14
0	63
0	123
0	19
33	5
0	5
631	3490
0	2134
4	3142
32	1218
7	129
2	0
150	2099
15	239
0	634
0	443
311	3543
13	3469
7	555
7	927
0	12
95	806
433	972
34	280
2	640
1	441
0	113
0	0
14	100
1	131
9	118
0	42
0	127
0	85
0	7
0	4
8	261
0	779
0	893
0	905
20	214
0	897
3	913
1	82
0	79
0	886
0	874
0	282
0	891
0	0
3	819
4	161
14	730
9	1171
21	1484
101	52
0	1492
0	1494
15	206
0	912
53	1082
0	358
40	997
0	230
0	106
0	26
11	74
0	17
0	55
11	2
4	7
11	154
0	85
0	161
43	0
160	13561
0	13791
112	13608
3	179
38	146
0	0
25	756
51	2102
88	511
3	0
1229	160
4	160
0	210
0	221
28	185
2	209
2	198
0	176
18	177
1	5
2	12
0	44
434	6800
1	5032
0	20349
372	21817
0	20334
10	12521
0	3517
0	5387
15	4008
0	1838
37	1012
1	35
62	64
0	146
507	1071
2	61
0	103
0	162
0	137
1	128
2	121
6	61
3	106
4	213
11	1309
1	124
1497	2015
0	2013
37	820
485	1147
7	330
0	0
0	0
10	331
72	331
0	93
0	23
943	0
11	0
167	35
3	5
0	5
0	5
0	1
0	0
0	0
1	0
0	0
0	0
2	0
2	2
0	0
0	2
0	0
2577	231
2	8
9	223
0	1012
0	1074
4	201
0	725
301	1197
1	955
1	1042
1	16
0	77
1053	727
4	164
8	435
2	404
393	0
5592	5690
0	5676
46	238
0	0
0	0
0	0
8	0
0	0
0	232
252	1727
2	297
16	456
4	16
2	571
16	26
20	271
0	546
1	9
1	59
0	8
2	17
0	14
0	2
0	0
0	2
0	11
0	0
9	60
0	60
2	54
0	0
0	0
0	0
30	0
11	0
1	0
64	166
8	160
0	9
0	211
2	65
0	211
0	0
0	120
0	0
0	0
210	2182
0	1985
0	0
11	376
0	0
0	0
0	0
0	1
0	1
0	0
4	166
7	70
8	165
0	12
0	34
0	45
5	19
0	36
1	30
14	36
0	0
36	378
48	468
1	31
6	108
3	26
1	5
0	90
0	0
0	0
0	0
0	0
538	106
0	106
0	0
0	0
14478	1568
0	0
0	378
0	917
136	531
1	660
0	832
0	0
1	0
0	0
0	0
2	23
0	3
1	0
7	5
0	0
1	0
1	0
0	0
0	1
1	378
0	50
3	46
3	50
5	28
1	97
0	421
36	8
0	43
5	17
26	0
1054	533
5	394
0	368
0	138
9	0
0	0
0	0
0	0
0	0
0	0
0	0
0	0
1	0
165	24
0	24
0	0
710	1102
1	1128
11	549
0	106
40	163
6	153
5	92
0	109
0	19
1	45
0	1
0	0
2	0
10	0
0	0
0	0
7	0
0	44
0	28
0	0
0	0
2	0
14	88
137	117
0	118
0	16
0	5
0	0
16	90
323	73
0	31
22	42
0	5
37	17
0	17
18	0
0	0
31	360
9	360
0	324
6	324
230	116
0	35
0	0
0	9
3	76
166	250
0	216
2	94
0	38
0	35
2	4
9	42
1	0
0	0
0	5
10	0
0	0
0	6
0	10
1	27
0	17
3	21
0	2
20	361
0	23
33	320
0	203
0	21
4	110
2	83
1	61
36	27
19	1
21	7003
114	7641
0	2926
7	2044
18	3
4	1
0	0
0	0
1	2
0	0
0	0
0	0
0	0
0	0
0	1
4	18
42	41
0	23
0	0
2	0
3	0
1	2
0	0
0	2
0	2
0	1
0	0
9	140
0	0
0	0
0	0
0	0
2747	1168
82	557
0	543
22	1217
4	3
0	0
0	0
0	0
1	6
0	6
0	3
0	4
0	12
0	4
0	16
0	0
12	60
0	56
0	23
0	3
1	0
3	0
14	6
6	0
0	6
0	0
0	12
5	28
3	28
0	10
0	10
0	0
0	0
0	2
0	0
15	0
0	2
0	2
0	0
0	0
0	0
0	0
27	0
0	0
44	0
0	0
0	6
1	6
0	2
0	0
0	0
0	0
0	0
0	0
180	0
0	0
0	0
0	0
2282	0
0	0
24	7
39	4
0	9
20	16
0	12
0	4
2	0
0	0
19	8
0	4
0	8
12	1
0	4
0	0
0	0
0	4
0	1
9	17
1	13
1	2
0	2
0	2
0	2
0	0
1	1
15	18
0	16
0	4
0	8
1	0
33	114
2	113
0	5
0	8
2	231
0	233
9	41
3	14
12	2
0	1
0	1
0	1
0	1
0	0
0	0
0	0
0	0
0	0
1	0
0	0
1136	937
0	695
0	478
0	226
16	0
0	0
2	0
1	0
0	0
0	4
0	10
0	8
0	0
0	2
1	2
10	15
0	17
0	17
1	0
0	2
5	0
0	0
0	0
1	0
4	0
0	0
0	0
0	0
0	0
7	0
7	5
0	4
0	5
0	5
0	0
0	0
3	0
7	0
2	0
0	0
0	0
0	0
0	8
0	8
0	0
0	0
0	0
0	0
0	1
0	1
0	1
0	0
0	0
0	0
0	0
0	0
0	0
0	0
0	0
0	0
0	0
0	0
0	0
0	0
0	0
0	0
0	1
0	1
0	0
0	0
0	0
0	1
0	1
0	1
0	0
0	0
1	5
0	5
0	0
0	0
0	0
0	0
0	0
0	0
0	0
0	0
0	0
0	0
0	0
0	0
0	0
0	0
0	0
0	0
0	0
0	0
0	0
0	0
0	0
0	0
0	0
0	0
0	0
0	0
0	0
0	0
0	0
0	0
0	0
0	0
0	0
0	0
0	0
28	13
2	13
0	26
0	0
76	127
3	56
0	95
0	88
1	64
0	57
0	3
6	6
1398	984
4	984
74	18
40	1
130	1
195	3988
580	3988
0	2213
27	1751
38	0
8	0
0	0
0	0
0	0
0	0
0	0
0	0
0	0
0	0
0	0
0	0
0	0
0	0
0	0
0	0
0	0
0	0
0	0
0	0
0	0
0	0
0	0
0	0
0	0
0	0
0	0
0	0
0	0
0	0
0	0
0	0
0	0
0	0
0	0
0	0
0	0
0	0
0	0
0	0
0	0
0	0
0	0
0	0
0	0
0	0
0	0
0	0
0	0
0	0
0	0
0	0
0	0
0	0
0	0
0	0
0	0
0	0
0	0
0	0
0	0
0	0
0	0
0	0
0	0
0	0
0	0
0	0
0	0
0	0
0	0
0	0
0	0
0	0
0	0
0	0
0	0
0	0
0	0
0	0
1437	1125
2	128
4	201
0	994
63	0
0	0
0	0
0	0
0	0
0	0
0	0
0	0
0	0
0	0
0	0
0	0
0	0
0	0
0	138
0	1
0	0
0	0
0	0
0	0
0	0
0	0
0	0
32	2534
79	2534
4	124
183	0
174	2
0	0
1	0
4	197
0	0
0	30
0	0
25	1631
0	0
0	1631
0	172
0	0
9	1536
52	617
7015	2105
25	1795
110	67
6	405
12	306
167	2
251	0
1469	4
0	0
0	80
124	123
4	25
1	34
3	0
0	44
0	1017
37	1304
0	449
2	109
0	42
0	46
109	283
1	0
927	49
4	28
5	42
5	0
46	0
0	64
0	68
5	60
1	60
0	58
1	63
0	20
0	13
0	4
0	10
0	6
1	2
1	0
3	8
51	0
970	2176
0	2303
1	1641
0	0
29	40
0	0
0	36
0	38
0	40
234	0
46	1090
0	86
0	201
19	362
82	1051
1	194
8	188
0	505
0	524
2	210
16	162
62	300
2409	0
0	4
0	4
0	0
74	15
0	0
0	15
0	0
21	0
0	0
3	0
0	211
0	84
0	8
0	10
5	130
0	4
0	4
0	4
0	3
2	0
3	0
0	0
8	0
10	46
4	9801
0	9337
0	9801
7	1081
207	0
1	9227
0	0
0	0
0	0
22	27
0	27
0	0
0	0
0	8
0	0
0	1
0	2
0	1
0	1
0	0
0	0
1	5
0	0
0	4
0	0
0	0
0	0
0	0
0	0
18	1
0	0
0	569
0	52
1	0
1159	2056
0	1023
0	205
446	5
7	1463
0	8
0	114
46	0
14	416
165	0
26	582
505	1348
1	1348
6	233
2	0
1	0
390	5023
0	5023
915	0
2	0
1017	515
3	513
0	0
744	648
0	138
0	348
56	463
20	17
29	6
0	6
40	14
2	4
0	19
1	3
0	3
0	1
2	29
0	19
0	0
27	0
4658	109
60	109
14	5
1	3
0	2
1	170
19	170
0	3
2	90
0	19
2	5
5	8
1	6
0	0
0	0
0	183
4	199
0	56
0	3
2	18
16	0
4	5
0	867
0	908
0	854
0	813
9	1
2	0
0	121
0	219
87	7666
159	7613
1	6754
0	3658
0	208
1	1604
5	42
0	1015
5	304
259	0
5	39
0	12
509	4
9	0
3248	196
3	99
4	97
0	2
39	149
0	270
35	901
11	384
3	0
0	149
0	1
0	128
0	54
1	277
0	0
0	47
25	349
1	0
0	0
0	0
0	0
0	0
0	0
0	0
0	0
22	1651
4	1081
0	437
0	1116
0	880
10	1164
1	1302
1	80
5	13
1	13
0	10
1	3
0	3
0	0
0	0
0	0
0	0
0	0
0	0
0	0
0	0
0	0
0	0
0	0
0	0
0	0
0	0
0	0
1	0
0	0
0	0
5	22
0	44
1	47
0	45
0	48
0	39
4	41
0	22
0	30
2	1
9	0
4	0
0	23
6	4
1	14
0	23
0	0
0	0
0	0
0	0
0	0
0	0
0	0
0	0
0	0
0	0
1	0
0	0
0	0
0	0
0	0
0	0
0	0
41	2497
3	2021
5	1959
0	1230
0	1120
0	1694
5	0
22	2071
0	1615
39	471
0	1555
0	1525
0	1201
0	266
3	27
0	825
29	50
1	0
526	1787
0	1691
33	749
0	838
0	1405
68	2
6	589
0	484
14	20
0	0
1	244
0	0
4	0
0	0
0	0
1	20
23	0
4661	494
6	484
280	0
122	0
0	3
1	4
0	4
0	3
0	3
0	1
0	1
0	1
0	0
0	0
0	0
0	0
0	0
0	0
0	0
0	0
0	0
0	0
0	0
0	0
0	0
0	0
0	0
0	0
0	0
0	0
0	0
0	0
0	0
0	0
0	0
0	0
0	1
0	1
0	1
0	0
0	0
0	0
3	2
0	2
390	583
69	7
75	585
0	318
3	374
32	3
1	402
47	151
1	17
154	400
2	17
10	14
0	63
1	6
1	59
1	59
0	26
1231	63
4	57
0	0
0	17
0	17
1	17
0	0
0	0
0	160
0	451
0	451
0	448
1	203
0	132
76	566
0	566
102	3459
0	3342
53	3444
0	2910
0	2153
0	0
20	214
4550	2021
2	852
401	1314
0	921
48	450
1	0
0	0
0	0
0	0
34	23
0	23
0	4
2	3
0	0
0	0
0	746
0	704
1	688
0	679
0	607
0	601
12	61
11	474
96	0
81	492
0	25
2	3
56	112
0	43
6	23
0	93
4	59
1	0
0	0
0	0
3	503
3314	511
520	391
7	503
0	0
0	0
0	0
0	0
0	0
0	0
0	0
0	0
0	0
0	148
0	144
0	90
0	33
0	62
1	10
9	50
0	7
0	2
15	36
8	0
16	28
0	0
12	28
0	9
0	2
0	0
2	0
0	0
0	0
0	0
0	0
0	0
8	7
0	8
0	4
0	3
0	1
0	0
0	0
0	0
0	0
0	0
0	0
0	0
0	0
0	828
0	846
15	446
5	203
0	92
0	0
29	39
0	222
0	843
0	356
11	153
14	7
0	14
0	7
0	7
0	0
1	3
0	1
0	0
23	1
18	7
12	121
32	329
31	384
0	27
0	131
0	347
0	329
0	142
2225	1576
0	862
0	563
179	1088
1	630
71	70
463	0
0	15
65	0
19	27
0	0
0	0
3	0
0	1
0	0
0	0
0	0
0	0
0	0
0	0
1	0
0	0
0	0
0	0
0	0
0	0
0	0
0	0
6	0
298	387
1	15
0	275
0	112
102	15
4	0
1	15
3	1
0	792
33	792
11	0
0	0
0	792
0	0
318	1771
1	1776
12	5
0	59
0	47
5	6
29	0
0	26
0	393
5	584
10	0
13	419
0	89
7	2
0	348
0	389
249	901
23	117
0	9
2	107
5	174
7	58
0	380
11	19
61	153
0	437
159	2042
0	2091
0	726
0	233
197	221
1	203
1199	413
3	287
0	20
0	144
1	604
0	437
70	0
3	124
0	448
0	277
30	508
0	8
1	0
1783	1800
6	1799
8	0
106	0
13	60
0	0
20	198
0	109
6	111
1	110
0	119
1	29
19	4
42	79
0	0
0	0
0	0
0	0
0	0
36	2560
14	41
48	2521
0	0
0	0
0	147
0	0
0	169
6	17
69	2018
99	240
18	29
7	174
54	7
53	121
4	0
2322	2
164	17
575	409
0	69
3	197
0	327
4	2
0	2
1619	254
1	77
0	175
0	0
0	0
0	0
0	0
0	0
12	34
0	34
0	0
14	0
0	0
2	0
0	1
1347	208
0	25
0	0
1	185
0	0
0	0
0	0
0	0
16	21
3	0
4	21
0	0
481	1159
0	972
0	429
0	232
1	228
4	336
2	129
15	513
21	83
0	0
8	305
0	54
11	120
15	200
0	171
9	168
27	129
172	0
1	0
6	1393
7	1348
0	330
0	0
21	81
0	81
0	0
83	0
95	0
0	74
0	0
0	0
0	0
0	0
0	0
0	0
43	1763
249	2981
17	2082
10	1217
48	51
0	74
1	394
107	921
0	402
2	673
1	584
38	14
6	0
1	53
59	141
0	37
3	138
6	1
0	9
0	4
0	25
66	0
0	10
7	17
0	0
0	0
22	0
34	2789
0	2371
2	2696
12	2700
1	810
0	293
0	157
7	418
1	185
0	39
12	72
0	11
0	48
20	48
0	0
502	372
0	0
0	12
0	372
94	12
0	0
53	0
0	0
11	20
13	18
0	0
0	0
53	0
0	0
0	31
1	294
0	311
0	212
0	207
0	155
0	170
0	124
0	289
19	176
53	136
0	178
8	231
0	62
1	67
0	22
1	21
4	35
4	61
1072	90
0	0
10	0
10	549
11	2735
6	1633
4	2346
3	2357
11	67
0	26
289	1
12	157
1	85
0	2549
1	0
1	72
0	0
0	0
113	69
391	672
15	560
10	126
1	435
1	429
1	2
4	50
0	34
81	195
7	0
11	0
20	0
0	0
4	0
0	0
0	0
0	0
0	0
19	466
0	0
0	0
0	0
0	0
0	0
0	0
0	0
8	63
0	0
0	0
0	3
0	0
0	0
0	0
0	0
0	0
0	0
0	0
0	3
0	0
16	0
12	2059
0	1
63	3650
232	3650
0	234
61	3608
6	20
0	20
0	3
0	0
84	33
2	0
1	33
0	0
0	0
0	0
0	0
0	0
0	0
1	0
1	0
0	0
0	0
1	4
0	4
0	2
1	0
0	0
0	0
0	0
0	0
0	2
0	2
0	2
0	0
159	887
26	280
0	0
2	272
8	716
0	46
2	204
19	198
0	73
0	59
0	18
3	97
0	41
0	1057
81	1056
50	133
35	286
0	914
7	7
0	35
0	0
21	7
0	6
0	0
317	71
2	623
5	131
0	610
19	142
1	276
0	0
1	148
5	60
504	0
23	5358
14	408
3	5031
305	1071
2	0
42	2329
128	2656
62	754
54	903
0	733
1	224
1	61
126	311
0	19
0	129
0	25
0	91
9	102
2	64
0	116
0	17
1	22
13	1354
7	318
5	1088
3	1045
21	607
2	1083
0	355
2	134
0	573
0	1287
8	132
746	15103
107	11595
1	3827
2	933
64	2046
3	12581
2	4229
41	6480
38	8456
12	511
11	387
0	325
9	377
0	400
0	267
9	84
0	0
5	27
0	18
0	13
0	18
0	17
0	12
2	131
0	98
4	2
0	2
12	86
2	30
0	31
0	29
0	31
0	27
0	0
0	0
0	0
0	0
0	1
0	0
45	148
2	163
0	132
0	94
0	79
0	68
0	46
1	26
0	7
0	20
0	1
0	0
0	1
0	0
0	2
3	111
0	167
21	224
0	3
0	190
0	3
0	9
0	209
0	0
0	1
0	168
0	92
0	26
5	0
2	0
6	22
0	5
1	3
0	31
44	581
0	102
8	4247
24	362
14	3106
0	337
49	3901
0	313
7	112
8	470
840	0
1701	263
8	259
16	7
0	0
0	0
0	0
26	0
0	0
4	9
0	0
0	11
0	11
0	0
13	2
0	2
0	0
0	0
0	3
13	382
612	403
1	68
83	59
0	0
3	16
3	8
0	0
0	0
4	44
0	28
10	358
1	51
0	3
3	27
1	304
0	25
54	333
15	264
11	7
0	1
0	1
0	51
35	2739
66	2897
14	174
0	647
9	66
23	164
20	274
49	90
39	111
60	389
6	93
0	29
0	29
0	26
0	26
0	16
1	10
1	0
0	14
1	10
0	9
0	6
0	1
0	0
0	5
1	12
0	7
0	4
0	1
1	0
1	0
0	2
72	0
1	6
0	6
131	1
10	1
2	0
0	1843
0	1843
22	1782
6	319
0	0
22	313
0	0
0	0
0	0
3	43
26	43
25	16
2	5
3006	2211
9	415
0	0
131	1519
0	526
0	877
1	635
5	0
307	346
0	24
0	14
14	282
1	234
34	234
0	152
8	155
0	53
0	45
139	68
4	0
186	68
0	0
1	770
1	30
0	170
28	770
1	782
40	109
4	334
10	67
13	41
11	33
0	67
1	89
0	7
2	16
3	12
0	23
0	12
0	15
0	8
5	1
0	6
0	0
0	0
11	8
0	8
0	8
0	0
0	0
378	3
1	3
1684	7308
21	5653
7	108
0	3169
10	3169
0	1552
214	716
14	1960
0	659
0	361
0	40
0	41
0	32
1	4
1	2
15	207
1	114
0	116
2	37
0	22
187	0
0	0
0	0
0	0
282	0
0	15
10	66
0	21
13	67
7	4
433	16
2	16
0	3
0	3
0	2
0	2
1	2
4	2
0	2
1	0
6	154
0	63
0	151
0	28
0	3
0	677
12	677
0	684
0	582
1	490
9	67
0	48
5	39
1	8
4	284
3	296
0	179
0	283
86	392
0	3
1	286
172	1
0	0
116	338
0	17
224	0
2	0
0	0
18	7
0	7
1	0
0	28
0	3
0	27
0	2
0	2
0	31
85	0
101	3265
75	3029
3	258
21	660
18	78
6	136
0	1965
0	2293
37	2284
79	4110
46	402
22	374
11	3726
1	518
107	3532
8	440
0	0
0	0
0	0
8	0
0	12
0	0
0	0
0	0
0	0
0	0
0	0
0	0
0	0
0	0
0	0
0	0
0	0
0	0
0	0
0	0
0	0
0	0
0	0
0	0
0	0
0	0
0	0
0	0
0	0
0	0
0	0
0	0
0	0
0	0
0	0
0	0
0	0
0	0
0	0
0	0
0	0
0	0
0	0
0	0
0	0
0	0
0	0
0	0
0	0
0	0
0	0
0	0
0	0
0	0
0	0
0	0
0	0
0	0
0	0
1	0
0	0
0	0
0	0
0	0
0	0
0	0
0	0
561	93
4	81
0	0
125	33
3	41
33	36
0	17
0	22
0	0
62	0
0	17
66	405
1	57
8	400
10	394
2	84
0	32
9	3
0	77
0	96
6	0
0	70
0	113
0	0
0	0
0	0
0	0
0	0
0	8
0	2
0	7
1	0
0	143
0	5
0	140
0	140
6	0
19	29
0	27
0	26
0	0
1	2
1	2
1	0
12	0
2	0
1	43
0	39
0	2
0	28
0	43
0	17
0	17
81	42
1	13
0	25
0	14
0	12
0	12
0	0
0	0
0	0
0	0
1	0
2	0
0	0
0	0
0	0
0	0
0	0
0	0
0	0
0	0
0	0
0	0
0	0
0	0
0	0
0	0
0	0
0	0
0	0
0	0
0	0
0	0
0	0
0	0
0	0
0	0
0	0
0	0
0	0
0	0
0	0
0	0
0	0
0	0
0	0
0	0
0	0
0	0
0	0
0	0
0	0
7	4
0	4
0	3
0	0
5	931
0	945
0	324
0	41
138	20
0	5
8	16
0	0
1	6
1	3
8	3
0	0
0	0
0	0
1	0
0	0
0	0
1	0
0	0
2	0
0	0
0	11
0	0
0	9
0	0
0	0
0	0
0	0
0	0
0	0
0	0
0	0
0	0
0	0
0	0
2	1
0	0
521	37
17	37
1	0
24	7
46	7
0	0
137	3
21	3
285	0
26	18
24	27
1	24
46	71
0	13
0	20
1	11
7	54
26	11
1	13
1	9
0	19
1696	1962
20	1759
153	1415
17	1710
5	886
0	75
12	103
1	120
0	0
0	12
0	1
0	0
0	1
0	1
0	1
0	0
0	0
0	0
8	27
0	0
0	1
0	0
0	0
0	0
0	0
0	3
0	0
0	0
0	1
0	0
0	0
0	2
0	0
0	0
0	0
0	7
0	0
0	7
0	1
0	1
0	69
0	51
0	0
0	0
0	0
0	0
0	0
0	0
0	0
0	0
0	0
0	0
0	5
0	0
0	1
0	1
0	0
0	0
0	0
0	0
0	0
0	0
0	0
0	10
0	3
0	5
0	6
0	1
0	0
6	81
0	41
0	0
0	0
0	0
0	0
0	0
0	0
0	1
0	0
0	0
0	1
0	0
0	0
0	0
0	1
0	0
0	0
2	11
0	7
0	1
30	110
0	0
0	0
0	1
0	0
0	0
0	0
0	0
0	0
0	0
0	0
0	0
0	0
0	0
0	0
0	0
0	0
0	0
0	0
0	0
0	0
0	0
0	0
0	0
0	0
0	0
0	0
0	0
0	0
0	0
0	0
0	0
81	0
0	0
1	0
0	0
0	0
0	0
0	0
0	0
0	0
0	0
0	0
0	0
0	0
0	0
0	0
0	0
0	0
0	0
0	0
0	0
0	0
0	0
0	0
0	0
0	0
0	0
0	0
0	0
0	0
0	0
0	0
0	0
0	0
0	0
0	0
0	0
0	0
0	0
0	0
0	0
0	0
0	0
0	0
0	0
0	0
0	2
0	0
0	0
0	0
0	0
0	0
0	1
0	1
0	0
0	0
0	0
0	0
0	0
0	0
0	3
0	0
0	0
0	0
0	0
0	0
0	0
0	0
0	0
0	2
0	0
0	0
0	0
0	0
0	0
0	0
0	0
0	0
0	1
0	1
0	0
0	0
0	0
0	0
0	0
0	0
0	2
0	1
0	0
0	0
0	0
0	0
0	0
0	0
0	0
0	0
0	0
0	2
0	0
0	0
0	0
0	0
0	0
0	2
0	0
0	0
0	0
0	0
0	0
0	0
0	0
0	0
0	0
0	0
0	0
0	0
0	0
0	0
0	0
0	0
0	0
0	0
0	0
0	0
0	0
0	0
0	0
0	0
0	0
0	0
0	0
0	0
0	0
0	0
0	0
0	0
0	0
0	0
0	0
0	0
0	0
0	0
0	0
0	0
0	0
0	0
0	0
0	0
0	0
0	0
4	59
0	0
0	0
0	0
0	0
0	0
0	0
0	0
0	0
0	0
0	0
0	0
0	0
0	0
0	0
0	0
0	0
0	0
0	0
0	0
0	0
0	0
0	0
0	0
0	0
0	0
0	0
0	0
0	0
0	0
0	0
0	0
0	0
0	0
0	0
0	0
0	0
0	0
0	0
0	0
0	0
0	0
0	0
0	0
0	0
0	0
0	0
1	0
9	78
1	76
0	2
0	0
35	563
183	90
6	550
1	462
0	0
0	0
0	0
0	1
0	1
0	0
0	0
0	0
0	0
0	0
0	0
0	0
0	0
0	0
0	0
0	0
0	0
0	0
0	0
0	0
0	0
0	11
0	30
0	30
0	30
0	2
1	1
0	0
8	1
11	5
0	5
0	215
0	447
577	729
0	88
1	561
0	0
311	1442
0	61
14	112
0	1318
5	243
0	0
0	114
29	114
0	178
44	169
0	128
3	168
33	11876
38	13919
12	7644
56	9578
28	561
1	8304
24	0
0	0
10	0
0	0
0	0
24	586
29	575
2	575
0	7
0	93
0	86
10	139
7	51
0	142
0	113
0	0
0	0
0	0
0	0
0	1701
42	272
0	300
0	268
0	56
2	0
1760	4270
16	1171
35	229
0	966
8	343
3	821
0	870
9	310
11	968
13	2309
2	1013
10	1742
56	2640
2	1377
3	567
18	1648
59	1152
64	1680
0	1270
1	1172
2	338
0	138
6	0
0	26
0	27
0	29
14	28
0	19
0	4
16	14
0	0
0	0
0	0
0	0
0	0
0	0
0	0
0	0
0	0
0	0
0	0
0	0
0	0
0	0
0	0
0	0
0	0
0	0
5	0
0	0
0	0
0	0
0	0
0	0
0	0
0	0
0	0
0	0
0	0
0	0
0	0
0	170
0	135
0	150
46	24
1	163
0	162
8	78
0	0
0	849
0	872
4	170
1	849
9	38
3	138
1	21
0	40
0	0
0	39
2	63
0	0
0	0
0	0
0	0
1	0
0	0
0	0
0	0
0	0
0	0
0	0
0	0
0	0
0	0
0	0
0	1
0	0
0	0
0	0
0	0
0	7
0	0
0	0
0	0
0	0
0	0
0	0
0	3
0	0
0	0
0	0
0	0
0	0
0	0
0	0
0	0
1	23
0	0
0	0
0	0
0	0
0	0
0	0
0	0
0	0
0	0
0	0
0	0
0	0
0	0
0	0
0	0
0	0
0	0
8	72
0	0
0	29
0	28
0	28
0	28
0	27
0	26
0	26
0	1
0	31
1	73
5	79
0	0
3	0
0	0
0	0
0	0
0	0
0	0
0	0
0	0
0	0
0	0
0	0
0	0
0	0
0	0
0	0
0	0
0	0
0	0
0	0
0	0
0	0
0	0
0	0
0	0
0	0
0	0
0	0
0	0
0	0
0	0
0	0
0	0
0	0
0	0
0	0
0	0
0	0
0	0
0	0
0	0
0	0
0	0
0	0
0	0
0	0
25	716
0	0
0	0
0	0
0	0
0	0
0	0
0	0
0	0
0	0
0	0
0	0
0	0
0	0
0	0
0	0
0	0
0	0
0	0
0	0
0	0
0	0
0	0
0	0
0	0
0	0
0	0
0	0
0	0
0	0
0	0
0	0
0	0
0	0
0	0
0	0
0	0
0	0
0	0
0	0
0	0
0	0
0	0
0	0
0	0
0	0
0	0
0	0
0	0
0	0
0	0
0	0
0	0
0	0
0	0
0	0
0	0
0	0
0	0
0	0
791	0
369	3436
35	2674
0	3043
0	0
0	393
0	0
2417	84
0	84
44	254
1	417
0	358
0	0
0	12
0	0
0	0
0	0
1360	1087
0	243
31	325
6	250
7	83
35	268
1	356
27	58
167	189
0	61
6	36
1	8
5	3
5	20
1	67
15	175
0	175
0	51
0	61
7	234
15	244
0	256
0	228
0	0
2	67
2	66
2	216
0	631
0	629
7	627
0	648
0	650
0	60
0	0
0	76
0	76
0	76
0	71
0	0
1	311
3	311
0	81
474	0
17	132
45	909
22	1029
122	530
13	190
1	96
42	296
0	48
2	62
13	133
0	89
1	137
1	51
4	28
0	7
103	129
4	10
2	119
13	1057
3	1123
1006	1103
0	440
12	19
76	2021
41	2021
0	0
0	0
0	0
76	60
51	220
7	220
0	0
0	0
0	0
0	0
0	0
856	5524
0	5524
0	0
14	0
0	0
0	0
0	0
0	0
0	0
0	0
0	0
0	0
0	0
0	0
3	1058
5	0
0	0
343	1591
0	238
0	221
0	333
17	1187
32	3566
224	3471
1	84
0	276
0	18
52	246
1	561
48	422
592	62
0	64
24	7
0	5
15	2547
127	2528
1	461
1	63
1	827
0	149
35	151
0	117
0	406
46	170
21	17
74	909
0	456
1	93
8	754
23	754
0	25
3	2
4	101
0	96
11	118
4	67
7	4
5	4
383	0
7	0
11	2
0	2
1	3
0	4
3	3
0	1
0	53
21	53
5891	4082
0	1830
16	1032
1	1220
326	0
0	0
112	0
33	0
315	0
169	1998
1	1656
1	354
6	319
0	539
3	36
4	299
5	60
3	404
4	195
3	173
145	103
0	102
3	2
0	3
3	0
7	0
0	0
1	0
0	0
0	0
1	26
0	0
0	0
0	0
0	0
0	0
0	0
0	0
0	0
0	0
0	0
0	0
0	0
0	0
0	0
0	0
0	3
0	0
0	0
0	0
1	0
1	2
0	2
0	0
0	0
2	4
1	4
0	4
0	0
0	0
3	0
0	0
0	0
0	0
0	0
0	0
0	0
0	0
0	0
192	0
0	0
0	0
0	0
0	0
0	0
0	0
0	0
3	0
0	0
0	0
0	0
0	0
0	0
0	0
0	0
0	0
0	0
0	0
0	0
0	0
0	0
0	0
0	0
0	0
0	1
0	1
0	1
0	0
0	0
0	0
0	0
0	0
0	0
0	0
0	0
0	0
0	0
0	0
1	0
0	0
0	87
0	85
0	164
0	166
170	144
0	14
0	19
14	1728
965	2561
51	833
2	48
18	385
3	93
7	341
0	117
12	1
0	89
0	23
0	140
0	140
0	0
1	0
69	0
16	118
0	117
2	17
1	22
4	24
64	0
6	24
1314	0
2088	0
344	3446
0	438
123	196
164	2819
6	440
6	628
0	92
7	200
1	1
0	1
0	0
0	424
12	404
3	399
0	24
2	4174
0	441
9	4026
35	3915
10	3426
1	3160
3	1161
3	2758
8	3223
6	2651
0	0
6	989
2	803
2	642
76	354
0	716
19	238
0	251
1	593
8	166
317	0
0	0
0	0
145	545
0	543
417	53
18	53
1431	27
21	0
0	11
1	11
1	2
0	1
11	826
0	872
0	729
5	803
4	46
5	134
1	47
0	0
3	135
27	0
1760	17
24	16
1	17
0	0
8219	2812
61	514
0	0
6	256
91	2111
10	9
0	9
0	0
2	0
9	212
6	33
18	179
0	0
3	510
0	442
0	440
0	389
2	456
3	165
49	134
0	0
1	0
1	0
22	398
3	307
6	167
3	261
0	49
0	54
2	48
8	26
2	97
0	31
430	18
0	18
0	4
0	20
4	15
174	16
1	7
12	977
0	9
0	750
0	929
5	90
7	0
0	495
0	0
0	105
3	8
3	166
4	5
2	243
1	243
3	243
4	48
0	208
2	14
0	101
45	297
0	231
0	3
0	3
7	686
0	700
0	636
1	676
3	173
4	13
0	0
60	91
0	0
0	91
466	0
2	8
7	488
0	643
6	835
10	454
42	186
2	364
1	18
0	18
0	18
0	1634
1320	1634
12	313
18	571
0	570
0	393
0	344
0	226
1	135
1	55
35	0
0	0
0	420
49	35
174	385
12	4
8	166
0	420
3	315
9	399
3	30
5	320
0	11
0	1
7	16
0	1610
0	1557
6	1377
0	1520
0	1521
3	1558
1	1046
3	214
50	191
13	162
2	4314
32	3992
35	3952
6	453
1	956
1	23
0	14
1	14
3	79
0	106
0	107
0	94
0	107
0	94
49	0
5	0
0	10
3	10
0	2
0	0
77	14229
31	7709
1	13292
0	13302
0	13292
4	7383
1	7338
26	3914
10	3908
1	1359
0	564
31	1244
5	1217
2	180
4	13
4	19
62	166
1	0
527	1425
762	1425
0	240
1023	955
1	29
8	0
4	926
9	354
0	30
0	0
8	312
6	505
3	1414
28	1770
0	419
1	453
7	628
14	253
345	424
0	0
6	51
9	61
0	51
0	116
10	0
4	0
1	0
0	0
0	0
0	0
13	0
2	0
399	275
6	57
0	0
39	0
26	218
46	127
0	0
0	422
1	541
4	118
8	249
0	0
0	7
2788	628
0	619
28	5
6	144
426	202
0	0
0	126
5	0
21	0
0	0
0	0
0	0
0	0
0	0
0	0
0	0
0	0
0	0
0	0
0	0
0	0
0	0
0	0
0	0
0	0
0	0
0	0
0	0
0	0
0	0
0	0
0	0
0	0
0	0
0	0
0	0
0	0
0	0
0	0
0	0
0	0
0	0
0	0
0	0
0	0
0	0
0	0
0	0
0	0
0	0
0	0
0	0
0	0
0	0
0	0
0	0
0	0
0	0
0	0
0	0
0	0
0	0
0	0
0	0
0	0
0	0
0	0
0	0
0	0
0	0
0	0
0	0
0	0
0	0
0	0
0	0
0	0
0	0
0	0
0	0
0	0
0	0
0	0
0	0
0	0
0	0
0	0
0	0
0	0
0	0
0	0
0	0
0	0
0	0
0	0
0	0
0	0
0	0
0	0
0	0
0	0
0	0
0	0
0	0
0	0
0	0
0	0
0	0
0	0
0	0
0	0
0	0
0	0
0	0
0	0
0	0
0	0
0	0
0	0
0	0
0	0
0	0
0	0
0	0
0	0
0	0
0	0
0	0
0	0
0	0
0	0
0	0
0	0
0	0
0	0
0	0
0	0
0	0
0	0
0	0
0	0
0	0
0	0
0	0
0	0
0	0
0	0
0	0
0	0
0	0
0	0
0	0
0	0
0	0
0	0
0	0
0	0
0	0
0	0
0	0
0	0
0	0
237	4051
0	2
0	2
0	2
0	2
0	2
0	0
0	0
0	0
0	0
0	0
0	0
0	0
0	0
0	0
0	0
0	0
0	0
0	0
0	0
0	0
0	0
0	0
0	0
0	0
0	0
0	0
0	0
0	0
0	0
0	0
0	0
0	0
0	0
0	0
0	0
0	0
0	0
0	0
0	0
0	0
0	0
0	0
0	0
0	0
0	0
0	3
0	0
0	0
0	0
0	0
0	0
0	0
0	0
0	0
0	0
0	0
0	0
0	0
0	0
0	0
0	0
0	0
0	0
0	0
18	2035
0	377
0	0
0	0
0	1
0	1
0	1
0	1
0	1
0	1
0	1
0	1
0	0
0	0
0	0
0	0
0	0
0	0
0	0
0	1215
30	1330
7	148
2	1271
20	3
12	100
1	100
64	0
1	0
2	88
45	28
12	73
4	94
0	31
2	62
228	86
0	18
11	35
8	27
114	507
0	489
0	380
0	78
32	11
0	4
0	0
52	181
0	181
0	178
2	112
3	112
0	79
58	297
0	0
0	297
2	0
0	0
13	240
0	191
0	60
0	63
6	11
1	27
24	40
0	34
2	9
1	100
0	102
5	15
10	16
0	10
7	8
0	0
0	1
0	0
0	0
0	1
0	0
107	982
3	934
1	120
9	87
116	284
21	256
175	618
6	78
0	153
11	155
0	42
6	232
0	0
0	0
0	0
0	0
0	0
0	0
10	367
4	28
4	172
3	51
0	277
5	317
326	55
0	55
0	80
20	105
0	24
0	115
0	0
1	0
1793	0
1	0
0	769
0	770
4	78
1	33
29	11
0	135
2	91
9	95
3	45
0	67
0	110
4	109
0	69
7	0
4537	0
10	269
0	269
1	62
1	6
1	0
29	0
5	0
0	0
0	0
0	0
0	0
0	0
0	0
0	0
0	13
0	0
0	2
0	0
0	0
1072	167
0	152
61	103
2	94
0	84
4	14
0	0
0	0
0	0
0	0
0	0
3	414
0	0
0	0
0	0
46	9746
107	6762
309	74
59	6944
7	5590
15	8515
0	4847
7	5707
11	4236
6	107
24	0
8	1646
0	1697
6	1540
0	1584
9	0
5	0
117	63
2	225
68	1395
0	71
0	1677
0	307
9	87
33	356
0	602
41	81
3	28
1	87
1	274
0	0
0	0
274	1373
2	784
0	754
20	1238
15	550
0	0
27	400
0	51
0	52
0	51
0	0
0	30
0	6
0	247
0	260
1	256
1	34
1	15
2	6
2	1
1	1
3	1
41	579
10	579
0	71
0	72
0	20
0	21
0	21
0	20
0	11
0	17
0	0
0	0
0	0
0	1
0	1
623	901
0	937
3	893
90	81
0	0
0	0
443	0
121	1363
3	1363
0	225
36	225
23	195
1134	193
14	191
638	2112
23	76
2	2
0	0
19	2083
0	2092
0	1377
1	66
16	174
1	1603
0	23
0	56
7	44
0	50
1	120
15	588
0	735
18	911
14	381
17	383
15	97
0	14
0	0
0	0
0	2
0	5
1	5
998	1464
0	1464
0	0
0	0
115	1
3	1
46	410
2	410
35	405
0	406
0	93
2	30
0	1
0	0
32	1
0	1
2	1
0	1
1	1
0	0
2	0
3885	30401
0	24301
0	9364
438	15057
0	6642
0	9240
19	8015
0	4583
81	10700
1	3421
2	9912
0	7375
0	7347
0	3167
0	177
0	0
0	0
0	0
0	0
0	2
0	2
21	641
18	124
4	765
52	46
2	68
0	20
2	12
37	87
0	87
22	83
0	326
1028	326
41	458
9	332
5	165
130	242
5	45
2	69
4	0
0	0
0	0
0	0
2	0
1	0
8	74
6	23
0	6
0	64
364	66
0	0
28	0
0	66
0	41
333	276
3	116
3	215
12	148
27	112
0	35
0	38
2	3
2	7
279	5100
42	4856
1	1488
109	3
79	2
409	3833
0	3879
2	493
4	292
19	1916
7	325
1	181
1	304
0	0
53	954
2	954
40	369
0	161
0	0
0	0
3	106
0	0
1	0
0	0
0	0
0	0
22	118
0	118
0	15
0	0
0	0
0	0
0	0
0	0
1	24
0	0
0	0
0	0
1	3
0	0
0	0
0	0
0	0
0	0
0	0
0	0
0	0
0	0
0	0
0	0
0	1
0	1
0	0
0	1
0	0
0	0
0	0
0	0
0	0
0	0
0	2
0	2
0	2
0	0
0	2
0	2
0	0
0	0
0	0
0	0
0	0
0	0
0	0
0	0
0	0
0	0
0	0
0	0
0	0
0	0
0	0
0	0
0	0
0	0
0	0
0	0
0	0
0	1
0	0
0	0
0	0
0	1
0	0
0	0
0	0
0	0
0	0
0	0
0	0
0	0
0	0
100	68
0	45
0	30
1	0
0	0
0	0
0	0
496	1513
9	9
1	1504
0	54
3	451
0	257
1	410
0	388
5	233
13	60
3	8
1	13
0	20
0	0
0	31
3	19
0	31
0	0
1	193
0	720
38	711
76	717
0	511
0	93
41	56
0	42
167	28
2	19
0	19
0	0
740	673
1	143
24	25
39	505
24	490
0	490
1	429
4	64
46	6
1	0
2	240
0	43
4	7
0	52
11	433
4	9
177	445
2	438
0	0
8	10185
2	10410
0	10322
14	9576
1	414
0	441
1	1026
0	405
2	7339
6	825
3	721
7	708
0	360
3	34
4	85
11	31
5	19
0	240
0	195
0	104
1	73
0	21
0	21
0	21
0	40
0	40
0	0
0	2
0	0
43	727
6	476
1	174
44	11
0	592
0	70
15	1206
504	0
1094	47
0	47
0	101
0	105
6	103
0	105
11	0
0	102
0	109
2	10
8	10
19	1403
1	1365
0	153
1	256
0	159
2	262
0	77
0	14
66	156
0	34
4	0
0	156
0	147
19	25
0	51
1	22
111	2166
0	1970
0	217
13	426
2	7
7	80
3	18
3	2084
0	2100
1	551
0	170
0	894
7	289
8	233
0	0
3	1
1	1
9	0
30	451
0	451
2	27
10	30
38	297
0	0
37	33
0	2
0	10
0	31
321	469
24	30
1	41
0	82
0	469
10	10
3	7
0	376
1	0
0	0
749	122
0	120
212	200
0	199
2	398
46	398
0	306
4	37
0	0
356	117
5	28
9	10
8	20
29	23
9	10
0	0
1	38
147	44
239	454
0	452
94	49
2	7
120	102
0	13
0	89
33	2610
36	967
10	2383
7	1897
1	619
2	650
0	0
1	168148
3794	168167
387	26444
28	87632
6	18663
2	16412
0	0
1	1166
0	0
0	0
0	1166
58	0
549	345
58	0
0	20
0	16
5	96
13	257
1	547
3	463
0	493
2	0
0	1
110	0
101	0
2	0
0	0
3	2
0	1
0	1
321	376
5	134
2	178
8	60
0	50
0	1
19	2817
0	2409
40	2899
0	0
11	2887
0	54
2	248
59	170
3	265
153	3991
3	2878
2	2991
0	0
4	626
12	357
4	571
0	678
30	691
6	473
9	28
1	81
0	63
0	22
78	1100
93	1100
10	0
336	0
46	1225
7	65
2	1144
0	127
1	58
5	76
13	29
23	297
6	42
1	238
1	1044
0	1032
42	72
0	649
0	1
41	138
2	63
8	134
0	65
21	91
3	6
1	12
0	12
0	10
17	10
0	0
0	0
0	0
0	0
0	0
0	0
0	0
3016	0
0	17
0	17
188	1939
0	1930
0	0
9	7
14	2
0	0
0	0
0	0
0	0
0	0
0	0
0	0
0	0
0	0
1	18
0	1
1	18
1	16
2	0
3	31
5	31
0	3
2	28
0	11
2	186
5	510
63	509
0	143
1	43
209	43
5	26
0	0
17	352
30	352
0	113
40	845
28	856
2	753
26	763
29	8
0	33
2	95
0	97
0	19
3	245
3	123
2	123
1	0
0	39
0	67
0	10
12	5857
10	2574
0	5671
4	0
3	1216
0	5857
104	5453
0	2685
7	5055
35	770
56	162
46	903
253	34
11	1419
9	914
355	2530
4	590
2	330
0	1318
4	801
25	753
6	43773
7484	49463
73	131
144	14747
8	14290
586	26217
89	13328
6	0
1	3
9	3
0	0
1	1
0	0
0	0
0	1
2020	12649
0	10369
1	11959
3	4616
5	590
50	267
2	506
0	3632
1	1592
7	1482
7	867
327	0
47	2653
0	1626
4	1236
1	463
34	1637
16	539
2	68
1	86
0	81
1	14
0	28
0	29
0	29
0	2
0	0
0	0
0	0
0	0
0	0
2	0
0	0
0	1
0	0
0	49
0	47
0	41
0	43
0	49
0	49
0	38
0	48
0	62
0	64
14	30
0	18
0	38
0	0
0	5
14	923
10	659
73	860
285	812
0	893
0	285
1	453
1	86
0	110
0	15
2	15
92	5
0	13
23	12
0	0
0	16
0	0
0	6
0	12
0	12
23	2593
0	3213
0	3213
0	3213
11	606
13	54
8	378
0	13
0	12
0	10
0	12
1	9
0	0
0	11
2	7
0	0
0	5
0	6
1	7
1	7
0	4
0	2
1252	197
0	197
40	369
17	369
16	244
2	238
2	371
1525	1785
62	1785
5	8765
851	9469
221	8886
297	22
14	205
460	205
0	15
0	17
0	9
0	9
0	10
1	17
0	0
0	1
1	0
0	3
1	10
1	0
5	1153
0	948
2	3207
0	3207
0	745
0	89
0	664
144	174
2	102
18	41
6	1
6	166
8	1476
9	202
36	121
0	92
34	1
1	1
0	0
0	0
0	0
0	0
0	0
0	0
0	0
0	2
0	2
0	2
0	2
0	2
0	1
0	6
0	6
0	0
0	0
1	0
1134	2
0	0
6	91
13	26
0	86
0	0
19	688
40	690
2	2
8	2
8	97
4	97
0	0
0	0
0	0
3	157
35	0
26	161
2	179
1	18
32	329
0	321
11	327
0	329
0	266
0	3
0	0
1	115
13	115
1	0
13	22
0	24
136	182
0	178
0	4
8	0
1	13
10	11
4	8
9	9
1	12
0	7
3	41
31	724
0	100
5	33
564	704
0	377
0	354
17	147
0	147
0	85
3	91
1	126
5	99
4	122
0	104
0	17
0	16
0	25
63	8
0	8
0	0
4	51
70	2426
0	64
2	299
2	193
5	2389
29	39
0	0
80	10
4	3
0	7
1	0
1118	259
1	259
28	0
237	66
0	64
120	253
3	253
26	6017
31	6481
0	6481
0	5741
7	2116
90	2576
0	1785
34	23
0	1
0	1
0	0
649	637
4	327
0	601
66	284
3	81
0	202
4	243
2	157
2	72
1	177
3	48
0	0
6	92
1	172
0	172
1	9
2	0
2	15
3	0
1	7
0	1
0	1
5	0
1	7
0	29
5	9
187	126
4	10
0	78
0	22
7	433
0	242
12	180
3	409
0	68
14	18
2	17
1	152
1	99
7	34
0	6
2	143
0	18
1	50
1	11
0	21
0	25
0	23
0	29
0	0
2	21
0	14
2	19
0	3
0	0
0	1
0	8
3	8
0	0
378	0
21	0
0	0
0	0
177	0
1	0
18	268
0	268
0	121
0	10
3	11
0	1
5	59
0	59
4	59
1	7
0	0
13	467
3	426
0	37
0	35
0	87
0	0
1	0
0	0
0	0
0	0
0	0
0	0
0	0
0	0
0	0
5	403
0	0
0	0
0	0
0	0
0	0
0	0
0	0
0	0
0	0
0	0
0	0
0	71
0	73
0	73
0	70
0	9
0	5
2	4
6	1
4	78
0	81
0	45
0	0
21	14
2	5
23	0
8	132
2	133
0	0
28	133
0	25
0	188
1	53
10	156
3	101
0	65
12	863
167	864
0	252
0	64
1	312
10	23
2	21
1	265
3	219
0	35
0	413
0	314
1	114
0	314
0	115
0	109
1	85
0	101
0	122
1	26
0	267
0	188
29	587
0	88
0	193
11	3
0	374
2	501
2	566
0	142
0	211
0	136
0	125
2	119
0	60
0	6
0	118
0	72
0	176
0	49
0	87
0	150
3	75
0	1
0	204
0	80
0	78
32	1979
0	1925
0	1570
2	55
40	3
0	121
1	67
4	39
0	0
2	12
0	12
2	0
71	0
801	3975
0	891
3	2000
4	1990
0	0
95	1565
1	1774
2	1950
4	538
1	242
13	272
0	5
1	45
3	138
13	46
0	0
0	0
0	5
0	5
0	5
0	2
0	0
0	0
0	5
0	5
0	0
0	2
8	400
1	763
3	676
0	334
1	762
7	979
1	704
61	11
0	0
0	0
0	0
2	11
5	12
5	0
7	21
8	49
0	9
0	22
8	18
0	69
0	65
0	63
1	65
0	29
3	24
0	0
0	0
0	0
0	0
0	0
0	0
0	0
0	0
0	0
28	96
0	97
0	38
0	12
0	9
0	8
16	14
1	14
7	2
1	75
0	74
0	75
0	75
1	75
0	62
0	59
0	29
0	3
0	0
1	6
0	7
0	1
0	0
0	0
0	2
0	0
1	0
0	7
0	7
0	5
0	3
1	2
0	0
0	0
0	0
0	0
0	4
0	4
0	3
0	79
0	0
2	1216
0	1102
0	326
0	556
3	558
0	491
0	320
0	534
0	427
0	42
0	0
3	42
15	0
123	0
245	4656
12	4869
163	4803
0	4707
1	1715
40	34
9	118
22	84
3	41
9	321
4	336
0	223
22	115
3	246
65	225
0	316
0	317
0	254
5	263
1	45
0	22
0	49
0	0
3	0
2	16
7	16
1	189
3	41
3	20
0	189
20	214
0	104
0	192
0	74
5	77
1	188
0	187
2	99
4	132
0	79
0	20
6	14
0	0
314	26
2	8
1	25
1	1
172	1543
2	1054
2	305
2	523
4	773
9	1056
12	202
0	224
4	124
0	1
23	2
0	104
0	102
0	109
9	107
0	21
0	16
2	11
3	28
0	31
2	0
0	0
11	223
21	223
3	98
2	242
0	1216
0	1173
0	852
3	926
23	902
14	15
0	161
0	35
1	131
0	128
0	172
0	152
1	84
2	0
0	0
0	0
0	0
22	0
0	0
0	0
0	0
0	0
0	0
0	0
4	0
0	0
0	0
0	0
0	0
0	0
0	0
0	0
0	0
0	0
0	0
0	0
0	0
8	7
0	2
0	0
0	0
0	0
0	0
0	0
0	0
0	0
0	0
0	0
0	0
0	0
0	0
0	0
0	0
0	0
0	0
0	0
0	0
0	0
0	0
0	0
0	0
0	0
0	0
0	2
0	0
0	0
0	0
0	0
0	0
0	0
0	0
0	0
0	0
0	0
0	0
0	0
0	0
0	0
0	0
0	0
0	0
0	0
0	0
0	0
0	0
0	27
0	21
0	0
0	0
0	0
0	0
0	0
0	0
0	0
0	0
0	0
0	0
0	25
0	27
0	21
0	0
0	0
0	0
0	0
0	0
0	0
0	0
0	0
0	0
0	2
0	0
0	0
20	5
0	0
0	0
0	0
0	0
0	0
0	0
0	0
0	0
0	0
0	0
0	0
0	0
0	0
0	0
0	0
0	0
0	0
0	0
0	0
0	0
0	0
0	0
0	0
0	0
0	0
0	0
0	0
0	0
0	0
0	0
0	0
0	0
0	1
0	0
0	0
0	0
0	0
0	0
0	0
0	0
0	0
341	106
0	66
4	40
13	78
1292	1888
25	664
2	384
21	81
16	207
0	404
12	300
1	300
0	150
34	0
0	3
0	0
126	237
2	237
6	3
0	51
929	8033
214	4508
0	3064
0	2901
0	1690
0	1532
12	1260
0	799
78	3433
1	478
2	660
0	0
10	0
3	0
10	2128
0	2005
0	1424
1	185
13	119
37	0
0	0
40	16
28	377
3	123
1	104
0	0
145	1932
4	959
3	1075
4	270
50	217
11	447
1	235
111	2
0	0
175	11
3	0
26	0
0	0
0	0
0	0
0	0
1	0
1	220
4	216
0	217
0	47
0	7
0	0
0	0
0	0
0	1
0	0
3	43
1	60
0	41
1	38
0	18
2	0
0	17
465	792
0	0
2	77
21	245
3	6
7	483
11	187
2836	1137
20	1133
2	607
4	5
10	0
40	0
0	0
0	0
0	0
0	0
0	0
18	0
0	858
108	858
0	0
0	0
0	1
0	1
0	0
0	1
2	0
2	209
10	342
0	342
0	0
1	0
50	626
0	624
0	0
3	536
2	1
0	74
953	4532
0	4532
21	210
112	12
19	113
0	97
0	59
14	408
12	426
38	73
0	7
0	48
0	30
5	67
0	37
1	10
3	89
0	101
0	0
0	19
0	20
1	2
2	18
0	19
0	6
0	17
1	17
0	10
0	12
0	2
2	0
0	4
638	795
4	642
2	258
18	0
22	0
0	1301
3	44
22	349
2	755
1	156
0	1193
0	153
11	32
0	106
15	58
73	657
0	566
14	263
1	409
8	33
0	88
5	47
290	116
0	30
0	5
1	11
2	30
5	12
0	14
0	20
1	26
5	8
724	1003
10	851
1	163
0	0
1	112
27	9
37	1
0	2
0	2
0	0
0	0
0	266
3	0
0	0
0	0
0	0
4	0
407	0
13	0
52	0
199	0
119	0
70	0
0	0
0	0
0	0
0	0
0	0
13	141
3	0
21	0
96	25
3	289
6	289
0	289
1	285
2	0
1	39
2	34
8	0
0	0
6	1
1	0
0	0
0	0
59	1297
0	1067
1	1046
2	45
0	766
0	112
0	99
0	0
0	0
160	81
0	7
0	4
0	67
3	9
0	0
0	0
4	0
7	367
0	12
0	347
14	368
0	15
0	66
0	115
393	1
307	208
0	155
0	143
4	133
2	38
12	10
0	0
0	0
0	0
0	0
0	0
0	0
0	0
0	0
0	0
0	0
0	0
0	0
0	0
0	0
0	0
0	0
0	0
0	0
0	0
0	0
0	0
0	0
0	0
0	0
0	0
0	0
0	0
0	0
0	0
0	0
0	0
0	0
0	0
0	0
0	0
0	0
0	0
0	0
0	0
0	0
0	0
1	0
0	0
23	107
1	107
15	2
307	0
3	0
5	0
21	3
1769	45
0	44
0	0
6	44
0	0
0	0
0	0
0	0
0	0
0	0
0	0
0	0
0	0
0	0
0	0
0	0
0	0
0	0
0	0
0	0
0	0
0	0
0	0
0	0
0	0
0	0
0	0
0	0
0	0
0	0
0	0
0	0
1	39
0	0
0	0
0	0
0	0
0	0
0	0
0	0
0	0
0	0
1	0
0	0
0	0
0	0
0	0
1	1
0	1
0	0
0	0
0	0
0	0
0	0
0	0
0	0
0	0
0	0
0	0
0	0
0	0
0	0
0	0
0	0
0	0
0	0
0	0
0	0
0	0
0	0
0	4
0	0
0	0
0	0
0	0
0	0
0	0
0	0
0	0
0	0
0	0
0	0
1	550
4	321
41	316
12	0
3	0
0	20
0	20
0	20
4	5
0	1
473	59
24	0
107	0
1	3
25	2
0	0
0	0
0	0
0	0
0	0
0	0
1	17
487	97
2	0
0	50
8	1
0	46
0	3
8	498
3	58
1	171
4	501
41	506
0	419
0	0
0	0
0	0
0	0
0	0
0	0
0	0
0	0
0	0
0	0
0	0
0	0
0	0
0	0
0	0
0	0
0	0
0	0
0	0
0	0
0	74
0	0
0	0
2	22
4	87
0	0
0	0
0	2
1	0
0	0
0	0
0	0
0	0
0	0
0	0
0	0
0	0
0	0
405	97
1	27
12	58
1	26
1	6
0	0
2	0
28	0
0	0
19	0
0	0
233	145
0	143
4	143
258	23
39	0
0	1
0	0
0	0
0	0
0	0
0	0
0	0
0	0
0	0
0	0
0	0
0	0
10	39
0	0
0	0
0	0
0	0
0	0
0	0
0	0
0	0
0	1
0	1
0	0
0	0
0	0
0	0
0	0
0	0
2	71
12	1001
0	1016
0	1011
2	93
8	61
0	33
0	0
0	8
0	8
0	0
0	8
0	7
0	5
0	0
0	0
2	17
0	21
0	20
2	17
0	2
0	3
0	0
0	0
0	0
0	7
0	2
0	5
0	0
0	0
135	1102
0	406
0	724
0	645
0	508
0	685
5	0
0	159
3	174
1	136
0	0
18	15
0	15
0	0
2	6
0	5
41	3
0	3
0	0
0	0
0	0
0	0
0	0
0	0
0	0
0	0
1	0
0	0
0	0
0	0
154	111
1	103
0	84
0	42
15	27
4	11
0	0
43	133
0	131
520	75
1	50
7	25
0	1
0	0
0	1
0	1
101	0
29	10
0	10
1	0
302	0
0	0
0	0
0	0
1	1
0	1
0	0
0	0
0	0
0	0
0	0
0	0
0	0
0	0
0	0
0	0
0	0
4	0
0	0
0	0
1	18
0	11
0	8
1	0
1	0
0	0
0	0
0	0
0	0
0	0
0	0
0	0
0	0
0	0
0	0
343	249
9	249
0	0
0	0
0	0
0	0
0	0
0	0
0	0
0	0
0	0
0	0
0	0
0	20
0	0
0	0
0	0
0	0
0	0
0	0
0	0
1	2
0	0
0	0
0	0
0	0
0	0
0	2
0	0
0	0
0	0
0	0
0	0
1	0
0	0
0	2
0	0
1	3
0	0
5	5
0	0
5	218
0	1
0	1
3535	9473
3	7302
0	9451
1	18
4	18
0	16
0	18
0	17
1	0
1	1
0	1
0	0
0	0
3	911
0	0
1	243
6	944
0	190
0	44
0	386
0	256
2	1228
4	953
0	1232
0	1150
3	186
0	181
0	113
0	67
0	38
0	135
170	1117
0	1
0	266
14	873
0	0
0	206
0	0
0	1
1	0
0	0
0	0
0	0
0	0
0	0
0	0
0	0
1	0
69	2
5	60
0	62
4	60
0	0
1	3
0	7
1	2
0	4
0	4
0	1
0	0
0	0
0	0
1	46
0	1
0	46
0	0
0	1
0	41
3	0
0	7
52	8
0	8
0	1
0	1
0	1
0	1
0	1
0	0
0	0
6	348
77	128
1	188
2	349
0	222
1	145
0	59
0	381
0	81
2	263
0	64
0	103
8	35
7	273
0	219
0	39
0	314
0	13
1	85
0	0
0	0
0	0
0	1481
0	1481
41	1341
18	10
17	586
0	374
14	35
0	6
0	5
0	1
9	3
0	6
2	0
2	6
1	1
0	2
0	0
25	0
1	0
0	0
31	4
0	4
0	4
0	672
1	88
4	597
4	133
0	597
0	25
17	58
0	31
0	0
0	51
0	0
0	1336
1	1539
0	1513
3	901
20	1390
0	1326
39	1150
10	215
21	572
0	283
0	201
0	259
4	171
1	89
0	2
10	91
29	0
1	104
25	50
4	40
0	0
0	7
0	5
0	10
0	21
0	22
0	21
0	36
0	37
0	0
0	7
0	2
0	16387
567	16369
1	10436
3	3349
4	15319
1	16082
0	653
1	0
0	0
371	560
6	0
5	0
0	0
0	0
0	0
10	69
0	73
0	70
0	69
0	61
2	10
0	9
150	585
0	129
0	73
1	493
0	250
0	119
12	29
2	94
0	94
89	45
0	1
0	1
9	420
9	398
1	41
0	1077
53	1078
0	153
0	1058
2	0
0	20
1	21
170	1068
2	21
6	2
2	0
2	0
0	1030
5	995
14	931
1	139
0	47
19	132
4	218
1	80
1	19
16	45
3	8
4	1111
0	1115
0	88
21	994
5	110
0	480
0	0
8	301
8	1113
1	42
2	63
4	0
1	291
7	680
1	1
38	732
23	541
0	291
5	183
0	577
2	548
1	597
0	546
0	182
15	15
4	40
0	124
0	105
2	73
3	43
6	679
69	749
43	1385
0	399
0	159
0	1
0	173
1	747
0	190
4	157
0	470
4	422
5	160
2	34
366	1055
4	1139
25	1045
23	897
23	56
0	152
12	211
18	120
4	687
0	19
6	229
0	42
0	61
93	143
15	0
0	323
1	197
7	241
0	155
48	306
0	26
1	266
0	94
0	69
0	157
0	210
2	65
0	19
1	76
30	123
0	2319
0	2290
0	2211
0	2369
1	83
7	267
5	420
3	365
1	83
0	62
4	3
0	2
0	2
0	2
0	0
15	127
1	200
14	202
0	8
23	47
0	20
0	0
0	18
0	0
34	740
8	392
6	674
0	163
0	603
0	415
11	81
0	187
18	238
0	280
2	109
0	117
2	217
8	111
4	16
7	16
0	16
1	11
11	209
18	246
1	80
11	110
4	53
8	24
37	1555
3	1437
0	1399
48	88
0	1498
0	1304
78	345
0	509
0	324
32	336
0	311
4	155
73	263
6	1761
10	1734
64	152
12	64
0	0
50	37
0	1
538	98
0	98
1	22
565	173
3	173
29	455
0	447
2	96
0	221
0	103
0	218
2	137
0	53
9	135
46	166
0	45
9	426
290	546
9	323
7	134
6	73
2	256
0	216
0	264
0	98
2	101
13	816
21	827
4	318
2	182
0	92
0	437
1	436
2	148
1	58
1	0
32	1829
21	1586
7	1251
9	517
0	0
10	293
0	0
2	0
2270	8346
29	3663
35	5411
12	2406
0	0
449	18200
48	743
7	13579
25	3985
55	12212
21	12451
0	15262
2	9164
1	9533
0	3647
4	5463
0	5692
1	1829
40	9566
1	3712
0	5326
3	0
0	271
0	0
13	3853
8	309
0	5
0	0
4	0
42	2
0	6
6	7
0	7
6	83
2	64
29	85
0	83
5	59
4	13
0	41
0	0
0	47
6	15
1	1363
0	1435
0	139
7	1201
0	157
12	37
0	119
0	204
3	118
0	0
24	56
7	111
26	683
0	130
46	685
2	106
0	223
0	685
36	4
0	142
0	98
0	2
0	2
0	0
0	1
0	1
0	0
0	0
0	0
0	0
0	0
0	0
0	0
1	20
0	10
0	8
0	5
2	1162
3	250
0	138
2	315
1	226
145	1115
1	114
2	230
2	977
0	204
0	120
0	120
7	13
0	4
0	0
0	82
0	161
0	45
21	44
0	37
0	14
0	14
0	36
1	1
1	18
9	6
0	0
0	0
0	0
0	0
0	0
0	0
0	0
0	0
0	0
0	0
46	2665
191	2960
0	406
0	2804
15	294
3	233
315	509
71	191
48	297
144	2
8	0
2	0
0	324
0	368
0	310
0	368
3	285
9	290
0	242
1	0
3	3
0	3
0	2
3	4
1	2
1	0
0	2
0	0
1	0
167	2553
4	199
293	4094
6	3541
35	228
3	658
1	344
101	1325
10	777
38	150
2	544
0	812
30	323
25	606
0	20
0	0
130	20
16	472
5	0
13	0
1	0
0	0
0	0
0	0
0	0
0	0
20	1125
4	90
0	5
30	1114
1	54
1	372
0	204
0	441
262	515
0	513
0	34
0	55
5	105
7	20
1000	23817
10	10704
0	14034
14	20873
56	11825
0	35
0	4710
1	3
9	537
77	675
102	522
6	204
0	12
0	136
0	69
240	34
1	6
0	0
10	3
1	20
0	20
0	20
950	7306
14	6811
0	2612
21	2085
9	168
1	1929
6	1011
4	697
1	660
159	209
0	0
0	20
0	20
0	0
0	20
0	0
1	18
0	0
1	57
52	659
16	658
0	74
0	112
2	90
1	2
0	112
0	66
3	2
0	22
0	13
0	0
6	20
0	0
0	0
0	0
0	0
0	0
0	0
0	0
20	31
0	54
0	39
2	39
0	25
0	26
28	23
0	1
4	560
0	22
53	204
0	491
0	12
7	532
0	531
11	12
0	81
1	92
0	235
0	0
0	0
0	0
21	9
0	9
0	3
5	19
304	16
0	0
0	0
76	0
0	0
0	49
5	32
14	36
0	47
0	4
2197	196
105	161
6	0
208	11
1	11
5	33
1	1
0	3
0	3
17	28
4	27
0	29
0	5
0	0
161	636
9	603
0	620
72	392
0	231
109	1349
10	1349
199	1326
0	45
98	11676
0	11676
1	7634
1	6362
64	10649
16	2865
0	3803
20	4197
2	404
96	1720
7	5084
377	5690
410	3225
2	0
1	2465
50	352
0	347
3	314
0	82
0	68
18	0
6	5
0	1
0	1
0	40
0	2
0	39
0	34
0	40
1	2
4	1
1	4
0	3
0	1748
0	1675
0	593
1	1511
2	1480
114	1389
124	311
0	480
0	166
1	0
0	1
0	1
0	548
0	548
1	446
1	103
2	1
0	1
5	61
1	61
0	0
0	0
8	2571
9	1904
6	427
6	1268
0	0
2	868
0	0
0	0
1	0
2	356
5	79
2	311
13	31
3	58
13	350
1	41
1	51
0	1
3	106
91	346
2	345
0	341
1	105
2	69
0	0
31	14
0	105
10	9
2	26
0	87
0	87
4	67
0	1
0	5
0	0
0	0
123	8
2	0
0	3
2247	313
5	65
12	134
0	15
4	99
0	0
0	0
14	2
0	2
0	0
0	0
0	38
0	3
0	4
6	12
7	62
0	0
0	0
1	6
0	21
0	2
104	2618
0	2236
15	2268
0	1752
0	1955
3	2069
20	8
0	19
1	0
0	393
0	1
0	0
0	1
0	0
0	0
0	0
0	0
35	6
2	6
0	0
2	184
15	191
1	48
0	0
12	25
0	0
0	0
4	43
1	43
0	42
118	162
9	168
0	76
0	86
0	6
2	13
6	8
1	33
23	0
85	276
0	238
2	195
1	207
1	179
8	21
0	21
1	0
1	0
0	0
106	2063
2276	2059
7	3
0	2
0	3
0	6
4	1526
0	1502
1	1575
13	1411
8	1497
103	1313
1	172
0	108
0	414
0	160
7	24
11	81
38	0
3	165
0	48
9	102
311	1099
8	197
0	1089
0	649
2	314
1	13
0	1
0	5494
0	15221
4	13325
35	654
0	432
0	9444
0	1417
0	5498
1	2052
10	507
3	14334
0	14334
2	3242
9	3505
7	2659
0	0
0	0
0	0
0	0
0	0
258	1789
0	320
2	749
0	604
12	582
2	581
9	191
34	140
0	220
0	0
70	967
4	960
34	0
0	76
34	67
0	134
0	50
0	0
0	0
0	0
0	0
0	0
0	0
0	0
0	0
0	0
1870	7
40	7
1	10
4	10
2	10
0	0
210	44
0	44
0	0
0	9
0	10
0	9
0	2
0	0
0	1
0	0
0	0
1	0
0	0
0	0
0	0
0	0
0	0
0	0
0	0
0	1
0	1
0	0
0	0
0	0
0	0
0	0
0	0
0	0
0	0
0	0
0	0
0	0
0	0
0	0
0	0
0	0
0	0
0	0
0	0
0	0
0	0
0	0
0	0
0	0
0	0
0	0
0	0
1	0
1	0
0	0
0	0
0	0
0	0
0	0
0	0
0	0
0	0
0	0
0	0
0	0
0	0
0	0
0	0
14	2
0	1
0	1
6	4
0	4
14	0
0	0
0	0
0	0
1	0
0	0
1052	2588
0	2372
23	323
293	0
0	0
0	0
0	0
0	0
1	198
4	184
1	23
0	2
0	0
0	0
0	2
12	14
1	2
0	0
0	0
0	0
0	0
0	0
7	3
0	1951
0	0
0	0
0	2
0	2
1	0
0	177
0	2292
0	2266
77	827
68	127
31	138
35	1
2	15
39	0
55	580
48	473
44	2
3	168
138	0
35	11
53	0
25	27
0	0
25	76
4	484
10	472
9	56
340	390
0	17
0	347
0	26
1	68
0	94
65	62
6	103
71	0
0	32
0	14
0	32
0	17
0	18
9	43
0	23
0	38
0	6
0	0
0	0
0	0
0	0
0	0
0	0
0	0
0	0
0	0
0	0
0	0
0	0
0	0
0	16
85	75
0	66
6	53
4	2
0	2
0	2
0	0
0	0
0	0
82	5434
0	0
0	0
0	0
119	0
10	47
4	28
1	1
1	48
0	49
0	16
0	49
0	1
0	2
570	62
0	52
0	10
0	0
0	0
0	0
0	0
0	0
0	0
0	0
0	0
0	2
0	0
0	0
0	0
0	0
0	0
0	48
0	0
0	10
18	10
1	0
3	0
0	0
0	0
1	0
0	0
0	0
0	0
0	0
0	0
0	0
0	0
0	2
0	2
0	7
0	8
0	1
0	1
0	7
2	718
14	583
16	610
0	657
0	10
50	55
11	222
8	20
2	133
0	41
19	1655
292	5863
0	677
38	5515
15	4683
2	5713
0	3918
7	359
196	3047
2	410
0	0
4	234
51	0
35	444
0	2194
6	2152
46	2165
0	2293
0	445
27	180
3	358
0	414
19	347
112	104
0	41
0	5
63	17
79	0
308	0
1	12
3	0
77	0
0	519
15	2
24	2
22	8
63	12215
3	12215
11	2461
32	11597
7	101
1	282
0	0
0	153
0	1
0	1
0	1
0	1
0	1
0	0
0	0
36	1
0	0
0	0
0	0
0	0
0	0
0	0
1	1
0	1
0	0
0	0
0	0
0	0
0	0
0	95
0	0
0	65
0	97
0	7
0	4
0	0
3	0
0	3
0	121
0	0
0	0
0	0
0	0
0	0
0	0
0	182
3403	182
18	0
95	0
0	12
0	0
0	0
0	0
0	0
0	0
0	0
0	0
1	0
71	0
39	2320
0	3903
1	205
0	231
1667	3936
62	1952
0	305
8	50
1	817
2	314
2	140
34	37
0	0
0	0
215	0
95	20
0	0
0	297
0	162
15	0
0	1427
7	91
2	0
0	0
58	0
1	0
0	0
0	0
0	0
0	0
0	0
0	0
0	0
0	0
0	0
0	0
0	0
0	0
0	0
0	0
0	0
0	0
0	0
0	0
0	0
0	0
0	0
1	6
0	0
0	0
0	0
0	0
0	0
0	0
0	0
0	0
0	0
0	0
0	0
0	0
0	0
0	0
0	0
0	0
0	0
0	0
0	0
0	0
0	0
0	0
0	0
0	0
0	0
0	0
0	0
0	0
0	3
0	0
0	0
0	0
0	0
0	0
0	0
0	0
0	0
0	0
0	0
0	0
0	0
0	0
0	0
0	0
0	0
0	0
0	0
0	0
0	0
0	0
0	0
0	0
0	0
0	0
0	0
0	0
0	0
0	0
0	0
0	0
0	0
0	0
0	0
0	0
0	0
0	0
0	0
0	0
0	0
0	0
0	0
0	0
0	0
0	0
0	0
0	0
0	0
0	0
0	0
0	0
0	0
0	0
0	0
0	0
0	0
0	0
0	0
0	0
0	0
0	0
0	0
0	0
0	0
0	0
0	0
0	0
0	0
0	0
0	0
0	0
0	0
0	0
0	0
0	0
0	0
0	0
0	0
0	0
0	0
0	0
0	0
0	0
0	0
0	0
0	0
0	0
0	0
0	7
0	0
0	0
2	7
0	0
0	0
6	2
0	0
0	0
0	0
3	1
0	0
0	0
0	0
0	0
0	0
0	0
0	0
0	0
0	0
2	3
0	0
0	0
0	0
0	0
0	0
0	0
0	0
0	0
0	0
0	0
0	0
0	0
0	0
0	0
0	0
0	0
0	0
0	0
0	0
0	0
0	0
0	0
0	0
0	0
0	0
0	0
0	0
0	0
0	0
0	0
0	0
0	0
0	0
0	0
0	0
0	0
0	0
0	0
0	0
0	0
0	0
0	0
0	0
0	0
1	0
0	0
0	0
0	0
0	0
0	0
0	0
0	0
0	0
0	0
0	0
0	0
0	0
0	0
0	0
36	33
0	15
41	33
0	23
3	26
75	1
0	0
0	3
0	0
34	304
0	301
0	15
0	0
1	419
0	0
0	0
0	0
9	15
0	0
0	0
0	0
0	0
0	0
0	0
0	0
1	0
0	0
0	0
0	0
0	0
0	0
0	0
0	2
0	6
0	0
0	0
0	0
0	0
0	0
0	0
0	0
0	0
0	0
0	0
0	0
2	4
0	0
0	0
21	0
2	8
0	0
0	0
9	7
4	6
0	0
0	0
0	0
0	0
0	0
10	0
0	0
0	0
320	0
0	0
24	0
17	0
2	9
0	0
0	0
0	0
0	0
0	0
33	4
8	0
3	4
0	0
3	9
0	1
11	1043
0	0
0	4
2	8
0	0
0	0
0	0
0	0
3797	128
4	120
9	117
1	1
0	1
1	0
107	0
3	0
0	0
3	0
0	0
0	0
0	0
0	15
0	5
0	14
0	3
7	5
0	0
0	6
0	6
0	15
0	1
0	5
0	4
0	1
0	0
0	0
0	0
0	0
0	0
0	1
0	0
0	0
0	0
3	2
0	2
0	0
0	0
0	0
0	0
10	0
110	98
677	543
3	518
1	136
15	0
71	314
9	235
9	250
36	214
429	444
2	162
25	282
0	0
203	227
13	156
32	227
8	110
0	7
0	22
0	0
0	0
0	106
0	8
0	24
0	7
2	84
4	73
0	11
0	1
0	1
613	0
0	0
0	0
0	0
0	0
0	0
1030	6855
16	7029
39	6615
3	292
0	273
0	159
14	0
0	0
14	0
0	0
0	0
1	0
0	0
0	202
105	237
1	0
0	46
1	571
46	530
0	569
7	24
0	152
0	403
0	520
0	6
0	121
2	171
1	91
15	64
37	64
6	0
0	317
5	2286
28	2170
0	2015
1	187
17	0
0	10
0	212
0	161
180	538
0	91
0	549
81	271
0	77
3	0
6	6
0	0
13	940
4	348
5	802
1	572
0	638
0	0
767	0
0	0
0	0
0	3
0	179
1444	1738
0	951
6	1233
19	15
4	0
58	19
46	186
0	0
0	0
0	0
1454	516
0	113
0	281
47	291
1	292
3	0
0	0
0	0
1	0
0	0
13	997
43	1047
5	48
52	121
0	7
5	58
0	22
0	236
1	9
21	96
0	248
0	306
0	234
0	209
0	39
0	32
0	37
0	208
2	0
0	0
213	113
0	111
3	185
6	273
0	652
15	601
0	272
0	4
0	6
0	0
0	0
0	60
7	0
0	0
4	0
1	0
0	27
1	320
0	29
0	332
21	320
0	27
2	207
0	337
1	25
349	2298
0	2362
0	668
39	960
0	1091
4	1087
0	1027
0	134
0	362
1	168
270	0
420	0
202	11
147	0
0	0
4	243
0	226
0	114
34	84
0	4
0	2
1	11
0	21
2	33
0	0
0	0
25	35
0	4
0	21
0	0
46	130
11	370
0	400
12	354
1	48
3	48
0	86
0	86
0	319
1	28
0	49
7	120
0	73
0	0
4	0
717	11199
0	6308
52	11398
3	3652
0	5987
3	0
0	0
1	0
20	10
0	10
0	0
0	0
0	0
3088	648
0	513
6	51
29	15
46	17
0	130
1	4
0	4
0	0
0	0
0	20
0	1
0	20
8	0
0	20
0	0
0	1
7	0
0	0
0	0
0	0
0	0
0	0
0	0
0	2
0	2
0	1
0	0
0	0
0	0
0	0
0	0
0	0
0	0
0	0
2200	601
28	599
0	0
0	0
0	0
0	0
0	0
0	0
0	0
0	0
0	0
0	0
0	0
0	0
0	0
0	0
0	0
0	0
0	0
0	0
0	0
0	0
0	0
0	0
0	0
0	0
0	0
6	0
0	0
205	843
5	685
22	348
58	122
4	122
21	0
24	3
2	30
0	0
0	8
26	28
0	1
0	1
0	0
1	0
0	0
1	0
0	0
2	1
0	1
0	0
0	0
0	0
0	0
0	0
0	0
0	0
0	0
0	0
0	0
0	0
0	0
0	0
0	0
0	0
0	0
0	0
0	0
0	0
0	0
0	0
0	0
0	0
0	0
0	0
0	0
0	0
0	0
0	0
0	0
0	0
0	0
0	0
0	0
0	0
1031	267
0	51
0	0
0	4
5	0
127	32
77	186
0	0
0	0
21	135
0	0
9	391
0	0
0	0
0	0
1	0
4	0
1	0
0	0
0	0
1	0
0	0
0	0
29	2
1	2
0	480
19	500
0	29
3	496
40	6
22	0
33	0
927	2603
10	1544
2	153
0	47
2	126
2	134
122	0
8	102
0	52
0	52
0	151
78	0
0	54
27	738
151	42
50	178
4	438
78	0
0	0
378	856
0	415
4	425
523	1283
2	312
0	383
472	197
0	82
9	197
0	28
33	66
0	0
2	0
12	0
0	0
1	0
0	0
4	0
0	0
0	0
0	0
8	11
0	11
1378	133
2	0
0	129
6	17
0	0
0	0
0	0
0	0
0	0
0	0
9	4
1	0
0	0
0	4
0	0
0	0
80	325
257	329
18	293
0	22
0	73
4	15
0	0
2	39
0	13
0	0
0	0
1	0
0	0
0	0
0	0
0	0
1	0
0	0
1	81
0	84
0	65
0	14
0	3
0	3
0	11
0	0
2	0
0	0
0	0
0	1
0	0
16	19665
7	19299
14	1459
53	495
156	0
148	0
48	0
0	5828
14	2889
21	1334
97	67
2	693
11	396
16	2055
0	614
0	0
0	400
236	16
189	3
0	2706
15	126
97	0
0	0
486	66
3	66
0	0
6	459
0	463
1	260
0	126
0	100
0	18
0	0
0	0
0	0
0	143
0	0
0	0
0	0
0	0
0	0
0	0
0	0
0	0
78	61
0	21
0	40
0	40
0	0
0	4
0	0
18	32
0	6
0	0
0	1
1	24
0	2
0	1
0	0
1	0
0	0
0	0
0	2
0	2
0	0
0	0
0	0
0	0
1	0
307	181
0	181
7	0
15	287
7	66
3	25
0	230
0	79
0	35
1	0
21	0
6	154
193	154
0	0
0	0
0	0
11	717
10	856
8	626
23	0
0	644
1	65
0	2
0	35
0	51
0	111
3	101
58	158
1	97
1	138
0	79
1	0
0	0
1	1
0	1
6	8
0	3
0	7
0	0
14	1985
10	2355
97	2257
4	793
2	818
1	412
3	190
0	230
10	158
0	16
0	0
0	0
23179	1793
507	1792
256	2
369	2
0	0
0	2
0	2
0	0
0	1
0	1
0	1
0	0
0	0
0	2
3	45
7	193
1	173
1	109
0	0
0	13
0	10
185	2500
0	73
0	55
0	938
0	2440
4	2242
15	2175
9	236
0	0
1	122
2	222
38	117
38	39
0	239
0	377
0	286
94	255
1	147
9	0
0	0
0	0
0	0
0	0
0	0
0	0
0	0
0	0
0	0
0	0
0	0
0	0
0	0
0	0
0	0
0	0
0	0
0	0
0	0
38	188
1	9
0	180
10	81
0	113
0	3
0	1
3	148
0	148
0	144
0	125
0	0
0	0
0	0
0	0
0	0
0	0
0	0
0	0
0	0
160	83
3	78
10	51
4	7
0	0
2	0
0	56
1	0
1	0
3	450
0	45
0	445
0	71
1	0
0	14
0	0
874	93
0	91
0	0
0	0
4	0
307	0
1382	0
0	0
15	1663
5	1255
16	1663
10	789
19	0
72	0
1	0
0	0
29	0
358	2535
0	2541
40	903
2	291
0	125
2	605
65	264
51	0
0	0
12	1790
29	812
8	1723
39	65
66	0
201	2633
12	2071
17	1976
3	1212
12	918
0	893
0	773
1	407
26	112
4	70
484	0
0	1
3	11
0	0
0	7
0	1
0	11
56	636
87	636
2	628
9	579
3	304
0	532
0	38
0	23
8	4
18	20
1	1358
0	1263
20	771
0	917
111	115
0	1343
7	1299
0	174
2	61
0	242
1	687
4	100
3	162
0	1
21	122
0	112
16	125
8	132
0	37
1	29
0	34
15	22
0	0
8	2122
0	2078
0	2119
2	2000
0	86
9	457
16	51
0	92
0	55
0	30
1	46
8	96
0	53
0	53
20	73
10	49
5	31
10	27
0	27
38	11
8	8
7	79
0	1589
8	2335
0	487
17	457
6	23
0	166
10	842
87	911
3	61
3	2
5	24
7	584
0	60
11	173
0	681
11	583
19	476
5	599
0	40
2	48
3	38
87	1261
59	2303
0	2304
4	2302
0	141
44	180
0	86
0	50
6	0
0	0
2	25
4	262
1	261
0	2
2	1
0	0
2	7
0	186
7	4
0	10
1	28
863	100
0	17
2	27
0	47
5	0
9	16
2	0
111	18
16411	6283
0	825
321	53
148	5329
0	0
0	0
149	4000
0	1017
0	170
356	357
3	51
7	22
2	143
29	142
4	64
1	438
0	455
0	449
0	419
0	100
5	106
0	93
0	57
0	26
1	11
0	9
1	19
0	3
0	13
0	54
3	714
0	0
75	0
18	845
0	845
31	1669
2	452
0	836
0	762
2	838
95	773
0	0
1	0
13	0
1684	325
17	2
0	106
3	63
4	182
10	1
0	0
0	1
0	0
0	0
1	0
0	0
355	79
0	2
1	36
1	52
108	4051
76	9275
7	4114
22	7804
32	5059
19	1176
1	150
1	148
0	53
17	3
0	10
4	8
8	19
0	3
5	1
0	0
4	0
1	33
0	106
0	90
0	85
4	37
0	16
0	4
0	7
2	2
0	0
0	0
0	0
1	44
91	12
2	11
2	59
0	10
25	16
0	36
6	50
0	0
0	0
0	0
7	0
17	209
127	462
0	412
22	1
710	461
0	478
3	467
4	387
0	0
0	0
0	170
5	32
0	89
11	104
4	12
0	0
0	0
184	1863
0	14
1	1844
81	85
4	81
0	81
1	73
56	60
1	0
11	0
1886	890
3	463
27	354
1	75
0	0
0	212
31	124
3	42
3	152
0	0
0	113
25	35
1	55
31	0
425	90
26	88
29	48
16	0
0	0
22	0
0	0
0	0
0	0
0	0
0	0
0	0
0	0
0	65
0	27
0	95
7	8
1	74
2	84
0	15
2	0
0	32
0	4
263	159
0	113
2	0
1	23
1	21
10	16
0	16
0	0
7	0
2	0
0	225
0	1200
38	637
10	1185
43	40
0	115
6	0
68	23
66	0
0	0
0	0
0	0
0	0
0	0
0	0
391	0
0	0
0	0
0	0
0	0
0	0
0	0
0	0
0	0
0	0
0	0
0	0
0	0
0	0
0	0
0	0
0	0
0	0
0	0
0	0
0	0
2	83
0	12
63	122
6	112
1	24
1	7
117	24
330	127
6	10
7	126
26	117
1	18
139	0
16	325
0	265
32	128
1	0
5	60
11	0
0	3
0	3
447	67
0	0
0	0
0	0
0	0
0	0
1	0
2	0
0	0
0	0
2028	0
2	242
881	544
1	210
55	136
0	397
0	160
96	254
0	70
1	184
16	62
11	134
2819	243
0	58
219	176
2	2
0	2
0	2
0	0
0	0
0	0
0	224
0	218
0	218
0	2
2	5
0	17
0	0
0	0
0	32
0	28
0	0
1	0
0	19
0	4
0	6
0	0
0	0
107	0
1	0
3	0
0	0
58	30
0	18
0	15
0	0
1	2
152	2145
3	2155
1	2169
187	570
3	717
0	567
1	533
95	332
4	4
0	55
2	0
0	0
0	0
2	0
0	0
0	0
0	0
0	0
0	0
0	0
0	0
0	0
0	0
0	0
0	0
0	0
0	0
0	0
0	0
0	0
0	0
0	0
0	0
0	0
0	0
0	0
0	0
0	0
0	0
0	0
0	0
0	0
0	0
0	0
0	0
0	0
0	0
0	0
0	0
0	0
0	0
0	0
0	0
0	0
0	0
2	0
0	0
0	0
0	0
0	0
0	0
0	0
0	0
0	0
0	0
0	0
0	0
0	0
0	0
0	0
0	0
0	0
0	0
0	0
0	0
0	0
0	0
0	0
0	0
0	0
0	0
0	0
0	0
0	0
0	0
0	0
0	0
0	0
0	0
0	0
0	0
0	0
0	0
0	0
0	0
0	0
0	0
0	0
0	0
0	0
0	0
0	0
0	0
0	0
0	0
0	0
0	0
0	0
0	0
0	0
0	0
0	0
0	0
0	0
0	0
0	0
0	0
0	0
0	0
0	0
0	0
0	0
0	0
0	0
0	0
0	0
0	0
0	0
0	0
0	0
0	0
0	0
0	0
0	0
0	0
0	0
0	0
0	0
0	0
0	0
0	0
0	0
0	0
0	0
0	0
0	0
0	0
0	0
0	0
0	0
0	0
0	0
0	0
0	0
0	0
0	0
0	0
0	0
0	0
0	0
0	0
0	0
0	0
0	0
0	0
0	0
0	0
0	0
0	0
0	0
0	3
0	0
5	3
0	38
0	40
0	19
0	17
0	31
0	0
0	0
0	0
0	0
0	0
0	0
0	0
0	0
0	0
0	0
0	0
0	0
0	0
0	0
0	0
0	0
1996	1257
685	399
0	1073
8	397
23	587
89	0
0	0
35	11
0	11
0	0
5	870
0	0
0	0
0	0
774	561
0	193
28	0
26	420
0	50
0	194
0	20
33	0
0	0
0	0
4	112
0	90
0	0
12	0
824	0
0	0
0	0
98	931
0	928
0	1
0	1
0	1
0	1
0	236
5	167
0	133
1	125
0	49
0	33
0	0
1	5
1	0
8	15
8	0
7	34
0	26
9	9
1	8
0	0
1	0
0	12
1	0
0	0
66	501
5	295
7	360
8	325
0	234
6	91
0	27
60	25
0	943
0	943
7	236
0	764
37	52
10	103
46	21
9	229
0	289
7	0
0	82
5	160
4	107
1	15
0	15
4	15
24	12
1	3
1	3
43	0
27	0
0	0
1	19
5	15
1	19
0	8772
198	9279
0	8713
124	239
0	687
0	8833
593	405
0	8888
0	9354
0	293
823	2
439	0
0	8020
16	5989
379	0
56	622
467	2
99	45
262	2
0	0
0	0
0	0
0	0
0	0
389	382
0	945
3	1839
12	2058
0	2009
0	1883
4	3394
0	3489
0	909
0	1962
12	0
234	1
5	1022
2	62
0	955
0	1070
101	30
0	1056
0	19
30	833
19	0
824	658
0	401
0	364
7	723
0	108
66	426
3	353
0	339
4	291
16	457
90	462
4	217
3	28
16	4
8	0
617	60
29	62
1	1
0	0
0	1
0	160
0	61
0	0
0	0
32	0
3	0
2	0
0	161
3	56
4	135
0	0
0	0
1	0
2	0
6	0
0	0
1	0
3	0
0	0
2	0
2	3
2	3
4	0
9	0
8	0
2	0
1	0
0	0
0	179
0	176
1	54
0	175
1	0
0	19
0	122
1	0
3	0
0	64
1	0
0	0
0	0
1	7
1	15
0	77
0	13
0	11
16	0
0	7
4	0
2	37
151	434
12	434
0	98
0	105
0	98
7	3
5	87
0	87
0	30
0	37
0	28
9	0
7	0
414	29
553	2713
90	2594
11	124
380	198
0	116
0	0
0	0
734	822
0	1105
0	1104
3	114
195	104
0	6
0	20
13	0
1	102
0	84
129	24
3	25
0	7
0	0
41	64
214	1334
5	244
13	161
1	1325
12	0
0	0
0	0
0	0
0	2
0	2
17	0
0	0
1	0
24	992
0	929
0	0
0	0
1	0
0	0
0	0
0	0
0	0
3	0
0	0
0	0
0	0
0	0
0	0
0	0
0	0
0	0
0	0
1	7
88	4128
3	132
0	0
0	0
10	6
0	63
1202	4021
1	3998
0	0
0	0
0	0
0	0
64	54
0	0
60	118
0	61
19	0
17	27
9	365
4	0
0	0
0	0
0	0
0	0
0	0
0	1
0	1
170	350
3	83
0	277
0	63
36	1
3	53
813	305
9	305
0	340
14	340
1	229
7	37
1	20
16	21
272	0
142	143
2	85
1	98
0	49
5	86
2	47
868	896
0	896
0	0
47	25
4	25
1	125
0	69
0	125
0	125
0	121
1	132
441	1375
12	853
2	372
4	19
0	0
1	159
0	228
37	265
0	203
0	129
5	207
2	163
0	194
1	243
4	82
0	108
3	26
4	60
6	118
2	102
0	75
0	26
50	0
168	12
31	1866
833	1947
8	90
0	0
0	316
0	0
2	0
0	0
150	1
3	695
3	26
0	102
12	2
0	2
825	595
2	103
63	490
156	89
0	81
0	17
54	0
0	0
7	234
4	3205
10	274
0	3487
0	2628
1	1116
0	0
0	0
0	0
11	1059
0	384
0	973
9	974
0	918
0	956
7	50
0	12
0	1
0	41
0	22
0	21
0	56
1	0
1	8
1151	1408
34	1408
343	0
28	138
11	2
8	0
3	1
0	1
41	0
211	767
1	699
4	314
37	1
1	60
4	293
0	296
0	292
0	292
0	279
0	282
6	273
2	0
0	0
0	0
0	1
0	1
0	0
0	0
1	0
0	0
0	12
9	447
0	446
0	0
0	0
129	1006
10	858
8	597
95	73
7	46
5	65
84	11
0	89
1	26
0	440
0	179
0	71
354	49
0	0
4	0
58	16
0	16
23	290
2021	373
17	154
6	147
0	0
0	0
0	8
0	46
4	48
0	46
0	34
0	4
0	0
107	1077
3	721
0	20
0	0
3	2
46	571
1	2
0	0
17	491
6	324
0	78
0	0
4	46
11	0
0	0
1123	299
6	68
3	152
0	148
0	96
0	101
1	0
82	5
0	5
1	13
0	0
0	369
0	361
0	361
21	152
90	194
0	352
0	357
0	352
0	53
8	0
13	4508
234	4503
1	4500
4	4500
0	1085
6	391
0	128
55	163
1	0
0	5
0	7
0	156
0	5
9	2
1	39
4	1
0	0
0	0
2	1
5757	12566
63	10094
6	5521
232	8134
0	447
41	6547
51	0
0	0
6	4560
1	4541
16	2292
0	74
4	80
0	0
0	0
0	72
0	99
0	78
167	32
2	79
103	0
25	0
0	0
0	0
4	891
2	893
103	893
0	98
0	4
15	4
0	0
0	3
3	32
0	43
0	43
0	15
1	15
7	0
0	0
0	0
0	0
0	0
0	0
0	0
0	0
1	0
187	0
47	2282
0	2092
0	1999
0	2109
17	692
0	741
0	743
0	729
8	505
0	2
1	0
1	0
0	0
0	0
0	0
0	0
3	0
0	0
0	2
1799	31
40	31
0	1
0	0
19	2
5	117
0	115
0	51
669	742
0	666
0	571
0	723
13	217
14	90
20	404
2	144
34	4
4	90
231	117
0	117
4	1
7	1
0	53
3	1644
13	1695
26	462
46	1738
302	1709
0	1771
5	1211
2	0
2179	2560
23	624
0	1696
3	2523
19	39
0	39
0	39
3	9
0	26
0	19
0	216
597	911
5	413
0	274
3	118
0	1524
163	1639
10	806
8	447
6	0
1	1011
0	240
38	11
0	92
0	645
4	33
0	0
0	39
1	51
15	0
2	0
0	0
0	115
0	115
0	0
0	0
0	0
0	0
1669	4081
2	852
549	788
4	3287
11	1285
8	1831
2	1523
2	794
0	639
5	285
13	181
2	1
0	1
0	1
0	0
0	0
26	0
125	244
0	244
0	0
76	839
0	43
31	731
0	387
3	345
8	314
5	297
2	74
0	0
0	0
39	0
9	0
0	5716
721	6311
14	6421
22	0
38	426
0	173
0	159
0	173
0	159
0	182
0	168
0	64
0	25
0	30
0	31
2	29
0	10
0	0
0	0
6	1594
0	8
7	42
0	117
42	1590
4	23
0	867
0	82
0	4
0	0
2	6
0	81
5	0
20	32
0	29
1	4
0	4
0	4
2	0
1394	1381
7	1381
1	207
8	27
0	0
385	26
23	24
0	0
13	2
36	357
0	343
0	323
4	253
0	0
5	14
0	0
0	0
0	291
3	2185
31	2227
4	654
232	414
0	151
210	119
0	18
161	11
63	0
4	110
140	10
212	2
0	6
146	299
0	288
1	61
1	270
6	251
0	19
0	31
10	24
0	22
2	32
0	18
7	29
14	16
2	13
0	6
13	2
153	8289
0	8289
0	0
21	8248
1	7904
14	2882
0	4437
12	5985
1	1217
2	2741
8	1929
19	0
2	2830
0	0
3	2639
3	0
0	11
0	5
19	15
30	2544
90	2340
47	95
0	18
0	32
0	48
2	27
0	127
0	485
48	1901
1	28
0	34
0	0
1	249
36	0
10	424
1	2482
22	2368
0	2185
0	2187
0	2473
0	2454
0	25
19	7
3	415
0	91
0	101
0	0
0	1
11	7
13	0
2	0
8	466
2	1
0	1
0	219
175	885
1	822
12	182
101	826
1	124
2	668
0	152
0	97
0	0
0	195
10	5
17	0
1	0
16	3045
15	3039
2	1505
26	321
1	2519
2	416
0	37
0	84
38	5
89	122
0	1
10	4
2	96
0	92
4	40
5	39
0	6
0	0
0	0
0	0
0	1
0	0
0	0
0	0
0	0
0	0
0	1
0	1
0	1
0	0
0	0
0	0
0	0
0	1
0	1
0	0
0	109
0	0
0	253
1	0
0	210
4	7
1	165
1	371
19	182
0	9
16	114
7	8
0	151
0	334
0	0
0	83
0	0
1366	360
0	360
83	0
0	86
0	91
0	35
1	77
1	88
5	85
0	86
2	55
0	72
1	68
33	3448
7	527
0	0
0	0
1416	7063
40	4421
17	592
0	0
125	2821
0	218
3	265
25	99
0	99
78	73
0	17
13	900
3	880
28	449
8	64
1	85
4	37
2	21
4	397
54	137
0	13
7	112
7	254
1	329
1	211
0	129
0	261
9	42
2	264
0	86
15	77
0	45
0	3
0	3
0	0
1	0
0	0
0	0
0	0
0	0
3	0
0	0
1325	2433
32	2436
0	2528
92	1960
0	2115
2	102
150	775
108	278
0	2
1	9
6	1643
6	101
0	0
0	297
1	115
0	444
10	1679
3	390
0	449
23	192
0	855
32	136
0	281
4	15
0	328
6	599
3	742
0	1442
1	253
0	232
0	163
10	1467
0	307
18	431
2	475
50	475
0	80
29	3659
298	459
47	742
9	3595
1	1916
0	0
30	256
7	228
2	113
0	120
1836	544
0	111
44	32
7	0
16	0
4	16
22	31
2	394
0	0
0	0
0	0
0	0
0	0
0	0
0	25
0	0
0	0
0	0
0	0
0	0
0	0
24	600
3	600
2	92
0	92
12	0
0	0
1	1
0	1
0	0
0	0
5	0
0	0
0	0
0	0
0	0
0	0
0	0
0	1
1	0
0	0
0	0
0	0
0	0
12	258
2	258
14	1
13	66
3	54
27	0
0	0
0	0
74	0
0	0
0	0
0	0
0	0
0	0
0	0
13	159
4	210
8	114
2	51
0	47
0	46
10	47
0	0
0	0
0	0
0	0
0	0
0	0
0	0
0	0
0	0
0	0
0	0
0	0
0	0
0	0
0	0
0	0
0	0
0	0
0	0
0	0
0	0
0	0
0	0
0	0
0	0
0	0
0	0
0	0
0	0
0	0
0	0
0	0
0	0
0	0
0	0
0	0
0	0
0	0
0	0
0	0
0	0
0	0
0	0
0	0
0	0
0	0
0	0
0	0
0	0
0	0
0	0
0	0
0	0
0	0
0	0
0	0
0	0
0	0
0	0
0	0
0	0
0	0
0	0
0	0
0	0
0	0
0	0
0	0
0	0
0	0
0	0
0	0
0	0
0	0
0	7
0	0
0	0
0	0
0	0
0	0
0	0
0	0
0	0
0	0
0	0
0	0
0	0
0	0
0	0
0	0
0	0
0	0
0	0
0	0
0	0
0	0
0	0
0	0
0	0
0	0
0	0
0	0
0	0
0	0
0	0
0	0
0	0
0	0
0	0
0	0
0	0
0	0
0	0
0	0
0	0
0	0
0	0
0	0
0	0
0	0
0	0
0	0
0	0
0	0
0	0
0	0
0	0
0	0
0	0
0	0
0	0
0	0
0	0
0	0
0	0
0	0
0	0
0	0
0	0
0	0
0	0
7	0
0	0
0	0
0	0
0	0
0	0
0	0
0	0
0	0
0	0
0	0
0	0
0	0
0	0
0	0
0	0
0	0
0	0
34	126
141	126
0	68
0	51
0	0
0	0
0	0
0	0
0	0
0	0
0	0
0	0
1	0
0	0
0	0
0	0
0	0
0	0
0	0
0	0
0	0
0	0
0	0
0	0
0	0
0	0
0	0
0	0
0	0
0	0
0	0
0	0
0	0
1	0
0	0
0	0
0	0
0	0
0	0
0	0
0	0
0	0
0	0
0	0
0	0
0	0
0	0
0	0
0	0
0	0
0	0
0	0
0	0
0	0
0	0
0	0
0	0
3	3
0	0
0	0
0	0
0	0
30	71
267	202
0	31
1	39
0	47
0	0
0	162
20	672
19	672
2	524
0	0
134	119
0	0
0	102
2	220
5	525
6	642
22	316
2	10
278	4
2	5
17	5
0	82
1	87
408	769
0	768
0	0
2	7
0	2
0	2
3	4
0	0
2	5
12	0
0	0
882	101
0	100
2	0
0	0
568	440
174	441
0	132
6	81
0	0
12	5
0	5
0	0
0	0
0	0
0	0
0	0
0	0
0	0
0	1
0	1
0	0
0	0
0	0
0	0
0	1
0	0
0	1
0	0
0	1
0	1
0	0
0	0
0	0
0	8
0	8
0	0
0	0
0	0
0	0
0	0
0	0
0	0
0	0
0	0
0	0
0	0
0	0
0	0
0	0
4	50
0	0
0	0
0	0
0	0
0	0
0	0
0	0
0	0
0	0
0	0
0	0
0	0
0	0
0	0
0	0
0	0
0	0
0	0
0	0
0	0
0	0
0	0
4	4
0	0
0	0
0	0
0	0
0	0
0	0
0	0
0	0
0	0
0	0
0	0
0	0
0	0
0	0
0	0
0	0
0	0
0	0
0	0
0	0
0	0
0	0
0	0
0	0
0	0
0	0
0	0
0	0
0	0
0	0
0	0
0	0
0	0
0	0
0	0
0	0
0	0
0	0
0	0
0	0
0	0
0	0
0	0
0	0
0	0
0	0
0	0
0	0
0	0
0	0
0	0
0	0
0	0
0	0
0	0
0	0
0	0
0	0
0	0
0	0
0	0
0	0
0	0
0	0
0	0
0	0
983	1383
0	0
0	0
0	0
0	358
0	1337
0	1402
1	1074
0	1240
18	1350
4	207
80	77
0	40
2	199
16	117
1	7
0	0
0	0
2	2
0	2
0	1
2	0
0	0
1397	0
14	0
434	518
6	471
0	118
0	443
0	270
0	270
1	270
0	447
0	417
0	232
0	448
0	162
0	231
0	68
0	40
1	85
0	112
1	105
0	87
0	50
0	54
0	50
0	34
2	54
4	1
0	1
3	440
6	561
0	572
5	561
25	14
17	70
11	52
1	140
7	72
22	0
7	1372
73	1145
0	1083
1	996
8	685
0	842
3	364
3	533
0	449
0	130
1	12
1	268
0	244
3	172
91	470
3	324
1	236
2	146
3	274
2	302
2	269
0	55
0	153
0	134
0	103
0	208
0	196
1	108
0	104
0	161
0	45
0	15
0	12
0	0
39	86
5	2
0	21
0	47
130	522
3	520
4	142
0	92
1	92
0	62
11	1941
20	1296
30	1863
28	952
0	366
1	649
548	993
0	578
0	422
1	52
0	139
0	174
0	588
6	883
3	501
14	220
138	1458
84	1354
4	305
1	403
0	440
10	296
0	212
0	138
0	69
3	80
843	647
3	41
0	0
0	606
342	658
0	527
20	546
0	335
0	97
659	0
9467	6840
0	0
5	0
0	4456
0	4460
2	0
7	57
6	202
0	5
2	8
6762	9951
0	4860
0	0
0	4588
0	4592
5	202
0	8
166	8032
81	2
0	0
3	293
405	386
264	31
0	0
0	0
0	0
0	0
0	0
0	0
0	0
0	0
0	0
0	0
0	0
0	0
0	0
0	0
0	0
0	0
0	0
0	0
0	0
0	0
0	0
0	0
0	0
0	0
0	0
0	0
0	0
0	0
0	0
0	0
0	0
0	0
0	0
0	0
0	0
0	0
0	0
0	0
0	0
0	0
0	0
0	0
0	0
0	0
0	0
0	0
0	0
0	0
0	0
0	0
0	0
0	0
0	0
0	0
0	0
0	0
0	0
0	0
0	0
0	0
0	0
0	0
0	0
0	0
0	0
0	0
0	0
0	0
0	0
0	0
0	0
0	0
0	0
0	0
0	0
0	0
0	0
0	0
0	0
0	0
0	0
0	0
0	0
0	0
0	0
0	0
0	0
0	0
0	0
0	0
0	0
0	0
0	0
0	0
0	0
0	0
0	0
0	0
0	25
7	25
1	22
0	22
84	31
1	31
3	0
19	13
285	1104
46	13
0	89
101	1095
0	0
1	98
0	94
0	1
0	1
0	0
0	0
0	0
0	1
0	1
0	1
0	0
0	0
0	0
0	0
0	0
0	0
0	0
0	0
0	0
2	23
0	0
0	0
0	0
0	0
0	0
0	220
0	0
0	0
0	0
0	0
0	0
0	0
0	0
0	0
0	0
0	0
0	0
0	0
0	0
0	0
0	0
0	0
1	174
0	65
0	0
0	0
0	0
0	0
0	0
0	0
0	0
0	0
0	0
0	0
0	0
0	1
0	1
0	0
0	0
0	0
0	0
0	0
0	0
0	0
0	0
0	0
0	0
0	0
0	0
0	0
0	0
0	0
0	0
0	0
0	0
0	0
0	0
0	0
0	0
0	0
0	0
0	0
0	0
0	0
0	0
0	0
0	0
0	0
0	0
0	0
0	0
0	0
0	0
0	0
0	0
0	1
0	1
0	1
0	0
0	0
0	0
0	0
0	0
0	0
0	0
0	0
0	0
0	0
0	0
0	0
0	0
0	0
0	0
0	0
0	0
0	0
0	0
0	0
0	0
0	0
0	0
120	0
3759	692
8	352
22	344
0	2
0	0
117	37
0	37
2	1
2	259
0	283
3	81
9	35
2	16
0	0
0	0
4	15
1	15
0	14
0	0
0	0
0	6
0	6
0	6
0	3
0	1
2	0
7	0
5	6
0	6
0	6
0	0
1789	12005
169	897
5	1614
1	9159
13	3340
32	9
0	6
0	0
2	0
0	1799
0	1241
0	1273
1	1857
0	159
21	859
0	9
0	113
13	73
4	73
6	8
0	0
146	92
5	48
0	44
0	5
0	5
0	0
0	0
122	1349
1	1337
0	25
88	4
0	4
1	55
0	56
0	1
0	0
0	226
7	252
0	166
0	168
1	15
13	561
6	2485
50	2517
9	4
26	40
27	592
1	43
0	130
99	1320
1	1132
1	1292
5	359
0	232
0	231
0	349
39	251
41	123
0	0
0	2
0	2
0	2
0	0
0	0
1179	6911
180	3597
63	5043
11	2197
21	0
169	36
8	0
40	0
0	608
0	685
37	737
0	696
2	81
1	0
626	0
1051	305
51	20
7	305
29	229
2	0
12	16
6	3173
0	3136
0	2447
7	232
3	214
27	108
0	135
25	1241
0	1141
0	163
0	0
27	873
2	644
1	170
71	2
0	122
0	0
0	0
0	0
151	1
2	1
0	0
0	0
6	0
11	761
0	33
3	757
159	754
60	185
6	93
0	72
2	136
4	1
0	3
0	0
1034	1674
5	1468
4	410
1	201
13	182
7	513
2	50
7	149
4	74
118	1
797	277
1	277
5	2619
29	2942
3	2928
0	0
2	80
30	360
3	29
3	174
868	2196
0	1689
22	66
6	146
19	38
0	50
16	98
1	75
17	456
4475	21323
95	21140
0	1389
34	1386
84	923
22	871
27	761
33	1803
189	689
59	2995
15	1686
10	2182
6	1163
118	172
33	78
1	0
14	0
2	3
0	6
39	3
64	7
0	0
0	0
0	291
18	291
0	0
0	13
0	0
0	6174
78	5459
217	1202
3	5999
114	455
161	876
4109	4
1400	1845
11	944
40	1762
8	1522
151	640
0	120
0	261
19	261
0	238
2	156
0	227
2	162
6	32
0	2136
2904	2140
62	191
17	1291
13	0
0	77
4	3
0	0
0	0
26	3
0	811
0	2629
0	2633
0	2629
0	970
1	165
8	9
0	0
0	514
0	2555
2	65
0	442
5	429
0	285
13	446
0	88
2	56
122	27
344	0
0	0
1	0
0	0
0	0
0	0
6	870
1	669
0	847
1	729
51	1
0	0
6	22
1	643
46	691
22	658
0	586
0	0
43	13
9	16
0	0
0	0
0	0
12	5932
0	779
54	1229
51	5523
0	4960
18	828
14	7
9	56
0	0
0	0
307	634
110	250
35	113
1	0
0	0
0	0
0	0
0	0
1238	424
119	418
216	1932
55	1932
0	0
2	0
4575	916
1	804
73	112
698	2335
3	2133
31	612
13	138
44	0
2	2
10	2
1408	225
0	71
41	18
3	154
6	44
1	54
0	26
0	19
0	26
0	23
0	22
1	0
0	0
0	0
0	3
0	3
0	0
0	0
0	0
64	7800
0	6544
26	10
0	10
2	0
0	0
0	17
0	90
4	0
0	84
1	2
0	1
1	72
0	6
0	0
0	0
0	1
0	0
0	0
0	0
0	0
0	0
0	0
0	0
18	3
13	16
2	13
0	15
0	1
99	1108
0	1106
0	1104
0	1120
4	642
0	314
0	317
0	330
18	230
0	68
40	225
0	13
3	10
4	42
11	0
37	0
0	0
2	0
0	16
5	163
0	0
0	0
4	130
3	0
116	2242
4	1395
0	1686
3	1992
4	1766
5	361
0	361
4	1837
0	1454
107	1372
37	1435
0	1434
0	1371
1	892
3	102
61	722
39	0
0	183
2	199
0	100
0	169
0	102
1	1
0	3
0	3
11	3
11	7449
7	5440
0	3894
0	5689
0	2229
0	5391
10	885
0	219
0	0
1	24
65	60
8	36
4	5792
6	1811
0	1946
62	4225
13	4
8	1233
106	1323
100	0
29	0
22	0
0	0
33	224
0	3
1	224
0	21
6	0
14	0
0	0
0	0
0	0
88	2580
0	0
0	0
6	103
291	103
17	0
2	38
0	0
1076	6995
1	6983
2	6628
29	3264
6	2102
9	2071
0	1786
2749	1120
1	914
0	533
0	196
0	142
3	387
1479	11069
0	10544
0	132
38	72
0	0
85	63
87	11
3	1681
86	1103
63	881
138	669
117	0
1	0
1	0
0	0
0	0
0	0
0	52
0	52
0	53
2	33
0	0
4	1
0	0
2948	4
0	341
15	79
85	420
1	340
23	107
316	165
5	164
2	30
0	1
0	0
0	0
0	0
0	0
0	1584
0	1506
1	1575
0	198
8	966
1	0
1091	811
0	694
3	729
0	113
32	463
0	463
129	379
1	183
5	73
7	2
47	1801
0	0
3	642
18	341
0	1447
0	1669
18	102
1	173
48	17
4	28
7	1316
7	0
20	0
1	145
1	42
2	287
0	3
0	340
27	4
0	0
0	2159
0	2159
0	1823
1	1145
1	350
2	485
1	212
41	1
2	3
3	6
0	7
0	6
0	3
20	0
271	171
0	122
0	36
2	53
0	0
0	0
0	0
0	0
0	0
0	0
0	1
0	1
0	0
0	0
0	0
0	0
0	0
0	0
0	0
0	0
0	0
0	0
0	0
0	0
0	0
0	0
0	0
0	0
0	0
0	0
0	0
0	0
0	0
0	0
0	0
0	0
0	0
0	0
0	0
0	0
0	0
0	0
0	0
0	0
0	0
0	0
0	0
0	0
0	0
1187	94
5	94
0	0
1	1620
1	918
0	0
0	0
1	4577
0	4679
169	4571
43	3777
0	4577
1	58
4	58
80	725
1	547
0	80
34	362
5	376
0	392
3	345
4	5
10	115
11	116
0	125
0	120
10	49
0	18
1	3
28	1
0	3
0	21
2	2
299	525
0	521
1	505
0	240
0	88
0	34
30	8
0	63
28	38
1	21
2	54
0	39
3	76
0	76
0	11
0	1
0	1
0	0
0	0
0	19
0	0
0	0
0	0
0	0
13	716
10	98
0	641
0	0
0	16
0	18
3	17
0	5
0	1
0	0
3109	12
58	19
6	19
0	0
2	0
1	0
0	0
0	0
0	0
0	2
0	2
0	2
0	0
0	0
0	0
0	0
0	0
0	0
0	0
0	0
0	0
0	0
0	0
0	0
4	0
3010	3753
8	1233
0	841
0	2720
2	493
8	934
4	0
0	0
0	0
0	0
3	82
7	78
3	9
1	46
2	123
206	631
0	52
0	70
0	23
2	384
102	168
0	0
0	3
0	5
0	4
0	4
0	0
0	0
0	0
0	0
0	0
1025	3121
17	59
5	3119
0	405
0	2695
1	0
12	3
14	460
11	0
0	726
0	261
2	918
0	1132
35	1278
25	5
316	67
0	61
24	6
1	0
0	0
0	0
0	0
0	0
0	3
0	0
58	0
310	2109
5	0
0	1048
270	0
0	0
226	0
11	0
118	0
48	1062
22	0
0	0
0	0
0	0
0	0
0	0
0	0
0	1
0	0
0	0
0	0
1	0
18	0
0	0
0	0
0	0
0	0
1299	34
2	30
0	1
0	1
372	0
0	0
30	405
4	405
1	4
1	878
0	31
272	878
1	751
2	0
0	398
5	400
2	290
11	5
14	31
1	15
103	281
0	314
19	232
1319	447
89	321
86	176
0	155
0	125
346	693
1	4
41	1043
167	251
5	590
0	404
0	513
50	239
1	6
4	0
5	272
0	130
0	75
0	200
0	35
0	74
2	137
0	163
5	91
22	0
0	0
121	1194
155	1230
1	49
16	0
1	305
390	124
0	124
0	82
529	0
119	1374
87	1374
1769	57
2	57
0	0
0	0
2	334
49	309
5	314
0	0
25	2
6	0
9	0
0	4
3	5
0	0
16	0
0	0
2	0
11	0
0	36
27	42
1	0
0	0
0	0
0	0
0	0
0	56
1	0
71	2036
816	341
0	1594
16	1899
42	57
1	80
3	58
0	47
28	0
12	787
0	1
0	0
0	0
1	0
9	42
0	52
483	2716
2	1535
30	649
2	1902
414	408
0	298
0	73
0	73
31	909
0	2
0	0
0	2
0	0
0	1
0	2
0	0
0	0
1	797
0	891
0	823
0	868
0	794
0	761
150	0
0	80
198	416
0	45
75	2
0	1
111	415
1	414
0	0
4	91
34	127
1	81
170	1500
48	1419
0	1197
4	17
0	4
0	2
0	13
0	0
0	0
0	0
0	0
0	0
2	0
0	0
0	0
0	0
0	0
0	0
0	0
0	0
2	5
0	0
0	0
0	0
1	0
0	0
0	0
0	0
0	0
149	30
3	30
281	159
1	159
0	60
0	2
220	1907
0	19
46	453
0	130
15	1884
0	0
5	9
0	34
13	32
0	4554
5	4927
42	688
0	290
16	2759
2	2206
0	250
56	222
115	248
0	368
8	1553
17	1589
278	0
0	30
2	858
1	896
2	68
5	37
17	0
0	0
11	2362
0	2271
1	291
39	697
87	1738
0	350
0	196
5	105
0	330
0	45
0	216
75	1149
0	142
0	245
0	302
0	859
0	37
0	0
0	0
0	70
0	125
0	1
193	0
0	0
0	0
0	170
723	203
0	0
0	51
1	26
0	0
0	0
2	17
7	17
1	6
6	7
0	0
0	5
0	1
0	1072
40	992
0	924
4	960
0	918
0	230
6	176
0	384
7	74
1	286
0	52
0	39
0	65
197	10
1	10
0	0
4	21
1	23
0	23
0	0
0	3
39	736
0	751
5	121
0	43
0	86
0	701
2	53
1	102
24	242
1	0
0	0
6	1040
6	1049
0	1079
5	982
0	965
0	970
1	951
0	42
0	44
71	2401
7	2241
1	131
0	172
4	217
11	243
9	1739
188	1601
71	1743
1	46
2	1461
1	339
6686	2179
37	2114
0	457
0	0
0	0
5	461
3	467
0	461
0	350
3	88
3	72
4	118
29	196
0	150
2	108
1	155
0	69
0	0
0	94
14	43
7	41
0	61
1	67
0	34
2	8
87	22
0	10
0	5
0	7
0	8
0	0
386	1026
75	1037
1	738
0	479
0	42
0	39
32	18
0	18
0	42
47	380
2	43
2	80
11	169
0	181
0	156
1	17
2	105
0	108
404	2116
97	2064
21	601
2	17
153	353
15	297
10	248
5	246
16	267
103	469
3	173
5	198
39	83
5	544
5	582
0	371
3	120
0	47
10	171
0	193
15	152
0	194
0	54
0	53
2	54
0	0
0	0
0	0
1	0
2	2031
0	4196
0	1432
3	211
0	309
11	4019
0	852
5	494
20	27
0	9
14	8
10	7
0	0
19	10
6	18
0	0
8	0
3	682
0	666
10	60
0	74
1	585
56	730
0	174
0	2
0	531
9	231
5	108
0	27
11	27
10	2239
4	2125
0	551
7	302
0	1132
0	50
6	280
62	54
34	347
15	208
0	272
862	23027
14	21369
24	21314
3	11680
0	9278
116	11658
52	10416
3	8448
27	7605
10	8155
0	6820
1	5284
0	11
0	6
1	6
0	0
1	0
0	0
0	0
0	11
2	11
0	11
0	0
0	0
0	0
0	0
0	0
2	1
0	0
0	0
0	1
0	0
0	0
1	0
0	1
0	78
0	465
4	402
4	544
2	407
0	250
1	150
9	29
0	150
0	97
203	91
0	18
0	56
1	44
0	12
97	236
8	27
0	106
0	49
0	71
1	85
1	23
2	419
27	1995
9	146
513	1630
105	120
5	7
13	390
10	80
14	388
20	389
0	389
1	90
0	145
32	131
4	234
0	0
0	0
136	22
17	8
16	0
0	14
1	14
1	3
0	3
0	2
3	138
0	21
0	140
0	114
0	10
0	8
0	12
6	7
0	5
0	5
1	7
0	5
0	5
0	3
22	1752
1	557
0	2072
10	1999
0	589
0	842
3	721
2	200
9349	828
0	828
8	753
413	0
0	801
0	801
23	913
0	167
4	151
0	0
0	260
0	0
4	94
0	117
0	0
0	12
0	0
0	2
0	18
133	2171
0	2228
5	2161
0	236
29	199
0	18
0	57
185	362
0	22
1	87
7	0
23	129
0	86
0	0
0	0
0	35150
3643	36508
5	10285
0	0
1	0
0	0
89	38
0	38
3	0
0	0
0	0
3	46
0	11
113	46
0	0
0	0
0	0
56	1780
0	1778
4	1696
2	1776
0	844
4	125
1	264
38	217
1	20
1192	992
0	527
2	247
0	361
13	64
0	203
8	109
10	49
4	6
0	19
0	19
0	5
0	0
0	3
2	12
0	69
0	62
0	48
0	20
0	27
0	23
2	5
0	2
39	0
28	956
13	962
21	14
236	0
1	0
21	0
408	0
2121	6
2	0
0	1
0	0
0	0
0	160
2	155
3	104
0	106
0	1
0	127
57	715
11	715
740	223
2	153
9	149
61	302
0	302
72	373
12	372
5	47
0	0
43	361
5	361
0	0
0	179
8	146
17	177
45	189
1	29
0	25
0	0
64	55
1	55
1	115
104	115
76	0
1	0
19	724
0	84
4	130
0	66
48	93
0	832
9	271
0	176
19	145
1	115
121	948
0	875
0	80
0	856
9	79
1	109
2	166
19	823
8	6
0	0
0	0
58	0
116	974
4	1064
37	561
0	463
4	34
2	2
8	2340
0	2077
25	2063
3	4558
13	148
4	4189
0	4069
127	4420
8	0
51	94
0	0
0	280
0	120
0	34
2	112
13	180
3	166
31	138
1	491
0	465
4	417
3	143
0	241
16	75
13	55
11	26
0	9
2	9
1	15
4	10
171	2342
0	2263
0	2206
1	0
6	110
17	122
12	264
0	0
19	1182
0	1183
14	1190
1	73
7	35
0	1
0	116
0	98
0	98
6	0
127	69
0	147
0	93
0	1
8	1
0	155
68	276
1	128
3	61
0	0
45	19
1	4
3	19
1	2
0	3
0	0
0	0
3	12
0	1318
0	11
0	1398
41	1320
4	949
27	1329
0	176
3	640
2	601
9	882
0	114
0	101
0	887
5	11
0	27
0	1983
0	237
7	0
0	1629
0	1587
85	1469
0	127
6	1393
11	203
1	315
12	277
2	269
2	232
0	27
2	1224
0	32
84	9
4	9
1	0
4	246
64	750
54	658
10	166
9	345
2	88
6	307
2	150
2	183
171	272
2	273
3	241
4	249
0	29
3	1
354	160
10	756
53	2637
84	2205
3	24
0	23
0	109
69	279
0	272
0	93
2	0
249	1069
1	310
7	495
1	1037
0	862
0	263
2	279
42	109
369	175
4	86
12	15
12	737
3	660
0	213
0	47
2	46
0	64
0	64
0	37
0	7
0	16
0	1
73	731
0	501
0	124
0	959
282	1391
0	415
0	734
2	132
1	100
118	275
0	127
0	24
169	3
8	48
6	11
0	156
1633	719
3	715
19	0
3	1
0	1
20	44
2	44
0	1
0	0
0	203
0	0
0	709
0	708
3	524
1	481
0	527
0	19
0	16
0	4
0	3
414	145
1	122
0	13
7	3
0	0
0	13
0	13
0	13
0	0
0	0
0	0
0	2
0	0
0	0
0	0
567	0
0	9
816	9
103	802
85	847
0	452
14	855
0	712
0	806
0	751
0	791
10	734
12	788
1	756
0	425
0	0
0	0
0	0
0	0
0	0
0	0
0	0
0	0
0	0
0	0
0	0
0	0
63	358
29	616
0	448
139	419
0	372
10	87
4	57
3	6
0	0
1	7
0	0
0	2
298	356
0	128
0	0
1	191
7	91
0	31
22	2
1	2
167	1744
192	1674
8	1372
0	1240
1	585
1	255
0	1077
9	1053
0	943
3	469
27	87
0	166
87	61
29	97
0	0
0	0
0	0
0	0
1215	2
21	0
0	0
0	0
3	223
52	722
65	201
0	103
2	38
0	477
0	393
0	24
0	395
0	0
2	0
955	1972
1	1735
1	200
12	85
12	83
53	0
0	0
0	0
8	0
1713	122
128	26
1	47
0	56
0	0
0	0
0	0
0	0
0	0
0	2
0	1
0	0
0	1
0	0
0	0
4	2207
12	1025
186	651
0	1456
0	119
108	1502
2	51
3	1032
0	178
0	0
0	0
0	2
12	2
0	0
5	0
0	0
0	4304
0	2109
0	4223
0	4046
32	451
0	3137
7	440
0	1619
0	1552
0	1785
0	2087
0	2164
0	2261
0	2179
0	2073
0	1977
0	1895
0	2088
0	1992
0	1818
13	420
0	184
51	336
19	136
0	321
7	331
148	188
4	353
0	1837
5	1833
3	151
0	209
1	637
0	634
9	630
29	0
0	71
0	0
0	1
0	1
0	0
0	1
0	1
0	0
581	890
19	153
0	744
12	158
86	5
0	529
0	129
46	2290
16	2225
1	1495
4	3964
0	1671
0	1832
6	62
1	38
24	38
0	1851
5	1449
0	0
0	1580
0	1765
112	1
0	1924
5	755
1	1774
2	1304
168	657
1	1
0	0
0	0
1	3
0	1
0	3
26	0
11	3727
349	327
20	71
20	2203
100	1081
124	3281
1	0
47	380
4	112
0	82
10	264
2	22
0	0
41	1429
1	4430
1	3977
5	47
0	1024
1225	64129
168	50958
71	6
263	64124
265	14447
7	3050
0	0
0	0
0	0
0	0
0	0
0	0
0	0
0	0
0	0
0	0
0	0
0	0
0	0
0	0
137	151
66	138
80	63
0	49
1	7
0	9
0	261
2	220
20	30
18	54
0	81
57	182
0	98
5	49
1	24
8	11
4	0
442	650
71	1
2	497
27	343
0	75
0	85
0	94
11	0
1	0
33	0
65	1252
18	582
4	152
0	140
1	61
2	1008
0	46
3	0
0	0
0	0
0	0
3	0
0	5
4	5
11	1851
3	1621
21	136
82	1483
1	444
0	125
63	1364
2	372
0	0
0	0
0	0
0	0
2	0
1	17
375	515
6	139
9	403
0	0
0	22
1	0
21	1657
21	1657
3	21
82	0
49	0
4	0
0	0
1	0
0	0
2	0
0	0
3877	11
1	9
12	0
0	0
0	0
0	0
0	13
5	543
0	204
1	68
0	488
0	477
0	98
1	0
30	988
0	988
12	753
1	854
2	636
0	261
0	261
12	59
0	22
2	5
0	6
132	168
2	106
6	21
4	131
0	45
76	0
26	71
6	1213
46	1
0	217
6	296
63	159
9	1136
0	112
1	0
0	0
36	897
0	0
0	0
709	929
15	901
1	677
0	927
0	0
10	64
28	2035
16	2034
38	2014
1	2249
0	469
0	506
0	89
0	192
0	60
1	82
0	21
0	157
0	75
0	184
0	150
0	69
3	48
0	120
0	67
25	10
476	2
0	0
0	0
0	0
0	0
0	0
0	0
0	0
99	1074
1	1074
9	36
7	318
0	73
3	131
13	6
0	0
0	0
0	0
66	355
1	350
11	359
2	365
0	62
12	97
0	8
0	18
0	10
9	5
193	770
20	173
0	25
0	597
5	100
52	3536
10	3535
0	2733
63	3466
0	471
2	209
2	548
20	0
8	153
3	385
2	562
10	106
6	5
0	4
0	2
0	2
0	2
187	232
0	189
0	0
0	37
1	27
44	0
6	0
4	0
5	6
2	0
2	0
0	0
0	0
0	0
0	0
0	0
0	0
0	0
0	0
0	0
0	0
0	0
3	20
66	3189
18	2570
2116	3373
18	3367
10	2179
3	73
1	0
1	0
147	0
0	0
2	0
0	0
0	0
0	0
0	1
0	1
0	1
0	0
0	0
0	0
0	0
0	0
4	0
2220	2
3	1610
209	17
0	1610
3	721
0	0
0	688
2	682
10	2
3	3
9	3
0	1524
26	325
8498	273
1	230
0	0
0	0
0	0
0	0
0	0
0	0
0	0
0	0
0	0
0	0
0	0
0	0
0	0
0	0
0	0
0	0
0	0
0	0
0	0
50	0
6	0
0	0
0	55
0	54
0	37
0	37
1	30
1	15
0	0
6	0
0	0
0	0
0	8
0	0
0	0
2	111
24	141
4	49
2	72
1	82
598	1560
81	1559
0	349
6	780
13	2
81	0
0	0
0	0
0	0
0	0
2	4
0	1
4	3
0	0
0	0
0	0
0	0
0	0
0	0
20	218
19	218
2	189
142	51
1	1016
1	21
0	28
0	1003
4	235
1	14
0	251
3	227
576	296
1	0
3	295
3	24
4	65
0	3
0	0
0	0
0	0
0	174
8	170
0	45
2	41
0	0
2	0
1	24
0	0
11	24
2	24
0	1
0	22
6	45
0	45
0	0
8	0
5	28
0	3
2	27
3	2
0	6
1	13
1	1
0	1
0	0
16	744
40	634
90	294
0	0
0	1380
3	1328
2	987
4	23
3	1
53	1
1	256
0	0
0	0
0	0
0	10
0	0
0	0
0	6
0	10
0	7
1	91
0	3
0	3
1	2
0	6
0	0
20	7
0	2
0	6
0	0
6	13
0	4
0	9
0	0
1	0
0	0
4	0
0	0
0	0
0	0
2	0
0	1
0	1
0	0
0	0
0	0
17	408
0	665
4	645
7	645
8	9
0	470
0	0
0	40
0	12
6	650
27	691
0	736
15	699
13	601
4	67
1	98
0	43
0	223
14	329
87	242
0	182
1	22
0	12
0	12
0	11
1	12
0	13
0	12
0	0
6	0
0	115
24	167
3	94
36	174
0	43
0	7
0	44
0	27
1	33
9	79
0	24
0	8
2	47
0	7
300	1689
13	1438
0	609
0	160
0	175
28	4
0	34
0	20
0	18
119	213
0	110
72	203
17	20
1	127
0	21
0	1
7	74
0	52
91	3
0	3
0	0
0	0
0	0
0	0
0	0
0	0
0	0
0	0
0	0
0	10
0	9
0	10
0	10
0	7
0	8
0	2
3	17
0	11
0	11
0	11
0	4
0	0
0	0
0	0
0	0
0	0
0	0
0	0
0	0
0	6
0	6
1	5
0	5
0	1
0	0
0	0
0	0
0	0
0	0
0	0
0	0
0	0
0	0
0	0
0	0
0	0
0	0
0	0
0	0
0	0
0	0
0	0
0	0
0	0
0	0
0	0
0	0
0	0
0	0
0	0
0	0
0	0
0	0
0	0
0	0
0	0
0	0
0	0
0	0
1	0
0	0
0	0
0	0
0	0
0	0
0	0
0	0
0	0
0	0
0	0
0	0
2	0
0	0
0	0
1	0
0	0
0	0
0	0
0	0
0	0
0	0
0	4
0	4
0	2
0	1
3	1
0	1
0	0
2	52
32	52
0	1
2	108
22	127
14	181
0	191
1	181
1	64
8	45
0	66
0	0
0	0
0	0
0	0
0	0
502	197
2	106
4	127
86	59
2	52
0	22
1	23
0	41
0	4
36	1878
17	234
1	373
0	365
5	1636
80	343
0	1476
0	376
44	521
54	728
0	350
5	266
2	311
0	272
0	309
0	119
6	143
57	25
1	141
1	48
34	1
24	2020
0	1238
4	367
9	599
0	1465
11	78
0	619
0	1286
20	713
5	160
21	1124
3	62
7	0
0	0
0	0
0	0
0	0
0	0
0	0
0	2351
82	2507
18	1722
2	180
5	671
5	905
35	911
1	35
1	953
1	392
12	1
0	1075
3262	1091
24	1170
1	1170
182	1170
3	1
5127	0
0	17
0	17
0	17
0	0
0	0
0	0
33	258
5	17
0	252
2	13
0	5
1	2370
1	163
18	2521
6	596
3	253
10	132
11	1110
0	85
5	55
17	569
33	600
0	626
13	566
0	227
19	75
2	121
1	14
90	971
13	915
98	747
38	166
54	24
16	78
0	0
0	156
0	110
0	29
261	232
60	174
0	43
0	2
1	27
2	19
0	19
0	42
43	4444
304	4444
153	4444
1	1405
0	762
25	529
0	0
60	1102
0	1014
30	907
0	1159
0	878
21	277
3	877
6	136
0	150
50	44
0	113
0	12
0	21
1	16
10	118
2	118
207	1438
6	803
10	1438
0	508
16	183
4	611
6	601
47	709
1	2
8	0
0	0
3	2268
0	2325
0	186
92	19
19	2026
2	122
30	113
18	1023
10	378
2	133
49	2154
6	2264
28	1965
56	939
8	2178
0	1783
3	490
1	261
0	592
0	105
2	446
0	595
0	56
312	8009
474	8183
2	746
55	2080
10	1955
6	27
0	28
4	27
3	30
0	0
0	0
0	330
2	83
0	300
1	20
28	222
11	198
0	8
0	74
14	57
4	40
1	37
0	107
1	96
5	124
34	53
5	97
0	50
15	28
239	3721
48	3721
27	205
0	357
4	313
3	137
26	291
9	241
11	298
6	0
0	0
4	318
8	1517
13	852
0	0
1	5007
412	5392
17	803
0	3797
6	1681
1	0
71	759
3	831
1	504
0	686
19	531
6	41
4	20
0	75
4	77
0	53
0	75
0	657
2	632
0	525
0	632
2	646
67	459
1	615
0	25
0	93
5	113
0	0
0	116
3	184
0	173
0	125
0	117
1	52
1	83
0	90
0	42
0	95
0	76
0	8
0	30
0	1
0	130
0	123
0	131
0	137
0	121
3	114
0	97
1	90
0	87
3	4
3	5
0	19
648	7844
49	1376
23	1753
0	6189
9	6189
0	8
6	1605
32	1840
0	1682
0	1425
2	786
1	1386
0	296
9	602
156	767
0	0
28	2
7	313
0	2
31	0
21	0
11	178
0	520
7	77
16	59
0	108
2	295
4	169
105	3801
1	1086
25	3596
16	816
0	736
8	957
0	3327
11	313
11	597
332	349
15	323
0	96
0	98
4	2
10	323
5	167
7	31
0	1281
0	1037
0	1284
0	1018
1	761
188	827
1	426
1	119
2	409
18	0
9	37
3375	544
43	534
0	178
0	0
0	0
326	70
146265	109
0	0
0	0
0	0
0	0
3	330
1266	1002
0	962
0	932
24	233
0	0
0	0
0	0
0	35
0	46
5	35
0	37
0	34
0	33
0	45
0	29
0	24
2	24
0	25
0	0
0	11
0	11
0	2
0	2
1	9
0	14
1	1294
112	1297
32	1301
2	652
5	601
0	122
340	28
5	47
132	0
0	0
243	48
0	48
1	0
0	0
0	0
0	0
0	0
0	0
0	0
0	0
0	0
0	0
0	0
0	0
0	0
0	0
0	0
0	0
0	0
0	0
0	0
0	0
0	0
0	0
0	0
27	0
46	0
0	0
0	0
0	0
0	0
0	0
0	12
0	2
4	12
1	11
3	2801
0	1
3	3487
173	11450
2	10127
13	1069
0	0
0	27
2	1
13	120
0	116
1	116
0	97
0	105
1	16
18	52
0	66
0	57
2	19
0	5
0	15
1	19
1	1
0	12
0	14
0	4
7	1088
0	1262
0	1192
5	1429
93	381
0	1285
114	161
30	1179
0	492
0	109
4	125
2	464
0	0
0	0
0	0
0	5
0	5
0	5
0	5
0	5
0	5
0	5
0	5
0	5
0	5
0	5
0	5
0	0
0	5
0	5
0	1
0	3
0	3
0	3
0	3
0	3
0	3
0	3
0	3
0	3
0	3
0	2
0	556
57	658
0	647
56	28
1	651
0	113
11	7
0	1
1	1
4	77
0	20
0	30
0	47
0	20
1	22
0	0
0	20
0	0
0	0
0	0
0	182
0	135
2	182
0	184
0	182
0	61
0	18
0	3
0	2
0	0
0	2
2	0
0	0
0	0
0	0
0	0
0	0
0	0
0	0
0	0
0	0
0	0
0	0
0	1
0	0
0	0
0	0
2	10
0	10
0	7
0	2
0	3
0	5
448	198
4	198
0	0
3	0
0	97
2	11
0	71
1	104
0	84
1	82
1	96
35	14
0	74
0	87
0	12
0	7
6	22
1	23
0	19
272	6697
14	1548
1	933
0	1864
31	4766
42	1619
0	0
1	463
4	233
27	470
0	196
0	454
0	209
1	266
0	122
0	0
0	1
0	16
0	17
3	15
0	15
0	2
0	0
0	0
0	0
1060	879
3	851
4	0
9	0
3	0
0	0
0	0
2930	44
10	0
2	0
0	0
2	0
137	2
0	0
0	0
20	0
0	0
0	0
6	299
19	299
0	66
0	68
11	59
5	0
7	1000
0	388
3	823
4	265
15	947
102	54
0	54
11	0
72	2732
1	2886
2	2804
54	148
15	371
4	521
0	49
2	0
1	154
1	10
32	910
1	124
18	904
4	42
8	78
0	168
24	68
0	0
0	53
0	3
0	3
0	0
51	0
0	0
0	35
2	35
0	1
0	1
0	0
0	40
9	84
0	44
0	5
23	29
3	26
0	4
2	0
2	797
22	1596
1	1590
3	30
5	140
0	202
2	9
0	0
0	0
0	0
84	2
0	0
60	1034
9	786
0	897
5	81
6	72
6	123
0	67
8	176
1	2
0	5
0	1980
18	6
1	1979
4	1935
0	382
6	529
0	1316
4	81
0	25
5	284
0	447
0	0
0	0
0	0
0	0
0	0
0	0
0	0
0	0
0	0
0	0
0	0
0	0
0	0
0	0
47	604
0	0
2	255
0	0
2	443
0	202
1	372
1	185
0	0
2	1
358	7614
185	7614
44	417
5	556
3	407
0	59
1	34
0	0
109	2464
0	794
203	1535
13	2371
0	340
0	74
77	33
2	31
41	35
2	249
71	19
0	0
427	0
231	9605
5	9176
0	9378
6	9318
10	808
0	523
44	958
626	1520
160	1766
5	482
47	1376
0	0
0	0
0	0
0	0
0	0
1	0
0	0
1	7
71	7
0	0
1	0
0	0
0	0
0	0
0	0
0	0
0	0
0	0
734	26
85	77
2	426
1	51
0	7
5	106
4	81
4	2
67	311
3931	923
25	911
1	266
0	0
6	207
2	1
0	0
1	1
2	0
2	251
12	390
0	383
43	191
1	359
15	1
16	47
60	322
0	322
1	0
0	0
0	0
0	0
0	0
1	79
0	0
4030	1219
28	226
217	0
12	912
0	0
6	59
2	3
0	76
14	2206
0	42
7	67
162	776
0	2169
0	10
3	122
16	1311
24	1634
0	343
197	129
5	63
18	0
1	74
0	0
0	0
0	0
3	444
0	108
7	442
110	474
48	0
0	45
0	39
22	425
16	76
0	32
0	81
0	54
23	76
218	54
1	1551
4	1536
0	4
32	495
0	46
0	1586
1	110
0	173
269	1163
0	1484
10	12
3	37
0	16
8	104
1	76
1	20
18	46
0	136
26	178
1	71
3	0
7	1
3	4
0	3
0	3
3	408
24	1321
0	1319
0	1138
0	1125
0	692
0	723
0	1119
0	673
3	104
92	1013
13	968
0	319
44	1455
69	1436
26	1251
1	298
0	0
1	314
1	380
14	2
38	379
1	2
0	296
3	257
0	0
0	0
0	0
0	0
0	0
0	0
0	0
119	1872
0	300
3	42
10	529
27	491
6	96
5	1769
12	65
4	28
0	38
0	237
2	47
0	126
1	326
1	295
0	0
0	0
0	0
6	0
4	0
0	0
0	0
72	701
85	701
1	3
0	1
0	1
0	1
0	1
0	1
0	1
1	2
0	0
0	0
0	0
0	0
0	0
0	0
7	25
0	16
0	13
2	14
0	0
0	0
0	0
0	0
0	0
0	0
0	0
0	0
0	0
0	0
10	3
0	3
2	3
1	2
0	0
5	20
0	0
0	0
0	0
1	2
2	22
0	20
3	10
0	20
0	17
6	4
0	0
7	1
7	6
1	0
10	62
0	196
0	196
3	523
10	500
2	503
10	190
2	508
0	0
3	20
17	49
0	55
3	302
3	35
0	26
6	19
23	1
0	0
0	0
0	1
567	2
9	0
1	1475
0	1454
0	593
0	616
0	533
0	596
0	557
4	465
0	196
6	337
1	57
4	21
10	14
29	46
0	13
0	4
8	514
1	363
7	189
0	89
174	0
82	1289
30	1355
5	140
2	296
0	76
6	129
0	489
6	485
5	152
1	0
345	2448
3	2423
98	49
0	73
0	26
0	7
7	7
134	0
2	17
1	6
0	7
154	4
1	7
0	23
0	0
0	0
1	2
0	0
0	1
2	147
0	109
473	1591
0	1584
1	1128
4	656
30	578
0	414
0	449
0	0
0	0
197	341
0	341
13	10
2	0
5	0
2	0
0	3
0	0
56	265
4	244
10	34
0	59
0	41
4	34
0	55
0	0
0	0
0	1
0	0
0	12
0	0
0	0
454	0
0	2
0	0
0	0
0	0
23	22
0	0
0	0
0	0
0	0
0	0
0	0
0	0
0	0
0	23
0	0
0	0
0	0
0	0
0	0
0	0
0	0
0	0
0	0
0	0
0	0
0	0
0	0
1	0
1	0
0	0
0	0
0	0
0	0
3	0
0	0
1571	339
6	171
411	0
102	0
289	0
152	168
2	0
335	1477
1574	1625
4	613
1	234
0	0
0	0
0	0
0	0
0	0
0	0
0	0
0	0
0	0
1	0
0	0
26	35
0	12
0	29
0	1
2	0
6	0
11	0
21	0
0	0
0	0
0	0
14	0
12	0
13	0
12	0
5	0
28	2
10	0
0	0
0	0
0	0
0	0
0	0
109	284
1	280
18	2905
16	2905
1	290
165	289
38	91
4	89
0	167
1	0
0	124
0	0
0	45
0	113
0	17
0	97
0	106
0	0
0	0
0	0
0	0
0	0
0	0
0	0
0	0
38	0
0	0
0	0
0	0
3	0
3	0
7	0
27	1
1	1
0	0
0	0
0	0
2581	0
1	0
1	0
0	0
0	0
0	0
0	0
402	22615
0	22257
0	2932
8	1264
0	1998
0	903
0	1538
27	0
16	0
9107	2410
0	0
1	1491
4	919
515	0
26	0
38	0
11	1136
19	889
11	1084
2	842
19	2
14	269
10	300
16	207
36	301
4	410
0	36
97	205
6	405
5	215
6	215
3	143
1	56
1	71
0	17
14	37
23	11
2	1017
1	1017
0	41
58	1027
2	323
0	1017
17	1017
0	2129
605	2296
2	2214
0	2133
327	1854
0	582
0	107
448	256
19	36
0	0
18	0
0	0
0	0
0	0
0	0
1	0
0	0
2	104
0	0
0	0
0	0
0	0
0	19
131	654
43	653
1	0
86	123
48	1535
0	1536
0	216
0	130
11	1288
0	0
22	16
75	20
0	29
45	7
0	0
0	0
0	0
0	0
2	0
0	0
0	0
12	0
0	0
12	0
1	0
0	0
0	0
0	0
0	2
1	2
0	0
4	0
0	0
0	0
0	0
41	0
0	0
0	0
0	0
0	0
0	0
1	1276
1	1401
0	695
5	267
57	673
259	789
12	99
5	54
1	33
0	0
2	2
0	2
1	0
74	5113
11	5113
32	2810
46	28
3	345
0	0
0	0
20	3371
2	208
0	32
5	99
0	67
0	0
1	229
2	1
5	1840
0	1
0	0
0	0
0	0
1	0
1	0
20	2618
0	2571
17	60
0	1869
17	1710
74	31
135	63
0	0
4	1552
3	1863
0	2672
0	0
0	1494
0	1178
8	2349
0	2051
0	1219
0	195
0	57
8	5
0	90
9	154
0	0
17	0
2	19
2	21
0	6
0	15
0	16
1	0
0	0
0	0
7	0
0	0
0	536
18	626
0	100
0	50
0	101
0	72
0	0
193	3375
87	173
4	599
5	141
0	2353
0	0
7	89
0	86
1	1333
13397	185
20	642
26	179
247	1365
0	1088
0	879
9	139
3	1018
52	1030
0	0
0	78
0	74
31	74
0	69
0	0
1	0
0	0
0	0
0	0
5	785
2	774
4	719
0	778
1	772
2	624
65	156
35	0
21	82
0	0
134	0
42	1176
21	23
310	2092
1	1133
5	406
0	334
3	197
0	314
0	498
9	2407
18	2250
22	2272
24	2240
3	285
0	198
0	1777
17	28
0	235
0	0
0	0
5	0
0	4
0	4
0	2
1	14
20	80
1	82
0	60
0	20
8900	2
2	0
0	0
0	0
0	0
0	0
0	0
0	0
561	1576
7	1341
3	9
1	58
4	183
3	187
0	0
0	0
0	0
0	0
4	0
3	438
784	950
13	224
31	188
1	486
650	261
159	261
41	82
0	1
17	899
2	899
0	0
0	0
24	148
17	167
0	77
1	28
7	6
1	0
29	1569
152	1696
7	324
19	108
11	144
118	43
0	7
0	29
0	3
2	7
11	4
0	0
0	0
303	31
0	31
7	0
16	0
0	25
2	26
0	8
0	24
0	26
0	0
0	0
0	0
0	0
0	21
0	3
0	0
0	6
0	2
0	72
727	76
0	19
0	37
0	674
13	12
8	221
11	654
0	493
0	0
0	0
2	235
138	1141
1	5
1	0
147	0
4	1136
4	0
0	0
0	0
0	0
0	0
0	0
4	2
0	0
0	2
0	0
0	0
0	0
0	0
0	0
0	0
0	0
0	0
0	0
0	0
0	0
0	0
0	0
0	0
0	0
0	0
0	0
0	0
24	100
1	31
0	69
0	0
0	0
0	29
1	29
0	0
0	0
0	0
0	0
0	0
23	0
6	9
10	3
0	0
0	0
0	0
187	381
25	340
25	349
6	307
0	0
1	64
4	5
0	0
0	0
320	36
0	36
240	1154
0	1154
95	0
1	0
0	0
0	14
0	14
0	14
0	14
0	0
0	14
0	0
0	0
0	0
0	0
0	0
0	0
0	0
0	0
0	0
0	0
0	0
0	0
0	0
0	0
0	0
0	0
0	0
0	0
0	0
0	0
0	0
0	0
0	0
0	0
0	0
0	0
0	0
57	1298
0	4
0	0
0	0
0	0
2	2
0	0
0	0
33	24
0	0
0	7
5	1
568	1296
0	998
0	0
1	8
2293	643
1	279
0	4
0	1
10	2
0	0
0	3
0	1
56	586
0	24
95	342
0	0
5	9
0	1
0	0
0	0
0	105
0	0
0	0
0	0
0	0
0	0
5	4
0	0
0	8
1	3
0	0
0	0
0	0
0	0
0	0
0	0
0	0
6	4
3	4
0	0
0	8
3	0
0	0
0	0
0	0
0	0
1	0
0	0
16	94
2	13
0	0
0	0
0	0
0	0
0	0
0	0
0	0
2	94
2	86
1	45
0	0
0	0
0	0
0	7
0	0
0	0
0	0
3	77
3	69
0	0
0	45
0	0
1	0
0	0
0	7
0	0
0	0
2	0
0	0
20	94
2	13
0	0
0	0
0	0
0	0
0	3
0	0
189	3
0	0
0	0
0	0
0	0
0	0
0	0
0	0
0	0
0	0
0	0
0	0
0	0
0	0
0	0
0	0
0	0
45	109
0	109
32	1103
4	1054
0	99
1	85
0	55
2	55
1	35
1	12
19	268
0	270
0	265
1	38
351	168
4	151
1	17
1197	137
0	133
11	117
0	110
0	110
0	0
0	0
0	0
0	0
413	547
21	547
7	0
0	0
0	0
1	0
266	500
100	500
2	266
26	266
1358	105
0	103
269	12
4	43
17	76
24	2
29	4942
97	5399
0	839
211	78
1	0
417	229
216	229
1	1903
27	1745
0	1835
92	1489
1	136
296	1072
32	5
93	323
22	285
1	66
0	0
47	177
42	158
90	43
4	26
67	354
1240	354
9	0
2	215
0	218
5	46
3	30
11	3
0	3
0	0
2	4593
0	4700
191	4670
162	0
3	155
0	0
0	186
0	225
0	35
0	65
2	105
0	118
0	226
0	225
0	227
0	161
0	36
0	17
0	0
0	0
0	0
4	0
2	78
0	47
0	4
1	5
0	0
0	0
3	0
1324	1497
29	60
1	62
22	1448
0	433
2	0
618	0
6	1721
50	1675
18	242
255	171
15	0
0	0
2199	12
0	0
0	4
0	1
3	0
0	4
0	0
0	0
0	0
0	0
0	0
0	0
0	0
0	0
5	0
2123	2
0	0
17	30
0	1
0	1
0	0
0	0
0	146
14	146
0	0
0	0
0	0
0	0
0	1
0	1
0	1
0	0
0	0
0	0
0	0
0	0
0	0
0	0
0	0
0	3
0	4
0	0
0	5
0	5
0	3
0	0
0	0
0	0
0	3
0	0
0	1
0	1
0	0
0	3466
115	3497
0	3440
0	153
7	479
165	1223
23	1223
0	441
15	6
0	6
6	0
0	0
320	1905
47	1904
0	566
0	70
0	110
19	0
0	0
1	0
0	0
53	0
29	3412
69	3613
23	1085
0	0
15	0
2	170
0	391
19	72
1	54
0	70
0	32
0	28
36	0
22	18
2	3
1	3
0	0
1	0
0	0
0	0
0	0
0	0
0	0
0	13
0	0
0	22
2	1286
1	1098
0	1236
7	1164
0	1224
0	94
1	23
0	64
0	57
0	823
0	0
0	0
5	520
1	180
45	682
64	54
0	573
0	6
5	135
13	85
23	66
9	0
0	64
22	58
0	13
0	5
1	48
0	3
1	23
31	38
0	30
0	13
5	0
15	14
0	2
28	2
29	1141
231	1140
7	1394
21	1688
829	1688
31	929
0	0
0	0
62	298
2	0
27	0
70	0
4	331
74	114
3	35
2	723
0	623
2	574
0	879
7	691
0	182
0	231
39	77
0	777
0	272
0	607
0	4
0	347
2	178
3	177
418	469
48	35
0	414
47	358
19	0
3	14
0	21
28	19
19	0
1019	119
2	65
23	54
345	161
3	86
0	29
1	103
0	4
32	4
41	2022
0	1754
0	1871
46	1563
1	1865
1	1858
2	1614
3	125
20	331
3	95
177	1
14	30
0	0
0	30
3	10
761	394
3	321
0	73
5	0
543	0
513	1156
1	623
23	349
2	854
6	69
3522	351
0	0
11	97
3	215
25	0
12	8
67	0
7	0
31	23
46	10
76	10
0	0
0	0
124	6
355	694
6	100
3	225
0	155
2	163
3	97
0	74
0	599
13	73
7	31
1	68
7	0
193	0
204	74
0	74
14	8
2	0
0	0
0	0
0	0
0	0
0	0
0	0
0	0
0	0
0	0
0	0
0	0
0	0
0	0
0	0
1	0
0	0
0	0
0	0
0	0
0	0
0	0
0	0
0	0
0	16
2	31
532	27
0	0
5	6
0	0
1	0
0	0
4	233
0	55
3096	703
4	245
5	374
13	473
0	474
2	0
1	128
0	2
0	2
138	1310
198	1293
145	178
1	172
0	1287
0	171
2	24
0	3
31	3
0	83
0	146
1	2
0	42
0	101
0	1216
99	1342
1	166
9	167
147	131
1	29
0	74
2	85
8	57
11	93
0	37
3050	5614
152	4358
4	0
5	3849
0	519
0	0
8	141
94	180
151	0
1	0
0	0
0	0
0	0
0	0
22	59
2	57
0	33
0	0
21	7
0	0
0	7
232	258
0	258
42	0
1	0
0	0
0	2
0	2
0	1
1	0
0	0
0	0
0	0
0	0
0	0
0	0
0	0
0	0
0	0
0	0
0	0
0	0
1	0
0	0
0	0
0	0
0	0
0	0
7	14
0	14
0	10
0	10
0	10
5	0
7	0
9	0
0	0
1	40
0	0
0	0
0	0
0	0
0	0
0	0
0	0
0	0
0	54
0	50
0	6
3	50
0	24
22	197
59	54
13	197
1	31
25	21
35	0
23	456
6	500
0	454
0	492
979	91
3	93
3	47
2	44
0	213
25	124
1	130
9	197
1	33
0	0
0	0
0	0
0	0
0	0
0	0
0	0
0	0
0	0
0	0
0	0
4	0
566	991
0	996
0	672
0	671
0	867
0	894
0	423
0	668
0	784
0	424
0	471
0	438
0	306
0	185
0	485
0	202
0	234
0	49
0	19
0	2
0	8
0	220
1	294
0	494
1	64
0	108
0	36
0	59
0	218
0	146
214	467
0	213
52	31
0	1
0	0
2	0
0	0
0	0
3	56
246	1278
23	1283
1	1076
18	272
17	99
84	99
0	17
0	132
49	1122
1	605
1020	1227
3327	2
472	75
0	75
0	325
3874	1241
0	1233
41	4
0	0
0	0
22	878
13	878
13	30
10	2
1	880
0	135
2	0
0	221
29	1230
0	1262
10	1158
0	530
12	131
4	36
0	23
0	130
25	18
72	372
0	55
3	174
0	175
0	0
3	12
5	0
529	2
0	0
0	0
0	0
0	0
4	668
7	913
6	593
10	366
0	377
9	243
20	561
13	215
7	175
1	27
11	841
9	0
0	0
1867	0
2	0
53	3800
13	69
0	3800
20	3309
0	214
0	0
0	0
0	0
0	0
0	0
0	0
0	0
0	0
0	0
0	0
0	0
15	0
0	0
6	0
1396	0
2299	1542
1	134
13	1413
6	95
136	14
3	1
1	0
1	0
0	0
0	0
0	0
0	0
0	0
0	0
0	0
0	0
0	0
0	0
4	0
1	2067
0	2070
55	2070
56	0
0	0
0	0
1381	144
54	0
0	140
8	52
6	0
956	696
1	696
10	26
0	0
1	1
0	1
2	1
1	0
0	0
0	0
1	0
0	0
1013	14
4	14
0	0
0	0
0	82
451	684
48	170
129	684
0	4
2	4
0	0
0	0
0	0
0	0
0	176
0	176
0	0
0	0
0	0
8	142
34	153
0	43
0	119
2	66
13	1160
10	1105
8	1102
36	91
1	56
36	373
0	359
44	328
3	18
1	0
38	0
0	0
0	0
0	0
0	0
0	0
0	0
0	0
0	0
0	0
0	0
0	0
0	0
0	0
0	1
0	1
0	0
0	0
0	0
0	0
0	0
0	0
0	0
6	1151
2	1037
15	562
50	561
0	0
0	0
0	0
0	1
0	0
0	0
0	0
10	193
225	202
0	69
0	25
23	5
0	0
0	0
17	4
0	4
55	36
0	0
136	33
74	4
323	392
0	280
30	129
0	391
0	9
5	1719
0	1634
56	1619
1	1494
117	1275
13	246
16	341
0	0
0	84
33	288
0	40
3	28
159	701
1656	855
14	651
4	624
1	603
1	196
39	228
12	709
31	783
8	319
34	461
0	184
6	4
0	0
0	1
0	0
0	0
0	0
0	0
0	0
0	0
0	0
2	0
0	157
0	272
1	0
0	270
3	127
5	46
156	46
0	7070
1	3918
0	6970
101	3713
72	86
11	228
17	238
4	115
20	111
9	1
8	1
2	175
8	63
8	0
39	210
0	3042
0	0
1	112
11	2
2	2
4	6
0	6
103	1304
3	327
126	4326
0	4428
468	6026
68	5030
13	928
12	1566
0	108
1612	6
23	4
1	0
5	262
0	0
0	0
0	0
5	5
0	0
0	0
0	0
0	0
0	0
0	0
0	0
0	0
0	0
0	0
0	0
0	0
0	0
0	0
0	0
0	0
0	0
0	0
0	0
0	0
0	0
0	0
0	0
0	0
0	0
0	0
0	0
0	0
0	0
0	0
0	0
0	0
0	0
0	0
0	0
0	0
27	0
408	34717
16	34526
0	34717
1	32868
0	0
0	424
21	0
2	0
0	0
1	4
0	0
0	4
0	0
0	0
38	0
0	0
0	0
0	0
6	1
1	54
693	53
2	264
1	262
0	210
5	894
0	859
6	465
2	875
5	80
1	12
0	4
5	14
0	10
0	0
0	0
0	1947
133	299
0	348
0	1937
0	305
0	1770
0	1805
0	0
0	0
0	0
0	0
0	0
7	96
0	115
0	2033
7	0
0	28
11	661
0	18
1	323
0	1970
1	24
0	921
1	21
399	11
1	137
0	16
8	1769
1	27
0	6
2	0
132	2
0	1821
17	234
0	124
0	116
7	106
0	47
187	0
188	0
7	34
24	1288
12	0
0	0
1091	1820
394	577
15	1699
9	1081
78	0
1	0
0	0
0	0
49	33
0	34
4	30
73	1065
4	540
16	1017
6	158
6	219
1	262
1	10
39	0
17	118
3	238
2	207
2	156
0	81
0	22
3	58
0	5
1	5
1	5
0	4
0	0
0	1
0	1304
29	1304
0	1304
13	1261
0	78
0	181
0	163
0	98
5	71
0	0
2	121
4	0
3	0
10	954
5	259
1	197
12	430
0	954
1337	1744
5	1742
7	609
0	1
0	65
0	0
0	0
0	0
0	0
0	0
0	0
0	0
0	0
0	0
0	0
0	0
157	1152
69	230
0	6
22	2
1	112
0	53
0	0
8	1100
2	54
0	643
6	8
0	43
0	157
1	43
1	142
0	2
0	17
2	40
0	0
0	10
1	18
1	361
0	361
33	318
4	230
0	0
0	0
0	40
2	7
15	4
846	1112
4	1015
18	201
0	216
3	24
28	24
22	818
2	93
2	714
1	258
6	106
2	54
0	0
0	0
0	60
4	13
44	62
2	127
428	9
1	0
0	0
26	14
0	4
0	13
1	12
0	0
0	0
1	0
0	1
0	0
4	944
5	894
5	385
0	452
0	305
0	289
4	20
39	0
81	0
7	5
0	0
122	2254
8	1722
3	2276
35	275
9	96
1	311
4	613
0	67
5	108
1	376
0	0
0	0
1	0
0	140
0	331
45	333
0	166
37	8
2	8
27	1011
55	1011
14	82
19	0
0	0
0	0
0	0
0	0
2	0
0	0
0	1
1235	22
2	1
0	0
195	24
0	0
0	0
0	66
1	226
1	216
3	219
2	37
3	29
0	16
45	959
21	982
0	0
1	272
5	173
0	24
0	27
0	28
0	2
6	30
1	2
0	0
0	0
0	0
0	0
6	2
0	0
0	0
0	0
1	0
0	0
0	0
0	0
2	0
0	0
0	0
3	0
0	0
0	0
0	0
3	0
0	0
1	0
0	0
0	2
0	2
0	0
0	0
0	2
0	0
4	2
37	2
0	0
0	0
0	0
0	0
0	0
0	0
0	0
0	0
0	0
0	0
19	164
0	0
3	6
0	0
0	0
0	0
0	0
0	0
0	0
0	0
0	0
0	0
0	411
36	463
71	366
94	72
3	0
0	35
0	35
0	29
11	49
0	0
0	0
194	58
1	21
0	55
33	0
3046	4
1	2
3	16
0	0
0	16
0	16
0	16
0	0
0	5
0	6
2	5
0	1
0	5
0	0
0	2
0	2
0	1
0	1
0	0
0	1
0	1
2	1
0	0
0	0
112	0
11	0
6	0
5	0
5	0
2	0
0	0
0	0
0	0
0	0
0	0
0	0
0	0
1	1
0	1
0	0
0	0
4465	2
195	0
0	0
0	0
0	0
1	172
29	258
26	2
45	0
3	119
3	62
9	58
6	49
1	6
4	11
63	317
1	679
189	791
0	53
7	0
0	0
1	111
0	0
0	0
0	0
0	2
0	2
0	9
0	0
0	0
0	29
0	87
0	63
0	50
0	65
0	52
1	60
0	21
0	33
0	60
0	58
0	63
0	66
7	13
6	13
1	18
67	84
0	89
3	110
1	83
0	105
1	107
0	97
0	74
0	2
0	29
12	11
0	8
56	64
1	55
12	46
1	50
296	0
0	0
0	0
1	0
0	0
7	1
5	1
1	1
47	0
0	0
2	0
347	0
37	1
1	1
1569	493
4	371
8	124
18	1
1538	4702
24	4601
0	975
48	1553
0	0
1	188
181	0
120	0
72	0
307	0
174	0
1	0
0	7
3	0
14	7
7	0
1	0
32	61
0	57
0	58
0	0
0	0
0	0
0	3
0	2
0	2
0	1
0	0
1	1
0	0
0	0
0	0
6	0
0	0
0	0
0	0
0	0
0	0
0	0
0	0
0	0
0	0
0	0
0	0
0	0
1	0
1	694
281	779
3	373
0	356
0	0
0	0
0	0
0	0
0	0
3	114
2	259
1	70
27	348
6	87
24	64
66	103
0	5476
37	5621
10	2675
0	3824
514	3801
0	4058
0	4183
175	1409
171	725
130	293
35	0
2	895
1	917
2	322
6	541
4	221
10	280
0	809
0	813
4	0
0	70
88	0
7	0
0	0
0	0
1105	1396
42	1390
0	0
4	74
0	18
2	1450
411	417
1	87
5	114
39	349
0	283
3	229
9	5215
0	5344
1	5196
6	8
1	1454
33	1156
9	270
56	144
13	69
23	0
0	0
1	0
2	2
0	2
3	754
2	78
0	2027
42	2089
3	41
61	271
0	4
0	3
0	1
0	0
0	0
0	0
0	112
0	0
0	0
0	0
0	0
0	94
0	96
3	7
0	99
0	97
0	0
7	0
1	0
0	0
2	0
0	0
0	0
0	0
0	0
0	0
0	0
0	0
0	0
0	0
0	0
0	0
0	0
87	40
6	40
0	0
10	12
0	4
0	0
0	0
1636	1141
0	539
0	600
0	232
2	0
546	3293
1	2636
85	2988
0	1208
15	361
164	320
0	211
126	1323
47	1323
25	39
1	87
8	0
0	61
0	0
0	1
0	0
0	0
3	2
2	256
2	154
0	139
4	168
4	14
0	0
0	0
0	0
0	0
0	0
0	0
0	0
0	2
1	2
0	0
2780	0
4	0
10	0
0	0
0	0
0	0
0	0
0	0
0	150
0	113
21	111
0	0
0	205
0	176
0	0
0	0
0	0
0	214
0	0
0	205
0	214
1	0
0	181
0	190
0	0
72	376
5	370
51	21
45	0
5	0
0	0
0	0
0	0
6	5
0	5
0	4
14	114
40	114
0	0
0	2
247	93
0	14
0	0
0	0
0	0
0	0
0	0
0	0
0	0
0	0
0	0
0	0
41	474
3	474
17	293
0	0
0	0
0	0
0	3831
0	3831
2	2628
0	1845
2	735
13	1673
19	1844
45	286
34	1324
0	31
15	0
22	127
2	1
1	1
0	0
1	60
17	95
0	86
998	1287
0	1287
15	0
0	0
23	67
0	69
0	0
0	0
4	46
0	0
0	1
1	0
0	10
0	2
0	0
0	0
76	1078
9	926
0	190
0	1079
15	122
0	1041
11	0
1	75
0	60
0	5
204	223
10	9
0	223
5	28
0	50
0	0
0	0
491	298
0	0
7	282
26	180
1	47
2	2
1550	1235
53	1061
5	242
33	33
17	33
18	347
46	47
0	44
5	3
0	0
0	3
271	276
1	38
28	0
0	0
0	260
0	1
11	50
8	1
25	1
0	49
0	0
8	613
2	613
0	614
0	35
0	48
42	0
17	1
0	0
0	0
0	2
0	0
0	0
0	0
0	0
25	20
155	292
0	245
2	13
12	47
29	6
67	54
0	52
87	1218
0	1043
0	1227
3	1213
0	1204
2	1014
0	617
2	197
6	86
3	105
5	73
24	55
0	20
0	16
98	77
0	100
0	27
0	41
463	40
792	71
88	2304
6	1978
53	2107
0	184
10	437
0	121
47	1096
0	395
2	53
11	43
15	43
123	463
25	362
0	63
0	30
10	15
0	59
6	35
0	13
0	102
0	130
0	130
3	38
3	14
1	3
0	14
0	3
0	13
1	14
0	0
2	3
0	4
5	0
1	7
0	7
0	2
2198	0
13	0
249	2099
34	2237
16	2251
0	2301
0	343
0	291
9	3
1	3450
68	3561
230	2369
3	2265
4	2245
0	1434
0	996
172	0
307	354
70	354
74	112
1	88
0	81
3	2
0	15
0	7
9	0
0	0
0	0
8	0
0	0
0	0
15	512
44	689
7	235
31	220
16	227
17	347
6	72
24	247
5	300
0	1
12	261
0	194
15	166
0	1
1	1
0	1
0	1
2	25
0	478
1	648
14	582
0	540
3	12
1	13
1	27
0	536
4	13
0	1
2	86
0	131
10	140
0	117
0	118
0	136
17	55
20	1
28	245
3	102
3	52
6	24
3	129
0	27
0	824
6	880
2	813
1	11
0	633
0	93
91	285
1	47
0	2
85	193
11	3
3	39
0	34
0	0
2	36
0	306
0	344
3	36
0	334
4	112
5	84
0	40
14	884
2	816
7	190
35	412
2	46
91	1860
1	394
9	1635
1	721
9	335
1	998
36	1064
2	331
0	34
0	34
0	4
0	16
147	3995
36	3995
23	3
0	2
0	0
0	1
15	414
74	414
7	24
6	20
0	5
0	489
1	501
3	529
4	470
1	434
45	22
0	22
1	0
13	7
0	2
0	5
1	380
0	156
4	337
2	470
3	361
0	219
5	126
3	11
24	12958
116	13130
1122	13757
17	8975
202	12870
0	11635
0	9157
0	8339
43	5100
0	3966
191	620
1	592
4	170
0	145
1	142
0	0
6	7
118	4283
0	4691
267	1943
13	4541
42	400
35	141
6	1028
30	784
1	1185
0	919
4	427
0	63
656	63
5	26
4	128
0	852
0	1237
6	1186
17	1170
0	8
2	239
5	123
0	817
20	721
8	683
1	71
3	2
7	27
2	183
0	209
2	2
2	227
0	142
2	195
0	73
1	37
0	29
16	0
0	9
106	9
4	48
3	48
1005	425
0	180
0	254
1	203
0	178
1	60
0	59
2	34
110	972
5	128
1	435
0	706
31	217
6311	12
11	0
9	0
4	0
161	640
44	640
0	2
0	19
0	19
0	19
0	21
0	23
4	14
2	13
1	250
0	52
9	250
0	250
10	247
12	18
239	89
7	83
5	0
2	9
1441	0
10	0
1600	479
16	201
7	189
19	79
0	8
1	108
200	0
2	344
2	613
0	415
0	59
0	28
0	22
0	15
0	14
1	3
0	9
0	2
0	0
3	3
1	27
0	26
0	1
0	1
0	0
11	223
19	372
20	294
6	79
0	24
10	47
0	26
0	49
0	49
0	47
2	37
0	12
1	26
0	1
0	7
0	0
899	0
8	0
17	0
46	12311
7	7323
41	8939
42	8685
2	9485
1	4858
13	6790
1	3666
0	0
0	34
0	640
0	35
1	18
0	18
0	18
2	18
0	614
47	598
38	1
0	41
33	564
0	0
3	0
0	0
0	0
0	0
0	2
0	0
0	2
0	0
1	0
54	317
4	387
24	455
1	82
2	12
2	54
3	33
0	4
32	2425
22	2961
49	2855
0	2931
13	1
19	1299
6	1581
0	1589
0	186
0	1587
1	1293
26	1331
0	597
11	349
15	206
1	146
15	858
0	414
116	206
83	226
109	94
3	22
5	892
845	1097
0	4
25	1
44	0
0	194
0	199
2	223
16	179
2	182
1	34
2	41
63	85
1005	128
0	76
5	60
27	34
4	26
13	138
18	160
0	123
0	91
2	20
288	314
3	74
36	240
665	0
5	8
0	5
12	1163
11	1052
6	1111
0	999
1	1040
12	57
4	288
2	25
0	1125
28	522
1	522
65	346
39	285
0	587
0	550
21	519
3	434
5	37
40	494
2	546
1	88
1380	0
0	0
0	40
243	82
0	82
2	88
32	61
415	815
0	134
4	260
16	230
25	414
14	0
0	0
0	0
2	1213
0	0
0	1218
1	21
10	131
1	24
138	218
5	1276
1	1011
5	1127
4	673
191	505
0	278
9	940
0	15
9	15
0	8
1	1
0	4
0	13
0	2
0	3
28	2290
11	845
126	1559
30	90
0	90
0	0
0	1
0	11
0	6
0	14
0	12
1	10
0	537
2	519
4	113
0	522
26	465
1	20
5362	0
1	3
2	55
14	307
0	315
0	316
0	267
0	5
0	62
0	20
9	12
0	66
0	65
3	26
3	24
4	0
0	0
0	0
0	0
0	0
269	270
3	20
8	0
0	252
197	10
0	277
0	10
9	10
6	1
0	1
757	586
0	427
2	364
3	67
0	20
0	437
3	28
0	102
3	4
2	36
2	0
1	34
11	0
57	42
0	30
0	15
0	41
0	0
0	0
0	0
0	0
0	0
0	0
0	0
0	0
0	0
0	0
0	0
0	0
0	0
0	0
0	6568
576	8373
153	93
2	8280
0	0
4	0
2258	528
1	90
3	526
53	99
0	99
4	1
0	2
0	2
0	0
837	2509
174	2509
195	281
0	41
0	46
0	23
4	48
0	109
14	82
16	93
0	3
24	445
494	0
26	1240
17	1116
41	89
6	1081
434	978
67	51
256	0
3	14
0	14
0	0
27	181
0	181
0	5
55	652
31	660
1	10
7	119
0	0
1	26
0	26
33	38
2868	364
1	362
42	0
103	0
396	0
0	26
0	0
0	0
2145	720
2	717
4	3
4	60
153	87
5	66
0	9
0	32
0	12
0	33
0	33
0	13
0	15
0	14
0	2
0	0
132	919
709	1047
29	919
1	307
49	14
0	123
38	0
4	39
37	66
3	66
44	0
0	0
0	0
0	0
32	929
2	1071
31	1070
0	0
91	35
0	0
0	0
0	0
3	89
0	0
0	0
0	0
0	0
0	0
0	0
73	72
1	72
2	895
0	5
42	880
6	9
1	64
10	30
0	143
0	548
4	12
1	0
312	649
1	102
0	65
0	56
0	70
0	637
0	56
0	0
0	62
2	183
0	0
179	67
1	67
72	1339
6	1339
0	1329
5	207
2	65
0	0
0	0
319	124
9	124
0	1
0	0
0	0
14	58
0	0
1	447
0	2
0	2
0	2
0	0
1	58
0	0
0	0
0	0
0	0
0	0
0	0
0	0
0	1
0	0
0	0
0	0
6	0
1	0
0	8
33	5361
0	3333
0	5573
29	369
0	3793
3	3205
0	80
0	0
1	0
98	654
1	601
1	585
0	0
0	0
0	0
88	0
2	0
6	0
27	571
96	141
0	571
3	559
4	23
0	0
20	0
607	144
1	134
0	38
0	0
0	0
0	2
0	0
340	186
43	184
0	2
0	0
0	0
0	0
0	0
0	0
0	0
0	0
0	0
0	0
0	0
0	0
0	0
0	0
0	0
0	0
6	105
58	1158
11	1158
28	256
3	797
0	868
0	795
4	664
0	102
0	164
1	611
0	0
44	0
7	0
1	20
0	0
0	0
118	576
33	576
1	217
2	252
0	7
0	0
0	0
0	0
31	207
0	1172
1	720
0	717
1	702
8	354
34	3
0	200
1	66
0	0
0	0
9	0
201	364
50	364
38	0
0	0
1112	1040
128	1040
18	253
10	191
52	596
3	0
0	0
0	0
0	0
0	0
0	0
57	5331
30	5276
11	162
9	254
1	271
3	331
7	2
2322	2127
103	2125
17	39
0	0
10	101
12	258
51	258
0	0
0	90
0	0
0	0
0	0
7	124
1031	124
0	0
0	0
5	91
1	0
0	0
7	0
0	0
0	0
2641	4455
12	4297
7	200
5	26
7	59
23	236
44	102
14	1186
37	1186
0	0
0	61
10	0
0	0
0	0
1479	588
47	588
0	1
0	1
5	0
0	0
0	0
0	0
0	0
24	47
3	781
0	846
11	836
0	1306
0	1
0	1
6	785
0	756
0	831
442	1291
0	15
4	55
0	680
0	0
4	0
28	132
10	735
4	20
0	0
0	0
0	0
0	0
23	275
3	249
70	319
4	121
0	37
2	32
0	62
0	4
0	4
14	38
0	0
0	0
0	0
58	679
98	773
109	791
4	188
0	258
15	176
29	46
0	0
956	105
53	105
117	25
16	0
5	0
0	1
0	1
15	233
94	233
0	33
1	0
2	0
4	1059
22	1073
23	306
4	103
110	40
0	33
0	0
0	0
0	0
7	11
1	11
0	8
0	14
23	642
2	624
0	227
2	107
2	81
27	31
1	6
6	1
4	0
0	1
0	0
1	0
0	0
0	0
570	959
67	959
5	983
2	1209
1	1832
0	1731
23	2136
0	1711
13	328
0	74
0	420
21	519
1	511
0	534
0	215
0	302
1	17
41	234
2	0
7	0
0	0
242	1440
0	1440
1522	243
0	172
1	71
1496	2922
31	87
15	87
1	11
9	2866
3	2594
165	970
15	233
17	27
16	192
21	239
87	301
14	1577
73	1240
3	1396
0	1527
0	1527
8	1518
33	258
5	3247
5	3411
90	3387
51	3399
29	188
0	0
9	707
7	299
6	70
0	0
0	0
551	1405
3	1397
0	1391
0	1335
0	1326
0	113
0	1284
0	0
0	0
7	1
0	1
1	0
0	0
0	118
0	70
0	95
237	52
0	27
3	25
642	1026
4	1026
1163	2
6	2
8	7
1	5
0	7
7	1
0	0
81	23
0	19
0	3
0	4
0	4
0	0
0	0
8	0
0	0
14	50
0	49
2	1
0	0
55	0
51	0
3	652
39	109
71	202
177	652
1	0
17	967
87	967
2	28
10	24
31	24
36	1422
224	1440
10	544
0	58
0	3
4	36
2	36
0	0
1	2
1	6
0	5
0	0
0	0
1	0
1288	0
0	0
0	0
0	0
0	0
395	0
931	0
1292	0
233	261
4	110
1	139
0	44
66	109
8	167
8	135
0	119
2	34
12	5
0	16
4	25
0	0
14	298
0	1
1	36
0	298
0	256
1	286
5	29
1	7
3	96
3	10
11	16
6	27
4	10
0	0
0	4
1342	0
1	0
1962	869
40	656
0	430
0	318
4	33
3	104
2	6
0	208
1	1108
0	1148
0	43
0	153
0	342
1	1083
1	403
0	264
9	117
93	1009
0	108
2	50
0	127
0	246
0	252
0	286
0	968
0	189
2	321
0	344
13	183
4	31
0	53
5	50
11	205
1	223
5	13
6	0
4	25
0	81
0	88
0	14
0	7
1460	873
3	880
3	926
41	755
3	6
0	854
2	0
1	66
6	66
697	0
5	145
79	1217
1	1297
0	658
1	69
0	207
6	270
6714	8814
20	6991
43	1809
45	822
1	0
1	0
0	986
27	884
116	442
3	876
5	830
17	129
0	0
0	75
6	79
4	54
4	4
21	831
3	841
6	221
4	51
11	11
0	35
0	3
0	3
0	289
1	268
0	49
3	66
8	68
80	295
1	61
1	34
1	48
2	40
0	10
106	2
0	4
0	1
0	0
0	0
0	1
0	1
0	1
0	0
0	642
5	733
1	465
11	498
0	610
0	96
9	254
0	89
0	20
11	22
0	17
79	4720
139	5143
27	848
11	2347
8	4654
29	1559
0	4591
3	2292
1	0
5004	4
16	1899
8	2000
51	1193
4	40
0	992
14	992
17	991
711	459
13	424
0	48
11	4
1841	0
19	2988
38	1801
0	2970
0	194
89	2912
12	267
0	0
1	26
0	7
0	7
0	496
0	495
0	204
1	387
0	296
0	0
0	43
0	44
5	28
2	71
1	0
21	320
0	247
24	52
3	55
4	70
1	259
0	26
0	72
0	333
0	333
44	344
0	140
0	65
0	162
32	242
0	142
1	102
2	50
71	522
11	410
4	325
102	241
2	658
1	412
3156	919
65	731
7	184
45	75
0	75
0	0
0	0
635	945
0	0
0	0
0	0
0	0
0	0
4828	137
156	56
0	77
12	68
7	1
0	133
0	91
9	367
2	452
20	25
1	323
2	61
0	0
0	1
0	1
0	0
0	0
0	0
0	0
362	69
0	56
0	24
0	0
0	0
0	0
887	589
57	529
0	23
4	171
0	175
4187	730
3	730
4	0
0	0
56	937
3	901
0	926
24	582
0	354
0	0
3344	345
43	92
1	0
56	293
58	81
9	52
38	197
566	1286
9	271
4	203
29	168
7	89
0	0
44	0
4	296
0	698
0	0
0	0
0	16
0	22
0	17
0	18
0	18
0	18
1	5
0	0
0	2329
62	1595
0	1803
0	1168
0	0
0	0
805	14
14	15
0	15
0	0
1783	383
110	381
0	0
3	0
1	0
0	0
0	0
9	774
0	0
0	0
0	0
0	0
0	0
0	0
0	0
0	0
0	0
0	0
0	0
0	3
1	12
0	12
0	8
0	0
0	3
0	0
0	1
0	0
0	1
0	3
0	0
0	3
0	0
0	0
0	0
0	0
0	0
2	142
2	155
0	151
0	20
0	5
0	11
0	10
0	0
0	0
5	657
0	78
0	575
70	122
0	374
1	102
40	809
0	781
0	0
0	0
10	19
7	402
12	14
0	7
0	7
3	1326
0	1463
0	1457
5	78
11	132
5	935
0	1159
2	1159
12	1158
5	83
0	331
2	22
1090	621
3	103
100	197
6	275
13	232
0	207
0	0
898	4470
452	4470
528	0
1	3442
140	5
61	5
0	99
1	95
5	66
1	98
2	2321
1	2065
0	2323
14	515
0	2033
5	1728
0	2433
0	2317
0	0
0	0
63	834
0	368
50	37
0	22
0	0
0	0
365	0
0	0
0	5
0	0
0	0
191	81
6	81
0	30
0	0
0	0
1	0
0	0
0	0
0	0
0	0
12	3627
3137	85
17	5
0	3677
4	5
5	5
0	0
0	0
99	0
35	0
48	1
0	1
7	550
10	2968
0	3109
39	1011
0	9
51	561
194	6
99	13
13	0
0	0
0	2275
11	60
29	251
0	2045
3	2164
3	242
3	102
15	677
5	213
9	143
43	0
8	67
13	1672
0	1672
26	1701
25	890
0	500
5	395
0	68
3	76
0	61
129	3
0	0
0	0
0	0
0	0
0	0
0	0
0	0
165	421
0	421
0	1
4	34
11	0
24	67
62	1
46	0
0	17
1	19
481	976
90	512
288	746
86	666
0	348
6	94
0	0
1	0
77	0
1	377
60	0
3	0
123	0
0	0
49	0
0	0
1	70
0	0
0	0
0	0
0	7
0	7
0	0
0	0
0	0
0	0
0	0
0	0
0	0
0	0
0	0
0	0
0	0
0	0
0	0
1	5
0	1
0	5
0	0
0	2
3	0
1	1
0	0
2	96
52	96
289	0
0	1
0	1
0	0
8	348
2365	1125
1	839
0	837
5	439
3	0
80	467
0	447
3	467
8	64
29	0
4	28
0	0
0	7
0	7
0	0
1	0
0	0
0	0
0	0
3	0
65	80
1	80
0	17
0	0
323	104
0	16
0	65
3	0
1	32
9	20
1	20
0	6
0	0
63	16
0	2
0	2
0	1
0	7
0	4
162	2
1	0
0	0
0	0
0	0
0	0
0	0
0	0
0	0
0	0
0	0
0	0
0	0
0	0
0	0
0	0
0	0
0	0
0	0
0	0
0	0
4	0
1	0
0	92
6	39
22	255
1	305
355	210
0	37
0	0
2	3
0	5
0	3
0	46
6	5
10	150
5398	1461
1	1125
0	366
0	334
1386	1191
3	470
3	1093
4	166
1	941
0	890
10	45
5	98
1	900
0	103
29	0
2	39
469	68
0	50
12	18
2875	0
1164	117
6	115
8	111
6	0
445	602
0	602
1086	1631
4	1699
470	1358
0	0
1	973
1	56
0	960
2	151
2	1953
0	959
9	1
5	750
61	0
0	208
25	0
0	0
0	0
0	1
0	0
0	0
4	0
0	0
0	1
47	48
3	48
0	0
219	3222
47	3048
0	1080
2	746
0	945
41	573
1	69
1	0
39	0
9	13
11	594
1	50
1	313
0	520
3	32
0	0
8	19
0	124
2	124
29	546
11	35
17	33
2	515
1	27
0	75
631	600
0	79
4	66
0	58
0	21
0	412
2	429
0	321
6	275
0	270
1	250
1	209
0	181
0	149
5	53
0	6
4	1641
3	1198
199	100
109	361
4	1479
77	0
27	86
95	0
1372	796
49	708
1	148
0	140
6	371
7	577
1019	2028
43	0
3	2028
5	948
0	0
93	11
0	11
0	0
1428	399
8	84
0	84
0	34
1	66
0	316
85	0
108	727
9	742
0	362
22	96
0	67
0	229
31	13
2	233
0	21
109	15
1	0
919	629
3	453
0	397
1	58
0	414
20	61
64	58
0	54
2	113
260	857
0	70
10	615
0	218
0	218
23	398
15	392
25	3522
82	3523
0	198
25	91
264	9
0	9
0	1
0	42
2	79
3	79
0	1
0	2
0	2
4	306
0	105
3	1314
0	1103
11	1256
0	9
0	190
0	359
2	278
2	3
0	122
0	137
0	265
0	233
0	55
3	187
21	139
1	0
0	24
13	2
35	111
3	110
2	0
0	0
0	0
0	0
87	472
25	382
1	87
0	0
0	99
0	62
2	494
6	579
37	499
3	85
0	419
9	20
0	90
0	60
0	0
2	84
0	0
0	17
0	16
9	63
2	0
5	19
1	20
0	20
0	1
0	1
0	1
0	1
0	1
0	1
0	0
0	0
0	0
0	0
0	0
0	0
0	0
0	0
1115	0
281	209
2	18
10	135
9	51
3	69
7019	38
6	36
101	455
7	614
0	576
3	169
11	382
0	98
1	52
0	21
63	564
319	1206
0	743
1	295
2	214
16	158
24	168
0	136
3	48
0	79
0	0
235	0
0	0
0	0
4	0
0	0
0	0
0	0
0	0
0	0
0	0
1	0
0	0
0	0
0	0
0	0
0	0
104	13
3	13
0	0
0	74
0	528
0	528
3	568
10	542
0	70
0	72
2	33
0	127
1	14
5	0
77	204
0	51
11	45
0	16
0	16
0	141
0	11153
4	10549
13	10880
120	2096
6	10120
0	382
0	829
133	0
1	357
14	428
97	83
58	2966
3	0
0	370
0	0
0	479
0	0
0	0
69	2441
22	35
105	1403
153	0
2	14
0	13
0	14
0	2
0	2
0	0
0	1
11	638
0	0
0	527
20	527
11	7
1	250
12	20
1940	702
0	214
2	397
0	0
27	34
0	0
0	0
0	0
0	0
6	0
0	0
0	0
0	0
0	0
1	0
0	0
0	0
0	0
0	0
0	0
12	7
0	0
0	0
0	0
0	0
0	148
0	0
0	0
0	0
0	22
0	22
0	23
0	24
0	24
0	0
0	0
0	0
0	13
1	9
0	0
2	0
0	0
0	0
0	0
27	346
0	0
0	0
0	1
0	0
0	0
0	0
0	0
710	569
1	82
23	0
58	487
5	0
0	0
21	0
73	804
0	0
0	0
0	0
0	0
0	0
0	0
0	0
0	0
793	1
1	1
21	0
0	83
0	127
0	122
2	122
0	62
0	47
0	0
0	0
0	0
0	0
2	514
0	280
0	509
5	50
1	84
2	5
22	18
1	1
30	103
12	79
0	103
0	87
31	66
0	70
1	5
82	2
0	14
0	14
0	0
0	0
0	0
0	0
0	0
0	0
0	0
0	0
0	0
0	0
0	0
1	0
3	40
0	131
0	23
0	48
8	12
176	224
23	26
6	138
8034	0
8	0
2753	2203
30	281
4	1449
3	1893
42	1112
20	304
0	0
0	14
2	9
52	0
0	12
0	13
0	13
1	12
0	0
0	413
10	1162
77	1203
0	116
0	373
2	159
103	449
0	429
10	10
210	400
0	159
16	98
6	124
5	12
3	23
1	11
0	11
0	2
0	0
0	0
2602	10
0	0
0	0
0	0
0	0
0	0
0	0
0	0
0	0
0	0
0	0
0	0
0	0
0	0
0	0
94	7
1	7
3	5
0	5
84	433
17	364
2	311
2	0
1	0
0	4
0	27
0	5
1	1
0	1
0	0
0	0
0	0
0	0
96	441
0	436
0	157
2	43
0	6
0	0
0	0
0	0
0	0
0	0
0	0
37	71
0	71
3	0
1876	368
2	288
0	119
3	62
7	4
18	556
31	556
0	0
0	7
0	6
4	7
103	252
5	252
0	0
0	0
3	0
0	0
0	4
0	0
0	0
0	4
0	0
0	0
0	0
0	1
0	1
0	0
0	0
0	0
0	0
8	2471
153	2412
8	2297
0	2150
0	49
1	33
13	29
0	0
0	0
5	835
48	319
3	695
3	574
6	80
6	110
7	259
0	265
0	37
1374	474
0	416
0	118
9	131
90	280
3	280
0	24
0	30
0	24
0	24
0	18
0	17
1	22
142	0
0	95
1	89
0	100
1	73
0	5
1	4
0	25
0	25
3	4
1	1
0	0
0	8
0	3
0	0
488	267
4	5
20	262
5	1270
217	1404
3	1398
2	47
43	66
0	0
0	0
0	29
0	29
25	29
0	37
9	31
132	557
10	563
46	481
12	230
1	121
49	592
89	592
3	14
3	70
15	33
34	33
0	0
0	10
0	12
0	8
0	13
0	3
0	1
0	1
0	0
0	0
0	0
0	21
0	21
0	15
0	21
1	20
1769	2496
116	2498
7	2412
35	413
103	191
0	369
24	6
0	0
2663	0
2133	197
6	197
2	0
7	3
0	0
0	0
0	0
7	1294
531	0
0	0
16	0
2	0
0	0
84	841
2038	1210
3	291
11	46
0	41
4	118
30	248
11	20
1	20
5	6
1	228
17	223
8	117
7	144
0	164
4	30
4	0
0	91
1	87
1	92
0	78
0	89
7	78
0	108
1	96
0	112
0	0
0	1
0	1
353	96
20	96
0	76
0	1329
0	1329
21	51
0	1
0	1
0	0
53	125
4	130
23	186
1	14
1	71
1	54
0	51
1	17
0	10
1	1
900	0
4	1
0	1
4	1167
3	187
3	0
2	80
2	85
8	274
5	408
113	1698
14	1677
1	1246
4	136
19	334
7	137
4	171
0	5
0	5
921	0
8	1
1	1
0	0
1	548
0	733
336	1258
1	526
3	493
0	782
0	517
14	0
5	760
4	740
12	65
0	0
0	61
3	25
0	0
1	0
0	0
1	44
0	47
0	49
0	47
5	14
20	15
0	0
1	0
0	0
380	0
15	223
3	223
7	28
2	39
4	18
0	522
0	1238
19	1304
0	610
1110	1433
0	0
58	9
41	8
1288	1087
11	1031
3	32
20	350
6	74
4	61
11	204
29	132
28	65
1	28
14	47
141	49
2	485
6	532
3	29
0	65
132	490
20	399
0	441
0	32
0	69
1	5
0	48
166	389
121	304
61	93
0	123
354	475
4	211
7	404
1	115
16	240
0	110
0	92
3182	3825
192	3825
14	0
15	380
4	358
0	392
0	374
82	360
0	356
0	0
122	0
12	16
5	0
9787	16630
0	16630
3	2753
82	216
12	216
5	114
5	38
0	38
0	4
74	4560
0	4270
0	4531
0	687
10	589
2	146
0	0
77	645
24	645
1	109
1825	798
0	790
9	58
0	0
1	0
1225	311
0	2
2	225
12	87
10	168
143	1437
13	1321
89	519
0	172
11	74
498	207
0	171
5	71
97	0
7	440
2	302
0	460
1	228
56	198
16	89
4	5
2	18
0	0
2	0
4581	5695
1	5695
0	110
253	728
1	2239
0	4082
1	4080
1	691
0	1764
0	2177
0	1734
1	631
0	888
0	3927
0	92
0	197
29	1797
468	2
25	248
1	221
24	313
5	118
10	76
1	77
0	17
0	46
634	3304
2	164
14	1074
1	2790
6	428
11	226
0	225
0	0
52	872
0	268
1	94
14	1773
81	61
0	0
1	1250
1650	16
17	16
0	0
0	0
0	0
0	0
5	3868
0	0
0	2
1	0
0	0
0	0
19	0
0	6
0	6
1	1
48	3860
483	0
48	0
0	0
0	0
2	0
0	0
0	0
0	0
0	0
0	0
0	3
0	3
1864	7
9	7
186	80
1	80
14	12
0	12
0	8
19	229
0	2
28	318
0	195
0	121
6	26
0	109
0	84
0	89
28	64
7	48
0	1
0	1
0	1
0	0
0	0
0	1
165	3543
346	3654
31	3932
26	1242
14	378
0	387
0	280
11	373
13	364
78	1
1	2374
20	2360
0	11
0	59
1193	3040
1	105
125	2529
0	0
0	0
15	55
17	67
3	0
1	0
0	508
60	229
0	2395
0	2393
4	0
402	390
1230	390
15	254
1	0
223	88
0	88
0	0
13	544
4	544
7	141
0	0
26	7
127	263
11	263
0	0
0	0
0	0
0	0
1	181
167	181
6	14
534	14
0	0
84	1
0	1
0	0
0	0
0	7
0	6
0	0
0	703
1	779
0	623
0	569
90	690
14	123
400	416
7	416
0	58
0	37
0	67
2	24
3	163
6	343
37	345
1	0
0	50
5	9
9	0
2463	1922
93	1922
14	324
0	0
152	283
0	0
136	0
0	1583
7	227
1	110
299	1772
11	108
0	137
1	201
0	217
0	1504
0	251
11	302
4	549
4	3
3	21
5	1012
48	1012
11	58
34	49
1	410
375	410
4	18
1	0
0	59
1	28
0	0
350	495
6	77
5	213
745	906
0	906
0	0
11	0
19	753
1609	1787
19	712
0	89
0	0
0	163
0	92
0	733
0	1
0	1
0	1
0	0
0	1
0	1
0	1
0	1
21	115
842	1196
1	1189
5	21
1	21
3291	5431
13	2376
5	3363
0	4777
0	0
1731	913
47	750
2	610
4	654
2	111
0	0
0	139
0	327
12	457
1	102
12	234
0	0
31	692
0	676
0	0
3	484
38	3
14	831
0	1145
0	834
2	1034
6	507
0	110
2	86
1	116
0	107
0	468
10	0
0	71
9	0
0	128
0	15
9	129
11	193
29	164
6	237
1	188
1	241
1	185
2	0
0	0
8	1408
1	1438
109	210
1401	0
631	2
0	0
5	0
15	184
0	184
8	0
909	1070
13	33
3	1037
36	87
17	92
0	69
17	3564
6	3565
232	3510
27	46
1	155
1	27
685	112
9	110
0	291
0	0
0	0
0	0
0	39
2	51
0	51
1	23
0	0
0	0
0	1
1	0
0	0
0	0
0	0
22	805
454	805
0	1
0	2
0	2
0	0
0	0
0	0
1	1
0	1
0	0
0	0
0	0
0	0
0	0
106	288
0	221
113	265
3	230
11	64
1	9
66	164
0	8
0	0
1	155
0	0
68	216
14	180
9	180
60	99
11	99
15	9
0	0
1	6
0	0
3	0
5	0
0	35
0	0
0	0
0	0
157	322
1072	324
0	0
2	52
0	0
0	0
0	0
0	0
1	0
102	0
0	0
1	157
41	190
0	150
1	134
5	95
0	40
0	24
0	1
0	115
0	25
0	88
6	95
1219	0
25	16
0	16
810	61
0	61
0	4
0	4
1	2
2	0
0	0
14	32
0	32
1	0
0	583
1505	583
17	1931
32	1118
4	1732
179	1323
0	0
0	0
711	0
0	0
3	411
15	407
6	78
0	0
5	8
0	6
1060	281
3	21
28	0
0	260
0	0
19	169
103	210
12	41
14	0
0	0
620	921
27	374
21	450
4	248
13	612
73	209
0	0
2	0
0	0
0	0
0	0
0	155
0	130
284	1172
15	101
2	656
4	782
0	0
49	652
18	652
0	14
0	111
0	10
0	10
0	103
4	99
1	17
14	9
0	9
0	0
0	0
0	0
0	0
0	0
235	4965
17	5104
201	5146
0	5282
0	288
10	96
7	341
17	40
37	377
308	744
0	736
3	42
1	7
7	0
6	557
17	577
0	583
0	29
0	48
0	54
3	744
0	0
0	15
38	15
0	0
2	140
300	140
1411	142
1	142
12	0
455	94
7	94
15	41
215	925
0	916
0	347
0	60
0	120
0	6
90	120
3	1436
17	1390
4	862
0	104
59	65
1	36
26	0
1	191
18	140
4	129
12	17
1	76
1	138
743	1524
32	1446
2	1436
0	55
1	113
0	0
1022	571
0	380
6	238
0	197
2	0
0	0
127	0
9	0
0	439
0	439
0	1982
53	1980
0	45
0	294
0	1055
0	74
0	44
2	0
2	0
0	0
0	0
36	0
190	0
0	0
718	1268
8	0
0	1268
5	0
7	1226
0	0
0	12
16	124
0	142
1	182
27	200
1	69
0	22
13	0
0	0
0	0
21	16
0	52
0	16
0	4
0	0
316	627
26	576
0	225
5	346
0	69
0	125
0	69
2	78
1332	8110
38	7957
27	157
0	3020
2	3271
18	4731
5	3697
1	0
0	0
0	0
0	394
507	643
135	13
0	58
9	636
6	226
2	130
0	0
0	0
81	231
100	53
76	256
1313	2
0	0
298	481
0	40
4	371
0	499
2	388
0	122
0	139
5	294
41	320
0	221
0	108
2	174
0	99
15	34
1	15
0	33
178	0
344	0
1	0
1	4
0	4
0	0
0	0
0	0
0	0
0	0
0	0
0	0
1	0
1	0
0	0
769	113
2	83
13	25
12	33
3	30
0	15
542	3737
165	4
263	3533
5	1450
0	1512
1524	992
13	894
16	18
1	78
8	0
0	0
1	1
0	35
22	38
0	38
0	3
7	849
33	764
0	205
0	613
0	630
0	602
0	140
5	40
0	0
1	1
0	4
0	0
69	125
375	273
0	0
0	0
0	0
443	41
2	41
0	0
2	0
0	0
0	0
0	0
4	0
6	0
0	134
5	441
121	477
2	110
0	375
0	48
0	40
0	92
0	74
17	11
0	252
0	0
10	24
3	48
0	200
1	91
0	74
0	39
280	105
0	105
174	117
0	6
1	48
0	63
0	49
1	0
0	0
0	0
0	2273
63	2186
0	135
81	457
1	2150
1	16
0	137
135	958
0	10
0	246
3	0
10	1411
485	1717
10	334
2	1036
113	1036
2	0
0	0
87	0
493	229
2	107
0	122
0	0
34	383
26	349
1	25
27	234
0	124
2	72
3	9
12	35
2	24
0	1
11	3325
78	3325
57	407
0	2620
5	164
4	89
0	49
0	108
0	1253
0	0
5	602
1	79
11	572
0	116
2	31
18	1427
387	1828
6	762
2	826
44	929
0	528
5	202
0	251
19	268
137	392
1	392
0	16
2	0
2	165
6	71
401	163
0	1
0	1
0	0
167	278
2	270
1	242
0	35
0	18
1	16
3	1
1	60
5	0
0	1
1	1
7	2
0	2
0	0
4	249
0	514
22	391
4	506
20	0
0	0
0	24
2	0
1	0
2	0
52	7049
166	7034
4	6422
447	960
535	219
437	231
35	2
0	0
570	2
0	634
0	2088
0	2240
4	93
0	1997
135	1846
1	548
7	58
6	726
2	303
5	48
0	271
4	328
4097	11344
20	4558
0	6139
107	6568
0	0
12	3449
0	0
0	14
0	12
0	13
0	0
2	1
0	0
6	10
0	7
0	5
0	1
2	2
0	3
335	72
0	0
452	438
0	260
40	436
3585	1361
84	1353
1	213
0	4
71	7
4	44
0	2
0	43
0	46
0	3
0	4
0	2
0	1
5	564
0	52
3	5
1	530
0	528
50	318
0	67
72	148
20	64
5	110
0	17
0	121
1	24
1	12
0	158
2	144
8	3
0	6
32	495
0	514
0	486
8	472
0	485
0	488
5	259
0	26
0	86
6	54
1	11
0	24
33	37
50	907
27	307
25	893
0	116
0	0
30	152
0	110
17	3
62	374
0	52
2	18
0	29
1	70
0	48
0	2
9	14
4	207
0	203
0	12
0	35
5	118
0	29
106	1119
0	1119
7	6068
8	5265
69	5962
28	5644
1416	6350
0	4083
0	200
0	1334
4	18
14	822
2	1
0	0
0	0
306	124
0	124
0	23
8	244
1	594
0	602
1	29
0	593
0	20
0	117
3	588
2	48
0	22
0	0
119	1274
4	1274
2	28
1	128
5	124
1	71
0	1
0	6
1	6
79	277
43	277
2	200
1	0
0	0
0	0
0	0
0	0
0	0
0	0
0	0
0	0
0	0
0	0
0	0
0	0
0	0
0	0
0	0
0	0
0	0
0	0
0	0
0	0
0	0
0	0
0	0
0	0
0	0
0	0
0	0
0	0
0	0
0	0
0	0
0	0
0	0
0	0
0	0
0	0
0	0
0	0
0	0
0	0
0	0
0	0
0	0
0	0
0	0
0	0
0	0
0	0
0	0
0	0
0	0
14	22
1602	26
0	0
0	0
16	0
3	1
2	1
152	173
10	143
9	85
10	0
2	61
0	61
1	19
101	32
0	32
0	0
428	622
1	127
9	495
1	2
8	5
0	2
1083	4
0	3
4	1565
17	1590
0	184
0	0
22	50
34	1378
0	0
46	1378
0	0
0	0
2982	392
0	163
0	150
1	178
0	0
1	0
0	0
0	145
0	138
4	145
0	79
0	8
2	6
738	816
5	75
17	816
2	102
113	182
0	417
0	417
718	2
0	0
4	0
1233	0
2	1421
0	1381
39	1469
5	1349
43	1518
4	8
1	41
67	42
6	51
18	8
0	1
75	131
25	36
8	26
27	15
621	2
28	0
0	0
0	11
1	13
0	11
3	48
80	234
654	199
92	194
415	1230
2	915
4	286
9	333
10	56
6	160
1720	2
834	61
0	0
7	61
2032	0
1562	415
122	391
0	0
0	40
0	35
0	40
0	35
0	41
0	36
1	17
0	38
0	0
0	6
0	0
2	1908
45	1978
0	1978
69	0
0	0
0	0
0	0
0	0
157	0
5	63
1	52
0	35
2	138
50	225
0	32
71	62
0	180
0	31
0	22
0	13
0	0
0	9
0	1
1	0
1476	0
1249	1411
16	1407
0	0
0	0
0	1
0	1
0	1
140	169
0	169
637	0
0	0
6	0
8131	32
2	0
46	13
1	13
16	0
2898	415
2	405
143	0
226	377
13	377
39	154
0	12
0	0
0	0
3	1893
0	1440
67	1929
0	1379
80	1255
0	1737
0	34
1	94
2	1601
0	1615
2	1379
0	1184
0	1346
0	1299
0	1552
0	1017
0	941
10	2
0	1097
0	1180
1	1038
78	20
0	570
0	185
4	67
0	223
0	223
0	33
4	0
0	98
0	0
0	0
71	222
55	446
0	0
857	657
33	605
0	0
0	0
1	0
3973	12487
3	11721
12	953
0	1422
0	0
0	0
0	0
0	0
0	0
0	0
0	0
0	0
0	0
0	0
0	0
0	0
0	0
0	0
0	0
0	0
0	0
0	0
0	0
143	75
0	50
0	43
0	26
284	44
3	27
11	6
22	0
85	0
0	0
0	1
0	1
0	1
0	0
1	0
0	0
1	0
0	0
1	0
4	0
0	0
0	0
0	0
0	0
0	0
0	0
0	0
0	0
0	0
0	0
0	0
0	0
0	0
0	1
0	0
0	0
0	1
0	0
0	0
0	0
2	407
8	45
3	396
0	604
301	666
0	18
0	62
1	43
0	397
0	0
0	423
0	0
599	485
117	72
44	433
55	52
1	0
22	86
8	86
9	0
0	0
0	0
0	0
89	739
2	742
0	604
13	125
13	125
0	0
38	1432
60	0
0	1432
2	206
0	180
0	217
0	0
3	111
6	105
0	0
371	1781
11	1608
44	661
2	570
0	547
1	46
174	375
36	223
39	281
10	2
0	251
26	120
4	516
3	470
27	166
60	226
2	231
0	0
0	0
0	0
0	0
34	472
0	258
12	439
0	0
0	0
0	0
0	0
0	0
0	1416
8	1416
0	1379
0	4
3	274
2	109
0	147
17	452
2	348
263	849
2	731
77	181
38	35
0	0
192	0
0	5
0	103
0	139
0	57
0	2
8	85
0	131
0	0
91	1
0	0
248	1
4	0
0	6
0	6
2	6
0	0
2	0
0	0
1	0
1449	0
14	30
0	78
79	2665
2	89
4	2661
0	0
33	1581
0	1531
0	207
83	20
0	20
689	888
1	172
44	725
0	267
8	246
41	0
24	0
84	4274
6	4432
5	1042
0	1360
0	1300
0	1301
1	1
0	0
9	247
0	162
322	342
3	0
49	11
0	11
1	79
2	79
2	0
0	8
0	0
0	0
0	0
0	1
0	0
0	0
28	146
26	51
0	145
0	0
0	0
10	3
4	2
0	3
0	3
2	0
1519	470
2	470
74	80
27	68
0	0
0	0
0	0
0	0
0	0
0	0
0	20
0	26
0	21
0	15
0	0
0	0
0	0
0	0
0	0
0	0
0	0
0	0
0	0
0	0
0	0
0	0
0	0
2	0
0	0
0	0
0	0
0	0
0	0
0	0
0	0
0	0
0	0
0	0
578	0
13	1376
1	1386
0	336
11	346
0	1105
59	126
122	66
0	0
321	148
276	0
0	41
0	41
0	0
0	0
0	0
0	146
2	143
0	0
14	1791
12	1788
0	37
17	1777
1	56
2	22
0	156
0	35
18	1160
2	516
2	637
0	604
3	579
0	422
0	377
21	23
4	187
0	90
15	99
18	173
2	7
58	1299
12	1299
3	128
85	35
2	23
1	2
0	0
0	0
0	0
0	0
0	0
0	0
0	0
0	0
0	0
0	0
1	0
0	237
0	333
0	38
1102	378
0	56
59	10
21	5
0	0
5784	4466
0	4222
1	268
0	0
1	0
0	0
0	0
3	0
0	3
0	3
252	1520
28	1259
18	163
2	570
0	0
2128	1175
0	1171
1	1064
9	33
4	107
1	87
1	0
0	0
0	0
0	0
0	0
0	0
1	5
1	25
0	23
0	7
0	0
0	0
2258	0
0	0
0	0
0	0
0	0
0	0
19	728
32	667
1	525
1	290
1	14
51	10
23	639
245	586
12	109
0	24
0	65
0	37
0	1
1	1
0	0
0	20
0	17
0	17
0	0
0	1
3	2
1	1
0	0
0	0
0	0
129	647
0	544
2	64
0	52
0	0
0	0
221	0
532	468
2	230
10	67
0	184
0	590
2	590
8	616
2	308
27	0
4	34
14	54
11	28
21	1
6	625
162	977
10	304
70	102
0	720
38	948
3	742
0	649
0	145
2140	3718
2	618
0	174
2	206
0	28
0	0
0	0
1	67
0	2
0	1
0	0
0	226
0	0
0	0
12	1100
0	4
0	3
9	524
2	544
13	388
0	1145
2	6
0	1093
137	111
0	9
0	0
0	0
0	7
5	56
6	9
0	0
0	0
0	0
3	29
91	20
2	26
0	0
0	0
0	0
22	278
3	277
0	278
0	3
0	3
0	3
0	0
0	3
0	0
0	0
0	0
3	249
754	261
0	91
0	0
0	0
0	0
0	55
3	334
0	334
2	6
0	2
1	0
0	3
0	0
0	0
0	0
16	391
0	0
0	0
0	0
0	0
0	0
0	0
1764	552
17	71
20	388
13	226
1	190
3	402
1	264
0	0
27	16
15	3
13	99
3	99
0	99
1	10
0	2
0	0
0	0
0	0
0	0
0	0
0	0
0	0
0	0
0	0
0	0
10	27
34	24
0	14
0	0
0	2
0	0
0	0
0	0
0	3
1	53
88	48
0	0
0	5
0	0
0	0
0	0
0	0
0	0
0	0
0	0
0	0
0	0
0	0
0	0
0	0
0	0
0	0
0	0
0	0
0	0
0	0
0	1
0	1
0	0
0	0
0	0
0	0
0	0
0	0
0	0
0	0
0	0
0	0
0	0
0	0
0	0
0	0
0	0
0	0
0	0
0	0
0	0
0	0
0	0
0	0
0	0
0	0
0	0
0	0
0	0
0	0
0	0
0	0
0	0
0	0
0	0
0	0
0	0
0	0
12	908
453	1031
9	949
10	1
0	750
0	0
0	0
0	0
0	0
0	0
0	0
0	0
0	0
0	0
0	0
0	0
0	0
0	0
0	0
0	0
0	0
0	0
0	0
0	0
8	0
0	422
0	0
0	0
0	0
0	0
0	0
0	0
0	0
0	0
0	0
0	0
0	0
0	0
0	0
0	0
0	0
0	0
0	0
0	0
0	0
0	0
0	0
0	0
0	0
0	0
0	0
0	0
0	0
0	0
0	0
1	0
0	0
0	0
0	0
185	34
0	56
0	76
13	0
0	2
0	0
736	1539
3	1542
0	805
4	28
169	93
12	79
16	0
1	705
6	778
27	711
2	713
0	629
13	512
0	451
11	62
1	62
2	132
1	24
7	88
0	49
0	0
2396	1775
18	1759
18	336
16	61
9	81
48	14
0	4
3	5
157	299
10	286
0	24
0	177
27	0
2	17
11	9
0	17
0	0
0	9
6	0
0	5
6	336
8	185
1	280
0	195
0	215
5	261
0	46
14	9
12	785
12	1433
7	1363
0	470
11	814
2	94
7	712
1	681
5	435
6	811
0	318
833	0
0	20
0	20
0	20
0	1
521	723
5	723
0	0
0	0
0	0
0	245
123	286
1	74
9	109
1	66
48	0
45	602
0	138
104	312
2	53
0	174
6	562
0	0
1	40
0	0
1	0
1172	1085
0	1085
44	225
20	313
0	3113
115	3110
0	3098
16	226
0	2907
0	0
1	214
27	0
437	12
0	12
0	0
37	0
176	651
5	230
1	280
0	218
0	213
69	410
0	143
0	21
27	38
515	38
2	0
0	2
0	2
17	0
0	0
1	0
0	6
0	2
2	301
0	1258
17	373
21	1125
2	362
1	167
2	36
0	69
0	1239
0	0
5	0
15	1564
0	1764
0	1895
0	1940
41	294
58	17
1427	1757
31	1442
0	856
39	101
5	101
6	15
0	109
3	80
0	0
0	2
1	2
0	1776
6	1732
78	1550
0	1165
1	1063
7	1
0	0
0	0
206	1442
14	1292
54	141
11	37
9	258
48	694
2	653
4	126
42	147
2	157
0	113
1	14
7	239
0	223
0	60
19	2698
99	2950
67	3050
19	167
6	789
0	0
1	2452
5	203
1	2381
53	388
72	2420
11	395
11	59
25	47
6	236
27	170
0	0
6	1351
1	1304
76	1197
0	1288
1	195
0	1263
0	43
0	1293
0	1227
73	1
1	40
2	265
0	592
24	162
0	40
18	126
0	0
113	382
4	57
1	47
8	59
0	180
0	268
3	82
0	87
1	21
14	25
2	59
1	4612
59	5151
4	5246
1	464
0	5212
0	5152
0	4305
4	2173
0	3975
2	0
0	369
7	1968
118	939
0	0
3	141
5	300
40	303
0	275
0	171
0	37
0	44
0	34
1	42
1	0
0	1015
12	987
1	1005
3	1001
1	949
0	43
10	28
1	51
20	6
0	13
2	726
26	732
10	722
5	693
981	0
0	0
0	0
0	7501
10	7465
46	7303
18	4669
0	0
0	0
471	5581
0	2045
0	5570
54	2228
2	1461
137	266
55	2644
117	157
26	101
3	67
2	86
0	38
764	1825
0	1825
3	18
18	1578
53	730
9	1569
3	136
0	0
7	228
1	642
17	0
2	386
11	181
0	0
81	4100
14	3965
0	434
3	235
1	219
28	410
87	508
14	505
25	217
0	452
1	383
65	39
8	35
0	35
6	6
0	17
1	32
8	86
3	82
1	27
280	2
13	3
0	3
1	152
0	158
0	147
0	134
1	143
2	10
0	16
0	8
0	8
0	4
19	2646
80	2657
80	2563
5	342
87	125
33	17
0	2
0	17
0	48
22	240
9	248
8	204
54	48
0	2
36	2
1	468
26	529
13	529
0	200
6	0
0	1
26	7326
4368	8346
3	1687
12	5966
0	3539
4	1108
129	1098
5	493
7	283
13	283
0	0
6	0
0	0
156	2564
0	2563
0	2523
1	2446
14	2479
0	0
42	124
0	124
1	0
1	4196
0	0
0	1
0	1
0	1
0	0
5	6
0	5
100	371
14	42
25	475
0	404
65	317
0	9
37	0
233	0
2	0
458	65
3	65
70	0
7	13
32	0
9	0
0	44
0	0
1058	179
5	114
0	37
43	5
0	32
1	17
3	0
0	0
11	253
17	33
21	25
1	6
1	28
205	747
0	628
14	112
0	0
46	2
14	409
1	411
0	75
11	418
4	64
0	0
0	353
0	48
0	42
0	38
0	176
18	41
0	82
0	0
0	80
0	0
100	21
7	9
1	12
0	0
0	0
0	0
0	0
0	0
0	0
0	0
0	0
0	0
0	0
0	0
0	0
1	0
0	0
6	837
19	695
0	874
8	459
4	32
0	14
3	0
0	0
0	0
0	0
0	0
0	0
0	0
0	0
0	0
0	0
0	0
0	0
0	0
0	0
0	0
0	0
0	0
976	177
264	171
3	0
1	3
13	4560
4	4718
1	36
72	35
93	795
136	4222
20	3
0	11
0	0
249	102
100	94
0	0
0	0
309	31
5	31
0	0
0	0
0	0
0	0
0	0
0	0
1	35
0	0
0	0
0	0
0	0
0	0
0	0
0	1
0	1
0	1
0	1
0	1
0	0
0	16
0	17
0	13
0	8
1	0
0	0
0	3
2	0
0	0
0	0
0	0
0	0
0	0
0	0
0	0
0	0
0	2
14	626
1	803
0	875
20	131
0	149
0	281
0	115
5	94
13	138
22	264
9	337
0	373
3	9
4	70
12	2
7	27
1354	689
44	689
47	0
0	1337
0	1110
17	336
0	1307
0	412
1	98
357	153
21	0
3	122
0	105
14	121
0	40
1	0
0	0
1243	494
4	304
0	494
0	217
0	0
0	0
0	0
0	0
0	0
0	0
0	0
0	0
0	0
0	0
0	0
0	0
54	13
0	0
2	0
0	0
0	0
0	0
4	1
1	14
3	3
0	0
0	0
0	0
6	4
0	5
0	1
0	1
0	4
0	2
0	1
0	2
0	0
0	2
0	0
0	0
0	0
0	0
0	0
0	0
0	0
713	922
53	922
5	203
0	0
0	0
0	0
0	0
0	0
1993	26
103	20
0	6
67	257
3	257
3	0
1	0
3	1240
1493	1299
2	1001
0	536
0	922
0	0
0	0
6190	3602
0	2
93	3155
196	37
0	385
33	953
30	1523
0	13408
0	14474
30	12677
4	6119
10	320
30	7541
28	839
32	1075
33	1047
40	123
0	0
14	0
12	177
438	373
0	410
98	152
0	334
2	939
8	961
5	61
0	922
9	146
104	106
29	96
0	14
29	709
2	35
6121	4229
50	3844
41	353
99	3
145	0
732	3
0	0
4	0
2	0
0	0
0	0
0	0
0	0
43	0
0	0
1	350
1	0
0	0
0	0
0	0
13	0
441	3976
11	25
0	0
2	53
0	2284
171	3886
0	80
172	88
7	20
0	15
0	18
0	0
0	0
0	0
0	0
0	0
227	60
0	60
0	0
35	0
82	0
0	0
70	0
75	0
0	0
0	0
58	10
5	0
0	596
1016	843
0	581
0	645
0	155
0	0
2	0
0	0
13	0
9	0
0	0
0	0
1	0
0	0
0	0
0	0
8	1269
0	0
0	0
0	0
0	0
0	0
0	0
0	0
0	0
0	0
0	0
0	2
0	4
0	3
0	4
0	3
0	3
0	0
13	0
0	0
0	2
1703	732
21	755
3	483
20	425
7	407
7	171
6	287
0	283
12	71
10	46
70	45
0	8
0	15
1	11
8	8
49	0
44	381
0	381
0	70
0	0
468	456
2	471
1	461
1	311
1	0
0	132
0	66
1	32
0	821
2	606
20	591
46	654
0	667
0	658
0	700
12	72
0	92
28	14
0	234
0	148
9	119
0	124
2002	1022
3	309
0	200
7	622
0	753
1	781
0	309
1	93
1	284
0	135
164	48
38	0
314	50
6	43
0	21
3	10
1	0
0	3
0	0
0	0
0	123
3	20
37	1766
0	625
0	1753
2	131
2	0
0	0
0	0
15	0
19	377
26	407
59	290
153	10
94	10
2	1
1	1
0	0
0	0
0	0
0	0
1	0
1	0
0	0
0	0
0	0
0	0
0	0
0	0
1	0
0	0
0	0
0	0
0	0
0	0
0	0
0	0
0	0
0	0
0	0
8	0
0	0
0	0
0	0
0	0
0	0
0	0
0	0
0	0
0	0
0	0
0	0
0	0
0	0
0	0
0	0
0	0
0	0
0	0
0	0
0	0
0	0
0	0
0	0
0	0
0	0
7	243
7	246
0	196
0	142
1	63
1	20
0	18
0	7
2976	1743
0	475
0	1171
1	494
0	179
10	93
3	292
1	120
38	56
0	0
0	2479
15	2479
0	2550
0	2550
9	354
2	29
12	136
0	547
0	387
0	46
25	23
1	10
0	25
8	93
1	7
0	4
0	31
0	73
0	25
0	1
3	3
1	13
0	98
3	100
0	99
0	34
0	33
7	15
4	12
0	6
0	10
0	8
0	4
0	3
0	0
0	0
0	0
1	0
10	0
44	2
0	0
231	0
479	1294
92	1272
10	712
7	168
0	9
2	0
0	0
3	0
0	0
0	128
0	128
0	128
25	0
4	0
11	78
0	13
31	0
1	43
0	43
12	5
0	5
0	293
6	318
0	279
10	297
0	260
0	314
0	18
0	1
0	2
0	4
0	4
0	4
0	0
0	0
10	391
20	334
0	391
0	391
2	8
5	15
0	3
8	5
0	3
124	0
10	111
361	206
0	184
0	6
2	32
0	8
22	42
1	31
0	18
0	22
0	13
11	3
14	1
7	0
0	0
0	452
9	18
2	11
2	10
2	42
15	6
128	788
3	228
0	716
4	39
458	3100
7	3158
83	720
19	641
0	0
0	0
0	0
1	0
1	5
0	0
0	0
0	0
0	0
0	0
0	0
0	0
0	0
0	0
0	0
0	0
0	0
0	0
0	0
0	0
0	0
0	0
0	0
0	0
0	0
0	0
0	0
0	0
0	0
0	0
0	0
0	0
0	0
0	0
0	0
0	0
0	0
0	0
0	0
0	0
0	0
0	0
0	0
0	0
0	0
0	0
2	3
0	3
0	0
0	0
0	0
1	0
0	0
0	0
0	0
0	0
0	0
0	0
0	0
0	0
0	0
0	0
0	0
0	0
0	0
0	0
0	0
0	0
0	0
0	0
0	0
0	0
0	0
0	0
0	0
0	0
0	0
0	0
0	0
0	0
0	0
0	0
0	0
0	0
0	0
0	0
0	0
0	0
0	0
0	0
0	0
0	0
0	0
0	0
0	0
0	0
0	0
0	0
0	0
0	0
0	0
0	0
0	0
0	0
0	0
0	0
0	0
0	0
0	0
0	0
0	0
0	0
0	0
0	0
0	0
429	3670
32	3645
9	28
2	77
9	293
4	179
7	352
54	0
0	0
0	1
0	1
0	0
0	0
0	0
0	0
0	0
0	0
0	0
0	0
0	0
0	0
0	0
0	0
0	0
0	0
0	0
0	0
0	0
0	0
0	16
0	0
0	0
0	0
0	0
0	0
0	0
0	0
0	0
0	0
0	0
0	0
0	0
0	0
0	0
0	0
0	0
0	0
0	0
1	16
0	0
0	0
0	0
0	0
0	0
0	0
0	0
0	0
0	0
0	0
0	0
0	0
0	0
0	0
0	0
0	0
0	0
0	0
0	0
0	0
0	0
0	0
0	0
0	0
0	0
0	0
0	0
0	0
0	0
0	0
0	0
0	0
0	0
0	0
0	0
0	0
0	0
0	0
0	0
0	0
0	0
0	0
0	0
0	0
0	0
0	0
0	0
0	0
0	0
0	0
0	0
0	0
0	271
0	280
0	15
1	6
0	34
1	22
0	8
0	0
0	0
0	0
0	0
0	0
0	0
0	0
0	0
0	0
0	0
0	0
0	0
0	0
0	0
0	0
0	0
0	0
0	0
0	0
0	0
0	0
0	0
0	0
0	0
0	0
0	0
0	0
0	0
0	0
0	0
0	0
0	0
0	0
0	0
0	0
0	0
0	0
0	0
0	0
0	0
0	0
0	0
0	0
0	0
0	0
0	0
0	0
0	0
0	0
0	0
0	0
0	0
0	0
0	0
0	0
0	0
0	0
0	0
0	5
0	0
0	0
0	0
0	0
0	0
0	0
0	0
0	0
0	0
0	0
0	0
0	0
0	0
0	0
0	0
10	126
0	128
0	119
1	47
0	8
0	46
0	7
0	5
0	44
0	39
0	0
0	8
0	0
0	241
2	566
2	597
10	581
3	331
0	336
1	255
4	255
2	64
19	9
3	8
0	8
0	8
1	6
0	6
1	5
0	4
0	0
2	0
20	0
0	1
0	0
1	0
0	0
0	0
2	0
0	0
0	0
0	0
1	61
1951	283
1	96
0	0
0	0
0	0
7	0
0	178
1	4
0	4
21	76730
692	46576
0	18690
65	25219
85	3591
11	15429
111	65896
0	6640
3	7854
0	9
0	5
0	2346
0	4
0	0
0	0
2	1
0	1
0	0
0	0
0	3
0	3
0	4
0	3
122	90
0	89
0	1
0	1
0	1
29	0
0	0
0	1
0	0
0	0
0	0
0	0
0	0
0	0
1	0
0	14
5	7
0	22
0	2
0	13
0	6
0	10
0	0
0	15
0	17
0	8
0	2
0	7
0	1
0	3
0	3
0	24
0	0
1	0
0	208
0	29
0	16
0	14
2	5
0	72
0	14
5	9
28	17
0	29
0	41
0	8
0	8
0	0
0	0
0	0
0	0
0	0
39	0
0	352
0	373
0	28
0	7
0	72
0	363
0	18
0	3
0	4
186	0
0	7
0	147
1	318
2	0
0	15
0	32
2	0
0	0
1	29
103	363
0	0
13	0
0	1
0	3
0	0
0	0
1	0
0	0
0	0
0	0
0	0
0	0
0	0
0	0
0	0
8275	544
13	140
0	399
0	3
0	0
0	0
1	0
0	0
0	0
1	0
0	0
1161	1858
3	1854
3	543
0	0
0	0
0	0
0	3
0	3
0	0
0	1069
11	1070
2	792
0	380
0	341
0	313
0	0
0	12
116	3
0	0
0	0
12	20
0	20
0	0
0	0
0	0
458	8325
90	8325
1	1
27	231
44	103
13	53
18	32
26	47
0	8
0	39
1	5
1	5
0	5
0	5
0	0
632	154
1	110
0	44
4	2
0	2
1	2
0	0
0	2
0	2
0	2
373	25
0	0
0	25
0	0
0	0
0	0
0	0
0	0
0	0
0	0
0	0
0	0
0	0
0	0
0	0
0	0
0	0
0	0
0	0
5	0
0	2
8	2
248	104
0	100
0	0
0	4
0	0
0	0
0	0
0	0
1	0
1	0
1	0
0	0
0	0
2	0
3	0
410	296
2	84
5	3
0	125
1	75
4	174
0	388
0	388
0	1
146	278
0	187
0	190
0	22
6	226
0	133
0	75
0	111
0	27
3	388
0	72
0	2
0	182
0	0
0	169
0	172
0	0
0	0
1	167
13	174
0	168
4	0
3	40
0	157
0	6
0	50
0	45
3	606
0	490
0	406
0	0
7	1
0	1
58	0
2	366
159	2212
48	2212
0	179
1	91
4	416
1692	2553
0	1429
0	12
15	2222
0	1183
0	8
10	3
15	84
0	42
1	76
1	99
82	0
0	0
0	0
0	0
0	0
0	0
0	0
0	0
0	0
0	0
0	0
195	14
1	14
5	1040
0	1038
13	1040
0	0
10	495
0	129
1	118
1	47
0	64
4	68
0	13
0	10
0	23
0	9
2	3
0	6
0	1
95	0
605	301
0	130
11	214
0	54
28	51
14	19
0	32
52	8
41	1159
18	866
1	248
0	122
2	56
36	688
12	110
0	174
2	155
0	132
33	218
2	233
0	728
5	627
1	66
0	0
932	296
0	5
61	607
0	607
5	209
0	168
0	7
0	35
0	74
25	7
0	8
10	1240
36	1120
7	884
5	145
12	335
0	150
0	0
8	338
21	0
3	4976
0	2557
71	2403
19	4948
5	396
16	1806
92	3751
5	410
3	212
0	0
3	855
36	171
16	895
0	857
3	76
1	445
0	0
1	159
19	986
15	1147
33	837
3	108
1	98
27	146
0	230
145	8927
35	39
0	4302
40	7080
2	549
5	6478
54	1619
10	190
24	73
0	102
1	67
3	134
0	112
0	79
151	103
0	106
0	76
0	83
0	61
0	0
0	0
0	0
0	0
6	0
2	132
0	27
0	27
0	0
6	12
115	0
2	39
3	0
11	933
29	67
158	896
8	0
0	893
5	58
0	11
0	11
0	11
0	1
0	0
0	0
0	0
0	0
12	0
1	9667
58	9618
168	3132
0	0
284	0
58	0
0	0
0	0
0	5
1	5
1	0
0	3
0	3
0	3
0	2
0	3135
49	2768
0	2761
0	2758
18	3040
15	3262
1	2073
0	2903
0	3396
0	377
11	17
0	463
0	291
14	138
0	0
3	168
0	112
2	74
0	10
0	0
5799	1908
74	2
19	0
126	1891
0	1285
147	4
242	25
2	129
37	842
0	67
0	837
1	113
9	16
3	280
1	127
0	497
0	24
0	9
0	610
34	9
7	74
11	193
2	80
1	86
0	84
0	85
1	15
0	9
0	6
1	4
2	0
6	2
0	2
0	4492
31	4483
2	293
4	1095
0	1190
1	128
84	0
0	0
1	0
0	0
0	0
319	969
1285	2044
11	713
1	1309
0	0
938	1164
8	1313
0	1111
0	995
91	598
1	191
1	225
0	149
0	23
0	31
1	0
7	33
21	12
1	8
0	4
14	0
0	0
0	0
17	4
0	0
0	4
14	0
0	0
0	0
0	492
0	9
0	394
2006	695
69	96
10	0
1941	315
0	272
0	84
38	216
0	230
333	460
1	77
0	460
0	46
11	142
0	124
42	17
0	1
0	1
0	0
311	1981
0	1981
40	0
0	8
0	8
11	5580
3	5023
0	0
0	2878
29	3548
68	1316
0	0
0	6
0	6
17	386
0	376
0	306
0	0
0	0
0	0
0	1
0	1
621	2
36	1074
49	1074
45	0
0	6
0	1
0	0
0	0
0	8
2	6
0	1
0	10
0	8
0	8
0	1
0	0
0	1
0	0
0	0
0	0
0	0
0	5
0	0
0	19
2	19
0	19
0	0
0	0
0	2
0	1
0	1
0	3
66	1049
1	867
3	39
126	813
1	53
5	280
7	97
21	44
43	0
11	13
0	0
2	1200
333	1279
0	29
0	9
4	897
0	223
285	0
393	0
66	787
23	930
0	755
26	696
0	701
4	603
4	2
5	227
6	5
0	0
8	46
0	68
1	103
0	51
0	2729
24	35
87	2461
12	2684
1	255
1	135
0	8
21	1
11	240
18127	7208
187	34
0	34
290	7206
7	4381
48	3308
7	3224
0	7
0	0
0	348
9	251
3	219
1	348
2	166
20	1018
0	322
0	220
0	281
0	72
4	436
6	0
2805	750
4	658
1	610
0	149
0	206
0	158
0	108
2	9
31	14
1	1455
0	1092
0	884
23	0
114	696
0	1222
0	1
0	0
0	0
0	0
0	0
0	0
0	0
0	0
0	0
0	0
0	0
0	14
0	3
0	3
0	2
0	4
0	14
0	0
320	767
0	142
0	609
2	204
8	61
0	26
11	252
4	313
0	89
1	27
0	25
1	99
0	0
0	0
0	0
0	0
0	5
0	7
5	2
0	1
0	0
0	0
0	5
9	5
0	0
0	3
9	3
0	0
27	0
0	0
0	4
0	5
0	3
0	0
34	0
0	3
0	3
0	2
0	0
0	0
0	0
0	0
0	0
0	0
0	0
0	0
1	0
0	0
0	0
0	0
0	0
0	0
2	622
0	292
2	224
2	361
34	646
18	33
6	236
4	220
8	2
2	215
0	231
5	0
0	0
0	0
0	0
0	0
0	0
0	0
0	0
27	2721
9	2329
1062	1125
5	844
0	283
40	106
0	32
11	2627
62	2681
2	8
0	9
2	1
1	115
509	371
8	2
23	12
2	135
0	4
79	197
1	241
0	299
2	157
5	162
82	1581
1	1748
10	1608
160	58
81	0
0	0
0	17
4	55
1	48
0	24
0	18
932	1400
58	1394
0	0
24	260
4	260
30	0
2	32
3	5
1	750
4	785
1	481
1	30
9	23
11	3
5	10
2	34
0	0
0	0
336	709
37	91
6	618
0	60
0	4
0	58
0	57
0	25
0	29
0	52
0	0
0	0
1	0
0	0
0	0
56	30
11	30
3	1696
42	1455
9	918
15	777
0	0
0	0
0	0
0	0
0	0
10	650
12	55
0	0
0	0
0	0
0	0
0	0
0	0
44	4730
0	1
0	1
247	67
1	67
153	615
14	692
119	760
2	92
2	124
1	45
0	33
2	30
12	16
35	22
3	50
0	17
0	0
389	0
121	960
0	3
0	3
45	1601
0	1270
0	1040
5088	0
890	0
15	618
0	622
55	208
0	174
0	166
0	45
5	16
0	22
2	37
4	4
0	14
3	8
1908	848
8	516
0	664
8	23
0	213
3	241
0	372
25	343
0	372
0	105
0	116
6	32
1	62
0	19
2	16
1	0
3	6
0	6
0	483
2	483
36	0
3	12
11	12
3	307
0	148
14	254
1	276
8	285
2	159
45	365
0	172
5	223
19	142
0	106
3	175
4	84
1	71
40	251
11	220
0	75
2	181
1	0
0	32
66	908
3	880
0	125
5	85
0	59
0	47
1	223
0	47
1	97
0	78
0	679
8	679
386	966
0	667
0	562
0	677
0	538
0	815
0	227
9	0
5	38
0	0
174	1020
4	1029
0	866
2	867
0	178
92	172
54	173
0	98
2	60
53	60
0	0
0	0
0	16
4	15
0	0
0	0
0	0
0	0
0	0
0	0
67	2
50	53
3	0
0	53
0	17
0	17
1	16
30	3
0	3
0	2
0	2
0	2
1	0
0	0
0	2
26	4
1	17
57	96
0	90
1	19
0	10
1	5
1	6
0	6
0	1
0	0
0	0
0	0
0	0
0	0
170	234
0	48
67	193
9	1
17	3998
0	4062
2	1748
6	1045
0	0
55	770
0	770
0	0
0	0
1	0
0	0
0	0
0	0
0	0
0	4
0	4
0	0
0	0
0	0
0	0
1339	0
0	0
0	0
2439	11
60	30
79	21
972	54
0	54
0	0
0	0
2	7
0	7
0	7
107	2895
8	2944
0	26
0	83
2	331
2	83
1395	49
3	49
2216	357
12	285
0	72
1	1874
3	1848
0	556
0	1401
51	334
7	419
0	0
0	155
0	51
0	7
15	0
14	0
4	1597
0	0
146	246
0	246
1	0
0	0
0	16
0	21
3	24
0	0
0	0
61	2
0	0
0	0
0	2
0	0
0	0
0	0
0	0
0	0
0	0
10	0
8	955
31	171
0	648
7	857
1	438
0	311
0	7
5	13
1	20
0	0
0	20
0	6
234	0
50	4427
1	3893
203	0
0	4365
0	3565
108	4
0	4
0	5
0	3
0	0
0	4
0	185
0	75
296	185
0	0
35	800
1	993
42	1072
1	1115
8	13
7	60
3	509
19	0
4	112
3009	204
1	193
197	13
121	51
0	58
2	72
2	19
1	0
1333	1392
6	826
0	821
0	34
0	1174
26	216
5	692
0	11
0	0
6	9
0	10
6	154
0	154
1	74
57	0
0	0
0	0
0	0
0	0
367	854
1	554
10	789
16	122
9	1245
0	1174
2	1014
4	1172
0	113
0	0
0	0
0	0
0	0
0	0
0	0
0	0
0	0
1	0
0	0
0	0
0	0
0	0
0	0
0	7
1	7
0	0
714	818
1	338
2	482
2	275
2	61
0	6
0	0
0	0
0	26
0	22
0	25
0	0
34	1216
0	1185
0	604
0	1173
0	0
0	26
8	0
84	5
0	0
0	0
0	0
0	2
14	1211
21	1245
49	91
4	67
1	75
5	71
0	78
0	8
9	0
0	5
0	11
17	2675
3063	2883
0	2386
55	2081
0	1237
725	493
623	503
0	5
5	0
5	0
3	9
1	0
62	0
55	1
559	278
4	300
0	0
93	90
15	237
22	37
12	851
4	0
0	0
0	0
1	0
0	14
0	14
0	13
0	13
0	0
0	0
0	0
0	0
0	0
0	0
0	0
5	774
24	1663
68	346
2	780
0	0
1858	4
0	0
1	0
976	6
273	0
1559	284
1	87
1	81
0	9
0	9
6	116
2	60
2	2500
4	2501
5	2395
0	64
0	2400
0	2479
3	134
16	39
2	187
0	6
1	39
0	67
6	1436
3	245
5	997
116	123
0	1331
4	3
0	293
0	565
0	1176
8	30
4	255
16	5
4	81
6	170
0	152
0	132
12	128
0	530
28	163
9	397
7	235
9	157
54	163
4	163
0	130
56	449
2	118
3	501
1	266
1	273
0	48
2	101
6	20
0	79
8	87
0	40
0	8
0	138
0	0
1	0
281	1316
1	359
1	162
34	1011
0	42
12	90
0	0
0	21
1	44
0	94
0	39
18	35
10	505
5	485
2	481
1	156
0	77
0	39
2	38
1	99
4	21
0	39
986	365
20	242
12	349
13	160
1	50
5	10
2	2
0	0
0	0
23	0
67	2902
515	3565
15	998
6	0
17	518
23	518
1	16
777	429
18	405
66	84
0	159
78	170
3382	1122
0	558
22	318
0	9
0	109
27	465
243	56
4	21
4	4
11	23
10	4
15	12
6	6
0	0
0	0
0	0
0	3
2	3
189	2147
0	2145
0	1853
1	548
2	372
8	256
0	182
10	37
0	0
0	0
0	0
0	36
0	36
152	698
3	698
0	4
26	2020
57	1584
109	1478
77	1956
1	470
0	195
5	375
255	119
12	35
0	0
0	58
7	207
0	0
0	197
0	21
1	106
14	99
1	112
0	4
29	51
0	0
0	0
6	555
4	586
1	163
1	230
5	335
12	558
2	50
3	200
0	162
0	109
5	24
3	143
0	13
461	13
93	0
0	3
5	11
0	6
0	8
0	36
1	57
2	57
3	35
2	4
0	0
0	1
75	198
1	6
2	1
0	323
0	72
0	5
0	25
0	0
0	1811
0	1812
0	192
4	91
5	311
0	390
0	1958
0	245
0	269
0	1833
13	30
34	451
14	451
0	67
0	0
0	28
0	28
0	25
0	25
0	28
0	28
0	6
0	3
0	3
0	3
0	5
0	1
0	1
0	4
0	0
0	0
0	0
0	0
0	0
0	958
0	926
0	927
0	878
2	524
0	32
2	80
24	411
0	0
0	69
2	14
1	28
0	27
2	352
0	13
3	14
12	371
23	49
1	30
26	38
0	84
1140	0
0	0
0	0
0	0
48	0
17	137
4	66
0	117
16	298
0	298
0	19
0	12
1	0
19	1598
3	4211
0	677
10	3904
1	930
0	1806
0	811
9	1353
0	493
9	1259
225	2751
31	344
19	683
0	0
0	0
0	0
0	0
0	0
0	0
8	0
861	3767
234	3767
5	106
27	2192
0	1354
0	980
2	0
2	15
0	0
18	604
86	56
1	615
158	756
5	198
200	68
0	35
0	33
12	0
2365	1874
1	1540
0	1368
0	232
16	390
46	346
11	176
60	56
0	0
0	6
2	6
0	0
3443	0
0	94
0	113
0	100
0	118
0	105
0	53
0	7
0	15
0	699
0	647
27	637
0	264
1	142
0	142
3	574
112	128
1	85
53	333
0	63
78	7
7227	22434
240	22329
257	15548
8	3969
3	5301
0	4875
4	422
1	5211
31	7641
67	1710
0	1984
986	304
3	27
0	103
1	35
2	13
0	8
7	70
3	294
0	294
2	291
0	149
0	157
0	57
0	1
0	1951
0	1976
2	1932
0	0
256	0
6	0
0	36
40	0
2	22
0	65
4	50
3	2
0	8
0	8
0	8
0	7
0	6
0	1
0	1
0	0
0	0
0	0
0	0
0	0
1	0
0	1341
0	1367
3	652
19	36
0	0
4	0
21	0
0	0
20	106
4	0
29	0
1	0
1	0
0	0
0	0
0	400
0	220
0	487
8	523
0	436
0	473
13	41
10	159
0	29
0	30
134	0
0	0
0	0
0	2589
64	2556
2	2192
0	0
0	0
66	2020
13	312
0	0
0	0
0	0
4	0
0	0
0	0
0	0
0	0
0	0
0	0
0	0
0	0
0	0
0	0
0	0
10	2936
0	2703
0	2790
0	2641
0	567
0	2241
8	277
0	2570
2	1228
0	158
0	1540
6	2320
0	1539
14	30
0	1316
0	340
488	1792
0	158
0	0
0	1
0	0
0	0
0	0
0	0
16568	17
0	73
137	847
0	65
0	72
14	47
26	570
1	38
3	78
38	498
12	360
7	77
9	2
18	698
81	905
0	393
0	0
0	1386
25	1403
3	597
0	10
21	15
0	0
0	0
0	0
0	0
0	0
0	0
3	1241
910	1486
2	940
15	1163
2	482
0	496
1	938
7	687
0	985
4	848
41	33
0	5
0	26
1	0
0	2
0	12
6	14
0	0
75	247
0	247
0	0
4248	4
462	258
2	8
0	9
0	9
0	9
0	99
0	163
0	0
15	776
39	992
223	0
37	817
20	254
6	151
1	473
269	965
0	401
45	565
0	185
13	75
0	0
0	0
0	0
0	0
0	0
0	0
0	0
258	273
17	116
1	157
0	45
37	80
0	31
77	51
14	0
1	0
1	0
0	37
0	35
0	35
0	33
0	27
0	0
2	0
0	0
3	4
1613	210
2	210
30	55
2548	339
0	138
1	315
0	130
13	5
0	0
7	82
0	1
0	1
895	11
0	2
0	9
0	0
0	0
0	0
0	0
0	0
0	0
0	0
0	0
0	0
79	196
0	52
0	147
0	127
1	13
0	4
0	40
5	9
0	74
0	18
0	14
0	10
1	3
17048	10435
66	5546
0	0
0	6
0	0
0	0
0	0
31	4890
534	0
3693	1311
9	403
37	56
0	863
0	0
2	0
1	7
3	43
2	54
0	44
10	345
0	350
0	0
0	816
0	816
0	745
1	750
1	149
1	2
1	7
0	35
2	2
0	0
0	2
0	0
1	2
0	0
0	0
0	0
0	0
0	1
1225	2730
9	1249
4	1103
1	562
0	627
1	593
0	950
0	1158
0	9
16	528
378	867
2	56
19	268
20	50
36	99
0	0
88	268
4	88
1	243
1	17
1	0
25	960
9	960
0	405
0	0
3298	2
1381	4711
15	3952
407	4378
100	98
0	0
148	12
7	576
17	576
4	163
0	314
0	309
0	309
3	21
1	74
15	84
0	29
0	2
0	2
0	0
0	178
0	3
1	3
2	283
0	160
2	294
31	21
31	438
0	438
76	1387
3	1412
25	353
0	0
0	191
0	0
0	0
0	1
280	146
0	144
0	131
1	0
2	2
4	0
0	0
1	2
40	0
12	313
54	3
0	324
7	34
59	0
66	301
99	290
4	73
9	55
6	0
491	733
4	733
0	209
7	52
1	0
0	0
0	0
0	0
14	967
0	966
51	887
4	44
2	160
1	2
0	174
9	67
0	173
0	173
0	171
0	159
0	19
0	244
21	268
1	17
0	26
0	32
3	42
2	141
0	38
0	1204
0	1204
82	174
0	114
13	297
1088	90
0	44
1	46
79	979
0	958
0	976
0	583
0	0
1	0
2	16
0	35
996	232
1	214
11	35
5	14
0	17
1	14
2	15
0	0
1	751
60	242
0	412
315	1045
1	113
1	80
38	148
0	519
1	895
0	338
0	0
0	343
0	139
0	63
4	43
0	80
0	47
85	5
321	4422
1217	4420
36	1
1	1
3440	1721
67	22
36	42
32	464
0	1175
36	176
22	196
1488	0
345	664
17	501
35	110
0	295
2	67
134	564
5256	2591
0	0
0	0
0	0
244	780
58	661
108	319
85	227
76	253
735	2
151	2546
8	2094
0	1772
23	1564
0	1471
14	250
8	309
24	142
16	161
21	160
0	82
0	0
5	238
5	58
1	26
7	6
0	236
0	8
5	613
0	584
3	62
0	20
0	20
0	0
0	0
0	0
9	102
79	74
0	61
1	0
1354	10
77	1697
9	901
0	373
14	1399
0	44
0	187
2	337
63	337
0	0
0	19295
21	23857
30	21129
0	20388
418	17911
0	22398
1	15071
1	21908
0	18786
0	15171
0	6264
4	4993
0	6906
0	5995
0	6228
0	6049
0	5065
421	6909
620	216
248	3429
7	2676
0	0
0	0
0	0
1	0
403	2907
0	1716
0	957
0	2840
0	1660
0	2763
27	1
0	0
11	186
4	109
0	0
0	0
0	0
0	0
0	4
0	0
0	0
0	0
30	0
40	0
3427	2742
0	1547
152	1024
29	106
0	182
0	0
0	0
0	0
0	0
0	0
1	0
0	0
0	0
36	6
780	269
0	46
0	3
1	0
14	263
0	0
188	527
78	503
1	17
0	55
0	38
6	79
0	39
15	17
0	33
1	43
0	0
0	0
0	3
1700	28872
0	9535
38	8431
0	0
0	0
220	22817
2	12194
183	245
0	0
0	0
0	0
0	0
0	0
1	0
70	1741
45	1763
48	922
29	375
0	735
26	351
0	384
28	43
10	533
3	391
1	260
0	423
0	99
84	128
13	470
0	97
1	126
16	22
4	133
5	371
0	371
22	58
28	289
2984	12
16	0
0	0
17	2
0	0
0	0
0	0
0	0
46	789
23	2908
0	5620
0	5784
0	0
796	0
2	992
0	1793
19	1769
0	1759
24	1799
18	13
34	268
220	737
0	0
0	0
0	0
0	0
30	2361
70	117
2	400
0	2419
8	2065
423	145
148	114
146	27
2310	940
11	934
16	364
0	21
0	21
10	3573
2925	3594
1	385
14	372
0	18
0	18
0	0
0	0
0	0
0	4
0	0
0	4
0	4
0	4
0	1
0	0
0	0
0	0
0	0
0	0
0	0
0	0
0	0
0	0
56	0
0	0
270	3728
19	3671
0	779
0	56
215	1088
0	1185
0	672
0	72
3	21
0	0
0	2383
0	2537
0	273
15	1449
10	53
0	57
0	0
61	0
130	4963
279	4289
0	4980
17	4376
0	4444
0	4515
1	3389
0	1457
1	1791
192	0
2	1377
3	482
2	453
0	689
0	494
0	411
0	207
27	405
26	54
2	346
73	0
0	1
129	0
116	357
0	0
229	0
62	0
60	0
0	0
143	0
0	1881
638	0
0	0
0	0
0	201
0	0
2	0
0	2
0	0
0	0
0	1055
53	866
0	1298
1	847
25	1168
68	72
0	72
11	73
0	1253
15	0
0	408
1	1184
1	321
84	3
0	43
6	180
7	54
105	0
0	49
52	14
128	35
0	105
0	246
69	0
29	2
0	421
1	0
0	0
0	0
0	0
0	0
1	0
0	0
0	0
0	30
0	27
71	35
7	0
0	0
2	55
37	125
0	133
24	55
1	56
2	61
1	67
1	65
1	32
0	6
0	26
4	6
0	13
0	23
0	38
0	28
0	0
0	0
2	1238
2	1203
77	120
0	198
0	201
6	0
83	0
17	23
0	0
23	50
0	0
0	0
0	0
0	0
0	27097
0	26440
0	1219
75	4246
0	1820
5	16
0	724
2	3862
164	0
338	223
0	23160
4	0
433	13
1	6401
11	1208
61	435
0	0
41	3
0	0
2	0
1	0
0	3
198	0
0	7
0	9
0	1559
0	0
0	0
136	18
26	18
6	1472
0	102
0	1786
37	0
0	1692
3	1602
10	243
2	1630
0	0
21	322
0	128
8	15
1	231
4	172
26	24
0	194
14	7
0	33
13	0
5	8
15	0
206	12
86	12
11	1058
28	1065
14	79
1	0
2	355
2	0
4	0
0	0
0	34
0	0
0	446
590	460
1	349
0	214
6	0
0	0
0	0
9	50
0	50
1	0
0	0
0	0
1	0
0	0
0	4
1	28
0	28
1	3
0	5
0	0
0	0
0	0
0	0
0	0
0	0
0	0
0	0
0	0
0	0
0	0
0	0
0	0
0	0
0	0
39	8
5	1109
0	8
10	1076
1	1138
4	24
18	1049
0	2896
0	2896
19	0
5	948
3	1419
41	2758
0	795
2	706
0	86
0	1215
5	1581
4	229
7	16
396	1415
12	158
0	1380
0	695
0	1411
0	1
0	0
2	116
0	456
0	134
0	89
0	275
0	74
24	5
6	47
655	8080
57	9
262	4811
37	234
41	3210
6	1567
64	1161
0	507
7	0
0	306
65	542
0	152
0	0
7	15
8	145
8	65
4	26
2	0
0	3
0	0
2	0
13	3961
10	4084
19	150
122	1485
26	307
8	198
4	11
1	11
67	759
114	767
0	112
0	0
2	0
4	0
6882	1143
38	186
187	34
0	491
1	0
14	671
231	544
4	1489
0	1476
0	282
1	238
0	239
14	153
16	0
0	73
0	57
0	0
38	298
1	133
8	286
6	201
6	200
0	53
0	0
0	6
0	27
0	32
0	30
0	0
1753	123
0	117
37	0
4	0
0	0
0	0
0	0
1	174
0	132
0	55
9	23
0	1
1	15
0	67
13	0
0	0
0	0
1	0
1	0
0	0
0	0
251	1473
0	1473
0	0
0	0
0	0
0	0
0	0
0	0
0	0
0	0
10	402
106	402
0	0
18	0
0	0
0	0
0	2
0	2
0	2
0	3
0	2
0	3
0	0
0	1
0	1
0	0
0	0
0	0
0	0
0	0
0	0
1	0
1	0
0	0
69	1486
1	1375
0	662
2	2
28	511
1	87
0	29
167	21
4	12
5	12
2	0
0	0
1	0
0	0
0	0
10	0
1349	244
1	242
0	128
0	0
1	0
0	0
0	0
2669	465
0	34
0	431
0	92
0	0
0	0
0	0
0	0
0	0
0	0
0	0
10	1222
2	1107
4	158
22	141
4	20
34	397
0	72
19	1532
1	23
12	2
52	172
89	2
24	1275
813	2531
2	1828
217130	189383
39	0
0	0
0	261
526	261
0	0
15	147
0	93
0	0
14	149
0	0
0	14
0	29
0	1
0	0
0	0
0	0
0	0
0	0
0	0
0	0
0	0
0	0
0	0
0	0
0	9
0	7
0	7
0	2
5	0
25	0
0	0
0	0
7	0
0	1
0	1
0	1
33	143
0	138
1	98
0	0
157	368
0	368
15	42
1	18
5	28
3	8
48381	173027
0	137
146	54783
27	40257
103	107177
129	45591
1	89068
64	75465
118	66795
0	0
11	867
0	750
59	244
1055	37
1	37
0	0
0	0
0	0
7	310
0	0
0	0
0	0
0	0
0	0
0	0
0	0
0	0
0	0
0	0
0	0
0	0
0	0
0	0
1	595
664	4824
3	4444
0	0
2	1290
30	38
0	7
876	2359
1	2091
6	271
0	5205
1	4703
208	1467
13	647
3	0
4	824
34	914
0	660
4	167
0	0
0	12
0	0
0	0
0	0
0	0
161	381
83	4127
25	424
0	3777
16	4065
3	3704
6	0
0	0
6	569
60	3009
15	409
0	411
0	0
0	341
19	1549
0	335
3	554
0	9357
169	13
0	9340
116	6138
0	6076
1	9378
2	9326
35	194
0	0
17	127
13	645
1	307
6	1539
0	0
0	0
0	0
0	0
0	0
0	0
0	0
0	0
0	0
0	0
0	0
46	20
0	20
0	1
0	1
0	1
0	1
0	1
11	457
17	214
0	0
1	14
0	12
0	9
0	0
0	0
0	0
0	0
0	0
0	0
0	0
0	0
0	0
51	48
0	48
1592	3409
15	1824
217	1
13	1605
37	0
235	47
7	787
199	29
45	987
0	89
103	0
55	134
39	477
9	24
89	243
212	173
1	0
0	0
0	0
0	62
1	78
21	90
2	103
5	91
0	62
0	33
0	27
0	2
2	0
0	0
0	0
0	0
0	0
0	0
0	0
12	0
0	67
2	63
105	67
0	1
67	230
6	51
1	29
0	17
0	7
1	1
0	0
1	0
0	0
0	0
1	453
5279	1019
41	15
0	303
0	0
1	732
0	0
0	0
49	9
0	9
3	293
0	304
1	351
16	7
0	96
0	57
1	0
0	263
0	263
0	0
6	250
0	0
0	0
0	0
0	70
0	92
0	66
0	0
0	0
0	879
0	0
0	0
0	0
0	0
0	0
0	0
0	0
0	0
0	0
0	0
3	15
0	0
0	0
0	0
0	0
21	6619
110	6619
2	183
5	183
42	0
0	0
0	0
0	0
0	0
76	3926
2	3636
174	1696
1	363
35	1982
5	143
48	0
0	0
2	60
0	0
0	2
0	2
0	2
3	1
2	632
23	632
1	32
0	0
0	0
53	46
0	46
3	0
0	2478
10	568
0	332
63	405
16	775
1	2307
1	2434
12	71
6	80
119	3
0	81
79	486
12	294
99	244
2	552
7	421
6	102
0	0
13	0
14	231
102	981
3	805
5	156
28	755
45	655
3	20
10	27
0	27
22	509
1	509
0	154
0	0
2	0
0	0
0	0
0	0
0	0
0	6
0	6
0	89
0	84
2	54
0	83
0	92
0	54
0	0
4	0
0	0
0	2
1	28
0	21
0	0
0	0
0	0
146	2142
29	1635
99	1124
4	224
2	598
0	0
0	3
0	3
0	3
6	0
586	299
0	0
0	43
40	51
44	248
0	0
1	0
6	0
0	0
0	0
0	0
0	0
0	0
0	0
0	0
0	0
0	0
7	0
0	2
0	0
4125	2088
175	448
49	2079
2	0
0	1960
0	1960
9	854
0	1266
0	1733
0	1821
0	1426
0	188
22	0
0	400
32	234
2	48
151	0
326	5583
6	5284
1	3159
0	3492
11	3910
2	2295
104	2426
0	1708
1	274
0	588
75	133
0	201
0	210
9	460
0	301
0	439
0	280
0	358
0	369
0	395
0	416
0	375
0	445
0	503
0	479
0	206
0	315
0	455
0	368
0	295
0	291
0	477
0	167
0	515
0	573
0	315
0	478
0	465
0	300
0	261
0	0
0	3
0	0
3	542
0	48
8	124
4	71
0	485
42	9193
2	0
0	0
0	0
52	48
21	50
0	0
0	0
8	7
37	26
32	232
3	232
0	147
0	139
3	1
0	28
78	42
3	1
42	57
0	0
0	0
0	0
0	0
0	0
0	0
0	0
1	6
36	18
6	16
45	46
0	0
14	19
0	3
0	0
1	1
0	0
0	0
35	49
5	26
0	7
0	0
0	0
1	0
0	0
0	0
0	0
0	0
59	69
0	85
0	30
0	57
2	202
0	118
36	26
0	104
0	2
25	0
24	169
5	53
2	0
0	68
1	0
1	0
1	0
1	7
0	7
0	0
0	0
1761	0
22	0
0	0
0	0
0	0
0	0
0	0
0	0
0	0
0	0
4	2
3	2
8	3
1	2
0	0
0	0
3	509
29	1591
15	1337
7	11
2	18
1	1237
1	438
5	608
1	2
8	411
3	156
23	4119
34	4431
0	3986
255	3990
3	2452
56	115
32	11
8	353
2	315
0	73
14	259
193	0
7	26
5	0
0	245
0	230
0	217
2	213
0	231
0	23
0	28
7	25
2115	225
7	0
1	167
82	205
2	20
0	0
0	0
0	0
0	0
0	0
0	0
0	0
0	1
0	0
0	0
1	1313
0	0
0	0
0	0
0	0
0	0
0	0
0	0
0	0
0	0
0	0
0	0
0	0
0	0
0	0
0	0
0	0
0	0
0	0
0	0
0	0
0	0
0	0
0	0
0	0
0	0
0	0
0	0
0	0
0	0
288	1919
0	1917
3	1258
0	0
6	64
1	64
1	1
0	52
3	4
0	0
0	0
0	0
0	0
0	0
0	0
0	0
0	0
336	116
11	116
0	0
38	1
0	1
5	1182
64	1182
18	180
13	120
84	0
0	0
0	0
0	0
0	0
0	0
9	36
0	0
0	0
0	0
0	0
0	0
0	0
0	0
0	0
0	0
0	0
1048	3
0	0
0	0
0	0
292	124
6	124
0	0
0	0
0	0
6	0
195	0
2	0
0	0
0	0
757	2671
23	2452
4	2316
63	2325
195	42
1	268
0	37
17	4
164	0
33	0
0	0
0	0
4	0
0	0
0	0
0	0
0	0
98	13
0	0
0	13
71	143
7	143
2	135
0	135
14	7
1	38
11	7
5734	542
10	532
5	136
0	0
0	0
0	1
0	1
0	1
11	347
30	1784
4	896
7	55
44	1
110	299
2	1765
8	0
1	21
40	5
23	18
22	1
0	1
1	76
15	8
0	15
9	7
1	0
42	2071
1413	2104
1	38
35	1074
47	1984
21	1120
199	18
34	92
164	7
0	0
0	0
0	0
148	0
211	307
302	463
0	406
4	17
21	0
0	803
1636	978
2	457
28	599
5	907
2	94
0	109
32	0
0	177
0	20
2	886
1	399
0	823
1	803
0	0
64	0
64	11
8	34
1937	219
9	209
2	0
0	0
8	16
0	16
1109	161
0	73
1	121
43	0
0	0
3	0
1287	1030
29	54
0	966
0	0
184	279
403	2
2	107
0	0
1546	2474
0	2293
8	1639
22	853
10	284
0	0
0	0
0	15
68	224
0	40
14	19
50	84
0	127
0	1
0	1
0	0
0	1
0	0
0	1
1	1011
1	1511
0	1541
0	1511
6	1403
11	289
0	247
9	71
0	83
1	101
0	43
0	4
0	2
60	0
18	1734
2	12
2	53
0	34
0	14
6	19
3	0
0	0
0	0
103	0
155	2750
0	2521
3	512
29	180
59	190
1	73
1	0
609	169
58	147
62	57
3	92
0	0
0	0
0	0
3	0
0	0
2	0
0	0
85	230
91	230
6	0
0	0
0	0
0	0
0	0
9	0
10	259
22	25
5	27
0	230
16	135
244	0
0	168
0	130
0	168
1	2
2	0
0	13
5	14
0	14
107	2
5257	733
0	0
3	201
28	327
15	22
1	207
438	77
32	0
38	77
0	0
0	0
0	0
0	0
0	0
0	0
0	0
0	0
0	0
0	0
0	0
0	0
0	0
0	0
1	0
0	0
0	0
0	0
82	233
0	205
72	2
4	118
0	188
481	0
44	591
7	591
0	20
0	0
0	0
0	0
0	0
1	97
111	266
1	19
80	114
17	266
0	32
9	86
2	61
0	0
0	0
0	29
0	0
66	0
81	18
0	8
0	7
1	0
0	1
0	4
0	0
246	135
0	135
0	135
0	22
1	13
0	38
0	0
0	0
975	672
0	913
9	836
3	10
201	279
0	96
0	43
0	39
1	151
0	34
57	0
1	31
1	225
2	233
0	227
0	224
0	7
41	1
3	5
0	3
0	4
0	1
0	0
0	0
0	0
1	2
0	2
0	0
0	1
0	0
0	0
0	0
0	0
0	0
0	0
0	0
0	0
0	0
20	45
2	37
0	34
0	16
0	6
1	8
308	1358
77	1255
0	344
1	126
10	0
122	24
0	24
0	33
0	0
0	0
1	342
0	2870
43	268
0	46
0	110
5	2714
52	761
0	736
2	2404
1	260
179	0
18	0
0	1847
13	33
0	1341
7	0
124	0
0	256
20	602
8	1878
12	2117
11	60
2	471
2	504
0	146
0	0
93	1141
1599	1141
112	0
523	715
0	588
1	0
45	0
153	24
14	254
24	0
23	0
20	0
22	28
50	4
0	129
0	0
0	0
0	0
0	0
0	0
0	0
0	0
0	0
0	0
0	0
0	0
0	0
0	0
0	0
0	0
0	0
0	0
0	0
5	13
0	13
0	0
0	4
0	4
0	0
0	0
0	2
0	0
0	0
0	0
0	0
0	0
0	0
0	0
0	0
5	0
0	0
0	0
0	0
0	0
0	0
0	0
100	735
13	670
1	86
0	619
110	554
5	70
0	84
0	149
0	36
1	29
0	12
49	407
12	407
0	403
17	403
20	0
0	0
0	0
0	122
0	1025
0	122
0	1056
0	1037
2	49
3	51
1	2
0	71
1	853
0	112
31	832
0	80
1	188
0	0
36	97
0	0
0	0
124	2375
0	2817
27	2589
6	0
9	0
4	227
21	43
46	42
2	0
1023	397
55	34
0	377
0	0
0	0
0	0
0	0
0	8
414	8
18	0
235	993
53	993
0	11
0	1304
107	1309
0	190
0	294
1	319
6	237
2	129
0	178
0	282
0	0
0	0
0	0
0	0
0	0
2	0
1814	766
6	0
0	115
51	330
26	95
8	232
0	24
33	58
10	94
5	91
14	3718
0	4518
0	3534
0	4667
12	303
8	537
200	18
0	0
0	0
0	2
0	1
0	1
0	1
0	1
0	2
0	0
0	0
0	7
0	7
1	5
2	1
0	0
0	0
0	0
0	0
0	0
3	0
0	0
2	0
7	0
0	0
0	0
0	0
0	0
0	0
0	0
0	0
0	0
0	0
0	0
0	0
0	0
0	0
0	0
0	0
0	0
0	0
0	0
0	0
0	0
0	0
0	0
0	0
0	0
0	0
0	0
0	0
0	0
0	0
0	0
0	0
0	0
0	0
0	0
0	0
0	0
0	0
0	0
0	0
0	0
0	0
0	0
0	0
0	0
0	0
0	0
0	0
0	0
0	0
0	0
0	0
0	0
0	0
0	0
0	0
0	0
0	0
0	0
0	0
0	0
1	211
41	284
0	270
9	88
0	221
0	4
1	13
0	0
0	28
15	0
639	471
0	457
7	393
279	295
0	98
0	0
0	2378
141	2544
71	25
13	1300
0	1
1	170
10	166
0	153
1	158
3	0
5	0
69	0
8	2
0	302
478	4740
0	131
1	170
3	69
0	4524
3	122
6	189
79	33
24	0
9	200
7	496
2	144
0	394
14	57
0	131
0	0
429	215
1	67
5	152
1	124
6	69
0	26
0	0
0	0
0	0
0	0
1	8
0	6
9	62
0	58
0	17
0	7
0	0
89	554
68	853
2	106
1	164
4	229
2	713
0	353
155	9
0	375
3	0
15	33
3	0
3	0
0	9
128	233
0	232
55	214
0	62
0	0
0	0
0	2
0	1
0	0
0	0
0	0
0	1
1	1
0	0
0	300
18	56
0	261
0	39
0	121
0	62
4	44
0	62
0	92
5	6
0	2526
1	2770
0	2775
39	0
28	3877
4	3951
8	3825
0	1388
1	2
2	465
7	2270
7	191
1	905
0	771
0	433
0	588
0	614
2	416
0	358
2	247
61	60
0	0
16	3
0	0
2	48
18	1229
2	88
26	591
28	783
2	1508
0	1553
1	254
0	190
0	65
0	0
3	68
0	336
0	2
0	2
0	0
0	2
24	215
0	215
0	27
43	142
4	187
1446	242
0	0
0	0
0	66
0	0
0	0
0	0
0	0
0	0
0	0
0	0
0	0
0	0
0	0
3	75
0	76
0	0
0	0
0	19
1	0
0	3
0	2
2658	749
130	119
0	163
0	343
0	368
1	377
0	0
1	70
3	299
7	310
0	23
0	20
14	43
0	6
2	662
0	239
1	76
0	89
4	519
0	613
0	143
3	286
0	164
75	0
1	2538
11	2705
2	1957
2	2461
0	2200
5	440
47	269
0	197
11	596
14	1574
59	1035
7	755
0	464
17	0
25	270
1	188
0	259
0	187
0	262
1	211
0	217
2	214
0	122
0	84
0	0
0	50
309	196
0	11
0	67
0	120
790	7787
2	5288
167	7787
23	3809
4	932
110	1939
9	588
20	704
21	242
0	110
0	562
0	600
0	344
0	386
0	372
4	101
8	226
12	7
1	286
7	323
17	227
0	244
0	94
0	138
0	113
10	12
0	866
0	132
0	133
0	156
0	253
8	359
35	1039
0	275
0	209
3	1040
0	0
1	57
4	4
89	290
4	1
0	42
0	83
0	63
1	34
0	93
5	3
3	40
1	2
0	3
1	56
0	82
1	155
0	54
0	19
1	79
1	101
1	2
0	112
0	18
6	0
31	1130
3	1121
67	717
0	817
8	180
0	414
0	230
0	231
0	215
0	123
39	490
0	472
2	24
5	105
2	3
0	82
14	60
0	0
0	0
0	0
0	0
0	0
0	0
0	0
0	0
0	0
0	0
0	0
0	0
0	0
0	0
0	0
0	0
0	0
0	0
0	0
0	0
0	0
0	0
13	1039
55	1044
38	1029
9	299
0	511
8	316
0	211
0	196
1	74
0	7
1987	69
0	46
1	10
28	11
0	0
71	2046
9	2226
209	2164
3	389
31	14
4	14
5	0
2	15
3454	396
0	396
159	2084
7	1803
0	445
7	567
20	245
11	10
2	10
0	3
19	50
0	33
0	0
0	0
0	7
0	3
0	2
1	0
0	0
4	7
0	3
0	0
0	2
0	0
0	0
0	0
0	0
0	0
319	2300
67	2162
6	204
1	577
7	34
17	598
1	0
32	254
1	0
0	0
6	252
6	225
123	236
0	5
0	19
0	0
23	173
6	163
0	22
0	76
0	24
0	0
38	51
4	0
0	0
0	0
0	0
0	123
0	127
0	119
0	120
0	51
0	119
0	0
0	0
0	10
0	5
0	0
0	11
1460	0
37	226
14	248
0	40
1	84
4	63
119	302
2	153
28	301
3	115
4	19
0	2
0	0
0	2
0	0
0	1
1	0
6	786
0	3
0	786
0	782
141	780
31	1
3	780
75	780
13	293
260	28
169	77
0	107
692	54
0	12
2	48
9	34
23	12
2	108
8	1147
0	1147
1	618
0	251
40	916
0	41
0	0
6	297
2	58
0	415
0	144
0	107
0	285
0	141
0	399
0	118
0	221
0	248
188	242
0	6
6	3
0	2
54	1035
15	1038
0	288
20	127
0	298
1	181
6	4
4	19
1	19
4	0
54	1860
4	1991
14	1950
0	1943
27	1920
1	1935
28	278
1	80
5	307
1	248
1	220
2	55
2	3
0	8
149	4151
1011	4455
3	458
32	414
10	424
0	1357
11	1052
36	122
0	58
141	0
0	22
0	2
0	2
0	2
0	2
0	2
0	0
0	0
0	0
0	0
0	0
0	0
0	0
0	0
0	0
0	3
0	3
0	0
0	0
0	0
0	5
0	5
0	0
313	1493
0	1437
0	183
102	1084
2	241
6	36
1	68
0	533
6	332
9	208
0	349
0	100
15	3735
834	4161
4	2841
3	3537
13	3541
41	434
51	21
12	536
270	40
4	1533
1	57
17	28
0	180
8	390
0	574
0	590
2	112
0	687
4	1086
13	504
5	442
0	0
50	528
61	254
156	65
48	3125
1	3099
0	1530
56	4
34	235
0	350
2	230
0	58
9	5
53	3
216	1408
11	14
0	43
1	28
4	95
358	35
142	6
37	698
108	698
0	0
103	1753
44	1753
0	51
39	66
0	0
0	0
0	14
1	14
0	1
0	0
0	13
16	135
44	152
9	11
1	18
3	4
0	15
0	24
0	84
0	1268
0	1245
0	1229
35	408
2	51
11	1135
25	1080
5	1055
2	17
2	87
96	60
2	78
0	103
0	18
0	12
0	10
0	3
16	5
0	5
0	0
0	0
0	4
0	3
0	0
0	0
0	0
0	0
0	2
0	0
0	1
0	2
0	730
0	2
0	0
0	1
0	0
0	298
2	74
2	0
2935	1520
0	402
1	610
145	1391
71	445
1	368
0	0
1	516
0	1
13	971
0	0
95	999
1	1
3	908
5	813
0	337
2	1056
0	1112
0	1
0	1060
0	1052
24	948
3	16
0	196
0	988
2	10
134	0
2	932
4	68
0	102
0	139
35	85
0	45
0	0
0	34
0	13
0	5
0	5
0	2
0	0
0	0
2	1282
1	1479
4	165
9	1367
0	125
1	356
135	437
5	239
9	228
66	201
0	201
0	0
0	1
7	1
0	0
0	0
0	0
0	0
1355	4648
62	4675
0	4557
46	4652
15	134
1	73
6	16
319	51
0	45
4	33
0	6
1	170
111	181
4	15
8	51
575	337
59	350
0	162
6875	3283
284	18
12	2748
0	637
11	1527
15	0
2	0
34	1511
1331	5686
36	4675
0	4167
4	3555
80	2282
69	263
51	3289
3	7
0	5
17	144
81	2
4	1427
0	425
19	0
7	514
0	7
9	7
1	0
0	0
0	0
0	0
7	392
0	237
0	329
11	311
0	225
0	307
4	92
0	4
2	43
1	22
0	15
14	6
0	8
7	10
11	5
56	1076
0	78
1	1076
12	0
0	128
3449	632
28	199
1	137
0	38
2	275
27	76
26	3761
13	3798
0	4027
0	4065
0	4090
70	772
9	77
2	246
5	160
0	2644
19	195
3	312
6	265
6	510
3	399
163	113
0	3985
1	849
0	74
0	1049
3	330
2	440
15	898
1	398
0	508
0	411
0	3692
0	3619
0	1186
39	3506
0	517
10	1008
0	3181
2	370
0	700
6	405
0	423
3	83
0	708
16	217
7	180
0	917
1	836
2	721
0	496
0	635
4	673
0	397
2	20
0	266
10	603
10	152
5	61
5	2131
0	3581
193	3569
5	107
0	171
2	521
267	246
19	198
25	244
134	0
28	30
11	503
14	105
1020	2759
0	1246
9	97
11	612
8	1311
14	47
5	4
3	78
170	241
0	134
17	152
5	82
162	49
7	49
0	0
0	0
0	0
206	834
1	323
12	205
17	213
0	69
152	353
2	173
14	97
2228	0
0	1
46	45
0	0
2	12
7	35
0	14
5	26
1	0
0	0
78	2047
91	1011
39	1228
5	340
1	120
0	30
0	81
5	216
55	199
33	417
28	296
3	34
0	0
131	73
2056	219
14	144
1	27
2718	911
3	799
0	429
0	0
16	4
0	75
4	285
0	553
209	410
0	140
7	112
1	149
0	0
59	196
5	584
0	133
3	206
0	57
2	125
269	40
0	5
0	5
0	2
6	11
9	21
0	0
0	0
0	0
0	0
3	121
0	121
0	3
0	5
0	2
0	0
0	12
0	0
1	0
1	146
0	60
1	95
0	140
0	78
0	110
0	115
0	109
0	0
1	0
3077	3133
2	1445
7	752
19	749
7	151
93	1206
1	648
13	106
0	0
1	115
0	115
0	0
0	0
1	17
0	0
0	1
0	7
2	3
0	0
1	0
0	598
0	573
0	30
16	0
1	287
0	262
7	277
0	44
1	18
4	398
87	3831
0	4028
18	3669
2	1017
11	57
0	1425
2	230
11	1604
0	174
1	1576
0	269
0	746
0	214
0	1039
6	502
64	1932
12	359
0	318
1	273
6	299
11	672
16	703
0	315
0	98
0	354
1	304
10	51
0	33
4	17
33	31
0	0
912	886
2	867
1	19
330	0
2	0
1780	257
4	102
0	102
0	77
9	87
5	46
9	33
0	0
0	0
0	0
0	0
0	0
0	0
0	0
0	0
0	0
0	0
0	0
0	0
0	0
0	0
0	0
0	0
0	0
0	0
0	0
0	0
0	0
0	0
0	0
0	0
0	0
0	0
0	0
0	0
0	0
0	0
0	0
0	0
0	0
6	2
0	1
0	2
18	0
16	0
0	0
2	0
0	0
0	0
0	0
0	0
0	0
0	0
0	0
0	0
1	0
0	0
0	0
0	0
0	0
19	41
1	41
0	29
0	66
4	150
1	1
0	87
1	27
1	79
0	130
0	8
1	37
0	77
0	99
0	10
0	19
0	18
2	63
3	0
468	640
0	46
35	560
0	159
1	135
121	122
4	5
0	0
0	0
18	5317
130	328
0	5162
0	242
31	7
0	0
40	0
6	74
208	482
62	0
1	2802
0	2132
0	2427
6	123
0	606
0	792
15	215
3	114
19	26
2	285
0	496
10	1968
1	2041
3	2078
8	2086
0	125
2	150
17	1908
0	1994
2	1951
0	1991
11	2067
3	185
10	80
5	139
58	327
1	118
0	170
0	39
1	64
1	74
0	0
0	34
0	14
35	21
0	16
0	2
0	0
0	47
0	0
0	0
63	3010
27	1062
6	2008
48	2240
0	3011
3	708
0	15
32	5
0	35
0	39
0	12
2	22
1	26
5	0
4	0
0	0
1	158
27	146
0	38
7	25
1	19
23	2
1	302
3	55
2606	473
0	51
4	273
0	49
30	5
0	46
1	0
9	64
0	111
906	179
4	68
4	41
20	91
0	0
0	577
1	549
0	511
3	560
36	1
0	54
7	48
0	3
2	93
7	88
2	60
9	93
472	4816
109	0
0	4644
2	340
6	140
54	187
47	1647
11	447
45	451
0	230
7	303
69	95
2	78
1	16
29	20
0	2952
42	2952
0	2821
0	943
0	1883
16	13
10	26
0	36
4	41
5	24
0	0
0	564
0	0
133	995
43	13
2	131
3	133
5	197
0	331
0	232
0	0
0	393
14	553
0	90
0	124
1	124
0	120
0	29
0	31
0	0
0	0
0	0
0	0
0	0
0	0
0	0
0	0
0	0
0	0
0	0
0	0
0	0
0	0
0	0
0	0
0	0
0	0
39	1
0	1
0	1
0	1
2	1610
0	1624
8	18
2	1635
8	42
5	167
3	1310
0	0
0	0
0	0
0	2
0	0
0	0
0	0
5	0
0	0
0	0
0	0
6	2
0	2
1	0
3	1
1	0
1	0
0	0
0	1
0	1
0	0
1	6
0	0
0	2
0	0
0	0
0	0
0	3
0	3
0	3
3	0
30	86
0	86
4	21
0	0
0	0
0	443
0	2232
1	1860
13	2298
3	1711
4	1445
1	1405
0	1721
0	63
6	1310
1	4
2	1307
0	1480
1	412
0	1481
8	137
26	10
44	200
50	406
2	518
9	26
4	15
0	411
15	50
0	45
4	0
0	72
0	115
7	1353
791	1364
1	91
6	8
0	0
0	0
0	8
0	0
0	0
0	1
0	0
122	0
0	0
0	0
0	224
14	224
0	0
0	16
0	0
0	12
0	13
0	9
0	12
2	11
0	11
0	13
0	7
0	5
0	0
2	6
0	6
0	3
1	3
0	1
0	1
0	1
0	3
0	3
0	3
0	3
0	3
0	1
0	0
0	0
0	0
0	1
0	1
0	0
0	0
0	0
0	0
0	0
0	0
0	0
0	0
0	0
0	0
0	0
0	0
0	0
0	0
1	0
0	0
0	0
0	0
0	0
0	0
0	1
0	1
0	1
0	0
0	0
0	0
0	0
1789	4651
2	4651
16	131
14	302
0	517
18	509
7	727
0	314
44	1
0	0
163	25
3	84
64	448
340	1449
0	1281
0	1216
0	1208
3	1182
0	2506
0	2485
2	1560
0	1266
238	2355
0	1046
0	48
10	1430
3	0
18	83
0	75
3	15
0	19
0	0
120	0
0	0
0	0
0	0
0	0
0	0
0	0
19	2
0	2
24	0
308	128
0	128
307	1468
473	17
8	1468
9	4
0	4
0	0
0	0
0	0
0	0
77	1189
0	1001
0	1007
87	1063
0	0
9	685
14	416
1	144
1	115
0	89
0	0
71	304
1975	312
0	94
4560	94
166	364
13	359
46	75
0	1
5	6
0	0
65	41
2	32
0	0
22	27
721	2736
1	2019
3	897
3	112
18	393
83	129
2	393
4	93
0	373
1	24
0	348
37	194
0	137
0	0
0	0
10	0
8500	6
7	0
0	0
0	0
0	0
0	0
0	0
3	1729
0	0
2	1
6	1
0	0
0	0
0	0
0	0
1	0
22	483
2506	5266
130	5266
1	0
0	0
2	0
0	0
0	0
1620	1365
0	1377
1	439
0	795
0	518
1	518
14	824
2	911
1	114
7	785
0	178
10	499
72	69
0	0
0	0
18	0
0	0
1	0
2	0
0	8
1	9
0	5
0	5
1	8
0	0
0	8
983	2656
1	2368
119	1432
89	954
6	774
5	1557
31	278
7	543
46	181
5	602
107	223
0	223
8	0
0	0
0	0
0	0
0	0
0	0
0	3
1	3
0	1
0	0
394	10226
148	776
70	3648
16	1389
0	1023
388	1
28	251
140	6241
6	375
23	190
6	415
0	0
3	44
50	8
0	0
1348	614
0	164
0	495
1	59
1	71
0	94
0	41
0	0
0	0
0	0
72	0
0	0
1347	338
3	193
4	97
0	0
13	202
0	3
6	748
53	697
1	611
2	20
0	400
4	246
0	41
0	78
0	0
26	688
2	676
0	706
9	35
2	16
0	18
0	18
0	16
0	8
1	0
0	0
0	0
3	271
0	31
0	0
0	4
0	0
0	0
0	0
0	0
2	11
24	11
1426	1129
4	1129
28	32
0	78
0	0
172	627
31	627
1	149
0	58
3	569
16	1953
362	1617
17	282
0	1114
0	612
0	530
3	315
2	111
2	95
0	3
0	95
1	94
0	76
5	145
7	128
141	138
0	0
5	23
0	26
2	5
0	0
18	254
7	240
40	233
0	231
1	240
0	115
1	114
0	99
0	0
0	0
0	0
0	0
0	0
0	0
0	108
0	108
0	1
2	1
4	2953
0	1516
0	2774
7	78
0	403
0	365
50	476
8	40
14	96
192	103
0	16
993	79
2	71
4	8
3	26
0	26
1	14
0	1
0	464
2	464
1	322
0	50
14	34
0	0
0	0
0	0
5	0
2	22
0	0
0	22
0	431
0	431
4	0
14	0
6	0
355	201
1	72
1	18
14	20
0	149
0	149
0	16
617	25761
20	21428
51	2433
67	23317
0	0
48	5713
280	0
7	2403
3	0
0	0
0	0
0	0
0	0
0	0
0	0
1	0
0	0
0	0
0	0
0	0
0	0
0	0
0	0
0	0
0	26
171	110
2	0
0	0
0	106
2	0
0	11
8	0
1	135
484	135
2	0
199	22
1	22
911	11987
29	11881
3	4468
4	7217
8	4701
0	25
0	25
1	0
0	0
0	0
0	0
0	0
0	0
0	0
1	1
0	19
0	0
0	0
0	0
0	0
0	0
4	0
0	0
0	0
0	0
31	0
0	0
0	0
0	0
3	126
8	40906
9	39250
109	18506
1	29376
5	3856
9	4996
0	21367
0	4030
0	0
3	3146
8	6175
12	4
0	2423
129	3749
40	1851
50	14809
2	14
0	1
3	117
1	105
3	105
0	112
4	99
0	39
0	8
0	0
0	0
0	0
1	0
84	4120
37	1805
0	3585
1	5679
107	2718
10	3
0	155
155	0
41	0
68	595
2	95
7	5497
0	129
15	0
5	744
2107	2726
0	638
0	12
0	17
0	17
0	9
0	2
0	2
0	0
0	0
0	0
1	0
1	0
0	0
0	0
0	0
0	0
0	0
21	0
5560	223
4	26
1	102
30	76
4	22
121	244
10	245
2	46
5	33
1	15
1	0
0	0
31	187
0	175
17	175
0	112
0	20
0	63
1	157
305	186
1573	2323
2	76
2163	163
0	24
360	51
0	2
5	583
14	1634
2	53
4	36
4	131
56	21
4	295
2	106
55	21
0	290
83	30
21	27
0	27
0	255
144	579
4	15
1	330
1	0
0	4
3	4
7	51
0	51
0	12
0	2
0	2
2	0
0	1
0	1
0	0
0	0
0	0
0	0
0	0
22	0
52	1179
52	1553
0	929
3	909
4	365
10	365
0	228
20	0
2	0
8	80
1	80
0	8
0	9
0	0
0	0
1	14
0	5
0	2
0	13
4	19
0	20
0	13
0	12
7	259
12	260
0	260
0	50
0	14
1	10
0	0
0	0
0	0
3	0
0	0
1	0
33	672
5	209
25	3282
9	3275
0	150
2	260
13	63
4	1108
27	56
16	0
149	0
27	0
9	260
1	166
1	152
8	1875
1	1592
0	311
6	1301
0	911
0	1313
1	1328
0	0
28	0
1	2
0	0
2	39
6	37
35	1115
0	621
1	856
9	0
3	220
100	0
0	39
0	145
1	0
0	0
0	0
0	0
0	0
0	0
0	0
0	0
0	15
16	1
2	8
4	15
0	0
1	0
0	0
0	0
0	0
0	0
0	0
0	0
3	0
0	0
29	291
0	1
7	291
33	0
0	0
0	0
0	0
0	0
0	0
1	712
20	0
2332	2314
0	2198
21	398
53	262
41	131
70	320
8	299
6	2
0	2
137	179
385	210
0	0
2	29
2	0
40	12
0	12
0	0
93	22
0	22
6	1
0	1
0	0
193	194
2	173
52	31
134	616
1	185
0	267
0	27
5	0
8	20
4	43
0	79
2	104
0	61
3	31
6	18
9	0
10	186
0	83
0	81
10	0
0	68
193	0
159	18
3	18
3	2
0	2
0	20
0	32
69	84
1	0
0	1
0	40
5	17
0	6
5	1688
0	1879
506	1968
0	1798
4	1116
24	811
1	296
1	375
40	493
2	206
2	256
7	121
27	476
127	0
0	151
30	69
0	74
4	87
20	331
6	0
407	0
0	0
0	1809
282	2466
136	657
207	2
5	1147
1	0
0	248
0	29
52	482
22	13
34	79
0	477
0	40
7	12
14	5
4	29
0	22
1840	2006
27	1752
0	26
0	329
3	51
0	3208
0	3208
0	99
0	3145
4	406
1	69
1	16
6	16
0	16
0	16
0	5
0	0
3	130
0	0
6	147
0	0
25	0
0	26
2	0
0	13
17	400
175	857
0	684
0	850
8	933
0	203
18	5
0	191
33	0
4	23
1	19
4	54
10	12
0	0
2	0
0	15
0	13
0	13
7	52
0	0
0	15
4	2744
1	2812
1	51
0	51
0	1412
12	210
0	143
16	0
0	0
251	0
0	0
0	0
17	130
33	358
0	314
0	349
170	49
1	7
0	2
0	16
0	13
0	0
32	0
739	201
1	199
28	105
1	100
77	2
0	0
0	0
0	0
0	0
0	0
0	0
0	0
0	0
0	0
29	267
30	2
0	77
36	45
0	42
0	42
3	15
0	147
0	147
0	48
0	0
0	0
0	0
0	0
32725	4
0	0
553276	268
0	0
30559	8
0	0
0	0
1	0
6367	90
1	0
0	0
0	0
0	0
0	0
258743	108440
1	0
0	0
53	86539
0	0
6245	0
81	42541
78	157547
0	0
19	13085
0	0
5	1022
9517	7569
0	0
0	0
0	0
8576	7
319	0
0	0
29712	10
0	0
0	0
0	0
0	0
0	0
0	0
0	0
0	0
0	0
0	0
0	0
0	0
0	0
0	0
0	0
0	0
0	0
0	0
0	0
0	0
0	0
0	0
0	0
0	0
0	0
0	0
0	0
0	0
0	0
0	0
0	0
0	0
0	0
0	0
0	0
0	0
0	0
0	0
0	0
0	0
0	0
0	0
0	0
0	0
0	0
0	0
0	0
0	0
0	0
0	0
0	0
0	0
0	0
0	0
0	0
0	0
0	0
0	0
0	0
0	0
5	101
0	0
0	0
0	1
0	0
0	0
49	2
0	1
0	0
0	0
1	0
0	0
28	2
4	0
4	208
0	12
174	205
1	0
0	0
0	0
0	0
0	0
0	0
0	0
851	484
0	491
39	398
10	96
3	4
0	0
0	0
0	0
0	0
0	0
0	0
0	100
0	100
0	89
2	0
0	12
0	12
2	11
0	11
0	0
0	0
0	0
0	0
1	82
21	471
1	80
0	5
0	21
0	0
1	0
0	0
0	0
0	12
0	10
0	8
0	19
0	10
0	16
0	16
0	15
0	6
101	521
2	348
0	2
0	0
0	2
0	0
0	2
0	2
0	0
0	0
0	0
0	0
0	0
114	51
0	51
0	32
0	24
0	13
1	18
3	0
12	186
60	13
7	185
37	162
2	11
802	4090
3	4067
4	518
8	10
0	10
0	0
770	93
1	81
4	91
0	0
0	169
0	150
0	755
0	184
0	477
0	151
0	395
0	42
0	316
3	61
0	352
0	151
0	89
0	223
0	169
6	703
1	191
2	627
0	526
1	163
0	181
0	165
0	83
1	104
10	104
2	105
0	166
0	55
0	586
0	63
0	336
0	248
0	61
0	187
0	239
0	149
4	8
309	72
502	143
3	98
0	45
1	18
0	10
6	13
0	8
0	5
0	5
0	2
4	0
0	31
0	813
0	769
6	780
0	790
44	744
0	766
1	34
2	783
0	777
0	718
101	690
10	15
0	871
0	358
0	835
4	18
0	744
0	314
11	694
36	222
0	0
1	55
19	158
40	5
0	5
3	19
12	2522
0	1741
3	1846
0	1904
0	2099
1	1642
31	242
13	14
6	6
137	13
0	8
9	2597
63	42
0	1151
0	1709
0	1587
2	194
3	310
0	408
4	1077
0	312
0	238
0	255
123	650
20	659
4	535
6	487
3	76
170	341
0	86
0	255
0	0
0	0
136	0
0	0
0	673
0	665
13	641
0	499
0	86
0	74
4	79
2	57
4	92
2	5
0	0
2	0
0	0
0	0
238	0
0	0
3	0
0	0
0	0
0	0
0	0
0	0
0	0
0	0
4	632
5	592
0	627
22	181
6	177
79	30
0	0
0	30
4	1
3	1
26	2410
3	2366
51	2330
0	783
0	774
39	146
0	265
5	339
24	257
11	1
5	447
4	1895
0	1437
34	3557
44	3303
2	3179
104	3377
0	2228
208	1280
22	1002
36	268
4	1
0	1
0	279
0	279
0	270
3	257
0	232
244	1305
7	798
0	341
5	447
0	146
0	112
0	143
1	143
0	149
15	124
1	29
15	331
0	284
3	342
5	93
0	35
1	31
8	112
0	0
0	1
0	1
0	1
0	0
0	0
0	0
0	0
0	0
0	0
0	0
0	0
0	0
0	0
0	0
0	0
0	0
0	0
0	0
0	0
0	0
0	0
0	0
0	0
82	0
0	0
0	0
0	0
0	0
0	0
0	0
0	0
0	0
0	0
0	3
0	0
0	0
0	0
0	0
0	1
0	0
0	0
0	0
0	0
0	0
0	0
130	0
0	0
959	1
3	3
1	0
2	41
0	0
2	3
526	81
0	77
2	7
0	25
4	18
0	0
0	0
0	1
2213	319
0	140
2	263
4	86
4	0
1	0
3	115
8	115
0	0
12	169
6	163
0	109
0	16
0	146
0	212
0	213
0	221
3	183
0	144
4	118
16	47
0	3
19	22
1	22
0	0
0	0
115	1517
3	1513
0	1584
0	0
1	88
0	0
0	0
0	0
4	487
101	3229
257	3241
0	491
3	0
0	0
0	0
0	0
0	0
0	0
0	0
0	0
0	0
0	0
0	0
0	0
0	0
0	0
0	0
0	0
0	0
0	0
0	0
0	0
0	1981
0	1971
0	1989
0	1979
0	1887
5	80
0	52
25	0
0	0
0	0
0	0
0	4
4	410
4016	410
0	23
0	0
1276	0
0	0
588	1596
27	684
12	1507
2	68
0	958
0	0
0	0
0	0
0	0
27	0
0	0
41	17
3	17
180	3854
32	3383
10131	6863
7	520
0	841
128	663
15	1739
0	11
0	11
92	2457
0	0
2	341
0	2
0	2
1	0
13241	5721
0	1048
28	2291
66	1437
72	2012
0	0
1	0
0	0
24	0
1	0
0	2832
0	3037
7	3059
54	2419
0	220
0	189
28	359
10	1423
0	381
8	111
7	70
0	70
0	0
7	0
0	16
3	0
0	0
0	0
0	0
0	0
0	0
0	0
0	0
0	0
0	0
0	31
0	0
0	0
0	0
0	0
0	0
0	0
0	0
0	0
0	0
0	0
0	0
0	0
7283	2
158	229
0	188
0	107
2	36
0	0
20	0
0	0
0	0
423	463
1	396
0	97
0	104
0	162
0	0
0	0
0	0
0	0
0	0
0	3465
9	3392
0	643
6	2323
133	2017
15	194
15	472
0	2070
2	360
103	89
0	0
0	0
23	38
6	38
0	0
0	0
0	0
0	0
112	9
121	9
3	0
8	0
0	0
0	0
0	0
0	0
0	0
0	0
0	1
1	0
49	0
3	26
4	78
0	29
3	61
2	44
2	24
0	0
0	2467
2	954
2	2349
1	896
1	849
0	0
7	0
1	705
0	675
3	119
0	0
0	391
0	0
14	0
1	0
0	0
1698	0
2	1764
0	1867
0	1901
0	1115
0	1423
0	1399
0	1387
49	8931
3	1313
0	798
628	8930
3	1268
0	1009
14	2248
0	363
136	2402
39	391
4	119
22	199
10	102
1	305
27	346
0	52
3	175
7	338
0	0
3	1218
0	0
0	0
0	0
105	1262
183	773
247	687
0	771
0	728
3	188
3	532
19	263
4	212
0	52
1	52
0	0
10	89
5	89
0	0
340	13
4	13
319	20
16	20
0	92
16	277
2	214
6	192
11	148
5	20
5	31
18	31
7	529
0	529
0	432
3	30
89	0
0	0
41	2
0	0
1	2
0	0
0	0
2	11
0	0
0	0
0	0
0	0
0	0
1	15
10	15
3	0
0	0
0	0
0	0
3	0
10486	2
0	0
0	0
0	0
0	0
0	0
0	0
0	0
0	0
0	0
0	0
0	0
0	0
0	0
0	0
13	191
1	190
0	189
0	189
0	190
3	46
1	2
0	0
0	0
2	831
83	97
12	756
1	143
99	36
0	0
0	0
0	0
0	0
0	0
0	0
0	0
0	0
0	0
0	0
0	0
0	0
0	0
0	0
0	0
0	0
0	0
0	0
0	0
0	0
0	0
0	0
0	0
0	0
0	0
0	0
0	0
0	0
0	0
0	0
0	0
0	0
0	0
0	0
0	0
0	0
0	0
0	0
0	0
0	0
0	0
0	0
0	0
0	0
0	0
0	0
0	0
0	0
0	0
0	0
0	0
0	0
0	0
0	0
0	0
0	0
0	0
0	0
0	0
0	0
0	0
0	0
0	0
0	0
0	0
0	0
0	0
0	0
0	0
0	0
0	0
0	0
0	0
0	0
0	24
0	0
0	0
0	0
0	0
0	0
0	0
0	0
0	0
0	0
0	0
0	0
0	0
0	0
0	0
0	0
0	0
0	0
0	0
0	0
0	0
0	0
0	0
0	0
0	0
0	0
0	0
0	0
0	0
0	0
0	0
0	0
0	0
0	0
0	0
0	0
0	0
0	0
0	0
0	0
0	0
0	0
0	0
0	0
0	0
0	0
0	0
0	0
0	0
0	0
0	0
0	0
0	0
0	0
25	1313
0	0
0	0
0	0
0	0
0	0
0	0
0	0
0	0
0	0
0	0
0	0
0	0
0	0
0	0
0	0
0	0
0	0
0	0
0	0
0	0
0	0
0	0
0	0
0	0
0	0
0	0
0	1
0	0
162	1555
35	1555
34	128
4	47
0	0
0	361
4562	0
0	167
0	173
0	168
0	173
0	0
0	0
0	0
21	151
202	151
4	21
2	0
0	0
0	0
0	0
0	0
0	0
0	0
0	0
0	0
2522	0
118	27
0	27
16	77
4	3
1	3
0	0
9340	11514
30	9055
85	2560
0	0
1	236
0	0
58	100
4	1600
0	1600
0	101
0	75
0	1
82	967
20	132
0	442
0	726
0	474
23	250
2	456
7	297
12	378
0	378
0	0
67	329
241	345
12	345
1	72
13	31
0	0
0	0
0	0
0	0
5873	548
0	0
15	548
20	0
372	262
11	126
78	210
727	88
1	84
0	0
1143	0
74	0
0	0
0	0
0	0
0	0
0	0
0	0
0	0
0	0
0	0
0	0
0	0
0	0
0	0
0	0
0	0
0	0
0	0
0	0
0	0
0	0
0	0
0	0
0	0
0	0
0	0
0	0
0	0
0	0
0	0
0	0
0	0
0	0
0	0
0	0
0	0
0	0
0	0
0	0
0	0
0	0
0	0
0	0
0	0
0	0
0	0
0	0
0	0
0	0
0	0
0	0
0	0
0	0
0	0
0	0
0	0
0	0
0	0
0	0
0	0
0	0
0	0
0	0
0	0
0	0
0	4
0	4
0	4
0	1
0	0
0	0
0	0
1	0
0	0
0	0
0	0
0	0
0	0
0	0
0	0
0	0
0	0
0	0
0	0
0	0
0	0
0	0
0	0
0	0
0	0
0	0
385	758
5	728
0	639
0	6
0	35
1	35
0	36
0	0
0	2
0	0
0	0
0	0
0	0
0	139
80	4384
849	4384
5726	4390
159	2567
225	151
4	0
0	1361
0	1406
4	1046
0	1291
13	90
138	302
53	147
9	109
4	66
1033	0
5	75
0	0
0	0
0	0
0	0
0	0
0	0
0	0
0	0
0	0
0	0
0	0
0	0
0	0
0	0
0	0
0	0
0	0
0	0
0	0
0	0
0	0
0	1
0	0
0	0
0	0
0	0
0	0
1	153
0	124
3	184
8	126
0	184
7	155
0	121
1	3
1	9
0	0
0	0
0	0
31	1289
849	3145
46	829
1	130
0	146
0	97
24	193
26	54
0	434
62	698
2	561
50	761
1	368
0	24
0	11
51	21
0	0
0	0
0	0
141	25
0	1
7	486
11	6840
7	89
0	595
28	6783
0	17
1	4792
2	6784
68	6782
0	0
0	0
120	6090
0	6192
61	358
1	80
17	331
164	6193
5	81
14	453
0	0
0	0
0	0
0	1
0	1
0	1
0	0
0	0
0	0
0	4
0	4
0	4
0	0
0	1
0	0
0	1
0	0
0	0
0	0
0	0
0	0
0	0
0	0
0	0
0	0
1	0
0	0
0	0
2	50
0	50
0	0
0	0
0	0
0	0
0	0
0	0
0	0
0	0
0	0
0	0
1	0
0	4
0	0
0	0
0	0
0	0
0	0
0	24
0	0
0	89
2	89
10	89
0	46
0	16
0	3
0	2
0	172
33	753
0	422
0	333
45	27
11	11
0	59
6	348
102	0
1	92
4	73
0	8
0	90
0	2
146	0
1	736
0	655
10	333
71	191
18	34
1	51
0	0
792	200
38	180
0	189
0	0
0	0
0	0
6	629
14	9
3	623
1	65
0	508
0	213
25	1596
0	1596
0	485
50	1366
0	1264
4	1457
2	645
1	22
35	0
20	524
0	524
6	515
6	486
6	70
0	10
12	1
2	18
2	157
0	157
5	158
14	71
0	158
5	24
0	158
0	0
9	0
118	13
0	13
0	0
0	0
0	677
0	728
2	726
0	700
26	683
3	601
12	79
2	86
0	35
0	0
0	0
0	0
0	0
0	1
0	3
0	3
0	0
0	0
0	0
2	8
0	0
0	0
0	0
0	0
0	0
0	0
0	0
0	2
0	6
0	5
0	1
0	0
0	0
0	0
0	0
0	0
0	0
0	0
0	0
0	0
0	0
1	1425
0	0
0	0
0	0
0	0
0	0
0	0
30	110
7	168
4	40
11	689
2	14
89	945
985	939
2	158
58	135
6	128
2	202
3	27
0	188
1	85
0	3
0	3
1363	0
1	0
502	367
0	367
6	400
10	77
1	177
0	137
0	12
0	0
0	6
0	0
0	0
0	12
2	12
0	0
2	1
0	1
0	0
0	0
0	0
0	0
0	0
0	0
0	0
1844	4
99	94
0	0
0	0
1	94
0	0
0	0
0	0
0	0
0	0
0	0
0	0
0	0
0	0
0	0
0	0
0	0
0	0
26	80
0	0
8	0
0	0
0	0
0	2584
268	1001
23	311
0	877
0	40
0	49
2339	0
0	0
0	0
0	0
0	0
0	0
0	0
0	0
0	0
0	0
0	0
1	1
0	2
0	3
2	1
0	0
0	0
0	0
2	151
0	152
0	120
2	51
0	0
0	0
0	0
0	0
0	0
52	490
0	566
0	512
2	71
0	0
0	0
0	0
29	0
0	0
0	0
207	332
197	332
0	0
0	0
0	0
0	0
0	0
4	1
0	1
0	0
0	0
0	0
0	0
1	0
1	3
2	13
4	13
0	1
0	0
0	19
0	0
2	0
0	0
0	0
0	0
0	0
0	0
0	0
0	0
0	0
0	0
0	0
0	0
0	0
0	0
0	0
0	0
0	0
0	0
0	0
0	0
0	0
0	0
0	0
0	0
0	0
0	0
0	0
0	0
0	0
0	0
0	0
0	0
0	0
15	0
3	10
0	0
0	0
0	0
0	0
0	0
132	0
0	0
64	0
0	188
0	2
353	1561
0	1410
1	752
0	1286
1	1286
12	1064
4	201
0	0
0	0
1569	0
0	0
14	187
26	997
0	931
0	80
0	585
0	0
117	11012
82	10514
0	4956
0	0
3	10985
126	11134
11	4735
1	472
177	3335
19	613
168	866
11	10
0	10
0	0
0	0
0	0
0	0
0	0
0	0
0	0
2	306
996	297
141	114
0	0
0	0
0	0
0	0
0	0
3	0
5	217
28	395
0	154
2	47
0	137
4	101
2	2
2	10
407	481
178	832
0	813
0	855
0	427
0	95
0	0
0	0
0	0
0	0
0	0
0	0
0	0
0	0
0	0
0	0
0	0
0	0
0	0
0	0
0	0
0	0
0	0
0	0
0	1
0	0
0	0
0	0
0	0
0	0
3	73
0	73
0	83
0	18
0	0
0	0
0	0
2	14
0	0
0	0
0	21
0	4
2	5
0	0
0	0
0	0
1	0
10	26
0	0
0	1
1	1
0	1
3	1526
0	1525
0	1561
0	184
73	805
0	0
0	0
0	0
0	0
0	0
6	0
0	0
2	1
0	0
0	0
0	2
0	0
0	0
0	0
0	0
0	0
0	0
0	0
0	2
0	7
0	2
5	1
0	1
0	2
49	10
0	4
0	5
0	0
0	2
0	0
0	0
0	0
0	0
0	0
0	0
0	0
0	0
5	11
0	0
0	0
0	0
0	0
0	0
0	0
0	2
0	2
0	0
0	0
0	0
0	0
0	0
0	0
1	53
0	0
0	0
0	0
0	0
0	0
0	0
0	0
0	0
4	20
1	18
0	6
0	0
0	0
0	0
0	0
0	0
0	0
0	0
0	0
0	0
0	0
0	0
0	0
0	0
9	10
0	10
0	0
0	0
0	0
0	0
14	43
0	0
0	0
0	0
0	0
0	0
0	0
0	0
0	0
0	0
0	0
0	0
0	0
0	0
0	0
0	0
0	0
0	0
0	0
0	0
0	0
0	0
0	0
0	0
0	0
0	0
0	0
0	0
0	0
0	0
0	0
0	0
0	0
0	0
0	0
0	0
0	0
0	0
0	0
0	0
0	2482
10	14
70	51
46	713
17	697
0	2340
0	2279
0	2345
0	2431
2	2396
0	0
2	546
9	37
37	34
0	0
0	0
0	0
0	0
8	868
0	0
0	0
0	0
0	0
0	0
38	40
0	4
0	35
0	1129
5	2
0	0
0	0
1530	233
0	233
392	2
0	0
0	0
0	0
0	12
0	0
0	0
0	0
303	168
4	223
0	100
1	75
0	0
0	0
0	0
0	8
0	0
0	0
0	0
0	0
0	0
0	0
0	0
0	0
0	0
0	0
4	116
1	118
46	124
0	0
0	130
0	1580
1	193
0	1511
0	1613
0	1426
81	406
0	649
0	1510
104	778
0	1489
79	52
61	104
56	776
26	86
1	1551
0	1632
0	201
0	56
0	56
0	56
8	13
5	16
6	1054
16	990
5	1054
0	967
0	146
15	70
0	0
0	0
0	0
0	0
29	1268
54	1281
0	1258
10	1281
1	374
18	526
0	0
0	0
0	0
0	2
0	251
9	713
12	779
2	723
10	64
0	65
1	3
0	3
0	3
0	146
107	143
0	0
0	0
0	0
0	0
0	0
0	0
0	0
29	5
0	0
5	0
0	0
0	5
0	0
78	49
0	43
1	0
1	8
0	0
0	0
0	0
0	0
3	1
0	1
0	0
0	0
80	711
0	711
0	711
1	195
832	89
10	89
0	0
10	336
4	336
0	3
0	0
0	2
0	1
0	3
0	0
2	1
9	12
0	7
0	6
0	2
0	16
1	15
0	14
0	5
0	2
0	0
0	0
0	0
0	0
0	0
0	0
0	0
0	2
0	2
0	2
0	0
0	0
0	0
0	0
3	51
0	49
0	42
0	9
0	17
4	16
0	17
0	7
0	17
0	6
1	5
360	0
0	13
0	13
0	13
3	4
0	6
0	1
0	9
0	0
0	0
0	2
0	0
0	0
13	1210
26	1210
8	0
0	0
0	0
0	0
15	6
0	6
39	0
92	130
1	130
0	63
9	1410
1358	4075
3	1061
60	27
0	3663
7	695
1	342
23	418
0	36
0	41
2	41
0	0
65	0
1	148
0	148
2	148
8	55
2	46
498	8135
0	6598
0	5362
0	8512
85	1148
5	5120
12	844
1	6630
44	1358
104	2942
1	466
7	245
0	457
3331	37
360	430
24	430
0	0
0	65
1	54
1	48
0	66
1	26
1	22
8	23
1	1
0	2
278	2245
49	2024
0	1035
35	313
5	90
13	1048
1	214
0	726
0	352
49	1788
110	1472
7	268
1	745
24	827
0	1305
0	172
84	831
31	261
0	261
2	0
0	0
70	2185
1	2141
16	1871
1	143
1	93
6	214
1	66
22	74
13	148
0	148
0	219
0	52
0	26
4	178
0	1
0	1
1	1
0	0
0	181
0	136
2	152
0	170
0	126
0	126
1	146
0	162
0	175
0	140
0	148
0	13
0	16
0	19
0	365
2	17
0	17
0	12
1	0
1	194
15	618
18	746
13	649
0	383
3	347
0	202
13	361
14	16
86	242
6	12
6	51
3	197
6	209
0	27
11	156
0	176
1	37
1	14
0	62
0	52
0	20
62	4580
0	1987
35	4528
4	240
0	221
0	134
1	0
3	2099
0	2077
3	1198
0	1140
3	1386
0	1427
9	1453
0	259
0	106
0	908
0	1016
0	337
0	520
31	111
1	57
0	86
0	60
1	91
2	165
5	33
0	19
4	52
0	0
0	0
14	2313
0	2289
2	654
0	531
0	344
169	0
0	0
0	0
0	0
0	4
0	0
0	0
0	0
0	0
0	0
5	528
0	0
0	0
1	80540
408	84472
0	84408
0	83282
1	77486
19	4841
357	4959
243	2019
0	4749
161	2482
0	3925
75	1835
0	5515
5	3727
94	2560
0	722
234	571
0	365
12	154
1	322
2	439
42	805
0	22
262	21012
7	16162
4	6087
148	21013
146	1413
6	7760
4	7793
34	9510
23	715
2	2650
64	2309
0	18
0	372
0	372
0	326
0	326
0	109
1	76
0	0
8	10
17	66
0	0
6	5
2	39
2	1181
122	236
0	249
13	1149
37	1158
8	354
0	419
0	1129
1	268
0	295
0	301
3	310
0	216
2	263
0	58
22	43
0	320
1	444
0	293
0	323
391	3696
3	800
6	929
1	3652
98	626
1	810
0	794
1	411
18	500
3	174
8	2503
39	2489
1	292
10	2349
1	147
0	191
0	453
5	380
0	409
1	257
172	397
36	397
0	0
2	2
0	5
135	420
0	418
2	10
6	27
0	17
1	32
0	28
6	47
13	280
55	276
3	248
5	913
0	749
2	260
9	130
0	331
12	54
0	26
0	410
0	540
18	527
24	554
67	791
0	627
0	657
0	359
0	307
2	247
1	224
1	24
1	129
0	16
4	116
0	2029
0	1958
0	286
1169	1047
3	1047
0	420
0	302
3	692
0	2031
7	2031
0	848
1	0
13	62
5	108
0	310
0	2028
1	1501
0	1849
9	61
1	251
0	208
0	0
0	0
3	2
0	0
0	0
0	0
0	0
0	0
0	0
0	0
0	0
0	0
0	1
0	0
0	0
0	0
0	0
0	0
0	1
0	0
0	0
0	0
0	0
0	0
0	1
0	0
0	0
0	3
0	0
0	0
0	0
0	0
0	0
0	2
0	0
2	12
0	0
6	33
0	23
0	17
0	0
0	0
440	546
0	208
3	58
18	48
3	106
1	180
5	46
1	306
0	142
0	179
0	152
0	0
4	36
158	697
0	489
1	632
0	187
0	8
5	40
0	124
0	67
48	165
1	68
0	0
0	15
0	0
0	0
0	0
1	0
11	66
0	66
2	161
0	0
0	5
0	5
735	54
6	31
0	32
50	70
0	46
20	8
17	124
0	108
0	83
296	12
239	710
0	523
47	409
27	627
0	121
0	13
65	359
8	0
0	0
1	0
3	219
1085	219
5	139
0	0
74	0
0	0
0	0
0	1
16	480
0	0
0	1
86	559
0	77
0	166
40	2016
5	1914
10	2016
1	2016
4	1237
4	0
0	0
0	0
0	0
0	0
1	5
0	0
0	0
0	0
0	0
0	0
0	0
0	0
0	0
0	0
0	0
0	0
0	0
0	0
0	0
0	0
0	0
0	0
0	0
0	0
0	0
0	0
1	164
2481	1005
139	1005
1	0
0	0
0	0
0	0
3	0
1410	382
18	378
0	0
0	0
0	0
1	0
0	0
0	0
0	0
0	0
0	0
0	0
0	0
0	0
0	0
0	0
0	0
0	3
0	0
0	0
0	0
0	137
0	136
0	138
3	0
0	18
8	19
0	1
11	0
0	0
0	0
0	0
0	0
0	0
0	0
0	0
0	0
1	3
0	0
0	0
13	196
80	109
0	4
0	8
0	1
0	19
0	82
1	1
0	1
0	0
0	0
0	4802
0	0
0	0
0	338
7	59
0	0
0	0
0	90
9	388
554	447
0	0
0	0
33	483
0	0
0	0
0	0
0	0
1	0
0	0
0	0
0	0
0	0
88	375
785	4029
5	850
0	0
0	0
0	0
0	3047
4	2
16	0
0	55
0	624
20	175
0	0
34	20
34	320
2	1286
0	413
7	583
0	1440
0	130
0	0
0	0
0	0
0	0
512	20
2	22
1	2
2	3
0	0
5	1158
0	1207
2	1143
2	1276
0	22
1	41
11	139
0	0
0	0
14	19
0	0
0	0
0	0
1	0
0	0
39	0
0	0
0	0
0	0
0	0
0	0
0	0
0	0
0	3
0	0
0	0
0	0
0	0
0	0
0	0
3	12
0	6
0	11
0	0
0	0
1	0
0	1
1	0
0	0
0	0
0	0
0	0
0	0
0	0
0	0
0	0
0	0
2	101
0	0
0	0
0	0
0	8
0	0
0	0
0	0
0	0
0	0
0	0
0	0
0	0
0	0
0	0
0	0
0	0
1	0
0	0
0	0
0	0
0	0
0	0
2	32
0	0
0	0
0	0
0	0
0	0
0	0
0	0
0	0
0	3
0	0
0	0
0	0
0	0
0	0
0	0
0	0
0	0
0	0
0	0
0	0
0	0
0	0
0	3
0	0
0	0
0	0
0	0
0	0
0	0
0	0
0	0
0	0
0	0
0	0
0	0
0	0
0	0
0	0
1	0
0	7
0	7
1051	63
1	51
0	0
0	0
17	12
0	7
0	0
0	90
9	90
0	3
672	86
0	57
3	29
0	0
0	0
1	1
0	1
0	1
0	0
0	0
0	0
0	0
0	0
1	0
0	2922
0	2891
8	2891
0	319
6	336
3	82
9	0
5809	2914
1	2267
6	1301
2	4
0	42
0	87
0	189
69	95
0	96
0	128
0	188
355	185
0	0
0	0
0	0
0	0
0	0
0	0
0	0
0	0
36	366
1	497
2	491
1	494
0	0
0	0
4	0
0	0
0	0
289	2973
0	548
0	828
10	2980
1	300
2	276
4	65
0	0
0	0
0	0
0	2
82	7
6	7
0	0
452	631
33	0
9	1
2	0
0	0
0	631
0	0
119	0
3	208
0	69
0	211
0	175
0	176
0	188
23	142
4	146
3	76
0	91
0	80
0	29
0	72
0	6
0	7
0	96
0	44
0	31
1	6
2	16
0	0
0	0
0	0
0	0
935	0
0	0
0	0
0	0
0	0
0	97
0	97
2	105
34	24
0	0
0	59
69	42
0	11
0	722
0	681
23	487
6	77
0	71
0	50
48	253
2014	307
54	307
21	116
0	0
0	0
0	0
4	154
54	154
0	0
22	0
0	0
0	2
0	2
0	1
0	1
0	0
0	0
147	3128
72	1874
0	3146
3	1120
57	1324
55	259
31	0
0	2
1	3
0	1
0	2
0	0
0	0
0	0
0	0
0	0
0	0
89	40
0	35
38	39
0	29
0	0
0	0
353	0
0	0
0	0
4	0
375	999
0	911
0	51
1	46
17	368
0	442
0	0
0	232
16	144
0	0
4	12
82	107
0	966
0	603
0	54
106	523
3029	1018
1	630
0	0
4	20
519	90
0	11
1	59
0	0
1953	438
8	436
4	0
0	0
0	0
3	1807
46	1369
0	1806
30	1631
3	1254
0	0
0	0
7	0
3	9
0	64
0	65
0	71
0	70
0	70
0	68
0	67
0	12
0	10
2	0
1	0
1	0
0	0
0	0
0	0
0	14
1	14
0	0
1359	469
219	469
0	0
0	0
0	0
0	0
176	0
0	0
0	0
0	0
0	0
0	0
0	0
0	0
19	707
40	706
0	652
0	307
965	96
0	4
2	92
0	0
0	2
0	19
0	18
0	9
0	0
1	0
0	0
0	1783
0	1788
0	1807
1	2030
27	2022
29	1985
5	27
1	223
0	0
0	0
0	0
0	0
0	0
0	0
0	34
0	12
0	11
0	12
0	12
0	1
0	0
0	2
40	311
0	0
597	615
30	499
0	189
0	0
0	0
510	494
4	207
1	289
0	0
0	0
0	79
57	111
1	48
10	35
1	35
17	2344
0	2372
0	2389
0	2344
12	100
4	53
11	861
0	149
11	220
0	80
0	85
0	35
0	95
0	94
0	2
0	3
1	638
39	638
10	638
2	961
1	1050
0	992
0	1037
0	38
8	85
0	227
1	15
22	154
0	348
0	232
0	323
1	206
0	305
3	107
0	60
16	40
1	41
0	669
4099	3950
102	1771
59	776
86	1721
8	317
36	507
10	1
13	1
1	0
0	0
0	3931
11	3713
1	3219
0	3909
2	2347
0	67
7	212
13	4896
12	881
1341	5440
1	760
631	1127
18	845
161	4249
0	10
0	0
0	0
20	0
0	43
0	2
0	0
1	0
0	0
0	0
0	0
0	0
0	2
0	0
0	7
3	2
1	2
619	147
0	0
0	7
0	6
0	0
4	0
2	79
0	82
0	82
0	5
7	145
0	0
154	311
0	308
0	26
393	0
0	0
15281	6412
15	5046
35	1131
0	0
38	91
3	91
0	44
0	23
0	14
0	0
0	0
0	0
127	200
0	81
1	179
11	193
1	47
0	1157
0	1087
0	1120
0	1132
0	1121
0	1126
13	646
0	0
0	0
0	0
0	0
0	0
0	0
0	0
3	14
0	0
0	0
0	0
0	0
0	0
0	0
0	0
0	0
0	0
0	0
0	0
0	0
0	0
0	0
0	0
0	0
0	0
0	3
0	3
0	3
0	3
0	0
0	0
0	0
0	0
0	1
2	7
1	0
0	7
0	1
0	0
42	674
0	0
11	0
0	0
0	0
0	0
0	0
0	0
0	0
0	0
0	0
0	0
0	0
0	0
0	0
0	0
591	0
0	0
2	0
0	1
4	1
1	1
34047	2117
25	1609
0	0
0	18
0	0
0	0
3	7
0	7
70	16
0	12
4	36
0	1
2	7
44	9
0	27
0	26
2	6
0	2
24	5
2	2
2	0
0	0
0	0
0	0
27	102
1	104
0	112
0	258
0	214
0	238
150	238
60	276
0	0
0	0
0	0
230	22
0	128
1	104
0	0
0	0
0	0
0	0
0	37
0	38
0	0
1	0
0	0
0	0
0	0
85	17
0	9
0	8
2	22
0	18
9	0
0	0
0	0
0	0
14	6512
43	6492
110	55
0	0
0	0
0	0
0	0
0	63
1	63
0	48
0	0
2538	98
1	94
77	1644
6	0
651	0
525	0
0	0
0	29
0	0
1	0
0	44
0	0
0	0
19	247
0	231
2	237
24	174
0	207
2	92
0	8
0	47
0	71
3	66
5	22
21	33
0	7
1	0
0	1
4	0
474	211
83	208
63	26
314	0
1	0
1	0
0	254
2	0
0	0
27	6
1	5
10	1
0	0
0	0
0	0
0	0
0	0
0	0
0	0
0	1
2	0
2328	5663
23	46
12	67
0	304
5	390
0	0
2	238
9	415
7	395
20	10
379	173
0	252
32	1100
0	1298
0	152
231	690
0	0
41	2969
0	1457
8	1062
13	1191
0	665
14	436
0	344
24	26
0	282
112	263
0	271
50	306
6	111
0	3669
0	3250
0	3669
0	1322
1	859
1456	2360
0	69
12	2291
100	2260
43	2260
0	168
110	128
0	0
258	2
0	0
1507	8404
0	8357
9	1110
4	272
0	272
0	16
0	0
0	0
2	1
0	0
0	0
0	0
0	0
3	0
0	0
0	0
0	0
0	0
0	0
0	0
0	0
118	48
0	48
0	1
4	1
0	0
1	0
0	0
1	0
0	0
0	0
0	0
0	0
0	0
0	0
9	0
37	0
0	76
0	76
10	75
0	4
0	26
0	4
0	26
0	2
0	25
0	0
0	0
0	16
0	16
0	13
1	12
0	0
0	0
0	0
0	15
0	0
0	0
88	0
0	0
0	0
0	0
0	0
0	0
0	0
0	0
0	0
1033	96
3	96
0	0
0	0
0	0
0	0
0	0
0	0
0	0
0	0
0	0
25	4
30	42
69	46
707	1303
0	1197
0	1166
26	220
10	108
3	1
3	6
0	7
2	3
1	7
52	4
1	8
14	6
0	0
12	0
0	0
272	16
0	0
0	0
4464	421
0	413
1	139
0	0
0	0
0	1
21	1
0	0
1	0
0	0
0	0
0	0
0	0
0	0
0	0
0	0
0	0
0	0
0	134
0	140
3	134
0	137
0	79
0	9
0	14
0	11
0	2
0	5
0	5
0	1
1	59
0	59
0	0
0	0
0	0
0	0
0	0
0	0
0	0
0	0
0	0
1	126
0	0
0	0
0	0
0	0
336	351
16	87
0	265
0	0
0	0
0	0
0	0
24	91
1	91
2	14
0	74
3	74
0	6
4313	4
57	0
0	0
0	0
0	0
0	0
0	0
0	0
0	0
0	0
0	1506
0	1407
1	190
30	468
0	0
1	35
0	0
0	53
0	44
0	41
6	62
1	93
0	87
0	7
0	0
0	41
0	0
0	0
0	0
0	0
0	0
1	193
7	186
0	148
6	0
0	18
0	0
0	0
0	0
0	0
0	0
0	0
0	0
0	6
0	2
0	0
0	0
0	0
0	0
0	0
0	0
0	0
0	0
0	0
0	0
0	0
0	0
0	0
0	0
0	0
0	0
0	0
0	0
0	0
0	0
0	0
0	0
1	0
0	0
0	0
0	0
0	0
0	11
0	0
0	0
0	0
0	0
0	0
0	0
0	0
0	0
0	13
0	13
0	0
0	0
0	0
0	1
0	54
0	52
6	4
0	64
0	57
0	0
0	0
0	57
3	45
1	0
0	9
0	7
0	0
0	0
0	0
0	0
0	0
6	5
0	0
0	0
0	0
0	0
0	1
0	0
1	4
0	0
0	0
79	0
0	0
0	0
0	0
0	0
3	66
12	8
1	7
1	63
0	10
0	18
0	0
0	0
0	0
0	0
0	0
0	0
0	6
0	0
0	0
0	0
0	0
0	12
0	12
0	0
0	0
0	0
0	0
0	4
0	0
0	0
0	8
0	0
0	0
0	0
0	29
0	0
0	29
0	0
0	0
0	0
0	0
0	29
0	0
0	0
0	0
0	0
0	29
0	0
0	0
0	29
0	0
0	0
0	0
0	0
0	0
0	0
0	29
0	0
0	0
0	29
0	0
0	0
0	0
0	29
0	0
0	0
0	0
0	0
0	29
0	0
0	0
0	4
0	0
0	0
0	0
0	0
0	0
0	0
0	0
0	0
0	0
0	0
0	0
1	261
0	0
0	0
0	0
0	45
0	0
0	0
0	0
0	0
0	0
0	0
0	0
0	0
0	0
0	0
0	0
50	910
0	1461
8	1006
0	1017
3	52
0	1467
18	0
0	0
0	0
1	1
0	0
0	0
0	0
0	0
0	0
0	0
0	0
0	0
0	0
0	0
0	0
0	0
0	0
0	0
0	0
0	0
0	0
0	0
49	583
9	585
0	492
0	12
0	3
0	0
133	61
0	26
0	36
0	6
0	0
41	495
16	495
4	235
45	237
15	127
0	28
2	58
0	0
6	1337
0	1743
60	739
11	108
0	194
97	1570
5	136
0	127
0	0
93	236
1	195
0	178
0	4
0	4
7	0
1	0
0	0
35	891
0	924
10	880
8	881
43	106
59	0
5	281
2	275
0	12
5	101
1	121
0	66
43	82
1	81
0	72
1	20
5	74
0	0
0	0
0	0
0	3
0	0
463	330
5	59
0	41
1	45
0	0
0	10
0	4
642	4595
19	4276
0	2846
0	2326
11	240
14	666
0	562
0	562
0	18
168	2557
17	2526
149	2144
3	1845
15	2559
0	9
0	0
0	0
319	0
0	258
3	262
10	9
2	274
1	270
0	3
2	11
0	253
1	257
1	58
1	1
2	0
0	24
0	25
0	5
0	1
59	888
5	563
7	885
0	0
1	371
1	395
0	404
1	393
0	56
0	0
2	4
0	0
0	0
0	0
0	0
0	0
0	0
0	56
5	56
0	42
10	35
0	0
0	0
0	0
0	0
0	0
0	0
0	0
16	8
0	0
0	0
0	0
0	0
0	0
0	0
0	0
0	0
0	0
0	0
0	0
0	0
0	0
0	0
0	0
0	0
0	0
0	0
0	0
0	19
1	27
0	21
1	5
1	10
0	5
0	0
0	0
0	0
1	0
0	0
0	0
0	0
161	103
36	88
31	1363
0	1353
11	1342
82	94
93	98
0	0
0	0
0	1251
6	210
0	56
0	223
0	213
0	3
0	10
2	36
0	35
1	24
2	35
0	29
1	26
0	206
0	60
1	206
1	0
0	0
32	18
4	18
115	3
0	0
0	0
0	0
81	50
4	512
84	514
0	23
4	10
0	0
8	9
0	0
0	0
106	416
1	373
5	322
0	2
0	0
1	0
353	1871
0	1871
7	487
29	528
33	445
0	491
0	0
0	0
0	0
0	0
0	0
0	0
0	0
0	0
0	0
0	0
0	0
0	0
0	0
0	0
0	0
0	0
0	0
0	0
0	0
0	0
0	0
0	0
0	18
0	0
0	0
0	0
12	81
0	81
0	55
0	0
0	0
122	0
0	5306
0	5306
0	5310
139	5362
0	4804
0	5300
0	4999
0	1879
0	1736
0	1355
0	176
0	177
0	631
2	252
0	15
0	16
0	22
2	0
0	15
39	30
1	15
0	0
0	7
0	0
0	0
50	184
10	180
4	10
1	10
32	0
0	0
0	0
0	0
0	0
11	26
2	14
0	10
12	4
0	28
0	12
0	23
0	3
0	2
3	156
1	141
2	146
0	0
8	117
0	132
0	90
0	92
0	27
0	4
0	3
11	3
0	0
2260	6
0	0
1	2
0	0
0	0
0	0
0	0
0	0
0	0
0	0
0	0
0	0
0	0
0	0
0	0
0	0
0	0
0	0
0	0
0	0
0	0
0	0
0	0
0	0
0	0
0	0
0	0
0	0
0	2
0	0
0	2
0	2
0	0
0	0
0	0
0	0
0	0
0	0
0	0
0	6
0	32
0	33
0	1
0	2
0	4
0	30
0	30
0	0
0	0
2	0
0	0
0	0
0	127
0	1
0	127
934	3923
305	3923
0	897
0	0
0	0
1586	157
0	18
2	157
6	0
0	0
1290	170
0	5
0	170
6	499
2	366
17	497
0	68
0	41
2	106
0	106
0	47
0	20
0	19
0	160
0	0
8	433
0	454
0	346
7	116
0	87
25	58
4	4
0	4
0	1
0	0
0	0
0	0
0	0
0	0
0	0
5	0
0	0
0	0
1	0
0	35
343	88
5	3060
323	3294
124	3165
35	1626
0	1411
2	0
0	0
0	0
0	0
5	247
1	1828
1	731
64	1785
0	0
31	45
0	0
1	1
0	0
0	0
0	0
320	456
0	456
157	391
11	391
6	479
0	324
0	420
2	110
0	155
1	5
6	37
453	234
2	234
1	20
2	0
0	0
0	0
41	1491
3	1490
1	0
1	687
4	78
0	0
2	0
0	0
0	0
0	0
0	0
0	0
5	0
0	0
0	0
0	0
2	1
0	0
0	504
3	504
13	515
0	22
0	474
0	230
3	0
0	1955
15	1915
9	1911
14	1971
0	14
0	0
1	0
0	0
0	0
0	4
0	1
4	286
13	438
3	4563
0	217
24	5041
0	5079
1	893
10	0
0	0
0	122
0	0
0	4378
971	2
0	0
7	0
0	0
4	450
2	503
286	553
0	542
19	79
0	0
1	297
0	32
0	305
2	2
1	20
0	16
0	305
0	298
0	306
0	305
137	2
4	2
0	0
8	11
0	11
0	8
0	2
1	5
1	2
0	0
33	0
0	0
0	0
0	1
0	0
0	0
75	47
0	154
0	147
0	15
0	20
1	24
0	120
1	10
0	189
0	0
0	8
16	3
0	104
5	12
1	89
0	6
2	1
0	1
0	0
0	0
0	0
0	0
0	1
0	0
0	0
0	0
0	1
0	0
0	0
0	0
4	0
0	0
0	2494
0	2657
8	2462
11	606
1	63
27	490
2	6
0	0
0	0
0	0
0	0
0	13
0	0
0	0
0	0
1	615
0	0
0	0
0	0
1	0
0	0
0	0
0	0
0	0
0	0
0	0
0	0
0	0
0	0
0	0
0	0
0	0
0	0
0	0
0	0
0	0
0	0
0	0
0	17
0	17
0	0
0	0
0	300
0	365
16	247
0	364
8	116
3	0
1	18
0	0
0	0
0	0
0	0
0	0
0	0
0	0
0	0
0	0
0	0
0	0
0	1
0	0
0	0
0	0
0	0
0	0
0	0
0	0
0	0
0	0
0	0
0	0
0	0
0	0
0	0
0	0
0	0
0	0
0	0
0	0
0	0
0	1
0	1
0	0
0	1
0	0
0	0
0	0
0	1
0	0
0	0
0	0
0	0
0	1
0	0
0	0
0	0
0	0
0	0
0	0
0	0
0	0
0	0
0	0
0	0
0	0
0	47
0	0
1	2
0	2
0	0
1	16
0	50
0	34
0	207
19	241
0	207
19	161
0	128
0	125
112	34
0	0
6	2
0	2
5	0
73	111
0	103
3	13
0	0
1	13
0	2
0	0
127	181
2	151
0	165
0	181
0	7
2	51
0	52
10	58
3	10
1	5
0	30
0	26
1	25
4	2
0	3
0	177
0	176
0	65
0	75
0	62
0	11
0	12
0	15
2	3
0	2
0	46
0	0
0	0
6	1009
8	984
22	1003
3	940
0	893
0	0
6	231
0	393
0	235
0	256
6	186
43	10
0	0
2	1
1	9
1	0
36	2646
0	2622
4	219
8	20
0	321
2	76
2	60
0	0
0	192
18	192
3	3
0	20
0	334
13	315
5	192
0	117
0	0
0	0
1	0
1	105
0	105
0	100
0	145
0	7
0	179
0	0
18	0
0	0
0	0
26	71
39	0
15	671
7	671
0	0
15	11
0	0
2	464
0	724
0	1307
18	756
0	714
0	544
0	1294
1	105
0	0
15	26
0	30
2	474
5	0
0	0
0	0
0	0
0	0
23	28
19	30
0	21
35	3676
8	132
39	1294
182	17300
19	2818
91	4194
2	170
4	253
152	977
0	4102
1	16945
0	541
0	0
0	4637
20	337
1	115
14	312
20	120
16	240
0	0
0	0
1	108
3	367
28	92
2	3
0	0
4	1007
0	781
0	898
6	357
64	0
0	0
4	1570
1898	1996
5	114
0	65
6	76
5	157
7	96
0	0
0	724
0	732
0	736
1	24
2	23
4	44
0	609
50	6419
285	6561
31	1535
19	6113
4	513
2	441
137	18
0	19
0	7
0	0
0	0
4	0
0	0
6	0
0	478
12	369
8	477
5	108
3	30
15	5
8	5
0	1
0	3
0	1
4	3
0	1
1	17
0	9
0	15
0	7
0	0
0	0
0	0
0	0
9	1729
2	866
7	1700
2	944
0	129
3	71
0	0
0	0
0	0
0	0
0	0
13	2162
0	2018
36	3649
2	0
129	0
8	0
0	0
0	0
0	0
0	0
55	18
2	18
0	0
0	1
4	59
0	58
0	0
791	0
0	0
0	0
0	0
0	0
0	0
9	273
1	273
0	0
5	239
5	134
26	149
10	147
0	62
0	1
0	0
0	2
2	3
22	3
0	0
0	0
0	0
0	0
0	0
0	0
0	0
0	0
0	0
0	0
0	0
0	0
0	0
0	0
0	0
0	0
0	0
0	0
0	0
0	0
0	0
0	0
0	2
0	0
0	0
0	0
0	0
1	19
0	0
0	0
0	0
0	0
0	0
0	0
0	0
0	0
0	0
0	0
0	0
0	1
0	1
0	0
3	0
91	3707
29	3300
6	1112
583	1431
221	2538
9	2535
45	432
0	0
5	17
125	928
0	923
2	285
0	0
258	478
0	332
11	146
0	0
1	0
0	0
21	46
0	38
0	10
0	0
0	0
0	0
1	0
0	0
0	0
0	0
0	0
15	222
0	0
0	1
0	1
0	0
0	0
0	0
0	0
0	2
0	0
234	462
0	448
2	28
36	248
0	46
4	144
0	4
506	157
0	238
0	238
0	174
1	7
58	53
6	31
2	21
0	0
0	0
0	0
0	0
0	0
0	0
0	0
0	0
0	415
0	415
30	389
2	87
22	130
6	79
4	61
0	0
0	0
0	0
11	20
0	20
0	0
0	0
0	0
0	1
0	0
0	0
0	0
0	0
1	0
0	0
0	0
1	2634
2	24
3432	2621
1	143
0	176
0	58
4	259
0	124
9	376
1	300
2897	304
0	0
10	70
1	30
0	0
0	25
0	74
0	0
0	4
151	432
0	432
2	16
42	26
10	12
0	0
11	0
46	1637
29	498
0	922
2	126
1	1038
0	1436
44	1401
0	1248
2	1398
0	261
0	282
3	994
7	841
0	144
284	0
0	0
0	0
5824	1262
12	445
4	816
2	1
0	0
0	0
0	0
0	0
0	40
0	40
0	40
0	40
0	40
0	40
0	0
0	0
0	21
0	0
3	654
6	54
32	138
0	690
6	659
8	333
0	72
0	33
0	0
10	464
0	2
2	1
1	1
2	0
0	0
0	0
1	0
0	0
0	99
0	95
7	100
0	0
0	7
243	99
6	0
11	0
0	7
0	27
0	29
0	49
0	71
2	70
1	57
0	3
2	13
0	0
0	0
0	0
0	0
0	0
0	0
0	0
0	0
0	0
12	254
23	254
1	0
0	0
84	111
0	111
0	0
0	0
0	0
0	0
0	0
0	20
8	1812
13	1843
5	1880
0	74
5	2
7	880
3	0
0	0
0	0
0	0
0	0
0	0
0	0
0	0
165	4244
3	3819
3	2727
1	941
24	119
47	712
4	677
0	650
8	343
0	283
0	1
0	0
0	0
0	0
1644	348
9	348
0	0
0	0
1	768
0	79
0	51
17	1217
26	1227
11	1038
0	6
0	1221
1	322
0	31
13	4
0	4
17	0
0	348
0	0
0	0
0	0
0	0
0	0
0	0
0	0
39	0
0	0
0	0
15	314
11	314
344	132
0	244
86	164
8	29
8	11
15	1
399	137
4	60
2	68
6	28
112	2
8	2
1	125
0	125
17	18
0	0
0	0
0	0
0	0
0	60
0	60
0	29
14	34
0	34
0	0
0	75
64	84
1	8
9	66
9	55
0	0
45	18
3	18
0	135
5	707
0	839
32	818
0	183
1	140
0	825
0	191
118	181
10	107
6	10
0	105
0	0
0	0
0	0
36	556
83	552
87	382
30	140
1	163
6	105
5	55
2	1
2	7
29	81
0	81
0	0
0	0
0	0
0	0
0	0
0	0
2	89
1	99
0	82
0	99
0	28
6	36
0	0
0	755
0	486
0	493
0	84
0	82
0	748
0	744
0	479
0	475
0	486
0	482
3	8
510	0
3	244
24	44
2	190
0	227
473	370
1	358
0	39
0	0
0	1
179	82
0	67
0	15
16	0
3	0
1	0
0	879
0	0
0	0
0	0
0	0
0	0
0	1
0	1
0	0
1	0
2	0
3255	13218
12	13210
58	5209
7	182
0	178
0	9
0	14
1	4
0	165
2	167
3	154
0	1
0	3
0	0
1427	124
0	0
0	0
5	124
0	0
1	119
0	120
0	119
7	93
0	88
0	88
3	59
0	0
0	0
0	0
0	0
0	0
0	0
0	0
8	1601
67	1555
5	596
47	874
0	0
54	363
26	56
3	83
8	112
0	370
0	382
2	0
1	363
0	0
0	0
0	0
0	0
0	0
10	97
0	0
19	721
39	722
0	0
0	0
18	0
0	0
0	308
10	535
0	0
0	0
0	0
0	0
0	533
14	612
3	516
0	533
0	403
16	29
0	15
7	15
2	7
0	26
0	26
9	26
0	22
0	0
3	276
0	0
18	25
1	157
0	157
0	345
0	145
0	0
0	0
0	0
0	0
0	0
0	0
0	0
0	0
0	0
0	0
0	0
0	0
0	0
0	0
0	0
0	0
0	0
0	0
0	0
0	0
0	0
0	0
0	0
0	0
0	0
0	0
0	0
0	0
0	0
0	0
0	0
0	0
0	0
0	0
0	0
0	0
0	0
0	0
0	0
0	0
0	0
0	0
0	0
0	0
0	0
0	0
0	0
0	0
0	0
0	0
0	0
0	0
0	0
0	0
0	0
0	0
0	0
0	0
0	0
0	0
0	0
0	0
0	0
0	0
0	0
0	0
0	0
0	0
0	0
0	0
0	0
0	0
0	0
0	0
0	0
0	0
0	0
0	0
0	0
0	0
0	0
0	0
0	0
0	0
0	0
0	0
0	0
0	0
0	0
0	0
0	0
0	0
0	0
0	0
0	0
0	0
0	0
0	0
0	0
0	0
0	0
0	0
0	0
0	0
0	0
0	0
0	0
0	0
0	0
0	0
0	0
0	0
0	0
0	0
0	0
0	0
0	0
0	0
0	0
0	0
0	0
0	0
0	0
0	0
0	0
0	0
0	0
0	0
0	0
0	0
0	0
0	0
0	0
0	0
0	0
0	0
0	0
0	0
0	0
0	0
0	0
0	0
0	0
0	0
0	0
0	0
0	0
0	0
0	0
0	0
0	0
0	0
0	0
0	0
0	0
0	0
0	0
0	0
0	0
0	0
0	0
0	0
0	0
0	0
0	0
0	0
0	0
0	0
0	0
0	0
0	0
0	0
0	0
0	0
0	0
0	0
0	0
0	0
0	0
0	0
0	0
0	0
0	0
0	0
0	0
0	0
0	0
0	0
0	0
0	0
0	0
0	0
0	0
0	0
0	0
0	0
0	0
0	3
0	0
0	0
0	0
0	0
0	0
0	0
0	0
0	0
0	0
0	0
0	0
0	0
0	9
0	0
0	0
0	0
0	0
0	0
0	0
0	0
0	0
0	0
0	0
0	0
0	0
0	0
0	0
0	0
0	0
0	0
0	0
0	0
0	0
0	0
0	0
0	0
0	0
0	0
0	0
0	0
0	0
0	0
0	0
0	0
0	0
0	0
0	0
0	0
0	0
0	0
0	0
0	0
0	0
0	0
0	0
0	0
0	0
0	0
0	0
0	0
0	0
0	0
0	0
0	0
0	0
0	0
0	0
0	0
0	0
0	0
0	0
0	0
0	0
0	0
0	0
0	0
0	0
0	0
0	0
0	0
0	0
0	0
0	0
0	0
0	0
0	0
0	0
0	0
0	0
0	0
0	0
0	0
0	0
0	0
0	0
0	0
0	0
0	0
0	0
0	0
0	348
0	0
0	0
0	0
0	0
0	0
0	0
0	0
0	0
0	0
0	0
0	0
0	0
0	0
0	0
0	0
0	0
0	0
0	0
0	0
0	0
0	0
0	0
0	0
0	0
0	0
0	0
0	0
0	0
0	0
0	0
0	0
0	0
0	0
0	0
0	0
0	0
0	0
0	0
0	0
0	0
0	0
0	0
0	0
0	0
0	0
0	0
0	0
0	0
0	0
0	0
0	0
0	0
0	0
0	0
0	0
0	0
0	0
0	0
0	0
0	0
0	0
0	0
0	0
0	0
0	0
0	0
0	0
0	0
0	0
0	0
0	0
0	0
0	0
0	0
0	0
0	0
0	0
0	0
0	0
0	0
0	0
0	0
0	0
0	0
0	0
0	0
0	0
0	0
0	0
0	0
0	0
0	0
0	0
0	0
0	0
0	0
0	0
0	0
0	0
0	0
0	0
0	0
0	0
0	0
0	0
0	0
0	0
0	0
0	0
0	0
0	0
0	0
0	0
0	0
7	0
0	0
0	0
0	0
0	0
0	0
0	0
0	0
0	0
0	0
0	0
0	0
0	0
0	0
0	0
0	0
0	0
0	0
0	0
0	0
0	0
0	0
0	0
0	0
0	0
0	0
0	0
0	0
0	0
0	0
0	0
0	0
0	0
0	0
0	0
0	0
0	0
0	0
0	0
0	0
0	0
0	0
0	0
0	0
0	0
0	0
0	0
0	0
0	0
0	0
0	0
0	0
0	0
0	0
0	0
0	0
0	0
0	0
0	0
0	0
0	0
0	0
0	0
0	0
0	0
0	0
0	0
0	0
0	0
0	0
0	0
0	0
0	0
0	0
0	0
0	0
0	0
0	0
0	0
0	0
0	0
0	0
0	0
0	0
0	0
0	0
0	0
0	0
0	0
0	0
0	0
0	0
0	0
0	0
0	0
0	0
0	0
0	0
0	0
0	0
0	0
0	0
0	0
0	0
0	0
0	0
0	0
0	0
0	0
0	0
0	0
0	0
0	0
0	0
0	0
0	0
0	0
0	0
0	0
0	0
0	0
0	0
0	0
0	0
0	0
0	0
0	0
0	0
0	0
0	0
0	0
0	0
0	0
0	0
0	0
0	0
0	0
0	0
0	0
0	0
0	0
0	0
0	0
0	0
0	0
0	0
0	0
0	0
0	0
0	0
0	0
0	0
0	0
0	0
0	0
0	0
0	0
0	0
0	0
0	0
0	0
0	0
0	0
0	0
0	0
0	0
0	0
0	0
0	0
0	0
0	0
0	0
0	0
0	0
0	0
0	0
0	0
0	0
0	0
0	0
0	0
0	0
0	0
0	0
0	0
0	0
0	0
0	0
0	0
0	0
0	0
0	0
0	0
0	0
0	0
0	0
0	0
0	0
0	0
0	0
0	0
0	0
0	0
0	0
0	0
0	0
0	0
0	0
0	0
0	0
0	0
0	0
0	0
0	0
0	0
0	0
0	0
0	0
0	0
0	0
0	0
0	0
0	0
0	0
0	0
0	0
0	0
0	0
0	0
0	0
0	0
0	0
0	0
0	0
0	0
0	0
0	0
0	0
0	0
0	0
0	0
0	0
0	0
0	0
0	0
0	0
0	0
0	0
0	0
0	0
0	0
0	0
0	0
0	0
0	0
0	0
0	0
0	0
0	0
0	0
0	0
0	0
0	0
0	0
0	0
0	0
0	0
0	0
0	0
0	0
0	0
0	0
0	0
0	0
0	0
0	0
0	0
0	0
0	0
0	0
0	0
0	0
0	0
0	0
0	0
0	0
0	0
0	0
0	0
0	0
0	0
0	0
0	0
0	0
0	0
0	0
0	0
0	0
0	0
0	0
0	0
0	0
0	0
0	0
0	0
0	0
0	0
0	0
0	0
0	0
0	0
0	0
0	0
0	0
0	0
0	0
0	0
0	0
0	0
0	0
0	0
0	0
0	0
0	0
0	0
0	0
0	0
0	0
0	0
0	0
0	0
0	0
0	0
0	0
0	0
0	0
0	0
0	0
0	0
0	0
0	0
0	0
0	0
0	0
0	0
0	0
0	0
0	0
0	0
0	0
0	0
0	0
0	0
0	0
0	0
0	0
0	0
0	0
0	0
0	0
0	0
0	0
0	0
0	0
0	0
0	0
0	0
0	0
0	0
0	0
0	0
0	0
0	0
0	0
0	0
0	0
0	0
0	0
0	0
0	0
0	0
0	0
0	0
0	0
0	0
0	0
0	0
0	0
0	0
0	0
0	0
0	0
0	0
0	0
0	0
0	0
0	0
0	0
0	0
0	0
0	0
0	0
0	0
0	0
0	0
0	0
0	0
0	0
0	0
0	0
0	0
0	0
0	0
0	0
0	0
0	0
0	0
0	0
0	0
0	0
0	0
0	0
0	0
0	0
0	0
0	0
0	0
0	0
0	0
0	0
0	0
0	0
0	0
0	0
0	0
0	0
0	0
0	0
0	0
0	0
0	0
0	0
0	0
0	0
0	0
0	0
0	0
0	0
0	0
0	0
0	0
0	0
0	0
0	0
0	0
0	0
0	0
0	0
0	0
0	0
0	0
0	0
0	0
0	0
0	0
0	0
0	0
0	0
0	0
0	0
0	0
0	0
0	0
0	0
0	0
0	0
0	0
0	0
0	0
0	0
0	0
0	0
0	0
0	0
0	0
0	0
0	0
0	0
0	0
0	0
0	0
0	0
0	0
0	0
0	0
0	0
0	0
0	0
0	0
0	0
0	0
0	0
0	0
0	0
0	0
0	0
0	0
0	0
0	0
0	0
0	0
0	0
0	0
0	0
0	0
0	0
0	0
0	0
0	0
0	0
0	0
0	0
0	0
0	0
0	0
0	0
0	0
0	0
0	0
0	0
0	0
0	0
0	0
0	0
0	0
0	0
0	0
0	0
0	0
0	0
0	0
0	0
0	0
0	0
0	0
0	0
0	0
0	0
0	0
0	0
0	0
0	0
0	0
0	0
0	0
0	0
0	0
0	0
0	0
0	0
0	0
0	0
0	0
0	0
0	0
0	0
0	0
0	0
0	0
0	0
0	0
0	0
0	0
0	0
0	0
0	0
0	0
0	0
0	0
0	0
0	285
0	0
0	0
0	0
0	0
0	0
0	0
0	0
0	0
0	0
0	0
0	0
0	0
0	0
0	0
0	0
0	0
0	0
0	0
0	0
0	0
0	0
0	0
0	0
0	0
0	0
0	0
0	0
0	0
0	0
0	0
0	0
0	0
0	0
0	0
0	0
0	0
0	0
0	0
0	0
0	0
0	0
0	0
0	0
0	0
0	0
0	0
0	0
0	0
0	0
0	0
0	0
0	0
0	0
0	0
0	0
0	0
0	0
0	0
0	0
0	0
0	0
0	0
0	0
0	0
0	0
0	0
0	0
0	0
0	0
0	0
0	0
0	0
0	0
0	0
0	0
0	0
0	0
0	0
0	0
0	0
0	0
0	0
0	0
0	0
0	0
0	0
0	0
0	0
0	0
0	0
0	0
0	0
0	0
0	0
0	0
0	0
0	0
0	0
0	0
0	0
0	0
0	0
0	0
0	0
0	0
0	0
0	0
0	0
0	0
0	0
0	0
0	0
0	0
0	0
0	0
0	0
0	0
0	0
0	0
0	0
0	0
0	0
0	0
0	0
0	0
0	0
0	0
0	0
0	0
0	0
0	0
0	0
0	0
0	0
0	0
0	0
0	0
0	0
0	0
0	0
0	0
0	0
0	0
0	0
0	0
0	0
0	0
0	0
0	0
0	0
0	0
0	0
0	0
0	0
0	0
0	0
0	0
0	0
0	0
0	0
0	0
0	0
0	0
0	0
0	0
0	0
0	0
0	0
0	0
0	0
0	0
0	0
0	0
0	0
0	0
0	0
0	0
0	0
0	0
0	0
0	0
0	0
0	0
0	0
0	0
0	0
0	0
0	0
0	0
0	0
0	0
0	0
0	0
0	0
0	0
0	0
0	0
0	0
0	0
0	0
0	0
0	0
0	0
0	0
0	0
0	0
0	0
0	0
0	0
0	0
0	0
0	0
0	0
0	0
0	0
0	0
0	0
0	0
0	0
0	0
0	0
0	0
0	0
0	0
0	0
0	0
0	0
0	0
0	0
0	0
0	0
0	0
0	0
0	0
0	0
0	0
0	0
0	0
0	0
0	0
0	0
0	0
0	0
0	0
0	0
0	0
0	0
0	0
0	0
0	0
0	0
0	0
0	0
0	0
0	0
0	0
0	0
0	0
0	0
0	0
0	0
0	0
0	0
0	0
0	0
0	0
0	0
0	0
0	0
0	0
0	0
0	0
0	0
0	0
0	0
0	0
0	0
0	0
0	0
0	0
0	0
0	0
0	0
0	0
0	0
0	0
0	0
0	0
0	0
0	0
0	0
0	0
0	0
0	0
0	0
0	0
0	0
0	0
0	0
0	0
0	0
0	0
0	0
0	0
0	0
0	0
0	0
0	0
0	0
0	0
0	0
0	0
0	0
0	0
0	0
0	0
0	0
0	0
0	0
0	0
0	0
0	0
0	0
0	0
0	0
0	0
0	0
0	0
0	0
0	0
0	0
0	0
0	0
0	0
0	0
0	0
0	0
0	0
0	0
0	0
0	0
0	0
0	0
0	0
0	0
0	0
0	0
0	0
0	0
0	0
0	0
0	0
0	0
0	0
0	0
0	0
0	0
0	0
0	0
0	0
0	0
0	0
0	0
0	0
0	0
0	0
0	0
0	0
0	0
0	0
0	0
0	0
0	0
0	0
0	0
0	0
0	0
0	0
0	0
0	0
0	0
0	0
0	0
0	0
0	0
0	0
0	0
0	0
0	0
0	0
0	0
0	0
0	0
0	0
0	0
0	0
0	0
0	0
0	0
0	0
0	0
0	0
0	0
0	0
0	0
0	0
0	0
0	0
0	0
0	0
0	0
0	0
0	0
0	0
0	0
0	0
0	0
0	0
0	0
0	0
0	0
0	0
0	0
0	0
0	0
0	0
0	0
0	0
0	0
0	0
0	0
0	0
0	0
0	0
0	0
0	0
0	0
0	0
0	0
0	0
0	0
0	0
0	0
0	0
0	0
0	0
0	0
0	0
0	0
0	0
0	0
0	0
0	0
0	0
0	0
0	0
0	0
0	0
0	0
0	0
0	0
0	0
0	0
0	0
0	0
0	0
0	0
0	0
0	0
0	0
0	0
0	0
0	0
0	0
0	0
0	0
0	0
0	0
0	0
0	0
0	0
0	0
0	0
0	0
0	0
0	0
0	0
0	0
0	0
0	0
0	0
0	0
0	0
0	0
0	0
0	0
0	0
0	0
0	0
0	0
0	0
0	0
0	0
0	0
0	0
0	0
0	0
0	0
0	0
0	0
0	0
0	0
0	0
0	0
0	0
0	0
0	0
0	0
0	0
0	0
0	0
0	0
0	0
0	0
0	0
0	0
0	0
0	0
0	0
0	0
0	0
0	0
0	0
0	0
0	0
0	0
0	0
0	0
0	0
0	0
0	0
0	0
0	0
0	0
0	0
0	0
0	0
0	0
0	0
0	0
0	0
0	0
0	0
0	0
0	0
0	0
0	0
0	0
0	0
0	0
0	0
0	0
0	0
0	0
0	0
0	0
0	0
0	0
0	0
0	0
0	0
0	0
0	0
0	0
0	0
0	0
0	0
0	0
0	0
0	0
0	0
0	0
0	0
0	0
0	0
0	0
0	0
0	0
0	0
0	0
0	0
0	0
0	0
0	0
0	0
0	0
0	0
0	0
0	0
0	0
0	0
0	0
0	0
0	0
0	0
0	0
0	0
0	0
0	0
0	0
0	0
0	0
0	0
0	0
0	0
0	0
0	0
0	0
0	0
0	0
0	0
0	0
0	0
0	0
0	0
0	0
0	0
0	0
0	0
0	0
0	0
0	0
0	0
0	0
0	0
0	0
0	0
0	0
0	0
0	0
0	0
0	0
0	0
0	0
0	0
0	0
0	0
0	0
0	0
0	0
0	0
0	0
0	0
0	0
0	0
0	0
0	0
0	0
0	0
0	0
0	0
0	0
0	0
0	0
0	0
0	0
0	0
0	0
0	0
0	0
0	0
0	0
0	0
0	0
0	0
0	0
0	0
0	0
0	0
0	0
0	0
0	0
0	0
0	0
0	0
0	0
0	0
0	0
0	0
0	0
0	0
0	0
0	0
0	0
0	0
0	0
0	0
0	0
0	0
0	0
0	0
0	0
0	0
0	0
0	0
0	0
0	0
0	0
0	0
0	0
0	0
0	0
0	0
0	0
0	0
0	0
0	0
0	0
0	0
0	0
0	0
0	0
0	0
0	0
0	0
0	0
0	0
0	0
0	0
0	0
0	0
0	0
0	0
0	0
0	0
0	0
0	0
0	0
0	0
0	0
0	0
0	0
0	0
0	0
0	0
0	0
0	0
0	0
0	0
0	0
0	0
0	0
0	0
0	0
0	0
0	0
0	0
0	0
0	0
0	0
0	0
0	0
0	0
0	0
0	0
0	0
0	0
0	0
0	0
0	0
0	0
0	0
0	0
0	0
0	0
0	0
0	0
0	0
0	0
0	0
0	0
0	0
0	0
0	0
0	0
0	0
0	0
0	0
0	0
0	0
0	0
0	0
0	0
0	0
0	0
0	0
0	0
0	0
0	0
0	0
0	0
0	0
0	0
0	0
0	0
0	0
0	0
0	0
0	0
0	0
0	0
0	0
0	0
0	0
0	0
0	0
0	0
0	0
0	0
0	0
0	0
0	0
0	0
0	0
0	0
0	0
0	0
0	0
0	0
0	0
0	0
0	0
0	0
0	0
0	0
0	0
0	0
0	0
0	0
0	0
0	0
0	0
0	0
0	0
0	0
0	0
0	0
0	0
0	0
0	0
0	0
0	0
0	0
0	0
0	0
0	0
0	0
0	0
0	0
0	0
0	0
0	0
0	0
0	0
0	0
0	0
0	0
0	0
0	0
0	0
0	0
0	0
0	0
0	0
0	0
0	0
0	0
0	0
0	0
0	0
0	0
0	0
0	0
0	0
0	0
0	0
0	0
0	0
0	0
0	0
0	0
0	0
0	0
0	0
0	0
0	0
0	0
0	0
0	0
0	0
0	0
0	0
0	0
0	0
0	0
0	0
0	0
0	0
0	0
0	0
0	0
0	0
0	0
0	0
0	0
0	0
0	0
0	0
0	0
0	0
0	0
0	0
0	0
0	0
0	0
0	0
0	0
0	0
0	0
0	0
0	0
0	0
0	0
0	0
0	0
0	0
0	0
0	0
0	0
0	0
0	0
0	0
0	0
0	0
0	0
0	0
0	0
0	0
0	0
0	0
0	0
0	0
0	0
0	0
0	0
0	0
0	0
0	0
0	0
0	0
0	0
0	0
0	0
0	0
0	0
0	0
0	0
0	0
0	0
0	0
0	0
0	0
0	0
0	0
0	0
0	0
0	0
0	0
0	0
0	0
0	0
0	0
0	0
0	0
0	0
0	0
0	0
0	0
0	0
0	0
0	0
0	0
0	0
0	0
0	0
0	0
0	0
0	0
0	0
0	0
0	0
0	0
0	0
0	0
0	0
0	0
0	0
0	0
0	0
0	0
0	0
0	0
0	0
0	0
0	0
0	0
0	0
0	0
0	0
0	0
0	0
0	0
0	0
0	0
0	0
0	0
0	0
0	0
0	0
0	0
0	0
0	0
0	0
0	0
0	0
0	0
0	0
0	0
0	0
0	0
0	0
0	0
0	0
0	0
0	0
0	0
0	0
0	0
0	0
0	0
0	0
0	0
0	0
0	0
0	0
0	0
0	0
0	0
0	0
0	0
0	0
0	0
0	0
0	0
0	0
0	0
0	0
0	0
0	0
0	0
0	0
0	0
0	0
0	0
0	0
0	0
0	0
0	0
0	0
0	0
0	0
0	0
0	0
0	0
0	0
0	0
0	0
0	0
0	0
0	0
0	0
0	0
0	0
0	0
0	0
0	0
0	0
0	0
0	0
0	0
0	0
0	0
0	0
0	0
0	0
0	0
0	0
0	0
0	0
0	0
0	0
0	0
0	0
0	0
0	0
0	0
0	0
0	0
0	0
0	0
0	0
0	0
0	0
0	0
0	0
0	0
0	0
0	0
0	0
0	0
0	0
0	0
0	0
0	0
0	0
0	0
0	0
0	0
0	0
0	0
0	0
0	0
0	0
0	0
0	0
0	0
0	0
0	0
0	0
0	0
0	0
0	0
0	0
0	0
0	0
0	0
0	0
0	0
0	0
0	0
0	0
0	0
0	0
0	0
0	0
0	0
0	0
0	0
0	0
0	0
0	0
0	0
0	0
0	0
0	0
0	0
0	0
0	0
0	0
0	0
0	0
0	0
0	0
0	0
0	0
0	0
0	0
0	0
0	0
0	0
0	0
0	0
0	0
0	0
0	0
0	0
0	0
0	0
0	0
0	0
0	0
0	0
0	0
0	0
0	0
0	0
0	0
0	0
0	0
0	0
0	0
0	0
0	0
0	0
0	0
0	0
0	0
0	0
0	0
0	0
0	0
0	0
0	0
0	0
0	0
0	0
0	0
0	0
0	0
0	0
0	0
0	0
0	0
0	0
0	0
0	0
0	0
0	0
0	0
0	0
0	0
0	0
0	0
0	0
0	0
0	0
0	0
0	0
0	0
0	0
0	0
0	0
0	0
0	0
0	0
0	0
0	0
0	0
0	0
0	0
0	0
0	0
0	0
0	0
8	7
19	127
0	1
0	189
4	373
0	214
16	125
1	317
0	201
733	592
0	70
0	1
0	0
0	1
0	0
0	0
0	0
0	0
0	0
0	1
0	0
0	0
0	0
0	0
0	6
0	0
0	0
1	0
0	6
0	4
0	10
0	1
0	6
0	1
0	0
0	0
11	1
1	0
0	0
0	0
0	0
0	0
0	0
0	0
0	0
0	0
0	0
0	0
0	0
0	0
0	0
0	0
0	0
0	0
0	0
0	1
0	6
0	6
0	1
0	0
0	0
0	32
0	22
1464	8320
3563	8618
0	0
0	0
0	0
0	0
0	0
298	0
