UniqueCount	AmbigCount
0	0
0	0
31	184
26	137
131	103
0	0
30	0
23	0
14	0
0	0
13	0
0	0
65	0
74	0
0	0
0	0
0	0
0	0
0	0
3	1
0	0
0	1
3	1
0	0
24	424
0	293
1	319
1	286
16	126
0	28
0	159
2	158
13	0
0	0
18	0
0	0
0	0
1	0
0	0
5	2
2	7
0	0
2	0
5	60
24	764
79	1260
9	253
1	851
18	0
94	219
3	607
0	249
1	1250
1262	1840
0	1267
3	1132
28	585
4	500
16	1258
5	920
122	282
333	3176
9	3176
4	83
0	0
0	2
0	2
0	1
0	1
0	1
0	0
0	0
0	0
0	0
0	0
0	0
0	1321
2	1824
31	391
52	1314
44	215
2	126
3	1572
18	687
0	0
1	0
0	0
2	1
0	9
0	9
0	2
0	4
1	2
0	0
0	0
0	0
2	0
0	0
1	138
0	259
160	16
0	15
0	1
77	3042
27	97
1	61
1	1283
0	2628
74	430
0	1188
15	34
8	322
6	39
2	96
3	338
43	35
0	359
28	0
4	8
0	0
1	26
0	44
0	44
0	45
0	1
0	3
0	34
0	31
0	4
0	44
0	4
0	3
0	4
0	4
0	0
0	0
4	51
0	0
0	0
0	0
0	0
631	2457
1	318
0	13
0	1683
0	0
0	696
236	0
23	193
25	2375
4	2289
5	352
0	0
0	0
0	0
25	0
1	3
2	3
47	0
0	0
142	2
0	0
1	0
0	0
0	0
0	3
0	4
0	4
0	4
0	0
0	0
0	0
0	0
0	2
0	0
0	0
0	0
0	2
0	3
0	35
0	9
0	0
0	0
0	0
1	0
0	0
0	3
0	0
0	0
0	0
0	0
0	0
0	0
0	0
0	0
688	3
9	11
0	11
0	2
0	2
0	8
11	4
0	4
0	635
1	1
1	5
1	0
0	5
0	0
93	128
6	128
0	19
4	16
0	43
2504	2
0	2
0	1
0	6
0	6
0	2
0	3
0	0
1	328
0	314
0	334
20	2
0	241
3	284
0	2
0	0
0	329
0	9
4	29
1	273
19	27
14	40
2	0
0	0
0	1
0	0
0	1
0	0
7	227
53	172
0	80
0	124
41	107
0	0
10	23
0	23
1	0
0	0
0	1
0	1
0	1
0	1
0	0
0	1
0	0
189	1766
1	901
5	1007
0	521
71	986
13	349
17	309
21	0
0	28
98	604
178	89
0	86
0	226
0	36
4	256
26	249
0	81
0	235
0	77
0	66
1	491
0	56
0	0
327	23
3	56
12	27
12	38
3	36
0	11
0	19
1	115
15	5
16	33
2	8
6	73
3485	7071
0	624
0	1016
102	396
7	48
0	0
5	4987
80	0
19	226
0	709
0	32
2	32
6	0
11	0
6	0
0	0
1	6
0	0
0	0
0	1
0	0
0	0
1611	1231
34	26
2	544
0	0
15	216
0	0
0	176
1	171
1	476
2	149
0	0
0	4
0	2
0	2
0	2
0	2
0	4
0	0
0	0
0	0
0	0
0	0
0	0
0	0
0	11
0	0
0	0
0	0
0	0
0	0
0	0
0	552
5	491
6	356
2	196
0	510
0	17
10	21
11	18
1	67
1	189
6	660
0	672
0	317
9	258
1	176
0	198
1	33
13	121
0	0
0	0
0	0
22	0
1	2722
0	2714
36	2017
30	0
5	87
0	144
15	1305
29	1210
46	0
66	375
27	286
1	166
32	0
0	0
7	0
32	0
0	0
156	0
53	0
0	0
0	1
5424	1114
1	826
0	391
1092	157
2	155
33	0
110	0
0	0
0	1
0	0
0	0
0	0
0	22
0	23
0	21
0	11
0	0
0	0
0	1
0	0
0	2
0	2
3	1
2	0
6	8
0	6
0	3
0	2
3	0
0	0
0	204
1	2904
72	175
0	175
0	0
1	19
11	110
163	110
10	0
16	0
0	0
0	0
0	2
0	0
10	476
1	264
1	410
47	157
36	0
804	0
0	0
1	0
0	8
4	10
0	10
1	6104
127	27341
39	18319
50	6648
3	19122
22	12096
1847	1544
29	1540
1	0
0	0
0	446
0	436
0	407
0	417
0	407
2	0
1	0
0	0
0	570
0	609
0	558
0	309
0	568
0	524
3	405
1	22
0	57
10	64
0	24
0	58
10	90
0	29
785	174
0	100
27	140
4	5
7	0
282	859
35	869
17	743
0	627
0	743
0	420
6	185
3	3
0	6
0	5
0	5
4	0
0	0
5	915
0	191
107	920
1	62
3	56
83	85
1	49
0	0
2	9
0	0
0	0
0	8
46	8
0	0
23	13
0	2
0	7
0	7
0	0
0	0
2	0
1	16
0	2
0	0
39	0
1	0
0	0
1	0
0	0
0	4
0	1
3	5
0	0
0	0
0	0
0	0
0	0
0	1
0	0
0	1
0	0
0	0
0	0
0	0
0	0
0	0
0	0
0	0
0	0
0	0
0	0
0	0
0	0
0	0
0	0
0	0
0	0
0	315
0	0
0	0
0	0
0	0
0	0
0	0
0	0
0	1
0	0
0	0
595	96
0	0
0	0
0	20
4	4
0	0
12	74
2	60
0	0
0	0
0	0
0	0
2	0
1	0
0	0
0	0
0	0
157	1820
0	1829
0	303
0	280
1	51
0	0
0	0
0	0
2	0
114	1831
0	0
0	1831
0	419
0	419
3	0
0	3
34	3
511	40
0	40
0	0
1	0
24	101
9	101
3	0
233	797
24	753
9	394
0	0
16	0
0	0
17	22
2	18
0	11
1	0
885	418
0	0
0	0
0	418
0	2
0	0
0	2
0	0
2	53
2	53
0	18
0	20
0	23
0	0
0	9
10	70
1	0
2	0
0	0
0	0
0	464
0	464
1	464
13	357
0	100
0	0
0	0
0	0
0	0
0	0
0	0
0	0
0	0
0	0
0	0
7	0
0	0
0	0
0	0
83	67
5	67
0	23
0	0
0	0
0	0
0	0
10	0
0	0
25	1140
666	1566
0	312
0	1430
0	707
1	624
7	770
211	75
3	75
0	0
0	0
0	669
0	3275
0	3427
0	3427
9	1544
249	3448
0	235
1	2177
191	768
2	0
0	0
0	13
0	13
0	0
0	0
2	1
0	1
0	1
0	0
3	108
3	8930
1	1298
7	11823
119	157321
29	47984
80	93982
80	121652
2	1656
1	224
0	85
130	1628
11	100
0	212
0	0
0	0
0	0
0	0
0	0
0	14
0	21
0	25
2	25
0	25
1	11
0	12
0	0
0	0
0	0
1	1
0	0
0	0
0	0
2	0
3	0
1	0
2	0
0	0
0	0
2	7
1	0
0	0
2	0
1	0
7	0
5	0
1	0
3	0
3	0
3	0
5	0
2	0
0	0
0	0
0	0
0	0
0	0
0	0
0	0
0	0
0	0
0	0
0	0
0	0
9	16
0	0
0	1
0	0
0	0
0	0
0	0
0	0
0	0
4	711
0	0
0	0
0	0
0	0
0	0
0	51
0	0
0	4052
0	4052
2	1326
7	43
8	34
10	682
10	594
10	628
40	33
1	2
32	530
7	245
66	0
3	29
76	0
16	7
19	7275
0	7470
0	7469
25	6597
56	4507
26	178
0	3
0	0
1	0
0	2
0	2
0	2
0	0
0	0
0	0
1	0
0	0
0	0
0	0
0	0
0	0
0	0
0	0
0	0
0	0
0	0
0	0
0	0
1	133
0	0
0	0
4	1
2	1
0	1
0	1
0	0
0	0
1	0
0	18
1	0
0	3
0	0
0	2
0	0
0	0
0	0
0	0
0	0
36	0
0	97
0	0
0	0
0	0
0	0
0	0
0	0
0	0
0	0
446	137
16	137
0	1
32	0
23	0
0	0
0	6
0	6
0	0
0	12
23	36
0	476
1	450
12	28
7	47
0	463
0	304
2	27
1	274
411	82
6	78
3	32
0	0
12	3
0	568
0	635
0	86
0	61
0	89
0	76
0	63
1369	100
2	11
2	33
0	14
0	10
0	15
0	0
0	3
0	1
0	0
17	10906
2	0
0	0
0	0
0	1955
0	149
0	142
1	1061
2	9609
0	11085
0	11048
11	0
0	63
5	40
0	0
354	133
103	1651
87	2901
0	9545
34	211
0	0
0	0
25	197
779	2953
0	3945
2	0
7	162
0	361
1	320
0	0
0	0
0	0
1	0
31	0
274	0
0	0
98	386
8	385
1	0
898	560
33	1
0	207
6	323
0	366
0	47
0	404
0	15
39	7
276	464
4	337
3	207
53	12
2	1
1	1
0	0
0	76
0	0
0	0
0	0
0	0
0	0
0	0
0	0
0	0
0	0
0	0
0	0
0	0
0	0
4	0
0	0
0	0
0	0
0	0
27	37
0	18
0	3
0	0
0	0
3	35
0	7
1	3
0	4
0	0
55	0
0	5027
18	5129
20	621
4	419
0	436
0	169
0	94
0	0
4	91
293	1473
7082	1615
51	220
0	142
0	0
3	0
0	0
0	0
0	0
0	0
0	0
0	0
0	0
0	0
0	0
0	0
0	0
0	0
0	0
1759	1220
93	1220
2	0
16	0
981	7955
37	3417
55	7790
0	0
4	209
0	476
6	1979
10	8
27	2841
1	573
9	348
9	54
1866	363
121	363
0	151
0	35
0	22
0	123
38	292
0	469
1	459
1	487
0	662
8	610
130	0
0	589
0	15
1	30
0	18
0	0
0	1827
0	1893
0	957
11	958
0	0
7	156
3	94
0	46
115	58
0	0
0	0
0	0
0	0
2	36
41	227
34	214
0	218
0	215
3	20
1	7
14	1
7052	2463
26	2406
114	0
0	41
0	729
2	698
7	46
12	1
1	170
0	0
0	81
0	68
0	58
0	22
11	11
0	5
18	140
0	136
0	28
0	20
0	30
11	15
4	915
16	919
0	918
4	915
6	140
2	69
0	13
1	11
54	0
3	0
0	3
4	3
0	3
0	2
0	1
0	0
0	0
0	0
0	4
0	0
2	3395
878	4415
1	1301
97	694
4	71
2	2916
3485	1095
6	92
33	380
1	716
0	559
6	148
4	188
0	0
0	0
0	0
0	0
0	0
48	176
0	0
1	0
0	8
1	17
3	151
0	6203
34	6203
65	1675
2	258
13	419
0	370
8	434
0	327
1	0
100	0
164	0
0	7
0	0
0	31
4	30
0	31
0	46
4	46
0	31
0	43
0	3
0	5
0	0
0	3
0	1
0	0
0	0
0	9
0	9
11	9
0	0
0	5
171	510
42	5
14	436
0	466
0	491
7	0
0	0
0	0
0	414
0	142
0	426
0	285
0	288
0	274
0	51
2868	6
25	2
44	802
27	894
1	572
3	496
9	842
3	85
8	528
0	15933
123	16221
120	5567
0	4053
12	320
0	626
67	110
24	110
200	107
269	203
43	790
566	866
0	0
5	10
3	0
12	0
1	79
0	77
0	74
0	76
5	73
48	171
0	171
0	116
16	16
1	0
0	13
45	25
7	21
0	25
6	266
36	401
17	12
3	193
32	101
58	1085
69	980
4	28
48	0
0	621
0	979
8	159
0	0
0	0
0	0
0	0
0	0
0	0
370	1719
80	1397
1	1666
130	1449
0	394
14	1154
0	725
15	7
376	1933
48	1931
1	83
0	249
0	296
153	486
22	467
6	20
1	15
1	30
6	33
0	15
9	0
4	5
1	31
0	15
0	2
0	0
0	103
0	100
0	102
0	5
0	0
0	0
0	0
0	37
0	0
0	0
0	0
1	23
0	0
0	0
2	34
0	34
0	0
0	35
1	34
0	5
0	32
1	6
0	6
0	0
0	4
0	4
0	0
0	0
0	0
79	901
0	16
0	295
66	2
2	689
0	0
3	0
0	0
13	17
510	21
0	0
12	0
0	4
425	10022
20	6172
34	7529
16	7598
1	3337
1	5885
60	593
3	35
0	523
4	482
2	19
9	0
0	4
0	4
2	1009
0	1009
0	695
0	148
40	286
18	0
1530	866
5	538
8	40
1	140
0	0
0	4
41	0
0	0
1	0
0	0
0	0
0	0
0	0
0	0
19	2761
2	2845
46	49
0	782
9	2330
0	2184
0	2127
0	2489
2	2251
0	157
0	26
10	3
0	152
2	91
0	345
43	3
15	106
4	126
0	0
0	21
3	0
4	34
0	14
2	0
18	0
4	977
48	0
11	998
2	21
13	24
8	70
102	68
0	26
2	0
4	1331
0	288
4	1708
1040	1466
0	1572
1	16
0	17
0	14
0	21
0	22
19	22
80	18
0	11
4	8
2	7
0	0
0	0
135	200
1	75
0	0
0	19
2	106
3927	1468
18	1463
0	0
17	5
11	0
0	736
0	726
15	34
28	0
0	0
0	0
0	0
0	0
0	0
0	0
0	0
0	0
0	0
0	0
0	0
0	0
0	0
0	0
0	0
0	3
0	1
0	1
0	1
0	2
0	4
0	3
0	1
0	0
0	0
0	0
0	0
0	29
0	0
0	0
1	29
0	0
0	0
0	0
16	827
18	448
37	538
95	230
0	350
0	0
1	421
10	229
10	3
0	0
0	0
0	3
0	0
0	0
2	1109
0	1105
58	93
0	0
1	182
0	27
7	185
22	182
0	80
20	0
805	0
439	1145
1	1145
0	93
0	1393
1	0
0	0
0	0
0	146
0	68
1981	619
2	50
49	0
1	400
5	151
68	0
0	0
1	0
0	0
1	0
13	0
119	815
0	672
9	355
3	296
0	45
2	45
1	47
0	0
2	54
5	1
0	0
0	0
0	0
1	97
18	3654
96	682
0	923
24	3712
1	2710
1	2541
0	494
8	751
11	175
1	0
0	0
0	0
0	0
67	26
0	26
0	296
0	271
0	252
6	282
2	229
4	267
1	253
0	71
0	56
0	40
1	49
0	45
0	65
0	44
0	81
15	595
0	550
0	476
1	331
0	114
1	84
2	10
2	800
4	10
3	809
1	13
40	11
22	731
4	731
0	60
0	38
4	150
0	162
0	0
0	0
0	0
0	0
0	0
3	0
3	158
0	89
0	128
0	36
2	0
36	0
1	0
0	114
0	0
7	0
0	0
0	0
0	0
0	0
137	3663
27527	15491
68	617
0	160
19	487
1	3262
1	2974
0	5178
4109	1387
18	239
16	1148
0	176
110	0
0	0
0	0
0	0
0	0
0	0
1	0
0	0
3	1471
11	1392
10	180
0	180
0	863
3	35
24	701
3	247
1	138
0	0
12	631
0	0
0	0
2155	579
67	579
0	61
4	106
0	162
2	137
4	196
31	152
0	0
1	2
0	0
1	2
0	2
0	2
0	0
0	0
0	1
0	107
0	108
3	2
4	11
0	0
0	3
0	0
1	45
1	14
0	1
0	3
0	0
0	1
791	756
1	679
0	122
2	83
47	0
7	0
0	0
0	0
0	0
0	6
0	0
0	0
0	0
0	0
6	159
0	0
0	0
0	0
0	0
0	39
0	0
0	0
0	0
0	0
0	0
0	0
0	0
0	0
0	0
0	0
0	0
0	0
0	0
0	0
0	0
0	0
0	0
0	0
0	0
0	0
0	0
0	0
0	0
0	2
9	2
0	0
0	0
0	0
0	0
0	0
997	0
0	0
0	0
1	296
0	283
0	360
7	339
0	327
1	155
0	100
2	98
4	14
21	71
0	0
0	0
0	0
0	2
0	2
39	2791
0	2772
0	2698
2	2736
16	112
0	131
13	19
0	336
4	451
1	3
3	428
0	56
38	336
1	0
21	0
24	71
29	0
0	0
0	0
0	3
0	40
0	40
0	4
2	1554
0	5
1	8
0	0
0	2256
0	2919
0	2073
13	2800
7	486
0	2058
10	60
4	633
1	2586
0	0
20	88
0	1237
4	479
731	1628
5	1420
0	252
2	16
5	28
1	162
57	2205
13	1270
36	1331
0	188
0	286
1	435
47	57
8	246
263	177
17	339
0	116
0	0
0	0
21	2753
105	2872
0	962
0	243
0	182
4	0
3	1
0	0
0	0
1	399
3	144
0	145
0	86
15	53
0	62
29	119
0	62
1	20
41	0
575	5863
0	4878
54	1382
24	3157
2	446
40	2394
71	0
0	0
381	168
1	145
7	82
0	27
1	29
1	19
22	0
0	440
1	153
98	447
0	2
0	68
0	0
4	51
24	613
7	613
0	613
0	115
0	103
0	102
0	100
0	0
0	0
0	0
0	0
0	0
68	169
0	0
0	166
22	48
0	45
3	24
0	20
0	4
14	1
31	60
703	131
0	173
2	253
1	189
3	47
69	90
7	217
0	217
2	122
0	1211
0	2
0	2
14	1436
13	458
1	425
3	175
0	139
1	1
0	0
0	0
0	0
1	14
0	0
1	0
2078	425
51	54
4	371
0	0
0	89
0	89
0	0
0	4
0	0
0	0
0	4
0	1
0	0
0	0
0	0
0	1
0	1
0	1
0	1
1087	109
4	34
1	65
0	0
3118	677
50	0
0	677
111	0
26	41
0	0
13	219
18	572
0	573
29	34
0	233
3	76
1	22
0	0
0	0
7	0
10	30
6	179
7	0
0	68
4	72
13	144
0	66
0	42
0	0
44	0
6206	6828
0	2951
172	488
569	4181
22	562
7	1139
5	978
0	425
8	0
3	433
751	448
40	6
34	15
35	1
6815	2946
25	2589
2	1596
1447	469
20	440
1	0
0	5
5	1339
4	2337
10	2189
0	475
2	713
3	570
8	109
21	0
0	9
29	70
3	50
1	49
1	13
3	9
11	2
2	2
1052	0
0	0
0	2
0	3
0	3
0	1
1	29
0	2
0	0
0	0
0	0
147	2
32	0
1	139
16	0
0	2
2	6
1	0
1	6
1	1
1	1
0	7
0	0
0	0
43	2281
87	2360
0	2074
2	62
54	1
2	27
0	4
0	1
100	29
5	0
0	0
0	0
0	0
0	0
0	0
33	0
341	21
0	12
0	12
3	137
4	119
0	139
0	59
0	74
0	59
1	17
0	25
0	40
6	37
241	110
79	110
0	0
0	0
0	0
2	0
0	0
0	99
0	36
0	285
1	953
3	0
0	142
0	999
0	351
0	894
158	974
45	10
0	1
0	0
56	997
0	118
0	0
1	198
0	276
1	262
5	167
0	37
3	51
0	23
15	81
18	12
2	96
50	85
915	95
23	94
52	53
49	53
0	0
10	1
0	0
0	0
0	0
2	1
80	196
0	196
1	5
6	0
0	8
2	0
4	0
83	0
4542	7466
0	2769
0	5888
1	5348
81	2172
6	292
43	396
204	807
66	1730
0	1714
0	1448
71	123
4	528
0	276
157	1227
2	149
19	244
7	361
0	392
10	338
0	87
4	192
0	92
19	92
0	87
29	1
37	694
1	449
0	138
0	123
0	650
1	153
24	5
1	63
533	479
1	456
0	0
3	34
0	24
3	23
9	30
22	0
1	30
499	704
0	687
0	546
0	426
0	37
0	9
1	7
20	1
1	8
914	4
0	0
0	0
1	509
0	12
15	1
0	0
0	20
0	17
0	16
2	3
0	0
0	0
1	144
5	1059
0	273
0	10
2	42
0	110
1	869
1408	1616
61	567
43	105
0	1740
229	7
0	266
0	0
206	3458
0	3140
215	0
15	3382
0	3064
3	0
1456	1595
0	1357
3	207
0	0
3	188
11	188
10	45
31	77
17	168
6	301
0	307
0	347
0	24
0	0
0	0
0	0
0	0
0	0
0	0
0	0
0	0
3	198
11	198
0	192
2	87
0	54
0	65
1	31
0	27
0	27
0	3
0	3
5	55
0	3
0	2
0	3
0	3
0	1
0	1
0	0
0	0
0	0
100	869
1	812
15	451
0	41
26	2
0	1
0	1
0	0
0	0
0	0
1	0
970	0
0	0
2	9
0	4
0	0
0	0
0	0
1	0
0	3
0	3
0	0
3	230
0	1
0	0
0	1
0	0
1	0
1501	896
0	597
16	348
43	0
1	0
3	266
0	1798
4	153
4	252
19	189
400	1995
1	147
0	305
0	233
0	0
1	639
0	0
0	358
0	583
0	240
22	367
0	0
3	422
0	0
5001	85
50	0
7	75
31	8
0	0
2393	11
90	0
0	0
0	12
18	1
0	0
0	17
0	17
0	5
0	0
2	0
155	530
1	530
15	530
9	6
2	1
1	149
0	136
4	33
11	156
18	3
1	16
26	1
108	177
0	167
0	171
0	141
1	66
16	5
0	15
2186	4127
71	104
122	477
87	1
0	2493
0	1763
2	2246
54	84
0	0
1	225
28	13
2	397
0	956
2	825
2	0
0	785
0	178
0	565
0	522
10	74
0	17
4	243
0	34
0	186
0	84
0	118
0	108
3083	1559
7	357
0	1551
16	1521
49	116
128	40
468	0
4	6
0	556
0	0
0	6
4	0
0	0
0	0
129	2261
0	1
75	13
4	13
0	0
0	0
0	0
0	0
0	0
3	0
0	2
4	92
33	3
0	3
0	0
0	10
39	10
7	0
0	1
0	0
0	0
0	0
0	0
0	0
0	0
0	0
0	0
0	0
0	0
0	0
2	199
0	1856
82	90
53	512
1	895
0	1692
92	0
71	0
34	0
0	0
0	0
30	0
0	0
0	0
1	0
34	0
2	0
1	0
0	0
3	950
35	848
10	3188
0	3189
2	2107
447	2108
30	3011
5	3012
0	0
29	0
0	0
0	710
0	0
0	0
0	0
0	3592
0	3571
2	3561
44	39
4	453
0	427
0	0
0	34
39	34
14	6
0	15
461	2
13	226
7	4012
12	669
0	218
30	3897
0	465
22	41
66	2034
32	1839
0	0
0	266
5	442
0	176
22	15
236	8827
1	3098
1	6454
0	921
17	6420
0	6262
29	1430
0	1741
14	1404
0	7
0	0
0	0
1	0
4	0
0	0
0	0
0	0
0	0
0	0
0	0
0	0
0	0
1	27
1	27
0	2
0	25
0	0
0	0
7	93
3	342
0	618
8	301
7	76
3	360
0	589
0	82
0	556
6	0
1	45
0	0
43	0
2	13
0	0
0	0
0	0
0	0
1	0
64	654
15	313
0	659
1	138
1	31
0	51
0	0
0	0
0	0
2	0
1409	232
14	232
0	0
0	0
2	85
0	2
0	0
0	0
0	0
1	684
2	541
11	96
0	471
0	1885
730	1969
4	399
16	504
0	574
37	0
84	0
3	315
18	314
3	36
1	33
0	0
0	0
35	5
0	1
10	5
0	689
0	344
1	66
0	675
1724	884
5	882
7	0
5	271
192	278
0	83
13	91
0	0
3	40
0	0
70	2856
0	0
0	0
0	0
0	0
0	0
0	0
0	0
0	0
0	0
0	0
0	0
0	0
0	0
0	0
0	0
0	0
0	33
0	0
0	0
1	1
0	1
4	3
0	3
568	7514
0	7517
0	1778
0	1672
0	1055
1	536
1	1
2	248
2	747
34	435
22	48
11	247
624	1693
18	193
31	455
0	22
0	1760
8	89
0	0
0	0
0	0
0	0
0	0
0	0
0	0
0	0
0	0
0	0
0	0
0	0
0	0
0	0
0	0
7	16
0	173
0	200
0	0
1	0
0	198
0	196
0	0
0	120
12	13
0	10
0	10
0	0
0	120
0	184
0	183
1	23
0	8
0	78
1	34
2	5
0	2
0	18
0	21
0	22
0	19
0	27
0	0
9	57
0	9
0	8
0	55
0	0
1	2
0	0
11	50
65	1315
4	1299
3	1316
0	465
19	308
3	574
4	376
32	0
57	0
41	0
22	265
3	0
95	0
33	0
5	252
0	0
34	0
2153	923
0	921
11	18
0	0
0	0
0	12
0	13
0	12
0	8
0	8
0	3
0	0
0	1
2	353
0	0
17	569
44	569
4	491
0	47
0	148
13	20
45	0
0	0
0	0
0	0
0	0
0	0
0	0
0	0
0	0
0	30
2	30
0	0
0	9
0	0
1	0
0	2
0	0
1	0
2	0
0	0
1	0
0	0
0	0
0	0
10	0
3	0
0	0
359	159
0	143
3	127
0	80
0	79
0	63
0	15
20	0
12	0
1	25
2	25
0	0
0	0
0	0
0	0
0	0
0	0
0	0
0	0
0	0
0	0
0	0
0	0
0	0
0	0
0	1
0	0
0	1
0	0
408	0
1	0
0	0
19	13
0	4
0	9
1	0
0	3
0	0
1588	1486
40	15
0	147
5	1486
0	281
1	229
3	37226
0	34854
0	34330
0	36296
0	35761
292	36506
16	36695
73	15982
14	1181
31	4740
4	2209
59	1333
143	7922
16	660
5	6935
21	5855
0	2378
2	1
0	0
5	0
0	1
0	1
1	6
0	0
0	0
1	0
0	0
0	0
1	0
0	0
1	0
1	0
0	0
1	16
0	0
18	0
718	10
0	5659
1	5655
5584	414
0	82
0	54
0	132
2	80
11	5
0	5
1290	0
10	0
0	43
0	73
0	152
4	373
1	425
0	626
0	762
4	702
14	540
0	86
0	0
0	0
0	0
0	0
0	0
0	0
0	0
0	0
3145	5589
53	5223
2	587
16	39
229	732
0	732
0	418
3475	7100
3	7098
0	0
0	0
0	0
0	0
0	0
0	0
0	0
0	0
0	0
0	0
0	0
0	0
0	0
5	0
0	1
0	1
0	0
0	0
0	3
0	3
0	0
0	0
0	0
0	6128
9	6005
0	6148
0	1473
0	3028
21	2885
3	2967
0	3081
0	95
1	154
0	154
1	92
3	276
11	324
7	349
0	424
0	225
0	134
45	282
30	36
0	171
0	79
6	12
0	2
2	2
0	13
7	13
0	0
0	0
0	0
0	0
0	0
885	5544
179	5503
12	5209
12	0
374	2764
48	1745
31	2757
0	519
17	669
0	0
2	64
143	171
0	86
8	46
0	47
0	171
0	137
5	0
16	5812
114	4894
18	5422
406	5571
9	403
2	806
2	605
4	576
0	15
14	15
7	0
3	39
5	0
2	12
0	3
0	12
0	0
0	89
0	119
0	130
0	97
1	45
0	11
0	3
0	17
2	4
0	12
0	16
39	1782
29	1687
1	144
0	0
12142	4130
0	2969
1	710
15	1161
370	1125
0	1136
0	419
37	758
3	21
1	21
2	6
38	0
1337	308
3	249
10	50
0	6
0	6
0	6
0	1
0	6
0	5
0	0
0	6
0	6
0	3
0	3
22	443
18	443
2	382
3	392
0	352
6	157
0	171
5	19
0	0
8	274
9	293
0	292
2	22
0	466
0	522
16	466
0	84
0	160
0	81
5	5
0	59
3	39
1	5
0	75
3	72
0	50
0	11
0	52
0	9
1	0
0	26
0	35
77	1966
0	78
7	12
0	30
0	901
0	110
1	35
19	17
1	1190
15	676
0	119
394	252
44	99
15	153
0	4
0	4
0	1
0	1
0	0
0	0
0	0
526	348
0	0
0	348
389	85
0	85
0	0
11	0
5	2
0	2
0	2
3	0
0	0
0	0
1	3
0	0
1	3
0	2
1151	495
108	495
1	0
185	0
85	4
2	4
150	1635
56	1501
14	1145
3	1632
6	52
2	11
3	292
0	202
2	1843
1	2014
39	1800
0	119
0	1862
6	54
5	10
0	0
0	264
2	416
10	474
1	475
0	111
0	37
0	191
2	192
2	269
107	905
5	864
5	1457
0	80
3	571
0	180
8	218
1	1423
10	1348
9	1356
3	1366
50	1451
0	1432
0	235
1	173
8	72
2	38
56	86
0	139
30	592
1	600
8	600
7	595
0	183
10	87
0	0
10	143
6	36
0	135
0	75
0	88
0	103
2	17
3	21
3	0
0	25
40	18
0	0
72	1447
18	205
0	470
6	1346
24	316
0	1097
0	596
1	682
0	312
0	374
0	173
12	23
12	162
2	277
3	163
31	231
28	3860
0	3655
0	2513
18	1862
38	1101
4	654
0	600
0	486
0	1
0	1
0	0
0	0
125	428
0	183
0	240
1	430
0	440
0	194
0	376
0	85
6	34
1	0
5	6
0	45
108	27
0	0
5	0
0	27
0	27
0	26
0	5
29	62
1	35
0	32
0	0
0	24
0	2125
0	2125
40	2060
0	2150
56	2101
2	734
19	982
0	611
8	1098
4	764
0	121
2	45
0	154
6	86
13853	4844
36	219
11	4648
0	0
0	0
0	289
1	15
3	165
2	0
0	6
0	5
1	4
0	7
0	24
0	281
0	0
18	58
0	90
0	114
1	77
0	6
23	1280
1	1323
0	179
0	444
0	565
1	587
0	404
3	550
9	79
3	557
1	168
0	333
13	234
0	3
0	3
0	0
39	722
1	722
7	678
1	614
0	32
0	3
1	25
0	2
0	25
0	2
1	135
0	1
0	1
7	113
1	13
1	3
0	1
1	5
3	107
2	58
1	66
1	68
7	0
0	0
13	612
9	609
2	596
0	53
0	61
5	471
2	26
1	39
2	0
0	0
8	277
0	20
0	34
0	241
4	22
0	25
7	275
0	24
1	21
0	24
0	95
0	18
0	0
0	0
0	18
0	0
0	0
0	0
0	0
0	0
0	0
0	0
1	0
0	0
0	1123
0	1123
0	667
0	62
0	565
12	365
0	86
0	0
8	0
0	0
0	0
0	0
0	0
0	0
0	0
0	0
3268	0
1	0
12	0
5	2123
2	2263
16	2014
0	0
1	932
33	0
2	208
0	337
6	231
0	0
0	0
0	1
0	1
0	1
0	0
0	1
0	0
66	0
0	0
292	6633
2	5678
125	6581
775	1971
4	1935
1	694
18	717
0	1829
9	634
3	33
0	0
22	58
0	58
0	0
1	27
31	530
20	530
0	0
0	0
125	169
1	168
0	50
6	0
0	2714
0	2714
0	2714
0	2714
5	815
0	347
0	347
0	27
0	27
1	394
0	347
0	27
6	183
0	123
0	0
457	277
2	277
206	260
0	138
0	125
0	82
2	0
2	0
6	202
0	0
0	0
0	0
0	0
0	0
0	0
0	0
7	0
0	0
0	0
3	0
558	3770
1	3623
0	461
0	669
62	0
12	476
6	394
36	0
0	0
0	0
0	0
0	0
0	0
0	613
0	449
10	597
15	82
0	577
11	8
6	0
13	171
3	170
1	123
10	4
5	0
4	0
7	0
0	0
0	0
0	2
0	2
0	0
0	2
0	2
0	0
0	0
5	9
0	1
0	0
0	0
1224	2
0	0
32	1001
101	0
0	1001
16	0
2	0
0	0
9	0
0	0
0	3
5	3
0	0
7	3
0	0
0	0
4	5
16	5
25	1657
0	435
5	1625
0	1585
59	808
1	1561
15	1463
66	1273
0	481
11	338
11	354
8	487
24	0
10	111
240	0
9	336
68	87
2249	1975
4	1973
3	0
0	0
0	0
0	0
1	0
0	0
1043	1852
5	1799
1	1581
8	1716
0	1336
0	1640
0	1052
0	428
5	0
2	0
0	0
0	0
0	0
0	0
0	0
0	4
2	73
0	45
0	35
0	0
0	0
0	0
0	0
0	0
0	0
3	15
9	25
0	26
0	0
0	0
0	1
0	1
0	0
0	1
0	0
0	0
0	48
0	42
2	35
0	0
0	0
0	1
0	0
0	0
0	0
0	0
0	0
0	0
63	127
0	105
2	38
1	12
8	2
6	2
12	0
24	24
0	0
0	0
12	10
49	29
1	0
1	29
0	10
0	9
2	0
0	0
0	11305
1	11257
25	4074
22	9829
8	1044
11	214
66	227
8	368
2	198
3	1999
0	4674
101	403
13	22
4	689
46	36
0	1780
3	504
2	99
62	0
119	0
15	62
2	62
0	62
4	62
0	0
0	0
0	3
0	1
0	5
4	685
0	3
1	5
0	33
0	0
1	4
1	14
2	16
0	13
0	5
0	0
5	18
0	17
0	13
0	9
0	11
0	17
2	11
0	9
0	0
0	3
0	1
0	4
4	18
0	24
0	17
0	19
1	2
0	17
2	15
0	17
0	0
0	7
0	3
0	4
0	3
0	3
0	3
0	9
0	0
0	0
0	0
0	3
0	7
1	2
15	27
0	27
0	3
0	0
6	79
1	157
5	158
0	17
5	30
0	26
0	5
0	3
1	3
0	0
0	11
57	83
0	1
0	8
1	21
0	26
0	6
4	2
0	25
1	83
0	230
16	160
8	184
6	214
1	205
1	187
24	235
1	31
1	9
0	0
4	10
6	57
0	3
0	44
0	44
2	34
12	32
0	21
1	0
0	0
0	0
0	0
0	0
4074	5949
0	189
1	801
14	5853
144	0
1014	2367
0	2185
5	871
0	0
0	0
0	0
11	0
154	0
1	0
2	423
0	0
0	0
0	0
0	0
0	0
0	0
0	0
0	0
0	0
0	0
0	0
9	133
443	133
1	107
0	111
0	3866
810	4451
42	58
5	353
1	197
6	0
72	8
1	8
13	837
48	0
10	367
0	388
4	157
6	142
59	172
1	54
25	71
0	184
0	14
13	183
0	165
9	70
1	44
1	15
0	2
7	0
43	81
0	0
2589	1635
6	1678
0	0
0	0
2589	5214
44	5214
9	416
56	620
10	257
0	1
0	1
0	0
5	0
7	381
2	9
18	3
51	6
0	0
0	12
0	12
0	12
0	1
0	0
0	0
9726	23888
7	20145
7	5532
2	4828
262	10667
0	345
5	92
2	296
0	49
0	120
0	0
13	381
0	13
0	365
0	311
3	310
0	6
0	0
0	0
12	0
4	79
6	658
47	324
6	580
23	650
0	0
13	0
18	0
32	0
26	0
2	0
11	0
19	0
34	3100
17	0
0	0
2	0
23	0
0	1
0	1
0	0
0	0
0	0
0	0
47	0
0	0
0	8
11	8
0	0
0	1
0	1
0	1
0	0
0	0
323	0
0	0
0	1
0	1
0	0
0	0
0	0
0	0
0	0
0	1019
43	1475
40	961
26	1239
2	1239
8	1095
2	680
0	1550
0	0
0	14
3	14
0	0
0	0
7	132
0	2369
0	1728
125	131
0	1087
54	0
48	302
0	1152
0	0
0	1517
0	1632
21	140
7	23
1	139
6	27
1	0
0	0
0	1151
0	245
0	220
1	139
0	102
1	301
0	0
1	20
0	1097
9	110
0	0
0	0
2	658
212	658
6	186
1	154
0	6
0	0
3	0
2	29
0	31
0	5
1	29
2	29
0	29
1	452
0	23
0	444
12	18
0	421
0	365
0	19
0	12
0	344
0	358
3	11
1	164
17	960
60	221
0	488
0	1001
0	958
1	952
0	259
13	71
11	3
262	0
94	130
211	0
0	5
2	6
0	10
5	8
0	10
1	10
0	4
0	1
2	2
1869	2896
1	0
13	0
1	188
91	0
18	214
1	248
105	2455
3	591
2	162
74	648
0	1367
0	1077
1	1054
3	59
36	0
0	470
16	44
0	69
0	0
0	4
0	0
0	0
0	465
0	2
0	1765
0	343
0	0
1	1745
0	1780
1	563
1053	1898
0	716
0	4
0	1833
0	1969
1	1808
0	12
0	12
0	2
0	1939
33	364
1	483
1	1918
7	0
7	0
11	2
5	1743
0	0
15	0
6	0
11	1743
4	0
33	1743
1	2
0	1
0	22
2	22
4	1
0	2
1858	1876
7	1808
11	1660
0	145
56	68
49	5
332	55
0	0
0	0
0	0
0	0
0	0
0	0
0	0
0	0
0	0
0	0
17	0
12	0
0	0
0	0
0	515
0	515
966	514
0	0
0	0
0	0
0	0
0	0
0	0
0	0
1082	13
2	13
46	0
0	2
0	0
0	0
121	3083
0	1744
320	36
101	0
0	0
4	0
83	2806
0	0
0	0
0	0
12	0
2	21
35	0
4	1
0	1
0	3
2	3
0	0
0	0
0	0
0	0
0	0
0	0
0	0
0	0
0	0
0	0
0	0
0	0
0	0
0	0
390	0
8	0
0	0
0	0
52	0
0	0
0	0
5	0
9	1170
31	1033
5	379
1	97
0	110
0	197
16	27
5	148
0	273
2	0
0	10041
0	10416
739	10324
0	492
14	3569
2	2
0	5147
28	381
15	0
0	0
1984	334
15	165
24	165
0	0
3	132
2	120
0	51
0	39
1	25
0	0
1	541
0	441
11	1003
2	978
489	4569
9	230
0	934
0	655
1	3450
1	328
2	4
2	14
0	0
0	0
0	0
0	0
0	1
3	202
0	200
1029	197
11	143
8	710
51	882
385	881
0	759
1	887
0	28
20	58
4	11
7	150
10	0
11	3
174	159
11	46
2	106
4	110
56	157
0	86
0	117
0	60
0	24
0	75
0	0
1	0
0	0
38	0
509	139
0	139
98	786
3	447
12	1310
192	1242
20	379
27	117
0	82
3	143
15	687
0	353
44	165
4	123
45	76
25	0
3	4322
6	4854
125	4619
9	861
0	323
253	6
0	6
0	0
0	0
0	0
0	172
18	308
0	240
3	224
0	12
239	217
0	58
0	18
2	67
0	110
0	0
2	0
15	9
3	9
6	0
2	0
779	953
0	915
0	709
2	90
0	205
1	0
77	3
44	0
53	0
14	137
0	59
0	27
0	74
0	74
0	0
0	0
158	3367
5	2893
11	300
0	241
0	1020
2	1205
0	0
0	324
21	2
1	0
0	0
0	0
0	0
0	0
0	0
0	0
0	0
0	0
0	0
0	0
0	0
0	0
0	0
0	0
0	0
0	0
0	0
0	0
0	0
0	0
0	0
0	0
1	620
3	628
6	628
184	742
3	114
0	1
1	1
3	0
0	0
0	0
2917	579
4	5
0	0
0	0
2	364
5	208
5	168
3	0
0	8
0	8
234	0
28	0
0	2523
58	2125
75	156
0	363
0	200
9	1812
4	1643
4	543
2	133
1	156
0	322
75	942
18	0
93	473
56	186
0	431
0	90
6	22
3	19
1	3
3	0
2	37
2	301
0	384
0	381
12	435
0	0
2	0
278	826
1	829
12	823
0	819
0	748
0	20
0	18
0	47
0	34
0	13
2	52
0	0
0	3
0	0
0	3
7	91
2	91
3	0
202	244
0	195
3	28
0	0
0	55
1	28
0	12
24	216
60	224
0	22
32	158
38	101
4	0
2	181
1	96
21	377
0	42
6	14
19	283
1	2
1289	152
1	103
6	91
0	0
1	0
0	0
2	709
159	776
0	131
1727	15906
8	16107
0	13701
1	49
109	3729
0	693
10	1252
1	1091
7	934
26	281
12	97
108	5
64	7732
0	1285
0	1843
0	7545
0	7410
16	1121
2	396
119	3
0	1894
0	7587
4	1880
13	952
5	1416
1	1888
21	11
2	61
196	443
205	443
21	0
169	5000
387	4682
14	1068
65	228
5	1717
7	654
2	0
548	780
1	530
13	214
0	402
0	433
22	1197
48	580
1	1108
1	156
1	283
4	621
4	0
0	222
405	1028
0	103
1	465
81	979
12	0
4	136
1	88
1	81
4	18
7	102
207	354
30	231
47	12
279	136
16	890
0	864
2	153
0	0
0	6
3	568
12	568
7	52
1	71
0	25
4	15
0	4
13	5
251	1053
0	76
0	75
119	1132
7	472
0	51
485	326
0	0
0	0
25	0
0	0
7	352
0	0
0	0
0	0
0	0
0	0
175	198
25	198
16	0
34	1181
158	56
33	53
10	0
10	29
10	21
0	0
0	0
0	0
0	0
0	0
0	0
0	0
0	0
0	0
0	0
0	0
0	0
17	0
0	1
47	1
0	1
0	0
0	0
0	0
3	10
1	4658
0	0
0	0
0	0
0	0
0	0
1	0
319	1245
43	1227
1	1171
13	298
0	0
33	1079
0	4596
28	4377
0	3274
8	108
61	2
55	55
5	162
9	56
6	151
4	0
0	125
14	3
0	12
0	881
0	9948
66	9541
293	9505
49	1327
5	735
19	97
4	2243
9	251
2	184
7	755
53	0
33	844
0	0
25	102
0	515
40	16
0	18
1	8
0	2
49	0
0	0
147	0
21	9
1	4
1	4
0	0
0	0
0	2
0	0
0	0
0	0
7	44
0	0
0	0
4	0
0	0
1	0
0	0
0	0
0	0
2	5
3	110
0	0
0	0
0	5
0	1
0	0
2	1
0	2
0	0
0	0
0	0
0	0
0	0
0	0
1	0
0	0
0	0
8	0
0	0
0	0
0	0
0	0
0	0
0	0
0	0
0	0
0	0
0	0
0	0
0	0
0	0
0	0
0	0
0	0
1	0
0	0
0	0
0	0
0	0
0	0
0	0
11	416
5	416
0	0
1	0
2	0
0	0
0	0
21	2731
3	1751
0	1843
87	411
0	410
13	862
0	875
0	0
1	1
0	0
0	0
1	2
36	329
0	394
2	71
5	89
5	67
0	2
8	2486
0	2644
46	3138
0	2450
11	415
154	1745
2	1742
7	72
123	0
2	3
20	281
28	213
2	32
3032	339
98	231
7	100
0	0
0	0
0	0
0	0
46	0
40	1114
0	1244
8	535
0	130
0	35
0	0
2	0
0	0
1187	51
151	0
1	38
3	11
0	0
0	0
1243	83
0	0
1	0
0	0
38	0
85	81
1218	134
3	134
28	18
228	2972
1927	2972
0	1236
39	297
7	0
31	217
178	2440
4	700
6	2439
3	2437
0	0
0	0
0	0
0	0
0	0
0	0
0	0
0	0
0	0
0	0
0	0
0	0
0	0
0	0
0	0
0	0
0	0
0	26
102	26
0	0
0	0
0	0
0	0
0	0
0	0
0	0
0	0
0	0
0	0
1	52
11	54
0	24
0	7
0	0
0	0
0	0
0	0
0	0
0	0
0	0
0	0
0	0
0	0
0	0
0	0
0	0
0	0
0	0
0	0
1	4
0	0
0	1
0	0
0	0
0	1
0	0
0	1
0	1
0	0
0	0
0	0
0	0
58	1
1	1
1	0
2	0
0	0
0	0
3	0
0	0
0	224
219	234
1	50
7	36
1	4
0	0
0	0
0	0
0	0
0	0
0	0
0	0
0	0
0	0
0	0
0	0
0	0
0	0
0	0
0	0
0	0
63	0
0	0
0	0
0	0
0	0
0	0
0	0
0	0
0	0
0	0
0	0
0	0
0	0
0	0
0	0
0	0
0	0
0	0
0	0
0	0
0	0
0	0
0	0
0	0
0	0
0	0
0	0
900	1839
24	1310
0	455
0	276
0	274
20	48
661	601
0	505
0	111
0	0
0	2955
0	3029
0	2968
0	2872
15	894
1	1969
0	2377
0	2426
0	3122
0	2589
65	1017
0	2203
0	2907
0	2793
0	1926
87	2689
0	0
45	5
0	0
0	5
7	325
0	1599
0	139
0	138
6	252
0	0
0	1488
17	118
0	103
0	1544
63	0
10	0
0	321
56	0
28	805
2	168
9426	194
0	0
0	0
0	20
0	0
131	15
0	14
0	6
0	12
0	14
0	10
0	9
0	11
2	0
0	0
2	0
0	0
1	0
0	0
10	0
0	0
472	0
2058	323
2	214
20	105
0	0
3	0
395	92
0	92
0	1
0	0
0	1
71	713
4	655
0	19
8	1
265	1172
12	1158
2	314
2	16
4	114
10	0
916	803
0	448
2	355
0	59
2	34
1	71
0	17
0	37
1	20
1	41
0	32
0	117
111	0
0	0
0	0
0	0
0	0
0	0
231	0
0	0
0	0
0	0
0	0
0	1
0	1
582	0
124	5962
1	3698
6	4744
1	3530
6	3027
14	1356
9	468
3	11
10	9
0	12
0	6
1	6
0	0
0	137
24	297
2	300
0	277
0	275
1	0
0	0
1	0
0	0
0	0
0	0
0	0
0	0
0	0
0	0
0	0
0	0
0	0
0	0
0	0
0	0
0	0
3	0
474	355
0	344
0	342
0	311
0	209
0	68
0	77
3	95
0	81
0	109
2	25
0	34
0	34
0	4
35	0
4	0
1221	870
14	244
17	235
5	160
8	859
0	0
35	26
0	0
0	0
0	0
648	514
1	216
2	136
2	133
0	0
0	0
0	0
0	0
0	0
0	0
0	0
0	0
0	0
0	0
0	0
0	0
0	53
0	0
0	0
7	84
0	84
0	84
2	0
0	0
0	0
0	0
0	0
0	0
1	0
0	0
0	6
0	0
0	0
1	0
0	0
0	0
0	0
0	0
0	0
0	0
0	12505
118	12657
0	4711
0	7135
91	709
13	1202
0	3560
0	2617
3	2112
8	2379
0	856
13	796
7	0
6	326
1904	986
6	654
0	0
394	107
4	107
0	4
0	4
0	4
0	2
0	0
5	211
0	227
0	94
0	75
0	7
1	170
0	12
4	0
1	9
8	0
4	50
1	32
3	0
10	19
0	13
0	0
0	0
0	0
23	1131
3821	3237
55	1482
40	0
196	0
0	587
0	2909
0	0
0	0
5	0
4	0
0	11
0	11
0	11
0	1
0	1
0	0
1	1
0	1
0	0
3	171
2	268
254	212
18	276
36	1711
0	2207
119	2002
2	15
0	2
0	2
0	5
0	13
0	15
687	1872
12	20
0	349
0	1714
38	76
78	12
1	274
62	342
11	331
2	0
3	0
74	0
8	104
11	15
0	42
17	319
0	14
20	5
3	0
2	459
0	292
3	536
10	1125
204	12
0	0
28	0
2	318
0	70
16	0
1	213
27	0
163	12
2	62
82	297
0	78
8	122
102	12
0	0
49	660
4	486
3	313
1934	994
10	534
5	147
12	0
0	0
253	3189
45	3189
0	462
5	91
1959	385
31	131
1	254
0	0
0	0
0	0
0	0
12	1458
93	85
0	85
0	0
0	0
0	0
0	0
0	13
0	10
0	1
0	0
1	0
0	3
0	0
0	0
0	15
0	1139
1	0
0	0
0	3
0	0
0	2
0	0
0	0
0	0
1	120
0	120
0	70
1	0
428	0
1017	2069
1	171
6	556
22	1792
10	338
4	0
5	0
0	0
0	0
0	0
0	0
0	0
155	189
2	60
0	157
15	8
2	615
1	0
0	855
0	1315
2	1361
38	161
1	775
0	589
1	802
0	803
146	1181
0	853
30	644
2	795
13	12
630	2
0	0
120	1355
15	121
1	0
29	1354
3	0
0	12
1	12
12	3
1	2
2	1
35804	8147
2	8108
1	7416
3	2
0	2
0	0
0	0
0	0
0	0
0	0
0	0
0	0
0	0
0	0
0	0
0	0
0	0
2	0
2673	691
2	689
0	0
246	2
0	0
321	102
0	102
3	153
1	1029
33	1118
8	983
0	1141
7	792
3	1029
20	127
14	120
0	130
0	116
0	43
0	6
0	0
105	228
83	706
0	668
16	83
0	0
0	0
18	72
10	126
2	54
463	864
13	162
7	296
0	808
0	187
37	371
0	0
4	513
1	41
12	0
21	208
33	0
57	0
0	50
1	19
2	0
0	0
46	0
20	1
0	1
0	11
237	1420
0	1420
4	461
105	132
2	124
0	13
0	15
0	31
72	40
0	35
3	3
0	11
190	206
2	205
1	22
0	0
0	83
1792	213
1	126
64	332
62	332
0	165
0	90
0	0
114	4505
6143	4521
80	0
18	134
2	0
1	179
1	1657
0	1638
2	407
6	201
1654	538
8	419
0	52
0	25
58	256
598	365
0	8
18	2008
3	4
3	2064
0	1289
0	2074
6	1705
2506	1609
0	2609
3	53
2	1848
0	1394
2	128
3	52
0	0
4	0
180	282
2	81
0	248
1	32
7	13
0	0
0	3
0	3
28	13
0	0
0	13
1	0
0	2
0	2
1	0
1	2
0	0
0	0
0	5
140	0
0	737
23	737
11	55
5	60
20	0
9	122
0	107
10	96
0	108
2	122
0	5
0	0
416	541
1	540
2	0
0	98
10	71
6	1
10	0
10	0
0	751
4	918
1	574
35	971
5	22
0	140
0	550
10	66
9	66
0	0
0	0
0	4
0	4
0	4
0	0
0	0
0	0
41	115
0	104
0	102
0	90
0	82
0	0
3	71
0	13
4	3
0	3
0	0
0	0
54	3
1	3
0	0
1	0
1	362
0	3
1529	1638
0	1557
6	1254
5	863
0	881
0	136
66	177
114	11
1	155
5	131
0	92
43	43
6	98
11	291
7	381
16	715
1596	723
0	0
2	109
21	5
2346	4922
0	5
21	4922
97	430
6	4435
0	5939
30	5603
0	1
0	0
0	0
0	0
0	1
0	268
31	317
0	4779
1	279
39	4178
0	28
23	237
108	72
89	1869
82	163
0	6
0	79
0	4
0	166
0	41
0	3
0	5
0	3
0	0
0	0
0	80
1	18
0	73
1	1
0	13
21	725
83	788
0	481
44	36
1	114
0	0
0	0
138	1501
2	662
2	1038
14	335
0	0
0	7
7	5197
0	5200
4223	5185
1	391
0	308
2	735
0	483
1	412
0	335
231	220
8	144
0	10
1	0
312	16
77	18
0	18
63	2503
0	0
2	2488
0	2447
15	1705
0	1276
0	37
0	0
4	56
27	0
1	0
2	0
3	92
0	100
0	100
0	26
0	0
0	0
1321	179
1	179
1	0
0	0
19	0
0	0
3581	4
4	0
0	4
0	81
0	60
0	72
0	11
0	11
0	11
0	3
0	3
0	3
0	3
0	6
0	1
0	1
0	83
1	95
7	64
1	10
0	0
0	0
0	105
0	103
7	90
1	94
0	84
0	45
2302	2499
86	2489
5	670
25	900
1	284
0	0
0	93
29	443
5	469
0	32
0	63
2	95
0	127
20	113
0	55
0	167
213	5839
126	5831
0	45
50	1685
5	0
5	0
34	46
2	681
31	732
0	734
56	2
12	53
884	0
2	0
3	776
1	0
0	0
0	0
0	0
596	3324
11	3320
20	1058
70	35
2	279
121	215
0	0
0	0
0	16
20	16
0	0
1834	1113
0	188
0	821
0	578
63	708
0	369
49	385
31	36
47	0
0	0
168	0
0	0
21	214
0	0
2	23
10	138
44	8
1	135
0	34
4	1
516	320
0	315
0	12
0	0
34	2
0	0
0	0
0	0
1	0
0	2
0	1
0	0
0	0
0	0
0	0
1	81
15	120
12	26
0	121
66	320
0	320
0	0
15	37
5	0
1	32
59	0
194	257
2	0
212	7190
229	6960
16	885
241	3661
60	3425
13	511
3	227
8	362
22	361
94	0
2	249
41	24
1000	609
1	458
0	303
2	65
1280	0
0	0
13	102
1	80
3	22
409	1698
0	1650
4	1673
1	209
3	102
3	165
0	74
0	98
1	25
0	187
2	229
3	91
0	314
0	167
5	0
0	2082
1	2082
51	1825
25	43
0	0
14	68
19	10
0	384
8	376
18	0
32	0
2	0
2	123
1	12715
449	12715
390	201
0	201
6	2
6	23
16	484
0	116
0	471
0	215
0	130
3	482
9	130
5854	1788
3	1786
9	1042
0	60
0	60
54	0
8	0
1	8
0	56
0	56
1	21
0	56
0	56
0	56
0	60
0	56
0	56
1	0
6	2
1374	1808
1	1698
0	1321
12	124
33	0
0	1
1	2
0	2
0	177
92	354
1	185
2	142
0	198
1	0
0	21
0	21
0	16
0	0
0	15
0	0
0	0
1	21
3	0
0	0
0	0
0	0
14	922
0	922
4	147
0	36
9	1
1	32
0	24
8	12
0	52
1	52
0	10
872	335
0	0
4	259
81	292
170	264
0	64
2	133
0	0
0	0
3	0
1	0
7	1981
4	1280
47	1816
1	1430
4	0
8	116
2	6
4	6
2	93
81	115
0	0
0	22
22	397
0	640
0	811
2	748
0	51
0	2
0	0
0	0
2	0
3	0
0	0
0	0
0	0
0	0
6	740
1	740
1	0
0	0
0	3
0	3
1	0
0	0
0	0
0	0
0	4
0	0
144	312
21	314
0	243
1	229
4	22
0	53
0	0
0	0
0	0
0	0
0	0
1	0
0	0
0	0
0	0
16	6
4	6
68	0
0	0
30	0
11	20
0	20
0	0
25	0
43	0
99	0
0	0
0	0
22	0
0	0
4	0
0	0
28	908
12	931
4	937
5	922
20	26
5	57
64	14
0	18
0	32
48	17
1	4
49	0
7	28
0	33
2	0
0	0
0	0
0	0
0	0
29	2896
0	2792
1	2506
43	616
0	0
23	0
62	0
0	0
0	0
0	0
0	0
0	0
0	0
0	0
0	0
0	0
0	0
58	102
5	60
18	97
0	0
0	0
0	0
5	0
97	181
0	2390
2	165
20	2249
0	2344
118	0
6	0
0	0
0	2
77	0
86	0
61	0
0	0
102	53
0	1576
0	1936
0	0
51	0
0	0
2	0
0	0
0	0
0	0
0	0
0	0
0	0
0	0
7	836
507	1523
0	1227
2	1490
0	927
1122	1490
4	55
0	27
0	0
0	0
0	0
0	0
0	0
0	0
0	10
0	10
0	7
0	0
0	23
1	9
0	23
2	36
0	64
1	0
0	0
0	0
0	0
1	508
0	915
6	841
0	915
0	465
0	882
8	231
0	7
0	0
6	52
2	49
1	45
9	0
0	0
0	10
0	1
0	0
0	0
0	0
0	0
0	0
0	3
0	0
0	0
0	0
0	0
0	0
0	0
25	53
749	912
0	583
38	0
58	0
764	0
0	327
0	609
1	37
19	206
2	301
0	2
0	546
13	10
2	3
2	300
0	67
1	311
24	541
0	77
0	177
0	125
1045	866
11	866
2	884
0	23
61	822
4	58
0	277
97	0
0	0
5	194
15	73
24	404
596	318
0	253
15	137
15	54
1	35
3	35
0	0
4	266
73	226
0	251
0	247
2	213
1	230
0	41
0	23
0	60
6	0
0	0
0	0
0	0
15	0
0	0
0	0
0	0
0	0
0	0
0	0
0	0
0	0
0	0
0	0
0	0
0	0
0	1
0	1
0	1
0	1
1	0
1	907
4	7
7	7
0	0
0	0
0	0
0	0
4	0
0	0
0	0
0	0
0	0
0	0
0	0
0	0
0	0
7	2
0	0
0	0
0	0
0	0
0	0
0	0
0	0
0	0
0	0
0	0
0	0
38	1760
39	1684
0	0
1	305
0	118
85	76
0	27
0	0
0	0
4	1
4	1
1048	23
0	23
0	0
8	0
18	64
0	0
0	1
0	1
0	0
0	1
0	0
0	0
2	1368
0	1228
0	1238
0	583
0	663
0	201
13	325
7	182
5	84
32	9352
7	9382
4	242
3	313
6	71
3	528
0	2165
1	1855
9	492
70	1165
4	912
4	413
5	277
0	40
0	2
0	2
0	2
0	2
0	1
0	1
0	0
0	0
0	2
34	799
2	800
0	8
0	6
0	1
0	0
0	0
11	4
0	0
0	0
1	0
0	0
0	0
0	0
2	6
2	3
0	2
0	5
2	2
0	0
0	0
50	0
421	10376
212	4039
0	9937
30	8345
35	376
153	535
2	534
2	0
0	55
0	57
0	123
30	10
1	38
80	2
36	1
18	321
0	895
30	150
18	464
37	103
0	174
7	737
0	0
80	0
0	186
0	966
5	1010
0	365
1	147
0	224
0	21
76	0
0	0
0	1
0	0
0	289
1896	3957
1	3845
2	706
0	3181
43	0
6	2730
2164	2875
6	2593
6	2572
4	240
0	0
1	0
664	433
0	241
0	191
0	0
0	0
42	189
2	109
0	30
1	61
0	58
0	5
45	5
0	32
14	32
0	0
6	499
17	510
0	350
6	8
0	48
0	60
2	0
2	10
0	0
0	0
369	7254
3	6342
52	1059
19	684
5	115
0	661
37	25
1	84
6	0
85	2610
14	2652
10	1666
1	122
2	176
19	66
44	0
0	0
0	61
0	77
6	77
0	7
0	0
0	0
0	0
0	0
0	5788
0	5793
1	346
15	1
5	64
34	336
0	635
3952	1369
7	90
1	471
4	262
52	0
1	1
1	11
0	11
1	2
0	3
0	3
0	0
1	0
0	0
0	5857
1	6215
3	3883
57	2470
0	4251
0	930
83	1031
79	38
105	366
141	0
1	0
6	223
1	37
0	3
0	8
0	6
0	21
0	4
0	4
0	8
0	37
0	1
0	0
1	0
0	0
79	0
1	0
38	3266
0	2819
30	0
19	2756
146	2653
1374	838
7	115
0	0
0	0
0	0
0	0
0	0
0	0
0	0
0	0
0	3
0	3
10	1
3	0
1	1
10	0
0	14
12954	9233
37	9194
0	4442
0	1864
29	906
0	0
1	0
0	0
1	0
0	1
0	1
0	0
0	0
0	0
0	0
0	0
0	0
0	0
12	132
0	132
4	82
0	0
6	11
1	20
0	19
4	6
0	0
1	0
0	0
21	0
1235	0
27	251
5	189
15	251
2	155
10	38
752	524
0	342
1	366
1	180
0	137
11	0
79	11
3	161
15	51
14	48
6	138
5	31
30	82
1	82
0	16
0	10
0	14
0	6
0	2
7	0
0	0
1092	2125
0	1908
31	494
0	1228
26	4
0	0
34	292
33	0
1	0
0	0
35	260
130	467
13	259
0	214
6	3
0	16
0	0
0	0
0	0
20	611
103	4507
0	4317
224	4143
2	108
0	0
12	959
0	71
86	680
0	0
4030	1402
7	332
0	0
0	392
0	0
0	121
3	0
2	673
0	0
107	5
5	0
0	1022
1	1294
0	1030
1	820
0	246
0	265
2	451
2	11
0	157
86	0
3	241
80	4992
10	2733
0	21
16	2747
11	514
18	4530
86	2716
49	2749
16	82
22	0
0	0
1	3
0	3
0	0
0	1
0	0
0	0
0	0
18	6
0	6
0	5
0	5
1	7
0	5
0	5
0	0
1	3
0	3
35	2921
0	0
0	0
0	0
1684	3479
0	3328
0	447
0	291
34	1054
5	781
3	303
5	138
37	0
51	2212
13	16
1483	624
47	624
94	0
8	106
8	1030
0	1089
0	1025
0	692
0	692
0	122
1	1
0	88
61	6112
5	0
36	5993
3	638
2	33
176	676
1	43
869	2743
0	2879
15	2815
0	2644
0	2531
3	2435
1	482
26	1794
53	1594
7	1465
0	1434
31	64
0	162
49	7
0	5
19	14
0	14
78	0
58	0
5	342
3	162
8	0
0	0
1	0
0	0
0	0
0	0
0	0
0	0
0	0
0	0
540	576
23	549
6	88
10	51
2	2
0	32
22	76
14	0
5	0
8	0
30	0
92	79
0	76
1	3
0	24
0	27
16	89
0	74
0	8
3	9
0	0
3	804
0	804
24	801
5	358
1	50
0	0
0	0
0	0
0	0
0	0
0	49
2	51
0	0
4	3
0	64
0	66
0	32
0	34
0	41
0	0
0	0
0	0
1	5
0	0
0	0
0	8
0	3
0	2
0	3
0	1
315	47
0	14
0	29
0	7
0	5
0	5
2	0
0	0
0	0
0	0
0	0
6	275
1087	2931
55	1190
2	275
88	0
5	429
0	1004
12	857
234	5
2	265
4	331
2	466
173	8
0	0
46	0
0	0
16	272
1	0
0	0
9	7
0	0
0	0
0	0
0	0
0	7
0	0
0	0
0	0
0	0
0	0
122	62
2	63
739	144
18	67
1	48
0	1
0	1
0	1
0	70
3	1
0	1
0	489
168	489
6	481
1388	366
0	347
10	200
28	0
1600	398
2	77
2	214
14	299
0	248
13	98
0	231
77	0
91	209
2	123
288	896
0	0
116	0
161	2
0	133
1	0
9	0
64	4
1	56
66	0
42	0
37	0
44	0
86	0
0	0
8	0
10	706
4	0
3	0
0	168
4	0
0	0
0	0
0	0
0	3
0	5473
0	5555
67	0
27	0
142	0
3	2249
2	183
38	0
0	7
10	12
0	6
0	4
0	7
4	0
0	5
0	5
2	0
768	313
1	216
1	209
0	286
0	213
1	171
0	0
0	14
1	520
6	233
1	616
10	943
3	577
77	664
102	853
4	440
1	822
0	393
363	1144
0	509
4	294
0	389
5	839
4	1265
0	444
3	851
0	0
0	0
0	367
0	34
0	0
1	380
0	0
0	191
1	37
0	129
0	0
0	1
0	1
39	86
1	87
0	0
0	0
15	1149
3	0
19	1044
0	436
9	1014
0	788
4	32
0	121
0	353
0	308
0	279
0	278
0	254
0	280
0	193
0	315
0	0
0	109
0	514
0	515
0	433
1	137
13	272
21	9
14	135
0	3
3	4
0	2
0	1
0	3
0	0
0	0
0	0
0	0
3249	29190
50	23931
5	17477
165	16737
1	10828
1	10504
2	8444
337	577
1	524
0	0
8	0
9	0
0	0
0	0
12	266
0	0
0	0
0	0
6	0
1710	237
48	0
0	0
0	16
0	0
1	0
36	96
12	125
0	0
0	0
0	0
0	0
13	584
5	552
2	1
42	587
0	196
0	72
0	14
13	0
20	58
0	62
16	4
3	0
0	0
2	13
6	9
4	0
0	143
0	143
0	0
0	0
0	2
0	0
0	19
0	0
2	1
0	8
0	0
7	25
0	0
4	0
0	0
59	314
0	266
0	49
0	33
1	61
23	124
19	109
8	18
1	313
0	419
4	81
0	110
0	261
0	255
0	367
4	187
0	0
3	0
0	0
0	0
0	0
112	11356
0	11454
1	4881
54	5814
0	9860
0	9507
0	0
5	113
19	1993
51	0
10	878
1	458
33	280
104	3
1	66
41	77
0	66
1	43
0	22
0	17
1	27
13	49
0	14
0	17
5	9
0	31
0	25
1	25
1	24
0	527
0	454
8	268
0	4
2	43
4	32
1	10
0	1
0	1
0	0
0	0
0	0
0	0
0	0
0	0
0	0
0	19
0	17
0	8
7	6
0	0
0	4
1	0
31	285
5	266
4	66
0	0
0	0
0	115
0	0
0	0
0	0
13	1011
34	1011
0	718
0	857
0	811
22	764
1	13
17	0
9	337
16	266
31	337
2	40
2	17
0	25
0	0
7	157
5	157
0	0
7	0
14	40
0	41
0	25
0	5
59	19
0	4
0	4
0	0
1	11
0	0
1	0
145	2
0	0
42	548
7	548
0	96
1	9
324	0
60	579
0	617
0	479
7	223
7	462
13	29
1	469
14	226
2	21
12	438
16	102
0	231
1	83
0	137
0	157
23	0
13234	5037
3	2403
17	3962
51	1142
8	0
2	0
22	0
8	0
0	0
0	0
0	0
31	28
19	28
1677	0
0	0
0	0
4	0
0	0
22	0
8	0
0	0
0	0
0	0
0	0
0	0
0	0
0	0
0	0
0	0
0	8
1869	4872
47	4778
7	228
260	560
6	112
0	389
0	250
1	90
5	20
109	0
0	76
225	78
101	929
76	384
2	141
3	38
11	477
0	0
0	0
65	0
51	278
274	1009
55	318
0	214
23	0
5	686
0	1
0	1
0	1
0	1
0	1
0	1
3	0
0	0
0	0
0	0
0	0
0	0
0	0
1	0
0	0
0	1385
14	1446
6	341
2	224
0	324
8	278
0	281
1	173
8	24
0	128
4	104
5	26
8	0
3	0
5	191
9	190
1	7
0	0
26	5
0	2
1	0
0	0
75	798
0	798
0	225
0	0
0	0
0	0
0	0
0	7
0	8
0	7
8	13
1	6
0	6
0	3
0	0
0	0
0	0
0	0
0	10
0	0
0	2021
0	2033
0	220
1	353
0	290
0	365
0	328
0	1
0	75
0	106
0	302
0	314
1	225
0	201
4	230
0	49
23	2
1	0
0	0
1	0
1	0
0	0
0	10
0	10
1083	12068
7	1049
64	3020
5	11689
0	0
0	0
155	51
0	48
0	51
0	32
0	37
2	48
0	48
1	0
4	0
401	161
2	161
23	46
0	13
0	305
16	1109
1	1056
3	459
23	843
6	74
0	0
0	0
0	0
0	0
0	0
0	0
0	0
0	0
0	0
2	330
0	0
9	0
0	17
0	16
0	13
7	13
0	13
0	14
0	0
0	0
2180	1458
0	1130
0	678
0	799
0	465
0	379
2	36
0	0
1	0
0	0
0	0
0	0
3	1568
0	1360
19	1055
5	603
0	0
0	0
955	403
2	73
1	143
4	236
6345	6
0	0
0	8
0	6
0	8
0	8
1	36
3	36
0	0
64	395
1299	429
7	409
0	51
0	202
0	385
14	115
119	0
178	0
237	153
0	0
0	0
0	0
0	0
0	0
8	631
0	683
0	69
0	292
22	16
0	0
0	0
5467	201
2	197
63	332
0	311
0	27
0	0
0	0
0	4
0	4
0	0
829	454
4	266
5	368
0	217
7	42
1	42
17	1811
0	1807
1	654
7	121
12	15
0	1
41	3022
149	3113
49	3110
18	574
18	2008
4	131
0	341
19	382
0	3
4	0
0	0
4	5782
0	5915
3	5654
0	0
0	0
0	6
0	4
6	2
0	2
32	6
166	2
4	7
0	0
2	59
4	14
4	3
2	37
0	45
3	25
0	5
14	15
1	64
1091	0
3246	0
0	0
18	0
0	0
3	0
21	145
0	94
26	139
0	193
0	153
0	102
0	5
3	0
8	0
2	23
0	16
0	21
0	4
1	3
1	3
14	1
0	0
49	256
20	253
13	56
0	194
1	150
28	145
1	8
0	0
12	0
94	0
0	235
0	289
30	290
3	290
0	3
0	0
0	0
0	0
1	11
3	11
0	13
0	0
0	2
0	6
0	1
0	3
1191	1865
0	1587
4	278
0	16
0	16
0	16
0	6
0	0
0	1
941	4
0	30
1	25
9	23
0	26
0	26
0	23
2	23
0	19
18	886
1	879
0	780
0	642
9	100
0	65
0	102
20	62
0	9
0	9
0	8
0	6
45	130
2	129
1	11
5	540
0	2019
0	6226
17	5645
0	5320
0	2265
3	2261
0	1361
0	324
0	324
1	255
0	903
16	299
0	110
2	877
0	165
1	758
40	811
7	13
11	35
0	107
63	435
17	412
21	378
0	449
1	172
0	89
0	17
0	131
4	65
0	489
0	466
7	100
0	413
1	23
1	35
3	18
0	134
0	208
30	169
2	60
40	2081
7	1046
1	1181
10	1478
0	629
5	338
0	0
150	0
6	907
1	907
23	821
4	286
4	389
0	26
6	1
2	793
107	218
0	242
10	305
0	697
95	1294
14	1221
2	1264
3	389
1	136
1	248
164	232
1	184
14	0
4	83
5	0
0	0
2	710
1	748
16	685
0	267
8	259
4	257
19	13
6	326
31	660
14	1427
0	97
1	457
1	57
5	1228
3	1232
7	91
0	499
0	0
642	599
10	599
4468	1498
3	274
0	1222
13	15
0	15
0	5
266	0
0	0
4419	527
0	527
0	0
27	489
12	188
12	189
0	300
0	36
0	29
0	32
0	29
0	18
29	72
0	57
2	0
0	56
6	54
0	40
0	0
0	0
0	0
0	0
0	44
22	44
4	0
5	2
0	0
0	0
0	0
0	0
4	3
2	3
64	101
0	8
15	17
1	100
11	0
0	0
0	0
0	0
12	16
4	11
0	0
0	6
0	0
1	0
0	5
0	684
0	684
1	381
0	134
2	90
1	90
2	0
299	3591
7	3591
1	3276
19	322
6	488
18	169
248	11535
66	1104
0	3718
30	2619
7	11367
5	0
0	0
1	589
8	681
113	803
3	4510
0	641
0	1694
6	504
225	1278
1	86
0	275
0	300
1	117
12	1883
182	1640
0	3081
0	1779
102	3064
512	3080
93	1493
47	76
0	357
183	7
1	355
68	2080
7	1858
28	376
7	180
18	179
4	7
1	7
0	0
0	0
1	2
0	0
0	0
5	1
0	1118
118	422
2	405
0	10
0	395
0	242
0	1151
0	177
44	1151
0	299
1	153
4	136
1	1
0	1
0	0
0	0
76	0
1578	2
183	0
0	0
1	0
80	0
12	180
0	226
0	179
0	2330
0	133
40	263
0	2092
4	2307
32	59
8	227
0	355
0	242
6	262
6	136
42	1165
3494	3494
1	796
0	2985
14	0
57	0
14	14
0	14
0	4
0	6
0	10
0	10
0	0
4	4
15	4
24	1
0	7
0	7
50	0
0	0
0	0
0	0
0	0
91	0
1	51
0	0
0	0
0	0
0	0
0	0
0	0
0	0
0	0
0	0
0	0
0	0
0	0
0	0
0	0
0	0
0	0
0	0
0	0
0	0
0	0
0	0
0	0
0	0
0	0
0	0
31	68
0	68
0	0
0	0
1	10
0	0
14	50
1	52
48	203
0	203
0	75
7	65
0	50
7	1755
114	0
0	418
1	126
1	126
0	1493
10	0
17	3
0	3
0	12
0	8
0	8
0	0
0	1
7	5
4	2
1	2
5	3
1	4
28	41
0	36
0	0
0	1
1	6
0	6
0	0
0	0
0	0
6	69
0	69
74	41
6	24
19	4
0	0
0	25
0	0
1	92
6	120
16	69
0	45
0	29
0	12
0	7
0	20
28	68
0	144
0	148
0	142
0	137
0	73
24	78
0	19
18	37
0	14
0	0
0	0
22	46
2	13
0	0
0	0
0	0
0	0
0	0
0	0
0	0
0	0
0	0
0	0
0	0
0	0
0	0
0	0
0	0
0	0
0	0
0	0
0	0
0	0
0	0
0	0
0	0
0	0
0	0
3	8
0	8
0	0
0	0
1365	10
0	0
0	0
0	0
0	0
0	0
0	0
0	0
0	0
0	0
14	3
0	1
0	0
0	0
0	0
0	2
921	0
2	45
0	45
1	45
0	6
0	6
0	35
0	0
4	0
8	0
0	0
1370	1319
5	616
6	859
0	846
0	457
0	12
1	39
0	9
0	0
1	37
0	4
58	36
0	1115
0	1115
0	183
0	322
0	36
0	0
0	0
0	0
0	0
0	0
0	0
274	223
0	16
30	63
0	30
0	30
1	75
0	69
1	47
0	29
0	0
0	14
0	0
0	0
0	0
0	4
0	3
0	0
0	2
1	2
0	0
0	0
0	0
1	1
1	0
0	0
0	0
0	0
0	0
0	0
0	598
3	214
0	608
0	574
0	197
0	309
13	519
0	121
0	108
8	4
3	0
11	0
0	0
0	0
15	46
0	42
23	66
1	27
0	27
0	0
0	150
5	141
16	333
3	389
0	358
2	0
0	0
0	0
8	0
2	2
0	0
19	8
1	25
0	313
1	770
10	777
7	0
6	0
5	0
2	0
24	0
3	0
0	0
0	0
9	0
22	0
6	1
4	193
1	3
0	1
29	1752
0	382
33	1650
0	235
0	197
0	1738
0	0
69	1743
1	2
0	2
14	0
0	0
5	0
7	0
11	0
1096	1951
22	1015
61	936
0	2
0	0
3	16
0	0
5	7
0	14
0	14
0	14
0	14
0	0
0	40
7	1265
1235	1273
0	189
0	8
0	0
0	0
0	0
5	12
26	0
38	62
478	62
1094	13
1	11425
3	798
1	190
4795	11774
0	820
33	1453
39	2475
99	238
15	0
0	0
0	0
0	0
71	16
0	16
18	361
509	1213
0	0
13	0
2	852
1	0
75	317
0	241
1	232
0	63
4	2
13	76
11	9
0	15
538	467
0	139
0	61
2	228
3	88
0	0
1211	269
29	163
5	231
3	36
111	459
0	459
14	65
0	132
0	99
17	51
0	6
0	6
0	1
0	0
2032	1985
4	396
15	1003
2	215
0	238
1	165
37	93
23	17
0	89
1	0
2	13
40	2197
1	2598
1	958
0	1863
0	1922
0	1859
3	95
15	25
18	0
19	69
0	1130
79	194
43	20
0	1495
0	659
0	107
35	57
1	95
0	0
5	97
0	405
0	415
0	30
0	165
0	68
0	51
0	106
1	19
0	24
0	48
0	45
0	39
0	20
0	33
0	14
0	11
0	0
0	0
0	0
0	205
0	427
1	438
2	185
0	424
0	67
0	293
2	272
0	60
14	200
1	28
0	1
0	0
7	29
0	29
1121	47
99	47
133	0
15	0
56	0
546	76
0	78
0	44
0	42
0	27
0	2
14	0
2	0
2	162
2973	671
2	50
0	0
3	117
6	26
0	204
3	70
0	145
1	444
0	403
4	197
7	0
0	399
8	180
1	74
19	49
0	239
8	0
0	1
2617	97
140	99
0	0
6	0
442	10839
25	8677
1	7040
5	3885
16	4326
0	1097
0	581
1	0
58	0
0	0
685	257
0	3
1	257
0	0
1	2
0	3
18	906
0	282
33	737
1	201
37	28
5	30
3	142
2	163
3	2963
0	407
0	2922
1	26
13	100
0	0
12	57
0	0
0	354
0	998
1	907
0	165
0	0
0	0
3	0
0	0
0	0
0	0
1463	313
0	0
0	37
20	205
64	71
18	0
3	186
52	1080
2	752
1	432
1	366
0	6314
0	6314
107	6065
1	3546
2	527
0	338
23	395
10	214
9	142
0	15
0	15
0	1527
0	0
0	0
0	0
0	0
0	0
0	0
0	0
0	0
0	0
0	2
0	2
0	0
0	0
0	0
0	0
0	0
0	0
0	0
0	0
2	0
0	0
859	2478
28	1734
0	330
11	125
1	367
1	355
0	136
1	5
0	0
5	0
743	1422
13	1327
0	1333
0	1372
0	394
6	256
2	862
6	893
0	956
0	894
0	217
14	0
0	82
1	125
33	0
23	0
3	155
11	0
19	0
13	0
0	0
16	944
816	981
100	93
0	0
12	803
0	0
0	0
0	0
492	441
6	441
0	336
4	1
0	1
509	1033
6	918
0	521
0	192
1	136
1	0
6	1
0	1
738	781
4	781
0	112
3991	3026
2	777
3	313
69	1231
52	2048
0	0
0	0
0	0
0	0
0	0
0	255
0	255
15	233
1	227
0	0
0	0
0	0
0	2
0	8
0	2
0	2
14	8
0	0
5	71
4	1
0	1
23	71
0	0
0	499
7	521
1	520
3	103
3	43
3	69
0	9
0	0
1	2803
0	2755
40	1992
10	78
2	221
1	263
10	62
5	242
11	195
13	9
229	863
0	2
0	664
0	165
0	221
0	762
6	157
2	204
9007	1287
72	657
3	190
2	0
303	0
7	0
0	0
1	4
1	0
0	4
11	0
3	0
0	0
0	0
0	0
0	0
1	129
0	24
0	24
701	129
0	0
0	0
0	0
0	0
0	0
0	0
0	0
1	0
0	0
0	0
1	0
0	0
0	1
1	28
0	0
136	46
0	46
0	0
0	5
0	5
0	4
164	2085
0	741
5	736
1	733
3	464
1	502
0	1171
2	1028
0	0
0	835
84	571
1	0
1384	0
262	70
0	70
0	0
0	0
0	0
0	0
6	2484
202	2572
27	35
0	0
0	0
0	0
3	756
50	704
7	63
885	2935
2	590
8	2345
10	1788
3	0
0	0
0	0
98	576
7	0
1178	1650
24	1461
6	160
29	1341
2	412
2	2
9	2
137	4601
2292	4601
41	73
64	827
1	529
13	515
0	257
5	487
46	274
0	0
2	0
6	0
0	28
2	47
0	47
5	3
0	3
0	0
0	2
104	41
3	41
0	0
0	0
0	0
0	0
0	0
0	0
0	0
52	189
0	189
0	21
0	35
0	5
0	0
1	0
1	0
7	0
58	364
38	364
16	0
0	0
0	0
0	0
0	0
0	0
0	0
0	7
0	7
0	0
1	0
2	0
0	1
0	1
1	0
0	0
0	0
0	2
0	0
3	0
96	413
2	623
0	901
20	862
21	356
25	400
2	343
0	753
0	559
215	0
0	0
0	0
0	3
4	65
0	0
0	0
0	0
0	0
0	69
0	69
0	0
1	0
0	0
0	0
0	0
0	0
0	0
0	0
0	0
0	0
7	1259
2	1324
3	263
0	166
3	206
11	12
3	81
10	44
3	527
42	44
0	0
0	0
0	9
0	10
0	9
0	0
0	0
3	0
0	1
0	0
0	0
0	0
22	3
0	0
0	0
0	0
0	0
3	0
3216	1253
0	79
3	1174
36	3
15	32
0	0
11	1
695	493
1	206
0	332
0	321
2	0
0	0
16	162
3	17
10	0
96	834
5	625
2	155
15	333
25	2
5099	3493
14	3298
29	2837
0	0
14	0
1	0
0	0
12	55
0	19
0	0
0	276
0	668
0	1019
0	1072
82	472
0	686
1	4
0	89
0	87
0	1732
7	279
0	1780
9	1433
1	1760
0	228
23	1494
2	106
3	231
3	122
0	271
6	263
0	30
0	0
0	0
0	0
2	431
46	535
0	526
0	382
10	1
17	68
0	0
0	0
0	0
0	0
0	73
0	64
2	70
9	70
10	38
9	2
2	1
0	9
0	5
0	49
5	49
235	49
0	0
0	5
0	16
4	12
0	2
0	9
0	0
0	0
108	1326
0	1326
0	339
0	0
3	28
23	28
6	0
4	0
525	0
291	0
3074	1041
0	81
0	947
6	233
27	96
0	1
27	9
3	0
0	0
0	0
0	1
0	0
6	0
0	646
1	663
4	343
50	150
17	106
31	8
94	1893
132	769
0	1267
2	503
6	1644
14	181
11	0
1	8
2261	1348
7	70
3	1352
1	334
0	0
0	0
0	0
21	0
1077	626
14	549
1	242
0	132
0	0
0	0
0	0
0	0
7	2
5	2
870	68
2	68
2	6
0	6
0	6
0	6
1	0
22	0
0	0
3	57
100	66
0	0
29	9
36	995
2	0
6	473
0	477
5	457
0	104
0	248
2	81
1	193
0	189
71	0
96	1
2	7
118	31
0	25
0	21
0	0
156	9
8	9
0	51
3	51
0	30
0	76
53	85
0	76
8	18
16	0
0	10
0	9
0	0
0	0
0	0
0	0
0	0
0	0
5	129
0	129
0	13
0	0
5	0
0	0
12	32
0	32
0	5
0	8
0	3
0	0
0	0
0	0
1	1
0	48
0	361
1	339
18	15
3	32
0	17
0	18
1	2
7048	2382
37	1869
119	1110
1	721
0	513
0	589
0	131
0	717
1	24
39	597
0	56
11	66
0	34
0	38
0	41
0	11
1	25
0	4
0	2
10	19
1	0
3	23
0	4
0	5
0	5
1	5
0	0
1	0
2	8422
0	1252
0	0
0	90
0	80
0	90
0	42
1	1
1	2
0	23
0	0
64	0
0	0
2	0
0	0
233	8422
0	0
0	8422
0	579
0	1
0	1
0	0
0	1
0	0
2	0
2	0
63	0
0	0
0	0
0	0
6	209
2080	918
92	43
73	0
53	0
106	0
1	0
0	53
0	613
0	0
0	0
0	0
51	827
31	827
5	119
12	0
0	147
14	0
25	28
165	46
0	0
227	0
138	0
15	265
0	0
88	227
70	12
0	0
0	0
4	2
0	12
3	7
31	0
15	0
171	1407
53	1180
132	5
154	1477
4	420
5	761
42	794
91	447
3	157
5	285
0	43
0	41
0	23
0	10
0	26
0	1
0	0
0	7
0	34
0	3
0	6
0	4
0	5
0	0
0	0
0	0
0	0
1	0
0	0
0	0
0	0
0	0
0	0
0	0
0	0
0	78
0	107
0	43
0	0
7	19
0	19
0	0
72	98
1	98
1	1301
0	277
10	251
2	827
1	141
0	0
0	842
0	1254
0	4
0	911
0	0
0	0
0	43
56	965
1	857
16	963
5	1
0	153
0	0
0	0
0	0
66	1197
15	1197
0	91
0	1197
0	1197
2	596
17	596
26	558
472	0
151	493
3	192
10	26
12	81
20	0
23	221
7	169
1	51
2	24
21	5
1	606
71	567
0	106
30	25
3	20
0	168
9	71
16	26
0	2
0	26
0	6
0	4
0	0
12	116
254	454
21	6
9	114
2	448
5	130
0	281
10	51
0	24
0	88
3364	2083
11	738
1	0
20	0
0	0
0	0
0	0
7	1222
66	81
41	6
0	125
0	83
0	0
4	48
70	0
680	339
5	339
0	0
402	75
0	70
160	73
0	71
20	2
8	151
0	152
0	58
0	15
0	0
0	0
0	1
0	0
0	1
0	0
0	0
0	0
0	0
0	0
0	0
0	1
0	0
0	0
0	0
0	0
0	0
0	0
0	0
0	0
0	0
0	0
0	0
0	0
0	0
0	0
0	0
0	0
0	0
0	0
0	0
1	0
0	0
0	0
0	0
29	7
0	6
0	2
0	2
0	15
0	16
0	3
0	1
0	1
0	43
7	260
242	260
0	0
207	344
4	384
0	76
0	86
1	17
0	95
0	0
0	41
0	167
0	154
1	37
0	23
0	0
3	1000
0	1118
34	1070
0	385
0	668
2	466
0	78
1	15
31	8
0	159
107	179
2	41
5	178
0	82
1603	2546
0	2548
0	2546
0	1230
1	1230
1	250
0	0
15	219
0	97
4	92
30	1933
0	999
206	1933
3	9
2	6
1	6
41	9
0	7
830	336
36	336
34	53
5	126
0	1
389	0
0	0
0	0
1378	1348
7	166
6	135
7	1108
20	810
0	0
0	0
0	42
25	42
0	0
0	0
2883	371
19	213
9	187
11	156
0	0
4	0
3	0
3	0
0	0
1	0
5	0
3	0
0	0
0	0
29	0
0	0
16	0
8	0
0	0
2	0
0	0
797	32
0	30
0	0
0	0
0	0
0	0
452	1948
124	1952
0	877
84	652
4	1499
12	212
0	42
0	194
0	199
0	120
8	6
54	13
1	0
0	0
0	0
0	0
0	0
0	0
0	0
0	0
0	0
0	0
0	0
0	0
0	0
0	0
0	0
0	0
0	0
0	0
0	0
2	0
0	15
0	10
0	17
0	17
0	0
0	3
0	7
0	0
652	306
1	306
0	0
0	0
0	0
0	0
2	2
0	2
0	2
0	0
0	0
0	0
0	0
0	0
0	0
0	0
0	0
1	0
3	1110
205	1482
21	195
0	1420
0	1409
1	172
0	677
2	120
0	0
1	0
7	0
274	735
2	732
0	0
0	0
72	1
0	1
0	0
0	0
0	0
1	371
0	76
0	0
0	0
0	0
0	0
0	0
0	0
0	0
0	0
0	0
0	0
0	0
0	9922
498	4144
185	9068
2	2890
9	62
25	0
8	1408
0	1676
11	1685
5	1602
2	284
2	231
0	0
30	0
0	0
5	14
0	7
0	7
7	283
0	277
0	19
3	10
1100	0
0	0
0	42
0	7
0	12
0	11
77	239
0	7
0	6
0	6
0	8
0	8
0	8
0	6
0	8
0	10
0	10
0	11
0	15
0	225
0	228
3	12
0	4
0	6
1	9
0	0
0	35
2	13
0	0
0	0
874	325
2	325
0	0
694	675
33	665
4	664
1	435
41	0
0	0
0	187
44	1684
269	1901
2	503
0	595
0	358
0	276
0	549
1	467
24	101
0	160
0	118
113	0
0	0
608	569
0	426
44	569
8	408
187	149
64	171
0	62
1	0
4	0
0	0
0	0
0	0
8	1770
2	1985
9	1965
11	334
7	0
39	1
0	0
0	0
0	0
0	0
0	0
0	0
0	0
0	0
0	0
27	83
0	83
6	71
0	7
3	2805
10	1
1	0
0	0
46	1009
0	852
2	268
0	480
0	134
1	0
0	80
0	0
0	0
0	0
0	0
0	0
0	0
40	5590
0	0
0	0
0	0
0	0
0	0
0	0
0	0
0	0
0	0
0	0
0	0
1	0
1	0
0	0
0	0
0	0
0	0
0	0
0	0
0	0
0	0
0	0
0	0
0	0
0	0
0	0
0	0
2	1
0	0
0	1
0	1
0	0
0	1
0	0
0	0
0	0
0	0
3	150
96	9
0	0
0	0
12	0
0	0
56	339
5	340
0	25
8	0
0	0
3	3
19	3
0	0
2	160
1016	1382
3	1370
3	70
210	778
10	755
1	0
0	409
0	186
19	106
3	611
0	560
43	704
0	700
0	105
0	678
56	259
1	109
3	111
2	0
8	99
3	14
0	0
0	0
0	0
0	0
0	0
0	0
0	0
2	227
0	153
0	59
0	10
2	56
107	115
4	0
0	0
0	0
21	2773
0	0
0	720
54	7
80	490
0	4149
56	183
9	109
0	1845
0	4272
142	490
2	386
7	210
1	0
2206	1679
0	1679
0	0
0	0
0	0
0	0
0	0
6178	0
0	0
0	1095
12	1079
42	1046
13	56
0	56
3	36
0	0
0	0
0	0
1	0
0	2
0	0
0	2
0	0
0	0
0	0
1	1
0	1
0	0
416	4983
23	449
0	295
0	138
5	4762
21	616
54	0
0	0
0	0
23	2
0	2
0	0
0	0
26	0
394	597
5	152
1	569
33	0
76	50
252	1570
0	1534
3	132
0	47
0	76
5	29
189	3448
2	3451
15	150
36	663
116	13
0	93
0	320
0	307
0	496
2	0
26	39
2	490
8	389
20	236
0	0
0	0
6	190
0	0
3	0
0	0
43	0
2	6115
0	4668
0	6418
49	132
0	4550
166	0
0	4966
224	3
34	3081
37	375
147	301
0	885
25	61
0	22
0	57
0	0
46	175
0	155
0	78
0	70
2	69
1	1
0	24
12	0
16	0
47	17
0	0
0	0
0	0
22	447
1	1
0	436
0	26
28	0
22	0
0	53
0	127
3	0
0	0
270	2375
6	2442
16	1807
77	173
0	0
95	0
0	0
0	0
0	0
0	0
0	0
0	0
7	2256
0	156
3	686
10	500
86	2242
0	851
0	279
0	0
12	361
9	231
5	119
2	0
1	0
0	0
0	0
0	0
0	0
0	0
0	1
0	0
2	0
0	0
0	0
0	0
0	0
1	0
0	0
1	1800
0	0
0	0
0	133
0	1801
0	133
0	1803
7	1800
1	1936
1	124
2	335
0	672
3	312
7	0
8	2
0	0
0	6
26	2
2	0
0	2
3	0
0	117
0	118
8	5
0	0
18	62
0	63
0	28
4	3
14	212
0	0
3	50
0	191
0	157
1	1
0	3
0	1
9	0
13	1
0	0
0	0
14	7
3	2
2	7
0	0
15	6
0	29
0	16
2	3
0	1
0	2
69	8
0	8
387	679
2	585
6	145
6	125
0	9
0	0
0	0
0	0
26	0
162	233
15	233
0	0
19	22
1	21
0	15
1	0
0	1
0	0
1	0
0	0
0	0
0	0
0	0
40	8334
221	15109
61	2352
3	13672
0	12261
1	2100
1	8384
0	4
2	1389
0	0
18	247
0	1
16	368
0	368
3	59
0	39
1	10
2	101
2	0
21	3
0	3
0	0
0	0
0	0
0	0
0	0
0	0
0	0
0	0
0	0
0	0
4	0
0	0
2	0
0	0
0	0
0	0
0	0
0	0
0	0
10	0
27	190
3	3213
16	3369
2	323
1	0
134	11
0	11
0	0
0	0
1	0
3	1
1	0
0	1
5	0
192	821
21	821
0	33
228	610
3	583
2	486
0	430
19	34
13	75
0	11
0	27
0	40
0	10
0	8
2	24
0	9
0	11
8	1570
4	497
22	961
0	1595
0	445
0	148
0	73
0	138
0	1047
3	30
0	0
0	0
73	1
0	1
0	0
0	0
0	0
0	0
2	1
0	0
38	721
0	737
6	177
62	482
0	0
0	0
5	138
2	58
2	0
6	44
0	4
0	0
0	3815
0	3868
3	1691
6	430
0	3772
0	1691
0	0
9	219
9	345
1	3357
5	2006
0	950
20	127
63	993
119	5
0	139
0	9
1	431
5	346
0	298
50	215
0	0
0	0
0	0
3	0
0	0
7	0
0	0
0	0
1	1
0	0
0	0
0	82
0	5
0	97
4	101
0	9
0	2
1	0
0	0
7	522
0	2
0	2
0	2
0	1
0	0
0	0
12	605
0	344
0	630
1	482
0	18
14	1
23	137
2	0
0	0
0	0
0	0
0	0
0	0
2	0
0	0
0	0
0	303
205	1444
73	9
0	71
0	1132
1	0
0	0
8	34
273	759
3	284
1	459
0	28
5	249
0	0
0	0
0	172
0	0
0	54
0	0
0	5
16	0
0	0
0	0
0	0
0	0
0	0
2	329
0	0
325	4942
167	4928
1	4778
48	2974
6	2746
135	137
0	2561
83	489
0	0
3	0
2	692
20	10
0	9
0	10
1	4
0	9
0	8
0	1
0	2
0	0
0	0
0	0
0	0
0	0
0	0
0	0
0	0
0	0
0	0
0	0
0	0
11	230
2	0
13	26
0	1
0	9
0	4
0	11
0	8
4	31
0	30
0	30
7	1
75	1
22	1030
2	277
344	1062
0	312
18	1170
0	1183
29	949
0	844
0	442
5	317
0	0
104	2
10	0
0	0
4	0
0	0
0	0
1	37
171	37
13	0
0	0
0	0
6	596
0	126
0	226
0	0
0	0
0	0
1	10
0	0
0	0
12	109
102	109
0	0
0	0
0	0
2	0
8	0
46	320
1	258
5	58
7	114
3	59
12	11
465	0
28	346
2	212
6	166
0	121
37	0
32	70
0	79
8	414
9	247
0	421
2	230
0	177
0	167
8	142
0	267
0	285
0	0
0	22
2	60
11	0
3	0
14	28
34	0
0	0
0	0
0	0
0	0
0	0
0	0
0	0
0	0
0	67
2	61
38	310
0	86
21	44
0	230
0	0
2	198
14	0
4	129
23	125
1	99
1	108
0	96
0	0
2	1
6	0
0	0
1	0
703	0
10	0
4	6
0	0
9	2
0	1
0	0
0	2
0	0
0	0
0	0
0	0
0	0
0	0
0	0
0	1
0	0
0	0
0	0
0	0
0	0
0	0
0	0
0	0
0	0
0	0
0	0
0	0
0	0
0	0
0	0
0	0
0	0
0	0
0	0
0	0
5	14
0	7
3	0
1	7
3	7
0	0
0	0
0	0
0	0
0	0
2	25
0	0
0	0
0	0
0	0
5	0
0	289
0	269
0	251
57	363
4	331
0	312
81	13
0	72
13	57
0	0
0	0
0	1
0	0
73	15
0	15
0	0
587	655
0	271
8	287
7	0
0	0
0	0
0	0
0	0
134	2
5	0
263	222
0	143
0	2
0	79
6	0
3	0
0	0
0	0
0	0
1186	6
0	23
19	0
10	10
0	10
343	41
0	41
10	529
14	550
2	428
4	105
0	0
3	131
925	2573
4	37
0	2655
4	1357
0	0
0	0
0	0
0	0
0	0
0	0
0	0
0	0
10	2437
0	0
0	0
0	0
0	0
0	4
0	4
0	4
0	4
0	0
0	0
0	0
805	1777
70	1123
12	786
6	330
1	0
2880	36
4	6
0	6
2	3
0	0
0	0
0	0
0	0
0	0
0	0
0	0
0	0
0	0
0	0
0	0
0	0
0	0
0	0
0	0
12	223
1384	987
15	733
6	589
6	801
10	33
1	85
0	18
0	18
0	17
0	18
1	16
0	15
0	9
0	13
0	9
6	1
2	28
7	158
4	21
8	141
1	89
19	91
0	0
3	0
15	29
0	0
0	0
0	88
2	489
45	476
0	383
0	8
2	0
0	363
0	363
0	352
0	28
0	0
0	0
0	2
0	2
2	2
524	229
1	61
0	62
0	0
0	11
0	12
1	7
0	0
1	11
3	15
6	6
0	2
7	223
10	168
0	5
0	17
14	0
11	1
41	12
23	7
0	3446
20	3419
0	3419
0	0
0	0
3	1501
24	351
10	29
0	200
13	196
5	196
2	6
8	0
11	4
3	4
0	0
0	7
0	7
0	7
0	0
1	38
0	36
14	5
0	0
0	7
0	0
0	0
0	2
0	2
0	0
0	3
1	2
970	425
0	111
31	314
0	0
18	95
0	0
3	0
10	0
16	498
1	542
0	216
1	303
0	205
0	144
402	518
14	516
0	307
1	329
0	234
4	140
0	875
1	875
0	0
3	0
0	5516
0	5516
0	5516
2	1849
0	884
9	693
0	0
0	789
0	0
0	0
0	1805
0	1249
1	1725
0	1287
0	0
0	0
0	0
0	0
42	10
0	9
0	10
2	2
0	8
0	8
1	8
21	0
278	369
21	81
10	299
28	284
13	108
0	0
1	70
9	70
0	0
0	0
1	0
0	0
0	0
1006	0
0	0
0	0
0	0
0	0
0	0
0	0
0	0
28	488
0	464
92	279
10	1
14	25
1	1389
0	1356
45	819
0	1260
0	1207
1	5
9	123
5	6
13	24
3	84
11	464
9	28
3	107
7	315
0	643
0	509
0	86
18	217
0	117
0	273
3	184
3	10
1	6
0	4
6390	1996
58	710
0	1423
15	312
0	4
0	8
0	8
2	10
0	1
8	4
0	5
0	3
0	0
0	0
0	0
0	1
0	0
0	2
0	0
0	0
0	172
0	177
0	177
0	155
0	181
0	133
0	49
1	4
0	48
2	22
5	6
0	0
0	0
19	0
86	347
60	0
11	347
0	0
0	9
0	8
0	9
0	4
0	3
0	0
0	1
0	1
0	0
4	185
2536	1564
1	1478
0	1208
0	138
11	334
0	0
0	408
7	541
0	519
0	112
4	0
0	1
0	0
0	585
303	2012
4	1781
0	0
0	0
0	0
0	0
0	0
0	113
0	119
606	227
49	192
8	0
20	0
666	2684
17	2725
54	1053
0	428
2	431
0	0
8	1714
0	1
4	44
0	1673
0	3
5	3
0	0
0	0
3	0
3	0
1	34
12	772
68	105
92	744
56	2
2	0
0	0
0	0
0	2
0	0
0	3
0	3
55	315
157	427
7	224
0	278
2	98
6	0
53	0
0	0
1	152
10	0
0	6
28	589
0	589
0	45
1	36
1	0
1	74
0	72
398	84
1	84
10	0
72	0
1	0
10976	5595
5	5586
0	0
15	1
0	0
0	0
1	0
0	0
0	0
0	0
0	0
2	0
1	1
2	0
0	2
0	2
0	0
1	0
0	0
0	0
0	0
109	325
11	60
59	265
0	107
3	58
181	252
1	252
3	0
10	0
25	4659
0	4598
23	0
2	73
0	0
0	0
3	0
0	1
0	1
1321	91
0	91
0	0
1	0
101	272
9	272
0	176
2	50
0	0
0	0
0	0
11	0
1	0
1	0
0	0
0	0
1	0
0	0
0	0
1	0
0	0
6	1
2	68
0	1
0	0
0	0
0	1
0	0
3126	0
0	0
0	0
0	0
0	0
0	0
1	0
0	0
0	0
133	5
0	5
0	0
0	0
0	0
0	0
319	548
0	79
1	79
5	0
0	150
32	0
0	280
1	289
119	187
1	4
1	4
0	0
0	0
0	0
0	0
0	0
0	199
21	957
0	0
0	0
0	0
0	0
0	0
0	0
0	0
0	0
0	0
0	0
0	0
0	0
0	0
0	0
0	0
1	0
0	0
0	0
0	0
0	0
0	0
0	0
3	0
0	0
0	0
0	0
0	0
0	0
0	0
0	0
1	23
2	10
0	21
0	17
0	6
0	16
0	0
0	14
0	0
0	4
0	0
0	0
0	3
0	0
0	9
0	0
1	0
0	0
0	0
9	0
0	0
0	0
1	0
1	0
0	0
1	0
4	0
54	115
0	0
2	0
0	0
0	0
3533	1809
3	750
23	391
42	67
13	192
2	352
3	0
60	29
1	119
12	0
0	421
1	0
0	0
0	0
1	0
0	0
0	11
0	0
0	130
0	100
0	110
0	97
0	83
0	99
1	63
2	217
6	146
0	179
0	52
0	79
7	168
1	96
0	195
0	37
0	0
0	0
0	79
0	137
0	136
0	130
0	155
0	129
0	101
0	88
1	7
1	178
0	101
0	89
2	97
21	79
0	0
2	0
1	0
0	0
0	0
11	0
0	0
0	0
0	0
0	0
0	10
0	19
0	13
0	13
0	8
0	0
0	0
0	0
0	0
0	0
0	0
0	0
1	0
0	0
0	0
0	3
0	4
0	4
0	2
0	0
0	0
13	911
34	99
5	822
10	76
0	1103
63	1103
3	1032
21	75
19	12
139	302
0	0
44	0
0	0
0	0
1	0
2602	206
4	204
0	0
0	0
0	0
0	0
2	0
0	0
0	99
0	94
0	0
0	0
31	0
1	0
0	0
1	0
0	0
0	0
0	0
0	0
0	0
99	150
0	120
0	131
0	6
0	0
16	1
0	34
0	89
0	122
11	126
0	32
0	22
8	3
8	3
0	58
0	0
0	0
0	4
0	0
2	0
0	0
6	0
0	467
0	240
0	467
15	208
0	10
1	0
30	2
4	0
0	316
96	403
1	122
2	5
0	343
1	123
27	174
0	18
97	199
31	0
0	17
0	0
0	1
0	6
0	10
0	8
0	14
0	1
0	0
0	11
0	11
0	4
0	0
721	2032
0	1938
1	1747
2	1598
9	581
36	865
12	805
19	805
0	0
5	0
0	0
0	0
0	0
0	0
0	0
0	0
0	0
307	511
5	511
4	0
48	5
0	5
8	7
0	190
50	1643
48	33
0	30
1	0
0	2
0	1
0	23
0	1617
1	0
0	0
7	20
0	2
0	0
0	0
0	0
0	0
0	0
0	0
0	0
0	0
0	0
0	0
33	198
23	342
12	315
0	124
20	7
34	110
3404	1057
0	799
0	501
86	343
2	477
0	0
0	32
1	32
1	7
2	0
0	3
0	7
0	14
0	14
0	27
0	14
0	13
0	0
5	11
1	11
5	413
3384	1419
1	1394
0	0
0	0
0	0
0	0
0	0
0	0
0	0
36	5629
2	324
1	5349
1	5321
0	178
0	61
93	29
0	298
4	561
10	995
97	4120
0	0
15	4120
2	1108
0	1091
7	228
3	159
41	878
9869	1238
4	1100
94	0
67	0
1	0
22	0
0	0
0	0
0	0
0	0
0	0
0	0
0	10
13	14
0	3
0	0
0	4
0	3
0	494
193	493
41	222
0	0
3	0
1765	0
79	957
1	852
0	1013
0	118
6	3
0	3
14	0
0	0
2813	969
5	952
97	17
46	40
0	33
0	0
1	0
0	3024
102	681
0	2771
0	2184
0	2751
0	916
80	645
1	0
1	3
12	1
7	275
0	0
3	118
0	0
8	104
1	255
0	23
25	1107
0	726
37	1132
11	561
0	984
1821	2
173	1070
13	1078
1	270
3	391
8	384
16	507
4	0
47	58
17	196
0	620
9	594
9	3185
3087	11082
0	10039
0	0
1	28
0	28
0	5
0	0
0	20012
42	19125
0	19107
3	19118
1	19635
0	3
0	3
0	5
0	5
0	5
0	2
0	2
0	3
0	3
0	0
29	896
0	901
1	29
0	20
2	138
0	66
0	280
3	0
0	0
0	0
3	2
0	2
0	2
0	0
0	0
0	0
161	502
0	384
0	230
2	61
2	48
138	2437
4	2361
0	1534
60	0
0	0
1	0
15	0
0	0
0	0
0	0
0	0
0	120
689	120
0	3759
2	3745
3	3633
10	345
2	54
0	479
0	117
0	135
3	68
0	0
3	9
0	1
0	1
0	1
0	1
0	0
0	1
0	1
0	0
0	1
25	45
0	45
1	4
0	4
0	51
430	55
1	18
0	37
0	0
8	0
0	0
3479	944
0	944
92	0
1	4
0	4
429	0
0	0
0	1
0	1
0	1
0	0
18	0
0	0
0	0
6	0
4476	812
23	322
6	256
1	488
0	0
15	648
2808	1594
1	438
2	1489
3	338
17	0
0	258
11	303
1	45
423	174
0	83
2	26
0	89
4	139
0	36
6	118
94	138
0	0
0	114
1	22
191	0
0	0
0	6
0	8
0	36
4	64
0	63
2	67
1	40
0	0
0	0
0	0
11	181
24	253
0	234
5	253
4	235
0	234
5	56
0	78
5	82
0	89
0	12
2	12
0	9
0	8
0	10
2297	842
6	623
6	546
40	0
0	0
131	0
165	2
234	4212
0	4077
0	4077
0	3479
0	651
0	737
4	589
0	80
24	395
0	0
0	0
0	0
0	0
0	0
0	0
0	0
0	0
0	0
0	0
0	0
0	6
0	7
0	1
28	13
0	12
0	0
0	1
49	783
2	783
7	145
11	144
0	0
0	4
0	4
3	1859
3	1605
23	1936
1	169
15	363
0	362
0	264
0	3
0	0
0	0
2	305
1	113
0	671
0	550
0	408
0	181
1	118
1	56
1	97
0	0
4704	338
5	141
9	303
8	0
3	273
102	1915
0	1818
64	215
18	89
121	328
7	281
106	27
0	3
8	3
0	0
0	0
0	0
0	0
150	2852
8	2900
1	398
2	599
1	251
116	212
0	0
0	0
38	82
44	948
0	96
1	248
0	420
3	342
61	0
0	239
3	239
2	20
0	7
0	6
10	32
2	0
1	2
0	2
0	2
0	2
0	0
0	0
663	341
6	35
1	327
0	0
2	0
0	37
2	430
1	363
1	24
16	249
1	166
0	174
4	37
0	187
164	224
8	241
0	153
0	108
0	13
1	0
17	25
0	213
11	198
3	149
14	25
14	36
2	63
0	24
71	53
0	28
1	0
0	0
0	0
0	0
3	27
0	27
1	0
0	3
0	0
0	0
0	0
0	0
4	0
0	0
2	0
7	105
58	388
6	2142
4	2089
33	560
7	265
72	0
18	0
1	330
5	274
3	0
0	97
11	10
0	268
1	745
7	673
0	745
0	572
0	693
21	84
6	81
0	0
0	120
31	224
2	199
0	0
1	0
0	23
2	23
0	21
3	0
0	1
0	0
2	2
0	0
0	2
0	0
0	0
0	0
0	0
0	1
0	0
0	0
0	0
0	0
0	0
0	0
0	0
0	0
0	0
0	0
0	0
0	0
0	0
0	0
0	0
0	0
0	0
0	0
0	0
3	0
8	0
0	0
19	0
0	0
0	0
1659	2367
2	2363
0	0
23	0
26	13
3	139
5	53
12	1207
0	3863
0	3782
68	142
35	159
0	3900
1	153
8	25
0	0
11	855
81	430
262	309
0	95
0	0
0	0
0	0
0	0
0	0
0	6
0	11
3	36
0	5
0	36
0	3
1	29
1632	0
0	0
0	0
0	0
1	0
0	0
0	0
0	0
0	0
0	0
0	0
0	0
0	36
0	32
0	3
4	5
0	0
1	53
0	49
0	40
0	49
0	41
0	0
0	0
0	0
1134	1227
0	1223
7	822
127	314
0	0
0	0
15	32
0	32
0	0
0	0
0	2
37	11
0	10
0	0
0	0
0	0
0	0
0	0
2	21
0	247
47	0
0	410
5	147
0	223
0	24
0	21
0	411
0	216
0	18
0	32
0	44
1	1
0	0
153	1995
0	1874
1	310
2	530
0	906
1	356
2	474
0	0
19	2
6	2313
3	0
0	0
17	44
9	207
311	2940
1	174
0	2729
0	2371
0	2551
3	115
0	1704
0	2417
0	1685
0	2412
8	2415
0	2429
0	0
48	2
1	2133
16	1419
3	89
3	44
2	126
0	111
0	2158
0	440
0	156
6	190
0	2245
0	2747
0	2131
0	2314
0	2314
10	2195
0	1242
0	2434
0	2040
0	1584
8	547
92	542
0	54
0	1245
9	277
6	1026
0	1120
0	36
0	322
2790	158
6	76
0	151
1	116
0	0
0	0
0	0
0	0
0	0
134	92
0	92
0	0
1	0
0	0
0	0
3	12
0	72
4	26
0	76
2	71
0	29
0	71
0	0
0	0
0	1
0	1
0	0
0	0
1	0
0	0
0	0
0	0
0	0
0	0
0	0
0	0
0	0
0	0
0	0
0	0
0	0
0	0
0	0
0	0
0	0
301	335
0	334
0	351
14	134
12	0
0	0
0	0
0	0
0	0
0	0
0	0
0	0
0	0
0	0
0	0
634	493
0	383
0	490
4	435
0	228
255	90
3	56
46	34
3	0
0	0
0	0
1283	0
3508	2406
33	637
61	1815
0	2232
6	101
0	38
1	1
0	0
1	0
0	0
0	0
0	0
0	0
0	0
0	0
0	0
0	0
5	262
0	0
0	0
0	0
0	0
0	0
0	0
3	434
0	0
411	484
155	580
24	580
21	108
12	251
0	149
0	0
0	0
0	0
0	0
0	0
0	2
0	0
0	0
0	0
0	0
0	0
0	0
0	0
0	0
0	0
0	0
0	6
0	6
0	6
0	6
0	6
0	6
0	5
0	6
0	6
0	6
0	6
0	6
0	6
0	6
0	2
0	3
0	6
0	2
0	2
0	2
0	4
0	1
0	6
0	6
2	6
0	2
0	4
0	4
0	6
0	6
0	6
1	0
0	4
0	0
0	1
0	0
0	0
0	0
0	0
3	3
0	0
0	0
0	0
0	0
0	0
4	105
0	15
0	104
0	0
0	0
0	0
0	2
2	17
0	2
0	16
4	2
0	2
0	2
0	15
0	2
1305	436
3	39
23	397
6	147
12	16
3	3386
104	261
6	4206
0	228
0	4206
100	142
0	0
0	248
61	8
0	8
2	5
0	4
0	1
7	396
0	1
0	43
239	136
0	93
59	49
5	109
0	49
3	0
0	0
0	0
20	2651
1	2550
6	430
0	476
12	300
0	159
0	213
1	165
2	51
208	276
9	233
0	207
0	2
67	2
0	9
0	9
0	2
1	17
0	21
0	34
0	30
0	8
0	93
0	14
0	8
0	3
0	28
0	27
0	6
1	86
0	26
0	29
0	25
1	24
0	237
66	232
0	46
5	108
0	148
0	29
0	0
0	31
0	0
0	0
0	303
0	293
0	283
0	214
2007	795
5	84
3	22
19	109
5	86
1	146
54	473
0	155
0	183
2	144
5	86
1	27
63	34
0	1
1	237
137	237
0	293
494	482
0	210
2	300
7	89
1	117
11	111
173	131
4	131
0	65
0	0
0	0
25	511
0	510
0	333
37	136
5	288
0	121
22	172
12	1
1318	691
2	689
0	0
0	45
0	41
0	4
0	33
0	3
0	3
0	12
13	1
73	1331
0	908
107	971
44	1329
0	712
0	56
0	28
2	208
53	208
0	51
0	32
0	37
13	2112
0	1773
0	1025
0	1
0	1
0	5
0	0
0	5
2	1
0	0
0	1
0	0
0	0
3	6
823	6
17	0
0	0
0	0
0	0
0	0
8	423
0	434
0	381
1	401
0	0
9	226
1	47
0	41
4	79
2	83
34	2
1	56
19	1835
6	999
0	1897
0	1852
0	180
0	131
0	0
6	539
0	1961
0	2886
23	125
3	2848
0	234
7	2
0	95
3	0
0	0
1	350
0	1
0	0
0	0
209	10
13	10
1570	282
0	83
6	97
5	10
0	72
3	34
0	145
70	851
0	2128
76	2134
4	207
4	0
0	0
55	1119
0	141
0	1
0	1
0	0
0	0
0	0
0	0
970	4308
141	4308
108	4308
4	0
6269	819
2	819
0	0
1	87
0	63
0	75
6	81
0	33
0	15
0	27
0	26
0	6
0	0
0	0
0	0
0	0
0	85
0	16
0	276
3	280
37	136
0	14
1	77
2	34
0	33
683	5183
4	5205
36	4972
3	436
0	624
0	0
3	0
131	1137
98	1011
1	258
0	238
7	8
11	115
0	211
0	201
0	213
0	209
0	203
0	200
0	59
0	57
13	8
0	6
0	7
0	1
0	4
0	0
514	294
0	294
5	225
62	278
1	20
0	47
2	244
0	277
2626	1248
21	322
6	170
0	461
0	734
0	133
0	848
0	325
13	665
24	248
47	2607
3	426
0	1193
5	563
2	1007
19	2413
0	214
5	1028
8	0
801	183
0	68
0	88
0	6
7	85
0	0
1	11
0	0
0	6
0	0
0	0
0	0
0	0
0	0
0	0
0	0
0	0
0	0
0	0
0	0
0	0
0	0
0	0
0	0
0	0
0	0
0	0
0	0
0	0
0	0
0	0
0	0
0	0
0	0
0	0
0	0
0	0
0	0
0	2
0	6
0	1
0	1
0	1
82	0
4	80
0	74
3	36
4	38
0	0
0	0
2	7
0	37
0	4
0	2
0	8
0	3
2	217
0	191
0	203
1	89
12	180
0	5
0	79
0	0
2946	1200
9	301
0	683
0	465
9	73
1	654
0	549
39	40
0	2
0	2
0	2
0	1
1	3
0	1
0	1
0	1
0	3
0	1
0	2
0	2
0	2
0	1
0	0
0	0
0	0
0	7
0	7
0	7
2	2
0	5
0	7
0	7
2	388
8	111
1	105
14	310
0	0
249	635
13	405
0	245
2	59
0	210
778	0
2931	1564
15	379
0	292
126	670
6	381
0	2
0	11
0	11
9	0
228	1489
8	1425
0	1506
0	1508
1	1508
0	827
5	175
9	289
4	260
0	242
0	234
10	123
1	106
3	0
0	0
0	0
0	0
0	0
0	0
0	0
0	0
0	0
3	54
8	2855
78	3181
8	93
0	817
1	1200
3	480
26	115
0	0
5	159
1165	0
0	0
0	0
1355	0
0	0
1	0
0	0
0	0
2	0
0	0
0	0
0	0
0	0
0	0
0	0
0	0
0	0
2	57
3	125
2	949
3	829
1	38
13	507
0	965
0	866
2	501
1	484
1	14
0	158
232	0
2	0
0	0
0	0
0	0
0	0
0	0
0	4
0	0
0	1
0	0
4	45
0	45
0	0
0	2
2	2
1	0
0	0
0	0
0	0
0	0
0	0
0	0
0	0
0	0
0	0
0	0
0	0
0	0
0	0
0	0
0	0
0	0
0	0
0	0
0	0
0	0
0	0
806	115
2	101
11	77
21	2
0	0
0	0
0	0
0	0
0	0
0	0
0	0
0	0
0	0
0	0
5	0
0	0
0	0
0	0
0	0
0	0
22	3316
166	3317
1	3188
0	1303
9	616
0	0
0	630
29	639
0	306
0	185
20	130
8	8
1	50
14	57
0	47
4	55
0	18
0	14
0	0
0	0
0	0
11	28
0	28
22	40
32	42
1	5
14	0
0	0
22	42
4	42
39	432
0	432
2	41
3	1
39	1279
7	434
0	1265
10	682
0	550
27	1048
2	261
1	46
0	344
0	340
2	228
15	2
0	2
0	0
76	12536
45	11163
0	3857
33	7749
7	11840
8	4014
9	153
0	153
4	756
0	261
0	784
0	70
0	836
0	768
2	18
0	92
1	756
1	64
1	75
0	89
1	32
0	3
1	3
1	3
158	688
2	615
22	275
37	169
1	18
0	151
0	3
0	3
0	0
0	0
7	319
3	303
27	60
0	0
0	17
0	39
2	32
0	41
0	62
207	10591
22	10588
20	10562
22	3393
4	937
8	658
5	109
5	109
1	7954
13	1633
1	7726
11	5935
6	1385
3	4446
25	169
1	121
10	488
3	6798
0	382
0	425
0	1900
3	1450
0	26
19	687
32	4397
0	0
3	0
0	32
0	37
0	38
0	3
0	13
0	18
0	8
0	8
0	2
0	1
0	1
0	1
0	1
0	1
0	0
0	0
0	0
0	0
0	0
68	708
19	707
0	117
3	243
0	101
0	118
0	45
0	0
877	2230
0	2226
11	748
2	0
1	375
4	291
1	177
153	44
0	0
2	41
7	43
0	11
39	633
0	611
5	627
0	79
0	232
798	453
7	124
7	29
0	124
14	221
0	0
0	0
0	0
29	993
1	1179
118	2010
20	1764
0	163
0	0
1096	645
0	645
47	1718
25	1700
0	1716
2	366
0	351
3	363
2	343
0	281
3	253
34	602
71	849
7	682
0	614
0	1753
244	2691
0	893
2	2690
1	2200
4	226
0	490
257	2329
0	2320
105	2114
10	983
11	942
26	592
75	335
0	112
146	254
93	1681
0	1929
6	1350
1	204
0	744
1	129
0	1340
8	357
2	494
0	239
0	241
0	241
0	247
5	18
0	38
5	29
0	13
0	1
0	24
0	2
0	21
0	0
3	0
1	0
1	4
5	4362
22	4359
6	2931
1	2528
28	2556
10	476
3	296
0	91
12	259
0	100
1	204
458	411
4	304
0	30
6	323
5	147
31	2
188	0
22	0
0	924
107	879
1	214
1	893
0	24
51	372
0	61
0	536
1	83
0	125
0	79
11	1098
7	54
0	1091
1	171
0	1011
16	252
4	39
0	31
1	22
0	4
2	623
0	1943
14	1503
32	1707
4	573
0	0
29	468
1	0
11	112
1601	6484
16	6480
3	61
2	1
3	2
0	2
0	2
0	61
797	0
2	24
0	24
0	26
0	15
0	13
0	12
0	214
0	226
0	214
0	226
0	214
1	79
0	76
0	5
0	133
5	103
3	64
0	89
0	48
0	8
0	2
0	2
0	0
0	0
0	0
0	0
0	0
508	298
6	298
0	0
24	858
6	1137
0	1175
12	693
3	640
4	318
1	1778
849	1787
11	1785
0	2560
0	2633
0	2494
0	2557
0	2563
0	2487
0	2223
3	2523
0	2629
0	1506
3	1656
1	388
16	104
3	36
0	0
0	0
0	0
0	1
0	1
0	0
12	220
502	430
2	339
0	264
1	244
2	42
21	77
6	60
692	2
102	1297
3	1297
0	556
0	117
9	0
0	283
13	177
3	1215
1	117
0	79
6	32
0	36
6	562
0	6
0	1434
0	1434
6	274
0	0
1	107
72	3289
65	2801
0	132
138	2123
0	506
0	342
2	549
2	374
0	785
3	785
3	387
0	192
8	187
111	5421
0	5309
0	314
19	134
0	48
946	93
0	93
0	89
6	0
0	37
9	11
0	31
3	132
7	111
0	81
1	11
0	45
1	145
0	39
0	38
0	40
0	43
3160	1710
13	270
4	418
141	222
0	305
22	199
0	495
154	1229
1	960
8	14
0	0
0	846
7	137
0	394
26	32
4	344
36	541
1	302
0	544
5	313
12	36
1	173
0	58
3	23
223	293
0	293
4	85
3	67
7	0
0	0
0	0
0	0
0	0
1	6613
75	3655
4	3269
0	6618
25	2878
622	2786
38	2161
0	0
3	0
0	0
14	323
5	467
0	412
4	285
0	407
0	282
0	219
0	50
1	48
3	25
7	709
3	75
3	303
1	1
14	669
1	125
0	640
0	12
0	115
0	71
0	1
0	0
0	1
262	968
2	723
2	328
5	308
2	1911
0	1911
3	581
1	9
272	204
3	162
4	130
0	42
0	43
0	43
0	42
0	7
0	1
0	0
2	1
0	1
0	0
0	0
18	757
9	756
0	719
0	14
1	7
10	1880
0	1930
3	466
5	384
6	582
2	356
3	276
1517	903
34	175
0	241
1	555
17	173
84	33
1	33
0	15
3	0
0	0
0	0
369	2866
0	3092
3	2612
2	702
8	27
0	676
23	42
5	485
21	0
13	456
1760	1850
21	1760
0	34
4	1345
35	1787
344	456
9	101
2	238
0	6
23	157
54852	9175
0	0
22	3689
22	5433
0	0
0	664
17	522
0	447
0	464
0	611
2	229
0	374
0	224
0	563
1	55
15	69
6	0
0	0
2	0
0	0
0	33
3	33
0	3
1	4
2	70
0	5
23	11
11	69
0	19
5	4
3	37
0	38
0	44
3	37
0	38
4	40
0	13
0	6
0	36
0	37
0	9
721	356
17	356
0	826
0	0
0	826
5	135
1	125
1	77
2	139
3	146
0	96
0	0
10	57
0	102
88	6742
13	6400
15	375
4	900
21	734
17	44
7	1725
0	976
2	246
0	1654
1	1699
2	0
0	192
0	173
3	90
24	28
7	50
792	182
0	182
8	139
0	63
2	63
25	0
1	1232
0	1157
43	1148
9	1292
11	1239
3	289
0	1045
2	636
2	564
13	16
0	46
1	130
2	16
981	68
0	68
25	8
0	13
0	12
0	8
258	1279
3	1081
68	916
0	622
12	228
1	1
270	517
6	310
4	426
2	186
0	56
2	325
0	0
1	120
0	11
0	6
150	977
1	979
13	495
424	914
1	864
0	949
0	63
0	109
8	454
0	454
2	0
0	0
0	92
0	92
0	59
0	0
0	43
3	9
0	1
0	1
0	1
0	0
42	2112
4	2054
3	575
2	140
0	426
0	424
7	324
16	43
0	151
19	0
2	22
10	25
0	3
0	0
0	0
0	0
3839	1531
20	1382
4	149
4	392
186	7034
6	6647
2	485
0	19
35	5508
5	1251
9	29
0	3312
49	2618
0	0
2	69
0	1
0	11
10	47
0	66
0	60
0	66
0	10
2	52
0	21
0	6
0	9
0	21
0	3
0	9
3	2
0	115
0	115
0	33
0	77
0	115
0	109
0	13
1	18
1	14
0	34
0	36
0	19
0	12
0	14
0	0
2	30
0	27
0	27
15	30
13	285
61	297
1	82
8	55
0	4
0	1
4	92
0	1
14	56
0	8
7	106
0	8
0	11
0	6
1	12
9	36
1	34
0	1
24	292
0	132
0	0
0	5
0	340
3	65
1	23
0	0
0	246
2	62
4	13
25	314
0	36
30	21
0	0
0	292
0	7
0	132
0	7
47	308
4	23
0	0
0	13
14	331
0	36
0	0
0	5
6	5
0	0
58	0
8	0
24	185
2	186
0	0
0	164
1	179
18	103
72	111
90	106
0	106
65	0
19	0
0	0
0	0
8	165
20	165
0	0
0	0
1	0
0	16
0	21
5	19
87	58
6	32
5	17
0	0
0	0
0	0
3	205
4	80
9	111
3	69
15	55
8	33
17	2077
8	2132
8	83
0	476
1	297
0	550
0	289
1	71
3	148
0	518
22	129
9	17
0	2
0	0
0	15
0	3
0	4
0	1
0	75
249	326
0	131
258	184
305	661
36	582
0	37
0	64
10	99
2	189
9	9
0	0
0	0
0	1
0	1
25	9020
4	0
1	0
57	9011
54	6510
25	15
0	1218
11	9254
103	2070
78	0
10	1052
5	10
823	0
1	0
0	0
0	0
702	132
0	22
0	110
5	70
0	19
0	0
0	0
4083	52
45	90
0	88
0	2
0	1
0	45
0	10
0	7
9	1620
334	1620
1	169
0	174
633	2477
15	325
1	721
7	99
3	842
0	628
428	1638
1	644
8	129
3	360
3	339
4	270
20	130
0	71
1	0
142	42
11	3
6	39
0	0
0	0
1	0
0	0
0	0
0	0
0	0
4	0
390	17
0	17
19	0
0	0
0	0
0	0
0	0
0	0
316	2372
0	2372
2	0
214	173
3	158
0	16
0	0
37	0
1120	528
0	503
0	204
0	86
17	105
0	5
0	5
0	0
0	102
2	29
0	100
19	802
0	187
0	837
0	764
45	357
3	4
0	4
758	211
5	211
142	40
0	40
2	40
0	23
499	87
0	36
2	51
1	0
0	0
0	0
0	0
0	0
5	80
0	0
0	420
0	177
0	288
3	3
10	46
1	200
0	191
3	4
0	0
0	0
0	0
0	0
0	0
0	0
0	1
0	1
0	0
0	0
0	0
0	0
0	0
1	121
0	0
10	1
623	538
1	538
0	323
0	240
2	1461
2	1400
54	1454
1	257
6	113
11	461
0	162
283	20
0	16
3874	472
34	472
0	0
1	0
0	0
6	0
0	0
24	406
0	244
6	34
2	279
2	324
2	233
0	0
8	28
10	31
0	1
5	30
0	0
0	0
7	30
3858	257
73	243
5	243
2	10
37	33
2	33
1	0
0	0
0	0
0	0
1	0
0	0
0	0
0	0
0	0
0	0
0	0
0	0
0	0
0	0
0	0
0	0
0	0
0	0
0	0
0	0
0	0
2	0
1	81
0	1
18	39
0	86
0	61
0	14
39	15445
4566	16143
13	0
0	7288
14	2674
8	653
0	45
8	45
2	25
0	25
4	25
0	4
0	15
0	2
0	185
395	187
0	13
3	0
2	5
0	5
0	0
0	0
0	0
0	0
0	0
0	0
0	0
0	0
0	0
0	0
0	0
0	0
0	0
0	0
0	0
0	0
0	0
2	0
0	0
0	3
0	2
0	2
0	1
0	0
0	2
15	2
1	138
860	273
1	248
0	118
0	59
18	62
0	122
0	87
0	1
0	0
0	0
0	0
0	0
513	96
0	85
1	92
0	65
13	0
0	0
22	355
16	41
5	363
8	49
0	0
0	38
1	5
13	646
0	117
6	565
6	331
46	27
0	191
3	111
0	124
0	0
0	0
0	128
8	128
0	4
1	199
0	186
1	1919
41	1999
5	157
2	625
1	86
0	0
0	0
0	19
0	160
0	0
0	0
0	0
254	928
0	798
0	1199
0	1385
18	933
2	379
12	379
0	15
0	0
0	15
0	15
1	6
1	6
0	11
0	0
0	0
0	1
0	0
0	0
0	3
0	3
0	1
2	0
0	0
0	0
0	0
16	4
0	4
0	378
4549	1882
7	1340
2824	604
4	176
2	254
0	221
3	122
7	20
1	51
5554	0
1	29
0	31
0	30
0	30
0	0
0	0
0	12
0	10
2	10
0	11
0	2
0	0
16	902
0	912
0	272
0	112
0	20
0	12
0	14
0	5
41	562
1	569
7	505
0	12
3	3
0	3
211	2310
0	1332
0	2304
5	178
0	446
38	272
46	162
8	0
87	61
0	48
0	19
1	30
1	3
1	2
480	1889
18	188
0	656
52	1357
8	28
4	347
1	151
0	213
0	0
0	7
0	3
0	2
0	3
0	0
0	2
0	0
3	42
0	0
1	13
0	0
0	4
0	13
0	13
0	4
0	11
0	13
0	13
0	0
0	0
0	0
0	13
0	13
0	4
0	1
0	0
0	0
0	0
0	0
0	0
0	0
0	0
0	4
0	13
0	13
0	0
0	0
0	0
0	13
0	3
0	2795
0	101
0	2800
0	2200
6	106
8	28
0	0
51	381
0	448
49	257
372	153
2	22
2	44
0	158
0	188
151	11951
0	9323
1	9372
17	10703
17	6225
0	2800
13	4220
14	0
845	815
864	4490
12	3851
11	3232
18	2961
54	3259
0	1025
52	827
255	1407
124	2854
80	2851
16	452
37	147
0	9
0	0
0	0
0	0
0	0
0	0
0	0
0	0
0	0
1	0
0	1
0	0
0	0
0	0
0	0
0	1
0	0
0	0
0	0
0	0
0	0
0	0
0	0
0	0
2	0
0	0
0	0
0	0
0	0
0	0
0	0
0	0
0	0
0	0
0	0
0	5
0	0
0	0
0	0
0	0
0	0
0	0
0	0
0	0
0	0
494	681
0	0
5	669
7	104
3	0
0	63
98	9
1	11
0	11
1	1
0	0
0	0
0	2
0	0
0	3
0	0
0	2
0	1
0	0
0	0
0	0
10	321
583	714
0	0
2	49
0	13
7	589
0	1
520	556
2	492
0	408
11	151
8	0
0	0
0	0
0	0
1933	2014
14	442
0	722
96	722
20	361
12	541
35	513
16	252
1	3
0	3
0	0
0	0
2	0
1	2
0	0
0	0
0	2
0	0
853	3
0	0
0	0
2	42
312	43
0	1
1	0
0	0
15	239
0	0
0	3
4	3
240	4859
1	2096
0	4525
12	3979
2	4133
0	1065
16	62
0	401
0	429
0	1154
0	1147
38	1347
7	928
33	684
0	0
0	7
0	0
0	0
2	0
0	0
0	0
1	46
279	1120
0	0
0	1120
10	721
58	740
1	95
13	341
0	190
0	196
179	35
0	51
0	0
22	4
2097	139
0	21
0	0
63	0
3	118
125	379
0	379
7	301
0	0
0	1452
2	2220
0	2106
0	472
0	0
2	0
0	366
0	0
1	0
2435	3200
0	556
37	156
3	3189
0	0
6	2674
166	3191
0	0
0	0
0	0
281	0
0	0
73	977
39	457
36	199
0	521
0	0
119	28
0	0
0	0
0	7
0	9
0	12
0	0
0	0
0	0
0	0
22	0
22	0
0	0
1	112
1	114
0	101
35	31
14	30
27	0
2	0
4	41
0	1
0	1
0	1
44	162
7	24
1	9
2	108
0	814
0	818
29	825
4	202
1	245
0	93
0	92
0	93
0	74
1	1
4	0
1	0
1	0
0	0
2	843
1	1229
0	1336
6	506
70	487
456	2092
11	486
5	1542
4	575
0	1049
0	181
9197	0
0	0
0	0
0	0
0	0
0	2
0	2
0	0
0	0
2	0
0	0
15	23
0	23
5	112
11	112
0	0
1	0
0	6
0	6
0	6
1	0
1	0
0	0
24	55
0	1255
93	1306
2071	1309
3	335
0	0
0	0
0	0
0	0
0	3
0	3
35	0
6	0
0	0
0	0
0	0
1	0
1	0
5223	1107
9	1105
0	0
0	0
0	0
0	0
0	0
0	0
0	0
0	0
0	0
0	0
0	0
0	0
139	3819
49	3982
4	458
0	10
25	2777
686	0
0	0
0	0
0	0
0	0
0	0
0	0
0	0
0	0
0	0
0	0
0	0
0	0
0	0
0	0
0	0
0	0
0	0
0	0
0	0
74	1209
3854	5170
2	2393
92	195
76	35
85	751
2	521
1	1761
2	1042
0	1635
6	14
0	0
118	0
0	739
2	429
0	469
85	722
0	480
6232	484
6	0
1	182
0	140
0	0
0	29
0	3
2	3
0	0
2	0
0	0
238	3466
0	3000
20	466
0	1133
1	0
0	0
0	0
0	0
0	2
0	1
0	0
0	1
7	1
1	0
0	0
0	0
0	0
0	0
0	0
0	0
0	0
0	0
1	6
0	0
0	0
0	0
3282	2529
0	281
9	473
0	402
60	1324
3	1467
29	1
0	1
0	1
0	0
0	0
0	0
0	0
0	0
0	0
0	0
0	0
0	0
0	0
0	0
0	0
0	0
0	0
0	0
0	0
0	0
0	0
0	0
0	0
1	0
785	786
3	749
19	101
10	87
2	7
21	1428
30	1428
0	1428
1	9
0	24
16	125
0	106
0	398
0	228
45	52
57	136
0	113
0	101
0	71
12	0
15	24
0	25
0	32
0	1
0	0
0	0
0	0
0	0
0	0
0	0
0	0
0	0
0	0
0	0
0	0
0	0
0	0
0	0
0	0
0	5622
0	764
0	0
0	57
0	184
0	0
0	0
0	1023
0	5622
0	0
0	0
0	0
0	0
0	0
0	5622
0	0
30	207
495	5469
5	0
0	0
15	0
0	0
12	0
83	82
12	13
0	69
0	0
0	0
0	0
0	0
0	1
0	1
0	0
0	0
0	0
0	0
0	0
0	0
0	0
0	0
0	0
0	0
0	1
0	0
0	0
0	0
0	1
0	1
0	2
0	18
0	3
0	16
0	0
0	0
0	0
8	0
0	0
0	0
0	0
0	0
0	0
0	0
0	0
0	0
0	0
0	0
0	0
0	0
0	0
0	0
0	0
0	0
0	0
0	0
0	0
0	0
0	0
0	0
0	0
0	0
0	0
0	0
0	0
0	0
0	0
0	0
0	0
0	1
0	0
0	0
2	0
0	573
135	1655
0	255
1	198
24	1082
0	0
0	0
35	0
8	104
115	82
0	82
67	0
1	0
90	0
2	3
58	3
22	196
0	196
0	0
6	0
0	27
10	3
81	399
154	404
1	119
0	0
0	0
0	1
0	0
0	0
0	0
0	1
0	0
0	0
0	30
0	7
1	30
0	0
0	0
0	0
0	9
30	9
0	0
2	10
0	0
1	0
6	2
0	0
0	0
0	0
0	0
13	7
0	10
0	7
0	0
0	0
0	0
0	0
3	0
0	0
19	0
0	0
0	0
117	4568
40	4761
25	4472
40	190
38	82
173	4051
14	202
1	379
756	456
0	456
22	1
0	0
0	0
0	12
8	12
0	0
0	140
0	143
0	15
0	23
0	0
0	0
0	7
0	1
0	0
0	0
0	0
0	0
0	0
0	0
1	63
0	72
0	32
0	30
0	3
0	0
0	2
2	9
0	0
0	0
0	0
1	0
0	0
0	0
0	4
1	4
0	0
3	12
9	53
14	98
88	197
0	183
2	32
0	5
0	43
0	23
0	0
0	0
0	0
0	0
0	0
0	0
0	0
27	2619
19	1453
2	70
0	957
0	351
2	940
1	2173
28	724
38	713
2	572
13	14
6	44
8	76
5	164
5	102
2	108
4	63
0	0
17	1847
0	0
0	0
572	1104
10	184
28	1036
9	0
0	3
1	597
5	141
2	141
0	0
96	2961
20	2629
0	2989
4	2675
1544	2912
239	2
5	395
18	162
4	19
0	19
1893	4
14	0
17	2
2	0
28	0
0	0
17	0
0	0
1	0
0	0
0	0
0	0
1	0
0	0
0	0
0	0
78	1315
6	88
5	1251
0	385
0	378
0	379
2	75
0	37
2	3
0	0
0	0
0	0
0	0
0	0
0	0
0	0
0	0
0	0
0	0
0	0
0	0
0	9
0	17
0	11
0	2
0	9
0	0
0	0
0	0
0	0
4476	149
0	139
5	0
0	0
0	0
1	0
0	0
0	0
0	0
0	0
0	0
0	0
0	0
0	0
0	0
0	8
0	8
0	2
0	0
0	2
0	0
1	0
0	0
0	0
0	0
1	0
0	0
266	981
0	902
10	17
0	79
0	0
0	62
2014	19
45	19
2	0
4	337
1	973
0	1029
31	1006
0	956
0	162
0	194
2	31
4	38
1	36
225	502
0	500
14	15
2338	596
151	2
4	596
42	28
27	0
734	1063
0	890
0	838
3	99
0	79
205	435
50	277
3	145
1	0
1	403
0	0
7	3357
96	11115
156	11079
351	11073
1	435
3	25
0	0
0	0
0	0
0	410
0	407
4	413
15	355
0	41
0	11
0	260
0	1030
1	0
537	1001
0	0
8	3
0	0
0	3
0	0
10	2
0	3
0	3
0	1
0	2
2	1916
0	1857
16	1924
0	2079
1	1666
3	1674
0	1179
22	150
0	620
0	358
4	484
0	138
0	451
1	375
1	45
0	0
0	6
0	234
0	235
0	113
0	99
0	0
0	0
6	62
0	62
3	14
0	8
0	0
0	0
0	0
0	0
8	0
144	977
217	979
5	170
0	221
2	54
0	0
0	0
26	0
0	0
0	0
0	0
0	0
0	0
6	4
0	0
0	0
1	0
4282	5292
2	1242
12	1078
19	2594
11	1450
0	1232
5	967
1322	72
45	68
0	39
7	26
0	0
0	0
0	0
0	769
138	769
0	268
2	0
0	1
0	1
0	0
4196	181
23333	181
1463	2076
8	1872
95	1968
6	476
173	1835
7	38
127	780
2	114
0	0
0	0
0	0
0	0
0	0
0	0
0	0
0	0
0	0
0	0
0	0
2	11
3	80
800	704
0	0
0	624
0	1571
2	1497
1	1354
63	879
17	413
0	240
1	118
4	17
11	33
345	91
2	57
0	939
0	1007
1	950
0	150
1	186
3	242
0	94
0	14
0	0
3700	172
4	172
2	0
0	0
0	0
0	0
0	0
5	6
4	248
0	196
13	43
1	55
5	228
3	155
3	53
0	60
3	23
0	0
1	0
0	0
0	43
0	104
0	104
0	43
0	0
0	0
0	0
0	64
0	64
0	122
0	52
0	76
0	122
0	0
0	0
1	0
0	0
0	0
0	0
0	0
23	0
4	0
2	0
3540	311
0	309
2	0
0	9
0	0
0	0
1	0
2	0
15	0
0	0
0	0
0	0
0	0
4106	1162
6	117
1	482
1	561
0	0
0	0
0	0
0	0
0	0
0	0
0	0
1	0
0	10
0	22
0	10
5	0
10	0
3	0
0	0
4	0
0	0
0	0
0	20
0	0
0	22
0	20
0	4
0	9
0	10
0	9
0	10
0	0
0	0
0	21
0	8
0	6
0	17
0	7
0	5
223	573
11	171
0	545
4	180
0	165
0	146
6	7
1	66
0	0
4	6
4	6
1	72
0	3
225	1131
14	475
0	632
2	254
6	57
0	618
61	1059
2	583
9	1034
0	0
0	0
0	0
13	251
4	251
0	1
3	1
0	1
0	1
49	0
0	0
22	30
0	0
0	0
0	0
0	0
0	0
0	0
0	0
0	0
0	0
2499	420
1	412
0	244
0	0
8	0
4	0
143	1178
0	1178
1	24
0	0
0	0
11	5589
0	4994
2	3897
15	0
95	0
15	0
50	0
65	0
621	507
0	408
6	53
88	53
13	7
0	1
0	0
12	0
354	3770
22	45
0	219
9	218
12	290
2	120
74	191
0	201
12	251
35	3010
0	0
2296	277
6	275
8	0
0	0
0	0
6	2
8	2
0	0
7	1657
1	1586
8	85
13	355
1	32
19	99
0	153
0	3274
183	3274
1	312
0	401
8	203
0	0
0	3
1	8
6	8
0	4
0	0
14	131
0	131
0	30
3	1173
37	1173
1	252
3	7
121	0
4	169
0	0
0	0
0	0
92	528
1	528
3	23
5	144
2	264
0	29
0	0
1	2
0	0
0	0
0	0
73	0
17	0
4	0
0	0
45	361
24	473
898	551
0	1
0	0
0	154
0	0
2	0
3	0
0	178
0	41
0	141
31	1
2	1
0	0
225	4481
0	2813
0	4498
0	221
27	4191
48	33
2	586
0	286
115	647
12	104
3	0
14	1207
291	2939
0	2954
0	1408
3	25
4	1684
0	2169
23	1008
47	572
0	658
125	597
0	161
5	0
8	0
0	0
0	14
0	15
0	15
0	15
0	0
2	0
0	0
0	0
0	0
0	0
0	0
0	0
0	0
0	0
0	0
123	78
0	75
2	82
0	78
1	11
0	0
2	0
2	0
0	0
12	37
6	347
10	587
240	851
1	0
52	245
0	287
0	0
0	0
0	0
0	0
0	0
0	0
0	0
0	0
0	0
0	0
0	0
7	51
51	51
25	51
0	0
5	0
1	0
720	4670
24	86
0	0
0	717
1	4582
0	3
253	1805
34	35
0	73
4	1805
1	183
51	558
1	212
2	274
3	293
17	317
6	183
38	0
3	5
77	297
30	60
3	218
0	209
0	3
0	3
0	0
341	0
34	4204
0	1421
2	2214
0	2107
83	3846
12	1088
28	2312
16	1122
3	1088
1639	466
4	153
0	144
5	234
0	39
15	13
8	13
6	88
0	106
1	106
204	3856
220	3858
0	511
0	0
0	0
0	836
0	700
0	287
5	395
0	289
0	7
0	5
0	5
0	4
0	1
0	1
2	202
9	381
16	384
0	420
0	401
0	328
3	58
1	8
0	78
0	126
1	77
0	13
0	406
1	368
48	319
0	26
1	67
4	4
0	3
5	3
2069	276
78	276
74	132
0	130
0	21
203	202
2790	1030
12	128
9	653
8	735
0	121
8	374
7	534
1	547
0	83
0	56
2	60
1	0
0	2
0	2
80	93
1	88
23	7
0	0
3	2076
0	1981
0	337
17	1967
1	264
5	147
2	0
5	116
4	123
0	123
14	97
80	21
0	0
0	8
0	4
0	13
1	5
1	0
0	0
0	32
3	1245
4	16
0	1241
0	1296
0	0
0	53
3	1148
0	1015
0	96
0	902
5	840
0	1245
0	1263
0	1
2	25
1	800
0	103
4	17
1	86
2	77
0	279
0	3
0	1
0	4
1	1
1	0
0	5
0	12
12	12
11	1113
28	1173
0	203
3	80
9	408
0	106
16	110
2	0
8520	3922
0	432
4	49
6	67
0	487
0	210
0	42
1	2687
1	2316
0	0
2	714
1	0
2399	917
0	334
1	72
7	205
9	305
36	295
5	295
1	0
1	17
0	14
1	0
3	6
0	221
0	6
1	0
10	104
499	220
9306	1999
11	1997
0	0
0	0
0	0
0	0
1046	0
77	0
155	38
0	1796
8	140
29	257
16	2079
12	528
204	68
159	570
0	35
1	44
18	11
11	0
0	6
0	0
3	7
0	7
0	2
0	2
0	0
1	27
0	0
0	0
0	11
0	11
0	11
0	11
0	11
0	0
0	58
0	614
49	639
31	546
0	35
4	175
1737	8322
175	8321
1285	4687
1	4387
4	326
22	0
12819	27084
16	3271
0	0
109	4153
0	0
0	0
44	16670
17	8381
69	2796
36	2942
0	8881
4	3622
60	944
0	4254
0	4233
22	345
0	4294
0	1223
0	4281
0	4261
10	1217
0	529
0	572
27	346
3	6
6	0
0	103
0	0
0	130
0	1
0	119
0	0
0	126
0	116
0	10
11	0
2	2
0	16
0	100
2	50
520	0
0	0
0	598
2	581
10	557
0	208
0	77
0	557
0	574
3	4
2	7
0	21
2	18
0	26
0	289
2	5
0	36
0	4
0	4
0	1
0	1
10	95
16	1092
0	1091
8	46
16	4
6	1
4	402
1	100
41	32
7	32
0	0
0	834
32	764
0	849
53	83
0	821
0	78
12	787
70	1573
0	1376
3	198
5	590
1	93
12867	76
119	70
0	0
2	245
0	231
1	250
0	14
8	42
2	17
10	8
72	1004
1257	1160
0	0
0	0
0	0
0	154
1	0
30	691
0	695
24	211
0	167
11	119
8	495
38	492
0	451
6	215
1	218
10	219
0	0
1	125
2	96
0	62
154	729
1	838
10	1112
2	509
0	0
0	0
0	209
6	2926
13	2827
113	2548
5	431
10	288
22	19213
5	10058
0	17680
0	15970
437	15458
255	4601
63	15362
46	14215
0	11050
5	4474
5	4439
1	9443
0	11248
2	6077
0	2138
36	4
0	4
90	2971
0	1960
0	0
2	2069
41	208
0	2098
0	1
0	1
0	1
375	117
0	81
41	49
2	2
195	16724
38	16522
168	16575
0	16128
14	14939
0	15988
7	47
0	0
17	3132
28	3132
0	1
17	332
9128	2
0	0
1	0
0	0
16	7998
73	8666
38	1749
0	40
0	41
0	41
0	18
0	19
1	13
1	2
0	0
0	0
0	0
3	1
2078	0
3	1
3031	571
55	569
0	818
45	807
0	810
9	574
41	267
0	150
21	141
0	8
1	5
37	8
204	2593
3	2593
21	1
23	358
6	354
7	358
8	1075
0	0
3	409
142	423
1	14
50	222
24	220
0	94
0	287
14	2695
13	1561
3	2107
11	2653
2	475
23	140
1	318
202	1548
7	1548
8	1000
49	929
3	975
0	802
2	176
17	675
1788	7
5	3438
0	3438
1	2197
186	3350
75	492
2	1295
6	16
0	5
3	3
0	7
11	10
0	281
1	9
9	314
111	538
0	314
10	53
1	139
15	702
34	702
7	107
0	0
6	2
0	131
1788	0
7	0
1	0
1	0
0	0
0	0
0	0
0	0
0	0
0	0
0	0
0	0
0	0
0	0
0	0
0	0
0	0
0	0
0	0
0	0
0	0
0	0
0	0
0	0
0	0
0	0
0	0
0	0
0	0
0	0
0	0
0	0
0	0
0	0
0	0
0	0
0	0
0	0
0	0
0	0
0	0
0	0
0	0
0	0
0	0
18	0
0	0
0	0
0	0
0	0
0	0
0	0
0	0
0	0
0	0
0	0
0	0
0	0
0	0
0	0
0	0
0	0
0	0
0	0
0	0
0	0
0	0
0	0
0	0
0	0
0	0
0	0
0	0
0	0
0	0
0	0
0	0
0	0
0	0
0	0
0	0
0	0
0	0
0	0
0	0
0	0
0	0
0	0
0	0
0	0
0	0
0	0
0	0
0	0
0	0
0	0
0	0
0	0
0	0
0	0
0	0
0	0
0	0
0	0
0	0
0	0
0	0
0	0
0	0
0	0
0	0
0	0
0	0
0	0
0	0
0	0
0	0
0	0
0	0
0	0
0	0
0	0
0	0
0	0
0	0
0	0
0	0
0	0
0	0
0	0
0	0
0	0
0	0
0	0
0	0
0	0
0	0
0	0
0	0
0	0
0	0
0	0
0	0
0	0
0	0
0	0
0	0
0	0
0	0
0	0
0	0
0	0
0	0
0	0
0	0
0	0
0	0
0	0
0	0
0	0
0	0
0	0
0	0
0	0
0	0
0	0
0	0
0	0
0	0
5	0
0	11
10	7
0	1
1	4
2	91
0	1
0	1
0	1
0	1
7	171
0	0
0	0
0	0
0	0
1	0
12	0
0	0
1	0
2	6
18	228
18	193
16	372
27	146
0	392
0	412
0	417
0	382
26	163
0	340
0	414
0	235
0	369
0	240
0	215
0	291
0	0
0	20
11	17
38	6
0	10
0	11
0	12
2	90
0	21
4	38
0	16
2	0
4	0
0	1149
33	274
0	1183
0	35
26	238
0	1182
10	1152
0	773
0	16
9	115
2	171
14	121
0	35
565	1374
1	570
1	379
0	236
30	435
0	107
35	12
0	322
0	60
0	277
34	499
1	752
0	746
0	717
0	239
0	24
3	40
6	8
8	0
13	0
75	94
0	19
1	65
5	45
0	53
0	22
1	28
0	44
0	25
1	27
0	2431
0	2771
0	2865
15	2594
173	2843
44	71
28	359
0	254
13	0
5	303
18	0
2	87
0	12
11	9
43	878
0	878
0	119
0	8
0	7
81	8
0	4
0	3
15	0
0	0
3	375
6	195
22	276
2	768
6	532
0	600
0	527
3	483
57	240
4	667
3	312
407	744
17	1027
0	2355
63	2417
0	2519
0	2575
0	2491
33	164
6	2
71	2
0	162
0	152
0	0
0	24
0	0
0	0
0	6
217	5602
0	5670
0	5475
275	2053
0	56
1	1052
0	784
0	119
0	150
0	0
0	15
442	6
126	1764
0	1785
0	194
0	0
6	167
1	8
7	67
2	0
0	11
0	14
0	10
0	0
0	0
2	3
0	0
0	0
33	0
0	366
223	368
1	423
15	423
0	1575
1	1575
0	1575
2	1575
37	1575
7	1574
28	1575
6	0
0	2
1	1761
126	1761
2	272
0	607
16	561
74	561
0	560
0	6
0	0
0	0
0	0
0	1
0	3
0	3
0	1
0	1
0	0
0	0
0	0
0	0
0	0
160	0
1	0
45	56
0	30
0	55
1	13
0	165
1	0
3	1
0	0
262	76
0	76
0	8
19	34
0	0
1	242
10	316
0	317
0	15
0	12
0	4
1630	542
9	455
0	120
12	84
0	226
0	479
0	479
1	7
1	12
1	56
50	0
0	0
0	0
15	0
1	103
1	0
0	103
0	0
0	0
0	0
0	3
0	3
0	1
0	0
0	0
0	0
1	3492
109	1986
9	3428
52	3355
0	2531
1	2265
8	160
3	3
0	3
0	0
0	0
0	0
135	1301
894	1301
1251	1915
191	2015
3	1106
165	153
1	102
1	60
0	0
1169	1806
64	1577
26	286
5	1563
6	1193
2	1224
0	240
7	363
0	287
0	163
4	248
2	92
7	39
268	975
6	912
6	207
0	245
3	250
0	144
0	0
4	1067
152	1067
3	58
0	199
2	337
0	151
5	0
21	0
0	2824
193	2824
0	144
0	252
2	191
0	2543
0	345
5	365
0	0
0	0
3	262
16	388
0	574
5	2
0	2
2	1136
0	1047
7	916
1	303
118	71
23	5013
1	4708
0	4383
10	574
16	299
148	940
2	583
123	978
0	885
45	2613
31	1117
55	533
0	87
2	217
0	36
0	18
4	59
2	194
0	50
8	44
0	175
0	72
3	173
5	124
0	221
0	208
0	100
10	27
0	2
1	30
5	11
1655	65
70	59
0	0
0	0
791	1435
442	1307
10	220
0	0
13	0
2276	3375
0	3103
138	706
45	1567
40	1864
802	0
0	0
0	0
0	0
0	0
0	0
0	0
5	3
0	0
71	832
2	816
0	405
0	254
0	97
20	1629
0	1624
0	1629
11	1575
4	1572
0	77
151	65
1	62
18	83
0	1
2	22
207	2314
24	1951
229	2299
1	0
0	0
0	174
21	174
1	22
5	11
0	3
4	5
176	500
0	500
0	45
267	518
0	192
2	310
0	130
0	119
725	0
0	10
0	3
1	10
0	0
0	0
2748	383
30	381
0	363
0	273
0	356
2	369
0	152
3	161
0	130
8	163
0	123
0	120
0	139
0	42
1	0
0	4
2	2
294	1742
0	1418
5	1436
64	323
6	94
3	0
5	0
5	0
0	1
676	405
16	113
3	335
7	78
1373	495
14	493
0	0
0	325
278	8063
34	419
13	7886
4	7818
19	759
22	355
182	7743
2	1208
1	1208
12	1208
17	1074
0	946
5	170
0	0
890	28315
8	4256
4	24260
4	14949
197	24302
0	24048
539	786
23	786
0	3
0	0
0	0
12571	8
0	0
1	3
0	3
0	3
11	162
0	141
3	2
17	73
0	18
1	16
0	0
15	111
13	125
41	94
44	95
0	30
0	0
16	757
2	67
0	0
1	660
1	76
14	0
0	266
0	662
20	65
192	54
0	26
0	54
0	1117
7	1117
0	1178
1	1083
13	35
12	201
38	175
0	0
1	121
0	63
0	22
0	216
10	196
1	149
0	0
0	0
0	0
124	75
0	65
0	10
0	0
11	122
2	122
0	0
0	0
0	0
0	0
0	24
0	0
0	0
0	0
1060	827
0	827
0	0
17	0
779	341
27	341
0	0
0	0
0	0
0	0
0	0
0	29
36	7715
0	7722
11	7722
27	522
7	132
173	138
0	0
2	21
0	21
0	2
2	0
0	356
0	396
30	158
4	68
2	33
1	15
1	13
0	13
23	0
7	735
5	736
0	418
0	790
0	416
3	5
1	301
0	148
3	268
3	69
2	1
90	1
0	1
0	0
0	13
0	0
0	0
0	0
0	0
0	0
0	0
0	0
4	0
0	0
0	0
0	3
0	0
0	0
0	0
0	0
0	0
0	0
0	0
0	0
1	5
0	154
10	154
0	42
0	54
0	0
4	59
0	12
1	786
0	748
1	775
4	713
0	68
0	1926
161	1926
0	802
0	1935
2	152
10	63
0	719
4	688
5	0
20	230
0	293
0	0
0	613
18	663
0	249
0	29
0	14
19	35
0	52
4	28
0	20
0	0
0	0
1	751
7	1697
0	1774
12	1740
0	1701
2	1415
0	148
3	100
113	407
4	0
0	0
0	0
0	123
0	0
0	0
1	55
0	0
0	0
0	0
0	0
0	0
0	0
0	0
0	0
2	0
0	0
0	0
0	0
0	0
0	0
1	4
0	3
0	4
0	1
0	1
0	0
29	1418
15	1129
0	1413
33	1112
2	505
0	1060
6	94
6	43
5	18
0	0
0	0
0	0
54	1431
1856	1588
4	117
61	0
0	121
7	157
26	82
1	79
0	59
0	22
0	11
1	16
6	0
9	23
31	23
28	335
0	335
0	4
0	0
3	12
6	6
38	12
0	36
2029	295
3	524
13	271
871	78
1	78
294	231
40	137
5	241
499	429
16	323
3	1
0	0
0	0
0	0
473	4
12	0
2	0
1	1
0	0
0	0
1	0
0	0
0	0
0	0
0	0
0	0
0	0
0	0
0	0
0	0
4	0
0	0
0	0
1	337
0	290
0	336
0	343
0	185
1	301
1	112
6	3
7	0
19	159
7	0
0	0
0	0
16	131
0	0
0	0
0	0
0	0
0	8
0	0
0	0
6	220
0	0
0	0
337	724
78	724
1	118
7032	2185
62	2100
15	211
0	0
0	0
0	0
1	7141
0	5990
12	382
2	3268
0	6959
11	556
572	476
4	487
29	457
5	89
0	0
17	2643
0	2643
0	6589
1	42
8	12
4	1456
0	1
49	1444
0	414
22	3670
25	3953
0	2747
0	3229
6	269
2	613
44	567
3	274
1	88
0	0
1525	277
11	263
0	91
5	40
1	0
0	0
0	0
0	0
18	212
0	1274
91	563
15	0
17	1194
0	0
0	0
0	0
83	3683
108	3683
0	0
0	2711
0	237
0	0
4	0
5	400
32	134
137	587
437	4130
131	4128
1	699
3	456
0	0
0	0
0	0
0	0
0	0
0	0
0	0
0	6708
0	6710
0	6710
12	117
4	2078
1	2291
0	0
2	14
87	86
18	40
0	16
3	37
0	14
1	0
0	0
0	1
0	2
0	2
0	1
0	465
0	471
0	470
0	53
8	146
3	2
0	11
0	0
0	0
0	0
38	0
0	0
0	0
10	0
2	0
5	0
0	0
3	0
0	1980
68	1658
14	1598
0	466
0	0
0	0
16	0
0	0
110	1008
5	373
13	824
4	659
1	338
4	421
122	239
0	239
0	160
512	4863
0	458
50	2746
0	979
0	4388
0	561
8	656
20	121
9	423
0	17
4	78
0	85
0	84
0	84
0	66
8	31
1	43
0	0
4	0
0	0
0	0
2	5271
0	5061
0	4610
53	1724
22	5347
0	68
0	575
27	9392
0	9392
76	177
205	2244
3	157
0	27
11	508
0	0
3	113
23	664
7	728
0	663
2	123
10	122
11	32
3	197
3	215
0	0
0	2
1	2
0	2
0	0
0	1
0	1
0	1
0	0
0	0
4	0
3	672
13	1044
0	1075
1	1048
1	929
5	186
3	275
0	0
0	24
911	167
0	74
8	93
6	0
0	814
0	571
49	848
21	123
0	106
0	174
0	167
566	0
0	0
231	406
9	97
1	294
5	307
0	0
0	0
0	0
0	0
0	0
6	171
0	91
236	25
152	138
9	85
0	0
2	13
0	0
0	0
0	0
0	0
0	0
0	0
0	0
0	0
0	0
0	0
0	0
0	0
0	0
0	0
0	0
0	0
0	0
0	0
0	2
0	0
1	2
0	2
2	0
0	0
0	0
1	0
3	0
0	0
0	0
53	193
0	32
3	9
1	176
6	0
1	37
0	253
0	259
28	69
0	4
14	50
0	44
0	4
1	0
0	0
0	0
1	6589
0	0
0	0
0	0
0	0
0	0
0	0
0	0
0	0
0	0
0	0
0	0
0	15
0	0
0	15
0	14
0	14
0	13
0	1
0	1
0	6
0	0
0	0
0	0
0	0
0	0
0	0
155	291
0	107
5	188
0	378
28	1265
2	127
114	1265
0	167
45	0
0	1703
1313	2475
0	405
6	117
0	216
11	576
0	379
270	277
0	277
2	87
7	41
2	47
0	0
0	0
0	0
0	0
77	489
2	66
15	448
0	13
1	86
0	142
0	49
0	7
32	266
30	266
0	0
1	189
7	200
2	125
7	965
0	555
0	1047
0	208
4	129
10	5008
70	8824
286	9572
55	5923
26	19
0	12
0	12
0	0
0	1
0	3
0	0
0	935
0	0
0	0
6	6009
17	5249
33	5355
33	2506
3	4917
23	4158
0	1648
1	1168
0	785
19	597
241	85
0	74
1	15
0	0
0	15
1	2
0	9
17	32
1	29
0	0
0	0
1	30477
7	3705
0	30454
70	1036
0	0
1057	24661
2	698
0	24196
73	35
4	0
0	0
0	0
60	0
1	0
3	0
18	0
0	0
1	0
0	0
8480	1111
4	375
20	251
0	0
9	253
4	34
23	225
3	5
4	0
0	328
9	0
496	368
2	355
0	51
9	144
2	14
0	442
0	422
5	300
11	79
85	229
13	229
0	0
3	70
0	0
0	0
0	0
67	301
18	301
0	12
0	5
0	6
607	510
12	510
0	0
0	1
5	1
0	0
0	0
13	1092
0	2645
48	2077
0	0
0	31
159	31
2	26
0	0
0	0
14	23
0	17
0	19
0	17
3	0
1	330
2	87
0	65
0	141
0	249
1	798
86	583
0	733
2	119
7	105
0	76
0	122
0	53
0	19
6	265
2	244
129	245
18	81
26	105
4	370
2	381
0	424
5	342
13	37
0	292
1	298
27	23
21	3
3	109
0	30
0	33
15	27
2	67
1	14
0	0
0	0
11	217
0	119
0	0
0	0
19	198
0	100
0	0
69	2087
0	2087
83	68
152	0
3	3
0	3
1117	75
1	75
30	3065
14	19
1	3130
1	3150
4	251
0	0
0	0
0	0
0	0
0	0
0	0
1	115
0	0
4	47
0	0
0	1
1	1
428	10761
0	8481
21	2061
529	8003
4	7988
7	889
2	0
0	0
0	0
42	61
1	0
0	17
6	59
0	10
0	6
0	0
8	41
0	17
5	0
0	0
0	0
0	0
0	13
0	13
0	13
0	15
0	3
2	3
0	4
0	0
0	0
242	4
0	0
43	100
1	96
0	1
3	22
1	0
0	0
0	0
0	0
91	260
0	2
0	258
0	0
5	1
0	7
0	7
4	53
0	249
0	231
379	81
7	50
3	31
0	0
0	0
0	0
585	164
0	11
0	12
0	0
0	0
4	0
0	148
0	0
7681	4
0	0
4	0
3	0
2084	1575
1	688
4	358
19	126
0	534
1739	156
0	69
6	83
1	0
10	51
0	51
0	49
0	0
0	4
0	3
0	3
0	0
0	0
0	0
0	0
0	0
0	0
0	1
0	0
0	0
0	0
0	0
0	0
0	0
0	0
0	0
0	0
0	1
0	0
1	21
4	2217
3	2254
14	840
4	407
7	218
54	214
0	238
1531	382
8	346
8	196
2	75
407	673
12	171
10	417
2	487
4	108
4239	469
0	469
0	0
1	69
0	0
0	0
37	316
0	0
0	0
0	0
0	0
4	2
0	2
0	1
0	1
0	0
0	1
0	1
0	0
0	0
0	0
0	0
0	0
0	0
0	0
0	0
0	0
2	5
0	0
0	0
2	4
0	5
0	0
1	0
0	0
71	733
3	8383
243	9098
0	0
1	0
0	0
0	0
0	0
1	424
26	335
0	89
1	410
2	408
0	409
0	275
0	347
2	6
1	90
1	171
36	1145
40	1916
0	1915
1	201
1	238
0	0
0	99
21	104
0	35
89	12
0	12
0	0
24	0
8	0
0	0
0	0
3	452
11	353
39	0
6	415
70	117
0	88
39	689
79	689
0	132
0	3
0	3
0	3
0	3
0	0
0	0
0	0
0	2
0	2
148	810
0	79
0	639
3	229
5	120
0	101
0	0
0	0
1629	1000
0	63
159	596
2	379
12	65
5	276
0	0
0	0
0	68
1	83
64	83
49	31
4	22
0	7
0	0
0	1
1	0
0	0
0	0
0	0
0	4
0	0
0	0
0	0
0	0
0	0
3	3
0	0
51	4459
228	4446
271	3816
250	167
0	167
0	213
45	233
1	86
1	58
0	21
1	0
0	0
8	139
0	141
946	178
6	10
0	0
4	166
6	55
0	0
0	0
242	0
0	0
0	233
0	233
3	233
0	123
1	0
0	13
0	0
0	37
0	38
0	0
2	6
0	3
0	0
0	0
10	49
3	49
3	346
0	355
0	156
11	396
0	148
5	12
6	138
0	2
10	90
0	90
2	0
0	0
0	0
0	0
0	0
0	0
0	0
0	0
0	0
0	0
1	0
1	0
0	0
0	0
32	1417
0	0
0	0
0	0
0	0
4	0
0	0
0	73
105	73
53	8
0	3
1	0
0	0
0	5
0	0
0	0
0	0
0	0
0	1
65	939
294	6741
8	18626
332	22275
2	10409
0	0
0	0
0	0
0	8495
6	1954
804	308
4	118
0	181
1	128
6	1272
0	67
2	64
4	21
5	21
0	1
0	2
0	0
12	55
14	119
73	1163
86	1172
21	105
31	154
0	95
0	30
0	66
1	0
65	46
101	400
1	277
0	85
0	13
0	13
74	427
0	118
0	12
0	0
330	397
2	277
0	85
0	16
135	399
0	40
0	0
0	439
8	1
48	24
0	437
0	22
0	6
0	117
0	0
0	412
0	0
0	0
0	0
0	0
0	1
0	1
0	0
0	0
0	0
0	0
0	0
32	13
0	13
0	1
0	4
1	0
9	1535
0	60
1	10
50	34
0	22
2	1517
0	245
21	16
0	1263
0	1498
0	77
0	1498
0	1962
12	1866
1	12
0	12
0	114
0	1783
0	142
4	1
8	1924
3	34
0	3
0	465
12	0
0	4
0	4
0	3
0	1
0	1
0	1
0	1
0	1
0	1
0	1
0	0
0	0
0	0
0	0
0	0
0	0
0	0
0	0
0	0
0	0
8	0
0	0
0	0
0	0
0	0
0	0
0	0
0	0
0	0
0	0
0	1
0	1
0	3
0	3
0	0
0	0
0	0
0	0
0	0
0	0
0	0
0	0
0	0
1	3
0	0
14	52
315	52
1	3
0	3
2062	2363
11	2318
133	2355
9	238
0	248
30	219
0	0
0	0
0	0
9	0
83	0
0	1536
0	1592
0	1639
0	1695
65	333
41	335
0	1474
6	230
0	671
0	623
0	0
0	10
0	11
0	11
0	5
0	1494
299	1429
154	1445
0	0
2	304
0	7
60	2401
128	2401
10	65
0	0
7	54
2	43
1	222
0	116
5	11
2	0
74	2
0	2
238	6056
527	6620
0	2815
0	3153
9	1626
10	1199
22	254
0	327
858	2684
0	2580
17	260
0	0
2	649
0	16
0	5
0	4
0	19
0	21
0	17
0	11
0	4
5	4
0	740
46	740
77	18718
415	18718
2	4119
1	87
10	1432
0	0
0	0
0	0
0	0
5	3860
3	3940
0	4169
0	680
12	1577
0	3777
0	3560
2	945
0	938
0	1255
0	2865
22	462
1	238
28	1173
0	5
0	38
12	1058
9	661
589	282
0	90
0	197
0	0
1	0
14	424
260	424
0	0
0	0
0	7
0	0
0	0
139	91
0	91
0	0
1	0
0	48
7	48
0	47
0	0
0	1
0	1
0	0
0	1
0	53
0	54
0	46
1	2
0	5
0	3
0	207
16	231
1	196
0	14
21	27
0	22
5	33
0	33
1	3
0	0
0	0
0	0
0	0
0	0
0	0
0	0
0	0
0	0
0	0
0	0
0	0
0	0
0	0
0	0
0	0
0	0
0	0
0	0
2	96
0	7
18	102
2	77
0	74
0	0
2	0
0	2
0	0
0	3
0	0
0	0
0	0
0	0
0	1
0	1
1	1
0	95
0	119
11	557
5	163
7	91
21	216
0	162
0	152
16	404
24	0
305	145
0	363
1	93
10	37
10	29
307	10
0	10
6	198
13	218
10	164
93	103
49	12
35	77
3	28
16	7
1739	8167
41	8547
546	7325
347	1141
2	1141
2	603
139	682
4	115
6	78
473	117
2	117
3	106
9	247
7	247
118	425
2	425
395	1060
0	990
0	405
0	419
5	336
34	1
152	151
1240	135
0	135
0	600
0	588
6	590
44	7
16	0
0	0
1114	294
0	294
1013	629
1	635
9	83
0	89
0	0
0	104
0	130
0	117
0	130
0	104
0	104
0	73
0	102
0	29
7	102
0	132
0	61
4	46
0	23
0	13
0	8
0	5
0	4
0	0
8985	168
0	0
42	168
0	0
0	0
350	37
0	37
0	0
0	0
10	3241
31	11336
3	864
19	1528
20	9998
10	0
0	3728
280	281
119	281
0	102
15	0
3480	5057
0	3104
3	980
0	3664
29	1525
18	1033
0	4629
3	4629
0	205
0	0
1	3
0	0
560	0
0	0
1	39
3299	6559
0	1488
24	6104
97	0
1	0
0	0
7458	3109
16	466
80	1276
0	552
11	253
0	403
0	0
7	546
0	0
8	700
0	0
494	1521
2	487
42	1394
9	614
0	0
0	0
2	0
1	0
1	41
0	37
4	35
0	36
0	41
0	0
0	0
0	0
74	0
0	0
0	0
0	151
72	2403
84	1011
45	2402
44	1048
0	1122
0	433
0	0
0	0
12	306
68	315
0	300
1	274
0	59
0	79
0	83
2	57
0	0
2	0
0	0
0	0
2	0
0	171
762	1155
0	1097
0	42
0	699
5	130
0	0
0	0
0	0
0	0
0	0
2	3736
0	1298
5	1
19	1899
0	1476
0	555
3	75
1	904
5	3342
2	492
0	1
46	412
1	0
0	4
1	5
0	16
2	12
4	11
5	11
436	389
0	173
1	120
0	0
0	4
0	0
0	0
106	207
3	60
0	38
11	6
10	3
15	6
0	2
1	4
223	569
0	533
0	235
40	174
1	0
0	32
0	224
5	148
9	200
0	33
0	208
0	6
0	26
0	17
0	26
0	23
0	82
0	0
0	6
5	64
1	0
0	0
0	0
4	0
0	0
0	0
0	79
1	39
0	11
0	55
0	80
0	9
0	48
0	54
0	54
0	24
1	32
0	53
0	22
4	27
0	0
0	0
0	2
0	0
0	0
0	295
0	0
1068	525
0	0
6	521
8	3197
1	126
5	833
0	2336
4	114
0	2114
55	648
0	916
5	916
0	1235
0	1157
2	2549
0	0
2	194
2683	547
3	359
0	0
4	439
1	176
3	107
11	11
0	0
0	37
0	0
5	53
2	37
0	12
0	8
0	4
4057	1013
18	1013
0	277
334	277
0	189
0	1217
0	684
28	1186
0	1204
3	1164
0	1217
0	1162
3	51
18	376
0	238
0	28
0	17
0	0
172	3862
142	3860
23	2751
21	5
1	5
1312	6
23	185
0	0
0	1
0	1
4	0
0	0
5	9
1	6
0	0
0	0
733	408
4	42
0	114
2	401
1	301
0	983
0	983
55	6554
13	6797
8	1658
0	2991
0	2991
0	2793
1	1557
0	1092
14	89
1376	295
1	295
0	0
7599	178
45	159
0	1
0	1
0	0
0	0
0	0
0	0
0	0
0	0
0	0
9	0
0	0
0	0
0	0
0	0
0	0
0	3
0	3
0	3
0	0
0	1
799	1513
5	1461
21	38
7	401
1	1490
26	107
6	1479
0	101
1	0
0	0
3237	297
121	294
2	0
0	0
0	0
7	27
7	14
0	14
532	0
0	37
1	37
0	3
0	0
0	0
0	0
1	0
0	6058
75	6136
8	408
1	0
0	0
0	0
0	0
30	1421
5	1418
13	120
1	17
176	1320
0	1334
18	1306
0	0
2	40
0	109
239	168
7	83
1	158
82	0
153	777
3	764
1	777
1	1243
12	1242
31	1232
3	0
0	0
0	0
5	370
13	370
0	697
9	710
23	683
2	69
13	59
11	22
11	29
0	0
35	204
0	204
14	1100
31	1100
9	36
33	966
0	129
16992	92477
962	92475
6	148
0	0
2350	0
0	0
0	0
0	0
0	0
0	0
0	0
0	0
0	0
0	0
0	0
10	392
0	2
0	2
0	0
2	0
0	0
0	0
0	4
0	4
0	0
0	0
0	0
0	0
0	0
0	0
0	0
0	0
0	0
0	0
0	0
0	0
11	1234
7	1260
12	90
0	1
0	0
0	1
4	0
0	0
0	0
0	1
0	1
0	0
0	0
0	0
0	0
0	0
0	0
0	0
0	0
0	0
0	0
0	0
0	0
0	0
0	0
0	0
0	0
0	0
0	0
0	0
0	0
0	0
0	0
0	17
0	17
0	4
0	4
0	0
0	0
0	0
0	0
0	0
0	0
0	0
89	92
3	0
0	91
0	0
226	10
0	10
236	1
0	0
0	0
1	2
0	2
0	2
0	2
2649	0
96	3
60	3
253	1225
0	1230
1	1
1	0
0	5
96	0
122	597
5	601
14	606
0	3
0	46
0	41
0	0
0	0
0	0
0	3
0	46
0	45
0	38
0	1
0	10
423	31
12	2
0	33
0	41
0	41
471	1371
26	1304
2	535
20	16
1	183
0	6
84	10
1	277
4	289
27	339
10	326
1	244
3	0
233	0
45	12218
574	12220
0	0
0	34
3	34
0	0
0	0
0	0
369	468
1	468
0	269
0	268
0	221
0	54
0	31
0	0
6	452
0	453
7	449
38	192
226	0
40	3
0	0
17	831
2	726
3	175
0	19
1	11
4	117
0	152
0	5
0	85
63	33
0	46
0	0
0	38
0	38
0	3
0	0
0	0
0	0
0	49
0	0
0	0
0	0
0	0
0	0
0	246
1	7171
903	6099
14	6253
0	7236
0	1
1	1
400	5926
0	5316
18	685
0	2748
1	0
0	1
0	1
28	652
7	619
0	632
1	54
1	67
4	0
12	0
0	0
14	274
443	1434
0	529
49	1133
6	564
2	633
1	65
5	104
0	259
21	48
8	247
7	248
1	0
11	0
0	1
0	2
3	2
649	0
213	0
0	27
0	80
0	85
4	85
0	16
0	9
0	22
7	16
0	13
0	5
0	0
0	1140
7	299
0	54
9	0
0	1118
78	813
11	2
2	1095
29	4800
170	5132
7	263
51	4056
0	0
7	137
17	243
14	786
0	0
21	211
1	827
5	872
3	662
2	205
0	1474
0	1076
0	1510
0	1442
0	1416
2	151
0	131
0	156
17	424
0	0
27	424
28	246
0	0
0	0
2	9
4	10
2	26
0	6
0	25
0	677
0	677
2	280
4	239
2	89
3	38
1	117
0	266
806	270
4	0
0	0
5	396
543	508
0	192
2	21
3	76
0	1
0	0
0	1
0	0
0	0
0	0
1	322
4214	324
0	1
0	0
0	4
0	1
0	1
0	1
0	1
0	1
0	4
0	1
0	0
0	1
0	4
0	1
0	4
0	0
50	2037
63	2037
14	99
2	376
4738	821
27	233
8	212
326	47
11	46
0	29
0	0
0	0
35	510
2	392
11	463
1	355
2	56
0	9
19	726
1194	728
257	1105
0	688
0	647
0	666
0	628
1	245
0	128
1	197
3	538
0	112
0	90
0	0
0	0
0	0
2	934
25	934
0	596
49	580
0	174
341	17
0	17
35	0
32	1550
0	60
12	483
0	1427
0	283
8	2
2	15
0	15
0	15
62	24
1	5
0	15
0	1
0	13
0	11
0	4
0	5
4208	2768
3	1036
0	570
5	551
4	1087
1	1049
0	1
4	57
0	58
1	1908
21	1675
125	3454
57	1910
3	516
26	832
2	547
3	132
2	0
0	0
0	0
0	0
0	3
0	3
0	0
0	0
12	0
0	13
0	11
0	11
0	11
0	4
0	3
0	0
0	0
2	142
1	73
0	9
1	138
0	490
0	452
25	432
0	492
0	500
1	487
0	73
0	47
0	88
0	97
0	61
0	95
0	91
0	84
0	0
30	135
0	119
11	12
0	113
0	97
0	80
0	1162
0	1113
0	1190
0	1237
0	1166
0	1168
0	133
0	0
0	12
9	123
3	90
0	32
0	10
7	1
101	0
0	0
1	3
0	3
0	3
0	3
91	156
1100	156
5	430
13	409
1	472
1	51
410	765
0	765
1	118
59	91
18	91
1	0
112	1121
5	499
7	514
28	576
0	32
0	0
0	0
4	780
0	997
22	1048
7	4
0	1150
0	0
0	4
0	997
197	1047
0	1244
0	1421
0	1744
4	1788
0	351
18	9
0	163
0	1088
0	1812
0	0
4	0
90	0
38	4
7	403
139	422
0	136
1	0
18	60
0	8023
0	8070
0	5464
24	398
0	3650
0	3670
29	6685
11	372
1	461
1	475
11	0
3	733
1	261
166	2441
0	400
1	2836
0	272
9	421
9	441
46	2335
1	167
73	1820
10	119
14	226
231	1104
7	465
139	20
0	20
0	0
0	0
42	574
2	356
0	284
3	143
1	60
0	60
1	0
5855	31485
1	24101
0	0
4	203
1	235
20	42
0	224
0	14
529	0
6	0
3	0
1	0
783	356
14	6
0	6
8	217
0	189
0	0
6	27
33	3
4	9
8	0
4	41
2	162
308	162
1	0
1	48
0	128
0	128
6	111
14	28
9	37
1	0
1	0
0	0
0	19
0	0
0	0
2	0
1	0
0	0
12	76
1	69
0	19
2	6
0	8
0	18
3	11
0	2783
4	1463
29	199
13	2514
14	1336
1	21
0	24
0	24
3	6
1	23
0	1
656	271
5	275
5	130
0	54
0	0
0	0
0	0
0	0
0	0
0	0
25	7083
521	7096
1	1533
5	183
1	2022
7	0
0	0
1	142
0	0
0	0
2	0
2	605
845	48
564	170
0	0
0	0
2	170
38	134
0	134
0	0
84	48
0	0
0	43
0	0
7	749
4	729
0	18
0	878
11	847
0	158
0	28
3	182
0	177
0	158
3	0
17	19
0	0
0	6
0	6
0	0
0	0
0	338
5	361
3	187
0	149
0	30
12	13
0	0
0	0
0	0
1251	883
0	354
20	79
0	327
8	266
0	51
3	76
0	0
28	440
1	440
17	21
0	19
0	0
0	0
0	2
0	1
0	0
3	0
3	0
0	0
0	0
1	0
201	0
25	571
144	342
273	434
0	0
0	46
23	46
10	281
31	281
9	43
2	70
1	60
0	43
1	940
58	1039
0	186
224	425
0	0
0	0
0	0
0	0
0	0
0	0
0	30
0	2
0	30
0	0
0	1
0	1
0	0
0	1
0	0
0	0
0	0
0	1
0	1
0	1
0	0
0	0
0	0
0	0
0	0
0	0
0	0
0	0
1	277
0	63
0	68
0	298
194	303
0	0
0	0
22	5
0	268
0	303
0	75
2	247
2	49
1	20
2	0
415	49
4	0
0	0
0	0
0	0
0	0
0	0
0	0
24	892
2	892
0	341
1	56
49	2
42	2
0	6
11	8
0	6
0	2
307	311
14	134
24	100
5	204
0	33
2	50
0	0
0	0
0	0
1	0
0	846
0	834
0	0
0	0
1	56
71	64
2	6
1	0
1	61
0	32
0	26
0	26
1	26
1	2
0	7
143	0
0	0
0	0
0	0
0	0
2	0
1	1464
0	4
3	90
0	1419
6	269
0	1441
0	8
0	48
0	338
619	1459
24	792
0	1023
0	1077
11	679
0	433
0	0
1046	10256
7	5890
0	3414
2	10257
12	6841
10	27
0	0
0	0
0	0
0	0
0	0
0	112
1	112
0	13
0	3
0	3
6	13
0	330
0	90
121	300
2	122
12	331
37	493
2	415
1	373
0	373
0	217
0	221
100	1659
4	1221
0	630
3	310
0	0
8	40
0	67
0	0
7	418
0	1079
32	158
3	995
8	1040
0	1081
0	81
0	46
0	94
0	153
2	102
0	80
0	141
7	1119
2	1239
4	158
7	150
10	203
0	110
7	199
2	104
34	0
491	2
12	145
3	134
0	70
0	62
0	55
0	51
0	17
1	6
9	0
0	0
0	0
302	38
59	51
25	7
16	31
10	29
1	186
7	233
1	37
0	233
0	160
1	221
2	0
1	0
0	0
0	0
0	0
0	0
0	0
0	0
0	0
1	1
0	1
0	0
0	0
0	0
0	0
0	0
0	0
0	0
0	0
1	54
0	547
21	547
0	18
0	24
23	41
1	0
0	43
0	73
0	38
66	752
2	794
3	419
1	550
7	31
2	13
0	13
3	0
0	5
12	19
0	19
0	0
17	818
2	1155
79	4227
6	597
0	3580
0	3435
24	54
107	0
1	26
0	171
2	116
104	99
41	21
83	99
62	103
6	30
171	480
1	490
2	446
52	0
1225	78
0	0
16	76
0	20
0	20
13	0
1	0
0	0
0	5
0	0
0	0
5	0
1	181
118	300
6	119
0	809
0	832
0	832
62	394
0	799
0	43
0	34
3	34
0	4
0	13
0	7
0	0
0	0
0	50
11	21
1	39
0	0
0	0
890	790
0	0
4	56
2	233
1	177
7	220
0	103
1	0
132	822
0	555
3	657
2	315
2	223
4	300
0	290
0	142
5	110
19	45
0	0
82	140
0	95
2	111
2222	17149
1	17218
269	13568
1	2491
1	794
11	1521
0	18
2	7826
159	0
0	2591
12	2496
0	1128
0	1923
2	1286
0	794
21	613
132	1742
5	574
1	1742
5	569
0	419
2	7
14	54
0	4
9	322
0	17
49	336
2	436
3	367
0	377
0	188
1	53
3	53
37	55
2	20
0	0
425	4455
0	4455
7	195
6	202
0	0
0	0
0	910
699	962
0	164
0	80
3	36
0	6
0	521
352	98
1	68
3	31
0	41
1	104
13	104
806	2
0	0
0	0
0	0
7	489
40	489
4	50
0	18
26	556
38	689
7	140
2	459
1	381
0	631
0	181
37	644
14	633
99	604
0	577
0	69
20	301
1	197
12	0
0	433
0	433
0	70
13	68
0	0
13	16
2	17
2	106
0	130
0	151
2	146
0	151
0	144
0	133
1	54
0	16
0	47
0	1156
0	1169
0	1197
85	1210
16	231
1	71
0	961
2	369
1	74
0	173
0	159
0	129
0	438
6	453
17	453
3	112
6	18
151	9811
10	9809
34	9798
6	9812
807	9866
14	9850
1	9835
0	9795
0	6467
1	6089
0	6044
26	2112
1	2858
1	52
0	51
0	52
1	16
0	25
12	363
0	397
0	220
0	78
1	59
0	109
0	16
0	60
0	0
64	5832
67	1362
1	3345
3030	5844
12	2037
0	538
0	804
4	731
0	242
4	143
0	291
1	147
0	240
0	145
1	43
0	0
298	728
0	329
3	268
5	132
0	392
1111	4134
1	3580
8	3683
6	1
9	1168
26	975
17	40
1	984
0	293
0	105
0	46
0	1123
1	1123
2	279
0	308
0	308
7	117
5	60
1	49
14	8
5	3064
4	406
0	2668
6	403
0	0
0	663
5	556
0	414
0	96
2	108
0	122
0	19
0	0
6	120
4	128
0	36
0	22
76	33
0	12
0	11
0	10
0	94
0	90
0	106
0	24
0	34
0	19
0	29
0	14
2	2
0	11
0	11
0	11
0	11
0	3
0	1
0	1
0	1
0	0
0	0
7	92
0	6
2	90
0	18
0	76
0	15
0	28
2	20
0	24
0	0
0	0
0	7
0	8
0	5
0	9
1	125
0	119
0	32
1	101
3	123
0	40
1	91
0	21
0	37
6	24
0	34
238	18
0	14
2	4
0	13
87	1
0	1
2	0
0	0
0	0
0	0
2	80
0	89
3	95
0	118
0	195
0	203
0	125
10	709
4	95
0	806
1	106
2	37
0	72
0	120
0	99
8	66
5	459
2	628
0	453
407	511
121	511
15	9
0	3
0	3
0	6
786	73
0	73
0	21
682	85
3	85
0	0
1	0
6	2
0	212
0	234
0	174
6	247
0	36
1	19
1	105
0	183
1	85
0	59
0	90
0	0
0	41
0	37
102	246
7	245
131	805
0	612
15	590
0	51
2	53
2	0
0	4
8	42
0	38
10	4
0	4
0	4
0	0
0	0
0	0
0	0
43	448
1159	1638
27	466
227	759
0	0
0	0
0	31
21	565
2	563
30	192
0	87
0	28
1	16
0	2313
0	2240
0	2236
4	2200
0	1930
1	359
0	2018
2	158
1	40
5	139
12	51
23	144
2	144
0	0
0	1
0	1
0	1
0	1
0	0
0	0
0	0
0	0
0	0
1	7
0	7
1148	1286
9	576
8	676
8	238
2	211
2	38
5	985
4	1129
0	321
0	835
0	205
53	73
2	386
1	37
0	42
968	11260
7	8449
403	3468
0	5678
5	0
0	560
17	1652
4	1711
0	175
0	202
0	1688
1	413
0	332
264	761
7	494
8	422
0	330
0	766
0	793
0	776
1	795
0	794
0	838
0	855
16	718
3	47
0	13
1	13
1	13
0	13
3	10
31	3124
0	10890
265	10589
49	10084
13	10828
0	0
45	0
0	0
0	0
109	0
16	11
0	11
302	1325
12	1212
14	259
12	1160
0	1182
0	1049
1	928
1	987
15	0
6	2
0	2
1	1708
1	2019
13	355
2	1846
0	2052
15	1241
0	408
0	45
0	74
1	54
15	113
7	1158
3	230
9	88
2	216
28	220
0	28
0	73
10	57
5	69
0	111
0	80
0	48
0	61
0	110
17	92
2	17
10	72
528	1056
1	938
18	118
588	627
0	310
1	509
0	362
46	29
0	63
0	35
0	120
0	0
27	107
3	348
423	869
5	771
0	192
150	82
1	244
0	22
1	17
2	322
504	353
0	15
0	57
0	45
0	66
5	66
0	0
0	0
0	11
1	11
20	354
7	194
0	204
0	307
0	161
0	0
0	37
0	37
0	0
0	0
0	0
1	0
0	0
0	0
0	0
0	0
0	0
0	0
0	0
0	0
0	0
0	11
0	42
3	42
1	14
0	42
0	5
0	0
0	0
0	0
1	2
0	2
0	23
219	43
5	35
6	32
0	36
0	202
0	209
0	7
4	15
22	35
1	0
9	422
0	410
0	418
29	418
0	424
1	57
6	93
0	56
0	39
2132	326
8	326
127	33
9	33
11	9
5	9
0	4
0	4
0	0
0	0
0	0
0	0
0	0
0	0
0	0
6	91
55	161
0	132
13	50
30	60
3	0
0	0
0	2
0	2
0	2
0	0
8	76
0	76
0	6
0	0
213	518
24	261
0	477
0	3422
1	3335
6	2833
6	467
12	109
0	459
18	75
0	187
359	493
5	393
0	155
0	134
0	40
0	31
9	9
0	12
0	11
3	254
0	1280
5	1210
10	427
0	0
0	0
52	251
0	4950
27	5064
0	2399
11	35
5	95
12	264
4	263
0	12
41	9
12	1522
0	5860
0	5952
96	5920
0	0
30	73
0	293
2	0
26	807
78	162
61	1132
0	0
24	18929
0	19040
0	19151
0	18506
0	18395
13	188
122	534
8	37
0	22
0	28
0	0
0	0
6	127
0	130
0	28
1325	128
31	126
95	126
8	215
36	215
331	0
13	6
0	5
0	6
608	325
0	325
416	2768
13	265
31	2767
0	2370
3	482
3	477
1	51
0	41
3	8
0	253
25	253
0	0
0	10
0	1
0	10
0	1
0	0
287	0
3	375
0	354
1	164
87	50
3	132
3	82
0	6
0	7
0	1
0	0
0	0
0	0
0	0
0	0
0	0
0	0
0	0
0	0
0	0
0	0
0	0
0	0
0	0
0	0
0	0
0	0
0	0
0	0
0	0
0	0
0	0
0	0
0	0
0	0
0	0
0	0
0	0
0	0
0	0
0	0
0	0
0	0
0	0
0	0
0	0
0	2
0	0
0	0
0	0
0	0
0	0
0	0
0	0
0	0
0	0
0	0
0	0
0	0
0	0
0	0
0	0
0	0
0	0
0	0
0	0
0	0
0	0
0	0
0	0
0	0
0	0
0	0
0	0
0	0
0	0
0	0
0	0
0	0
0	0
0	0
0	0
0	0
0	0
0	0
0	0
0	0
0	0
0	0
0	6
0	0
0	0
0	0
0	0
0	0
0	0
0	0
0	0
0	0
0	0
0	0
0	0
0	0
0	0
0	0
0	0
0	0
0	0
0	0
0	0
0	0
0	0
0	0
0	0
0	0
0	0
0	0
0	0
0	0
0	0
0	0
0	0
0	0
0	0
0	0
0	0
3	2292
0	1796
0	2290
1	2235
26	93
0	0
0	0
22	0
4	37
0	3417
67	4217
33	3995
4	244
0	199
110	7303
25	7793
97	7550
0	7599
0	613
0	0
0	0
2	517
543	521
0	0
6	449
5	37
1	142
413	81
1	50
0	31
15	750
14	750
19	96
1	64
0	52
0	0
0	900
527	1485
7	717
0	1252
5	46
0	260
4	203
0	0
2	0
3	559
0	371
0	533
11	498
2	485
2	155
0	128
0	95
0	127
0	96
718	964
2	963
0	0
46	13
0	0
0	176
1	0
0	7
1	5
2	10
5	68
12	334
5	334
4	0
0	0
0	0
433	464
35	670
5	570
1	323
0	79
0	70
0	162
575	0
19	2603
2	2491
0	1465
0	415
0	0
0	10
195	89
4	33
2	33
1	23
7	111
0	76
0	59
0	38
0	19
0	36
0	26
0	4
0	0
1	3
0	65
0	66
0	26
0	20
57	1192
0	1192
2	575
0	78
656	48
19	48
9	44
0	2
10	115
88	84
55	32
31	12425
0	12309
0	4738
2	841
23	138
2	138
0	87
0	74
0	86
11	0
3	36
4	537
2	929
5	59
0	938
0	53
0	16
0	0
2	84
42	24
3	65
0	44
365	4826
0	4821
0	3880
20	253
1	2855
0	0
14	113
0	530
6	730
28	658
46	79
0	669
5	118
16	24
0	60
7	6440
74	6443
6	6440
28	6463
15	3153
1	33
9	641
4	720
1	803
6	338
128	6164
3	578
289	5973
23	1115
1	1063
2960	3007
10	1793
16	2630
0	1119
18	2010
57	0
0	0
0	0
61	73
0	73
0	0
23	23
0	23
0	20
14	0
3005	8
1	1691
0	1193
0	1509
29	461
0	655
0	1070
9	1271
0	217
1	250
16	959
0	397
3	223
0	174
0	114
0	128
0	0
8	48
55	33
0	402
195	4
88	1467
5	66
0	1337
22	814
0	1763
5	0
2	0
72	1409
1	1153
9	1160
0	633
2	419
1	78
0	159
45	150
2	85
0	65
1009	31
23	31
1	282
362	338
5	61
0	44
2	5058
30	5058
433	5060
0	5037
2	4436
13	2728
14	340
1	441
10	1112
0	448
5	274
0	116
26	101
0	1
2	88
2	0
35	0
1568	147
0	143
15683	430
1	218
0	202
5	444
5	102
0	444
0	154
1	193
339	1464
11	244
36	848
0	547
3	1173
0	432
1	267
5	2
0	0
0	53
0	53
0	0
0	5
1	9
572	30
0	26
0	0
15	14
0	0
7	80
0	6
0	66
9	62
0	38
0	48
0	1
0	0
0	19
1195	1227
0	0
75	2724
133	24
19	73
5	1203
45	235
17	1
5	4
0	0
0	4
1	4
0	4
0	4
14	188
0	242
0	144
7	243
2	107
0	25
3	1428
72	1427
0	277
5	263
35	224
2	104
52	43
1	27
0	3
0	21
2	0
74	2
0	0
0	0
0	2
1	8285
179	8285
5	1
0	0
0	0
0	0
1531	2408
0	2402
0	310
1	72
0	0
0	0
0	0
3	5981
79	784
52	25
1	5846
0	6060
0	6049
0	6013
1	5292
0	5292
0	4953
1	0
4	4901
18	0
0	4532
6	5136
0	4321
0	4407
0	4881
0	43
0	122
49	158
4	340
0	120
26	282
1	350
5	3
5	0
0	3
0	0
0	8
0	8
0	2
0	8
0	5
0	1
0	8
0	0
0	0
10	717
204	917
0	133
17	36
0	55
0	92
3	19
1	117
3	0
9	186
0	163
0	182
0	5
35	831
0	836
0	832
5	808
0	815
0	0
0	0
0	0
48	394
13	394
1	62
2	374
15	283
10	369
0	4
142	1676
170	1676
12	545
0	380
10	377
1	118
4	279
3	9
2	9
36	93
0	32
35	130
0	14
0	39
59	196
0	196
2	54
4	59
0	0
0	25
6	11342
9	3270
2259	11357
0	0
0	0
0	0
0	228
0	113
4	237
0	209
0	39
0	28
4	40
1	146
0	6
0	2
0	1
0	1
1	3
0	1
1986	2237
14	2237
317	823
3	602
8	471
13	102
8406	4378
10	139
3	767
11	841
0	898
0	0
1	1028
6	630
0	1
0	5
0	7
6	2
0	2
3	1
0	0
4	5
421	889
4	638
17	565
1	92
1	59
13	40
0	31
2	34
69	713
2	46
0	714
0	249
0	49
4	232
1644	0
0	690
2	42
0	566
0	417
0	475
3	21
0	297
29	0
1	0
301	18
0	0
186	226
0	140
4	147
3	16
0	13
0	16
0	3
0	0
0	13
4	23
0	13
0	7
0	0
0	0
123	338
6	247
0	87
8	64
654	1047
7	3
0	1044
11	191
15	319
23	4
75	3630
69	3630
320	598
3	383
12	451
0	483
0	337
2112	57
1	0
0	0
1101	464
0	160
8	131
0	0
3	52
56	228
0	0
390	0
0	0
0	0
551	45
0	40
2	7
44	179
0	29
0	179
178	2864
154	3007
0	1842
22	127
6	1059
0	990
41	15
0	0
15	376
3	226
0	75
6	14
0	0
107	1846
47	1151
3	734
8	381
43	511
0	413
34	372
4	0
0	0
0	0
12	11
0	2297
41	4309
369	4616
44	903
0	0
0	472
0	436
0	0
0	0
7	0
0	89
0	92
0	60
0	117
0	106
2	15
0	2
0	8
12	1050
39	1387
714	40
0	0
1	0
0	0
0	0
39	40
0	0
0	0
0	0
0	0
0	0
12	20
0	20
0	0
0	0
0	0
0	0
0	0
1	1025
606	1107
0	330
2	119
6	3074
11	3150
12	20
3	245
0	161
2	321
2	401
2	456
0	192
0	204
0	175
11	22
0	56
13	19
0	839
6	822
0	532
1	17
0	94
26	168
21	77
95	47
0	47
0	0
159	5
0	5
1	1404
2	1412
50	1400
35	700
12	1372
2	376
0	887
10	596
8	86
0	79
1	405
71	7
3	1
0	6
0	530
11	550
0	35
1	67
4	3908
0	3659
0	3659
2	4444
73	1871
0	2916
3	1148
339	1752
43	148
27	1853
134	2188
10	1963
0	317
0	505
2	221
0	824
0	541
0	412
0	573
0	548
2	387
2	563
0	357
44	10
0	10
2720	4399
12	0
4	4397
32	2205
1567	0
0	0
0	0
0	2
0	2
1	13
2	13
0	0
0	0
0	0
1	0
0	0
0	0
0	0
0	0
0	0
0	0
15	17
1	17
29	0
43	0
2	3
2	3
53	0
0	1
0	1
0	0
1	0
0	49
1	49
0	0
1	9
0	0
0	0
0	9
0	9
0	0
0	0
1	0
419	0
28	21
28	21
0	1639
2	1932
25	750
1	1145
0	1411
0	1421
0	523
0	514
0	1915
0	258
0	179
0	242
39	955
8	952
16	962
5	973
0	354
2	215
4	82
18	498
4	575
0	256
0	248
0	234
0	275
3	0
34	140
1	19
1	43
19	17
8	6
4	46
1	70
0	25
0	25
0	25
0	0
0	0
0	2
0	0
1	0
4	126
269	351
0	342
1	0
0	0
15	0
1060	1447
0	1500
40	750
0	0
0	90
0	93
1	124
0	116
1	61
0	30
7	67
19	98
0	98
0	0
0	0
259	0
1	0
0	0
20	0
0	0
0	0
0	0
0	0
0	0
195	3988
38	3875
16	1289
1	45
5	45
3	40
0	48
4	57
13	80
0	0
0	49
2	38
12	14
0	2
0	5659
2	0
0	8
2	8
3	2
1	0
11	8
0	0
2	212
0	211
8	211
4	211
3	16
0	13
0	13
1	704
2628	4857
45	2473
26	4181
171	4701
9	46
1	3837
0	0
0	4
0	23
0	23
0	23
0	3
0	3
4	3
1	3
230	520
4	511
0	545
3	249
3	73
4	544
18	787
13	14
0	401
0	243
1	0
0	0
3	0
0	0
657	147
0	147
4	1
0	0
1988	3942
2	3736
12	206
0	1
0	0
9	0
5	0
0	0
0	0
0	0
4	0
0	0
177	0
1536	1545
1	1545
11	708
2	0
144	750
7	750
0	0
10	27
0	0
0	55
0	0
22	0
0	0
6	75
7	329
0	304
0	75
1	240
1216	96
4	96
9	1197
618	1356
0	1271
12	1316
0	137
0	197
1	52
4	494
1	28
5	172
4	173
0	173
1	129
0	44
241	104
0	32
2	87
0	11
2	18
0	187
7	4
24	0
5	5879
93	650
24	108
13	613
0	103
11	0
0	5864
15	327
4	765
0	358
9	37
21	620
0	0
0	0
0	0
0	0
0	0
0	0
0	0
0	0
0	0
223	4
1	2
0	2
383	169
48	169
1	0
0	2452
0	2463
0	2441
5	2198
6	2039
0	1844
13	293
0	378
1	86
6	31
4	196
0	107
77	8
27	142
3	142
43	731
1	10
25	655
4	4
0	687
51	107
0	709
0	0
62	120
0	85
1	59
2	26
7	1
3	31
840	3353
3	25
0	1441
2	849
0	1921
755	1325
0	1119
0	142
4	145
0	82
0	7
2	0
0	40
2	0
0	13
3	14
4	0
0	0
0	0
0	0
3115	0
0	2
1	0
13	0
0	0
428	83
0	83
15	397
13	777
1	786
2	30
0	694
0	663
0	601
0	106
1	0
0	0
0	338
0	367
6	30
0	138
1	0
0	0
0	0
1	0
0	0
2	0
0	3
0	3
7	22
0	61
0	6
355	0
0	0
0	37
0	37
1	37
0	0
531	22
0	1
3	12
2	22
1910	328
3	328
242	1323
9	1241
0	141
0	116
18	533
16	10
1	125
0	111
3	93
0	6
0	14
5156	377
0	149
5	256
3	117
0	0
0	0
0	0
769	446
3	446
6	0
690	1080
3	1096
1	207
0	64
90	366
10	53
5	115
0	216
0	202
0	186
0	232
1	79
2395	2728
0	0
0	2193
809	1896
1	336
8	654
53	37
10	275
3	259
0	148
61	612
1	612
687	25849
2	25849
8	3039
2	323
72	1370
1	1352
995	380
0	162
1	85
0	177
752	78
0	76
0	0
2821	0
0	0
396	144
0	144
0	0
390	0
313	126
0	115
0	0
1	105
1	0
0	0
968	582
3	197
15	276
3	271
88	6
1	6
0	0
0	0
12	86
0	75
0	52
0	32
14	19
0	6729
0	6731
0	0
0	4436
0	4538
1	0
0	4436
0	4538
0	4436
0	4540
0	0
0	4436
0	4540
1	13
0	6
0	7
0	335
0	2
0	2
1	333
0	109
0	299
0	271
0	79
0	317
0	29
0	136
1	334
0	292
0	285
0	77
1	302
0	99
1	112
0	111
1	45
6	2131
0	1977
0	71
1	26
10	1839
12	171
9	0
1334	1231
0	782
0	3944
0	3699
15	2059
0	0
28	3104
91	16
2	16
7	238
1	169
0	141
90	516
16	515
0	516
2	0
0	0
0	0
2	97
0	97
1	1
0	9
0	43
7	48
0	40
0	7
0	7
0	2
0	3
0	0
0	3
0	0
0	0
0	0
0	1
766	157
1	26
0	131
65	111
1	66
11	55
1	7
2	47
1	0
0	0
0	0
0	0
0	0
0	0
0	0
0	0
0	0
0	0
0	0
0	0
0	0
0	0
0	0
1	878
7	880
63	976
3	224
0	0
1148	8245
132	7669
26	982
2	3212
6	1922
0	221
14	1923
6	0
0	0
0	0
563	1643
11	1643
19	1
26	434
37	175
3	418
4	8
0	13
2	85
9	1066
1	1029
2	270
0	179
1	418
1	0
0	0
0	0
2797	1691
57	1683
0	0
0	0
46	433
3	0
104	497
0	268
1	261
22	261
27	10
10	10
0	0
0	0
0	2107
1	2011
48	2107
1	1588
6	263
0	189
0	0
0	0
0	0
1299	0
2	1
0	1
0	0
3	306
3	1
0	304
3	30
39	0
3	911
87	3343
0	3343
137	509
0	509
5	318
0	0
0	0
0	0
0	0
0	0
0	0
0	0
0	0
0	0
38	0
0	0
0	7
0	7
0	8
0	8
1	8
0	8
0	0
0	0
567	0
141	0
0	0
0	0
0	8
0	0
1	22
0	105
0	96
5	158
371	154
10	14
0	14
0	13
0	0
0	4
0	0
164	125
20	19
1	0
0	121
2	0
5	67
10	59
0	8
2	0
127	93
6	93
53	1815
0	1155
0	1508
0	1647
5	81
32	88
1	345
0	3
0	0
0	0
0	0
0	0
0	0
0	0
0	0
0	0
0	0
0	0
0	0
0	0
0	0
0	0
0	1
0	1
0	1
0	2
0	0
0	1
0	0
63	1021
12	1021
7	85
12	1067
15	151
0	106
1	51
2	87
2	732
3	1055
13	403
2	407
9	9
2	335
99	331
1	174
65	39
809	3071
45	3066
10	3764
1419	1041
2	933
4	331
2	121
46	476
12	4786
0	2104
2	1673
0	1302
3	30
0	4193
0	4191
0	4340
1	4088
30	766
25	3619
2	3
1	3
1	1
2073	16
157	0
0	0
25	6
0	6
347	1609
0	746
101	1633
2	2129
48	2160
0	74
3	1290
18	170
0	160
5	234
658	1150
9	827
4	716
17	167
0	481
171	5550
80	5550
0	364
15	432
1	1642
5	429
1	187
0	186
0	188
0	186
0	188
0	186
0	186
0	188
0	182
0	188
0	175
0	6
0	20
1	2
1	2
0	98
0	6
0	6
0	0
0	1
0	1
549	600
0	600
9	274
0	67
1	11
0	60
0	141
0	149
4	146
0	4
0	28
5	129
0	129
1	11
0	4
611	452
4	153
10	0
0	28
0	270
0	0
5324	1177
5	1177
130	97
1	46
0	49
0	34
284	424
0	403
0	78
9	172
114	331
0	316
0	20
3	30
0	55
1	4
0	0
0	0
0	10
0	10
17	0
0	0
0	0
0	0
0	0
0	0
0	0
0	0
0	0
0	0
10370	394
0	159
6	23
1	208
0	0
2	12
1	5
0	11
0	8
1	0
0	1
816	1589
0	195
20	1563
101	29
0	24
0	11
184	94
1	35
0	1
2	58
2	31
0	0
11	4402
23	4780
4	4607
13	436
6	378
0	449
150	0
3	1
1	1
1	0
0	0
3	0
0	0
0	2114
0	2008
1	1855
0	2213
0	2107
21	480
1	270
0	105
23	35
0	108
0	3
4	0
0	0
205	61
0	56
0	50
2	2
2	49
1	5
0	0
244	1636
2	171
7	1658
20	222
3	213
6	2557
2	155
36	2610
1	158
0	0
1	307
33	0
174	0
0	0
918	2636
1	610
1	95
2	1546
8	632
0	0
0	0
2	0
1676	1676
9	800
7	1245
0	1022
3	0
0	31
9	118
45	132
0	35
0	132
1	49
3	1
2	55
6	70
0	70
1	66
2	66
2	66
1	67
1	0
20	0
4786	0
0	0
1	0
0	0
35	5
0	0
0	1
0	4
0	3
0	0
0	0
0	0
0	0
0	0
0	2
77	922
8	220
4	429
12	727
34	272
0	228
3589	2
208	4734
12	4717
7	4555
227	4560
0	0
8	22
0	4
21	247
17	247
12	0
5602	0
0	0
5	0
3	161
161	229
527	386
0	0
87	240
0	0
62	638
0	638
5	1
0	0
0	1
14	1
0	1
26	0
9	14
0	0
0	14
1	21
2	21
0	0
28	0
20	18
0	2
0	0
0	0
4	0
0	16
4	0
2	26
15	26
0	0
0	0
0	6
0	0
0	27
0	26
1	3
0	13
1	28
1	7
0	7
0	1
0	8
0	5
2	0
23	659
19	632
0	204
25	46
9	56
47	16
29	714
1099	799
128	779
12	243
0	597
3	1
0	3999
0	4003
0	5156
64	5127
0	4809
1	2655
0	4264
0	884
0	369
11	198
2	2
0	400
6	9
29	138
0	12
0	0
7	44
0	88
0	0
0	0
0	0
0	0
0	965
3	882
6	220
13	131
0	217
0	174
1	161
0	156
3	139
0	92
6	116
35	26
2	0
41	182
116	3897
431	3812
131	3654
108	2365
25	1094
80	1151
4	124
150	78
7	65
2	39
3	185
0	185
0	155
2	157
6	157
5	0
44	292
3	68
2	279
8	93
8	0
0	1
969	415
0	415
3	0
48	547
0	34
0	538
0	14
49	103
0	0
0	116
0	0
4	0
0	2
0	78
0	82
0	83
0	57
3	36
0	0
0	13
10483	1504
0	0
21	1060
34	436
0	1193
0	1780
587	2088
1	213
9	1411
0	1952
8	99
17	400
4	342
5	56
4	61
11	298
1	296
1	601
12	165
0	199
0	130
10	100
0	4
0	0
1091	184
0	184
0	0
83	2
0	2
1	1182
0	1182
1	21
47	521
2	0
9	519
0	444
2	0
0	197
0	20
0	20
0	21
0	12
0	11
0	12
0	15
1	3
0	1
0	1
0	0
0	0
0	0
0	0
165	0
20	0
0	0
37	2489
0	1369
0	2470
0	130
0	84
0	133
0	0
0	947
0	947
511	941
0	1
0	184
0	184
0	63
1	143
5	143
12	22
3	0
1261	1195
43	735
5	438
603	70
1	70
0	0
0	0
22	425
109	544
4	64
12	80
1	45
2	0
2048	11957
4	11963
26	3532
1	0
22	1086
0	237
15	0
0	245
6839	2084
34	502
2	650
0	624
1	530
0	280
0	3
43	849
6	285
0	1369
0	0
9	149
0	220
11	685
4	367
0	12
0	14
0	14
0	12
0	6
7	6
0	0
2	21
0	21
4	4
0	0
0	0
1	2
36	3
2	3
43	77
0	74
0	41
0	62
0	66
4	25
2	6
5	0
9	17278
631	17850
17	785
0	3
11	1
0	1
0	0
1218	367
0	100
144	271
2	42
9	87
0	57
0	67
4	0
9	1141
562	2493
3	163
0	2033
3	132
0	66
16	383
0	8
121	2347
116	2046
29	2330
97	147
0	0
140	415
0	0
3	12
0	0
1	0
2	0
995	2652
54	2653
0	2653
1	0
6	2533
4	1366
3	838
3	204
17	1395
1	436
16	1222
1	291
2	350
42	173
31	138
2	0
0	0
0	0
0	330
20	406
0	175
2	71
0	33
353	3375
11	3375
0	0
4	125
1048	0
57	0
3	257
11	1835
17	1742
0	1714
6	181
18	384
55	13
0	9
0	0
3	3
4	1
1	1
0	1
0	1
0	1
0	1
0	1
740	2
0	0
7	817
0	0
0	0
0	7
0	5
0	6
0	0
3	5
0	0
0	0
802	5
906	2013
40	1267
20	1845
1	0
3	473
2	219
0	0
68	1446
0	1582
6	113
0	1273
0	1352
1	6
0	73
21	929
4	213
0	0
0	70
1	107
1	100
1	0
0	38
3	10
23	206
189	672
123	662
0	120
7	37
2	527
229	27
5	27
383	1192
330	798
0	1153
0	4
5	4
0	588
0	113
0	184
5	2
0	1160
0	1160
6	0
0	159
339	464
20	75
0	389
2	60
1051	106
11	86
0	0
0	2
0	473
7	410
1	404
0	59
0	689
6	690
1	782
0	7
0	779
0	22
0	0
128	702
7	0
10002	3972
84	1393
238	1060
0	0
7	287
22	1200
144	337
0	0
13	739
3677	3004
0	647
4	63
0	2781
2	2455
1	2382
2885	1176
2	487
6	457
3	469
24	0
1498	1472
5	519
6	582
44	225
1	11
72	24
5	11
0	11
1	1
0	0
0	0
0	0
0	0
0	0
9	0
0	0
7	26
2	26
9	0
2	0
0	0
0	0
0	0
0	0
12347	2
3573	0
2	4
0	4
0	0
0	0
0	0
0	0
0	0
0	0
0	0
0	0
0	0
0	0
0	0
0	0
0	0
0	0
0	0
0	0
0	0
0	0
0	0
0	0
0	0
0	0
0	0
0	0
0	0
0	0
0	0
0	0
0	0
0	0
0	0
0	0
0	0
0	0
0	0
0	0
0	0
0	0
0	0
0	0
0	0
0	0
0	0
0	0
0	0
0	0
0	0
0	0
0	0
0	0
0	0
0	0
25	43
0	0
0	0
0	0
0	0
0	0
0	0
0	0
0	0
2	5
0	0
2	0
22	5
0	5
0	0
0	0
0	4
6	4
0	5
0	5
723	0
7	0
196	65
0	7
1	58
98	86
0	86
21506	44276
0	38046
125	7290
0	0
1	370
160	376
0	9
0	3
15	15
348	0
0	1
0	1
3	0
8	0
1060	2035
28	130
35	463
60	1360
3	1139
1	0
86	118
18	118
2	51
0	14
1	0
0	40
10	271
74	2477
34	10295
0	593
2	7539
23	58
6	571
23	1911
0	1466
11	1410
0	0
319	26
1	26
70	343
0	231
0	95
1	55
0	204
0	204
0	104
4	345
0	302
0	333
1	39
0	80
0	44
1	29
3	33
7	33
3	1
0	1
0	0
699	0
294	12878
0	13014
0	12568
11	879
0	0
6	1287
53	286
5	5187
1	24
0	22
0	24
0	2
0	0
0	0
78	1206
0	42
4	1207
5	396
0	1930
22	2169
32	619
18	632
0	971
65	1567
1	1455
2	2014
0	1456
13	1241
0	1797
10	1947
0	1615
22	568
7	1678
34	196
8	271
1	708
0	846
60	374
11	481
3	495
8	858
0	509
628	912
17	61
1	511
4	294
1	0
0	0
0	0
0	0
0	0
5	0
184	177
6	36
0	30
0	84
1	21
1	86
8	1056
3	1032
0	1148
0	1137
0	1
0	1
434	3964
13	3964
0	554
0	85
0	1
0	1
0	0
0	0
220	77
1	43
0	32
0	0
9	875
5	894
1	91
2	405
0	2
0	405
4	35
0	391
10	80
0	21
55	5934
1	6222
16	662
38	4204
1	3521
7	414
1	378
15	248
0	791
0	87
34	54
2	669
24	6
1	189
3367	462
1	460
27	473
142	1325
36	1621
0	2211
0	2202
0	164
0	2161
0	73
0	0
2	239
0	45
537	333
0	257
0	186
3	0
27	864
0	256
42	864
10	181
73	2384
19	2214
0	913
0	785
60	2390
6	42
0	823
9	78
0	76
2	48
1	44
0	2539
0	2539
5	2688
2	891
2	330
671	158
1	146
0	0
45	12
0	326
0	630
2	745
0	747
9	41
9	108
1	3
40	0
177	3
0	1488
0	1488
21	0
0	137
44	627
0	70
0	197
24	30
1	0
13	128
2	35
1	1156
3	96
0	98
0	4
1	87
0	44
9	435
3	1130
3	969
0	159
4	750
0	493
0	314
0	360
0	415
0	350
0	0
0	42
1	43
1369	333
0	333
0	11
61	10
59	3663
4	1
72	3141
0	3488
1	3050
0	1869
0	1962
13	405
0	41
0	297
0	741
0	1271
0	782
1	449
0	504
1	140
2	338
11	148
0	0
2	381
1289	1102
2	607
2	212
1	662
14	88
0	88
312	141
2	141
0	0
0	1
0	0
0	0
0	0
0	0
0	0
10	717
7	705
0	727
5	256
7	159
3	30
6	16
5	57
6	61
0	0
1	27
2	11
0	22
533	0
121	6443
9	2785
140	6158
0	915
28	910
243	578
13	409
29	418
1	0
1728	0
1	72
2	15
11	71
2	7
646	487
15	65
5	26
2	28
2	82
0	284
0	30
12	7192
0	60
2	7407
110	7203
10	7054
19	7025
2	210
1	6626
0	55
0	9
3	5264
0	5017
0	0
28	399
2	530
21	5134
8	416
0	67
10	507
14	492
6	295
0	262
0	262
2	45
1	54
12	51
3	91
0	0
0	0
145	8845
0	0
0	0
2	60
0	10811
80	171
1	87
0	132
0	64
0	10811
8	10802
0	10811
116	0
3	103
289	1406
3	60
0	1348
5	144
0	415
0	432
0	441
5	134
0	110
1	66
1	66
0	63
0	31
0	68
0	57
5	9
88	0
0	0
5	3
0	0
1	0
2	0
0	1417
0	1475
2	1474
0	1474
3	64
4	40
0	93
0	0
0	0
0	0
2	167
14	168
4	176
0	167
19	0
11	43
18	35
0	15
0	7
0	0
0	14
3	62
1	65
1	65
22	138
0	133
0	22
1	5
0	5
0	5
23	112
60	112
0	931
267	871
1	773
0	597
0	0
11	16
0	6
0	0
0	8
0	7
290	64
3	63
4	6
0	959
70	1234
1	131
0	192
3	125
1	684
0	719
4	133
0	170
6	280
7	169
0	177
1	1057
0	1195
0	124
0	22
0	60
0	200
19	844
1	1185
3	1165
0	1196
3	128
0	122
3	7
0	96
1	119
0	129
0	93
0	78
0	33
1	35
0	1
0	112
1	114
0	16
1	18
0	39
34	0
29	947
2	189
27	920
8	4
51	945
6	1700
7	1784
0	2034
12	2210
0	2235
0	2101
0	3485
0	3482
0	3249
0	3246
2	3260
2	3185
1	3218
0	2948
20	2745
5	227
13	144
0	298
9	484
2	0
0	0
0	0
0	0
0	0
8	0
0	109
0	123
4	116
0	157
0	123
0	31
0	94
0	68
0	5
0	21
0	2758
1	3162
2	963
5	2760
0	1408
0	1022
1	1573
0	820
3	604
0	1330
5	1073
1	1067
1	909
0	0
0	323
2	167
0	3740
0	3740
9	814
6	710
1	468
2	594
3	322
0	748
6	997
1	378
1	1259
154	8
2	2
0	6
17	50
0	8
1	0
0	16
5	41
0	5
0	8
0	0
0	1
0	1
5	0
274	1563
9	1548
3	0
1	17
1	8
10	8
42	7
0	0
0	0
1	17
2	10
2	17
407	0
2	0
10	1
0	1
0	0
0	0
0	0
0	0
0	0
29	826
0	804
1	76
33	134
15	92
0	0
0	0
0	49
7	49
0	6
0	6
0	2
0	2
0	8
0	7
0	4
1	139
2	134
1	134
10	35
0	1
0	0
0	4
2	4
0	4
0	2970
0	3039
0	262
3	2414
0	299
3	208
1	778
1	354
0	394
24	27
43	291
4	158
12	10
4	5
0	5
2	0
45	28
6	28
0	3
557	9
4	9
13	0
1	0
65	328
0	215
0	120
0	0
6	7
4	3
0	126
2417	766
0	651
2	439
250	462
0	81
0	23
0	20
0	418
0	469
0	37
0	122
0	420
0	44
0	64
7	35
0	197
0	180
0	44
0	21
10	15
0	226
0	9
3	79
1795	0
0	9
3	48
0	15
20	48
1	4
0	144
3	139
0	136
1	20
2	21
0	0
2	74
0	9
0	0
0	0
0	0
0	0
0	0
0	0
216	104
3	22
26	82
0	43
6	0
0	2015
33	1962
2	1912
15	71
0	0
1	24
8	277
9	78
38	307
7	87
7	0
62	0
25	88
15	0
664	464
1	460
0	0
0	0
0	0
0	0
0	0
0	0
0	0
0	0
8	0
1427	951
9	666
7	710
2	14
3	14
1	0
5	0
92	0
1114	1301
4	220
3	155
1	226
6	235
8	0
57	735
34	537
0	507
5	115
0	95
38	928
6	928
1	41
2	12
0	0
0	0
0	0
149	63
4	0
0	4
1	56
0	4
1	3
0	2
3	50
0	0
0	5
0	0
0	52
0	52
1	24
1	10
2	1987
0	2048
26	1904
13	1959
0	298
25	200
1	18
0	0
1132	2120
0	2079
0	143
11	777
0	131
0	10
0	0
0	0
0	0
1	0
0	5
0	10
0	4
0	10
0	8
2	1
0	0
296	729
0	729
0	0
0	2
5	2
0	0
0	0
0	0
0	0
0	0
0	0
0	0
0	0
0	0
0	0
44	351
35	351
6	27
5	16
3	228
0	0
1	0
221	0
20	1575
1	120
30	1722
0	1191
0	1652
16	966
2	1565
3	131
7	97
3	188
1	57
3	303
0	87
213	384
2	381
0	24
2	19
0	6
0	6
2	0
0	0
0	0
0	0
0	0
9	92
1072	612
0	0
47	83
11	34
0	23
22	32
25	0
0	433
0	469
21	83
1742	1319
0	782
6	1077
8	207
0	388
1	248
37	185
32	0
0	0
251	752
11	736
1	0
1	425
0	115
2	0
1	55
12	62
3	60
0	13
3974	512
3	512
0	0
12	0
322	0
1103	83
0	0
12	52
6	41
214	292
5	260
0	217
1	140
2	0
0	0
3	323
4	339
2	244
0	77
68	7
0	0
1729	808
0	547
49	544
1	208
18	114
2736	84
9	84
1300	574
1	131
2	254
6	58
10	117
9	76
192	2308
8	2308
0	0
26	3439
165	3436
24	1179
0	795
0	1020
2	626
0	286
0	543
2	157
1	1
1	1
0	0
2	64
0	64
0	0
0	0
1	0
0	1
0	0
0	0
0	1
0	1
20	26
1	8
0	21
0	12
0	0
695	1297
5	931
18	437
2	93
9	50
3	0
0	0
0	0
109	1824
3	1250
2	923
13	98
1	21
23	1273
17	1283
1	1106
0	1312
10	0
2	914
0	160
0	408
1	29
0	23
0	24
0	41
0	18
2	36
2	23
0	6
0	0
10	137
15	138
11	99
24	99
1	4
2	51
3039	18444
2446	18747
1	6214
0	2690
0	0
0	3
2	2611
32	2207
101	1168
52	5325
15	4913
1	249
27	249
0	7
1	7
6	33
0	0
4	28
0	19
744	1639
28	1398
0	1693
0	1385
10	60
3	217
0	0
1	0
2	5783
461	6717
12	401
0	1382
0	1385
4	1335
13	386
0	0
1	18
0	11
0	18
182	4697
19	4703
1	4703
73	459
0	257
35	106
7	110
0	230
2	0
8	983
63	983
0	102
4	0
42	133
1	54
0	0
1	542
172	542
0	71
0	14
0	0
0	0
0	0
0	0
2	0
266	1542
3	1269
0	1377
3	0
0	0
0	0
0	0
5	75
0	1366
40	1441
693	1507
0	544
8	69
0	0
1	49
0	30
0	0
16	4
0	4
1	0
0	0
0	0
0	3
0	3
1428	1041
0	776
0	0
3	208
0	0
0	0
0	0
7	55
1	0
0	0
0	0
0	0
0	0
0	0
0	0
1	705
0	705
33	8
0	6
2	386
0	705
3	603
0	501
0	0
9	19
0	98
2	36
0	107
1	87
0	71
0	111
0	39
0	0
0	32
13	1
2	52
76	0
892	7042
101	926
0	936
33	655
1	5115
50	941
0	0
7	3188
42	0
0	0
0	0
16	0
0	99
0	43
30	86
1	4
6	53
0	0
5	2
0	1
14	1
0	1
76	540
5909	548
2	0
0	954
0	608
30	422
0	981
0	801
4	56
4	84
1	157
0	0
10	14
262	419
15	424
1	13
12	41
0	0
0	7
0	13
0	179
2	3
2	178
0	0
0	53
172	525
404	523
7	310
0	1
0	0
2	43
36	4336
39	566
132	4311
3	7
2	150
0	150
0	4
0	17
0	0
0	0
0	0
0	0
0	0
0	0
50	126
1	126
1	0
1	149
1	161
0	153
0	2
0	4
1	4
0	11
0	5
184	24
1	20
10	5
0	5
149	131
0	131
0	51
0	21
1	9
0	363
2	196
0	292
3	152
2	106
0	0
0	7
0	7
0	1
0	7
0	1
0	7
619	0
3	1
0	0
0	12
0	0
0	0
0	0
1	0
0	0
0	0
1	0
0	0
0	0
0	0
0	0
0	0
0	0
0	1
0	0
0	0
0	4
0	3
2	3
0	1
0	0
2362	2
2	0
0	0
0	0
2	283
0	356
18	370
0	147
108	0
0	1172
13	1096
0	1096
1	263
2	149
0	0
4	29
0	15
0	3
24	53
3	54
0	33
902	958
0	660
12	298
4	334
0	227
2	143
0	73
8	102
567	6
0	0
12	282
0	67
4	281
4	38
0	1
0	1
1	1
1	1
0	0
46	1660
59	1658
0	291
0	91
0	0
159	133
0	8
2	10
0	95
3	83
2	38
0	0
0	0
0	0
0	0
0	0
0	0
0	0
0	2
0	2
0	0
420	5050
164	5058
5	5050
12	5058
798	66
1	62
0	2
0	8
0	1
0	8
0	6
0	1
0	3
0	21
0	18
0	22
0	38
0	1
0	13
0	1
0	31
0	14
0	31
0	3
0	2
1	3
0	2
0	2
1	2
0	17
2	36
0	124
167	144
3	124
0	75
0	30
0	36
6	86
3	86
0	5
1	0
3	46
0	49
0	49
0	2
0	0
1	0
0	1
0	1
80	3
17	67
8	67
1	3
0	3
0	21
0	27
6	26
18	0
0	0
0	64
0	29
0	30
2	29
14	17
0	14
0	13
0	14
6	66
3	2
3128	0
8	293
0	293
4	316
0	275
10	84
1	40
0	31
0	30
0	48
2	246
5	253
0	30
1	195
0	0
0	0
0	0
1	182
125	193
7	20
4	13
73	1
0	1
0	18
3	0
0	0
0	0
0	18
0	4
0	4
79	3031
19	3029
11	87
9	220
0	628
41	400
0	377
0	57
748	0
4	710
0	590
10	573
6	107
0	75
0	40
0	118
5	333
1	0
5	269
0	352
3	1866
5	2664
7	3691
443	3691
0	3651
0	2867
0	2176
34	1216
42	437
43	447
2	164
6	46
4	10
0	0
0	0
20	0
7	461
6	190
0	62
0	48
9	413
0	0
0	4
0	8
6	315
122	52
10	33
0	27
0	24
4	1109
246	1162
38	547
1	89
1	303
0	0
3284	3289
1	2274
51	1619
18	1737
19	89
3	3941
0	3960
5	3046
3	3740
49	4593
17	756
7	514
234	1060
1	193
1	342
0	365
23	105
3	6
2	355
4	27
7	25
0	415
0	389
1	401
97	255
0	72
0	60
0	10
0	93
0	62
2	22
0	5
0	4
0	0
876	354
2	354
32	798
0	705
0	741
17	879
0	568
0	343
3	294
0	205
4	261
1	13
2	361
0	356
1	186
1	108
5	35
0	60
7	44
5	46
1	3
0	9
0	8
0	3
1	1310
5	1583
2	1593
5	1139
0	169
0	0
0	65
0	0
0	0
9	2930
0	137
0	120
0	134
0	0
0	2911
0	2795
30	359
0	0
932	369
0	45
0	152
5	191
34	415
0	389
1	51
0	159
1	119
1	145
0	170
0	49
193	3593
2	296
3	3593
1	190
0	230
0	292
0	337
2	504
2	368
14	689
21	172
0	388
13	7877
0	530
41	7877
0	3823
0	778
1	3370
7	2768
5	530
14	277
0	706
17	679
9	114
26	329
0	22
45	29
10	24
4	13
1126	0
19	197
0	0
1	11
397	796
1	36
0	137
0	743
3	0
0	9634
0	9631
0	9985
23	6333
0	9958
1	9983
0	9843
0	138
7	362
5	477
364	0
3	19655
0	19655
33	7764
65	2548
0	570
8	554
3	5
0	545
0	105
10	71
5	11
4	502
0	491
0	503
1	431
0	426
1	47
20	68
3	16
0	15
541	617
0	500
2	235
20	226
22	92
2	262
0	367
0	351
0	70
0	85
0	103
0	51
137	173
0	385
8	367
0	933
4	830
6	448
3	0
3	5
35	149
13	479
16	1252
0	1444
0	1294
4	404
0	92
0	119
8	315
0	73
7	130
0	0
0	0
0	129
19	20
0	4707
3	5460
103	5726
166	5762
4	1310
20	549
49	320
206	266
20	66
0	200
14	200
0	9
0	3
19	10
2285	2
0	1545
0	1716
0	1119
0	287
5	6
0	6
0	0
51	1426
0	1426
0	1367
9	1424
3	198
5	270
1	295
7	435
0	113
4	0
0	0
6	0
0	250
0	338
0	312
0	41
1	66
11	45
0	3
7	0
0	6
0	18
0	4
18	3
2083	517
0	418
1	12
0	12
0	12
1	7
1	0
0	1457
98	1662
9	702
7	349
15	465
4	363
20	513
11	387
13	174
0	0
4	0
0	81
0	26
0	3
3	82
0	86
0	89
7	89
0	29
1	19
0	100
0	87
0	22
0	47
0	29
0	0
0	82
0	82
1	520
193	539
1	19
0	0
0	0
0	0
0	0
0	0
0	0
0	778
0	761
6	80
36	238
362	0
0	2
0	3
0	2
0	2
0	1
0	124
0	119
0	76
0	118
65	119
0	129
0	114
1	59
0	116
2	61
0	115
0	106
0	0
0	73
0	67
0	0
0	0
417	1147
41	849
44	207
37	95
18	110
12	57
5	0
3	1
0	1
0	0
0	0
4	0
188	74
6	76
0	76
1	627
43	588
138	502
0	512
1	259
1	405
3	402
0	0
79	293
19	286
4	38
0	25
3	236
0	9
2	68
1	72
1592	2856
655	1304
3	1282
0	2585
0	2584
0	704
7	503
17	76
1	2
28	476
0	23
15	604
1	47
0	490
1	318
0	272
1	75
0	101
0	4
0	1
0	0
0	3
2	0
1	0
0	0
5	56
0	56
0	56
5	132
0	123
1	245
43	364
0	219
0	0
0	0
0	0
0	0
24	904
2	1419
3	1326
608	1458
27	33
3	0
5	0
3	108
72	3284
21	3284
2	0
47	3282
4	137
0	702
1	2740
1	2751
71	1984
0	300
0	281
0	0
0	87
0	5
1	0
0	0
0	0
4	0
17	0
1	2195
68	2216
33	2195
20	1786
17	24
0	62
1	858
16	1130
2	139
26	43
7	379
3	321
0	57
0	36
0	0
1	9
0	132
0	139
0	120
1	138
3	0
12	0
0	28
0	0
6	4394
0	135
2	1811
0	672
10	3782
7	1370
13	533
2	361
292	572
1	353
4	248
7	55
0	38
36	107
22	14
11	199
1	87
0	10
2	50
0	98
0	18
293	976
104	976
2	0
26	129
39	129
3	12
3	0
0	0
760	23
7	24
0	10
50	1108
0	1094
0	872
0	0
154	407
0	226
0	226
0	245
1	23
0	28
1	0
1	609
0	1543
1	1596
0	1543
0	0
0	197
0	145
0	148
18	0
0	738
3	724
13	393
4	108
0	430
28	85
1543	612
0	612
1	44
0	44
1	1208
2444	2826
3	1303
6	717
3	0
0	5826
179	5842
2	5842
103	2719
20	2502
6	2764
4	5
5	269
3	269
2	7
0	0
1	0
8	715
0	22
0	171
0	675
2	505
21	584
4	89
3	374
9	191
0	3
0	3
0	0
0	0
0	0
0	0
0	0
0	0
0	0
0	0
0	0
0	0
0	0
0	0
0	0
516	39
8	39
130	75
1	75
0	41
390	210
0	210
0	0
0	0
611	486
15	486
0	0
0	0
0	0
0	0
0	21
0	21
0	11
0	2
0	7
0	10
0	0
0	1
3	1764
10	1683
1	426
0	288
0	344
0	71
0	240
0	0
751	2263
0	796
6	552
7	43
0	1428
1	287
2	922
0	922
0	661
22	600
2	654
0	730
0	695
0	217
0	67
0	21
15	118
0	5
0	5
7	113
0	0
116	14886
0	14900
2	2
0	20
9	20
32	1
0	1
0	1766
3	0
1	544
0	187
0	401
0	232
0	112
0	83
0	537
1	75
0	39
2	86
7	77
535	0
11	0
0	525
41	393
16	541
0	1717
7	1568
0	0
4	592
0	0
0	85
20	273
73	0
0	84
16	296
8	23
0	99
3	281
720	982
1	127
3	171
23	699
10	51
15	0
5	0
8	644
0	646
5	551
17	686
35	686
3	55
0	53
0	1
0	32
0	127
0	137
1	146
0	137
0	140
0	10
2	8
0	0
0	0
0	7
0	3
0	0
19	332
0	332
0	332
1	25
0	50
1	41
0	78
0	0
0	567
0	542
0	517
0	105
5	29
9	26
77	237
0	124
0	171
0	3777
1	3795
0	3755
13	414
0	373
1	610
0	605
0	390
7	308
0	124
5	1114
14	1114
7	602
10	474
3	317
1	32
9	0
26	5
21	5
0	0
79	0
0	596
1	587
4	0
0	4
0	596
0	1
2	112
21	74230
0	72058
0	25236
5	3338
5	36400
0	7
74	22193
16	17716
150	11924
0	0
50	3820
30	0
0	0
0	0
0	0
16	661
2	668
0	72
0	48
13	416
15	245
0	111
0	94
182	2400
0	2400
0	104
1	497
27	81
0	0
0	0
0	0
3	0
2	0
103	49
2	49
321	128
20	27
2	27
0	26
0	85
1	13
18	79
1	6
53	134
0	106
1	177
1	88
0	107
0	79
1	42
5	43
0	42
0	64
0	6
1	529
0	405
74	2068
43	2068
1	534
577	537
4	537
2	0
909	1668
26	1561
6	525
11	698
7	250
3	111
0	0
0	0
0	0
0	0
0	0
0	10
0	10
0	10
0	1
1	413
35	413
2	0
19398	8821
0	1988
0	7309
376	5123
29	5124
23	0
734	1498
4	1027
14	471
42	565
39	37
184	538
2	85
5	22
7	22
1	9
452	1518
26	1448
4	427
17	143
92	121
11	593
16	43
1	10
12	87
4	359
6	207
8	38
0	1432
0	1551
89	1341
2	1396
0	1315
10	837
0	186
2	148
43	18
91	164
0	164
0	0
2434	447
80	432
1	380
5	303
5	8
78	358
353	364
3	292
0	181
0	182
2	27
3	2
0	2
0	0
1	0
125	4152
1	4154
8	3022
28	1053
388	0
1	50
0	1718
51	12
0	1581
5	353
0	1572
1	255
2	270
20	482
0	81
0	468
43	420
0	182
0	1436
0	1569
0	8
0	519
0	186
0	0
3	710
0	304
9	197
4	265
33	323
7	260
1	238
4	274
0	274
31	275
1	251
111	1586
5	1586
21	270
168	298
16	243
46	187
0	187
22	168
47	637
31	888
30	701
11	541
35	269
3	100
0	77
0	125
17	1361
0	19
0	11
23	330
53	330
11	252
4	1958
39	2297
13	2354
0	2623
27	2587
4	184
2	338
8	1094
10	263
0	1065
93	1065
1	225
66	981
0	999
1	322
37	345
793	19190
0	19190
12	1215
4	1519
14	852
29	3
115	30
1	20
0	0
0	10
1	1396
4	536
0	1366
0	545
45	1450
2	7
7	0
3	169
4	1941
4	5161
10	4812
1	369
59	650
1	0
3	0
0	731
0	603
17	152
0	0
0	0
0	0
11	9
0	9
704	1845
3	1672
1	1554
1	1760
5	1052
17	771
0	8
4	237
10	325
4	68
2	154
0	47
0	0
2	0
3	269
9	0
5	0
0	0
0	0
0	0
158	0
3	223
5	194
200	151
0	73
1	36
5	45
0	205
0	109
4	612
1	655
26	198
1	159
11	70
0	49
4	84
0	28
1573	97
0	90
7	21
1960	193
2	40
2	153
586	608
2	351
0	301
0	197
53	47
20	2
0	1
0	1
3	1
0	0
0	0
350	0
2	1
0	2
3	2
1339	1539
0	49
5	375
298	0
4	504
1	437
83	856
0	856
0	856
188	46
17	46
1	970
152	970
2	402
8	0
0	0
0	0
0	1
0	1
0	0
0	0
0	1
0	0
0	0
0	0
0	0
0	0
0	0
0	52
0	0
1	0
3	0
172	78
0	55
21	92
0	73
0	44
0	48
4	32
6359	2
19	0
1	536
73	555
0	1
7	0
0	285
0	66
5	25
103	129
4	131
1	13
13	26
0	2713
61	2705
35	441
0	1753
140	150
2	7
9	315
61	512
0	1899
1	2
0	256
0	253
0	152
0	264
9	104
21	140
0	221
0	181
0	239
6	138
0	244
0	236
0	249
0	16
1	157
0	246
0	220
0	150
0	6
0	0
1	6
1	40
0	32
0	0
2	19
0	27
1	25
50	20
40	146
0	192
8	2323
0	286
0	2233
0	727
1	0
0	20
2	26
0	60
0	614
0	1165
7	6
2	117
0	70
0	34
0	53
0	52
0	0
0	11
0	11
0	11
0	0
0	0
11	157
0	156
1	14
0	2
0	1
0	0
0	0
0	0
63	109
0	110
0	110
5	11
8	315
0	331
2	324
0	321
0	314
0	2
0	8
9	0
7	126
0	11
57	326
13	207
4	275
0	71
10	136
0	0
1	1
227	22
0	22
0	0
377	1162
8	1102
7	102
0	1069
14	199
0	711
1	109
0	42
1	49
0	0
0	0
0	0
0	0
0	0
0	0
1	0
49	1
2	333
0	1
38	1486
0	3508
0	3378
1	1879
0	0
0	90
0	3280
16	3087
1133	1729
3	0
13	455
1	1
1	156
0	92
2	71
22	227
0	172
0	0
0	0
0	0
1	0
0	0
0	0
0	0
2	0
0	0
0	0
0	7
0	7
2	4
0	0
0	0
1	2
0	0
0	2
0	0
0	1803
0	0
187	1255
35	515
3	201
2	191
0	595
58	9
1	9
0	103
56	103
2	15
5	99
0	99
0	95
0	27
0	26
3	15
0	17
0	18
1	14
1	1
0	4
576	2105
6	2028
15	916
57	191
1663	558
14	353
107	212
58	23
0	0
0	0
60	75
0	75
0	0
7	17
0	17
0	0
0	0
0	0
0	0
0	0
0	0
0	0
0	0
0	0
0	0
0	0
0	1
14	0
0	0
0	0
0	0
0	0
0	0
5	72
1	0
0	0
0	0
0	236
117	3408
0	3289
3	475
0	0
1	1618
0	272
3	858
0	267
0	424
0	1520
0	115
120	147
9	298
0	209
32	160
3	110
0	136
0	51
43	0
0	8
1	8
1	13
353	84
0	75
0	0
0	0
0	0
0	0
0	0
0	0
5837	0
13	6
1	2
0	2
0	2
1	0
0	6
0	5645
0	6690
14	4261
0	6971
0	164
1	6630
0	4355
0	4219
0	6770
1	889
1	562
0	293
4	872
6	524
0	672
29	258
30	0
1768	10491
28	1329
6	10384
1	2114
5	56
4	22
0	22
7	0
5480	0
2	0
0	293
0	116
0	88
7	290
2	214
0	41
0	21
34	127
5	53
12	127
0	0
1	0
0	0
0	0
5	1
0	0
0	11
68	11
0	0
1	0
0	0
0	0
0	0
35	858
0	0
0	0
0	0
0	0
0	0
0	0
0	0
0	0
0	0
0	0
0	0
0	0
0	0
0	0
0	0
0	0
0	0
0	0
0	0
0	0
0	0
0	0
0	0
0	0
569	0
0	0
0	0
0	0
1	0
0	2872
2	0
0	0
7	129
0	129
0	128
0	118
0	0
0	0
0	0
0	0
0	0
47	351
0	318
1	215
22	9
0	14
0	15
0	17
3	2
0	2708
8	2538
92	676
3	12
7	127
0	101
0	3
101	236
1	105
2	171
0	0
11	651
0	161
0	4
0	4
0	0
0	0
0	0
0	0
0	23
12	22
0	0
0	0
0	0
0	0
0	0
0	0
0	0
0	56
0	0
5	5140
0	0
254	188
1	13
0	187
0	181
12	14
0	0
0	0
0	0
0	0
0	0
0	0
0	0
0	0
0	0
0	0
0	20
3	95
1	91
1	4
0	0
0	0
0	0
0	0
0	0
0	0
0	0
3028	1354
11	542
0	812
2482	463
28	22
0	0
34	4
0	60
0	0
0	441
13	284
0	0
0	118
0	0
0	0
0	0
1	1
1	0
0	0
0	0
0	0
0	0
0	0
1126	29
0	29
0	0
0	0
4	0
0	75
0	0
0	0
0	0
0	0
0	0
0	0
0	0
0	0
0	0
0	0
0	0
0	0
0	0
0	0
0	0
0	0
1	0
0	0
0	0
0	2
0	2
0	2
232	135
0	87
0	0
0	16
0	30
0	0
0	0
2	25
3	0
7	0
0	0
0	0
0	0
0	0
0	0
0	0
0	0
0	0
0	0
1	693
0	667
0	688
0	688
0	563
3	547
0	422
6	29
22	0
1	52
0	0
0	0
0	0
0	0
0	0
0	739
0	739
0	548
0	0
0	19
1	38
0	381
3	31
10	13
0	13
0	28
2	102
1	74
0	0
0	0
4	385
88	144
0	434
6	425
3	134
1	34
4	23
0	0
2503	6973
2	6852
0	0
219	612
0	0
120	1031
8	435
46	497
4	470
0	100
0	22
18	65
0	19
0	1
2	3
0	3
0	1
0	0
500	0
3	25
20	4851
0	7232
0	7220
0	382
26	547
11	201
0	0
0	0
0	0
0	0
0	0
0	0
0	0
0	0
0	0
0	0
345	0
0	0
1	0
545	5362
1	4156
16	0
13	142
6	533
252	3996
7	964
2	952
5	890
0	0
0	0
0	0
0	0
0	0
0	0
0	0
0	0
834	367
30	367
3	0
0	0
1	28
144	11
23	0
15	41
1	18
2	26
0	0
0	0
0	0
0	0
68	28
0	19
8	13
0	0
0	0
0	0
0	0
3	243
0	52
0	0
0	0
1	0
0	0
0	11
0	0
0	0
1	107
5	107
0	0
2	0
0	0
151	68
0	0
0	0
0	0
0	0
0	0
0	0
0	0
0	0
0	0
0	0
0	0
0	2
0	2
0	0
0	0
0	0
6	0
0	0
0	0
11	0
0	0
0	0
59	5
7	6
11	0
0	0
0	0
0	0
0	0
0	0
2	0
0	0
0	0
0	0
0	0
0	0
0	0
0	0
0	0
0	0
0	0
0	0
0	0
0	0
0	0
0	0
0	0
0	0
0	0
0	0
0	0
0	0
0	0
2	4
0	0
0	0
0	2
0	0
2	7
24	0
3	0
0	0
0	0
0	0
8	11
0	1
112	5
1	0
1	0
96	13
0	1
14	12
0	0
0	9
7	103
0	36
0	65
11	125
10	0
418	51
46	176
4	144
20	7
0	5
0	11
4	1638
0	1720
0	1482
3	1397
0	0
2	0
0	218
14	303
11	276
0	65
1	204
6	35
0	1
0	155
0	8
135	1674
2	474
3	1212
0	0
3	964
4	0
14	190
1	0
1	44
226	282
3	201
32	216
2	203
0	2345
1	2372
0	2384
0	2485
0	319
1	1374
0	100
47	619
5	38
0	240
0	0
3	0
58	10559
47	9925
4	9193
1	3215
13	959
0	20
0	2
0	6
0	3
0	1
0	16
20	17
2	2
1	1
0	3
6	4
0	9
0	0
1	4
0	0
0	0
0	0
0	0
0	0
0	0
0	0
0	0
0	0
0	0
50	74
20	26
36	19
0	0
0	0
0	2
0	0
0	0
0	0
0	1
0	0
68	23
0	0
0	4
0	0
0	0
0	0
0	0
0	1
0	10
0	11
0	9
0	1
0	10
0	0
0	0
0	0
0	0
0	0
0	0
0	0
0	0
0	0
0	0
0	0
0	0
0	0
0	0
0	0
0	0
0	0
0	0
0	0
0	0
0	0
0	0
0	0
6	0
110	100
0	0
0	0
0	0
0	0
0	0
0	0
1	2
0	0
0	1
30	0
0	3
1	0
0	0
0	0
1	0
5	2
4	253
2	15
1	189
3	211
0	0
0	199
16	73
0	175
0	175
6	165
339	52
0	21
0	52
0	52
10	13
0	11
0	11
0	9
1	7
0	7
0	6
0	1
858	523
13	42
5	244
1	457
0	0
0	0
0	1
0	0
0	0
0	3
46	3
2	67
646	1266
31	22
0	1163
51	1173
0	1137
0	0
531	4934
2	734
6	4082
2	4878
89	2524
2	412
6	361
2	222
8	176
0	16
16	0
1	1410
0	1410
18	497
2	0
1	0
1	0
0	0
0	0
6	0
0	0
0	0
7	0
3	0
3	0
0	0
0	0
0	0
0	0
0	0
1	46
0	0
0	0
0	1
8	175
2	175
0	12
0	28
0	0
3	5
10	0
0	0
0	0
12	599
2	581
0	33
72	488
9	489
0	6
1	25
0	3
0	0
0	0
0	0
0	0
0	0
0	0
0	0
0	0
0	0
0	0
0	0
0	0
0	0
621	4
0	0
0	0
1	0
0	0
0	0
0	0
0	0
0	0
0	0
0	0
0	0
6	0
0	0
0	0
0	0
0	0
0	0
0	0
0	0
0	0
0	6
0	6
0	3
428	13072
8	3033
1	4588
16	12251
1	3049
16	5076
25	1418
3	305
0	261
3	25
17	188
163	265
0	265
2	45
0	0
0	1110
2	1103
2	0
23	734
18	714
65	698
46	615
129	606
4	20
3	593
0	95
44	0
0	0
0	249
0	298
2	1
0	0
4	0
0	0
0	0
0	0
0	0
2	0
0	0
0	0
0	0
0	9
6	9
0	0
0	1
0	1
0	9
0	1
0	1
0	0
0	0
0	0
0	1
0	1942
1	2003
5	310
5	380
1	195
1	57
1	178
0	1259
0	0
0	0
0	0
0	0
11	210
0	242
0	180
0	206
11	4
0	61
0	3
4	13
0	1
0	0
0	0
0	0
0	0
0	0
592	91
6	91
3	0
41	2367
99	2214
1	394
1	122
5	129
0	71
34	673
0	893
0	673
0	767
3	23
0	0
0	0
622	234
0	0
0	0
0	4
0	0
0	0
0	0
0	0
0	0
0	0
0	56
0	0
4	5753
0	6144
18	274
0	6144
0	134
15	842
6	145
7	228
2014	922
0	660
3	317
8	265
1	1896
0	1
0	5250
0	2492
1900	5858
0	2977
353	1616
12	206
8	388
2	391
0	415
2	120
0	0
0	118
0	0
22	3
0	3
0	0
73	420
9	264
6	420
1	4
118	14
0	14
3	0
1269	175
0	32
0	32
0	15
0	4
5	0
16	0
84	0
0	0
0	272
1117	238
7	34
1210	1436
90	1427
1	415
12	150
2	1109
1	947
31	874
2	717
20	436
1	263
2	481
1	439
0	0
0	0
0	0
0	0
8	522
72	529
0	524
17	522
5	111
0	406
0	9
0	0
0	0
0	0
0	2
3005	0
0	0
0	0
0	0
0	61
0	614
2061	614
5	130
0	0
76	12
17	12
46	0
4	0
7	0
1628	5575
36	5621
5	896
44	324
272	853
52	1522
9	755
0	0
3	0
0	0
0	0
0	0
0	0
0	9
0	0
0	3
19	17
1	12
0	0
0	1
0	71
1	91
1	146
0	33
0	143
0	102
0	0
1	106
0	41
0	92
1	3
17	104
0	9
8	59
0	0
9	7
0	0
0	0
0	29
651	101
0	18
6	29
0	0
0	0
0	0
0	0
0	0
50	0
58	62
0	60
0	66
0	67
0	46
0	17
0	95
8	96
0	56
0	51
0	40
1	6
7	8
17	7
1	0
0	0
0	0
0	0
1	97
0	1426
13	1999
593	3195
29	706
108	0
19	2628
7	391
38	0
0	0
0	0
0	0
1567	462
0	442
22	21
1	0
0	0
0	0
0	0
0	0
1	0
1	0
0	0
0	0
0	0
11	0
0	0
78	12619
17427	12623
2646	616
5	612
15	267
0	0
977	1499
41	1492
4	349
0	571
0	712
0	0
6	584
2	418
39	333
5	291
0	207
19	0
374	587
6	375
43	456
32	0
0	0
0	0
0	0
0	0
0	0
17	0
3	0
0	0
0	0
20	0
1	78
0	111
0	71
6	61
0	83
0	50
0	66
0	47
0	0
0	0
0	0
0	0
0	0
0	0
0	0
0	0
0	0
12	0
6	96
1	18
10	65
1	76
4	64
0	18
0	0
1	0
0	2
0	12
0	35
1	29
12	35
0	19
0	0
1	0
0	15
0	0
0	0
0	0
0	0
0	0
0	0
0	0
0	94
36	174
0	78
0	0
0	26
0	69
2	145
0	20
0	86
0	62
0	161
7	5
0	31
0	0
0	0
0	0
0	0
0	0
0	0
0	0
0	0
0	0
0	0
0	0
0	0
1	0
0	0
0	0
0	0
0	2
0	2
0	0
1	405
8	237
0	175
27	176
0	1
445	883
24	795
1	0
0	2344
487	2344
0	0
0	0
0	0
40	1510
0	152
16	231
4	1157
0	856
21	0
0	288
0	193
116	306
0	148
12	135
0	0
16	2
0	0
0	2
0	0
14	640
70	640
57	0
70	9
37	0
22	500
12	57
3	237
18	144
38	16
2	71
0	481
6	0
14	47
24	0
5	3
0	0
1	5
0	0
0	0
0	0
1	60
3	8
1	19
0	57
0	0
0	11
0	0
0	0
0	0
0	0
55	0
7	0
0	0
0	0
0	0
0	0
0	0
0	0
0	0
0	0
0	0
0	0
0	0
0	0
0	0
5	0
0	0
3	17
0	0
5	1
487	29
1	23
0	0
3	0
1	1596
0	0
344	2135
1	91
0	87
0	1914
0	266
0	619
1	0
2	26
0	7
0	18
0	21
0	3
0	2
0	0
0	2
0	0
0	8
0	2
0	23
0	4
0	4
0	0
0	1
0	7
1	4
1	299
28	784
1	748
0	58
0	60
0	0
5	0
68	0
5	46
10	18
1	0
0	0
0	0
0	0
0	0
0	0
0	0
0	0
0	0
0	0
1	0
0	0
0	0
0	0
0	1
0	0
0	0
1	0
18	1
0	0
0	0
0	0
0	1
0	0
0	0
5	0
0	0
0	0
0	0
0	0
0	359
0	0
0	0
1	126
0	0
0	0
0	0
0	0
0	0
0	0
0	0
0	0
0	0
0	0
0	0
0	0
0	0
0	0
0	0
0	0
0	0
2	553
0	0
0	0
277	0
0	0
0	0
0	0
0	0
0	0
1	21
0	0
663	987
15	844
2	743
5	85
24	411
48	0
41	883
329	1311
0	648
64	323
1	252
2	410
0	0
0	6
0	6
0	0
0	0
47	1938
69	1937
268	1
7	149
121	149
0	0
965	12670
4	12670
82	768
75	9
26	216
0	0
526	3099
6	2176
11	153
2	270
62	21
36	44
25	989
66	4
29	114
0	0
228	114
2	0
0	0
175	52
8	25
1	23
0	20
0	8
1	0
1	0
0	0
65	24
143	10825
2	2448
58	10226
0	0
0	0
0	0
0	0
0	0
0	0
228	207
0	0
0	207
0	0
1	11
2	11
0	1
0	11
0	0
0	0
0	0
1	0
1689	0
1	0
0	5
0	0
0	0
0	0
0	0
0	1
0	0
2	0
5	153
587	660
1	304
0	0
0	406
0	0
0	0
54	962
0	962
3	520
0	208
3	0
2	150
4	198
2080	96
0	2
0	78
0	6733
0	6729
0	78
0	6738
0	6736
617	1584
1	1410
8	1
0	209
2	102
0	25
18	117
5	0
0	1465
198	1619
14	1054
18	955
0	198
4	145
0	0
0	0
12	2542
117	2542
0	93
15	127
5	35
0	286
0	0
1	91
0	84
0	1
0	0
13	150
14	68
11	73
92	84
5	0
5	0
314	5774
0	684
1	220
51	549
0	4076
0	214
41	2181
0	177
0	12
0	5977
1	361
0	214
10	321
0	2181
0	177
0	12
0	5319
0	4482
7	14
534	231
2	57
40	100
0	275
1	867
1	535
0	747
0	693
0	309
0	1299
1	1
376	1730
0	1404
1	750
922	581
0	579
2	0
1	0
1	0
121	3474
0	3487
0	3535
0	3518
0	100
15	30
3	2999
7	37
42	779
3	208
0	1799
0	1540
10	0
3	0
0	0
233	163
0	16
0	18
4	164
3	24
1	2
2	16
0	0
0	0
0	0
0	0
0	0
0	0
0	0
0	0
198	123
9	123
1	32
4	38
0	0
0	0
0	0
0	0
0	0
0	0
0	0
0	0
0	0
0	0
0	0
0	0
0	0
0	0
0	0
0	0
0	0
0	0
0	0
0	0
0	5
1	5
0	1
0	0
0	0
0	0
0	0
0	0
1068	65
8	54
6	63
5	69
0	109
0	134
10	56
0	0
3	93
0	118
1	3
0	2
0	0
0	0
0	0
1825	9
0	5
2	70
126	70
0	0
0	0
2	0
1	0
0	4
0	0
2	70
2	70
518	0
0	0
0	0
0	0
0	0
0	0
0	0
677	2364
0	2267
5	165
0	40
16	226
53	161
15	161
2	40
704	0
0	698
9	663
12	345
5	428
1	353
4	356
1	225
1	190
12	118
0	66
1138	371
87	371
0	102
8	139
10	2594
0	0
1	459
156	3292
2	2851
0	2732
0	2936
2	344
0	2719
0	1358
10	2548
0	2440
0	227
4	2868
1	2747
0	2944
7	227
0	2602
5	0
2	2460
3	2049
0	673
95	255
0	430
0	25
15	409
109	1044
0	82
5	957
0	282
0	0
0	0
0	0
0	0
0	0
0	0
0	0
0	1
0	0
0	0
0	0
0	0
0	0
0	0
0	0
0	0
0	0
0	0
0	0
0	0
0	0
0	0
0	0
0	0
0	0
0	0
0	0
0	2
0	2
0	5
0	5
0	0
0	0
0	0
0	0
0	0
0	0
0	0
0	0
0	0
0	0
0	0
0	0
0	0
0	0
0	0
0	0
0	0
0	0
0	0
0	0
0	0
0	0
0	0
1	0
1	1
0	0
0	0
0	0
0	0
0	0
0	0
0	0
5	143
0	0
0	1
1	58
0	29
0	33
0	22
315	306
0	278
17	167
111	2343
10	2374
0	934
47	310
0	0
0	118
75	1
4	70
11	214
16	982
67	788
2	917
20	411
0	12
0	179
6	641
52	2
110	2
210	26
0	0
0	978
65	480
0	978
0	1111
3	553
0	363
0	438
0	487
0	488
8	619
1	121
0	214
2	0
1	114
13	635
0	635
29	180
0	16
0	0
2	5
0	31
0	40
0	17
12	730
39	711
6	8
0	331
0	131
5	22
0	63
43	64
0	0
0	0
0	8
0	0
0	3
0	8
0	0
0	0
0	0
0	0
0	0
0	0
1	0
0	0
0	0
19	0
123	315
0	59
0	5
0	87
0	256
1	239
0	223
12	0
0	0
2	0
1	109
0	0
3	4
0	36
0	0
0	0
67	0
46	38
14	37
0	0
0	0
0	0
7	1362
0	0
0	0
0	0
0	0
0	0
0	0
0	0
0	0
0	0
8	0
0	0
0	0
0	0
0	0
0	0
0	0
0	0
0	0
0	0
4	5
0	0
0	0
0	0
7147	1402
4	1400
1993	2061863
0	1365
0	1189
32	19
3	19
0	9
65	3426
17	3426
979	3404
0	2399
2078	0
99	395
0	232
190	0
2	36
1	228
7	261
9	3
1	0
3	4
72	46
3	5
0	46
0	0
15	160
511	693
0	720
43	262
170	2196
34	970
158	275
1	116
2	42
14	616
2	1173
10	728
3	142
1	153
0	43
2	86
0	1188
1947	2061404
0	1364
0	0
61	16
0	16
6400	27
16	17
2	17
9	0
26	0
0	0
55	93
4	65
4	77
44	14
0	13
4	302
2	1385
47	1216
0	1151
0	62
0	0
23	18
5	131
752	114
2	104
0	74
6	183
5	182
1	19
0	40
13	8
22	0
0	0
0	0
0	0
0	0
0	0
0	1269
0	1290
0	1351
0	1248
0	1309
49	577
5	36
0	0
27	160
9	201
0	59
17	53
9	59
0	20
3	6
20	18
0	22
0	14
0	0
454	702
49	702
0	0
0	0
2	16
68	0
0	0
0	1116
0	1116
0	22
12	826
0	626
0	830
4	594
0	817
0	825
0	70
4	15
0	23
0	487
19	33
0	91
0	62
2	47
2	2
2	0
0	2
0	2
0	2
0	2
0	2
1	2
7	229
0	200
1	15
5	0
0	49
0	13
0	0
0	7
0	7
0	8
0	6
0	3
0	0
2	0
0	5
0	5
0	5
0	5
0	0
0	0
0	0
1525	645
1	626
11	20
0	0
22	0
0	0
0	0
0	0
0	0
0	0
606	471
24	314
0	431
2	13
0	0
0	0
0	0
496	1481
0	525
24	731
1	500
0	585
13	1
0	339
0	406
146	4046
6	3438
6	3543
2	3415
0	1985
51	36
14	3180
5	788
0	380
0	22
76	22
55	0
609	973
0	489
9	314
12	563
0	0
0	0
0	0
1	209
0	239
25	191
0	185
0	211
0	146
2	129
0	76
7	86
8	0
29	0
133	682
3	682
0	18
0	0
0	0
47	78
2	78
0	0
0	0
0	0
0	0
0	0
0	0
0	0
0	0
0	0
0	0
2	0
18	3254
42	1143
51	1336
0	3263
0	1
93	3215
0	0
33	0
21	19
5	19
5	9
0	217
0	71
32	408
218	398
5	217
3	133
1	109
0	0
0	0
0	0
0	74
59	74
0	78
0	41
0	8
2	0
0	3
0	3
0	3
0	2
0	3
0	0
0	2
0	0
0	0
0	0
0	0
385	0
2	0
0	3
0	1
0	1
0	2
0	0
0	0
0	0
0	744
97	821
0	717
23	37
0	0
1	1458
0	3
1	184
461	3100
595	1672
2	1491
9	147
32	0
0	0
0	0
0	0
1	0
0	0
0	0
0	0
0	0
0	0
0	0
0	0
0	0
0	0
0	0
0	0
0	0
0	0
0	0
0	0
164	73
18	71
38	286
0	377
2	455
0	0
248	102
0	7
1	95
102	60
0	30
2	66
41	73
0	20
0	63
9	1
6	24
7	0
0	0
0	0
0	0
0	0
0	0
5027	0
7	7
1	553
3	570
9	307
28	0
0	3
0	3
0	0
4	3
0	2
138	8413
17	2642
451	8988
7	1
19	653
6	122
11	526
0	0
1	25
437	218
36	123
9	64
0	89
21	179
21	250
2	11
0	11
0	241
0	0
0	3
4	3
0	3
4	6
0	6
3	0
0	0
0	1
0	0
0	0
6	0
0	0
0	0
0	0
0	611
57	611
905	659
1	212
0	168
1	0
445	1132
0	1118
1	380
0	21
73	0
25	160
0	0
33	241
0	51
1	88
875	219
12	219
1	96
0	9456
69	9460
6	409
3	759
12	733
1	79
0	0
12	100
48	144
0	2908
0	2295
0	246
1	302
8	91
0	226
1	1194
0	239
0	19
0	23
0	22
0	23
0	23
16	27
0	0
0	0
0	0
0	0
0	0
181	2292
2	2269
2	23
0	0
0	0
0	121
6	158
0	121
0	412
0	116
0	116
1	65
11	0
12	106
0	107
3	94
9	105
0	23
0	16
1657	4
1	5
0	5
6	625
37	625
4	46
2	46
2	4
0	0
0	0
131	48
109	114
57	66
0	0
8	0
0	0
17	2379
4	969
39	2202
3	12
0	11
15	14
3	107
0	205
0	6
33	558
162	1544
194	1554
97	353
0	4
42	349
0	0
80	508
8	298
0	308
0	261
0	322
101	105
238	9969
1952	9967
1833	654
3	296
3	297
0	297
2	297
0	183
0	131
4	187
138	208
1	24
0	28
1	34
0	0
2	2
37	2005
133	2005
3	850
9	1
0	120
47	0
28	0
31	0
1	0
20	0
0	0
86	0
21	4083
8	4136
259	46
35	1764
2	4202
2	2732
0	0
0	2618
1	0
0	0
0	0
0	0
1	0
0	0
0	0
0	0
0	0
0	0
0	0
0	0
0	0
88	0
6	797
128	797
0	0
102	0
0	0
8	0
11	0
2	88
0	1
0	0
0	1
0	0
0	1
0	0
0	0
0	0
0	0
10	2919
9	103
123	2919
0	0
2	29
52	261
967	663
4	663
3	0
3	0
2672	432
63	1
0	414
1506	0
0	353
0	344
0	353
13	335
1	35
1	5
2	2
48	3069
0	94
1	2588
0	1910
156	374
18	373
5	41
20	16
13	7
3	7
0	0
0	0
69	0
10	0
346	1238
11	1187
2	664
4	500
7	0
0	0
707	980
3	980
0	346
1	30
0	26
4	27
0	3
207	1227
0	467
0	105
0	74
5	0
15	190
0	30
4	12
9	156
2	3
1	0
15	619
46	42
1	61
2	128
19	64
3	128
0	3
0	0
0	0
0	0
0	0
0	0
6	0
0	0
1099	1040
0	1040
0	374
0	47
110	0
20	3
7	25
2	25
98	33
1080	8203
4	880
213	7714
115	261
5	518
0	2856
2	0
2	983
0	0
13	0
1543	66
3	21
0	0
1	4
0	4
7	45
21	2
209	515
0	66
11	50
7	80
18	18
9	127
46	327
0	0
2	0
0	161
0	73
0	161
0	0
2	0
0	7
1	0
0	0
0	0
0	0
622	1687
40	921
6	376
1	0
17	377
20	86
12	2401
2	66
5	2485
11	97
22	456
0	0
9	40
3	220
56	0
31	0
146	78
0	16
0	20
0	42
13	0
22	0
0	0
59	968
1707	968
74	6
0	0
0	0
24	0
23	5759
0	4702
29	5041
0	5386
0	5176
8	6242
60	562
16	2660
0	553
0	548
8	5118
82	4296
0	1
0	1
0	1
0	0
12	418
0	445
0	412
0	0
6	61
0	57
0	45
0	7
0	36
0	0
5	559
19	432
1	174
6	3
78	9
0	1
101	6
12	564
7	448
0	196
1	186
1	18
3	69
0	191
1	137
0	106
6	104
18	126
0	260
2	0
103	2883
18	2729
0	0
2	426
15	74
0	268
8	0
1	0
12	0
0	459
1	333
0	446
3	129
1	153
0	149
0	0
7	0
94	185
24	185
116	0
140	461
0	450
8	292
8	0
0	0
2	2020
179	2024
1	1987
32	1054
31	1
1	36
1	66
0	125
0	37
0	0
0	0
5	22
17	4410
16	4204
91	17
64	31
30	4272
0	4312
0	4351
18	1399
10	16
3	11
0	4
0	0
0	0
0	1
0	17
0	16
0	22
0	30
0	26
10	26
0	19
0	8
0	2
0	18
0	1
1	0
0	18
0	18
0	18
0	18
0	14
0	14
0	0
0	0
0	0
0	0
3	0
0	0
0	3
0	0
0	0
0	0
0	14
0	19
2	6
2	15
0	15
0	20
0	13
0	7
22	273
4	37
0	90
0	273
0	65
0	0
1	0
5	43
18	1682
57	1681
3	59
1	215
127	485
2	1
2	10
0	1228
0	107
15	0
600	2207
5	289
0	147
2	357
0	31
0	537
519	18
6	262
5	1903
497	853
3	148
56	28
82	29
0	37
2	195
18	253
3	3601
47	1325
2	540
32	3484
14	94
0	0
0	0
0	2
5	259
5	259
6	115
4	1517
0	1350
0	1385
0	747
0	829
0	673
0	265
0	154
0	203
0	89
0	0
6	57
3	0
1	40
0	0
16	0
3	1
1	1
1	1
0	1
538	0
0	0
1	0
149	66
29	154
0	96
2	144
0	59
0	0
78	9
1	9
0	0
0	0
0	0
0	0
0	0
0	0
1	1
0	1
0	0
85	12
9	12
0	86
89	126
2	33
2	119
0	11
0	16
2	3
25	0
0	1514
47	1504
0	777
3	14
2	95
82	0
1	0
14	0
6	9
427	1274
24	333
3	818
0	326
0	422
4	344
0	866
1	1199
0	853
32	0
8	920
20	85
0	0
1	500
49	209
18	367
0	475
5	834
58	248
0	218
0	223
0	298
0	9
12	53
30	32
24	21
7	133
2	190
1	67
3	72
2	43
2	8
0	486
0	488
12	369
2	445
0	353
0	58
0	461
0	165
0	60
0	343
0	16
0	3592
1	3512
13	3592
3	3512
32	1952
3	1498
5	211
7	0
11	8
0	5
230	0
0	4
4	0
0	618
6	630
16	124
1	26
0	44
168	50
4	10
7	13
0	35
0	0
0	0
7	85
0	306
0	258
0	300
0	13
16	119
25	12
0	62
2	39
0	17
0	0
0	0
0	0
0	0
0	0
2	12
0	0
0	12
0	1
0	0
1082	4078
53	3610
19	468
24	322
26	279
1	2
2	23
4	68
6	242
0	107
4	112
0	262
5	149
0	150
0	146
0	7
0	12
0	10
1	52
0	0
0	0
0	0
0	0
0	2598
122	2603
5	0
0	212
0	179
0	63
7	277
0	61
10	119
76	665
0	665
8	251
0	1032
0	1661
0	998
2	1445
209	345
2	80
18	162
25	175
35	0
2	21
2	21
0	17
7	0
8	0
0	4401
105	2179
135	7
17	567
2	616
0	880
2	174
19	0
11	3286
17	20
2	701
3	2
13	245
32	166
3	139
1	157
3	0
0	84
0	84
0	47
2	1
0	4
113	728
2	319
1	506
0	129
5	322
4	313
0	264
0	224
0	749
0	744
17	173
2	614
0	0
0	0
18	152
2	98
6	89
0	52
0	14
2	54
35	66
2934	0
1026	2286
434	3102
0	1292
0	7
65	0
73	365
0	0
0	0
0	0
3499	1976
76	1431
0	1977
0	1617
0	0
18	0
1	139
5	139
0	139
0	9
0	0
27	0
0	0
0	0
0	0
0	0
20	4
0	4
415	762
0	561
82	60
2	162
0	40
0	99
33	254
14	239
0	732
1	598
0	655
35	143
0	665
0	35
14	57
1	69
3	666
0	567
4	5
3	104
0	368
0	130
3	193
2	83
0	96
0	0
471	0
0	0
0	0
9	20
3	374
6	510
0	231
0	462
0	122
0	97
0	0
81	805
15	805
4	0
76	17
22	3
1	0
0	0
0	4
0	2
0	4
0	2
0	2
0	1
0	0
0	0
0	0
124	0
103	60
0	12
0	11
0	6
6	14
0	0
0	36
0	0
0	0
0	0
0	0
0	0
30	652
1826	45
0	375
0	897
0	125
0	1386
0	1386
5	69
0	77
0	59
1	38
0	109
0	455
6	1
1	0
0	1
0	13
1	14
0	14
0	0
0	0
0	14
0	0
0	0
0	32
1	32
0	16
267	561
0	549
0	18
9	202
5	608
275	613
4	436
3	0
97	0
5	276
602	0
0	0
0	0
0	7
0	7
5	5
0	5
0	3
7	845
0	1775
1	1637
0	1663
6	46
15	547
6	1240
277	2651
45	378
0	1
3	711
16	1670
3	2
0	2
0	0
1981	4747
87	3175
0	1421
12	161
1	1294
0	0
0	0
0	0
16	307
0	420
3	318
0	292
8	320
0	115
0	43
0	84
0	99
0	134
0	0
0	1
0	1
49	16
0	16
127	676
22	405
1	196
0	355
81	833
1706	833
3	0
0	0
0	0
0	0
0	0
0	0
0	0
0	0
0	0
0	0
0	0
0	0
0	0
0	2
0	0
0	0
0	0
0	0
0	0
0	0
1	1
0	0
0	0
0	0
0	0
0	0
0	0
0	0
0	2
0	0
0	0
0	0
0	0
0	0
0	2
0	0
0	2
0	0
0	0
0	0
0	0
0	0
0	0
0	0
0	0
0	0
0	0
0	0
0	0
0	0
0	0
0	0
0	7
0	0
0	0
0	2
0	0
0	0
0	0
0	0
0	0
0	0
0	0
0	0
0	0
0	0
0	4
0	0
0	2
0	0
0	1
0	0
0	0
0	0
0	0
0	0
0	0
0	2
0	0
0	0
0	0
0	0
0	0
0	0
0	0
0	0
0	0
0	4
0	0
0	0
0	0
0	0
1	0
0	0
0	0
0	0
0	0
0	0
0	1
0	1
0	0
0	0
0	0
0	0
0	0
0	0
0	0
1	3
2	0
3	388
3	389
25	8
0	394
0	0
3	304
0	0
0	0
0	0
0	0
0	0
0	0
0	0
0	0
0	0
0	12
0	14
0	0
0	0
4	12
0	0
0	0
0	10
0	6
0	0
0	0
0	0
0	0
0	15
0	11
0	15
4	0
0	0
0	0
0	0
0	0
0	0
67	0
1	0
0	0
0	0
0	0
0	0
0	0
0	0
0	0
0	0
0	0
0	294
43	441
0	50
0	36
0	47
0	28
0	4
12	0
2	0
0	0
0	0
0	3
2	28
1	130
17	11
0	0
1	75
7	62
7	30
0	0
0	1
2	4
0	1
0	0
0	3
1510	1055
0	1026
30	0
0	26
0	0
962	378
2	376
4	0
0	12
34	12
0	0
4	0
26	68
13	64
0	22
0	0
0	0
0	5365
0	5051
0	155
40	4635
25	3367
23	118
2	1226
10	424
44	435
9	282
0	0
0	0
0	7
0	0
0	0
0	0
0	0
0	0
0	0
0	0
0	0
0	0
0	0
0	0
7	46
0	0
0	0
0	0
0	0
0	0
0	0
0	0
0	0
0	0
52	30
4	30
0	0
1	0
0	0
0	0
0	0
0	0
0	0
85	701
0	0
0	0
0	0
0	0
0	0
0	0
0	0
0	0
0	0
0	0
0	0
0	0
69	178
0	123
0	36
1	106
11	0
10	46
21	10
3	0
81	0
0	0
7	0
82	137
0	137
6	0
6	35
0	35
0	0
0	0
0	0
2	220
14	15
12	4
1	119
0	12
0	204
22	5
17	0
12	0
1	0
4	13
3	685
2	389
0	690
0	417
0	259
1	286
29	69
0	2675
8	1708
0	2489
328	2728
105	16
8	381
4	1167
0	506
0	697
26	0
43	0
7	655
10	603
0	504
7	143
12	112
17	112
0	39
0	13
0	4
0	6
73	0
9	2
0	2
4	3
1	0
0	5
3	0
1	144
0	136
0	30
0	42
0	49
0	14
5	0
0	30
1	22
0	0
0	0
0	0
0	0
1	162
1	0
2439	1313
35	1309
0	1315
3	183
0	50
0	39
3	1
0	0
2	10
48	0
0	1
0	338
0	1
45	0
75	0
9	0
19	332
1	332
1	0
8	0
0	0
0	0
0	0
0	0
1	0
0	0
0	0
7	0
0	27
44	43
0	43
0	22
3	0
8	0
0	0
14	0
17	18
0	18
0	0
12	200
0	5
0	276
15	5
0	7
0	273
2	0
4	4
1	96
1	0
0	24
0	24
0	3
0	24
0	0
0	0
0	0
0	0
5	690
1800	1678
2	842
0	546
650	99
6	13
5	86
0	0
11	12
0	12
119	40652
70	5718
6	36257
53	7329
0	4
1	4
25	6
0	5
5	2
6	290
0	287
1	63
3	22
3	17
37	0
7	0
0	51
9	145
18	0
0	32
1	0
0	0
0	0
0	17
33	115
0	114
4	62
1	72
0	8
0	52
7	1
0	21
9	0
0	6
15	0
18	0
2	24
0	0
8	555
2	523
2	367
4	522
1	52
0	517
2	103
11	13
0	203
2	21
5	105
0	107
0	103
0	4
0	0
0	5
0	4
9	0
0	0
449	2003
1	2003
43	10
0	10
6	61
0	132
0	0
0	0
0	26
1	164
0	0
0	0
0	0
1	0
0	0
0	0
90	3737
322	1832
45	3651
2	303
29	623
50	1290
7	167
79	365
5	26
5	14
0	18
0	15
0	17
0	0
0	0
0	0
0	0
0	0
0	0
0	0
0	0
0	0
0	0
0	0
0	0
0	0
0	0
0	0
0	0
756	1027
0	0
4	1036
4	786
0	979
6	269
1	252
2	79
1142	3670
0	2878
0	0
0	246
23	1087
1	554
1	0
2	156
9	0
1613	406
1	78
0	319
0	366
3	282
362	1012
0	999
104	982
1	9
2829	0
0	0
1	1
0	2
0	1
0	2
0	2
0	2
1	296
25	40
5	24
1	283
0	0
0	5
5	0
14	3078
146	3078
5	724
0	0
23	1929
22	1929
0	460
562	70
1	25
1	45
2499	613
0	128
0	345
0	262
43	0
0	0
0	114
128	2
0	0
1	48
0	2
166	354
2	293
3	293
330	0
138	61
5	61
1336	0
0	0
1988	2284
0	2300
161	1163
20	991
64	870
0	0
60	0
16	4210
3	0
0	0
1	29
0	28
0	0
0	0
0	0
0	30
0	29
0	5
0	2
0	1
0	0
0	0
0	9
0	9
0	9
0	0
0	0
0	1
0	0
0	0
0	0
0	1
126	438
8	366
10	438
0	44
4	0
0	0
0	88
0	89
2	82
1	5
0	88
0	12
3	12
10	2509
1	2444
0	223
15	20
1	1964
7	70
125	0
74	791
2	231
0	201
0	617
1	458
2	560
52	669
9	270
59	709
11	175
5	164
5	442
231	0
2808	503
0	0
6	33
0	30
0	29
0	1
0	1
1	4
0	4
0	0
0	0
0	0
0	0
0	0
0	0
0	0
0	0
0	0
0	0
0	23
0	23
0	23
0	0
0	0
0	5
0	0
0	1
0	0
0	6
0	6
0	0
0	0
1	6
0	0
0	0
0	2
0	2
0	0
0	0
0	0
0	0
0	0
0	0
13	4
0	4
0	0
0	0
0	0
0	0
0	0
0	0
0	0
0	0
0	0
2	0
0	0
1	0
2	33
0	31
0	33
0	0
0	24
69	126
3	67
7	42
0	118
0	2
0	2
1	1
0	1
0	0
0	1
0	19
0	0
0	19
904	0
0	0
4	0
0	0
0	0
0	0
0	0
569	3035
0	137
2	2292
5	827
0	17
0	200
246	343
65	638
13	41
2693	2321
6	2262
0	2156
2	2127
0	2196
7	242
1	358
0	0
2	0
114	0
0	452
0	453
20	273
0	0
0	0
26	8
2	4
1200	0
0	0
5	78
417	417
1	339
0	0
0	0
0	0
0	0
0	0
0	0
0	0
0	0
0	0
0	0
0	0
0	0
0	0
0	0
0	0
0	0
0	0
0	0
0	0
0	0
0	0
0	0
122	0
8	0
4	0
1280	0
0	52
3	29
5	52
53	1150
580	1692
130	533
0	484
0	0
26	542
17	111
580	139
15	0
11	0
0	0
0	0
0	5386
12	3284
0	3961
7	836
0	3430
84	1804
0	2832
0	847
14	4955
1	270
0	823
0	1464
9	3740
63	1316
3	595
0	155
1	1791
4	1052
36	1
31	323
0	0
0	0
1	0
74	660
22	665
118	697
0	695
4	25
0	676
23	0
0	0
0	0
0	0
0	0
0	0
0	0
0	0
0	0
0	0
0	0
0	0
0	0
0	0
0	0
0	0
0	0
0	0
0	0
0	0
0	0
0	0
2	2
0	0
0	0
0	0
0	0
0	1
0	1
0	0
656	536
4	398
17	536
365	4048
78	2360
10	2520
8	175
2	1671
0	1219
0	2
20	667
53	441
5	441
5	0
1814	451
2	451
135	82
1	80
0	0
5	0
1	0
0	0
2	0
130	303
0	2767
0	1790
1	2781
3	1503
0	0
7	2531
0	88
0	1164
0	0
0	0
1	0
0	511
0	500
1	493
11	303
1	482
0	0
5	152
52	392
0	161
322	2310
1206	2313
1	0
0	0
1	119
0	0
82	0
3296	477
9	477
62	12
1	10
1	2
4	32
3	33
0	0
25	9
5	41
3	41
0	4706
0	4525
19	4732
9	3166
1	0
9	1064
2	1158
0	0
5	465
0	25
3	9
0	126
0	3
18	126
1	1
10	0
0	0
0	66
0	7
2	7
0	6
0	5
0	0
0	0
0	0
0	0
0	0
0	1
0	74
0	79
0	56
1	65
0	68
2	59
0	44
0	32
0	13
0	0
0	0
0	0
36	127
28	201
0	192
0	0
1	205
0	54
0	0
0	68
0	0
282	125
0	86
0	79
9	52
3	10
0	0
0	0
0	0
0	0
0	0
0	0
0	0
0	0
0	0
0	0
0	0
0	0
0	0
0	0
0	0
0	0
0	0
2	145
1	125
0	121
0	0
0	41
0	34
0	65
0	521
0	83
0	119
0	10
1	31
0	80
0	162
0	36
0	0
0	0
0	104
7	30
0	62
0	60
0	123
2	20
0	28
0	175
0	0
0	0
2	16
3	91
2	27
0	161
0	0
25	39
0	125
0	327
0	0
0	29
6	30
0	24
0	0
3	11
4	13
6	17
0	0
3	11
0	218
0	132
0	117
0	0
3	11
0	109
0	536
0	214
0	262
0	136
0	0
0	106
0	193
0	189
1	334
0	267
0	430
0	534
42	199
0	85
0	0
0	101
0	473
0	167
0	321
0	362
0	376
0	361
0	148
0	43
0	0
0	0
0	32
0	22
0	0
1	187
1	25
0	0
0	0
1	1
0	0
1	153
36	1
0	0
0	25
0	40
0	31
0	0
0	0
0	0
0	0
0	0
0	0
0	0
0	0
0	0
0	0
5	4
8	2
0	0
0	0
0	0
0	0
0	0
0	0
0	0
0	0
0	0
0	0
0	0
0	0
0	0
0	0
0	0
0	0
0	0
0	0
0	0
0	0
0	0
0	0
0	0
0	0
0	0
0	0
0	0
0	0
0	0
1	30
1	2
2	29
2	28
0	0
0	0
0	0
0	0
0	5
0	14
0	6
0	0
4	1
20	0
0	0
0	0
0	0
0	0
0	0
0	0
0	0
0	0
0	0
1	4
0	0
2	6
0	11
0	0
2	1162
0	0
0	0
0	0
0	0
0	0
0	0
0	0
0	0
0	0
0	2
0	2
3	2
0	0
0	0
0	2
0	2
1	34
1	0
0	0
173	6
0	1251
22	2573
5	37
0	11
8	22
0	16
3	10
1	8
13	5
1	5
340	2896
717	2803
10	2705
2	2721
14	0
0	0
0	0
22	0
26590	4018
6	817
0	1232
2	668
7	262
7	552
3	196
3	477
0	0
0	0
0	0
0	0
644	15812
8	15787
1	1285
3	2059
9	3055
0	2778
1	1540
2	1359
40	158
0	101
55	66
519	171
6	59
2	47
5	103
0	7
3	9
6	6
0	2
1	0
8	0
0	38
102	266
5	265
112	25
7	515
3	452
0	193
0	153
0	35
3	223
0	100
10	141
3	163
18	166
0	144
2	37
18	0
0	846
16	273
0	840
2	666
20	134
2	21
46	516
4	466
1	466
0	395
13	492
5	493
1	20
2	0
2	0
0	0
1283	1770
0	1770
0	0
62	0
0	0
6	1360
8	1436
20	93
0	1396
0	369
10	12
0	2
0	10
0	3
1	3
5	847
3840	1963
3	294
5	222
0	518
0	197
5	281
1	0
0	15
0	1
1	82
0	81
0	6
0	6
0	6
0	0
0	12
0	80
5	0
0	5
11	42
68	555
1	522
0	92
13	511
0	49
0	193
0	210
0	37
0	67
0	94
0	0
0	67
3	0
0	0
21	8301
0	1561
17	162
47	1553
0	7684
1	6564
2	2306
0	967
7	5674
19	638
8	1286
0	1720
3	4210
0	995
0	128
0	3
8	1883
24	612
0	0
4	26
0	26
70	2576
0	2613
51	2505
1	279
3	1919
14	2386
148	1075
1	6
0	299
3	0
16	16
6	377
0	268
61	1758
1107	3060
0	715
0	334
0	1138
4	62
39	216
0	216
0	35
2	0
95	535
7	535
0	32
0	6
253	164
4	164
2	40
31	135
0	3
0	0
170	1839
0	2034
2	1803
51	1804
10	1745
0	361
2	115
2	25
17	75
2	264
0	97
2	104
0	13
0	11
0	4
36	193
0	9
1	8
0	4
51	319
0	162
0	146
1	318
1	152
0	79
2	20
222	806
22	731
10	0
6	75
1	27
0	2
41	188
12	193
8	117
7	101
50	0
31	480
185	1927
5	1737
2	255
7	243
1	1
2	0
0	0
0	0
0	0
0	0
0	1
0	1
0	0
0	0
0	0
0	4
43	116
0	11
2	9
0	2
0	0
0	0
0	15
0	9
0	86
0	0
392	17
0	17
0	0
0	0
0	0
0	0
0	0
0	0
0	0
0	0
0	0
0	0
17	3
0	3
251	531
0	0
204	531
9	26
0	4
2	26
0	5
148	137
1	32
3	11
0	128
17	60
2738	3653
1	3295
28	326
4	1648
3	416
4	1821
4	1245
1	349
0	0
1	178
5	730
47	796
0	94
69	0
0	1
4	5775
0	3194
0	5597
0	5775
29	4814
5	83
0	0
6	216
27	190
7	20
0	289
9	198
0	0
6	180
2	30
3	167
6	0
1	19
1246	3949
31	101
0	101
14	1055
53	1020
68	35
43	3
0	3
0	0
0	0
0	0
249	186
5	4
0	57
1	13
1	72
1	33
0	14
0	31
0	25
0	0
1	0
30	364
1	300
11	303
18	306
2	62
12	0
535	368
11	24
11	13
34	210
13	70
1	0
0	434
0	34
9	435
0	435
0	79
1	60
0	34
4	64
1	98
81	7
0	11
41	113
2	49
1	0
9	968
1	1500
0	937
2	91
2	881
0	0
2	0
11	1
1	4
0	4
0	0
0	0
0	967
0	956
0	908
0	1048
0	980
3	707
3	115
5	71
498	526
3	493
1	526
2	373
1	103
7	114
3	7778
54	6810
32	12008
7	6921
21	645
10	7921
42	507
5	21
197	507
11	41
0	82
0	462
0	0
23	0
0	0
76	28716
7836	28716
0	1
0	1
1	63
8	63
30	203
29	203
0	0
4	71
7	71
1	2
1	2
0	0
4	70
0	0
0	0
7	5
0	5
30	257
45	257
0	0
0	0
0	0
0	0
1	0
0	0
0	0
0	0
0	0
0	0
0	0
0	0
0	0
0	0
0	0
0	0
0	0
0	0
0	0
0	0
0	0
0	0
0	0
0	0
0	0
0	0
0	0
0	0
0	0
0	0
0	0
0	0
0	0
0	0
0	0
0	0
1	0
0	1
0	1
241	46
0	0
56	1
0	0
35	0
0	0
129	1
0	70
0	0
5	42
0	0
0	0
115	0
0	0
0	0
0	114
33	114
0	0
49	1
8	0
0	0
0	0
0	12
11	12
0	0
0	0
0	0
64	1
0	0
0	0
0	2
0	2
0	0
0	0
0	0
0	2
0	2
0	25
4	25
187	0
0	0
0	0
89	0
0	0
23	0
0	0
0	0
0	0
48	9
64	1
0	0
1	3
164	4
0	9
1	0
19	3
65	0
0	0
0	0
0	0
0	18
3	18
0	0
4	1
0	0
155	1
174	0
0	0
8	26
0	23
0	0
0	2
0	2
0	1
1	1
3	2
0	29
8	29
0	0
0	0
93	157
0	156
0	28
5	28
0	0
0	0
43	0
0	0
0	0
0	28
4	28
0	0
240	0
0	0
0	0
0	2
0	1
248	1
0	0
1	0
0	3
0	0
97	0
0	0
23	10
0	0
0	3
0	3
0	0
27	0
0	0
70	10
0	0
0	0
0	11
0	11
181	710
0	710
0	0
1	0
0	23
7	23
0	1
0	0
0	0
0	0
22	0
0	0
0	0
0	0
74	65
0	65
0	0
0	53
9	55
0	6
0	6
0	0
0	0
293	0
0	0
0	0
0	0
0	0
109	37
0	0
0	0
0	0
0	0
0	14
3	14
0	0
4	0
185	38
0	0
0	0
0	0
1	1
0	1
0	0
37	0
0	0
0	0
0	33
7	33
0	0
0	0
0	0
0	0
0	0
0	29
10	29
0	0
0	0
0	0
0	0
0	0
0	0
43	9
24	18
0	0
16	245
0	241
654	11
0	0
0	0
0	0
775	2
95	15
0	0
0	6
0	6
1	13
0	0
0	0
0	0
89	7
50	0
4	52
0	52
0	0
98	121
0	7
0	0
0	0
0	0
0	0
0	0
0	44
2	53
1	111
0	0
0	0
0	0
34	0
0	0
290	9
0	0
0	0
0	0
0	1
0	1
0	1
32	1
0	5
0	5
0	0
0	0
0	0
66	364
0	364
20	36
0	34
0	0
0	0
0	0
0	0
0	44
0	53
163	110
0	0
0	0
0	0
0	0
22	177
0	177
0	0
0	0
0	12
130	19
0	0
0	108
42	108
0	0
0	7
2	7
0	149
60	149
0	0
0	0
0	0
1	49
69	0
125	0
0	0
0	0
0	46
26	46
2	0
20	18
3	15
57	0
0	0
52	879
14	48
149	888
51	0
1	34
65	35
0	19
0	9
1	27
0	0
0	0
0	1
0	0
0	0
0	0
0	0
26	73
54	276
0	137
4	6
0	0
12	134
0	0
0	50
1	59
0	0
10	0
2	7458
81	3726
25	4930
12	414
0	514
67	260
98	5584
23	5474
225	0
1121	552
0	62
4	61
9	43
42	0
672	460
0	0
0	0
8	46
6	743
13	1205
13	200
16	1195
0	27
1	0
2	0
0	0
0	0
0	0
0	0
0	0
0	0
11	948
26	119
0	0
3	0
6	0
10	447
1	767
44	51
0	0
17	0
0	13
0	0
479	329
25	198
0	294
0	23
5	23
0	2
0	1
111	0
205	375
27	375
5	6
0	0
2	0
0	0
0	0
0	0
0	0
0	0
9	1
0	1
0	0
0	0
0	0
0	0
307	105
12	105
7	56
13	1526
0	832
0	832
0	1
28	832
49	832
0	827
0	0
0	0
0	0
0	0
0	0
0	0
0	2
0	5
0	3
0	0
0	3
1	3
0	0
2	0
0	0
2	4
0	0
0	0
0	2
0	0
0	0
2	7
0	0
0	0
0	0
0	0
0	0
0	0
0	0
0	0
36	320
1	0
0	0
5	1
0	1
0	0
0	25
1	3
0	42
4	4
0	7
2	34
0	5
15	8
0	12
0	8
2	9
0	6
1	0
242	13000
0	568
40	4107
249	274
0	12029
0	583
11	4646
0	11
33	1116
14	1908
45	0
562	1716
3	1521
0	6
6	24
46	994
48	195
3	16
4	39
490	93
3	1
0	68
20	22
0	0
2	0
0	1
0	1
0	2
0	2
1	0
0	0
0	0
0	0
1592	6803
0	582
31	5920
4	1434
16	410
14	341
30	0
9	13
0	97
46	97
1	0
0	0
0	0
0	0
127	2188
0	2188
0	416
10	0
8	0
0	9
7	9
0	0
0	0
877	1366
112	1197
0	335
374	1891
0	1782
0	372
0	53
1457	382
0	0
0	0
2	0
0	0
0	0
0	0
0	0
0	0
0	0
0	0
0	0
0	0
0	0
0	0
0	0
0	0
0	0
0	0
23	776
0	694
0	88
1	21
0	751
2	751
0	735
0	0
0	0
0	0
0	0
2	0
0	0
0	0
0	0
0	0
0	0
0	0
0	0
2	0
0	0
0	0
1	0
0	0
0	1
0	3
0	3
7299	2793
5	2781
14	2159
14	0
1	2
1	2
0	0
0	0
0	0
0	0
0	0
0	0
0	0
0	0
4	1890
209	1880
0	33
0	124
0	373
13	179
2	108
5	50
25	1557
371	4255
0	4123
0	345
0	584
0	650
6	290
511	2631
18	223
12	2339
14	850
3	1206
0	597
2	333
1	0
0	0
0	0
0	0
0	0
7	3
8	3
0	0
0	0
0	0
0	0
0	0
0	0
0	5
0	0
0	0
2	1
1	0
3	0
2	0
0	1
0	0
2	0
6	25
0	0
0	0
0	0
0	0
0	542
3	577
0	27
0	50
0	42
23	0
0	19
0	98
12	0
0	134
0	50
96	168
8	128
0	94
1	56
0	46
0	26
0	10
6	0
8	0
3913	1496
1	948
1	625
0	984
24	415
0	0
0	5
0	0
0	0
0	0
0	0
0	0
0	0
439	1675
0	0
1	1647
5	32
8	56
0	329
0	0
0	0
0	0
12	6789
2	3104
5	143
667	6257
14	0
0	220
4	51
0	0
107	2694
1	2
0	0
0	0
350	957
14	827
0	862
29	0
41	0
154	0
31	0
56	0
54	0
18	0
10	421
0	0
0	0
0	0
0	0
0	0
0	2494
0	2369
0	2282
0	2356
40	1393
0	2285
1	2419
1	824
0	1221
0	1094
0	0
0	203
6	1007
0	301
3	597
16	91
2	471
0	531
7	0
0	274
0	376
6	198
0	82
3	289
0	20
0	114
78	0
0	0
67	0
0	0
0	1
54	104
0	80
0	0
10	0
33	0
11	24
2	0
4	0
0	15
0	0
0	0
0	0
0	0
0	0
0	0
0	0
0	0
0	0
0	0
0	0
1	0
0	0
0	0
0	0
0	0
0	451
0	450
0	2
3	0
1	83
5	7
1	17
2	53
3	4
1	11
5	2
12	104
3	7
15	0
2	1
0	0
14	0
0	0
0	0
2	0
405	470
0	150
0	57
4	296
4	34
0	7
0	7
0	1
0	1
0	0
0	1
1	2
0	50
1108	1235
0	360
1	87
0	775
0	0
1	55
9	74
0	1706
13	1183
0	1706
1	1521
0	1558
63	1660
18	619
2	263
11	146
7	0
18	0
0	0
0	0
2	154
211	177
10	153
0	154
1	0
101	854
1	276
3	290
0	649
37	74
2	718
58	357
4	282
0	0
0	0
1	5
0	0
0	0
0	0
6	19
6	5
0	1
0	0
0	1
0	0
0	0
4	1
0	0
0	0
0	0
1	0
0	0
0	0
0	0
0	0
0	0
0	0
0	0
0	0
0	0
0	1
0	0
0	2
0	2
0	0
0	2
0	0
0	0
0	0
5	2063
1	1
0	0
0	0
0	0
0	0
0	46
0	0
9	1121
11	1015
13	1025
200	977
0	181
0	157
0	142
0	0
0	0
0	0
0	1
1426	2173
6	1889
0	0
0	284
3	0
1	585
1248	1412
7	1108
2	75
11	0
3	277
24	23
4	4
0	1
83	2
0	0
0	1
0	0
39	10
4	3640
0	0
1	0
357	925
38	185
0	784
0	132
0	74
6	526
0	779
0	0
1	13
1	0
3	101
0	0
0	191
11	56
5	206
12	446
17	139
12	228
0	650
0	629
14	477
2	151
40	82
2	100
0	82
15	187
18	149
29	137
0	0
730	827
0	719
0	272
1	185
2	484
5	345
1	295
0	228
2	125
11	146
0	70
0	30
1	515
2	1842
87	1918
5	1894
13	578
3	10
0	185
0	0
0	0
66	0
225	819
109	0
94	653
4	139
1	0
1	9
1	7
0	3
0	1
0	1
0	0
0	0
0	0
0	0
0	0
0	0
0	0
0	0
0	0
0	0
168	588
2	588
57	438
3	531
1115	2228
1	2226
0	0
3	386
38	386
0	108
0	0
0	0
0	2
19	230
0	0
0	0
5	0
2	0
5	46
0	5
7	42
213	48
0	0
0	0
0	0
0	0
0	0
0	0
1	0
0	0
0	0
0	0
0	0
447	149
0	144
0	0
0	0
0	0
0	0
0	0
2	0
0	0
0	0
1	26
0	0
0	0
17	0
0	0
0	0
1	1
0	0
0	0
0	0
0	0
1	0
0	0
0	0
6	14
0	14
1	0
7	155
49	451
139	450
12	0
491	2889
72	2871
0	2542
11	359
0	99
29	0
0	0
65	0
18	686
0	232
0	0
0	0
2043	568
8	564
0	0
23	1
61	0
14	23
2	0
0	0
1	92
568	625
0	542
35	49
0	113
17	0
25	344
0	0
0	0
0	0
0	0
0	0
0	0
0	0
0	0
0	0
0	0
0	0
7	0
19	151
1733	621
0	384
27	86
56	0
0	0
1	25
1	29
0	29
0	4
0	0
1	0
0	0
0	0
0	25
0	0
0	6
0	0
0	0
1	0
0	0
0	0
0	1
0	1
0	0
9	0
0	0
0	0
0	0
0	0
0	0
3	0
0	0
4	0
0	0
0	0
10	0
3	418
0	1081
0	933
0	1135
2	328
2	843
1	756
17	635
131	315
0	5
46	0
0	0
0	0
0	0
0	0
102	51
0	29
0	28
0	13
8	38
0	42
0	18
0	21
0	0
0	0
0	0
0	0
0	0
0	0
0	0
10	0
27	5
0	5
1	0
0	0
2	0
1	53
29	174
233	465
8	347
3	11
3	171
31	0
0	96
0	0
41	62
24	0
25	0
0	0
0	0
0	0
28	30
5	13
0	30
1	0
0	0
1	0
0	0
0	0
0	0
0	0
0	0
0	0
0	0
0	0
0	0
0	0
0	0
0	5
0	5
0	0
0	1581
0	1581
50	267
1	1386
0	1145
0	354
17	9
0	0
0	0
0	0
0	0
0	0
0	0
84	258
9	258
2	258
0	0
10	1190
0	984
4	1197
0	42
1	759
40	868
1	382
0	0
8	9
0	0
0	49
0	53
0	56
0	51
0	53
0	45
0	34
0	23
5	0
4	1326
137	1326
0	0
14	0
0	0
0	0
7	25
0	25
0	0
0	0
6	329
19	140
1	3
0	3
180	980
2	950
1	100
0	74
0	0
0	0
0	0
0	0
0	0
0	0
0	0
0	0
0	0
0	0
0	0
0	0
0	0
0	0
0	0
0	0
0	0
0	0
0	0
0	0
0	0
513	3474
105	7377
0	18
126	4377
0	12
0	5346
1683	206
1326	4771
573	5207
1267	520
0	5
1147	3362
1	0
3589	6
619	3289
124	5005
1	5
23	4268
23	4272
1	8420
0	8372
2	9120
0	18
3	6037
1085	6038
378	9123
0	18
0	8367
10	8043
0	0
2	0
0	0
0	0
0	0
2	192
1	184
4	187
1	23
0	174
1	33
0	0
1	0
0	0
0	0
33	64
0	67
6	36
13	17
0	0
0	0
0	0
0	0
0	0
0	0
2	18
53	7399
1034	6929
318	2303
444	7885
0	18
1391	2783
0	0
0	0
0	0
0	0
0	0
0	0
0	0
0	0
0	0
0	0
0	0
0	0
0	0
0	0
0	0
0	0
0	4
0	0
0	0
0	0
0	0
0	0
0	0
0	0
0	0
0	0
0	0
0	0
0	0
0	0
0	0
0	0
0	5
0	0
0	0
0	0
0	0
0	0
0	0
0	0
0	0
0	0
0	0
0	5
0	5
0	5
0	1
0	0
0	0
0	0
0	0
0	0
0	0
0	0
0	0
0	0
0	0
0	0
0	0
0	0
0	0
0	0
0	0
0	0
0	0
0	0
0	0
0	0
0	0
0	0
0	0
0	0
0	0
0	0
0	0
0	0
0	0
0	0
0	0
0	0
0	0
0	0
0	0
0	0
0	0
0	0
0	0
0	0
0	2
0	0
0	0
0	0
0	0
0	0
0	0
0	0
0	0
0	0
0	0
0	0
0	0
0	0
0	0
0	0
0	0
0	0
0	0
0	0
0	0
0	0
0	0
0	0
0	0
0	0
0	0
0	0
0	0
0	0
0	0
0	0
0	0
0	0
0	0
0	0
0	0
0	0
0	0
0	0
0	0
0	0
0	0
0	0
0	0
0	1
0	1
0	1
0	1
0	1
0	0
0	0
0	0
0	0
0	0
0	0
0	0
0	0
0	0
0	0
0	0
0	0
0	0
0	0
0	0
0	0
0	0
0	0
0	0
0	0
0	0
0	0
0	0
0	0
0	0
0	0
0	0
0	0
0	0
0	0
663	207
0	192
5	200
2	146
6	0
13	3
0	0
398	0
6	0
6	0
36	0
73	3
2	3
2	2
0	4
0	4
0	2
0	1
1	0
28	0
4899	5270
372	3566
1	4
984	2057
1652	1537
3505	3515
3313	1364
7634	515
3198	1391
419	6916
0	18
1800	5156
792	2085
333	7857
0	18
897	4246
6983	112
120	4895
17	4896
83	23
9457	670
0	16
0	0
841	6840
0	0
0	18
3956	5427
4	0
3912	3838
0	113
63	187
0	75
0	30
0	0
10842	760
1943	2943
5	3032
0	18
3234	2877
1167	7074
0	18
1352	5255
22	0
1440	5096
1308	5318
1071	3334
3263	0
1	9
0	9
0	9
0	0
0	30
2	29
6	25
0	17
0	2
0	1
0	2
0	2
0	1
0	0
0	0
0	0
0	0
74	385
42	362
2	353
21	351
0	239
0	0
0	1205
0	0
0	0
47	7
0	0
0	7
0	0
0	1427
0	245
41	2011
56	1849
0	237
16	627
0	20
47	354
0	34
0	117
3	14
2	0
0	0
2	0
0	0
0	0
0	0
0	86
0	92
0	620
0	595
0	0
0	0
0	0
1	620
0	13
0	0
0	222
1	36
0	14
0	5
0	0
0	36
0	233
4	3
4	3
0	1
0	0
1	35
0	42
1	40
0	234
0	3
4	23
0	39
0	23
0	5
0	2
0	0
4	23
0	0
2	468
43	485
1	351
1	268
2	64
5797	1010
2	1006
0	0
564	0
1	0
14	717
0	70
45	43
0	491
0	49
1	674
13	14
0	33
2	36
0	3
0	3
0	0
0	0
0	0
882	0
438	0
943	88
0	43
1	45
3468	356
5	35
10	152
5	179
0	0
0	2
4	4
0	2
0	0
0	2
1	12
0	12
0	4
0	0
0	0
0	0
0	0
0	4
0	0
0	0
0	0
0	0
0	0
0	0
0	17
3	1236
0	0
0	0
0	0
0	0
0	0
0	0
0	0
0	0
0	0
0	0
0	0
0	0
0	0
0	0
0	0
0	0
0	0
0	0
0	0
0	0
0	0
0	0
0	0
0	0
0	0
0	0
0	0
0	0
0	0
0	0
0	0
0	0
0	0
0	0
0	0
0	0
0	0
0	0
0	0
0	0
0	0
0	0
0	0
0	0
0	0
0	0
0	0
0	0
0	0
0	0
0	0
0	0
0	0
0	0
0	0
0	0
0	0
0	0
0	0
0	0
0	0
0	0
0	0
0	0
0	0
21	311
0	0
7	3
0	3
0	3
4	3
0	1
18	47
0	2
0	1
1	0
1	21
0	30
0	0
0	0
0	18
0	0
0	0
7231	15
0	0
1	0
0	0
0	0
0	0
0	512
0	0
181	518
2	9
9	47
5	436
48	393
7	286
3	209
0	89
30	119
1	119
0	1006
11	1004
83	996
0	10
1	0
0	0
0	0
0	0
82	273
3	1835
3539	4828
0	0
0	1417
10	0
3	2289
0	2
0	2
0	3
51	3
2	0
0	1
19	0
0	0
3907	0
0	0
37	194
14	45
0	12
0	269
0	310
0	0
14	235
4	235
1	10
13	0
11	1586
0	1612
6	147
3	12
10	313
11	313
1	46
8	0
0	3
0	3
0	0
4	0
0	0
0	0
1	0
0	1
0	0
24	1
1	0
0	0
0	0
65	0
911	4
0	0
0	0
1	0
4	9
0	6
6	3
0	0
278	0
0	0
0	0
0	0
223	0
2713	3096
70	0
0	0
0	0
573	0
166	3033
9	88
3	404
128	0
0	0
0	0
0	0
0	0
0	0
0	0
0	0
0	0
0	0
12	6
42	1387
37	1325
0	6
2	0
0	221
2	185
4878	4566
1	1297
37	2960
15	2304
0	0
1	2
0	3
0	0
2	126
0	116
0	103
0	11
0	0
0	302
1	302
4	0
0	0
0	0
0	0
2	7
0	0
0	0
0	0
0	0
0	0
0	0
0	0
0	0
0	0
0	0
0	0
0	0
0	0
0	0
0	0
0	0
0	0
0	0
0	0
0	0
0	0
0	0
0	0
0	0
0	0
0	0
0	0
0	0
0	0
0	0
0	0
0	4
0	4
0	4
1	8428
25	9006
0	8371
4	8369
4	1506
0	4384
0	3484
16	3423
2	2779
68	3031
0	2401
0	1681
13	757
0	715
0	1
34	0
0	0
10	0
4	266
456	300
1	297
0	195
0	293
0	9
3	2
1	1904
44	369
238	1852
1	0
0	960
4	126
0	73
50	353
3	133
15	197
0	24
0	39
0	101
1443	1048
0	0
0	0
0	0
782	1189
2	147
1	0
22	81
73	81
52	3286
112	3341
0	250
1	329
0	194
11	0
0	0
0	17
0	0
0	7
0	7
0	0
3	0
18	325
1	293
0	304
0	41
2	0
0	0
0	0
0	0
0	0
0	0
0	0
0	0
0	8
6	0
622	3460
13	1357
0	3135
3	1422
5	461
0	64
2	124
3	105
3	26
3	131
0	7
0	7
0	6
0	0
0	0
0	0
0	0
31	51
0	51
0	0
3	3
0	1
0	2
14	748
28	792
0	749
0	749
16	201
0	163
3	98
0	411
0	396
8	429
7	398
7	351
4	187
1	0
0	0
0	0
0	0
0	0
0	0
0	0
0	0
0	0
0	0
0	0
0	0
0	0
0	0
0	0
0	0
0	0
0	0
0	0
0	0
0	0
0	0
0	0
0	0
4	0
0	0
0	0
0	0
0	0
1	482
8	0
0	0
33	480
0	32
0	0
94	0
34	123
0	21
22	108
0	108
0	0
0	0
0	0
0	10
0	10
0	0
250	0
9	308
2	0
0	0
5	0
8	936
0	340
0	387
2	107
2	883
0	714
0	870
0	0
5	90
10	144
94	0
0	121
0	193
0	0
1	71
0	0
0	0
0	0
2	0
3	0
1	0
0	0
0	0
0	28
1	32
0	28
0	10
0	10
0	0
0	0
0	0
0	949
0	931
0	264
0	0
1	209
11	176
0	0
0	0
0	0
4	0
0	0
74	8
15	8
0	0
0	0
0	0
0	0
0	0
4	0
3	0
0	0
0	0
1	0
0	7
0	5
0	5
0	5
0	2
0	2
1	3
0	3
1	0
2	0
0	0
0	0
0	0
0	0
12	55
0	27
0	30
4	29
0	0
0	0
0	0
0	0
0	0
0	0
8	111
8	0
3	83
140	1775
6	3155
8	1765
1	601
12	1765
1	150
40	3026
0	3132
14	359
0	2453
1	2161
5477	2460
1	653
1	72
0	74
28	53
0	38
3	685
2	445
12	150
6	60
3	168
6	167
0	69
0	55
0	75
54	4
14	5
7	201
4	290
30	192
0	0
6	4
5861	33036
189	33036
0	4
1	1886
1	207
144	170
59	398
0	244
438	445
0	80
3	61
0	0
0	0
0	0
348	81
0	43
0	38
0	0
0	0
0	0
1188	13381
20	13374
6	13381
80	9267
1	0
16	0
0	0
7	0
0	70
446	70
2	68
0	0
306	198
2	130
6	146
0	0
0	0
0	0
0	0
1	2
0	2
0	0
0	0
0	0
2	0
17	753
0	824
3	610
7	728
172	201
0	316
0	252
1	119
0	267
12	291
4	143
32	149
16	0
0	0
0	0
0	0
0	0
0	0
0	0
0	0
0	0
0	0
0	0
0	0
0	0
0	0
0	0
0	0
0	0
0	0
0	0
0	0
0	0
0	0
0	0
0	0
0	0
0	0
0	0
0	0
0	0
0	0
0	0
0	0
0	0
0	0
0	0
0	0
0	0
2	0
0	0
0	0
0	0
0	0
0	0
3	4
1	0
0	0
292	713
0	0
0	0
35	713
1	0
2	0
3	833
0	120
3	0
2	0
1	8
6	0
1	1376
14	296
37	1248
0	69
9	1236
1933	0
0	1
0	1
0	1
0	2
0	2
0	1
0	0
0	0
0	0
0	1
0	1
0	0
3	0
0	0
0	0
1	0
1	6
0	6
0	0
6	0
691	2
0	0
3	5021
205	5009
0	540
48	406
4	0
0	0
0	0
0	1
1	1
7	0
0	0
0	0
1	0
0	0
20	16
1200	16
0	2
0	2
0	1
38	278
0	281
1	202
0	96
0	239
0	77
11	156
0	0
0	44
0	0
0	0
2	3
0	3
0	0
9	0
2308	452
0	128
0	118
3	146
1	58
398	0
1	0
0	0
0	0
0	0
0	56
3	0
0	10
0	11
0	13
0	58
0	0
1	13
0	0
0	0
0	2
0	0
0	0
0	6
0	0
0	7
0	4
0	3
0	3
0	3
0	0
0	0
0	37
0	201
0	189
0	108
5	53
0	53
0	127
0	74
2	90
1	72
207	2
3	2
6	80
0	136
1	170
6	91
0	110
0	47
0	65
0	135
3	152
0	167
10	47
84	1378
0	835
3	4
1	786
2	396
0	622
6	228
54	1673
62	468
0	134
0	1339
0	0
0	517
16	86
3	303
0	0
0	98
0	0
0	0
0	0
1043	284
16	27
64	255
6	0
0	0
0	0
0	0
7	159
0	159
0	0
0	0
14	0
0	0
0	0
0	0
0	0
0	0
0	0
0	0
0	0
0	0
0	0
0	0
0	0
0	0
0	0
0	0
0	0
0	0
0	0
11	0
1	0
0	0
0	0
0	0
0	118
2	97
1	1287
1	1567
0	403
0	41
4	1738
0	26
4	336
50	1657
1	138
2	75
2	70
0	0
3	948
0	138
2	478
2	403
0	482
3	422
0	506
0	441
2	404
0	189
9	5
10	148
3	41
0	0
6	548
14	0
0	0
0	0
0	0
0	0
0	0
0	0
0	0
0	0
254	464
1	464
0	0
0	0
178	321
0	270
0	0
3	51
1734	1079
4	980
1	1031
0	0
98	208
9	118
0	61
0	0
29	10
6	10
0	1
0	1
0	0
10	0
147	24
1	5
0	6
0	14
0	1
0	0
0	0
38	355
1	289
0	199
0	0
2	0
1	66
6	0
2294	93
8	93
1871	1509
6	118
2	141
2	442
1	245
7	237
24	131
2	361
0	215
111	4129
161	2084
23	214
26	0
97	232
3	2079
0	111
2	232
0	123
0	40
0	0
6	40
0	0
0	0
15	14
65	20
0	0
3	1
6	0
0	5
102	0
3	0
209	255
0	0
3	255
0	154
1	180
0	167
7	86
4	73
197	1267
0	136
5	966
2	155
32	921
6	2492
12	3382
3	804
1	643
9	940
3	347
4	76
4	0
80	146
0	0
0	0
11	146
0	0
0	0
0	0
0	0
0	0
0	0
7	0
0	0
1	0
974	5
3	0
0	0
0	0
2	139
48	367
0	25
0	254
0	37
7	35
38	35
13	0
679	0
0	0
0	0
0	0
0	0
143	0
0	0
43	79
0	77
1	78
1	20
0	39
0	0
4	0
0	0
1312	0
12	0
15354	2
0	614
0	632
0	638
0	614
0	638
0	621
14	223
0	381
0	589
0	598
0	59
12	396
1	358
1	130
1	29
0	358
14	220
0	593
68	584
7	249
12	26
0	18
0	17
0	7
0	2
0	5
0	2
85	309
12	309
6	194
271	1250
0	1239
0	1273
0	18
173	1037
0	1037
3	996
112	132
11	467
6	106
24	106
3	745
71	745
27	132
1	0
0	0
1726	2
6	1003
1	119
3	1011
0	30
1	987
0	103
0	1003
28	6
10	211
0	2842
0	2752
8	150
37	0
0	2497
3	174
2	348
6	206
0	0
0	307
0	117
0	0
0	0
0	0
0	0
0	0
0	0
0	2
0	0
0	0
0	0
0	0
0	0
0	0
0	0
0	0
0	0
0	0
0	0
0	0
0	0
0	0
0	0
0	0
0	0
0	0
0	1
0	0
0	0
0	0
0	0
0	0
21	144
2	48
0	65
1	172
6	9
2	23
4	24
19	85
0	21
0	10
0	4
1	64
3	63
0	0
0	0
0	0
0	0
0	0
0	0
0	0
0	0
0	0
0	0
0	0
1	0
0	0
0	0
291	3244
0	3242
3	3
3	3
0	10
1	292
182	57
0	0
0	0
0	0
0	0
121	0
0	25
0	43
0	38
2	18
889	35
0	0
344	307
22	215
1	82
0	62
5	45
15	49
19	0
1	656
4	655
11	644
2	50
0	26
2	24
0	20
0	12
1	12
0	14
1	11
6	2
0	2
0	0
241	214
10	214
18	0
1	0
0	0
0	0
93	1
0	1
0	0
174	2
55	2443
91	937
31	260
1	2405
52	524
0	0
0	0
1	255
33	318
0	167
36	146
19	90
0	38
47	79
0	30
1	27
58	77
0	2
0	26
2	12
6	15
0	0
377	0
1	0
0	0
1	811
58	811
0	15
1936	83
2	83
3	0
0	0
0	0
0	0
0	0
0	0
0	0
0	0
2	0
0	0
0	0
0	0
0	0
0	0
0	0
0	0
0	0
0	0
0	0
0	0
0	0
0	0
0	5
0	5
0	2
1655	51
92	43
106	6
0	0
4	3
0	9
1	9
0	0
0	0
6	0
6	0
0	0
658	0
1	0
0	0
827	335
8	304
0	173
1	0
144	87
0	78
0	8
0	14
8	7
3	14
2	20
4	3927
0	3599
18	1027
9	444
0	650
1	622
6	508
0	213
0	195
128	115
2	115
0	0
1	1
23	6
315	373
0	307
0	271
1734	0
1151	2411
0	1144
11	2341
112	1114
1114	1339
113	179
0	79
2	1142
0	30
0	252
0	431
0	270
27	171
1	1931
9	1882
0	1934
1	1928
0	1886
2	523
2	160
0	192
3	148
2	112
0	114
0	72
0	24
2	69
1	52
3	27
0	61
0	16
14795	0
0	23
1	23
1	1
0	1
0	1
0	0
0	0
0	0
0	0
0	0
0	0
0	0
0	0
0	0
0	0
0	0
0	0
37	125
0	111
1	66
0	20
0	64
0	18
2	54
0	71
0	38
0	0
0	0
0	0
0	0
1	113
4	113
0	9
1	17
0	8
1	53
0	51
2	50
0	49
0	48
0	1
0	1
0	0
34	690
0	690
0	606
2	454
72	270
37	21
3	31
0	1412
1	35
0	28
224	102
1	85
0	19
0	75
0	76
1	44
0	44
0	50
6	4
9	16
0	0
3	28
0	0
417	60
0	30
4	60
0	10264
1699	10665
1	595
1	525
69	595
39	177
51	372
0	601
4	2
0	0
20	128
19	208
35	434
4	172
132	510
20	431
1162	5542
0	187
11	5542
42	185
3	148
0	159
0	75
4972	2292
4	1167
10	398
102	727
10	130
0	12
3	5
3	118
1	22
0	21
0	4
0	12
0	0
2	3
0	0
1	1
0	1
0	2430
0	2516
2	2377
2	2238
45	1522
0	1718
0	0
11	74
23	2
0	726
6	676
10	645
3	375
0	0
0	47
3	15
0	139
0	95
5	21
1	1287
210	1485
7	1251
0	1533
0	533
19	345
15	450
7	30
0	0
0	238
0	222
3	42
18	63
0	63
0	63
0	1083
0	1083
14	165
21	176
3	161
0	0
11	310
9	640
101	683
131	528
0	179
8	25
0	79
186	17
0	2486
49	173
0	585
146	2817
0	333
1	532
21	107
0	161
41	571
0	0
173	543
7	257
15	286
0	3117
0	2958
114	1626
0	3016
1	168
3483	0
1056	293
49	293
0	182
0	182
0	0
1	0
0	0
0	1
0	1
299	39
5	97
4	39
0	0
1	0
0	97
0	0
290	3982
117	3787
32	961
12	714
251	1353
169	1324
0	692
0	658
0	0
12	116
12	116
0	0
0	0
0	0
0	572
255	572
0	0
0	0
0	0
0	0
0	0
50	0
0	0
0	7
2	33
0	45
0	45
4	19
45	86
0	86
0	0
7	4124
11	149
301	4124
0	867
4	275
0	0
1503	2375
1	526
4	2012
0	464
0	0
4	2336
0	0
6	0
2	161
6	0
0	3
0	3
0	3
0	1
0	1
0	1
0	1
0	1
0	0
0	0
0	0
0	4
0	3
4	11
0	12
0	10
0	4
0	56
4	56
0	0
3315	18
0	0
0	0
0	0
0	0
101	76
28	302
68	355
0	186
230	5448
99	5363
42	1168
4	622
15	0
0	0
1	0
63	150
3	40
2	49
22	80
1	39
0	34
0	29
0	0
2	0
0	0
1	31
0	19
0	31
0	1
0	0
0	0
2179	0
81	15490
0	16049
7	12608
0	15444
0	13810
0	15805
7	13720
0	3110
1	6044
0	2561
1	4104
0	1505
0	0
27	337
0	272
0	2261
0	6457
2	3267
4	3803
0	6376
0	1863
1	5563
0	3571
0	3765
4	2517
8	4472
17	1461
0	295
7	3365
0	1629
2	3156
15	2946
98	1590
49	1783
3	543
12	666
2	666
0	607
27	0
40	607
0	0
0	11
0	0
152	57
0	46
9	9
14	13
1	1
0	0
0	0
0	0
0	0
0	0
0	0
0	0
0	0
0	16
0	0
0	15
3	19
0	14
0	15
0	10
0	10
0	0
0	0
0	0
0	0
0	0
0	0
0	0
0	0
0	0
0	0
0	0
0	0
0	0
0	0
0	0
0	0
2	0
0	0
0	0
0	0
0	0
0	0
0	0
0	0
0	0
34	577
0	13
0	546
17	488
6	69
0	312
1	58
8	514
0	75
19	350
0	355
0	357
1	121
0	18
1	101
0	34
1	61
1	22
0	24
0	19
0	24
1	16
1	7
2	0
5	0
0	87
522	1058
0	253
41	280
2	586
31	49
4	307
51	0
47	309
0	281
0	150
1	153
0	145
0	153
1	78
3	186
24	7
1	114
36	27053
16	26826
30	2651
24	14
0	0
0	0
0	0
0	0
0	0
0	0
0	0
1	0
0	0
0	0
0	0
0	0
0	0
3	0
0	0
0	0
0	0
47	1016
0	893
34	839
0	219
0	136
12	86
21	32
89	15
1	8
0	31
22	31
831	3675
1	3238
218	974
81	356
69	477
34	0
96	1
18	618
372	481
31	416
1	167
3	0
0	0
0	0
0	0
0	0
0	0
4	0
0	0
0	0
0	0
461	148
0	146
2	0
0	0
0	0
0	0
0	0
0	0
1	0
0	0
0	0
0	0
0	0
0	0
0	0
0	0
0	0
0	0
0	0
5	538
38	538
11	114
37	531
0	27
57	0
0	13
0	60
0	24
0	0
0	0
0	0
0	0
0	6
1	15
0	2
1	15
0	17
0	17
0	6
1	15
0	73
0	18
0	0
0	0
0	0
0	0
6	176
1	144
0	144
0	134
0	105
3	144
1	123
1	33
0	29
0	0
0	0
0	0
0	0
0	0
0	0
0	0
0	0
0	0
0	0
0	0
0	0
0	0
0	0
0	0
0	0
0	0
0	0
0	0
0	0
0	0
0	0
0	0
0	0
0	0
0	0
0	0
0	0
0	0
0	0
0	0
0	0
0	0
0	0
0	0
0	0
0	0
0	0
0	0
0	0
0	97
3	0
9	0
0	111
0	1
0	0
0	0
9	0
0	2
51	21
0	0
0	17
0	0
1	0
1	1
0	0
68	100
2	27
8	1
0	89
0	0
0	1
0	1
0	0
3	58
0	1
0	0
1	1
59	59
0	0
0	0
0	7
10	1
0	0
0	0
0	0
0	0
2	0
22	81
0	79
5	26
0	0
0	0
1	67
0	1
1	2
0	2
0	0
4	0
43	0
37	361
0	340
0	265
3	55
0	0
2	8
0	23
0	22
1	90
0	91
1	91
0	42
2	5
7	2
0	3
0	0
0	24
0	24
39	59
1	58
0	4
0	0
87	8
12	0
4	250
1	250
0	161
0	148
8	49
0	19
10	0
8	9
0	6
4	4
6	0
5	1
0	0
39	67
0	60
0	8
0	0
0	0
0	0
2	48
0	0
2596	219
0	219
20	6
0	4
0	2
3	0
16	49
8	0
0	1492
0	1525
0	2151
0	72
0	37
2	0
3	2
69	65
3	699
101	0
2	1331
0	47
13	151
40	37
0	139
27	547
1	152
12	498
249	0
5	0
2	693
42	1282
5	121
10	1204
0	42
0	1008
480	0
4	0
59	1203
0	916
57	383
3	148
19	150
0	0
0	0
0	0
0	0
8	959
371	1343
7	204
3	300
0	7
0	274
0	249
0	83
13	110
2	27
8	0
0	46
44	117
0	0
0	0
1	3
1	62
4	50
3	14
0	47
1	12
4	0
4	13
3	0
59	0
0	0
34	2597
5	2556
75	2401
2	2619
0	130
53	5
0	289
0	291
1	291
2	14
4	0
0	0
0	0
0	0
0	0
0	0
0	0
0	0
0	0
0	0
0	0
0	0
5	0
0	274
122	1244
16	445
40	107
0	380
0	290
0	1197
34	44
1	48
25	46
0	0
0	201
0	350
21	24
0	4
0	1
0	1
0	1
0	1
0	0
68	195
0	115
0	182
0	81
0	86
6	47
1	19
0	20
698	266
2	210
2	143
22	190
6	0
35	517
32	501
6	0
0	43
0	71
0	122
0	239
425	437
0	444
17	404
7	191
0	440
2	67
0	23
1	15
0	69
29	227
0	0
40	17
2	18
0	16
4	0
0	0
4	5
0	188
2	48
11	87
35	2329
1	2088
1	0
6	509
0	0
0	0
53	4607
1	0
0	0
0	4594
1	1131
2	1887
0	1386
0	1900
3	292
0	0
3	103
6	7
0	85
0	93
0	26
0	44
0	27
0	27
0	5
0	0
0	0
0	0
0	3
0	0
0	0
0	0
0	0
0	0
0	0
1	34
0	11
0	0
0	0
0	0
0	0
1	0
0	0
0	0
3	19
0	0
0	0
0	0
0	0
0	0
0	0
124	2451
0	2448
0	377
42	88
0	0
0	0
0	0
0	0
0	1
0	0
0	0
0	0
0	0
0	0
0	0
0	0
0	0
0	0
3	9
0	14
0	36
1	29
0	19
0	0
0	0
0	0
0	0
399	281
0	337
65	88
9	53
50	0
231	57
0	1
0	0
0	0
0	0
0	0
0	0
0	0
0	0
0	0
0	0
3	0
0	3
0	0
0	0
0	0
0	0
0	0
0	0
0	0
0	0
0	0
0	0
0	0
0	3
0	0
0	0
0	0
0	0
0	0
0	0
0	0
0	0
0	0
0	0
0	0
0	0
0	0
0	0
0	0
0	2
0	0
0	0
0	0
0	0
0	0
0	0
0	0
0	0
0	67
0	0
0	0
0	0
0	0
0	0
0	0
0	0
0	0
0	0
0	0
0	0
0	0
0	0
0	0
0	0
0	0
0	0
0	0
0	0
0	0
0	0
0	0
0	0
0	0
0	0
0	0
0	0
0	0
0	0
0	0
0	0
0	0
0	0
0	0
0	0
0	0
0	0
0	0
0	0
0	0
0	0
0	0
0	0
0	0
0	0
0	0
0	0
0	0
0	0
0	0
0	0
0	0
0	0
0	0
0	0
0	0
0	0
0	2
0	0
0	44
0	0
3216	829
12	824
1	35
3	35
2	34
1	500
0	444
1	127
1	174
0	172
8	228
11	81
70	249
0	199
6	111
0	58
32	3
1	5
298	2710
8	2476
1	326
0	443
1	0
3	416
0	0
0	0
154	0
0	0
1	7
6	7
4	0
0	122
0	122
0	205
0	130
0	30
2	10
2	1
8	82
1	8
43	5
0	0
0	16
0	27
218	39
0	0
0	0
0	0
202	59
0	24
0	0
4	0
4	66
1	64
7	0
0	137
0	137
0	17
55	0
5	6
1	6
0	1
0	9
0	8
0	8
11	0
11	0
44	265
0	91
0	237
64	259
0	223
1	15
0	8
329	11
5	20
8	0
3	17
201	44
1	1
0	29
1	242
0	230
0	0
0	25
83	25
0	23
0	13
2	6
5	9
0	26
0	0
3	371
0	353
2	374
5	115
2	10
4	9
0	0
0	0
233	145
0	0
0	113
0	35
0	38
0	66
0	277
11	277
0	173
1	94
0	64
313	137
0	118
1	23
4	16
724	99
8	36
0	3
0	2
0	3
5	4
0	1
113	779
0	743
0	432
0	160
1	140
655	274
0	62
1	31
5	31
0	0
643	375
0	123
0	0
0	73
0	17
2	12
4	16
6	0
0	0
449	168
7	165
2	92
1	55
7	3
5	6
15	6
106	23
0	16
2	0
0	0
1	6
0	132
0	10
5	8
6	116
48	0
42	273
2	132
11	0
6	133
2	2
0	2
0	5
0	1
0	4
0	0
0	0
0	0
0	0
0	0
0	0
0	0
0	0
0	0
12	438
14	437
4	364
1	72
1	59
0	33
0	32
2	17
7	11
1	24
10	119
0	306
1	31
0	57
0	318
54	304
0	18
0	43
0	0
0	2
0	2
51	0
0	0
0	2
4	0
0	0
0	0
0	0
0	0
0	0
0	0
0	0
5	952
0	921
0	511
1	2
128	54
0	227
1	0
0	0
307	271
0	167
1	93
16	60
20	3787
0	3074
38	3663
0	635
11	686
20	95
0	0
0	0
0	0
0	0
0	0
0	0
7	0
0	0
0	0
0	179
0	144
4	630
133	419
0	180
0	251
0	0
0	0
0	0
0	17
0	0
0	0
0	0
0	0
0	0
0	0
0	0
0	0
0	0
0	0
0	28
1	25
0	0
0	0
1	458
1670	714
0	11
140	263
0	0
0	0
29	0
1	0
0	22
1	22
1	11
4	3
4	0
0	0
0	0
0	0
0	0
0	0
0	0
0	0
0	0
0	0
0	0
0	0
0	0
0	0
2	387
0	0
0	0
0	0
0	1
0	0
0	0
0	1
0	1
0	0
0	0
0	0
0	0
0	155
0	155
1	0
12	28
9	663
0	638
36	1083
41	791
0	583
345	899
8	760
0	0
2	805
0	764
0	396
1	155
0	479
6	111
2	5
3	38
0	0
3186	1836
4	192
1	1644
6	2
8	82
0	185
0	152
0	105
0	5
2	17
0	17
0	0
0	0
0	0
0	0
0	0
0	0
0	0
0	0
0	0
0	0
0	36
0	32
0	32
0	4
0	1
0	3
0	0
0	0
0	0
10	565
3	2377
1	1496
35	289
96	534
96	2164
22	90
19	15
66	199
0	105
4	72
40	89
0	87
0	19
0	19
0	21
1	2
158	331
0	306
0	0
0	25
0	922
42	968
1	955
0	989
0	479
13	144
0	192
4	302
1	96
25	580
20	23
6	289
0	0
0	0
0	0
0	0
0	0
36	13
12	13
0	93
2266	93
3	0
0	264
11	321
114	268
22	200
0	134
0	32
0	13
32	7
0	1413
0	1316
1492	1505
1440	461
2	248
5	138
0	104
43	149
6	52
48	39
0	39
7	7
0	1
0	5
1	5
0	5
380	1837
143	1837
11	646
47	853
5	77
4947	3215
26	1456
0	1568
0	148
0	931
23	691
0	0
1	372
5	0
0	2
1128	662
8	498
2	54
2	301
3	140
2	423
2	0
72	122
0	122
5	0
0	695
8	9
59	4304
0	0
6	26
13	20
13	3
0	0
14	190
1	161
0	159
2	146
0	60
0	0
8	219
22	228
0	119
2	0
2	2
2	0
32	31
7	31
2	0
0	0
0	16
132	47
30	106
20	50
0	101
9	90
0	77
0	49
0	34
35	12
1605	1999
10	1659
0	216
5	170
0	1
0	429
24	6724
52	6671
4	5143
1	4825
98	5513
3	2989
0	3102
4	57
15	72
1	3125
69	0
0	341
12	6
17	0
0	9
199	102
1	80
0	22
0	0
0	0
0	0
0	0
0	0
20	368
0	0
0	0
0	0
414	811
2	115
0	67
2	64
0	177
0	258
44	0
0	160
31	608
87	354
0	0
0	1
95	1034
3	1031
0	284
113	4
447	220
0	81
2	0
0	58
0	0
5	87
5	0
1	4419
0	0
0	0
0	0
1	0
101	208
4	213
2	127
3	88
0	0
0	0
0	317
0	317
0	21
8	95
0	33
0	33
1	8
0	1560
8	1731
0	204
0	99
0	127
15	78
45	8
1	66
0	268
1	44
11	0
0	0
0	0
0	0
0	0
0	0
46	150
0	11
4	54
0	131
8	45
0	0
0	0
2	0
6	63
0	9
0	57
0	8
5	0
358	277
0	35
0	193
6	115
0	138
19	132
20	154
115	89
0	13
2	28
12	80
1	0
0	14
0	1
3	0
0	0
4	8
1	331
240	545
2	420
0	214
0	429
0	88
0	124
101	192
0	36
23	0
13	0
45	0
17	0
0	0
0	0
1	0
19	25
0	25
0	13
0	13
0	1
0	2
0	3
0	0
1	0
0	0
0	3
0	0
0	0
0	0
0	0
0	0
0	0
0	0
0	0
0	0
0	0
0	0
0	0
0	0
0	0
0	0
0	0
0	0
0	0
0	0
0	0
0	0
0	0
0	0
132	322
9	2151
0	2254
0	0
0	975
1	222
0	270
0	0
2	0
2	0
5	0
2	0
0	0
0	0
0	0
0	0
0	0
0	0
0	0
0	0
39	2757
0	0
1	0
0	0
0	29
90	360
0	29
0	118
0	11
3	0
0	0
0	151
2	82
3	219
2	8
0	6
0	123
2	81
1	56
2	1
353	698
3	62
6	688
4	171
44	449
0	398
0	49
2	46
3	20
152	20
0	20
0	0
39	0
205	849
1	354
1	531
3	151
5	560
16	434
3	439
3	103
0	0
0	0
0	0
0	2
0	0
0	0
0	0
0	146
0	180
0	12
0	0
0	354
0	361
0	41
0	47
0	243
0	243
40	6
0	238
0	38
0	181
0	211
0	63
2	41
0	41
1	40
0	27
0	364
13	6
0	184
0	57
0	43
1	48
0	71
0	58
0	63
0	17
0	17
0	0
1	0
0	0
0	0
0	0
0	0
0	0
0	0
0	0
0	0
10	4
0	0
0	0
0	0
0	0
0	0
0	0
5	18
2	18
0	74
1	535
2	474
14	48
0	523
2	453
59	61
0	1
0	123
15	0
0	0
0	0
0	0
0	0
0	3
0	0
2	5
0	0
47	400
2	89
27	313
6	292
1	53
0	44
2	34
793	1500
0	1396
0	378
3	217
0	296
6	53
5	103
3	17
14	45
14	4
0	0
0	0
0	0
0	0
0	0
12	778
2035	1150
101	782
56	590
0	0
0	0
0	0
0	0
0	0
0	0
0	0
0	0
0	0
0	0
0	0
0	0
0	0
0	0
0	0
0	0
0	61
2	32
0	123
0	14
5	7
1	11
1	20
0	113
26	0
2	12
0	0
136	2825
21	2631
0	982
8	157
3	652
0	36
0	0
16	186
0	391
1	43
13	0
0	0
1	217
106	217
0	0
0	38
1	27
1917	369
0	137
46	289
0	0
0	0
0	0
0	0
0	0
0	0
0	0
0	0
0	0
0	0
0	0
0	0
0	0
0	0
0	0
0	0
1347	10396
7	10392
11	5868
45	100
0	84
0	64
0	0
0	0
12	88
3	0
0	0
3	32
40	98
0	93
0	5
9	18
7	12
0	22
0	2
0	4
6	11
8	2
10	2
5	2
0	0
13	5
0	1
0	0
0	0
0	4
48	680
5	286
108	651
0	346
1	56
22	0
0	2
0	2
96	41
3	41
0	714
0	248
0	312
2	672
1	256
3	694
0	62
0	53
0	0
25	1
90	177
15	35
0	181
12	189
7	164
0	77
738	0
0	0
2	5
0	0
0	5
11	48
17	48
621	784
6	626
16	57
3	128
0	0
3207	556
78	309
7	245
0	0
4619	177
0	175
59	74
606	75
1	34
0	0
46	2
0	0
0	0
1	0
28	678
22	678
17	86
5	25
10	156
8	149
0	0
0	15
10	423
0	441
303	398
3	645
0	119
0	123
0	583
3	248
0	134
0	213
122	522
19	0
8	0
24	0
0	0
1617	387
0	0
0	0
0	381
2	2
0	1
0	0
4	0
6	0
0	0
0	0
0	0
0	0
4	0
264	230
10	230
0	0
0	0
0	0
0	0
0	1
3	1823
21	0
0	186
0	70
0	186
1	80
1	0
0	1459
2	47
1	1819
2042	1648
2	1646
0	1041
0	424
0	0
0	0
0	0
0	51
6	51
1829	1477
0	1383
0	0
6	72
3	143
2	11
0	0
0	0
0	0
0	0
0	0
0	0
439	911
1	901
0	911
0	506
0	0
0	0
2	250
0	239
0	875
0	892
2	212
0	239
0	256
0	78
19	0
0	0
10	17
21	0
0	195
0	111
0	198
0	107
0	135
0	123
0	128
0	122
1	82
3	47
0	11
1	39
0	18
2	13
0	0
0	371
21	371
5	89
2	0
0	0
642	1073
4	1073
0	0
0	0
0	0
6	0
2470	4
0	0
0	0
1919	2
7611	4281
2	286
1	839
5	2976
3	486
0	196
0	0
7	0
0	0
1	817
0	0
3	606
2	205
0	0
67	28
0	9
0	25
0	1
10	795
0	1
0	0
0	0
0	0
1	1
315	261
26	190
4	108
3	8
0	20
13	188
2	261
2	281
0	171
0	80
1	70
0	134
0	25
1	44
211	534
0	406
0	409
0	366
0	378
0	306
0	381
0	223
9	184
0	0
0	103
17	68
0	1877
45	1651
1017	1950
27	804
104	720
0	0
45	0
25	0
86	0
0	225
6	0
2633	8131
5	2034
0	888
36	6758
0	1344
125	2826
24	1435
27	181
59	462
11	459
12	208
0	0
0	0
0	0
0	0
0	0
0	0
0	0
216	0
0	0
0	0
0	0
0	0
0	0
7	13
0	13
10	1549
1585	1991
0	1865
24	687
0	237
1	1198
33	858
0	1284
0	675
15	30
91	928
11	77
2	1190
2	217
37	823
28	559
1266	456
1	456
0	0
1235	0
0	0
1	0
0	13
3	1
0	13
0	0
0	0
2	0
0	0
0	4
4	4
5	0
0	0
0	1
0	1
0	0
9	0
16	107
0	0
0	0
2	0
4	2553
28	3300
10	3148
32	2441
16	263
0	1192
0	0
743	254
7	19
13	235
25	478
0	389
22	205
0	276
0	432
0	620
0	551
8	19
0	0
0	0
0	0
0	0
24	7399
4	8543
25	2235
0	6622
4	4387
2	3
12	19
0	14
6	6
0	0
1	12
0	0
0	0
7	11
0	0
0	0
0	0
0	0
2	32
37	0
460	180
45	180
2	0
0	1734
0	1814
18	713
91	785
1	0
139	1
49	486
0	403
27	470
0	402
1	269
1	184
39	0
0	0
0	2
0	0
4	8696
8	8870
5	3219
16	4011
122	980
1	594
1	30
2	0
2	0
0	0
10	0
0	0
0	0
0	0
0	0
5	0
0	0
104	0
960	0
366	198
9	181
0	81
3	2
4	7
0	7
1416	366
0	338
0	266
35	14
0	12
10	0
4	25
4	0
0	0
0	0
0	0
4	38
9	38
0	213
1	299
183	441
5	103
4	62
0	23
19	2912
9	1328
15	2470
4	48
9	99
5	99
0	140
16	0
10	298
0	0
0	83
4	146
1	195
0	195
57	175
1	60
0	38
0	8
0	51
7	6
4	22
0	56
3	1
0	3947
11	3952
1	3629
9	0
1564	515
41	117
0	3343
84	3343
468	850
0	0
17	6642
0	6740
3	5436
0	269
44	2458
4	372
2	9
18	55
2	5
0	0
1	388
1	347
0	235
2	34
4	74
4	159
30	76
0	83
343	4042
111	4044
2	2825
1	3893
0	364
0	0
0	0
3	1132
0	1148
5	677
0	635
0	0
28	712
5	697
6	676
19	10
21	0
510	69
6	1395
0	78
0	1372
0	796
3	643
0	1269
3	732
0	23
9	1124
13	147
245	147
57	701
2	551
7	129
11	392
22	33
181	417
10	299
0	174
4	274
3	242
0	1
246	4
0	12
9	4
21	2328
1	1899
28	831
8	866
0	1300
21	271
2	196
168	1759
1	1251
0	1719
1	261
69	0
16	0
0	0
0	511
0	126
0	0
0	104
0	0
0	1
0	0
0	0
11	1
0	0
1	0
0	0
0	0
0	0
0	0
1897	2256
17	1662
0	293
8	102
3	8
3	75
74	0
12	0
87	517
0	0
0	0
0	0
0	0
0	0
0	0
0	0
0	0
23	5
2	3
0	4
1	3
0	3
0	1033
0	1687
0	1707
0	1270
2	1365
0	1216
0	645
3	504
0	0
0	0
0	0
84	56
72	0
2	69
62	6
33	24
1	117
14	20
0	20
3	20
8	0
2	4
0	4
0	1
3	17
0	20
0	0
0	3
0	0
0	0
0	0
0	0
124	1453
6	1581
26	148
13	463
11	394
22	401
10	19
89	318
0	195
32	149
0	14286
3	13681
13	14310
32	12333
10	13112
184	13431
70	5193
1	0
3	0
80	1605
0	149
13	462
0	114
3	1148
1	144
18	11
13	28
80	36
0	23
0	23
89	1796
64	1738
0	1511
1	1206
0	475
90	242
0	548
8	438
7	418
277	183
8	183
72	6
3	138
5	118
18	5
0	31
1	84
0	146
0	0
4	77
8	333
2	175
0	235
0	228
0	316
0	207
0	22
368	44
0	0
1	1
4	10
1	419
2	34
28	553
2	452
6	25
0	443
0	1
0	1
0	0
0	1
198	0
0	0
13	959
3	915
79	659
0	659
0	0
11	417
0	0
0	0
0	0
0	0
0	0
0	0
0	0
5	47
0	0
0	0
1	0
0	0
0	0
0	1291
50	1340
1	463
19	179
0	38
1	26
0	12
2	17
2	78
0	0
3	685
1	0
19	24
0	82
7	233
38	203
342	1187
8	1113
1	884
9	736
11	692
0	159
0	23
0	0
1	9
0	8
0	9
4	0
6	0
1	0
11	0
0	0
0	0
0	0
0	0
2	34
3	2
4	2
0	0
0	0
0	0
0	0
0	0
0	0
0	0
0	0
4	833
87	833
1	283
0	0
0	0
1	0
2	13
3	2638
6	950
7	1646
13	2613
1	1322
3	830
92	128
1	100
0	35
7	205
40	27
3	71
9	65
0	218
0	186
0	161
0	41
0	59
0	25
904	2162
3	2158
0	1
0	0
7	198
5	0
82	174
3	21
0	174
0	126
0	33
0	45
8	0
1	0
1	0
0	0
2	547
15	330
0	536
85	1
2	164
0	537
45	537
0	0
27	537
4	534
3	536
1	551
0	169
13	0
1	414
263	423
0	0
4	124
0	379
9	381
0	113
134	67
0	57
0	24
0	7
2	1
0	0
0	2
0	2
1378	860
43	380
0	718
2	113
17	191
0	0
0	0
0	0
0	0
0	0
0	0
0	0
0	0
0	0
0	0
0	0
0	0
1	0
0	0
0	0
122	2840
22	2717
12	1785
0	249
0	650
0	215
6	217
0	0
0	0
0	0
0	0
0	6
1	0
0	201
5	1651
0	199
13	25
0	1595
0	252
0	1390
0	1391
0	0
0	0
0	201
0	0
1	0
2385	575
0	184
11	37
7	50
1	338
0	0
1	0
1	0
0	0
7	0
0	0
0	16
0	13
1	0
0	0
1	0
1	0
2	0
0	2
0	2
1	1
0	5
0	3
0	0
1	0
1	0
0	0
0	0
0	0
1040	5614
0	2818
83	426
0	2814
0	112
0	1572
0	5511
0	166
0	15
0	2418
0	1
0	1
0	1
0	1
0	1
0	0
0	1
0	0
1	3676
0	9
1	9
11	1
372	89
33	18
0	46
46	14
20	2
1	0
1	0
13	25
0	20
0	0
386	862
135	862
1341	763
0	92
1	80
12	116
0	0
10	408
0	167
0	182
973	182
7	77
0	54
2	0
0	7
0	7
0	1
0	0
0	0
0	0
0	0
0	0
0	0
0	0
0	0
0	0
2	0
4	116
96	116
0	0
0	1
2	1
0	0
0	0
0	0
0	0
0	0
0	0
71	0
36	11
0	11
0	0
0	0
0	0
1	0
0	0
0	0
0	0
481	863
9	867
0	5
0	0
0	0
0	1
0	0
0	0
0	0
161	300
6	291
0	145
0	0
2	0
0	0
1	0
25	0
113	1891
16	987
0	1536
4	1293
5	160
11	7
0	0
0	0
88	189
0	213
0	70
9	63
6	151
0	17
1	0
0	0
0	0
0	0
0	0
0	802
0	93
69	32
0	752
0	279
3	415
37	656
29	581
0	305
0	795
1	176
0	492
1	379
0	699
1	631
0	779
0	143
1782	134
0	126
0	0
2845	1793
2	1742
32	688
30	676
7	207
0	122
21	109
240	235
0	324
4	53
17	0
1	54
0	0
0	0
0	0
1	392
0	0
0	0
0	0
1	0
29	39
0	30
0	14
0	16
8	9
0	0
0	0
2	0
0	0
0	0
0	0
0	0
0	170
0	166
0	151
0	18
15	0
0	22
44	8
0	0
0	0
0	0
0	0
0	4
0	1
0	1
149	62
3	62
0	43
0	12
2	31
6	133
0	0
0	2
4	2
0	0
0	0
0	0
0	0
768	40
51	40
0	4
0	4
0	0
0	0
0	0
0	0
0	0
0	0
0	0
1	0
0	29
0	0
3	0
351	29
0	0
0	0
0	0
0	1624
0	1762
0	1746
30	1037
11	361
19	332
6	1661
182	1673
0	1370
0	1238
0	1710
0	687
12	414
17	114
0	1051
1	1033
17	392
131	114
45	994
107	1032
0	0
0	1
0	1
0	84
0	159
9	141
10	87
0	162
5	0
2046	189
15	182
0	0
0	0
23	14
16	14176
101	3754
207	14037
14	0
32	8
4	8
1	0
0	1191
0	1182
4	1188
0	1113
6	70
34	442
1	158
0	10
4	54
0	0
0	0
0	0
0	0
0	0
0	0
0	0
0	0
0	0
1	0
0	0
0	0
0	0
0	0
0	256
1	17
0	0
0	0
0	0
1	6
0	1
4	5
1	17
0	0
0	0
1	256
0	0
0	0
0	0
0	0
0	0
0	0
0	0
0	0
0	0
0	0
0	0
0	0
4	1
4	605
0	1
0	0
0	0
0	0
0	9
0	0
0	0
0	0
0	0
0	0
0	0
0	0
0	0
0	0
0	0
0	0
4	101
0	476
12	145
5	85
0	79
0	81
0	173
35	28
2	326
0	234
2	98
4	196
0	0
0	0
0	49
9	27
5	22
0	28
0	0
523	566
0	489
67	103
6	150
1	1
44	131
7	161
0	42
6	46
2	4
4	16
0	7
1	4324
1749	13808
100	13829
71	13730
24	11876
3	9533
0	0
778	555
24	404
0	156
15	61
0	0
0	0
0	0
0	0
0	0
152	395
5	453
1	221
0	0
2	0
0	102
0	24
0	13
0	0
7	2
0	0
0	0
0	0
0	1
0	0
0	4
0	0
0	0
0	199
67	205
1	73
15	60
0	50
5594	2168
95	11
0	68
0	914
5	5
0	585
7	587
10	364
1	0
171	1600
0	1600
75	0
0	65
82	503
1	456
2	0
15	0
9	236
36	49
0	176
2	595
1	268
14	0
4	595
2	77
0	0
0	0
0	0
0	0
0	0
1	1
0	0
0	0
0	0
0	0
0	0
0	0
0	0
0	0
0	0
0	0
0	0
0	3
0	3
1	3
0	0
0	0
0	0
0	0
0	0
0	0
0	0
0	0
0	0
0	0
0	0
0	0
0	0
0	0
0	0
6	6
0	3
0	6
0	6
1	2
0	2
0	5685
2	6100
0	3777
0	3537
0	3284
2	3268
0	3360
0	3385
0	3534
0	3357
0	3508
0	3523
0	3656
0	3375
4	3378
0	3274
0	3559
96	19
3	2784
0	2983
201	96
72	295
3	207
3	205
12	157
0	0
0	6
0	0
0	0
0	0
0	0
10	106
0	41
1	107
0	71
3	11
0	32
0	39
0	0
0	1
0	1
0	0
0	0
0	0
0	0
0	0
0	0
0	0
0	0
550	1620
17	617
21	429
0	492
24	501
3	452
645	536
0	81
4	457
1	481
8	97
11	66
1	59
0	37
8	37
1	1187
13	1353
0	1142
1	580
0	1286
8	727
0	1213
2	472
0	572
0	88
13	584
109	83
1	449
0	3
2	363
0	3
0	0
0	0
0	0
0	0
0	1
0	1
0	0
0	4
0	5
0	5
0	0
0	1
0	1
0	1
0	0
0	0
0	0
0	0
0	0
0	0
0	0
0	0
0	0
0	2
0	776
0	776
0	775
40	809
1	796
5	0
0	0
0	0
2	6
6	302
24	169
38	0
0	0
1	72
8	0
0	0
7	21
0	23
0	0
0	0
0	0
0	0
0	6
1	43
0	688
0	664
2	702
3	682
17	478
0	135
0	214
0	404
0	215
0	288
0	263
2	81
0	157
0	48
3	30
0	24
0	17
0	1
33	1
0	0
48	0
72	0
115	0
0	0
0	0
0	0
0	0
4	228
0	0
0	0
0	3
0	1
1	1
0	1
0	5
0	87
1	87
0	30
0	23
0	27
0	0
1	0
0	0
0	0
21	86
0	41
33	0
0	0
10	0
6	0
0	3
0	1
0	0
0	0
0	0
0	0
10	26
0	0
0	0
0	0
0	0
0	0
10	12
2	12
3	58
12995	455
82	455
1	0
0	17
0	1
0	34
0	34
7	70
1	70
3	10
0	19
0	10
0	19
0	2
0	11
0	227
15	227
4	239
1299	662
0	266
24	119
2	212
0	33
3	337
43	1351
20	1348
0	1335
29	628
0	54
1	55
561	166
0	166
49	502
0	502
106	0
0	0
1	0
38823	36
0	0
0	1
0	0
0	0
0	10
7	10
14	10
0	9
0	0
0	2
0	2
0	0
0	0
0	0
2	3
0	8
0	0
0	0
0	3
0	0
0	0
0	0
0	0
0	0
0	2
0	2
0	0
0	0
0	0
0	2
0	0
4	123
1	1
0	0
5	4
0	0
1	7
0	0
0	0
0	1
0	1
0	0
0	0
0	0
0	3
0	0
0	0
0	0
0	0
0	0
14	13
0	0
0	0
0	0
0	0
0	2
0	0
1	6
0	1
0	0
0	0
0	0
0	0
0	0
0	11
0	0
0	0
0	0
0	0
0	0
0	0
0	2
0	0
0	0
0	0
6	12
0	0
0	0
0	0
0	0
0	0
0	0
5	9
0	0
0	0
0	0
2	2
0	111
0	2
0	0
0	0
4	0
0	5
0	0
0	0
1	0
1	13
0	0
0	0
0	6
0	0
0	3
0	3
0	0
0	0
0	0
0	0
0	0
0	0
0	0
0	0
0	0
0	0
0	0
0	3
0	0
0	0
0	6
0	2
0	3
0	0
0	0
0	0
0	1
0	0
0	0
0	0
0	0
0	0
0	0
0	0
0	1
0	0
0	0
0	0
3	4
0	0
0	1
0	0
0	0
0	2
0	0
0	0
0	0
0	0
0	0
0	0
0	4
0	0
0	0
0	1
0	0
0	5
0	0
0	0
0	0
0	2
0	0
0	0
0	2
0	0
0	0
0	0
0	0
0	0
0	0
0	0
0	0
0	6
0	0
0	0
0	0
0	7
0	0
0	0
0	0
0	5
0	0
0	0
0	0
0	0
0	0
0	9
0	0
0	0
0	0
0	6
0	0
0	0
0	6
0	0
0	0
0	1
0	0
0	2
0	0
0	0
0	0
0	0
0	0
0	0
0	0
0	6
0	2
0	0
0	0
0	0
0	0
0	9
0	0
0	0
0	5
0	2
0	0
0	0
0	0
0	0
0	9
0	0
0	0
0	4
0	2
0	0
0	2
0	0
0	0
0	0
0	0
0	0
0	0
0	0
0	0
0	0
0	0
1	0
0	8
0	0
0	0
0	0
0	4
0	0
2	14
1	84
0	0
0	0
0	0
0	0
0	0
0	0
0	0
0	0
0	0
0	0
0	0
16	12
0	5
0	0
0	0
0	0
0	0
0	0
0	0
0	0
0	0
0	0
1	441
0	336
0	355
0	34
2864	115
1	37
0	0
0	0
309	70
0	52
0	69
0	51
0	51
0	34
0	0
241	23
0	23
814	157
0	157
0	0
0	0
0	0
0	0
18	8
3	8
0	198
1	236
1	70
1	290
0	35
1	72
0	217
26	166
0	34
15	9
0	159
5	47
0	83
2	47
1	67
0	46
986	624
30	505
1	437
0	134
99	231
2	160
0	61
0	419
0	390
0	478
0	281
150	330
0	382
0	138
0	237
69	254
3	22
0	105
10	55
7	0
7	33
2	6
205	653
5	407
14	343
11	174
163	612
20	612
0	3
0	2
0	3
0	0
0	2
0	1
2	0
0	6534
11	6122
1	6450
0	708
22	255
138	3351
3	65
31	140
2	53
48	356
3	211
13	0
19	1315
72	1258
31	1261
16	8
251	759
0	5
47	1
1	29
9	14
0	1
0	3
0	3
2	4
0	525
5	525
0	2
1	1
0	2
0	2
3	38
20	68
0	139
213	0
2	0
0	0
0	0
0	0
0	2
0	2
0	2
84	4287
3	197
28	105
0	72
0	178
11	3976
0	403
4	278
2	115
0	307
14	0
3	539
1	617
0	0
10	255
3	312
4	134
116	540
5	540
0	0
10	0
99	588
13	399
1	218
0	25
9	340
32	2210
1	2123
6	2088
23	67
0	155
22	712
14	5
32	1305
5	78
0	1132
5	149
6	761
0	481
1	333
28	710
3	710
0	676
1	195
15	514
6	44
1	11
20	852
0	853
0	851
3	88
2	293
0	80
1	115
4	59
1	85
0	50
14	192
17	158
0	26
0	73
2	41
0	40
2	20
1	0
852	985
0	985
0	0
132	1755
5435	2076
25	321
936	1547
0	1329
1	606
5	343
3	205
0	78
3	285
2	223
51	2197
12	0
59	101
53	881
1	0
0	593
0	314
59	2119
1	0
1	0
3	0
1	0
0	0
0	0
0	68
0	30
0	769
0	786
0	808
0	203
13	262
0	816
26	211
0	252
0	94
5	659
76	109
0	0
0	0
0	0
0	4
0	3
0	3
0	3
0	4
0	4
0	5
0	4
0	4
0	3
0	1
0	1
0	0
0	0
0	0
0	0
0	1
14	452
45	452
1267	417
9	21
0	0
0	4918
1077	9492
64	4702
1	5387
13	765
23	5380
11	864
24	2492
13	1228
92	3053
33	391
9	342
2	183
0	241
9	6
9	6
0	0
0	0
546	0
8	0
1	3
0	0
0	3
0	3
0	0
0	0
2	1
0	0
0	0
0	0
0	4
0	1
0	0
1	0
0	0
0	1140
0	1110
390	1301
0	1245
0	1183
0	1237
4	1269
0	1126
0	1165
0	1311
0	1249
0	1131
0	1266
0	1359
0	1260
2	1264
0	1183
0	1195
0	1311
0	1216
0	1215
0	1314
0	1249
0	1126
0	1155
0	1200
0	1227
0	1261
0	1278
0	1315
0	0
0	392
0	531
11	410
0	288
0	0
29	90
0	113
0	0
0	0
4	16
2	66
2	0
0	0
3	0
9	384
0	0
0	0
0	0
0	447
10	1555
4	1917
44	1932
2	169
5	69
11	75
6	3
0	144
17	0
0	0
0	0
0	0
0	0
0	0
0	0
0	0
0	0
0	0
0	0
0	0
0	0
0	0
0	0
0	0
0	0
72	924
14	922
2	48
3	123
6	58
0	8220
32	9650
35	9747
87	5686
5092	9710
25	9976
81	9645
54	9683
20	8323
7	43
11	7527
31	1280
0	0
0	0
0	0
0	0
0	0
0	0
0	0
0	0
0	0
0	0
0	0
0	0
0	0
0	0
0	0
0	0
2	0
10	0
16	0
0	0
14	0
66	98
674	1310
15	1293
92	575
52	0
4	0
1	14
0	0
4	28
6	147
2	43
70	687
108	687
24	28
0	0
3	0
92	774
0	774
0	0
0	0
7	3789
65	1582
3	2303
0	3436
0	0
71	79
7	77
0	77
88	1312
21	963
5	481
1	87
0	1
1	0
7	1
1	1
0	0
0	0
2	3
1	4
0	1
0	1
9	4
1	0
0	0
0	0
1	0
0	0
0	0
0	0
0	0
0	0
0	0
42	6072
12	4960
15	4140
0	5485
3	5306
115	5282
27	4813
1	2104
0	1192
0	643
10	440
0	548
4	45
157	228
11	455
11	426
0	0
0	0
0	0
0	13
0	2032
0	1640
0	1951
33	1132
801	2198
3	201
2	0
438	4334
0	4330
43	408
1	3482
0	3448
3	2
4	168
1250	0
0	0
8	0
13	0
0	0
0	0
0	0
0	0
0	0
0	0
0	0
0	0
1896	370
0	0
3	80
4	328
0	108
8	116
1	5
1	5
500	399
11	38
0	390
12	218
0	208
58	1240
36	106
0	1460
38	0
22	1434
3	11
0	0
1856	844
97	46
57	147
8	651
90	360
2	4
0	360
0	0
0	0
0	0
0	29
1	30
0	12
0	11
2	9
0	16
1	0
0	7
0	0
0	0
0	0
0	0
0	18
0	0
0	9
1	0
0	0
303	936
0	5
10	0
1	1
6	453
6	931
1	0
0	0
0	0
0	0
0	0
1	0
12	5
0	1
0	0
0	0
0	0
0	0
0	0
0	3
0	3
0	0
0	0
0	3
1	7
0	0
0	0
0	1
0	0
0	0
1	1
0	0
0	0
0	0
0	0
0	0
0	0
0	0
1	0
11	0
170	1015
0	773
1	393
5	926
50	5
9	122
4	872
8	175
5	265
0	0
11	47
11	76
127	101
1	50
0	49
3	47
2	46
1	27
3	10
1212	1784
5	0
3	1784
0	0
2	140
0	246
1	77
0	233
5	231
0	211
0	207
1	180
0	198
0	4
2	3
4	163
0	150
0	15
0	15
0	17
0	0
0	29
0	0
1	0
0	0
1	13
0	0
0	0
0	0
0	0
4	95
0	585
406	619
53	72
5	178
0	160
0	276
0	274
0	274
0	274
0	329
0	275
0	272
2	271
0	216
3	193
0	72
1	95
9	0
142	11996
80	1972
0	825
3	7877
0	10582
35	9069
6	6420
5	1226
0	0
2	4526
0	4313
0	3952
0	3403
0	3189
52	1273
0	2418
0	2631
54	2788
18	458
3	395
35	1278
5	420
1	0
2	538
1	28
0	98
27	98
1	483
5	505
1	65
0	374
5	294
192	425
1	425
0	381
0	0
2	8
7	0
44	484
0	484
0	67
0	249
1	11
2	171
631	2
0	0
0	0
0	0
0	0
0	0
0	16
5	15
0	13
0	1
0	0
0	0
0	0
0	0
0	0
0	660
21	653
38	443
2	469
0	150
0	11
4	168
0	387
0	1838
12	1420
0	1806
0	1839
16	1043
0	195
0	557
6	352
0	0
1	387
6	131
0	361
4	275
0	32
0	45
2	181
0	115
4	997
5	1123
20	119
0	199
4	164
0	132
42	204
0	0
14	155
0	0
94	8
110	286
0	187
0	0
3	205
0	265
0	303
0	5218
1079	5231
5	111
3	2746
0	4826
0	96
3	336
0	4375
0	4072
1	4610
0	4498
1	4585
0	4364
0	4942
0	5172
0	2846
0	0
0	12
21	335
12	70
1	98
0	62
7	69
15	254
0	221
0	118
0	250
0	220
0	89
0	53
1	218
0	371
619	1004
0	33
0	564
18	343
3	47
0	91
0	22
0	3
4	279
4	402
0	5751
0	6415
16	512
0	1090
4	443
1	219
0	645
77	631
0	550
2	628
31	410
48	16
377	2539
1	47
2	854
3	2255
19	1801
6	425
0	723
22	342
114	340
0	532
0	94
1	2
0	2
1	1
158	0
3	197
0	193
0	151
0	114
0	92
1	1
6	71
20	1706
5	25
3	167
20	1642
2	231
2	184
3	172
12	193
3	6
1	6
0	0
0	0
0	0
0	0
88	2689
0	2734
6	2621
2	134
0	332
1	199
0	221
0	28
1	0
37	247
262	302
0	247
1	207
33	271
0	17
1	10
9	52
16	9
3	160
1607	457
7	124
2	172
1	161
1	0
2	14
0	14
0	0
0	120
0	0
0	0
0	0
1	154
6	156
0	24
0	12
0	100
0	117
0	98
0	132
3	24
0	9
1	30
1	9
0	1
1	101
312	101
11	2302
21	2300
2	1415
6	142
0	172
0	193
0	148
1	118
1	9
49	0
84	2
1	0
0	0
0	0
4	0
0	0
0	0
68	80
0	80
0	0
0	285
6	973
0	865
15	373
1	390
14	391
1	99
1	2
1	154
30	650
0	81
1	241
1	511
4	191
0	142
78	206
3	69
1	243
0	36
0	13
0	0
0	0
2	0
7	5127
128	0
37	1466
0	1080
0	4784
6	4977
0	228
0	441
1	277
2	316
0	153
8	72
8	183
142	2702
4	1462
0	1205
1	1246
1	1046
1	916
13	0
1	533
8	346
22	1447
7	1957
0	2457
14	391
0	1391
0	1401
3	258
2	70
12	0
0	238
0	0
0	151
0	0
20	8
0	0
2	8
0	72
11	72
0	3
0	0
4	6
0	6
0	4
2	4
0	2
0	0
0	0
0	2
26	0
2	0
0	0
444	789
59	270
2	22
0	48
35	0
1	515
0	0
0	0
0	0
0	0
0	0
0	0
2	0
0	0
0	0
0	0
23	15
1	11
0	7
0	7
0	4
0	0
0	0
112	0
2	0
60	629
1	629
4	6
1	6
0	2
0	3
0	6
0	0
3	2
4	11
0	0
0	0
0	0
1	0
9	105
0	0
13	12
1	82
0	82
0	3
0	8
0	0
2	0
249	686
0	715
0	433
0	453
0	136
0	285
0	110
67	62
56	296
0	130
15	111
0	320
0	1
0	0
0	1
0	1
0	0
1	1
0	0
0	1
0	0
0	0
0	0
0	0
102	0
0	0
3	0
0	0
0	0
0	0
0	0
0	0
0	0
0	0
3	5
0	5
0	0
0	0
0	0
0	0
1878	2441
5	2441
0	0
1	0
0	0
361	0
17	2857
1	0
215	17
0	15
0	2
1	0
2	14
6	41
72	41
3	0
46	161
0	49
0	0
0	0
8	112
10	31
0	12
0	3
1	0
0	0
3849	1636
30	119
0	1232
0	620
0	957
1	9
5	0
114	0
356	57
0	57
2804	2001
3	1920
3	655
2	331
1	0
0	0
0	0
0	424
0	413
0	135
0	88
0	57
1	11
0	21
0	0
0	0
0	0
1	0
0	0
8	0
5	0
41	0
978	6245
0	5804
79	5864
0	3364
0	135
0	2050
1	344
26	9
11	9
1	0
7	2
0	0
0	0
0	0
0	0
0	0
0	2
0	0
0	0
0	0
0	0
0	0
0	0
0	0
0	0
0	0
0	0
0	0
0	0
0	0
0	0
0	2912
10	2831
0	568
0	769
1	407
0	501
7	363
0	76
3	26
0	267
0	1
0	0
0	0
0	0
0	0
0	0
0	0
1	0
0	0
0	0
75	0
2	2782
592	2782
73	6387
3	6156
6	1630
55	1300
0	0
0	0
0	0
0	0
0	0
0	0
0	0
0	0
0	0
0	0
2	2
0	1
0	1
0	0
0	0
0	0
1	0
0	0
0	0
0	0
1	7
0	0
0	0
0	0
0	0
0	0
0	0
0	0
0	0
0	0
26	14
5	33
4	19
12	1971
0	1971
6	242
11	498
5	499
1	190
0	182
0	138
2	139
1	40
0	64
0	39
0	6
0	0
75	299
0	0
0	0
0	0
0	1
0	0
0	1
0	0
0	0
0	0
0	0
0	0
0	0
0	0
0	0
0	0
0	0
0	0
0	0
0	0
0	0
0	0
0	0
0	0
0	0
0	0
0	0
0	0
0	0
0	0
0	0
0	0
0	0
0	0
0	0
0	0
0	0
0	0
0	0
0	0
0	0
0	0
0	0
0	0
0	0
0	0
0	0
0	0
0	0
0	0
0	0
0	0
0	0
0	0
0	0
0	0
0	0
0	0
0	0
0	0
0	0
0	0
0	0
0	0
0	0
0	0
0	0
0	0
0	0
0	0
0	0
0	0
0	0
0	0
0	0
0	0
0	0
0	0
0	0
0	0
0	0
0	0
0	0
0	0
0	0
0	0
0	0
0	0
0	0
0	0
0	0
0	0
0	0
0	0
0	0
0	0
0	0
0	0
0	0
0	0
0	0
0	0
0	0
0	0
0	0
0	0
0	0
0	0
0	0
0	0
0	0
0	0
0	0
6	116
0	0
0	0
0	0
0	0
0	0
0	0
0	0
0	0
0	0
0	0
0	0
0	0
0	0
0	0
0	0
0	0
0	0
0	0
0	0
0	0
0	0
0	0
0	0
0	0
0	0
0	0
0	0
0	0
0	0
0	0
0	0
0	0
0	0
0	0
0	0
0	0
0	0
0	0
0	34
0	0
0	0
1	813
0	0
0	0
0	0
0	0
0	0
0	0
0	0
0	0
0	0
0	0
0	0
0	0
0	0
0	0
0	0
0	0
0	0
55	191
0	0
0	0
0	0
0	0
0	1
0	0
0	0
0	0
0	0
0	0
0	0
112	61
0	0
0	5
0	5
0	0
0	0
0	0
0	0
0	0
0	0
0	0
0	0
0	0
0	0
0	0
0	0
0	1
0	0
0	0
0	0
0	0
5	0
0	0
0	0
0	0
0	0
0	0
0	0
0	0
0	0
0	0
0	0
0	0
0	0
0	0
0	0
0	0
0	0
0	25
0	0
0	0
0	0
0	0
0	0
0	0
0	0
0	0
0	0
0	0
0	0
0	0
0	0
0	0
0	0
0	0
0	0
0	0
0	0
0	0
0	0
22	0
0	0
0	0
0	0
0	0
0	0
0	0
0	0
1	19
0	0
0	0
0	0
0	0
0	0
0	0
0	0
0	0
0	0
0	0
0	0
0	0
0	0
0	0
0	0
0	0
0	0
0	0
0	0
0	0
0	0
0	0
9	0
0	0
1	0
0	0
0	0
0	0
0	0
0	0
0	0
0	0
0	0
0	0
0	0
0	0
1	0
0	0
0	0
0	0
0	0
0	0
0	0
0	0
0	0
1	0
0	0
0	0
0	0
27	32
4	32
0	0
0	0
1	0
0	0
0	0
17	879
8	843
1	838
3	27
5	234
0	259
1	0
0	58
2	100
0	98
0	0
6	27
1	6
44	10
0	4
0	3
13	4
0	2
0	8
0	2
1	0
1820	716
0	453
0	155
10	51
1	106
4	4
1005	2325
0	155
10	1038
1	1277
0	754
1	1262
5	1072
21	311
1	564
6	952
156	811
1	751
0	20
1	268
1	209
13	83
8	236
0	72
13	95
834	1182
51	1112
1	546
2	671
0	380
3	320
0	311
19	36
0	72
10	60
0	0
0	0
0	0
1038	462
2	0
4	222
50	286
0	89
8	0
53	0
5	33
0	0
0	0
0	0
0	0
0	2
0	0
0	2
1	0
0	0
1	0
0	899
4	881
0	799
22	625
7	594
0	741
0	92
1	421
13	33
63	0
1	33
0	57
29	131
49	0
0	0
1	0
0	0
1	238
1	26
0	0
0	7
0	0
0	0
0	0
2	1
0	0
7	6100
1	10578
0	0
0	0
0	0
116	1129
0	1019
1	81
7	64
0	1
2	1
0	0
0	0
0	0
1	0
0	0
0	0
0	1
0	0
0	1
0	1
1	1
0	1
0	0
0	0
0	0
0	0
0	0
0	0
0	0
24	205
24	152
0	159
65	169
708	788
0	706
0	491
3	0
11	2
0	3052
0	2983
0	438
0	380
0	93
2	143
3	134
69	18
0	40
0	40
106	280
9	57
4	244
1	174
28	106
10	0
0	6
4	0
3	6
0	808
0	533
0	784
0	22
2	0
385	754
30	0
0	0
1	0
1	367
0	0
0	0
0	233
0	29
3	20
5	4
0	2
14	0
1295	0
74	0
0	0
6	0
0	0
0	0
0	1046
6	966
1	116
0	4
6	497
2	0
0	0
15	99
0	0
1731	120
3	120
0	0
245	11
122	4575
0	310
0	0
21	4566
55	31
3	0
12	6822
420	35828
1194	35831
21	58
22	2204
7	35576
67	946
2	138
29	924
18	900
2	76
8	254
1	14
1	176
0	19
0	0
0	0
0	85
10	1033
0	1079
0	123
6	22
1	13
15	1066
0	1078
0	1057
0	7
1	20
5	91
34	0
0	0
0	1070
1	22
1	438
0	438
0	0
1	0
0	15
0	0
117	2806
63	2763
1	255
1	2732
0	2806
0	2497
1	2482
0	2585
0	2527
0	2626
0	2676
0	2523
0	2518
0	2495
0	2494
0	2485
0	2484
0	2472
0	2464
0	2503
0	2633
8	127
23	215
7	161
8	17
171	200
0	0
0	0
0	0
0	0
0	0
0	0
0	0
0	0
0	0
0	0
0	0
0	0
0	0
0	0
0	0
0	0
7	102
69	177
1	154
15	17
0	17
2	14
0	0
27	0
1	37
1	90
11	0
2	3
2	3
0	0
0	0
0	0
0	42
0	480
2	625
0	582
101	19
21	373
471	686
1	385
2	446
73	4
0	139
37	0
6	2
0	31
0	15
0	1
0	3
2	0
0	4
0	4
0	3
0	0
0	0
0	0
0	0
0	0
0	0
0	0
0	3
0	3
0	3
0	3
0	3
0	1
0	1
0	0
0	0
0	0
0	0
0	0
0	0
0	0
0	0
0	0
0	0
0	0
0	0
0	267
0	0
0	0
0	0
0	0
0	0
0	0
0	0
0	0
0	0
0	0
1	0
0	0
0	0
0	0
1234	2719
0	2709
8	450
12	2
9	184
281	0
125	346
0	504
43	612
398	1050
95	454
1	795
0	715
4	77
8	126
3	19
0	0
1	2
0	2
69	1417
3	1408
0	137
9	727
76	286
2	11
0	1
0	2
5	0
0	2
0	1
0	2
0	2
0	0
0	0
0	0
0	0
0	0
0	0
0	0
0	0
0	0
34	173
0	173
1	0
1	0
0	0
0	0
1	0
0	0
0	0
0	0
0	0
0	0
0	0
0	0
0	0
0	0
0	0
0	0
0	0
16	0
0	0
0	0
0	0
0	0
0	0
0	0
0	0
0	0
0	0
0	0
0	0
0	0
0	0
0	0
0	0
0	0
0	0
0	0
0	0
0	0
0	0
0	0
0	0
0	0
0	0
0	0
0	0
0	0
0	0
0	0
0	0
0	0
0	0
0	0
0	0
1	0
0	0
1	2
0	2
0	0
0	0
0	0
0	0
0	0
0	0
0	0
0	0
0	0
0	0
0	0
0	0
0	0
0	0
0	0
0	0
0	0
0	0
0	0
0	0
0	0
0	0
0	0
0	0
0	0
0	0
0	0
0	0
0	0
0	0
0	0
0	42
0	0
0	0
0	0
0	0
0	0
0	0
0	0
0	0
0	0
393	485
0	88
0	10
0	147
1	260
50	377
12	308
0	0
0	0
1	24133
41961	24135
79	816
10	238
9	52
1	831
2	289
9	21
0	16
5	44
1281	2750
0	147
3	2612
3	222
1	204
30	21
2	81
1	148
9	29
3	9
1	8
0	30
0	74
98	71
4	5
9	2
0	1
4	1
0	1
6	541
6	638
1	567
0	540
12	490
0	260
0	175
0	258
0	0
131	1304
7	521
14	654
15	1012
45	685
0	599
0	582
0	667
88	510
0	85
0	179
0	172
0	37
0	122
0	128
18	725
894	2692
0	2692
0	1750
14	334
0	349
0	0
423	744
2	161
6	0
0	0
0	2
0	2
0	0
0	0
0	0
1	0
0	1
0	1
108	2328
24	246
21	245
49	2327
0	0
24	37
0	3
0	37
0	6
3	0
56	0
3	0
0	0
0	0
0	0
0	0
0	0
0	0
0	0
0	0
0	0
0	0
0	0
3	22
0	0
0	0
0	0
0	0
0	0
0	0
0	0
0	0
0	0
0	0
0	0
0	0
0	0
0	0
0	0
0	0
0	0
0	0
0	0
0	0
0	0
0	0
0	0
0	0
0	0
0	0
0	0
0	0
0	0
0	0
0	0
0	0
0	0
0	0
0	0
0	0
0	0
0	0
0	0
1	0
7470	4
0	0
0	2
0	1
0	0
0	0
0	0
0	0
1	319
5	301
1	94
0	268
0	259
1	232
0	138
0	61
43	303
0	124
6	245
5	50
4	40
0	8
1	100
0	35
5	25
3	25
16	2394
3	2308
0	537
0	863
0	360
0	648
0	394
0	236
0	181
2	204
1	70
0	138
1	12
0	0
0	0
0	0
1	0
13	3
4	1681
4	1855
18	520
1	1688
2	1493
0	1836
0	1803
17	0
3	123
0	1716
41	586
2	39
0	0
6	30
0	56
2	222
14	45
1	368
0	247
0	24
0	197
6	60
0	73
1	25
0	10
3	11
3	1290
16	1282
13	1311
0	1300
4	236
0	215
4	149
5	144
4	95
0	86
8	8
0	20
1	11
0	0
127	75
12	20
2	62
22	0
5	0
0	0
0	0
0	0
0	0
0	0
0	0
0	0
1	0
1	4227
3	4014
0	4345
0	3911
0	3740
75	3580
46	3251
32	3288
0	765
12	550
2	344
7	194
0	78
0	17
0	12
0	4
10	13
0	16
0	13
3	6
0	3
0	1
0	1
0	7
0	0
0	1
0	0
0	1
0	0
0	1
0	1
0	4
5046	65
7	63
5	5
0	3688
68	3738
5	970
2	892
8	120
20	275
13	1178
2	5
6	522
4	107
2	223
1	0
22	75
1	29
0	154
12	66
15	51
53	0
1	0
1	168
0	91
7	143
0	156
0	21
0	12
0	23
1	5
0	0
1428	1101
45	1024
0	2
1	287
0	101
1	615
0	362
0	103
0	80
0	51
8	464
6	34
14	134
5	97
0	277
0	253
0	98
0	183
0	31
19	36
9	304
0	304
0	0
0	0
0	0
0	0
1	1
0	1
0	0
0	0
0	0
0	0
0	0
0	0
0	0
0	0
0	0
0	0
0	0
0	0
0	0
0	0
0	0
0	0
0	0
0	0
0	0
0	0
0	0
0	0
0	0
0	1
0	0
0	0
0	0
0	0
0	0
0	0
0	0
1	0
0	0
0	0
0	1
0	0
0	0
0	0
0	0
0	0
0	0
0	0
0	0
0	0
0	0
0	0
0	0
0	1
0	0
0	0
0	0
0	0
0	0
0	0
0	0
0	220
0	111
0	0
0	0
0	0
0	0
0	0
0	0
0	351
0	0
0	1
0	0
0	0
0	0
0	1
0	0
0	0
0	1
0	0
0	0
0	0
0	0
0	0
0	1
0	0
0	2
0	0
0	0
0	0
0	0
0	0
0	0
0	0
0	0
1	0
0	0
0	0
0	0
0	0
0	0
0	0
0	0
0	0
0	1
0	1
0	0
0	0
0	0
0	0
0	0
0	0
0	0
0	111
0	0
0	0
0	0
0	0
0	0
0	0
0	351
0	0
0	1
0	0
0	0
0	0
0	1
0	0
0	0
0	1
0	0
0	0
0	0
0	0
0	0
0	1
0	2
0	0
0	0
0	0
0	0
0	0
0	0
0	0
0	0
0	0
0	0
0	2
0	2
0	0
0	1
0	0
0	0
0	0
0	0
0	0
0	0
0	0
1	0
0	0
0	0
0	0
0	0
0	0
0	1
0	0
0	0
0	0
0	0
0	0
1	0
0	0
0	0
0	0
0	0
0	0
0	0
0	0
0	0
0	0
0	0
0	0
0	0
0	0
1	2
0	2
0	0
0	2
0	0
1	0
3	0
0	0
0	0
0	0
0	0
0	0
0	0
0	0
0	0
0	0
0	0
0	0
0	0
0	0
0	0
0	0
0	0
0	0
0	0
0	0
0	0
0	0
0	0
0	0
0	0
0	0
0	0
0	0
0	0
0	0
1	0
0	0
0	0
0	0
0	0
0	0
0	0
0	0
0	0
2	0
0	0
0	0
0	0
0	0
0	0
0	0
0	0
0	0
0	0
0	0
0	0
0	0
0	0
0	0
0	0
0	0
0	0
0	0
0	0
0	0
0	0
0	0
0	0
0	0
0	0
0	0
0	0
0	0
0	0
0	0
0	0
0	0
0	0
0	0
0	0
0	0
0	0
0	0
0	0
0	0
0	0
0	0
0	0
0	0
0	0
0	0
0	0
0	0
0	0
0	0
0	0
0	0
0	0
0	0
0	0
0	0
0	0
0	0
0	0
0	0
0	0
0	0
0	0
0	0
0	0
0	6
24	6
1416	1519
150	1519
18	1932
0	606
0	2051
2	2051
7	278
0	295
0	430
0	355
5	173
0	0
0	0
7859	1074
37	794
1	0
0	0
6	0
19	32
94	180
600	625
0	255
2	318
11	1125
1	1125
10	1127
26	1122
1	298
0	208
1	326
0	310
1	258
0	245
0	65
3	0
105	1062
1	5
12	15
3	47
12	1026
3	769
0	209
2222	3706
2	276
32	3271
22	275
99	74
0	22
0	1542
3	0
0	0
24	0
5878	1386
6	281
0	1153
23	910
213	101
1	47
0	84
0	58
974	849
1	273
1	658
3	357
21	275
1	154
0	43
385	266
2	7
0	12
1	227
0	73
1	26
7	20
322	627
7	627
0	0
164	17
0	16
1	1
1250	1372
13	1319
0	12
0	0
0	0
125	28
0	28
0	0
1	2040
0	1811
1	1952
0	3798
0	2050
0	3612
16	2034
0	1407
2	3212
2	378
0	0
10	246
0	394
42	546
17	165
83	537
0	262
0	240
1	67
0	0
0	60
1	46
27	236
0	67
12	424
4	603
117	171
5	126
155	619
0	7
6	299
0	463
0	0
0	0
0	0
142	78
2	78
0	0
0	0
0	0
0	0
0	0
0	0
0	0
0	29
0	0
16	401
25	401
2	61
0	23
8	8
0	79
0	81
0	90
22	1596
15	9
0	1211
0	50
17	1571
19	137
4	473
27	1503
32	1372
27	1151
0	1077
1	904
13	831
0	995
30	52
14	76
0	86
0	86
0	90
1	83
0	74
0	81
0	92
0	55
0	92
0	55
0	19
15	106
6	96
0	35
0	0
1	6
0	2
0	6
0	0
0	1
0	1
0	0
0	0
0	0
0	0
0	0
0	0
0	0
0	0
0	7
0	7
0	0
0	0
0	0
0	0
0	0
0	0
0	0
0	0
0	0
0	0
684	264
4	110
0	3
1	156
0	0
0	0
0	1
0	5
0	9
0	161
0	647
303	101
0	74
56	27
38	0
463	643
15	633
1	117
2	661
0	681
2	735
0	713
6	492
3	108
8	87
2	41
2	23
5	48
0	46
0	7
8	19
1	0
0	0
0	0
2	1
0	1
0	0
0	0
0	1
0	0
5	483
49	623
0	129
2	286
1	235
0	127
0	185
3	91
0	348
0	17
0	21
0	20
0	21
0	23
0	0
0	3
0	1
0	18
0	13
0	1
0	2
0	2
0	2
0	1
0	0
0	1
0	2
0	2
0	0
0	0
0	0
0	0
0	0
0	0
0	0
0	0
0	0
0	938
32	938
1	767
0	81
0	780
1	766
17	37
3	544
0	74
0	658
11	75
0	75
0	66
8	5
0	5
56	2298
3	101
0	16
1	247
4	2248
110	767
0	14
1	2077
5	118
1	491
0	2249
6	2364
0	2375
4	2197
1	1809
0	1989
2	71
0	396
0	0
0	0
1	1842
2	2653
0	819
18	641
0	1432
0	127
1	328
0	1064
0	1292
1	1324
0	1189
0	265
2	680
0	12
7	26
16	57
14	32
11	2812
0	2369
1	1209
7	1230
0	1204
0	1292
21	919
3	824
0	657
0	111
14	912
2	535
0	753
4	31
29	703
0	62
1	122
51	1148
14	1147
16	96
0	1141
83	765
0	147
0	152
239	115
3	67
1	31
0	32
23	1528
3	1335
8	144
0	138
0	138
0	142
0	1456
0	120
0	275
3	212
3	1613
2	112
0	143
0	159
1	2540
18	2558
0	2525
0	2533
0	2269
0	2653
1	1821
3	153
22	1535
2	555
0	843
17	620
5	425
137	0
0	16
6	16
0	14
0	13
0	16
0	12
0	11
0	0
126	1108
21	1192
7	121
175	1940
0	1100
0	1051
3	934
6	787
1	58
181	239
1	21
0	61
2	175
5	45
62	636
2	42
25	454
0	829
0	887
18	376
1	218
2	252
4	164
0	0
0	0
0	149
0	148
6	148
0	29
0	29
0	17
3	703
2	693
0	664
0	681
0	642
9	575
13	633
6	38
1	89
0	48
0	462
24	1214
161	1214
6	223
727	209
2	209
272	113
2	113
2	6
13	6
10	0
3	96
0	96
2	81
0	14
0	4
0	0
54	741
0	140
1	741
1	734
0	142
1	47
0	61
0	185
0	18
0	9
12	271
5	318
0	228
1	34
0	12
4	24
0	56
0	103
0	115
0	68
0	38
24	741
0	741
76	38
0	38
14	2427
65	2007
1307	2347
1	131
144	353
0	293
2	250
0	204
0	182
0	95
0	223
12	165
0	163
0	88
0	66
0	47
0	85
8	21
2	104
2	4
0	0
3	531
0	531
30	7
1	7
0	22
0	0
4	22
0	0
3	52
4375	0
21	8
2510	0
193	1
2	24
0	24
0	0
1	1
0	1
0	0
0	0
0	0
0	0
0	0
0	0
0	0
0	0
0	0
0	0
7	0
0	0
0	0
38	0
0	0
5092	432
0	432
0	0
4	6
0	2
0	2
0	0
0	4
0	1
0	0
0	397
0	402
0	10
1	113
0	0
0	5
1806	122
0	0
0	0
0	0
0	122
5	1
0	1
8	0
476	152
6	31
6	42
3	79
2	56
77	31
2	31
197	615
70	615
10	50
4	175
0	0
0	1280
4	1295
0	1295
1	941
51	370
144	0
0	0
0	0
0	0
0	0
6	168
23	604
1045	2318
1	1522
0	115
8	171
7	298
8	71
0	0
3	0
0	0
277	0
0	0
0	0
0	0
0	0
0	0
0	0
0	0
767	581
1	506
0	360
0	0
48	182
3	51
0	0
30	495
1	44
27	446
0	0
0	71
7	35
4	0
45	0
0	485
0	485
0	177
0	0
720	879
0	832
1	534
0	57
0	82
0	63
0	54
0	566
0	39
2	16
230	679
3	638
10	547
0	122
0	0
0	6
0	81
0	65
0	64
0	13
0	4
748	1634
1	398
8	291
0	0
1	1007
0	863
0	873
151	210
0	40
3	178
0	51
1	4
243	667
16	667
0	0
1602	1062
2	1062
0	204
3	40
86	150
9	1256
380	1795
0	213
0	373
7	44
1	1
0	1
1	0
34	34
24	34
0	34
0	0
0	0
0	0
3	0
0	0
0	0
0	0
0	0
1	1009
0	0
0	0
0	0
0	0
0	0
0	0
0	0
0	0
0	0
0	0
0	0
0	0
0	311
11	2247
0	1008
1	2214
0	5
15	237
4	16
0	309
6	220
1	269
13	8
1	4
5	1
30	6
18	165
39	111
4	101
0	133
83	14
7	400
0	386
2	81
0	0
11	85
1	17
0	38
26	266
819	647
0	647
0	122
10	14
10	327
0	298
0	273
144	319
16	290
29	183
0	14
0	22
0	0
1468	0
8	0
939	119
0	0
1	0
4	119
3	12
10	63
18	5
1	0
0	0
0	0
0	0
0	0
1	1739
0	0
2	1739
158	0
1444	1739
110	1739
3	306
925	168
0	8
0	15
96	693
179	3730
2	80
1	1890
8	2606
2	49
0	14
120	66
0	62
2	0
1	0
0	0
0	155
1	3118
1	3155
0	203
53	5
0	206
30	336
16	2248
9	1082
46	0
0	0
0	700
1	577
0	702
6	152
6	562
45	1248
0	1368
2	268
10	268
0	148
0	0
0	0
1	85
0	74
0	86
472	176
13	83
1	158
0	0
3	7
0	7
0	1
0	0
0	0
0	0
0	0
2	22
1	22
0	56
120	151
3	135
0	0
5	18
1900	135
4	135
0	1
1	2
0	0
0	0
231	459
5	459
0	0
6	0
0	150
5	150
6	75
0	74
3	52
7	38
0	28
0	8
0	8
50	6
14	34
4	18
33	0
345	22
0	50
0	0
0	0
0	0
0	0
7	377
0	393
0	51
0	13
0	0
1	4
0	0
2	0
0	0
210	0
281	0
2	0
0	0
0	0
0	0
0	0
0	1
0	1
0	77
243	247
1	199
46	19
0	0
0	0
0	0
0	0
0	0
0	0
0	0
0	0
0	0
18	84
11	24
438	102
0	9
0	0
0	0
0	0
14	1334
461	1334
0	112
13	32
57	391
3	132
123	250
0	0
0	0
1247	78
28	78
0	2
0	0
0	0
0	0
0	0
0	0
0	0
0	0
0	1
0	1
0	0
0	0
0	0
2	1
1	0
0	0
0	1
0	0
0	0
7691	3234
36	0
5	3231
0	4606
93	4983
0	4949
7	1062
0	372
11	6
0	1
0	6
0	6
11	5
0	3
0	3
0	2
0	0
0	0
0	0
0	0
1	0
15	1
0	1
0	0
71	0
0	0
0	0
0	0
0	0
0	0
0	0
0	0
0	0
0	0
67	82
1078	82
0	0
0	6
119	28
2	9
0	25
0	0
0	4
111	114
0	30
3	114
20	0
0	0
0	0
0	0
0	0
0	0
0	0
0	0
0	0
0	0
0	0
0	0
0	0
0	0
0	0
2	0
0	0
2	424
0	330
2	251
14	110
0	0
0	0
0	0
2	0
0	0
0	0
0	0
0	0
0	457
10	4328
161	119
17	107
2158	4253
2	0
35	483
235	407
22	1
1	672
17	665
1	412
1	408
12	415
0	356
8	406
50	0
2	0
91	241
0	0
0	387
0	387
19	130
14	223
25	2675
1	2674
7	195
0	0
0	0
0	0
0	0
417	11
0	0
0	0
0	9
0	19
0	10
0	9
0	18
0	0
0	0
0	17
0	0
185	37
1	15
0	20
0	0
0	0
0	1436
72	1427
2	1362
4	29
0	29
130	57
0	62
0	37
958	316
1	122
0	223
345	262
12	17
6	27
28	210
1	28
699	591
55	591
6	46
563	0
0	0
2403	2230
1	951
4	79
1	2100
0	1796
0	1695
0	1460
0	924
0	1191
252	0
0	0
0	117
0	0
0	219
0	219
24	219
0	0
0	0
0	1315
0	1290
3	460
0	1257
33	411
0	1085
17	117
4	529
0	1
0	1
0	0
975	311
11	102
5	301
0	0
0	0
0	4
0	0
0	0
0	4
0	3
0	3
0	0
0	3
0	0
0	11
0	11
0	2
0	2
0	6
0	8
0	0
0	0
0	1
4101	2
0	13
0	13
3	12
0	12
0	0
0	0
0	0
1	0
0	0
0	2226
37	2389
0	739
0	357
0	266
1	257
3	74
131	1513
0	677
0	1404
34	432
12	237
0	0
17	0
0	0
0	0
2	0
0	0
0	0
0	0
7	0
0	0
0	0
0	0
22	0
0	0
0	0
65	0
0	923
0	937
16	135
0	470
8	14
49	272
7	217
23	157
17	557
1	31
0	34
0	220
0	586
0	6
0	8
2	3
3092	2466
0	550
96	1409
0	0
0	0
1	15
151	0
0	0
8	15
0	0
0	0
0	0
0	0
0	0
0	0
5114	0
4	21
0	21
3	21
1	3
2	7
1	0
0	0
0	0
0	0
296	0
2	155
0	0
0	0
0	0
0	0
16	569
112	653
1	347
0	1
0	25
0	105
0	4
0	0
0	0
0	0
0	0
0	0
0	0
0	2466
0	152
0	217
0	0
0	1481
0	3
0	647
11	99
0	96
0	74
0	38
0	1339
0	14
0	9
2	105
0	25
0	105
0	4
0	0
0	0
0	0
0	2466
0	152
0	217
0	0
0	3
0	647
0	68
0	44
0	1
1088	1766
0	1699
0	14
0	9
0	73
0	0
20	303
26	303
1	10
2	57
0	41
14	946
139	1342
7	1367
22	30
6	0
125	157
28	108
2	50
283	261
0	236
25	261
6	195
0	0
0	0
0	7
0	25
0	4
0	25
614	191
0	10
2	104
0	32
5	127
38	794
1567	794
1	100
1	105
3	55
0	22
2	34
24	761
0	800
0	334
12	221
0	210
0	265
1	290
24	175
0	175
1	23
6	288
0	289
0	214
1	184
13	3
2	3
0	131
1	149
15	121
0	0
0	0
0	0
759	561
0	546
0	566
9	133
1	16
78	100
0	183
0	148
0	40
0	102
0	79
0	76
4	16
0	55
11	2
0	2
0	0
0	0
0	0
5	553
1	547
0	77
10	111
4	38
0	12
0	0
5	1
0	1
8	923
47	896
7	795
0	55
1	552
15	0
0	47
0	0
0	0
0	9
2	15
0	6
68	691
345	779
0	322
1	6
1	224
0	113
1	13
0	2
1	1503
0	1762
5	1652
11	183
0	166
2	157
637	0
2	88
0	87
0	87
0	85
2	84
0	83
2	84
0	18
5	4
0	2
0	0
0	0
1	1
0	1
332	2174
0	2215
0	2191
11	1743
8	1329
0	0
82	117
0	0
0	0
0	6
53	22
0	3
0	10
0	11
0	13
0	0
42	48
0	27
0	29
0	0
0	0
0	0
0	0
0	0
0	0
0	0
0	0
0	0
0	0
0	0
0	0
0	0
0	0
1212	4025
18	3798
11	205
6	1511
0	210
0	0
16	195
119	89
1	0
0	0
0	0
0	0
0	0
0	1
4	0
1	2
1	27
2	27
1	0
0	59
0	91
0	144
0	135
0	730
0	205
3	63
0	147
0	618
2	178
27	107
0	7
3	704
0	148
0	709
0	81
1	35
3	208
0	674
8	62
0	672
0	728
0	452
0	326
4	0
0	39
29	98
0	0
1365	248
22	169
0	0
807	0
2	0
7	31
0	48
0	0
4606	11841
9	11413
2	5317
5	2012
73	425
0	0
50	398
31	8
13	398
211	76
0	65
0	2
14	4
427	2216
0	2174
7	224
2	77
3	42
0	0
0	0
0	3
0	3
0	0
2	899
6	3
0	0
0	0
6	508
0	0
0	0
0	0
0	0
0	0
0	0
8	0
0	0
84	4552
16	1241
15	286
2	1199
20	4387
0	3158
0	3164
2	3166
12	2764
6	1393
0	442
213	900
0	826
1	909
44	173
0	0
0	0
0	0
14	98
0	0
0	0
23	33
5	33
0	0
1	68
13	1
0	167
0	150
2	1129
0	0
18	1572
0	142
13	1
0	12
1	1520
0	0
11	29
0	0
0	0
0	1
0	0
22	1405
0	77
39	1405
0	113
0	0
0	0
0	0
0	0
0	0
0	0
0	0
0	0
0	0
0	0
36	2073
475	2073
6	126
0	0
388	115
0	105
0	29
1	35
0	14
0	15
0	3
37	0
17	25557
5	20409
17	7209
3	1164
6	10948
0	20123
5	5519
0	6050
2	0
791	0
3	0
0	1
1761	0
495	8
1	2623
0	0
16	6438
73	6438
1	39
97	69
0	69
2	110
0	64
0	45
0	44
0	1947
10	2397
1	2836
4	5845
618	6885
49	1035
13	2437
0	0
16	0
3	9
0	8
2	9
1	3
0	2
0	0
1	4
0	5
2	1
0	4
0	4
0	0
0	0
4	0
0	0
2	0
0	0
0	0
0	0
170	223
53	223
2	81
26	203
4	110
5	159
0	69
1	37
3	5
1	2823
0	4
0	0
0	0
2	16
1	30
0	30
0	0
0	0
0	0
0	0
0	0
0	0
0	0
0	0
0	0
285	372
0	109
7	286
417	382
0	386
3	386
0	0
0	0
0	0
0	0
0	0
0	0
0	0
0	0
0	0
19	0
0	0
0	0
3111	505
39	332
0	188
12	158
874	638
0	638
8	442
1	490
0	488
24	14
1	298
0	0
0	0
0	0
0	0
0	0
689	2830
74	258
61	875
71	2150
0	0
0	10
0	2
6	30
1	654
0	0
0	0
0	1
0	1
0	0
0	0
371	0
84	421
24	102
0	168
4	268
1	65
2	33
41	177
4	177
551	97
0	140
0	140
141	973
60	656
1	706
36	127
115	3700
5	3767
10	3491
119	272
0	0
817	1321
8	902
1	325
2	413
3	417
0	1
0	1
0	1
0	0
0	0
0	0
0	0
0	0
0	0
0	0
0	0
0	0
0	0
0	0
0	0
0	0
1	0
0	0
0	0
0	0
0	0
0	0
0	0
0	0
0	0
0	0
0	0
0	0
0	0
0	0
0	0
0	0
0	0
0	0
0	0
0	0
0	0
0	0
0	0
0	0
0	0
0	0
0	0
0	0
0	0
0	0
0	0
0	0
0	0
0	0
0	0
0	0
0	0
0	0
263	7
3	7
0	0
0	0
0	0
0	0
0	0
2	0
0	1
0	0
0	0
0	0
0	0
0	0
0	0
0	0
0	0
0	0
0	0
0	0
0	0
0	0
0	0
0	0
0	0
0	832
0	801
0	86
1	49
6	49
15	0
0	636
0	543
0	0
0	380
0	53
0	0
0	0
1	0
0	0
217	794
1	907
1	839
11	0
0	0
0	136
0	236
10	0
8	82
0	0
0	0
0	0
0	0
0	0
13	4764
0	0
0	0
0	0
0	0
0	0
0	0
0	0
0	0
21	67
0	67
0	0
0	0
0	0
0	0
0	0
11	645
0	457
0	0
0	0
0	0
0	0
0	0
0	0
0	0
0	0
1	0
0	0
0	0
0	0
4	628
0	0
0	0
0	0
0	70
2	70
0	58
0	57
0	51
0	0
0	0
11	11
2	0
0	0
0	0
2	0
0	5
0	46
0	0
0	0
0	0
0	0
0	0
0	0
0	0
0	0
0	0
0	24
0	0
0	0
0	5
0	0
0	0
0	0
0	0
0	0
0	0
0	0
0	0
0	0
0	0
0	0
0	0
0	0
0	0
0	0
0	0
0	0
0	0
0	5
7	830
0	849
41	429
0	0
0	0
0	0
0	0
0	0
0	0
0	0
0	0
1	0
14	318
883	548
0	534
10	436
2	180
42	109
36	655
23	43
47	619
1	114
141	1073
4	894
10	54
0	957
42	509
0	64
13	133
0	443
18	335
11	284
37	146
3	0
24	179
0	151
1	107
0	0
6401	1755
546	1721
0	0
0	0
0	0
0	0
4	0
0	0
0	0
6	0
0	0
0	0
0	0
551	236
0	226
2	92
0	3
3	78
1	0
0	0
0	0
38	4
4	0
0	0
3	0
0	0
0	0
0	0
0	0
0	0
0	0
0	0
0	0
0	0
0	0
0	0
0	533
0	316
0	426
0	371
1	223
0	198
0	200
0	76
0	203
0	7
1	0
163	437
74	438
5	345
3	6
1	360
225	756
3	11
40	442
10	631
1	0
0	0
17	3
0	3
43	14425
0	786
74	13826
5	2425
280	2485
0	2651
327	13945
100	7412
16	873
17	12529
0	12599
19	1125
31	763
328	2741
67	1138
0	839
0	302
0	0
0	0
0	0
1	0
2	0
1452	39
0	35
0	0
0	0
1	20
1	0
32	0
909	1
2	1
61	2348
6	2326
4	1674
17	494
2	214
9	401
50	113
22	1657
30	5375
3	5224
0	5365
0	0
18	420
0	659
0	0
48	199
1	74
4	0
0	0
0	0
0	0
0	0
3	97
5	97
21	281
0	0
9	226
0	44
1	236
0	0
14	573
0	586
2	370
0	0
0	0
0	0
0	0
0	0
0	0
12	4
2	4
391	115
0	9
27	117
1	117
0	31
0	0
0	0
0	0
0	0
0	0
0	0
0	0
0	0
424	382
87	148
24	146
7	1227
15	1358
0	1387
82	1216
0	0
1	1
0	0
250	2867
0	2423
21	797
0	0
233	1101
0	0
0	1364
0	1721
3	0
0	0
0	0
0	0
0	0
4	3
0	3
0	31
0	15
0	12
0	19
12	32
0	0
0	0
0	0
0	0
0	0
0	0
0	0
0	0
1	3916
0	3916
0	0
0	0
737	0
0	0
0	0
0	0
0	0
0	0
2	0
0	0
1	0
0	0
0	0
0	0
0	0
0	0
0	0
0	0
0	0
0	0
0	1
0	0
0	0
0	0
0	0
1	2
5	0
0	0
0	0
0	0
0	0
0	0
0	0
0	0
0	0
0	0
0	0
327	2
0	0
0	0
0	0
0	0
0	0
0	0
0	0
11	2
0	2
0	0
0	0
0	0
0	0
0	0
0	0
0	0
0	0
0	0
0	0
69	2314
0	0
0	0
0	0
0	0
0	0
0	0
0	0
0	0
0	0
0	0
0	0
0	0
0	0
0	0
323	0
0	0
0	0
0	0
0	0
0	0
0	0
0	0
0	0
0	0
0	0
0	0
0	0
0	0
0	0
25	91
36	132
0	129
0	106
0	0
2	8
4	0
0	8
0	4
0	0
7	299
2	272
0	359
9	15
797	0
0	0
0	0
1336	0
59	0
6	0
0	0
0	0
0	0
0	0
0	0
0	0
0	0
0	0
0	3001
2	2892
0	2404
0	1846
4	62
3	86
0	0
0	0
0	0
0	0
0	0
0	11
0	6
0	0
3	11
3	158
0	0
3	166
2	146
3	111
1	18
1	17
5	47
0	2
4	0
3	8
5892	0
5	0
0	81
18	170
8	31
0	40
0	20
0	14
0	22
0	12
0	18
0	14
0	47
1	2
4	18
3	38
2	0
1	0
4	145
1	1
0	0
0	0
0	0
0	0
0	0
0	0
0	0
0	0
10	6219
0	4376
676	2758
23	6142
167	1532
0	4651
3	3942
7	11
0	786
0	0
74	3135
1478	0
0	0
1	3
0	0
0	0
0	0
0	2
0	1
175	5473
21	1030
6	5299
0	399
1850	765
0	378
730	0
27	184
1223	961
0	497
0	462
0	151
99	49
1	0
0	0
521	524
7	524
0	0
0	0
0	0
3	2262
1	954
0	2364
0	2257
1	724
0	2010
51	1953
23	131
0	149
4	49
6	46
0	3
0	0
2	3
0	3
0	1
710	405
2	188
10	0
0	145
5	275
42	1
0	1
2	0
0	0
1	0
31	100
10	100
5835	8067
1	1846
0	6506
7	523
17	313
16	234
0	0
0	234
0	0
0	0
0	0
0	0
0	0
0	0
0	0
0	0
0	0
0	0
0	0
0	0
0	0
0	56
0	38
251	430
0	47
0	231
0	92
0	0
14	0
0	1
1	168
0	44
3	44
0	58
4	201
18	124
0	82
632	688
3	434
0	429
16	359
163	6
1	11
8	11
3	1
1	2043
9	1645
9	1724
0	1727
0	769
21	134
71	91
7	1133
10	201
12	239
0	0
0	216
0	23
1	15
0	0
0	0
0	2
0	5
0	0
0	3
2	0
17	20
0	20
0	17
0	0
2	0
0	7
0	5
0	4
0	1
0	1
0	0
0	0
0	0
1	7
3	7
0	0
0	0
0	0
0	0
0	0
0	0
0	0
0	0
0	0
0	0
0	0
0	0
7	8
0	1113
4	5509
1	593
8	5644
3	362
3	263
0	1102
7	0
0	0
0	0
324	736
0	705
0	338
5	312
10	188
0	75
39	89
0	63
24	8
25	5
0	0
0	0
0	0
0	1
369	78
0	78
4	51
1027	144
1	144
0	0
4	0
6	10
0	20
3	23
0	13
0	6
3586	4520
0	5
0	3927
0	1519
0	0
0	769
0	503
0	0
5	2
2	2
1	26
0	10
0	26
1	26
0	5
0	0
0	0
0	95
0	0
0	0
0	0
0	0
15	0
0	0
0	53
289	118
5	63
1041	5493
45	5449
2	5491
0	4288
0	1913
18	1899
0	0
33	11
9	2629
0	2629
4	0
7	699
14	733
7	644
1	197
0	135
4	75
25	0
27	1135
35	1135
0	0
0	0
0	0
0	0
1	1
2	1
4	0
0	1
0	0
0	0
0	12
0	1
0	0
0	83
0	358
0	0
0	127
0	0
0	0
0	0
17	439
0	436
0	328
1	321
2	155
0	33
7	80
0	162
3	3
0	0
0	0
0	0
0	0
0	0
0	0
3	8
3	6
64	80
3	54
0	3
1	0
0	0
0	3
2	21
6	1
17	634
1	818
1	0
2	304
65	177
253	250
23	784
1847	840
159	365
0	365
4	60
13	134
4	76
45	1
0	0
0	34
12	456
0	4
0	317
6	420
0	422
0	313
409	452
8	151
0	151
0	143
0	1
0	86
0	12
0	12
0	0
0	0
0	0
0	0
5	196
0	0
95	0
6	24
243	48
1	961
0	3
177	24
235	1955
1	1730
3	109
6	162
11	18
14	390
25	4
772	157
2	29
0	61
6	42
0	0
0	0
16	9
6536	8
0	0
5	0
0	1
0	0
0	0
3	1
0	0
0	0
2	13
0	11
0	1
1	0
0	2
0	2
1	2
0	0
0	0
0	0
0	0
0	0
0	0
3	0
83	573
1	97
2	503
0	241
0	62
0	74
0	117
0	19
0	34
7	3
0	301
55	292
0	133
12	40
1125	1303
5	1303
0	0
0	216
5	107
0	0
0	0
0	0
0	0
0	0
0	0
0	0
0	0
0	0
58	88
2	88
0	0
0	56
3	56
5	9
0	2
0	2
0	2
0	2
0	1
0	1
0	1
0	0
1	14
0	6
0	8
43	14
0	2
0	0
0	2
0	7
0	7
0	8
0	6
0	5
0	1
0	0
0	0
0	0
0	0
123	515
0	461
4	179
0	76
27	203
732	199
0	178
0	72
0	46
2	252
35	178
8	132
0	72
0	125
2	167
0	0
0	0
0	0
0	0
0	0
0	1260
2	1206
0	1270
0	77
18	113
0	0
0	0
4	42
16	0
0	0
0	0
0	1
2	0
3	16
8	17
0	30
0	30
0	0
0	0
32	160
11	160
202	79
0	79
0	0
2	0
1	25
187	29
5	24
0	0
5	2483
570	2542
7	559
4	109
20	185
0	453
24	66
0	0
0	0
0	0
0	0
37	47
0	40
0	33
0	28
2	0
0	0
0	0
0	0
0	0
0	0
0	0
0	0
0	0
0	0
316	1751
0	1417
4	1111
0	777
0	0
0	0
1424	1333
0	229
0	385
1	134
14	32
0	0
0	246
0	429
4	523
31	3
0	0
0	454
0	0
0	0
0	0
45	1332
0	922
16	1270
1	1260
1	191
0	0
9	0
3	1160
528	4914
11	1132
6	4227
294	4442
501	83
12	15
0	78
13	50
1	9
16	23
0	21
4	0
0	0
0	4811
0	5
0	0
0	0
0	0
0	0
0	0
55	1046
1	876
0	966
8	60
74	73
0	1852
20	1865
0	121
0	121
0	82
27	883
1	0
0	170
1	0
0	0
129	24
0	24
0	0
0	0
0	0
0	0
0	0
0	0
0	0
0	0
0	0
0	0
0	0
0	0
0	0
0	0
0	0
0	0
0	0
0	0
0	0
0	0
0	0
0	0
0	0
0	0
0	0
0	0
0	0
0	0
0	0
0	0
0	0
0	0
0	0
1	1
0	0
0	0
0	0
0	0
0	0
0	3
0	0
0	0
0	3
0	3
0	3
0	0
0	0
0	0
0	0
0	0
0	0
0	27
0	0
0	0
0	0
0	0
0	0
0	0
0	0
0	0
0	0
0	0
0	0
0	0
1	0
6	1
0	0
0	0
0	0
0	2
0	2
0	0
0	0
0	0
0	0
0	0
0	1
0	103
1	4
0	1
0	2
0	2
0	0
0	2
0	2
0	0
0	0
0	0
0	0
0	0
0	0
0	0
0	0
0	0
0	0
0	0
0	0
0	0
0	0
0	0
0	0
0	0
0	0
0	0
0	0
0	0
0	0
0	0
0	0
0	0
0	0
0	0
0	0
588	9
1	5
0	0
0	0
0	0
0	0
0	0
0	0
0	0
0	0
0	0
6	5098
1	1904
8	427
122	0
0	399
7	0
4	281
3	285
1	3119
0	274
2	24
0	162
4	8
18	355
0	163
5	36
252	2405
1	32
1	237
24	2419
0	22
8	2405
1	1061
1	1029
0	0
65	500
142	993
0	438
21	315
0	0
0	2
0	2
0	2
0	0
61	11
0	0
0	0
5	0
0	0
16	41
0	41
23	0
24	11
2	1396
0	0
0	0
1	0
323	397
29	0
21	0
0	86
0	397
0	0
331	262
2	246
0	0
4	253
0	269
2	235
0	46
0	12
2	44
0	986
32	5370
2	924
8	82
7	117
3	81
2	90
59	2103
4	3314
19	56
57	0
62	10
73	52
0	0
59	0
5	274
8	0
0	0
0	0
0	0
0	0
0	0
102	0
0	2
0	0
0	0
0	0
0	0
0	0
0	0
0	0
0	0
0	0
0	0
2	24
0	4
0	0
0	23
0	2
0	0
0	0
0	3
0	0
0	0
0	0
0	0
0	2
0	3
0	0
0	1
1	2
0	0
0	0
950	211
0	15
0	185
0	210
1	77
0	0
0	0
3	30
0	29
0	22
0	9
0	0
2	5
0	3
0	0
12	0
0	131
0	0
4803	544
0	0
4	470
6	0
40	8
1	64
15	4
0	227
3	132
249	267
7	130
1819	3687
7	972
12	631
17	1777
8	1608
126	242
3	251
5	317
85	0
0	428
0	0
0	0
0	0
0	0
530	0
0	0
2	623
1851	1408
6	848
5	131
49	505
20	1015
2	896
7	1059
1	618
0	0
0	0
21	0
1000	2
0	0
0	0
24	1095
9	4
0	1041
0	160
2	381
0	325
0	604
0	0
0	0
0	0
0	0
52	0
0	0
0	0
0	0
0	0
0	0
151	718
1318	4070
167	1404
0	1110
53	2250
1	1924
1	780
3	805
0	153
11	1468
117	0
3	618
2	1562
0	0
184	1968
0	1853
3	371
0	2
0	368
0	0
0	14
19	128
0	647
11	655
1	498
3	687
0	0
0	0
14	4607
203	1344
90	6472
39	5862
0	324
0	4
0	1778
11	0
9	0
0	0
114	382
15	281
0	175
0	76
4	452
30	452
0	4
0	24
0	89
0	53
0	0
0	0
1449	630
4	45
0	532
2	155
349	421
41	91
0	0
0	0
0	1
0	1
22	1017
0	950
0	840
15	38
0	85
0	202
0	0
0	0
1	1
0	1
0	0
0	1
0	0
0	0
0	0
3	0
3557	3133
5	18
15	354
6	816
1	2857
0	0
5	0
12	0
0	0
0	0
7	0
60	0
48	226
29	0
55	0
35	39
5	1399
596	3904
6	3899
145	2309
0	2426
0	9
5	5
0	2
0	0
0	3
1	0
0	0
7	7
0	7
0	1
0	0
39	205
41	205
13	3
0	85
0	79
20	1
0	68
0	0
1	0
0	51
0	6
4	28
396	1380
0	1
7	1357
4	388
0	0
0	321
0	0
0	0
0	0
0	0
0	0
0	0
0	0
28	710
36	710
1	22
5	9
2	4
0	0
0	1
0	1
0	0
0	0
0	0
5027	12560
13	1965
30	1549
18	3622
38	1439
0	5115
22	2186
24	2724
193	2054
13	1066
0	0
2	0
0	0
20	0
0	0
2652	17090
16	16199
22	16756
20	5883
1	3759
25	1688
3	284
0	626
34	16
0	0
19	0
92	0
0	0
4	0
2731	850
4	414
5	630
0	610
8	395
0	0
7	0
0	1
0	0
5	188
1	188
0	5
5	755
8	2037
12	179
0	0
52	30
27	1256
0	0
0	157
0	2183
0	2184
7	2190
8	2224
0	0
0	549
0	397
0	0
0	352
1	274
0	135
21	18
0	0
0	12
0	10
0	15
0	14
0	0
10	0
0	0
63	0
0	0
4	0
0	0
1	1
0	1
0	0
1	0
0	14
0	0
297	128
0	80
0	21
0	11
3	65
5	2058
14	44
2	32
13	1
0	31
23	0
115	1452
8	2203
177	9884
86	1252
60	9587
6	193
6	53
1	305
12	361
25	480
4	91
2	400
9	199
9	264
0	0
4	0
2	0
0	0
0	0
0	0
4	0
1	4
0	0
10	993
0	2421
0	2327
0	292
2	258
4	11
0	0
1	0
54	0
60	6580
5	6399
49	5806
0	0
1	801
43	504
0	750
0	1121
2	324
7	383
3	0
0	0
0	0
0	0
0	8
0	0
163	1179
0	218
65	1023
1	14
1	274
0	392
3	98
0	0
1	3
0	3
3	0
0	3
1	1
4	0
0	858
4	96
1	97
3	841
1	26
2	0
0	0
0	0
1	3
0	1
1	2
0	1
385	428
0	351
7	166
2	68
707	477
79	0
159	477
1	194
0	0
0	0
8	4
11	301
0	306
0	296
0	0
0	69
0	37
13	292
0	55
9	4
2	5
0	2
45	72
0	0
0	2
0	2
0	2
0	0
0	0
2	0
0	0
0	0
0	0
0	0
24	472
4	471
0	79
2	1
0	0
0	0
0	0
0	1
0	0
1	0
0	0
0	0
0	0
0	0
0	0
0	0
0	0
5	8
0	39
1	3
5	38
1	0
17	0
2	0
0	0
0	0
0	1904
0	1843
0	1903
0	1903
10	505
0	85
0	69
0	0
71	1894
16	849
0	1832
0	1893
9	304
0	86
2	239
1	31
9	218
5	0
0	172
0	0
4	49
0	1
0	0
0	1
0	0
0	0
0	0
0	0
0	0
0	0
65	7
2	7
0	0
0	0
0	11
0	11
0	4
1	0
0	0
677	3451
12	3449
111	793
3	915
0	0
0	0
916	48
23	48
10	0
0	0
14	0
0	0
0	0
0	0
0	0
2	16
0	0
0	0
0	0
273	920
58	891
0	253
23	558
28	89
23	71
34	11
26	149
1	458
87	829
1	259
34	1154
38	775
1	600
91	659
0	0
26	11
0	385
4	0
0	114
0	110
1	114
2	6
2	0
11	432
0	121
5	445
0	443
0	93
0	101
0	101
0	101
0	97
1	101
0	97
0	90
0	6
0	0
0	0
0	0
0	0
0	6
0	0
0	0
0	0
0	0
6	1
0	1
0	0
0	0
0	5
0	0
0	0
0	0
0	0
0	0
0	0
0	0
0	0
0	0
0	0
0	0
0	0
0	0
0	0
0	0
0	13
0	13
0	13
0	8
0	1
0	0
0	0
0	0
0	0
0	4
1	4
0	0
0	3
0	0
0	0
0	0
0	0
0	0
0	0
0	0
172	453
0	366
1	452
1	279
0	273
5	361
48	56
0	56
0	0
0	0
0	0
0	0
0	0
1813	2088
0	945
5	749
0	706
158	143
1	76
0	107
0	124
0	0
0	0
0	0
5607	525
4	525
0	0
0	0
10	0
2	552
0	0
0	0
0	0
6	4569
0	0
0	0
5	36
459	36
0	0
0	0
1635	953
0	898
0	443
2	361
0	0
974	141
5	139
0	21
0	0
0	0
0	0
2	13
0	0
0	0
1991	0
0	0
0	0
94	0
0	0
0	0
7259	8
4633	8
0	0
31	291
2	260
1	248
0	246
1	9
12	127
0	63
0	32
2	3
0	0
0	0
0	0
0	0
0	0
0	0
795	1084
9	193
0	73
5	100
6	853
14	60
13	86
5	86
25	3
0	0
1	9
0	6
21	9
7	6
1887	1819
0	649
2	1722
1	203
0	0
4	662
0	662
14	616
0	0
34	140
0	0
0	0
0	0
4	699
388	735
4	257
5	21
64	11
5	450
17	254
0	52
8	297
0	63
1	20
639	142
1	138
3	82
1	0
0	0
0	0
0	0
0	0
0	0
1	0
0	0
86	0
0	2
6	14
0	12
4	12
0	12
0	0
0	0
0	0
0	0
0	0
0	0
0	0
0	0
888	3
0	1
0	0
1	0
2716	717
0	717
19	444
0	396
0	5
7	375
2	293
13	322
11	64
3	1
0	1
0	0
127	374
3	136
3	193
1	132
1	23
1	53
0	0
1	1267
0	1293
29	1285
0	30
0	8
0	600
0	40
5	21
2	600
544	1740
1	1472
32	519
44	145
30	1
22	0
21	10
7	326
5	124
2	89
2	231
15	34
2	29
1	42
0	0
1	0
3	2
7	14
2248	2
2	0
12	0
143	0
0	0
4478	297
4	84
4	13
23	219
2311	467
3	0
0	263
786	204
20	0
1582	80
2	0
89	74
0	0
301	0
1105	111
5	446
1	183
47	122
8	80
0	212
1	95
2	34
19	105
1	47
0	0
51	4
88	0
2889	506
12	91
535	686
0	516
1	512
8	52
0	66
0	106
0	38
4	142
24	152
0	0
2	228
4	98
42	102
5	177
0	9
0	0
0	0
0	0
62	3787
5	5223
0	4684
13	172
5	1316
837	1316
72	158
15	373
75	373
2	0
1231	474
163	474
0	0
8	0
0	0
0	0
0	0
0	0
0	0
0	0
0	0
7	2
0	2
0	0
0	0
0	0
2	44
0	0
0	0
0	0
0	0
0	0
2082	0
9	96
7	65
0	5
46	41
0	0
0	0
0	0
0	0
0	0
0	0
19	0
0	0
2	4
2	4
0	0
0	1
0	1
0	0
0	0
0	0
0	1289
0	1289
0	1190
0	1018
0	736
4	4
6	986
3	87
0	9
8	12
3	92
0	57
0	145
2	54
1	0
9	34
0	0
0	0
0	91
1	0
0	45
6	5
0	0
0	0
0	0
9	100
0	0
0	0
0	0
0	0
0	0
0	0
0	0
0	0
0	0
0	0
0	0
1	6
0	2
0	0
0	0
0	0
0	0
0	0
0	0
0	326
0	326
0	0
0	0
0	0
2	4420
106	4509
172	4509
0	0
0	0
18	2383
3	2139
0	1989
0	0
0	0
0	0
5	0
648	10847
1	10761
0	0
43	16
1	16
4	10
83	1219
24	1215
9	1225
0	368
5	180
5	41
281	0
58	5
0	0
86	619
0	628
0	601
1	598
0	598
0	587
0	623
0	602
0	579
0	451
0	457
0	33
0	0
0	0
0	14
0	18
0	57
0	23
5	37
0	3
1	6
0	0
2	0
0	0
0	0
0	0
64	1816
10	1816
39	1154
0	0
0	0
0	0
0	0
0	0
0	0
0	0
0	0
22	112
1723	2575
1	112
4	2430
0	390
6	494
17	238
66	388
0	34
0	2405
4	147
5	523
0	121
8	266
0	0
0	0
0	0
0	0
0	0
0	0
0	0
0	0
7	1
41	2
0	2
0	0
4	0
0	0
0	0
0	0
1	0
56	0
76	458
28	746
5	1624
0	1959
4	1975
95	2003
90	538
6	36
9	155
32	488
2	190
8	153
1	13
0	0
0	10
0	13
0	0
0	13
0	0
4	157
0	157
0	79
0	40
32	15
2	11
222	126
1	116
0	33
0	43
0	43
0	24
1258	766
0	0
2	77
3	168
32	647
0	180
0	128
0	102
0	266
0	79
1	213
1	240
4	235
0	68
1	0
0	0
0	399
24	494
8	190
2	311
2	10
0	0
0	0
0	0
55	266
0	248
0	267
0	136
20	28
0	226
195	0
163	15
0	15
0	0
281	7
2	7
0	0
0	0
0	0
2	0
0	0
0	0
0	0
0	0
0	0
4	691
0	585
0	447
7	59
2	671
0	187
0	0
0	0
0	0
0	0
0	0
0	0
2	2
0	0
0	0
0	0
0	2
4	2
0	1
0	1
0	1
0	1
1	2
6	50
0	38
17	38
0	0
0	3
0	11
0	0
0	0
0	0
0	0
0	0
4	0
0	0
0	1327
2	1685
0	0
0	7
29	1127
999	2
9	1134
1	3
3	905
8	610
101	369
1	109
30	369
4603	527
8	186
0	339
108	2857
0	2838
0	2956
0	165
70	2146
0	1977
0	1507
2	2
1	149
6	129
0	0
0	0
3	308
22	493
2	222
3	8
6	6
0	0
194	33
13	12
35	0
2	117
0	0
51	765
0	758
0	40
0	327
0	34
0	5
4	23
54	718
0	560
0	713
0	702
1	317
0	31
10	74
9	3
0	0
0	0
782	0
0	29
0	447
0	180
0	230
5	432
5	432
0	0
0	230
0	230
80	397
6	447
0	0
0	0
0	0
0	0
0	0
9	736
0	0
0	0
1	190
0	1106
2	0
0	23
0	23
0	22
0	1
0	4
0	1
0	10
0	0
0	10
0	1
0	10
0	6
1	1
0	1
0	1
0	1
0	0
0	0
0	0
6	77
1	77
335	0
0	3
0	3
7	0
0	0
132	0
0	2
1	2
0	0
0	0
0	0
520	24
1	24
4	7
1269	0
0	4
0	4
20	0
0	4
2	4
5	7
0	7
0	1
0	8
0	2
0	6
0	6
0	0
0	0
0	0
502	4631
183	4631
0	0
25	0
0	0
2	12641
0	12649
2	12660
10	4950
0	1321
2	4562
0	3499
0	4427
1	2146
0	3655
0	12127
40	6858
18	10355
1	2388
98	0
12	5283
4	3
0	3
1	0
0	0
32	8781
0	8781
687	8714
36	7811
152	6715
9	128
7	0
0	0
9	294
20	867
8	810
3	481
0	251
9	117
3	64
0	0
0	0
9	167
10	280
0	234
0	188
0	0
0	0
1045	330
0	330
0	0
7	128
4	307
19	296
0	0
0	0
0	6
0	6
0	0
0	0
0	0
0	0
0	0
0	0
205	174
14	177
2	42
6	0
3	0
0	0
0	0
0	5
0	5
0	6
0	6
0	6
0	5
0	2
0	0
0	15
1	37
0	12
1	15
0	29
7	260
92	265
0	50
1	5
1	0
8	10
4	0
4	3
0	8
3	7
0	2
171	129
0	0
0	65
0	91
1	7
0	7
0	6
0	5
0	6
0	1
0	0
0	1
10	0
208	382
0	0
0	51
0	22
1	0
929	2451
12	188
28	504
5	1322
82	900
11	805
11	0
98	584
0	528
2	114
9	64
16	3135
8	2642
0	2918
0	2409
4	2371
1	1573
2	2281
0	2842
13	1534
3	2149
2	1605
6	1479
0	538
3	455
55	446
0	26
0	20
1	6
126	0
705	0
13	1703
3	1535
2	1371
0	1786
1	1545
0	1650
2	2017
2	1999
0	276
2	42
3	44
0	214
8	227
37	122
551	0
1	1
1	263
20	257
2	244
0	252
0	52
3	256
0	31
4	160
10	160
0	23
21	62
19	34
1	21
0	15
96	4180
37	4180
18	4180
3	3
0	4
0	2
0	1
0	1
0	0
16	0
23	1509
0	2718
0	2824
0	2786
0	52
0	320
7	177
1	269
0	163
3	27
0	116
0	7
0	0
81	3007
0	3069
0	3136
10	20
5	625
3	548
15	378
12	311
4	69
5	55
22	0
0	0
0	920
7	949
0	834
0	831
4	58
5	162
1	167
0	68
0	9
0	10
15	0
5571	148
0	13
5	13
0	13
5	2
0	2
0	35
0	36311
0	36518
0	35977
19	36522
0	35995
72	36500
318	36504
27	36501
0	36490
24	36545
0	36491
38	36748
0	36506
4	11162
0	6999
0	5259
0	4925
1	4943
0	4683
0	1
0	13
0	0
0	0
1	15
8	138
11	704
6	661
0	724
0	48
0	1
1	107
16	160
820	469
0	0
4	324
0	0
1	2
0	2
0	2
0	1
0	0
0	2
0	2
0	0
2	39
5	8
2	33
0	2
0	787
3	50
0	793
0	65
3	25
4	27
1	112
16	515
4	61
0	78
8	26
67	600
1	600
3	0
24	1336
0	1283
0	1185
2	237
0	86
0	145
0	413
0	246
0	87
5	195
0	360
0	136
5	621
241	3247
16	3280
3	1510
0	1287
2	22
1	155
39	1413
0	214
0	480
0	739
0	892
0	345
27	694
15	599
0	116
2	157
0	224
0	365
18	266
47	73
11	1358
0	1362
0	1439
0	358
1	172
1	1194
0	163
0	348
3	329
13	146
3	377
2	357
0	187
0	144
45	0
186	9
0	5
2	10
1	0
0	0
0	0
0	1011
19	306
52	1528
71	1154
0	77
0	302
0	1011
14	903
0	140
0	0
29	69
8	72
3	4
1	43
3	96
0	101
1163	447
6	215
3	232
6	104
2	17
2	17
1	506
21	445
3	545
0	604
0	646
0	568
81	48
4	441
2	109
0	541
0	40
1	12
1	121
6	213
4	200
0	83
52	639
13	214
1	200
1	142
0	261
0	178
4	57
12	20
2	7
0	72
2	123
0	95
1	1
0	1
0	0
0	1
0	1
1	388
0	394
2	379
0	72
0	39
1	21
97	363
5	363
0	931
0	878
4	768
0	857
5	122
0	846
17	116
0	593
40	0
6	785
44	7
11	76
0	266
10	165
6	433
0	48
0	226
0	291
0	709
1	571
0	2305
27	2409
1	2327
0	170
0	1529
1	190
1	202
0	293
1	259
3	352
2	138
3	218
0	260
0	16
1	115
1	207
6	99
218	4929
509	5094
3	245
32	1741
4	1402
7	1147
3	1464
1	1838
1	2076
3	26
104	344
1	53
0	31
0	289
0	34
1	39
0	39
1211	347
28	870
152	751
23	719
0	16
4	143
0	170
0	151
1	159
1	94
0	1
0	115
0	108
0	117
0	17
0	0
0	0
24	1198
10	1221
1	59
1	1024
1	816
3	194
0	246
8	20
0	498
0	463
1	56
0	207
12	108
0	217
0	182
0	199
0	159
0	153
0	17
3	119
104	44
0	26
0	8
0	10
0	163
4	126
3	140
0	3
3	131
23	537
0	432
3	337
20	483
0	16
0	451
0	76
0	507
0	462
8	3
0	1
0	2
26	178
1	180
0	181
2	160
0	56
0	25
0	710
0	676
0	716
0	676
2	39
43	417
5	66
1	22
1	10
9	24
2	4
0	3
0	0
56	513
0	485
7	333
1	39
4	908
1	915
0	40
0	66
90	97
62	915
1	48
1	337
52	322
0	272
13	321
622	17104
11	17104
13	8893
24	68
0	68
0	13
3	0
2	0
15	392
0	410
17	302
12	282
0	0
0	0
0	0
0	0
0	0
0	0
0	0
0	0
0	0
1	44
3	18
0	3
96	47
0	15
0	0
43	2
0	0
0	2433
0	2385
0	986
0	673
0	303
8	659
0	644
0	53
0	126
19	213
0	0
0	0
0	458
0	422
7	280
43	0
16	70
4	128
53	0
0	0
0	0
0	0
0	0
11	481
14	476
0	270
2	0
10	14
0	7
1	253
8	259
1	26
27	0
1	21
0	3
0	3
0	0
0	0
0	0
0	1
0	0
434	4
2	0
348	31
1	26
0	0
52	0
0	0
26	12
0	1
0	1
0	1
0	0
0	3
0	3
0	0
1	5
15	23
1	0
0	0
0	0
4	197
1	191
0	82
0	65
5	0
0	3
0	3
0	0
0	0
0	0
33188	11911
21	555
25	1577
0	2422
120	7016
114	5510
0	4985
1	3224
256	2918
0	0
1	124
7	456
185	1237
27	1031
5	40
48	376
5	232
4	109
0	68
0	99
1	15
1728	1833
9	462
2	0
21	144
1	180
1	817
4	770
72	607
0	174
0	0
0	0
0	169
74	169
5	44
0	37
0	0
0	0
0	0
0	0
15	70
0	38
0	58
1	7
0	14
2	28
83	229
0	220
0	27
0	0
0	51
0	579
20	56
0	48
0	579
0	240
0	33
0	33
0	29
0	0
0	0
0	5
0	5
0	5
0	0
0	0
1263	1385
62	1387
3	42
0	1453
8	1444
0	460
0	1441
32	1443
0	0
0	160
138	274
0	289
1	243
1	160
0	184
0	100
1	100
0	84
50	127
1	70
0	1
0	1
0	0
0	1
0	0
0	1
0	0
27	44
0	44
68	561
8	548
2	555
4	62
1	0
3	0
25	4
0	4
2	0
172	34
0	22
0	12
46	0
154	188
6	8
0	164
0	48
0	12
0	4
0	3
0	11
0	51
35	38
2	106
0	0
0	50
40	74
1	74
0	0
0	5
0	1
46	7
0	7
4	1
1	0
286	757
0	690
0	68
2	39
1315	0
2239	0
9	0
129	1005
0	1005
2	62
5	196
0	0
3	102
0	187
0	178
0	149
0	182
0	178
14	204
0	16
0	59
3	17
2	36
0	0
26	26
1004	1250
1	1250
190	204
0	190
5	67
10	42
0	0
0	1659
1	1658
1	0
2	0
0	263
1	1733
16	741
24	1549
0	119
0	0
1	324
3	190
0	0
0	2
0	2
19	0
10231	0
170	407
0	407
0	213
0	0
3	0
0	462
7	414
3	156
0	71
1	176
3	114
0	48
27	39
0	0
441	4925
43	1383
0	78
97	3542
0	0
0	24
26	1108
1	1084
23	37
2	49
3	241
0	0
10	34
0	112
0	27
0	30
0	34
0	13
0	13
0	14
0	10
1	7
0	1
0	7
0	13
0	8
190	833
11	453
3	470
21	195
0	10
0	30
0	30
0	10
1	3
0	0
0	0
0	0
0	0
0	0
2	0
8	819
0	980
8	692
9	457
0	653
28	169
0	224
0	761
0	265
12	192
0	185
34	348
1	0
0	0
0	3
55	1153
13	962
0	120
0	64
34	498
11	341
3	350
1	346
0	344
0	346
3	21
0	73
0	0
0	41
1	52
0	52
5	52
1	0
1	2
0	510
42	510
5	510
4	53
3	1189
0	1165
1	1120
0	207
21	32
3	136
0	0
0	156
1	28
501	849
16	174
43	836
272	693
3	73
50	349
0	478
3	343
2	181
0	144
0	0
0	77
0	128
0	39
0	0
0	0
2	0
0	0
473	0
33	7035
96	7033
1129	3216
824	2971
0	5
0	3
0	5
0	0
0	0
0	0
34	27
0	23
0	25
0	21
0	21
0	17
0	0
1	5
6	5
1	2
13	15
0	8
306	46
1	46
1012	1837
16	1105
6	1788
1454	37
0	0
762	674
1	0
0	55
2	157
5	119
3	183
0	138
1	157
1	193
5	78
0	1978
4	1921
14	1899
0	2032
1	2063
12	548
0	46
0	133
1	0
0	19
3	0
56	0
0	272
57	381
3	99
16	167
0	85
0	0
0	123
0	123
0	20
0	63
0	154
795	987
174	899
6	920
0	173
0	46
0	37
2	55
2	51
0	0
0	0
28	31
0	394
0	845
1	152
0	1638
0	1758
0	1935
4	593
1	824
0	1834
40	178
19	1673
180	1395
2	1612
2	581
92	302
2	413
0	188
51	682
3	18
0	243
7	414
1	433
106	410
0	101
0	74
2	26
0	29
0	6
0	0
145	70
0	0
0	36
1	3
18	40
0	0
28	23933
75	3996
135	20187
260	21419
10	0
0	1
28	8041
2	7320
52	1939
0	0
0	0
21	38
283	71
0	21
0	33
7	12
889	66
2	57
2621	0
0	0
0	9
3	1599
1	41
4	1242
2	22
9	1365
0	565
79	142
0	19
3	35
237	3858
0	1079
107	3289
255	134
2	80
1	74
2	7
0	7
0	0
0	0
0	0
0	0
0	0
0	0
0	1
0	1
0	0
0	0
2	23
0	21
33	22
0	0
0	0
2	0
0	0
642	0
0	0
0	0
3135	2448
0	0
32	1296
1	1955
5	1289
14	10
10	0
1	0
37	100
33	60
3	457
0	0
27	1499
0	1135
14	30
4	1202
0	400
0	523
0	982
2	478
1	260
0	1
4	0
1	84
0	173
415	2298
7	201
5	189
0	228
0	176
4	226
1	249
0	0
2	1586
19	637
1	541
17	349
2	668
2	215
1	233
2	147
0	811
0	834
0	834
5	742
0	745
1	367
0	72
8	33
3	4
0	89
6	6
0	0
3	45
27	0
0	2
0	2
0	0
20	0
0	1
0	1
0	1
1	0
817	505
0	496
0	73
5	324
0	95
0	0
9	14
1838	2374
32	1894
0	581
41	0
4	257
86	0
1	10
195	290
0	46
3	72
7	21
0	258
0	162
0	65
11	0
26	0
445	1144
0	250
9	851
0	0
119	65
8	645
0	0
0	8
30	0
113	343
1202	2309
0	0
21	1460
0	0
6	124
4	12
0	53
2	0
0	280
32	320
0	279
0	0
0	1157
1	793
9	1096
0	1078
0	1057
0	249
2	31
0	43
2	2
0	69
0	3
4	26
1	82
1	20
1	14
1	5
2	5163
213	5152
2	4269
1	243
6	1417
31	948
0	752
6	889
1361	912
5	184
20	838
9	520
0	0
0	0
30	397
0	0
0	0
32	36
1	0
0	40
17	395
0	18
0	3
7	57
0	1
1019	151
0	148
46	90
3	89
0	0
421	810
22	490
0	412
5053	5983
6	332
11	50
2	1523
1	597
4	243
7	0
23	864
15	1179
1	759
2	2097
93	233
0	101
0	142
0	20
5	115
3	47
0	8
1	0
0	1
0	38
0	592
0	491
1	655
4	161
0	154
0	316
1	30
0	252
2	228
0	197
2	9
0	0
11	532
0	0
0	77
1	745
2	791
4	412
0	177
0	112
0	107
7	862
18	866
1	111
1	229
0	199
1	50
7	136
1	193
0	90
0	411
0	67
583	1605
0	1057
0	767
13	110
0	0
0	0
0	0
1	0
0	0
0	0
0	0
0	0
0	0
13	227
0	8
6	3
78	213
0	63
0	210
0	62
805	4583
7	4185
73	1170
178	1329
1	570
0	384
116	0
2	555
0	0
3	6
0	6
0	14
1	15
0	1
0	1
9	0
48	150
0	117
5	64
2	31
0	37
0	30
0	6
1	6
0	50
0	60
0	36
0	9
0	60
0	21
0	16
2	15
0	6
5	0
84	2569
12	323
13	837
4	786
3	392
13	1153
15	936
9	722
0	1013
0	294
0	3
0	1602
0	4
0	59
0	815
1	59
0	0
102	2178
24	1690
10	626
3	263
1281	1903
12	1699
0	605
48	782
0	1630
2	1575
116	142
8	216
3	212
0	60
3	42
0	16
3	18
0	33
0	0
0	368
0	475
0	318
0	341
10	216
0	87
0	0
0	0
0	0
0	5
0	0
0	0
0	0
6	206
0	51
0	87
0	175
0	0
0	85
0	51
0	51
13	31
0	0
0	0
0	0
3	285
0	0
0	0
0	0
0	0
0	45
0	139
1	175
5	218
0	197
2	74
0	141
0	0
0	0
0	0
1	0
0	0
505	1014
506	521
52	496
1	0
48	72
12	74
0	0
0	0
1	0
55	14
12	14
0	0
0	0
0	0
0	0
0	0
0	2
0	2
0	3
0	0
0	126
0	122
0	30
0	14
0	0
146	8495
8	8495
1	447
24	330
0	38
14	0
0	0
0	0
0	0
55	91
1	88
0	87
0	85
0	45
0	4
0	337
0	38
2	185
0	969
2	665
11	256
0	320
0	11
67	885
13	115
0	0
18	225
49	64
0	64
1	47
0	130
0	93
1177	841
0	197
0	343
14	145
7	199
9	317
115	3130
9	3051
1	389
20	29
62	461
14	378
35	1
1	3096
210	3096
31	1092
94	0
1	0
41	643
0	650
1	56
3	18
0	0
328	2804
0	1119
48	2754
2	340
23	57
18	2
254	94
0	79
88	117
1	24
93	3829
6	3819
2	3818
9	3754
0	3178
0	695
8	898
21	23
22	198
0	736
8	381
3	48
3	189
0	162
2	108
0	43
0	0
7	102
4	101
0	47
0	0
0	41
243	351
1	196
2	107
0	7
1	61
0	41
1523	865
3	865
89	1338
0	1338
2	142
3	1075
0	1027
0	931
25	937
4	373
0	753
83	7
0	0
0	0
0	0
0	0
0	0
0	0
0	0
0	0
0	0
0	0
0	0
0	0
0	0
0	0
0	0
0	0
0	0
0	0
0	0
0	0
55	47
7	47
0	0
0	0
0	0
0	0
10	0
0	0
0	8
0	3
0	0
1530	1401
2	1310
4	78
13	97
7	54
0	577
5	268
62	6
2	1
0	5
0	0
0	0
0	0
0	61
0	2
0	2
0	1
0	3
0	59
0	0
0	152
0	152
1	132
3	9
0	0
285	0
0	0
0	225
5	225
1	0
0	155
1	155
8	52
0	155
0	20
0	6
8	14
0	320
0	0
15	324
9	216
3	15
16	17
0	3
0	0
29	0
1203	1043
1	1043
498	2383
0	2383
30	1524
0	0
0	142
0	5
0	0
81	0
48	58
1	925
32	207
3	2
0	0
6	917
6	107
0	0
0	0
2	5
0	0
0	0
0	0
692	2041
299	1997
2	18
1180	0
0	0
0	0
0	0
1	26
0	24
0	23
1	23
0	15
0	0
0	0
0	0
16	0
134	1
55	1
0	0
0	0
0	0
3	83
0	4
16	83
0	75
0	8
198	274
2	213
8	252
1	250
5	165
0	107
135	0
609	751
0	68
2	700
9	709
5	709
0	0
0	27
20	215
0	8
0	89
3	27
9	12
0	112
13	26
38	89
2917	4137
17	4144
0	399
6	134
0	317
1	103
11	1442
3	1444
30	1352
0	216
3	2
0	0
1	1417
161	1417
0	830
0	0
0	0
0	0
1202	255
1	255
0	0
1	0
0	0
0	0
0	0
0	0
0	0
0	0
0	0
0	0
0	0
0	0
0	0
2	122
12	122
0	0
0	0
0	0
0	0
0	0
0	0
0	0
0	0
750	2373
11	2385
15	0
115	1918
0	240
21	100
863	941
3	27
3	315
10	385
1	308
0	105
1194	0
0	0
1120	243
1	243
9	3
0	3
0	1
0	0
0	0
0	0
0	0
0	1
0	1
0	0
0	0
0	0
0	0
0	0
0	0
0	0
0	5
3	6
0	1
0	5
0	5
0	5
3	5
8	5
0	680
2	2195
23	2013
3	1251
51	1418
74	1265
0	280
85	380
503	380
83	1149
1	287
1	184
0	890
5	75
0	22
0	77
1	68
0	34
0	59
33	160
0	269
0	290
0	264
0	255
5	266
1	123
0	58
9	14
0	20
0	36
0	36
0	16
0	10
0	2
3	3
3	99
10	104
2	14
0	9
33	1210
0	12714
237	12714
8	717
6	916
3	1059
3	95
0	0
7	254
2	167
4	169
1	89
1	95
17	112
0	119
0	0
1	28
30	264
19	176
0	821
0	833
0	774
1	638
34	63
103	94
11	3807
45	3706
3	3618
3	995
2	157
0	161
4	309
0	112
28	244
0	255
1	370
16	395
0	0
0	311
5	0
0	0
0	0
0	0
0	0
0	0
0	0
3	815
17	791
2	626
0	785
0	73
0	125
1	8
2	84
2	35
11	2893
0	3077
48	2889
8	2964
2	209
0	219
3	693
10	66
0	368
0	217
3	55
5	287
3	384
0	235
7	219
13	144
2	8
2	19
0	21
0	16
0	16
0	13
3	9
0	2
0	2
0	2
0	3
0	3
4	57
0	612
1	21
0	6
1	0
0	168
0	697
0	567
6	713
12	350
14	82
39	249
4	262
1	98
24	0
50	5
0	5
26	484
1	484
3	85
0	0
3	3
0	0
0	3
5	0
3	250
1	22
5	170
0	0
0	39
1	120
1	34
3	20
3	5
0	137
0	68
0	0
0	0
0	0
0	0
8	125
0	92
1	104
0	61
0	34
0	30
0	28
0	3
0	41
2	26
1	13
0	0
3	0
0	0
0	0
0	0
133	2872
5	2872
0	0
0	0
1	213
20	213
0	0
3	66
0	44
5	22
0	0
0	0
7	1224
13	118
0	0
0	0
0	0
0	0
0	2910
0	2856
0	2868
0	2829
2	2827
11	271
0	276
0	24
0	0
0	0
26	0
0	0
0	0
0	0
0	0
860	20
3	0
5	0
14	20
22	0
0	0
0	0
0	0
523	519
3	330
0	30
0	187
36	60
0	20
5	0
0	0
0	0
0	0
0	0
0	0
1	0
0	0
0	0
0	0
0	0
0	0
0	0
0	0
0	42
0	189
1	186
0	143
4	0
1	11
0	0
1	11
0	0
0	0
0	0
0	0
1	0
0	0
0	0
0	0
0	0
1	43
79	186271
517	1008
0	1038
13	402
39	363
43	363
0	0
0	523
0	680
0	266
10	419
19	39
5	179
8	229
136	64
6	284
12	972
0	973
1	280
1	938
15	19
8	38
3	316
5	316
0	0
3	0
0	0
0	0
0	0
0	0
0	9
1	9
0	1
0	0
93	59
2	59
0	4
285	587
6	326
2	580
3741	1359
0	940
1	109
5	346
29	47
355	47
0	0
0	0
0	35
0	0
0	0
0	35
2	37
0	37
0	0
0	0
0	0
0	0
1	0
0	0
0	0
25	0
350	1784
83	14
3	1382
4	17
1	1728
8	47
0	211
0	0
2	0
0	0
24	32
0	0
0	0
0	0
0	0
1	0
0	27
0	0
0	0
3	0
3	0
229	27
24	211
2497	1195
32	21
54	959
0	1
356	1640
67	5438
0	5160
1	424
1	396
36	27
0	0
0	0
5	3978
45	3934
42	1473
6	152
231	967
70	218
70	118
0	0
4424	2073
927	2075
1	0
0	0
0	0
4	550
20	550
0	320
0	319
0	62
0	0
0	0
0	0
0	0
6	84
0	84
5	35
0	0
0	4
2	35
2	6
1	0
553	78
4	13
0	64
8	4
0	4
0	4
4	496
4	482
1	460
0	457
0	169
0	342
0	87
31	352
17	26
2	48
0	6
0	33
0	73
0	75
0	0
0	34
1	20
0	0
1	13
0	173
500	279
1	13
0	217
0	507
0	533
1	539
8	187
0	492
0	513
0	521
2	507
0	450
31	501
4	226
0	66
0	85
1448	180
8	69
0	107
0	64
0	21
0	9
0	0
3	118
18	398
0	424
1	78
3	132
1	43
0	50
5	165
8	1
0	6
0	6
0	1
0	0
0	0
0	1
0	1
0	1
0	0
0	0
462	1019
15	680
7	953
101	906
0	98
9	331
0	0
5	1
62	21
5	44
0	25
0	275
0	275
13	0
0	31
8	275
380	307
7	299
22	307
0	307
11	0
0	0
0	0
0	0
0	0
0	0
0	0
0	0
0	0
0	0
0	0
0	0
0	0
0	0
0	25
0	25
0	0
0	0
0	0
0	0
0	0
0	0
0	0
0	0
0	0
0	0
0	0
0	0
0	0
0	0
0	0
0	0
0	0
0	0
0	0
0	0
1	0
0	0
0	0
0	0
0	1
0	1
0	0
0	0
56	1651
0	1546
5	1338
0	1343
4	0
0	0
0	0
7	320
1265	997
0	141
6	750
0	844
0	268
0	142
0	165
0	122
39	153
61	0
12	0
7	5899
1	0
36	3477
8	4206
0	3787
0	232
5	401
2	14
1	0
0	48
27	1411
2	10
3	1347
0	1426
17	1193
1109	1261
8	1255
22	1161
0	297
6	84
1	134
13	0
0	14
34	14
0	14
0	0
11	3
0	3
1	208
80	206
12	16
4004	272
1	81
1	187
8	11
0	14
0	14
0	13
0	14
0	14
0	13
0	0
0	0
0	0
1	1
0	0
663	1024
1	1
2	674
2	687
0	424
0	307
5	1
4	7278
1	7317
2	370
0	143
10	204
0	0
24	0
0	35
0	40
3	31
0	22
0	26
0	16
0	18
0	18
2	1
16	4
0	0
0	4
8	383
26	345
5	74
0	36
10	26
0	35
0	39
27	0
2509	10906
0	5351
6	1944
7	0
1	0
1	0
2012	5643
0	0
3	0
2	0
0	1
2373	10871
18	3563
3	153
0	180
19	180
3	21
0	0
5	128
0	135
5	27
1	25
0	0
1	29
4	13
0	0
2	1
2121	1
0	204
0	176
1	306
414	414
1	137
15	412
0	80
0	0
0	0
123	47
0	7
0	0
7	40
73	1411
2	1080
8	1305
5	54
3	110
2	197
9	93
0	122
1	267
4	104
0	1
3	1
0	0
16	0
0	0
0	0
0	0
0	0
2	30
5	405
0	320
4	312
0	113
0	413
0	378
0	351
0	411
0	84
1	63
0	23
0	92
0	93
0	101
3	625
0	658
25	657
4	27
4	16
1	0
0	0
12834	6607
19	5326
24	5561
0	3228
6	4997
15	5314
2	4122
0	5518
40	136
18	2421
7	2620
55	555
0	0
141	21
0	9
0	3
0	0
0	12
0	0
0	0
18	132
61	132
0	0
0	377
38	371
0	373
0	102
0	46
3	22
0	0
0	0
0	10
0	8
0	8
0	7
1	8
1	1
0	0
0	0
8	2106
8	2120
5	429
0	125
64	641
1	591
7	468
4	473
0	47
0	241
0	232
0	282
0	231
0	19
0	5
0	0
0	0
0	1
0	0
0	5
177	480
5	0
0	412
0	55
1	58
0	0
3	118
1	157
1	54
2	67
4	0
633	664
0	664
1	76
1016	34
2	34
14	983
3	458
111	971
5	169
2	303
5	61
0	0
21	13006
69	13688
21	171
26	2
0	0
8	0
0	0
1	574
151	260
20	1
5	1
5	0
13	0
1	2
5	0
0	0
0	0
1	0
0	0
0	0
0	0
0	0
0	3923
14	0
1572	4019
4	1914
0	530
45	366
2	3840
0	1315
1	181
0	578
1735	1678
0	0
1	0
36	1672
1	11
0	0
9	24
4	38
359	419
1	224
5	23
0	39
2	4
0	173
0	202
0	284
0	40
0	0
0	0
0	2
1	640
0	615
0	655
0	70
1	931
1508	1231
6	556
1	197
17	32
6	63
0	62
4	166
0	166
0	0
1	1
189	760
531	760
1	227
4	219
0	228
2	115
9	129
1	63
1	0
0	0
0	0
6	0
1	727
0	648
12	15
0	341
0	613
58	302
0	627
2	159
0	55
0	89
390	0
0	15
0	336
0	314
0	178
0	39
4	11
17	32
58	19
0	8
3	362
0	361
5	395
4	325
0	126
0	137
0	117
0	41
14	36
3	43
0	23
0	0
36	0
7	0
13	0
3624	727
9	529
0	715
13	0
77	1784
3	1476
8	1489
1	637
5	387
9	272
0	111
0	94
0	95
5	65
0	22
0	27
0	16
5	0
0	0
0	945
124	1736
18	943
2	660
5	631
0	600
1	549
9	225
2	125
32	3836
28	3837
0	2578
3	1
1	7
1	7
4	3
0	3
0	1
39	55
0	4
0	3
0	51
2	0
0	7
0	3
0	0
0	0
0	0
0	4
0	0
0	11
0	10
0	9
0	9
0	0
0	0
0	11
0	0
0	8
1	0
0	0
0	0
0	1
0	0
0	1
0	2
1	0
0	85
1	85
0	0
0	0
0	0
0	0
0	0
0	0
0	0
2	862
0	2
0	1
0	491
4	499
3	491
0	500
0	0
0	38
0	860
2	66
1	69
2405	0
0	0
0	4
0	0
0	4
0	0
139	0
3	774
5	3
18	777
41	26
733	176
4	119
5	175
0	2
3	2
7	0
2	0
2	64
0	73
1	66
0	0
4	15
0	0
0	0
0	0
0	0
0	0
20	0
3	0
10	0
2	0
0	1904
498	9177
256	8498
145	8
0	0
0	1
0	0
1	2
0	0
2	2
0	2
0	0
0	0
0	5
313	31
0	31
0	0
463	0
0	0
13	0
0	0
0	0
0	0
0	0
0	0
0	0
0	0
0	3
0	3
0	3
0	0
0	0
6	57
0	0
22	271
0	266
0	0
0	0
7	0
0	0
0	0
0	0
0	0
0	0
0	0
0	0
0	0
6	0
0	0
0	0
0	0
0	0
1	0
0	0
0	0
685	0
9	2
0	2
0	0
0	0
15	0
130758	5805
43	0
25921	6
7828	3820
11	3659
5	742
6	161
13	590
0	69
2	668
0	662
3	654
4	24
0	9
0	96
1	26
2	893
15	975
0	198
2	90
286	0
19	22
0	22
134	683
0	183
2	613
0	432
1	115
0	329
0	173
0	83
0	43
1	216
0	258
2	178
0	168
0	211
1	121
0	65
0	39
3	53
0	10
0	8
0	21
0	13
1	21
0	128
25	2826
3	2481
1	463
13	433
0	401
0	2613
1	131
1	279
15	57
9	95
5	2419
0	15
170	51
0	34
0	7
1	7
19	548
29	517
0	115
5	0
3	0
0	0
0	7
0	0
665	0
1	0
45	1049
0	78
2	1050
7	38
0	0
0	53
5	117
0	24
0	47
2	44
182	1879
0	782
0	1087
0	376
0	1250
0	177
0	1039
5	739
18	588
13	146
2	467
1	368
0	325
0	162
7	50
12	55
0	311
0	141
7	502
1	666
3	64
0	227
1	569
0	64
0	86
0	227
0	166
0	150
0	255
0	236
4	86
0	0
0	1
0	1
0	0
0	0
0	43
7	2277
2925	2527
0	290
2	43
0	147
0	0
0	0
0	0
0	0
0	0
0	0
0	359
86	2161
134	2057
27	2161
3	1983
0	1341
0	2895
2	1064
0	2380
13	400
0	1078
0	1933
0	2225
0	2372
0	842
0	1967
47	2882
0	1131
0	1505
0	1265
1	1491
0	878
0	757
0	801
3	809
0	1069
0	866
4	730
0	500
0	1123
0	418
6	782
0	1632
6	113
0	4
65	87
34	509
8	243
0	250
1	250
1	0
0	7
0	3
0	1
26	3
0	4
0	536
21	156
0	433
13	257
1	68
0	118
0	657
10	77
3	335
1	122
27	272
1	107
0	300
8	76
0	4
0	200
9	4
1	195
0	35
662	408
5	388
4	209
0	211
31	82
0	60
0	99
0	42
0	44
3	7
1	15
0	0
5	14
5	5
0	5
0	3
370	2572
0	1210
24	863
0	54
0	0
21	773
0	206
0	536
17	633
0	65
2	473
1	216
0	222
8	0
0	0
0	0
0	0
0	0
0	0
0	0
0	0
0	0
0	0
0	0
0	0
0	0
0	0
0	0
0	0
0	0
0	0
0	0
0	0
0	0
0	0
0	0
0	0
2	0
0	0
0	0
0	0
0	0
0	0
0	0
2	732
1	733
3	713
20	462
0	73
0	1
4375	4191
5	4189
7	1192
4	71
0	5881
28	3464
2	5948
304	5867
1	4840
2	6
0	6
0	6
0	6
0	5
0	2
0	2
0	1
0	1
0	1
5	386
12	199
198	2168
18	2161
0	0
0	0
3	0
0	80
1	80
3	75
0	1637
128	1658
0	0
4	66
7	28
0	0
0	0
0	0
0	0
0	0
0	0
0	0
0	0
0	0
0	0
0	0
0	0
2	449
2	397
0	472
0	140
0	198
10	222
0	265
0	42
10	257
1	20
4	4
0	4
0	0
0	0
0	0
0	0
0	3
0	0
2	0
0	0
0	0
0	0
0	0
0	2
0	261
0	0
0	0
0	0
0	0
0	0
0	0
0	1
0	0
0	0
0	0
0	0
1	0
0	0
0	0
0	0
0	0
0	0
0	0
0	0
0	0
10	68
3	68
3	64
2	0
23	854
31	881
0	612
2	867
1	293
0	94
27	578
3	0
4	0
0	0
0	0
0	0
147	0
0	3
166	348
1	156
19	212
9	16
0	225
5	277
5	367
2	70
5	551
0	1260
3	72
17	186
0	1197
0	65
0	135
8	447
1	20
0	24
0	71
20	44
0	44
0	24
3	6
0	87
0	0
230	158
0	0
4	21
2	146
0	99
5	0
0	0
3	0
0	0
10	52
0	72
0	32
0	52
0	30
6	378
16	540
0	479
2	165
13	118
17	56
18	71
4	54
4	1
19	1
0	0
0	0
0	0
0	0
1	0
0	0
0	0
0	0
0	0
0	0
0	0
2413	382
1	153
0	172
0	0
1	192
0	0
558	4006
3	4006
52	95
0	122
0	196
0	1942
0	104
0	264
95	0
0	0
0	0
0	829
49	751
0	824
4	0
1	364
3	365
11	10
1	0
0	4
0	0
262	100
0	100
1	88
18	264
0	12
0	261
0	18
2	3
0	150
0	233
49	311
4	87
52	0
128	488
1	72
5	4
1	377
0	34
3	56
1	97
0	98
0	51
402	10
0	10
1	7
1	169
8	123
1	49
8	2148
161	2112
7	371
0	899
5	243
3	210
0	217
0	175
7	78
1	76
3	115
92	976
5	0
0	975
0	139
1	171
4	971
4	604
134	952
73	907
1	943
0	717
0	156
0	0
206	2
0	0
0	0
0	0
0	0
0	0
0	0
0	0
0	0
210	180
270	180
0	2335
0	2324
20	1574
96	1112
2	66
7	134
21	304
0	220
16	0
7	305
3	142
0	246
3	281
5	87
0	249
0	436
4	75
15	152
41	291
8	35
3	203
0	52
0	87
5	9
0	24
2	5
11	11
10	7
0	2
0	0
0	7
1	1
0	0
0	0
0	0
0	0
12	141
0	19
0	151
9	121
75	191
0	19
7	63
2	76
11	0
0	184
0	159
0	101
0	36
1	3
0	62
0	32
0	45
15	26
1	18
91	4111
60	4111
82	1013
130	82
0	92
20	2577
9	2567
32	2387
0	0
16	37
0	198
15	601
0	200
1037	507
3	505
0	2
3	2
6	527
21	527
4	147
1	76
32	0
0	0
0	0
0	0
50	445
10	105
0	445
0	76
6	74
91	366
0	342
4	219
2	88
3	94
10	42
12	0
2	0
0	0
2	4
0	0
0	0
4	6
0	4
0	4
0	6
0	5
0	2
0	0
0	0
0	0
0	0
0	0
0	0
0	0
0	0
27	112
0	37
33	4
0	53
0	0
2	17
4	26
1447	1431
0	425
17	117
20	1428
0	323
0	74
0	108
0	0
4	0
0	0
660	0
1130	1748
13	908
608	213
31	1304
0	663
25	29
12	951
3938	9
0	0
0	0
3	6962
11	6651
8	6354
18	5265
66	614
59	45
30	107
0	1794
14	188
2	515
2	45
0	106
3	106
0	0
1775	223
375	223
0	0
0	111
0	0
0	0
0	0
0	0
0	0
1	0
0	0
9	12
0	12
0	12
0	1
0	0
1	0
0	1
0	0
0	0
0	0
0	0
25	12
0	12
1	12
0	10
4	9
0	1
0	0
2	0
0	0
3213	2
92	0
7	0
0	0
9	8
0	8
4	1085
0	353
1	262
49	947
3	327
68	6
0	86
1	6
0	6
0	0
0	0
6	232
3	162
0	229
5	173
109	221
0	16
1	220
6	0
5	118
2	135
27	253
0	833
0	897
3	156
0	828
1	742
0	39
3	735
0	737
0	211
4	147
2	5
0	0
2	77
3	77
0	0
0	0
0	0
0	0
0	0
0	0
0	0
0	34
0	0
0	0
106	4
0	4
1	0
2	1
0	1
3837	1607
3	1499
0	632
0	1
4	324
0	0
0	0
1	0
0	0
5	0
0	131
464	131
311	838
16	82
0	20
110	815
8	689
0	170
3	112
27	188
73	228
318	2243
1	516
7	223
20	307
1	1591
0	19
0	1464
22	81
17	437
1	1104
10	67
162	5
77	148
13	395
165	246
2	317
0	83
0	75
34	50
0	0
11	0
0	15
10	0
942	1490
8	565
0	493
1	801
0	282
29	6
1	4
1	2
2	0
337	2801
139	2783
0	544
5	360
8	354
25	295
0	0
22	0
24	296
0	149
0	147
15	101
28	86
0	54
3	70
0	0
0	0
1	0
0	1198
1	1123
8	302
4	196
70	105
0	0
0	1
0	1
0	3
2	3
0	1
0	1
0	0
0	0
0	0
0	0
0	0
0	0
0	0
0	0
0	0
10	447
5	143
9	119
94	381
6	5
48	1722
0	69
0	60
0	0
1139	1671
1	0
0	0
0	0
0	0
0	0
0	0
0	0
0	0
4	0
0	0
1	0
0	0
0	0
346	564
3	554
0	88
31	132
1	12
143	1393
5	178
22	514
78	3
0	160
0	1244
6	148
0	101
4	200
6	110
15	90
21	880
95	1028
0	319
0	87
27	0
0	0
64	46
6	28
2058	32
4	13
0	0
0	514
3	137
0	164
1	463
5	339
9	53
7	97
1025	12794
0	903
27	22
2	2218
105	11702
0	2252
253	10182
0	188
18	2225
27	148
0	3979
38	4714
35	1259
4	1444
5	791
16	68
10	148
0	0
0	115
1	38
3	152
1	111
0	8
1	4
0	0
0	0
0	0
0	0
8	4
0	3
0	2
0	0
0	0
0	1
3151	1014
0	0
50	443
69	934
0	0
7	1414
6	968
3	1157
8	188
12	1343
0	100
3	328
11	229
482	34435
66	33656
217	32219
95	3212
0	1240
122	1249
6	932
2	539
0	0
176	66
0	0
0	2630
0	2721
11	2613
719	2853
68	0
0	173
0	215
0	87
0	0
2	7
139	316
26	323
17	1032
0	0
0	0
4	1
0	1
0	1
109	2
0	0
0	0
0	0
2	14
0	31
45	35
0	20
0	0
0	0
0	0
0	0
0	0
0	2
7	407
273	830
2	655
0	470
1	342
0	0
26	0
2	0
1746	371
1	103
0	268
12	535
1967	535
0	0
4	256
0	83
1	226
8	143
0	0
618	6
0	6
86	531
30	531
0	0
0	0
28	555
45	978
1084	978
6	0
31	285
0	333
0	437
0	385
0	33
0	28
1	4106
10	3978
35	3833
70	2204
4	2542
10	2055
9	591
0	0
14	0
0	0
0	0
1117	1207
0	1287
0	1191
0	957
0	957
24	849
0	670
8	699
38	547
20	528
0	450
65	111
0	0
0	0
0	0
0	0
0	0
1	3
0	3
0	1
0	1
0	252
0	1
0	1
0	0
0	0
1	0
0	0
0	0
0	4
0	4
0	3
0	0
2	329
1	1011
0	73
2	289
0	1027
116	263
5	151
0	78
0	67
5	934
2	33
2	100
5	649
1	678
23	60
23	53
2	29
0	380
0	72
0	1
644	35
0	35
0	0
0	0
0	0
63	3505
1390	3769
103	2222
0	0
36	91
36	189
2	661
0	498
8	278
0	608
43	0
9	119
0	99
7	10
0	16
0	43
0	20
1	22
0	31
12	0
155	1972
2	1944
60	1824
14	88
1	952
0	1203
2	70
0	694
0	0
5	598
3	209
14	531
1	264
17	141
4	6
41	25
0	81
3	76
1	7
2	3
0	41
2	36
0	21
4	14
0	0
0	0
1179	4
1	0
0	102
37	137
9	105
0	105
0	16
0	99
0	31
0	94
4	67
0	63
0	94
18	262
2	300
0	28
0	3877
0	3877
4	1425
6	1533
2	774
0	590
57	678
2	76
0	0
15	0
137	87
4	3
0	87
0	29
0	23
0	5
0	3
0	12
0	19
0	2
0	10
0	20
0	12
0	27
0	5
0	6
0	0
0	19
2	2849
4	187
6	541
0	2877
1	254
9	44
1	196
2	338
0	357
2	192
0	4
0	4
0	0
18	239
1213	0
1467	247
2	134
2	184
0	0
0	27
3	29
0	18
1	16
0	5
0	6
5	1975
4	156
6	1314
24	1670
0	1398
0	303
1	64
0	422
28	108
16	1257
21	224
1	239
0	296
13	243
23	395
6	391
0	188
4	317
4	141
7	269
0	140
2	141
4	190
0	80
0	59
10	0
0	2
0	2
0	0
0	1
0	25
22	35
0	32
2	410
0	403
0	252
0	254
12	381
5	323
1	75
0	59
0	48
2	29
0	22
0	964
0	61
0	121
0	980
2	65
0	752
0	15
14	15
0	21
0	956
16	935
0	154
0	62
3	413
0	35
0	2
0	352
0	386
0	472
0	453
0	370
0	466
1	33
1	132
3	54
0	3
0	4
0	6
0	2
0	5
0	1
0	5
0	2
0	0
0	5
13	930
0	1180
0	1136
1	1146
3	204
18	54
5	28
0	29
1	287
1	143
198	197
3	60
0	44
3	162
90	146
13	82
10	11
9	12
0	13
0	0
0	1
0	0
0	0
0	0
2	92
31	389
5	842
0	13
0	82
13	842
6	93
0	420
4	387
1	406
1	282
0	15
0	0
0	0
0	0
16	16
0	12
11	1720
14	1
0	4
80	4187
0	4242
8	4278
0	3910
4	2895
0	1557
0	670
44	999
0	84
0	0
5	0
0	0
9	420
30	420
15	32
11	39
23	56
0	0
0	0
18	0
1083	2355
4	1671
3	1212
11	837
0	609
0	297
0	1
0	0
0	0
2	357
0	1
0	5
0	16
0	346
6	388
0	355
11	323
0	251
5	247
2	336
0	305
2	102
0	72
0	42
2	34
48	47
1	49
33	0
0	0
0	0
0	0
0	0
0	0
0	0
0	0
0	0
501	46
1	46
165	2752
0	2346
1	0
5	1139
10	708
0	679
0	954
0	229
0	983
14	871
0	739
0	840
22	679
0	911
0	11
0	260
0	13
0	200
9	132
1	223
255	1134
48	1013
0	352
13	54
0	24
19	750
39	116
0	199
0	0
0	0
2	3
0	0
2	346
3	372
5	153
0	121
0	65
0	41
0	91
0	66
6	7
5	22
0	23
1	44
0	43
5	24
0	9
4	6
47	54
12	57
0	10
0	0
0	483
0	461
0	0
0	0
0	448
0	478
8	139
13	441
0	478
0	445
5	32
0	44
13	17
2	81
233	2516
29	2522
170	2041
0	667
0	0
0	0
1	234
0	212
0	246
1	96
0	229
0	195
0	209
13	219
0	26
0	23
0	46
3	5
0	68
0	64
0	13
0	11
13	0
0	108
0	104
0	8
0	7
0	8
0	118
0	134
0	110
0	0
0	13
44	0
0	90
0	20
0	8
0	32
3	9
0	28
0	24
0	4
0	0
0	53
0	680
0	1280
2	2464
5	2251
1	2463
4	1384
8	180
22	569
13	194
15	575
25	84
1	390
94	0
35	431
2	391
0	67
3	0
0	2
0	81
0	1047
1	64
1	1047
8	562
0	431
2	164
102	177
42	4
26	63
56	416
1	35
0	346
0	886
6	282
168	774
5	738
1	36
41	416
2	1157
15	91
0	517
6	181
16	0
2	180
8	91
3	0
0	520
0	0
0	0
0	0
2	0
531	0
0	0
118	0
0	0
0	0
526	7
0	0
0	0
0	0
1	217
51	217
0	0
3	0
1	0
15	0
13	0
0	48
15	48
1	0
0	0
0	0
0	0
0	12
0	12
0	12
0	0
0	0
0	0
0	0
0	0
0	0
0	0
0	0
0	0
0	0
0	0
0	0
0	0
0	0
0	0
0	0
0	0
0	0
0	0
3	0
0	0
34	4108
0	4120
37	4077
0	300
0	235
0	106
3	2206
0	0
5	16
1	16
0	0
0	0
52	13
0	10
1	10
0	1
3525	595
7	513
102	7
7	151
1	314
4	1643
0	1712
115	500
0	147
3	1191
0	1229
1	57
0	227
10	53
8	60
0	109
8	91
0	93
10	108
12	2
1	0
0	0
0	909
0	983
0	1003
0	782
0	491
4	173
0	43
35	435
8	113
0	299
0	229
22	59
0	153
0	1
0	1
0	0
0	0
0	0
79	849
0	846
0	74
0	48
0	82
5	49
5	84
4	125
4	281
11	59
219	167
4	171
6	49
0	0
0	0
0	0
1401	982
0	982
0	544
0	0
4	637
167	612
0	549
44	148
90	6039
34	6308
0	1152
1	68
0	1404
3	1263
0	1051
18	671
2	1804
14	63
7	1025
13	0
0	0
165	1176
0	782
0	166
4	257
0	290
0	385
0	27
3	163
7	120
4	307
0	0
3	0
0	0
0	0
0	25
0	0
1	43
0	1
0	1
0	0
0	4
0	0
0	24
0	3
0	3
0	41
1	7
1	0
0	0
0	189
0	155
0	277
0	198
0	159
2	216
0	187
0	200
0	132
0	219
0	111
0	60
0	160
0	125
52	177
8	174
0	147
0	143
48	0
0	48
1	24
0	37
0	45
0	13
4	28
0	5
93	8183
2	597
0	7777
23	283
5	164
4	491
4	455
0	1275
7	1406
2	68
0	1203
0	1161
1	17724
6	17591
7	10945
0	18056
0	16880
0	9930
0	10294
1	1153
0	899
0	18049
14	4578
0	974
0	18107
0	1037
17	17736
0	655
2	1284
3	16328
0	1168
10	309
5	569
0	853
0	0
27	288
2	6
6	24
0	75
2	82
0	16
49	3234
34	2602
22	2922
1	2778
0	2669
24	2452
27	483
2	437
0	504
2	245
0	325
29	451
1	299
5	406
15	180
1	49
0	53
0	41
0	17
0	106
0	202
0	186
1	144
0	145
1	156
0	172
0	18
0	0
10	68
0	0
0	0
1	0
0	0
26	1507
0	0
0	0
0	0
0	0
0	0
0	0
0	0
1	0
270	1889
0	220
45	1641
22	58
23	1545
8	271
2	0
24	0
0	0
76	53
0	53
6	872
0	978
0	939
5	914
0	990
2	37
3	492
0	428
0	39
0	51
0	53
0	92
0	48
0	12
0	12
1	30
2066	163
0	116
3	85
14	85
743	0
0	0
6	117
0	37
0	132
1	1406
8	97
3	56
0	134
1	68
52	138
26	1380
1	0
0	0
1	0
0	1173
17	34
49	319
5	319
526	1700
4	1487
1	1551
1	1499
1	222
17	44
111	2024
22	1248
45	9
0	1458
0	1795
0	4
0	223
99	1385
0	0
7	320
11	308
0	277
0	277
0	267
1	6
4	6
0	1
0	0
0	21
1	19
0	0
7	57
0	0
0	0
1116	1971
21	1847
13	2049
18	389
324	10
23	231
0	213
165	263
0	147
3	3
0	0
69	3076
0	2993
0	124
0	16
1	140
34	110
0	105
0	0
0	2
0	0
0	0
0	0
2	92
17	0
0	0
3	27
0	0
6	4
0	4
1	0
0	571
1	547
4	49
28	381
0	2
10	188
0	151
10	15
68	109
3	83
1118	3049
8	3041
8	2809
0	817
0	0
0	1
0	1
0	1
0	1
0	0
0	1
0	0
0	1
1	20
0	20
0	13
1	20
0	20
0	18
0	19
6	0
0	0
0	3
0	1
0	2
0	2
0	2
0	1
0	0
11	76
0	0
0	0
2	4
0	0
0	0
0	0
0	0
0	0
1	5356
0	4608
2	4601
37	324
0	3576
1	297
0	256
3	2773
734	5211
0	1134
0	1179
0	546
0	350
35	5180
0	4500
0	409
0	1119
77	489
0	0
100	391
188	2343
0	576
7	2118
0	3
4	1569
0	1242
0	2
0	15
0	1124
1	0
32	387
1	369
0	76
1	200
0	59
25	0
0	0
0	0
0	0
0	2
0	0
0	0
0	0
0	2
0	0
2	1
0	1
9	1790
0	23
0	1792
0	68
1	921
0	0
0	0
0	0
4	44
77	44
0	36
3	20
0	0
0	4
1	2
0	474
0	0
0	2
0	4
0	0
1	0
0	137
0	455
0	475
8	281
0	0
0	0
0	0
123	0
0	0
0	0
330	47
53	47
0	0
0	0
0	0
1	0
1	0
0	0
0	2
0	2
0	2
0	1
0	0
0	0
2	47
0	0
0	106
0	94
219	711
15109	4524
196	1485
0	0
72	4372
331	217
0	1867
0	0
0	473
1	0
3	0
0	0
0	0
1	0
0	0
0	0
0	1
0	1
0	0
0	0
0	0
0	0
0	1
0	1
0	0
197	37
0	30
0	5
0	0
2	0
7	28
1	28
0	0
0	0
0	0
0	0
1	94
0	94
16	75
170	116
0	90
0	0
0	0
0	0
0	0
0	0
0	0
0	0
0	0
0	0
1	0
1	0
0	0
0	0
86	699
2385	833
33	577
10	724
0	468
1	0
0	0
0	0
0	0
0	12
0	10
1	4
0	3
0	2
0	1
0	0
294	219
0	219
0	5
12	5
0	6
0	1
0	1
0	0
0	0
0	0
0	0
0	0
0	3
0	3
0	3
0	0
0	3
0	0
0	1
0	0
0	1
0	0
0	1
0	1
990	2753
0	1485
0	2461
0	2680
0	2720
27	2650
4	406
5	111
1	0
0	0
1	0
3	1
3	1
9	0
0	0
0	0
20	0
16	0
4	0
1405	489
4	368
8	330
1	0
0	2
0	0
0	0
0	0
0	0
17	0
16	0
9	0
0	7487
0	7501
0	667
1	498
4	68
14	800
1	461
223	38
0	0
0	107
0	100
0	77
0	79
5	49
22	40
4	57
0	11
1	14
14	940
0	774
9	692
2	34
10	517
0	190
10	4
1	166
6	76
496	0
0	0
0	0
0	0
0	0
0	0
0	0
0	0
0	1
1	1
447	90
0	90
4	0
0	31
0	19
21	4925
5	4874
0	2973
0	336
1	2291
0	2037
19	75
0	0
0	78
0	78
2116	1095
39	1078
0	0
5	0
0	0
16	106
1	101
0	93
0	7
0	14
2	7
0	0
0	0
13	2
3	4
0	0
0	0
0	1233
0	0
20	0
17	2049
0	289
0	1933
0	1182
0	593
1	127
1	0
12	0
2	0
10	0
0	0
15	3135
1	2247
0	3263
3	2919
84	3253
0	2781
19	0
29	94
0	0
20	1942
138	0
0	720
0	0
2	84
21	346
7	66
24	116
4	325
7	155
40	0
1	0
5	0
10	1
1	1
0	1
1	1
744	0
631	326
5	287
0	225
0	68
700	1119
2	1085
1	258
7	0
4	738
8	832
0	4
4	0
1	0
10	15
5986	48
32	46
0	0
1	534
0	570
1	348
0	217
0	606
0	556
0	272
0	286
0	268
0	88
3	61
9	29
156	540
0	523
0	537
1	0
9	197
4	197
0	192
0	191
0	222
0	222
0	32
0	8
0	7
0	0
0	3
0	3
0	3
1345	0
0	0
0	131
0	206
25	196
5	39
0	0
0	0
1	350
0	1274
27	1274
0	0
3	32
1526	1323
68	55
4	1322
8	0
9	2
34	42
5	42
15	11
1	1850
206	2049
5	51
11	94
1	58
0	834
0	637
0	0
8	257
0	3
0	3
1	2
0	0
0	0
0	0
0	0
0	0
0	0
0	0
0	0
350	11620
0	4178
0	0
18	449
16	818
0	784
18	7471
0	45
0	38
14	1835
0	1793
0	1782
0	1880
0	4
0	44
0	1639
0	1735
0	1840
0	129
0	0
4	203
0	136
0	3
0	1544
7	269
2	21
0	399
9	123
1	455
0	66
0	946
4	201
1	0
5684	996
0	1118
0	940
0	883
0	884
0	941
0	1119
2	19
8	19
15	0
0	0
0	1398
4	628
4	1405
0	1443
3	540
30	843
5	43
11	25
0	18
1	152
591	1380
4	1049
18	581
0	1245
2	488
0	344
0	542
0	1046
0	236
0	133
0	277
21	173
9	72
604	916
0	805
0	860
18	595
0	169
1	419
8	785
55	8
0	112
0	140
0	118
0	0
1	107
0	0
35	20
0	14
0	2
0	10
1	2
62	5690
70	5345
158	2245
0	4174
22	698
13	5347
1	5344
23	5081
216	58
0	0
0	16
0	0
2	26
1	16
0	0
0	961
0	961
7	961
3	312
3	210
0	2263
238	2264
6	83
2	39
3	39
1414	2433
0	1709
0	287
8	34
0	2345
3	1905
4	1334
0	1916
33	1605
0	1473
8	1347
6	74
18	823
17	181
984	2275
5	2352
0	77
6	1
266	1526
0	49
38	0
0	2
17	100733
98	100733
8	3
1	1
0	0
10	2282
9	2118
2	345
0	1678
0	25
0	128
0	26
134	901
2	901
1	0
87	1168
0	31
0	1425
0	4638
5	147
11	1340
2	1388
12	1570
17	1442
0	1449
10	493
0	313
0	181
0	301
0	181
0	181
0	258
4	136
5	50
1	0
0	8
1	0
0	0
0	0
0	0
0	267
0	294
27	117
0	293
12	69
5	8
3438	6302
15	3647
0	4
31	818
0	0
0	1
2	1
0	454
1	335
334	2643
2	1
0	0
0	0
0	1
792	191
2	44
9	153
990	13
0	0
1	13
14	0
531	290
0	227
1	263
19	0
7	55
27	69
0	67
0	0
0	0
695	430
5	242
4	0
0	0
0	188
0	0
0	2
0	4
0	4
1	0
0	0
0	0
0	0
0	0
0	1
587	1070
0	1070
0	0
20	261
86	71
60	261
0	0
2	0
2046	1023
62	1023
10	104
33	0
0	0
2	101
2010	1130
7	1126
140	2204
4	2179
16	1418
11	57
0	86
3	219
0	123
0	0
0	0
0	0
0	12
958	1672
20	239
0	378
1	221
4	964
0	196
8	1289
0	302
5	128
228	0
29	1345
1	1310
21	603
52	60
24	394
1	164
12	187
2	90
0	326
0	87
1	87
99	54
0	54
0	0
0	0
2	0
0	0
0	0
0	0
0	0
0	26
0	26
0	9
0	0
0	0
9	4
0	4
0	0
0	0
0	0
0	0
0	0
0	0
0	0
0	0
0	0
0	0
0	0
0	0
0	0
0	0
0	0
0	0
0	0
0	0
0	0
0	0
0	0
0	0
0	0
0	0
0	0
0	2
0	4
0	2
0	0
0	1
0	0
0	0
0	0
0	0
0	0
67	23
0	10
2	11
2	2
7	2979
6	2715
33	757
29	2755
12	472
8	0
11	10
0	5
0	10
1	0
0	0
2	0
3	5
0	5
0	2
0	4
0	5
0	3
0	0
0	11
1	0
0	0
0	18
0	35
0	33
0	34
0	28
0	17
0	27
0	13
7	5
9	0
4	113
3	113
0	31
8	8
0	1
1	9
0	1
0	0
432	24
31	156
0	24
160	10956
0	290
1	0
90	10875
47	4
5	470
7	238
148	97
0	97
0	14
0	0
0	0
0	0
0	0
0	0
0	552
0	555
0	642
0	651
3	33
0	220
6	125
0	28
0	32
0	27
0	28
2	27
0	6
0	0
0	11
0	4
0	0
0	2
0	2
565	104
43	104
27	333
7	331
63	74
3	0
12	1
0	4
0	3
0	1
0	0
0	0
0	0
382	1254
3	680
18	280
0	12
2865	671
5	16
2	3
2	43
0	82
2	526
0	1
0	1
0	0
5878	891
0	866
5	0
0	0
2889	1454
9	1332
0	549
64	732
0	1
0	1
0	0
0	167
1174	0
34	4
0	0
3	4
182	624
0	170
132	489
93	242
0	419
1	12
2	7
28	263
0	245
0	43
0	65
0	23
163	35
0	35
645	81
0	81
0	0
0	0
12	19
3	19
0	12
626	171
0	0
3	171
37	937
0	970
18	20
10	12
6	76
0	394
0	429
0	541
0	188
0	89
0	4
0	0
6	98
0	94
0	110
3	29
0	30
0	55
1	92
5	88
914	112
10	112
12	38
12	0
5	1174
14	1136
4	1024
0	274
0	0
0	83
0	276
0	580
0	194
3	75
94	9
2	9
0	0
0	0
0	0
5	0
0	0
0	6
0	195
0	6
229	195
0	6
0	0
0	0
0	0
0	0
0	0
0	1
0	19
0	1
0	1
1	0
0	0
0	0
0	0
0	0
0	0
0	0
0	0
0	0
0	0
0	7
9	21
1	0
0	2
0	0
0	0
0	0
67	40
0	40
0	0
0	122
0	0
0	0
0	0
0	0
5	2
4	0
2	12
0	27
7	20
1	15
3087	539
4	50
0	0
19	0
2	95
27	0
0	499
0	485
0	0
17	6
1	0
1	0
23	59
5	88
0	74
0	0
0	15
0	2
0	114
0	11
0	0
0	472
0	497
0	0
8	0
0	0
0	0
0	4
0	4
0	0
0	0
19	490
0	446
0	93
3	186
0	195
3	11
3	135
1	46
0	44
0	44
3	2
6	251
0	270
11	156
3	28
0	3
0	107
251	66
3	63
6	59
0	61
0	263
20	263
0	263
2	142
0	0
0	3
0	0
200	3623
16	3637
26	1570
1	667
0	514
0	108
6	3360
130	3432
33	3343
3	2341
109	6513
8	142
3	162
1	6516
0	1669
0	2465
32	2183
30	0
13	9
4	123
64	545
2	137
0	72
4	38
0	36
0	381
0	71
2	51
0	0
0	24
0	0
0	23
0	10
0	0
0	4
960	0
0	0
222	341
0	43
0	279
52	135
1	68
384	215
3	145
1	101
7	71
7	25
3	25
0	21
0	0
0	0
0	25
1	24
0	24
0	0
155	0
20	0
0	8
0	5
0	5
0	8
0	8
0	17
0	14
0	8
2	8
4	3
2	9
1	122
0	82
8	1082
0	163
0	1069
323	455
0	193
6	167
0	195
0	86
0	126
0	18
58	34
225	737
30	737
0	1
23	26
0	26
0	2
13	393
0	337
0	104
0	101
0	102
0	108
0	56
1	47
11	0
0	7
13	7
0	0
127	117
1	73
13	144
92	0
1	0
1	0
0	0
0	0
0	0
0	11
2	11
1011	0
0	0
0	33
0	33
0	33
0	0
0	0
34	0
209	113
10	112
0	0
4	4
1	5
3	2
44	2078
2	2046
13	850
0	1366
3	151
2	130
2	70
0	56
0	3
2	0
1	0
0	0
4	0
20	3
0	3
540	0
0	0
9	0
0	0
15	3449
0	0
221	965
0	19
0	16
0	255
6	10
17	932
17	6
1212	1148
5	434
2	489
0	0
0	0
0	1
0	0
0	0
0	0
0	0
0	0
0	0
0	0
11	118
0	0
0	0
0	0
0	0
0	0
0	0
0	0
636	0
0	0
9	11
0	7
4	4
5	2
0	2
0	2
2	58
660	0
0	1
0	1
2	0
0	231
59	480
73	232
1	384
1	70
1	71
0	0
1	20
0	1280
73	1280
0	60
3	110
4	681
4	40
4	2
1	361
2	0
0	0
0	0
0	2
0	0
0	0
0	0
24	214
0	214
4	22
1	135
0	0
0	1194
0	1250
25	1384
0	1030
204	1502
0	1390
1021	1392
0	1446
0	1168
0	1310
0	0
743	1204
31	1029
6	969
2	867
0	738
29	698
1	411
60	31
0	38
0	0
0	0
0	0
0	0
0	0
7	12
2	85
0	98
24	104
5	89
0	0
0	42
0	0
0	0
0	0
0	0
13	4749
0	0
1	1
0	1
0	1
287	728
8	686
0	735
212	162
2	716
0	497
0	2
0	7
989	1999
0	1086
8	1585
1	62
37	151
8	1451
14	334
0	0
0	0
0	0
0	0
0	0
0	0
0	0
0	0
0	0
1	70
0	0
0	0
0	0
0	0
0	0
0	0
0	1
0	1
0	0
0	0
0	0
0	0
5	1832
0	1833
0	1708
0	1833
0	7
8	1
145	0
18	0
320	308
4	297
0	295
1	47
0	54
3	53
0	0
5	7681
0	5411
12	6846
9	3075
2	832
39	0
347	768
35	301
14	464
0	634
21	2859
0	3082
0	501
10	874
2	294
2	597
15	448
809	2
128	0
0	5
0	0
8	9
0	569
0	91
1	117
0	590
46	33
0	91
0	84
8	127
0	0
0	0
14	76
0	22
31	115
0	21
1	36
0	26
10	1
24	26
0	2
0	0
24	168
4	369
0	410
0	411
0	409
1	385
4	412
42	410
610	1330
0	846
1	598
4	466
1	351
0	236
6556	2
0	0
83	65
1	22
0	43
0	3
1	0
0	0
0	0
0	0
1	0
0	0
0	0
0	0
4496	111
110	86
0	23
96	280
1	253
3	129
0	160
0	120
1	19
18	26
3	0
178	920
9	914
0	37
2	13
135	9
0	10
24	46
4	64
2	126
49	183
0	0
0	0
0	1
0	1
0	0
133	15
0	0
2	0
9	3881
2	2
5	0
44	3879
31	15
461	0
13	0
0	0
0	0
0	0
0	0
0	1
0	0
0	0
0	0
0	0
0	0
512	327
0	84
2	8
11	7
0	130
1	275
0	276
245	1895
25	1862
2	1709
2	144
30	27
15	309
0	80
6	248
15	7
0	35
0	300
4	10
16	110
2	207
0	107
0	0
0	0
0	0
0	0
267	511
8	417
17	56
0	0
0	79
1	0
1	0
207	473
1	466
0	170
5	124
0	115
5	39
0	0
0	0
0	0
0	0
0	0
0	0
0	0
0	0
0	0
0	0
0	0
0	0
0	0
0	0
0	0
0	0
0	0
0	0
0	0
0	0
0	0
0	0
0	0
0	0
0	0
0	0
0	0
0	0
0	0
0	0
0	0
0	0
0	0
0	0
0	0
0	0
0	0
0	0
0	0
0	0
0	0
0	0
0	0
0	0
0	0
0	0
0	0
0	0
0	0
0	0
0	0
0	0
0	0
0	0
0	0
0	0
0	0
0	0
0	0
0	0
0	0
0	0
0	0
0	0
0	0
0	0
0	0
0	0
0	0
0	0
0	0
0	0
0	0
0	0
0	0
0	0
0	0
0	0
0	0
0	0
29	736
36	217
4	543
6	707
5	60
1	0
5	559
0	1246
1537	1233
0	138
1	92
0	63
22	132
5	133
0	67
0	63
0	0
0	0
2	3
0	1
0	0
0	0
0	2
0	0
0	0
0	0
0	0
0	0
0	0
0	0
0	0
0	0
0	0
0	0
13	183
0	0
0	0
0	0
0	0
0	0
17	199
6	290
2	280
0	8
1	15
1	14
10	4
56	0
347	231
6	38
0	0
2	153
78	0
14	113
910	255
4	2
0	253
0	0
0	0
0	0
0	0
18	33
0	31
0	14
0	4
0	0
0	1
0	0
0	0
0	0
0	0
0	479
1005	486
268	750
0	750
3999	773
15	773
0	0
3	1333
0	0
2	0
0	0
0	0
0	0
0	0
0	0
0	0
0	0
0	0
0	0
0	0
5	3560
499	3560
0	0
0	0
150	113
7	71
0	100
0	0
0	0
0	0
0	0
7	4
0	0
0	3
0	4
0	2
0	1
0	0
0	0
0	0
0	0
0	0
0	0
0	0
0	0
0	0
0	0
0	0
0	0
0	6
0	0
0	0
0	0
0	0
0	0
0	0
0	0
0	0
0	0
0	0
32	387
1	50
0	370
8	337
0	418
0	417
1	47
0	0
0	0
0	0
0	0
0	0
0	0
0	0
0	0
0	0
0	0
0	0
0	0
0	0
0	0
0	0
0	0
0	80
0	0
0	2207
16	2546
51	431
42	656
15	87
15	240
3	59
3	0
0	0
0	0
0	0
0	0
0	0
0	0
0	0
0	0
0	0
0	0
0	0
0	0
0	0
0	0
0	0
0	0
1	1161
0	723
0	1207
0	1177
7	180
0	46
7	44
8	95
0	157
0	843
0	0
0	56
6	114
0	0
25	0
7	0
11	0
0	0
0	0
19	61
0	0
0	0
1	0
0	0
1	0
0	0
1	0
0	0
0	0
0	0
0	58
0	80
0	84
0	0
0	0
0	0
0	0
6	348
0	0
505	1225
0	1226
19	249
0	0
0	0
6	65
0	54
0	54
1	17
2	2
0	0
0	0
0	0
0	0
0	0
0	0
0	0
2489	3162
1	3199
1	404
0	194
14	131
36	307
0	338
89	25
2	0
56	477
0	0
0	0
0	0
0	0
1	0
0	3
0	3
0	0
0	0
0	0
0	0
0	0
0	0
0	2710
13	2806
1	175
8	296
1	145
17	7
0	25
0	7
0	0
3	12
3	10
1	16
0	27
36	8
2	7
1	0
25	1
0	1
4	0
17	0
1	0
9	1
4	0
1	0
7	30
0	7
8	0
43	0
0	0
19	8
0	4
0	4
0	0
0	0
12	0
0	0
21	0
12	0
0	1
0	1
8	0
0	0
0	0
0	0
0	0
0	0
3	15
0	15
0	15
2	15
0	17
0	12
0	15
0	15
1	0
0	4
0	3
0	4
0	2
0	1
0	0
3	1164
5615	2729
296	2675
58	1072
19	961
0	948
11	187
26	0
201	361
0	166
0	0
0	0
0	0
0	273
9	287
1	151
8	108
0	68
4	92
0	44
2	3
0	0
0	0
1	0
0	0
0	62
1	62
72	75
0	50
2	0
0	0
0	0
0	0
0	0
0	0
0	0
0	0
0	0
0	0
0	0
0	0
4	43
30	43
0	25
0	0
0	0
0	0
0	6
0	0
0	0
0	0
0	0
0	2
0	0
0	0
0	0
0	0
0	0
0	0
0	0
0	0
0	0
0	0
0	0
1	0
0	0
0	0
0	0
0	0
0	0
0	0
0	8
0	8
0	0
563	116
12	116
0	0
499	215
15	79
0	181
0	84
0	0
6	2060
12	881
19	2216
38	2481
2	2049
0	951
4	267
20	589
2	243
3	53
7	0
16	144
25	1250
818	1311
0	247
9	192
0	61
0	0
191	13711
22	3250
1	10911
0	13398
83	12410
0	13172
0	13381
0	1938
5	0
9	1157
6	8353
72	1039
0	0
0	0
0	0
0	0
0	30
276	30
24	31
0	0
3	196
9	2319
307	353
2	353
0	71
0	0
134	0
0	0
0	0
0	0
0	0
0	0
0	0
0	0
0	0
0	0
0	0
1	0
0	0
36	314
9	288
48	86
21	135
2146	1399
0	1397
0	0
359	26
0	26
21	0
51	1814
0	1568
0	34
68	48
26	467
4	79
1	1556
94	606
1	258
12	108
0	158
997	5097
2	4365
2	4134
9	1596
2	300
0	347
3	150
0	674
0	1057
1	1054
8	21
10	21
0	0
1	96
8	0
0	0
1544	1119
2	106
5	1112
0	0
1	0
1	0
0	17
0	20
0	20
0	16
0	13
0	16
0	13
0	5
0	11
0	11
1	11
0	0
0	0
0	0
0	0
0	0
2366	0
0	0
0	0
0	0
67	0
0	0
0	0
0	0
0	0
0	0
1	1
0	0
0	1
0	1
0	1
0	0
0	0
0	0
0	0
0	0
0	0
0	0
0	0
0	0
0	0
0	0
0	0
0	0
0	0
0	0
0	0
0	0
0	0
0	0
0	0
0	0
0	0
0	0
0	0
0	0
0	0
0	0
0	0
0	0
0	0
0	0
0	0
0	0
0	0
0	0
0	0
0	0
0	0
0	0
0	1307
0	2385
46	1546
0	2386
2	34
0	901
0	1046
0	361
109	105
0	171
6	59
0	69
3	83
0	79
3	13
2	9
0	0
0	0
1971	2595
215	2596
0	72
5	796
7	791
26	782
7	126
0	11
25	5
24	18
0	0
0	0
66	267
209	20
0	0
0	0
869	980
0	980
80	142
0	0
0	0
0	0
0	0
0	0
1	0
0	0
92	366
27	328
3	73
0	0
0	0
0	0
0	0
417	223
0	34
2	189
2	62
3	50
0	0
0	14
0	14
0	14
0	19
0	22
0	19
1	15
0	17
0	0
0	5
1	0
2	0
46	311
0	118
0	244
0	118
1	129
0	107
0	30
2	0
4	893
0	895
0	891
0	402
0	57
0	19
1	26
0	13
0	0
0	58
1	481
0	402
0	0
10	7
0	0
0	0
142	1183
1	1207
0	10
63	286
0	26
24	50
109	51
0	485
3	0
1	53
1	53
0	8
9	812
0	0
0	0
0	0
0	0
0	0
0	0
0	0
1	0
0	0
0	0
0	0
0	0
0	0
0	0
0	0
0	0
0	0
0	0
47	408
0	179
35	316
1	405
1	47
0	452
0	580
33	1821
15	1865
16	588
0	487
3	177
7	0
0	0
2	12
0	13
0	7
0	0
360	1864
11	1801
4	1513
140	85
0	167
0	145
0	241
0	85
3	3
0	0
3	410
1241	3207
1	744
0	2463
1387	575
0	409
0	227
11	0
8	206
0	215
0	56
0	13
1	2634
0	2484
0	258
0	332
2	2631
1	52
0	1089
0	1092
0	303
3	414
0	251
2	66
0	25
16	13011
171	11232
14	12872
0	13074
493	10714
2	2854
215	3729
8	580
1	111
251	1905
4	220
0	309
0	576
86	56
0	39
10	257
5	452
0	421
0	440
2	404
0	504
0	196
0	317
3	305
1	333
0	40
0	47
0	1181
1	13
3	13
3	584
1	514
6	143
2	189
0	241
1	367
0	309
49	83
0	135
12	116
5	22
9	3
1	987
0	1310
0	1055
17	1082
64	596
0	1337
0	1258
0	16
0	101
0	1005
7	112
0	163
3	300
0	73
0	84
0	14
0	186
4	7
17	63
0	104
0	95
0	136
11	284
0	3
0	7
0	1
0	1
0	11
0	9
0	11
0	2
0	0
0	0
531	4893
3	2074
1	2457
0	3849
0	1021
32	563
3	0
0	0
0	0
0	0
7	742
2	177
2372	134
21	595
0	101
21	0
1	435
2	0
0	0
0	0
0	0
0	6
0	6
229	197
2	197
0	0
0	0
0	0
0	0
0	0
0	0
5	841
3	767
0	841
1	766
0	84
0	574
0	0
1	0
1	0
0	23
891	25
0	0
347	490
20	889
0	317
1	0
7	19
81	407
1	7
22	1
0	0
0	0
0	0
0	0
0	0
0	0
0	1
0	0
0	0
0	0
0	0
0	0
0	1
0	1
0	1
0	0
2	0
0	0
0	0
0	0
0	0
0	0
0	0
0	0
21	126
0	132
0	52
1	45
0	50
13	45
7	61
0	100
0	132
0	24
0	1
1	19
0	4
4	37
4	67
0	35
0	33
0	0
9	2376
4	27
130	2573
4	962
0	0
0	0
0	0
0	0
356	97
0	97
0	2387
0	184
6	146
5	79
41	2264
0	639
0	1466
0	215
0	70
5	47
18	0
5	26
0	500
4	31
0	0
1	160
0	1685
0	1752
18	83
0	661
1	550
4	924
23	217
7	87
31	26
5	203
1	534
0	497
23	159
7	23
0	33
2	0
1	49
4	73
0	32
0	32
0	28
0	5
0	2
0	0
0	0
0	0
0	0
0	0
0	0
0	0
0	0
0	0
1	361
0	602
0	579
2	476
0	43
0	38
2	19
0	0
3	0
0	0
66	0
22	280
1	79
20	0
32	0
0	138
0	0
39	396
45	391
11	387
0	386
1	218
3	288
7	216
0	4488
0	2007
24	7
4	1282
0	2256
0	890
0	484
0	15
0	189
4	259
0	2152
1	152
0	201
3	5
0	1572
0	167
0	2224
1	2187
0	3749
0	805
0	60
0	78
43	594
1	16
0	175
30	4469
54	4491
3	3786
0	399
0	265
2	0
41	736
2	803
0	315
1	412
6	117
1	0
965	504
0	98
1	334
0	349
22	220
1	77
55	2735
13	1386
2	172
0	282
17	2735
8	0
51	315
0	0
2	0
0	1
0	1
0	0
0	0
0	1
0	0
0	0
0	0
0	0
0	0
1	0
0	0
0	5
0	6
0	7
0	7
0	7
0	7
0	0
0	0
0	0
0	7
0	0
0	4
0	0
0	0
1	90
0	85
0	62
1	65
0	72
1	48
0	48
0	49
514	14618
23	552
37	1602
5	3403
23	2309
110	8895
1	0
0	0
0	0
126	0
0	1
1	1
0	0
21	0
77	328
0	224
0	246
5	36
35	4043
0	4043
787	3762
1	2232
25	879
0	530
59	594
11	138
0	372
4	100
2	0
74	43
1	838
0	759
0	0
0	0
3	276
379	133
4	0
0	0
0	0
0	0
0	0
0	0
0	0
0	0
3773	1053
26	902
1	322
40	4
10	12
3	89
0	479
0	448
0	430
0	41
0	0
0	26
9	9
0	9
0	7
0	2
7	1
0	1
10	185
0	90
0	118
0	151
0	34
0	29
0	61
0	7
0	56
0	64
60	12222
1	118
23	124
141	12222
76	614
0	1224
6	1248
1	627
0	150
0	28
0	1
0	1
0	1
0	0
0	0
19	0
6	6
0	6
0	6
0	5
19	4
0	4
0	0
0	0
0	0
0	0
0	0
1494	542
3	0
0	512
6	242
0	34
0	165
0	178
0	161
0	176
0	46
0	73
0	73
0	46
0	18
0	13
0	3
0	6
80	0
261	1199
53	556
0	747
3	893
0	1171
0	1172
0	699
0	0
3	51
0	66
1	63
1	7
0	17
8669	6995
1499	6014
4	460
0	1423
0	464
50	1605
1626	0
1	629
1	627
10	565
13	342
2	68
0	11
14	18
0	0
46	18
9	52
0	31
0	11
300	463
0	156
0	236
0	48
0	17
6	219
0	39
0	0
0	60
0	77
0	25
22	0
3	890
0	854
0	674
0	604
6	230
1	169
2	30
0	0
0	0
6	86
28	72
0	44
21	87
10	81
30	0
34	69
1	11
0	29
0	9
0	19
0	21
102	13
90	13
0	3
8	64
0	0
0	0
0	0
21	42
7	42
9	32
0	0
0	0
7	60
0	6
231	54
22	95
2120	202
21	72
0	0
0	0
92	0
0	8
27	8
0	0
0	0
19	5
29	701
0	0
0	717
1	295
10	0
25	40
0	0
2	36
0	222
4	253
8	107
199	40
1	0
0	40
18	9
0	1
0	1
0	0
0	0
0	0
0	0
0	0
0	0
0	0
0	0
0	0
2	131
0	0
0	91
0	2867
0	3048
0	3398
0	3142
4	111
65	150
0	42
0	0
0	0
679	297
25	0
0	0
17	313
8	313
0	0
463	0
0	1
0	1
7	1
2	1
0	281
0	0
0	0
2741	87
18	85
0	0
2	2330
15	2121
0	2059
0	1003
0	1675
0	2082
0	2058
2	1414
7	1625
37	670
7	1050
0	1553
6	34
1	319
2	1082
20	383
83	67
0	16
1	63
20	0
0	17
166	995
28	43
7	953
1	1395
0	278
6	0
237	184
40	1315
6	3185
15	83
0	181
3	84
6	276
0	0
5	311
101	1630
0	4076
0	0
3	380
1	54
0	3028
38	2529
110	3028
32	1110
30	1296
0	873
37	2326
0	0
0	40
1	646
0	0
0	85
0	11
326	2932
313	703
243	911
0	1304
0	1152
5	604
2	11
7	3282
23	3
4	1932
1	906
104	601
47	1615
63	2719
2	25
1	10
0	17
0	24
0	18
0	3
0	20
0	8
0	9
0	14
4	5
17226	3375
11	3369
0	0
8	0
0	1
0	0
104	1224
0	1219
128	142
3	7
385	348
0	29
0	3808
8	4251
1	4229
24	4254
102	865
2	1902
0	2372
0	0
0	0
227	186
15	2
0	66
2	18
5	48
5	4
0	1
0	1
0	1
0	0
0	0
0	1
0	1
0	0
0	0
0	0
0	0
0	0
1	7
0	0
0	0
4	0
0	0
0	395
3	405
0	26
21	9
8	26
8	0
102	331
0	0
16	10
0	9
11	1217
2	1319
1	183
1	158
8	74
0	186
0	436
0	0
0	0
2	3
0	3
0	3
0	4250
0	0
13	4274
44	4257
13	730
36	124
34	724
1	171
4	1
0	17
1	17
0	17
0	17
0	17
0	16
2	0
0	17
0	137
43	1579
0	124
0	1486
2	605
1	1218
4	0
20	272
0	1149
0	0
4	0
0	688
104	572
0	11
0	70
0	301
1	457
30	6
6	273
1	164
4	287
0	9
25	431
6	431
2	2
0	0
0	4
2	4
0	2
249	147
13	67
8	100
6	199
45	24
6	252
0	1
0	0
5	2
0	11
0	0
0	25
0	478
0	459
0	42
1	242
0	239
1	20
0	341
0	173
2	64
0	68
0	72
0	66
0	53
0	0
0	0
0	0
0	0
0	0
0	0
0	0
0	14
0	0
0	0
0	0
0	0
0	0
0	0
0	0
0	0
0	0
0	0
0	0
64	617
0	675
0	85
33	487
0	490
0	94
0	0
0	0
6	0
0	0
0	0
0	0
0	0
0	0
0	0
0	0
0	0
0	0
0	8
0	8
0	15
0	3
24	0
0	2
0	0
0	5
0	0
0	5
0	0
0	7
0	8
0	0
6	0
0	0
0	3
0	0
0	0
0	1
0	1
0	4
1	292
359	843
4	0
0	206
0	526
4	0
5	256
30	2122
2	2135
13	53
1	1276
2	43
0	43
1	86
0	50
96	115
0	0
0	0
72	0
0	0
0	0
0	0
0	0
0	30
3	30
1	0
0	0
0	0
0	7
0	7
2	509
92	509
0	171
11214	400
4	371
10	0
0	20
35	135
0	136
31	21
0	11
1	21
23	0
0	0
0	0
82	3
76	20
30	0
0	0
0	0
0	0
0	0
0	0
0	0
0	0
0	0
0	0
0	0
0	0
0	0
3	0
0	3
1	3
0	0
0	2
0	2
0	0
0	0
0	0
1104	323
0	29
5	154
0	66
1	216
1	122
5	8120
227	9060
0	1108
0	355
17	2248
64	7780
0	1545
0	11
0	1326
3	751
11	2716
13	750
0	0
0	630
0	630
1	66
23	2541
0	2184
23	1793
1	581
1	0
5	1596
2	1580
42	1471
7	1487
0	486
0	365
8	200
16	17
1	0
0	126
856	1794
2	279
1	493
71	955
0	1369
3	57
2	18
3	8
0	8
2	8
0	7
0	3
0	4
0	0
0	0
0	0
0	0
0	0
0	0
0	0
0	0
0	0
0	0
0	0
0	0
0	0
0	0
1	45
30	1
0	5
0	0
0	0
0	0
3	0
0	0
0	0
0	0
0	0
0	0
14	21
1	23
0	22
0	0
0	0
0	0
0	0
0	0
0	0
2	29
28	34
1	8
0	4
0	3
0	1
0	0
0	12
0	13
0	14
0	2
18	0
2	1
38	518
0	573
1	7647
12	7563
21	5154
35	5736
0	5876
28	2873
5	310
10	98
0	3
1	82
0	47
10	42
0	915
0	495
17	715
211	2149
0	0
2	0
0	0
0	0
0	0
0	0
644	66
1	66
1	0
76	0
224	4731
11	4731
284	765
8	355
0	0
7	705
6	374
6	37
3	0
0	0
2378	394
11	396
0	100
0	0
0	2
0	2
0	0
0	2
0	2
3	6
7	7
2	1
0	2
37	1279
5	1279
4	884
4	0
273	1083
1	286
5	206
228	706
4	220
0	10
1	13
0	10
4	301
16	369
5	279
1	313
0	15
0	16
166	7
0	315
0	65
1	14
0	17
14	416
44	106
8	149
1	60
2	185
3	115
0	1
27	122
0	77
1	65
18	1
2	27
4	79
5	150
7	120
2	13
2	5
0	2
0	0
0	0
0	0
1	0
0	0
164	146
1	37
0	34
1	36
1	37
0	36
29	1339
139	1546
150	263
0	0
2	0
0	0
24	4221
3	3579
39	1641
40	3166
0	105
5	359
149	368
0	142
3	304
0	111
0	201
1	59
2	352
1	99
0	103
1	42
20	240
42	381
1	120
2	124
6	206
2	165
0	1
0	110
0	112
1	42
0	29
0	0
0	62
2	21
2	7
0	0
26	0
0	0
0	0
0	0
1469	2576
4	2289
0	718
21	958
1	195
2052	417
0	5
114	412
0	222
0	34
22	95
20	43
0	0
0	0
0	0
0	0
0	0
0	2
0	145
1	62
0	0
0	0
0	0
0	0
0	0
54	236
17	220
0	141
131	423
166	397
193	104
1	104
27	22
0	22
3	0
55	447
311	475
5	475
0	153
1	0
24	44
2	44
0	0
4673	4164
0	2850
9	2421
5	2377
0	595
55	908
6	0
0	0
0	0
0	0
0	0
0	0
0	0
0	0
0	17
0	9
0	0
0	0
0	0
1	8
0	0
64	13
0	24
1	19
10	9
0	9
0	3
1	0
243	12
0	24
0	10
0	9
0	1
20	0
4	0
5	0
11	0
1	5
0	0
2	7
0	0
1	0
0	2
0	2
0	0
0	0
0	0
0	0
0	0
0	0
0	0
0	0
0	0
0	0
0	0
0	0
0	0
0	0
0	0
0	0
0	0
0	0
0	0
0	0
0	0
0	1
0	1
0	1
0	1
0	0
0	0
0	0
0	0
0	0
0	0
0	0
0	0
0	0
0	0
0	0
0	0
0	0
0	0
0	0
0	0
0	0
0	0
0	0
0	0
0	0
0	0
0	0
0	0
0	0
0	0
0	0
0	0
0	0
0	0
1	0
0	0
0	0
0	0
0	0
0	0
0	0
0	0
0	0
0	0
0	0
0	0
0	0
0	0
0	0
0	0
0	0
0	0
0	0
0	0
0	0
0	0
0	0
0	0
0	0
0	0
0	0
0	0
0	0
0	0
0	0
0	0
0	0
0	0
0	0
0	0
0	0
0	0
0	0
0	0
0	0
0	0
0	0
0	0
0	0
0	0
0	0
0	0
0	0
0	0
0	1
0	0
0	0
0	0
0	0
0	0
0	0
0	0
0	0
0	0
0	0
0	0
0	0
0	0
0	0
0	0
0	0
0	0
0	0
0	0
0	1
0	1
0	1
0	1
0	0
0	0
0	0
0	0
0	0
0	0
0	0
0	0
0	0
0	0
0	0
0	0
0	0
0	0
0	0
2293	3745
3	1276
3	605
1	495
20	484
15	1111
18	117
0	1010
0	0
0	0
0	0
0	0
1	121
1	121
516	161
1	185
21	1
23	91
0	91
0	82
0	0
0	0
0	0
0	0
0	0
0	0
0	0
0	0
0	0
0	0
0	0
0	0
0	0
0	0
0	0
0	0
0	0
0	0
0	0
0	0
0	0
0	0
0	0
0	0
0	0
0	0
0	0
0	0
0	0
0	0
0	0
0	0
0	0
0	88
5	88
0	0
0	0
3	334
3	334
0	99
511	3
85	453
0	453
16	13
7	0
0	13
63	353
0	353
498	0
0	0
17	4
0	0
1	0
0	0
103	101
0	97
73	0
13	1
479	2
0	25
2	6
0	6
0	332
0	44
0	311
0	0
0	0
0	0
78	247
3	247
0	282
5	290
17	3
4	0
0	8
1	2
313	358
0	306
87	56
597	55
39	51
1	44
0	0
11	8
0	0
0	0
0	0
20	4
174	7
3	6
672	54
1091	60
0	0
502	9
0	456
6	444
0	319
8	440
16	37
22	790
0	786
0	455
0	0
0	0
0	0
0	0
0	0
0	0
0	0
0	0
1	0
0	0
0	0
0	0
0	0
313	0
0	0
1	0
78	0
8	458
26	449
5	380
218	26
0	0
0	0
0	0
0	0
0	0
0	0
0	0
0	0
0	0
0	0
0	0
0	0
0	0
0	0
0	0
0	0
46	193
0	8
0	170
0	176
3	20
3	9
0	0
0	0
0	0
0	0
0	0
0	0
0	0
0	0
0	0
0	0
0	0
0	0
0	0
0	0
0	0
0	0
0	0
0	0
0	0
0	0
0	0
0	0
0	0
24	0
0	0
0	0
413	0
7	0
9	160
9	128
0	44
0	39
2	16
0	0
0	0
0	0
0	0
0	0
0	0
0	0
0	0
0	0
0	0
0	0
0	0
0	0
4	9
3	9
0	8
0	0
0	0
8	554
0	554
0	441
11	28
6	138
0	455
9	388
6	451
5	451
0	308
1	86
4	698
34	696
10	357
83	1004
0	765
0	497
7	398
1	411
24	5
0	121
0	116
4	75
16	0
3	0
0	5
0	5
0	5
0	0
0	3
0	389
3	252
0	388
3	360
14	69
3004	306
19	300
224	0
15	110
225	24
28	110
327	731
2	172
17	833
18	834
23	118
0	0
0	0
83	137
0	19
3	137
48	23
11	819
61	16009
10	15514
0	962
5	402
5	219
47	100
67	3072
0	0
123	3478
3	164
0	0
76	177
176	3376
22	1990
15	3123
0	1682
0	1682
1	1687
20	2434
9	64
0	1
0	1
0	1
0	5
0	5
2	4
0	3
0	2
19	0
368	8276
52	3956
30	6732
0	0
0	0
1	0
0	0
0	1
0	0
0	0
0	0
0	0
0	1
0	0
0	0
0	0
0	0
0	0
0	0
0	0
0	0
0	0
0	3
0	3
2	2221
46	1351
0	1894
14	944
29	766
7	661
3	6
74	0
0	0
0	0
0	0
0	0
27	0
1955	342
8	342
47	234
1080	2845
0	998
0	2475
0	962
0	1082
0	0
5	135
2	240
104	216
0	225
5	161
0	91
11	0
0	230
2	273
0	882
0	894
2	973
8	779
57	212
59	101
40	2448
547	2771
13	1959
0	917
3	252
2	252
0	514
0	490
0	428
0	280
0	270
0	241
0	295
0	284
0	271
0	295
0	295
2	265
0	12
1	42
7	8
4	44
0	44
0	18
0	7
0	0
0	0
0	0
10	171
1	166
0	122
3	35
0	25
400	556
1	117
2	439
12	4
1	108
0	0
0	255
32	197
2	144
0	0
0	7
9	1
0	6
0	6
0	0
0	0
0	0
3	1442
0	3071
0	3015
4	438
13	680
0	1913
0	16
29	771
0	0
0	2486
19	14
0	11
0	11
0	0
0	2
38	10
0	8
36	111
93	2297
28	2306
10	2372
14	2376
8	113
0	242
9	291
6	890
9	195
25	1277
24	694
1	646
6	148
0	261
4	42
0	640
2	249
2	24
0	33
5	29
0	16
0	12
0	5
6	410
7	433
0	386
3	359
0	417
0	422
0	72
17	0
257	1467
31	1467
0	598
1	624
5	621
21	621
0	574
1	5
0	5
0	4
1	330
2	153
2	81
0	119
10	52
0	0
0	1
0	9
0	9
0	0
0	1
1	2661
39	916
0	2230
0	2521
0	2366
3	2561
5	2553
5	988
0	44
0	607
2	605
1	471
0	398
1	736
16	55
2	425
0	242
2	311
6	294
1	298
3	239
0	139
4	179
2	88
1	145
4	16
2	6
59	30
40	30
0	0
0	4
0	4
0	0
0	1
0	0
0	0
13	27
2252	2131
0	29
0	1984
0	173
36	322
4	111
2	203
1	141
1	10
0	0
3	2076
0	2042
4	1962
5	64
0	93
0	163
16	1991
6	1992
0	0
3	131
2	1462
0	23
1	130
0	38
4	22
6	6
5	12
32	100
0	197
0	35
12	813
0	0
15	72
1	38
1	89
0	70
4	20
2	412
0	456
1	527
0	466
0	271
0	275
7	125
0	0
7	1693
27	1665
72	1334
0	39
6	39
0	260
0	698
23	687
0	694
2	865
7	462
172	1724
41	1155
1	11
1	705
119	1584
53	919
27	150
0	493
14	499
3	1110
9	325
5	105
7	145
0	3
0	3
0	22341
13	0
419	0
0	29888
159	28986
4	22779
17	12530
11	13577
0	7
0	12972
30	5259
1	500
0	962
8	1400
3	1776
0	675
2	314
0	1
0	0
0	1
109	1038
93	1038
0	0
0	0
0	0
0	0
0	0
0	2
0	2
0	1
0	490
514	0
18	788
1	144
3	429
0	328
0	736
1	248
0	384
0	8
0	7
0	6
5	2
8	27
0	26
1	667
0	517
1	562
0	667
3	667
0	521
0	632
0	686
2	610
0	527
0	521
0	600
0	266
3	333
7	31
0	634
0	679
0	681
6	636
0	117
2	610
4	626
8	625
0	15
476	295
0	303
8	987
0	272
0	101
9	71
0	136
14	85
16	46
3	665
12	1002
16	373
58	323
7	196
0	155
0	138
2	119
0	965
0	972
2	945
1	960
0	974
0	974
0	965
5	124
0	718
1	682
5	38
2	78
13	20
3	21
20	13
23	7
5	88
0	84
211	15
10	80
7	842
2081	842
0	490
27	373
2	240
0	1302
24	1330
9	75
40	855
0	687
0	1038
1	15
0	132
3	55
0	76
1	556
14	160
1	161
0	76
1	55
0	115
0	312
0	360
1	339
0	62
0	25
0	40
78	86
0	14
6	30
0	36
11	82
0	0
0	0
0	0
0	0
10	1121
0	1168
0	1146
1	110
0	1107
0	106
8	22
0	3
0	3
0	3
0	1
2	0
42	679
16	679
2	349
0	349
0	45
7	3
0	15
3	232
1	72
24	475
97	475
336	0
0	19
0	69
0	47
0	3
0	47
0	45
0	6
0	0
0	11
0	9
7	3167
0	3187
0	2430
114	1483
0	2436
3	2241
0	1732
16	354
10	637
646	672
0	495
1	34
47	31
15	1
5	0
0	0
0	0
0	0
0	0
0	0
0	0
0	0
4	13
9	13
8	152
0	152
1	103
0	77
5	465
6	346
3	307
18	518
0	445
1	1043
0	1024
0	1026
0	70
0	40
0	25
4	12
0	186
0	25
16	35
0	1
0	1
0	1
0	1
0	1
0	9
0	9
0	0
2	0
0	0
0	0
0	0
9	2
0	2
0	2
0	16
0	16
0	12
0	12
0	12
11	452
0	487
0	542
20	114
0	396
4	223
18	108
54	123
24	222
0	119
0	0
0	0
0	0
0	0
0	1
0	1
4	404
0	444
2	443
10	397
0	50
0	37
6	13
6	113
0	128
2	138
15	138
2	116
4	0
0	0
0	255
4	259
0	257
0	253
0	6
0	4
0	47
0	4
5	28
0	0
0	475
62	476
3	439
1	11
44	1
2	77
12	427
3	124
2	230
0	0
0	306
0	389
25	222
5	327
0	297
0	309
0	113
0	143
0	106
2	86
0	2
0	2
3	231
3	650
0	339
1	684
1	677
4	409
5	543
2	410
12	93
2	32
0	79
0	48
1	31
3	74
0	85
14	51
0	49
0	2
48	895
9	895
1	6
3	123
0	944
0	944
0	827
3	162
0	210
10	103
5	168
1	115
27	2308
6	1945
21	2085
0	2026
39	1841
0	2090
32	1542
0	0
2	60
8	784
1	36
0	11
165	1373
3	632
8	866
1	335
0	220
0	141
8	210
0	81
0	251
0	143
0	314
0	198
2	217
0	61
0	125
3	88
1	63
0	782
1	784
0	795
1	775
3	163
0	75
5	125
2	40
1	71
30	206
0	79
0	26
4	180
0	170
0	211
2	247
0	61
0	114
5	42
132	708
7	421
19	109
0	821
0	90
11	17
0	17
9	538
0	580
1	580
0	580
0	534
0	122
0	165
1	31
0	41
0	70
0	13
7	0
0	541
13	1580
0	1519
0	1441
2	1497
1	1546
0	1473
0	168
0	238
0	155
0	155
10	109
4	176
14	10
0	58
13	503
0	0
0	340
4	342
1	256
0	94
0	21
1	0
0	0
0	0
0	0
0	0
3	654
1	620
4	608
6	646
7	451
0	417
0	6
17	37
2	4
4	0
0	4
1	621
1	958
1	616
0	922
12	79
1	238
0	0
0	1036
0	1100
0	948
0	1230
1	866
2	1058
0	1083
1	804
0	42
0	146
0	182
5	271
0	235
0	202
0	64
3	40
60	94
0	1323
0	1884
6	1151
7	1435
35	1192
0	828
0	1506
5	1268
4	1279
0	1158
5	1268
7	186
261	1453
0	1458
0	1487
0	1089
0	0
0	53
0	8
0	3
0	6
0	4
6	131
0	108
0	62
2	23
0	35
0	39
0	39
0	6
0	2
4	64
0	14
6	39
1	19
0	23
1	20
14	3741
0	3636
0	3644
38	3699
18	3425
72	3593
0	3634
5	483
0	358
0	17
0	0
0	0
0	0
20	877
668	737
0	353
0	718
88	801
172	896
7	812
0	173
0	154
0	0
41	373
0	0
0	0
0	134
9	169
1227	242
2	0
1	3
0	3
0	0
0	0
2	495
0	416
41	466
0	380
32	94
0	0
0	0
0	2676
0	0
147	3871
7	9
0	872
0	0
0	1890
0	1317
1	1628
0	1590
13	1562
0	1577
0	908
14	1
2	0
4	1160
67	974
4	2632
4	597
0	1271
15	1510
4	149
49	289
885	638
11	358
21	599
2	109
2	72
1	73
0	468
1	417
0	64
7	40
0	172
1	360
4	289
15	23
3	259
0	0
0	0
0	1
0	1
0	0
0	0
0	0
0	0
9	39
44	305
8	275
3	266
0	0
0	366
2	257
0	362
1	321
1	93
12	242
0	293
2	179
0	0
3	382
0	441
8	510
5	443
2	430
0	496
4	296
0	560
2	117
6	316
3	221
0	152
13	86
0	83
6	79
0	83
0	86
2	87
0	0
0	80
0	80
0	77
7	1
0	10
0	11
0	10
0	3
3	594
0	604
7	631
0	0
5	5
3	18
0	6
5	6
6	2
0	2495
1	2235
3	2100
0	1057
0	27
0	18
4	16
0	3
5	0
8626	141
0	0
0	0
1	141
355	506
1	455
0	455
12	440
0	0
1	0
37	664
125	699
0	62
8	235
24	141
0	128
34	40
0	0
0	0
0	0
0	0
0	0
0	0
0	0
0	4
0	4
0	4
0	4
0	5
0	4
0	4
0	4
0	4
0	5
0	5
1	0
0	4
0	4
0	0
0	4
0	5
0	4
0	4
0	5
0	4
0	4
0	5
0	6
0	4
0	4
0	5
0	0
1	0
0	0
0	0
0	0
0	5
0	8
0	6
0	8
0	6
0	6
0	0
0	0
0	0
0	0
0	0
0	25
33	0
0	0
0	960
0	2364
1	916
1	2423
5	2293
1	1205
0	2343
5	427
0	415
0	391
1	1194
0	2094
2	1113
0	329
0	1137
0	2341
0	795
1	170
12	92
0	155
4	155
0	132
4	118
0	133
3	131
0	143
0	1
0	1
420	1777
6	1398
3	600
0	404
0	398
0	5576
0	312
1	274
1	99
0	14
53	132
12	0
67	6944
2	4992
0	6062
0	5619
8	5649
30	1872
0	4991
27	2784
2	0
0	17
0	28
2	30
0	28
0	17
0	0
0	5
0	12
0	8
0	0
4	5
4	1456
6	842
0	1171
5	793
0	937
9	282
0	0
8	4932
38	4488
1	1780
22	1682
19	881
39	1155
0	0
0	2
0	737
2	850
54	466
0	850
0	662
2	742
729	120
0	43
0	52
0	0
0	41
0	35
0	442
16	219
52	386
0	384
0	41
0	0
25	29
0	0
3	42
3	1743
0	1665
0	1753
2	68
0	1654
31	0
0	0
11	0
1	0
18	1269
12	130
15	64
3	15
4	1045
0	296
0	38
0	22
0	20
0	22
3	7
0	7
0	17
1	19
0	16
0	19
0	19
0	19
0	19
0	20
0	7
2	117
0	69
0	2
0	0
0	0
29	78
0	56
2	45
1	63
0	17
0	66
0	8
43	0
3	579
0	448
15	540
35	0
0	556
8	226
0	498
0	556
0	157
0	177
0	280
1	98
5	57
2	52
20	118
0	24
0	12
0	1
0	38
0	61
0	13
0	8
1	0
356	700
0	500
0	188
1	195
1	531
3	621
2	0
13	355
76	39
0	243
0	220
3	225
0	217
0	237
0	233
0	18
0	226
1	82
0	102
4	11
0	15
0	36
0	11
1	56
0	0
0	49
1	0
3	11293
131	10497
1	6804
0	5256
0	1749
0	4892
0	3350
0	8978
6	10447
2	3808
1	4602
11	314
0	8695
0	8437
0	3780
169	5340
1	478
0	475
5	497
55	473
0	278
28	46
0	20
0	0
47	6
0	0
0	0
0	0
0	0
0	0
0	0
0	0
0	0
0	0
0	0
0	0
0	0
0	0
0	0
29	1354
1	1352
0	1341
0	1293
0	484
2	152
0	286
0	358
0	339
0	181
12	0
1	28
16	47
0	0
0	0
29	0
0	0
0	1
2	0
0	0
2	0
5	13
0	13
0	0
0	0
0	0
0	0
0	0
0	0
0	0
0	0
134	97
0	97
0	0
0	8
2	8
0	8
0	3512
2	3576
2	687
0	1747
94	14
100	617
0	925
0	384
14	27
7	880
15	865
0	594
63	13
0	1
0	3
0	2
0	2
0	2
0	0
0	1
2	0
12	2193
0	2213
0	2341
0	552
22	648
0	2200
0	688
0	2109
17	4
0	28
7	212
69	2936
1	1818
0	877
0	2316
2	574
3	1317
9	1294
0	2030
0	2094
11	0
17	1086
0	709
0	646
0	674
1	55
0	839
1	735
0	920
0	72
21	808
4	51
1	88
2	0
0	57
0	136
0	368
0	28
0	1
0	307
4	91
0	0
0	0
7	4
0	4
1634	68
11	68
0	0
0	0
0	1
0	1
1	0
0	0
0	0
4	0
0	278
0	610
0	1705
0	1710
1	78
2	530
6	1056
0	714
0	1574
0	1363
0	702
1	510
1	32
3	1067
104	26
0	440
0	1105
0	2844
0	2799
4	588
9	2057
5	641
266	653
18	32
0	863
6	290
3	266
0	217
0	510
0	851
1	467
0	863
4	59
0	663
0	609
55	463
6	60
3	0
25	48
0	244
0	17
77	50
8	28
0	0
0	0
0	0
17	0
301	5974
13	5992
448	5411
280	7
1	903
0	376
0	617
0	287
30	3954
11	881
0	7
0	7
0	7
0	7
0	7
17	11
0	7
0	7
0	11
0	11
0	11
0	11
0	11
0	8
0	0
1	0
9	440
1	0
89	1416
10	1415
17	354
6	55
0	1
0	0
0	63
0	63
0	11
0	1527
2	15
0	1
0	1
0	35
0	35
0	0
0	5
0	3
0	1
1	0
0	0
63	1183
0	938
0	856
0	934
2	1107
0	386
6	101
4	0
4	1252
43	1323
2	868
0	461
0	217
0	842
0	585
0	629
0	941
1	999
3	1103
0	591
70	246
0	246
0	364
0	1132
0	239
0	1124
0	581
0	1123
1	1127
0	924
0	888
0	385
15	55
4	221
0	196
0	70
19	164
12	152
0	92
0	61
0	17
0	1
0	1
1	3448
14	1276
54	1937
19	1521
0	3203
0	3195
0	2146
0	2187
3	2335
2	2998
0	3440
3	3142
1	2614
3	1425
1	6
1	1091
0	1171
30	549
1	23
0	198
0	8
9	21
7	182
0	31
0	172
0	27
0	107
3	11
1	2
2	107
2	13
0	2
8	5
0	0
0	4
0	0
0	0
0	0
0	0
0	0
0	0
0	0
0	4
0	4
0	3
0	0
0	0
0	1
0	0
0	0
0	1
0	1
0	0
0	3
5	7
0	2
0	6
0	6
0	5
0	6
0	5
0	5
0	6
0	5
0	2
1	2
0	3
0	1
0	0
0	1
0	0
0	0
0	0
0	1
0	0
0	1
0	0
0	1
0	0
0	0
0	0
0	0
121	1006
0	147
1	629
3	401
0	6
0	763
7	188
0	0
0	0
0	0
2	0
0	0
0	0
0	0
0	0
0	0
0	0
32	686
3	686
0	381
19	489
0	0
0	0
0	0
2	0
39	767
0	252
2	730
7	30
62	2332
4	22
3	634
71	0
0	223
9	122
5	241
16	1
0	194
0	0
166	2151
0	622
0	1417
0	340
2	129
0	142
1	452
0	88
1	210
0	61
0	132
2	147
11	1316
1	8
103	183
0	388
0	164
2	28
54	712
0	41
0	33
33	103
26	7
0	0
1	0
0	0
7	44
0	42
0	40
0	8
2	12
0	2
0	2
0	0
0	9
0	6
1	0
3	0
0	0
0	0
0	0
0	0
8	2026
46	1975
0	1647
0	1717
0	108
1	141
0	840
6	542
0	1620
19	0
30	2
0	2
0	147
187	1336
1	806
4	606
1	570
0	503
0	379
0	49
4	187
0	601
0	179
0	186
1	148
0	119
2	100
19	48
0	39
0	5
0	0
23	5
0	403
5	41
0	0
0	386
0	383
0	397
255	178
2	0
0	0
0	382
2	401
2	113
56	51
0	51
0	13
427	4222
0	0
20	549
0	3801
0	1732
0	2119
0	2119
3	1596
2	1954
6	577
0	41
1	0
0	0
0	0
59	7
0	1770
6	286
20	1770
0	1640
4	27
0	1629
0	1759
0	1644
2	108
0	33
6	91
7	6
10	18
6	7
0	105
0	0
1	39
0	15
0	32
0	32
2	21
1	0
0	49
0	49
0	0
0	0
0	0
7	2
0	2
0	0
0	0
0	0
0	0
0	0
0	0
0	0
0	0
0	0
0	0
0	127
611	207
11	58
3	100
0	0
0	72
17081	0
1	0
0	0
0	1
0	1
0	0
0	0
1	0
6	2
0	2
0	4
0	4
0	1
0	1
5	22
0	0
0	0
0	17
0	22
0	4
0	0
4	0
0	5
0	0
0	0
0	0
0	39
0	39
0	37
0	224
16	28
100	28
10	2497
1	284
1	83
232	2504
1	958
1	220
0	7
5	394
1	0
0	2301
81	0
17	751
123	626
5	490
22	1
6	108
4	1187
2	4049
11	3553
0	3692
0	3692
0	3847
0	3693
0	3705
0	3339
0	3339
0	3853
0	3821
0	3832
11	2729
1	3083
19	2370
0	3528
0	531
3	3513
62	0
3	3943
2	3507
262	1030
0	0
0	600
0	924
1	2395
0	0
1	1634
0	974
0	943
46	383
0	0
8	582
0	522
1	527
0	368
0	252
4	47
0	44
1	44
0	85
1	26
0	81
0	41
0	18
5	0
2	3
638	613
109	811
7	530
12	234
3	268
24	0
110	0
0	1
0	1
1	1
12	0
2	0
487	473
18	47
2	446
3	16
17	469
0	314
0	0
70	0
1	406
0	25
5	250
0	264
0	243
0	222
6	49
0	34
55	1053
0	1046
0	1055
0	1062
7	595
4	441
0	295
0	23
1	287
0	277
0	266
0	114
2	908
7	1014
324	1142
0	1157
0	806
39	737
3	738
5	177
32	81
84	41
0	0
0	0
0	0
1	0
0	0
0	0
0	0
0	0
0	0
0	0
0	0
510	321
7	321
3	95
0	7
0	0
3	0
12	0
0	60
0	60
0	50
0	52
0	55
0	0
0	0
0	0
24	690
0	213
0	32
0	205
0	50
0	23
3	653
0	93
4	77
3	4
7	25
8	55
0	63
3	57
1	54
0	0
0	0
0	0
0	0
0	0
0	0
0	0
600	31
0	28
0	27
0	0
1	15
3	15
6	1609
0	1653
1	126
0	37
15	115
153	695
2	511
12	481
6	465
2	344
1	179
0	0
29	9
52	0
0	2049
1	2042
0	2063
0	2114
4	1048
0	1461
0	1216
0	142
0	134
149	468
0	228
0	72
0	188
0	21
1	96
0	52
0	541
58	526
1	431
6	388
0	72
5	111
6	138
0	106
1	33
0	119
16	106
0	57
12	89
4	803
0	710
3	743
54	528
0	519
0	598
0	111
1	64
21	65
0	23
1	104
5	95
0	20
2	9
0	0
0	74
0	66
0	73
0	3
0	70
1	64
0	3
0	8
0	5
0	1
0	2
0	2
0	14
0	2
0	1
3	7
0	5
0	3
0	2
0	7
0	4
0	5
1	7
3	40
0	4
0	23
0	2
1	17
58	84
0	41
0	96
0	10
2	986
10	994
2	862
1	768
1	256
2	93
0	375
3	51
17	351
4	176
0	0
0	0
0	0
0	55
0	0
0	0
215	671
3	671
11	59
1	1
0	0
0	0
0	1
0	0
0	0
0	0
1990	1442
8	1437
4	466
4	0
15	26
0	25
0	11
0	0
0	0
1	0
0	752
0	728
0	64
0	22
2	25
0	0
3	14
0	0
0	0
3	0
0	0
4	326
0	0
0	316
0	39
1	59
1	1022
2	1028
0	1076
7	1025
0	364
11	197
9	532
1	388
1	55
2	406
6	14
21	183
0	147
5	168
0	68
0	126
2	60
1	108
86	108
9	33
5	7
0	5
2	2
2	9
3	9
0	0
0	4
300	9
0	9
12	1
24	298
0	308
1	37
318	28
1	26
0	0
0	0
271	33
0	13
10	33
0	0
0	0
0	0
0	0
0	0
0	0
0	0
0	0
0	0
0	0
0	2
0	2
0	2
0	2
0	1
415	163
0	0
0	0
0	0
576	170
0	7
1	4
255	160
2	138
3	49
1	11
47	341
296	334
0	45
0	34
0	0
0	0
0	353
0	340
0	336
27	41
8	99
0	337
0	69
0	308
0	258
0	234
10	17
0	42
1	176
24	218
4	177
0	272
0	251
0	6
6	178
3	28
5	121
0	126
3	118
0	94
4	3
0	15
1	6
0	62
0	15
2	15
2	0
15	4078
0	3845
3	360
0	3880
0	454
0	4093
0	120
87	25
1	731
0	1016
10	1072
0	441
41	403
0	447
214	441
0	583
31	661
0	646
0	646
9	982
16	1039
0	370
50	492
29	448
0	131
0	0
0	2544
45	2654
7	1599
0	828
4	839
0	119
67	0
9	37
0	37
0	1
0	6
0	0
0	34
3	149
0	149
0	50
0	7
0	108
2	4055
2	17
0	12
0	20
8	17
546	4020
3	1360
9	3312
80	5999
0	3137
27	397
2	200
403	1314
136	158
50	1071
1	73
1	122
0	514
1	336
9	1070
0	832
14	1070
19	477
0	76
5	385
0	412
0	0
1	0
0	858
0	35
0	752
12	637
2	657
0	238
8	117
0	0
2	0
19	28
0	28
9	27
1	99
27	964
0	10
0	136
1	964
0	129
8	218
5	148
0	127
2	144
0	588
2	94
1020	94
0	116
7	2
2	4970
8	350
0	2
33	4963
1	505
2	1612
0	882
3	536
1	39
535	621
0	50
0	101
0	206
5	4
0	112
0	15
0	66
9	100
2	129
21	69
5	306
4	127
3	679
4	491
7	458
9	387
0	262
0	0
12	419
408	457
2	68
3	392
3	134
192	0
6	7425
0	9886
181	7153
0	8532
2	11434
38	7442
34	7616
63	9819
9	2519
46	940
0	2
301	885
0	784
0	67
2	134
11	149
0	0
13	306
1	0
71	35
3	35
0	0
2	0
126	15081
0	15021
4	14970
6	7132
10	7673
435	16069
8	5190
0	220
17	3483
0	3117
124	7837
7	2717
17	5678
29	6974
7	740
38	1462
0	0
126	312
26	263
3	49
0	0
0	0
0	0
0	51
0	383
0	365
0	440
2	3390
0	336
0	280
0	84
0	270
0	308
0	241
0	127
0	124
0	202
0	3716
14	3538
3	2340
1	856
4	22
0	790
0	871
9	30
0	888
4	857
0	880
1	110
3	50
0	96
8	45
4	93
9	42
0	42
1	43
0	43
0	43
0	43
0	42
0	17
0	1
0	2
0	0
0	9
0	0
0	0
0	0
0	0
1	18
0	14
0	18
0	0
0	4785
29	4815
51	4708
0	3513
13	1114
49	547
28	759
18	493
0	264
4	518
1	443
71	2629
7	367
0	507
26	223
3	115
1	115
3	2
0	90
8	2
1	33
0	0
4	14
4	220
0	11
1	0
0	0
0	217
3	87
0	91
5	93
6	101
0	101
123	158
0	46
0	111
56	251
6	141
18	223
0	96
0	256
0	13
0	34
28	1114
8	364
6	1019
3	988
0	820
3	157
0	268
0	510
7	797
0	708
3	716
1	173
5	505
0	0
1	99
0	0
57	953
1	26
1	937
0	80
0	56
2	0
1	48
2	7
1	28
1	22
0	34
1	29
3	1
0	802
14	2161
0	703
0	1359
5	568
6	940
8	475
7	477
88	2419
0	1504
45	1306
7	409
1	0
0	0
33	1810
2	1589
5	982
2	1544
0	1128
40	0
0	0
0	0
0	11
2	11
217	49
4	49
0	0
0	0
0	0
0	6
0	0
0	0
1	6
2	0
0	0
0	0
0	0
0	1
1	0
0	1
0	5
0	0
181	312
404	270
0	0
865	256
3	256
427	44
6	0
12	856
0	856
0	0
18	3
69	712
0	4
1	698
0	2
0	0
0	21
0	62
0	64
4	29
1	33
1	21
0	0
1	39
25	88
0	88
0	39
0	813
186	836
0	460
2	154
1	198
0	16
0	15
0	9
0	8
0	15
0	12
0	15
0	13
0	13
0	10
0	9
0	9
0	9
300	245
0	0
10	222
2	51
2	423
1	310
2	794
0	2221
0	1338
7	2013
0	2003
18	201
0	15
0	12
0	14
0	10
0	6
0	289
0	4
10	513
4	516
6	512
0	370
0	370
1	362
1	194
48	273
0	214
2	84
20	5
0	5
0	0
139	0
2	0
113	1016
0	68
0	63
0	979
3	25
220	3952
3	2874
0	4030
0	3847
0	0
0	0
7	301
2631	1117
1	388
0	1
1	1
0	0
0	104
6	6
0	6
0	0
0	21
0	462
0	462
0	462
0	23
0	1
0	1
0	417
0	1
0	53
8	366
3	165
63	77
1	142
1	96
5	13
15	180
1	44
0	336
0	494
12	467
12	253
16	163
0	214
0	170
3	35
0	84
9	70
3	40
19	2769
70	2816
0	2820
16	2450
3	133
0	357
4	491
0	0
4	334
0	0
0	110
5	48
0	401
0	913
22	867
0	431
12	891
10	9
0	231
3	20
1	564
0	1913
0	1726
0	1913
0	1792
0	450
0	473
0	1781
2	1528
0	358
0	0
0	147
12	179
0	122
0	15
1	20
1	24
1	16
0	1
0	1
145	16
4	4383
0	4257
1	4318
0	4444
17	101
2	287
21	73
2	207
45	1374
0	681
10	1650
0	402
4	369
11	1136
61	7542
673	8342
4	7935
224	2682
166	2682
0	379
143	348
6	360
6	404
75	281
7	415
19	453
0	0
47	153
31	131
0	0
1	1
714	726
187	734
0	0
16	51
66	0
30	49
32	428
6	137
0	120
8	393
0	320
0	369
0	349
4	70
1	31
9	337
4	4819
0	4513
63	514
0	260
19	4212
8	212
1	191
1	454
2	484
11	109
0	154
11	188
4	427
3	35
0	35
0	0
0	0
0	0
0	0
0	1
1	25
0	22
2	8
0	23
0	23
2	12
0	0
3	15
0	12
1	0
0	8
0	0
2968	2974
16	2974
64	436
2	426
4	178
1	52
15	0
0	0
0	13
11	13
1	2
0	24
0	40
0	20
0	17
3	9
1	51
0	216
98	216
1	47
3	0
20	173
51	1268
1	1147
7	31
0	266
13	1
1	205
0	0
2	4
0	4
0	1605
0	1110
215	1707
0	1365
0	476
6	550
1	1070
0	631
0	130
4	0
10	36
9	115
16	306
2	3
13	0
2	303
38	24
743	26
0	0
0	3244
2	3457
0	2845
0	832
0	1718
0	662
7	343
10	3021
1	3009
0	446
14	164
12	319
4	229
8	15
6	221
13	191
334	7872
58	7663
0	742
9	201
36	211
0	337
111	1
18	0
0	60
0	106
0	106
0	106
0	77
0	20
1	0
0	0
52	0
0	44
1	35
0	29
0	0
58	183
0	183
4	0
0	0
275	35
0	0
7	35
0	32
5	3
0	4
0	17
0	27
0	16
20	4171
9	1406
422	2125
77	4056
0	64
1	4012
0	1
0	0
0	0
0	0
3003	16294
82	16294
25	3396
0	0
0	0
0	4
64	326
2	341
3	341
0	279
441	42
399	96
0	0
64	0
56	1059
117	1063
11	39
13	38
0	4
0	54
293	166
0	155
10	272
8	192
1	266
0	275
113	290
1	177
0	54
0	166
17	165
20	138
5	0
0	0
0	0
0	0
0	0
0	0
0	0
37	488
0	494
0	0
11	207
0	140
0	406
35	36
0	404
6	387
0	27
0	53
9	10
3	0
20	0
0	0
0	0
0	0
0	0
0	0
0	0
0	0
11	0
0	0
0	0
10	1032
3	823
1	553
1	408
2	108
10	60
0	25
0	107
5	45
0	137
0	174
2	107
3	366
4	42
2	153
0	325
1	279
3	132
0	89
0	30
0	59
2	23
0	9
0	16
3	4488
0	4439
0	4483
0	4176
0	4439
1	2868
42	1963
4	757
5	971
38	840
3	832
5	287
0	0
2	0
0	0
9	0
2	0
1169	0
234	1099
0	781
12	548
0	42
1	426
4	443
2	426
1	304
1	251
3	229
14	134
10721	6569
17	4706
5	1697
16	1927
1345	143
3	61
19	80
3	0
284	29
0	6
0	23
4	312
0	324
0	339
1	359
0	354
0	0
0	226
70	1620
0	1584
2	299
4	36
0	71
0	129
0	132
1	107
1	274
16	273
7	138
24	265
2	113
0	65
0	23
0	5
0	2
26	0
3	120
0	112
1	114
0	19
2	58
1	123
0	118
0	21
11	31
0	54
2	29
3	56
35	56
4	54
16	42
12	10
34	794
1	543
0	539
4	371
0	180
0	135
14	205
8	15
0	244
0	2023
0	23
184	256
0	289
0	2022
0	0
3	135
2	1
0	0
1986	1248
1	499
8	222
0	118
7	210
0	0
2	355
0	203
13	20
5	126
0	125
1	32
0	1
4	5
0	6
5	6
0	2
3	1
985	66
5	66
0	0
25	1
42	28
2	28
23	1969
857	2617
10	2678
0	659
33	826
1	1056
3	1138
6	1246
22	1238
1	0
0	1
0	0
0	4
0	4
0	4
0	4
0	4
0	4
0	4
0	0
0	0
0	0
0	4
0	0
0	1
35	11
0	104
0	1
7	87
0	145
2	154
2	0
0	104
0	104
0	0
7	1
0	0
0	0
0	0
2	0
0	0
0	0
0	7
0	7
0	6
0	4
0	2
1	0
0	0
0	0
0	9
0	9
0	7
0	9
0	4
0	4
0	4
0	0
0	2
0	2
0	0
1	0
0	0
0	0
0	0
0	16
0	1
0	0
0	0
0	0
0	0
0	0
1	0
0	0
9	194
24	264
31	276
10	143
0	83
5	52
5	444
0	568
0	564
0	479
0	51
0	165
214	133
0	0
0	0
0	0
0	0
0	0
0	0
0	0
0	0
0	0
0	0
0	0
0	0
0	0
0	0
0	0
0	0
0	0
0	0
0	0
0	0
0	0
0	0
0	0
0	0
0	0
0	0
0	0
0	0
0	0
0	1
0	0
0	0
3	26
191	487
0	1300
0	1289
0	1308
1	442
0	609
0	558
0	0
69	98
0	792
4	574
20	522
3	147
20	0
103	348
19	340
14	13
2	3
1590	0
0	0
65	58
0	39
0	23
483	799
3	799
5	338
13	324
76	322
0	89
1	183
16	127
21	6
0	127
0	126
0	0
0	0
0	0
0	0
2	1
0	1
0	1
0	1
0	1
0	55
0	8
0	59
0	7
4	6
1	6
0	13
0	0
0	12
0	52
11	60
0	22
0	7
0	0
0	0
0	0
23	478
23	446
0	115
0	2
1	105
0	3
2	434
0	41
2	18
5	0
1	14
0	0
0	0
0	0
0	0
0	0
0	0
0	0
0	0
0	0
0	0
0	0
0	0
0	1
0	1
0	0
0	0
0	0
0	0
0	1
0	1
0	1
0	0
0	3
67	0
0	0
0	0
0	0
0	0
0	0
0	0
0	0
0	0
0	0
0	0
0	0
0	0
0	0
0	0
1	0
0	0
0	0
0	0
0	0
206	0
6	0
0	0
0	0
0	0
1	0
0	0
0	0
0	0
0	0
0	0
0	0
0	0
0	0
0	0
0	0
0	0
0	0
0	0
0	0
0	0
0	0
0	0
0	0
0	0
0	0
0	0
0	0
0	0
0	0
0	0
2	0
0	0
0	0
0	0
0	0
5	52
2	52
0	4
0	4
0	8
0	8
0	6
0	0
0	0
0	0
0	0
0	0
0	0
0	0
0	0
0	0
0	0
0	0
0	0
0	0
0	0
0	0
0	0
0	0
0	0
1	0
0	0
0	0
0	0
1	8
0	0
0	0
0	0
0	0
0	0
0	0
0	0
0	0
0	0
0	0
0	0
0	0
0	0
0	0
0	0
0	0
0	0
0	0
0	0
0	0
0	0
0	0
0	0
0	0
0	0
0	0
0	0
0	0
0	0
0	0
0	1
0	0
0	0
0	0
0	0
0	0
0	0
0	0
0	0
0	0
0	0
0	0
0	0
0	0
0	0
0	0
0	0
0	0
0	0
0	0
0	0
0	0
0	0
0	0
0	0
0	0
0	0
0	0
0	0
0	0
0	0
0	0
0	0
0	0
0	0
0	0
0	0
0	0
0	0
0	0
0	0
0	0
0	0
0	0
0	0
0	0
0	0
0	0
0	0
0	0
0	0
0	0
0	0
0	0
0	0
0	0
0	0
0	0
0	0
0	0
0	0
0	0
0	0
0	0
0	0
0	0
0	0
0	0
0	0
0	0
0	0
0	0
0	0
0	16
0	0
0	0
18332	554
45	0
0	0
0	0
0	0
0	0
0	0
0	19
0	18
0	0
0	0
0	0
21	0
0	0
0	0
0	0
0	0
0	0
0	0
0	0
0	0
0	0
0	0
0	0
0	0
0	0
0	0
0	0
0	0
0	0
0	0
0	0
0	0
0	0
0	0
0	0
0	0
0	0
0	0
0	0
0	0
0	0
0	0
0	0
0	0
0	0
0	0
0	0
0	411
0	411
0	207
0	0
0	0
410	0
13	0
1757	239
4	239
0	0
0	0
0	0
0	0
1	0
1	0
0	3
0	0
0	3
0	0
0	9
0	9
0	9
0	2
0	7
0	7
0	0
867	9897
38	5871
0	5973
114	11
108	2009
562	64
1976	735
52	731
0	7
1	38
0	40
341	0
11	551
81	637
14	59
0	38
18	498
4	41
0	0
10	2796
0	2796
0	3
1	0
6	0
1	248
288	546
0	99
5	67
4	422
0	525
0	0
0	0
0	0
0	0
1	1
0	0
0	1
0	1
102	4
30	4
12	452
0	398
0	352
1	0
0	7
0	64
4	179
0	196
0	38
1	165
0	5
0	0
0	6
3	1115
20	1114
93	929
14	740
5	740
9	1211
2692	1217
31	198
0	0
3	44
0	27
0	0
0	206
0	189
0	74
0	42
0	36
0	37
0	35
0	16
0	23
0	10
0	7
0	0
0	0
6	0
11	87
19	6
2	75
0	63
0	0
0	0
0	0
0	0
0	0
1893	539
4	329
2	115
1	13
3	325
145	447
136	136
0	0
0	0
0	0
0	0
1	0
4	129
224	457
1	73
1	11
8	386
0	0
0	0
64	0
1	279
2	264
10	260
1	1372
2	78
51	225
0	1331
0	1331
0	45
0	1317
21	60
14065	23392
25	5138
0	4343
33	6049
18	5118
239	8801
29	5343
1	2437
0	918
5	913
0	889
0	932
0	899
0	878
1	655
0	454
0	0
4	122
0	344
4	357
4	286
0	242
0	255
0	234
0	274
0	222
2	229
9	147
1	146
0	172
0	121
1	17
0	54
0	44
0	0
0	0
0	0
0	0
0	0
0	0
0	0
1302	1299
24	128
0	0
30	367
0	641
0	673
0	381
0	467
0	159
0	0
74	362
3	36
1	346
0	2
0	2
0	4
3	0
0	4
0	0
0	0
11	0
0	0
2	740
6	1021
1	211
1	622
1	195
6	76
0	154
0	64
0	138
4	69
0	0
0	0
43	748
9	190
0	356
2	7
6	450
52	58
2	237
53	7
1	5
369	0
2	2173
0	2265
1	21
1	1913
0	25
92	8
7	101
24	175
1	516
53	276
13	536
37	149
3	175
7	215
0	264
20	300
9	276
230	471
3	458
36	13
821	1461
53	390
7	1071
0	0
0	0
212	785
0	517
2	486
0	435
1	269
0	206
9	262
1	40
57	775
0	272
15	716
0	307
13	21
0	176
0	11
0	8
0	6
0	10
0	377
0	393
0	312
1	433
0	378
9	52
0	42
6	66
0	20
0	24
0	18
4	31
7	7
2	39
0	70
0	0
0	0
0	0
0	0
0	0
0	0
0	0
0	395
3	276
1	379
11	357
0	44
26	152
0	20
486	586
4	451
0	44
2	0
1	46
0	0
1	113
0	0
0	0
0	0
0	0
0	0
0	0
0	0
0	0
0	0
0	0
0	38
11	7
5	7
1	0
0	0
198	0
0	1
0	297
0	296
0	74
1	278
0	116
14	38
0	28
0	49
0	17
5	6
838	383
3	262
2	81
4	121
0	0
16	1036
1958	1036
8	2465
72	2465
0	940
2	162
10	781
0	821
0	49
3	1049
16	287
4	447
0	950
0	62
0	760
0	189
16	489
0	534
1	540
5	120
2	116
12	730
10	594
18	576
0	389
0	138
2	485
0	1180
0	243
0	1015
92	1406
7	750
41	1406
0	1112
6	724
3	980
81	2320
18	2320
4	94
68	1054
12	1054
0	278
0	77
0	5
6	4
0	1
164	744
0	668
5	99
7	117
6	105
18	0
358	0
1443	1127
30	1127
0	456
9	328
299	602
0	602
1	72
11	79
338	0
0	0
0	0
381	2735
0	74
100	2631
0	2781
6	2
7	170
4	0
1	1637
1	0
0	0
0	0
2	62
31	98
4	60
1	51
0	0
2	83
11	505
14	512
116	49
2	51
7	83
1	502
0	510
0	169
1	99
0	18
43	354
4	4
3	4
0	20
0	21
0	26
6	2
0	2
0	2
0	1
52	195
764	195
6	155
31	529
2	529
51	155
1	19
0	349
0	1267
0	5
1	1274
0	1263
1	1273
0	389
0	8
6	8
0	10
0	8
62	0
2	391
31	297
0	1324
0	71
0	118
0	160
0	510
0	157
0	91
727	0
27	568
25	134
6	63
32	159
293	596
0	750
1	33
21	2
434	625
1	11
8	231
0	37
1	755
6	774
8	466
4	486
35	0
0	8
0	8
0	6
0	7
0	1
0	0
3	48
0	1
3	1
0	0
0	0
0	0
0	40
9	5
0	5
17	378
0	2
4	378
13	171
0	2
5	11
0	14
0	14
1	14
0	28
2	378
0	266
0	48
0	19
2	41
0	169
34	233
1	235
0	104
0	48
6	85
2	81
0	61
0	25
0	0
0	0
78	1525
0	1398
0	1474
0	1533
0	150
9	23
15	3
5	248
0	0
2	0
0	0
0	0
0	0
0	0
0	0
0	0
0	0
0	1
0	1
0	1
0	0
0	3
1	3
0	2
0	2
0	2
0	8
7	8
0	0
0	0
3	11
0	10
0	9
0	10
0	8
0	1
0	6
1	6
0	5
8	5
18	2
0	2
1	0
0	41
19	39
2	32
0	11
0	0
0	0
0	0
0	0
0	0
0	888
1	903
0	888
0	320
0	291
0	202
5	174
7	65
0	87
0	86
10	28
7	34
67	15
62	655
2	680
5	99
3	0
163	0
0	0
10	2
0	2
0	2
0	1
0	0
194	283
0	281
0	38
0	32
0	262
0	21
0	0
0	0
0	0
13	0
4	0
0	0
0	0
0	0
0	0
0	0
0	0
0	0
0	0
0	0
0	0
0	0
1	0
2	85
0	605
2	582
1	417
2	354
1	24
0	29
176	219
0	219
2	133
5	21
0	9
0	1
1	13
0	3
0	1
1	3
0	0
0	1
0	0
0	0
0	0
7	305
0	234
3	155
0	0
0	0
0	0
0	0
0	0
0	0
0	0
0	4
0	4
0	2
0	2
0	1
0	1
0	0
894	1207
69	1204
1	290
2	956
1	949
0	892
20	443
15	314
5	307
0	0
1	154
0	58
36	48
0	0
0	0
0	0
0	0
0	135
0	135
0	102
0	101
0	92
15	104
0	103
0	7
5	0
16	0
10	2
6	0
5	0
0	13
0	16
0	4
2	13
0	1
16	0
0	0
1	0
4	0
2	0
0	0
0	3
0	0
0	3
1	3
0	0
0	0
0	0
0	0
9	0
109	42
2	42
0	0
0	0
0	38
1	1
0	15
26	43
12	43
0	2
2737	34
112	34
0	0
1	1
0	67
1736	534
0	245
0	0
1	117
0	147
0	147
0	111
510	31
3	31
0	17
1	1
0	0
0	0
0	0
0	0
0	0
0	0
0	0
0	0
162	0
0	38
0	0
0	0
0	0
0	0
0	0
1	0
2	0
0	0
9	49
0	48
0	1
0	17
0	0
0	0
11	4
0	0
0	0
0	0
0	63
0	4
0	0
0	0
0	0
0	1
0	1
2	1
0	1
0	0
0	0
0	0
0	0
1	276
0	287
5	205
0	0
17	44
18	47
0	0
13	0
0	0
0	0
224	9
1	73
126	69
9	17
0	56
1	158
0	157
21	0
3	0
5	215
22	10
44	215
0	11
0	10
1	3
0	4
0	11
0	3
0	0
0	5
0	0
10	11
0	1
0	11
0	0
0	0
107	1133
4	1169
20	169
34	516
0	302
67	1178
0	926
0	936
5	494
0	918
13	205
16	479
0	147
2	0
561	650
1	650
80	12
131	795
77	795
0	79
114	1024
15	636
0	1000
4	161
3	75
0	337
0	320
27	934
8	903
13	915
2	24
51	685
2	3
6	43
3	9
2	147
1	41
4	9
1	134
0	492
26	586
7	511
4	26
0	26
350	0
24	140
16	140
54	1
649	3
0	0
1693	372
2	370
7	6
89	1264
63	1429
31	604
0	0
2	0
0	0
2183	32
473	0
2800	449
0	430
0	0
0	0
1	2325
0	2237
0	2124
0	2212
0	280
3	62
9	246
10	167
20	1050
1	975
0	50
0	0
6	574
4	2860
11	2887
81	3179
5	174
1	18
0	0
0	188
2	1309
0	149
2	112
12	55
0	271
1	121
2	102
0	230
1	27
1	11
0	494
40	487
0	5
0	84
26	37
0	0
289	0
2	12
78	85
0	142
2	445
35	910
1	79
0	83
0	138
38	29
0	175
0	585
114	171
7	76
1	287
22	164
0	135
0	119
10	353
5	1408
2	74
0	1464
3	218
97	76
149	1097
0	246
4	149
1	34
11	132
3	141
135	1163
0	1029
10	861
0	134
0	236
4111	223
58	2315
397	2315
2	2
5	31
0	31
5	283
0	1735
2	1709
86	392
11	51
1	800
1	163
0	10
6	464
2	452
0	28
0	13
19	1214
50	725
0	654
11	613
0	0
0	0
81	0
13	442
48	639
10	719
0	580
2	5
1	5
0	132
1	125
1	4
0	31
23	21
0	0
9	0
0	0
1141	402
3	21
0	251
0	254
558	0
2	0
856	2
6	2
6	174
132	174
2	99
0	0
1666	0
2	0
731	2528
36	2405
0	515
7	202
0	216
0	0
0	0
0	0
172	179
0	65
0	94
4	71
0	99
33	17
0	1498
14	1571
140	1007
67	723
1	178
21	93
4	102
0	19
1	20
0	0
0	3
20	22
0	0
607	0
14	29
1	32
0	30
1	14
0	3
112	0
0	0
0	0
7	0
3325	834
0	71
0	297
0	466
0	0
189	1903
4	1822
0	1958
4	211
5	1327
2	1323
0	1245
2	138
0	1025
6	398
2	354
1	174
18	167
0	0
2	409
2	438
0	406
5	25
2	92
20	375
0	15
0	81
0	28
0	375
0	0
0	0
0	0
0	0
0	0
0	0
0	0
0	0
0	0
0	0
0	0
0	0
0	0
0	0
0	0
0	0
0	0
0	0
0	0
0	0
0	0
0	0
0	0
0	0
0	97
0	0
0	0
0	0
8	53
0	0
0	0
0	0
0	0
0	0
2	0
1	1
37	435
1	277
2	158
0	1
0	0
0	0
0	0
0	0
0	0
0	0
0	0
0	0
0	0
0	0
0	0
0	0
0	0
0	0
0	0
1	14
0	0
0	0
0	0
0	0
123	11
0	11
138	798
0	543
2	798
1	461
0	0
0	0
1	25
4	25
19	7
0	0
3	35
0	3
0	0
0	0
0	0
0	111
1	0
27	549
7	676
0	808
6	345
1	2680
0	2580
0	2477
0	2564
36	1022
0	0
0	0
0	0
0	0
0	0
0	0
6779	834
7	170
0	733
0	0
0	0
0	0
0	0
0	0
0	0
0	0
0	0
0	0
0	0
0	0
0	0
0	0
0	0
0	0
0	0
0	1
0	0
0	0
0	0
2536	2708
12	2708
0	0
0	0
1742	64
3	87
4	60
0	42
3	323
1	2623
31	2603
0	2113
1	412
0	101
8	89
0	418
0	1774
11	321
14	184
0	91
421	4005
12	4005
1	2768
3	729
0	337
0	288
5	288
6	6
0	6
8	0
0	0
0	0
0	0
15	705
3382	832
2	148
0	79
1102	406
1	8
0	28
1	37
1	316
0	355
0	0
42	269
5	121
0	137
1	61
3	25
537	3108
0	3108
0	0
9	1018
3	687
0	0
69	554
6	38
4	531
2	15
0	37
5	172
2	128
2	76
0	60
0	569
3	13
32	540
2	464
0	589
11	0
10	0
0	51
0	0
0	0
0	0
0	0
0	0
0	0
0	0
0	875
0	855
4	676
0	641
1	33
20	146
0	76
0	76
0	38
2	84
3	4
5	0
0	541
0	541
13	0
16	1
3	19
0	0
1206	0
0	0
52	482
0	552
10	112
0	2
0	0
1	0
9	345
0	4
0	0
3	91
0	0
0	0
0	0
13	0
0	59
0	0
0	0
0	0
0	0
0	0
639	246
1	226
0	20
175	190
0	186
0	135
7	0
0	39
0	38
0	0
0	0
0	0
0	0
0	0
0	1
0	1
0	0
0	0
0	1
0	1
0	0
0	0
6	0
1	0
12	105
59	157
5	1196
0	1231
37	609
0	1202
0	1202
0	1151
3	969
0	854
7	865
0	1035
3	866
0	144
0	532
0	191
27	0
0	38
1	87
0	0
7	587
0	0
1	0
3	771
4	771
27	771
3	0
22	31
0	31
0	2
0	2
0	0
0	0
0	0
0	0
0	0
0	0
0	0
0	19
0	14
0	0
0	2
0	2
0	18
0	2
0	16
0	10
0	15
0	9
0	9
1	0
0	1
0	4
0	17
0	11
0	1
0	15
34	0
107	4
7	4
0	5
5	0
0	1393
30	1660
7	1365
36	1381
3	1381
0	748
4	370
48	503
2	192
8	168
207	104
0	75
10	2
0	0
1	6
7	6
9	68
14	0
0	0
0	0
0	1
6	0
585	11108
1	9696
0	8182
46	2750
0	3297
16	2604
150	5289
0	4578
0	4578
0	4578
1	4588
23	4203
0	3281
4	1570
0	1010
3	560
7	81
1	3
13	654
0	613
0	635
36	321
3	16
8	31
0	76
1	0
0	0
19	417
37	396
10	57
548	1209
1	299
0	1211
18	66
5	0
3	215
5	167
0	126
38	91
8	152
0	256
0	247
0	246
1	246
0	9
0	27
0	0
0	1
0	16
0	20
0	0
0	0
0	0
0	0
0	545
3164	968
24	3
0	179
0	218
22	0
63	27
49	0
8	0
13	39
47	0
24	0
0	0
0	93
56	1
21	95
0	0
4	650
0	407
0	529
0	0
52	181
8	1
0	1
0	0
0	2
1	5
0	5
0	2
2	121
1	121
29	33
2	0
0	0
4	1615
478	1853
0	0
25	111
4	263
0	0
15	215
0	0
0	232
0	6
0	552
0	99
1	123
4	391
0	11
0	0
0	11
0	11
1	5
0	0
0	0
0	0
0	32
5	0
0	44
0	90
0	83
0	32
0	85
0	93
0	76
0	93
1	95
0	115
1	140
11	108
0	59
0	43
0	6
0	19
0	0
3	5
0	0
0	8
3	8
0	0
0	0
1	0
0	0
141	1153
10	1157
3	252
11	0
3	4
1659	5
0	1
0	0
0	0
7	25
35	224
967	521
0	433
0	242
0	0
0	0
1	221
0	0
0	0
704	480
3	480
0	0
0	1
0	0
0	0
0	1
0	0
0	1
0	1
0	0
0	0
0	0
5	26
218	32
1	0
1	653
0	2182
163	2181
0	1933
3	101
8	52
4	126
6	104
0	144
13	0
0	172
0	121
0	110
1	47
6	0
0	0
134	5
7	88
65	83
0	46
0	28
34	23
0	0
0	0
100	10
94	1128
3	848
0	923
0	845
1	628
1	618
13	185
0	3
0	166
41	141
8	6
53	800
0	745
3	376
0	747
0	443
1	10
0	0
1	19
0	0
7	1085
958	1079
2	742
42	544
0	162
1	384
5	529
2	479
0	117
0	74
0	438
9	104
0	174
15	19
685	1667
10	1610
3	1573
9	9
2	111
154	1266
7	1230
2	967
0	279
1	3
0	0
2	0
0	0
16	15469
0	15158
2	15143
0	14928
25	1337
93	14766
6	218
30	296
9	55
2	0
0	2924
9	177
0	1184
59	2937
0	728
23	557
0	518
3	377
0	0
10	2922
0	621
139	177
1	490
0	621
0	110
9	552
0	85
0	320
0	148
0	35
1	0
0	0
1	50
0	0
0	0
0	0
0	0
0	1961
0	2080
0	15
4	0
0	0
0	1013
0	1987
26	1893
5	95
0	8
8	545
3	2
2	2
1	184
8	182
1	11
0	0
0	11
58	838
16	832
7	36
0	183
20	134
0	0
0	0
0	0
0	0
0	0
0	2
0	0
0	0
0	0
0	2
3	32
0	0
0	0
0	0
0	0
0	0
3	0
513	1072
4	161
0	825
1	129
3	238
0	0
0	101
1	388
0	506
0	587
0	712
0	632
0	492
12	214
15	77
4	0
0	0
8	112
0	4
0	4
0	0
0	0
0	0
1804	1509
0	1507
10	267
0	0
0	2
81	1412
0	382
0	382
0	1039
0	145
9	612
6	35
4	64
271	145
17	2
3	48
442	40
1909	339
10	91
0	0
4	235
24	33
0	0
0	0
0	0
0	0
21	260
38	260
10	0
315	1360
0	1360
2	41
1	3
1	110
0	627
16	562
4	321
5	55
1	169
2	255
0	57
5	166
0	1773
0	1873
0	1580
1	880
23	271
0	268
4	266
35	300
0	0
30	118
0	118
3	30
0	1
0	0
556	238
0	238
6	0
0	19
0	25
0	150
27	150
0	9
4	9
0	15
0	0
3	0
0	5
0	19
14	19
1	0
0	0
0	0
0	0
0	0
171	2504
78	1488
0	2239
75	1326
0	1865
0	97
1	307
68	290
15	330
4	0
0	1499
0	1399
24	1372
39	328
0	0
79	707
305	568
51	194
0	20
0	0
752	122
3	122
0	0
19	2385
5	1999
25	2001
7	1527
32	1873
0	1964
2	1770
18	226
0	2
0	2
6	65
244	65
4	1185
0	1257
4	0
26	836
5	51
1	7
3	109
0	109
0	5
0	5
0	0
0	1
0	1
0	1
0	0
0	0
0	0
0	0
0	1
0	0
0	0
806	963
71	959
0	9
0	9
0	6
0	0
2	2593
25	781
41	1895
81	2619
0	2696
64	0
0	127
1	65
0	0
0	0
1	0
0	0
0	0
12	0
2	93
0	93
0	0
0	0
0	0
830	918
1	911
0	899
0	874
0	873
0	0
26	691
0	0
0	0
0	93
0	0
0	0
0	0
0	1
4	610
0	0
0	0
0	0
0	0
0	0
0	0
0	0
386	501
6	94
0	234
0	357
0	0
0	21
14	4455
0	4023
0	3996
0	4099
1	2501
25	2608
118	3776
2	3202
4	1798
0	1566
3	11
1	11
0	952
31	888
25	1018
28	924
65	894
2	11
0	322
0	276
1	55
3	5
0	5
0	1
0	0
4	1
0	0
14	67
3	67
6	0
0	0
2	0
2	0
0	0
8	12
5	12
8	0
73	0
0	0
1	0
127	20
0	20
5	29
1	16
2	3
3	13
0	0
5391	0
2	0
323	1102
2	346
4	49
19	402
0	0
1	56
1	11
0	0
26	440
754	411
15	400
1	0
0	0
9	11
0	0
0	0
197	0
2	0
11	73
0	53
0	38
3	16
1	54
8	59
1	45
1584	1283
0	295
0	158
0	127
30	679
55	660
0	544
1	0
0	0
0	0
0	0
0	4
0	4
6	8
0	1824
255	1942
1214	1957
4	1808
0	1819
1	1808
1	1820
0	1799
131	0
148	766
10	526
0	918
10	307
0	183
31	113
74	47
0	47
40	23
0	151
0	0
0	0
0	0
0	0
0	0
0	0
0	0
0	0
0	0
0	0
0	0
0	0
0	0
0	0
0	0
0	1
0	0
0	0
0	0
0	0
0	0
0	0
0	0
0	0
0	1
0	0
1	5
0	5
0	0
0	0
0	0
0	201
411	363
0	96
0	201
5	0
2	134
157	321
0	106
0	268
32	5
2	0
1	44
5	27
0	0
1	0
0	0
2592	101
26	0
3	87
0	0
0	0
0	0
0	0
0	1
0	1
0	1
1342	397
0	186
40	0
0	214
530	0
340	659
7	0
1	659
0	0
8	83
646	131
27	129
25	3
0	0
0	0
42	2376
7	2353
0	671
1	377
11	255
9	84
0	8
44	31
4	48
0	19
20	47
2	2329
1	125
24	1316
29	113
0	972
0	954
0	202
0	51
3	0
0	19
0	0
0	958
0	0
0	1
0	0
0	2
0	2
3612	10953
10	9279
24	7265
23	6130
0	3516
0	0
2	4
1	4
7	0
0	0
1	0
2	0
0	1662
0	56736
111	9705
58	11991
88	56706
665	1114
22	140
6	1013
0	184
1	97
0	141
0	0
0	0
0	0
0	0
0	0
0	8
1605	218
1	98
0	119
0	1885
49	1877
0	1075
0	1364
0	376
3	2
0	1
0	1
1	0
0	0
3	0
0	0
0	0
0	0
0	0
0	0
683	372
1	42
36	181
0	351
490	428
8	1
2	0
3	39
1	65
9	95
0	292
0	31
0	22
0	0
8	316
1	316
0	315
0	237
2	237
0	0
0	0
1	0
0	0
0	0
0	0
0	0
0	0
0	0
0	4
0	0
0	0
0	0
0	0
6	2022
0	0
0	746
7	903
0	167
0	642
0	183
0	100
0	169
0	536
0	37
0	524
0	103
4	706
0	28
0	18
0	23
0	643
0	0
1	52
0	40
5	4
0	0
0	385
0	0
4	99
0	46
89	30
14	267
14	281
15	0
0	0
43	213
0	0
0	0
0	0
0	0
0	0
0	283
0	0
0	0
0	8
0	0
0	0
0	0
0	0
0	0
0	0
0	0
0	0
0	0
0	0
0	0
0	0
0	0
0	0
0	0
0	0
0	0
0	0
0	0
0	0
0	0
0	13
2	13
0	3
0	9
0	0
0	0
0	0
0	0
0	0
0	0
0	0
0	0
1	6
0	0
0	3
559	343
38	402
28	205
7	105
13	16
1	76
3	62
0	0
0	52
3	52
0	3
0	0
0	4
13	0
176	0
61	1
2	0
4	5
74	64
0	0
0	59
0	0
0	0
0	0
0	0
0	0
0	0
0	0
16	175
0	182
0	180
0	264
0	264
0	268
0	264
1	123
0	203
0	162
0	70
0	147
0	162
0	66
19	134
0	129
0	48
5	35
0	134
0	129
0	129
0	126
0	48
3	126
0	45
0	42
0	45
0	44
5	105
0	75
0	74
0	57
0	57
1	14
1	14
0	1
2	24
0	28
0	1
3	2
68	2
15	1248
0	1325
1	253
1	1494
0	859
2	192
8	101
0	0
0	0
2	0
0	0
546	0
2	0
0	0
0	0
0	0
0	0
1	0
2	0
0	0
0	0
17	417
0	0
30	111
0	105
0	61
7	16
21	24
3	5
1	25
0	1
2	0
0	728
0	805
11	762
4	269
64	25
1	436
2	0
0	0
0	0
5	33
113	328
0	320
4	18
0	0
33	2849
5	470
14	493
17	2627
0	85
29	2615
21	2
0	2799
27	2529
0	2370
0	2735
0	1516
2	100
0	81
4	414
14	0
1	97
1	97
4	0
0	0
0	0
1	3
0	0
0	3
0	0
0	8
1	8
2	0
1	1
0	1
7	0
6	0
273	473
23	28
0	110
0	171
0	152
6	10
0	67
0	55
4	316
38	0
0	0
0	0
0	372
1	0
3	0
78	2694
0	2804
0	2804
2	2834
0	1892
0	1717
11	46
0	260
0	128
0	230
15	35
4	959
0	187
0	107
57	98
4590	11973
39	4435
34	4808
0	0
1	6724
4	844
27	210
3	0
12	219
0	2106
0	0
0	0
16	1070
46	1146
3	153
13	76
2	0
17	0
0	0
1	1
0	0
0	0
0	0
0	0
0	267
2	24
1028	1434
2	42
1	699
0	1097
0	2
0	2
0	6
150	79
0	47
0	18
1	12
8	0
0	0
0	0
0	0
0	0
0	0
0	0
0	0
0	0
0	0
82	739
10	434
4	305
12	308
0	252
27	244
10	269
0	120
0	9
2	49
4	94
0	70
0	0
3	38
0	0
170	2
0	0
0	0
0	0
36	0
0	1370
0	33
0	2235
0	1109
0	97
54	2460
0	240
0	1953
5	1419
9	520
2	1065
8	334
2	665
2	425
2	289
0	297
0	0
7	9
0	0
0	0
0	3
3	44
0	0
0	6
0	0
0	0
0	0
0	0
323	0
0	0
0	0
1221	2136
1	1942
0	1225
0	1192
7	326
45	0
0	0
0	0
0	0
0	0
0	0
0	0
0	0
0	0
0	0
111	891
0	891
7	18
3	0
1	0
0	0
5	0
0	0
3	0
0	0
0	86
0	0
0	0
149	1000
0	150
0	114
5	94
2	101
28	359
2	816
2	64
0	482
6	18
18	85
10	74
0	189
258	2073
0	1826
10	89
28	300
42	564
1	300
6	37
0	296
15	42
15	51
691	4215
9	433
0	3924
83	218
69	0
17	38
28	1219
28	0
18	3
0	6470
0	0
0	0
0	0
0	0
1	0
0	0
6	11
38	43
0	0
0	24
0	0
0	5
0	3
0	24
0	0
0	3
9	1734
3	1674
0	766
2	778
1	818
0	187
0	231
0	143
16	26
673	217
11	216
7	39
1	40
0	3
0	44
7	55
0	55
1	9
0	4
4	0
2792	5234
0	3699
0	1223
18	1419
0	0
7	2436
0	0
0	0
0	0
0	0
0	2292
0	0
1	0
1	0
21	33
14	35
3	35
0	66
797	329
143	238
11	106
3	41
9	69
0	0
4	1687
1	1474
67	0
25	1649
80	357
4	127
0	1781
4	201
0	240
0	301
8	179
19	0
0	0
5	1
44	1
38	598
0	581
0	0
17	467
37	0
0	19
7	142
1	190
1	193
0	133
0	37
15	48
0	66
0	17
42	3417
0	325
18	2926
69	1011
94	100
0	611
18	517
0	773
0	625
0	183
6	1479
0	480
202	224
2	340
0	139
1	313
0	473
0	0
19	360
18	828
2	243
12	791
0	100
3	132
53	232
2	254
4	47
0	115
0	128
6	25
19	1119
1212	1509
11	93
0	0
1	287
61	184
0	205
1	18
0	62
0	57
0	23
0	5
6	4
0	3
1	0
15	2
418	5039
3	1
1	0
2	0
198	5039
0	0
0	99
0	170
0	194
0	0
28	28
27	214
0	194
0	0
0	44
0	0
1	22
0	7
0	7
0	9
0	9
0	7
0	9
0	7
0	9
0	9
0	2
0	273
0	418
0	263
0	263
0	263
1	250
1	250
0	263
1	263
0	219
0	232
1	242
1	200
1	50
1	121
0	61
0	57
1	79
0	49
3	0
3	142
0	108
0	3
0	53
2	35
0	3
0	106
34	0
4	0
452	343
1	101
0	70
0	178
2	149
18	13
5	120
0	2
0	2
1	0
0	0
0	0
0	0
0	0
0	0
0	0
0	0
5	199
1	79
1	193
1	2
2	23
0	11
0	6
20	0
0	0
0	0
0	0
0	0
0	0
1	38
0	0
5	21
29	2266
0	2646
0	1796
0	2724
0	2330
0	1132
58	117
0	720
79	849
14	331
0	6474
6	55
45	2
0	11
0	9
0	7
0	0
0	9
0	0
0	0
14	465
0	465
1	0
1	0
40	81
48	85
2	60
0	61
0	36
27	23
0	0
3	32
9	0
0	0
1	0
1	0
0	12603
176	12606
0	2641
0	2641
0	2642
0	2641
0	2641
0	2624
0	2625
128	2364
4	130
9	1427
10	0
0	0
0	0
3	799
0	0
1	9
0	0
0	0
0	0
0	55
10	101
0	99
0	0
13	2
0	0
0	0
0	0
0	0
0	0
0	0
0	0
0	0
0	0
0	0
0	0
0	0
0	0
0	0
0	0
0	0
0	26
0	0
0	0
0	0
0	0
0	0
0	0
0	0
0	0
8	25
1	24
0	6
192	9190
4	9376
37	3018
2	8146
2	1
0	1
0	1
0	0
60	6
2	7
0	4
2512	0
0	0
27	41
23	41
2	1
10396	4388
211	4372
2	3237
8	0
538	0
4	241
2926	0
1944	1506
140	3
1	0
72	507
0	1506
0	30
23	173
53	173
0	520
0	555
6	509
0	528
4	345
82	291
0	142
8	251
2954	251
0	1
225	755
9	755
0	0
0	0
0	0
0	0
0	0
0	0
0	0
0	50
0	50
6	8
0	4
8	5
6	5
0	0
0	0
0	0
0	0
0	18
0	0
0	18
1	18
0	0
0	0
3	0
0	0
0	0
0	0
0	0
0	0
0	0
0	0
0	0
0	10
0	13
128	320
22	187
1	305
2	145
0	4
8	0
2	0
1	0
6	57
9	0
54	0
0	1172
0	357
56	222
19	1036
7	18
0	0
8	1205
11	56
0	339
0	0
0	0
0	122
96	251
17	84
1738	204
11	22
16	6
7	6
464	0
1036	799
2	798
58	29
0	0
1	885
0	736
1	178
0	166
9	6363
18	6363
30	780
0	6363
1	1073
1	1053
39	0
23	122
11	42
1	0
0	0
2	234
3	184
0	46
2	30
1	245
469	219
0	244
81	154
0	0
341	206
0	199
0	64
0	7
0	16
7	1259
3	185
0	1075
37	318
7	146
9	29
12	85
70	338
0	338
0	0
3	2
0	0
2	364
0	364
5	363
1	0
0	12
15	203
347	203
0	117
0	380
5	20
12	65
0	394
0	407
0	150
0	112
6	0
22	79
0	77
0	54
0	53
0	29
1	5
3	0
0	0
0	3
0	0
0	0
5	1
6	0
0	6
0	0
0	0
0	0
0	0
0	0
0	0
0	0
0	0
0	0
2	281
0	0
0	0
0	0
5	181
0	0
0	0
0	0
0	0
0	0
0	0
0	0
0	0
0	0
0	0
0	0
0	0
0	0
723	3
2	1853
28	1427
13	1606
3	1756
2	11
0	0
0	4
0	0
0	0
0	79
0	27
2	30
0	4
0	1
0	0
0	0
79	0
0	0
0	0
0	0
3	443
1559	445
14	0
3	34
0	843
0	793
54	454
14	825
1	69
56	15
0	17
0	0
0	462
0	1558
7	403
0	1499
14	1442
6	0
178	199
2	199
29	269
0	740
12	740
1629	845
311	538
2	1
92	35
5	71
198	2
0	77
0	33
194	245
6	94
0	46
1	3
0	63
14	0
0	11
1	47
1	13
0	66
0	63
7064	22
0	22
0	0
0	0
1046	1738
1	1417
16	1625
8	83
0	182
0	278
24	232
0	0
0	0
0	0
1	99
0	97
0	37
3	45
0	33
0	37
3	12
1	4
0	0
7	0
27	144
24	307
3126	273
73	1324
4	1324
1	183
0	0
0	0
0	0
0	0
0	0
12	309
16	420
4	429
4	391
0	95
32	192
0	0
0	0
0	0
0	0
8	189
0	187
0	23
0	0
1	4
1	4
0	0
9	1863
6	1159
2	1734
59	59
24	632
0	0
0	0
0	17
0	17
0	1
3	17
0	0
3531	1125
16	884
1	490
16	608
0	12
3	664
22	647
8	184
6	87
0	0
2	0
0	0
144	10
2	10
44	0
103	126
5	27
0	18
0	25
0	17
0	14
20	40
0	0
0	0
0	3
0	0
0	0
0	0
14	1
0	1
43	2446
0	6883
1	7049
7	1152
2	229
156	25
8	683
0	2023
10	194
0	359
1	478
101	528
32	575
1	329
2	510
859	434
0	192
0	175
0	131
0	131
1	2
0	1
2	2
0	2
109	1251
27	1206
9	60
7	173
3	325
0	141
13	30
8	119
29	1
8	124
0	142
0	113
189	213
0	0
0	0
0	7
2	7
2	4
0	3
0	17
0	17
0	2025
2	1876
153	1721
15	1777
162	1725
68	369
0	277
51	5
0	1943
11	1987
2	1736
6	1943
5	157
1	450
45	770
456	1018
3	270
5	560
5	82
2	219
1	38
0	0
54	27
46	0
45	282
5	277
21	14
0	53
3	13
1	0
0	23
6	4
4	1
0	5
4	1063
2	1082
0	1051
98	2844
4	2515
55	590
50	105
91	0
0	0
55	581
69	0
24	543
0	543
6282	0
9982	1483
16	399
12	394
0	0
0	0
8	33
3	669
0	0
0	0
0	0
1	0
0	0
4744	13668
25	2961
69	4969
13	5403
3	1658
1	11641
9	4
0	4
0	3
3	1479
8	586
36	1270
51	373
14	374
1	0
1	851
0	828
0	1135
111	1390
0	224
3	143
0	142
0	120
2	39
0	54
5	1
0	0
0	1
0	0
7	8
23	162
1	311
0	219
0	67
4	175
0	2319
30	781
0	24
0	47
0	291
41	100
0	373
1	17
0	82
0	0
20	2
0	766
0	1
1	1525
3	606
76	5391
0	118
0	2909
0	3645
3	54
4	2684
0	2905
9	2878
0	4694
0	4417
0	326
13	291
0	1703
55	1299
92	0
13	45
142	0
9	0
195	1869
3	908
1	1158
2	1867
0	961
0	899
0	1868
0	1156
17	6
38	282
8	310
1	1
0	1
0	1
0	0
24	105
0	155
1	58
0	13
34	53
0	4
0	49
14	76
0	35
0	23
0	66
0	50
1	29
0	37
722	196
0	73
7	130
2	15
0	517
5	988
68	1050
0	881
2	370
0	321
0	13
1	15
225	517
4	1065
3	1105
2	1231
2	811
0	519
1	115
8	315
5	237
1	147
3	35
0	0
7	3174
195	338
0	260
0	2731
0	721
240	2820
0	644
0	326
7	145
0	220
19	0
0	137
395	206
11	206
1	173
2	0
0	180
3	34
0	0
0	0
1	0
0	0
1	0
0	0
0	6
0	6
0	6
0	6
0	6
1	0
4	10
1	9
0	4
0	0
0	1
0	3
0	0
0	0
0	0
2019	8
541	0
1	1344
0	4937
0	4928
0	1340
0	2320
3	4941
2	2323
116	4922
120	5923
132	2279
0	4690
1	2157
0	1521
315	912
2	783
0	484
849	216
3	109
114	127
0	0
1	6
0	7
0	8
0	7
0	7
0	8
0	6
0	6
0	6
0	7
0	2
0	1
8	303
1	3989
0	4094
1	124
20	425
8	488
32	131
12	273
36	6
0	128
0	111
10	141
0	1385
69	1018
2	122
127	419
56	1518
0	1423
1	1223
24	1408
6	844
3	71
4	341
5	366
0	94
7	36
2	73
0	71
1	1
9	66
0	68
0	4
0	13
17	7
4	1624
70	1483
16	131
9	6
0	1624
0	172
56	0
9	0
532	215
18	215
22	222
114	262
12	26
0	61
2	94
1	117
1497	4
168	2108
30	1851
0	2107
14	1892
2	1077
1	111
0	420
3	481
0	30
394	128
6	112
1	17
2	21
0	22
6	20
1517	645
0	332
0	307
0	188
1	113
204	488
4	488
7	100
12	43
6	54
3	137
973	485
5	483
35	0
0	0
0	0
0	19
0	30
0	0
0	34
0	22
4	30
0	37
0	0
0	7
0	24
0	356
3	30
0	0
0	33
0	21
0	19
0	0
3	31
0	0
1	0
3	30
4	30
5	30
0	0
2	4
0	5
0	34
0	22
0	6
1	0
3	30
0	0
0	0
3	30
9	30
0	0
1	0
0	0
1	0
0	0
17	1
0	1
16	0
0	0
55	0
60	0
0	2
18	3
40	1
2	0
19	0
58	1
37	1
90	0
2	0
5	0
38	0
26	0
112	0
39	0
161	0
257	1
92	0
155	1
88	1
70	9
75	84
0	75
0	0
0	4
0	4
0	3
291	0
5	0
0	0
3	22
0	22
13	70
0	1702
0	0
35	1632
58	1632
5	1679
0	78
31	1688
0	25
2	1748
3	116
137	1634
30	0
0	0
168	1632
0	0
1	1706
7	74
1	1728
40	97
89	1637
0	1718
51	86
22	1720
20	90
459	1636
1	0
130	1630
110	1632
0	0
0	0
0	0
125	1632
64	1637
0	1711
36	79
16	0
28	1276
0	2963
0	2309
17	1837
0	1631
18	204
3	1697
0	158
0	350
27	364
0	354
0	165
0	563
0	562
0	562
2	0
3	3394
8	3316
0	3325
0	3254
0	2463
1	236
0	0
8	147
4	56
1	0
25	1264
0	1197
370	1771
0	866
0	362
0	450
0	23
0	26
0	19
0	29
1	34
1	32
0	11
0	16
2	25
0	8
0	7
0	10
2	3
0	3
0	6
0	118
125	164
1	2
0	13
2	25
0	5
0	15
0	13
0	7
1	6
1	273
0	271
0	66
1	16
0	0
0	19
7	143
5	119
0	0
4	25
1	5
0	0
239	985
20	2237
53	3055
0	3079
0	49
0	49
0	2
0	2
6	20
3	52
0	41
0	8
3	18
0	3
0	259
4	298
170	803
65	344
2	380
10	119
2	788
1	234
3	285
0	113
0	118
0	173
0	69
0	1927
0	2079
28	104
1	255
3	1622
6	340
1	188
0	297
0	357
3	19
0	336
0	1919
6	215
0	96
1	491
0	2010
1	130
1	191
13	275
0	0
1	170
2	363
3	399
46	409
0	61
0	31
1	63
22	0
0	0
1	1
1	2431
0	0
12	2682
19	400
26	1986
5	838
4	1100
0	1563
109	560
0	0
0	0
417	2
0	0
0	0
9	3
2	1
0	2
3	0
1	45
0	0
0	0
0	4
9	825
0	791
0	574
0	94
0	30
0	87
0	75
1	56
0	35
2	24
0	16
6	2
0	0
1	2
3	75
118	898
0	874
4	427
0	0
0	165
0	258
0	0
1	24
0	5
1	30
0	19
0	8
0	0
3	0
1	0
16	3194
0	3194
0	2577
7	1384
62	944
1	107
3	3
1	2
0	0
1	0
9	0
0	0
2	0
1	0
0	0
0	0
1202	87
2	28
13	62
0	0
0	0
0	2
0	0
0	0
0	0
0	2
0	0
0	1
0	0
0	0
0	0
0	0
1	0
0	0
0	0
0	0
0	0
0	0
0	0
0	0
0	0
0	0
0	0
203	234
0	217
4	0
1	44
0	0
46	329
1	329
0	46
1	14
0	29
0	58
0	0
2	0
0	0
0	0
0	0
560	2909
3	1286
14	453
1	167
10	654
0	1238
6	85
1	179
1	136
0	83
3	120
5	4
4	4
6	1983
0	1835
0	2043
2	32
1	1590
0	0
0	0
0	0
0	9
0	0
3	2367
2	832
0	2357
0	1714
0	128
1	189
2	261
3	246
30	228
111	46
1	244
0	0
5	0
0	0
0	0
0	0
0	0
2	25
0	38
0	31
0	34
0	25
1	11
0	0
1	0
0	0
0	0
0	0
0	0
0	0
0	0
0	0
0	42
2	29
0	29
0	0
2	0
1961	1092
2	1085
0	1017
49	970
0	340
0	129
2	209
12	951
0	0
0	0
16	3
0	1
0	1
0	0
0	0
0	2
2574	0
0	0
0	0
0	0
0	0
0	0
0	0
0	0
0	0
0	0
2	0
0	0
0	0
0	0
0	0
0	0
0	0
0	0
0	0
0	0
0	0
0	0
0	0
0	0
0	0
0	0
0	0
0	0
0	0
0	0
1	0
1	0
0	12
0	12
16	111
2670	111
579	718
46	827
36	0
156	112
11	2
2	2
0	3
0	0
0	0
518	710
19	0
1	710
3	0
0	0
0	0
1	10
0	0
0	0
0	0
1	1
0	12
0	12
1	2
0	0
0	0
0	0
0	6
0	3
0	6
0	8
0	7
0	1
0	2
0	0
0	0
1	0
0	0
0	0
0	0
0	0
0	0
280	327
31	327
0	157
1	0
1360	931
0	764
2	81
5	513
1	420
9	64
52	112
29	20
0	129
75	91
0	59
5	14
0	25
3	2
0	0
3	0
0	1
0	0
2	1
1	0
0	0
0	0
2498	0
51	24
0	1049
13	5
3534	1677
45	2093
0	2102
474	2152
0	1924
0	263
23	2100
0	2014
0	2118
0	215
2	0
13	1268
0	1010
4	619
2	257
2	340
1256	40
34	40
20	26
0	1535
2	672
0	659
0	1049
2	136
7	1112
84	0
89	0
31	0
6	5
0	5
0	0
0	0
0	0
0	0
0	31
2	0
310	408
2	42
5	110
8	236
2	234
6	189
3	243
0	169
0	167
1	206
0	0
8	0
10	42
0	0
2	1
0	1
0	0
0	22
0	1169
2	1120
14	908
0	927
4	739
0	726
4	726
0	177
13	54
2	27
0	0
15	28
16	28
29	0
5	0
0	0
0	0
0	0
0	0
0	0
0	0
0	3616
10	3642
3	4
0	0
0	0
0	0
0	0
0	0
0	0
19	95
2	89
0	72
2	76
1	0
0	0
67	4530
26	4480
19	615
0	0
69	8
52	3
20	827
220	14
113	720
1	3
8	500
0	462
0	20
9	407
0	0
0	2
0	6
11	0
0	52
0	147
0	2
1	0
381	1188
2282	583
0	205
1	37
0	36
1	208
9	170
1	0
0	0
0	0
0	0
0	0
0	0
0	0
0	0
0	0
2	4
30	37
0	37
0	0
0	0
5	7
0	0
0	0
0	0
0	0
0	0
0	0
3	39
232	167
3	34
8	27
0	0
4	134
1	103
26	369
0	369
0	0
0	0
0	0
0	0
0	0
0	0
0	0
0	86
0	90
0	90
0	84
0	84
4	0
1	0
0	51
0	62
0	62
0	68
0	42
0	2
1177	876
1	150
12	358
1	303
1	277
0	17
415	340
0	28
29	82
4	331
405	0
1	0
1	10
0	10
0	2
0	8
0	0
0	0
273	586
5	591
23	454
10	2
711	1341
163	1348
0	68
1	11
0	0
1	0
0	0
0	0
251	0
0	0
0	0
0	0
0	0
112	941
0	679
38	890
46	65
8	0
1	0
0	0
0	0
0	0
0	0
0	0
0	0
0	0
264	193
0	0
0	0
0	0
0	0
0	0
1	0
0	0
0	0
0	0
0	0
1	0
3	892
16	845
0	561
42	882
77	356
0	1
0	0
104	862
0	726
0	870
0	797
5	34
0	158
0	0
0	169
1	66
0	766
0	416
221	766
0	0
0	0
0	0
0	0
0	0
0	0
0	0
0	0
1767	591
4	585
0	174
0	0
33	103
79	133
12	0
286	83
1	83
11	0
0	0
0	0
18	13
0	13
0	0
0	0
0	0
307	1121
17	14
0	200
0	1
0	77
0	137
128	813
1	0
24	135
5	25
2	127
1	0
0	0
0	0
0	0
0	0
0	0
0	2
0	2
0	0
5	0
10	12
3	11
0	1
0	0
0	0
0	0
0	0
0	0
4	0
0	0
16903	4
215	0
323	82
0	7
0	7
1	2
1	66
2	1
0	0
19	0
0	0
1254	468
0	468
0	0
16	39
3	14
7	25
4	2
0	8
0	8
0	8
0	1
0	1
1	0
0	1
21	38
0	99
0	94
0	0
0	0
1	0
0	0
0	0
0	0
0	0
0	0
41	0
13	0
17	0
0	0
35	0
15	0
30	0
18	0
0	461
8	457
0	377
0	3
9	0
479	13
165	13
2	2258
577	2357
97	23
20	814
30	29
115	0
10	65
6	0
681	636
3	33
85	509
9	51
0	129
1	0
7	799
0	799
0	841
0	426
0	414
0	414
3	501
0	49
0	18
30	67
0	60
0	0
576	1789
4	3265
0	3057
1	33
0	377
11	324
17	1836
0	11094
0	11071
1	11094
70	1
31	3950
5	9903
0	4994
0	6517
22	9965
0	0
0	1706
0	5231
539	4795
0	4376
4	2696
0	0
0	1555
0	1541
2	1294
1	1097
9	114
0	87
109	0
9	17
3	4
1	19
0	2
0	1
0	0
0	0
0	4
1	3
35	2
0	2
3373	0
39	1572
0	1572
0	0
0	1298
0	159
1	118
11	1298
5	569
0	0
17	1610
39	1172
0	1629
1	1333
0	103
0	0
30	731
0	129
12	36
73	171
6466	5589
5	4102
0	1472
207	3
2	2
27	6867
0	5774
0	2
33	346
0	346
13	0
0	0
0	0
0	0
0	0
0	0
0	0
358	245
1	212
5	33
4164	11568
0	11814
5	7333
4	7630
487	7517
239	2251
0	10493
0	5795
4	1662
868	137
5	45
70	45
0	0
0	0
78	95
310	95
0	1
0	1
0	1
0	0
631	188
3	171
20	145
1541	1634
211	1510
19	221
88	46
0	46
0	1035
8	1272
5	911
0	0
0	72
3	72
0	0
0	240
0	189
0	230
0	195
1	0
121	0
10	0
264	134
1	134
1	120
0	118
1150	1323
106	1062
17	120
7	261
0	0
0	0
0	0
0	0
0	0
0	0
0	0
0	0
0	0
0	0
0	0
0	0
0	0
0	0
114	36
34	36
0	1
4	1
2235	2525
0	2490
0	2513
0	824
180	72
640	518
0	145
0	449
3	45
1	86
4	294
3	109
0	419
0	291
0	49
3	28
14	66
0	67
2	50
10	6
0	38
14	1
11	621
0	171
0	566
0	565
0	526
1	57
1	81
3	7
0	43
1	205
0	123
4	24
0	44
0	71
4	126
3	0
0	0
0	0
0	0
0	0
0	0
0	0
0	0
0	0
46	1590
0	0
326	2648
0	2200
0	2116
0	2110
3	37
12	2
0	257
0	0
4	1452
0	447
1	750
0	1477
0	0
18	54
0	0
0	53
0	0
0	0
2	8
0	0
0	0
0	0
0	0
0	0
0	0
0	0
0	0
0	0
8	5
0	5
0	0
0	3
0	0
0	0
0	0
0	0
0	0
0	0
1	17
0	0
646	0
0	0
1	239
1	1237
1	1362
1	1098
0	1028
0	869
1	1088
7	1109
0	926
43	899
0	867
2	406
0	295
22	12
3	117
97	49
7	5781
7	1691
0	5166
3	5693
1	4704
1	4449
0	3435
2	4008
4	364
0	1856
4	1407
0	1597
0	1538
0	1442
0	1498
27	7
14361	2827
0	1859
0	964
74	0
2	34
3	15
0	0
2	0
0	0
0	0
0	0
0	0
13	0
4	2118
10	29
0	1925
0	55
0	2086
0	1781
0	426
1	3
0	425
1	63
55	2043
4	2042
0	1808
0	1759
26	63
0	45
0	0
3	2014
0	2003
206	633
3	1860
2	1794
0	1996
1	88
0	1939
1	407
51	0
6	189
0	360
24	132
0	1043
0	402
3	312
0	211
0	106
0	66
0	0
0	0
0	0
0	1
0	10
0	10
0	0
0	0
0	0
0	0
2	0
2	0
0	0
0	1
0	0
9	894
191	910
1	265
0	308
92	78
0	101
22	48
0	281
78	86
0	11
0	117
12	5
0	190
0	0
0	0
0	0
23	0
0	677
0	622
0	0
0	615
0	67
1	659
0	26
4	37
2	67
0	531
0	26
1	387
13	562
0	104
0	96
0	44
0	4
0	31
0	64
3	639
0	617
0	40
0	22
5	16
18	0
2	0
1	282
6	3
82	0
0	41
0	12
0	12
0	0
0	0
0	1
8	2737
11	1780
329	2129
0	1088
226	144
0	2281
0	2121
0	2140
0	2126
0	0
0	1074
0	1080
0	0
0	0
1	0
2	45
1	45
0	20
0	0
0	0
0	0
0	0
0	0
0	0
0	0
0	0
0	0
0	0
0	0
0	0
0	0
0	0
0	0
46	2744
299	2743
2	1494
0	940
2	470
20	90
0	581
0	578
37	90
0	0
2	12
0	48
9	48
0	17
0	6
2	0
0	0
0	1
0	0
0	0
0	0
0	0
0	0
0	0
0	0
0	0
74	970
0	876
1	413
0	0
1	25
237	247
7	222
0	25
0	0
0	0
0	0
0	0
0	0
0	0
0	0
0	0
0	0
0	0
0	0
1	0
0	0
0	0
0	0
0	0
0	0
1	0
460	621
16	42
3	139
6	138
9	0
0	211
0	0
1	556
13	41
0	0
0	0
16	0
2853	0
241	301
14	302
1	244
1	18
377	46
0	18
1	21
0	28
0	0
0	0
1	0
0	0
0	0
18	0
1298	137
16	137
1097	1938
92	1474
4	463
309	24
0	0
0	1
1	1
0	1
0	1
0	613
36	603
0	603
0	403
0	298
12	16
0	15
6	12
0	576
66	367
0	367
0	28
0	491
9	437
12	114
2	755
7	911
95	699
0	334
1	1
13	0
925	776
23	776
0	1
421	1722
21	115
5	682
0	970
3	3
8	0
2	14
16	481
0	21
2	1
0	0
6	4
0	0
615	12
0	0
0	0
54	12
2788	97
0	0
5	97
38	1248
9	364
55	621
0	837
0	406
0	185
16	34
4	570
2	0
0	0
0	0
0	0
0	0
0	0
1	0
0	0
0	0
0	0
0	0
0	0
0	0
0	0
0	0
6	0
0	0
0	249
5	2528
148	5582
85	375
0	1923
0	1772
22	1868
0	2609
0	5471
0	1544
0	372
5	206
0	1464
2	285
0	1721
0	1533
7	1
0	222
8	1860
0	200
0	1868
0	247
8	247
0	240
18	1782
0	133
1	145
1	1469
0	426
0	438
4	1461
0	258
0	1379
1	1494
0	131
3	214
0	1279
1	769
98	37
0	26
1	1450
0	126
0	76
0	226
0	0
0	264
1	146
25	1631
0	547
0	524
0	376
0	466
0	2260
281	95
1	57
0	366
16	284
0	463
2	263
1	1291
147	110
97	1224
7	472
0	0
10	0
18	188
327	703
32	2
0	703
0	0
0	0
9	0
684	2191
14	2364
155	2364
0	0
9	0
0	0
0	0
0	0
0	35
0	102
0	103
0	29
0	39
0	60
0	64
2	75
18	82
2	18
0	17
0	14
0	18
0	5
0	4
0	3
0	203
0	192
0	192
1	192
14	190
0	88
0	0
1457	1999
15	535
12	946
26	138
0	981
0	128
0	0
0	0
0	0
0	0
0	0
0	0
0	0
0	0
0	0
0	0
0	0
10	0
2596	1
0	0
0	0
1036	2172
11	2168
0	350
2	360
2	744
0	248
0	0
0	0
0	0
272	0
2514	514
33	193
1	518
36	15
0	1
0	1
0	0
0	1
0	0
0	0
11	324
10	336
0	264
3	0
0	0
2	0
3	121
0	137
1	87
15	119
166	886
1	775
4	73
0	38
0	1
16	86
0	1216
0	1269
3	502
56	1232
672	588
6	204
1	3
0	3
0	0
0	0
0	1
0	0
0	0
1	0
1	644
53	0
224	9932
64	2535
0	9640
0	0
0	0
0	248
0	772
39	146
0	295
0	583
20	3156
4	0
17	0
1089	306
1	306
0	0
0	0
0	0
0	0
489	381
6	379
5	0
0	13026
0	13026
0	0
0	0
5	0
0	0
117	1814
20	897
97	1814
8	650
14	395
419	595
36	394
0	0
0	77
96	202
3	22
0	0
9	0
0	0
4	0
37	0
1118	750
0	737
0	194
0	335
4	89
566	9
1	0
3	9
0	0
0	0
210	473
0	473
0	0
12	312
0	0
0	0
8	1
2	0
795	1460
0	954
6	573
0	316
1	1407
0	183
3	741
0	0
0	0
0	0
35	1308
7	1033
4	306
0	737
10	260
162	897
19	218
0	732
0	735
3	869
3	866
0	21
1	15
0	17
0	15
0	14
0	8
2	16
0	3
3	1
2	9
0	3
53	1111
0	1007
31	798
0	1083
0	0
0	0
3	50
0	50
0	0
0	0
0	0
0	0
0	0
0	0
0	0
0	0
3	0
0	0
0	0
0	0
0	0
0	0
0	1
0	1
684	397
3	393
69	308
0	0
0	0
9	0
0	307
0	319
59	77
187	32072
18	30387
104	7200
19	8189
12	6261
0	66
0	0
1	0
125	66
0	0
1154	515
1	476
0	39
54	0
14	22
1	22
2	22
0	0
0	0
0	0
0	0
0	0
0	0
1	74
0	0
0	0
0	0
0	0
757	0
0	0
0	0
0	0
0	0
0	0
0	0
0	0
0	4
0	0
0	0
0	0
0	0
2	4
0	0
0	0
0	0
0	0
0	0
0	0
0	0
0	0
0	0
348	0
15	0
0	0
998	0
0	0
0	0
3	0
0	0
405	168
3	168
6	1574
461	298
0	1676
77	136
0	121
1	85
2	1572
0	76
0	1599
0	35
0	42
4	1484
0	120
0	109
6	109
0	822
0	292
27	961
5	334
1	951
0	269
0	900
0	274
7	884
0	952
4	0
3	2
0	0
0	2
0	2
0	0
0	0
884	409
3	409
0	409
0	0
0	0
0	0
0	0
0	494
0	506
0	495
0	484
0	44
0	382
1	372
0	0
2	2066
0	2098
3	1925
0	45
0	47
4	97
62	54
0	157
56	137
22	963
0	290
2	225
0	196
0	0
0	0
42	385
0	187
0	0
1	1
0	1
0	1
0	0
0	0
0	0
0	0
0	0
0	0
0	0
0	0
0	0
0	0
0	0
0	0
0	0
0	0
0	0
0	0
0	0
0	0
0	0
0	0
0	0
0	0
0	0
0	0
0	0
0	0
0	0
0	0
19	0
0	3378
0	0
25	0
1	0
1488	378
27	77
0	407
0	27
1	203
0	115
0	103
0	95
0	92
0	55
0	79
0	37
0	37
0	35
0	35
0	66
0	0
157	2114
6	624
0	1869
0	1827
12	55
0	0
17	451
0	11
334	0
1392	3594
0	0
0	0
0	0
0	0
0	0
0	0
0	0
0	0
0	0
1	0
0	0
0	0
0	0
0	76
0	1280
0	45
0	45
20	1277
2	44
0	0
0	0
0	98
0	1
0	1
0	1
0	0
0	0
0	0
0	0
0	0
0	0
0	0
0	0
0	0
0	0
0	0
0	0
0	0
0	0
0	0
0	0
1	0
0	0
0	0
0	0
0	0
0	0
0	0
0	1
0	0
0	1
0	0
0	1
0	1
2	0
0	0
0	0
317	2396
41	2386
0	134
0	109
313	496
4	496
0	0
0	0
1	34
0	0
1792	151
50	117
48	0
35	0
3	16
2	3
0	1
0	0
0	1
0	1
0	1
0	1
0	0
0	2
15	1225
18	1225
1	1096
0	455
1	360
0	59
0	130
0	0
19	4
0	2
0	0
0	0
0	0
0	3
0	0
0	0
0	0
0	3
0	0
0	0
0	0
0	0
0	0
0	1202
14	1821
0	721
30	657
6	1330
0	1198
18	1203
0	0
0	0
8	825
0	4
0	3
0	4
35	430
0	263
0	386
0	179
0	147
11	393
0	186
0	181
0	4
0	0
0	0
0	0
0	0
0	0
0	26
0	0
0	28
0	0
0	0
0	0
0	0
0	0
0	0
0	57
0	40
0	57
0	52
0	0
0	0
0	0
0	0
0	19
0	0
0	1
0	177
0	0
0	0
0	0
0	0
0	0
0	0
2	18
0	0
0	0
13	27
524	1661
7	1602
19	1585
11	475
1	178
0	75
3	0
0	0
57	608
13	224
0	0
2	9
25	65
0	38
0	140
3	13
1	174
0	19
17	6
0	8
0	3
5	10
2	0
0	10
0	6
0	5
0	4
0	5
1	2
9	0
0	0
0	0
0	0
0	0
0	0
0	0
0	0
0	0
2	15
1	0
0	0
0	0
0	0
1062	828
0	50
65	660
10	440
23	556
30	517
0	11
0	96
0	185
4	242
1	223
1	15
0	28
4	0
0	1
0	1
0	1
0	0
0	0
0	0
0	0
0	0
0	0
0	0
0	0
0	0
0	0
0	0
0	0
0	0
0	0
1	0
77	347
0	347
0	264
2	33
1	606
5	606
7	41
20	853
0	252
0	515
0	0
0	0
3	1413
3280	2345
25	102
0	572
1	741
3	165
3	310
2	712
0	11
0	4
0	6
0	9
10	37
0	37
30	6157
4	5879
151	6275
0	1177
32	687
54	2515
0	908
102	2308
0	0
0	0
30	325
4	134
0	0
0	4452
47	4166
1	1946
26	1796
8	0
3	124
11	418
0	364
6	424
0	418
0	8
1	0
0	0
0	0
1	0
0	765
0	1595
0	1675
0	2229
0	2155
52	528
0	754
0	501
12	35
0	533
2	259
0	1640
1	105
0	616
3	138
1	139
85	24
1	268
1	0
27	86
0	235
19	124
0	157
2	501
0	506
52	63
49	488
166	61
77	68
7	492
0	55
0	68
1	0
3	105
2	2
32	0
0	42
0	87
46	807
1	1163
17	1163
1	943
5	1178
0	497
6	155
2	72
6	57
0	255
0	207
0	338
4	192
2	37
17	1702
34	1719
323	1712
2	1582
2	221
200	76
0	75
0	0
1	1083
0	1285
44	194
1	141
1	29
0	294
11	798
0	65
1	61
0	5
536	63
0	104
13	202
3	55
0	186
2	29
0	185
0	65
0	0
17	0
10	254
50	309
36	201
0	0
0	65
0	55
3	44
0	23
0	19
0	9
2	3243
0	3021
8	3603
0	2519
3	513
0	2919
10	1011
10	536
1	1482
0	1295
0	1002
1	978
0	532
1	70
646	6472
0	3615
9	6223
1	3273
1	3486
4	1339
2	1055
13	701
0	13
299	4989
1	3615
0	2026
0	387
0	977
0	799
1	65
0	65
1	14
0	1
0	2
0	2
0	0
0	0
0	0
0	0
0	0
107	1381
28	249
61	1238
0	118
2	1200
0	1093
39	1065
5	226
7	1057
1	69
1	57
10	135
1	80
0	74
3	44
3	13
0	96
2	151
10	490
2	488
3	203
0	91
0	29
5	27
0	1089
0	247
0	839
2	934
1	1003
0	763
2	1045
1	1029
0	1098
5	798
0	939
0	185
2	848
0	0
0	5
0	3
0	5
0	0
1	0
0	1080
0	5078
0	370
0	256
3	1954
0	4226
53	3976
0	1517
0	930
37	449
0	1118
1	1122
0	1287
0	596
2	1246
18	340
17	5
0	313
0	70
2	287
6	297
0	161
0	250
0	243
2	105
0	103
0	43
1	17
0	31
0	45
3	32
0	5
2	57
12	0
0	4
0	5
0	2
3	69
0	77
0	76
1	40
0	40
0	69
0	50
0	74
7	74
1	57
72	8047
0	0
8	1197
26	3028
21	1689
0	7292
0	2135
2	1268
12	298
13	261
1	253
0	29
0	21
0	8
0	45
0	37
0	27
1	0
0	86
10	81
0	84
0	35
1	2
0	139
0	25
0	0
76	495
1	141
0	400
1	0
11	2293
32	2228
10	1686
3	769
13	1610
92	1289
22	146
0	0
106	346
1	116
3	438
0	84
8	233
0	188
0	50
0	49
0	7
0	8
0	0
1	18
0	7
0	2858
43	2322
64	2980
1	541
19	77
0	122
0	413
2	259
5	174
55	4154
0	4458
0	1235
0	298
26	354
2	482
31	588
4	44
0	1331
10	979
3	365
25	774
4	272
75	272
31	269
0	268
41	271
0	0
0	28
3	26
2	23
0	6
196	31
9	28
0	6
0	23
7	17
615	0
0	1745
0	1744
2	0
2	91
0	62
1	1693
0	94
25	1065
63	1065
0	628
1	657
2	512
0	706
9	375
0	417
3	130
2	226
0	119
3	188
0	0
27	54
1	0
0	0
0	1
0	1
1	0
0	0
2234	150
2	72
119	120
1	27
46	257
1	455
0	488
0	492
0	458
0	396
86	429
0	501
0	492
0	418
26	130
367	0
194	850
0	469
0	562
0	138
1	548
19	547
0	811
0	727
4	421
203	599
3	851
5	140
117	1358
153	1331
0	0
0	84
11	213
1	512
5	464
98	519
0	401
0	350
0	280
14	79
1	20
4	0
1	276
6	48
0	27
2	258
0	17
1	11
1	1
0	54
2	35
0	86
1	6
4	0
15	5
0	5
0	312
11	336
2	314
0	337
0	74
12	59
122	48
0	35
0	33
0	32
0	9
2	21
0	16
2	18
0	0
243	3606
2	3411
5	456
74	2374
52	321
4	787
0	459
7	714
1	709
2	560
11	54
0	46
0	6
0	6
0	10
0	6
0	4
204	669
2	204
17	634
3	427
4	144
0	13
2	13
0	9
1	0
0	0
0	40
0	39
0	38
0	9
0	6
1	3
1	445
5	1150
8	409
1	705
2	257
10	40
7	217
0	382
1	286
0	4
0	8
0	16
0	2
0	19
0	10
0	24
0	11
0	15
0	15
0	295
5	13
329	0
0	0
0	0
0	0
5	0
26	2
0	2
0	903
1	963
24	1230
3	590
0	888
2	958
1	3
0	3
1893	1188
1	719
6	787
3	938
0	376
20	388
27	405
0	378
0	78
4	41
5	39
3	3
6	58
5	0
6	1
90	336
0	315
1	311
0	17
0	43
0	38
7	20
0	0
0	0
26	2967
1369	5115
10	757
1	353
9	1285
2	643
33	247
0	294
7	0
3	0
0	0
0	0
0	0
0	0
0	0
0	0
5	16
1	14
0	2
0	0
233	1051
7	814
6	1046
1	863
896	254
0	103
9	197
1195	736
1	133
0	340
17	170
0	77
6	45
55	5
0	1
0	1
5	34
0	38
0	31
10	37
0	16
0	0
1	786
0	923
7	101
13	1541
0	784
2	1130
0	1476
0	1337
0	276
0	656
31	636
8	636
0	0
5	228
0	0
46	7
0	6
0	2
130	304
9	304
0	783
41	236
0	656
6	927
14	868
4	468
0	106
0	239
2	307
1	32
0	73
0	243
0	103
1	9
1	7
0	10
0	8
0	0
0	0
4	510
0	102
0	501
1	506
0	239
0	220
0	402
0	178
0	502
0	435
0	23
0	431
3	181
0	31
1	207
3	103
0	45
4	280
5	359
1	47
12	243
6	37
1	72
0	43
0	334
3	32
0	39
0	103
2	53
0	0
804	12619
0	11764
21	4297
15	5885
2	36
7	54
4	45
0	48
0	33
0	2
0	1
6	0
10	0
0	0
0	0
503	14
4	14
9	0
6	541
4	72
6	539
85	510
3	269
3	196
3	166
0	71
0	207
9	250
6	852
0	948
1	885
0	918
0	720
10	458
1	190
0	280
2	176
10	78
0	82
332	979
0	923
0	673
0	76
0	245
1	36
0	303
4	407
4	405
0	403
2	410
0	411
0	319
0	388
4	1
0	54
2	234
0	17
0	10
0	0
36	2886
7	1061
0	2055
9	84
0	185
6	72
9	786
0	259
14	202
0	0
4	208
10	53
7	1119
6	81
297	1462
0	68
2	0
0	1381
3	72
5	10
0	10
0	10
566	1878
0	1620
9	1824
7	1696
2	156
4	1296
21	106
0	0
6	393
0	448
2	404
45	715
0	270
8	184
4	210
1	52
5	59
12	312
0	673
0	53
9	197
23	603
2	14
2	20
14	346
1	214
0	22
4	34
0	2
0	1796
8	1698
7	1651
6	1519
1	177
3	204
1	241
0	333
15	36
1	98
1	231
3	130
0	36
154339	50371
77	20485
10	22701
0	0
128	7093
63	0
0	0
17160	9847
0	302
5	9532
10	2733
0	95
0	8
0	10
0	6
0	6
1320	375
12	76
5	229
3	247
0	94
0	302
0	281
2	254
0	230
0	14
2	28
0	38
2	38
32	1010
2	806
0	873
1	938
17	188
56	56
4	267
14	197
0	101
6	0
0	1
5	15
5	16
261	0
95	530
0	40
17	509
6	318
2	45
14	77
2	364
3	84
0	308
0	296
0	175
0	132
40	72
0	0
0	0
148	3307
24	3306
0	589
0	210
17	0
4	78
0	0
0	0
0	981
2	181
0	943
5	856
4	806
2	926
0	164
0	829
0	0
187	773
0	679
2	98
0	0
0	0
463	7871
113	4632
76	7218
0	3307
9	356
0	7755
66	7755
3	7741
0	7226
376	0
0	851
0	1056
6	914
0	841
0	382
5	337
0	217
38	129
0	426
0	193
7	114
0	150
4	281
0	145
1	124
148	971
3	205
2	102
6	22
2	85
2	69
8	35
12	696
5	68
0	131
91	185
1	122
0	0
0	0
15	468
0	420
2	231
0	329
0	272
0	169
0	100
8	98
0	199
5	131
58	362
1	360
0	362
3	1
1	1
52	0
352	0
260	212
0	167
0	42
0	182
1	124
0	158
3	35
10	43
63	301
4	359
0	293
5	293
2	68
0	223
0	0
1	27
8	236
1	225
17	25
3	96
5	85
0	21
0	1
4	1
0	0
0	0
1174	113
11	38
10	22
0	53
241	1596
1	1596
3	31
7	251
0	141
9	35
1	0
0	0
13	0
1057	723
0	285
4	339
0	99
2731	68
2	68
0	0
0	1249
0	1249
0	1249
0	1300
0	1155
0	66
7	1145
0	1209
3	20
3	1150
0	830
2	94
11	95
0	212
7	384
0	17
1	440
0	29
0	409
1	39
0	90
0	249
0	332
2	44
0	27
0	62
2	196
0	0
1	20
2	9
5	48
0	0
12	131
0	25
0	123
3	10
1	156
0	22
3	4
0	4
98	2710
0	2512
0	1957
0	310
0	2556
0	2328
65	270
2	482
2	1079
7	232
118	140
15	1
2	432
1	280
2	120
14	105
0	105
0	23
0	8
0	83
0	26
0	14
0	8
0	12
0	23
0	7
11	27
0	4
0	73
0	24
0	85
0	39
0	84
0	10
0	4
0	27
0	16
0	12
1	23
1	7
1	35
50	9
0	19
0	0
0	0
0	36
0	4
0	33
0	28
0	27
0	28
0	34
0	1
0	1
0	3
0	4
0	9
0	0
0	5
0	5
0	0
0	18
0	7
0	2
1	1
0	1
0	0
0	0
0	0
0	0
0	0
1	375
0	0
0	0
0	286
817	537
0	0
1	160
1	61
0	62
3	14
0	38
0	227
43	227
0	19
0	9
35	1530
4	1845
41	2877
7	1898
0	919
1	522
59	522
3	126
2	345
0	1447
1	1839
0	1839
1	561
11	345
0	0
160	192
0	0
0	2
1	2
0	1
0	1
0	2
0	2
0	2
0	2
0	0
0	0
0	0
0	0
0	0
0	0
0	0
18	320
0	302
26	325
12	177
0	280
0	311
0	321
0	316
0	309
0	338
0	296
0	207
0	114
20	19
61	548
0	309
0	350
0	555
0	426
11	534
0	187
3	122
0	181
57	1673
19	7058
17	6868
14	264
10	420
0	2594
0	704
32	264
3	600
7	691
228	2047
0	1520
20	652
21	1320
3	1326
84	394
29	386
1	381
3	211
8	117
11	117
0	4
19	278
23	310
0	23
9	139
0	111
13	302
0	302
3	135
8	52
19	52
10	183
0	186
1	170
0	10
24	4
3634	19
79	0
4	0
33	0
104	1913
0	1913
21	146
0	249
4	175
2691	3712
1	3712
31	1068
8	1152
8	1097
12	400
105	1
0	0
0	0
0	28
18	166
0	139
2	28
880	1695
0	1764
52	1791
0	1731
0	1905
0	1844
0	510
0	1582
2	320
0	1339
3	229
0	354
127	257
0	183
0	196
13	146
13	316
2	431
3	272
0	110
0	16
0	0
0	0
0	302
152	467
0	66
0	0
17	409
7	0
5	115
0	0
97	708
101	70
0	166
0	24
1	42
12	635
0	0
163	3661
0	3891
1	3891
0	3701
0	1752
2202	3415
7	409
1	3
1	91
18	213
0	3509
101	1420
27	434
66	714
12	200
16	592
6	582
4	609
1	580
0	0
0	4
0	4
2	3
5	3
0	0
0	0
0	0
0	0
0	0
0	0
0	0
0	0
0	0
0	1
1	1
0	0
10	118
0	0
0	0
0	1
0	0
0	1
0	1
8	0
0	49
53	0
0	0
0	0
0	0
2	2
0	1
0	1
0	156
0	0
0	0
0	0
0	0
2	0
0	35
5	185
29	195
0	0
66	1459
5	1231
137	1412
0	219
0	46
2	364
3	120
1	67
0	63
13	492
8	692
55	623
0	0
0	508
2	128
3	90
1	242
1	393
1	95
0	0
0	79
0	113
0	72
0	0
0	303
0	0
6	311
0	190
0	0
4	291
0	0
1	133
0	165
0	0
0	151
6	481
0	635
5	261
6	103
0	214
1	155
0	60
2	218
0	3
1	3
3	1082
6	1337
0	97
0	693
1	1107
1	1195
146	232
0	70
0	1424
2	583
2	1265
1	313
3	229
0	0
0	331
0	29
0	262
4	65
20	294
1	135
108	2003
325	2144
1	17
0	366
0	718
1	454
0	226
0	276
0	252
0	196
784	13
8	339
37	236
49	333
5	82
6	289
0	297
0	285
0	242
0	233
0	279
0	58
0	0
2	163
0	16
1	58
3	86
0	0
124	692
2	609
1	121
2	88
77	0
752	612
0	476
41	619
6	148
4154	643
139	339
0	335
6	0
27	916
6	61
0	904
0	884
9	742
0	737
32	833
33	730
0	842
1	285
3	63
3	63
76	505
13	2126
23	2145
0	2039
338	0
222	680
0	0
0	2
52	0
0	0
21	780
3	654
1	332
0	246
12	132
1	517
0	359
0	235
1048	102
12	812
76	6354
276	6354
12	420
0	611
52	293
429	322
33	119
8	320
111	0
95	746
9	746
1	54
0	62
6	0
7	9
21	3
2847	1233
1	289
0	775
16	485
11	487
2	439
392	469
26	368
1	101
829	16191
0	4803
3	1131
38	3915
7	4106
19	10416
118033	49497
0	4620
11	4579
129	9202
17	3215
0	0
237	15
2	15
2	0
1	1317
0	0
16	211
0	0
7	4
0	0
1	2
0	0
321	332
0	0
0	0
120	0
10	1778
13	1700
0	202
9	1432
7	90
5	62
10	0
1	277
0	237
14	0
2	12
2	10
3	2
0	0
2	0
0	0
0	0
2	0
5	18663
0	0
43	18684
0	4659
185	17089
0	7444
70	8040
0	4519
21	11096
31	29
0	29
0	2
0	167
0	43
0	165
0	224
0	216
3	153
1	145
2	50
3	5
265	873
5	770
0	512
0	222
3	85
4888	1295
0	1246
0	126
0	0
4	2947
2	2819
12	434
6	388
0	326
0	0
18	19
0	113
1	174
0	7
6	1099
16	1025
0	1099
15	1029
0	7
178	814
22	718
43	413
0	718
40	238
1	238
0	191
2	73
2	149
8	10
14	408
0	408
0	19
61	0
13	307
0	91
0	12
0	308
653	438
0	426
0	10
0	304
0	302
0	301
0	303
0	304
0	301
0	299
0	11
43	0
4	0
0	3
0	3
0	2
0	1
54	979
2	927
2	475
9	560
7	550
0	336
0	340
1	205
82	175
72	253
15	401
8	1327
106	1346
9	77
6	76
1	73
13	11
0	54
1	52
0	99
2	80
0	103
0	84
4	0
0	0
0	160
6	163
3	135
6	143
0	0
4	60
5	628
4	50
2	25
1	544
0	346
29	525
10	380
3	574
0	136
3	327
0	432
0	405
0	415
0	410
7	242
25	85
4854	10886
13	3902
0	5382
3	1481
48	1278
16	1518
1	1635
4	289
4	2033
16	364
33	2393
0	1
3	3
0	1
0	0
0	1
0	1
0	0
0	0
0	0
0	0
2	790
2	917
0	936
0	96
0	871
2	31
2	31
0	5
1	0
0	3
0	3
0	0
1	0
0	0
0	0
2	21
0	13
0	17
0	1
0	5
6	0
1	2
0	0
25	127
0	5
27	127
92	816
10	827
2	61
0	20
730	363
2	273
1	157
8	236
2	128
1	70
0	60
3	0
40	2842
0	262
9	408
4	537
101	2452
0	2139
4	656
0	204
0	0
1	0
6	0
0	291
44	503
32	218
13	33
0	33
1	12
2	0
0	0
0	0
12	0
0	0
8	1741
167	1741
4481	2340
268	2340
6	249
0	0
0	0
8	176
0	0
0	0
0	0
0	0
0	0
0	0
0	0
766	0
13	26
0	17
2	10
0	2
0	2
0	2
0	2
0	0
20	0
2	171
0	218
6	152
1	43
18	147
0	0
65	0
0	0
0	4
8	12
0	8
1	130
0	5
2	7
2	3
4	11
0	4
0	4
0	4
111	51
7	51
1	0
0	0
14	0
1	2
0	2
2	1
0	0
0	1
4	0
0	1
0	0
3	113
0	105
27	95
0	26
0	12
155	0
0	0
6	0
91	44
0	19
0	43
0	30
0	0
75	16
0	25
8	19
0	10
0	6
0	0
0	0
0	0
0	0
0	0
0	2
0	1
0	2
0	0
0	0
0	0
0	0
0	0
0	0
181	501
16	501
0	724
0	571
0	354
1100	783
0	0
0	449
6	260
11	62
0	0
0	0
0	0
0	0
0	0
0	0
0	0
0	0
0	0
0	7
0	0
0	0
0	0
248	510
4	510
0	0
0	0
3842	0
0	0
0	0
0	0
0	0
0	0
0	0
0	0
0	0
0	0
0	0
0	0
0	0
0	0
0	0
0	0
0	0
0	0
0	0
0	0
0	0
0	0
0	0
0	0
0	0
0	0
0	0
0	0
0	0
0	0
0	0
0	0
0	0
0	0
0	0
0	0
0	0
0	0
0	0
0	0
0	0
0	0
0	0
0	0
0	0
0	0
1	4
0	0
0	0
0	0
0	0
0	0
0	0
0	0
0	0
0	0
0	0
0	0
0	0
0	0
0	0
0	0
0	0
0	0
0	0
0	0
0	0
0	0
0	0
1299	0
1319	4
1	4
0	0
5	0
1	0
0	15
3	922
0	1056
0	0
0	1056
3	4
0	1
3	1
2	2
0	0
0	1
0	1
0	1
0	0
0	0
0	0
0	0
0	0
0	0
0	0
0	0
0	0
0	0
0	0
0	0
0	0
0	0
0	0
0	0
0	0
0	0
9	52
1	2124
3875	2074
126	987
0	67
7	67
1	0
0	1
0	1
0	0
0	0
0	0
0	0
0	0
0	0
0	0
0	126
0	90
0	0
0	0
0	0
0	0
0	0
0	0
0	0
0	0
0	0
0	0
0	0
0	0
0	0
0	0
0	0
0	0
0	0
0	0
0	0
0	0
0	0
0	0
0	0
0	0
0	0
0	0
0	0
0	0
0	0
0	0
0	0
0	0
0	0
0	0
0	0
0	0
0	0
0	0
0	0
0	0
0	0
0	0
0	0
0	0
0	0
0	0
0	0
0	0
0	0
0	0
0	0
0	0
0	0
0	0
0	0
0	0
0	0
0	0
0	0
0	0
0	0
0	0
0	0
0	0
0	0
0	0
0	0
0	0
0	0
0	0
0	0
0	0
0	0
0	0
0	0
0	0
0	0
0	0
0	0
0	0
0	0
0	0
0	0
0	0
0	0
0	0
0	0
0	0
0	0
0	0
0	0
0	0
0	0
0	0
0	0
0	0
0	0
0	0
0	0
0	0
0	0
0	0
0	0
0	0
0	0
0	0
0	0
0	0
0	0
0	0
0	0
0	0
0	0
0	0
0	0
0	0
0	0
0	0
0	0
0	0
0	0
0	0
0	0
0	0
0	0
0	0
0	0
0	0
0	0
0	0
0	0
0	0
0	0
0	0
0	0
0	0
0	0
0	0
0	0
0	0
0	0
77	1366
0	1366
33	20
0	0
0	0
0	9
0	0
0	0
72	941
1	938
2	604
0	184
0	78
1	1
0	3
0	0
6	674
0	726
16	601
5	0
0	0
2520	292
29	281
2	59
23	132
6	472
38	2
0	0
0	0
0	0
744	1056
2	1056
4	0
0	0
29	348
0	3866
10	3527
31	80
29	871
0	890
0	8
0	112
0	3
32	488
21	722
2	50
94	249
0	0
0	0
0	0
0	0
0	0
0	48
561	183
0	0
0	0
0	101
0	123
0	137
2	44
2	84
11	0
17	0
0	0
0	0
0	0
0	0
4	2170
0	2124
0	1079
0	895
7	57
4644	2547
0	2173
0	1886
290	587
35	587
11	545
12	273
13	273
0	0
0	0
0	0
0	0
61	4383
0	0
0	0
0	0
0	0
21	1163
72	1788
0	1499
66	1368
0	43
10	266
0	0
0	68
2	89
3	14
7	7
0	74
457	749
15	721
2	2
31	518
4	518
1	0
0	2831
77	1901
2	1901
15	820
0	0
0	406
0	15
1	15
0	7
0	2
0	2
0	0
0	0
0	0
0	0
0	0
1	0
0	0
0	0
0	0
0	5
0	5
0	6
0	5
0	6
8	9473
2	10321
3	8999
12	1732
3	76
16	291
5	1264
3	3025
0	5
0	3
0	5
0	5
0	0
0	5
0	3
0	5
0	5
0	5
0	5
0	5
0	0
0	1
0	0
1	1
2	1015
1	1
2	131
1	0
1	0
0	0
20	1014
213	2
0	6
8	10
0	1
24	4
0	0
1	0
0	0
5	0
0	0
4	0
0	0
0	0
0	0
1088	4177
8	423
0	4082
9	1705
305	1611
0	0
784	2112
0	2026
0	1553
8	336
0	0
0	0
0	0
0	0
2	13
373	923
8	750
0	233
2	257
0	91
0	0
0	8
4	48
46	1093
191	1275
1	929
0	0
0	3616
41	771
0	3640
0	436
5	1031
0	0
0	6
0	0
0	0
0	0
6	9
0	7
0	8
0	9
0	9
0	0
1	0
0	0
6	174
0	8
0	9
0	9
0	8
0	8
0	8
0	9
2	0
0	1
0	1
1	6
0	4
1	6
0	8
0	5
0	1
0	4
0	4
0	0
0	5
0	0
1	0
0	0
0	0
0	0
2	0
1892	256
9	256
0	0
212	1115
19	1132
0	1063
0	44
41	0
1	17
0	0
0	0
24	90
0	90
0	0
1	0
0	0
0	0
18	1413
0	0
0	0
65	3
1612	747
0	113
3	184
0	291
0	340
0	0
104	84
2	0
1	84
0	0
499	196
1	196
0	0
0	0
14	7132
3	7250
79	6971
14	7135
9	499
7	220
4	48
3	0
0	0
12	177
1	140
8	79
0	0
0	1513
346	1513
11	96
14	169
0	0
4	47
64	0
4	0
90	0
2734	2119
0	817
8	0
0	611
0	1257
0	0
15	2388
0	0
240	182
0	0
0	165
12	146
0	0
0	0
0	0
706	85
15	39
0	11
5	23
0	11
1	12
0	0
870	1711
3	273
0	261
16	1709
6	140
0	0
0	0
0	0
0	0
0	0
0	0
0	0
0	0
0	0
0	0
3	0
1	0
0	0
0	0
0	0
0	0
0	0
0	0
0	0
0	0
6	1561
0	27
0	1678
0	1670
17	1613
0	0
0	0
0	105
2	115
0	126
0	435
35	14
1	117
0	200
2	562
0	206
0	201
1	13
0	112
0	116
0	115
0	481
0	133
1	256
0	171
0	488
0	485
0	490
0	275
0	500
0	291
0	247
0	233
0	169
0	176
0	136
0	166
0	63
0	160
2	145
0	178
0	19
0	235
0	118
0	47
0	250
0	0
0	162
29	2
0	0
0	0
0	0
0	0
0	0
0	0
0	0
18	710
2	28
12	854
0	25
0	775
447	792
8	802
1	120
3	0
18	0
0	0
0	0
0	0
0	0
0	0
226	1380
0	1283
0	279
5	76
11	34
0	359
8	839
7	17
4	327
0	143
0	0
0	0
0	830
0	819
0	254
0	205
1	232
0	162
22	96
0	0
1	4
0	0
0	10
0	0
0	0
138	361
0	65
0	305
0	60
0	208
0	2
1	289
1	79
0	70
0	79
28	0
0	0
0	0
0	1
0	0
0	0
0	39
156	438
12	7
7	222
15	34
4	215
0	0
4	324
0	6
2	8
0	8
0	1
0	4
0	4
1	1
891	4
0	0
53	910
113	925
169	538
42	420
822	569
2	55
6	430
12	31
1	71
1	30
9954	237
41	237
4	0
14	0
0	0
63	444
2	444
0	0
0	339
0	4088
101	4137
0	1737
0	3789
104	0
0	0
0	0
13	1069
20	468
4	912
22	154
45	277
3	191
1	173
2	7
8	14
17	15
247	0
0	0
0	0
1	19
0	19
0	0
4	1
0	1
2	0
124	1524
29	102
67	467
0	1204
0	647
14	71
5	565
90	3364
1	8
0	3182
0	1240
7	95
1	297
3	632
17	215
0	0
0	0
86	1388
0	889
68	1386
23	28
0	0
756	134
0	134
0	0
2	550
0	31
0	130
26	547
1	11
0	0
0	0
341	786
37	1475
434	2398
1	571
13	169
2	72
39	139
5	789
0	108
23	12
0	12
0	0
0	3
0	0
0	0
0	0
0	0
0	0
0	3
0	0
136	200
0	116
44	160
0	14
0	14
3	0
0	0
3	1
1466	0
0	0
1	13
3	222
14	418
34	418
1	185
1	61
10	0
75	0
71	862
0	848
0	845
0	590
0	600
0	52
35	386
1	277
27	245
0	0
6	1419
22	1226
23	1296
2	1000
0	841
0	698
45	566
0	80
0	97
22	157
1	26
58	10
10	0
124	27
0	8
6	68
68	0
0	0
0	0
41	450
1866	706
95	440
1	704
39	0
204	3857
0	6890
60	6645
167	2839
0	1822
0	2820
0	2602
0	2657
0	2820
0	2820
33	1152
0	608
7	185
5313	2645
245	1866
30	607
0	0
0	0
0	0
0	0
2	16
2	14
0	0
0	4
0	0
0	0
0	1
0	0
1	746
9	313
0	746
0	264
0	3
0	0
0	0
0	0
0	3
0	0
0	5
0	11
0	57
0	7
0	2
0	9
0	0
0	0
0	0
2	0
0	12
0	12
0	12
0	13
0	0
0	0
0	0
0	0
0	0
0	0
0	0
80	122
0	122
0	122
9	374
22	374
3	37
71	164
0	331
0	49
11955	10824
10	10823
0	0
0	139
0	125
2	7
0	115
0	0
1	30
0	0
38	0
1	1
1	1
5	1682
17	1720
1	215
0	203
0	100
19	64
0	0
0	78
1177	78
296	154
52	9332
229	9332
212	154
324	30
0	0
986	24
331	20
1	20
0	0
0	0
0	0
0	0
0	0
150	762
3	768
0	622
0	0
10	98
43	1888
0	1913
1	178
3	79
1	0
2	1485
0	196
0	0
5	89
0	89
0	0
0	0
0	0
0	0
0	0
0	0
0	0
0	0
0	0
0	0
0	0
0	0
0	0
0	0
0	0
0	29
0	29
0	30
0	31
1	19
1	11
20	76
81	153
0	110
9	0
1	33
0	82
0	82
0	91
0	82
0	80
1	41
0	0
0	0
0	0
0	0
0	0
544	422
20	0
3	0
0	422
3	314
0	394
0	0
0	195
11	0
0	433
0	430
4	1
0	60
48	5
0	0
0	44
0	45
5	14
1	55
0	15
0	2
0	29
0	17
0	8
0	0
0	1
0	1
0	1
0	0
0	0
0	0
0	0
324	0
0	0
4595	4306
1	1004
0	270
9	574
5	713
10	566
64	1310
153	397
2	606
0	43
0	43
2392	1314
50	1321
13	44
0	173
0	158
0	169
0	166
2	144
0	112
3	90
0	48
0	0
1	0
0	11
0	8
2	7
0	5
0	0
151	1335
16	769
12	400
2	777
0	0
783	2190
3	1080
1	419
3	1643
20	166
6	1035
3192	271
18	3
23	271
0	5
14	0
10	9
1	37
0	28
0	0
0	0
0	0
0	1197
12	1246
2	1002
4	0
1	0
0	0
0	0
2	2
0	0
11	6082
0	428
0	6163
0	5943
0	273
0	3633
1	195
10	146
12	133
35	1333
1	2479
118	880
0	6
0	6
9	234
7	930
0	568
0	930
10	938
0	888
0	0
786	0
5	268
0	258
1	35
3	28
0	0
0	0
156	111
6	111
86	3
1	11
0	11
0	4
0	4
0	3
0	3
0	2
0	2
0	0
0	0
0	0
1	0
1	0
0	0
0	0
4116	182
86	182
0	0
17	41
194	2904
110	2889
1	2599
0	171
0	25
112	1412
18	171
0	0
717	0
96	444
4	444
0	0
1026	505
5	86
1	232
0	1
37	54
0	317
2	0
2606	0
0	0
322	20
0	20
0	20
0	0
0	0
0	0
0	0
0	0
0	0
0	0
0	0
0	0
2	7
566	145
0	143
0	143
0	137
0	0
0	6
0	0
0	46
0	52
0	0
0	0
0	0
0	0
0	0
0	0
0	1
0	0
0	0
0	1
0	10
3	6
1034	5370
2	1959
6	1586
17	2813
105	1349
0	0
0	1045
2	1082
6	1095
0	1056
21	1030
0	980
0	930
18	153
1	901
4	73
0	1041
0	825
0	751
0	752
1	0
8	993
96	1
0	6
0	73
0	154
6	12
1	18
0	86
4	213
0	14
1	7
62	49
13	0
26	1977
1	2070
0	198
1	72
3	1219
0	102
0	58
1	254
0	153
10	0
93	72
3	72
2	51
0	12
0	0
0	0
0	545
0	0
0	102
0	0
249	558
1	79
2	322
1	0
12	41
1	31
0	142
0	2
1	3
0	3
0	0
0	1
0	0
16	242
5	242
0	0
0	0
0	0
0	0
3	231
88	1910
0	1910
0	1412
161	1553
135	261
0	0
0	0
0	0
0	0
0	0
2	5
0	5
2107	15812
998	15812
409	260
10	260
0	0
1030	1054
0	785
22	1279
0	941
0	941
0	936
2	762
2	0
2	21
1	21
0	20
0	4
0	1
0	0
409	275
1	235
0	234
328	0
336	0
731	0
0	0
3842	2174
0	1489
10	795
47	304
114	302
5	22
44	22
0	83
136	756
0	48
0	176
51	673
0	56
0	37
5	35
28	193
58	877
0	986
4	148
2	0
23	840
0	742
0	840
0	875
0	773
0	402
5	18
0	703
0	158
8	0
12	502
11	56
4	413
0	0
0	24
0	20
0	0
196	46
2	46
0	0
0	0
2	9
0	19
52	25
1	13
16	0
4	86
10	86
8	498
10	1042
0	1024
41	35
486	103
1	103
168	960
31	960
1	835
3	44
324	749
28	733
35	37
0	139
30	9
27	91
0	199
44	2
0	28
1	28
0	10
0	0
0	0
2	10
2	0
0	0
0	0
565	385
0	208
0	160
0	0
0	0
0	0
4	23
49	20
62	125
0	119
0	103
0	10
0	6
0	0
0	38
0	42
0	28
1	10
1	0
1	7
3	463
2	403
7	451
4	448
0	25
4	358
0	308
1	99
0	14
4	2
0	2
18	1
0	1
0	0
0	0
0	0
4	2
0	0
0	0
0	1
6	1
1	0
0	0
1	0
316	794
4	707
0	298
8	113
0	0
0	0
0	0
20	0
346	0
0	0
0	0
1	373
0	396
52	452
184	427
0	141
0	40
0	40
675	513
16	106
15	471
5	11
9	31
1417	81
1	81
6	182
0	202
0	97
0	101
577	167
3	26
0	44
0	40
0	57
4	2346
0	2351
971	1788
0	2002
0	1668
0	0
0	0
3	1
0	0
326	59
37	59
7	13
0	13
0	1123
0	1118
2	1117
0	96
0	21
0	0
22	24
0	19
0	0
90	2644
27	2641
15	168
9	236
0	299
4	112
29	1526
2	445
3	315
32	307
0	142
0	59
36	0
0	129
2	49
0	70
2	4
0	405
4	536
25	53
12	161
8	42
0	2
0	2
13	170
24	0
2	32
2	13
0	0
0	0
31865	19591
6	19474
0	0
10	0
0	2
21	36
5622	937
5	797
5	136
0	0
0	0
8	2
0	2
3	32
0	32
0	4
1	80
215	2067
65	3007
7	2156
1	936
3	1003
1	736
4	1032
0	12
1	527
9	119
1970	119
0	0
0	0
0	0
0	0
0	0
0	0
0	0
0	0
0	0
0	0
0	0
0	0
0	0
0	0
0	2228
5	1983
24	64
0	1233
7	1186
0	0
0	0
0	0
0	0
0	2655
3	166
0	653
27	271
43	2544
124	612
0	183
0	2591
1227	109
14	339
2	109
275	339
0	35
0	342
37	2346
10	2397
0	638
8	35
25	1124
0	2398
5	20
0	48
0	44
0	44
2	44
0	44
0	41
0	44
1	66
6	549
0	609
0	44
2	447
0	33
4	0
0	72
1	72
0	0
0	0
0	0
0	0
0	0
0	0
1	0
0	0
0	0
0	0
0	0
0	0
0	0
0	0
0	0
0	0
0	0
0	0
0	0
0	0
0	50
28	450
135	345
0	0
23	5
4	434
0	2
0	34
33	1
25	1
0	436
0	1524
302	0
77	304
3	212
2	7
0	124
0	172
30	249
4	0
1	85
0	80
0	21
1	38
0	37
0	21
3	5
3	77
0	0
0	0
0	0
0	0
0	0
0	0
447	158
8	157
9	0
275	3490
58	1662
139	838
25	1964
375	807
5	79
0	1
0	11
2	11
0	11
0	11
0	5
0	5
0	1
0	4
0	3
0	0
250	257
0	0
15	7
3	257
3	28
0	2
1	2
281	0
32	1753
11	1739
2	1837
0	1753
0	1633
49	1170
8	268
4	685
0	23
18	1071
15	817
23	1049
1	0
0	55
0	61
0	93
0	18
4	3
7	66
1	1821
1	242
0	1644
2	145
0	1904
0	1535
1	1088
0	1520
0	128
0	0
0	0
0	0
0	0
0	0
0	0
0	2940
14	422
1	1478
0	72
106	121
0	0
46	2671
2	111
0	0
1	174
0	49
29	293
3	275
0	218
0	173
0	75
6	73
0	71
207	9
39	1498
0	1566
0	1494
4	9
7	1483
0	1092
0	1251
0	1167
0	22
2	376
68	376
1	382
0	382
0	259
5	21
2	5
0	2
0	1
0	0
0	0
0	0
0	0
1	0
18	129
0	129
0	762
0	772
0	776
12	705
1	765
9	768
27	689
0	200
0	310
0	223
5	139
0	148
14	58
8	8
0	286
0	0
151	0
0	289
0	261
0	30
0	0
13	225
278	5669
0	5471
0	2772
0	299
20	972
4	378
23	51
220	152
0	148
20	68
14	124
14	64
0	10
0	4
1314	26
0	20
1	261
1	226
0	217
0	86
2	198
16	0
28	292
0	58
8	298
0	14
0	36
3	2636
7	2556
20	2669
3	55
3	21
0	2630
0	0
0	0
0	0
0	0
0	0
0	0
248	0
46	982
5	886
30	127
0	228
3	765
0	957
7	155
26	284
10	263
0	160
0	87
32	0
261	1090
1	1116
12	994
1	981
9	1030
2	1015
0	1017
0	662
0	70
0	68
0	91
0	66
54	52
0	26
9	14
24	0
27	456
0	426
11	93
51	159
0	0
0	0
316	0
99	762
1170	901
3	737
0	785
1591	220
1	93
14	48
23	172
54	93
0	0
0	0
16	0
3	596
137	156
2	151
0	0
0	0
10	540
35	29
1829	1139
41	1058
4	1009
0	0
5	36
8	386
3	173
9	212
35	0
0	63
0	49
5	82
0	56
1	0
2	53
0	0
2018	7217
350	7220
28	0
0	0
29	538
93	181
0	25
35	192
0	19
0	19
0	2
0	0
0	2
0	0
0	0
0	0
0	0
1376	330
0	326
0	5
0	3
0	3
0	0
0	0
0	5
0	0
0	1
12	6299
0	977
10	5496
11	88
1	5173
14	1595
0	11
0	12
0	7
0	12
0	7
3	0
0	11
0	0
0	10
337	3
3	1
0	0
0	0
2	0
0	0
1	1
0	0
0	0
0	1
0	0
0	0
0	0
0	0
0	0
0	3
0	0
0	0
3	4
0	19
0	18
0	0
0	0
0	0
0	24
0	24
0	12
0	18
0	17
0	18
0	0
0	0
0	0
0	0
0	0
0	0
0	0
0	1
0	0
0	0
0	0
26	5
0	0
0	0
0	0
0	2270
0	2272
1	2304
7	2268
0	3125
8	3126
0	1813
4	2819
15	1236
43	3105
5	44
0	489
0	387
0	0
0	51
5	390
1	71
3	1
0	12
0	7
0	29
1	7
0	7
0	29
4	10
1	0
0	0
4	4548
15	621
2	3121
0	4651
1	3293
16	14
0	3281
24	4725
1	3421
0	4815
2	133
0	4740
0	0
0	3281
0	4725
3	690
0	0
0	0
0	0
0	0
0	0
0	0
0	0
153	1449
2	779
1	0
0	0
6	1472
23	1456
12	53
0	919
0	505
0	582
3	639
3	0
7	519
4	629
2	443
0	469
1	27
20	0
6	3
4	2
1	0
2	0
0	0
59	0
6	1
0	0
2	0
204	0
8	1233
1	0
3132	202
12	120
9	81
155	236
0	1
0	11
13	0
118	225
0	0
0	2412
0	3
1	3
0	2474
0	1488
11	1844
213	476
0	374
0	353
25	398
0	364
12	468
2	208
0	36
31	2
3	2923
50	0
40	3036
8	45
0	0
0	0
0	0
0	569
0	1858
0	544
12	277
6	277
9	0
3	0
0	0
0	0
2	647
456	951
8	937
2	699
6	61
8	0
0	0
0	0
0	1
0	0
0	0
0	1
0	0
6	0
2	367
0	203
4353	1142
2	1244
8	52
2	1338
1	195
2	461
0	1217
0	1773
0	1695
3	144
2	1239
13	1155
0	83
25	170
3	74
19	339
21	165
96	222
58	928
1	995
58	150
58	0
0	718
0	715
0	310
0	449
0	281
2	135
0	127
1	117
5	265
0	626
40	116
0	234
2	635
219	631
0	243
0	29
251	0
0	56
6	24
0	512
0	7
0	36
7	54
0	0
0	0
0	0
0	0
0	0
0	436
13	381
0	100
0	158
0	308
0	118
0	114
1	220
0	287
0	277
0	276
0	83
0	275
7	0
315	3210
29	0
18	40
1	1001
2	1046
0	2227
1	50
0	51
0	14
0	50
0	0
0	32
13	481
17	548
9	622
2	622
1	43
1	1
3095	95
11	93
0	0
0	0
0	0
51	0
0	0
0	0
2	0
0	0
1111	1297
0	242
0	1232
12	97
2	211
5	360
0	34
0	34
0	34
0	34
299	0
0	295
1	292
0	292
0	44
1	71
0	42
0	0
15	18
6	5016
11	5237
0	4946
0	4951
0	2420
0	2139
0	2017
0	1559
0	1469
0	1567
0	1402
27	1416
42	1195
10	494
0	133
7	486
1	82
22	65
10	39
0	190
12	157
0	0
0	6
10	6
0	0
211	977
0	977
0	0
177	102
0	123
33	123
2	30
2	21
1	13
0	0
0	6
0	22
0	11
0	0
0	0
0	0
0	0
6392	0
0	0
1	0
0	0
0	132
0	130
0	104
0	47
0	39
0	3
3	2
0	1
0	1
0	0
0	0
0	0
0	0
0	0
0	0
4	0
0	0
0	0
0	0
0	0
0	0
1817	5921
13	3327
5	2203
16	1939
5	950
14	807
1867	0
0	1
0	1
0	0
0	15
282	73
0	14
1	13
6	60
6	42
0	34
0	15
1	1
0	0
0	2
1	2
0	1
0	1
0	1
0	0
18	1469
297	1469
14	327
2	4
0	0
0	0
0	0
0	0
1	0
29	55
4	55
3617	0
0	437
0	0
0	0
0	0
0	0
0	0
0	0
0	0
0	0
0	0
0	0
25	0
119	287
35	334
0	178
1	0
0	0
0	0
0	0
0	0
0	0
0	0
6	331
0	154
0	291
0	254
2	166
0	132
137	43
4	0
0	0
3	0
1316	1980
1	1764
19	703
15	117
8	27
0	0
0	0
660	0
5075	5595
0	1388
9	378
29	3935
0	0
0	0
0	0
157	193
0	224
0	817
46	79
0	124
1	910
0	20
0	0
3	174
6	8
2	8
0	8
2674	2
873	64
2	9
0	62
0	2
0	0
2	34
271	163
1	113
2	47
2	53
1	37
327	41
0	1
410	32
0	13
0	0
15	412
1	6
0	0
18	198
0	235
0	220
0	84
0	87
0	37
1	10
2	12
0	1
0	0
0	0
0	0
0	12
0	0
0	0
0	1179
1	1415
4	1150
1	1366
818	962
6	937
8	749
79	77
0	0
171	0
0	4
0	4
0	1
0	1
0	1
0	0
0	1
0	1
0	1
0	1
0	1
0	1
0	203
52	233
0	49
48	151
0	47
0	201
25	70
0	40
0	22
30	178
0	107
0	168
5	170
0	0
678	452
7	25
3	178
18	91
28	51
118	187
6	208
7	23
0	3
27	3
0	3
0	0
0	5
0	2909
0	634
0	0
0	5
0	458
0	458
3	2995
0	476
6	722
0	0
1	52
0	198
0	0
0	0
0	1
1	1
0	416
0	0
0	0
0	0
0	0
0	0
0	0
0	0
0	0
0	0
3	0
0	417
0	0
0	0
0	0
0	0
0	0
0	0
0	39
6	17
0	11
0	0
2	68
0	0
0	9
1	0
0	417
0	2
0	18
0	0
0	1
1	89
0	293
15	60
0	24
1	0
0	0
714	830
40	744
0	835
0	130
1	171
0	100
2	0
5	99
2	72
0	106
37	60
0	0
384	1343
4	1343
12	127
4	322
2962	980
9	867
10	113
1	2
0	0
3	27
0	5
0	1
0	5
0	4
0	3
33	861
0	303
3	516
10	865
2	132
0	110
40	129
5	46
0	158
5	149
66	1047
226	1859
0	1832
3	807
0	0
14	236
2280	14
42	2
0	0
0	0
1608	493
0	393
1	32
6	102
1	5
198	1323
5	336
12	39
0	61
2	481
43	323
0	746
5	21
5	248
644	851
2	850
53	102
2	343
0	132
0	46
3	4
1	4
23	334
0	298
0	64
13	24
13	2
2	66
14	46
16	45
1	75
49	58
0	0
0	0
7	16
0	16
0	0
0	0
1	0
644	609
5	609
2	4
198	429
7	426
3	127
127	7
0	1
0	1
0	1
18	15
2	7
0	0
0	8
0	0
0	0
673	1683
4	161
1	1642
33	91
0	0
3	0
0	0
3	0
0	615
0	610
0	571
0	591
0	594
2	453
0	261
0	259
0	301
0	183
2	167
0	180
0	156
2	166
4	76
0	97
36	89
0	13
0	62
0	47
24	38
1	38
0	29
35	27
0	40
0	3
0	0
31	0
0	0
18	0
56	175359
24	3
0	0
0	0
0	0
0	1
0	0
0	0
0	0
0	0
0	99
0	0
0	0
0	0
0	0
0	0
0	0
0	0
0	0
0	0
15	7
0	0
0	4
0	3
0	0
0	2
0	0
2	2
0	2
0	0
0	0
0	0
89	286
0	286
5	85
0	25
3	24
8	0
6	6168
1	6510
71	7105
0	3088
5	2749
1	2417
1	1202
0	0
11	45
227	171
1	126
20	12
0	12
0	0
6508	12
0	0
0	3
0	3
0	2
0	5
0	19
0	1
0	20
0	0
0	0
0	0
0	0
0	0
0	0
0	0
0	0
0	0
0	0
0	0
0	0
0	0
0	0
0	0
0	0
0	0
0	0
0	0
0	0
0	0
0	0
0	0
0	0
0	0
0	0
0	0
0	0
0	0
0	0
0	0
0	0
0	0
0	0
0	0
0	0
0	0
0	0
0	0
0	0
0	0
0	0
0	0
0	0
0	0
0	0
0	0
0	0
0	0
0	0
0	0
0	0
0	0
0	0
0	0
0	0
0	0
0	0
0	0
0	0
0	0
0	0
0	0
0	0
0	0
0	0
0	0
0	0
0	0
0	0
0	0
0	0
0	0
0	0
0	0
0	0
0	0
0	0
0	0
0	0
0	0
0	0
0	0
0	0
0	0
0	0
0	0
0	0
0	0
0	0
0	0
0	0
0	0
0	0
0	0
0	0
0	0
0	0
0	0
0	0
0	0
0	0
0	0
0	0
0	0
0	0
0	0
0	0
0	0
0	0
0	0
0	0
0	0
0	0
0	0
0	0
0	0
0	0
0	0
0	0
0	0
0	0
0	0
0	0
0	0
0	0
0	0
0	16
14	170
8	80
0	96
3	0
0	0
0	95
2	0
0	3
0	111
0	0
0	0
0	0
0	0
1	0
1	0
0	0
0	1919
0	0
4	410
0	462
0	453
0	465
1	314
0	173
0	158
0	215
0	215
0	218
0	217
0	214
0	214
0	217
4	217
1	4
0	38
2	38
5	6
5	3
4	3
1	0
1	0
740	848
2	250
13	363
20	15
1	171
0	298
0	0
0	0
24	0
2	0
0	0
0	0
0	63
0	38
0	65
0	67
0	16
0	59
0	53
0	14
0	4
21	6
0	56
0	24
0	45
1	23
0	6
0	4
0	17
10	48
5	94
321	2082
5	266
19	1813
0	555
7	143
0	474
0	119
1	375
16	104
3	15
4	257
6	537
1	547
1	236
97	78
3	36
0	225
2	122
3	155
0	145
0	79
0	0
0	76
38	376
0	373
0	19
0	0
0	22
1	32
0	78
1	0
1	1
0	1
2	983
1	1000
4	805
1	776
2	1083
0	730
1	203
13	460
0	421
4	348
0	631
18	0
18	1
2	147
50	0
3	0
1	162
27	0
27	328
1	173
0	105
0	109
8	41
0	2
0	0
32	300
0	29
9	194
54	440
1	359
5	205
1	334
9	0
26	0
7	0
4	0
4	0
9	929
0	1115
0	297
28	0
32	0
28	579
14	596
0	389
5	298
0	260
0	0
20	0
103	112
3	13
2	0
17	0
1746	123
21	118
2	5
197	150
0	134
2	19
34	1223
1041	9707
1	8493
7	3480
155	1625
1	3219
119	19
0	19
0	0
0	523
48	0
0	504
0	631
0	410
20	2
9	4
6	4
98	1437
0	170
95	839
2	1198
3	286
10	87
1	27
7	156
7	156
86	2
1717	14
0	2
783	131
0	0
4	131
3	0
0	2
1	2
0	0
0	0
0	0
0	0
10	5
0	0
9	125
0	17
0	0
0	5
3	0
15	0
0	0
0	0
0	0
19	0
15	0
0	0
2	113
0	0
0	0
2	14
0	235
1	25
0	69
0	13
0	13
0	66
0	24
0	2
5	22
0	84
2	0
0	4
3	0
0	6
0	288
0	286
0	292
0	175
11	0
0	81
0	81
0	18
1	1864
0	1
0	1947
4	307
0	966
0	73
108	0
1	245
97	0
1	87
0	0
0	0
0	0
0	0
0	0
40	0
0	0
0	0
21	17
158	190
0	159
0	169
0	101
0	0
0	0
0	0
0	0
220	1897
7	1808
0	47
0	56
3	7
0	11
10	11
2	9
3	43
1	38
0	33
23	21
0	0
0	0
94	96
0	0
0	0
0	0
40	9
0	9
0	8
0	0
0	0
8	30
1	30
0	1
0	1
0	0
1	1606
0	0
0	106
9	1603
6	145
0	1242
14	133
13	57
1	23
6	49
0	1179
0	0
1	0
3	51
0	0
0	12
93	656
0	63
415	761
0	385
0	613
0	397
0	283
1	0
28	63
6	107
3	94
6	0
0	0
0	0
0	0
0	1193
4	1196
0	108
0	352
7	271
2	132
2	60
0	194
1	299
6	178
3	22
11	83
66	1172
1	137
0	177
0	1094
0	247
0	95
0	61
0	1
0	1
3	0
0	0
15	0
0	0
0	0
284	59
0	4
0	55
0	3
1	3
0	0
0	9
0	9
1	0
0	1
0	1
0	3
158	66
0	14
3	55
0	0
0	0
0	0
0	0
0	0
0	0
0	0
0	0
0	0
0	0
0	0
88	0
0	0
0	0
0	0
0	0
20	677
0	0
0	0
0	80
0	0
3	93
0	0
0	113
0	3049
0	0
0	61
0	0
0	0
0	222
0	2112
8	2028
0	1758
26	241
0	3073
1	104
5	46
0	0
12	119
0	0
0	225
9	1093
125	1375
0	1416
83	1842
2	2922
0	15
12	445
0	4064
27	3987
105	4064
0	3829
9	277
0	2337
18	268
29	10
0	63
0	219
24	460
12	191
7	83
3	145
24	212
9	0
0	10
0	21
1	27
41	0
0	0
0	0
0	0
10	10
0	7
1	8
0	0
226	198
0	179
0	47
1	30
0	167
0	210
0	0
6	1
0	1
0	1
0	0
0	2
19	210
10	47
8	49
0	128
1	0
0	76
0	0
9	3380
94	9986
0	3
201	48
2	48
0	0
0	0
0	0
0	0
0	0
0	0
1	42
32	52
16	51
5	23
3	0
6	123
100	442
32	287
0	7
5	30
0	0
1	0
81	155
0	86
0	3959
0	3944
0	3975
0	3536
0	3233
0	3550
3	3349
0	3629
0	3657
0	3019
0	2661
16	513
2	549
2	470
14	631
17	0
0	2201
0	2309
0	1303
2	84
0	2190
1	288
0	2297
0	2329
1	2257
4	113
12	2300
0	1168
2	1545
0	17
0	380
2	171
16	43
0	764
885	264
13	264
3594	2280
91	1759
5	546
2	347
28	83
9	519
13	0
0	0
0	0
3	1
3	0
0	0
388	446
4	3
0	431
0	350
197	0
3	29
2	68
0	0
0	2
0	3
1	34
0	34
0	21
0	0
0	0
7	0
3	34
6	0
1	1
0	1
0	0
0	0
0	0
0	0
0	0
0	0
0	0
0	0
0	0
0	0
1	0
192	1785
94	3
2	236
0	615
4	1580
30	4
25	49
218	1761
6	1755
1	132
0	87
1	91
0	178
0	1634
0	42
0	12
77	22
0	12
0	2
0	3
0	9
0	0
0	0
16	0
5	0
0	0
0	0
0	0
2	0
0	0
0	0
4	10
0	0
0	154
0	160
0	108
0	3
0	109
0	109
0	12
1	16
0	0
0	0
0	0
22	2631
0	2486
1	782
0	2347
2	2409
0	2551
0	2480
10	182
2	289
8	0
1	1400
0	328
58	1485
1	205
0	304
5	332
3	586
9	469
54	0
124	0
4	1185
4	1307
1	1076
1	363
2	490
5	460
12	301
8	355
3	218
0	6
0	47
55	108
0	0
436	329
0	329
2	190
0	166
0	40
0	39
0	6
24	169
0	25
572	32
1	31
3	423
2	389
0	33
1	45
2	8
6	203
1	13
0	226
0	4
2	8
0	19
0	0
0	0
0	209
2	3
0	52
0	9
6	13
0	14
0	1057
0	166
0	1019
0	1074
24	205
0	40
0	1019
7	1017
0	35
0	988
1	164
0	782
0	950
0	0
24	45
0	757
50	9
0	0
2	35
3	97
21	60
0	1449
12	1489
0	1190
51	711
2	1136
1	77
9	549
25	961
74	961
0	0
0	0
4	0
0	0
455	4
3	0
1170	200
1	188
0	20
115	1820
8	1820
1	644
1	199
1	54
0	319
0	309
7	360
0	0
0	0
0	0
0	0
0	0
0	0
0	2
0	2
11494	4002
71	1395
0	0
0	0
0	0
0	0
0	0
0	0
0	0
0	1
0	1
14	23
2	23
0	15
3	22
0	22
0	382
102	679
4	526
0	343
18	276
0	56
0	66
6	15
0	49
8	40
12	14
1	22
156	0
1735	251
0	231
0	17
11	107
9	646
0	716
71	592
8	126
687	788
42	412
0	312
9	160
0	1
0	1
787	0
0	45
0	46
0	46
0	45
0	46
0	45
0	46
0	45
113	0
0	0
0	3
0	2
0	8
0	2
0	1
0	427
2096	1125
37	698
0	123
2	511
0	0
0	214
2	364
27	339
1	81
2	494
0	212
0	237
0	166
1	63
0	127
1	39
323	250
2	64
31	130
3	120
0	73
0	104
65	305
0	293
2	226
0	92
2	65
0	94
1	114
47	204
1	185
0	42
0	83
0	376
1	1227
27	127
0	116
0	1075
7	306
21	72
5	325
16	969
1	938
5	731
7	747
0	314
0	1
0	2
0	3
0	2
0	0
676	139
0	44
0	0
0	33
0	35
1	51
0	20
4	10
0	10
0	103
0	5
0	8
0	6
0	6
0	6
0	1
1	98
0	161
0	144
6	62
3	110
0	138
9	87
0	53
0	78
0	43
0	15
0	9
0	9
0	9
1	8
0	8
0	0
0	0
10	13
0	12
0	2
0	1
0	8
0	5
0	5
378	852
0	304
0	384
10	201
0	92
6	157
1	204
8	290
19	295
71	693
33	631
10	656
0	0
1	0
358	3440
8	2032
4	1332
0	1131
1	1481
0	28
0	28
0	24
1	1
0	0
1	196
43	268
8	193
1	30
1	30
0	20
0	0
710	1346
104	719
0	1275
9	54
5	206
7	151
0	142
3	465
0	177
0	0
0	0
0	0
0	0
0	156
2	179
2	201
5	97
0	1
0	11
1	18
94	26
1	26
0	0
0	0
0	0
0	0
0	0
0	0
0	0
0	0
0	0
0	0
0	0
0	0
0	0
0	0
0	0
0	0
121	0
0	0
0	0
0	0
0	0
0	0
0	0
0	0
0	0
0	0
0	0
0	0
0	4
0	0
0	5
0	5
0	5
0	1
0	4
0	5
0	5
0	5
0	3
0	0
0	0
0	3
0	0
14	1433
0	1409
42	1149
0	1066
0	24
3	17
0	709
0	107
0	28
0	51
0	26
0	62
3	0
3	305
35	836
0	288
0	157
0	309
7	93
0	88
0	89
16	96
7	1626
2	1660
0	0
4	17
1	222
0	59
0	82
0	53
2	6
1612	157
0	157
1	0
0	0
0	1
0	1
0	1
0	0
0	0
329	441
96	441
0	28
0	28
0	8
0	311
2	295
1	303
0	272
1	17
0	29
5	28
0	194
0	7
1	40
0	3
1	70
14	35
10	577
105	577
1	21
4	2
2	21
1	0
0	460
9	68
0	460
7	443
0	0
5	2
0	47
0	56
4	17
5	20
0	8
6	177
0	60
8	21
4	18
5	1
1	1678
3	1697
5	1732
0	1732
53	1439
36	160
1	212
1	1
0	450
0	532
0	296
1	189
1	234
7	0
0	30
1611	1232
17	1232
4	101
1	176
0	366
24	82
38	510
1	59
2	462
3	367
4	384
0	39
0	50
0	3263
6	6572
0	6625
2	544
0	338
1	388
66	335
9	13
8	1
1	0
0	1
5	0
3225	303
1	16
0	0
0	0
0	30
0	30
0	30
0	100
4	64
0	0
0	40
204	49
0	0
0	30
0	300
0	300
0	289
0	326
0	326
4	281
0	271
0	271
0	54
0	40
0	122
0	85
0	204
37	103
1	14
1	80
0	43
0	0
0	0
0	132
0	93
22	43
3	51
20	40
3	1902
0	2214
10	834
1	246
9	66
173	58
0	7
6	1
5	8
0	8
7	0
3	3
1	3
0	2
1	0
0	1
0	214
15	214
24	146
1	43
1	67
393	479
0	297
4	188
12	7
1320	391
1	385
4	185
594	19452
67	12516
0	15602
4	16051
0	0
44	5336
0	0
0	0
0	2037
6	1919
6	327
1	655
9	814
29	856
7	662
0	660
8	284
8	116
3	34
1	62
1	328
3	352
2	217
20	189
1	187
2	98
5567	1841
8	1611
1	386
0	0
2	0
0	971
0	971
11	141
8	38
0	433
14	1
0	302
32	8
1	41
1	17
0	17
0	0
6	129
41	163
0	477
218	482
0	30
1	33
0	148
0	9
0	34
2	37
2	33
0	41
0	5
0	1
0	0
0	0
0	0
0	0
15	14
2	14
0	0
0	0
0	14
0	0
0	0
49	0
0	0
0	106
83	141
1	33
0	38
0	0
0	12
0	3
0	7
0	31
0	31
0	7
0	447
68	456
7	58
3	56
10	1
0	8
0	8
0	0
0	0
21	4
0	4
7	1884
0	1904
0	1848
2	936
0	676
1	658
0	0
37	441
1	94
14	68
1	32
3	156
725	517
0	352
12	18
46	0
8	11
0	11
0	205
813	1494
0	1494
0	932
0	931
3	509
0	667
0	129
12	0
4895	765
1	407
56	698
0	0
0	0
0	0
0	0
0	0
1	0
0	0
7	0
0	70
0	212
0	241
0	73
0	244
1	0
0	8
0	22
0	14
0	267
3	267
0	5
0	7
0	2
20	703
7	651
19	661
0	232
0	27
0	75
0	66
0	18
99	18
11	275
2	2749
3	1791
5	2639
0	2293
24	2559
10	70
0	395
6	26
4	89
7	276
0	0
0	0
0	0
0	0
0	617
11	618
10	73
6	19
7	90
1	15
0	7
0	0
0	0
0	0
0	0
0	0
0	0
3	188
0	1218
0	836
0	1193
7	1201
9	204
33	127
0	1194
0	48
0	16
3	16
0	1
0	1
0	0
0	0
2	3
0	3
0	0
0	0
0	0
0	0
0	1787
36	1780
7	81
0	73
2	84
292	121
2	35
1	28
0	0
0	0
0	0
0	0
0	0
0	5
0	5
0	4
0	6618
0	4
0	0
30	841
32	841
15	13
0	1
0	0
0	0
1	87
4446	813
1	196
0	236
7	368
5	64
0	63
2	62
3	61
0	61
3	1
0	2
0	0
0	1
1	60
0	12
111	47
0	28
0	28
23	295
5	157
0	0
0	55
0	56
0	25
0	120
0	27
0	79
1	0
0	0
1	1
0	0
0	79
0	2008
0	1988
13	2083
0	1207
3	1471
0	1449
1	103
2	69
1	0
10	0
0	0
2	55
0	0
0	0
28	412
5	430
0	61
1	69
3	72
0	28
10	1
1	31
1	20
1	229
0	110
27	258
1	79
1	1
2	122
1456	140
2	140
1	70
0	180
47	562
17	189
7	6
17	446
0	0
0	0
6	0
0	4
142	27
0	3
0	12
0	7
2	77
3	2
0	872
1	823
0	1267
0	1549
0	1237
0	93
0	194
2	1497
0	966
13	161
0	258
0	1505
0	822
0	1
0	842
0	1225
0	822
1	8
0	179
0	311
5	148
65	182
28	42
0	0
678	347
5	122
4	166
1	54
12	43
2	52
2	8
0	22301
0	22612
163	4815
55	10
0	1858
0	23021
0	23426
0	23011
0	21449
0	169
1	444
0	0
61	1481
17	0
26	102
4	667
8	273
5	853
229	30
2	11
0	18
0	1
0	2631
0	1462
8	9416
3	4631
909	9071
37	1319
0	3324
1	50
0	307
0	10
0	287
6	142
2	301
2	22
0	47
2	445
4	521
14	413
20	191
2	675
0	704
7	17
7	33
9	257
1	232
12	52
0	6
0	46
61	57
1495	398
13	42
6	46
4	47
2	102
5	181
10	125
0	330
274	0
0	555
6	513
0	438
14	443
25	550
1	547
1	151
0	160
2	566
3	536
13	497
3	529
7	539
0	369
0	393
9	43
11	1
0	1
1	2061
49	2114
4	1592
0	90
0	90
1	90
0	42
0	41
0	83
0	17
0	49
0	79
1	80
0	32
1	30
0	12
0	68
441	0
1	241
1060	1119
0	59
0	90
6	113
2	1010
4	0
5	107
0	1247
0	1333
0	1197
0	1116
1	1168
12	834
0	332
0	377
10	111
0	121
4	296
1	170
6	394
76	255
0	877
0	59
13	344
40	112
5	138
0	859
0	0
0	55
0	115
3	37
2	1
1	46
0	48
5	1048
6	990
1	908
7	259
0	42
0	766
0	64
0	243
7	271
0	114
0	424
2	1380
0	742
10	1399
0	166
0	897
0	53
3	237
6	240
0	35
4	38
1	0
0	0
0	42
4	0
44	2901
0	1932
2	227
0	2121
103	2620
0	0
22	339
0	700
2	674
8	501
0	592
0	525
4	322
412	0
0	0
10	0
2	0
1	0
0	0
0	0
3	3
9	3
0	0
0	27
28	34
0	22
0	33
0	18
4	21
0	32
0	23
0	22
0	15
1	15
0	13
0	7
0	0
11	487
1	442
0	157
0	15
24	7
1	160
0	40
1	117
1	146
25	452
11	470
0	127
2	104
12	84
0	94
4	112
2	29
4	54
526	103
0	103
2	56
1	33
1	0
2	1427
166	1387
2	204
43	321
0	1283
0	127
0	262
23	741
29	669
5	129
0	211
8	226
614	206
16	143
18	62
2	467
10	0
3	60
0	24
0	11
0	20
1	25
0	465
0	33
0	29
3	4
2	3
446	1181
0	1061
0	1163
0	1171
7	979
0	685
0	477
0	663
5	621
0	622
0	631
0	306
60	356
1	114
0	163
1	38
5	1
45	1
1232	1301
7	205
44	10
5	890
0	245
8	188
5	1
0	62
0	0
0	0
55	7
0	0
9	210
345	19
0	19
0	1875
0	1875
0	50
0	384
0	316
0	81
854	552
2	123
1	287
0	84
0	0
3	1336
6	44
51	43
0	68
1	1411
0	82
6	327
3	365
0	0
0	219
0	52
8	416
0	0
0	0
0	0
134	461
17	433
0	173
3	68
0	46
1	0
3	79
40	509
13	509
30	3441
0	1630
0	0
0	156
4	206
60	2933
2	110
0	240
25	101
0	0
13	0
0	0
1	46
22	46
0	0
308	79
0	3
0	51
0	2
0	75
0	23
0	7
0	0
1	16
2	17
2	39
818	899
4	185
0	86
30	0
6	47
0	6
16	38
0	0
6	38
35	514
0	106
0	36
0	3
0	0
0	0
0	124
1	66
32	33
1	5
0	4
20	37
0	15
0	37
67	5551
797	5582
0	0
0	3301
1	736
0	451
3	410
1	39
0	364
0	227
0	69
0	0
0	0
4	0
39	691
3	31
28	165
5	689
1	120
1	161
3	113
3	71
2	73
0	116
3	17
95	626
0	349
12	155
5	129
3	201
5	199
6	1374
8	1100
7	1013
0	2436
0	2436
6	1590
152	260
0	93
0	3098
0	3005
0	3098
0	3000
3	69
0	453
0	2940
0	255
0	395
3	2741
2	20
14	135
3	218
1	196
8	213
0	189
0	196
0	196
0	186
0	65
0	173
1	20
0	4
0	168
0	5
0	4
0	38
0	4
0	0
0	0
0	32
0	695
0	15
0	100
0	118
2	695
6	691
14	752
0	39
0	69
34	33
3	651
0	694
16	30
0	165
0	195
0	113
0	188
13	70
0	107
28	277
0	96
0	220
12	218
38	218
0	135
9	167
0	52
0	22
1	107
0	42
294	243
3	63
0	243
1	81
0	790
0	826
1	872
0	669
15	660
0	42
0	159
6	38
0	150
2	108
0	53
58	10
222	4
0	0
8	0
75	2453
2	59
37	2498
1	79
0	92
20	357
35	428
25	139
13	196
0	0
3	0
0	0
0	0
0	0
114	674
44	134
64	415
0	670
0	0
0	59
728	4609
124	3300
2	11007
7	11008
0	11018
17	10109
0	1362
0	11009
117	2785
0	11007
0	44
3	26
3	1179
0	198
1	201
1	12
1	13
1	192
2	39
2	541
0	580
4	571
0	0
0	0
1	36
1	110
0	0
0	0
4	411
3	380
2	86
0	19
0	35
0	54
0	6
0	109
0	0
6	12
0	0
62	1198
50	1329
0	1267
9	761
0	212
4	170
0	191
4	263
4	83
0	0
0	1
3	131
0	0
7	131
0	0
0	0
1	0
0	16
7	1
2	8
9	1386
1	117
9	685
0	1043
41	1324
0	26
2	552
5	253
0	12
0	12
0	12
0	12
7	4
2	0
0	0
120	225
2	57
11	195
4	0
1	0
4	2341
0	1820
2	2254
29	11
0	238
0	0
7	0
4	0
3185	2056
1	83
12	281
1	563
0	739
0	952
0	517
2	523
2	56
9	0
4	46
0	32
0	27
0	38
0	23
1	34
1	17
3	5
650	12864
70	2864
3	4199
16	1018
0	4178
16	10580
20	1015
0	1
9	219
26	248
0	100
0	72
0	126
0	11
0	43
0	22
0	62
0	62
0	73
9	0
5	3
5	36
0	11
17	1
0	9
0	2
0	12
0	7
4	12
9	570
3	536
0	558
0	308
5	17
0	0
0	0
1004	805
58	805
52	583
0	300
21	116
0	0
0	0
0	394
0	394
1	33
0	0
0	1221
9	1225
8	497
0	128
12	42
0	0
1	0
0	0
0	0
0	0
0	0
0	0
1	0
1	21
0	0
468	77
52	14
0	83
0	1
0	1
0	0
0	0
0	58
2	9
1	0
0	0
3	0
0	0
0	0
0	0
60	376
1	389
0	104
0	121
0	106
0	68
0	28
1	19
5	3
0	0
87	8
0	414
9	1136
9	39
9	88
10	1205
0	1191
35	2116
0	0
1	2097
0	0
1	306
0	56
22	2161
0	398
2	169
51	4412
0	3108
0	3915
0	3866
16	1380
0	294
0	188
126	1
0	1570
14	1605
3	210
0	270
21	81
14	843
2	225
34	16552
174	16156
2	1043
7	2520
6	1914
11	804
83	361
0	261
10	353
0	196
12	33
7	124
0	150
27	842
0	1169
0	1127
3	1097
0	892
0	1183
14	828
1	54
158	583
0	569
22	395
165	396
2	317
1	71
0	0
1	0
366	1220
25	1201
2	254
5	2
1	0
8	1415
2	167
0	619
0	621
14	1215
9	150
0	126
0	4
8	45
1	4
0	0
0	0
4	121
0	133
4	135
10	56
1	9
25	8
0	24
38	12
0	3
0	0
4	6
0	1
0	1
0	1
0	0
0	3
0	12
0	9
0	8
0	12
1	7
0	0
0	0
13	276
0	2076
0	2222
0	2016
0	613
0	1050
0	1875
5	137
0	539
0	50
2	168
8	164
29	207
0	4105
94	3750
1	754
0	1255
4	138
11	31
0	567
20	262
187	68
0	175
6	102
387	86
3	82
0	0
339	10499
4	6909
11	3154
0	3150
0	1525
39	0
133	10631
3	1133
2585	1207
0	1205
7	10
0	0
0	0
0	0
0	347
0	360
1	346
4	362
0	109
0	105
0	39
0	13
6	1
5	0
0	0
0	0
0	0
13	4
0	4
4	4348
0	5101
11	3350
6	5086
0	5116
0	4854
25	135
1	4909
9	264
107	4980
2	3427
5	4980
8	2897
0	23
0	24
0	23
0	14
7	0
0	3
2	0
0	0
0	6
0	13
0	3
0	3
1373	4
0	0
0	0
0	26
0	26
0	26
0	26
0	26
0	6
0	8
0	0
0	1
3	1
454	227
0	184
4	165
2	135
72	39
357	93
12	5
2	42
0	0
0	46
2	0
1	0
0	0
0	0
1	0
0	0
52	1570
9	171
0	1532
27	24
8	199
0	0
0	0
0	0
0	0
0	0
0	0
0	1
0	1
0	0
0	11
0	0
0	0
0	0
0	0
0	0
0	0
0	0
0	0
0	0
0	0
0	0
0	0
0	0
0	0
0	0
0	0
0	0
0	0
0	0
0	0
0	0
0	0
0	0
0	0
16	848
0	0
0	0
0	0
0	0
0	0
0	0
0	0
0	0
0	0
0	0
0	0
0	0
0	0
0	0
0	0
0	0
0	0
0	0
0	0
0	0
0	0
0	0
0	0
0	0
0	0
0	0
0	0
1	0
0	0
0	1
0	0
0	0
0	0
0	0
0	0
0	0
0	0
0	0
0	0
0	0
0	0
0	0
0	0
0	9
0	0
0	0
0	0
0	0
0	0
0	0
0	0
0	0
201	1266
22	1221
0	356
2	390
37	3516
0	3621
0	2413
1	2339
8	77
57	89
31	54
54	1
0	0
0	127
86	122
3	1117
7	1160
273	285
1	240
139	43
0	822
0	3078
38	535
29	0
1	252
86	1483
1	3037
0	2602
19	0
37	8
3	325
0	0
0	1031
79	0
1774	3301
0	33
0	17
0	3304
19	991
3	880
11	682
1	67
0	0
0	0
0	0
10	0
0	0
0	0
140	256
1	30
0	200
0	95
0	36
32	0
0	77
0	0
0	58
47	0
0	6
9	0
21	0
0	0
74	5
0	0
0	2
0	0
0	0
0	0
0	2
0	0
0	0
0	1
0	0
0	0
0	0
0	0
0	0
278	1320
2	1247
1	711
0	17
2	111
1	0
0	18
1652	1405
69	1405
0	757
0	0
0	0
0	0
0	0
0	0
0	0
0	0
0	0
0	0
20	520
0	497
0	517
4	17
3	52
0	75
0	67
0	50
11	42
31	23
2	0
0	0
0	0
3	4
1	4
0	0
71	0
0	0
15	0
358	0
0	0
0	0
1	0
10	2
0	2
0	2
429	7221
4	4441
9	679
1	517
163	1108
7	137
4	675
166	1011
17	1472
0	1393
0	1243
5	42
6	35
1	943
0	55
13	97
2	747
0	0
6	69
8	289
485	172
0	142
0	158
2	19
0	148
5	119
1	93
1	25
0	30
2	5
0	0
30	7
0	7
46	0
652	1296
0	909
0	1098
0	195
8	294
5	0
0	0
0	0
0	0
0	0
0	0
0	0
0	0
0	0
5	245
0	0
0	0
0	0
0	0
263	12245
0	1
0	8
0	1
0	1
0	0
0	0
0	0
0	7
0	0
0	0
0	1
0	0
9	404
0	0
0	0
0	0
0	0
2	0
0	0
0	0
1	161
0	0
3	18
1	17
1	12
0	1
0	5
0	40
0	49
23	19
0	61
0	0
0	3
0	0
0	298
0	256
0	75
0	3
0	74
0	45
16	113
2	77
0	32
0	45
17	23
0	0
0	23
3	21
231	1101
0	255
0	1038
0	1109
0	913
0	926
2	871
0	555
0	160
0	6
0	138
0	134
0	89
0	135
0	134
0	107
0	196
1	188
0	88
2	94
0	12
0	0
76	7
0	105
0	172
0	106
0	3
0	14
70	45
0	57
1	16
0	1
0	0
1	16
0	0
0	0
0	0
0	0
0	0
2	0
0	0
1	0
0	0
0	0
0	0
0	0
0	0
0	0
0	0
0	0
0	0
0	0
1	0
0	0
0	0
0	0
0	0
0	0
0	0
0	0
0	0
1008	343
0	341
393	710
0	271
6	581
4	219
4	175
17	354
6	230
0	109
26	213
11	0
14	147
2	77
3	18
175	538
1	69
2	594
96	25
11	24
6	48
6	129
1	0
10	0
7	482
0	19
0	296
11	60
0	23
1	31
0	12
213	729
1	0
0	0
1110	248
2	248
578	188
0	0
0	77
0	87
0	19
0	17
0	30
231	0
3	0
0	0
2	0
0	0
0	49
0	7
0	49
0	49
0	3
13	1012
92	1141
3	583
16	628
2	487
0	138
0	427
3	427
1	0
0	1
0	1
1	0
0	0
0	0
1	9
0	0
0	0
1	1
1123	924
55	920
2	313
0	0
0	0
0	0
0	0
0	0
0	0
0	0
0	0
0	0
0	0
0	0
0	0
1	419
18	236
0	235
0	236
1	53
0	52
0	35
0	0
4	578
22	590
15	591
6	81
5	110
0	14
23	0
1257	1895
8	12
43	612
9	126
1	1169
29	929
20	654
0	160
0	64
0	153
0	167
0	170
0	4
1	22
0	1
1	1
0	7
0	33
0	0
2	6
0	0
0	0
0	0
0	0
0	0
0	0
0	0
3533	131
2	129
3	21
10	21
0	31
0	31
0	31
0	31
0	0
0	0
1	26
0	0
757	1008
14	867
4	578
1	368
0	50
0	2
7	723
5	1034
22	1044
25	1044
0	675
358	4645
0	4557
0	4476
1	855
0	3866
0	2440
0	1163
0	797
3	952
128	266
11	259
5	125
262	125
0	0
0	0
0	0
4	702
0	0
36	0
0	0
0	0
0	0
0	0
0	17
0	17
0	17
0	0
0	6
0	0
0	0
0	1
0	0
0	0
1	10
0	6
0	10
0	0
0	0
0	0
0	0
0	0
5	256
0	259
4	213
0	189
9	46
0	0
7	0
0	0
0	0
0	12
0	12
0	1551
0	4374
0	4287
0	4486
0	484
0	8
0	8
0	0
0	0
0	7
0	0
0	0
0	0
163	995
0	995
0	995
5	0
0	21
233	145
0	110
0	120
6	71
2	64
0	54
0	4
0	2
1	0
0	0
115	104
0	95
0	39
0	29
0	0
0	3
0	8
1	278
0	593
7	591
0	599
7	437
0	0
1	48
21	4
61	4
0	3
0	0
0	0
0	0
0	0
0	2
0	3
0	2
0	3
0	1
0	20
0	20
3	2
0	0
0	0
0	0
1	0
3	0
0	3360
0	3259
23	2700
0	1741
0	3374
3	148
2	1598
0	21
0	95
6	21
2	2917
0	423
1	1726
2	293
1	0
0	0
0	0
0	1
30	55
1	55
0	98
43	2684
22	2702
79	36
0	4
0	2636
0	31
24	1022
3	36
2	25
36	35
6	1186
163	376
0	367
5	53
0	1
6	200
3	19
0	114
1	109
2	157
8	142
7	152
8	45
28	2448
0	2405
19	203
96	177
7	102
11	177
122	61
13	181
2	82
17	0
42	84
0	0
10	62
3	0
5	0
0	0
10	5
2	14
0	17
102	2774
95	2283
0	2237
0	2223
8	718
2	323
193	28
291	64
0	13
2	89
27	89
1	36
225	964
44	964
0	0
0	0
0	0
216	228
1	22
1	12
12	201
0	13
0	60
0	0
0	0
0	0
0	0
1	0
855	1420
0	1392
31	1196
8	1200
2	620
3	419
1	43
0	0
0	0
809	1219
0	1223
0	847
10	191
0	298
0	43
0	43
0	0
0	0
0	0
0	0
0	0
0	0
0	0
0	915
0	876
0	109
12	673
4	957
33	872
101	719
39	49
3	780
0	94
2	143
0	0
1015	1697
4	191
2	603
0	207
3	606
4	68
0	0
1	738
8	768
0	0
1	0
1	0
0	0
0	0
0	0
0	0
0	0
0	0
0	0
0	0
0	0
0	0
649	278
0	6
4	19
0	0
5	96
1	181
1	0
0	0
0	0
231	219
11	219
0	146
7	29
0	14
0	1
0	28
0	27
0	27
6	14
5	6
0	1
247	2461
0	2293
18	1091
1	84
73	481
229	38
0	0
2	38
41	4
0	4
0	3
0	0
1	0
0	2
0	0
0	0
16	19
0	19
0	1
0	0
0	0
0	92
0	0
1	17
0	30
0	45
0	42
44	114
3	9
1	61
6	25
0	0
0	638
0	640
1	618
0	643
0	635
0	95
1	96
0	29
0	23
1	23
27	10
0	12
0	1
12	0
0	0
0	0
4	24
0	49
0	27
0	39
4	25
0	21
1	16
0	21
0	0
0	0
1	135
0	138
0	6
1	8
2	15
0	22
2	49
0	0
2	2
0	1
0	33
0	0
4	0
0	26
0	33
1	1
0	5
0	3
0	2
0	0
5	4
0	4
0	0
0	1
0	0
0	0
0	2
0	2
0	0
0	2
1820	1057
1	681
12	229
7	286
1	0
0	0
78	666
0	666
0	0
44	178
3	177
0	0
0	1
0	1
0	1
0	1
0	0
0	1
0	0
0	0
0	0
0	0
0	0
0	31
0	28
0	30
0	29
0	26
0	0
0	3
0	1
0	0
606	2
0	0
0	0
0	0
0	0
0	0
0	0
0	0
0	0
0	0
0	0
0	0
0	0
0	0
0	0
0	0
0	0
0	0
0	0
4	0
0	0
0	0
0	2
1	2
0	0
0	0
2	0
0	0
0	10
12	10
33	1163
2	708
1	85
1	86
0	85
0	85
4	699
6	142
0	0
0	0
7	71
0	0
0	0
0	0
0	0
0	0
0	0
0	0
0	0
0	0
0	0
0	0
0	0
0	0
0	0
6860	1990
100	404
15	1606
10	726
3	1784
239	0
91	0
0	200
38	75
104	2
205	2
68	0
357	0
1599	445
1	445
22	595
0	496
11	607
0	495
1	144
4	225
31	204
1	182
4	2
0	0
0	0
0	0
0	0
0	9
0	9
0	8
0	2
0	0
0	0
1915	0
14	4
1	4
0	0
0	2
0	103
0	148
0	130
2	6
1	15
0	8
0	29
0	37
12	0
72	482
0	455
2	375
16	252
6	2
7	1564
0	196
2	30
28	1547
10	296
0	243
0	118
1	108
14	14
4	62
0	1
0	230
38	2
1	11
4	2
7	138
1	748
4	698
0	68
1	81
30	653
0	5
9	56
536	156
0	100
45	3786
32	3635
0	3092
0	1235
13	915
21	1572
24	222
5	190
0	23
3	0
35	198
0	0
162	3740
26	3744
4	629
1	328
0	275
3	878
2	59
1	186
9	87
14	330
0	0
0	0
0	0
0	0
5	316
424	0
4	1
0	1
22	0
0	18
0	16
0	2
7	11
0	1
0	0
0	1
0	1
0	44
0	1
0	1
0	1
0	1
0	43
0	0
0	2
0	2
15	3074
5	3200
2	1378
14	1530
7	34
18	1705
12	2688
178	2710
8	80
9	68
0	362
1	281
38	168
0	0
3	0
0	288
0	299
0	305
0	322
0	123
1	30
0	44
6	15
15	36
10	89
0	9
0	265
503	578
2	141
5	487
26	226
0	460
3	418
0	32
0	33
180	0
1	3255
0	3324
0	3078
0	3503
0	644
5	3511
0	3069
0	2727
0	2863
93	463
144	1833
4	489
204	724
0	689
0	249
4	31
1	81
0	2
3	44
0	9
10	865
75	865
0	40
0	48
5	243
0	0
0	233
16	98
40	311
2	95
0	0
0	137
10	14
0	0
0	0
0	0
0	0
0	0
0	0
0	0
0	0
0	0
0	0
0	0
0	0
4	0
0	0
1	1373
0	0
0	0
0	0
0	0
26	2145
0	16645
367	16666
2	12687
151	8061
41	928
4933	3500
31	1
275	1406
2	99
3	307
0	1147
15	184
0	311
1	91
0	43
0	0
0	71
0	2
0	4
0	50
0	0
8	67
1	0
0	0
0	12
5	0
0	57
0	6
0	0
0	5
0	0
372	695
2448	697
21	685
4	568
1	226
15	73
2	0
5	0
1098	886
0	234
5	127
22	108
2	460
0	0
0	0
0	1
0	11
0	0
15	9
0	9
0	0
0	0
37	4289
1	4240
35	4221
3	368
6	629
1	0
0	0
0	0
0	20
5	49
3	19
3	31
76	2393
0	2113
0	1427
0	1
0	0
21	1041
0	0
16	499
0	0
0	0
0	0
239	228
5	140
118	222
80	93
2	14
0	52
0	87
0	111
9	123
0	106
0	98
1	18
3	75
0	75
0	0
0	13
0	0
1	13
3	0
0	0
66	800
1	796
5	214
0	66
1	16
0	7
2	0
0	0
3	0
1	8
7	8
2	0
6	0
0	136
0	136
4	108
0	88
0	48
1	48
0	59
0	19
0	42
0	19
0	11
1	26
0	0
0	0
0	15
0	0
0	0
10	1082
0	1626
3	1567
0	1687
1	1633
0	1506
0	1536
1	1580
0	1094
0	721
34	682
0	1
0	260
1	435
0	230
0	368
1	39
2	119
2	108
4	55
191	4592
36	5080
102	2172
35	868
19	982
0	0
0	0
0	0
0	0
0	0
0	654
0	674
15	408
0	540
0	395
0	209
0	155
6	25
0	7
0	6
43	91
0	49
2	7
0	0
3	357
0	0
0	0
12	8
0	8
119	0
12	0
29	6
6	3
1	6
24	0
0	0
0	0
0	0
3	0
0	0
3	0
0	11
11	20
4	17
2	0
0	0
0	7
3	4
0	0
1	18
0	0
2	14
0	13
0	1
0	5
0	5
0	1
0	4
0	0
0	0
0	0
0	0
0	0
0	0
0	0
0	0
0	0
0	0
421	911
11	404
6	0
4	507
0	0
0	0
0	0
0	0
0	0
0	0
1	0
0	0
0	0
0	0
0	0
0	0
91	8483
1	126
0	0
0	0
0	0
0	0
0	0
0	0
0	0
0	0
1	0
0	0
0	0
47	0
0	0
6	4782
3051	5283
14	1224
1	5445
0	3246
0	3361
13	266
3944	19
0	0
151	15
35	0
0	0
44	0
0	4
3	0
2825	2235
42	1528
0	1995
14	23
0	73
0	437
12	27
287	50
9	75
197	55
5	39
143	92
2	53
0	0
0	0
1314	0
14	10
0	561
1	566
0	472
3	7
0	0
0	70
6	282
8	1
807	114
9	114
0	0
0	1
0	1
50	67
0	24
4	45
5	44
1310	38
6	30
0	318
0	336
0	335
0	335
0	0
0	23
0	8
0	1
0	1
0	1
0	1
0	2
0	1
0	0
0	0
0	0
0	0
0	0
0	0
0	2
0	0
1	20
0	1
0	1
0	1
0	1
80	1487
17	1487
0	72
0	28
0	104
30	127
0	73
18	558
0	0
1	413
1	81
4	51
798	1425
1	1440
13	128
16	628
13	0
2	1
0	0
0	0
0	33
0	26
0	27
0	26
1	5
0	2
0	0
0	0
0	6
7	0
0	1
0	0
0	0
0	0
0	0
0	784
0	1135
0	1127
0	764
2	1101
0	1118
11	26
5	499
14	207
0	110
0	99
0	33
0	53
0	0
0	0
0	0
0	0
0	0
0	0
0	0
0	0
0	0
0	0
0	23
1	266
331	912
4	375
14	200
7	824
0	158
0	0
1	0
0	0
0	0
20	23
575	250
8	76
2	229
16	202
0	2
2	10
0	5
0	10
0	5
0	4
0	5
1	5
0	1
0	0
2	1
0	0
1	1
0	1
17	1
3	4751
0	4475
0	4634
20	193
7	4381
0	0
0	0
0	0
0	0
0	0
1	314
0	310
0	305
0	215
0	193
0	193
0	185
0	170
75	22
2	2
0	0
0	0
2	1654
4895	2860
23	122
14	530
12	554
0	0
128	72
0	72
0	0
286	10827
4	10827
7	1138
6	1352
9	417
36	0
0	0
1	1
43	214
13	147
1	16
10	2
21	389
35	183
0	2
0	7
37	439
0	165
1	71
8	43
0	0
11	2096
0	0
0	0
0	0
0	0
0	0
0	0
8	1
0	0
0	1
0	0
1	5
0	0
0	0
0	0
0	0
0	0
0	0
23	393
0	0
0	0
0	0
0	0
0	0
56	3048
2	674
1	236
0	472
11	87
1	667
2	2080
0	0
27	381
275	5550
12	258
33	202
2	252
1	104
2	5489
0	0
1	0
0	249
2	159
113	3
1	1
0	0
0	0
0	0
0	49
0	3
0	49
0	3
0	49
0	3
0	49
0	3
0	49
0	3
0	49
0	3
0	49
0	0
0	0
0	0
0	0
95	550
0	505
1	39
3	164
1	205
1	44
0	202
0	256
0	265
2	282
8	280
0	276
0	44
0	0
0	0
0	0
1	0
0	14602
0	14463
0	14431
0	15082
0	14380
0	14150
0	13967
0	14860
0	14685
0	11075
0	14173
0	14034
0	14927
0	14576
0	14050
0	14432
0	14442
0	14586
0	14528
0	14151
0	13774
0	13469
0	13999
34	13705
3	14211
0	13042
2	1716
0	1842
0	1468
0	55
11	40
0	0
1	0
120	713
37	675
0	459
5	593
3	383
2	241
3	1713
0	2030
0	2014
0	480
0	487
0	210
613	271
0	271
5596	187
0	0
0	0
6	187
4	67
1	506
2	506
1	305
0	46
0	52
0	49
2	1
7	44
0	0
6	0
599	1181
8	1178
27	488
101	180
3	3
0	177
0	76
0	0
114	174
0	174
1	144
4	23
0	144
19	95
2	139
3	139
1	6
0	6
0	1
0	0
3	40
0	51
3	97
281	147
0	10
13	145
4	0
0	0
0	0
0	4
0	4
0	4
0	0
2	0
74	4295
0	4295
13	403
0	3189
0	958
9	620
2	176
3	701
0	46
6	153
0	2862
0	139
0	4404
3	4151
0	892
0	3668
16	476
0	0
244	2
0	2
0	0
2	1
3	1
0	13
0	13
14	18
23	18
1	0
1	0
0	0
0	0
0	0
0	0
0	0
0	0
0	0
0	0
0	0
0	0
0	0
0	0
0	0
0	0
0	0
0	0
0	0
0	0
0	0
0	0
0	0
0	0
1	0
0	0
0	0
0	0
0	0
0	0
0	0
0	0
0	0
0	0
0	0
0	0
0	0
0	0
0	0
0	0
0	0
0	0
0	0
0	0
0	0
0	0
0	0
0	0
0	0
0	0
0	0
0	0
0	0
0	0
0	0
0	0
0	0
0	0
0	0
0	0
0	0
0	0
0	0
0	0
0	0
0	0
0	0
0	0
0	0
0	0
0	0
0	0
0	0
0	0
0	0
0	0
0	0
0	0
0	0
0	0
0	0
0	0
0	0
0	0
0	0
0	0
0	0
0	0
0	0
0	0
0	0
0	0
2	0
0	13
0	31
0	32
1	31
2	0
0	0
0	0
0	0
0	0
0	0
0	0
0	0
0	0
0	0
0	0
0	0
0	0
0	0
0	0
0	0
0	0
0	0
0	0
0	0
0	0
0	0
0	0
0	0
0	0
0	0
0	0
0	0
0	0
0	0
0	0
0	0
0	0
0	0
0	0
0	0
0	0
0	0
0	0
0	0
0	0
0	0
0	0
0	0
0	0
0	0
0	0
0	0
0	0
0	0
0	0
0	0
0	0
0	0
0	0
0	0
0	0
0	0
0	0
0	0
0	0
0	0
0	0
0	0
0	0
0	0
0	0
0	0
0	0
0	0
0	0
0	0
0	0
0	0
0	0
0	0
0	0
0	0
0	0
0	0
0	0
0	0
0	0
0	0
0	0
0	0
0	0
0	0
0	0
0	0
0	0
0	0
0	0
0	0
0	0
0	0
0	0
0	0
0	0
0	0
0	0
0	0
0	0
0	0
0	0
0	0
0	0
0	0
0	0
0	0
0	0
0	0
0	0
0	0
0	0
0	0
0	0
0	0
0	0
0	0
0	0
0	0
0	0
0	0
0	0
0	0
0	0
0	0
0	0
0	0
0	0
0	0
0	0
0	0
0	0
0	0
0	0
0	0
0	0
0	0
0	0
0	0
0	0
0	0
0	0
0	0
0	0
0	0
0	0
0	0
0	0
0	0
0	0
0	0
0	0
0	0
0	0
0	0
0	0
0	0
0	0
0	0
0	0
0	0
0	0
0	0
0	0
0	0
0	0
0	0
0	0
0	0
0	0
0	0
0	0
0	0
0	0
0	1
0	0
0	0
0	0
0	0
0	0
0	0
0	0
2	77
0	0
0	0
0	0
0	0
0	0
0	0
0	0
0	0
0	0
0	0
0	0
0	0
0	0
0	0
0	0
0	0
0	0
0	0
0	0
2	47
0	0
0	0
0	244
0	0
0	0
0	0
0	0
0	0
0	0
0	0
0	0
0	0
0	0
0	0
0	0
0	0
0	0
0	0
0	0
0	0
0	0
0	0
0	0
0	0
0	0
0	0
0	0
0	0
0	0
0	0
0	0
0	0
0	0
0	0
0	0
0	0
0	0
0	0
0	0
0	0
0	0
0	0
0	0
0	0
0	0
0	0
0	0
0	0
0	0
0	0
0	0
0	0
0	0
0	0
0	0
0	0
0	0
0	0
0	0
0	0
0	0
0	0
0	0
0	0
0	0
0	0
0	0
0	0
0	0
0	0
0	0
0	0
0	0
0	0
0	0
0	0
0	0
0	0
0	0
0	0
0	0
0	0
0	0
0	0
0	0
0	0
0	0
0	0
0	0
0	0
0	0
0	0
0	0
0	0
1	1
0	0
0	0
0	0
0	0
0	0
0	0
0	0
0	0
0	0
0	0
0	0
0	0
0	0
0	0
0	0
0	0
0	0
0	0
0	0
0	0
0	0
0	0
0	0
0	0
0	0
0	0
0	0
0	0
0	0
0	0
0	0
0	0
0	0
0	0
0	0
0	0
0	0
0	0
0	0
0	0
0	0
0	0
0	0
0	0
0	0
0	0
0	0
0	0
0	0
0	0
0	0
0	0
0	0
0	0
0	0
0	0
0	0
0	0
0	0
0	0
0	0
0	0
0	0
0	0
0	0
0	0
0	0
0	0
0	0
0	0
0	0
0	0
0	0
0	0
0	0
0	0
0	0
0	0
0	0
0	0
0	0
0	0
0	0
0	0
0	0
0	0
0	0
0	0
0	0
0	0
0	0
0	0
0	0
0	0
0	0
0	0
0	0
0	0
0	0
0	0
0	0
0	0
0	0
0	0
0	0
0	0
0	0
0	0
0	0
0	0
0	0
0	0
0	0
0	0
0	0
0	0
0	0
0	0
0	0
0	0
0	0
0	0
0	0
0	0
0	0
0	0
0	0
0	0
0	0
0	0
0	0
0	0
0	0
0	0
0	0
0	0
0	0
0	0
0	0
0	0
0	0
0	0
0	0
0	0
0	0
0	0
0	0
0	0
0	0
0	0
0	0
0	0
0	0
0	0
0	0
0	0
0	0
0	0
0	0
0	0
0	0
0	0
0	0
0	0
0	0
0	0
0	0
0	0
0	0
0	0
0	0
0	0
0	0
0	0
0	0
0	0
0	0
0	0
0	0
0	0
0	0
0	0
0	0
0	0
0	0
0	0
0	0
0	0
0	0
0	0
0	0
0	0
0	0
0	0
0	0
0	0
0	0
0	0
0	0
0	0
0	0
0	0
0	0
0	0
0	0
0	0
0	0
0	0
0	0
0	0
0	0
0	0
0	0
0	0
0	0
0	0
0	0
0	0
0	0
0	0
0	0
0	0
0	0
0	0
0	0
0	0
0	0
0	0
0	0
0	0
0	0
0	0
0	0
0	0
0	0
0	0
0	0
0	0
0	0
0	0
0	0
0	0
0	0
0	0
0	0
0	0
0	0
0	0
0	0
0	0
0	0
0	0
0	0
0	0
0	0
0	0
0	0
0	0
0	0
0	0
0	0
0	0
0	0
0	0
0	0
0	0
0	0
0	0
0	0
0	0
0	0
0	0
0	0
0	0
0	0
0	0
0	0
0	21
0	0
0	0
0	66
0	0
0	0
0	0
0	0
0	0
0	0
0	0
0	0
0	0
0	0
0	0
0	161
0	0
0	0
1	3
3	5491
0	8929
148	8946
6	0
0	0
938	401
35	71
8	80
2	101
6	38
1	11
0	187
0	1494
0	1494
11	700
0	18
5	104
5	146
49	181
16	106
126	130
10	75
18	54
0	17
0	16
0	16
0	17
0	16
0	15
0	17
0	3
1	244
42	3935
0	2557
16	27
0	3564
146	394
3	3396
2	2277
95	9
1	334
4	871
1	615
14	0
0	0
4	392
87	1796
16	654
4	634
3	1041
49	27
6	442
30	447
3	5
0	49
55	785
9	21
65	841
0	456
5	68
0	0
0	25
2	4410
0	4412
0	5135
0	5105
0	21
0	218
0	5186
1	5
0	5164
0	5136
41	4145
0	4366
9	224
0	0
0	3
1	3
0	4
0	2
3	0
0	0
6	4342
4	3704
1	1300
0	3213
0	2686
2	1862
0	931
0	646
0	928
21	215
7	337
4	439
2	170
10	37
6	8
0	68
5	34
0	8
0	29
1	23
30	0
0	49
3	0
88	60
1	15
0	2
0	2
1	2
0	1555
0	1555
0	1545
0	1521
0	1553
0	1553
0	1496
0	1501
0	1589
0	1622
0	1552
0	1585
2	1498
0	1560
0	1525
0	1494
0	1437
0	1551
5	0
6	212
1	76
4	94
5	62
22	880
0	913
0	136
7	183
0	15
0	201
1	238
2	242
0	186
3	235
0	175
0	26
0	37
1	0
0	0
1	324
0	1561
0	1561
0	1561
6	125
24	1044
1	5
18	179
2	163
0	221
0	148
0	144
0	153
0	1
0	27
0	683
1	45
26	696
8	696
0	88
2	697
6	91
0	4
0	182
16	116
5	64
7	134
80	1839
5	1839
2	71
6	362
0	86
2	175
8	204
20	123
1	256
1	225
4	40
5	39
1	0
0	10
0	0
1	5
0	2
0	586
1692	611
22	293
1	231
0	0
73	6188
0	494
1	1394
0	6183
5	5998
0	5882
23	703
1	947
1	0
4	216
5	26
0	26
3	1
1	0
3	460
1	474
9	77
2	35
0	40
1	24
76	4274
11	4159
3	4167
16	242
17	351
15	557
13	4156
5	1479
14	688
46	708
0	708
2	79
1	116
0	87
0	39
5	26
8	113
31	184
237	184
9	117
0	0
0	1902
0	1854
0	816
0	864
0	1789
0	1888
0	1784
0	215
0	15
0	0
20	0
0	34
5	34
1	34
0	14
1	2890
0	3054
114	3055
0	3059
62	3055
0	2722
0	379
2	191
0	240
0	140
3	102
3	322
0	494
0	214
0	0
0	0
0	0
2090	0
0	0
0	0
0	657
0	619
0	641
0	596
9	519
2	634
0	9
2	99
0	436
7	0
2	43
0	85
3	18
0	463
5	19
0	0
0	621
0	65
0	263
17	0
12	0
0	27
0	53
10	33
0	289
2	304
6	196
0	295
1	278
0	284
0	280
3	285
1	22
0	35
0	65
0	32
0	59
0	55
1	32
0	18
0	18
5	515
15	582
1	173
10	1
20	2
0	1
0	1
1	0
4	316
1	309
0	0
0	7
272	250
0	0
15	248
26	38
3	0
93	3665
152	3667
0	571
2	0
0	0
0	2
0	0
0	0
191	4
1	0
0	0
0	0
703	0
1	67
4	67
0	43
50	25
5	24
1	26
0	1
0	1
0	1
0	0
0	0
0	182
15	2991
0	434
0	963
75	2920
26	7
0	2775
1	883
88	65
1	56
5	6
0	1
0	8
0	0
0	0
19	2667
0	2954
0	2801
1	491
0	1629
0	782
0	571
1	583
0	0
0	338
15	332
0	44
0	0
0	0
0	0
0	0
0	3
0	3
0	869
293	1244
6	146
0	1122
8	116
3	0
25	918
0	95
0	0
10	370
0	349
0	172
0	26
42	99
0	95
5	95
0	23
22	47
0	40
0	22
1	12
0	21
0	25
1	23
4	0
0	0
0	0
0	0
0	0
0	0
0	0
0	0
0	0
1	0
4	720
0	721
0	56
0	2
0	2
0	106
0	106
5	262
0	102
2	306
1	117
18	16
2	87
0	18
19	18
12	13
0	2199
459	3211
1	3178
0	1056
13	133
0	0
3	0
0	0
0	0
0	0
0	0
0	0
0	1
1	1
0	0
0	0
0	799
1	1206
0	1333
52	989
68	85
1	100
17	6
115	0
2691	2060
0	1468
16	1243
8	335
0	0
0	0
0	0
0	0
0	0
0	0
0	0
0	0
0	0
0	0
0	0
0	19
0	18
0	0
0	0
0	0
0	0
0	0
0	0
3	20
0	1
0	0
4	4
0	0
0	0
1	0
1	0
0	0
0	0
0	0
0	0
0	0
0	0
0	0
5	155
0	59
0	131
0	131
0	131
0	20
0	107
2	38
0	0
0	80
2	22
0	4
0	3
0	0
0	0
0	0
39	61
1082	101
4	94
0	56
0	54
1	39
0	5
0	6
0	4
0	4
0	2
0	2
0	0
0	0
1	36
401	121
0	121
2	36
1	1300
76	1314
0	0
5	0
0	0
23	14
0	204
0	0
2096	128
0	93
2	0
0	72
66	0
230	198
1	6
14	148
6	44
10	1
0	0
0	0
0	0
0	3
0	0
0	0
0	3
0	1
0	0
0	0
1	0
0	0
0	1
0	0
22	4976
10	4759
30	3677
58	3074
5	1392
19	1498
15	1720
0	1295
126	671
0	0
421	314
0	216
17	217
16	243
0	196
0	56
0	38
1	0
0	4
0	4
0	0
0	0
0	0
1974	13705
0	12863
141	4592
4	2034
0	2065
7	994
6	760
67	1021
0	0
0	0
0	0
0	0
0	1
0	1
0	1
1	1
0	1
0	1
0	0
0	0
1607	492
0	492
0	0
568	212
1	28
6	200
45	870
0	848
7	866
0	846
2	108
0	657
1	73
4	25
0	112
1	288
0	119
4	88
0	34
4	7
233	14370
24	14177
126	2360
1	262
15	1582
41	1247
21	174
0	2268
10	952
6	342
4	2123
25	217
29	670
0	162
15	402
0	0
0	0
1	0
0	0
0	0
0	0
0	0
0	0
0	0
0	0
0	29
0	113
0	0
1	38
6	116
1	16
0	116
0	92
0	6
0	0
0	0
57	1429
0	1163
0	1246
41	896
0	1222
0	0
0	9
0	9
0	1
3	4
1	4
0	4
1	4
0	4
0	454
47	453
0	111
0	0
0	0
0	0
0	0
0	0
0	0
0	0
0	0
0	0
0	0
0	0
0	0
1	5
1910	2902
0	0
7	2899
7	2746
1	363
0	0
0	4
2	2
0	2
1	2
0	2
0	2
0	0
0	0
1	0
542	154
81	65
20	27
1	52
0	1
8	39
15	18
37	109
0	99
3	43
0	24
0	14
9	18
0	0
39	0
0	0
0	2319
0	2322
0	2297
5	2
182	32
5	32
0	0
0	0
0	0
0	0
0	6
29	1090
1103	1525
0	515
1	1478
7	6
0	0
0	0
0	0
0	0
0	0
3	0
2	0
0	0
0	0
0	0
0	5
0	2
0	2
0	2
1	0
0	4
0	4
0	1
0	0
0	0
85	369
4	369
0	0
0	2
0	2
0	0
0	2475
1	0
0	8
0	7
0	5
0	1
0	3
0	0
0	0
0	0
0	7
0	8
0	8
0	7
0	8
0	7
1	3
0	1
0	1
0	2
0	1
0	7
0	2
0	1
0	1
0	0
0	5
0	1
277	179
0	0
0	166
3	97
0	13
573	7
2	33
64	124
2	92
0	32
0	35
0	0
0	0
0	0
0	0
0	0
0	0
0	0
0	0
0	0
0	0
0	0
0	0
0	0
1	0
0	0
7	5
0	0
0	5
0	0
0	5
0	0
0	0
0	0
0	0
0	0
296	270
0	253
2	116
68	93
0	0
2	65
0	0
0	0
0	0
11	1
0	1
2	0
0	0
0	0
0	0
0	0
0	0
0	0
0	0
0	1527
32	427
0	0
0	126
0	115
0	62
0	0
0	16
0	13
181	291
0	167
5	259
2	282
44	89
1	62
0	0
0	0
0	0
0	0
1	40
0	40
0	40
0	40
0	40
1	40
0	40
7	40
0	40
0	40
0	40
0	0
5081	862
12	862
0	0
343	9689
1	9689
13	701
44	18
114	950
28	210
12	854
12	160
0	105
0	0
0	0
41	517
6	325
1	0
3	0
0	0
2	0
0	0
234	0
0	2
0	0
0	0
0	0
0	0
0	0
0	0
2	0
0	0
0	0
0	1
0	1
0	0
0	0
0	0
0	0
0	0
0	6
0	0
0	0
0	0
0	0
0	0
0	0
0	0
0	0
0	0
0	0
0	0
0	0
0	0
0	0
0	0
0	0
0	0
0	0
0	0
0	0
0	0
0	0
0	0
0	0
0	0
0	0
0	0
0	0
0	0
0	0
0	0
0	0
0	0
0	0
0	0
0	0
0	0
0	0
0	0
0	0
0	0
0	0
0	0
0	0
0	0
0	0
0	0
0	0
0	0
0	0
0	0
0	0
0	0
0	0
0	0
0	0
0	0
0	0
0	0
0	0
0	0
0	0
0	0
0	0
0	0
0	0
0	0
0	0
0	0
0	0
0	0
0	0
0	0
0	0
0	0
0	0
0	0
0	0
0	0
0	0
0	0
0	0
0	0
0	0
0	0
6	0
0	0
0	0
0	0
0	0
0	0
0	0
0	0
0	0
0	0
0	0
0	0
0	0
0	0
0	0
0	0
0	0
0	0
0	0
0	0
0	0
0	0
0	0
0	0
0	0
0	0
0	0
0	0
0	0
0	0
0	0
0	0
0	0
0	0
0	0
0	0
0	0
0	0
0	0
0	0
0	0
494	670
13	321
12	54
3	340
1	0
1168	0
123	1532
0	1639
18	1175
0	2393
99	2326
3	99
7	29
0	161
50	1152
512	232
4	232
480	187
18	187
0	0
1437	0
0	0
0	0
341	301
0	0
1	189
4	301
0	0
0	217
0	218
0	217
0	217
1	209
2	1
1	0
2	22
3	2
0	0
0	0
0	0
0	0
0	2
1206	539
4	7
0	501
0	459
0	0
2	0
2	0
2	437
13	0
565	531
0	0
0	0
0	25
0	125
19	143
0	0
2	46
9842	14
70	5
1	5
5	1266
0	1281
0	1365
15	920
13	1900
1	0
0	0
0	0
0	0
0	0
0	0
0	0
0	0
0	0
0	0
9	0
0	0
0	0
0	0
0	0
0	0
0	0
344	2311
3	2286
26	261
0	337
10	867
0	0
42	381
2	280
0	86
0	86
311	0
16	0
0	0
0	0
2	284
0	318
0	246
1	27
23	115
31	47
0	0
0	0
0	0
0	0
0	0
0	0
0	0
0	0
0	0
0	2
0	0
0	2
0	0
1	180
10	180
6	38
0	0
0	445
0	462
0	482
0	499
1	394
0	395
0	104
0	34
2	54
0	22
0	4
16	12
0	3
0	16
87	94
3	0
0	69
1	90
0	21
9	0
0	0
1	0
1	0
5	80
0	0
0	0
0	0
0	0
0	0
0	2
0	2
1	1
0	0
0	0
7	0
0	3
2290	404
26	404
0	0
0	0
0	1
9	36
339	25
0	26
0	110
0	108
0	47
0	54
0	40
0	34
1	24
0	0
1	0
1	0
0	0
22	0
0	0
9	0
0	0
15073	679
5	675
0	0
0	1
0	0
2	1
1	1
0	0
0	1
0	0
0	0
100	1
0	0
0	0
3	291
0	848
4	806
0	779
0	779
10	734
11	136
2	30
77	1481
0	722
0	1316
23	246
0	0
413	891
1	872
1	201
4	222
0	33
0	136
0	58
1	20
0	0
1256	290
0	90
3	28
4	172
4	181
0	2
2	0
0	182
2	130
33	0
14	140
0	138
4	37
0	14
1	37
3	64
1041	4
707	186
10	186
0	3754
884	3754
0	18
146	25
0	18
2	20
2	18
362	1064
0	389
1	508
2	631
0	836
0	423
4	419
0	0
1	160
0	15
619	630
26	59
1	39
0	194
14	95
2	249
0	351
5	47
1	137
960	137
13	138
0	138
0	0
0	0
665	114
10	111
0	118
222	0
0	436
0	2022
10	46
46	1491
187	2005
0	46
19	441
35	104
0	387
2	5
2	89
2	20
0	14
1435	369
8	140
5	114
0	66
0	111
1	80
1	68
90	0
133	117
0	465
0	465
0	28
3	89
1	48
2	4
63	591
0	16
5	545
8	171
1	46
3	165
0	2
16	24
7	102
0	172
584	1097
48	1097
91	6488
3	5249
153	6488
10	858
3	620
41	0
0	0
3	524
3	874
1	845
0	59
2	58
2	32
505	52
0	52
59	0
796	998
4	996
4	16
0	5
4	53
0	53
0	2
6	7369
9	7020
7	872
2	503
0	1827
56	1358
4746	1360
53	141
19	141
201	1546
0	26
90	1546
0	138
0	0
0	351
13	327
0	350
1	86
0	14
1	846
0	1
1220	50
0	7
2	17
8	26
0	0
70	0
0	21
0	21
1	18
0	20
0	21
1	15
3	911
0	919
1	935
2	863
4	733
15	773
5	201
0	51
0	86
0	0
0	487
0	41
0	20
12	487
0	16
0	56
6	297
0	19
0	0
0	4048
0	3953
0	4194
0	3983
9	967
0	1354
0	2685
1	225
20	92
1	133
7	87
0	353
0	100
0	607
14	100
160	298
0	290
1	23
0	42
0	0
3	25
0	0
39	153
3	213
0	48
0	148
0	112
2	51
0	55
0	5
0	66
13	49
0	48
0	66
0	0
0	8
0	8
40	0
2211	483
0	143
1	163
0	330
0	1
0	1
0	0
0	0
0	0
3	0
18	226
90	226
0	1237
17	1240
1	1130
0	17
30	72
19	518
4	75
0	109
0	78
0	41
0	2200
1	2256
6	1875
2	1697
0	1071
0	334
251	384
1	198
0	26
0	22
12	130
2	342
0	40
6	86
18	310
0	43
0	316
2	211
0	117
1	14
0	55
0	35
0	33
0	23
0	19
0	23
0	4
0	21
0	21
0	21
0	21
0	0
0	16
0	14
0	9
0	9
0	3
2105	5910
9	5770
2	83
2	154
1	640
19	3225
0	345
0	411
34	306
6	234
3	318
1	1612
6	1508
0	1459
2	477
28	48
2	195
5	461
10	45
2	169
5	273
1	277
0	270
2	273
0	66
12	91
0	4
1	288
5	644
0	630
0	635
5	635
0	0
12	2
0	192
6	92
4	50
4	0
6	411
14	400
6	1376
0	20
15	33
6	37
7	1
0	24
0	15
0	2523
0	2554
0	2518
0	860
0	376
6	107
0	4
9	4
1436	816
1	136
0	4
4	112
0	151
1	47
4	341
19	118
0	520
0	443
0	422
0	0
0	40
0	42
1	21
1	99
0	0
0	846
11	550
8	746
1	403
0	526
9	78
7	6
0	91
2	2
0	2
0	2
0	0
0	0
0	0
0	0
54	26
0	0
0	26
0	2
0	2
0	277
0	0
87	277
0	66
0	256
0	197
0	57
1	39
0	257
5	102
0	27
0	246
2	161
385	487
0	448
0	639
1	50
33	404
0	314
9	1853
0	1302
0	1302
0	1849
0	1284
2	207
5	856
0	312
113	393
0	197
12	60
51	576
26	171
7	233
1	576
0	1815
0	1884
6	1070
5	131
0	82
2	114
0	133
6	268
0	150
1	37
0	813
11	25
0	57
5	70
0	147
0	60
78	58
0	22
11	666
0	0
0	0
0	672
0	17
0	2031
0	1969
0	2042
0	1982
3	2012
0	169
1	43
21	179
0	194
47	153
5	1299
3	507
7	848
1	112
44	379
9	548
0	432
0	56
30	5462
1599	21410
10	2963
69	9304
52	21887
0	3009
32	5509
3	4347
14	2708
2	5066
15	3
0	2
0	0
0	0
0	1
14	28
4	28
0	5
2	0
0	0
1	1
9871	8225
0	606
3	4940
6	2790
2	176
0	176
0	140
1	16
1646	3761
39	3745
4	2636
8	2478
1	1039
3	1024
0	0
0	3
0	3
0	3
0	3
0	1
68	962
9	598
7	948
19	486
0	340
268	1638
0	17
0	13
748	1638
0	353
10	186
0	162
137	339
1	302
0	40
0	48
0	52
0	4
0	37
0	32
0	31
0	41
0	6
0	11
2	17
1	12
0	1
5	0
0	0
1	0
0	905
0	930
7	81
0	213
0	797
0	772
0	311
0	0
0	266
2	0
10	1298
2	1120
14	404
2	1103
52	454
0	522
0	631
0	993
0	253
1236	955
0	0
15	12
1675	983
0	760
1	481
1	0
8757	2
0	1
0	1
0	0
0	0
0	0
0	0
0	63
2634	223
0	6696
471	6697
30	472
1883	0
2	6
0	8
1	3
0	5
0	2
0	1
0	2
7	100
1	369
0	421
3	274
0	284
0	373
0	405
0	226
17	258
2	55
8	12
0	0
1	28
0	0
0	0
0	28
0	25
0	2
2	0
0	5
0	0
136	10
0	9
0	7
64	217
33	217
1	1018
266	3943
0	1868
86	4052
0	1
2102	2194
15	2194
2	2
0	9
0	2
0	10
1	2
7	10
7	0
42	829
0	80
3	784
4	23
0	110
2	303
367	8960
33	172
4	202
16	0
31	5084
14	8960
1	1949
0	5777
0	2747
0	0
0	0
1	1123
0	0
1	0
0	0
51	405
0	833
0	1204
4	1181
0	1209
0	1211
3	853
0	646
0	0
6	0
0	0
0	0
82	398
0	650
4	614
0	956
0	1004
0	972
0	583
0	428
47	417
0	0
1	0
0	2
0	2
0	2
0	0
0	0
0	0
0	0
0	0
9	772
68	772
0	0
0	0
0	0
54	4149
3	4163
0	496
7	0
533	0
1	35
4	39
0	20
1030	0
6	4
3235	916
46	916
14	32
430	2579
0	2186
132	2515
0	384
4	5
1	3
16	1167
0	160
12	296
2	1301
36	422
3	176
0	365
8	788
0	0
0	0
0	0
0	0
6	197
35	386
3	340
0	0
7	144
0	144
0	0
0	0
14	31
0	32
0	21
0	18
0	9
33	74
0	2
0	74
4	10
25	18
0	5
7	13
0	2
0	4
9	634
0	595
1	576
0	0
1	230
0	283
69	205
0	61
0	14
3	4
11	0
2	2202
0	2746
1	2658
1	573
0	17
0	0
0	0
0	0
0	0
78	3781
19	3722
38	417
2	547
1	319
1	244
0	244
8	341
0	141
0	1161
3	58
0	0
7668	1547
318	1336
0	0
192	607
25	111
7	21
14	177
249	378
2	39
1	196
0	346
0	0
0	55
1	196
273	256
0	161
0	186
1	223
198	1323
20	525
0	1231
2	151
4	45
0	0
160	171
0	214
0	195
5	0
58	0
24	1982
3259	2837
3	408
3	275
6	241
344	778
0	578
5	291
0	218
0	102
2664	531
0	141
2	408
4	2
0	2
0	410
219	3238
12	3032
16	350
5	488
31	417
0	362
0	173
30	2
4	2
0	2
0	2
0	2
0	0
0	18
0	18
1	0
2	217
8	202
0	77
4	29
0	60
1	36
1	24
0	29
1	29
2	7
0	6
0	0
0	0
3	219
0	215
2	3
1	17
0	0
15	182
4	182
1	182
0	81
171	929
2	347
16	883
0	206
0	105
9	300
0	2
1476	145
0	145
0	0
0	0
0	0
950	0
5	284
0	54
12	284
2	21
225	0
29	1019
22	1019
0	61
0	95
2	140
17	157
0	0
0	0
0	0
0	0
0	0
29	106
57	60
0	483
277	843
0	87
3	791
11	25
5	0
0	25
0	23
0	8
0	27
0	19
0	14
0	12
0	12
0	0
0	17
0	19
1	19
0	2
0	0
0	6
3	26
0	16
0	16
0	22
0	17
0	10
0	21
0	14
4	16
22	1
0	16
0	16
2	37
0	24
0	24
0	24
0	14
0	6
0	10
0	6
0	6
3	18
0	22
0	7
0	6
0	10
0	10
0	8
0	9
0	20
0	4
0	7
6	4
0	4
3	4
0	4
0	0
0	0
0	0
0	0
0	0
0	0
0	0
3	0
0	0
1920	4169
14	80
9	261
2	309
8	315
21	49
8	3346
67	258
12	335
112	426
42	239
265	309
0	0
1	309
0	0
1607	1242
10	1155
1	1167
136	21
15	18
0	80
0	80
0	0
116	0
0	0
3	0
27	69
0	69
227	41
2	35
5	6
3	0
4	0
377	81
5	17
10	64
473	666
0	595
17	45
11	33
1	56
104	222
0	116
4	124
0	0
2	254
0	0
0	0
0	0
8	0
12	0
76	0
0	3201
0	844
18	633
140	910
3	26
3	3033
0	0
6	650
17	187
0	0
0	0
0	0
0	0
0	0
955	0
2	0
41	0
0	0
0	0
171	21
0	17
8	4
0	4
0	4
1	2
1	4
4	0
1	0
0	0
1	0
0	18
0	108
0	1146
0	1195
2	66
1	1178
0	929
0	1187
0	1130
0	33
0	132
0	207
17	0
44	5
0	4
1	1
2	4
210	382
478	382
0	0
11043	2
0	0
0	0
0	0
0	5
0	0
0	0
0	0
715	2926
9	2454
0	606
1	582
0	0
0	0
7	2821
26	1753
0	1488
0	972
0	495
4	21
2	0
1	179
0	920
0	0
10	266
0	545
2	245
0	158
1	1339
0	1444
0	1309
0	0
2	1058
0	510
0	327
0	0
0	1030
0	1
577	3068
7	670
8	2536
52	266
1	37
2	14
0	14
0	14
0	14
0	14
0	14
0	13
16	4
0	4
0	0
0	0
0	0
0	0
0	0
0	0
8	160
0	235
0	193
0	212
2	154
0	197
0	147
12	134
0	287
207	923
2	271
2	167
16	150
2	97
0	297
4	79
61	2066
3	885
0	1886
37	0
0	0
0	23
26	5
9	4
11	20
0	432
8	23
0	0
0	0
9	21
15	632
156	632
0	0
0	0
177	152
0	478
69	472
0	454
0	1269
4	1172
6	1262
175	961
0	301
3	104
0	83
19	554
1	95
746	597
8	385
0	239
2	49
0	324
1	29
6	60
4	22
0	10
0	10
2	0
484	784
2	742
0	57
0	95
1	39
0	32
0	76
0	132
4	395
4	0
1	119
41	259
6	0
6	62
16	160
1	45
0	64
0	29
115	8
186	8
2	4
2	10
1557	1495
0	1503
9	66
5	61
9	2
42	82
3	77
0	78
13	65
0	21
0	13
0	13
0	0
0	7
0	7
1	28
0	60
7	64
0	41
0	46
0	42
0	37
0	3
0	3
0	4
0	8
8	3
0	1
16	63
1	63
0	13
34	66
2	6
0	60
0	0
0	289
15	238
0	331
0	113
3	149
0	119
0	14
3	0
2	244
84	244
0	60
6359	0
3	1308
50	1297
2	75
2	41
0	132
1	52
0	235
0	17
0	30
12	175
0	52
2	189
2	326
1	400
0	106
2	868
1	918
39	903
3	182
2	450
0	1738
9	559
8	1406
6	268
0	739
3	66
5	105
0	0
0	491
0	478
2	478
0	71
0	127
3	13
109	1
0	0
0	0
0	0
3	496
8	2050
3	593
12	1245
0	811
1	1027
13	1939
7	1752
4	1672
29	1894
1	1380
43	1465
11	1509
3	55
0	85
0	153
19	487
4	0
0	0
0	0
0	0
0	0
0	0
0	0
0	0
0	0
0	0
0	0
0	0
2328	14
0	14
0	49
0	57
0	33
0	46
0	38
0	37
26	425
0	423
31	46
5	53
1	1
1896	483
2	97
4	96
23	290
5	2
2	98
1	39
0	3
0	0
72	377
5	386
8	413
0	379
0	37
2	37
10	925
1451	2540
0	1102
15	511
0	106
7	0
14	222
1	3483
0	89
0	66
0	3377
0	224
0	0
0	1
0	1
0	1
0	0
0	0
0	0
0	0
0	0
0	0
0	0
0	0
0	0
158	1417
0	2386
0	2563
0	2744
5	2564
0	2521
0	2728
134	1612
0	233
0	399
0	286
0	114
0	14
0	0
0	0
0	0
1	0
0	0
0	0
1	247
0	75
0	247
65	0
13	73
0	0
1652	0
28	673
68	1056
0	1064
2	86
13	75
4	76
12	313
4	309
0	34
0	0
14	1060
2	151
5	829
0	743
0	366
40	0
114	6266
470	6266
12	78
10	130
1	0
0	0
0	0
0	0
0	1
0	0
0	0
0	0
1211	4
0	0
0	0
19	0
0	0
669	104
16	84
16	63
0	35
0	0
1	20
10	971
7	953
43	50
11	122
5	626
0	198
0	0
0	46
2	64
4	25
0	1
2	1
0	0
1	18
5	31
4	14
8	1026
0	0
0	0
3	92
0	1473
0	1888
4	55
0	1398
0	0
0	153
0	54
4	30
3	22
0	706
3	8
0	0
0	0
0	0
0	0
0	0
0	0
0	2
0	2
0	0
0	0
0	43
0	0
0	0
0	0
0	2
0	0
0	2
0	2
0	3
0	3
0	0
0	0
0	0
156	76
31	22
19	71
0	0
17	903
0	968
0	500
0	528
0	46
0	266
4	4
2	533
4	137
5	561
0	307
798	245
4	242
0	0
0	0
0	0
0	0
21	1682
0	1
0	1
50	1682
0	0
0	0
0	0
0	0
0	0
0	0
0	0
0	1
0	1
0	0
21	452
0	452
10	262
1	248
0	269
0	0
88	51
0	62
0	0
721	135
2	40
0	0
0	99
5	30
12	24
39	245
6	48
8	197
0	0
0	0
0	0
0	61
0	30
0	63
0	80
2	31
0	80
0	36
0	30
0	30
1	46
0	47
0	0
0	54
244	638
18	614
1	1
0	0
0	0
0	0
0	0
0	0
0	29
0	0
0	0
0	0
0	0
0	0
0	0
2	2378
0	2466
1	314
58	2086
242	134
0	0
0	0
23	869
9	212
0	357
1	367
2	522
1	0
0	0
0	0
0	0
0	0
0	0
0	0
47	3
2	3
0	0
0	0
1	86
4	86
0	0
0	0
0	1
43170	0
4	3423
1803	10932
13	703
5	1264
25	179
297	1247
7	1951
301	3121
0	0
0	0
6	0
0	0
0	0
0	0
7	2234
0	11
0	1
0	10
0	6
0	1
0	0
1	0
0	0
0	0
0	0
13	4219
36	4241
0	385
13	296
7	171
29	20
52	924
4	0
30	0
818	0
3	22
3	316
9	316
15	316
9	340
35	340
3	66
1	0
0	0
0	0
85	1032
3	32
0	109
1	970
1	33
6	3
0	58
7	28
0	59
2	366
1	10
1	77
23	0
0	0
1	4
0	4
0	31
2	31
0	1
0	1
666	247
30	41
12	79
0	95
0	140
5	19
0	116
438	51
1	51
37	761
26	2767
0	102
3	119
1	261
0	249
0	2424
37	83
147	0
97	177
0	173
0	0
3	0
1	90
0	40
7	0
0	0
0	0
18	467
0	30
0	465
0	257
0	0
0	0
0	0
0	4
0	0
0	13
50	5
80	2
17	1
0	0
9	5
34	3807
0	3819
0	3819
20	57
0	44
6	57
0	354
0	0
1	0
0	163
40	1193
2	1051
5	152
0	76
0	234
120	0
10	31
20	260
1039	214
0	60
3	154
0	4
0	4
0	3
2	2
0	4
0	5
1	4
1	0
0	0
0	0
0	1
0	1
0	1
0	1
44	0
779	4514
7	4426
0	3268
35	116
0	3314
2	1297
0	0
0	45
96	433
4	390
64	1358
60	1053
5	105
0	0
0	6
0	0
320	165
5	104
0	61
3666	793
9	532
9	28
2	233
0	0
0	0
1	9
8	9
1	0
0	1
2	1
0	0
0	0
0	0
0	0
0	0
0	0
0	0
0	0
0	0
0	0
0	0
0	0
0	0
0	0
0	0
0	0
98	84
0	84
6	30
6	553
0	553
0	155
23	107
0	0
0	0
0	0
12	0
1907	0
0	0
1296	4
2	0
0	0
9	402
69	402
857	188
1	79
2	109
0	222
6	222
18	22
0	0
0	0
0	0
0	0
0	0
0	1
0	1
0	0
0	0
0	0
0	0
0	0
0	0
0	0
1626	1489
6	1489
22	852
0	0
0	0
0	0
0	0
0	0
0	0
0	6
0	0
0	0
0	0
0	0
0	0
0	0
0	0
0	0
1	0
0	3
0	0
2	63
0	63
0	3
0	3
0	11
0	4
0	669
0	671
11	669
0	175
1	25
0	0
0	0
0	0
167	67
0	55
0	0
0	0
0	0
0	21
0	12
97	62
0	7
23	14
16	21
0	0
11	25
67	187
0	135
0	1
0	0
4	196
0	0
12	0
981	134
3	58
0	76
0	0
1118	310
0	103
0	67
0	114
5	87
6	0
0	0
0	0
0	0
745	306
55	229
0	304
0	14
4722	2368
0	698
9	477
13	465
2	728
0	1874
0	2736
1	2466
1	154
18	1060
8	232
2	316
0	0
0	30
159	77
0	77
1	36
0	0
142	102
0	18
1	29
1	0
5	10
0	34
1	11
0	19
0	17
0	11
1	0
163	285
1	10
0	0
0	0
0	0
0	0
0	0
0	0
0	0
0	0
1	0
0	0
0	0
0	0
0	0
0	0
0	0
0	0
1	0
0	0
0	0
0	0
0	0
6	3864
0	0
0	0
0	1203
25	528
11	113
6	1252
1	989
12	206
4	89
0	663
13	393
13	443
3	0
15	1702
0	609
68	27
0	193
5	272
7	423
0	18
1	241
0	1616
0	337
3538	0
0	100
0	100
1	99
2	70
0	2
1	2
0	1
0	2
1	2
6	2
2	2
0	1
0	1
0	0
0	0
0	0
0	0
0	0
7	808
0	482
0	641
0	484
4	135
34	160
0	0
0	0
0	0
8	0
0	0
84	0
5	0
0	0
17	400
0	400
22	400
0	274
5	833
0	1069
2	982
0	758
0	0
0	0
8	87
0	257
2885	257
7	0
12	39
3550	3664
64	1869
0	716
9	535
82	385
28	2169
1	63
8	2070
5	367
6	54
17	1059
8	2064
17	1868
0	471
16	223
80	146
0	216
0	393
26	9
0	7
0	6
0	0
2	33
2	0
0	0
7	76
0	76
74	0
0	0
0	0
0	0
0	0
0	0
0	0
0	0
0	0
0	0
0	0
0	0
0	0
0	0
0	0
0	0
0	0
0	0
0	0
0	0
0	2
1	2
2	0
0	0
0	0
47	71
0	11
5	60
0	0
985	2627
181	374
34	592
25	2634
2	1307
278	0
20	14
836	3581
113	3581
0	0
0	23
0	23
0	0
25	1327
0	1419
0	441
17	598
1	509
21	501
2	317
5	191
7	114
23	2242
12	2274
18	2179
3	2142
2	2
0	0
0	401
0	74
1	0
19	0
3	3
0	3
0	0
0	0
0	3
0	3
0	3
0	3
0	3
0	3
0	0
0	0
0	0
0	0
5	379
2	350
0	127
1	16
2	38
0	17
18	32
5	1
6	0
0	34
0	34
0	8
1	5
0	27
0	158
0	158
0	158
0	0
9	2552
0	4086
8	964
53	1234
25	232
0	444
2	441
13	21
11	1870
6	1676
94	0
50	1235
8	1235
729	1185
0	338
0	219
3	334
55	105
0	489
3	676
1	1022
2125	0
143	25
4	25
7	16
1	3009
13	3037
0	27
3	46
2	165
4	968
14	966
0	1
6	49
1	2
1	0
0	0
0	0
153	590
25	457
7	522
6	0
0	186
0	193
0	183
0	190
0	190
0	187
0	180
0	183
0	187
0	173
4	10
4	2
2	5
4601	560
0	556
5	274
10	4
0	2
0	2
16	7
2	2
0	0
0	0
0	0
0	0
0	0
0	0
0	0
0	0
0	0
0	2
0	2
0	2
0	1
0	0
0	0
0	0
0	0
0	0
0	0
0	0
0	5
0	0
0	0
0	0
0	0
0	0
0	0
0	0
1	52
2	44
0	50
31	0
0	0
0	0
0	0
4	0
0	0
7	312
0	311
0	218
12	68
9	79
3	46
0	15
0	197
9	197
5	25
0	1062
27	221
31	1056
5	100
2	49
0	861
3	44
6	38
1	36
0	2
0	2
0	0
0	0
0	0
0	0
0	0
0	0
3	0
0	0
0	0
13	170
9	170
589	31
23	29
10	6
0	6
7	170
0	163
0	167
15	0
1	5454
1557	5454
11	2621
1	267
0	0
0	0
0	0
0	0
0	3754
12	2086
0	3463
9	850
0	3730
0	4019
0	2267
49	192
5	120
0	34
0	312
138	7475
3	7193
7	1629
42	1042
15	1317
0	0
0	1
0	0
0	1
42	1
0	1
3402	3670
0	452
5	454
0	0
0	0
0	0
0	0
0	0
0	0
0	0
0	0
0	0
56	37
4	521
0	4451
86	522
3	1677
0	4397
1	2304
1	0
4	1578
273	1596
9	1049
3	955
113	650
0	584
7	645
56	239
88	682
0	682
1	0
43	88
0	0
0	141
3444	428
36	333
24	164
107	94
0	1475
0	1483
33	190
30	229
1	960
1	105
11	466
10	26
25	0
0	1
32	35
0	8
1	9
0	17
0	15
544	1637
49	271
3	1518
68	357
4	1482
0	1168
1	0
1	0
0	0
0	23
0	437
119	3799
8	3398
16	1048
127	835
0	1
4	1
0	1022
2	1084
11	732
18	823
5	376
0	4
0	4
0	2
0	0
4	0
0	0
0	0
0	0
33	2800
7	2637
7	498
9	82
68	1076
0	45
28	423
0	0
13	881
8	2
5	0
1765	435
10	251
1	146
8	272
0	0
99	363
5	109
1	89
6	363
19	0
0	0
271	0
853	2859
0	738
0	990
5	685
0	891
1	343
144	761
13	0
98	155
0	155
2	853
0	617
0	713
1	812
0	920
0	462
0	131
0	299
0	285
0	242
5	340
0	232
0	269
0	247
0	5
0	82
0	190
44	96
0	141
0	0
43	0
19	577
7	1350
0	1336
0	1326
0	278
5	149
3	4
62	949
4	13
0	48
0	87
0	26
0	22
6	20
0	3
0	4
0	4
0	0
0	4
15	2449
1	2135
1	823
0	949
0	975
0	491
0	135
0	748
8	408
4	447
588	522
17	217
0	524
2	48
8	70
0	9
0	0
1	24
10	23
0	24
0	31
0	1
0	3
2	16
0	5
1	229
0	2703
6	1911
0	2808
0	2040
4	2010
0	133
0	892
1	231
3	257
1	783
0	398
5	51
0	611
0	476
0	204
0	386
0	326
0	219
3	165
0	202
0	114
0	287
0	181
0	90
0	67
153	0
0	1740
0	1724
0	404
2	184
0	172
861	485
1	157
21	212
16	192
177	390
15	389
0	289
14	389
0	5890
1	5389
1	5595
0	5804
34	4604
13	4466
1	1642
31	2001
47	693
17	440
108	227
0	1031
1	101
24	867
47	439
3	606
1	383
18	201
4	126
0	451
0	515
53	421
10	484
259	613
18	546
0	63
52	1147
0	1096
3	14
31	64
3	3
0	106
0	58
5	15
0	22
1	131
591	0
7	23
0	10
3	25
5	10
0	23
0	1
0	0
0	0
0	3
3	1
0	0
0	0
0	0
8792	2316
0	293
0	2
0	0
0	1193
36	1138
28	175
26	1151
1	1172
1	1210
2	0
0	0
16	1164
5	113
0	186
0	835
65	833
0	44
1	133
0	50
3	0
0	0
0	730
0	825
0	0
0	0
0	664
0	573
2	3
0	3
0	204
4	353
0	671
183	550
0	327
0	176
3	490
2	439
24	820
0	108
3205	3963
0	2672
20	1195
4	1072
1	2
6	8
2	6
0	2
3	264
5	254
1	5
6	33
16	0
3	0
0	15
13	51
1	57
60	5
0	62
14	62
0	0
735	1047
4	883
39	282
1	18
0	523
3	18
0	7
0	0
0	0
14	1178
47	1178
0	172
0	7
49	413
1	242
0	228
0	87
16	34
1	0
0	0
61	0
8	377
2	397
0	82
8	4
0	45
8	35
838	104
0	29
2	75
3	18
1	18
237	1500
104	1266
56	1522
0	1513
1	457
28	1405
9	35
6	51
32	382
0	246
533	925
1	925
1	1
61	660
5	32
3	3
0	0
0	3
0	0
0	0
10	492
51	11379
4	9202
1	10961
13	1598
2	943
2	9044
0	1
0	978
8	800
6	265
0	0
0	0
0	0
382	0
1	4360
5	13
1	4407
0	4224
3	0
4	206
1	4153
0	2277
0	824
0	0
16	0
33	837
1	837
0	24
20	2
0	12
0	8
1	13
0	13
0	5
0	2
0	2
0	1
3	10
0	2
0	0
20	0
0	0
18	0
0	0
0	0
529	261
0	52
0	39
0	214
3	117
22	0
11	869
0	869
2	126
2	109
2	916
8	128
2	855
3	876
0	907
2	147
0	139
0	98
1	0
3840	1110
1	0
1	560
16	943
0	222
1	299
0	299
0	0
62	299
0	0
0	0
0	0
0	0
2	12
2	33
26	34
2	18
0	15
115	85
7	162
2	110
0	368
4	129
127	357
0	21
0	1
0	5
7	39
0	61
0	61
1	15
0	146
0	146
0	16
0	32
0	63
8	14
0	21
0	19
0	0
0	0
0	0
0	0
0	5124
32	5054
32	286
83	1030
0	1030
0	4228
8	0
0	4092
4	264
0	0
9	38
0	0
0	4
0	4
2	0
73	35
0	35
0	0
0	0
0	0
0	0
0	0
0	0
17	88
14	276
3	271
2	292
2	36
0	0
1	37
0	195
0	195
4	195
0	180
0	0
151	413
29	413
0	483
0	519
3	485
43	257
1	82
5	89
0	2
0	63
0	28
0	0
0	0
0	0
0	0
0	0
0	0
0	0
0	0
1	0
0	0
0	0
1	0
621	2
0	0
0	0
7	0
0	0
3052	659
133	118
11	115
67	77
9	125
6	224
4	1510
0	1411
0	65
311	1578
2	1505
0	0
1	6
2	886
21	535
20	93
5	66
1	160
23	31
26	123
7	887
0	906
0	516
0	68
0	53
5	0
0	0
0	1036
0	980
0	1049
1	939
2	96
0	3
0	3
0	0
2376	2167
3	205
0	244
76	146
22	1802
9	88
0	0
24	1452
0	223
12	78
10	316
113	537
22	0
0	0
0	0
0	0
0	5
0	0
0	479
0	0
0	683
1	677
0	464
2	405
0	19
3	6
0	0
8	0
0	0
0	0
0	0
0	0
0	0
65	32
0	0
218	3511
1717	3449
11	3252
1	230
1	3
0	3
0	1
0	1
0	0
0	0
0	0
0	0
43	364
14	368
0	26
364	236
16	232
1	45
3	96
339	270
3	112
0	0
5	72
2	62
7	39
0	0
0	0
2	0
0	0
3	9
0	0
0	9
0	5
0	0
50	1180
1	1180
90	852
0	853
0	410
4	309
0	225
0	75
18	0
0	0
1	13
0	9
0	13
0	4
694	0
0	0
0	0
1455	0
0	0
0	0
0	0
276	429
0	0
0	1324
1	16119
0	16119
0	1314
8	1368
6	577
3	0
10	163
4	1280
0	131
8	69
12784	1423
40	1411
0	7
0	7
24	74
9	445
0	511
1	224
0	14
1	263
1	58
0	60
1	0
20	476
253	15
0	15
0	18
32	18
0	0
0	0
52	0
5803	729
14	715
0	6
0	2
0	1
1	3
0	1
34	610
38	836
54	836
0	95
303	2249
1	228
13	205
0	1790
5	0
0	0
51	0
0	0
0	0
0	0
14	0
0	0
0	0
0	12
2	14
0	14
0	0
0	0
0	0
0	0
0	0
0	0
0	0
0	0
0	0
304	338
0	338
0	0
3	0
0	87
0	83
0	99
0	91
15	65
0	0
0	0
0	0
5888	2104
0	2086
1	0
1	896
0	16
0	0
0	799
0	893
5	230
3	187
32	832
0	0
0	595
0	501
0	653
0	163
44	616
5	596
0	2180
0	1317
16	995
0	2006
5	466
0	0
2	111
277	619
4	363
3	467
0	152
0	0
0	1
0	1
0	0
0	0
1	0
1	0
0	0
0	1
0	0
1	0
0	0
0	0
0	0
0	0
0	0
0	0
3	0
0	0
0	0
0	0
0	2
0	2
6	0
368	234
0	49
0	234
8	100
0	1
0	0
1	1
4	0
785	772
2	772
2	0
0	0
1	147
10	188
10	205
18	60
0	21
23	142
3	125
12	471
53	299
0	620
1	467
7	221
193	0
270	80
0	80
0	0
1	0
20	0
5	3542
0	30
41	3702
1	27
4	23
3	1183
1	282
0	783
9	385
0	930
0	220
0	1202
0	916
0	529
9	221
2	179
2	318
0	288
4	320
0	30
0	52
0	40
2	44
34	129
1364	161
0	58
16	78
58	1008
0	1008
1	53
26	8
0	8
0	23
205	136
0	21
0	92
0	0
0	0
0	15
0	21
0	21
0	1
0	0
0	3
0	2
0	6
1	1005
0	757
14	979
5	118
18	148
0	56
9	1
12	7
0	0
5	44
0	42
0	13
0	0
0	25
0	15
0	0
0	0
0	0
0	0
0	0
0	289
0	644
0	651
0	594
0	592
2	658
0	183
0	107
0	143
0	187
0	218
0	215
0	192
0	143
19	77
0	17
15	884
2	399
3	860
0	905
1	631
1	608
0	211
0	99
3	56
0	112
4	93
1	16
0	0
0	0
0	0
0	0
504	0
70	0
0	12
0	12
0	1
0	0
0	0
0	2
236	155
8	127
310	7
0	7
1	251
0	0
6	282
0	86
0	0
0	61
0	56
0	23
0	2552
0	2576
0	2516
0	2550
1	2026
73	1960
0	1785
3	1688
11	1040
0	1069
0	545
1	247
0	207
6	46
0	40
0	26
3	12
9	0
2	0
12	30
0	30
1	32
0	0
0	0
0	0
0	0
0	0
0	0
14	2123
214	2138
0	189
3	109
2	152
49	2457
1	2457
34	2450
4	66
4	41
4	430
0	98
0	0
0	0
0	0
0	0
0	0
0	0
3	0
0	0
0	0
0	0
0	0
0	0
0	0
0	0
0	0
2	0
0	0
94	706
0	676
0	377
4	63
0	18
0	14
3	14
0	12
0	0
0	0
0	0
5	4
62	135
4	103
3023	336
3	336
1	488
170	2732
0	2351
0	2035
0	1471
1	368
1	232
0	401
11	1100
0	401
4	1
1	61
22	0
100	1499
46	1210
2	1337
0	1505
0	1388
5	311
1	582
5	55
2	180
2	141
0	43
0	0
868	627
5	361
24	450
1	22
6	49
5	106
123	2752
0	1670
1	1048
7	1021
3	851
80	476
0	0
35	395
71	68
8	384
13	166
69	61
0	0
0	0
0	0
0	1
0	0
82	178
0	36
0	14
1	142
2	5
0	3
1	6
0	143
0	0
31	143
1	11
0	0
2099	371
0	202
0	167
0	167
0	1058
0	449
0	987
43	52
96	167
0	1021
11	59
0	177
1	911
0	93
3	83
0	117
0	781
513	299
0	298
7	87
1	40
3	23
0	8
7	2167
28	2167
8	1903
1	0
40	0
7	0
0	0
58	2517
3	2071
0	2688
9	1156
4	890
2	528
0	291
9	224
271	934
7	891
3	433
0	0
6	43
3	0
398	0
0	0
10	0
5	0
3	0
9	0
5	0
0	0
1	277
3	1507
0	139
2	1439
6	33
2	65
2	13
0	43
0	51
0	7
1	11
1	0
0	0
1099	0
0	0
0	0
1	0
0	0
2	4029
12	4022
1	4652
0	100
23	9
21	688
2	137
5	511
109	176
0	103
0	367
0	235
8	309
3	248
1	291
255	0
0	0
2	1
0	1
0	0
0	0
0	0
0	0
3	573
0	585
0	502
0	100
0	100
0	111
0	106
13	100
4	65
250	7755
0	7796
0	7800
10	7757
1	7373
0	0
4	328
14	3299
0	735
0	704
0	543
3	349
0	12
9	16
0	16
0	0
0	2
0	0
0	1
4	0
0	0
69	299
6	1
533	295
5	298
20	88
0	0
0	0
0	0
0	0
0	0
2	0
0	0
0	0
0	0
0	0
0	0
22	0
90	700
365	697
0	375
0	409
2	135
0	0
0	0
0	2948
10	2960
0	158
0	35
0	3
5	71
0	1356
0	2842
0	2616
0	2630
0	334
1	407
0	188
0	0
19	93
7	983
5	0
5	2
1	0
0	270
0	0
36	291
4	156
0	270
3	136
0	139
10	57
0	0
0	0
0	0
11	0
0	0
0	0
0	0
0	0
0	0
0	0
0	0
0	0
0	0
0	0
0	0
2	0
0	0
1	0
0	0
1	0
0	0
1	0
1192	0
26	922
0	924
0	924
5	143
6	77
18	126
841	126
4	21
11	28
0	25
1	27
2	0
66	1861
2	737
0	0
0	0
2	1264
3	0
18	48
0	2
0	2
0	1
0	2
0	2
0	0
0	0
1175	243
5	237
38	9
0	10
0	10
0	10
0	1
508	656
1	452
8	149
12	100
8	145
0	202
3	76
0	202
14	187
0	31
0	37
0	0
0	63
3	141
0	0
0	3
0	3
0	0
0	0
0	0
0	0
89	1201
19	117
0	168
4	1200
31	554
49	551
104	304
2800	647
3	639
6	343
3	0
0	0
0	0
0	0
0	0
0	0
0	0
28	160
196	339
14	87
120	290
0	184
38	188
1	54
0	90
0	0
4	0
7	11
8	9
0	2801
186	2920
0	464
0	0
0	0
2126	433
7	0
0	433
0	0
0	1
1	0
0	0
0	73
2	1
0	211
6	1726
0	1704
1	244
216	1023
4	366
32	1008
0	192
0	0
0	0
0	0
0	0
0	0
23	19
0	19
0	28
0	169
0	16351
6	3
0	6614
0	141
0	0
0	0
0	0
1	7
0	12780
1	12780
0	12780
0	16088
0	16088
0	15669
18	3914
0	12792
0	68
14	53
0	155
19	18276
0	4126
189	16945
8	14924
0	17943
166	16745
5	1439
69	0
4	2610
0	11927
0	11927
29	2841
101	1119
0	1119
0	223
4	69
13	31
9	248
3411	0
0	0
0	0
916	1526
43	1445
1	101
1424	1498
0	1225
0	1084
5	273
10	31
0	0
0	0
54	0
117	163
0	31
0	160
6	116
0	0
0	0
0	0
0	0
0	0
0	1
0	0
0	0
0	0
2	13
0	1
1	12
23	111
0	2
2	160
18	237
104	441
8	30
0	20
0	0
2	9
31	32
0	34
0	459
0	473
0	483
0	188
366	29
0	0
0	173
1	872
0	29
0	2
943	734
0	642
15	288
0	114
0	403
0	1
0	643
3	716
0	504
17	210
0	277
0	244
0	38
0	36
0	54
0	647
0	646
0	1
0	14
0	397
0	43
0	54
0	647
0	646
0	2
1	883
0	36
0	170
0	0
11	273
0	50
0	26
0	459
0	1
151	652
0	114
11	612
0	140
0	647
0	25
0	38
0	1
0	350
0	2
0	2
0	0
1	700
0	416
0	5
0	190
0	19
0	89
0	1
18	56
0	227
0	29
0	2
0	643
0	542
0	173
4	74
11	231
0	52
0	114
0	185
4	223
0	397
0	1
5	33
0	705
0	513
0	272
0	277
65	256
0	51
4	651
61	425
0	591
0	0
0	0
68	153
167	427
0	23
0	0
0	1
0	89
71	56
0	700
0	416
0	190
69	12
0	0
5	35
4	75
0	350
0	2
0	1
82	196
0	0
0	0
0	0
0	0
0	1
2	0
2	1
2	160
0	1
0	38
99	273
15	302
0	56
3	3
17	4
24	109
3	44
38	23
0	0
0	167
57	48
171	88
11	28
44	67
19	42
1	19
0	0
0	0
0	0
15	63
0	128
0	127
0	518
2	548
1	39
1	0
1	150
19	226
7	0
0	25
0	2
0	0
0	74
0	588
8	611
28	34
0	0
57	113
272	70
19	52
4	40
4	63
2	75
0	5
0	6
1	6
0	6
0	6
0	1
0	4
0	1
0	1
0	0
0	0
88	0
119	1
0	1
0	4
0	4
0	0
0	0
3	8
0	0
0	0
0	0
20	3
0	1
0	0
0	0
0	0
0	2
0	0
15	963
15	963
0	2
0	194
0	38
79	38
0	0
72	864
29	821
71	244
10	2858
16	2872
41	3426
5	80
11	362
23	1189
1	419
255	0
0	281
13	80
5	291
3	241
2	52
0	241
28	104
1	3
0	3
0	2
0	2
1	0
0	1
0	2
0	2
0	1
999	1494
0	6
17	1494
47	55
18	1670
6	234
0	375
0	1104
0	895
3	973
32	464
0	456
0	483
7702	758
1	180
0	225
0	0
2399	2513
21	2513
4	19
7	188
0	0
104	921
76	928
0	97
3	52
0	112
145	0
359	0
6	0
11	0
0	0
0	0
0	143
1	140
1	142
7	3
3	50
5	7
0	7
24	274
0	556
5	582
8	539
7	454
0	569
993	380
2	380
0	527
0	527
0	117
3	170
2	97
2	93
0	0
0	0
0	0
1379	2013
0	2052
12	777
0	2029
4	1695
0	1731
13	899
0	0
71	1462
0	91
6	1462
518	252
36	84
15	152
1	52
0	78
0	0
0	0
0	0
0	0
2	3
0	0
6	3
0	0
0	0
571	1026
0	1008
5	197
0	0
0	0
0	3
3	6
0	5
0	3
0	1
0	1
0	1
0	0
3	1213
16	1401
19	812
112	1280
10	1222
0	1198
0	217
14	1177
0	666
0	506
28	49
30	66
0	68
1	105
139	132
0	132
0	34
4	40
1	40
0	1
0	4
0	0
0	0
0	0
0	0
0	0
0	25
0	11
0	25
0	8
0	11
0	11
0	11
0	11
0	10
0	11
0	10
0	3
0	3
1	3
0	5
0	2
0	2
0	2
0	2
0	2
0	2
98	0
0	0
21	1001
0	996
25	909
13	894
0	886
2	681
380	0
11	0
1	78
0	0
0	0
0	3565
0	3145
3	3452
31	1994
6	1032
460	410
1	313
8	36
1	151
0	152
11	81
2	24
68	0
12	830
0	295
4	800
0	856
0	817
0	787
7	816
0	138
0	608
4	45
0	25
0	1
3	118
4	11
33	109
3	37
0	72
1	99
0	55
1	55
2	63
0	0
4	386
0	380
0	433
18	285
0	270
12	203
8	155
2	73
0	67
8	53
3	54
0	25
0	708
3	765
3	1044
46	1074
14	74
4	225
0	55
0	348
14	35
0	37
0	157
0	138
1	59
126	15
0	15
51	55
0	53
12	40
6	28
0	1
0	0
0	0
0	397
0	528
8	1655
0	1743
4	587
1	1519
0	1138
18	314
1	907
0	225
3	308
1	0
20	231
1249	4451
122	4254
34	4243
2	497
0	1078
9	614
1	321
15	988
13	201
2	912
0	255
3	359
5	132
2	137
35	151
0	169
0	224
41	7
5	196
0	331
7	156
17	289
5	286
9	66
0	0
0	0
0	0
0	0
1	0
0	0
6	806
12	799
0	0
2	93
0	7
4	12
11	29
1	50
0	0
5	66
7	17
1	21
0	111
20	387
13	386
6	65
0	2154
180	2154
13	1315
5	0
0	0
202	0
38	67
7	95
0	83
0	82
0	27
0	68
0	41
3	17
0	68
0	96
2	245
0	204
0	204
2	191
2	99
4	115
0	99
4	28
1	29
0	12
0	0
0	0
0	13
0	13
0	14
0	0
0	13
0	12
0	9
0	0
0	12
0	5
0	5
0	6
0	0
0	45
0	2
0	46
0	3
0	45
1	0
1	11
0	42
0	35
0	3
0	1
0	1
18	1049
10	1005
2	278
0	163
0	193
0	250
0	229
7	125
1	234
1391	159
4	159
18	1
0	0
0	0
0	0
0	0
0	0
0	0
0	0
0	0
90	291
5	0
0	0
48	291
0	20
0	0
1	0
0	260
0	0
0	0
0	0
0	0
0	0
0	0
0	0
0	0
0	0
0	0
0	0
0	0
0	0
1	0
0	0
0	0
0	0
2	132
3	2
0	168
0	6
0	163
0	0
9	1071
105	1032
0	931
35	1123
5	1187
0	1081
2	1500
0	0
0	0
0	0
0	9
1	14
0	0
0	1
0	1
0	0
0	0
0	0
0	0
0	0
0	0
0	6
243	42
0	0
0	42
0	0
0	0
197	189
0	173
1	21
14	167
0	152
1	92
0	107
1	27
10	0
0	0
0	0
0	0
0	0
1	113
0	0
2	4
104	26
1	17
1	1
0	9
0	0
0	0
64	49
0	40
1	26
0	19
0	0
0	0
0	0
0	0
0	0
492	0
0	2
6	0
263	12404
20	11620
0	11881
24	4894
3	4396
15	3529
1	2947
4	2506
3	1283
4	582
0	280
0	0
0	0
0	0
895	0
0	0
1	21
23	21
50	0
4036	437
1	435
18	41
1	0
0	0
379	475
10	462
1	285
3	14
0	0
9	25
0	0
0	0
0	0
156	149
14	147
1	0
52	237
0	0
0	0
0	0
0	0
0	0
0	0
224	90
22	90
0	19
0	0
0	0
0	0
0	0
0	0
0	0
0	0
0	0
101	2450
19	2247
9	1086
9	346
9	164
0	94
821	14
0	549
51	331
2	265
1	284
0	207
7	37
9	50
23	2
4829	111
13	109
13	289
45	283
0	147
0	0
0	0
0	0
0	0
0	0
0	0
0	0
0	0
0	0
0	0
0	0
0	1
0	1
0	0
0	64
0	0
0	0
0	0
0	0
0	6
0	1
0	424
0	0
0	0
0	0
0	0
0	1
0	4
0	5
0	0
0	0
0	0
0	0
0	0
0	0
0	0
0	0
0	0
0	0
6	754
170	840
1	767
0	511
0	328
44	438
4	53
1	88
0	4
32	464
1	464
14	899
10	669
203	442
0	203
11	128
0	0
1204	0
4	152
30	28465
2062	28465
9	1900
0	0
0	0
3	3
0	3
8	2328
6935	2342
40	1539
3	0
0	0
0	0
1	0
0	17
0	17
4	17
0	8
0	35
0	39
0	38
0	8
0	0
0	30
0	42
0	45
1	49
0	50
0	43
0	12
1	0
0	0
0	0
7	9
0	9
0	0
0	0
0	0
98	4053
0	173
4	3193
55	4022
0	0
0	0
0	0
0	0
0	0
0	0
0	0
0	0
0	0
0	0
0	0
0	0
0	0
0	0
0	0
0	0
0	0
0	0
6	1372
15	0
0	0
47	0
0	3
9	0
0	0
0	0
0	0
0	0
2	0
1	0
0	0
1343	2
8	0
0	363
0	1438
0	1112
509	1456
3	1223
0	227
44	111
27	111
166	2080
6	2027
20	300
0	250
1	0
8	350
48	279
7	227
1	17
0	66
0	3
0	0
0	0
0	0
0	0
0	0
0	7
0	0
1	0
0	0
0	0
0	0
0	0
0	0
0	0
288	76
0	76
0	0
0	2
46	483
0	501
0	60
20	502
0	520
0	108
0	495
1	288
0	80
1	93
0	49
1	7
2	33
0	79
3	50
0	1
0	548
0	516
1	240
1	466
0	118
0	289
2	324
5	260
1	192
27	194
0	13
0	1314
0	1833
4	1079
7	170
14	1258
3	678
2	745
0	745
0	629
8	85
388	69
0	0
0	67
11	1
0	1
0	0
19	18
1	4
0	4
0	0
0	0
0	0
0	0
0	0
0	0
0	0
2	236
0	0
0	0
0	0
0	0
0	0
0	1
0	1
0	0
1	0
0	0
74	0
209	4627
6	3031
2	48
1	368
0	63
10	118
2	4610
0	26
0	2453
0	208
2	3085
2	215
0	0
0	0
0	0
0	0
0	0
0	0
0	0
0	0
0	0
0	0
400	131
0	54
0	30
65	4127
7	77
0	0
0	0
1	0
0	0
0	0
0	1576
1	18
0	14
0	15
1	8
0	0
3	0
1	0
0	5
0	0
1	0
0	0
0	0
0	0
0	0
0	0
0	0
0	6
1	2071
0	2193
0	2146
5	1944
1	251
0	0
7	38
3	1447
3	79
1	177
0	314
0	240
1	148
0	78
0	0
1036	84
0	15
2	66
0	66
1	38
0	0
0	0
510	93
0	93
0	0
6	3396
5	3396
90	406
0	86
0	0
0	0
4	0
0	0
17	2926
11	10
0	208
6	2902
5	2073
11	2350
39	34
57	114
115	1
0	247
0	0
0	0
1	2121
56	2178
75	75
0	103
4	1289
0	1346
0	1406
10	4
0	1268
0	1127
0	1172
0	1187
0	1232
29	0
0	404
0	0
18	0
5	43
5	228
32	217
1	3
0	0
0	0
0	3
0	0
1	104
152	0
0	0
102	1531
263	1507
119	424
2	1054
1	11
31	935
0	1479
0	1024
0	1034
5	0
0	0
0	0
1	3
0	0
0	0
0	0
0	1
0	1
0	0
1	0
0	0
0	0
0	0
0	0
0	0
0	0
0	0
0	0
0	3647
1	4375
25	4518
26	3539
0	2428
25	1734
0	2609
0	2449
2	2287
9	1580
0	721
71	738
12	31
4	0
14	74
1	0
156	0
90	0
127	46
1	96
1	42
23	0
15	0
0	0
118	0
0	0
0	0
1	2
0	2
0	0
11	602
0	523
0	541
17	30
0	525
0	51
0	0
0	0
0	0
0	0
150	351
99	351
2	0
57	41
8	42
0	0
0	0
0	0
0	0
2	0
2357	477
0	0
11	233
5	244
0	0
23	56
0	260
0	225
1	187
0	247
5	6
0	256
2	50
1999	591
0	569
0	538
3	502
1	477
0	455
0	493
45	115
4	270
4	0
100	32
0	0
3004	1207
0	501
3	533
0	289
29	179
0	0
0	6287
257	1911
0	6239
3	696
4	2983
0	3187
3	0
104	41
1	41
1	0
0	0
2	45
0	3
0	0
0	0
0	5
0	5
0	1
0	5
0	5
3	0
0	1
0	0
3	1217
0	1213
1	10
42	6
0	0
20	3570
33	3570
0	3330
30	0
0	247
1	0
4	464
8	464
0	91
15	7
0	0
77	76
2	56
0	412
0	122
11	6
382	1635
8	427
0	401
0	298
6	1612
0	314
1	298
13	595
5	67
0	63
144	306
1	299
2	282
1	141
0	86
0	11
38	14
18	4
0	0
0	478
295	1183
43	33
0	269
1	545
15	34
1	231
2	560
0	0
336	148
1	148
9	0
110	2101
2	1011
113	44
1	1265
0	196
7	717
4	1047
2	1597
46	44
0	38
0	27
0	4
0	7
1	0
0	248
12	250
0	250
0	248
0	249
0	247
0	225
5	238
0	112
40	92
0	0
0	0
0	0
16	0
20	0
3	6
36	6
0	0
0	0
0	0
0	0
0	0
0	209
0	0
0	0
0	0
420	1521
23	26
8	132
8	124
0	658
0	394
6	911
0	1268
0	991
0	455
5	478
4	1
9	19
0	2
0	0
0	17
2	12
4	1
3	2
0	0
0	0
0	0
0	0
4	9
1	0
7	1781
0	1748
0	1574
0	1828
0	1884
144	1902
6	30
27	93
34	7
74	0
137	286
157	0
1	529
2	344
0	323
26	220
0	0
0	0
0	0
0	0
0	0
0	0
0	0
0	0
1	0
0	0
0	0
0	0
0	2
0	0
0	0
0	0
0	0
0	0
0	0
0	2
0	0
1	0
0	0
0	0
0	0
0	0
1	0
36	0
0	0
0	0
0	0
0	2
0	0
0	0
0	0
1	0
0	0
0	0
2	0
0	0
0	0
0	0
0	0
0	0
0	0
0	0
0	0
0	0
0	0
0	0
0	0
0	0
56	35
9	2718
92	4207
2	4246
0	565
0	3539
15	340
3	29
0	801
0	43
0	247
25	0
9	0
0	1899
5	1925
0	1672
0	760
5	304
0	545
0	537
12	17
3	410
0	413
2	61
0	242
0	240
104	1
5	0
0	0
2	0
9	0
14	392
23	430
0	66
65	18
52	0
9	263
0	0
1	0
0	94
0	87
0	0
1	0
1	0
0	0
0	0
0	0
239	1219
0	166
18	1024
13	1
7	91
1	232
5	114
8	423
2	240
1	258
1	282
15	0
24	685
0	4
0	685
0	0
0	0
0	0
0	0
0	0
0	0
0	0
0	0
1491	1561
0	967
0	594
0	0
23	0
0	0
0	3
0	3
5	0
0	0
1	615
232	861
16	195
4	343
0	195
26	307
1	184
5	253
1584	3062
6	902
13	2303
0	2678
8	659
0	195
0	212
4	162
7	0
4	33
0	8
28	23
0	1
0	1
0	2
1	20
0	0
0	0
28	405
0	5014
0	302
1	1447
0	1583
6	1051
0	4930
0	346
43	3191
0	65
0	953
2	128
0	177
90	1213
0	1123
0	1118
0	116
29	65
12	48
52	422
20	119
8	85
26	18
0	0
0	0
0	0
0	0
0	0
0	0
0	0
0	0
0	2
0	0
0	30
0	0
0	0
0	0
0	0
0	0
0	0
0	0
1	11
0	15
4	14
1	10
0	4
0	7
4	93
0	93
0	0
2	0
2	0
2	34
254	34
0	13
0	10
0	10
0	11
0	11
5	0
0	6
0	53
0	53
0	72
0	57
0	43
0	67
0	37
0	22
2	20
0	8
1	796
7	765
4	776
0	16
0	13
3	91
1	69
1	108
102	0
0	53
0	0
0	34
0	0
0	0
0	0
5	0
5	577
16	577
22	573
54	0
3	0
2	18
0	18
0	16
35	1369
34	0
0	15
1	0
0	0
2	0
0	0
3	0
0	0
0	0
0	0
0	0
2	95
0	0
2	0
0	0
0	0
0	0
1	0
0	0
0	0
0	0
369	1079
983	1713
0	890
11	110
0	0
0	0
0	0
6	0
1892	279
2	279
2	0
0	0
0	5
4	194
0	0
4	0
0	0
0	0
0	0
0	0
0	0
1	0
0	0
10	22
275	59
0	0
0	37
1	0
0	1252
1689	2187
0	244
25	226
0	2070
2	208
5	292
0	859
27	412
8	24
2	806
3	378
0	777
0	761
0	41
8	13
0	121
170	128
0	74
2	54
40	0
0	67
0	3
11	8
25	5
0	154
0	24
0	0
0	15
13	11
3	0
2	4
59	2
32	5
0	201
0	26
1	171
0	26
1	24
0	175
1	170
0	40
0	0
41	5
0	96
94	1298
1	1298
8	907
0	4
0	0
0	304
2	0
44	0
3	0
0	31
52	30
0	18
2	11
6	0
0	25
0	25
0	0
923	197
5	197
0	0
0	0
0	0
0	0
0	0
2	0
3	0
0	0
0	0
8	8
0	8
0	0
1	2
2	2
0	1200
0	45
0	61
0	0
0	1206
0	10
11	631
0	1080
0	7
76	371
2	2
0	153
0	177
0	49
0	50
13	506
3	409
0	479
3	13
41	139
3	0
3	26
30	122
11	34
0	31
2	302
3	315
0	320
0	285
0	29
19	6
0	139
0	15
0	46
0	37
0	30
1	47
0	47
0	13
2	0
0	200
10	0
0	0
0	0
0	0
0	0
0	0
0	0
5	0
0	0
0	0
0	0
0	0
0	0
0	0
0	0
0	0
0	0
0	0
0	0
0	0
0	0
0	0
0	0
0	15
1	21
1	21
2	21
0	5
0	0
0	0
0	0
0	0
0	77
0	0
0	0
0	0
0	0
0	0
0	11
0	10
0	2
0	0
0	0
0	0
0	111
0	0
0	0
0	2
0	0
0	0
0	7
0	0
0	0
0	0
0	0
0	0
0	0
0	0
0	0
2	118
0	0
0	0
0	0
0	0
0	0
0	0
0	0
12	397
2	385
0	25
1	104
0	47
0	0
0	188
0	0
0	0
0	0
0	0
636	212
0	24
10	0
11	104
17	55
6	0
0	0
1	0
0	0
14	0
1	0
0	0
2	0
0	0
0	0
0	0
0	0
0	668
0	660
108	0
278	642
8	39
121	1952
3	1866
0	2001
0	1281
9	1575
4	1536
0	1669
38	61
62	73
16	369
6	88
0	160
0	72
31	0
0	0
8	0
0	0
0	0
0	0
0	13
0	16
0	16
0	1
0	0
1	0
32	1045
1	450
1	710
0	413
18	3112
0	3112
0	233
3	124
0	0
64	32
4	271
0	382
81	157
71	10
4	0
4	197
0	21
428	220
23	0
2100	119
1	88
16	43
33	15
25	0
21	11
1	10
0	3
0	0
0	0
0	1
0	35
3	169
123	780
15	455
7	597
26	556
5	107
99	0
338	556
3	476
0	606
599	606
1	0
0	0
87	0
80	0
0	0
0	0
51	0
11	0
27	0
37	0
0	25
0	25
0	0
97	0
15	0
126	0
500	0
134	0
0	0
4	0
0	0
0	0
14	0
0	0
607	0
1	0
41	0
0	0
9	0
0	38
0	0
0	0
0	0
0	0
0	0
0	0
5	1810
28	980
2	1122
2	182
9	775
6	367
1	0
36	639
0	417
0	611
0	0
25	0
52	0
4	0
0	0
0	0
12	0
8	0
0	0
1	30
67	1359
2	1291
18	0
2	101
57	65
0	95
171	148
16	62
22	102
5	33
0	0
0	0
0	0
0	0
1686	652
0	594
4	285
2	56
0	0
13	474
0	0
0	0
0	0
0	0
0	0
1468	500
1	379
0	62
8	97
22	62
0	0
0	0
0	0
0	0
0	30
2	13
0	22
1	9
0	28
1	6568
0	6188
0	6228
0	4696
37	1004
135	169
0	707
0	1275
12	155
7	1765
0	922
0	0
8	1071
0	425
5	400
6	1175
15	169
0	57
55	53
40	661
0	215
43	792
0	1255
18	0
0	0
5	431
2	112
10	335
9	218
1	83
0	128
2	102
0	42
4	1
0	21
4	19
72	819
22	762
6	305
5	138
209	0
160	172
0	149
2	23
14	317
0	4
0	4
0	1
0	5
0	5
0	5
0	2
0	0
0	0
1	6
2	502
5	249
7	465
20	1
1	482
1	260
0	31
0	40
3	0
0	0
0	0
0	0
0	0
0	0
0	0
0	0
0	298
1	213
0	296
0	20
1	40
0	0
9	0
0	17
0	0
0	0
2	7
0	125
0	208
0	174
0	54
0	107
0	171
1	54
0	0
3	0
9	0
0	28
0	0
0	0
0	146
1592	939
1	546
0	490
1	66
20	36
37	26
19	0
0	0
0	0
1	0
0	0
0	0
62	58
8	48
14	0
10	5
26	117
36	0
12	0
49	0
0	0
0	0
0	0
1	27
0	0
0	0
0	677
0	695
2	565
0	349
1	256
13	48
2	0
255	0
115	1730
0	1730
0	0
4	1
0	0
1	4
0	4
0	0
21	0
144	380
0	380
12	18
0	0
0	0
0	0
0	0
0	0
0	0
2	0
0	1789
0	101
19	394
0	209
5	1572
18	589
2	1670
4	33
0	203
17	619
0	4
36	12
0	0
1	209
0	191
0	25
3	26
0	0
0	0
1	0
0	0
1	0
0	2872
0	0
0	0
0	0
0	0
0	0
0	0
402	874
42	873
80	364
5	100
8371	2
10	1803
0	716
0	1168
2	1482
1	653
15	0
13	219
18	684
3977	646
6	646
1	0
1	2
1	0
358	54
8	54
0	0
1	0
0	0
0	0
0	0
0	0
0	0
0	0
0	0
0	0
0	0
0	0
0	886
0	0
0	0
0	10
0	81
0	10
0	78
0	78
84	4
9	189
1	193
3	192
1	209
1	171
0	21
1	9
0	6
46	0
0	0
0	0
0	0
70	0
0	22
0	22
0	22
0	22
1	7
0	31
0	0
18	1277
1	1212
0	1211
0	72
0	0
0	0
4	1
0	0
0	0
0	0
0	0
0	0
0	0
0	2
0	0
0	10
0	0
0	0
0	0
0	0
0	0
0	0
0	0
0	0
0	0
0	0
0	111
225	132
0	60
0	0
0	0
0	0
0	0
1	65
7	1383
26	0
0	1024
2	33
0	3827
8	6
2	6631
85	324
0	1855
141	994
3	71
69	4743
79	6399
29	170
0	4822
4	6102
7	5265
187	1314
0	1037
219	0
8	400
1	1575
0	1776
7	753
110	0
131	141
0	0
1	4
0	0
0	0
0	211
1	220
15	0
70	770
10	770
85	574
0	0
0	0
5	0
382	0
9	0
0	4
0	0
0	0
11	0
590	697
23	546
13	132
12	82
0	99
104	0
2217	353
10	140
4	97
86	116
6	1
0	1
0	0
2	11
0	0
1	1
0	7
0	8
0	2
0	43
13	48
2	48
0	7
0	11
0	0
0	0
0	0
0	0
0	2124
0	2229
6	1154
1	1730
0	2183
0	2127
0	2129
0	2181
4	2139
1	228
6	1077
0	0
35	167
0	0
0	0
52	17
0	0
97	16
1	16
1	6
2	1115
277	1118
2	991
1	1
1	1
2524	57
0	0
3	0
0	0
0	0
0	0
0	0
0	0
0	0
0	0
0	0
0	0
0	0
0	0
0	0
0	0
0	0
0	0
0	0
0	0
0	0
0	0
0	0
0	0
0	0
0	0
0	0
0	32
0	0
0	0
0	0
0	0
0	0
0	0
0	26
0	0
0	0
0	0
0	0
0	0
0	0
0	0
0	0
0	0
0	0
0	6
2	0
1	6
1	9
0	25
1	0
0	19
0	9
1	0
0	1
2	0
2	0
6297	2482
19	1267
87	1262
5	21
1	0
0	86
10	7
0	2
1	5
0	0
0	11
0	12
578	194
1	136
7	75
0	0
0	0
0	0
58	36
3	29
0	3
13	1
4	20
0	17
0	16
15	0
0	0
0	0
1	0
2	0
39	1248
1	1265
57	1489
4	1245
0	1252
1	1447
9	145
21	244
0	118
65	558
0	100
76	36
10	51
1	108
329	0
0	0
9	0
0	0
0	0
0	1
0	1
0	0
0	0
0	0
0	0
0	0
1	0
0	0
0	0
0	0
0	0
0	0
0	0
0	0
0	0
0	0
0	0
0	0
0	0
0	411
2	20
0	797
73	211
24	155
0	681
9	276
0	741
1	17
8	17
0	0
0	0
1	11
0	0
0	3
0	11
319	1555
6	1227
3	452
30	287
0	241
1	68
12	0
40	0
0	0
0	0
0	0
1685	557
0	557
1	14
0	0
0	0
0	0
1	1
1	206
0	205
0	156
0	0
2	0
1	205
2	95
5	205
1	0
5	156
0	156
11	0
0	1
0	1
0	0
0	0
0	1
0	1
0	0
0	0
0	0
0	2
0	2
0	2
0	2
16	0
2	517
59	505
0	503
0	505
5	168
2	0
0	0
0	0
23	18
0	7
1	3
3	0
6	207
1	25
0	90
1	67
0	50
4	0
7	4367
2	922
0	4191
3	4247
3	412
0	0
0	0
2	99
9	79
7	265
2	301
2	287
3	437
526	300
4	306
3	0
0	8
602	1922
0	1922
2272	39
2	168
217	0
2	0
478	0
1370	46
0	1
0	0
0	0
0	7
3	15
1	39
0	0
119	0
0	0
0	0
0	12
0	41
379	562
1	121
0	115
5	227
5	57
0	323
7	196
499	813
36	811
0	0
0	0
1	0
0	0
0	0
0	0
0	0
0	0
0	0
0	0
0	0
0	0
0	0
0	0
0	0
0	0
0	0
0	0
0	0
0	0
0	3
0	3
0	0
1	0
0	0
0	3
0	3
0	0
0	0
0	0
0	0
0	0
0	0
0	0
297	203
0	202
2	53
0	1
0	0
0	0
0	0
0	0
1	0
0	0
0	0
0	0
0	0
0	0
0	0
0	0
10	6
0	0
0	15
1	17
6	2
200	1595
10	363
5	1152
21	251
0	341
1	317
0	24
99	27
0	0
1	19
7	0
0	0
0	0
0	0
0	0
0	0
15	2131
41	2081
4	798
0	1482
1	219
2	66
122	516
1	214
0	0
27	237
0	0
0	0
9	27
0	11
0	22
0	0
0	0
0	5
0	0
0	0
0	0
0	0
0	0
0	0
0	0
0	0
0	0
0	0
0	0
0	0
0	26
0	0
0	0
0	0
0	0
3	71
22	14
0	0
2	1394
0	1394
63	1443
34	15
0	21
104	43
0	0
0	0
0	1
6	2
2	1
0	0
0	0
0	0
96	1169
10	546
0	710
1	553
6	362
0	74
0	0
8	0
2	0
0	0
275	1134
226	1135
0	85
0	38
22	71
1	269
1	2344
0	2152
12	0
2	721
10	718
50	464
3	105
1	101
186	0
3	0
1	0
0	0
0	0
1	0
68	165
2	165
0	21
0	0
1	5
2	0
0	0
1	416
0	18
5	7
1	416
11	106
0	0
0	0
0	0
0	0
0	0
0	0
0	0
3	11
2	11
0	11
0	8
0	0
1	6
0	6
0	2
0	0
0	24
0	26
0	14
0	11
1	0
0	0
0	0
0	18
0	0
21	199
0	200
0	0
3	58
0	0
0	0
0	0
0	0
0	0
0	0
0	0
452	114
1	4
19	59
3	54
0	2
0	0
0	2
0	0
0	0
0	1
0	1
10	434
0	408
1	28
0	44
3	684
0	707
0	30
0	0
14	253
4	0
0	65
0	42
0	260
0	63
0	259
1	1
0	0
0	22
0	22
0	9
0	15
0	0
0	0
0	0
0	0
0	0
0	0
0	0
1	3
0	3
0	3
0	0
0	0
0	0
55	0
0	0
0	0
0	0
0	0
0	0
0	0
0	0
0	0
8	1289
0	1161
0	988
12	50
0	54
3	0
94	0
0	0
0	0
0	0
0	0
0	0
71	28
0	26
0	11
12	0
0	0
804	0
41	1376
8	1270
0	1290
0	63
28	58
4	95
8	913
4	83
34	19
0	30
16	33
0	0
57	3
0	8269
158	8270
1	8273
0	6590
9	5432
56	4910
54	5054
10	0
13	173
50	1939
1	700
0	626
2	612
0	413
60	425
26	216
0	103
44	0
10	0
0	4
0	0
102	820
2	819
1	232
0	30
0	18
331	2411
5	2292
17	1491
205	1123
10	0
12	0
14	0
89	10
8	10
0	6
3	0
24	1129
34	707
0	0
1	1052
71	0
3	830
5	459
0	0
2	0
0	0
0	0
0	0
0	0
0	0
2	0
0	0
1	266
47	378
6	296
2	42
0	304
6	585
0	992
1	707
0	992
9	66
0	99
209	62
7	0
0	0
0	0
2	78
0	0
0	0
0	0
81	5459
0	0
1	5459
5	5461
40	5418
4	5433
0	5020
1	2503
0	0
37	2056
17189	4761
0	0
1	0
0	0
0	0
0	0
18	7667
9	8170
0	8928
2	6121
0	0
0	0
17	39
1	0
0	0
18	95
3	283
39	283
68	288
0	2336
0	17
2	0
79	120
28	118
9	126
0	128
1	89
1	7
1	0
0	0
0	94
1	104
0	0
0	0
0	24
0	21
0	23
13	147
0	166
30	218
0	55
8	32
0	0
0	0
0	0
0	0
0	797
0	805
0	247
0	0
6	401
58	27
0	27
0	0
0	6
1	6
0	5
0	3
0	3
0	3
0	5
0	2
0	2
0	5
0	4
6	2234
4	2242
100	2216
1	290
38	202
0	52
1	52
0	0
0	0
6	1081
26	3192
113	2653
38	1319
2	2832
0	215
3	5
2	5
0	0
0	0
0	3
4	442
0	456
0	453
0	453
7	422
0	462
0	408
4	225
0	429
0	59
0	44
4	100
0	82
0	18
0	28
13	44
0	31
0	0
2	11
1	4
0	11
0	0
1	13
7	13
4	3
1144	2
4042	1366
0	1346
12	829
0	523
0	546
3	767
86	1642
40	1611
18	270
152	7
21	1560
49	1557
0	260
0	261
0	206
27	198
0	150
2	73
8	205
22	152
2	88
0	53
0	30
0	55
1281	2
2	1
0	1
0	0
0	45
31	417
8	413
1	8
0	5
0	8
0	0
0	3
0	0
0	0
0	0
0	0
0	0
3	0
0	252
0	247
0	84
0	125
8	245
1053	0
0	0
0	0
0	0
0	0
45	1932
5	102
17	952
0	40
1	1028
16	84
503	908
38	910
3	373
0	457
10	77
4	42
0	20
2	22
8	22
0	5
0	0
1	1
0	1
0	0
0	0
0	0
0	0
0	0
0	0
0	0
0	0
0	0
0	0
0	0
0	0
0	0
0	0
8	18
0	20
1	15
7	38
0	38
0	0
0	6
7	5930
26	34
55	3889
14	2382
0	4352
2	4991
0	4777
1	2101
0	1060
0	605
189	1814
13	1241
0	579
0	659
3	179
0	232
0	993
0	1032
0	967
0	316
126	1236
5	1236
6	1232
14	314
769	1931
107	1352
12	119
0	347
7	510
35	146
6	141
0	445
7	32
7	2
0	13
0	4
3	1
0	9
0	224
0	98
0	212
8	285
4	224
0	0
2	18
0	0
11	14
1	0
1	217
4	414
9	223
12	35
0	88
32	3
3	100
7	944
2	962
7	983
3	1005
1	9
55	2405
6	1263
3	1371
2	1517
0	1897
0	2304
0	2299
0	2302
0	0
4	198
9	177
3	538
0	614
3	423
0	548
3	270
1	202
10	200
7	37
1	37
0	0
139	5088
4	17847
2	2755
0	270
0	13781
0	9229
27	3452
27	0
1239	0
0	0
738	1664
18	1144
0	297
20	910
10	171
14	687
8	465
2	171
54	290
1211	594
6	551
0	210
3	67
36	42
0	778
0	6
1	3
9	82
16	3572
3	998
25	1051
20	3401
88	2495
0	24
2	61
5	23
0	418
8	572
0	3030
0	3649
0	0
0	2525
0	3620
0	2357
0	1386
0	3571
0	3512
1	438
8	139
0	2363
1	139
2	1368
0	362
0	183
0	118
0	151
0	139
1	389
0	206
4	214
103	725
4	134
7	243
2	416
0	0
1	0
11	1936
90	83
1	1672
182	1905
64	898
5	1125
4	334
0	8
0	8
0	73
25	120
0	0
0	132
2	672
5	151
5	103
0	735
4	725
8	470
0	426
7	77
5	0
0	0
0	622
4	827
0	823
4	174
0	2
738	3096
0	13
0	8
0	0
17	24
2	25
51	16
0	8
0	11
12	8
0	445
107	3259
2	3258
41	94
0	287
1	0
1	185
1	0
4	248
99	1214
3	440
0	0
8	237
7	504
27	155
0	185
135	1606
8	336
19	1322
1	476
2	557
5	1252
11	580
7	558
2	398
0	143
2	50
4	1
45	6149
1	1
0	6149
0	0
56	4
0	0
28	74
4	4251
5	541
8	579
2	579
24	149
11	110
0	38
1	38
11	6146
238	6039
5	2660
18	776
0	2145
1	1345
0	0
272	342
0	0
0	1505
1	42
21	1526
17	133
4	63
12	4
0	1
0	1
0	3
0	630
1	14
8	586
0	178
51	614
8	631
4	583
1	117
58	178
13	100
0	40
11	364
0	369
0	123
0	310
8	82
0	101
8	132
0	109
0	0
6	21
0	196
0	173
2	156
0	152
0	129
1	17
2	12
0	12
0	21
0	0
90	1544
9	1344
0	1559
15	276
38	140
0	897
2	897
0	291
0	313
0	314
0	663
0	205
7	748
3	520
0	496
0	468
4	171
4	143
7	375
1	260
0	349
13	142
97	0
2	28
3	382
0	30
9	314
0	339
2	22
0	36
0	0
1	56
0	60
2	39
0	27
1	38
0	0
56	26
0	11
0	21
2	158
0	168
0	160
0	74
0	90
0	0
0	380
10	970
9	696
6	198
3	322
0	322
3	279
0	478
4	499
0	631
6	541
3	747
27	587
0	571
2	163
1	136
0	906
1	757
0	772
0	0
55	25
2	23
27	0
0	17
467	0
18	0
13	1426
2	1375
0	1427
1	179
3	136
0	833
4	1381
2	136
3	18
0	220
21	763
4	280
1	3
4	1
12	2
0	2
0	0
6	0
0	1
0	1
8	0
11	3521
28	3513
3	3520
107	3603
3	244
0	174
8	227
12	46
24	16
2	16
10	4
14	14
3	10
0	78
3	746
2	897
5	789
1	282
1	160
144	462
3	462
0	135
0	2891
1	406
8	2891
0	131
2	516
0	2884
71	244
0	1993
1	693
4	701
5	50
38	1503
3	62
2	45
9	1442
11	140
3206	605
0	178
2	563
0	265
8	358
0	930
87	1135
1	470
8	1002
78	25
332	27
11	1
16	1982
0	52
0	1594
0	908
0	906
0	2024
23	68
12	62
1	30
0	110
0	113
70	62
200	62
475	1638
150	52
1	1602
0	0
0	0
150	0
0	0
102	159
4	157
0	0
6	735
0	725
12	601
4	648
0	566
0	36
0	47
1	43
3	2
3	28
0	30
0	57
2	25
6	12
0	101
0	34
1	0
0	0
0	0
0	880
9	747
0	209
0	209
2	543
5	777
0	349
0	556
9	52
0	465
0	171
0	94
3	0
15	2352
4	2447
34	2467
0	2570
1	40
0	0
14	2
16	2508
114	999
0	2512
0	2559
0	0
0	0
46	44
40	471
0	2175
41	40
0	156
29	656
24	0
128	5
0	316
60	278
0	188
10	128
17	69
0	839
65	1158
1	330
9	576
8	643
1	232
0	972
3	886
0	849
0	241
3	0
1	404
78	285
0	50
33	56
0	0
6	1951
6	12443
21	13521
12	10951
0	2806
160	2848
2	2678
0	1781
4	374
5	846
2	1249
0	552
0	1244
1	242
23	165
0	17
1	81
0	81
0	0
16	128
0	0
8	5647
0	5651
0	5662
0	5658
0	5665
1	4190
82	7617
4	2234
6	987
8	206
5	0
79	206
724	488
4	488
10	391
4	66
21	773
62	773
4087	330
0	256
0	227
4	212
0	52
2	198
0	198
16	8
0	39
4	189
8	189
0	85
1	24
0	0
0	23
1	11
0	4
1	0
1210	497
20	307
59	422
5	480
144	0
42	0
45	81
0	442
0	386
2	122
0	90
0	75
0	83
1	18
0	22
27	2497
106	2565
12	902
0	2236
0	167
11	194
25	817
108	66
0	20
2	0
0	20
3	12
1	21
0	0
4	2135
84	0
19	485
293	2135
87	624
5	656
13	900
70	962
1	915
7	948
20	467
0	2872
0	2974
2	2786
1	2134
0	2314
0	1540
0	1928
0	667
15	286
425	878
5	878
608	0
47	3332
34	4327
310	7321
112	4714
864	7166
4	5859
0	2202
15	5658
25	1173
2	4465
2	4890
11	7116
0	0
0	0
0	0
0	0
0	4
0	5
0	0
0	0
0	0
0	7
1	6
0	91
140	91
1	68
0	0
0	0
1175	34998
44	8747
5	29334
241	21941
0	0
0	0
15	0
36	21
1	21
8	84
3	84
0	0
0	0
0	10
1	3
0	7
0	73
0	0
0	0
0	0
0	0
0	38
0	0
0	0
0	0
0	0
0	0
0	0
0	0
0	0
0	0
27	0
0	0
12	1
0	0
282	94241
0	88422
0	45
2	65
335	93568
0	45
0	65
1642	17033
7	12662
0	20
0	0
0	0
0	0
0	0
0	0
0	0
0	0
3	0
0	0
0	0
0	0
8	479
0	343
0	0
0	0
0	0
0	0
239	0
0	0
0	0
4	0
0	0
0	0
0	0
0	0
0	0
0	0
0	0
0	0
0	0
0	0
0	0
32	1202
0	0
0	0
0	0
0	0
0	0
0	0
0	0
0	0
0	0
0	0
0	0
0	0
0	0
0	0
2	0
0	0
0	0
0	0
0	0
0	0
0	0
0	0
0	0
0	0
0	0
0	0
2	0
0	0
0	0
0	0
0	0
0	31
0	32
0	12
0	0
0	0
0	0
0	0
0	0
0	0
0	0
3	140
0	0
0	0
0	0
0	0
0	0
0	0
0	0
0	0
0	0
0	1
0	0
0	0
0	0
1	0
66	0
0	0
0	0
0	0
24	0
0	0
0	0
677	116
0	0
5746	4644
37	1252
1	3711
2	0
0	0
0	0
0	0
0	0
0	0
0	0
0	0
0	0
0	0
0	0
0	0
0	0
0	0
1	1
0	0
0	0
0	8
0	6
0	0
0	0
0	0
0	0
0	0
0	0
0	0
0	9
0	9
0	0
0	0
0	0
0	0
0	0
0	0
0	0
0	0
0	0
0	0
0	0
0	0
1	1
0	0
0	0
0	0
0	0
0	0
0	0
170	67
4	31
29	67
0	0
0	0
0	4
0	4
0	0
0	0
3	0
0	0
0	0
43	471
47	472
9	401
0	270
0	0
10	0
1	0
10	14
0	1
0	12
0	10
0	14
0	14
6	0
0	0
0	0
1	13
0	12
0	0
0	1
0	0
0	0
0	1
0	1
0	0
0	0
2	470
987	568
6	567
0	0
0	4
0	4
0	0
0	0
0	36
0	31
0	40
0	40
0	32
0	19
0	17
0	35
0	33
0	16
0	19
0	32
0	8
0	5
548	1346
0	1237
0	193
0	717
0	165
1	549
0	117
2	13
11	0
4	0
16	0
0	0
1	142
15	1333
25	1362
0	1029
15	10
0	218
0	37
0	0
21	0
1	470
3	579
4	978
1	249
0	250
0	651
0	71
1	598
0	248
1	1
0	0
2	5479
0	5455
0	5455
0	1645
8	1569
0	0
6	867
2	39
39	74
1	604
1	740
0	838
12	13
0	30
0	8
4	63
1250	2498
1	390
7	2108
0	1812
18	0
0	0
0	6863
344	7368
35	1745
0	5154
0	642
1	424
0	52
2	823
0	40
0	777
0	10
2	92
0	794
0	19
8	775
0	803
0	102
0	42
0	42
0	457
0	810
6	64
5	0
80	1516
3	766
0	1256
0	1468
0	187
6	15
4	15
2	2
21	2
1	337
0	0
0	220
30	714
1	1086
0	1003
0	1037
0	949
1	193
3	144
0	65
17	0
2	0
302	2592
0	2740
0	969
3	2385
49	1898
7	1879
0	163
5	245
21	1113
16	1113
2	1006
0	1112
0	164
10	1
0	0
9	91
0	0
248	716
3	77
0	655
11	195
71	305
0	4
0	6
0	6
0	2
0	0
0	2
27	393
9	153
0	82
0	41
9	68
1	150
8	239
17	142
304	46
0	0
52	0
3	137
1	2
0	1
0	3
0	29
0	2
0	38
0	37
5	34
0	39
0	36
0	37
0	28
0	10
0	7
0	3
0	3748
0	3824
0	3748
102	778
0	1188
136	415
1	388
17	271
4	5
21	0
156	76
0	57
0	81
1	17
2041	1562
13	394
0	1369
2	2
4	764
0	891
0	18
0	18
12	82
0	70
0	47
0	41
1	3
910	81
6	81
51	204
2	265
0	51
0	204
0	2177
73	2151
3	1065
1	58
0	236
0	182
0	1538
4	843
0	48
0	48
0	34
0	0
5	3
5	4
3	4
0	607
1336	1298
14	248
1	565
0	69
0	360
0	754
6	682
2	161
105	1731
0	1774
0	1821
10	1838
10	556
0	0
12	43
0	0
0	0
0	64
0	0
14	29
0	42
0	783
0	971
1	1382
0	1312
15	89
0	879
29	671
15	0
11	787
14	117
1	85
5	64
137	0
59	4608
407	4608
8	181
0	0
0	0
0	0
0	0
0	6523
0	5572
0	4852
1	2009
0	5567
53	108
0	4846
10	3999
1	775
13	25
49	66
49	728
2043	707
39	176
33	0
5608	1961
0	1959
1	313
5	306
1	6
0	14
0	10
4	915
0	886
1	272
0	0
0	229
0	219
2	222
0	167
0	73
5	2
3	87
69	631
2	674
2	752
0	957
0	884
0	1050
1	85
44	517
0	156
0	66
0	309
0	247
0	151
0	142
0	16
0	121
2	222
0	188
10	0
6	1416
0	1473
23	158
105	439
0	127
0	0
10	158
0	0
1	1
9	537
0	79
23	423
4	76
0	529
0	90
23	97
4	112
5	50
0	0
179	1114
0	1115
1	579
2	169
8	2
0	2
5	1
2	11
1	11
0	3
1	1
0	0
0	6
1	40
9	37
0	18
4	22
4	11
266	3192
0	155
51	2457
27	2512
0	2
0	2
0	0
0	0
144	1771
1	792
2	231
0	301
0	1437
0	164
0	118
0	264
1	476
36	0
0	141
0	0
11	460
2	358
1	239
1	87
0	13
380	167
13	167
10	15
0	0
14	148
0	256
2	2139
0	2163
8	0
0	52
1	2126
3	100
15	1699
0	2258
0	2082
12	88
1	2062
104	14
2	182
9	241
1	14
529	244
4	56
0	0
57	6
0	4
0	2
0	317
0	342
0	236
0	2
119	31
1710	151
0	0
398	1
33	5434
52	93
6	8511
0	10
33	93
110	8686
109	14266
0	10
0	5580
0	5580
1	1
1	1
1054	2
10	0
123	0
836	3250
687	1134
1649	1134
46	10
0	10
0	1114
0	0
1	0
0	0
0	625
0	626
0	0
0	0
0	0
13	0
0	213
0	213
0	7
0	4
1	4
0	1114
1	6
0	0
0	1114
0	0
0	0
0	1150
0	1150
0	0
0	12
18	12
624	16175
361	16175
1	1244
73	1014
0	1621
34	890
1	0
121	122
1	83
3	53
4	97
5	0
585	50
6	49
0	49
0	22
0	50
98	1304
34	1352
1	936
3	12
0	1305
5	472
0	452
1	496
2	211
1	245
3	4
1	324
0	438
2	113
0	63
4	63
0	6
0	4
14	38
0	38
0	8
1	380
3	261
2	10
1	384
2	372
1	22
1	67
0	130
2	76
22	25
4	9
0	14
5	26
1	23
3	864
13	802
0	153
9	364
1	304
0	250
0	0
19	0
69	1226
12	1183
2	172
11	0
0	4
0	3
1	4
0	1
0	1
0	0
0	16
0	16
0	15
0	14
1	0
137	1210
3	930
6	154
0	200
1	242
1	338
0	32
1	0
0	0
0	1
48	11
0	0
0	0
0	0
208	581
16	35
16	202
0	262
18	19
9	104
31	25
33	224
30	74
130	643
0	570
2	48
40	106
0	31
1	17
14	17
0	4
0	0
15	0
0	0
0	0
322	456
3	23
17	433
11	0
40	106
0	104
1	4
2	105
0	28
0	165
108	500
0	188
2	454
0	438
1	56
0	0
0	3046
0	6
1	3043
0	0
0	22
0	0
0	0
1652	4341
17	4175
1	2148
8	9
39	26
0	0
234	1036
8	923
1	180
24	414
9	20
0	0
2	605
2559	658
73	0
35	51
0	0
0	0
0	0
20139	13
0	0
4	1671
508	1671
36	0
801	520
0	296
0	155
0	243
4	1
52	22
13	116
0	115
0	0
0	0
0	0
0	0
0	0
0	0
0	0
0	0
0	0
0	0
1	213
0	0
0	0
0	0
0	0
124	208
5	208
0	150
16	811
0	806
0	1004
3	1009
23	286
439	0
0	19
0	19
0	1
0	0
0	333
0	0
0	0
0	0
0	1
0	1
2967	0
0	0
0	0
0	0
0	0
0	0
78	333
0	333
0	63
2	14
2	47
52	0
0	0
0	0
39	0
0	0
1	1
0	0
0	1
0	0
4	63
0	0
0	0
0	2
17	4
0	0
0	0
0	2
0	0
0	0
0	0
500	710
0	94
35	606
4	11
0	91
0	65
51	678
0	454
2	1
0	229
6	5
0	0
0	0
0	0
0	0
0	0
0	3
4	3
1558	7
1	0
48	0
4643	1909
72	0
0	361
7	663
78	0
140	0
0	670
7	399
48	0
0	0
0	151
0	0
0	0
283	0
0	123
21	161
2	149
1	133
340	645
8	30
30	616
0	29
0	0
15	0
0	23
0	23
8661	1157
1	639
76	518
48	0
0	0
0	0
0	0
11	19
2	8
0	11
0	17
1	0
19	177
718	1062
10	890
12	0
6	0
0	0
0	0
31082	4937
15	2032
26	0
5	2899
92	0
0	0
1	0
3	60
0	60
158	334
0	282
0	222
9	13
15	117
75	0
39	13
0	0
0	0
0	0
0	0
0	0
3	131
0	127
0	37
0	26
2	0
2	0
0	32
273	1004
1	900
1	133
1	493
5	128
1	45
1	195
0	10
2	0
0	0
0	0
0	0
0	0
0	0
0	1
2	19
1	0
0	27
0	27
15	0
4	0
0	0
0	0
0	0
0	0
482	120
0	73
0	119
0	22
0	1
0	2
0	2
0	2
0	2
0	1
0	0
0	0
0	0
0	0
0	0
0	0
0	0
0	0
3	2
0	2
0	2
0	2
0	2
0	0
1752	663
47	229
0	376
3	128
8	219
43	94
30	16267
0	16075
0	12004
6	14281
12	15925
0	13412
4	15409
358	1202
142	6
1	2841
0	2337
0	1857
5	2282
14	9862
14	611
10	392
32	1278
1297	1841
1	327
3	630
0	115
4	469
7	375
0	1374
3	1122
17	278
29	0
0	1
0	1
0	0
0	0
0	0
0	0
0	0
0	102
1	54
1	108
0	51
0	72
0	23
0	1324
85	1067
1	1123
0	699
2	1075
0	317
0	0
3	3
0	0
278	2334
30	2274
0	123
3	122
29	56
3	652
52	0
8	1224
0	0
0	0
0	0
0	6
0	27
0	26
0	8
0	6
0	6
0	2
1	25
0	4
0	3
0	0
10	73
0	0
0	0
0	0
56	492
0	0
11	492
0	0
3239	3927
0	3788
0	3944
6	3031
52	142
0	259
2	2398
25	0
0	0
0	1
0	3
0	2
21	0
0	357
0	394
0	363
15	207
0	165
0	0
0	0
0	76
1	34
0	89
2	703
0	666
0	677
1	738
0	795
0	468
0	81
0	90
1	7
2	8
0	4
0	4
0	50
3	51
1	6
6	0
8	0
1	0
7	4
0	4
0	3
0	8
0	0
12	864
99	1138
1	816
0	120
43	0
0	700
7	735
4	735
0	683
27	704
5	199
5	656
0	59
1	258
10	38
198	3690
70	3685
1	2292
14	0
41	0
18	0
0	0
21	0
16	0
0	0
91	0
52	0
42	0
21	2
151	0
79	0
188	2
0	0
0	0
0	2
0	0
0	0
21	1120
0	847
1	554
0	763
26	676
38	84
58	0
7	227
2	58
27	0
20	0
0	0
7	0
7063	6
82	0
25	0
0	0
17	0
0	0
0	0
10	10
0	2
13	1
1	0
204	56
4	56
2	2648
367	3070
15	2963
7	1529
1	1022
4	326
0	650
0	670
0	649
0	640
0	667
0	61
0	79
15	13
2	30
2972	3331
33	0
5	465
54	0
4	167
2	77
77	119
3	488
97	594
1	438
1	538
2	172
4	79
0	142
2	36
0	139
48	44
0	1
296	24
2	0
2	24
0	0
1	2933
0	2976
7	306
89	309
0	0
0	0
0	0
310	126
8	103
1	127
0	123
7	0
0	1
408	314
0	221
10	203
73	70
0	70
46	0
289	1822
2	1539
0	837
71	0
2	534
59	0
98	0
54	0
6	11
1	11
2	11
0	12
1	0
0	0
0	0
0	0
2	14
0	2
0	1
0	0
0	0
35	6
0	4
1	2
159	7624
2	6653
0	1406
71	1652
3	1008
29	241
16	1349
0	565
0	370
23	1226
6	350
18	22
3	128
24	9
1	7
1	2
2	2
0	0
0	0
1	0
0	0
0	1
0	1
1	0
16	94
0	0
0	0
0	0
0	0
0	0
11	2
0	0
0	2
0	0
0	0
0	0
0	0
0	0
1	0
3	0
2	122
30	33
0	120
0	120
0	91
302	1034
0	114
174	0
95	1026
19	2
216	34
27	2812
1	2726
130	2690
1	1016
2	983
8	130
2	285
114	2433
28	489
3	43
7	2032
0	775
25	1809
0	51
3	974
1	776
0	0
110	0
0	0
1	103
0	24
1	28
0	124
3	184
0	16
21	135
54	18
0	64
17	301
0	18
66	18
0	21
265	0
0	0
0	0
0	0
0	0
0	0
0	0
36	0
55	0
0	0
0	0
0	48
102	48
1	33
0	0
0	0
0	0
0	0
0	1
0	1
0	1
0	928
7	928
0	6
2	5
0	6
228	1351
538	1353
1	2
0	0
2	2
0	2
0	203
0	198
2	129
0	11
6	33
0	8
8	41
0	3
0	8
0	0
0	0
6	3
0	3
15	601
381	1828
36	1569
0	99
17	666
0	0
1	3640
80	4009
4	488
4	1356
12	108
24	104
4	486
103	381
1	606
1	795
5	66
11	312
8	284
0	107
2	58
0	0
0	0
7	88
0	0
4319	528
3	188
0	427
151	0
111	505
0	499
8	423
27	126
22	123
0	104
1	77
1	42
0	24
1	22
2	8
0	13
3	1888
3	1088
2	1538
1	1091
1	900
0	1562
3	0
0	0
146	211
3	155
2	147
0	83
0	69
0	266
0	245
0	137
0	94
0	89
1	25
0	0
262	21
0	0
270	465
0	422
0	179
1	51
0	0
286	1532
0	555
0	813
4	1004
3	0
0	1
0	1
0	0
20	128
0	127
0	61
1	674
18	704
15	704
0	696
0	71
0	41
1	143
5	54
0	111
1	60
4	4
0	4
0	26
0	6
0	16
0	25
0	9
0	13
8038	0
0	3
0	3
1	0
14	636
0	132
15	640
1	69
0	83
9	554
4	546
1	563
11	196
3	166
2	176
6	156
0	177
0	157
7	25
0	1
9	2
0	2
7	0
3	0
0	0
2206	193
0	114
1	0
187	12430
317	12427
95	0
42	8031
0	0
1	0
14	0
1	131
0	33
0	65
1	130
1	45
0	37
0	68
0	38
3	47
0	74
0	29
416	129
0	96
0	5
0	10
1	4
0	0
0	36
260	3202
23	3184
0	1636
3	878
36	411
0	0
1	0
752	2920
0	2819
0	2819
1	51
1	406
0	138
0	0
44	0
0	0
0	0
0	0
3375	2
1	0
10	2041
112	2041
0	0
0	189
18	518
17	518
3	0
239	199
1	53
1	50
0	0
3	44
0	27
0	57
0	65
2	1007
5	111
2	169
0	128
6	992
49	809
6	152
2	96
1947	671
7	149
1	546
9	4
0	0
0	0
0	0
2	0
0	0
596	1011
4	427
5	26
16	295
1	318
0	121
51	126
0	124
0	3
0	1
0	2
0	1
0	0
0	1
2	1
0	2
0	1352
13	1384
21	1192
44	413
0	296
1	204
3	516
248	298
0	0
0	0
0	0
0	2
0	0
0	2
0	0
0	2
0	5121
75	5121
1	0
0	0
0	0
0	0
0	0
5	26
22	26
6390	881
1	877
0	0
10	329
1	53
0	4
1	10
25	276
0	48
0	21
1	22
0	17
0	8
0	8
0	8
0	8
0	8
0	8
0	8
0	1
0	6
0	0
0	0
0	0
0	0
0	395
0	395
142	209
106	0
0	0
0	0
0	0
0	0
0	0
0	0
0	0
0	0
0	0
0	0
0	0
0	0
0	11
0	0
0	0
0	30
0	0
0	0
0	0
0	0
0	0
0	1
0	0
0	1
0	1
0	1
0	0
0	13
0	13
0	1
0	8
1	25
15	383
3	442
18	372
0	395
2	33
1	72
2	39
34	28
0	0
0	0
0	0
0	0
2	2
0	0
0	0
0	0
0	0
0	2
0	0
0	0
0	0
1	7
0	3
0	7
0	0
0	0
0	0
0	0
285	0
3	0
4	35
0	32
4	17
1	17
27	20
0	6
0	15
0	244
0	0
0	70
7	136
54	101
8	271
29	5
3	70
0	0
0	0
0	0
0	183
2557	399
3	0
10	0
0	0
0	204
34	10
3	452
1	445
0	23
1	27
0	0
23	424
0	0
217	158
6	30
11	128
0	62
0	0
2	0
0	0
0	0
11	0
0	0
0	0
0	834
0	932
2	420
0	130
16	316
0	0
30	23
11	16
0	122
0	0
0	0
240	510
2	189
0	271
0	187
0	196
770	96
0	52
0	74
0	63
8	4
3	0
38	308
0	3
0	3
18	0
2	212
5	178
5	188
7	77
34	104
0	46
2	6
9	9
10	7
5	367
2	10
0	407
0	375
95	394
0	0
0	143
0	0
9	0
16	31
11	0
1211	595
1	0
202	42
4	178
0	640
10	113
16	123
0	0
5350	3827
6	3619
70	71
212	1353
0	1078
254	343
6	372
32	1233
0	1226
4	721
7	816
4	798
10	99
7	109
1	50
0	0
0	0
0	0
0	0
1	806
0	169
828	749
0	95
4	86
0	48
61	289
6	289
0	49
41	0
25	19
0	0
0	0
3	0
0	0
0	0
0	0
0	0
5	7
0	7
0	4
0	0
0	4
0	4
0	4
0	4
29	1026
9	780
0	865
2	636
59	0
0	0
0	0
0	0
0	0
0	0
0	0
0	0
0	0
0	0
0	0
0	0
4	0
2	0
6	0
2	0
85	31
0	21
4	16
1	6
0	0
3	10
6	0
0	0
63	576
3	812
3	815
3	432
0	129
1	143
5	58
1	29
133	0
187	53
202	0
102	248
0	126
0	0
0	1
0	2
2	18
0	0
0	0
0	0
0	0
0	0
0	0
0	0
0	0
1	0
0	0
0	73
0	0
1	45
1	10
0	6
0	32
0	39
0	29
0	27
6	25
0	0
9	0
0	0
1	198
30	1468
16	1468
1	623
0	131
4	6
0	0
0	0
1	0
0	0
253	247
5	131
2	75
7	154
4	0
0	0
18	0
66	5311
9	4890
0	3192
7	178
54	0
7	1890
5	1885
0	465
0	116
0	386
1357	457
299	71
151	17
5	17
0	12
0	0
0	0
0	0
0	0
0	0
1	0
0	0
15	0
515	1743
0	272
16	425
0	1240
33	0
0	5037
13	6098
0	4135
91	0
50	28
12	258
51	0
15	152
0	0
0	0
0	0
15	1282
0	24
2	156
24	594
5	181
21	3
1	921
0	36
3	0
3	11
1	2
2	2
0	1
0	1
0	0
1	8
0	0
0	0
0	2
0	0
0	2
0	0
0	2602
0	0
733	1508
0	1082
10	417
0	151
1	646
0	828
28	0
5	1193
0	535
602	680
0	434
0	145
17	23
1	160
29	0
0	0
0	0
3	21
1	0
0	35
801	786
0	37
0	0
0	0
7	36
5	36
2	321
3	447
21	594
4	55
13	1762
0	3126
115	3122
0	3126
0	0
303	1
8	193
0	0
42	0
3	0
0	0
0	0
0	4
91	6724
34	6944
45	1013
7	0
0	0
0	0
0	0
0	0
0	277
3	0
0	0
0	0
946	0
0	0
1756	60
2091	1785
11	350
0	1143
3	1174
39	1003
0	1046
0	90
1	290
87	15
71	414
3	0
0	2
0	2
0	2
0	0
0	0
0	0
0	0
2	1218
10	2725
0	2678
0	3143
0	3504
7	376
0	0
3	0
2	41
24	0
25	0
70	1856
1	93
0	40
0	1727
19	3
0	67
1	62
1	225
48	398
0	448
0	434
0	69
0	3
0	0
1	0
117	0
0	0
116	144
43	114
2	161
0	4
0	0
0	26
0	19
0	27
0	25
0	10
0	13
0	8
2	0
0	0
1	0
0	0
0	0
0	0
0	0
0	0
0	0
31	0
49	26
0	0
0	0
0	0
0	0
0	0
0	0
0	0
0	0
0	0
0	0
0	0
0	0
0	0
0	0
0	0
0	0
1	0
1	22
0	10
0	5
0	12
0	0
0	0
1	65
0	63
0	24
0	0
0	0
0	0
74	0
0	0
9	0
0	2
0	2
0	3123
0	2906
4	3119
120	1230
1	3472
88	528
17	1137
3	1706
66	1676
0	2151
0	2281
0	3271
0	1672
15	242
60	2174
2	2376
226	0
154	0
76	0
23	0
4	0
0	0
77	0
37	0
59	48
0	448
0	293
0	669
3	1187
0	401
0	400
0	620
79	0
0	386
98	7
0	307
0	113
1	545
0	439
1	57
0	6
4	0
0	10
0	16
0	6
1	102
2	188
0	179
0	3
2	0
0	0
5	0
0	0
3	0
7	7
3	70
0	75
0	65
0	66
5	0
0	7
0	7
0	1
0	1
0	0
2	0
2	5
0	0
0	0
3	0
7	0
11	0
1	0
1	0
5	14
0	12
4	0
0	0
0	0
0	0
2	2
0	2
0	0
522	519
8	403
0	0
0	0
0	0
0	0
0	0
0	196
1	58
0	367
0	376
2	349
0	363
17	151
0	0
0	146
7	31
1	0
0	822
0	872
98	839
0	61
9	7
21	0
25	0
3	114
0	0
0	0
35	764
0	22
2	644
1	649
38	740
5	1708
244	1732
1	1075
0	144
6	11
0	35
88	39
0	47
0	39
0	7
77	0
7	0
0	0
4	0
40	246
1	246
3	0
0	0
0	0
0	0
0	0
0	0
0	0
0	0
0	0
0	0
0	0
0	0
0	0
1	0
3	0
0	0
0	1
0	1
0	1
0	0
0	0
0	0
0	0
0	1
0	0
0	0
52	254
0	214
0	31
0	48
0	0
0	168
0	0
0	0
0	0
2	45
0	0
0	0
28	1412
0	1242
1763	1452
0	304
52	0
2	24
5	76
0	57
0	54
1	0
0	0
0	5
4	0
20	35
0	0
0	19
0	7
0	0
2	0
0	5
0	5
0	2
0	2
0	2
0	1
0	1
0	1
0	0
3	0
8	0
6	203
0	106
0	99
5	0
0	3
0	101
1	221
941	221
135	719
3	175
0	150
35	477
479	608
1	162
83	0
2	446
24	317
3	265
0	49
1	35
354	1065
18	335
0	199
2	97
0	595
1	85
1	124
11	11
0	5
1	289
0	0
0	0
0	0
0	3
0	6
3	6
10	7
0	5
0	0
0	0
0	0
0	0
0	0
0	60
37	63
2	5
0	15
0	48
0	5
1298	1136
3	1045
31	0
37	91
119	4649
21	122
13	5171
1	3732
4	3412
1	2171
12	40
87	361
4	1
0	1
0	1
0	2
0	2
0	0
0	0
5	0
0	0
1	0
0	0
0	0
0	0
1	76
0	0
7	0
0	611
14	544
0	587
64	13
0	414
30	30
0	25
0	90
47	0
3050	818
60	810
0	0
45	41
1	41
1	27
1	0
1741	124
1	124
17	85
0	46
0	0
118	3213
9	3194
0	3375
3	129
1	3318
0	323
0	0
2	0
0	0
0	0
0	0
1018	4
0	0
0	0
0	1
0	1
0	1
0	1
0	0
0	0
0	1431
115	1431
2	413
2	580
0	301
0	173
0	38
92	1
642	860
82	117
2	681
21	0
1	172
0	0
24	0
0	0
40	0
0	498
0	465
0	394
0	385
0	181
0	183
0	46
0	0
64	473
0	442
3	46
2	373
0	0
15	0
18	0
0	249
13	85
481	209
47	56
0	183
1240	555
0	286
72	269
39	238
69	0
1	1325
6	1160
3	697
33	0
0	202
13	760
1	582
17	0
0	0
17	1887
30	901
0	1887
10	532
0	33
250	5
74	17
0	63
7	41
7	0
0	0
0	0
0	0
0	0
0	0
0	0
0	0
0	0
0	0
0	0
2	0
0	0
0	0
0	0
4	0
0	11
23	25
3	0
0	14
0	0
47	0
0	0
0	0
0	0
0	0
0	0
3	0
0	0
0	0
0	0
0	0
0	0
0	0
0	0
2799	403
0	129
3	15
1	171
2	77
1	24
0	24
0	0
0	20
0	2
0	1
0	0
1	3
0	1
0	2
0	7
0	5
0	5
1	6
1	6
0	1
0	1
1	1
1122	231
53	229
113	62
0	32
26	0
115	0
2	3
33	3
0	2693
46	6288
11	2909
11	7371
0	409
7	1331
1	2250
466	7552
6	768
14	2494
1536	515
0	7353
1	6547
0	601
41	163
28	4215
0	0
4	619
610	704
0	665
10	98
0	0
0	155
0	39
0	3
0	97
0	96
0	96
0	104
1	42
0	3042
14	1607
0	1250
10	1870
0	2666
0	2623
2	271
70	15
174	1045
88	44
92	0
0	1195
63	446
0	1226
30	1199
6	1194
1	1
0	1
70	0
38	0
13	688
0	0
0	0
0	0
0	0
1	0
0	38
9	38
0	19
0	2
0	2
11	3
0	0
0	0
0	0
2	147
1039	1788
0	1654
33	0
0	0
0	0
0	313
57	7
24	0
0	129
4	27
0	0
0	11
0	0
0	0
0	0
11	157
10	56
2	154
0	59
0	0
0	0
0	0
74	13
0	11
0	0
0	0
0	0
0	0
0	0
0	0
2	0
0	0
840	6532
51	5021
11	1268
5	1875
29	1351
26	1833
13	586
1387	305
26	134
0	99
0	0
29	0
3	3
26	146
0	0
4	0
2	491
26	13
59	955
0	380
6	48
0	19
11	352
46	562
81	490
0	490
0	194
0	99
0	38
1	1
15	37
0	0
0	0
8	0
0	0
47	100
19	108
0	0
27	8
0	267
7	92
0	252
2	11
2	26
2	48
0	0
0	0
0	0
0	0
7	1
0	0
0	0
0	0
0	1
0	0
0	1579
11	5084
16	864
1	3712
0	0
2	15
4	15
0	0
0	0
0	0
0	0
0	0
0	0
0	0
0	0
0	0
280	1347
0	32
25	14
0	4
1	161
0	998
3	230
708	1583
0	722
1	324
4	407
0	425
160	276
12	130
0	0
0	0
1083	1498
0	0
24	836
3	1093
0	306
5	986
1	291
0	0
0	0
0	0
0	0
16	0
37	1207
0	1122
0	167
0	97
0	258
0	125
0	160
4	817
1	7
1	429
0	2592
21	2467
0	2413
2	1102
0	1087
8	416
14	0
32	265
0	54
33	49
0	0
0	0
0	0
0	0
0	0
0	2746
0	0
0	0
0	0
0	0
0	0
0	0
0	0
0	0
0	0
0	0
0	0
0	0
0	0
0	0
0	0
0	0
39	28
0	28
24	0
0	0
0	3
0	25
0	26
0	0
1	0
0	1
7	32
0	32
0	12
0	12
0	12
0	0
2886	2530
1	1609
0	1607
0	1609
0	1857
52	1
0	490
0	495
12	535
0	578
1	532
0	1259
0	555
0	76
10	111
0	115
0	86
5	23
11	384
307	475
0	91
1	22
4	386
0	14
0	382
0	80
1	393
0	50
64	2
908	299
1	297
0	0
0	0
0	0
0	89
2	87
0	24
0	79
0	31
1	0
7	0
0	13
0	0
1017	0
62	2
0	0
1451	3382
0	2901
0	2926
1	2799
0	0
0	2535
33	0
0	2300
5	447
13	210
0	374
17	395
9	656
27	155
1	0
15	0
1	0
0	234
0	0
0	0
0	0
0	1
0	1
0	0
0	0
0	0
0	0
0	0
0	0
0	0
0	0
0	0
0	0
0	0
0	0
1	0
0	0
0	0
0	0
0	0
0	0
2	642
0	771
10	585
0	364
4	290
3	115
52	0
32	163
0	45
0	0
0	0
19	5
1521	167
0	137
58	0
10	0
43	40
0	3666
23	5850
0	4411
63	2
10	465
0	0
17	0
0	0
28	2288
7	753
772	3261
1	3572
1	2262
0	499
0	0
15	201
12	201
3	0
0	0
154	185
5	40
0	70
0	0
1	26
9259	358
0	0
1	1631
1	15
4857	484
7	0
0	14337
0	14337
46	0
124318	18264
49	2829
0	15395
6	8
0	8
0	0
114	43
0	560
0	577
3	336
0	542
42	268
9	497
3	91
0	15
0	47
1	144
0	175
0	218
5	78
1	34
40	202
0	32
0	57
56	10
0	2
0	0
0	0
0	0
0	8
8	145
26	140
0	41
0	77
0	34
0	61
2	16
628	8
6	0
26	0
0	0
546	1241
0	1241
1	170
31	490
34	110
2000	112
32	70
15	314
0	314
0	45
1	6
7	176
10	33
0	118
3	502
10	390
0	487
1	5
1	0
0	6
0	6
0	0
0	0
0	0
1	0
0	0
9	469
13	84
7	464
3	20
1	60
24	0
0	0
3	0
0	0
0	0
31	2088
80	2457
0	2499
1	1662
2	87
0	339
8	117
28	13
42	294
0	59
1	290
0	10
0	32
0	26
0	4
0	7
1	7
23	7
185	3839
151	2369
8	3067
83	946
14	250
6	398
13	339
36	489
0	0
3	26
0	0
0	0
20	26
0	11
0	10
0	15
2	7
0	0
0	50
1	49
1	20
0	17
1	10
1	3
0	0
0	10
3	0
4	0
234	3131
4	3098
4	3097
194	3096
1	468
0	366
0	366
0	0
81	29
35	400
0	453
0	1106
137	1112
1	560
18	5
0	503
0	0
0	0
0	0
0	0
0	0
1	0
0	0
0	0
0	0
0	0
0	0
0	841
0	1937
0	742
0	731
0	1940
0	2054
0	2080
0	2025
0	1545
0	1530
0	1578
0	1534
0	1555
8	178
0	189
0	52
76	7
3	51
40	160
28	54
4	0
0	0
0	0
0	0
0	0
0	0
0	0
0	0
0	0
0	0
0	0
0	0
0	0
27	1125
0	1
0	0
0	0
0	0
0	0
0	0
0	0
0	2
0	2
0	0
0	2
1	0
219	146
2	12
0	63
0	16
1	69
0	67
2	28
1	45
2	12
0	0
101	53
1	14
19	28
0	13
0	0
22	9
0	9
0	2
1	0
0	0
0	0
0	0
0	0
0	0
0	0
14	1406
431	3221
1	1021
17	946
1	730
0	1912
46	199
0	9
0	9
2	747
0	459
0	0
7	0
4	9
75	722
2	729
0	417
1	63
1	8
106	10
219	2960
20	869
0	2319
227	1958
0	2229
116	378
0	2352
0	2711
0	2742
0	2742
6	64
0	470
18	235
0	353
0	346
6	227
249	810
4	111
215	20
0	198
11	174
4	211
0	167
0	138
0	144
0	37
1	13
0	74
0	66
0	14
0	28
1	30
0	29
0	24
24	1
0	4
0	6
270	368
1	334
3	251
5	24
1	22
6	1
1	72
95	96
5	56
0	2971
1	2877
34	2966
59	1079
2	137
1	321
83	7
19	712
0	393
5	0
0	395
10	50
6	0
65	0
37	0
5	1186
0	414
0	2784
0	222
4	109
4	1086
7	2166
0	2774
140	1
19	277
24	4
0	4
1	2
1	0
662	1827
4	245
0	735
2	619
3	618
0	254
0	35
0	456
6	0
0	0
19	0
0	0
0	0
0	0
0	0
0	0
0	0
0	0
20	5
0	0
0	4
2	0
11	0
0	0
0	0
2	0
0	3
0	3
0	0
0	0
0	0
0	0
0	0
0	0
0	0
0	0
0	0
0	0
7	5
0	0
1	0
0	1
0	2
0	2
0	5
4	5
0	0
98	721
0	857
1	882
0	789
2	875
0	693
0	573
0	641
0	551
0	182
0	305
0	0
1	0
1	31
0	0
1	0
998	1294
4	274
1	743
14	371
0	203
0	439
0	194
19	8
0	10
6	17
7	338
0	295
1	15
0	0
4	0
0	0
26	299
0	0
0	0
0	0
0	0
0	0
0	0
0	0
15	190
1	190
0	35
0	34
0	464
0	464
0	415
0	205
4	44
4	76
0	29
0	51
0	58
0	84
16	4
0	0
269	423
0	0
13	172
0	19
0	251
0	1
0	1
0	0
0	0
0	0
1086	269
1	259
19	0
10	65
13	35
1	39
0	0
4	15
2	21
0	20
7	16
7	0
0	0
0	0
0	3
1	0
0	0
0	0
2	0
0	0
0	0
0	0
0	0
1	1
0	0
5	1
1	1
35	23
0	23
0	23
8	2
0	5
9	0
4	0
3	0
0	0
2	0
0	0
1	0
4	0
0	0
0	0
0	0
0	0
0	0
0	2
0	0
13	1685
15	1433
1	1426
10	549
2	1571
170	676
69	7
2	313
0	0
5	95
67	56
15	95
0	0
0	7
0	1
434	289
0	176
3	0
1	0
1	113
4	1
0	0
0	0
1	1
42	1746
0	1320
435	1936
41	1604
116	0
0	232
0	356
0	138
0	98
101	9
0	33
15	2196
33	1892
0	2128
0	1127
16	1328
2	314
0	116
0	278
11	507
13	65
1	383
2	376
0	49
5	127
92	240
417	281
0	249
21	89
0	121
151	0
109	861
4	781
0	843
9	145
1	43
2	87
4	193
1	46
11	0
0	13
0	19
0	15
0	13
0	14
0	0
0	0
0	0
0	2
0	2
0	0
0	0
0	0
0	0
31	747
1	694
0	465
0	7
0	2
0	6
421	5083
38	4139
33	3012
71	3127
35	4696
8	734
39	0
65	0
0	0
0	0
0	0
0	0
0	0
0	0
0	0
0	0
1	0
6	0
2	0
1	0
0	0
0	0
2	0
0	0
0	122
0	0
4	566
36	566
2	67
0	67
1	43
10	16
475	111
7	6
1	36
1	8
3	61
0	0
0	0
26	1272
13	1247
6	113
1	0
0	117
0	0
6	0
3356	7248
17	4374
18	7231
0	0
0	0
2	0
38	3
0	1
0	3
9	1
0	180
0	130
0	115
4	62
6	207
0	241
0	143
5	223
24	214
0	36
1	23
0	88
11	129
0	3
0	2
35	4709
0	0
0	0
0	0
0	3
0	3
151	101
4	101
0	0
0	0
0	0
6067	16
0	0
0	0
0	0
0	0
0	0
3	6
0	68
28	5
0	9
0	4
0	0
0	63
0	13
0	55
0	5
0	0
0	0
548	0
0	0
0	0
0	0
0	2
0	2
174	9229
2	8823
111	0
10	3178
0	717
12	593
4	2344
0	2268
4	0
0	1093
0	1078
6	220
0	88
23	689
164	270
21	51
3	161
4	147
0	102
0	25
0	0
0	0
0	0
306	211
0	124
0	0
15	83
101	34
0	0
2	0
0	0
0	0
0	0
0	0
261	0
8	0
0	0
0	0
0	1
5546	0
0	0
65	510
0	572
0	3072
132	3244
9	36
1	1050
2	194
30	100
0	0
0	0
0	1
0	1
0	4
0	1
0	0
0	4
1	0
1	0
0	1
0	1
0	0
0	25
2	2283
0	2322
0	2147
13	1282
1	1679
0	2123
0	1677
0	2295
10	2324
1	186
0	148
1	245
10	94
0	265
46	228
1	307
0	33
45	90
4	98
0	0
0	0
0	7
3	7
1	0
5	1
0	2
5	0
0	0
0	0
0	0
0	0
2	4
0	0
3	0
0	0
0	0
0	0
0	0
0	0
0	0
18	2474
0	88
0	0
29	209
0	41
0	31
0	210
1	4
3	0
1607	412
1	412
13	85
0	6
0	61
2	34
1	30
0	7
2	8
0	0
0	0
0	0
0	0
11	1
87	5422
92	5465
82	692
2	445
0	35
0	340
0	54
12	325
14	341
0	66
2	17
3	1151
25	134
1	790
0	1192
0	1157
0	48
1	153
55	37
0	1181
0	1458
1	425
1	0
14	294
2	100
2	0
13	6396
122	6384
169	5961
26	3423
0	4835
1	2
189	2979
20	8
0	0
30	1704
0	2867
0	2748
0	0
0	23
3	83
10	20
121	102
0	21
33	60
4	51
5	11
0	0
0	0
35	350
0	350
6474	17863
41	17863
0	0
0	0
96	1047
2	1014
2	1014
4	1012
0	1015
0	787
5	1
1	4
1	3
1	0
0	0
0	228
0	209
0	221
9	100
0	67
14	19
2	872
49	870
24	39
4	42
1	0
1	5
0	477
2	101
0	478
69	270
1	268
0	270
0	56
0	65
1	96
43	144
4	122
1	964
0	0
13	1
0	0
16	43
77	51
0	44
0	0
0	0
0	0
0	107
0	0
0	0
2	86
1	6
0	88
0	37
1	49
0	4
0	0
0	0
0	350
0	0
0	0
0	18
15	5
0	5
0	0
0	0
0	0
0	0
0	0
0	0
0	1380
0	1380
6	1207
747	0
0	2
3	2
0	2
10	1
0	1
0	0
0	0
0	0
1238	0
0	0
0	0
0	0
0	0
0	0
0	1
0	0
3	0
0	0
0	0
0	0
1583	5
0	5
0	0
11	0
256	537
0	537
0	0
14	250
1	177
0	64
29	77
0	27
18	0
0	0
24	348
0	348
0	0
19	0
1	0
0	0
0	0
0	0
0	0
0	0
0	0
0	0
0	0
0	0
0	0
0	0
0	26
1	6
8	27
0	11
0	7
0	0
0	4
0	1
0	0
0	0
0	0
0	0
0	0
6	40
0	0
0	0
0	0
0	0
0	0
0	0
5135	770
19	59
23	705
4	75
113	76
0	1
500	1897
2	1897
0	0
0	0
0	0
17	0
0	0
0	0
0	0
0	0
0	1
0	66
0	65
0	71
5359	0
3	0
1	0
0	0
0	0
0	0
0	0
0	0
0	0
0	0
0	0
0	0
0	0
0	0
0	0
0	0
8	747
0	776
2	357
3	146
2	355
0	413
0	122
2	358
265	0
0	48
1	133
0	1244
19	1197
2	210
2	858
0	1069
0	110
60	2093
2	1215
64	1984
205	421
149	1219
4	307
17	51
0	479
8	233
0	130
0	148
92	172
0	59
344	46
5	46
4	56
6	95
9	25
78	94
7	3
0	0
0	0
0	0
0	4
0	462
10	436
0	431
1	446
0	0
48	0
0	0
0	0
2	504
0	0
0	0
0	0
0	0
0	0
0	0
2	42
0	0
0	0
0	0
0	0
0	0
0	0
0	528
0	701
16	214
0	20
0	651
0	117
8	454
17	319
3	28
1	69
0	53
0	81
0	30
0	36
1	53
0	29
0	9
0	0
50	773
21	733
1	160
0	0
1	0
0	0
2	0
0	0
42	0
0	28
0	28
58	902
21	998
0	837
1	165
0	0
0	0
0	0
0	0
0	0
0	17
0	0
576	112
3	110
14	5
0	0
0	0
0	0
0	0
0	0
809	151
0	112
0	33
0	24
0	0
0	0
0	0
0	0
0	0
0	0
0	0
0	0
0	0
7	20
0	0
0	0
0	0
0	0
0	0
0	0
0	0
0	0
0	0
1	132
10	311
0	136
0	301
17	89
0	0
0	15
0	21
0	18
0	0
0	0
0	0
0	0
0	0
0	0
0	0
0	0
0	0
0	0
0	0
0	0
2	2767
0	2665
0	2403
0	2503
0	215
3	84
11	429
4	394
0	0
4	262
0	0
0	0
0	0
0	0
2	221
0	105
0	6
6	0
2	0
0	218
2	9
0	0
6	0
2	0
0	0
1	3
0	0
0	0
0	0
1	24
0	73
0	1653
3	1650
0	105
0	0
10	3575
2	3542
5	69
0	94
5	17
0	33
2	333
1	45
1	60
11	87
5	18
17	169
78	142
0	43
0	72
0	72
0	72
1	66
0	32
0	0
0	8
0	8
0	0
0	10
2	106
0	106
0	95
0	0
0	6
178	0
344	2435
0	583
34	2285
0	0
0	0
0	0
0	0
0	0
0	0
10	21
0	21
0	0
3	2
0	2
1469	770
14	764
1	764
3	0
197	602
1	602
37	1
1	226
1	85
0	0
0	0
0	0
0	0
1	6
5	179
2	173
0	0
0	4
0	1
0	4
0	0
0	0
2	557
0	0
0	0
0	0
0	0
2	518
839	130
17	130
0	770
29	751
1	527
14	98
54	466
30	126
14	34
0	269
0	118
5	39
21	116
57	754
0	4
1	41
1	754
0	45
18	0
1	168
1658	1879
0	1651
12	813
5	759
5	33
0	0
0	0
0	0
0	0
0	0
0	0
0	0
0	0
0	228
1	228
0	229
12	226
32	227
2	142
3	27
0	24
0	4414
49	4414
0	0
0	0
0	0
0	0
0	0
0	0
0	0
0	0
693	321
0	0
10	319
0	0
11	802
0	643
15	840
8	47
9	1577
4	216
0	128
7	48
0	0
0	0
0	0
0	0
0	0
0	2
0	2
0	2
0	2
0	2
0	0
0	0
0	0
0	0
0	0
0	0
0	0
0	0
0	0
0	0
0	0
0	0
0	183
0	0
0	0
0	0
0	0
0	0
0	0
0	2
0	0
0	0
0	0
0	0
0	0
0	0
0	0
0	0
0	0
0	0
0	0
0	0
0	0
0	0
0	0
2888	709
2	352
2	79
2	289
0	10
77	856
0	1515
0	3
2	200
0	784
12	501
1	374
10	56
19	260
1839	0
50	28
0	28
576	505
0	505
0	0
0	0
1	1
0	1
0	0
0	0
6	330
0	340
0	171
0	239
0	24
4	21
1	0
0	3
129	4281
2	837
0	0
135	3607
78	4087
2	1801
0	1126
0	414
15	232
18	1693
1256	1576
5	1576
0	435
0	20
1	52
2615	885
2	875
0	0
0	0
0	0
1	68
19024	507
16	504
0	4884
0	4884
0	4874
3122	0
41	1899
76	1944
170	1938
0	0
30	222
34	108
0	149
3	13
0	2
0	2
0	1
0	1
0	0
4	1
0	1
1052	145
0	82
6	145
4	47
1	0
1623	957
27	2
0	0
8	707
8	760
0	1509
0	1509
1	43
2	28
0	0
0	192
0	0
0	0
1	200
0	192
0	0
0	0
1698	0
0	0
0	0
0	0
3	1431
171	1507
0	44
0	345
2	85
60	331
0	312
0	36
1	5
8	88
3	36
8	3
21	3
424	0
681	20
2	18
0	0
0	0
0	0
0	0
0	0
0	0
0	0
0	0
0	0
0	160
3	161
2	150
0	18
0	0
3	8
2	7
2	7
0	5
142	0
2	0
1	0
0	7
0	5
0	0
0	4
0	2
0	2
0	564
485	0
5	1208
475	1208
1	264
2	4
0	4
1	4
1	2024
2	1753
0	967
7	83
17	124
5	142
0	222
12	2
0	438
10	380
0	53
0	143
7	163
1	134
6	78
0	288
0	252
0	159
3	577
0	564
1	107
0	25
0	564
11	231
0	235
0	34
0	167
0	24
0	24
3	38
2	38
0	39
0	43
0	40
0	41
0	23
0	14
0	7
0	18
0	17
0	6
0	9
0	10
0	8
0	2
0	1
0	0
0	1
3	0
0	4
0	453
0	1
0	0
0	2
0	0
0	6
5	6
0	5
0	3
0	6
0	2
0	7
0	9
0	24
2	15
0	24
0	3
0	3
0	0
0	8
0	3
0	443
0	1
0	0
0	0
0	2
0	10
0	0
0	141
0	17
0	17
0	0
0	114
0	71
0	0
28	21
0	11
0	6
6	22
2	13
7	21
3	16
0	4
0	453
0	0
0	0
0	2
0	2
0	7
0	3
0	2
0	22
0	11
0	7
0	24
0	24
0	10
0	453
0	0
0	0
0	141
0	124
40	15
0	1
0	3
0	3
0	0
0	5
0	5
0	3
430	317
0	7
0	2
0	1
0	1
0	1
0	1
0	1
0	2
3	155
3	155
0	155
0	44
3	0
1	14
0	7
1	372
10	368
1	12
45	386
0	384
0	29
0	365
0	0
0	0
0	0
0	0
6	0
12455	3720
21	746
24	123
41	207
0	914
6	268
7	255
5	10
1	39
0	37
0	36
2	69
2	24
2	13
0	0
0	430
77	639
7	609
1	53
19	52
35	1334
5	524
3	386
0	855
0	851
2	411
0	486
3	208
0	146
8	255
10	129
17	1432
0	1434
3	1453
10	1372
0	1432
0	1351
0	225
2	103
1	61
0	39
2	1
0	2
1	2
10	135
455	3839
0	3745
0	265
97	562
34	2700
0	2773
0	2774
0	337
0	0
1	233
0	0
62	2088
3	5
42	782
17	278
0	178
13	314
0	4
0	31
0	0
0	30
1	3
2	408
0	7
0	109
3	7
0	1
0	19
0	15
16	231
1	5
1	403
0	51
0	36
0	10
0	325
0	391
0	26
0	66
1	5
0	2
0	2
0	1
0	1
0	0
0	0
161	871
1	806
0	37
0	132
2	122
0	67
0	83
0	81
0	85
2	74
2	3
0	5
2	18
1	24
0	14
1	0
1	0
306	68186
0	68186
115	22
137	358
3	105
4	370
2	174
1	238
0	162
17	330
7	250
0	171
0	203
0	86
0	66
0	43
0	89
0	17
7	11
77	11
241	908
0	897
0	266
0	57
1	71
1	14
0	14
34	8437
0	8152
236	9752
5	5271
2	535
43	1820
9481	2114
2	141
1	571
1	36
19	1366
0	1217
1	226
42	34
344	990
2	837
2	245
7	345
0	171
2	184
10	265
0	336
23	348
0	285
1	47
0	69
0	79
1133	508
6	466
1	119
0	422
3	4
8	115
5	67
0	0
0	0
0	0
0	0
15	271
0	263
5	144
0	0
0	29
0	148
0	42
0	44
1	20
0	9
0	1
0	5
0	4
3	274
2	279
2	151
2	130
23	425
1	280
17	100
0	1
9	1
2	1187
0	138
0	122
0	138
2	146
1	23
0	12
0	1
0	21
0	9
0	0
0	0
0	0
0	0
0	0
9	0
19	0
0	0
0	0
0	0
0	0
0	1
0	0
0	0
0	0
0	0
0	0
0	0
0	0
0	0
3	168
9	168
0	0
0	4
78	340
0	340
2	0
0	4322
2	3347
0	4322
0	3395
2	3397
39	3848
1932	7955
4	4545
2	7544
5	6818
0	6035
10	1150
12	2891
0	1284
16	2440
0	1566
9	769
0	1181
0	765
9	760
0	0
49	0
23	8
0	3
17	1959
2	2010
0	1969
0	518
3	403
7	244
0	244
11	9
0	219
5	202
10	229
81	128
2	101
0	81
3	107
5	19
2	5
0	0
964	187
0	155
1	77
1	98
0	0
0	0
0	0
17	5
0	2
0	4
0	5
0	2
0	2
0	4
0	3
0	2
0	3
0	3
0	1
0	4
0	1
0	3
0	0
0	0
0	0
1	0
0	0
0	0
0	0
0	0
0	0
0	1
0	7
34	932
0	630
4	134
0	491
69	618
0	0
0	162
204	470
1	96
0	0
0	0
0	0
187	206
0	31
0	137
0	152
0	132
0	89
3	604
0	613
43	338
0	61
9	15
0	15
37	303
0	279
3	205
0	43
0	229
1	10
1	105
104	186
0	186
0	19
342	781
3	677
39	778
2	419
0	0
0	6
0	57
0	57
0	0
95	213
4	98
2	53
0	15
0	163
0	127
0	11
148	392
0	122
0	138
4	298
0	0
717	757
4	123
33	663
0	470
0	2917
0	2917
0	5
0	754
0	558
0	549
42	0
6	581
214	647
1	284
1	238
3	135
0	12
0	0
0	0
4	86
0	19
0	15
0	11
0	0
0	19
0	15
0	0
0	0
0	0
3	0
0	0
2726	370
1	370
8	0
0	0
0	277
8	254
0	277
3	5
120	174
0	0
1	3
0	3
0	0
17	2072
23	2075
0	8
1	198
2	231
63	28
0	10
2	21
0	0
0	7
384	1098
5	1082
0	0
19	342
7	18
16	124
1	87
12	37
5	2
1681	436
3	195
7	0
1	436
11	112
1	128
7	285
3	195
0	12
0	16
0	0
0	0
0	13
0	0
0	0
3	131
0	128
11	137
1	1
0	1
0	0
827	3
4772	3427
111	1742
2	838
0	2358
7	152
0	172
10	0
36	303
0	233
29	279
0	70
0	0
4	5993
0	5993
7	6115
0	396
13	111
5	1792
30	0
1028	168
34	168
18	9
0	5
0	2
0	4
0	0
1	84
0	70
0	77
8	3
5	2
0	0
1	0
481	2642
0	2642
29	10
0	0
0	0
0	1299
48	1300
0	15
0	104
0	78
0	41
5	435
0	101
0	246
1166	1248
0	1269
0	1
0	707
5	686
2	18
0	46
468	132
1	86
1157	1474
1	1474
7	967
9	218
0	0
0	0
0	0
0	0
0	0
1	110
1	6
3	104
0	14
4	344
22	181
628	710
0	583
1448	339
2	318
0	0
0	0
11	21
26	50
0	8
233	278
15	21
3	241
1	4572
0	48
0	621
32	778
3	734
6	35
6	82
17	43
0	245
9	206
4	245
1	5
0	157
260	722
0	583
43	687
0	199
45	0
0	0
0	0
0	0
0	0
0	0
0	0
0	0
3	0
0	0
0	0
0	0
0	0
0	80
0	65
0	73
0	58
0	0
0	0
2	683
94	699
40	46
8	1
0	0
0	3
0	3
1300	0
0	146
4	146
1884	311
0	209
5	121
696	122
88	122
1	18
2	418
0	1398
0	2677
4	2660
0	310
62	569
56	635
21	357
6	134
26	10
0	29
1	29
0	0
1	0
0	0
0	14
0	6
0	0
0	3
0	0
0	0
0	134
0	0
0	0
0	0
0	639
0	0
0	0
0	0
0	0
0	0
1	0
10	0
74	3005
0	3013
0	272
0	287
0	975
0	0
0	1
0	0
0	0
0	0
1	0
0	0
0	0
0	0
0	0
0	0
0	0
0	0
0	0
0	0
0	0
0	0
0	0
0	0
0	0
0	0
0	0
0	0
0	0
0	0
0	0
0	0
0	0
366	620
7	620
3	231
4155	231
3	231
0	0
0	0
0	0
69	147
0	58
0	89
0	28
0	0
0	0
10	4329
77	5753
1	130
6625	5549
12	5519
24	3899
0	0
4	71
0	702
48	41
1	24
0	167
0	166
1	46
0	693
12	0
3	1119
5	477
0	244
2	1096
0	578
0	0
1	0
0	0
254	151
0	31
4	77
0	78
0	0
0	7
0	0
0	0
0	0
1	2
0	3
0	0
0	0
0	0
0	0
0	0
0	0
0	0
0	9
212	214
0	207
0	204
0	0
0	0
0	0
0	0
0	11
0	0
0	0
3704	2203
65	688
7	387
2	1580
0	0
0	3
0	0
0	0
0	0
0	0
7739	1521
7	882
5	906
33	0
7	0
0	0
0	0
0	0
0	0
0	0
0	0
0	0
0	0
1095	649
0	295
5	454
2	76
0	0
1	133
2	61
24	27
4	376
2	373
1	13
459	627
0	111
5	29
26	224
0	488
0	92
0	174
1	179
0	10
2356	897
0	558
1	767
9	828
63	824
0	0
0	0
0	0
0	0
11	10
0	10
1	3538
0	0
4771	4304
14	776
5	1416
2	961
59	301
2	0
2741	488
9	101
33	385
55	121
8	46
0	24
2	0
0	0
0	0
0	0
0	6576
1	2
1	140
0	0
0	160
0	2727
0	111
6	107
11	2206
0	36
0	9
3	2693
0	0
0	0
19	366
25	616
0	229
0	2685
0	2703
0	2665
0	2687
0	2669
0	0
1674	0
18464	20
0	0
0	0
0	0
0	0
3472	423
33	432
5	374
13	234
0	153
0	162
0	157
0	157
0	158
0	158
1	157
1	25
0	1287
1	1381
42	1382
0	1378
0	1377
0	0
32	0
2	117
6	106
2	60
0	0
0	0
0	0
10	3
0	3
1122	3822
0	261
0	3557
14	161
28	932
67	2073
10	315
15	377
6	1207
1	852
7	512
0	0
8	0
1983	2
0	22
1	171
114	304
1	308
1	311
0	363
39	337
1	336
4	18
15	18
0	0
0	0
3	52
2881	469
12	250
6	158
33	103
7	0
1	121
30	398
0	385
7	41
14	45
1	0
241	13413
12	13261
1	6853
0	5607
3	5289
15	5401
3	1533
13	742
1	2610
0	817
1	656
9	393
15	279
0	0
1	0
44	844
0	844
0	97
295	293
63	218
0	27
0	90
388	447
17	417
0	44
86	27
24	18
320	152
0	16
8	11
0	146
1	37
0	0
0	0
0	0
0	0
0	0
0	0
0	0
0	0
0	0
0	0
0	0
0	0
0	0
0	0
0	0
0	0
0	0
0	0
0	0
0	0
0	0
0	0
0	0
0	0
0	0
0	0
0	0
0	0
0	0
0	0
0	0
0	0
0	0
0	0
0	0
0	0
0	0
0	0
0	0
0	0
0	0
0	0
0	0
0	0
0	0
0	0
0	0
0	0
0	0
0	0
0	0
0	0
0	0
0	0
0	0
0	0
0	0
0	0
0	0
0	0
0	0
0	0
0	0
0	0
0	0
0	0
0	0
0	0
0	0
0	0
0	0
0	0
10	0
0	0
0	0
0	0
0	0
0	0
0	0
0	0
0	0
0	0
0	0
0	0
0	0
114	707
6	706
7	566
0	566
2	533
0	501
4	1
0	130
0	0
304	179
0	177
0	1276
0	1781
90	1207
35	973
17	800
11	826
61	140
416	3210
145	628
23	3210
0	628
8	419
82	133
1250	99
13	99
1	162
3	162
0	55
11	74
41	91
0	14
0	100
0	87
3	0
2	11
1	25
0	2
73	4580
1487	4580
5	643
302	3
0	3
15	966
3	1014
36	1056
48	835
6	810
1	36
16	0
0	499
14	280
0	34
3	1084
0	422
0	91
0	53
0	0
20	366
0	955
5	273
4	56
12	230
11	924
6	108
24	483
0	61
27	416
1	0
0	0
0	0
0	0
0	0
0	0
17	101
666	313
6	254
0	0
4	1
0	1
34	796
197	570
11	807
0	261
0	126
23	148
18	132
45	340
2	209
0	0
2	164
10	166
0	70
0	0
0	0
2	0
0	0
423	14
1	14
0	0
0	115
0	116
0	152
0	209
3	206
0	198
0	208
0	121
0	122
0	114
0	2
2	1
11	112
19	7
1	10
5	30
1	23
3690	245
27	952
4	1
1	151
0	158
0	952
0	0
0	0
0	2
0	2
0	0
0	0
0	0
0	0
0	0
94	138
0	138
15	0
2	69
0	11283
23	11248
455	11283
2	0
0	0
2	0
10	4303
0	0
0	0
0	0
0	0
4	0
0	0
802	0
0	28
7	28
7	708
3	706
0	100
0	138
0	0
0	0
0	0
1175	334
0	128
3	80
1	210
0	0
0	0
0	0
2	460
0	0
0	0
0	0
0	0
9	1
0	1
0	0
0	0
0	0
1	3
2	4
15	402
0	93
1	1
377	1411
9	1409
11	256
2	39
6	2009
2	1755
3	5
0	0
1089	117
3	117
0	0
0	0
0	0
1	16
0	0
0	0
0	0
0	0
38	1469
0	1504
14	1377
40	1054
8	1023
7	173
12	60
200	667
0	240
113	558
0	0
133	0
0	0
0	13
0	13
0	0
0	0
0	0
0	0
0	0
0	0
0	0
0	0
2	0
0	0
0	0
0	0
0	0
0	0
0	0
0	0
3	3833
4	3842
307	1920
13	0
1	0
0	0
0	0
0	0
0	0
0	0
0	0
0	0
0	0
0	0
0	0
0	0
0	20
2	24
0	3
0	7
1	43
0	1093
2	0
52	1093
3	317
0	57
2	10
0	29
0	0
0	0
0	0
0	0
0	0
0	0
1	0
501	0
0	0
0	0
0	0
0	0
0	0
15	2969
2	2250
0	1751
0	1573
0	1582
1	1586
0	1630
52	2249
0	1672
1	208
48	569
6	209
0	149
6	15
7	223
0	190
0	0
1	0
0	0
0	0
0	0
0	0
0	0
0	0
1	2
0	0
0	0
0	0
0	0
0	0
0	0
0	0
1	0
0	0
0	0
0	0
0	0
0	0
0	1351
0	0
0	3
0	0
0	0
0	0
0	0
0	1
0	1
0	0
3189	8
0	0
0	693
6	676
0	699
1	87
0	183
4	572
3	5
0	47
1	27
1	28
0	1
9	49
0	15
0	18
0	0
9	56
8	24
0	0
0	0
0	0
0	0
0	0
0	0
0	0
0	0
1	0
0	0
0	4076
4	4065
26	4014
0	1105
4	1105
1	1077
36	784
44	687
7	598
0	0
187	492
0	164
0	50
40	0
0	0
0	0
0	0
1633	1264
0	1110
0	471
7	100
68	119
1	53
0	0
0	76
0	73
0	80
0	0
0	2
0	0
0	6
0	35
0	0
0	0
2	3
1384	840
10	269
8	571
0	207
0	197
8	185
1	123
0	0
0	0
0	0
0	453
135	620
9	289
8	489
0	634
29	620
0	54
0	21
578	902
2	75
0	73
12	949
20	951
71	85
142	23
1	207
0	0
0	10
0	194
0	200
0	48
2	183
0	0
0	30
3	0
1	11
0	0
1	0
0	0
0	0
2	41
0	0
3	205
0	214
1	196
0	32
0	178
0	12
0	27
0	3
0	3
0	48
0	50
0	31
0	10
0	5
0	4
8	27
0	26
0	16
0	1
0	9
1	2
2	0
0	14
0	0
0	0
0	154
0	16
0	154
1	0
0	2
0	38
0	0
12	114
112	114
0	76
4	50
0	0
0	59
1	1
0	1
0	0
0	0
0	2
0	158
0	32
0	151
0	16
2	28
0	0
0	13
0	4
1	124
0	0
0	19
0	19
0	2
0	2
0	0
0	0
1156	0
580	283
6	283
1	0
0	34
0	16
21	2
4	487
840	2019
0	566
15	550
0	620
4	842
0	842
20	264
34	6181
803	8197
2	7066
1	301
1	0
3171	16556
51	13581
11	8621
6	5143
0	191
0	181
0	107
128	86
0	7
0	7
0	0
0	0
0	0
0	0
0	0
0	0
0	0
0	0
0	0
0	0
595	1944
0	787
0	471
0	181
2	725
113	576
198	844
1	374
4	0
0	0
8	2
116	1760
6	359
9	1724
0	0
2	77
1	0
0	52
2	95
62	671
3	124
0	91
3	278
502	362
0	362
1	0
0	0
0	0
0	0
0	0
0	37
0	0
0	0
0	0
0	0
0	0
0	0
0	0
0	0
0	0
1	0
0	0
0	0
0	0
1	0
4992	14
6	0
0	0
5	0
0	0
0	0
0	0
0	0
0	0
1	0
0	0
0	0
0	0
0	0
0	1
0	0
0	0
0	1
0	0
0	0
0	0
0	0
0	1
0	0
1	2
0	1
0	1
0	0
0	0
0	0
0	0
0	0
0	0
0	0
0	0
0	0
201	0
0	0
0	0
3	5
0	5
2	0
4	0
842	9
0	0
1	9
0	0
0	0
0	1
0	1
10	27
10	27
858	0
1	0
0	0
3	0
0	0
0	0
4	0
0	0
0	0
0	0
0	0
0	0
0	0
0	0
0	2
0	0
0	3
0	0
0	70
0	70
0	63
0	62
0	62
0	62
7	10
0	36
0	36
2	36
8	32
0	14
0	4
0	0
0	0
0	0
0	0
0	0
0	0
0	0
0	0
20	77
0	6659
0	0
0	0
0	0
0	53
0	0
0	0
0	0
0	0
0	0
0	2
67	0
0	0
0	0
0	0
0	0
0	0
0	0
0	0
0	0
0	0
0	0
0	0
6	1
0	1
0	0
0	0
285	52
50	52
292	1274
488	2447
4	505
2	418
24	801
10	200
0	463
2	226
107	291
18	1670
69	1670
0	0
0	65
1	413
0	442
6	408
1	14
0	0
2	0
3	110
226	1804
0	1400
0	94
61	397
2	148
0	122
0	59
7	28
23	16
0	0
0	0
0	5
6834	4
10	0
13	3
2	3
0	0
4	0
2	0
0	0
1	3
1	4
1	3
3	0
1	0
0	0
5	0
2581	6
3	0
0	0
0	425
15	271
11	264
0	3
0	0
0	221
0	6
0	3
0	44
0	174
0	291
0	75
1	107
0	9
0	139
4	11
3	182
0	51
0	61
10	0
7	0
359	9577
80	3967
32	1273
0	4326
0	1081
7	390
0	575
2	397
9	225
31	49
24	4838
0	0
0	0
1	3
0	3
0	1
0	0
0	0
0	0
0	0
0	0
0	0
0	0
0	0
0	0
0	0
1	0
1836	0
26	38
8	38
0	0
0	0
0	0
0	0
6	26
0	0
0	0
0	0
0	0
0	0
0	0
0	0
0	0
0	0
0	0
3	0
14	373
1	2350
5	2238
3	2221
0	2195
2	1990
0	293
29	216
0	0
0	0
0	0
0	0
0	0
0	0
0	1
0	1
0	0
1	144
0	288
0	347
79	362
0	165
0	0
0	27
0	4506
0	4626
15	1954
15	3100
1	1229
1	447
5	70
11	809
0	2994
34	325
11	296
3	1734
24	1057
0	1
0	0
15	0
0	1
0	1
0	1
0	0
0	0
32	1
0	1
0	0
0	0
0	0
0	0
13	2376
37	2376
6	32
4	209
36	4014
1	796
0	3959
0	2748
0	3966
0	3807
0	62
58	113
0	331
0	54
1	335
4	22
0	202
0	197
110	1
0	117
1	213
0	0
0	0
0	0
40	20
11	3
1	0
0	0
36	387
9	387
3	72
36	0
7	0
0	0
0	0
0	0
0	0
0	0
0	0
0	0
0	0
0	0
23	0
0	0
0	0
78	67
43	373
221	383
0	66
3	139
4	82
1	21
8	143
4	137
3	84
14	14
2	2
0	143
0	2
0	20
0	130
0	18
0	42
0	142
0	0
268	1482
4	1482
0	0
334	0
6	0
0	0
0	2
0	2
1	0
0	4
0	0
251	1395
0	1314
0	46
1	80
0	0
0	0
0	0
0	0
1	27
48	27
0	14
0	0
5018	954
6	60
0	575
35	278
1	428
4	266
0	0
0	74
1	54
0	0
0	0
0	0
0	0
0	0
19	0
0	0
2	0
0	0
0	0
0	0
0	0
0	325
0	325
0	325
0	30
0	11
0	47
0	29
2	44
1	187
0	186
0	16
0	186
0	2
1	185
0	184
0	0
348	2029
2	2029
0	261
122	261
6	261
0	1
3	55
1	71
0	13
0	0
0	0
3	28
0	0
0	0
0	0
0	0
0	0
0	0
0	0
0	0
0	0
6	28
0	436
0	3
2	7
2	10
192	438
0	7
0	375
0	1
1	0
54	426
0	370
4	410
10	236
0	0
1	8
8	8
0	59
0	11
0	59
0	10
1	10
0	60
0	6
4	10
6	59
2	27
0	1
0	0
0	10
0	0
0	0
0	4
0	8
0	8
0	8
1	6
0	6
0	0
0	0
488	354
10	354
0	43
0	72
0	78
0	72
2	79
10	44
0	0
3	2
0	0
1	20
0	2257
2	5
1	328
1	1
99	22
9	3
0	2257
1	2229
0	6
1	2288
96	321
59	358
3	862
40	437
18	555
27	555
71	47
6	39
1	16
8	0
0	1
0	1
0	0
0	0
639	154
0	110
2	44
0	0
0	0
0	0
0	0
0	0
90	22269
0	0
0	0
1	0
2	2
0	0
0	0
0	2
0	7
18	7
0	1
0	1
0	1
0	2
0	2
0	0
0	0
0	1
0	1
0	1
0	0
0	97
0	97
0	0
2915	2
1322	0
2	2
0	0
2	7
0	2
0	0
0	0
0	0
0	0
0	0
0	0
0	0
0	0
0	0
0	0
1	4325
58	573
2	4396
5	9
3212	0
0	0
0	0
0	0
0	0
0	0
1	0
0	0
0	0
0	0
0	0
5	0
7904	10
2	0
0	0
0	0
0	0
0	0
1095	35
17	35
4	23
11	239
0	10
1	229
8	1086
1	1011
0	346
0	351
20	123
5	24
0	226
0	80
8	122
12	9
5	4
0	5
0	6
0	0
0	1
0	1
6	0
995	1232
23	1213
0	1083
0	28
0	82
3	70
0	56
0	0
0	0
0	208
721	1566
0	506
60	1478
0	1255
32	191
0	1215
0	111
0	303
10	1161
5	1379
0	143
0	0
13	51
16	9
0	654
28	23
7	377
117	713
84	216
0	298
0	448
22	80
27	56
0	232
0	20
0	58
13	251
4	24
1	218
2	226
0	113
0	39
0	7
0	0
0	0
0	0
354	326
0	202
0	63
6	233
0	227
0	187
1	13
4	7
0	3
5	6163
0	1097
0	3353
13	2538
0	2970
1	4728
5	0
276	1055
3	829
1	173
0	91
0	226
1	141
15	10
7	183
9	192
0	43
2	0
257	267
0	196
0	124
1	116
1	112
0	49
0	68
0	49
31	1723
84	321
10	910
0	798
3	38
1	0
0	458
0	345
8	32
1	1
74	499
7	330
0	0
14	1397
0	768
0	1334
0	88
0	83
2	170
0	0
0	0
0	0
0	6
0	6
0	1
0	1
0	0
0	0
0	0
0	0
0	0
0	0
0	0
0	0
0	0
2	1
0	0
1	0
1	0
0	0
0	487
241	482
0	317
0	351
0	69
0	304
0	493
0	288
0	291
0	345
19	299
0	57
0	287
0	2
0	2
0	2
0	0
0	312
0	0
0	0
16	3
25	30
0	434
1	17
0	31
17	4
0	136
0	56
0	34
486	385
0	385
27	554
0	198
0	330
0	371
0	246
0	265
102	287
0	487
2	49
0	267
1	232
0	263
2	134
0	114
622	1020
2	572
0	460
1	383
0	257
0	76
0	0
0	34
0	34
0	17
1	528
1	228
0	513
5	512
12	494
1	67
3	51
0	12
0	0
595	4535
3	1705
1	1744
0	2652
0	1752
3	575
0	0
3	664
1	598
0	238
0	711
49	486
0	594
5	623
1	363
0	123
3	34
0	537
0	38
0	324
2	163
5	172
1	136
0	5
0	5
0	5
3769	3
3	1
0	0
0	0
248	164
0	92
0	137
0	18
0	33
0	0
86	7
0	7
0	0
0	50
27	1669
11	1646
0	0
3	1131
0	0
0	0
8	0
0	0
10	14
0	0
0	63
0	36
2	9
1	49
23	124
0	83
57	224
695	568
29	564
0	23
0	64
311	87
0	0
13	0
2	25
174	1557
14	0
2	171
9	1464
8	101
0	128
37	1063
9	14
1	19
3	108
45	0
0	1252
18	1324
0	497
6	0
0	0
452	1177
24	659
4	637
7	543
13	195
7	19
949	149
13	149
611	0
7	0
26	98
0	80
0	96
0	0
0	18
0	0
0	0
0	3282
0	3055
17	3155
39	873
0	0
2	154
1	337
34	62
2	1511
0	196
2	172
2	8
17	166
7	2265
0	2261
0	2196
1	2297
0	2289
0	2394
0	367
0	2050
2	1916
4	185
19	77
1	336
1	481
0	263
38	3
0	130
1	86
1	34
0	0
2	29
0	0
1	0
0	0
0	0
0	0
323	2063
1	1652
2	50
5	1550
0	1189
6	8
5	79
7	1471
25	490
12	387
0	47
0	0
2	28
70	28
2	652
604	3400
59	576
24	429
1	796
0	3296
8	85
2	475
645	2234
0	2242
0	658
0	0
0	0
0	0
0	0
0	0
1	3
0	3
0	0
0	0
11	179
295	179
2011	562
0	0
0	0
4	562
0	0
0	0
26	0
0	93
0	88
0	93
0	88
0	90
0	90
0	83
0	19
0	7
0	7
0	6
3	3
0	0
0	0
0	0
0	0
0	0
0	0
0	0
0	2
0	0
0	0
0	23
0	0
14	138
0	14
10	131
1	5
0	0
1	40
2	50
0	0
0	0
0	627
0	60
6	360
12	118
5	61
0	42
1	135
1	73
3	543
0	188
0	469
2	47
0	0
1	8
0	597
3	0
3	299
0	194
0	255
2	169
1	34
0	32
1	12
6	8
0	0
0	0
0	0
0	0
0	0
0	0
0	0
0	0
0	0
0	0
0	0
0	0
0	0
0	0
0	0
0	2
0	2
0	2
0	2
0	0
0	0
0	7
0	7
0	0
0	0
0	0
0	0
0	0
0	0
0	0
0	0
0	0
0	0
0	0
0	0
0	0
0	0
0	0
0	0
3	463
0	31
0	0
0	0
0	0
0	0
0	0
0	0
0	0
0	0
0	0
0	0
0	0
0	0
98	0
6	0
2	0
3	0
0	0
0	0
340	0
115	48
35	48
0	0
8443	3275
0	3271
2	28
3	566
0	0
3	673
0	242
0	647
0	46
1	63
0	20
6	49
0	2
0	49
0	39
0	706
1	660
14	691
0	706
2	141
0	529
1	0
1	528
7	5
0	5
0	0
0	0
0	0
0	0
0	0
0	0
0	0
0	0
0	0
0	0
0	0
0	0
0	0
0	0
0	0
0	0
0	0
0	0
0	0
0	0
0	0
0	0
0	0
0	0
0	0
0	29
11	32
0	16
0	4
0	0
0	0
186	991
47	478
7	903
27	425
878	909
3	543
5	58
9	0
0	79
0	495
0	487
33	441
2	200
0	218
7	27
305	67
1	67
0	28
0	407
0	336
0	30
21	128
1	8
0	394
0	75
0	50
1	10
4	49
1	256
6	100
4	0
9	19
0	0
0	0
0	0
0	0
0	0
0	0
0	0
0	0
4	345
21	587
3	670
29	475
2	81
0	34
0	298
0	41
46	380
1	311
3	194
5	8
2	9
0	13
28	1874
21	3082
1816	3103
8	2726
4	116
33	362
1582	380
6	38
1	67
0	142
1	17
0	197
177	109
0	318
14	302
0	52
0	0
3	31
10	0
172	14
4	1021
8	970
0	14
0	1186
0	1202
0	1108
4	895
0	27
4	198
19	25
2	73
22	81
13051	12313
67	12313
63	10475
0	0
0	821
3	0
0	42
38	249
1743	1254
0	1064
0	3115
2	3038
0	3329
0	3509
0	3424
0	3530
10	135
8	241
1	45
8	522
1	433
1	366
6	308
0	275
1	219
7	53
0	333
0	0
6	254
0	254
56	163
2	0
1	22
0	150
875	3492
1	3488
22	165
8	489
30	0
2	82
4	84
3	2
6	56
13	7
224	1491
1	1232
103	1313
23	521
4	230
26	439
24	25
0	118
2017	9918
7	1942
100	8858
0	4418
0	0
6043	9662
18	880
1	6531
4	4429
4	8898
0	6661
337	33
2	33
2	114
0	106
2	21
0	61
0	42
0	17
7	64
0	117
0	24
2	96
0	124
0	24
1	60
0	25
121	665
16	200
0	0
0	600
1	65
0	288
250	433
0	64
4	165
0	257
0	148
3	136
1	76
1	74
0	9
1	68
2	51
0	50
1	22
1	19
134	0
1	0
0	0
0	0
2	0
248	0
0	0
3	0
0	0
0	0
25	865
2	200
0	302
6	144
0	100
5	408
0	250
0	0
0	110
0	95
2048	183
10	96
0	0
0	87
0	0
1	406
46	306
0	304
0	0
0	68
4	55
23	116
0	55
4	76
0	76
0	6
0	11
2	3
2	14
87	197
4	184
10	140
0	24
2	22
18	12
0	5
2	3
0	1
0	1
0	3
0	3
6	503
2	553
0	494
0	0
0	0
2724	16254
3	7188
0	0
5	2610
71	3072
0	7312
0	0
0	4348
0	2
0	0
0	0
148	894
0	769
3	18
4	103
0	141
10	190
2	55
0	18
22	1
7	0
0	0
0	1
0	2
2	1
0	0
13	94
0	80
0	94
0	1
0	94
4	94
0	1188
0	1201
11	1270
0	889
0	865
14	111
11	32
9	249
6	102
73	109
1	77
0	2
0	0
0	0
0	1
0	0
0	0
0	0
0	0
154	652
30	173
26	530
0	0
15	82
2	66
8	307
22	465
41	465
3	407
6	26
0	15
1	19
56	0
0	0
0	0
9	488
3	0
0	0
0	799
0	0
11	820
0	0
9	577
0	492
0	102
0	245
2	245
0	543
0	77
1	13
4	13
1	0
0	9
0	13
9	166
0	10
0	6
0	1
0	0
0	3
0	168
0	170
1	139
0	0
0	44
0	12
1	16
1	0
317	1661
0	1108
0	1444
3	625
14	227
18	445
6	540
7	89
51	118
0	271
3	239
0	250
10	31
1	63
499	132
8	14
0	15
0	1
0	52
16	17
0	19
0	2
0	0
132	2150
4	2165
10	1952
18	544
0	432
1	0
43	2724
1	2696
2	2683
11	1860
13	11
13	197
0	0
1954	8572
19	3416
101	5954
0	6313
15	133
0	0
20	362
0	1526
0	155
34	6
15	154
0	155
10	90
1318	657
0	608
0	26
3	5
9	68
5	49
16	865
46	687
0	136
0	680
4	382
0	970
3	301
36	91
10	144
4	422
26	1505
8	1309
5	1163
9	1
3	175
14	63
19	971
1200	922
0	654
10	339
0	0
0	0
0	0
0	0
0	0
0	0
2	328
14	338
0	198
0	0
0	0
3	268
388	268
194	106
37	106
7	76
2	70
0	0
0	2
0	2
455	968
13	258
2	119
0	529
0	759
0	0
0	0
0	0
0	0
0	0
0	0
0	0
0	0
0	0
0	0
0	0
0	0
0	0
0	0
0	0
0	0
0	0
0	0
0	0
0	0
0	0
0	0
0	0
0	0
0	0
0	0
0	0
0	0
0	0
0	0
0	0
0	0
0	0
0	0
0	0
0	0
0	0
1	112
0	0
1	0
0	0
0	0
0	0
0	0
0	0
0	0
0	0
384	2158
2	267
0	209
0	139
0	2115
0	0
0	0
1	0
10	181
8	181
0	181
0	0
0	6
0	6
0	6
0	3
0	1
0	1
0	1
0	1
0	0
0	0
29	373
4	301
4	317
0	6
6	289
0	3
0	3
610	301
0	0
0	87
0	83
6	304
0	288
0	188
0	268
1	227
0	7
0	278
0	52
0	20
0	23
0	48
0	40
0	0
0	0
0	0
4963	10418
44	8961
26	4799
25	104
10	2264
15	1105
2	1224
0	0
26	427
0	311
42	523
7	314
61	401
2	274
0	22
0	13
0	12
0	12
0	18
0	22
1	0
0	10
5	67
0	10
1	10
0	9
0	9
0	8
0	10
0	10
0	0
0	0
0	0
0	0
0	0
0	0
0	0
0	0
0	0
0	0
7	0
0	7
0	7
0	0
2	2
6	377
0	265
68	377
2	3
0	3
2	0
34	1
1	1
0	0
0	0
2	0
0	4
0	0
19	3
0	2
8	1
8	0
0	9
41	1221
0	196
14	1221
48	210
0	149
33	24
1	15
0	79
0	0
7	29
10966	2
1	223
57	223
0	0
1	51
14	0
0	8
0	6
4	10
1	60
45	74
0	0
0	0
0	70
43	0
16	0
0	0
39	20
1	760
5	18
45	5
9	10
0	526
0	521
0	385
17	547
0	54
17	544
0	198
7	38
3	40
9	0
1375	128
6	5
1	131
0	0
0	0
18	0
0	0
272	0
96	12
0	12
5	1217
1	1265
0	1217
6	343
0	607
1	201
1	65
0	232
0	88
0	0
0	0
0	0
1	42
0	1
1	2
0	35
0	35
0	5
0	0
0	0
2	112
13	431
0	436
0	152
28	40
0	40
2	14
0	1
629	212
0	212
0	0
74	24
0	4
0	20
1580	285
39	183
0	0
1	102
0	0
0	0
0	0
0	0
0	0
0	0
10	1923
81	1955
0	17
101	32
0	0
18	0
0	0
0	0
0	0
0	0
0	0
0	0
0	0
0	0
0	0
3	97
0	41
0	0
0	0
0	41
0	0
0	0
0	0
0	0
0	0
0	0
3	0
1	1329
8	289
7	1245
16	290
35	10225
31	10258
37	10290
12	792
19	1307
21	304
7	68
0	5
0	332
62	341
0	22
8	34
14	0
5	30
15	1013
46	1012
0	142
0	169
10	458
7	430
10	46
0	0
182	39
0	0
0	0
7	2
3	29
136	501
0	364
1	374
19	47
129	61
0	52
0	3
0	3
0	18
296	2
80	2
4	1
0	1
0	0
0	1
0	1
41	3428
0	3493
44	3231
3	3513
7	3146
242	0
186	0
0	561
50	603
0	0
4	113
8	113
7	2
0	2465
0	21629
0	1920
0	2666
30	17178
477	20087
0	19629
36	19625
0	19726
4	18941
0	21210
0	21462
131	1468
2561	1027
1	0
7	5419
69	5661
19	1713
0	0
23	923
15	91
0	0
0	0
3	0
0	0
0	0
2	2670
5	898
5	900
227	900
2	350
1881	389
3	150
14	281
130	173
0	698
0	53
0	635
38	14
0	0
6	0
4	0
12	0
0	0
297	239
17	153
0	35
3	3
5	189
0	2
69	1
78	1624
17	1585
0	0
0	60
1	287
2	179
4	0
0	0
0	0
0	0
0	0
0	0
0	0
0	0
0	0
0	0
0	0
0	0
0	0
1	0
345	395
126	395
0	0
0	155
0	95
59	170
905	434
4	335
6	0
8	99
0	0
0	0
0	0
47	973
2	40
0	973
0	30
0	0
1	44
0	74
2	29
4	104
0	1000
0	79
0	1000
24	92
7	0
0	0
23	164
0	246
0	240
0	235
13	247
0	223
332	281
23	132
0	196
8	0
0	0
0	0
0	0
0	0
398	452
4	452
1	316
4	169
38	138
0	126
2	25
29	33
2	55
77	241
0	246
0	17
0	52
0	0
20	3
0	3
6	146
0	0
663	579
2	311
2	72
7	71
15	154
2	0
698	111
1	111
14	0
194	250
16	211
8	201
0	52
0	119
0	114
7	64
10	7
503	131
3	131
0	0
50	0
0	650
0	0
0	0
0	1
0	1
0	0
0	1
2	71
1	6
0	71
0	13
533	300
17	300
4	8
26	86
0	86
4	17
1	2
0	22
33	224
0	229
0	52
3	1095
47	1091
0	22
0	4
6	164
0	59
2	0
5	331
37	314
11	305
2	688
0	579
93	666
0	661
2	309
266	6367
22	2033
3	501
23	148
25	580
51	3929
2	293
187	1781
0	142
25	351
1	79
1	137
26	118
43	157
0	40
24	10
1	10
22	6
0	0
13	1050
1	1307
1	1333
18	1294
1	23
1	163
1046	197
16	197
80	0
0	0
0	470
52	469
29	386
1	3
0	6
0	6
0	0
0	3
0	2
0	0
2	41
1090	205
0	32
15	47
0	21
0	74
0	2137
0	2183
0	2183
3	1084
10	510
5	37
5	26
1	15
0	47
297	4
3	4
0	0
1	0
393	447
0	80
12	161
0	0
1	95
2	132
0	36
0	81
0	1
0	178
6	178
0	128
803	1413
1	569
4	1282
0	0
438	779
0	779
3	755
0	102
6	209
0	2369
484	2573
0	2464
1	126
2	103
1	7
0	0
1	274
0	0
5	392
0	134
0	0
8	1362
118	1568
3	61
0	192
2	64
0	82
13	61
0	112
0	91
0	0
3451	2032
1	1565
30	1983
49	317
222	1140
62	474
0	81
45	113
25	50
45	30
5	0
14	358
0	311
0	213
0	294
0	185
0	0
0	25
0	5
1	545
0	484
96	142
0	26
2	30
9	37
0	0
1	236
18	160
0	0
0	4
0	4
1	3
0	1
497	0
0	0
0	0
62	0
0	780
92	780
0	67
11	67
126	0
0	0
0	0
0	0
0	0
0	0
0	0
0	0
0	0
0	0
0	1
0	1
0	3
0	0
0	0
0	0
0	0
0	1
0	0
0	1
2	218
25	275
3	182
37	22
0	9
0	6
155	9
1	9
0	0
0	1747
0	7
2	1
0	1747
6	5
6	1473
9	1757
2	455
0	55
4	400
2	2
1	216
0	1
2	1
9	246
0	246
0	38
2	2
0	0
0	0
5	77
167	77
0	41
2	77
0	80
0	0
1	45
0	23
0	36
13	7
0	303
61	1738
2064	1738
1	1127
4	0
0	1580
0	1411
0	941
0	1336
0	340
0	152
300	2009
14	1747
0	1746
2	232
0	3
0	3
0	3
0	3
0	1
0	1
0	1
0	1
0	0
0	0
158	0
0	656
0	569
0	515
0	420
0	55
0	65
28	154
0	192
2	194
15	216
3	0
17	249
0	15
0	10
596	1059
3	229
0	325
1	197
22	88
30	206
2	456
1	74
7	4499
12	4499
286	4499
1	299
5	289
0	4
2	4
0	0
15	79
7	79
3903	925
1	919
203	342
0	218
125	409
1	202
0	192
2	287
3	27
827	0
0	0
0	69
0	69
0	8
6	18
0	0
1757	450
2	37
0	77
59	188
0	68
0	164
0	21
0	205
0	0
0	0
0	0
0	0
4055	8
1181	1093
10	345
10	477
0	127
10	62
0	65
11	153
0	89
1	89
0	89
0	20
0	11
4	19
1	2
0	5
0	0
0	5
5	5
1601	2288
9	998
7	1662
2	197
44	56
19	432
8	1438
6	274
65	2258
0	216
16	729
2	293
3	638
0	176
17	573
0	2297
16	155
5	816
0	240
0	169
3	154
0	159
3	442
0	37
24	45
10	44
0	1
6	0
0	1
211	124
3	23
7	94
17	12
10	12
0	26
17	153
0	40
2	79
5	91
9	115
0	39
0	50
18	13
11	1
4	2813
29	2732
3	2824
0	768
0	605
2	585
1	89
1577	1327
0	1266
5	106
1	226
0	90
4	66
2	124
1	132
1	22
0	0
0	44
2	26
27	1970
14	11
1381	1959
32	430
0	0
0	0
1	647
2	10
325	12135
0	540
8	12178
0	1030
1	2533
12	0
0	0
19	215
0	0
0	0
0	0
0	0
0	0
0	0
0	0
1	0
0	36
0	34
0	31
0	34
0	27
0	30
0	29
0	4
0	5
0	0
0	0
0	1
0	4
1	1
0	2
0	1
4	1428
2	6
2	1135
3	851
1	22
11	1418
1	62
0	0
0	1194
0	131
0	42
2	43
5	191
21	1538
0	1538
0	9
0	9
0	9
0	4
1	1419
0	1894
5	569
0	1707
1	1696
1	676
11	325
17	271
2	202
0	0
0	0
7	3855
226	3858
0	2676
25	861
2	504
1	0
0	0
9	4
255	512
0	215
4	274
0	32
31	27
821	281
22	280
3	86
14	1
11	27
0	27
0	1
55	3362
11	3081
0	2777
51	481
3	334
0	2864
0	2819
0	0
8	0
0	0
0	0
0	0
441	119
1	10
0	0
0	61
0	61
2	110
0	0
0	0
216	801
0	33
0	3
0	31
0	31
0	131
0	18
0	7
0	306
1	0
0	0
0	0
0	0
0	0
0	0
0	0
0	0
0	0
0	0
57	174
1	6
0	162
0	153
2	69
0	12
4	0
0	9
113	909
3	341
4	30
6	301
4	176
2	467
6	515
12	183
1	277
1	219
51	1006
5	89
499	0
7	230
78	1026
84	25
0	25
3	0
3	0
5	53
87	53
3	1607
72	1697
0	1696
173	1785
0	2586
0	2965
0	2791
1	2722
1	2835
57	2964
0	2974
0	2968
0	3030
0	2488
0	1605
393	578
13	1380
0	1380
4	180
0	0
0	321
0	0
5	0
0	0
3	0
32	0
1	7
367	2454
7	453
1	295
17	2157
0	0
3	11
0	8
26	732
0	732
0	480
1	396
11	27
4	48
2	4
0	0
17	0
0	0
6	0
426	341
2	1
0	338
10	0
0	191
0	227
1	154
0	222
11	273
2	161
0	146
0	73
0	2
0	2
0	99
0	50
0	115
0	34
0	0
1	404
0	559
35	500
0	240
5	384
0	80
0	93
1	152
0	153
4	28
4	45
13	48
24	1210
13	1172
0	1197
2	130
0	98
15	22
4	3
13	15
1	40
9	0
2	165
21	632
1	117
3	101
1372	0
1434	482
4	1030
0	957
0	473
0	145
0	183
0	60
0	0
0	0
261	28
5	28
425	0
2	0
0	2452
573	3027
35	582
4	0
7	299
192	1659
11	1419
1	72
0	843
1	95
0	999
2	456
0	987
0	24
1	263
0	0
1	598
236	0
11	379
0	1430
0	1537
0	1689
0	1605
0	234
0	192
0	880
0	1233
9	131
0	1133
1	130
0	222
92	1
0	1
0	1
231	0
1	33
345	151
9	111
2	55
0	30
1	26
107	0
0	0
504	543
4	525
5	122
3	377
6	15
0	0
1815	321
18	321
11	0
489	603
22	603
0	92
0	0
0	1
20	91
0	91
0	91
1	32
1	896
1	893
0	1
15	10
0	211
0	34
9	74
0	881
8	853
9	0
2505	1197
1	118
6	4
0	0
0	37
0	1186
11	113
0	0
0	0
0	0
0	0
0	0
0	3
0	0
7	4
0	1
0	3
174	63
2	1
0	4
0	59
0	590
71	764
21	698
0	57
501	196
0	131
1	132
5	108
10	88
0	50
0	0
68	1094
1	1094
2	156
4	32
21	46
698	368
0	0
12	87
4	107
10	0
0	195
0	0
275	0
56	53
1	53
5	317
1	649
7	203
5	635
9	651
1363	825
0	48
1	769
0	0
1	0
135	23
0	23
105	340
4	260
1	142
4508	81
834	190
2	190
1	46
10	73
0	0
0	2
0	0
343	127
7	125
11	59
0	3941
8	3757
4	3155
106	873
0	0
7	27
34	109
0	0
0	0
5	7825
7	7415
7	7432
18	5846
1	4909
1	5145
10	1555
9	361
0	0
3	0
0	0
2	0
0	0
491	3365
0	2294
14	1926
5	1964
8	1550
0	942
2	952
0	936
3	935
0	896
6	1032
0	995
0	247
0	892
5	831
6	576
1	802
0	819
5	604
0	100
0	270
0	263
3	254
0	140
4	0
0	0
0	0
0	0
0	0
0	0
0	25
110	719
0	38
2	716
0	114
0	111
0	52
25	107
0	27
0	36
3	2
0	1
0	62
0	11
251	1
2	1
0	9
0	26
9	7
3	17
0	22
0	4
2	0
0	0
0	5
0	4
0	6
2	7
555	1699
2	1158
3	559
16	629
0	609
0	79
6	74
0	24
1	66
0	67
29	51
0	0
1	12
0	0
0	8
2	10
0	10
0	1
0	1
15	656
0	632
3	10
2	43
4	132
61	221
1	221
0	0
0	0
0	0
0	0
0	0
0	0
0	0
0	0
0	0
42	30
0	30
0	1166
14	1166
0	1186
1	157
0	63
33	60
0	0
0	0
0	0
0	0
3	0
2	769
2	1973
3	1917
37	1190
198	27
0	27
0	16
0	1075
0	227
1	31
1	0
477	1051
0	152
1	300
0	0
1243	3424
0	0
12	14
0	1289
1	2699
5	2491
0	0
8	164
1	40
0	55
0	43
25	164
0	11
112	0
18	1436
0	1460
0	1236
84	629
0	554
0	538
14	356
773	83
4	83
20	242
0	242
0	0
1	122
802	254
0	236
5	25
37	933
310	1807
1	792
10	325
28	96
0	1
0	1
1012	508
31	502
282	4854
81	2631
0	676
0	583
12	3707
5	1343
11	1
11	1028
877	329
25	145
7	289
0	0
45	13
0	0
1	13
1	3
0	0
0	0
0	0
7544	644
59	641
0	0
0	0
0	0
8	1979
3	1940
0	1434
11	1211
1	276
0	1231
2	52
19	48
19	86
0	199
16	154
2	363
21	604
0	126
16	210
1	106
0	106
1	106
0	96
0	46
0	9
0	3
1	16
0	0
5	0
5	142
1660	246
0	0
7	193
4	0
3	711
7	711
1219	1020
1	0
0	619
0	152
46	108
19	228
0	144
0	0
1	6
9	6
0	0
896	0
0	0
0	0
0	0
0	0
0	0
618	0
3	5
795	0
2	0
21	31
0	31
0	2
0	0
72	1967
27	1888
16	1368
423	1495
1	1425
7	247
8	360
0	389
4	257
7	70
2406	444
51	442
0	58
0	0
0	30
0	30
2933	2001
0	853
4	919
33	272
15	877
2	1043
15	499
4	280
0	567
13	94
6	5543
4	222
91	1826
44	175
8	5518
12	1667
41	2183
3	1306
2	1417
7	598
19	809
8	61
368	512
1	341
0	118
0	182
1	115
3	170
2	6
0	1
2750	0
0	0
5	0
0	0
0	1231
453	9634
13	1106
10	7977
2	7889
4	3847
19	4546
8	2479
4	2098
0	0
0	0
1840	1011
105	1009
8	2
1178	67
0	67
90	0
0	295
140	343
0	117
5	107
1	37
0	61
674	167
6	126
0	0
24	2299
15	2404
781	2622
5	2167
2	566
4	330
0	727
3	48
6	187
5	895
0	0
2	61
0	2
0	2
0	2
0	0
8	0
55	5919
21	5941
14	12
0	84
4	3120
0	5903
7	8
4	2788
135	2724
0	1912
10	191
12	130
7	263
11	571
0	531
0	819
3	3
0	0
0	0
0	0
0	0
1	0
418	3675
0	3621
6	2990
1	307
0	464
114	650
671	0
618	88
8	88
907	0
12	0
591	125
10	37
30	88
0	0
0	0
0	0
0	0
0	0
0	0
0	0
0	0
99	0
8322	3957
116	3950
0	0
54	0
2	27
0	0
0	0
0	0
2	0
0	0
77	8618
60	8618
2	22
0	0
1	363
0	0
0	0
0	0
2	226
51	2383
0	1048
56	2354
0	99
278	125
0	82
4	109
20	196
5	1147
1	130
10	32
3	334
0	113
4	34
6	76
2	83
0	433
1	10
0	246
0	260
1	2227
0	2362
0	275
40	0
69	2359
56	703
39	1085
4	56
4	26
1	26
0	637
71	16
0	0
0	16
0	8
0	6
0	3
0	0
0	0
4004	475
46	0
0	0
0	0
0	0
8	465
2	0
0	273
40	234
33	719
0	4237
0	4106
0	4154
0	20
0	52
0	3765
0	140
0	0
0	3101
0	0
0	1523
7	428
1	167
12	52
0	0
0	4173
0	12
9	535
3	4005
0	3996
0	4308
1	375
0	3859
2	635
3	4261
334	708
0	278
0	988
10	294
0	43
0	6
0	2
0	5
0	43
0	6
0	6
0	5
0	4
7317	4
5	1150
82	2200
1	1594
0	0
0	0
3	179
100	179
1	0
0	0
0	4
88	940
18	841
2	155
1433	0
11	4
0	0
0	4
0	0
0	0
0	3
3	190
1	344
0	334
0	293
42	73
0	8
0	74
0	0
1259	0
25	23
0	23
0	423
0	423
0	420
0	139
10	15
0	2
3	6
0	0
0	0
150	1701
6	658
0	1061
0	0
0	0
0	10
0	5
1	10
455	0
0	1137
2	1137
16	107
4	830
13	850
4	369
0	1
0	1
0	0
1009	298
1	288
3	10
262	547
1	548
0	378
7	244
0	0
5	0
0	4414
0	1009
0	3765
1	82
0	2911
11	3803
16	13
0	775
0	1842
0	4125
3	0
11	157
1	174
0	147
5	155
0	54
804	65
5	65
0	0
0	0
0	19
0	0
1	0
0	439
6	704
0	537
6	37
2	75
8	197
9	1
2	2705
0	2707
0	60
0	4240
67	2426
7	1447
0	17316
353	17304
9	1433
0	6602
7	51
30	292
8	146
4	447
3	443
17	252
2	383
0	835
0	2251
206	2250
0	0
0	873
205	639
24	618
1	51
0	0
0	0
0	0
1	0
0	0
0	0
0	0
0	0
0	0
228	0
0	0
13	0
0	0
0	0
0	0
0	0
0	0
0	0
0	0
0	0
0	955
0	1098
1	1394
0	1634
0	1563
0	1630
37	1700
4	188
0	213
2	44
0	152
12	98
0	0
0	0
13	5078
0	480
0	5102
0	339
0	216
0	0
0	0
0	0
0	0
438	300
12	139
7	173
0	77
0	5
0	5
1	0
4	0
0	0
91	11
0	0
0	10
0	1
0	0
1153	2303
8	2303
25	1934
8	1034
28	1445
21	1430
7	1340
9	428
0	225
2	273
0	66
1	187
0	30
0	8
8	32
4	82
4	141
11	321
0	331
0	321
0	329
2	17
0	39
0	27
0	31
0	21
0	1519
0	1669
0	686
9	205
2	271
0	273
0	525
1	421
2	6
0	186
11	384
0	0
0	1
0	1
14	3376
21	3466
59	3379
16	3368
0	1
0	1
0	274
986	79
0	79
10	3
0	1
1	2
0	1
0	1
8	31
4	87
4	23
485	151
4	41
0	85
0	46
0	68
3	0
60	0
2122	544
0	160
6	43
6	341
0	0
0	0
0	0
8	0
0	7
0	7
0	2
0	0
0	1
0	1
0	0
0	0
0	0
0	0
314	0
2	0
39	797
6	803
10	712
2	9
1	175
0	183
0	191
24	3123
33	3123
1	5
19	77
7	0
50	117
95	0
1	2211
8	2211
0	2212
0	249
5	313
0	266
0	260
0	228
15	194
0	148
0	173
1	144
0	93
1	85
1	94
19	184
0	0
12	191
62	170
0	0
281	0
9	718
0	726
8	8
3	4
0	94
0	39
3069	2536
0	2536
0	1344
36	0
950	84
0	33
0	51
15	98
0	212
438	313
3	104
0	18
0	99
0	0
0	0
0	0
0	0
0	0
0	0
0	0
0	0
0	0
2578	0
9	0
0	0
1	44
0	44
0	13
0	25
0	7
0	2
2	15
0	0
3	0
0	0
2	0
678	0
5	0
7	9
0	10
2	9
3	1
23	116
1	0
0	60
23	283
1	249
28	173
0	197
0	128
1	41
0	0
3	0
0	0
0	0
0	0
1511	53
0	0
0	0
0	51
0	25
1	205
1	9
0	0
21	53
238	101
0	101
0	0
0	0
2	3
0	0
0	0
25	643
0	23
7	643
0	112
4	0
0	0
0	0
0	0
0	0
0	0
0	0
0	0
0	0
0	0
0	0
0	9
0	0
0	0
0	0
2	0
0	0
0	0
0	0
0	0
0	0
0	0
0	0
0	0
0	0
0	0
0	0
0	0
0	0
0	0
0	0
0	0
0	0
0	0
0	0
0	0
0	0
0	0
0	0
0	0
0	0
0	0
0	0
0	0
0	0
0	0
0	0
0	0
0	0
0	0
0	0
0	0
0	0
0	0
0	0
0	0
0	0
0	0
0	0
4	104
0	0
0	0
0	0
0	0
0	0
0	0
0	0
0	0
0	0
0	0
2	0
0	0
0	0
0	0
0	0
0	0
0	0
0	0
0	0
0	0
0	8
0	0
0	0
25	63
0	0
0	0
0	0
0	0
0	0
0	0
0	0
0	514
0	634
25	798
0	127
3	211
1	692
18	55
0	0
63	8835
3	2618
64	8708
2	5682
0	344
79	448
0	346
101	87
2	87
21	372
1546	61
7	61
39	152
0	152
4	0
0	0
0	0
0	0
0	0
0	0
0	21
10	131
0	0
0	0
0	0
0	0
0	0
0	0
0	0
1	147
0	0
2	115
0	77
0	53
0	0
0	67
0	0
0	2
0	0
0	1
0	184
0	1
0	0
0	3
0	0
72	392
0	2
0	0
0	0
0	0
0	0
3	150
0	0
0	0
0	0
0	1
0	0
0	2
0	2
0	2
0	0
0	0
0	1
0	184
0	1
0	0
0	0
1	3
0	0
0	8
9	8
1	4
71	276
1	27
1	0
0	4
0	0
0	4
0	0
2	200
0	1
0	3
0	0
9	163
0	56
0	0
0	0
0	0
3	161
0	0
0	0
1	0
0	2
0	0
0	1
0	0
0	83
2	6
0	2
0	0
99	411
0	0
2	2
0	0
0	0
0	7
0	0
2	183
0	0
0	0
0	0
0	2
1	2
0	4
1	2
0	0
0	43
0	41
0	0
1	0
0	3
0	2
0	0
2	4
0	36
0	36
0	5
0	4
2	0
2	1
0	0
0	0
2	103
0	1
31	347
1	338
45	11
19	8
460	36
0	36
2	516
0	436
0	157
1	372
31	518
3	79
18	0
2	99
200	0
0	2974
4	2809
1	2621
6	1358
0	99
0	388
1	0
3	290
417	389
0	107
8	284
0	4
7	192
1	25
2702	0
0	0
1	0
0	0
77	169
6	169
1	133
1	16
6	5
0	0
0	368
15	59
3	25
161	665
1	619
12	40
0	248
2	49
0	0
0	0
1043	145
2	138
0	7
24	2
0	2
2	139
1	59
14	148
0	16
3	104
1	10
2	5
12	499
0	520
7	495
2	495
2	341
0	271
7	266
0	0
0	25
1	121
2	125
6	106
2	72
0	22
0	52
1	47
9	50
0	36
0	41
22	0
2	0
0	0
0	0
0	0
0	0
499	39
2	39
0	0
9	198
2840	422
0	296
202	0
0	0
0	137
0	0
0	1387
0	1332
5	1333
0	1299
0	3
8	338
5	209
0	0
0	34
0	0
288	282
0	279
0	35
0	0
0	0
0	0
0	0
0	3984
0	4002
3	3883
3	4466
0	1670
0	100
0	53
0	212
0	250
0	55
0	92
0	1868
0	286
6	629
0	585
0	524
0	1641
0	266
0	2775
2	367
0	1045
0	606
0	1407
0	1274
0	1326
0	731
0	1173
0	963
9	647
0	374
2	0
73	0
68	1763
899	2294
67	39
33	0
60	439
0	0
33	742
2	519
8	0
1	0
3	0
28	0
587	244
43	242
8	139
2	27
0	37
0	0
117	180
340	182
0	1
2	0
0	13
30	79
0	61
1	51
2	31
0	11
0	14
0	186
3354	1256
156	525
9	731
29	31
11	384
0	5711
0	5819
0	1483
0	1453
0	3910
10	75
0	264
4	173
727	1903
1	312
52	982
3	106
126	2178
0	337
0	1905
0	1906
5	287
0	1457
1	1485
0	0
6	1
0	0
0	0
0	0
2	9
0	765
0	234
0	4
0	210
1	38
0	10
15	17
0	11
2	5
97	155
0	167
0	146
1	3
0	0
0	0
2	73
5	94
0	34
376	119
0	17
6	0
0	0
505	152
0	0
0	152
7	0
1737	4216
1	4218
0	23
1	874
2	223
0	225
0	221
2	223
0	220
0	180
0	131
0	0
0	20
0	17
0	15
0	6
0	2
0	0
0	2
4	238
16	238
7	174
0	224
10	44
0	7
233	2
0	0
0	0
2	0
1	0
0	0
0	0
0	0
0	0
247	194
1	197
0	143
0	0
0	102
1	13
0	13
3	13
1	7
0	1
0	5
9	1545
26	1544
3	191
2	0
7	0
0	0
74	0
86	0
0	0
0	0
15	8
0	7
1	4
0	3
0	0
1	0
0	0
0	0
0	0
0	0
0	9
1	2354
283	15289
62	1996
0	4442
5	750
2	1050
32	11805
0	3910
1	1198
2	2589
7	1290
432	4121
2	7
5	3
0	0
9	205
7	3909
3	0
47	2
9	102
12	259
7	347
4	5
0	5
0	0
0	0
0	0
0	0
0	18
73	2457
27	66
45	2523
0	2328
20	2154
0	2005
0	1206
25	1706
2	79
4	1038
5	819
0	586
5	403
0	15
0	269
0	69
0	71
0	35
0	14
0	1
0	71
0	28
0	16
0	0
0	0
1	245
0	141
41	77
1	138
1	83
2754	199
3	199
5	10
0	699
2	516
0	707
3	613
0	603
0	9
3	2
0	0
0	0
1	4
62	52
21	68
2	39
0	0
357	1545
39	662
6	231
66	1285
1	1091
1	272
0	194
1	350
0	372
15	55
3	218
4	420
91	108
1	107
8	29
587	0
6	0
858	2
1	143
0	161
17	153
0	13
2	10
0	35
2	23
0	40
2	0
26	381
0	1192
3	539
4	583
1	1128
1	582
0	0
0	504
2	582
0	578
9	556
8	61
17	299
0	14
5	21
0	22
0	1
2	2
10	293
3	296
43	169
0	209
0	190
14	185
0	101
0	108
0	107
0	114
0	117
0	110
0	104
0	111
0	103
7	76
0	81
43	85
8	66
0	51
0	0
44	7
4	7
120	1650
0	43
4	1655
0	1646
32	1640
3	155
0	0
1	0
12	389
0	401
0	400
0	18
0	0
0	0
80	2651
2	2668
0	165
0	74
4	14
0	5
0	8
0	3
0	2
0	0
0	3
0	1
0	6
0	4
1	4
0	1
9	4642
0	4648
0	5467
0	5467
5	217
11	1320
38	2524
8	1509
0	97
0	94
0	96
0	0
0	0
0	57
1	121
0	119
0	119
0	111
1	107
0	89
0	72
0	59
0	38
1	10
0	6
0	4
0	0
0	0
0	1
0	2
0	0
0	1
0	0
0	62
4	74
0	7
0	72
0	5
0	4
0	0
0	0
0	0
0	0
0	0
12	2
0	2
0	0
0	0
2	0
0	433
30	494
1	10
0	176
5	386
2	79
1	193
50	123
0	122
10	4
1	31
0	18
532	278
0	278
4	34
0	853
0	853
0	66
0	160
1	53
2	101
0	104
0	103
1	65
0	72
1	6
0	13
1	8
0	7
0	16
0	7
0	6
0	1
0	0
0	0
0	0
0	0
0	8
0	8
0	8
0	2
0	2
0	1
0	1
0	0
0	0
0	0
26	384
18	308
0	84
1	51
925	952
6	731
0	388
6	166
21	314
15	84
0	0
1	43
1	1
0	52
0	12
0	20
1	7
37	982
80	2288
27	2473
0	2250
1	515
0	614
0	407
0	397
0	397
0	396
0	397
0	396
0	396
0	377
16	75
5	44
0	0
0	0
0	1
1	0
0	1
0	0
0	0
0	0
10	0
0	0
1	0
0	0
0	1
0	1
0	0
0	0
0	0
0	0
0	0
0	0
0	0
0	0
0	0
0	0
0	81
87	95
1	62
90	170
10	197
0	113
1	75
0	57
0	0
5	0
0	0
1	556
0	538
23	400
6	247
15	64
0	51
7	161
0	1018
0	598
0	356
0	843
11	974
0	525
2	974
0	903
0	232
4	395
1	95
1	1
0	0
38	110
3	12
30	110
1	0
0	54
130	3199
272	3165
8	75
4	27
11	44
0	11
0	20
9	33
0	13
2	12
1	4
0	2058
0	2559
127	2559
0	188
1	74
2	3
0	204
0	348
15	349
5	170
47	349
0	188
0	165
238	1009
132	1143
0	376
1	57
6	109
0	109
0	57
0	36
2	8
0	0
1	134
1	7
1	7
0	0
27	1
0	17
2	20
0	0
6	1
2	7
0	7
0	7
0	7
0	2
3	6
0	2
0	0
0	0
0	0
0	0
0	0
0	0
0	0
0	2
0	2
0	0
0	7605
129	7725
0	7912
3	817
0	0
4	2693
28	642
0	7235
5	1965
9	2509
2	5152
163	5183
15	40
1	33
1	358
0	214
1	4501
11	843
661	630
7	628
38	435
30	0
0	101
0	0
2	0
0	0
4	154
13	1114
0	32
39	1110
10	1075
1	43
1	143
0	56
53	66
12	40
7	20
2	10
2	364
30	616
51	692
0	234
0	59
12	222
9	37
4	74
0	34
156	0
753	1339
218	610
9	1338
0	0
0	13
0	13
0	2
14	4
0	4
433	1170
14	327
0	153
25	56
1	300
0	179
0	365
0	374
6	218
1	0
6	6
0	4
0	10
339	0
7	0
0	0
0	0
0	0
3	0
178	1068
1	581
3	971
0	354
4	854
33	1982
15	2922
105	1656
34	199
0	1602
9	826
114	1619
14	68
18	1562
3	227
8	1250
0	0
15	275
283	634
6	35
6	45
4	130
0	261
0	119
1	1935
0	1693
42	1724
8	1400
15	1635
0	1785
0	41
3	164
53	0
490	271
0	97
0	174
0	950
14	720
185	1126
0	38
4	290
1	150
15	0
3	76
132	97
5	79
4	90
0	77
0	43
1	54
18	567
0	567
0	71
0	99
3	538
12	55
2	73
2	70
1	13
0	0
17	1484
3	1583
32	1704
0	85
2	252
13	1640
0	283
2	912
2	118
0	1614
0	1614
4	209
9	422
114	72
4	34
0	38
378	0
3	5268
505	5291
5	2424
18	4961
2	308
9	1110
3	28
3	28
1	5
51	6
2	7
0	0
1	1
1	71
15	0
3	66
0	47
3	59
0	17
0	9
0	59
33	114
0	39
10	10
62	86
0	2
0	21
1	16
639	0
0	0
0	0
0	0
0	380
45	366
0	385
3	145
0	42
0	29
0	9
27	10
9	0
12	976
0	3298
1	2079
0	3197
48	3139
136	2884
6	177
212	0
32	11
39	44
0	44
1	0
181	140
12	201
2	154
1	168
11	284
0	134
16	265
0	44
0	0
7	17
0	76
9	2
0	57
0	1791
133	1787
7	165
8	104
35	94
1	9
0	7
0	9
0	9
1	7
0	0
0	0
0	0
0	0
0	0
0	0
0	0
0	0
0	0
0	0
0	0
0	0
0	0
0	0
0	0
0	0
0	0
0	0
0	0
18	1449
0	0
1	0
9	41
0	34
2529	930
22	113
0	884
27	0
0	0
0	0
0	0
101	354
36	124
1	357
2	333
0	409
12	0
4	0
2	0
7	0
63	0
5	8
0	8
0	5
73	0
0	0
90	113
0	82
22	0
3	9
2	34
2	20
0	333
44	333
4	46
0	15
2	52
0	41
39	40
0	37
13	4
0	0
2	0
6	0
83	0
63	111
3	14
3	19
2	0
806	1296
0	1118
32	656
0	0
0	0
0	0
0	0
0	0
0	0
1915	2342
1	170
82	2139
3	2
0	0
16	0
6	1182
93	0
58	982
22	1012
103	295
0	971
0	787
117	882
0	101
17	198
18	16
92	22
26	34
95	18
7	1
0	1
3	27
0	128
0	159
7	31
206	224
15	1527
3	287
7825	3278
1	28
1	1
6	213
2	267
5	93
85	2
138	479
58	14
35	73
0	365
11	149
4	554
13	49
29	0
5333	1957
10	695
5	609
6	961
28	50
1520	0
0	0
0	0
0	0
0	242
0	253
1	136
0	106
4	0
0	0
0	0
7	0
17	0
2	80
0	3
0	0
0	0
14	89
6	77
8	67
3	0
4	0
4	0
0	0
0	27
0	27
0	0
0	5
12	0
3	0
0	0
0	0
0	0
3	43
2	1980
8	2012
6	1972
22	1918
0	18
5	7
6	3
514	350
0	246
0	198
10	15
6	38
1	116
0	57
4	63
18	0
1	68
10	0
0	0
6	0
0	62
0	53
0	37
0	5
0	10
0	26
0	25
0	22
0	25
0	2
14	5
1	0
0	1369
0	1336
2	437
20	1074
16	1041
0	606
0	971
0	460
7	367
0	0
135	55
0	55
101	17636
0	0
0	0
1	1
0	0
0	0
0	0
0	10
0	0
0	0
0	1
0	1
0	1
13	2488
0	0
0	0
0	0
0	0
0	0
0	0
0	0
0	0
0	0
0	0
0	0
0	0
376	0
5	0
591	5823
13	3
18	6004
12	43
36	359
113	1239
0	3344
139	0
0	168
0	166
0	168
0	164
0	168
0	34
0	9
0	4
0	7
0	6
0	4
0	3
0	8
0	9
0	6
0	6
0	9
0	10
0	0
0	50
0	6
1	13
0	0
0	0
1	6
0	0
0	0
0	3
6	1237
2	1317
0	1103
7	193
2	43
54	564
19	7
29	135
0	19
0	444
19	12
0	404
74	417
13	431
5	60
4	0
33	3
271	232
24	232
7	0
2875	2376
19	0
2	2075
0	1
0	0
2	69
0	0
0	379
0	17
22	467
1	17
0	0
0	24
0	8
0	11
0	16
2	4
29	43
1	2
2	38
1	8
3	1
0	2
859	521
0	1
5	280
40	241
0	0
0	0
0	0
0	0
0	0
0	0
14	42
83	316
2	282
1	1063
3	926
4	998
0	1022
0	1025
38	940
2	916
0	889
1	108
0	663
0	28
0	474
41	290
0	197
0	185
11	163
54	131
0	16
45	8
0	0
34	458
0	0
0	91
0	82
1	14
0	91
0	103
5	23
0	77
0	0
0	0
2	9
0	0
0	0
0	0
0	0
0	0
0	0
0	0
1	4
0	4
0	0
0	1
0	0
0	0
0	0
0	0
0	0
0	5
0	0
0	0
0	0
0	2
0	0
0	2
0	0
0	0
0	0
0	2
0	0
0	0
0	0
0	0
0	0
0	1
0	0
0	0
0	0
0	0
0	0
0	0
0	1
0	0
0	0
0	0
0	1
0	1
0	0
0	0
0	2
0	0
0	0
0	0
0	0
0	1
0	0
0	0
0	0
0	0
0	0
0	0
0	0
0	1
0	0
0	0
0	0
0	0
0	1
0	1
0	0
0	0
0	1
0	0
0	0
0	0
0	0
0	0
0	0
0	0
0	0
0	0
5	178
0	56
0	86
1	6
0	15
2	0
0	92
0	0
0	0
2	29
0	10
0	316
4	1
1	1
6	121
0	0
0	559
0	37
1	617
14	643
0	33
7	104
33	0
17	0
13	0
23	0
0	0
0	0
0	0
0	0
0	0
0	0
0	0
0	0
0	0
0	0
2	409
99	409
14	0
0	0
2	6
6	0
0	313
2	289
10	288
0	0
18	0
12	0
4	0
9	0
3	0
2	0
3	115
0	0
0	0
6	0
0	0
0	2
0	0
0	2
0	3
0	0
0	1
0	1
0	2
2	2
1	2
0	1
1	1
0	1
1	2
0	2
0	2
0	2
0	0
0	0
0	0
0	0
0	0
0	0
0	0
0	2
0	0
0	0
1	899
0	540
1	552
0	567
0	551
0	917
0	495
12	54
0	0
56	126
11	0
2	4
0	22
0	0
3	1
0	0
6	124
72	615
0	136
7	145
0	628
8	525
13	4
10	0
1	273
14	8
0	8
0	0
0	0
0	0
0	0
0	0
0	0
561	5333
0	1130
52	235
3	806
10	3628
3	187
0	188
0	188
0	184
2	179
0	52
14	0
415	0
0	0
0	0
0	0
0	0
1	0
2	0
1	0
0	0
0	41
0	10
0	41
0	87
11	2
0	0
0	0
0	77
0	31
0	1
0	0
0	0
0	8
0	18
1	18
0	0
0	0
0	3
0	2
0	0
0	4
1	5
0	3
0	4
0	0
117	330
0	168
0	48
1	52
14	152
15	122
0	23
0	0
324	6
48	6
301	566
6	566
44	0
2	1
169	0
431	686
3	227
4	152
1	296
0	218
0	169
0	83
0	0
0	0
0	0
1	0
0	0
20	296
19	439
1	539
12	11
2	185
1	283
0	358
2	0
50	20
0	0
0	22
0	2
4	2
0	2
0	1
0	0
0	1
1253	0
267	214
14	81
0	133
0	3
0	3
0	2
2	2
138	2
0	0
2	13
3	8
0	0
1	510
17	1804
1	17
26	1676
5	133
40	903
18	903
0	119
132	1839
102	1841
1	289
12	266
0	263
0	0
1	262
0	98
0	98
8	1927
11	1735
37	1759
5	1728
6	122
8	602
9	548
0	2202
28	2202
38	28
0	0
0	0
0	0
0	0
0	0
32	510
0	20
9	497
0	0
5	0
0	9
1	0
0	121
0	0
2	0
2	0
0	106
0	179
0	1
0	15
0	28
0	21
6	18
0	0
0	0
0	0
0	15
0	0
0	0
0	0
0	0
10	493
3	544
32	0
0	229
0	174
1	92
0	76
0	0
2	40
0	6
20	64
4	6
1	4
0	64
1	17
0	1360
0	0
1	5
65	723
0	0
0	0
0	0
0	0
1	4
2	0
0	0
0	1
0	4
0	0
0	0
0	0
0	0
8	24
0	0
1	0
0	0
11	4
60	0
70	403
57	403
0	1109
0	2766
20	2715
0	86
1	399
0	315
0	0
0	719
199	198
0	134
148	1091
2	1074
23	34
0	176
24	107
9	1
0	69
0	14
0	0
29	6
0	0
15	0
8	1
0	1
0	0
3982	81
38	0
0	0
9	756
0	704
2	750
2	92
0	165
0	68
6	19
2	113
12	0
2	90
0	794
10	26
4	688
5	768
18	71
32	78
22	0
1	67
0	0
0	17
0	0
0	10
0	0
1786	0
48	0
4	0
0	0
0	0
0	0
4	136
507	221
1	220
0	235
15	0
0	15
5	708
0	0
1	491
0	471
0	431
25	125
3	12
16	0
109	174
1	174
4	2
2	5
1	3
0	0
0	0
0	105
4	229
63	229
0	40
1	37
0	40
0	0
0	149
22	149
0	0
0	0
224	340
0	333
1	15
1	206
3	1806
0	1798
4	733
10	204
0	259
0	201
35	766
0	501
0	0
0	0
0	0
0	0
0	0
367	276
0	276
6	2
0	16
0	426
43	357
17	3084
0	1
0	41
0	302
3	2956
1	199
9	2956
13	142
9	294
14	317
107	63
0	869
0	668
0	0
1	278
1	271
0	684
0	963
0	69
0	1021
1	644
0	80
10	62
13	286
0	284
2	325
5	153
1	157
12	329
7	329
4	329
0	291
1	164
0	104
3	0
0	0
0	0
70	1096
0	419
0	398
25	344
53	677
3	18
0	0
0	1
0	1
0	0
0	1
0	0
0	1
0	0
0	0
2558	0
9	889
65	1202
0	95
0	1197
1	112
0	75
9	128
0	0
0	162
6	155
4	5
4	46
3	35
0	24
1	8
0	16
0	1
0	0
0	0
9	1926
4	1933
27	1852
1	0
0	7
3	8
0	3
0	0
0	1
0	1
716	754
0	374
167	369
10	0
103	110
88	669
0	661
8	671
3	166
0	214
0	158
1	0
6	44
83	60
2	0
0	0
3	4
1	0
31	20
3	20
0	0
0	0
0	0
0	0
0	0
210	0
0	0
19	720
0	719
9	8
0	720
177	2256
52	2453
1321	4991
4	109
3	214
31	2906
0	0
8	1660
127	963
0	0
6	0
1	0
0	0
0	0
63	0
0	0
0	1
0	0
3	1
18	0
168	47
0	45
4	2
13	2
0	0
3	7
1	7
2	0
0	0
0	0
0	0
0	0
3	3
0	0
0	0
0	0
0	1
0	0
9	4
0	0
0	0
0	0
3	0
0	0
0	0
0	0
0	0
0	0
0	0
0	0
0	0
0	0
0	0
0	0
0	45
0	2
0	0
0	1
1	51
0	0
0	52
0	1
1	0
0	0
0	2
0	52
0	0
0	0
0	0
0	17
0	0
606	310
2	125
9	105
0	75
2	17
1	39
69	4
0	0
0	0
5	0
0	0
0	0
0	0
1	8
4	0
2	0
0	0
4619	504
86	480
0	0
0	0
22	18
0	18
0	5
0	5
0	0
1	429
0	1901
326	1949
144	474
5	256
1	53
37	0
0	1
11	1
0	8
3	0
2	106
9	371
0	17
0	514
2	109
0	498
82	246
37	0
1	38
0	363
6	199
50	0
190	160
0	644
2	587
61	511
2	450
0	256
1	87
4	111
119	0
0	0
35	0
1080	136
0	130
1	3
0	3
0	0
0	1
1822	1658
1	1704
54	335
5	163
5	54
0	0
0	0
0	0
6	1
0	1
408	1534
431	1926
0	315
1	698
0	0
1	1294
0	3
14	144
9	35
5	286
7	511
9	800
1	2
2	0
0	0
1	0
8	0
1	0
0	0
0	3
3	3
0	1
0	3
42	879
12	1115
45	733
3	389
2	337
0	543
8	426
6	163
1	238
28	0
0	0
0	0
1	0
522	5861
2	5730
0	131
25	1112
0	669
4	1526
15	2210
26	0
12	2
0	4186
0	765
1	4031
46	4062
97	86
0	867
0	0
6	346
2	597
0	656
1	0
1	0
0	0
1201	2604
81	14
130	77
49	683
1	380
15	2331
0	3
0	355
12	653
30	5
0	0
0	5
0	3
0	0
0	1
0	1
0	1
0	1
0	0
0	0
0	0
0	0
0	0
0	0
0	0
0	0
0	0
5	0
0	0
0	0
98	2
0	2
499	875
0	0
0	802
152	18
0	710
10	226
0	629
1	165
116	640
50	668
7	616
4	521
2	40
0	120
299	37
0	619
0	440
27	358
0	45
0	44
1	4
0	0
0	4
1	11
0	4
0	2
0	149
17	135
11	137
9	1
24	0
0	0
0	25
3	35
27	1964
5	0
0	1254
5	1847
32	1786
12	99
1	192
1	1480
1	59
0	269
0	269
3	302
42	180
14	263
0	257
1	292
0	281
0	294
0	259
0	286
0	67
0	37
0	36
0	17
0	8
2	19
68	0
292	1078
179	1078
612	1387
14	1264
3	243
7	124
4	82
0	82
9	39
1	58
1273	17
4	17
4	37
0	37
0	1083
6	2005
2	829
7	1350
3	361
7	206
0	449
5	122
5	199
1	256
1	54
0	194
0	49
66	0
1	364
0	365
1	365
0	342
0	39
0	30
4	73
1	135
37	700
1	968
1	159
1	757
0	398
2	491
5	444
143	2969
0	1374
0	2843
0	2840
0	2771
0	320
2	131
0	76
1	111
0	189
0	307
0	171
0	98
0	70
0	1
0	1
0	0
0	0
0	0
0	0
0	1
0	1
0	0
0	0
0	0
0	0
0	0
0	0
0	0
0	0
0	0
0	716
0	604
0	448
0	335
0	342
0	321
0	123
4	137
8	145
1	182
1	78
0	137
10	90
2	1123
13	1898
0	1933
24	1778
8	300
1	142
25	653
3	365
3	68
0	273
22	218
16	150
38	955
0	971
0	943
9	964
0	340
2	208
0	23
0	111
1	41
1	251
0	258
0	80
1	1975
0	80
0	1796
0	750
24	1479
0	1267
4	1591
13	324
2	587
0	433
0	594
17	311
0	319
0	32
0	24
2	58
0	45
0	3
0	45
2	2167
102	2828
25	383
1	616
0	638
67	0
31	132
2	0
0	0
1	2424
14	2591
10	270
9	623
0	211
0	662
26	273
0	189
17	975
3	326
7	550
0	970
16	963
0	452
5	925
0	1048
1	549
0	625
0	364
2	356
0	127
249	662
67	283
0	168
3	17
2	74
4	31
0	60
0	57
0	212
4	2
1	19
17	51
0	12
4	49
0	5
0	22
2	12
0	12
0	2
4	3
0	1
0	0
0	0
0	1
0	1
0	0
0	0
0	0
0	47
7	706
13	156
111	9
0	637
0	9
4	43
29	0
0	109
1	0
0	0
0	0
0	0
433	174
64	25
1	52
0	33
0	98
1	1
6	56
0	600
0	542
0	339
10	282
21	127
14	1
7	267
0	724
0	374
6	798
14	527
4	718
0	132
1	121
2	128
0	126
2	112
0	64
0	25
2	0
3	3
0	3
3	0
52	16
0	26
0	495
49	827
1	1
1	24
0	132
5	78
169	739
0	739
2	477
3	20
113	40
1	1
0	3
0	20
1	0
133	1039
0	58
12	152
3	81
2	588
1	399
0	920
0	774
0	765
0	765
0	690
0	46
3	297
0	0
0	52
4	0
8	0
1	0
0	124
5	19
0	15
0	15
6134	2050
254	332
30	1712
0	0
0	0
0	0
2	0
0	0
0	6
0	0
0	0
0	6
0	0
0	0
1	4
0	4
0	0
0	0
22	154
4463	6061
8	5214
120	179
1	117
57	101
138	0
1	1318
0	0
3	2544
1	0
0	0
0	0
0	0
88	0
28	1832
446	1989
114	46
0	1436
22	3
28	382
0	0
30	0
0	0
0	5
0	5
3	2166
3	2607
2	2025
32	2186
0	2522
0	2032
33	2536
0	1574
56	497
2	716
0	526
0	303
4	205
1	12
52	362
9	111
2279	1142
0	967
13	25
10	2
3	6
0	0
3	117
1	132
2	59
0	705
1	1171
0	1170
43	367
10	118
4	367
1	155
0	704
0	27
0	1106
0	19
0	0
0	522
0	637
0	0
1	17
0	52
2	31
8	0
4486	1260
74	129
0	996
0	1015
0	0
0	279
3114	0
5	0
1	1
0	1
2	548
70	2257
4	2104
0	1077
25	802
142	4493
0	4124
11	4929
106	3769
0	741
0	765
5	1342
0	1383
0	0
1	932
15	586
0	604
2	336
0	0
1496	1471
0	310
0	81
7	116
7	781
0	436
36	188
0	743
0	726
2	710
0	0
0	0
2	799
179	609
0	732
34	755
2	96
0	237
5	89
0	91
12	0
1	663
1	1142
0	1388
2	362
20	518
11	553
0	179
80	134
8	97
0	0
29	599
3	604
0	89
25	56
4	1544
0	1528
0	298
13	90
0	1663
6	68
5	465
2	342
0	0
15	0
0	116
0	727
0	721
0	756
0	718
0	443
0	684
0	745
0	96
52	133
0	77
0	73
1	21
0	54
0	160
0	86
1	47
1443	2129
34	1250
2	3
0	625
4	636
4	153
0	0
49	150
0	2820
224	1491
13	430
0	2083
0	2783
0	2689
0	2664
0	2359
0	2151
0	1020
34	20
0	834
2	142
5	66
0	171
579	128
0	0
38	126
5	0
6	0
0	5
0	5
0	5
0	5
0	5
0	0
16	0
0	0
1	0
0	0
0	3
0	4
0	4
0	0
0	0
0	0
0	0
0	0
0	0
52	381
0	0
28	379
0	19
0	49
0	54
0	0
0	370
0	0
1636	1075
3	699
240	0
16	4
3	0
2	1
0	0
0	0
0	2
0	4
0	3
0	0
0	0
0	0
0	4457
21	1027
2	4289
1	417
0	337
2	11
27	500
5	486
1	746
4	4271
3	13
60	3073
316	910
0	910
5	112
2	33
87	95
47	0
0	0
68	0
2	369
11	387
0	305
4	28
14	112
11	67
2	4
11	391
0	0
0	11
9	57
0	391
8	394
0	394
0	12
0	6501
16	644
0	633
3	263
0	6279
0	6705
25	6099
0	0
15	0
46	13
0	3366
0	426
19	470
0	996
1	3730
3	927
20	477
4	611
3	557
2	198
3	148
0	593
0	427
0	98
1	278
9	134
0	3
2	187
0	53
3	261
0	238
1	27
4	6
0	192
3	42
0	61
8	78
2	57
701	72
2	32
0	49
1	0
32	26
4	50
2	4
0	0
0	5
0	0
0	20
38	1029
3078	1774
30	553
21	0
0	19
18	2
80	282
81	463
0	1
0	20
18	26
0	17
0	1193
7	354
1	919
1	0
0	40
0	137
0	858
0	596
0	875
5	707
0	592
2	9
0	37
0	0
1	102
9	29
0	142
2	89
0	31
0	0
136	2700
5	208
49	2232
24	583
1	883
23	196
10	591
1	310
10	378
1	20
5	209
5	305
464	867
14	408
9	634
4	189
1	0
5	0
0	0
0	0
0	0
0	0
0	0
0	0
0	0
0	0
9	0
0	0
72	0
1	1
211	82
42	82
0	13
4	0
399	868
10	856
6	48
14	683
28	1
10	697
6	650
0	86
9	116
52	24
72	194
0	52
36	157
0	38
1	28
8	48
0	409
3	468
0	416
0	353
3	468
10	398
0	0
0	13
0	69
0	65
0	71
0	66
0	75
0	74
0	41
0	1
0	10
0	0
0	6
1	2
1	2
0	7
15	4
0	2
0	5
687	419
21	1
1	418
5	0
2	7
57	6
2139	464
32	461
1	190
34	214
0	40
550	0
0	0
0	6
1	6
0	5
3	1
1702	0
448	246
0	246
22	0
1	900
1	878
0	904
0	699
5	699
0	908
0	79
1	427
0	427
0	44
0	43
0	174
5	66
0	51
0	3
27	183
5	1
0	172
3	166
0	109
1	82
0	40
0	1
0	171
1732	912
13	262
0	344
11	324
0	0
45	261
0	0
167	204
0	0
182	0
193	0
0	0
0	0
7691	54
622	509
0	50
0	489
46	1
0	1
0	0
0	0
0	0
34	525
0	504
0	86
8	227
0	0
0	269
1	122
0	0
0	2
1	87
0	529
0	1147
1	105
0	886
0	501
21	949
10	150
0	0
2	379
0	0
9	23
0	65
4	0
1	0
0	1
0	0
0	1
0	29
0	7
0	30
0	1
0	7
0	5
1	0
0	0
0	2
1	120
0	0
29	163
1	42
4	51
2	2
2	80
2	6
1	6
2	47
84	94
5	91
2	0
0	0
0	3
0	0
10	22
0	22
0	0
130	53
7	53
2	0
0	0
0	0
0	0
0	0
7	0
0	0
47	519
5	452
0	404
0	14
0	229
0	201
10	21
5	19
3	0
5	19
38	165
0	48
0	98
0	77
0	33
1	36
0	0
14	6
4	187
0	178
1	90
1	159
0	134
5	2
3	23
0	16
17	100
7	9
11	698
2	264
1	136
1	258
9	187
0	336
0	12
0	173
0	676
0	105
4	86
428	381
23	25
5	408
21	267
0	31
0	294
19	294
0	190
0	0
0	0
0	0
2	115
0	103
0	103
0	95
0	107
0	101
0	44
0	14
0	8
0	7
8	0
0	0
1	0
4417	11782
5	2173
1	10998
9	1206
30	105
0	592
150	3036
1	2334
0	0
6	1235
248	54
1	290
0	0
0	707
10	698
0	102
2	23
0	0
0	13
0	13
0	0
0	0
0	0
0	0
0	0
0	0
0	0
0	0
1	0
0	0
0	1
1	1
0	0
0	0
149	0
1	328
28	363
1	141
17	82
3	437
0	0
0	92
0	0
0	0
5	11
0	0
3	764
94	809
4	454
0	11
48	7
30	0
44	4181
23	4181
0	236
7	770
0	0
0	0
0	0
0	0
0	0
0	0
0	0
1	0
4	0
1	0
1	2
0	3
0	785
1	791
0	795
6	87
0	1
0	130
0	0
1	30
35	0
61	0
0	0
2	0
0	0
44	85
2	10
22	0
1	1
2	1
3	0
0	81
67	536
1	156
40	543
13	170
0	2487
0	2146
2	2568
0	2667
0	2462
8	2142
49	0
99	2000
0	1728
5	226
132	965
243	882
0	118
8	0
3	0
0	0
0	8
4	22
0	20
1	3
3771	146
42	138
19	0
0	0
2	19
0	15
2	0
0	16
0	0
0	0
1	1011
86	1011
24	1009
26	16724
4	4044
0	16477
0	17202
7	15114
0	15074
0	16402
7	12493
7	10443
0	11149
0	12458
2	2679
8	2357
25	2004
25	761
11	4310
3	569
0	1560
6	1
0	1
78	1
9	0
0	25
0	25
8	0
0	4
14	0
3348	3707
13	1550
2	1466
3	449
20	134
0	226
0	206
2	139
83	0
4	42
0	0
0	0
6	0
0	0
0	0
0	0
0	0
1	80
0	80
2	81
0	79
0	19
10	0
6	0
4	0
1	0
0	28
0	0
28	0
0	0
0	0
6	0
10	0
2	0
24	0
30	0
0	0
0	0
0	0
0	0
0	0
1	0
0	0
2	0
6	0
0	719
0	696
0	868
0	868
0	868
11	918
0	657
0	0
0	360
2	133
0	85
0	0
1218	1335
4	773
1	100
3	768
1	496
6	84
236	1162
0	732
2	867
2	910
8	117
2	6
12	6
13	0
0	0
1	0
3	0
0	0
1	0
12	0
9	0
303	863
16	780
2	56
0	744
25	100
0	696
61	1454
10	599
3	50
0	369
33	0
194	759
0	933
0	989
0	78
3	94
120	0
58	0
82	0
16	128
7	136
0	64
0	0
0	0
0	23
0	0
0	0
0	0
0	0
0	0
0	0
15	483
4	157
7	167
0	417
0	478
0	467
0	471
18	159
1	145
0	26
0	10
0	0
2	0
16	0
4	0
0	13
19	0
0	30
4	59
6	0
0	27
0	0
6	77
0	29
10	0
11	19
2	9
0	4
4	0
0	40
0	0
2	49
29	151
0	152
0	133
0	30
0	72
0	47
0	47
0	47
0	47
0	47
0	47
15	47
95	24
2	32
2	13
0	8
1	0
0	0
3	0
0	0
8	0
2	0
7	0
5	0
4	0
9	0
0	0
8	0
0	0
4	0
8	0
2	0
18	0
9	0
7	0
20	0
1	0
3	0
20	0
6	0
34	0
2	0
24	0
1	0
0	0
0	0
2	0
3	124
0	0
6	0
2649	512
4	95
0	354
0	63
88	0
0	3
0	3
9	0
0	0
0	0
0	0
0	0
0	0
0	0
0	0
0	0
0	0
0	0
0	0
0	0
0	0
220	327
0	317
0	269
0	250
6	0
11	0
0	42
0	0
18	0
1	0
0	0
0	0
0	0
0	0
0	0
0	0
47	0
426	5306
14	4904
97	450
0	4724
241	171
0	862
42	0
94	2
0	6
33	9
0	3
1	9
0	0
0	0
0	0
0	0
707	0
0	218
55	243
4	91
0	0
48	435
1	435
0	0
4	0
0	80
1	0
18	1209
0	1210
0	923
14	4
5	82
279	3030
1	330
2	3023
21	54
0	146
62	160
92	185
103	78
0	26
0	26
3	60
0	30
139	1783
0	1783
2	223
0	176
0	202
5	5
7	155
2	12
3	418
3	65
0	196
1	306
0	0
0	0
0	0
0	0
0	0
0	0
0	53
0	0
284	101
1	101
2818	2464
0	0
22	2464
57	260
0	392
60	552
0	67
64	584
0	592
1	568
79	39
0	29
75	0
0	0
0	0
0	0
0	148
0	0
0	0
3	0
0	1706
3	1710
1	1706
27	1710
26	1489
0	105
5	15
3	17
27	0
2	173
0	35
1	36
0	1
1	92
4	281
0	37
7	33
0	275
3	66
2	28
0	22
0	65
34	0
6	0
32	2085
1	1983
0	170
0	0
1	1241
3	294
0	0
0	0
0	0
0	0
0	0
0	0
0	0
0	0
0	0
0	0
2	42
7	0
0	0
0	0
0	0
0	0
0	0
0	0
0	0
0	0
2	0
0	0
0	0
0	0
0	0
0	7
0	0
0	0
11	0
448	1936
210	1752
0	1554
2	1096
0	618
6	144
5	107
69	0
26	0
39	0
44	0
0	0
3	0
28	0
35	0
47	0
21	0
37	0
15	0
15	0
12	0
0	0
0	0
0	0
0	0
0	0
0	0
0	0
0	0
0	0
0	0
0	0
78	0
0	0
38	0
0	0
0	0
0	0
0	0
0	0
0	0
1	21
0	0
0	0
0	0
0	0
8	0
0	0
0	0
0	0
0	0
0	0
2	4
0	0
0	0
0	0
0	0
11	1252
3002	1982
19	0
73	7
24	62
80	0
0	106
0	131
17	295
3	7
0	5
0	0
0	2
2	5
0	4
0	0
0	0
0	1
1244	716
6	685
0	322
0	625
110	2284
5	2282
1	0
0	156
7	132
2	19
0	0
0	0
53	0
1354	938
0	0
0	794
9	344
0	0
1	144
0	0
0	46
33	2646
0	2699
15	148
0	2710
0	0
20	2540
18	0
1	0
0	217
0	1542
2	0
0	0
4	0
1	0
0	0
3	0
0	0
0	0
0	0
0	0
0	0
2	0
3	9
0	9
0	0
0	0
0	0
60	0
0	1
0	1
1	0
0	0
33	3
1	3
5946	2007
0	991
3	323
444	0
0	1776
434	18
0	441
420	791
0	47
2	818
2	0
54	1093
16	1085
9	8
7	118
1	118
0	4
1497	297
0	0
0	297
40	0
0	11
12	11
1	8
0	14
1	11
5	0
41	940
0	947
0	866
16	3
0	2
55	260
0	0
0	557
150	519
0	520
8	10
8	382
0	264
2	126
24	485
0	28
0	2729
0	2879
21	2904
0	2538
0	299
16	449
19	0
1	230
91	106
2	45
0	105
2	2491
0	3296
1	6277
7	3089
880	12547
42	659
7	9403
2	2388
9	10050
2	3682
0	2721
9	890
69	770
30	132
0	186
0	120
2	22
6	0
23	0
441	3034
87	2450
0	493
2	611
0	217
10	0
845	2927
5	2597
0	2440
32	1817
161	38
0	13
109	15
0	211
51	0
127	31
14	0
42	0
0	1858
0	724
5	1030
1	859
3	1657
0	1604
0	653
0	99
0	839
101	0
58	0
0	0
5	468
6	7097
79	1690
0	1821
0	5398
267	585
13	0
0	2248
6	563
59	365
0	626
4	0
17	166
94	6
7	2372
15	23
0	0
2	284
46	0
64	0
5	1
0	1
70	0
414	828
5	9
15	20
0	690
0	799
3	0
58	0
39	0
23	3
5	42
0	32
0	0
0	0
0	0
12	38
7	43
0	5
29	4
0	1
0	0
0	0
0	0
0	0
0	0
0	0
0	0
0	0
0	0
13	0
5	30
0	4
0	0
14	2
4	31
46	30
8	0
0	5034
0	5065
100	4995
0	5065
0	3464
12	2895
0	2954
27	2148
67	791
2	438
6	126
6	124
0	94
1	9
159	2
122	1
4	0
0	0
0	0
0	0
0	0
0	0
0	1
0	1
1	0
0	0
4	522
0	815
0	840
1	813
0	817
1	553
0	170
4	454
0	453
0	375
0	54
9	0
3	0
8	0
0	0
0	190
0	193
13	0
6	0
3	43
0	29
0	37
0	11
0	6
2	25
0	33
22	0
32	0
39	17
42	0
0	0
0	0
17	211
0	0
0	211
0	12
1	0
0	0
5	264
0	1363
23	1525
58	2
26	1323
0	29
9	3
1	76
0	807
19	0
1	831
0	1345
0	1365
2	558
0	149
10	93
0	145
10	0
0	1089
0	147
0	0
0	0
0	164
0	0
0	92
0	52
0	0
29	4
0	4
7	0
13	0
0	2552
11	431
0	262
0	763
28	2073
1	28
63	18
0	2444
9	598
18	2101
132	2144
93	68
4	1724
11	38
0	359
3	160
231	576
0	0
0	0
0	54
2	53
0	54
2	53
2	54
0	0
0	0
0	0
0	0
0	0
0	0
1	0
43	9
0	9
0	3347
4	3224
0	3243
0	2482
1	212
0	0
45	0
0	0
80	857
36	0
5	40
1	203
3	346
1	262
20	308
67	0
6	88
0	83
54	0
20	0
1	0
1	0
0	0
0	0
0	0
0	0
0	0
0	0
0	0
0	0
0	131
0	0
0	0
0	0
0	0
0	0
0	0
4	6
2	0
2	0
3	0
8	0
1	0
1	0
0	6
8	0
0	0
0	0
1	1
0	3
0	1
0	1
0	0
1	571
24	336
4	348
0	658
2	391
0	380
0	401
97	397
11	0
0	266
5	430
0	364
52	348
0	230
0	247
2	81
0	0
0	0
0	0
0	0
0	0
0	0
6	0
0	0
0	0
0	0
0	0
1	1
0	1
0	1
0	1
0	1
0	0
0	0
11	25
0	24
0	18
0	2
1	1
0	5
0	0
13	5
0	0
0	87
102	921
7	830
1	464
0	231
1	76
0	0
0	16
48	75
8	10
1	59
0	37
0	38
0	3
0	3
0	3
0	2
0	3
0	0
0	0
0	0
0	0
0	0
0	0
0	0
64	784
1	783
4	234
1	40
6	72
0	165
0	118
0	125
37	0
58	37
0	8
0	1
0	0
0	0
0	0
0	0
0	0
0	3
0	3
0	2
0	0
0	0
2	0
0	0
0	0
1604	245
1	110
9	135
0	16
0	14
0	16
0	16
0	16
0	16
2	3
0	0
9	0
0	711
5	639
0	608
0	503
0	684
3	669
6	249
41	0
6	91
3	18
10	0
0	0
32	3123
7	3262
97	187
0	457
1	802
0	0
0	0
10	13
0	13
0	0
1	1
64	4613
11	9048
2	2112
32	2614
16	4029
0	7872
24	3419
148	0
0	209
0	295
5	204
5	270
9	312
1	187
2	94
15	1693
101	174
29	143
35	1079
141	40
0	0
93	0
50	258
5	0
0	0
0	0
0	0
0	0
0	0
4	1545
10	2225
203	1104
24	907
0	1076
0	1180
6	1382
19	15
4	953
33	27
0	0
77	0
0	1668
21	2211
2	1811
0	1622
0	788
18	422
1	0
0	0
0	0
0	0
213	1415
8	1415
0	223
0	0
0	0
0	669
0	76
4	677
0	696
0	64
2	48
2	30
1	75
0	39
0	3
0	74
1382	104
20	104
344	14
0	14
1	0
0	1
0	0
0	1
0	1
0	0
0	0
5	1526
52	1557
0	522
0	0
43	45
1	63
2	75
0	0
0	0
0	0
67	0
0	0
1	0
0	159
0	159
5	63
3	132
0	26
0	0
27	142
0	7
4	135
56	420
0	9
0	66
1	365
1	0
5	100
1	0
27	0
0	0
14	0
5	279
26	279
0	19
4	179
0	1674
6	1694
10	789
0	1073
183	85
2	649
10	579
2	149
42	0
1	91
0	25
58	3
3	94
0	341
0	342
0	472
0	341
10	71
0	348
0	354
3	324
81	485
0	114
0	0
0	0
0	0
0	0
0	0
2	0
19	0
926	327
1	327
91	0
0	0
0	0
0	0
0	0
0	0
0	0
1	2718
2	7002
0	1667
23	2572
0	0
14	0
0	0
0	207
15	6856
1	428
4	734
0	0
0	0
0	0
0	0
0	0
0	0
14	1414
12	1414
1	106
1	19
0	67
1	207
1	617
21	6
0	2
1	2
5	0
0	0
5	0
0	0
0	0
0	0
586	290
2	290
10	214
0	0
0	0
1	55
24	91
0	436
0	17
1	7
3	59
0	366
0	332
10	302
942	608
0	67
20	0
4	293
13	457
0	309
590	4984
14	4898
47	3562
7	345
36	1263
35	476
120	111
120	0
11	0
0	2
0	2
0	0
34	0
0	0
0	0
2	0
0	0
1	1638
1	1579
25	217
2	952
49	304
6	1559
3	240
155	0
1	308
2	322
0	125
3	181
49	458
0	574
0	561
177	0
3	18
3	81
23	20
13	28
0	1986
0	0
0	1994
0	71
0	1905
0	1905
1	28
10	107
3	37
1	13
6	232
0	23
0	282
0	253
0	259
0	29
8	206
1	180
10	16
14	0
0	45
6	85
0	22
0	3
10	0
1	1158
0	1205
0	752
0	0
0	0
46	4072
10	4074
2	3605
0	436
2	1269
12	23
1	481
128	3173
0	2112
4	456
13	0
11	597
3	129
42	138
21	1555
2	56
0	0
0	0
1	0
0	0
0	0
1	0
10	1690
131	1690
82	1689
21	0
0	0
0	0
0	3
0	5
0	5
0	0
81	2810
12	2810
0	0
208	380
7	2
18	378
0	87
2782	457
0	92
1	0
8	178
5	187
429	3137
1	3137
0	0
0	0
0	0
0	0
0	0
0	0
0	0
0	0
0	0
0	0
0	0
0	0
0	0
0	0
0	0
0	0
0	0
0	0
5	0
9	68
0	319
1	190
1	192
0	19
5	43
0	226
0	288
1	309
0	0
0	104
0	95
6	0
0	251
0	250
0	261
0	261
0	250
0	262
0	265
0	246
0	246
1	13
0	260
0	265
0	250
0	277
0	271
0	286
0	276
2	0
0	27
1	3
0	156
0	1
0	0
0	0
3	0
1	0
0	0
0	0
0	0
0	0
0	0
0	0
14	363
0	0
0	0
0	0
0	0
0	0
0	0
0	0
0	0
0	0
0	0
0	1
9	14
0	14
0	14
0	13
0	14
0	15
1	9
2	29
1	9
0	9
0	9
1	0
0	0
0	0
0	0
0	0
0	0
1	0
752	306
0	311
7	243
32	88
0	2
0	2
9	14
3	13
0	8
1	8
0	12
0	0
0	7
416	958
0	939
16	751
0	0
0	0
0	0
0	0
0	0
0	0
0	0
0	0
0	0
0	0
0	0
0	0
0	0
1	0
0	0
0	0
2	0
0	0
1	0
0	0
0	335
0	0
3	1442
0	1516
21	1594
2	1401
155	1
126	1524
121	85
0	115
1	567
0	0
458	7196
32	7196
0	0
1	0
0	0
0	0
0	0
0	0
19	2700
732	0
5	0
0	0
0	1
0	1
0	0
0	1
0	0
0	0
6	0
0	0
0	0
0	0
0	0
0	0
0	6
0	0
0	0
0	2
0	0
0	0
0	0
0	0
0	0
0	0
0	0
5	3130
2	3130
142	2954
1097	405
0	403
0	0
0	0
0	0
0	0
0	0
0	0
0	0
0	0
0	0
0	0
0	0
0	0
0	0
0	0
0	0
0	0
0	0
0	0
0	0
0	0
0	0
0	0
0	0
0	0
0	0
0	0
0	0
0	0
0	0
0	0
0	3
0	0
0	0
0	0
0	0
0	0
0	0
0	0
0	0
0	0
0	0
0	0
0	0
0	0
0	0
0	0
0	0
0	0
0	0
0	0
0	0
0	0
0	0
0	0
0	0
0	0
0	0
0	0
0	0
0	0
0	0
0	0
0	0
0	0
0	0
0	0
0	0
0	0
0	0
0	0
0	0
0	0
0	0
0	0
0	0
0	0
0	0
0	0
0	0
0	0
0	0
0	0
0	0
0	0
0	5
0	1
0	0
0	0
0	0
0	0
93	7067
1267	7067
0	0
911	0
0	447
502	365
0	335
0	414
41	16
25	51
0	332
10	0
100	1943
8	1943
5	689
1	472
0	253
0	132
1	13
78	117
1921	1341
2	1413
2	245
1	129
674	1
6	1
0	0
0	0
0	0
4	792
1065	873
1	0
0	761
0	787
0	33
0	96
1	688
17	35
0	82
0	0
0	0
0	2
0	0
0	0
6	113
0	113
0	0
0	0
18	26
0	13
3	7
6	190
2	204
0	57
2	74
27	57
5	36
9	69
23	6412
48	807
12	6252
0	5894
0	6022
89	63
9	3491
0	3494
8	855
201	125
206	26
96	36
91	1
92	59
22	61
0	61
0	0
1153	50
0	0
0	50
55	34
0	12
0	9
0	0
0	6
0	12
12	25
2	25
0	1
1	0
4	3
0	3
1	1
11	1377
0	1559
32	542
16	859
10	5
12	37
70	8
0	0
21	365
137	365
16	0
16	114
0	42
0	75
5	8
2	9
13	0
0	0
0	0
1	0
40	37
11	37
0	0
0	34
0	7
2	29
5	25
0	0
96	3
45	3
163	79
0	77
0	4
9	4
10	0
917	0
1448	0
0	0
5	0
23	863
13	818
0	199
0	28
5703	14
1	5
13	8
0	0
0	0
0	0
0	0
2	17
0	0
12	775
88	776
3	693
15	48
41	0
55	0
3	42
0	36
25	126
139	127
0	0
0	0
0	0
0	344
0	348
0	235
0	238
2	21
0	14
1	10
1	6365
0	6645
14	4136
0	4144
0	2784
0	0
0	992
8	853
4	415
1	386
70	284
0	0
0	2382
1	2102
80	745
1	1445
3	1179
0	232
0	0
0	0
0	0
0	0
0	0
0	5
0	1
0	4
1	559
0	175
0	492
0	164
9	88
493	607
1	545
0	0
0	98
1	119
3	162
0	0
7	8
0	54
110	18
0	18
0	55
0	79
2	0
0	148
3	134
2	43
18	67
0	60
0	15
17	12
0	12
3	0
0	68
6	60
1	22
0	4
0	55
0	128
0	126
0	109
0	108
0	39
0	103
0	102
0	62
0	12
458	307
0	101
19	32
0	135
1	148
0	48
0	0
0	6
0	3
6200	284
0	0
17	284
0	0
0	0
0	0
0	0
0	0
0	0
0	0
0	2
41	99
0	99
0	0
0	6
0	0
0	9
0	9
0	5910
6	5185
0	0
0	0
5	0
87	5909
2	0
24	5424
64	5907
6	620
23	2355
41	0
21	549
3	83
0	0
1536	2
1	0
4	0
1	0
1881	938
9	4
194	938
0	539
19	947
47	933
0	91
0	903
16	250
76	0
5247	2612
0	657
87	0
11	729
10	1432
9	1119
2	0
2	0
10	0
0	2444
3	31
12	285
258	2022
53	2326
0	633
3	6
0	0
0	0
0	0
0	0
0	0
0	0
0	0
0	0
0	0
0	0
0	0
0	0
0	0
0	0
0	0
0	0
0	0
0	0
0	0
0	0
0	1
0	0
0	0
0	0
0	0
0	0
0	0
0	0
0	0
0	0
0	0
0	0
0	0
0	0
0	0
0	0
0	0
0	0
0	0
0	0
0	0
0	0
0	0
0	0
0	0
0	0
0	0
0	0
0	0
0	0
0	0
0	0
0	1
0	0
0	1
0	0
0	0
0	0
0	0
0	0
0	0
0	0
0	0
0	0
0	0
0	0
0	0
0	0
0	0
0	0
0	0
0	0
0	0
0	0
0	0
0	0
0	1
0	1
0	0
0	0
0	0
0	0
0	0
4	6536
0	0
70	0
17	103
1127	1456
11	1048
3	1403
0	1432
7	869
16	13
1	112
0	70
4	57
0	8
0	0
0	718
0	718
22	368
88	19
0	15
0	4
0	0
1	0
0	1
0	4
0	1
0	0
0	565
305	3948
3	1063
298	1446
80	0
4	2018
2	1607
65	468
18	926
0	627
0	0
0	0
2	0
0	0
11	0
1	0
2	0
0	0
0	0
14	0
59	513
1134	501
8	0
0	21
14	21
0	0
0	5
5	9
1	5
0	0
0	0
28	226
0	0
0	0
0	0
0	0
0	0
1073	901
36	899
1	199
32	0
3	0
0	0
0	4
0	0
0	2
1	2
0	1
0	0
0	1
0	0
0	1
2	0
0	0
0	1
0	0
0	1
0	0
0	0
0	4
5	0
0	0
0	0
0	0
0	0
0	0
2	263
27	628
1	628
326	722
0	212
4	225
1	616
2	28
0	2
2	0
0	1007
3	1001
0	942
0	396
10	112
0	0
11	2
2	2
0	0
0	0
0	2
0	0
0	0
0	0
2	0
0	0
0	0
0	0
0	0
0	0
0	2
0	0
0	0
0	0
0	0
0	0
0	0
0	0
0	0
0	0
0	0
354	1222
0	1022
0	1157
0	958
0	799
0	494
0	360
7	657
9	132
1	338
0	32
7	4
0	4
0	1135
83	2640
349	2012
25	1960
16	314
52	1498
7	327
255	510
6	510
6	179
0	0
13	32
79	7
0	0
1	10
0	11
0	5
1	4
0	0
0	0
1	2
1	2
0	0
17	1104
362	5268
1	1230
0	5221
26	2815
12	192
0	1024
0	646
24	670
10	500
76	0
50	0
33	54
0	0
223	54
0	0
11	18
0	46
0	0
0	0
11	0
12	1354
0	1366
2	975
22	257
0	0
4	3
0	0
25	2169
79	444
10	917
0	584
1	913
0	832
19	1498
549	12812
3	10501
30	10501
12	2609
0	0
824	566
0	571
10	264
102	204
0	48
2	0
592	657
0	657
22	294
2	45
0	245
1	17
1	25
3	22
2	6
1	51
2	139
3	17
4	658
7	270
0	66
1	372
6	457
36	2
0	89
1	188
0	234
0	214
0	240
0	233
4	24
0	52
20	0
6	9
2	6
2	0
0	0
27	0
5	4
0	241
5	241
6	241
0	11
4	0
0	0
0	0
0	6
0	0
0	0
0	0
3	0
2354	305
40	0
0	305
40	0
505	3889
1	681
0	3361
40	3347
0	1
0	1
2	1
2	1
1	1
0	104
25	1180
4	84
1	0
19	0
0	0
1	0
0	0
0	83
0	0
0	0
0	0
0	237
0	255
52	25
0	234
6	224
0	224
0	30
33	215
0	34
0	27
0	29
0	34
0	34
0	9
0	17
0	1
1	0
0	2
0	10
0	4
0	0
0	2
0	0
0	0
0	0
0	0
0	0
2	0
3	499
0	395
12	192
844	526
0	0
32	108
0	0
19	0
0	0
0	0
1	5
0	5
0	4
0	4
0	2
0	2
0	2
0	0
33	302
53	2655
0	691
0	2657
8	9
0	358
0	426
74	426
0	323
1	57
3	0
0	0
0	21
0	37
0	45
0	0
527	678
27	678
35	0
0	407
1	582
527	622
3	453
1	360
0	244
0	0
1	1
0	1
0	0
0	0
3960	1433
11	1431
0	1
0	0
0	1
0	0
160	0
0	0
0	0
0	0
0	0
0	80
7	86
0	0
0	77
0	15
0	15
0	3
0	78
892	553
7	505
91	48
0	1386
0	1362
0	895
3	371
5	418
7	11
0	1
10	105
2	60
2	20
92	92
0	91
49	1
42	90
11	90
0	0
1	0
0	0
2	5
0	95
6	118
0	123
0	88
0	479
20	470
0	341
3	53
9	308
0	310
1	73
3	53
0	31
10	6
0	352
7	148
0	19
5	367
0	312
12	262
1	14
0	14
0	0
0	0
0	0
2471	0
18	0
460	71
1	7
3	15
0	50
5	0
23	1171
3	1210
1	144
82	134
0	26
1	28
0	90
0	107
0	6
5	24
0	0
12	0
0	6659
0	0
4	345
4	134
7	453
33	551
1	301
6	0
0	172
57	0
5	48
27	28
0	0
0	0
0	0
0	2
0	0
0	0
0	0
0	0
0	0
0	0
0	0
0	0
0	0
1	0
1	2
0	0
0	0
0	0
91	2700
1	2725
0	2740
1	361
2	293
2	177
1	1156
1	436
3	302
15	196
2	162
1	55
106	0
0	0
397	82
2	94
1	71
0	18
6	54
1	31
0	0
0	5
0	13
0	13
0	3
0	0
0	5
0	0
0	5
0	0
0	328
0	343
0	312
6	348
1	335
0	184
4	13
0	23
0	0
527	798
0	605
0	84
25	29
0	304
3	0
0	0
13	0
0	0
25	16
0	0
0	0
2	16
0	0
4	0
0	0
0	23
84	23
0	12
0	0
0	15
2	0
3	19
0	33
0	33
16	659
3	39
29	626
2	195
34	218
1	69
5	247
0	20
0	0
0	0
0	3
0	3
0	0
4	0
2	268
0	219
3	32
0	264
0	261
0	92
0	25
5	37
3	455
2	563
0	496
0	54
0	574
0	461
3	0
0	48
4	0
4	0
0	0
0	0
8	171
0	171
0	171
0	25
2	1
0	1
823	1210
2	662
3	278
10	836
33	0
0	556
8	35
0	458
0	503
0	146
0	280
0	116
1	0
0	0
2	0
2	0
0	0
1012	20928
42	11035
11	11812
20	2453
62	7043
0	43
14	0
82	3417
0	0
350	329
0	301
0	28
1	0
0	0
8	913
1	986
0	1037
3	1172
2	118
2	150
0	796
1	1173
84	1220
0	216
0	780
3	194
14	10
9	916
0	245
4	120
2	204
13	204
457	929
18	926
0	193
10	188
4	56
250	81
10	28
0	0
0	0
0	26
0	0
1331	1
9	1
11	0
0	608
94	642
0	506
1	0
1	0
12	0
1	2
0	4
1	4
2	1
0	1
0	1
0	1
0	0
1168	1150
1	74
9	1084
0	0
0	0
1	147
1	123
0	49
81	133
46	643
2573	737
2	298
4	35
12	96
0	2
14	1
0	1
0	0
12	2200
1	4535
0	4196
36	4042
19	217
5	3179
10	116
5	15
45	2986
0	203
8	415
51	40
0	158
0	108
9	122
6	454
0	436
1	318
6	9
25	0
0	1065
0	994
0	1068
0	1035
1	921
52	690
8	891
11	459
8	16
3	106
3	153
0	327
2	253
0	327
1	134
0	285
1	235
2	17
0	8
0	8
0	8
0	4
0	0
0	178
14	26
38	2186
157	2352
11	378
1	8
1	3
0	8
0	6
0	3
0	2
0	0
0	0
0	0
0	0
0	0
0	0
0	0
0	0
0	0
0	0
0	0
0	0
0	0
0	0
0	0
0	0
0	4
0	0
0	0
0	0
0	0
0	0
0	0
0	0
0	0
0	0
0	0
0	0
0	0
0	0
0	0
0	0
0	0
0	0
0	0
0	0
0	0
0	0
0	0
0	0
0	0
0	0
0	0
0	0
0	0
0	0
0	0
0	0
0	0
0	0
0	0
14	228
24	228
2	120
0	0
0	0
118	0
133	7
16	9
0	0
3	0
15	0
7	0
3	66
0	10
0	4
0	0
0	365
9	25
0	139
5	139
7	2
33	365
0	301
67	5
0	3
0	108
7	108
1	7
0	0
0	0
0	7
0	7
13	317
11	163
4	281
3	85
2	88
10	38
2	26
0	37
9	36
0	14
0	16
0	39
57	169
0	27
0	38
0	154
3	4
14	60
0	752
0	1693
0	1437
3	1309
2	1084
0	1643
0	1648
6	343
8	101
4	0
8	2
8	146
0	3
1	1
6	205
7	6
0	6
1	1
0	1
0	1
835	2713
36	219
7	214
6	2730
23	610
23	0
2	0
0	1532
0	1626
14	1747
0	520
2	129
5	165
17	1094
6	1125
0	0
0	0
13	109
0	245
15	74
0	50
0	23
0	19
475	952
0	134
6	598
11	29
0	312
0	0
1	0
0	251
0	0
0	187
0	44
0	42
0	54
1	52
1	32
0	44
0	0
0	0
0	0
0	0
0	0
44	693
0	704
10	458
28	613
2	459
183	38
0	103
1	0
0	0
0	0
0	0
0	0
0	0
1	0
2	1
0	1
0	1
257	366
1	176
0	166
0	159
1	107
0	8
311	135
0	59
5	25
2	0
0	51
23	0
0	4692
4	4369
10	4687
0	0
2	96
15	65
0	0
9	158
1	33
3	76
47	209
12	834
7	807
0	112
0	0
6	0
6	610
0	825
0	738
0	791
0	801
7	202
0	142
565	649
0	141
0	137
3	47
4	632
16	24
1	27
3	8
8	23
0	37
1	31
90	143
2	89
1	67
0	87
6	8
2	543
69	543
4	8
1	85
1	11
0	0
0	543
10	543
1	8
2	0
27	0
0	0
0	0
5	0
5	0
1	0
0	54
0	7
0	10
0	0
0	0
0	0
75	1104
58	1104
2	132
21	53
0	0
4	10
552	10
35	0
0	0
0	0
0	0
0	0
0	0
0	0
0	0
0	0
0	0
0	0
0	0
0	0
0	0
0	0
0	0
0	0
0	59
0	59
0	0
0	0
0	0
0	0
0	0
0	0
0	0
0	0
0	0
0	0
0	0
0	1
0	1
0	0
0	0
0	0
0	0
0	1
0	1
0	1
0	0
0	0
0	0
0	467
12	220
1	437
0	467
1	25
0	87
1	14
2	0
756	380
0	170
0	115
6	115
0	147
0	190
7	167
3	24
1	97
2	41
6	701
0	116
7	603
8	583
0	131
0	0
18	0
1	5
0	0
0	0
0	81
20	16
0	10
0	7
0	5
0	1
1	3
1	2
0	27
1	27
0	22
0	26
0	13
0	13
0	0
0	0
0	0
0	0
0	0
0	0
0	0
2	25
0	11
3	14
0	0
0	0
0	0
0	0
1	10
255	511
6	496
3	47
1	206
9	11
15	44
0	0
0	1
0	1
1	14
0	1
0	0
0	0
0	9
0	9
0	9
0	8
0	6
0	5
0	8
0	3
0	3
1	0
0	3
49	2422
17	2423
2939	2423
1	0
51	0
0	0
0	0
13	0
2	0
1	606
0	559
16	274
0	321
2	225
22	204
11	110
0	16
1	6
0	45
2	0
0	0
0	0
0	0
0	0
14	9
53	358
0	114
4	97
0	246
8	0
110	58
0	56
0	0
0	2
0	0
0	0
0	0
0	0
260	0
252	893
1	844
8	23
0	141
10	3
7	24
1	64
0	6
28	1045
12	369
11	908
3	265
0	93
0	404
0	250
1013	4
2	4
0	0
1	56
100	58
0	18
1	18
0	2
6	0
0	5649
1	6668
3	0
1	1525
6	1036
0	69
10	179
0	1116
0	738
0	0
2	340
1	116
136	160
136	0
0	0
0	0
184	663
0	636
0	394
0	20
0	7
0	17
0	0
0	0
0	0
0	0
0	0
5	10
0	9
0	2
0	2
0	1
0	0
0	58
0	0
377	253
9	245
4	56
15	0
2	0
9	0
1	79
4	77
0	4
7	271
4	275
0	84
4	238
1	86
17	0
1	417
0	417
4	13
1	322
0	0
0	3
0	0
0	0
0	0
0	0
0	11
0	8
0	27
0	24
0	10
0	10
0	11
0	11
0	3
5	0
1609	3438
2	2921
24	1215
2	885
7	183
0	498
4	248
128	3199
0	3150
4	385
1	2220
0	317
0	0
386	189
0	101
26	141
1	417
2	908
30	965
0	400
0	448
6	1053
0	101
12	0
303	69
3	69
0	75
0	75
2	55
0	55
0	50
0	54
1	8
0	19
659	695
2	660
0	558
0	191
1	19
1	184
10	0
0	21
2	133
0	0
6	0
0	0
4	4
0	730
0	717
0	380
0	707
0	726
7	563
0	472
2	15
0	118
41	44
14	296
1	142
258	0
0	128
0	16
0	36
36	104
51	0
200	6175
0	3295
47	2491
1	3660
0	2992
32	6
102	28
0	30
23	5
82	54
0	50
0	1
9	0
0	0
0	0
0	1
0	1
0	0
0	0
0	0
0	0
99	1097
3	133
0	196
4	117
4	224
1	857
0	306
27	0
6	103
0	0
7	1070
34	1070
0	151
0	271
6	133
1	279
398	213
1	127
3	73
0	65
0	121
223	308
0	212
0	171
19	37
1	0
5	0
1	0
1	0
20	0
808	1138
1	32
0	108
34	0
0	18
66	1
23	994
0	0
6	347
1	358
0	313
7	2213
285	2259
4	577
2	308
1076	294
0	222
9	72
15574	1112
3	1032
0	28
1	28
0	26
0	21
0	21
0	9
8	1
0	0
0	394
2	26
4	290
1	313
5	18
0	236
14	4154
34	4122
0	4345
10	464
0	3437
20	240
0	376
9	161
0	374
60	45
0	1
46	235
534	461
5	47
2	414
0	0
258	4369
22	2745
0	2565
10	3270
2	337
0	618
7	1
8	2
0	1
0	2
0	0
237	857
1	629
0	556
0	868
0	530
357	0
442	0
1243	4562
10	4562
7	0
0	0
0	0
0	0
3	0
7	0
82	119
20	79
1	113
2	72
1	0
0	60
0	39
3	48
0	31
0	0
0	0
0	0
0	0
0	0
0	0
0	0
1	168
0	178
10	66
0	50
2	88
1	69
1521	368
1036	368
0	0
35	3159
3	3012
23	2119
4	1371
2	0
0	84
0	3056
73	558
13	528
0	220
0	1806
3	154
51	432
2	168
19	126
11519	29126
2	23995
2	14378
11	10490
2012	3058
2	920
49	327
25	847
26	0
0	0
0	96
3	2108
12	22
0	29
12	109
11	0
1206	781
2	781
0	0
2	171
39	390
6	195
0	195
0	18
5	81
7	65
5	19
0	94
4	78
1	1392
4	388
1	143
3	158
0	414
0	1282
125	1414
0	1233
0	1334
2	7
5	97
9	0
29	6
21	2
3	43
22	963
0	971
0	187
4	652
0	16
0	427
24	26
0	0
32	1782
0	1772
10	460
11	447
0	692
0	477
5	521
27	218
3	63
0	0
0	0
0	0
5	5
0	5
0	0
8	6
0	6
0	0
0	0
0	0
0	0
0	0
0	0
0	0
811	317
0	317
0	0
6	0
0	72
0	72
2	38
0	0
0	0
0	0
0	0
0	0
3	5
0	0
0	0
0	0
0	0
0	0
8	2801
217	1275
33	2148
0	43
21	216
0	75
1	0
70	2321
0	322
62	0
30	218
0	2380
0	2259
74	872
0	1363
31	35
0	0
0	296
16	998
2960	2318
0	2218
2	1364
5	430
0	0
39	0
5	0
9	14
0	14
2	2028
0	883
11	538
4	230
17	1785
0	4
2	1265
1008	1836
113	98
0	397
16	1785
5	485
0	349
111	743
16	729
0	77
0	0
1	313
10	67
2	0
0	0
0	4
15	4
0	0
1	24
0	9
92	251
0	249
1	212
0	222
0	0
0	7
0	0
0	0
12	963
26	125
6	985
0	469
0	57
1	0
0	0
73	327
0	323
19	319
1	240
0	26
1	1
1352	820
53	0
24	820
0	0
0	0
1	0
0	46
2	45
5	7
0	0
0	0
0	8
1	4
0	1
524	2
0	0
0	0
0	0
3	2
0	2
36	299
252	2526
4	2501
5	48
0	0
120	0
46	0
128	0
47	0
81	0
28	982
76	658
0	0
0	0
0	0
0	0
0	0
1	0
0	0
0	0
0	11
3	11
0	1
5	0
6	0
1	0
1	0
17	0
0	0
99	813
0	3500
20	3502
36	3490
7	478
0	158
123	12
0	0
0	0
0	0
0	0
0	0
0	0
0	0
0	0
0	0
0	0
0	0
12	805
3	50
0	763
0	116
0	0
1	0
0	222
0	93
0	10
2	228
0	60
0	60
1	0
0	0
0	0
0	0
0	0
0	0
9	253
7	253
0	72
0	0
0	0
0	0
2	0
0	0
146	647
21	504
0	436
17	765
0	705
3	683
0	0
0	59
0	416
8	61
1694	768
2	768
40	0
83	111
31	0
0	22
4	22
7	65
3	38
0	7
3	116
0	200
0	190
0	109
253	2657
35	2657
3	367
6	78
4	0
0	0
0	0
0	0
0	0
0	11
0	11
0	0
0	0
25	77
0	77
1	43
1	12
0	9
0	7
0	165
1	159
1	78
0	18
0	0
197	232
2	23
4	15
1	202
0	0
1	0
0	0
0	0
57	18
1	5
0	15
0	3
0	34
3	34
1	0
0	0
0	1
0	0
0	0
84	1313
18	1309
19	213
1340	881
1	0
0	0
0	2
0	2
0	2
0	0
0	0
12	4669
39	4527
53	4564
0	524
61	0
5017	13439
13	2428
99	33
0	33
14	4392
67	1769
6	6029
3	1198
11	6200
2364	1315
1	535
11	472
0	140
0	739
2	14
0	75
0	0
20	266
59	761
0	1121
11	1084
9	278
21	237
3	83
0	18
1	0
4	0
5	0
418	1271
0	916
40	487
9	950
20	0
11	143
5	172
0	53
190	1995
8	1637
0	701
1	5
0	7
0	9
0	5
0	0
0	7
0	5
0	9
0	8
0	4
0	0
0	43
0	0
79	69
43	1033
22	1188
0	1014
2	97
3	182
0	313
0	901
0	660
0	748
0	776
40	126
5	0
2	55
13	251
0	20
521	8366
30	1775
1	3276
0	1572
11	6675
25	1381
16	2001
16	0
139	130
0	25
6	10
7	85
0	28
2	386
1	396
1	245
12	302
0	97
0	21
8	1940
2	1687
30	174
3	1867
1	278
34	266
0	109
2	1518
22	1046
0	68
6	1147
0	474
0	143
136	0
0	0
68	0
0	980
7	269
86	21
6	521
11	202
0	40
0	11
15	36
192	27
0	105
0	160
0	12
8	26
18	31
4	11
0	84
27	510
1	532
0	29
1	331
0	334
2	302
3	84
0	0
0	38
5	0
4	0
14	926
11	1017
3	146
6	33
0	33
0	4
0	31
0	6
0	3
0	2
1	2
0	1
0	0
0	0
0	0
0	0
0	0
0	0
0	0
0	0
0	0
0	0
0	0
0	0
0	0
0	0
0	0
0	0
0	0
0	0
0	0
0	0
0	0
0	0
0	0
10	5981
1	5483
0	3823
0	3322
3	1888
47	708
139	0
0	1349
19	326
0	1107
0	1460
7	13
7	162
1	30
0	6
0	162
167	129
0	129
0	18
6	11
39	35
0	0
828	1051
0	1051
20	0
24	56
0	10
2	61
1	6
34	3
204	886
85	856
6	487
0	414
2	762
2	384
0	329
0	454
49	126
222	0
3	424
19	512
1	121
2	204
1	0
0	195
4	92
99	4691
11	908
4	64
0	3980
0	2011
6	3448
0	3448
6	139
25	0
0	1010
0	1010
30	723
0	0
1	87
0	138
0	0
195	12997
14	10613
62	12671
207	0
3	874
7	863
93	0
3	0
0	0
98	408
1	175
2	0
0	23
0	0
0	73
0	145
5	116
0	95
6	0
0	24
102	337
2	220
2	149
10	40
4	0
1	164
0	23
0	139
0	0
0	0
29	3002
245	124
22	263
0	852
0	2640
0	1010
0	1362
6	54
5	471
200	279
5	274
42	185
2	33
7	192
0	37
0	27
1	33
2	73
2	56
1	8
2	0
45	5389
65	5129
0	4904
0	4779
7	5103
59	5026
0	5263
6	1012
0	1362
1	0
21	803
0	463
0	1690
0	711
204	2514
16	1578
0	941
13	647
947	141
3	141
0	1136
27	899
1	974
0	1118
1	362
0	858
35	330
0	209
1	165
0	86
0	40
0	40
3	263
15	0
0	192
1	97
0	63
0	33
1	32
1	131
0	74
0	2
63	0
0	1
0	1
0	563
75	563
12	168
0	0
0	0
0	0
21	0
0	0
0	0
0	0
2	2
0	34
44	94
2	39
0	74
0	15
2	36
4	14
0	31
0	783
0	785
20	0
0	40
0	779
75	1
0	0
21	1
24	15
17	11
18	0
83	11
56	8
35	10
29	0
19	172
0	660
121	704
0	668
13	40
0	33
0	20
214	350
0	100
2	57
4	176
0	192
0	44
2	0
21	287
200	380
10	44
27	0
2	246
0	67
2	11
0	1527
0	18
0	18
0	18
0	11
1	0
0	2
0	0
0	1
1	0
0	0
2	0
0	0
4	516
3	543
183	38
1	0
0	22
9	22
0	1
0	1
10	335
66	2111
83	0
12	0
0	53
77	53
0	1776
0	58
1	0
0	0
0	0
0	0
0	0
0	0
0	0
0	0
0	0
25	979
1	0
0	912
0	979
13	721
0	365
64	253
0	278
1	286
3	196
7	27
0	0
0	0
2	1
1130	208
11	27
7	0
1	113
0	79
0	3218
1	3320
0	2425
0	3263
0	1028
0	127
0	2527
4	806
0	2676
76	727
0	316
9	39
0	1510
1	1446
0	0
47	0
18	0
1	0
10	1148
0	1112
10	529
2	287
3	148
7	43
2	144
0	147
0	74
0	1841
0	1921
0	1592
0	1697
0	1741
0	1538
2	1212
19	1217
0	1367
2	375
3	1132
121	1026
0	979
0	827
0	983
84	807
0	733
0	733
0	359
0	174
0	394
0	322
6	105
2	34
1104	253
1	99
3	14
2	19
0	87
4	17
52	0
58	0
478	545
0	58
61	19
0	60
0	498
1	20
0	52
4	24
1	52
0	2
0	4
10	0
1549	585
0	59
1	239
0	0
1	140
2	250
0	109
2	86
594	257
0	1
1	252
1	5
0	0
12	0
194	181
11	92
0	109
0	127
0	29
22	27
12	73
12	73
36	339
7	227
7	305
0	84
0	108
0	70
1	83
4	186
0	58
0	135
8	135
131	620
1	478
6	352
2	28
0	473
5	475
1	473
9	413
5	141
0	38
1	5
6	137
19	40
1	19
0	0
0	0
0	0
0	0
0	0
181	624
1	636
0	576
0	80
0	0
0	40
1	10
5	8
24	0
1	288
1	200
1	0
0	129
2	103
4	40
142	40
507	1533
21	1396
3	1138
1	1100
0	461
0	6202
3	6285
7	3718
2	585
15	3
8	0
37	12
1	1918
0	301
2	1873
19	19
1	1592
77	1292
6	660
10	607
4	201
0	44
70	0
6	0
0	0
0	0
793	2667
0	2636
38	0
41	1948
2	2668
6	602
26	827
0	1467
0	262
0	1743
2	549
10	885
1	1075
262	115
0	0
17	115
29	140
0	50
3	140
133	67
0	40
0	22
0	41
3	0
518	12158
0	3006
5	4407
27	0
0	9507
0	475
50	301
1	38
0	444
0	44
6	45
4	47
1383	1029
5	384
1	204
6	648
0	310
0	4
214	770
46	0
3	314
1	280
5	455
7	6
0	179
0	182
6	40
5	8
22	97
0	114
749	3664
11	2599
3	520
0	0
29	2056
0	0
2	273
0	4
0	4
0	19
0	19
0	0
0	1
0	0
0	9
0	0
124	33
0	25
0	20
21	3077
3	123
0	432
60	0
0	155
3	2886
0	41
0	41
0	9
0	1245
0	2123
0	2091
3	2064
0	2068
2	1761
0	1669
3	358
12	186
8	44
10	27
3	26
22	770
7	273
2	90
0	0
0	0
3	0
23	839
0	805
0	182
0	44
22	31
0	539
0	235
0	173
0	21
0	0
18	0
13	0
0	0
771	66435
27	65188
2	4744
0	3
0	3
507	168
2	52
0	70
2	46
0	0
752	123
1	121
1	0
3388	461
0	0
11	371
4	154
0	4
0	0
0	19
0	2
6	4
0	4
0	0
0	0
0	0
0	0
0	0
0	0
0	0
0	0
0	0
0	0
1	2
0	0
0	0
0	0
0	0
0	0
0	0
0	0
0	0
0	0
0	0
0	0
0	0
0	0
0	0
0	0
0	0
0	0
21	26
0	0
0	0
0	0
0	0
0	0
0	26
0	26
0	4
0	0
15	459
0	402
0	454
0	72
0	112
0	6
0	6
0	76
0	10
0	27
57	26
1	0
18	75
213	85
0	24
14	3
0	0
2	0
1	0
0	3
0	2
1	0
0	0
0	0
0	0
0	0
0	0
0	0
0	1
0	36
0	34
0	1
2	14
0	1
2	0
134	0
0	0
0	0
0	0
0	0
5	70
0	69
0	3
0	54
0	62
0	59
11	55
0	0
0	0
1	9
0	2
5	253
4	237
1	40
1	4
0	83
3	99
1	21
0	32
2	12
166	8093
0	449
27	7707
49	215
7	27
12	215
19	408
0	0
0	0
4	0
3	814
0	618
64	548
22	1160
0	41
0	180
0	67
0	20
14	84
1	83
31	338
0	73
97	0
20	186
1	64
10	72
210	16
0	16
1	2689
119	0
0	0
0	0
0	0
373	765
7	617
8	533
1	178
1	839
6	720
8	169
0	149
0	498
0	573
8	39
246	1460
0	1376
0	1376
0	469
3	3
39	3
11	142
0	1
0	83
95	177
0	21
0	52
2	88
0	38
10	59
0	10
5887	1648
3	0
12	1266
4	275
23	382
0	0
5	200
0	29
0	31
0	176
0	53
0	110
4	2
0	2
0	2
0	0
1	0
0	0
2	0
343	7477
55	6550
41	2154
10	0
0	2160
0	12
0	11
17	7
1	1
36	1280
463	1236
1	191
1	27
114	0
50	0
0	160
29	2171
0	1756
3	100
19	777
0	369
12	566
6	818
2	357
0	831
0	819
1	380
0	233
0	14
12	2
228	326
0	186
0	100
0	194
2	169
0	78
0	356
20	356
0	85
0	0
2	82
126	37
3	15
0	26
1	1075
0	301
0	234
0	1064
3	125
5	124
10	356
1	65
0	1
14	137
0	78
0	0
0	341
3	2209
1	216
26	0
96	2199
30	0
1114	873
10	873
21	689
0	318
0	189
0	369
0	369
9	310
485	359
0	209
0	0
0	0
0	0
0	0
0	0
0	0
2	0
0	0
0	0
0	0
8	21
0	0
0	0
0	21
0	0
0	14
0	0
0	14
0	2
0	0
87	613
1	601
0	605
1	362
26	385
0	327
5	93
1	24
40	0
14	78
5	20
42	31
0	0
2	0
1	0
0	0
0	0
2	0
0	0
1	0
3	10
0	0
2	0
1	0
2	0
0	0
1	0
3	0
8	0
1	0
11	0
0	0
0	7
0	2
1	9
0	0
1	0
1	0
2	0
4	0
3	0
4	0
2	0
0	0
0	0
0	0
0	0
0	0
0	156
0	0
0	0
0	38
0	1
0	0
1	0
366	23
0	6
1	17
352	163
0	163
6	6
22	14
0	14
9	78
163	151
11	0
4	0
1	32
0	32
0	47
0	78
0	170
0	186
2	170
0	43
0	34
0	12
0	5438
0	5411
0	5501
125	5264
0	5278
0	4616
0	5313
0	5376
0	5344
0	5286
11	970
6	232
9	3535
34	0
2	692
1	121
1	506
3	1023
37	3
2	217
0	137
234	0
1	396
0	363
19	206
0	394
0	224
3	238
54	3
6	0
0	0
0	3457
0	3371
0	3375
0	498
0	2634
0	2623
0	2492
0	3120
0	3167
5	1352
0	2542
0	3098
0	3260
0	3244
6	135
18	1363
5	419
0	271
0	457
34	1810
1	444
0	485
47	58
0	347
0	288
10	371
0	447
0	387
96	289
0	152
0	128
0	0
0	0
0	0
0	1
6	0
53	2765
5	2765
1	129
49	0
2	0
3	0
2	0
0	0
0	236
185	1194
15	376
1	251
22	131
2	684
4	102
0	108
0	101
0	52
0	55
0	40
2	18
0	18
0	18
1	3
102	8425
135	8248
95	1908
92	1534
90	2
0	389
1	365
4	302
1	6
3	43
8	97
1	0
77	613
3	533
0	429
15	1
66	8
1	0
0	0
0	0
0	0
0	0
0	0
0	0
8	0
39	260
0	215
0	238
0	193
0	191
18	38
0	79
1	33
5	52
11307	4
9064	0
6	7
0	7
0	0
21	0
0	945
8	1179
1	49
1	1167
12	755
2	885
3	576
44	527
66	396
0	273
2	284
4	58
0	313
1	69
4	263
3	57
0	330
12	798
0	563
3	719
0	395
3	145
0	230
0	5
31	0
3	58
4	238
9	35
1	101
0	1
6	0
0	0
348	0
13	27
1	27
2	5
7	27
0	33
5	229
1	220
0	220
2	229
12	227
0	0
3	11
2	22
606	327
1	97
0	272
0	24
6	101
1	491
24	51
0	381
0	106
4	140
3857	1689
89	36
291	222
0	0
1	1659
8	60
43	0
0	0
0	0
0	0
0	0
0	0
0	0
0	0
23	199
0	14
0	13
0	30
16	8
0	31
0	13
0	159
1	79
1027	0
0	0
56	816
7	671
1	0
0	45
4	158
0	124
0	50
3	59
0	21
4	16
4	0
0	0
7	5
0	5
0	0
8	378
2	388
0	4
8	10
2	59
0	55
66	215
0	1
0	0
0	0
6	880
1	0
1	688
118	2677
1	2677
0	3
4	700
12	75
0	550
4	212
205	439
0	168
1	92
0	0
0	266
2	52
0	2
0	3
0	2
0	2
0	3
0	2
0	2
0	2
0	3
37	4092
43	128
0	3431
9	457
7	1219
0	587
8	218
0	0
0	0
0	2
1	2
0	0
0	0
0	1
0	0
0	0
1062	2482
1	2482
0	0
2	1786
2141	1847
119	178
6	178
0	112
0	67
0	67
5	60
1	27
0	3
0	0
0	0
0	0
0	0
2	271
0	255
0	249
3	46
0	266
0	256
0	11
0	2
37	116
73	0
1	2
0	5
0	5
0	5
0	2
0	1
0	937
8	905
36	646
0	914
0	134
0	856
0	842
18	619
0	2
10	4
0	104
0	0
0	0
5	123
0	0
11	8
4	406
67	720
0	374
5	0
7	582
0	517
20	178
0	3
15	353
1	233
11	141
0	58
0	94
2	57
1	235
8	97
1	48
4	212
29	980
2	982
5	112
47	2
215	217
0	130
2	74
1	45
0	0
0	33
0	34
4	1
2	14
0	0
0	1801
0	3124
0	3215
1	1599
0	2177
225	3211
5	3283
0	1672
46	2239
0	2255
1	247
1	0
3	594
85	0
12	981
0	0
134	155
186	0
0	0
0	0
0	0
0	0
0	0
0	0
0	6
0	6
0	0
0	0
0	2
0	0
0	3
0	1
0	1
0	0
0	1
0	0
0	0
119	180
0	58
5	93
0	100
6	16
0	87
0	8
0	5
1	84
53	1581
4	780
281	1565
11	276
4	1001
9	798
16	1846
0	1846
2	251
25	619
1	527
1	440
0	423
11	396
0	74
290	1152
0	880
6	676
0	469
0	330
0	0
1	200
0	0
0	0
0	37
0	37
0	28
0	7
535	1132
0	575
7	517
0	572
9	66
21	261
0	260
7	28
2337	204
27	194
97140	44183
0	12414
6	0
7	0
10	8
0	509
6	509
0	0
0	0
0	0
0	0
0	115
0	98
1	108
7	71
0	0
0	0
0	0
78	17
0	17
0	3492
3	3452
1	3323
15	3089
3	1807
3	751
0	267
11	265
0	55
5	612
0	0
16	269
0	432
0	674
3	366
86	1104
20	208
5	142
5	208
0	0
254	62
0	13
6	52
0	15
376	81
7	19
17	62
0	23
0	0
26	4666
2	3981
18	4503
0	4158
0	4045
0	855
0	855
5	8
0	6
0	0
13	92
0	0
0	32
0	0
17	341
69	341
30	0
11	0
4	61
465	61
115	7100
0	2924
0	5934
0	6298
0	6769
0	6372
41	5010
0	3614
0	4338
26	4179
14	1286
2	2481
1	1220
0	3120
31	2474
0	0
0	0
0	0
0	2
0	0
1	0
0	0
0	1
0	0
0	0
0	2
0	2
0	2
0	0
0	2
0	2
0	2
0	0
0	0
0	0
0	0
0	0
0	142
13	123
3	52
2	94
0	34
0	48
45	381
8	619
2	670
1	170
0	289
0	616
3	40
0	175
7	216
0	94
0	157
0	185
1	64
0	7
0	7
0	4
68	0
3	9
0	757
4	179
1	198
22	870
1	82
6	571
2	446
3	5
11	48
1	87
0	101
2	23
0	6
0	40
0	39
0	5
4	5
4	418
2	416
0	217
1	134
0	18
13	95
0	0
3	5
7	68
5	71
3	59
0	55
3	967
22	933
218	1222
2	37
0	280
0	210
0	3
0	3
0	2
0	49
63	183
0	72
7	135
810	188
3	166
2	119
6	62
2	22
69	42
0	0
2	12
0	10
2	21
42	64
1	33
1	54
0	5
0	3
0	1
0	2
0	1
6	9
3	11
0	0
0	0
1	6
0	7
0	7
0	26
10	27
0	0
2	0
0	0
0	0
902	0
0	0
1	0
10	0
0	0
0	27
1	29
1	3
0	48
1	0
0	0
0	0
0	0
0	0
0	0
0	0
164	4031
0	4036
0	2687
2	2685
0	21
9	704
19	709
0	694
0	697
0	69
1	160
21	706
494	284
0	251
2	51
0	32
18	1124
0	1063
6	179
7	791
0	250
1369	1381
25	314
2	1266
0	0
0	0
0	0
5	760
1	769
5	529
11	643
0	634
5	396
9	106
448	540
0	105
69	59
0	452
0	73
3	106
15	255
9	1050
1	1038
9	914
0	944
16	41
4	284
2	51
13	11
507	117
4	119
0	93
70	0
0	0
0	0
0	0
0	0
1	13
0	42
2	41
0	42
7	40
76	555
8	555
6	427
0	385
2	322
37	375
0	81
1	2
9	18
5	30
0	27
11	48
0	16
0	24
0	26
0	25
0	20
2	106
0	10
0	2
0	101
0	96
0	90
28	98
0	93
0	48
0	34
1	2
1	13
5	11
0	14
0	14
0	2
0	0
0	1
0	0
12	0
0	0
4	0
9	238
0	0
0	0
0	0
356	61
4	49
3	22
2	33
0	53
0	54
0	68
2	0
0	0
0	0
0	0
108	1371
35	1345
1	255
13	1177
0	0
0	0
0	25
96	2
24	0
3	34
0	27
4	313
149	312
0	0
54	137
0	135
11	53
0	52
1	39
0	23
0	0
170	944
172	877
13	539
8	528
3	319
0	118
1	12
0	217
0	217
3	218
0	218
0	198
0	11
0	59
0	57
0	20
0	19
0	18
0	10
13	6
0	6
158	462
0	462
0	56
54	2538
0	2324
4	2462
45	387
0	393
0	2
0	242
12	4
5	1579
4	242
0	0
1	186
1	1534
0	165
0	0
0	223
2	182
0	303
11	72
29	360
0	210
108	713
0	304
0	273
1	624
0	46
8	347
0	726
55	755
0	404
2	429
2	151
1	87
0	0
81	432
0	312
1	45
0	93
0	27
3	53
6	11
0	10
10	14
0	4
11	158
4	160
0	40
0	0
0	1
0	1
0	4
0	1
2	144
2	144
2	21
0	21
7	16
1	0
44	7
0	7
0	0
0	632
13	624
0	15
0	39
1	20
0	0
0	0
0	0
0	0
0	663
58	663
10	24
1	53
44	3140
25	450
0	3151
0	144
9	41
6	103
1	1141
12	27
0	0
0	329
1	233
274	1483
7	82
22	1401
158	712
57	713
4	3
0	148
1	46
18	13
39	254
3	254
34	37
64	355
0	0
11	0
0	0
0	0
0	760
4	831
3	265
22	0
0	0
0	46
0	0
0	3
28	0
4	46
0	0
0	0
1	0
0	86
168	0
9	335
12	370
0	290
1	194
6	95
0	2
0	216
1	227
9	228
0	167
0	13
0	31
0	23
3774	993
6	94
0	0
0	899
0	0
0	0
143	90
0	90
0	0
0	0
0	0
4	0
297	329
0	168
3	329
0	1112
26	1141
1	87
4	2
10	247
4	28
25	295
0	126
24	245
1	182
3	62
3	1
1	10
22	55
0	16
0	33
0	16
1	16
0	528
0	464
9	497
4	175
11	136
9	518
0	0
0	69
0	0
4	69
0	1
1	3
0	40
1195	617
0	615
102	162
8	144
0	18
0	0
0	0
43	540
0	7
0	625
0	0
0	0
0	0
4	0
2	112
0	0
0	0
1	479
0	0
0	31
1966	37
0	15
0	102
0	62
36	325
59	266
0	299
7	19
0	22
0	22
1	22
0	11
0	20
0	1
0	1
2	0
0	5
0	0
20	5
0	0
0	3
0	0
8	39
1467	1251
91	397
1	1240
30	111
0	2
30	2
1553	2417
0	140
9	135
164	2555
7	171
1	208
9	134
0	0
559	353
9	73
0	352
0	6
27	0
72	198
38264	130825
0	4071
0	82676
60	73736
73	55309
184	9934
1	37896
36	26151
104	18404
62	337
0	337
0	146
0	31
0	71
1	60
0	57
206	1155
22	1158
0	586
0	528
17	12
11	0
51	781
0	0
0	98
3	180
2	150
0	0
0	0
0	0
0	0
0	0
0	0
0	0
0	0
7	397
4	393
15	378
25	12
3	0
0	0
0	0
0	0
0	0
0	0
0	0
0	0
2	684
30	703
6	702
8	3
0	88
32	387
5	337
0	197
19	0
0	0
0	0
0	0
3	435
2	587
44	515
2	195
0	0
1	422
1	382
2	316
2	191
2	208
0	209
0	96
0	93
1	59
17	79
1	77
0	73
4	26
1	18
26	1
1	19
1	0
0	2
0	2
0	2
0	0
0	0
4	0
23	0
1	0
3977	4
0	43
0	0
860	159
0	191
25	86
7	3
85	10349
30	9385
1	2326
2	337
0	0
0	479
0	455
0	479
0	479
17	65
0	449
0	449
33	25
0	38
603	494
137	11
1	12
0	71
1	33
8	483
204	506
0	83
3	305
0	260
9	0
45	3
0	0
0	3
21	0
1	0
1227	328
12	328
1	147
0	1
0	1
2	1
7	586
1	509
4	91
0	169
0	450
0	435
8	432
1	247
0	332
1	66
0	20
3	36
4	254
0	157
5	2
0	7
0	53
0	0
1	23
0	3
1	7
0	1
0	4
0	0
1656	631
4	30
10	316
20	287
36	104
0	0
1	0
0	0
0	0
3	0
4406	2
1	0
167	0
482	1740
0	1710
15	13
0	109
5	37
12	72
0	0
24	392
6	628
1	402
1	62
76	0
12	0
10	2
0	2
0	438
0	66
21	499
2466	741
0	11
3	11
0	741
0	1
0	1
0	1
0	0
61	0
0	0
13	5
0	5
5	3
81	371
21	47
0	5401
0	5354
0	5259
23	5212
0	0
0	4967
16	32
8	2386
20	4
9	196
12	60
44	522
0	341
29	999
1	1499
0	1557
9	849
4	241
0	0
0	0
0	0
0	0
0	0
0	0
0	0
0	0
0	0
0	0
0	2
0	0
0	0
205	2188
2	137
0	2186
0	425
8	11
11	799
1251	8588
3	1253
47	2679
6	7122
0	394
0	1780
71	580
0	3010
25	1158
9	991
53	528
1105	1148
11	1123
1	588
66	17
10	25
10	1303
7	118
1	717
14	990
27	1206
15	79
5	496
608	0
0	0
2	521
1	442
1	511
1	393
1	174
1	199
56	457
727	3184
1	3184
0	3184
7	837
62	0
95	112
0	63
30	50
15	467
2	444
1	104
0	9
0	17
0	8
32	201
40	1424
0	188
7	1421
2	96
0	83
0	0
4	54
1	257
3	274
40	0
0	0
0	0
0	0
0	0
0	0
0	0
0	1
0	0
0	0
0	0
0	1
0	0
0	0
0	0
0	0
0	0
0	0
0	0
0	0
0	0
0	0
0	0
0	0
0	0
0	0
0	0
0	0
0	0
0	0
0	0
2	3
0	3
25	0
8	0
22	0
30	2408
0	2368
18	1927
0	552
0	448
1	483
0	232
10	6
52	1667
7	1519
2	467
16	1798
7	180
30	0
37	0
289	0
10	1133
12	34
64	6
2	6
0	0
0	0
0	0
0	0
0	0
0	0
0	0
0	0
0	0
0	0
0	0
0	0
0	0
9	122
0	2
0	2
0	0
0	0
0	0
0	0
0	0
379	1844
6	1844
0	213
0	0
1214	13408
12	39
7	13333
31	13399
31	406
0	0
0	0
26	5961
89	41
1	41
97	979
16	862
0	1027
18	817
42	686
3	692
1	492
7	486
0	120
0	111
1258	156
1	156
1125	74
118	1819
3	1572
0	1576
0	0
1	535
11	584
0	0
0	0
32	2
0	2
0	0
71	0
1	0
0	0
2690	2
0	0
0	0
29	13
2	13
0	0
1	0
0	0
1	0
0	3
0	0
39	2241
168	2198
0	78
8	149
2	374
2	0
12	178
0	962
0	1047
1	101
53	1
0	59
0	2000
106	61
0	196
0	1736
13	47
9	1574
15	61
2	24
131	13
4	140
0	139
0	306
327	370
0	3
0	0
249	365
10	0
0	286
0	0
0	0
1184	828
0	589
2	75
63	553
2	0
0	237
0	186
0	179
11	187
0	59
1	9
0	0
94	51
2	0
0	1
0	0
9	5
0	0
0	0
1	62
0	40
0	32
0	47
1	10
0	26
1278	515
0	511
9	36
0	111
1	53
40	0
0	5
366	2375
9	2213
0	2202
0	806
1	186
0	114
221	435
0	0
0	0
0	0
32	0
0	0
1	0
0	0
157	140
1	46
6	94
3	66
0	60
4	46
31	5
0	0
0	0
0	2
1	0
14	1
0	6
6	4
8	8
0	0
4	8
3	0
1	0
0	0
0	0
1	0
36	75
6	75
6	3
0	0
5	0
1	1
1452	10237
37	9160
27	6909
0	5591
19	2298
0	5236
0	3234
25	3104
0	2173
21	884
6	4
0	4
0	0
5	0
0	0
1	9
2	15
1	0
0	803
0	837
2	824
0	732
0	809
0	68
1	786
0	705
0	41
82	15
38	0
69	657
0	1
0	0
0	1
0	225
2	228
14	57
0	27
0	15
0	0
6	0
0	32
0	0
2	138
0	0
1	0
0	0
0	0
1	0
2	0
1	320
5	51
1	269
2	0
2	0
0	0
0	0
1	0
0	0
0	0
0	1
0	1
4	0
0	0
0	0
0	0
0	0
0	1
0	1
0	1
0	0
0	0
2	1514
9	1923
1	1750
0	1641
1	392
2	96
33	863
0	207
0	131
1	86
0	1
0	0
1	3
333	189
0	43
0	146
0	0
0	0
0	0
0	0
0	0
0	0
0	0
0	0
0	0
0	2
0	3
0	2
0	2
0	0
0	0
0	0
1	1
4	76
0	111
25	129
7	74
6	0
11	0
29	1715
0	0
1	493
0	1717
4	40
48	24
0	11
0	517
0	0
7	0
0	376
0	297
37	0
17	0
18	1
1	133
0	0
0	0
0	0
0	0
0	41
0	797
5	149
0	246
0	809
0	6
0	42
0	0
0	0
0	35
1	18
2	13
2	22
2	0
9	0
0	61
0	47
10	49
2	0
3	95
1	89
2	27
0	8
0	22
0	18
2	4
8	0
35	17
0	11
0	8
16	149
622	1808
170	462
5	203
2	267
168	1181
14	9
9	6
0	1699
26	1760
2	1723
0	0
0	0
4	8
8	0
19	620
5	40
5	37
3	475
0	0
0	0
6	2
1	2
0	0
4	1705
11	1676
21	1026
1	94
0	18
1	30
2	53
2	40
52	59
4	37
2	0
2	0
0	0
34	4
15	3
10	3
0	5
0	4
0	2
7	1
0	1
0	0
0	0
0	2
0	2
0	2
0	2
0	0
0	0
28	783
0	154
0	217
41	599
0	566
11	258
4	80
0	0
0	0
0	0
0	0
0	0
0	0
0	0
0	0
0	0
0	0
0	0
0	0
0	0
0	0
1	2
4	0
13	0
459	82
11	64
0	0
142	0
2	11
5	17
10	17
23	11
5206	263
1	263
585	2559
0	2564
1	954
0	726
36	352
11	1703
14	1385
21	1620
22	201
0	165
45	994
0	771
25	0
4	43
0	48
0	0
0	0
0	0
0	0
0	0
0	0
0	0
0	0
42	36
0	36
13	5
1	0
0	0
239	0
0	0
439	284
0	149
0	67
38	147
0	133
0	133
0	0
0	0
1	0
0	0
0	0
0	0
0	0
0	0
5	1713
8024	6239
0	1096
17	620
112	0
39	2048
38	2025
5	175
4	278
0	0
2	0
1541	574
0	404
0	41
0	140
24	0
10	124
0	213
0	227
0	201
0	182
0	197
0	206
0	177
1	172
3	169
0	80
0	81
13	0
11	0
0	60
0	61
0	60
0	0
0	0
0	0
0	0
0	0
1	0
0	817
10	572
5	965
180	1578
27	442
0	1684
1	422
0	809
6	850
6	475
44	0
9	0
4	0
0	32
2	77
0	0
0	0
0	0
0	0
1231	0
19	1021
17	1134
2	321
6	312
1	270
16	0
3288	1116
32	1097
10	1
103	0
3	0
12	2
1	2
168	27
0	19
0	7
0	54
0	54
0	60
5	60
0	0
0	0
0	0
0	13
0	1095
15	1095
4	19
0	48
2	118
0	0
0	0
0	0
0	0
0	0
0	0
0	0
0	41
0	0
0	0
0	0
2370	156
102	156
0	0
0	0
0	0
6	44
0	0
0	0
0	0
0	0
0	0
0	0
0	0
0	0
0	0
0	0
0	0
0	0
0	0
0	0
0	0
0	0
1	0
129	18
14	18
0	3
0	0
0	0
0	0
0	0
0	0
46	332
0	296
40	182
1	3
1	1
0	0
2	1655
69	1655
0	253
2	53
0	382
0	243
0	199
0	0
0	0
10086	0
161	0
0	0
0	0
3	74
84	10
0	0
0	1
0	9
746	239
18	210
16	176
429	87
11	85
16	136
1	84
2	577
5	98
0	650
6	4
0	1282
0	636
1	0
0	0
9	497
0	0
3	0
0	0
0	0
0	0
0	0
0	0
64	0
41	1165
1	94
0	368
0	357
52	422
0	41
1	5
0	952
0	1074
0	1166
14	1204
0	218
0	580
0	3
6	564
7	151
3	380
0	110
3	43
0	0
0	6
0	6
0	0
0	0
0	0
0	0
1	0
0	0
0	0
0	0
0	0
0	0
0	0
0	0
247	3340
8	2011
27	2054
0	2232
135	2781
7	98
1	48
9	1669
62	1669
53	1720
0	294
36	27
78	3
0	70
138	3
0	62
0	0
0	0
0	0
152	266
0	270
0	10
0	121
2	10
8	67
0	0
0	0
0	0
0	0
0	0
0	0
0	342
4	228
2688	724
3	389
5	389
2	674
0	0
0	0
0	0
0	0
0	0
0	0
0	0
0	0
0	0
940	1934
5	1919
7	2
10	34
1	62
33	45
0	62
191	789
54	789
3	27
0	25
0	25
0	2
84	530
2	530
12	429
0	344
5	1
146	1
0	0
4	0
0	0
0	0
0	0
0	0
0	0
1	0
18	352
0	84
1	7
0	17
5	23
0	2
11	0
0	0
0	115
1	148
0	348
0	20
4	45
0	26
0	44
0	51
0	0
2	0
0	4
0	148
0	0
0	0
0	672
0	672
3	672
12	129
38	147
2	418
7	51
4	0
2	0
0	0
0	0
0	0
0	0
0	0
0	0
0	0
2	14
0	14
0	0
6	6
0	2
0	0
5	0
1	0
278	8326
317	57
0	1238
20	362
4	7940
0	0
0	0
0	0
0	0
0	0
0	2
2	2
0	1
0	0
359	259
9	97
0	167
0	4316
16	1366
8	420
1	200
0	567
8	163
2	158
0	916
15	4281
0	203
0	0
0	0
963	3001
13	341
0	2872
19	1951
0	2654
6	264
12	105
0	1237
3061	3469
173	1750
0	500
2	3010
0	1516
0	1386
5	37
0	0
0	0
0	310
3	309
0	141
0	362
0	338
0	175
1	345
0	274
6	0
2	0
1	0
0	0
0	1
0	0
49	0
0	320
0	296
0	0
0	154
0	304
0	327
19	23
0	288
0	309
0	0
0	29
0	107
0	13
0	126
0	0
0	0
22	0
24	0
0	0
0	0
0	0
0	0
0	0
0	0
0	0
1	6
1	3344
0	3343
0	3393
29	816
3	2209
1	218
0	0
12	0
7	233
0	245
0	295
5	265
0	22
2	0
9	0
19	71
0	11
0	4
0	0
4	10
0	0
0	0
0	1
3	100
4	99
15	3
153	409
101	357
25	54
0	148
0	0
0	0
0	0
0	0
0	0
0	0
0	1
0	0
0	0
0	0
0	0
0	0
0	0
0	0
0	0
0	0
12	0
1	0
0	0
0	0
1	2332
293	2691
0	977
0	537
0	86
10	29
0	0
16	0
33	429
8	361
0	343
0	379
1	144
0	249
0	63
4	9
265	706
1	191
12	390
0	330
2	105
0	435
0	23
0	40
0	5
2	36
22	36
4	29
0	3
485	894
1	867
2	837
4	292
1	291
2	194
0	0
2	0
0	1
0	0
0	0
0	0
0	0
65	1184
53	561
38	1106
2	3
20	58
29	15
15	4
0	2
0	1
0	2
0	0
0	0
0	0
0	0
2	0
0	0
0	1756
0	1881
0	1847
0	1796
0	1756
0	1987
0	513
0	1181
0	1636
12	118
47	1146
0	0
11	607
0	0
1	11
4	11
15	0
26	117
0	0
38	62
0	50
3	0
6	12
0	0
0	0
2	0
4	802
2	456
126	975
1	963
0	0
0	0
0	0
0	0
2412	402
16	26
12	376
1	125
131	0
0	0
0	0
0	0
0	0
0	0
0	0
0	0
0	2
0	2
0	2
0	0
135	0
0	14
0	0
0	0
1	12
4	12
96	398
4	36
0	339
10	333
4	194
2	90
3	32
16	24
0	1
2	0
0	0
0	0
0	0
0	0
0	0
0	0
0	0
0	0
0	0
0	0
0	0
0	0
0	0
0	0
122	0
0	0
0	0
199	0
94	0
8	880
0	853
2	826
0	567
34	175
0	1
331	711
0	711
0	121
3	0
683	1910
0	1910
14	0
2	0
0	0
0	5
0	7
0	5
0	6
0	1
0	0
0	0
0	354
53	3502
1494	5237
0	3848
48	130
0	467
61	0
78	0
0	14
0	0
0	127
1	222
0	404
135	2
44	14
0	341
3	777
0	0
0	0
0	0
0	0
0	0
511	790
8	630
0	164
19	106
0	0
10	160
0	78
21	0
1	573
0	503
1	606
0	612
3	609
1	212
0	88
0	155
3	50
0	36
0	0
0	84
96	84
0	2
2	4
0	4
0	0
0	0
0	0
0	0
0	0
0	0
0	1372
15	678
0	6891
0	7996
215	6450
5	3589
34	1042
5	429
0	1239
2	18
0	18
0	4
4	3
0	16
1	323
0	0
0	321
0	169
0	0
0	303
0	313
0	253
0	54
0	35
0	35
15	320
151	6606
5	6606
693	900
2	900
0	899
3	0
0	9
0	21
0	35
0	65
0	65
0	64
3	1
0	0
0	9
0	7
0	3
0	0
2	300
0	202
0	7
5	287
0	22
0	3295
38	3561
0	1180
0	1
9	2874
45	0
12	74
10	1597
82	27
4	150
36	801
65	489
1	130
3	172
3	165
21	30
54	118
1332	121
7	0
7	35
25	265
19	8168
11	8123
60	127
12	149
0	1120
7	3205
3	3567
5	83
18	341
3	1031
2	327
6	7995
0	1154
1	1133
0	126
3	7660
72	0
75	0
1	410
0	824
0	598
2	0
0	172
3	86
2	86
0	115
5	172
0	0
0	0
0	0
3	3
0	3
0	3
0	3
0	0
12	1007
0	180
0	1026
61	128
0	629
0	78
2	779
0	810
2	589
4	550
1	27
3	543
0	567
0	545
0	510
0	516
0	585
12	30
0	152
35	156
0	2
0	0
0	0
0	0
25	0
3778	606
1	377
3	449
0	293
0	0
0	0
0	0
0	341
0	274
3	52
0	320
0	236
0	52
0	98
0	9
0	41
0	0
18	59
0	23
9	1949
782	1952
6	363
0	744
0	384
7	171
39	381
0	0
0	0
10	556
1	337
0	526
214	682
0	663
0	471
17	1
0	94
43	102
1	51
2	0
0	0
0	0
2	33
2	0
0	6
0	5
7	16
2	5
0	0
0	17
2	0
0	0
0	0
0	0
0	0
0	0
0	0
0	0
3	205
4	197
0	119
0	127
0	30
1	12
1	6
1	11
0	4
0	0
5	1
0	0
0	0
0	5
0	5
0	5
0	42
0	0
0	0
0	0
1	46
0	45
0	4
0	3
0	0
0	3
1	3
271	2521
5	2538
16	746
1	890
2	555
2	440
0	2
1	2
0	0
0	0
0	0
0	0
0	0
0	0
0	0
23	0
96	1
32	88
1	123
2	9
57	25
2	39
0	0
4	28
0	0
164	0
25	1
33	141
74	0
0	32
3	47
0	41
0	21
2	4
6	34
0	12
0	2
0	22
1	20
0	20
0	13
0	7
0	0
0	1
0	16
0	15
0	12
0	4
0	12
17	0
7	0
0	7
0	0
7	4
0	0
0	4
4	4
542	2000
57	706
122	467
8	57
163	0
59	222
0	372
0	918
0	588
1	610
63	3
1	452
0	344
1185	15
0	15
0	0
0	0
0	0
0	0
0	0
0	0
0	0
0	0
0	0
0	0
0	0
0	0
0	0
0	0
0	0
0	0
0	0
0	0
0	0
0	0
0	0
0	0
0	0
0	0
0	0
241	3
0	3
0	0
0	0
0	0
3	0
0	0
0	0
3	461
32	3153
6	2605
0	1197
1	812
1	797
0	316
0	595
7	1054
42	1303
0	0
79	0
0	0
1	0
2192	3018
162	1784
73	2116
19	2687
47	2272
4	1058
27	581
0	89
0	0
23	0
0	0
0	510
4	23
0	0
17	11
2	11
0	6
0	4
2	0
303	736
2	645
47	272
21	95
0	0
0	0
39	512
0	645
563	1748
21	665
0	781
0	458
1289	1166
2	1166
0	0
1	0
3	408
29	112
0	262
0	360
32	0
24	49
32	0
0	0
0	0
0	0
0	0
1196	600
28	600
2	272
0	336
0	437
0	0
1	4573
17	932
13	199
4	411
50	4729
0	4709
5	12
0	0
1	4385
27	26
0	4081
0	2499
0	0
0	0
0	0
0	428
74	444
0	308
0	515
5	21
39	47
0	124
0	38
0	38
0	38
15	28
4	29
1	31
0	12
1	31
5	30
0	26
0	20
3	51
0	0
0	0
0	0
65	20
281	96
1	6
0	3
0	35
23	118
8	123
0	47
0	90
0	31
0	26
31	258
0	258
0	48
1	40
0	12
25	8
0	5
0	4
0	0
0	0
0	0
0	0
43	82
18	118
1	4
0	36
0	81
19	173
0	541
0	553
8	560
1	467
0	479
47	25
0	63
0	3446
1	3478
2	1269
0	584
8	2138
24	705
1	0
20	5
89	301
0	269
11	304
0	0
0	0
0	0
7	0
0	0
5777	376
1	356
0	0
0	0
1	6
0	0
1	0
0	6
0	0
0	17
0	18
6	18
12	22
0	22
2	16
3	10
1454	44
1	44
0	0
0	0
0	0
0	0
651	601
23	599
2	24
0	23
0	26
0	26
0	26
0	13
0	0
0	16
0	86
0	6
0	0
1384	70
2	62
0	0
0	0
0	0
14	453
8	298
0	0
67	231
115	705
0	2373
79	2320
0	465
2	1956
9	72
53	164
122	181
0	123
2	59
3	25
0	134
0	2
0	33
0	33
0	1
0	0
0	3
1	0
9	0
0	0
0	324
0	324
2	113
0	111
5	106
2	9
0	0
259	0
1625	3026
15	3026
0	2985
16	2510
0	1
0	50
16	178
0	36
1	172
0	26
0	2
0	0
2535	1173
17	1126
36	1000
6	7
20	353
3	19
0	40
193	513
0	251
0	0
0	136
152	136
10	0
0	2152
140	2439
1	1786
0	1679
265	94
0	635
0	865
0	1633
0	43
0	793
1	1493
109	11
66	2343
0	16
0	16
0	10
2	0
0	0
829	963
0	898
0	960
0	954
4	83
0	114
25	385
5	21
0	0
6	169
12	131
33	166
0	20
0	0
13	89
0	0
5	0
2346	123
68	121
6	0
0	0
2349	1058
10	1058
15	0
0	0
0	0
360	1334
0	1276
5	897
0	1264
1	219
33	135
1	196
0	66
4	120
3	109
0	100
0	25
1	5
0	5
155	0
7	3199
46	3441
0	703
30	1441
0	1681
13	280
0	645
243	760
0	0
1	0
0	0
154	202
0	92
6	8
1	0
0	110
0	0
2	0
2	0
12	395
0	90
0	317
1	83
0	29
1	15
0	0
1	92
236	792
72	644
0	534
4	323
8	2
0	17
1342	442
83	442
56	47
0	20
0	89
3	0
222	524
7	353
2	53
0	201
0	0
0	0
9	2
0	0
0	2
3	0
1	0
16	1
0	0
0	0
1	0
19	0
145	191
0	86
6	0
9	9
1	7
26	29
14	10
1	96
2601	442
23	438
0	113
8	68
0	1
4	1
0	0
91	489
24	362
64	63
4	521
13	497
2	175
16	20
5	0
3	0
0	0
0	0
0	1
0	0
0	0
0	0
0	0
0	0
0	0
7	35
0	26
8	14
0	10
0	0
1	1750
0	11008
0	10822
6040	15208
0	4852
1	6446
2	378
0	79
204	1745
90	2910
3243	3000
0	0
0	0
1	0
0	0
0	0
0	0
0	0
0	0
0	0
0	0
1	0
0	0
0	0
0	0
0	0
1	0
1	0
0	0
0	1
0	1
1	0
0	0
0	0
0	0
0	0
0	0
0	0
0	0
1	0
0	0
0	0
0	0
0	0
0	0
1	0
1	0
1	0
1	0
0	0
0	0
0	0
0	0
0	0
0	0
0	0
0	0
0	0
0	0
0	0
0	0
0	0
1	0
0	0
0	0
0	0
0	0
0	0
0	0
0	0
0	0
0	0
0	0
0	0
0	0
0	0
0	0
0	0
0	0
0	0
0	0
0	0
0	0
0	0
0	0
0	0
0	0
0	0
0	0
0	0
0	0
0	0
0	0
0	0
0	20
11	20
0	0
0	0
0	0
0	0
0	0
0	0
0	0
0	0
40	14
0	0
0	0
0	0
767	353
0	135
0	124
0	94
239	176
4	176
0	0
0	0
0	0
0	0
0	0
0	0
0	0
0	0
0	0
0	0
0	0
0	0
0	0
0	0
0	0
0	0
0	0
0	0
0	0
4886	0
4	0
0	0
0	0
0	0
0	0
0	0
0	0
14	735
0	605
21	493
0	314
96	390
77	390
722	608
151	132
0	480
1	65
13	67
0	54
0	0
2	147
1	117
14	115
1	50
0	0
0	10
0	5
0	5
0	5
0	5
0	7
0	4
4	10
0	0
3	0
0	23
0	25
0	25
1	0
0	0
0	129
0	221
33	1275
0	1190
38	1010
2	930
4	120
60	945
0	117
2	7
1	29
174	559
1	559
9	56
0	0
5	0
3	0
4	0
0	0
0	0
0	0
0	0
0	0
0	0
0	0
0	0
0	0
0	0
0	0
0	0
0	0
0	0
1174	165
3	165
291	1349
1	1398
71	1210
1	870
3	127
45	206
6	0
2	1
0	0
0	0
0	0
0	0
0	0
0	0
0	0
0	0
0	0
0	0
0	0
0	0
0	0
0	0
0	0
0	0
0	0
0	0
0	0
0	0
0	0
0	0
0	0
0	0
0	0
0	0
0	0
0	0
0	0
0	0
0	0
0	0
0	0
0	0
0	0
0	1
0	0
0	0
0	0
0	0
0	0
0	0
0	0
0	0
0	0
0	0
0	0
0	0
0	0
0	0
0	0
0	0
0	0
0	0
0	0
0	0
0	0
0	0
1	0
2085	2693
0	2412
10	73
33	799
14	0
138	1503
0	166
37	924
0	149
0	0
0	0
0	0
8	825
0	771
0	662
0	63
0	0
0	0
16	17
0	6
0	0
0	1
0	0
0	0
0	0
0	0
0	0
0	2
17	14
0	0
0	0
2	0
1	0
2	0
0	0
0	0
0	0
1	0
0	0
0	0
0	0
0	0
0	0
0	0
0	0
0	0
0	0
0	0
0	0
0	1
0	0
0	0
0	0
4	254
0	0
0	0
0	0
0	0
2	25
0	11
0	9
2	56
1	532
0	127
2	0
0	3066
459	3709
8	321
0	151
3	330
3	120
3	427
0	204
0	1399
2	1233
0	1293
1	181
14	1105
57	57
10	46
83	335
0	171
0	255
0	200
10	353
0	250
18	152
0	0
0	0
0	0
674	0
0	3
152	0
8807	337
0	0
1	337
0	5
50	7
0	7
15	0
101	59
10	228
508	176
8	0
957	238
64	238
370	71
1	71
27	121
1	41
3	36
0	22
0	109
0	30
0	13
2	55
0	21
0	10
0	15
0	18
9	187
2	24
6	183
0	1
0	760
1	748
1	163
0	139
2	40
4	0
0	0
12	984
12	984
1	37
13	77
125	75
37	2
0	0
0	0
0	0
0	0
1	849
5	672
227	20
3	740
77	838
0	16
1	750
0	35
21	636
8	506
0	0
0	73
0	77
0	62
0	46
0	357
0	385
2	399
0	359
0	263
1	37
3	3
0	73
0	73
1	72
0	12
0	21
0	3
4	44
0	95
78	118
0	22
0	14
0	1522
4	248
0	0
108	778
1	63
1	775
3	161
3	7
1	8
1	152
0	2
0	25
8	0
54	186
0	394
1	462
0	426
0	354
0	0
0	0
0	0
0	319
0	965
0	936
1	965
2	967
19	12
0	13
0	17
14	99
5	290
0	58
0	290
17	0
6	679
0	8
0	8
16	679
3	165
27	141
0	188
0	0
158	63
4	63
1	35
1	136
0	72
0	55
1	87
26	166
21	229
21	229
0	39
1	0
0	2
23	1
5	0
0	1
6	0
1	1
7	50
0	6
0	7
1	48
5	0
2	1
2	1
2	43
32	7
0	9
4	7
7	8
0	0
8	0
23	61
2	61
0	0
0	0
142	3314
49	3400
24	3388
0	3092
35	2498
0	1355
0	1766
17	1826
5	1772
1	1838
1	1444
11	815
19	207
275	2333
481	2309
50	1666
5	2074
0	1227
0	14
0	0
72	2
1	2
0	0
1	739
93	3798
2	3798
1	3796
0	532
0	0
0	0
0	0
0	0
0	0
0	0
0	0
0	0
0	0
0	0
0	0
0	0
3	11
71	139
0	5
4	127
0	32
0	0
85	307
5	246
1	75
18	3
0	0
11	56
9	4
0	0
0	3
0	2
0	0
0	0
14	1721
76	1702
0	1824
51	1796
0	0
689	144
0	0
21	136
2	136
10	112
1	97
0	10
3	4
0	37
12	24
0	0
0	0
0	0
1	2
0	0
0	0
0	0
6	0
0	0
0	0
0	1320
0	1393
10	1303
49	12
3	1239
3	332
3	570
0	283
1	2
0	84
1	237
0	78
1	161
0	161
0	21
5	1
229	1517
52	404
0	1416
36	1251
0	1198
40	1006
1	163
2	275
1	110
1	78
0	0
3701	3624
17	1922
1	5
0	5
0	0
12	0
1	1
0	0
0	0
0	0
0	0
0	0
0	0
0	0
0	0
0	0
0	0
0	0
0	0
0	0
0	0
0	0
7	0
2	0
3	0
0	0
753	263
1	145
5	263
59	4576
1	3898
0	4611
0	4650
594	795
0	5557
0	5596
0	5212
193	1084
12	864
75	20
0	941
741	2848
1	2457
227	4401
33	2
2	3330
4	12
0	4390
0	732
92	51
14	874
116	0
0	81
1	279
0	919
8	335
0	231
0	0
7	0
385	2580
0	714
28	2370
0	210
33	0
0	966
232	499
0	0
10	15
39	15
10	10
5	0
0	0
4	18
0	18
0	0
0	0
19	9
13	9
0	0
0	0
3	0
55	8
0	50
0	4
12	4
0	4
110	18
0	6
3	0
10	0
144	48
12	0
63	0
1	0
0	0
29	0
95	34
20	48
343	4
76	0
8	727
14	778
15	180
7	71
10	121
1044	765
0	572
42	587
1	149
111	4
0	0
56	787
1	787
69	635
12	502
25	206
1	206
51	673
52	762
12	685
28	674
0	0
112	352
0	15
0	2
7	0
20	1
8	496
0	31
177	0
1100	443
0	440
0	438
0	442
0	0
10	0
52	259
17	272
0	13
0	3
0	0
609	27
10	27
669	313
5	313
0	310
0	0
0	0
0	0
846	709
0	647
6	60
40	0
3	0
104	0
125	0
0	0
5	0
9277	2716
14	1043
125	1274
32	1109
0	452
0	0
2	591
184	703
0	24
0	27
2	27
3	0
0	0
0	0
0	0
0	0
10	2
0	131
1	2
7	2
3	0
0	1
0	39
14	7
8	2
0	1
2	22
0	22
0	0
0	125
27	34
0	0
10	0
0	0
369	2
0	0
2	0
0	0
0	0
0	3
0	3
0	3
0	0
0	0
0	0
0	0
0	48
69	717
0	132
11	193
0	6
0	80
6	0
0	4
7	0
0	1
0	1
3	387
0	270
3	413
2	0
135	475
0	177
0	126
0	153
0	81
0	223
1	0
36	519
1815	521
0	0
0	255
0	245
0	234
0	244
1	0
0	7
29	6
0	3
176	44
0	27
3	21
0	6
1	0
4	177
3	164
0	91
3	31
0	0
3	17
1317	1054
1	1
4	1052
0	0
403	20
0	20
2	11
3	0
2531	230
0	80
3	195
11	0
0	474
35	474
0	12
0	77
0	11
1	18
0	0
50	71
0	52
0	32
0	22
0	3
25	2
4134	1145
13	151
10	1035
3	2
0	2
0	4
0	3
0	3
0	1
0	0
0	1
0	0
0	0
1	0
0	0
8	71
16	89
0	18
0	0
0	0
1303	0
0	0
0	0
0	0
2	0
0	0
3	185
151	183
0	28
0	6
2	56
0	62
0	68
1	77
0	0
0	0
0	0
1	3
0	3
0	0
9	55
2	46
0	46
1	44
13	53
0	43
0	0
0	44
43	78
0	67
0	55
0	53
0	0
4	26
12	12
0	2
0	0
0	0
135	165
0	111
9	165
0	86
0	58
47	54
3146	1131
8	832
6	191
21	297
27	1900
9	1900
2	89
0	18
22	0
2339	99
1	97
54	1502
47	1477
6	885
0	802
0	264
11	109
0	45
0	17
53	1
8	0
10	1
0	3
0	0
0	2
0	2
0	0
0	0
0	0
0	1
0	1
0	1
0	1
0	1
0	1
0	0
0	0
0	0
0	0
0	0
0	0
1	0
0	0
0	0
0	0
0	0
0	0
0	0
0	0
0	0
0	0
0	0
0	0
0	0
0	0
0	0
0	0
0	0
0	0
0	0
0	0
0	0
0	0
0	0
0	0
0	0
0	0
0	0
0	0
0	0
0	0
0	0
0	0
0	0
0	0
0	0
0	0
0	0
0	0
1	134
542	47
6	40
3	7
0	0
225	212
0	18
0	108
51	3
0	27
0	45
0	0
60	51
558	97
0	46
1	369
105	403
4	430
1	170
1709	272
18	198
54	173
0	51
3	16
0	0
0	0
0	0
2	0
0	0
0	0
0	0
0	0
0	0
0	0
0	0
0	0
0	0
0	0
0	0
0	0
0	0
0	0
0	0
0	0
0	0
0	0
0	0
6	18
0	0
0	0
0	0
0	0
0	0
0	0
0	0
0	0
0	0
0	0
0	0
0	0
0	0
0	0
0	0
0	0
0	0
0	0
0	0
0	0
0	0
0	0
0	0
0	0
0	0
0	0
0	0
0	0
0	0
0	0
0	0
0	0
0	0
0	0
0	0
0	0
0	0
0	0
0	0
0	0
0	0
0	180
0	0
0	30
51	1777
5	209
0	362
3	1681
0	206
0	1772
4	343
0	26
0	323
8	103
0	0
5	11
10	11
2	31
1	35
0	540
188	553
0	30
2	1
0	0
0	28
16	10
56	11
1	11
0	21
345	288
0	273
1	0
2	0
0	0
2	68
2	15
86	2
0	0
0	0
0	0
590	0
1039	0
0	0
0	0
0	0
0	0
0	0
0	0
0	0
0	0
0	0
0	0
0	0
0	0
0	0
0	0
0	12
0	17
0	0
0	0
0	3
0	9
0	0
1	82
11	522
4	522
0	0
0	0
0	0
0	0
0	0
16	8
1	8
16	561
1	373
0	395
0	528
3	68
1	44
4	82
3	69
11	6
2	0
62	80
0	42
0	6
0	0
0	0
0	0
0	0
0	0
0	0
0	0
0	0
0	0
0	0
0	0
0	0
0	0
0	0
0	1
1	2
2	3
0	2
0	2
0	0
0	0
0	0
0	0
0	0
0	0
1	0
1526	0
0	0
0	0
0	0
3	232
56	1860
6	108
0	124
6	124
0	92
0	121
26	585
0	1710
7	34
2	151
2	218
60	6
14	9
39	30
138	81
32	72
5	0
2	9
0	2
1	0
0	0
0	0
0	0
0	0
0	0
0	0
0	0
0	0
0	0
0	0
1	2
0	0
0	742
1	778
233	862
0	358
0	37
0	81
150	13
45	43
192	7
0	7
0	0
0	0
0	82
19	11
0	25
2	61
14	0
0	57
0	0
2	0
3	7
0	0
0	0
0	0
0	0
0	0
0	0
0	1
0	1
0	0
0	0
0	0
0	0
0	0
0	0
288	1168
10	992
174	1048
0	11
0	0
0	0
0	0
0	0
0	0
0	0
0	0
0	0
0	0
0	0
0	0
0	0
0	0
0	0
0	0
0	0
0	0
2	12
0	0
0	0
0	0
0	0
0	0
0	0
0	0
0	0
0	0
0	0
0	0
6	16
0	0
0	0
0	0
0	0
0	0
0	0
0	0
0	0
0	0
0	0
0	0
0	0
0	0
0	0
0	0
0	0
69	575
0	0
4	0
2955	2736
0	1028
0	1512
1	1585
1	745
2	2680
0	881
26	1316
5	193
0	0
0	0
5	0
2	0
0	0
101	277
0	239
0	207
0	109
2	134
3	121
7	16
0	16
39	15
2	32
4	2
0	1
0	1
2	0
0	0
0	0
10	21
0	0
0	3
0	0
2269	7530
41	7460
165	1275
2	6018
181	6820
2	3889
2	5226
0	7893
81	3648
1	1795
1	2074
15	2756
0	2401
12	2420
1	3296
0	2
3	2
0	0
0	0
0	0
0	0
4	0
0	56
1365	0
20	56
0	0
0	0
237	3
0	0
0	0
0	0
0	0
10	0
0	0
0	0
0	0
0	0
0	3
0	0
0	1
0	1
0	0
0	0
1	0
0	0
0	0
131	523
3	523
0	0
0	0
30	0
0	0
1	2
0	2
0	18
14	19
0	0
4	0
20	103
0	103
59	2
0	0
0	0
0	0
0	0
0	0
0	0
866	150
0	0
0	0
0	0
0	0
0	0
0	0
0	0
3	7
0	7
143	0
0	0
674	150
0	0
0	0
189	1
1	0
0	0
0	0
0	0
0	0
333	0
154	0
0	0
0	0
0	0
0	0
105	219
0	219
0	0
2	1
0	1
0	4
0	4
0	0
666	33
0	0
0	0
0	0
0	0
77	33
0	0
0	1
0	76
38	76
2	0
0	0
57	0
56	0
0	0
0	6
0	6
1	0
0	0
0	0
0	0
0	0
0	0
0	4
1	4
20	9
7	9
0	0
0	0
0	0
0	0
0	0
127	5
56	6
0	0
1	7
0	0
0	0
0	0
0	0
0	0
527	6
0	0
1	1
127	1
0	0
1	2
0	3
35	3
3	1
93	11
0	0
0	0
0	0
0	0
0	0
0	0
0	48
16	48
0	0
0	0
0	0
0	0
28	68
0	66
92	8
0	1
0	19
10	19
399	674700
0	1364
0	0
1	0
0	0
83	2
0	0
0	0
0	0
41	3
0	0
0	0
2	0
0	23
2	23
0	0
0	0
0	0
9	0
0	0
132	0
0	0
105	1
3	29
98	2
124	29
0	0
132	1
0	0
0	0
0	49
9	49
0	0
4	16
0	16
4	0
0	0
0	0
0	0
0	0
0	0
0	0
0	0
1	2
0	2
287	0
0	0
46	0
0	1
0	6
0	10
0	100
45	100
0	0
0	80
25	80
0	0
0	0
52	11
190	0
0	5
176	4
2	0
0	0
0	0
132	0
0	1
11	10
0	60
28	60
32	0
0	0
57	9
0	7
2	7
0	0
525	1
0	0
0	0
1	0
53	1
0	0
0	10
4	12
0	0
0	0
0	0
0	0
201	0
0	0
2	18
0	18
15	0
0	0
2	2
0	2
0	0
57	11
25	0
0	0
65	0
186	0
14	0
0	0
0	0
0	0
0	0
0	0
0	0
0	0
0	0
13835	2
546	295
1	273
75	22
1122	1665
16	120
23	51
2	0
6	1490
2	0
0	53
0	0
0	0
0	0
0	0
0	0
16	34
8	316
2	316
0	37
0	113
0	0
2	0
0	4
0	4
0	2
0	0
0	0
0	3
286	2289
1	315
1	2196
210	0
0	2252
0	0
0	0
0	0
1	0
0	0
0	0
0	0
5	0
0	9
0	5
0	9
768	4614
0	3783
0	2490
0	739
14	182
53	0
0	0
0	0
2	2949
9	2770
0	2542
168	9
0	0
0	0
2872	2336
1	4
8	305
5	2327
3	170
9	361
4	291
9	588
0	2008
0	2014
0	1987
13	58
9	152
9	197
2	654
9	51
0	1070
15	192
2	171
79	512
0	12
15	214
0	50
0	14
0	11
55	272
0	259
0	60
5	0
0	0
442	335
0	335
0	151
3	0
11	5969
3	5327
93	706
12	1231
18	5488
11	4952
0	5556
2	4337
30	458
129	0
0	0
86	119
2	2771
0	106
0	1521
6	653
129	1733
7	1623
53	950
163	0
5	83
67	869
0	209
44	56
34	96
1	140
2	20
7	937
58	1809
1	247
1	886
0	0
0	9
0	9
0	91
0	159
1	37
1	0
9	852
0	0
0	0
0	0
2	43
0	43
0	8
0	0
0	4
0	0
0	0
0	0
0	179
48	226
2	63
0	0
0	0
0	0
0	0
642	430
0	212
0	218
18	0
54	451
0	79
241	436
0	339
0	69
0	61
0	17
0	15
0	13
37	1250
0	1378
9	1766
0	1018
0	699
1	660
1	427
1	472
0	432
1	640
0	397
0	197
3	271
1	176
21	63
0	66
5	40
354	1762
63	1762
203	596
0	286
0	462
30	21
1	94
519	6974
287	6929
1	804
1	1061
1	2936
1	985
96	759
49	795
0	268
43	268
65	0
0	43
0	21
0	34
0	34
0	31
0	34
0	49
0	55
0	36
0	31
42	5065
0	5062
0	1498
0	1741
10	5336
7	1511
1	599
2	122
1	546
0	2887
1	894
1	249
0	252
12	154
0	94
0	35
0	30
227	627
0	614
0	410
66	0
1	54
0	184
1	53
25220	12
2	0
46	96
1	95
5	16
35	23
165	266
0	3
14	0
203	256
1	0
9	0
12	0
0	0
19	2
345	1702
3	1661
0	303
96	195
0	185
1	253
69	2
1	0
61	4526
69	2665
85	4165
16	1130
0	0
13	0
0	4
0	4
0	4
0	0
0	0
1	0
1736	2147
0	1035
3	1049
2	196
69	421
2	755
0	0
0	0
0	0
0	0
0	0
0	0
0	0
1	0
0	0
0	0
0	0
0	0
0	0
0	0
0	0
11	3090
0	0
0	0
0	3
0	0
0	0
0	0
0	0
4	75
0	0
1	167
0	0
0	37
0	37
0	32
0	24
0	0
0	6
0	11
0	12
0	12
0	1
2	0
0	0
1	0
6	0
1	0
4	0
2	0
2	9
0	0
0	0
0	1
0	0
0	0
0	5
0	19
11	30
0	20
0	11
0	0
0	0
0	0
0	0
0	0
0	0
0	1
0	1
0	1
2	102
108	102
0	0
0	0
0	0
0	0
0	0
0	0
0	0
0	0
1	1
0	0
0	6
1	0
0	14
0	6
0	8
0	12
0	0
0	12
0	0
1	0
0	0
0	0
0	0
0	0
1	0
8	0
0	0
0	0
0	0
0	0
0	0
0	0
0	0
0	0
0	0
0	0
0	0
32	284
8	278
16	127
2	9
15	0
38	19
0	35
1	22
635	261
2	114
0	145
0	0
0	0
2	0
0	20
137	67
6	9
0	0
0	58
0	0
0	0
5	30
0	151
0	151
17	13
0	210
99	624
1	427
3	150
0	0
3083	3198
7	460
0	2729
4	27
0	0
3	0
0	0
0	0
1	0
0	0
10	12
0	12
0	0
0	0
0	0
0	0
0	0
10	4
0	0
0	4
0	1
6	1
0	0
0	0
0	0
1	1
0	0
51	249
13	247
6	23
1	11
57	131
0	123
0	6
0	0
2	16
0	327
0	614
0	531
1	504
12	566
5	249
0	341
20	265
0	226
0	179
6	163
11	1913
0	1697
0	504
16	180
0	170
5	1696
6	539
0	322
1	1633
0	592
0	118
3	43
3	810
8	10
13	32
1	551
16	184
641	263
20	261
25	84
6	84
2	0
4	7
11	99
0	99
0	56
0	85
0	21
3	20
4	9
0	1
0	1
0	0
2	62
33	721
13	27
0	27
0	22
3	19
2	4
1	1
0	660
9	500
1776	423
8	423
0	1313
9	1153
24	1214
31	759
0	551
1	352
1	250
3	79
22	9
64	297
0	233
0	253
0	0
6	19
0	335
123	982
2	1015
48	1015
1	194
0	67
4	285
3	20
5	234
9	177
0	20
0	12
0	2
2	3
1	3
6	3721
0	3504
1	470
0	0
0	0
0	0
0	3304
0	3352
0	281
17	3252
10	109
3	276
6	136
24	141
11	168
0	6
0	0
0	7
0	7
0	0
0	1
163	256
0	245
1	63
0	15
0	35
5	13
0	15
12	0
0	5602
2	379
0	180
0	5038
0	2850
1	156
0	302
0	292
99	365
0	0
0	67
1	67
0	310
1	138
0	130
2136	2139
191	2128
3	774
1	0
0	148
161	0
328	0
0	0
3	0
0	0
63	280
11	277
25	131
0	162
1	123
1	15
72	3
5	33
690	15612
0	15610
0	5748
0	5526
2	7376
2	6269
67	318
0	329
0	329
0	162
0	193
0	1037
0	508
1	171
3	0
10	0
11	4
0	0
0	1
0	0
0	0
0	0
0	0
0	0
0	0
0	0
0	0
0	0
0	0
0	0
0	0
6	0
0	0
1	0
0	0
0	0
0	0
0	0
0	1
2	1
0	0
0	0
1145	1057
18	874
2	193
4	246
0	0
16	736
6	717
21	177
5	566
0	559
26	1
4	144
35	116
2	209
14	140
790	165
2	69
1	113
10	55
0	0
0	0
0	2
0	0
0	162
0	92
0	0
0	235
0	0
85	3037
66	797
0	99
0	1379
15	1386
0	1945
15	1896
1	3010
48	0
0	107
6	1722
1	1802
1	148
0	203
2	31
29	0
3	48
0	104
75	67
0	196
3	18
1	523
0	501
0	526
0	523
0	510
0	0
0	498
0	507
0	515
0	510
0	521
0	524
0	535
4	20
5	0
0	31
12	86
0	59
0	12
0	0
0	0
0	0
3	22
2	23
0	23
0	23
0	4
1304	1068
1	0
36	1087
3	1012
0	622
34	0
0	0
5	310
76	204
4	109
0	0
0	0
2	1
0	0
0	0
0	0
2	0
0	0
17	1379
0	1379
2	983
7	658
0	0
0	0
0	0
1	1
0	5
0	4
0	0
0	0
481	129
8	21
2	129
3	72
0	34
0	34
0	5
1	4
33	6
32	524
57	544
0	0
0	20
0	0
0	0
257	178
0	73
0	0
19	8
2	74
0	18
3	58
0	79
33	101
1	116
1	66
0	50
2	42
0	8
11	8
0	4
891	5480
124	1
0	4829
0	5036
8	1137
3	831
0	377
0	4
0	4
0	4
0	0
0	0
25	1045
59	1045
16	0
13	9
19	0
12	0
38	0
1	8
0	6
0	55
2	2
0	0
1	14
0	11
0	105
0	0
0	40
1	5
0	5
2	0
5	0
42	39
13	15
0	0
5	136
305	150
0	38
0	38
0	8
11	8
0	0
0	114
0	0
0	0
3	1
9	78
0	113
6	433
19	78
0	449
0	111
1	36
0	37
3	81
0	0
0	6
1	0
3409	927
0	434
11	119
4	311
14	149
36	376
0	325
19	89
5	0
1	0
0	0
0	0
3	7
47	36
0	25
0	0
0	6
0	25
0	36
0	36
0	18
0	27
0	0
0	20
0	0
1681	338
32	11
0	67
0	280
1	0
0	0
10	902
0	0
1521	87
44	11
1	88
92	902
3	191
15	826
0	489
0	0
2518	965
2	254
2	357
27	436
7	111
1	185
1	621
17	1305
41	84
1	81
129	215
2	235
4	450
33	829
0	1124
0	442
0	460
0	220
0	1259
2	310
1	1055
6	160
0	238
250	65
9	71
0	82
0	141
0	43
0	36
0	242
183	67
0	44
14	38
3	126
2	138
6	388
1	78
0	388
5	372
10	5
53	378
4	242
1	44
11	51
0	51
2	31
19	31
2	0
9	0
4	0
2	0
2550	0
0	18
5	71
90	123
0	55
1	94
2	97
1	31
6	11
0	0
1	0
585	0
8308	1813
33	509
9	1521
276	2
472	384
197	489
2	409
1	313
2	45
3	0
1214	178
48	0
16	3
9	175
4	0
14	14831
368	14770
56	13493
13	2698
3	3671
33	4734
77	6767
7	6459
87	5129
73	0
1947	775
2	114
2	241
2	346
0	20
34	0
30	0
16	59
16	0
10	369
16	0
56	18
1	159
8	504
0	141
0	504
121	490
26	1
8	40
15	209
1	241
5	145
0	1086
12127	5467
143	78
9	715
1	540
0	5366
15	769
0	15
0	17
0	17
0	4
0	4
0	1112
0	949
8	0
9	390
10	0
16	403
0	74
20	0
1	0
15	231
0	0
3	0
13	0
37	0
0	0
53	0
1	0
0	87
13	98
0	92
0	82
0	9
3	0
1	45
0	45
0	1
0	0
20	293
0	246
2	279
12	128
0	0
0	0
1	0
0	0
3	0
0	0
1	0
4	0
6	25
2	71
14	70
2	9
0	0
1	1050
0	0
0	0
0	2305
0	2498
7	2689
4	34
0	817
0	454
1	291
0	45
14	228
95	0
42	0
492	461
0	314
0	21
2	162
4	280
9	165
1	53
22	0
0	69
0	6127
112	5813
20	5741
27	5944
1	2278
4	1934
0	1981
20	1456
38	56
8	0
1714	3618
37	480
0	381
150	821
2	629
40	176
11	957
106	1821
1	373
0	68
1	0
1	532
0	190
5	40
0	45
4	508
0	105
4	225
0	0
115	0
0	39
0	0
0	40
0	1
46	0
1	0
76	3871
0	3636
0	3146
0	2663
0	2548
0	474
0	405
79	0
4443	5429
0	2273
4	2917
15	532
22	649
0	0
1	0
0	128
0	9
0	134
10	1
0	38
0	0
0	0
0	0
0	0
0	0
56	570
0	532
0	183
0	208
0	196
0	131
6	0
0	0
0	0
664	205
2	173
4862	4404
4	0
3	1249
0	1190
104	1752
20	118
3	315
30	1202
8	451
11	421
1	185
5	397
4	141
14	0
0	10
0	0
0	0
1	10
0	0
0	9
0	1
1	0
0	0
1	932
0	21
1	225
0	124
2	269
2	60
0	931
0	930
0	183
7	0
10	0
1	0
10	0
1	72
53	431
7	392
78	231
0	104
0	64
0	102
0	66
0	144
0	78
0	117
0	84
0	40
0	15
0	59
0	59
0	59
18	0
1	11
0	22
1	0
0	9
0	9
0	3
1	4
0	4
0	0
1769	524
39	86
1	289
0	76
0	53
2	50
2	111
2	1012
0	55
2	123
2	122
0	990
0	219
12	369
4	306
44	598
8	67
0	809
0	28
0	472
0	397
2	274
0	390
4	643
0	205
1	51
8	51
1	34
0	8
6	21
14	0
0	0
0	0
0	0
0	0
0	64
1	49
1	68
2	69
0	0
0	0
0	0
0	0
0	0
1	3
0	3
0	0
1	0
852	2034
0	2034
0	80
0	207
0	103
0	72
1	0
0	103
13	136
6	86
0	0
0	22
89	244
0	244
0	0
0	0
0	0
0	0
0	0
0	0
0	0
0	0
0	0
0	0
0	0
0	0
0	0
0	0
0	0
0	0
0	0
0	0
0	5
0	5
0	5
0	5
0	0
0	0
0	0
0	0
0	0
0	0
0	0
0	0
0	0
0	0
0	0
0	0
0	0
0	0
0	0
0	0
0	0
0	0
0	0
0	0
0	0
0	0
0	0
0	0
0	0
0	0
0	0
0	0
0	0
0	0
0	0
0	0
0	0
0	0
0	0
0	0
0	0
0	0
0	0
0	0
0	0
0	0
0	0
0	0
0	0
0	0
0	0
0	0
0	0
0	0
0	0
0	0
0	0
0	0
0	0
0	0
0	0
0	0
0	0
0	0
0	0
0	0
0	0
0	0
0	0
0	0
0	0
0	0
0	0
4	4
0	0
0	0
0	0
0	0
0	0
0	0
0	0
9	0
0	1
0	1
79	416
203	388
0	212
0	98
68	128
81	0
0	1
0	2
2	2
0	1
0	0
0	0
0	0
0	0
0	35
0	35
0	35
0	35
0	17
6	0
0	0
0	165
0	0
42	3541
29	3502
2	306
0	3323
0	207
4	493
0	0
22	77
2	77
73	1229
0	479
35	1422
3	933
0	31
1	2
0	814
0	0
0	0
0	94
1	174
6	122
2	44
5	0
0	0
0	9
0	0
0	125
40	1559
2	817
1	1557
0	34
1	124
0	50
1	128
3	9
0	65
0	65
6	9
0	0
286	171
13	28
0	58
1	53
0	147
0	0
0	4
6	37
2	0
0	0
11	797
32	788
0	0
1	6
2	0
0	16
2	45
5	23
0	284
6	0
0	0
0	0
0	0
0	0
0	8
0	3
0	3
31	0
0	0
639	8
31	8
2408	462
8	248
5	32
14	434
6	68
273	545
34	540
0	12
0	703
9	191
18	26
2	63
0	685
9	89
0	0
0	0
0	0
4576	1401
0	51
30	701
5	243
0	241
8	29
0	0
2	123
37	0
0	0
2	672
11	93
12	74
23	162
0	36
0	36
0	18
0	6
0	7
4	0
5	2
107	78
2	511
43	456
0	28
0	174
7	63
3	23
22	1
0	3
0	2
0	0
0	0
26	243
0	243
7	0
4	0
0	88
0	6
1715	1473
20	984
23	7
68	11
0	1265
8	0
2	84
64	10
4	3
523	438
3	341
11	97
1001	277
2	149
0	46
14	5
0	60
6	35
3	0
0	0
0	0
0	492
2	492
13	492
13	224
0	0
95	425
0	389
2	129
0	0
2	0
40	38
4	0
5	0
1	36
0	14
5	13
1	9
0	11
14	7
0	13
14	0
0	0
20	0
33	0
0	0
0	0
0	0
0	0
0	1675
37	1534
2	1804
5	1259
13	997
0	951
0	1129
1	222
2	91
0	72
0	0
0	0
2	0
0	0
0	0
0	0
0	0
1	185
0	129
5	148
1	20
20	25
3	67
0	10
11	5020
0	5020
71	5096
9	89
0	0
0	504
16	317
3	166
0	0
0	0
0	0
4	0
1	0
7	0
0	0
0	0
0	32
12	469
0	438
0	25
0	0
0	0
0	0
0	0
0	0
0	0
0	0
0	0
78	5030
2	4800
0	1069
0	443
20	252
0	0
2	1
8	17
2	6
1	0
0	11
0	0
0	0
0	0
0	0
0	0
469	183
0	65
0	38
1	35
3	76
0	51
0	48
0	24
2	0
631	4099
2	4099
4	300
0	0
3	1808
1	1805
73	1797
88	1
10	24
108	6
1013	0
0	0
3	1998
72	849
0	1936
0	1975
0	1122
81	191
0	59
10	66
0	62
4	71
57	41
1	1
1	12
1	1
0	0
1	0
1	0
0	0
0	0
0	70
8	8
83	81
0	1
0	74
0	74
0	64
0	51
0	27
2	0
0	0
0	0
0	0
0	0
0	0
0	0
0	0
0	0
0	4251
0	4388
0	216
2	2516
0	2212
0	1532
0	1475
0	1558
0	1539
1	1127
4	1446
0	1611
0	1684
0	1603
7	103
1	728
158	303
6	278
0	120
20	148
8	229
0	98
2	0
0	0
1	71
11	70
1	94
0	128
10	147
160	87
0	66
0	17
92	0
3	54
0	56
5	10
0	0
0	0
380	24
28	0
48	0
0	0
0	0
0	0
0	0
0	0
0	0
0	99
77	2277
0	0
0	0
0	0
0	0
0	0
0	0
1642	267
1	205
4	62
0	0
1	0
65	0
30	0
0	0
0	0
0	0
53	233
0	232
0	177
0	132
1	0
14	0
0	50
59	2
1	2
0	0
2	0
1285	2651
81	597
0	758
9	2281
3	556
0	0
0	0
0	0
0	0
1	0
2	0
800	660
0	601
0	145
34	66
0	54
2	0
3	0
0	0
107	0
102	0
29	0
30	0
5	0
73	0
0	0
0	0
0	0
0	0
0	0
0	0
0	0
0	15
0	73
0	73
1	0
0	0
0	0
0	0
0	0
0	0
0	226
0	0
0	0
27	195
8	28
91	223
0	195
1	15
11	0
0	0
10	0
0	0
4	0
0	0
0	124
0	0
0	0
0	0
0	0
0	6
0	7
1	1
0	6
0	0
0	0
0	0
0	0
0	0
0	0
0	0
0	1
0	7
0	7
0	1
1	0
0	0
0	1
0	0
0	3
0	5
0	3
0	0
2	54
0	45
0	25
46	306
1	828
0	699
132	908
8	26
1	32
5	76
0	204
9	727
3	749
0	299
68	275
40	0
0	0
0	0
0	0
0	0
0	0
0	0
12	0
0	0
0	0
0	0
5	99
1	99
661	363
0	87
0	282
0	150
0	23
19	5
3	14
6	3276
0	3276
12	907
17	121
18	304
46	44
2	117
38	244
6	59
1	0
3	1
5	0
0	0
10	32
87	9
6	47
9	0
9	187
0	1
1	0
12	1
0	3
1	3
1841	2272
0	148
6	361
139	1838
2249	690
1	688
8	5520
238	5519
0	283
12	446
5	429
0	157
0	0
0	0
0	0
0	0
0	0
0	0
0	0
0	0
0	14
0	14
3	14
0	0
0	0
0	0
0	0
0	0
0	0
0	0
0	0
0	0
0	0
147	0
0	0
0	0
11	0
0	16
10	15
2	9
1	19
0	0
29	0
0	20
0	20
0	0
4	22
0	0
6	110
5	416
0	321
0	305
1	392
0	101
141	318
2	272
14	205
12	186
0	165
0	12
3	93
1	4
0	0
0	0
0	0
0	0
0	0
25	0
368	876
3	378
1	592
3	188
2	116
0	69
22	96
32	156
34	29
0	0
1	300
12	21
0	24
68	50
5	47
259	320
70	3926
6	252
23	274
1	3943
34	1928
0	3823
182	928
0	2968
106	130
7	770
302	68
0	1334
18	72
14	0
2	0
1	922
2	475
0	822
0	171
1	145
1	104
0	290
0	117
11	366
2	221
0	0
0	0
0	0
0	0
0	0
0	0
0	0
0	0
0	0
0	0
0	0
2	0
0	1347
4	1202
0	1311
0	1320
7	1275
0	1286
0	1287
2	0
13	8
3	57
16	164
23	172
0	86
12	176
1	57
0	130
1	59
3	15
27	623
37	89
1	573
22	161
0	129
20	45
1	0
103	502
0	481
4	318
0	155
6	184
23	178
1	12
322	3941
8	3417
0	1431
0	1878
16	450
2	13
1	70
0	70
0	61
6	35
2	49
0	0
0	9
2	176
0	154
0	42
0	92
0	69
15	0
6	54
0	40
3	30
0	24
4	24
0	0
0	48
0	48
3	18
0	3
0	0
63	681
61	16
2	681
0	167
14	5
0	129
1	126
0	112
1	112
0	112
8	106
0	20
248	1459
4	242
139	1283
5	10
16	43
87	311
20	134
2	50
3	21
11	145
0	167
0	0
0	0
0	0
0	0
0	0
1945	226
7	87
0	2
17	139
66	584
0	58
9	51
4	584
0	8
0	49
0	0
0	24
3	18
0	0
1	0
2090	0
10	0
0	0
591	134
0	123
0	62
0	17
0	0
3	933
1	458
4	71
4	864
0	153
0	0
4	85
6	451
1	0
11	0
2	154
4	82
67	1381
0	1542
0	1425
8	215
0	0
7	169
87	0
0	5
1	8
0	2
0	7
0	3
0	0
20	0
0	0
11	0
2632	270
4	39
2	279
38	0
0	23
0	23
0	23
0	21
1	18
0	1
0	0
0	2
0	1
0	0
0	0
0	0
0	0
0	0
103	0
2	0
0	0
1	0
0	0
0	0
0	0
0	0
0	0
0	0
6	180
3	0
0	180
1	171
0	176
0	816
0	801
0	159
0	50
1	518
0	8
1	713
2	713
0	669
0	196
0	141
0	192
0	25
0	82
8	5
0	98
48	0
0	0
1	0
7	0
0	37
1003	1508
82	2164
7	584
6	584
12	683
90	544
108	403
37	280
1	82
30	52
0	104
0	149
0	91
9	146
11	0
0	0
0	0
3	0
0	111
0	162
14	88
0	161
0	0
0	6
0	0
0	142
17	8
0	8
3	53
93	1291
26	1304
3	253
0	13
0	452
1	1228
12	385
0	0
0	0
0	44
174	79
0	46
31	28
1	18
293	642
109	642
775	158
0	92
4	0
7	66
190	2160
19	3410
0	3676
0	264
21	482
0	527
0	676
18	605
4	603
0	353
98	1250
21	6
18	46
0	46
0	0
1	73
0	73
1	58
0	31
0	31
0	25
0	0
1	63
335	2
0	0
1794	8900
56	9102
0	202
0	20
0	20
0	21
46	0
0	0
27	122
0	56
0	21
1	105
18	84
3	695
13	675
0	627
10	0
0	598
3	18
0	126
0	39
0	19
4	32
0	331
36	283
2	2
0	0
0	2
0	2
0	2
0	0
0	0
0	0
0	0
0	0
0	0
0	0
0	0
921	223
1	58
1	3
3	82
1	83
222	879
1	683
1	812
1	659
2	770
0	547
0	492
0	12
65	4
237	19
0	0
7	214
29	197
61	0
18	88
3	311
2	0
2	2169
5	1369
1	303
0	98
0	15
0	101
30	2059
12	1654
11	142
0	69
11	130
9	38
1	180
1	0
0	42
0	38
0	13
0	44
0	15
0	35
0	6
0	3
0	9
1	1
1	1
0	1
0	3226
53	3227
26	714
11	423
0	99
8	3015
1	13
38	0
0	176
0	41
0	0
10	156
0	479
13	318
13	0
0	33
10	145
0	300
3	134
0	120
0	21
0	105
0	109
0	112
0	13
0	41
0	0
0	0
0	0
0	0
0	0
0	0
0	0
0	0
3	14
0	0
0	0
0	0
0	0
0	0
0	0
0	0
17	724
2	724
6	724
3	43
1	0
316	83
1	83
0	7
21	57
1	7
0	17
0	16
0	0
3	35
3	35
0	2
17	0
0	0
0	0
0	0
0	0
0	0
0	0
0	468
6	311
20	468
221	311
0	0
0	0
0	0
0	0
0	0
0	0
0	0
0	0
0	0
0	0
0	0
3	2309
0	1340
0	1
17	23
1	36
0	190
8	424
1	424
0	381
1	170
0	163
0	132
0	384
3	209
13	83
0	94
0	519
6	504
3	19
1	49
0	72
0	0
0	1126
0	12703
40	8
21	1037
113	12727
0	1162
232	11727
0	8
4	0
87	4995
2	12852
0	5956
0	11496
1	58
1	45
1	30
0	48
0	37
0	19
0	1
0	0
0	2
0	0
3	2
6	8
0	8
0	8
0	0
6	521
9	534
0	80
0	0
59	242
56	242
0	0
0	0
0	0
880	962
19	961
0	82
11	47
0	47
0	0
0	0
0	3
0	4
0	1
0	0
193	2
7	0
0	0
490	52
0	42
2	8
123	739
2	111
0	592
0	592
0	613
0	639
1	620
0	611
0	772
0	735
0	745
0	705
23	726
0	666
0	678
0	675
0	680
0	676
0	684
0	686
1	679
0	681
0	668
0	649
9	12
4	0
43	0
0	0
1	97
11	97
24	284
0	233
111	225
6	52
0	79
0	18
0	18
0	0
0	7
1	0
0	0
0	0
0	0
0	9
0	9
0	9
0	0
0	1
2	0
0	1
1408	5539
202	5532
0	2685
91	1683
1	353
2	172
0	180
0	171
0	178
1710	2
4	1749
0	1697
1	0
0	1408
0	1316
0	1084
0	397
0	997
0	1123
0	684
49	0
5	345
9	322
22	247
0	0
1	0
0	3
0	204
0	185
4	6
6	21
0	182
0	47
0	43
1	32
0	187
5	13
0	6
0	44
35	88
3	2407
7	8458
2	8164
0	8437
0	7378
0	7256
0	239
0	416
0	0
0	0
104	0
0	768
1	457
10	233
228	989
25	491
0	342
2	264
0	1181
1	1223
0	2989
0	82
19	75
1	267
0	206
13	204
0	142
0	0
0	4
0	0
0	4
2	889
0	931
12	724
0	314
2	251
0	226
0	97
1	62
0	41
4	76
108	25
0	23
2	0
0	1951
1365	2884
21	364
8	1720
10	126
0	0
51	396
12	186
12	221
35	515
11	650
29	682
0	123
1	0
415	51
1	0
46	77
0	18
0	0
17	9
0	0
0	0
0	0
0	2
1	12
0	2
0	12
0	2
0	2
1	0
0	4
0	0
31	1278
519	2252
0	1537
0	0
7	972
2	314
5	337
0	105
30	241
1	101
1660	235
9	547
12	547
4	58
0	23
2	0
0	0
38	0
0	999
0	1878
3	1879
0	1879
0	1879
0	325
7	90
2	2
10	19
0	0
16	299
1	0
270	106
8	125
0	788
0	859
1	61
0	36
249	809
6	743
12	67
0	1
45	0
6	43
0	38
10	0
12	0
0	0
4	772
0	835
0	150
7	798
57	166
3	281
0	0
21	0
1	0
379	59
0	12
1	0
3	44
1	3
20	4
0	0
1	4
0	0
0	0
0	41
0	6
11	41
0	5
0	27
0	10
0	4
0	16
0	22
0	14
1	25
0	25
0	25
3	6
0	0
0	0
0	0
0	0
0	0
4	0
0	0
0	0
3	0
0	0
0	0
0	0
0	0
0	0
0	0
0	0
0	0
0	0
0	0
0	0
0	0
0	0
0	0
0	0
13	0
1	1
0	0
0	5
2	6640
0	6306
130	3579
0	463
0	470
0	476
3	470
0	428
0	458
0	404
7	378
0	415
0	50
0	69
0	29
0	49
0	30
1	31
0	31
0	0
0	0
0	0
0	4
0	0
0	5
0	5
27	502
0	4
0	0
0	0
0	7
1	91
18	103
0	81
0	11
0	30
18	61
1	0
1	1
4	1
0	0
0	0
2	0
4	1232
0	1215
0	1245
0	179
1	213
3	6
0	14
5	67
8	22
31	0
0	0
0	0
0	3
0	3
2	2760
1	348
0	0
0	0
0	0
0	157
5	150
0	47
0	5
0	14
0	5
0	4
0	5
0	4
27	0
10	0
92	627
0	627
1	77
0	0
230	0
849	177
7	2
4	175
9	66
0	0
0	0
33	0
0	39
5	39
0	10
3	5
1	0
0	0
0	7
0	0
0	20
0	49
2	53
2	46
0	0
0	0
0	0
0	24
7	170
6	204
0	40
0	177
3	190
0	17
0	17
7	26
1	12
0	13
0	11
0	10
0	14
0	4
0	2
0	2
0	0
0	0
0	0
0	0
0	0
0	0
0	0
0	0
0	0
0	0
0	0
0	0
0	0
0	0
0	0
0	0
0	0
0	0
0	1
0	1
0	1
0	0
0	0
0	0
0	0
0	0
0	0
0	0
0	0
0	0
0	0
0	0
0	0
0	0
0	0
0	0
0	0
0	0
0	0
0	0
0	0
0	0
0	3
0	0
0	0
0	0
0	11
0	11
1	7
0	0
0	0
0	0
0	0
0	1241
0	1228
2	1262
3	1270
0	1249
4	291
1	230
6	41
0	38
0	168
26	168
0	28
1	28
0	13
0	5
0	1
0	6
0	0
0	0
101	0
692	384
33	2637
64	2638
2	0
4	318
14	385
5	80
0	20
2	363
0	116
0	116
1	2677
101	2818
0	752
5	372
2	191
3	322
1	148
0	649
7	525
96	336
323	1306
1	327
7	1150
2	825
3	250
23	376
51	702
650	3651
132	3506
0	619
0	798
23	199
6	1294
3	313
27	0
89	0
0	0
0	0
3	750
5	679
5	742
0	63
0	585
0	0
0	0
0	101
0	9
1	0
0	12
0	20
1	491
59	1226
38	908
2	816
0	1208
0	0
82	535
1	22
0	203
4	68
0	100
0	126
0	119
0	65
0	28
0	13
1	11
0	12
0	13
0	28
0	9
1	26
3	9
0	19
3	3
0	8
0	8
0	0
0	2
0	0
1	329
1	205
5	329
1	157
16	252
0	13027
10	11596
0	13027
11	5783
9	799
5	159
13	302
50	3233
47	3316
12	656
1	187
1	152
4	730
2	3
57	31
3	544
0	837
75	1606
5	704
20	1447
3	210
0	661
0	1
0	1
0	0
0	0
62	259
1	254
2	45
0	42
1	55
0	53
2	16
1	20
1	17
0	21
0	1
46	68
0	8
0	23
0	64
1	11
19	1
0	1
586	2293
0	1663
1	2153
14	653
5	97
0	0
101	2476
5	308
1	800
0	598
357	4007
20	3870
5	711
1	1173
1	12
114	1019
451	1215
31	355
5	796
2	643
0	200
0	0
20	127
2	33
6	26
0	7
0	32
0	23
0	0
0	0
4	292
0	782
0	938
0	904
11	260
0	922
0	894
3	102
0	97
0	905
0	872
2	344
0	910
0	0
0	839
2	186
12	705
5	1059
5	1243
56	29
0	1297
0	1247
5	184
0	866
38	922
0	361
25	846
0	254
0	54
0	23
7	45
0	16
0	26
9	4
4	10
10	211
0	113
0	214
24	0
134	13844
0	14056
55	13977
2	209
20	215
0	0
11	848
33	2180
54	624
0	0
1295	153
3	153
0	107
0	108
7	100
0	104
2	102
0	83
3	75
0	5
0	7
0	18
392	9327
0	6527
0	25540
235	27086
0	25529
21	15655
0	4873
1	7704
6	5807
2	3459
82	1928
0	42
52	93
0	320
824	2139
0	137
0	200
1	331
2	266
6	255
4	249
13	135
1	231
5	388
6	1311
0	336
1104	1777
0	1777
36	1143
342	1548
8	417
0	0
0	0
1	162
29	162
1	76
0	22
853	0
16	0
186	40
3	2
0	1
0	0
0	1
0	0
0	0
1	0
0	0
0	0
0	0
0	1
1	0
0	1
1	0
2627	273
6	17
6	254
0	976
0	1012
3	168
0	703
177	1090
0	845
0	983
0	14
0	73
841	678
0	173
3	427
3	397
430	0
2888	5681
0	5675
42	378
3	0
0	0
0	0
4	0
0	0
0	161
137	1073
3	219
4	325
0	14
0	341
9	20
11	157
0	332
0	8
0	32
0	4
0	14
0	13
0	0
0	0
0	1
0	11
0	0
4	30
0	32
1	30
0	0
0	0
0	0
10	0
0	0
0	0
19	40
1	40
0	0
0	59
0	20
0	59
1	0
0	38
0	0
0	0
213	2382
1	2183
0	0
12	413
0	0
0	0
0	0
0	1
0	1
0	1
3	324
18	159
23	317
0	43
1	64
0	86
5	39
0	74
1	57
16	61
0	0
17	317
43	397
0	33
5	103
9	21
4	5
4	80
0	0
3	0
0	0
5	0
523	103
1	103
0	0
1	0
12763	1530
0	0
0	404
0	879
82	663
0	695
0	874
2	3
1	3
0	2
0	0
2	39
0	3
1	0
12	3
0	0
1	0
0	0
0	0
1	1
0	292
0	58
2	38
7	58
0	18
0	96
0	337
25	9
0	49
8	21
15	0
857	429
0	325
0	292
1	109
2	0
0	0
0	0
0	0
0	0
0	0
0	0
0	0
2	0
54	7
0	7
0	0
542	824
0	845
13	424
0	86
30	149
2	136
6	99
0	108
3	25
1	39
1	8
0	0
0	0
8	0
0	0
0	0
3	0
0	52
0	8
0	0
0	0
1	0
13	77
101	96
0	98
0	15
0	4
0	0
18	154
356	98
0	38
16	60
0	7
32	7
1	7
11	0
2	0
43	419
6	419
0	386
6	386
210	161
0	35
0	0
0	11
5	173
307	574
1	511
6	251
0	97
2	74
6	19
4	106
1	3
0	3
0	3
12	0
0	0
0	6
0	7
3	22
0	19
3	19
0	3
12	307
1	18
23	263
0	172
0	40
3	80
0	68
0	44
10	35
5	10
11	7179
42	7900
0	3141
6	2169
9	5
0	4
0	0
0	2
0	1
1	0
0	0
0	0
0	0
0	0
1	1
1	4
17	11
0	7
0	0
0	0
0	0
0	3
2	2
0	1
0	2
0	1
1	0
10	139
0	0
0	0
0	0
1	0
2984	1588
155	814
0	758
13	1657
4	2
1	0
1	0
0	0
0	1
0	1
0	0
0	0
0	8
0	0
0	5
0	1
8	41
0	29
0	19
0	3
9	0
11	0
13	5
0	0
0	5
0	0
1	7
1	9
0	9
0	7
0	7
2	0
0	0
0	4
0	0
9	0
0	0
0	4
0	0
0	0
0	0
0	0
22	0
0	0
28	0
0	0
0	0
0	0
0	0
0	0
0	0
0	0
0	0
0	0
195	0
0	0
0	0
0	0
1582	0
0	0
20	8
30	4
1	14
14	27
0	21
0	4
0	0
0	0
20	8
0	5
0	6
8	1
0	2
0	0
1	0
0	6
0	1
2	12
2	6
0	0
0	0
2	1
0	1
0	0
0	1
19	9
0	8
1	0
0	1
2	0
10	37
0	38
0	6
0	8
1	314
0	317
21	80
0	29
14	1
0	1
0	1
0	1
0	0
0	0
0	0
0	0
0	0
2	0
2	2
0	2
638	642
0	489
1	334
0	177
8	0
0	0
1	0
0	0
2	0
0	0
1	2
0	2
0	1
0	1
2	1
10	2
0	4
0	2
1	2
0	2
2	0
0	0
0	0
0	0
1	0
0	0
0	0
0	0
0	0
0	0
4	2
0	0
0	2
0	0
0	0
0	0
0	0
3	0
6	0
0	0
1	0
0	0
0	3
1	3
0	0
0	0
0	0
0	0
0	0
0	0
0	0
0	0
0	0
1	0
0	0
0	0
0	0
0	0
0	0
0	0
0	0
0	0
0	0
0	0
0	0
0	0
0	1
0	1
0	1
0	1
0	0
0	1
0	1
0	1
0	0
0	0
1	2
0	2
0	1
0	1
0	0
0	0
0	0
0	0
0	0
0	0
0	0
0	0
0	0
0	0
0	0
0	0
0	0
0	0
0	0
0	0
0	0
0	0
0	0
0	0
0	0
0	0
0	0
0	0
0	0
0	0
0	0
0	0
0	0
0	0
0	0
0	0
0	0
37	42
0	42
0	46
0	0
72	178
0	69
0	136
0	141
1	105
0	92
0	4
3	6
1158	946
5	944
74	30
36	1
87	1
174	4626
523	4627
0	2713
21	2181
35	0
11	0
0	0
0	0
0	0
0	0
0	0
0	0
0	0
0	0
0	0
0	0
0	0
0	0
0	0
0	0
0	0
0	0
0	0
0	0
0	0
0	0
0	0
0	0
0	0
0	0
0	0
0	0
0	0
0	0
0	0
0	0
0	0
0	0
0	0
0	0
0	0
0	0
0	0
0	0
0	0
0	0
0	0
0	0
0	0
0	0
0	0
0	0
0	0
0	0
0	0
0	0
0	0
0	0
0	0
0	0
0	0
0	0
0	0
0	0
0	0
0	0
0	0
0	0
0	0
0	0
0	0
0	0
0	0
0	0
0	0
0	0
0	0
0	0
0	0
0	0
0	0
0	0
0	0
0	0
1397	1011
0	230
0	344
1	787
75	0
0	0
0	0
0	0
0	0
0	0
0	0
0	0
0	0
0	0
0	0
0	0
0	0
0	0
6	192
0	0
0	0
0	0
0	0
0	0
0	0
0	0
0	0
38	3087
71	3087
7	186
133	0
161	0
0	0
1	0
6	259
0	0
0	47
1	0
22	1461
0	0
0	1461
0	189
0	0
9	1387
27	527
5267	1700
11	1411
34	53
3	351
5	289
96	0
374	2
2009	6
0	0
0	97
128	145
2	32
0	38
2	0
0	58
0	1214
29	1585
4	582
1	129
0	74
3	73
65	354
1	0
535	40
1	35
8	39
6	0
21	0
0	95
0	94
5	92
1	85
0	83
3	87
0	29
0	17
0	2
0	11
0	5
4	9
2	0
1	10
49	0
464	1433
0	1540
1	1080
0	0
84	58
0	0
0	51
0	57
0	55
172	0
13	937
0	122
0	192
10	302
42	887
4	223
4	190
1	507
0	469
3	232
7	196
35	263
2121	0
0	2
1	2
0	0
45	12
0	0
0	12
0	0
5	0
0	0
13	0
0	150
0	63
0	3
0	4
7	91
0	6
0	6
0	6
0	6
1	0
7	0
1	0
11	0
23	177
1	16243
2	15576
0	16243
4	2192
143	2
4	15265
0	0
0	0
0	0
3	6
0	6
0	0
0	0
0	3
0	0
0	0
0	1
0	0
0	1
0	0
0	0
0	5
0	0
0	5
0	0
0	0
0	0
0	0
0	0
8	2
0	0
1	1112
0	65
0	0
874	1812
2	900
1	215
242	7
7	1321
0	43
0	136
25	0
5	368
86	2
24	477
251	729
1	729
2	136
0	0
6	0
447	6172
0	6172
1448	0
1	0
968	814
6	814
0	0
689	891
0	178
0	467
33	648
8	21
14	14
0	16
59	16
1	8
1	28
0	0
0	0
0	0
5	36
0	21
0	0
14	0
2388	75
22	75
34	10
4	6
0	8
4	164
15	164
0	0
2	100
0	33
1	11
3	0
2	0
2	0
0	0
0	132
0	149
0	52
1	4
0	22
9	0
1	6
0	2284
0	2331
0	2305
0	2258
2	8
8	0
0	334
0	637
114	7325
146	7235
0	6592
0	3783
0	282
0	1759
7	81
0	1102
4	403
159	4
1	93
0	21
284	0
8	0
3919	347
6	160
2	185
0	1
29	242
0	383
22	1231
5	592
4	0
0	241
0	1
0	248
2	131
2	402
0	0
0	86
25	433
1	0
0	0
0	0
0	0
0	0
0	0
0	0
0	0
11	1715
0	1272
0	594
0	1109
0	1003
9	1320
6	1463
2	154
1	1
0	1
0	0
0	3
0	3
0	0
0	3
0	0
0	0
0	0
0	0
0	0
0	0
0	0
0	0
0	0
0	0
0	0
0	0
0	0
0	0
0	0
0	0
1	28
2	51
1	51
0	56
0	56
0	44
0	52
1	22
0	41
2	0
6	0
0	0
0	30
4	10
2	22
0	30
0	1
0	0
0	0
0	0
0	0
0	0
0	0
0	0
0	0
0	0
0	0
0	0
0	0
0	0
0	0
0	0
0	0
33	2003
1	1669
2	1582
0	972
0	878
0	1388
0	0
11	1668
0	1303
29	386
0	1279
0	1242
0	992
1	231
2	21
0	686
8	67
1	0
343	1563
2	1462
21	712
0	814
1	1185
24	8
6	591
0	425
5	29
0	0
6	465
0	0
1	0
0	0
0	0
1	51
26	0
2885	371
8	369
112	0
48	0
0	5
0	6
0	7
0	4
0	6
0	0
0	0
0	0
1	0
0	0
0	0
0	0
0	1
0	1
0	0
0	0
0	0
0	1
0	1
0	0
0	1
0	0
0	0
0	0
0	0
1	0
0	0
0	0
0	0
0	0
0	0
0	0
0	7
0	7
0	7
0	0
0	3
0	0
10	0
0	0
353	585
71	7
51	585
0	325
3	433
20	1
0	464
20	148
2	12
126	475
0	25
4	22
0	87
0	13
1	95
2	95
0	50
1356	112
3	112
0	0
0	20
0	20
0	20
0	0
0	0
0	130
0	381
0	381
0	378
0	166
1	149
57	669
1	669
67	2454
0	2393
21	2433
0	2118
0	1640
0	0
10	186
5152	2692
0	1191
326	1763
0	1381
58	661
0	0
0	0
0	0
0	0
32	45
0	45
0	24
1	2
0	0
0	0
0	841
0	789
0	749
0	760
0	694
0	659
7	78
12	533
54	0
51	545
0	39
1	6
43	160
2	58
4	25
0	135
4	90
0	0
0	0
0	0
2	746
3159	746
408	573
4	746
0	0
0	0
0	0
0	0
1	0
0	0
0	0
0	0
0	0
0	219
0	211
1	130
0	59
2	94
0	28
8	65
0	12
0	4
9	51
9	0
23	39
0	0
15	27
0	12
2	8
0	0
3	0
0	0
0	0
0	0
0	0
0	0
1	5
0	5
0	1
0	1
0	0
0	1
0	1
0	0
0	0
0	0
0	0
0	0
0	0
0	452
2	468
11	244
3	111
0	59
0	0
11	17
0	103
0	451
0	193
3	104
10	12
0	18
0	14
0	12
0	0
4	8
0	1
0	0
43	1
11	9
9	136
22	327
23	354
0	11
0	143
0	337
0	327
0	146
1837	1587
0	705
1	464
154	1136
0	625
32	120
268	0
1	27
80	0
17	74
0	0
0	0
0	0
0	2
0	0
0	0
0	0
0	0
0	0
0	0
1	0
0	0
0	0
0	0
0	0
0	0
0	0
0	0
3	0
137	164
1	12
0	115
0	49
25	4
1	0
0	4
1	0
0	342
6	342
4	0
0	0
0	342
0	0
213	1419
0	1410
0	8
1	47
0	34
2	8
15	0
0	21
0	314
0	457
7	0
2	324
0	79
5	5
0	306
3	373
212	845
21	49
0	8
0	102
0	215
4	95
0	376
5	23
42	122
0	528
114	1888
0	1942
0	794
1	258
99	243
0	281
1183	469
0	312
0	19
0	174
0	546
0	400
58	0
3	123
0	416
0	294
25	480
0	15
0	0
1694	2298
5	2297
11	2
70	0
14	124
1	1
21	264
0	131
9	135
0	136
0	145
1	40
18	4
47	118
0	0
0	0
0	0
0	0
0	0
27	2277
15	42
28	2233
0	0
0	0
2	175
0	0
0	169
2	18
36	1682
46	214
14	27
15	215
25	8
13	139
4	0
2016	0
110	37
520	456
0	85
1	213
0	347
4	0
0	0
1253	226
0	81
0	145
0	0
0	0
0	0
0	0
0	0
29	56
0	56
0	6
9	7
0	0
5	7
0	0
1373	231
2	44
0	0
3	185
0	1
0	1
0	0
0	0
45	46
8	0
7	46
0	0
433	1398
0	1175
0	513
0	296
10	298
0	438
1	177
13	678
15	98
0	0
9	438
0	74
5	198
23	291
0	223
15	222
22	175
168	0
0	0
2	514
1	495
0	131
0	0
29	57
0	57
0	0
19	0
30	0
0	35
0	0
0	0
0	0
0	0
0	0
0	0
12	1659
229	2855
4	2010
14	1088
37	68
0	93
0	435
56	954
0	416
2	643
1	513
31	20
8	0
1	47
41	121
0	36
4	121
3	3
2	9
0	5
0	20
47	0
2	6
2	12
0	0
1	1
33	0
10	2472
0	2083
6	2381
7	2387
0	813
0	372
0	243
7	484
4	198
0	46
18	111
0	6
0	61
20	61
0	0
552	403
0	1
0	10
0	400
43	14
0	0
17	0
0	0
9	20
30	30
0	0
0	0
21	0
0	0
0	35
0	166
0	179
0	149
0	136
0	118
0	83
0	90
0	170
12	155
45	101
0	139
12	207
1	59
1	66
0	20
3	19
5	41
2	84
704	70
0	0
1	0
8	471
16	2195
4	1363
4	1949
1	1957
5	59
0	17
141	1
8	151
0	81
1	2038
0	0
0	159
0	0
0	0
88	58
217	673
17	563
9	116
2	462
0	458
0	0
3	59
0	42
46	172
6	0
1	0
9	0
0	0
1	0
0	0
0	0
0	0
0	0
24	357
0	0
0	0
0	0
0	0
0	0
0	0
0	0
2	106
0	0
0	0
0	1
0	0
0	0
0	0
0	0
0	0
0	0
0	0
0	1
0	0
35	0
3	2215
0	1
85	3861
171	3861
0	304
74	3800
7	9
0	9
0	0
2	4
66	30
1	0
2	30
0	0
0	2
0	0
0	2
0	0
0	0
0	0
0	0
0	0
0	0
2	3
0	3
0	3
0	0
0	0
0	0
0	0
0	0
0	1
0	1
0	1
0	0
85	1236
25	381
0	0
2	465
6	947
0	57
5	184
7	167
0	79
0	68
0	29
1	83
0	43
0	1369
90	1369
34	141
24	421
0	1261
6	4
0	65
0	0
26	4
2	4
0	0
228	69
5	655
2	168
0	638
9	173
1	293
0	0
0	149
1	67
412	0
23	5122
5	377
0	4909
149	1227
1	0
41	2235
94	2561
40	702
44	1104
0	862
0	278
0	73
126	421
1	36
0	192
0	62
0	119
6	138
3	52
0	168
0	23
1	36
3	1375
3	396
2	1193
1	1037
6	725
0	1156
0	432
0	215
0	651
0	1346
13	128
413	14614
81	11501
0	4012
1	1375
43	2645
0	12887
0	5291
25	7081
23	8888
13	796
4	153
0	121
6	146
0	151
0	107
6	40
0	1
2	11
0	10
0	7
0	10
0	9
0	7
0	56
5	41
0	2
0	2
4	27
1	10
0	11
0	10
0	11
0	10
1	0
0	0
0	0
0	0
1	1
0	0
41	129
0	141
0	112
0	79
1	70
0	59
0	40
1	19
0	7
0	14
0	2
0	0
0	2
0	0
0	5
1	319
0	468
29	717
0	3
0	597
0	3
0	3
0	703
0	0
0	4
0	475
0	384
0	92
3	0
3	8
22	116
0	9
1	2
1	147
28	508
0	119
4	3000
18	325
22	2306
2	307
40	2803
0	301
9	89
12	424
671	0
1458	354
13	348
15	9
0	0
0	0
0	0
25	0
0	0
2	1
0	0
0	0
0	0
0	0
4	0
0	0
0	0
0	0
0	8
6	298
530	328
0	74
54	68
0	0
10	33
5	15
0	1
0	1
3	13
0	4
5	206
0	29
1	5
4	24
0	198
4	17
44	201
9	176
2	7
0	5
0	4
1	42
14	1674
9	1783
7	103
0	478
9	51
11	126
6	217
12	61
23	70
35	267
1	89
0	26
0	27
0	25
0	24
0	18
3	13
0	1
0	8
0	9
0	5
0	4
0	4
0	0
0	3
0	10
0	4
0	4
0	3
0	1
0	0
0	2
70	0
4	1
1	1
77	0
5	0
0	0
0	1605
0	1605
16	1541
8	310
1	0
22	294
0	0
0	0
0	0
4	27
17	27
22	13
0	7
2618	2260
10	461
0	0
65	1562
0	566
0	926
4	684
6	0
303	412
0	21
0	14
4	353
2	268
34	267
0	136
8	136
0	58
0	56
160	84
3	0
275	84
0	0
1	734
4	47
0	218
29	734
1	743
23	132
0	382
3	84
6	46
2	55
0	79
1	119
1	12
0	14
4	19
0	27
0	21
1	18
0	9
4	0
1	12
0	0
0	0
35	29
0	29
0	29
2	0
0	0
634	1
3	1
1321	8460
35	7024
9	238
0	3932
8	3932
1	2387
176	1132
7	2936
2	1079
0	696
0	83
0	87
3	59
0	2
1	0
10	255
0	131
0	183
0	59
0	33
202	0
0	0
0	0
0	0
272	0
0	8
6	38
0	9
2	38
1	5
222	4
2	4
0	1
0	3
0	3
0	3
0	0
3	1
0	1
0	0
3	168
3	88
0	169
0	27
1	1
2	622
18	622
1	627
0	515
0	442
9	82
0	54
1	52
0	1
6	255
0	277
0	203
0	255
94	443
0	1
2	303
185	0
0	0
75	377
0	50
151	0
6	0
0	0
15	7
0	7
0	0
0	9
0	4
1	7
0	4
0	2
0	10
63	0
110	3523
68	3356
2	417
18	898
14	113
8	222
0	2078
0	2541
16	2386
40	4150
39	513
20	452
12	3728
3	647
97	3518
4	579
0	0
0	0
0	0
1	0
0	14
0	0
0	1
0	1
0	1
0	1
0	1
0	0
0	0
0	0
0	0
0	0
0	0
0	0
0	0
0	0
0	0
0	0
0	0
0	0
0	0
0	0
0	0
0	0
0	0
0	0
0	0
0	0
0	0
0	0
0	1
0	1
0	1
0	1
0	1
0	1
0	0
0	0
0	0
0	0
0	0
0	0
0	0
0	0
0	0
0	0
0	0
0	0
0	0
0	0
0	0
0	0
0	0
0	0
0	0
0	1
0	0
0	0
0	0
0	0
0	0
0	0
0	0
390	126
8	89
1	0
116	41
0	88
50	59
0	26
0	36
0	3
52	0
0	15
64	401
0	82
9	399
8	393
3	108
0	39
4	2
0	83
0	148
12	0
0	91
0	124
0	0
0	0
0	0
0	0
0	0
0	24
0	3
5	24
0	0
0	171
0	12
0	167
0	167
1	4
3	22
0	22
0	17
0	1
1	1
0	1
0	0
18	1
0	1
0	24
0	24
0	1
0	21
1	24
0	12
0	12
76	47
4	17
1	27
0	7
1	7
1	8
0	0
0	0
0	0
0	0
0	0
1	0
0	0
0	0
0	0
0	0
0	0
0	0
0	0
0	0
0	0
0	0
0	0
0	0
0	0
0	0
0	0
0	0
0	0
0	0
0	0
0	0
0	0
0	0
0	0
0	0
0	0
0	0
0	0
0	0
0	0
0	0
0	0
0	0
0	0
0	0
0	0
0	0
0	0
0	0
0	0
14	14
0	14
0	11
0	0
3	1780
0	1799
0	669
0	118
129	26
4	6
2	8
0	0
0	5
1	3
10	1
0	0
2	0
0	0
0	0
0	0
0	0
0	0
0	0
0	0
0	0
0	2
0	0
0	1
0	0
0	0
0	0
0	0
0	3
0	3
0	1
0	3
0	2
0	0
0	0
2	0
0	0
492	44
11	44
2	0
23	7
41	7
0	0
202	3
21	3
320	0
28	22
20	31
0	33
30	58
0	15
0	22
0	11
7	44
18	6
0	13
2	5
0	21
1451	1839
14	1659
115	1357
13	1611
0	924
0	106
24	121
0	130
0	0
0	10
0	8
0	0
1	0
0	0
0	0
2	0
0	0
0	0
3	20
0	0
0	1
0	1
0	0
0	0
0	0
0	3
0	0
0	0
0	1
0	1
0	0
0	2
0	0
0	0
0	0
0	10
0	0
0	2
0	0
0	0
0	34
0	25
0	0
0	1
0	0
0	0
0	0
0	0
0	0
0	0
0	0
0	0
0	4
0	0
0	1
0	1
0	1
0	1
0	0
0	0
0	0
0	0
0	0
0	15
0	0
0	6
0	1
0	0
0	0
4	32
0	21
0	0
0	1
0	0
0	0
0	0
0	0
0	1
0	0
0	0
0	1
0	1
0	0
0	0
0	0
0	1
0	0
1	15
0	2
0	0
25	52
0	0
0	0
0	5
0	1
0	0
0	0
0	0
0	0
0	0
0	0
0	0
0	0
0	0
0	0
0	0
0	0
0	0
0	0
0	0
0	0
0	0
0	0
0	0
0	0
0	0
0	0
0	0
0	0
0	0
0	0
0	0
109	0
0	0
0	0
0	0
0	0
0	0
0	0
0	0
0	0
0	0
0	0
0	0
0	0
0	0
0	0
0	0
0	0
0	0
0	0
0	0
0	0
0	0
0	0
0	0
0	0
0	2
0	0
0	0
0	0
0	0
0	0
0	0
0	0
0	0
0	0
0	0
0	0
0	0
0	0
0	0
0	0
0	0
0	0
0	0
0	0
0	0
0	0
0	0
0	0
0	0
0	0
0	0
0	0
0	0
0	0
0	0
0	0
0	0
0	0
0	0
0	0
0	0
0	0
0	0
0	0
0	0
0	0
0	0
0	0
0	0
0	0
0	0
0	0
0	0
0	0
0	0
0	0
0	0
0	0
0	0
0	0
0	0
0	0
0	0
0	0
0	0
0	0
0	0
0	0
0	0
0	0
0	0
0	0
0	0
0	0
0	0
0	0
0	0
0	0
0	0
0	0
0	0
0	0
0	0
0	0
0	0
0	0
0	0
0	0
0	0
0	0
0	0
0	0
0	0
0	0
0	0
0	0
0	0
0	0
0	0
0	0
0	0
0	0
0	0
0	0
0	0
0	0
0	0
0	0
0	0
0	0
0	0
0	0
0	0
0	0
0	0
0	0
0	0
0	0
0	0
0	0
0	0
0	0
0	0
0	0
0	0
0	0
0	0
0	0
3	69
0	0
0	0
0	0
0	0
0	0
0	0
0	0
0	0
0	0
0	0
0	0
0	0
0	0
0	0
0	0
0	0
0	0
0	0
0	0
0	0
0	0
0	0
0	0
0	0
0	0
0	0
0	0
0	0
0	0
0	0
0	0
0	0
0	0
0	0
0	0
0	0
0	0
0	0
0	0
0	0
0	0
0	0
0	0
0	0
0	0
0	0
0	0
4	114
3	108
0	6
0	0
39	538
136	70
3	535
4	467
0	0
0	0
0	0
0	0
0	0
0	0
0	2
0	0
0	0
0	0
0	0
0	0
0	0
0	0
0	3
0	3
0	1
0	1
0	2
0	0
0	0
2	18
0	32
2	32
0	32
0	3
2	0
0	0
14	0
22	3
0	3
0	305
1	339
420	560
0	70
0	482
0	0
248	1453
2	64
16	123
0	1345
1	254
1	0
2	97
27	97
3	185
40	172
0	137
3	171
47	11327
33	12901
17	7498
49	9142
23	679
2	8223
46	0
0	0
17	1
0	1
0	0
16	536
21	526
4	527
0	14
5	80
0	72
9	109
3	46
0	109
0	89
2	0
0	0
0	0
0	0
0	2099
37	311
0	337
0	313
0	88
9	0
2008	4955
8	1451
21	380
0	1203
12	388
3	913
0	989
7	453
5	1050
17	2753
7	1363
9	2171
31	3039
3	1753
0	808
9	2479
33	1791
55	2598
0	1942
0	1829
1	641
0	334
6	3
0	31
0	36
0	45
15	30
0	25
1	5
14	14
0	0
0	0
0	0
0	0
0	0
0	0
0	0
0	0
0	0
0	0
0	0
0	0
0	0
0	0
0	1
0	1
0	0
0	1
3	0
0	0
0	0
0	0
0	0
0	0
0	0
0	0
0	0
0	0
0	0
0	0
0	0
0	136
0	108
0	121
52	30
4	124
0	124
3	73
0	1
0	1553
0	1596
4	343
3	1553
5	77
2	246
17	257
0	403
0	6
1	399
0	98
0	0
0	0
0	0
0	0
0	0
0	0
0	0
0	0
0	0
0	0
0	0
0	0
0	0
0	0
0	0
0	0
0	0
0	0
0	0
0	0
0	4
0	0
0	0
0	0
0	0
0	0
0	0
0	19
0	0
0	0
0	0
0	0
0	0
0	0
0	0
0	0
0	28
0	0
0	0
0	0
0	0
0	0
0	0
0	0
0	0
0	0
0	0
0	0
0	0
0	0
0	0
0	0
0	0
0	0
5	60
0	0
0	14
0	14
0	14
0	14
0	14
0	14
0	14
0	4
0	16
1	65
0	68
0	0
2	0
1	0
1	0
0	0
0	0
0	0
0	0
0	0
0	0
0	0
0	0
0	0
0	0
0	0
0	0
0	0
0	0
0	0
0	0
0	0
0	0
0	0
0	0
0	0
0	0
0	0
0	0
0	0
0	0
0	0
0	0
0	0
0	0
0	0
0	0
0	0
0	0
0	0
0	0
0	0
0	0
0	0
0	0
0	0
0	0
11	593
0	0
0	0
0	0
0	0
0	0
0	0
0	0
0	0
0	0
0	0
0	0
0	0
0	0
0	0
0	0
0	0
0	0
0	0
0	0
0	0
0	0
0	0
0	0
0	0
0	0
0	0
0	0
0	0
0	0
0	0
0	0
0	0
0	0
0	0
0	0
0	0
0	0
0	0
0	0
0	0
0	0
0	0
0	0
0	0
0	0
0	0
0	0
0	0
0	0
0	0
0	0
0	0
0	0
0	0
0	0
0	0
0	0
0	0
0	0
716	0
250	2692
23	2101
6	2390
1	0
0	303
0	0
1398	68
0	68
36	246
4	421
0	376
0	0
0	13
0	1
0	0
0	1
1188	1436
0	368
21	418
3	320
8	149
20	343
1	480
2	35
106	213
0	57
2	36
0	4
4	7
1	35
2	84
8	68
1	68
0	52
0	55
5	197
9	206
0	202
1	163
2	1
1	53
0	68
2	171
0	505
0	501
4	501
1	516
0	513
0	63
0	0
0	24
0	24
0	24
0	24
0	0
0	112
1	112
0	41
377	0
6	99
22	692
7	781
62	432
0	199
3	129
19	213
0	52
6	66
3	114
1	69
7	134
0	58
1	51
0	10
69	79
0	13
1	66
26	1482
4	1561
1153	1550
0	724
12	21
71	1879
31	1879
0	0
0	0
0	0
55	84
69	252
8	252
0	0
0	0
0	0
0	0
0	0
915	5392
0	5386
0	0
19	0
0	0
0	0
0	0
0	0
0	0
0	0
0	0
0	0
0	0
0	0
1	1380
7	1
0	1
207	2003
0	440
0	391
0	497
9	1440
13	2606
114	2527
1	98
0	184
2	14
22	209
1	466
18	369
522	64
0	65
30	4
0	3
8	2599
143	2593
0	584
1	92
0	899
1	175
26	198
0	164
0	415
33	172
13	51
39	907
0	514
0	163
12	627
12	627
0	12
0	2
0	97
0	100
10	80
4	72
11	5
0	5
209	0
1	0
4	2
0	2
1	2
0	2
0	2
0	0
0	40
11	40
5499	5537
0	2442
11	1239
0	1856
193	0
0	0
29	0
15	0
103	8
97	2047
0	1674
0	431
1	409
0	599
0	42
3	336
8	69
1	351
2	207
0	180
74	44
0	44
2	1
0	0
0	0
6	1
0	1
0	0
0	0
0	0
0	62
0	0
0	0
0	0
0	0
0	0
0	0
1	0
0	0
0	0
0	0
0	0
0	0
0	0
0	0
1	0
1	2
0	0
0	0
0	0
0	0
0	6
0	6
0	0
0	0
11	53
4	53
4	53
0	0
0	0
1	0
1	0
0	0
0	0
0	0
0	0
0	0
0	0
0	0
12	0
0	0
0	0
0	0
0	0
0	0
0	0
0	0
2	0
0	0
0	0
0	0
0	0
0	0
0	0
0	0
0	0
0	0
0	0
0	0
0	0
0	0
0	0
0	0
0	0
0	1
0	1
0	1
0	0
0	0
0	0
0	0
0	0
0	0
0	0
0	0
0	0
0	0
0	0
3	0
0	0
0	36
0	38
0	77
0	75
72	68
0	5
0	25
15	1693
632	2581
23	888
4	45
19	360
3	84
6	337
0	140
6	0
0	103
0	42
0	74
0	74
0	0
0	0
37	0
13	116
0	116
3	26
2	17
1	20
41	0
1	20
1096	0
2026	0
235	3401
0	465
72	232
116	2796
4	506
0	606
0	144
6	253
1	3
0	3
0	1
2	305
11	298
4	280
0	10
2	2646
2	310
10	2583
12	2488
6	2310
0	2093
5	722
0	1850
3	2097
17	1802
0	0
0	619
0	483
0	471
41	232
0	556
10	182
0	187
2	454
4	162
228	0
1	1
0	1
111	442
0	440
460	78
15	76
1759	58
9	0
1	17
0	17
0	0
0	0
4	731
1	751
1	630
0	692
1	41
1	127
3	41
0	0
3	125
17	0
1766	42
20	38
11	40
0	0
7729	3446
40	888
0	0
2	264
83	2377
6	5
0	5
0	0
0	0
4	117
6	13
9	104
0	0
1	272
0	246
0	232
0	220
0	246
0	88
54	83
0	0
0	0
1	0
15	343
2	269
0	140
4	223
0	51
0	69
1	57
9	30
0	84
0	41
399	17
1	15
1	3
0	19
3	14
141	16
2	11
7	844
0	18
0	650
0	803
1	91
5	0
0	412
0	0
0	101
2	10
4	163
2	13
4	202
0	201
4	202
3	36
0	182
6	14
0	38
21	123
0	101
1	1
1	1
5	620
0	642
0	582
0	621
2	166
1	12
0	0
52	57
0	0
0	57
523	0
0	12
8	499
2	676
2	874
3	547
30	239
2	378
1	25
0	25
1	24
6	1483
1248	1483
4	308
22	620
0	620
0	431
0	399
0	270
0	195
8	92
26	0
2	0
3	426
20	36
79	402
7	1
22	171
0	402
0	296
3	400
0	19
4	311
2	24
0	0
2	15
0	1267
0	1229
2	1126
0	1213
0	1199
1	1211
3	837
0	177
22	164
4	148
0	4639
13	4297
11	4296
5	565
2	1033
0	35
0	24
6	25
0	62
0	209
0	210
0	176
0	210
0	177
61	0
4	0
0	12
6	12
0	3
0	0
25	7857
14	4161
3	7388
0	7395
0	7388
1	4106
0	4085
7	2198
10	2316
0	877
0	416
59	1609
17	1552
1	340
3	33
6	40
55	302
2	0
690	1595
673	1595
0	284
926	800
1	31
3	0
3	769
8	328
0	38
0	0
6	294
1	465
0	1352
8	1649
1	432
1	436
1	622
2	234
348	444
0	0
10	59
22	117
0	102
2	145
16	0
10	0
4	0
0	0
0	0
3	0
28	0
3	0
432	312
3	70
0	0
40	0
49	242
33	128
0	0
2	865
0	1093
3	301
11	505
5	0
0	13
2354	715
0	707
8	6
0	60
157	90
0	0
0	67
0	1
3	0
0	0
0	0
0	0
0	0
0	0
0	0
0	0
0	0
0	0
0	0
0	0
0	0
0	0
0	0
0	0
0	0
0	0
0	0
0	0
0	0
0	0
0	0
0	0
0	0
0	0
0	0
0	0
0	0
0	0
0	0
0	0
0	0
0	0
0	0
0	0
0	0
0	0
0	0
0	0
0	0
0	0
0	0
0	0
0	0
0	0
0	0
0	0
0	0
0	0
0	0
0	1
0	0
0	0
0	0
0	0
0	0
0	0
0	0
0	0
0	0
0	0
0	0
0	0
0	0
0	0
0	0
0	0
0	0
0	0
0	0
0	0
0	0
0	1
0	0
0	0
0	0
0	0
0	0
0	0
0	0
0	0
0	0
0	0
0	0
0	0
0	0
0	0
0	0
0	0
0	0
0	0
0	0
0	0
0	0
0	0
0	0
0	0
0	0
0	0
0	0
0	0
0	0
0	0
0	0
0	0
0	0
0	0
0	0
0	0
0	0
0	0
0	0
0	0
0	0
0	0
0	0
0	0
0	0
0	0
0	0
0	0
0	0
0	0
0	0
0	0
0	0
0	0
0	0
0	0
0	0
0	0
0	0
0	0
0	1
0	0
0	0
0	0
0	0
0	0
0	0
0	0
0	0
0	0
0	0
0	0
0	0
0	0
0	0
0	0
0	0
0	0
0	0
0	0
284	5806
0	4
0	4
0	4
0	4
0	4
0	0
0	0
0	0
0	0
0	0
0	0
0	0
0	0
0	0
0	0
0	0
0	0
0	0
0	0
0	0
0	0
0	0
0	0
0	0
0	0
0	0
0	0
0	0
0	0
0	0
0	0
0	0
0	0
0	0
0	0
0	0
0	0
0	0
0	0
0	0
0	0
0	0
0	0
0	0
0	0
0	5
0	0
0	0
0	0
0	0
0	0
0	0
0	0
0	0
0	0
0	0
0	0
0	0
0	0
0	0
0	0
0	0
0	0
0	0
11	1593
0	281
0	0
0	0
0	2
0	2
0	2
0	2
0	2
0	2
0	2
0	0
0	0
0	0
0	0
1	0
0	0
0	0
0	0
0	987
15	1070
6	141
2	1026
14	4
4	91
0	91
41	0
1	0
1	85
27	14
8	49
2	72
0	24
0	40
218	67
1	37
17	65
15	58
120	563
2	543
0	453
0	107
21	11
0	7
0	0
50	219
0	218
0	217
1	129
4	129
0	107
49	273
0	2
0	271
0	0
0	0
8	169
0	136
0	46
0	40
10	8
0	15
14	27
0	19
2	10
2	92
4	92
3	9
14	9
0	7
4	3
0	0
0	0
0	0
0	0
0	0
0	0
66	981
5	921
0	79
8	134
68	301
13	276
101	602
4	107
0	176
5	152
0	47
5	208
0	0
0	0
0	0
0	0
0	0
0	0
3	557
0	42
10	261
1	93
0	452
11	502
210	45
0	43
2	102
23	100
0	17
0	113
0	0
0	0
1714	0
0	0
0	821
0	826
4	82
0	23
19	10
0	169
8	139
7	115
2	66
0	88
2	146
7	140
0	110
3	0
5490	0
17	216
0	216
0	71
0	11
7	0
32	0
1	0
0	0
0	0
0	0
0	0
0	0
0	0
0	0
0	79
0	0
0	13
0	0
0	0
7109	1201
0	1109
267	411
22	368
2	377
1	57
0	0
0	0
0	0
0	0
0	0
7	930
0	0
0	0
0	0
39	8114
60	6274
221	84
55	6180
21	5093
24	7166
0	4352
6	5227
4	3975
12	105
40	0
7	1749
0	1800
2	1644
0	1695
6	0
7	0
58	95
4	298
40	1504
0	105
0	1789
0	370
5	118
23	393
0	667
22	100
9	47
1	116
1	297
0	0
0	0
196	1213
0	723
0	712
7	1111
14	581
0	0
11	401
0	39
0	39
0	38
0	0
0	16
0	4
0	235
0	245
2	244
2	24
3	8
0	1
0	3
0	0
0	1
50	532
16	531
0	27
0	26
0	6
0	6
0	6
1	6
0	5
0	5
0	0
0	1
0	0
1	1
0	1
466	801
0	816
2	799
47	66
0	0
0	0
374	0
75	1267
0	1267
0	160
25	160
21	244
882	242
10	242
609	1931
14	43
1	7
0	0
18	1936
0	1938
0	1317
0	62
10	187
2	1487
1	13
0	54
3	42
2	50
0	86
8	834
0	1008
4	1176
0	507
13	487
27	116
0	23
1	0
0	1
0	1
0	2
0	2
775	1179
1	1179
0	0
0	0
91	2
1	0
27	266
1	266
18	266
0	267
0	62
0	24
0	0
0	0
25	2
0	1
1	5
0	5
2	2
0	0
1	0
4540	45575
0	36510
0	14238
444	22194
0	10248
0	14008
24	12051
0	7353
130	15406
0	5228
0	14248
0	11829
0	11792
1	5899
0	411
0	0
0	0
0	0
0	0
0	5
0	5
13	431
13	80
3	511
19	36
1	55
1	14
1	5
6	38
0	38
7	37
0	223
825	223
21	573
3	430
4	244
96	306
5	78
0	95
2	0
0	0
0	0
0	0
0	0
0	0
8	91
0	45
0	16
1	63
272	88
1	0
20	2
0	90
0	59
306	258
2	140
6	204
6	131
17	111
0	46
0	47
1	4
0	6
197	5639
27	5344
2	1891
79	18
51	3
270	2674
0	2692
0	344
0	211
2	1298
8	233
0	138
0	279
0	1
19	917
6	917
20	354
0	167
0	0
2	0
2	242
0	0
0	0
0	0
0	0
0	1
25	147
0	147
0	21
0	0
0	0
0	0
0	0
0	0
0	15
0	0
0	0
0	0
1	6
0	0
0	0
0	0
0	0
0	0
0	0
0	0
0	0
0	0
0	0
0	0
0	0
0	0
0	0
0	0
0	0
0	0
0	0
0	0
0	0
0	0
0	0
0	0
0	0
0	0
0	0
0	0
0	0
0	0
0	0
0	0
0	0
0	0
0	0
0	0
0	0
0	0
0	0
0	0
0	0
0	0
0	0
0	0
0	0
0	0
0	0
0	0
0	0
0	0
0	0
0	0
0	0
0	0
0	0
0	0
0	0
0	0
0	2
0	2
0	0
0	0
0	0
23	19
0	9
0	14
0	0
0	0
0	0
0	0
341	1253
5	15
4	1238
3	73
0	545
0	338
2	433
0	426
2	322
13	97
4	20
0	18
0	22
0	0
0	66
2	43
0	66
0	9
0	229
0	877
27	856
50	860
0	651
0	131
38	52
0	69
135	49
0	30
0	34
0	0
568	543
0	115
6	19
18	409
12	436
0	436
1	378
2	72
27	2
1	0
0	210
3	46
1	3
0	27
9	194
1	4
39	196
0	196
0	0
2	3407
0	3524
0	3482
2	3278
0	159
0	179
0	341
1	168
0	2559
4	896
2	774
2	767
1	362
2	57
11	105
7	34
5	36
0	305
0	261
0	168
2	118
0	15
0	15
0	15
0	31
0	31
0	0
0	0
1	0
14	781
7	549
2	206
26	13
1	654
0	101
9	1051
345	0
905	53
0	53
0	99
0	106
11	99
0	106
8	0
0	101
0	111
4	10
3	10
5	1456
1	1441
0	217
0	342
1	168
2	258
0	88
0	3
67	151
0	46
2	0
0	151
0	140
16	38
1	60
0	18
88	2156
0	1995
0	290
10	542
8	13
7	142
1	23
1	2086
0	2107
0	693
0	257
0	1076
8	397
3	226
0	0
0	2
0	2
4	0
17	553
0	553
4	37
2	48
18	369
2	0
30	43
2	1
0	10
0	43
327	449
13	33
4	31
0	92
0	449
0	6
1	6
0	366
3	0
0	0
575	115
0	115
160	221
0	214
2	289
34	289
0	221
5	39
0	0
268	103
3	35
3	15
19	24
14	29
0	14
1	0
3	37
117	24
147	314
0	317
54	31
4	5
137	117
0	18
0	99
34	3304
23	1324
6	3072
4	2491
1	742
0	956
2	0
1	240849
5071	240876
304	38933
30	126088
24	28035
0	25095
0	0
2	2573
0	0
0	0
0	2573
54	0
633	484
23	2
0	16
1	10
2	160
11	381
0	426
9	367
1	381
0	0
0	0
96	0
99	0
1	0
0	0
6	2
0	1
0	1
377	571
2	167
0	280
8	118
0	120
1	2
15	2566
2	2181
21	2629
0	0
5	2624
0	69
1	272
43	198
1	325
61	3653
1	2803
3	2675
0	0
0	643
1	376
4	561
0	687
12	697
0	467
11	23
1	76
1	75
0	14
40	721
41	721
5	0
345	0
32	1062
4	55
0	982
0	138
0	56
3	88
3	57
9	314
6	47
1	195
1	1050
0	1047
41	74
0	687
1	3
68	232
0	126
10	231
1	131
13	148
0	3
0	22
2	22
0	20
11	20
0	0
0	0
0	0
0	0
0	0
0	0
0	0
759	0
0	21
0	21
185	2131
0	2115
0	0
3	12
7	4
1	1
0	1
0	0
0	0
0	0
0	0
0	0
0	0
0	0
0	10
0	3
2	10
0	7
0	0
1	29
3	29
1	8
4	22
0	13
9	245
7	685
60	684
0	276
0	62
228	62
9	34
0	0
14	374
39	374
0	107
18	722
46	738
0	647
10	657
11	6
0	35
0	107
1	82
1	14
1	244
0	85
2	85
0	0
0	29
1	53
0	10
8	6423
3	2598
0	6352
9	0
0	1430
0	6423
98	6061
0	2632
2	5772
29	1016
53	257
18	1256
185	59
7	1367
8	959
206	2521
4	584
1	437
0	1186
5	830
13	801
2	42638
6700	46949
50	195
83	15708
8	15454
331	26562
52	12747
5	0
2	2
9	2
0	0
0	4
0	0
0	0
0	4
1520	14224
0	11730
0	13590
2	5292
4	823
28	409
0	708
1	4545
0	1999
2	1875
5	1171
239	0
14	2693
0	1629
8	1277
6	569
15	1746
11	601
0	76
1	96
2	92
0	19
0	41
0	43
0	43
0	3
0	0
0	0
0	0
0	1
0	0
1	0
0	0
0	1
0	1
0	23
0	23
0	19
0	23
0	21
0	21
0	19
0	25
0	35
0	35
4	18
0	13
0	21
0	0
0	2
2	803
6	597
33	715
166	733
0	789
0	313
1	440
0	111
0	127
0	18
2	18
73	7
0	19
13	12
2	0
2	14
0	0
0	6
0	12
0	12
16	3499
0	4275
0	4276
0	4276
23	908
11	80
1	680
0	4
0	4
0	4
0	4
0	3
0	0
0	4
0	2
0	0
0	2
1	1
2	2
1	2
0	1
1	0
1725	284
0	284
44	461
10	461
21	326
3	332
2	461
1310	2304
44	2304
3	9845
926	10719
229	9795
274	25
10	204
268	204
0	12
0	13
0	7
0	8
0	11
0	11
0	0
0	0
0	0
0	3
0	4
0	0
3	1097
0	914
2	2922
0	2922
0	751
0	85
0	670
78	213
2	123
16	51
1	5
7	160
2	1330
8	206
20	146
1	109
18	0
2	0
1	1
0	1
1	0
0	0
0	0
0	0
0	0
0	0
0	0
0	0
0	0
0	0
0	0
0	1
0	1
0	0
0	0
5	0
932	2
0	0
3	60
15	17
0	55
0	1
7	577
29	589
5	12
2	15
10	159
6	159
0	0
0	0
0	0
4	121
20	0
23	118
1	128
5	9
20	365
2	351
8	365
0	365
0	301
0	11
0	0
8	91
4	91
0	0
8	15
0	21
113	136
0	135
0	6
8	0
0	4
5	3
0	3
7	1
0	4
0	2
0	155
12	739
0	84
7	38
541	735
0	409
0	400
12	75
0	75
0	40
1	73
0	111
2	75
5	101
0	91
0	21
0	18
0	23
86	11
0	11
0	0
2	71
50	2225
0	54
0	231
9	224
1	2178
20	39
0	0
38	11
0	2
0	9
0	0
1044	235
0	235
19	0
209	50
0	48
88	321
6	321
22	6558
19	6946
0	6944
0	6322
5	2501
32	3033
0	2159
12	11
0	2
0	2
0	0
698	785
2	393
1	758
61	398
0	136
0	266
3	328
2	228
4	132
0	253
5	88
2	0
10	142
2	237
1	237
0	7
3	1
2	25
4	0
0	7
0	1
0	1
5	0
4	7
0	16
1	3
84	44
1	4
0	21
0	12
10	446
1	261
5	205
0	430
1	86
12	21
5	26
0	166
0	127
2	37
0	4
4	154
0	40
2	127
1	28
0	55
0	72
0	69
1	90
2	10
2	60
2	34
0	29
0	1
0	0
0	1
0	27
11	26
0	0
496	0
15	0
0	0
0	0
177	0
0	0
5	225
0	225
0	112
0	10
1	10
2	0
3	100
0	100
1	100
1	7
0	0
8	489
0	450
0	39
0	50
0	87
0	8
0	8
0	3
0	2
0	0
0	0
0	0
0	0
0	0
0	0
7	329
0	5
0	0
0	0
0	0
0	0
0	0
0	0
0	0
0	0
0	0
0	0
0	93
0	93
0	93
1	93
0	11
0	13
2	1
5	0
15	88
0	88
0	57
0	0
19	18
0	7
14	0
7	91
1	91
0	0
13	87
0	16
1	196
0	63
7	164
1	101
0	66
2	897
117	900
4	364
0	170
0	325
5	41
1	17
0	239
1	189
0	32
0	362
0	280
0	91
1	274
0	112
0	110
0	88
1	73
0	106
0	27
0	242
0	165
5	437
0	74
2	191
3	1
0	327
0	377
0	430
0	118
0	196
0	123
0	119
1	121
0	57
0	3
0	120
0	86
0	177
0	40
0	84
0	129
0	74
0	0
0	177
0	50
0	47
16	1831
0	1800
0	1461
5	71
15	7
0	110
1	83
4	62
0	0
7	23
3	23
0	0
38	2
404	5379
1	1374
2	2618
2	2773
0	0
53	1462
0	1654
5	1866
3	488
3	320
2	340
2	12
0	65
4	146
14	62
0	0
0	0
2	3
0	3
0	3
0	3
0	0
0	6
0	25
0	23
0	3
0	6
0	627
4	1061
3	1084
0	565
2	1148
3	1403
3	1095
49	14
0	0
0	0
0	0
4	14
4	17
2	0
5	31
1	64
0	22
0	29
2	22
0	53
0	50
0	50
0	49
0	22
7	31
0	0
0	0
0	0
0	0
0	0
0	0
0	0
0	0
0	0
26	163
0	174
0	92
0	51
4	36
0	39
5	6
2	6
6	0
0	49
0	49
0	50
0	50
0	49
0	44
0	40
0	23
1	2
0	0
0	4
0	8
0	1
0	3
0	2
0	3
0	3
1	0
0	4
0	4
0	1
0	1
0	1
0	0
0	0
0	0
0	0
0	1
0	1
0	0
0	90
2	0
1	1041
0	918
0	337
2	526
2	515
0	444
1	322
0	493
0	367
0	43
0	0
1	33
10	1
75	1
234	5773
2	6037
152	5948
0	5804
0	2207
51	56
6	134
12	80
12	39
5	282
1	299
0	177
6	102
1	198
26	192
0	281
0	282
2	223
7	245
1	49
0	16
0	45
0	0
3	3
2	6
3	6
0	108
0	25
0	15
0	108
3	126
0	69
0	110
0	49
7	47
0	108
1	108
0	61
0	74
0	47
0	12
0	9
0	0
126	11
3	5
0	7
0	1
123	2152
1	1537
2	466
2	755
0	1092
8	1543
4	298
0	393
4	250
0	0
13	2
0	138
2	146
0	158
11	154
0	32
0	16
3	17
1	34
1	33
6	0
3	0
5	140
17	140
0	76
0	237
0	1036
0	992
0	842
1	888
17	870
12	15
1	162
0	67
1	131
0	129
2	161
0	138
2	71
3	0
0	0
0	0
0	0
6	0
0	0
0	0
0	0
0	0
0	0
0	0
60	0
7	0
0	0
0	0
0	0
0	0
0	0
0	0
0	0
0	0
0	0
0	0
0	0
75	62
0	29
20	31
0	0
0	0
0	0
0	0
0	0
0	0
0	0
0	0
0	0
0	0
0	0
0	0
0	0
0	0
1	2
1	0
0	0
0	0
1	0
0	0
0	0
2	3
0	4
6	1
0	0
0	0
0	0
0	0
0	31
0	0
0	0
0	0
0	0
0	0
0	0
0	0
0	1
0	0
0	0
0	0
0	0
0	0
0	0
0	0
0	0
0	706
0	587
0	0
0	1
0	0
0	0
0	0
0	0
0	0
0	0
0	0
0	0
9	581
0	706
0	587
0	0
0	0
0	0
0	0
0	0
0	0
0	0
11	3
0	4
0	1
0	0
0	0
264	33
52	20
0	0
0	0
0	0
0	0
0	0
0	0
0	0
0	0
0	0
0	0
0	0
0	0
0	0
0	0
0	0
0	0
0	0
0	0
0	0
0	0
0	0
0	0
0	0
0	0
0	0
0	0
0	0
0	0
0	0
0	0
0	0
0	3
0	0
0	0
0	0
0	0
0	0
0	0
0	0
0	0
378	184
0	101
7	75
12	156
1157	2454
15	741
4	531
11	151
21	297
0	572
10	426
1	420
0	233
29	0
0	1
0	0
108	222
5	222
7	7
0	45
769	8970
158	5068
0	3607
1	3498
0	2090
0	1913
10	1723
0	1045
45	3791
3	622
1	783
3	0
25	0
2	0
2	1677
0	1569
0	1141
1	146
8	77
16	0
0	0
30	19
21	337
9	104
0	91
0	0
74	1694
1	751
1	1017
4	326
20	198
8	459
2	223
71	0
0	0
121	13
2	0
25	0
0	0
0	0
0	0
0	0
2	0
0	127
0	127
0	127
0	35
0	0
0	0
0	0
0	0
0	0
0	0
0	28
0	40
0	27
0	26
0	8
2	0
0	10
329	1216
0	0
0	71
75	405
1	7
0	753
8	327
1972	1016
13	1008
0	599
8	13
16	0
30	0
0	0
0	0
0	0
1	0
0	0
15	0
0	585
126	585
0	0
0	1
1	1
0	1
0	1
0	0
0	0
0	100
10	181
0	181
0	0
0	0
60	634
0	631
1	0
0	569
3	0
2	84
891	4360
0	4360
11	264
66	11
18	192
1	170
0	89
11	504
6	529
45	112
0	29
0	71
1	45
1	97
0	54
4	25
1	108
0	110
0	0
2	39
1	41
0	4
0	33
1	39
0	9
0	20
1	20
0	19
0	24
0	7
0	0
0	7
653	850
3	684
3	292
24	0
18	0
0	1313
1	69
24	359
10	797
1	207
0	1200
2	141
1	38
0	147
7	62
62	968
0	818
5	440
0	609
9	48
0	147
8	74
282	147
0	38
2	8
4	11
3	34
3	17
0	23
0	13
0	32
4	7
654	981
4	840
1	188
0	0
0	102
15	10
44	0
0	0
0	0
0	0
0	0
0	422
2	0
0	0
0	0
0	0
4	0
225	0
1	0
11	0
46	0
23	0
16	0
0	0
0	0
0	0
0	0
0	0
16	58
0	0
6	0
40	13
1	103
6	103
0	103
0	102
4	0
0	12
0	11
5	0
0	0
3	1
0	1
0	0
0	0
65	1295
0	1042
0	1021
0	82
0	817
1	128
0	113
0	0
0	0
239	148
1	32
0	25
0	111
2	6
0	0
1	0
1	0
2	312
0	6
0	285
4	313
0	16
0	63
0	101
200	0
320	300
1	231
1	219
3	205
0	71
8	37
0	0
0	0
0	0
0	0
0	0
0	0
0	0
0	0
0	0
0	0
0	0
0	0
0	0
0	0
0	0
0	0
0	0
0	0
0	0
0	0
0	0
0	0
0	0
0	0
0	0
0	0
0	0
0	0
0	0
0	0
0	0
0	0
0	0
0	0
0	0
0	0
0	0
0	0
0	0
0	0
0	0
0	0
0	0
10	85
1	85
21	1
201	0
1	0
2	0
7	6
1214	35
0	33
0	0
1	71
0	0
0	0
0	0
0	0
0	0
0	0
0	0
0	0
0	0
0	0
0	0
0	0
0	0
0	0
0	0
0	0
0	0
0	0
0	0
0	0
0	0
0	0
0	0
0	0
0	0
0	0
0	0
0	0
2	56
0	0
0	0
0	0
0	0
0	0
0	0
0	0
0	0
0	0
0	0
0	0
0	0
0	0
0	0
1	2
0	2
0	1
0	0
0	0
0	0
0	0
0	0
0	0
0	0
0	0
0	0
0	0
0	0
0	0
0	0
0	0
0	0
0	0
0	0
0	0
0	0
0	0
0	10
0	0
0	0
0	0
0	0
0	0
0	0
0	0
0	0
0	0
0	0
0	0
0	608
1	359
47	365
23	0
7	0
0	10
0	12
0	12
9	4
7	3
338	56
12	0
90	3
0	5
17	3
0	0
0	0
0	0
0	0
0	0
0	0
2	29
443	90
0	2
0	48
8	0
0	39
2	1
1	360
3	59
2	131
3	361
34	364
0	331
0	5
0	0
0	0
0	0
0	0
0	1
0	0
0	0
0	0
0	0
0	0
0	0
0	0
0	0
0	0
0	0
0	0
0	0
0	0
0	0
0	174
0	0
0	0
0	38
0	220
0	0
0	0
0	1
0	0
0	0
0	0
0	0
0	0
0	0
0	0
0	0
0	0
0	0
418	114
1	46
5	56
14	27
0	13
0	0
0	0
12	0
0	0
28	0
0	0
205	144
0	141
6	141
195	31
24	0
0	3
0	0
0	0
0	0
0	0
0	1
0	0
0	0
0	0
0	0
0	0
0	0
11	93
0	0
0	0
0	0
0	0
0	0
0	0
0	0
0	2
0	2
0	2
0	2
0	0
0	1
0	1
0	0
0	1
4	61
12	796
0	805
0	778
0	91
2	39
0	33
0	0
0	26
0	26
0	0
1	25
0	21
0	18
0	0
0	0
1	10
1	9
0	12
0	7
0	2
0	2
0	0
0	0
0	0
0	0
0	0
0	0
0	0
0	0
106	1437
1	651
1	904
0	785
0	652
0	873
3	0
2	256
7	269
9	229
0	0
5	22
0	17
0	1
0	5
0	4
23	0
0	0
0	0
0	0
0	0
0	0
0	0
0	0
0	0
0	0
0	0
0	0
0	0
0	0
50	55
0	54
0	42
0	23
7	13
2	6
0	0
41	104
0	104
460	85
0	54
1	32
0	0
0	0
0	0
0	0
133	0
17	5
0	5
0	0
296	0
0	0
0	0
0	1
0	0
0	0
0	0
0	0
1	0
0	0
0	0
0	0
0	0
0	0
0	0
0	0
0	0
1	0
0	0
0	1
0	24
0	12
0	14
0	0
0	3
0	3
0	1
0	3
0	0
0	0
0	0
0	0
0	0
0	0
0	0
28	37
1	37
0	0
0	1
0	1
0	0
1	0
0	0
0	0
0	0
0	0
0	0
0	0
0	26
0	0
0	0
1	0
0	0
0	0
0	0
0	0
1	12
0	0
0	0
2	0
0	0
0	0
0	13
0	0
0	0
0	0
0	0
0	0
0	0
0	0
2	13
0	0
0	5
0	0
3	8
0	0
5	318
0	1
2	1
2187	7834
3	6185
0	7808
0	15
1	15
0	14
0	15
0	15
0	0
0	2
0	2
0	1
1	0
2	939
0	0
0	269
3	948
0	203
0	34
0	340
0	290
0	1194
3	950
0	1223
0	1164
0	162
0	209
0	80
0	43
0	36
0	122
128	1115
0	1
0	325
8	882
0	0
0	252
0	0
0	4
0	0
0	0
0	0
0	0
0	0
0	0
0	0
0	0
0	0
72	0
8	78
0	81
1	76
0	0
0	7
0	12
3	1
1	5
0	6
0	1
0	0
0	1
0	0
0	58
1	2
0	56
0	0
0	0
0	45
4	0
1	6
16	7
0	7
0	0
0	0
0	0
0	0
0	0
0	0
0	0
13	331
43	114
0	218
0	344
0	229
0	142
0	78
0	360
1	82
2	275
1	66
0	135
1	34
3	224
0	198
0	80
0	289
2	20
4	115
0	0
0	0
0	0
0	1525
0	1525
23	1423
22	9
5	666
2	409
11	48
0	12
1	10
1	3
10	8
0	5
1	3
0	11
0	3
0	0
0	2
13	2
1	2
0	2
63	22
0	22
0	21
0	815
2	86
5	735
2	148
0	728
0	35
7	105
0	44
0	0
0	80
0	0
0	1187
0	1308
0	1279
4	819
14	1214
0	1188
14	1004
9	187
13	487
1	259
0	197
0	268
1	215
2	74
0	8
6	100
12	0
1	85
9	48
2	39
2	0
0	9
0	2
1	9
1	14
0	15
0	15
0	30
0	30
0	0
0	9
0	1
0	14800
469	14800
0	9562
1	2867
1	14015
1	14613
0	638
1	0
0	0
241	438
9	0
1	0
0	0
0	0
0	0
11	85
0	88
0	84
0	86
0	76
3	8
0	2
125	570
0	102
0	64
0	465
0	215
0	110
10	23
0	72
0	72
72	51
0	0
0	1
7	322
7	279
0	62
0	1250
46	1251
0	246
1	1230
0	0
1	20
0	31
50	767
1	20
5	9
0	0
1	0
0	731
3	704
18	647
3	108
0	36
12	110
0	172
1	82
0	38
7	68
0	23
4	1090
0	1091
0	102
8	1006
9	168
0	492
0	0
5	330
1	1094
0	45
1	103
2	0
0	331
13	829
0	4
33	867
9	697
0	366
3	245
0	741
2	676
0	757
0	665
0	230
7	17
6	45
1	181
1	151
1	110
1	56
5	680
39	758
42	1443
0	378
0	193
0	10
0	242
0	828
0	204
10	144
1	483
3	489
0	185
0	59
330	1257
2	1374
19	1257
16	1118
11	105
0	213
14	287
6	181
0	842
3	56
4	301
0	88
0	75
56	171
17	0
0	251
0	153
4	190
0	103
35	225
0	15
2	194
1	68
1	66
0	159
0	191
0	76
0	20
0	59
11	87
1	2605
0	2566
0	2510
0	2614
2	128
8	342
1	585
0	428
2	97
0	80
2	3
0	0
0	0
0	0
0	0
8	100
0	138
8	138
0	8
6	39
0	15
0	0
1	14
0	0
23	1138
12	690
13	1012
0	262
4	878
0	628
2	138
0	317
11	379
0	474
0	250
1	266
2	370
9	246
10	36
4	35
0	35
2	27
13	243
8	268
0	122
5	132
2	86
11	47
11	1349
0	1260
0	1194
27	60
0	1266
0	1179
15	351
0	370
0	344
20	260
2	288
4	175
39	281
7	1647
18	1616
38	169
9	78
0	0
59	40
0	3
426	132
0	132
0	36
461	194
0	194
25	442
0	438
4	123
0	235
0	137
3	227
1	132
0	53
5	133
22	162
0	50
3	432
280	528
4	341
5	165
10	79
1	252
0	210
0	257
0	115
1	110
10	645
16	663
2	306
0	192
0	126
0	346
1	346
4	100
1	60
0	0
9	1094
18	950
2	740
7	339
0	0
2	212
0	0
2	0
1789	9158
33	4335
20	5787
22	2416
0	0
344	19068
81	1194
3	14735
58	5115
28	13529
3	13790
2	16768
1	10933
0	10450
0	5134
0	7501
0	6928
1	2644
17	10339
5	4659
0	5707
1	0
0	382
1	0
10	4088
1	383
0	2
0	0
11	0
39	3
0	1
3	9
0	2
7	60
0	42
25	53
0	54
6	47
0	4
0	28
0	0
0	31
1	11
3	1481
0	1543
5	164
2	1307
0	230
7	60
0	138
0	250
0	157
0	4
33	82
4	134
47	664
1	153
58	665
0	121
1	224
0	665
24	2
0	131
1	107
0	3
0	1
0	0
0	3
0	3
0	0
0	0
0	0
0	0
0	0
0	0
0	0
0	70
0	53
0	50
0	11
2	1428
3	256
0	157
2	336
0	247
90	1393
1	140
1	249
2	1243
0	227
0	126
1	125
6	15
0	12
1	0
0	119
1	241
0	30
15	34
2	26
0	11
0	9
0	23
0	0
0	10
7	2
0	0
0	0
0	0
0	0
0	0
0	0
0	0
0	0
0	0
0	0
35	2599
135	2784
0	416
0	2690
4	358
0	297
130	512
87	229
39	249
109	7
4	0
0	0
0	470
0	506
1	465
0	506
4	423
5	426
0	390
1	0
2	4
0	4
0	1
0	7
1	1
1	0
0	6
0	3
0	0
147	2404
2	209
156	3234
2	2909
5	242
3	798
0	185
73	835
2	872
26	168
1	612
1	898
26	425
15	697
2	51
0	0
86	20
10	602
0	0
22	2
4	2
0	0
1	0
0	0
0	0
0	0
26	1411
2	139
0	10
31	1389
0	115
0	530
5	281
2	536
275	574
0	570
0	28
1	67
4	130
5	29
402	27702
10	12162
1	15952
12	24473
30	14458
0	75
3	7298
11	9
13	686
72	891
74	752
8	328
0	19
0	210
0	84
102	15
1	2
0	0
4	1
3	24
0	27
0	27
797	8002
16	7514
0	2786
7	2616
5	244
2	2526
5	1450
3	919
1	767
72	333
0	0
0	24
0	27
0	0
0	27
0	0
1	22
0	0
0	54
47	489
6	489
0	33
0	53
0	37
0	4
0	53
0	29
0	0
0	10
0	6
0	0
2	10
0	1
0	0
0	1
0	0
0	0
0	0
0	0
11	27
0	53
1	42
1	42
0	27
0	27
7	21
0	1
1	707
0	20
24	289
4	625
1	12
6	661
0	656
4	10
1	127
1	130
0	291
0	0
0	0
0	1
28	12
1	11
3	0
0	5
162	5
1	0
0	0
95	0
0	0
0	17
0	8
15	22
0	23
0	8
4123	432
150	338
10	16
161	22
3	10
7	94
1	7
0	12
0	8
8	30
0	19
0	23
0	10
0	2
8	38
0	37
0	37
3	29
0	17
94	1121
6	1121
111	1092
0	51
49	10746
0	10746
0	7484
0	6578
35	9990
3	3379
0	4103
21	4595
6	581
112	1783
3	5023
275	4332
183	2497
2	0
3	1835
46	492
0	487
0	423
0	130
0	101
25	0
3	5
3	1
0	1
0	70
0	6
0	69
1	65
0	71
0	6
3	3
3	7
3	5
0	1537
0	1465
0	614
0	1386
1	1349
81	1243
91	304
0	435
0	191
1	0
2	1
0	0
0	628
0	628
0	548
1	154
0	1
0	1
1	37
0	37
0	0
0	0
0	2475
10	1825
5	438
2	1307
0	0
1	897
0	1
2	1
0	1
3	422
6	88
1	380
11	36
0	76
5	419
0	54
2	68
0	1
0	153
67	281
4	281
0	273
0	136
0	94
0	0
17	22
0	92
8	11
3	29
0	72
0	72
4	58
0	4
0	11
0	0
0	0
62	14
0	4
0	3
3067	551
7	165
15	189
4	29
8	168
0	0
0	0
4	7
0	6
0	4
0	3
1	19
0	1
0	2
5	5
6	28
0	0
0	0
0	1
0	9
1	1
72	2191
1	1866
12	1887
0	1503
0	1685
0	1770
10	16
3	28
0	0
0	370
0	1
0	1
0	0
0	0
0	0
0	0
0	0
13	5
0	5
0	2
2	147
10	149
0	44
0	0
3	16
0	0
1	0
2	38
4	39
0	39
135	261
11	273
0	154
0	159
0	8
4	27
2	14
0	70
14	0
97	296
0	254
4	206
1	256
0	226
10	26
0	22
0	5
1	0
0	0
98	2004
2316	2006
7	9
0	9
0	16
1	14
1	1241
0	1207
1	1268
8	1164
0	1204
49	1095
2	166
0	114
0	386
0	119
8	28
5	79
15	0
1	130
0	24
9	102
272	1231
10	258
0	1198
0	757
8	380
2	16
0	2
1	8629
0	22469
15	19771
25	1138
1	959
0	15327
1	2663
0	8635
0	3682
15	1126
0	21334
0	21334
4	5604
11	5976
8	4473
0	0
0	0
0	0
0	0
0	0
169	1876
0	258
5	917
0	626
10	614
3	606
5	274
35	159
0	254
0	0
73	903
3	896
36	0
0	82
16	91
0	154
0	52
0	0
0	0
0	0
0	0
0	0
0	0
0	0
0	0
0	0
1690	34
23	33
2	13
3	13
0	13
0	0
150	34
0	34
0	0
0	6
0	5
0	6
0	0
0	1
0	1
0	0
0	0
4	0
0	0
0	0
0	0
0	0
0	0
0	0
0	0
0	14
0	14
0	0
0	0
0	0
0	0
0	0
0	1
0	1
0	1
0	0
0	0
0	0
0	0
0	0
0	0
0	0
0	0
0	0
1	0
0	0
0	0
0	0
0	0
0	0
0	0
0	0
0	0
0	0
0	0
0	0
0	0
0	0
0	0
0	0
0	0
0	0
0	0
0	0
0	0
0	0
0	0
0	0
0	0
2	0
0	0
0	0
0	0
0	0
5	0
0	0
0	0
2	0
1	0
1	0
863	2631
0	2388
11	389
136	0
0	0
0	0
0	0
0	0
0	499
19	470
2	64
0	6
0	0
0	0
1	14
21	32
1	14
0	0
0	0
1	0
0	0
0	0
6	0
0	2890
0	0
0	0
0	1
0	1
0	0
0	163
0	3306
0	3288
76	1092
92	136
24	145
25	2
1	31
33	0
47	713
50	619
60	0
3	281
175	0
39	32
73	0
31	24
0	0
22	88
4	536
17	523
10	74
360	398
0	35
0	353
0	39
0	108
0	139
45	90
2	92
47	0
2	16
0	6
0	14
0	4
0	32
9	82
0	41
1	80
0	17
0	0
0	0
0	0
0	0
0	0
0	0
0	0
0	0
0	0
0	0
0	0
0	0
0	0
1	20
24	37
0	38
0	26
1	1
0	1
0	0
0	0
0	0
0	0
64	7165
0	0
0	0
1	0
133	0
12	76
8	29
0	2
0	78
0	78
0	20
0	77
0	1
0	2
510	84
0	63
5	21
0	0
0	0
0	0
0	0
0	0
0	0
0	0
0	0
0	4
0	0
0	0
0	0
0	0
0	0
3	71
0	0
0	1
4	1
0	0
0	0
0	0
0	0
0	0
0	0
0	0
0	0
0	0
0	0
0	0
0	1
0	2
0	3
0	4
0	5
0	1
0	1
0	5
0	529
19	477
12	473
0	483
0	12
46	61
5	198
0	33
3	80
0	21
18	1625
186	5828
1	695
46	5511
14	4741
0	5709
0	3961
9	468
138	3113
2	500
0	0
1	339
39	0
20	447
0	2183
7	2181
34	2193
0	2298
0	619
9	202
2	407
0	450
6	345
72	123
3	26
0	3
42	10
51	0
282	0
1	7
3	0
48	5
0	437
9	4
17	4
19	13
54	10318
0	10318
3	1994
35	9845
10	108
0	282
0	0
0	158
0	0
0	0
0	0
0	0
0	0
0	0
0	0
28	1
0	0
1	0
0	0
0	0
0	0
0	0
1	1
0	1
0	0
0	0
0	0
0	0
0	0
0	36
0	0
0	26
0	36
0	3
0	5
0	0
0	0
0	2
1	189
0	0
0	0
0	0
0	0
0	0
0	0
0	171
2204	171
20	0
77	0
1	24
1	0
0	0
0	0
0	0
0	0
0	0
0	0
1	0
55	0
25	2127
0	3421
5	207
2	259
1258	3467
25	1790
0	299
5	56
0	753
2	305
0	143
4	43
0	0
0	0
99	0
41	27
1	0
0	327
0	187
4	0
0	1173
4	111
6	0
0	0
47	0
0	0
0	0
0	0
0	0
0	0
0	0
0	0
0	0
0	0
0	0
0	0
0	0
0	0
0	0
0	0
0	0
0	0
0	0
0	0
0	0
0	0
0	0
0	0
0	0
0	0
0	0
0	0
0	0
0	0
0	0
0	0
0	0
0	0
0	0
0	0
0	0
0	0
0	0
0	0
0	0
0	0
0	0
0	0
0	0
0	0
0	0
0	0
0	0
0	0
0	0
0	0
0	0
0	0
0	0
0	0
0	0
0	0
0	0
0	0
0	0
0	0
0	0
0	0
0	0
0	0
0	0
0	0
0	0
0	0
0	0
0	0
0	0
0	0
0	0
0	0
0	0
0	0
0	0
0	0
0	0
0	0
0	0
0	0
0	0
0	0
0	0
0	0
0	0
0	0
0	0
0	0
0	0
0	0
0	0
0	0
0	0
0	0
0	0
0	0
0	0
0	0
0	0
0	0
0	0
0	0
0	0
0	0
0	0
0	0
0	0
0	0
0	0
0	0
0	0
0	0
0	0
0	0
0	0
0	0
0	0
0	0
0	0
0	0
0	0
0	0
0	0
0	0
0	0
0	0
0	0
0	0
0	0
0	0
0	0
0	0
0	0
0	0
0	0
0	0
0	0
0	1
0	0
0	0
0	1
0	0
0	0
2	0
0	0
0	0
0	0
0	0
0	0
0	0
0	0
1	0
0	0
0	0
0	0
0	0
0	0
0	0
0	0
0	0
0	0
0	0
0	0
0	0
0	0
0	0
0	0
0	0
0	0
0	0
0	0
0	0
0	0
0	0
0	0
0	0
0	0
0	0
0	0
0	0
0	0
0	0
0	0
0	0
0	0
0	0
0	0
0	0
0	0
0	0
0	0
0	0
0	0
0	0
0	0
0	0
0	0
0	0
0	0
0	0
0	0
0	0
0	0
0	0
0	0
0	0
0	0
0	0
0	0
0	0
0	0
0	0
0	0
0	0
0	0
0	0
0	0
30	67
0	39
18	67
0	38
5	70
85	3
0	0
0	3
0	0
23	427
0	413
0	53
0	0
4	434
0	0
0	0
0	0
10	11
0	0
0	0
0	0
0	0
0	1
0	0
0	1
0	0
0	0
0	3
0	0
0	0
0	0
0	0
1	0
0	2
0	0
0	0
0	0
0	0
0	0
0	0
0	0
0	0
0	0
0	0
0	0
0	2
0	0
0	0
3	0
0	0
0	0
0	0
0	0
1	0
0	0
0	0
0	0
0	0
0	0
2	0
0	0
0	0
130	0
0	0
29	0
16	0
0	16
0	0
0	0
0	0
0	0
0	0
13	2
1	0
0	2
0	0
5	8
0	0
8	1242
0	0
0	5
3	8
0	1
0	0
0	0
0	0
3248	156
2	151
9	147
0	0
0	0
0	0
64	1
0	0
0	0
1	0
0	0
0	0
0	0
0	12
0	5
0	11
0	3
3	5
0	0
0	7
0	6
0	12
0	0
0	7
0	7
0	0
0	1
0	0
0	0
0	0
0	0
0	0
0	0
0	0
0	0
2	3
0	1
0	0
0	0
0	0
0	0
2	0
56	118
499	580
3	553
0	124
18	0
68	317
6	253
3	241
26	214
390	484
2	203
11	281
1	0
140	240
8	142
26	240
5	68
0	1
1	9
0	0
0	0
0	65
0	9
0	14
0	4
0	158
5	137
0	21
0	5
0	1
634	0
0	0
0	0
0	0
0	0
0	0
700	5906
0	6045
52	5775
7	265
2	302
0	183
9	0
0	0
7	0
0	0
0	0
0	0
0	0
2	143
77	173
3	0
0	33
1	448
51	424
0	444
1	31
1	155
0	305
0	423
3	2
0	134
0	186
0	193
37	105
56	105
2	0
1	154
0	1004
4	977
0	897
0	66
7	0
0	16
0	390
0	314
233	844
0	172
0	843
46	471
0	141
2	0
1	19
2	0
3	1063
1	426
3	926
1	730
0	801
0	0
878	2
0	0
0	0
0	8
0	158
1328	1591
0	808
3	1164
3	19
4	0
49	21
43	146
0	0
0	0
0	0
523	213
1	39
0	112
44	156
2	157
2	0
0	0
0	0
0	0
0	0
19	916
33	953
6	46
35	119
0	15
0	53
0	31
0	253
0	8
10	69
0	262
0	312
0	253
0	246
1	38
1	37
0	58
0	243
0	0
5	0
297	198
0	198
6	213
3	320
0	880
21	832
0	354
2	15
0	8
1	0
1	4
0	111
20	1
0	0
10	0
6	0
0	32
1	338
0	30
0	355
21	336
0	31
0	247
0	352
2	26
233	1897
0	1966
0	623
15	812
0	956
3	976
0	924
0	140
0	301
0	142
165	0
254	0
71	12
68	0
0	0
7	250
2	224
0	123
20	124
0	8
0	9
0	20
0	39
3	66
0	0
0	0
20	70
0	11
0	39
0	0
32	164
5	400
0	423
12	380
0	81
2	78
2	95
1	92
0	316
0	34
0	52
3	122
0	76
1	0
7	0
398	5800
0	3263
8	5895
0	2064
0	3087
8	0
0	0
1	0
6	5
0	5
0	0
0	0
0	0
2078	521
1	403
3	37
17	13
33	18
2	112
0	1
0	1
0	0
0	0
0	15
1	0
0	15
2	0
0	15
0	0
0	1
0	0
0	0
0	0
0	0
0	0
0	0
0	0
0	0
0	0
0	0
0	0
0	0
0	0
0	0
0	0
0	0
0	0
0	0
1503	439
13	439
0	0
0	0
0	0
0	0
0	0
0	0
0	0
0	0
0	0
0	0
0	0
0	0
0	0
0	0
0	0
0	0
0	0
0	0
0	0
0	0
0	0
0	0
0	0
0	0
0	0
5	0
1	0
127	435
3	282
11	283
44	119
1	119
4	0
9	3
0	15
0	0
0	0
8	12
0	3
0	0
0	0
0	0
0	0
1	0
0	0
0	0
0	0
0	0
2	0
0	0
0	0
0	0
0	0
0	0
0	0
0	0
0	1
0	0
0	0
0	0
0	0
0	0
0	0
0	0
0	0
0	0
0	0
0	0
0	0
0	0
0	0
0	0
0	0
0	0
0	0
0	0
0	0
0	0
0	0
0	0
0	0
0	0
1004	276
0	56
0	0
0	16
2	0
74	36
48	168
0	0
0	0
15	178
0	0
6	401
0	0
1	0
0	0
9	0
6	0
15	0
0	0
0	0
0	0
0	0
0	0
28	0
1	0
0	221
4	230
0	18
0	222
28	1
15	0
25	0
838	2388
5	1494
0	170
1	76
0	134
0	137
71	0
5	97
0	64
3	62
1	151
44	0
0	43
19	607
92	41
25	169
1	328
56	0
0	0
184	415
0	236
1	199
194	782
2	242
0	258
178	135
0	81
5	175
0	35
14	75
0	0
0	0
0	0
0	0
0	0
0	0
1	0
0	0
0	0
0	0
6	16
0	16
1456	186
0	0
0	185
3	22
0	0
0	0
0	0
0	0
0	0
0	0
4	1
0	0
0	0
0	1
0	0
0	0
64	247
234	247
8	226
0	22
0	67
0	14
0	0
1	40
0	11
0	0
0	0
0	0
0	0
0	0
0	0
0	0
3	0
0	0
3	74
0	74
0	58
0	10
0	3
0	3
2	21
0	0
0	0
0	0
0	0
0	4
0	0
1	13645
2	13377
10	1058
21	409
62	0
45	0
31	0
0	4078
4	2155
8	921
68	30
4	500
12	288
5	1485
0	467
0	0
0	295
104	14
90	1
1	1951
6	122
47	0
0	0
647	89
11	87
0	0
2	531
0	533
0	321
0	188
0	106
0	31
0	0
0	0
0	0
0	177
0	0
0	0
0	0
0	0
0	0
0	0
0	0
0	0
23	21
0	8
0	14
0	14
0	0
0	0
0	0
7	12
0	1
0	0
0	0
1	11
0	0
0	0
0	2
0	0
0	2
0	0
0	0
0	0
1	0
0	0
0	0
0	0
0	0
349	267
0	266
9	0
12	360
3	105
0	32
0	290
0	141
0	58
0	0
24	0
8	151
191	151
0	0
0	0
0	0
12	760
8	916
5	688
21	0
3	697
1	99
0	2
0	67
1	98
0	100
1	88
32	152
2	82
0	133
0	69
0	0
1	0
1	0
0	0
1	6
0	4
0	6
0	1
9	1963
2	2360
108	2269
3	878
0	837
0	440
2	238
1	276
5	210
0	51
0	2
0	2
20738	1971
316	1963
177	0
239	0
0	0
0	1
0	1
0	0
0	1
0	0
0	0
0	0
0	0
0	6
1	80
22	391
2	346
0	212
0	0
1	26
0	20
121	2267
1	72
0	88
0	805
0	2191
2	2042
7	2014
7	171
2	1
1	114
1	213
16	119
23	21
0	255
6	381
1	270
51	260
0	138
8	0
0	0
0	0
0	0
0	0
0	0
0	0
0	0
0	0
0	0
0	0
0	0
0	0
0	0
0	0
0	0
0	0
0	0
0	0
0	0
120	416
0	50
0	386
13	224
1	290
0	25
1	8
1	108
0	108
0	103
0	93
0	0
0	0
0	0
0	0
0	0
0	0
0	0
0	0
0	0
142	76
5	63
6	53
1	14
0	0
4	0
0	72
0	0
1	0
2	268
0	22
0	260
0	47
2	0
0	22
0	0
889	111
0	111
0	0
0	0
9	0
372	2
1614	0
0	0
19	1615
6	1213
7	1624
13	818
13	3
53	2
0	0
0	0
24	0
334	3032
1	3037
26	1269
2	516
0	229
1	795
36	315
20	0
0	0
16	1595
20	785
10	1526
16	96
44	0
220	3684
10	2930
29	2686
4	1956
13	1490
0	1515
0	1334
1	683
15	133
0	75
440	0
0	0
2	5
0	0
0	3
3	2
1	4
69	523
47	523
0	548
10	518
8	273
0	477
0	35
0	24
6	2
13	34
0	2713
4	2530
22	1613
1	1921
164	248
0	2711
18	2626
0	387
4	148
0	468
0	1405
5	262
2	322
1	6
8	122
0	112
14	125
7	120
0	40
1	31
3	29
5	23
1	0
3	2083
0	2044
0	2077
1	1962
0	138
1	466
10	72
0	110
1	66
1	44
0	55
9	70
0	31
0	28
21	57
9	27
2	15
11	13
0	14
34	7
6	5
3	41
0	1102
7	1565
0	343
4	407
3	27
0	137
4	545
53	614
0	69
4	8
6	26
6	473
0	49
6	109
0	532
3	477
8	364
0	488
2	40
0	48
1	32
51	1353
89	2436
0	2437
5	2436
0	188
36	183
0	81
0	63
4	0
0	0
10	38
6	522
0	521
4	7
3	6
0	4
0	41
0	357
5	12
1	18
2	24
586	74
0	14
1	25
0	36
6	0
5	7
2	0
63	21
13859	5675
1	946
171	48
71	4632
0	0
0	0
71	3467
0	1037
0	217
203	354
5	30
3	13
3	82
25	82
2	31
0	431
0	432
0	449
0	416
0	134
5	120
1	113
1	64
0	26
0	4
0	9
1	15
0	3
0	9
0	113
6	874
1	0
75	6
13	800
0	800
13	1757
1	444
0	955
1	910
0	1007
69	944
0	0
0	0
15	0
1258	251
19	0
0	98
0	39
1	129
3	0
0	0
0	0
0	3
0	3
2	0
0	0
278	70
2	1
1	36
0	38
34	4176
20	9222
12	4235
22	8153
21	5503
20	1463
0	44
5	44
2	20
5	1
0	3
0	5
2	7
0	2
1	1
0	0
0	0
0	27
0	60
0	54
0	51
3	19
0	5
0	4
0	4
0	1
0	0
0	0
0	0
1	41
49	15
1	16
1	54
0	5
27	22
0	31
6	29
0	1
0	0
1	0
3	0
10	243
131	444
2	372
17	0
821	557
0	572
3	601
1	507
0	0
2	0
0	212
0	42
0	119
13	148
4	12
0	0
0	0
116	1300
0	20
0	1299
107	111
1	111
2	111
0	91
19	81
1	0
6	0
1307	998
5	543
7	399
2	71
0	0
0	96
17	65
0	21
3	68
0	0
0	58
12	21
0	18
12	1
203	84
8	84
15	46
3	0
0	0
10	0
0	0
0	0
0	0
0	0
0	0
0	0
0	0
0	28
0	14
0	44
7	2
0	32
1	41
0	8
1	0
0	12
0	3
157	85
1	60
0	0
0	17
0	5
3	11
0	11
0	0
13	0
4	0
0	235
0	1297
23	695
7	1288
18	60
0	120
8	0
48	12
54	0
0	0
0	0
0	0
2	0
0	0
0	0
209	0
0	0
0	0
0	0
0	0
0	0
0	0
0	0
0	0
0	0
0	0
0	0
0	0
0	0
0	0
0	0
0	0
0	0
0	0
0	0
0	0
4	35
0	7
27	51
2	50
0	30
0	1
89	30
366	164
9	18
8	164
10	154
1	31
78	1
1	158
0	145
22	70
2	0
2	13
2	0
0	0
0	0
544	99
0	0
0	0
0	0
0	0
0	0
0	0
3	0
0	0
0	0
2293	0
1	274
780	580
1	253
44	192
1	431
0	200
182	517
3	116
8	401
12	139
14	280
2637	409
1	92
122	317
1	1
0	1
0	0
0	0
0	0
0	0
0	530
2	524
0	524
1	17
3	41
0	71
0	0
0	2
0	64
0	58
0	0
1	0
0	22
1	3
0	23
0	0
0	0
174	0
2	0
1	0
0	0
69	42
0	26
0	22
0	0
1	5
117	1893
3	1908
3	1922
92	607
3	856
0	698
1	603
41	395
6	9
4	93
4	0
0	0
0	0
0	0
0	0
0	0
0	0
0	0
0	0
0	0
0	0
0	0
0	0
0	0
0	0
0	0
0	0
0	0
0	0
0	0
0	0
0	0
0	0
0	0
0	0
0	0
0	0
0	0
0	0
0	0
0	0
0	0
0	0
0	0
0	0
0	0
0	0
0	0
0	0
0	0
0	0
0	0
0	0
0	0
0	0
0	0
0	0
0	0
0	0
0	0
0	0
0	0
0	0
0	0
0	0
0	0
0	0
0	0
0	0
0	0
0	0
0	0
0	0
0	0
0	0
0	0
0	0
0	0
0	0
0	0
0	0
0	0
0	0
0	0
0	0
0	0
0	0
0	0
0	0
0	0
0	0
0	0
0	0
0	0
0	0
0	0
0	0
0	0
0	0
0	0
0	0
0	0
0	0
0	0
0	0
0	0
0	0
0	0
0	0
0	0
0	0
0	0
0	0
0	0
0	0
0	0
0	0
0	0
0	0
0	0
0	0
0	0
0	0
0	0
0	0
0	0
0	0
0	0
0	0
0	0
0	0
0	0
0	0
0	0
0	0
0	0
0	0
0	0
0	0
0	0
0	0
0	0
0	0
0	0
0	0
0	0
0	0
0	0
0	0
0	0
0	0
0	0
0	0
0	0
0	0
0	0
0	0
0	0
0	0
0	0
0	0
0	0
0	0
0	0
0	0
0	0
0	0
0	0
0	0
0	0
0	0
0	2
2	2
0	13
0	14
0	7
0	6
0	11
0	0
0	0
0	0
0	0
0	0
0	0
0	0
0	0
0	0
0	0
0	0
0	0
0	0
0	0
0	0
0	0
1714	1331
553	453
0	1168
4	452
19	645
86	0
0	0
29	15
0	15
0	0
5	1128
0	0
0	0
0	0
841	684
1	252
24	3
21	508
0	83
5	241
0	28
13	0
0	1
0	1
3	148
0	133
0	0
15	0
523	0
0	0
0	0
77	821
0	821
0	1
0	1
0	0
0	1
0	274
5	184
1	155
0	151
0	46
0	34
0	0
0	3
0	0
6	15
5	1
3	27
0	22
1	6
1	4
0	0
1	0
0	9
0	0
0	0
41	526
2	304
0	406
8	386
1	278
0	115
0	33
37	31
0	993
1	993
17	272
0	818
13	55
12	103
31	32
18	288
0	354
3	0
0	125
3	186
7	105
2	13
0	6
5	6
12	12
0	8
0	7
38	0
12	0
0	0
0	18
7	15
2	18
0	9433
124	10087
0	9405
76	280
0	715
0	9534
285	490
0	9778
0	10232
0	335
369	0
260	0
0	8912
22	6720
262	2
33	775
245	2
44	127
103	0
0	0
0	0
0	0
0	0
0	0
470	588
2	1251
6	2364
11	2651
0	2575
0	2435
5	4223
0	4319
0	1032
0	2451
11	0
233	2
12	1267
1	79
1	1193
0	1325
101	45
1	1333
0	46
37	1028
10	0
737	463
0	277
0	300
5	489
0	132
36	287
2	238
0	212
3	158
12	539
94	553
2	263
6	45
9	2
5	0
461	69
18	67
0	0
0	0
0	0
0	93
1	107
0	0
0	0
50	0
3	0
4	0
0	93
0	13
1	73
0	0
0	0
15	0
4	0
1	0
0	0
1	0
3	0
0	0
2	0
0	0
1	0
2	0
3	0
3	0
2	0
0	0
0	0
0	103
0	103
0	17
0	103
0	0
0	1
1	73
0	0
0	0
0	31
1	0
0	0
0	0
2	4
1	9
0	49
0	12
0	5
2	0
0	6
7	0
4	46
151	376
15	376
2	131
0	136
0	133
7	1
4	105
0	107
0	34
0	40
0	34
18	0
6	0
286	2
288	1919
81	1844
9	76
138	143
0	89
0	0
3	0
337	490
0	618
0	618
1	77
163	100
0	7
0	14
7	0
0	97
0	77
274	43
1	52
0	6
0	6
21	63
175	1126
2	220
13	155
5	1116
8	0
0	0
0	0
0	0
0	0
0	0
11	0
0	0
0	0
22	1349
0	1321
0	0
0	0
6	0
0	0
0	0
0	0
0	0
0	0
0	0
0	0
1	0
0	0
0	0
0	0
0	0
0	0
0	0
0	4
63	4330
2	160
0	2
0	1
10	9
0	71
1106	4243
2	4226
0	0
0	0
0	0
0	0
62	62
0	0
70	97
0	63
14	0
16	42
8	405
2	0
0	0
0	0
0	0
0	0
0	0
0	2
0	2
146	358
1	84
0	276
1	78
13	2
4	61
655	285
4	285
0	271
23	271
1	193
5	33
2	28
11	18
216	0
241	215
5	142
1	147
0	80
3	132
0	79
783	1217
0	1217
2	3
13	5
0	5
1	167
0	91
0	161
0	161
0	156
0	172
474	1562
7	997
2	440
2	45
0	0
0	169
1	299
27	291
0	284
0	208
2	304
1	249
0	277
1	328
2	140
0	190
4	63
3	109
8	172
4	150
1	89
0	30
27	0
70	8
4	1797
732	1850
4	115
0	0
0	615
0	0
1	2
0	0
77	1
4	677
2	36
0	113
3	3
0	3
969	770
2	170
40	600
117	107
0	92
0	24
20	3
0	0
6	304
0	3572
11	389
0	3808
0	2860
3	1283
1	0
0	0
0	0
5	976
0	405
0	888
4	894
0	834
0	856
2	45
0	8
0	2
0	34
1	27
0	32
0	45
0	3
0	4
2337	2751
41	2751
193	0
25	275
18	10
9	1
2	1
3	1
116	0
152	832
0	735
2	433
39	3
1	97
8	557
0	559
0	556
0	556
0	539
1	543
7	522
2	2
0	0
0	0
0	2
0	2
0	0
0	0
0	0
0	0
0	14
4	251
0	251
0	0
0	0
103	868
3	763
6	552
71	66
5	70
3	66
38	9
0	73
1	8
0	390
1	141
1	60
148	44
0	0
1	0
32	19
0	19
24	363
1910	463
3	207
5	206
0	0
0	0
0	3
2	24
0	28
0	27
1	20
1	3
0	0
52	869
3	613
1	32
0	0
0	1
32	431
0	1
0	0
9	367
3	267
1	45
0	1
2	42
3	0
1	0
1241	412
2	84
0	245
0	194
0	160
1	126
1	0
178	22
0	22
1	7
1	0
0	268
0	261
0	261
14	98
35	127
0	255
0	257
0	252
0	33
3	0
4	3577
156	3577
0	3569
5	3579
0	886
5	343
0	162
65	225
5	4
1	17
0	12
0	206
0	1
5	0
1	54
1	0
0	0
1	0
1	0
4352	11509
36	8788
23	5423
194	8295
0	526
31	5857
84	0
0	0
2	3007
1	2991
4	1557
0	79
5	63
0	0
0	0
0	52
0	81
0	60
74	21
0	65
33	0
6	0
0	0
0	0
0	304
1	304
35	304
1	43
0	2
1	2
0	0
0	1
1	17
0	21
0	22
0	6
0	7
1	0
0	0
0	0
0	0
0	0
0	0
0	0
0	0
0	0
93	0
32	2301
0	2132
0	2004
0	2138
28	805
0	919
0	921
0	905
3	647
0	3
0	0
0	0
0	0
1	0
0	0
0	0
3	0
0	0
1	3
1462	29
25	27
1	0
0	0
12	2
10	130
1	128
0	73
657	1041
3	933
0	763
0	1012
25	276
9	118
18	624
7	206
29	5
2	194
254	179
1	179
18	1
3	1
0	75
9	2052
12	2074
40	618
48	2161
264	2092
0	2177
8	1518
9	0
1772	2292
21	536
0	1559
0	2270
11	193
0	33
0	33
1	10
0	27
0	21
0	291
582	1039
1	481
0	292
10	119
0	1792
162	1936
4	914
8	540
10	0
2	1228
3	305
17	19
0	127
0	776
3	46
0	0
0	54
0	68
5	0
6	0
0	0
0	144
0	144
0	0
0	0
0	0
0	0
1181	4963
2	1314
227	1121
10	3943
3	1727
10	2438
3	1885
0	904
2	768
5	393
6	260
1	1
0	1
0	1
0	0
0	0
9	0
81	266
0	266
0	0
62	799
0	20
27	746
1	408
9	343
7	292
2	303
0	80
0	0
0	0
32	0
14	0
0	4542
703	5322
11	5394
13	0
29	463
2	155
0	142
0	155
0	141
0	161
0	148
0	52
0	20
0	29
0	30
1	24
0	15
0	0
0	0
3	1535
0	6
8	38
0	134
36	1520
0	28
0	870
0	73
0	11
0	0
10	3
0	61
2	0
19	26
0	26
0	3
0	3
0	3
0	0
1125	1193
1	1193
0	203
5	38
0	0
313	31
25	30
0	0
7	1
33	332
0	322
0	304
2	251
1	0
1	10
0	0
0	0
0	217
2	1567
11	1597
5	417
91	254
0	143
76	70
1	37
49	10
44	0
1	96
90	15
103	2
0	7
84	187
0	180
1	26
0	177
1	169
0	16
0	20
2	13
0	15
4	29
0	8
0	15
3	6
1	20
1	8
2	3
166	8039
0	8039
0	0
46	8022
0	7553
8	3097
0	4491
15	5931
0	1581
3	3091
5	2330
11	0
9	2736
0	0
10	2306
0	0
0	13
0	9
14	22
31	2242
68	2099
35	107
0	30
0	32
1	46
2	37
0	127
0	511
49	1598
1	35
0	31
0	0
0	231
24	0
14	354
0	2682
8	2593
0	2436
0	2438
0	2679
1	2676
0	38
28	24
1	459
1	142
1	155
0	0
0	4
2	19
29	0
25	0
7	444
3	1
0	1
1	266
165	1175
0	1078
14	214
78	1103
0	170
4	873
0	233
0	156
6	5
2	272
14	13
5	0
0	0
9	2699
15	2695
4	1243
16	292
0	2327
0	354
0	55
1	109
45	1
35	143
0	1
6	0
0	25
0	21
0	10
1	10
0	3
0	0
0	0
0	0
0	0
0	0
0	1
0	0
0	0
0	1
0	0
0	2
0	0
0	0
0	0
0	0
0	1
0	0
0	0
0	0
0	165
0	0
0	429
2	0
0	363
4	14
1	285
3	546
19	321
0	13
11	174
3	27
1	203
0	504
0	1
0	179
0	1
1384	503
0	503
62	0
0	56
0	64
0	26
0	48
0	62
4	56
0	63
0	41
0	62
2	56
44	3238
7	567
0	0
0	0
1297	6627
26	4091
5	579
0	0
84	2732
0	259
2	315
11	121
1	121
55	91
0	32
9	847
3	827
16	443
2	82
0	111
3	34
0	15
1	322
56	95
0	13
2	81
7	196
3	268
0	154
0	95
0	203
7	30
0	224
0	79
7	69
0	20
0	1
0	1
0	0
0	1
0	0
0	0
0	0
0	0
4	0
0	0
1558	3025
13	3040
0	3122
62	2427
0	2580
8	110
76	998
57	348
1	8
0	14
4	1900
1	168
2	0
0	434
1	208
0	548
5	1924
0	466
0	500
22	331
0	972
32	188
0	325
2	41
0	460
11	651
9	807
0	1620
2	380
2	344
0	212
6	1582
0	328
9	493
0	442
27	443
0	78
15	2906
103	342
24	550
3	2839
1	1602
0	0
18	273
1	245
2	138
0	143
3028	948
0	190
54	59
6	1
15	0
3	27
14	87
1	660
0	0
0	0
0	0
0	0
0	0
0	0
0	40
0	0
0	0
0	0
0	0
0	0
0	0
26	347
0	347
4	68
1	65
11	0
0	0
0	0
0	0
0	0
0	0
1	1
0	0
0	0
0	0
0	0
0	0
0	0
0	0
0	0
0	0
0	0
0	0
0	0
8	186
3	186
5	0
6	53
7	47
9	0
0	0
0	0
52	0
0	0
0	0
0	0
0	0
0	0
0	0
5	41
0	69
2	33
0	28
0	25
0	25
2	25
0	0
0	0
0	0
0	0
0	0
0	0
0	0
0	0
0	0
0	0
0	0
0	0
0	0
0	0
0	0
0	0
0	1
0	1
0	0
0	0
0	0
0	0
0	0
0	0
0	0
0	0
0	0
0	0
0	0
0	0
0	0
0	0
0	0
0	0
0	0
0	0
0	0
0	0
0	0
0	0
0	0
0	0
0	0
0	0
0	0
0	0
0	0
0	0
0	0
0	0
0	0
0	0
0	0
0	0
0	0
0	0
0	0
0	0
0	0
0	0
0	0
0	0
0	0
0	0
0	0
0	0
0	0
0	0
0	0
0	0
0	0
0	0
0	0
0	0
2	3
0	0
0	0
0	0
0	0
0	0
0	0
0	0
0	0
0	0
0	0
0	0
0	0
0	0
0	0
0	0
0	0
0	0
0	0
0	0
0	0
0	0
0	0
0	0
0	0
0	0
0	0
0	0
0	0
0	0
0	0
0	0
0	0
0	0
0	0
0	0
0	0
0	0
0	0
0	0
0	0
0	0
0	0
0	0
0	0
0	0
0	0
0	0
0	0
0	0
0	0
0	0
0	0
0	0
0	0
0	0
0	0
0	0
0	0
0	0
0	0
0	0
0	0
0	0
0	0
0	0
0	0
2	0
0	0
0	0
0	0
0	0
0	0
0	0
0	0
0	0
0	0
0	0
0	0
0	0
0	0
0	0
0	0
0	0
0	0
25	140
194	140
0	86
3	69
0	0
0	0
0	0
0	0
0	0
0	0
0	0
0	0
3	0
0	0
0	0
0	0
0	0
0	0
0	0
0	0
0	0
0	0
0	0
0	0
0	0
0	0
0	0
0	0
0	0
0	0
0	0
0	0
0	0
5	0
0	0
0	0
0	0
0	0
0	0
0	0
0	0
0	0
0	0
0	0
0	0
0	0
0	0
0	0
0	1
0	1
0	0
0	0
0	0
0	0
0	0
0	0
0	0
6	2
0	0
0	0
0	0
1	0
13	54
119	155
0	28
1	34
1	40
0	0
0	125
12	408
7	408
3	342
1	0
118	107
0	0
1	96
2	168
5	348
0	426
18	201
2	4
156	4
6	4
11	4
0	57
0	59
254	482
0	482
0	0
0	15
0	6
0	6
3	15
0	0
1	9
4	0
0	0
400	84
0	82
2	0
0	0
339	360
141	360
2	104
21	97
0	0
13	10
0	10
0	0
0	0
0	0
0	0
0	0
0	0
0	0
0	1
0	1
0	0
0	0
0	0
0	0
0	0
0	0
0	0
0	0
0	0
0	0
0	0
0	0
0	0
0	7
0	7
0	0
0	0
0	0
0	0
0	0
0	0
0	0
0	0
0	0
0	0
0	0
0	0
0	0
0	0
5	80
0	0
0	0
0	0
0	0
0	0
0	0
0	0
0	0
0	0
0	0
0	0
0	0
0	0
0	0
0	0
0	0
0	0
0	0
0	0
0	0
0	0
0	0
2	8
0	0
0	0
0	0
0	0
0	0
0	0
0	0
0	0
0	0
0	0
0	0
0	0
0	0
0	0
0	0
0	0
0	0
0	0
0	0
0	0
0	0
0	0
0	0
0	0
0	0
0	0
0	0
0	0
0	0
0	0
0	0
0	0
0	0
0	0
0	0
0	0
0	0
0	0
0	0
0	0
0	0
0	0
0	0
0	0
0	0
0	0
0	0
0	0
0	0
0	0
0	0
0	0
0	0
0	0
0	0
0	0
0	0
0	0
0	0
0	0
0	0
0	0
0	0
0	0
0	0
0	0
729	1237
1	0
1	0
0	0
0	313
0	1212
0	1249
0	961
0	1107
12	1207
0	250
39	92
0	57
2	141
6	81
1	14
0	0
2	0
1	0
0	0
2	3
0	0
0	0
1031	0
4	0
458	493
5	439
0	113
0	213
0	140
0	140
2	140
0	221
0	203
0	123
0	224
0	82
0	123
0	45
0	24
1	46
0	64
0	64
0	53
0	33
0	35
0	31
1	20
0	27
6	1
0	1
0	296
1	373
0	380
2	373
14	15
11	38
9	39
2	111
3	63
25	0
17	1726
62	1427
0	1382
0	1246
4	842
1	1077
2	550
1	757
2	605
0	239
0	24
1	392
1	396
0	234
41	629
1	507
0	348
1	226
1	392
0	420
2	371
0	108
0	249
0	214
0	203
1	341
0	323
0	207
0	215
0	321
0	104
0	14
0	15
0	0
39	78
4	3
0	21
1	62
112	505
1	504
4	143
1	114
1	114
0	81
5	1765
13	1173
14	1701
17	841
0	364
0	549
422	1554
0	518
0	402
0	47
0	122
0	183
0	561
6	1296
0	792
6	499
102	1231
55	1149
1	284
2	355
0	387
10	265
0	211
0	147
0	63
2	58
609	432
1	31
1	0
0	401
347	853
0	671
9	697
0	474
0	151
491	0
7839	5730
0	0
6	0
0	4580
0	4588
6	0
9	97
1	164
1	13
2	4
3871	7463
0	3718
0	0
0	4653
0	4661
9	164
0	4
262	5855
53	1
0	0
1	243
241	356
248	39
0	0
0	0
0	0
0	0
0	0
0	0
0	0
0	0
0	0
0	0
0	0
0	0
0	0
0	0
0	0
0	0
0	0
0	0
0	0
0	0
0	0
0	0
0	0
0	0
0	0
0	0
0	0
0	0
0	0
0	0
0	0
0	0
0	0
0	0
0	0
0	0
0	0
0	0
0	0
0	0
0	0
0	0
0	0
0	0
0	0
0	0
0	0
0	0
0	0
0	0
0	0
0	0
0	0
0	0
0	0
0	0
0	0
0	0
0	0
0	0
0	0
0	0
0	0
0	0
0	0
0	1
0	1
0	1
0	0
0	0
0	0
0	0
0	0
0	0
0	0
0	0
0	0
0	0
0	0
0	0
0	0
0	0
0	0
0	0
0	0
0	0
0	0
0	0
0	0
0	0
0	0
0	0
0	0
0	0
0	0
0	0
0	0
0	0
0	6
4	6
0	6
0	6
20	22
0	22
2	0
6	7
241	976
22	10
3	72
72	974
0	0
1	82
0	93
0	2
1	2
0	0
0	0
0	0
0	0
0	0
0	0
0	0
0	0
0	0
0	0
0	0
0	0
0	0
0	0
0	0
0	50
0	0
0	0
0	0
0	0
0	0
0	306
0	0
0	0
0	0
0	0
0	0
0	2
0	0
0	0
0	0
0	0
0	0
0	0
0	0
0	0
0	0
0	0
0	140
0	123
0	0
0	0
0	0
0	0
0	0
0	0
0	0
0	0
0	0
0	0
0	0
0	0
0	0
0	0
0	0
0	0
0	0
0	0
0	0
0	0
0	0
0	0
0	0
0	0
0	0
0	0
0	0
0	0
0	0
0	0
0	0
0	0
0	0
0	0
0	0
0	0
0	0
0	0
0	0
0	0
0	2
0	2
0	0
0	0
0	0
0	0
0	0
0	0
0	0
0	0
0	0
0	1
0	1
0	1
0	0
0	0
0	0
0	0
0	0
0	0
0	0
0	0
0	0
0	0
0	0
0	0
0	0
0	0
0	0
0	0
0	0
0	0
0	0
0	0
0	0
0	0
0	0
116	0
3136	676
4	382
11	294
0	1
2	0
36	21
0	20
1	0
1	165
1	178
1	58
3	20
1	7
2	0
0	2
2	6
1	6
0	5
0	0
0	0
1	0
0	0
0	0
0	0
0	0
2	0
3	0
3	3
0	3
0	3
0	0
1028	14258
124	1384
4	2278
2	10653
12	4795
19	14
0	7
0	6
19	6
0	1605
0	1117
0	1147
0	1644
0	128
19	788
0	8
1	105
12	71
1	74
5	6
0	0
149	114
9	62
0	50
0	3
0	3
0	0
5	0
131	1614
0	1575
0	65
77	6
0	6
1	50
2	52
0	2
0	0
0	50
4	52
0	43
0	32
0	1
7	367
2	1788
58	1824
4	15
11	28
23	466
1	30
0	106
64	1502
0	1254
2	1485
9	451
0	312
0	312
1	455
36	346
26	194
0	0
0	3
0	2
0	3
0	0
0	0
1098	6798
78	3788
37	5221
21	1979
22	0
110	39
22	0
40	0
0	651
0	730
26	759
0	729
1	76
2	0
600	0
1062	348
51	18
6	348
9	258
1	0
11	21
1	2999
0	2968
0	2335
1	200
3	187
8	97
1	136
7	1098
0	998
0	135
0	0
29	758
4	570
1	154
27	4
0	133
0	0
0	0
1	0
182	1
1	1
0	0
0	0
5	0
4	656
2	36
0	652
110	651
20	183
3	95
0	63
0	125
0	9
0	9
0	0
1095	2004
9	1758
8	525
2	273
13	231
12	646
1	80
10	186
3	104
97	3
276	97
0	97
0	1044
7	1184
3	1179
0	0
0	37
12	165
3	13
2	60
800	2564
0	1991
13	110
5	220
10	56
0	101
11	148
0	95
20	497
4238	22647
89	22345
0	1582
26	1699
59	1032
5	1046
12	952
27	2386
40	605
27	3398
8	2070
9	2812
4	1447
71	222
20	98
3	0
11	0
0	4
1	8
25	3
53	6
0	0
0	0
0	254
11	254
0	0
1	21
0	0
0	6748
116	6015
117	1307
1	6599
55	543
77	1027
2792	0
1049	1469
11	700
17	1402
1	1209
82	541
0	103
0	168
8	168
0	144
2	98
0	135
1	94
2	20
0	1679
2179	1679
47	162
5	1024
10	0
0	89
3	2
0	0
0	0
19	2
0	925
0	2757
0	2744
0	2757
0	1076
0	239
6	25
0	0
0	580
0	2655
5	99
8	491
0	474
0	326
10	487
0	106
0	50
147	18
300	0
0	1
0	0
0	0
0	0
0	0
12	1488
5	1202
0	1441
14	1317
89	1
0	0
11	61
2	581
32	649
13	608
0	559
0	0
17	29
3	29
0	0
0	0
0	0
6	4706
0	825
20	1252
56	4307
0	4182
19	903
23	7
9	49
0	0
0	0
142	730
48	300
15	134
0	0
0	0
3	0
0	0
1	0
736	247
19	245
228	2131
39	2131
0	0
2	3
5123	915
1	754
29	159
620	2862
1	2672
8	763
6	209
25	0
5	3
5	3
1213	209
0	76
26	26
1	135
9	73
2	84
0	44
0	37
1	38
0	38
1	37
0	1
0	1
0	0
0	1
0	1
0	0
0	0
1	0
35	7246
0	6181
38	26
0	26
0	4
0	2
0	17
0	94
0	0
0	88
0	3
0	1
0	74
0	7
0	0
0	0
0	2
0	0
0	0
2	0
0	0
0	0
0	0
0	0
18	10
12	25
2	15
2	32
0	2
93	1279
0	1299
0	1287
0	1300
9	777
0	407
0	399
0	422
36	277
0	80
58	267
0	32
2	18
1	56
14	0
41	0
1	0
1	0
1	23
4	274
0	0
0	0
2	135
4	0
66	2615
2	1701
0	1862
3	2296
3	1796
11	382
1	382
0	1848
2	1526
80	1400
41	1408
0	1407
0	1327
6	867
0	123
43	699
27	0
0	176
0	200
0	86
0	149
0	115
1	0
0	10
1	6
7	6
9	6857
3	5378
0	3783
0	5444
0	2608
0	5287
4	1155
0	356
0	0
0	11
46	30
4	19
0	6285
4	1578
0	2317
55	5027
14	22
10	1456
42	1519
40	2
24	0
25	0
0	0
51	480
2	2
1	480
0	58
4	0
28	0
0	0
0	0
0	0
88	3158
0	0
0	0
2	85
200	85
11	0
2	38
0	0
580	6822
0	6804
6	6573
18	3535
9	2383
12	2401
0	2035
3244	1353
0	1215
1	695
0	255
0	235
4	489
949	8537
0	8158
0	140
34	68
0	0
23	75
47	4
1	1253
48	803
64	659
55	471
65	0
1	0
3	0
0	0
0	0
0	0
0	38
0	38
0	38
1	21
0	1
0	0
0	0
1707	2
0	420
9	68
79	489
0	419
19	162
278	162
5	162
0	33
0	0
0	0
0	0
0	0
0	0
0	1961
0	1888
2	1953
0	248
5	1245
3	0
982	970
0	815
8	905
0	155
28	452
0	452
85	385
0	146
13	53
5	5
58	1765
0	0
2	689
21	392
0	1458
0	1620
5	121
0	172
34	40
1	34
9	1260
0	0
15	0
1	189
0	55
0	277
0	6
0	374
11	6
0	0
0	2442
0	2442
0	2115
0	1356
1	450
2	628
0	270
25	0
4	7
0	18
0	18
0	18
0	7
8	0
109	60
0	36
0	18
3	20
0	0
0	0
0	0
0	9
0	11
0	11
0	2
0	2
0	0
0	0
0	0
0	0
0	0
0	0
0	0
0	0
0	0
0	0
0	0
0	0
0	0
0	0
0	0
0	0
0	0
0	0
0	0
0	0
0	0
0	0
0	0
0	0
0	0
0	0
0	0
0	0
0	2
0	2
0	0
0	0
0	0
0	0
0	0
0	0
0	0
1160	121
6	121
1	0
2	1906
1	1025
1	0
0	0
2	3691
0	3762
101	3689
28	3255
0	3691
1	77
4	77
52	733
0	510
0	89
40	513
6	518
2	536
0	487
6	4
5	114
7	127
0	138
0	138
7	60
0	20
6	9
20	5
1	9
0	18
0	4
226	479
0	479
1	469
1	235
2	100
0	46
16	2
0	65
3	34
0	29
0	69
0	45
2	75
0	65
1	9
0	0
0	0
0	0
0	0
0	3
0	0
0	0
0	0
0	0
0	550
7	92
0	492
0	0
0	0
0	0
0	0
0	0
0	0
0	0
2229	8
62	22
1	22
0	6
4	6
1	2
0	3
0	0
0	0
0	1
0	1
0	1
0	0
0	0
0	0
0	0
1	0
0	0
0	0
0	0
1	0
0	0
0	0
0	0
13	0
2522	4223
2	1539
0	1076
0	3030
3	633
4	1079
5	1
0	1
0	1
0	0
0	67
9	65
1	15
0	47
0	95
144	422
1	46
0	69
0	24
2	247
71	118
0	0
3	0
0	2
0	2
0	2
0	0
0	0
0	0
0	1
0	0
648	2068
4	61
2	2070
0	324
0	1798
0	0
2	1
5	310
7	0
1	443
0	212
2	868
0	1036
38	1195
28	10
300	99
0	92
15	5
0	3
0	0
0	0
1	3
0	3
0	23
0	0
27	0
286	1682
4	0
0	930
153	0
0	0
96	0
4	0
63	0
32	752
24	3
0	3
0	3
0	0
0	0
0	0
0	0
0	1
0	0
0	0
0	0
0	0
5	0
0	0
0	0
0	0
0	0
1116	41
4	41
1	0
0	0
76	0
0	0
14	184
0	184
1	1
0	903
0	23
176	904
2	813
3	0
0	361
9	362
3	265
2	4
16	28
4	12
87	296
0	340
31	296
1213	551
103	415
71	223
0	194
0	192
347	855
0	4
15	1256
111	329
2	696
1	481
0	623
23	334
2	7
3	0
4	363
1	142
0	74
0	230
0	21
0	60
0	193
0	209
5	118
18	4
0	0
103	1146
77	1159
0	44
21	0
0	295
876	319
0	319
0	240
768	0
131	2187
110	2187
2719	120
2	120
0	0
0	0
4	224
49	193
0	205
1	0
16	0
9	0
3	0
0	8
3	10
0	0
7	0
0	0
3	0
9	0
0	21
14	36
0	0
0	0
0	0
0	0
1	0
1	69
1	0
83	2357
427	336
2	1930
7	2204
21	42
0	52
1	43
2	48
28	0
6	906
0	15
0	6
0	1
0	1
7	51
0	80
383	2342
0	1294
20	558
0	1582
302	320
1	266
0	57
0	95
12	806
0	1
0	0
0	3
0	0
0	0
0	3
0	0
0	0
1	599
0	669
0	625
0	645
0	598
0	581
78	0
0	77
112	320
0	29
26	1
0	12
100	481
0	478
0	0
1	115
30	165
2	95
243	2486
77	2301
0	1997
3	4
0	2
0	0
1	2
0	0
0	0
0	0
0	0
0	0
1	0
0	0
0	0
0	0
0	0
1	0
0	0
0	0
6	3
0	0
0	2
0	0
0	2
0	2
0	0
0	0
0	0
180	30
0	30
338	213
1	213
2	93
1	0
230	2278
0	46
32	587
0	182
21	2255
0	0
1	5
0	32
8	32
0	5203
1	5565
24	793
0	384
15	3173
0	2627
0	357
27	296
92	333
0	523
4	1380
16	1403
196	0
0	26
0	826
1	806
0	76
1	58
2	0
0	0
30	2694
0	2624
6	338
28	818
79	2006
0	458
2	251
0	136
0	423
1	69
0	310
49	1302
0	156
1	300
0	381
1	971
2	57
0	0
0	0
0	96
0	148
0	2
128	0
0	0
0	0
0	238
711	272
0	0
0	81
0	67
0	0
0	0
0	27
9	28
0	7
0	8
0	0
0	9
0	3
0	883
13	807
0	743
4	806
0	759
0	179
5	157
0	359
2	101
2	234
0	53
2	20
0	74
239	20
7	20
2	0
3	27
0	27
0	28
0	0
0	2
27	598
0	620
4	94
1	24
0	65
0	582
4	59
0	113
15	205
0	0
0	0
1	813
7	827
0	844
0	777
0	772
0	778
3	760
0	35
1	42
45	2855
12	2681
2	202
1	269
6	319
5	298
11	1734
104	1561
76	1744
0	72
1	1435
3	337
7043	2582
21	2489
0	693
0	0
0	0
1	430
1	440
0	430
0	347
2	82
1	85
2	129
15	186
0	145
0	126
0	150
0	76
0	0
0	101
5	49
0	32
0	58
0	63
0	33
1	7
84	18
0	7
0	6
0	7
0	11
1	0
419	1485
49	1399
0	1067
1	754
0	114
2	114
24	21
0	21
0	60
32	427
3	69
1	91
4	180
0	189
0	185
0	35
3	124
0	140
120	682
15	658
6	198
2	3
118	278
7	213
2	202
6	194
5	339
102	634
3	289
3	291
32	142
6	463
0	486
0	291
0	114
2	61
4	124
0	151
6	112
2	162
0	63
0	58
1	44
0	0
0	0
0	0
1	0
2	2740
0	5245
0	1965
6	283
0	519
17	5094
0	1409
4	759
19	21
2	3
14	3
5	2
0	2
18	7
3	20
0	2
7	2
6	403
1	380
4	71
0	78
1	305
20	388
0	142
0	6
0	335
1	134
1	81
0	5
0	5
1	2615
1	2609
0	710
9	428
1	1289
0	96
1	440
28	125
30	486
5	168
0	172
527	22590
12	20833
47	20820
1	11619
0	9050
74	11589
25	10538
1	8379
14	7472
17	8124
0	6924
1	5739
0	6
1	19
3	19
0	0
0	0
0	0
0	0
0	6
0	6
0	6
0	0
0	0
0	0
0	0
0	1
1	1
0	0
0	0
0	1
0	0
0	0
0	1
0	1
0	67
0	457
5	422
0	550
3	414
1	283
2	210
5	47
0	152
0	92
130	78
0	24
0	81
0	72
1	14
156	349
5	28
0	130
0	74
0	82
1	140
0	48
0	369
16	1759
5	144
341	1448
57	118
3	9
14	474
7	111
7	472
18	474
1	473
0	120
0	163
20	162
1	313
0	0
0	0
120	18
8	12
16	0
0	6
0	12
1	1
0	1
0	0
0	98
1	22
0	98
0	85
0	5
0	9
0	10
1	9
1	6
0	6
0	9
0	6
0	6
0	2
36	1553
2	558
0	1873
11	1757
1	600
0	820
2	767
0	238
11104	1032
0	1030
3	952
246	0
1	678
0	678
4	701
0	171
5	135
0	0
0	223
0	0
1	18
1	26
0	0
0	3
0	0
0	1
0	3
112	2125
0	2180
5	2121
1	269
33	244
0	56
9	98
293	870
1	50
4	234
9	0
32	311
0	216
0	0
0	0
0	46812
4609	49082
9	16257
0	0
0	0
0	0
77	47
0	47
4	1
0	1
1	0
2	42
0	11
88	41
0	0
0	0
0	0
47	1768
0	1759
7	1694
0	1758
0	895
2	176
3	334
31	263
4	28
1046	937
0	551
1	269
0	325
8	62
0	199
4	127
5	66
4	5
1	26
2	26
0	5
0	0
0	6
0	14
0	52
0	43
0	26
0	25
0	16
0	8
2	5
0	1
30	0
50	747
6	747
13	19
233	0
0	0
16	0
563	0
2870	6
8	0
0	3
0	0
0	0
0	147
1	142
2	105
0	103
0	0
0	111
40	617
3	617
522	259
1	160
7	124
61	416
0	416
38	284
10	284
2	42
0	0
32	276
2	276
0	0
0	182
10	157
4	174
47	181
0	43
0	22
2	0
53	40
0	40
2	106
59	106
61	0
2	0
22	606
0	103
0	141
0	70
32	106
0	711
9	225
0	149
11	118
6	113
110	692
0	639
0	66
0	618
6	61
0	102
0	116
11	601
4	6
0	0
0	0
79	0
79	1015
8	1079
23	588
0	480
1	38
2	0
12	2449
0	2150
19	2151
3	4780
8	192
1	4424
0	4309
83	4632
15	0
42	73
1	0
0	344
0	123
0	28
2	83
5	166
7	157
31	93
0	504
0	494
0	456
2	149
0	272
16	90
6	56
13	65
0	31
3	30
0	30
5	18
137	2328
0	2273
0	2197
0	0
5	119
11	126
5	312
0	0
2	936
0	940
6	950
0	54
0	22
0	1
0	78
0	73
0	68
1	0
118	112
0	193
0	137
3	1
12	1
0	204
52	345
0	131
0	81
0	0
53	21
0	10
0	21
3	1
1	1
0	0
0	0
1	23
0	1340
0	23
1	1378
69	1340
3	991
28	1338
1	134
0	542
1	508
14	933
0	111
0	97
0	933
2	13
0	29
0	1791
0	226
0	0
0	1305
0	1246
41	1128
1	104
1	1172
9	187
5	252
5	202
0	195
1	158
2	44
0	1036
0	44
16	0
0	0
2	0
1	197
29	594
34	556
13	152
4	318
0	109
6	255
4	106
1	88
137	280
1	280
6	258
11	268
0	31
3	0
243	122
10	656
32	2249
76	1883
6	16
0	13
0	83
35	252
0	239
0	68
1	0
216	1582
0	522
1	747
0	1508
0	1256
0	443
1	455
29	124
273	189
1	84
8	23
8	926
5	847
0	250
2	31
3	28
0	39
0	39
0	27
0	8
1	9
0	0
47	1033
0	801
0	188
0	1082
232	1514
0	622
0	669
0	173
0	194
62	232
0	192
1	38
142	4
6	62
3	19
0	131
1668	978
1	976
17	0
6	2
0	2
14	52
2	52
1	2
0	1
0	243
0	0
0	367
0	372
0	281
0	267
0	287
0	9
0	7
0	1
0	1
340	109
3	90
0	12
1	2
0	1
0	22
0	21
0	21
0	0
0	0
0	0
0	4
0	1
0	0
0	0
517	2
0	14
722	14
32	516
48	551
2	310
4	553
0	450
0	523
0	472
0	499
2	465
1	504
0	495
1	264
0	0
4	1
0	1
0	0
0	0
0	0
0	0
0	0
0	0
0	0
0	0
0	0
46	478
40	789
0	570
103	532
0	468
5	92
0	89
10	22
0	0
0	8
0	0
0	2
179	277
2	106
0	0
2	143
7	72
0	30
12	0
0	0
116	1467
79	1413
5	1264
0	1181
6	579
1	234
0	1054
6	1028
0	929
1	502
25	123
0	172
32	36
10	93
0	0
0	0
0	0
0	0
939	0
14	0
0	0
0	1
2	242
53	763
42	213
0	111
0	36
0	493
0	407
0	21
1	409
0	0
3	0
807	2246
3	1970
0	207
6	135
13	114
23	0
0	0
0	0
3	0
1822	158
103	27
0	68
0	64
0	0
0	0
0	0
1	0
0	0
0	1
0	1
0	0
0	0
0	0
0	0
2	1894
7	837
140	499
1	1261
0	83
59	1354
0	58
2	950
0	179
0	0
0	0
2	1
2	1
0	0
0	0
0	0
0	3187
0	1575
0	3171
0	3022
23	382
0	2330
4	388
0	1261
0	1193
0	1415
0	1578
0	1647
0	1724
0	1660
0	1623
0	1516
0	1452
0	1636
0	1529
0	1383
3	363
0	165
30	274
7	140
0	222
8	258
80	189
5	520
0	1565
1	1566
2	177
0	214
2	604
0	579
9	580
30	0
0	67
3	0
0	0
0	0
0	0
0	0
1	0
0	0
625	961
12	128
0	852
10	222
35	6
0	674
1	227
25	1133
5	1085
0	1055
2	2207
0	1106
0	1169
0	42
1	27
18	23
0	1232
3	993
0	0
0	1055
0	1132
54	9
0	1265
2	502
0	1167
0	844
92	462
1	0
0	0
0	0
0	4
0	3
0	4
10	0
7	2696
139	292
11	72
15	1676
32	924
99	2381
0	0
16	324
5	130
0	101
4	202
1	30
0	0
32	2001
0	5372
0	4657
2	91
0	1298
987	69545
111	54864
53	12
163	69557
217	15873
4	3397
0	0
0	0
0	0
0	0
0	0
0	0
0	0
0	0
0	0
0	0
0	0
0	0
0	0
0	0
131	163
47	146
70	74
0	48
0	15
0	20
0	267
0	226
9	29
9	70
0	79
28	176
0	118
4	67
4	18
3	16
5	0
245	488
37	3
1	366
14	260
0	83
0	92
0	103
6	0
0	2
11	0
65	963
9	535
0	152
1	142
1	49
3	742
0	45
3	0
3	0
0	0
0	0
7	0
0	8
4	8
3	2047
7	1771
17	206
91	1613
1	560
4	202
63	1562
1	507
0	0
0	0
0	0
0	0
0	0
2	13
224	354
3	108
6	279
0	0
0	11
1	0
13	929
16	929
1	17
40	0
22	0
0	0
0	0
1	0
0	0
0	0
0	2
3087	11
1	11
12	0
0	0
0	0
0	0
0	15
0	465
0	173
0	74
0	423
0	412
0	76
0	0
12	717
0	717
4	557
2	610
0	464
0	196
0	196
6	70
0	28
3	6
0	1
99	177
3	101
5	26
1	139
1	71
45	0
25	65
1	1105
37	0
0	235
2	328
45	189
3	1041
0	114
2	1
0	0
22	765
1	1
0	0
563	897
3	862
2	657
0	895
0	0
8	77
36	1705
9	1708
48	1684
0	1860
3	396
0	415
0	83
0	170
0	51
0	88
1	31
0	147
0	79
0	159
2	135
0	76
6	51
0	110
0	65
22	18
292	2
2	0
0	0
0	0
0	0
0	0
0	0
0	0
35	864
4	864
1	46
6	280
0	70
0	102
8	12
0	0
0	0
0	0
46	423
0	444
13	452
1	454
0	100
9	116
0	8
1	18
0	9
17	7
112	963
17	162
0	32
0	801
9	179
72	3762
5	3758
2	2972
46	3692
1	561
3	295
0	629
15	0
4	210
9	463
5	613
8	155
2	8
0	8
0	2
0	2
0	1
214	282
0	227
0	0
0	47
2	36
21	0
5	0
1	0
6	8
0	0
0	0
0	0
0	0
0	0
0	0
0	0
0	0
0	0
0	0
0	0
0	0
0	0
2	39
51	2861
13	2300
2146	2991
17	2987
6	1979
1	71
1	2
1	2
117	2
0	0
1	2
0	0
0	0
0	0
0	1
0	1
0	1
0	0
0	0
0	0
0	0
0	0
3	0
2002	0
3	1478
163	20
0	1478
1	717
0	0
0	696
0	692
9	2
3	2
0	2
0	1387
18	329
19899	847
11	677
1	0
0	0
0	0
0	0
0	0
0	0
0	0
0	0
0	0
0	0
0	0
0	0
0	0
0	0
0	0
0	0
1	1
0	0
0	6
41	0
4	0
0	0
0	36
0	35
0	31
0	30
0	26
0	12
0	0
7	0
0	0
0	0
1	10
0	0
0	0
1	110
28	145
4	60
1	83
0	86
623	1864
53	1864
0	474
4	1012
10	1
80	0
0	0
0	0
0	0
0	0
2	5
0	0
1	5
0	0
0	0
0	0
0	0
0	0
0	0
16	193
12	193
0	178
112	73
3	1179
0	34
1	55
1	1167
8	311
1	32
1	328
5	302
297	235
0	0
2	230
1	18
1	43
0	0
0	0
0	0
0	0
0	44
0	43
0	16
1	15
0	0
0	0
0	6
0	2
4	4
1	5
0	1
0	5
3	28
0	28
0	0
5	0
6	27
0	3
2	24
0	4
1	4
0	8
0	3
0	3
1	1
15	589
34	540
57	208
2	0
0	985
2	939
3	742
3	32
2	3
52	0
3	224
0	0
0	0
0	0
0	5
0	0
0	0
0	2
0	5
0	1
6	97
0	0
0	2
0	6
1	5
0	0
10	0
0	0
0	0
0	0
0	10
0	1
0	9
0	3
0	0
0	0
0	0
0	0
0	0
0	0
0	0
0	0
0	0
0	0
0	0
0	0
17	415
0	688
13	677
3	650
4	10
0	482
0	0
0	29
0	11
4	877
20	923
0	969
17	922
7	788
0	83
1	120
1	24
0	210
3	321
31	265
0	187
4	25
4	22
4	22
0	2
0	3
0	3
0	3
0	0
99	0
0	124
13	176
7	100
42	194
0	49
0	10
1	55
1	39
5	41
4	83
1	25
1	10
1	46
3	6
295	2172
9	1883
2	716
1	152
0	261
19	10
0	44
1	29
1	18
124	255
0	147
75	203
5	32
1	140
0	21
0	4
1	74
0	45
41	5
0	5
0	0
0	0
0	0
0	0
0	0
0	0
0	0
0	0
0	0
0	8
0	8
0	8
0	8
0	8
0	8
0	1
1	1
0	2
0	2
0	2
1	0
0	0
0	0
0	0
0	0
0	0
0	0
0	0
0	0
0	1
0	1
1	1
0	1
0	0
0	0
0	0
0	0
1	0
0	0
0	0
0	0
0	0
0	0
0	0
0	0
0	0
0	0
0	0
0	0
0	0
0	0
0	0
0	0
0	0
0	0
0	0
0	0
0	0
0	0
0	0
0	1
0	1
0	1
0	0
0	0
0	0
0	0
0	0
0	0
1	0
0	0
0	0
0	0
0	0
0	0
0	0
0	0
0	0
0	0
0	0
0	0
2	0
0	0
0	0
0	0
0	0
0	0
0	0
0	0
0	0
0	0
1	3
0	3
0	0
0	0
8	1
0	1
0	0
0	50
23	50
0	0
0	94
22	268
18	349
3	354
0	349
3	134
2	113
4	144
0	0
0	0
0	0
0	0
0	0
356	140
0	73
4	99
50	31
1	39
0	15
1	22
0	38
0	3
24	1664
1	236
0	387
0	385
5	1484
39	376
0	1331
0	364
28	524
39	622
0	380
0	186
0	208
3	188
0	212
2	83
3	92
32	15
4	89
0	36
20	2
15	2306
0	1539
4	476
3	747
0	1843
3	124
0	796
0	1569
13	954
3	214
16	938
14	83
1	0
0	0
0	0
0	0
0	0
0	0
0	0
0	1661
57	1757
4	1183
1	111
0	647
0	790
17	808
0	31
1	837
1	399
18	0
0	1655
3675	1684
37	1471
15	1471
176	1471
14	2
6055	1
0	20
0	20
1	19
0	0
0	1
0	1
38	386
4	57
0	344
0	14
0	15
0	2214
1	181
9	2365
8	551
0	255
2	158
6	1038
2	103
4	120
21	583
20	601
0	624
9	558
0	257
9	69
0	111
2	33
110	1071
6	1024
35	821
28	187
29	21
14	90
0	0
0	127
0	97
0	35
208	217
41	152
0	40
0	9
0	25
1	16
0	16
1	59
55	4782
249	4782
165	4782
3	1601
0	1014
23	856
0	0
29	1193
0	1115
17	1016
0	1232
0	1010
11	358
4	974
1	115
0	132
36	37
0	101
0	6
1	16
0	9
13	120
2	120
144	1273
14	669
15	1270
0	466
15	201
4	560
1	553
22	627
0	2
8	0
0	0
5	2365
0	2395
0	257
61	37
20	2035
2	113
25	90
5	1018
11	423
4	173
28	1871
2	1947
14	1722
23	962
8	1865
0	1580
0	451
0	275
1	627
0	127
0	374
0	485
0	64
312	7085
414	7249
2	855
56	2060
3	1937
3	57
2	54
3	61
1	69
0	0
0	0
1	389
3	126
0	355
1	29
21	253
14	231
0	30
1	87
11	87
3	55
0	30
0	104
0	112
3	125
15	72
5	91
0	34
11	16
183	3374
17	3374
16	194
2	361
5	313
0	184
6	250
7	272
4	305
4	1
0	1
3	359
3	1353
1	797
0	0
4	6909
731	7500
14	1212
0	5538
5	2614
1	2
45	579
1	595
0	367
0	468
12	397
2	39
2	19
0	37
2	39
0	33
0	37
0	597
2	581
1	492
0	581
1	579
33	398
0	560
0	27
0	98
0	131
0	0
0	111
3	202
0	182
0	131
0	133
2	62
0	103
0	100
0	53
0	99
0	85
0	20
0	39
0	2
0	175
0	161
5	178
0	183
0	170
1	158
0	149
0	139
0	140
1	2
1	15
0	25
191	7321
25	1958
10	2168
1	5289
5	5289
0	12
6	1722
7	1596
0	1494
0	1291
2	754
2	1295
1	312
2	572
141	860
0	3
27	6
3	322
0	6
28	0
29	3
8	216
0	569
2	71
7	94
0	137
1	320
7	141
69	4309
0	1289
24	4220
14	1014
0	928
9	1209
0	3836
7	418
8	788
358	569
16	200
0	74
0	76
0	0
2	200
2	125
0	33
0	1396
0	1117
0	1396
0	1106
0	842
84	917
1	479
4	152
0	439
16	0
12	55
3533	647
32	641
0	210
1	0
0	0
411	169
324647	399
0	1
0	1
0	1
1	6
0	343
1166	988
0	958
0	937
29	261
0	0
0	0
0	0
0	17
0	30
0	16
0	18
0	17
0	16
0	30
0	16
0	13
0	17
0	13
0	0
0	4
0	5
0	2
0	3
0	7
0	13
0	1121
69	1121
18	1138
3	607
3	569
0	130
192	38
5	63
91	0
0	0
330	78
0	74
2	0
0	0
0	0
0	0
0	0
0	0
0	0
0	0
0	0
0	0
0	0
0	0
0	0
0	0
0	0
0	0
0	0
0	0
0	0
0	0
0	0
0	0
0	0
8	0
24	0
0	0
0	0
0	0
0	0
0	0
0	8
0	0
8	14
0	13
6	3247
0	0
3	4072
140	12266
5	11008
3	1398
0	0
0	67
3	1
28	221
1	232
2	232
2	170
0	226
2	30
12	86
0	133
0	78
1	26
0	14
1	22
0	23
1	1
0	16
0	19
1	6
13	778
0	902
0	852
5	991
30	253
0	916
49	136
22	847
0	353
0	90
1	93
0	372
0	0
0	0
0	0
0	7
0	7
0	7
0	7
0	7
0	7
0	7
0	7
0	7
0	7
0	7
0	7
0	0
0	7
0	7
0	1
0	6
0	6
0	6
0	6
0	6
0	6
0	6
0	6
0	6
0	6
1	1
0	563
38	664
0	649
35	11
0	649
0	121
6	10
0	1
0	1
13	1880
2	830
0	981
8	1237
2	531
8	503
0	0
1	422
0	0
0	0
0	0
0	156
0	112
3	156
0	157
1	156
0	49
0	14
0	4
0	1
0	0
0	2
5	0
0	0
0	0
0	0
0	0
0	0
0	0
0	0
0	0
0	0
0	0
0	0
1	8
0	0
0	0
1	0
0	2
0	8
0	2
0	0
0	1
0	7
333	166
1	166
0	0
3	0
0	72
0	17
0	56
0	73
0	63
0	59
0	67
40	13
0	51
0	56
0	13
0	5
6	22
0	38
0	33
169	6965
6	1679
2	1095
0	2286
24	5004
31	1651
0	4
5	516
6	304
4	526
0	250
0	505
0	275
3	339
0	184
0	0
0	18
0	62
0	65
1	52
0	52
0	4
0	0
0	0
0	0
918	925
1	911
12	0
9	0
7	0
0	0
0	0
4380	85
3	0
1	0
0	0
5	0
133	2
0	0
0	0
25	2
0	0
0	0
8	781
42	781
0	161
6	184
29	138
5	0
6	1165
0	505
5	990
6	355
19	1115
94	34
0	34
2	0
45	2733
7	2848
1	2752
44	184
1	457
7	688
0	94
3	0
2	221
1	11
25	1185
1	192
25	1179
4	52
10	120
2	204
21	94
0	0
0	74
0	5
0	4
0	0
44	2
2	0
0	23
2	23
0	1
2	1
0	0
0	52
2	99
0	45
0	14
54	48
10	46
0	16
0	0
0	556
16	1134
0	1130
1	36
0	132
0	129
0	19
0	0
0	0
0	0
69	2
0	0
27	994
7	778
0	894
2	81
4	100
0	161
0	75
7	193
0	7
0	8
0	2696
11	2
0	2689
5	2642
0	503
10	715
2	1730
4	117
0	70
4	372
0	640
0	1
0	1
0	1
0	1
0	1
0	1
0	1
0	1
0	0
0	0
0	1
0	1
0	0
0	0
56	764
0	0
1	348
0	0
0	564
1	263
3	446
0	237
1	0
9	0
376	8062
178	8062
38	547
5	775
1	638
0	121
0	78
2	0
116	2668
3	796
196	1534
7	2570
0	257
0	90
59	44
5	53
28	55
0	348
55	19
0	0
467	0
100	5938
7	5684
0	5820
2	5798
7	617
0	361
37	672
325	1107
66	1178
7	433
43	936
0	0
0	0
0	0
0	0
0	0
1	0
0	0
0	16
82	16
0	0
6	0
0	0
0	0
1	0
0	0
0	0
0	0
0	0
524	8
104	61
0	326
0	39
2	6
7	91
4	87
4	5
49	227
5592	1655
20	1647
2	568
0	0
4	205
5	2
0	2
0	2
0	0
3	232
20	328
0	322
31	139
1	309
4	0
9	51
36	183
0	183
0	0
0	0
0	0
0	0
0	0
0	77
0	0
2481	820
34	162
112	0
1	574
0	0
1	21
3	1
0	27
9	1617
0	13
3	26
75	591
0	1615
0	23
1	120
7	1000
13	1219
0	289
219	132
2	65
17	0
7	80
0	1
0	1
0	1
4	481
1	131
9	480
99	432
20	3
0	46
0	40
5	385
6	72
0	35
0	89
0	53
10	80
121	61
0	1474
3	1447
0	4
41	428
0	66
0	1499
2	125
1	175
194	1044
0	1401
4	32
4	46
0	30
0	103
0	96
2	34
7	61
0	162
11	217
6	87
4	3
1	3
1	10
0	11
0	10
4	528
22	1364
1	1345
0	1235
0	1224
0	798
0	810
0	1219
0	763
1	133
87	998
6	970
0	357
16	1332
64	1319
11	1169
2	277
0	0
2	247
0	602
9	2
51	602
0	2
0	482
0	456
0	0
0	0
0	0
0	0
0	0
0	0
0	0
93	2212
1	480
0	50
8	756
9	639
6	177
0	2132
12	132
3	75
0	54
0	269
4	83
0	150
0	353
2	314
0	0
0	0
0	0
9	0
6	0
0	0
1	0
59	691
78	691
2	3
0	2
0	2
0	2
0	1
0	2
0	1
2	1
0	0
0	0
0	0
0	0
0	0
0	0
5	7
0	5
0	5
0	4
0	0
0	0
0	1
0	0
0	0
0	0
0	0
0	0
0	0
0	0
1	0
0	0
0	0
0	0
1	0
3	65
0	0
0	0
0	0
1	0
4	23
0	2
1	2
2	2
0	1
1	0
0	0
0	0
0	1
3	0
2	48
0	169
0	169
1	457
2	423
0	422
8	174
1	450
0	0
4	24
14	42
0	65
1	244
1	29
0	44
5	10
18	0
0	0
0	0
1	0
469	10
3	10
0	1148
0	1116
0	505
0	537
0	481
0	518
0	484
1	426
0	173
2	283
0	35
1	23
16	12
22	36
0	11
0	4
2	488
2	337
3	221
0	101
162	0
37	1321
21	1431
5	154
1	362
0	83
7	135
0	570
4	548
0	230
0	0
286	2530
4	2499
55	80
0	110
0	48
0	9
10	9
169	0
7	31
1	7
1	4
157	2
1	20
0	50
0	0
0	0
3	10
0	0
0	3
4	130
0	90
267	1194
0	1121
0	764
0	433
16	369
0	362
0	386
0	0
0	0
149	322
0	322
15	24
0	0
1	0
0	0
0	6
0	0
121	567
9	543
12	92
0	97
0	118
8	86
0	138
0	0
0	0
0	0
0	0
1	53
0	0
0	0
191	0
1	3
0	0
0	0
0	1
22	35
0	0
0	0
0	0
0	0
0	0
1	0
0	0
0	0
2	21
0	0
0	0
0	0
0	0
0	0
0	0
0	0
0	0
0	0
0	0
0	0
0	0
0	0
0	0
4	0
0	0
0	0
0	0
0	0
1	0
0	0
1556	416
0	162
263	0
71	0
227	0
93	248
0	0
240	1170
992	1242
2	613
2	161
0	0
0	0
0	0
0	0
0	0
0	0
0	0
0	0
0	0
0	0
0	0
18	15
0	7
0	15
0	2
0	0
3	0
1	0
6	0
0	0
0	0
0	0
6	0
2	0
5	0
1	0
2	0
1	0
5	0
0	0
0	0
0	0
0	0
0	0
98	345
0	345
42	3023
17	3023
5	138
47	138
12	31
3	31
1	84
0	0
1	70
0	0
0	12
0	24
0	4
0	22
0	22
13	9
0	0
0	0
0	0
0	0
0	0
0	0
0	0
14	0
0	0
0	0
0	0
2	0
0	2
1	2
70	5
1	5
0	0
1	0
3	0
1333	2
1	1
0	1
0	0
0	0
0	0
2	0
327	20737
0	20425
0	2988
6	1172
0	1811
0	991
0	1429
3	0
8	0
7675	2070
0	0
0	1389
3	681
426	0
24	0
26	0
7	1230
16	995
7	1199
0	971
18	3
9	318
19	375
15	282
13	353
3	388
0	35
44	173
1	381
10	233
2	233
5	147
0	73
0	89
0	20
13	59
15	19
6	929
1	929
0	73
51	943
0	377
0	928
23	929
0	1073
340	1165
0	1124
0	1076
112	868
0	319
0	80
177	201
5	19
0	0
8	0
0	0
0	0
0	0
0	0
0	0
0	0
13	184
0	0
0	0
0	0
0	0
0	34
96	572
41	569
0	0
63	139
27	1290
0	1293
0	160
0	86
7	1049
1	0
17	27
58	30
0	40
42	20
0	0
0	0
0	0
0	0
1	0
0	0
0	0
6	0
0	0
8	0
2	0
0	0
0	0
0	0
0	5
1	5
0	0
0	0
0	0
0	0
0	0
22	0
0	2
0	2
0	2
0	2
0	1
2	1096
1	1197
0	547
0	218
45	645
171	726
5	101
5	68
0	53
0	0
0	2
0	2
0	0
51	4259
3	4259
18	2415
37	44
2	323
0	0
0	0
11	2739
6	166
0	28
2	90
0	78
2	0
6	202
0	10
4	1931
0	12
0	0
0	0
0	0
3	0
3	0
17	2665
0	2625
13	104
0	1967
7	1783
75	69
120	105
0	0
6	1633
5	1944
0	2708
0	0
0	1561
0	1280
9	2394
0	2043
0	1164
0	198
0	98
5	3
0	105
2	169
2	0
10	0
0	9
0	12
0	4
0	7
0	7
0	2
0	2
0	7
7	6
1	0
0	525
6	607
0	87
0	43
0	119
0	73
0	0
199	3104
111	180
7	606
5	178
1	2284
0	0
8	114
0	78
1	1055
12343	236
13	613
12	234
212	1468
0	1244
1	1021
10	232
0	1161
37	1009
0	0
0	25
0	24
11	22
0	20
0	1
0	1
0	0
0	1
0	0
2	728
0	709
3	663
0	711
6	712
0	566
38	165
21	0
19	88
0	0
105	0
25	1474
12	41
335	2497
4	1440
1	515
0	519
2	333
0	456
0	528
13	3078
34	2813
25	2943
40	2886
1	515
0	283
0	2552
17	53
0	362
0	0
0	0
5	0
0	2
0	2
0	2
0	12
6	44
0	46
0	31
1	6
5811	6
0	0
0	0
0	0
0	0
0	0
0	0
0	0
357	1028
2	881
0	9
1	29
2	100
0	126
0	0
0	0
0	0
1	0
4	5
1	488
916	1145
7	279
25	230
5	618
446	213
61	213
19	66
0	0
27	850
1	850
0	2
1	2
10	188
17	215
0	125
2	42
2	5
0	1
23	1507
161	1633
3	374
8	162
5	140
88	34
0	2
0	24
0	4
0	9
5	3
0	0
0	0
238	49
0	47
3	0
3	0
0	3
1	3
0	39
0	3
0	3
0	0
0	0
0	0
0	0
0	1
0	0
0	0
0	2
1	3
0	68
562	68
0	15
0	42
0	419
11	9
1	154
2	408
0	281
0	0
0	0
2	116
80	769
5	6
5	0
153	0
2	763
0	3
0	0
0	0
0	0
0	0
0	0
0	0
0	0
0	0
0	0
0	0
0	0
0	0
0	0
0	0
0	0
0	0
0	0
0	1
0	1
0	0
0	0
0	0
0	0
0	0
0	0
0	0
6	26
0	7
0	19
0	0
0	0
0	14
1	15
0	0
0	0
0	0
0	0
0	0
10	0
3	6
1	5
0	0
0	0
0	0
291	481
18	415
31	431
9	383
0	0
0	94
3	5
0	0
0	2
187	38
0	38
206	1275
0	1275
61	0
0	0
0	0
0	35
0	35
1	35
0	35
0	0
0	28
0	0
1	0
0	0
0	0
0	0
0	0
0	0
0	0
0	0
0	0
0	0
0	0
0	0
0	0
0	0
0	0
0	0
0	0
0	0
0	0
0	0
0	0
0	0
0	0
0	0
0	0
0	0
51	1488
0	3
0	0
0	0
0	0
1	19
1	0
0	0
26	11
0	0
0	4
2	1
323	1068
0	786
0	0
1	1
1850	580
2	234
0	1
0	1
8	0
0	0
0	0
0	1
50	541
0	24
122	322
0	0
0	4
0	0
0	0
0	0
0	103
0	0
0	0
0	0
0	0
0	0
113	130
0	0
43	231
0	84
0	0
0	0
0	0
0	0
0	0
0	1
0	0
453	21
178	132
0	0
0	231
58	7
0	0
23	2
0	0
0	1
2	0
0	0
205	1324
21	210
0	0
0	0
0	0
2	0
0	0
0	0
0	0
9	1598
3	1529
41	552
0	0
0	0
0	0
0	49
0	0
0	1
0	0
9	1497
6	1428
0	0
0	552
0	0
1	0
0	0
4	49
0	0
0	1
12	0
0	0
280	1324
8	207
0	0
1	2
0	0
0	0
0	3
0	0
1906	16
0	0
7	0
0	0
0	0
0	0
0	0
0	0
0	0
0	0
0	0
0	0
0	0
0	0
0	0
0	0
0	0
51	97
0	97
39	970
1	938
0	84
0	93
2	22
1	22
0	16
0	2
11	138
0	139
0	136
0	26
585	301
2	268
6	33
1392	161
0	159
6	77
1	74
0	73
0	0
0	0
0	0
0	0
369	635
19	635
9	0
0	0
0	0
0	0
247	543
58	543
1	247
29	247
1170	125
2	120
186	2
5	68
15	104
38	3
25	4800
36	5273
0	861
92	89
0	0
386	204
118	204
0	2006
20	1871
0	1968
51	1612
1	151
195	1170
35	6
78	364
17	315
0	65
0	0
68	218
41	194
64	66
2	50
89	670
2175	670
24	0
0	195
0	199
5	49
6	34
3	3
0	3
0	0
0	4150
0	4230
131	4210
104	0
0	130
0	1
0	69
0	82
0	26
0	37
2	54
0	55
0	81
0	79
0	81
0	59
0	24
0	15
0	0
2	0
0	0
1	0
0	30
0	14
0	1
0	2
0	0
0	0
0	0
1381	1790
8	84
2	82
10	1710
0	582
2	0
655	0
1	1587
40	1523
17	285
170	215
13	0
0	0
1309	2
0	0
0	5
0	0
1	0
0	5
2	0
0	0
0	0
0	0
0	0
0	0
0	0
2	0
2	0
1740	4
0	0
31	43
0	1
0	1
0	0
0	0
2	694
94	694
0	2
0	0
2	2
0	0
0	3
0	3
0	3
0	0
0	0
0	0
0	0
0	0
0	0
0	0
0	0
0	4
0	5
0	1
0	5
0	5
0	1
0	0
0	0
0	0
0	1
0	0
0	0
1	0
0	0
0	3815
120	3854
0	3794
0	221
0	550
157	1323
10	1323
2	549
16	6
0	6
0	0
0	0
304	2397
52	2398
0	771
0	106
0	191
20	0
0	3
2	0
1	0
23	3
7	1894
45	1976
7	639
0	0
5	0
0	90
0	193
7	45
2	35
1	25
1	12
0	21
19	0
13	17
3	7
2	7
0	1
0	0
0	1
0	0
0	0
0	0
0	0
2	30
1	0
0	22
0	614
0	500
0	591
5	551
0	590
0	49
0	12
0	40
0	39
0	389
0	0
0	0
3	264
0	78
9	347
16	23
0	276
0	3
1	52
1	37
7	38
6	3
0	36
11	32
0	6
0	4
5	29
0	1
1	16
5	28
0	24
0	10
0	0
5	6
0	5
8	5
30	1137
214	1158
13	1411
5	1629
691	1629
19	979
0	0
0	0
56	234
6	0
21	0
37	0
1	294
50	98
4	37
2	908
0	825
0	754
0	1004
0	865
0	156
5	194
26	52
0	909
0	336
0	803
0	10
0	515
0	184
1	277
357	443
27	31
1	376
17	361
3	0
3	11
2	22
11	22
5	0
949	150
1	87
20	65
348	200
5	97
0	43
0	129
0	5
22	5
42	2136
0	1895
0	1982
38	1707
3	1976
1	1971
1	1702
8	138
22	381
3	143
126	5
62	76
0	0
0	76
4	37
747	481
0	365
0	116
2	0
522	0
523	1022
2	557
8	355
6	834
9	80
2167	309
0	0
12	83
3	180
15	0
3	12
39	0
2	0
14	28
22	3
29	2
0	0
0	0
72	8
399	687
7	142
2	228
4	143
2	207
13	137
0	115
0	597
11	114
5	62
0	68
8	0
144	0
152	88
0	88
7	10
3	0
0	0
0	0
0	0
0	0
0	0
0	0
0	0
0	0
0	0
0	0
0	0
0	0
2	0
0	0
1	0
0	0
0	0
0	1
0	1
0	0
0	0
0	0
0	0
1	41
4	48
745	42
0	0
3	6
0	0
1	0
1	0
3	309
3	118
3456	934
2	324
7	486
15	622
2	646
2	3
2	221
0	2
0	2
162	1235
112	1168
106	198
2	177
0	1205
0	217
2	30
0	2
26	2
1	83
0	174
2	11
0	74
0	99
0	573
50	635
0	90
7	92
109	134
0	40
0	72
2	84
2	64
13	88
0	26
2746	5330
182	4259
7	0
3	3901
0	547
0	0
10	245
74	276
75	0
0	0
0	0
0	0
1	0
0	0
10	25
0	25
0	18
1	0
6	1
0	0
0	1
259	298
0	298
15	0
0	0
0	0
0	0
0	0
0	0
0	0
0	0
0	0
0	0
0	0
0	0
0	0
0	0
0	0
0	0
0	0
0	0
0	0
3	0
0	0
0	0
0	0
4	0
0	0
25	24
0	22
0	21
0	22
0	21
1	0
7	0
3	0
0	0
5	53
0	0
0	0
0	0
0	0
0	0
0	0
0	0
0	0
0	24
0	20
0	11
0	20
0	7
18	191
52	47
17	191
0	29
6	26
50	0
8	364
3	395
0	368
0	393
1098	128
2	141
1	66
1	59
0	69
13	41
0	43
2	67
0	17
0	0
0	0
0	0
0	0
0	0
0	0
0	0
0	0
0	0
0	0
0	0
0	0
588	1075
0	1084
0	744
0	745
0	961
0	984
0	453
0	745
0	882
0	474
0	533
0	484
0	339
0	216
0	562
0	223
0	275
0	60
0	15
0	1
0	10
0	250
7	345
0	562
1	88
0	135
0	43
0	76
0	252
0	167
261	528
0	248
77	33
0	1
0	0
0	0
0	0
0	0
5	74
184	1241
33	1246
5	1050
18	286
13	48
41	48
0	34
0	128
37	1131
0	615
961	1258
3425	0
468	121
0	121
0	572
5040	1686
0	1678
54	17
0	0
0	0
24	804
7	806
8	45
5	0
0	808
0	123
2	0
0	212
20	784
0	791
2	690
0	429
0	107
1	12
0	9
0	107
6	8
43	356
1	59
1	183
0	185
0	0
2	10
5	0
145	0
0	0
0	0
0	0
0	0
2	621
6	911
2	668
14	457
0	482
7	317
14	638
18	280
9	239
5	66
9	985
15	0
0	0
1531	0
0	0
23	3618
6	110
0	3618
11	3121
0	234
0	0
0	0
0	0
0	0
0	0
1	0
0	0
0	0
0	0
0	1
0	0
9	0
0	0
19	0
1676	0
2394	1802
0	199
3	1625
5	150
84	41
0	0
4	0
0	4
0	4
0	0
0	0
1	0
0	0
1	0
0	0
0	0
0	0
0	0
2	0
3	1396
1	1396
39	1396
24	0
0	0
0	0
1663	241
44	0
0	241
5	103
10	0
786	513
0	513
4	25
0	0
0	1
0	1
1	0
0	0
0	0
0	0
3	0
0	0
1332	20
2	20
0	0
0	0
0	113
415	546
34	158
98	546
0	2
4	2
0	0
0	0
1	0
0	0
0	202
0	202
0	1
0	0
0	0
5	139
22	145
0	54
0	105
0	55
6	841
3	809
6	755
19	75
0	37
14	213
2	208
20	190
5	10
0	0
26	0
0	0
0	0
0	0
0	0
0	0
0	0
0	0
0	0
0	0
0	0
0	0
0	0
0	0
0	1
0	1
1	0
0	0
0	0
0	0
0	0
0	0
0	0
0	1039
4	963
7	513
9	638
0	0
0	0
0	0
0	0
0	0
0	0
0	0
6	133
104	140
0	64
0	20
13	3
0	0
0	0
19	4
0	4
50	31
0	0
52	30
22	5
232	434
0	352
29	198
0	427
3	12
1	1778
0	1673
26	1667
5	1528
46	1468
9	329
13	466
0	0
0	155
19	353
0	61
2	45
73	631
1407	914
6	600
3	577
3	626
0	219
27	252
8	1014
12	1099
3	477
39	716
0	307
9	1
0	0
1	2
0	0
0	0
0	0
0	0
0	0
0	0
0	0
3	0
0	175
0	297
0	0
0	303
1	143
20	67
254	67
0	7433
0	4148
0	7353
87	3892
68	117
3	282
13	358
2	219
16	156
10	4
4	4
1	216
9	65
4	0
48	263
0	3192
0	0
9	132
29	16
3	16
7	0
0	0
41	1171
3	250
111	4103
0	4210
468	5625
6	4703
8	930
9	1494
0	119
1305	7
9	5
0	0
1	321
0	0
0	0
0	0
7	37
0	0
0	0
0	0
0	0
0	0
0	0
0	0
0	0
0	0
0	0
0	0
0	0
0	0
0	0
0	1
0	1
0	1
0	0
0	0
0	0
0	0
0	0
0	0
0	0
0	0
0	0
0	0
0	0
0	0
0	0
0	0
0	0
0	0
0	0
0	0
0	0
21	0
472	38305
11	38096
0	38305
0	36457
6	0
0	484
14	0
3	1
0	1
8	7
0	0
0	7
0	0
0	0
38	0
0	0
0	0
0	0
1	0
0	23
352	23
4	328
0	316
0	268
4	760
0	725
6	395
0	743
6	76
0	17
1	12
2	16
0	11
0	0
0	0
0	1894
138	300
0	408
0	1882
0	343
0	1752
0	1777
0	0
0	0
0	0
0	0
0	0
10	121
0	144
0	2000
22	3
0	34
9	716
0	10
1	357
0	1857
2	19
0	1027
0	16
238	8
3	193
0	32
2	1692
0	44
0	3
2	0
84	1
0	1723
9	221
0	116
0	99
1	80
0	77
218	0
134	0
9	36
22	1177
10	0
0	0
677	1157
131	406
5	1067
2	669
23	0
0	0
0	0
0	0
17	18
0	19
0	16
82	1469
3	746
4	1403
1	241
1	352
2	409
4	22
31	0
10	174
1	128
0	113
1	101
0	58
0	34
1	40
0	3
0	3
0	4
0	3
0	0
0	2
0	1189
36	1189
1	1189
7	1130
0	58
0	134
0	210
0	122
4	107
0	0
0	139
2	0
0	0
7	921
2	250
0	200
11	443
0	921
1087	1598
5	1596
7	871
0	0
0	124
0	0
0	0
0	0
0	0
0	0
0	0
0	0
0	0
0	0
0	1
0	0
124	1382
32	248
0	7
14	3
1	112
2	101
2	0
4	1338
0	56
1	809
1	20
0	65
0	251
4	76
0	225
0	1
0	31
0	83
0	0
0	18
2	53
1	426
0	426
19	381
0	278
0	0
0	0
0	51
4	6
6	3
931	1289
20	1162
22	258
0	292
5	10
38	10
2	573
1	75
0	495
2	188
3	87
1	49
0	0
0	0
0	24
3	8
24	45
0	90
199	5
0	0
0	0
18	18
0	6
0	18
0	14
0	0
0	0
1	4
0	2
0	0
7	791
9	717
5	350
0	430
0	298
0	282
2	28
27	0
57	0
9	6
0	0
94	2262
4	1757
3	2288
20	281
3	110
1	441
7	769
0	129
3	139
6	415
0	0
0	0
0	0
0	215
0	299
57	300
0	168
31	3
2	3
21	680
49	680
13	88
15	0
0	0
0	0
0	0
0	0
3	0
0	0
0	0
759	25
3	0
0	0
64	27
0	0
0	0
0	87
1	255
0	247
4	247
4	39
5	43
0	19
16	675
17	692
0	0
1	215
1	107
0	12
0	26
0	26
1	0
12	24
0	0
0	0
1	1
0	1
0	1
2	0
0	0
0	0
0	0
0	0
0	0
0	0
0	0
1	0
0	0
0	0
0	0
0	0
0	0
0	0
5	0
0	0
0	0
0	0
0	0
0	0
0	0
0	0
0	0
0	0
2	2
2	2
0	0
0	0
0	0
0	0
0	0
0	0
0	0
0	0
0	0
0	0
40	374
0	0
2	10
0	0
0	0
0	0
0	0
0	0
0	0
0	0
0	0
0	0
0	402
34	442
35	369
207	120
3	0
0	83
0	83
0	80
33	81
1	2
0	0
116	35
0	22
0	26
25	0
3543	2
1	0
8	6
0	0
2	6
0	6
0	6
0	0
0	3
0	3
0	3
0	1
0	3
0	0
0	0
0	1
0	1
0	1
0	0
0	0
0	0
0	0
0	0
0	0
69	0
4	0
1	0
2	0
0	0
0	0
0	0
0	0
0	0
0	0
0	0
0	0
0	0
0	1
0	1
0	0
0	0
2714	2
69	0
0	0
0	0
0	0
0	182
29	253
10	2
28	0
2	99
0	53
9	47
5	47
3	2
19	14
35	315
1	611
128	738
0	50
4	0
0	0
0	122
0	0
0	0
0	0
0	7
0	1
0	5
0	5
0	4
0	18
0	39
0	37
0	32
0	34
0	35
0	31
0	9
1	15
0	38
1	33
0	34
0	41
0	3
0	4
1	16
17	8
0	13
0	21
0	8
0	21
0	19
0	16
0	11
0	1
0	16
2	7
0	3
13	19
0	20
5	16
0	19
165	0
0	0
0	0
0	2
0	2
3	9
1	9
0	5
28	0
0	0
2	0
366	0
35	3
0	3
2325	1076
2	823
10	348
22	0
1290	5568
21	5511
0	1367
41	1980
0	0
2	100
103	0
106	0
64	0
218	0
111	0
0	2
3	4
7	0
15	4
1	0
0	0
50	63
0	56
0	56
0	0
0	0
0	0
0	3
0	3
0	2
0	0
0	0
0	1
0	0
0	0
0	0
3	1
0	1
0	0
0	0
0	0
0	0
0	0
0	0
0	0
0	0
0	0
0	0
0	0
0	0
2	419
109	462
0	185
0	177
0	0
0	0
0	0
0	0
0	0
2	138
0	303
1	93
12	413
4	111
26	70
62	123
0	6939
46	7127
20	3443
0	4991
286	5022
0	5274
0	5403
117	1955
107	968
82	382
18	0
0	774
0	795
0	296
1	499
0	201
2	241
4	709
0	710
2	0
0	64
46	2
2	0
0	0
0	0
1087	1654
37	1650
0	0
4	122
0	33
1	2623
348	454
2	112
7	151
41	366
0	279
6	244
5	2758
0	2903
0	2845
1	18
1	926
12	663
2	139
45	149
16	40
20	0
0	6
0	6
0	2
0	2
0	673
2	76
0	1876
25	1938
2	57
29	192
5	58
0	51
2	39
0	0
0	0
0	0
0	221
0	0
0	0
0	0
0	0
0	56
0	58
0	2
0	58
0	58
0	0
6	0
0	0
0	0
0	0
0	0
0	0
0	0
0	0
0	0
0	0
0	0
0	0
0	1
0	1
0	0
0	0
28	11
0	11
0	0
3	4
0	1
0	0
0	0
1014	547
0	188
0	359
2	152
2	0
743	4866
1	3904
63	4510
0	2043
9	584
203	507
0	359
80	1191
27	1191
41	50
3	128
9	0
0	72
0	0
0	0
0	0
0	0
1	0
1	194
3	123
0	120
1	120
2	16
0	0
0	0
0	0
0	0
0	0
0	3
0	0
0	6
0	6
0	0
2775	0
4	0
11	0
0	0
0	0
0	0
0	0
0	0
0	77
0	62
7	65
0	0
0	117
0	94
0	0
0	0
0	0
0	115
0	0
0	117
0	115
0	0
1	100
0	99
0	0
54	341
2	330
41	28
36	0
0	0
0	0
0	0
0	0
1	3
0	3
0	3
6	75
25	75
0	0
0	1
261	146
0	32
0	0
0	0
0	0
0	0
0	0
0	0
0	0
0	0
1	5
0	5
50	414
0	414
17	427
0	0
0	0
0	0
0	2903
0	2903
2	1871
0	1508
0	607
4	1407
16	1502
34	219
18	1106
0	28
15	0
10	125
1	0
0	0
0	0
0	33
14	52
0	47
785	1150
0	1150
8	0
0	0
11	59
0	59
0	0
0	0
2	39
0	0
0	7
1	0
0	6
0	1
0	0
0	0
81	1298
4	1151
1	259
0	1297
10	151
0	1276
10	0
1	127
0	85
0	7
224	216
11	6
0	214
4	32
0	35
0	0
2	0
443	250
0	0
8	236
23	133
0	51
0	8
1517	1215
25	1029
11	246
19	52
8	40
4	399
68	29
0	28
8	1
0	0
0	1
181	304
2	31
45	0
0	1
0	294
1	2
14	67
10	0
33	3
0	64
0	0
9	519
9	519
0	521
0	52
0	35
21	0
18	2
0	0
2	0
0	3
0	0
0	0
0	2
0	0
26	7
147	294
0	245
4	19
7	49
17	8
41	50
0	46
70	1140
0	979
0	1146
2	1127
0	1118
3	971
0	615
1	230
6	100
1	95
6	77
23	51
0	36
0	28
85	59
1	93
0	21
0	37
386	49
639	72
57	2753
1	2304
25	2479
0	248
1	552
0	155
21	1344
0	491
1	104
8	64
15	68
66	383
18	327
3	64
3	30
12	36
0	54
3	37
3	21
0	59
0	233
2	233
0	39
0	13
0	2
0	12
0	2
1	7
0	12
2	1
1	6
0	4
0	0
4	8
0	8
0	3
2337	0
17	0
262	2427
31	2559
20	2556
0	2634
0	342
0	336
1	4
0	2889
35	2935
124	1899
3	1840
5	1833
0	1242
0	904
92	4
291	380
53	380
66	128
3	271
2	240
5	12
1	43
0	40
25	0
0	0
0	0
16	0
0	0
0	0
5	405
34	563
6	258
33	249
17	241
8	299
2	59
10	201
4	206
0	0
18	192
1	178
8	160
0	0
2	0
0	0
0	0
1	27
0	475
0	638
10	595
0	545
4	14
1	39
3	56
0	567
2	33
0	2
1	129
2	142
7	146
0	75
0	78
0	95
12	43
13	3
12	245
1	102
0	55
6	34
0	129
0	44
0	701
1	778
0	698
0	14
0	540
0	76
62	264
0	38
0	3
72	182
11	7
5	48
0	40
0	0
1	61
3	261
0	278
6	59
0	259
4	81
1	60
0	29
8	1019
4	955
2	227
12	483
1	67
54	2439
0	517
17	2065
3	1008
9	387
0	1410
13	1416
3	509
0	14
0	14
0	0
0	5
153	3900
17	3900
34	5
0	3
0	0
0	2
8	410
61	410
8	16
15	21
0	2
1	420
1	429
0	452
2	403
0	381
22	9
0	9
1	0
21	5
0	2
0	3
3	419
2	216
6	368
6	478
1	381
0	215
7	147
5	12
23	13042
119	13226
962	13722
15	8451
184	12969
0	12702
3	10856
0	10164
40	6657
0	5616
138	552
1	521
2	165
0	137
0	132
0	8
11	15
84	4279
0	4606
124	1919
2	4556
32	508
18	234
5	1220
27	988
0	1280
0	1051
2	591
0	66
511	66
4	48
5	237
0	1356
0	1878
1	1809
2	1784
0	34
3	376
4	225
1	992
34	805
3	877
7	112
0	22
8	50
1	196
1	211
1	1
5	300
0	233
5	262
0	136
1	58
0	70
20	0
1	9
63	9
2	67
1	67
861	430
2	214
0	235
0	197
0	172
1	62
0	70
1	47
69	1149
3	237
0	561
0	802
25	306
7633	16
8	0
19	0
6	0
293	1066
68	1066
0	1
0	12
0	12
0	12
0	13
0	14
1	7
0	6
5	159
0	36
11	159
0	158
3	156
4	15
282	177
2	162
5	0
1	33
1367	0
9	0
1505	526
3	221
2	213
20	84
3	10
2	145
196	0
2	258
1	490
1	366
0	46
1	39
0	31
0	21
0	22
0	7
0	14
0	4
0	0
0	2
1	13
0	13
0	1
1	1
0	0
1	125
18	216
6	177
3	56
1	15
5	28
0	15
0	22
0	22
0	22
3	17
0	4
2	16
0	0
2	6
1	0
1089	0
7	0
17	0
33	10603
10	6499
56	8287
22	7972
0	8521
1	4575
5	6525
2	4047
0	0
0	33
0	606
2	32
0	13
0	12
0	12
0	14
0	587
34	574
35	1
0	52
34	547
0	0
6	0
0	0
0	0
0	0
0	6
2	0
0	6
0	0
2	0
44	347
0	449
22	524
0	97
2	20
5	76
0	34
0	9
31	2292
10	2688
38	2606
0	2665
17	0
23	1160
1	1189
0	1194
4	178
0	1191
0	998
34	1011
0	490
7	304
11	171
2	152
4	680
0	362
64	179
56	196
33	100
0	17
1	1056
730	1425
1	9
19	6
35	0
0	335
0	340
4	398
3	88
0	91
0	20
0	15
25	56
1098	216
0	132
7	113
13	63
11	34
12	172
12	205
1	175
0	134
2	45
220	265
2	58
34	207
894	0
1	24
0	9
14	1290
10	1128
4	1251
0	1087
0	1133
11	59
1	361
0	22
0	1263
31	488
3	488
31	306
17	266
0	575
0	546
12	528
4	457
3	63
18	497
6	547
0	85
1238	0
0	0
1	71
261	169
0	169
3	143
21	88
383	1111
0	259
4	455
8	351
11	490
20	0
0	0
0	0
1	749
0	0
1	750
0	19
0	78
1	15
74	154
2	801
1	631
0	1351
0	920
149	728
1	500
3	1103
0	13
2	9
0	4
1	2
0	1
0	11
0	0
0	4
17	2717
9	1097
82	1824
31	50
0	50
0	0
0	0
2	3
1	1
0	2
2	10
0	10
0	487
1	449
3	101
0	481
19	407
0	14
5830	2
0	3
3	54
34	501
2	514
0	505
1	436
0	12
0	105
2	40
16	35
0	117
0	113
3	57
8	39
7	0
0	2
0	0
0	0
0	0
221	245
7	25
2	0
0	226
173	20
0	369
0	20
5	20
9	1
0	1
723	708
0	435
5	384
5	65
0	36
0	444
4	45
0	115
0	10
0	63
0	0
0	56
13	0
60	30
0	16
0	17
0	71
0	0
0	0
0	0
0	0
0	0
0	0
0	0
0	0
0	0
0	0
0	0
0	0
0	0
0	0
2	8954
768	11217
105	218
5	11003
4	0
6	0
2500	690
0	172
1	689
36	87
0	87
0	0
0	0
0	0
0	0
573	1745
50	1745
170	268
0	34
0	54
0	32
3	53
0	95
13	91
7	99
0	9
19	597
296	0
29	1081
15	967
35	90
6	976
364	859
44	57
175	0
4	27
0	27
0	0
25	169
0	169
1	1
35	737
29	741
0	18
6	187
0	0
4	47
0	51
9	53
3274	435
1	435
29	0
98	0
337	0
6	48
0	0
0	0
1919	788
2	785
7	3
1	45
83	65
0	46
0	1
0	6
0	2
0	6
0	6
0	2
0	2
0	2
0	0
0	0
120	1051
406	1130
12	1051
1	398
13	8
0	93
18	1
2	24
32	52
3	52
42	0
1	0
0	0
0	0
26	769
1	898
18	895
0	0
62	25
1	0
0	0
0	0
4	94
0	0
0	0
0	0
0	0
0	0
0	0
196	166
1	166
2	947
1	10
34	928
9	14
1	85
6	47
0	179
0	521
5	15
0	0
298	657
1	117
0	86
0	68
0	115
0	640
0	82
0	0
0	72
0	158
0	0
135	55
0	55
103	2086
8	2086
9	2078
2	367
4	147
0	0
0	0
180	79
1	79
0	0
0	0
0	0
21	86
0	0
0	231
0	1
0	1
0	1
0	0
6	163
0	0
0	0
0	0
0	0
0	0
0	0
0	0
0	1
0	0
0	0
0	0
3	0
2	0
1	3
22	3271
0	1996
0	3364
10	217
0	2258
1	1939
2	58
0	0
1	0
50	297
1	262
0	265
0	0
1	0
0	0
30	0
0	0
1	0
38	550
64	142
0	550
2	539
2	23
0	0
15	0
590	182
4	179
4	41
0	0
0	0
0	4
0	0
234	157
25	157
1	4
0	2
0	0
0	0
0	0
0	0
0	0
0	0
0	0
0	0
0	0
0	0
0	0
0	0
0	0
0	0
6	186
38	1307
7	1315
37	343
0	979
0	1076
0	1022
1	874
0	155
1	254
1	784
0	0
37	0
13	0
12	69
1	0
0	0
159	712
44	712
1	281
5	408
0	15
0	0
0	0
0	0
32	208
0	1295
2	789
0	786
2	823
8	407
35	2
0	254
0	83
0	1
0	1
4	0
100	312
42	312
50	2
0	2
838	1002
47	1002
6	263
4	207
34	581
1	0
0	0
0	0
0	0
0	0
0	0
53	4574
32	4516
10	141
4	242
2	363
5	348
6	3
2676	2668
46	2666
14	57
0	0
9	196
3	258
26	258
0	0
0	67
0	0
0	0
0	2
1	67
634	67
0	0
0	0
1	114
0	0
0	0
10	0
0	0
2	0
2561	5550
7	5374
3	250
1	46
3	97
13	383
20	135
5	1047
47	1047
0	0
2	60
11	0
1	0
0	0
1381	561
20	559
0	1
0	1
6	0
0	0
0	0
0	0
0	0
8	24
0	575
0	603
4	620
0	983
0	0
0	0
0	556
0	562
0	596
310	976
0	13
1	59
0	511
0	0
2	0
24	110
2	524
5	15
0	0
1	0
0	0
0	0
10	124
1	112
29	142
2	56
0	22
1	19
0	30
0	5
0	1
3	17
0	0
0	0
0	1
40	627
45	718
99	767
2	216
0	297
8	194
28	64
0	0
721	71
27	71
60	24
11	0
1	0
0	4
0	4
36	336
157	336
0	65
0	0
0	0
1	835
9	856
18	265
1	123
50	43
0	40
0	0
0	0
2	0
2	5
0	5
0	9
0	27
7	500
6	475
0	181
0	117
1	97
11	43
0	18
1	1
0	3
0	3
0	0
0	0
0	0
0	0
658	1060
62	1060
9	1176
0	1570
3	2398
1	2294
5	2775
0	2237
19	409
0	93
0	571
14	790
0	814
0	857
2	321
0	510
0	28
16	316
0	0
8	0
0	0
238	1142
2	1142
1651	346
1	284
4	62
1188	2433
16	64
1	64
1	13
4	2374
1	2226
86	766
9	196
11	41
3	179
7	235
48	318
36	2445
55	1936
2	2173
0	2365
0	2365
6	2338
19	494
10	2734
1	2847
79	2834
51	2840
20	151
0	0
2	618
7	311
5	79
0	0
0	0
397	975
2	974
0	969
0	943
0	938
0	92
0	898
0	0
0	0
2	3
1	3
0	0
0	0
0	94
0	52
0	64
394	101
0	53
5	48
649	1160
2	1152
1149	5
4	5
13	24
1	21
0	25
1	5
0	0
52	45
2	38
0	11
0	7
0	6
0	0
0	3
6	3
0	0
7	32
4	31
0	1
1	0
60	0
91	4
1	572
24	97
55	190
111	572
0	0
17	960
94	960
0	42
11	13
37	13
32	1506
205	1518
7	599
0	60
0	1
4	29
0	29
0	0
0	7
0	11
0	10
0	0
0	0
1	0
680	0
0	0
0	0
0	0
0	0
217	0
969	0
1500	0
298	389
2	168
3	229
0	69
55	195
4	189
4	163
0	126
3	47
5	8
0	18
1	25
0	0
15	377
0	3
3	56
0	377
0	347
5	360
8	32
1	9
0	92
2	7
8	11
3	44
5	9
0	0
2	1
1095	6
1	0
2294	1183
33	889
1	605
1	475
5	77
1	110
0	9
0	219
2	1069
0	1083
0	44
0	180
0	343
0	1035
0	374
0	260
1	116
51	993
0	103
1	65
0	111
2	255
0	263
2	282
0	963
0	202
0	314
2	321
8	167
1	32
1	83
5	76
12	221
2	273
3	16
0	0
0	10
1	33
0	34
0	8
0	0
1097	755
1	764
0	827
35	664
2	9
0	756
1	0
2	59
4	59
865	0
2	205
78	1657
0	1726
0	937
3	149
0	335
7	502
8359	12974
17	9899
27	3033
17	1508
4	0
2	0
1	1082
16	972
71	498
7	965
4	946
5	196
0	0
0	105
11	115
8	83
2	3
12	870
0	882
1	258
4	68
4	13
0	52
0	8
0	8
0	343
1	317
0	60
0	84
0	77
61	349
2	88
0	42
0	15
0	13
0	5
164	2
0	0
0	1
0	0
0	0
0	2
0	2
0	2
0	0
0	804
0	936
3	622
11	648
1	797
0	163
11	380
2	131
0	38
12	45
0	25
67	4973
89	5312
7	969
17	2495
9	4905
10	1729
0	4855
4	2516
4	0
3661	0
14	2023
1	2136
42	1307
9	56
0	295
2	295
4	295
723	551
5	494
0	92
9	8
2090	0
15	2795
22	1860
1	2788
0	261
64	2730
20	271
0	0
6	48
1	10
0	10
0	589
1	575
1	225
2	467
0	369
0	0
0	51
0	60
2	36
1	89
2	0
14	472
0	354
16	114
2	114
0	96
0	310
0	41
0	107
0	315
0	303
24	318
0	157
0	93
0	164
28	243
0	144
0	104
1	49
67	538
11	399
1	378
63	244
0	688
1	418
3047	941
28	678
10	168
28	46
0	46
0	0
0	0
1683	2113
0	0
0	0
0	0
0	0
0	0
5147	213
103	70
0	143
8	132
9	2
0	123
0	104
16	446
1	511
12	29
0	379
6	93
0	0
0	2
0	2
0	1
0	0
0	0
1	0
199	103
4	88
0	31
1	0
0	0
0	0
767	612
27	544
0	24
3	182
1	211
4240	735
2	735
7	0
1	0
16	559
1	538
0	558
21	371
0	220
0	0
3430	447
33	133
3	0
37	340
34	101
10	40
32	175
516	1262
8	247
1	178
7	138
3	73
1	0
37	0
1	315
0	682
0	0
0	0
0	1
0	1
0	0
0	1
0	1
0	1
0	1
0	0
0	2225
36	1561
0	1728
0	1152
0	0
0	0
673	10
5	8
0	8
0	0
1756	351
77	349
4	0
4	0
0	0
0	0
0	0
7	1089
0	0
0	0
0	0
0	0
0	0
0	0
0	0
0	0
0	0
0	0
0	0
0	0
0	4
0	1
0	4
0	0
0	0
0	0
0	0
0	0
0	0
0	0
0	0
0	0
0	0
0	0
0	0
0	0
0	0
0	68
1	69
0	68
0	3
0	0
0	1
0	1
0	0
0	0
0	689
1	95
0	598
57	138
1	473
0	129
59	957
0	935
0	0
0	0
5	27
2	500
5	31
0	6
0	6
3	1082
0	1173
0	1166
2	85
4	140
5	573
3	690
0	690
1	690
7	54
0	207
1	31
1063	680
1	156
72	280
15	332
3	275
0	166
0	0
1119	5464
637	5464
479	0
1	4253
141	3
26	3
0	121
0	117
2	70
0	121
2	1873
2	1717
0	1874
2	426
0	1705
1	1398
0	1957
0	1867
0	0
0	0
36	754
0	340
28	14
0	24
0	0
0	0
192	0
0	1
0	3
0	0
0	0
208	122
17	122
0	49
0	0
0	0
0	0
0	0
0	0
0	0
2	0
10	3131
3620	189
12	7
0	3195
1	8
4	4
0	0
0	1
63	0
29	0
67	2
0	2
5	505
7	2667
0	2774
26	843
1	14
24	493
64	1
89	11
14	0
0	0
0	1875
5	59
28	234
0	1718
0	1793
8	222
0	110
22	709
1	193
4	132
34	0
4	72
7	1568
0	1566
14	1598
12	917
0	504
0	405
1	95
1	132
0	109
90	6
0	0
0	0
0	0
0	0
0	0
0	0
0	0
168	423
0	423
0	2
1	42
8	0
14	77
37	1
25	0
1	19
0	19
419	985
38	518
197	717
54	646
0	316
4	118
0	0
0	0
57	0
0	409
26	0
1	0
94	0
0	0
51	0
0	0
4	33
0	0
0	0
0	0
0	10
1	10
0	0
0	0
1	0
0	0
0	0
0	0
0	0
0	0
0	0
0	0
0	0
0	0
0	0
0	3
0	3
2	4
0	2
0	0
2	0
0	0
0	3
0	83
17	83
299	0
0	9
0	9
0	0
8	141
1629	804
3	601
0	576
1	336
4	0
120	654
0	627
1	655
7	116
23	0
1	41
0	0
0	7
0	7
0	0
1	0
0	0
0	0
0	0
6	3
74	104
1	102
0	20
0	0
162	71
0	15
0	43
2	0
0	21
7	48
0	48
10	15
0	0
389	78
1	17
2	16
1	3
2	17
0	27
182	0
0	0
0	0
0	0
0	0
0	0
0	0
0	0
0	0
0	0
0	0
0	0
0	0
0	0
0	0
0	0
0	0
0	0
0	0
0	0
0	0
3	0
0	2
0	47
3	13
12	100
0	123
198	98
0	36
0	0
1	2
0	8
0	1
0	32
4	10
2	54
4599	1465
3	1108
0	448
0	357
1149	1097
3	474
4	1023
5	215
1	932
0	856
5	38
5	142
0	896
0	116
7	0
1	58
320	64
0	50
6	14
1787	0
1059	180
3	175
8	164
11	0
341	617
0	617
1017	1946
3	1985
273	1719
1	0
0	1420
5	108
0	1406
0	220
1	2359
0	1401
5	2
1	1171
47	0
0	266
14	0
0	0
0	1
0	1
0	0
0	0
1	0
0	0
0	1
21	25
2	25
0	0
155	2462
28	2323
0	845
1	592
0	746
23	519
2	103
0	0
16	0
0	7
9	380
2	32
1	211
0	338
1	27
0	0
7	15
0	79
3	79
14	639
9	62
6	56
0	595
0	55
0	112
548	566
0	90
6	65
0	41
0	36
0	420
2	421
0	324
0	272
1	266
2	246
0	213
0	192
2	170
1	69
0	17
2	1574
1	1209
77	78
54	321
1	1457
31	0
8	100
47	0
1442	1023
69	866
1	277
0	220
7	473
6	684
613	1417
35	0
5	1417
2	607
0	0
44	3
0	3
0	0
955	282
5	54
1	54
0	48
0	49
0	236
15	0
103	962
11	983
0	503
17	165
0	134
0	382
37	28
2	343
0	29
76	21
2	1
787	723
6	535
0	450
2	97
1	457
14	110
51	48
0	87
0	137
191	841
0	69
6	571
0	227
0	274
6	386
4	421
8	2813
75	2817
1	200
19	105
163	13
2	13
0	8
0	58
0	96
2	100
0	0
1	5
0	5
12	315
0	140
5	1299
0	1106
3	1226
0	6
0	220
0	361
0	273
6	0
0	149
0	159
0	287
0	260
0	70
0	206
26	81
0	0
0	19
6	4
12	60
0	60
0	0
0	0
0	0
0	0
83	582
11	483
0	112
0	0
0	98
0	65
0	402
2	462
21	411
0	68
0	366
2	10
0	80
0	44
0	0
0	63
0	0
2	18
0	18
4	46
0	0
1	5
0	6
0	6
0	1
0	1
0	1
0	0
0	1
1	0
0	1
0	0
0	0
0	0
0	0
0	0
0	1
0	1
824	2
205	204
4	17
7	144
7	77
2	55
6430	45
11	39
45	517
2	726
0	612
1	231
5	462
0	119
2	41
0	22
61	629
268	1219
0	725
1	322
0	259
7	157
30	191
1	163
2	57
0	92
0	0
139	0
0	0
0	0
0	0
0	0
0	0
0	0
0	0
0	0
0	0
1	2
0	0
0	0
0	0
0	0
0	0
154	18
0	18
0	0
0	33
0	241
0	241
0	256
2	246
0	41
0	41
0	18
0	80
0	2
1	0
93	284
0	81
3	89
2	37
3	39
0	177
1	12373
1	11862
9	12147
57	2307
5	11450
0	457
0	1030
78	0
0	393
15	529
60	89
56	3545
1	0
0	445
0	0
0	569
0	1
0	1
53	2624
7	61
52	1543
73	0
2	25
0	16
0	25
1	1
0	1
0	0
1	0
11	619
1	0
0	452
1	452
7	10
7	208
2	19
2213	1013
6	331
0	560
0	0
25	58
0	0
0	0
0	0
0	0
3	0
0	0
0	0
0	0
0	0
0	0
0	0
0	0
0	0
0	0
0	0
10	14
0	0
0	0
0	0
0	0
0	239
0	0
0	0
0	0
0	4
0	4
0	4
0	6
0	7
0	0
0	0
0	0
0	1
0	1
0	0
0	0
0	0
0	0
0	0
29	464
0	0
0	0
0	1
0	0
0	0
0	0
0	0
529	457
3	66
11	0
20	391
5	0
0	0
3	0
82	1560
0	0
0	0
1	0
0	0
0	0
0	0
1	0
0	0
539	2
1	2
18	0
0	110
0	163
0	155
1	155
0	85
0	70
0	0
0	0
7	0
0	0
2	472
3	287
0	468
4	63
4	99
1	4
10	9
0	1
25	100
15	75
0	101
0	79
28	66
0	80
3	15
77	1
0	20
0	19
0	0
0	0
0	0
0	0
0	0
0	0
0	0
0	0
0	0
0	0
0	0
0	0
2	28
0	83
0	17
0	33
1	8
89	133
12	19
2	75
7899	2
12	0
2064	1999
14	262
6	1312
2	1717
17	1012
13	289
0	0
0	21
1	10
59	0
0	8
0	13
0	13
0	14
0	0
2	346
0	1151
70	1191
0	83
0	304
2	157
46	500
0	531
7	14
89	439
0	232
3	50
0	130
3	5
3	13
1	8
0	8
0	1
0	0
0	0
2310	6
0	0
0	0
0	0
0	0
0	0
0	0
0	0
0	0
0	0
0	0
0	0
0	0
0	0
0	0
79	10
2	10
1	1
0	1
95	413
2	349
1	317
1	1
0	1
0	3
0	20
0	2
0	2
0	2
0	0
0	0
1	0
0	0
51	272
0	270
0	83
1	32
0	23
0	0
0	0
0	0
0	0
0	0
0	0
21	50
1	50
0	0
2008	443
1	337
0	184
2	75
3	10
47	1442
102	1442
0	0
0	9
0	8
2	9
103	281
5	281
0	0
0	0
1	0
0	0
0	1
0	0
0	0
0	1
0	0
0	1
0	0
0	0
0	0
0	0
1	0
0	0
0	0
2	2276
141	2204
1	2051
0	1894
1	75
0	72
5	53
0	0
0	0
5	714
27	302
0	581
0	485
3	57
6	119
1	255
0	260
0	36
1054	524
0	422
0	151
6	178
76	181
4	181
0	17
0	19
0	17
0	17
0	14
0	14
0	16
155	0
0	99
0	89
2	104
3	84
0	12
2	2
1	21
0	17
7	2
3	2
1	0
0	4
0	5
1	2
488	254
2	12
9	242
2	1144
182	1230
0	1225
1	38
18	69
0	0
0	0
2	52
0	52
18	52
0	61
2	55
113	760
6	755
30	680
11	370
4	280
12	440
68	440
6	21
0	47
21	37
41	37
0	0
0	13
0	10
0	11
0	14
0	3
0	0
0	0
0	0
0	0
0	0
0	3
0	3
0	3
0	3
0	3
672	1036
33	1036
1	1011
23	242
61	143
0	212
14	1
0	0
1332	0
1797	229
4	229
0	0
9	0
0	2
0	2
0	1
6	2376
417	0
0	0
4	0
7	0
0	0
54	857
1890	1257
1	322
12	46
0	62
4	156
28	308
10	17
1	15
2	9
0	261
7	257
1	113
0	160
1	179
4	40
0	0
0	96
0	97
0	94
0	82
0	95
7	115
0	140
4	144
0	150
0	0
0	0
0	0
313	94
8	94
3	78
0	1217
0	1217
21	41
1	1
0	1
0	0
41	213
5	266
39	341
0	48
0	124
0	104
0	111
2	34
0	24
0	4
849	0
1	0
0	0
1	1780
5	322
6	0
3	180
1	180
11	487
8	678
81	1641
12	1626
1	1250
2	133
11	329
6	153
1	193
0	1
0	1
931	0
3	2
1	2
0	0
0	530
0	673
307	1108
0	518
1	484
0	690
2	466
5	0
16	532
3	515
3	45
0	0
0	40
3	26
0	0
0	0
0	0
0	29
0	24
1	32
0	23
4	8
14	9
0	0
0	0
0	0
382	0
28	242
6	242
5	34
5	41
0	37
0	504
0	1206
24	1302
0	602
1032	1455
0	0
20	11
23	6
1345	1142
17	1074
3	48
5	366
11	46
2	56
9	211
22	127
29	79
5	32
3	59
109	69
2	384
2	418
1	24
0	51
132	627
13	511
2	566
1	51
0	105
2	18
0	82
158	414
81	320
32	115
0	144
390	533
2	251
7	466
2	172
20	275
3	127
0	111
2718	3846
144	3846
14	0
15	386
3	371
0	396
4	373
53	366
0	337
0	0
175	0
22	29
2	0
10206	18833
0	18825
5	3385
59	210
6	210
4	125
4	32
0	32
0	2
79	4321
0	4056
0	4291
0	749
9	677
10	177
1	0
70	804
10	804
2	169
1141	586
0	586
6	50
0	0
1	0
1218	318
1	10
1	209
4	111
11	194
93	1446
6	1331
71	499
1	249
7	140
437	337
0	297
4	69
200	0
3	475
5	310
0	495
3	224
60	234
6	133
3	17
1	20
0	0
1	0
5579	7617
1	7615
1	124
102	316
0	1852
0	3046
2	3063
0	280
0	1449
0	1784
0	1355
1	414
0	683
0	2917
0	79
0	164
22	1478
1154	4
20	238
0	247
30	310
2	110
11	85
2	51
0	7
0	45
420	2628
2	133
8	896
1	2267
0	340
12	386
0	384
0	0
36	835
1	281
0	106
9	1343
36	51
0	0
1	928
1913	17
15	17
0	0
0	0
0	0
0	0
1	3436
0	0
0	0
0	0
0	0
0	0
13	0
2	0
0	0
0	2
42	3435
241	0
40	0
0	0
0	0
0	1
0	1
0	0
0	0
0	0
0	0
0	0
0	0
1940	9
3	9
163	95
0	95
28	62
0	62
0	37
10	237
0	4
19	302
0	172
1	130
6	48
0	104
0	59
0	69
20	46
8	33
0	18
0	18
0	18
0	0
0	1
0	1
122	3315
189	3327
31	3547
19	1326
11	362
0	382
0	281
11	363
8	345
64	5
0	2364
8	2344
1	13
0	84
1269	3434
0	148
139	2922
0	0
0	0
10	83
12	126
2	0
7	0
0	503
5	126
0	1384
0	1384
2	0
368	337
855	335
9	252
2	0
242	113
0	113
0	0
9	1116
6	1116
19	305
0	0
19	9
166	267
11	267
0	0
0	0
0	0
0	0
0	53
60	53
1	10
473	10
0	0
67	0
0	0
0	0
0	0
2	13
0	12
0	0
2	797
3	888
0	698
0	640
65	777
7	192
304	281
4	281
0	26
0	21
0	48
2	26
0	42
3	143
11	144
0	0
1	32
6	9
3	0
2584	2140
59	2140
21	418
0	0
146	343
0	0
92	0
0	1611
2	239
0	102
249	1780
3	99
0	160
0	201
0	246
0	1593
0	285
8	348
0	625
4	16
4	40
8	1168
36	1168
3	92
25	76
1	236
239	236
0	6
0	0
0	32
1	12
0	0
341	698
4	124
1	275
883	1189
0	1189
0	0
26	0
28	1270
2333	2393
28	1166
0	185
0	0
0	273
0	179
0	649
0	0
0	0
0	0
0	0
0	1
0	1
0	1
0	1
7	93
654	996
0	988
1	9
0	9
2984	4985
11	2309
6	3150
1	4421
0	0
1788	1229
34	994
8	784
1	828
0	123
0	0
0	203
0	381
24	528
0	127
4	281
0	0
30	671
0	663
0	0
4	466
26	8
24	725
0	988
0	727
0	894
4	441
0	89
0	80
0	97
0	90
0	383
6	1
0	65
10	0
0	116
0	21
3	119
14	195
22	169
1	277
1	229
0	285
1	228
0	0
0	0
6	1207
5	1226
52	202
1510	0
535	0
0	0
0	0
9	120
0	120
9	0
606	1046
4	54
0	992
35	82
5	90
0	69
17	4279
1	4281
254	4230
18	83
1	206
1	21
533	93
10	93
0	654
0	0
0	0
0	0
0	12
3	15
0	15
0	5
0	0
0	0
0	0
0	0
0	0
0	0
0	0
27	754
327	756
0	0
0	0
0	0
0	0
0	0
1	0
2	12
0	10
0	11
0	2
0	2
1	0
0	0
51	273
1	220
48	257
3	220
12	55
3	3
29	85
0	3
0	0
0	82
0	0
83	278
11	238
13	238
67	111
3	111
14	16
0	0
0	17
0	0
2	0
6	0
0	39
0	0
0	0
0	0
36	111
242	113
0	0
6	65
0	0
0	0
0	0
2	0
0	0
59	0
0	0
3	299
69	335
1	287
1	264
4	187
1	106
0	79
7	2
1	208
0	49
0	169
15	172
1203	0
20	23
4	23
932	123
0	123
0	2
0	2
0	0
0	0
0	0
16	40
0	40
2	0
0	560
1454	560
28	1750
42	997
2	1575
199	1257
0	0
0	0
938	0
0	0
4	481
18	472
0	96
0	0
15	10
1	10
1315	391
8	42
30	0
0	349
0	0
25	279
170	338
11	59
12	0
0	0
611	1104
20	400
22	492
10	270
26	689
58	223
0	0
0	0
0	0
0	0
0	0
0	220
0	170
277	1340
3	123
3	791
2	879
0	0
48	545
11	545
0	19
0	83
0	11
0	11
0	74
3	77
0	23
12	4
0	4
0	0
0	0
0	0
0	0
0	0
172	5143
17	5221
94	5203
0	5333
0	329
7	118
10	400
13	81
42	415
294	604
0	593
3	68
0	12
15	0
3	351
3	366
0	366
0	21
0	26
0	33
6	1060
0	0
0	18
26	18
1	0
0	130
203	130
1154	105
0	105
8	0
368	50
5	50
10	35
222	1092
0	1086
0	508
0	65
0	97
0	1
55	97
1	1814
13	1761
3	1037
0	198
63	88
1	61
12	0
4	291
10	228
8	169
18	21
0	172
2	166
289	663
15	641
3	624
0	33
1	57
0	0
848	501
1	347
2	195
2	161
1	0
0	0
67	0
2	0
0	404
0	404
0	1734
41	1731
0	57
0	297
0	972
0	68
1	60
4	0
0	0
0	0
0	0
8	0
92	0
0	0
671	1130
4	0
0	1130
2	0
4	1118
0	0
2	27
14	122
0	158
0	306
25	340
0	120
1	47
11	0
0	0
2	0
23	26
0	113
0	24
1	10
0	0
235	726
15	631
2	267
9	409
0	105
0	180
0	98
3	128
794	8129
22	7872
13	260
1	3614
3	3862
6	5162
2	3794
3	0
0	0
0	0
0	482
483	803
110	19
0	85
7	791
9	260
4	138
0	0
0	0
26	101
49	32
36	123
1123	0
0	0
179	364
0	45
0	331
0	378
0	362
0	131
0	127
4	276
25	241
0	197
0	112
5	144
0	107
16	37
0	33
0	60
112	0
288	2
5	0
1	4
0	4
0	0
0	0
0	0
0	0
0	0
0	0
0	0
0	0
0	0
0	0
426	96
1	57
9	6
4	37
0	28
0	51
460	2807
80	4
139	2631
6	1215
0	1269
1348	865
12	757
12	36
1	68
10	0
0	0
2	0
0	10
15	11
0	11
0	1
6	923
13	862
0	186
0	657
0	677
0	727
0	179
4	48
0	0
4	11
3	17
0	0
88	216
546	426
2	0
1	0
1	0
911	99
1	99
0	0
0	0
1	0
1	0
0	0
1	0
6	0
0	83
2	241
35	266
0	85
0	212
0	24
0	24
0	50
1	153
11	9
0	142
0	0
5	12
0	44
0	115
1	40
0	41
0	14
430	137
0	137
322	218
0	42
0	58
2	103
0	84
4	0
0	0
1	0
2	2119
51	2042
0	99
68	371
0	2009
7	4
0	168
103	954
0	15
1	339
1	0
8	1803
330	2199
12	477
4	1698
163	1698
0	0
0	0
68	0
299	211
0	88
0	123
0	0
35	335
16	319
1	36
23	217
0	107
2	66
0	15
6	24
2	12
0	0
9	2979
74	2979
26	320
0	2358
3	109
1	81
0	51
1	107
0	1139
0	0
1	766
0	110
17	718
0	150
1	28
17	1935
431	2486
15	1033
0	1143
21	1325
0	798
1	397
0	457
10	449
150	615
2	615
0	33
1	0
1	180
3	83
348	178
0	1
0	1
0	0
168	416
2	419
0	357
0	53
0	40
1	35
1	4
0	79
4	0
0	1
0	1
8	6
1	6
0	0
4	227
0	450
19	349
6	445
12	0
0	0
0	30
0	0
1	0
4	0
34	6833
152	6815
2	6287
364	992
572	244
352	233
44	0
0	0
367	0
0	589
0	2062
0	2256
0	132
0	2020
63	1849
1	599
5	78
4	785
0	385
3	76
0	300
5	307
3276	11245
13	5470
0	7100
76	6599
0	0
7	3496
0	0
0	15
0	14
0	14
0	0
2	0
0	0
3	3
0	2
0	3
0	0
0	0
0	1
967	179
0	0
941	1220
1	810
103	1214
3123	1624
36	1595
0	246
1	10
37	25
4	34
0	0
0	33
1	34
0	1
0	9
0	1
0	0
2	538
0	56
6	14
2	496
0	507
24	311
0	94
26	130
18	62
0	127
0	15
0	118
3	17
0	19
0	104
2	102
2	2
0	11
17	356
0	374
0	354
8	347
4	353
0	353
4	216
0	18
0	58
7	39
0	9
1	22
7	33
41	588
11	191
7	570
0	91
0	0
7	104
0	61
9	14
108	720
0	112
3	65
0	63
1	120
0	54
0	13
12	25
8	418
0	396
5	28
0	93
7	236
0	79
117	1178
1	1178
10	5880
8	5127
86	5815
0	5560
800	6180
0	4232
0	242
0	1477
7	17
6	827
4	4
0	0
0	0
155	79
0	79
0	38
5	220
1	536
0	543
0	43
0	533
0	32
0	127
5	531
1	64
0	38
0	0
126	1443
1	1443
2	33
1	157
1	165
2	117
0	2
0	7
0	7
66	183
30	183
1	133
3	0
0	0
0	0
0	0
0	0
0	0
0	0
0	0
0	0
0	0
0	0
0	0
0	0
0	0
0	0
0	0
0	0
0	0
0	0
0	0
0	0
0	0
0	0
0	0
0	0
0	0
0	0
0	0
0	0
0	0
0	0
0	0
0	0
0	0
0	0
0	0
0	0
0	0
0	0
0	0
0	0
0	0
0	0
0	0
0	0
0	0
0	0
0	0
0	0
0	0
0	0
0	0
9	36
1408	38
0	0
1	0
2	0
2	0
3	0
148	158
6	136
7	79
5	0
0	77
0	77
0	31
243	98
0	98
1	0
536	824
5	156
9	666
0	1
2	6
0	2
1213	0
0	5
5	1512
5	1524
1	218
0	0
13	37
43	1546
0	0
59	1546
0	0
0	0
2688	360
0	197
1	189
1	116
0	0
2	0
0	0
0	40
0	38
2	40
0	24
0	1
0	1
619	830
1	71
9	830
0	122
66	196
0	647
0	647
902	2
7	2
3	0
997	0
0	1950
0	1913
37	2052
3	1882
50	2105
6	12
1	68
51	71
7	57
14	5
0	4
55	207
31	48
3	37
24	21
665	0
26	0
0	0
0	8
1	8
0	8
5	60
96	253
656	229
61	224
383	1347
4	977
2	306
1	348
7	60
5	177
1611	0
663	72
0	0
7	72
1663	2
1457	399
83	359
0	0
0	25
0	23
0	25
0	23
0	27
0	25
0	3
0	25
0	0
0	1
0	0
0	1495
29	1561
0	1561
30	0
0	0
0	0
0	0
0	0
154	0
0	68
3	76
0	51
0	155
58	222
0	41
67	78
0	180
0	17
0	4
0	3
0	0
0	13
0	0
0	0
1179	2
1469	2153
30	2153
0	0
0	0
1	8
0	8
0	8
83	189
0	189
639	0
0	8
4	0
7068	20
3	0
53	28
11	28
36	0
2860	763
1	751
176	0
235	395
16	395
39	163
0	18
0	0
0	0
7	1803
0	1447
45	1845
0	1418
56	1249
0	1638
0	42
0	98
4	1535
0	1544
0	1359
0	1182
0	1320
0	1270
0	1472
0	1020
0	968
15	0
0	1137
0	1194
0	1082
52	17
3	561
0	181
5	97
0	249
0	214
0	36
1	0
0	90
0	0
0	0
47	142
17	261
0	0
527	441
5	398
0	0
0	0
0	0
3845	13533
4	12549
8	1348
0	1757
0	0
0	0
0	0
0	0
0	0
0	0
0	0
0	0
0	0
0	0
0	0
0	0
0	0
0	0
0	0
0	0
0	0
0	0
0	0
117	77
0	47
0	39
0	21
189	45
2	21
18	10
36	0
132	0
0	0
0	0
0	0
0	0
0	0
1	0
0	0
0	0
0	0
1	0
0	0
0	0
0	0
0	0
0	0
0	0
0	0
0	0
0	0
0	0
0	0
0	0
0	0
0	0
0	1
0	0
0	0
0	1
0	0
0	0
0	0
0	363
3	37
1	374
0	583
239	636
0	14
0	50
0	54
0	392
1	0
2	380
0	0
342	384
95	72
29	333
27	51
0	0
19	50
0	50
2	1
0	0
0	0
0	0
78	629
0	637
4	506
4	131
11	131
0	0
27	1360
19	0
0	1360
2	69
0	60
0	70
0	0
2	39
7	191
0	0
261	1970
5	1695
40	719
3	718
0	599
0	75
153	526
12	319
11	363
3	2
0	333
14	162
2	331
0	300
4	119
9	175
0	188
0	0
0	0
0	0
0	0
10	151
0	94
3	144
0	0
0	0
0	0
0	0
0	0
0	1004
14	1004
0	969
1	5
0	185
2	75
0	101
14	321
0	251
253	958
16	827
49	191
30	56
0	0
419	0
0	2
0	76
1	101
0	42
0	2
5	62
0	95
0	0
119	3
0	0
561	3
8	0
0	0
0	0
0	0
0	0
20	0
1	0
1	0
6622	0
61	29
0	108
87	1892
2	94
2	1885
0	0
14	1397
0	1361
3	154
47	17
0	17
521	841
3	187
50	661
1	290
9	271
21	0
19	0
66	3740
0	3850
6	1037
0	1372
0	1332
0	1332
0	0
1	0
16	273
1	200
208	362
11	0
48	10
0	10
3	75
3	75
1	0
1	11
0	0
0	0
0	0
0	0
0	0
0	0
15	81
8	27
0	78
1	0
0	0
4	3
0	2
0	3
0	3
1	0
1223	491
2	491
77	71
22	66
0	0
0	0
0	0
0	0
0	0
0	0
0	11
0	15
0	13
0	9
0	0
0	0
0	1
0	1
0	0
0	0
0	0
0	0
0	0
0	0
0	0
0	0
0	0
0	0
0	0
0	0
0	0
0	0
0	0
0	0
0	0
0	0
0	0
0	0
388	0
1	837
2	843
0	229
5	235
0	637
33	115
50	39
0	0
205	112
157	0
0	32
0	32
0	0
1	0
0	0
0	112
0	110
0	0
2	2071
5	2088
0	73
15	2038
0	68
0	40
0	212
0	54
17	1341
1	573
2	701
0	671
4	646
0	528
0	473
14	53
5	244
0	115
15	132
10	221
8	11
59	813
7	813
5	84
49	39
2	27
0	1
0	0
0	0
0	0
0	0
1	0
0	0
0	0
0	0
0	0
0	0
1	0
0	527
0	635
0	74
1917	723
0	108
76	39
31	10
0	0
5512	5052
0	4686
1	447
0	0
0	0
0	0
0	0
0	0
0	6
0	6
223	1622
18	1511
8	265
2	414
0	0
1654	993
0	991
1	899
4	41
6	83
0	72
0	0
0	0
0	0
0	0
0	0
0	0
2	16
5	96
1	83
0	48
0	0
0	0
1989	0
0	0
0	0
0	0
0	0
0	0
10	761
35	708
0	552
1	291
4	12
41	8
9	850
248	788
9	194
0	47
2	90
0	47
1	13
0	1
0	0
2	5
0	5
0	4
0	1
0	1
0	2
0	2
0	0
0	0
0	0
101	865
2	712
4	79
0	104
0	0
0	0
148	0
487	457
4	238
5	78
0	163
0	1008
1	1008
0	1033
0	525
33	0
2	64
2	84
11	27
17	0
15	768
120	1167
9	372
47	104
0	846
30	1048
3	822
0	784
0	193
1862	3520
1	754
0	203
0	194
1	51
0	0
0	0
0	55
0	3
0	0
0	0
0	284
0	2
0	0
9	940
0	2
0	7
7	697
0	734
5	556
0	1486
0	14
0	1389
119	145
0	5
0	0
3	0
0	9
10	95
9	30
0	0
0	0
1	0
3	35
74	15
0	38
0	0
0	0
0	0
27	235
3	232
0	235
0	0
0	0
0	0
0	0
0	0
0	0
0	0
0	0
4	310
761	321
1	101
0	0
0	0
0	0
1	30
2	152
0	152
2	1
0	0
1	0
0	9
0	0
0	0
0	0
9	735
0	0
0	0
0	0
0	0
0	0
0	0
1152	529
21	63
9	341
5	205
0	197
3	420
2	266
0	0
14	22
8	0
11	66
0	66
0	66
0	9
0	4
0	0
0	0
0	0
0	0
0	0
0	0
0	0
0	0
0	0
0	0
6	31
20	27
0	8
0	0
0	6
0	0
0	0
0	0
1	5
0	28
66	34
0	0
2	0
0	0
0	0
0	0
0	0
0	0
0	0
0	0
0	0
0	0
0	0
0	0
0	0
0	0
0	0
0	0
0	0
0	0
0	0
0	1
0	1
0	0
0	0
0	0
0	0
1	0
0	0
0	0
0	0
0	0
0	0
0	0
0	0
0	0
0	0
0	0
0	0
0	0
0	0
0	0
0	0
0	0
0	0
0	0
0	0
0	0
0	0
0	0
0	0
0	0
0	0
0	0
0	0
0	0
0	0
0	0
0	0
11	743
266	859
8	778
5	0
0	605
0	0
0	0
0	0
0	0
0	0
0	0
0	0
0	0
0	0
0	0
0	0
0	0
0	0
0	0
0	0
0	0
0	0
0	0
0	0
35	0
1	651
0	0
0	0
0	0
0	0
0	0
0	0
0	0
0	0
0	0
0	0
0	0
0	0
0	0
0	0
0	0
0	0
0	0
0	0
0	0
0	0
0	0
0	0
0	0
0	0
0	0
0	0
0	0
0	0
0	0
0	0
0	0
0	0
0	0
133	39
0	50
0	65
8	0
0	0
0	0
481	1327
6	1328
1	741
7	30
114	76
17	68
9	2
3	668
1	727
18	685
1	672
0	598
6	509
0	441
0	63
0	57
0	109
0	25
5	64
2	48
0	0
2029	1971
17	1954
9	434
9	87
13	126
39	23
0	9
2	9
143	287
4	271
4	22
0	184
25	0
4	8
3	15
0	14
0	6
0	10
7	3
0	8
6	264
7	157
1	236
0	169
0	195
1	207
0	56
16	7
2	1037
13	1694
1	1647
0	591
4	1099
5	139
3	936
1	906
8	557
5	1093
0	479
898	0
0	12
1	12
1	12
0	0
348	519
9	519
0	0
0	0
0	0
0	183
56	205
4	54
2	99
0	51
34	0
53	653
0	128
72	330
0	56
0	224
4	590
0	0
0	49
0	0
0	0
1148	1278
0	1278
21	347
10	400
0	4384
121	4395
0	4367
11	315
0	4137
0	0
3	377
20	2
344	27
0	27
0	0
9	0
150	665
6	248
1	328
2	265
0	215
32	421
1	186
0	29
24	39
521	39
0	0
0	2
1	2
5	0
0	0
5	0
0	6
0	3
7	372
1	1668
28	443
21	1480
3	435
4	237
3	82
0	102
0	1696
0	0
7	0
8	1488
0	1677
0	1798
0	1831
27	307
27	29
1231	1798
21	1454
0	960
39	82
4	81
2	7
0	85
0	59
0	0
2	0
0	0
0	1587
13	1545
59	1402
1	1092
1	1038
3	7
0	0
0	0
126	1242
5	1124
41	115
7	33
3	258
10	613
4	593
3	136
15	117
0	157
0	87
1	9
1	248
1	220
1	92
9	2750
98	2998
53	3116
6	235
5	885
0	0
3	2248
6	170
0	2205
35	317
82	2212
12	355
11	66
22	17
1	218
20	171
0	0
3	1432
1	1396
37	1293
0	1394
2	191
0	1329
0	44
0	1422
0	1350
63	4
5	64
1	285
1	657
20	190
0	55
11	176
1	0
90	448
2	60
8	69
10	56
0	187
1	279
3	106
0	89
0	42
13	44
2	86
0	4491
50	5057
6	5117
6	579
0	5196
0	5115
0	4228
13	2237
0	4054
1	1
0	374
4	1939
95	972
0	0
1	186
5	317
36	317
0	283
1	184
0	46
0	40
0	36
0	35
1	0
0	1123
20	1074
1	1088
4	1087
5	1052
0	64
9	37
3	81
8	5
3	23
5	789
22	781
7	774
6	739
908	0
0	0
0	0
0	9504
2	9402
58	9270
14	6109
1	0
1	0
508	7158
1	2724
1	7146
47	2931
1	1893
120	334
36	3362
183	339
25	227
3	169
2	212
0	95
458	1056
0	1056
5	18
8	1146
22	485
4	1140
1	96
0	0
12	194
3	490
20	0
5	288
5	141
0	0
105	4985
8	4846
0	655
15	385
1	312
12	415
63	519
13	518
11	252
3	489
1	419
40	44
7	35
0	35
2	6
0	31
0	35
3	61
3	58
0	28
298	4
11	0
1	0
0	111
0	113
0	109
1	101
0	105
0	10
0	14
0	5
0	5
0	2
30	3223
76	3246
75	3173
8	577
49	263
14	5
0	1
1	5
0	27
22	134
5	140
2	108
27	24
0	0
27	0
1	506
11	556
9	556
1	224
9	0
0	0
35	9050
3843	10161
1	2704
4	7224
0	4277
0	1177
125	1177
1	580
9	426
5	425
0	0
4	1
1	1
118	1969
0	1969
0	1942
4	1879
10	1899
0	0
40	155
0	155
1	0
5	5224
0	0
0	0
1	0
0	0
0	0
12	16
0	16
112	405
19	33
16	546
0	461
87	392
0	30
41	0
285	0
3	0
573	123
4	123
59	0
18	27
45	0
14	0
0	86
0	0
1811	289
8	179
0	69
59	6
0	60
3	33
11	0
1	0
5	239
9	12
3	10
0	3
0	10
153	668
0	565
2	128
0	0
28	1
11	339
2	341
0	52
0	344
1	51
0	0
0	296
0	34
0	32
0	39
0	161
7	42
0	117
0	0
2	76
0	0
67	29
0	8
0	21
0	0
0	0
0	0
0	0
0	0
0	0
0	0
0	0
0	0
0	0
0	0
0	0
0	0
0	0
1	621
10	550
0	646
7	337
1	42
1	12
2	0
0	0
0	0
0	0
0	0
0	0
0	0
0	0
0	0
0	0
0	0
0	0
0	0
0	0
0	0
0	0
0	6
715	180
220	180
9	0
0	1
8	4588
3	4745
2	52
24	49
44	933
73	4186
8	2
0	6
0	0
120	161
63	105
0	0
0	0
252	33
0	33
0	0
0	0
0	0
0	0
0	0
0	0
3	49
0	0
0	0
0	0
0	0
0	0
0	0
0	0
0	0
0	0
0	0
0	0
0	0
0	9
0	9
0	7
0	5
0	1
0	0
0	1
0	0
0	0
0	0
0	0
0	0
0	0
0	0
0	0
0	0
0	0
13	652
1	845
0	920
15	154
0	186
0	290
2	128
5	112
7	250
41	480
4	572
0	614
9	15
5	137
6	13
3	80
1258	615
26	615
35	0
0	1566
0	1244
24	377
0	1549
0	493
0	103
171	80
29	0
0	68
0	63
2	69
2	30
2	0
0	0
971	465
2	269
0	467
0	229
0	0
0	0
0	0
0	0
0	0
0	0
0	0
0	0
0	0
0	0
0	0
0	0
4	0
1	0
0	0
0	0
0	0
0	0
2	0
1	0
0	0
0	0
0	0
0	0
0	1
1	1
0	1
0	1
0	1
0	1
0	1
0	0
0	0
0	0
0	0
0	0
0	0
0	0
0	0
0	0
0	0
731	878
26	878
13	218
0	0
0	0
0	0
0	0
0	0
1061	18
30	9
0	9
40	106
0	106
8	0
0	0
2	1050
840	1113
0	869
0	457
1	781
0	0
1	0
6175	4162
0	1
61	3596
129	71
0	559
24	1312
24	1920
0	10058
0	10742
16	9523
5	4230
8	306
9	5994
14	755
18	1044
14	811
26	123
0	0
11	0
10	133
361	318
0	336
38	113
0	277
0	913
1	916
8	60
0	892
11	151
47	89
25	49
0	15
16	687
1	35
5191	3947
39	3532
40	395
60	0
64	0
348	0
0	0
1	0
1	0
0	0
0	0
0	0
0	0
57	0
0	0
2	638
0	0
0	0
0	0
0	0
12	0
331	4131
6	57
0	0
3	54
0	2456
155	4003
0	115
116	140
3	21
0	18
0	21
0	0
0	0
0	0
0	0
0	0
148	47
0	47
0	0
15	0
30	0
0	0
22	0
23	0
0	0
1	0
35	16
4	0
1	630
908	901
6	628
0	701
0	189
5	0
0	0
0	0
23	0
9	0
0	0
0	0
0	0
0	0
0	0
0	0
30	1742
0	0
0	0
0	0
0	0
0	0
0	0
0	0
0	0
0	2
0	2
0	22
0	31
0	20
0	31
0	30
0	26
3	0
9	0
0	0
0	4
3072	1439
44	1480
8	1029
25	912
9	876
12	447
2	624
0	604
12	147
10	42
68	42
0	5
1	19
0	21
7	13
32	9
43	446
0	446
0	107
0	0
405	425
1	441
0	428
5	306
0	0
0	140
2	88
1	39
0	1008
1	639
6	623
21	681
0	681
0	686
0	725
6	95
0	109
27	10
0	248
0	161
3	146
0	154
2233	1293
1	477
0	279
5	521
0	622
0	643
0	270
0	93
3	234
0	123
78	48
17	0
293	44
2	38
0	14
0	6
3	0
0	1
1	0
0	0
0	90
0	22
11	1204
0	405
0	1198
2	83
0	0
0	0
0	0
10	0
17	335
10	364
26	280
171	18
93	18
1	2
0	2
0	0
0	0
0	0
0	0
2	0
2	0
0	0
0	0
0	0
0	0
0	0
0	1
0	1
0	0
0	0
0	0
0	0
0	0
0	0
0	0
0	0
0	0
0	0
2	0
0	0
0	0
0	0
0	0
0	0
0	0
0	0
0	0
0	0
0	0
0	0
0	0
0	0
0	0
0	0
0	0
0	0
0	0
0	0
0	0
0	0
0	0
1	0
0	0
0	0
5	278
10	279
0	200
0	193
0	68
1	43
1	41
0	29
3413	2408
1	701
1	1620
3	745
0	299
7	189
5	480
6	226
27	73
1	0
0	2701
8	2701
0	2777
0	2777
4	537
1	42
12	190
0	685
0	494
0	58
20	40
3	20
0	8
2	54
0	1
0	3
0	11
0	35
1	14
0	0
0	14
0	11
0	55
1	57
0	55
0	27
0	23
5	17
2	10
0	6
0	7
0	5
0	5
0	1
0	0
0	0
0	0
0	0
2	0
6	1
0	0
206	2
124	458
29	453
2	267
12	199
0	21
0	0
4	0
0	0
0	0
0	188
0	188
0	184
6	0
1	0
4	116
0	27
40	0
0	50
0	54
9	2
0	2
0	191
1	198
0	169
2	191
0	169
0	197
0	15
0	1
0	1
0	2
0	2
0	2
0	1
0	0
8	274
6	240
0	274
0	274
0	3
6	14
0	3
9	0
0	1
83	0
13	95
247	129
0	122
0	3
5	16
0	4
4	16
0	33
0	20
0	22
0	5
2	3
4	2
12	5
0	5
0	523
12	20
0	16
0	10
1	68
13	9
136	842
8	245
0	763
2	52
385	2929
1	2960
41	748
10	653
0	0
0	0
0	0
1	0
0	10
0	0
0	0
0	0
0	0
0	0
0	0
0	0
0	0
0	0
0	0
0	0
0	0
0	0
0	0
0	0
0	0
0	0
0	0
0	0
0	0
0	0
0	0
0	0
0	0
0	0
0	0
0	0
0	0
0	0
0	0
0	0
0	0
0	0
0	0
0	0
0	0
0	0
0	0
0	0
0	0
0	0
7	1
0	1
0	0
3	0
3	0
1	3
0	3
0	0
2	2
0	2
0	0
0	0
0	0
0	0
0	0
0	0
0	0
0	0
0	0
0	0
0	0
0	0
0	0
0	0
0	0
0	0
0	0
0	0
0	0
0	0
0	0
0	0
0	0
0	0
0	0
0	0
0	0
0	0
0	0
0	0
0	0
0	0
0	0
0	0
0	0
0	0
0	0
0	0
0	0
0	0
0	0
0	0
0	0
0	0
0	0
0	0
0	0
0	0
0	0
0	0
0	0
0	0
0	0
0	0
0	0
0	0
0	0
0	0
0	0
205	2661
18	2630
6	34
2	107
4	246
4	160
7	284
25	0
0	0
0	0
0	0
0	0
1	1
0	0
0	0
0	0
0	0
0	0
0	0
0	0
0	0
0	0
0	0
0	0
0	0
0	0
0	0
0	0
0	0
0	15
0	0
0	0
0	0
0	0
0	0
0	0
0	0
0	0
0	0
0	0
0	0
0	0
0	0
0	0
0	0
0	0
0	0
0	0
4	31
0	0
0	0
0	0
0	0
0	0
0	0
0	0
0	0
0	0
0	0
0	0
0	0
0	0
0	0
0	0
0	0
0	0
0	0
0	0
0	0
0	0
0	0
0	0
0	0
0	0
0	0
0	0
0	0
0	0
0	0
0	0
0	0
0	0
0	0
0	0
0	0
0	0
0	0
0	0
0	0
0	0
0	0
0	0
0	0
0	0
0	0
0	0
0	0
0	0
0	0
0	0
0	0
0	174
0	181
0	13
2	6
1	31
1	22
0	8
0	0
0	0
0	0
0	0
0	0
0	0
0	0
0	0
0	0
0	0
0	0
1	0
0	0
0	0
0	0
0	0
0	0
0	0
0	0
0	0
0	0
0	0
0	0
0	0
0	0
0	0
0	0
0	0
0	0
0	0
0	0
0	0
0	0
0	0
0	0
0	0
0	0
0	0
0	0
0	0
0	0
0	0
0	0
0	0
0	0
0	0
0	0
0	0
0	0
0	0
0	0
0	0
0	0
0	0
0	0
0	0
0	0
0	0
0	1
0	0
0	0
0	0
0	0
0	0
0	0
0	0
0	0
0	0
0	0
0	0
0	0
0	0
0	0
0	0
5	111
0	113
0	105
0	60
0	7
0	59
3	9
0	8
0	59
0	53
0	0
0	6
0	1
0	217
1	511
1	531
3	519
1	301
0	302
2	240
1	240
0	72
34	12
0	6
0	2
0	2
3	6
2	6
0	5
0	5
1	0
0	0
21	0
0	0
0	0
0	0
0	0
0	0
1	0
0	0
0	0
0	0
2	56
1240	254
1	104
6	0
0	0
0	2
3	2
0	144
0	4
0	4
16	64461
340	41703
0	16658
46	22426
39	4139
9	14100
150	55911
2	6893
1	8188
0	5
0	6
0	2670
0	7
0	0
0	0
0	1
0	1
0	0
1	0
0	2
0	2
0	2
0	1
149	88
3	87
0	2
0	2
0	0
23	0
0	0
0	0
0	0
0	1
0	1
0	0
0	0
0	0
0	0
0	6
3	1
0	5
0	0
0	5
0	0
0	5
0	0
0	8
0	1
0	1
0	0
0	1
0	0
0	1
1	0
0	11
0	0
1	0
0	84
0	13
0	12
0	11
1	2
0	42
0	3
1	3
8	11
0	12
0	9
1	6
1	4
0	0
0	0
0	0
0	0
0	0
11	0
0	135
0	140
0	8
0	0
0	39
0	139
0	3
0	0
0	1
70	0
0	1
0	67
0	135
0	0
0	4
0	4
2	0
0	0
3	16
73	147
0	0
4	0
0	0
0	0
0	0
1	0
0	0
0	0
0	0
0	0
0	0
0	0
0	0
0	0
0	0
6342	423
9	95
0	324
1	2
0	0
0	0
3	0
0	0
0	2
0	2
0	2
915	2087
1	2087
2	677
0	0
0	0
0	0
0	3
0	3
0	0
1	1017
17	1025
5	773
1	324
0	407
0	386
0	0
0	40
85	10
0	0
0	0
2	10
0	10
0	0
0	0
0	0
360	6645
65	6645
2	1
23	216
43	74
5	30
7	31
6	18
1	7
0	11
0	4
1	11
0	11
0	10
0	0
483	198
3	133
4	65
4	4
1	2
0	4
0	0
0	2
0	2
0	2
194	31
1	1
0	30
0	0
0	0
0	0
0	0
0	0
0	0
0	0
0	0
0	0
0	0
0	0
0	0
0	0
0	0
0	0
0	0
1	0
0	1
4	1
336	201
0	174
0	0
0	26
0	0
0	0
0	0
1	0
3	0
1	0
6	3
5	3
4	0
1	0
3	0
154	158
1	56
1	1
0	72
0	52
3	87
0	610
0	610
0	1
43	91
0	71
0	69
1	13
0	61
0	41
0	17
0	31
0	9
4	606
0	139
0	1
0	111
0	0
0	95
0	102
0	0
0	0
0	100
7	104
0	92
3	0
2	32
2	91
0	11
0	23
0	37
2	934
0	800
0	671
0	0
28	2
0	2
26	2
0	327
132	1772
33	1772
0	183
2	102
2	363
1351	1877
0	1105
0	6
8	1644
0	951
0	14
2	2
8	86
1	32
0	59
0	70
27	0
0	0
0	0
0	0
0	0
0	0
0	0
0	0
0	0
0	0
0	0
214	24
0	24
1	913
0	914
6	913
0	0
5	471
0	132
0	144
1	19
0	25
0	25
0	2
0	3
0	6
0	0
1	1
0	2
0	2
75	0
528	282
0	141
9	187
6	46
14	42
11	16
0	27
40	7
32	1163
10	872
1	237
0	97
0	57
18	750
8	113
0	187
1	207
0	157
18	257
3	250
0	800
6	680
0	76
0	0
2249	874
1	4
99	896
0	896
3	336
1	235
2	31
0	55
0	117
24	2
0	41
7	1193
25	1100
2	870
3	184
3	295
1	137
0	0
11	433
18	0
1	6783
0	3582
40	3537
19	6756
6	633
18	2634
55	5323
4	608
3	363
0	0
6	755
37	180
13	796
0	757
0	88
0	386
0	0
0	150
6	1091
5	1187
16	901
3	173
0	182
14	185
0	221
121	9463
14	59
0	4902
19	8197
1	620
2	7348
24	2242
5	162
24	68
0	104
0	89
0	134
0	96
1	69
86	84
1	86
0	61
0	64
0	37
0	0
0	0
0	0
0	0
9	0
2	208
0	9
0	9
0	0
3	4
106	0
1	13
7	0
10	889
25	75
171	840
1	1
0	830
8	40
0	18
0	18
0	18
0	0
0	0
0	0
0	0
0	0
14	0
1	10230
45	10220
99	3408
0	0
186	0
32	0
0	0
3	0
9	97
9	97
0	31
2	7
0	7
0	5
0	0
0	1587
13	1362
1	1342
0	1355
6	1562
3	1637
0	945
0	1442
0	1694
0	178
2	9
0	232
0	169
4	88
0	0
7	114
1	70
2	35
0	5
0	0
6854	2385
43	8
18	0
72	2354
0	1600
103	1
164	37
0	198
18	835
0	90
0	833
0	148
9	13
10	308
0	168
0	554
0	43
2	34
0	611
20	36
7	105
5	163
1	48
0	49
3	60
0	56
0	9
0	3
0	3
0	2
0	0
5	1
0	1
0	3483
26	3480
3	236
0	815
0	863
3	133
63	0
0	0
3	0
1	0
0	0
205	1286
1368	2693
13	980
0	1719
3	0
778	1397
5	1515
1	1300
0	1182
37	683
0	205
0	230
0	161
1	43
0	42
0	0
7	45
9	15
1	10
0	5
13	3
0	3
0	3
4	5
0	0
0	5
0	0
0	0
0	0
0	348
0	12
0	341
1235	515
29	90
4	0
1563	297
0	224
2	96
11	162
0	199
175	189
0	30
0	189
0	20
3	71
0	57
29	8
0	0
0	0
0	0
85	511
0	511
19	0
0	5
0	5
0	5890
2	5267
0	0
0	3268
26	3729
45	1358
1	0
0	0
0	0
14	280
0	268
0	222
0	0
0	0
0	0
0	0
0	0
309	2
27	987
59	987
50	0
0	3
0	0
0	0
0	0
0	3
0	1
0	1
0	3
0	3
0	1
0	1
0	0
0	2
0	0
0	0
1	1
0	1
0	3
0	0
0	8
0	8
0	8
0	0
0	0
0	0
0	1
0	0
0	0
55	979
0	841
4	66
116	756
1	87
4	262
9	89
20	59
25	0
13	6
0	1
2	950
259	1019
0	28
0	11
2	728
0	214
251	0
387	0
44	768
11	919
0	742
21	714
0	706
1	625
9	8
3	254
2	14
0	0
2	68
0	88
0	119
0	72
0	3017
18	26
30	2739
8	2953
0	306
0	192
0	18
17	8
23	323
11799	4714
228	39
3	39
101	4712
3	2878
26	2498
0	2440
0	13
0	0
0	285
8	225
4	194
0	292
0	113
12	804
1	251
0	186
0	233
0	79
1	379
15	0
2993	948
5	821
2	795
1	223
0	287
1	228
1	168
0	20
34	21
3	1241
0	950
0	821
28	3
146	609
0	1004
0	1
335	188
0	188
0	0
0	0
0	0
0	0
0	0
0	0
0	0
0	0
0	13
0	5
0	4
0	1
0	5
0	13
0	0
244	775
0	197
0	604
6	237
3	60
2	42
3	239
3	286
0	70
2	42
0	49
1	86
0	0
0	0
0	0
0	0
0	3
0	6
1	5
0	3
0	0
0	0
0	1
10	1
0	0
0	3
11	3
0	0
38	0
0	0
1	2
1	2
0	1
0	0
16	0
0	1
0	1
0	0
0	0
0	0
0	0
0	0
0	0
0	0
0	0
0	0
0	0
0	0
0	0
0	0
0	0
0	0
2	620
0	309
1	233
0	361
28	642
10	53
4	252
4	231
6	6
0	228
0	252
9	0
0	0
0	0
0	0
0	0
0	0
0	0
0	0
29	1442
8	1297
483	629
10	471
0	163
20	87
0	37
3	1379
17	1401
0	3
0	7
2	4
2	146
645	505
10	8
12	49
5	165
0	2
58	224
0	329
0	364
1	201
3	202
44	1324
0	1422
19	1304
118	48
92	0
0	0
0	16
4	42
0	33
0	25
1	9
26	54
1	54
0	0
7	130
3	130
10	0
0	25
0	7
0	619
2	640
0	394
2	21
1	22
2	4
1	7
1	28
0	0
0	0
268	696
23	108
0	588
0	27
0	4
0	25
0	26
0	14
0	18
0	17
0	0
0	0
0	0
0	0
0	0
34	19
8	19
0	781
17	678
2	382
4	317
0	0
0	0
0	0
0	0
0	0
2	272
5	32
0	0
0	0
0	0
0	0
1	0
0	0
26	5699
0	0
0	0
1206	550
7	546
103	658
6	777
52	836
0	145
5	158
0	67
0	58
0	40
13	19
34	26
6	57
0	32
1	0
480	0
133	1078
0	5
2	5
16	1671
0	1289
0	1110
5114	0
1101	0
5	598
0	601
40	201
0	186
0	204
0	50
12	25
0	28
0	45
5	15
0	19
0	14
1571	882
7	562
0	715
8	44
0	251
2	265
0	249
12	233
0	249
0	92
0	100
2	32
1	64
0	13
2	14
0	0
1	6
0	0
0	464
2	464
20	0
5	5
5	5
2	257
0	129
20	214
0	237
0	246
0	149
60	371
0	205
1	245
27	184
0	142
7	205
3	92
1	79
31	266
9	224
0	110
1	189
1	0
0	54
69	1558
11	1529
0	193
8	149
2	122
0	122
4	323
0	69
0	156
0	105
0	876
12	876
396	1240
0	926
0	743
0	875
0	712
0	1083
0	354
7	0
3	76
0	0
78	850
0	864
5	741
2	728
0	121
63	117
37	118
0	83
2	29
39	31
0	0
0	0
0	11
1	12
0	0
0	0
0	0
0	0
0	0
0	0
136	0
104	74
1	0
0	74
1	25
1	25
0	24
50	9
0	9
0	4
0	4
0	4
3	0
2	0
1	4
9	5
0	13
54	94
0	89
0	10
0	9
1	4
0	4
0	4
0	0
0	0
0	0
0	0
0	0
0	0
152	304
0	58
75	258
3	5
2	1786
1	1826
0	884
0	539
0	0
66	558
0	558
0	0
0	0
0	0
0	0
0	0
0	0
0	0
0	0
0	0
0	0
0	0
0	0
0	0
1319	2
0	0
0	0
2320	12
43	30
52	18
770	38
0	38
0	0
0	0
3	6
0	6
0	6
103	3078
3	3117
0	21
0	118
0	360
0	96
1564	70
2	70
2239	363
2	274
2	89
0	1820
1	1775
0	543
0	1466
48	370
1	485
0	0
1	154
0	79
0	9
21	0
6	0
5	2207
0	0
183	278
0	278
4	0
0	0
0	21
0	24
1	24
0	0
0	0
57	2
0	0
0	0
0	2
0	2
0	2
0	0
0	0
0	0
0	0
5	0
15	459
12	93
0	309
2	418
0	215
0	154
1	8
1	3
1	31
0	0
0	31
0	10
257	0
38	4626
0	4105
170	4
0	4584
0	3764
121	11
0	11
6	15
1	8
0	3
1	11
6	206
0	103
244	205
0	0
17	777
3	999
53	1074
0	1109
8	30
5	76
1	518
7	0
4	151
3082	250
1	239
113	14
87	35
1	41
3	51
0	19
0	0
1613	1731
4	1028
2	1024
0	49
3	1524
18	325
2	929
0	4
0	0
2	2
0	4
1	70
0	70
0	35
57	0
0	0
0	0
0	0
0	0
246	951
2	659
5	848
14	134
11	1286
0	1223
2	1071
6	1215
4	138
0	11
0	11
0	2
0	2
0	2
0	2
0	2
8	1
2	0
0	0
0	0
0	0
0	0
0	0
1	27
2	27
0	0
645	939
1	406
3	544
2	327
0	74
0	0
0	0
0	0
2	19
0	18
0	19
0	4
18	993
0	975
1	513
0	967
0	0
0	21
22	0
65	2
0	0
0	0
0	0
0	1
14	1156
16	1203
49	133
4	114
3	59
1	51
0	59
0	12
2	1
0	2
0	11
15	2772
3202	3015
0	2516
19	2265
0	1490
436	342
439	361
0	19
6	0
2	0
1	18
0	0
33	0
21	2
443	320
3	342
0	2
53	119
12	264
12	46
14	1258
7	0
0	0
0	0
0	0
0	2
0	2
0	2
0	2
0	0
0	0
0	0
0	0
0	0
0	5
0	5
3	436
13	909
17	187
1	415
0	0
1220	4
0	0
0	0
1016	17
293	0
1520	357
0	129
0	83
6	5
1	5
6	145
1	89
1	2614
5	2614
12	2514
0	98
0	2525
0	2589
0	173
8	28
6	234
0	11
7	28
1	76
5	1198
0	221
5	825
78	122
1	1102
3	4
0	268
0	487
0	974
8	30
2	244
15	12
5	63
4	140
1	136
0	104
1	102
1	456
19	143
1	356
5	224
10	150
44	195
7	195
0	149
42	495
2	120
1	541
5	289
0	316
0	65
0	125
15	9
0	100
9	115
0	53
0	9
0	164
0	0
0	0
260	1339
0	384
5	169
25	1002
0	74
11	103
0	0
0	72
1	43
0	93
0	43
10	40
10	416
3	386
0	376
0	142
0	85
0	39
0	58
0	120
0	25
0	46
1095	410
8	271
7	400
40	203
5	69
0	17
1	1
0	0
0	4
45	0
65	3298
382	4333
7	1478
8	0
12	392
19	392
1	30
1151	595
19	558
48	96
0	303
39	319
2922	1210
2	558
8	363
0	5
0	121
20	542
154	59
1	31
1	8
8	23
11	5
13	9
5	5
0	0
0	0
0	0
1	5
1	5
184	1991
1	1998
1	1738
0	525
2	409
15	294
0	214
11	50
2	0
0	0
0	0
0	15
2	15
140	638
7	638
0	9
16	1511
44	1336
79	1242
49	1458
0	428
0	167
6	298
154	101
10	34
0	0
0	50
2	191
0	2
0	183
0	24
0	115
22	93
5	109
0	3
28	43
0	0
0	0
11	504
2	529
1	168
3	236
1	354
3	505
0	62
1	212
1	192
0	129
5	45
0	138
4	58
1333	58
128	1
0	2
9	30
5	19
0	17
0	42
5	47
1	47
2	36
4	8
0	0
0	4
37	174
0	6
3	2
0	256
0	71
0	7
1	12
0	0
0	1531
0	1532
0	174
7	87
4	254
0	334
0	1646
1	226
0	235
0	1546
10	44
19	201
8	201
0	31
0	0
0	12
0	12
0	11
0	11
0	12
0	12
0	1
0	0
0	0
0	0
0	1
0	0
0	0
0	1
0	0
0	0
0	0
0	0
0	0
0	838
0	825
0	812
0	783
2	473
0	38
1	94
20	366
0	0
0	71
6	12
1	38
1	37
3	248
0	5
2	13
0	258
10	43
0	19
7	34
1	50
813	0
0	0
0	0
0	0
107	0
50	162
1	87
0	138
32	587
0	587
0	52
0	27
6	0
16	1542
1	3684
0	843
5	3430
1	882
0	1797
0	772
16	1420
1	642
1	1207
115	2244
18	368
19	347
0	3
1	3
0	3
0	1
0	0
0	0
6	0
583	3250
212	3247
0	128
13	1880
0	1164
0	799
0	0
1	32
2	0
18	643
66	87
0	669
171	786
2	200
165	60
0	33
0	27
13	0
2056	1792
0	1528
0	1323
0	223
1	402
13	389
13	222
41	61
0	0
0	8
0	8
0	0
3472	0
0	58
0	60
0	58
0	65
0	61
1	24
0	3
0	8
0	621
0	590
12	583
1	187
2	106
0	106
3	542
66	98
0	113
25	332
0	76
45	8
8422	28139
194	27715
186	19606
5	6153
2	7476
1	7118
11	999
0	7414
17	9801
37	2921
0	3153
700	512
2	28
0	129
1	48
0	10
0	15
15	90
3	235
0	237
2	228
0	148
0	149
0	52
0	1
0	1091
0	1099
0	1081
0	0
201	0
18	0
0	36
53	0
3	14
1	39
3	25
4	2
0	1
0	1
0	1
0	1
0	1
0	0
0	0
0	0
0	0
0	0
2	0
0	0
0	0
0	1434
1	1472
1	754
19	61
0	0
3	0
13	0
0	0
28	99
12	0
18	3
2	3
0	0
0	0
2	0
0	319
0	216
0	383
2	398
0	348
0	363
0	32
3	139
0	38
0	17
50	0
0	0
0	0
2	2386
39	2358
0	2159
0	2
0	2
20	1833
7	313
0	0
0	0
0	0
6	0
0	0
0	0
0	0
0	0
0	0
0	0
0	0
0	0
0	0
1	1
0	1
2	2795
0	2621
0	2648
0	2486
0	534
0	2148
3	272
0	2403
2	1198
3	186
0	1506
1	2220
0	1493
8	59
0	1294
0	325
292	1758
0	140
0	0
0	4
0	0
0	0
0	0
0	0
16189	27
0	171
142	1531
1	176
0	170
27	91
61	995
0	77
3	183
54	872
6	652
19	188
25	5
6	529
44	690
0	326
0	0
0	1692
14	1718
1	777
5	14
30	21
0	0
0	0
0	0
0	0
0	0
0	0
1	1325
899	1541
0	1082
27	1210
1	630
0	643
1	1083
12	909
0	1090
1	803
16	30
2	6
1	23
3	1
0	1
0	9
2	10
0	0
50	139
0	139
0	0
4319	0
499	318
2	16
0	22
0	22
0	22
0	136
0	191
0	0
21	1401
39	1755
155	0
12	1479
13	511
15	339
1	1007
174	726
0	263
19	466
0	170
9	64
0	0
0	0
0	0
0	0
0	1
0	1
0	1
253	264
21	118
1	146
0	46
56	95
0	36
52	55
5	0
0	0
1	0
0	8
0	8
0	8
0	8
0	7
0	0
0	0
0	0
1	0
1406	255
1	255
13	96
2283	322
0	140
0	303
0	145
10	12
1	0
11	224
0	2
2	2
819	16
0	8
0	8
0	0
0	0
0	0
0	0
0	0
0	0
0	0
0	0
0	0
153	494
0	141
0	361
0	344
1	45
2	20
0	121
12	38
1	174
0	42
0	38
0	39
0	3
14477	11797
78	5805
0	0
0	5
0	0
0	0
0	0
20	5997
508	0
3280	1351
7	433
12	67
3	859
0	0
0	0
3	15
9	84
5	122
1	85
21	491
0	499
0	0
0	809
0	809
1	759
0	765
6	148
4	1
0	2
0	23
0	2
0	2
0	2
0	0
0	2
0	0
2	2
0	0
0	2
0	0
701	2975
4	1273
4	1098
2	634
0	780
4	858
0	1136
0	1455
0	11
14	645
198	544
2	36
7	140
7	32
12	52
0	0
32	201
2	57
0	146
0	16
0	0
42	1044
5	1044
0	371
0	0
2774	2
1087	4727
8	4001
228	4451
75	141
0	0
67	19
4	662
17	660
1	218
0	471
0	470
1	461
2	66
2	159
21	160
0	40
0	0
0	0
0	0
0	169
0	15
0	15
1	282
0	159
0	298
15	31
20	417
0	417
97	1325
0	1339
11	380
0	0
0	199
0	0
0	0
0	0
249	115
0	111
0	106
5	0
6	1
4	0
0	0
0	1
44	0
4	118
5	4
0	124
3	15
145	0
54	343
50	328
2	92
12	53
8	0
484	646
1	646
0	191
9	58
0	0
0	0
0	0
1	0
0	512
0	512
28	474
5	32
0	337
4	15
5	356
15	149
0	363
0	368
0	345
0	334
1	60
0	125
6	142
0	10
0	18
0	28
1	20
0	159
0	37
0	960
0	959
39	188
0	128
7	255
1173	106
1	74
6	32
50	924
0	920
1	939
0	625
0	0
0	0
1	28
0	24
1852	453
3	412
13	102
2	6
0	6
2	2
0	2
0	0
0	869
42	291
0	485
336	1190
2	173
2	91
33	152
0	587
3	1042
0	380
0	0
0	411
0	190
0	66
3	45
0	99
0	53
82	13
243	6107
1489	6107
61	4
1	4
2571	1361
43	30
20	36
12	377
2	996
16	189
19	90
1640	0
378	730
26	510
17	120
0	330
5	116
81	442
4387	2260
0	0
0	0
0	0
125	612
49	659
63	338
63	234
69	235
473	0
102	2205
6	1827
4	1584
9	1378
2	1275
7	227
2	283
16	143
8	157
11	192
4	105
0	0
7	722
7	184
2	92
15	22
0	700
0	57
6	517
2	505
1	55
0	5
0	5
0	0
0	0
0	0
2	137
36	47
0	28
0	0
997	6
29	1991
12	968
2	602
23	1645
0	53
0	90
0	350
62	350
0	0
0	21237
0	24048
37	22352
0	21536
274	19055
1	23035
1	16636
0	23246
0	21043
0	16776
0	7599
2	6786
0	8158
0	7912
0	7419
0	7338
0	6877
233	8186
323	381
177	4715
16	3754
1	0
0	0
0	0
0	0
302	2824
0	1648
0	953
0	2777
1	1607
0	2687
29	5
0	0
3	198
4	139
0	0
0	0
0	0
0	0
0	7
0	4
0	4
0	3
124	0
82	0
2815	2297
0	1331
79	787
22	80
0	196
0	0
0	0
0	0
0	0
0	0
0	0
0	0
0	0
15	2
404	170
1	34
0	2
0	0
10	170
0	0
146	426
37	411
0	11
0	48
0	32
4	59
0	39
14	17
0	22
3	32
0	0
0	0
0	3
1394	31610
0	11265
19	10038
0	0
1	0
119	25030
5	14184
92	574
0	0
0	0
0	0
0	0
0	0
4	0
44	1250
35	1279
37	723
37	309
0	587
21	295
0	319
21	35
6	656
2	458
0	380
0	537
0	133
41	174
8	581
2	152
0	173
12	43
2	193
1	486
0	467
14	90
17	363
5036	6
16	0
2	0
26	1
0	0
0	1
0	1
0	0
41	717
14	2507
0	4891
0	5003
0	0
1575	0
4	955
0	1841
16	1845
0	1813
17	1837
8	25
22	277
121	825
0	0
0	0
0	0
0	0
22	2475
32	124
0	453
0	2529
7	2204
212	163
78	105
102	44
1557	834
6	834
6	304
0	32
0	32
18	5094
3565	5112
0	683
16	605
0	39
0	39
0	0
0	0
0	0
3	10
0	0
0	4
0	4
0	4
0	2
0	0
0	0
0	0
0	0
0	0
0	0
0	0
0	0
0	0
48	0
0	0
255	3501
18	3406
0	883
0	93
115	990
0	1072
0	673
0	83
6	20
0	0
0	1779
0	1880
0	160
6	1120
4	30
0	53
0	0
55	0
107	4571
155	3848
0	4584
16	3915
0	4013
0	4297
3	3310
0	1406
0	1822
127	0
4	1425
0	489
0	457
0	729
0	534
0	484
0	260
18	483
18	104
0	437
61	0
1	0
81	0
55	416
0	0
106	0
53	0
43	0
0	0
82	2
2	2678
389	0
0	0
0	0
0	249
0	0
0	0
0	5
0	0
0	0
0	838
20	694
0	983
0	703
21	903
40	48
0	48
20	49
0	960
26	0
3	540
3	934
2	268
26	2
1	56
9	153
3	40
64	0
0	43
31	14
60	25
0	69
1	204
55	0
23	0
0	309
1	0
0	0
0	0
0	0
0	0
0	0
0	0
0	1
0	47
0	39
101	55
5	0
0	0
0	52
36	135
0	139
25	65
0	64
0	74
5	74
0	78
0	47
0	11
0	35
0	9
0	17
0	21
0	44
0	18
0	0
7	0
1	1522
2	1491
56	162
0	257
0	252
5	0
42	0
7	18
0	0
15	49
1	0
0	0
0	0
0	0
0	24793
0	24213
0	1081
71	3980
0	1667
3	6
0	693
1	3663
92	0
162	148
0	21227
4	0
217	12
0	6172
16	1406
41	487
0	0
54	1
0	0
2	0
1	0
0	1
171	0
0	8
0	8
0	1323
0	0
0	0
100	30
18	30
5	1275
4	107
0	1490
7	0
0	1447
0	1358
5	258
1	1359
0	0
16	393
0	136
3	22
1	275
4	217
16	13
0	257
13	5
0	54
5	0
4	15
6	0
282	12
55	12
4	1376
42	1384
5	121
0	0
3	463
1	0
3	8
0	5
0	90
0	7
0	675
470	683
0	552
0	387
8	0
0	0
0	0
8	18
0	18
0	0
0	0
0	0
0	0
0	0
0	8
0	34
0	34
0	5
0	1
0	0
0	0
0	0
0	0
0	0
0	0
0	0
0	0
0	1
0	0
0	0
0	0
0	0
1	1
0	0
50	12
2	698
0	12
5	688
1	719
3	24
1	653
0	3120
0	3120
19	1
6	1364
5	1847
49	2991
0	1192
0	1079
1	170
0	1550
3	1840
3	282
2	7
174	859
1	82
0	843
0	415
0	863
0	1
1	0
1	66
0	286
0	80
1	49
0	184
0	50
7	1
4	32
423	7074
51	7
151	4235
16	235
35	2798
5	1407
40	1051
0	443
5	0
0	274
61	473
1	141
1	0
0	14
4	145
4	63
1	37
2	0
0	2
1	0
1	0
10	5181
10	5297
13	225
104	2015
25	481
12	302
4	3
4	3
60	1089
139	1098
1	162
0	0
1	0
10	0
6331	1311
28	184
109	73
4	690
0	0
6	810
167	568
2	1023
0	1014
0	214
0	191
0	191
6	121
4	0
0	77
1	56
0	0
39	270
0	125
6	255
3	100
5	99
0	39
1	0
0	8
1	13
0	15
0	14
0	1
1375	156
0	152
18	0
1	0
0	0
1	0
0	0
1	136
0	108
0	36
7	20
1	0
0	14
0	53
10	0
0	0
0	0
4	0
0	0
0	0
0	0
108	1421
0	1421
0	0
0	0
0	0
0	0
0	0
0	0
0	0
0	0
7	256
66	256
0	0
9	0
0	0
0	0
0	0
0	0
0	0
0	0
0	0
0	0
0	0
0	0
0	0
0	0
0	0
0	0
0	0
0	0
0	0
0	0
0	0
1	0
31	1628
1	1495
0	752
8	12
25	601
0	107
0	56
120	45
5	17
7	17
1	0
0	0
0	0
0	0
0	0
13	0
1806	299
2	299
1	159
0	0
0	0
0	0
0	0
2941	576
4	29
1	547
1	124
0	1
0	1
0	0
0	0
0	0
0	0
0	0
8	1132
0	1018
1	150
7	157
3	22
26	441
3	136
24	1353
0	27
3	2
32	136
60	2
23	1134
589	2043
1	1464
163278	186666
52	4
0	4
0	764
1576	764
0	0
48	752
0	554
0	0
42	772
0	0
1	115
0	206
0	21
0	0
0	0
0	0
0	0
0	0
0	0
0	0
0	0
0	0
0	0
0	0
2	83
0	68
0	68
0	13
1	1
7	0
0	0
0	0
7	0
0	0
0	0
0	0
32	207
1	191
0	151
1	0
142	409
2	409
13	65
0	32
10	35
1	12
32057	165965
0	93
109	51850
39	40654
51	104910
104	46140
2	88857
59	75965
84	68338
0	0
2	873
0	777
17	252
456	16
0	16
0	0
0	0
0	0
1	339
0	0
0	0
0	0
0	0
0	0
0	0
0	0
0	0
0	0
0	0
0	0
0	0
0	0
0	0
1	628
759	5184
6	4816
0	0
2	1306
40	43
0	6
707	2808
0	2415
8	396
0	4463
0	3944
143	1801
6	807
3	0
1	406
12	442
0	318
4	79
0	0
0	10
0	0
0	0
0	0
0	0
39	409
58	4163
25	487
1	3814
13	4112
1	3941
4	0
0	0
6	729
33	3203
3	475
0	474
0	0
0	338
3	1452
0	372
2	556
0	8727
62	55
0	8703
128	5982
0	5909
1	8749
3	8707
13	286
0	0
4	157
9	590
0	400
4	1601
0	0
0	0
0	0
0	0
0	0
0	0
0	0
0	0
0	0
0	0
0	0
21	5
0	5
0	1
0	1
0	0
0	1
0	1
11	740
24	366
0	0
1	21
0	17
0	15
1	0
0	0
0	0
0	0
0	0
0	0
0	0
0	0
0	0
20	41
2	41
1032	3220
7	1769
65	1
2	1492
17	0
103	57
2	762
84	28
8	851
0	96
43	0
25	142
39	401
5	26
33	248
90	163
0	0
0	0
0	0
0	42
0	61
17	67
1	82
2	76
0	43
0	11
0	24
0	0
0	0
0	0
0	0
0	0
0	0
0	0
0	0
4	0
1	84
3	77
158	83
0	2
48	260
6	51
0	35
0	22
0	6
0	1
0	0
0	0
0	0
0	0
3	581
5863	1209
37	32
0	376
2	0
1	932
0	0
0	0
16	3
0	3
1	575
0	592
0	667
31	16
0	196
0	105
3	0
0	207
0	207
0	0
10	193
0	0
0	0
0	0
0	73
0	80
0	56
0	0
0	0
0	1018
0	0
0	0
0	0
0	0
0	0
0	0
0	0
0	0
0	0
0	0
4	30
0	0
0	0
0	0
0	0
18	4629
91	4629
1	51
0	51
8	0
0	0
0	0
0	0
0	0
84	4806
0	4463
87	2207
3	593
17	2330
10	177
33	0
0	0
8	112
0	0
0	2
0	2
0	2
6	0
3	511
19	511
0	15
0	0
0	0
72	35
0	35
0	0
0	1944
1	430
0	233
36	291
5	555
3	1810
0	1917
10	51
7	41
83	1
0	60
30	332
8	230
48	247
0	465
3	351
10	106
0	2
13	2
6	185
111	1269
3	1045
8	195
19	1029
19	915
0	19
3	23
0	23
36	899
0	899
0	313
0	0
4	0
0	0
0	0
0	0
0	0
0	6
0	6
0	26
0	23
2	20
0	24
0	26
0	12
0	1
0	0
0	0
0	1
0	2
0	1
0	0
0	0
0	0
104	2183
16	1781
80	1241
7	292
0	565
0	0
0	6
0	6
0	6
3	0
577	323
0	0
0	70
26	55
34	248
0	0
0	0
1	0
0	0
0	0
0	0
0	0
0	0
0	0
0	0
0	0
0	0
5	0
1	3
0	0
2493	1332
48	306
13	1330
0	0
0	1978
0	1978
6	927
0	1285
0	1810
0	1875
0	1503
0	226
14	1
0	396
8	207
1	87
145	0
215	5133
2	4811
0	2871
0	3365
9	3960
0	2651
84	2838
0	2042
7	401
0	772
67	252
0	274
0	256
4	474
0	318
0	473
0	297
0	347
0	379
0	430
0	415
0	373
0	380
0	501
0	495
0	218
0	340
0	479
0	385
0	336
0	276
0	485
0	157
0	509
0	537
0	352
0	501
0	484
0	335
0	283
0	0
0	0
0	0
1	279
0	30
0	65
3	43
4	250
97	15863
0	0
0	0
0	0
32	38
23	39
0	0
0	0
9	3
21	25
23	230
1	225
0	144
0	166
4	3
3	45
71	48
3	0
22	61
0	0
0	0
0	0
0	0
2	0
0	0
0	0
2	14
20	30
5	28
45	35
0	0
9	27
0	0
0	0
2	0
3	0
0	0
32	51
1	25
0	3
0	0
0	0
0	0
0	0
0	0
0	0
0	0
56	75
0	95
0	39
0	55
0	190
0	130
20	34
0	119
0	1
6	0
12	169
6	50
0	2
0	87
3	0
0	0
0	0
1	2
0	2
0	0
0	0
2259	0
13	0
0	0
0	0
0	0
0	0
0	0
0	0
0	0
0	0
10	6
0	6
7	5
2	5
0	0
0	0
0	749
9	2305
13	1966
12	18
0	31
5	1784
1	632
0	991
1	13
3	550
5	295
28	3959
18	4319
0	3830
139	3943
1	2595
28	184
23	26
6	391
5	445
0	116
9	319
136	1
6	35
11	2
0	281
3	259
0	259
4	251
0	270
0	33
0	39
2	37
1602	210
2	1
0	158
55	198
4	16
1	0
0	0
0	0
0	0
0	0
0	0
0	0
0	0
0	0
0	0
12	2530
0	0
0	0
0	0
0	0
0	0
0	0
0	0
0	0
0	0
0	0
0	0
0	0
0	0
0	0
0	0
0	0
0	0
0	0
0	0
0	0
0	0
0	0
0	0
0	0
0	0
0	0
0	0
0	0
0	0
287	2124
1	2124
0	1391
0	0
6	41
0	41
8	4
0	26
1	1
0	0
0	0
0	0
0	2
0	0
0	0
0	2
0	2
107	47
2	47
0	0
24	0
0	0
4	530
46	530
1	88
0	49
20	0
0	0
0	0
0	0
0	0
0	0
4	69
0	0
0	0
0	0
0	0
0	0
0	0
0	0
0	0
0	0
0	0
798	0
0	0
0	0
1	0
168	62
1	62
0	0
0	0
0	0
3	0
219	0
1	0
0	0
0	0
681	2889
19	2668
7	2641
101	2617
100	65
0	336
2	48
5	9
79	0
10	0
0	0
0	0
5	0
0	0
0	0
0	0
0	0
87	30
0	0
0	28
49	95
3	94
1	88
0	89
7	2
2	33
5	5
8262	1137
43	1134
5	278
0	0
0	2
0	2
0	2
0	2
9	301
23	1633
4	810
5	61
31	1
25	261
1	1616
11	0
0	21
36	3
22	18
7	0
0	0
2	80
12	3
0	5
11	5
0	3
19	1696
970	1732
0	35
16	835
28	1633
8	886
68	9
15	97
64	5
0	0
0	0
0	0
76	0
312	406
270	629
0	563
9	33
25	0
0	801
1297	972
2	556
14	706
7	928
0	98
0	161
29	0
0	189
1	45
0	862
1	486
0	811
0	850
1	0
23	0
39	18
6	58
1833	245
0	234
1	0
0	0
9	10
0	10
1228	204
1	99
5	147
1	0
0	0
1	0
842	902
8	71
2	831
0	0
112	263
210	1
2	102
0	0
1616	3018
0	2747
5	1930
26	1025
8	348
1	0
1	0
0	27
105	357
0	58
24	27
75	132
0	193
0	1
0	1
0	0
0	1
0	0
0	0
1	1935
0	1519
0	1554
0	1519
4	1447
2	349
0	286
4	100
0	118
2	140
0	60
0	4
0	3
47	0
17	2600
0	30
6	88
0	44
0	23
7	44
9	2
0	2
1	0
64	0
107	1777
0	1591
1	414
6	149
27	126
0	55
0	0
198	106
22	125
19	67
0	184
0	0
0	0
0	0
1	0
0	0
1	0
0	0
26	87
46	87
2	0
0	0
0	0
0	0
0	2
2	1
2	165
23	11
3	27
0	146
8	298
204	0
0	118
0	78
2	118
0	7
0	0
0	14
6	17
0	17
86	1
5881	1101
3	0
5	262
11	579
12	54
0	264
548	140
14	0
28	140
0	0
0	0
0	0
0	0
0	0
0	0
0	0
0	0
0	0
0	1
0	0
0	0
0	0
0	0
0	0
0	0
0	0
0	0
80	234
0	201
43	2
4	136
1	184
493	0
57	567
1	567
0	23
0	0
0	0
0	0
0	0
0	104
82	302
1	25
73	119
13	301
0	36
8	81
6	60
0	0
0	0
2	48
0	0
53	0
183	38
0	25
0	9
1	0
0	5
6	5
0	0
238	145
0	145
0	142
0	23
1	8
0	39
0	0
0	0
784	621
0	802
3	731
1	16
171	337
0	138
0	59
1	39
0	161
0	43
327	0
0	14
3	167
2	171
0	169
0	165
0	5
18	1
20	20
0	18
0	15
0	4
1	0
0	0
0	0
4	3
0	3
0	0
0	4
0	0
0	0
0	0
0	0
0	0
0	0
0	0
0	0
0	0
8	85
2	72
0	68
2	43
1	10
2	13
221	834
47	752
1	272
1	101
4	0
212	37
0	37
0	44
0	0
0	0
0	254
0	2665
30	203
1	53
0	89
2	2513
23	590
0	659
2	2285
0	215
96	0
2	0
0	1881
5	45
0	1407
10	0
53	0
0	298
10	531
3	1705
0	1844
10	74
2	356
0	365
0	121
0	0
119	970
994	970
50	0
332	526
0	449
0	0
27	0
53	39
9	199
14	0
5	0
17	0
5	24
9	1
0	78
0	0
0	0
0	1
1	0
0	0
0	0
0	0
2	0
1	0
0	0
0	0
0	0
0	0
0	0
0	0
0	0
0	0
0	0
2	5
0	5
0	1
0	1
0	1
0	0
0	0
0	0
0	0
0	0
0	0
0	0
0	0
0	0
0	0
0	0
5	0
0	0
0	0
0	0
0	0
0	0
0	0
39	667
13	608
5	101
0	536
61	487
2	68
0	94
0	150
0	47
4	40
2	15
40	527
13	526
0	525
8	526
16	0
0	0
1	0
0	102
0	796
0	105
0	823
0	808
1	35
1	36
0	3
0	56
1	669
0	123
11	650
0	74
0	164
0	0
15	45
0	0
0	0
107	2258
0	2587
18	2338
4	0
11	0
3	250
24	38
38	31
0	0
615	258
20	31
0	247
0	0
0	0
0	0
0	0
0	8
169	8
11	0
229	1209
25	1209
0	7
2	2356
145	2366
0	371
2	614
1	699
9	502
3	183
1	416
0	526
1	1
0	0
0	1
0	0
0	1
0	0
2612	1250
10	0
0	206
49	467
24	153
12	398
0	67
35	109
6	176
14	147
36	4583
0	5129
0	4192
0	5481
11	469
19	895
151	25
0	0
0	0
3	9
0	1
0	1
0	0
0	2
0	7
0	0
0	1
4	21
0	22
0	21
0	3
0	1
0	1
1	1
0	0
0	0
0	0
0	0
0	0
2	1
0	0
0	0
0	0
0	0
0	0
0	0
0	0
0	0
0	0
0	0
0	0
0	0
0	0
0	0
0	0
0	0
0	0
0	0
0	0
0	0
0	0
0	0
0	0
0	0
0	0
0	0
0	0
0	0
0	0
0	0
0	0
0	0
0	0
0	0
0	0
0	0
0	0
0	0
0	0
0	0
0	0
0	0
0	0
0	0
0	0
0	0
0	0
0	0
0	0
0	0
0	0
0	0
0	0
0	0
0	0
0	0
0	0
0	0
0	0
0	0
0	164
34	212
0	193
5	65
0	143
0	7
0	10
0	1
0	31
7	0
617	557
0	549
1	469
167	380
2	152
0	0
0	2489
58	2644
35	27
1	1395
0	2
0	222
4	124
0	113
0	122
1	0
4	0
26	0
3	4
0	321
394	4597
1	185
0	202
1	93
1	4336
0	130
5	165
27	56
16	0
7	226
7	539
3	153
0	376
7	79
3	163
0	0
313	188
0	55
5	138
0	109
2	62
0	26
0	0
0	0
0	0
0	0
1	4
0	4
3	20
0	19
0	5
0	0
0	0
44	658
43	966
3	137
2	221
3	284
4	798
0	409
97	4
0	411
3	0
22	51
1	0
0	0
0	26
117	230
0	233
41	219
0	94
0	0
0	0
1	4
0	3
0	0
0	0
0	0
1	3
0	2
0	0
1	285
21	59
4	253
1	45
0	89
0	95
3	81
0	91
0	113
1	8
0	2770
2	3001
0	3067
24	0
17	3922
0	3970
4	3873
0	1492
5	6
2	589
5	2499
1	242
1	1068
0	893
0	588
4	701
0	714
0	470
0	424
0	282
29	61
0	0
12	9
0	0
6	67
17	1000
0	101
19	488
16	627
0	1279
0	1334
0	236
1	180
0	70
0	0
7	77
0	325
0	4
0	4
0	0
0	4
35	237
0	237
0	21
40	160
0	211
1606	270
0	0
0	0
0	77
0	0
0	0
0	0
0	0
0	0
0	0
0	0
0	0
0	0
0	0
0	82
0	82
0	0
0	0
0	9
2	0
0	2
0	2
2286	818
72	143
0	188
0	410
0	395
3	420
0	0
0	114
1	283
13	298
0	35
0	23
6	33
0	2
0	613
0	235
1	79
0	99
3	508
0	578
0	172
7	313
5	191
34	0
0	3697
8	3949
4	2928
1	3671
0	3148
4	650
28	413
0	306
13	920
14	2422
59	1595
6	1194
0	793
14	0
57	459
3	337
0	450
1	348
0	450
0	379
0	388
7	379
1	190
0	134
1	0
0	85
218	162
0	12
1	46
0	107
690	8369
2	6497
197	8372
25	4628
15	1387
108	2543
0	533
6	621
3	227
0	106
0	508
0	530
0	355
0	400
0	368
3	94
6	221
4	10
3	292
5	327
9	232
0	271
2	113
0	167
1	135
9	14
0	644
0	110
4	114
0	125
0	187
5	259
26	765
0	207
0	155
1	771
3	0
0	71
0	8
68	276
2	1
0	61
1	73
0	83
0	27
0	100
2	0
0	53
4	3
3	3
0	52
0	95
0	150
0	57
0	19
0	72
0	109
1	13
0	113
1	15
0	0
15	836
0	853
28	552
2	599
2	164
0	317
0	153
0	163
0	147
0	100
25	455
4	435
0	33
1	107
0	2
0	98
5	76
0	0
0	0
0	0
0	0
0	0
0	0
0	0
0	0
0	0
0	0
0	0
0	0
0	0
0	0
0	0
0	0
0	0
0	0
0	0
2	3
0	3
0	0
16	1071
58	1079
19	1065
11	329
1	534
17	362
0	233
0	218
1	116
2	14
1849	107
0	60
4	14
16	33
0	0
47	2053
5	2215
196	2166
0	672
11	19
5	25
2	0
4	33
3310	513
0	511
120	3106
5	2672
3	795
3	897
13	420
3	18
4	18
0	4
21	47
0	35
0	0
0	3
0	2
2	7
1	0
0	2
0	0
3	2
0	0
0	0
0	1
0	0
0	0
0	0
0	0
0	0
207	1546
41	1456
5	173
0	470
5	43
4	421
6	0
10	164
0	0
0	0
1	141
5	128
70	128
0	2
0	11
1	0
11	132
6	121
0	18
0	62
0	27
0	0
33	44
7	0
0	0
0	0
0	0
0	82
0	84
0	73
0	80
0	33
0	84
0	0
0	0
0	2
0	2
1	0
0	8
1223	0
35	233
6	258
0	64
0	76
5	68
87	297
5	159
14	294
0	121
5	21
1	3
0	0
0	3
1	0
0	0
0	0
1	702
0	5
0	702
0	697
80	694
20	1
2	694
40	694
3	263
182	25
170	77
0	116
704	71
0	10
5	68
6	44
26	14
2	177
4	1290
0	1290
0	718
0	333
19	1078
0	55
0	0
0	203
0	62
0	306
0	115
0	96
0	221
1	128
0	317
0	114
0	192
0	142
114	201
0	5
7	5
0	3
57	1066
2	1062
0	332
3	163
0	336
1	221
5	3
0	15
0	15
5	0
61	2298
3	2500
8	2457
0	2447
23	2404
2	2439
14	450
0	128
3	459
0	389
1	328
0	91
0	10
0	21
138	4126
826	4491
1	603
10	485
7	500
0	1281
1	946
20	183
0	51
75	0
0	23
0	8
0	8
0	8
0	8
0	8
0	2
0	2
0	1
0	0
0	0
0	0
0	0
0	0
0	0
0	5
0	5
0	0
0	1
0	0
0	3
0	3
0	0
351	1548
0	1527
0	189
153	1206
4	291
0	41
0	96
0	638
4	418
13	242
0	418
1	126
2	2811
447	3055
3	2150
1	2730
4	2706
34	363
51	14
11	410
166	43
0	1189
2	78
4	49
0	161
9	370
0	504
0	504
0	62
0	553
1	770
6	440
2	395
0	0
35	443
24	222
63	47
42	2845
0	2816
0	1377
25	8
15	221
0	318
0	310
0	101
4	11
32	0
153	1299
16	24
0	54
1	29
13	82
179	41
76	9
40	807
146	807
0	0
82	1185
27	1185
0	45
26	50
1	0
0	0
0	30
1	29
0	3
0	0
0	22
16	220
67	259
25	41
1	51
0	11
0	30
1	37
0	83
0	1006
0	971
0	969
19	308
3	59
12	888
18	889
1	824
0	30
0	70
72	84
1	76
0	93
0	21
2	15
0	15
0	2
7	8
0	8
0	0
0	0
1	3
0	0
0	0
0	0
0	0
0	0
0	0
0	0
0	0
0	0
0	490
0	0
0	2
0	0
0	0
0	206
0	61
0	0
1734	1004
6	280
0	450
45	928
35	304
0	261
1	0
0	365
0	2
10	651
0	0
104	1226
2	1
0	1104
2	1063
0	469
3	960
0	999
0	0
0	962
0	980
17	862
1	20
0	185
0	935
8	11
185	0
4	877
2	62
0	98
0	140
27	87
1	59
0	0
0	38
1	9
0	8
0	8
0	0
0	0
0	2
1	1345
0	1539
4	195
3	1453
0	170
4	401
89	473
3	247
8	229
24	204
0	204
0	0
0	5
17	5
0	1
0	0
2	0
1	0
1372	5485
76	5514
3	5394
66	5484
12	233
0	136
4	38
294	46
0	42
0	34
2	4
1	337
156	366
2	47
2	102
530	295
47	309
0	160
6167	3939
192	18
10	3194
1	807
7	1892
11	0
6	0
17	1609
1274	7170
36	5954
0	5721
4	3733
41	2490
28	285
49	3491
2	5
1	10
12	205
52	0
4	1505
0	550
17	0
3	522
0	7
1	7
1	0
0	0
0	0
0	0
1	198
0	123
0	170
2	147
2	128
0	166
0	53
0	6
2	21
0	11
0	13
9	5
0	8
1	10
10	3
31	1035
1	70
0	1035
7	0
0	84
2379	519
15	154
1	99
0	17
3	236
8	92
9	2960
0	2985
0	3115
0	3130
0	3157
28	569
8	82
0	192
3	148
0	2093
11	177
0	340
4	259
4	426
2	302
126	96
0	3673
3	722
0	80
0	923
0	272
1	350
4	805
5	334
0	419
0	411
0	3489
0	3404
1	1040
24	3206
0	513
9	934
0	3051
3	399
0	699
9	438
2	452
14	139
0	751
5	284
1	287
0	970
1	851
1	749
1	536
2	652
1	690
0	444
3	17
1	283
11	652
11	168
4	52
2	2037
0	3404
77	3392
2	144
0	218
6	608
154	264
9	229
6	276
61	0
13	21
11	628
2	146
879	3531
0	1719
6	149
8	792
16	1621
8	103
4	31
0	101
125	319
2	167
17	207
4	125
106	38
7	38
0	0
0	0
0	0
97	778
5	260
3	171
1	168
0	46
50	323
2	223
2	107
2697	0
0	0
23	20
0	1
3	8
3	12
1	3
0	9
1	0
0	0
73	2053
34	939
31	1325
1	418
1	138
0	36
0	127
2	242
39	207
4	453
11	349
2	49
0	0
51	112
2347	344
12	233
1	49
3268	1220
0	1032
0	590
0	0
16	4
0	144
3	284
0	461
136	396
0	148
4	117
0	192
0	0
62	190
5	488
3	128
0	210
0	88
1	123
219	68
1	15
0	9
0	4
7	23
4	28
0	0
0	0
0	0
0	0
1	87
1	87
0	2
0	0
0	0
0	3
0	14
0	0
0	7
0	108
0	54
0	86
0	103
0	66
0	82
0	83
0	80
0	0
1	0
2765	4014
4	1863
4	1036
18	1032
4	256
38	1559
2	753
7	187
0	0
0	100
0	100
0	0
0	0
0	31
0	0
0	3
0	1
0	0
0	0
0	0
0	611
0	589
0	30
7	0
0	290
0	261
0	293
2	42
0	19
0	433
78	3568
0	3760
9	3386
3	1194
9	77
0	1496
1	358
6	1648
0	284
2	1622
0	413
0	925
0	334
0	1173
4	663
56	1756
15	507
0	476
1	422
5	258
5	625
3	658
0	267
0	90
0	382
0	333
5	59
1	55
5	27
25	29
0	0
1034	1407
0	1364
1	39
380	0
2	0
2052	379
6	146
0	146
0	158
5	108
2	58
11	83
0	0
0	0
0	0
0	0
0	1
0	1
0	0
0	0
0	0
0	0
0	0
0	2
0	2
0	0
0	0
0	0
0	0
0	0
0	0
0	0
0	0
2	5
0	5
0	0
0	0
0	0
0	0
0	0
0	0
0	0
0	0
0	0
0	0
0	1
0	1
0	0
2	0
5	0
0	0
1	0
0	0
2	0
0	0
0	0
0	0
0	0
0	0
0	0
0	0
0	0
0	0
1	1
1	1
16	41
0	41
0	31
1	126
2	241
0	2
0	126
1	51
0	113
0	190
1	19
0	79
1	121
0	167
1	16
0	53
1	37
0	110
2	0
501	769
0	75
17	653
0	189
1	165
119	181
6	14
0	0
0	0
13	4364
68	274
0	4238
0	208
11	22
0	0
11	0
8	84
148	436
26	0
0	2225
0	1718
0	1944
1	101
0	608
0	692
4	242
0	148
15	40
0	301
0	395
0	1825
2	1934
3	1934
3	1963
1	116
0	151
12	1791
0	1873
1	1833
0	1879
4	1938
3	191
2	110
9	120
44	303
3	129
0	175
0	23
0	69
0	88
0	0
0	42
0	30
38	21
0	10
0	5
0	2
0	91
0	0
0	0
72	4224
16	1426
5	2893
34	3219
0	4224
1	1187
0	20
25	1
0	10
0	12
0	4
2	5
1	7
7	0
35	0
0	0
3	180
20	168
0	37
1	32
2	14
24	0
0	285
2	56
2496	493
1	53
6	272
0	52
20	13
0	56
2	0
3	81
0	131
931	207
0	84
1	32
7	106
0	0
1	514
2	481
1	461
0	510
19	0
0	62
4	53
0	11
3	78
12	75
3	51
6	78
382	4543
55	0
0	4368
1	336
1	146
26	191
22	1647
9	463
25	460
2	281
6	310
50	71
2	56
0	16
18	18
0	3288
48	3288
0	3145
0	1197
1	2160
19	24
12	50
1	68
0	54
6	43
0	0
0	612
0	0
30	998
37	26
3	118
1	205
3	172
0	388
0	260
1	0
0	419
22	590
0	110
0	130
0	132
0	123
0	26
0	31
1	0
0	1
0	1
0	0
0	0
0	0
0	0
0	0
0	0
0	0
0	0
0	0
0	0
0	0
0	0
0	0
0	0
0	0
19	0
0	0
0	0
0	1
0	1355
0	1365
5	14
1	1371
4	50
2	128
3	1109
0	0
0	0
0	0
0	0
0	0
0	0
0	0
1	0
0	0
0	0
0	0
3	0
0	0
0	0
0	0
1	0
1	0
0	0
0	4
0	5
0	0
13	21
0	4
0	11
0	4
0	0
0	0
0	3
0	3
0	3
0	0
11	66
0	66
0	13
0	0
0	0
0	538
1	2112
0	1917
6	2234
2	1681
3	1479
0	1443
0	1683
0	87
4	1285
0	8
1	1289
0	1448
0	465
0	1420
9	181
19	8
32	201
74	495
0	641
9	46
4	28
0	525
10	80
0	77
4	0
2	94
2	130
4	1167
631	1175
1	57
0	6
0	0
0	0
0	6
0	0
0	0
0	0
0	0
95	0
0	0
1	0
0	76
12	77
0	0
0	5
0	0
0	3
0	3
0	3
0	3
0	3
0	4
0	3
0	1
1	0
0	0
0	1
0	1
0	0
0	0
0	0
0	0
0	0
0	0
0	0
0	0
0	0
0	0
0	0
0	0
0	0
0	0
0	0
0	0
0	0
0	0
0	0
0	0
0	0
0	0
0	0
0	0
0	0
0	0
0	0
0	0
0	0
0	0
0	0
0	0
0	0
0	0
0	0
0	0
0	0
0	0
0	0
0	0
0	0
0	0
1	0
1490	4426
0	4426
9	197
13	324
0	579
11	536
5	687
0	342
27	6
0	0
78	15
0	76
26	442
223	1299
0	1168
0	1114
0	1109
2	1106
0	2330
0	2272
5	1477
0	1198
213	2179
0	1076
1	45
11	1318
0	0
11	75
0	72
2	10
0	14
0	2
54	0
0	0
0	1
1	1
0	0
0	0
0	0
19	2
3	1
30	1
258	104
4	104
358	2028
373	25
11	2028
10	6
0	6
0	0
2	0
0	0
0	0
71	1131
0	952
2	915
58	943
0	0
7	629
8	401
1	180
0	130
0	85
0	0
30	371
2016	375
0	133
4166	133
162	403
6	393
40	118
0	0
9	9
3	0
88	74
1	67
0	0
21	30
722	2670
1	2087
0	785
2	97
32	375
87	181
0	375
8	97
1	360
1	36
0	329
46	180
0	130
0	0
0	0
12	0
9525	2
6	0
0	0
0	0
0	0
0	1
0	0
1	2771
0	0
1	0
0	0
0	0
0	1
1	0
0	1
0	0
28	560
1853	4600
86	4600
1	0
1	0
13	0
0	0
0	0
1249	1038
0	1048
0	341
3	605
0	452
0	452
6	638
0	694
0	111
8	612
0	181
13	365
64	75
0	0
0	0
15	0
0	0
1	0
0	0
0	5
0	6
0	4
0	4
0	3
0	0
1	1
769	2665
3	2400
66	1524
100	1014
2	843
11	1590
22	347
8	576
22	193
7	668
102	220
0	220
4	0
0	0
0	0
0	0
0	0
0	0
0	9
5	9
0	3
2	0
285	9045
65	750
50	3370
2	1314
2	961
245	0
22	250
129	5390
5	407
25	209
9	293
0	0
4	74
51	20
1	0
1135	588
0	160
0	483
1	75
5	93
0	134
0	32
0	0
0	0
0	0
41	2
0	0
1016	256
0	143
1	94
0	0
7	128
6	9
2	1350
73	1219
0	1123
2	54
0	733
2	457
0	98
0	167
0	0
37	608
3	601
0	619
3	19
0	16
0	24
0	24
1	18
0	12
0	1
0	0
0	0
15	288
0	47
0	0
2	8
0	0
0	0
0	0
0	0
0	1
9	1
1372	1295
5	1295
22	41
1	142
0	0
171	576
14	576
3	160
0	44
1	507
26	1577
179	1268
5	268
0	953
0	566
0	510
0	313
0	130
3	142
0	7
0	137
0	131
0	116
6	101
4	86
94	99
0	0
0	15
0	22
1	6
0	0
16	255
2	249
30	228
0	226
0	247
0	69
0	71
0	65
0	0
0	0
0	0
0	0
0	0
0	0
0	74
0	74
1	2
0	2
4	2779
0	1478
0	2618
8	87
0	404
0	358
41	461
3	50
10	141
90	65
0	12
899	77
1	71
3	6
0	43
0	43
3	22
0	3
0	243
0	243
1	172
0	31
11	19
0	0
0	0
0	0
4	0
0	13
0	0
0	13
0	457
2	457
3	0
9	0
3	0
256	208
1	84
0	10
0	10
0	170
1	148
0	17
383	25392
7	21485
39	2887
63	23181
1	6
35	6997
463	0
8	3580
6	0
0	0
0	0
0	0
0	0
0	0
1	0
1	0
0	0
0	0
0	0
0	0
0	0
1	0
0	0
0	0
0	12
66	38
0	0
0	0
0	35
1	0
0	5
5	0
2	120
348	120
0	0
301	55
4	55
740	12353
32	12259
1	5039
0	7722
4	4950
0	11
0	11
0	0
0	0
0	0
0	0
0	0
0	0
0	0
1	3
0	15
0	0
0	0
0	0
0	0
0	0
3	0
0	0
0	0
0	0
34	0
0	0
0	0
0	0
0	157
6	41490
4	40072
76	20762
1	30910
12	4862
4	5723
0	23220
0	5227
0	0
5	3681
1	6805
23	5
0	3158
75	3994
50	2066
31	13773
2	12
0	0
1	98
0	93
4	87
0	91
1	87
0	33
0	10
0	0
0	0
0	1
0	1
52	3343
40	1552
0	2919
0	4447
68	2314
5	0
1	174
67	0
31	0
30	521
3	99
7	4233
1	126
11	0
4	673
1446	2215
0	512
0	7
0	10
0	13
0	8
0	3
0	0
0	0
0	0
1	1
1	1
0	1
0	1
0	1
0	0
0	0
0	0
19	0
3858	272
13	38
2	107
14	90
2	39
127	260
8	261
2	74
1	52
0	22
0	8
2	1
27	206
0	154
8	182
0	141
1	16
0	65
3	127
194	192
1196	2167
0	106
1175	133
1	46
182	70
0	4
2	538
24	1507
2	50
2	36
0	82
43	30
0	334
0	153
43	15
0	256
49	40
5	9
0	9
0	170
64	337
3	8
2	179
0	0
0	0
0	0
0	6
0	6
0	0
0	0
0	0
0	0
0	2
0	0
0	1
0	1
0	0
0	1
0	0
32	0
56	1533
49	1945
2	1261
9	1223
3	646
11	641
0	396
19	0
7	0
3	51
0	51
0	7
0	9
1	0
0	0
0	17
0	3
1	2
0	16
2	10
0	10
0	9
0	8
6	269
6	269
0	271
3	49
0	17
2	13
4	4
0	0
0	0
0	0
0	0
1	0
29	481
3	153
24	2363
2	2353
2	134
1	197
6	47
4	817
7	51
16	0
81	0
18	0
7	236
2	141
0	152
13	2132
0	1867
0	376
11	1483
0	1022
0	1485
0	1473
1	0
25	0
0	2
0	0
0	16
8	15
21	1098
0	684
1	797
12	0
2	276
69	0
0	48
0	178
6	0
1	0
0	0
0	0
0	0
0	0
0	0
0	0
1	2
3	0
0	2
0	3
0	0
0	0
0	0
0	0
0	0
0	0
0	0
0	0
0	0
0	0
27	283
0	3
10	283
21	1
0	0
0	0
0	0
0	0
0	0
0	666
22	0
2078	2141
0	1991
30	370
30	275
29	99
59	313
5	294
5	2
0	2
85	159
301	177
1	0
5	18
1	0
17	5
0	5
0	0
70	19
0	19
8	0
0	0
0	0
168	164
6	147
38	26
246	1262
5	339
0	620
0	63
7	0
11	55
14	91
1	148
0	241
1	206
18	77
8	40
5	0
1	372
1	183
0	180
5	0
0	138
131	0
98	29
0	29
0	7
0	7
0	56
0	158
165	393
6	0
0	20
0	179
5	72
6	29
9	2097
0	2277
639	2452
0	2279
1	1528
28	1181
0	446
1	627
34	676
1	305
0	412
7	222
25	604
97	1
1	215
27	99
0	131
5	124
7	398
9	0
69	0
0	0
0	2346
360	3134
84	788
224	2
7	888
0	0
1	302
0	32
25	906
13	30
20	86
0	899
0	52
6	24
12	4
2	35
0	41
1521	1909
16	1659
0	38
1	345
2	66
0	3041
0	3041
0	116
0	3006
0	387
0	51
5	16
0	16
0	16
0	16
0	7
0	0
0	87
0	0
2	100
1	0
6	0
0	27
2	0
0	10
12	510
86	767
0	613
0	741
0	823
2	224
6	10
0	175
29	2
3	24
0	20
1	45
4	15
0	0
1	0
0	11
0	10
0	10
6	51
0	0
0	11
5	2752
1	2817
1	32
0	32
0	1369
8	218
0	153
15	0
0	0
259	0
0	0
2	0
4	102
20	240
0	193
0	232
159	38
0	6
0	1
0	16
0	4
0	1
26	0
541	222
1	222
37	140
6	129
45	0
0	0
0	0
0	0
0	0
1	0
0	0
0	0
0	0
0	0
16	290
39	10
0	73
16	46
0	79
0	79
3	30
0	128
0	128
0	51
3	0
0	0
0	0
0	0
30653	5
0	0
416283	109
0	0
38452	8
0	0
0	0
0	0
6783	11
0	0
0	0
0	0
0	0
0	0
284273	131424
3	0
0	0
61	93979
0	0
6386	0
64	47986
112	157320
0	0
44	11823
0	0
5	1298
9965	8928
0	0
0	0
0	0
14469	8
1133	0
0	0
32932	2
0	0
0	0
0	0
0	0
0	0
0	0
0	0
0	0
0	0
0	0
0	0
0	0
0	0
0	0
0	0
0	0
0	0
0	0
0	0
0	0
0	0
0	0
0	0
0	0
0	0
0	0
0	0
0	0
0	0
0	0
0	0
0	0
0	0
0	0
0	0
0	0
0	0
0	0
0	0
0	0
0	0
0	0
0	0
0	0
0	0
0	0
0	0
0	0
0	0
0	0
0	0
0	0
0	0
0	0
0	0
0	0
0	0
0	0
0	0
0	0
3	196
0	0
0	0
0	1
0	0
0	0
18	1
1	4
0	0
0	0
0	0
0	0
7	1
0	0
2	198
0	24
104	197
0	0
0	0
0	0
0	0
0	0
0	0
1	0
991	551
0	547
17	465
13	142
1	9
0	0
0	0
0	0
0	0
0	0
0	0
0	69
0	69
0	60
2	0
0	25
0	25
7	25
0	25
0	0
0	0
0	0
0	0
1	54
3	502
0	57
0	5
0	5
2	0
2	2
0	1
0	2
0	12
0	10
0	12
0	19
0	11
0	18
0	18
0	18
0	9
87	561
3	361
0	4
0	1
0	4
0	1
0	4
0	4
0	0
0	0
0	0
0	0
0	0
61	17
1	17
0	11
0	11
0	6
0	2
1	0
5	175
23	14
10	173
17	146
0	10
724	4071
1	4072
6	574
5	10
0	10
0	0
837	122
1	101
1	113
0	0
1	112
0	80
0	473
0	153
0	295
0	102
0	263
0	25
0	174
1	42
0	237
0	98
0	35
0	282
0	146
4	449
0	117
4	386
0	371
0	134
0	125
0	89
0	61
0	75
4	76
0	66
0	113
0	41
0	374
1	46
1	203
0	180
0	36
0	153
0	206
0	182
3	14
370	151
446	143
4	99
1	44
3	14
0	9
7	10
2	7
2	9
0	9
0	4
4	1
0	24
0	731
0	678
5	709
1	712
19	658
0	706
2	27
0	712
0	706
0	644
54	616
2	22
0	770
0	328
0	732
1	10
0	647
0	292
6	639
28	225
0	0
0	51
20	137
40	1
0	1
4	12
1	2004
0	1466
0	1508
0	1570
1	1733
0	1330
19	262
13	15
5	15
110	18
1	4
2	2398
44	41
0	1120
0	1643
5	1575
2	233
3	377
0	408
1	1004
0	383
1	315
0	311
92	637
22	646
3	535
3	488
0	102
170	452
0	118
2	334
0	0
0	0
65	0
0	0
1	770
0	765
10	735
0	629
1	156
0	123
0	113
1	77
0	126
0	3
0	0
3	0
0	0
0	0
232	0
1	0
9	1
0	0
1	0
0	0
0	0
0	0
0	0
0	0
3	916
2	868
0	900
29	250
5	234
41	18
0	0
0	18
7	1
0	1
16	2050
0	2018
16	2011
0	758
0	738
16	170
0	257
7	301
14	257
1	1
0	239
3	2386
0	2094
29	4426
45	4027
0	3901
157	4163
0	2793
117	1835
18	1442
43	478
2	0
0	0
0	269
0	269
0	264
7	248
0	215
229	1507
5	941
0	433
1	458
0	74
0	59
0	74
0	74
0	76
13	71
1	14
10	417
0	382
1	434
8	135
0	48
1	47
1	114
0	0
0	1
0	1
0	1
0	0
0	0
0	0
0	0
0	0
0	0
0	0
0	0
0	0
0	0
0	0
0	0
0	0
0	0
0	0
0	0
0	0
0	0
0	0
0	0
83	0
0	0
0	0
0	0
0	0
0	0
0	0
0	0
0	0
0	0
0	13
0	0
0	0
0	0
0	0
0	0
0	0
0	0
0	0
0	0
0	0
0	0
109	0
0	0
848	0
3	4
0	0
2	61
0	2
0	4
409	63
0	58
1	7
0	21
0	17
0	0
0	0
0	2
1932	379
0	177
1	330
4	128
0	0
0	0
5	136
3	136
0	0
10	117
3	116
0	84
0	6
0	191
0	251
0	258
0	257
4	237
1	206
3	155
14	62
1	4
36	70
1	70
0	0
0	0
106	1496
2	1465
0	1528
0	0
3	120
0	2
2	0
0	0
6	640
116	3346
258	3359
0	646
7	0
0	0
0	0
0	0
0	0
0	1
0	0
0	0
0	1
0	0
0	0
0	0
0	0
0	0
0	0
0	0
0	0
0	0
0	0
0	0
0	2057
0	2022
0	2042
0	2007
0	1930
5	100
1	73
22	0
0	0
0	0
0	0
2	2
2	535
4207	536
1	55
0	0
1104	0
0	0
548	2080
21	882
9	1979
3	97
1	1260
1	1
4	1
0	0
0	0
17	0
0	0
14	5
2	5
171	3739
7	3320
9385	6945
0	585
0	974
47	769
15	1802
0	41
0	41
63	2883
0	0
5	359
0	2
0	2
0	0
12995	6234
0	1161
19	2280
37	1845
74	2412
2	0
1	1
1	0
39	0
0	0
0	2749
0	2931
2	2961
46	2409
0	203
0	261
33	472
7	1447
0	385
5	153
1	64
0	64
0	0
10	0
0	22
4	0
0	0
0	0
1	0
0	0
0	1
0	0
0	0
0	0
0	0
0	59
0	0
0	0
0	0
0	0
0	0
0	0
0	0
0	0
0	0
1	0
0	0
0	0
8004	6
70	165
0	112
0	94
1	17
0	0
27	0
0	0
0	0
189	496
0	432
0	106
0	114
0	181
0	0
0	1
0	0
0	0
0	0
0	2821
7	2736
1	449
2	1953
58	1680
17	178
14	444
0	1803
2	352
45	94
0	0
0	0
13	21
1	21
0	0
0	0
0	0
0	0
44	3
27	3
5	0
11	0
0	0
0	0
0	0
0	0
0	0
0	0
0	1
1	0
26	0
1	22
5	41
0	7
0	27
1	14
3	40
0	0
0	2456
0	1135
4	2332
0	1070
0	1036
0	0
3	0
0	683
1	666
3	131
0	0
0	389
0	0
20	0
0	2
0	0
1811	2
4	1819
0	1871
0	1886
0	1101
0	1475
0	1469
0	1455
58	10136
3	1632
0	1077
386	10136
5	1638
4	1326
17	2726
0	386
174	2864
13	532
2	189
19	283
5	164
2	397
23	244
0	44
4	132
3	250
0	0
9	1255
0	0
0	0
0	0
76	1299
106	781
138	617
0	781
0	660
2	186
0	540
15	306
5	270
0	22
1	22
0	0
14	176
7	176
0	0
165	5
0	5
259	25
16	25
0	108
12	280
0	230
5	177
16	155
2	10
1	13
4	13
1	426
0	426
0	377
0	15
53	0
0	0
17	2
0	0
0	2
0	0
0	0
1	11
0	0
0	0
0	0
0	0
0	0
6	19
7	19
1	0
0	0
0	0
0	0
0	0
7470	0
0	0
0	0
0	0
0	0
0	0
0	0
0	0
0	0
0	0
0	0
0	0
0	0
0	0
0	0
7	100
2	97
0	97
0	97
0	100
1	18
2	1
0	0
0	0
2	600
39	73
3	551
0	131
75	33
0	0
2	0
0	0
0	0
0	0
0	0
0	0
0	0
0	0
0	0
0	0
0	0
0	0
0	0
0	0
0	0
0	0
0	0
0	0
0	0
0	0
0	0
0	0
0	0
0	0
0	0
0	0
0	0
0	0
0	0
0	0
0	0
0	0
0	0
0	0
0	0
0	0
0	0
0	0
0	0
0	0
0	0
0	0
0	0
0	0
0	0
0	0
0	0
0	0
0	0
0	0
0	0
0	0
0	0
0	0
0	0
0	0
0	0
0	0
0	0
0	0
0	0
0	0
0	0
0	0
0	0
0	0
0	0
0	0
0	0
0	0
0	0
0	0
0	0
0	60
0	0
0	0
0	0
0	0
0	0
0	0
0	0
0	0
0	0
0	0
0	0
0	0
0	0
0	0
0	0
0	0
0	0
0	0
0	0
0	0
0	0
0	0
0	0
0	0
0	0
0	0
0	0
0	0
0	0
0	0
0	0
0	0
0	0
0	0
0	0
0	0
0	0
0	0
0	0
0	0
0	0
0	0
0	0
0	0
0	0
0	0
0	0
0	0
0	0
0	0
0	0
0	0
0	0
32	1307
0	0
0	0
0	0
0	0
0	0
0	0
0	0
0	0
0	0
0	0
0	0
0	0
0	0
0	0
0	0
0	0
0	0
0	0
0	0
0	0
0	0
0	0
0	0
0	0
0	0
0	0
0	0
0	0
184	1475
24	1475
19	137
1	74
0	0
0	336
4671	2
0	65
0	65
0	64
0	65
0	0
2	0
0	0
21	170
219	170
2	45
0	0
0	0
0	0
1	0
0	0
0	0
0	0
0	0
0	0
2349	0
88	24
2	24
6	95
8	5
2	5
0	0
9906	13458
9	10339
35	3179
0	0
0	306
1	1
59	130
4	1517
0	1517
0	116
0	84
0	5
49	1048
9	170
0	546
0	746
0	518
17	375
6	564
3	406
17	431
0	431
0	0
30	261
145	267
4	267
1	66
7	23
0	0
0	0
0	0
1	0
4926	543
0	0
15	542
12	0
310	321
18	129
59	271
572	98
0	98
1	0
1065	0
75	0
0	0
0	0
0	0
0	0
0	0
0	0
0	0
0	0
0	0
0	0
0	0
0	0
0	0
0	0
0	0
0	0
0	0
0	0
0	0
0	0
0	0
0	0
0	0
0	0
0	0
0	0
0	0
0	0
0	0
0	0
0	0
0	0
0	0
0	0
0	0
0	0
0	0
0	0
0	0
0	0
0	0
0	0
0	0
0	0
0	0
0	0
0	0
0	0
0	0
0	0
0	0
0	0
0	0
0	0
0	0
0	0
0	0
0	0
0	0
0	0
0	0
0	0
0	0
0	0
6	32
0	32
0	32
4	7
0	0
0	0
0	0
0	0
0	0
0	0
0	0
0	0
0	0
0	0
0	0
0	0
0	0
0	0
0	0
0	0
0	0
0	0
0	0
0	0
0	0
0	1
303	800
10	759
0	687
0	1
0	6
0	6
0	6
0	0
0	1
0	0
0	0
0	0
0	0
0	213
81	5691
1069	5693
5331	5693
123	3468
152	240
1	0
0	1350
0	1390
4	1091
0	1311
7	99
127	314
29	152
1	121
5	88
1452	0
1	116
0	0
0	0
0	0
0	0
0	0
0	0
1	3
0	0
0	0
0	0
0	0
0	0
0	0
0	0
0	0
0	0
0	0
0	0
0	0
0	0
0	0
0	4
0	0
0	0
0	0
0	0
0	0
0	95
0	62
0	74
0	61
0	75
1	95
0	59
0	1
0	3
0	0
0	0
0	0
21	818
698	2393
21	753
2	165
0	157
0	112
22	182
8	42
0	400
26	655
0	502
17	568
0	271
1	33
0	15
16	28
0	0
0	0
0	0
132	41
3	8
9	465
3	6425
4	97
0	687
20	6359
0	27
3	4196
0	6365
21	6359
0	0
0	0
72	4889
0	5012
16	285
1	93
4	272
119	5000
3	94
2	387
0	0
0	0
0	1
0	1
0	1
0	1
0	1
0	1
0	0
0	2
0	2
0	1
0	0
0	1
0	0
0	1
0	0
0	0
0	0
0	0
0	0
0	0
0	0
0	0
0	0
0	0
0	0
0	0
0	26
0	26
0	0
0	0
0	0
0	0
0	0
0	0
0	0
0	0
0	0
0	0
2	0
1	2
0	0
0	0
0	0
0	0
0	0
0	4
0	0
0	54
0	54
7	53
0	34
0	17
0	0
0	0
1	191
26	708
0	393
1	330
41	19
6	12
0	69
4	325
99	0
2	112
4	80
0	12
0	108
0	3
96	0
0	976
1	885
8	426
30	245
12	65
0	87
0	0
1000	241
38	224
0	223
0	0
1	0
0	0
2	654
9	8
6	648
4	65
0	516
0	222
33	1386
0	1389
0	438
33	1867
1	1741
0	1976
0	859
1	40
27	0
5	418
0	418
3	406
0	397
1	49
0	9
3	1
0	23
1	142
1	142
4	142
6	55
0	142
4	30
0	142
0	0
7	0
185	27
0	27
0	0
0	0
0	780
0	841
0	847
0	819
19	799
2	720
1	104
1	109
0	43
0	0
0	0
0	0
0	0
0	1
1	2
0	2
0	0
0	1
0	0
1	11
0	0
0	0
0	0
0	0
0	0
0	0
0	0
0	0
0	3
0	3
0	0
0	0
0	0
0	0
0	0
0	0
0	0
0	0
0	0
0	0
0	0
1	1547
0	0
0	0
0	0
0	0
0	0
0	0
10	84
7	131
0	39
2	495
1	13
33	703
747	719
3	103
37	85
7	85
9	174
2	22
0	161
10	83
0	1
1	1
1317	0
0	0
607	392
0	392
5	437
14	69
2	232
0	207
0	17
0	0
0	6
0	0
0	0
0	24
1	24
0	0
3	5
0	3
0	1
0	0
0	0
0	0
0	0
0	0
0	0
1704	6
38	48
0	0
0	0
0	48
0	0
0	0
0	0
0	0
0	0
0	0
0	0
0	0
0	0
0	0
0	0
0	0
0	0
32	119
0	0
6	0
0	0
0	0
1	3701
218	1165
21	390
0	1047
0	61
0	80
2668	0
0	0
0	0
0	0
0	0
0	0
0	0
0	0
0	0
0	0
0	0
1	0
0	0
2	0
1	0
0	0
0	0
0	0
2	208
0	204
1	160
0	78
0	0
0	0
0	0
0	0
0	0
29	373
1	453
0	400
7	103
0	0
0	0
0	0
22	0
0	0
0	0
103	243
129	243
0	0
0	0
0	0
0	0
0	0
0	0
0	0
2	0
0	0
0	0
0	0
1	0
0	7
0	12
1	12
0	2
0	0
0	16
0	0
0	0
0	0
0	0
0	0
0	0
0	0
0	0
0	0
0	0
0	0
0	0
0	0
0	0
0	0
0	0
0	0
0	0
0	0
0	0
0	0
0	0
0	0
0	0
0	0
0	0
0	0
0	0
0	0
0	0
0	0
0	0
0	0
0	0
15	0
0	15
0	0
0	0
0	0
0	0
0	0
109	0
0	0
71	0
0	275
0	0
97	822
0	765
0	389
0	710
0	710
9	587
2	130
0	0
0	0
1727	0
0	0
9	171
17	869
0	817
0	88
0	500
0	0
59	7307
30	6942
0	3367
0	0
2	7289
92	7403
12	3282
0	408
59	2218
1	476
54	705
8	5
0	5
0	0
0	0
0	0
0	0
0	0
0	0
0	0
5	286
952	268
67	126
0	2
0	1
0	2
0	1
0	0
0	0
5	170
17	301
0	103
0	41
0	87
3	66
1	3
3	9
316	542
129	956
1	945
0	988
0	531
0	154
0	0
0	0
0	0
0	0
0	0
0	0
0	0
0	0
0	0
0	0
0	0
0	0
0	0
0	0
0	0
0	0
0	0
0	0
0	11
0	2
0	0
0	0
0	0
0	0
4	28
0	28
0	30
0	11
0	0
0	0
0	0
2	9
0	0
0	0
0	9
0	6
0	2
0	0
0	0
0	0
2	0
17	56
0	0
0	0
0	0
0	0
0	1353
0	1346
0	1399
1	195
21	856
0	0
0	0
0	0
0	0
0	0
1	0
0	0
2	4
0	0
0	0
0	3
0	0
0	0
0	0
0	0
0	0
0	0
0	0
0	0
1	0
0	0
2	0
0	0
0	0
1	0
0	0
0	0
0	0
0	0
0	0
0	0
0	0
0	0
0	0
0	0
0	0
0	0
2	19
0	2
0	0
0	0
0	0
0	0
0	0
0	0
0	0
0	0
0	0
0	0
0	0
0	0
0	0
1	60
0	0
0	0
0	0
0	0
0	0
0	0
0	0
0	0
0	5
0	5
0	0
0	0
0	0
0	0
0	0
0	0
0	0
0	0
0	0
0	0
0	0
0	0
0	0
0	0
4	3
0	3
0	0
0	0
0	0
0	0
29	56
0	0
0	0
0	0
0	0
0	0
0	0
0	0
0	0
0	0
0	0
0	0
0	0
0	0
0	0
0	0
0	0
0	0
0	0
0	0
0	0
0	0
0	0
0	0
0	0
0	0
0	0
0	0
0	0
0	0
0	0
0	0
0	0
0	0
0	0
0	0
0	0
0	2
0	0
0	0
2	2033
2	5
25	59
21	743
9	743
1	1874
0	1831
0	1915
0	1977
0	1956
0	0
2	570
2	40
26	23
0	5
0	3
0	5
0	0
9	540
0	0
0	0
0	0
0	0
0	0
6	12
0	0
0	9
1	1493
4	3
0	0
0	0
1001	207
0	207
363	5
0	0
1	0
0	0
0	15
0	0
0	0
0	0
283	163
0	209
1	97
0	81
0	0
0	0
0	0
1	9
0	0
0	0
0	0
0	0
0	0
0	0
0	0
0	0
0	0
0	0
1	137
0	136
53	142
0	0
0	289
0	1399
0	221
0	1312
0	1418
0	1225
16	384
0	610
0	1331
62	818
0	1316
23	74
13	128
22	569
10	82
0	1199
0	1277
0	204
1	54
0	54
0	54
2	21
0	27
3	788
8	817
0	874
0	796
0	142
9	74
0	0
0	1
0	0
0	0
28	1380
48	1402
0	1368
8	1402
4	565
12	770
0	0
0	0
0	0
0	0
1	243
0	649
13	702
0	653
3	50
3	94
1	0
0	0
0	0
0	36
27	36
0	0
0	0
0	0
0	0
0	0
0	0
0	0
5	0
0	0
0	0
0	0
0	0
0	0
21	17
0	15
0	0
0	3
0	0
0	0
0	0
0	0
0	0
0	0
0	0
0	0
78	696
0	694
0	696
2	219
1314	143
10	143
0	0
9	247
4	247
0	6
0	0
0	2
0	0
0	2
0	0
4	0
3	13
0	10
0	4
0	1
0	58
6	53
4	59
0	27
0	6
0	2
0	2
0	0
0	0
0	0
0	0
0	0
0	1
0	1
0	1
0	0
0	0
0	0
0	0
2	78
0	77
3	62
0	13
0	24
2	22
0	23
0	11
0	23
0	5
1	2
394	0
0	15
0	15
0	15
0	1
0	4
0	2
0	19
0	0
0	0
0	1
0	0
0	0
6	947
14	947
12	0
0	0
0	0
0	0
10	0
0	0
41	0
160	199
6	199
0	80
5	944
771	2530
2	698
27	30
0	2264
4	470
2	271
12	275
0	18
0	18
4	18
0	0
73	0
0	59
0	59
2	59
2	23
2	22
516	5278
0	4390
0	3622
0	5486
31	829
3	3400
5	617
0	4265
11	972
35	1999
0	361
0	193
1	328
3843	30
231	325
10	325
0	0
0	32
0	30
0	27
0	32
2	11
5	20
2	21
0	3
0	3
221	2204
24	2038
0	1083
17	364
7	99
20	1058
0	228
0	767
0	461
23	2673
160	2146
0	542
3	1248
22	1185
0	1986
0	329
45	1334
17	147
0	147
2	0
0	0
79	2213
1	2169
17	1932
4	112
2	96
4	275
4	100
11	94
9	175
0	161
3	218
0	57
0	31
6	122
0	2
0	0
0	2
0	0
0	122
0	105
0	101
0	117
0	98
0	99
0	105
0	115
0	118
0	93
0	98
0	6
0	12
0	16
0	394
2	11
0	9
1	7
1	0
2	292
11	846
2	956
23	841
1	546
0	526
0	317
17	463
8	24
26	287
6	24
2	61
2	160
5	179
0	24
6	127
0	153
0	33
1	10
0	46
1	42
0	25
32	5083
0	2186
46	5031
4	295
0	299
0	144
0	0
2	2183
0	2162
0	1339
0	1280
3	1548
0	1616
22	1612
0	271
1	135
0	1093
0	1210
0	445
0	584
33	163
0	87
0	126
0	86
0	160
3	198
0	26
0	24
1	90
0	0
0	0
10	1922
0	1911
2	522
0	436
0	305
81	0
0	0
0	0
0	0
0	8
0	0
0	0
0	0
0	0
0	0
8	710
0	0
0	0
0	53006
261	55054
0	54993
0	54500
0	50702
7	3072
112	3100
75	1268
0	3286
54	1799
1	2927
35	1483
1	4290
4	2758
76	2073
0	667
197	613
0	399
4	183
0	339
0	490
24	764
0	13
211	18794
4	14051
0	5798
123	18794
88	1548
2	6867
5	7654
18	8735
12	697
0	2709
72	2471
0	21
0	357
0	357
0	315
0	315
1	128
0	78
0	0
7	20
1	75
0	0
0	3
0	25
0	1047
85	203
0	256
10	1018
27	1032
6	362
0	421
0	1015
1	248
1	311
0	315
0	357
1	285
0	307
0	50
20	39
0	281
1	371
1	266
0	281
336	3998
3	827
7	1105
0	3985
31	672
0	1011
1	937
0	520
4	671
0	281
0	2041
34	1930
0	251
2	1837
0	140
0	171
0	455
0	378
0	368
2	241
131	316
14	316
0	0
1	0
0	8
70	244
1	238
4	9
3	28
0	17
1	22
0	15
9	41
15	339
62	337
3	331
0	995
0	796
1	381
10	160
2	478
12	92
0	49
0	538
0	678
18	665
17	697
38	668
0	535
0	566
0	355
0	282
1	224
0	201
0	30
2	104
0	32
7	132
0	1885
0	1831
0	302
1743	1559
4	1557
0	623
1	322
0	744
0	1896
5	1896
0	853
0	2
7	94
2	134
0	329
0	1881
0	1397
0	1711
3	67
3	298
0	238
0	0
0	0
4	4
0	0
0	0
0	0
0	0
0	0
0	0
0	0
0	0
0	0
0	4
0	0
0	0
0	3
0	0
0	0
0	1
0	0
0	0
0	0
0	0
0	0
0	0
0	0
0	0
0	4
0	0
0	0
0	0
0	0
0	0
0	0
0	0
0	6
0	0
0	12
0	7
0	8
0	0
0	0
436	699
0	271
2	86
16	74
2	143
0	245
4	70
1	363
1	198
0	232
0	189
0	0
9	88
196	841
0	617
1	785
0	240
0	14
3	47
0	153
0	122
18	207
0	73
0	0
0	27
0	0
0	0
0	0
1	2
5	65
0	65
2	250
0	0
0	2
3	0
545	65
2	45
0	26
26	46
0	32
9	9
12	88
0	75
0	58
142	13
176	685
0	497
28	431
19	602
0	146
0	22
44	378
0	0
0	0
0	0
3	333
944	333
6	188
2	0
53	0
2	0
0	0
0	1
35	536
0	1
0	11
86	597
0	70
0	192
52	2393
1	2266
5	2393
1	2393
0	1524
6	0
0	0
0	0
0	0
0	0
2	14
0	0
0	0
0	0
0	0
0	0
0	0
0	0
0	0
0	0
0	0
0	0
0	0
0	0
0	0
0	0
0	0
0	0
0	0
0	0
0	0
0	0
0	216
2481	1226
139	1224
0	0
0	0
0	0
0	0
5	0
1281	365
9	363
0	0
0	0
0	0
0	0
0	0
0	0
0	0
0	0
0	0
0	0
0	0
0	0
0	0
0	0
0	0
0	2
0	0
0	0
0	0
0	111
0	112
0	112
4	0
0	8
8	9
0	5
5	1
0	1
0	0
0	0
0	0
0	0
0	0
0	0
0	0
1	15
0	0
0	0
17	244
70	100
0	6
0	10
0	4
0	20
0	66
0	0
0	0
0	0
0	0
0	6634
0	0
0	0
0	723
13	136
0	0
0	0
0	75
3	217
233	268
0	0
0	0
28	491
0	0
0	0
0	0
0	0
0	0
0	0
0	0
0	0
0	0
24	111
234	1856
1	268
0	0
0	0
0	0
0	1553
1	1
2	0
0	13
0	414
4	69
0	0
13	24
15	253
0	942
0	339
4	499
0	1047
0	111
0	0
0	0
0	0
0	0
670	30
0	31
2	2
4	7
0	0
4	1090
0	1128
2	1073
0	1176
0	24
5	71
7	178
0	0
0	0
12	38
2	0
0	0
0	0
5	1
0	1
38	0
0	0
0	0
0	0
0	0
0	0
0	0
0	0
0	11
0	0
0	0
0	0
0	0
0	0
0	0
3	3
0	3
0	2
0	0
1	0
1	0
0	0
0	0
0	0
0	0
0	0
0	2
0	0
0	0
0	0
0	0
0	0
1	70
0	0
0	0
0	0
0	36
0	0
0	0
0	0
0	0
0	0
0	0
0	0
0	0
0	0
0	0
0	0
0	0
1	0
0	0
0	0
0	0
0	0
0	0
1	85
0	0
0	0
0	0
0	0
0	0
0	0
0	0
0	0
1	0
0	0
0	0
0	0
0	0
0	0
0	0
0	0
0	0
0	0
0	0
0	0
0	0
0	0
0	0
0	0
0	0
0	0
0	0
0	0
0	0
0	0
0	0
0	0
0	0
0	0
0	0
0	0
0	0
0	0
0	2
0	3
0	2
1264	111
0	90
0	0
0	0
3	23
0	16
0	0
0	87
5	87
0	2
828	147
0	100
0	47
0	0
0	0
0	0
0	0
0	0
0	0
0	0
0	0
0	0
0	0
0	0
1	2086
0	2049
8	2056
0	258
3	273
1	77
2	0
6259	3051
0	2431
1	1426
1	15
0	58
0	117
0	206
28	112
0	114
0	142
0	172
176	171
0	0
0	0
0	0
0	0
0	0
0	0
0	0
0	0
39	397
1	573
2	569
0	573
0	0
0	0
3	0
0	0
0	0
324	3760
0	675
0	945
6	3756
2	419
4	374
1	95
0	0
0	0
0	0
1	0
92	24
16	24
0	0
233	571
24	0
8	0
2	1
0	0
0	571
0	0
47	0
0	162
0	76
0	163
0	144
0	139
0	148
8	124
0	124
8	83
0	94
1	85
0	28
0	87
0	4
0	7
0	96
0	48
0	32
0	14
0	12
0	0
0	0
0	0
0	0
815	2
0	0
0	0
0	0
0	0
0	111
0	101
0	116
14	15
0	0
0	26
48	12
0	5
0	805
0	754
20	579
6	95
0	81
0	87
31	312
1560	305
26	301
7	117
0	0
0	0
0	0
4	72
7	72
0	0
3	0
0	0
0	2
0	2
1	2
0	2
0	0
0	0
208	4715
33	2939
0	4735
7	1728
27	2051
59	467
24	0
0	1
0	2
0	0
0	2
0	0
0	0
0	0
0	0
0	0
0	0
66	19
0	16
19	16
0	11
0	0
0	0
77	0
0	0
0	0
5	0
290	822
0	768
0	78
0	49
13	244
0	285
0	0
0	158
9	103
0	0
1	16
48	85
0	1200
2	737
0	60
89	603
2879	1264
0	767
0	0
1	8
145	35
0	6
0	21
0	0
1898	487
5	485
1	0
0	0
0	0
3	1863
35	1416
0	1861
45	1673
4	1304
0	0
0	0
2	0
0	6
0	38
0	36
0	40
0	40
0	40
0	40
0	41
0	6
0	3
1	0
1	0
2	0
0	0
0	0
0	0
0	26
2	26
0	0
1041	417
131	417
0	0
0	0
0	0
0	0
66	0
0	0
0	0
0	0
0	0
0	0
0	0
0	0
10	807
68	809
0	756
0	364
1713	204
1	7
7	197
0	0
1	1
0	18
0	18
0	14
0	0
2	0
0	0
0	1467
0	1469
0	1503
0	1677
15	1674
31	1642
3	27
1	237
0	2
0	2
0	0
0	0
0	0
0	0
0	66
0	14
0	13
0	14
0	15
0	1
0	2
1	0
41	308
0	0
426	624
27	475
0	256
0	0
0	0
335	518
1	210
0	329
0	3
0	3
0	55
32	81
0	25
5	24
0	28
20	2263
0	2286
0	2300
0	2264
7	105
0	68
17	910
0	161
16	160
0	73
0	34
0	8
0	35
0	37
0	2
0	3
0	950
45	950
10	950
6	1076
0	1159
0	1066
0	1131
0	55
2	96
0	263
1	9
17	147
0	381
0	269
0	344
1	232
2	335
2	133
0	66
25	42
1	64
0	732
3970	4632
70	1919
26	966
54	2218
13	452
27	723
14	0
2	0
1	0
0	0
0	3739
7	3595
0	3146
1	3691
1	2151
0	63
1	227
16	4295
15	602
894	4742
1	663
207	779
8	605
39	3558
0	24
0	0
0	0
9	0
0	46
0	0
0	0
0	0
0	0
0	0
0	0
0	0
0	0
0	0
2	8
0	4
0	4
228	55
0	0
0	5
0	3
0	0
1	1
3	92
0	94
0	94
0	2
3	46
0	0
139	369
0	364
0	45
752	0
0	2
12263	6487
11	4777
45	1465
0	0
13	45
2	45
1	20
0	11
0	5
0	1
1	1
0	0
79	154
0	73
4	135
10	142
0	30
0	1069
0	997
0	1035
0	1047
0	1036
0	1038
4	574
0	0
0	2
0	0
0	0
0	0
0	0
0	0
0	34
0	0
0	0
0	0
0	0
0	0
0	0
0	0
0	0
0	0
0	0
0	0
0	0
0	0
0	0
0	0
0	0
0	0
0	0
0	0
0	0
0	0
0	0
0	0
0	0
0	0
0	0
0	1
1	1
0	1
0	0
0	0
33	600
0	0
0	0
0	0
0	0
0	0
0	0
0	0
0	0
0	0
0	0
0	0
0	0
0	0
0	0
0	0
452	0
0	0
4	0
0	1
11	11
0	11
37993	2117
14	1541
0	0
0	29
0	0
0	0
0	10
0	14
52	19
0	22
4	42
0	1
0	9
36	5
0	34
1	29
2	13
0	4
23	8
7	1
11	0
0	0
0	0
0	0
11	82
0	70
0	90
0	162
0	124
1	147
100	145
23	194
0	0
0	0
0	0
116	29
0	88
0	71
0	0
1	0
0	0
0	0
0	22
0	44
0	0
0	0
0	0
0	0
0	0
87	14
0	7
0	7
3	41
0	41
5	0
0	0
0	0
1	0
16	6761
39	6741
62	78
0	0
0	0
0	0
0	0
2	132
0	132
0	95
0	0
2549	114
4	114
88	2302
2	0
698	0
709	0
0	0
0	67
0	0
1	0
0	61
0	0
0	0
5	189
0	168
4	176
20	133
0	145
0	74
0	13
0	36
0	53
0	58
3	35
20	40
0	10
3	0
1	0
4	0
451	380
87	372
48	68
181	0
1	5
0	0
0	248
0	0
0	0
4	1
0	1
2	0
0	0
0	0
0	0
0	0
0	0
0	0
0	0
0	2
3	0
1958	5649
23	32
0	63
2	311
4	367
0	0
2	259
5	333
1	331
10	18
200	137
0	212
10	1224
0	1450
1	200
158	748
0	0
14	2935
0	1558
6	1117
3	1254
0	777
18	558
0	419
8	23
0	372
69	332
0	353
24	347
10	117
0	4091
0	3677
0	4091
0	1485
0	1006
1739	3268
0	177
7	3091
70	2154
31	2154
0	196
35	106
0	0
154	0
0	0
1693	10449
2	10445
2	1506
1	194
0	194
0	17
0	0
0	0
0	5
0	0
0	0
0	0
0	0
2	0
0	0
0	0
0	0
0	0
0	0
0	0
0	0
68	29
0	29
0	8
2	8
0	0
0	0
0	0
0	0
0	0
0	0
0	0
0	0
0	0
0	0
2	0
12	0
0	54
0	54
8	54
0	1
0	8
0	2
0	8
0	1
0	8
0	0
0	0
0	19
0	20
0	18
0	17
0	0
0	0
0	1
0	19
0	0
0	0
43	0
0	0
0	0
0	0
0	0
0	0
0	0
0	0
0	0
884	100
1	100
0	3
0	1
0	0
0	3
0	0
0	0
0	0
0	0
0	0
23	9
35	66
65	75
455	1559
0	1469
0	1438
12	233
1	107
6	1
2	4
0	6
0	3
1	8
36	4
5	10
9	8
0	0
26	0
2	0
251	22
0	0
0	0
2723	438
0	432
0	189
0	0
1	0
0	0
17	0
0	0
2	0
0	2
0	0
0	0
0	0
0	0
0	0
1	0
0	0
0	0
0	256
0	275
3	269
0	273
0	174
0	27
0	41
0	28
0	10
0	11
0	11
0	9
0	40
0	40
0	0
0	0
0	0
0	0
0	0
0	0
0	0
0	0
0	0
0	113
0	0
0	0
0	0
0	0
268	404
12	127
5	280
0	0
0	0
0	0
0	0
4	15
2	15
7	36
0	121
8	117
0	21
4057	0
38	0
0	0
0	0
0	0
0	0
0	0
0	0
0	0
0	0
0	1280
1	1209
0	177
13	480
0	0
0	46
0	0
0	14
0	17
0	14
2	16
0	27
0	20
0	2
0	0
0	13
0	0
0	0
0	0
0	0
0	0
0	68
0	63
0	56
1	0
1	34
0	2
0	0
1	0
0	0
0	0
0	0
0	0
1	8
1	4
0	0
0	0
0	0
0	0
0	0
0	0
0	0
0	0
0	0
0	0
0	0
0	0
0	0
0	0
1	0
0	0
0	0
0	0
0	0
0	0
0	0
0	0
0	0
0	0
0	0
0	0
0	0
0	0
0	0
0	0
0	0
0	0
0	0
0	0
0	0
0	0
0	4
0	4
0	0
0	0
0	0
0	3
0	8
0	8
0	0
0	10
0	8
0	0
0	0
0	7
0	5
0	0
0	1
0	1
0	0
0	0
0	0
0	0
0	0
2	8
0	0
0	0
0	0
0	0
0	1
0	0
1	4
0	0
0	2
40	0
0	0
0	0
0	0
0	0
0	22
5	4
0	3
0	21
0	3
0	4
0	0
0	0
0	0
0	0
0	0
0	1
0	2
0	0
0	0
0	0
0	0
0	4
0	2
0	0
0	0
0	0
0	0
0	0
0	0
0	1
0	2
0	0
0	0
0	0
0	43
0	0
0	43
0	0
0	0
0	0
0	0
0	43
0	0
0	0
0	0
0	0
0	43
0	0
0	0
0	43
0	0
0	0
0	0
0	0
0	0
0	0
0	43
0	0
0	0
0	43
0	0
0	0
0	0
0	43
0	0
0	0
0	0
0	0
0	43
0	0
0	0
0	0
0	0
0	0
0	0
0	0
0	0
0	0
0	0
0	0
0	0
0	0
0	0
0	412
0	0
0	0
0	0
1	42
0	0
0	0
0	0
0	0
0	0
0	0
0	0
0	0
0	0
0	0
0	0
25	643
0	1047
13	704
0	726
0	25
0	1075
11	0
0	0
0	0
0	1
0	0
0	0
0	0
0	0
0	0
0	0
0	0
0	0
0	0
0	0
0	0
0	0
0	0
0	0
0	0
0	0
0	0
0	0
32	361
8	357
0	300
0	0
0	5
0	0
199	113
0	61
0	58
0	25
0	0
43	471
33	471
3	317
48	318
8	182
0	50
0	63
1	0
12	1893
0	2345
43	1091
6	193
0	307
67	2098
1	279
1	230
0	0
136	513
0	431
0	387
0	12
1	12
9	0
1	0
0	0
25	947
0	980
4	939
5	953
38	88
35	0
9	538
6	530
0	38
17	190
11	222
1	39
27	55
0	54
0	45
0	15
0	49
0	0
0	0
0	0
0	2
0	0
686	370
3	39
0	27
3	29
0	0
0	2
0	0
605	4857
7	4597
0	3024
0	2648
11	474
10	842
0	726
0	726
0	31
211	2204
10	2158
59	1996
0	1773
14	2229
0	9
0	0
0	0
256	0
1	224
1	233
1	13
0	243
0	232
0	3
3	9
0	223
0	223
1	29
0	3
1	0
0	25
1	25
3	5
0	1
44	895
2	653
1	895
0	0
0	298
3	327
0	331
2	321
0	50
0	0
1	7
0	0
0	0
0	3
0	3
0	3
0	3
0	36
1	36
0	24
0	19
0	0
0	0
0	0
0	0
0	0
0	0
0	0
15	12
0	0
0	0
0	0
0	0
0	0
0	0
0	0
0	1
0	1
0	0
0	0
0	1
0	1
0	0
0	0
0	0
0	0
0	0
0	0
0	36
3	56
0	52
0	5
5	16
0	13
0	0
0	0
0	0
0	0
0	0
0	0
0	0
114	121
24	108
17	857
0	868
11	841
66	98
37	97
0	0
0	0
0	752
0	289
0	40
0	111
0	109
1	3
0	3
2	30
0	26
0	19
1	24
0	24
0	21
0	287
0	90
1	284
1	4
0	0
22	17
2	17
106	7
1	0
0	0
0	0
81	66
2	378
87	378
0	41
4	5
0	0
2	14
0	1
0	0
101	419
1	363
4	334
1	3
0	0
1	0
498	2306
4	2306
10	630
43	681
39	597
2	624
0	0
0	0
0	0
0	0
0	1
0	0
0	0
0	0
0	0
0	0
0	0
0	0
0	0
0	0
0	0
0	0
0	0
0	0
0	0
0	0
0	0
0	0
0	10
0	2
0	0
0	0
6	41
0	43
0	33
1	0
0	0
71	0
2	6710
0	6711
0	6720
107	6773
0	5986
0	6713
0	6328
0	2511
0	2387
0	1851
0	316
1	291
0	1015
4	386
1	22
0	6
0	11
0	0
0	7
27	19
0	7
0	0
1	8
0	0
0	3
24	61
4	60
3	7
0	3
10	0
0	0
0	0
0	0
0	0
10	48
5	30
0	19
9	11
0	25
0	11
0	23
0	2
0	1
1	65
2	55
1	62
0	1
3	77
0	88
0	56
0	54
0	21
0	9
0	4
4	0
0	0
1932	0
0	0
0	1
0	0
0	0
0	0
0	0
0	0
0	0
0	0
0	0
0	0
0	0
0	0
0	0
0	0
0	0
0	0
0	0
0	0
0	0
0	0
0	0
0	0
0	0
0	0
0	0
0	0
0	3
0	0
0	3
1	3
0	0
0	1
0	1
0	0
0	0
0	0
0	0
0	1
0	14
0	14
0	0
0	1
0	1
0	14
0	14
1	0
0	0
0	0
0	0
0	0
2	149
0	1
4	149
1144	4977
416	4976
1	1282
0	0
0	0
1554	167
0	33
0	167
22	0
0	0
4401	553
0	81
0	553
19	728
1	541
9	727
0	114
0	70
0	155
0	155
0	85
0	40
0	40
3	134
0	0
10	361
0	369
0	277
0	89
0	71
11	63
4	0
0	0
0	0
0	0
0	0
0	0
0	0
0	0
0	0
3	0
0	0
0	0
0	0
0	48
361	94
9	887
92	967
31	930
16	486
0	420
0	0
0	0
0	0
0	0
4	190
4	1263
0	566
53	1238
0	0
9	45
0	0
2	0
2	0
0	0
0	1
264	602
1	602
155	436
14	436
11	648
0	437
0	582
0	183
0	225
2	7
2	69
188	88
0	88
2	10
0	0
0	0
0	0
16	795
1	795
0	0
0	331
4	43
0	0
1	0
0	0
0	0
0	0
0	0
0	0
1	4
0	0
0	0
0	0
1	2
0	0
1	382
3	382
2	390
1	21
2	359
1	330
0	0
0	2063
35	2040
10	2037
1	2087
0	19
0	0
0	0
0	0
0	0
0	17
0	0
3	236
16	460
0	4285
4	238
12	4714
0	4734
5	824
6	5
0	0
1	110
0	0
0	4117
1130	0
0	0
1	0
0	0
0	171
0	186
117	167
0	167
8	35
0	0
0	180
0	25
0	183
1	1
0	17
0	13
0	183
0	180
0	183
0	183
324	9
8	9
0	0
5	3
0	3
0	3
0	1
0	1
0	1
0	0
35	0
0	0
0	0
0	1
0	0
0	0
62	51
0	102
0	100
0	25
0	28
0	21
0	82
1	9
0	131
0	0
0	7
12	6
0	72
3	10
1	63
1	4
0	0
0	0
0	4
0	4
0	0
0	0
0	0
0	0
0	0
0	0
0	0
0	0
0	0
0	0
2	0
0	0
0	2621
0	2750
2	2572
6	680
2	85
20	485
4	7
0	0
0	0
0	0
0	0
0	14
0	0
0	0
0	0
2	836
0	0
0	0
0	0
0	1
0	0
0	0
0	0
0	0
0	0
0	1
0	1
0	1
0	0
0	0
0	0
0	0
0	0
0	0
0	0
0	0
0	0
0	0
0	6
0	6
0	0
0	0
0	95
0	124
2	63
0	124
1	55
6	0
0	6
0	0
0	0
0	0
0	0
0	0
0	0
0	0
0	0
0	0
0	0
0	0
0	0
0	0
0	0
0	0
0	0
0	0
0	0
0	0
0	0
0	0
0	0
0	0
0	0
0	0
0	0
0	0
0	0
0	0
0	0
0	0
0	0
0	0
0	0
0	0
0	0
0	0
0	0
0	0
0	0
0	0
0	0
0	0
0	0
0	0
0	0
0	0
0	0
0	0
0	0
0	0
0	0
0	0
0	0
0	0
0	0
0	0
1	30
0	0
4	0
0	0
0	0
0	16
0	45
0	33
0	253
15	282
0	252
11	208
0	184
0	184
119	31
0	0
6	1
0	0
11	0
64	137
0	130
1	10
0	0
0	10
0	2
0	2
125	219
6	185
2	202
0	219
0	14
0	76
1	77
10	86
5	21
2	10
0	45
0	40
5	35
3	1
1	7
0	106
0	104
0	56
0	68
0	55
0	11
0	11
0	14
1	4
0	0
0	39
0	0
0	1
4	975
3	963
28	970
0	900
0	843
0	0
3	260
0	406
0	246
0	286
3	236
77	16
0	0
3	2
4	14
0	0
34	2533
1	2519
1	240
4	37
0	359
0	108
4	93
0	0
0	155
10	155
0	1
0	26
0	322
11	291
1	215
0	131
0	0
0	0
0	0
2	117
0	117
0	110
0	152
0	13
0	213
0	0
10	0
0	1
0	1
22	62
31	0
11	566
2	566
0	0
14	8
2	0
3	357
0	578
0	997
8	621
0	586
1	440
0	1003
1	94
0	0
8	24
0	27
5	338
5	0
0	0
0	0
0	0
0	0
10	23
13	23
11	35
32	3825
5	133
20	1346
178	18936
6	3042
19	4301
3	206
0	285
60	1017
0	4271
0	18541
0	627
0	0
0	5058
12	411
0	160
13	370
8	140
8	279
0	0
0	0
4	163
3	472
15	140
0	0
0	0
0	1050
0	834
0	951
0	416
91	0
1	0
7	1640
1681	2203
4	149
0	106
3	131
9	199
12	112
0	0
0	503
0	506
0	510
0	17
1	17
1	36
0	416
33	5937
206	6057
14	1441
10	5755
4	503
2	403
60	10
0	12
0	8
1	2
0	0
2	0
0	2
1	2
0	407
8	307
4	410
5	85
0	30
5	2
4	2
0	3
0	1
0	3
3	1
0	3
1	42
0	27
0	38
0	23
0	0
0	0
0	0
0	0
8	1729
0	846
6	1698
2	1019
0	143
1	95
0	0
0	0
0	0
0	0
0	0
5	2662
0	2571
33	6801
1	0
83	0
0	0
0	0
0	0
0	0
0	0
12	12
1	12
0	0
0	0
2	43
2	43
1	0
847	0
0	0
0	0
0	0
0	0
0	0
6	142
0	142
0	0
5	194
3	114
14	124
7	125
0	55
0	0
1	0
0	9
4	10
27	10
0	0
0	0
0	0
0	0
0	0
0	0
0	0
0	0
0	0
0	0
0	0
0	0
0	0
0	0
0	0
0	0
0	0
0	0
0	0
0	0
0	0
0	0
0	0
0	0
0	0
0	0
0	0
1	38
0	0
0	0
0	0
0	0
0	0
0	0
0	0
0	0
0	0
0	0
0	0
0	1
1	2
0	0
6	0
96	3621
30	3177
11	1355
313	1625
114	2714
4	2744
42	468
0	0
5	24
124	958
0	952
5	341
0	0
298	589
0	416
12	173
0	0
0	1
0	0
6	26
0	26
0	1
0	0
0	0
0	0
0	0
0	0
0	0
0	0
0	0
13	314
0	0
0	1
0	2
0	0
0	1
0	0
0	0
0	5
0	0
252	546
0	535
0	15
19	282
0	56
1	159
0	6
498	208
0	197
0	197
0	105
0	15
37	86
2	35
2	54
0	0
0	0
0	0
0	0
0	0
0	0
0	0
6	0
0	216
0	216
21	213
2	52
6	74
1	55
1	50
0	0
0	0
0	0
7	11
0	11
0	0
0	0
0	0
0	1
0	0
0	0
0	0
0	1
0	0
1	0
0	0
1	2375
8	19
2778	2378
5	166
0	197
0	88
5	267
0	146
1	361
0	348
2801	348
0	0
5	49
0	26
0	0
0	13
0	52
1	1
0	2
103	383
0	383
1	11
22	30
12	17
1	0
3	0
46	1804
20	613
0	1078
0	156
0	1192
0	1595
56	1541
0	1402
0	1551
0	342
2	324
3	1049
2	900
0	198
382	0
0	0
0	0
5511	1639
10	637
6	996
6	6
0	0
0	0
0	0
0	0
0	73
0	73
0	73
0	73
0	73
0	73
0	0
1	0
3	37
0	0
0	608
2	40
42	113
0	640
2	611
3	284
0	60
0	38
0	0
3	479
0	0
16	7
0	7
0	0
0	0
0	0
0	0
0	0
0	149
0	145
7	153
0	0
0	10
256	149
2	0
9	0
0	6
0	26
0	27
0	33
0	39
0	39
0	32
0	5
2	6
0	0
0	0
0	0
0	0
0	0
0	0
0	0
0	0
0	0
6	76
5	76
0	0
0	0
92	194
0	194
0	0
0	0
0	0
0	0
0	0
0	34
10	1150
7	1174
1	1191
0	48
5	1
6	1116
1	0
0	0
0	0
0	0
0	0
1	0
0	0
0	0
71	5243
11	4715
3	3454
3	1273
24	157
23	532
9	560
0	529
2	258
0	251
0	5
0	1
0	0
0	0
1468	474
5	470
0	0
0	0
1	677
0	79
0	70
4	1043
30	1052
6	902
2	10
0	1040
1	324
0	33
5	1
0	1
81	0
0	304
0	0
0	0
0	0
0	0
0	0
0	0
0	0
91	0
0	0
0	0
3	172
4	172
224	100
1	132
56	175
4	29
5	12
12	2
331	148
6	78
2	84
2	34
69	4
7	4
1	159
0	159
13	37
0	0
0	0
0	0
0	0
0	33
0	33
0	18
7	30
1	30
0	0
0	150
77	171
2	22
12	137
17	93
0	0
23	18
2	18
1	172
5	724
0	829
10	797
0	212
4	165
1	812
0	262
95	212
9	49
0	7
1	48
0	0
0	0
0	0
4	543
57	542
96	448
25	194
2	204
17	170
1	71
0	6
4	15
35	124
0	124
0	0
0	0
0	0
0	0
0	0
0	0
2	62
3	75
0	61
0	75
3	16
2	26
0	0
3	535
0	382
0	385
0	89
0	89
0	521
0	522
0	368
0	369
0	371
0	372
2	16
623	0
1	195
18	48
1	160
0	185
441	360
1	338
1	49
0	0
0	2
168	111
0	88
0	23
8	0
1	0
2	0
0	1018
0	0
0	0
0	0
0	0
1	0
0	0
0	0
0	0
2	0
1	0
2582	14549
15	14549
53	7923
2	60
0	57
2	3
0	6
0	3
0	33
0	34
0	29
0	0
0	0
0	0
1366	101
0	0
0	0
5	99
0	0
0	26
0	26
0	26
0	17
0	16
0	16
2	13
0	1
0	0
0	0
0	0
0	0
0	0
0	0
9	1608
89	1572
9	543
31	953
0	0
49	298
5	48
3	70
1	111
0	312
0	319
1	0
0	298
0	0
0	0
0	0
0	0
0	0
16	92
0	0
11	562
31	562
1	1
0	1
35	6
0	0
0	382
5	576
0	0
0	1
0	1
0	1
0	572
11	642
3	560
0	576
1	410
7	34
0	19
7	19
4	4
0	40
0	40
7	40
0	38
0	0
1	341
1	0
28	67
3	299
0	298
0	370
0	283
0	0
0	0
0	0
0	0
0	0
0	0
0	0
0	0
0	0
0	0
0	0
0	0
0	0
0	0
0	2
0	0
0	0
0	0
0	0
0	0
0	0
0	0
0	0
0	0
0	0
0	0
0	0
0	0
0	0
0	0
0	0
0	0
0	0
0	0
0	0
0	0
0	0
0	0
0	0
0	0
0	0
0	0
0	0
0	0
0	0
0	0
0	0
0	0
0	0
0	0
0	0
0	0
0	0
0	0
0	0
0	0
0	0
0	0
0	0
0	0
0	0
0	0
0	0
0	0
0	0
0	0
0	0
0	0
0	0
0	0
0	0
0	0
0	0
0	0
0	0
0	0
0	0
0	0
0	0
0	0
0	0
0	0
0	0
0	0
0	0
0	0
0	0
0	0
0	0
0	0
0	0
0	0
0	0
0	0
0	0
0	0
0	0
0	0
0	0
0	0
0	0
0	0
0	0
0	0
0	0
0	0
0	0
0	0
0	0
0	0
0	0
0	0
0	0
0	0
0	0
0	0
0	0
0	0
0	0
0	0
0	0
0	0
0	0
0	0
0	0
0	0
0	0
0	0
0	0
0	0
0	0
0	0
0	0
0	0
0	0
0	0
0	0
0	0
0	0
0	0
0	0
0	0
0	0
0	0
0	0
0	0
0	0
0	0
0	0
0	0
0	0
0	0
0	0
0	0
0	0
0	0
0	0
0	0
0	0
0	0
0	0
0	0
0	0
0	0
0	0
0	0
0	0
0	0
0	0
0	0
0	0
0	0
0	0
0	0
0	0
0	0
0	0
0	0
0	0
0	0
0	0
0	0
0	0
0	0
0	0
0	0
0	0
0	0
0	0
0	0
0	0
0	0
0	0
0	0
0	0
0	0
0	0
0	0
0	0
0	0
0	0
0	0
0	0
0	0
0	0
0	0
0	0
0	0
0	0
0	0
0	0
0	0
0	0
0	0
0	0
0	0
0	0
0	0
0	0
0	0
0	0
0	0
0	0
0	0
0	0
0	0
0	0
0	0
0	0
0	0
0	0
0	0
0	0
0	0
0	0
0	0
0	0
0	0
0	0
0	0
0	0
0	0
0	0
0	0
0	0
0	0
0	0
0	0
0	0
0	0
0	0
0	0
0	0
0	0
0	0
0	0
0	0
0	0
0	0
0	0
0	0
0	0
0	0
0	0
0	0
0	0
0	0
0	0
0	0
0	0
0	0
0	0
0	0
0	0
0	0
0	0
0	0
0	0
0	0
0	0
0	0
0	0
0	0
0	0
0	0
0	0
0	0
0	0
0	0
0	0
0	0
0	0
0	0
0	0
0	0
0	0
0	0
0	0
2	307
0	0
0	0
0	0
0	0
0	0
0	0
0	0
0	0
0	0
0	0
0	0
0	0
0	0
0	0
0	0
0	0
0	0
0	0
0	0
0	0
0	0
0	0
0	0
0	0
0	0
0	0
0	0
0	0
0	0
0	0
0	0
0	0
0	0
0	0
0	0
0	0
0	0
0	0
0	0
0	0
0	0
0	0
0	0
0	0
0	0
0	0
0	0
0	0
0	0
0	0
0	0
0	0
0	0
0	0
0	0
0	0
0	0
0	0
0	0
0	0
0	0
0	0
0	0
0	0
0	0
0	0
0	0
0	0
0	0
0	0
0	0
0	0
0	0
0	0
0	0
0	0
0	0
0	0
0	0
0	0
0	0
0	0
0	0
0	0
0	0
0	0
0	0
0	0
0	0
0	0
0	0
0	0
0	0
0	0
0	0
0	0
0	0
0	0
0	0
0	0
0	0
0	0
0	0
0	0
0	0
0	0
0	0
0	0
0	0
0	0
0	0
0	0
0	0
0	0
1	0
0	0
0	0
0	0
0	0
0	0
0	0
0	0
0	0
0	0
0	0
0	0
0	0
0	0
0	0
0	0
0	0
0	0
0	0
0	0
0	0
0	0
0	0
0	0
0	0
0	0
0	0
0	0
0	0
0	0
0	0
0	0
0	0
0	0
0	0
0	0
0	0
0	0
0	0
0	0
0	0
0	0
0	0
0	0
0	0
0	0
0	0
0	0
0	0
0	0
0	0
0	0
0	0
0	0
0	0
0	0
0	0
0	0
0	0
0	0
0	0
0	0
0	0
0	0
0	0
0	0
0	0
0	0
0	0
0	0
0	0
0	0
0	0
0	0
0	0
0	0
0	0
0	0
0	0
0	0
0	0
0	0
0	0
0	0
0	0
0	0
0	0
0	0
0	0
0	0
0	0
0	0
0	0
0	0
0	0
0	0
0	0
0	0
0	0
0	0
0	0
0	0
0	0
0	0
0	0
0	0
0	0
0	0
0	0
0	0
0	0
0	0
0	0
0	0
0	0
0	0
0	0
0	0
0	0
0	0
0	0
0	0
0	0
0	0
0	0
0	0
0	0
0	0
0	0
0	0
0	0
0	0
0	0
0	0
0	0
0	0
0	0
0	0
0	0
0	0
0	0
0	0
0	0
0	0
0	0
0	0
0	0
0	0
0	0
0	0
0	0
0	0
0	0
0	0
0	0
0	0
0	0
0	0
0	0
0	0
0	0
0	0
0	0
0	0
0	0
0	0
0	0
0	0
0	0
0	0
0	0
0	0
0	0
0	0
0	0
0	0
0	0
0	0
0	0
0	0
0	0
0	0
0	0
0	0
0	0
0	0
0	0
0	0
0	0
0	0
0	0
0	0
0	0
0	0
0	0
0	0
0	0
0	0
0	0
0	0
0	0
0	0
0	0
0	0
0	0
0	0
0	0
0	0
0	0
0	0
0	0
0	0
0	0
0	0
0	0
0	0
0	0
0	0
0	0
0	0
0	0
0	0
0	0
0	0
0	0
0	0
0	0
0	0
0	0
0	0
0	0
0	0
0	0
0	0
0	0
0	0
0	0
0	0
0	0
0	0
0	0
0	0
0	0
0	0
0	0
0	0
0	0
0	0
0	0
0	0
0	0
0	0
0	0
0	0
0	0
0	0
0	0
0	0
0	0
0	0
0	0
0	0
0	0
0	0
0	0
0	0
0	0
0	0
0	0
0	0
0	0
0	0
0	0
0	0
0	0
0	0
0	0
0	0
0	0
0	0
0	0
0	0
0	0
0	0
0	0
0	0
0	0
0	0
0	0
0	0
0	0
0	0
0	0
0	0
0	0
0	0
0	0
0	0
0	0
0	0
0	0
0	0
0	0
0	0
0	0
0	0
0	0
0	0
0	0
0	0
0	0
0	0
0	0
0	0
0	0
0	0
0	0
0	0
0	0
0	0
0	0
0	0
0	0
0	0
0	0
0	0
0	0
0	0
0	0
0	0
0	0
0	0
0	0
0	0
0	0
0	0
0	0
0	0
0	0
0	0
0	0
0	0
0	0
0	0
0	0
0	0
0	0
0	0
0	0
0	0
0	0
0	0
0	0
0	0
0	0
0	0
0	0
0	0
0	0
0	0
0	0
0	0
0	0
0	0
0	0
0	0
0	0
0	0
0	0
0	0
0	0
0	0
0	0
0	0
0	0
0	0
0	0
0	0
0	0
0	0
0	0
0	0
0	0
0	0
0	0
0	0
0	0
0	0
0	0
0	0
0	0
0	0
0	0
0	0
0	0
0	0
0	0
0	0
0	0
0	0
0	0
0	0
0	0
0	0
0	0
0	0
0	0
0	0
0	0
0	0
0	0
0	0
0	0
0	0
0	0
0	0
0	0
0	0
0	0
0	0
0	0
0	0
0	0
0	0
0	0
0	0
0	0
0	0
0	0
0	0
0	0
0	0
0	0
0	0
0	0
0	0
0	0
0	0
0	0
0	0
0	0
0	0
0	0
0	0
0	0
0	0
0	0
0	0
0	0
0	0
0	0
0	0
0	0
0	0
0	0
0	0
0	0
0	0
0	0
0	0
0	0
0	0
0	0
0	0
0	0
0	0
0	0
0	0
0	0
0	0
0	0
0	0
0	0
0	0
0	0
0	0
0	0
0	0
0	0
0	0
0	0
0	0
0	0
0	0
0	0
0	0
0	0
0	0
0	0
0	0
0	0
0	0
0	0
0	0
0	0
0	0
0	0
0	0
0	0
0	0
0	0
0	0
0	0
0	0
0	0
0	0
0	0
0	0
0	0
0	0
0	0
0	0
0	0
0	0
0	0
0	0
0	0
0	0
0	0
0	0
0	0
0	0
0	0
0	0
0	0
0	0
0	0
0	0
0	0
0	0
0	0
0	0
0	0
0	0
0	0
0	0
0	0
0	0
0	0
0	0
0	0
0	0
0	0
0	0
0	0
0	0
0	0
0	0
0	0
0	0
0	0
0	0
0	0
0	0
0	0
0	0
0	0
0	0
0	0
0	0
0	0
0	0
0	0
0	0
0	0
0	0
0	0
0	0
0	0
0	0
0	0
0	0
0	0
0	0
0	0
0	0
0	0
0	0
0	0
0	0
1	130
0	0
0	0
0	0
0	0
0	0
0	0
0	0
0	0
0	0
0	0
0	0
0	0
0	0
0	0
0	0
0	0
0	0
0	0
0	0
0	0
0	0
0	0
0	0
0	0
0	0
0	0
0	0
0	0
0	0
0	0
0	0
0	0
0	0
0	0
0	0
0	0
0	0
0	0
0	0
0	0
0	0
0	0
0	0
0	0
0	0
0	0
0	0
0	0
0	0
0	0
0	0
0	0
0	0
0	0
0	0
0	0
0	0
0	0
0	0
0	0
0	0
0	0
0	0
0	0
0	0
0	0
0	0
0	0
0	0
0	0
0	0
0	0
0	0
0	0
0	0
0	0
0	0
0	0
0	0
0	0
0	0
0	0
0	0
0	0
0	0
0	0
0	0
0	0
0	0
0	0
0	0
0	0
0	0
0	0
0	0
0	0
0	0
0	0
0	0
0	0
0	0
0	0
0	0
0	0
0	0
0	0
0	0
0	0
0	0
0	0
0	0
0	0
0	0
0	0
0	0
0	0
0	0
0	0
0	0
0	0
0	0
0	0
0	0
0	0
0	0
0	0
0	0
0	0
0	0
0	0
0	0
0	0
0	0
0	0
0	0
0	0
0	0
0	0
0	0
0	0
0	0
0	0
0	0
0	0
0	0
0	0
0	0
0	0
0	0
0	0
0	0
0	0
0	0
0	0
0	0
0	0
0	0
0	0
0	0
0	0
0	0
0	0
0	0
0	0
0	0
0	0
0	0
0	0
0	0
0	0
0	0
0	0
0	0
0	0
0	0
0	0
0	0
0	0
0	0
0	0
0	0
0	0
0	0
0	0
0	0
0	0
0	0
0	0
0	0
0	0
0	0
0	0
0	0
0	0
0	0
0	0
0	0
0	0
0	0
0	0
0	0
0	0
0	0
0	0
0	0
0	0
0	0
0	0
0	0
0	0
0	0
0	0
0	0
0	0
0	0
0	0
0	0
0	0
0	0
0	0
0	0
0	0
0	0
0	0
0	0
0	0
0	0
0	0
0	0
0	0
0	0
0	0
0	0
0	0
0	0
0	0
0	0
0	0
0	0
0	0
0	0
0	0
0	0
0	0
0	0
0	0
0	0
0	0
0	0
0	0
0	0
0	0
0	0
0	0
0	0
0	0
0	0
0	0
0	0
0	0
0	0
0	0
0	0
0	0
0	0
0	0
0	0
0	0
0	0
0	0
0	0
0	0
0	0
0	0
0	0
0	0
0	0
0	0
0	0
0	0
0	0
0	0
0	0
0	0
0	0
0	0
0	0
0	0
0	0
0	0
0	0
0	0
0	0
0	0
0	0
0	0
0	0
0	0
0	0
0	0
0	0
0	0
0	0
0	0
0	0
0	0
0	0
0	0
0	0
0	0
0	0
0	0
0	0
0	0
0	0
0	0
0	0
0	0
0	0
0	0
0	0
0	0
0	0
0	0
0	0
0	0
0	0
0	0
0	0
0	0
0	0
0	0
0	0
0	0
0	0
0	0
0	0
0	0
0	0
0	0
0	0
0	0
0	0
0	0
0	0
0	0
0	0
0	0
0	0
0	0
0	0
0	0
0	0
0	0
0	0
0	0
0	0
0	0
0	0
0	0
0	0
0	0
0	0
0	0
0	0
0	0
0	0
0	0
0	0
0	0
0	0
0	0
0	0
0	0
0	0
0	0
0	0
0	0
0	0
0	0
0	0
0	0
0	0
0	0
0	0
0	0
0	0
0	0
0	0
0	0
0	0
0	0
0	0
0	0
0	0
0	0
0	0
0	0
0	0
0	0
0	0
0	0
0	0
0	0
0	0
0	0
0	0
0	0
0	0
0	0
0	0
0	0
0	0
0	0
0	0
0	0
0	0
0	0
0	0
0	0
0	0
0	0
0	0
0	0
0	0
0	0
0	0
0	0
0	0
0	0
0	0
0	0
0	0
0	0
0	0
0	0
0	0
0	0
0	0
0	0
0	0
0	0
0	0
0	0
0	0
0	0
0	0
0	0
0	0
0	0
0	0
0	0
0	0
0	0
0	0
0	0
0	0
0	0
0	0
0	0
0	0
0	0
0	0
0	0
0	0
0	0
0	0
0	0
0	0
0	0
0	0
0	0
0	0
0	0
0	0
0	0
0	0
0	0
0	0
0	0
0	0
0	0
0	0
0	0
0	0
0	0
0	0
0	0
0	0
0	0
0	0
0	0
0	0
0	0
0	0
0	0
0	0
0	0
0	0
0	0
0	0
0	0
0	0
0	0
0	0
0	0
0	0
0	0
0	0
0	0
0	0
0	0
0	0
0	0
0	0
0	0
0	0
0	0
0	0
0	0
0	0
0	0
0	0
0	0
0	0
0	0
0	0
0	0
0	0
0	0
0	0
0	0
0	0
0	0
0	0
0	0
0	0
0	0
0	0
0	0
0	0
0	0
0	0
0	0
0	0
0	0
0	0
0	0
0	0
0	0
0	0
0	0
0	0
0	0
0	0
0	0
0	0
0	0
0	0
0	0
0	0
0	0
0	0
0	0
0	0
0	0
0	0
0	0
0	0
0	0
0	0
0	0
0	0
0	0
0	0
0	0
0	0
0	0
0	0
0	0
0	0
0	0
0	0
0	0
0	0
0	0
0	0
0	0
0	0
0	0
0	0
0	0
0	0
0	0
0	0
0	0
0	0
0	0
0	0
0	0
0	0
0	0
0	0
0	0
0	0
0	0
0	0
0	0
0	0
0	0
0	0
0	0
0	0
0	0
0	0
0	0
0	0
0	0
0	0
0	0
0	0
0	0
0	0
0	0
0	0
0	0
0	0
0	0
0	0
0	0
0	0
0	0
0	0
0	0
0	0
0	0
0	0
0	0
0	0
0	0
0	0
0	0
0	0
0	0
0	0
0	0
0	0
0	0
0	0
0	0
0	0
0	0
0	0
0	0
0	0
0	0
0	0
0	0
0	0
0	0
0	0
0	0
0	0
0	0
0	0
0	0
0	0
0	0
0	0
0	0
0	0
0	0
0	0
0	0
0	0
0	0
0	0
0	0
0	0
0	0
0	0
0	0
0	0
0	0
0	0
0	0
0	0
0	0
0	0
0	0
0	0
0	0
0	0
0	0
0	0
0	0
0	0
0	0
0	0
0	0
0	0
0	0
0	0
0	0
0	0
0	0
0	0
0	0
0	0
0	0
0	0
0	0
0	0
0	0
0	0
0	0
0	0
0	0
0	0
0	0
0	0
0	0
0	0
0	0
0	0
0	0
0	0
0	0
0	0
0	0
0	0
0	0
0	0
0	0
0	0
0	0
0	0
0	0
0	0
0	0
0	0
0	0
0	0
0	0
0	0
0	0
0	0
0	0
0	0
0	0
0	0
0	0
0	0
0	0
0	0
0	0
0	0
0	0
0	0
0	0
0	0
0	0
0	0
0	0
0	0
0	0
0	0
0	0
0	0
0	0
0	0
0	0
0	0
0	0
0	0
0	0
0	0
0	0
0	0
0	0
0	0
0	0
0	0
0	0
0	0
0	0
0	0
0	0
0	0
0	0
0	0
0	0
0	0
0	0
0	0
0	0
0	0
0	0
0	0
0	0
0	0
0	0
0	0
0	0
0	0
0	0
0	0
0	0
0	0
0	0
0	0
0	0
0	0
0	0
0	0
0	0
0	0
0	0
0	0
0	0
0	0
0	0
0	0
0	0
0	0
0	0
0	0
0	0
0	0
0	0
0	0
0	0
0	0
0	0
0	0
0	0
0	0
0	0
0	0
0	0
0	0
0	0
0	0
0	0
0	0
0	0
0	0
0	0
0	0
0	0
0	0
0	0
0	0
0	0
0	0
0	0
0	0
0	0
0	0
0	0
0	0
0	0
0	0
0	0
0	0
0	0
0	0
0	0
0	0
0	0
0	0
0	0
0	0
0	0
0	0
0	0
0	0
0	0
0	0
0	0
0	0
0	0
0	0
0	0
0	0
0	0
0	0
0	0
0	0
0	0
0	0
0	0
0	0
0	0
0	0
0	0
0	0
0	0
0	0
0	0
0	0
0	0
0	0
0	0
0	0
0	0
0	0
0	0
0	0
0	0
0	0
0	0
0	0
0	0
0	0
0	0
0	0
0	0
0	0
0	0
0	0
0	0
0	0
0	0
0	0
0	0
0	0
0	0
0	0
0	0
0	0
0	0
0	0
0	0
0	0
0	0
0	0
0	0
0	0
0	0
0	0
0	0
0	0
0	0
0	0
0	0
0	0
0	0
0	0
0	0
0	0
0	0
0	0
0	0
0	0
0	0
0	0
0	0
0	0
0	0
0	0
0	0
0	0
0	0
0	0
0	0
0	0
0	0
0	0
0	0
0	0
0	0
0	0
0	0
0	0
0	0
0	0
0	0
0	0
0	0
0	0
0	0
0	0
0	0
0	0
0	0
0	0
0	0
0	0
0	0
0	0
0	0
0	0
0	0
0	0
0	0
0	0
0	0
0	0
0	0
0	0
0	0
0	0
0	0
0	0
0	0
0	0
0	0
0	0
0	0
0	0
0	0
0	0
0	0
0	0
0	0
0	0
0	0
0	0
0	0
0	0
0	0
0	0
0	0
0	0
0	0
0	0
0	0
0	0
0	0
0	0
0	0
0	0
0	0
0	0
0	0
0	0
0	0
0	0
0	0
0	0
0	0
0	0
0	0
0	0
0	0
0	0
0	0
0	0
0	0
0	0
0	0
0	0
0	0
0	0
0	0
0	0
0	0
0	0
0	0
0	0
0	0
0	0
0	0
0	0
0	0
0	0
0	0
0	0
0	0
0	0
0	0
0	0
0	0
0	0
0	0
0	0
0	0
0	0
0	0
0	0
0	0
0	0
0	0
0	0
0	0
0	0
0	0
0	0
0	0
0	0
0	0
0	0
0	0
0	0
0	0
0	0
0	0
0	0
0	0
0	0
0	0
0	0
0	0
0	0
0	0
0	0
0	0
0	0
0	0
0	0
0	0
0	0
0	0
0	0
0	0
0	0
0	0
0	0
0	0
0	0
0	0
0	0
0	0
0	0
0	0
0	0
0	0
0	0
0	0
0	0
0	0
0	0
0	0
0	0
0	0
0	0
0	0
0	0
0	0
0	0
0	0
0	0
0	0
0	0
0	0
0	0
0	0
0	0
0	0
0	0
0	0
0	0
0	0
0	0
0	0
0	0
0	0
0	0
0	0
0	0
0	0
0	0
0	0
0	0
0	0
0	0
0	0
0	0
0	0
0	0
0	0
0	0
0	0
0	0
0	0
0	0
0	0
0	0
0	0
0	0
0	0
0	0
0	0
0	0
0	0
0	0
0	0
0	0
0	0
0	0
0	0
0	0
0	0
0	0
0	0
0	0
0	0
0	0
0	0
0	0
0	0
0	0
0	0
0	0
0	0
0	0
0	0
0	0
0	0
0	0
0	0
0	0
0	0
0	0
0	0
0	0
0	0
0	0
0	0
0	0
0	0
0	0
0	0
0	0
0	0
0	0
0	0
0	0
0	0
0	0
0	0
0	0
0	0
0	0
0	0
0	0
0	0
0	0
0	0
0	0
0	0
0	0
0	0
0	0
0	0
0	0
0	0
0	0
0	0
0	0
0	0
0	0
0	0
0	0
0	0
0	0
0	0
0	0
0	0
0	0
0	0
0	0
0	0
13	4
20	171
0	2
2	347
3	417
0	371
6	208
3	542
0	285
787	813
1	88
0	2
0	0
0	1
0	0
0	0
0	0
0	0
0	0
0	1
0	0
0	0
0	0
0	0
0	3
0	4
0	4
0	3
0	5
5	3
0	14
1	1
0	3
0	1
0	4
0	4
3	3
2	0
0	0
0	0
0	0
0	0
0	0
0	0
0	0
0	0
0	0
0	0
0	0
0	1
0	0
0	0
0	0
0	0
0	0
0	4
0	3
0	5
0	1
0	1
0	0
0	26
4	18
844	6314
2501	6466
0	0
0	0
0	0
0	0
0	0
348	0
