UniqueCount	AmbigCount
0	0
0	0
39	368
40	278
186	218
0	0
72	0
38	0
19	0
0	0
29	0
1	0
84	0
100	0
0	0
0	0
0	0
0	0
2	0
6	1
0	0
0	1
2	1
0	0
111	1262
0	902
16	976
5	757
54	331
5	65
8	419
0	410
40	2
0	2
28	0
0	0
0	0
3	0
0	1
8	0
4	1
0	0
5	0
8	53
20	929
124	1498
7	256
2	984
19	0
100	225
7	752
0	269
5	1392
2533	2270
0	1406
2	1140
15	635
6	398
10	1591
2	994
155	278
452	3936
9	3936
4	87
0	0
0	1
0	1
0	0
0	0
0	0
1	0
0	0
0	0
0	0
0	0
0	0
0	1575
24	2382
46	408
64	1677
65	235
0	117
4	2033
33	749
0	0
1	3
0	0
1	0
0	22
0	22
0	3
0	13
0	7
0	0
0	0
0	0
0	0
0	0
2	169
0	308
273	26
0	22
0	4
68	3695
26	107
4	56
2	1558
1	3118
93	458
1	1346
20	20
3	354
1	25
8	108
2	377
53	30
0	555
18	0
1	6
0	0
1	20
0	51
0	51
0	53
0	3
0	2
0	45
2	41
0	9
0	51
0	2
0	1
0	5
0	3
2	0
0	0
4	23
0	0
0	0
0	0
0	0
710	3009
0	348
0	9
0	2087
0	0
0	691
283	4
28	168
30	2883
3	2768
6	353
0	0
0	0
0	0
38	0
3	0
1	1
50	1
0	0
227	0
0	0
4	0
0	0
0	0
0	20
0	21
0	24
2	19
0	6
0	0
0	8
1	0
0	3
2	0
0	0
0	0
1	10
1	10
1	39
0	6
0	0
0	0
0	0
1	1
0	1
0	2
0	0
0	0
0	0
0	0
0	0
0	0
0	0
1	0
1230	5
2	26
0	26
0	2
0	4
0	22
12	1
0	1
0	460
10	1
1	2
3	0
0	1
0	0
108	95
9	95
0	13
1	7
0	36
3624	4
1	3
0	2
1	3
0	3
0	1
0	1
0	0
2	371
0	361
0	386
27	3
0	277
6	328
1	0
0	0
0	374
0	12
4	37
3	315
30	20
19	36
0	0
0	0
0	0
0	0
0	0
0	0
14	306
79	240
0	85
0	130
24	130
1	0
8	21
0	21
0	0
0	0
0	0
0	0
0	0
0	0
0	0
0	0
0	0
221	2042
1	1092
8	1121
0	577
117	1077
9	400
25	313
31	2
0	20
104	662
205	92
0	78
0	254
0	34
7	325
49	331
0	70
0	259
0	68
0	48
5	553
0	38
0	0
400	34
5	64
30	27
5	35
5	23
0	13
0	11
0	137
12	4
16	35
7	8
1	65
4894	7888
1	736
8	1018
113	407
8	43
0	0
6	5684
141	0
24	276
0	767
0	38
7	38
2	0
7	0
3	0
0	0
0	7
0	0
0	0
0	0
0	0
0	0
2735	1909
39	28
3	753
0	0
14	293
0	0
0	268
0	262
0	870
1	261
0	0
0	10
0	6
0	1
0	2
0	5
2	10
0	6
0	6
1	0
0	6
0	1
0	0
0	0
0	6
0	0
0	0
0	0
0	0
0	0
0	0
1	980
0	886
7	594
8	353
0	915
0	20
7	39
17	44
0	81
0	365
4	976
0	995
1	455
5	348
0	241
1	275
0	40
10	169
0	0
0	0
0	0
35	0
4	2778
0	2775
47	1910
28	0
8	56
1	142
13	1217
40	1126
39	0
59	392
33	286
0	146
36	0
0	0
13	0
34	0
0	0
178	0
71	0
1	0
0	1
6730	1041
9	707
1	413
1302	122
3	122
22	0
165	0
0	0
0	1
0	0
0	0
0	0
0	33
0	31
0	30
0	15
0	0
0	1
0	5
0	0
0	3
0	6
2	3
2	0
17	32
0	18
5	11
5	14
4	0
3	0
0	176
2	3165
86	299
2	299
0	0
0	49
32	211
332	211
18	0
36	0
0	0
0	0
0	5
0	0
24	577
0	308
4	495
40	166
29	0
953	0
0	0
1	0
0	7
4	11
2	11
0	6986
595	35450
60	23329
75	7466
7	24875
31	14860
3519	3174
58	3168
0	0
1	0
0	566
0	548
0	532
1	550
0	531
0	0
4	0
0	0
1	655
0	686
0	636
0	370
0	653
0	600
1	459
0	24
0	37
10	59
0	20
0	40
21	138
1	38
995	248
0	162
41	198
8	8
9	0
385	1115
49	1128
15	890
3	741
2	875
0	477
11	173
0	3
0	3
0	12
0	11
0	0
0	0
10	1265
0	215
147	1266
2	75
5	68
107	107
0	55
0	0
3	10
0	0
0	0
0	8
96	8
0	0
23	20
0	5
0	9
0	13
0	0
0	0
0	0
2	7
0	0
0	0
196	2
0	0
0	1
1	1
0	0
0	11
0	7
6	14
0	0
0	0
0	0
0	0
0	1
0	1
0	0
0	0
0	0
0	0
0	0
0	0
0	0
0	0
0	0
0	0
0	0
0	0
0	0
0	0
0	0
0	0
0	0
0	0
0	0
0	298
0	0
0	0
0	0
0	0
0	0
0	0
0	0
0	2
0	0
0	0
1764	209
3	0
0	0
0	51
4	2
0	0
17	158
5	127
0	0
0	0
0	0
0	0
12	0
3	5
0	4
0	5
0	0
161	2324
2	2329
3	439
0	371
3	43
0	0
0	0
0	0
2	0
109	1654
0	0
0	1655
0	411
0	412
1	0
1	0
28	0
592	28
0	26
0	0
1	0
29	147
8	147
0	0
144	362
12	337
7	188
0	0
9	0
0	1
34	15
4	8
0	9
0	0
1002	427
0	0
0	0
3	427
0	1
0	0
0	1
0	0
1	71
0	71
0	28
0	29
0	35
3	0
0	16
19	60
0	0
4	0
0	0
0	0
0	666
0	666
0	666
15	505
0	126
0	0
0	0
0	0
0	0
0	0
0	0
0	0
0	0
0	0
0	0
8	0
0	0
0	0
0	0
138	108
4	108
0	53
0	0
0	0
0	0
0	0
4	0
0	0
30	1235
907	1649
0	277
0	1499
0	789
6	648
19	768
253	69
6	69
0	0
0	0
0	1273
0	4616
0	4793
0	4757
5	2440
306	4773
0	260
0	2611
248	899
7	0
0	0
0	16
0	16
0	0
0	0
1	2
0	7
0	7
0	0
0	67
4	10259
2	1570
11	13831
152	167791
32	53775
87	99743
75	118986
1	2041
1	287
0	132
155	1976
16	110
0	195
0	0
0	0
0	0
0	0
0	0
0	16
0	22
0	33
0	33
0	33
0	9
1	12
0	0
1	0
0	1
0	0
1	0
0	0
0	0
0	0
1	0
2	0
0	0
3	0
0	0
1	10
2	0
0	0
0	0
6	0
8	0
3	0
3	0
9	0
5	0
7	0
5	0
1	0
0	0
0	0
0	0
0	0
0	0
1	0
0	0
0	0
0	0
0	0
0	0
0	0
10	10
0	0
0	1
0	0
0	0
0	0
0	0
0	0
0	0
11	532
0	0
0	0
0	0
0	0
0	0
0	42
0	0
0	4822
0	4820
6	1597
7	61
8	25
20	754
32	640
7	615
54	35
3	0
34	557
15	252
82	0
4	20
123	0
23	3
18	10397
0	10652
0	10652
42	9419
83	6423
16	119
0	3
0	0
0	0
0	2
0	2
0	2
0	0
0	0
0	0
0	0
0	0
0	0
0	0
0	0
0	0
0	0
0	0
0	0
0	0
0	0
0	0
0	0
0	156
0	0
0	0
9	3
11	3
3	3
0	1
0	0
0	0
0	0
0	22
1	0
0	3
2	0
0	3
0	0
0	0
0	0
0	0
0	0
56	0
6	72
0	0
0	0
0	0
0	0
0	0
0	0
0	0
0	0
461	140
12	140
0	1
35	0
28	0
0	0
0	5
0	5
0	0
0	21
20	53
0	500
1	475
14	41
14	45
0	475
1	302
1	21
2	272
420	104
1	99
2	30
0	0
6	1
0	594
1	669
0	107
0	70
0	88
0	69
0	116
1968	147
5	12
2	30
0	16
0	12
0	17
0	0
0	5
0	0
0	0
20	13971
0	0
0	0
0	0
0	2516
0	191
0	183
0	1352
0	12205
0	14138
0	14073
16	0
1	77
10	49
0	0
480	188
180	2247
133	3833
0	12141
35	219
4	0
2	0
23	335
868	3594
0	4789
2	0
11	166
0	390
1	307
0	0
0	0
1	0
0	0
31	0
226	0
0	0
162	524
25	520
0	2
1116	634
35	8
0	223
13	350
0	449
0	46
1	443
0	9
31	0
397	570
19	414
9	245
57	5
5	0
0	1
0	1
1	80
5	0
0	0
0	0
0	0
0	0
0	0
0	0
0	0
0	0
0	0
0	0
0	0
0	0
4	0
0	0
0	0
0	0
0	0
55	42
0	30
0	12
0	0
0	0
1	39
2	20
0	12
0	22
0	0
70	0
1	7096
26	7218
26	699
2	476
0	460
0	170
1	102
1	0
2	94
402	1804
8799	1935
49	182
0	131
0	0
2	0
0	0
0	0
0	0
0	0
0	0
0	0
1	0
0	0
0	0
0	0
0	0
0	0
0	0
2598	1863
80	1861
1	0
8	0
1204	8961
30	3757
122	8731
0	0
7	180
0	501
8	2089
12	6
22	3173
0	659
3	357
14	58
2350	458
143	458
0	223
0	75
4	36
2	155
53	404
0	696
2	659
0	710
2	999
11	889
167	0
0	852
0	13
7	66
0	24
0	0
0	2462
1	2573
0	1247
15	1258
0	0
4	208
2	115
0	51
143	76
0	0
0	1
0	0
0	1
1	54
49	336
35	297
0	313
1	299
9	16
1	25
28	9
8176	2721
31	2655
136	0
0	30
0	849
2	806
8	43
13	1
1	179
0	0
1	73
0	65
0	50
0	21
6	6
0	5
22	168
0	153
1	30
0	11
0	44
12	17
5	1037
18	1030
1	1029
14	1037
4	133
4	67
0	13
1	18
53	0
2	0
0	11
2	11
0	11
0	9
0	3
0	0
0	1
0	0
0	1
0	0
3	4014
1412	4950
1	1270
105	524
3	70
2	3029
4217	1113
4	77
42	302
1	745
0	536
6	93
3	185
0	0
0	0
0	0
0	0
0	0
35	105
0	0
0	0
0	6
4	12
0	87
0	7107
40	7107
87	1788
0	242
25	357
0	337
1	485
0	297
0	0
156	0
276	0
1	4
0	0
1	28
1	26
0	29
0	37
3	37
0	26
0	35
0	1
0	5
0	0
0	0
0	0
0	0
0	0
0	14
0	14
13	14
0	0
0	4
271	586
59	5
16	472
0	486
0	557
2	0
0	0
0	0
0	441
0	144
0	452
0	323
0	320
0	310
0	59
3771	17
25	10
52	1057
52	1150
9	687
7	556
7	1084
3	93
7	634
0	23801
140	24331
186	8257
1	5618
15	324
0	784
111	137
34	137
298	162
473	237
52	969
630	1050
1	0
17	5
0	0
21	0
0	81
0	79
0	76
1	78
3	71
45	158
0	156
1	98
14	13
1	0
1	20
45	30
5	27
0	30
3	343
56	485
13	6
0	211
33	111
142	1186
94	1070
2	17
76	0
1	670
0	1065
8	161
0	0
0	0
1	0
0	0
0	0
0	0
431	1900
122	1492
2	1810
197	1593
1	380
23	1185
0	743
28	9
538	2457
81	2457
0	92
0	323
0	386
205	657
17	622
4	19
1	15
2	37
16	47
3	28
12	0
6	4
1	47
1	25
1	2
0	0
0	151
0	150
0	148
0	8
0	0
0	0
0	0
0	31
0	0
0	0
0	0
0	15
0	0
0	0
18	48
0	48
0	0
0	70
0	71
0	16
0	70
0	5
0	5
0	0
1	3
0	3
0	0
0	0
0	0
156	1252
0	16
1	366
62	0
2	962
0	0
4	1
0	0
27	17
721	24
0	0
14	0
1	3
631	12164
27	7443
71	8554
45	8641
1	3674
9	6500
89	823
3	40
0	727
11	677
3	26
4	0
0	2
0	2
7	1214
0	1214
0	858
0	168
83	990
8	0
2523	1707
11	662
17	46
11	160
0	0
0	1
34	0
1	0
0	1
0	1
0	0
0	0
0	0
0	0
56	3846
0	3922
44	42
0	1109
27	3287
0	3051
0	2996
2	3508
0	3131
0	206
0	26
14	5
1	155
0	106
0	421
52	0
23	135
4	147
1	0
0	34
0	0
9	92
0	64
2	0
26	0
7	1379
55	0
35	1401
0	22
23	21
6	97
91	95
1	25
3	0
2	3479
0	705
7	4826
3732	3974
0	4331
0	11
0	11
0	10
0	28
0	28
25	28
143	43
0	32
7	20
2	11
0	0
0	0
267	369
0	155
0	0
0	19
5	195
2952	1035
23	1028
0	0
5	5
11	0
3	574
4	570
12	25
21	0
0	0
0	0
0	0
0	0
0	0
0	0
0	0
0	0
0	0
0	0
0	0
0	0
0	0
0	0
0	0
0	4
0	4
0	2
0	6
0	4
0	2
0	2
0	4
0	0
0	0
0	0
0	0
0	24
0	0
2	0
2	24
0	0
0	0
0	0
24	1066
25	546
47	704
157	266
0	418
0	0
0	512
10	269
10	4
0	2
0	0
0	2
0	0
0	0
0	1296
2	1302
68	108
0	0
1	186
0	17
8	210
25	202
0	71
16	0
1255	0
574	1134
0	1134
0	55
0	1207
0	0
0	0
0	0
0	141
0	119
2335	619
1	73
66	0
0	370
3	162
105	0
3	0
0	0
0	0
2	0
10	0
118	896
0	734
10	312
4	246
0	33
0	36
0	41
0	0
2	40
1	1
0	0
0	0
0	0
2	84
15	4712
196	823
0	1143
36	4748
2	3426
1	3204
0	580
17	996
8	202
0	0
0	0
0	0
0	0
54	18
0	18
0	435
0	403
1	374
8	405
1	315
7	363
1	339
0	78
3	62
0	58
1	65
1	60
0	78
0	36
0	75
14	585
0	544
0	485
4	328
1	99
6	74
1	5
0	813
11	9
11	817
4	4
60	9
33	755
15	755
0	81
0	27
8	140
0	125
0	0
0	0
0	0
0	0
0	0
3	0
2	205
0	79
0	190
0	22
1	0
34	0
0	0
1	161
0	0
2	0
0	0
0	0
0	0
0	0
124	4370
37428	17784
102	603
0	118
13	539
0	3598
0	3505
0	5825
5686	1970
31	301
6	1669
1	178
146	0
0	0
0	0
0	0
0	0
0	0
0	0
0	0
5	1897
19	1749
17	215
0	215
0	1099
5	35
56	842
8	201
0	146
0	0
16	526
0	0
0	0
3580	855
97	856
0	72
3	171
0	229
4	199
4	274
63	231
0	0
0	3
0	0
0	1
0	1
0	1
0	0
0	0
1	0
0	166
3	166
5	1
6	20
1	3
0	3
0	0
0	47
3	18
0	0
0	1
0	0
0	0
855	671
3	578
0	108
1	90
66	0
1	0
0	0
0	1
0	0
0	9
0	0
0	0
0	0
0	0
7	132
0	0
0	0
0	0
0	0
0	16
0	0
0	0
0	0
0	0
0	0
0	0
0	0
0	0
0	0
0	0
0	1
0	0
0	0
0	0
0	0
0	0
0	0
0	0
0	0
0	0
0	0
0	0
0	0
0	3
13	3
0	0
0	0
0	0
3	0
0	0
1328	0
0	0
0	0
6	519
0	455
0	700
41	682
0	661
0	307
0	201
4	197
6	24
45	143
1	0
0	0
0	0
1	0
0	0
92	3145
0	3103
0	3009
2	3076
13	74
0	127
15	18
2	367
2	423
6	1
3	534
0	58
28	390
0	0
12	0
33	74
32	0
0	0
0	0
0	6
0	70
4	70
2	4
1	1656
0	4
1	12
2	0
1	2485
0	3320
0	2265
10	3189
10	481
0	2230
14	48
13	635
0	2889
0	0
20	84
0	1436
2	463
986	2410
7	2105
0	296
2	11
4	16
0	193
120	3726
16	2328
51	2418
0	230
2	457
1	558
112	114
31	313
497	197
29	465
1	146
0	0
0	0
35	4141
146	4303
0	1430
4	379
0	248
2	0
1	1
0	0
0	0
0	311
2	217
1	211
0	133
14	86
1	98
22	183
0	94
3	35
45	0
731	6702
0	5700
55	1540
20	3504
1	430
54	2671
88	0
0	0
384	164
0	139
11	62
0	28
1	31
0	25
33	0
1	580
2	177
134	589
0	1
0	72
0	0
5	52
52	1183
1	1184
0	1184
0	178
0	156
0	156
0	155
0	0
0	0
0	0
0	3
0	3
76	209
0	0
0	207
19	46
0	41
2	22
1	18
0	8
16	4
28	58
865	160
0	205
5	328
11	261
0	67
70	134
7	287
0	304
4	138
0	1461
0	0
0	1
21	1761
18	518
0	506
10	180
0	99
4	0
0	0
0	0
0	0
1	8
0	0
0	0
2302	340
67	38
4	300
0	0
0	131
0	131
0	1
0	5
0	0
0	0
2	7
0	2
2	0
0	0
0	0
0	2
0	2
0	2
0	1
1500	137
3	26
4	90
0	0
2931	629
35	0
0	629
132	0
46	21
0	0
17	312
28	767
0	768
36	41
0	300
12	127
2	25
0	0
0	0
10	1
11	23
7	219
20	0
2	79
3	88
11	178
0	103
0	50
0	0
59	0
7517	7786
2	3486
264	520
795	4796
34	528
10	1211
12	1122
1	530
26	0
10	578
1345	596
40	1
49	16
31	0
9339	3491
37	3073
4	1789
2293	596
28	547
3	0
0	8
1	2133
7	3597
20	3348
0	815
1	1319
1	780
8	128
26	0
0	1
48	120
1	90
2	85
0	24
3	16
10	4
6	4
1361	4
0	0
2	4
0	5
0	5
0	2
0	28
0	0
0	0
0	1
0	0
204	6
68	0
3	116
28	0
0	6
1	6
0	0
1	6
0	0
0	0
0	4
0	0
0	0
36	2369
91	2480
0	2187
9	32
56	2
4	53
0	8
0	4
113	53
5	0
0	0
0	0
0	0
0	0
0	0
21	0
402	23
5	15
0	15
7	184
11	163
0	186
0	61
0	76
1	61
4	14
0	26
0	43
4	49
317	127
120	127
0	0
0	0
0	0
5	1
0	0
2	92
1	30
0	292
0	1020
4	0
1	141
0	1063
0	321
1	940
164	1054
39	15
3	10
0	3
51	1062
0	98
0	0
1	189
0	256
6	245
3	157
0	31
7	41
1	21
18	75
21	17
2	101
51	85
771	108
22	108
75	41
32	41
0	0
18	3
0	0
0	0
0	0
4	3
75	131
0	131
1	5
4	0
0	4
2	0
5	0
78	0
6098	8886
1	3054
0	7011
0	6339
89	3722
5	465
46	674
260	1325
244	2940
1	2864
2	2246
76	174
1	816
0	323
182	1926
4	249
14	405
10	353
1	391
14	335
1	79
4	189
0	100
22	100
4	88
39	0
42	849
0	513
0	150
0	132
0	798
1	167
14	3
0	77
588	587
0	573
0	0
4	39
0	27
7	14
3	16
4	0
1	16
756	898
0	876
1	711
0	450
0	36
2	7
0	10
18	1
0	10
1239	2
0	0
0	0
1	651
0	12
28	2
0	1
1	19
0	16
0	18
2	7
0	3
0	0
6	177
15	1336
0	322
0	11
8	31
1	157
0	1127
2203	2161
124	722
71	144
0	2346
314	8
0	318
0	0
324	4307
1	3678
264	2
20	4222
0	3594
0	0
1705	1634
0	1424
5	240
0	0
1	163
9	164
15	54
47	74
17	161
0	325
0	360
2	395
2	32
0	1
0	1
0	0
0	0
0	0
0	1
0	0
0	0
3	242
15	242
0	217
3	107
0	55
0	60
2	25
0	29
0	29
0	1
0	1
5	39
0	1
0	2
0	0
0	2
0	3
0	1
0	0
0	0
0	0
150	1070
3	1009
14	548
0	55
21	4
0	0
0	0
0	0
0	0
0	0
3	0
1227	0
0	0
2	1
3	0
0	0
0	0
0	0
1	0
0	0
0	0
0	0
0	207
0	0
0	0
0	0
0	0
1	1
1906	979
0	613
6	402
38	0
1	0
6	434
1	2740
4	298
6	417
26	327
700	3022
0	220
0	374
5	308
0	0
0	892
0	0
0	506
0	786
1	348
31	496
0	0
10	640
0	0
6850	90
62	0
7	82
51	8
0	0
2395	10
92	0
0	0
0	8
24	0
0	0
0	24
0	24
0	7
0	0
2	3
217	717
0	717
10	717
11	2
2	0
1	202
1	184
1	63
12	173
19	2
1	5
20	1
215	189
0	168
0	176
0	142
2	55
30	8
0	15
3373	4796
104	131
112	517
116	0
0	2852
0	1968
3	2597
84	80
0	0
1	269
36	6
2	414
0	1129
2	981
15	0
2	828
0	145
1	600
0	507
16	51
0	11
0	198
1	25
0	169
0	74
0	102
0	102
4031	1572
12	363
0	1550
13	1526
36	112
150	30
605	0
2	11
0	553
0	0
0	42
3	0
0	0
0	0
136	2712
0	0
77	7
1	7
0	0
0	0
2	0
0	0
0	0
5	0
0	7
3	109
69	14
0	14
0	0
0	15
66	15
0	0
0	2
0	0
0	0
0	0
0	0
0	0
0	0
0	0
0	0
0	0
0	0
0	0
3	265
0	2686
147	127
76	702
0	1249
0	2409
195	0
120	0
29	0
0	0
0	0
38	0
0	0
0	0
0	0
33	0
0	0
2	0
0	0
0	832
29	768
17	3289
2	3291
6	2074
547	2074
34	3134
8	3136
1	0
33	0
0	0
0	833
0	0
0	0
0	0
0	4540
0	4488
7	4506
71	23
6	546
0	485
1	0
0	37
34	37
9	2
0	17
584	0
22	329
10	4881
11	790
0	242
65	4641
0	551
36	37
92	2280
17	2028
0	0
2	287
7	477
0	188
22	13
599	12099
0	3335
0	8177
0	1176
12	8267
4	7481
51	1803
2	1941
41	1644
0	12
0	0
0	0
2	0
4	0
0	0
0	0
0	0
0	0
0	0
0	0
0	0
0	0
1	52
0	52
1	0
0	52
0	0
0	0
3	77
2	303
0	593
5	269
5	74
4	319
0	564
0	85
0	524
14	0
3	34
0	0
23	0
2	16
0	0
0	0
0	0
0	0
2	0
101	794
18	409
0	799
1	162
5	34
0	56
0	0
0	0
0	0
2	0
1594	323
23	323
0	0
2	0
5	101
0	2
0	0
0	0
0	0
3	830
10	661
39	108
0	613
0	2921
1086	3093
5	533
19	619
1	708
75	0
115	0
3	382
26	380
0	27
0	28
0	0
0	0
36	1
0	0
16	1
0	952
0	427
1	89
0	914
2398	1221
17	1213
6	0
2	401
295	423
0	135
19	130
0	0
4	48
0	0
80	4157
0	0
0	0
0	0
0	0
0	0
0	0
0	0
0	0
0	0
0	0
0	0
0	0
0	0
0	0
0	0
0	0
1	14
0	0
0	0
0	0
4	0
2	0
0	0
664	8763
1	8770
0	1951
2	1805
0	1061
3	420
0	11
2	273
0	939
46	523
26	26
3	273
998	2035
40	229
52	551
0	28
0	2124
6	107
0	0
0	0
0	0
0	0
0	0
0	0
0	0
0	0
0	0
0	0
0	0
0	0
0	0
0	0
0	0
3	5
0	215
0	249
0	0
0	0
0	245
0	244
0	0
0	116
9	15
0	6
0	9
0	0
0	115
0	241
0	234
1	24
0	6
0	79
0	28
6	3
0	3
0	20
0	29
0	31
0	24
0	18
0	0
25	82
0	7
0	5
2	77
0	0
1	10
0	0
29	64
108	1930
6	1890
0	1930
0	569
47	437
6	869
14	561
49	0
89	0
36	0
46	400
4	0
126	0
79	0
12	397
0	0
55	0
2637	964
0	964
12	27
0	0
0	0
0	6
0	6
0	6
0	5
0	5
0	1
0	0
1	0
0	252
0	0
12	655
69	655
2	582
2	53
0	186
17	28
462	0
0	0
0	0
0	0
0	0
0	0
0	0
0	0
0	0
1	43
6	43
0	0
0	15
1	0
0	0
0	1
0	0
0	0
0	0
0	0
3	0
0	0
0	0
0	0
16	0
1	0
0	0
606	272
1	267
3	186
0	123
0	125
0	116
0	17
27	0
16	0
7	43
7	44
0	0
0	0
0	0
0	0
0	0
0	0
0	0
0	0
0	0
0	0
0	0
0	0
0	0
0	0
0	1
0	1
0	1
0	0
535	0
3	0
0	0
3	1
0	0
2	1
0	0
0	1
0	0
2031	1852
56	3
0	167
7	1852
0	348
1	224
15	46678
0	43589
0	43014
0	45440
0	44829
425	45729
23	46068
70	19951
10	1215
23	5862
2	2572
60	1494
164	9444
9	687
0	8467
26	7182
1	2712
1	2
2	0
5	1
0	1
1	3
2	4
0	0
1	0
0	0
0	0
0	0
2	0
0	0
9	0
0	0
0	0
0	19
1	0
58	0
808	11
0	4353
3	4351
4613	180
0	128
0	73
2	196
0	114
12	4
0	4
1665	0
11	0
0	27
0	66
0	143
10	380
3	448
0	639
0	843
3	791
14	556
3	84
0	1
0	1
0	0
0	0
0	0
0	0
0	0
0	0
5292	5944
76	5449
13	635
25	31
197	609
0	609
0	317
3445	7067
5	7059
0	0
0	0
0	0
0	0
0	0
0	0
0	0
0	0
0	0
0	0
0	0
0	0
0	0
5	0
0	1
0	1
0	0
0	0
0	1
0	1
1	0
0	0
0	0
1	9764
11	9561
0	9785
0	2323
0	4612
46	4399
2	4373
0	4569
0	132
4	216
0	218
2	98
1	417
14	454
9	505
0	582
0	309
0	172
68	378
56	47
0	206
0	73
6	14
0	0
0	0
0	36
7	36
0	1
0	1
0	0
0	0
0	0
1457	6094
262	6053
9	5719
22	0
408	3505
69	2116
31	3502
0	469
15	737
0	0
3	51
209	204
0	126
7	72
0	72
0	214
0	131
4	0
6	7245
146	5981
23	6659
636	6928
6	368
0	900
6	601
5	581
0	18
15	18
13	0
4	55
5	1
1	14
0	1
2	14
0	0
0	108
0	155
0	158
5	126
4	38
1	11
0	3
1	34
2	11
0	20
0	24
75	2248
58	2141
0	153
0	0
13644	4656
0	3466
1	674
35	1184
495	1308
0	1314
0	431
49	837
5	33
1	24
1	2
55	0
1551	321
4	224
9	79
0	7
0	7
0	7
0	4
0	6
0	5
0	0
0	6
0	6
0	0
1	0
37	578
24	578
3	507
4	518
1	479
0	208
0	219
5	14
0	0
12	268
11	279
2	279
2	12
0	560
0	616
21	550
2	72
0	156
0	83
1	4
0	57
4	38
0	3
2	64
2	60
0	46
1	12
0	47
0	5
1	4
0	32
0	28
99	2334
0	70
11	14
2	27
0	1121
0	153
0	45
42	8
2	1394
15	821
0	135
1074	589
88	219
14	370
0	6
0	6
0	3
0	4
0	3
0	0
0	0
381	299
0	0
0	299
533	81
0	81
0	0
6	0
0	1
0	2
1	2
3	1
0	1
0	0
5	0
0	0
0	1
0	1
1421	519
87	519
3	0
188	0
92	5
0	5
136	1985
99	1842
23	1350
8	1982
8	58
2	14
12	368
1	199
2	2091
1	2250
53	1977
0	82
0	2063
7	33
3	3
0	0
0	281
4	485
16	558
0	562
0	127
0	47
0	216
3	218
1	290
86	706
0	669
1	1298
0	49
5	429
0	114
7	186
2	1506
13	1405
9	1427
1	1453
57	1540
0	1512
0	233
2	181
8	68
0	37
90	99
2	143
37	581
4	590
11	600
1	583
0	192
5	74
0	0
11	164
10	46
0	148
0	71
0	90
1	121
2	10
1	10
5	0
0	35
50	29
0	0
108	1577
28	233
0	537
3	1433
28	328
2	1151
0	639
5	707
0	296
0	339
0	139
11	28
20	137
1	261
5	155
52	216
46	4992
0	4605
0	3083
15	2214
43	1374
1	756
0	704
0	566
0	0
0	0
0	0
0	0
217	615
0	234
0	307
0	617
0	639
1	283
0	549
0	82
10	36
0	0
11	4
0	64
173	24
0	0
3	2
0	18
0	18
0	17
0	6
41	69
2	33
0	38
0	0
0	24
0	2600
0	2600
52	2453
0	2606
79	2539
0	754
38	1239
0	708
19	1329
12	901
0	131
2	54
0	153
9	67
18575	4862
57	171
23	4712
0	0
0	0
1	434
0	16
1	191
4	0
0	4
0	1
0	9
0	16
0	35
0	418
0	0
23	52
1	93
0	111
0	76
0	7
32	1320
0	1354
7	173
0	427
1	548
5	550
0	391
6	532
16	62
2	466
1	233
1	372
18	223
1	5
1	5
0	0
29	792
5	792
12	756
1	665
0	22
0	1
2	24
0	5
1	22
0	3
8	159
0	3
0	3
10	131
4	14
3	4
0	0
0	7
2	131
8	66
1	90
0	95
12	0
0	0
22	784
32	784
7	760
2	74
0	95
4	560
4	44
1	40
5	0
0	0
15	374
3	11
0	20
0	318
1	13
0	14
5	360
0	12
0	41
0	29
0	152
0	20
0	0
0	0
0	5
0	0
0	0
0	0
0	0
0	0
0	0
1	0
4	0
0	0
5	1855
0	1855
0	1086
6	91
1	865
16	531
0	109
0	0
3	0
0	0
0	0
0	0
0	0
0	0
0	0
1	0
4042	0
0	0
17	0
5	2440
5	2680
15	2345
0	0
4	1092
41	0
0	215
0	386
6	247
0	0
0	0
0	0
0	0
0	1
0	0
0	1
0	0
67	0
0	0
328	8028
2	6701
166	7976
1272	2685
7	2648
2	864
4	857
0	1828
14	689
3	39
0	0
46	110
0	108
0	0
0	27
19	598
26	598
0	0
0	0
209	171
6	170
1	46
19	0
0	2677
0	2677
0	2677
0	2677
4	718
0	261
0	261
0	19
0	19
0	297
0	261
0	19
0	136
0	91
1	0
566	316
2	316
178	234
0	96
1	113
0	98
2	0
4	2
12	157
0	0
0	0
0	0
0	0
0	0
0	0
0	0
11	0
0	0
0	0
1	0
814	4518
1	4400
0	505
0	694
125	0
6	549
6	392
65	0
3	0
0	0
0	0
0	0
0	0
10	685
2	482
12	672
19	110
2	633
17	10
7	0
19	177
3	181
1	146
11	2
2	0
5	0
7	0
0	0
0	0
0	0
0	0
0	0
0	0
2	0
0	0
0	0
8	9
0	0
0	0
0	0
1370	4
0	0
27	1300
138	0
3	1300
21	0
1	0
0	0
22	6
0	6
1	2
11	4
0	0
12	3
0	2
0	1
6	5
21	5
35	1986
0	506
26	1949
0	1895
103	893
11	1844
15	1728
80	1488
0	469
12	336
16	352
4	594
43	0
14	111
349	0
15	355
103	75
3552	2450
9	2448
2	0
0	0
0	0
0	0
0	0
0	0
1463	2572
8	2457
1	2170
8	2370
0	1724
0	2173
0	1292
1	543
8	0
0	0
0	0
0	0
0	0
0	0
0	0
0	5
2	59
0	41
0	31
0	0
0	0
0	0
0	0
0	0
0	0
9	77
28	94
2	102
0	0
0	0
0	0
0	0
0	0
0	0
0	0
0	0
1	48
0	47
0	29
0	0
0	0
0	0
0	0
0	0
0	0
0	0
0	0
0	0
187	307
0	260
0	103
4	12
14	4
19	4
30	0
50	51
0	0
0	0
38	27
81	39
4	0
0	39
0	16
0	12
1	0
0	0
0	13933
7	13853
51	5092
27	11870
15	1266
13	223
67	304
7	305
4	197
3	2117
0	5737
184	475
29	12
3	724
59	20
0	1965
6	522
4	88
86	0
169	0
24	52
4	50
0	51
0	51
3	0
0	0
2	7
0	1
1	0
6	712
0	1
0	4
2	18
0	0
3	6
1	9
9	10
0	8
4	4
0	0
4	11
0	10
0	7
0	3
0	5
0	10
6	10
0	9
0	0
0	2
0	0
0	3
0	7
0	11
0	7
4	11
1	0
0	16
3	15
0	18
0	0
0	9
0	3
0	4
0	4
1	3
0	6
0	5
0	0
0	0
1	0
0	4
1	15
2	1
17	13
0	13
0	5
0	0
16	114
0	222
6	196
0	12
12	32
0	26
0	9
1	5
3	6
0	0
1	15
90	119
0	1
0	1
0	36
0	31
6	3
2	1
3	38
4	80
0	281
15	200
16	223
11	256
3	248
1	227
30	285
0	29
1	8
0	0
3	13
14	63
0	9
0	79
0	86
3	74
13	73
0	19
2	0
0	0
0	0
0	0
0	0
4740	6788
0	148
0	624
19	6695
178	0
1361	2727
0	2467
3	909
1	0
0	0
1	0
9	0
195	0
0	0
3	468
0	0
0	0
0	0
0	0
0	0
0	0
0	0
0	0
0	0
0	0
0	0
28	116
461	118
2	86
0	89
0	4548
994	5165
60	37
7	418
1	261
2	1
57	2
4	2
9	986
64	0
5	403
2	338
6	143
6	137
53	161
7	60
26	77
0	181
1	19
8	180
0	151
17	75
3	27
0	11
0	0
15	0
117	189
3	0
5678	3365
14	3504
0	0
0	0
3364	7455
83	7451
19	727
45	944
18	291
0	1
0	0
0	0
4	0
10	364
2	14
23	3
60	11
0	0
0	10
0	10
0	10
0	2
0	0
0	0
18587	26525
25	19822
3	5766
2	5168
171	12228
3	273
3	79
3	226
0	34
0	107
0	0
23	528
0	3
0	502
0	434
0	461
0	15
0	0
0	0
48	0
7	72
7	741
57	348
5	638
30	733
0	0
24	0
14	0
29	0
21	0
1	0
10	0
19	0
55	3552
14	0
0	0
0	0
32	0
0	0
0	0
0	0
0	0
0	0
0	0
15	0
0	0
0	3
0	3
0	0
0	0
0	0
0	0
0	0
0	0
205	0
0	0
0	1
0	1
0	0
0	0
0	0
0	0
0	0
2	1274
67	1863
87	1196
33	1657
4	1657
17	1384
2	794
0	1973
0	0
2	25
4	25
0	0
0	0
8	155
0	3052
0	2247
206	153
4	1306
73	0
72	422
3	1523
0	0
0	1988
0	2137
35	171
15	14
0	144
3	32
0	0
0	0
1	1415
0	271
1	223
0	157
0	90
1	336
0	0
3	19
0	1339
12	142
1	0
0	0
2	876
291	876
4	202
0	172
0	9
0	0
0	2
3	50
0	56
0	15
1	49
0	49
0	49
2	533
0	19
0	523
23	16
0	494
0	404
0	24
0	15
0	412
0	437
2	15
0	220
31	1320
87	289
0	639
0	1373
0	1313
0	1288
0	344
7	81
7	1
344	0
219	158
212	0
1	5
3	10
0	10
4	12
0	10
0	10
0	2
1	3
4	0
2281	3455
4	0
12	0
4	171
112	0
26	227
3	316
140	2992
2	713
0	177
58	618
2	1311
0	1061
2	1038
4	55
37	0
1	459
16	35
0	66
0	0
0	0
0	0
0	0
0	414
3	3
0	1770
0	288
0	0
1	1756
0	1788
1	489
942	1881
1	638
3	1
0	1811
0	1917
3	1802
0	12
0	12
2	1
0	1891
35	270
0	420
6	1876
8	0
17	0
14	0
13	1752
0	0
8	0
16	0
7	1752
6	0
36	1752
0	3
0	0
0	21
0	21
2	0
0	1
2186	1850
3	1783
6	1628
0	142
84	63
45	14
360	32
0	0
0	0
0	0
0	0
0	0
0	0
0	0
0	0
2	0
0	0
17	0
6	0
0	0
1	0
0	682
0	682
1284	681
0	0
0	0
0	0
0	0
0	0
0	0
0	0
1316	25
0	25
33	0
0	1
0	0
0	0
168	3629
0	2005
443	37
92	0
0	0
5	0
87	3375
0	0
0	0
0	0
8	0
1	8
39	2
6	11
0	11
0	1
2	1
0	0
0	0
0	0
0	0
0	0
0	0
0	0
0	0
0	0
0	0
0	0
0	0
0	0
0	0
571	0
5	0
0	0
1	0
78	0
0	0
0	0
4	0
26	1320
62	1152
9	420
3	104
0	123
0	199
12	24
7	140
0	268
0	0
0	11389
0	11691
950	11708
0	487
9	4075
2	7
0	5348
43	308
18	0
0	0
1710	193
12	101
29	86
0	0
3	187
0	170
0	74
1	40
0	29
0	0
3	582
0	445
10	1126
11	1163
978	5844
18	276
1	1035
0	659
2	4464
3	335
1	2
5	7
2	0
1	0
0	0
0	0
0	0
11	198
0	198
1311	197
16	158
10	868
53	1052
444	1050
0	906
1	1048
0	42
35	38
1	5
12	168
20	0
20	15
230	201
11	41
1	138
2	147
50	200
0	101
1	161
2	66
0	23
0	102
0	0
1	0
0	0
28	0
691	160
3	160
103	1032
5	581
50	1881
345	1749
26	488
57	152
0	69
2	190
19	859
0	399
60	208
9	156
40	63
22	0
14	6503
47	7476
208	7035
11	1334
0	493
385	3
0	3
0	0
2	0
0	0
1	210
36	421
1	342
5	237
0	7
315	233
0	46
0	8
5	73
0	124
0	0
3	0
15	12
9	12
5	0
0	0
919	1051
0	1006
0	788
2	70
0	205
0	0
100	7
54	0
45	0
13	156
0	61
1	40
1	83
0	83
0	0
0	0
274	4005
8	3496
16	285
1	220
2	1182
3	1326
0	0
1	303
27	2
0	0
0	0
0	0
0	0
0	0
0	0
0	0
0	0
0	0
0	0
0	0
0	0
0	0
0	0
0	0
0	0
0	0
0	0
0	0
0	0
0	0
0	0
0	0
0	714
3	720
10	719
254	813
4	93
0	0
1	0
1	0
0	0
0	0
3174	573
2	1
0	0
0	0
2	383
5	183
0	140
5	0
0	6
0	6
225	0
27	0
3	3030
107	2517
119	130
1	366
0	195
9	2198
1	1997
7	695
2	158
0	146
0	404
113	1134
32	0
91	553
63	224
0	517
0	89
11	25
6	6
0	0
12	0
3	45
6	393
1	549
0	528
18	621
0	0
2	0
229	679
0	680
10	660
0	660
0	595
1	26
1	15
0	37
0	36
0	10
0	40
0	0
0	1
0	0
0	1
22	159
2	159
6	0
382	425
4	332
5	51
0	0
0	112
2	45
0	24
36	289
81	302
0	39
38	210
34	137
2	0
2	180
4	101
22	379
2	43
1	12
24	281
4	3
1581	213
1	135
6	114
0	0
0	0
0	0
0	531
107	593
0	89
2242	17907
11	18188
0	15146
0	30
143	4397
0	756
7	1417
4	1246
9	1104
24	304
12	92
170	5
90	10415
0	1338
0	2053
0	10169
0	10008
30	1253
0	407
160	1
0	2109
0	10212
0	2079
13	1026
4	1488
0	2088
28	9
2	57
299	605
273	605
41	0
268	6375
660	5931
35	1180
87	226
2	2092
8	769
1	0
779	1008
1	641
19	237
0	516
2	586
24	1451
82	741
2	1348
0	180
0	319
17	711
3	0
0	209
466	1168
0	95
0	485
75	1103
2	0
5	142
3	47
1	104
5	3
4	111
206	387
36	256
41	7
318	138
22	1409
4	1377
1	201
0	0
0	4
7	655
27	655
8	44
0	70
8	26
3	9
0	0
14	8
375	1350
2	77
0	74
175	1473
9	665
0	46
1413	415
0	0
0	0
30	0
1	0
10	329
0	0
0	0
0	0
0	0
0	1
403	236
33	234
23	0
57	1272
264	67
53	66
9	0
9	27
12	19
0	0
0	0
0	0
0	0
0	0
0	0
0	0
0	0
0	0
0	0
0	1
0	0
47	0
0	0
74	0
0	0
0	0
0	0
0	0
2	15
0	6266
0	0
0	0
0	0
0	0
0	0
2	0
509	1834
41	1828
2	1763
27	342
0	0
58	1697
0	5944
30	5703
0	3926
5	95
82	1
87	46
8	196
27	58
11	177
2	0
0	154
21	7
0	9
0	1074
0	12250
88	11696
470	11552
71	1461
4	873
18	118
22	2822
19	268
7	227
4	771
56	0
44	796
0	0
21	125
2	447
73	29
2	34
2	12
0	2
72	0
0	0
171	0
23	4
3	1
0	1
0	0
0	0
0	1
0	0
0	0
0	0
4	43
0	0
0	0
3	0
0	0
0	0
1	0
0	0
0	0
4	6
5	90
0	0
0	0
1	6
0	1
0	0
4	1
0	1
0	0
0	0
0	0
0	0
0	0
0	0
1	0
0	0
0	0
12	0
0	0
0	0
0	0
0	0
0	0
0	0
0	0
0	0
0	0
0	0
0	0
0	0
0	0
0	0
0	0
0	0
1	0
0	0
0	0
0	0
0	0
0	0
0	0
8	692
9	692
0	0
6	1
2	1
0	0
0	4
32	3275
5	2065
0	2182
90	434
0	431
22	991
2	1003
2	0
0	2
0	1
0	0
1	2
51	379
0	452
4	65
26	110
4	70
0	1
17	2925
0	3121
56	3804
3	2814
16	497
274	1943
1	2155
2	107
156	0
12	4
16	282
29	215
1	20
3634	320
119	213
14	105
0	0
0	0
0	0
1	0
48	0
58	1434
0	1611
4	675
1	145
0	62
0	0
3	0
0	0
1512	45
210	0
2	38
2	7
2	0
0	0
2035	179
0	0
0	0
0	0
42	0
154	179
1620	138
0	138
44	10
292	3584
2752	3584
0	1372
37	230
6	0
31	234
279	3262
3	910
3	3260
1	3256
0	0
0	1
0	1
0	1
0	0
0	0
0	0
0	0
0	0
0	0
0	0
0	0
0	0
0	0
0	0
0	0
0	0
0	149
422	149
0	0
0	0
2	0
0	0
0	7
0	7
0	2
0	0
1	0
0	0
1	130
6	138
0	55
0	13
0	0
0	0
0	0
0	0
0	0
0	0
0	0
0	0
0	0
0	0
0	0
0	0
0	0
0	0
0	0
0	0
0	1
0	0
1	0
0	0
0	0
0	0
0	0
0	0
0	0
0	0
0	0
0	0
0	0
91	5
0	5
4	2
6	0
0	0
0	0
3	0
0	0
0	279
307	283
0	34
11	20
0	4
0	0
0	0
0	0
0	0
0	0
0	0
0	0
0	0
0	0
0	0
0	0
0	0
0	0
0	0
0	0
0	0
81	0
0	0
0	0
0	0
0	0
0	0
0	0
0	0
0	0
0	0
0	0
0	0
0	0
0	0
0	0
0	0
0	0
0	0
0	0
0	0
0	0
0	0
0	0
0	0
0	0
0	0
0	0
1207	2137
49	1499
2	542
0	316
0	268
27	50
995	709
0	603
0	112
0	0
0	3154
0	3210
0	3174
0	3061
10	905
2	2030
0	2455
0	2512
0	3340
0	2651
57	1028
0	2263
0	3106
0	2985
0	1918
76	2875
0	0
33	4
0	0
0	4
4	303
0	1608
0	137
0	138
4	237
0	0
0	1512
23	104
0	107
0	1679
52	0
13	0
1	294
41	0
15	934
11	284
15442	304
0	0
0	0
0	12
0	0
154	16
1	15
0	7
0	11
0	13
0	9
0	8
0	10
0	2
0	0
1	0
0	0
0	0
1	0
5	0
0	0
556	0
2944	494
2	286
25	198
0	0
4	0
626	113
6	111
0	0
0	0
1	0
72	678
3	612
0	11
3	1
350	1135
12	1119
0	338
3	8
14	104
16	0
1371	954
0	512
3	442
1	56
4	32
3	91
0	20
0	32
0	20
2	52
0	28
0	89
87	0
0	0
0	0
0	0
0	0
0	0
313	0
2	3
0	3
0	0
0	0
0	0
0	0
793	0
243	5623
4	3319
3	4046
1	2958
6	2566
22	1355
3	440
4	11
17	5
0	12
0	1
1	0
1	2
1	186
27	400
7	406
0	373
0	373
0	0
0	0
5	0
0	0
1	0
0	0
0	0
0	0
0	0
0	0
0	0
0	0
0	0
0	0
0	0
0	0
0	0
2	0
531	409
0	396
0	394
0	361
0	199
0	70
0	75
1	87
0	85
0	114
9	31
0	31
0	28
0	4
60	0
5	0
1567	990
23	235
10	225
5	150
14	973
0	0
44	22
0	0
0	0
0	0
891	674
1	305
0	181
0	144
0	0
3	0
0	0
0	0
0	0
0	0
0	0
0	0
0	0
0	0
0	0
0	0
0	34
0	0
0	0
8	75
0	75
0	74
0	0
0	0
0	0
1	0
1	0
0	0
2	0
1	0
0	8
0	0
0	0
2	0
0	0
0	0
0	0
0	0
0	0
0	0
0	15670
199	15838
0	5422
0	7934
98	679
30	1247
0	4238
2	3003
0	2337
8	2880
0	875
10	902
1	0
18	373
2620	1099
11	718
0	0
456	123
2	123
6	5
0	5
0	4
1	2
0	0
2	233
0	249
0	90
0	73
0	6
1	200
1	14
4	0
0	4
4	0
15	46
0	24
1	0
24	17
0	18
0	0
0	0
0	0
47	1391
4888	4099
77	1805
45	0
272	0
2	534
0	3677
0	0
0	0
4	0
12	0
0	8
0	8
0	8
0	1
0	1
0	0
3	2
0	2
0	0
5	176
10	291
368	223
32	302
33	2219
0	2768
184	2582
3	8
0	1
0	0
0	1
0	8
0	8
770	2316
12	27
0	403
0	2115
70	81
97	7
0	287
40	286
14	272
1	0
3	0
46	0
3	116
11	18
0	37
20	274
1	18
20	3
6	0
0	482
0	301
13	537
19	1122
293	7
1	0
45	0
1	302
0	54
35	0
4	190
34	0
197	15
1	53
98	314
1	67
5	126
106	20
0	0
64	647
4	502
3	281
2566	989
14	591
3	119
11	3
0	3
291	3635
83	3635
1	464
4	60
2385	429
29	113
1	316
0	0
0	0
0	0
0	0
6	1125
102	111
3	109
0	0
0	0
0	0
0	1
0	18
0	8
0	1
0	0
0	0
0	3
1	0
0	0
2	3
1	1123
1	0
0	0
0	9
0	0
0	3
0	0
0	0
0	0
1	116
0	116
0	51
3	0
629	0
1662	2377
2	246
25	670
28	2237
16	339
3	0
1	0
6	0
0	0
0	0
0	0
0	0
436	378
4	114
0	310
27	10
3	644
0	0
0	990
0	1541
5	1582
51	248
0	861
0	642
4	819
0	820
160	1314
0	855
36	633
1	781
12	9
981	0
2	0
144	1181
16	67
1	0
32	1181
4	0
1	14
0	14
13	8
1	5
0	3
61964	12793
4	12742
3	11625
13	7
0	4
0	1
0	2
0	0
0	0
0	0
0	0
0	0
0	0
0	0
0	0
0	0
0	0
12	0
3936	776
2	776
0	0
377	2
0	0
450	111
0	111
2	225
9	1232
64	1340
6	1158
0	1373
10	956
5	1232
11	135
24	132
0	148
0	138
0	33
0	11
0	0
108	314
98	879
1	841
18	70
0	0
0	0
29	87
20	118
2	56
367	625
4	93
5	199
0	596
0	125
24	252
0	0
6	361
1	24
8	0
14	171
22	0
44	0
0	37
4	10
1	0
0	0
52	0
40	0
0	0
0	11
380	2053
0	2053
9	662
119	145
6	137
0	10
1	21
0	29
30	15
0	9
1	1
0	7
193	177
0	177
2	20
0	0
3	67
1635	181
0	114
61	243
79	243
1	107
3	50
0	0
130	6039
8279	6064
63	0
20	93
1	0
2	222
0	2442
1	2408
3	461
2	335
2331	657
20	532
1	61
2	24
61	340
842	436
0	5
41	2799
2	5
5	2895
0	1727
0	2905
18	2285
3978	2356
1	3749
4	77
0	2544
0	1867
0	154
6	43
0	0
11	0
189	213
2	64
0	191
1	33
2	9
0	0
1	8
1	8
74	55
0	0
0	55
2	1
0	4
0	3
1	2
0	3
0	0
0	0
0	1
184	0
0	787
47	787
8	48
4	40
13	0
7	140
0	120
7	110
0	120
0	138
0	2
0	0
642	712
0	709
12	0
1	116
6	81
3	1
12	2
3	2
0	970
14	1187
2	682
46	1222
5	20
0	131
1	730
13	118
11	118
0	2
0	4
0	11
0	11
0	11
0	1
0	0
0	0
52	82
0	75
0	68
0	57
0	52
0	0
3	44
0	7
3	1
0	0
0	0
0	0
66	3
0	3
0	0
1	0
0	399
1	0
1959	1915
3	1806
7	1502
0	1038
0	1018
0	112
77	193
134	12
1	168
4	131
0	73
48	42
3	58
14	303
15	400
10	692
1756	702
0	0
6	76
30	5
2877	6243
0	5
23	6241
174	535
8	5902
0	7872
29	7329
0	0
0	0
0	0
0	0
0	0
0	382
40	460
0	6362
1	294
74	5565
5	21
22	270
129	96
117	2637
51	176
0	1
0	69
0	2
0	179
0	32
0	3
0	2
0	2
3	0
0	0
0	78
5	20
0	69
1	2
0	7
35	883
65	945
0	567
54	61
0	125
0	0
0	0
303	1586
1	655
4	1058
21	397
0	0
3	13
9	6164
3	6176
4979	6111
1	322
0	307
1	824
0	502
8	446
1	366
364	231
5	155
0	17
0	10
478	20
95	20
0	20
115	3956
0	0
8	3900
0	3861
28	2537
0	1961
3	34
0	0
4	95
11	0
1	0
3	0
1	198
0	222
0	222
0	66
0	1
0	0
1117	124
1	124
3	0
1	0
26	2
0	2
4601	10
9	0
0	6
0	112
0	77
0	102
0	16
0	18
0	18
0	6
0	6
0	8
1	3
2	5
0	1
1	1
0	112
1	130
21	96
1	10
0	0
0	0
0	135
0	135
8	119
1	127
0	122
0	56
2825	2837
75	2811
3	709
22	917
2	236
0	0
1	108
43	530
2	581
0	36
1	53
2	129
0	164
30	143
0	44
0	180
264	7000
164	6984
0	46
55	1770
4	0
1	0
35	70
1	941
28	1021
0	1021
52	4
12	64
1157	0
0	0
4	655
1	0
0	0
0	0
0	0
607	3418
24	3418
22	1158
69	18
1	284
140	214
0	0
0	0
0	46
32	46
0	0
2625	1448
0	235
0	1139
0	682
107	981
0	354
44	512
32	31
70	0
0	0
169	2
0	1
28	187
1	0
2	20
21	154
45	15
0	143
0	45
0	1
956	565
0	546
0	25
1	3
30	8
0	3
0	1
0	0
0	0
0	3
0	1
0	0
0	0
0	1
0	0
0	89
20	131
13	29
0	131
65	410
0	410
0	0
22	31
9	0
2	23
87	0
165	257
2	0
401	10204
373	9897
8	1098
350	4142
64	3942
17	521
2	199
11	309
28	308
86	0
7	255
73	22
1190	853
0	693
0	364
8	40
1814	0
0	0
10	104
1	96
6	8
504	2145
2	2082
7	2097
2	286
9	145
3	195
0	78
0	96
0	25
0	225
0	278
3	81
0	387
0	208
6	0
0	2208
3	2208
49	1914
26	25
0	0
12	58
35	4
0	359
14	353
11	0
39	0
3	0
7	148
1	17709
874	17709
750	282
1	282
4	6
7	21
16	482
0	132
0	469
0	209
3	138
1	481
3	136
6827	1960
7	1960
11	1151
0	239
1	239
88	0
23	0
0	33
0	203
2	206
2	87
0	203
0	203
0	204
0	239
1	203
0	203
0	0
3	1
1997	2553
5	2391
2	1755
10	138
31	0
0	8
7	14
0	7
0	138
110	298
0	143
1	106
0	173
0	0
0	17
0	17
0	15
0	0
0	13
0	0
0	0
1	17
4	0
0	0
0	0
0	0
17	903
0	903
8	131
0	28
9	0
0	28
1	31
12	16
0	71
1	71
0	21
1137	428
0	0
4	340
101	391
254	348
0	83
1	157
0	0
0	0
4	0
0	0
5	2948
2	1943
74	2630
1	2015
2	0
9	147
3	13
10	13
2	116
125	143
2	0
0	27
31	406
0	709
0	922
0	855
1	36
0	2
0	1
0	0
0	0
0	0
0	0
0	0
0	0
0	0
5	1184
3	1184
0	0
0	0
0	1
0	1
0	0
0	0
0	0
0	0
1	3
0	0
215	417
43	414
0	295
1	276
4	33
0	60
0	0
0	0
0	0
0	0
0	0
1	0
0	0
0	0
0	0
19	3
3	3
81	0
0	0
16	0
10	23
0	23
0	0
21	0
50	0
104	0
0	0
0	0
13	0
0	0
3	0
0	0
29	1214
27	1239
7	1239
12	1228
20	17
4	58
66	16
0	12
0	29
78	11
0	4
71	0
14	47
1	50
0	0
0	0
0	0
0	0
0	0
34	3727
3	3602
2	3261
66	641
0	0
19	0
114	0
0	0
0	0
0	0
0	0
0	0
0	0
0	0
0	0
0	0
0	0
62	111
15	51
16	99
0	0
0	0
0	0
4	2
127	197
0	3360
2	163
44	3142
1	3302
170	0
8	0
0	0
0	3
84	0
93	0
100	0
1	0
135	91
0	2121
0	2759
0	0
73	0
0	0
0	0
0	0
0	0
0	0
0	0
0	0
0	0
0	0
8	1085
1003	2144
1	1738
2	1458
2	866
996	1457
6	55
0	33
0	0
0	0
0	0
0	0
0	0
0	0
0	12
0	12
0	6
0	0
0	31
0	11
0	31
0	61
3	76
3	0
0	0
0	0
0	0
3	945
0	1663
0	1536
0	1663
0	858
1	1579
12	372
0	13
0	0
23	54
0	46
1	49
7	0
0	1
0	11
0	0
1	0
0	0
0	0
0	0
0	0
0	1
0	0
0	0
0	0
0	0
0	0
0	0
45	77
1287	1148
0	822
65	0
64	0
990	0
1	322
1	452
1	39
18	189
5	256
0	5
1	521
28	17
1	8
2	256
1	66
3	283
30	512
1	102
1	138
0	81
1610	1215
5	1215
7	1078
0	57
77	993
2	118
1	406
96	0
0	0
3	219
19	56
15	413
858	421
0	341
12	164
9	54
0	28
4	28
0	0
13	423
68	350
0	373
0	386
0	324
0	358
0	42
0	25
1	78
2	2
0	0
0	0
0	0
14	0
0	0
0	0
0	0
0	0
0	0
0	0
0	0
0	0
0	0
0	0
0	0
0	0
0	4
1	0
0	4
0	4
0	0
1	1164
1	4
0	4
0	0
0	0
0	0
0	0
1	0
0	0
0	0
0	0
0	0
0	0
0	0
0	0
0	0
4	0
0	0
0	0
0	0
0	0
0	0
0	0
0	0
0	0
0	0
0	0
0	0
93	2182
39	2108
0	0
0	318
0	92
99	75
0	22
0	0
0	0
9	2
5	2
3193	36
0	36
0	0
24	0
15	46
0	0
0	1
0	1
0	1
0	0
0	0
0	0
4	1466
1	1285
0	1344
0	669
0	707
5	208
11	334
7	212
4	100
39	10911
11	10970
7	282
3	348
7	48
1	578
0	2475
7	2127
17	528
81	1463
6	1074
1	464
0	327
0	34
0	10
0	11
0	11
0	11
0	8
0	9
0	0
0	0
0	0
81	1487
3	1486
0	15
0	15
0	3
0	0
0	0
14	3
0	0
0	0
0	0
0	0
0	0
0	0
3	5
3	3
5	1
0	3
2	1
0	0
4	0
79	2
496	13878
313	5737
1	13272
65	11236
50	274
214	682
0	679
0	0
0	57
1	68
0	136
41	4
0	47
125	3
32	1
22	446
0	1167
26	210
11	641
45	128
0	232
2	944
0	0
145	0
0	175
3	1349
4	1393
0	382
5	139
0	211
0	28
81	0
0	0
0	0
0	0
0	317
1944	4145
1	4004
16	685
0	3320
21	0
0	2850
2716	3031
7	2694
7	2657
7	239
0	0
0	0
903	436
0	243
2	184
0	0
0	0
71	234
3	160
0	23
6	59
4	49
0	5
50	3
0	37
6	37
0	0
8	539
26	541
3	371
7	5
0	32
0	48
0	0
3	12
0	0
0	0
673	9361
10	8299
38	1189
35	933
3	142
0	916
36	36
0	121
4	1
135	3338
19	3410
17	2023
0	117
0	166
21	71
71	0
0	0
0	32
1	120
6	120
0	10
0	0
0	0
0	0
0	0
0	12172
1	12186
2	595
47	0
15	63
89	685
0	943
5726	1952
3	125
0	635
10	376
51	0
15	1
0	15
0	15
1	6
1	2
1	2
0	0
0	0
0	0
0	6331
2	6721
4	4121
74	2697
0	4597
2	1060
138	927
87	49
111	256
90	0
3	0
10	175
2	51
1	5
0	5
0	7
0	32
0	5
0	2
0	5
0	51
0	1
0	0
0	0
0	0
204	0
2	0
32	3990
0	3418
37	0
29	3333
177	3216
2105	1077
10	130
0	2
0	2
0	2
0	2
0	0
0	1
0	1
0	1
0	0
0	1
6	0
11	0
0	0
19	1
1	11
9126	6003
24	5972
0	2679
0	1034
23	463
0	0
0	0
0	0
0	0
0	0
0	0
0	0
0	0
0	0
0	0
0	0
0	0
0	0
22	139
0	137
6	79
0	0
8	9
6	13
0	10
2	1
2	0
0	0
0	0
28	0
1357	2
36	168
0	124
5	172
1	113
1	34
882	609
0	387
2	412
1	173
0	129
15	0
80	9
1	161
16	53
19	38
5	164
5	55
28	116
2	116
0	8
0	6
0	15
0	5
1	3
8	0
0	0
1374	2324
0	2116
23	553
1	1402
30	8
0	0
44	345
60	2
4	0
0	0
44	376
141	540
11	367
0	179
5	9
0	8
0	0
0	0
0	0
37	919
142	5334
0	5077
263	4858
0	134
0	0
25	1066
0	74
95	746
0	0
4715	1661
4	328
0	0
1	477
0	0
0	153
21	0
5	823
0	0
167	33
2	0
0	1279
1	1601
0	1305
0	986
0	264
1	288
2	526
4	5
1	137
79	0
3	242
113	4725
15	2742
1	19
13	2756
10	497
17	4276
75	2722
39	2757
15	50
27	0
0	0
0	2
0	2
0	0
1	0
0	0
0	0
0	0
9	1
0	1
0	3
0	5
0	6
0	2
0	2
0	0
0	4
0	4
39	3510
2	0
0	0
0	0
2092	4170
0	3971
4	530
0	351
34	1123
4	820
3	277
4	164
52	0
55	2712
15	38
2251	866
83	866
100	8
10	166
4	1081
0	1137
2	1077
0	668
0	668
0	103
0	3
0	97
63	7417
1	0
38	7300
6	622
0	28
176	760
1	44
978	2650
0	2723
12	2633
0	2496
0	2374
4	2292
0	390
21	1612
62	1442
0	1327
0	1279
16	40
0	115
62	3
0	3
11	11
0	11
78	0
76	2
5	321
2	123
12	0
0	0
2	0
0	0
0	0
0	0
0	0
0	0
0	0
1	0
665	599
18	558
6	92
5	59
2	2
1	28
21	90
17	0
5	0
7	0
61	0
160	78
0	72
0	6
0	23
3	47
41	154
1	116
0	22
3	19
0	0
0	905
0	905
35	903
8	384
1	45
0	0
0	0
0	0
0	0
0	0
2	114
7	128
0	0
1	16
0	99
0	99
0	34
1	34
0	45
1	0
0	0
0	0
0	1
1	0
0	0
0	2
0	4
0	0
0	2
1	0
482	73
0	29
0	37
0	13
1	7
0	7
1	0
0	0
0	0
0	0
0	0
3	292
1447	3360
91	1393
0	274
129	0
2	476
0	1147
12	970
381	9
3	251
5	319
2	454
279	13
2	0
46	0
0	0
17	339
0	0
0	0
12	18
0	1
0	0
0	0
0	0
0	17
0	0
0	2
0	0
0	0
0	0
164	66
1	66
919	176
32	81
2	48
0	1
0	1
0	0
0	84
0	10
0	10
3	718
309	718
6	693
1959	417
1	392
13	194
33	0
2830	508
10	72
5	321
15	383
0	333
32	148
4	307
72	0
160	255
1	129
491	1111
0	0
116	0
171	3
0	202
0	0
25	0
89	0
5	58
89	0
65	0
61	0
41	0
115	0
0	0
10	0
13	886
8	0
4	0
0	188
0	0
1	0
0	0
0	0
0	1
0	7599
0	7717
73	0
37	0
207	0
3	2802
1	174
39	0
0	2
17	11
0	2
0	1
0	3
6	0
2	1
0	9
0	0
1141	493
0	324
1	319
0	442
0	299
3	247
0	0
0	26
0	761
2	319
7	990
24	1496
14	824
118	945
177	1391
18	700
2	1424
0	552
566	1980
6	667
6	525
0	617
12	1451
16	2151
0	706
6	1356
0	0
0	0
0	617
0	42
0	0
5	690
0	0
0	211
3	42
0	167
0	1
0	1
0	1
92	122
5	115
0	3
0	0
16	1022
4	0
23	937
0	382
5	889
0	710
1	21
0	83
0	358
0	277
0	260
0	248
0	233
1	253
0	164
0	317
3	0
0	92
0	622
0	607
2	510
3	197
17	263
22	10
20	90
0	0
1	1
0	0
0	0
0	1
0	0
0	0
0	0
1	0
3896	32988
50	26895
3	18570
169	17623
3	10828
0	10837
7	8767
505	505
9	446
0	0
5	0
10	0
0	0
0	0
6	335
0	0
5	0
0	0
8	0
2174	225
60	0
0	0
0	20
0	0
1	0
40	112
17	93
0	0
0	0
0	0
0	0
30	733
11	686
0	0
47	737
0	267
0	88
2	11
12	0
19	72
0	75
23	5
3	4
0	4
0	9
8	3
1	0
0	171
0	171
0	4
0	0
0	0
0	0
0	16
0	0
0	0
0	5
0	0
7	35
0	0
3	0
0	0
87	456
0	373
0	52
0	43
0	66
36	200
24	173
6	43
2	371
0	457
13	75
2	116
0	326
0	241
1	412
1	175
0	0
10	0
0	0
0	0
0	0
101	13666
1	13812
2	6028
55	6973
0	11680
0	11154
0	0
10	116
29	2300
55	0
28	1001
1	463
30	268
140	2
0	54
53	158
0	150
4	85
1	57
0	40
8	43
21	103
0	23
0	32
11	14
0	69
0	45
2	44
8	44
1	1180
0	989
25	556
0	6
7	114
14	80
4	24
0	1
0	1
0	0
0	0
0	0
0	0
0	0
0	0
0	0
0	22
1	22
0	3
5	7
0	0
2	6
4	0
47	349
7	338
3	49
0	0
0	0
1	105
0	0
0	0
0	0
13	1016
40	1016
0	960
3	1176
0	1135
17	1033
1	40
19	0
12	366
20	333
30	366
1	45
4	26
0	16
2	0
11	140
5	140
0	0
17	0
25	67
0	78
0	50
0	9
109	43
0	7
0	24
0	0
0	21
0	0
0	0
304	0
1	0
63	711
6	711
0	132
3	11
306	2
115	806
2	874
0	627
3	259
4	504
21	35
0	512
5	228
8	20
18	484
20	103
0	245
0	76
0	144
0	168
21	0
18959	5398
0	2414
20	4182
79	1256
7	0
0	0
25	0
22	0
0	0
0	0
0	0
34	56
39	56
1989	0
1	2
1	4
0	0
0	0
12	0
10	0
0	0
0	0
0	0
1	0
0	0
0	0
0	0
0	0
0	0
0	3
2452	5957
63	5840
0	298
415	712
10	108
2	533
1	360
2	147
5	18
131	2
0	72
250	72
85	1082
97	519
0	161
2	44
12	490
0	0
0	0
73	0
67	331
366	1179
95	368
0	196
18	0
3	797
0	0
0	0
0	0
0	1
3	1
0	0
0	0
0	0
0	0
0	0
0	0
0	0
0	0
0	0
0	0
0	1842
39	1900
8	361
2	219
0	380
7	259
0	367
5	229
22	33
0	153
6	113
11	16
25	0
0	0
17	281
19	274
0	10
0	0
65	13
0	5
0	0
0	0
107	976
0	976
0	204
0	0
3	1
0	0
0	0
0	11
0	12
0	11
6	12
0	8
0	8
0	8
0	0
0	0
0	0
0	0
0	5
1	0
0	2745
0	2762
0	248
3	413
3	351
0	431
0	372
0	0
0	79
1	106
0	324
0	377
0	276
0	240
9	288
1	70
36	7
0	0
0	0
1	0
0	0
0	0
0	10
0	10
1668	13403
9	925
63	3502
5	12850
0	0
0	0
193	47
0	38
1	47
0	23
0	38
3	39
0	39
1	0
6	0
635	187
5	187
36	48
0	10
0	495
11	1543
4	1478
5	681
37	1163
0	87
1	0
0	0
0	0
0	0
0	0
0	0
0	0
0	0
0	0
4	212
0	0
6	0
0	31
0	29
0	17
10	17
0	18
0	28
0	0
0	0
2966	1798
0	1354
0	838
0	929
0	527
0	387
1	37
0	0
0	0
0	0
0	0
0	0
11	2065
1	1772
18	1288
5	693
0	0
0	0
1021	401
2	75
0	138
0	232
6209	10
0	0
0	7
0	7
0	7
0	6
0	22
2	22
0	0
76	402
1547	415
14	404
0	51
0	181
0	386
19	126
98	0
177	0
270	172
0	0
0	0
0	0
0	0
0	0
6	611
2	656
0	62
2	250
34	11
0	0
0	0
5225	168
1	166
67	479
0	454
5	44
0	0
0	0
2	0
0	0
0	0
1322	524
1	276
6	420
0	208
15	29
0	29
16	2591
0	2589
0	896
8	164
17	23
1	2
50	3198
177	3294
46	3287
35	647
18	2034
5	82
0	326
21	375
0	1
9	0
0	0
2	7698
0	7899
4	7575
0	1
0	1
0	3
0	1
5	0
0	0
29	3
314	2
4	22
0	0
7	121
2	27
1	13
4	69
0	90
3	40
0	14
13	26
1	41
1319	0
3827	0
0	0
41	0
0	0
7	0
53	192
0	125
16	188
1	275
0	192
5	159
0	7
0	0
10	0
5	26
0	17
2	23
0	5
2	4
0	4
8	4
0	0
72	390
28	380
9	64
0	301
0	244
30	238
2	19
0	0
12	0
149	0
0	170
3	438
31	442
1	435
0	3
0	0
0	0
0	0
2	7
0	7
0	7
0	0
0	0
1	4
0	0
0	1
2273	2270
5	2059
5	211
0	12
0	12
0	12
0	3
0	2
4	3
1280	0
0	11
0	10
6	7
0	14
0	8
0	10
5	12
0	6
21	1050
1	1010
0	918
0	738
18	131
0	71
1	171
33	119
0	10
0	10
0	8
0	8
74	163
4	163
0	18
7	547
0	2160
1	7377
24	6543
0	6116
2	2749
0	2714
0	1585
0	1000
0	998
2	785
0	1090
10	317
2	103
0	1054
0	184
0	903
34	969
6	9
10	33
0	121
63	529
34	401
21	359
0	436
1	169
0	84
0	21
0	133
4	50
3	543
1	508
3	103
0	460
4	23
3	32
3	12
1	138
0	219
47	185
1	55
67	2582
27	1194
3	1409
16	1894
0	678
9	340
0	0
205	0
13	1227
3	1227
13	1111
5	399
13	518
0	17
4	0
3	1085
111	323
0	339
15	323
0	666
110	1228
15	1219
4	1199
1	421
8	117
1	269
215	329
2	263
21	0
3	107
8	0
1	0
0	851
1	895
25	845
0	442
5	417
4	430
35	23
27	384
49	786
16	1710
0	127
3	582
0	72
6	1442
3	1450
7	83
0	545
0	0
676	611
13	611
5899	1909
6	326
5	1577
6	20
0	20
0	2
332	6
0	0
3005	307
0	307
0	0
14	478
8	174
14	174
0	304
0	51
0	40
0	46
0	44
0	22
43	72
1	61
0	0
0	57
6	56
0	42
0	0
0	1
0	0
1	1
0	43
54	43
4	0
1	2
0	0
0	0
0	0
0	0
10	7
3	7
93	108
0	8
25	27
1	104
16	0
1	0
1	1
0	1
9	17
4	15
0	0
0	12
0	0
2	3
0	2
0	626
0	626
0	321
1	69
0	84
1	84
1	0
360	4224
3	4224
0	3863
30	269
9	589
25	154
358	14662
104	1276
0	4613
42	3161
9	14450
3	0
0	0
1	650
5	771
141	947
0	5771
3	676
7	1972
9	525
277	1536
3	57
1	237
0	355
2	149
9	2207
171	1930
0	3815
0	2109
109	3782
680	3804
91	1716
47	75
0	377
147	4
0	424
106	2137
4	1943
32	348
3	154
40	146
4	9
2	9
2	0
0	0
3	1
0	0
0	0
3	1
0	1406
137	437
4	405
0	8
1	381
0	233
0	1456
1	250
51	1456
0	360
3	172
7	160
2	1
0	1
2	0
0	1
84	0
2260	2
229	0
0	1
1	1
82	0
33	153
3	139
0	147
0	2022
0	96
42	219
0	1795
3	2013
21	44
2	158
0	292
0	175
5	182
0	94
32	1071
3536	3409
3	651
3	2862
22	0
32	0
5	5
0	5
0	1
0	5
0	5
0	5
0	0
5	4
18	5
27	1
1	12
0	12
65	0
3	0
0	0
0	0
0	0
98	0
1	62
0	0
2	0
0	0
0	0
0	0
0	0
0	0
0	0
0	0
0	0
0	0
0	0
0	0
0	0
0	0
0	0
0	0
0	0
0	0
0	0
0	0
0	0
0	1
0	1
0	1
21	43
1	43
0	0
0	0
22	5
0	0
27	42
1	43
63	225
0	231
0	72
5	90
0	58
14	2256
155	0
0	516
1	134
0	127
0	1886
19	0
14	7
0	1
1	15
0	8
0	6
0	0
2	0
7	21
9	14
0	14
4	4
0	5
68	73
0	61
0	0
1	4
2	10
0	8
0	0
0	0
0	0
24	113
0	113
121	35
16	28
16	3
0	0
0	22
0	0
0	119
20	140
16	71
1	49
2	29
1	21
0	13
3	17
66	106
0	163
0	165
0	155
0	153
0	93
41	83
0	21
27	31
0	11
0	0
0	0
27	95
16	22
0	2
1	2
0	0
0	0
0	0
0	0
0	0
0	0
0	0
0	0
0	0
0	0
0	0
0	0
0	0
0	0
0	0
0	0
0	0
0	0
0	0
0	0
0	0
0	0
0	0
2	2
0	2
0	0
0	0
668	5
0	0
0	0
0	0
0	0
0	0
0	0
0	0
0	0
0	0
19	3
0	0
0	0
0	0
0	1
0	2
1012	0
2	38
0	37
2	36
0	2
0	6
0	29
0	0
5	0
6	0
0	0
2043	1561
4	676
17	982
0	981
0	563
0	16
1	54
0	17
0	1
0	51
0	2
59	50
0	1729
0	1729
0	276
0	471
0	51
0	1
0	1
0	1
0	1
0	0
0	0
321	233
0	18
23	87
0	53
0	51
1	72
0	57
0	43
0	17
0	0
0	13
0	0
0	0
1	0
0	6
0	6
0	2
1	1
2	2
2	0
1	0
0	0
3	2
0	0
0	0
0	0
0	0
0	0
0	0
0	652
8	230
0	676
0	640
0	204
0	328
7	556
0	102
0	95
14	1
6	0
14	0
0	0
0	0
49	43
0	35
26	82
0	18
0	18
0	0
1	138
7	120
20	274
1	330
0	306
0	0
0	0
0	0
7	0
3	0
0	0
17	6
2	20
0	373
2	932
12	945
18	0
2	0
5	0
11	0
23	0
7	0
1	1
0	0
5	0
19	0
15	8
2	226
2	2
0	1
52	2535
0	497
44	2395
0	282
0	243
0	2508
0	0
101	2530
1	2
0	2
13	0
0	0
3	0
7	0
3	0
1176	2458
25	1327
90	1131
0	1
0	2
8	13
0	0
10	5
0	17
0	17
0	17
0	17
0	0
1	34
3	1441
1514	1453
1	189
0	12
1	0
1	0
0	0
4	3
34	0
59	66
494	66
1275	23
7	15426
4	975
1	265
7203	15858
1	841
63	1691
57	3351
139	201
32	0
0	0
0	0
0	0
103	14
0	14
18	435
662	1658
0	0
3	0
1	1223
0	0
58	383
0	298
0	297
0	93
2	0
17	85
4	15
0	9
652	588
0	171
0	70
4	303
4	118
0	0
1371	260
40	149
15	223
3	29
141	503
0	503
10	64
0	120
0	81
26	37
0	3
0	3
0	0
0	0
2688	2203
10	475
33	1154
3	202
1	292
0	157
63	99
43	18
1	88
3	0
2	2
50	2091
2	2563
1	930
0	1775
0	1836
0	1771
14	121
17	27
24	0
6	52
0	1007
63	153
61	14
1	1459
0	605
0	92
31	51
2	85
0	0
6	63
0	576
0	592
1	39
0	213
0	106
0	48
0	133
4	16
0	50
0	78
0	65
0	56
0	34
0	44
0	20
0	20
0	0
0	0
0	0
3	211
0	448
1	462
6	181
0	448
2	77
0	331
1	302
0	83
20	214
4	25
0	1
1	0
18	34
0	34
1593	54
130	54
130	0
12	0
71	0
686	118
0	126
0	84
0	84
0	34
0	2
12	0
0	0
2	122
3057	555
2	37
0	0
6	91
7	8
1	197
0	52
0	129
0	565
0	513
6	234
3	0
0	527
5	209
0	77
19	53
0	324
2	0
0	3
3550	86
194	86
0	0
8	0
2680	13901
17	10800
3	8474
3	4162
38	4911
1	948
0	589
0	0
39	0
0	0
1177	340
0	2
0	338
0	0
0	1
0	2
35	1121
0	343
40	882
3	241
45	24
5	25
4	149
0	143
9	3301
0	397
0	3265
2	18
12	109
0	0
9	44
0	0
0	438
0	1221
4	1075
0	171
0	0
1	0
0	0
0	0
0	0
0	0
1709	310
0	0
0	29
22	204
58	77
23	0
2	220
80	1333
4	947
0	501
3	409
0	8278
1	8278
118	7951
0	4341
1	569
4	367
21	402
23	213
6	143
0	15
0	15
0	1904
0	0
0	0
1	0
0	0
0	0
0	0
0	0
0	0
0	0
0	3
0	3
0	0
0	0
1	0
0	0
0	0
0	0
0	0
0	0
0	0
0	0
1218	3601
43	2618
0	439
7	184
2	447
1	415
0	136
4	2
0	0
9	0
863	1468
18	1354
0	1344
0	1388
0	357
10	234
4	868
3	875
0	952
0	876
1	185
36	0
0	78
7	178
65	0
46	0
4	136
16	0
32	0
12	0
0	0
20	1143
1031	1174
135	70
0	0
9	975
0	0
0	0
0	0
592	456
7	456
1	322
4	0
0	0
613	1387
7	1204
0	669
0	293
1	211
0	0
6	0
0	0
729	802
1	802
0	90
4971	4062
1	975
9	451
91	1695
55	2775
0	0
1	0
0	0
0	0
0	0
0	543
0	543
34	489
2	473
0	0
0	0
0	0
0	2
1	6
0	0
0	0
18	6
0	0
8	113
4	0
0	0
21	113
0	0
0	466
8	498
0	491
2	84
5	54
4	71
0	7
0	0
12	3664
0	3608
67	2409
11	90
6	211
4	239
9	53
8	230
2	192
42	29
222	964
0	10
0	722
0	169
0	230
0	836
6	175
6	170
8901	1416
106	696
19	195
3	0
442	0
5	0
0	0
0	2
0	0
0	2
8	0
2	0
0	0
0	0
0	0
0	0
0	107
0	26
0	26
748	109
0	0
0	0
0	0
0	0
0	0
0	0
0	0
6	0
0	0
0	0
0	0
0	0
1	0
0	9
0	0
151	64
0	64
0	0
0	7
0	7
0	6
244	2391
0	951
5	944
3	922
2	547
0	630
0	1208
0	1011
0	0
0	784
99	465
4	0
1590	0
391	81
0	81
0	0
0	0
0	0
0	0
10	2790
276	2894
39	27
0	0
0	0
0	0
5	839
50	789
7	57
1058	3305
3	606
15	2695
25	2045
2	0
0	0
0	0
114	739
7	0
1326	1667
18	1470
6	130
16	1307
1	403
0	3
8	3
211	5511
3041	5511
50	60
108	1025
3	614
20	653
0	312
13	612
68	323
3	0
6	0
8	0
0	52
1	85
1	84
30	22
0	22
0	0
0	7
158	47
4	47
0	0
0	0
0	0
0	0
0	0
0	0
0	0
80	191
0	191
1	17
0	28
0	4
0	0
2	0
0	0
8	0
91	395
53	395
13	0
0	0
0	0
1	0
0	0
0	0
0	0
1	7
0	7
0	0
3	0
3	0
0	1
0	3
0	0
0	0
0	0
0	4
0	0
0	5
138	510
0	759
0	1064
29	1024
36	447
29	498
3	413
0	882
0	647
323	2
0	0
0	0
0	5
1	123
3	0
0	0
0	0
0	0
2	133
0	133
0	0
5	0
0	0
0	0
0	0
0	0
0	0
0	0
0	0
0	0
12	1697
6	1785
1	311
0	177
6	219
15	10
2	72
20	55
6	650
48	49
0	0
0	0
0	11
0	11
0	10
0	1
0	4
1	4
0	4
0	0
0	0
0	0
18	1
0	0
0	0
0	0
0	0
2	0
3015	1204
0	43
3	1161
33	1
7	35
0	0
13	2
743	474
1	196
0	333
0	325
0	0
0	0
18	154
0	6
7	0
128	901
1	667
5	151
15	374
42	0
4974	2994
10	2786
38	2376
0	0
9	0
2	0
2	0
2	57
0	13
0	0
0	268
0	675
3	1033
1	1083
75	432
1	618
1	9
0	86
0	87
0	2013
11	327
0	2091
9	1678
0	2040
1	250
14	1720
2	122
2	249
7	126
0	250
2	246
0	19
0	0
0	0
1	0
1	707
54	871
0	855
0	625
3	0
15	88
0	2
1	2
0	0
0	0
2	96
1	82
0	85
6	90
14	36
15	6
2	0
0	12
0	7
0	46
6	46
334	45
0	0
5	1
0	19
2	18
0	0
1	16
1	0
0	0
312	2531
0	2531
2	566
0	0
5	38
37	38
13	0
7	0
713	0
349	0
3521	1028
0	49
0	973
6	206
30	68
0	1
38	12
6	0
0	1
0	0
0	0
0	0
5	0
2	775
0	816
0	395
41	165
19	120
62	5
86	2077
97	803
1	1331
1	484
9	1800
7	180
10	0
0	5
2892	1719
6	80
15	1717
1	430
0	0
0	0
1	0
18	0
935	505
17	447
4	180
0	85
0	0
0	0
0	0
0	0
5	4
2	4
1072	73
0	71
7	12
0	12
0	12
1	12
1	1
30	1
2	0
3	60
140	70
0	0
25	10
27	663
1	0
5	684
0	687
9	651
0	125
1	296
3	75
1	213
0	225
125	0
115	0
2	6
162	22
1	19
0	17
0	0
177	2
4	2
0	79
0	79
0	53
0	73
64	86
0	73
12	13
8	0
0	14
0	10
0	0
0	0
0	0
0	0
0	0
0	0
4	162
0	162
0	14
0	0
9	0
0	0
4	55
0	57
0	14
0	14
0	6
2	0
0	0
0	0
1	1
0	63
2	451
3	428
12	23
7	29
0	19
0	14
0	2
8623	2664
59	2214
158	1231
5	814
2	448
0	672
0	137
0	817
2	21
33	682
0	37
8	57
0	37
0	50
0	51
0	11
0	30
0	3
0	1
9	22
0	0
1	24
0	6
0	8
0	8
2	5
0	0
0	0
5	10647
0	1498
0	0
5	87
0	78
10	86
0	42
0	5
4	0
0	25
4	0
99	0
0	1
9	0
0	0
329	10645
1	0
1	10643
0	662
0	1
1	1
0	0
0	0
1	0
2	0
3	0
77	0
0	0
0	0
0	0
14	208
2354	915
122	43
106	0
63	0
103	0
1	0
2	46
2	618
0	0
0	0
0	0
56	1050
52	1050
9	132
16	0
4	137
17	0
28	34
210	83
0	0
279	0
155	0
20	442
0	0
141	370
79	17
0	0
0	0
3	2
1	17
2	9
32	0
22	0
212	1909
70	1570
241	9
224	2016
5	502
7	992
63	1066
115	566
4	195
4	330
0	62
0	61
0	24
0	10
0	34
0	3
0	1
0	4
2	40
1	3
0	9
0	0
0	0
0	0
0	0
0	0
2	0
2	0
0	0
0	0
0	0
0	0
1	0
0	0
0	0
1	50
0	58
0	12
0	0
4	26
0	26
0	0
110	83
1	83
3	1176
0	260
11	235
1	730
0	143
0	0
0	741
0	1135
0	6
0	788
0	0
0	0
3	27
85	1195
4	1095
10	1195
8	0
0	217
0	0
0	0
0	0
56	1474
22	1474
0	92
0	1474
0	1474
7	684
13	684
26	633
461	2
193	550
10	202
6	20
14	93
16	0
33	248
10	199
2	62
3	22
26	3
9	738
118	694
0	129
35	24
0	19
1	187
10	76
18	34
0	0
0	34
0	2
2	0
0	0
16	204
455	901
27	19
10	186
4	875
4	206
0	454
14	66
0	44
0	144
3261	2179
12	711
4	0
10	0
0	0
0	0
0	0
8	1260
42	57
31	2
0	214
0	157
0	0
2	69
74	0
857	313
2	313
0	0
489	83
0	81
254	59
2	59
20	0
12	196
0	196
0	77
0	25
0	0
0	0
0	0
0	0
0	2
0	1
0	1
0	1
0	1
0	2
0	2
0	3
0	1
0	2
0	2
0	2
0	2
0	2
0	2
0	2
0	2
0	2
0	2
0	2
0	2
0	2
0	2
0	2
0	2
0	2
0	2
0	2
0	1
0	0
0	0
46	5
0	5
0	3
0	3
0	4
0	4
0	2
0	0
0	0
0	49
4	276
222	276
0	0
235	306
8	345
0	63
0	62
0	16
0	74
0	0
0	34
2	168
0	153
0	35
0	23
0	0
11	1154
0	1311
54	1265
0	428
2	763
7	512
3	65
0	8
19	8
0	143
142	226
1	44
3	226
3	101
2547	3297
0	3296
0	3199
0	1479
1	1479
0	295
0	0
18	249
0	92
0	133
60	2231
3	1127
235	2230
0	12
1	12
0	12
41	13
0	12
1227	462
39	458
50	47
3	170
0	0
439	0
0	0
0	0
1798	1327
12	159
5	109
11	1117
33	803
0	0
0	0
2	59
31	59
0	0
0	0
3759	379
13	204
17	182
14	169
0	0
5	0
3	0
0	0
0	0
9	0
4	0
1	0
0	0
0	0
72	0
0	0
48	0
6	0
1	0
1	0
0	0
2138	93
0	87
0	0
0	0
1	0
0	0
580	1827
95	1828
1	810
80	568
3	1400
27	197
0	31
1	171
0	174
0	120
5	3
54	10
0	0
0	0
0	0
0	0
0	0
0	0
0	0
0	0
0	0
0	0
0	0
0	0
0	0
0	0
0	0
0	0
0	0
0	0
0	0
0	0
1	15
0	13
0	16
0	13
0	0
0	4
0	6
0	0
954	445
2	445
0	0
0	0
0	0
0	0
0	3
0	3
0	2
0	0
0	0
0	0
0	0
0	0
0	0
0	0
0	0
0	0
7	1357
318	1873
39	246
0	1687
0	1667
2	228
1	846
2	116
0	0
1	0
1	0
615	1033
0	1031
0	0
0	0
135	3
0	1
0	0
0	0
0	0
0	666
0	123
0	0
0	0
0	0
0	0
0	0
0	0
0	0
0	0
0	0
0	0
0	0
0	12863
816	6046
227	11484
2	3917
13	76
28	0
10	1594
0	1853
33	1873
11	1736
6	282
4	226
0	0
19	0
0	0
9	13
2	4
0	4
13	431
6	423
5	11
8	12
1311	0
0	0
0	48
0	6
0	8
1	9
108	247
6	7
0	5
0	7
0	7
0	9
0	9
0	6
0	7
0	9
0	7
0	9
1	7
1	246
0	241
6	9
0	3
0	4
0	6
0	0
0	47
7	15
0	0
0	0
1253	463
0	463
0	0
782	729
38	708
3	707
0	460
46	0
0	1
0	175
34	1751
263	1986
10	490
0	512
0	437
0	323
0	694
3	576
39	105
0	171
0	113
171	0
0	0
690	658
1	481
53	658
4	449
257	145
86	186
0	63
0	0
8	0
0	0
0	0
0	0
12	2252
2	2537
13	2515
8	418
12	0
95	5
0	0
0	0
0	0
0	0
0	0
0	0
0	0
0	0
0	0
62	184
1	184
9	158
0	12
0	3395
19	5
0	0
0	0
93	1207
0	1007
0	267
3	561
0	110
0	0
1	92
0	0
0	0
0	0
0	0
0	0
0	0
33	6187
0	0
1	0
0	0
0	0
0	0
0	0
0	0
0	0
0	0
0	0
0	0
1	3
0	0
0	0
0	0
0	0
0	0
0	0
0	0
0	0
0	0
0	0
0	0
0	0
0	0
2	1
0	3
1	3
0	3
0	1
0	1
0	1
0	1
0	0
2	0
0	0
0	0
0	399
273	35
0	0
0	0
19	0
0	0
80	499
13	503
0	50
6	0
0	0
0	1
19	1
0	0
1	147
1277	1671
2	1662
2	49
270	1016
11	997
0	0
1	442
0	166
26	84
8	605
1	578
34	724
1	720
0	113
0	702
57	237
2	98
3	107
5	0
1	120
4	12
0	0
0	0
0	0
0	0
0	0
0	0
0	0
5	277
0	205
1	69
0	5
4	84
111	130
2	0
0	0
0	0
33	3357
0	0
1	774
38	3
98	497
0	5332
87	166
13	82
0	2308
0	5520
159	418
0	325
12	212
1	0
2932	2007
4	2005
1	0
0	0
0	0
0	0
0	0
7891	4
0	0
0	1969
11	1924
90	1840
32	71
0	57
7	28
0	0
2	0
1	0
0	0
1	3
0	0
0	3
0	0
0	0
0	0
1	1
0	1
0	0
543	5520
59	563
3	312
1	134
9	5183
21	672
11	0
0	0
0	0
9	1
1	1
0	0
0	0
31	0
571	591
4	104
1	569
33	0
85	44
361	1714
0	1675
2	141
0	41
0	92
9	23
210	4188
28	4192
22	131
37	717
113	16
0	77
0	275
0	254
0	518
0	0
14	21
0	514
3	422
20	260
0	0
0	0
14	216
0	0
1	0
0	0
50	0
0	7142
0	5176
0	7405
79	140
0	4985
184	0
0	5366
330	5
44	3229
51	401
235	316
0	827
33	47
0	16
1	47
0	0
73	209
0	192
0	105
0	92
3	88
11	2
0	24
12	0
9	0
64	20
4	0
0	0
0	0
18	443
3	0
1	433
1	12
39	0
29	0
0	55
0	142
8	1
1	0
398	2636
4	2717
28	1921
81	137
0	0
109	3
0	1
0	0
0	0
0	0
0	0
0	0
13	2438
0	183
3	865
7	534
142	2403
4	1062
0	274
1	0
22	385
3	223
6	122
0	0
0	0
0	0
0	0
0	0
0	0
0	0
0	2
0	0
1	0
0	0
0	0
0	0
0	0
0	0
0	0
0	3105
0	1
0	0
0	159
0	3120
0	166
0	3130
12	3103
10	3341
1	189
3	513
3	1024
4	422
5	0
1	1
0	0
0	4
26	0
1	0
1	0
0	0
0	151
0	157
3	2
0	0
32	79
0	85
0	22
7	4
19	259
0	2
1	41
0	245
0	195
0	2
2	2
0	1
10	1
21	2
0	2
2	0
17	3
1	1
6	3
0	0
17	2
0	25
0	18
1	2
0	1
0	0
167	11
0	11
551	881
4	707
10	160
3	197
0	10
0	0
0	0
0	0
23	0
168	219
18	219
0	0
33	52
4	52
2	38
0	0
0	0
0	0
0	0
0	0
0	0
0	0
0	0
84	10030
778	20564
161	3089
13	18448
0	16116
6	1951
3	10309
0	6
3	1185
0	0
30	314
0	0
19	359
0	359
3	53
0	33
0	2
1	85
12	0
16	7
0	7
0	0
0	0
0	0
0	0
0	0
0	0
0	0
0	0
0	0
0	0
1	0
0	0
2	0
0	0
0	0
0	0
0	0
0	0
0	0
10	0
41	177
9	4249
47	4437
3	357
0	0
93	5
0	5
0	0
0	0
0	0
1	1
2	0
1	0
10	1
282	1255
13	1255
2	28
257	595
2	566
6	484
0	446
17	26
26	112
3	19
0	48
1	59
0	22
0	12
2	33
0	18
0	13
10	1861
11	581
38	1120
0	1875
0	499
1	187
1	78
1	145
0	1189
2	25
0	0
0	0
393	30
2	15
0	15
0	0
0	0
0	0
2	3
0	0
62	1035
0	1045
13	232
109	626
0	0
0	0
3	142
2	63
1	0
8	49
0	7
3	0
0	4779
1	4861
1	2092
5	467
0	4712
0	2092
0	0
6	221
6	362
1	4176
2	2460
1	1141
18	129
81	1248
186	4
0	148
1	11
0	538
18	443
0	295
64	170
0	0
0	0
0	0
4	0
1	0
6	0
0	0
0	0
1	0
0	0
0	0
0	298
0	13
3	180
9	193
0	34
0	26
0	0
0	0
9	390
0	1
0	1
0	0
0	0
0	1
0	0
6	673
0	404
2	693
0	514
0	10
26	0
34	139
1	0
0	0
0	0
0	0
0	0
0	0
0	0
0	0
0	0
0	334
359	1644
98	6
0	65
0	1304
0	0
0	0
9	66
468	1328
1	476
0	811
0	34
5	456
0	0
0	0
0	299
0	0
1	97
0	0
0	14
16	0
0	0
0	0
0	0
0	0
0	0
4	356
0	0
547	6179
234	6154
5	5977
74	3861
20	3597
211	153
0	3373
116	672
0	0
14	0
1	787
41	20
0	12
0	17
0	3
0	12
0	16
0	1
0	2
0	0
0	0
0	0
0	0
0	0
0	0
0	0
0	0
0	0
0	0
0	0
0	0
8	223
0	0
24	12
0	2
0	4
0	4
0	6
0	5
9	43
0	41
0	40
1	2
71	2
22	1164
2	281
402	1198
1	314
13	1647
1	1678
45	1404
0	1165
0	644
3	478
0	0
155	0
12	0
0	2
1	2
0	0
0	0
0	63
240	63
17	0
0	0
0	0
16	658
1	151
0	272
0	0
0	0
0	0
0	19
0	0
0	0
19	100
119	100
0	0
0	0
0	0
1	0
4	0
83	447
0	366
5	57
16	130
4	72
23	15
801	0
81	501
2	329
11	232
0	207
41	0
45	67
0	70
6	525
10	308
0	533
3	279
0	232
0	207
9	156
0	293
0	318
0	0
0	24
3	71
19	0
1	0
22	20
33	0
3	0
0	0
0	0
0	0
0	0
0	0
0	0
0	0
0	69
0	62
53	350
0	89
18	49
0	257
0	0
1	222
12	0
2	123
24	122
1	92
2	95
0	81
0	0
2	2
6	0
0	0
3	0
746	2
16	0
8	2
0	0
11	7
0	3
0	0
1	3
0	0
1	0
0	0
0	0
0	0
1	0
2	0
0	4
0	2
0	0
0	0
0	0
0	0
0	0
0	0
0	0
0	0
0	0
0	0
0	0
0	0
0	0
0	0
0	0
0	0
0	0
0	0
0	0
3	15
0	7
1	0
2	8
0	8
0	0
1	0
0	0
0	0
0	0
2	61
0	0
0	0
0	0
0	0
0	0
2	365
0	303
0	314
68	422
6	394
0	389
82	6
0	87
12	64
0	0
0	0
1	1
0	0
85	24
0	24
0	0
683	688
0	332
4	278
15	0
0	0
0	0
0	0
0	0
155	0
17	0
347	173
1	117
0	0
0	57
12	0
1	0
0	0
0	0
0	0
1482	4
1	34
28	0
9	7
3	7
264	25
1	25
13	683
21	715
3	515
1	104
4	0
0	140
1090	3232
10	28
0	3330
7	1550
0	0
0	0
0	0
0	0
0	0
0	0
0	0
0	0
12	3709
0	0
0	0
0	0
0	0
0	43
1	40
9	26
1	38
0	9
0	0
0	0
1050	2279
93	1441
14	1060
12	301
0	0
3605	42
1	5
0	5
1	4
0	0
0	0
1	0
0	0
0	0
0	0
0	0
0	0
0	0
0	0
0	0
0	0
0	0
0	0
0	0
11	328
2036	1373
13	1014
15	836
8	1159
10	21
0	110
0	20
0	18
0	16
0	18
0	17
0	17
0	9
0	14
0	10
10	4
2	29
10	149
8	21
9	131
5	80
26	74
0	0
1	0
28	29
0	0
0	0
0	93
3	584
63	557
0	466
0	16
0	0
0	447
0	447
0	412
0	33
0	0
0	0
0	2
0	2
0	2
762	270
1	51
0	53
0	1
2	23
0	16
0	14
0	1
2	14
5	13
2	4
0	5
4	266
11	198
0	3
0	18
2	0
12	4
35	16
23	9
17	4126
33	4064
0	4078
1	0
0	0
7	1898
43	429
16	44
4	211
13	224
10	224
3	6
11	0
5	2
1	2
1	0
0	1
0	1
0	1
0	0
2	49
0	48
21	1
0	0
0	2
0	0
0	0
1	0
0	0
0	0
0	2
1	0
846	376
0	112
20	264
0	0
9	74
0	0
5	0
21	0
18	690
6	748
0	265
0	351
0	279
0	143
514	553
21	552
0	314
1	315
0	225
3	125
0	875
2	875
0	0
3	0
0	8328
0	8328
0	8328
9	2744
0	1349
13	920
0	1
0	835
2	0
0	0
1	1975
0	1421
5	1889
0	1435
0	0
0	0
0	1
0	1
42	4
0	4
0	5
0	2
7	3
0	4
0	3
41	0
442	468
39	82
6	388
41	368
21	121
1	0
2	35
4	35
0	0
0	0
0	0
0	0
0	0
1203	0
0	0
1	0
0	0
0	0
0	0
0	0
0	0
54	565
0	548
113	299
23	2
14	19
6	1524
0	1488
35	841
0	1371
0	1329
1	7
12	120
5	4
9	19
6	87
5	549
9	19
5	134
10	372
1	725
3	606
1	77
8	205
3	106
0	258
3	160
7	15
1	12
2	3
8433	2499
92	789
0	1839
22	326
0	4
0	10
0	10
0	12
0	2
11	7
0	7
0	6
0	0
0	1
0	1
0	0
1	0
0	2
0	0
0	0
0	145
0	149
2	148
0	130
0	150
0	105
0	40
1	5
1	39
1	17
9	6
0	0
0	0
21	0
87	428
52	0
17	428
0	0
0	8
2	7
0	10
0	6
0	6
0	0
0	2
0	3
0	0
3	219
2908	1734
2	1642
2	1361
0	107
20	408
0	0
0	476
10	637
0	594
0	115
2	0
0	0
0	0
0	562
369	2066
1	1779
0	0
0	0
0	0
0	0
0	0
0	145
0	152
754	293
46	242
8	0
21	0
808	3411
14	3479
86	1292
0	648
0	651
0	0
14	2435
0	5
3	43
2	2400
0	2
1	2
0	0
1	0
1	0
5	0
0	32
5	1080
81	111
145	1024
71	5
1	0
0	0
0	0
0	5
0	0
0	3
0	3
48	392
158	501
12	288
1	349
3	116
3	0
65	0
0	0
4	128
19	0
0	1
39	808
0	808
0	53
0	46
1	0
0	49
0	48
592	85
0	85
10	0
108	0
2	0
11713	5080
6	5066
0	0
5	0
0	0
0	0
0	0
0	0
0	0
0	0
0	0
1	0
0	0
0	0
0	0
0	0
0	0
1	0
1	0
0	0
0	0
123	336
23	64
54	272
0	127
7	46
260	341
0	341
8	0
7	0
31	4905
0	4847
31	0
0	75
1	0
0	0
0	0
0	0
0	0
1582	125
1	125
0	0
7	0
114	361
19	361
0	212
0	44
0	0
1	0
0	0
18	0
0	5
0	5
1	0
0	0
0	0
0	0
0	0
0	0
0	0
0	3
1	40
0	3
0	0
0	0
0	2
0	0
3636	6
0	0
0	0
0	0
0	0
0	0
0	2
0	2
0	0
214	8
0	8
2	0
0	0
0	0
0	0
396	635
1	59
0	57
4	0
1	128
44	0
1	338
0	368
113	257
0	4
0	4
0	0
0	0
0	0
0	0
0	0
0	180
38	1038
0	0
0	0
0	0
0	0
0	0
0	0
0	0
0	0
0	0
0	0
0	0
0	0
0	0
0	0
0	0
1	0
0	0
0	0
0	0
0	0
0	0
0	0
2	0
0	0
0	0
0	0
0	0
0	0
0	0
0	0
3	23
5	10
0	22
1	16
0	5
0	15
0	0
0	15
1	0
0	4
1	0
0	0
0	0
0	0
0	7
0	0
0	0
0	0
0	0
1	0
0	0
0	0
0	0
0	0
1	0
2	0
1	0
27	140
0	0
2	0
0	0
0	0
3975	1931
4	832
35	437
79	67
13	187
4	355
1	0
75	23
3	159
20	0
0	442
0	0
0	0
1	0
1	0
0	0
0	5
0	0
0	226
0	135
0	218
0	188
1	112
0	138
1	85
0	298
5	196
1	246
2	59
2	97
4	235
1	130
1	272
0	60
0	0
0	0
0	142
0	256
0	269
0	251
0	290
0	243
0	207
0	177
3	14
4	320
0	201
0	151
0	171
30	114
0	0
6	0
5	0
0	0
0	0
8	0
0	0
0	0
0	0
0	0
2	12
0	21
0	15
0	16
0	12
0	0
0	0
0	0
0	0
0	0
0	0
0	0
1	0
0	0
0	0
0	2
0	2
0	2
0	2
0	0
0	0
9	999
50	133
7	893
10	96
0	1665
69	1661
5	1530
36	90
28	29
182	460
0	0
62	0
0	0
0	0
0	0
3840	231
19	223
0	0
0	0
0	0
0	0
0	0
0	0
0	99
0	90
0	0
0	0
36	0
4	0
0	0
1	0
0	0
0	0
0	0
0	0
0	0
148	135
0	122
0	135
0	1
0	0
15	0
0	37
0	86
0	128
27	144
0	30
0	30
7	5
7	5
1	63
1	0
0	0
0	6
0	0
3	0
0	0
2	0
1	630
0	330
0	630
15	282
0	7
4	0
28	3
3	0
1	326
140	489
9	126
5	2
0	424
0	131
55	244
0	28
185	279
19	0
1	24
0	0
0	0
0	1
0	8
0	4
1	17
0	1
0	0
0	7
0	5
0	14
0	0
1044	2548
0	2418
0	2191
3	1956
11	687
40	1026
26	980
31	980
0	0
0	0
1	0
0	0
0	0
0	0
0	0
0	0
0	0
345	520
12	520
2	0
50	8
0	8
11	0
4	140
91	2839
69	58
0	50
0	0
0	5
0	3
0	37
0	2801
0	0
0	0
18	16
0	5
0	0
1	0
0	0
0	0
0	0
0	0
0	0
0	0
0	0
0	0
40	182
27	386
19	363
2	103
43	7
31	173
4706	1255
0	869
2	551
93	470
0	519
0	0
0	34
2	36
3	3
5	0
0	0
1	2
0	5
0	5
0	30
0	5
0	3
0	0
14	11
0	11
1	510
5686	2119
9	2098
0	0
0	0
0	0
0	0
0	0
0	0
0	0
49	5706
0	228
6	5394
1	5375
2	160
0	66
117	27
2	276
0	595
10	1055
142	6286
0	0
20	6286
3	1509
0	1464
4	258
3	140
73	1030
12508	1435
5	1307
101	3
51	1
0	0
11	0
0	0
0	0
0	0
0	0
0	0
0	0
1	5
14	10
0	3
0	0
1	5
0	4
3	643
282	643
43	246
0	0
4	0
2780	2
122	957
1	830
0	1017
0	151
6	8
1	8
5	1
0	1
2980	1099
6	1055
131	34
66	59
0	47
0	0
3	0
2	3006
152	638
0	2748
0	2148
0	2714
0	858
81	574
6	0
5	2
17	0
12	295
0	0
5	86
0	0
10	64
2	199
1	18
32	1371
0	845
67	1397
6	688
0	1189
3333	0
254	1370
30	1393
0	358
0	515
17	478
19	604
8	0
56	54
25	228
0	825
5	789
8	5711
7063	22194
0	20206
0	0
1	28
0	28
0	7
0	0
0	23674
35	22378
1	22359
5	22364
1	22997
0	7
0	7
0	7
0	7
0	7
0	1
0	1
0	6
0	6
0	0
41	1155
0	1164
0	37
1	23
0	170
0	76
0	337
2	2
1	2
0	1
0	0
0	0
0	0
0	1
1	0
0	0
174	515
0	382
0	226
5	60
2	49
121	2764
6	2684
0	1611
45	0
0	0
0	0
8	0
0	0
0	0
0	0
0	0
1	152
850	152
0	4430
3	4425
3	4273
7	384
2	75
0	602
0	139
0	171
1	78
0	0
5	11
0	0
0	0
0	0
0	0
0	0
0	0
0	0
0	0
0	0
47	60
0	60
1	3
0	3
1	41
448	40
0	13
0	27
0	0
15	0
0	0
3682	913
0	913
101	0
3	9
0	9
515	0
0	0
0	0
0	0
0	0
0	0
11	0
0	0
0	0
7	0
5098	708
41	284
1	186
0	424
0	0
27	744
3666	1979
4	456
2	1820
1	299
11	0
0	326
15	263
7	59
514	196
0	99
0	16
2	109
8	196
0	57
9	164
158	191
1	0
0	171
0	35
286	0
0	0
0	7
0	20
1	51
3	87
0	87
6	90
0	48
1	2
0	0
0	0
16	240
36	347
0	325
3	350
6	322
0	322
12	55
1	74
1	84
4	95
0	12
4	10
0	4
0	9
0	6
2857	911
8	699
4	573
22	1
0	0
162	0
177	0
340	5212
0	4989
0	4988
0	4323
1	727
0	913
8	683
0	67
43	451
0	0
0	0
0	0
0	0
0	0
0	0
0	0
0	0
0	0
0	0
0	0
0	1
1	1
0	0
30	7
0	1
0	3
0	3
76	834
3	834
5	116
10	155
0	0
0	11
0	11
3	2295
4	1883
53	2359
1	214
20	676
0	672
1	479
0	10
0	2
0	0
0	301
0	83
0	750
0	631
0	461
0	149
0	102
1	36
3	96
1	0
6572	430
4	151
12	384
6	0
8	388
106	2291
1	2060
72	256
20	105
133	320
6	263
111	15
0	5
15	5
0	0
2	0
0	0
0	0
197	3513
3	3579
0	465
1	743
0	303
174	237
1	0
0	0
30	92
39	1041
0	98
4	252
1	475
9	375
66	0
0	176
3	176
0	8
0	4
1	2
0	24
5	0
0	0
0	0
0	0
0	0
0	0
0	0
856	341
8	25
0	336
0	0
4	0
2	28
2	432
0	358
2	8
13	256
3	156
0	165
5	25
0	170
209	237
15	241
0	134
0	112
0	7
2	0
11	25
2	331
20	309
2	228
20	50
24	77
3	65
0	25
93	69
0	44
0	0
0	0
2	0
0	0
2	35
0	35
0	0
3	4
0	0
0	0
0	0
0	0
6	0
0	0
1	0
5	177
65	556
6	2625
11	2555
61	722
8	256
87	0
23	0
0	377
11	291
1	0
0	87
12	10
2	332
0	980
5	861
0	980
0	762
1	915
11	80
9	64
0	0
0	119
41	299
3	283
1	0
0	1
0	35
6	35
0	34
6	0
0	1
0	0
3	13
0	0
1	13
1	1
0	0
0	0
0	0
0	0
0	0
0	0
0	0
0	0
0	0
0	0
0	0
0	0
0	0
0	0
0	0
0	0
1	0
0	0
2	0
0	0
0	0
0	0
0	0
1	0
19	0
0	0
24	0
1	0
2	0
1737	2366
7	2362
0	0
17	0
16	5
9	146
9	42
10	1454
0	4889
1	4772
113	174
68	199
3	4968
0	195
12	27
0	0
10	1113
94	531
349	373
1	112
0	0
0	0
0	0
0	0
0	0
0	7
0	12
6	69
0	5
0	69
0	2
0	63
2175	0
0	0
0	0
0	0
1	0
0	0
0	0
0	0
0	0
0	0
0	0
0	0
3	70
0	44
0	1
0	27
0	0
0	65
0	64
0	40
0	62
0	52
0	0
0	0
0	0
1383	1451
1	1451
25	971
143	325
0	0
0	0
16	32
0	32
0	0
0	0
0	2
52	19
0	18
0	0
0	0
0	0
0	0
1	0
0	29
0	267
40	0
0	500
4	170
0	250
0	30
0	24
0	499
0	237
0	24
0	36
0	40
1	2
0	0
162	2167
0	2000
1	326
1	530
0	917
1	321
4	469
0	0
12	2
12	2188
5	0
0	0
12	27
8	206
275	2824
3	178
0	2537
0	2266
0	2459
2	136
0	1549
0	2290
0	1516
0	2289
7	2288
0	2304
0	0
28	3
0	1996
6	1411
1	108
2	37
1	145
3	127
0	1997
0	378
0	135
9	209
0	2135
0	2637
0	1991
0	2192
0	2192
7	2033
0	1189
0	2218
0	1866
0	1457
3	537
83	433
0	27
0	1129
7	189
9	826
0	931
1	21
0	242
3226	156
10	48
3	150
0	116
0	0
0	2
0	0
0	0
0	2
145	116
0	116
0	0
0	0
0	0
0	0
3	9
0	91
1	28
0	98
2	88
0	35
0	89
0	0
0	0
0	4
0	3
0	1
0	1
0	1
0	0
0	0
0	0
0	0
0	0
0	0
0	0
0	0
0	0
0	0
0	0
0	0
0	0
0	0
0	0
0	0
464	365
0	367
0	385
13	124
6	0
0	0
0	0
0	1
0	0
0	0
0	0
0	0
0	0
0	0
0	0
877	569
0	397
0	562
6	516
0	264
282	77
6	44
83	29
1	0
0	0
0	0
1373	0
3590	2210
28	540
81	1673
0	1999
6	80
0	26
0	0
0	0
0	0
0	0
0	0
0	0
0	0
0	0
0	0
0	0
0	0
3	236
0	0
0	0
0	0
0	0
0	0
0	0
4	533
0	0
479	599
191	699
51	699
21	131
12	281
0	163
0	0
0	0
0	0
0	0
0	0
0	1
0	1
0	1
0	0
0	0
1	0
0	0
0	0
0	0
0	0
0	0
0	11
0	11
0	11
0	11
0	11
0	11
0	11
0	11
0	11
0	11
0	9
0	11
0	11
0	11
0	5
0	2
0	11
0	1
0	1
0	1
0	11
0	3
0	12
0	12
4	12
0	1
0	8
0	8
0	10
0	11
0	11
0	0
0	7
0	0
0	1
0	1
1	2
0	0
0	0
0	1
0	0
0	0
0	0
0	0
0	0
1	118
1	22
0	118
0	0
0	0
0	0
2	4
2	17
0	0
0	17
7	6
0	0
0	0
0	21
0	5
1560	603
1	51
32	552
6	186
19	31
3	3722
102	256
7	4814
0	212
0	4814
146	140
0	0
0	276
39	13
0	13
0	6
0	5
0	0
4	372
0	0
0	38
232	120
0	89
32	45
1	92
0	37
1	0
0	0
0	0
39	2477
0	2375
4	350
0	410
21	239
2	145
2	205
2	156
1	37
339	318
12	251
1	229
0	1
70	1
0	8
0	12
1	7
0	13
0	15
0	18
0	17
0	9
0	50
0	6
0	9
0	1
0	17
0	16
0	0
0	47
0	16
0	14
0	6
0	15
0	234
70	228
0	33
5	96
1	151
0	30
2	0
0	32
0	0
0	0
0	439
2	422
3	408
3	310
2256	842
0	75
1	28
14	116
6	78
1	158
45	472
0	136
4	158
3	118
4	97
1	43
77	69
0	2
1	279
199	279
0	261
484	496
0	225
3	257
13	69
0	99
8	130
148	154
2	154
1	77
0	0
0	0
22	545
0	544
1	301
28	131
4	252
1	77
16	142
2	1
1535	504
12	504
0	0
1	81
0	76
0	10
0	40
0	3
0	1
0	28
8	2
113	1651
0	1035
154	1146
83	1648
1	748
0	44
0	22
5	194
64	194
0	43
1	22
0	35
17	3462
0	2822
2	1598
1	1
0	1
0	2
0	0
1	2
3	2
0	0
1	2
0	0
0	0
4	7
917	7
2	0
0	0
0	0
0	0
0	0
7	514
0	544
0	493
11	478
0	0
13	300
3	76
0	64
6	102
1	101
35	0
2	44
33	2166
6	1230
0	2216
0	2162
0	212
1	143
0	0
15	535
0	2048
1	3078
24	128
8	3041
0	198
12	4
1	76
0	0
0	0
0	341
0	0
0	0
0	0
274	13
9	13
1748	319
0	83
2	89
2	21
0	106
1	37
1	143
78	1038
0	2603
123	2601
8	211
1	0
0	0
60	1361
0	186
3	2
0	2
0	0
0	0
0	0
0	0
1166	5067
138	5067
106	5066
1	0
8258	1168
2	1166
4	0
0	95
0	71
0	89
6	89
0	36
0	14
0	34
0	26
0	11
0	0
0	0
0	0
0	0
0	104
0	13
0	413
10	423
33	173
0	15
4	94
6	25
1	24
862	6805
2	6856
41	6591
8	533
5	771
0	0
2	0
198	1457
130	1343
5	249
0	239
15	8
5	138
0	312
0	299
0	312
0	307
0	300
0	298
0	75
0	75
30	7
0	6
2	8
0	2
0	6
0	0
743	393
1	393
0	300
76	404
0	21
1	60
1	348
0	404
3347	1521
26	385
5	161
0	519
1	869
0	131
0	999
0	305
10	766
26	323
78	3299
3	377
5	1521
10	526
0	1161
33	3091
0	198
5	1353
5	0
1168	170
1	84
0	94
1	7
7	97
0	0
0	3
0	0
0	12
0	0
0	0
0	0
0	0
0	0
0	0
0	0
0	0
0	0
0	0
0	0
0	0
0	0
0	0
0	0
0	0
0	0
0	0
0	0
0	0
0	0
0	0
0	0
0	0
0	0
0	0
0	0
0	0
0	0
0	4
0	12
0	0
0	0
0	0
154	0
3	170
1	163
8	81
2	74
0	0
0	0
9	8
0	55
0	4
0	6
1	10
2	1
9	234
0	213
0	230
0	85
13	201
0	5
0	71
0	0
3321	1226
5	270
0	672
0	440
3	50
0	664
0	576
67	24
0	3
0	3
0	3
0	0
2	2
0	3
0	3
0	3
0	3
0	3
0	3
0	3
0	3
0	3
0	0
0	0
0	0
0	13
0	13
0	13
5	1
0	12
0	12
0	12
6	543
21	162
1	159
8	428
0	0
298	827
23	518
0	321
4	73
0	284
1001	0
3620	1699
16	440
0	376
209	754
5	324
0	2
1	8
0	8
16	0
273	1813
7	1772
0	1833
0	1837
1	1837
0	1029
7	246
6	302
3	270
0	257
0	250
16	114
2	83
2	1
1	0
0	0
0	0
0	0
0	0
0	0
0	0
0	0
0	33
3	3973
148	4354
7	69
1	1051
2	1482
5	508
24	94
0	0
11	226
1284	0
3	0
0	0
1862	2
0	0
1	0
2	0
0	0
1	0
0	0
0	0
0	0
0	0
0	0
0	0
0	0
0	0
4	70
12	159
6	1282
6	1081
0	54
17	686
0	1293
1	1160
9	680
0	654
8	23
0	199
245	0
0	0
0	0
0	0
0	0
0	0
0	0
0	2
0	0
0	0
1	0
27	241
0	241
0	0
0	3
1	3
7	0
0	0
0	0
0	0
0	0
0	0
0	0
0	0
0	0
0	0
0	0
0	0
0	0
0	0
0	0
0	0
0	0
0	0
0	0
0	0
0	0
0	0
778	67
5	55
15	48
17	0
0	0
0	0
0	0
0	0
0	0
0	0
0	0
0	0
0	0
0	0
6	0
0	0
0	0
0	0
0	0
0	0
47	4708
288	4729
1	4564
4	1662
6	880
0	0
0	701
31	714
0	313
0	169
26	132
6	6
11	40
9	43
0	43
7	46
2	12
0	4
0	0
0	0
0	0
21	36
0	36
16	76
34	82
2	14
38	0
0	0
40	36
6	36
22	447
0	447
2	28
1	0
42	1828
11	589
0	1802
14	900
0	694
36	1401
1	292
6	37
0	400
1	392
3	250
16	8
0	8
0	0
168	14096
44	11864
1	3551
23	7718
5	13341
10	4174
9	140
0	140
4	862
1	261
0	902
0	78
0	947
0	869
1	19
3	78
0	849
0	61
0	84
0	87
0	27
0	0
4	0
0	0
167	799
2	717
21	316
50	188
1	23
2	165
0	4
0	4
0	0
0	1
16	402
4	380
22	72
1	0
0	10
0	41
8	39
0	35
0	71
185	12954
34	12952
35	12917
74	3890
3	1135
9	735
8	91
9	91
7	10277
13	2131
7	10084
16	7389
0	1801
3	5791
22	131
1	115
16	470
1	8648
1	421
0	385
0	2436
2	1667
0	38
34	889
43	5644
0	0
0	0
0	59
0	61
0	62
0	7
0	8
0	15
0	6
0	3
0	2
1	1
0	2
0	3
0	1
0	0
0	0
0	0
1	2
0	3
1	3
101	849
42	843
5	124
8	300
0	152
0	147
0	65
0	0
1440	2944
0	2934
18	843
0	0
0	429
6	379
1	229
270	33
0	2
5	54
9	59
1	18
114	1262
0	1230
12	1243
0	108
0	457
1082	566
16	175
15	23
1	159
6	261
0	0
0	0
0	0
41	1136
0	1326
148	2374
31	2029
2	125
0	0
1117	617
0	613
45	1991
23	1963
0	1990
1	480
0	468
1	468
0	428
4	345
1	303
42	679
120	985
7	773
0	690
0	1939
358	2950
0	848
1	2941
2	2236
1	166
1	379
400	3552
0	3544
144	3214
21	1599
7	1543
57	907
113	425
0	168
210	302
139	1995
2	2295
6	1572
2	276
4	824
4	113
0	1529
15	357
7	585
0	209
0	206
0	213
0	214
3	11
0	27
3	22
0	15
0	3
0	16
0	1
3	16
0	1
4	0
0	0
0	2
10	5791
22	5789
8	3754
8	3502
54	3508
5	579
5	406
1	123
22	359
0	123
1	228
657	504
13	418
2	20
5	391
5	130
18	0
262	0
23	0
1	1219
135	1167
5	278
0	1163
0	26
74	427
0	52
0	625
0	67
0	171
0	112
14	1524
11	64
0	1522
3	202
3	1361
24	312
7	51
0	38
1	28
0	4
7	571
2	2475
26	1759
52	2219
10	566
0	0
32	493
0	0
15	123
3083	7212
15	7212
2	68
0	0
3	1
0	0
0	0
0	68
1172	0
3	42
0	47
0	48
0	34
0	34
0	17
0	315
0	348
0	315
0	348
0	315
0	113
0	134
0	4
0	122
4	97
1	64
0	84
0	53
3	12
0	3
0	3
0	1
0	1
0	0
0	0
0	0
790	441
4	441
0	0
29	991
29	1321
4	1385
16	829
2	737
0	331
0	1851
1118	1859
17	1861
0	2840
0	2933
0	2751
0	2838
0	2792
0	2698
0	2358
3	2709
0	2817
0	1527
0	1653
3	368
22	109
0	16
0	0
4	0
0	0
0	1
0	1
0	0
18	250
642	511
4	386
0	306
1	269
0	57
11	103
8	72
1156	4
179	1492
0	1492
0	666
0	86
4	0
2	336
11	252
15	1563
4	119
0	104
2	28
0	36
8	669
0	8
0	1906
1	1906
4	285
0	0
1	111
70	4166
121	3321
1	113
171	2648
2	530
2	343
5	568
3	349
0	1103
6	1103
9	540
1	279
27	237
163	6975
0	6854
1	318
20	113
1	53
1223	91
3	89
0	86
0	0
0	34
6	9
0	44
7	150
16	139
0	91
1	24
0	55
2	158
3	34
3	29
1	43
0	55
3897	1624
19	251
5	390
177	150
0	293
27	200
0	538
200	1246
0	946
4	12
0	0
0	852
3	116
0	383
42	30
5	384
65	611
6	328
8	628
12	338
27	36
11	158
0	59
11	42
323	368
0	369
0	74
5	81
9	0
0	0
0	0
0	0
0	0
3	7381
123	4191
9	2946
0	7406
16	2852
649	2727
55	2646
0	0
8	0
1	0
22	344
20	570
0	527
2	332
0	528
0	350
0	249
0	58
4	65
2	26
11	888
8	88
4	378
2	0
21	821
0	119
0	809
0	12
0	160
0	94
0	1
0	0
0	1
339	1254
0	930
2	394
8	293
5	2604
0	2604
2	878
10	3
545	349
4	266
12	218
0	41
0	41
0	41
0	41
0	4
0	0
0	0
3	1
0	1
0	0
0	0
29	1032
20	1032
0	991
2	6
4	2
15	2093
0	2189
7	470
13	365
4	630
4	343
15	281
1449	773
37	152
0	174
3	474
17	147
28	10
1	10
0	4
0	0
0	0
0	0
451	3310
0	3578
1	2935
1	866
14	15
0	648
32	61
13	541
39	2
17	639
2619	2621
55	2526
3	35
3	1936
46	2568
451	412
10	100
1	231
0	2
19	124
78512	10966
0	0
46	4211
50	6718
0	0
1	688
18	545
3	452
0	475
0	627
0	214
0	378
0	215
0	586
0	49
15	65
5	0
0	5
5	5
0	0
0	30
1	30
0	3
4	3
5	103
0	4
21	10
18	102
0	21
14	4
3	36
0	36
0	38
1	19
0	34
2	29
0	11
0	6
0	34
0	32
0	10
951	385
5	385
2	799
0	0
0	799
5	116
0	125
0	65
4	117
3	139
7	94
0	0
10	47
3	81
151	8077
13	7694
13	393
10	984
22	723
20	44
15	2167
0	1173
2	317
1	2033
1	2107
1	0
0	189
1	199
2	93
17	16
6	50
1109	280
0	280
4	189
6	64
1	64
26	0
1	1313
1	1248
38	1196
29	1376
19	1324
0	335
0	1070
2	628
0	557
12	18
0	40
2	104
0	18
956	62
0	62
30	8
2	9
1	8
0	3
255	1444
2	1212
89	963
0	707
14	245
5	1
368	628
13	386
7	519
1	204
1	60
5	409
0	0
1	137
3	12
0	7
197	1151
2	1152
8	493
429	894
0	841
0	939
0	59
0	76
11	449
0	449
8	0
0	0
0	47
0	46
0	24
2	0
0	13
3	4
0	0
0	0
0	0
0	0
53	2432
12	2353
2	623
3	135
1	473
2	461
13	332
25	19
0	165
25	0
0	31
8	36
0	6
0	0
0	0
0	0
4079	1419
26	1319
2	100
13	413
247	7751
9	7345
6	471
0	10
57	6114
8	1083
6	21
0	3374
48	2788
0	0
1	69
0	1
0	6
6	43
0	63
0	55
0	65
0	3
0	44
0	18
0	5
0	11
0	17
0	1
0	10
4	0
0	107
0	101
0	33
0	68
0	110
0	89
0	7
0	15
1	11
0	31
0	37
2	22
0	20
0	24
0	0
0	36
0	28
0	29
18	37
23	317
106	321
2	67
14	48
0	1
0	0
4	125
0	0
6	52
0	7
7	131
0	5
0	9
1	7
0	19
18	59
5	37
0	0
15	353
0	151
0	0
0	3
0	494
7	99
1	14
0	0
0	362
5	67
1	9
25	203
0	35
13	12
0	0
0	353
0	4
0	151
1	4
32	439
6	14
0	0
1	9
14	210
0	35
0	0
0	3
3	0
0	0
51	1
6	0
17	223
2	223
0	0
0	199
2	219
32	120
82	54
88	119
0	119
63	0
11	0
1	0
5	0
3	156
16	156
0	0
0	0
0	0
0	18
0	20
1	17
91	70
10	40
3	7
0	0
0	0
0	0
5	191
13	106
30	147
2	85
7	63
14	41
19	2774
8	2862
11	108
0	587
3	369
0	709
0	373
3	77
5	178
0	747
24	143
24	25
0	4
0	0
1	21
0	11
0	4
2	0
0	73
335	382
1	138
360	229
462	878
42	814
2	31
0	64
7	61
7	202
20	4
0	0
0	0
0	1
0	1
15	11048
5	0
4	0
44	11037
117	7612
17	52
0	1364
15	11292
125	2323
103	0
25	1218
1	2
953	0
0	0
0	0
0	0
880	121
0	14
0	107
17	56
0	8
1	0
3	0
7501	98
44	80
0	76
0	0
0	6
0	49
0	12
0	8
17	2060
490	2060
1	219
0	203
952	2929
13	419
1	849
7	102
12	983
0	750
574	1867
0	720
18	137
1	400
2	361
5	293
23	156
1	78
0	0
111	25
10	1
2	24
0	0
0	0
0	0
0	0
0	0
0	0
0	0
1	2
312	12
0	12
10	0
0	0
0	0
0	0
1	0
0	0
482	2806
0	2804
1	0
303	212
2	194
3	18
0	0
49	0
1443	555
0	530
0	218
0	113
2	6
0	0
0	0
0	0
0	7
0	0
0	7
27	815
0	162
0	844
0	728
52	391
3	2
1	2
1037	263
10	263
111	26
1	26
3	20
1	15
605	60
0	26
0	34
0	1
0	0
0	0
0	0
0	0
12	94
0	0
0	647
0	287
1	425
1	1
19	71
3	292
0	283
0	10
0	0
0	0
0	0
0	0
0	0
0	0
0	0
0	0
0	0
0	0
0	0
0	0
0	0
0	143
0	0
14	0
762	689
1	689
0	381
0	281
1	1813
0	1713
79	1797
3	243
8	98
17	533
0	186
339	20
0	16
5037	609
38	607
0	0
1	0
0	0
10	3
0	3
39	493
0	299
1	35
2	335
0	389
4	287
0	0
5	47
11	40
0	2
8	33
0	0
0	0
17	35
5888	358
73	338
2	338
0	18
57	39
1	39
0	0
0	0
0	0
0	0
0	0
0	0
0	0
0	0
0	0
0	0
0	0
0	0
0	0
1	0
0	0
0	0
0	0
0	0
0	0
0	0
0	0
0	0
7	121
0	3
8	66
0	127
0	93
0	10
88	16688
5540	17272
28	0
0	7251
22	2549
3	538
0	46
13	53
1	28
1	28
4	27
0	1
0	19
1	1
0	227
579	233
2	24
3	0
1	13
0	12
0	0
0	0
0	0
0	0
0	0
0	0
0	1
0	1
0	0
0	0
0	0
0	0
0	0
0	0
0	0
0	0
0	0
4	0
0	0
0	1
0	1
0	1
0	0
0	0
0	0
2	0
2	97
847	251
1	227
0	80
0	28
12	39
0	96
0	54
1	2
0	0
0	0
0	0
0	0
519	109
1	88
3	107
4	68
15	0
0	0
28	425
21	26
5	428
5	29
0	0
3	50
5	5
32	630
0	105
12	527
7	309
59	29
0	140
1	96
0	104
0	0
0	0
1	201
15	201
0	0
0	192
0	176
2	2258
33	2342
1	252
0	652
0	94
0	0
0	0
2	62
0	308
0	0
0	0
0	0
551	1521
0	1281
0	2040
0	2372
33	1459
4	531
10	532
0	5
0	0
0	5
0	5
1	0
0	0
0	2
0	0
0	0
0	0
0	0
0	0
1	7
0	5
0	3
3	2
0	0
0	0
0	0
20	3
0	3
0	472
6151	1753
6	1174
3168	593
5	184
1	234
0	192
5	125
5	14
3	50
7853	0
3	28
0	30
0	29
0	25
0	3
0	0
0	11
0	5
0	10
1	7
0	3
0	0
32	936
0	944
0	286
0	84
0	24
0	8
2	12
0	13
47	905
0	927
15	817
0	5
4	4
0	4
341	2809
1	1569
0	2746
9	184
0	524
77	311
77	201
12	0
137	71
0	58
5	16
0	53
0	9
2	4
639	1980
18	223
0	702
86	1383
3	22
3	360
4	133
0	256
0	0
0	8
0	3
0	2
0	4
0	0
0	0
1	1
2	30
0	0
0	10
0	1
0	4
0	10
0	9
0	4
0	9
0	10
0	10
0	0
0	0
0	0
0	10
0	10
0	4
0	1
0	0
0	0
0	0
0	0
0	1
0	1
0	1
0	4
0	10
0	10
0	1
0	1
0	0
0	10
0	0
0	3869
2	134
0	3879
0	3021
3	99
6	23
0	0
74	489
0	602
95	311
544	169
0	9
9	32
0	196
1	257
507	16883
2	13150
1	13246
41	15036
32	8495
4	3518
36	5168
16	0
1294	961
1368	4777
13	4011
14	3505
32	3244
57	3555
4	1184
54	763
339	1385
117	3105
78	3099
24	357
36	96
1	6
0	0
0	0
0	0
0	0
0	0
0	0
0	0
0	0
3	0
0	1
0	1
0	0
0	0
0	0
0	0
0	0
0	0
1	3
0	3
0	1
0	0
0	0
0	0
3	1
0	0
0	0
0	0
0	0
0	0
0	0
0	0
0	0
2	0
0	0
0	3
0	0
0	0
0	0
0	0
0	0
0	0
0	0
0	0
0	0
723	822
0	0
14	805
9	116
0	0
1	48
131	11
0	10
0	10
0	0
0	1
0	1
0	3
0	0
0	2
0	0
0	1
0	0
2	0
0	0
0	0
5	339
814	748
0	0
0	48
0	12
9	616
0	2
646	612
4	515
0	439
10	166
1	0
3	0
0	0
0	0
2387	1972
12	457
0	737
102	737
28	313
12	542
54	505
25	245
2	1
0	1
0	0
0	1
3	0
1	1
0	1
0	0
0	0
0	0
1073	0
2	0
0	0
0	51
327	51
0	1
0	0
0	0
15	243
0	0
0	2
3	2
378	6158
0	2771
1	5754
6	4939
6	5225
0	1211
28	91
0	560
0	445
0	1276
0	1321
57	1541
5	932
51	680
0	1
0	5
0	0
0	0
3	0
0	0
0	0
2	44
345	1271
0	0
0	1253
8	757
46	782
2	91
14	371
1	187
1	195
244	30
0	36
0	0
38	2
2498	125
0	22
0	0
60	0
2	99
126	439
0	439
4	350
0	0
9	1673
9	2538
0	2433
4	513
1	0
1	2
4	331
0	0
0	0
2484	3297
3	515
37	111
2	3292
1	0
9	2787
117	3293
0	0
0	0
0	0
387	0
1	0
113	1068
52	509
54	230
0	560
0	0
187	23
0	0
0	0
0	11
0	4
1	8
0	0
0	0
0	0
0	0
6	0
4	0
0	0
0	113
2	118
1	85
34	25
9	20
24	0
1	0
4	23
0	1
0	1
0	1
52	165
3	20
0	7
2	102
0	861
0	868
46	873
6	226
0	258
0	95
0	94
0	96
0	64
3	0
2	0
0	0
0	0
2	0
3	897
0	1341
3	1446
3	443
65	438
668	2452
18	548
1	1858
3	572
1	1242
0	202
10616	2
0	0
0	0
0	0
0	0
0	0
0	0
0	0
0	0
0	0
0	0
8	17
0	17
4	100
21	100
0	0
0	0
0	5
0	5
0	5
0	0
2	0
0	0
48	80
0	1465
97	1547
2786	1561
11	416
0	0
0	0
0	0
0	0
0	3
0	3
41	0
7	0
0	0
0	0
0	0
1	0
0	0
7312	1370
13	1354
0	0
0	0
0	0
0	0
0	0
0	0
0	0
0	0
0	0
0	0
0	0
0	0
292	5969
85	6235
2	606
0	3
43	3922
1229	0
0	0
0	0
0	1
0	1
0	0
0	0
0	0
0	0
0	0
0	0
0	0
0	0
0	0
0	0
0	0
0	0
0	0
0	0
0	0
143	1419
5231	6242
0	2887
153	252
114	27
122	871
4	665
1	1994
1	1324
0	1837
5	6
1	0
182	0
0	784
1	422
0	449
137	776
1	446
7851	452
9	0
3	187
1	117
0	0
1	17
0	6
0	6
1	0
4	0
0	0
428	4454
2	3834
20	620
0	1359
0	0
0	0
0	0
0	0
0	0
2	0
0	0
0	0
7	0
2	0
0	0
0	0
0	0
0	0
0	0
0	0
0	0
6	0
2	2
0	0
0	0
0	0
5331	2963
0	264
21	509
0	394
83	1536
0	1749
15	1
0	0
0	0
0	0
0	0
0	0
1	0
0	0
0	0
0	0
0	0
0	0
0	0
0	0
0	0
0	0
0	0
0	0
0	0
0	0
0	0
0	0
0	0
1	0
1186	937
5	901
28	114
16	75
2	5
32	1313
37	1313
0	1313
4	3
4	19
8	85
0	90
0	417
3	221
48	73
64	143
0	116
0	91
0	49
15	0
7	34
0	19
0	35
0	2
0	0
0	0
0	0
0	0
0	0
0	0
0	0
0	0
0	0
0	0
0	0
0	0
0	0
0	0
0	0
0	5325
0	512
0	0
0	45
0	124
0	0
0	0
0	748
0	5327
0	0
0	0
0	0
0	0
0	0
0	5327
1	0
35	149
471	5020
5	0
0	0
2	0
0	0
10	0
305	255
28	32
0	223
0	0
0	0
0	0
0	0
0	1
0	1
0	0
0	0
0	0
0	0
0	0
0	0
0	0
0	0
0	0
0	1
1	1
0	0
0	0
0	0
0	0
0	0
1	1
0	17
0	4
0	17
0	1
0	0
1	0
4	0
0	0
0	0
0	0
0	0
0	0
0	0
0	0
0	0
0	0
0	0
0	0
0	0
0	0
0	0
0	0
0	0
0	0
0	0
0	0
0	0
0	0
0	0
0	0
0	0
0	0
0	0
0	0
0	0
0	0
0	0
0	0
0	0
0	0
0	0
0	0
0	875
174	2268
0	280
1	210
52	1393
0	0
0	0
46	0
16	154
143	86
0	86
99	0
0	0
114	0
1	2
72	2
13	254
3	254
0	0
9	0
0	41
9	2
99	592
211	604
0	146
0	0
0	0
0	0
0	0
0	0
0	0
0	0
0	0
0	0
0	29
0	6
2	29
0	0
0	0
0	0
0	11
179	95
0	0
5	110
3	0
3	0
7	23
0	0
0	0
0	0
0	0
21	15
0	15
1	12
0	0
0	0
0	0
0	0
4	1
0	1
29	0
0	0
0	0
101	5230
64	5450
39	5984
32	135
61	58
191	5585
47	191
0	419
1088	501
0	501
17	0
0	2
0	0
0	16
5	16
0	0
0	209
1	213
0	9
0	22
0	0
0	0
0	8
0	2
0	0
0	0
0	0
0	0
0	0
0	0
1	115
0	120
0	71
3	69
0	5
0	2
1	0
8	5
0	0
0	0
0	0
1	0
0	0
0	0
0	1
2	1
0	0
2	5
13	39
11	90
117	167
0	161
0	28
0	5
3	32
0	18
0	0
0	0
0	0
0	0
0	0
0	0
0	0
61	3244
16	1754
1	93
4	955
3	332
8	964
1	2563
42	1051
42	1026
9	810
13	20
5	51
8	83
4	204
1	142
2	135
2	71
0	0
28	1922
0	0
0	0
975	1335
14	201
12	1270
12	0
1	9
3	731
5	128
10	128
0	0
88	2905
23	2575
0	2926
11	2650
1983	2807
206	0
3	362
16	158
15	19
0	19
1581	5
7	0
17	3
0	0
5	0
0	0
7	0
1	0
0	0
0	0
1	0
0	0
0	0
0	0
2	0
0	0
107	1691
21	98
5	1631
0	439
0	374
0	374
3	83
0	18
0	1
0	0
0	0
0	0
0	0
0	3
0	0
0	0
0	0
1	0
0	0
0	0
0	0
3	6
0	15
0	12
0	0
0	9
0	0
0	0
0	0
0	0
6225	208
3	184
2	0
0	0
0	0
5	0
0	0
0	0
0	0
0	0
0	0
0	0
0	0
0	0
0	0
0	6
0	6
0	4
0	0
0	4
0	0
0	0
0	0
0	0
0	0
1	0
0	0
526	1007
0	924
8	33
0	79
0	0
0	57
2610	68
61	64
12	0
2	433
0	1149
2	1207
22	1185
3	1123
0	214
0	238
1	43
5	30
1	37
326	658
3	657
17	16
2924	710
183	0
6	710
57	22
45	0
763	1029
0	828
0	805
4	65
3	68
206	463
31	289
0	125
0	0
2	252
0	0
5	3780
109	13480
254	13443
523	13401
5	581
2	11
0	0
0	0
0	0
1	569
1	564
4	575
23	454
0	56
1	22
1	269
0	1068
3	0
622	1028
0	0
4	1
0	0
0	1
2	0
2	0
0	1
0	1
1	0
0	1
3	2284
0	2212
13	2301
0	2501
5	2004
0	1938
0	1295
11	142
0	634
2	337
1	506
0	126
0	453
1	370
4	38
0	0
0	6
0	272
0	273
0	120
0	97
0	0
0	0
6	74
0	74
3	26
0	12
0	0
1	0
0	0
0	0
0	0
163	1146
250	1151
7	174
0	275
5	51
0	1
1	1
33	0
0	0
0	0
0	0
0	0
0	0
2	0
0	0
0	0
0	0
5902	6182
4	1542
20	1121
15	3068
27	1555
0	1366
7	984
1666	93
39	84
0	38
12	43
0	0
0	0
0	0
2	943
137	943
0	292
1	0
0	0
0	0
0	0
4870	157
35634	161
2428	2809
12	2538
78	2601
9	519
407	2274
7	50
167	953
10	129
0	0
0	0
0	0
0	0
0	0
0	0
0	0
0	2
0	2
0	0
0	0
6	12
5	116
1724	1295
0	0
0	1177
1	2214
5	2127
1	1904
78	1174
8	555
0	300
5	149
8	18
21	41
361	100
1	48
0	1112
0	1206
1	1131
0	131
4	212
3	277
0	92
9	11
0	0
5409	175
4	175
0	0
0	0
0	0
0	0
0	0
0	1
1	187
0	140
21	22
0	29
1	167
3	98
0	22
0	38
0	9
0	0
5	1
0	0
0	44
0	110
0	110
0	44
0	0
0	1
0	0
0	61
0	61
0	139
0	56
0	94
0	139
1	1
0	1
0	0
0	0
0	0
0	0
0	0
34	0
3	0
0	0
4449	305
0	296
4	0
0	12
0	0
0	0
0	0
2	0
19	0
0	0
0	0
0	0
0	0
5092	1311
12	140
0	532
0	637
0	0
0	0
0	0
0	0
0	0
0	0
0	0
0	0
0	16
0	28
0	17
9	0
3	0
1	0
0	0
2	0
0	2
0	2
0	24
0	0
0	26
0	24
0	8
0	13
0	14
0	12
0	14
0	0
0	0
1	26
0	11
0	8
0	20
0	12
0	8
267	565
5	161
0	548
2	233
0	206
0	182
5	6
1	82
0	0
9	10
1	10
2	72
0	1
329	1192
11	476
4	670
0	299
2	47
3	648
123	1495
9	779
18	1453
0	0
0	0
0	0
15	337
2	337
0	1
0	1
1	0
0	0
95	0
0	0
35	42
0	0
0	0
0	0
0	0
0	0
0	0
0	0
0	0
0	0
3112	436
1	422
2	243
0	0
16	0
4	0
216	1722
1	1722
1	8
0	0
0	0
18	8048
0	7123
1	5617
33	0
213	0
16	0
79	0
93	0
838	480
0	382
1	43
89	61
10	6
1	0
0	0
15	0
571	4421
44	45
0	258
8	232
11	310
0	93
80	187
0	176
3	187
35	3684
0	0
3329	364
3	354
1	0
0	0
1	0
8	0
1	0
0	0
28	1765
2	1686
4	83
13	298
0	13
9	65
0	148
0	3612
213	3612
1	385
0	408
7	230
0	0
0	3
1	10
4	11
0	7
0	0
19	184
0	184
0	37
3	1134
52	1134
2	283
1	7
125	0
13	162
0	0
0	0
0	0
130	652
0	652
7	16
6	174
3	312
1	19
0	0
1	2
0	0
0	0
0	0
64	0
17	0
8	0
0	0
37	479
28	598
1326	703
0	0
0	0
0	186
0	0
0	0
4	1
0	200
0	61
0	154
62	1
4	1
0	0
294	4785
0	2966
0	4802
0	231
21	4456
50	42
0	573
0	301
150	625
22	81
3	0
9	1260
387	3701
0	3749
1	1733
13	14
2	2038
1	2647
41	1278
72	678
1	808
174	738
0	169
4	0
11	0
0	0
2	85
0	94
0	94
0	83
0	0
15	0
2	0
0	0
0	0
0	0
0	0
0	0
0	0
0	0
0	0
186	108
0	99
0	102
0	108
1	13
0	0
2	0
0	0
0	0
22	72
6	394
16	711
374	1034
1	0
66	296
0	358
0	0
0	0
0	0
0	0
0	0
0	0
0	0
0	0
0	0
0	0
0	0
7	49
56	49
36	49
0	0
2	0
0	0
967	5797
38	95
0	0
0	713
1	5703
0	5
242	1611
33	21
1	43
6	1609
0	150
55	646
0	287
0	344
1	298
26	311
7	149
31	0
0	2
147	353
23	47
9	247
0	230
0	3
0	3
0	0
335	0
79	5238
2	1739
4	2728
0	2645
108	4625
8	1178
44	2861
32	1271
1	1042
1805	500
9	140
0	130
5	281
0	38
7	10
18	10
4	81
0	99
4	99
236	4557
363	4557
1	636
0	0
0	0
1	758
0	645
0	288
7	346
0	284
2	18
0	14
0	12
0	5
0	0
0	0
8	265
16	534
22	513
0	560
0	531
0	426
2	64
3	16
0	101
0	185
0	108
1	5
0	510
0	467
73	385
0	17
1	67
1	1
2	4
4	4
2480	271
116	271
101	151
2	151
0	19
193	245
3191	1046
8	130
14	574
7	648
0	89
10	370
9	483
7	489
0	41
0	47
3	42
2	0
1	0
0	0
134	119
4	116
36	4
0	0
9	2269
0	2160
0	303
17	2138
0	226
8	142
1	0
2	90
7	95
1	95
5	65
129	16
0	0
3	7
0	6
0	11
0	6
0	0
0	0
1	46
1	1415
1	23
0	1410
0	1477
0	0
0	40
8	1287
0	1111
1	103
0	939
4	879
0	1399
0	1411
0	6
2	23
1	922
0	98
4	20
2	99
2	68
0	306
0	16
0	0
0	16
1	0
4	0
0	7
0	18
14	18
10	919
38	961
0	151
3	58
8	320
0	82
24	70
8	0
10724	4737
0	538
0	60
6	65
0	579
0	200
2	38
2	3312
5	2854
0	0
9	939
0	0
3006	913
0	358
0	57
4	173
8	325
57	440
7	440
2	0
1	11
0	19
0	0
8	3
0	217
0	2
0	0
7	103
611	227
11911	2573
9	2573
0	0
0	0
0	0
0	0
1229	0
96	0
468	101
2	2977
11	205
50	389
46	3368
19	844
418	87
214	883
0	84
0	96
35	25
13	0
1	5
0	0
3	10
0	10
0	6
0	4
0	0
1	27
0	0
0	0
0	45
0	45
0	45
0	45
0	43
0	2
1	40
0	616
77	631
49	531
3	31
2	142
2605	10478
184	10465
2119	5836
4	5525
9	304
13	2
18540	34080
24	4290
0	0
155	4980
0	0
0	0
94	20371
20	9807
83	3296
58	2699
0	10719
10	4595
99	1060
0	4767
0	4740
31	368
0	4801
0	1338
0	4792
0	4771
5	1326
0	587
0	634
16	363
7	1
3	0
2	122
0	0
0	73
0	1
0	66
0	0
0	70
0	63
1	3
2	0
0	0
0	7
0	57
2	31
589	0
0	0
0	687
1	655
4	652
0	249
0	69
0	656
0	670
0	4
0	5
0	22
1	19
0	22
0	335
1	4
0	19
0	5
0	5
0	7
0	7
17	73
19	948
1	948
2	36
14	6
3	0
3	374
11	107
39	36
5	36
0	0
0	1037
58	888
0	1050
55	101
2	1013
0	99
7	945
158	1691
7	1482
5	214
3	613
5	101
15512	54
140	52
0	0
7	284
0	277
1	293
0	18
16	47
7	19
12	15
74	1063
1403	1218
0	0
0	0
0	0
0	157
0	0
42	619
0	626
20	178
0	140
9	103
14	593
65	587
0	552
7	227
2	258
17	255
0	0
1	165
9	66
0	45
193	834
5	1054
15	1344
4	565
3	0
0	0
4	237
11	3267
23	3159
152	2876
5	505
18	267
39	20145
6	10140
0	17799
0	16534
611	15838
336	4232
74	15810
110	14240
0	10799
8	4116
9	4079
5	9037
0	10909
9	5470
0	1589
13	2
0	2
105	2705
4	1716
0	0
2	1895
39	165
0	1915
0	0
0	0
1	0
454	160
2	109
46	84
3	15
333	19684
63	19434
270	19491
1	18908
20	17045
0	18651
36	93
0	0
25	3773
40	3773
0	1
18	362
10615	0
0	0
0	0
0	2
31	9445
284	10340
55	2057
1	42
0	41
0	41
0	13
0	17
1	15
0	2
0	0
0	0
0	0
1	0
1201	0
4	0
3429	657
51	656
2	977
53	953
0	962
10	605
34	286
5	151
40	150
1	13
1	9
41	13
244	2530
5	2530
21	1
26	414
4	412
5	414
14	1165
0	0
5	587
239	620
0	33
32	168
19	168
1	58
4	379
21	3416
23	2055
1	2674
15	3317
1	588
21	112
3	266
259	1487
5	1487
5	909
55	828
6	989
1	838
0	132
24	689
1532	12
1	3832
0	3832
2	2088
295	3663
81	405
6	1208
7	14
2	6
5	5
0	7
23	8
0	348
4	7
20	293
209	572
1	294
5	42
1	150
13	747
55	747
4	104
0	0
14	2
0	130
693	0
0	0
0	0
1	0
0	0
0	0
0	0
0	0
0	0
0	0
0	0
0	0
0	0
0	0
0	0
0	0
0	0
0	0
0	0
0	0
0	0
0	0
0	0
0	0
0	0
0	0
0	0
0	0
1	0
0	0
0	0
0	0
0	0
0	0
0	0
0	0
0	0
0	0
0	0
0	0
0	0
0	0
0	0
0	0
0	0
14	0
0	0
0	0
0	0
0	0
0	0
0	0
0	0
0	0
0	0
0	0
0	0
0	0
0	0
0	0
0	0
0	0
0	0
0	0
0	0
0	0
0	0
0	0
0	0
0	0
0	0
0	0
0	0
0	0
0	0
0	0
0	0
0	0
0	0
0	0
0	0
0	0
0	0
0	0
0	0
0	0
0	0
0	0
0	0
0	0
0	0
0	0
0	0
0	0
0	0
0	0
0	0
0	0
0	0
0	0
0	0
0	0
0	0
0	0
0	0
0	0
0	0
0	0
0	0
0	0
0	0
0	0
0	0
0	0
0	0
0	0
0	0
0	0
0	0
0	0
0	0
0	0
0	0
0	5
0	5
0	0
0	0
0	0
0	0
0	0
0	0
0	0
0	0
0	0
0	0
0	0
0	0
0	0
0	0
0	0
0	0
0	0
0	0
0	0
0	0
0	0
0	0
0	0
0	0
0	0
0	0
0	0
0	0
0	0
0	0
0	0
0	0
0	0
0	0
0	0
0	0
0	0
0	0
0	0
0	0
0	0
0	0
0	0
2	0
5	0
0	9
10	8
0	0
2	5
0	148
0	0
0	0
0	0
0	0
10	113
0	0
0	0
0	0
1	0
0	0
6	0
0	0
0	0
1	3
26	138
24	126
17	256
32	103
0	526
0	564
0	578
0	500
34	168
0	466
1	546
0	333
0	477
1	322
0	279
0	370
1	0
0	8
11	20
37	4
0	13
0	12
1	13
5	127
0	32
1	47
0	6
6	0
0	0
4	1281
44	304
0	1306
0	22
26	257
0	1308
22	1297
0	798
1	9
11	87
2	144
16	107
0	37
686	1694
1	626
6	459
0	273
27	614
0	130
39	7
0	355
1	47
0	325
37	526
3	823
0	807
2	786
0	256
0	14
0	28
6	11
7	0
13	0
93	110
0	20
0	75
6	43
1	67
0	29
3	38
0	35
0	23
0	29
0	3383
0	3803
0	3940
11	3574
249	3932
77	114
58	383
0	248
10	0
4	369
16	0
1	121
0	12
14	4
68	1017
1	1017
0	119
0	10
2	14
91	9
0	8
0	8
8	0
0	0
4	178
5	86
9	126
5	751
3	518
0	585
2	499
0	476
56	239
11	574
3	311
467	672
28	1376
0	3225
130	3253
0	3389
0	3457
0	3369
43	268
9	0
170	0
0	166
0	146
2	0
1	16
0	0
0	0
2	11
300	6941
0	7064
0	6656
473	2754
0	77
3	1240
0	904
0	118
0	144
0	0
0	13
608	7
255	2247
0	2280
0	248
0	0
9	171
7	7
12	60
0	0
0	19
3	21
0	17
0	1
0	1
1	2
0	0
0	0
24	0
0	316
189	320
1	460
14	460
0	1881
1	1882
0	1881
3	1882
36	1881
7	1879
51	1881
4	0
0	6
1	2427
204	2429
3	354
0	749
10	561
86	560
0	560
0	6
0	1
0	1
0	1
0	2
0	4
2	4
0	3
0	2
0	0
0	0
0	0
0	0
0	0
195	0
0	0
32	63
0	31
0	59
0	9
0	99
0	1
0	3
2	0
419	128
1	126
0	22
25	64
0	0
1	319
8	417
1	417
1	23
0	17
0	8
2084	691
18	594
1	144
14	95
0	289
0	665
0	665
0	7
5	22
2	77
59	0
0	0
0	5
41	5
5	207
6	0
1	207
0	0
0	0
0	0
0	8
0	7
0	5
1	0
0	3
0	0
0	4158
111	2399
8	4065
54	3968
0	2844
4	2501
13	138
0	2
0	2
0	0
0	0
0	0
204	1385
937	1387
1722	2136
277	2266
3	1076
176	127
0	74
0	60
0	0
1441	1974
48	1676
55	242
8	1688
8	1225
7	1280
0	246
10	430
0	285
0	182
2	243
0	80
5	47
323	1018
8	946
5	193
0	232
3	211
4	119
0	0
3	1106
207	1106
1	64
0	207
1	344
3	148
9	0
48	0
0	3762
270	3760
1	131
0	343
0	174
0	3417
1	395
9	467
0	0
0	0
5	309
22	408
0	658
4	2
0	2
4	1343
0	1242
18	1087
4	317
104	65
40	6990
7	6517
0	6010
11	1131
28	425
216	998
3	564
152	1060
2	927
30	3264
46	1450
76	546
0	66
9	280
0	40
4	24
2	66
1	253
0	55
2	57
0	236
0	90
9	232
5	152
2	302
0	283
0	111
7	32
1	1
1	35
1	8
1863	87
68	83
0	0
0	0
913	1417
369	1293
8	236
0	0
5	0
3303	4122
0	3718
220	843
71	1831
86	2051
1351	0
0	0
0	0
0	0
0	0
0	0
0	0
2	0
0	0
105	986
3	966
0	473
0	261
4	108
12	2005
0	2007
0	2009
20	1887
3	1884
0	94
193	82
1	82
29	101
0	2
2	21
221	2880
37	2410
344	2859
1	0
0	0
0	184
21	184
15	13
7	14
0	4
8	8
309	877
0	871
4	66
301	683
0	261
0	389
0	155
0	119
238	0
0	11
0	5
2	11
0	0
0	0
3564	345
24	345
1	461
2	367
0	441
6	452
0	159
0	167
0	152
15	171
2	140
0	133
0	144
0	46
0	0
0	4
7	2
367	2175
2	1857
9	1786
59	318
9	81
5	0
8	0
2	0
0	1
964	415
19	103
2	352
29	80
1538	545
45	543
0	0
0	349
385	9742
51	461
14	9531
11	9403
31	792
21	387
260	9314
5	1305
18	1305
7	1305
18	1155
1	1014
6	171
0	0
1932	32956
14	4956
4	27842
22	16786
295	27862
0	27049
600	874
16	874
0	2
0	1
0	0
17967	22
0	0
2	3
1	3
0	3
7	205
0	178
2	1
22	66
0	9
0	8
0	0
22	148
19	170
75	173
88	147
0	34
0	0
48	843
1	73
0	0
0	752
0	67
24	0
0	273
0	752
10	54
185	54
0	23
1	54
0	1487
6	1487
0	1565
5	1461
11	52
10	182
23	155
0	0
6	190
0	100
0	23
0	282
11	269
1	198
0	0
0	0
0	0
135	60
0	56
0	4
0	0
15	179
1	179
0	0
0	0
0	0
0	1
0	10
0	0
0	0
0	0
722	595
0	595
0	0
14	0
1453	528
32	526
0	0
0	0
0	0
0	0
0	0
2	19
41	10417
0	10440
20	10440
20	595
7	167
182	148
0	0
1	17
0	17
0	2
0	0
1	448
1	519
35	230
14	68
5	40
0	18
0	23
3	23
38	0
15	900
16	900
0	468
2	972
0	464
1	0
1	301
0	147
3	326
2	53
2	1
97	1
0	1
0	0
0	22
0	0
0	0
2	3
0	3
0	3
0	0
0	0
8	0
0	0
0	0
1	6
0	0
2	0
0	0
1	0
0	0
0	0
0	0
0	0
0	3
0	180
25	180
0	28
0	61
0	0
4	34
0	6
5	777
0	745
2	768
5	723
0	41
0	2367
242	2367
0	973
0	2384
2	174
5	54
0	868
9	831
1	0
30	200
5	271
0	0
0	642
36	689
0	242
0	28
0	14
13	17
0	45
3	21
0	14
0	0
0	0
0	1048
17	2251
0	2359
21	2308
0	2263
1	1850
0	144
7	95
112	508
8	2
0	2
0	0
0	151
0	0
0	0
0	38
0	0
0	0
0	0
0	0
0	0
0	0
0	0
0	0
3	4
0	0
0	0
0	0
0	0
0	0
0	3
0	2
0	1
0	1
0	1
0	0
38	1666
14	1205
0	1658
33	1185
3	559
0	1113
12	66
3	22
3	25
0	0
0	0
0	0
73	1858
2452	2104
3	185
31	0
0	139
7	244
20	80
2	76
0	61
0	32
1	16
0	10
4	0
5	24
27	24
53	605
2	605
0	4
0	0
3	18
12	8
55	15
0	66
2523	341
0	622
10	301
1254	46
4	46
388	286
50	130
8	274
959	473
11	319
2	0
0	0
0	0
0	0
556	1
13	0
4	0
1	0
0	0
0	0
1	0
0	0
1	0
0	0
0	0
0	0
0	0
0	0
0	0
0	0
5	0
1	0
0	0
5	467
0	379
2	461
0	490
0	273
3	416
1	144
13	5
11	0
26	179
8	0
0	0
0	0
18	157
0	0
0	0
0	0
0	0
0	10
0	0
0	0
7	94
0	0
0	0
396	826
79	826
1	113
9672	2504
77	2401
6	212
0	0
0	0
0	0
17	9258
0	7923
35	682
0	4525
0	8786
17	570
633	554
3	556
30	522
13	89
0	0
12	2215
0	2215
0	7624
1	32
10	15
9	2021
0	0
69	2006
1	446
29	4189
70	4505
3	3079
0	3572
10	269
1	631
66	566
5	269
0	96
0	0
1833	297
12	276
0	71
2	39
0	0
0	0
0	0
0	0
13	196
0	1659
116	620
7	0
15	1599
0	0
0	0
0	0
58	4408
129	4408
0	0
0	3145
0	266
0	0
8	0
7	411
32	139
155	852
448	4072
167	4072
0	534
3	348
0	0
0	0
0	0
0	0
0	0
0	0
0	0
0	9067
0	9071
0	9071
10	104
1	2511
3	2492
0	0
4	9
93	87
17	27
0	18
0	47
2	15
0	0
0	0
0	0
0	0
1	0
0	0
0	482
0	501
0	512
0	58
9	158
0	0
0	18
0	0
0	0
0	0
43	0
0	0
0	0
2	0
1	0
1	0
0	0
2	0
1	2131
72	1846
19	1772
0	424
0	0
0	0
16	0
0	0
162	1067
4	336
17	847
5	657
8	310
7	417
111	255
0	255
0	160
864	6245
3	513
68	3423
0	1116
0	5479
0	583
22	575
34	118
18	517
0	20
0	102
4	103
0	104
0	104
4	78
16	39
2	59
0	0
9	0
0	0
0	0
1	6971
0	6656
0	5835
80	2164
27	7097
2	76
1	636
43	11074
0	11074
84	152
299	2677
11	159
0	34
15	500
0	0
2	113
17	842
13	912
0	828
2	157
10	121
11	38
2	199
12	225
0	0
0	0
0	0
0	0
0	0
0	0
0	0
0	0
0	0
0	0
4	0
2	802
21	1293
0	1336
0	1296
0	1130
2	173
2	324
0	0
2	28
956	141
0	70
5	71
9	0
1	1032
0	632
61	1045
14	103
1	118
0	179
0	174
1310	2
0	0
358	431
18	112
0	300
7	318
0	0
0	0
0	0
0	0
0	0
8	188
0	89
242	39
240	158
3	72
0	0
1	10
0	0
0	0
0	0
0	0
0	0
0	0
0	0
0	0
0	0
0	0
0	0
0	0
0	0
0	0
0	0
0	0
0	0
0	0
0	1
1	1
0	0
0	0
3	0
0	0
0	0
0	0
3	0
0	0
0	0
59	212
0	35
14	10
1	196
3	0
0	42
1	304
0	332
22	95
0	9
22	90
4	61
0	6
0	0
0	0
0	0
1	7573
0	0
0	0
0	0
0	0
0	0
0	0
0	0
0	0
0	0
1	1
0	0
1	13
0	0
0	20
0	17
0	19
1	14
0	0
0	1
0	9
0	0
0	0
0	0
0	0
0	0
0	0
212	388
0	143
4	246
2	394
65	1415
2	124
84	1415
0	139
85	0
0	2490
2221	3425
0	535
20	140
0	276
16	688
1	425
357	267
4	267
5	68
8	35
0	35
0	0
0	0
0	0
0	0
125	522
5	37
9	505
0	10
0	93
0	151
0	63
0	5
33	345
57	345
2	0
1	239
5	239
8	136
7	1101
0	634
0	1200
0	204
10	163
12	6419
131	12383
599	13472
82	7697
55	23
1	4
0	4
0	0
0	0
0	1
0	0
2	814
0	0
0	0
5	7112
27	6363
51	6489
38	2860
2	5752
19	5001
0	1741
0	1251
0	810
28	569
167	88
0	77
0	12
0	2
0	17
4	0
0	11
18	15
0	19
0	0
0	0
3	37108
5	4654
0	37079
109	1067
0	0
1466	29999
15	749
2	29407
84	42
3	0
0	0
0	0
76	0
0	0
5	0
16	1
0	0
0	0
0	0
9573	1017
5	345
36	203
0	0
18	221
1	17
10	238
2	10
9	0
0	459
4	0
606	466
5	443
0	64
16	141
4	21
0	612
0	586
11	409
10	66
96	245
14	245
0	0
3	87
0	0
0	0
0	0
110	372
28	371
0	22
1	8
0	8
863	491
9	491
0	0
0	0
4	0
0	0
0	0
21	1153
0	3541
58	3023
0	0
0	33
190	33
1	26
3	0
1	0
8	21
0	17
0	10
0	8
0	0
5	350
1	74
0	60
0	147
1	270
3	982
163	717
0	871
0	136
3	113
0	88
0	127
2	50
3	20
11	251
0	285
157	294
7	59
38	85
2	409
2	413
6	456
3	367
13	40
0	285
0	290
17	14
16	0
1	109
0	19
2	23
12	24
6	66
7	9
0	0
0	0
18	248
0	112
0	0
0	0
16	239
0	103
1	0
106	2894
0	2894
114	98
199	0
0	0
2	0
751	59
0	57
51	3641
21	28
0	3790
3	3822
1	232
0	0
0	0
0	0
0	0
0	0
0	0
4	112
0	0
6	29
0	0
1	14
4	14
837	14495
0	11605
40	3110
632	10376
3	10333
15	1012
0	2
0	0
0	0
24	43
1	0
0	8
6	41
0	6
0	6
0	0
5	32
0	9
7	1
0	1
0	0
0	0
0	13
0	13
0	13
0	13
0	3
0	2
0	3
0	0
0	0
342	0
0	0
44	141
5	136
0	0
4	21
0	0
0	0
0	0
0	0
133	350
0	6
0	344
0	0
6	0
0	2
0	2
3	57
0	320
0	282
387	88
10	43
6	45
0	0
0	0
0	0
883	191
7	4
0	17
0	0
0	0
3	0
1	171
0	0
10465	4
0	0
1	0
4	0
2665	1709
0	775
9	409
39	116
0	533
1632	152
1	75
7	73
0	0
14	57
0	57
0	53
0	0
1	6
0	6
0	6
0	0
0	0
0	0
0	0
0	0
0	0
0	0
0	0
0	0
0	0
0	0
0	0
0	0
0	0
0	0
0	0
0	0
0	0
1	22
31	2763
19	2769
29	897
9	459
19	178
65	201
0	204
1399	323
9	266
7	162
2	51
504	723
17	217
11	410
1	458
2	98
5704	800
2	800
0	0
0	99
0	0
1	0
42	396
0	0
0	0
0	0
0	0
1	8
0	8
0	5
1	4
0	0
0	1
0	1
0	0
0	0
0	0
0	0
0	0
0	0
0	0
0	0
0	0
4	3
0	0
0	1
0	3
0	3
0	0
0	0
0	0
105	1107
4	11285
414	12382
0	0
0	0
0	0
0	0
0	0
4	437
26	328
0	65
1	425
1	425
0	428
0	291
0	332
1	10
0	98
2	178
40	1222
44	2211
0	2212
1	227
0	213
0	0
0	109
11	113
0	37
74	4
0	4
0	0
21	0
21	0
0	0
0	0
5	589
9	437
68	0
2	545
127	116
1	80
61	841
99	837
2	151
0	16
0	16
0	15
0	8
0	0
0	0
0	0
0	1
1	1
245	1042
0	93
0	860
0	288
7	176
1	84
0	0
0	0
2642	1552
0	74
241	951
8	569
21	96
6	431
0	0
0	0
0	89
2	115
86	115
48	33
1	22
1	8
0	0
0	4
1	0
0	0
0	0
0	0
1	9
0	0
0	0
0	0
0	0
0	0
0	2
0	0
83	6241
310	6222
414	5334
402	240
0	240
0	325
63	350
1	111
3	75
1	25
0	0
0	1
5	193
0	194
1056	208
1	18
0	0
4	186
12	81
1	0
0	0
217	0
0	0
0	282
0	281
6	281
1	153
0	0
0	10
0	1
0	57
0	60
0	0
0	8
2	4
0	0
0	0
4	45
3	34
10	476
1	477
0	185
28	541
0	169
17	17
4	171
0	1
7	97
0	97
0	0
0	0
1	0
0	0
0	0
0	0
0	0
0	0
0	0
0	0
0	0
0	0
0	0
0	0
46	1343
0	0
0	0
0	0
0	0
10	0
0	0
1	55
116	53
53	10
1	1
0	1
0	0
1	4
0	0
0	0
0	1
0	0
0	1
65	686
444	7829
26	25573
1020	30721
3	13852
0	0
0	1
0	0
1	11172
13	3047
1175	412
9	129
0	233
0	186
22	1573
1	79
2	66
6	16
5	16
0	1
0	3
0	0
11	67
12	119
135	1235
86	1239
20	81
28	118
0	73
1	34
0	74
1	1
67	38
92	363
0	265
0	68
0	15
0	15
187	847
0	225
0	16
1	0
345	358
4	265
0	68
0	16
260	828
0	66
0	0
2	653
8	1
46	22
0	653
0	21
0	3
0	195
0	0
0	609
0	1
0	1
0	0
0	0
0	0
0	0
0	0
0	0
0	0
0	0
0	0
27	9
0	9
0	1
0	2
3	0
9	1970
0	67
0	8
54	33
0	15
3	2011
0	253
25	20
1	1516
0	1996
4	82
0	1995
2	2446
21	2333
0	13
4	13
0	138
2	2204
2	142
2	1
24	2376
6	56
0	2
0	526
14	0
0	3
0	3
0	0
0	1
0	1
0	1
0	1
0	1
0	1
0	0
0	0
0	0
0	0
0	0
0	0
0	0
0	0
0	0
0	0
0	0
5	1
0	0
0	0
0	0
0	0
0	0
0	0
0	0
0	0
0	0
0	1
0	1
0	4
0	4
0	0
0	0
0	0
0	0
0	0
0	0
0	0
0	0
0	0
0	0
0	0
14	86
448	86
0	2
0	2
3062	2555
21	2493
116	2545
12	271
0	336
21	171
0	0
0	0
0	0
18	1
187	1
0	1768
0	1816
0	1907
0	1955
89	367
47	399
0	1687
12	289
0	776
0	685
0	0
0	16
0	17
2	17
0	2
1	1887
468	1758
246	1812
0	0
1	337
0	2
85	2447
160	2447
7	45
0	0
2	40
9	33
0	221
1	93
3	11
4	0
86	12
0	12
244	7055
684	7572
0	3061
0	3719
4	1632
8	1128
26	287
0	301
1105	2814
0	2707
27	226
0	0
2	643
1	12
0	3
0	1
2	13
0	14
0	12
0	6
0	0
8	0
0	976
63	976
134	23314
720	23314
5	4546
3	78
11	1421
0	0
0	0
0	0
0	0
5	5810
4	5958
0	6871
0	821
22	1865
0	5416
0	5490
17	972
4	947
2	1689
2	3619
43	510
3	227
50	1649
0	5
0	28
24	1833
19	1000
743	418
0	105
0	317
0	0
2	0
21	603
408	603
0	0
0	0
0	17
0	1
0	0
133	70
0	68
0	2
0	0
0	21
1	21
0	21
0	1
0	2
0	2
0	0
0	1
0	20
0	21
0	18
0	0
0	2
1	0
0	151
5	166
1	141
0	3
4	16
2	12
2	11
0	11
0	0
0	0
0	0
0	0
0	0
0	0
0	0
0	0
0	0
0	0
0	0
0	0
0	0
0	0
0	0
0	0
0	0
0	0
0	0
0	0
2	61
0	2
11	61
1	41
0	42
0	0
1	0
0	1
0	0
0	0
0	0
0	0
0	0
0	0
0	3
0	3
0	3
0	117
0	152
15	970
2	210
17	109
37	307
0	208
0	194
24	754
10	0
418	240
1	708
1	157
21	48
13	18
291	12
0	12
20	275
22	317
7	248
120	156
89	18
56	94
2	43
22	7
2596	10929
65	11662
849	9241
550	1331
12	1331
2	562
197	648
4	119
8	73
1043	219
9	219
9	192
7	289
11	289
103	436
0	436
810	1113
0	1013
0	418
0	441
2	381
39	4
189	188
1613	158
0	158
0	819
0	789
1	793
68	4
24	0
0	0
1197	329
0	327
1489	708
11	725
14	86
0	105
0	0
0	115
0	146
0	121
0	140
0	115
0	115
7	89
2	108
0	21
18	114
0	145
0	58
0	36
0	25
0	10
1	3
0	1
0	1
0	0
10131	162
0	0
32	162
0	0
0	0
280	35
0	35
0	0
0	0
11	3854
56	14641
3	1056
14	1822
31	12820
13	0
1	4254
275	257
93	255
0	90
6	0
4599	5657
0	3524
6	962
0	4068
21	1605
16	1063
0	5435
0	5435
1	154
1	0
1	0
0	0
350	0
0	0
0	23
4157	8384
10	1748
40	7768
125	5
0	5
0	0
9878	3305
18	411
75	1323
0	583
15	232
0	390
0	0
4	578
0	0
15	803
0	0
688	1890
5	570
45	1764
25	694
0	0
0	0
7	0
1	0
1	46
0	42
8	40
0	42
0	43
0	0
0	0
0	0
85	0
0	0
0	0
0	141
65	2531
83	1020
55	2531
40	1095
0	1166
0	401
0	2
0	2
10	331
78	347
0	326
0	298
0	65
0	82
0	73
0	64
0	1
2	3
0	2
0	2
0	0
0	154
939	1377
1	1304
0	38
0	869
4	146
0	0
3	0
0	0
0	0
0	0
9	4522
0	1327
4	3
57	2025
0	1472
0	478
13	91
3	856
7	4044
2	450
0	3
45	326
0	0
0	4
0	7
2	17
2	12
4	11
7	11
515	393
0	208
4	100
0	0
0	3
0	0
0	0
127	230
2	80
0	58
5	10
13	0
16	6
0	3
1	3
310	798
0	722
0	317
54	242
3	0
0	52
0	290
11	207
14	274
0	52
0	267
0	2
0	49
0	35
2	49
0	38
0	120
0	4
0	6
4	80
0	0
0	0
0	0
8	0
1	0
0	0
0	62
0	30
0	9
0	42
0	64
0	6
0	34
0	40
0	40
0	18
0	19
0	39
0	12
2	21
0	0
0	0
0	6
0	0
0	0
1	402
0	0
1427	607
0	0
18	597
12	3680
1	141
5	840
0	2608
9	139
0	2323
79	659
0	912
8	912
0	1317
1	1220
9	2990
0	0
4	221
3016	626
1	384
0	0
4	502
0	163
5	116
8	4
0	0
1	22
0	0
15	50
4	44
0	3
1	3
1	0
4626	813
21	813
0	418
578	418
0	283
0	1607
1	802
31	1559
0	1587
9	1534
0	1607
0	1532
5	58
10	426
14	273
0	35
0	21
0	0
183	3893
109	3893
13	2701
32	14
1	14
1743	8
28	193
0	0
0	0
0	0
3	0
0	0
8	6
1	6
0	0
0	0
1060	470
6	52
0	111
5	456
10	343
0	577
0	577
128	9470
19	10106
4	2328
0	4632
0	4632
0	4129
4	2047
0	1509
11	103
1541	284
4	284
0	0
9959	165
33	136
0	0
0	0
0	0
0	1
0	1
0	1
0	0
0	0
0	0
7	0
0	0
0	0
0	0
0	0
0	1
0	25
1	24
0	24
0	1
0	3
991	1793
9	1718
20	83
4	402
5	1698
31	124
1	1686
0	120
1	0
0	0
3525	225
104	225
1	0
0	0
0	0
16	37
10	27
1	17
565	0
0	31
1	31
0	3
0	0
0	0
0	0
1	0
1	8132
197	8204
14	410
1	4
0	4
0	3
1	0
45	1873
7	1871
13	117
0	20
240	1573
0	1602
15	1550
1	0
3	33
0	123
287	184
6	81
2	178
114	0
149	637
7	622
2	637
0	1377
13	1374
49	1374
0	0
4	0
0	0
14	434
19	434
2	970
17	993
29	933
6	117
19	111
24	37
9	57
5	0
50	294
0	294
8	1288
34	1288
10	28
41	1139
0	125
22025	105400
1177	105400
6	142
0	0
1487	0
0	0
0	0
0	0
0	0
0	0
0	0
0	0
0	0
0	0
0	0
34	359
0	0
0	0
0	0
0	0
0	0
0	0
0	2
0	2
0	0
0	0
0	0
0	0
0	0
0	0
0	0
0	0
0	0
0	0
0	0
0	0
2	828
9	844
0	45
2	0
0	0
0	0
5	0
0	0
0	0
0	0
0	0
0	0
0	0
0	0
0	0
0	0
0	0
0	0
0	0
0	0
0	0
0	0
0	0
0	0
0	0
0	0
0	0
0	0
0	0
0	0
0	0
0	0
0	0
0	11
0	11
0	9
0	8
0	0
0	0
0	0
0	0
0	0
0	0
0	0
87	134
3	0
0	130
0	0
227	12
1	9
216	3
0	0
0	0
0	0
0	0
0	0
0	0
3225	0
175	7
80	7
268	1718
0	1727
3	1
1	0
0	9
84	0
177	761
3	780
28	786
1	7
3	156
0	138
0	0
0	0
0	0
0	33
2	159
0	158
0	136
0	2
2	23
525	38
8	1
0	39
0	46
1	46
679	1492
46	1407
4	526
21	8
0	169
0	2
132	0
8	377
9	381
40	450
16	436
2	321
7	0
293	0
29	15262
793	15262
0	0
0	34
1	34
0	0
0	0
0	0
359	428
4	428
0	224
0	223
1	173
1	46
0	23
0	0
12	540
0	541
19	534
21	215
222	0
42	3
0	0
20	927
4	790
5	174
0	13
3	5
16	160
0	219
0	6
5	116
52	55
0	67
1	0
1	110
0	112
0	22
0	0
0	0
0	0
1	63
0	0
0	0
0	0
0	0
0	0
0	253
4	8281
1119	6987
6	7149
0	8333
0	1
0	1
573	6739
0	6079
19	698
0	3254
0	0
2	2
0	2
42	853
22	800
0	800
3	57
0	83
4	1
32	0
0	0
11	283
530	1577
1	545
39	1275
1	633
2	733
1	60
2	121
0	336
16	52
23	322
8	322
0	0
16	0
0	1
0	1
2	1
667	0
253	0
0	36
0	83
2	89
5	89
1	11
0	7
3	19
1	7
0	7
0	3
0	0
0	1316
3	329
0	48
3	0
0	1294
70	971
19	3
0	1277
36	7444
220	7973
10	320
123	6272
0	0
20	205
16	353
22	1212
0	0
34	318
0	1276
4	1201
0	907
8	281
1	1574
1	1167
0	1617
0	1515
0	1506
1	116
0	87
0	102
18	426
0	0
46	426
39	271
0	0
0	0
1	16
5	20
2	35
0	12
0	34
1	782
1	782
7	325
2	260
1	84
0	31
1	132
2	333
1301	335
3	0
0	0
4	431
674	590
0	218
6	23
16	102
0	1
0	1
0	1
0	1
0	0
0	0
1	314
5416	318
0	0
0	0
0	7
0	0
0	0
0	0
0	0
0	0
0	7
0	0
0	0
0	0
0	4
0	0
0	7
0	0
71	1970
92	1970
17	87
1	354
5549	819
37	271
18	194
361	49
5	47
0	23
0	0
0	0
34	490
0	388
9	439
1	341
2	45
0	3
21	926
1497	926
444	1553
0	975
1	859
0	856
0	844
5	344
2	165
1	247
8	681
0	124
1	84
0	1
0	0
0	5
3	939
27	941
0	828
90	802
0	208
409	18
0	18
55	0
34	1925
4	75
18	588
0	1760
0	336
16	2
0	13
0	13
0	13
79	35
0	0
0	6
0	2
0	19
0	28
0	12
0	17
4765	2959
8	1088
2	594
6	550
4	1186
0	1041
0	0
0	12
0	12
2	1964
26	2045
154	3868
55	1964
4	401
25	768
5	639
5	129
1	1
0	1
0	0
0	0
0	3
0	3
0	0
0	0
12	0
0	9
0	13
0	14
0	14
0	0
0	0
0	0
0	0
5	308
1	142
1	28
3	298
0	540
0	494
46	470
0	533
1	551
3	537
1	69
2	53
0	85
0	107
0	72
0	86
0	91
0	79
2	0
39	103
0	80
6	7
0	91
0	68
1	57
0	1583
0	1535
0	1631
2	1698
0	1611
0	1595
0	153
0	0
1	14
6	122
1	120
0	28
0	19
3	2
133	0
0	0
2	0
0	0
0	0
0	0
134	179
1593	181
11	545
15	508
6	578
5	42
581	886
0	886
0	103
65	109
21	109
0	0
148	1370
4	621
5	633
51	700
0	36
0	0
0	0
1	925
0	1192
22	1239
8	2
0	1402
0	0
0	2
3	1192
223	1240
0	1532
0	1744
0	2140
4	2227
0	424
30	22
0	175
0	1318
0	2247
0	0
22	0
96	0
21	18
3	470
137	490
0	139
2	0
22	54
0	8274
1	8324
0	5699
20	395
0	3744
0	3774
40	6760
12	359
3	412
0	404
6	0
0	629
1	217
161	2452
0	398
1	2781
0	251
7	444
8	411
63	2291
0	193
99	1749
21	97
27	199
394	1091
4	459
178	16
0	16
0	0
0	0
59	508
1	305
0	247
1	95
3	58
0	58
0	0
7664	33848
6	23717
0	0
7	282
1	323
29	56
0	308
0	17
799	0
10	0
8	0
3	0
791	333
14	6
0	6
1	195
2	185
0	0
16	23
38	2
6	5
12	0
1	33
7	164
404	164
0	0
1	40
0	160
0	160
12	130
10	17
17	31
0	0
0	0
0	0
0	5
0	0
0	0
3	0
4	0
0	0
8	25
1	22
0	7
1	1
0	3
0	7
5	2
3	3727
1	1835
40	219
19	3386
16	1754
0	19
0	23
0	23
3	6
0	22
0	2
1202	399
3	403
6	143
0	58
1	0
0	0
0	0
0	0
0	0
0	0
19	5940
459	5952
4	1285
5	109
2	1693
0	0
0	1
3	181
0	0
0	0
0	0
5	514
674	46
679	182
0	0
0	0
4	182
46	106
0	106
0	0
43	46
0	0
0	35
0	0
16	956
4	928
0	18
0	1124
20	1093
0	170
0	34
3	132
0	125
0	108
1	0
8	16
0	0
0	4
0	4
0	0
1	0
0	389
4	412
9	218
0	160
0	29
12	9
0	0
0	0
0	0
1460	966
0	381
22	64
1	368
12	291
0	50
8	64
0	0
23	642
0	642
19	27
0	24
0	0
0	1
0	3
1	0
0	0
2	0
0	0
0	0
0	0
0	0
183	0
20	441
103	249
226	303
0	0
0	51
35	51
15	320
41	320
16	34
0	72
9	60
2	49
0	1101
70	1192
0	191
276	497
0	1
0	1
0	1
0	0
0	0
0	0
0	75
0	3
0	75
0	0
0	11
0	9
0	0
0	11
0	0
0	0
0	0
0	0
0	0
0	1
0	0
0	0
0	0
0	1
0	1
0	1
0	0
0	0
7	307
0	57
0	82
0	346
195	352
2	0
1	0
33	0
2	310
0	352
0	77
1	289
0	67
1	34
0	0
553	67
2	0
0	0
0	0
0	0
0	0
0	0
0	0
45	1193
8	1192
2	410
0	60
62	2
56	2
0	5
2	5
2	3
0	0
360	330
33	149
36	95
6	193
0	40
1	35
0	0
0	0
0	0
4	0
0	1243
0	1225
0	0
1	0
3	93
105	110
1	7
3	0
2	110
2	66
0	57
0	57
1	53
1	1
2	6
151	0
0	0
0	0
0	0
0	0
1	0
5	1294
0	4
3	60
0	1246
1	233
0	1279
0	0
2	25
0	305
890	1722
23	984
1	1177
0	1242
1	712
0	485
0	0
1774	13516
21	6970
2	3758
1	13517
20	8687
7	16
0	0
0	0
0	0
0	0
0	0
0	140
5	140
0	11
0	15
0	8
5	26
3	370
3	110
142	330
1	113
6	326
69	497
0	416
2	355
0	355
0	203
0	205
175	2320
4	1688
0	849
0	394
0	0
13	38
0	61
0	0
18	609
0	1008
25	154
1	929
1	966
0	1006
1	77
0	44
0	105
1	129
2	87
0	70
1	115
9	1157
10	1287
6	156
5	133
9	180
0	83
6	177
2	91
44	0
697	0
21	112
4	103
0	53
0	35
0	41
0	36
0	14
1	6
6	0
0	0
0	0
427	62
58	79
17	7
18	57
13	38
17	521
11	734
0	91
0	734
0	429
1	684
9	0
2	0
0	1
2	1
0	1
0	0
0	0
0	0
3	0
0	1
0	1
0	1
0	0
0	1
0	1
0	1
0	0
0	0
0	0
1	48
0	570
36	570
0	19
0	24
7	34
0	0
0	30
0	80
1	39
81	748
3	805
2	416
0	525
6	39
0	8
0	8
0	0
0	0
28	33
0	33
0	6
15	873
0	1205
119	4274
22	591
0	3545
0	3390
18	62
51	0
3	14
1	159
0	121
79	101
59	28
114	112
75	115
10	30
219	568
2	575
4	540
96	0
1391	95
1	0
12	87
0	28
0	28
24	0
2	0
0	0
1	1
0	0
0	0
28	0
5	152
111	278
4	126
0	1114
0	1162
0	1162
75	504
0	1099
1	74
0	75
6	72
0	17
0	19
0	5
0	0
0	0
0	27
3	10
1	21
0	0
0	0
1326	919
0	0
4	37
8	255
4	286
7	244
0	97
0	0
269	940
0	581
2	744
4	330
2	293
1	308
0	291
0	176
2	124
15	40
0	0
68	120
0	77
1	94
3009	23394
7	23478
316	17532
5	3412
5	815
19	1420
0	18
2	10172
191	0
0	2985
17	2848
0	828
2	2296
4	1573
0	888
52	640
207	1935
11	638
0	1934
6	647
0	456
3	5
15	41
1	5
17	359
1	21
63	446
4	617
8	550
0	475
0	208
6	86
30	89
62	63
1	15
1	0
437	4730
0	4730
6	132
13	170
0	0
0	0
1	1138
835	1209
0	219
0	95
1	25
0	2
1	700
484	122
10	100
2	34
0	30
1	85
18	85
845	2
0	0
0	0
1	0
11	555
43	555
1	54
1	19
33	547
85	664
7	121
3	481
2	329
0	664
0	194
36	681
23	668
136	760
2	719
0	85
21	370
2	244
8	0
1	677
0	677
0	67
18	64
0	0
17	13
5	12
0	108
0	140
1	162
2	157
1	159
2	147
0	151
0	63
2	18
0	53
0	1597
0	1614
0	1655
152	1672
38	291
0	81
0	1327
0	499
5	88
2	267
1	211
0	153
0	516
13	534
20	534
3	132
6	23
185	12364
10	12364
38	12345
8	12371
916	12475
28	12462
0	12436
0	12338
0	7790
0	7292
0	7234
26	2220
1	3249
6	92
0	87
0	92
1	26
0	43
16	524
1	592
1	323
0	123
1	94
0	132
0	23
0	63
1	0
128	7811
105	1503
2	4647
4342	8148
13	2429
2	452
0	740
14	676
0	200
2	96
0	255
1	141
0	225
0	133
1	38
0	0
366	748
0	329
4	268
10	115
0	417
1408	4285
1	3604
7	3552
10	3
31	1641
30	1419
16	43
0	1348
0	333
0	85
0	28
0	1562
1	1562
0	437
0	476
0	476
8	171
2	96
3	49
6	13
4	3606
2	486
1	3005
8	378
0	0
0	782
8	679
0	447
0	106
2	124
0	142
0	20
0	0
8	147
1	155
0	33
0	15
81	29
0	12
3	11
0	8
1	103
0	103
0	124
0	23
0	31
1	20
1	27
0	17
0	5
0	11
0	6
0	11
0	11
0	7
1	0
0	0
0	0
0	0
0	0
18	112
0	2
6	107
0	30
0	96
0	14
0	27
3	24
0	27
0	0
0	1
1	3
0	5
0	4
0	10
1	193
1	189
2	39
1	162
1	190
0	49
1	154
0	23
0	45
9	37
0	45
243	32
0	26
1	6
1	24
147	1
0	1
8	1
0	0
0	0
0	0
6	105
2	110
7	113
0	154
0	251
0	269
0	171
19	906
8	117
0	1087
1	113
0	37
0	61
0	132
1	101
7	84
10	596
14	842
1	581
892	1103
230	1103
6	4
0	3
0	2
0	3
271	36
1	36
1	13
815	98
2	98
0	0
0	0
7	0
0	245
0	281
0	197
8	305
0	56
1	28
0	129
0	215
1	79
0	57
0	78
0	0
2	44
0	45
145	276
5	277
181	1017
2	720
9	784
4	68
2	70
0	1
1	2
12	57
1	48
6	8
0	8
0	8
2	0
0	0
0	0
0	0
42	440
1561	1783
44	523
300	854
0	0
0	0
1	12
44	737
1	737
41	207
0	107
1	29
2	40
7	2478
0	2355
2	2405
2	2364
0	2030
0	354
0	2142
1	150
0	42
16	118
10	43
15	134
4	134
0	0
0	0
0	0
0	0
0	0
0	0
1	0
0	0
0	0
0	0
0	4
0	4
1537	1586
20	753
11	781
3	272
2	180
3	41
5	1067
3	1218
2	304
1	887
2	204
64	50
2	346
1	30
0	28
2486	12589
9	9256
452	3323
1	6025
4	0
0	344
13	1039
2	1081
0	91
2	104
0	1070
0	257
0	161
475	887
5	555
3	459
2	329
1	877
0	885
0	847
0	872
0	886
3	897
0	935
24	821
8	29
3	15
0	15
0	15
0	15
0	12
36	3475
0	13090
340	12587
41	11962
28	13040
0	0
49	0
0	0
0	0
159	0
17	13
0	13
314	1161
11	1038
7	238
23	1022
0	1021
0	910
1	766
0	846
21	0
3	1
0	1
0	1969
6	2313
21	299
1	2148
1	2357
17	1383
2	394
0	46
0	61
0	50
32	148
12	1393
1	216
12	51
2	255
34	168
0	21
1	54
12	38
13	53
0	78
0	65
0	31
3	46
0	78
17	67
3	14
6	65
808	1368
1	1250
32	118
713	776
0	355
0	626
1	440
110	30
2	70
0	41
1	147
0	0
49	130
4	486
595	1050
14	930
0	228
216	80
4	317
0	52
2	19
2	501
729	582
1	18
0	110
0	84
0	84
10	84
0	1
0	0
0	15
4	15
21	463
10	245
0	250
0	412
0	201
0	0
0	49
0	49
0	0
0	0
0	0
2	0
0	0
0	0
0	0
0	0
0	0
0	0
0	0
0	0
0	0
1	10
0	119
7	119
5	18
0	120
0	15
0	0
0	0
0	0
1	3
0	3
4	27
241	44
5	38
1	35
0	37
0	254
5	268
0	12
1	16
23	51
0	1
7	515
0	504
0	517
43	517
0	524
2	60
5	92
0	50
0	36
2111	248
12	248
163	40
7	40
17	10
5	10
0	3
0	3
0	0
0	1
0	0
0	1
0	0
0	0
0	0
3	59
58	136
0	92
10	26
23	51
1	0
0	0
0	1
0	1
0	1
0	0
2	44
0	44
0	2
1	0
238	521
24	237
0	473
0	4831
4	4662
12	3962
8	586
19	126
0	610
18	74
0	222
479	688
10	569
2	231
0	179
0	63
0	26
9	11
2	17
0	17
2	178
0	1902
8	1782
14	601
0	0
0	0
108	292
4	5814
38	5953
0	2813
16	38
6	88
11	261
6	244
0	3
48	20
10	1621
0	6434
0	6570
116	6536
0	0
37	60
0	281
0	0
23	864
96	150
39	1420
0	0
20	22677
0	22834
0	22959
0	21997
0	21872
22	154
132	616
17	56
0	27
0	43
0	0
0	0
7	162
6	168
0	43
1885	132
32	130
120	130
2	195
43	195
365	0
20	6
0	3
0	6
790	460
0	460
670	4001
9	350
44	3994
0	3450
5	600
5	572
3	73
8	56
1	5
1	340
47	340
0	0
0	20
0	5
0	18
0	4
0	0
644	2
41	1035
0	937
0	389
170	127
0	320
6	218
3	8
0	8
0	0
0	0
0	0
0	0
0	0
0	0
0	0
0	0
0	0
0	0
0	0
0	0
0	0
0	0
0	0
0	0
0	0
0	0
0	0
0	0
0	0
0	0
0	0
0	0
0	0
0	0
0	0
0	0
0	0
0	0
0	0
0	0
0	0
0	0
0	0
0	0
0	0
0	5
0	0
0	0
0	0
0	0
0	0
0	0
0	0
0	0
0	0
0	0
0	0
0	0
0	0
0	0
0	0
0	0
0	0
0	0
0	0
0	0
0	0
0	0
0	0
0	0
0	0
0	0
0	0
0	0
0	0
0	0
0	0
0	0
0	0
0	0
0	0
0	0
0	0
0	0
0	0
0	0
0	0
0	0
0	9
0	0
0	0
0	0
0	0
0	0
0	0
0	0
0	0
0	0
0	0
0	0
0	0
0	0
0	0
0	0
0	0
0	0
0	0
0	0
0	0
0	0
0	0
0	0
0	0
0	0
0	0
0	0
0	0
0	0
0	0
0	0
1	1
0	1
0	1
0	0
0	0
2	3181
0	2553
0	3179
6	3109
23	126
4	3
0	0
31	0
6	31
0	4410
118	5594
78	5269
11	278
0	231
165	9134
73	9847
113	9592
0	9540
0	783
0	0
0	0
1	655
625	657
7	0
4	564
7	36
1	184
561	87
0	52
0	35
12	1009
20	1009
20	110
2	73
1	63
0	0
0	1317
889	2255
3	997
1	1905
13	97
0	393
1	290
0	0
0	0
3	463
0	306
0	441
9	409
0	391
3	115
0	92
0	63
0	97
0	73
861	1142
0	1142
0	0
49	7
0	0
0	161
0	0
1	10
0	15
5	5
3	69
17	466
13	466
2	0
0	0
0	0
572	560
45	798
5	673
3	377
0	83
0	74
0	187
710	0
25	2924
0	2753
0	1596
1	442
0	0
2	4
239	66
7	22
1	28
0	16
10	194
0	124
1	86
0	53
0	25
0	71
0	43
0	4
0	0
1	1
0	33
0	34
0	14
0	9
43	1356
0	1356
2	663
0	102
823	56
33	56
11	45
0	0
4	97
74	60
30	35
61	14826
4	14601
0	5689
1	975
39	147
2	147
0	119
0	102
0	110
18	0
3	42
7	600
4	1088
6	77
0	1107
0	68
0	18
0	0
1	83
34	14
1	67
0	30
533	5313
0	5309
0	4228
20	355
0	2994
0	0
15	147
0	448
5	815
21	715
34	95
1	731
5	112
14	33
1	77
11	8249
132	8250
10	8249
72	8306
8	4059
3	31
13	751
2	934
0	1057
6	371
214	9418
0	710
508	9140
24	1421
2	1324
3960	3322
14	2085
6	2829
0	1251
4	2032
46	0
0	0
0	0
93	103
0	103
0	0
23	36
0	36
0	27
19	0
3704	26
2	1925
0	1343
0	1728
30	499
0	701
0	1148
6	1415
0	238
1	276
10	1198
0	452
4	234
1	190
0	127
0	135
0	0
7	65
55	42
0	308
131	9
116	1089
8	45
0	959
23	925
0	2109
0	0
4	0
94	1758
0	1428
21	1396
0	758
4	493
0	65
0	189
92	139
5	87
0	52
1276	34
11	34
3	361
502	421
7	64
4	50
0	4874
17	4873
388	4878
0	4840
2	4219
12	2560
14	278
2	346
25	1101
1	408
2	273
0	101
29	142
0	3
0	49
2	0
42	0
2027	163
0	161
19213	400
3	194
6	196
0	51
3	8
0	51
0	14
0	185
482	1481
8	219
28	829
0	507
1	1122
0	440
0	261
10	2
0	0
0	138
1	138
0	0
2	16
4	9
786	57
1	32
0	0
4	35
0	0
15	88
0	2
0	78
12	71
0	31
2	47
0	1
0	0
0	22
1549	1430
0	0
90	2756
201	21
15	85
4	1388
54	285
37	0
8	6
0	0
0	6
0	7
0	6
0	7
16	187
0	238
0	143
5	238
0	86
0	39
1	1674
81	1672
0	284
11	310
32	232
3	91
62	46
2	30
0	5
0	26
1	0
77	0
0	0
0	0
0	0
2	11147
197	11147
2	0
0	0
0	0
0	0
2936	3657
0	3633
6	374
0	85
0	0
0	0
0	0
2	7203
136	968
39	41
0	6975
0	7291
0	7262
0	7209
2	6257
0	6259
0	5876
4	0
13	5865
34	0
0	5360
13	6144
0	5128
0	5198
0	5814
0	37
0	108
64	130
3	307
0	101
27	297
1	359
12	14
0	10
0	4
0	0
0	16
0	16
0	0
0	14
0	7
0	0
0	15
0	1
0	1
16	964
247	1187
0	177
18	60
0	83
0	112
4	16
3	126
13	0
5	264
0	229
1	260
0	5
81	1148
0	1156
0	1154
5	1105
0	1127
0	0
0	0
0	0
45	491
14	491
4	89
4	474
15	364
6	467
0	2
157	2482
236	2482
10	730
0	413
17	407
0	129
0	316
3	14
1	5
28	87
1	43
39	127
2	10
0	47
64	220
0	232
0	45
5	50
0	0
0	32
3	13918
12	3108
3090	14090
0	0
0	0
0	0
5	242
0	105
7	266
0	229
0	66
1	32
2	19
1	129
0	4
0	5
1	6
0	7
0	7
2	8
2472	2631
10	2631
533	1103
6	761
3	638
24	118
10467	4895
18	150
4	765
18	988
2	1002
0	0
1	1160
8	747
0	3
0	6
0	14
13	6
0	6
0	0
0	0
6	9
460	814
9	604
22	525
0	76
2	48
10	32
0	25
3	23
61	732
0	37
0	734
0	206
0	51
0	237
1780	0
0	755
9	58
0	625
1	402
0	455
3	23
0	278
42	0
2	0
405	0
0	0
477	402
1	221
5	260
3	21
0	15
1	21
0	0
0	0
0	12
4	21
0	11
0	5
0	0
0	0
200	465
22	352
0	90
9	75
902	1202
13	0
1	1200
16	174
20	336
32	12
99	4191
95	4191
380	690
3	399
29	500
0	553
0	362
1954	36
1	0
0	0
1141	429
0	139
1	107
0	0
4	33
50	233
0	0
474	0
0	0
0	0
683	50
0	39
1	11
223	799
1	133
1	799
176	2245
127	2334
0	1324
12	50
15	1416
0	1317
43	7
0	0
22	467
10	275
3	74
5	17
0	0
197	2427
103	1674
9	850
13	452
49	504
0	398
49	425
0	0
0	0
0	0
8	9
0	2425
62	4699
400	5087
66	845
0	0
0	524
0	488
0	0
0	0
10	0
0	90
0	92
0	54
1	103
5	97
2	18
0	3
0	13
23	1151
51	1575
1127	52
0	0
0	0
0	0
0	0
40	52
0	0
0	0
1	0
0	0
0	0
10	17
0	17
0	0
0	0
0	0
0	1
0	0
0	1412
844	1504
0	365
5	170
8	3782
22	3894
14	21
2	313
0	189
0	337
0	549
5	616
0	237
0	261
5	255
12	23
0	73
18	46
0	856
4	841
0	528
1	16
0	130
37	227
15	100
135	34
0	34
0	0
267	4
1	4
1	1595
9	1610
75	1595
58	780
14	1532
8	354
0	997
19	665
8	70
0	68
5	472
80	6
3	4
1	2
0	768
8	789
2	50
1	90
7	5047
0	4457
0	4457
0	5785
107	2382
0	3454
7	1396
439	2027
41	162
44	1910
133	2276
14	2024
1	328
0	460
0	222
0	775
0	503
3	400
0	552
0	557
0	301
0	502
0	289
76	5
0	5
3222	5241
20	0
0	5241
38	2655
1780	0
0	0
0	0
0	0
0	0
13	15
1	15
0	0
0	0
0	0
0	0
0	0
0	0
0	0
0	0
0	0
0	0
22	80
3	80
91	0
151	0
14	7
0	7
90	0
0	2
0	1
0	2
0	0
0	105
1	105
0	8
0	11
0	0
0	0
1	12
0	12
0	0
0	0
0	0
626	0
49	24
32	24
2	1796
2	2072
22	833
1	1243
0	1525
0	1531
0	580
0	575
0	2079
0	269
5	157
2	202
46	1433
1	1431
36	1451
5	1466
1	542
2	284
4	93
23	624
5	717
0	298
0	345
0	319
0	347
6	0
58	189
0	27
1	74
12	30
11	6
5	60
0	89
0	18
0	18
0	18
0	0
0	0
0	2
0	0
0	0
1	151
334	422
0	416
0	0
0	0
13	0
1223	1610
0	1670
55	854
0	0
0	131
0	137
0	167
2	149
2	89
0	43
4	61
17	112
0	109
0	0
0	1
425	0
0	0
0	0
39	0
0	0
0	0
0	0
0	0
0	0
118	2641
23	2526
20	1066
4	51
4	51
2	43
0	63
7	94
58	117
0	2
0	66
0	39
8	8
1	7
0	4353
0	0
0	15
0	15
9	5
0	0
6	15
0	0
3	241
1	240
15	240
5	240
0	16
1	12
0	9
0	756
3314	5639
78	2873
22	4831
198	5429
9	21
0	4325
0	0
0	6
0	20
0	22
0	22
0	6
0	6
2	0
0	0
276	468
9	457
3	495
1	238
3	65
8	581
51	936
27	18
0	416
2	355
1	0
0	0
3	0
0	0
461	83
2	83
3	0
0	0
2021	4171
4	4001
11	170
0	0
0	0
25	0
23	0
0	0
0	0
0	0
3	0
0	0
259	0
2572	2441
3	2441
20	1072
1	0
156	963
12	961
0	0
14	31
0	0
1	48
0	0
19	0
0	0
12	103
6	427
0	396
0	75
0	279
1463	91
2	91
34	1363
738	1526
0	1469
30	1546
0	171
0	222
3	50
1	515
5	35
13	186
1	188
0	187
0	131
0	46
307	107
0	25
4	94
0	9
4	15
1	214
5	6
29	0
8	7149
106	856
36	109
19	804
0	105
16	0
0	7134
16	369
8	982
0	422
6	29
26	793
0	0
0	0
0	0
0	0
0	0
0	0
0	0
0	0
0	0
322	2
2	1
0	1
362	118
49	118
1	0
0	3116
0	3180
2	3160
8	2772
19	2556
0	2290
22	297
0	522
0	124
3	40
2	208
0	156
77	14
53	227
12	227
47	856
4	15
44	786
7	0
0	811
61	137
2	821
0	0
88	124
2	91
1	57
1	27
11	0
0	27
697	2364
2	18
0	964
0	526
0	1408
953	1335
0	1144
0	152
9	148
0	51
1	7
4	0
0	21
3	0
0	14
1	14
2	0
0	0
0	0
0	0
3967	6
0	0
0	0
4	0
0	0
488	71
1	71
27	487
10	931
8	950
3	42
0	807
0	773
2	690
0	115
0	0
0	0
0	387
0	413
3	30
0	181
1	0
0	0
0	0
0	0
0	0
0	0
1	0
0	0
8	20
0	62
0	4
324	0
0	0
0	49
0	49
0	49
0	0
598	8
0	0
0	5
1	8
2273	367
1	367
391	1563
15	1476
0	146
2	133
45	603
22	11
0	162
0	140
7	81
0	4
0	14
6441	457
1	178
2	310
3	141
0	0
0	0
0	0
881	438
1	438
9	0
900	1275
14	1296
0	228
1	57
120	416
12	50
6	129
0	184
0	172
0	163
0	193
0	63
3276	3068
0	0
2	2568
1124	2165
1	342
32	672
68	32
14	247
0	251
1	110
71	689
1	689
1010	34528
0	34528
6	3817
3	302
105	1655
1	1647
1150	416
0	192
3	120
0	165
1092	77
0	71
0	0
3487	8
0	0
566	186
1	186
0	0
316	0
342	149
1	143
0	0
0	101
2	0
0	0
997	563
0	199
9	272
2	244
112	1
0	1
0	0
0	0
10	69
1	65
0	44
0	28
9	12
0	5990
0	5990
0	0
0	3473
0	3555
0	0
0	3473
1	3555
0	3473
0	3553
0	0
0	3473
0	3553
0	8
0	3
0	5
0	341
0	0
0	2
0	345
1	136
0	305
0	287
0	86
0	326
0	13
0	159
0	343
0	281
0	294
0	83
4	313
0	117
2	73
2	73
0	68
9	2043
0	1907
0	67
1	29
9	1698
8	154
4	0
1576	1300
0	807
0	4520
0	4285
4	2323
0	0
20	3593
74	14
5	14
21	238
0	201
0	123
116	539
7	539
3	538
5	0
0	0
0	0
2	51
0	51
0	1
0	6
0	31
5	27
0	24
0	0
1	3
0	1
0	1
0	0
0	1
0	0
0	0
0	0
0	0
845	122
0	18
0	104
61	117
3	86
10	73
2	12
1	42
0	0
0	0
0	0
3	0
0	0
0	0
0	0
0	0
0	0
0	0
0	0
0	0
0	0
0	0
0	0
1	1201
7	1201
119	1258
3	260
0	0
1800	11242
192	10596
25	1173
1	3509
5	2249
0	189
9	2752
2	1
0	0
0	1
652	1930
15	1930
10	0
19	560
21	196
3	550
3	1
1	9
4	121
17	1314
10	1216
1	265
0	219
1	501
0	0
0	0
0	0
4277	2172
88	2149
0	0
0	0
42	471
2	0
115	559
0	287
3	300
13	300
33	4
10	4
2	0
0	0
0	2563
4	2451
68	2563
0	1919
8	289
0	215
0	0
0	0
0	0
1323	0
0	0
0	0
0	0
0	323
1	0
0	323
5	34
40	0
7	1004
89	3764
0	3764
130	545
0	545
3	372
0	1
0	1
0	1
0	1
1	0
0	0
0	0
0	0
0	0
31	0
0	0
0	3
0	3
0	4
0	4
0	3
0	3
0	0
0	0
688	0
183	0
0	0
0	0
0	19
0	0
10	35
0	98
0	76
2	145
535	145
25	16
0	16
0	16
0	1
2	0
0	1
157	102
7	12
4	0
0	95
0	0
4	55
10	56
0	1
0	1
199	166
6	166
58	1875
0	1133
1	1488
2	1692
11	60
59	86
10	376
0	5
0	0
0	0
0	0
0	0
0	0
0	0
0	0
0	0
0	0
0	0
0	0
0	0
0	0
0	0
0	1
0	1
0	0
0	1
0	0
0	0
0	0
96	1252
15	1252
11	84
15	1407
25	201
1	86
2	78
1	130
12	843
5	1387
15	467
2	456
10	12
4	354
109	346
4	179
83	46
1093	3887
96	3882
11	4797
1443	1194
3	876
2	547
3	137
71	544
27	5877
3	2453
4	1970
0	1450
1	31
0	5167
0	5167
0	5362
1	5001
35	912
37	4542
3	3
1	3
3	0
2726	12
134	1
0	1
27	8
0	8
522	2551
1	1169
164	2593
3	3310
73	3364
0	94
3	1901
13	270
1	253
9	392
910	1238
2	900
4	757
10	172
0	499
144	4946
75	4946
0	318
5	361
0	1363
3	357
0	205
0	205
0	208
0	205
0	208
0	205
0	205
0	208
1	203
0	208
0	202
0	7
1	28
2	2
3	0
1	111
0	0
0	0
0	0
0	0
0	0
535	552
2	552
16	258
0	58
0	6
1	37
7	93
0	99
4	94
0	0
0	23
1	148
0	148
0	10
0	4
660	353
1	112
5	0
2	13
0	225
0	0
6492	1198
8	1198
182	86
2	38
1	37
0	26
354	467
0	451
1	50
4	190
176	434
1	399
0	14
6	48
0	57
1	3
0	0
0	0
0	15
1	15
31	0
0	0
0	0
0	0
0	0
0	0
0	0
0	0
0	0
0	0
16276	384
0	181
9	14
1	183
0	0
0	16
0	4
0	16
0	14
1	0
0	1
1220	2226
1	234
31	2187
137	53
1	36
0	24
206	103
0	35
2	1
1	67
0	22
0	0
14	5923
41	6609
6	6282
9	535
15	497
0	608
104	0
2	6
4	6
7	0
0	0
1	0
0	0
0	2538
0	2400
2	2220
0	2669
0	2531
31	534
0	321
0	110
40	29
0	85
3	3
1	0
0	0
194	35
0	34
1	31
0	1
1	30
1	1
0	0
257	1771
1	152
10	1791
28	244
6	168
9	3380
3	205
117	3439
0	193
0	0
0	342
32	2
197	2
0	0
1205	3007
0	748
7	150
0	1715
11	672
0	5
0	5
1	0
2007	2115
20	876
5	1542
0	1311
0	0
1	24
4	66
61	209
0	22
0	209
0	65
0	2
0	55
4	70
1	77
3	68
10	72
4	61
2	65
0	0
16	0
3748	2
0	0
0	0
0	0
30	6
0	0
0	3
0	3
0	3
1	0
0	0
0	0
0	0
0	0
0	1
113	935
13	178
5	431
19	761
46	258
0	190
4480	0
254	5714
21	5706
8	5502
344	5496
0	0
5	2
0	2
45	301
15	301
24	0
7671	0
0	0
3	0
3	110
199	203
705	376
0	1
122	234
1	0
57	731
1	731
2	3
0	1
0	3
51	0
1	0
19	0
27	60
0	0
0	60
7	28
0	28
0	0
57	0
41	33
6	1
0	0
1	0
7	0
3	33
10	0
3	17
20	17
0	0
0	0
0	4
0	0
1	14
1	13
1	1
0	7
0	16
1	1
0	1
1	1
1	5
0	4
0	0
35	855
40	811
1	266
34	71
11	52
79	10
50	889
1528	944
191	918
13	363
0	680
2	0
0	5522
0	5524
0	7320
109	7285
0	6767
2	3369
0	5888
0	974
0	380
10	173
6	5
0	663
10	9
49	156
1	16
0	0
3	36
0	106
0	0
0	0
0	0
0	0
2	1120
1	991
12	205
24	123
0	270
0	221
0	188
0	205
0	192
0	120
3	129
34	32
4	0
29	153
142	3961
480	3892
156	3729
49	2329
21	1114
83	1166
3	100
150	93
4	60
2	65
3	209
0	209
0	176
2	156
3	156
7	0
46	305
2	63
1	286
6	87
6	0
0	1
1090	463
1	463
12	0
63	724
0	25
1	705
5	21
48	144
0	0
0	154
0	0
6	0
0	4
0	89
0	88
0	91
0	58
2	43
0	0
1	12
13460	1504
2	0
24	1112
41	378
0	1505
0	2327
854	2683
6	225
7	1781
0	2424
9	106
18	530
6	383
8	58
4	48
7	374
1	287
2	742
13	143
0	258
7	176
9	137
0	8
1	0
1184	166
2	166
0	0
61	0
2	0
1	1686
0	1686
3	17
43	569
1	0
6	569
0	475
0	0
0	242
0	22
0	24
0	25
0	13
0	11
0	11
1	12
2	1
0	3
0	2
0	0
0	0
0	0
0	0
95	0
29	0
0	0
28	2831
0	1483
0	2822
0	123
0	83
0	129
0	0
3	960
0	960
568	960
0	1
2	204
2	202
0	68
1	135
2	137
4	17
3	0
1981	1250
63	800
6	418
976	74
0	74
0	0
0	0
9	542
148	695
5	62
14	119
1	23
1	0
4106	14482
2	14495
32	3250
0	0
51	1405
1	332
26	0
1	274
7772	2307
27	602
3	640
0	596
1	507
0	252
0	2
85	890
7	258
0	1463
0	0
12	104
0	168
17	705
7	286
0	9
4	11
0	11
0	9
0	6
8	6
0	0
7	35
0	33
4	6
0	0
1	0
0	1
49	6
2	6
60	84
0	89
3	62
0	77
0	76
3	21
0	4
5	0
7	23322
1017	23790
17	574
0	1
16	0
0	0
0	0
1637	438
0	90
135	354
0	47
11	120
1	55
0	83
4	0
3	1378
733	3088
6	179
0	2462
5	128
0	96
13	424
0	3
197	3043
127	2550
37	2997
128	145
0	0
155	511
0	0
6	19
0	0
0	0
4	0
1648	4227
76	4225
0	4227
1	0
12	4024
7	2238
12	1429
3	459
34	1746
1	498
53	1510
12	326
8	405
25	171
42	166
3	0
1	0
0	0
2	480
32	569
0	238
3	85
1	39
513	3898
7	3896
0	0
1	95
1202	0
63	0
3	220
8	2127
19	1987
0	1965
4	247
23	371
64	18
0	14
0	0
2	3
6	1
0	1
0	1
0	1
0	1
0	1
0	0
992	2
0	0
2	1048
0	0
0	0
5	29
0	11
0	26
0	0
0	11
0	2
0	2
1333	10
1458	2421
56	1586
28	2218
0	0
2	554
0	263
6	0
72	1403
0	1546
2	80
1	1253
0	1326
1	12
0	56
23	915
5	168
0	0
0	66
1	75
0	71
1	0
0	58
4	18
10	268
261	909
151	902
0	172
4	56
2	703
323	33
10	33
777	1583
355	973
0	1518
0	5
4	5
0	689
0	126
0	252
8	4
2	1482
0	1482
3	0
3	217
653	821
29	102
0	717
3	67
1306	116
12	96
0	0
0	6
1	542
8	471
1	469
2	83
2	788
20	796
0	921
0	2
0	912
0	9
0	0
141	862
9	0
11614	3767
92	1275
308	978
0	0
8	276
11	1206
128	247
0	0
14	741
4271	3029
0	541
6	36
0	2809
1	2336
0	2258
5808	1991
1	740
3	722
6	830
41	0
1996	1761
8	754
6	544
49	276
4	4
113	32
6	8
0	8
0	1
0	0
0	0
0	0
0	0
0	0
1	0
0	0
18	25
2	25
7	0
15	0
0	0
0	0
0	0
0	0
10202	0
4111	0
0	5
0	5
0	0
1	0
0	0
0	0
0	0
0	0
1	0
0	0
0	0
0	0
0	0
0	0
0	0
0	0
0	0
0	0
0	0
0	0
0	0
0	0
0	0
0	0
0	0
0	0
0	0
0	0
0	0
0	0
0	0
0	0
0	0
0	0
0	0
0	0
0	0
0	0
0	0
0	0
0	0
0	0
0	0
0	0
0	0
0	0
0	0
0	0
0	0
0	0
0	0
0	0
0	0
0	0
23	45
0	0
0	0
0	0
0	0
0	0
0	0
0	0
1	0
0	0
0	0
2	0
1	0
0	0
0	0
0	0
0	10
5	10
2	19
4	19
2788	0
0	0
217	65
0	1
2	64
479	212
1	212
24439	42658
2	37547
73	5873
0	0
1	572
324	582
0	7
0	2
37	17
239	0
0	1
0	1
1	0
19	0
1612	2461
59	131
28	464
93	1668
4	1431
0	0
69	139
15	139
1	47
0	17
1	0
0	35
20	290
91	3366
130	13096
0	646
5	9279
17	62
4	533
39	2231
0	1615
9	1546
1	0
333	28
0	28
119	400
0	250
0	124
3	60
0	219
0	219
0	126
4	437
0	382
0	418
0	39
2	64
0	30
3	44
2	36
6	36
6	1
0	1
0	0
884	0
371	16392
0	16558
0	15949
12	1025
0	0
14	1837
60	311
4	6364
0	17
10	12
0	17
0	1
0	1
0	0
108	1163
0	35
1	1165
5	396
0	2581
41	2901
47	874
25	928
1	1305
115	2169
1	2007
0	2696
0	2006
14	1674
0	2361
8	2559
0	2154
26	761
3	2122
36	236
13	317
0	843
0	1000
124	393
11	526
4	525
23	1068
1	608
874	1130
33	59
1	614
1	341
0	3
0	3
0	3
0	0
0	0
10	0
95	134
4	28
1	22
0	65
0	18
4	63
6	1137
11	1115
1	1273
0	1260
0	0
0	0
497	4530
11	4530
0	568
1	77
0	0
0	0
0	0
0	0
350	103
1	70
0	33
0	0
8	1140
15	1169
4	114
0	545
0	3
0	545
4	51
1	527
19	113
4	13
76	9292
10	9787
24	1093
65	6390
0	5106
10	503
2	427
28	326
0	1092
1	98
38	68
1	905
15	2
0	199
4840	651
1	647
31	496
169	1534
39	1961
3	2675
0	2661
0	139
0	2587
0	105
0	0
0	318
1	51
598	354
0	250
1	227
0	0
38	988
0	300
38	988
16	206
130	3012
19	2787
1	1021
0	849
91	3052
6	64
0	996
8	118
13	117
0	69
2	57
0	2894
0	2898
26	3120
3	1092
2	375
614	115
1	103
0	0
50	12
0	345
0	767
3	887
0	882
12	41
20	158
2	4
66	0
186	4
0	1811
0	1811
19	1
0	147
40	685
0	55
0	185
12	18
7	0
22	161
2	24
0	1415
5	127
0	126
0	4
4	130
0	53
7	489
4	1397
9	1149
0	199
5	786
0	564
1	330
1	316
0	370
0	297
0	0
0	24
2	42
1668	331
0	331
0	16
43	16
112	4223
5	0
93	3650
0	4078
2	3498
1	2137
1	2165
27	348
0	39
0	347
0	837
0	1451
1	854
0	386
0	578
0	159
1	379
11	163
0	0
6	469
1651	1277
1	675
1	223
5	669
27	77
0	77
421	181
0	181
0	0
0	1
0	0
0	0
0	0
1	0
0	0
16	846
11	858
0	850
5	273
18	156
8	16
10	24
2	49
15	47
0	0
1	21
4	4
1	16
755	0
309	8882
23	2890
262	8373
0	1321
32	1313
271	507
12	330
27	350
1	0
1713	0
3	92
0	21
5	90
1	6
655	430
15	56
3	27
0	19
2	56
0	268
0	22
10	7427
0	56
5	7667
129	7414
11	7250
35	7209
0	177
0	6744
0	48
0	6
0	5371
0	5126
0	0
18	332
0	492
12	5316
1	355
0	47
8	556
12	444
6	257
0	256
0	256
1	54
0	60
9	65
3	63
0	0
0	0
145	8231
0	0
0	0
0	61
0	10251
61	174
5	86
1	124
0	67
0	10251
10	10249
0	10251
163	2
3	116
397	1800
1	71
1	1741
1	147
0	526
1	551
0	563
6	163
0	140
0	66
2	69
0	65
0	22
0	76
0	72
9	3
105	0
2	0
2	1
0	0
0	0
2	0
0	1936
6	1987
0	1983
0	1983
3	78
4	39
0	74
0	0
0	0
0	0
0	237
20	231
0	241
0	237
23	0
10	42
39	29
1	11
0	3
0	0
1	17
5	79
3	79
0	80
21	108
0	101
0	7
2	9
0	6
0	5
30	184
68	184
0	916
352	865
0	659
0	649
0	0
8	19
0	14
0	0
0	17
0	15
354	56
0	55
2	3
0	1167
105	1425
0	139
1	192
0	111
2	846
1	887
3	122
0	153
3	369
1	183
0	210
3	1144
1	1276
1	173
0	29
0	65
0	289
23	889
8	1275
6	1246
0	1294
6	215
1	136
4	6
0	77
4	99
0	88
0	86
0	65
0	23
0	24
0	0
2	101
1	107
0	10
0	11
0	29
47	0
37	1167
0	196
22	1136
0	7
65	1159
3	2222
7	2278
0	2639
18	2788
0	2823
0	2724
0	4637
0	4623
0	4227
0	4213
22	4227
3	4054
3	4180
0	3756
16	3499
2	252
13	184
0	379
6	601
1	1
0	0
0	1
0	1
0	0
5	0
0	109
0	120
1	104
0	162
2	117
2	29
0	77
0	59
0	11
0	12
0	3388
5	3967
4	1108
4	3445
0	1673
0	1230
1	1870
0	955
8	545
0	1584
1	1178
0	1161
1	978
0	0
0	326
2	147
0	5108
0	5108
3	1063
5	919
3	503
1	680
7	306
2	889
5	1304
2	475
2	1729
129	10
0	7
0	3
15	50
0	8
0	0
0	15
2	40
0	3
0	6
0	0
0	1
0	0
0	0
401	1848
15	1828
0	0
2	19
0	8
9	8
35	8
0	0
0	0
10	9
1	4
0	8
350	0
3	0
17	2
0	2
0	0
0	0
0	0
0	0
0	0
37	1068
0	1034
2	83
20	184
20	114
0	0
0	0
0	72
10	72
0	3
0	3
0	1
1	5
0	8
0	9
0	6
1	162
0	154
8	154
14	45
0	0
0	0
0	2
4	2
0	2
3	3342
3	3419
0	282
0	2679
1	253
6	167
0	850
0	352
0	424
22	16
52	319
3	145
7	9
4	6
0	6
0	0
46	41
2	41
0	3
596	6
4	6
7	0
1	0
71	330
2	237
2	103
0	0
14	7
0	6
0	87
2729	719
0	649
1	404
223	423
0	72
0	19
1	13
0	377
0	411
0	35
0	102
0	377
0	46
0	67
6	39
0	160
0	137
0	46
0	15
11	13
2	161
1	7
3	86
2212	0
2	12
2	44
0	17
15	44
2	2
0	189
2	180
0	164
0	19
1	16
0	0
3	88
1	11
0	1
0	1
0	0
0	0
0	0
0	0
272	129
3	29
27	100
3	32
7	0
0	2601
54	2522
4	2401
15	53
0	0
1	29
5	318
16	61
42	351
12	74
10	0
64	0
31	179
15	0
885	659
0	657
0	0
0	0
0	0
0	0
0	0
0	0
0	0
0	0
6	0
1728	1018
18	685
12	721
1	28
0	28
0	0
1	0
79	0
1346	1487
1	261
3	179
0	236
2	211
6	0
58	872
41	608
0	556
7	114
0	81
68	1191
8	1191
0	55
1	5
0	0
0	0
0	0
173	79
2	5
0	6
0	68
0	7
1	3
0	1
2	55
0	0
0	4
0	0
0	54
1	54
1	24
2	8
7	2503
0	2598
47	2420
14	2492
0	262
16	218
0	18
0	0
1426	2112
0	2071
4	127
3	751
2	112
0	22
0	0
0	0
0	0
1	0
0	15
0	22
0	10
0	22
0	15
2	5
0	0
419	1018
0	1018
0	0
0	1
5	2
0	0
0	0
0	0
0	0
0	0
0	1
0	0
0	0
0	0
0	0
58	414
76	414
6	40
2	21
0	215
0	0
2	0
229	0
34	1685
0	93
29	1861
0	1265
0	1748
24	961
6	1635
5	107
7	108
1	209
2	48
5	283
0	92
361	462
1	460
0	37
0	16
0	6
0	6
5	0
0	0
0	0
0	1
0	0
5	66
901	539
0	0
50	60
2	19
0	18
13	36
5	0
0	391
0	411
17	78
2200	1500
0	860
23	1188
11	205
0	427
1	285
62	209
18	0
0	0
225	792
14	770
1	0
1	446
0	110
2	0
0	59
8	69
4	61
0	19
5253	697
6	697
0	0
4	0
390	0
1262	74
0	0
14	48
3	35
225	221
0	203
0	163
1	91
6	0
0	0
6	285
4	321
2	221
0	73
62	4
0	0
2384	862
0	579
64	574
4	201
15	100
3215	72
7	72
1760	618
7	152
2	264
14	58
7	134
20	67
302	2808
15	2808
0	0
39	3661
233	3659
13	1059
3	673
0	942
1	629
0	271
1	557
4	95
0	3
2	3
0	0
1	77
0	77
2	0
0	0
0	2
0	1
0	0
0	2
0	2
1	0
25	18
0	13
2	7
0	2
0	0
977	1690
3	1255
26	522
0	113
17	66
3	0
0	2
0	2
159	2286
1	1558
1	1162
9	132
0	9
38	1431
18	1440
1	1251
3	1475
13	0
6	1001
1	194
0	426
2	48
0	30
0	32
0	73
0	27
4	66
2	33
0	17
0	0
6	138
14	141
13	101
23	101
3	7
1	38
5330	24434
3656	24922
0	7624
1	3139
0	0
0	0
1	2779
46	2524
118	1594
65	6277
39	5650
0	292
55	292
4	9
2	3
13	27
0	0
2	30
1	21
1105	2065
57	1791
0	2124
0	1733
9	46
7	287
0	0
0	0
3	6400
550	7462
16	387
3	1472
0	1475
1	1375
23	407
0	0
3	25
0	12
0	25
234	5749
25	5767
2	5767
89	587
0	318
33	119
6	142
8	243
0	0
5	1381
93	1381
0	122
2	0
49	179
3	76
0	0
6	687
202	689
1	91
0	18
0	0
1	0
0	0
0	0
1	0
381	2026
7	1644
0	1756
6	0
0	0
0	0
0	0
6	95
0	1506
34	1610
844	1673
0	610
11	79
0	0
0	51
0	30
1	0
11	1
0	1
0	0
0	0
0	0
0	1
0	1
1633	1046
1	789
0	0
1	202
0	0
0	0
0	0
20	53
0	1
0	0
0	0
0	0
0	2
7	3
0	0
1	901
0	901
52	2
0	1
0	415
0	901
0	748
0	608
0	0
7	26
0	169
3	61
0	168
0	138
0	93
0	171
0	59
0	0
0	38
7	2
7	70
86	0
1029	7573
176	897
0	904
52	593
0	5295
35	926
0	0
2	3460
36	0
0	0
0	0
9	0
0	116
0	66
46	99
3	14
23	43
0	0
3	3
0	0
29	4
0	4
77	635
7821	639
5	0
3	1221
0	718
40	460
1	1278
0	1009
5	57
3	107
0	179
0	0
14	20
381	452
20	451
2	14
7	47
0	0
1	3
0	5
0	246
2	1
0	246
0	0
0	99
282	572
408	568
7	328
0	0
0	0
0	51
45	6040
49	645
231	6021
6	9
0	136
0	136
2	4
0	24
0	0
0	0
0	0
0	0
0	0
0	0
49	110
0	110
0	0
4	235
2	245
0	237
0	5
0	12
2	7
0	18
0	4
308	26
6	24
22	15
0	15
249	269
0	266
1	117
0	40
1	24
0	330
2	165
3	271
1	121
1	79
0	0
0	45
3	44
0	2
0	44
0	0
0	44
1074	6
3	7
0	0
0	8
0	0
0	0
0	0
2	2
0	0
0	0
0	1
0	0
0	0
0	1
0	0
0	1
0	0
0	1
0	0
0	1
1	3
0	3
1	3
0	0
0	0
4068	6
0	0
0	0
0	0
2	308
1	438
20	449
1	151
143	0
0	1374
25	1279
4	1294
2	250
3	126
0	0
1	22
0	9
0	6
22	43
0	44
0	26
1093	1053
0	734
15	317
11	310
0	243
3	133
0	83
5	134
757	1
0	0
19	338
0	92
15	338
17	53
0	0
0	0
0	0
0	0
0	0
36	2151
75	2145
0	359
0	133
0	0
99	73
0	2
0	8
0	60
2	46
2	15
0	0
0	0
0	0
0	0
0	0
0	0
0	0
1	1
0	1
0	0
680	5671
291	5678
11	5671
25	5678
834	57
1	51
0	2
1	5
0	4
0	5
0	3
0	4
0	0
0	33
0	27
0	33
2	65
0	3
0	26
0	2
0	49
2	45
0	47
0	9
0	4
0	6
0	2
0	2
0	2
0	16
10	45
0	159
257	174
8	159
2	95
0	26
0	41
10	131
3	131
0	11
0	0
1	52
0	56
0	56
0	2
0	0
0	0
0	0
1	0
107	0
24	91
5	91
1	3
0	3
1	24
0	26
7	20
2	0
0	0
0	84
0	35
0	36
1	34
16	11
0	5
0	6
0	6
4	86
0	2
2582	0
7	314
0	315
9	341
0	284
8	77
4	34
0	23
0	23
0	45
0	275
4	285
0	21
0	193
0	0
0	0
0	0
4	183
147	185
5	22
4	6
130	0
0	0
0	124
47	0
0	2
0	0
0	126
6	43
0	43
178	4226
61	4226
9	97
10	232
0	857
67	481
0	421
0	87
942	0
4	895
0	711
19	683
9	139
0	66
0	35
1	152
0	370
0	0
2	281
4	355
7	2166
7	3131
12	4631
626	4633
3	4588
0	3330
0	2727
58	1399
52	584
63	607
1	190
3	35
5	23
1	0
0	0
30	0
2	444
7	177
0	43
0	33
15	403
0	0
0	3
0	6
4	306
179	67
16	44
0	34
0	26
11	1590
340	1675
81	753
3	120
1	395
0	1
4170	3779
0	2469
49	1633
24	1955
20	60
6	5533
0	5565
3	4472
1	5330
107	6377
22	775
7	493
307	1174
2	204
0	361
0	384
21	93
3	3
7	402
5	40
10	17
0	492
0	448
1	469
105	282
0	69
0	78
0	8
0	107
0	73
2	33
0	6
0	1
0	0
1229	442
4	442
40	1032
0	885
0	983
28	1186
0	715
0	349
10	399
0	264
9	377
0	16
8	399
1	387
0	198
0	117
5	34
0	84
6	60
7	64
0	3
2	8
0	12
1	10
0	1501
5	1852
0	1892
6	1322
0	153
0	0
1	61
0	0
0	0
17	2994
0	114
0	116
0	119
0	0
4	2968
0	2830
49	348
0	0
1049	456
2	45
0	172
5	250
37	477
0	448
2	48
4	153
11	118
0	182
2	205
3	53
313	4533
5	374
8	4533
3	195
0	256
1	373
0	430
2	553
12	432
14	879
52	139
0	525
12	8890
1	572
55	8890
2	4222
0	709
3	3746
7	3107
10	451
13	287
0	818
22	782
8	124
20	412
0	27
50	20
8	18
11	4
1550	0
37	247
0	0
7	11
559	985
0	25
0	106
0	954
1	0
0	12172
0	12173
0	12695
25	7945
0	12590
17	12642
0	12438
0	138
3	447
6	510
484	0
10	25367
0	25367
41	9384
110	2840
0	660
3	641
4	7
0	615
0	81
2	77
2	11
5	695
0	690
0	697
0	576
0	574
1	47
16	123
0	21
0	40
644	627
0	480
2	288
7	188
18	60
4	319
0	430
3	428
1	79
2	71
0	106
0	40
162	169
0	443
0	407
3	1023
5	920
6	453
1	0
1	1
46	145
12	398
17	1030
0	1220
0	1085
2	348
0	70
0	71
7	237
3	46
11	118
0	0
0	0
1	116
16	11
0	4542
8	5320
84	5533
208	5642
4	1155
17	495
29	297
308	357
18	106
0	251
14	251
0	16
0	7
20	16
2263	0
0	1711
0	1899
0	1247
3	301
10	21
1	21
0	0
72	1565
0	1568
0	1469
12	1565
2	225
2	312
2	272
5	453
0	95
7	0
0	0
10	0
0	214
0	267
0	247
0	28
2	39
7	38
0	1
4	0
1	1
0	8
0	2
11	1
2372	464
1	354
2	9
0	9
0	9
1	2
0	0
1	1356
122	1549
12	621
7	269
21	431
2	292
22	427
8	329
9	154
0	0
3	0
0	134
0	34
0	8
1	137
0	135
0	141
8	145
0	36
0	28
0	155
0	148
0	19
0	64
0	42
0	5
0	130
0	130
1	679
262	727
3	48
0	0
0	0
0	0
0	0
0	0
0	0
0	1032
0	1009
8	101
34	296
692	4
0	1
0	2
1	4
1	4
0	1
1	147
0	145
0	88
0	139
113	137
0	152
0	137
1	83
0	131
2	82
0	122
0	116
0	0
0	76
0	73
0	1
0	0
437	1000
20	792
32	156
39	65
26	67
10	29
4	5
0	1
0	0
0	1
0	1
0	5
218	68
10	70
0	69
4	954
53	894
254	784
0	785
4	341
1	547
2	554
0	0
112	331
38	315
2	21
0	8
0	282
0	4
4	60
1	84
2992	4008
880	2056
6	1998
0	3051
0	3048
0	641
13	533
19	114
0	2
54	488
0	34
31	641
0	69
0	490
1	284
0	264
4	62
0	79
4	0
0	0
0	0
1	0
5	0
1	0
0	0
0	87
0	87
0	87
9	192
0	173
0	218
100	384
0	188
0	0
0	0
0	0
0	0
20	1086
3	1687
0	1570
785	1729
17	25
5	0
5	0
1	122
110	3864
43	3864
1	0
46	3862
2	119
2	755
4	3153
1	3162
104	2292
0	368
0	278
0	0
0	74
0	3
2	0
0	0
1	0
1	0
18	0
7	2607
55	2611
27	2607
26	2099
11	32
0	69
5	1345
34	1807
2	219
35	94
9	575
2	454
0	97
0	73
1	0
0	4
0	134
0	139
0	121
0	139
6	0
23	0
0	21
2	0
16	5198
2	166
4	1934
0	716
13	4464
2	1434
20	592
1	356
316	587
0	372
2	246
6	66
0	33
30	95
16	12
12	218
0	86
0	9
3	42
0	89
0	15
266	947
107	947
3	0
31	219
50	219
3	18
0	0
0	0
2469	60
11	62
0	22
103	1596
0	1586
1	1239
0	0
233	615
0	216
0	214
3	235
0	28
7	25
0	0
1	765
0	2127
3	2198
2	2145
0	0
0	244
0	156
0	171
21	0
0	1116
0	1085
27	599
3	173
0	627
41	140
2044	641
0	637
2	36
0	36
0	1060
2062	2543
11	1178
8	602
8	0
1	6678
195	6682
3	6679
144	3030
26	2715
3	3097
5	1
6	288
4	288
0	5
0	0
0	0
14	795
0	16
0	171
0	749
2	533
14	629
3	86
1	391
11	193
0	3
0	3
0	0
0	0
0	0
0	0
0	0
0	0
1	0
0	0
0	0
0	0
0	0
0	0
0	0
535	22
2	22
227	97
2	96
0	68
366	235
0	235
0	0
0	0
850	645
24	645
0	0
1	0
0	0
0	0
0	19
0	19
1	11
0	3
1	1
0	6
0	0
0	0
0	2147
16	2031
1	486
1	357
1	370
0	79
2	288
0	2
1104	2656
1	922
3	662
10	52
1	1683
3	320
5	1384
0	1384
1	1041
30	934
2	780
0	866
0	817
0	237
1	60
0	17
28	148
0	14
0	14
7	136
0	0
139	15310
0	15332
2	1
1	34
11	36
25	5
4	8
0	1771
1	3
9	681
0	189
0	499
0	257
0	122
1	90
0	678
0	95
0	36
0	107
7	80
119	0
1	0
3	638
38	481
21	663
0	2148
7	1983
0	0
4	687
0	0
0	91
29	340
39	0
0	90
17	324
1	20
0	107
12	338
898	1107
3	120
5	174
24	800
9	39
7	0
1	0
17	697
0	704
2	598
30	727
24	727
4	54
0	39
0	0
0	38
0	116
3	146
0	149
0	145
0	154
0	15
1	6
0	0
0	0
0	3
0	0
0	0
17	376
0	376
0	376
1	31
2	46
0	34
0	53
0	0
0	603
0	570
0	530
0	102
5	32
12	40
129	269
1	126
8	194
2	4138
7	4208
0	4106
14	430
0	386
1	680
1	629
0	391
6	294
2	137
14	1235
4	1235
4	553
4	498
2	339
0	22
16	0
37	0
27	0
3	0
64	0
0	848
0	830
3	0
0	2
1	843
0	0
4	163
75	95410
0	91748
0	29464
2	3604
4	44207
0	2
82	26382
37	19746
197	14643
0	0
74	4115
33	0
0	1
0	1
0	0
41	1007
4	1028
0	85
1	75
11	635
29	329
0	143
0	112
224	2987
0	2987
3	144
1	527
27	63
2	0
0	0
0	0
1	1
0	1
149	38
5	38
595	196
21	46
6	43
0	43
0	116
5	21
22	100
1	21
63	116
0	87
5	159
0	76
0	90
0	62
2	29
7	32
0	30
0	47
1	8
0	631
4	480
82	2364
49	2364
2	486
800	641
13	641
0	0
961	1616
30	1515
11	459
10	684
11	187
2	94
0	0
0	0
0	0
0	0
0	0
0	5
1	5
0	3
0	0
1	543
62	543
1	0
20736	8096
0	1757
0	6648
453	6085
30	6085
29	0
1002	2148
5	1590
15	558
38	565
35	42
225	529
1	71
4	16
11	19
0	8
522	1542
19	1468
6	378
15	129
109	158
43	683
22	37
2	7
20	65
1	405
7	228
6	36
0	1552
0	1717
153	1454
2	1527
1	1422
16	895
1	182
0	133
57	8
132	227
2	227
0	0
2969	544
99	532
0	444
3	344
9	4
69	316
290	328
2	248
1	143
0	159
1	33
4	0
0	0
0	0
0	0
150	4490
0	4490
7	3340
41	984
396	0
1	40
5	1837
57	6
0	1688
4	285
1	1697
0	203
0	207
12	461
0	54
0	448
54	403
0	155
0	1554
0	1695
0	5
0	504
0	176
0	0
8	772
1	235
11	222
2	309
27	425
14	301
0	211
3	263
0	263
35	260
2	231
116	1567
11	1567
18	233
171	252
14	234
96	213
0	213
44	185
126	850
45	1213
34	916
25	743
123	655
3	231
1	186
3	297
26	1782
0	9
1	29
34	388
74	388
33	293
12	2171
58	2712
18	2770
0	3037
25	3001
8	126
5	385
8	1240
30	295
0	1203
125	1202
0	246
93	1118
0	1106
9	342
30	423
1363	30355
5	30355
19	1832
4	2252
4	1195
38	1
121	18
2	12
0	0
2	6
2	1434
2	573
0	1373
0	541
50	1485
2	3
10	0
9	166
2	2484
27	6806
28	6411
0	379
56	754
1	0
3	1
0	906
0	684
13	127
0	0
0	0
0	0
20	7
0	7
863	1961
6	1809
0	1665
6	1843
5	1093
20	794
0	10
5	279
26	372
5	75
4	183
0	24
0	0
3	0
2	226
8	0
0	0
0	0
2	0
0	0
257	0
6	328
3	279
252	202
0	91
2	50
3	57
0	289
0	120
1	861
6	943
44	289
0	214
10	107
0	67
9	141
0	38
1927	108
1	108
5	17
2598	259
0	36
4	221
784	762
0	399
0	379
2	246
72	78
31	3
0	2
0	1
0	1
0	0
0	0
414	4
5	2
0	4
4	4
1595	1714
0	40
9	379
394	0
6	517
1	468
82	1011
0	1011
0	1011
155	50
12	50
0	889
168	889
0	356
5	0
0	0
0	0
0	0
0	0
0	0
0	0
0	0
0	0
0	0
0	0
0	0
0	0
0	0
0	27
0	0
4	1
2	1
251	124
2	82
36	130
0	95
0	63
0	56
2	28
7620	6
6	0
2	407
64	428
4	0
5	0
1	236
0	56
1	10
89	126
9	131
3	16
13	21
0	3231
88	3212
38	497
0	2025
133	124
1	2
7	364
118	544
0	2263
3	7
3	364
0	350
0	220
0	360
7	131
29	173
0	292
0	234
0	316
2	168
0	337
0	306
0	337
0	13
0	196
0	343
0	294
0	213
1	10
0	0
0	11
0	58
0	37
0	0
1	25
0	30
0	29
57	26
34	181
0	226
13	2911
0	335
0	2755
1	841
0	0
0	17
2	45
2	58
0	723
0	1464
10	5
0	139
0	86
1	32
0	58
0	72
0	0
0	15
0	15
0	15
0	0
0	0
10	152
0	146
0	7
0	5
0	4
0	0
1	3
0	0
91	131
0	132
0	132
2	6
11	392
1	406
4	402
0	408
0	405
0	1
0	8
7	0
5	138
0	17
71	349
15	210
3	288
0	79
8	148
0	0
0	0
274	35
0	33
0	0
516	1525
1	1446
5	117
0	1417
26	296
0	898
0	172
2	35
3	56
0	0
0	0
2	0
0	0
0	0
0	0
7	0
53	2
4	391
0	0
73	1890
0	4493
0	4319
2	2372
0	0
0	130
0	4149
5	3985
1570	2055
1	0
18	487
0	2
0	178
0	107
3	99
29	349
0	251
0	1
0	1
0	1
0	0
0	0
0	0
0	0
0	0
0	0
1	0
0	4
0	2
0	3
0	0
0	0
1	3
0	0
0	2
0	2
2	1502
0	0
229	1318
36	564
0	213
1	174
0	612
55	0
0	0
0	107
47	107
9	9
9	101
0	92
0	92
0	23
0	22
0	18
0	19
0	19
1	19
0	1
0	2
650	2515
5	2431
13	990
102	231
1890	613
12	416
172	210
96	28
0	0
0	0
107	80
0	80
2	0
7	18
0	18
0	0
0	0
0	0
0	0
0	0
0	0
0	0
0	0
0	0
0	0
0	0
0	0
15	0
0	0
0	0
0	0
0	0
0	0
3	74
1	0
0	0
2	0
3	348
176	5156
0	4992
0	736
0	0
3	2049
0	417
6	990
0	312
0	602
1	1910
1	126
158	182
10	373
0	249
64	188
3	166
0	171
0	53
32	0
0	15
4	15
1	18
396	92
0	79
2	0
0	0
0	0
0	0
0	0
0	0
6714	4
19	9
0	0
0	3
0	3
0	3
0	9
0	7227
0	8568
19	5006
0	8945
0	161
4	8531
0	5045
0	4920
0	8645
1	979
1	594
0	290
13	1025
11	620
0	743
47	296
19	0
2617	12368
41	1497
8	12185
0	2202
5	36
4	37
0	37
2	0
7290	2
1	0
0	307
0	127
0	82
9	305
5	216
0	48
0	10
45	168
5	63
12	168
0	0
2	0
0	0
0	0
7	4
0	0
0	21
107	21
0	0
1	0
0	0
0	0
0	0
39	984
0	0
0	0
0	0
0	0
0	0
0	0
0	0
0	0
0	0
0	0
0	0
0	0
0	0
0	0
0	0
0	0
0	0
0	0
0	0
0	0
0	0
0	0
0	0
0	0
830	0
0	0
0	0
0	0
2	0
0	3452
2	0
0	0
6	131
0	131
0	131
0	83
0	0
0	0
0	0
0	0
0	0
51	325
1	294
0	201
14	6
0	4
0	14
0	12
1	1
0	3180
1	2970
130	743
0	7
6	121
0	96
0	0
112	266
2	128
0	206
0	0
14	962
0	178
0	3
0	3
0	0
0	0
0	0
0	0
1	22
6	20
0	0
0	0
0	0
0	0
0	0
0	0
0	0
0	29
0	0
2	5648
0	0
372	199
1	24
0	211
0	196
19	12
0	0
0	0
0	0
0	0
0	0
0	0
0	0
0	0
0	0
0	0
1	10
3	115
0	113
0	2
0	0
0	0
0	0
0	0
0	0
0	0
0	0
3598	1608
11	635
0	973
2707	520
24	7
0	0
38	2
1	45
0	0
0	513
15	322
0	0
0	116
0	0
0	0
0	0
0	0
0	0
1	0
1	0
0	0
0	0
6	0
1220	29
4	23
0	0
0	0
2	0
0	77
0	0
0	0
0	0
1	0
0	0
0	0
0	0
0	0
0	0
0	0
0	0
0	0
0	0
0	0
0	0
0	0
0	0
0	0
0	2
0	2
0	0
3	0
229	137
0	96
0	0
0	12
0	29
1	0
2	0
0	5
0	0
5	0
0	0
0	0
0	0
0	0
0	0
0	0
0	0
0	0
0	0
1	799
0	771
0	795
0	795
0	672
7	643
0	450
6	21
19	0
0	39
0	0
0	0
0	0
0	0
0	0
0	292
0	292
1	211
0	0
1	7
1	5
4	160
2	12
6	6
0	6
0	15
1	38
0	26
0	0
0	0
3	413
105	157
0	482
12	460
0	144
4	24
8	27
0	0
3207	7616
4	7524
0	0
294	790
0	0
171	978
11	596
81	643
3	575
0	110
0	30
11	60
0	17
0	1
2	1
0	1
0	0
0	0
696	0
0	15
33	5059
0	7602
0	7592
5	308
42	508
16	193
0	0
0	0
0	0
0	0
0	0
0	0
0	0
0	0
0	0
0	0
418	0
0	0
0	0
906	7187
3	5524
14	0
22	132
14	595
287	5354
11	1094
1	1058
4	974
0	0
0	0
0	0
0	0
0	0
0	0
0	0
0	0
975	356
19	356
4	0
0	0
3	19
180	11
15	0
25	24
4	16
11	8
0	0
0	0
0	0
0	0
62	10
0	8
1	12
0	0
0	0
0	0
0	0
3	274
0	43
0	0
0	0
1	0
0	0
2	10
0	0
0	0
0	51
1	51
0	0
1	0
0	0
138	61
0	0
0	0
0	0
0	0
0	0
0	0
0	0
0	0
0	0
0	0
0	0
0	3
0	1
0	0
0	0
0	0
16	1
0	0
0	0
38	8
0	0
0	0
78	3
14	3
17	0
4	0
1	0
0	0
0	0
0	0
0	0
0	0
0	0
0	0
0	0
0	0
0	0
1	0
0	0
0	2
0	0
0	0
0	0
0	0
0	0
0	0
0	0
0	0
0	0
0	0
0	0
1	0
0	0
1	1
0	0
0	0
0	0
0	0
0	15
25	4
3	0
0	0
0	0
0	0
17	5
0	0
97	5
1	0
3	0
79	19
0	3
30	14
0	0
0	4
9	84
0	24
0	42
11	97
9	0
466	42
53	139
2	154
19	19
0	14
0	6
2	1906
0	1998
0	1754
15	1591
0	0
0	0
0	215
13	329
18	302
1	69
2	193
4	49
0	0
0	136
0	2
178	1863
2	468
1	1358
0	0
6	1035
2	0
17	161
7	0
1	32
337	341
3	207
30	245
1	214
0	2696
5	2722
0	2728
2	2822
0	403
3	1444
0	101
86	681
7	33
0	274
0	0
5	0
146	13674
81	12924
10	11982
0	3807
20	997
1	24
0	4
0	13
0	6
0	3
0	15
22	16
1	6
3	3
0	2
4	2
0	6
0	0
0	10
0	0
1	0
0	0
0	0
0	0
0	0
0	0
0	0
0	0
0	1
33	47
17	18
16	15
0	0
0	0
0	0
0	0
0	0
0	0
0	0
0	0
24	9
0	0
0	0
0	0
0	0
0	0
0	0
0	3
0	8
1	12
0	7
0	1
0	6
0	0
0	0
0	0
0	0
0	0
0	0
0	0
0	0
0	0
0	0
0	0
0	0
0	0
0	0
0	0
0	0
0	0
0	0
0	0
0	0
0	0
0	0
0	0
8	0
74	69
0	0
0	0
0	0
0	0
0	0
0	0
1	0
0	0
0	0
15	1
0	0
2	0
0	0
0	0
0	0
0	1
2	366
2	22
1	253
0	279
0	0
1	242
12	83
0	205
0	205
6	161
374	60
0	16
0	60
0	60
14	13
0	10
0	9
0	10
3	7
0	8
0	3
0	0
1094	500
15	36
6	273
0	417
0	0
0	0
0	0
0	0
0	0
1	1
21	1
3	55
510	941
30	10
0	861
53	857
1	836
1	0
739	5348
1	793
9	4472
5	5271
102	2724
2	371
4	306
1	183
2	151
1	18
25	0
4	2577
0	2577
56	755
3	0
3	0
2	0
0	0
0	0
2	0
0	0
0	0
9	0
1	0
4	0
0	0
0	0
0	0
0	0
0	0
0	36
0	0
0	0
0	3
17	239
3	238
0	14
0	25
0	0
2	0
4	0
0	0
0	0
7	245
3	241
0	8
81	364
6	366
0	4
0	9
1	10
0	0
0	0
0	0
0	0
0	0
0	0
0	0
0	2
0	2
0	0
0	0
0	0
0	0
274	0
0	0
0	0
0	0
1	0
1	0
0	0
0	0
0	0
0	0
0	0
0	0
2	0
0	0
0	0
0	0
0	0
0	0
0	0
0	0
0	0
0	8
0	7
0	7
1093	16977
11	3741
0	5875
21	16095
0	3740
35	5877
13	1407
12	367
0	305
0	38
22	200
190	313
0	313
1	47
0	0
0	1324
6	1316
3	0
22	870
21	829
60	814
41	721
119	732
1	32
3	712
0	105
60	0
1	0
0	253
1	333
2	0
0	0
1	0
0	0
0	0
0	0
0	0
0	0
0	0
0	0
0	0
0	18
9	18
0	0
0	0
0	0
0	17
0	0
0	1
0	0
0	4
0	0
0	2
0	2990
1	3097
22	379
7	492
0	279
3	65
0	270
0	1998
0	1
0	0
0	0
0	1
4	211
4	242
0	180
0	209
14	3
0	51
0	10
4	17
0	1
0	0
0	0
0	0
0	0
0	0
774	127
6	127
0	0
69	2670
127	2517
5	397
2	123
8	125
0	65
32	641
1	878
1	648
5	727
2	23
0	0
0	0
799	291
0	0
0	0
0	0
0	0
0	0
0	0
0	0
0	0
0	0
0	54
0	0
4	6728
0	7169
21	291
0	7169
0	129
17	903
1	145
3	190
2646	1080
0	805
5	326
8	276
1	1187
0	1
0	3351
0	1522
1696	3767
0	1859
280	1053
20	85
6	530
4	532
0	551
5	156
0	0
0	129
0	0
25	3
0	3
0	0
67	594
6	413
18	591
3	7
148	11
0	11
9	0
1570	184
0	35
0	35
0	16
0	4
5	0
8	0
148	0
0	0
2	310
1478	239
5	19
1486	1612
83	1608
2	461
16	178
3	1195
1	983
46	891
1	723
29	416
1	209
0	483
0	444
0	0
0	0
0	0
0	0
11	510
86	520
1	514
4	506
10	120
0	385
0	8
0	0
0	0
0	0
0	1
4093	2
0	0
0	0
0	0
0	35
1	542
2453	542
8	72
0	0
88	12
27	12
32	0
1	0
6	0
1991	8121
75	8202
8	989
68	376
408	911
44	1423
10	801
0	0
1	0
0	0
0	0
0	0
0	0
0	16
0	0
0	5
14	26
1	19
0	1
0	3
0	86
8	117
2	154
0	50
1	146
0	82
0	0
0	118
0	47
0	79
2	4
16	107
0	16
7	60
0	0
9	3
1	0
0	0
1	45
900	109
0	19
7	32
0	0
0	0
0	1
0	0
0	0
46	0
74	123
0	101
0	125
0	118
0	90
3	5
1	189
3	210
0	95
0	94
0	72
5	7
35	7
23	4
2	0
0	0
0	0
0	0
1	95
0	1685
28	2350
896	3839
26	795
123	0
41	3177
5	470
54	0
0	0
0	0
0	0
1577	351
0	332
27	17
0	0
0	0
0	0
0	0
0	0
0	0
1	0
0	0
0	2
0	0
17	0
0	0
38	8523
14614	8527
2870	602
9	597
13	287
0	0
1271	1867
57	1851
13	355
2	671
0	870
0	0
5	686
0	494
57	342
2	314
4	221
44	0
445	740
7	452
51	590
18	0
0	0
0	0
0	0
0	0
0	0
21	0
0	0
0	0
0	0
13	0
0	110
0	155
0	121
7	86
6	117
0	92
0	94
0	30
0	0
0	0
0	0
0	0
0	0
0	0
0	0
1	0
0	0
16	0
15	176
2	42
8	99
4	131
6	104
0	37
0	0
0	0
0	1
1	11
0	57
1	37
25	57
0	24
4	0
3	0
0	22
0	0
3	0
0	0
0	0
0	0
0	0
0	0
0	109
58	204
0	80
0	2
0	24
0	69
3	180
0	27
0	94
0	67
0	192
6	6
0	32
0	0
0	0
0	0
0	0
0	0
0	0
0	0
0	0
0	0
0	0
0	0
0	0
0	0
0	0
0	0
0	0
0	0
0	0
0	0
2	487
4	282
0	193
25	196
0	1
542	1011
22	914
2	0
2	2708
529	2708
0	0
0	0
0	0
84	1958
0	320
7	258
1	1337
0	987
31	0
1	318
0	196
151	377
0	155
17	182
1	0
15	0
0	0
0	0
0	0
21	701
88	701
66	0
70	3
24	0
50	526
5	63
0	225
14	134
57	19
4	73
1	500
3	0
13	36
21	0
4	2
0	0
0	0
0	0
0	0
0	0
1	98
0	22
0	28
2	92
0	0
0	8
0	0
0	0
0	0
0	0
230	0
15	0
0	0
0	0
0	0
0	0
0	0
0	0
0	0
0	0
0	0
0	0
0	0
0	0
0	0
14	0
0	0
3	77
0	0
3	0
833	24
0	18
0	0
2	0
0	1997
4	2
439	2706
2	74
0	93
0	2425
0	344
2	884
0	1
1	43
0	10
0	35
0	40
0	5
0	5
0	0
0	4
0	0
0	11
0	7
0	44
0	11
0	11
0	2
0	3
2	8
0	5
2	376
37	1076
4	1035
0	86
0	60
0	0
0	0
70	0
4	53
9	21
2	0
0	0
0	0
0	0
0	0
0	0
0	0
0	0
0	0
0	0
0	0
0	0
0	0
0	0
0	1
0	0
0	0
0	0
20	1
3	0
0	0
2	0
0	1
0	0
1	0
15	0
0	0
0	0
0	0
0	0
0	333
0	0
0	0
6	184
0	0
0	0
0	0
0	0
0	0
0	0
0	0
0	0
0	0
0	0
0	0
0	0
0	0
0	0
0	0
0	0
0	0
1	467
0	0
0	0
508	0
0	0
0	0
0	0
0	0
0	0
0	54
0	0
869	1224
11	1003
1	878
10	109
45	578
70	0
67	1000
345	1517
0	741
104	328
2	300
5	493
0	0
0	5
0	5
0	0
0	0
58	2608
133	2608
409	0
8	167
157	167
0	0
1185	15175
4	15175
143	795
75	3
41	217
0	0
740	4063
4	2767
9	167
6	305
112	23
59	39
47	1385
104	2
24	117
0	0
261	119
1	0
1	0
260	94
5	72
6	69
0	18
0	5
3	0
0	0
0	0
109	20
817	13229
0	3284
67	11967
0	0
0	0
0	0
0	0
0	0
0	0
309	257
0	0
1	257
0	0
0	6
8	6
1	0
0	4
0	0
0	0
0	0
1	0
2050	0
0	0
0	7
0	0
1	0
0	0
0	0
0	0
0	0
0	0
0	111
1038	1131
1	488
0	0
0	698
0	0
0	0
88	1206
0	1206
1	594
0	262
5	0
1	165
5	223
2039	114
1	3
0	77
0	5996
0	5990
0	77
0	5996
0	5996
801	1852
1	1670
11	4
0	212
3	119
0	15
18	125
3	0
1	2169
249	2316
31	1453
23	1239
0	174
10	123
1	3
0	3
27	3767
188	3768
1	156
5	171
11	41
0	336
0	0
2	91
0	89
0	4
0	0
27	178
24	97
8	74
114	86
4	0
12	2
364	6919
0	710
0	312
46	625
0	4398
0	202
58	2546
0	152
0	12
0	7099
3	405
0	202
15	325
0	2546
0	152
0	12
0	6428
0	5384
8	12
560	212
4	47
50	87
0	302
0	926
5	518
0	770
0	696
0	366
2	1594
0	4
602	2192
0	1803
3	883
1680	1036
0	1034
1	0
1	0
1	0
122	4120
0	4122
0	4178
0	4137
0	134
14	42
1	3393
6	46
53	938
0	223
7	1915
0	1643
22	0
8	0
0	1
264	174
1	24
0	25
1	172
2	38
0	1
2	17
0	0
0	0
0	0
0	0
0	0
0	0
0	0
0	0
195	95
9	95
5	22
2	37
0	0
0	0
0	0
0	0
0	0
0	0
0	0
0	0
0	0
0	0
0	0
0	0
0	0
0	0
0	0
0	0
2	0
0	0
0	0
0	0
0	6
1	6
0	4
0	0
0	0
0	0
0	0
0	0
1215	73
8	56
5	67
5	72
1	124
0	168
13	63
0	0
4	107
0	151
0	2
1	1
1	0
3	0
0	0
2311	14
2	10
0	65
171	65
0	0
0	0
8	0
1	0
0	2
0	0
0	66
7	66
508	0
0	0
0	0
0	0
0	0
0	0
0	0
973	2548
0	2454
8	102
0	49
12	196
75	221
7	221
2	45
750	1
1	910
10	818
17	423
2	494
0	412
0	394
1	188
0	241
13	176
1	102
1854	491
87	489
0	88
19	165
13	2514
0	0
0	428
151	3326
0	3016
0	2856
0	3078
4	333
0	2861
0	1348
11	2610
0	2509
0	226
9	3030
0	2869
0	3039
7	208
0	2702
4	1
2	2514
4	2044
0	584
122	238
0	413
1	21
27	417
152	1337
0	118
8	1242
0	292
0	0
0	0
0	0
0	0
0	0
0	0
0	0
0	0
0	0
0	0
0	0
0	0
0	0
0	0
0	0
0	0
0	0
0	0
0	0
0	0
0	0
0	0
0	0
0	0
0	0
0	0
0	0
0	4
1	4
2	5
0	6
0	0
0	0
0	1
0	0
0	0
0	0
0	0
0	0
0	0
0	0
3	0
0	0
0	0
0	0
0	0
0	0
0	0
0	0
0	0
0	0
0	0
0	0
1	0
0	0
3	0
0	0
0	0
0	0
0	0
0	0
0	0
0	0
4	167
0	0
1	0
5	68
0	46
0	42
0	20
618	383
0	359
39	194
152	2943
14	2995
2	1156
45	373
0	0
0	140
90	4
10	56
20	430
25	1361
72	1078
1	1239
33	499
0	10
0	201
6	864
79	1
165	0
324	20
0	0
0	1225
102	609
0	1185
2	1390
1	597
0	416
0	479
0	441
0	489
4	781
3	137
0	282
1	0
2	114
14	768
1	768
34	197
1	14
0	0
0	23
0	46
1	56
0	28
16	724
51	713
9	4
3	302
1	132
8	17
1	69
50	71
0	0
0	0
0	12
0	1
0	1
0	12
0	0
0	0
0	0
0	0
0	0
0	0
0	0
0	0
0	0
18	0
174	287
0	55
0	9
0	61
0	213
0	208
0	193
12	0
0	0
2	0
0	104
0	0
1	7
0	42
0	0
0	0
51	0
35	48
5	47
0	0
0	0
0	0
15	1298
0	0
0	0
0	0
0	0
0	0
0	0
0	0
0	0
0	0
4	0
0	0
0	0
0	0
0	0
0	0
0	0
0	0
0	0
1	0
1	9
0	0
0	0
0	0
11273	1229
18	1226
1139	1902594
0	864
0	528
26	33
6	33
0	17
41	3749
32	3749
1084	3740
0	2287
2816	0
157	478
0	221
275	0
1	39
0	266
19	302
10	0
1	0
0	0
93	62
4	0
0	62
0	0
21	172
662	891
0	921
55	355
191	2685
48	1202
146	376
4	144
0	62
18	733
13	1408
8	909
3	177
2	232
0	56
3	115
0	528
1572	1902629
0	864
3	0
94	21
0	21
7152	44
26	36
10	34
17	2
24	0
0	0
45	79
5	52
1	69
69	24
0	12
4	475
6	1760
51	1454
1	1374
0	65
0	0
30	10
7	151
851	96
0	87
0	52
18	319
7	316
0	45
0	79
19	13
47	0
0	0
4	0
0	0
0	0
0	0
0	1452
0	1463
0	1548
0	1423
0	1508
37	716
9	15
0	0
47	188
6	236
0	76
18	74
16	78
0	20
3	10
8	8
0	27
0	21
0	1
538	871
101	871
0	1
0	0
0	9
115	0
0	0
0	1492
0	1492
0	22
8	1053
0	772
0	1066
8	704
0	1042
0	1052
0	62
5	2
0	35
3	605
12	35
3	114
0	97
3	67
2	8
0	0
1	1
0	2
0	2
0	2
1	2
0	1
5	245
0	224
0	17
2	0
0	40
0	11
0	0
0	5
0	5
0	5
0	5
0	4
0	0
0	0
2	4
0	4
0	4
0	4
0	0
0	0
0	0
2526	681
0	665
22	14
0	0
25	0
0	0
0	0
0	0
0	0
0	0
890	581
40	346
0	552
7	23
0	0
0	0
0	0
716	1535
1	594
24	823
3	530
0	645
58	0
2	306
2	399
259	4376
9	3581
4	3733
2	3554
0	1771
57	50
22	3338
6	909
0	295
0	27
110	27
75	0
824	1229
0	645
6	376
7	683
0	1
0	1
0	0
2	314
1	370
47	275
0	260
1	285
0	215
5	195
0	92
10	106
11	0
38	0
201	704
3	704
0	19
0	0
0	1
81	83
2	83
0	0
0	0
1	0
0	0
0	0
0	0
0	0
0	0
0	0
0	0
0	0
12	3462
49	1135
49	1348
0	3460
0	0
88	3416
0	0
22	0
40	31
11	31
5	9
0	204
0	63
47	431
341	431
6	204
8	112
5	93
0	0
0	0
0	0
0	101
60	101
0	112
0	56
0	17
3	0
0	5
0	4
0	5
0	3
0	5
0	0
0	4
0	0
1	0
0	0
0	0
411	0
0	0
0	0
0	0
0	0
0	0
0	1
0	1
0	0
0	981
146	1101
0	964
34	38
0	0
0	1697
0	3
1	190
714	3698
898	2034
4	1786
12	114
59	0
0	0
0	0
0	0
0	0
0	0
0	0
1	0
0	0
0	0
0	0
0	0
0	0
0	0
0	0
0	0
0	0
2	0
0	0
0	0
164	66
17	66
31	393
1	474
8	600
0	0
345	127
0	1
3	126
127	61
0	33
1	78
40	91
0	21
0	74
12	4
3	14
11	0
0	0
0	0
0	0
0	0
0	0
7175	0
21	5
0	675
5	704
11	397
57	0
1	0
0	0
0	0
3	1
0	1
171	12232
25	3100
622	12918
9	0
24	698
5	128
16	668
0	0
7	40
639	251
60	117
12	85
3	113
21	148
17	197
5	0
0	0
0	199
0	0
0	6
2	6
0	6
8	10
0	10
1	0
0	0
0	1
0	0
0	0
4	0
0	0
0	0
0	0
0	647
67	647
950	664
1	194
6	148
2	0
473	1186
1	1174
0	370
0	13
83	0
26	152
0	0
48	260
0	60
0	87
1277	287
12	289
0	119
0	11266
106	11270
12	516
0	900
16	894
0	78
0	0
24	94
84	181
0	3726
0	2927
0	274
0	376
7	119
0	293
0	1569
2	267
0	32
0	35
0	32
0	35
0	36
9	29
0	0
0	0
0	0
0	0
1	0
167	2401
3	2393
1	8
0	0
0	0
0	115
5	158
3	97
0	367
0	152
0	152
3	69
13	0
26	97
0	97
1	84
7	91
0	12
0	8
2449	0
5	6
1	6
5	662
51	662
9	35
0	35
1	5
0	0
0	0
153	49
123	112
78	63
0	0
6	0
0	0
64	3465
2	1248
66	3109
7	7
4	9
15	7
3	132
4	257
2	12
31	695
197	2333
254	2348
74	294
0	8
31	286
0	0
144	582
19	352
0	369
0	347
0	361
96	85
379	8659
1983	8661
2196	722
10	293
6	382
1	382
1	382
0	235
0	165
19	186
154	279
0	24
0	32
2	58
2	0
1	2
55	2066
161	2066
1	729
5	0
2	110
42	0
44	0
39	0
0	0
15	0
0	0
100	0
26	4575
6	4507
320	31
40	2005
3	4717
0	3078
0	0
1	2896
2	0
1	0
0	0
0	0
1	0
0	0
0	0
0	0
0	0
0	0
0	0
0	0
0	0
105	2
11	872
145	872
2	0
157	0
0	0
7	0
30	0
0	95
0	1
0	0
0	1
0	0
0	1
0	0
0	0
0	0
0	0
11	3616
11	117
132	3616
0	0
1	40
55	351
1063	627
1	625
20	2
3	0
3616	488
88	1
1	479
2191	0
0	290
0	283
0	289
8	277
0	29
0	2
0	1
75	3939
0	90
0	3269
0	2422
228	450
30	450
2	48
23	20
14	15
5	13
0	0
0	0
75	0
6	0
423	1466
18	1417
0	772
7	516
19	0
0	0
788	1027
3	1025
0	390
1	17
0	14
2	16
0	1
191	1183
0	474
1	101
0	58
6	0
17	194
1	25
6	12
12	147
3	5
0	0
13	570
38	43
0	76
2	103
15	48
1	103
2	1
1	0
0	0
0	0
0	0
0	0
4	0
0	0
1207	1151
0	1149
0	379
0	24
114	0
22	1
4	12
5	15
101	18
1793	10265
6	1129
252	9558
145	305
4	477
2	3476
2	0
1	1051
0	0
7	0
1907	80
3	20
0	0
4	0
0	0
5	60
14	0
211	648
0	79
12	47
2	84
20	8
8	146
46	447
0	0
0	0
0	212
0	90
1	212
0	0
3	0
0	12
0	2
0	0
0	0
0	0
830	2228
34	1138
4	456
0	0
9	460
21	65
16	2767
0	60
23	2877
12	164
30	524
0	0
19	32
1	245
53	0
48	0
108	43
0	7
0	10
2	26
18	0
21	0
0	0
71	1228
2472	1228
110	3
0	0
0	0
16	0
42	6773
0	5497
42	6892
1	6248
0	6173
31	8335
113	536
64	3247
2	484
1	491
18	5898
112	6128
0	0
0	0
0	0
0	0
15	764
0	790
0	731
0	0
1	75
1	72
0	47
0	5
0	42
0	0
8	584
17	491
4	241
10	4
81	2
0	0
146	1
2	673
18	579
0	224
2	248
0	19
0	77
0	266
4	129
3	133
13	109
20	164
0	300
1	0
181	3682
25	3486
1	0
8	453
17	90
0	309
9	0
1	0
8	0
0	587
0	402
0	566
9	132
2	211
1	191
0	0
11	0
125	308
44	308
158	0
188	601
0	588
16	382
14	0
0	0
1	2449
240	2488
2	2426
43	1250
46	1
0	45
2	75
0	131
0	65
0	0
0	0
4	15
19	4715
28	4497
125	12
115	23
52	4553
0	4591
0	4647
13	1463
11	12
10	7
0	1
0	0
0	0
0	0
0	17
0	17
0	21
0	26
0	26
17	26
0	20
0	8
0	2
0	19
0	1
0	0
0	18
0	18
0	18
0	18
0	16
0	17
0	0
0	0
0	0
0	0
2	0
0	0
1	2
0	0
0	0
1	0
0	14
1	15
2	1
2	15
0	13
0	13
0	15
1	6
23	316
0	12
0	74
0	316
0	49
0	0
2	0
2	57
24	1675
77	1674
0	51
0	206
109	434
3	1
2	5
1	1717
0	119
15	0
1058	3163
7	348
5	159
11	452
1	34
0	584
537	22
16	329
8	2756
743	1152
1	195
93	23
111	22
0	37
0	235
28	351
0	4155
45	1527
10	483
45	3985
16	110
0	0
0	0
0	3
4	372
11	372
5	173
7	1763
0	1621
0	1592
0	883
0	991
0	771
0	246
0	157
4	224
0	89
0	0
11	77
0	0
1	45
0	0
27	0
1	2
0	2
0	2
0	2
831	0
2	0
1	0
213	79
42	206
0	120
5	189
0	69
0	0
114	14
1	14
0	0
0	0
0	0
0	2
0	2
0	2
0	1
0	1
0	0
121	10
12	9
0	86
103	135
2	38
0	128
0	9
2	15
1	3
29	0
3	1860
34	1838
0	945
2	31
1	96
125	0
2	0
17	0
5	6
668	1771
38	405
9	1067
2	458
0	530
3	456
1	1096
4	1667
0	994
44	0
15	1091
20	85
0	3
0	557
31	203
24	417
0	567
6	985
60	255
0	261
0	269
0	319
0	4
12	34
35	20
23	25
9	99
2	188
0	63
2	68
0	44
2	7
0	595
0	595
23	443
1	527
0	450
4	63
0	556
0	167
0	82
0	456
0	20
0	3252
0	3184
12	3258
2	3190
21	1738
1	1383
1	162
15	0
16	6
0	5
345	0
0	2
2	0
1	851
7	876
17	176
0	46
2	76
272	48
2	11
12	11
0	32
0	0
0	0
7	93
1	396
1	323
0	397
0	11
16	172
34	14
0	66
0	54
0	30
0	0
0	0
0	0
0	0
0	0
3	9
0	0
0	9
0	0
0	0
1568	5465
41	4911
13	554
26	380
40	338
0	2
4	34
1	98
6	279
0	126
5	114
0	308
13	200
0	200
0	195
0	14
0	19
0	6
3	73
0	2
0	2
0	0
1	0
1	3080
218	3101
10	0
0	256
0	199
0	68
19	332
0	68
5	122
89	812
1	812
14	240
2	1064
1	1796
0	1020
3	1557
224	306
10	67
22	172
10	186
14	0
3	14
1	14
0	11
1	0
4	0
0	5750
174	2806
208	1
26	644
0	742
0	1149
8	234
27	1
16	4191
22	26
2	731
8	1
14	224
13	58
2	42
1	55
2	0
0	65
0	65
0	28
1	4
0	2
176	869
2	360
4	558
0	142
9	339
7	355
1	301
0	230
0	775
0	759
22	180
6	643
0	0
0	0
26	130
8	94
0	71
0	28
0	6
0	36
24	34
3815	2
1296	2680
621	3562
0	1323
1	4
105	0
98	410
0	0
2	0
0	0
3104	1587
27	1156
0	1585
0	1285
0	0
13	0
3	230
11	230
0	230
0	2
0	0
41	0
2	0
0	0
0	0
0	0
23	2
0	2
574	810
0	646
79	72
0	107
1	34
0	112
35	259
16	249
0	763
1	609
0	678
37	179
1	692
0	32
19	71
4	87
3	690
0	581
3	4
1	97
0	368
0	119
2	207
0	91
0	101
0	0
508	2
0	0
0	0
10	27
3	442
27	638
0	291
0	576
0	148
0	95
0	0
91	902
11	902
7	0
70	17
28	1
0	0
0	0
1	3
0	1
0	4
0	2
0	1
0	0
0	0
0	0
0	0
167	0
126	55
0	15
0	11
0	11
4	12
0	0
0	32
0	0
0	0
0	0
0	0
0	0
28	842
2605	43
0	500
0	1113
2	151
0	1839
0	1839
7	67
0	81
0	55
2	29
0	109
1	591
2	0
0	0
0	0
0	19
1	23
0	23
0	0
0	0
0	23
0	0
0	0
1	25
4	25
0	10
342	611
1	596
7	23
26	232
7	506
358	511
1	366
5	0
104	0
3	231
813	0
0	0
0	0
0	0
0	0
2	10
0	10
0	0
5	933
2	1901
4	1711
0	1737
6	26
15	558
6	1277
433	3120
73	306
0	0
0	786
41	2095
9	6
0	6
0	3
2708	5744
98	3886
0	1554
28	148
0	1530
0	0
0	0
0	4
19	542
0	723
3	497
0	485
13	527
0	168
0	52
0	110
2	163
0	223
0	0
0	3
0	3
72	31
0	31
154	759
40	471
0	178
0	344
138	1118
2178	1114
19	0
0	0
0	0
0	0
0	0
0	0
0	1
0	0
0	0
0	0
0	0
0	0
0	0
0	4
0	2
0	0
0	0
0	0
0	0
0	0
0	0
0	0
0	0
0	0
0	0
0	0
0	0
0	0
0	4
0	2
0	0
0	0
0	0
0	0
0	4
0	0
0	3
0	0
0	1
0	0
0	0
0	0
0	0
0	0
0	0
0	0
0	0
0	0
0	0
0	0
0	0
0	1
0	11
0	2
0	0
0	3
0	1
0	1
0	0
0	0
0	0
0	0
0	0
0	0
0	0
0	0
0	0
0	0
0	2
0	0
0	0
0	0
0	0
0	0
0	0
0	0
0	1
0	2
0	0
0	0
0	0
0	0
0	0
0	0
0	0
0	0
0	0
1	4
0	0
0	1
0	0
0	0
0	1
0	0
0	0
0	0
0	1
0	0
0	1
0	1
0	1
0	0
0	0
0	0
0	0
0	0
0	0
2	6
0	0
9	408
4	410
45	7
0	411
0	0
9	319
0	0
0	0
0	0
0	0
0	0
0	0
0	0
0	0
0	0
0	9
0	10
0	0
0	0
6	8
0	0
0	0
0	8
0	5
0	0
0	0
0	0
0	0
0	8
0	6
0	7
6	0
0	0
0	0
0	0
0	0
0	0
363	2
0	0
0	0
0	0
0	0
0	0
0	0
0	0
0	0
0	0
0	0
0	241
27	384
0	33
0	20
0	33
0	23
0	0
18	0
0	0
0	0
0	0
0	1
0	15
1	115
17	6
0	0
3	80
18	75
8	32
0	0
0	1
4	3
0	1
0	0
0	2
2808	1439
0	1384
44	0
0	37
0	0
964	366
3	364
5	0
0	12
30	12
2	0
1	0
22	52
9	50
0	12
0	0
0	0
0	6227
0	5872
0	165
30	5355
29	3901
14	125
0	1398
9	506
54	431
11	278
0	0
0	0
0	1
0	0
0	0
1	0
0	0
0	0
0	0
0	0
0	0
0	0
0	0
0	0
6	41
0	0
0	0
0	0
0	0
0	0
0	0
0	0
0	0
0	0
83	36
6	36
5	0
6	0
0	0
0	0
0	0
0	0
0	0
83	993
0	0
0	0
0	0
0	0
0	0
0	0
0	0
0	0
1	0
0	0
0	0
0	0
66	191
0	124
0	36
0	119
19	0
20	50
15	12
7	0
116	0
0	0
6	0
91	185
0	185
7	0
1	44
0	44
5	0
0	0
0	0
1	170
6	15
19	3
0	100
0	10
0	159
18	2
29	0
11	0
1	0
2	7
2	857
0	526
0	862
1	455
0	286
1	312
40	83
1	2992
4	1802
0	2761
333	3024
135	22
10	404
4	1224
1	535
0	790
22	0
50	0
8	762
10	633
1	602
15	135
22	113
12	114
0	32
0	9
0	7
0	9
83	0
4	8
0	8
2	4
10	0
1	4
10	0
0	142
0	132
0	45
0	53
0	39
0	17
6	0
0	27
0	18
0	0
0	0
0	0
0	0
0	203
0	0
2597	1249
37	1237
0	1237
10	166
0	46
0	35
0	0
0	0
4	10
29	0
0	0
0	296
0	0
27	0
63	0
11	0
20	271
2	271
1	0
13	0
0	0
0	0
0	0
0	0
1	0
0	0
0	0
12	0
0	20
30	37
0	37
0	20
4	0
14	1
0	0
9	0
11	12
0	12
0	0
14	209
0	6
0	266
18	6
0	2
0	263
3	0
4	7
1	69
3	0
0	27
0	27
0	2
0	27
0	0
0	1
0	1
0	0
6	796
2560	1842
7	917
5	533
646	101
6	11
10	90
0	0
7	6
1	6
436	43540
45	5918
4	38495
56	6511
0	0
0	0
19	7
0	5
10	2
26	381
2	378
1	70
1	29
3	24
27	0
12	3
0	73
12	191
25	0
0	45
0	0
0	0
0	0
6	16
55	210
0	204
7	93
1	140
0	17
0	114
8	0
0	43
12	2
0	7
10	0
7	0
7	22
0	0
5	718
3	687
6	494
1	685
1	56
0	663
4	118
12	7
0	131
0	21
3	120
0	118
0	116
0	3
0	0
0	5
0	0
3	0
0	0
491	2107
0	2107
49	22
0	22
16	44
0	107
0	0
2	0
0	25
0	162
0	1
0	0
0	0
0	1
0	0
0	0
135	5039
500	2616
74	4642
3	245
35	620
88	1587
17	197
121	564
6	24
7	17
0	12
0	12
0	10
0	0
0	0
0	0
0	0
0	0
0	0
0	0
0	0
0	0
0	0
0	0
0	0
0	0
0	0
0	0
0	0
1665	1514
0	0
14	1518
9	1125
0	1440
8	386
1	369
4	109
1654	4359
0	3374
0	0
2	281
35	1196
0	653
0	0
4	203
14	0
2011	370
0	41
1	305
0	344
7	267
672	1161
0	1143
175	1098
0	11
3882	6
0	0
2	0
0	0
0	0
0	0
0	1
0	1
5	288
20	33
10	23
0	275
0	3
1	7
2	0
10	3076
175	3076
3	694
0	0
31	2111
45	2111
0	510
820	63
4	32
1	31
2536	483
2	116
0	246
0	181
53	0
1	0
0	97
166	4
0	0
0	47
0	4
252	473
3	405
5	405
402	0
270	69
8	69
1868	0
0	0
2724	2792
0	2825
191	1447
20	1282
138	1132
0	0
83	0
22	4151
3	0
0	0
2	29
0	29
0	0
3	0
0	0
0	29
0	30
0	3
0	4
0	2
0	0
0	1
0	10
0	14
0	13
0	3
0	0
0	0
0	0
0	0
0	0
0	0
180	639
6	536
14	639
0	63
0	0
0	0
0	78
1	82
1	75
0	4
0	77
0	15
3	15
8	2992
2	2917
0	251
38	19
1	2385
7	74
167	0
100	908
0	286
0	181
0	664
3	453
1	571
42	706
7	323
82	779
24	176
15	165
6	459
196	0
2371	436
0	0
8	28
0	25
0	22
0	2
0	1
9	22
0	22
0	0
0	0
0	0
0	0
0	0
0	0
0	0
0	0
0	0
0	0
0	7
0	8
0	8
0	0
0	0
0	1
0	0
0	0
0	0
0	1
0	1
0	1
0	0
1	1
1	0
0	0
0	1
0	1
0	0
0	0
0	0
0	0
0	0
0	0
38	14
0	14
0	0
0	0
0	0
1	0
0	0
0	0
0	0
0	0
0	0
0	0
0	0
8	4
7	121
0	106
0	121
2	0
4	49
165	289
3	140
13	90
0	273
1	2
0	2
2	1
0	1
0	0
0	0
0	25
0	0
0	25
1257	0
0	0
0	0
0	0
0	0
0	0
0	0
719	3243
0	181
0	2468
10	906
0	17
0	177
381	312
65	651
14	34
3160	2440
12	2366
5	2213
0	2183
0	2273
8	236
0	333
1	0
0	0
164	0
0	681
0	684
44	402
0	0
1	0
29	12
1	12
1107	1
0	1
10	82
556	487
4	405
0	0
0	0
0	0
0	0
0	0
0	0
0	0
0	0
0	0
0	0
0	0
0	0
0	0
0	0
0	0
0	0
0	0
0	0
0	0
0	0
0	0
0	0
97	0
11	0
3	0
1543	0
0	87
8	56
7	89
72	1482
741	2132
155	730
0	680
0	0
61	650
38	148
719	171
13	0
13	0
0	0
0	0
0	6190
5	3802
0	4644
3	968
0	3975
143	2143
0	3145
0	950
33	5762
0	382
0	911
0	1705
12	4102
66	1493
3	618
0	160
1	1989
21	1053
48	2
46	342
0	0
0	0
0	0
94	737
32	742
184	774
0	764
1	20
0	731
15	0
0	0
0	0
0	0
0	0
0	0
0	0
0	0
0	0
0	0
0	0
0	0
0	0
0	0
0	0
0	0
0	0
0	0
0	0
0	0
0	0
1	0
1	1
0	0
0	0
0	0
0	0
0	0
0	0
0	0
841	569
1	455
17	569
612	4605
96	2863
11	2916
13	178
14	1733
3	1256
0	1
17	635
73	428
0	428
1	1
2280	435
5	429
203	85
0	85
0	0
4	3
1	3
2	2
1	0
245	385
0	4187
8	2655
1	4191
1	2216
0	0
10	3813
1	138
1	1749
0	0
0	0
0	0
0	624
0	593
2	595
14	323
0	563
0	0
2	178
52	390
0	198
378	2515
1335	2517
0	0
0	0
3	187
0	0
110	0
4625	544
8	542
108	14
2	9
2	5
8	54
10	54
0	0
30	6
5	61
5	61
1	5932
2	5765
66	6064
9	3781
1	0
12	1167
4	1348
0	0
12	479
0	22
1	8
0	145
0	1
25	145
1	1
19	0
0	0
0	83
0	16
0	16
0	8
0	6
2	0
0	1
0	0
0	0
0	0
0	1
0	45
0	45
0	33
0	33
0	39
1	36
0	21
0	15
0	1
0	0
0	0
0	0
51	109
32	207
0	163
0	0
2	192
0	38
0	0
0	63
0	0
266	131
0	95
0	87
12	43
1	11
0	0
0	0
0	0
0	0
0	0
0	0
0	0
0	0
0	0
0	0
0	0
0	0
0	0
0	0
0	0
0	0
0	0
0	135
0	115
0	107
0	0
0	28
0	24
0	46
1	465
0	66
0	93
0	7
0	17
0	64
0	138
0	26
0	0
0	0
0	85
4	23
0	64
0	47
0	99
3	20
0	20
0	150
0	0
0	0
4	11
1	80
0	23
0	125
0	0
33	27
0	85
0	255
0	0
0	12
9	16
1	19
0	0
1	6
3	15
4	14
0	0
2	10
0	185
0	124
0	102
0	0
1	10
0	96
0	480
1	174
0	240
0	111
0	0
0	87
0	140
1	150
1	256
0	203
0	350
0	474
32	191
2	78
0	0
0	72
0	437
0	145
0	279
0	339
0	352
0	350
0	116
0	41
0	0
0	0
1	40
0	20
0	0
0	153
0	19
0	0
0	0
1	2
0	0
1	125
35	3
0	0
0	22
0	38
0	28
0	0
0	0
0	0
0	0
0	0
0	0
0	0
0	0
0	0
0	0
6	4
2	3
0	0
0	0
0	0
0	0
0	0
0	0
0	0
0	0
0	0
0	0
0	0
0	0
0	0
0	0
0	0
0	0
0	0
0	0
0	0
0	0
0	0
0	0
0	0
0	0
0	0
0	0
0	0
0	0
0	0
5	26
0	3
1	19
4	25
0	0
0	0
0	0
0	0
0	1
0	14
0	5
0	0
0	2
10	2
0	0
0	0
0	0
0	0
0	0
0	0
0	0
0	0
0	0
1	4
0	0
0	3
0	5
0	0
1	1010
0	0
1	0
0	0
0	0
0	0
0	0
0	0
0	0
0	0
0	2
0	3
13	7
0	4
0	0
2	7
0	7
0	30
0	0
0	0
243	19
4	1275
26	2912
3	46
0	19
4	22
0	21
2	11
0	7
11	8
2	8
498	3410
978	3221
16	3059
4	3081
19	0
3	0
0	0
17	0
32808	4262
15	991
0	1339
2	647
8	217
11	574
6	168
5	480
0	0
0	0
0	0
0	0
945	19880
6	19841
2	1250
2	2428
13	4080
0	3282
1	1601
7	1384
38	208
0	129
78	71
679	229
1	58
3	65
5	142
0	7
5	7
1	9
0	0
0	0
11	0
0	31
137	266
16	265
116	22
8	570
2	498
1	222
1	139
1	22
5	190
0	93
12	129
5	146
29	152
0	135
3	36
13	0
0	972
23	324
0	969
2	805
29	149
1	24
102	532
7	485
1	484
0	426
23	509
2	508
1	13
0	0
5	0
0	0
1805	1937
0	1937
0	0
72	0
0	0
11	1824
23	1924
20	101
0	1864
0	510
9	12
0	1
0	11
0	0
2	0
4	954
4504	2170
5	348
9	267
0	518
0	200
3	308
0	0
0	23
0	1
3	81
1	80
0	2
0	4
0	6
0	0
0	13
0	79
5	0
0	2
4	36
103	954
0	907
0	137
20	879
0	73
0	298
0	362
0	51
5	117
0	185
1	0
0	146
1	0
0	0
32	11187
0	1986
40	221
51	1894
0	10252
12	8763
6	2767
0	1319
8	7244
15	785
5	1634
0	2216
4	5237
0	1280
0	139
0	5
5	2428
36	654
0	0
3	16
2	16
92	3038
0	3090
116	2954
3	284
3	2258
22	2830
188	1239
1	5
0	277
10	0
26	9
16	443
0	274
55	1807
1089	3072
0	626
0	274
0	1013
13	86
55	401
0	402
0	44
0	0
223	789
13	791
1	38
0	8
272	239
8	239
2	54
36	191
0	2
0	0
189	2106
2	2328
5	2043
68	2048
18	1993
9	368
2	99
1	31
21	81
4	295
0	129
4	140
0	29
0	15
0	2
39	219
0	13
0	15
0	7
66	375
3	166
0	147
2	369
0	148
0	79
2	17
310	825
32	781
10	0
5	44
1	15
0	1
59	169
5	178
7	99
2	81
51	0
29	653
417	2478
20	2250
6	264
25	286
0	10
0	0
0	0
0	0
0	0
0	0
0	10
0	8
0	1
0	0
0	0
1	4
67	176
0	16
9	11
3	2
0	0
0	0
0	19
4	7
0	141
0	0
428	13
0	11
0	1
0	0
0	0
0	0
0	0
0	0
0	0
0	0
1	0
0	0
41	7
0	7
285	601
1	0
247	601
8	64
0	12
1	64
0	11
177	115
1	24
6	2
0	112
21	40
3686	4402
0	3992
41	372
5	1911
5	394
7	2188
13	1416
2	349
0	0
0	166
6	986
75	1042
1	101
85	0
0	0
17	7899
0	4393
0	7673
0	7899
26	6283
8	64
0	0
11	284
38	208
3	16
1	309
5	219
0	0
7	227
6	37
1	210
5	0
0	17
1842	7596
47	99
0	99
47	1750
59	1700
90	50
77	1
0	1
0	0
0	0
0	0
513	278
6	9
0	88
8	17
8	96
0	60
6	25
0	51
0	37
0	0
0	0
61	464
0	373
16	341
23	353
8	86
26	0
784	419
3	16
8	9
41	251
11	89
3	0
0	537
0	49
12	542
0	542
0	110
1	87
0	50
8	54
0	113
128	9
0	15
58	132
0	51
2	0
13	1199
4	1920
1	1149
6	96
10	1136
0	0
8	0
19	1
0	2
0	2
0	0
0	1
0	1105
0	1067
0	1009
0	1194
0	1079
1	749
5	144
2	72
691	678
7	636
0	678
1	497
1	124
3	116
3	6467
57	5141
229	10109
15	5575
25	477
9	6645
50	625
0	15
234	624
8	57
1	74
0	561
0	0
45	0
0	0
83	37825
10335	37831
0	0
0	0
1	21
3	21
15	229
48	229
0	0
5	40
5	40
2	6
1	6
0	0
1	39
0	0
0	0
13	12
0	12
64	997
216	997
0	0
0	0
0	0
0	0
0	0
0	0
0	0
0	0
0	0
0	0
0	0
0	0
0	0
0	0
0	0
0	0
0	0
0	0
0	0
0	0
0	0
0	0
0	0
0	0
0	0
0	0
0	0
0	0
0	0
0	0
1	0
0	0
0	0
0	0
0	0
1	0
0	0
0	0
0	0
205	23
0	0
101	1
0	0
39	0
0	0
56	0
0	85
0	0
0	32
0	0
0	0
97	0
0	0
0	0
0	131
53	131
0	0
28	0
3	0
0	0
0	0
0	66
33	66
0	0
0	0
0	0
114	2
0	0
0	0
0	1
0	1
0	0
0	0
0	0
0	8
0	8
0	11
1	11
200	0
0	0
0	0
20	0
0	0
2	0
0	0
0	0
0	0
17	0
6	0
0	0
0	0
3	0
0	0
0	0
8	0
154	0
0	0
0	0
0	0
0	5
5	5
0	0
2	2
0	0
255	2
139	0
0	0
1	0
0	0
0	0
0	0
0	0
0	9
10	9
9	0
0	33
7	33
0	0
0	0
107	195
0	195
0	231
72	231
0	0
0	0
56	0
0	0
0	0
0	24
7	24
0	0
155	0
0	0
0	0
0	0
0	0
252	0
0	0
0	0
1	1
0	0
301	1
0	0
95	153
0	0
0	18
13	18
0	0
89	1
0	0
1619	153
0	0
0	0
0	0
0	0
35	154
0	154
0	0
5	0
0	18
15	18
0	3
0	0
0	0
0	0
35	1
0	0
0	0
0	0
27	36
0	28
0	0
0	22
9	22
0	1
0	1
0	0
0	0
508	3
0	1
0	0
0	0
0	0
263	36
0	0
0	0
0	0
0	0
0	30
8	30
1	0
0	1
30	24
0	0
0	0
0	0
0	0
0	0
0	0
203	0
0	0
0	0
0	80
25	80
0	0
0	0
0	0
0	0
0	0
0	89
68	89
0	0
0	1
0	1
0	0
0	0
0	0
69	6
322	16
0	0
11	62
0	61
1039	26
0	0
2	0
0	0
328	1
577	6
0	0
0	4
0	4
1	12
0	0
1	0
0	0
68	6
84	0
21	51
0	51
0	0
18	27
0	8
0	2
0	0
0	0
0	0
0	0
0	63
3	75
3	219
0	0
0	0
0	0
14	0
0	0
371	17
0	0
0	0
0	0
0	0
0	0
0	0
84	1
0	3
0	3
0	0
0	0
0	0
9	37
0	37
36	38
0	38
0	0
0	0
0	0
0	0
0	63
2	75
623	226
0	0
0	0
0	0
0	0
10	49
0	49
0	0
0	0
0	7
81	8
0	0
0	152
83	152
0	0
0	95
84	95
0	82
48	82
0	0
0	0
0	0
1	42
62	4
157	0
0	0
0	0
0	156
69	156
0	4
3	8
6	13
49	0
0	0
53	951
6	44
145	953
59	0
0	30
51	36
0	9
0	3
0	16
0	0
0	0
0	10
0	0
0	0
0	0
0	0
17	82
41	282
0	136
4	4
1	0
21	141
0	0
1	49
0	54
0	0
7	0
5	9046
92	4313
25	5491
24	405
2	481
110	328
128	6725
46	6643
243	0
1319	594
2	66
2	62
15	57
36	0
882	484
0	0
0	0
3	36
4	730
17	1149
15	160
33	1144
1	8
3	0
1	0
0	0
0	0
0	0
0	0
0	0
2	0
26	1368
28	148
1	0
2	0
6	0
18	613
4	1139
62	51
7	0
37	0
0	11
0	0
555	306
19	146
0	276
0	45
15	45
0	3
0	3
168	0
494	499
29	497
1	7
0	0
4	0
0	0
0	0
0	0
0	0
0	0
27	0
0	0
0	0
0	0
0	0
0	0
993	236
14	236
10	146
22	1689
0	816
0	816
0	1
30	818
52	818
0	815
0	0
0	0
0	0
1	1
0	0
0	0
2	0
0	2
0	1
0	0
0	1
2	1
0	0
0	0
0	0
1	3
0	0
0	0
0	2
0	0
0	0
3	5
0	0
0	0
0	0
0	0
0	0
0	0
0	0
0	0
52	295
0	0
1	1
3	2
0	2
0	0
2	23
0	1
0	39
0	4
1	4
3	32
0	6
22	4
0	10
0	3
0	3
0	3
1	0
311	15588
0	685
74	5352
439	332
0	14268
0	666
30	5552
0	25
47	1298
20	1830
78	0
787	2231
0	1931
0	9
6	23
56	1249
46	300
12	13
3	47
456	74
1	0
0	54
19	20
0	0
2	0
0	0
3	0
0	0
0	0
1	0
0	0
0	0
0	0
3342	8844
1	675
27	7820
9	1833
13	541
30	382
35	0
12	14
1	109
66	109
0	0
0	0
0	0
0	1
148	2939
0	2938
0	470
10	0
9	0
0	11
0	11
1	0
0	0
1133	1644
137	1428
0	338
488	1644
0	1491
0	392
0	55
1928	421
0	0
0	0
2	0
0	0
0	0
0	0
0	1
0	0
0	0
0	0
0	1
0	0
0	0
0	0
0	0
0	0
0	0
0	0
50	967
0	834
0	136
1	26
0	618
0	618
0	592
0	0
0	0
0	0
0	0
1	0
0	0
0	0
0	0
0	0
0	0
0	0
0	0
0	0
0	0
0	0
0	0
0	0
0	1
1	1
0	1
9888	2975
5	2955
15	2344
11	0
0	4
0	4
0	0
0	0
0	0
0	0
0	0
0	0
0	0
0	0
11	1683
224	1671
0	32
1	91
0	294
8	213
3	115
1	28
35	1734
525	4996
1	4844
3	333
0	608
0	679
33	263
669	3192
25	180
24	2859
17	922
3	1468
1	696
1	339
0	0
0	0
0	0
0	0
0	0
0	0
0	0
0	0
0	0
0	0
0	0
0	0
0	0
0	1
1	1
0	0
0	1
1	0
0	0
0	0
0	1
0	0
0	0
4	22
0	0
1	0
0	0
4	0
0	730
3	771
0	47
0	48
0	43
20	0
5	17
0	118
25	0
0	153
0	55
137	224
6	178
0	88
0	76
0	42
0	16
6	6
7	0
3	0
5869	1981
5	1208
0	882
4	1174
12	520
0	0
0	1
0	0
0	0
0	0
0	0
0	0
0	0
677	2238
0	0
2	2177
8	31
11	69
0	445
0	0
0	0
0	0
30	8344
1	3618
10	147
1098	7694
10	0
0	267
2	54
0	0
151	3678
1	2
0	0
0	0
530	1562
25	1219
1	1299
25	0
59	0
203	0
33	0
57	0
37	0
20	0
8	745
0	0
0	0
2	0
0	0
0	0
1	2948
0	2750
0	2688
0	2731
51	1712
1	2696
0	2782
0	888
0	1332
0	1120
0	0
0	203
1	1088
0	307
0	657
29	89
6	514
0	588
3	0
0	269
0	432
7	231
0	70
5	341
0	27
0	133
137	0
0	0
60	0
0	0
0	3
42	67
0	52
0	0
5	0
22	0
6	13
1	0
2	0
0	8
0	0
0	0
0	0
0	0
0	0
0	0
0	0
0	0
0	0
0	0
0	0
1	1
0	0
0	0
0	0
0	0
5	576
0	576
0	2
6	1
0	95
9	9
2	31
2	76
3	5
0	10
3	4
8	138
5	23
3	0
3	1
0	0
31	0
0	0
0	0
5	0
430	470
0	143
0	50
4	308
1	52
2	4
0	4
0	2
0	0
0	0
0	6
0	2
0	67
1495	1781
0	556
1	129
1	1075
0	0
3	75
6	63
4	1834
9	1267
0	1832
0	1620
0	1682
89	1791
15	664
9	277
8	150
1	0
37	0
0	0
0	0
4	143
207	160
15	142
0	137
0	0
166	1026
1	272
0	287
0	786
51	48
3	860
79	445
5	322
0	0
0	0
0	0
0	0
0	0
0	0
6	18
7	2
0	0
0	0
0	0
0	0
0	0
3	0
0	0
0	0
0	0
0	0
0	0
0	0
0	0
0	0
2	0
0	0
0	0
0	0
0	0
0	0
3	0
0	0
0	0
0	0
0	0
0	0
0	0
0	0
10	2295
1	5
0	0
0	0
0	0
0	0
0	42
0	0
12	1503
13	1360
23	1346
330	1291
3	193
0	203
0	178
0	0
0	0
0	0
1	1
2176	3054
6	2682
1	0
0	364
4	0
0	557
1383	1409
26	1128
1	75
2	0
14	260
29	18
1	2
0	1
108	5
1	0
0	4
0	0
19	15
4	4738
0	0
0	0
445	1171
32	204
2	978
0	163
0	60
13	665
0	974
0	0
2	19
0	0
2	144
0	0
0	310
29	66
8	197
8	538
18	148
11	230
0	781
0	744
26	579
2	178
39	92
7	91
0	92
15	265
16	219
32	193
1	0
805	954
0	839
2	257
1	141
6	473
11	314
0	303
0	210
5	98
8	141
0	60
0	17
0	712
3	2370
97	2509
6	2457
41	792
1	8
0	207
0	0
0	0
119	4
230	964
141	0
121	743
7	156
0	0
3	4
0	3
0	3
0	0
0	0
0	0
0	0
0	0
0	0
0	0
2	0
0	0
0	0
0	0
0	0
244	669
5	670
82	496
1	542
1766	2718
0	2718
0	0
6	601
45	601
0	129
0	0
0	0
0	5
12	275
0	0
0	0
4	0
2	0
3	48
0	0
2	34
261	49
1	0
0	0
0	0
1	0
1	0
0	0
0	0
0	0
0	0
0	0
0	0
1360	382
0	374
0	0
0	0
0	0
0	0
0	0
1	1
0	0
0	0
1	39
0	0
0	0
26	0
0	0
0	0
0	0
0	0
0	0
0	0
0	1
0	0
0	0
0	0
6	19
0	19
1	0
4	212
83	653
207	651
18	0
625	3629
120	3596
0	3095
19	442
6	143
51	0
0	0
120	0
24	810
0	289
0	0
0	0
2349	641
5	635
0	0
13	1
79	0
12	18
4	0
0	0
0	134
745	779
2	683
57	56
0	120
27	4
27	312
0	0
0	0
0	0
0	0
0	0
0	0
0	0
0	0
0	0
0	0
0	0
5	1
25	133
2078	652
0	453
24	66
64	0
0	0
1	37
1	41
0	43
1	4
0	0
0	0
0	0
0	0
0	38
0	0
0	5
0	0
0	0
0	0
0	0
0	0
0	0
0	0
0	0
5	0
0	0
0	0
0	0
0	0
0	0
9	0
0	0
1	0
1	0
0	0
8	0
2	396
0	1042
1	903
0	1106
1	306
2	766
3	678
11	593
123	288
0	2
64	4
1	0
0	0
0	0
0	0
147	50
0	27
0	27
0	18
7	117
0	132
0	71
0	70
0	0
0	0
0	0
0	0
0	0
0	0
0	0
17	0
28	3
1	3
0	0
0	0
1	0
3	47
46	206
278	531
9	389
2	4
0	192
25	0
0	114
0	0
71	65
28	0
18	0
0	0
0	0
0	1
67	34
17	20
1	34
1	0
0	0
3	0
0	1
0	1
0	1
0	0
0	2
0	2
0	2
0	2
0	0
0	0
0	0
1	1
0	1
0	0
0	2000
0	2000
50	260
2	1739
0	1496
2	438
9	9
0	0
0	0
0	0
0	0
0	0
0	0
106	308
16	308
6	305
0	0
8	1529
0	1271
4	1541
0	38
7	1030
56	1189
2	500
0	0
5	30
0	0
0	48
0	57
0	59
0	52
0	58
1	54
0	36
0	25
6	0
10	1748
244	1748
0	0
22	0
0	0
0	0
19	37
0	36
0	0
0	0
2	518
14	103
1	1
0	1
198	1268
3	1222
4	151
1	111
0	0
0	0
0	0
0	0
0	0
0	0
0	0
0	0
0	0
0	0
0	0
0	0
0	0
0	0
0	0
0	0
0	0
0	0
0	0
0	0
0	0
586	3543
89	7660
0	8
290	4282
0	4
0	5362
2308	172
1835	3581
726	4012
1430	355
0	4
1335	3573
2	0
3852	0
728	3172
181	4919
3	6
10	4431
37	4437
0	9829
0	9767
10	9533
0	8
457	6170
1147	6170
507	9530
0	8
3	9769
6	9357
0	0
1	0
0	0
0	0
0	0
0	164
1	158
3	160
1	15
0	147
1	18
0	1
0	0
0	2
0	2
35	70
0	81
1	34
12	21
0	0
0	0
0	0
0	0
0	0
0	0
10	8
62	7768
1331	7586
414	1333
557	8147
0	8
1976	2580
0	0
0	0
0	0
0	0
0	0
0	0
0	0
0	0
0	0
0	0
0	0
0	0
0	0
0	0
0	0
0	0
0	1
0	0
0	0
0	0
0	0
0	0
0	0
0	0
0	0
0	0
0	0
0	0
0	0
0	0
0	0
0	0
0	10
0	0
0	0
0	0
0	0
0	0
0	0
0	0
0	0
0	0
0	0
0	0
0	0
0	0
0	0
0	0
0	0
0	0
0	0
0	0
0	0
0	0
0	0
0	0
0	0
0	0
0	0
0	0
0	0
0	0
0	0
0	0
0	0
0	0
0	0
2	0
0	0
0	0
0	0
0	0
0	0
0	0
0	0
0	0
0	0
0	0
0	0
0	0
0	0
0	0
0	0
0	0
0	0
0	0
0	0
0	0
0	0
0	0
0	0
0	0
0	0
0	0
0	0
0	0
0	0
0	0
0	0
0	0
0	0
0	0
0	0
0	0
0	0
0	0
0	0
0	0
0	0
0	0
0	0
0	0
0	0
0	0
0	0
0	0
0	0
0	0
0	0
0	0
0	0
0	0
0	0
0	0
0	0
0	0
0	0
0	0
0	0
0	0
0	0
0	0
0	0
0	0
0	0
0	0
0	0
0	0
0	0
0	0
0	0
0	0
0	0
0	0
0	0
0	0
0	0
0	0
0	0
0	0
0	0
0	0
0	0
0	0
0	0
0	0
0	0
0	0
0	0
0	0
0	0
0	0
0	0
0	0
0	0
0	0
0	0
0	0
966	256
1	242
11	249
4	182
4	1
26	6
0	0
528	0
10	0
6	0
40	0
87	7
0	7
1	6
0	0
0	0
0	0
0	0
0	0
20	0
5966	4056
373	3345
1	3
1197	1620
2190	1232
3749	2923
3603	886
7059	362
3539	1039
660	6908
0	8
2229	5381
857	1838
441	8262
0	8
1049	3909
7324	50
71	5405
9	5406
59	17
8192	435
0	9
0	0
1051	6721
0	0
0	8
4206	5605
10	0
4141	2696
0	138
77	252
0	114
0	47
0	0
10174	543
2422	2512
6	2647
0	8
3771	2828
1838	7088
0	8
1835	4971
5	0
2013	3930
1790	4144
1678	2741
3820	0
1	6
0	6
0	6
0	0
1	22
1	18
1	19
0	6
0	3
0	2
0	3
0	3
0	2
0	0
0	0
0	0
0	0
120	534
35	489
3	504
19	497
0	347
0	0
0	1030
0	1
0	0
47	11
0	0
0	11
0	0
1	1658
1	330
38	2435
98	2244
0	243
25	747
0	30
45	437
0	43
0	117
0	17
3	0
0	0
0	0
0	0
0	0
1	0
0	135
0	141
0	1206
1	1181
0	0
0	0
0	0
0	1206
0	23
1	0
0	374
1	50
1	15
0	13
0	0
0	41
0	304
2	2
0	2
0	2
0	0
0	36
0	48
0	47
0	306
0	5
3	29
0	47
0	29
0	4
0	0
3	2
3	30
0	0
1	486
74	508
2	353
0	252
5	77
6794	851
0	833
0	0
596	1
0	1
25	817
0	88
47	73
1	546
0	38
0	741
20	12
0	23
1	23
0	0
0	2
0	0
0	0
0	0
996	0
406	0
893	98
0	42
1	56
4059	312
3	31
8	136
6	154
2	0
0	2
2	5
0	0
0	0
0	3
3	17
0	17
0	3
0	0
0	0
0	0
0	0
1	1
0	0
0	0
0	0
0	0
0	0
0	0
0	9
2	1135
0	0
0	0
0	0
0	0
0	0
0	0
0	0
0	0
0	0
0	0
0	0
0	0
0	0
0	0
0	0
0	0
0	0
0	0
0	0
0	0
0	0
0	0
0	0
0	0
0	0
0	0
0	0
0	0
0	0
0	0
0	0
0	0
0	0
0	0
0	0
0	0
0	0
0	0
0	0
0	0
0	0
0	0
0	0
0	0
0	0
0	0
0	0
0	0
0	0
0	0
0	0
0	0
0	0
0	0
0	0
0	0
0	0
0	0
0	0
0	0
0	0
0	0
0	0
0	0
0	0
43	523
0	0
4	1
0	2
0	2
6	8
0	4
13	46
0	5
1	1
1	0
2	18
0	27
0	0
0	0
0	8
0	0
0	0
11023	36
0	0
0	2
0	2
0	0
0	1
0	551
0	0
253	552
1	11
1	39
13	465
67	418
10	319
2	210
0	99
22	139
3	139
4	1460
16	1451
124	1450
0	3
0	0
0	0
0	1
0	0
84	205
3	1623
3703	4611
0	0
0	1370
14	0
7	2165
0	3
1	3
0	6
51	8
1	4
0	3
29	0
0	0
5530	2
0	0
25	159
17	34
0	6
0	246
0	287
0	0
5	220
4	220
0	5
6	0
8	2075
0	2114
3	148
4	15
17	432
10	432
5	44
14	0
0	3
0	3
0	0
7	0
0	0
0	0
7	0
0	0
0	0
12	0
1	0
0	0
0	0
106	0
954	4
0	0
0	1
0	1
1	11
0	7
4	4
0	0
369	2
0	0
0	0
0	0
105	0
3100	3090
75	0
0	0
0	0
636	0
216	3015
15	51
6	360
131	0
0	0
0	0
0	0
0	0
0	0
0	0
0	0
0	0
0	0
3	5
77	1678
35	1565
0	5
3	0
0	253
0	231
5947	5075
0	1274
31	3429
12	2591
0	0
1	3
0	3
0	0
4	178
0	160
0	143
0	11
1	0
1	423
2	423
5	1
0	1
0	0
0	0
2	3
0	0
0	0
0	0
0	0
0	0
0	0
0	0
0	0
0	0
0	0
0	0
0	0
0	0
0	0
0	0
0	0
0	0
0	0
0	0
0	0
0	0
0	0
0	0
0	0
0	0
0	0
0	0
0	0
0	0
0	0
0	0
0	9
0	9
0	4
1	8910
40	9627
0	8858
5	8874
3	1376
0	4420
6	3470
23	3391
6	2728
87	3113
0	2360
1	1617
16	633
0	589
0	0
29	1
0	1
13	0
1	250
543	280
3	282
0	171
0	278
0	7
5	1
2	2296
57	439
353	2210
2	0
0	1108
3	136
0	95
85	407
4	121
7	246
0	34
3	34
0	114
1578	871
2	0
0	0
0	0
924	977
3	110
3	0
50	92
83	92
61	3449
102	3517
2	280
1	321
0	179
7	0
0	0
1	13
0	0
0	3
0	3
0	0
9	0
35	565
3	528
0	533
0	50
0	0
0	0
0	0
0	0
0	0
1	0
0	0
0	0
2	4
17	0
1282	4682
18	1725
0	4177
13	1980
13	570
1	100
4	195
8	134
6	24
8	240
0	9
1	8
0	8
0	1
0	0
0	0
0	0
49	66
1	66
0	0
8	4
0	2
0	2
20	923
33	992
0	941
0	930
14	243
0	177
0	94
0	475
0	455
13	500
16	451
10	415
1	223
8	0
0	0
0	1
0	0
0	1
0	0
0	0
0	0
0	0
0	0
0	0
0	0
0	0
0	0
0	0
0	0
0	0
0	0
1	0
0	0
2	0
0	0
0	0
0	0
5	0
0	0
0	0
0	0
0	0
2	726
7	0
0	0
33	726
0	31
0	0
122	0
37	112
0	19
14	92
0	96
0	0
0	0
0	0
0	4
0	4
0	0
289	0
20	264
0	0
0	0
0	0
27	1084
3	342
0	459
2	108
4	995
0	867
0	985
0	0
5	92
4	192
101	0
0	136
0	198
0	0
2	61
0	3
0	0
0	0
2	0
2	0
0	0
0	0
0	0
0	42
4	46
0	42
0	12
0	10
0	0
0	0
0	0
0	322
0	315
1	107
0	0
3	78
4	59
0	0
0	0
0	0
0	0
0	0
147	4
22	4
3	0
0	0
1	0
0	0
0	0
0	0
1	0
0	0
0	0
2	0
2	5
0	5
0	4
0	4
0	0
0	0
1	1
0	1
2	0
1	0
0	0
0	0
0	0
3	0
24	49
0	18
1	31
2	31
0	0
0	0
0	0
1	0
0	0
0	0
6	84
4	0
5	56
143	1851
11	3436
21	1843
0	550
18	1843
1	133
55	3307
0	3412
17	369
1	3042
0	2648
7500	3058
0	643
0	32
0	33
17	20
0	10
4	907
4	582
20	217
4	70
16	246
2	226
0	74
0	69
0	78
62	9
21	4
12	260
13	349
63	223
0	0
13	1
7596	44455
371	44455
0	1
2	2294
0	218
226	189
108	551
0	311
677	576
0	96
0	81
0	0
0	0
0	0
404	88
0	44
0	44
0	0
0	0
0	0
1120	12871
32	12867
7	12871
88	9063
1	0
22	0
0	0
6	0
3	58
489	58
0	53
1	0
591	235
3	168
3	170
0	0
0	0
1	0
0	0
5	0
0	0
0	0
0	0
0	0
0	0
9	859
1	925
1	662
10	821
234	205
1	299
1	226
2	91
0	228
20	253
7	116
30	120
15	0
0	0
0	0
0	0
0	0
0	0
0	0
0	0
0	0
0	0
0	0
0	0
0	0
0	0
0	0
0	0
0	0
0	0
0	0
0	0
0	0
0	0
0	0
1	0
0	0
0	0
0	0
0	0
0	0
0	0
0	0
0	0
0	0
0	0
0	0
0	0
0	0
4	0
0	0
0	0
0	0
0	0
0	0
2	9
0	0
0	0
436	1298
0	0
0	0
54	1301
0	0
1	0
11	1506
0	206
0	0
1	0
0	14
5	0
8	1849
16	417
64	1618
0	74
20	1602
2620	2
0	1
0	1
0	1
1	0
0	0
0	0
0	0
0	0
0	0
0	0
0	0
0	0
1	0
0	0
0	0
2	0
0	5
0	5
0	0
0	0
814	2
0	0
13	5681
219	5665
0	630
40	420
0	0
0	0
0	0
0	1
1	1
4	0
0	0
0	0
0	0
0	0
20	12
1861	12
0	0
0	0
0	0
44	225
0	226
0	150
0	71
0	191
0	58
10	121
0	0
2	36
0	0
0	0
1	2
1	2
0	0
6	0
2664	504
0	155
0	155
4	141
3	49
431	2
0	0
0	0
0	0
0	0
0	69
7	0
0	18
0	18
0	19
0	71
0	0
2	20
0	0
0	0
2	4
1	0
0	0
0	5
0	0
0	9
0	6
0	5
0	5
0	5
0	1
0	1
0	27
0	239
0	219
0	131
0	45
0	43
0	150
0	83
3	113
3	93
327	3
4	3
3	107
0	185
0	252
7	128
0	140
0	47
0	65
0	170
9	196
0	235
31	62
127	1612
2	975
3	1
2	859
3	438
0	692
3	199
118	2064
70	713
0	188
0	1547
0	0
1	551
31	77
2	300
0	0
0	88
0	0
0	0
1	0
1432	243
25	24
91	215
3	0
0	0
0	0
0	0
14	255
3	255
0	0
0	0
9	0
0	0
0	0
0	0
0	0
0	0
0	0
0	0
0	0
0	0
0	0
0	0
0	0
0	0
0	0
0	0
0	0
0	0
0	0
4	0
0	0
0	0
0	0
0	1
5	109
3	80
4	1345
4	1645
0	459
1	47
18	1872
0	43
2	359
63	1782
3	134
1	65
3	51
0	0
2	990
0	132
1	476
1	388
0	483
0	412
0	509
0	440
3	401
0	184
3	2
14	145
1	39
0	0
5	486
4	0
0	0
0	0
0	0
0	0
0	0
0	0
0	0
0	0
440	600
1	600
0	0
0	0
281	375
0	324
0	0
5	51
2297	1373
11	1253
1	1315
0	0
125	278
13	137
0	65
0	0
56	4
18	4
0	0
0	0
2	0
3	0
212	41
0	8
0	12
0	23
0	7
0	1
0	1
56	509
0	410
0	300
0	0
0	0
0	105
4	0
3215	79
7	79
2727	1865
15	199
4	169
2	532
1	309
6	231
24	124
3	484
0	291
150	4781
190	2512
29	250
19	0
94	292
1	2314
0	126
3	239
0	101
0	33
0	0
10	33
0	0
0	0
19	14
46	31
0	0
1	6
9	0
0	11
176	0
3	0
317	286
0	0
3	286
0	178
5	204
0	192
9	60
5	55
310	2025
0	191
10	1616
6	200
58	1545
9	3293
46	4432
0	862
0	758
4	1175
4	449
4	101
4	0
81	139
2	0
0	0
10	137
0	0
0	0
0	0
0	0
1	0
0	0
9	5
0	0
1	5
917	2
1	0
0	0
0	0
0	141
34	413
0	22
0	293
0	35
8	31
27	31
4	0
1059	2
0	0
0	0
0	2
0	0
228	0
0	0
52	99
0	98
0	99
1	24
0	53
0	0
0	0
0	0
1613	0
6	0
18868	13
0	691
0	703
0	710
0	691
0	686
0	683
24	242
0	417
0	644
0	661
1	40
20	470
0	438
1	109
0	24
0	437
20	261
2	688
89	682
10	245
21	13
0	14
0	14
0	1
0	4
0	4
0	1
130	404
33	404
3	215
386	1587
1	1551
0	1609
1	21
263	1776
0	1776
11	1677
119	141
12	553
14	104
23	104
4	916
87	916
18	141
0	3
0	3
3052	6
7	1309
2	166
3	1318
0	45
3	1286
0	147
0	1293
42	6
18	249
0	3523
0	3403
12	150
64	0
0	3063
1	142
5	389
6	232
0	0
2	387
0	148
1	0
0	0
0	0
0	0
0	0
0	0
0	3
0	0
0	0
0	0
0	0
0	0
0	0
0	0
0	0
0	0
0	0
0	0
0	0
0	0
0	0
0	0
1	0
0	0
0	0
0	0
0	0
0	0
0	0
1	0
0	0
17	165
3	33
0	59
3	168
5	8
0	17
1	14
14	102
0	25
0	15
0	6
0	73
0	75
0	0
0	0
0	0
0	0
0	0
0	0
0	0
0	0
0	0
0	0
0	0
0	0
0	0
0	0
502	4690
1	4686
6	1
4	1
0	1
0	170
152	81
0	0
0	0
1	0
0	0
150	0
0	14
0	31
0	26
3	16
1040	37
1	0
528	383
18	261
2	91
0	56
15	43
17	87
19	0
3	839
4	840
8	819
3	68
0	40
0	35
0	25
0	14
3	10
0	14
4	13
1	8
0	4
0	0
294	193
6	193
8	0
0	0
0	0
0	0
52	0
0	0
0	0
213	2
68	3206
121	1143
42	313
4	3143
96	532
0	5
0	5
0	323
53	428
0	178
34	190
11	128
0	41
53	95
0	17
3	17
68	103
0	3
0	20
5	11
9	29
0	0
547	0
5	0
2	0
0	852
49	852
6	7
2600	102
3	102
9	0
0	0
0	0
0	0
0	0
0	3
0	0
0	3
11	0
0	0
5	0
0	0
0	0
0	0
0	0
0	0
0	0
0	0
0	0
0	0
0	0
0	0
0	2
0	2
0	0
1979	41
109	27
128	2
0	0
6	7
0	10
1	10
0	0
0	0
10	0
4	0
17	0
1363	19
2	0
0	0
1039	344
9	309
0	190
1	1
207	75
0	69
0	10
0	10
11	6
2	8
0	22
8	4353
0	3966
5	1111
8	441
0	675
1	601
1	525
2	166
0	188
137	125
3	125
0	0
0	1
24	4
455	439
0	373
0	307
2093	0
1464	2666
1	1142
7	2566
137	1198
1289	1566
106	158
0	44
1	1353
0	16
1	239
0	506
0	310
23	178
1	2467
7	2438
0	2452
2	2447
0	2396
2	649
0	165
4	183
2	140
10	99
0	107
0	71
0	16
1	68
0	59
9	17
0	61
0	7
11188	0
0	17
0	17
1	0
0	0
0	0
0	0
0	0
0	0
0	0
0	0
0	0
0	0
0	0
0	0
0	0
0	0
0	0
67	176
0	164
2	67
0	6
0	115
0	32
0	62
0	88
1	32
0	0
0	0
0	0
0	0
0	183
12	184
0	10
0	23
0	11
0	72
0	67
0	66
0	66
0	59
0	0
0	2
2	0
40	841
0	839
0	741
10	549
106	323
30	15
5	37
2	1256
1	52
1	42
300	138
0	117
0	36
0	94
0	114
0	58
0	61
0	69
4	3
9	29
0	0
9	29
0	0
563	54
0	29
7	54
0	11835
2211	12231
18	611
9	703
122	611
70	223
40	322
0	615
5	0
0	0
11	91
18	247
48	485
4	203
177	537
33	437
1365	5705
0	157
16	5705
32	177
4	149
0	149
0	60
6245	2819
6	1394
22	387
159	1034
13	91
0	7
4	1
2	83
1	59
0	53
0	18
0	35
0	4
0	16
2	0
2	0
0	0
0	3282
0	3385
7	3146
0	3020
36	1989
0	2255
0	0
17	54
57	0
0	927
0	870
25	774
0	446
0	0
0	40
6	7
0	172
0	129
5	34
1	1502
341	1764
3	1438
0	1822
0	637
23	380
13	491
5	45
0	0
1	249
0	251
6	51
23	66
0	72
0	72
0	1255
0	1255
10	144
17	178
7	152
0	0
13	315
18	678
144	737
126	605
0	191
23	32
0	82
216	19
0	2844
53	165
0	494
210	3219
0	354
2	580
45	87
0	130
52	611
0	0
201	497
3	246
16	251
0	3560
0	3306
188	1838
0	3414
1	193
4707	0
1065	255
41	255
0	204
1	204
0	0
0	0
0	0
0	0
0	0
386	73
5	161
8	73
0	1
4	1
0	161
0	0
403	4593
123	4360
32	1065
13	743
320	1425
182	1371
1	670
1	639
0	0
10	124
15	124
0	0
0	0
0	0
1	696
296	696
0	0
0	0
0	0
0	0
0	0
68	0
0	0
1	11
0	46
0	52
0	52
3	17
12	44
0	44
0	0
6	4251
12	164
382	4250
0	826
4	205
0	0
1902	3063
4	637
1	2612
0	563
0	0
1	3020
0	0
3	0
0	173
0	0
0	7
0	7
0	7
0	7
0	7
0	7
0	7
0	7
0	0
0	0
0	0
0	12
0	11
6	19
0	20
0	15
0	11
0	72
9	72
0	0
5143	16
0	0
0	0
0	0
0	0
133	56
31	375
64	428
0	214
234	6460
106	6365
62	1393
2	692
26	0
0	0
0	0
43	123
4	36
1	37
19	70
1	28
0	26
0	20
0	0
0	0
0	0
1	15
1	14
0	15
0	3
0	0
0	0
2217	0
143	19786
0	20490
12	16388
0	19742
0	17564
0	19970
21	17034
0	4594
5	7775
0	3594
0	4776
0	1541
0	0
33	282
1	219
0	2371
0	7197
1	3800
19	4487
0	7281
0	2091
0	6292
0	3884
0	4125
5	2568
10	4916
21	1554
0	249
5	3535
0	1569
0	3217
14	2942
115	1490
117	1775
7	472
12	832
23	833
0	761
33	0
95	762
0	0
0	13
0	0
407	71
0	58
19	13
14	24
0	0
0	0
0	0
0	0
0	0
0	0
0	0
0	0
0	0
0	10
0	0
0	10
2	10
0	6
0	10
0	7
0	7
0	0
0	0
0	0
0	0
0	0
0	0
0	0
0	0
0	0
0	0
0	0
0	0
0	0
0	0
0	0
0	0
0	0
0	0
0	0
0	0
0	0
0	0
0	0
0	0
0	0
56	702
1	13
0	654
12	570
8	104
0	374
1	78
13	601
0	72
32	417
0	440
0	444
1	135
2	15
1	111
0	36
0	66
0	33
0	43
0	33
0	37
1	24
2	7
2	0
2	0
1	101
630	1072
0	267
63	297
5	569
28	45
2	269
71	0
72	323
0	308
0	152
1	161
0	104
0	170
3	86
1	185
37	6
7	107
59	33377
34	33063
19	2916
36	17
0	0
0	0
0	0
0	0
0	0
0	0
0	0
2	0
0	0
0	0
0	1
1	1
0	1
0	0
0	0
0	0
0	0
97	1706
0	1502
49	1427
0	286
2	131
15	114
25	43
131	17
1	9
1	34
21	34
1004	4426
0	3936
168	1141
93	427
76	477
36	0
132	3
19	660
509	529
17	437
2	155
8	0
0	0
0	0
0	0
0	0
0	0
1	0
0	0
0	0
0	0
686	171
0	165
1	0
0	0
0	0
0	0
0	0
0	0
3	0
0	0
0	0
0	2
1	2
0	1
0	1
0	1
0	0
0	0
0	0
6	778
72	781
12	154
74	766
0	48
113	2
0	7
1	54
0	61
0	0
0	0
0	0
0	0
0	9
1	10
0	1
1	25
0	27
0	28
0	13
2	16
0	84
0	28
0	0
0	0
0	0
0	0
5	183
1	141
0	141
0	137
0	112
2	141
0	122
0	29
0	16
0	0
0	0
0	0
0	0
0	0
0	0
0	0
0	0
0	0
0	0
0	0
0	0
0	0
0	0
0	0
0	0
0	0
0	0
0	0
0	0
0	0
0	0
0	0
0	0
0	0
0	0
0	0
0	0
0	0
0	0
0	0
0	0
0	0
0	0
0	0
0	0
0	0
0	0
0	0
0	0
0	132
2	1
7	2
0	59
0	0
0	0
0	0
5	1
1	6
36	18
0	0
0	11
0	0
2	0
0	0
0	0
57	84
3	26
6	6
0	78
0	0
0	2
0	2
0	0
5	44
0	0
0	0
4	3
62	46
0	0
0	0
0	6
8	2
0	1
0	0
0	0
0	0
0	0
15	57
0	55
2	19
0	0
0	0
0	56
0	0
1	0
1	0
0	0
5	0
35	0
51	376
0	352
0	267
6	50
0	0
6	7
0	13
0	13
1	77
0	81
0	81
0	31
1	4
1	7
0	3
0	0
1	34
0	34
29	34
0	34
0	0
0	0
77	1
5	0
4	201
2	203
0	122
2	114
1	27
0	11
4	0
5	6
0	3
3	5
7	0
3	2
0	0
36	51
0	44
1	7
0	0
0	0
0	0
2	19
2	0
3090	213
0	213
22	18
0	16
0	2
6	0
8	62
5	0
1	1955
0	1932
7	2643
2	81
4	38
1	0
0	1
75	73
1	837
152	2
3	1756
1	82
9	202
46	51
0	168
25	736
1	146
10	656
347	0
0	0
4	891
89	1684
9	172
33	1563
0	56
0	1247
613	0
0	0
61	1503
0	1128
70	466
0	238
47	175
0	0
0	0
0	0
0	0
9	1137
504	1582
8	319
5	455
0	7
0	432
0	353
0	117
21	163
1	50
4	0
0	54
93	190
0	0
0	0
0	16
2	101
1	85
1	36
0	75
0	15
4	0
0	20
0	0
57	0
0	0
24	2682
12	2640
54	2487
4	2691
0	115
31	3
0	262
0	264
0	264
1	10
5	0
0	0
0	0
0	0
0	0
0	0
0	0
0	0
0	0
0	0
0	0
0	0
14	0
2	346
182	1441
12	570
34	130
0	485
0	384
0	1399
58	53
0	60
36	65
4	0
3	198
0	398
23	13
0	5
0	6
0	6
1	6
0	3
0	0
61	135
0	80
0	123
0	61
1	56
13	33
0	10
0	16
1083	345
2	260
1	173
23	244
3	0
41	540
31	530
6	0
0	24
2	44
0	147
0	261
478	500
0	508
28	463
8	228
0	505
1	77
0	30
1	31
2	91
37	237
0	0
75	36
4	36
0	34
5	0
1	1
14	4
0	206
0	29
10	101
84	2894
6	2585
2	0
1	611
0	0
0	0
51	5152
0	0
0	1
0	5129
0	1243
1	1827
0	1249
0	1937
5	270
0	0
2	131
5	14
1	109
0	107
0	29
0	50
0	29
0	29
3	3
0	0
0	0
0	1
0	1
0	0
0	0
0	0
0	0
0	0
0	0
0	18
0	2
0	0
0	0
1	0
0	0
2	0
0	0
0	0
4	33
0	0
0	0
0	0
0	0
0	0
0	0
168	3233
1	3229
2	430
41	99
0	0
0	0
0	0
0	0
0	4
0	0
0	0
0	0
0	0
0	0
0	0
0	0
0	0
0	0
0	5
1	10
0	37
1	33
0	21
0	0
2	0
0	0
2	0
386	255
0	302
64	67
8	32
38	0
286	47
0	0
0	0
0	0
0	0
0	0
0	0
0	0
0	0
0	0
0	0
0	0
0	2
0	0
0	0
0	0
0	0
0	0
0	0
0	0
0	0
0	0
0	0
0	0
0	2
0	0
0	0
0	0
0	0
0	0
0	0
0	0
0	0
0	0
0	0
0	0
0	0
0	1
0	0
0	0
0	3
0	0
0	0
0	0
0	0
0	0
0	0
0	0
0	0
2	70
0	0
0	0
0	0
0	0
0	0
0	0
0	0
0	0
0	0
0	0
0	0
0	0
0	0
0	0
0	0
0	0
0	0
0	0
0	0
0	0
0	0
0	0
0	0
0	0
0	0
0	0
0	0
0	0
0	0
0	0
0	0
0	0
0	0
0	0
0	0
0	0
0	0
0	0
0	0
0	0
0	0
0	0
0	0
0	0
0	0
0	0
0	0
0	0
0	0
0	0
1	0
0	0
0	0
0	0
0	0
0	0
0	0
0	3
0	0
1	45
0	1
3978	779
27	778
2	62
3	62
2	40
0	610
0	533
3	149
1	183
3	205
10	245
5	99
91	322
1	234
5	119
0	55
31	1
0	1
461	2976
8	2812
0	245
0	424
0	0
9	387
0	0
2	0
151	1
0	0
3	1
2	1
1	0
2	106
0	105
0	180
0	110
0	23
1	6
5	1
19	72
0	2
37	1
0	0
0	17
0	32
202	39
0	0
0	0
0	0
217	45
7	18
2	0
2	0
2	45
1	43
1	0
0	169
0	169
0	18
72	2
5	10
1	10
0	0
0	1
0	2
0	2
17	0
4	0
50	268
0	87
0	232
90	259
0	212
0	19
0	6
393	18
4	25
9	0
0	22
288	41
1	0
0	43
11	296
0	284
0	0
0	36
102	19
0	17
0	13
1	4
1	13
0	16
0	0
4	361
0	354
0	380
6	137
0	15
3	22
1	0
0	0
220	128
1	0
0	98
0	22
0	14
1	43
1	283
13	283
0	175
0	75
0	45
365	140
0	116
0	27
15	24
946	104
10	40
0	2
0	2
0	1
9	2
1	2
160	835
0	787
0	431
0	161
0	135
691	287
0	85
1	39
0	46
0	0
751	331
0	129
0	0
1	62
0	22
3	29
3	24
7	0
0	0
502	167
13	166
3	102
2	72
5	0
4	4
8	4
103	30
0	26
6	0
2	0
1	1
4	111
0	5
1	1
2	105
10	0
47	277
0	131
12	0
4	131
0	4
0	4
0	5
0	1
0	4
0	0
0	0
0	0
0	0
0	0
0	0
0	0
0	0
0	0
44	588
10	572
1	473
2	74
1	85
0	46
0	47
5	19
3	20
0	21
16	150
3	402
4	24
0	49
3	402
65	374
1	10
0	51
0	0
0	1
0	1
67	0
0	0
1	0
0	0
0	0
0	0
0	0
0	0
0	0
0	0
0	0
11	1284
0	1261
0	663
0	2
190	60
0	168
0	0
5	0
408	369
0	216
1	142
9	75
25	3441
0	2693
39	3313
0	511
25	508
34	82
0	0
0	0
0	0
0	0
0	0
0	0
4	0
0	0
0	0
0	219
0	154
20	785
143	526
1	199
0	266
0	0
0	0
0	0
0	13
0	0
0	0
0	0
0	0
0	0
0	0
0	0
0	0
0	0
0	0
0	27
0	27
0	0
0	0
4	679
2130	956
0	10
135	283
0	0
1	0
30	0
0	0
0	12
0	11
0	8
2	0
0	0
0	0
0	0
0	0
0	0
0	0
0	0
0	0
0	0
0	0
0	0
0	0
0	0
0	0
5	476
0	0
0	0
0	0
8	2
0	0
0	0
0	2
0	2
0	0
0	0
0	0
0	0
0	765
10	765
0	0
18	21
17	840
0	798
123	1348
35	874
3	684
400	1109
6	892
0	0
7	754
2	716
0	367
0	100
0	428
0	97
1	4
3	24
1	0
3810	2170
7	174
0	1996
10	1
4	89
0	201
0	161
1	99
0	8
5	13
0	8
0	0
0	0
0	0
0	0
0	0
0	0
0	0
0	0
0	0
0	0
0	32
0	31
1	31
0	3
0	2
0	1
0	1
0	0
0	0
12	708
3	3190
0	1929
47	336
108	617
119	2898
13	89
19	9
71	276
0	139
0	96
55	126
0	126
2	43
0	39
0	13
0	7
159	356
0	332
0	0
0	24
3	1201
32	1251
1	1236
0	1269
0	578
15	155
0	236
10	394
3	113
53	735
13	31
7	300
0	0
0	0
0	0
0	0
0	1
24	11
1	11
1	53
1503	55
1	1
1	382
12	460
144	340
31	277
0	182
0	22
0	19
43	2
0	2277
2	2170
2684	2389
1601	486
0	265
4	140
0	86
44	161
5	51
34	25
0	25
5	7
0	4
0	1
0	1
0	0
458	2368
166	2366
19	758
44	948
5	72
6630	3807
22	1680
0	1858
0	144
0	1126
32	692
0	0
2	532
4	0
1	0
1306	686
13	486
0	54
0	311
3	127
3	458
3	0
78	75
0	75
4	0
0	383
4	4
73	3369
0	0
8	20
12	15
5	3
0	0
8	215
0	175
0	173
5	145
0	71
0	0
13	261
22	266
0	141
3	0
9	3
6	0
25	37
13	38
2	1
0	0
0	16
105	37
38	97
18	48
0	87
10	84
0	59
0	28
0	18
27	15
2131	2197
21	1875
0	210
2	164
4	0
0	414
29	8451
73	8360
6	6291
1	5916
104	6742
2	3468
0	3606
3	52
13	69
1	3502
77	0
0	310
15	8
20	0
0	14
304	120
2	90
0	30
0	0
0	0
0	0
0	0
0	0
22	271
0	0
0	0
0	0
881	975
1	140
0	101
7	84
0	231
0	310
54	0
0	163
50	658
155	361
0	0
2	1
161	1134
2	1133
0	273
103	1
389	149
0	68
0	0
0	30
0	0
6	55
10	0
2	4395
0	0
0	0
0	0
0	0
87	219
4	221
6	137
3	83
0	0
1	0
0	348
0	348
0	20
8	108
0	32
0	41
1	14
1	1867
9	2120
0	234
3	141
1	144
17	114
56	9
10	95
0	330
4	30
7	0
0	0
0	0
0	0
0	0
0	0
52	213
2	18
7	48
0	174
5	31
0	0
0	0
3	0
3	112
0	23
0	82
0	9
7	0
527	329
5	63
0	199
30	130
0	166
19	151
16	172
126	98
1	4
2	20
19	92
0	0
0	11
0	3
2	0
0	0
4	11
3	375
380	642
0	496
0	202
6	458
0	83
0	111
113	213
1	34
38	0
4	0
54	0
24	0
0	0
0	0
0	0
4	22
1	22
0	11
0	9
0	0
0	2
0	15
0	0
2	1
0	1
3	15
0	1
0	0
0	0
0	0
0	0
0	0
0	0
0	0
0	0
0	0
0	0
0	0
0	0
0	0
0	0
0	0
0	0
0	0
0	0
0	0
0	0
0	0
0	0
142	342
10	2596
1	2713
4	0
0	1171
0	230
2	266
0	0
0	0
0	0
5	0
1	0
0	0
0	0
0	0
0	0
0	0
0	0
0	0
0	0
44	2325
0	1
1	0
0	0
1	27
44	165
0	27
0	64
0	9
2	0
0	0
0	50
1	20
4	92
0	1
0	5
0	63
2	43
1	31
2	1
695	1048
3	33
6	1039
2	244
71	565
0	508
0	46
5	43
1	22
275	29
1	29
2	0
68	0
328	1021
0	361
4	580
3	135
11	608
16	483
2	523
6	68
0	0
0	0
0	0
0	0
0	0
0	0
0	0
0	219
0	287
0	15
0	0
0	487
1	496
0	54
0	65
0	390
0	383
50	11
0	360
0	52
0	289
0	326
0	72
4	51
0	54
1	42
0	35
0	515
10	10
0	292
0	75
0	50
2	67
0	96
0	87
0	91
0	23
0	33
0	0
5	0
0	0
1	0
0	0
0	0
0	0
0	0
1	0
1	0
7	3
0	0
0	0
0	0
0	0
0	0
0	0
6	29
2	29
0	81
0	630
0	580
39	55
2	637
0	525
117	74
0	1
0	147
20	0
0	0
0	0
0	0
0	0
0	0
0	0
2	2
0	0
92	423
4	100
19	311
5	275
1	53
0	57
1	34
1250	1746
0	1656
1	464
3	254
0	323
13	62
9	68
11	8
47	51
12	7
0	0
0	0
1	0
0	0
0	0
12	1904
3316	2315
121	1893
86	623
0	0
0	0
0	0
0	0
0	0
0	0
0	0
0	0
0	0
0	0
0	0
0	0
0	0
0	0
0	0
0	0
6	80
1	57
0	197
2	24
1	11
4	28
0	46
0	180
39	1
6	17
0	1
196	2724
40	2467
0	988
17	110
4	589
0	21
0	0
11	168
0	393
0	36
32	1
1	1
1	224
142	224
0	0
1	52
0	38
2389	435
0	146
72	356
1	0
0	0
0	0
0	0
0	0
0	0
0	0
0	0
0	0
0	0
0	0
0	0
0	0
0	0
0	0
0	0
2060	14727
17	14704
6	8065
70	112
2	96
0	64
1	0
0	0
9	65
1	0
0	0
0	69
36	172
0	151
1	4
18	38
11	27
0	59
0	3
2	8
4	20
14	1
10	1
9	1
0	0
7	11
0	5
0	0
0	0
0	6
114	902
20	433
152	856
1	397
1	53
37	0
0	0
0	0
122	37
4	35
0	912
0	310
0	400
5	860
0	327
6	880
0	72
0	58
0	0
26	6
120	205
9	40
1	199
25	206
3	175
0	89
727	6
0	0
9	33
0	3
0	33
14	66
25	66
824	936
5	751
5	47
0	157
0	0
4550	703
55	399
8	304
0	0
6089	226
2	226
67	60
851	71
3	20
0	0
81	0
0	0
0	0
5	0
56	842
39	842
9	101
14	25
12	172
13	164
0	0
2	15
15	508
0	548
507	445
8	795
0	138
0	140
0	694
3	259
0	145
1	212
179	644
29	0
18	0
23	0
0	0
1896	419
0	0
0	0
0	413
5	3
0	3
0	0
24	0
32	0
0	0
0	0
0	0
0	0
1	0
253	220
4	220
0	0
0	0
0	0
0	0
0	0
2	2183
10	0
0	220
0	84
0	220
1	104
0	0
0	1671
3	48
0	2182
2979	2069
5	2065
0	1418
2	490
0	0
0	0
0	0
3	59
8	59
2070	1566
0	1490
0	0
4	63
1	104
1	1
0	0
0	0
0	0
0	0
0	0
0	0
532	1101
2	1092
2	1099
4	639
0	0
0	0
3	253
0	225
0	1154
0	1190
4	206
0	236
0	272
1	68
9	0
1	0
11	29
28	0
7	308
2	154
0	301
0	172
0	212
0	179
1	204
0	200
1	141
2	81
0	29
5	54
0	16
3	9
0	0
1	332
27	333
4	74
2	0
0	0
988	1401
13	1399
0	0
0	2
0	2
1	0
3093	0
0	0
0	0
1998	4
8386	4361
2	287
0	814
7	3027
3	418
0	179
0	0
8	0
0	0
0	865
0	0
9	631
2	253
0	0
66	33
0	8
0	30
0	0
17	1101
1	1
0	0
0	0
0	0
2	0
319	280
19	212
0	110
4	6
0	9
34	365
5	521
1	578
0	326
0	161
0	111
0	245
1	41
1	94
242	593
2	443
0	444
0	406
0	413
0	318
2	411
0	228
13	220
0	0
0	119
29	92
0	2559
68	2222
1539	2674
35	1104
221	978
2	0
60	2
47	0
120	0
0	319
8	0
4133	11733
8	2899
0	1167
61	9522
0	1646
126	4051
55	1917
31	152
70	578
9	585
17	329
0	0
0	0
0	0
0	0
0	0
0	0
0	0
404	0
0	0
0	0
0	0
0	0
0	0
11	24
0	24
17	1575
2071	2438
0	2281
33	807
0	282
1	1499
55	1074
0	1668
2	857
20	22
86	1150
15	73
0	1552
4	306
52	1063
59	733
2084	639
0	639
0	0
1660	2
0	0
1	0
0	16
3	1
2	16
0	0
3	0
0	0
0	0
0	2
2	2
2	0
0	0
3	0
0	0
0	0
4	1
18	104
0	0
0	0
6	0
11	2712
27	3477
21	3339
30	2529
17	256
0	1213
4	0
1000	334
9	28
32	306
34	469
0	454
18	205
0	248
0	482
0	696
0	638
7	13
0	0
0	0
0	0
0	0
44	8428
3	10007
38	2400
2	7383
5	5041
3	6
9	19
0	17
2	4
0	0
1	11
0	0
0	0
15	2
0	0
0	0
0	0
0	0
1	29
30	0
551	184
86	184
4	0
0	2451
2	2542
14	920
128	895
0	0
147	0
71	527
0	419
56	500
0	412
0	302
0	196
52	0
2	0
2	0
0	0
7	13716
11	13946
6	4505
22	5566
115	1302
5	796
1	29
5	0
3	0
1	0
9	0
0	0
0	1
0	0
4	0
13	0
1	0
141	2
1196	0
478	199
11	187
0	67
2	5
6	6
0	6
1952	476
1	449
0	338
34	17
0	14
19	0
9	26
4	0
0	0
1	0
0	0
4	30
14	30
0	205
1	297
210	423
1	93
2	61
0	20
40	4070
2	1911
17	3315
1	46
13	137
15	145
1	159
4	0
32	325
0	0
5	66
8	123
0	230
0	228
108	223
3	51
0	25
0	5
0	72
8	5
5	32
0	94
1	1
1	4878
6	4878
4	4430
13	0
1911	505
73	93
0	5090
105	5090
603	846
0	0
18	8202
0	8426
2	6682
2	173
45	3193
6	428
3	4
20	66
3	1
0	0
7	465
3	414
1	294
1	37
3	71
2	176
46	92
0	90
601	4744
137	4739
2	3267
6	4453
0	383
0	0
0	0
11	1499
0	1531
8	856
0	895
0	0
55	930
6	883
7	848
12	11
41	2
567	72
8	1665
0	64
0	1631
0	850
5	690
0	1496
1	781
0	12
12	1297
16	135
259	135
100	932
2	724
12	165
7	556
30	32
228	459
11	350
0	229
0	303
1	243
0	2
212	1
0	27
6	1
24	2273
2	1820
15	844
6	800
0	1202
17	208
4	161
338	2182
1	1500
0	2070
3	251
88	0
11	0
0	0
1	396
0	121
0	0
1	171
1	0
0	0
0	0
0	0
1	0
0	0
0	0
0	0
0	0
0	0
0	0
3127	3333
14	2382
0	431
12	167
7	2
3	117
119	0
23	0
117	827
0	0
0	0
0	0
0	0
0	0
0	0
1	0
0	0
20	4
1	4
0	1
1	4
0	0
0	1395
1	2294
0	2304
0	1681
7	1846
1	1590
0	840
0	605
0	0
0	0
0	0
96	36
99	0
1	83
84	4
62	14
4	190
26	8
0	11
6	8
10	0
2	1
0	1
1	0
5	9
0	28
0	0
0	0
0	0
0	0
0	0
0	0
219	2008
17	2133
27	167
5	742
10	636
25	628
12	17
100	435
1	306
40	155
14	18459
0	17733
19	18452
33	15510
17	16493
328	16859
80	5994
0	0
2	0
112	1909
0	135
7	553
0	129
2	1360
3	172
19	2
12	31
81	41
0	18
0	31
118	2316
59	2222
0	1812
0	1420
2	556
117	219
0	640
15	535
30	467
320	262
16	262
108	15
2	160
5	124
43	9
0	34
0	86
0	175
2	0
4	78
16	274
0	153
0	219
3	198
0	276
0	189
0	24
498	52
1	0
6	3
4	12
0	488
2	40
45	667
1	565
4	32
0	531
0	2
0	2
1	0
0	3
210	0
0	0
12	1099
1	1075
63	710
0	710
0	0
20	452
0	0
0	0
0	0
0	0
0	0
0	0
0	0
4	43
0	0
0	0
0	0
0	0
0	0
2	1644
77	1745
0	547
29	214
0	18
2	34
0	17
16	24
1	106
0	0
5	907
0	0
22	35
1	119
13	319
71	274
528	1414
18	1299
1	997
23	813
19	805
2	153
0	21
0	0
0	12
1	11
1	10
5	0
11	1
8	0
11	0
2	0
1	0
0	0
0	0
4	30
1	0
6	0
0	0
0	0
0	0
0	0
0	0
0	0
0	0
0	0
26	1128
109	1128
0	367
0	0
0	0
2	0
5	30
10	3928
4	1196
4	2102
13	3878
2	1689
1	1026
136	165
4	122
0	29
10	288
68	26
7	71
11	63
0	307
0	245
1	210
0	25
0	65
0	31
1434	2937
7	2935
0	2
0	0
3	179
10	0
67	158
1	29
0	158
0	106
0	18
0	27
15	0
0	0
2	0
0	0
0	546
12	290
0	526
118	0
2	169
0	527
62	527
0	0
37	527
4	526
1	527
1	551
0	174
10	0
4	398
323	417
0	0
4	106
1	361
7	362
0	100
177	70
0	65
1	15
1	4
2	0
0	0
0	7
0	7
1922	941
31	330
0	746
1	151
25	228
0	0
0	0
0	0
0	0
0	0
0	0
0	0
0	0
0	0
0	0
0	0
0	0
0	0
0	0
0	0
141	3758
46	3670
4	2136
0	268
0	688
1	235
17	260
0	0
0	0
0	0
0	0
0	1
0	0
0	194
5	2090
0	184
28	22
0	2010
0	214
0	1670
0	1672
0	0
0	0
0	176
0	0
0	0
2673	578
0	176
2	30
3	38
1	350
0	0
3	0
0	0
0	0
4	0
0	0
0	15
0	14
0	0
0	0
0	0
1	0
2	0
0	2
0	2
0	2
1	4
0	3
0	0
3	1
0	0
0	0
0	0
0	0
1272	6849
1	3346
81	553
0	3368
0	126
0	1880
0	6705
0	169
0	11
0	2849
0	0
2	0
0	0
0	0
0	0
0	0
0	0
0	0
0	3354
0	3
0	3
22	0
418	71
20	16
1	36
44	13
19	1
0	0
1	0
13	17
0	19
0	0
494	1011
191	1011
1800	864
0	65
3	97
7	154
1	0
19	472
0	166
0	205
1016	205
17	83
3	67
3	0
0	5
0	5
0	1
0	0
0	0
0	0
0	0
0	0
0	0
0	0
0	0
0	0
3	0
3	122
105	122
0	0
0	3
1	3
0	0
0	0
0	0
0	1
0	1
0	1
129	0
36	17
0	17
0	2
0	0
0	0
0	0
0	0
0	0
1	0
697	1289
13	1290
0	3
0	0
0	0
1	1
0	0
0	0
0	0
180	279
8	269
0	121
0	0
0	0
0	0
0	0
29	0
146	2132
18	1006
0	1719
5	1480
6	154
20	1
0	0
0	0
115	226
2	236
0	75
16	87
3	148
0	36
0	0
0	0
0	0
0	0
0	0
0	1112
1	127
111	26
1	1058
0	329
0	508
60	933
39	829
0	443
0	1103
0	241
0	655
0	487
0	918
0	829
0	1063
0	184
2568	173
0	171
0	0
3769	2271
7	2187
46	855
28	834
21	284
1	127
22	132
297	274
1	401
2	59
27	0
8	63
0	0
0	0
0	0
2	342
0	0
0	0
0	0
3	2
201	315
3	209
0	107
0	77
62	81
0	0
0	0
2	0
0	0
0	0
0	0
0	0
2	233
8	231
0	208
0	10
17	0
0	20
90	2
0	0
0	0
0	0
0	0
0	5
0	3
0	3
286	119
7	119
0	63
0	24
5	39
4	129
0	1
0	2
3	2
0	0
0	0
0	0
0	0
928	30
104	30
0	0
0	0
0	0
0	0
0	0
0	0
0	0
0	0
0	0
0	0
0	34
0	0
2	0
275	34
0	0
0	0
0	0
0	2021
0	2196
0	2159
25	1320
13	453
19	419
12	2053
477	2068
3	1602
2	1474
0	2088
0	690
9	487
21	114
0	1108
0	1073
12	374
118	118
28	1056
118	1073
0	0
1	1
0	1
0	112
0	278
10	256
32	123
0	286
4	0
3679	293
32	278
0	0
0	0
33	9
17	21100
112	4550
335	20777
4	0
27	15
5	15
3	0
0	1640
0	1654
13	1640
0	1400
4	83
74	532
2	176
0	7
4	69
0	0
0	0
0	0
0	0
0	0
0	0
0	0
0	0
0	0
0	0
0	0
0	0
0	0
0	0
0	272
8	12
0	0
0	0
0	0
1	6
0	0
10	6
5	13
0	0
1	0
0	272
0	0
0	0
0	0
0	0
0	0
0	0
0	0
0	0
0	0
0	0
0	0
0	0
9	3
1	462
0	3
0	0
0	0
0	0
0	12
0	0
0	0
0	0
0	0
1	0
0	0
0	0
0	0
0	0
0	0
0	0
5	87
0	647
9	142
5	86
4	81
0	84
4	173
35	28
4	464
0	252
5	98
3	232
0	0
0	0
0	55
8	17
4	16
9	23
0	0
889	668
2	611
94	79
6	183
0	1
46	138
9	159
1	40
6	40
0	8
3	10
0	10
0	5094
2521	17476
205	17493
89	17350
21	14571
6	11542
0	0
1481	721
25	520
0	214
36	60
0	0
0	0
0	0
0	0
0	0
267	493
2	578
0	268
0	0
0	0
0	118
0	34
1	12
0	0
6	1
0	0
0	0
0	0
0	0
0	0
2	1
0	0
0	0
4	281
99	298
2	91
12	76
0	57
6750	2416
155	9
0	71
0	1038
20	9
1	642
6	665
6	381
0	0
307	1977
0	1977
68	0
0	84
69	543
0	470
7	0
19	0
3	268
34	49
0	141
4	668
1	307
20	0
11	668
7	73
0	0
0	0
0	0
0	0
1	0
0	1
0	0
0	0
0	0
0	0
0	0
0	0
0	0
0	0
0	0
0	0
0	0
1	5
0	5
0	5
0	0
0	0
0	0
0	0
0	0
0	0
0	0
0	0
0	0
0	0
0	0
0	0
0	0
0	0
0	0
10	6
0	1
0	6
0	6
3	1
0	1
0	9104
1	9687
0	5452
0	5146
0	4696
0	4683
0	4875
0	4807
0	5147
0	4877
0	5025
0	5119
0	5257
0	4816
0	4890
0	4704
0	5159
117	17
0	3963
3	4384
329	151
61	348
3	211
11	253
19	198
0	0
0	5
0	0
0	0
0	0
0	0
13	112
0	34
4	117
2	80
1	17
0	31
4	31
0	0
0	0
0	0
0	0
0	0
0	0
0	2
0	0
0	0
0	0
0	0
706	1973
24	696
25	388
0	638
34	600
4	605
1092	786
0	119
2	663
1	696
14	154
6	71
0	82
1	51
10	51
1	1366
17	1712
2	1510
4	590
0	1626
13	829
0	1410
3	567
0	604
0	73
16	630
177	99
8	447
0	4
2	378
0	4
0	0
2	0
0	0
0	0
0	0
0	0
0	0
0	8
0	8
1	8
0	4
0	3
0	1
0	1
0	0
0	0
0	0
0	0
0	0
0	0
0	0
0	0
0	0
0	2
3	441
0	441
0	441
13	459
0	455
1	0
0	0
0	0
2	2
1	166
15	87
30	0
0	0
1	45
10	0
0	0
3	10
0	11
0	1
0	1
0	1
0	0
2	7
2	22
0	855
0	822
0	871
3	847
16	606
1	156
0	231
0	502
0	230
0	343
0	332
0	77
1	166
0	50
1	19
0	18
2	17
2	4
37	3
0	0
68	2
96	0
170	0
0	0
0	0
0	0
0	0
10	338
0	0
0	0
0	4
0	4
1	4
0	3
0	13
0	114
1	113
0	36
0	26
0	31
0	0
2	0
0	0
0	0
22	113
0	52
54	0
0	0
4	0
6	0
0	3
0	1
0	0
0	0
0	0
0	0
39	55
0	0
0	0
0	0
0	0
0	0
10	14
0	14
3	55
16154	493
97	493
0	0
0	26
0	6
1	45
1	45
9	63
2	63
0	6
0	18
0	6
0	21
0	3
0	8
2	254
34	254
12	311
1679	846
0	342
29	170
6	231
0	43
7	454
39	1435
26	1442
0	1427
42	651
0	45
2	70
736	195
0	195
56	421
1	421
134	0
0	0
4	0
50346	56
0	0
0	0
0	0
0	0
0	16
6	15
19	16
0	15
2	0
0	1
0	2
0	4
0	0
0	0
2	18
0	5
0	0
0	0
1	7
0	2
0	0
0	0
0	0
0	1
0	0
0	0
0	0
0	0
0	0
2	6
0	0
1	117
0	0
0	0
3	10
0	0
1	26
0	0
0	0
0	8
0	9
0	0
0	0
0	0
4	2
0	0
0	0
0	0
0	0
0	0
28	32
0	3
0	0
0	0
0	1
0	0
0	0
0	4
0	1
0	0
0	0
0	0
0	0
0	0
0	17
0	4
0	0
0	0
0	1
0	0
0	0
0	0
0	0
0	0
0	1
15	28
0	0
0	0
0	0
0	0
0	0
0	0
21	16
0	0
0	0
0	0
0	9
0	102
0	3
0	0
0	0
2	0
1	2
0	0
0	0
0	0
1	7
0	0
0	0
0	18
0	0
0	14
0	1
0	0
0	1
0	0
0	0
0	0
0	0
0	0
0	0
0	1
0	2
0	0
1	6
0	0
0	0
0	18
0	14
0	1
0	0
0	0
0	1
0	5
0	0
0	0
0	0
0	0
0	1
0	2
0	0
0	0
0	0
0	0
0	0
2	10
0	0
0	2
0	0
0	0
0	0
0	0
0	0
0	0
0	0
0	1
0	3
0	7
0	0
0	0
0	1
0	0
0	8
0	0
0	0
0	0
0	1
0	0
0	0
0	0
0	0
0	0
0	0
0	0
0	1
0	0
0	1
0	0
0	12
0	0
0	0
0	0
0	8
0	1
0	1
0	0
0	8
0	0
0	0
0	0
0	0
0	0
0	16
0	0
0	0
0	0
0	10
0	0
0	0
1	14
0	0
0	0
0	0
0	0
0	0
0	0
0	0
0	0
0	0
0	1
0	2
0	0
0	9
0	0
0	1
0	1
0	0
0	0
0	7
0	0
0	0
0	7
0	0
0	1
0	1
0	1
0	0
0	7
0	0
0	0
0	8
0	0
0	0
0	0
0	0
0	0
0	0
0	0
0	0
0	0
0	0
0	1
1	4
0	3
0	0
1	5
0	1
0	0
0	0
0	9
0	0
0	29
0	70
0	0
0	0
0	0
0	0
0	0
0	0
0	0
0	0
0	1
1	0
0	2
24	24
0	11
0	0
0	0
0	0
0	0
0	0
0	0
0	0
0	0
0	0
5	721
0	540
0	572
1	49
3267	82
5	21
0	0
1	0
401	80
0	49
1	80
1	40
0	54
1	29
0	0
341	15
1	15
922	161
0	161
0	0
0	0
1	0
0	0
17	4
3	4
1	191
3	219
1	69
2	266
0	30
0	64
0	197
15	164
0	37
14	7
0	148
1	44
0	64
0	44
3	65
1	41
1257	718
53	580
0	456
2	126
83	247
3	176
0	59
0	448
0	403
0	514
2	273
156	322
1	376
0	121
0	199
81	265
0	19
0	115
13	49
7	0
5	50
3	15
296	739
13	403
14	424
8	194
204	687
31	687
0	3
0	3
0	4
0	0
0	2
0	0
0	0
0	8746
11	7991
0	8618
0	816
36	202
183	4435
4	25
49	173
7	79
74	397
3	212
21	0
22	1773
105	1690
51	1693
32	4
468	934
0	7
67	5
2	37
8	29
0	1
3	5
0	6
3	7
0	547
5	547
0	1
2	0
0	3
0	1
4	21
23	95
0	175
257	2
1	1
0	1
0	0
0	0
0	3
0	2
0	2
105	4271
6	192
17	101
0	50
1	146
8	3967
1	360
5	229
4	66
0	240
20	0
4	474
1	600
0	0
10	203
4	258
7	104
147	671
3	671
0	0
22	0
136	564
12	392
0	200
0	25
5	341
36	2658
1	2576
12	2461
18	88
0	163
37	916
5	5
26	1467
5	89
0	1293
11	125
10	822
0	492
2	349
45	846
3	846
0	811
9	221
20	580
7	34
3	18
20	1123
1	1124
0	1122
5	107
1	383
0	82
1	121
5	63
0	70
0	56
29	259
37	221
0	26
0	106
1	68
3	61
1	25
1	0
1453	1540
0	1540
0	0
151	2159
6779	2502
44	339
1186	1739
0	1488
0	603
4	360
11	191
0	83
4	323
4	267
56	2499
22	0
89	112
54	1005
0	0
0	691
0	349
106	2373
1	0
1	0
14	0
0	0
0	0
0	0
0	101
0	32
0	923
0	943
0	975
0	259
12	344
0	1000
36	284
0	328
0	131
9	749
84	103
0	0
0	0
0	0
0	2
0	2
0	2
1	2
0	2
0	3
0	7
0	4
0	3
0	0
0	0
0	3
0	0
0	0
0	0
0	3
0	0
23	546
51	546
1609	515
10	21
0	0
0	5668
1783	11004
96	5248
1	6519
14	720
38	6512
4	866
32	2755
21	1385
127	3228
49	420
25	347
1	159
0	258
12	7
15	7
0	0
0	0
697	0
18	0
0	7
0	3
0	6
0	6
0	0
0	0
0	0
0	0
0	0
0	0
1	7
0	3
0	0
0	0
0	0
0	1235
0	1214
451	1452
0	1393
0	1309
0	1390
0	1420
0	1286
0	1285
0	1492
0	1408
0	1269
0	1417
0	1550
0	1411
1	1423
0	1300
0	1323
0	1488
0	1330
0	1324
0	1473
0	1374
0	1236
0	1293
0	1324
0	1378
0	1415
0	1426
0	1493
0	0
0	418
0	590
7	480
0	304
0	0
30	73
0	137
0	0
0	0
6	7
11	68
1	0
0	0
1	0
7	423
0	0
0	0
0	0
0	563
14	2004
4	2494
40	2531
1	204
4	84
9	78
11	3
0	185
31	0
0	0
0	0
0	0
0	0
0	0
0	0
0	0
0	0
0	0
0	0
0	0
0	0
0	0
0	0
0	0
0	0
97	1184
13	1177
2	41
7	120
18	79
0	9728
63	11652
43	11758
139	7043
7038	11693
38	12242
98	11636
73	11734
25	9844
10	66
4	8784
52	1242
0	0
0	0
0	0
1	0
0	0
1	0
0	0
0	0
0	0
0	0
0	0
0	0
0	0
2	0
0	0
0	0
3	0
20	0
12	0
0	0
15	0
64	135
810	1457
10	1434
105	621
58	0
0	0
2	28
0	0
1	26
5	167
5	33
131	994
201	994
56	29
0	0
0	0
142	1036
0	1036
0	0
0	0
6	4529
66	1900
20	2731
4	4167
0	0
103	87
4	87
0	87
136	1577
48	1146
2	540
1	88
0	3
0	0
14	7
0	7
0	0
0	0
4	4
0	4
1	1
1	3
5	5
4	0
1	0
0	0
0	0
0	0
0	0
0	0
0	0
0	0
1	0
55	8210
9	6858
27	5766
0	7513
5	7190
135	7152
37	6205
1	2550
0	1360
0	698
10	551
1	579
6	48
187	199
16	492
11	462
0	0
0	0
0	0
1	7
0	2672
0	2000
0	2407
40	1360
1156	2894
3	228
0	0
767	5904
1	5828
53	415
0	4629
0	4749
1	0
5	135
1698	0
0	0
16	0
13	1
0	1
0	0
0	0
0	0
0	0
0	0
0	0
0	0
2495	409
0	0
5	96
4	358
4	66
7	103
0	10
0	10
491	339
17	29
0	326
3	162
0	164
67	1462
27	62
1	1819
55	0
38	1802
5	12
0	0
2918	1768
173	98
80	179
13	1493
95	276
2	7
0	276
0	0
0	0
0	0
0	20
1	19
0	6
0	6
1	6
0	9
0	0
0	3
0	0
0	0
0	0
0	0
0	14
0	0
0	7
0	0
0	0
356	1172
0	8
13	0
1	0
20	566
4	1164
0	0
0	0
0	0
0	0
0	0
0	0
4	9
0	7
0	2
0	0
0	1
0	1
0	1
1	3
0	2
0	0
0	0
0	2
0	8
0	0
0	0
0	1
0	0
0	0
6	0
0	0
0	0
0	0
0	0
0	0
0	0
0	0
2	0
3	0
258	1269
0	1008
1	448
18	1112
34	20
4	175
4	1043
7	185
8	296
0	0
13	29
5	77
175	94
0	55
0	53
6	55
3	52
1	29
0	3
1749	2397
3	0
4	2395
0	0
1	154
0	306
1	98
0	283
6	285
0	250
0	249
3	219
0	231
4	2
0	5
9	203
0	194
0	14
0	23
0	28
0	0
1	37
0	0
1	4
0	0
1	5
0	0
0	0
0	0
0	0
3	101
0	712
655	746
74	62
1	210
1	198
0	313
0	313
0	313
0	313
0	367
0	317
0	313
1	288
0	234
6	196
0	85
0	135
3	0
247	14064
118	1996
0	770
5	9240
0	12522
53	10402
7	7700
7	1207
0	0
0	4807
0	4555
0	4191
0	3531
0	3279
35	1242
0	2448
0	2700
84	2935
24	505
10	440
50	1286
8	371
2	0
2	626
0	30
0	109
29	109
0	539
2	581
1	68
0	457
6	338
305	534
1	534
0	467
0	0
5	8
5	0
36	636
0	636
0	66
0	273
7	5
5	195
644	0
0	3
0	3
0	3
0	3
0	1
0	43
2	43
0	26
0	13
0	7
0	0
0	0
0	0
0	0
0	715
30	710
36	482
2	492
3	156
1	4
2	167
1	405
0	2223
11	1608
0	2198
0	2223
24	1167
0	176
0	573
6	476
0	0
0	511
8	194
0	464
12	388
1	54
0	67
5	230
1	147
6	1410
20	1598
25	170
6	311
5	252
0	222
76	237
0	0
6	169
0	0
142	24
187	344
0	193
0	0
1	218
0	324
0	363
0	6601
1701	6655
8	118
15	3257
0	5911
1	86
0	475
0	5301
0	4869
0	5594
0	5421
1	5478
0	5291
0	6222
0	6515
0	3280
0	0
1	11
27	363
13	67
8	106
3	57
5	65
18	129
0	104
0	54
1	128
0	120
0	53
0	96
0	387
1	583
989	1593
0	51
2	922
22	499
3	58
2	115
3	15
0	7
19	405
10	610
0	6448
0	7212
12	450
4	1182
10	453
0	173
0	661
87	782
0	577
0	549
43	311
41	5
451	2753
0	53
3	812
7	2532
12	1978
6	425
1	840
30	362
150	296
3	526
1	95
2	1
0	1
0	1
213	0
9	267
0	271
0	214
0	149
0	138
2	1
9	91
68	2052
4	37
2	188
29	1945
0	289
4	194
0	191
16	221
9	8
0	8
0	0
0	0
0	0
0	0
132	2864
4	2951
12	2805
0	194
3	235
0	274
0	304
0	29
0	0
35	317
319	391
0	294
0	245
35	346
2	18
2	10
2	72
29	11
6	168
2172	564
6	141
3	186
6	237
0	0
4	21
0	21
0	0
0	122
0	0
0	0
0	0
1	180
18	184
0	21
0	10
0	96
0	116
0	100
0	137
5	36
1	15
0	45
0	13
2	3
1	127
416	127
13	2967
37	2957
0	1658
17	152
0	154
0	202
0	137
0	149
6	11
82	0
165	10
0	0
0	0
0	0
5	0
0	0
0	0
79	105
0	105
0	0
1	412
31	1271
3	1096
27	506
1	507
15	503
9	168
1	4
2	149
41	732
0	78
5	237
0	563
2	172
0	120
98	187
0	43
3	247
0	30
0	13
0	0
0	0
1	0
7	6238
206	1
24	1574
1	1188
0	5834
9	6031
0	195
0	422
3	264
3	289
0	137
0	59
10	157
285	3193
5	1574
0	1403
2	1345
5	1160
0	1054
12	0
2	634
4	468
32	1675
5	2309
0	3090
7	441
0	1801
0	1818
1	286
4	62
20	0
1	289
0	0
1	152
0	0
17	6
0	0
0	6
1	89
19	89
0	5
0	0
15	6
0	6
0	5
2	4
0	1
0	0
0	0
0	1
40	0
3	0
0	0
654	1017
75	413
4	23
0	75
63	2
3	584
0	0
0	0
1	0
0	0
0	0
0	0
2	0
0	0
0	0
1	0
38	20
0	11
0	11
0	6
0	7
0	1
0	1
173	0
2	0
68	727
0	727
1	4
1	4
0	0
0	1
0	4
0	0
1	1
8	11
0	0
0	0
0	0
1	0
10	107
0	0
25	8
1	88
0	90
0	8
0	6
0	0
2	0
376	804
0	873
0	509
0	560
0	141
0	335
0	133
141	93
80	366
0	135
19	114
0	353
0	0
0	0
0	1
0	1
0	0
1	0
0	0
0	0
0	0
0	0
0	0
0	0
130	0
0	0
0	0
4	0
0	0
0	0
0	0
0	0
0	0
0	0
0	4
3	4
0	0
0	0
0	0
0	0
3283	3656
5	3656
0	0
0	0
0	0
361	0
16	3310
0	0
371	14
0	14
0	0
0	0
2	15
8	34
81	34
7	0
56	168
0	56
0	0
0	0
10	114
16	37
0	16
0	5
2	0
0	0
4993	1940
53	122
0	1429
1	637
1	1100
0	8
2	0
102	0
418	48
0	48
3397	2172
6	2083
5	720
1	358
0	0
0	0
0	0
0	632
0	620
0	191
1	138
0	93
0	17
0	28
0	0
0	0
0	0
2	0
0	0
16	0
1	0
40	0
1508	7631
0	6971
94	7105
0	4222
0	143
2	2689
9	318
32	7
8	7
15	0
11	0
0	0
0	0
0	0
0	0
0	0
0	0
0	0
0	0
0	0
0	0
0	0
0	0
0	0
0	0
0	0
0	0
0	0
0	0
0	0
0	0
0	3674
7	3609
0	697
0	934
1	539
2	631
19	486
0	65
12	24
0	238
0	0
0	0
0	0
0	0
0	0
0	0
0	0
0	0
0	0
0	0
116	0
0	3447
754	3447
141	7886
1	7629
10	1911
85	1378
0	0
0	0
0	0
0	0
0	0
0	0
0	0
0	0
0	0
0	0
5	4
0	4
0	4
0	0
0	0
0	0
2	0
0	0
0	0
0	0
0	2
0	0
0	0
0	0
0	0
0	0
0	0
0	0
0	0
0	0
27	11
6	39
3	28
13	2668
0	2668
5	353
18	776
11	780
10	276
2	258
0	184
4	185
5	44
1	86
2	68
0	13
0	0
33	167
0	0
0	0
0	0
0	0
0	0
0	0
0	0
0	0
0	0
0	0
0	0
0	0
0	0
0	0
0	0
0	0
0	0
0	0
0	0
0	0
0	0
0	0
0	0
0	0
0	0
0	0
0	0
0	0
0	0
0	0
0	0
0	0
0	0
0	0
0	0
0	0
0	0
0	0
0	0
0	0
0	0
0	0
0	0
0	0
0	0
0	0
0	0
0	0
0	0
0	0
0	0
0	0
0	0
0	0
0	0
0	0
0	0
0	0
0	0
0	0
0	0
0	0
0	0
0	0
0	0
0	0
0	0
0	0
0	0
0	0
0	0
0	0
0	0
0	0
0	0
0	0
0	0
0	0
0	0
0	0
0	0
0	0
0	0
0	0
0	0
0	0
0	0
0	0
0	0
0	0
0	0
0	0
0	0
0	0
0	0
0	0
0	0
0	0
0	0
0	0
0	0
0	0
0	0
0	0
0	0
0	0
0	0
0	0
0	0
0	0
0	0
0	0
4	140
0	0
0	0
0	0
0	0
0	0
0	0
0	0
0	0
0	0
0	0
0	0
0	0
0	0
0	0
0	0
0	0
0	0
0	0
0	0
0	0
0	0
0	0
0	0
0	0
0	0
0	0
0	0
0	0
0	0
0	0
0	0
0	0
0	0
0	0
0	0
0	0
0	0
0	0
0	58
0	0
0	0
1	1046
0	0
0	0
0	0
0	0
0	0
0	0
0	0
0	0
0	0
0	0
0	0
0	0
0	0
0	0
0	0
0	0
0	0
53	91
0	1
0	1
0	0
0	0
0	0
0	0
0	0
0	0
0	0
0	2
0	2
70	30
0	0
0	0
0	0
0	0
0	0
0	0
0	0
0	0
0	0
0	0
0	0
0	0
0	0
0	0
0	1
0	0
0	0
0	0
0	0
4	0
21	2
0	0
0	0
0	0
0	0
0	0
0	0
0	0
0	0
0	0
0	0
0	0
0	0
0	0
0	0
0	0
0	0
1	18
0	0
0	0
0	0
0	0
0	0
0	0
0	0
0	0
0	0
0	0
0	0
0	0
0	0
0	0
0	0
0	0
0	0
0	0
0	0
0	0
0	0
14	0
0	0
0	0
0	0
0	0
0	0
0	0
0	0
1	15
0	0
0	0
0	0
0	0
0	0
0	0
0	0
0	0
0	0
0	0
0	0
0	0
0	0
0	0
0	0
0	0
0	0
0	0
0	0
0	0
0	0
0	0
5	0
2	2
0	0
0	2
0	0
0	0
0	0
0	0
0	2
0	2
0	2
0	0
0	0
0	1
0	2
0	1
0	2
0	0
0	0
0	1
0	1
1	1
0	1
2	2
0	0
0	2
0	1
54	40
10	40
0	0
0	0
1	0
0	0
0	0
24	1139
13	1093
6	1074
1	26
17	291
0	328
1	0
0	85
3	131
0	131
0	0
8	36
0	7
61	9
1	7
1	4
16	5
0	0
0	2
0	3
1	0
2375	728
0	486
0	161
17	58
0	81
2	3
1510	2472
0	168
9	1049
1	1345
0	785
0	1335
7	1128
21	261
2	500
17	995
196	1202
0	1134
1	25
0	367
0	234
33	77
3	240
0	65
22	108
1292	1200
51	1109
0	502
3	599
0	399
4	348
0	335
18	26
0	77
12	57
0	0
0	0
0	0
1376	506
0	0
3	244
53	305
0	70
8	0
30	0
7	55
0	0
0	0
0	0
0	0
1	0
0	0
0	0
0	0
0	0
0	0
1	1031
10	1018
0	906
25	727
9	702
0	839
2	110
1	475
15	24
48	0
0	43
0	71
18	125
80	2
0	0
0	0
2	0
1	259
1	18
0	0
0	2
0	0
0	0
0	0
0	5
0	0
13	5966
5	10021
0	0
0	0
0	0
127	859
0	804
4	34
3	45
0	0
8	0
0	0
0	0
0	0
0	0
0	0
0	0
0	0
0	0
0	1
0	1
0	1
0	0
0	0
0	0
0	0
0	0
0	0
0	0
0	0
16	153
14	122
0	126
45	113
1028	1034
1	974
0	565
1	0
5	0
6	3937
0	3815
0	560
0	445
0	91
1	172
1	153
99	18
0	29
0	29
116	298
10	42
5	243
0	174
29	117
7	0
0	9
4	0
8	9
1	805
1	510
0	786
0	20
2	0
395	759
67	0
0	0
0	0
0	340
0	0
0	0
0	246
0	25
0	17
5	0
1	0
27	0
1721	0
99	0
0	0
8	0
0	0
0	0
0	1184
4	1118
1	129
0	6
14	554
0	0
0	0
23	143
0	0
2723	170
2	170
0	0
293	15
168	5196
0	264
0	0
33	5184
72	22
2	0
10	6384
408	27408
870	27409
21	40
47	2023
2	27192
66	923
2	102
21	909
19	874
4	55
13	240
2	12
2	168
1	11
0	0
1	0
0	123
19	1447
5	1511
0	187
1	15
4	4
22	1497
3	1512
1	1484
0	16
0	25
4	134
60	0
0	0
0	1501
1	26
3	485
0	485
0	0
5	0
0	16
0	0
157	3370
110	3280
4	314
3	3180
0	3369
0	2890
0	2899
0	2983
0	2935
0	3035
0	3111
0	2967
0	2934
0	2888
0	2919
0	2861
0	2888
0	2845
0	2857
0	2876
0	3053
13	139
27	200
11	133
10	21
205	305
0	0
0	0
0	0
0	0
0	0
0	0
0	0
0	0
0	0
0	0
0	0
0	0
0	0
0	0
0	0
0	0
6	113
110	253
0	230
14	17
0	17
1	12
0	0
44	0
0	36
2	109
20	0
5	2
1	2
0	0
0	0
0	0
0	34
0	619
6	800
0	728
121	8
20	457
588	877
2	443
2	585
88	2
0	144
32	0
8	4
0	33
0	29
0	4
1	4
2	0
0	1
0	1
0	0
0	1
0	0
0	0
0	0
0	0
0	0
0	0
0	1
0	1
0	0
0	0
0	0
0	0
0	0
0	0
0	0
0	0
0	0
0	0
0	0
0	0
0	0
0	0
0	0
0	0
0	0
0	174
0	0
0	0
0	0
0	0
0	0
0	0
0	0
0	0
0	0
0	0
2	0
0	0
0	0
0	0
1950	2707
3	2698
14	416
25	0
23	169
457	0
262	266
1	490
57	784
633	1478
129	548
7	1113
1	1008
5	88
9	156
3	13
13	8
105	89
0	81
110	2421
13	2405
0	172
13	1291
98	435
1	2
1	0
0	1
4	0
1	1
0	0
0	0
0	0
0	0
0	0
0	0
2	0
0	0
0	0
0	0
0	0
0	0
29	126
1	126
0	0
0	0
0	0
0	0
1	0
0	0
0	0
0	0
0	0
0	0
0	0
0	0
0	0
0	0
0	0
0	0
0	0
12	0
0	0
0	0
0	0
0	0
0	0
0	0
0	0
0	0
0	0
0	0
0	0
0	0
0	0
0	0
0	0
0	0
0	0
0	0
0	0
0	0
0	0
0	0
0	0
0	0
0	0
0	0
0	0
0	0
0	0
0	0
0	0
0	0
0	0
0	0
0	0
0	0
0	0
3	13
0	13
0	0
0	0
0	0
0	0
0	0
0	0
0	0
0	0
0	0
0	0
0	0
0	0
0	0
0	0
0	0
0	0
0	0
0	0
0	0
0	0
0	0
0	0
0	0
0	0
0	0
0	0
0	0
0	0
0	0
0	0
0	0
0	33
0	0
0	0
0	0
0	0
0	0
0	0
0	0
0	0
0	0
450	462
0	83
0	7
0	144
5	240
45	386
8	337
0	0
0	0
0	25156
63484	25164
96	995
18	270
4	47
4	1020
4	287
3	32
0	35
5	39
1498	3281
0	148
1	3125
1	286
1	274
39	22
2	94
2	172
13	51
2	13
1	17
3	51
1	95
124	92
3	7
17	7
0	4
1	4
0	3
3	782
6	900
0	781
2	764
14	647
0	321
0	276
0	406
0	0
166	1421
16	541
32	710
19	1070
52	833
0	685
0	666
0	813
110	550
0	109
4	199
1	194
2	35
0	122
0	128
10	998
1108	3501
0	3501
0	2225
25	347
0	428
0	0
439	729
2	142
3	0
0	0
0	0
0	0
0	0
0	0
0	1
0	1
0	0
0	0
161	2442
35	238
37	238
65	2442
0	0
20	33
1	1
0	33
0	4
10	0
276	0
4	0
0	0
0	0
0	0
0	0
0	0
0	0
0	0
0	0
0	0
1	0
0	0
1	9
0	0
0	0
0	0
0	0
0	0
0	0
0	0
0	0
0	0
0	0
0	0
0	0
0	0
0	0
0	0
0	0
0	0
0	0
0	0
0	0
0	0
0	0
0	0
0	0
0	0
0	0
0	0
0	0
0	0
0	0
0	0
0	0
0	0
0	0
0	0
0	0
0	0
0	0
0	0
0	0
1317	0
0	0
0	7
0	2
0	0
0	0
0	0
0	0
1	346
3	295
1	96
0	293
0	270
0	255
0	152
1	93
64	300
0	134
9	254
8	47
2	50
0	12
1	92
0	28
13	43
5	43
26	3505
3	3408
0	620
0	1100
0	400
1	862
0	525
1	304
0	217
5	236
2	83
0	142
10	14
0	0
0	0
1	0
0	0
18	5
8	2141
4	2386
28	721
8	2186
1	1955
0	2371
0	2323
20	0
5	181
0	2207
35	766
2	47
0	0
4	31
0	66
1	237
7	22
2	474
0	250
0	14
0	215
7	62
0	77
1	37
0	9
1	6
4	1792
18	1758
12	1815
1	1817
4	289
1	301
6	210
3	209
3	153
1	133
1	13
1	24
0	11
0	0
137	64
18	13
2	55
23	0
4	0
0	0
0	0
0	0
0	0
0	0
0	0
0	2
3	0
1	5250
0	4928
0	5390
0	4902
0	4658
85	4448
62	3934
47	3998
5	921
18	730
2	396
23	219
1	101
0	28
1	16
0	0
14	16
0	27
0	17
2	6
1	0
0	1
0	2
0	20
0	0
0	3
0	1
0	4
0	2
0	1
0	1
1	12
6372	97
14	93
3	2
0	4211
73	4274
1	1032
2	998
2	125
25	296
15	1315
1	2
10	587
15	88
4	247
2	0
23	75
7	24
0	165
5	61
22	64
67	0
1	0
3	178
1	95
9	139
0	162
0	23
0	19
0	31
0	5
0	0
1649	1294
45	1104
1	0
0	409
0	92
9	781
0	452
0	107
0	89
0	42
13	578
2	37
14	190
1	127
15	312
0	330
0	103
0	242
1	25
21	27
10	298
0	298
0	0
0	0
0	0
1	2
9	3
0	3
0	0
0	0
0	0
0	0
0	0
0	0
0	0
0	0
0	0
0	0
0	0
0	0
0	0
0	0
0	0
0	0
0	0
0	1
0	1
0	0
0	0
0	0
0	0
0	0
0	0
0	0
1	0
0	0
0	0
0	0
0	0
1	0
0	0
0	0
0	0
0	0
0	1
0	1
0	0
0	0
0	0
0	0
1	0
0	0
0	0
0	0
0	0
0	1
0	1
0	0
0	0
0	0
0	0
0	0
0	0
0	267
0	100
0	0
0	0
0	0
0	0
0	0
0	1
0	405
0	0
0	0
0	0
0	2
0	0
0	0
0	0
0	0
0	1
0	0
0	0
0	0
0	2
0	2
0	0
0	0
0	1
0	0
0	0
0	0
0	0
0	0
0	0
0	0
0	0
0	0
0	0
0	0
0	0
0	0
1	0
0	0
0	0
0	0
0	0
0	0
0	0
0	0
0	0
0	0
0	0
0	0
0	0
0	100
0	0
0	0
0	0
0	0
0	0
0	1
0	405
0	0
0	0
0	0
0	2
0	0
0	0
0	0
0	0
0	1
0	0
0	0
0	0
0	2
0	2
0	0
0	1
0	0
0	0
0	0
0	0
0	0
0	0
0	1
0	1
0	0
0	0
0	0
0	0
0	0
0	0
0	0
1	1
0	1
0	0
2	0
0	0
0	0
0	1
0	0
0	0
0	0
0	0
0	0
0	1
0	1
1	0
0	0
0	0
1	0
0	0
0	0
0	0
0	0
0	0
0	0
0	0
0	0
1	0
0	0
1	0
0	0
0	0
0	0
0	0
0	0
0	0
0	1
0	0
0	0
1	0
0	0
0	0
0	0
0	0
0	0
1	0
0	0
0	0
0	0
0	0
0	0
2	0
0	0
0	0
0	0
0	0
0	0
0	0
1	0
0	0
0	0
0	0
0	0
0	0
0	0
0	0
0	0
0	0
0	0
3	0
0	0
0	0
0	0
0	0
0	0
0	0
0	0
0	0
10	0
0	0
0	0
0	0
0	0
0	0
0	0
0	0
0	0
0	0
0	0
0	0
0	0
0	0
0	0
0	0
0	0
0	0
0	0
0	0
0	0
0	0
0	0
0	0
0	0
0	0
0	0
0	0
0	0
0	0
0	0
0	0
0	0
0	0
0	0
0	0
0	0
0	0
0	0
0	0
0	0
0	0
0	0
0	0
0	0
0	0
0	0
0	0
0	0
0	0
0	0
0	0
0	0
0	0
0	0
0	0
0	0
0	0
0	0
0	0
0	0
0	0
0	0
0	0
0	0
0	0
0	12
34	12
1876	2004
184	2004
32	2186
0	596
0	2401
0	2401
9	357
2	322
0	488
0	374
6	168
0	0
0	0
8522	1068
117	824
0	0
0	0
3	0
26	34
83	218
721	680
4	254
9	357
3	1325
0	1325
7	1325
42	1321
0	309
0	216
6	381
2	354
1	293
0	272
0	64
1	0
229	977
0	3
45	20
1	45
21	954
8	703
3	169
2853	4355
9	313
31	3907
24	342
85	74
2	17
2	1688
4	0
0	0
34	0
7184	1561
4	213
0	1376
15	1165
171	112
0	41
1	93
0	57
1178	998
0	295
6	710
2	431
17	324
1	148
0	55
355	239
0	1
0	9
0	200
1	62
1	35
2	28
450	813
6	813
0	0
150	24
0	23
3	1
1521	1632
20	1591
0	13
1	0
0	0
188	19
0	19
0	0
2	2705
1	2375
2	2570
0	4768
0	2708
0	4516
18	2695
0	1863
6	3966
3	521
0	0
13	327
0	438
54	706
20	181
85	688
0	345
1	299
1	84
1	0
3	63
4	47
44	258
2	62
19	474
0	627
100	233
2	186
231	673
1	20
13	289
0	532
0	0
0	0
1	0
172	76
6	76
0	0
0	1
0	1
0	1
0	1
0	1
0	1
0	26
0	1
17	499
14	499
2	71
0	22
24	13
0	92
0	98
0	104
57	2338
15	10
3	1411
1	93
34	2266
44	153
10	539
40	1861
49	1721
52	1431
0	1211
5	1003
6	894
0	1123
50	29
9	89
0	123
0	123
0	115
2	106
0	95
2	109
1	122
0	80
0	129
0	73
0	25
16	110
10	101
0	30
0	0
1	3
0	0
0	3
0	0
0	1
0	1
0	0
0	0
0	0
0	0
0	0
0	0
0	0
0	0
0	5
0	5
0	0
0	0
0	0
0	0
0	0
0	1
0	0
0	0
0	0
0	0
813	251
3	107
1	1
1	144
0	1
0	1
0	0
2	1
0	4
0	136
0	618
276	83
1	56
84	27
48	0
404	617
28	706
0	133
5	728
0	756
0	826
0	785
7	530
5	118
13	82
12	38
0	19
6	62
0	59
2	3
11	23
0	0
0	0
0	0
0	0
0	0
0	0
0	0
0	0
0	0
6	425
121	926
1	205
3	457
1	360
0	215
0	274
10	101
0	489
0	21
0	21
0	23
0	23
0	24
0	1
0	5
0	0
0	17
1	15
0	1
0	1
0	0
0	0
0	0
0	0
0	0
0	0
0	0
0	0
0	0
0	0
0	0
0	0
0	0
0	0
1	0
0	0
0	932
31	932
2	762
0	70
0	793
11	770
16	31
1	523
0	71
0	637
3	69
0	69
0	64
4	1
0	1
67	2840
2	83
0	20
9	239
6	2808
122	912
0	19
2	2576
12	100
0	522
0	2821
3	2916
0	2939
5	2736
1	2236
0	2428
1	59
0	498
0	0
0	0
0	2149
18	3106
1	919
22	589
3	1740
0	122
0	387
4	1118
0	1385
5	1453
4	1432
0	298
2	636
0	10
3	28
27	46
16	19
32	3083
0	2565
3	1172
22	1273
2	1298
0	1385
14	880
5	821
2	641
0	100
30	848
2	514
0	647
1	20
33	643
0	70
0	68
51	1262
23	1262
26	92
0	1253
69	784
0	144
0	174
291	110
1	75
5	23
1	24
28	1586
1	1413
7	164
0	164
0	164
0	164
0	1514
1	106
0	280
6	233
1	1741
0	73
0	104
0	114
5	3064
34	3080
0	3087
0	3060
0	2745
0	3299
3	2157
2	209
44	1870
7	588
1	1019
31	661
5	432
147	0
0	25
8	24
0	23
0	24
0	24
0	19
0	21
0	0
169	1454
55	1521
13	93
260	2092
0	1222
0	1054
6	884
17	719
1	76
214	228
2	33
0	46
6	160
3	42
77	656
2	35
35	493
0	945
2	989
13	410
1	222
5	251
9	168
0	0
0	0
0	384
0	372
18	371
0	48
1	47
0	33
9	925
2	906
0	875
0	869
0	820
7	725
15	810
5	40
6	119
1	38
0	535
27	1498
233	1498
1	258
998	275
1	275
325	138
9	138
1	18
14	18
19	0
7	154
4	154
7	129
0	18
1	5
0	0
72	1047
0	222
4	1047
5	1016
2	149
0	37
0	92
0	263
0	10
0	7
23	317
10	403
0	266
6	24
0	30
5	21
0	85
0	175
0	177
0	87
0	16
30	579
0	579
95	54
0	52
17	2877
80	2367
1510	2788
4	97
167	332
0	274
0	208
0	168
0	166
0	80
0	208
10	140
0	133
2	56
0	37
0	13
2	63
14	9
0	85
0	3
0	0
2	436
0	436
17	2
2	2
0	10
0	0
3	10
0	0
7	43
2088	0
14	4
1056	0
108	0
4	2
0	2
0	0
1	0
0	0
0	0
0	0
0	0
0	0
0	0
0	0
0	0
0	0
0	0
0	0
2	0
0	0
0	0
53	0
0	0
4656	290
0	290
3	0
1	4
0	3
0	3
0	0
0	1
0	1
0	0
0	379
2	391
0	12
2	95
0	0
1	12
1904	178
0	0
0	0
0	0
1	178
12	5
4	5
6	1
617	230
13	29
7	48
5	153
4	97
80	35
6	35
347	671
90	671
29	43
3	181
0	0
1	1589
7	1601
0	1601
1	1105
60	430
134	0
0	0
0	0
0	0
0	0
8	110
28	709
1358	2827
1	1903
2	118
4	153
5	431
7	100
0	0
6	0
0	0
346	0
0	0
0	0
0	0
0	0
0	0
0	0
0	0
856	563
1	475
0	330
0	0
52	185
0	41
1	0
38	517
8	52
29	452
0	1
0	64
3	51
0	0
62	0
1	520
0	520
0	199
0	0
1108	1188
0	1102
3	707
0	76
0	127
0	100
1	69
0	655
0	35
5	25
359	812
0	776
9	650
0	126
0	0
1	16
0	109
1	80
1	80
0	22
0	6
999	1883
0	380
11	253
0	0
1	1050
0	1078
0	1088
139	166
1	37
2	133
0	30
0	7
303	656
35	656
0	0
2205	1320
0	1318
0	235
1	47
41	128
8	1597
495	2220
0	226
0	431
5	35
2	4
0	4
0	0
45	49
33	49
1	49
0	0
0	0
0	0
1	0
0	0
0	0
0	0
0	0
0	975
0	0
0	0
0	0
0	0
0	0
0	0
0	0
0	0
0	0
0	0
0	0
0	0
1	375
20	2851
1	1216
1	2804
3	3
27	294
3	5
1	343
1	265
0	365
11	6
0	5
5	3
32	7
19	177
40	128
4	127
2	108
89	14
10	403
0	392
7	77
3	0
16	91
1	24
0	30
32	227
955	622
0	622
5	77
13	8
18	376
0	353
1	314
138	372
25	345
59	214
0	13
1	33
1	0
2273	0
6	0
1248	158
0	0
0	0
8	156
0	16
4	88
24	4
1	1
0	0
0	0
0	0
0	0
0	2049
0	0
4	2051
169	0
2069	2051
176	2047
0	356
1453	168
0	3
0	12
147	805
314	4554
3	60
1	2005
20	3326
4	52
0	10
91	71
0	71
2	0
0	0
0	0
0	146
0	3436
2	3461
0	182
58	0
0	150
49	359
20	2586
8	1285
54	0
0	0
0	834
1	656
0	835
6	156
2	653
63	1263
0	1372
0	228
8	274
0	165
0	0
0	0
0	128
0	114
0	129
604	240
23	126
1	216
0	0
5	3
0	3
0	1
0	0
0	1
0	1
0	0
3	26
1	26
1	76
118	189
4	158
0	0
8	47
2410	117
5	117
0	1
0	4
0	0
0	0
279	536
3	536
0	0
6	0
0	198
3	198
13	85
1	83
5	50
30	31
0	22
1	3
0	3
66	9
14	44
0	14
31	0
450	14
0	47
0	0
0	0
0	0
0	0
19	594
1	603
1	75
0	21
0	0
1	5
0	0
5	0
0	0
233	0
315	0
1	0
0	0
0	0
0	0
0	0
0	5
0	5
0	53
333	266
1	224
48	32
0	0
0	0
0	0
1	0
0	0
0	0
0	0
1	0
0	0
16	119
15	26
752	135
0	21
0	0
1	0
0	0
27	2201
1065	2201
0	157
18	50
110	651
9	202
154	476
0	0
1	0
1388	93
34	93
0	4
0	0
0	0
0	0
0	0
0	0
0	0
0	0
0	0
0	0
0	0
0	0
0	0
2	1
0	0
0	0
0	1
0	0
0	0
9969	3691
62	0
5	3691
1	5850
156	6324
0	6285
3	1249
0	324
9	4
0	1
0	4
0	4
8	0
0	4
0	4
0	2
0	2
0	2
0	2
0	0
0	0
16	3
3	3
1	0
346	2
0	2
0	0
0	0
0	0
0	0
0	0
0	0
0	0
0	0
117	101
1247	101
1	0
3	12
128	27
0	4
0	20
0	0
0	5
107	140
2	30
9	140
49	0
0	0
0	0
0	0
0	0
0	0
0	0
0	0
0	0
0	0
0	0
0	0
0	0
0	0
0	0
2	0
0	0
1	452
0	357
0	264
18	119
0	0
0	0
0	0
1	0
0	0
0	0
0	0
0	0
0	605
16	6109
248	154
18	132
3189	6007
1	0
53	610
252	476
20	0
8	755
22	768
0	430
4	453
9	467
0	421
2	475
51	0
0	0
105	270
0	0
0	407
0	407
38	132
12	233
27	3196
0	3196
6	258
0	0
0	0
0	0
0	0
367	6
0	0
0	1
0	6
0	2
0	2
0	2
0	2
0	0
0	0
0	16
0	1
241	34
1	15
1	17
0	1
0	1
0	1768
86	1749
4	1668
2	26
0	26
268	140
0	147
2	100
1189	314
1	93
0	233
405	187
5	11
4	12
37	152
1	26
987	713
59	709
3	31
547	0
0	0
3088	2495
3	1056
3	81
5	2294
0	1949
0	1816
0	1586
1	907
1	1309
286	0
0	0
0	148
0	0
0	309
0	309
40	309
0	0
0	0
0	1932
0	1869
1	680
0	1864
41	647
0	1536
20	140
4	751
0	0
0	0
1	0
903	241
11	85
4	231
0	0
0	0
0	12
0	1
0	2
0	10
0	9
0	10
0	1
0	5
0	0
1	12
0	11
2	5
0	5
0	5
0	6
0	0
0	0
0	2
4557	20
0	9
4	9
2	11
0	11
0	0
0	1
0	0
2	0
0	0
0	2761
26	2960
0	797
0	334
0	241
0	229
10	54
227	1782
0	744
0	1648
39	435
0	270
0	0
10	0
0	0
0	5
0	5
0	0
0	5
0	0
0	0
0	0
0	0
0	0
14	0
0	0
0	0
79	0
4	828
0	859
6	104
0	417
7	7
32	229
4	177
25	177
8	714
0	35
0	42
0	263
0	739
2	3
0	3
0	1
3803	2984
2	645
109	1789
0	0
0	0
0	11
195	0
0	0
21	11
0	0
0	0
0	0
0	0
0	0
0	0
5405	2
3	55
0	55
2	55
1	10
15	16
3	0
0	0
0	0
0	0
388	0
0	118
0	0
0	0
0	0
1	0
10	745
163	852
1	468
0	5
0	40
0	103
0	9
0	0
0	1
0	0
0	0
0	0
0	0
0	2890
0	179
0	256
0	1
0	1701
0	9
0	740
3	131
0	120
0	86
0	51
0	2129
0	12
0	5
5	163
0	40
0	103
0	9
0	0
0	1
0	0
0	2890
0	179
0	256
0	1
0	9
0	740
0	84
0	46
0	0
1626	2862
0	2765
0	12
0	5
0	113
0	0
20	479
21	479
1	11
4	89
0	60
28	994
169	1437
13	1470
25	24
3	0
177	221
27	149
5	66
453	333
0	302
44	333
9	268
0	0
0	0
1	10
1	43
0	0
3	43
772	178
1	5
1	93
3	27
4	120
46	853
1789	853
3	98
1	104
4	58
0	20
0	33
24	653
0	698
0	297
7	170
0	156
0	187
0	217
21	122
0	122
0	12
9	228
0	232
0	181
1	165
14	3
8	3
0	177
2	194
15	152
0	0
0	0
0	0
1267	790
0	766
0	799
8	174
4	19
93	134
1	253
0	205
0	48
0	131
0	103
0	89
5	23
0	46
25	1
0	1
0	0
0	0
0	0
17	815
11	798
2	111
6	135
12	59
3	24
0	0
9	0
0	0
19	1071
72	1042
3	951
0	59
6	609
14	0
0	47
0	0
0	0
0	7
4	7
0	1
71	651
422	737
0	270
10	0
5	183
0	85
0	9
1	1
8	2420
0	2765
4	2558
21	206
0	189
6	174
718	4
3	77
0	76
0	69
0	62
2	61
0	65
3	61
0	12
12	2
0	3
0	1
0	1
2	2
0	2
386	2691
0	2799
0	2773
16	2131
5	1615
0	0
102	102
1	0
0	0
0	12
80	17
0	2
0	3
0	3
0	3
0	0
77	78
0	37
2	53
0	0
0	0
0	0
0	0
0	0
0	0
0	0
0	0
0	0
0	0
0	0
0	0
0	0
0	0
1794	4651
32	4409
9	209
4	1675
0	218
0	0
24	201
157	82
0	0
0	0
1	0
0	0
0	0
0	1
5	0
0	7
0	34
4	35
0	1
0	49
0	80
0	138
0	175
0	904
0	245
2	43
3	154
0	712
1	217
14	116
0	9
0	868
0	159
0	877
0	74
1	33
4	219
2	833
7	60
0	778
0	901
0	530
0	360
1	0
0	46
20	114
1	0
1792	232
10	155
0	0
953	0
3	0
9	51
0	26
0	0
6534	12416
5	12027
0	5459
1	1753
37	386
0	0
45	514
36	18
21	513
227	74
0	64
2	3
5	3
546	2582
0	2434
5	188
6	64
1	148
0	0
0	0
0	1
0	0
0	0
0	738
9	1
0	0
0	0
2	651
0	0
0	0
0	0
2	0
0	0
0	0
12	0
0	0
79	4740
34	1287
20	300
0	1229
15	4502
0	3222
0	3255
2	3257
17	2632
9	1358
0	372
275	991
0	904
0	1026
45	217
0	0
0	0
0	0
14	110
1	0
0	0
17	19
8	19
1	0
0	75
11	0
0	203
1	185
2	1409
0	0
22	1965
0	186
12	0
1	12
0	1897
0	0
8	34
3	0
0	0
0	0
0	0
30	1645
0	86
47	1644
0	157
0	0
0	0
0	0
0	0
0	0
0	0
0	0
0	0
0	0
0	0
50	2862
549	2862
4	137
0	0
532	173
3	160
0	31
0	44
0	18
3	18
1	2
52	0
77	34949
6	27042
23	9492
3	1533
8	14064
1	26508
16	6210
0	6950
0	0
907	0
2	0
0	0
2357	4
658	2
2	2708
0	0
21	6072
115	6072
0	37
128	53
1	83
1	118
0	57
0	40
0	40
0	1623
5	1958
0	2467
0	5401
728	6317
41	909
8	1976
1	0
17	0
3	7
0	5
0	8
1	2
1	2
0	0
0	4
0	4
2	0
0	4
0	4
0	0
0	0
2	0
0	0
4	0
0	0
0	0
0	0
192	205
72	207
3	80
33	297
2	190
1	187
9	128
2	32
7	6
0	3434
1	2
0	0
0	0
0	9
1	25
0	30
0	0
0	0
0	0
0	0
0	0
0	2
0	0
0	0
0	0
389	348
3	122
11	238
545	415
0	421
0	421
0	0
0	0
0	0
0	0
0	0
0	0
0	0
0	0
0	0
48	0
0	0
0	0
3488	619
72	401
0	231
14	178
1370	807
0	807
6	554
0	627
0	623
17	20
0	355
0	0
0	0
0	0
0	0
0	0
1046	3702
71	306
65	1169
102	2765
0	0
0	5
0	1
6	30
2	911
0	0
0	0
0	0
0	0
0	0
0	0
431	0
118	555
36	152
0	226
13	340
2	98
0	37
46	144
1	144
748	74
0	132
0	132
221	1308
63	867
3	919
45	164
124	4645
9	4703
10	4345
159	279
0	0
879	1228
6	858
1	254
0	370
6	370
0	1
0	1
0	0
0	0
0	0
0	0
0	0
0	0
0	0
0	0
0	0
0	0
0	0
0	0
0	0
0	0
0	0
0	0
0	0
0	0
0	0
0	0
0	0
0	0
0	0
0	1
0	1
0	0
0	0
0	0
0	0
0	0
0	0
0	0
0	0
0	0
0	0
0	0
0	0
0	0
0	0
0	0
0	0
0	0
0	0
0	0
0	0
0	0
0	0
0	0
0	0
0	0
0	0
0	0
315	5
7	5
0	0
0	0
0	0
0	0
0	0
1	0
0	0
0	0
0	0
0	0
0	0
0	0
0	0
0	0
0	0
0	0
0	0
0	0
0	0
0	0
0	0
0	0
0	0
0	674
0	656
0	63
2	41
5	41
14	0
0	509
0	441
0	0
0	321
0	41
0	0
0	0
0	0
0	0
283	949
6	1088
0	978
16	0
0	0
1	175
1	294
20	0
7	95
0	0
0	0
0	0
0	0
0	0
23	5490
0	0
0	0
0	0
0	0
0	0
0	0
0	0
0	0
14	25
0	25
0	0
0	0
0	0
0	0
0	0
19	861
0	630
0	0
0	0
0	0
0	0
0	0
0	0
0	0
0	0
1	0
0	0
0	0
0	0
4	471
0	0
0	0
0	0
0	143
1	140
0	111
0	103
0	86
0	0
0	0
8	3
0	0
0	0
0	0
17	0
3	15
0	73
0	0
0	0
0	0
0	0
0	0
0	0
0	0
0	0
0	0
1	30
0	0
0	0
0	1
0	0
0	0
0	0
0	0
0	0
0	0
0	0
0	0
0	1
0	0
0	0
0	0
0	0
0	0
0	0
0	0
0	0
0	0
0	1
12	1150
0	1181
36	466
1	0
0	0
0	0
0	0
0	0
0	0
0	0
0	0
0	0
19	322
1478	897
4	891
10	660
0	227
27	61
23	516
12	22
43	496
2	83
172	1229
5	1036
10	65
2	1031
72	538
0	55
15	158
0	487
23	372
16	311
39	163
8	0
41	193
0	167
1	130
0	0
9438	2147
745	2091
0	0
0	0
0	2
0	0
7	0
1	0
0	0
20	0
0	0
0	0
0	0
622	273
0	267
3	113
0	0
1	51
2	0
0	0
0	0
32	5
1	0
0	0
1	0
0	0
0	0
0	0
0	0
0	0
0	0
0	0
0	0
0	0
0	0
0	0
1	681
2	428
0	543
0	423
1	259
0	229
0	228
0	72
0	240
3	12
5	0
206	550
137	550
5	384
0	14
6	307
255	749
0	5
45	434
21	623
0	0
0	0
6	2
0	2
59	14902
0	550
35	14191
3	2258
315	2312
0	2511
335	14296
108	7511
13	861
18	12996
0	12800
8	1050
62	697
342	2576
111	1102
0	767
1	283
0	0
0	0
0	0
0	0
4	0
2504	66
0	58
0	0
1	0
0	9
0	0
63	0
1106	0
0	0
102	3751
4	3710
3	2724
23	701
1	274
7	517
34	129
14	1848
32	6157
3	6026
0	6192
0	0
34	449
0	736
0	0
61	233
5	169
3	0
0	0
0	0
1	0
0	0
3	179
21	179
44	318
0	0
15	236
0	57
2	282
0	0
21	902
0	916
5	594
0	0
0	1
0	1
0	0
0	0
1	0
20	4
2	4
493	140
0	2
15	144
1	143
0	33
0	0
0	0
0	0
0	0
0	0
0	0
0	0
0	0
725	397
147	182
31	179
39	1423
51	1592
0	1616
108	1395
0	0
0	0
0	0
464	3112
0	2626
24	788
0	0
347	1106
0	0
0	1547
0	1908
9	0
0	0
0	0
0	0
2	0
5	3
1	3
0	27
0	7
0	6
0	13
13	22
0	0
0	0
0	0
0	0
0	0
0	0
0	0
0	0
0	4849
0	4849
0	0
0	0
1198	2
0	0
0	0
0	0
0	0
0	0
0	0
0	0
0	0
0	0
0	0
0	0
0	0
0	3
0	0
0	0
0	0
0	0
0	0
0	0
0	0
0	0
0	0
0	1
6	0
0	0
0	0
0	0
0	0
0	0
0	0
0	0
0	0
0	0
0	0
257	0
0	0
0	0
0	0
0	0
0	0
0	0
0	0
17	1
0	1
0	0
0	0
0	0
0	0
0	0
0	0
0	0
0	0
0	0
0	0
72	2523
0	0
0	0
0	0
0	0
0	0
0	0
0	0
0	0
0	0
0	0
0	0
0	0
0	0
0	0
618	0
0	0
0	0
0	0
0	0
0	0
0	0
0	0
0	1
0	0
0	1
0	0
0	0
0	0
0	0
34	136
64	203
1	212
0	153
0	0
2	6
2	0
0	6
2	2
0	0
5	452
2	390
0	515
0	19
810	0
1	0
0	0
2631	4
71	0
2	0
0	0
0	0
0	0
0	0
0	0
0	0
0	0
0	0
2	4426
2	4242
0	3435
0	2466
4	69
1	114
0	0
0	0
0	0
0	0
0	0
0	12
0	2
0	0
1	12
3	210
1	0
3	219
5	182
4	163
0	24
0	19
4	61
0	0
5	0
7	9
7324	4
5	0
0	68
19	173
4	31
1	30
0	17
0	13
2	14
1	17
0	11
0	16
0	66
1	0
2	9
6	42
3	0
0	0
4	225
0	0
0	0
0	0
0	0
0	0
0	0
0	0
0	0
0	0
5	8727
0	4941
737	3081
19	8526
278	1699
0	5852
5	4426
7	2
0	859
0	0
83	5297
2059	3
0	0
0	0
0	0
0	0
1	0
0	1
0	1
299	6767
27	1233
2	6548
0	421
2078	785
1	412
792	2
35	147
1717	1218
1	611
0	608
7	170
152	36
1	0
0	0
976	844
11	844
0	0
0	0
0	0
7	2956
0	1361
0	3076
0	2915
1	922
3	2560
49	2437
29	142
2	190
3	51
5	47
0	5
0	0
3	5
1	5
10	2
863	475
0	236
10	0
1	169
0	299
87	1
0	1
4	0
0	0
0	0
40	104
11	104
7913	9939
0	1857
0	8282
4	385
23	225
43	354
0	0
3	354
0	0
0	0
0	0
0	0
2	0
0	0
0	0
0	0
0	0
0	0
0	0
0	0
0	0
1	68
0	33
408	467
0	45
0	228
0	91
0	0
15	0
0	1
2	187
0	46
1	46
2	66
1	210
20	143
1	85
846	732
4	461
1	448
9	380
241	7
2	8
13	8
2	1
2	1861
8	1461
7	1403
0	1399
0	493
7	53
70	53
13	974
9	196
4	184
1	0
0	146
1	11
0	5
0	0
0	0
0	0
0	0
0	0
0	0
0	0
24	19
0	18
0	18
0	0
2	0
1	7
1	7
2	7
0	7
0	6
0	5
0	1
0	0
10	34
3	34
0	0
0	0
0	0
1	0
0	0
0	0
1	0
0	0
0	0
0	0
0	0
0	0
4	2
0	1315
7	7548
4	650
53	7783
1	386
2	355
0	1278
3	0
0	0
0	0
384	884
0	838
1	352
1	311
10	176
1	76
20	99
1	66
25	2
18	14
0	0
0	0
0	0
0	1
524	74
0	72
4	34
1645	200
1	200
0	0
3	0
11	28
0	40
9	31
0	16
0	3
4333	5200
0	2
0	4543
0	1643
0	0
0	805
0	498
0	0
1	7
14	7
10	19
0	7
0	19
0	18
0	4
0	0
0	0
0	223
0	0
0	0
0	0
0	0
10	0
0	0
0	77
422	141
8	64
1747	6879
57	6786
4	6887
1	4820
0	2130
19	2110
0	0
22	16
6	3517
0	3517
2	0
9	961
8	992
4	815
3	262
1	152
1	80
18	0
29	1591
48	1591
0	0
0	0
0	0
0	0
1	3
4	3
2	0
0	0
0	0
0	0
0	5
1	1
0	0
0	74
0	525
0	3
0	144
0	0
0	0
0	0
22	642
0	624
0	454
2	429
2	192
3	31
5	73
0	227
8	4
0	0
0	0
0	0
0	0
0	0
0	0
2	14
6	9
85	108
1	68
2	9
1	0
0	0
0	4
4	28
7	3
23	721
4	800
2	1
13	375
93	229
366	302
41	1004
2703	1074
333	726
0	726
5	115
14	247
8	127
86	10
0	0
0	56
30	704
0	14
0	476
4	630
0	635
0	462
673	692
13	169
0	169
0	157
0	0
2	82
0	5
0	13
0	0
0	0
0	0
0	0
1	267
0	0
73	0
3	27
289	68
0	1028
0	1
210	41
304	2374
1	1994
2	102
1	194
18	12
12	571
23	10
765	145
3	28
0	62
4	36
0	0
0	0
12	9
8213	2
0	0
4	0
0	4
0	0
0	0
2	4
0	0
0	0
4	9
0	7
0	1
3	0
0	2
0	2
0	2
0	1
0	0
1	0
0	0
0	0
0	0
1	0
116	789
1	114
1	727
1	304
0	73
0	106
0	146
1	24
0	19
6	10
0	362
70	348
0	179
12	50
1557	1723
4	1723
0	0
0	242
6	136
0	0
0	0
0	0
0	0
0	0
0	0
0	0
0	0
0	0
28	37
0	37
0	0
0	103
8	103
3	7
1	3
0	3
0	3
0	3
0	2
0	2
0	2
0	0
2	34
0	16
0	19
69	34
0	4
0	1
2	3
0	18
0	18
0	18
0	6
0	5
0	0
0	0
0	0
0	0
0	0
243	807
0	705
3	303
3	100
41	310
1124	232
0	187
0	100
0	59
2	393
41	267
8	181
0	80
0	145
2	238
0	0
0	0
0	0
0	0
1	1
0	1156
2	1099
0	1167
3	58
15	81
0	0
0	0
7	21
18	0
0	0
0	0
0	0
6	0
2	12
6	12
0	9
0	9
0	0
0	0
25	147
6	147
251	91
1	91
0	0
4	0
3	36
411	44
6	36
0	0
8	2935
731	2996
8	622
2	100
45	165
0	477
20	61
0	0
0	0
0	0
0	0
32	68
0	61
0	39
0	36
0	0
0	0
0	0
0	0
0	0
0	0
0	0
0	0
0	0
0	0
674	2003
0	1611
7	1172
0	782
0	0
0	0
2081	1784
2	293
0	499
3	120
17	21
0	0
0	296
3	580
5	700
41	5
0	0
1	601
2	0
0	0
0	0
49	1458
0	1034
17	1379
2	1396
2	172
1	0
16	0
5	1257
621	6674
9	1232
8	5889
451	6133
571	76
17	11
1	59
17	59
2	2
16	22
1	21
1	0
0	0
1	5630
0	18
2	0
0	0
0	0
0	0
0	0
126	1308
0	1034
0	1170
10	44
106	120
0	1962
26	1979
0	111
0	111
0	67
42	879
0	0
8	141
0	0
0	0
145	28
1	28
0	0
0	0
0	0
0	1
0	0
0	0
0	0
0	0
0	0
0	0
0	0
0	1
0	0
0	0
0	0
0	0
0	0
0	0
0	0
0	0
1	2
0	2
0	0
0	0
0	0
0	0
0	0
0	0
0	0
0	0
0	0
0	2
0	2
0	0
0	2
0	0
0	0
0	0
0	0
0	0
0	0
0	0
0	0
0	0
0	0
0	0
0	0
0	0
0	0
0	0
0	0
0	13
0	0
0	0
0	0
0	0
0	0
0	0
0	0
0	0
0	0
0	0
0	0
0	0
0	0
3	0
0	0
0	0
0	0
0	7
0	7
0	0
0	0
0	0
0	0
0	0
0	3
2	107
0	1
0	2
0	5
0	5
0	0
0	3
0	3
0	3
0	0
3	2
0	0
0	0
4	0
0	0
0	0
0	0
0	0
0	0
0	0
0	0
0	0
0	0
0	0
0	0
0	0
0	0
0	0
0	0
0	0
0	0
0	0
0	0
0	0
0	0
0	0
887	10
0	6
0	1
0	1
0	0
0	0
0	0
0	0
0	0
0	0
2	0
30	6736
3	2483
12	567
145	2
0	452
5	0
3	354
4	412
4	4157
0	297
5	22
0	232
4	6
22	459
0	223
3	25
396	3372
1	33
0	328
30	3387
1	16
7	3374
1	1532
0	1508
0	0
130	691
233	1293
1	503
42	351
0	0
1	0
0	0
0	0
0	0
68	9
0	0
2	0
7	0
0	0
17	43
0	43
27	0
29	9
2	1181
0	0
0	0
0	0
463	581
31	0
26	0
0	82
0	581
0	0
390	319
1	298
0	0
1	250
0	288
5	247
0	58
1	30
3	52
0	1357
32	6615
2	1155
6	81
6	159
3	102
1	108
64	2550
4	3917
23	51
70	0
57	4
87	51
0	0
110	0
2	261
9	0
0	0
0	0
0	0
0	0
0	0
111	0
0	3
0	0
0	0
0	0
0	0
0	0
0	0
0	0
0	0
0	0
0	0
6	41
0	4
0	0
5	39
1	2
1	0
0	0
0	3
0	0
0	0
0	0
0	0
1	3
0	4
0	0
0	3
2	8
0	0
0	0
1004	238
0	13
1	192
1	234
0	58
0	0
0	0
7	39
0	36
0	35
0	14
0	0
4	8
0	1
0	0
6	0
0	139
0	0
5593	522
0	0
4	470
16	0
41	4
1	46
12	2
1	213
1	133
219	249
3	111
3578	6193
19	1793
18	984
26	2676
18	2564
144	291
3	333
2	413
92	0
0	287
0	0
0	0
0	0
0	0
533	0
0	0
0	547
1696	1214
4	741
6	123
30	430
14	893
3	770
7	924
1	515
0	0
0	0
22	0
1375	0
1	0
0	0
65	1806
19	7
5	1721
0	257
6	491
0	497
0	867
0	0
0	0
0	0
0	0
52	0
0	0
0	0
0	0
0	0
0	0
256	900
2078	4799
266	1633
1	1208
71	2548
1	2039
0	760
4	814
0	162
12	1579
170	0
1	638
0	1808
0	0
240	2278
0	2105
0	427
0	0
1	391
0	0
0	20
10	190
0	980
16	992
1	754
2	1036
1	0
0	0
20	6049
302	1558
241	8645
69	7721
0	343
0	1
1	2233
14	0
6	0
0	0
128	388
12	299
1	137
0	56
13	479
25	479
0	2
0	15
1	82
0	62
0	0
0	0
1445	609
3	40
0	516
1	143
403	367
49	83
1	0
0	0
0	1
0	1
46	1273
0	1204
0	1058
35	37
0	97
0	213
0	0
1	0
0	8
0	8
0	0
1	4
0	0
0	0
0	0
4	0
4206	3626
0	32
22	410
12	1012
0	3313
0	0
11	0
32	0
0	0
0	0
8	1
65	0
63	246
39	0
59	0
71	49
5	1172
1350	4383
6	4357
260	2499
0	2755
1	17
2	2
0	1
0	0
0	1
0	4
0	0
7	2
0	2
0	1
0	0
69	290
30	290
9	2
2	73
1	66
45	3
0	64
0	0
1	0
1	47
1	5
5	26
511	1823
0	1
2	1802
5	505
0	0
0	227
0	0
0	0
0	0
1	0
0	0
0	0
0	0
36	814
57	814
2	36
4	8
4	4
0	0
1	0
0	0
0	0
0	0
0	0
7379	14984
23	2519
37	1940
19	4480
81	1614
0	5881
55	2248
64	2705
275	2465
10	1305
0	0
0	0
1	0
17	0
0	0
3165	21281
12	20192
24	20664
26	6279
0	3844
25	1520
1	145
0	623
29	9
0	0
3	0
60	0
0	0
4	0
3627	1127
3	677
0	701
0	682
12	347
0	0
16	0
0	3
0	0
6	185
1	185
0	9
13	844
28	2477
10	197
1	0
48	22
24	1585
0	0
0	178
0	2344
1	2344
3	2358
11	2411
3	0
2	551
0	387
0	0
0	350
3	324
0	147
16	11
0	0
0	10
0	6
0	2
0	2
0	0
4	0
0	1
87	0
0	0
10	0
0	0
1	0
0	0
0	0
0	0
0	12
6	0
483	168
0	118
0	25
0	14
1	68
13	2038
11	51
7	31
13	2
0	24
30	0
126	1774
9	2685
239	12590
149	1466
128	12205
4	181
21	51
6	369
10	445
53	680
12	123
0	544
23	247
15	283
0	0
7	0
1	0
0	0
0	0
0	0
1	0
1	5
0	0
12	1270
0	3404
0	3276
0	301
4	271
5	11
0	0
1	0
111	0
166	8974
10	8658
77	7896
0	0
0	1063
77	626
3	739
1	1318
1	332
2	467
2	0
2	0
0	0
0	0
0	6
0	0
307	1363
0	199
77	1188
0	8
1	284
1	452
12	84
0	0
0	0
0	0
6	0
0	0
1	3
7	0
3	1025
4	115
0	116
6	996
2	23
3	0
0	0
0	1
4	9
0	3
1	3
1	5
663	645
0	527
3	248
1	99
968	543
111	0
232	545
1	208
0	0
19	0
29	6
36	625
0	635
0	621
0	0
8	160
0	76
45	598
7	118
24	5
0	13
0	0
97	153
0	0
0	15
0	14
1	14
1	0
0	7
1	0
0	0
0	0
0	0
0	0
26	600
4	600
0	100
2	0
2	0
0	0
0	0
0	0
0	0
0	0
0	0
0	0
0	0
0	0
0	0
0	0
0	1
7	16
0	79
3	9
13	70
6	0
31	0
2	0
0	0
0	0
0	2435
0	2365
0	2435
0	2435
17	630
0	125
1	73
0	0
77	2430
68	1023
0	2360
0	2430
32	380
3	99
0	270
1	23
6	252
2	0
0	128
0	0
3	32
0	0
0	0
0	0
0	0
0	0
0	0
0	0
0	0
0	0
82	7
1	7
0	1
1	1
0	11
0	11
0	3
0	0
0	0
1102	4466
19	4463
180	962
4	1292
0	0
0	0
1138	72
55	72
33	0
0	0
20	0
0	1
0	0
0	1
0	0
0	8
0	0
0	0
0	0
456	1231
83	1192
0	325
40	723
53	118
30	90
41	15
41	162
0	474
129	829
4	268
51	1211
38	862
0	598
101	677
0	0
46	16
3	410
1	2
0	238
0	237
2	238
5	16
0	0
25	602
0	121
10	617
3	606
0	154
0	162
0	161
0	161
0	154
2	161
0	154
0	146
1	7
1	0
2	0
2	0
0	0
0	7
0	0
0	0
0	0
0	0
8	3
0	3
0	0
0	0
1	0
0	0
0	0
0	0
0	0
0	0
0	0
0	0
0	0
0	0
1	0
0	0
0	0
0	0
0	0
0	0
0	14
0	13
0	14
0	9
0	5
0	0
1	0
0	0
0	2
0	2
0	2
0	0
1	0
0	0
0	0
0	0
0	0
0	0
0	0
0	0
268	660
0	532
0	659
0	377
0	347
8	470
77	66
0	81
0	0
0	0
0	0
0	0
0	0
2843	2373
0	1127
3	720
0	855
242	176
0	84
0	130
0	161
0	0
0	0
0	0
6640	513
2	513
0	0
0	0
15	0
3	510
0	0
0	0
0	0
4	4598
0	0
0	0
4	26
615	26
1	0
0	0
1782	925
0	855
0	379
2	299
0	0
793	97
2	96
0	9
0	0
0	0
0	0
4	6
0	0
0	0
6544	0
0	0
0	0
88	0
0	0
0	0
10347	16
7233	17
0	0
92	479
4	419
0	418
0	414
1	19
12	193
0	87
0	49
0	3
10	0
1	0
0	0
0	0
0	0
0	0
983	1282
27	310
0	101
7	101
22	923
16	54
27	117
10	117
9	13
0	0
1	15
1	10
27	11
12	10
2480	2338
0	764
1	2191
6	197
0	0
11	1301
0	1300
26	1181
0	0
43	277
0	0
0	0
0	0
5	811
430	837
18	240
6	22
98	12
4	514
15	312
0	66
8	311
2	55
0	29
695	104
1	101
0	61
0	0
0	0
0	0
0	0
0	0
0	0
1	0
0	0
119	0
0	1
10	18
0	17
12	16
0	3
0	0
0	0
0	0
0	0
0	0
0	0
0	0
0	0
892	2
0	0
0	0
0	0
3460	796
0	794
25	334
0	313
0	3
6	299
1	229
7	246
6	39
0	0
0	0
0	0
164	422
5	176
6	193
1	128
1	25
0	36
0	0
2	1568
0	1602
41	1583
0	28
2	5
0	732
0	49
11	18
0	906
643	2213
2	1643
38	589
46	124
42	3
29	0
25	12
9	413
0	161
3	126
3	280
20	50
0	49
1	58
0	0
0	0
1	5
4	11
3855	14
3	0
7	0
121	0
0	0
5637	346
3	79
7	6
24	267
2011	366
1	0
0	213
691	153
30	0
1923	63
0	0
134	63
0	0
389	0
1497	141
5	451
0	184
39	100
12	110
0	220
4	111
1	28
26	105
1	47
0	0
71	4
86	0
3865	510
14	90
653	650
0	471
1	467
7	54
0	74
1	89
0	30
4	103
24	111
0	0
10	240
3	103
38	104
4	119
2	4
0	0
0	0
0	0
41	3938
17	5679
1	5095
15	137
8	1438
886	1438
76	172
8	391
73	390
1	0
2041	760
178	760
0	0
2	0
0	0
0	0
0	0
0	0
0	0
0	0
0	0
8	2
0	2
0	0
0	0
0	0
1	47
0	0
0	0
0	0
0	0
0	0
2935	0
12	110
8	76
0	10
77	49
0	0
0	0
0	0
0	0
0	0
0	0
23	0
0	0
6	5
0	5
0	0
0	4
0	4
0	0
0	0
0	0
0	2133
0	2133
0	1970
0	1620
0	1165
3	1
11	1609
5	75
0	3
8	4
3	84
1	49
0	119
4	45
0	0
9	34
0	0
0	0
0	62
0	0
0	36
4	1
0	0
0	0
0	0
7	86
0	0
0	0
0	0
0	0
0	0
0	0
0	0
0	0
0	0
0	0
0	0
1	4
0	1
0	0
0	0
0	0
0	0
0	0
0	0
0	241
0	241
0	0
0	0
0	0
0	3793
78	3875
154	3790
0	0
0	0
33	2497
1	2298
0	1971
0	0
0	0
0	0
2	0
618	10972
1	10893
0	0
43	15
2	15
3	3
104	1829
20	1827
27	1841
0	482
7	226
5	41
380	0
93	4
0	0
116	755
0	765
0	739
0	731
0	732
0	723
0	757
0	738
0	702
0	525
0	530
0	36
0	0
0	0
0	10
0	19
0	73
1	31
8	49
0	6
1	4
0	0
1	0
0	0
0	0
0	0
202	4318
17	4318
87	2676
0	0
0	0
0	0
0	0
0	0
0	0
0	0
0	0
35	105
2270	2895
0	103
7	2735
1	458
13	584
2	284
113	454
0	41
1	2704
4	143
9	522
2	98
11	255
1	0
0	0
0	0
1	0
0	0
0	0
0	0
0	0
9	2
76	6
0	6
0	0
5	0
0	0
0	0
0	0
1	0
50	0
169	467
17	785
7	2052
0	2700
3	2696
128	2728
101	625
24	22
27	203
46	526
10	214
9	161
3	21
0	0
0	17
0	20
0	1
0	18
0	0
13	290
0	290
0	113
0	63
64	31
3	17
352	165
0	153
0	36
0	61
0	61
1	33
2613	1468
2	0
2	152
11	297
67	1231
0	302
3	215
0	106
0	457
1	125
2	349
2	391
6	387
0	131
10	0
0	0
0	539
33	696
4	278
0	484
0	9
0	0
0	0
0	0
117	423
0	398
3	437
0	206
27	20
0	203
297	0
240	24
6	24
0	0
479	12
4	12
0	0
0	0
0	0
0	0
0	0
0	0
0	0
0	0
0	0
2	1148
0	891
0	771
7	49
19	1136
0	260
0	0
0	0
0	0
0	0
0	0
0	0
3	0
0	0
0	0
0	0
0	0
8	0
0	0
0	0
0	0
0	1
0	2
10	54
0	35
32	35
0	0
2	6
0	5
0	0
0	0
0	0
0	0
0	0
4	0
0	0
0	1427
9	1868
0	0
0	9
17	1249
1088	0
12	1278
0	7
3	1045
10	746
145	477
0	150
34	476
5760	615
5	245
0	366
100	3130
0	3100
0	3269
1	171
82	2329
0	2112
1	1550
4	0
0	152
8	117
0	0
0	0
0	313
26	540
4	240
2	8
2	2
0	0
233	25
29	22
32	0
0	68
0	0
58	783
0	781
0	31
0	320
0	20
0	5
6	21
86	902
0	721
0	898
0	881
0	459
0	33
7	61
6	5
0	0
0	0
844	2
0	33
0	721
0	306
0	339
10	707
18	708
0	0
0	339
0	340
161	634
6	722
0	0
0	0
0	0
0	0
0	0
8	803
0	0
0	0
2	176
0	1419
0	0
0	32
0	32
0	29
0	3
0	3
0	2
0	8
0	0
0	8
0	3
0	7
0	5
0	1
0	0
0	0
0	0
0	0
0	0
0	0
5	184
4	184
400	0
0	1
0	1
1	0
0	0
130	0
2	2
0	2
1	0
0	0
0	0
753	19
0	19
7	2
619	0
0	3
0	3
15	0
0	3
1	3
8	22
0	20
0	7
3	6
0	2
0	6
0	6
0	0
0	0
0	0
595	7007
363	7007
1	0
33	0
0	0
0	12780
0	12786
1	12824
4	4669
0	1155
1	4207
0	3534
0	4100
9	1905
0	3631
0	12001
48	6507
31	10035
1	2152
116	0
8	4971
3	1
0	1
1	0
0	0
23	9403
0	9403
845	9322
34	8221
215	7289
16	128
6	0
0	0
12	369
29	1203
9	1143
2	603
1	325
16	144
4	93
0	0
0	0
14	237
22	370
0	299
2	231
0	0
0	0
1694	438
0	438
0	0
18	187
6	445
50	414
0	0
0	0
0	6
0	6
0	0
0	0
0	0
0	0
0	0
0	0
325	158
30	158
2	30
1	0
0	0
0	0
0	0
0	4
0	4
0	5
0	5
0	5
0	4
0	0
0	0
1	21
6	46
6	18
3	17
1	33
7	255
89	256
0	30
0	6
2	0
11	9
4	0
2	4
0	6
2	6
0	3
209	157
1	0
0	72
0	121
0	13
0	13
0	11
0	12
0	9
0	1
0	2
0	1
8	0
228	468
0	0
0	81
0	45
0	0
1400	2837
13	147
31	527
6	1510
101	1066
14	944
14	0
150	725
0	665
1	114
22	63
44	3899
31	3330
2	3645
0	3105
3	3061
3	1883
0	2909
0	3578
7	1833
8	2603
1	1890
2	1698
0	663
2	422
52	437
0	34
0	21
1	6
175	0
934	0
10	1907
7	1686
3	1472
2	2033
0	1694
0	1871
0	2276
2	2277
3	279
8	51
7	55
0	232
14	226
42	146
811	0
1	1
0	286
28	283
3	256
0	262
0	58
7	260
0	28
4	240
29	240
0	30
23	93
19	52
3	39
1	22
155	5392
65	5392
16	5389
5	3
0	3
0	1
0	2
0	1
0	0
38	0
13	1701
0	3042
0	3169
0	3119
0	55
0	361
2	180
2	323
0	142
6	27
0	94
0	10
0	0
102	3879
0	3941
0	4044
7	8
5	704
5	591
21	414
2	311
6	85
7	33
34	0
0	0
0	1151
9	1185
0	1027
0	1027
2	67
4	181
4	205
2	87
0	18
0	9
5	0
6528	311
0	12
0	11
0	12
4	0
0	3
0	39
0	53130
0	53457
0	52563
31	53398
0	52576
94	53371
535	53371
67	53368
1	53361
23	53447
0	53363
69	53767
1	53374
9	16050
0	9845
0	7454
0	6887
0	6900
0	6478
0	2
0	21
0	0
0	0
5	15
9	161
20	895
10	830
0	931
2	58
1	2
1	78
16	174
1029	523
1	2
10	370
0	0
1	4
0	4
0	4
0	2
0	0
0	0
0	0
0	0
9	55
1	11
0	50
1	2
0	1026
5	43
0	1031
0	101
0	47
1	17
3	119
16	649
0	58
0	77
1	24
99	676
1	676
3	0
33	1553
1	1494
0	1361
13	271
7	94
0	157
0	459
0	275
1	97
2	215
0	401
3	114
9	579
415	4766
18	4843
2	2007
4	1764
0	21
1	190
40	1838
2	180
4	499
0	727
2	908
0	300
28	648
19	607
0	98
4	119
0	233
0	346
6	217
82	67
12	1495
4	1502
0	1561
5	322
1	163
0	1228
0	146
0	273
2	304
21	115
1	439
7	380
0	160
1	139
66	0
237	14
0	6
5	15
0	0
0	0
0	0
0	1210
19	367
55	1785
65	1276
1	109
0	355
0	1210
23	980
0	149
0	0
34	83
11	88
3	7
1	31
3	80
0	86
1424	466
10	222
4	244
4	65
3	28
10	28
0	539
23	478
4	601
0	672
0	711
2	637
108	46
0	459
0	123
0	581
0	47
6	6
1	134
15	215
2	199
0	63
107	836
29	325
0	277
1	134
0	296
0	187
7	40
24	21
3	8
1	77
1	165
1	137
0	5
0	5
0	0
2	1
0	1
3	499
1	497
4	480
0	110
0	58
2	41
124	407
11	407
0	918
0	860
5	743
0	824
3	119
1	835
11	116
0	522
42	0
6	783
30	5
15	64
4	274
6	150
9	386
1	55
0	171
2	350
0	790
0	606
6	2675
31	2801
2	2702
0	178
1	1803
6	245
0	257
0	332
0	318
4	379
5	163
6	288
0	260
0	17
3	117
6	211
6	112
193	4116
598	4286
7	220
36	1425
3	1455
27	1111
7	1544
3	1856
9	2205
0	29
133	382
0	45
0	40
0	332
1	29
0	39
0	44
1587	397
41	915
173	811
25	762
1	11
5	189
0	235
1	218
6	215
6	117
0	2
0	137
0	122
0	138
0	19
0	0
0	0
33	1075
8	1106
1	45
1	910
0	732
4	143
0	186
20	24
2	444
0	416
0	62
0	182
16	99
0	194
0	172
0	179
0	146
0	133
0	14
0	95
103	35
0	15
4	8
0	12
0	175
3	133
1	144
0	2
3	144
21	702
1	562
4	457
21	628
0	15
1	596
0	112
0	673
2	604
14	3
0	2
1	1
30	217
1	222
1	227
2	208
5	65
0	26
0	824
0	783
0	827
0	783
6	65
45	487
4	77
0	28
0	13
10	29
3	1
0	1
0	0
79	542
6	502
3	345
0	36
3	1383
2	1396
0	32
0	83
108	131
113	1423
0	68
4	434
63	406
2	344
15	403
1207	22157
30	22157
22	10696
31	60
0	55
0	20
1	1
0	0
11	500
2	518
27	377
4	337
0	0
0	0
0	0
0	0
0	0
0	0
0	0
0	0
0	0
0	22
4	17
0	3
52	24
0	13
0	0
21	2
0	0
0	3066
2	3049
0	1290
0	919
0	422
14	881
2	807
0	91
0	141
17	265
0	0
0	0
0	546
0	512
13	311
59	0
21	47
3	137
58	0
0	0
0	0
0	0
0	0
8	287
7	281
0	163
2	0
6	5
0	0
0	107
2	110
1	5
19	0
2	35
0	6
0	2
0	0
0	0
0	0
0	2
0	0
152	1
1	0
306	23
0	21
0	0
58	2
0	0
24	5
0	1
0	1
0	1
0	0
0	0
0	0
0	0
1	7
25	40
1	0
0	0
0	0
1	95
0	92
0	48
0	29
1	0
0	4
0	4
0	0
0	0
0	0
42642	15013
10	587
37	1599
0	3329
140	8996
143	7044
0	6389
2	3784
323	3721
0	0
1	112
5	616
251	1780
55	1516
3	51
52	554
5	322
6	195
0	129
1	167
1	25
2539	2052
8	548
1	0
25	147
2	212
3	846
6	814
99	624
0	204
1	0
0	0
0	175
65	178
0	35
0	31
0	0
1	0
0	0
0	0
24	89
0	42
0	67
1	9
1	6
1	27
78	193
3	184
0	24
0	0
0	32
0	693
14	52
0	43
0	692
0	279
0	32
0	32
0	26
0	0
0	0
0	0
0	0
0	0
0	0
0	0
1336	1404
66	1404
5	38
1	1043
13	1032
0	343
0	1031
17	1032
0	0
0	162
185	259
0	272
2	232
8	159
0	179
0	92
0	107
0	90
64	129
8	56
2	30
0	30
0	0
0	13
0	1
0	13
0	7
67	64
0	64
88	651
5	632
3	637
5	65
1	0
1	0
34	0
0	0
14	0
279	33
0	20
0	13
86	0
250	243
7	15
0	213
0	57
0	14
0	3
0	5
0	13
0	50
34	44
7	132
0	0
0	49
30	91
0	91
0	0
0	1
0	0
65	8
1	8
2	0
0	0
349	890
1	854
0	53
1	33
1766	6
334	0
4	0
157	1281
0	1281
0	46
10	193
0	0
7	108
0	169
0	145
0	126
0	146
0	145
23	156
0	7
0	48
1	8
2	35
0	0
55	44
1042	1271
1	1271
233	245
0	236
8	54
6	33
0	4
0	1895
2	1895
0	2
0	0
0	304
2	2007
27	888
43	1739
0	140
0	0
2	361
2	194
0	0
1	4
0	4
32	0
7982	6
154	423
0	424
0	222
1	1
0	0
2	542
9	473
6	152
0	65
5	178
3	97
1	36
29	29
0	0
728	6196
48	1720
0	65
138	4476
0	0
0	33
33	1493
1	1460
37	49
1	45
2	302
0	0
4	9
0	94
0	20
1	23
0	28
0	8
1	8
0	13
0	6
0	4
0	0
0	1
0	7
0	1
330	742
8	403
3	432
28	145
1	12
0	33
0	33
0	4
0	4
1	1
0	0
0	1
0	0
0	0
4	0
7	1029
0	1213
6	811
11	549
0	797
36	161
1	275
0	942
0	267
18	189
0	199
61	479
0	3
1	3
0	2
46	1371
21	1153
0	134
0	54
47	560
7	350
5	366
1	359
2	353
0	359
4	16
2	66
6	1
0	32
1	57
2	57
5	57
1	0
0	1
0	871
80	871
6	871
1	63
2	1079
0	1047
0	1018
0	191
10	16
4	101
0	0
2	130
0	17
606	829
22	168
39	828
246	689
5	86
36	302
0	444
4	307
5	183
0	139
0	0
0	64
0	130
1	42
0	0
0	0
0	0
0	0
572	0
98	10165
217	10164
1248	4249
1128	3947
0	3
0	3
0	3
0	1
0	0
0	0
29	18
0	19
0	23
0	21
0	24
1	21
0	5
0	2
9	1
4	1
13	13
0	7
343	36
0	36
1317	1996
6	1240
1	1930
1928	34
0	0
1110	826
0	0
0	87
1	255
12	142
1	170
0	164
1	144
0	218
1	77
4	2266
7	2214
3	2157
0	2362
0	2382
8	646
0	20
2	133
0	0
0	8
1	0
55	0
2	308
80	464
1	132
25	215
0	102
0	0
1	178
0	178
0	32
0	95
0	187
962	1113
187	990
11	1021
0	204
0	40
0	47
1	80
0	78
0	0
0	0
37	39
0	410
0	898
0	117
0	1875
0	1997
0	2220
2	632
0	952
0	2092
61	168
15	1814
177	1557
4	1847
5	582
104	312
0	438
0	167
48	829
1	16
0	285
12	570
4	591
152	559
0	138
0	95
1	18
0	32
0	4
0	0
268	106
0	0
0	48
1	3
32	65
0	0
67	31929
53	4866
178	26234
383	28312
9	0
0	3
48	9985
0	9261
99	1973
1	0
0	0
16	42
330	68
0	18
0	26
19	6
945	67
2	63
3631	0
0	0
0	13
4	2243
1	43
9	1690
0	24
8	1904
1	797
110	162
0	14
3	42
525	5304
1	1395
165	4482
356	136
1	82
1	64
8	10
0	10
0	0
0	0
0	0
0	1
0	0
0	0
0	0
0	0
0	0
0	0
1	13
0	12
43	12
0	1
0	0
6	0
0	0
669	0
1	0
0	0
4059	2970
0	0
31	1652
0	2409
14	1432
13	10
5	0
2	0
35	96
42	47
3	498
0	0
73	1982
0	1484
18	51
11	1512
1	509
2	647
0	1253
0	600
2	300
0	0
6	0
5	67
0	176
495	2426
8	194
20	210
0	250
3	200
0	240
2	280
0	0
0	1593
40	623
0	565
19	327
1	662
3	165
3	191
4	70
0	923
0	958
0	958
29	843
0	856
1	394
0	73
8	20
3	5
3	108
4	2
0	0
4	51
45	0
0	3
1	3
0	0
21	0
0	3
0	3
0	2
0	0
1068	622
1	619
0	84
15	400
0	87
0	0
14	17
3020	2906
31	2217
0	612
63	0
11	416
154	0
0	6
262	358
0	33
2	52
12	10
1	317
0	148
0	66
26	0
50	0
574	1464
1	315
12	1057
2	0
137	76
12	785
0	0
0	11
33	0
129	499
1641	3000
0	0
33	1950
0	0
2	124
9	14
0	46
1	0
0	315
62	352
0	315
0	0
2	1091
2	717
22	1033
1	1022
4	1007
0	213
1	43
0	31
3	0
2	53
5	12
0	26
0	49
0	22
1	17
2	2
0	6226
278	6204
3	5005
4	237
16	1432
58	910
0	673
7	937
1718	1016
2	156
27	912
6	591
0	0
0	0
41	651
0	0
0	0
82	30
1	0
1	39
38	651
1	15
0	7
10	79
0	1
1641	259
1	259
70	150
5	150
0	0
642	735
16	412
1	390
6770	6679
15	382
11	29
0	1761
4	536
4	271
2	0
16	983
22	1336
6	760
6	2234
131	270
0	125
2	160
1	15
5	121
8	73
0	4
0	1
0	1
1	68
2	611
0	510
3	687
6	160
1	138
0	311
3	17
0	262
0	245
2	203
1	12
0	0
9	511
0	0
1	84
0	889
6	973
4	502
0	228
6	126
0	127
8	1022
39	1031
0	91
2	220
0	209
1	36
1	172
1	240
0	91
0	496
0	89
956	1950
0	1319
1	944
22	140
0	0
0	0
0	0
0	0
0	0
0	0
0	0
0	0
0	0
16	310
0	16
7	11
141	284
0	70
0	281
0	101
1226	6156
6	5592
79	1607
225	1799
1	717
0	502
147	0
1	614
0	0
3	0
0	0
0	16
0	14
0	3
0	1
5	0
62	250
2	209
4	76
0	35
0	46
0	31
5	17
2	17
0	63
0	78
0	43
0	6
0	82
0	27
0	22
0	14
3	8
16	0
163	3157
12	286
11	1009
6	1005
1	473
12	1355
3	1099
12	772
0	1151
4	267
0	1
0	1530
1	2
1	70
0	720
0	70
0	0
258	2295
37	1723
23	702
3	200
1604	2143
13	1938
0	707
61	840
1	1813
1	1749
153	125
14	194
7	186
0	33
8	21
0	15
4	19
1	36
0	0
3	486
0	649
0	410
0	449
23	236
0	111
0	0
0	0
0	0
0	4
0	0
0	1
0	0
3	170
0	31
0	61
2	134
0	0
1	61
0	39
1	57
4	32
0	0
0	0
0	0
1	305
0	0
0	0
0	0
0	0
0	27
0	95
1	136
5	167
0	132
2	64
1	93
0	0
0	0
0	0
0	0
0	0
483	892
455	457
35	435
4	0
65	90
25	91
0	0
0	0
0	0
55	22
10	22
1	0
0	0
0	0
0	0
0	0
0	1
0	1
0	1
0	0
2	126
1	117
1	46
0	14
0	0
194	9432
8	9432
1	384
37	275
2	24
17	0
0	0
0	0
0	0
56	115
0	108
0	115
0	103
0	74
0	6
0	362
0	34
1	184
4	1272
1	884
18	268
0	355
0	12
99	1183
10	132
0	0
21	296
56	77
0	77
0	31
0	194
0	104
1525	951
0	295
0	356
12	194
7	209
19	340
119	3911
20	3790
0	464
21	28
99	576
16	452
23	0
0	4010
195	4010
36	1174
104	0
2	0
76	941
0	958
1	59
6	27
0	0
381	3610
0	1498
65	3506
0	369
22	50
12	1
363	141
5	129
122	164
3	37
149	4571
17	4562
0	4562
4	4457
0	3725
2	841
10	915
18	25
17	183
0	769
12	436
1	85
8	208
0	163
0	111
0	42
0	0
12	106
4	106
0	45
0	0
0	40
338	356
1	191
3	117
0	5
0	68
0	37
2179	872
5	872
108	1218
0	1218
1	117
6	933
0	887
0	815
16	822
1	325
0	669
49	3
0	0
0	0
0	0
0	0
0	0
0	0
0	0
0	0
0	0
0	0
0	0
0	0
0	0
0	0
0	0
0	0
0	0
0	0
0	0
0	0
64	33
1	33
0	0
0	0
0	0
0	0
32	0
0	0
0	5
0	0
0	0
1998	1697
1	1606
12	148
21	95
11	69
0	674
7	316
104	11
0	1
0	10
0	1
0	0
0	1
0	62
0	2
1	2
2	1
0	2
0	61
0	0
0	359
0	359
1	304
0	22
1	0
351	0
0	0
0	274
16	274
0	0
0	168
1	168
7	56
0	168
0	15
0	3
6	7
0	359
0	0
24	367
7	246
3	18
21	12
1	1
0	0
27	0
1562	1270
1	1268
560	2961
0	2961
74	1808
0	0
0	139
0	2
0	0
53	0
34	41
0	917
14	183
2	1
3	0
1	901
9	74
2	0
0	0
0	1
0	0
0	0
1	0
766	2006
260	1979
0	11
1183	0
0	0
0	0
0	0
0	29
1	28
0	28
1	28
1	18
0	0
0	0
2	0
21	0
148	0
42	0
0	0
0	0
0	0
1	125
1	4
44	125
0	103
0	3
180	249
3	192
10	216
4	216
7	137
0	104
178	0
701	905
0	62
0	857
8	668
6	668
0	0
0	34
23	288
0	6
0	121
2	36
13	17
0	143
16	28
38	115
5015	6598
56	6623
0	634
14	237
2	457
5	136
18	1888
10	1862
31	1751
1	225
5	2
1	0
5	1850
169	1850
0	1117
0	0
0	0
0	0
1500	257
3	257
0	0
1	0
0	0
0	0
0	0
0	0
0	1
0	0
0	0
0	0
0	0
0	0
0	0
1	153
14	153
0	0
0	0
0	0
0	0
0	0
0	0
0	0
0	0
1264	3094
23	3104
22	0
127	2497
2	290
29	102
1177	1189
6	13
2	350
5	431
1	355
0	97
1363	0
0	0
2074	345
10	345
14	3
0	3
0	3
0	1
0	0
0	0
0	0
0	2
0	2
0	0
0	0
0	0
0	0
0	0
0	0
0	0
0	6
1	6
0	0
0	7
0	6
1	7
3	6
7	7
0	759
3	2620
15	2411
1	1462
76	1645
113	1476
0	247
76	420
676	420
92	1157
5	315
0	177
0	875
2	78
0	27
0	73
2	63
3	31
0	37
28	165
0	314
3	340
0	314
0	306
3	312
0	152
4	66
4	11
2	22
0	45
2	45
0	13
0	12
0	0
3	9
1	105
6	112
1	18
0	9
64	1510
8	15196
295	15196
8	687
8	881
7	1144
8	127
0	0
16	232
2	170
8	175
1	93
3	98
16	119
0	131
0	0
1	25
30	280
12	187
0	862
0	864
0	800
2	660
26	69
160	111
10	4346
42	4248
6	4080
0	1052
0	156
0	152
0	328
0	148
47	262
0	289
1	415
20	403
0	0
1	315
0	0
0	0
0	0
0	0
0	0
0	0
0	0
1	950
15	911
6	723
0	893
0	74
0	160
0	16
0	72
0	25
12	3125
0	3402
44	3156
16	3206
1	245
2	210
0	695
15	53
1	387
0	206
2	32
10	278
2	398
0	364
7	331
12	226
1	4
2	19
1	18
0	14
1	14
1	6
0	3
0	1
0	0
0	0
0	1
0	1
2	57
0	646
0	12
0	3
1	0
0	206
0	800
0	633
14	832
13	345
26	82
63	285
8	260
1	85
18	0
87	3
0	3
74	566
2	566
3	79
0	0
2	3
0	2
1	1
1	0
2	322
0	19
4	208
1	0
0	45
0	163
2	33
4	21
7	3
0	213
0	115
0	0
0	0
0	0
0	0
6	113
0	90
0	94
0	52
3	21
0	27
0	24
0	2
0	31
5	27
7	19
0	0
5	0
0	0
0	0
0	0
179	3620
8	3620
0	0
0	0
1	200
30	200
0	0
13	49
0	27
5	22
0	0
0	0
8	1265
11	111
0	0
0	0
0	0
0	0
3	3276
0	3175
0	3181
2	3201
6	3206
10	249
0	234
0	7
0	0
0	0
29	1
0	1
0	0
0	0
0	0
1294	21
5	0
20	0
24	21
28	0
0	0
0	0
0	0
818	775
9	514
0	77
0	258
48	80
0	28
0	0
0	0
0	0
0	0
0	0
0	0
1	0
0	0
0	0
0	0
0	0
0	0
0	0
0	6
1	51
0	261
0	256
0	186
0	0
5	10
0	3
4	10
0	0
0	0
0	0
0	0
0	0
0	0
0	0
0	0
0	0
0	27
57	191732
739	1398
0	1442
12	542
54	554
47	554
0	0
1	578
2	775
0	284
21	478
23	42
8	151
10	202
183	44
11	362
27	1275
0	1278
0	382
5	1230
17	21
3	32
5	390
1	390
0	0
4	0
1	0
0	0
0	0
0	0
0	9
2	9
1	4
0	1
129	82
1	82
0	3
368	750
6	431
3	736
4263	1366
4	985
0	92
5	328
63	87
530	87
0	0
0	0
0	52
0	0
0	0
1	52
4	56
0	56
0	0
1	0
0	0
0	0
0	0
0	0
0	1
30	0
436	1811
83	16
4	1373
8	16
4	1722
5	56
1	182
0	0
2	0
0	0
16	33
0	0
0	0
0	1
0	1
3	1
0	50
0	0
0	0
5	0
1	0
369	50
21	197
2811	1411
42	9
87	1205
0	0
533	2002
105	6710
1	6278
1	552
10	486
55	28
0	0
0	0
9	4633
88	4596
63	1685
4	159
332	1051
108	193
97	117
0	0
7245	2978
1153	2984
1	0
0	0
0	0
1	126
1	126
0	63
0	62
0	5
0	0
0	0
0	0
0	0
13	159
4	159
8	42
0	0
0	8
2	42
2	3
0	0
643	84
4	17
5	66
5	12
0	12
0	11
8	642
5	613
0	604
0	563
0	203
0	411
0	89
32	422
21	33
2	68
1	9
0	19
2	80
0	72
0	0
0	48
0	20
0	0
0	11
0	268
683	373
0	11
0	264
0	586
0	627
4	634
7	257
0	573
0	592
0	613
4	594
0	555
30	584
3	256
1	65
0	92
1720	158
14	51
0	103
0	55
0	17
0	6
0	0
3	140
22	474
0	500
2	83
0	152
1	47
1	52
3	194
2	2
0	1
0	1
0	0
0	0
0	0
0	0
0	0
0	0
0	0
0	0
503	1227
38	815
9	1139
135	1086
0	135
13	394
0	0
7	0
62	34
3	57
0	30
0	427
0	427
16	1
0	40
9	427
500	386
14	386
29	386
0	386
19	0
0	0
0	0
0	0
0	0
0	0
0	0
0	0
0	0
0	0
0	0
0	0
0	0
0	0
2	36
0	36
0	0
0	0
0	0
0	0
0	0
0	0
0	0
0	0
0	0
0	0
0	0
0	0
0	0
0	0
0	0
0	0
0	0
0	0
0	0
0	0
0	0
0	0
0	0
0	0
0	0
0	0
0	0
0	0
51	1801
0	1644
12	1416
0	1440
1	0
0	0
0	0
12	284
2191	1449
1	260
2	1005
0	1164
0	351
2	156
0	262
0	162
29	191
91	0
14	0
10	8613
1	0
43	5303
13	6003
2	5409
0	284
4	539
14	11
0	0
0	46
37	1229
1	2
14	1145
0	1239
14	1011
1381	1644
23	1553
27	1453
0	379
6	64
8	133
25	1
0	24
53	24
1	24
0	0
12	1
1	1
2	178
91	172
9	20
4984	275
0	93
1	174
1	8
0	10
0	10
0	9
0	8
0	8
0	7
0	0
1	0
0	0
3	0
0	0
858	1091
0	0
2	687
3	691
0	406
0	290
5	0
2	7815
4	7848
5	426
0	180
7	177
0	0
20	0
0	41
4	43
5	36
0	25
3	26
0	13
0	12
0	12
0	0
19	4
1	0
0	2
14	416
22	376
1	67
1	27
7	18
0	40
0	42
27	0
3291	12185
0	4875
16	1975
2	0
0	0
0	0
2462	6086
0	0
23	0
1	0
0	0
3338	11890
32	3941
1	146
0	176
11	175
4	11
0	0
4	124
0	132
5	18
5	17
0	0
2	45
3	7
0	0
1	1
2466	1
0	197
0	135
3	264
440	378
0	114
7	373
0	77
0	0
0	0
106	48
1	0
0	1
3	47
101	1731
1	1344
10	1618
5	49
2	118
3	189
13	70
0	105
1	294
6	90
0	2
2	2
0	0
10	0
0	0
0	0
3	0
0	0
3	26
19	422
0	306
0	311
3	75
0	418
0	398
0	342
0	427
0	102
0	59
0	23
0	82
1	80
0	104
4	515
0	552
38	550
1	14
2	22
3	0
0	0
15475	7919
19	6677
39	6934
1	3947
4	6293
12	6660
0	5358
0	6878
52	107
29	2991
13	2644
56	582
0	0
135	16
0	5
0	0
2	0
0	11
0	2
0	2
15	111
76	111
0	0
0	73
6	68
0	72
0	15
0	11
0	10
0	0
1	0
0	9
0	8
0	8
0	6
1	7
0	1
0	0
0	0
2	1975
15	1989
5	370
0	89
64	578
1	524
10	411
1	417
0	33
0	208
0	205
0	256
1	203
0	11
0	8
0	0
0	0
0	1
0	1
0	7
213	405
7	0
0	335
0	34
0	34
0	0
7	97
0	136
0	31
9	39
2	0
769	690
0	690
2	69
1324	42
6	42
17	1217
12	510
143	1193
0	123
2	345
6	57
0	0
25	15523
219	16370
23	143
26	0
0	0
7	0
0	0
5	691
164	294
37	2
5	2
12	0
5	0
1	3
1	0
0	0
0	0
0	0
0	0
0	0
0	0
0	0
0	5356
14	0
2645	5485
15	2409
1	664
73	465
0	5220
0	1659
6	253
1	609
2138	1933
0	0
5	0
40	1921
0	12
0	0
4	11
8	45
560	541
1	275
15	19
0	28
6	1
0	222
0	242
0	359
0	40
1	0
0	0
0	0
5	657
0	591
1	641
0	54
3	962
1579	1324
9	618
0	148
184	158
13	77
0	65
5	284
0	279
1	11
3	15
307	1144
943	1146
6	288
1	295
0	327
2	145
10	147
0	53
0	2
0	2
0	0
7	0
8	891
0	801
13	15
2	433
0	759
70	372
3	779
1	187
0	46
0	145
468	0
0	8
0	427
0	395
1	234
3	56
0	13
20	47
45	31
0	13
1	349
0	349
1	376
1	309
0	94
0	108
0	88
0	38
5	23
2	27
0	14
0	0
24	0
13	0
15	0
5034	989
8	723
1	981
14	0
103	2251
2	1837
9	1721
0	679
6	457
20	339
2	130
0	111
0	116
3	93
0	16
0	33
1	7
1	0
0	0
4	1726
419	2954
17	1725
0	1230
4	957
0	841
0	802
15	273
2	262
25	3715
35	3715
0	2431
2	0
1	1
13	1
1	0
0	0
0	0
39	68
1	1
0	1
0	67
1	1
0	9
0	2
0	0
0	0
0	0
0	7
0	0
0	16
0	17
0	15
0	15
0	0
0	1
0	16
0	1
0	13
0	0
0	0
0	0
0	6
0	0
1	4
0	2
0	0
0	120
5	120
0	1
0	0
0	0
0	1
0	0
0	1
0	0
4	786
0	2
0	3
0	464
15	467
7	463
0	466
0	0
0	37
0	783
1	49
0	62
3167	2
0	0
5	5
0	0
3	5
0	0
257	6
5	1278
1	3
67	1281
22	31
1017	204
1	148
6	204
0	1
3	1
4	0
9	3
1	63
0	80
2	68
0	0
6	22
0	1
2	0
0	0
0	3
0	0
16	0
4	0
25	0
2	0
0	2439
933	12414
411	11413
99	5
1	0
0	0
0	0
2	0
1	0
5	3
0	3
0	0
0	0
0	5
312	37
0	37
0	0
475	0
0	0
2	0
0	0
0	0
0	0
0	0
0	0
0	0
0	0
0	16
0	16
0	16
0	0
0	0
9	260
0	0
98	1236
2	1184
0	0
0	0
5	6
0	0
0	0
0	0
0	0
0	0
0	0
0	0
0	0
0	0
0	0
0	0
1	0
0	0
0	0
0	0
0	0
601	0
1	0
0	0
0	0
0	0
8	0
129410	4575
26	0
22704	3
10466	5131
13	4941
14	876
7	190
12	801
1	92
4	925
3	905
2	911
2	22
0	12
0	121
3	22
5	1176
54	1228
0	267
1	58
460	0
17	23
0	23
196	958
1	263
7	838
0	586
3	168
0	465
0	231
0	112
0	47
3	304
0	333
2	256
0	226
0	269
2	126
0	64
1	26
4	53
1	7
1	4
0	19
0	10
1	26
0	158
28	4013
5	3549
12	538
31	536
0	469
0	3716
2	106
0	325
11	52
7	67
9	3412
0	22
193	62
0	29
0	14
0	9
26	570
49	543
0	113
5	0
2	0
0	0
0	4
0	0
895	0
1	0
33	857
0	60
1	860
14	31
0	0
0	43
4	81
0	14
0	34
0	26
272	2116
1	802
2	1225
0	371
1	1369
1	182
0	1096
3	788
20	682
28	137
8	538
0	417
0	368
2	201
4	38
15	49
1	366
0	177
8	495
1	672
0	53
0	206
1	573
0	53
0	79
0	196
0	150
0	156
0	269
1	242
3	90
0	0
0	1
0	1
0	0
0	0
0	35
8	2777
3796	3082
0	333
0	35
1	144
7	3
0	3
0	0
0	1
1	1
0	0
0	311
119	2664
175	2574
40	2664
7	2514
0	1331
0	3677
0	1024
3	2969
10	345
0	1077
0	1981
0	2796
0	3117
0	815
0	1991
60	3649
0	1096
5	1536
0	1244
7	1498
0	853
0	734
0	756
2	743
0	1022
0	831
2	691
1	421
0	1160
0	464
3	830
0	2389
14	80
1	1
98	59
41	569
4	179
0	180
1	178
0	0
0	4
0	1
0	1
23	3
0	3
4	765
26	227
1	652
28	392
0	91
2	158
1	953
27	89
5	453
2	141
39	381
0	127
3	409
5	118
0	7
1	234
6	7
2	227
0	31
803	474
9	465
19	242
0	244
17	86
2	72
0	104
0	46
1	45
2	11
5	21
0	0
0	34
5	11
0	11
0	6
727	3897
0	1724
20	1134
0	53
0	0
35	753
0	182
0	496
18	611
2	64
2	451
0	180
0	229
5	0
0	0
0	0
0	0
0	0
0	0
0	0
0	0
0	0
0	0
0	0
0	0
0	0
0	0
0	0
0	0
0	0
0	0
0	0
0	0
0	0
2	0
0	0
0	0
2	0
0	0
0	0
0	0
0	0
0	0
0	0
0	848
6	848
0	838
45	505
0	77
0	0
5297	4522
10	4519
16	1316
3	73
0	8462
49	4951
19	8721
322	8437
1	6998
1	10
0	11
0	11
0	11
0	11
0	2
0	2
0	2
0	2
0	1
2	345
20	172
237	2481
10	2476
0	0
0	0
20	0
7	100
2	100
1	96
0	2484
248	2503
0	0
8	102
11	37
0	0
0	0
0	0
0	0
0	0
0	0
0	0
0	0
0	0
0	0
0	0
0	0
1	622
12	527
0	647
0	211
1	294
9	308
0	347
0	52
27	332
1	16
9	9
0	9
0	0
0	0
0	0
0	0
1	3
0	0
1	0
0	0
0	0
0	0
0	0
0	2
2	197
0	0
0	0
0	0
0	0
0	0
0	0
0	0
0	0
0	0
0	0
0	0
0	1
0	0
0	5
0	0
0	0
0	0
0	0
0	0
0	0
19	73
3	73
8	69
1	0
18	1157
33	1217
0	779
9	1197
0	341
0	112
21	803
6	0
4	0
0	0
0	0
0	0
155	0
0	6
406	531
0	225
19	316
9	21
1	248
8	321
12	371
10	68
10	566
0	1359
3	76
32	189
0	1279
0	61
0	141
15	473
3	24
0	30
1	90
28	82
0	82
0	26
1	4
1	125
0	0
216	229
0	0
4	52
5	202
1	142
0	1
0	0
4	0
2	0
3	43
0	64
1	40
0	36
0	17
9	468
24	646
0	583
5	222
11	146
23	57
18	65
5	58
3	1
15	1
0	3
0	3
0	1
0	3
0	1
0	3
0	1
0	0
0	1
0	1
0	0
2925	370
0	150
0	139
0	0
1	186
0	0
889	4832
3	4824
53	103
0	106
0	198
0	2266
0	109
0	300
126	0
0	0
0	0
0	1002
60	902
0	993
3	1
1	302
3	303
7	6
0	0
0	1
0	0
440	107
2	107
0	97
29	390
0	19
2	387
0	29
5	2
0	127
0	226
61	322
1	105
39	0
145	498
3	45
5	2
3	405
3	41
5	32
0	61
1	72
1	55
547	5
1	5
0	3
2	197
6	145
5	52
17	2741
174	2688
13	556
0	1133
3	281
3	248
0	260
1	200
5	87
3	81
0	98
158	1037
9	0
0	1037
0	175
1	166
7	1020
6	607
138	1279
65	1198
0	1287
1	977
0	164
0	0
240	0
0	0
0	0
0	0
0	0
0	0
0	0
0	0
0	0
211	178
242	178
3	2506
0	2498
19	1629
126	1190
1	60
12	119
20	287
0	218
12	0
15	496
8	198
1	405
3	441
7	134
1	254
0	538
2	54
16	125
27	330
12	34
7	295
0	56
1	94
10	16
3	35
1	3
17	10
4	12
0	2
4	0
0	12
1	0
0	0
0	0
0	0
0	0
5	182
0	13
2	212
18	138
137	249
6	24
11	73
2	88
2	0
0	151
0	127
0	57
0	43
0	3
0	26
1	9
0	33
10	12
0	6
148	4953
62	4951
99	1232
145	91
4	106
27	3021
9	2994
33	2825
0	0
15	28
9	151
29	608
0	286
1270	520
3	520
0	3
3	3
9	690
23	690
1	180
1	71
26	0
0	0
0	0
0	0
80	499
10	129
4	499
0	92
12	74
86	443
1	401
1	290
0	111
2	112
11	63
20	0
0	0
0	0
1	10
0	3
0	0
13	12
0	10
0	9
0	12
0	10
0	4
0	0
0	0
0	0
0	0
0	0
0	0
0	0
0	0
27	125
0	52
53	1
0	57
0	0
3	23
4	22
1955	1876
0	507
12	134
21	1875
0	369
0	70
0	128
0	0
2	0
0	0
857	2
1376	1920
20	991
673	193
28	1428
0	702
41	27
12	981
4429	5
0	0
0	0
16	8805
33	8351
29	7955
38	6471
120	739
73	46
34	99
0	2006
10	167
7	579
12	37
4	101
12	92
0	0
2745	247
604	240
0	0
0	123
0	0
0	0
0	0
0	0
0	0
0	0
0	0
0	0
0	0
0	0
0	0
0	0
0	0
0	0
0	0
0	0
1	0
0	0
21	17
0	16
1	17
0	11
8	13
0	0
0	0
2	0
0	0
3404	0
83	0
12	0
0	0
3	6
0	6
17	1503
3	465
3	383
59	1296
16	419
74	4
0	99
2	2
1	4
0	0
0	0
6	219
2	139
0	215
1	164
102	213
0	9
0	212
7	0
2	114
2	156
43	270
0	926
0	1015
7	165
0	918
1	862
0	28
3	859
0	854
3	212
1	149
3	12
0	0
3	168
9	168
1	0
0	0
0	0
0	0
0	0
0	0
0	0
0	20
0	0
0	0
117	4
0	4
2	2
0	2
0	2
5024	1745
0	1616
0	638
0	2
9	346
0	0
0	0
0	0
0	0
8	0
0	173
545	173
352	973
11	103
0	39
166	983
12	827
0	220
1	123
23	250
108	286
546	2665
1	595
6	204
27	357
1	1960
0	13
0	1765
17	106
34	484
4	1332
13	87
212	6
68	113
13	416
197	251
0	424
1	117
0	109
40	72
2	0
14	0
0	5
3	0
1546	2023
9	740
0	674
2	1064
0	285
26	7
1	3
0	4
0	0
380	3400
151	3346
0	603
10	426
7	437
48	397
0	0
32	0
51	282
0	127
0	155
17	105
34	100
1	46
1	63
0	0
0	0
0	0
0	1560
0	1433
21	426
5	287
99	157
0	0
0	0
0	0
0	1
0	1
0	0
0	0
0	0
0	0
0	0
0	0
0	0
0	0
0	0
0	0
0	0
7	584
17	135
4	165
96	544
9	7
70	1763
0	64
0	57
0	0
1319	1708
0	0
0	0
0	0
0	0
0	3
0	0
0	0
0	3
2	3
0	0
1	0
0	0
0	0
413	622
6	608
2	85
27	143
6	10
216	1945
8	224
18	637
125	1
0	211
1	1706
5	134
0	118
4	225
10	169
19	105
38	1078
195	1263
0	303
0	82
37	0
0	0
67	36
11	58
2974	64
8	13
0	0
0	639
4	155
1	175
0	557
7	416
3	44
2	98
1416	15736
0	888
22	13
1	2599
131	14463
7	2433
267	12596
0	203
15	2396
37	115
0	4802
64	6088
56	1622
7	1711
1	710
26	59
4	213
0	0
0	176
0	69
1	224
0	173
0	11
1	7
0	0
0	0
0	0
0	0
6	4
0	2
0	2
0	0
0	0
0	5
4019	1152
0	0
51	458
90	1059
0	0
14	1405
5	918
0	1129
10	152
14	1299
0	97
4	309
10	204
818	53641
270	52490
387	50346
154	5282
0	1340
141	1361
9	1072
3	669
0	0
185	36
0	0
0	2778
0	2907
6	2817
840	3059
107	0
1	163
0	214
0	75
0	0
0	6
190	346
35	322
18	1133
0	0
0	0
10	0
0	0
0	0
152	0
0	0
0	0
0	0
7	9
0	11
39	16
1	14
0	0
0	0
0	0
0	0
0	0
0	3
1	451
465	1130
4	913
0	572
0	356
0	0
42	0
0	0
2412	396
1	126
0	270
11	535
2178	535
0	0
4	304
0	123
0	248
7	163
0	0
2081	9
4	9
156	625
45	625
0	0
0	0
45	748
91	1309
1511	1309
6	0
61	341
0	417
1	577
0	496
0	36
1	16
7	5239
5	4991
42	4836
123	2783
4	3202
19	2493
14	751
3	0
19	0
0	0
0	0
1889	1500
0	1601
0	1477
0	1164
0	1164
22	1035
0	823
9	862
36	701
66	665
0	566
51	130
0	0
0	0
0	0
0	0
0	0
0	2
0	2
0	0
0	0
0	182
0	0
0	0
0	0
0	0
0	0
0	1
0	1
0	1
0	1
1	1
0	0
3	465
5	1294
1	105
3	405
0	1313
182	356
6	215
0	115
1	81
3	1181
4	45
3	131
20	791
0	804
20	29
30	54
3	33
0	444
0	81
1	1
855	52
0	52
1	0
0	0
0	0
79	4346
1948	4660
170	2671
0	0
23	57
41	173
1	792
0	479
10	372
0	727
45	0
7	111
2	92
4	8
0	11
2	29
0	13
1	17
0	12
11	0
160	2122
3	2075
88	1963
28	55
0	952
1	1235
5	53
1	694
0	0
12	515
9	184
15	549
0	240
21	117
5	1
44	18
1	58
2	57
0	3
1	1
0	29
5	21
1	12
0	9
0	0
0	0
1356	6
0	0
1	155
43	206
8	152
0	152
0	10
1	117
0	28
4	113
3	65
0	83
0	110
24	382
4	421
3	23
0	4488
0	4488
4	1499
0	1732
1	844
2	595
93	699
0	57
0	0
26	0
159	106
1	13
0	106
1	74
0	73
0	20
0	16
0	31
0	59
0	11
0	21
0	60
0	22
1	26
0	7
0	11
3	2
1	12
1	3275
9	198
5	598
0	3322
0	272
16	30
3	210
1	337
0	394
0	224
0	12
0	12
0	0
36	292
1594	0
2278	297
8	176
1	203
0	0
0	35
9	38
1	31
1	22
0	5
1	2
6	2239
3	150
13	1524
36	1856
0	1543
0	315
4	58
0	501
54	104
13	1371
18	231
2	253
0	257
19	236
26	429
3	423
0	194
11	340
2	162
9	300
0	156
0	111
8	185
2	85
0	59
10	0
0	6
0	6
0	0
0	3
1	24
12	43
4	36
4	500
0	494
0	320
0	320
7	457
2	375
1	89
0	82
0	65
2	43
0	34
0	1093
0	67
0	120
0	1104
0	55
0	823
0	12
9	12
2	23
0	1063
27	1044
1	163
0	69
2	479
0	44
0	8
0	391
0	448
0	542
0	534
0	420
0	523
0	41
4	165
6	55
1	6
0	4
1	9
0	1
0	5
0	2
0	5
0	1
0	1
0	6
10	1010
0	1308
0	1260
1	1262
10	197
19	60
0	34
0	41
2	281
1	111
179	245
7	97
0	58
3	181
100	172
19	96
7	8
3	16
0	12
0	0
0	0
0	0
0	0
0	1
3	83
33	398
2	878
1	5
0	75
19	877
4	82
1	429
4	387
1	421
2	302
0	24
0	0
0	0
0	0
13	22
0	16
20	2116
14	5
0	8
108	5268
0	5354
14	5418
0	4869
0	3626
0	1908
1	779
50	1285
0	90
0	0
7	0
0	0
13	515
38	515
28	35
8	42
19	50
0	0
0	0
40	0
1340	2342
1	1604
4	1118
12	835
1	591
2	284
0	0
0	0
0	0
3	363
0	0
0	2
1	32
0	350
7	405
0	358
13	323
0	242
2	438
17	574
0	516
0	143
0	103
0	65
9	54
55	56
0	59
27	0
0	0
0	1
0	1
0	0
0	0
0	0
0	0
0	0
512	49
0	49
338	3272
0	2830
0	0
4	1101
7	632
0	612
0	1211
3	286
0	1248
11	1064
1	902
0	1066
33	825
3	1151
7	1
0	292
0	11
1	230
7	167
2	262
341	1310
58	1153
0	401
18	43
0	30
16	847
31	139
0	222
0	1
0	0
3	2
0	0
4	340
2	383
3	124
0	126
1	47
0	51
0	106
0	83
2	14
7	8
0	30
0	45
1	44
1	30
0	19
6	5
43	68
12	68
1	6
0	0
6	451
0	434
0	0
0	0
0	408
0	445
7	155
5	391
0	451
0	409
3	21
0	42
13	5
4	58
251	3046
48	3064
232	2427
0	778
0	0
0	0
2	270
0	243
0	283
1	111
0	261
0	221
0	227
16	252
0	35
0	28
2	50
2	4
0	80
0	71
0	7
1	7
16	0
0	101
0	86
0	3
1	9
0	8
2	109
0	132
0	114
3	5
0	24
51	5
0	92
0	13
1	5
0	49
2	13
0	47
0	42
1	5
0	0
0	40
0	711
0	1483
4	2753
10	2457
0	2792
2	1547
23	163
22	655
10	184
7	637
29	69
2	293
182	0
33	509
4	463
0	65
5	0
0	5
0	73
0	1145
1	59
0	1145
7	553
0	405
2	141
87	150
63	6
19	60
92	538
4	37
0	443
2	1078
4	367
233	779
4	730
6	50
33	565
5	1477
31	123
3	670
5	278
28	0
1	190
4	112
1	0
0	631
0	0
0	0
1	0
0	0
1165	0
0	0
161	0
0	0
0	0
1045	5
0	0
0	0
0	0
3	495
127	495
0	0
3	0
6	0
31	0
10	0
5	184
112	184
1	2
0	2
0	0
0	0
3	20
0	20
0	20
0	0
2	5
0	5
0	0
0	0
0	0
0	0
0	0
0	0
0	0
0	0
0	0
0	0
0	0
0	0
0	0
0	0
0	0
0	0
4	0
1	0
36	5707
2	5981
56	5847
0	299
0	288
0	110
11	2977
0	0
7	11
1	11
0	0
0	0
60	19
0	7
0	15
0	4
4699	628
14	535
84	0
3	149
7	327
6	1764
0	1837
112	512
0	176
5	1233
1	1306
1	53
0	202
6	61
4	108
0	81
11	89
0	89
8	102
4	2
3	0
0	0
2	1055
0	1168
0	1219
0	957
1	542
4	135
0	54
47	498
13	149
0	348
2	290
30	62
0	191
0	1
0	1
0	1
0	1
0	0
49	591
1	583
0	34
0	23
1	55
1	26
1	71
6	106
3	187
12	50
180	106
2	114
1	32
0	0
0	0
0	0
1730	1108
5	1108
1	580
1	0
4	708
222	678
0	616
83	157
125	6361
42	6678
0	1023
1	51
0	1335
6	1170
0	993
29	656
3	1947
29	60
3	967
25	0
0	0
238	1260
1	842
0	192
0	247
0	279
2	372
0	22
6	158
6	99
11	294
1	0
5	0
0	0
0	0
0	25
0	1
1	65
0	4
0	4
0	1
5	5
0	0
1	21
0	5
0	3
0	61
1	16
0	1
0	0
0	208
0	160
0	289
0	193
0	156
0	216
0	188
0	208
0	134
0	225
0	116
0	63
0	158
0	128
72	225
7	216
0	187
0	183
46	0
0	78
1	34
0	61
0	72
0	17
5	46
1	5
198	9885
2	572
4	9493
20	241
3	129
2	534
0	366
0	1299
6	1512
7	36
0	1280
0	1155
3	21586
10	21316
6	12182
0	21916
1	20459
1	11174
0	11500
0	1039
0	844
0	21816
36	6182
0	990
0	21886
0	995
29	21568
0	572
2	1247
4	20006
0	1441
31	288
2	581
0	959
0	0
45	301
0	0
6	27
0	99
1	104
0	29
29	3459
46	2728
37	3092
0	2891
0	2755
20	2523
49	423
1	379
3	454
2	189
0	340
90	622
0	417
4	573
16	246
1	38
0	39
0	32
1	18
0	125
0	273
1	249
0	171
0	172
0	177
0	211
1	33
0	0
7	103
0	0
0	0
0	0
0	0
24	1650
0	0
1	0
0	0
0	0
0	0
0	0
0	0
0	0
332	2617
0	277
48	2221
15	61
21	2103
10	326
1	0
26	0
0	0
131	51
0	51
11	1145
0	1311
0	1257
5	1210
0	1328
2	35
11	671
2	562
0	44
0	64
1	48
0	112
0	72
0	17
0	15
2	53
2459	171
0	114
4	111
26	108
865	0
0	0
3	114
0	45
1	149
2	1369
11	116
6	54
0	151
0	69
77	139
30	1335
0	0
0	2
0	0
0	1124
16	29
70	368
9	368
729	2211
15	1885
0	1986
1	1946
0	253
17	39
140	2248
12	1328
42	23
0	1546
1	1982
0	4
2	204
107	1558
0	2
17	254
7	240
0	232
0	232
0	220
0	7
5	8
1	3
0	1
1	5
10	5
0	0
1	36
0	1
0	0
1662	2963
16	2774
11	3013
27	519
355	5
71	200
0	207
177	286
1	132
0	7
0	0
106	3588
1	3499
0	67
0	25
3	145
33	106
0	101
0	0
0	1
0	0
0	0
0	0
3	90
12	0
0	0
2	22
0	0
2	2
0	0
0	0
0	721
2	691
1	49
27	462
0	1
12	226
0	175
26	17
93	113
1	74
1364	3095
12	3081
4	2891
0	726
0	0
0	2
0	2
1	2
0	2
0	1
0	2
0	0
0	1
0	20
0	20
0	11
4	20
0	20
0	15
0	20
11	1
0	1
0	13
0	2
0	10
3	11
0	8
0	3
0	0
16	55
0	0
0	0
2	3
0	0
0	2
0	2
0	1
0	0
1	8984
0	7736
2	7725
62	414
0	5164
0	440
0	342
15	3952
1371	8614
0	1500
0	1643
0	733
3	525
57	8520
0	7540
0	525
0	1542
99	696
0	0
114	466
264	3193
0	630
22	2537
0	4
10	1879
0	1685
0	1
0	11
0	1366
2	0
32	407
5	370
0	90
1	183
0	59
20	0
0	0
0	1
0	1
0	0
0	0
1	0
0	0
1	0
0	0
1	8
0	8
9	2322
0	26
0	2325
0	87
0	1174
0	0
0	0
0	0
4	29
49	29
1	23
2	15
0	0
0	1
0	0
0	299
0	0
0	0
0	1
0	0
0	0
0	89
1	287
0	299
1	157
0	0
0	0
0	0
117	0
0	0
0	0
397	43
41	43
0	0
1	0
0	0
5	0
1	0
0	0
0	0
0	0
0	0
0	0
0	0
0	0
1	69
0	0
0	192
0	176
271	880
20535	6033
240	1913
0	0
110	5855
331	193
1	2413
0	0
0	642
0	0
3	0
1	0
0	0
0	0
0	1
0	1
0	1
0	1
0	0
0	0
0	1
0	1
0	1
0	1
0	0
266	50
0	36
0	13
3	1
4	0
30	80
1	80
0	0
0	0
0	0
0	0
2	143
0	143
21	117
218	184
0	135
0	0
0	0
1	0
0	0
0	0
0	0
0	0
0	0
0	0
0	0
0	0
0	0
2	0
93	776
3134	912
45	652
12	767
0	521
0	0
0	0
0	0
0	0
0	11
0	10
2	1
0	1
0	0
1	0
0	0
438	219
2	219
0	4
8	13
2	17
0	5
0	5
0	0
0	0
0	0
0	0
0	0
0	4
0	7
0	6
0	0
0	6
0	0
0	1
0	0
0	4
0	0
0	0
0	0
1326	3262
0	1728
8	2900
0	3148
0	3212
35	3126
4	437
12	104
3	0
0	0
5	0
5	3
3	3
28	0
0	0
0	0
31	0
32	0
1	0
2319	532
3	399
20	327
0	0
0	1
0	0
0	0
0	0
0	0
44	0
18	0
14	0
0	9949
0	9925
0	828
0	671
1	80
8	876
1	455
228	37
0	0
0	96
0	91
0	56
0	54
1	31
13	23
8	28
0	5
1	9
21	1320
0	1040
10	959
4	32
23	746
0	258
11	4
1	227
3	119
782	4
0	0
0	0
0	0
0	0
2	0
0	0
0	0
2	1
0	1
669	129
0	129
5	0
1	36
1	23
26	5620
3	5564
3	3316
0	464
1	2533
1	2141
18	83
0	0
0	82
0	82
3246	1137
92	1115
0	0
4	0
0	0
19	120
4	109
3	109
0	7
0	26
0	2
0	0
0	0
13	4
2	5
0	0
0	0
0	1692
0	0
13	0
41	2660
0	300
0	2505
2	1562
0	785
2	132
0	0
14	0
7	0
12	0
0	0
26	4085
0	2718
0	4235
2	3806
150	4165
0	3553
26	0
40	60
0	0
24	2564
200	0
0	905
0	0
6	75
35	345
8	46
22	93
4	343
7	135
35	0
1	0
2	1
20	4
0	3
0	1
0	1
987	0
888	443
1	333
1	255
0	145
982	1520
6	1462
1	297
7	0
11	915
21	1075
0	1
8	0
7	0
11	10
7526	40
30	34
0	0
1	517
0	581
0	368
1	215
7	609
0	555
1	249
0	250
3	230
3	94
3	40
12	41
160	515
0	508
0	514
0	0
6	184
3	184
0	182
0	180
0	219
0	219
0	23
0	4
0	6
1	0
0	0
0	0
0	0
1646	2
15	0
0	182
0	264
26	248
9	53
0	0
0	0
0	454
0	1533
58	1533
0	0
3	30
1679	1581
47	71
2	1579
12	0
7	2
28	47
2	47
10	22
7	1888
192	2089
3	35
15	73
4	27
2	725
0	550
0	0
7	231
1	2
0	2
0	1
0	0
0	0
0	0
0	0
0	0
1	1
0	1
0	0
694	16618
0	5586
2	0
28	600
8	1108
0	936
23	11056
0	29
0	34
15	2438
0	2444
0	2383
0	2504
0	4
0	29
0	2176
0	2287
0	2446
0	144
0	0
0	228
0	154
0	7
10	2123
25	292
3	37
0	533
6	148
3	557
0	57
1	1311
17	209
0	0
3613	716
0	795
0	656
0	610
0	610
0	656
0	795
1	11
6	11
8	0
0	0
0	1492
7	722
0	1491
0	1523
5	560
33	811
2	29
11	28
0	26
1	130
1019	1622
5	1224
37	581
1	1452
0	453
0	310
0	517
1	1306
0	226
1	193
0	313
21	169
10	48
740	1016
1	870
0	947
35	653
0	196
0	461
11	848
69	6
2	106
2	141
0	133
0	0
2	110
0	0
22	24
0	20
0	5
0	4
0	1
204	8012
134	7315
242	2957
0	5261
42	785
25	7318
0	7314
25	6524
283	52
0	0
0	11
0	0
1	26
1	15
0	0
0	1310
0	1310
32	1310
8	337
8	271
0	2569
314	2570
9	68
10	44
13	44
1897	3123
1	2013
1	314
6	25
2	2980
5	1796
3	1192
0	1796
38	1482
1	1305
3	1174
7	39
23	868
26	245
1268	2490
2	2599
0	80
3	1
138	1546
0	19
36	0
2	2
37	133042
135	133048
11	2
2	0
0	0
20	2551
2	2370
0	328
0	1860
0	28
0	123
0	42
145	907
2	907
1	0
144	1286
2	49
0	1732
2	4738
9	132
12	1428
4	1471
6	1847
43	1540
0	1559
15	683
0	522
0	295
0	511
0	294
2	291
0	390
10	189
6	87
0	0
0	13
5	1
0	1
0	1
0	1
0	386
0	434
21	160
1	422
25	98
15	11
4888	8329
20	4814
0	8
33	986
1	0
0	1
3	1
1	510
0	319
513	3496
2	0
0	0
0	0
0	0
900	264
5	88
5	180
1278	11
0	0
1	11
21	0
610	348
1	246
3	281
35	0
10	38
46	70
0	67
0	0
0	0
724	391
1	225
1	1
0	0
0	166
0	0
0	1
0	10
0	10
1	0
0	0
0	2
0	0
0	3
0	3
829	1441
0	1441
0	0
44	364
115	114
106	364
0	0
0	0
2684	1230
72	1230
11	116
46	0
0	0
1	85
2667	1447
8	1437
126	2555
5	2530
42	1577
15	47
0	71
2	201
0	119
0	0
0	0
0	0
0	12
1327	2156
33	243
0	393
0	209
4	1136
0	212
5	1754
0	363
10	130
248	0
37	1126
2	1093
22	477
61	45
44	461
2	158
4	185
5	112
0	390
0	101
0	99
95	43
1	43
0	0
0	0
3	0
0	0
0	3
0	3
0	0
0	20
0	18
1	12
0	0
0	0
5	4
0	4
0	0
0	3
0	0
0	0
0	0
0	0
0	0
0	0
0	0
0	0
0	0
0	0
0	0
0	0
0	0
0	0
0	0
0	0
0	0
0	0
0	0
0	0
0	0
0	0
0	0
0	6
0	6
0	6
0	0
0	0
0	0
0	0
0	0
0	0
0	0
111	32
0	15
4	15
4	2
0	3635
12	3273
51	917
20	3293
14	469
9	0
16	17
0	10
0	17
1	3
1	0
0	3
2	8
0	7
0	0
0	0
0	3
0	2
0	0
0	3
1	0
0	0
0	17
0	32
0	33
0	32
0	23
0	16
0	24
0	14
4	4
5	0
11	84
3	84
0	22
12	5
0	4
4	10
0	1
1	0
632	25
45	171
0	25
181	12110
0	289
1	0
82	11991
58	0
5	446
7	221
238	124
0	124
2	20
1	0
0	0
0	0
0	0
0	0
0	553
0	549
0	659
2	660
6	30
0	217
9	104
0	27
0	29
0	20
0	22
0	20
0	2
0	0
0	7
0	3
0	0
2	2
0	2
716	147
51	147
51	348
0	346
82	84
3	0
9	0
0	3
0	2
2	1
0	0
1	0
0	0
447	1263
6	601
32	228
0	14
4046	838
6	19
0	1
0	52
0	92
1	676
0	1
0	1
0	0
7838	1010
0	989
13	0
0	0
3701	1662
11	1499
0	546
91	766
0	0
0	0
0	0
0	218
1423	0
79	5
0	0
2	5
334	734
1	189
179	572
100	261
1	445
0	19
6	30
34	270
0	245
0	36
0	62
0	16
234	32
0	32
858	101
0	99
0	2
0	2
27	39
5	39
0	23
718	201
0	0
2	201
38	927
1	951
11	16
13	6
2	57
0	555
5	672
0	815
0	263
0	132
0	0
0	0
9	120
0	108
0	133
12	25
0	29
0	55
2	164
9	162
978	121
7	121
24	36
4	0
6	1015
9	983
5	877
1	218
0	0
1	71
1	264
0	531
0	188
3	47
88	3
0	3
0	0
0	0
0	0
2	0
0	0
0	7
0	238
0	7
327	242
0	7
0	0
0	0
0	0
0	0
0	0
0	0
0	25
0	0
0	0
1	0
0	0
0	0
0	0
0	0
0	0
0	0
0	0
0	0
0	0
1	10
14	29
0	0
0	1
0	0
0	0
0	0
51	28
0	28
0	0
0	123
0	0
0	0
0	0
0	0
6	4
6	0
4	7
1	13
11	21
3	19
4387	662
4	41
0	0
31	0
0	90
10	0
0	626
0	591
0	0
16	1
1	0
1	0
18	71
4	87
0	64
0	0
1	15
0	0
0	117
1	12
0	0
0	593
0	626
0	0
14	0
0	0
0	0
0	5
0	5
0	0
0	0
33	764
2	696
1	153
2	258
0	284
5	4
2	177
4	67
0	49
0	51
9	0
0	238
0	265
8	142
0	19
0	5
1	112
473	142
2	128
15	110
0	128
0	298
34	298
0	298
0	126
0	0
0	1
0	0
327	4250
20	4263
10	1764
0	677
0	546
6	93
8	4767
306	4873
68	4717
9	3094
98	6964
7	104
3	141
7	6967
0	1529
0	2301
27	2003
30	0
6	10
3	89
101	539
3	155
1	85
1	34
0	30
0	357
0	58
0	47
1	0
0	22
0	0
0	19
3	3
0	1
0	6
771	0
0	0
310	456
2	44
0	392
84	203
0	72
418	226
2	152
3	109
12	73
17	28
3	27
0	22
0	0
0	0
0	18
1	16
0	15
0	0
370	0
53	0
0	11
0	12
0	12
0	11
0	12
1	20
0	21
1	13
5	10
3	1
2	16
0	117
2	84
8	1563
1	196
0	1538
543	560
0	227
2	187
0	256
4	116
0	172
0	22
96	48
321	953
46	953
0	4
42	17
0	17
0	3
24	612
0	512
0	186
1	151
0	162
0	159
0	71
5	52
6	0
0	6
21	6
0	2
126	124
1	77
7	153
104	0
3	0
0	0
0	2
0	2
0	2
0	13
8	13
1391	0
0	0
0	33
0	33
0	33
0	0
0	0
25	0
332	144
4	144
0	0
9	10
0	10
4	2
59	2245
3	2185
13	895
0	1370
1	137
4	120
1	55
1	40
0	1
1	0
0	0
0	0
2	0
19	1
0	1
653	0
0	0
16	0
0	0
36	3860
0	0
315	1287
0	14
0	11
0	321
10	7
20	1263
18	4
1587	1546
5	511
0	636
0	0
0	0
0	0
0	0
0	0
0	0
0	0
0	0
0	0
0	0
15	90
0	0
0	0
0	0
0	0
0	0
0	0
0	0
749	0
0	0
13	10
1	8
3	2
5	2
0	2
0	2
1	43
304	0
0	6
0	6
15	0
2	283
59	544
81	281
3	389
2	47
0	61
0	0
0	22
1	1427
69	1427
0	44
1	112
6	851
3	37
8	3
3	468
0	0
0	0
0	0
0	4
0	0
0	0
0	0
39	208
0	208
2	19
0	122
0	0
1	1348
0	1425
9	1601
0	1182
172	1716
0	1558
1156	1617
0	1657
0	1364
0	1477
1	0
898	1368
30	1129
4	1088
2	951
0	823
30	800
0	490
40	26
0	29
0	0
0	0
0	0
0	0
0	0
8	24
1	109
0	120
40	118
2	111
0	0
2	41
0	0
0	0
0	0
0	0
18	4975
0	0
1	0
0	0
0	0
311	735
15	701
0	731
255	147
2	708
0	513
0	0
0	5
1602	2691
0	1462
2	1961
11	53
19	148
9	1819
13	425
0	0
0	0
0	0
0	0
0	0
0	0
0	0
0	0
0	0
5	66
0	0
0	0
0	0
0	0
0	0
0	0
0	0
0	0
0	0
0	0
0	0
0	0
16	3902
0	3910
0	3622
0	3910
0	9
2	2
165	0
15	0
277	279
3	268
0	267
4	43
0	50
2	48
0	0
10	9139
1	6122
28	7626
11	2817
7	842
61	0
542	1194
44	427
17	767
2	711
32	3798
1	4042
2	838
9	1144
3	366
1	664
19	501
1154	2
201	0
0	4
0	0
19	9
0	703
1	115
4	137
0	726
42	37
0	103
0	98
10	141
0	0
0	0
10	95
0	17
43	198
0	13
0	50
0	102
5	0
50	102
0	4
0	0
23	201
1	465
0	567
0	568
0	564
1	509
14	571
135	566
993	1580
0	986
1	701
4	521
0	367
0	262
8404	8
0	1
105	58
1	18
0	40
0	3
0	1
0	1
0	0
0	0
0	0
0	1
0	0
0	1
6172	172
185	140
2	32
129	347
0	318
10	163
3	163
0	130
1	6
12	29
0	2
251	1062
15	1060
0	41
3	4
179	14
0	13
17	44
4	64
7	142
75	221
0	0
0	0
0	2
0	2
0	0
139	9
0	0
2	0
4	3931
0	0
3	0
61	3931
33	9
648	2
22	0
0	0
0	0
0	0
0	0
0	0
0	0
0	0
0	0
0	0
0	0
722	397
0	79
1	4
4	1
0	148
1	338
0	341
268	2658
21	2609
8	2367
1	158
43	19
13	444
0	111
5	328
9	4
0	49
0	352
11	10
21	109
2	227
0	105
0	0
0	0
0	0
0	0
408	584
11	490
7	56
2	0
0	74
0	0
9	0
284	563
3	545
0	188
2	136
1	123
9	40
0	0
0	0
0	0
0	0
0	0
0	0
0	0
0	0
0	0
0	0
0	0
0	0
0	0
0	0
0	0
0	0
0	0
0	0
0	0
0	0
0	0
0	0
0	0
0	0
0	0
0	0
0	0
0	0
0	0
0	0
0	0
0	0
0	0
0	0
0	0
0	0
0	0
0	0
0	0
0	0
0	0
0	0
0	0
0	0
0	0
0	0
0	0
0	0
0	0
0	0
0	0
0	0
0	0
0	0
0	0
0	0
0	0
0	0
0	0
0	0
0	0
0	0
0	0
0	0
0	0
0	0
0	0
0	0
0	0
0	0
0	0
0	0
0	0
0	0
0	0
0	0
0	0
0	0
0	0
0	0
51	992
55	286
13	676
8	899
11	46
10	0
9	688
0	1653
1994	1631
0	154
0	120
1	86
28	159
5	160
0	85
1	85
0	0
0	0
5	0
0	0
0	0
0	0
0	0
0	0
0	0
0	0
0	0
0	0
0	0
0	0
0	0
0	0
0	0
0	0
26	334
0	0
0	0
0	0
0	0
0	0
13	192
13	356
5	350
0	13
0	15
1	11
8	2
74	0
515	253
9	48
0	0
0	139
116	0
23	124
1151	318
4	5
0	313
0	0
0	0
0	0
0	0
15	35
0	33
0	22
0	10
0	0
0	3
1	1
0	0
0	0
0	0
0	471
1295	478
381	1111
0	1111
6012	1020
11	1014
0	1
4	1072
0	0
1	0
0	0
0	0
0	0
0	0
0	0
0	0
0	0
0	0
0	0
0	0
8	4762
671	4762
0	0
0	0
229	143
2	87
1	131
0	0
0	0
0	0
0	0
23	12
0	0
0	10
0	12
0	4
0	2
0	0
0	0
0	0
0	0
0	0
0	0
0	0
0	0
0	0
0	0
0	0
0	0
1	1
0	0
0	0
0	0
0	0
0	0
0	0
0	0
0	0
0	0
0	0
43	547
3	43
0	535
16	484
0	595
0	568
0	66
0	0
0	0
0	0
0	0
0	0
0	0
0	0
0	0
0	0
0	0
0	0
0	0
0	0
0	0
0	0
0	0
0	74
0	0
0	2747
29	3163
53	499
61	791
20	79
22	270
2	62
8	1
2	0
0	0
0	0
0	0
0	0
0	0
0	0
0	0
0	0
0	0
0	0
0	0
0	0
0	0
0	0
0	0
11	1758
0	1084
0	1824
5	1807
19	336
8	81
5	59
9	111
0	190
0	1242
0	0
0	70
12	153
0	0
31	0
4	0
18	0
0	0
0	0
28	84
0	0
0	0
3	0
0	0
2	0
0	0
1	0
0	0
0	0
0	0
1	62
1	99
0	105
0	0
0	0
0	0
0	0
3	420
0	0
658	1382
1	1383
10	303
0	0
0	0
17	109
0	95
0	95
1	22
3	5
0	0
0	0
0	0
0	0
0	0
0	0
0	0
3031	3719
8	3759
0	517
0	211
19	141
51	372
0	405
118	20
0	0
63	373
0	0
2	0
0	0
0	1
0	1
0	2
0	2
1	0
0	0
0	0
0	0
0	0
0	0
2	3259
28	3350
3	147
11	332
1	139
30	23
0	61
1	24
0	0
3	15
0	13
2	17
0	52
57	11
4	7
7	0
46	1
0	1
14	0
27	0
0	0
27	0
18	0
3	0
7	55
0	7
12	0
50	0
0	0
9	10
0	2
0	6
0	0
0	0
37	0
0	0
42	0
10	0
0	0
1	0
21	0
0	0
0	0
0	0
0	0
0	0
0	31
0	31
0	34
1	31
0	31
0	29
0	31
0	29
0	0
0	2
0	4
0	3
0	1
0	1
0	1
8	1477
9205	3423
391	3351
56	1394
18	1104
0	1154
25	234
18	0
297	456
0	216
0	0
0	0
0	0
0	449
25	468
0	246
6	164
0	86
9	130
1	56
0	0
0	0
0	0
1	0
0	0
1	158
11	158
160	195
0	130
4	0
0	0
0	0
0	0
0	0
0	0
0	0
0	0
0	0
0	0
0	0
0	0
4	55
38	55
0	28
0	0
0	0
1	0
1	9
0	0
0	0
0	0
0	0
0	1
0	0
0	0
0	0
0	0
0	0
0	0
0	0
0	0
0	0
0	0
0	0
0	0
0	0
0	0
0	0
0	0
0	0
0	0
0	19
0	19
0	0
1023	162
14	162
0	0
436	177
14	62
0	148
0	62
0	0
7	2447
20	952
35	2621
111	3003
9	2439
0	1108
10	295
37	735
1	280
1	52
10	0
15	163
37	1478
1222	1542
0	277
14	211
0	64
0	0
336	21732
24	5694
0	17473
0	21336
182	19424
0	20851
0	20546
1	2625
12	0
7	1430
9	12785
111	1233
0	0
0	0
0	0
0	0
0	30
395	30
60	31
0	0
5	190
9	1944
1185	1019
1	1019
4	212
0	0
186	0
0	0
0	0
0	0
0	0
0	0
0	0
0	3
2	3
0	0
0	1
3	1
0	0
35	408
14	368
55	92
19	165
2777	1445
1	1445
0	0
518	24
0	24
18	2
147	2552
0	2164
0	30
79	49
37	627
3	72
4	2144
152	805
1	340
13	111
1	182
1386	6629
0	5741
3	5246
4	2132
8	270
0	338
5	210
0	779
5	1247
0	1217
18	13
14	13
0	0
2	49
11	0
0	0
2594	1568
2	99
15	1564
0	0
0	0
0	0
0	15
0	22
0	21
0	14
0	13
0	20
0	13
0	2
0	16
0	17
0	18
0	0
0	0
0	0
0	0
3	0
5097	2
0	0
0	0
0	0
74	0
0	0
0	0
0	0
0	0
0	0
10	0
5	0
0	0
0	0
0	0
0	0
0	0
0	0
0	0
0	0
0	0
0	0
0	0
0	0
0	0
0	0
0	0
0	0
0	0
0	0
0	0
0	0
0	0
0	0
5	0
0	0
0	0
0	0
0	0
0	0
0	0
0	0
0	0
0	0
0	0
0	0
0	0
0	0
0	0
0	0
0	0
0	0
0	0
0	0
0	1195
0	2241
34	1459
6	2241
1	25
1	849
0	943
0	316
101	91
0	168
3	36
0	70
3	68
0	71
0	4
2	6
0	0
2	0
2088	2428
303	2428
2	66
5	890
14	875
30	853
12	137
5	10
13	5
22	16
0	0
0	0
32	158
98	12
0	0
0	0
1001	1045
1	1045
59	121
0	0
0	0
0	0
0	0
0	0
0	0
0	0
140	446
39	413
3	62
0	1
0	1
0	1
0	1
566	315
0	50
3	265
2	77
4	51
0	0
0	18
0	18
0	18
2	17
0	23
0	22
0	20
0	15
0	0
0	5
0	0
2	0
84	474
0	147
2	352
0	146
2	179
0	165
0	33
1	0
8	1183
0	1194
0	1175
0	564
0	50
0	13
4	18
0	9
0	0
0	83
0	614
0	519
0	0
12	18
1	0
2	0
224	1320
1	1332
1	9
68	255
0	16
42	48
139	56
0	557
1	0
1	48
1	48
0	8
16	852
0	0
0	0
0	0
0	0
0	0
0	0
0	0
0	0
0	0
0	0
0	0
0	0
0	0
0	0
0	0
0	0
0	0
0	0
70	515
1	199
39	354
0	498
0	35
0	497
0	680
30	2295
45	2347
16	735
0	587
7	191
3	0
0	0
1	19
2	19
0	12
0	0
363	2125
7	2035
4	1717
133	102
0	193
0	127
0	263
0	100
8	1
0	0
1	282
1656	4117
0	934
1	3183
1739	695
0	502
0	287
15	0
6	236
0	247
0	53
0	15
5	3164
0	2988
0	276
0	366
2	3149
6	36
0	1278
0	1291
10	283
5	527
1	302
1	72
7	22
29	16253
248	13925
4	16102
0	16338
772	13345
3	3385
320	4818
10	590
0	210
339	2557
1	241
1	304
0	675
168	50
0	52
6	242
2	508
1	472
0	482
1	448
0	557
0	240
0	345
2	328
0	336
1	36
4	50
0	1111
0	8
3	8
0	717
0	616
0	194
1	196
0	218
3	396
0	312
52	53
0	145
20	129
9	16
6	5
0	1036
0	1375
0	1122
25	1167
82	629
0	1420
0	1329
2	7
0	99
0	1060
11	106
0	166
0	288
0	70
0	83
2	7
0	175
1	7
23	46
0	112
0	102
0	123
25	297
0	2
0	9
0	4
0	4
0	16
0	15
0	16
0	3
0	0
0	0
818	5826
4	2493
2	2842
1	4447
0	1018
49	515
6	0
0	0
0	0
0	0
33	859
0	168
4463	162
28	705
0	135
38	0
2	544
0	0
1	0
0	0
0	0
3	10
0	10
200	196
9	196
0	0
0	0
0	0
0	0
0	0
0	0
7	1001
18	934
0	1001
1	929
0	99
0	660
2	0
0	0
0	0
0	37
1588	41
0	0
626	830
17	1436
0	447
0	0
11	19
126	627
1	4
17	3
0	0
0	0
0	0
0	0
0	0
0	0
0	0
0	0
0	0
0	0
0	0
0	0
0	0
0	0
0	0
1	0
0	0
0	0
0	0
0	0
0	0
0	0
0	0
0	0
12	118
0	126
0	47
2	35
1	47
19	37
1	58
0	93
0	126
2	14
1	0
0	9
0	3
1	34
3	65
1	30
0	22
0	0
9	1988
1	16
128	2217
3	851
0	0
0	0
0	0
0	0
175	52
1	52
3	2588
0	174
6	140
3	82
43	2441
0	660
3	1567
0	220
0	58
1	45
53	0
4	33
0	575
2	37
0	0
0	149
0	2228
0	2314
32	81
0	809
0	626
6	1119
23	218
9	73
23	39
5	244
6	743
2	686
15	247
2	37
0	56
0	0
0	41
0	77
0	52
0	52
0	52
0	16
0	8
0	0
0	0
0	0
0	0
0	0
0	0
0	0
0	0
0	0
0	489
0	793
0	765
0	605
0	48
1	47
0	20
0	0
1	0
0	0
56	0
20	340
1	72
20	0
40	0
2	152
0	0
53	521
67	513
12	511
2	509
1	282
4	326
12	260
1	4180
0	1848
23	4
3	1155
1	2096
0	776
0	513
0	13
0	160
3	215
0	2012
2	142
1	194
7	1
2	1405
0	145
0	2030
4	2012
1	3452
0	694
0	30
0	42
35	592
1	15
0	133
25	4153
70	4175
1	3487
0	353
0	228
2	0
57	695
1	716
0	263
1	372
6	130
0	0
1139	497
0	104
2	303
7	342
17	219
8	71
87	3398
23	1705
5	191
0	349
12	3398
7	0
63	390
1	0
2	0
0	2
0	3
0	3
0	1
0	1
0	1
0	0
0	0
0	0
0	0
0	0
0	0
0	11
0	12
0	14
0	14
0	14
0	14
0	0
0	1
0	0
0	14
0	0
0	11
0	0
0	0
0	126
0	128
0	94
1	92
3	95
0	64
0	51
0	64
914	18463
20	633
26	1811
3	3783
23	2590
141	11882
0	0
0	0
0	0
300	2
1	0
2	0
2	0
6	0
133	476
0	342
0	368
6	41
41	4903
0	4904
1117	4605
0	2626
42	970
0	599
93	658
12	139
0	458
7	111
2	0
97	44
3	957
0	895
2	0
0	0
8	280
522	152
1	0
0	0
0	0
0	0
0	0
0	0
0	0
0	0
4364	896
50	760
0	248
38	2
11	10
7	100
0	581
4	537
2	524
0	54
1	0
0	26
10	15
1	15
0	6
0	1
5	0
0	0
32	433
0	222
0	222
0	358
0	54
0	55
1	115
0	38
0	86
0	113
52	17158
3	160
27	173
218	17158
95	616
0	1280
2	1291
2	613
0	99
0	30
0	1
0	0
0	1
0	0
1	0
29	0
5	19
0	19
0	19
0	17
11	1
0	1
0	0
0	0
0	0
0	0
0	0
2034	563
1	0
0	544
4	264
0	26
0	86
0	98
0	93
0	98
0	31
0	48
0	48
0	31
0	7
0	10
0	4
0	7
123	0
319	1303
55	548
0	775
6	973
0	1253
0	1253
0	544
0	0
1	29
0	36
0	34
2	1
0	6
10559	7544
1741	6574
3	444
1	1292
1	352
59	1388
2204	0
1	914
5	913
22	816
14	427
1	88
0	10
15	16
0	0
80	22
8	89
0	38
0	13
334	563
0	169
0	274
0	41
0	21
2	278
0	39
0	0
1	83
0	105
0	24
13	3
20	1101
5	1062
0	812
0	748
1	270
1	179
4	36
0	1
0	1
15	70
43	60
0	38
22	71
20	70
39	0
46	59
0	15
0	13
0	9
0	17
3	23
79	12
113	16
0	0
9	38
0	0
0	3
0	0
14	31
3	28
19	22
0	0
0	0
12	96
0	8
314	88
33	96
2703	182
17	77
0	0
0	0
106	2
0	14
27	14
0	0
0	0
7	2
16	564
0	0
0	577
3	270
6	0
29	20
0	0
3	33
0	178
5	205
6	88
208	58
3	0
0	58
5	20
0	2
3	2
0	0
0	0
0	0
1	0
0	0
0	0
0	0
0	0
0	0
1	111
3	0
1	97
0	3538
0	3739
0	4332
0	4047
13	126
77	170
0	20
0	0
0	0
835	376
22	0
0	0
15	402
9	402
0	0
683	0
2	6
0	4
9	8
1	6
0	513
0	0
0	0
3504	45
18	45
0	0
3	2444
12	2205
0	2192
2	1008
2	1689
0	2204
0	2160
2	1408
0	1692
39	647
9	1060
0	1624
1	23
0	287
0	1129
16	375
123	134
0	28
2	123
11	0
1	26
224	1106
41	32
16	1074
16	2015
1	299
5	0
319	205
88	1941
6	4058
30	82
0	196
3	82
8	296
0	0
10	214
103	2205
0	5392
0	0
5	451
0	34
0	3694
45	3008
181	3694
26	1170
16	1028
2	655
32	1921
0	0
0	24
1	673
0	0
0	70
0	7
388	2399
424	758
280	983
0	1439
0	1289
1	627
1	8
4	2628
38	2
6	1373
0	670
108	612
55	1148
77	2091
1	24
0	10
0	13
0	18
0	18
0	1
0	14
0	7
0	8
0	11
0	1
19649	3362
8	3348
0	0
6	0
0	0
0	0
133	1257
0	1249
156	147
6	7
469	301
0	23
0	3966
15	4553
1	4496
16	4515
113	836
0	1969
0	2390
0	1
0	0
246	145
14	0
2	47
0	9
7	25
2	6
0	1
0	1
0	1
0	0
0	0
0	1
0	1
0	0
0	1
3	1
0	0
0	0
5	5
0	0
0	0
15	0
0	0
2	550
6	562
0	41
8	20
8	44
22	0
200	287
0	0
20	13
0	11
13	1313
3	1426
3	186
0	144
5	73
2	157
0	439
0	1
0	1
2	1
0	1
0	1
1	4601
0	0
12	4621
115	4615
13	1031
44	149
64	1027
5	213
4	0
0	20
0	20
0	18
0	19
0	19
0	18
0	0
0	19
3	140
98	2309
3	165
0	2168
1	711
3	1475
0	0
22	271
0	1362
0	0
2	0
3	953
247	827
0	19
0	84
0	350
0	557
37	4
11	318
0	130
7	387
0	22
26	783
10	783
0	2
0	0
0	2
0	2
0	0
183	76
8	33
11	53
4	129
22	18
4	154
0	0
0	0
0	1
0	4
0	0
1	12
0	300
0	291
0	27
0	148
0	146
0	13
0	213
0	109
0	53
0	60
0	62
0	54
0	45
0	0
0	0
0	0
0	0
0	0
0	0
0	0
0	11
0	0
0	0
0	0
0	0
0	0
0	0
0	0
0	0
0	0
0	0
0	0
124	916
0	1031
0	89
57	728
0	743
0	102
0	0
0	0
4	0
0	0
0	0
0	0
0	0
0	0
0	0
0	0
0	0
0	0
0	9
1	9
0	27
0	0
16	0
0	9
0	1
0	3
0	0
0	7
0	0
0	7
0	9
0	0
8	0
0	0
0	0
0	0
0	0
0	1
0	1
0	17
1	324
471	935
6	1
3	219
1	553
2	0
1	281
44	2093
4	2109
5	55
5	1257
0	33
1	39
1	63
0	37
146	101
0	0
0	0
49	0
0	0
0	0
0	0
0	0
0	14
4	14
0	0
0	0
0	0
1	4
0	4
2	275
43	276
0	51
11645	333
9	311
8	0
2	18
33	83
0	83
11	10
0	14
0	12
15	0
1	0
0	0
73	1
47	18
32	0
0	0
0	1
0	1
0	1
0	1
0	1
0	1
0	0
0	0
0	0
0	0
0	0
3	0
0	6
0	6
1	0
0	4
0	2
0	1
0	0
0	3
1374	324
0	27
3	172
0	48
3	189
2	117
1	9945
298	11334
0	1349
0	332
19	2808
123	9527
1	1853
0	23
0	1577
9	762
6	3216
14	915
0	0
0	650
0	650
0	43
8	2776
0	2363
27	1989
0	621
3	0
2	2039
16	2033
88	1904
9	1910
0	526
0	400
8	214
15	11
2	0
0	181
1435	2447
2	380
3	658
85	1216
1	1771
7	45
2	32
6	15
0	5
0	5
0	4
0	1
0	3
0	0
0	0
0	1
0	1
0	1
0	0
0	0
0	0
0	0
0	0
0	0
0	0
0	0
0	0
0	43
70	17
0	8
0	0
0	1
0	1
0	0
0	0
0	0
0	0
0	0
0	0
25	19
2	21
0	19
0	0
0	0
0	0
0	0
0	0
0	0
2	45
56	52
5	14
0	7
0	6
1	1
0	0
0	26
0	27
1	28
0	4
19	2
8	6
48	528
0	632
1	9419
18	9387
27	6031
33	6788
0	6936
35	3370
9	310
18	71
1	3
5	75
0	29
12	28
0	1058
1	565
35	917
301	2956
0	0
0	0
0	0
0	0
0	0
0	0
602	43
1	43
2	0
50	0
207	4196
11	4196
229	647
7	273
0	0
0	509
1	257
2	9
1	0
0	0
3132	464
4	464
2	296
0	0
0	2
0	1
0	1
0	2
0	3
7	14
5	14
1	0
0	0
66	1819
18	1819
2	1217
4	0
370	1185
0	353
1	168
307	748
3	195
0	5
0	13
0	11
6	307
17	358
5	294
6	314
0	14
0	18
235	8
0	336
4	86
0	10
0	16
17	452
39	97
10	150
1	55
4	168
10	98
0	5
40	128
0	57
1	75
12	0
2	34
2	88
0	158
16	122
1	12
0	3
1	2
0	0
0	0
0	0
6	0
0	0
238	232
4	57
0	55
1	75
1	59
0	39
44	1627
138	1850
215	292
0	0
0	0
0	0
33	5007
3	3934
52	1751
70	3771
2	107
5	491
209	529
1	164
9	457
1	129
1	224
1	64
2	489
2	102
1	121
4	61
13	268
81	425
7	139
2	92
5	226
1	198
0	0
0	148
0	149
2	40
0	29
0	0
0	79
3	28
2	4
0	0
15	1
0	0
0	0
0	0
2034	3394
23	2980
1	873
25	1220
0	276
2483	494
0	3
145	491
0	251
0	35
12	105
49	43
0	0
0	0
0	0
0	0
0	0
0	1
0	105
1	53
0	1
0	0
0	0
0	0
0	0
77	287
24	274
0	165
126	449
200	418
248	115
1	115
16	21
0	21
1	0
96	509
444	633
11	633
0	219
8	0
128	374
1	372
0	0
8255	5787
0	3916
17	3391
3	3323
0	852
64	1267
19	0
0	0
0	0
0	0
0	0
0	0
0	0
0	0
0	13
0	9
0	0
0	0
0	0
0	3
0	0
81	12
0	19
1	13
16	9
0	10
0	3
0	0
283	3
2	9
0	9
0	6
0	6
29	0
7	10
0	10
27	0
5	14
0	0
8	17
0	0
2	1
0	3
0	3
0	0
0	0
0	0
0	0
0	0
0	0
0	0
0	0
0	0
0	0
0	0
0	0
0	0
0	0
0	0
0	0
0	0
0	0
0	0
0	0
0	0
0	2
0	2
0	2
0	1
0	0
0	0
0	0
0	0
0	0
0	0
0	0
0	0
0	0
0	0
0	0
0	0
0	0
0	0
0	0
0	0
0	0
0	0
0	0
0	0
0	0
0	0
0	0
0	0
0	0
0	0
0	0
0	0
0	0
0	0
0	0
0	0
0	0
0	0
0	0
0	0
0	0
0	0
0	0
0	0
0	0
0	0
0	0
0	0
0	0
0	0
0	0
0	0
0	0
0	0
0	0
0	0
0	0
0	0
0	0
0	0
0	0
0	0
0	0
0	0
0	0
0	0
0	0
0	0
0	0
0	0
0	0
0	0
0	0
0	0
0	0
0	0
0	0
0	0
0	0
0	0
0	0
0	0
0	0
0	0
0	2
0	0
0	1
0	0
0	0
0	0
0	0
0	0
0	0
0	0
0	0
0	0
0	0
0	0
0	0
0	1
0	1
0	1
0	1
0	1
0	0
0	0
0	0
0	0
0	0
0	0
0	0
0	0
0	0
0	0
0	0
0	0
2	0
0	0
0	0
0	0
0	1
0	1
0	0
3023	4326
4	1580
0	756
0	491
17	486
18	1216
14	140
2	1148
0	0
0	0
0	0
0	0
4	84
0	84
724	176
3	185
21	2
35	66
4	66
0	58
0	1
0	0
0	0
1	1
0	0
1	0
0	0
0	0
0	0
0	0
0	0
0	0
0	0
0	0
0	0
0	0
0	0
0	0
0	0
0	0
0	0
0	0
0	0
0	0
0	0
0	0
0	0
0	0
0	0
0	0
0	0
2	0
0	0
3	94
5	94
0	0
0	0
12	414
2	414
5	116
648	0
122	501
0	501
19	17
16	0
0	17
117	401
0	401
707	0
0	0
29	2
0	0
5	0
1	0
130	129
0	127
67	0
11	0
425	0
0	22
0	5
0	5
0	346
0	41
0	324
0	0
0	0
0	0
41	126
1	126
0	206
8	217
28	10
4	3
1	12
0	5
386	412
0	361
105	52
758	88
59	84
0	66
0	0
9	4
0	0
0	0
0	0
20	0
162	1
5	1
658	36
1090	37
0	0
556	6
0	697
4	670
0	446
3	659
20	52
30	747
7	741
0	380
0	0
0	0
0	0
0	0
0	0
0	0
0	0
0	0
0	0
0	0
0	0
0	0
0	0
400	0
0	0
0	0
71	0
16	501
22	485
6	397
222	40
0	1
0	0
0	0
0	0
0	0
0	0
0	0
0	0
0	0
0	0
0	0
0	0
0	0
0	0
0	0
0	0
46	163
0	12
0	142
0	143
8	15
2	6
0	0
0	0
0	0
0	0
0	0
0	0
0	0
0	0
0	0
0	0
0	0
0	0
0	0
0	0
0	0
0	0
0	0
0	0
0	0
0	0
0	0
0	0
0	0
28	0
2	0
0	0
527	0
4	0
10	133
5	100
0	30
2	36
0	16
0	0
0	0
0	0
0	0
0	0
0	0
0	0
0	0
0	0
0	0
0	0
0	0
0	0
6	15
1	14
0	14
0	0
0	0
39	738
0	738
1	560
15	22
4	114
0	444
9	388
10	440
6	440
0	292
1	82
3	680
37	678
20	337
203	1569
0	1209
0	816
16	653
0	585
77	3
0	17
0	16
0	9
11	0
0	0
0	1
0	4
0	4
0	1
0	2
0	487
3	298
0	457
2	427
11	79
3350	299
16	295
206	0
24	158
255	37
42	161
374	667
0	156
14	738
9	739
26	79
0	0
0	0
72	107
0	7
2	106
52	26
9	943
165	18705
30	18084
0	1099
9	377
8	203
39	97
148	3671
0	0
105	3525
1	168
0	0
77	174
255	3536
30	1902
13	3308
0	1567
1	1567
0	1577
28	2482
15	57
0	1
0	1
1	0
0	13
0	15
19	10
4	7
0	0
17	0
846	11409
52	5041
59	9369
0	0
0	0
0	1
0	0
0	0
1	0
0	0
0	1
0	0
0	0
0	1
0	1
0	1
0	1
0	1
0	0
0	1
0	1
0	0
0	4
0	4
2	1763
32	1051
1	1545
16	681
14	539
5	409
3	9
198	2
0	0
0	0
0	0
0	0
18	0
2810	379
10	377
68	228
1422	3388
0	1067
0	2975
0	982
0	1173
0	0
3	130
1	190
101	187
0	210
6	164
1	69
13	0
0	265
3	347
0	1025
0	1072
2	1185
9	865
69	239
55	92
30	3052
746	3424
17	2220
1	1070
3	254
1	249
0	600
0	549
0	488
0	317
0	325
0	279
0	344
0	339
0	322
0	344
0	344
1	313
0	14
2	38
3	5
2	41
0	38
0	16
0	8
0	1
0	1
0	1
16	214
0	212
0	167
4	48
1	27
399	476
2	94
4	382
17	1
1	74
0	0
1	230
44	202
2	140
0	0
0	3
8	0
0	5
0	5
0	0
0	0
0	0
3	1746
1	3806
0	3739
9	490
13	763
4	2283
1	23
26	866
0	0
0	3079
16	14
0	15
0	17
0	1
0	0
32	8
0	8
44	130
108	3115
18	3138
20	3244
30	3253
22	138
1	212
2	245
3	1098
9	230
32	1848
29	833
0	765
2	173
0	297
1	45
1	759
1	311
1	62
0	66
6	51
0	29
1	22
0	11
9	533
11	552
1	495
9	444
0	540
1	517
1	75
20	0
321	1736
36	1736
0	818
5	849
15	840
26	839
1	764
0	1
0	1
0	1
0	434
0	191
1	70
2	137
7	74
0	0
3	4
1	19
0	19
0	0
0	0
14	3206
66	1044
0	2721
0	3046
1	2844
1	3068
7	3090
1	1137
0	28
0	779
10	767
0	544
0	424
2	776
42	35
1	446
0	256
3	355
4	330
1	282
1	219
0	115
5	156
3	84
3	133
17	11
12	5
88	56
45	57
0	1
0	4
1	4
0	0
0	3
0	0
0	0
23	31
3071	2751
3	28
1	2581
0	244
63	397
8	119
2	229
2	185
1	9
0	0
1	2532
0	2469
7	2368
2	68
0	97
3	172
20	2419
14	2409
0	1
8	136
5	1772
0	31
1	166
0	44
10	17
12	3
19	9
50	131
0	270
0	52
8	959
3	0
16	78
1	43
0	90
0	63
3	13
2	441
0	508
0	583
3	498
0	299
0	282
5	123
1	0
18	2033
52	1993
136	1586
0	46
10	46
1	319
1	829
21	864
0	835
7	1091
11	531
193	2410
52	1398
0	14
10	964
256	2167
82	1292
35	243
0	664
16	652
1	1338
9	400
5	77
7	154
0	0
0	0
0	28689
18	0
360	2
0	38152
220	36772
1	29005
59	15621
24	16956
0	9
1	14878
34	5397
6	608
0	1216
11	1853
16	2376
0	825
6	345
0	3
0	0
0	3
133	1058
111	1058
0	2
1	2
0	2
0	2
0	0
0	0
0	0
0	0
0	452
737	0
34	811
0	137
5	387
0	318
0	748
0	238
0	386
0	11
0	9
0	8
0	5
9	23
0	21
2	790
0	585
1	686
0	791
1	791
0	600
1	740
0	822
4	723
0	603
0	599
2	734
0	359
0	373
12	36
0	821
0	881
0	882
11	807
1	118
8	781
6	790
11	801
3	7
651	341
4	335
7	1093
0	306
0	128
15	44
0	140
12	101
30	57
2	875
22	1276
29	433
70	391
3	217
0	164
0	139
1	130
1	1167
0	1169
3	1120
0	1147
0	1172
0	1170
0	1151
2	136
1	827
0	786
4	49
6	69
12	13
6	24
22	11
17	12
12	101
0	109
292	16
16	102
14	778
2540	780
0	429
31	307
1	193
0	1472
55	1517
5	88
21	845
0	668
0	1041
1	6
0	107
9	52
0	87
0	566
25	166
0	166
0	75
0	48
0	104
1	402
0	470
2	435
0	87
0	30
1	37
85	115
0	6
11	26
0	36
20	96
0	0
0	0
0	0
0	0
4	1313
0	1360
1	1328
4	144
0	1270
0	101
9	12
0	1
0	1
0	1
0	0
2	0
75	856
29	856
7	427
1	427
0	29
5	1
0	9
0	332
0	63
41	502
108	502
369	0
0	18
0	73
0	53
0	2
0	56
0	55
0	0
0	0
1	11
1	5
21	4079
0	4119
4	3005
115	1637
3	3024
23	2752
0	2004
29	286
12	720
709	790
0	519
1	50
72	43
10	2
4	0
0	0
0	0
0	0
0	0
0	0
0	0
0	0
1	3
4	3
3	80
0	80
0	47
0	39
6	516
0	369
5	350
30	588
0	459
0	1313
0	1277
0	1286
0	103
0	42
0	30
3	26
0	237
2	52
29	54
0	1
0	3
0	3
0	3
0	0
2	15
0	15
0	0
0	0
0	0
0	0
0	0
6	3
0	3
0	4
0	14
0	12
0	10
0	9
0	7
3	516
0	611
0	668
24	140
0	487
2	256
21	131
37	150
22	257
0	132
0	0
0	0
0	0
0	0
0	2
0	2
5	328
1	360
1	364
9	320
0	29
0	30
3	10
5	93
0	163
3	169
8	169
1	152
3	0
0	0
0	347
10	353
0	342
0	336
0	9
0	2
4	33
0	5
17	37
0	0
0	603
84	607
7	539
0	13
57	2
0	88
26	533
2	137
2	254
0	0
0	272
0	397
40	233
9	325
0	262
0	296
0	105
0	194
0	107
4	96
0	1
1	1
4	296
1	919
0	510
7	992
2	985
7	648
5	720
0	646
22	111
5	42
0	95
0	54
1	38
3	94
0	94
20	53
1	53
0	0
61	1032
21	1032
0	4
3	110
2	940
0	940
0	815
3	142
0	175
15	98
4	144
2	77
18	2626
5	2131
41	2319
1	2315
44	2060
0	2324
22	1781
0	0
2	73
14	907
2	46
0	14
168	1610
6	715
13	1016
0	370
0	276
2	125
7	190
2	94
0	271
1	169
0	334
0	189
0	207
2	58
0	126
0	97
5	55
0	791
1	782
0	796
1	785
4	173
0	79
4	120
5	31
0	67
34	197
0	52
0	24
1	261
2	228
0	308
3	351
2	109
0	130
4	32
178	725
0	449
19	107
1	870
0	82
6	20
0	20
11	706
0	763
9	763
0	765
0	710
0	165
0	208
3	45
0	58
8	64
0	11
11	0
0	726
10	2165
0	2109
0	1956
3	2022
4	2093
0	1951
0	223
0	331
0	174
0	145
18	127
1	187
5	8
0	54
19	634
0	0
0	474
4	457
4	378
0	107
0	26
0	0
0	0
0	0
1	0
0	0
10	797
1	748
3	742
12	793
8	530
0	500
0	13
13	48
1	6
4	0
0	6
0	674
2	1020
3	671
0	993
23	71
0	281
0	0
0	1092
0	1195
0	969
0	1333
1	954
3	1084
0	1081
1	813
0	48
0	151
0	187
20	280
4	238
0	201
1	50
2	44
64	74
5	1502
0	2208
2	1267
6	1627
42	1461
0	949
6	1655
0	1386
4	1397
1	1288
4	1361
11	196
351	1806
0	1842
0	1882
1	1326
0	0
0	60
2	2
0	1
0	2
0	0
5	85
1	72
0	46
1	14
0	30
0	30
0	30
0	2
0	1
3	47
0	5
4	20
0	10
0	27
0	21
41	4583
0	4467
0	4484
53	4530
41	4216
72	4421
0	4463
2	512
0	394
0	14
0	0
0	0
0	0
15	1266
1118	1086
0	440
0	1038
123	1133
255	1264
6	1150
2	207
1	245
0	0
37	310
0	0
0	0
0	108
15	141
1485	197
2	0
1	0
0	0
0	0
0	0
6	664
1	531
25	617
0	498
32	92
0	0
2	0
0	2573
0	0
178	4136
9	9
0	809
0	0
0	1844
2	1204
2	1522
2	1524
18	1501
0	1509
0	845
16	0
0	0
2	1147
62	926
6	2840
3	564
0	1530
50	1872
3	191
51	416
1353	864
7	511
11	787
4	134
0	84
3	86
5	588
1	522
0	73
8	45
0	201
0	483
5	351
2	26
7	361
0	0
0	0
1	0
0	0
0	0
0	0
0	0
0	0
6	29
40	235
15	205
1	196
0	0
1	493
6	356
17	482
1	435
2	125
15	333
0	423
4	178
0	0
3	377
0	439
17	506
8	463
4	428
0	479
14	277
1	543
0	99
5	259
5	177
0	129
29	107
0	99
3	98
0	99
0	97
1	109
0	0
2	96
0	95
0	90
4	7
0	4
0	12
0	7
0	9
0	917
0	932
5	958
0	0
0	2
2	22
0	5
5	4
10	3
2	2869
0	2540
1	2450
1	1054
0	25
0	21
3	20
0	3
15	0
12238	187
0	0
0	0
0	187
410	528
3	466
0	466
10	469
0	0
0	0
55	1051
136	1092
0	80
16	409
29	176
3	169
35	43
0	0
0	0
1	0
0	0
0	0
0	0
0	0
0	0
0	0
0	0
0	0
0	0
0	0
0	0
0	0
0	0
0	0
0	0
0	0
0	0
0	0
0	0
0	0
0	0
0	0
0	0
0	0
0	0
0	0
0	0
0	0
0	0
0	0
0	0
0	0
4	0
0	0
0	0
0	0
0	7
0	12
0	9
0	9
0	8
0	5
0	0
0	5
0	2
0	0
0	0
0	20
56	0
0	0
1	1061
1	3136
5	993
8	3167
8	3064
1	1430
0	3073
5	438
0	402
0	375
8	1362
0	2799
0	1259
3	278
0	1259
0	3029
0	825
3	202
12	87
0	185
7	185
0	138
5	119
0	140
2	134
0	155
0	2
0	2
573	2358
5	1862
6	765
3	455
0	506
0	6730
0	419
0	383
0	152
0	18
80	159
2	0
131	9153
1	6078
0	7774
0	6846
20	7045
54	1858
0	6066
32	3064
0	0
0	17
0	35
1	38
0	35
1	17
0	0
0	6
0	11
0	5
0	0
0	1
8	1455
5	752
0	1121
5	715
0	918
5	282
0	0
14	5932
48	5429
0	1948
30	1805
40	980
31	1242
0	0
0	2
1	786
0	1024
59	557
0	1024
1	837
0	909
1102	137
0	45
0	61
0	0
0	58
0	31
1	517
16	247
60	465
0	433
0	58
1	0
20	34
0	0
4	52
2	2009
0	1904
0	2003
0	87
0	1910
30	0
0	0
10	0
2	0
39	1458
8	137
34	69
3	12
2	1191
0	307
3	13
0	18
0	16
0	18
0	1
0	4
0	13
2	16
0	12
0	16
0	16
1	16
0	16
0	16
0	1
2	116
0	78
0	2
0	0
0	0
15	41
1	31
0	23
1	29
0	4
0	25
0	2
54	0
18	706
0	550
15	654
30	0
0	683
3	259
0	618
0	683
4	161
0	189
0	344
0	85
0	47
4	50
20	76
0	10
0	9
0	0
0	23
0	30
0	8
0	14
4	0
422	821
0	556
0	273
0	297
0	539
8	689
3	0
14	429
107	40
0	408
0	332
1	376
0	321
0	394
0	351
0	37
0	375
4	122
1	169
4	7
0	15
0	63
0	7
6	89
0	0
0	82
0	0
2	14955
194	13988
2	8921
1	6024
1	2085
0	5932
0	3893
0	11829
4	13957
0	4375
0	5164
16	386
0	11607
0	11304
0	4746
302	7066
1	555
0	553
8	567
37	533
0	280
17	50
0	22
0	0
60	4
0	1
0	2
0	1
0	1
0	2
0	0
0	1
0	0
0	1
0	1
0	1
0	0
0	0
0	0
40	2345
0	2341
0	2317
1	2221
0	719
1	233
0	373
0	499
0	539
0	341
43	0
12	46
46	70
0	0
0	0
71	0
0	0
0	0
2	0
0	0
3	0
5	41
0	41
0	0
0	0
0	0
0	0
0	0
0	0
0	0
0	0
177	96
0	96
0	0
0	7
1	7
0	6
3	4085
2	4136
4	660
3	1902
99	14
146	669
0	963
0	394
16	24
9	951
9	925
2	615
49	16
0	1
0	5
0	5
0	4
0	3
0	0
0	1
0	0
29	2729
0	2789
0	2911
0	540
16	660
0	2784
0	716
0	2701
21	5
0	20
14	221
99	3798
0	2258
0	1047
0	2911
3	669
2	1543
19	1653
0	2485
0	2616
10	0
27	1276
0	818
0	770
3	792
1	62
1	984
0	862
0	1074
0	42
21	894
4	33
1	105
0	0
0	63
0	135
0	424
0	21
0	3
0	378
5	92
0	0
0	0
10	10
0	10
1144	48
16	46
0	0
2	0
0	0
0	0
0	0
0	0
0	0
3	0
0	366
0	700
0	2198
3	2223
0	107
0	619
4	1240
0	785
2	2013
0	1728
0	817
0	576
0	12
5	1298
116	22
0	543
0	1324
0	3126
0	3051
5	606
12	2165
4	609
247	616
11	30
1	863
6	270
2	257
1	198
0	446
0	834
0	434
0	872
1	40
0	721
0	631
44	466
10	45
1	0
26	49
0	268
0	15
80	54
12	20
0	0
0	0
0	0
15	0
599	7783
25	7829
557	7094
333	11
0	1070
0	324
0	583
0	282
27	5205
9	1195
1	7
0	7
0	7
0	7
0	7
26	22
0	7
0	7
0	22
0	22
0	22
0	22
2	22
0	19
0	0
11	0
8	604
0	0
115	2003
17	2000
18	492
12	101
0	5
1	0
0	110
0	110
1	17
0	1904
0	33
1	2
0	2
3	62
0	62
0	1
0	12
0	2
0	0
1	0
0	0
127	1255
0	1015
2	921
0	1008
4	1186
0	411
6	87
2	0
16	1301
26	1332
4	894
0	442
0	185
0	857
0	603
1	670
0	923
1	1030
0	1127
0	551
46	236
0	214
0	310
0	1180
0	201
0	1170
0	604
0	1170
0	1171
0	942
0	881
0	371
10	58
6	217
0	161
0	138
32	248
9	230
0	148
1	118
0	33
0	0
0	0
0	4825
26	1942
48	2697
25	1931
0	4534
0	4504
0	2823
0	2856
5	3100
2	4214
0	4795
10	4450
2	3675
2	1973
0	5
3	1519
0	1601
28	763
0	16
0	217
0	12
11	32
2	194
1	32
0	179
0	24
0	116
6	19
1	3
2	104
0	6
0	0
4	3
0	0
0	3
0	0
0	0
0	0
0	0
0	0
0	0
0	2
0	2
0	2
0	1
0	0
0	2
0	2
0	2
0	0
0	0
0	0
0	0
0	0
5	0
0	0
0	0
0	1
0	0
1	0
0	0
0	0
0	1
0	0
0	0
0	0
0	0
0	0
0	0
0	0
0	0
0	0
0	2
0	0
0	2
0	2
0	0
0	2
0	2
0	0
1	0
0	0
120	1273
0	168
1	819
1	514
1	6
0	969
14	260
0	0
0	0
0	1
0	1
0	0
0	0
0	1
0	1
0	1
0	0
41	727
2	727
0	457
11	507
0	0
0	0
0	0
2	0
32	902
0	321
1	843
12	26
85	2692
3	19
8	678
83	0
0	282
12	106
3	275
31	6
1	244
0	0
201	2507
0	704
0	1683
1	390
2	107
0	139
0	530
0	89
0	230
1	62
0	153
3	186
26	1503
4	10
139	201
0	405
1	194
1	35
87	775
3	35
0	36
50	112
16	10
1	0
0	0
0	0
5	82
0	75
0	74
0	22
0	31
0	3
0	12
0	1
0	7
0	2
0	0
3	0
0	0
0	0
1	0
0	0
11	2401
55	2329
0	1929
1	2104
0	98
2	129
0	833
1	516
1	1995
20	0
27	10
0	10
0	131
228	1621
0	970
5	740
2	680
0	597
0	472
0	76
5	225
0	727
0	218
0	222
0	160
0	129
0	124
18	64
0	57
0	5
0	0
27	5
0	462
7	20
0	0
0	448
0	437
0	452
274	194
0	0
0	0
2	437
3	462
0	113
65	70
0	70
0	11
480	4710
0	0
17	498
0	4244
0	1655
0	2082
0	2079
10	1513
6	1884
16	493
0	33
0	0
0	0
0	0
91	8
0	2708
10	442
35	2711
0	2476
3	45
0	2442
0	2674
0	2508
1	186
0	41
3	117
7	11
12	19
10	6
0	144
0	0
1	55
0	14
0	51
0	50
4	49
0	0
0	87
0	87
0	0
0	0
2	0
6	6
0	6
0	0
0	0
0	0
0	0
0	0
0	0
0	0
0	0
0	0
0	0
0	195
914	351
7	80
6	150
0	0
0	129
19744	4
3	0
0	0
0	0
0	0
0	0
0	0
0	0
13	1
0	1
0	1
0	1
0	1
1	1
4	25
0	3
0	2
0	16
0	23
0	3
0	1
1	0
0	4
0	0
0	0
0	0
0	35
5	35
1	31
0	269
19	19
126	19
19	3530
9	348
4	89
390	3533
1	1369
2	261
0	11
2	564
1	1
0	3281
86	1
17	1089
160	902
7	671
13	1
7	175
0	1580
2	8239
31	7212
0	7466
0	7466
0	7874
1	7471
0	7471
0	6695
0	6695
0	7882
0	7860
0	7868
21	5392
13	6195
52	4643
0	7043
2	1058
31	7166
147	0
16	8234
3	7169
824	2206
1	0
1	1164
0	1865
0	4660
0	0
2	2955
0	1717
4	1719
93	833
0	0
16	877
0	774
2	808
0	557
0	392
8	82
0	44
5	53
0	94
0	22
0	90
0	50
0	11
3	0
2	5
680	679
181	888
13	539
29	212
0	303
17	0
193	0
0	2
0	2
2	2
11	0
0	0
693	524
20	40
0	477
4	30
15	527
0	335
0	0
86	0
0	441
1	9
8	304
0	282
0	246
0	236
3	37
2	31
88	1395
0	1384
0	1391
0	1402
6	813
12	581
0	345
0	23
0	370
0	353
0	334
0	142
7	749
17	1143
429	1296
1	1315
0	906
67	804
3	805
2	154
42	79
130	41
0	0
0	0
0	0
0	0
0	0
0	0
0	0
0	0
0	0
0	0
0	0
751	368
8	368
1	93
0	8
0	0
0	0
1	0
0	71
0	71
0	51
0	56
0	60
0	0
4	1
0	0
21	1097
0	267
0	47
1	269
1	49
0	44
12	1034
1	99
20	67
12	3
7	32
10	41
1	109
3	105
0	70
3	0
0	0
0	0
0	0
0	1
0	1
1	1
704	31
0	27
0	29
0	0
6	2
2	2
6	1573
0	1625
0	88
0	26
2	74
191	700
5	514
22	491
4	476
4	362
4	164
0	0
31	4
67	0
0	2962
0	2956
3	2945
0	3016
6	1440
0	2082
0	1705
3	203
1	149
159	663
0	317
3	120
1	253
2	33
5	108
2	54
2	636
52	615
0	509
12	451
0	96
5	128
6	150
2	128
0	41
1	119
11	127
0	34
13	80
1	745
0	656
0	706
85	528
0	473
0	557
2	82
0	40
10	38
0	12
2	97
7	103
0	24
4	7
0	0
0	85
0	80
0	84
1	6
0	81
1	77
0	4
1	4
8	13
0	0
0	0
0	0
0	10
0	0
0	0
4	17
0	17
0	11
0	11
0	16
0	16
0	15
0	14
2	25
0	1
0	14
0	0
0	11
65	71
0	30
0	84
0	12
4	1037
9	1043
4	870
1	763
1	284
2	117
0	375
3	37
33	370
3	212
0	0
0	0
0	0
3	51
0	0
0	0
221	742
5	742
12	28
1	2
0	0
0	0
0	2
0	0
0	0
0	0
2821	1807
11	1786
2	553
3	0
11	35
0	31
0	10
0	0
0	0
0	0
5	901
0	862
0	72
4	24
1	33
0	0
6	7
0	0
0	0
0	0
0	0
14	395
0	0
0	384
1	28
2	56
4	699
4	702
1	739
4	699
0	260
7	151
19	552
0	401
0	76
2	414
4	12
18	186
0	116
3	170
0	53
0	96
1	42
1	80
90	82
8	18
6	5
0	3
0	1
0	8
0	9
0	0
0	2
445	11
0	11
14	2
15	357
2	366
0	42
322	19
0	19
0	0
0	0
348	44
0	10
14	44
0	0
0	1
0	1
0	0
0	0
0	0
0	0
0	0
0	0
0	0
0	0
0	0
0	0
0	0
0	0
628	194
0	0
0	0
0	0
775	211
2	15
0	11
378	178
1	159
5	50
4	5
59	335
282	322
0	47
0	25
2	0
0	0
0	288
0	268
0	264
20	40
5	78
0	273
0	47
0	255
0	226
0	190
14	11
0	22
0	144
21	185
3	147
2	290
0	278
0	11
7	203
1	27
9	173
2	181
2	158
1	129
6	1
1	21
5	9
0	59
0	11
0	11
1	0
16	5759
0	5374
3	812
0	5319
0	902
0	5666
0	117
91	23
5	902
0	1278
4	1159
0	518
28	481
0	516
281	519
3	649
58	743
0	706
0	706
10	1060
30	1116
0	358
55	531
20	458
0	107
0	0
0	3014
98	3192
1	1927
1	865
2	1072
0	169
102	0
8	77
0	77
0	3
0	5
0	0
0	41
6	184
0	184
0	45
2	6
1	117
4	4810
2	29
0	12
1	23
11	16
1137	4727
3	1363
11	4241
483	7679
1	3456
35	300
5	119
614	1763
172	176
41	1485
2	72
5	149
0	566
1	373
10	1484
0	1104
9	1486
13	536
1	88
5	414
3	436
0	0
0	0
2	764
0	18
0	661
8	525
0	554
0	167
6	93
0	0
0	0
27	28
0	28
5	26
2	104
43	1069
0	12
0	144
6	1069
0	139
8	219
2	160
0	145
4	118
0	610
0	79
1215	79
0	143
9	0
7	6032
11	409
2	0
69	6007
2	495
12	1954
0	1085
0	522
3	89
615	809
0	47
0	152
0	256
2	4
0	84
0	6
0	53
20	81
1	150
23	103
2	367
9	125
19	933
7	657
7	637
9	535
0	326
0	0
6	510
524	430
2	67
1	355
4	105
257	0
17	10474
0	14106
335	10347
0	12025
2	16907
59	10492
43	11030
100	14042
6	2975
66	771
1	1
414	1056
0	905
0	85
4	182
6	158
0	0
14	365
0	0
68	44
4	44
0	0
4	0
175	18014
3	18018
20	17778
5	8010
19	8609
636	19138
9	5184
3	273
11	3907
0	3727
142	9266
10	3176
25	6500
43	8215
11	605
43	1821
0	0
196	452
48	398
0	54
0	0
0	0
0	0
3	57
0	344
0	356
0	413
12	4035
2	273
0	224
0	56
0	238
0	280
4	221
0	102
0	95
1	186
0	4656
20	4415
14	2863
4	899
1	19
0	1070
2	1241
25	51
0	1250
3	1181
0	1200
7	151
2	85
1	86
13	36
2	112
27	51
0	51
0	52
2	52
0	52
0	51
0	52
1	19
0	2
0	1
0	0
0	13
0	0
0	0
0	0
0	0
5	22
0	18
0	23
0	0
0	6504
40	6533
81	6363
0	4500
17	1329
55	615
22	1001
9	641
0	324
4	616
1	503
81	3355
15	432
4	596
23	235
10	123
3	125
1	5
0	100
5	5
0	29
0	0
2	10
3	274
0	9
0	0
0	0
0	272
7	97
0	96
7	104
7	109
0	106
185	222
2	55
0	164
71	297
2	171
28	265
1	115
0	299
0	23
1	16
27	1215
14	425
16	1114
0	1067
1	823
4	142
0	219
0	658
9	1026
0	855
2	924
2	233
16	572
0	0
0	99
0	0
71	1168
0	33
4	1149
0	76
0	52
0	0
6	44
3	11
0	33
0	24
0	27
4	18
1	2
0	1080
36	3124
0	895
0	1966
13	737
7	1257
6	667
21	614
221	3107
1	1955
53	1636
4	517
1	0
0	0
84	2676
5	2275
2	1405
4	2205
1	1569
26	0
0	0
0	0
0	14
4	14
144	14
3	14
0	0
0	0
0	1
2	5
0	0
0	0
0	5
1	0
0	0
0	0
0	0
0	2
0	0
0	0
0	3
0	1
166	245
402	213
0	0
1120	238
12	237
483	33
6	0
17	744
0	744
0	0
6	2
118	752
0	8
1	744
1	1
0	0
0	28
0	68
0	68
2	20
0	38
0	26
0	4
3	40
42	105
2	105
0	38
0	826
331	852
0	478
6	132
0	182
0	15
0	12
0	10
0	10
0	10
0	14
0	10
0	11
0	12
0	15
0	10
0	12
0	12
313	261
1	0
18	189
4	82
4	517
5	329
3	948
0	2742
0	1563
12	2455
0	2422
19	181
1	18
0	10
0	17
0	9
1	1
0	322
0	1
11	632
1	630
2	630
0	441
0	442
5	436
0	216
55	305
0	239
0	71
7	3
2	3
0	0
196	0
3	0
238	1245
0	74
1	53
0	1194
1	40
337	6142
13	4423
0	6241
0	5884
0	0
1	0
12	448
4633	1707
3	674
0	2
0	0
0	0
0	137
25	9
0	8
0	1
1	34
0	629
0	629
0	628
2	30
0	8
0	8
0	565
0	2
0	52
18	440
1	220
95	91
3	136
0	111
3	8
40	196
0	42
0	325
0	483
21	459
10	248
17	174
0	209
0	152
0	29
0	68
7	75
5	38
21	3064
89	3161
0	3161
28	2762
4	138
0	349
1	505
0	0
5	328
0	0
0	93
9	37
0	485
0	1062
33	993
0	491
9	1028
4	9
0	241
2	17
1	974
0	3492
0	3051
0	3487
0	3216
3	696
0	839
0	3147
0	2683
0	531
0	0
0	316
43	369
0	255
0	30
1	27
1	43
0	11
0	1
2	1
210	11
8	5561
0	5350
1	5430
0	5647
22	83
7	343
20	72
8	232
52	1555
0	754
7	1847
0	389
4	408
8	1254
125	9262
860	10129
2	9628
169	2026
180	2026
0	263
135	343
10	355
14	427
70	273
32	454
50	471
0	1
62	148
46	147
0	0
1	0
1178	1046
324	1067
1	0
17	73
98	0
27	58
37	471
2	135
0	121
8	425
0	317
0	398
0	369
14	59
1	19
12	361
12	5567
0	5264
65	585
0	233
16	4755
7	204
0	226
4	511
2	554
7	103
0	161
6	191
5	386
5	19
0	19
0	1
0	2
2	3
0	2
0	3
1	29
0	25
4	10
1	27
0	25
3	6
0	0
5	8
0	6
2	1
0	1
0	0
4121	3082
10	3082
89	470
0	458
3	180
1	33
14	4
0	4
0	17
26	17
5	2
2	34
0	53
0	19
1	20
2	10
1	68
0	389
174	389
2	75
4	0
55	171
85	1447
4	1309
8	47
0	252
24	1
6	221
0	0
2	14
0	14
0	1778
0	1271
341	1930
1	1549
1	449
6	532
1	1106
1	618
1	106
1	0
8	41
13	179
35	421
0	0
17	0
3	421
46	25
982	25
3	0
0	3893
1	4144
0	3399
0	944
10	1961
0	725
17	332
3	3612
2	3565
1	471
19	177
21	315
14	261
11	28
3	213
16	164
462	8584
76	8302
0	870
8	174
44	196
0	396
91	0
15	0
0	107
0	177
0	177
0	176
0	128
0	29
0	0
0	0
50	0
2	63
1	46
0	47
0	0
122	351
0	351
6	0
0	0
363	46
1	0
3	46
0	50
11	1
0	3
0	18
5	46
1	15
41	4647
14	1545
490	2402
124	4527
0	86
1	4454
0	0
0	0
0	0
0	1
4476	20077
144	20076
33	4002
0	0
0	0
0	5
30	250
6	259
3	258
1	280
354	27
315	48
0	0
112	0
115	1438
156	1442
17	56
18	49
0	6
0	40
522	251
0	240
41	556
13	450
3	559
0	569
244	595
4	316
3	41
0	184
32	183
20	162
8	0
0	0
0	0
0	0
0	0
0	0
0	0
24	494
2	503
0	0
10	248
0	205
0	393
33	26
2	389
8	375
2	23
0	46
8	1
4	0
26	0
0	0
0	0
0	0
0	0
0	0
1	0
0	0
2	0
0	0
0	0
25	1165
5	879
5	565
2	440
3	119
4	45
0	27
0	119
3	56
0	139
0	235
2	149
10	402
9	32
1	153
0	346
0	298
0	132
0	88
0	21
1	47
1	9
0	2
0	8
9	6052
0	5981
0	6012
0	5582
0	5980
0	3746
38	2640
2	1054
5	1269
71	1087
3	1051
2	299
0	0
5	0
1	0
12	0
1	0
1776	0
204	942
0	669
11	471
0	25
0	342
0	353
4	342
1	218
3	188
2	169
8	80
13365	7056
27	5271
7	1622
22	1824
1375	137
7	54
26	83
4	0
362	31
1	4
0	27
11	436
0	478
6	493
1	521
0	516
0	0
0	281
94	1962
3	1916
7	317
3	28
2	43
0	121
2	166
2	114
0	241
21	241
14	105
22	237
2	112
0	64
0	19
0	2
0	0
31	0
3	143
0	135
3	136
0	32
5	66
0	128
0	122
0	20
4	23
2	57
0	32
1	61
28	61
4	59
12	41
5	14
75	867
0	599
4	562
5	380
3	163
0	133
28	202
10	7
4	289
0	2405
1	22
183	300
0	334
0	2404
0	0
4	135
3	1
0	0
2722	1550
3	559
9	182
2	116
25	230
0	0
7	535
0	242
17	13
5	140
3	149
0	38
0	4
9	12
0	9
7	9
0	2
2	4
1362	70
4	70
1	0
14	0
59	15
3	15
40	2052
1055	3106
13	3146
0	924
45	832
2	1075
1	1149
12	1277
30	1300
0	3
0	2
0	0
1	0
0	0
0	0
0	0
0	0
0	0
0	0
0	0
0	0
0	0
0	0
0	0
0	0
30	12
0	59
0	0
8	52
0	88
2	91
7	3
0	59
0	59
0	0
5	1
0	1
0	1
0	1
0	1
0	0
0	1
0	3
0	3
0	2
0	1
0	1
0	0
0	0
0	0
0	3
0	3
0	2
0	3
0	0
0	1
0	1
0	0
0	0
0	0
0	0
0	0
0	0
0	0
0	0
1	9
0	2
0	0
0	0
0	0
0	0
0	0
1	0
0	0
3	214
24	291
34	313
12	152
0	77
12	58
7	553
4	700
0	695
0	632
0	55
0	204
349	169
0	0
0	0
0	0
0	0
0	0
0	0
0	0
0	0
0	0
0	0
0	0
0	0
0	0
0	0
0	0
0	0
0	0
0	0
1	1
0	1
0	0
0	0
0	0
0	0
0	0
0	0
0	0
0	0
0	0
0	0
0	0
1	0
4	20
206	463
0	1472
0	1465
0	1482
6	400
2	591
0	548
0	0
44	98
0	989
33	1901
44	1735
13	513
53	0
191	537
42	517
33	25
4	3
1660	0
0	0
133	63
3	35
0	29
707	820
5	820
6	309
8	382
109	380
0	99
2	200
16	135
22	3
2	136
0	135
0	0
0	0
0	0
0	0
0	0
0	0
0	0
0	0
0	0
1	63
0	5
0	64
0	3
6	4
7	3
0	31
0	0
0	20
5	59
23	66
0	26
0	5
0	0
0	0
0	0
13	541
17	513
0	132
0	1
4	110
0	5
0	491
0	44
0	15
5	1
1	17
0	0
0	0
0	0
0	0
0	0
0	0
0	0
0	0
0	0
0	0
0	0
0	0
0	0
0	1
0	0
0	0
0	0
0	0
0	0
0	0
1	0
0	0
0	3
236	0
0	0
0	0
0	0
0	0
0	0
0	0
0	0
0	0
0	0
0	0
0	0
0	0
0	0
0	0
0	0
0	0
0	0
0	0
0	0
246	0
3	0
0	0
0	0
0	0
0	0
0	0
0	0
0	0
0	0
0	0
0	0
0	0
0	0
0	0
0	0
0	0
0	0
0	0
0	0
0	0
0	0
0	0
0	0
0	0
0	0
0	0
0	0
0	0
0	0
0	0
0	0
0	0
0	0
0	0
0	0
10	33
1	33
0	2
0	2
0	13
0	13
0	5
0	0
0	0
0	0
0	0
0	0
0	0
0	0
0	0
0	0
0	0
0	0
0	0
0	0
0	0
0	0
0	0
0	0
0	0
0	0
0	0
0	0
0	0
0	10
0	0
0	0
0	0
0	0
0	0
0	0
0	0
0	0
0	0
0	0
0	0
0	0
0	0
0	0
0	0
0	0
0	0
0	0
0	0
0	0
0	0
0	0
0	0
0	0
0	0
0	0
0	0
0	0
0	0
0	0
0	3
0	0
0	0
0	0
0	0
0	0
0	0
0	0
0	0
0	0
0	0
0	0
0	0
0	0
0	0
0	0
0	0
0	0
0	0
0	0
0	0
0	0
0	0
0	0
0	0
0	0
0	0
0	0
0	0
0	0
0	0
0	0
0	0
0	0
0	0
0	0
0	0
0	0
0	0
0	0
0	0
0	0
0	0
0	0
0	0
0	0
0	0
0	0
0	0
0	0
0	0
0	0
0	0
0	0
0	0
0	0
0	0
0	0
0	0
0	0
0	0
0	0
0	0
0	0
0	0
0	0
0	0
0	0
0	0
0	0
0	0
0	0
0	0
0	13
0	0
0	0
21869	895
28	0
0	0
0	0
0	0
0	0
0	0
0	37
0	33
0	0
0	0
0	0
6	0
0	0
0	0
0	0
0	0
0	0
0	0
0	0
0	0
0	0
0	0
0	0
0	0
0	0
0	0
0	0
0	0
0	0
0	0
0	0
0	0
0	0
0	0
0	0
0	0
0	0
0	0
0	0
0	0
0	0
0	0
0	0
0	0
0	0
0	0
0	0
0	485
0	485
0	216
0	0
0	0
341	0
4	0
2091	249
3	249
0	0
0	0
0	0
1	0
0	0
1	0
0	1
0	0
0	1
0	0
0	11
0	11
0	8
0	0
0	2
0	2
0	0
942	11913
32	7487
0	6991
197	6
121	2178
491	94
2419	770
53	764
0	8
2	41
0	41
620	0
9	665
120	758
17	54
0	46
16	610
3	41
0	0
4	2367
0	2367
0	3
1	0
3	0
4	378
386	694
0	173
3	78
4	537
1	672
0	0
0	0
0	0
0	0
0	1
0	0
0	1
0	1
72	2
23	2
13	528
0	459
0	433
1	0
0	1
0	37
5	148
0	171
0	35
0	155
0	1
0	0
0	10
3	1198
32	1198
56	973
14	694
2	694
8	1244
3210	1256
35	178
0	0
2	43
0	31
0	0
6	198
0	183
0	76
0	49
0	38
0	38
0	42
0	22
0	25
0	11
0	9
0	0
1	0
11	0
15	72
18	5
1	58
0	62
0	0
0	0
0	0
0	0
0	0
2360	658
5	428
3	126
3	17
4	386
171	517
162	161
0	0
0	1
0	2
1	1
0	0
1	111
304	534
0	91
2	16
5	443
0	0
0	0
63	0
0	393
6	355
15	367
2	1659
1	105
69	280
0	1586
0	1586
0	34
0	1566
28	42
21300	30215
51	6383
1	4819
41	7964
26	6896
248	10586
57	6925
0	2230
0	1045
10	1032
0	995
0	1048
0	1002
0	984
0	682
0	442
1	0
7	114
0	346
3	371
6	282
0	254
0	249
0	238
2	266
0	217
1	230
2	145
0	140
0	150
0	92
0	22
0	47
0	37
0	0
0	0
0	0
0	0
0	0
0	0
0	0
1364	1213
24	112
0	0
33	335
0	590
0	630
0	340
0	454
1	123
0	0
112	405
9	26
0	389
0	2
0	2
8	1
5	1
3	1
3	0
0	0
9	0
0	0
10	1177
14	1550
7	266
1	808
2	232
4	78
0	167
0	64
0	148
5	75
0	0
0	0
113	778
7	160
1	365
0	1
14	449
61	36
1	237
45	1
1	1
398	0
3	2319
1	2421
0	37
5	1990
1	39
69	10
7	78
40	162
1	548
56	251
15	515
54	188
5	130
16	151
0	202
41	215
4	235
293	483
2	465
52	17
1097	1669
58	458
3	1209
0	0
0	0
275	983
0	644
4	636
3	507
0	281
0	213
8	281
7	24
88	816
0	234
14	744
0	330
9	10
0	198
1	18
3	17
0	13
0	10
0	486
0	496
1	414
0	505
1	479
19	56
0	44
11	49
0	15
0	28
0	12
4	33
10	4
8	15
0	36
0	0
0	0
0	0
0	2
0	2
0	2
0	2
1	521
2	350
3	501
14	478
0	47
16	172
0	32
665	588
12	476
0	30
0	0
4	56
0	0
2	103
0	1
0	1
0	0
2	0
1	0
0	1
0	0
0	1
0	1
0	0
0	18
9	14
10	14
1	0
0	0
203	0
0	4
0	387
0	379
0	131
4	347
0	182
7	29
0	29
0	64
1	27
2	19
1034	399
4	260
3	51
4	139
0	0
13	1111
2146	1113
15	2737
95	2737
1	1149
4	188
8	925
1	976
0	42
6	1077
16	303
12	444
0	993
0	82
0	766
1	220
29	592
0	662
9	676
7	100
4	86
20	843
11	641
19	675
2	418
0	155
4	530
2	1286
0	197
0	1134
154	1566
13	861
39	1566
1	1232
2	821
12	923
70	1982
11	1982
4	57
77	1369
21	1369
0	360
0	115
0	8
4	8
0	3
201	924
2	846
8	162
6	128
4	112
14	0
463	0
1948	1453
36	1453
0	547
11	366
435	762
0	760
2	59
9	90
445	0
0	0
0	0
411	3347
2	106
104	3231
0	3457
7	2
4	190
3	0
5	2096
4	0
0	0
0	1
8	85
60	128
6	77
0	74
0	0
2	117
15	623
12	620
155	61
2	24
3	65
0	622
0	618
0	156
4	93
0	35
60	454
5	3
3	3
0	12
0	12
1	21
0	0
0	0
0	0
0	0
76	321
1124	321
4	208
45	587
4	587
55	208
0	22
4	375
0	1479
0	2
1	1482
3	1448
0	1480
0	410
0	2
4	8
0	11
1	8
88	0
0	435
64	295
0	1523
0	89
1	116
0	155
2	560
0	176
0	87
1020	0
63	807
44	184
2	69
39	200
451	845
2	918
6	32
16	3
624	750
1	9
10	244
1	32
6	853
9	874
20	544
2	562
16	0
0	15
0	15
3	7
0	2
0	2
1	0
10	25
0	0
1	0
0	0
0	0
0	0
0	23
2	1
0	1
29	478
1	1
8	478
22	165
1	1
2	8
0	10
0	11
3	11
0	33
0	478
0	353
0	37
1	9
0	47
0	236
46	326
1	326
0	140
0	44
14	97
3	98
0	85
0	18
0	0
0	0
75	1315
0	1205
0	1274
0	1332
0	136
4	7
12	7
4	195
1	0
0	0
0	0
0	0
0	0
0	0
0	0
0	0
0	0
0	1
0	1
0	1
0	0
2	7
0	7
0	4
0	1
0	1
0	42
20	42
0	0
4	0
12	12
0	6
0	6
0	11
1	5
0	1
0	5
0	15
0	2
12	12
18	4
0	4
0	1
1	57
9	52
1	50
0	26
0	0
0	1
0	1
0	1
0	1
0	1267
2	1292
0	1269
0	467
0	431
0	286
1	244
22	66
0	116
3	140
13	53
10	37
115	25
76	702
18	732
13	104
3	0
533	2
2	2
3	6
1	9
0	2
0	4
0	1
195	280
0	270
0	15
2	23
0	255
0	7
3	0
0	0
0	0
14	0
4	0
0	0
0	0
0	0
0	0
0	0
0	0
0	0
0	0
0	0
0	0
0	0
0	0
4	96
0	715
7	686
3	465
5	381
3	22
0	34
181	198
0	198
0	115
1	22
0	11
0	3
1	11
0	3
0	3
1	0
0	0
0	2
0	0
0	0
0	0
9	319
0	246
9	134
0	0
0	0
0	0
0	0
0	0
0	0
0	0
0	8
0	8
0	1
0	1
1	1
0	0
0	0
1082	1567
83	1567
2	339
2	1099
3	1092
0	1032
20	536
16	337
4	343
0	0
3	165
0	53
47	82
0	0
0	0
0	0
0	0
2	206
0	206
0	157
0	140
0	131
13	142
0	139
0	13
5	0
16	0
18	2
2	0
13	0
0	10
1	15
0	6
8	13
0	0
13	0
3	0
4	0
2	0
4	0
0	0
0	4
0	0
0	7
2	7
0	0
0	0
0	0
0	0
3	0
124	53
0	53
0	0
0	0
0	26
1	0
0	32
9	34
14	34
1	1
3915	52
138	54
0	0
6	0
0	52
2083	510
0	268
0	0
0	96
1	125
0	125
1	85
469	37
3	29
0	20
1	0
0	0
0	0
0	0
0	0
0	0
0	0
0	0
0	0
428	0
2	41
0	0
0	0
0	0
0	0
0	0
1	0
0	0
0	0
17	75
0	74
0	1
0	11
0	0
0	0
5	3
0	0
0	0
0	0
0	55
0	4
0	0
2	0
0	0
1	2
2	2
8	2
0	1
0	0
0	0
0	0
0	0
7	260
0	280
5	194
0	0
10	56
32	41
0	0
28	0
0	0
2	0
318	10
10	96
167	88
7	34
1	29
7	179
0	179
22	0
8	0
4	281
41	7
67	281
1	4
1	10
4	4
0	4
0	9
0	3
0	1
0	5
0	1
9	7
0	1
0	3
0	2
0	2
121	1449
11	1477
18	139
53	573
0	420
68	1598
0	1210
0	1250
11	653
1	1218
18	304
16	598
0	169
1	0
747	750
1	750
125	14
149	925
84	925
1	130
132	1295
20	828
0	1278
9	222
1	80
3	388
1	358
30	1012
2	967
18	992
1	20
61	716
0	2
6	60
1	6
2	166
12	53
1	7
3	143
0	863
62	1032
14	875
0	15
0	15
401	0
43	186
19	186
100	2
870	0
0	0
2073	259
5	257
8	1
106	1424
94	1596
54	688
0	0
3	0
0	0
2873	15
552	0
2659	384
1	362
0	0
0	0
2	3031
0	2916
2	2770
0	2885
0	265
5	50
13	291
17	209
26	1256
2	1161
0	35
0	0
6	698
11	3083
16	3141
73	3369
3	162
1	18
0	0
0	190
0	1354
1	114
7	91
12	33
2	208
2	95
3	58
0	233
1	23
0	16
0	512
41	506
0	2
0	73
17	38
0	0
192	0
0	30
68	171
0	254
1	690
69	1397
0	116
0	150
1	176
44	27
0	207
2	934
179	218
4	101
0	418
26	209
2	170
0	165
19	580
25	2141
3	70
0	2285
6	311
117	131
208	1739
1	377
11	213
1	36
25	184
1	223
223	1304
0	1118
23	827
1	122
3	280
5606	152
78	2718
511	2718
2	0
2	60
8	60
6	262
1	2010
0	2005
115	382
7	67
5	880
0	180
0	24
5	508
4	498
0	19
0	12
66	1279
68	759
0	675
31	582
0	0
0	0
96	0
22	494
95	756
25	857
0	670
1	15
0	15
0	117
0	116
2	1
0	26
48	23
0	0
2	0
0	0
1382	422
1	14
0	273
0	256
725	0
2	0
982	4
4	4
6	204
162	205
4	123
0	0
1895	0
2	2
978	2922
33	2781
0	600
17	151
0	204
0	0
0	0
0	0
137	183
0	59
3	79
9	67
0	78
8	29
4	1826
18	1945
126	1085
77	910
1	162
12	73
4	75
0	8
0	9
0	0
0	5
20	18
3	0
261	0
11	26
0	29
0	26
1	11
0	2
120	0
0	0
0	0
8	0
6324	1438
0	105
0	438
0	893
0	0
208	1955
1	1864
4	2000
3	217
7	1482
6	1503
0	1403
1	127
0	1056
2	391
3	350
0	147
13	157
0	0
0	596
4	659
0	609
2	46
2	141
38	584
1	21
0	144
0	49
2	583
0	0
0	0
0	0
0	0
0	0
0	0
0	0
0	0
0	0
0	0
0	0
0	0
0	0
0	0
0	0
0	0
0	0
0	0
0	0
0	0
0	0
0	0
0	0
0	0
0	89
0	0
0	0
0	0
9	47
0	0
0	0
0	0
0	0
0	0
0	0
1	0
52	462
2	287
2	175
0	0
0	0
0	0
0	0
0	0
0	0
0	0
0	0
0	0
0	0
0	0
0	0
0	0
0	0
0	0
0	0
3	35
0	0
0	0
0	0
0	0
153	11
0	11
188	1105
0	774
1	1105
0	657
0	0
0	0
6	21
4	21
25	2
0	0
4	31
0	4
1	0
0	0
0	0
0	123
3	0
33	632
1	743
0	890
6	386
1	3560
0	3448
0	3276
0	3379
68	1290
0	0
0	0
0	1
0	1
0	1
0	0
9252	1028
8	169
0	921
0	0
0	0
0	0
0	0
0	0
0	0
0	0
0	0
0	0
0	0
0	0
0	0
0	0
0	0
0	0
0	0
2	0
0	0
0	0
0	0
3204	3010
15	3010
0	1
0	1
1945	58
0	69
1	56
0	30
11	379
3	3139
40	3119
0	2539
2	489
0	87
28	79
0	458
0	2149
19	359
12	195
1	85
533	4165
30	4165
0	2828
3	705
0	296
0	245
8	245
5	1
0	1
10	0
0	0
0	0
0	0
41	786
4455	944
1	169
2	72
1337	446
1	14
0	43
3	28
1	349
0	387
0	0
53	286
3	125
1	151
0	66
1	28
610	3499
1	3498
0	0
10	1100
1	720
0	0
110	650
4	33
17	626
5	9
0	31
11	213
2	141
5	80
0	58
0	521
0	21
24	500
0	442
0	548
16	0
18	2
6	41
0	0
0	0
0	0
0	0
0	0
0	0
0	0
1	799
0	787
3	638
0	596
1	47
29	139
0	57
0	55
0	28
0	62
1	3
11	0
0	608
1	608
18	0
14	1
8	17
0	0
1187	0
0	0
83	577
1	662
7	138
0	3
0	0
0	0
13	397
0	3
0	0
2	107
0	0
0	0
0	0
10	0
0	62
0	0
0	0
0	0
2	0
0	0
930	344
1	299
0	45
178	188
0	188
0	129
0	0
0	29
0	34
0	0
0	0
0	0
1	4
0	6
0	8
0	8
0	0
0	0
0	0
0	0
0	0
0	0
12	0
1	0
13	79
54	114
3	1074
3	1100
30	540
0	1080
0	1082
0	1001
4	874
0	729
9	743
1	903
1	804
0	122
0	486
0	181
29	0
0	35
1	77
0	0
6	545
0	0
2	0
4	978
1	978
39	978
11	0
49	62
0	62
0	1
0	1
0	0
0	0
0	0
0	0
0	0
0	0
0	0
0	55
0	48
2	0
1	3
0	6
0	34
0	5
0	48
0	32
0	32
0	30
0	33
0	2
0	1
1	22
0	52
0	30
1	3
0	30
61	0
99	3
2	3
0	19
6	0
0	1674
115	2011
7	1653
30	1662
3	1662
0	879
6	411
54	579
1	160
5	169
274	140
0	87
5	3
0	0
0	2
8	4
10	68
8	0
0	0
0	0
0	2
9	0
948	10731
5	9411
0	7813
49	2620
0	3241
17	2174
205	5946
1	5148
0	5148
0	5148
0	5143
17	4614
0	3309
2	1474
0	864
8	430
19	140
1	1
13	1080
0	1028
0	1074
55	498
0	19
30	55
0	152
0	0
1	0
16	364
26	331
6	52
475	1133
2	253
0	1133
10	73
6	0
0	168
4	144
0	114
38	60
6	153
0	336
0	327
2	327
0	330
0	11
0	28
0	0
0	2
0	4
0	10
0	0
0	0
1	0
0	0
1	723
3493	1119
20	3
0	169
0	200
23	0
64	41
51	0
11	0
5	29
37	0
26	0
0	0
2	73
34	0
23	98
0	0
10	610
0	357
0	498
0	0
34	165
10	0
0	0
1	0
0	2
0	3
0	3
0	2
1	159
0	159
69	41
2	0
0	0
1	2363
780	2741
0	0
29	137
0	371
0	0
24	260
1	0
0	305
2	8
0	786
0	136
4	160
6	546
0	9
0	0
0	9
1	9
1	2
0	0
0	0
0	0
0	47
5	0
0	57
0	119
0	96
0	47
0	95
0	113
0	100
0	113
3	124
0	134
3	178
42	120
0	45
0	39
0	2
0	20
0	1
7	2
0	0
2	3
2	3
0	0
0	0
0	0
0	0
190	1458
12	1459
11	305
7	0
2	1
1473	1
0	1
0	0
0	0
2	24
45	282
1068	594
0	477
0	249
0	0
0	0
0	235
2	0
1	0
921	652
6	652
0	0
0	3
0	1
0	0
0	3
0	0
0	1
0	2
0	0
0	0
0	0
10	72
347	72
0	0
0	884
2	2838
316	2812
3	2481
2	113
16	48
8	180
3	128
0	194
18	0
0	250
1	144
0	146
1	77
12	0
0	0
178	5
9	119
119	114
2	73
0	46
69	33
0	0
0	0
103	2
188	1486
2	1083
0	1227
0	1072
2	801
2	760
9	199
0	2
1	218
68	138
5	7
92	820
2	783
4	369
0	779
2	443
3	13
0	0
2	17
0	0
4	1242
1285	1249
4	844
53	655
0	183
1	426
14	606
0	542
0	139
0	67
0	493
15	117
1	181
16	30
852	2029
19	1941
0	1908
9	4
1	114
174	1724
6	1687
1	1169
0	261
0	2
1	0
0	0
0	0
14	16561
0	15794
13	15764
0	15531
22	1418
111	15375
7	220
45	288
11	29
1	0
0	2951
16	156
2	1203
91	3106
0	747
21	562
2	571
2	430
0	0
13	3460
0	602
179	173
0	892
0	745
0	116
9	657
0	74
1	385
0	150
0	20
1	0
0	0
2	46
0	0
0	0
0	0
0	0
0	1891
0	2011
1	30
2	1
2	0
0	915
0	1919
31	1830
6	83
0	7
9	611
6	4
1	4
5	212
4	208
0	9
2	0
0	9
80	1127
14	1119
17	53
1	200
27	113
0	0
0	0
0	0
0	0
0	0
0	1
0	0
0	0
0	0
0	1
4	23
0	0
0	0
0	0
0	0
0	0
1	0
679	1167
0	177
0	926
0	139
2	229
0	0
0	97
1	368
1	522
0	679
0	832
0	738
0	593
23	204
8	54
3	0
0	0
16	140
2	15
0	15
0	0
0	0
0	0
2121	1557
0	1555
3	258
0	0
0	0
88	1483
1	351
0	349
0	1157
2	151
13	673
6	47
1	65
423	154
17	4
0	44
416	25
2164	344
6	74
0	0
6	265
25	35
1	0
0	0
0	0
0	0
17	325
38	325
5	0
336	1669
0	1669
9	36
2	1
0	155
1	689
26	615
1	304
2	25
2	176
1	284
0	62
2	188
0	1535
0	1645
0	1382
1	710
31	237
0	232
1	230
40	312
0	0
41	148
1	148
0	27
0	1
0	0
766	225
0	225
8	0
0	20
0	28
0	193
28	193
0	13
3	13
0	20
0	4
7	0
0	0
0	4
6	4
0	0
0	0
0	0
0	0
0	0
221	2788
77	1707
0	2549
108	1558
0	2166
0	108
2	346
69	253
4	312
1	0
0	2205
4	2013
39	1980
82	457
0	0
183	929
408	789
71	269
1	6
0	0
731	96
2	96
2	0
37	3172
5	2681
23	2585
17	1924
32	2415
0	2549
6	2236
20	268
0	0
0	0
4	47
278	47
9	1100
0	1183
1	0
29	746
9	34
6	3
2	132
0	132
0	9
0	9
0	0
0	1
0	1
0	3
1	0
4	0
0	0
0	0
0	2
0	0
0	0
990	1177
68	1177
0	6
0	6
0	4
0	0
0	3214
31	1091
62	2379
111	3272
0	3356
88	0
0	157
3	45
0	0
0	0
0	0
0	0
0	0
10	0
12	121
3	121
0	0
0	0
0	0
912	998
1	990
0	953
0	917
0	917
0	0
29	749
0	0
0	0
2	121
0	0
0	0
0	0
0	0
4	701
0	0
0	0
2	0
0	0
1	0
0	0
0	0
470	568
2	82
0	271
0	400
0	0
0	17
24	5942
0	5404
0	5308
0	5522
2	3270
30	3484
299	5360
1	4608
10	2439
0	2061
0	9
0	9
0	965
24	903
30	1011
22	914
64	871
2	5
2	327
0	261
7	39
1	7
0	7
0	1
0	0
4	2
0	1
17	56
7	56
10	0
0	0
5	0
2	0
0	0
10	11
9	11
13	0
78	0
3	0
0	0
104	10
0	10
1	22
0	16
2	4
1	16
1	0
6372	4
0	0
443	1342
3	384
3	40
50	450
0	0
2	49
1	6
0	0
43	595
671	330
8	316
0	0
0	0
3	14
1	0
0	0
162	0
1	0
66	241
0	163
0	116
6	62
5	154
34	177
4	148
2250	1390
4	312
0	193
4	144
33	692
76	749
0	626
0	0
0	0
0	0
0	0
0	2
0	20
9	22
1	1995
414	2207
1563	2240
9	1970
0	1976
0	1994
1	2003
0	1990
37	0
163	792
8	558
0	989
9	356
3	198
19	128
85	77
4	77
52	34
1	79
0	0
0	0
0	0
0	0
0	0
0	0
0	0
0	0
0	0
0	0
0	0
0	0
0	0
0	0
0	0
0	0
0	0
0	0
0	0
0	0
0	0
0	0
0	0
0	0
0	0
0	0
0	0
0	0
0	0
0	0
0	0
0	333
520	510
0	155
0	284
14	0
6	148
214	382
1	106
0	322
20	2
1	0
0	41
7	16
0	0
0	0
0	0
3308	108
17	0
1	81
0	0
0	0
0	0
0	0
0	1
0	1
0	1
1583	425
1	202
44	0
1	229
644	0
370	790
11	0
1	790
0	0
8	90
1019	202
41	201
38	6
0	0
0	0
39	2893
11	2869
6	748
8	401
12	244
11	75
0	16
61	46
3	69
0	23
23	56
6	2551
0	128
24	1456
33	114
0	1035
1	1068
1	211
0	79
0	0
0	15
2	0
0	1014
0	0
0	0
0	0
0	0
0	0
4607	13663
7	11332
24	8957
18	6686
0	4004
0	0
0	13
2	13
8	0
0	0
5	0
2	0
0	1538
0	65957
128	9666
39	13080
179	65916
779	1217
18	128
9	1102
0	168
0	97
0	136
0	0
0	0
0	0
0	0
0	0
0	4
2127	316
0	132
1	182
1	2419
48	2404
0	1323
2	1595
1	442
8	2
0	2
0	2
0	0
1	0
0	0
0	0
0	0
0	0
0	0
0	0
1362	562
2	66
56	254
0	530
576	441
11	5
0	0
0	58
1	42
9	73
0	303
0	30
0	31
0	0
4	332
0	332
0	329
0	249
3	249
0	0
0	0
1	1
0	1
0	0
0	0
0	0
0	0
0	0
0	4
0	0
0	0
0	0
0	0
17	2255
0	0
0	481
2	591
0	122
0	416
0	130
0	75
0	121
0	333
0	26
0	331
0	74
3	445
0	13
0	15
0	19
0	408
0	0
0	20
0	26
7	4
0	0
1	239
0	1
3	61
0	26
41	16
10	173
5	172
10	0
0	0
48	148
0	0
0	0
0	0
0	0
0	0
0	233
0	0
0	0
6	6
0	0
0	0
0	0
0	0
0	0
0	0
0	0
0	0
0	0
0	0
0	0
0	0
0	0
0	0
0	0
0	0
0	0
0	0
0	0
0	0
0	0
0	9
1	9
0	2
0	5
0	0
0	0
0	0
0	0
0	0
0	0
0	0
0	0
0	1
0	0
0	9
722	482
71	616
41	361
13	89
22	14
1	67
1	33
0	0
0	47
2	47
0	3
0	0
0	3
22	0
217	0
71	0
1	0
2	4
96	69
0	0
0	64
0	0
0	0
0	0
0	0
0	0
0	0
0	0
4	296
0	300
0	294
0	446
0	451
0	447
0	456
3	194
2	342
0	272
0	121
3	243
0	241
0	68
19	203
1	202
0	50
4	31
0	200
0	200
0	195
0	185
0	35
0	186
0	31
0	38
0	40
0	33
21	155
0	102
0	104
0	63
0	63
0	15
2	15
0	0
1	32
1	32
0	2
4	3
61	3
26	1597
3	1740
3	312
0	1955
0	1057
0	166
1	105
0	0
0	0
2	0
0	0
958	0
0	0
0	0
0	0
0	0
0	0
0	0
0	0
0	0
0	0
34	540
0	0
28	141
0	137
0	84
5	21
36	41
5	7
0	27
0	3
5	0
0	959
2	1120
11	1043
15	357
132	28
0	593
5	0
0	0
0	0
1	23
168	420
0	414
0	14
0	0
41	3908
12	585
19	618
26	3622
1	88
33	3530
15	2
0	3844
43	3401
0	3159
1	3761
0	2107
1	127
0	106
3	675
12	0
1	124
3	124
5	0
0	0
0	0
0	0
6	0
0	0
0	1
0	8
2	7
2	0
0	0
0	0
14	0
2	0
361	588
29	31
0	126
0	217
0	201
8	9
1	87
0	65
5	418
26	2
0	0
0	0
0	442
1	0
6	0
177	3774
2	4011
0	3868
3	3887
0	2555
0	2355
27	40
0	334
0	150
1	289
17	38
5	1310
0	213
0	121
67	113
7249	12993
43	4842
59	4990
0	0
1	7231
13	736
52	215
0	0
6	196
2	2454
0	0
0	0
17	1510
72	1621
0	189
16	111
6	0
21	0
0	0
0	1
0	0
0	0
0	0
0	0
0	237
0	29
1761	1774
1	47
1	767
0	1354
0	1
0	1
0	3
196	72
0	35
0	22
2	20
5	0
0	0
0	0
0	0
0	0
0	0
0	0
0	0
0	0
0	0
87	1020
11	642
8	376
23	380
1	295
13	294
11	327
4	132
1	9
1	58
4	104
0	68
0	0
7	40
0	0
110	0
0	0
0	0
0	0
49	0
1	1680
1	48
0	2865
0	1267
0	114
92	3235
3	348
0	2595
9	1610
15	523
1	1172
16	363
2	670
2	436
9	343
0	357
3	0
9	9
3	0
0	0
0	1
1	32
0	0
0	6
0	0
0	0
0	0
0	0
474	0
1	0
0	0
1593	2800
6	2574
0	1674
0	1514
11	339
76	0
0	0
0	0
0	0
0	0
0	0
0	0
0	0
0	0
0	0
166	1062
0	1062
3	11
12	0
2	0
0	0
1	0
0	0
4	0
0	0
0	101
0	0
0	0
182	1048
2	137
0	128
15	138
4	137
84	404
2	878
0	51
0	488
4	19
6	89
16	43
0	216
343	2704
3	2320
12	80
34	343
38	752
0	381
7	35
0	375
38	44
24	75
1229	5196
8	583
2	4758
156	159
111	0
32	47
20	1535
83	0
15	1
3	5894
0	0
0	0
0	0
0	0
1	1
0	0
4	16
42	57
0	0
0	32
0	0
0	7
0	3
0	29
0	0
0	2
30	2416
4	2338
1	1059
1	1079
3	1140
0	202
0	270
0	179
20	32
1118	391
16	391
9	36
2	33
0	1
0	28
6	40
0	40
0	5
0	4
3	0
4314	6730
0	4530
0	1695
19	1762
0	0
19	2773
0	0
0	0
0	0
0	0
1	3105
0	0
0	0
2	0
33	28
26	33
5	32
0	84
1140	380
177	290
5	111
3	55
17	51
0	0
1	1832
5	1572
101	2
45	1775
117	390
10	119
0	1942
4	193
0	240
1	326
11	162
20	0
0	1
19	1
50	2
81	821
1	776
0	1
12	651
53	0
2	25
12	166
0	209
2	205
0	142
0	39
9	40
0	51
0	22
60	4153
0	299
28	3545
60	1025
108	90
0	605
16	492
0	771
0	604
0	138
10	1734
0	453
248	246
3	357
1	175
1	264
0	451
0	0
42	434
23	988
2	250
18	934
0	118
0	162
84	220
3	240
3	30
0	96
1	111
4	19
13	1319
1295	1791
10	79
6	0
0	343
63	221
3	257
1	22
0	71
0	62
0	31
0	12
7	7
0	11
0	1
12	0
395	7835
5	1
0	0
2	0
373	7835
0	0
0	82
1	154
0	183
0	0
16	22
21	201
0	184
0	0
0	38
0	0
0	13
0	3
0	3
0	3
0	4
0	4
0	3
0	3
0	4
0	3
0	2
0	323
5	508
0	308
0	308
0	308
1	301
3	302
0	308
1	308
0	255
0	275
3	293
1	235
0	44
0	132
0	84
0	74
0	88
0	53
1	0
2	182
0	154
0	4
0	91
2	45
0	1
0	80
21	0
8	0
629	345
1	100
0	54
0	165
0	128
12	10
5	133
0	0
0	0
0	0
0	0
0	0
0	0
0	0
0	0
0	0
0	0
7	251
1	111
0	238
4	1
1	29
0	13
0	8
17	0
0	0
0	0
0	0
0	0
0	0
2	34
0	0
6	19
26	2765
0	3250
0	2219
1	3374
0	2851
1	1322
69	124
0	750
105	906
18	298
0	5899
9	23
52	2
0	10
0	6
0	8
0	2
3	9
0	2
0	2
29	682
0	682
2	0
0	0
48	109
57	113
2	89
0	79
4	46
24	21
0	0
0	20
5	0
0	0
0	0
0	0
0	12094
177	12104
0	2440
0	2440
0	2441
0	2440
0	2440
0	2436
0	2437
152	2226
1	96
18	1286
12	0
0	0
0	0
4	621
0	0
0	8
0	0
0	0
0	0
0	27
7	123
0	120
0	0
10	3
0	0
0	0
0	0
0	0
1	0
0	0
0	0
0	0
0	0
0	0
0	0
0	0
0	0
0	0
0	0
0	0
0	11
0	0
0	0
0	0
0	0
0	0
0	0
0	0
0	0
3	16
0	16
0	0
238	10043
4	10223
50	3411
1	8433
0	0
0	0
0	0
0	0
51	1
1	2
2	1
735	0
0	0
337	395
13	395
2	0
11351	4393
267	4366
6	3295
9	0
730	0
8	268
4340	4
2287	1898
163	0
3	0
117	569
0	1913
0	33
33	251
57	251
0	870
0	924
9	848
0	875
9	610
165	571
0	54
2	129
1490	129
2	4
241	686
20	686
0	0
0	0
0	0
0	0
0	0
0	0
0	0
0	73
0	73
6	12
0	5
12	14
23	14
0	0
0	0
0	0
0	0
1	16
1	0
0	16
0	16
0	4
0	5
1	6
0	1
0	4
0	4
0	0
0	0
0	0
0	0
0	0
1	13
4	37
150	474
21	233
2	438
2	185
3	9
23	1
19	0
0	0
10	103
31	0
89	0
0	1286
0	377
58	240
19	1094
6	10
0	0
23	1309
28	46
0	335
0	0
0	0
1	99
148	380
21	133
2394	299
8	34
20	8
3	8
648	0
1330	831
4	831
71	30
0	0
5	1407
0	1168
2	243
0	245
22	7254
22	7256
24	782
0	7254
3	1019
5	1095
37	0
13	90
11	29
0	0
0	0
8	239
4	186
0	17
1	50
1	264
666	304
0	344
84	203
0	0
484	214
0	208
0	55
0	6
0	38
19	1668
2	248
0	1431
63	421
7	197
7	26
1	134
70	322
1	322
0	0
6	4
0	0
3	397
0	397
12	396
0	0
0	15
5	181
302	181
0	124
0	372
14	27
15	61
0	375
0	397
0	153
0	105
8	0
35	71
0	74
0	54
0	53
1	26
0	4
2	0
0	1
0	8
0	0
0	0
6	1
5	0
0	0
0	0
0	0
0	0
0	0
0	0
0	0
0	0
0	0
0	0
1	312
0	0
0	0
0	0
7	134
0	0
0	0
0	0
0	0
3	0
0	0
0	0
0	0
0	0
0	0
0	0
0	0
0	0
783	4
9	2377
22	1753
11	1985
4	2231
1	6
0	0
0	2
0	0
0	0
0	69
0	38
0	44
0	2
0	9
0	0
0	0
92	0
0	0
0	0
0	0
3	441
2009	443
12	0
1	36
0	898
0	848
66	486
14	877
2	67
74	14
0	15
1	0
2	493
0	1827
16	411
0	1745
12	1672
4	0
339	227
10	227
31	307
0	878
13	876
2172	979
406	629
2	1
103	31
6	72
257	8
0	102
0	23
252	260
6	117
0	64
0	4
0	82
30	0
0	3
1	36
5	28
0	86
0	37
8772	20
0	20
0	0
0	0
1647	2371
1	1926
28	2223
8	92
0	283
0	341
28	273
0	0
0	0
0	0
2	41
0	41
0	12
0	14
0	12
0	13
0	1
0	1
0	0
15	0
48	155
37	344
4334	305
90	1543
5	1543
4	212
0	0
0	1
0	1
0	0
0	0
11	328
18	451
10	467
5	418
0	79
49	213
0	0
0	0
0	0
0	0
11	193
0	189
0	28
0	0
0	12
4	12
0	0
25	2299
9	1403
15	2093
92	63
50	765
0	0
1	0
0	16
0	16
0	1
4	16
0	0
4642	1319
23	985
5	596
20	800
1	17
15	665
28	644
6	182
7	76
0	0
2	0
0	0
222	27
5	27
61	0
207	224
8	54
5	31
0	37
0	42
1	32
48	60
0	0
1	0
1	4
0	0
0	0
0	0
15	2
0	2
72	2975
0	8257
3	8485
10	1429
1	311
202	19
2	796
1	2250
14	230
1	472
2	637
129	687
36	762
1	394
3	671
1048	573
1	244
0	243
0	144
0	144
0	4
0	2
0	5
0	5
130	1459
30	1399
20	96
4	182
4	322
0	158
16	37
6	145
25	0
12	155
1	144
0	133
209	224
0	0
0	0
0	10
0	10
3	4
1	4
0	20
0	20
0	2354
5	2148
249	1985
36	2042
171	1986
76	378
1	295
63	12
4	1768
32	1805
3	1557
3	1768
3	150
1	405
41	889
497	1121
5	250
12	607
3	66
1	219
1	37
0	0
60	36
35	0
35	213
11	206
8	5
2	36
4	12
1	0
0	23
5	1
2	1
0	0
3	1164
3	1169
0	1139
148	3597
9	3187
72	735
40	154
85	0
0	0
63	771
77	0
57	822
0	822
8598	8
13722	1686
21	459
14	403
0	0
0	0
23	21
16	819
0	0
0	0
0	0
0	0
0	0
6215	17396
22	3670
140	6372
13	6881
2	1929
0	14763
10	11
0	11
0	7
2	1685
14	581
41	1342
62	294
26	377
0	0
1	978
0	925
0	1268
226	1496
0	265
7	105
0	131
0	101
5	21
0	44
3	0
0	0
0	0
0	0
4	3
69	263
5	495
2	384
0	64
7	243
0	2909
54	1098
0	36
0	60
1	445
127	100
0	475
1	19
0	75
0	0
33	4
0	1080
0	3
2	1963
0	794
160	7694
0	196
0	3883
0	5435
27	54
0	3586
0	3843
14	3757
0	6152
0	5705
3	371
38	420
0	2152
125	1550
269	0
46	36
188	0
9	0
222	2455
1	1030
1	1389
1	2447
2	1116
0	1017
1	2452
0	1382
23	4
37	291
7	273
1	0
0	0
0	0
0	0
54	185
0	228
1	90
0	11
40	63
0	4
0	59
10	67
0	31
0	16
0	72
0	56
0	38
0	40
802	164
0	68
8	99
2	17
0	784
2	1274
98	1359
1	1113
2	457
0	415
0	15
6	18
303	784
10	1505
3	1536
21	1738
4	1140
0	656
5	150
12	393
11	290
2	181
5	38
0	0
11	4102
219	472
0	391
0	3464
6	855
251	3581
1	739
0	289
2	137
0	216
24	0
0	90
346	140
18	140
6	115
1	0
0	122
0	14
4	0
0	0
0	0
0	0
0	0
0	0
0	9
0	9
0	8
0	8
0	9
0	0
6	14
1	12
0	3
0	0
0	0
0	4
0	0
0	0
0	0
3598	10
1015	0
7	1084
0	5659
0	5647
0	1098
0	1914
3	5672
3	1899
159	5668
210	6667
183	2019
0	5067
4	1860
0	1358
345	966
0	820
0	469
1412	374
2	161
185	224
0	0
3	7
0	10
0	11
0	12
0	12
0	9
0	8
0	10
0	7
0	8
0	1
0	1
5	402
0	5093
0	5228
3	154
32	497
11	567
34	143
4	322
49	11
0	143
0	108
12	156
0	1666
72	1189
1	154
191	527
61	1703
1	1565
3	1268
21	1522
7	874
1	65
12	335
19	371
3	100
7	44
7	67
0	73
1	0
10	73
1	45
0	4
0	7
23	13
9	2075
55	1871
29	134
16	4
0	2073
0	204
58	0
8	0
1038	360
64	360
22	230
187	277
27	37
4	58
0	86
0	102
1899	0
206	2584
15	2238
0	2582
37	2259
3	1157
4	60
0	454
0	507
3	25
592	157
10	132
1	25
6	20
0	27
8	25
1800	651
0	288
6	357
0	201
0	110
277	589
3	589
8	97
16	48
2	56
2	172
1140	525
11	525
26	0
0	0
0	0
0	23
0	37
0	0
0	36
0	21
12	35
5	40
0	0
0	5
0	25
0	332
1	35
0	0
0	40
0	25
0	24
0	3
5	36
0	2
1	1
6	35
15	36
2	37
0	0
1	7
3	7
0	42
0	27
0	7
0	0
2	35
2	0
0	0
1	35
25	35
0	0
0	0
0	0
1	0
1	0
7	0
0	0
26	0
4	0
50	0
99	1
0	0
12	0
79	2
1	1
18	2
69	2
21	0
59	0
0	0
1	0
84	1
30	0
170	0
36	0
252	0
355	0
118	0
181	2
101	0
82	7
74	47
0	40
0	0
0	9
0	9
0	4
438	0
1	0
0	0
10	32
0	32
2	29
1	1745
0	0
36	1716
62	1716
5	1814
1	155
49	1795
0	22
5	1851
2	140
117	1716
29	0
0	0
123	1716
0	0
2	1812
14	96
3	1827
16	111
116	1714
5	1839
62	127
37	1797
25	87
272	1716
0	0
131	1710
153	1716
0	0
0	3
0	3
126	1716
58	1712
6	1805
22	89
25	0
24	1491
0	3284
0	2509
23	1895
1	1712
10	183
5	1791
0	159
0	327
18	371
0	329
0	163
0	501
0	500
0	500
2	0
5	3550
28	3458
0	3473
0	3373
0	2506
1	225
0	0
5	129
10	62
0	0
32	1457
1	1347
519	2014
0	896
0	331
0	461
1	19
0	28
0	26
0	33
0	36
1	34
0	11
0	19
1	33
0	15
0	9
0	12
0	4
0	10
1	14
3	136
122	193
1	1
0	14
2	36
1	6
0	23
0	17
0	6
0	7
0	383
0	382
0	98
2	19
0	0
1	26
7	171
5	133
0	0
0	38
0	3
0	0
357	1164
25	2784
76	3787
0	3820
0	37
6	36
0	0
0	0
16	33
4	67
0	44
0	9
0	15
0	2
0	172
5	363
165	1071
102	429
1	516
6	123
0	1056
0	277
11	347
0	147
0	162
1	205
0	72
0	2567
0	2779
33	122
0	302
4	2050
2	405
3	220
5	350
0	383
0	20
0	360
0	2558
5	238
5	96
0	555
1	2693
0	154
1	209
7	309
0	0
0	150
1	546
1	587
92	599
0	73
0	64
0	94
17	2
0	0
5	3
2	3624
0	0
8	3996
16	525
28	2836
5	1114
2	1291
0	2375
126	781
0	0
1	0
725	0
0	0
0	0
4	2
4	2
0	0
3	0
1	52
0	0
0	0
0	6
4	971
1	941
0	662
0	92
0	30
0	83
0	54
1	46
0	28
2	19
1	11
7	4
0	2
0	2
8	72
158	976
0	944
18	478
0	0
0	138
0	281
0	0
2	20
0	8
0	27
0	12
0	8
0	0
0	0
3	0
18	3552
0	3552
0	2810
6	1433
86	969
5	130
5	11
5	4
0	0
0	0
3	0
4	0
3	0
1	0
0	0
0	0
1443	77
10	13
13	61
0	0
0	0
0	0
0	0
0	0
0	0
0	0
0	0
0	0
0	0
0	0
0	0
0	0
0	0
0	0
0	0
0	0
0	0
0	0
0	0
0	0
0	0
0	0
0	0
238	211
0	199
1	0
6	23
0	0
74	443
1	443
0	58
0	17
0	37
0	80
0	0
1	0
0	1
0	0
0	0
729	3378
1	1576
16	583
0	155
6	676
1	1389
2	64
1	160
0	177
1	89
5	151
0	4
4	4
11	2540
0	2355
0	2597
3	28
0	2079
0	0
0	0
0	0
0	2
0	0
20	2407
1	921
0	2377
3	1689
1	154
0	188
0	221
11	230
52	218
148	44
0	203
0	0
0	0
0	0
0	0
0	1
0	1
3	19
0	34
2	23
0	28
0	20
0	7
0	1
0	0
0	0
0	0
0	0
0	0
0	0
0	0
0	0
1	45
4	19
0	19
0	0
1	0
2284	1324
3	1322
0	1222
72	1161
0	388
0	126
1	197
28	1280
0	0
3	0
12	6
0	4
0	1
0	0
1	2
0	0
8258	0
0	0
0	0
0	0
0	0
0	0
0	0
0	0
0	0
0	0
11	0
0	0
0	0
0	0
0	0
4	0
0	0
0	0
0	0
0	0
0	0
0	0
0	0
0	0
0	0
0	0
0	0
0	0
0	0
0	0
5	0
0	0
1	15
0	15
20	98
3538	102
684	821
66	914
37	0
241	96
12	1
1	1
0	3
0	0
2	0
632	918
38	0
0	918
5	0
0	0
0	0
0	11
0	0
0	0
0	0
2	0
2	14
0	14
0	2
0	0
0	0
0	0
1	8
1	7
0	8
0	10
0	12
0	0
0	0
0	0
0	0
0	0
0	0
0	0
0	0
0	0
2	0
474	425
39	425
1	194
2	0
1877	1307
0	1087
2	84
5	596
0	468
11	44
59	136
52	20
1	154
133	93
0	52
14	21
0	23
5	2
0	0
7	0
1	0
0	0
2	0
2	0
0	0
0	0
2768	0
63	29
0	1305
5	6
5430	2328
112	2783
1	3769
809	3918
0	3382
0	460
72	3736
2	3580
4	3797
0	322
0	0
27	1374
0	1138
1	602
1	189
2	347
1488	47
40	50
27	37
5	2025
9	740
0	728
0	1106
0	116
12	1531
120	0
122	0
47	0
24	7
1	7
0	0
0	0
0	0
0	0
0	27
0	0
406	405
0	28
4	87
13	220
3	219
7	165
5	231
1	163
1	146
1	199
0	0
12	0
13	58
4	0
0	0
0	0
0	0
0	29
0	1492
1	1389
21	1135
1	1168
3	931
2	949
10	949
0	233
10	48
3	35
0	0
18	19
11	19
14	0
1	0
0	0
0	0
0	0
0	0
0	0
0	0
1	3571
10	3586
1	2
0	0
0	0
0	0
0	0
0	0
0	0
24	124
1	117
1	88
0	92
5	0
0	0
44	5996
49	5918
23	896
0	0
136	1
93	0
31	895
250	10
90	827
0	2
15	543
0	480
0	25
9	422
0	0
3	1
0	4
17	0
0	43
0	121
0	1
0	0
516	1350
2507	420
1	127
1	39
0	39
8	150
24	143
0	0
0	0
0	0
0	0
0	0
0	0
0	0
0	0
0	0
1	7
76	44
2	44
0	0
0	0
3	14
0	0
0	0
0	0
0	0
0	0
0	0
4	45
295	198
5	46
17	27
0	0
8	146
0	97
40	659
0	659
0	0
0	0
0	0
0	0
0	0
0	0
0	0
1	127
0	132
0	131
0	129
1	120
4	0
1	0
0	71
0	84
0	94
0	81
0	49
0	1
1570	979
2	166
22	400
1	329
3	304
0	6
512	382
0	35
18	79
8	366
583	0
3	0
1	30
2	30
0	13
0	20
0	0
0	0
334	634
6	637
31	481
2	1
1044	1253
131	1264
0	49
0	19
0	1
0	0
1	0
0	0
68	0
0	0
0	0
0	0
0	0
116	766
0	570
44	720
47	46
4	0
0	0
0	0
0	0
0	0
0	0
0	0
0	0
0	0
93	186
0	0
0	0
0	0
0	0
0	0
1	0
0	0
0	0
0	0
0	0
0	0
9	1140
13	1089
1	694
68	1131
87	420
0	1
0	0
101	781
0	626
0	782
1	687
10	36
0	148
0	0
1	140
0	45
0	818
0	440
261	818
0	0
0	0
0	0
0	0
0	0
0	0
0	0
0	0
2103	598
3	596
2	211
0	0
90	135
126	148
23	0
393	104
0	104
7	0
0	0
0	0
19	8
0	8
0	0
0	0
0	0
377	1518
27	7
0	237
2	1
0	110
0	167
151	1144
1	0
19	97
0	17
1	90
0	0
0	0
0	0
0	0
0	0
0	0
0	1
2	1
0	0
5	1
10	5
1	5
1	0
0	0
0	0
0	0
0	0
0	0
0	0
0	0
31194	14
292	0
355	61
0	2
0	5
0	2
1	52
0	2
0	0
8	0
0	0
1798	531
1	529
0	0
22	42
2	17
18	25
8	1
0	9
0	7
2	9
0	2
0	3
1	2
0	1
31	52
0	147
1	141
0	0
0	0
0	0
0	0
0	0
0	0
0	0
0	0
65	0
17	0
27	0
0	0
71	0
14	0
26	2
29	2
1	889
38	882
0	744
0	0
12	0
633	16
133	16
2	2514
728	2647
137	18
30	830
20	26
149	0
11	54
5	0
871	801
8	31
94	639
13	67
0	172
0	0
7	959
0	959
3	990
0	549
0	449
4	449
4	547
0	51
0	12
27	82
0	80
0	0
807	2150
9	3906
0	3695
0	20
4	371
8	307
16	2223
1	15691
0	15640
0	15688
130	2
43	5676
10	13413
1	6421
0	8431
32	13541
0	0
1	2334
6	7192
974	6528
0	5896
2	3633
0	0
0	1582
0	1571
0	1348
3	1098
13	99
0	68
154	0
23	35
1	6
0	33
0	0
0	1
0	0
0	0
0	6
0	15
86	2
0	2
4346	2
85	1903
1	1903
0	0
0	1887
0	241
1	147
14	1883
3	818
0	0
20	2258
32	1699
0	2355
4	1896
0	124
0	0
57	959
0	172
11	47
112	223
8041	6139
9	4546
5	1576
331	8
4	2
38	7002
0	6032
0	2
66	528
0	528
5	1
0	0
0	0
0	0
0	0
0	0
0	0
433	225
6	196
6	29
5474	14263
0	14739
3	8685
4	9004
795	8945
271	2667
0	12699
0	6306
2	1905
903	115
17	33
82	33
0	0
0	0
94	88
332	88
0	2
0	2
0	2
0	0
547	127
2	116
16	100
1787	2230
245	2088
22	231
142	64
0	64
0	1045
27	1343
8	975
0	0
2	81
8	81
0	0
0	385
0	313
0	367
0	312
0	0
206	0
18	0
406	159
1	159
1	146
0	144
1428	1671
100	1350
22	92
2	321
0	1
0	1
0	0
0	0
0	0
0	0
0	0
0	0
0	0
0	0
0	0
0	0
0	0
0	0
49	12
15	12
0	0
7	0
1195	1268
0	1256
0	1265
0	372
79	24
854	655
0	145
1	570
5	40
0	102
1	285
2	105
0	486
1	312
0	49
5	48
21	56
0	61
6	49
11	5
3	37
25	1
10	1105
0	339
0	972
0	971
0	896
0	114
5	144
6	5
0	67
4	365
0	195
9	51
0	59
1	106
11	208
2	0
1	0
0	0
0	0
0	0
0	0
0	0
0	0
0	0
62	1355
0	0
505	3390
0	2844
0	2636
0	2617
7	57
5	3
0	253
1	0
3	1821
0	558
2	900
0	1859
0	0
29	67
0	0
0	72
0	0
0	0
7	14
0	0
0	0
0	1
0	0
0	1
0	0
0	0
0	0
0	0
7	6
0	6
0	0
0	5
0	3
0	3
0	3
0	0
0	0
0	0
0	10
0	0
1492	7
0	0
1	382
1	1581
0	1790
0	1398
2	1302
0	1072
0	1393
6	1438
0	1155
23	1130
0	1103
5	475
0	313
18	5
1	107
102	36
4	6287
9	2168
0	5494
5	6166
0	4845
1	4511
0	3393
1	3974
7	338
0	1673
3	1378
0	1558
0	1481
0	1428
0	1503
27	0
17114	2652
0	1848
0	796
64	0
2	25
4	17
0	0
0	0
0	0
0	0
0	0
0	0
14	0
9	2352
15	31
0	2091
0	61
0	2317
0	1923
2	422
0	4
0	422
1	65
58	2261
4	2250
0	1982
0	1934
48	67
11	46
0	0
4	2202
0	2203
243	626
8	2034
3	1916
0	2179
6	79
0	2144
1	420
58	0
5	173
1	313
30	100
0	1170
0	441
0	333
1	241
2	94
0	73
0	0
0	0
0	0
0	2
1	11
0	11
0	0
0	0
0	0
0	0
2	0
2	0
0	0
0	1
1	0
10	1052
266	1066
1	321
0	370
108	75
0	126
24	52
0	324
129	102
2	11
0	153
17	5
1	174
0	0
0	0
0	0
24	0
0	889
0	816
0	1
0	813
0	82
5	858
0	37
4	47
2	84
0	676
0	36
3	484
9	722
0	136
2	119
0	58
0	3
0	44
0	77
4	846
0	807
0	51
1	36
1	19
15	0
3	0
0	371
1	1
99	0
1	40
0	16
1	16
0	0
0	0
0	2
19	2779
6	1713
398	2119
0	896
252	86
0	2323
0	2189
1	2207
0	2196
0	0
0	1071
0	1072
0	0
0	0
1	0
1	48
0	48
0	20
0	0
0	0
0	0
0	0
0	0
0	0
0	0
0	0
0	0
0	0
0	0
0	0
0	0
0	0
0	0
96	3505
474	3507
1	1786
1	1099
0	555
28	98
0	686
0	679
41	104
0	0
2	16
0	68
20	69
0	22
0	8
0	0
0	0
0	2
0	1
0	0
0	0
0	0
0	0
0	0
0	0
0	0
78	1012
1	944
0	372
0	0
0	48
305	399
10	381
1	18
0	0
0	0
0	0
0	0
0	0
0	0
0	1
0	0
0	0
0	0
0	0
0	0
0	0
0	0
0	0
0	0
0	0
0	0
485	577
17	16
3	94
7	94
3	0
0	214
0	0
0	541
10	34
0	0
0	0
12	0
3575	0
296	349
13	337
0	244
0	13
481	69
0	39
0	18
0	30
0	0
0	0
0	0
0	0
0	0
14	0
1918	136
16	136
1421	2535
116	1924
10	611
456	21
0	0
4	0
0	0
1	0
0	0
0	620
28	617
0	617
0	434
0	263
10	12
0	11
1	8
0	608
57	433
0	433
0	29
1	580
12	494
8	157
8	954
8	1141
147	877
0	394
0	0
17	0
1510	1075
57	1075
1	0
359	1800
25	123
1	742
0	994
4	2
5	0
2	3
18	536
3	21
2	0
1	0
1	7
0	0
686	7
0	0
0	0
27	7
3259	129
0	0
12	123
79	1617
4	417
52	774
2	1122
3	480
3	197
22	36
3	763
3	0
0	0
0	0
0	0
0	0
0	0
0	0
0	0
0	0
0	0
0	0
0	0
0	0
0	0
4	0
2	0
0	0
0	242
11	2966
150	6806
120	393
0	2140
1	1980
20	2097
0	3061
0	6658
0	1655
0	389
3	215
0	1597
3	272
0	1866
0	1627
9	0
0	196
5	2084
0	179
0	2080
0	221
9	219
0	265
10	2030
0	156
0	173
0	1636
0	432
0	514
3	1629
0	302
0	1551
0	1673
0	160
3	250
0	1455
1	816
94	46
0	34
0	1631
0	154
0	104
0	260
0	0
2	308
0	169
35	1821
0	542
0	485
0	350
0	471
0	2653
347	60
1	46
0	352
12	256
0	473
0	288
1	1414
162	74
105	1498
7	564
0	0
11	0
16	181
366	815
17	0
0	815
0	0
0	0
9	0
924	2367
18	2519
184	2519
0	0
16	0
12	0
0	0
0	0
1	62
1	144
0	104
0	31
0	38
0	53
0	59
0	62
28	90
2	20
0	20
0	16
0	20
0	4
0	3
0	6
0	246
0	221
0	221
2	221
11	228
0	85
0	0
1937	2115
19	526
8	1010
17	108
7	1093
1	104
0	0
0	0
0	0
0	0
3	1
0	1
0	0
0	0
0	0
0	0
0	0
37	1
4065	0
0	0
0	0
1605	3289
22	3289
0	503
3	483
1	951
2	311
0	0
0	0
0	0
426	0
2866	559
30	170
1	561
49	10
0	0
0	1
0	1
0	1
0	0
0	0
4	299
22	305
0	226
0	0
0	0
2	0
3	112
2	134
0	98
31	124
299	1125
3	1010
7	75
0	43
0	0
41	120
0	1454
0	1514
2	617
83	1433
846	679
7	199
0	6
0	6
0	1
0	1
0	0
0	0
0	0
0	0
0	624
52	0
290	9860
41	2566
0	9568
0	0
0	0
0	230
0	800
29	162
0	335
1	570
8	2963
1	1
19	0
1246	313
2	313
0	0
0	0
0	0
0	0
530	394
4	394
4	0
2	16436
1	16436
0	0
0	0
3	0
0	0
153	1944
27	865
165	1944
22	641
16	344
425	553
48	343
0	0
0	65
83	208
7	29
1	1
6	3
0	2
1	0
40	0
1736	1025
0	1011
0	234
0	416
2	71
698	9
5	0
2	5
0	0
0	0
196	454
0	454
0	0
22	287
1	0
0	0
3	2
2	0
980	1908
0	1239
8	723
0	423
6	1852
0	198
2	928
0	0
0	0
0	0
105	1602
4	1323
3	307
0	914
8	227
221	1121
14	250
0	909
0	912
6	1080
3	1075
0	13
2	10
0	10
0	7
0	3
0	2
0	11
0	0
0	0
0	9
0	0
116	1435
0	1329
32	970
0	1318
1	0
0	0
12	71
3	71
0	0
0	0
0	0
0	0
0	0
0	0
0	0
0	0
1	5
0	5
0	0
0	0
0	0
0	0
2	0
0	0
1056	527
10	505
141	387
0	0
0	0
1	0
3	318
1	343
35	95
455	42689
23	40431
177	9182
23	10110
44	8161
0	60
0	2
0	2
109	62
0	0
1300	559
3	528
0	31
70	0
42	58
0	58
2	58
0	0
0	0
0	0
0	0
0	0
0	0
0	42
0	0
0	0
0	0
0	0
1063	0
0	0
0	0
0	0
0	0
0	0
0	0
0	0
0	1
0	0
0	0
2	0
0	0
4	0
0	0
0	0
0	0
0	0
0	0
0	0
0	0
0	0
0	0
417	2
6	0
0	0
1396	2
0	0
0	0
0	0
0	0
581	168
2	168
5	1999
594	385
3	2228
81	261
0	245
1	112
2	2015
0	108
0	2069
0	71
0	98
10	1863
0	103
0	136
4	136
0	1139
2	311
68	1318
4	364
1	1296
0	282
0	1244
0	283
12	1226
0	1284
4	0
7	0
0	0
0	0
0	0
0	0
0	0
1006	416
0	416
0	416
0	0
0	0
0	0
1	0
0	477
0	498
0	485
0	467
0	51
0	520
1	510
0	0
25	2696
0	2758
0	2465
0	58
8	90
13	155
53	44
0	140
61	122
37	1220
0	350
2	287
4	302
0	0
0	2
78	451
4	199
0	0
1	3
1	3
0	3
0	0
0	0
0	0
0	0
0	0
0	0
0	0
0	0
0	0
0	0
0	0
0	0
0	0
0	0
0	0
0	0
0	0
0	0
0	0
0	0
0	0
0	0
0	0
0	0
0	0
0	0
0	0
0	0
13	1
1	3675
0	0
20	0
1	0
1704	334
39	63
0	378
0	26
9	108
0	112
0	101
0	95
0	93
0	45
0	85
0	28
0	29
0	26
0	26
0	72
0	3
177	2319
6	755
0	2009
0	1964
13	73
0	0
16	422
0	4
273	0
955	3041
0	0
0	0
0	0
0	0
0	0
0	0
0	0
0	0
0	0
0	1
0	0
0	1
0	0
0	90
0	1469
0	22
0	20
23	1465
0	48
0	0
0	0
0	128
0	0
0	0
0	0
0	0
0	0
0	0
0	0
0	0
0	0
0	0
0	0
0	0
0	0
0	0
0	0
0	0
0	0
0	0
0	0
0	0
0	0
0	0
0	0
0	0
0	0
0	0
0	2
0	2
0	2
0	2
0	2
0	1
2	0
0	0
0	0
459	2984
45	2977
0	145
0	114
387	708
1	708
0	0
0	0
0	29
0	0
2203	169
60	140
40	0
94	0
2	12
4	2
0	0
0	0
0	0
0	0
0	0
0	0
0	0
0	3
24	1805
19	1805
2	1595
0	607
0	532
0	86
0	187
0	0
29	5
0	0
0	0
0	0
0	4
0	10
0	0
0	0
0	0
0	10
0	0
0	0
0	0
0	0
0	0
0	1213
65	1756
0	611
33	531
0	1331
0	1212
7	1214
0	0
1	0
6	816
0	4
0	3
0	4
46	506
0	319
1	478
0	232
0	208
14	484
0	189
1	208
0	4
0	1
0	0
0	0
0	0
0	0
0	27
0	0
8	15
0	0
2	1
0	0
0	0
0	1
0	0
0	20
0	12
0	20
0	19
0	0
0	0
0	0
0	0
0	8
0	0
0	0
1	192
0	0
0	0
0	0
0	0
0	0
0	0
2	52
0	0
0	0
13	50
833	2381
9	2303
23	2220
5	615
0	216
2	67
0	0
0	0
75	678
15	273
0	0
1	3
15	57
2	44
0	167
1	12
0	171
0	14
14	11
0	12
0	2
9	14
0	0
0	14
0	6
0	9
0	2
0	5
0	2
16	2
0	0
0	2
0	0
0	0
0	0
0	0
0	0
0	0
3	26
0	0
0	0
0	0
0	0
1780	995
0	69
84	805
10	525
55	678
38	622
3	15
0	115
0	222
1	219
0	198
2	19
0	30
3	0
0	0
0	0
0	0
0	0
0	0
0	0
0	0
0	0
0	0
0	0
0	0
0	0
0	0
0	0
0	1
0	1
0	0
6	0
75	389
0	389
1	280
5	43
0	717
3	717
14	50
12	1007
0	287
2	564
0	0
0	0
4	1280
3098	2185
32	71
0	454
9	613
0	131
0	324
0	677
0	10
1	1
0	8
0	10
12	22
1	22
41	7001
2	6696
216	7153
0	1245
34	783
61	2695
1	907
163	2480
1	0
0	0
35	300
5	143
0	0
0	5215
50	4842
0	2084
34	2224
4	0
9	139
24	429
0	361
11	434
0	426
0	9
1	0
0	0
0	0
0	0
0	990
0	2163
0	2302
0	3333
0	3210
77	694
0	981
0	677
18	43
0	707
1	330
0	2309
0	125
0	821
7	154
1	181
89	33
1	328
1	0
35	94
0	305
23	140
1	140
0	638
2	653
74	45
71	637
190	45
62	50
11	625
1	37
0	90
2	0
0	144
0	3
28	2
1	62
0	129
55	790
2	1164
22	1164
1	917
6	1184
1	505
3	126
5	57
9	35
0	209
0	186
0	312
4	169
0	33
12	2042
47	2067
420	2052
4	1949
2	219
147	46
0	46
0	0
0	1387
1	1671
39	216
1	131
2	31
0	415
12	1047
0	43
0	41
0	3
555	39
7	141
19	286
2	65
0	254
2	27
1	256
0	80
1	0
33	0
3	342
63	396
44	274
0	0
3	74
5	58
3	37
0	25
0	20
0	10
4	4270
0	3971
17	4772
0	3225
2	630
0	3820
19	1273
16	597
10	1846
4	1611
0	1242
0	1199
2	539
0	90
785	5681
0	3270
10	5457
0	2887
2	2562
10	926
3	756
15	448
0	10
529	4578
3	3269
0	1658
0	371
1	764
0	520
5	73
0	73
1	30
0	4
0	1
0	1
0	0
0	0
0	0
0	0
0	0
110	1459
29	245
55	1324
0	105
2	1241
1	1274
83	1234
4	248
11	1230
2	69
5	54
5	149
1	71
6	75
4	52
1	21
4	139
2	178
12	533
0	533
5	255
0	87
0	38
1	35
3	1331
0	250
1	986
4	1120
5	1224
0	896
2	1233
2	1210
1	1334
2	920
0	1143
0	207
1	1022
0	0
0	3
1	3
2	3
0	1
4	0
0	1199
1	6081
0	387
0	231
5	2333
1	4888
81	4487
1	1853
0	1010
43	430
0	1329
1	1291
1	1425
0	605
9	1293
16	363
44	9
0	333
0	83
7	296
11	327
0	140
0	237
0	250
4	91
0	105
2	39
0	17
1	59
0	71
0	62
1	3
5	41
4	0
1	0
0	2
0	3
5	56
1	61
0	60
0	38
0	37
0	54
0	47
0	50
10	50
3	40
143	10009
0	0
10	1233
36	3413
29	1826
0	9085
0	2746
6	1558
17	257
22	300
2	291
0	31
1	15
0	9
0	57
0	50
0	34
1	0
0	99
20	88
0	94
0	24
1	0
0	119
0	25
0	0
83	561
10	164
1	436
1	0
16	3145
39	3023
6	2348
8	949
23	2244
187	1849
51	181
0	0
208	462
5	124
0	618
0	101
12	253
0	202
0	70
0	67
1	8
0	7
0	0
1	31
0	11
0	3540
61	2785
77	3657
1	606
13	116
1	139
1	429
3	266
3	136
62	4889
0	5301
1	1452
0	266
31	321
1	515
51	594
1	42
0	1515
15	1068
3	386
28	905
9	369
132	371
35	240
0	234
32	241
0	0
1	31
5	28
3	28
1	7
308	37
9	31
0	14
0	22
19	12
744	0
3	2813
0	2808
0	1
3	131
0	88
1	2717
0	142
46	1370
98	1370
0	889
0	949
3	712
0	1029
10	489
0	543
2	125
9	264
1	106
3	216
0	0
31	54
0	2
0	2
0	3
0	3
3	0
0	0
2373	137
0	56
117	102
0	34
42	311
3	506
0	551
0	557
0	512
0	394
132	436
0	585
0	539
0	449
15	181
345	0
251	1050
0	630
0	643
0	195
3	628
22	586
0	945
1	848
3	445
216	666
15	974
5	150
165	1723
204	1679
1	0
0	111
6	219
1	558
1	493
147	581
0	390
0	339
0	281
3	55
5	17
2	0
5	346
0	53
0	30
0	325
0	21
0	9
0	0
0	77
3	32
0	116
0	10
0	1
11	11
0	11
1	380
23	403
0	381
0	403
0	94
14	75
116	65
0	47
0	40
0	48
0	14
5	34
0	22
4	22
0	0
427	4444
2	4239
4	566
110	2727
65	339
3	920
0	534
9	775
1	768
1	580
24	54
0	52
1	1
0	1
0	3
0	1
0	1
253	757
1	223
31	732
10	485
2	157
1	28
2	28
0	16
7	0
0	0
0	72
0	69
0	67
0	14
0	6
1	9
2	471
5	1323
16	436
2	852
0	327
17	72
8	283
0	395
1	377
1	11
0	8
0	20
0	3
0	15
0	9
0	29
0	17
0	19
0	22
1	389
4	16
409	0
0	0
0	0
0	0
5	0
42	0
0	0
1	977
2	996
26	1342
1	616
0	940
2	1048
5	4
0	4
2105	1253
2	763
8	798
1	881
0	465
34	477
31	501
0	467
2	88
3	46
5	43
1	5
10	78
3	0
6	0
112	393
0	371
4	369
2	20
0	44
0	30
2	10
0	0
0	0
34	3661
1719	6200
19	840
3	442
8	1541
2	750
30	239
0	343
0	0
0	0
0	0
0	0
0	0
0	0
0	0
0	0
6	7
0	4
0	3
0	0
338	1370
15	1017
7	1363
3	1065
1301	305
2	107
11	238
1591	778
2	116
1	342
18	230
1	75
7	32
52	8
0	1
1	1
2	28
0	32
0	27
9	32
0	16
0	0
4	949
0	1141
6	153
22	1986
0	925
5	1336
0	1750
0	1685
0	330
1	733
49	781
13	781
0	0
13	228
0	0
110	22
3	17
0	16
148	347
15	347
0	834
56	251
0	684
11	1026
21	923
3	439
1	81
0	244
2	307
1	31
1	65
0	286
0	109
0	18
3	17
0	17
0	15
0	0
0	0
5	540
0	101
2	526
1	516
0	234
0	190
0	384
0	188
0	523
4	428
0	17
0	431
0	186
0	24
0	216
0	84
0	36
7	264
6	355
0	38
11	228
7	24
2	59
1	37
0	321
5	11
0	34
0	110
7	45
1	0
1424	14071
0	13361
36	4325
14	5689
1	44
4	55
4	51
0	51
1	26
1	7
0	4
5	0
7	0
0	0
0	0
459	14
12	14
5	0
10	525
0	50
4	518
109	531
10	268
0	251
3	255
4	115
0	180
17	339
8	1044
0	1133
2	1077
0	1121
0	807
6	582
6	236
0	297
5	193
10	77
2	89
432	1241
0	1134
0	828
0	77
0	271
0	58
3	377
3	426
1	425
0	421
1	427
1	427
2	329
0	405
2	0
4	48
3	260
2	2
0	7
0	0
61	3436
14	1255
0	2384
15	67
0	185
3	60
10	886
0	257
19	267
0	0
2	259
2	36
5	1338
10	97
497	1783
6	82
6	0
0	1686
2	48
11	28
0	28
0	28
831	2493
1	2111
30	2399
9	2224
0	184
7	1700
44	132
0	0
12	502
0	570
13	489
100	901
0	334
3	230
8	264
0	60
12	59
16	402
0	852
0	67
4	198
25	743
2	24
1	13
20	427
6	268
0	24
2	38
0	2
8	2260
20	2089
14	2037
5	1823
7	230
1	187
5	226
0	357
9	39
1	106
2	245
6	144
0	44
228067	60360
108	21492
24	28267
0	3
40	10334
56	0
0	0
16866	13047
0	199
9	12818
22	3180
0	75
0	13
0	8
1	3
0	3
1293	353
8	64
1	214
2	255
2	84
0	334
6	312
4	258
2	237
0	11
0	23
1	30
0	30
36	1203
0	932
1	986
2	1112
29	198
63	59
5	331
22	223
0	90
7	0
0	0
17	14
11	14
235	0
96	482
0	47
11	449
7	234
0	19
12	40
1	349
5	56
0	321
0	276
0	157
0	132
23	73
0	0
0	0
260	4612
52	4611
0	781
1	270
13	0
5	110
0	0
1	0
1	948
3	158
1	901
6	830
8	795
3	876
0	160
0	766
0	0
244	952
0	842
4	112
0	0
0	0
770	9858
69	5897
151	8960
0	3465
14	383
1	9612
27	9611
1	9572
0	8973
501	0
0	1168
0	1510
6	1284
0	1188
1	504
3	431
0	382
47	189
0	584
0	295
8	173
2	250
5	315
0	164
4	154
195	1106
0	235
0	128
4	15
6	98
1	73
14	41
21	768
5	58
0	141
152	233
0	141
0	0
0	0
17	493
0	471
2	276
0	337
0	280
0	167
0	98
6	107
1	193
3	111
57	393
0	393
1	393
0	1
0	1
112	0
427	0
343	196
0	150
5	37
1	171
1	112
1	142
1	30
3	37
72	297
11	356
0	285
5	285
0	49
0	273
0	0
1	22
3	293
1	267
13	36
6	108
7	94
0	31
0	2
1	2
0	1
0	1
1250	108
9	36
13	15
0	57
283	1732
11	1732
4	19
5	259
0	129
5	38
0	0
0	0
4	0
1368	849
1	340
3	355
0	154
3377	71
3	71
0	0
0	1242
0	1247
3	1247
0	1309
0	1095
0	75
16	1129
0	1197
0	14
1	1157
2	795
2	69
5	75
0	176
9	430
0	13
3	494
0	24
0	441
1	42
0	91
0	243
0	340
0	33
0	21
0	58
0	208
0	1
6	11
6	8
0	43
0	0
5	133
0	39
0	121
4	13
0	188
0	13
6	4
1	4
96	3388
0	3121
1	2419
0	366
0	3193
1	2916
46	306
2	507
3	1298
6	240
137	125
17	1
0	512
0	305
5	117
34	153
0	153
1	14
0	22
0	141
0	29
0	13
0	7
0	12
0	23
0	9
15	29
0	6
0	125
0	32
0	142
0	44
0	141
0	12
0	7
0	29
0	15
0	14
0	29
2	13
0	61
74	27
0	49
0	0
0	0
0	50
0	2
0	44
0	40
0	42
0	39
0	49
0	2
0	2
0	3
0	7
0	16
0	0
0	10
0	2
0	0
0	31
0	16
0	5
2	2
0	2
0	0
0	0
0	0
0	0
0	0
0	242
0	0
0	0
3	373
1116	623
0	0
1	170
2	50
0	53
7	6
0	36
0	290
78	290
0	22
1	13
38	1755
3	2116
127	3693
8	2318
0	965
3	592
88	592
3	108
5	384
0	2490
0	3103
0	3103
3	786
19	427
0	0
211	278
0	0
0	1
0	1
0	1
0	0
0	1
0	1
0	0
0	1
1	0
0	1
0	1
0	1
0	0
0	0
0	0
23	378
0	346
81	377
13	197
0	318
0	358
0	374
0	377
0	351
1	383
0	342
0	244
1	129
19	13
107	647
1	348
0	335
0	664
0	516
13	627
0	178
5	80
1	244
61	2187
35	9247
19	8929
13	332
19	437
0	3256
0	784
46	176
0	710
9	825
342	2444
7	1553
36	601
22	1348
2	1734
82	564
59	552
9	538
0	249
13	147
24	147
5	0
9	259
48	316
1	18
7	120
1	102
23	364
0	364
4	165
6	88
29	88
12	270
0	264
1	243
0	9
29	6
4329	14
76	0
7	0
64	0
148	2415
0	2415
31	150
1	282
4	192
5474	4459
3	4458
49	1474
10	1561
6	1470
28	458
155	0
0	0
0	0
1	5
8	83
0	78
3	12
1178	1956
0	2065
69	2120
0	2021
0	2246
0	2189
0	553
0	1768
1	329
0	1510
4	181
0	379
172	239
1	181
0	228
4	120
13	375
7	484
2	308
0	118
0	10
0	0
0	0
0	319
276	488
0	59
0	0
34	435
8	0
5	99
0	0
133	856
73	90
0	209
0	18
0	54
6	752
0	0
306	3902
1	4153
0	4154
0	3941
0	1851
2674	4257
1	471
0	1
0	105
13	252
0	4384
119	1666
26	470
93	915
11	220
18	786
12	684
7	722
5	658
0	3
0	6
0	6
2	6
2	1
0	0
0	0
0	0
0	0
0	0
0	0
0	0
0	0
0	0
0	0
2	0
0	0
22	106
0	0
0	1
0	0
0	0
0	0
0	0
12	0
2	38
49	0
0	1
0	1
0	1
4	1
1	0
0	1
1	100
0	0
0	0
0	0
0	0
0	0
0	16
2	178
34	183
0	0
91	1715
5	1372
162	1641
0	242
0	39
0	450
12	191
0	130
0	121
18	760
14	993
90	931
0	0
3	772
0	191
15	106
2	368
0	597
1	134
0	0
0	116
0	159
1	98
0	0
0	453
0	0
6	468
2	265
0	0
1	430
0	0
1	216
0	231
0	0
0	196
16	671
2	941
13	396
10	180
2	357
5	208
0	65
10	261
0	4
1	4
1	1186
10	1544
0	107
0	673
0	1228
2	1358
205	261
0	59
0	1613
7	597
3	1453
5	336
4	209
0	0
1	325
0	20
0	211
5	84
40	280
0	120
115	2122
513	2264
0	16
0	314
0	714
6	479
3	258
0	290
0	266
1	190
705	6
5	336
37	241
74	323
12	79
0	253
2	268
3	243
0	218
0	196
0	227
2	54
3	0
6	146
0	11
3	25
4	72
0	0
195	733
3	661
4	97
2	72
88	0
1091	881
3	588
54	834
6	156
5884	1071
184	688
0	388
11	0
27	1169
6	57
0	1155
0	1126
20	892
0	857
51	1084
23	924
0	1089
0	293
1	103
5	103
91	545
57	2404
41	2437
0	2314
502	0
341	845
0	0
0	0
35	0
0	0
38	978
5	837
0	333
0	259
30	137
0	672
1	414
0	306
1372	153
9	990
121	7789
328	7788
13	538
1	664
42	275
552	388
50	117
8	374
115	0
109	962
18	962
0	46
0	95
6	0
10	18
19	9
4002	1438
5	299
1	865
19	544
7	489
1	546
747	587
36	473
0	114
1290	19911
0	5490
4	1058
36	4602
5	4881
12	13089
170653	62976
0	6417
15	6329
251	12781
21	4251
1	0
222	10
2	10
1	0
5	1186
0	0
14	165
0	0
2	5
0	0
7	0
0	0
259	222
0	0
0	0
109	0
17	2055
18	1937
0	248
5	1626
9	81
3	34
10	0
4	273
1	238
28	0
3	9
0	6
1	3
0	0
0	0
0	0
0	0
0	0
2	19166
1	0
64	19185
0	4370
213	16843
0	7597
75	7939
0	3714
44	9562
7	15
0	15
0	1
0	169
0	28
0	168
0	235
1	224
3	157
1	142
0	39
3	4
283	686
4	611
0	388
1	129
5	66
8218	2080
0	2021
0	156
0	0
3	2440
0	2295
9	344
1	277
0	245
0	0
10	6
0	84
0	138
0	5
3	1411
15	1274
1	1411
6	1279
0	5
249	882
14	735
63	436
0	735
69	248
1	247
0	184
2	72
6	154
11	6
10	465
0	465
1	21
97	0
7	397
0	119
0	11
0	397
858	597
0	586
0	3
0	392
0	391
0	389
0	393
1	395
0	390
0	387
0	16
33	0
14	3
0	1
0	1
0	1
0	0
53	1274
3	1233
2	609
11	698
8	639
1	388
1	414
1	233
96	191
95	345
9	530
7	1764
180	1794
13	119
10	81
3	76
36	19
0	55
0	61
0	130
5	101
0	134
0	116
7	1
0	2
2	172
20	176
10	141
1	158
0	0
9	48
11	687
7	41
3	22
2	577
0	359
45	563
8	389
6	626
0	130
3	266
0	343
0	325
0	333
0	330
7	207
26	70
6597	13194
19	5032
0	6391
3	1949
58	1618
18	1842
0	1756
6	254
6	2327
31	439
38	2418
0	1
2	2
0	1
0	0
0	0
0	1
0	0
0	0
0	0
0	0
4	1086
7	1203
0	1234
6	56
1	1140
0	38
4	38
0	3
2	0
1	3
0	3
0	0
1	0
0	0
0	0
1	34
0	24
0	29
0	0
0	9
3	0
1	0
0	0
65	234
0	12
69	234
75	950
8	966
2	60
0	34
791	412
0	347
2	152
4	208
2	107
0	71
1	55
2	0
83	3663
5	325
13	461
9	633
140	3161
0	2765
5	710
0	210
0	1
15	1
12	0
0	453
88	782
61	341
45	81
0	81
8	27
5	0
0	0
0	0
5	0
1	0
15	1918
357	1918
5455	2636
451	2636
3	269
0	0
0	0
13	188
0	0
0	0
0	0
0	0
0	0
0	0
1	0
905	0
22	29
2	20
3	11
0	3
0	2
0	3
0	3
0	0
25	0
1	175
0	227
1	163
3	37
24	150
0	0
67	0
0	0
0	7
19	19
0	12
1	83
0	5
0	7
5	4
12	14
0	7
0	3
2	3
162	48
7	47
3	0
1	0
26	0
0	0
0	1
5	1
0	1
0	1
2	0
0	0
0	0
3	212
0	195
50	172
1	29
0	17
146	0
0	0
2	0
118	76
1	52
0	74
0	38
0	0
59	14
1	17
8	6
0	1
2	0
0	0
0	0
0	0
0	0
0	0
1	1
1	0
0	1
0	0
0	1
0	0
0	0
0	0
0	0
190	555
31	555
0	707
2	579
0	348
1312	793
0	0
1	456
6	242
5	67
0	0
0	0
0	0
0	0
0	0
0	0
0	0
0	0
0	0
0	5
0	0
0	0
0	0
250	603
13	603
0	0
0	0
4323	4
0	0
0	0
0	0
0	0
0	0
0	0
0	0
0	0
0	0
0	0
0	0
0	0
0	0
0	0
0	0
0	0
0	0
0	0
0	0
0	0
0	0
0	0
0	0
0	0
0	0
0	0
0	0
0	0
0	0
0	0
0	0
0	0
0	0
0	0
0	0
0	0
0	0
0	0
0	0
0	0
0	0
0	0
0	0
0	0
0	0
0	1
0	0
0	0
0	0
0	0
0	0
0	0
0	0
0	0
0	0
0	0
0	0
0	0
0	0
0	0
0	0
0	0
0	0
0	0
0	0
0	0
0	0
0	0
1821	0
1800	2
0	2
0	0
15	0
1	0
0	14
0	843
1	948
1	0
0	947
2	2
0	0
1	0
0	3
0	0
0	2
0	3
0	2
0	0
0	0
0	0
0	0
0	0
0	0
0	0
0	0
0	0
0	0
0	0
0	0
0	0
0	0
0	0
0	0
0	0
0	0
20	37
0	2380
4888	2343
180	1109
0	82
3	82
0	0
0	4
0	4
0	0
0	0
0	0
0	0
0	0
0	0
0	0
1	147
0	129
0	0
0	0
0	0
0	0
0	0
0	0
0	0
0	0
0	0
0	0
0	0
0	0
0	0
0	0
0	0
0	0
0	0
0	0
0	0
0	0
0	0
0	0
0	0
0	0
0	0
0	0
0	0
0	1
0	1
0	0
0	0
0	0
0	0
0	0
0	0
0	0
0	0
0	0
0	0
0	0
0	0
0	0
0	0
0	0
0	0
0	0
0	0
0	0
0	0
0	0
0	0
0	0
0	0
0	0
0	0
0	0
0	0
0	0
0	0
0	0
0	0
0	0
0	0
0	0
0	0
0	0
0	0
0	0
0	0
0	0
0	0
0	0
0	0
0	0
0	0
0	0
0	0
0	0
0	0
0	0
0	0
0	0
0	0
0	0
0	0
0	0
0	0
0	0
0	0
0	0
0	0
0	0
0	0
0	0
0	0
0	0
0	0
0	0
0	0
0	0
0	0
0	0
0	0
0	0
0	0
0	0
0	0
0	0
0	0
0	0
0	0
0	0
0	0
0	0
0	0
0	0
0	0
0	0
0	0
0	0
0	0
0	0
0	0
0	0
0	0
0	0
0	0
0	0
0	0
0	0
0	0
0	0
0	0
0	0
0	0
0	0
0	0
0	0
0	0
0	0
0	0
88	2567
0	2567
80	22
0	0
0	0
0	13
0	0
0	0
89	689
7	686
1	453
0	101
0	37
2	0
1	3
0	0
5	567
0	601
15	442
2	0
0	0
2905	283
29	275
0	51
7	121
4	499
34	0
0	0
0	0
0	0
1025	1240
1	1240
8	0
0	0
34	496
0	5047
4	4548
55	88
30	1093
2	1156
1	6
2	116
0	1
61	612
26	943
5	58
149	282
0	0
0	0
0	0
0	0
0	0
0	71
803	230
0	0
0	0
0	123
0	138
0	154
3	31
0	100
10	0
26	0
0	0
0	0
0	0
0	0
19	3298
0	3244
0	1467
0	1216
9	63
5937	2748
0	2266
0	2014
111	383
36	383
5	344
9	160
13	158
0	0
0	0
0	0
0	0
125	3893
0	0
0	0
0	0
0	0
27	1149
108	2059
1	1743
112	1462
0	22
11	195
0	5
0	79
8	101
5	13
7	10
0	88
794	975
11	941
0	1
57	853
16	853
0	0
0	3143
85	1570
1	1570
21	695
0	0
1	373
0	28
1	28
0	11
0	3
0	3
0	0
0	0
0	0
0	0
0	0
0	0
0	0
0	0
0	0
0	5
0	4
0	3
0	4
0	3
23	14658
2	15915
9	13752
28	2299
5	61
29	357
14	1517
6	4182
2	3
0	2
0	2
0	3
0	0
0	3
0	3
1	3
0	5
0	4
0	4
0	5
0	0
0	0
0	0
1	1
2	563
3	2
2	61
1	0
1	0
0	0
5	562
140	2
0	3
13	5
0	2
20	2
0	0
0	3
0	3
5	0
0	0
1	1
0	1
0	0
0	0
1112	5044
13	393
1	4956
9	1689
500	1783
0	0
1317	3350
0	3173
0	2379
34	582
0	0
0	0
0	0
0	0
5	6
459	804
15	652
0	157
3	215
1	73
0	0
3	11
1	41
37	1367
230	1708
13	1361
0	0
1	4548
57	969
0	4613
0	466
12	1258
0	0
0	16
0	0
0	0
0	0
2	29
0	20
0	19
0	21
0	21
0	0
0	0
0	0
11	187
0	21
0	20
0	20
0	19
0	20
0	19
0	18
0	0
0	4
0	5
0	7
0	5
0	15
0	26
0	5
0	4
0	7
0	7
0	0
0	17
0	0
0	0
0	0
0	0
0	0
1	0
3107	395
9	387
0	0
341	1268
32	1288
0	1217
1	39
33	0
0	10
0	0
0	0
28	160
1	160
0	0
0	0
0	0
0	0
21	1482
0	0
0	0
89	2
2744	1140
0	124
7	229
0	453
0	568
0	0
86	90
0	0
0	90
0	0
338	111
1	111
0	0
0	0
26	8746
5	8904
117	8557
15	8748
4	578
10	243
4	43
2	1
0	0
18	177
0	139
8	85
0	0
1	1677
331	1677
4	83
15	185
0	0
10	29
104	0
1	0
116	0
3901	2781
0	1107
9	0
0	767
0	1623
0	0
17	2919
0	0
362	204
0	1
2	182
23	165
0	0
0	0
0	0
732	69
11	33
0	12
0	14
0	6
1	16
0	0
1200	2139
3	159
1	330
12	2139
6	142
0	0
0	0
0	0
0	0
0	0
0	0
0	0
1	0
0	0
0	0
3	0
1	0
0	0
0	0
0	0
0	0
0	0
0	0
0	0
0	0
4	1869
0	23
0	2003
0	1973
17	1894
0	0
0	0
0	101
0	115
0	132
0	501
39	10
3	131
0	223
2	680
0	235
1	221
2	6
0	98
0	117
0	100
0	588
0	138
0	252
2	182
0	594
0	588
0	599
0	276
1	608
1	313
0	254
0	224
0	182
1	197
0	147
0	161
0	43
0	144
1	156
0	201
0	11
0	246
1	117
0	54
0	282
0	0
1	179
27	1
0	0
0	0
0	0
0	0
0	0
0	0
1	0
22	585
4	28
12	718
0	35
0	632
454	678
3	641
0	98
1	0
21	0
0	0
0	0
0	0
0	0
0	0
346	1744
5	1592
0	305
8	90
35	64
1	427
22	1088
11	10
1	446
0	133
0	0
0	0
0	958
0	930
2	253
0	188
0	230
1	155
14	84
0	0
0	7
0	0
0	1
0	0
0	0
169	434
0	76
2	366
0	67
0	278
0	6
4	347
3	74
0	62
0	74
41	0
0	0
0	0
0	0
0	0
0	0
2	63
224	793
24	24
5	444
13	33
9	397
0	2
4	601
1	13
1	13
0	13
0	0
0	14
0	12
0	0
1128	0
2	0
83	1126
126	1124
235	629
32	466
1140	639
1	44
6	403
17	29
0	78
3	27
12136	214
42	214
8	0
33	0
0	0
78	580
3	580
0	0
2	350
0	4737
136	4796
0	1987
0	4264
150	0
0	0
0	0
47	1126
14	517
7	920
17	103
48	231
4	133
2	165
3	4
8	9
14	8
333	0
0	0
2	0
3	43
0	43
0	0
3	2
0	0
3	2
199	1912
37	123
128	587
0	1413
0	792
8	88
2	715
161	4958
2	7
0	4598
0	1816
5	79
0	457
10	1041
36	327
0	0
0	0
105	1650
0	1098
107	1630
16	38
0	0
1075	153
1	153
0	0
3	1011
0	35
2	178
38	1010
0	16
0	0
0	0
440	912
44	1748
560	2978
0	628
15	182
1	77
72	129
6	1109
2	142
18	11
0	11
0	0
0	2
0	0
0	0
0	0
0	0
0	0
0	1
0	0
279	311
1	205
59	248
0	33
0	32
4	1
0	0
0	1
2233	0
0	0
3	11
5	249
11	446
62	446
1	197
2	76
13	0
121	0
94	1042
0	1032
3	1033
0	683
0	688
0	43
32	433
8	304
17	280
2	1
4	1624
30	1455
32	1520
0	1079
0	872
0	710
48	608
1	84
0	59
15	125
0	22
78	19
8	1
147	18
0	9
12	49
57	0
0	0
0	0
53	584
2204	673
165	416
4	664
32	0
246	4426
0	7872
36	7565
355	3885
0	2584
0	3837
0	3563
0	3578
0	3837
0	3837
52	1485
0	692
10	165
6870	2816
306	1979
36	678
0	0
0	0
0	0
0	0
9	27
3	26
0	0
0	1
0	0
0	0
1	1
0	0
2	1127
19	574
0	1127
0	465
0	1
0	0
0	0
0	0
0	5
0	0
0	4
0	10
1	57
0	7
0	0
0	5
0	0
0	0
0	0
1	0
0	25
0	25
0	25
0	15
0	0
0	0
0	0
0	0
0	0
0	0
0	0
159	247
0	247
0	247
19	485
14	484
3	56
67	217
0	437
0	68
15348	12352
15	12349
0	0
0	231
1	198
2	13
0	198
0	0
1	40
0	0
92	0
1	1
3	1
8	1627
41	1672
2	204
0	172
0	98
30	55
0	0
3	40
758	40
225	81
33	6770
235	6770
151	81
184	16
0	0
447	11
271	11
0	11
0	0
0	0
0	0
0	0
0	0
222	860
7	872
0	710
0	0
7	91
42	1829
0	1859
2	159
0	59
3	0
1	1421
0	179
0	0
2	91
2	91
4	2
0	0
0	0
0	0
0	0
0	0
0	0
0	0
0	0
0	0
0	1
0	1
0	1
0	0
0	0
0	50
0	52
0	53
0	52
0	30
1	26
20	84
128	163
0	120
19	0
1	33
0	32
0	38
1	38
0	32
0	29
0	10
0	0
0	0
0	0
0	0
1	0
806	471
28	0
5	0
0	467
2	329
0	392
0	0
0	162
6	0
0	480
0	489
5	0
0	60
65	18
0	0
0	62
0	66
16	7
3	73
0	13
0	0
0	33
0	28
0	7
0	0
0	3
0	3
0	3
0	0
0	0
0	0
0	0
373	0
0	0
6297	4633
1	1148
0	281
14	630
4	716
6	628
49	1356
185	333
3	572
0	53
1	53
2994	1611
111	1633
24	54
0	231
0	204
1	213
0	214
0	153
0	114
2	78
0	52
0	0
0	0
1	12
0	8
4	7
0	4
0	0
166	1435
18	836
12	456
1	788
0	0
863	2025
1	917
0	339
7	1701
19	146
2	1028
3411	253
13	5
21	253
0	4
13	0
13	11
5	66
0	56
0	0
0	0
0	0
0	1660
37	1720
2	1423
4	0
1	0
0	0
0	0
0	2
0	0
5	6573
0	461
0	6664
0	6399
1	225
0	3889
1	159
18	107
13	172
40	1339
4	2733
132	937
0	2
0	2
13	197
3	940
0	523
0	940
16	964
0	922
0	0
843	0
14	175
0	166
2	26
2	23
0	0
0	0
211	127
5	127
138	6
0	26
0	26
0	18
0	8
0	2
0	12
0	2
2	2
0	0
0	0
0	0
1	0
0	0
0	0
0	0
6305	184
117	184
0	0
13	57
277	3398
114	3390
3	3017
1	160
3	15
121	1654
28	227
0	0
979	0
132	530
2	530
0	0
1395	577
6	97
0	252
0	6
19	45
0	361
1	0
728	0
0	0
140	8
0	8
0	8
0	0
0	0
0	0
0	0
0	0
0	0
0	0
0	0
0	0
1	19
994	150
0	150
0	150
0	145
0	0
0	5
0	0
0	31
0	35
0	0
0	0
0	0
0	0
0	0
0	0
0	0
0	0
0	0
0	0
0	6
2	13
1449	5735
5	1990
3	1675
20	2993
144	1417
0	0
0	1216
15	1210
2	1219
0	1186
29	1172
0	1075
0	1013
24	147
1	1036
7	84
0	1211
0	960
0	843
0	844
0	0
17	1126
118	1
0	2
0	72
0	148
11	13
2	20
0	64
3	190
0	12
0	2
80	37
16	0
51	2192
1	2298
1	221
0	70
1	1261
0	117
0	55
1	262
0	133
5	0
111	103
3	103
1	77
1	25
0	0
0	0
0	639
0	0
1	117
1	0
323	662
2	68
0	374
1	0
17	34
0	18
0	171
0	0
0	0
0	0
0	0
0	0
0	0
34	289
6	289
0	0
0	0
0	0
0	0
4	263
80	2092
0	2092
0	1674
207	1825
122	284
0	0
0	0
0	0
0	0
0	0
4	3
0	3
2861	21129
1377	21129
389	262
13	262
0	0
1422	1262
0	950
16	1353
0	1160
0	1160
0	956
0	769
1	0
6	43
2	43
0	40
0	1
0	7
0	0
541	242
4	210
2	203
328	0
402	4
980	0
0	0
6702	3463
11	2333
14	1098
94	268
122	268
7	23
68	16
0	69
175	715
2	33
1	173
61	665
0	29
0	36
14	29
45	193
71	1001
0	1149
4	140
1	0
31	968
0	841
1	950
1	1002
0	900
0	450
7	17
0	796
0	171
9	0
4	552
16	45
8	445
0	0
0	12
0	13
0	0
292	54
1	54
0	0
0	0
12	12
0	26
57	35
0	21
20	0
0	70
6	70
8	536
8	1128
4	1122
45	47
763	131
3	131
261	1413
66	1413
0	636
10	41
400	961
71	956
40	20
0	172
49	10
44	99
0	255
21	0
0	56
3	56
0	9
0	0
0	0
2	10
0	1
0	0
0	0
687	402
0	213
0	170
0	1
0	0
0	1
7	27
54	26
95	167
1	154
0	147
1	7
0	13
0	0
0	90
0	99
0	77
7	22
1	0
2	10
4	654
2	589
23	613
4	621
0	24
8	479
0	432
1	145
0	23
3	0
0	0
16	1
0	0
0	0
0	0
1	0
2	3
0	1
0	0
0	1
4	1
0	0
0	0
0	0
515	1063
0	927
2	384
8	166
0	0
0	0
2	0
33	0
482	2
0	0
0	0
5	448
0	496
58	597
273	576
0	125
0	38
0	38
769	547
24	144
10	491
5	9
12	30
1586	61
2	55
14	277
2	302
0	123
1	160
927	250
14	32
2	92
1	39
0	87
8	2671
4	2731
1148	2003
0	2224
0	1803
0	0
0	0
4	0
0	0
291	44
16	44
6	6
0	6
1	1243
0	1245
13	1239
0	134
0	31
0	0
19	32
0	31
0	0
118	3222
52	3217
41	131
15	253
1	330
2	144
82	1818
0	475
3	398
32	372
0	196
0	67
31	0
0	151
3	57
0	99
1	3
1	489
25	647
37	53
12	179
4	49
15	109
3	109
21	162
109	0
3	19
0	17
0	0
0	0
44791	25861
6	25723
0	0
7	0
1	4
17	20
7553	1108
4	932
7	156
0	0
0	0
16	3
0	3
4	43
2	43
0	1
0	58
310	2492
78	3900
15	2666
3	1158
1	1074
2	648
4	1100
0	12
1	553
8	153
2715	155
0	0
0	0
0	0
0	0
0	0
0	0
0	0
0	0
0	0
0	0
0	0
0	0
0	0
0	0
0	2673
9	2378
21	77
0	1443
26	1460
0	0
0	0
0	0
0	0
0	3605
5	239
0	847
29	386
66	3479
143	812
0	280
0	3554
1396	156
27	396
6	156
356	398
2	24
1	366
68	2837
16	2902
0	761
4	24
34	1308
0	2903
11	23
6	63
0	52
0	57
1	49
0	51
0	46
0	56
0	64
13	619
2	698
0	49
3	494
1	20
3	0
2	78
1	78
0	0
0	0
0	0
0	0
0	0
0	0
0	0
0	0
0	0
0	0
0	0
0	0
0	0
0	0
0	0
0	0
0	0
0	0
0	0
0	0
0	59
29	473
85	371
0	0
29	2
1	452
0	0
0	27
23	2
33	2
0	460
0	1544
368	0
85	292
2	186
2	4
1	129
0	239
75	321
5	0
9	104
0	109
0	23
0	54
0	56
0	34
3	3
1	82
0	0
0	0
0	0
0	0
0	0
0	0
626	178
8	175
2	0
668	7007
83	3451
206	1669
28	3697
414	1584
6	123
0	0
0	7
1	7
0	7
0	7
0	1
0	1
0	0
0	0
0	0
0	0
371	324
0	0
9	11
3	324
6	18
0	3
1	3
378	0
35	1849
25	1782
4	1924
0	1849
0	1680
92	1229
8	254
4	687
0	18
31	1365
26	1076
29	1329
4	0
1	61
2	70
0	104
0	12
3	0
7	79
1	2480
3	270
1	2271
3	162
1	2586
0	2117
7	1425
0	2098
1	166
0	0
0	0
0	0
0	0
0	0
0	0
0	3152
5	471
3	1591
0	90
129	156
0	1
36	2809
0	107
0	0
1	146
0	54
42	299
13	272
0	194
0	163
0	76
3	68
1	81
260	22
62	2097
0	2204
0	2118
7	22
22	2102
3	1553
0	1797
0	1693
0	27
0	586
78	586
1	600
0	601
0	403
1	21
3	5
0	4
0	0
0	0
0	0
0	1
0	1
0	0
27	146
0	146
0	743
0	761
0	754
18	649
0	754
3	762
38	627
0	182
0	318
0	215
1	118
0	136
17	57
2	6
0	293
0	0
145	0
2	303
0	297
0	36
0	0
19	246
296	6096
0	5909
0	3038
0	290
12	897
1	273
15	55
230	191
0	195
13	74
11	149
13	68
0	16
0	3
1633	24
0	22
5	209
0	174
0	156
0	73
1	130
11	0
26	263
1	57
16	268
0	12
0	28
6	3191
5	3075
32	3230
0	80
3	18
3	3155
0	0
0	0
0	0
0	0
0	0
0	0
247	0
52	1061
6	918
28	144
0	229
0	812
0	1042
2	156
55	266
4	245
0	137
0	78
57	0
210	1020
4	1035
11	944
0	906
2	944
1	928
0	932
1	588
0	57
0	43
0	68
0	47
67	35
0	18
8	13
12	0
34	486
1	449
10	100
74	189
0	0
0	0
412	0
155	929
1422	1146
1	952
5	1010
2299	292
0	119
14	73
31	219
52	119
0	0
0	0
3	0
2	499
102	100
1	97
0	0
0	0
12	468
20	20
2744	1557
67	1461
8	1377
0	0
6	28
16	514
10	240
8	269
42	0
2	70
0	54
2	97
0	61
0	0
3	55
0	0
3112	8557
391	8557
36	0
0	0
75	637
130	140
0	9
51	169
0	33
0	33
0	1
0	0
0	1
0	0
0	0
0	0
0	0
1671	268
2	261
0	2
0	2
0	2
0	0
0	0
0	2
0	0
0	0
17	5770
0	808
19	4852
22	59
2	4643
15	1274
0	6
0	9
0	6
0	10
0	7
0	2
0	7
0	1
0	7
423	2
0	0
0	0
0	0
2	0
0	0
0	0
0	0
0	0
0	0
0	0
0	0
0	0
0	0
0	0
0	1
0	0
0	0
3	5
0	21
0	20
0	0
0	0
0	0
0	25
0	26
0	13
0	18
0	17
0	18
0	0
0	0
0	0
0	0
0	0
0	0
0	0
0	1
0	0
0	0
0	0
32	17
0	0
0	0
0	0
0	2767
0	2768
1	2814
10	2760
0	3727
7	3727
0	2121
2	3374
22	1423
37	3691
10	45
0	579
0	454
0	0
2	42
11	384
0	57
3	1
0	5
0	1
0	13
0	1
0	1
0	13
1	9
2	0
0	0
4	5233
15	580
2	3408
0	5257
3	3615
14	4
1	3604
52	5385
3	3735
0	5547
1	96
0	5482
0	0
1	3608
0	5471
4	657
0	0
0	0
0	0
0	0
1	0
0	0
0	0
117	1562
2	806
1	0
4	0
6	1539
22	1581
7	59
0	950
1	490
0	595
0	663
0	0
9	734
2	866
0	551
1	603
3	39
27	0
11	5
11	1
2	4
2	0
0	0
49	0
4	0
0	0
5	0
395	0
35	1340
0	0
3990	163
12	106
12	57
135	270
0	0
0	7
19	0
123	263
0	0
0	3793
0	1
0	1
5	3890
2	2241
9	2723
207	507
0	417
0	393
29	438
0	410
24	455
0	179
1	34
21	2
10	3597
64	0
54	3769
9	56
0	0
0	0
0	0
0	610
0	2331
0	513
7	153
2	153
9	0
0	0
0	0
0	0
4	827
695	1263
14	1243
1	915
9	81
11	0
0	0
0	0
0	0
0	0
0	0
0	0
0	0
3	0
3	367
0	123
4664	1046
1	1537
13	41
1	1591
1	220
0	370
0	1510
2	2173
0	2062
2	122
0	1545
20	1414
5	67
31	164
10	77
22	401
42	143
158	231
79	1054
0	1175
92	120
81	1
0	897
0	898
0	312
0	583
0	337
0	130
0	110
3	102
1	332
0	790
49	88
0	216
0	799
357	793
1	290
0	23
315	0
0	70
4	32
0	702
0	8
0	31
6	66
0	0
0	0
0	0
0	0
0	0
1	440
8	387
2	81
0	127
0	309
0	130
0	120
0	292
0	385
0	377
0	373
0	113
0	370
6	0
509	4333
35	0
18	23
0	1172
1	1221
2	3182
2	275
2	276
0	90
1	288
0	0
0	174
17	606
20	694
9	806
3	806
1	37
3	0
4579	129
8	129
0	0
0	0
0	0
53	0
1	0
1	0
0	0
0	0
1440	1526
0	246
0	1470
12	96
2	250
2	335
2	111
0	110
0	111
0	110
296	0
0	370
3	363
0	363
0	50
0	79
0	41
1	0
6	19
3	7301
17	7721
0	7314
1	7243
0	3225
0	3034
0	2778
0	2150
3	1965
0	2093
0	1857
48	1934
50	1556
16	670
0	146
22	622
3	77
25	100
21	34
0	190
9	161
0	0
0	5
5	5
0	0
220	1299
0	1299
0	0
226	109
1	130
42	129
0	23
7	29
0	13
0	0
0	4
0	32
0	19
0	0
0	0
0	0
0	0
7232	0
0	0
0	0
0	0
0	118
0	116
0	82
0	46
0	44
0	2
1	2
0	1
0	0
0	0
0	0
0	0
0	0
0	0
0	1
4	1
0	1
0	0
0	0
0	0
0	0
1684	4013
9	2212
4	1414
8	1306
2	606
5	494
4065	6
3	3
0	3
0	0
0	11
416	108
0	27
4	22
5	81
9	65
1	49
1	23
2	1
0	0
0	1
1	1
0	2
0	2
0	2
0	0
21	1885
419	1885
16	419
3	4
0	0
0	0
0	0
0	0
0	0
29	50
3	50
4603	2
0	628
0	0
0	0
0	0
0	0
0	0
0	0
0	0
0	0
0	0
0	0
19	0
162	423
59	459
0	212
0	0
1	0
0	0
1	0
0	0
1	0
0	0
11	493
1	270
0	444
0	317
4	186
0	164
202	74
6	0
0	0
0	0
1724	2327
1	2126
15	815
18	107
14	33
0	0
0	0
456	0
7897	6969
0	1619
18	387
63	5047
0	0
0	0
0	0
286	178
0	255
1	808
67	73
0	115
5	914
0	20
0	0
1	133
3	15
0	15
1	15
3356	6
935	66
6	10
0	63
0	3
0	0
0	32
362	179
8	137
1	40
1	44
0	29
357	36
0	4
517	30
0	8
0	0
11	397
0	11
0	0
37	256
0	345
1	329
2	99
1	157
0	85
1	14
1	15
0	3
0	0
0	0
0	0
1	8
0	0
0	0
0	1066
3	1304
3	1032
2	1264
1169	1123
2	1077
18	861
120	77
0	0
249	0
0	0
0	0
0	1
0	1
0	1
1	0
0	0
0	0
0	0
0	0
0	0
0	0
0	228
68	283
1	56
57	179
2	50
2	236
38	68
0	37
0	23
75	293
0	172
0	287
6	291
1	0
878	550
8	33
3	214
16	86
20	61
147	258
1	286
7	40
0	4
49	5
0	5
0	0
0	0
0	3455
0	638
1	0
1	2
0	428
1	428
2	3531
0	443
2	713
0	0
3	40
0	175
0	0
0	0
0	0
0	0
0	583
0	0
0	0
0	0
1	0
0	0
0	0
0	0
0	0
0	0
1	0
0	585
0	0
1	0
1	0
0	0
0	0
0	0
3	50
1	22
0	11
2	0
2	77
0	0
0	11
7	0
0	586
0	1
0	22
0	0
0	2
4	112
0	413
13	74
0	22
0	1
0	1
981	1001
49	892
1	989
0	144
1	184
0	93
1	0
1	37
1	26
0	40
17	21
0	0
417	1439
6	1437
9	109
1	290
3392	865
15	802
9	63
8	0
0	0
1	21
0	2
0	2
0	2
0	0
0	0
31	887
0	312
1	508
9	896
1	135
1	127
24	124
1	40
0	146
7	138
48	974
201	1853
0	1816
1	717
0	0
8	239
2697	10
25	1
0	0
0	0
2886	826
2	630
3	34
7	195
0	5
323	1501
0	417
15	48
2	70
0	503
41	302
0	785
7	9
19	205
800	1023
4	1014
57	146
9	376
0	117
4	60
0	5
4	5
30	447
2	398
0	85
18	30
20	4
1	61
19	38
35	46
1	102
89	82
0	0
0	0
7	19
0	19
0	1
0	0
0	0
741	759
7	759
2	6
137	341
18	339
10	101
94	5
0	0
0	0
0	0
44	21
0	6
1	0
4	15
0	0
2	0
809	1967
7	147
0	1915
22	66
0	0
1	0
1	0
5	0
1	842
0	840
0	797
0	821
0	804
1	555
0	307
0	300
0	344
1	228
1	208
0	225
0	194
3	209
1	81
0	133
47	112
0	18
2	84
0	58
36	44
2	45
1	35
48	35
0	51
0	15
0	0
21	0
0	0
11	0
43	176478
15	7
0	0
0	0
0	0
0	0
0	0
0	0
0	0
0	0
1	130
0	0
0	0
0	0
0	0
0	0
0	0
0	0
0	0
0	0
28	7
0	1
0	3
0	4
0	0
0	0
0	0
3	0
1	0
0	1
0	1
0	0
83	326
5	326
5	98
0	28
0	28
11	0
12	7979
24	8521
119	9424
0	4116
2	3639
2	3062
2	1335
0	0
27	70
320	223
2	154
67	37
0	37
0	3
8417	19
1	0
0	4
0	4
0	3
0	6
1	30
0	1
0	31
0	0
0	0
0	0
0	0
0	0
0	0
0	0
0	0
0	0
0	0
0	0
0	0
0	0
0	0
0	0
0	0
0	0
0	0
0	0
0	0
0	0
0	0
0	0
0	0
0	0
0	0
0	0
0	0
0	0
0	0
0	0
0	0
0	0
0	0
0	0
0	0
0	0
0	0
0	0
0	0
0	0
0	0
0	0
0	0
0	0
0	0
0	0
0	0
0	0
0	0
0	0
0	0
0	0
0	0
0	0
0	0
0	0
0	0
0	0
0	0
0	0
0	0
0	0
0	0
0	0
0	0
0	0
0	0
0	0
0	0
0	0
0	0
0	0
0	0
0	0
0	0
0	0
0	0
0	0
0	0
0	0
0	0
0	0
0	0
0	0
0	0
0	0
0	0
0	0
0	0
0	0
0	0
0	0
0	0
0	0
0	0
0	0
0	0
0	0
0	0
0	0
0	0
0	0
0	0
0	0
0	0
0	0
0	0
0	0
0	0
0	0
0	0
0	0
0	0
0	0
0	0
0	0
0	0
0	0
0	0
0	0
0	0
0	0
0	0
0	0
0	0
0	0
0	17
13	109
4	47
2	62
3	0
0	0
0	60
3	0
3	0
0	83
0	0
0	0
2	0
1	0
2	0
3	0
0	0
0	2190
0	0
4	702
0	764
0	752
0	773
1	544
0	291
0	254
0	333
0	333
0	345
0	341
0	329
0	329
0	341
4	340
4	3
0	57
6	49
6	10
11	7
0	2
1	0
4	0
1091	1038
1	326
12	500
16	13
1	247
0	278
0	0
0	0
46	3
2	3
0	0
0	0
2	93
0	54
0	89
0	103
0	25
0	75
0	75
0	15
0	0
40	10
0	86
0	21
0	64
1	24
1	5
0	8
0	27
3	67
4	95
446	2608
14	284
43	2271
0	590
6	131
0	637
0	140
0	540
24	117
10	13
14	337
6	677
9	688
1	303
117	88
2	32
0	301
3	129
5	205
0	195
0	100
0	0
0	43
92	565
0	564
0	16
3	0
0	46
0	56
0	97
3	0
2	8
3	8
0	1282
2	1336
5	1091
0	1031
3	1446
3	996
6	317
16	523
0	483
1	380
5	751
23	0
24	0
4	156
65	0
12	0
1	156
46	0
26	418
5	199
0	88
0	104
16	21
0	1
0	0
57	320
1	36
2	189
71	574
4	495
2	237
2	469
13	0
26	0
4	0
5	0
0	0
15	935
0	1168
0	279
26	0
43	0
39	545
13	627
1	379
8	281
0	264
0	0
14	0
102	89
7	6
3	0
23	0
577	59
4	58
2	1
225	130
1	113
2	21
33	1008
814	7402
0	6641
4	2739
127	1261
0	2128
130	21
0	21
0	0
0	566
51	0
1	533
9	695
0	418
30	0
18	5
6	5
188	1815
0	206
102	1014
0	1528
1	300
11	84
2	36
11	215
7	214
140	0
1841	10
0	5
1267	240
0	0
6	240
3	0
0	7
0	7
0	1
0	0
0	0
0	0
3	3
0	0
13	148
0	17
8	0
0	6
5	0
12	0
0	0
0	0
0	0
26	0
5	0
0	0
1	142
0	0
0	0
7	21
0	319
0	25
0	77
0	18
0	18
0	77
0	35
1	1
12	35
0	101
0	0
0	6
6	0
1	3
0	344
0	326
0	347
0	179
12	0
0	104
0	104
3	36
1	3639
6	3
2	3800
14	500
0	2014
0	135
149	0
1	383
120	0
4	212
1	0
0	0
0	0
0	0
0	0
16	0
0	0
0	0
10	4
190	183
0	151
0	154
0	93
0	0
0	0
0	0
0	0
388	3294
5	3177
0	74
0	58
10	4
0	2
22	2
2	2
0	73
3	62
0	55
46	49
0	0
0	0
170	140
0	0
0	0
0	0
57	6
0	6
3	5
0	0
1	0
14	27
0	27
0	0
0	0
0	0
0	1940
0	0
0	117
21	1916
7	160
1	1418
18	144
11	45
0	13
6	70
0	1412
0	0
0	0
6	26
0	0
0	18
108	839
1	108
539	992
0	490
0	768
0	500
1	338
2	0
55	66
7	135
1	121
3	0
0	0
0	0
0	0
0	1094
2	1096
0	83
0	300
20	236
0	90
12	37
0	140
0	223
4	122
10	10
18	36
113	1370
0	107
0	177
0	1301
0	246
0	86
0	50
1	1
0	1
1	0
1	0
6	0
0	0
0	0
371	70
0	7
1	63
0	12
0	12
0	1
0	15
0	15
0	0
0	0
1	0
0	6
229	64
1	19
0	47
0	0
0	0
0	0
0	0
0	0
0	0
0	0
0	0
0	0
0	0
0	0
103	0
0	0
0	0
0	0
0	0
35	815
0	0
0	0
0	80
0	0
5	121
0	0
0	118
0	3724
1	0
0	62
0	0
0	0
0	243
0	2753
12	2639
0	2231
21	266
0	3762
3	88
5	28
0	0
17	108
0	0
0	313
10	1412
119	1764
0	1793
127	2428
3	3624
0	19
9	648
0	4436
28	4356
108	4433
0	4083
7	274
1	2410
16	242
31	12
0	72
0	223
21	495
13	214
10	100
0	150
24	236
12	0
0	3
0	19
1	21
39	0
0	0
0	0
0	0
10	15
0	9
0	8
0	0
244	163
0	147
0	34
0	24
0	141
0	174
0	0
8	0
0	0
0	0
0	0
0	0
31	258
42	49
9	46
0	149
1	2
0	95
0	4
7	3832
77	7072
0	69
220	23
4	23
0	0
0	0
0	0
0	0
0	0
0	0
0	55
37	66
25	65
12	30
5	0
4	135
119	551
42	318
3	9
5	32
1	0
0	0
67	230
1	143
0	5216
0	5217
0	5237
0	4641
0	4262
0	4682
6	4483
0	4768
0	4821
0	3768
0	3344
27	521
2	574
0	443
10	686
30	0
0	2529
0	2655
0	1393
0	66
0	2476
1	331
0	2597
0	2673
4	2593
4	119
14	2628
0	1125
3	1625
4	18
0	338
3	150
27	31
0	839
1056	268
10	266
4908	2495
104	1976
3	521
4	423
45	59
18	513
17	0
1	0
0	0
6	1
2	0
0	0
752	575
3	2
1	546
0	383
278	0
3	22
1	108
0	0
0	0
0	2
6	38
0	38
0	25
0	0
0	0
4	0
2	21
12	0
2	3
0	3
0	0
0	0
0	0
0	0
0	0
0	0
0	0
0	0
0	0
0	0
0	0
363	3082
208	14
1	337
0	916
30	2793
29	17
34	46
250	1919
7	1913
2	120
0	73
3	85
1	167
0	1746
0	31
1	12
91	30
0	16
0	3
0	6
0	10
0	0
0	0
23	0
7	0
0	0
0	0
0	0
5	0
0	0
0	0
2	3
0	0
0	331
0	342
0	215
0	12
0	210
0	211
0	22
0	31
0	2
0	0
0	0
17	3053
0	2861
1	927
0	2596
0	2653
0	2855
0	2804
12	206
2	264
7	0
0	1489
0	345
61	1593
0	221
0	304
8	318
1	595
15	450
60	0
146	0
8	1499
25	1690
9	1362
11	492
8	584
3	574
17	321
17	439
2	229
0	11
0	35
88	133
0	0
565	436
1	436
4	232
1	212
0	38
0	44
0	11
20	217
0	31
670	21
5	20
4	417
6	383
0	18
0	38
0	5
8	184
0	10
0	203
0	0
6	4
5	22
0	0
0	0
0	218
0	6
0	49
4	11
4	7
0	23
0	1347
2	214
0	1308
1	1364
41	271
0	79
1	1302
1	1302
0	74
1	1255
1	272
0	963
0	1212
0	0
24	55
0	957
91	9
0	0
6	26
9	114
21	48
0	1525
16	1559
1	1267
88	676
0	1249
3	73
10	592
26	978
135	978
0	0
0	2
4	2
0	1
620	0
2	0
1340	222
2	209
0	22
142	2109
14	2109
6	662
2	174
2	40
1	298
0	322
1	409
0	0
0	0
0	0
0	0
0	0
0	0
0	3
0	3
15566	3738
86	1370
1	0
0	0
0	0
0	0
0	0
0	0
0	0
0	1
1	1
9	5
0	5
0	4
5	28
0	28
0	496
127	935
3	676
1	522
13	399
0	81
1	82
7	32
0	69
7	51
9	7
1	27
192	0
2417	311
0	267
0	39
16	140
7	766
10	854
64	673
7	134
852	808
48	468
0	264
15	134
0	0
0	0
1019	0
0	31
0	33
0	32
0	30
0	33
0	31
0	32
0	30
177	0
0	1
0	0
0	0
0	2
0	2
0	1
0	455
2722	1197
25	773
0	113
3	563
0	0
3	175
2	400
34	342
1	95
6	557
0	185
0	215
0	194
2	55
0	142
0	41
439	271
3	70
64	168
12	165
0	71
0	96
83	275
0	266
1	215
0	75
3	41
0	101
0	106
116	286
1	256
0	41
0	95
1	396
4	1293
31	146
0	134
0	1110
9	342
19	78
1	323
21	978
0	923
11	715
8	725
0	297
0	0
2	1
0	1
0	1
0	0
851	160
1	49
0	0
0	26
0	63
0	64
0	36
0	13
0	13
1	121
0	7
0	8
0	8
0	7
0	6
0	1
5	89
0	191
0	174
7	70
4	132
0	166
14	85
0	54
0	89
0	44
0	12
0	2
0	3
0	3
0	1
0	2
0	0
0	0
8	11
0	9
0	3
0	2
0	8
0	4
0	2
507	913
0	328
0	422
8	219
0	71
9	203
2	213
6	278
22	309
77	1005
51	892
14	975
0	0
0	0
472	3424
8	1954
7	1232
0	931
0	1514
0	26
0	26
0	18
0	0
0	0
0	180
94	272
2	182
1	14
0	14
0	10
1	0
878	1512
170	767
2	1413
6	41
9	237
14	132
0	118
6	537
0	228
0	0
0	4
5	4
0	0
0	188
11	221
15	240
9	82
0	0
0	13
0	20
111	29
0	29
0	0
0	0
0	0
0	0
0	0
0	0
0	0
0	0
0	0
0	0
0	0
0	0
0	0
1	0
1	1
0	1
210	0
0	0
0	0
0	0
0	0
0	0
0	0
0	0
0	0
0	0
0	0
0	0
0	12
0	1
0	7
0	7
0	11
0	2
0	11
3	11
0	11
0	7
0	9
0	0
0	1
0	6
0	4
23	1921
0	1883
44	1525
0	1366
0	39
4	22
0	877
0	141
0	34
0	47
0	36
1	63
0	0
9	304
56	882
0	318
1	126
0	311
11	68
0	56
2	92
15	101
4	2225
4	2261
1	0
8	18
0	317
0	78
0	85
0	75
0	3
2166	210
0	210
1	0
0	0
0	1
0	1
0	1
0	0
1	0
481	517
116	517
0	23
0	23
0	6
0	382
2	355
0	370
0	311
3	20
2	26
5	21
0	226
0	6
1	58
0	1
0	73
5	47
11	700
141	700
1	42
0	6
3	42
1	0
2	527
5	57
0	526
9	499
0	0
11	1
0	40
0	51
16	12
2	27
0	14
19	187
0	74
8	23
0	19
2	0
0	1993
5	2008
6	2068
0	2056
80	1675
50	155
0	200
1	0
1	483
0	576
2	305
3	190
5	236
6	0
0	16
2079	1460
19	1460
2	101
10	179
0	399
36	76
47	604
2	62
2	546
2	448
1	468
0	43
0	54
0	3815
11	7493
0	7581
3	570
1	313
2	346
62	313
4	7
12	3
2	3
0	2
2	0
4680	383
1	10
0	0
0	0
0	37
0	37
0	37
0	114
1	88
0	0
0	45
272	91
0	0
0	20
0	320
0	321
0	299
0	350
0	350
5	305
0	297
0	297
0	113
0	29
0	116
0	67
0	207
46	100
9	17
2	91
0	56
0	0
0	0
1	134
0	85
39	30
1	56
32	53
10	2307
0	2645
20	942
0	268
6	44
246	123
1	13
10	2
8	6
0	6
6	0
3	0
0	0
0	0
1	0
0	0
0	213
16	213
22	283
2	43
0	111
828	777
0	468
2	305
7	6
2031	556
2	546
13	269
978	23093
59	13323
1	18506
4	17915
0	0
66	5782
0	1
0	2
3	2260
5	1613
6	281
3	658
19	810
51	863
5	642
0	642
19	262
9	89
0	19
0	51
1	382
7	450
2	218
22	252
0	204
5	80
7654	2064
8	1775
1	437
0	0
1	0
0	1371
0	1371
14	152
3	38
2	584
15	0
0	400
37	1
0	68
3	13
0	13
0	0
2	199
78	236
0	663
261	655
0	46
0	36
0	166
2	17
0	62
1	65
6	50
0	68
1	13
0	1
0	0
0	0
0	0
0	0
31	31
8	31
0	0
0	1
0	19
1	0
0	0
68	0
0	0
0	125
90	160
0	24
0	37
0	0
0	17
0	2
0	5
0	29
0	28
1	5
1	608
113	623
1	68
5	65
9	0
0	5
1	7
0	0
0	0
15	6
0	6
2	2444
2	2470
0	2388
2	1091
0	800
1	776
0	0
45	527
2	108
3	72
1	22
5	217
1028	740
0	501
7	38
44	0
9	11
0	11
0	215
988	1744
0	1742
0	990
0	988
9	500
0	674
1	128
17	0
7092	1062
0	550
109	965
0	0
0	0
0	0
0	0
0	0
2	0
0	0
4	0
0	85
0	248
0	280
0	90
0	285
0	0
0	4
0	28
0	15
0	288
2	288
0	1
2	3
0	2
19	937
14	873
25	894
0	197
0	24
0	73
0	64
0	14
113	14
11	230
1	2897
2	1849
6	2777
0	2396
32	2676
16	50
1	417
24	18
3	76
2	259
0	0
0	0
0	0
0	0
1	741
31	749
8	78
4	17
9	97
0	8
0	13
0	0
0	0
0	4
0	4
0	0
0	0
0	240
3	1478
0	982
0	1440
5	1450
15	263
31	162
0	1448
5	43
1	29
3	29
0	2
0	2
0	1
0	1
0	0
0	0
0	0
0	0
0	0
0	0
14	2543
68	2530
7	95
0	90
0	118
365	171
7	57
0	42
1	0
0	0
0	0
0	0
0	0
0	5
0	5
0	3
1	7696
1	3
0	0
59	1087
19	1087
19	12
1	3
0	0
0	0
0	103
5286	778
5	184
0	182
7	399
8	62
0	61
4	59
4	57
0	58
3	1
1	2
0	1
0	1
2	69
0	8
142	50
5	26
0	26
34	326
8	175
0	0
0	68
0	73
0	24
0	141
0	26
0	103
0	0
0	0
4	0
1	0
0	67
0	2501
0	2474
19	2589
0	1465
4	1799
1	1859
5	129
6	77
0	0
11	0
0	0
0	85
0	0
0	0
44	463
3	491
0	89
0	95
7	80
6	13
19	2
1	48
1	44
3	283
0	144
50	319
2	100
0	1
1	159
1345	89
2	89
0	57
1	176
83	683
10	188
12	1
16	556
0	0
0	0
17	0
0	3
191	39
0	4
0	20
1	17
0	88
5	0
0	981
3	895
2	1461
0	1858
1	1384
0	109
0	234
2	1771
0	1128
8	193
0	289
6	1789
0	895
0	2
0	943
0	1415
1	895
0	1
0	139
0	269
0	108
86	130
42	29
0	0
817	333
7	142
3	180
1	54
12	35
0	17
3	6
0	26715
0	27117
134	5428
58	11
2	1957
0	27745
0	28334
0	27695
0	25747
0	136
4	439
0	0
92	1717
39	0
35	91
5	695
21	284
23	953
253	30
2	4
0	21
0	5
0	2984
0	1642
25	12728
0	6090
1089	12330
34	1552
0	4883
7	62
0	340
1	10
1	325
5	149
3	337
4	17
0	43
5	418
5	497
14	404
23	173
0	723
0	760
9	14
11	23
7	300
1	258
24	54
0	3
0	38
62	70
1738	476
11	60
4	65
3	43
4	83
6	220
6	144
1	343
381	0
0	777
8	704
0	609
33	606
33	776
2	767
0	169
2	221
8	563
6	525
30	477
8	515
6	530
0	332
0	352
5	46
14	3
0	3
0	2600
78	2661
8	1900
2	91
0	91
1	88
0	39
2	35
0	80
0	10
0	44
0	74
1	78
0	32
0	29
1	8
1	68
591	0
1	248
1431	1251
1	45
0	91
3	114
0	1126
7	0
4	118
0	1425
0	1578
0	1378
0	1246
1	1307
29	922
1	410
0	447
8	101
0	107
6	311
2	190
9	406
80	262
1	1202
0	71
18	443
43	133
3	143
3	1171
0	0
0	46
0	105
2	43
2	1
3	35
0	67
7	1275
5	1169
0	1116
9	308
3	47
0	917
3	75
0	316
9	299
0	107
3	548
0	1409
0	716
14	1434
1	139
0	908
2	65
5	280
7	285
0	37
0	28
1	2
0	0
0	35
4	0
75	3343
3	2195
0	214
0	2378
137	3014
0	0
30	354
2	807
5	848
4	568
3	709
0	665
2	369
540	0
0	0
5	0
1	0
0	0
0	0
0	0
6	8
9	8
0	0
0	54
37	71
0	39
0	70
0	37
0	45
4	61
1	47
0	51
0	22
2	28
1	32
0	12
0	0
21	742
0	666
0	179
0	8
30	6
3	192
0	42
2	129
3	180
44	680
17	721
0	162
8	141
22	97
0	48
6	60
0	14
0	28
717	165
0	165
0	66
2	54
3	0
7	1640
233	1577
3	211
45	333
0	1469
0	113
0	253
52	804
18	730
10	132
0	204
9	204
769	250
14	203
25	43
2	543
27	0
5	64
0	27
0	11
0	24
5	27
0	539
0	32
0	28
2	5
3	3
547	1508
0	1323
1	1461
0	1489
11	1197
0	780
0	550
0	737
4	702
0	703
0	714
0	311
63	438
0	132
1	193
0	32
0	1
59	1
1646	1461
10	254
47	7
9	957
2	306
10	189
0	0
0	71
0	0
2	0
60	18
0	0
10	233
552	35
0	35
1	2720
0	2720
0	57
0	537
2	461
0	106
1361	740
3	166
1	379
3	84
0	0
3	2025
9	87
69	86
0	84
8	2066
1	76
8	354
5	429
0	0
0	419
1	102
8	847
0	0
1	0
0	0
229	609
42	577
0	228
7	97
1	64
0	0
3	86
49	553
9	553
64	4067
2	1785
0	0
0	142
5	173
87	3517
5	85
5	247
31	68
0	0
19	0
0	0
6	145
49	145
0	0
492	166
0	7
0	109
0	5
0	154
0	43
0	13
1	0
2	32
4	30
0	76
871	1032
3	208
1	108
27	0
6	63
0	4
10	27
0	0
9	31
73	613
0	134
0	32
0	5
0	1
0	0
0	158
0	64
27	27
0	6
0	2
14	22
0	7
1	22
68	6575
963	6613
0	0
0	3710
0	798
0	500
5	417
2	42
0	353
0	278
0	69
0	0
0	0
2	0
52	714
5	29
27	138
11	705
2	126
0	151
1	110
9	52
3	86
2	146
8	8
195	773
0	514
18	132
7	96
1	179
13	140
4	1477
8	1144
5	1036
0	2697
0	2697
11	1627
153	201
4	102
0	3544
1	3428
0	3544
0	3421
3	75
0	570
1	3323
0	275
0	453
4	3087
4	18
13	179
2	230
0	212
9	229
0	205
0	214
1	213
0	194
0	82
0	174
0	16
0	15
0	174
0	12
0	11
0	44
3	10
0	0
0	0
0	22
0	874
0	7
1	100
0	138
0	874
7	870
3	871
0	50
1	101
26	27
2	834
0	871
11	39
0	187
0	222
0	108
0	234
13	64
0	93
45	320
0	106
0	235
19	276
82	276
2	396
40	519
1	146
1	66
0	317
2	142
481	307
2	91
5	307
0	69
1	1298
0	1349
5	1434
0	1095
19	1062
1	38
0	257
4	46
0	261
0	182
0	68
96	16
277	0
0	0
4	0
100	2653
1	51
52	2673
1	70
0	58
28	404
38	503
39	144
13	261
0	0
1	0
0	1
0	1
0	1
161	845
70	138
122	459
0	837
0	0
0	56
1010	5873
177	4382
2	16827
3	16829
0	16852
29	15261
3	1554
0	16830
219	3539
0	16827
1	42
2	23
2	1300
0	310
3	314
1	12
1	21
0	299
2	55
1	628
0	699
7	690
1	0
0	0
0	33
3	131
0	0
0	0
8	456
2	409
5	90
1	9
0	42
0	54
4	11
0	103
0	0
6	6
0	1
60	1519
44	1652
0	1600
20	864
0	177
1	194
0	224
8	256
2	82
0	0
0	0
9	150
1	0
3	150
0	0
0	0
1	0
1	29
0	3
0	13
20	1412
1	123
9	659
0	1012
52	1345
0	36
2	523
9	201
0	18
0	19
0	17
0	17
2	12
1	2
0	1
181	252
0	86
22	196
7	0
0	0
19	2997
0	2278
1	2842
38	10
1	290
0	0
5	0
6	0
4859	2417
0	100
5	269
0	642
0	926
3	1122
0	631
4	641
1	53
13	0
2	49
2	34
0	26
0	43
0	33
2	44
1	14
2	6
976	16829
109	3637
4	5022
29	1325
1	5545
32	13338
28	950
0	1
6	241
29	265
0	119
0	81
0	141
0	6
1	36
0	20
0	117
0	117
2	121
9	0
6	10
5	49
0	14
19	1
0	13
0	6
0	7
0	4
1	5
18	686
3	652
0	644
0	343
7	19
0	0
0	0
897	654
40	654
21	487
0	228
36	150
0	0
0	0
0	502
1	502
1	42
0	0
0	1733
10	1736
4	611
1	137
19	35
0	0
0	0
0	0
0	0
0	0
0	0
3	0
3	0
2	14
0	0
343	68
26	8
0	65
0	0
0	0
0	0
0	0
0	48
0	12
1	0
0	0
2	0
0	0
0	0
0	0
69	391
0	413
0	92
0	114
0	88
1	55
1	19
2	13
0	4
0	0
102	2
5	425
12	1175
12	85
8	109
9	1255
0	1204
49	2259
0	0
1	2236
0	0
0	301
0	44
19	2038
0	377
2	186
52	4832
0	3444
0	4226
0	4180
11	1485
0	312
0	172
186	0
0	1683
14	1705
3	208
0	298
24	81
36	880
0	230
111	23036
244	22478
2	1450
16	3229
8	2642
22	876
91	395
0	263
7	374
0	177
5	28
19	135
0	163
34	945
0	1339
0	1268
7	1235
0	994
0	1335
20	876
1	60
178	591
3	572
13	405
217	405
2	304
0	77
0	0
2	0
407	1410
24	1396
4	264
2	0
2	0
20	2094
0	230
0	861
0	863
21	1719
14	168
0	149
0	2
2	31
0	5
0	0
0	0
5	133
0	145
1	146
20	55
0	4
20	6
0	22
38	12
0	1
0	0
3	0
0	0
0	0
0	0
0	0
0	0
0	11
0	11
0	10
0	11
0	4
0	0
0	0
13	358
0	2278
0	2418
0	2228
0	599
0	1029
0	1997
2	133
0	499
0	29
4	197
9	203
37	182
0	5330
166	4927
1	917
1	1430
7	124
15	34
0	691
33	316
248	52
0	205
7	116
446	123
5	121
0	0
536	14998
9	9790
19	4247
1	4246
1	2118
27	0
288	15172
7	1560
3884	1554
0	1554
11	4
0	0
0	0
0	0
1	551
0	561
4	548
14	564
0	145
0	142
0	53
1	7
6	0
7	0
0	0
0	1
0	0
17	5
0	5
11	5016
0	5898
7	3724
11	5888
0	5916
0	5549
33	118
1	5677
12	277
117	5790
1	3834
3	5790
16	3342
0	39
0	39
0	26
0	16
4	0
0	3
2	0
2	0
0	7
1	19
0	6
0	6
1665	0
0	0
0	0
0	33
0	33
0	36
0	37
0	37
0	4
0	8
0	0
0	4
4	4
714	323
0	272
4	249
3	185
91	31
484	118
21	15
2	41
0	0
0	62
2	0
0	1
0	1
1	0
0	0
0	0
47	1300
6	146
0	1254
23	10
8	168
0	0
0	0
0	0
0	0
0	0
0	0
0	0
0	0
0	0
1	5
0	0
0	0
0	0
0	0
0	0
0	0
0	0
0	0
0	0
0	0
0	0
0	0
0	0
0	0
0	0
0	0
0	0
0	0
0	0
0	0
0	0
0	0
0	0
0	0
32	696
0	0
0	0
0	0
0	0
0	0
0	0
0	0
0	0
0	0
0	0
0	0
0	0
0	0
0	0
0	0
0	0
0	0
0	0
0	0
0	0
0	0
0	0
0	0
0	0
0	0
0	0
0	0
0	0
0	0
0	1
0	0
0	0
0	0
0	0
0	0
0	0
0	0
0	0
0	0
0	0
0	0
0	0
0	0
0	6
0	0
0	0
0	0
0	0
0	0
0	0
0	0
0	0
351	1628
21	1591
0	352
0	435
65	4542
0	4640
0	3053
0	2932
7	72
78	110
52	70
78	0
0	0
0	138
106	96
3	1726
12	1775
413	369
0	320
182	51
0	884
0	3304
14	538
52	0
1	249
120	1594
1	3244
0	2689
16	0
45	12
1	355
0	0
3	1111
128	0
2365	3651
0	35
0	12
0	3664
41	965
1	859
10	662
1	44
0	0
0	0
0	0
40	4
0	3
0	1
174	249
0	29
0	192
0	102
0	25
40	0
0	62
0	0
3	32
55	0
0	7
4	2
30	0
0	0
108	7
0	0
0	4
0	0
0	2
0	0
3	4
0	2
0	2
0	1
0	0
0	0
0	0
0	0
0	0
294	1542
4	1443
3	810
2	8
3	116
0	0
1	22
1958	1648
76	1648
0	621
0	0
0	0
0	0
0	0
0	0
0	2
0	2
0	0
0	0
27	476
0	450
0	474
2	22
3	49
0	59
0	55
0	45
6	37
27	17
1	0
0	0
3	0
3	4
2	4
0	0
90	2
0	0
9	0
340	0
0	0
0	0
1	0
23	0
0	0
0	0
1001	8002
7	4680
8	720
0	587
185	1350
5	116
5	731
227	1259
13	1767
0	1651
0	1498
3	34
3	49
0	1117
0	69
5	117
3	822
0	0
13	93
14	365
648	193
0	153
0	161
1	17
0	166
7	140
2	115
1	23
0	31
2	9
0	0
47	3
0	3
44	0
818	1532
0	1126
0	1326
0	253
19	272
0	0
0	0
0	0
0	0
0	0
0	0
0	0
0	0
0	0
3	161
0	0
0	0
0	0
0	0
379	13361
0	0
1	7
0	0
0	0
0	0
0	0
0	0
0	6
0	0
0	0
0	0
0	5
13	308
0	0
0	0
0	0
0	0
1	0
0	0
0	0
0	357
0	3
6	22
1	22
1	17
0	0
0	3
1	57
0	75
40	25
0	79
0	0
3	4
0	0
0	355
0	315
0	65
4	4
0	65
0	36
15	117
0	75
1	31
0	36
12	12
1	1
0	11
1	9
313	1380
0	302
0	1322
1	1390
0	992
4	1045
0	971
0	617
0	136
0	3
0	95
0	142
0	86
0	121
0	111
0	75
0	164
2	162
0	53
1	68
0	8
0	0
65	4
0	140
0	200
0	140
0	6
0	13
92	28
0	46
4	24
0	4
0	0
2	22
0	0
0	6
0	6
0	0
0	0
2	2
0	0
0	0
0	0
1	0
0	0
0	0
0	0
0	0
0	0
0	0
0	0
0	0
3	0
0	0
0	0
0	0
0	0
0	0
0	0
0	0
0	0
1544	408
0	408
528	908
0	365
5	712
10	218
1	173
33	469
3	324
1	131
47	256
19	0
18	157
4	84
4	24
278	623
2	52
5	672
104	14
18	12
6	34
3	135
1	0
2	0
9	565
0	22
0	330
9	70
0	30
4	32
0	21
248	643
0	0
0	0
1678	295
12	295
1180	401
1	0
0	133
0	213
1	49
0	24
0	64
287	0
1	0
0	0
2	0
0	0
0	47
0	1
0	47
0	47
0	1
27	1332
194	1529
5	795
40	835
0	624
1	205
1	560
9	543
1	0
1	0
0	0
2	0
0	0
0	0
0	8
0	0
0	0
3	4
1417	966
95	964
3	315
0	0
0	0
0	0
0	0
0	0
0	0
0	0
0	0
0	0
0	0
0	0
0	0
5	439
22	259
3	258
0	259
0	68
0	84
0	52
0	0
5	634
16	642
16	641
5	107
5	78
0	13
38	0
1670	2602
16	7
67	818
9	173
0	1646
39	1356
59	996
6	846
3	456
0	813
0	895
0	902
0	33
20	78
0	3
2	7
14	55
0	189
0	0
1	7
0	0
0	0
0	0
0	0
0	0
0	0
1	0
4206	127
8	125
7	19
16	19
0	41
0	41
0	41
0	41
0	0
0	0
4	19
0	0
1007	1037
23	856
3	584
0	373
2	43
4	5
1	795
3	1293
26	1305
29	1305
0	738
857	5855
0	5746
0	5530
0	969
0	4548
0	2837
0	1317
0	927
4	1086
203	319
10	327
8	181
539	181
0	0
0	0
0	0
10	877
0	0
37	0
0	0
0	0
0	0
0	0
0	19
0	19
0	17
2	1
0	6
0	0
0	0
0	0
0	0
0	0
3	22
0	10
0	20
0	0
0	0
0	0
0	0
0	0
6	476
2	476
3	400
0	334
4	59
0	0
4	0
0	0
0	0
1	19
0	19
0	1667
0	4980
0	4927
0	5140
0	477
0	1
5	1
0	0
0	0
5	5
0	0
0	0
0	0
211	1229
0	1232
0	1232
9	0
0	20
342	201
0	145
0	156
4	76
8	83
0	65
0	4
1	0
1	0
0	0
206	179
0	174
0	64
0	41
0	0
0	5
0	11
4	325
0	701
8	704
0	707
10	538
0	0
0	78
17	2
75	2
0	1
1	0
3	0
0	0
0	0
0	1
0	0
0	0
0	1
0	0
2	25
0	25
2	4
0	0
0	0
0	0
0	0
4	3
0	3585
0	3496
26	2819
0	1819
0	3585
4	134
1	1642
0	18
0	79
9	18
2	3134
1	397
0	1884
1	251
0	0
0	0
0	0
1	0
9	7
0	7
0	67
55	3135
21	3175
102	43
4	4
0	3080
0	24
22	1205
2	29
0	26
39	24
7	1417
192	359
0	354
4	45
0	2
4	174
8	13
1	123
0	87
3	141
4	146
19	155
11	25
66	2921
0	2881
26	185
120	203
11	127
16	194
130	76
19	190
2	94
10	0
35	72
0	0
12	56
5	0
2	0
0	0
8	0
3	15
0	15
83	3333
132	2896
0	2254
0	2248
8	612
6	308
282	16
489	43
0	7
1	126
39	126
3	19
323	1030
30	1030
0	0
2	0
0	0
228	268
1	26
1	11
17	225
0	10
1	72
1	0
0	0
0	0
0	0
1	0
1581	2420
0	2341
38	1970
15	1984
13	1053
1	702
5	56
0	0
6	0
1421	1901
0	1896
0	1145
7	263
0	326
0	36
0	36
0	0
0	0
0	0
0	0
0	0
0	0
0	0
0	1059
1	1002
0	122
16	804
2	1108
43	999
158	757
41	36
3	864
0	116
1	143
0	0
1432	1962
3	180
10	704
0	261
8	781
1	111
0	0
1	768
7	811
0	0
2	0
1	0
0	0
0	0
0	0
0	3
0	1
0	3
0	3
0	0
0	0
0	0
905	304
0	2
3	45
0	0
0	92
0	178
0	0
0	0
0	0
240	163
11	160
0	107
13	47
0	24
1	4
0	41
0	42
0	43
9	19
6	18
0	5
344	2464
1	2251
17	1121
1	69
86	502
339	32
0	0
2	32
63	3
0	6
0	6
0	0
0	0
0	0
0	0
0	0
27	37
0	37
0	4
0	2
0	0
0	155
0	0
1	18
1	42
0	45
0	42
62	103
5	12
1	48
6	22
0	0
0	913
0	917
4	899
1	915
0	912
0	86
3	140
0	47
0	41
1	41
47	12
0	13
0	3
3	0
0	0
0	0
10	43
0	57
0	42
0	27
4	16
0	13
0	11
0	14
0	0
0	0
6	164
0	166
0	4
9	18
0	19
0	25
0	44
0	0
4	2
0	22
0	67
0	0
2	2
0	54
0	66
0	0
0	14
0	2
0	2
0	0
33	20
0	20
1	0
0	8
0	0
0	0
0	11
0	10
0	0
0	8
2813	1433
0	920
18	301
2	391
0	0
0	0
90	708
0	708
0	0
43	213
3	182
0	2
0	2
0	2
0	2
0	2
0	2
0	0
0	0
0	0
0	0
0	0
0	0
0	46
0	44
0	37
0	33
0	29
0	0
0	1
0	3
0	0
879	0
0	1
0	0
0	0
0	0
0	0
0	0
0	0
0	0
0	0
0	0
0	0
0	0
0	0
0	0
0	0
0	0
0	0
0	0
3	0
0	0
0	0
1	0
4	3
0	0
0	0
12	0
1	0
0	23
23	23
40	1619
1	987
0	102
0	101
0	100
0	99
12	951
8	203
0	0
0	0
4	72
1	0
0	0
0	0
0	0
0	0
0	0
0	0
0	0
0	0
0	0
0	0
0	0
1	0
0	0
7120	2064
92	395
8	1702
11	696
1	1786
274	0
117	0
0	219
29	79
111	0
233	0
61	0
338	0
1616	441
3	441
16	543
0	473
11	550
0	470
0	115
1	165
33	153
1	138
3	0
0	0
0	0
0	0
0	0
0	12
0	12
0	11
0	0
0	0
0	0
2967	0
40	16
0	16
0	0
0	5
0	105
1	168
0	144
1	8
2	14
0	8
1	25
0	43
8	0
97	534
0	509
7	392
20	248
3	11
12	2483
1	241
3	31
52	2434
4	402
0	295
1	177
2	121
13	14
0	90
0	0
1	293
30	2
0	5
2	2
5	169
6	960
4	877
0	88
0	98
28	832
0	1
5	69
673	184
0	113
87	4724
67	4484
0	3759
0	1270
21	949
26	1986
34	272
9	235
0	22
2	0
41	249
2	0
229	4597
48	4595
7	765
2	383
0	303
5	1079
4	37
1	189
11	88
17	454
0	0
0	7
0	7
2	1
6	377
458	0
5	1
0	1
7	0
0	15
0	14
0	1
5	6
0	1
0	0
0	0
0	1
0	22
1	0
0	0
1	0
0	0
0	21
1	0
3	6
0	6
9	3989
5	4160
7	1715
19	1921
7	21
17	2201
13	3025
203	3054
4	66
4	60
0	310
3	227
61	132
0	0
1	0
0	282
1	297
0	292
0	319
0	119
3	29
0	32
5	31
5	36
5	84
1	15
0	262
530	575
2	138
6	474
15	224
0	433
1	405
0	25
0	22
130	0
1	3785
0	3876
0	3590
0	4103
0	575
12	4098
0	3581
0	2956
0	3331
117	420
129	2040
8	649
298	1178
0	1129
0	389
4	49
4	118
0	1
4	66
0	17
8	1060
117	1060
0	26
0	34
9	269
0	0
3	280
21	121
64	370
2	89
0	0
0	173
9	13
0	0
0	0
0	0
0	3
0	0
0	0
0	0
0	3
0	0
0	0
0	0
0	0
9	0
0	0
3	1380
0	0
0	0
0	0
0	0
52	2346
0	18304
350	18209
2	13829
228	8452
54	873
6526	3839
35	0
453	1791
0	106
2	296
2	1494
27	177
0	306
2	47
3	54
0	0
1	71
0	0
0	2
0	50
0	0
8	69
2	0
0	0
0	5
7	0
0	65
0	4
7	0
0	3
0	0
395	860
2810	862
19	849
11	704
1	268
35	78
3	0
1	0
1575	1083
0	256
8	142
26	116
1	619
0	0
0	0
0	0
0	3
0	0
17	6
3	6
0	0
0	0
123	5505
3	5418
31	5417
18	332
5	609
1	0
0	0
0	0
2	5
3	48
3	2
3	43
104	2716
0	2364
1	1659
0	0
0	1
18	1145
0	0
26	550
0	0
0	0
0	0
373	215
5	143
151	226
103	96
0	7
1	56
0	91
0	104
16	111
0	96
0	91
1	10
2	62
0	62
0	0
0	14
0	0
0	10
5	0
1	0
127	970
4	963
4	239
0	60
5	6
0	8
4	0
1	0
46	0
5	12
6	12
16	3
21	3
0	270
0	270
10	189
0	152
0	83
1	83
0	137
0	32
2	117
0	40
0	13
0	48
0	0
0	0
0	56
1	0
0	0
7	1616
0	2180
3	2117
0	2282
2	2205
0	2090
5	2081
0	2162
0	1308
0	755
29	696
0	1
0	260
4	420
0	183
0	338
6	26
2	115
2	107
7	44
270	7158
80	7771
149	3016
64	1134
38	1143
1	0
0	0
0	0
0	0
0	0
3	1232
0	1247
27	798
3	883
0	574
0	338
1	253
12	22
0	11
0	5
108	163
3	101
4	12
0	0
7	467
0	0
0	0
248	59
0	59
3174	0
45	0
259	71
59	21
9	69
167	0
0	1
0	1
0	0
70	0
0	0
1	0
1	15
27	54
3	50
3	0
0	0
0	11
5	4
0	0
2	23
0	0
4	23
0	15
0	1
0	9
0	9
0	1
0	9
0	0
0	0
0	0
0	0
0	0
0	0
0	0
0	0
0	0
0	0
775	1099
35	511
9	0
22	588
0	0
0	0
0	0
0	0
0	0
0	0
0	0
0	0
0	0
0	0
0	0
0	0
119	10245
1	103
0	0
0	0
0	0
0	0
0	0
0	0
0	0
0	0
1	0
0	0
0	0
43	0
0	0
9	5494
3538	6051
25	1095
4	6102
0	3303
0	3479
14	609
5443	29
0	0
167	25
31	0
0	0
46	0
0	5
0	0
3694	2497
50	1630
0	2206
16	16
0	34
1	525
16	23
310	35
2	83
219	74
7	12
29	28
0	16
0	0
0	0
1572	0
13	3
0	669
0	670
0	519
14	2
0	0
2	62
7	328
8	3
988	95
10	95
0	0
0	0
0	0
70	71
0	18
6	57
5	56
1673	18
19	18
0	263
0	276
0	273
0	272
0	0
0	14
0	7
0	1
0	1
0	1
0	1
0	1
0	0
0	0
0	0
0	0
0	0
0	0
0	0
0	2
0	0
2	7
0	0
0	0
0	0
0	0
65	1065
24	1063
0	35
0	26
2	90
24	78
0	36
11	397
0	0
1	317
0	84
7	51
1138	1912
0	1940
12	150
30	800
8	0
4	1
0	0
0	0
0	52
0	42
0	47
0	39
1	12
0	2
0	0
0	0
1	8
7	2
1	3
0	0
3	0
0	0
0	0
0	964
0	1378
2	1372
0	912
2	1338
0	1351
13	37
13	589
14	247
3	146
0	114
0	35
1	56
0	0
0	0
0	0
0	0
0	0
0	0
0	0
0	0
0	0
0	0
0	16
2	287
447	1033
13	407
13	200
7	936
2	135
0	0
0	0
0	0
0	0
27	32
791	297
7	88
2	268
16	222
1	1
2	8
0	1
0	9
0	7
0	3
0	4
0	7
0	2
0	0
0	4
0	0
1	0
0	0
32	0
3	6480
0	6118
2	6246
43	191
3	6017
0	0
0	0
0	0
0	0
0	0
21	373
0	361
0	360
1	231
0	192
0	194
0	185
0	176
114	27
0	1
0	0
0	0
5	1602
5457	2858
35	115
3	534
7	607
0	0
102	38
0	38
0	0
284	12400
4	12400
4	1137
6	1393
15	464
49	0
0	0
2	0
52	245
5	170
0	18
6	2
33	475
57	196
0	6
0	6
37	558
0	198
0	81
5	44
0	0
16	2060
0	0
0	0
0	0
0	0
0	0
0	0
7	3
0	0
0	3
0	0
1	2
0	0
0	0
0	0
0	0
0	0
0	0
20	409
0	0
0	0
0	0
0	0
0	0
130	3603
4	755
2	230
0	547
22	67
7	712
2	2426
0	0
26	508
366	8294
27	348
38	266
4	333
0	104
1	8198
0	0
0	0
0	295
2	244
170	5
0	3
0	0
0	0
0	0
0	31
0	1
0	31
0	1
0	31
0	1
0	31
0	1
0	31
0	1
0	31
0	1
0	31
0	0
0	0
0	0
0	0
164	822
0	766
5	52
0	201
1	246
0	57
0	237
2	267
0	275
0	294
7	288
0	285
0	41
0	0
0	0
0	0
0	0
0	16495
0	16375
0	16225
0	17034
0	16329
0	15944
0	15746
0	16868
0	16541
0	12616
0	15876
0	15731
0	16853
0	16392
0	15821
0	16227
0	16239
0	16404
0	16358
0	16004
0	15528
0	15053
0	15696
56	15411
1	15985
0	14279
0	1583
0	1717
0	1704
0	51
2	39
0	0
0	0
188	676
25	643
0	398
5	540
10	320
0	182
0	1943
3	2292
0	2262
0	473
0	540
0	218
718	317
0	317
6545	232
0	0
0	0
2	230
0	86
5	717
7	718
0	401
0	44
0	49
0	45
4	2
8	39
0	0
13	0
709	1153
14	1149
30	461
128	160
0	8
1	152
0	62
0	0
194	233
0	233
0	162
9	23
0	162
12	100
5	155
3	155
0	6
0	6
0	1
0	0
4	25
2	54
5	112
444	146
0	8
22	136
17	0
0	0
0	0
2	5
0	5
0	3
1	0
2	0
124	5193
1	5200
10	454
0	3847
0	1108
10	720
2	175
1	871
0	51
0	165
0	4161
0	206
13	6843
5	6438
0	1101
0	5830
35	663
0	0
366	12
0	12
0	0
0	0
0	0
0	24
0	24
26	27
44	27
0	0
0	0
0	0
0	0
0	0
0	0
0	0
0	0
0	0
0	0
0	0
0	0
0	0
0	0
0	0
0	0
0	0
0	0
0	0
0	0
0	0
0	0
0	0
0	0
0	0
0	0
0	0
0	0
0	0
0	0
0	0
0	0
0	0
0	0
0	0
0	0
0	0
0	0
0	0
0	0
0	0
0	0
0	0
0	0
0	0
0	0
0	0
0	0
0	0
0	0
0	0
0	0
0	0
0	0
0	0
0	0
0	0
0	0
0	0
0	0
0	0
0	0
0	0
0	0
0	0
0	0
0	0
0	0
0	0
0	0
0	0
0	0
0	0
0	0
0	0
0	0
0	0
0	0
0	0
0	0
0	0
0	0
0	0
0	0
0	0
0	0
0	0
0	0
0	0
0	1
0	1
0	1
1	0
0	8
0	18
0	18
0	18
12	0
0	0
0	0
0	0
0	0
0	0
0	0
0	0
0	0
0	0
0	0
0	0
0	0
0	0
0	0
0	0
0	0
0	0
0	0
0	0
0	0
0	0
0	0
0	0
0	0
0	0
0	0
0	0
0	0
0	0
0	0
0	0
0	0
0	0
0	0
0	0
0	0
0	0
0	0
0	0
0	0
0	0
0	0
0	0
0	0
0	0
0	0
0	0
2	0
0	0
0	0
0	0
0	0
0	0
0	0
0	0
0	0
0	0
0	0
0	0
0	0
0	0
0	0
0	0
0	0
0	0
0	0
0	0
0	0
0	0
0	0
0	0
0	0
0	0
0	0
0	0
0	0
0	0
0	0
0	0
0	0
0	0
0	0
0	0
0	0
0	0
0	0
0	0
0	0
0	0
0	0
0	0
0	0
0	0
0	0
0	0
0	0
0	0
0	0
0	0
0	0
0	0
0	0
0	0
0	0
0	0
0	0
0	0
0	0
0	0
0	0
0	0
0	0
0	0
0	0
0	0
0	0
0	0
0	0
0	0
0	0
0	0
0	0
0	0
0	0
0	0
0	0
0	0
0	0
0	0
0	0
0	0
0	0
0	0
0	0
0	0
0	0
0	0
0	0
0	0
0	0
0	0
0	0
0	0
0	0
0	0
0	0
0	0
0	0
0	0
0	0
0	0
0	0
0	0
0	0
0	0
0	0
0	0
0	0
0	0
0	0
0	0
0	0
0	0
0	0
0	0
0	0
0	0
0	0
0	0
0	0
0	0
0	0
0	0
0	0
0	0
0	0
0	0
0	0
0	0
0	0
0	0
0	0
0	0
0	0
4	64
0	0
0	0
0	0
0	0
0	0
0	0
0	0
0	0
0	0
0	0
0	0
0	0
0	0
0	0
0	0
0	0
0	0
0	0
0	0
3	44
0	0
0	0
0	198
0	1
0	1
0	0
0	0
0	0
0	0
0	0
0	0
0	0
0	0
0	0
0	0
0	0
0	0
0	0
0	0
0	0
0	0
0	0
0	0
0	0
0	0
0	0
0	0
0	0
0	0
0	0
0	0
0	0
0	0
0	0
0	0
0	0
0	0
0	0
0	0
0	0
0	0
0	0
0	0
0	0
0	0
0	0
0	0
0	0
0	0
0	0
0	0
0	0
0	0
0	0
0	0
0	0
0	0
0	0
0	0
0	0
0	0
0	0
0	2
0	2
0	0
0	0
0	0
0	0
0	0
0	0
0	0
0	0
0	0
0	0
0	0
0	0
0	0
0	0
0	0
0	0
0	0
0	0
0	0
0	0
0	0
0	0
0	0
0	0
0	0
0	0
0	0
0	0
0	0
0	0
0	0
0	0
0	0
0	0
0	0
0	0
0	0
0	0
0	0
0	0
0	0
0	0
0	0
0	0
0	0
0	0
0	0
0	0
0	0
0	0
0	0
0	0
0	0
0	0
0	0
0	0
0	0
0	0
0	0
0	0
0	0
0	0
0	0
0	0
0	0
0	0
0	0
0	0
0	0
0	0
0	0
0	0
0	0
0	0
0	0
0	0
0	0
0	0
0	0
0	0
0	0
0	0
0	0
0	0
0	0
0	0
0	0
0	0
0	0
0	0
0	0
0	0
0	0
0	0
0	0
0	0
0	0
0	0
0	0
0	0
0	0
0	0
0	0
0	0
0	0
0	0
0	0
0	0
0	0
0	0
0	0
0	0
0	0
0	0
0	0
0	0
0	0
0	0
0	0
0	0
0	0
0	0
0	0
0	0
0	0
0	0
0	0
0	0
0	0
0	0
0	0
0	0
0	0
0	0
0	0
0	0
0	0
0	0
0	0
0	0
0	0
0	0
0	0
0	0
0	0
0	0
0	0
0	0
0	0
0	0
0	0
0	0
0	0
0	0
0	0
0	0
0	0
0	0
0	0
0	0
0	0
0	0
0	0
0	0
0	0
1	0
0	0
0	0
0	0
0	0
0	0
0	0
0	0
0	0
0	0
0	0
0	0
0	0
0	0
0	0
0	0
0	0
0	0
0	0
0	0
0	0
0	0
0	0
0	0
0	0
0	0
0	0
0	0
0	0
0	0
0	0
0	0
0	0
0	0
0	0
0	0
0	0
0	0
0	0
0	0
0	0
0	0
0	0
0	0
0	0
0	0
0	0
0	0
0	0
0	0
0	0
0	0
0	0
0	0
0	0
0	0
0	0
0	0
1	0
0	0
0	0
0	0
0	0
0	0
0	0
0	0
0	0
0	0
0	0
0	0
0	0
0	0
0	0
0	0
0	0
0	0
0	0
0	0
0	0
0	0
0	0
0	0
0	0
0	0
0	0
0	0
0	1
0	0
0	1
0	0
0	0
0	0
0	0
0	0
0	0
0	0
0	0
0	0
0	0
0	0
0	0
0	0
0	0
0	0
0	0
0	0
0	0
0	0
0	0
0	0
0	0
0	0
0	0
0	0
0	0
0	0
0	0
0	0
0	0
0	0
0	0
0	0
0	0
0	0
0	0
0	0
0	0
0	0
0	0
0	0
0	0
0	0
0	0
0	0
0	0
0	0
0	0
0	0
0	0
0	0
0	0
0	0
0	0
0	17
0	0
0	0
0	59
0	0
0	0
0	0
0	0
0	0
0	0
0	0
0	0
0	0
0	0
0	0
0	150
0	0
0	0
1	3
0	5910
0	9948
176	9978
11	0
0	0
1250	497
24	91
9	95
0	136
0	48
0	11
0	220
0	1914
0	1914
15	899
0	12
1	159
8	161
74	137
28	90
102	159
2	107
21	67
1	9
0	6
0	6
0	9
0	6
0	6
0	9
0	0
1	252
83	4251
0	2752
27	25
0	3857
214	425
10	3688
21	2504
141	13
2	314
10	921
2	566
43	0
0	0
17	443
290	2107
18	719
8	650
8	1269
66	31
4	574
45	582
4	8
1	56
43	805
6	22
117	873
0	484
4	93
0	0
0	20
9	5971
0	5926
0	6738
8	6694
0	30
0	229
0	6783
4	9
1	6798
0	6762
51	5610
0	5895
9	239
0	1
0	7
0	12
0	12
0	5
2	0
0	0
16	5212
3	4348
6	1349
0	3812
0	3107
6	2099
0	973
1	623
0	966
52	208
7	310
13	444
1	196
6	29
4	6
0	69
11	28
0	6
0	43
0	32
23	0
1	45
15	0
134	61
2	21
0	0
0	0
0	0
0	1821
0	1823
0	1814
0	1767
0	1809
2	1829
0	1756
0	1751
0	1849
0	1881
0	1784
0	1816
2	1716
0	1781
0	1747
0	1712
0	1661
0	1815
12	0
6	212
4	49
2	86
10	54
24	1024
0	1054
0	156
6	205
2	18
0	216
2	260
5	262
4	196
3	250
0	175
0	19
0	32
2	0
0	0
0	329
0	1791
0	1791
0	1791
1	131
18	1201
0	4
14	219
7	194
1	263
0	184
3	177
0	221
9	0
0	46
0	846
2	64
36	877
10	877
3	108
1	881
1	133
1	2
2	241
16	128
1	55
9	122
132	2079
5	2079
2	77
10	403
0	71
5	158
14	194
17	109
2	238
1	198
3	22
3	48
1	0
0	4
0	0
1	7
0	2
0	583
1973	624
39	276
1	228
0	0
59	5661
0	428
0	1231
0	5657
1	5478
0	5351
37	593
2	841
0	0
5	197
2	42
0	42
1	5
4	0
4	578
3	609
6	66
1	45
0	59
1	26
100	5419
14	5291
7	5303
25	208
35	317
25	552
15	5289
8	1696
10	822
54	734
1	735
4	69
1	106
0	80
0	38
2	25
10	117
35	206
238	206
13	126
0	0
0	2187
0	2141
0	986
0	1029
0	2069
0	2160
0	2033
0	215
0	14
0	0
11	0
0	40
2	40
1	40
0	27
1	3357
0	3534
98	3536
0	3544
68	3533
0	3189
0	426
4	218
0	280
0	167
5	103
4	388
1	490
0	204
0	0
0	0
0	0
2581	0
0	0
0	0
0	747
0	716
0	735
3	698
10	602
5	705
0	19
1	90
0	444
6	0
1	34
0	68
0	24
0	465
0	28
0	0
0	720
0	55
0	237
9	0
8	0
0	38
0	52
15	25
0	251
0	260
12	165
0	257
2	237
0	244
0	242
0	243
1	12
0	30
1	58
0	14
0	46
0	47
0	29
0	16
0	19
1	471
18	534
2	150
8	5
29	1
1	1
0	0
2	0
8	343
4	338
0	0
3	5
270	205
1	0
6	205
30	20
0	0
147	4485
163	4485
0	599
1	0
0	0
0	1
0	0
0	0
169	2
5	0
0	0
0	0
774	0
2	67
3	67
0	37
65	17
7	17
0	19
0	2
0	2
0	2
0	0
0	0
1	253
26	3972
1	602
3	1182
115	3856
42	12
0	3661
7	1092
107	53
0	46
10	7
0	2
0	9
0	0
0	0
19	3133
16	3471
0	3290
2	456
0	1768
0	920
0	650
1	658
0	0
0	372
12	358
0	38
1	0
0	0
0	0
0	0
0	2
0	2
0	953
343	1347
2	138
0	1186
4	82
2	0
19	1004
0	101
0	0
11	375
1	330
0	155
2	32
62	119
0	115
4	115
0	36
37	34
0	33
0	11
2	7
0	17
1	18
1	16
3	0
0	0
0	0
0	0
0	0
0	0
0	0
0	0
0	0
0	0
6	845
1	845
1	34
0	1
0	1
0	127
1	127
1	322
0	114
5	348
4	137
20	18
8	113
0	27
29	27
23	29
0	2644
623	3852
2	3805
0	1136
19	159
0	0
6	0
0	0
0	0
0	0
0	0
0	0
0	1
0	1
0	0
0	0
0	1055
1	1526
0	1670
74	1183
83	117
2	66
21	11
135	0
3642	2670
0	1810
20	1619
6	330
0	0
0	0
0	0
0	0
0	0
0	0
0	0
0	1
0	0
0	0
0	0
0	27
0	22
0	0
0	0
0	0
0	0
0	0
0	0
6	29
0	2
0	0
4	0
0	0
0	0
6	0
2	2
0	0
0	0
0	0
0	0
0	0
0	1
0	1
4	145
1	46
0	124
0	124
0	124
0	16
0	87
0	33
0	0
0	73
11	24
0	5
0	3
0	1
0	1
0	0
47	73
1270	116
6	108
0	57
0	56
0	38
0	9
0	8
0	6
0	5
0	3
0	1
0	0
0	0
0	25
488	106
0	104
2	23
6	1715
111	1724
0	0
3	0
0	0
81	9
1	132
0	0
3005	170
0	117
4	0
0	83
63	0
307	269
7	7
19	189
3	73
9	5
0	0
0	0
0	0
0	4
0	0
0	0
0	5
0	6
0	0
0	0
0	0
0	0
0	2
0	1
25	5570
5	5350
18	3949
55	3377
3	1275
23	1387
16	1602
0	1172
201	603
0	0
531	344
0	218
32	247
33	240
0	215
0	33
0	22
0	0
0	0
0	0
0	0
0	0
0	0
2440	16425
0	15429
96	4696
4	2102
0	2059
11	932
5	737
78	1016
0	0
0	0
0	0
0	0
0	2
0	2
0	2
0	2
0	2
0	2
0	0
0	0
1523	381
0	381
0	0
596	203
1	20
6	192
43	945
2	937
23	950
0	911
2	84
0	709
4	64
5	25
0	93
0	323
1	116
14	102
0	57
13	3
336	16616
62	16425
282	2423
0	302
19	1501
52	1291
28	154
1	2390
4	928
13	303
1	2332
21	205
28	619
0	92
28	420
0	0
0	0
0	0
0	0
0	0
0	0
0	0
0	0
0	0
0	0
0	86
2	305
0	0
14	97
5	305
0	37
0	320
0	234
0	18
0	0
0	0
124	1830
0	1563
0	1649
44	1229
0	1657
0	0
0	4
0	4
0	0
3	1
1	1
0	2
0	2
0	2
0	626
45	624
0	143
1	0
0	0
0	0
0	0
0	0
0	0
0	0
0	0
0	0
0	0
0	0
0	0
3	2
3046	3585
0	0
12	3579
8	3386
3	424
0	0
0	5
1	4
1	4
0	2
0	4
0	4
0	0
0	0
0	0
799	194
194	91
22	35
2	76
0	0
4	31
17	19
43	114
0	109
2	48
1	23
0	5
1	9
0	0
20	0
0	0
0	2252
0	2257
0	2228
1	2
228	26
5	26
0	0
0	0
0	0
0	0
0	3
42	1418
1582	1987
2	629
0	1871
18	3
0	0
0	2
0	2
0	0
0	0
0	0
0	0
0	0
0	0
0	0
1	24
0	9
0	10
0	14
6	1
0	24
0	23
0	5
0	0
0	0
92	379
3	379
0	0
0	2
1	2
0	0
0	2738
2	0
0	12
0	12
0	4
0	2
1	4
0	0
0	1
0	0
0	14
0	14
0	14
0	13
0	12
0	13
0	1
0	5
0	0
0	5
0	5
1	7
0	3
0	3
0	4
0	0
0	10
0	0
347	176
0	0
0	160
8	75
0	16
593	2
2	68
101	176
7	125
0	42
1	47
0	0
0	0
0	0
0	0
0	0
0	0
0	0
0	0
0	0
0	0
0	0
0	0
0	0
0	0
0	0
5	1
0	0
0	1
0	1
0	1
0	1
0	0
0	0
0	0
0	0
426	371
0	353
11	148
32	103
0	0
1	68
0	0
0	0
0	0
10	0
0	0
2	0
0	0
0	0
0	0
0	0
0	0
0	0
0	0
0	1904
39	599
0	0
1	189
0	173
0	63
0	0
0	14
1	14
194	291
0	188
6	269
3	287
56	98
0	75
0	0
0	0
0	0
0	0
0	62
0	62
0	62
0	62
0	62
0	62
0	62
3	62
0	62
0	62
0	62
1	0
7472	903
28	901
0	0
368	10729
1	10729
16	573
32	22
131	881
10	154
5	778
5	153
3	91
0	0
0	0
41	495
7	313
2	0
3	0
0	0
1	0
0	0
191	0
0	1
0	0
0	0
0	0
0	0
0	0
0	0
3	0
0	0
0	0
0	0
0	0
0	0
0	0
0	0
0	0
0	0
3	6
0	0
0	0
0	0
0	0
0	0
0	0
0	0
0	0
0	0
0	0
0	0
0	0
0	0
0	0
0	0
0	0
0	0
0	0
0	0
0	0
0	0
0	0
0	0
0	0
0	0
0	0
0	0
0	0
0	0
0	0
0	0
0	0
0	0
0	0
0	0
0	0
0	0
0	0
0	0
0	0
0	0
0	0
0	0
0	0
0	0
0	0
0	0
0	0
0	0
0	0
0	0
0	0
0	0
0	0
0	0
0	0
0	0
0	0
0	0
0	0
0	0
0	0
0	0
0	0
0	0
0	0
0	0
0	0
0	0
0	0
0	0
0	0
0	0
0	0
0	0
0	0
0	0
0	0
0	0
0	0
0	0
0	0
0	0
0	0
0	0
1	0
0	0
0	0
0	0
0	0
0	0
0	0
0	0
0	0
0	0
0	0
0	0
0	0
0	0
0	0
0	0
0	0
0	0
0	0
0	0
0	0
0	0
0	0
0	0
0	0
0	0
0	0
0	0
0	0
1	0
0	0
0	0
0	0
0	0
0	0
0	0
0	0
0	0
0	0
0	0
0	0
615	688
9	304
31	22
1	378
4	0
1408	0
130	2058
0	2128
22	1549
0	3294
145	3216
3	152
10	43
2	177
90	1587
683	358
1	358
756	170
41	170
0	0
1878	0
0	0
0	0
470	341
0	0
0	218
4	341
0	0
2	346
0	342
0	346
0	336
0	328
0	2
1	0
6	33
1	9
0	5
1	5
0	0
0	0
0	0
1663	594
2	7
3	553
0	498
0	0
3	0
0	0
1	475
12	0
704	585
0	0
0	0
0	9
0	116
14	139
0	0
1	46
7180	4
69	6
1	6
8	1649
2	1576
0	1726
10	1100
37	2781
4	0
0	0
0	0
0	0
1	0
0	0
0	0
1	0
0	0
0	0
6	0
0	0
0	0
0	0
0	0
0	0
0	0
376	2845
5	2799
53	249
0	375
19	1005
0	0
55	431
3	308
0	101
0	101
431	2
43	0
0	0
0	0
2	398
0	433
1	321
0	27
40	144
52	56
0	0
0	0
0	0
0	0
0	0
0	0
0	0
0	0
0	0
0	1
0	1
0	0
0	0
0	160
10	160
13	16
0	0
0	424
0	427
0	485
0	494
4	403
0	388
0	103
1	24
0	60
0	11
0	2
17	10
0	1
0	18
87	84
2	1
0	56
1	71
1	9
11	0
0	0
2	0
0	0
4	68
0	0
0	0
0	0
0	0
0	0
0	3
0	3
1	0
0	0
0	0
8	0
0	1
3196	483
33	479
0	0
0	0
1	1
15	37
406	25
0	31
1	119
0	119
0	42
0	53
0	40
0	35
1	24
0	0
0	0
0	0
0	0
10	2
0	0
6	2
0	0
11315	493
7	491
0	0
0	6
0	0
1	6
0	4
0	0
0	0
0	0
0	0
113	0
0	0
0	0
1	362
0	958
3	896
0	872
0	872
8	822
10	115
2	41
144	1571
1	852
2	1374
15	230
0	0
361	802
1	790
2	161
4	173
0	24
0	119
0	48
0	12
0	0
1847	403
1	162
5	32
2	209
0	170
0	0
0	0
0	174
1	109
8	0
10	94
0	94
1	26
0	7
0	24
5	36
1296	6
715	180
2	180
0	2604
813	2608
0	18
138	28
0	18
2	23
1	21
293	935
0	318
1	422
2	496
0	711
0	307
0	311
0	0
2	98
0	8
841	762
32	69
0	20
0	227
8	113
4	309
1	444
5	32
2	130
1135	130
17	129
0	129
0	0
0	0
760	136
11	134
0	148
311	0
0	389
0	1741
9	39
55	1320
172	1741
0	55
16	426
29	104
1	366
4	1
0	80
0	18
2	19
1478	282
23	94
7	105
3	58
0	80
3	66
7	59
86	0
148	104
0	635
0	635
5	21
0	83
0	38
0	2
66	556
1	18
5	505
5	121
1	42
4	117
0	1
19	12
9	95
1	184
528	951
59	951
81	6955
6	5627
131	6953
9	866
11	629
23	0
0	0
7	579
7	975
0	932
0	104
0	102
16	61
740	105
0	105
54	0
913	1284
2	1284
7	15
0	2
1	57
0	57
1	3
6	7749
13	7307
3	788
1	384
0	1755
69	1819
7063	1825
60	91
28	91
193	1482
1	20
96	1484
1	127
0	0
1	467
15	432
0	466
1	118
0	33
3	984
0	1
1454	43
4	7
4	11
15	23
0	0
67	0
0	26
0	28
0	14
1	27
0	26
4	23
0	1078
0	1093
0	1106
2	991
8	870
24	892
1	224
0	56
0	100
0	0
0	737
0	77
0	43
24	737
0	37
1	75
3	429
2	36
0	0
0	5534
0	5428
0	5774
0	5466
13	1184
0	1712
0	3506
2	294
40	125
1	151
4	109
0	447
0	124
1	844
17	125
203	417
0	401
1	19
6	43
0	0
0	32
1	0
35	132
1	212
3	43
0	158
0	115
0	25
0	45
0	11
0	52
26	63
0	63
0	86
4	3
0	15
0	11
41	0
2841	472
0	153
0	139
0	295
0	3
1	3
0	1
0	0
0	0
3	0
26	347
153	347
0	1391
18	1396
0	1236
0	9
43	49
26	545
5	73
0	121
0	102
0	60
0	3018
1	3098
15	2641
7	2258
2	1504
1	456
295	554
2	225
3	29
0	43
7	153
3	499
0	47
5	94
34	461
2	43
0	453
3	332
1	134
1	24
0	86
0	48
0	48
0	19
0	22
0	19
0	6
0	18
0	19
0	17
0	16
0	0
0	11
0	6
0	6
0	6
0	2
2982	6913
10	6726
7	74
3	158
1	622
21	3697
0	375
2	448
49	362
4	241
1	377
1	2155
11	2021
0	1988
1	538
33	46
2	191
6	484
8	43
5	189
1	330
6	335
0	322
4	330
0	80
0	126
2	5
3	311
6	814
0	803
0	722
14	722
0	0
12	3
0	206
7	111
6	58
5	0
5	493
16	471
6	1385
0	25
17	29
3	43
5	0
0	47
0	15
0	2584
0	2596
0	2553
0	827
0	369
6	91
0	0
4	0
1751	874
1	149
0	0
2	99
0	170
2	55
5	380
26	113
0	639
0	522
4	541
0	0
0	42
0	59
1	22
1	111
0	0
1	1045
19	660
6	889
0	450
0	613
10	66
6	9
0	75
0	9
0	3
0	4
0	0
0	6
0	1
0	1
94	32
0	0
0	30
0	3
0	3
0	327
0	0
97	327
0	114
1	351
1	262
0	85
0	78
0	352
1	132
2	42
0	338
0	202
532	720
0	650
0	939
7	75
50	604
4	365
27	2002
0	1406
0	1406
0	2003
0	1391
0	233
7	942
0	336
160	442
3	222
22	51
56	584
29	166
10	218
0	646
1	2055
4	2157
4	1158
2	150
2	128
3	145
0	97
12	231
0	127
3	40
4	876
8	17
1	26
1	76
0	170
2	51
70	89
3	37
13	873
0	0
0	0
0	888
1	25
0	2270
0	2189
3	2284
0	2188
4	2236
0	196
1	31
23	175
2	195
62	164
4	1417
7	521
13	927
2	125
69	381
8	620
1	478
0	74
37	6400
1870	27016
10	3409
69	11657
61	27560
2	3060
58	6469
1	5195
21	2837
5	5668
15	7
0	3
0	0
0	0
3	4
11	26
3	26
0	5
1	0
0	1
3	7
11374	7646
0	630
0	4581
7	2497
0	180
0	180
0	137
4	13
1855	4630
78	4605
1	3172
16	2906
4	1132
0	1123
0	0
0	3
0	3
0	3
0	2
3	0
88	1122
13	705
0	1115
28	496
0	361
593	2343
1	15
0	11
1169	2347
2	479
12	230
0	193
210	461
1	397
0	64
0	73
0	74
0	8
1	45
0	44
0	36
0	46
0	6
0	12
3	17
0	11
0	0
8	0
0	0
0	0
0	804
0	832
3	63
1	157
0	717
0	691
0	231
0	0
0	191
2	0
18	1779
7	1413
20	440
3	1429
60	450
0	555
0	682
0	1420
1	309
1630	1299
0	0
14	24
1973	1064
0	846
0	534
0	0
11430	6
0	0
0	0
2	0
0	0
0	0
0	0
3	50
2791	177
0	10100
661	10100
65	611
2336	2
1	4
0	5
0	2
0	4
0	1
0	0
0	1
9	86
3	480
0	531
1	373
0	333
0	461
0	515
0	282
5	336
3	72
19	12
0	0
0	60
2	0
0	0
0	60
1	56
0	4
9	0
0	11
0	1
307	10
0	10
3	0
89	278
73	278
0	922
368	4513
0	1632
101	4620
0	1
2216	2380
8	2380
1	9
0	7
0	9
0	5
0	7
16	5
5	0
46	1016
0	89
2	958
4	8
0	113
1	360
461	9781
28	100
1	126
15	0
36	5281
24	9780
0	1953
0	6062
0	2581
0	0
0	1
0	1342
0	0
1	0
0	0
74	501
2	997
0	1458
1	1427
0	1459
1	1451
1	1006
0	760
0	0
5	1
0	0
0	1
71	433
0	512
4	494
3	888
0	918
1	900
0	465
0	294
39	278
0	0
0	0
0	1
0	1
0	1
0	0
0	0
0	0
0	0
0	0
7	947
88	947
1	0
0	0
0	0
76	5563
2	5581
0	665
7	0
663	0
0	42
1	45
0	23
1379	0
1	3
3828	906
43	902
10	36
631	2949
0	2488
187	2855
0	381
1	1
2	2
20	1302
0	132
10	287
1	1447
38	414
1	169
0	363
7	853
0	0
0	0
0	0
1	0
5	142
25	376
5	339
0	0
10	191
0	191
0	0
0	0
13	37
0	37
0	25
0	25
0	12
42	80
0	3
0	80
6	17
158	99
2	15
21	78
1	12
0	9
12	799
0	731
3	731
0	0
7	303
1	369
104	272
2	80
0	13
2	1
5	0
5	2644
0	3356
0	3230
1	519
0	8
0	0
0	0
0	0
0	0
97	4519
14	4438
48	660
2	549
1	289
6	212
0	218
17	366
0	132
0	1357
9	59
0	0
9832	1769
346	1443
2	0
223	708
36	105
9	26
17	177
358	409
7	43
1	195
0	366
0	0
0	62
6	226
305	282
2	191
0	221
1	249
182	1205
17	498
0	1112
1	97
6	17
1	0
215	196
2	255
0	228
0	0
58	0
31	2590
4178	3530
1	481
2	288
5	247
420	871
0	692
1	256
0	259
0	102
3409	634
0	173
1	480
2	0
0	0
0	385
348	4005
13	3765
34	300
14	524
50	431
1	367
0	153
89	4
7	4
0	0
0	0
0	0
0	0
1	11
0	11
10	0
2	274
8	239
0	87
4	27
0	75
2	29
0	40
0	40
4	40
0	9
0	8
0	0
0	0
8	131
0	130
0	3
0	6
0	0
16	196
3	196
0	196
0	84
292	1077
1	388
15	1015
0	185
0	151
11	316
2	0
1572	133
0	133
0	0
0	0
0	0
972	0
6	298
0	52
20	297
0	20
293	0
30	1089
29	1089
4	37
0	69
1	116
12	168
0	0
0	1
0	0
0	1
0	0
43	109
63	74
0	515
365	955
0	102
4	915
8	13
4	0
0	25
0	19
0	11
0	23
0	18
0	14
0	7
0	8
0	0
1	10
0	10
1	11
0	2
0	0
2	1
9	16
0	8
1	7
0	15
0	10
0	4
0	10
0	5
2	11
13	4
0	15
0	12
3	31
0	20
0	20
0	22
0	9
0	4
0	3
2	1
0	1
2	12
0	13
0	2
0	0
0	4
0	3
0	2
0	4
1	23
0	9
2	14
3	9
0	9
1	9
0	8
1	0
0	0
0	0
0	0
0	0
0	0
0	0
10	0
0	0
2400	4687
8	92
32	289
3	301
10	290
16	39
15	3846
78	226
3	296
138	521
41	244
333	360
0	0
2	360
0	0
1995	1561
21	1446
3	1483
151	26
20	12
0	115
0	115
0	0
144	0
0	0
0	0
43	97
0	97
264	42
1	37
2	5
3	0
3	0
465	70
13	15
1	55
658	903
1	806
11	27
15	31
5	78
127	214
1	134
7	103
0	0
4	190
0	1
0	0
0	1
3	0
17	0
89	0
1	3322
6	820
9	630
132	862
0	29
4	3148
1	0
4	573
31	150
0	0
0	0
0	0
0	0
0	0
962	2
17	0
160	0
0	0
0	0
876	100
3	89
36	11
0	3
1	3
1	0
2	6
0	0
1	0
0	0
2	0
0	8
0	81
0	1117
0	1166
1	57
0	1159
0	915
0	1167
0	1112
0	43
0	134
0	171
3	0
62	6
0	3
0	3
1	5
322	495
664	499
1	0
7267	0
0	0
0	0
0	0
0	2
0	0
0	0
0	0
1016	3317
9	2851
2	569
1	564
0	0
0	0
94	4176
29	2550
2	2211
3	1468
0	689
1	11
1	0
5	200
0	1257
0	0
13	367
4	811
0	269
7	232
4	1910
0	2009
0	1746
0	0
2	1332
0	643
0	381
0	4
0	1420
0	0
836	3808
14	630
7	3274
95	351
5	37
1	19
0	20
2	19
0	20
0	19
0	19
0	10
40	18
0	18
1	0
0	0
0	0
0	0
0	0
0	0
1	189
0	279
0	251
0	267
4	180
8	234
0	153
13	165
1	406
312	1078
1	344
3	191
30	167
2	94
0	283
6	113
68	2211
7	799
0	2008
32	0
0	0
0	17
27	7
5	4
6	12
0	437
6	15
0	0
0	0
2	20
26	717
203	717
0	0
1	0
222	146
0	567
116	643
0	612
0	1966
2	1758
12	1953
365	1210
0	402
3	94
2	69
23	705
0	90
971	708
9	475
0	284
0	45
2	344
9	213
22	377
28	157
0	39
4	57
0	0
604	839
2	786
0	33
0	92
1	49
0	34
0	82
0	128
4	456
6	0
0	137
20	291
8	2
5	62
11	170
0	38
1	59
0	18
125	7
209	10
8	6
5	12
1659	1544
0	1567
5	45
4	49
14	4
40	86
2	113
0	113
26	98
0	23
0	12
0	12
0	0
0	1
0	1
1	40
0	130
12	122
0	81
0	110
1	111
1	90
0	11
0	10
0	13
1	14
26	6
1	0
44	184
3	184
0	42
46	71
1	10
0	61
0	0
3	332
15	285
0	403
0	112
5	170
0	136
0	17
2	0
1	344
155	344
2	86
8016	10
17	1424
36	1398
4	62
0	37
0	101
1	48
1	233
0	6
0	32
10	156
1	33
2	176
4	326
6	407
0	99
3	1132
8	1207
52	1192
0	227
1	529
0	2238
11	669
16	1739
11	243
0	979
13	61
8	127
0	0
0	685
0	667
0	667
0	77
0	176
10	18
121	2
0	0
0	0
0	0
0	735
31	2996
6	791
14	1729
0	1195
1	1468
19	2813
5	2565
2	2444
30	2761
1	1936
40	2032
18	2130
10	79
0	113
0	149
24	643
2	0
0	0
0	0
0	1
0	1
0	2
0	2
0	2
0	2
0	0
1	0
0	0
2933	21
3	21
0	85
0	114
1	69
0	99
0	70
0	66
64	783
0	782
30	63
9	82
1	0
2862	625
1	121
3	147
24	357
12	2
0	123
1	43
0	1
0	0
55	486
6	497
18	519
1	495
0	31
4	30
12	1274
1911	2897
0	1189
14	426
0	100
10	0
24	227
0	3843
0	91
0	69
0	3721
0	163
0	0
0	0
0	0
0	0
0	0
0	0
0	0
0	0
0	0
0	0
0	0
0	0
0	0
226	2063
1	3264
0	3445
0	3722
15	3505
0	3423
0	3658
187	1844
0	262
0	471
0	327
0	134
0	44
0	0
0	0
0	0
0	0
0	0
0	0
4	283
0	81
5	283
56	0
14	66
0	0
1999	0
34	775
70	1212
0	1216
2	82
14	78
4	73
24	321
2	311
4	33
0	0
34	1310
3	131
4	964
0	908
0	456
61	0
149	8531
676	8531
10	64
11	162
3	0
0	0
0	0
0	0
0	0
0	0
1	0
0	0
1737	0
0	0
0	0
28	0
0	0
969	142
18	117
16	80
2	40
0	0
3	17
16	1055
16	1043
46	80
18	140
5	618
0	157
0	0
0	34
0	50
1	7
0	0
0	0
0	0
1	16
15	25
4	8
2	1013
1	0
0	0
3	112
0	1491
0	2062
5	48
0	1419
0	0
0	191
0	27
10	19
1	25
1	878
4	12
0	0
0	0
0	0
0	0
0	0
0	0
0	3
0	3
0	0
0	0
1	34
0	0
1	0
0	0
0	2
0	0
0	1
0	1
0	2
0	2
0	0
0	0
0	0
165	85
21	17
25	81
0	0
29	1109
0	1226
0	501
0	588
0	37
4	272
1	4
1	583
8	131
4	614
0	333
1158	281
6	275
0	0
0	0
0	0
0	0
30	2202
0	0
0	0
44	2202
0	0
0	0
0	0
0	0
0	0
0	0
0	0
0	0
0	0
0	0
24	376
0	376
20	359
1	341
0	367
0	0
94	65
1	46
0	0
1122	135
12	48
0	0
3	90
7	23
16	23
61	252
3	23
1	229
0	0
0	0
0	0
0	86
3	44
0	91
0	112
1	44
0	112
0	57
4	44
1	44
0	65
0	64
0	0
0	59
382	758
22	744
2	0
0	0
0	0
0	1
0	1
0	0
0	38
0	0
0	0
0	0
0	0
0	0
0	0
1	2766
0	2856
4	405
53	2219
233	96
0	0
0	0
56	1115
21	221
1	400
1	404
2	715
2	0
0	0
0	0
0	0
0	0
1	0
1	0
85	6
1	6
4	0
0	0
1	201
25	201
0	1
0	0
0	2
51940	2
5	3778
2422	12593
6	695
14	1427
34	118
346	1181
12	1990
330	4328
0	0
0	0
0	1
0	1
0	0
0	1
5	2251
0	4
0	1
1	5
0	4
0	3
0	1
0	0
0	0
0	0
0	0
29	5359
87	5381
1	357
14	230
9	120
26	15
126	934
7	0
36	0
827	0
1	22
5	349
18	349
4	349
1	462
39	462
5	75
3	0
0	0
3	0
129	1273
3	26
0	175
6	1145
0	47
4	3
0	73
3	13
0	48
3	474
0	11
4	93
30	0
0	0
0	6
0	6
0	40
0	40
1	6
0	0
915	296
45	58
16	105
0	120
1	162
4	22
1	128
420	52
2	52
56	824
36	3234
1	80
0	107
3	301
0	290
0	2790
64	68
167	0
141	238
0	217
0	0
3	0
2	130
0	31
4	0
0	0
0	0
33	729
0	39
0	725
0	386
0	0
0	0
0	0
0	1
0	0
0	20
74	5
55	1
11	4
0	0
13	1
55	4810
0	4816
0	4816
27	64
0	44
8	62
0	356
0	0
1	0
0	161
94	1326
16	1180
2	156
0	88
2	281
189	4
15	28
47	277
1178	225
1	65
3	160
0	2
0	3
0	0
0	2
0	0
0	3
0	0
0	0
0	0
0	0
0	0
0	0
0	0
0	0
66	0
902	5008
11	4926
0	3549
30	94
0	3749
4	1437
0	0
5	58
87	458
1	364
83	1610
39	1282
3	131
0	0
1	3
0	0
423	155
6	95
1	60
4592	698
12	473
7	14
0	211
0	0
0	0
1	10
16	10
0	0
0	0
0	0
0	0
0	0
0	0
0	0
0	0
0	0
0	0
0	0
0	0
0	0
0	0
0	0
0	0
0	0
0	0
0	0
102	54
1	54
9	15
13	1052
2	1052
0	254
28	208
0	0
0	0
0	0
14	0
2259	2
0	0
1734	2
1	0
0	0
13	467
122	467
1072	217
1	97
3	120
2	203
8	203
16	14
0	1
0	1
0	1
0	0
0	0
0	0
0	0
0	0
0	0
0	0
0	0
0	0
0	0
0	0
2398	2075
11	2073
53	1109
0	0
0	0
0	0
0	0
0	0
0	0
0	2
0	1
0	0
0	0
0	0
0	0
0	2
0	0
3	0
2	1
0	6
0	1
5	122
0	122
1	7
1	6
1	15
0	3
1	784
2	768
19	780
0	164
2	31
0	0
0	1
0	1
119	36
0	63
0	0
0	0
0	0
1	17
0	10
140	70
0	7
34	8
13	16
0	0
5	21
103	159
0	132
0	0
0	0
8	263
0	0
16	0
1237	98
1	40
2	58
0	0
1738	507
0	163
0	102
0	196
5	139
12	0
0	0
0	0
0	0
884	341
58	264
2	341
0	12
5426	2738
1	898
8	454
8	631
1	755
0	1894
5	2843
0	2551
3	153
14	1093
6	207
0	272
0	0
0	34
173	110
2	110
3	41
0	0
199	105
0	10
1	21
2	0
4	7
1	24
1	11
2	26
0	14
0	28
0	0
215	235
1	6
0	0
0	0
0	0
0	0
0	0
0	0
0	0
0	0
3	0
0	0
0	0
0	0
0	0
0	0
0	0
0	0
0	0
0	0
0	0
0	0
0	0
5	3720
0	0
0	0
0	1544
16	650
26	137
33	1605
4	1261
9	238
2	60
1	815
21	475
13	501
11	0
18	2015
0	654
113	20
0	215
12	325
10	474
0	10
0	285
1	1882
1	346
3504	2
0	113
0	115
0	115
1	87
0	4
1	2
0	2
0	0
0	3
1	0
0	0
0	0
0	0
0	0
0	0
0	0
0	2
0	2
2	965
0	605
1	763
1	563
3	144
49	147
0	0
0	0
0	0
1	0
2	0
111	0
2	0
0	0
14	466
1	466
41	466
0	306
5	1129
0	1412
0	1274
0	1007
0	0
0	0
5	69
0	195
2784	197
14	0
24	30
4391	4548
86	2350
0	851
14	563
125	444
56	2581
3	47
12	2475
12	402
1	91
25	1197
8	2375
39	2118
1	497
8	202
79	140
0	247
1	455
18	12
0	8
0	6
0	0
3	17
3	0
0	0
6	79
0	79
103	0
0	1
0	0
0	1
0	0
0	0
0	0
0	0
0	0
0	0
0	0
0	0
0	0
0	0
0	0
0	0
0	0
0	0
0	0
0	0
3	5
8	5
2	0
0	0
2	0
39	68
0	11
6	57
0	0
1376	3185
266	369
59	644
62	3202
1	1528
320	0
27	6
1399	5850
171	5850
0	0
3	21
0	21
0	0
56	1934
0	2091
1	605
28	870
0	720
35	746
3	443
16	284
7	164
25	2373
26	2375
21	2280
4	2274
1	13
0	0
0	361
2	67
3	0
18	0
0	1
0	1
0	0
0	0
0	0
0	0
0	0
0	0
0	0
0	0
0	0
0	0
1	0
1	0
8	646
2	595
0	172
0	19
2	58
0	22
30	46
6	6
2	0
0	37
0	38
1	11
0	5
0	33
0	280
0	280
0	280
0	0
9	3164
0	5253
4	1106
64	1418
25	237
2	538
1	592
15	6
17	2560
4	2296
92	0
62	1821
16	1821
986	1557
0	382
0	244
1	410
62	144
0	575
4	832
0	1333
2623	0
146	34
0	32
6	11
5	3605
19	3642
0	30
10	56
9	174
3	956
17	956
0	0
8	40
0	0
3	0
0	0
1	0
184	908
44	682
9	819
3	0
0	271
0	283
0	265
0	277
0	280
0	265
0	262
0	268
0	274
0	237
1	19
6	1
0	4
5532	663
0	655
4	277
6	2
0	0
0	0
29	4
0	2
0	0
0	0
0	0
0	0
0	0
0	0
0	0
0	0
0	0
0	1
0	1
0	1
0	1
0	0
0	0
0	0
0	0
0	0
0	0
0	0
0	2
0	0
0	0
0	0
0	0
0	0
0	0
0	0
1	23
0	20
0	14
54	0
0	0
0	0
0	0
4	0
0	0
3	318
0	318
0	232
4	56
12	71
5	40
0	11
0	207
15	207
4	22
0	1354
32	258
41	1348
3	94
6	43
0	1120
3	46
1	27
3	31
0	2
0	2
0	0
0	1
0	1
0	1
0	1
0	1
0	0
0	1
0	0
15	214
7	214
517	25
23	25
6	4
0	4
8	199
0	185
0	194
21	0
1	6959
2399	6959
9	3240
1	273
0	0
0	0
0	0
0	0
3	4542
4	2373
0	4089
2	960
0	4470
0	4919
0	2660
61	209
10	103
0	32
0	319
210	7852
6	7461
5	1857
46	1003
20	1336
0	0
0	6
0	0
0	6
19	0
0	6
4383	4163
0	457
4	454
0	0
0	0
0	0
0	0
0	0
0	0
0	0
0	0
0	0
59	33
10	547
2	5429
139	568
0	1958
0	5360
0	2765
1	0
2	1668
295	1695
25	1095
5	951
99	795
0	723
7	788
83	273
145	879
0	879
1	0
43	108
0	0
0	112
3909	390
27	301
18	151
97	74
0	1704
1	1704
39	213
45	264
5	1087
1	126
23	537
10	17
43	0
2	0
32	44
0	12
2	13
0	20
0	11
732	2114
106	293
2	1975
61	397
3	1857
1	1413
0	0
0	0
0	0
4	26
2	557
128	3600
12	3232
10	909
118	734
0	0
3	0
0	953
2	1003
8	667
17	758
4	320
0	1
0	1
1	0
0	0
2	0
0	0
0	0
0	0
48	3231
11	2991
5	466
17	78
105	1158
0	54
23	428
0	0
11	999
10	2
6	0
1561	365
20	185
1	119
2	253
0	0
108	480
1	114
4	81
13	480
12	0
0	0
364	0
1579	3840
0	919
0	1308
9	979
0	1186
1	363
194	1231
16	0
141	195
0	193
6	1248
0	930
0	1034
0	1201
0	1340
1	645
0	228
0	397
0	400
0	303
4	455
0	278
0	357
2	320
0	2
0	84
0	223
49	118
0	152
0	0
31	0
18	560
13	1294
1	1271
0	1276
0	287
2	147
1	0
30	859
6	15
0	47
0	75
0	18
0	14
14	13
0	3
0	4
0	4
0	0
0	3
31	3012
0	2565
1	899
0	1063
0	1313
0	621
0	146
1	774
12	403
3	388
748	723
20	310
0	729
0	55
6	69
0	8
0	0
0	28
15	25
2	16
0	26
0	2
0	3
0	11
0	5
2	263
0	3324
3	2307
1	3472
0	2455
6	2415
0	152
3	1031
0	245
7	286
0	877
1	441
11	47
0	708
0	520
0	216
0	423
0	337
0	264
3	177
0	227
0	134
0	325
0	245
1	97
0	117
170	0
0	2498
2	2461
0	558
0	216
0	215
1198	542
0	178
35	234
18	199
232	533
28	533
0	375
5	533
2	7417
2	6740
0	6991
0	7301
18	5514
9	5323
0	1904
75	2374
30	876
26	487
116	230
0	1183
0	91
30	921
65	415
5	634
0	465
43	244
1	104
1	520
0	621
52	528
15	577
293	741
14	642
0	55
52	1186
1	1143
2	6
23	49
7	2
0	121
0	53
3	14
0	21
0	119
651	0
8	28
2	7
5	31
2	3
0	24
0	4
0	0
0	0
0	8
8	1
0	0
0	0
0	0
12809	3428
0	414
0	2
0	0
0	1550
48	1470
30	232
45	1473
1	1508
11	1575
2	0
0	0
18	1502
14	118
5	164
3	1135
84	1131
0	62
0	175
0	71
8	0
1	0
0	876
0	981
0	0
0	0
0	748
0	651
5	3
2	3
0	232
0	370
0	754
166	609
1	355
0	188
3	553
3	449
21	959
0	123
4926	4598
0	3310
22	1195
3	1003
1	5
14	3
1	2
1	1
3	329
3	308
2	10
5	29
6	0
4	0
0	26
8	67
2	71
72	2
0	51
11	51
0	0
1077	1173
5	996
53	297
1	14
0	562
2	14
0	6
0	0
0	0
9	1263
70	1263
0	163
1	7
39	417
0	246
1	188
0	55
27	32
0	0
0	0
48	0
1	316
3	335
0	69
3	2
0	31
12	31
829	95
0	22
2	73
5	32
0	32
242	1218
102	1010
38	1235
0	1243
2	339
24	1156
4	27
2	25
19	291
0	173
656	862
1	862
1	1
44	642
3	33
0	3
0	0
0	2
0	0
0	1
9	355
127	11980
4	9625
0	11603
4	1537
1	883
0	9271
0	0
0	803
8	710
0	224
0	1
0	1
0	1
431	0
0	5643
2	8
0	5715
0	5481
0	2
0	277
0	5381
0	2706
0	819
0	0
6	0
56	1510
0	1510
0	34
7	5
0	12
0	8
2	12
0	12
0	2
0	0
0	0
0	0
1	12
0	2
0	0
21	0
0	0
27	0
0	0
0	0
684	337
0	62
0	51
2	278
5	118
48	0
20	1092
0	1092
0	122
2	129
3	1345
12	209
2	1228
3	1271
0	1319
2	202
0	132
0	80
0	0
5733	1598
5	0
0	805
24	1399
0	292
0	153
0	153
0	0
33	153
0	0
0	0
0	0
0	0
2	26
6	59
68	66
6	43
0	19
145	80
11	162
2	116
1	380
6	131
221	381
0	12
0	1
0	0
7	59
0	59
0	59
0	19
0	120
0	120
0	12
1	18
2	44
2	6
0	10
0	12
0	0
0	0
0	0
0	0
3	6260
28	6153
74	273
126	1182
0	1182
0	5153
8	0
2	4983
2	284
0	0
6	27
0	0
1	4
0	4
0	0
103	37
0	37
0	0
0	0
0	0
0	0
0	0
0	0
13	125
36	352
1	347
2	383
4	47
0	0
0	45
0	247
0	245
3	245
0	219
0	0
165	456
22	456
0	672
0	732
4	682
45	340
0	101
0	142
0	1
0	90
1	37
0	0
0	0
0	0
0	0
0	0
0	0
0	0
0	0
4	0
2	0
0	0
1	0
790	0
0	0
0	0
11	0
0	0
4492	782
237	206
30	149
125	68
11	105
15	253
2	1690
0	1541
0	54
394	1758
1	1692
0	0
5	5
8	975
30	553
27	111
11	61
0	144
26	25
35	142
10	939
0	960
0	475
0	52
0	51
4	0
0	0
3	1071
0	1004
0	1098
1	961
3	91
0	1
0	1
0	0
2681	2314
2	219
0	259
65	165
29	1906
12	60
0	0
20	1539
4	182
18	85
11	322
91	582
24	0
0	0
0	0
0	1
0	3
0	0
2	367
0	0
0	692
0	689
0	457
4	373
0	12
2	6
1	0
5	0
0	0
0	0
0	0
0	0
0	0
73	38
0	0
385	4198
2300	4107
23	3642
1	209
0	2
0	2
0	0
0	0
0	0
0	0
0	0
0	0
66	501
21	503
0	39
501	287
13	281
0	44
1	135
451	247
1	90
0	0
3	47
1	70
3	61
1	0
0	0
0	0
0	0
5	22
0	1
0	22
0	21
0	2
65	1599
3	1599
115	1103
0	1103
0	500
1	379
0	242
0	68
24	0
0	0
1	7
0	4
0	7
0	2
788	0
1	0
0	0
1450	0
0	1
0	1
0	0
413	380
0	0
0	1318
5	15751
0	15751
1	1312
5	1734
2	709
1	0
21	167
5	1643
1	128
16	64
14701	1379
26	1361
0	5
0	5
32	54
4	502
2	557
5	202
1	7
3	292
0	56
0	44
0	0
21	527
186	10
0	10
3	11
25	11
0	0
0	0
126	0
7660	854
17	826
6	6
0	0
0	1
1	5
0	0
27	868
40	1172
77	1172
0	83
357	2832
1	274
14	254
0	2281
2	0
0	0
34	0
1	0
0	0
0	1
10	0
0	1
0	0
1	4
0	4
0	4
0	0
0	0
2	0
1	0
0	0
0	0
0	0
1	0
0	0
991	966
0	951
0	0
0	15
0	58
0	54
0	78
0	77
7	50
1	0
0	0
0	0
10394	3041
0	2993
1	0
0	1069
0	5
0	0
0	928
0	1069
2	225
2	156
63	1006
0	0
1	738
0	607
0	827
0	179
77	771
17	739
1	2585
0	1533
17	1140
0	2324
7	503
0	0
3	168
421	727
4	401
1	559
0	165
0	0
0	0
0	0
0	0
0	0
0	0
0	0
0	0
0	0
0	0
1	0
0	0
0	0
0	0
0	0
0	0
0	0
5	0
0	0
0	0
0	0
0	1
0	1
11	0
458	275
1	73
0	270
11	92
1	1
0	1
0	1
6	0
739	747
2	747
0	0
0	0
3	170
13	227
13	255
27	57
0	37
25	194
2	167
9	489
63	300
0	709
0	536
10	277
225	0
249	81
0	81
1	0
0	0
16	0
9	4147
1	21
56	4355
0	19
4	18
3	1301
1	269
0	819
12	382
1	998
1	217
1	1347
0	966
0	547
7	225
4	130
0	488
0	446
1	518
1	51
0	90
1	60
0	66
35	98
1600	129
2	46
16	71
60	1099
0	1099
0	62
41	14
0	14
0	27
412	244
1	44
0	173
0	0
0	0
0	10
0	18
0	18
0	1
0	0
0	0
0	0
0	8
7	1355
0	1036
9	1328
13	135
25	169
0	57
6	0
8	17
0	0
4	59
0	57
1	25
0	3
1	37
1	18
0	0
1	4
0	4
0	0
0	0
2	268
0	617
1	634
0	572
0	567
1	641
0	187
0	96
0	124
0	174
0	198
4	208
3	164
0	139
27	65
0	14
17	1075
3	516
1	1045
0	1101
0	754
0	727
0	224
0	117
3	68
0	105
0	73
0	9
0	0
0	0
0	0
0	0
521	0
53	0
3	20
0	20
0	1
0	0
0	0
0	3
415	220
12	181
254	6
0	6
1	191
0	0
6	209
1	57
1	0
0	32
0	28
0	16
0	2814
0	2841
0	2774
0	2818
0	2166
63	2083
2	1858
0	1810
8	1075
0	1112
0	532
2	248
0	196
9	34
0	25
0	24
3	13
19	0
1	1
18	23
0	22
3	21
0	0
0	0
0	0
0	0
0	0
1	0
20	2483
289	2500
2	172
8	117
4	164
41	2309
4	2310
21	2290
0	60
6	32
2	353
0	65
0	0
0	0
0	0
0	0
0	0
0	0
3	23
0	2
0	2
0	2
0	2
0	2
0	2
0	2
0	1
3	0
0	0
97	889
0	850
0	436
1	58
0	17
0	23
3	19
0	7
0	0
0	0
0	0
10	9
112	177
6	129
3884	395
8	395
0	611
332	3397
0	2957
0	2491
0	1768
3	414
1	254
0	440
15	1336
1	491
3	1
7	65
9	0
104	1849
68	1483
5	1657
0	1854
0	1697
0	362
2	728
19	70
3	267
11	192
0	34
1	1
1232	803
1	477
52	646
0	19
8	53
8	89
126	3529
1	2120
6	1370
8	1325
7	1110
185	725
0	0
45	596
123	73
7	522
34	239
97	88
0	0
0	0
0	1
0	3
0	0
134	251
0	55
0	19
0	196
0	4
0	6
0	6
0	195
0	0
49	195
0	6
0	0
2055	290
0	189
0	101
0	101
8	1225
1	448
0	1139
59	54
100	159
0	1180
20	63
0	157
1	1056
0	55
17	89
0	143
0	921
696	407
0	407
8	137
1	45
4	33
0	4
8	2819
24	2819
8	2504
1	0
56	0
12	0
0	0
85	3060
8	2403
0	3259
14	1417
7	1007
6	576
0	270
18	171
282	936
4	892
5	361
0	0
9	25
1	0
685	0
0	0
9	0
3	1
1	1
12	0
3	0
0	0
1	360
10	2048
0	148
8	1970
10	15
0	58
5	14
0	51
1	54
1	3
1	7
2	0
0	0
1583	0
0	0
0	0
4	0
0	0
4	4968
15	4959
5	5711
0	66
31	12
69	820
3	150
4	624
152	202
2	123
7	399
3	291
4	364
0	264
0	297
380	0
0	0
10	10
0	10
0	0
0	0
0	0
0	0
4	801
0	833
0	707
0	143
0	143
0	168
1	162
35	161
17	108
311	10031
0	10105
0	10109
27	10032
4	9420
0	0
4	281
25	4017
0	894
2	844
1	613
2	370
0	13
5	18
0	18
0	0
0	2
0	1
0	1
2	0
0	0
79	328
6	0
663	321
7	328
27	93
0	0
0	0
0	0
0	0
0	0
1	0
1	0
0	0
0	0
0	0
0	0
38	0
111	784
364	781
3	417
1	460
1	157
0	0
0	0
0	2778
16	2773
0	155
0	13
1	0
3	84
0	1306
0	2608
0	2382
0	2399
0	258
0	360
0	146
0	0
5	42
20	723
2	0
1	0
0	0
0	317
5	0
43	362
1	180
0	317
5	134
0	138
19	26
0	0
0	0
0	0
12	0
0	0
0	0
0	0
0	0
0	0
0	0
0	0
0	0
0	0
0	0
0	0
5	0
0	0
0	0
0	0
1	0
0	0
0	0
1514	0
42	998
0	1005
0	1005
2	142
7	57
35	156
1081	156
2	23
16	33
3	33
0	33
2	0
93	2309
2	916
0	1
0	1
5	1553
7	0
16	32
0	1
0	1
0	1
0	2
0	2
0	0
0	0
1293	266
1	238
32	8
0	9
0	9
0	9
0	2
701	710
4	470
12	172
16	101
0	175
0	362
2	123
0	362
13	325
0	42
0	66
0	0
0	111
3	255
0	0
0	4
0	4
1	0
0	0
0	0
0	0
123	2130
19	203
0	281
2	2128
24	552
52	550
117	326
4646	929
9	917
18	478
7	0
0	0
0	0
0	0
0	0
0	0
0	0
41	153
180	322
8	63
153	298
0	193
39	204
0	43
0	69
4	0
2	0
5	5
2	1
3	3249
195	3349
4	449
0	0
0	0
2629	494
8	0
0	494
0	0
0	0
1	0
1	0
0	51
2	0
1	182
2	2050
0	2038
2	202
280	1221
6	391
56	1205
0	208
0	0
0	0
0	0
0	0
0	0
12	15
1	15
0	8
0	123
1	18148
4	2
0	6996
0	115
0	0
0	0
0	0
0	0
0	14153
1	14153
0	14153
0	17386
0	17386
0	17496
24	3895
0	14179
0	55
19	52
0	134
27	20288
0	4186
224	18760
1	15909
0	19449
172	18543
2	1404
56	0
11	2583
1	13250
0	13250
29	2917
138	1262
1	1262
1	206
0	84
15	21
8	271
3790	0
0	0
3	0
1430	1962
41	1899
0	73
1843	1464
2	1256
1	1054
7	208
8	16
0	0
0	0
49	0
80	80
0	12
1	77
3	55
0	0
0	0
0	0
0	0
0	0
0	0
0	1
0	0
0	0
1	11
0	2
2	6
17	128
0	1
13	128
22	216
106	483
9	22
0	16
0	0
1	14
39	42
0	44
0	481
0	505
1	517
0	203
485	34
0	3
0	114
0	993
0	32
0	0
1214	781
0	683
39	374
0	125
0	441
0	0
0	684
3	788
0	597
19	250
0	432
0	255
0	44
0	40
0	62
0	685
0	684
0	0
0	31
0	432
0	44
0	62
0	685
0	684
0	0
2	998
0	37
0	115
0	2
45	267
0	48
0	32
1	481
0	0
238	732
0	125
27	737
0	138
0	685
0	32
0	56
0	1
0	334
0	5
0	5
0	0
1	732
0	393
0	7
0	132
0	14
0	121
0	0
29	68
0	274
0	32
0	0
0	684
0	692
0	225
2	83
10	205
0	66
0	125
0	226
8	189
0	431
0	0
4	27
0	774
0	661
0	304
0	432
67	277
3	60
6	666
61	473
0	600
0	0
0	2
64	148
206	420
0	15
0	0
0	0
0	120
65	61
0	730
1	389
0	132
62	7
0	0
5	29
8	69
0	333
0	5
0	1
78	198
0	3
0	3
0	3
0	0
0	2
0	0
3	1
0	204
0	0
1	40
129	283
30	339
0	45
0	7
25	2
16	70
5	33
22	15
0	1
0	113
53	43
163	84
10	24
32	52
25	27
0	15
1	0
0	0
0	3
9	49
0	78
0	78
0	607
2	643
9	51
5	1
2	97
36	286
11	0
0	32
0	3
0	2
0	83
0	649
5	678
33	32
0	0
83	97
311	132
28	71
4	57
9	122
10	135
1	9
0	10
1	9
0	10
0	10
0	1
0	8
6	7
0	6
0	2
0	0
124	2
181	2
2	2
0	4
0	4
0	0
0	0
4	5
0	0
0	0
0	0
26	11
0	6
0	1
0	0
0	0
0	5
0	0
18	1080
29	1080
0	2
0	193
0	37
99	37
0	0
95	965
49	924
74	236
31	3411
23	3388
52	4044
2	74
17	314
26	1170
3	332
364	0
0	314
9	72
1	324
6	270
4	69
0	270
32	106
0	0
0	0
0	0
0	0
0	0
0	0
0	0
0	0
1	0
1276	1863
0	5
5	1862
47	75
71	1988
7	271
0	479
2	1251
0	1189
8	1109
63	531
2	496
0	517
9884	817
3	166
0	246
0	0
3429	3226
26	3226
11	26
13	173
0	0
128	1103
123	1129
0	129
3	56
0	89
137	0
877	0
13	0
12	0
0	0
0	0
2	214
3	205
1	206
11	3
6	74
3	7
0	7
20	290
0	684
10	746
8	706
8	577
1	738
1210	427
1	427
0	459
0	459
0	76
3	121
0	88
0	78
2	0
0	0
0	0
2160	2874
0	2905
20	1125
0	2890
5	2369
0	2428
19	1266
0	0
100	1680
0	56
7	1680
533	294
53	105
12	168
3	45
0	95
0	0
0	0
1	0
0	0
1	2
0	0
0	2
0	0
0	0
827	1384
0	1370
6	246
0	0
0	0
0	1
3	11
0	11
0	8
0	1
0	2
0	2
1	0
2	1334
28	1632
16	947
147	1460
13	1369
0	1322
0	260
19	1303
0	796
0	594
23	58
47	84
1	73
0	119
188	145
0	145
0	41
8	54
4	54
0	1
0	7
0	1
0	0
1	2
0	1
0	0
1	45
0	14
0	45
0	13
0	13
0	13
0	11
0	22
0	10
0	13
0	11
0	1
0	0
2	6
0	13
0	7
0	8
0	6
0	6
0	5
0	2
137	0
0	0
34	1136
3	1093
42	1025
19	972
4	954
8	712
675	0
11	0
0	33
0	3
0	3
1	3354
0	2966
4	3208
40	1894
4	887
635	587
2	412
14	59
0	198
0	208
13	109
8	12
69	0
11	891
7	324
4	848
0	919
0	869
0	834
1	882
0	111
0	664
0	52
1	30
3	3
2	118
8	4
46	114
0	27
0	83
1	107
0	47
1	49
1	56
0	0
10	638
2	634
0	722
32	476
0	448
41	319
40	257
3	114
2	106
7	68
0	93
0	29
5	874
1	939
5	1384
67	1454
20	85
9	242
0	70
0	496
17	19
0	56
0	223
0	172
1	83
187	15
0	15
66	60
0	57
16	44
11	32
0	1
0	0
0	0
0	386
0	635
9	2109
0	2227
3	701
0	1953
3	1446
29	373
0	1094
0	244
4	304
0	0
25	249
1515	5563
167	5360
48	5340
7	565
0	1240
10	774
1	359
20	1141
9	232
6	1069
3	278
0	336
4	130
11	159
37	155
0	184
0	270
49	6
2	257
0	393
5	145
18	330
1	335
5	76
0	0
0	2
0	2
0	2
2	2
0	0
9	972
23	961
0	0
1	99
0	1
7	5
17	41
1	54
0	0
2	71
7	8
1	17
2	97
18	450
8	448
6	67
1	2636
218	2636
16	1529
2	0
0	0
118	0
21	65
10	82
0	77
0	75
0	30
0	62
0	35
0	18
2	68
0	94
2	301
0	262
0	262
11	237
0	115
3	138
0	114
5	25
0	24
0	7
0	0
0	0
0	17
0	17
1	15
1	3
0	15
0	15
0	11
1	3
0	14
0	4
0	4
0	2
0	0
0	81
1	5
0	84
0	7
0	81
0	0
1	22
0	68
0	64
0	11
0	3
0	2
49	1792
5	1711
4	356
1	202
3	249
0	354
0	319
3	173
2	337
1544	155
1	155
18	0
0	0
0	0
0	0
0	0
0	0
0	0
0	0
0	0
84	325
4	0
0	0
66	325
2	18
0	0
0	0
0	276
0	0
0	0
0	0
0	0
0	0
0	0
0	0
0	0
0	0
0	0
0	0
0	0
1	0
0	0
0	0
0	0
0	0
0	133
9	7
0	166
1	3
0	161
0	0
17	1353
103	1314
0	1201
50	1382
7	1455
0	1349
1	1397
0	1
0	0
0	0
0	5
0	1
0	0
0	0
0	0
0	0
0	0
0	0
0	0
0	0
0	0
0	3
311	69
0	0
0	69
0	0
0	0
296	224
1	206
4	18
23	233
0	193
0	121
0	161
2	57
61	0
0	0
0	0
0	0
0	0
1	91
0	0
0	1
131	59
4	51
0	2
0	8
0	0
0	0
108	66
1	53
0	29
0	23
0	0
0	0
0	0
0	0
0	0
517	0
0	3
8	2
324	14665
15	13733
1	13795
21	4517
2	4252
10	3167
0	2767
4	2359
4	1113
0	512
1	251
0	0
0	0
0	0
1083	0
0	0
0	8
7	7
10	1
5249	491
1	489
23	34
1	0
0	0
842	775
8	764
1	455
10	16
0	0
10	41
0	0
1	0
0	0
165	148
14	145
0	0
59	135
0	0
0	0
0	0
0	0
0	0
0	0
297	79
49	79
0	20
0	0
0	0
1	0
0	0
0	0
0	0
0	0
0	0
135	2720
17	2512
7	1164
20	292
20	126
0	123
991	15
1	610
62	373
0	262
2	278
0	214
8	33
18	41
30	0
4825	83
6	83
16	449
62	441
0	184
0	0
0	0
0	0
0	0
0	0
0	0
0	0
0	0
0	0
0	0
0	0
0	0
0	0
0	0
0	70
0	0
0	0
0	0
0	2
0	5
0	2
0	336
0	0
0	2
0	0
0	0
0	1
0	3
0	4
0	0
0	0
0	0
0	0
0	0
0	0
0	0
0	0
0	0
0	0
10	739
196	858
4	791
0	510
0	309
46	457
3	62
0	88
0	11
54	589
0	589
33	885
15	652
219	463
1	141
13	91
0	0
904	0
1	31
37	9752
718	9752
1	547
0	0
0	3
5	9
0	6
6	1389
5225	1392
34	853
2	0
0	0
0	0
0	0
0	17
1	18
6	20
1	6
0	26
1	32
1	32
0	0
0	0
0	26
1	40
0	49
3	58
0	51
1	41
0	6
1	0
0	0
0	0
8	27
0	27
0	0
0	0
0	0
258	6441
0	250
10	4642
67	6358
0	0
0	0
0	0
0	0
0	0
0	0
0	0
0	0
0	0
0	0
0	0
0	0
0	0
0	0
0	0
0	0
0	0
0	0
13	1419
15	0
0	0
92	0
0	3
9	0
0	0
0	0
0	0
0	0
0	0
2	0
0	0
1910	2
9	0
0	416
0	1753
0	1331
902	1784
0	1478
0	228
55	120
44	108
340	2774
14	2701
33	343
0	348
1	0
6	446
112	355
12	248
1	16
3	72
0	0
0	0
0	0
0	0
0	0
0	0
0	1
0	0
0	0
0	0
0	0
0	0
0	0
0	0
0	0
408	153
0	153
0	0
0	4
134	1158
0	1195
11	147
36	1203
0	1234
0	296
0	1168
25	731
0	186
1	193
0	115
5	22
1	73
0	161
6	67
0	5
3	690
3	658
4	334
1	601
0	108
5	277
1	346
4	280
0	201
35	183
0	17
0	1411
0	2077
3	1183
5	192
14	1358
5	813
2	868
0	868
0	675
6	91
242	24
0	0
0	24
4	0
0	0
0	0
28	11
2	3
0	3
0	0
0	0
0	0
0	0
0	0
0	0
0	0
9	336
0	0
0	0
0	0
0	0
1	0
1	23
0	23
0	4
0	0
0	0
104	0
268	5816
7	3710
5	42
0	406
0	69
4	113
1	5796
1	19
0	3000
3	209
1	3670
2	190
0	0
0	0
0	0
0	0
0	0
0	0
0	0
0	0
0	0
0	0
466	128
1	50
0	15
55	4690
12	78
0	0
0	0
0	0
0	0
0	0
1	1413
8	21
0	18
0	20
1	14
0	0
0	0
1	0
3	3
0	0
0	0
0	0
0	0
0	0
0	0
0	0
0	0
0	5
1	2827
3	2987
0	2917
3	2631
0	264
0	0
11	30
1	1777
2	66
3	205
0	386
0	319
0	195
0	86
0	0
1196	117
0	14
1	97
0	98
1	48
1	0
0	0
1157	200
1	196
0	0
4	4871
11	4870
114	578
0	77
0	0
0	0
10	0
0	0
14	3014
4	5
0	187
3	3009
9	2088
8	2447
29	16
107	108
152	0
1	237
0	0
0	1
2	3899
86	4002
171	124
0	166
2	2277
0	2360
0	2466
46	5
0	2246
0	1952
0	2034
0	2058
0	2140
23	0
0	700
0	0
25	0
3	53
8	405
27	412
3	7
0	5
1	0
0	3
0	0
1	113
233	0
0	0
125	1718
366	1681
165	506
3	1219
0	3
19	898
0	1662
0	1189
0	1182
2	0
1	0
2	0
3	1
0	0
0	0
2	0
1	0
0	0
0	0
0	0
0	0
0	0
0	0
0	0
0	0
0	0
3	0
0	0
1	4767
0	5697
26	5863
58	4663
0	2909
30	2064
0	3106
0	2908
4	2688
14	1795
2	819
108	828
7	24
1	0
24	108
3	0
229	0
94	0
122	27
1	93
1	52
33	0
17	0
0	0
129	0
0	0
0	0
0	0
0	0
0	0
15	802
0	718
0	716
24	29
0	717
0	42
0	0
0	0
0	0
0	0
273	466
82	466
1	0
74	57
3	59
0	1
0	1
0	0
0	0
1	1
3140	504
0	1
10	238
1	266
0	0
29	47
0	316
1	275
0	244
1	312
6	11
0	321
3	50
2758	689
1	647
0	654
3	598
4	568
0	563
0	587
67	102
10	290
3	0
107	43
0	0
3574	1198
2	496
1	530
0	255
31	154
0	0
0	10954
380	2801
1	10924
6	885
11	4602
0	4913
5	0
126	27
0	27
0	0
0	0
3	44
0	1
0	0
0	0
0	7
0	7
0	2
0	6
0	6
1	0
0	1
0	0
11	1485
0	1477
0	10
91	15
0	0
16	4699
69	4699
0	4313
57	0
1	234
0	0
13	511
10	511
0	113
10	6
0	0
89	92
5	59
0	450
0	123
9	5
578	2161
5	564
0	484
0	363
7	2098
0	403
0	375
10	736
6	74
0	61
165	371
0	359
4	349
0	164
0	88
1	14
51	19
14	7
0	0
0	582
488	1390
68	42
0	325
2	644
25	19
0	264
5	655
0	0
503	180
0	179
9	1
193	2654
0	1353
172	40
5	1458
0	242
9	899
1	1176
2	1906
45	47
0	47
0	28
0	6
0	7
4	0
0	475
26	486
0	486
0	476
0	485
0	471
0	408
9	432
0	180
93	160
1	0
0	0
0	0
19	0
64	0
9	10
67	11
0	0
0	0
0	0
0	0
0	0
1	154
0	0
0	0
0	0
664	2189
28	32
4	160
6	142
0	896
1	472
10	1148
0	1761
0	1275
0	558
7	598
10	1
6	11
0	2
0	0
5	9
2	7
2	0
1	2
0	0
0	0
0	0
0	0
0	3
0	0
9	2311
0	2201
0	2061
0	2353
0	2426
250	2412
11	33
34	98
75	4
71	0
165	338
252	0
20	588
4	373
0	354
59	258
0	0
0	0
0	0
0	0
0	0
0	0
0	0
0	0
1	0
0	0
1	0
0	0
0	4
0	0
0	0
0	0
0	0
0	0
0	0
0	4
0	0
0	0
0	0
0	0
0	0
0	0
0	0
14	0
0	0
0	0
0	0
0	4
0	0
0	0
0	0
1	0
0	0
0	1
3	1
0	1
0	0
0	0
0	0
0	0
0	0
0	0
0	0
0	0
0	0
0	0
0	0
0	0
69	92
4	3751
125	6042
13	6129
0	762
0	4953
20	430
3	20
0	1208
0	52
0	363
22	0
7	1
0	2415
5	2467
0	2100
0	761
7	315
0	590
0	578
23	6
3	447
1	453
2	62
0	261
0	257
175	5
4	1
0	1
3	1
15	0
20	507
53	546
0	82
65	17
49	0
10	331
0	0
3	0
0	125
0	95
0	4
3	4
1	0
0	0
0	0
0	0
240	1499
0	210
35	1243
14	1
11	95
0	281
8	120
7	519
0	292
8	315
3	328
17	0
23	806
0	1
0	806
0	0
0	0
0	0
0	0
0	0
0	0
0	0
0	0
2062	1618
0	1032
0	586
0	0
11	0
0	0
0	1
0	1
2	0
0	0
2	799
267	1096
16	229
3	417
0	247
21	379
2	223
10	245
1479	2871
4	989
10	2102
0	2439
11	534
0	146
1	170
2	129
4	0
6	28
1	8
34	14
0	0
0	0
0	0
4	14
0	0
0	0
42	512
1	6000
1	382
1	1693
0	1805
6	1214
0	5854
0	464
43	3667
1	65
2	952
1	144
0	181
137	1478
0	1361
0	1361
1	126
34	88
20	76
57	481
26	139
11	101
42	28
0	0
0	0
0	0
0	0
0	0
0	0
0	0
0	0
1	4
0	0
0	35
0	0
0	0
0	0
0	0
0	0
0	0
0	0
1	13
0	18
3	17
2	10
0	5
0	9
5	160
0	160
1	0
0	0
1	0
3	51
515	52
0	17
1	16
3	16
0	16
0	16
2	0
1	6
0	69
0	66
0	92
2	71
2	51
2	84
0	30
0	33
2	32
0	14
15	1077
11	1044
4	1048
0	14
0	16
2	95
2	49
1	147
220	0
0	68
0	0
0	45
0	1
0	0
0	0
9	0
7	683
11	683
12	682
61	0
0	0
2	30
0	30
0	24
51	1626
37	0
0	9
2	0
0	0
0	0
0	0
3	0
0	0
1	0
0	0
0	0
0	90
0	0
0	0
0	0
0	0
0	0
0	0
0	0
0	0
0	0
424	1424
1296	2263
0	1099
8	103
0	0
0	0
0	0
3	0
2513	358
10	358
1	0
0	0
0	2
1	229
0	0
2	0
0	0
0	0
1	0
0	0
0	0
0	0
0	0
8	42
318	81
0	0
0	39
1	0
0	1382
2136	2396
0	256
21	258
0	2236
2	164
8	303
0	960
24	461
15	22
2	894
3	432
0	859
0	823
0	46
3	14
0	96
210	153
0	86
2	69
34	0
0	70
0	1
24	5
25	6
0	135
0	21
0	0
0	16
21	8
4	0
4	2
59	2
46	3
0	184
1	22
0	162
1	19
0	22
0	164
3	155
0	38
2	0
34	9
0	93
90	1780
14	1780
15	1199
2	4
0	0
0	385
1	0
82	0
0	0
0	45
54	36
0	36
0	24
9	2
0	35
0	35
1	0
1217	168
8	168
0	0
0	0
0	0
0	0
0	0
1	0
5	0
0	0
0	0
13	6
1	6
0	1
0	1
0	0
0	1521
0	51
1	58
0	0
0	1526
0	10
9	754
0	1331
0	11
79	449
1	3
0	189
0	218
0	48
0	49
17	464
0	397
2	438
5	8
36	161
2	0
1	34
15	110
8	26
0	33
4	288
3	299
0	306
0	273
0	33
11	5
0	131
0	22
0	42
2	37
0	21
0	39
1	50
0	22
2	0
0	186
3	0
0	0
0	0
0	0
0	0
0	0
0	0
7	0
0	0
0	0
0	0
0	0
0	0
0	0
0	0
0	0
0	0
1	0
0	0
0	2
0	0
0	2
0	0
1	18
1	21
1	21
12	21
0	2
0	0
0	0
0	0
0	0
0	89
0	0
0	0
0	0
0	0
0	0
0	16
0	16
0	8
0	1
0	0
0	0
0	112
0	0
0	0
0	0
0	0
0	0
0	5
0	0
0	0
0	0
0	0
0	0
0	0
0	0
0	0
5	102
0	0
0	0
0	0
0	0
0	0
0	0
0	0
13	503
4	491
0	20
1	116
0	60
0	0
0	397
0	0
0	0
0	0
0	0
1549	439
0	37
18	0
12	256
33	117
1	0
1	0
2	0
2	0
13	0
0	0
0	0
8	0
0	0
0	0
0	0
0	0
1	909
0	885
162	0
386	858
5	71
132	2563
2	2419
0	2578
0	1665
14	1945
0	1939
0	2125
44	77
82	84
16	409
7	110
0	167
0	88
40	0
0	0
9	0
0	0
0	0
0	0
0	19
0	18
0	18
0	2
0	1
2	0
83	1228
0	502
0	845
0	446
39	3914
0	3914
0	261
1	147
1	0
100	21
0	301
4	387
152	120
92	16
13	0
1	196
3	17
690	213
21	0
2822	142
0	124
8	35
50	3
25	0
19	18
0	18
0	7
0	0
0	0
0	2
0	35
7	136
154	753
11	410
7	530
7	541
2	93
94	0
290	541
4	434
0	632
603	632
0	1
0	1
84	0
103	0
1	0
0	0
40	0
10	0
31	0
41	0
0	30
0	30
0	0
108	0
12	0
130	0
487	2
104	0
0	0
4	0
0	0
0	0
11	0
0	0
766	2
0	0
67	0
0	0
4	0
2	60
0	0
0	0
0	0
0	0
0	0
0	0
5	2181
39	1103
0	1350
0	214
6	965
4	400
0	0
60	773
1	496
0	727
0	0
38	0
80	0
7	0
0	0
0	0
15	0
13	0
0	0
1	27
95	1919
6	1831
41	0
2	121
85	77
1	163
202	149
18	64
21	100
7	30
0	0
0	0
0	0
0	0
1225	452
0	429
2	239
5	23
0	0
23	424
0	0
0	0
0	0
0	0
0	0
2181	543
0	401
0	60
9	103
27	59
0	0
0	0
0	0
0	0
0	23
2	10
0	21
0	7
0	23
14	13501
0	12685
0	12856
0	9378
54	1755
244	231
0	1090
0	2146
22	138
13	1846
0	730
0	0
17	1100
0	464
11	425
8	1210
22	151
0	49
83	48
48	665
2	220
53	817
0	1310
41	0
0	0
21	432
3	113
20	339
2	217
0	65
0	127
1	72
0	37
10	0
3	10
11	26
131	904
13	855
3	312
5	97
277	2
232	169
0	147
0	22
15	441
0	1
0	1
2	3
0	9
0	9
0	9
0	4
0	1
0	0
1	9
2	614
11	259
12	568
15	0
2	596
2	289
0	27
0	33
3	0
0	0
0	0
0	0
0	0
0	0
0	0
0	0
0	400
4	395
0	399
0	22
5	53
0	0
10	0
0	13
0	0
0	0
5	9
2	284
0	286
0	232
0	61
1	147
0	231
0	59
0	0
1	0
8	0
0	37
0	0
0	0
1	396
1427	908
1	597
0	509
0	56
14	20
26	20
14	0
0	0
0	0
0	0
0	0
0	0
88	36
7	36
12	0
23	1
19	91
40	0
9	0
61	0
0	0
0	0
0	0
1	26
0	0
0	0
0	1026
0	1042
0	817
0	455
0	429
12	53
2	5
241	2
193	1998
0	1998
0	0
3	0
0	0
2	4
0	4
1	0
21	0
217	458
3	458
19	14
0	0
0	1
0	1
0	1
0	0
0	0
2	1
1	2143
0	126
25	470
0	170
3	1894
25	706
0	1956
1	37
0	213
26	716
0	2
38	7
0	0
0	262
0	239
0	40
5	30
0	0
0	0
0	0
3	0
0	0
0	3453
0	0
0	0
0	0
0	0
0	0
0	0
593	1297
48	1295
129	445
7	104
11068	0
19	2238
0	752
0	1474
4	1926
1	689
26	0
17	210
26	888
6112	840
9	838
3	0
1	0
4	0
535	58
7	58
0	0
2	0
0	0
2	0
0	0
0	0
0	0
0	0
0	0
0	0
0	0
0	0
0	1009
0	0
0	0
10	18
2	169
0	17
0	163
0	162
175	0
3	192
1	201
1	197
0	207
1	164
3	28
0	4
0	3
34	0
0	0
0	0
0	0
57	0
2	46
0	46
0	46
0	46
0	3
0	66
4	0
32	1301
0	1249
1	1247
0	62
0	0
0	0
2	5
0	0
0	0
0	0
0	0
0	0
0	0
0	1
0	0
0	14
0	0
0	0
0	0
0	0
0	0
0	0
0	0
0	0
0	0
0	0
0	45
191	56
2	25
1	0
0	0
0	0
0	0
2	49
9	1569
37	0
1	1167
0	22
0	5350
2	11
2	9666
137	317
2	2557
182	1124
3	61
120	7220
101	9389
23	184
2	6922
4	9051
5	7914
249	1499
0	1169
382	0
14	428
5	1843
0	2191
8	799
159	0
128	112
0	0
0	1
0	0
0	0
0	156
0	184
18	0
59	1225
9	1225
145	741
0	0
0	0
9	0
630	4
17	0
0	2
0	0
2	0
15	0
845	936
25	754
13	145
6	101
0	112
139	0
2806	326
10	159
8	89
128	78
4	2
0	2
0	0
0	4
0	0
2	1
0	4
0	11
0	5
0	89
64	104
1	104
0	9
1	23
0	0
0	0
0	0
0	0
0	2392
0	2516
6	1307
1	2001
0	2464
0	2397
0	2398
0	2448
5	2404
1	245
3	1195
0	0
48	158
0	0
0	0
73	8
0	0
125	17
2	17
3	7
1	1656
607	1659
2	1474
1	1
0	1
3499	53
0	0
4	0
0	0
0	0
0	0
0	0
0	0
0	0
0	0
0	0
0	0
0	0
0	0
0	0
0	0
0	0
0	0
0	0
0	0
0	0
0	0
0	0
0	0
0	0
0	0
0	0
0	26
0	0
0	0
0	0
0	0
0	0
0	0
0	24
0	0
0	0
0	0
0	0
0	0
0	0
0	0
0	0
0	0
0	0
0	26
2	0
0	26
0	15
0	48
0	0
0	43
0	28
3	0
0	4
3	0
1	0
7672	2891
20	1477
151	1458
6	13
1	0
2	60
8	0
0	0
0	0
0	0
0	6
0	6
945	263
0	197
8	96
0	0
0	0
0	0
74	22
2	17
0	1
4	1
3	13
0	12
1	12
38	0
0	0
0	0
1	0
0	0
58	2015
1	2017
59	2706
6	2006
0	1940
0	2396
13	179
12	316
0	161
108	1154
1	136
119	42
17	53
4	116
371	0
0	0
1	0
0	0
0	0
0	0
0	0
0	0
0	0
0	0
0	0
0	0
6	0
0	0
0	0
0	0
0	0
0	0
0	0
0	0
0	1
0	1
0	0
0	0
0	0
0	537
3	25
0	1128
81	305
19	245
0	938
14	316
1	1030
2	19
17	18
0	0
0	0
2	21
0	1
0	4
0	21
388	1962
6	1440
3	611
56	315
0	262
4	66
33	0
24	0
0	0
0	0
0	0
2104	657
0	657
1	13
0	0
0	0
0	0
1	0
0	266
0	266
0	181
1	0
1	0
1	266
1	136
6	266
0	0
8	181
0	181
17	0
0	1
0	1
0	0
0	1
0	0
0	0
0	0
0	0
0	0
0	0
0	0
0	5
0	5
46	0
1	569
66	553
0	552
0	553
3	176
0	0
0	0
0	0
20	18
0	12
1	2
8	0
3	216
4	25
0	95
1	65
1	47
15	0
27	4922
2	987
0	4717
9	4785
0	415
0	0
0	0
2	96
6	125
8	285
3	294
2	289
6	522
651	327
7	330
4	1
0	4
1028	3351
0	3349
3729	32
0	212
297	2
0	0
742	0
1666	61
0	1
0	0
1	0
2	9
0	24
2	50
0	1
175	0
0	0
0	0
0	1
2	43
510	765
0	133
2	142
4	279
1	59
0	424
11	283
265	234
17	234
0	0
0	0
0	0
0	0
0	0
0	0
0	0
0	0
0	0
0	0
0	0
0	0
0	0
0	0
0	0
0	0
0	0
0	0
0	0
0	0
0	5
0	5
0	0
1	0
0	0
0	3
0	3
0	0
2	0
0	0
0	0
0	0
0	0
0	0
397	245
0	245
0	51
0	0
0	0
0	0
0	0
0	0
0	0
0	0
0	0
0	0
0	0
0	0
0	0
0	0
0	4
0	0
0	5
0	5
3	0
526	1820
10	391
15	1337
27	205
1	319
4	426
0	35
105	36
0	0
4	20
4	0
0	0
0	0
0	0
0	0
0	0
28	2499
59	2437
2	995
0	1641
0	200
0	65
93	596
1	258
0	0
31	294
0	0
0	0
11	32
0	16
0	24
0	0
0	0
0	0
0	0
0	0
0	0
0	0
0	0
0	0
0	0
0	0
0	0
0	0
0	0
0	0
0	5
0	0
0	0
0	0
0	0
7	219
27	13
0	0
4	1562
0	1562
67	1595
42	12
3	13
143	27
0	0
0	0
0	2
5	5
0	3
0	0
0	0
0	0
198	1634
16	755
0	983
0	762
14	474
1	100
2	7
3	0
0	0
0	0
356	1345
335	1345
0	88
1	25
24	93
1	342
1	2586
0	2365
7	0
0	687
12	735
42	518
2	99
0	92
197	0
2	2
1	2
0	0
0	1
3	0
62	193
2	193
0	31
0	0
0	3
2	0
1	0
3	458
0	21
4	6
1	458
5	87
0	0
0	0
0	0
0	0
0	0
0	0
0	0
10	24
2	24
0	19
0	17
0	0
0	15
0	15
0	13
0	2
0	33
0	34
0	12
0	7
0	0
0	2
0	0
0	14
0	0
23	201
0	201
0	0
5	56
0	0
0	0
0	0
0	0
0	0
0	0
0	0
623	146
2	6
16	56
5	88
2	4
0	2
0	4
0	1
0	0
0	0
0	0
20	557
0	544
3	14
2	46
4	826
0	852
0	35
0	0
10	260
3	0
0	72
0	43
0	332
0	68
1	329
1	1
0	1
2	72
2	74
1	31
0	45
0	0
0	0
0	0
0	0
0	0
0	0
0	0
0	3
0	4
0	4
0	0
0	0
0	0
57	0
0	0
0	0
0	0
0	1
0	1
0	0
0	0
0	0
12	1577
0	1407
0	1211
6	51
6	44
2	0
56	0
0	0
0	0
0	0
0	0
0	0
270	110
0	108
0	36
6	0
0	0
969	0
59	1941
6	1777
3	1831
0	78
28	50
2	99
10	1302
0	105
37	34
2	39
10	35
0	0
107	3
1	8571
162	8570
0	8573
0	6750
4	5215
63	4703
60	4823
21	0
3	146
66	1744
1	613
0	571
6	548
0	362
50	369
36	153
0	66
57	0
21	1
5	6
0	0
153	1016
1	1016
1	294
1	26
1	16
491	3014
17	2869
12	1811
288	1260
13	0
17	0
26	0
147	17
3	17
0	11
1	0
41	1468
52	908
0	0
6	1386
138	0
6	1112
3	592
0	0
0	0
0	0
0	0
0	0
0	0
0	0
4	0
1	0
2	273
37	420
1	314
2	44
1	331
10	674
0	1104
1	788
0	1104
16	56
0	69
272	54
9	0
0	0
0	0
2	62
0	0
0	0
0	0
71	6061
0	0
2	6061
17	6062
28	6013
3	6032
0	5550
1	2607
0	0
39	2329
22398	5469
0	0
1	0
0	0
0	0
0	0
23	10948
20	11659
0	12739
3	8557
0	0
0	0
28	56
0	0
0	0
34	111
3	250
36	250
100	396
0	3313
0	8
3	0
164	266
44	257
13	277
0	276
2	169
4	9
1	0
0	0
1	176
1	62
0	0
0	0
0	16
0	15
0	16
7	165
0	179
51	233
0	54
6	37
0	0
0	0
0	0
0	0
2	928
1	932
0	274
1	0
0	464
119	31
0	31
1	0
0	26
0	27
0	22
0	17
0	11
0	11
1	3
0	3
0	3
0	3
0	3
25	3265
5	3283
182	3243
4	387
56	284
0	47
0	47
0	0
0	0
2	1624
24	4204
110	3472
30	1894
2	3700
3	308
2	6
1	6
0	0
0	1
0	2
13	637
0	667
0	660
0	660
8	618
0	686
0	604
4	329
0	628
3	76
0	45
3	167
0	109
0	23
0	38
4	69
0	35
1	0
1	24
2	12
0	24
0	0
2	19
12	19
6	5
1320	0
4925	2013
8	1985
17	1183
0	617
0	664
14	1136
137	1792
101	1765
31	248
152	4
28	1687
51	1688
1	268
0	273
0	212
34	231
0	167
6	71
11	218
17	171
1	82
0	53
2	26
0	67
1864	0
53	23
1	23
0	0
1	55
23	603
7	600
5	6
0	0
0	6
0	0
0	2
0	0
0	0
0	0
0	0
0	0
6	0
0	410
1	387
5	113
0	167
8	382
1239	0
0	0
0	0
0	0
0	0
50	1787
6	87
14	916
0	27
0	894
14	80
686	1095
41	1097
8	403
4	520
6	63
1	61
1	25
3	20
12	23
2	6
0	0
0	0
0	0
0	0
0	0
0	0
0	0
0	0
0	0
0	0
0	0
0	0
0	0
0	1
0	0
0	1
0	1
13	32
0	32
1	25
11	18
0	18
0	0
4	3
30	7793
39	23
107	5022
30	2971
0	5670
1	6630
0	6181
0	2609
1	1370
0	773
297	1940
23	1261
0	563
0	584
1	132
0	212
0	977
0	1041
0	947
0	358
150	1238
9	1240
5	1233
5	349
1061	2113
140	1530
5	104
0	404
6	539
46	131
19	117
0	466
9	19
2	8
0	18
0	4
4	0
0	13
3	257
0	123
0	270
17	359
6	257
0	1
5	23
1	0
10	17
2	0
6	237
15	463
8	237
19	39
0	89
33	5
1	100
5	1041
7	1075
9	1105
1	1142
1	1
66	2728
1	1497
9	1604
6	1735
2	2124
0	2627
0	2625
0	2627
0	0
5	212
18	195
5	539
0	664
3	404
0	577
6	275
3	215
16	188
8	43
0	43
0	0
213	6777
27	22160
2	3734
0	504
0	16294
0	10942
24	3800
10	2
1169	0
0	0
1070	2243
14	1474
0	306
39	1183
15	216
56	854
10	572
2	220
68	329
1536	769
23	712
2	238
0	62
41	56
0	708
0	0
0	0
11	66
30	3782
1	988
11	1020
20	3535
81	2694
0	22
3	60
4	25
0	461
12	654
0	3276
0	4032
0	0
0	2698
6	4008
0	2548
0	1560
2	3954
0	3839
7	441
25	136
0	2550
1	139
3	1529
0	383
1	203
0	106
0	148
0	136
7	356
1	233
12	211
84	764
1	125
7	203
3	420
3	0
8	0
24	2810
109	95
4	2343
279	2730
85	1231
5	1574
8	461
0	1
0	1
0	83
17	184
0	0
0	188
6	697
9	132
15	85
0	823
10	819
15	474
1	447
6	63
2	0
2	0
0	655
4	849
0	847
2	183
1	0
720	3309
0	10
0	9
0	0
16	17
0	17
39	15
0	5
0	4
12	8
0	404
135	3463
4	3463
56	67
0	240
0	0
0	178
0	0
1	194
92	1240
8	560
0	0
6	312
15	661
28	199
0	238
166	1773
12	354
16	1432
6	465
9	560
6	1337
15	628
3	592
2	401
0	131
1	19
4	2
53	7287
3	0
0	7287
0	0
75	4
0	0
45	69
0	4614
5	708
18	727
2	727
32	141
31	130
2	43
3	37
25	6950
338	6814
8	2579
17	640
2	2376
1	1454
0	0
309	351
0	0
0	1810
2	35
33	1835
38	122
0	59
12	2
0	2
0	0
0	0
1	753
7	8
11	693
0	205
53	752
20	751
7	690
3	171
86	190
21	90
0	50
6	384
1	383
0	101
0	280
10	58
0	74
5	130
0	87
0	0
3	9
0	142
0	131
0	103
0	99
0	91
0	9
0	8
0	9
0	10
0	0
146	1653
6	1385
0	1673
11	237
57	124
0	1037
0	1037
0	348
0	355
2	355
0	764
0	232
8	846
3	610
0	488
0	517
3	171
3	146
8	404
0	263
0	365
22	133
147	0
1	21
2	447
0	44
21	377
0	399
2	35
0	41
0	0
4	51
1	57
3	25
0	24
1	44
0	0
75	45
0	24
0	31
0	293
0	313
0	295
1	143
0	155
0	0
0	384
54	1092
16	778
2	223
3	388
0	388
4	319
0	565
1	520
0	813
15	682
34	893
46	740
0	721
0	176
2	125
2	888
0	740
1	751
0	0
65	29
1	28
50	0
0	18
593	2
23	0
17	1801
1	1716
0	1803
1	262
1	189
0	959
14	1699
4	136
6	14
0	298
32	871
9	307
3	3
0	0
6	0
0	0
0	0
10	0
0	0
0	0
3	0
5	4114
29	4108
0	4112
124	4218
1	236
1	149
15	227
23	43
36	28
0	28
4	3
12	24
3	15
0	97
1	887
8	1052
5	941
2	303
10	158
230	376
4	376
1	77
3	3593
7	444
9	3593
0	192
5	612
0	3578
78	283
0	2477
1	839
0	774
4	70
32	1919
1	92
1	62
4	1829
9	219
4490	833
0	218
7	748
1	277
9	444
1	985
119	1233
0	492
8	1079
106	25
421	25
16	0
26	2488
0	76
0	1951
0	1055
0	1038
0	2545
33	64
5	60
0	35
0	107
0	113
82	58
271	58
723	1933
221	62
2	1897
0	0
0	0
202	0
1	0
159	285
5	285
1	0
3	843
0	835
4	698
8	741
0	638
0	18
2	75
0	51
4	0
4	29
0	34
7	55
2	18
7	17
0	106
0	48
0	4
0	0
0	0
1	1129
8	963
0	267
0	267
0	695
6	998
0	432
1	673
5	76
0	528
0	179
0	96
1	0
20	2793
0	2917
43	2925
0	3036
2	26
0	0
12	5
25	2986
169	1147
0	2970
1	2997
0	0
0	0
52	59
50	567
0	2568
49	45
2	169
51	844
30	0
151	6
0	277
80	236
1	161
25	105
17	50
1	984
61	1491
4	381
4	724
14	774
1	285
0	1202
2	1080
0	991
0	273
9	0
0	479
103	282
0	59
23	71
0	0
8	1748
3	14672
39	16362
16	13191
0	3264
182	3317
2	2947
0	1618
2	259
5	705
3	1254
0	459
0	1235
3	223
45	94
0	20
4	89
0	89
0	0
17	63
0	0
13	6943
0	6962
0	6982
0	6961
4	6973
1	4619
484	9712
7	1881
13	983
10	220
8	0
89	220
861	594
8	594
8	438
5	56
19	813
69	813
5177	347
4	303
14	267
6	244
0	54
0	245
0	245
23	2
0	57
5	246
3	246
0	94
0	29
0	0
0	21
0	9
3	7
5	0
1363	520
18	296
59	418
4	495
146	0
42	0
47	58
0	445
0	382
0	127
0	136
4	115
0	123
2	22
0	15
28	2786
128	2865
6	1045
0	2476
2	155
9	170
16	856
113	63
3	21
1	0
0	20
0	7
0	17
0	0
18	2338
69	2
27	581
371	2339
86	705
2	623
13	872
79	932
4	883
2	903
15	441
0	3589
0	3875
1	3626
4	2618
1	3017
0	1882
5	2326
2	842
5	291
659	934
3	934
590	0
72	3539
53	5612
506	8904
173	5965
1279	7923
3	6387
1	1986
17	6060
33	966
0	4305
2	4975
11	7877
0	0
1	1
0	0
2	2
0	6
0	6
0	0
0	0
1	0
0	13
0	9
0	84
151	84
0	65
0	0
0	0
2813	31436
39	6371
12	26818
167	18615
0	0
0	0
8	0
81	52
1	52
16	150
1	150
0	0
0	0
1	10
0	3
0	8
0	61
0	0
0	0
0	0
0	0
0	57
0	0
0	0
1	0
0	0
0	0
6	0
0	0
0	0
0	0
58	0
0	0
3	0
0	0
372	95708
0	89178
0	44
1	89
467	94910
0	44
5	89
1653	14031
8	10535
10	14
0	1
0	0
1	0
1	0
1	0
0	0
0	0
14	2
0	2
0	0
0	0
8	463
0	303
6	0
0	0
0	0
0	0
287	0
0	0
0	0
4	0
0	0
0	0
0	0
0	0
0	0
0	0
0	0
0	0
0	0
0	0
0	0
41	1375
0	0
0	0
0	0
0	0
0	0
0	0
0	0
0	0
0	0
0	0
0	0
0	0
0	0
0	0
1	0
0	0
0	0
0	0
0	0
0	0
0	0
0	0
0	0
0	0
0	0
0	0
2	0
0	0
0	0
0	0
0	0
0	49
3	50
0	5
0	0
0	5
0	3
0	0
0	0
0	0
0	0
1	84
0	0
0	0
0	0
0	0
0	0
0	0
0	0
0	0
1	0
2	0
0	0
0	0
0	0
0	0
50	0
0	0
0	0
0	2
49	4
0	0
1	0
675	71
0	0
6284	4634
51	1363
2	3547
2	0
0	0
0	0
0	1
0	1
0	0
0	0
0	0
0	0
0	0
0	0
0	0
0	0
0	0
1	0
0	0
0	0
0	7
0	3
0	0
0	0
0	0
0	0
0	0
0	0
0	0
0	7
1	7
0	0
0	0
0	0
0	0
0	0
0	0
0	0
0	0
0	0
0	0
0	0
0	0
0	0
0	0
0	0
0	0
0	0
0	0
0	0
182	80
5	30
33	73
0	0
0	0
3	2
0	2
0	0
3	0
2	0
0	0
0	0
57	584
50	585
13	452
2	301
0	0
8	0
1	0
8	16
0	1
1	10
0	8
0	16
0	16
3	0
0	0
0	0
0	16
0	13
0	0
0	2
0	0
0	0
0	2
0	2
0	0
1	0
3	555
1351	711
10	709
0	0
0	3
0	3
0	0
0	3
0	35
0	31
2	38
0	38
0	32
0	13
0	7
0	31
0	29
0	5
0	8
4	28
0	6
0	5
598	1469
4	1344
0	161
0	728
0	97
0	566
0	149
3	7
32	0
4	0
16	0
0	0
2	91
17	1573
37	1631
0	1207
11	4
0	251
0	30
0	0
17	0
1	378
5	455
4	595
0	141
0	142
1	408
0	44
1	357
0	142
0	8
0	0
12	5974
0	5915
0	5915
0	1672
7	1564
0	0
7	1032
2	37
35	84
1	679
2	858
0	986
12	14
0	26
0	2
3	75
1886	3225
3	523
4	2702
1	2312
15	3
0	0
0	5031
426	5389
19	1249
0	3663
0	453
0	396
2	48
7	778
0	35
0	724
0	1
1	74
0	729
0	18
10	749
0	745
0	80
0	37
0	44
0	424
0	756
8	48
5	0
96	1877
1	892
0	1509
0	1812
0	246
4	24
7	24
1	4
28	4
0	334
0	0
0	268
31	836
0	1294
1	1186
0	1243
4	1135
10	219
4	168
0	63
27	0
2	0
334	3178
0	3359
0	1330
16	2874
63	2284
7	2122
0	200
4	213
32	1340
21	1340
4	1215
0	1332
1	139
8	0
0	0
5	123
0	0
338	750
4	88
0	683
14	202
84	336
0	1
0	1
0	1
0	0
0	0
0	0
55	402
9	121
2	78
0	23
4	42
0	120
3	241
31	155
291	41
0	0
75	0
3	108
1	0
0	0
0	6
0	31
0	0
0	36
0	35
4	25
0	36
0	35
0	31
0	30
0	14
0	1
0	0
0	4904
0	4966
0	4868
82	1015
0	1521
126	454
4	429
27	325
4	14
22	0
175	89
0	50
1	91
4	16
2655	1977
20	466
0	1668
5	1
3	865
0	1050
6	31
0	31
16	140
0	103
0	80
3	54
1	4
984	39
6	39
87	217
4	271
0	66
1	216
0	2388
113	2344
11	1012
0	59
1	202
0	145
0	1748
7	1029
0	43
1	43
0	34
0	0
2	1
6	2
7	2
0	757
1752	1564
25	275
1	675
1	76
0	375
2	912
14	782
6	164
140	2074
0	2128
2	2144
12	2193
20	689
0	0
8	64
1	0
0	0
0	58
0	1
20	53
1	41
0	837
0	1028
0	1606
0	1524
13	83
0	925
45	721
4	0
12	854
21	100
0	78
3	54
266	0
87	5256
497	5256
5	166
0	0
0	0
0	0
0	0
0	6381
0	5430
0	4663
0	1811
0	5423
63	83
0	4654
12	3836
1	732
20	23
51	64
50	822
2691	807
46	169
25	0
8829	2220
0	2218
1	520
6	515
0	11
0	20
0	7
5	1145
1	1110
3	306
0	0
0	288
0	280
0	256
1	188
0	70
8	12
0	83
78	718
1	654
0	791
0	1017
0	929
0	1124
0	80
57	493
0	160
5	72
0	369
0	179
0	145
0	135
0	17
0	97
0	187
0	145
4	0
10	1868
0	1950
44	193
168	518
0	139
1	0
11	199
0	0
0	0
12	719
0	117
24	580
6	113
5	709
3	103
23	125
2	125
1	61
0	0
233	1142
0	1142
2	566
0	110
8	0
1	0
2	0
2	22
1	22
0	10
0	1
0	2
1	3
8	50
7	48
0	21
3	21
1	3
358	4036
0	167
100	3043
62	3175
2	1
0	1
0	1
0	0
146	2413
3	1035
0	475
0	474
0	1980
4	323
0	105
0	233
2	497
41	0
0	219
0	0
37	489
2	380
5	233
2	84
0	8
483	186
33	186
15	17
0	0
17	176
0	314
3	3151
0	3190
7	1
0	82
0	3130
1	138
20	1942
0	2714
0	2450
24	92
5	2441
93	35
2	175
13	218
0	35
738	220
4	45
0	0
73	6
0	6
0	0
0	348
0	378
0	251
2	3
91	18
2037	94
1	0
457	1
47	5432
56	86
8	10491
0	1
55	86
158	10688
170	16317
0	1
0	5628
0	5631
0	4
2	4
1122	3
13	0
92	0
780	3254
803	1073
1458	1073
112	35
0	35
0	970
0	4
0	0
0	4
0	454
0	453
0	0
0	0
0	1
11	0
0	227
0	227
0	7
0	6
0	6
0	970
1	2
1	0
0	971
0	0
0	0
0	990
0	989
1	0
0	7
10	7
735	18150
438	18150
2	1177
88	967
0	1923
44	719
1	0
204	161
1	111
13	84
9	117
3	0
786	69
2	53
0	53
0	25
1	69
150	1505
97	1565
6	1084
7	5
0	1473
7	491
0	558
0	614
7	234
1	279
1	0
1	360
0	541
1	112
0	58
0	58
0	6
1	6
9	62
2	62
0	5
1	463
2	327
0	21
1	461
0	440
1	35
0	56
0	130
3	94
25	24
3	10
1	18
9	34
0	30
4	966
27	907
1	181
8	371
0	286
0	233
0	0
13	0
96	1484
20	1442
4	158
10	0
0	6
0	3
1	6
0	1
0	1
0	0
0	10
0	10
0	9
0	8
0	0
140	1553
2	1164
4	157
0	221
2	274
1	431
0	55
0	0
0	0
0	3
60	24
0	0
1	0
0	0
272	617
11	27
18	221
3	289
14	29
8	84
24	17
28	261
54	94
138	600
0	535
5	29
39	106
0	28
1	23
8	23
4	2
0	0
5	0
0	0
0	0
480	622
2	22
13	600
11	0
45	140
0	135
0	5
3	137
1	39
0	210
156	638
0	228
4	567
0	553
1	57
0	0
0	3896
1	20
5	3885
0	0
0	19
0	0
0	0
2430	5938
32	5707
0	2726
4	13
19	33
0	0
362	1445
8	1242
0	260
37	607
20	18
0	0
2	754
3566	797
86	0
36	43
0	1
0	1
0	0
14595	2
0	0
0	1204
368	1204
23	0
762	477
1	259
1	122
0	217
2	0
65	31
24	112
0	112
0	0
0	0
0	0
0	0
0	0
0	0
0	0
0	0
0	0
0	0
0	188
0	0
0	0
0	0
0	0
56	153
3	153
0	115
13	528
0	522
0	689
3	693
22	238
273	0
0	5
0	5
0	0
0	0
0	253
0	0
0	0
0	0
0	0
0	0
3078	0
0	0
0	0
0	0
0	0
0	0
63	393
2	393
2	57
2	2
4	44
93	0
0	0
0	0
34	0
0	0
5	0
0	0
0	0
0	0
5	55
0	0
0	0
0	0
16	1
0	0
1	0
1	1
0	0
0	0
1	0
785	1012
0	107
61	890
4	18
3	107
0	89
68	823
0	547
3	1
0	280
7	4
0	0
0	0
0	1
0	1
1	0
0	2
0	2
1638	7
0	0
44	0
5879	2339
129	0
2	470
8	795
111	0
212	0
0	786
6	445
49	0
0	0
0	187
0	0
0	0
407	0
0	127
12	161
2	141
0	133
387	656
6	34
42	623
0	20
0	0
7	2
0	28
0	28
11124	1374
4	731
123	633
65	0
0	0
0	0
1	0
23	35
3	19
0	16
0	9
0	0
38	251
1091	1429
16	1175
12	0
2	0
0	0
0	0
44211	5680
15	2570
36	0
7	3108
120	2
0	0
0	0
21	171
0	171
198	423
0	346
0	305
8	14
17	152
80	0
66	23
0	0
0	0
0	0
0	0
0	0
1	175
0	164
0	43
0	32
0	0
5	0
0	33
257	945
0	839
0	142
0	449
1	120
0	56
0	158
0	2
1	0
0	0
0	0
0	0
0	0
1	0
1	2
0	12
1	0
0	16
0	16
7	0
1	0
0	0
0	0
0	0
1	0
777	200
0	112
0	200
0	25
0	1
0	3
0	3
0	3
0	3
0	3
0	0
0	0
0	0
0	0
0	0
0	1
0	0
0	0
5	8
0	6
0	6
0	6
0	5
0	0
2085	853
60	275
0	531
3	108
2	208
59	91
52	20426
0	19984
0	14220
0	17769
8	19895
0	16643
7	19276
441	1394
198	11
2	2901
0	2213
1	1795
11	2271
9	12585
11	530
14	446
34	1335
1616	2084
1	380
5	712
0	126
3	536
5	403
0	1539
1	1263
15	289
25	0
0	1
0	1
0	0
0	0
0	0
0	0
0	0
0	160
4	62
1	167
0	77
0	121
3	19
0	1665
118	1328
3	1406
5	711
0	1362
0	309
0	0
2	0
0	0
505	2733
37	2652
0	154
7	150
23	58
0	719
48	0
10	1437
0	0
0	0
0	0
0	18
0	56
0	54
0	21
0	17
0	17
0	2
0	55
0	17
0	11
0	0
4	61
0	0
0	0
0	1
71	722
0	4
16	718
0	0
4968	4752
0	4515
0	4798
7	3657
66	141
1	265
2	2872
31	0
0	0
0	3
0	2
0	1
27	0
0	408
4	443
0	395
27	213
0	156
0	1
0	1
2	64
0	27
0	89
3	855
1	761
0	766
1	901
0	984
0	517
0	146
0	95
0	17
4	18
0	9
1	3
3	68
5	70
0	14
2	0
10	0
3	0
3	6
0	4
0	5
0	17
0	0
17	1089
168	1444
4	959
0	128
48	0
0	812
7	874
14	874
0	796
27	840
6	241
4	751
0	56
0	307
3	28
255	4593
111	4583
3	2732
13	0
50	0
38	2
0	0
36	0
20	0
0	0
122	0
76	0
85	0
31	0
223	0
184	0
306	0
0	0
0	0
1	1
0	0
0	0
20	1332
0	1055
2	650
0	799
27	678
39	71
78	0
13	229
4	50
44	0
25	0
0	0
4	0
7494	4
114	0
27	0
1	0
4	0
0	0
0	0
10	12
0	0
16	0
1	0
228	59
5	59
6	2605
653	3066
11	2943
7	1423
3	891
3	226
1	729
0	757
0	721
0	722
0	763
0	53
0	78
15	6
2	23
4087	3826
41	0
8	427
59	0
2	144
7	53
103	141
1	623
151	754
2	566
1	687
5	185
1	70
0	144
0	28
0	140
94	43
0	1
341	38
1	0
2	38
0	0
0	4376
3	4406
9	363
114	360
0	0
0	0
4	0
437	150
7	118
1	166
0	147
6	0
0	0
580	415
0	308
25	217
94	105
0	105
55	0
555	2489
2	2154
0	1065
89	0
0	504
112	0
102	0
55	0
8	7
1	7
3	7
0	14
0	0
0	1
0	1
0	0
5	16
0	3
1	1
0	1
1	1
57	1
0	1
0	0
357	9305
2	8130
0	1309
148	1950
1	1175
27	223
37	1978
0	759
0	507
30	1797
6	503
26	29
5	159
23	7
3	5
1	2
0	1
0	1
0	1
1	0
0	0
0	5
0	5
0	3
8	104
0	0
0	0
0	1
0	1
0	0
17	2
0	0
0	2
0	0
0	0
0	0
0	0
0	0
1	0
3	0
2	173
55	38
0	172
0	173
0	90
484	1385
4	110
312	0
159	1380
27	1
317	35
48	3363
1	3250
168	3208
1	1151
0	1123
5	121
8	296
178	3396
49	590
3	38
4	2905
0	905
28	2484
0	63
8	1182
3	953
0	0
117	0
2	0
1	123
0	29
1	29
0	145
5	285
1	19
39	161
63	28
0	80
17	416
0	17
86	25
0	14
484	0
0	0
0	0
0	0
1	0
0	0
0	0
24	0
88	0
1	0
0	0
0	61
139	63
1	38
0	0
0	0
0	0
0	0
0	2
0	2
0	0
1	1247
3	1247
6	4
1	4
0	4
361	1780
988	1782
1	1
0	0
1	7
1	7
0	331
0	320
0	186
0	11
3	50
0	8
19	65
0	12
0	12
4	0
0	0
0	1
0	1
9	675
441	1959
37	1636
4	98
14	765
0	0
3	4636
152	5135
19	637
4	1754
14	103
28	113
16	656
140	427
0	633
7	866
1	70
8	359
6	338
0	136
8	49
0	0
0	0
9	62
0	0
5473	500
4	164
0	400
220	0
95	548
2	547
5	450
25	170
39	160
1	130
0	91
0	19
0	37
0	32
1	2
1	21
8	2216
5	1258
3	1774
1	1208
0	1010
2	1750
7	0
0	0
196	287
1	181
0	234
0	117
0	87
6	266
0	232
1	123
0	88
0	91
2	18
0	2
245	8
0	0
318	609
0	560
3	159
0	48
0	0
286	1318
0	499
0	669
1	808
3	0
0	3
0	1
0	0
28	150
0	150
0	77
9	909
30	977
21	977
0	938
0	105
0	78
5	175
4	76
0	159
0	58
1	3
0	3
0	30
0	6
0	14
2	28
0	8
0	21
9222	4
0	2
0	2
0	0
11	891
1	194
14	897
0	74
0	86
19	761
5	754
5	769
15	272
3	148
6	160
10	144
0	167
0	148
5	18
0	0
11	0
1	0
4	0
0	0
0	0
2712	176
0	84
0	0
204	14705
383	14702
102	0
53	9443
0	0
0	0
1	0
3	209
2	51
0	81
1	209
0	62
2	50
1	84
0	51
10	70
0	95
1	38
438	117
2	94
2	3
0	4
3	0
0	0
0	23
427	3647
18	3596
0	1725
4	986
42	440
0	0
0	0
988	2955
0	2864
0	2864
0	40
0	368
1	128
0	0
47	0
0	0
0	0
2	0
4000	4
0	0
6	2536
155	2536
0	0
1	176
23	554
38	555
4	1
251	204
1	57
1	47
0	0
1	38
0	20
0	61
0	71
13	1215
9	110
4	144
0	110
2	1179
62	958
5	189
1	123
1900	563
14	143
1	437
3	0
0	0
0	2
0	2
1	1
0	0
899	1200
8	485
11	12
15	300
1	390
0	145
102	152
0	141
0	1
0	1
0	0
0	0
0	0
0	0
0	0
0	0
0	2083
44	2149
26	1804
57	638
0	376
0	231
14	657
371	349
0	0
0	0
0	0
0	5
0	3
0	5
0	4
0	6
0	6535
88	6535
0	0
0	0
0	0
0	0
0	0
10	27
38	27
7642	999
0	997
0	0
11	480
0	63
0	4
0	7
26	417
0	65
0	11
2	11
0	10
0	4
0	4
0	4
0	4
0	4
0	4
0	4
0	2
0	6
0	0
0	0
0	0
2	0
0	526
0	526
211	314
126	0
0	0
0	0
0	0
0	0
0	0
0	0
0	0
0	0
0	0
0	0
0	0
0	0
0	12
0	0
0	1
1	22
0	0
0	0
0	0
0	0
0	0
0	0
0	0
0	0
0	0
0	0
0	0
0	15
0	15
0	4
0	7
3	84
30	676
8	747
32	559
2	606
4	78
5	103
1	48
45	37
0	0
0	0
0	0
0	2
12	9
1	0
0	0
0	1
0	0
0	6
0	0
0	0
0	0
0	5
0	0
0	5
0	0
0	0
0	0
0	0
444	0
1	0
12	36
0	36
6	20
0	22
18	22
0	7
0	13
0	248
0	2
0	75
9	158
101	117
18	292
49	11
2	86
0	0
0	0
0	0
0	218
3293	394
0	0
8	0
0	0
0	168
38	8
6	564
2	548
0	36
1	32
0	0
27	515
0	0
326	169
19	39
19	130
1	65
0	0
0	0
0	0
1	0
12	1
0	0
0	1
0	1262
0	1391
2	560
2	162
9	434
0	0
33	35
9	26
1	162
0	0
0	0
326	603
4	185
0	314
0	192
0	257
927	145
4	81
1	101
0	99
7	2
1	0
18	376
0	0
3	0
13	0
3	246
4	191
0	211
5	105
49	107
0	40
2	7
11	8
21	13
3	260
0	3
0	304
0	273
93	288
0	0
0	113
2	0
2	0
7	34
21	0
1739	700
2	0
270	41
7	208
2	772
8	111
23	152
0	0
8442	4576
3	4298
75	91
292	1525
1	1163
355	525
5	414
35	1545
0	1527
14	937
11	1027
1	1013
11	106
3	121
0	55
0	0
0	0
0	0
0	0
9	957
0	162
925	886
0	108
3	82
0	49
21	108
3	108
1	14
16	0
11	6
0	0
0	0
10	0
0	0
0	0
0	1
0	0
1	4
0	4
0	3
0	0
0	8
0	10
0	10
0	9
55	985
9	730
0	800
1	561
59	0
0	0
0	0
0	0
0	0
0	0
0	0
1	0
0	0
0	0
0	0
2	0
7	0
2	0
12	0
3	0
173	29
0	25
3	21
0	8
0	2
4	4
4	0
0	0
82	539
4	828
8	834
9	368
0	99
0	107
4	36
1	33
109	0
206	56
223	0
88	214
0	88
0	0
0	4
0	4
1	14
0	0
0	0
0	0
0	0
0	0
0	0
0	0
0	0
1	0
0	0
0	89
0	0
0	66
2	22
0	5
0	39
0	48
0	52
1	38
7	32
0	0
18	0
0	0
0	159
21	1220
16	1220
0	463
1	94
3	2
0	0
0	0
0	0
0	0
421	229
3	91
5	71
9	129
1	0
0	0
12	0
151	7184
2	6605
0	3913
7	158
64	0
3	2288
9	2259
0	736
0	142
0	409
1664	500
327	94
213	18
5	18
0	4
4	0
0	0
0	0
0	0
0	0
3	0
1	0
33	0
989	2415
3	308
30	515
3	1749
41	0
1	5004
13	6026
0	3930
76	0
65	18
11	206
46	0
7	130
0	0
0	0
0	0
22	1322
0	26
0	158
19	575
2	173
25	4
3	984
4	20
5	0
4	21
0	7
0	7
0	2
0	0
0	0
0	12
0	0
0	1
0	0
0	0
1	1
0	0
1	2463
0	0
776	1422
0	890
24	367
0	121
3	526
3	791
15	0
2	1226
3	392
975	806
1	482
0	202
19	30
1	193
33	2
0	0
0	0
3	23
2	0
4	55
1370	1047
0	56
0	0
1	0
5	19
2	19
0	409
3	574
41	805
6	86
14	2167
0	3885
153	3883
0	3885
0	0
552	5
4	262
0	0
54	0
2	0
0	0
0	0
1	0
87	7538
54	7774
42	1020
8	0
0	0
0	0
0	0
0	0
0	219
2	0
0	0
0	0
351	0
0	0
1865	39
2265	1780
12	385
2	1090
6	1158
44	961
0	1017
0	64
0	243
109	31
77	421
7	0
0	3
0	3
0	3
0	0
0	0
0	0
0	0
12	2452
39	4923
0	4872
0	4404
0	5099
10	486
0	0
4	0
0	63
34	0
32	0
117	2362
2	77
0	25
2	2240
21	0
0	87
3	53
1	395
68	527
0	631
1	605
0	85
0	10
0	0
3	0
232	0
0	0
158	247
100	167
4	287
0	9
0	0
0	31
0	16
0	31
0	30
0	8
0	23
1	15
6	0
0	0
2	0
0	0
0	0
0	0
0	0
0	0
0	0
24	0
49	38
0	0
0	0
0	0
0	0
0	0
0	0
0	0
0	0
0	0
0	0
0	0
0	0
0	0
0	0
0	0
0	0
0	0
0	41
1	18
0	9
0	23
0	0
0	3
3	47
0	46
2	15
0	0
0	0
0	0
108	0
0	0
6	0
0	1
0	5
0	3621
0	3377
4	3614
170	1318
1	3987
108	519
45	1218
4	1790
73	1751
1	2430
0	2591
0	3750
0	1743
37	221
86	2458
2	2654
289	0
212	0
126	0
29	0
9	0
0	0
99	6
54	0
107	51
0	517
0	327
0	695
0	1392
0	358
3	359
0	612
118	0
0	361
131	7
2	373
0	168
0	631
0	495
0	68
0	1
4	0
0	9
0	17
0	4
1	106
2	192
0	185
0	9
1	0
0	0
1	0
0	0
2	0
5	15
3	83
0	91
2	81
0	74
0	0
0	7
0	15
1	1
0	0
0	0
0	0
8	5
0	0
0	0
5	0
12	0
15	0
9	0
3	0
6	17
0	15
9	0
0	0
0	0
0	0
2	2
0	2
0	0
667	509
6	404
0	0
0	0
0	0
0	0
0	0
2	218
0	55
2	391
0	405
2	362
0	389
20	150
0	0
0	151
3	25
1	0
0	959
0	1022
139	980
0	42
9	5
24	0
32	0
0	133
0	0
1	0
61	1251
0	22
0	977
0	1004
56	1229
11	2171
343	2183
0	1395
0	122
11	8
1	20
126	55
0	41
0	55
0	1
81	0
9	0
0	0
2	0
62	433
0	433
3	0
0	0
0	0
0	0
0	0
0	0
0	0
0	0
0	0
0	0
0	0
5	0
0	0
1	0
1	1
0	0
0	0
0	0
0	0
0	0
0	0
0	0
0	0
0	0
0	0
0	0
103	299
0	243
1	32
0	57
0	0
0	209
0	0
0	0
0	0
0	36
0	1
0	1
13	1268
1	1111
1760	1289
0	273
43	0
1	25
10	116
0	78
0	72
1	0
0	0
0	8
7	0
11	31
0	0
0	38
1	21
0	0
1	0
0	5
0	5
1	1
0	3
0	3
0	2
0	3
0	3
0	2
0	1
2	0
24	282
0	137
0	145
7	4
0	13
0	124
1	96
366	96
176	716
1	188
0	138
30	467
573	662
0	185
69	0
2	477
48	270
2	228
0	41
7	17
465	1057
14	326
0	161
5	96
0	592
0	83
1	122
7	6
0	5
2	229
0	0
0	0
0	0
0	6
0	7
0	9
10	7
0	3
0	0
0	0
0	0
0	0
0	0
0	88
51	89
2	7
1	24
0	61
0	8
1662	1358
0	1282
44	0
71	76
238	6402
24	149
107	7283
1	4668
11	4409
17	2869
23	51
129	458
6	4
0	4
0	0
0	0
0	0
0	0
0	0
0	0
0	0
0	0
0	0
0	0
0	0
0	41
0	0
18	0
0	514
6	465
0	489
55	7
0	356
13	17
1	17
0	60
33	0
3781	853
80	835
0	0
35	43
3	43
3	29
0	0
2122	131
0	123
9	85
0	47
0	0
128	3500
20	3410
3	3611
1	90
2	3564
0	331
0	0
4	0
0	0
0	0
0	0
1230	11
0	0
0	0
0	1
0	1
0	1
0	1
0	0
2	0
0	1683
132	1683
3	413
1	638
0	306
1	188
0	45
164	0
900	971
114	102
8	739
20	0
0	223
0	0
33	0
0	0
47	1
0	351
0	332
0	265
0	261
0	119
0	115
0	39
0	0
111	525
0	500
4	41
2	419
0	0
30	0
20	0
0	262
11	97
708	204
73	48
0	180
1510	469
0	205
66	264
74	241
112	0
1	1560
13	1338
2	803
48	0
4	239
20	872
2	630
27	0
0	0
21	2091
45	1077
1	2064
6	595
0	30
310	15
57	18
2	55
5	36
7	0
0	0
0	0
0	0
0	0
0	0
0	0
0	0
0	0
1	0
0	0
1	0
0	0
0	0
1	0
0	0
0	12
24	23
0	0
0	11
0	0
59	0
0	0
0	0
0	0
0	0
0	0
11	0
1	0
0	0
0	0
0	0
0	0
0	0
0	0
2747	356
0	122
2	10
2	172
2	50
2	18
1	18
0	0
0	16
0	1
0	2
0	1
2	3
0	0
0	2
0	6
0	4
0	3
0	6
1	4
0	0
0	1
0	0
1693	244
80	242
130	49
0	28
32	0
157	0
2	1
27	1
0	2826
66	7834
14	3120
34	9302
0	381
4	1200
2	2375
716	9536
11	563
7	2727
2531	492
0	9207
1	8200
1	547
66	226
42	5664
0	0
1	849
818	950
0	913
12	140
1	0
0	155
0	44
0	2
0	154
0	126
0	97
0	104
2	34
1	4330
26	2346
0	1816
7	2690
0	3653
0	3558
0	374
60	7
223	1335
116	34
158	0
0	1654
76	538
0	1684
31	1662
8	1641
0	0
0	0
69	0
67	0
29	984
0	0
0	0
0	0
0	0
1	0
0	44
18	41
0	31
0	1
0	2
12	3
0	0
0	0
0	0
0	198
1918	2309
0	2121
45	0
0	0
0	0
2	387
61	15
35	0
0	138
2	15
0	0
0	6
0	0
0	0
0	0
18	201
17	61
2	190
0	66
0	0
0	0
0	2
89	9
0	9
0	0
0	0
0	0
0	0
0	0
0	0
1	0
0	0
1235	8199
56	6382
10	1139
6	1682
59	1274
37	1840
14	603
1754	319
39	121
1	98
0	0
25	0
3	0
31	168
0	0
3	0
7	536
44	16
96	1105
0	403
9	40
0	19
13	371
55	662
90	653
1	653
0	269
0	153
1	34
2	0
20	30
0	0
0	0
9	0
0	0
39	95
12	109
0	0
17	14
1	353
12	122
2	330
0	11
0	35
0	67
0	0
0	0
0	0
1	0
5	3
0	0
0	1
0	0
0	2
1	0
0	2376
76	8253
27	1362
0	5998
0	0
2	55
11	55
0	0
0	0
0	0
0	0
0	0
0	0
0	0
0	0
0	0
469	1717
0	45
55	16
0	4
0	215
0	1292
3	227
1078	1729
0	769
2	362
8	431
3	426
298	284
20	127
0	0
0	0
1573	2006
0	0
36	1146
0	1373
0	444
3	1189
0	319
0	0
3	1
0	0
0	0
17	0
34	1311
0	1221
1	178
0	125
0	274
0	142
0	178
3	920
0	0
1	442
2	2849
20	2704
0	2626
0	1231
0	1210
12	518
35	0
59	275
0	46
58	36
0	0
0	2
0	2
0	0
0	0
3	3008
0	0
0	0
0	0
0	0
0	0
0	0
0	0
0	0
0	0
0	0
0	0
0	0
0	0
0	0
0	0
0	0
32	39
0	34
20	1
0	1
4	3
0	31
0	26
0	0
1	0
0	0
4	30
0	29
0	8
0	8
0	9
0	0
3886	2832
1	1699
0	1697
0	1703
1	2033
69	2
1	472
1	466
16	549
0	595
1	547
0	1351
0	559
1	133
8	187
0	196
0	147
19	40
39	503
544	617
0	114
7	38
1	440
1	25
0	435
0	90
5	459
0	60
49	0
1422	438
4	436
0	0
0	0
0	0
1	111
1	104
0	40
0	95
0	35
2	0
2	0
0	5
0	0
1161	0
88	2
0	0
2169	3919
1	3315
0	3294
2	3166
0	0
0	2976
38	0
2	2702
2	439
12	223
0	407
14	450
19	741
50	180
0	0
18	0
0	0
0	641
0	1
1	1
0	0
0	2
0	2
0	0
0	0
0	0
0	0
0	0
0	0
0	0
1	0
0	0
0	0
0	0
0	0
0	0
0	0
0	0
0	0
0	0
0	0
2	963
1	1115
6	813
1	499
0	352
0	148
43	0
35	191
0	49
0	0
0	0
13	4
1902	176
2	121
81	0
22	0
60	60
0	3967
56	7176
2	5441
79	1
7	393
0	0
35	0
0	0
56	2749
6	889
1167	4408
0	4773
0	2703
0	587
4	0
18	336
20	336
3	0
0	0
367	354
13	102
1	148
0	0
5	43
15248	1016
0	0
15	845
4	13
23387	662
1	0
1	9614
0	9614
34	0
117648	16405
24	2017
0	14308
3	11
0	11
0	0
164	27
1	452
0	470
4	266
0	449
42	218
5	412
1	59
0	11
0	33
0	103
1	139
0	174
4	50
1	18
37	159
0	10
0	49
72	16
0	1
0	0
0	0
0	0
0	15
11	186
46	188
0	52
1	95
0	34
0	85
1	26
1112	6
6	1
27	1
0	0
513	1153
0	1153
1	151
42	557
29	139
2751	139
19	99
44	498
2	494
0	62
2	5
13	242
8	47
0	148
2	598
6	447
0	585
1	6
1	0
1	9
0	9
0	6
0	0
0	0
2	0
0	0
16	671
12	121
22	669
3	11
1	83
24	0
0	0
9	0
0	0
0	0
25	1957
93	2233
0	2263
2	1419
1	63
0	286
8	76
21	7
51	347
4	61
1	346
0	4
1	32
0	30
0	3
0	13
5	6
27	9
397	4271
240	2693
8	3253
119	1120
15	299
8	425
9	379
71	613
0	0
1	21
0	0
0	0
43	23
0	5
0	15
0	6
1	5
0	0
0	40
0	42
2	20
0	19
0	7
0	1
0	0
0	6
5	1
2	0
425	4533
6	4462
6	4461
303	4460
3	611
0	437
0	437
0	0
88	69
48	392
0	500
0	1215
220	1214
3	568
14	1
0	521
0	0
0	0
0	0
0	0
0	0
0	0
0	0
0	0
0	0
0	0
0	0
0	1130
0	2603
0	1005
0	996
0	2562
1	2759
0	2819
2	2715
4	2069
0	2038
0	2095
0	2073
0	2074
7	227
3	237
0	70
96	7
3	86
54	180
49	74
1	0
0	0
0	0
0	0
0	0
0	0
0	0
0	0
0	0
0	0
0	0
0	0
0	0
39	1199
0	0
0	0
0	0
0	0
0	0
0	0
0	0
0	2
0	4
0	2
0	2
1	0
240	119
6	14
0	45
0	16
0	43
0	44
0	7
0	41
0	10
0	0
85	38
3	9
16	25
0	5
0	0
38	21
0	19
0	0
1	0
0	0
0	0
0	0
0	0
0	0
0	0
20	1518
529	3026
1	1125
18	868
2	599
0	1629
46	136
0	9
0	9
4	589
0	293
1	0
8	0
4	3
67	891
3	893
0	447
0	46
0	2
120	3
476	4921
20	1282
1	3550
364	2826
1	3436
196	469
0	3562
1	4433
0	4481
0	4481
6	78
0	529
23	256
0	708
0	706
11	278
257	1781
8	124
283	24
3	241
17	221
10	270
1	203
0	157
0	161
0	29
0	18
0	89
0	79
2	11
0	20
1	44
0	42
0	38
33	5
2	11
0	12
224	299
2	275
3	186
10	14
0	16
1	4
0	55
89	71
3	37
0	3286
2	3161
49	3260
69	1128
1	155
2	332
75	1
33	720
0	346
3	0
0	406
13	42
2	0
75	0
51	0
8	1619
0	535
0	3664
1	277
0	131
7	1481
0	2917
0	3650
190	0
33	390
42	4
0	4
1	1
0	0
805	2252
10	267
0	919
1	723
2	720
0	272
0	29
0	603
2	0
0	0
45	2
0	0
0	0
0	0
1	0
0	2
0	0
0	0
36	12
0	2
0	7
3	0
6	0
0	0
0	0
2	0
0	3
0	3
0	0
0	0
0	0
0	0
0	0
0	0
0	0
0	0
0	0
1	0
8	4
0	0
0	0
0	4
1	4
0	4
0	4
3	4
0	0
141	1084
0	1371
3	1406
0	1187
7	1317
0	1020
1	907
0	970
2	834
0	228
0	402
0	0
2	0
7	23
0	2
1	0
1194	1462
3	291
1	797
9	358
0	231
1	528
0	211
10	14
0	11
6	20
3	208
0	189
0	11
0	0
1	0
0	0
29	179
0	0
0	0
0	0
0	0
0	0
0	0
0	0
33	293
4	293
0	33
0	24
0	655
0	657
0	596
0	280
3	71
1	127
0	41
1	80
0	104
0	93
11	12
0	0
707	1043
0	0
27	404
0	19
0	639
0	0
0	0
0	0
0	0
0	0
1561	321
0	306
43	0
18	68
14	23
4	40
0	0
6	12
3	20
0	19
11	18
2	0
0	0
0	0
0	2
1	0
0	0
0	0
0	0
1	0
0	0
0	0
0	0
0	0
0	0
3	0
3	0
58	31
2	31
2	30
10	3
0	4
11	0
4	0
4	0
0	0
1	0
1	0
0	0
0	0
0	0
0	0
0	0
0	0
0	0
0	1
2	0
25	2532
12	2218
2	2213
14	639
11	2392
236	810
62	15
2	409
0	0
13	157
98	84
27	157
0	0
0	11
0	1
514	330
0	213
3	0
2	0
6	117
5	0
0	0
0	0
0	0
43	2261
0	1567
575	2508
74	2009
136	0
3	251
6	428
0	139
3	103
153	13
2	25
21	3407
37	3045
0	3330
3	1669
23	1868
3	482
6	117
1	311
23	676
8	60
5	472
3	441
1	45
11	109
95	285
604	342
0	303
38	119
0	155
164	0
145	1140
3	1039
0	1120
11	169
3	45
0	106
9	267
2	40
22	0
0	33
0	39
0	33
0	30
0	29
0	0
0	0
0	0
0	4
0	1
0	0
0	0
0	0
0	0
40	706
1	644
0	446
3	3
0	0
0	3
644	5362
57	4172
31	2911
98	3069
39	4923
5	692
65	0
52	0
0	0
0	0
0	0
0	0
0	0
0	0
0	0
0	1
3	1
11	1
5	0
1	0
0	0
0	0
0	0
0	0
0	121
0	0
3	838
62	838
7	79
0	89
1	54
2	17
659	122
11	4
0	44
4	19
3	55
0	0
0	0
75	1770
25	1734
13	136
0	0
1	120
0	0
4	0
4866	9864
20	5977
14	9845
0	0
0	0
2	0
46	1
0	2
0	3
3	0
5	198
0	125
0	126
2	55
26	201
0	260
0	148
4	249
20	223
1	38
1	17
3	77
27	123
0	3
0	0
55	5630
0	0
1	0
0	0
0	15
2	15
167	87
8	87
0	0
0	0
0	0
9082	18
0	0
0	0
0	0
0	0
0	0
3	7
3	90
17	7
0	8
0	3
0	0
0	83
0	18
0	66
0	1
0	0
0	0
612	4
0	0
0	0
0	0
0	1
3	1
346	12680
5	12111
159	0
11	4055
1	899
3	729
9	2937
0	2732
7	0
0	1212
1	1203
2	249
0	120
14	736
195	312
15	55
10	160
2	140
0	70
0	13
0	0
0	0
0	0
287	173
0	84
0	0
21	89
116	32
0	0
0	0
0	0
0	0
0	0
0	0
216	0
0	0
0	0
0	0
0	1
6983	0
0	0
92	726
0	785
0	3651
212	3852
4	39
0	1315
1	192
51	116
0	0
0	0
0	5
0	5
0	16
0	5
0	0
0	15
5	0
1	0
0	3
0	3
0	0
0	21
5	2540
0	2572
0	2343
14	1680
3	2077
0	2607
0	2076
0	2833
29	2848
2	187
2	180
2	312
29	140
0	361
65	271
2	377
0	42
66	123
4	86
0	0
0	0
0	8
5	8
0	0
4	0
0	1
9	0
0	0
0	0
0	0
0	0
1	2
0	0
3	0
0	0
0	0
0	0
0	0
0	0
0	0
16	3015
1	54
0	0
18	246
0	39
0	23
0	243
0	1
0	5
2123	436
0	436
26	126
1	10
0	97
2	48
4	38
0	18
0	17
0	2
0	2
0	0
0	3
23	0
162	8153
149	8198
114	842
0	527
0	33
0	646
0	81
15	626
30	647
6	86
4	17
3	1508
25	161
3	932
0	1565
0	1469
0	48
3	216
72	38
0	1500
2	1835
0	481
2	0
15	319
1	111
3	1
19	6924
191	6912
182	6527
43	3369
0	4939
3	4
211	2953
21	11
0	0
26	2085
0	3545
1	3350
0	0
1	31
1	128
8	31
137	97
0	14
36	97
3	36
1	18
0	0
0	0
65	736
3	736
7813	18241
44	18239
0	0
0	0
184	1448
1	1406
1	1406
3	1405
1	1406
0	975
10	1
2	2
2	1
0	0
0	0
0	287
1	266
0	263
1	108
0	73
14	15
5	1331
129	1321
12	40
5	43
2	0
0	11
5	872
1	163
3	883
80	394
0	389
0	387
1	84
0	88
0	138
52	193
0	153
2	763
0	0
13	1
0	0
13	57
101	79
0	69
0	0
0	0
0	0
0	73
0	0
0	0
2	171
5	4
0	172
0	73
3	106
0	11
0	0
0	0
0	364
0	0
0	0
0	16
20	3
0	3
0	0
0	0
0	0
0	0
0	0
0	0
0	1791
0	1791
7	1531
1011	2
0	4
3	6
0	6
13	17
0	17
0	0
0	0
0	0
2818	0
0	0
0	0
0	0
0	0
1	0
0	3
0	0
1	1
0	1
0	0
0	0
1770	3
1	3
0	0
26	0
375	682
0	682
0	0
32	253
0	205
1	45
29	61
0	22
17	0
0	0
34	460
0	460
0	0
20	0
1	0
0	0
0	0
0	0
0	0
0	0
0	0
0	0
0	0
0	0
0	0
0	0
0	50
2	0
19	50
1	12
0	7
0	0
0	3
0	1
0	0
0	0
0	0
0	0
0	0
5	41
0	0
0	0
0	0
0	0
0	0
0	0
7424	843
18	50
24	777
12	91
146	91
2	0
737	2480
0	2480
0	0
0	0
1	0
15	1
0	1
0	0
0	0
0	0
0	6
0	96
0	100
0	106
6896	0
3	0
0	0
0	0
0	0
0	0
0	0
0	0
0	0
0	0
0	0
0	0
0	0
0	0
0	0
0	0
14	1129
0	1143
1	473
12	187
1	475
0	570
1	150
0	460
295	0
0	45
2	161
0	1549
21	1473
2	246
0	1046
0	1290
0	129
70	2606
7	1313
106	2475
385	417
212	1336
1	290
26	48
1	474
6	218
0	142
0	123
110	196
0	129
350	43
2	43
4	90
8	161
13	37
157	160
6	1
0	0
0	0
0	0
0	8
0	619
22	582
2	565
1	582
0	0
37	0
0	0
0	0
3	764
0	0
0	0
0	0
0	0
0	0
0	0
4	21
0	0
0	0
0	0
0	0
0	0
0	0
1	610
0	836
29	260
0	22
0	782
0	149
11	530
11	344
0	17
0	70
0	33
0	69
0	16
0	21
0	44
0	29
0	11
0	0
92	1171
37	1117
4	233
0	0
1	0
0	0
1	1
0	0
44	1
0	32
0	32
119	1326
31	1465
0	1149
2	198
0	0
0	0
0	0
0	0
0	0
1	7
0	0
2105	372
6	372
49	14
0	0
0	0
0	0
0	0
0	0
1020	164
0	129
0	31
0	21
0	0
0	0
0	0
0	0
0	0
0	0
0	0
0	0
0	0
5	8
0	0
0	0
0	0
0	0
0	0
0	0
0	0
0	0
0	0
1	221
18	491
0	223
1	476
19	150
0	0
0	13
2	33
0	29
0	0
2	0
0	0
0	0
0	0
0	0
0	0
0	0
0	0
0	0
0	0
0	0
8	3254
2	3109
0	2841
0	2985
0	206
11	81
19	423
2	395
0	0
0	232
0	0
0	0
0	0
0	0
2	170
0	74
0	6
4	0
0	0
0	165
1	7
2	0
3	0
3	0
0	0
0	3
0	0
0	0
0	0
1	20
2	58
2	1979
8	1977
0	147
0	0
38	4757
4	4723
11	67
1	138
2	13
0	56
3	445
0	51
4	48
16	84
7	21
26	201
81	164
3	56
0	87
0	87
0	87
0	86
0	41
0	0
0	6
0	6
0	0
0	14
5	138
0	138
0	124
0	0
0	8
183	0
399	3002
0	642
22	2841
0	0
0	3
0	3
0	3
0	0
0	0
15	23
1	23
0	0
12	0
1	0
2005	758
9	756
0	746
0	0
254	858
0	858
31	0
1	294
2	128
1	0
0	0
0	0
0	0
0	5
2	203
0	198
0	0
0	7
0	3
1	6
0	0
0	0
1	496
0	0
0	0
0	0
0	0
8	548
1060	125
9	123
0	915
45	892
2	601
16	99
76	526
19	126
13	25
0	303
0	140
9	43
19	138
88	886
4	1
0	26
0	886
0	31
21	0
1	180
2245	2108
0	1913
18	792
3	854
2	36
0	0
0	1
0	1
1	0
0	0
0	0
0	0
0	0
0	282
3	284
0	287
5	280
46	280
0	182
1	18
1	13
0	5140
77	5140
0	0
0	0
0	0
0	0
0	0
0	0
0	0
0	0
737	304
0	0
7	304
0	0
10	942
0	757
19	989
1	33
13	1369
15	248
0	158
5	58
0	0
0	0
0	0
0	0
0	0
0	1
0	1
0	1
0	1
0	1
0	0
0	0
0	0
0	0
0	0
0	0
1	0
0	0
0	0
0	0
0	0
1	0
0	183
0	0
0	0
0	0
0	0
0	0
0	0
0	3
0	0
0	0
0	0
0	0
0	0
0	0
2	0
0	0
0	0
0	0
0	0
1	1
0	0
0	0
0	0
3573	827
3	390
9	86
2	357
0	21
78	642
0	1070
0	4
1	118
0	537
10	335
0	230
1	33
16	147
2396	2
92	46
0	46
876	695
4	695
0	0
0	0
2	0
0	0
0	0
0	0
6	457
3	467
1	251
4	318
0	34
3	17
1	0
0	1
213	6053
0	1097
0	0
244	5053
67	5808
1	2580
0	1714
0	699
38	315
32	2165
1712	1882
5	1882
6	552
1	9
0	32
4508	1338
2	1334
0	0
0	0
0	0
0	104
18497	386
16	384
0	5566
0	5566
0	5550
4007	16
49	2424
108	2478
292	2522
0	0
49	283
59	123
0	215
11	12
0	6
0	6
0	1
0	0
0	0
3	0
0	0
1312	188
0	99
5	188
13	41
0	0
2053	1101
23	0
0	0
7	744
2	887
0	1803
0	1803
2	28
8	30
0	0
0	210
0	0
0	0
0	305
1	296
0	0
0	0
2407	2
0	0
0	0
0	0
2	1587
245	1693
0	81
1	327
1	108
47	292
0	275
0	26
2	4
5	72
1	24
4	0
21	1
484	0
616	7
1	7
0	1
0	1
0	1
0	1
0	1
0	1
0	0
0	0
0	0
0	157
3	158
3	152
0	14
0	0
4	10
3	8
7	8
0	5
149	0
1	0
0	0
0	13
0	12
0	0
0	4
0	3
0	0
0	638
589	0
10	1252
584	1252
1	334
0	3
0	3
0	3
5	2468
0	2104
0	1113
8	54
20	93
3	142
1	244
19	5
0	573
20	482
0	95
0	239
5	221
4	164
6	86
2	303
2	297
0	213
13	651
0	638
7	130
0	23
0	639
20	231
1	277
1	21
0	193
0	24
3	24
5	43
1	43
2	47
0	55
0	43
0	54
0	23
0	20
0	14
0	19
0	22
0	8
0	16
0	13
0	7
1	1
0	0
0	0
0	1
4	0
0	5
0	815
0	0
0	0
0	4
0	0
0	10
5	10
0	8
0	4
0	9
0	3
0	13
0	4
0	25
3	32
0	19
0	4
0	4
0	0
0	3
0	0
0	792
0	0
0	0
1	0
0	3
0	13
0	1
0	155
0	15
0	15
0	0
0	120
0	83
0	0
14	10
1	15
0	2
1	9
2	10
7	9
1	10
0	5
0	815
0	0
0	0
0	6
0	3
0	13
0	7
0	3
0	24
0	5
1	13
0	19
0	19
3	4
0	815
0	0
0	1
0	155
0	140
40	32
0	0
0	0
0	0
2	0
0	10
2	9
0	7
621	542
0	3
0	8
0	0
0	0
0	0
0	0
0	0
0	3
1	167
1	164
2	164
0	35
4	2
0	4
0	7
0	506
17	505
0	10
44	527
5	520
0	33
0	503
0	0
0	0
0	0
0	0
4	0
15155	3924
10	874
35	106
44	192
0	936
14	222
4	219
3	14
1	45
1	41
0	17
4	34
0	26
3	8
1	1
0	506
58	781
9	756
2	58
15	47
100	1682
4	600
6	457
0	1004
0	995
6	516
0	600
0	254
6	152
8	311
12	171
54	1788
0	1792
5	1807
23	1701
0	1790
0	1675
4	278
2	137
0	65
0	41
1	2
0	5
2	5
12	194
622	5357
0	5313
0	303
134	777
51	3866
0	3990
0	3976
0	476
0	0
0	335
0	0
102	2963
3	3
51	1122
22	371
0	213
15	417
0	1
0	28
0	0
0	28
0	0
0	612
0	7
0	149
4	9
0	5
0	14
0	8
27	351
0	5
3	599
0	69
0	35
0	7
0	478
0	612
0	37
0	73
0	2
0	1
0	1
0	0
0	1
0	1
0	0
256	973
0	899
0	37
4	115
0	102
4	126
0	133
0	114
0	139
3	127
1	13
3	6
0	31
1	32
0	13
1	3
0	3
497	71213
0	71213
58	16
191	427
3	127
5	432
2	189
0	249
1	178
20	359
8	278
0	185
0	214
0	73
0	77
0	42
0	68
0	16
1	8
88	8
205	576
0	571
0	141
1	45
0	46
1	5
1	6
19	11175
0	11199
417	13361
7	6683
0	513
38	1974
12177	2474
2	115
1	645
2	47
20	1636
1	1387
3	211
52	59
428	1006
7	861
1	238
8	333
1	127
6	129
2	249
0	350
29	361
0	268
0	41
2	42
0	103
1540	651
12	584
3	115
0	524
4	4
13	112
1	71
0	0
0	0
1	0
0	0
17	376
1	355
6	206
0	0
1	29
0	219
0	69
0	61
0	20
1	3
0	1
0	13
0	12
2	292
1	317
3	142
0	129
34	470
0	304
20	76
0	1
2	1
3	1053
0	171
0	141
1	171
3	175
1	20
0	7
0	9
0	18
0	13
0	0
0	0
0	0
0	0
0	0
22	0
24	0
1	0
0	0
0	0
0	0
1	0
0	0
0	0
0	0
0	0
2	1
0	1
0	0
0	0
0	230
10	230
0	0
0	2
64	430
0	430
0	0
2	5209
6	4099
0	5208
0	4119
2	4119
39	4521
2605	10721
0	6380
4	10218
18	9169
0	7825
3	1245
9	3631
1	1578
14	3040
11	1899
16	813
1	1416
0	852
2	834
1	0
53	0
29	17
0	12
8	2646
1	2685
0	2652
0	565
2	418
12	267
0	263
8	7
0	233
1	207
15	223
74	105
0	84
1	67
0	84
5	12
0	2
0	0
990	187
0	153
0	70
0	98
0	0
1	0
0	0
30	9
0	8
0	7
0	8
0	7
0	7
0	5
0	6
0	5
0	3
0	7
0	7
0	6
0	2
0	3
0	0
0	0
0	0
0	3
0	3
0	0
0	1
0	0
0	0
0	0
0	6
52	1164
0	823
6	160
6	633
135	787
0	0
0	194
225	590
1	98
0	0
0	0
0	0
213	225
1	27
0	138
0	171
0	158
0	100
4	598
0	604
64	317
0	46
7	17
0	17
42	400
1	374
0	255
0	62
1	271
6	18
4	136
120	208
0	208
0	17
422	1173
1	1044
46	1171
1	501
0	0
0	14
0	65
0	65
0	0
98	207
5	78
0	72
0	14
0	173
0	139
1	5
214	530
1	100
0	246
5	415
0	0
929	848
0	142
34	705
0	536
0	3390
3	3390
0	1
0	870
0	647
0	635
66	0
10	671
214	737
0	291
8	240
1	116
1	4
0	0
0	0
2	50
0	8
0	7
0	7
0	1
0	7
0	6
0	0
0	0
0	0
0	0
0	0
2727	311
2	311
5	3
0	3
0	304
6	284
0	304
1	3
114	183
0	0
0	3
0	3
0	0
14	2259
48	2260
0	7
2	231
1	195
60	19
0	3
0	18
0	1
0	1
495	1366
9	1340
0	0
15	410
7	21
21	135
2	98
16	36
10	0
2193	452
5	137
7	2
1	450
8	78
2	112
12	224
8	136
0	8
0	17
0	0
0	0
0	14
0	0
0	0
7	217
0	225
20	235
0	0
0	0
0	0
1187	3
5920	3600
175	1741
2	745
0	2359
5	126
0	132
10	0
53	251
0	184
26	223
1	43
2	0
0	6890
0	6890
24	7030
0	388
16	76
20	2004
15	0
999	192
34	192
13	3
0	2
0	0
0	1
0	0
2	102
0	96
0	92
8	2
3	5
0	0
0	0
487	2733
0	2733
24	3
0	0
0	0
0	2016
122	2016
0	9
0	106
0	96
0	54
5	756
0	179
0	417
1973	1586
3	1612
0	4
6	834
12	847
0	35
5	43
627	162
0	119
1935	1424
0	1424
4	1017
15	183
0	0
0	0
0	0
0	0
0	0
2	258
0	8
2	250
0	28
2	333
15	146
781	778
0	629
1694	355
2	324
0	0
2	5
8	31
19	27
0	1
171	211
18	15
1	189
5	6266
0	30
0	850
49	1109
2	1048
14	42
5	102
57	39
0	287
12	228
3	287
4	5
0	185
408	771
0	566
74	712
0	163
51	0
2	0
0	0
0	0
0	0
0	0
0	0
0	0
0	0
0	0
0	0
0	0
0	0
0	32
0	25
0	31
0	24
0	0
0	0
5	435
99	443
34	19
20	0
0	0
1	0
0	0
1469	4
0	149
18	149
1295	209
0	149
2	68
795	136
78	136
0	12
0	451
0	1562
0	3173
9	3108
0	277
112	605
61	705
25	404
10	133
14	4
1	27
0	27
0	0
1	0
0	0
1	11
0	4
0	0
0	0
0	0
0	0
0	217
0	0
0	0
0	0
0	581
0	0
0	0
0	0
1	0
0	0
0	0
3	0
88	3637
2	3649
0	253
0	308
0	974
0	0
0	0
0	0
0	0
0	0
0	3
0	0
0	0
0	0
0	0
0	0
0	0
0	0
1	2
0	0
0	0
0	0
0	0
0	0
0	0
0	0
0	0
0	0
0	0
0	0
0	0
0	0
0	0
964	840
4	840
0	285
5832	283
1	283
0	0
0	0
0	0
48	127
0	43
0	84
0	35
0	0
0	0
3	5737
103	7854
1	120
9940	7618
14	7572
24	5399
0	0
1	79
1	787
60	50
1	31
0	195
2	193
0	46
0	768
7	0
2	1214
7	495
3	241
5	1208
0	624
0	0
7	0
1	1
345	156
3	15
1	74
1	92
0	0
0	5
0	0
0	0
0	0
0	1
0	2
0	0
0	0
0	0
1	0
0	0
0	0
0	0
0	8
265	272
0	264
0	255
0	0
0	0
0	0
0	0
0	3
0	0
0	0
4751	2440
113	714
13	428
2	1774
0	0
0	1
0	0
0	0
0	0
0	0
8428	1339
1	787
1	752
30	0
6	0
0	0
0	0
2	0
0	0
0	0
2	0
0	0
0	0
1435	768
0	365
9	544
5	65
0	0
3	155
1	63
23	40
8	443
7	427
0	25
564	627
1	123
4	32
44	230
0	475
3	116
0	157
3	142
0	9
2558	956
0	627
5	805
2	857
61	846
0	0
0	0
0	0
0	0
14	20
0	20
5	3295
0	0
5126	3917
14	626
7	1269
0	846
39	208
1	0
3048	534
9	101
38	433
76	125
4	42
0	14
6	0
0	0
0	0
0	0
0	7593
0	2
0	87
0	0
0	99
0	4274
0	82
1	78
7	3380
0	16
0	10
0	4291
0	0
0	0
46	502
44	886
4	314
0	4321
0	4314
0	4242
0	4289
0	4296
0	0
1739	2
17965	18
0	0
0	0
0	0
0	0
3604	482
28	488
15	449
11	258
0	136
0	144
0	140
0	139
0	142
0	141
0	139
2	16
0	1545
1	1630
43	1632
2	1627
0	1625
0	0
23	0
4	89
2	78
1	58
0	0
0	0
0	0
11	1
0	1
1313	4494
2	313
0	4179
17	148
67	1095
102	2408
15	330
29	422
10	1403
0	925
0	517
0	0
6	0
2256	2
1	30
2	204
117	331
1	333
3	340
0	744
65	728
0	727
9	18
24	18
0	0
0	0
0	39
3954	501
7	270
3	146
33	112
2	0
2	112
26	396
0	375
5	29
8	31
4	1
339	19616
12	19469
4	9493
0	7502
11	6202
19	6263
2	1670
21	858
0	3087
1	904
1	766
8	356
16	320
0	0
1	0
51	904
0	904
0	101
380	334
88	277
0	35
1	88
465	586
14	541
0	47
111	40
18	20
356	170
0	15
3	10
0	161
3	38
0	0
0	0
0	0
0	0
0	0
0	0
0	0
0	0
0	0
0	0
0	0
0	0
0	0
0	0
0	0
0	0
0	0
0	0
0	0
0	0
0	0
0	0
0	0
0	0
0	0
0	0
0	0
0	0
0	0
0	0
0	0
0	0
0	0
0	0
0	0
0	0
0	0
0	0
0	0
0	0
0	0
0	0
0	0
0	0
0	0
0	0
0	0
0	0
0	0
0	0
0	0
0	0
0	0
0	0
0	0
0	0
0	0
0	0
0	0
0	0
0	0
0	0
0	0
0	0
0	0
0	0
0	0
0	0
0	0
0	0
0	0
0	0
6	0
0	0
0	0
0	0
0	0
0	0
0	0
0	0
0	0
0	0
0	0
0	0
0	0
131	618
0	617
12	508
0	507
1	455
0	435
7	1
0	143
0	0
344	180
0	176
0	1440
0	2079
99	1386
27	1152
9	927
18	956
101	141
940	6821
145	835
32	6821
0	835
3	478
86	161
1431	68
9	68
0	183
3	183
0	68
4	67
25	82
0	13
0	92
0	84
0	0
4	8
0	16
0	2
91	4686
1705	4686
13	658
209	5
0	5
23	998
0	1093
46	1114
92	1058
2	1029
0	36
10	0
0	590
10	288
0	21
1	1361
0	536
0	70
0	41
0	0
16	440
0	1228
3	372
1	63
18	289
7	1183
9	150
20	694
7	90
33	576
1	0
0	0
0	0
0	0
0	0
0	0
26	150
1065	466
8	360
0	0
9	1
1	1
49	836
202	565
15	849
0	260
0	141
10	146
19	126
70	452
1	312
0	0
4	271
7	266
1	83
5	0
0	0
0	0
0	0
517	24
0	18
1	0
0	202
5	199
0	242
0	341
4	337
1	331
0	337
0	200
0	204
0	192
0	1
4	3
14	182
14	7
2	7
2	41
5	31
4260	167
38	1190
4	3
1	184
4	201
0	1196
3	0
0	0
0	0
0	0
0	0
0	0
0	0
0	0
0	0
120	133
0	133
28	0
1	55
0	14454
22	14410
547	14454
0	0
0	0
2	0
7	5635
0	0
0	0
0	0
0	0
10	0
0	0
947	8
1	22
5	22
9	575
6	575
0	64
0	101
0	0
0	0
0	0
1713	389
1	163
3	113
3	234
0	0
0	0
0	0
4	345
0	0
0	0
0	0
0	0
18	3
0	3
2	0
0	0
0	0
0	0
0	0
11	363
1	84
0	0
400	1264
6	1264
5	221
3	48
9	2284
5	1944
2	4
0	0
1062	77
5	77
0	0
0	0
0	0
2	9
0	0
0	0
0	0
0	0
57	1925
0	1979
15	1805
42	1425
10	1289
15	157
18	88
197	730
3	228
182	636
0	0
226	0
0	0
0	19
0	19
0	0
0	0
0	0
0	0
0	0
0	0
0	0
0	0
1	3
0	0
0	0
0	0
0	0
0	0
0	0
0	0
7	5253
1	5255
375	2224
11	0
0	0
0	0
0	0
0	0
0	0
0	0
0	0
0	0
0	0
0	0
0	0
0	0
0	8
3	13
0	0
1	7
0	36
0	1237
1	0
50	1237
4	384
0	44
10	8
7	17
0	0
0	0
0	0
0	0
0	0
0	0
0	3
570	0
0	0
0	0
0	0
0	0
0	0
28	3325
4	2538
0	1845
0	1656
0	1675
0	1677
0	1721
63	2386
1	1759
0	193
43	540
17	201
0	132
4	18
10	228
0	204
1	0
0	0
0	0
0	0
0	0
0	0
0	0
0	0
1	1
0	0
0	0
0	0
0	0
0	0
0	0
0	0
1	1
0	1
0	0
0	0
0	0
0	0
5	1274
0	0
0	2
0	0
0	0
0	0
0	0
0	0
0	0
0	0
3628	20
0	0
0	804
2	795
0	814
0	86
0	168
1	663
2	3
1	51
1	24
3	29
0	1
8	59
0	21
0	9
0	0
11	73
21	26
0	0
0	0
0	0
0	0
0	0
0	0
0	0
0	0
0	0
0	0
0	4691
6	4675
38	4618
0	1123
2	1112
3	1076
47	770
59	707
7	630
0	0
183	526
0	190
0	39
14	0
0	0
0	0
0	0
2310	1636
0	1483
0	506
1	120
92	137
4	45
0	0
1	115
0	112
0	117
0	4
3	0
0	3
2	21
6	33
0	0
0	0
1	0
1994	1003
6	376
13	627
0	198
2	186
18	172
0	108
0	0
7	0
0	0
0	583
192	810
14	361
9	641
0	825
33	805
1	69
0	25
837	945
1	68
1	69
11	1037
15	1038
70	74
204	25
0	186
0	0
1	6
0	200
0	207
1	50
3	187
0	0
0	20
2	0
2	9
1	0
0	0
0	0
0	0
5	44
0	0
3	271
0	278
1	249
0	38
0	226
0	10
0	33
0	3
0	3
0	78
0	84
0	50
0	35
0	21
0	15
48	54
0	49
0	31
0	4
0	4
0	1
0	0
0	23
0	0
0	0
3	219
4	35
2	218
3	0
3	0
1	55
0	0
22	128
151	128
3	86
3	51
0	0
0	62
1	2
4	1
0	0
0	0
0	10
0	312
0	65
0	311
0	28
6	38
1	0
0	16
0	3
0	252
0	0
0	5
0	5
0	1
0	1
0	0
0	0
1442	0
627	386
15	386
0	0
0	67
0	29
14	0
9	391
888	1828
1	456
13	427
0	543
0	782
0	782
30	226
23	7003
1174	9149
1	7818
3	303
2	2
3678	20643
64	16160
14	11151
24	6698
0	262
0	255
1	104
112	78
0	6
0	5
0	2
0	2
0	1
0	0
0	0
0	0
0	0
0	0
0	0
0	0
761	2291
1	1014
0	483
0	170
2	799
130	594
274	869
1	330
4	0
0	0
5	2
162	2210
7	366
11	2174
0	0
3	69
4	0
0	65
4	125
66	885
4	132
2	78
0	328
493	377
0	375
0	0
0	0
0	0
0	0
0	0
2	47
0	0
0	0
0	0
0	0
0	0
0	0
0	0
0	0
0	0
0	0
0	0
0	0
0	0
2	0
6731	18
3	0
0	1
6	1
0	0
0	0
0	0
0	0
0	0
0	0
0	2
0	0
0	1
0	0
0	0
0	0
0	0
0	1
0	1
0	2
0	0
0	0
0	1
0	0
0	1
0	1
1	0
0	0
0	0
0	0
0	0
0	0
0	0
0	0
0	0
2	0
327	0
0	0
1	0
14	17
1	17
11	0
18	0
1073	3
0	0
2	3
0	0
0	0
0	1
0	1
11	51
12	51
1000	0
1	0
1	0
4	0
0	0
0	1
4	1
0	0
0	0
0	0
0	0
0	0
0	0
0	0
0	0
0	0
0	1
0	0
0	28
0	27
0	28
0	31
0	26
0	30
0	2
0	13
0	16
0	16
3	14
0	4
0	2
0	0
0	0
0	0
0	0
0	0
0	0
0	0
0	0
23	84
0	7821
0	0
0	0
0	0
0	52
0	0
0	0
0	0
0	0
0	0
3	0
133	0
0	0
0	0
0	0
0	0
0	0
0	0
0	0
0	0
0	0
0	0
0	0
17	9
0	9
0	0
0	0
417	76
78	78
433	1415
724	2836
1	540
2	449
40	980
11	248
2	450
6	217
174	296
20	2411
105	2411
0	0
1	79
1	604
0	648
10	564
1	15
0	1
0	1
3	87
258	2159
0	1691
6	90
65	460
9	164
1	112
0	79
12	53
31	29
0	0
0	0
0	8
7016	6
16	1
11	1
1	2
0	0
1	0
0	0
0	0
0	0
0	0
3	0
1	0
5	0
0	0
1	0
3133	2
6	0
0	0
0	577
22	367
21	346
2	19
0	0
2	310
0	35
0	20
0	40
0	215
0	395
0	77
1	126
2	6
0	167
2	9
1	217
0	81
0	68
14	2
1	2
467	9626
76	3513
51	1100
2	3815
5	929
10	337
0	431
4	229
5	113
24	36
27	5525
0	0
0	0
0	1
0	1
0	1
0	0
0	0
0	0
0	0
0	0
0	0
0	0
0	0
0	0
0	0
0	0
2188	0
23	45
3	45
1	0
0	0
0	0
0	0
14	28
0	0
0	3
0	3
0	3
0	3
0	3
0	3
0	0
0	0
0	0
1	0
16	381
3	2896
2	2768
14	2747
0	2697
0	2491
0	315
33	223
0	0
0	0
0	0
0	0
0	0
0	0
0	0
0	0
0	0
0	187
0	364
0	420
141	438
0	147
0	0
0	24
0	5131
0	5278
17	2244
23	3558
5	1513
4	479
5	73
13	976
0	3268
45	390
14	284
8	1867
40	1107
0	2
0	0
22	0
0	0
0	1
0	0
0	1
0	0
24	0
0	0
1	0
0	0
0	0
0	0
19	2910
34	2910
6	33
5	200
46	4403
0	861
0	4308
0	3037
0	4348
0	4184
0	52
45	91
0	318
0	69
1	365
2	37
0	262
0	236
136	0
0	149
0	274
0	0
0	0
0	0
39	21
8	0
0	0
0	0
44	399
12	397
4	74
37	0
10	0
0	0
0	0
0	0
0	0
0	0
0	0
0	0
0	0
0	0
19	0
0	0
0	0
68	58
45	467
276	488
0	55
9	128
4	86
1	29
18	129
7	124
1	78
14	17
0	3
2	123
2	0
0	16
0	110
0	19
0	28
0	123
0	0
276	1376
9	1376
0	0
531	0
8	0
0	0
0	0
0	0
3	0
0	1
0	0
355	1662
0	1553
0	53
0	110
0	0
0	0
0	0
0	0
3	37
93	37
1	10
0	0
6120	978
11	50
0	599
40	249
0	420
8	245
0	0
0	77
0	39
0	0
0	0
0	0
0	0
0	0
24	0
0	0
1	1
0	0
0	0
0	1
0	0
0	320
4	320
0	320
0	31
0	16
0	35
0	22
0	67
1	268
0	266
2	23
0	266
0	4
2	267
0	264
0	0
402	2415
1	2415
1	215
162	215
4	213
0	0
0	42
0	63
0	10
0	0
0	0
0	21
0	0
0	0
0	0
0	0
0	0
0	0
0	0
0	0
0	0
7	20
1	573
0	0
1	1
4	9
241	581
0	1
0	480
1	1
3	0
74	571
0	494
1	548
8	289
0	0
1	12
12	13
0	68
0	4
0	60
0	5
1	3
0	57
0	5
0	14
10	74
1	24
0	1
2	0
0	7
0	0
2	0
1	0
0	2
0	2
0	2
0	2
0	2
1	0
0	0
519	323
7	323
0	39
0	59
0	56
0	53
2	60
19	38
0	0
2	0
0	0
5	23
7	3650
2	11
0	398
2	0
136	16
9	0
0	3637
1	3602
0	4
1	3698
145	388
101	452
1	1025
52	501
25	563
28	563
80	70
6	64
3	19
9	0
0	0
0	0
0	0
0	0
698	164
0	107
0	57
0	0
0	0
0	0
0	0
0	0
100	25483
0	1
0	0
0	0
0	3
0	0
0	0
0	3
0	5
8	5
0	1
0	1
0	1
0	1
0	1
0	0
0	0
0	1
0	0
0	1
0	0
0	83
0	83
0	0
3513	4
1854	4
0	0
0	0
2	4
0	2
0	0
0	0
0	3
0	0
0	0
0	0
0	0
0	0
0	0
0	0
1	5385
108	674
9	5482
3	6
4504	0
1	0
0	0
0	0
0	0
0	0
0	0
0	0
0	0
0	0
0	0
5	0
7893	12
5	0
0	0
0	1
0	1
0	1
1459	33
15	33
1	32
8	255
0	12
1	243
9	1298
0	1181
0	370
0	431
42	131
8	20
0	290
0	108
8	173
7	21
2	8
0	9
0	18
0	4
0	0
0	0
8	0
1321	1709
35	1691
2	1537
0	36
0	73
0	86
2	67
0	0
0	0
0	260
1064	1990
1	538
78	1822
0	1579
48	203
0	1569
1	93
0	327
7	1454
6	1693
0	123
0	0
18	53
7	8
0	898
34	17
6	518
159	781
92	243
0	294
3	491
30	82
28	41
1	176
0	15
0	41
13	190
0	21
2	161
4	154
0	91
0	22
0	4
0	0
0	0
0	0
418	306
0	201
0	48
5	200
3	195
0	146
2	8
0	3
0	1
11	7915
1	1171
1	3964
12	2938
0	3293
0	6151
3	0
305	1129
5	927
0	155
0	90
0	202
0	127
16	8
12	174
6	181
0	37
3	0
311	317
0	225
0	133
0	125
0	133
0	42
0	77
0	56
84	2267
97	398
6	1161
0	1025
0	42
0	0
0	601
0	421
6	17
1	1
67	593
3	407
0	0
11	1336
0	743
0	1258
0	85
0	70
2	153
0	0
1	4
0	4
1	9
1	7
0	1
0	0
0	0
0	0
0	0
0	0
0	0
0	0
0	0
0	0
0	0
3	1
0	0
1	0
0	0
1	0
0	695
332	696
0	440
0	494
0	101
0	437
0	701
0	402
0	403
0	503
24	408
0	75
0	389
0	2
0	2
0	0
0	0
0	432
0	1
0	1
18	1
46	39
0	586
0	9
0	37
7	4
0	157
0	119
0	67
585	465
0	465
18	703
0	239
0	362
0	445
2	298
0	314
118	321
0	628
0	34
0	350
4	297
0	340
0	126
0	128
705	1072
1	683
0	439
0	320
0	227
0	70
0	0
0	45
0	45
1	26
5	640
0	203
0	620
14	605
21	601
1	75
3	72
0	15
0	0
1326	5762
5	2163
1	2093
0	3040
0	1891
0	733
0	0
2	802
0	704
2	244
0	852
64	580
0	716
3	732
1	413
0	165
3	36
1	618
0	34
0	375
8	177
9	195
3	151
1	5
0	5
2	5
4442	2
1	0
0	0
0	0
340	202
1	103
0	168
0	20
0	39
1	0
96	5
1	5
0	0
0	58
15	1498
15	1472
0	0
7	993
0	0
0	0
11	0
0	0
11	9
0	0
2	55
0	35
4	14
3	47
23	97
0	69
63	272
854	722
40	720
1	25
3	75
424	101
0	0
4	0
7	26
241	1712
8	0
4	190
9	1609
4	70
0	106
36	1190
14	23
0	16
4	126
45	0
0	1473
29	1543
0	584
7	0
0	0
560	1507
29	756
4	694
7	578
15	182
5	23
970	158
11	157
862	0
3	1
24	114
0	96
0	112
0	0
0	17
0	0
0	0
0	4087
0	3764
12	3855
46	1116
0	0
4	175
1	460
43	81
2	1730
0	126
11	162
3	9
11	183
14	2682
0	2676
0	2621
0	2692
1	2687
0	2809
0	421
0	2357
2	2204
5	168
14	93
2	424
0	424
0	212
37	8
0	108
0	64
2	40
0	0
2	30
0	7
0	7
0	7
0	7
0	2
535	2533
1	1873
0	45
7	1762
0	1388
6	13
3	71
4	1825
28	475
19	424
0	45
1	2
6	17
75	17
2	799
837	4140
87	724
47	511
0	948
0	4001
7	84
8	547
1015	3443
0	3447
0	735
0	0
0	0
0	0
0	0
0	0
2	7
0	7
0	1
0	1
22	233
243	233
2374	622
1	0
0	0
20	622
0	0
0	0
34	0
0	86
0	84
0	85
0	85
0	85
1	85
0	83
0	12
0	11
0	9
0	2
0	1
0	0
0	0
0	0
1	1
0	2
0	2
0	0
1	1
0	0
0	1
1	27
1	0
6	100
0	9
8	97
0	3
0	0
0	20
0	37
0	0
0	1
3	838
0	90
14	468
12	192
3	91
2	54
2	197
0	95
6	704
0	218
0	588
5	59
0	0
0	2
0	417
5	0
6	497
0	313
0	402
0	278
0	47
0	48
3	29
5	16
0	1
0	1
0	1
1	1
0	1
0	0
0	0
0	0
0	0
0	0
0	0
0	0
0	0
0	0
0	0
0	5
0	5
0	8
0	8
0	0
0	0
0	7
0	7
0	0
0	0
0	0
0	0
0	0
0	0
0	0
0	0
0	0
0	0
0	0
0	0
0	0
0	0
0	0
0	0
1	420
3	16
0	0
0	0
0	0
0	0
0	0
0	0
0	0
0	0
0	0
0	0
0	0
0	0
136	0
1	0
2	0
8	0
2	0
0	0
476	0
147	49
32	49
0	0
9978	3111
1	3098
1	16
5	437
0	0
3	587
0	249
0	564
1	42
2	59
2	10
7	34
0	2
0	34
0	24
0	1065
1	964
11	1048
0	1065
2	186
0	779
5	0
0	777
7	0
0	0
0	0
0	0
0	0
0	0
0	0
1	0
0	0
0	0
0	0
0	0
0	0
0	0
0	0
0	0
0	0
0	0
0	0
0	0
0	0
0	0
0	0
0	0
0	0
0	0
0	0
0	20
9	26
0	15
2	2
0	0
0	0
299	1192
42	562
6	1073
31	493
1382	1066
4	590
1	57
6	0
0	113
0	646
0	637
52	560
2	238
0	275
5	34
641	126
0	124
0	44
1	455
2	358
0	39
19	175
3	10
0	436
0	120
0	60
4	9
7	86
1	257
4	106
8	1
25	9
0	0
0	0
0	0
0	0
0	0
0	0
0	0
0	0
3	380
28	673
6	755
21	534
3	95
0	41
0	314
0	36
56	436
2	321
1	247
4	9
2	10
0	13
31	2364
60	4021
2422	4037
2	3499
1	71
73	369
1935	407
0	25
0	51
1	149
0	7
0	214
201	129
1	405
20	386
0	58
0	1
1	40
6	1
245	10
3	1222
8	1125
0	10
0	1434
0	1466
0	1306
1	1085
0	27
1	187
29	28
2	88
31	79
14852	12711
72	12711
85	10251
0	0
0	780
1	0
0	37
24	210
1708	1166
0	915
1	3729
4	3633
0	3915
0	4128
0	4015
0	4157
9	143
11	249
1	53
2	538
0	477
3	386
1	333
3	302
0	241
13	32
0	293
0	0
14	330
0	330
54	188
0	0
2	18
0	172
1421	4172
3	4170
37	135
2	515
31	0
0	78
4	79
2	6
10	49
14	7
325	2070
2	1689
179	1729
42	688
15	305
26	678
25	19
0	171
2706	11399
11	1679
129	10399
0	5249
0	0
7059	9758
19	703
4	6739
1	4438
4	9131
3	6906
335	33
1	33
1	120
1	136
4	17
1	56
0	41
0	8
11	61
0	144
1	18
6	127
0	156
0	32
0	89
0	41
134	762
9	233
0	0
0	718
1	57
0	308
326	460
0	56
4	163
0	280
0	168
9	134
2	69
1	59
1	5
1	58
6	47
0	49
0	18
0	19
174	0
6	0
0	0
0	0
3	1
413	0
0	0
0	0
0	0
0	0
81	930
0	184
1	299
3	165
2	82
4	445
0	252
1	0
1	96
1	82
2321	196
7	96
0	0
2	100
0	0
8	491
41	367
0	349
0	0
1	66
5	48
24	140
0	46
2	22
1	21
0	3
0	3
0	1
3	5
129	292
2	276
17	183
4	27
0	33
28	22
1	4
2	2
0	0
0	2
2	4
0	4
6	651
1	707
0	635
0	0
0	0
4750	18990
6	8412
0	0
4	2874
103	3394
0	8269
0	0
1	4743
0	2
4	0
0	0
154	694
0	604
5	4
3	90
0	106
3	137
0	20
0	12
17	0
4	1
1	0
0	0
3	0
0	0
0	0
24	111
1	97
1	110
0	2
0	111
7	110
1	1464
0	1470
41	1551
0	1059
0	1028
23	106
8	23
8	266
4	98
89	98
3	75
0	7
4	0
2	0
0	0
0	0
0	0
0	0
0	0
250	766
53	182
16	635
0	0
15	82
3	60
3	385
34	495
54	493
6	430
4	34
2	24
2	16
123	1
0	0
0	0
4	378
3	0
0	0
0	662
0	0
14	686
0	0
6	464
0	387
1	57
0	171
0	169
0	436
0	50
0	4
3	6
0	0
1	5
0	4
12	192
0	0
0	0
0	0
0	1
0	0
0	199
0	205
0	146
0	0
0	32
0	7
1	13
0	0
439	2131
1	1401
0	1816
0	758
28	247
7	483
5	639
14	87
82	131
3	335
15	283
0	310
5	25
3	68
538	133
0	17
0	20
1	3
1	50
21	30
0	30
0	0
1	0
119	1705
9	1721
5	1571
11	381
0	289
0	0
59	2851
1	2816
5	2801
14	1872
8	9
13	198
0	0
2779	10736
23	4555
133	7459
0	8047
31	162
0	0
17	467
0	1907
0	208
56	26
16	208
0	208
8	98
1497	682
3	636
3	22
5	1
14	58
2	44
10	982
70	691
1	125
0	689
2	407
0	1118
6	335
46	92
14	139
12	468
23	1755
5	1424
4	1344
16	0
4	120
17	68
22	1033
1327	949
0	654
7	347
0	0
0	0
0	0
0	0
2	0
0	0
4	519
18	546
3	329
0	0
0	0
5	445
591	445
309	176
38	178
3	120
14	104
0	0
0	0
0	0
622	1266
9	331
3	136
0	680
0	984
0	0
0	0
0	0
0	0
0	0
0	0
0	0
0	0
0	0
0	0
0	0
0	0
0	0
0	0
0	0
0	0
0	0
0	0
0	0
0	0
0	0
0	0
0	0
0	0
0	0
0	0
0	0
0	0
0	0
0	0
0	0
0	0
0	0
0	0
0	0
1	0
0	0
1	52
0	0
0	0
0	0
0	0
0	0
0	0
0	0
0	0
2	0
486	2591
0	326
0	245
0	183
0	2541
0	0
0	0
0	0
17	174
7	173
2	174
0	1
0	12
0	12
0	11
0	5
0	0
0	1
0	1
0	1
0	1
0	1
57	439
4	335
3	383
0	4
10	296
0	3
0	3
777	320
0	0
0	78
3	64
4	390
0	377
0	245
0	345
0	292
0	11
0	338
0	79
0	31
0	30
0	47
4	25
0	0
0	0
0	0
5475	10753
65	9529
33	4883
49	62
8	1798
13	863
8	1016
0	0
34	454
1	329
42	542
2	284
74	427
1	316
0	11
0	5
0	5
0	5
0	11
0	11
1	0
0	4
4	29
0	4
0	4
0	5
0	5
0	5
0	5
0	5
0	0
0	0
0	0
0	0
0	0
0	0
0	0
0	0
0	0
0	0
4	0
0	6
0	6
0	0
1	1
13	525
1	417
89	527
6	0
0	0
0	0
25	1
0	1
0	0
0	0
1	0
0	5
0	0
34	7
0	5
20	3
3	0
0	26
53	1511
0	187
25	1511
64	199
1	138
28	15
2	34
0	71
0	0
9	30
6676	4
6	219
58	219
0	0
2	58
16	0
0	19
0	11
4	17
2	71
72	152
1	1
0	0
0	138
64	0
27	0
0	0
60	33
3	1137
0	27
78	11
2	28
0	697
0	687
0	487
17	850
1	70
20	785
0	189
7	41
14	42
3	0
2161	134
8	4
2	136
0	0
0	0
23	0
0	0
441	0
144	22
0	22
8	1377
3	1465
0	1381
12	338
0	666
3	176
3	55
1	237
0	119
0	0
0	0
0	0
3	73
0	0
0	5
0	72
0	71
0	7
0	0
0	0
4	132
40	470
0	480
0	159
35	23
0	23
1	8
1	0
912	239
7	239
0	0
399	135
0	25
0	110
1971	259
39	142
0	1
4	114
0	0
0	0
0	0
0	0
0	0
0	0
14	2629
116	2666
0	39
119	40
0	0
39	0
0	0
0	0
0	0
0	0
1	0
0	0
0	0
0	0
0	0
4	64
0	111
0	0
0	0
0	111
0	0
0	0
0	0
0	0
0	0
0	0
0	0
3	1868
8	371
7	1731
12	370
51	12202
36	12254
62	12274
20	758
16	1380
16	277
9	64
0	4
0	695
171	709
0	46
16	72
24	0
5	22
16	1648
70	1648
0	209
0	250
10	498
10	467
14	40
0	0
116	17
2	5
0	5
15	5
1	13
228	645
0	505
3	437
24	48
145	64
0	54
0	3
0	3
0	23
507	0
96	1
0	1
0	0
0	0
0	0
0	0
60	4754
0	4839
75	4446
8	4887
9	4390
176	0
174	0
0	696
75	810
0	0
11	91
24	91
5	5
0	2942
0	27180
0	2287
0	3123
39	21481
680	25283
0	24693
45	24693
0	24817
1	23682
0	26550
0	26910
194	1725
2813	1328
0	0
7	7039
87	7399
11	2162
0	0
28	1175
9	71
0	0
1	0
1	0
1	0
1	0
2	2791
3	1108
0	1108
280	1108
3	420
2488	418
7	151
32	325
207	226
6	989
0	69
0	871
38	18
0	0
5	0
2	0
14	0
0	0
382	201
32	129
1	25
3	2
5	143
0	0
83	3
119	2082
27	2043
0	1
0	75
1	354
3	242
7	0
0	0
0	0
0	0
0	0
0	0
0	0
0	0
0	0
0	0
0	0
0	0
0	0
0	0
428	371
154	370
0	0
0	188
0	123
78	212
1498	512
4	393
12	0
23	113
0	0
0	0
0	0
65	940
0	33
1	940
1	24
0	0
1	48
0	74
0	13
2	126
2	1399
0	96
1	1399
31	108
5	0
0	0
26	225
0	300
0	292
0	290
22	296
0	256
618	527
29	185
0	419
11	0
0	0
1	0
0	0
0	0
374	537
0	537
1	343
3	208
37	163
3	148
0	37
36	63
2	86
83	327
2	296
0	20
0	41
0	0
36	3
0	3
4	140
0	0
880	632
4	329
5	70
15	74
20	174
2	0
998	109
10	109
11	0
307	331
29	267
13	246
0	56
0	131
1	124
5	74
12	6
1055	228
11	228
0	0
56	0
0	422
0	0
0	2
0	2
0	1
0	0
0	0
2	151
1	16
0	149
0	27
534	308
26	308
5	10
31	77
0	77
6	5
0	5
0	13
50	238
0	241
0	56
7	1593
79	1587
4	17
0	5
14	240
0	73
1	0
10	374
32	366
17	331
3	747
1	605
149	756
0	743
0	311
298	7553
44	2785
2	596
39	136
27	498
69	4353
3	209
215	1960
1	120
27	285
2	47
6	108
26	101
65	142
1	28
34	5
0	5
25	11
0	0
13	1242
0	1573
5	1595
15	1549
0	24
1	184
1095	243
13	243
148	2
0	2
0	661
85	665
33	500
2	4
0	13
0	13
0	0
2	5
0	6
3	0
1	42
1462	202
1	31
5	31
3	18
0	88
0	2691
0	2753
0	2753
8	1273
16	570
1	49
5	17
0	9
1	55
390	2
0	2
0	0
2	0
431	506
3	88
14	163
0	0
0	92
1	168
1	50
1	110
0	0
5	273
18	273
4	118
1207	1573
0	657
5	1389
0	0
491	889
4	889
10	862
0	88
7	168
3	2336
610	2652
0	2499
0	95
0	152
9	13
0	0
0	213
0	0
11	388
0	173
0	0
2	1291
151	1424
2	60
1	165
10	57
2	66
11	23
2	78
0	59
0	0
4929	2418
1	1801
40	2325
46	272
311	1350
78	526
3	70
71	116
64	63
40	26
2	0
6	422
0	375
0	252
0	335
1	209
3	0
1	27
0	5
4	538
0	467
118	139
0	31
7	11
5	35
0	0
1	300
43	222
0	1
0	12
0	12
0	8
0	1
540	0
0	0
0	0
61	0
0	948
155	948
0	135
12	135
104	0
0	0
0	0
0	0
0	0
0	0
0	0
0	0
0	0
0	0
0	0
0	0
2	4
0	0
0	0
0	0
0	0
0	0
0	1
0	3
0	231
18	305
2	216
42	38
0	11
0	9
183	11
0	11
0	0
0	2204
0	14
1	3
0	2203
6	6
7	1875
17	2196
5	476
0	54
5	470
5	1
2	265
0	4
3	4
21	210
0	210
0	38
2	1
0	0
0	0
6	62
133	62
2	34
0	57
0	65
0	0
1	38
0	14
0	35
7	12
0	189
71	1909
2685	1911
1	1149
2	0
0	2066
0	1734
0	1186
0	1737
0	413
0	161
387	2219
31	1890
1	1894
0	221
1	2
0	2
0	2
0	2
0	0
0	0
0	0
0	0
0	0
0	0
230	0
3	700
0	591
2	554
0	460
0	81
0	78
44	141
2	168
1	173
12	173
7	0
14	223
0	6
0	3
706	1192
7	292
3	348
2	161
10	72
33	238
0	514
3	52
11	5219
12	5219
305	5219
2	298
2	279
0	2
0	2
0	0
28	96
5	96
4881	1208
1	1201
282	335
0	189
195	487
2	239
1	213
6	331
5	27
946	0
0	0
0	61
0	61
0	4
2	12
0	0
2398	518
1	57
0	72
68	195
0	90
4	179
0	22
1	252
0	0
0	1
0	1
0	0
7350	6
1343	1272
4	348
8	586
6	149
3	84
0	79
10	201
0	120
0	120
3	120
0	21
1	13
5	25
1	0
0	3
0	0
0	6
18	6
2053	2708
15	994
12	2079
0	202
76	48
25	472
14	1793
4	287
88	2729
0	226
32	818
0	291
5	703
1	185
30	623
0	2788
15	150
13	931
0	266
0	176
6	153
1	171
16	464
0	42
52	48
20	41
1	2
5	0
0	2
235	136
5	42
3	74
21	25
14	23
0	26
5	173
0	70
6	102
0	111
14	115
0	48
1	46
19	1
1	0
4	3078
56	2969
5	3098
0	756
0	574
0	559
0	78
1872	1549
0	1496
4	120
4	252
1	104
2	56
3	179
2	197
1	25
0	0
0	53
1	27
77	2162
13	17
2042	2146
32	402
0	0
0	0
5	609
2	9
565	15077
1	510
10	15129
1	1159
4	2942
16	0
0	0
19	161
0	0
0	1
0	1
0	0
0	0
0	0
0	0
0	0
0	44
0	45
0	43
0	44
0	34
0	36
0	36
0	3
0	5
0	0
0	0
0	3
0	3
1	0
2	0
0	0
4	1876
0	15
2	1571
0	1170
2	24
19	1893
0	60
1	0
0	1649
0	196
0	81
3	73
1	243
28	1990
0	1990
0	12
0	12
0	12
0	3
0	2305
0	3016
9	918
0	2547
1	2705
1	975
31	539
26	414
7	297
0	0
0	0
1	4150
295	4149
1	2720
31	892
6	468
3	1
0	1
11	1
358	464
1	205
5	248
0	28
26	13
1134	344
27	343
3	85
19	1
7	34
1	34
0	0
56	4280
25	3882
0	3510
78	663
5	449
0	3549
0	3468
0	0
10	0
0	0
0	0
0	0
835	174
0	10
0	0
0	79
0	79
1	165
0	0
0	0
381	990
0	24
2	2
0	24
2	24
0	182
0	22
1	4
0	433
4	0
0	0
0	0
0	0
0	0
0	0
0	0
0	0
0	0
0	0
91	390
0	29
0	342
2	327
3	203
0	26
7	1
2	35
202	1236
7	457
12	39
8	377
15	232
0	523
14	691
16	177
3	366
6	319
74	1229
9	98
692	0
28	282
79	1260
88	26
0	26
0	0
3	0
2	70
97	70
2	1788
72	1898
0	1849
194	1960
0	2826
0	3240
1	3028
0	2956
0	3085
71	3240
0	3249
0	3246
0	3337
0	2641
0	1664
400	596
15	1467
0	1467
4	202
0	0
0	334
0	0
5	0
0	0
12	0
43	0
1	2
577	3291
10	721
0	282
17	2694
0	0
9	13
0	12
41	841
1	841
0	541
2	434
12	18
3	59
2	4
3	0
12	0
0	0
8	0
587	380
2	0
0	378
8	0
0	248
0	279
0	235
1	353
14	333
0	225
0	226
0	120
0	1
0	1
6	138
0	55
0	135
0	16
0	0
0	487
2	696
54	608
0	229
5	444
0	67
3	109
1	185
0	178
9	25
7	44
6	55
49	1685
17	1631
0	1670
6	164
0	134
15	25
0	11
18	12
1	41
5	0
12	241
26	604
9	191
8	131
1655	0
2038	379
14	924
0	896
0	376
0	129
0	149
0	40
0	0
0	0
349	44
12	44
523	0
0	0
0	2112
769	2717
26	609
3	0
10	296
316	2055
13	1790
1	124
0	985
0	133
0	1144
3	507
0	1147
0	30
3	244
0	0
1	677
246	0
11	413
0	1804
0	1900
0	2098
1	2008
0	261
0	209
0	1067
0	1530
1	144
0	1400
1	166
0	224
119	8
0	3
1	6
205	0
0	28
524	159
9	129
1	61
2	22
2	21
164	0
0	0
633	664
9	643
9	126
9	443
15	10
3	0
2553	374
22	374
8	0
518	736
21	734
0	98
0	0
1	0
37	113
0	114
0	114
0	19
0	974
4	964
0	0
21	7
2	224
0	25
9	53
0	955
5	922
6	0
3262	1296
2	125
7	3
0	0
1	21
3	1278
12	92
0	0
0	1
0	1
0	0
0	0
0	1
0	0
2	2
0	1
0	1
334	185
1	8
1	23
0	162
1	864
112	1136
19	1044
0	105
713	223
0	142
3	145
16	135
17	103
2	44
0	0
87	1218
1	1218
7	157
1	15
13	45
855	377
0	0
12	67
0	137
13	2
2	189
0	0
458	0
81	44
0	44
3	334
4	695
2	207
14	682
25	673
1711	999
1	33
2	937
0	0
0	0
177	21
1	21
148	424
4	332
4	193
5474	91
915	209
8	209
0	43
8	72
0	0
1	0
0	0
463	219
8	217
1	83
0	4443
13	4268
3	3505
122	836
0	0
5	29
24	83
0	0
0	0
5	8319
5	7820
9	7784
16	6205
0	5223
8	5460
6	1560
6	308
0	0
1	0
0	0
2	0
0	0
634	3877
0	2577
15	2185
2	2235
7	1660
0	942
12	949
0	939
2	939
0	829
4	987
0	948
1	195
2	1010
3	908
2	603
0	851
0	914
9	681
0	80
0	277
0	269
3	294
1	166
2	0
0	0
0	0
0	0
0	0
0	0
0	11
106	791
0	28
1	781
0	115
0	90
0	60
38	121
0	29
1	43
5	1
0	0
0	53
0	9
357	0
2	0
0	7
0	20
9	4
1	9
0	13
0	6
1	0
0	0
0	6
0	3
0	4
0	1
822	1830
0	1281
0	553
33	699
0	676
0	88
5	68
0	17
0	43
0	65
37	63
0	0
1	15
0	0
0	14
0	14
0	14
1	1
0	0
27	934
0	896
2	12
3	36
6	201
90	325
3	325
0	0
0	0
0	0
0	0
0	0
0	0
0	0
0	0
0	0
44	35
0	35
2	1502
11	1502
0	1534
0	180
0	87
50	79
0	0
0	0
0	0
0	0
0	0
4	628
6	1779
7	1731
59	1062
131	7
0	7
0	2
1	1115
1	209
1	27
0	0
523	1086
1	122
0	332
1	0
1386	3394
0	0
10	9
0	1051
3	2618
7	2346
0	0
6	190
1	31
0	49
0	34
43	190
0	2
139	0
25	1657
0	1693
4	1343
119	721
1	627
0	633
10	384
815	47
3	47
22	329
0	329
0	0
5	173
1032	343
0	321
9	22
32	1011
306	1875
4	756
16	293
24	95
0	0
0	0
1391	620
41	614
502	7234
304	4356
0	886
0	931
11	5709
6	2139
19	0
7	1260
1112	420
19	195
12	328
0	0
88	25
0	0
0	25
1	4
0	0
0	0
1	0
7402	556
41	553
0	0
0	0
0	0
8	1974
2	1914
0	1417
7	1144
3	248
0	1332
4	42
21	22
12	75
0	175
21	140
4	342
19	769
0	121
16	319
0	75
0	101
0	99
0	71
0	41
0	9
0	2
0	27
0	0
1	0
1	136
1812	237
0	0
10	172
3	0
1	753
10	753
1475	1086
0	0
1	642
0	129
51	103
25	240
3	159
1	0
0	2
4	2
0	0
483	0
0	0
0	0
0	0
0	0
0	0
683	0
6	5
929	0
0	2
24	21
0	21
1	3
0	0
93	2650
38	2548
16	1581
637	1735
1	1554
19	228
12	334
1	318
11	175
13	40
3386	493
44	483
0	60
0	0
3	29
0	29
3973	2072
1	851
4	946
50	272
41	946
19	1043
12	502
7	261
0	572
13	54
16	7326
9	189
117	2352
37	136
31	7187
26	2037
76	2740
1	1478
3	1615
6	609
20	795
7	55
572	655
1	423
4	115
0	196
1	117
2	204
1	12
0	2
3696	0
0	0
9	0
0	0
0	1145
1181	11317
12	1128
39	9318
6	9246
5	4213
25	5204
27	2430
17	2214
0	0
0	0
3104	1260
112	1253
4	7
1312	59
2	57
126	0
0	308
147	346
0	75
4	129
0	27
2	58
901	186
13	111
0	0
46	2896
11	3026
892	3282
3	2743
1	584
20	317
6	791
2	63
9	130
13	1386
0	0
0	70
2	0
0	0
0	0
0	0
17	0
77	7184
34	7209
9	13
0	100
6	3659
0	7147
3	9
5	3342
201	3257
0	2213
15	175
21	138
7	350
17	697
0	637
1	997
8	1
0	0
0	0
0	0
0	0
0	0
617	4748
0	4647
7	3864
5	410
0	532
181	741
1016	0
969	103
24	103
1455	0
7	0
730	146
11	48
79	98
0	0
0	0
0	0
1	0
0	0
0	0
0	0
0	0
159	0
10282	4200
137	4192
0	0
70	0
0	11
0	0
0	0
0	0
0	0
1	0
133	12005
103	12005
3	32
0	0
0	453
2	0
0	0
0	0
2	201
78	2830
0	1231
106	2773
0	126
332	143
1	91
5	121
21	195
2	1356
0	117
10	34
5	361
2	102
7	26
5	88
1	114
0	430
1	8
0	214
0	270
1	2572
0	2783
0	267
24	0
89	2780
67	814
36	1271
9	59
9	17
1	17
0	704
106	22
0	0
0	22
0	17
0	7
0	4
0	0
2	0
4601	488
41	0
0	0
1	0
0	0
9	468
2	0
0	253
28	209
32	660
0	3884
0	3730
0	3777
2	15
0	38
0	3394
0	133
1	0
0	2825
0	0
1	1393
4	410
2	117
2	48
0	0
1	5108
2	12
5	585
9	4855
0	4872
0	5288
2	392
0	4691
1	694
7	5187
347	795
0	318
1	1128
9	327
0	73
0	5
0	3
2	0
2	72
1	8
1	2
0	2
0	1
9475	4
10	1663
114	3216
0	2280
0	0
0	0
11	133
61	133
7	0
0	0
1	6
108	1417
39	1314
1	162
2257	2
3	3
0	0
1	3
0	0
0	0
0	1
6	188
0	333
0	328
1	300
64	88
0	9
0	90
3	1
2073	0
44	63
8	61
0	643
0	643
0	643
0	193
5	17
0	3
3	8
1	0
0	0
234	1814
7	591
1	1227
0	0
1	0
0	3
0	0
0	3
633	0
0	1660
2	1660
18	174
0	1197
23	1265
3	493
0	0
0	0
0	0
1384	360
1	348
4	10
441	590
1	590
0	364
5	206
0	0
8	0
1	5643
1	1162
0	4669
4	107
0	3615
10	4180
19	7
0	726
0	2014
0	4982
4	0
17	195
0	222
0	178
11	197
1	59
934	46
8	46
0	0
0	0
0	13
0	0
0	0
0	623
14	919
0	627
18	27
7	59
4	221
13	1
5	3125
0	3130
3	64
0	4825
103	2693
9	1601
0	19658
424	19630
10	1581
0	7475
9	59
25	323
10	155
2	450
7	410
15	215
0	379
0	983
0	3029
255	3028
0	0
0	953
243	685
23	653
1	43
0	0
0	0
0	0
0	0
0	0
0	0
0	0
0	0
0	0
504	0
0	0
21	0
0	0
0	0
0	0
0	0
0	0
0	0
0	0
0	0
0	1344
0	1547
1	1953
0	2261
0	2176
0	2271
50	2355
6	249
0	299
1	44
0	229
11	157
0	0
0	0
10	7248
0	599
0	7275
0	392
0	240
0	0
0	0
0	0
0	0
262	167
6	80
5	92
0	35
1	3
0	3
4	0
1	0
0	0
92	8
0	0
1	6
0	2
0	0
1569	2500
16	2498
39	2044
4	999
35	1455
21	1442
5	1355
11	418
0	211
3	260
0	35
1	187
0	30
0	7
17	31
9	112
1	169
19	425
0	447
0	431
0	442
0	16
0	41
1	20
1	35
0	24
0	1636
0	1818
0	679
7	180
4	260
1	249
0	509
0	411
1	2
0	173
5	378
0	0
1	0
0	0
8	4426
32	4519
69	4428
27	4412
0	0
0	0
0	252
1283	97
2	97
13	6
0	2
0	4
0	0
0	0
5	26
2	61
0	13
349	84
5	26
0	51
0	21
0	27
6	0
40	0
3685	878
1	245
6	51
13	584
0	0
0	0
0	0
10	0
0	4
0	4
0	0
0	4
0	0
1	0
0	0
0	0
0	0
0	0
427	0
2	0
38	811
4	815
6	712
2	19
1	145
0	137
2	218
40	3702
47	3702
0	10
10	89
10	0
67	130
89	0
0	2303
18	2306
0	2313
0	207
10	270
0	226
1	214
1	189
18	150
0	113
0	131
3	112
0	67
0	49
0	69
23	166
0	0
8	173
90	161
0	0
330	0
7	760
0	771
13	4
0	1
1	100
5	38
3960	2926
0	2916
0	1465
31	0
1214	56
2	20
0	36
11	74
0	212
561	305
4	82
0	6
1	93
0	0
0	0
0	0
0	0
0	0
0	0
0	0
0	0
0	0
3908	0
20	0
0	0
1	37
0	37
0	23
0	26
0	6
0	4
0	11
0	0
4	0
0	0
5	0
835	0
4	0
9	15
1	20
0	16
2	4
46	146
0	0
0	70
29	396
0	339
40	256
0	247
0	140
2	62
0	0
0	0
0	0
0	0
0	0
1760	48
0	0
0	0
0	46
1	23
0	149
0	3
0	0
29	34
352	179
2	179
0	0
0	0
0	1
0	0
0	0
16	692
1	22
20	688
0	127
7	0
0	0
0	0
0	0
0	0
0	0
0	0
0	0
0	0
0	0
0	0
0	5
0	0
0	0
0	0
1	0
0	0
0	0
0	0
0	0
0	0
0	0
0	0
0	0
0	0
0	0
0	0
0	0
0	0
0	0
0	0
0	0
0	0
0	0
0	0
0	0
0	0
1	0
0	0
0	0
0	0
0	0
0	0
0	0
0	0
0	0
0	0
0	0
0	0
0	0
0	0
0	0
0	0
0	0
0	0
0	0
0	0
0	0
0	0
2	108
0	0
0	0
0	0
0	0
0	0
0	0
0	0
0	0
0	0
0	0
1	0
0	0
0	0
0	0
0	0
0	0
0	0
0	0
0	0
0	0
0	3
0	4
0	0
28	71
0	0
0	0
0	0
0	0
0	0
0	0
0	0
1	686
0	876
49	1137
4	151
2	248
2	996
13	78
0	0
86	10823
0	3278
100	10656
0	6998
0	402
123	525
0	377
142	116
3	67
17	444
2708	85
9	79
36	243
0	243
4	0
0	0
0	0
0	0
3	0
0	0
0	14
9	141
0	0
0	0
0	0
0	0
0	0
0	0
0	0
1	97
0	0
1	209
0	84
0	34
0	0
1	64
0	0
0	3
0	0
0	3
0	150
0	2
0	0
0	4
0	0
100	352
1	8
0	0
0	0
0	0
0	0
5	147
0	0
0	0
0	0
0	0
0	0
0	3
0	3
0	3
0	0
0	0
0	2
0	150
0	2
0	0
0	0
0	3
0	0
0	10
2	10
0	7
111	205
3	23
1	0
0	2
0	0
0	2
0	0
1	186
0	2
0	3
0	0
9	152
0	46
0	1
0	1
0	2
3	170
0	0
0	1
0	0
0	3
0	0
0	2
0	0
0	58
2	6
0	3
0	0
88	382
0	0
0	4
0	0
0	0
0	5
0	1
1	189
0	0
0	0
0	0
0	3
0	4
0	1
2	3
0	0
1	40
0	40
0	0
0	0
0	1
0	1
0	0
2	1
0	53
0	53
0	8
0	1
5	0
7	1
0	0
0	0
6	105
0	1
26	281
3	265
37	16
22	11
492	46
1	46
1	462
0	410
0	152
2	339
25	454
7	57
14	0
3	57
223	0
0	3569
4	3403
6	3149
12	1551
0	118
0	447
1	0
3	289
466	396
0	126
12	271
0	4
7	178
0	18
3344	0
0	0
0	0
5	0
92	149
12	149
3	115
1	11
5	5
0	0
4	365
18	45
7	15
191	668
0	630
9	29
3	264
0	31
0	1
0	1
1351	145
0	138
0	3
48	0
0	4
12	248
0	105
31	267
0	27
7	186
4	30
2	7
9	762
0	791
18	750
10	746
1	560
0	423
15	415
0	0
0	42
0	201
3	214
5	181
4	97
3	38
0	77
1	67
14	82
0	51
0	64
26	0
4	0
0	0
0	0
0	0
0	0
674	47
0	47
1	0
21	183
3250	483
0	320
266	0
0	0
0	171
0	0
0	1543
1	1453
11	1464
1	1425
1	10
7	365
14	218
1	0
0	44
0	0
418	367
2	360
0	37
0	1
0	0
0	0
0	1
0	5391
0	5449
1	5290
13	6731
0	2336
0	128
0	66
0	220
0	573
0	87
0	155
0	2553
0	874
9	866
2	808
0	660
8	2344
0	261
1	3926
2	496
0	1408
0	862
0	1957
0	1840
0	1913
0	1061
0	1883
0	1314
20	845
0	501
0	0
52	0
84	2095
1342	2695
100	37
31	0
67	526
0	0
43	834
3	598
13	0
0	0
8	0
39	0
788	252
58	249
7	124
0	28
1	43
0	0
138	188
324	196
2	6
0	0
0	7
40	91
2	70
2	45
2	46
0	15
0	13
0	140
3946	1479
168	474
7	1005
30	38
8	473
3	6145
0	6256
0	1609
0	1482
0	4091
3	38
0	238
1	141
1091	2086
1	319
77	1015
0	90
150	2200
0	279
0	1873
0	1874
2	240
0	1404
0	1453
0	0
8	4
0	0
0	0
0	0
0	12
0	813
0	266
0	3
0	179
2	22
0	10
19	18
0	14
2	3
114	169
0	193
4	162
0	1
0	0
0	0
1	57
7	82
0	46
500	114
1	18
5	0
0	0
621	182
0	0
0	182
12	0
1927	4537
6	4543
0	22
0	906
3	370
0	376
0	372
3	375
0	363
0	298
0	208
0	0
0	33
0	31
0	26
0	15
0	1
4	1
0	3
9	376
36	376
4	241
0	315
15	73
2	8
387	0
0	0
0	0
0	0
4	0
0	0
0	0
0	0
0	0
350	276
16	269
0	218
0	0
0	165
0	31
0	31
8	31
2	18
1	5
0	4
13	2047
38	2046
7	224
5	0
26	0
0	0
96	0
125	2
0	0
0	0
9	5
0	4
0	2
0	2
0	0
0	0
0	0
0	0
0	0
0	0
0	6
2	2314
587	16555
107	1877
1	4588
14	593
2	870
47	12987
3	4219
2	1045
1	2544
11	1137
514	3997
0	16
0	0
0	0
6	211
9	3770
2	0
48	0
9	73
6	214
7	297
2	4
0	4
0	0
0	0
0	0
0	0
6	20
66	4283
30	68
106	4351
9	2352
7	2113
0	1946
0	1094
17	1627
4	78
10	884
5	748
1	574
10	328
0	34
0	238
0	147
0	144
0	80
0	41
0	3
0	154
0	65
0	38
0	0
1	0
15	360
0	233
49	87
2	170
1	104
3554	229
13	218
11	17
0	745
0	569
0	740
4	654
0	628
0	9
3	1
0	0
0	0
1	3
44	49
24	74
4	43
0	0
459	1836
53	829
8	308
110	1499
1	1276
0	306
3	199
1	414
0	434
19	44
7	218
1	473
145	126
2	124
6	34
778	2
4	0
1403	8
4	189
3	209
18	199
0	18
2	23
0	37
3	20
2	34
2	0
28	455
0	1651
3	683
3	761
5	1524
1	733
1	0
0	612
5	733
0	736
8	703
27	73
17	373
0	6
7	41
4	48
1	7
4	3
16	320
9	319
44	168
0	229
0	186
6	181
0	126
0	137
0	127
0	138
0	142
0	131
0	130
0	141
2	122
14	95
0	113
47	121
7	79
0	57
1	0
46	6
0	6
144	1644
1	36
5	1650
0	1641
40	1634
4	99
0	0
0	0
11	476
0	494
0	493
0	19
0	0
0	0
75	3481
2	3504
0	208
0	85
8	11
0	2
0	7
0	3
0	2
0	0
0	3
0	2
2	5
0	5
2	6
0	3
11	5546
0	5545
1	6917
0	6917
9	235
51	1314
39	3030
6	1674
0	98
0	94
1	96
0	1
0	0
0	58
0	139
1	133
2	139
0	126
0	124
7	88
0	51
0	41
0	26
0	7
0	2
0	2
0	1
0	0
0	1
2	6
0	5
0	2
0	0
0	37
0	45
2	6
0	42
0	2
0	7
0	0
0	0
0	0
0	0
0	0
8	5
0	5
0	0
0	0
0	0
0	518
26	593
0	7
0	212
1	454
0	83
1	237
64	120
0	119
7	2
2	31
0	22
601	315
0	315
3	24
0	1137
0	1137
2	80
2	179
0	76
2	132
4	137
0	138
1	96
0	98
0	7
0	21
0	14
0	9
3	25
0	10
0	13
0	1
0	3
0	0
0	0
0	0
0	11
0	11
0	11
0	4
0	5
0	4
0	0
0	0
0	0
0	0
37	357
29	308
0	47
1	44
1061	977
4	722
1	421
4	143
43	340
13	111
0	0
0	49
1	3
0	66
0	6
0	18
0	3
48	1209
167	2836
44	3086
0	2740
2	542
0	755
0	466
0	363
0	363
0	368
0	368
0	363
0	363
0	350
26	55
3	34
0	0
1	2
0	2
0	1
0	2
0	0
0	0
0	0
8	0
0	0
0	0
0	0
0	2
0	2
0	0
0	0
0	0
0	0
0	0
0	0
0	0
0	0
0	0
0	0
0	87
119	103
3	59
96	187
12	219
1	106
2	102
0	58
4	0
16	2
0	2
1	687
2	657
27	486
4	324
15	75
0	57
21	218
0	1214
0	732
0	439
0	1003
14	1176
0	662
2	1179
3	1093
0	260
6	422
1	108
0	0
0	0
58	134
4	15
33	134
1	1
0	67
177	3849
359	3811
12	71
2	35
14	42
0	8
0	23
8	33
0	14
0	8
1	7
0	2472
0	3005
131	3005
0	220
0	50
3	5
0	234
0	385
19	385
14	206
57	385
0	220
1	193
254	1061
157	1174
2	406
2	48
4	90
2	90
0	37
2	30
0	7
0	0
3	115
0	7
0	7
0	0
17	2
0	22
3	24
0	0
6	3
0	16
0	16
0	16
0	16
1	2
1	13
0	4
0	0
0	0
0	0
0	0
0	2
0	3
0	3
0	3
0	3
0	0
0	9673
141	9778
0	10058
1	844
0	0
11	3215
55	637
0	9144
5	2288
10	2845
11	5025
152	5049
28	27
1	20
2	221
0	144
3	4520
3	749
776	743
4	743
39	484
37	1
0	99
0	0
0	1
0	0
5	166
23	1373
0	35
59	1367
17	1333
0	51
2	159
2	55
90	112
11	49
3	50
2	17
0	323
23	593
61	661
0	224
0	73
11	168
7	31
2	68
0	36
199	0
972	1497
344	700
23	1490
0	0
0	21
0	21
0	0
24	0
0	0
633	1470
16	392
3	182
49	90
0	376
4	166
0	425
2	491
14	287
0	0
13	8
3	0
2	8
567	0
10	0
0	0
0	0
0	0
5	0
241	1245
2	635
2	1096
1	357
3	962
39	3015
22	4619
184	2680
39	245
1	2374
1	797
150	1602
16	77
35	1537
2	226
9	1229
0	0
25	371
370	828
2	56
6	43
11	148
0	320
0	160
1	2225
0	1927
64	1942
8	1576
24	1890
0	2038
1	42
1	187
63	0
603	283
0	97
0	186
0	1153
23	875
230	1371
0	41
6	323
0	159
10	0
6	109
128	82
4	65
9	78
4	55
3	27
7	35
41	560
0	560
3	66
3	80
9	507
14	43
2	71
5	80
0	6
0	0
24	1697
12	1821
37	1917
0	79
1	203
22	1834
0	300
0	937
7	106
0	1807
0	1807
9	224
25	467
115	88
1	37
0	51
487	0
8	5738
622	5758
3	2555
24	5285
3	250
12	1069
2	33
0	33
0	1
41	1
0	1
0	0
1	0
4	88
10	0
1	76
0	61
1	79
0	19
0	8
1	54
25	122
0	29
9	10
73	100
0	1
0	13
0	8
692	0
0	0
0	0
0	0
0	398
49	385
0	407
2	158
0	38
0	21
1	8
32	9
8	0
16	1011
0	3379
0	2192
0	3260
57	3198
139	2928
12	153
101	0
39	16
18	49
0	49
4	0
173	124
13	161
0	134
0	137
27	329
0	143
21	301
4	41
0	0
4	13
0	89
6	2
0	66
0	2690
201	2678
5	221
13	145
76	123
0	3
0	3
0	3
0	3
0	3
0	0
0	0
0	0
0	0
0	0
0	0
0	0
0	0
0	0
0	0
0	0
0	0
0	0
0	0
0	0
0	0
0	0
0	0
0	0
44	1514
0	0
0	0
11	45
0	39
2932	1042
32	124
0	974
39	0
0	0
0	0
0	0
172	476
56	164
6	535
3	498
5	585
16	0
9	0
0	0
8	0
91	0
2	5
2	5
0	2
85	0
0	0
156	125
0	79
17	0
0	2
1	42
0	26
0	490
43	490
0	62
0	21
2	57
0	27
47	29
0	46
11	4
1	0
1	0
10	0
100	0
87	77
0	33
2	22
5	0
1198	1443
0	1240
77	734
0	0
0	0
0	0
0	0
0	0
0	0
2329	2387
2	153
97	2168
3	3
0	0
19	0
10	1226
111	0
61	1245
21	1326
207	393
1	1241
0	926
118	1142
0	105
35	254
24	9
150	22
59	52
146	13
5	2
0	2
8	32
6	152
0	191
6	40
229	206
16	1816
4	283
9156	3594
0	33
8	0
5	260
3	353
10	117
52	0
237	554
51	4
41	74
0	322
6	109
5	472
8	40
55	0
7692	2479
8	741
12	865
9	1290
31	54
2788	2
1	0
0	0
0	0
2	377
0	397
0	201
0	144
4	0
3	0
0	0
6	0
25	0
6	113
2	6
0	0
0	0
13	127
5	104
11	79
1	0
3	0
12	0
0	0
0	10
0	9
0	0
0	11
8	0
11	0
0	0
0	0
0	0
9	40
3	3031
25	3066
2	3016
22	2900
0	13
1	3
3	1
694	441
0	282
0	218
21	9
0	26
0	109
0	56
7	79
19	0
3	114
14	0
0	0
10	0
0	123
0	106
0	67
0	11
0	21
0	47
2	48
0	52
0	57
0	7
23	8
1	0
0	2735
1	2655
2	808
39	2056
27	1955
0	1143
0	1818
1	872
18	683
0	0
235	79
0	79
156	21402
0	0
0	0
0	0
0	0
0	0
0	0
0	3
0	0
0	0
0	1
0	1
0	0
15	2272
0	0
0	0
0	0
0	0
0	0
0	0
0	0
0	0
0	0
0	0
0	0
0	0
834	0
7	0
672	6971
12	1
82	7306
14	69
32	453
174	1329
2	3583
160	0
0	219
0	216
0	219
1	223
0	222
0	37
0	4
0	2
0	2
0	2
0	5
0	2
0	1
0	3
0	1
0	2
0	1
0	3
3	0
0	70
0	1
1	27
0	0
0	0
0	10
0	0
0	0
0	4
14	1259
3	1349
0	1074
9	154
6	40
70	536
31	6
37	120
4	13
0	499
42	18
1	471
81	453
9	473
1	48
5	2
49	1
239	195
13	195
7	0
1958	1609
16	0
1	1379
0	0
0	0
3	38
0	0
0	355
0	27
35	388
0	14
0	0
0	14
0	2
0	6
0	16
3	3
14	31
2	0
0	27
1	11
0	0
0	2
1023	558
0	0
3	266
30	292
0	0
0	0
0	0
0	0
0	0
0	0
24	46
84	299
2	270
2	1354
0	1173
4	1261
0	1307
0	1311
40	1221
5	1162
0	1107
5	114
0	806
2	27
0	537
45	328
0	218
0	216
10	178
98	137
1	15
59	17
0	0
34	416
0	0
0	137
0	121
1	29
13	136
0	166
14	56
0	119
0	0
0	0
0	10
0	0
0	0
0	0
0	0
0	0
0	0
0	0
0	6
0	6
0	0
0	3
0	0
0	0
0	0
0	0
0	0
0	6
0	0
0	0
0	0
0	0
0	0
0	0
0	0
0	0
0	0
0	0
0	0
0	0
0	0
0	0
0	0
0	0
0	0
0	0
0	0
0	1
0	1
0	0
0	0
0	0
0	0
0	0
1	0
0	0
0	0
0	0
0	0
0	0
0	0
3	0
0	0
0	0
0	0
0	0
0	0
0	0
0	0
0	0
0	0
0	0
0	0
0	0
0	0
0	0
0	0
0	0
0	0
0	0
0	0
0	0
0	0
0	0
0	0
0	0
0	0
0	0
0	0
0	0
7	186
0	46
0	74
1	5
2	10
1	0
0	113
0	1
0	0
1	42
1	8
0	370
1	3
4	3
8	130
0	0
1	626
0	21
5	720
9	762
0	18
8	112
29	0
15	0
20	0
46	0
0	0
0	0
0	0
0	0
0	0
0	0
0	0
0	0
0	0
0	0
3	368
87	368
15	0
0	0
3	1
6	0
0	149
10	142
7	141
0	0
11	0
6	0
2	0
2	0
5	0
1	0
0	52
0	0
0	0
4	0
0	0
0	0
0	0
0	0
0	0
0	0
0	0
0	0
0	0
0	0
1	0
2	0
0	0
0	0
1	0
0	0
0	0
0	0
0	0
0	0
0	0
0	0
0	0
0	0
0	0
0	0
0	0
0	0
5	1288
0	664
1	677
1	691
0	677
0	1307
0	592
23	54
0	0
39	142
22	0
2	1
5	17
0	0
1	3
0	0
12	130
144	703
0	134
9	154
0	730
11	596
19	10
3	0
0	164
8	2
0	2
0	0
0	0
2	0
1	0
0	0
0	2
832	7231
0	1471
107	332
5	944
23	5088
1	376
1	381
0	378
1	366
2	362
1	68
12	0
1702	0
0	0
0	0
0	0
0	0
2	0
4	6
0	6
0	0
0	54
0	4
0	53
0	109
15	0
0	0
0	0
2	106
0	51
0	0
0	0
0	0
0	9
0	31
0	31
0	0
0	0
0	7
0	6
0	0
0	12
2	9
0	3
0	3
0	0
205	364
3	190
0	54
2	56
14	158
30	130
0	25
0	0
389	11
48	11
565	682
12	682
59	0
4	0
130	0
669	1066
5	496
0	202
0	353
0	246
1	196
0	91
0	0
0	0
0	0
4	0
0	0
36	351
31	507
4	589
8	9
6	203
2	312
0	359
1	0
48	24
0	0
0	33
0	0
1	2
0	2
1	2
0	0
0	2
1762	2
385	262
30	112
0	150
0	0
0	0
0	0
1	1
129	1
0	0
2	11
5	7
0	0
5	714
50	2311
1	22
31	2116
5	172
47	932
35	932
0	104
130	2107
96	2107
3	313
14	298
0	206
0	0
1	231
0	106
0	106
7	2432
17	2183
70	2226
1	2172
1	141
4	791
12	706
0	2602
70	2602
46	17
0	1
0	1
0	1
0	1
0	0
46	919
0	50
7	885
0	0
2	0
0	14
2	0
1	197
0	0
2	0
2	0
0	193
0	303
0	2
0	27
0	53
0	25
4	24
0	0
0	0
0	0
7	10
0	0
0	0
0	0
0	1
6	600
4	667
41	0
0	251
1	205
1	96
3	91
0	0
0	61
0	3
35	115
1	3
4	2
1	115
5	14
4	1233
0	0
4	3
72	494
0	0
0	0
2	0
0	0
0	1
0	0
0	0
0	1
1	1
0	0
0	0
0	0
0	0
6	37
0	0
0	0
0	0
7	3
53	0
150	595
69	595
0	1259
0	3034
19	2938
0	77
5	333
0	307
1	0
0	601
245	131
3	110
155	1212
0	1170
18	42
1	198
28	123
16	1
0	90
1	15
0	0
52	23
0	0
26	0
2	0
0	0
2	0
4227	33
20	0
0	0
20	1048
0	1015
2	1037
1	72
1	160
1	103
3	28
2	152
26	0
6	114
0	994
11	47
4	848
7	965
32	72
30	128
33	0
3	66
1	0
1	10
0	0
0	4
0	0
2102	0
62	0
6	0
0	0
0	0
0	0
1	144
662	270
4	277
0	295
15	1
0	8
4	565
0	0
6	731
0	704
2	636
28	153
2	11
17	0
99	227
1	227
8	5
2	12
0	3
0	0
0	0
0	80
13	343
100	343
1	79
5	36
0	46
0	0
0	152
27	152
0	0
0	0
475	580
0	568
1	13
1	344
8	2423
0	2410
9	974
25	334
0	357
0	243
37	972
2	644
0	5
0	6
0	5
1	0
0	1
453	259
1	256
2	4
1	18
0	465
29	370
31	3709
0	6
3	56
0	289
13	3558
0	174
4	3558
12	117
5	298
10	368
99	61
0	1065
0	826
0	0
1	310
3	409
0	891
5	1292
5	157
0	1389
0	845
0	91
11	75
23	352
0	361
0	374
5	145
4	161
14	388
2	387
3	388
1	330
0	164
2	84
1	0
1	0
0	0
110	1317
0	475
0	466
37	382
74	842
1	12
1	0
0	0
0	0
0	0
0	0
0	0
0	0
0	0
0	0
2884	0
16	965
95	1500
1	94
0	1494
1	98
0	71
3	181
0	0
0	230
8	223
3	4
3	76
6	59
1	46
2	17
1	21
0	2
0	0
0	0
19	2209
5	2227
33	2100
6	0
0	7
3	8
0	4
0	0
0	0
0	0
959	932
2	513
180	383
5	0
122	136
145	899
1	897
18	892
4	208
4	267
0	197
2	0
4	55
73	71
0	0
0	0
5	4
0	0
47	23
1	21
0	0
0	0
0	0
0	0
0	0
216	1
0	0
28	778
0	777
7	9
3	777
430	2938
70	3191
1642	6237
6	116
1	279
35	3594
0	0
8	2072
152	1224
0	0
2	0
0	0
0	0
1	0
112	0
2	0
0	1
0	0
1	1
20	0
193	51
0	43
1	8
18	8
0	0
3	11
1	11
0	0
0	0
0	0
0	0
0	0
3	2
0	0
0	0
0	0
0	0
0	0
10	2
0	0
2	0
0	0
1	1
0	0
0	0
0	0
0	0
0	0
0	0
0	0
0	0
0	0
0	0
0	0
0	36
0	3
0	0
0	0
1	46
0	0
1	46
0	0
1	0
0	0
0	3
0	47
0	0
0	0
0	0
0	9
0	0
822	392
1	145
5	93
2	152
2	21
3	73
90	3
0	0
0	0
3	0
1	0
1	1
0	0
0	2
1	0
1	0
1	0
6923	749
73	721
0	0
0	0
31	41
0	43
2	11
0	13
0	0
1	368
0	2096
437	2124
154	391
8	238
1	70
250	0
0	0
10	0
2	2
3	0
1	243
24	739
0	33
0	1028
1	187
2	1014
151	498
71	0
0	70
0	705
16	352
62	0
302	299
1	820
0	742
68	609
1	524
0	313
1	90
4	116
187	0
0	0
40	0
1576	171
0	171
2	36
0	36
0	0
0	0
2301	1959
1	1991
70	406
14	200
10	34
0	0
0	0
0	0
6	2
0	2
646	2055
736	2498
2	377
0	958
0	0
0	1736
0	0
5	142
10	44
9	319
21	512
9	849
2	1
2	0
0	0
0	0
5	0
0	0
0	0
1	9
3	8
0	7
0	9
67	877
30	1195
68	744
0	402
0	327
0	527
4	453
7	148
2	260
33	0
0	0
0	0
0	0
716	6421
4	6294
2	127
30	1093
0	738
2	1584
45	2255
35	0
14	1
0	5263
1	859
0	5061
61	5109
120	68
0	1145
0	0
6	325
2	630
0	765
0	0
0	0
0	0
1558	3258
116	15
177	88
79	855
0	440
21	2873
0	1
0	415
8	758
18	6
0	0
0	3
0	4
0	0
0	1
0	1
0	1
0	1
0	0
0	0
0	0
0	0
0	0
0	0
0	0
0	0
0	0
1	0
0	0
0	0
136	5
0	5
602	865
0	0
0	789
203	14
0	698
21	199
0	620
0	165
100	573
33	531
4	481
7	451
2	23
0	115
287	24
0	526
1	365
32	283
0	29
0	28
1	4
0	0
0	2
0	5
0	1
0	0
0	113
8	106
5	107
4	4
15	0
0	0
0	14
0	25
23	1966
5	0
0	1247
21	1841
33	1719
14	63
0	163
1	1384
4	55
0	240
0	240
1	276
48	142
3	225
0	224
0	263
0	246
0	264
0	222
0	254
0	60
0	25
0	39
0	25
0	10
3	15
49	0
395	950
256	950
917	1971
29	1796
3	358
11	119
17	75
0	84
3	44
0	49
1178	17
2	17
5	32
0	32
0	1219
23	2224
1	767
15	1381
1	354
5	215
0	396
4	62
10	190
2	280
6	57
0	230
4	78
77	0
1	518
4	519
2	519
0	489
0	45
0	49
15	93
0	114
39	819
3	1133
0	202
3	846
2	414
6	525
1	489
139	3300
0	1527
0	3107
0	3100
0	3022
0	297
1	143
0	87
0	83
0	147
0	298
0	154
2	123
0	55
0	6
0	6
0	0
0	0
0	0
0	0
0	2
0	2
0	0
0	0
0	0
0	0
0	0
0	0
0	0
0	0
0	0
1	894
5	776
0	517
0	406
0	398
1	378
0	121
1	155
9	195
0	234
0	106
0	193
6	141
11	1471
26	2421
0	2505
19	2256
10	367
2	225
30	779
4	434
0	80
0	327
10	259
24	163
64	1301
0	1323
0	1279
21	1310
0	415
3	300
0	28
2	142
2	49
1	288
1	283
0	90
4	2270
0	65
2	2057
0	697
23	1641
0	1531
9	1874
10	261
2	556
0	430
0	652
30	467
6	461
1	54
0	27
2	77
0	46
0	13
4	37
2	2818
224	3586
50	404
2	692
0	706
75	0
50	149
1	0
0	0
5	3166
47	3450
17	406
17	813
1	294
1	986
15	351
0	218
17	1228
3	320
6	578
2	1090
37	1064
1	514
3	1031
0	1186
2	590
0	674
3	399
8	354
1	125
305	776
53	313
1	175
2	21
2	97
0	33
0	50
0	73
0	265
7	0
0	28
29	50
0	9
0	49
0	4
0	22
4	4
0	16
0	0
2	0
0	0
0	0
0	0
0	0
0	0
0	0
0	0
1	0
1	41
12	839
7	161
154	8
0	762
0	8
3	43
21	0
0	137
1	0
0	0
0	0
0	0
504	187
62	48
0	58
0	27
0	135
0	9
9	30
1	659
0	602
0	388
11	288
27	133
9	0
18	315
0	877
1	408
9	916
7	637
23	868
2	151
1	113
5	142
2	137
6	120
0	53
2	11
6	0
5	2
0	2
6	0
16	11
1	22
1	437
108	876
1	2
9	17
0	134
11	93
189	770
1	753
0	464
3	12
138	33
1	1
0	0
0	21
0	0
195	1290
0	70
5	183
6	79
5	713
2	522
0	1139
0	973
0	963
0	963
0	879
0	57
6	371
4	0
2	61
1	0
15	0
0	0
0	151
2	21
0	8
0	8
7833	2595
282	511
32	2046
0	0
0	0
0	0
0	0
0	0
0	4
0	0
0	0
0	4
0	0
0	0
1	4
0	2
0	0
0	0
16	140
7607	7396
6	6061
171	227
1	106
67	143
167	0
2	1494
0	0
1	3029
3	0
0	0
0	0
0	0
95	0
44	2287
890	2615
156	86
0	1919
10	3
42	431
1	0
34	0
0	0
1	5
0	5
4	2779
11	3466
0	2536
57	2785
0	3306
0	2559
40	3317
0	1997
72	570
2	818
0	576
0	404
6	258
0	26
83	448
20	133
2714	1210
0	1026
6	22
18	0
6	11
0	0
2	100
5	132
1	30
0	667
5	1140
0	1169
30	337
6	103
7	333
1	106
0	667
0	15
0	1075
0	18
0	0
0	517
0	639
0	0
0	18
0	50
3	33
14	0
5954	1484
115	143
1	1223
0	1263
0	0
1	295
4048	0
4	0
4	2
0	2
0	437
79	1938
2	1825
0	979
32	590
245	5599
0	5168
12	6125
188	4613
0	952
1	902
0	1548
0	1567
0	0
0	1039
11	671
1	691
0	351
0	0
1966	1659
1	310
0	59
3	88
3	857
2	530
43	192
0	795
1	767
0	758
0	0
0	0
3	1011
219	782
2	907
55	956
2	90
0	229
8	71
0	85
10	0
1	849
3	1661
2	2003
2	586
16	633
10	729
0	229
78	163
3	121
0	0
23	792
6	799
0	137
30	76
5	1562
1	1576
0	212
5	110
0	1716
2	62
7	364
0	296
0	0
11	0
0	140
0	976
0	962
0	1052
0	952
0	584
0	908
0	1028
2	108
63	171
1	93
0	104
3	15
0	72
0	197
1	103
1	81
1582	2027
25	1185
0	2
0	609
5	585
1	111
0	0
71	157
0	3309
311	1776
8	476
0	2589
0	3266
0	3171
1	3151
1	2760
0	2561
8	1321
50	21
1	952
1	157
7	67
1	167
714	153
0	0
51	153
2	0
2	0
0	4
0	4
1	4
0	4
0	4
2	0
24	0
0	0
0	0
0	0
0	2
0	2
0	2
0	0
0	0
1	0
0	0
0	0
0	0
74	416
0	0
43	413
0	11
0	59
0	87
0	10
2	493
0	0
2064	1303
4	806
309	0
17	6
11	0
3	1
0	1
0	0
2	5
0	5
0	0
0	0
0	0
0	0
0	5922
26	1276
6	5657
4	500
0	356
2	11
47	589
13	549
1	888
4	5590
7	11
81	4087
346	997
0	997
1	101
0	40
85	86
74	0
0	0
69	0
0	541
18	570
0	437
3	23
17	136
18	82
0	1
13	548
0	0
0	6
9	66
0	550
4	554
0	554
0	7
4	7857
23	725
0	709
1	344
0	7508
7	8087
33	7251
0	0
18	0
39	19
0	4026
0	460
17	509
0	1026
1	4429
3	1044
17	506
7	850
8	790
4	258
6	203
0	834
1	535
0	130
0	369
5	137
0	2
2	227
0	63
10	353
0	328
0	25
13	2
3	234
0	46
0	98
7	86
3	55
918	100
1	55
0	63
0	0
18	31
9	51
0	5
0	0
0	10
0	0
0	10
57	1144
3494	1889
26	618
30	0
1	27
32	3
91	270
70	475
0	0
0	24
26	25
0	11
0	1423
11	417
1	1102
4	0
0	31
0	183
0	1005
0	710
1	1049
10	804
0	706
1	6
1	52
0	0
0	80
5	16
1	135
0	102
0	30
0	0
274	3719
2	219
104	3073
52	723
2	1169
41	235
18	738
2	709
34	855
2	43
33	435
5	703
666	1135
25	468
18	867
6	222
3	0
8	0
0	0
0	0
0	0
0	0
0	0
0	0
0	0
0	0
24	1
0	1
85	0
1	0
382	70
40	70
0	11
7	0
396	912
10	905
4	42
16	738
29	4
3	772
6	721
0	94
15	97
62	39
181	279
0	44
38	239
2	41
4	32
9	82
1	570
0	666
1	580
1	501
3	663
12	558
0	0
0	23
1	48
0	50
0	46
0	50
1	49
0	50
0	24
0	4
0	7
0	0
2	8
0	5
0	5
0	4
11	2
0	4
0	5
862	563
20	1
0	558
0	0
5	3
79	2
2675	540
33	537
1	238
41	201
0	30
474	0
0	0
1	10
2	14
0	11
0	5
2198	0
736	380
0	380
26	0
0	1120
2	1077
0	1126
0	907
4	907
0	1127
0	86
0	501
0	501
0	30
0	58
1	230
10	87
3	58
0	0
46	187
0	1
0	177
3	171
0	102
3	74
0	33
0	0
0	182
1876	1011
9	305
0	309
9	412
0	0
45	337
0	0
203	286
0	0
237	0
262	0
0	0
0	0
9764	61
867	667
0	46
0	656
57	1
0	1
0	0
0	0
0	0
48	579
0	557
1	97
4	238
1	0
0	291
0	111
1	0
0	0
2	84
1	593
3	1409
0	100
0	1103
2	585
27	1177
13	161
0	0
8	503
0	0
4	27
0	74
5	1
0	2
0	2
0	1
0	3
0	40
0	6
0	40
0	3
0	6
1	4
2	4
0	4
0	2
0	168
0	0
40	205
4	39
3	53
1	2
0	115
0	9
1	9
1	55
99	109
2	104
1	0
0	0
4	5
0	0
10	25
0	25
0	0
282	113
11	113
1	2
0	0
0	0
0	2
0	1
2	0
0	0
51	675
8	563
4	540
0	24
1	300
0	260
5	29
11	24
1	0
3	36
62	183
1	42
0	95
0	105
0	41
2	32
0	0
10	9
5	211
0	208
1	109
0	187
0	149
4	5
8	13
2	6
33	105
15	5
24	1069
7	393
0	166
1	382
9	233
0	539
0	38
0	218
0	1032
0	156
14	93
715	496
59	17
15	519
30	352
0	29
1	2202
85	2202
0	1403
0	0
2	0
0	0
2	164
0	153
0	153
0	134
0	145
0	148
0	55
0	14
1	11
0	22
3	0
1	0
0	1
5722	14488
7	2629
9	13592
14	1405
34	105
0	616
231	3317
0	2748
0	0
5	1241
304	38
0	255
0	0
0	677
3	671
0	99
0	19
0	0
0	12
1	12
0	0
0	0
0	0
0	0
0	0
0	0
0	0
0	0
0	0
0	0
0	1
0	1
0	1
0	0
234	0
0	817
111	863
1	319
29	148
10	648
0	0
1	83
0	0
0	0
3	9
0	0
4	940
128	1026
5	537
0	18
65	12
47	0
95	4957
38	4957
0	226
15	893
0	0
0	0
0	0
0	0
0	0
0	0
0	0
0	0
1	0
1	0
0	5
2	6
0	1056
0	1056
1	1066
14	86
0	1
4	140
0	0
3	32
32	0
42	0
0	0
0	0
0	0
84	90
1	5
20	0
1	1
1	1
6	0
0	86
90	617
1	157
51	626
4	240
0	3071
0	2714
1	3145
1	3274
0	3040
14	2405
63	0
153	2256
4	1971
3	209
181	1051
388	948
0	121
8	0
5	0
1	0
0	4
4	22
0	12
0	11
6165	188
54	170
11	0
0	0
2	20
0	15
1	0
0	12
3	0
0	0
1	1396
156	1396
22	1392
13	11690
10	2896
2	11476
0	12045
6	10426
0	10386
0	11407
7	8564
6	6991
0	7552
0	8535
6	1852
3	1355
16	1260
23	443
6	2932
6	342
0	1042
4	0
0	0
83	0
3	0
0	29
0	29
5	0
0	15
11	1
3088	3192
34	2031
1	1936
4	539
30	128
2	255
0	249
3	158
85	0
4	45
0	0
0	0
20	0
0	0
0	0
2	0
0	0
4	123
3	124
1	127
3	118
0	22
18	0
7	0
2	0
0	0
0	37
0	0
43	0
0	0
0	0
7	0
15	0
4	0
21	0
25	0
0	0
0	0
0	0
0	0
4	0
0	0
0	0
1	0
7	0
0	1048
0	995
0	1274
0	1274
0	1274
55	1361
0	945
0	0
0	459
1	164
0	97
0	0
1927	1822
2	1060
1	95
2	1012
2	630
5	93
308	1350
0	841
1	979
1	1073
8	105
0	10
23	10
11	0
0	0
0	0
0	0
0	0
1	0
5	0
16	0
424	910
10	841
2	48
0	761
30	117
0	819
59	1704
2	726
0	41
0	401
23	0
234	888
11	1242
0	1309
0	50
5	78
222	0
57	0
137	0
48	131
18	141
0	71
2	0
0	0
0	18
0	0
1	0
0	0
0	0
0	0
0	0
24	394
6	125
5	135
0	328
0	388
0	377
0	384
17	127
0	120
0	17
0	10
0	0
0	0
14	0
8	0
0	6
20	0
0	20
5	26
8	0
0	22
0	0
7	77
0	23
9	0
9	16
1	6
1	2
3	0
0	39
0	0
1	41
55	205
4	207
0	188
0	33
0	102
1	52
0	52
0	52
0	52
0	52
0	52
24	51
143	30
2	46
0	15
0	16
0	0
0	0
3	0
0	0
11	0
4	0
10	0
6	0
11	0
14	0
0	0
8	0
0	0
7	0
7	0
2	0
17	0
16	0
9	0
23	0
0	0
3	0
24	0
4	0
41	0
1	0
25	0
1	0
0	0
0	0
6	0
5	88
0	0
5	0
3230	644
8	101
0	472
0	71
95	0
0	3
0	3
13	0
2	0
0	0
0	0
0	0
0	0
0	0
0	0
0	0
1	0
0	0
0	0
0	0
0	0
470	648
0	620
0	551
0	432
16	0
24	0
1	59
0	0
43	0
1	0
1	0
1	0
0	0
0	0
0	0
0	0
63	0
993	7069
25	6409
101	472
0	6402
467	156
0	1159
42	0
127	2
0	1
54	5
0	2
0	4
0	0
1	0
0	0
0	0
668	0
0	324
67	367
0	118
0	0
66	679
0	679
0	0
5	2
0	69
3	0
49	1453
0	1453
1	1096
42	2
3	71
284	3487
5	329
1	3480
27	48
1	180
79	182
107	218
126	87
0	19
0	19
0	69
1	26
159	1990
0	1990
0	233
0	175
0	197
6	4
12	175
6	5
2	443
16	71
0	230
3	346
0	0
0	0
0	0
0	0
0	0
0	0
1	58
3	0
347	143
4	141
3654	3115
0	0
18	3115
65	182
2	483
67	652
1	90
124	802
4	823
2	790
124	59
0	41
95	0
0	0
0	0
0	0
0	186
0	0
0	0
8	0
0	2212
10	2217
2	2207
29	2217
35	1889
2	138
4	18
5	23
47	0
3	210
2	37
3	38
0	1
0	95
11	316
0	37
11	33
0	310
0	61
5	29
2	29
0	55
50	0
5	0
32	2172
1	2112
0	193
0	0
0	1303
0	303
0	0
0	0
0	0
0	0
0	0
0	0
0	0
0	0
0	0
0	0
2	45
0	0
0	0
0	0
0	0
0	1
0	0
0	0
0	0
0	0
0	0
0	0
0	0
0	0
2	0
2	2
0	0
0	0
17	0
769	2195
237	1988
0	1685
2	1180
0	673
1	162
6	103
101	0
53	0
46	0
36	0
1	0
10	0
30	0
29	0
53	0
27	0
38	0
15	0
17	0
12	0
0	0
0	0
0	0
0	0
0	0
0	0
0	0
0	0
0	0
0	0
0	0
268	0
0	0
37	1
0	0
0	0
0	0
0	0
0	0
0	0
0	33
0	0
0	0
0	0
0	0
10	0
0	1
0	0
0	0
0	0
0	0
2	3
0	0
0	0
0	0
0	0
16	1759
3958	2616
15	0
118	6
14	47
117	0
0	151
1	154
17	368
5	9
0	9
0	0
0	4
4	9
0	6
0	0
0	0
0	3
1587	768
10	722
2	343
0	639
139	2495
5	2492
1	0
0	144
3	107
6	21
0	0
0	0
35	0
1448	1075
0	0
1	820
7	368
0	0
0	255
0	0
1	43
47	2623
0	2667
5	143
0	2668
0	0
29	2497
28	0
0	0
0	137
0	1628
4	0
0	0
6	0
6	0
1	0
0	0
1	0
0	0
0	0
0	0
0	0
6	0
4	7
0	7
0	0
0	0
0	0
56	0
2	2
0	2
1	1
0	0
20	3
1	3
7015	1963
0	888
5	243
499	0
0	1758
405	13
0	405
383	729
3	23
1	852
0	0
48	1446
13	1440
12	6
16	141
0	141
2	3
1712	299
0	0
0	299
54	0
0	15
20	15
0	18
0	27
1	15
3	0
51	1202
2	1220
0	1128
20	7
0	5
58	262
0	0
1	750
138	491
0	495
1	6
5	368
0	257
4	129
14	462
0	28
0	3246
0	3436
22	3451
0	2970
0	360
27	552
18	0
2	258
120	144
1	65
0	144
0	2868
0	3779
3	8878
10	3903
2323	16465
48	738
10	12685
2	2270
14	13434
9	4997
0	3527
7	882
69	756
31	104
0	176
0	124
3	17
5	0
9	0
322	2248
82	1829
0	340
0	385
0	212
9	0
932	3445
2	2991
0	2788
22	2049
147	23
0	9
112	8
1	244
40	0
181	30
32	0
52	0
9	2361
0	805
6	1178
1	971
1	2149
0	2039
0	714
0	93
0	903
109	2
61	0
0	0
6	527
28	8736
125	2529
0	2640
0	6181
331	556
18	0
1	2526
13	680
97	412
1	755
3	0
11	127
140	1
14	2844
25	38
0	0
0	303
47	0
66	0
11	2
0	2
85	0
608	1054
3	21
15	29
0	883
0	1022
3	0
67	0
45	0
32	6
1	49
0	43
0	0
0	0
1	0
12	48
6	53
0	5
38	5
1	1
0	0
0	0
0	0
0	0
0	0
0	0
0	0
0	0
0	0
4	0
7	12
0	1
0	0
7	2
3	12
32	9
4	0
0	6023
4	6053
107	5998
0	6053
0	4135
11	3472
1	3334
36	2468
49	1011
0	548
11	132
7	106
0	59
2	5
202	4
148	0
3	0
0	0
0	0
0	0
0	0
0	0
5	3
0	3
1	0
0	3
4	743
0	1056
0	1100
0	1050
0	1052
0	639
0	209
2	526
0	526
0	384
0	53
16	0
2	0
14	0
0	0
0	230
0	232
26	0
3	0
1	44
0	33
0	39
1	11
0	0
0	29
3	47
18	0
33	0
58	24
41	0
0	0
0	0
29	211
0	0
0	211
0	14
0	0
0	0
2	184
0	1133
9	1268
62	1
17	1102
0	25
7	0
1	31
0	699
10	0
0	732
0	1128
0	1157
1	435
0	115
4	63
1	103
7	0
0	938
0	126
0	0
0	0
1	153
0	0
0	76
0	45
0	0
40	6
0	6
8	0
10	0
0	3368
14	467
0	273
0	963
23	2607
1	21
102	24
0	3237
9	668
28	2737
113	2781
142	76
0	2227
10	30
0	402
3	163
353	632
0	0
0	0
0	89
4	87
0	88
0	86
1	89
2	0
2	0
1	0
0	0
0	0
0	0
0	0
53	9
1	9
0	4947
12	4722
0	4684
0	3450
0	319
0	0
35	0
1	0
114	1274
41	0
1	56
2	249
2	434
0	323
39	385
137	0
9	87
1	81
78	0
51	0
1	0
0	0
0	0
0	0
0	0
0	0
0	0
0	0
0	0
0	0
0	118
0	0
0	0
0	0
0	0
0	0
0	0
6	3
4	0
0	0
2	0
5	0
6	0
4	0
0	3
4	0
0	0
0	0
0	0
0	3
0	0
0	0
0	0
3	742
18	414
12	439
2	863
2	495
0	462
0	525
176	554
14	0
0	268
9	459
0	401
73	387
0	233
2	249
2	53
0	0
0	0
0	0
0	0
0	0
0	0
5	0
0	0
0	0
0	0
0	0
0	0
0	0
0	0
0	0
0	0
0	0
0	0
11	12
0	12
0	7
0	0
0	0
0	3
0	0
20	3
0	0
0	58
119	1162
5	1042
0	647
1	271
1	69
0	0
0	25
63	109
12	16
0	84
0	63
0	70
0	3
0	3
0	2
0	3
0	2
0	0
0	0
0	0
0	1
0	0
0	0
0	0
78	739
3	738
17	229
7	34
7	50
0	173
0	121
0	135
35	0
94	30
0	2
0	0
0	0
0	0
0	1
0	1
0	1
0	0
0	0
0	0
0	0
0	0
0	5
0	0
0	0
2554	335
2	156
15	177
0	24
0	23
0	24
0	24
0	23
0	23
2	10
0	0
14	0
0	1067
5	991
0	964
0	803
0	1032
4	988
16	271
87	0
18	87
0	20
4	1
0	1
22	3515
23	3672
118	196
0	474
4	804
0	0
0	0
13	23
0	23
2	0
2	0
89	5192
9	10448
1	2579
29	3115
10	4580
0	9075
37	3713
130	0
0	185
0	292
3	183
4	233
8	354
0	189
1	80
30	1962
105	199
33	170
34	1218
161	30
0	0
88	0
38	302
7	0
0	0
0	0
0	0
0	0
0	0
7	2023
30	2972
278	1374
45	1082
0	1407
0	1318
13	1743
22	19
7	1355
34	27
0	0
77	2
1	1098
14	1464
1	1168
0	1021
0	450
3	265
1	0
0	1
0	1
0	0
251	1338
4	1338
3	216
0	0
0	0
0	652
0	86
0	645
0	676
0	45
2	26
0	29
1	81
0	35
0	2
1	84
1375	91
29	91
434	6
0	6
0	0
0	1
0	1
0	1
0	0
0	0
1	0
21	2004
76	2062
0	647
0	0
24	49
1	83
7	120
0	1
0	1
0	1
86	0
0	0
0	0
0	279
0	279
24	107
0	212
0	49
0	0
24	161
1	8
2	153
67	425
0	3
0	68
1	381
0	0
4	65
3	0
56	0
8	0
10	0
9	274
54	275
0	20
11	186
4	2203
18	2199
12	1016
1	1403
251	123
2	787
23	701
3	140
77	0
3	85
0	19
97	3
6	100
0	440
0	439
0	560
0	436
18	62
0	461
0	462
5	422
80	586
0	171
1	1
0	1
0	0
1	0
0	0
0	0
30	0
1572	470
4	466
114	0
2	0
0	0
0	0
0	0
1	0
0	0
4	2475
2	6377
2	1469
15	2329
0	0
9	0
0	0
6	154
9	6230
3	340
9	614
0	0
0	0
0	0
0	0
0	0
0	0
25	1767
10	1767
0	105
0	9
0	75
1	217
1	818
16	4
0	1
3	1
6	0
0	0
5	0
0	0
0	0
0	0
656	330
6	330
3	230
0	0
0	0
0	41
18	128
0	598
0	16
0	9
5	73
0	474
0	426
7	397
1287	644
0	67
18	0
0	301
26	491
0	311
824	7482
18	7356
74	5223
5	351
76	1724
61	645
194	131
253	2
19	0
1	4
0	4
1	0
17	0
0	0
0	0
0	0
0	0
2	1833
2	1754
35	233
0	1079
49	303
7	1727
3	297
151	0
2	280
1	294
0	96
3	239
43	559
0	719
0	706
235	0
1	15
7	99
32	15
7	28
1	2529
0	0
0	2554
0	76
0	2482
3	2482
3	29
5	110
2	36
1	8
10	310
0	39
0	385
0	343
0	353
0	32
13	269
2	243
7	16
11	0
0	47
4	104
0	25
0	9
11	0
0	1759
2	1859
6	1008
2	2
0	2
81	5772
12	5773
3	5056
0	476
3	1587
9	28
2	628
177	3835
0	2493
5	525
10	0
23	687
3	143
35	120
29	1882
2	49
0	1
0	0
0	1
0	0
0	0
0	0
21	1920
150	1920
106	1913
1	0
0	0
3	0
0	5
0	6
0	6
0	0
113	4171
12	4171
0	0
235	423
13	6
15	417
1	74
3360	534
0	119
0	0
6	185
0	230
680	4303
7	4303
0	0
0	0
0	0
0	0
0	0
0	0
0	0
0	0
0	0
0	0
0	0
0	0
0	0
0	0
0	0
0	0
0	0
0	0
5	2
9	92
0	388
1	224
2	217
4	18
7	42
0	250
1	331
0	347
3	0
0	125
2	101
10	0
0	282
0	282
0	290
0	291
0	283
0	290
0	294
0	280
0	279
0	17
0	287
0	300
0	289
0	314
0	304
0	328
1	325
0	0
0	32
3	3
0	199
3	3
0	0
0	0
3	0
4	0
1	0
0	0
0	0
0	0
0	0
0	0
17	347
0	0
0	0
0	0
0	0
0	0
0	0
0	0
0	0
0	0
0	0
0	0
4	21
0	17
0	17
1	13
0	13
0	20
1	12
0	6
0	9
0	12
0	12
0	0
0	0
0	0
0	0
0	0
0	0
1	0
832	321
0	323
15	233
30	65
0	0
0	0
15	36
5	27
0	13
1	13
1	25
1	0
2	7
787	1417
0	1378
26	1100
0	0
0	0
0	0
0	0
0	0
0	0
0	26
10	26
2	0
0	0
1	1
0	1
0	0
2	0
3	0
0	0
7	0
0	0
20	0
0	0
0	419
0	0
2	2116
0	2238
22	2379
15	2094
193	0
357	2310
247	149
1	174
0	842
0	0
438	7550
46	7550
0	0
2	0
0	0
1	0
0	0
0	0
27	2390
1021	0
17	0
0	0
1	0
0	0
0	0
0	0
0	0
0	0
1	0
0	0
0	0
0	0
0	0
0	0
0	6
0	0
0	0
0	5
0	0
0	0
0	0
0	0
0	0
0	0
0	0
3	3123
0	3122
201	2878
2143	603
0	601
0	0
0	0
0	0
0	0
0	0
0	0
0	0
0	0
0	0
0	0
0	0
0	0
0	0
0	0
0	0
0	0
0	0
0	0
0	0
0	0
0	0
0	0
0	0
0	0
0	0
0	0
0	0
0	0
0	0
0	0
0	3
0	0
0	0
0	0
0	0
0	0
0	0
0	0
0	0
0	0
0	0
0	0
0	0
0	0
0	0
0	0
0	0
0	0
0	0
0	0
0	0
0	0
0	0
0	0
0	0
0	0
1	2
0	2
0	0
0	0
0	2
0	0
0	0
0	0
0	0
0	0
0	0
0	0
0	0
0	0
0	0
0	0
0	0
0	0
0	0
0	0
0	0
0	0
0	0
0	0
0	0
0	0
0	0
0	0
0	4
0	0
0	0
0	0
0	0
0	0
125	10280
1542	10280
0	0
1248	0
0	548
593	451
3	408
0	508
62	21
25	60
0	408
19	0
113	2423
7	2423
1	819
3	587
0	285
0	118
0	8
97	154
2944	2131
3	2226
6	290
0	116
821	1
3	1
0	0
0	0
1	1
2	1063
1458	1190
3	0
0	1020
0	1086
1	28
3	90
0	955
10	44
0	112
0	0
0	0
0	1
0	0
1	0
15	196
0	196
0	0
0	0
29	34
0	27
2	4
12	265
2	267
0	91
2	115
33	91
10	47
10	93
59	7475
69	1106
21	7200
0	6758
0	6886
122	54
7	3837
0	3983
8	789
304	120
370	14
90	17
125	0
130	74
32	77
0	77
0	0
154	9
0	0
0	9
21	9
0	2
0	2
0	0
0	1
0	6
0	3
1	3
0	1
0	0
5	0
1	0
0	1
25	1659
0	1861
34	686
19	984
6	3
13	44
180	11
0	0
63	2549
724	2549
68	0
50	155
0	66
0	94
51	59
10	59
4	0
0	0
0	0
1	0
321	324
66	324
0	0
1	282
1	70
8	206
67	255
0	0
93	8
113	8
177	59
3	56
0	4
9	4
6	0
2865	0
1469	0
0	0
18	0
62	1052
22	978
0	261
2	11
6703	12
1	2
12	6
0	0
0	0
0	0
0	0
1	10
0	0
12	1075
122	1075
3	960
18	46
37	0
79	0
0	51
1	41
25	118
165	124
0	0
1	0
1	0
0	483
0	490
0	305
0	308
1	12
1	7
0	14
6	6647
2	6969
14	4334
0	4342
0	2923
0	0
0	922
5	769
4	384
0	342
90	298
0	0
0	2685
0	2407
119	778
0	1669
5	1236
0	307
0	0
0	0
0	0
0	0
0	0
0	1
0	0
0	1
14	745
2	245
0	622
0	181
21	118
687	782
5	696
0	0
6	164
3	156
10	231
0	0
8	12
0	51
225	18
2	18
0	87
0	141
0	0
0	275
1	249
6	137
38	188
0	144
0	31
9	20
0	20
1	0
0	113
22	103
0	40
0	8
2	94
0	253
0	239
0	225
0	221
0	77
0	207
0	191
0	105
0	19
661	393
2	107
17	43
0	199
1	198
0	53
0	0
0	6
0	2
8247	388
0	0
15	386
0	0
0	0
0	0
0	0
0	0
0	0
0	0
1	5
59	155
0	155
0	1
0	5
0	0
0	10
0	10
0	6090
5	5169
0	0
0	0
6	1
84	6090
2	0
17	5370
68	6087
4	576
20	2287
36	0
18	533
0	62
0	0
1967	8
0	0
1	0
5	0
2128	974
8	5
196	972
3	517
14	994
35	961
1	78
0	915
20	243
37	0
6704	2549
0	558
127	0
17	716
12	1382
10	1033
2	0
1	1
16	1
1	3193
3	55
9	353
272	2665
38	3001
7	781
0	3
0	0
0	0
0	0
0	0
0	0
0	0
0	0
0	0
0	0
0	0
0	0
0	0
0	0
0	0
0	0
0	0
0	0
0	0
0	0
0	0
0	0
0	0
0	0
0	0
0	0
0	0
0	0
0	0
0	0
0	0
0	0
0	0
0	0
0	0
0	0
0	0
0	0
0	0
0	0
0	0
0	0
0	0
0	0
0	0
0	0
0	0
0	0
0	0
0	0
0	0
0	0
0	0
0	0
0	0
0	0
0	0
0	0
0	0
0	0
0	0
0	0
0	0
0	0
0	0
0	0
0	0
0	0
0	0
0	0
0	0
0	0
0	0
0	0
0	0
0	0
0	0
0	0
0	0
0	0
0	0
0	0
0	0
0	0
3	7359
0	0
161	0
12	109
1562	1941
34	1475
2	1872
2	1894
17	933
20	10
3	120
0	74
4	61
0	16
0	2
0	858
0	858
26	391
346	28
0	27
5	7
0	0
0	0
0	0
0	1
0	0
0	0
0	607
495	4557
2	1166
284	1655
87	1
1	2241
0	1854
82	430
24	948
0	729
0	0
0	0
1	0
0	0
22	0
0	0
0	0
0	0
0	0
10	0
121	714
1691	699
22	0
2	32
21	32
0	2
0	13
6	13
7	8
0	0
0	0
30	155
0	0
0	0
0	0
0	0
0	0
1528	1325
70	1325
1	257
64	0
0	0
0	0
0	4
0	0
0	6
0	6
0	1
0	0
0	1
0	0
0	0
2	0
0	0
2	1
0	0
0	0
0	1
0	0
0	3
11	0
0	0
0	0
0	0
0	0
0	0
3	428
42	1123
2	1124
456	785
0	237
1	257
0	663
0	38
0	5
4	0
0	821
3	813
0	761
0	343
8	105
0	0
4	0
0	0
0	0
0	0
0	0
0	0
0	0
0	0
0	0
0	0
0	0
0	0
0	0
0	0
0	0
0	0
0	0
0	0
0	0
0	1
0	1
0	1
0	1
0	1
0	0
455	1316
0	1096
0	1232
0	1017
0	826
0	468
5	374
35	636
8	105
3	348
0	26
17	12
0	12
3	1555
137	3295
604	2503
39	2444
16	369
87	1810
20	443
287	609
2	609
4	195
0	0
14	41
116	7
0	0
1	11
0	14
0	8
3	3
0	0
0	0
0	0
0	0
3	0
36	1345
508	6240
2	1430
0	6224
32	3161
20	149
0	1061
0	694
35	756
10	529
120	0
92	0
39	66
0	0
251	66
0	0
23	16
1	55
0	0
0	0
30	0
15	1573
0	1581
5	1147
22	270
0	0
1	2
0	0
43	2592
120	475
13	1049
0	598
3	978
0	945
39	1796
1262	12398
3	10631
34	10630
12	1947
0	0
924	626
1	640
11	296
88	223
0	33
1	0
609	596
4	596
28	329
8	32
0	278
0	19
8	12
4	20
3	6
6	46
1	169
7	12
17	668
5	299
0	58
4	334
9	454
66	6
0	93
3	177
0	218
0	218
1	236
0	217
1	16
0	47
17	0
1	6
2	5
4	0
0	0
18	0
0	1
0	198
11	198
5	198
0	1
6	0
0	0
0	0
0	4
0	0
2	0
0	0
1	0
2868	326
40	0
0	326
57	0
564	4594
2	827
0	3954
82	3916
0	0
0	6
0	6
1	0
0	4
0	125
25	1375
9	94
0	0
22	0
0	0
0	0
0	0
0	80
0	0
0	0
0	0
0	299
2	311
64	24
0	296
15	283
3	283
1	34
43	271
0	50
0	38
0	44
0	50
0	50
0	16
1	31
0	0
5	0
0	4
0	15
1	5
0	0
0	4
0	0
0	0
0	0
0	0
0	0
5	0
8	582
0	454
16	261
1083	614
0	0
32	137
0	0
37	0
0	0
1	0
1	5
0	5
0	3
0	3
0	2
0	1
0	1
0	0
38	373
51	3315
0	812
0	3321
11	11
0	419
0	487
69	486
0	368
3	69
3	0
0	0
0	12
0	16
0	22
0	0
518	623
25	623
44	0
0	422
1	607
660	651
2	476
0	370
1	219
0	0
3	0
0	1
0	1
0	1
5649	1988
8	1984
1	1
0	1
0	0
1	0
75	0
0	0
0	0
3	0
0	0
0	741
35	790
3	1
6	751
0	173
0	137
0	6
0	747
1427	774
11	711
172	61
0	1750
0	1727
0	1091
12	543
2	586
5	14
2	0
15	169
0	73
1	16
43	44
0	44
15	0
54	98
17	98
0	0
1	0
0	0
0	5
0	111
3	130
1	143
0	89
0	683
23	666
0	467
1	53
11	409
0	411
2	54
5	34
1	27
18	10
0	539
22	218
0	39
15	594
0	508
23	439
8	7
0	7
0	0
0	1
0	1
2603	2
21	0
593	78
2	8
2	16
0	60
6	0
10	1401
6	1474
1	172
82	147
0	33
0	39
0	97
0	129
0	3
4	23
0	0
6	1
0	7821
0	0
5	354
13	183
11	555
48	695
0	323
6	0
0	179
58	0
7	30
28	50
0	3
0	0
0	0
0	2
0	0
0	0
0	0
0	0
0	0
0	0
0	0
0	0
0	0
1	0
0	2
0	0
0	0
0	0
140	3389
0	3421
0	3440
0	641
4	542
1	250
8	1445
9	584
0	387
6	222
1	166
1	56
91	0
0	0
488	92
18	100
2	84
1	24
18	58
0	40
0	0
0	0
0	3
0	3
0	0
0	0
1	1
0	0
0	1
0	0
0	307
0	326
0	294
8	331
5	318
0	155
0	14
0	13
1	0
762	932
0	671
1	60
44	28
1	375
24	0
0	0
16	0
0	0
25	39
0	0
0	0
4	39
0	0
4	0
0	0
0	28
111	28
1	10
0	0
0	23
3	0
2	26
0	44
0	44
16	819
0	36
35	775
1	247
89	274
2	75
3	303
0	14
0	2
0	2
0	2
0	0
0	2
2	1
9	327
0	265
3	46
0	319
0	293
0	106
2	20
4	41
2	538
1	593
0	583
4	43
0	621
0	539
3	0
1	61
2	0
0	0
1	0
1	0
7	196
0	196
0	196
0	26
0	2
0	2
1133	1640
0	964
1	320
16	1018
30	0
0	667
12	35
1	537
0	601
0	156
0	331
0	103
0	0
0	0
0	0
3	0
0	0
1473	26925
37	13470
22	14462
18	2357
126	8879
0	15
22	0
107	4071
2	0
288	227
0	216
0	9
0	0
0	0
14	1194
5	1347
0	1491
16	1703
6	148
0	208
0	1021
3	1702
247	1800
2	309
0	1031
7	290
34	13
11	1307
1	334
4	140
1	232
14	233
866	1336
30	1332
0	221
9	216
3	31
253	46
6	12
0	0
0	0
0	15
0	0
2317	5
3	1
21	2
0	785
142	822
0	641
1	0
0	0
18	0
0	2
2	4
7	4
1	2
0	3
0	1
2	1
0	0
1666	1391
6	42
12	1354
1	0
0	0
6	180
1	144
0	63
73	167
53	743
3355	836
0	324
1	25
14	92
0	0
10	0
0	0
1	0
22	2946
9	6488
0	5938
54	5714
34	227
7	4585
13	102
3	18
61	4269
0	230
11	572
87	31
1	140
1	115
11	124
6	444
0	434
4	331
2	21
20	1
0	1065
0	978
0	1077
0	1024
1	870
58	683
15	897
8	441
9	11
5	102
0	131
1	334
1	256
1	334
1	135
0	287
0	218
1	10
2	6
0	6
0	6
0	2
5	0
0	157
17	13
70	2364
254	2515
7	349
2	9
0	2
0	8
0	3
0	6
0	1
0	0
0	0
0	0
0	0
0	0
0	0
0	0
0	0
0	0
0	0
0	0
0	0
0	0
0	0
0	0
0	0
0	6
0	0
0	0
0	0
0	0
0	0
0	0
0	1
0	0
0	0
0	0
0	0
0	0
0	0
0	0
0	0
0	0
0	0
0	0
0	0
0	0
0	0
0	0
0	0
0	0
0	0
0	0
0	0
0	0
0	0
0	0
0	0
0	0
0	0
0	0
20	262
18	262
0	139
0	0
0	0
92	0
110	5
11	5
1	0
0	0
6	0
5	0
163	64
9	7
0	1
4	0
1	411
8	28
11	143
3	140
13	2
36	401
0	321
76	8
0	5
0	59
1	59
0	1
0	2
0	0
0	6
0	6
17	396
6	204
8	354
2	120
5	86
13	43
0	26
0	40
9	37
0	7
0	11
0	43
52	120
0	25
0	25
0	116
2	3
21	53
1	734
0	1946
1	1524
11	1454
1	1199
0	1865
0	1877
4	308
8	108
4	0
11	1
9	147
0	1
0	0
1	184
1	1
0	0
1	0
1	1
0	1
1275	3183
43	229
18	241
15	3201
42	738
18	0
6	0
0	2112
2	2202
14	2384
0	731
6	171
6	212
53	1496
27	1518
0	0
0	0
19	115
0	302
15	66
0	48
0	21
1	6
523	1003
3	142
2	657
7	27
1	303
0	0
0	0
0	253
0	0
2	172
3	26
0	25
1	41
0	38
0	18
0	32
0	1
0	1
0	0
0	1
0	0
63	793
2	797
13	527
48	683
4	524
277	32
0	95
4	0
0	0
0	0
0	0
0	0
0	0
0	0
5	6
0	6
0	6
395	419
1	157
0	219
0	204
8	152
1	10
399	176
1	75
6	23
3	0
0	78
34	0
0	5413
8	5032
14	5417
0	0
1	91
9	45
0	0
15	166
2	49
5	72
68	181
22	896
5	850
1	110
0	0
11	0
9	740
0	993
2	874
1	948
4	958
11	228
0	147
587	579
1	106
0	95
5	35
3	557
12	17
1	27
1	5
10	19
1	42
5	38
146	119
4	66
0	68
0	64
4	9
1	492
65	492
8	9
1	71
0	4
0	0
0	738
11	738
12	9
1	1
32	0
0	0
0	0
4	0
7	0
0	0
0	58
0	9
0	6
0	0
3	0
0	0
158	1287
55	1287
0	122
28	44
2	0
5	8
475	8
21	0
1	0
0	0
0	0
0	0
0	0
0	0
0	0
1	0
0	0
0	0
0	1
0	1
0	0
0	0
0	0
0	0
0	295
0	293
0	0
0	6
0	0
0	0
1	0
0	0
0	0
0	0
0	0
0	0
0	0
0	1
0	22
0	8
1	4
0	0
0	0
0	5
0	4
0	5
3	2
0	2
0	2
0	558
8	276
1	517
0	558
2	19
0	80
4	18
7	0
993	429
0	201
0	149
3	101
3	143
1	186
12	163
3	14
2	108
3	42
2	823
2	122
8	712
10	691
0	148
0	0
30	0
4	8
0	0
0	0
1	83
12	8
0	2
2	11
0	7
1	7
1	9
1	8
0	30
1	30
0	26
0	29
0	7
0	6
0	0
0	0
0	0
0	0
0	0
0	0
0	0
13	35
0	9
4	26
0	0
0	0
0	0
0	0
0	14
312	530
1	518
4	24
0	195
10	5
10	29
0	0
0	0
0	0
0	5
0	0
0	0
0	0
0	7
0	7
0	7
0	6
0	5
3	0
0	1
0	1
0	1
1	0
0	1
44	2539
13	2539
3346	2539
0	0
34	0
0	0
0	0
14	0
0	0
0	1024
0	987
31	491
0	528
4	331
37	293
9	158
3	21
2	4
0	34
0	0
0	0
0	0
0	0
0	0
16	17
79	426
0	137
4	107
0	290
2	0
124	57
1	57
0	0
0	0
0	0
0	0
0	0
0	0
353	0
363	1196
3	1109
16	35
0	212
10	6
18	27
4	58
0	3
56	920
16	309
8	788
5	226
1	50
0	357
0	206
1322	7
1	5
0	0
3	46
117	46
0	14
0	14
0	0
13	0
0	7050
13	8446
0	0
2	1793
9	1172
2	57
19	195
0	1347
0	871
0	0
1	333
0	76
172	123
229	0
1	0
0	0
270	976
0	930
0	575
0	21
7	6
2	13
0	0
0	0
0	0
0	0
0	0
12	7
0	5
0	0
0	4
0	2
0	0
0	64
0	0
466	255
10	252
4	45
10	0
6	0
10	0
0	109
5	106
1	5
11	404
9	410
0	103
1	352
0	85
31	0
3	470
0	469
2	17
1	367
0	0
0	3
0	1
0	1
0	1
0	0
1	17
0	8
0	33
0	29
0	7
0	9
0	11
0	14
0	3
0	0
2153	4472
2	3851
46	1472
1	1028
9	184
0	601
6	299
203	3818
2	3767
3	441
2	2649
0	331
0	0
480	220
0	107
25	172
3	424
1	961
14	1004
0	374
0	427
1	1140
0	79
18	0
285	55
6	55
1	62
2	62
1	44
0	44
0	38
0	43
1	4
0	16
814	667
3	628
0	498
1	234
2	21
3	219
23	0
0	13
4	163
0	0
2	1
0	0
6	4
0	1062
0	1047
1	545
0	1030
0	1067
13	798
3	683
10	18
0	112
73	33
24	436
0	191
339	0
0	187
0	36
0	49
22	161
46	0
329	6426
0	3379
57	2545
1	3836
0	3121
40	1
135	33
0	36
38	9
92	63
0	57
0	1
4	0
0	0
0	0
1	0
0	0
0	0
0	0
0	0
0	0
64	636
0	64
1	103
9	51
2	120
0	508
0	186
23	2
7	48
3	0
0	553
22	553
1	53
1	129
6	46
0	143
485	197
0	124
4	66
0	48
0	108
277	373
2	275
0	190
22	66
4	4
5	4
1	3
2	3
29	0
1012	1178
3	21
1	99
36	0
0	22
67	0
18	1056
0	0
5	383
3	388
0	318
17	2196
331	2222
6	476
11	280
1340	332
1	276
13	56
18470	1178
5	1146
0	19
1	19
0	19
0	15
0	16
0	8
17	2
0	0
2	481
1	19
2	341
2	380
9	23
0	278
27	4334
48	4287
0	4557
23	449
0	3528
24	203
1	337
9	178
0	430
85	69
0	0
45	238
679	440
4	35
5	405
0	0
448	5351
40	3310
0	3017
16	3786
5	299
0	783
4	0
11	0
0	0
0	0
0	0
257	1051
0	779
0	652
0	1061
0	607
424	0
552	0
1851	5069
6	5069
1	0
0	0
0	0
0	0
2	0
1	0
73	90
17	66
4	92
2	60
1	1
0	47
1	30
2	34
0	22
0	0
0	0
0	0
0	0
0	0
0	0
0	0
0	154
1	168
1	60
0	37
3	83
1	75
1185	148
913	148
0	0
30	3885
1	3681
34	2585
2	1625
2	0
0	89
0	3763
83	746
14	696
0	250
0	2127
7	161
61	572
1	183
30	139
16337	37469
5	30467
5	17829
13	12648
2641	3794
0	1152
50	370
54	1069
21	0
0	0
3	71
1	2609
9	28
0	36
21	125
17	0
1483	880
3	880
0	0
2	306
78	615
5	346
0	342
0	45
3	108
9	94
2	35
0	125
1	98
2	1206
1	335
10	102
2	107
0	348
0	1107
128	1201
0	1070
0	1138
0	9
0	61
8	0
25	5
17	0
6	27
13	807
0	816
0	136
4	542
0	14
0	405
25	14
2	0
68	2180
1	2199
9	484
10	466
1	711
0	502
5	632
30	234
8	81
0	0
0	0
0	0
5	0
0	0
0	0
9	5
1	5
0	0
0	0
0	0
0	0
0	0
2	0
0	0
869	297
0	297
0	0
3	0
0	55
0	55
1	38
0	0
0	0
0	0
0	0
0	0
0	7
0	0
0	0
0	0
0	0
1	0
21	3050
254	1486
31	2270
2	29
31	169
0	54
1	0
85	2454
2	359
81	2
41	212
0	2510
0	2387
73	960
0	1459
26	26
1	0
0	306
16	931
3506	2355
2	2237
1	1357
7	344
0	0
60	0
10	0
13	18
0	18
4	2382
0	1076
8	559
2	201
16	2102
0	3
0	1490
1444	2339
196	100
1	467
18	2278
3	590
1	349
139	877
16	860
1	110
0	0
3	355
10	63
9	1
0	1
0	3
23	3
0	0
1	25
0	4
147	278
0	276
0	229
0	242
0	0
0	4
0	0
0	0
15	1241
23	147
5	1265
0	571
0	79
0	0
0	0
76	295
0	286
11	290
3	199
1	21
0	0
1685	989
42	0
25	989
0	0
0	0
0	0
0	57
0	56
6	5
2	0
0	0
0	9
1	7
0	1
798	0
0	0
0	0
0	0
0	1
0	1
52	336
444	2913
13	2852
2	33
0	0
199	0
55	0
158	0
64	0
99	0
23	1217
78	834
1	0
0	0
0	0
0	0
0	0
0	0
0	0
0	0
0	12
6	12
0	2
4	0
5	1
0	1
1	0
5	0
0	0
56	632
0	2921
14	2981
29	2979
8	298
0	105
154	6
0	0
0	0
0	0
0	0
0	0
0	0
1	0
0	0
0	0
0	0
0	0
18	1023
2	63
0	1003
1	136
3	0
0	0
0	259
0	97
0	4
2	261
0	44
0	42
1	0
0	0
0	0
0	0
0	0
0	0
12	348
21	348
1	80
0	0
0	0
0	0
2	0
0	0
172	753
32	570
1	497
26	1036
1	952
19	942
0	0
0	56
0	457
16	63
1925	802
1	802
37	0
104	106
31	0
0	27
3	27
1	65
4	42
0	10
1	126
0	273
0	249
0	102
430	3510
37	3510
12	415
7	66
2	0
2	0
0	0
0	0
0	2
0	34
1	34
0	3
0	6
36	98
1	98
2	49
0	14
0	9
0	9
0	128
1	125
0	58
0	18
0	0
115	114
0	12
1	7
0	100
0	0
0	0
0	0
0	0
57	15
3	2
0	14
4	8
0	42
3	42
0	1
0	1
0	2
0	0
0	0
61	757
10	746
17	124
1040	490
3	0
0	0
0	2
0	2
0	1
0	0
0	0
23	5888
69	5698
74	5729
0	611
78	0
7968	16434
17	3192
150	11
0	11
23	5781
75	1588
11	6974
3	1307
16	7429
2700	1327
2	538
13	468
0	146
0	753
0	5
0	74
1	0
16	276
67	755
7	1167
13	1121
5	288
22	224
2	102
0	16
0	0
6	0
3	0
592	1558
0	1158
56	631
18	1154
31	0
12	171
0	181
0	61
220	2100
12	1731
0	740
1	4
1	6
0	3
0	3
0	0
0	3
0	5
0	5
0	4
0	4
0	0
0	45
0	0
111	85
72	1096
37	1251
0	1043
4	100
3	176
1	290
0	904
0	655
0	740
1	797
40	99
7	0
3	26
8	216
0	13
544	9474
24	1711
0	3145
3	1781
8	7740
46	1733
23	2079
13	0
167	132
0	19
6	3
2	102
0	17
6	392
0	407
0	240
20	271
0	73
0	10
17	2257
1	1970
34	129
1	2190
2	308
39	264
0	97
0	1810
31	1273
0	56
2	1215
0	510
1	165
134	0
0	0
73	0
0	1003
9	262
126	20
10	517
26	161
1	60
0	12
13	47
223	50
0	122
0	165
0	8
10	14
35	22
0	3
0	109
48	651
2	695
0	21
0	385
0	386
1	317
0	60
0	0
0	29
0	0
6	0
22	1150
16	1273
1	186
4	29
0	29
0	5
0	29
0	2
0	6
0	1
0	4
0	0
0	0
0	0
0	0
0	0
0	0
0	0
0	0
0	0
0	0
0	0
0	0
0	0
0	0
0	0
0	0
0	0
0	1
0	1
0	1
0	1
0	1
0	0
0	0
64	6787
3	6184
0	4305
0	3701
4	2020
48	732
144	0
0	1282
9	346
0	1071
0	1645
8	14
9	233
0	53
0	1
1	233
211	173
2	173
0	20
12	15
34	32
0	0
1428	1533
0	1529
13	0
29	37
0	9
2	44
2	4
38	3
246	1086
110	1054
4	550
0	447
0	929
8	374
0	326
1	514
62	99
174	0
9	453
30	518
1	127
1	183
0	0
0	185
3	94
260	5097
15	957
9	41
0	4291
1	1921
1	3662
0	3662
11	93
24	0
0	1358
0	1358
25	954
0	0
3	122
0	120
0	0
353	16653
25	13270
45	16213
290	0
0	1020
12	998
143	0
1	0
0	0
113	356
0	154
6	0
0	24
0	0
0	67
0	114
1	82
0	63
10	0
3	24
112	439
2	316
2	182
15	48
0	0
3	189
0	39
0	212
0	0
0	0
44	3395
237	157
27	278
0	888
0	2992
0	1109
0	1499
9	52
5	431
186	249
4	239
39	152
1	27
10	160
0	29
0	24
0	29
6	70
7	57
0	13
3	0
64	6031
63	5633
0	5358
0	5186
14	5694
57	5548
0	5859
10	1072
0	1356
0	0
12	778
1	389
0	1730
0	675
190	2736
12	1678
0	997
6	740
1203	125
3	125
0	1422
14	1132
6	1196
0	1414
0	443
0	1035
38	366
0	262
1	160
0	93
0	50
0	49
6	319
12	0
0	243
3	127
0	79
0	39
6	34
3	149
0	62
0	0
39	0
0	0
0	0
0	687
123	687
11	185
0	1
0	0
0	0
13	0
0	1
0	1
0	0
1	1
0	36
35	74
2	43
0	55
0	10
2	40
2	13
1	25
0	885
0	892
20	0
0	55
3	889
86	2
0	0
12	2
25	5
28	4
19	0
121	4
88	2
26	3
32	0
20	176
0	603
133	650
0	625
27	27
0	21
0	15
259	382
0	117
2	58
3	172
0	202
0	49
1	2
30	346
238	453
11	50
22	0
1	274
2	68
4	20
0	1904
0	17
0	18
0	18
0	11
0	0
1	11
0	0
0	8
0	5
0	0
4	0
3	0
3	572
10	599
186	38
1	0
0	11
13	11
0	0
0	0
19	389
91	2659
56	0
18	0
0	76
77	76
0	2270
0	54
0	0
0	0
0	0
0	0
0	0
0	0
0	0
0	0
2	0
25	1187
2	0
3	1071
6	1187
11	863
0	386
73	300
0	353
4	360
2	208
8	26
0	0
0	0
6	1
1366	236
9	23
10	0
1	144
0	78
0	3090
9	3205
0	2302
0	3134
0	926
2	104
0	2437
5	715
0	2580
102	694
0	322
21	24
0	1412
0	1351
0	0
53	0
25	0
0	0
8	1166
0	1120
11	560
0	234
11	125
16	31
0	125
0	118
0	48
0	2242
0	2386
0	1945
0	1966
3	2036
1	1730
6	1367
17	1375
0	1573
1	411
4	1233
187	1108
0	1072
2	860
0	1070
172	896
0	796
0	799
0	332
0	165
1	516
0	395
5	99
2	46
1282	315
0	144
10	14
2	17
0	94
2	21
80	0
51	0
610	684
2	95
76	8
1	75
0	594
1	6
0	40
1	11
1	40
0	1
0	1
13	0
2136	715
1	83
1	288
0	0
2	204
0	262
0	108
3	81
820	362
0	0
1	349
0	13
1	0
3	0
158	161
12	96
2	103
0	111
0	22
20	16
5	83
14	83
48	416
10	280
11	381
0	93
0	113
0	61
4	77
1	194
1	74
0	155
3	121
185	720
1	581
4	386
7	48
0	456
6	463
0	454
10	389
3	135
0	53
1	5
2	120
22	43
0	5
0	0
0	0
0	0
0	0
0	0
188	596
1	610
0	540
0	69
0	0
1	29
0	6
1	4
21	0
2	262
0	196
3	0
0	120
0	95
6	28
153	28
630	1800
37	1650
11	1325
1	1268
0	510
1	7722
5	7832
18	4379
2	755
18	0
20	0
54	8
9	2261
1	297
0	2180
30	13
0	1868
154	1451
5	762
16	591
1	200
1	34
83	2
10	0
0	0
2	0
1049	3062
1	3023
37	0
40	2201
3	3064
2	577
18	813
0	1532
0	253
2	1864
1	470
11	839
1	1204
285	116
0	0
11	116
53	234
0	68
5	234
160	90
0	63
0	34
0	49
16	0
642	14683
0	2931
3	4954
28	0
0	11710
2	528
63	326
1	16
0	482
0	29
1	52
8	59
1672	1172
14	441
0	206
1	728
0	312
1	5
243	1037
61	0
1	406
1	353
14	609
10	1
0	206
0	213
7	36
7	7
8	108
1	80
783	3871
22	2619
0	553
0	3
37	2201
0	0
1	293
0	1
0	1
0	28
2	28
0	0
0	1
0	0
1	10
0	0
137	34
1	24
0	24
44	3874
0	94
0	452
65	0
3	148
1	3684
1	33
0	33
1	1
0	1421
1	2431
3	2395
3	2376
0	2368
5	1984
0	1865
2	435
20	254
6	54
6	33
4	31
14	822
8	363
2	92
0	0
0	0
2	0
61	843
0	808
0	162
1	42
19	23
0	516
0	196
0	146
1	19
0	0
14	0
15	0
0	0
634	61317
35	59702
0	3954
0	3
0	3
720	178
0	59
0	65
0	54
0	0
1008	104
6	104
2	0
5065	604
0	0
20	515
7	182
0	3
0	0
2	16
0	0
7	0
0	0
0	0
0	0
0	0
0	0
0	0
0	0
0	0
0	0
0	0
0	0
0	2
0	0
0	0
0	0
0	0
0	0
0	0
0	0
0	0
0	0
0	0
0	0
0	0
0	0
0	0
0	0
0	0
0	0
115	140
2	0
0	0
0	0
0	0
4	0
0	140
0	140
0	8
0	0
48	689
0	622
0	683
1	55
0	132
0	5
0	5
0	90
0	10
0	49
65	39
1	0
34	93
269	111
0	30
8	1
0	0
14	0
2	0
0	1
0	1
1	0
0	0
0	0
0	0
0	0
0	0
0	0
0	0
0	20
0	20
0	0
4	6
0	0
4	0
218	0
0	0
0	0
0	0
0	0
6	117
0	112
1	6
0	79
0	88
0	88
19	86
0	0
0	0
2	7
0	0
2	299
4	276
5	39
6	1
0	81
6	92
0	18
0	27
3	8
309	9164
0	422
52	8792
85	260
7	26
14	260
26	380
0	0
0	0
3	0
11	1049
0	793
91	703
16	1410
0	42
0	180
2	65
0	34
14	68
1	79
37	396
0	74
104	0
25	236
3	63
5	110
360	30
0	30
3	2778
159	0
0	0
0	0
0	0
355	950
28	770
18	670
5	237
3	1075
9	893
4	229
0	192
0	630
0	700
16	32
378	1767
0	1666
0	1666
2	528
0	1
75	1
13	147
0	2
0	107
83	221
0	31
0	46
4	79
0	45
6	62
0	14
7203	1942
11	0
23	1593
6	255
32	349
1	0
8	228
0	34
0	17
0	205
0	24
0	96
1	1
0	0
0	1
0	0
1	0
0	0
0	0
617	8960
65	7757
33	2273
6	0
0	2277
0	13
0	10
13	5
0	3
57	1638
592	1569
1	240
0	48
178	0
55	0
0	178
53	2319
0	1897
10	85
38	735
2	333
10	538
7	1008
0	396
0	991
0	985
1	469
0	291
0	13
15	3
282	426
4	263
0	144
1	248
12	199
0	85
0	468
32	468
0	84
1	0
2	117
201	31
0	10
0	24
0	1311
0	331
0	252
0	1276
0	115
4	115
15	285
7	59
0	5
13	115
0	98
1	1
0	372
1	2968
0	226
20	0
82	2948
35	0
1521	1033
9	1033
23	813
2	311
1	190
0	398
0	398
11	352
537	424
0	227
0	2
0	0
0	0
0	0
0	0
0	2
4	2
0	0
0	0
0	0
20	43
0	0
1	0
0	43
1	0
0	22
1	0
0	30
0	8
2	0
100	705
0	694
0	690
1	429
34	425
0	375
3	75
0	16
39	2
20	53
2	9
26	21
0	0
0	0
0	0
0	0
0	0
1	0
0	0
1	0
0	7
0	0
1	0
0	0
4	0
0	0
0	0
8	0
9	0
4	0
9	0
0	2
0	8
0	1
0	8
3	0
1	0
2	0
8	0
1	0
1	0
5	0
1	0
0	0
0	0
0	0
0	0
0	0
0	134
0	0
0	0
3	53
0	2
0	0
0	0
269	14
0	5
0	9
479	212
2	212
8	4
14	15
0	15
3	95
179	183
10	0
1	1
0	37
0	36
0	60
0	109
1	250
0	264
2	250
0	51
0	57
2	21
0	4980
0	4958
0	5052
159	4835
0	4830
0	4314
0	4858
0	4930
0	4886
0	4836
9	844
5	142
2	3031
31	0
2	551
5	75
0	416
2	831
26	1
0	169
0	110
165	0
3	284
0	260
30	148
0	278
0	185
5	172
34	1
9	0
0	0
0	3740
0	3631
0	3652
0	497
0	2906
0	2904
0	2729
0	3299
0	3379
13	1288
0	2803
0	3297
0	3507
0	3474
1	97
27	1353
1	399
1	222
0	436
51	2064
0	416
0	470
41	51
0	310
1	304
12	389
0	479
0	387
83	356
0	180
0	149
0	0
0	0
0	0
0	1
6	0
70	2933
3	2933
1	120
70	0
1	0
3	0
0	0
0	0
0	261
262	1382
15	455
2	242
26	127
0	791
10	121
0	128
0	118
0	53
0	55
0	47
3	22
1	18
0	20
3	1
270	10967
375	10744
99	2125
82	1594
101	4
0	373
0	363
3	301
2	1
11	38
3	80
1	0
196	1431
2	1162
0	1072
21	1
111	9
1	0
0	0
0	0
0	0
0	0
1	0
0	0
5	0
37	304
0	249
0	274
0	219
1	237
13	50
0	96
0	44
5	63
13669	8
9957	0
11	5
1	5
0	0
25	0
2	1092
10	1419
0	55
3	1376
5	953
9	993
7	619
88	469
89	337
0	230
0	203
0	27
0	222
1	51
2	194
2	37
4	370
16	945
1	681
0	843
0	437
4	120
3	212
1	3
39	0
3	89
4	303
13	59
0	102
1	1
19	0
0	0
417	0
9	30
0	30
0	4
15	27
0	36
3	170
0	165
0	165
0	172
11	172
0	0
4	4
0	15
789	445
3	140
1	363
0	29
3	139
22	666
44	79
0	501
0	126
5	164
4888	1996
116	18
440	276
0	0
1	2017
5	61
56	0
1	0
0	0
0	0
0	0
0	0
0	0
0	0
26	265
1	20
1	19
0	26
23	7
0	45
0	27
2	202
9	74
1035	0
0	0
44	573
8	471
5	0
0	45
4	104
1	92
1	43
3	36
2	18
1	5
9	0
0	0
32	38
1	38
1	0
10	470
0	480
0	8
8	10
9	56
0	59
112	266
0	0
0	0
0	0
5	1005
0	0
2	725
147	3036
1	3036
0	1
6	798
20	50
0	559
2	205
227	402
1	170
0	81
0	0
4	225
0	35
0	1
0	1
0	1
0	1
0	1
0	1
0	1
0	1
0	0
167	5175
48	112
0	4276
20	584
11	1470
0	637
13	230
0	0
0	1
0	2
5	2
0	0
0	0
0	0
0	0
0	0
891	2143
2	2134
0	0
0	2127
2762	2208
151	175
4	177
3	86
0	79
0	79
1	62
0	19
0	6
0	0
0	0
0	0
0	0
4	321
0	301
0	290
3	40
0	310
0	305
3	14
0	1
47	144
186	0
1	2
0	9
0	9
0	9
0	3
0	3
0	898
8	849
39	638
0	878
1	126
3	809
0	783
19	619
0	2
14	0
0	71
0	0
0	0
5	91
0	0
6	5
13	315
120	694
0	418
2	0
5	618
0	522
36	154
0	4
8	383
2	257
7	128
0	73
0	95
2	56
5	291
10	109
0	52
0	266
44	1203
0	1201
6	116
45	2
311	359
0	197
1	108
0	75
1	0
0	94
1	95
12	3
5	27
0	0
0	2414
0	3963
0	4069
3	1882
0	2593
385	3895
4	3952
0	1957
69	2597
0	2633
0	291
2	0
8	676
96	0
17	1112
0	0
159	169
278	0
0	1
0	1
0	1
0	1
0	1
1	0
0	9
0	10
1	1
0	3
0	1
0	0
0	0
0	0
0	0
0	0
0	1
0	0
0	0
129	213
0	89
12	92
2	105
3	9
0	50
0	6
0	4
0	46
73	1770
0	867
385	1756
8	263
6	1065
6	835
14	1257
0	1257
1	173
25	698
1	638
2	493
0	444
14	472
0	68
299	1125
6	849
11	605
0	476
0	321
0	0
4	200
0	0
0	0
0	33
0	33
0	21
0	6
762	1242
3	677
12	512
0	588
11	54
71	790
0	783
11	87
2920	216
36	208
118215	55696
0	13629
11	0
4	0
24	4
0	467
8	467
0	0
0	0
0	0
0	0
1	141
0	118
1	139
6	94
0	1
0	0
0	0
138	28
0	28
0	3535
6	3479
4	3330
21	3057
2	1744
3	664
0	262
9	239
0	34
4	631
0	0
16	206
0	364
2	651
5	364
112	1120
33	255
5	140
1	183
0	0
253	57
0	17
4	47
0	17
398	82
5	16
10	66
0	15
2	0
34	5609
1	4713
25	5370
0	4993
0	4807
0	1600
0	1600
8	6
1	20
0	0
21	122
0	0
0	23
0	0
34	365
90	365
42	0
5	0
4	76
540	81
140	8973
0	3779
0	7531
0	7895
0	8593
1	7975
62	6063
0	4205
0	5158
37	4988
12	1381
4	2805
0	1215
0	3770
36	2977
0	0
0	0
0	0
0	4
0	0
0	3
0	1
0	0
0	0
0	0
0	4
1	8
1	8
0	0
0	8
0	8
0	8
0	0
0	0
0	0
0	1
0	3
1	115
27	89
0	32
3	55
2	23
1	48
53	290
6	776
5	878
3	171
0	310
1	762
4	42
0	216
7	259
0	126
2	197
1	241
2	70
0	22
0	22
0	17
79	0
3	5
0	924
10	201
0	227
57	1036
1	94
11	688
0	545
0	4
8	43
1	78
1	110
8	25
0	12
1	29
0	29
0	1
9	1
8	707
2	689
4	339
0	250
0	41
8	203
0	0
1	14
3	49
2	50
3	39
0	38
11	1041
21	994
227	1273
1	34
0	257
6	181
0	6
0	6
0	1
2	52
106	178
0	63
7	129
1280	237
1	181
0	141
1	58
0	54
42	29
1	0
2	3
0	9
1	18
45	87
1	35
1	78
2	10
0	6
1	11
0	11
0	11
6	28
3	28
0	0
1	1
0	5
0	5
0	2
7	15
8	15
0	0
2	2
0	0
1	0
1040	0
6	0
0	1
9	0
0	0
1	22
3	25
0	3
0	39
0	0
0	0
0	0
0	0
0	0
0	0
0	0
216	4773
0	4784
0	3152
7	3146
0	19
9	860
23	867
0	842
1	844
0	68
1	155
27	860
572	349
0	301
2	59
2	43
33	1314
0	1204
9	232
9	909
1	269
1627	1573
21	349
0	1441
0	0
0	0
0	0
10	857
1	823
5	521
27	686
0	666
11	411
13	118
601	546
0	78
70	62
0	486
0	46
4	92
12	231
20	1051
0	1042
8	925
1	923
22	24
4	315
11	42
10	14
552	112
1	112
1	83
75	0
0	0
0	0
0	0
0	0
1	10
0	54
5	53
0	59
10	55
95	688
11	688
13	572
0	517
12	418
37	475
5	64
4	2
7	17
9	30
0	33
14	53
0	23
0	26
0	29
0	29
1	20
0	93
0	11
0	1
0	75
0	83
0	75
16	85
0	66
0	33
0	16
0	0
1	7
0	11
0	11
0	11
0	0
0	1
0	2
0	1
13	0
0	0
8	0
9	265
0	0
0	0
0	0
438	76
5	55
4	25
0	40
0	66
2	64
0	55
0	0
0	0
0	0
0	0
162	1492
50	1450
3	239
8	1290
0	0
0	0
0	32
93	6
28	0
0	23
0	17
3	232
145	232
0	0
80	175
0	171
22	83
0	56
1	37
1	37
1	0
240	1176
213	1109
13	626
3	603
2	376
0	150
0	21
0	287
0	287
4	228
0	228
0	209
0	24
0	64
1	59
0	20
0	16
0	14
0	8
21	3
0	3
191	612
0	612
0	83
72	3224
1	2926
21	3106
51	468
1	473
0	11
0	270
9	6
2	1922
4	271
0	0
0	221
0	1797
0	204
0	0
4	246
1	197
1	315
12	140
40	385
0	197
181	988
2	393
0	354
1	860
1	66
17	433
0	711
52	745
0	338
0	371
0	130
1	75
0	0
147	467
0	359
1	35
0	76
1	26
8	50
2	8
0	40
18	58
0	18
20	166
2	170
3	35
0	0
1	0
0	0
0	11
0	0
2	160
2	160
3	31
2	31
5	26
1	0
41	4
0	4
0	0
0	645
20	631
1	13
0	36
0	30
0	0
0	0
0	0
0	0
0	799
99	799
11	15
0	50
56	3506
23	483
0	3523
1	150
10	52
4	123
0	1292
19	36
0	0
0	319
0	273
450	2551
6	152
48	2397
256	993
103	993
12	1
0	178
4	51
9	15
65	327
7	322
48	39
44	213
0	0
6	0
1	0
0	0
0	868
12	955
7	343
28	0
0	0
0	51
0	0
0	0
20	0
5	33
1	0
0	0
0	0
0	103
209	0
10	411
21	436
0	302
2	212
5	96
0	0
1	315
0	329
9	328
0	244
2	14
0	43
0	28
4912	1191
15	88
0	0
0	1103
0	0
0	0
197	90
2	90
0	0
0	0
0	0
3	0
592	660
0	330
8	660
2	1115
43	1139
0	74
4	0
15	226
2	18
36	332
1	157
24	271
2	171
5	56
2	0
0	12
18	47
0	11
0	32
1	16
3	16
1	613
0	521
16	564
10	179
21	126
17	593
1	0
0	64
0	0
3	64
1	2
0	0
0	31
1584	696
0	696
111	213
20	194
4	19
0	0
0	0
54	723
0	6
0	484
0	0
0	0
0	0
4	0
1	137
0	0
0	0
1	652
0	0
2	38
2445	40
0	7
2	140
1	98
67	395
90	318
1	373
13	28
0	38
0	37
0	37
0	28
0	34
0	8
0	0
5	0
0	3
0	0
14	0
0	0
0	0
0	0
15	48
1782	1384
122	410
1	1372
34	79
3	7
58	7
1988	2729
3	169
4	122
220	2847
14	151
0	211
9	120
2	0
666	405
2	100
0	397
1	5
25	0
63	224
40565	135421
0	2422
0	85654
64	71848
63	54854
216	9570
2	35085
56	24585
121	14601
90	355
3	355
1	128
0	36
0	82
0	64
0	51
315	1379
35	1361
0	627
0	565
20	10
13	0
67	918
3	0
2	83
4	189
1	129
0	1
0	1
0	0
0	0
0	0
0	0
0	0
0	0
4	473
3	471
3	457
15	6
0	0
0	0
0	0
0	0
0	0
0	0
0	0
0	0
1	840
40	868
9	865
14	9
1	108
42	391
8	317
0	208
26	0
0	1
0	1
0	1
3	534
21	740
49	657
0	209
0	0
0	468
5	422
1	335
12	201
0	203
4	229
1	88
0	99
0	60
23	88
0	72
0	70
3	46
1	18
31	3
7	21
0	0
0	1
0	1
0	1
0	0
0	0
2	0
29	0
3	0
5438	8
1	22
0	0
690	152
0	174
22	73
3	5
155	13494
16	12186
0	2844
3	272
2	0
0	688
0	662
0	688
0	688
16	69
0	658
0	658
33	26
0	39
774	587
194	7
0	11
0	64
2	28
9	580
322	681
1	116
14	420
0	344
10	0
37	3
0	0
0	3
18	0
2	0
1310	357
5	357
2	146
0	1
0	1
0	1
25	714
6	613
13	63
0	165
0	473
0	468
16	459
2	245
0	346
0	71
0	20
6	39
8	260
0	157
9	3
0	9
0	46
0	0
2	15
0	1
0	3
0	1
0	2
0	0
1931	631
9	16
14	315
28	328
28	133
0	0
1	0
0	0
0	0
0	0
5423	0
0	0
279	0
513	1964
0	1893
9	11
3	111
14	46
13	58
0	0
14	413
5	701
0	426
0	71
79	0
7	0
14	2
0	2
0	589
0	59
32	644
2729	664
5	10
1	10
0	664
0	0
0	0
0	0
0	0
215	0
0	0
30	1
0	1
3	3
116	354
31	23
0	5936
0	5869
0	5767
47	5729
0	0
0	5497
23	21
6	2547
15	3
4	185
21	57
71	656
0	373
27	1403
0	2090
0	2178
14	1147
4	276
0	0
0	0
0	0
0	0
0	0
0	0
0	0
0	0
0	0
0	0
0	1
0	0
0	0
273	2571
2	110
1	2570
0	434
3	9
20	819
1731	9868
10	1270
55	2950
12	8134
4	330
0	1961
112	603
0	3248
28	1038
9	909
67	696
1462	1400
11	1384
0	653
86	19
12	10
28	1556
12	87
4	917
11	1201
22	1442
9	71
1	536
783	0
0	0
3	624
0	523
6	601
4	490
4	217
0	189
62	529
1157	3538
4	3545
4	3538
5	796
84	0
98	93
0	44
34	50
16	433
1	401
0	81
2	7
0	8
0	8
41	249
85	2153
1	228
7	2154
0	107
8	100
0	0
3	71
6	328
9	351
40	0
0	0
0	0
0	0
0	0
0	0
0	0
0	1
0	0
0	0
0	0
0	1
0	0
0	0
0	0
1	0
0	0
0	0
0	0
0	0
0	0
0	0
0	0
0	0
0	0
0	0
0	0
0	0
0	0
0	0
0	0
0	1
0	1
14	0
2	0
20	0
47	3242
0	3184
20	2457
2	684
0	529
0	564
0	238
13	12
36	1846
10	1743
7	490
32	2007
2	165
34	0
51	0
376	0
16	1333
36	22
105	3
6	3
0	0
0	0
0	0
0	0
0	0
0	0
0	0
0	0
0	0
0	0
0	0
0	0
0	0
8	177
0	0
0	0
0	0
0	0
0	0
0	0
1	0
343	2176
4	2176
0	247
0	0
1913	15761
27	30
26	15719
38	15791
38	451
0	0
0	0
31	6141
85	45
2	45
108	975
11	862
0	1030
21	838
59	775
2	784
0	544
14	533
0	124
0	117
1590	215
0	211
1352	75
179	2192
7	1949
1	1958
0	0
0	403
14	528
0	0
0	0
30	3
0	3
0	0
55	0
4	0
0	0
1347	0
0	0
0	0
35	14
2	14
0	0
1	5
0	0
0	0
0	0
1	0
38	3041
210	2987
0	73
17	130
4	427
5	0
16	192
0	1192
0	1317
8	120
78	3
0	75
3	2772
160	63
0	247
0	2405
16	58
21	2190
34	83
1	34
163	21
8	173
0	143
0	337
384	443
0	1
0	0
307	440
5	0
2	362
0	0
0	0
1526	924
1	673
6	96
54	616
0	0
0	247
1	181
3	162
22	175
1	50
2	15
0	0
152	107
1	1
0	6
0	0
1	2
0	0
0	0
6	109
0	67
0	49
1	86
1	18
2	70
1647	669
0	661
19	25
0	138
1	70
57	0
0	5
704	2947
23	2717
2	2706
0	824
3	152
0	87
271	495
0	0
0	0
0	0
23	0
0	0
0	0
0	0
192	110
0	38
2	72
4	43
0	40
2	27
40	1
0	0
0	0
0	0
0	0
15	3
0	5
3	5
4	6
0	0
0	6
1	0
1	0
0	0
1	0
0	0
32	73
5	73
2	0
1	0
9	0
4	0
2027	13120
45	11846
49	8117
0	6083
22	2229
0	5544
1	3032
37	3107
0	2203
24	867
2	0
1	0
0	0
15	0
0	0
1	10
1	15
0	0
2	1243
0	1290
8	1275
0	1126
1	1240
1	109
0	1212
0	1085
0	54
124	11
62	0
92	1008
0	0
0	0
0	0
0	134
1	138
17	63
0	23
0	12
0	0
6	0
0	40
3	0
1	250
0	0
0	0
3	0
0	0
0	0
1	0
10	569
4	71
2	500
0	0
0	0
0	1
0	0
0	1
0	1
0	1
0	0
0	0
2	0
0	0
0	0
0	0
0	0
0	0
0	0
0	0
0	0
0	0
5	1634
11	2142
0	1900
0	1738
4	391
4	100
93	937
0	267
1	178
0	74
0	0
0	0
3	1
421	247
0	54
1	193
0	0
0	0
0	0
0	0
0	0
0	0
0	0
0	0
0	0
0	2
0	2
0	2
0	2
0	0
0	1
0	0
0	1
5	76
0	116
16	140
13	71
4	0
11	0
34	1878
0	0
0	551
0	1882
1	29
29	32
1	10
1	498
0	0
3	0
0	377
1	264
45	0
25	0
8	0
0	133
0	0
0	0
0	0
0	0
0	36
0	792
6	152
0	265
0	791
0	7
0	28
0	0
0	0
0	33
0	21
2	15
0	11
0	0
9	0
0	78
0	60
2	48
2	0
7	101
1	91
0	26
0	10
1	34
1	29
5	6
8	0
40	17
0	13
1	8
13	138
879	2523
207	745
3	296
1	345
220	1584
30	3
10	4
0	1781
26	1860
4	1821
0	0
0	0
4	4
24	0
24	630
0	28
4	23
6	518
0	0
0	0
3	2
0	2
0	0
3	1636
15	1595
12	984
0	74
0	12
0	25
0	51
0	37
38	53
11	33
1	0
0	0
0	0
24	1
11	0
8	0
0	0
0	1
0	0
7	0
0	0
0	0
0	0
0	2
0	2
0	2
0	2
0	2
0	0
38	892
0	186
0	249
34	674
0	648
3	245
5	93
0	0
0	0
0	0
0	0
0	0
0	0
0	0
0	0
0	0
5	0
0	0
0	0
0	0
0	0
5	1
0	0
25	0
554	106
8	89
0	0
149	0
3	20
7	24
4	24
48	15
5269	248
4	248
836	2719
2	2735
0	1089
0	786
38	367
12	1925
13	1553
26	1825
13	242
0	155
35	1108
0	849
38	0
13	16
0	41
0	0
0	0
0	0
0	0
0	0
0	0
0	0
0	0
80	52
0	52
16	4
1	5
0	5
269	0
0	0
680	366
0	184
2	67
72	183
0	178
1	178
0	0
0	0
0	0
0	0
0	0
0	0
0	0
0	0
2	2290
12436	8356
0	1403
22	744
85	0
36	2971
27	2601
6	180
6	306
0	0
3	0
2536	702
0	530
2	57
0	157
34	0
6	129
0	204
0	221
0	190
0	173
0	191
0	187
0	164
1	152
0	156
0	69
0	78
9	0
10	0
0	91
0	95
0	91
0	0
0	0
0	0
0	0
0	0
2	0
6	1062
13	742
7	1219
211	2018
42	578
0	2132
0	545
0	1008
2	1079
6	605
64	0
8	0
5	0
0	22
0	94
0	0
0	0
0	0
0	0
1214	0
15	1136
28	1256
1	295
1	311
4	242
14	0
3709	1207
26	1203
6	1
149	2
1	0
9	0
0	0
172	21
0	17
0	6
0	78
0	78
0	81
4	80
0	2
0	1
0	0
0	19
1	1018
11	1018
13	12
0	42
0	103
0	0
0	0
0	0
0	0
0	0
0	0
0	0
1	31
0	0
0	0
0	0
2637	138
158	138
0	0
0	0
0	0
3	18
0	0
0	0
0	0
0	0
0	0
0	0
0	0
0	0
0	0
0	0
0	0
0	0
0	0
0	0
0	0
0	0
0	0
172	11
14	11
0	2
0	0
0	0
0	0
0	0
0	0
56	396
0	354
33	229
1	5
4	1
0	0
0	1625
105	1625
0	191
6	32
1	426
0	293
0	231
0	0
0	0
14425	6
206	0
0	0
0	0
14	75
85	10
0	0
0	0
0	10
968	387
18	340
26	317
454	76
17	76
16	117
2	52
2	729
6	97
0	790
7	6
2	1296
0	776
0	0
0	0
2	571
0	0
0	0
0	0
1	0
0	0
0	0
0	0
79	0
36	1189
0	93
0	353
0	349
69	438
0	30
0	2
1	1121
0	1241
0	1331
13	1392
0	176
0	711
0	4
4	698
0	154
0	469
1	109
7	43
2	0
0	3
0	3
0	0
0	0
0	0
0	0
0	0
0	0
0	0
0	0
0	0
0	0
0	0
0	0
538	4195
4	2314
48	2525
3	2553
116	3456
17	97
1	60
18	2010
112	2010
89	2063
0	374
55	31
116	3
2	59
197	3
0	68
0	0
0	0
0	0
197	325
3	337
0	15
0	142
1	8
3	75
0	0
0	0
0	0
0	0
0	0
1	0
0	307
11	212
3883	823
3	379
10	379
1	749
0	0
0	0
0	0
0	0
0	0
0	0
0	0
0	0
0	0
1418	2570
1	2545
3	2
12	27
2	44
32	39
1	63
328	1216
87	1216
2	41
1	40
0	40
0	1
129	791
1	791
26	643
0	492
1	0
130	2
0	0
1	0
0	1
0	0
0	0
0	0
0	0
14	0
49	612
2	114
3	8
0	17
11	30
0	1
32	1
0	0
0	172
0	197
0	609
0	21
8	67
0	36
0	70
0	80
0	0
9	0
0	5
0	214
0	0
0	0
0	742
0	742
0	742
15	139
39	173
3	486
4	43
9	0
0	0
0	0
0	0
0	1
0	0
0	0
0	0
0	0
4	25
0	25
2	0
11	7
0	1
0	0
10	0
1	0
433	9302
440	63
2	1156
14	301
5	8961
0	1
0	0
0	0
0	1
0	1
0	2
3	2
0	0
0	0
810	332
11	112
1	230
0	5329
22	1555
9	395
0	201
0	592
4	139
2	143
0	1000
53	5244
0	190
0	0
0	0
1358	3836
14	433
0	3667
11	2427
0	3332
1	327
23	113
0	946
4242	3305
312	1446
0	365
2	2834
0	1193
8	1481
13	31
0	0
0	0
0	326
0	344
0	130
0	383
0	373
0	184
0	358
0	278
1	0
1	0
0	0
0	0
0	2
0	0
72	0
0	334
0	324
0	0
0	166
0	332
0	342
22	12
0	301
0	326
0	0
0	18
0	103
0	5
0	129
0	0
0	0
29	0
25	0
0	0
0	0
0	0
0	0
0	0
0	0
0	0
1	9
0	3693
0	3692
0	3767
47	978
4	2429
0	202
0	0
13	0
17	305
0	315
0	379
9	330
0	23
0	0
7	0
30	94
0	25
0	12
0	0
2	9
0	0
0	0
1	0
3	130
2	127
38	4
213	824
164	756
40	56
0	227
0	0
0	0
0	0
0	0
0	0
0	0
0	1
0	0
0	0
0	0
0	0
0	0
0	0
0	0
0	0
0	0
14	0
1	0
0	0
0	0
9	3914
546	4370
0	1266
1	732
0	107
26	25
3	0
31	0
41	660
9	516
0	506
0	593
2	212
0	315
1	87
6	9
379	871
2	218
12	458
0	409
1	89
0	578
0	29
1	36
1	7
3	21
16	21
1	20
0	1
654	1178
2	1133
5	1105
8	395
2	339
2	197
0	0
1	0
0	0
0	0
0	0
0	0
0	0
169	1953
83	863
63	1829
3	5
61	92
37	16
16	2
0	1
0	1
0	1
0	0
0	1
0	0
0	1
0	0
0	0
0	2514
0	2714
0	2641
0	2576
2	2502
0	2838
0	709
0	1593
0	2256
8	141
50	1602
0	0
30	888
0	0
1	18
5	18
22	0
39	164
0	0
12	12
0	10
3	0
3	2
0	0
0	0
2	0
2	956
9	502
161	1110
2	1097
0	0
0	0
0	0
0	0
3067	394
37	16
20	376
1	124
182	0
0	0
2	0
0	0
0	0
0	0
0	0
0	0
0	0
0	0
0	0
0	0
75	0
0	12
0	0
0	0
0	8
1	8
141	469
3	37
0	371
14	388
7	249
0	116
6	57
16	50
0	10
2	0
1	0
0	0
0	0
0	0
0	0
0	0
0	0
0	0
0	0
0	0
0	0
0	0
0	0
0	0
199	0
0	0
0	0
349	0
192	2
50	1502
1	1465
6	1293
4	797
46	224
0	2
489	909
0	909
0	148
16	0
1155	2035
0	2035
17	0
1	0
0	0
0	2
0	4
0	2
0	2
0	2
0	0
0	0
2	352
48	4165
1967	6193
0	4566
96	115
0	514
114	0
148	0
0	10
0	0
0	107
1	179
0	405
168	0
69	10
0	365
4	860
1	0
0	0
0	0
0	0
0	0
717	1044
1	847
1	199
18	145
1	0
16	197
1	98
10	0
0	610
0	584
1	655
0	653
6	647
1	228
0	103
1	120
1	27
1	38
0	0
0	124
160	124
0	1
0	3
0	3
0	0
0	0
0	0
0	0
0	0
0	0
0	1486
31	771
0	8539
4	9965
327	7809
1	4238
42	1126
8	462
1	1455
7	25
0	25
0	3
1	3
0	27
1	338
0	0
0	335
0	164
0	0
0	304
0	310
1	262
1	49
0	34
0	34
13	310
163	6636
9	6636
801	1076
2	1076
5	1070
1	0
0	7
0	14
0	34
0	75
0	75
0	75
1	2
0	0
0	5
0	6
0	9
0	0
5	416
0	254
0	23
2	402
0	25
0	3996
50	4357
0	1301
1	0
12	3549
52	0
15	93
16	1963
115	15
1	193
45	977
113	580
1	135
14	259
3	253
17	26
40	116
1793	118
0	0
8	22
34	279
46	8609
17	8568
69	119
7	128
0	940
9	3065
8	3395
1	48
23	286
7	792
0	315
6	8440
0	963
0	949
0	60
8	8145
73	0
83	0
1	309
0	771
0	478
0	0
0	209
5	107
7	107
7	141
7	209
1	0
0	0
0	0
1	5
0	5
0	5
0	5
0	0
17	1292
0	220
0	1307
74	177
0	755
0	131
0	934
0	967
4	708
8	655
1	36
0	638
0	656
0	636
0	584
0	595
0	672
24	40
0	182
60	184
0	1
0	0
0	0
0	0
32	0
4242	564
0	366
6	375
0	245
0	0
0	0
0	0
0	393
0	323
3	59
0	367
0	261
0	64
0	109
0	10
0	46
0	0
14	44
0	11
16	2096
875	2070
6	345
0	758
0	386
12	163
83	396
0	0
0	0
13	645
0	367
1	611
290	756
1	735
0	525
25	0
0	103
51	107
0	50
2	1
0	1
0	0
9	12
1	2
0	3
0	1
3	8
3	2
0	0
0	2
1	0
0	0
0	0
0	0
0	0
0	0
0	0
0	0
3	176
0	171
0	90
0	108
0	36
3	12
0	3
0	8
0	2
0	0
4	2
0	0
0	0
0	3
0	3
0	4
0	58
0	0
0	0
0	0
4	60
1	60
0	2
0	0
0	0
0	0
0	0
324	2857
13	2889
20	814
0	1009
3	606
0	494
0	0
0	1
0	0
0	0
0	0
0	0
0	0
0	0
0	0
28	0
113	1
42	135
4	156
0	2
87	48
0	28
0	0
6	31
0	0
218	0
50	0
32	139
102	0
1	51
3	65
0	49
1	36
3	7
8	40
1	13
0	4
0	14
0	14
0	16
0	4
0	6
0	3
0	3
3	15
0	5
1	5
0	5
0	6
18	0
13	0
3	4
0	0
11	0
0	0
0	0
1	0
731	2420
71	802
199	599
10	74
276	8
98	287
2	465
0	1028
0	630
0	725
68	1
0	538
0	383
1313	17
0	17
0	0
0	0
0	0
0	0
0	0
0	0
0	0
0	0
0	0
0	0
0	0
0	0
0	0
0	0
0	0
0	0
0	0
0	0
0	0
0	0
0	0
0	0
0	0
0	0
0	0
301	3
0	3
0	0
0	0
0	0
6	0
0	0
3	0
4	492
65	3807
8	3120
0	1268
0	802
1	793
1	281
0	608
1	1253
76	1553
0	0
100	0
0	0
0	0
2870	3569
243	2107
105	2501
30	3152
79	2692
6	1200
29	652
0	92
0	0
26	0
0	0
0	618
2	13
0	0
11	10
0	10
0	4
0	0
3	0
314	673
1	573
66	267
22	98
0	0
0	0
48	501
2	641
624	1574
39	581
1	672
0	364
750	571
1	571
0	0
0	0
6	406
19	105
1	233
3	357
18	0
13	45
14	0
0	0
0	0
0	0
0	0
1310	604
48	604
1	236
0	311
0	447
0	0
1	6404
15	1216
18	216
4	501
143	6747
0	6574
5	8
0	0
5	6135
20	18
0	5689
1	3216
0	0
0	0
0	0
0	494
145	629
0	323
1	681
5	14
61	39
1	122
0	34
0	34
0	34
14	28
1	25
0	29
0	16
1	27
9	26
2	29
0	22
3	48
0	0
0	0
1	0
66	19
359	87
0	3
0	2
1	28
20	142
7	144
0	43
0	98
2	24
8	19
27	245
0	245
0	53
1	46
0	13
18	15
0	5
0	4
0	0
0	0
0	0
0	0
62	94
38	142
0	3
0	40
0	107
30	215
0	673
0	679
19	683
6	579
2	602
44	24
0	58
0	3987
2	4059
2	1457
0	654
10	2467
30	808
0	0
12	3
102	328
0	294
26	342
1	0
0	0
0	0
15	0
0	0
8065	488
0	392
0	0
0	0
3	3
0	0
0	0
0	4
0	0
0	14
1	12
4	11
7	13
3	13
3	11
1	8
1296	25
2	25
0	0
0	0
0	0
0	0
1087	655
14	651
4	29
0	28
0	29
0	31
0	25
3	6
0	0
0	22
1	93
0	4
0	0
1403	72
5	66
0	0
0	0
0	0
16	335
4	307
0	0
97	217
127	698
0	2453
70	2382
0	484
1	1979
7	80
61	143
44	78
0	57
2	30
3	8
0	51
0	3
0	17
0	18
2	0
1	1
0	3
0	1
0	0
0	0
0	259
1	259
2	95
1	92
3	79
0	4
0	0
284	2
1692	2962
16	2960
0	3002
11	2467
0	1
0	71
24	195
0	32
0	192
0	28
0	7
0	0
3166	1209
18	1163
31	1017
3	5
37	326
1	27
0	28
247	547
3	268
0	0
0	234
256	234
4	0
0	2558
181	3130
0	2131
0	1947
366	76
0	880
0	1183
0	1945
0	40
0	1093
3	1660
206	3
98	3050
3	15
0	15
0	8
2	2
0	2
658	748
0	695
1	750
0	741
1	59
1	75
29	298
6	10
0	0
9	142
4	99
20	140
1	14
0	0
4	75
0	0
2	0
2433	118
56	112
3	0
0	0
3448	1490
10	1488
47	0
0	0
0	0
444	1524
0	1459
6	1051
0	1444
0	253
22	136
3	221
0	51
1	115
0	102
0	90
1	18
0	11
1	11
144	0
3	3791
67	4126
1	708
40	1627
0	1953
8	387
0	603
219	811
2	2
0	2
0	0
160	204
0	103
2	1
3	0
1	101
0	0
1	0
1	0
27	441
0	98
0	372
5	72
0	47
0	13
0	0
0	84
379	1043
101	850
9	593
8	454
17	1
0	25
1685	461
110	461
90	31
1	15
2	93
5	0
322	668
6	474
11	51
0	202
0	0
0	3
12	3
0	0
0	4
4	0
1	0
16	1
0	0
1	0
2	0
52	2
248	249
2	115
5	0
18	17
0	7
61	22
21	3
5	123
3896	690
37	682
0	116
12	123
0	1
3	1
0	1
113	755
41	525
63	90
4	803
6	761
2	208
14	15
2	0
3	0
0	0
0	0
0	0
0	0
0	0
0	0
0	0
0	0
0	0
18	51
1	47
6	10
0	5
0	0
0	1939
0	14212
0	13987
7635	18996
0	6229
1	8333
0	456
1	86
319	2250
179	3560
4871	3609
0	0
0	0
4	0
0	0
0	0
0	0
0	0
0	0
0	0
0	0
0	0
0	0
0	0
0	0
0	0
1	0
1	0
0	1
0	0
0	0
0	1
0	0
0	0
0	0
0	0
0	0
0	0
0	0
1	0
1	3
0	3
1	0
0	0
0	0
1	0
0	0
0	0
0	0
2	0
0	0
2	0
1	0
0	0
0	0
0	0
0	0
0	0
0	0
0	0
0	0
0	0
0	0
0	0
0	0
0	0
0	0
0	0
0	0
0	0
0	0
0	0
0	0
0	0
0	0
0	0
0	0
0	0
0	0
0	0
0	0
0	0
0	0
0	0
0	0
0	0
0	0
0	0
0	0
0	0
0	0
0	0
0	0
0	0
0	35
46	35
0	0
0	0
0	0
0	0
0	0
0	0
0	0
0	0
55	13
0	0
0	0
0	0
1220	579
0	220
0	200
0	159
280	135
7	135
0	0
0	0
0	0
0	0
0	0
0	0
0	0
0	0
0	0
0	0
0	0
0	0
0	1
0	1
0	0
0	0
0	0
0	0
0	0
7199	0
5	0
0	0
0	0
0	0
0	0
0	0
0	0
46	801
1	685
17	533
0	297
110	397
97	397
932	719
269	139
0	552
1	55
29	69
0	43
0	0
3	160
3	120
15	130
5	47
0	0
0	7
0	4
0	4
0	5
0	4
0	4
0	4
1	6
0	3
0	0
0	27
0	28
0	28
1	0
0	0
1	119
0	225
49	1455
0	1362
66	1116
3	1014
8	109
97	1026
0	107
3	8
0	31
136	571
4	570
6	63
0	2
5	2
1	0
3	0
2	0
0	0
0	0
0	0
0	0
0	0
0	0
0	0
0	0
0	0
0	0
0	0
0	0
0	0
2494	311
6	311
484	1980
5	2057
112	1831
2	1401
4	192
61	318
6	0
0	0
0	0
0	0
0	0
0	0
0	0
0	0
0	0
0	0
0	0
0	0
0	0
0	0
0	0
0	0
0	0
0	0
0	0
0	0
0	0
0	0
0	0
0	0
0	0
0	0
0	0
0	0
0	0
0	0
0	0
0	0
0	0
0	0
0	0
0	0
0	0
1	0
0	0
0	0
0	0
0	0
0	0
0	0
0	0
0	0
0	0
0	0
0	0
0	0
0	0
0	0
0	0
0	0
0	0
0	0
0	0
0	0
0	0
0	0
2	0
2809	3352
0	2939
23	87
35	945
24	0
219	1847
5	132
59	1169
0	169
0	0
0	0
0	0
20	897
0	806
1	693
0	58
0	0
2	0
15	22
0	5
0	0
2	1
0	0
0	0
0	0
0	0
0	0
0	4
29	27
2	0
2	0
0	0
2	0
3	0
2	0
0	0
0	0
0	0
1	0
1	0
0	0
1	0
0	0
0	0
1	0
0	0
0	0
0	0
0	0
0	3
2	0
0	0
1	0
3	286
0	0
0	0
0	0
0	0
1	8
0	20
0	9
2	68
0	615
1	111
1	0
0	3798
719	4560
25	340
0	151
8	435
7	146
7	508
1	226
0	1660
0	1508
0	1541
1	181
14	1269
67	46
7	34
87	426
0	176
1	284
0	205
4	389
2	261
26	160
0	0
0	0
0	0
507	0
0	1
96	0
8606	212
0	0
1	212
0	12
77	5
0	5
9	0
113	59
12	247
626	194
17	0
1033	268
74	268
485	80
1	80
21	107
0	51
5	40
0	21
0	93
1	13
0	6
1	38
0	28
0	6
0	5
0	8
17	216
1	25
3	212
0	2
0	965
5	957
4	203
0	158
7	38
3	0
0	0
14	1312
30	1312
0	20
10	65
164	85
40	0
0	0
0	0
0	0
0	0
7	987
2	786
189	12
1	850
59	967
0	19
0	875
0	27
27	779
12	604
0	0
0	72
0	87
0	70
0	30
0	468
0	512
7	538
0	475
0	297
0	26
1	8
3	60
0	62
1	64
0	9
0	28
0	5
7	43
0	116
94	142
0	22
0	6
2	1902
4	280
1	0
108	742
3	45
1	740
5	172
5	1
3	1
0	169
1	1
1	15
11	0
74	202
0	482
5	555
0	474
3	389
0	0
0	0
0	0
0	410
0	1379
0	1331
0	1379
8	1359
22	21
0	21
0	8
31	126
7	291
3	61
0	291
5	0
3	627
0	12
0	12
23	627
8	192
48	160
0	207
0	0
179	63
18	63
0	53
1	153
2	97
0	62
1	105
24	196
43	244
30	244
0	49
2	0
1	1
23	3
1	0
0	3
4	0
5	1
8	84
0	14
0	11
2	79
3	0
7	1
2	1
1	77
40	12
0	12
4	8
13	7
1	0
13	0
32	65
8	65
0	0
0	0
155	4141
124	4269
30	4236
2	3737
52	3070
0	1548
0	2097
13	2187
12	2088
2	2207
0	1722
4	1025
20	212
313	2811
517	2776
60	1768
7	2443
0	1460
0	13
0	0
72	0
0	0
1	0
0	1260
191	6826
2	6825
2	6820
4	861
0	0
0	0
0	0
0	0
0	0
0	0
0	0
0	0
0	0
0	0
0	0
0	0
4	4
57	113
0	4
2	109
0	16
0	0
141	341
5	277
3	69
22	1
0	0
16	55
3	2
0	0
0	2
0	0
0	0
0	0
24	2245
63	2217
0	2389
77	2349
0	0
876	152
0	0
34	125
0	125
13	67
0	59
0	3
0	5
0	15
6	12
0	0
0	0
0	0
2	2
0	0
0	0
0	0
3	0
0	0
0	0
0	1281
0	1371
23	1284
84	19
1	1214
0	339
6	551
1	270
3	2
0	81
6	261
1	70
0	139
0	139
0	17
3	0
242	1589
46	395
0	1466
66	1346
0	1279
43	1043
4	166
5	265
1	109
2	80
0	0
4826	4437
29	2262
1	3
0	3
0	0
13	0
0	0
0	1
0	0
0	1
0	0
0	1
0	0
0	0
0	0
0	0
0	0
0	0
0	0
0	0
0	0
0	0
4	0
1	0
3	0
0	0
958	378
1	227
8	378
130	6704
11	6198
1	6766
0	7019
931	2466
4	9054
0	9326
0	8977
274	2319
0	1133
98	71
0	1732
1289	3541
0	2944
309	5462
51	8
6	4110
6	9
0	5453
1	895
134	65
16	1230
92	1
0	72
1	312
1	1294
16	356
0	256
0	0
39	0
604	3139
0	787
9	2806
0	220
49	0
0	1182
407	583
0	0
7	0
11	0
4	0
0	0
0	0
0	19
0	19
0	0
0	0
11	1
7	1
0	0
0	0
1	0
52	1
3	28
1	5
12	5
0	3
109	13
0	6
3	0
11	0
140	64
11	0
64	0
1	0
0	0
24	0
92	23
22	64
319	4
80	0
11	690
24	736
24	146
10	69
6	101
1163	716
0	505
58	501
0	93
96	2
0	0
69	875
3	875
76	567
12	441
20	141
2	141
73	764
58	833
11	694
19	681
0	0
195	323
0	8
0	0
15	0
13	0
9	519
0	26
150	0
957	375
0	371
0	370
0	371
0	0
9	0
48	188
9	200
0	12
0	4
0	0
376	14
8	14
577	251
1	251
0	192
0	0
0	0
0	0
1158	764
2	700
6	62
64	0
1	0
153	0
157	2
0	0
5	0
10786	3125
5	1277
146	1544
40	1336
1	418
0	0
1	701
207	700
0	45
0	52
1	52
3	0
0	0
0	0
0	0
0	0
9	1
0	114
0	1
14	1
12	0
0	1
0	33
21	6
5	1
1	0
1	24
0	24
0	0
0	111
24	31
0	0
5	0
0	0
386	0
0	0
5	0
0	0
0	0
0	1
0	1
0	1
0	0
0	0
0	0
0	0
0	27
57	480
0	73
25	129
0	2
0	59
7	0
0	4
4	1
0	1
0	1
0	253
0	185
0	279
3	0
109	322
0	116
0	100
0	90
0	38
0	110
2	0
49	395
1552	401
1	0
0	222
0	219
0	216
0	219
0	0
0	6
26	1
0	0
199	43
0	31
4	24
0	3
1	0
5	271
4	250
0	146
1	57
0	0
0	19
1814	1112
0	1
1	1112
0	0
424	22
0	22
1	7
0	0
3239	247
0	64
2	220
6	0
0	647
39	647
2	8
0	97
0	8
1	14
0	0
72	69
0	61
0	17
0	14
2	1
13	2
4308	1166
12	170
4	1032
3	4
0	4
0	2
0	3
0	3
0	2
1	1
0	1
0	0
0	0
13	6
0	6
6	74
23	96
0	22
0	0
0	0
1585	0
0	0
0	0
0	0
1	0
0	0
6	191
159	189
0	27
2	2
1	41
1	51
0	57
1	73
0	0
0	0
0	0
0	4
0	4
0	0
5	48
2	45
1	45
0	43
13	46
0	44
0	0
0	43
33	80
0	77
0	56
2	52
0	0
1	14
14	4
0	0
0	0
0	0
126	211
0	143
8	209
1	125
0	54
60	87
4142	1378
9	987
9	214
16	383
32	2687
5	2687
1	85
0	16
15	0
3084	102
1	102
67	1779
57	1751
5	1063
0	963
0	315
15	78
0	50
0	26
65	0
10	0
10	3
0	3
0	0
0	0
0	0
0	0
0	0
0	0
0	0
0	0
0	0
0	0
0	0
0	0
0	0
0	0
0	0
0	0
0	0
0	0
0	0
0	0
0	0
0	0
0	0
0	0
0	0
0	0
0	0
0	0
0	0
0	0
0	0
0	0
0	0
0	0
0	0
0	0
0	0
0	0
0	0
0	0
0	0
0	0
0	0
0	0
0	0
0	0
0	0
0	0
0	0
0	0
0	0
0	0
0	0
0	0
0	0
0	0
4	108
960	32
4	25
2	7
0	0
263	194
0	34
0	88
71	2
1	17
0	32
0	0
60	72
875	129
0	57
8	451
147	472
9	517
1	187
2081	293
19	209
64	192
4	75
2	15
0	0
0	0
0	0
8	0
0	0
0	0
0	0
0	0
0	0
0	0
0	0
0	0
0	0
0	0
0	0
0	0
0	0
0	0
0	0
0	0
0	0
0	0
0	0
3	11
0	0
0	0
0	0
0	0
0	0
0	0
0	0
0	0
0	0
0	0
0	0
0	0
0	0
0	0
0	0
0	0
0	0
0	0
0	0
0	0
0	0
0	0
0	0
0	0
0	0
0	0
0	0
0	0
0	0
0	0
0	0
0	0
0	0
0	0
0	0
0	0
0	0
0	0
0	0
0	0
0	0
0	128
0	0
0	31
83	1529
8	168
0	310
1	1436
0	165
0	1530
0	285
1	25
0	214
9	67
0	0
7	21
34	22
1	40
4	47
0	788
346	797
1	22
0	0
2	0
0	38
29	15
83	16
0	16
0	23
459	318
0	310
0	0
2	0
0	0
1	63
2	7
103	0
1	0
0	0
0	0
650	0
1304	5
0	0
0	0
0	0
0	0
0	0
0	0
0	0
0	0
0	0
0	0
0	0
0	0
0	0
0	0
0	42
1	47
0	1
6	0
0	6
4	15
0	0
9	94
11	694
4	694
0	0
0	0
0	0
0	0
4	2
13	22
0	20
24	677
5	441
0	466
0	636
5	81
2	53
11	101
0	83
20	2
6	0
91	125
0	78
0	6
2	0
0	0
0	0
0	0
0	0
0	0
0	0
0	0
0	0
0	0
0	0
0	0
0	0
0	0
0	0
1	5
5	6
0	1
2	5
0	0
0	0
0	0
0	0
0	0
0	0
0	0
1722	0
0	0
0	0
0	0
3	212
92	2235
2	77
1	113
7	120
2	64
0	109
46	712
0	1998
7	39
0	161
1	180
111	5
8	4
52	27
206	125
38	105
1	0
4	20
0	0
0	0
0	0
0	0
0	0
0	0
0	0
0	0
0	0
0	0
0	0
0	0
0	0
0	0
3	1521
4	1572
356	1800
6	662
0	89
3	154
319	36
102	33
132	13
0	13
0	0
0	0
0	81
19	7
0	26
1	59
13	0
0	55
0	0
2	0
6	5
0	0
0	0
0	0
0	0
0	0
0	0
0	0
0	0
0	0
0	0
0	0
0	0
0	0
0	0
345	1096
25	948
168	973
0	2
0	2
0	2
0	0
0	0
0	0
0	0
0	0
0	0
0	0
0	0
0	0
0	0
0	0
0	0
0	0
0	0
0	0
0	13
0	0
0	0
0	0
0	0
0	0
0	0
0	0
0	0
0	0
0	0
0	0
7	9
0	0
0	0
0	0
0	0
0	0
0	0
0	0
0	0
0	0
0	0
0	0
0	0
0	0
0	0
0	0
0	0
92	666
1	2
2	2
4295	3225
4	1212
5	1830
0	1880
1	851
5	3157
0	997
56	1597
3	158
0	0
0	0
7	0
2	0
0	0
176	309
0	270
0	231
0	117
3	145
14	105
7	12
0	14
21	16
1	26
1	2
3	1
0	1
0	0
0	0
0	0
4	13
0	0
0	0
0	0
4030	10284
90	10178
204	1684
1	7704
221	8794
1	4937
5	6687
0	10813
172	4545
1	2086
9	2480
21	3341
0	2716
3	2591
0	4027
2	2
0	2
0	0
0	0
0	0
0	0
11	0
0	189
1864	0
119	189
0	0
0	0
133	0
0	1
0	0
0	0
0	0
52	0
0	0
0	0
0	0
0	0
0	0
0	0
0	0
0	0
0	0
0	0
0	0
0	0
0	0
10	18
0	18
0	0
0	0
5	0
0	0
2	22
0	22
0	224
72	227
2	0
57	9
19	27
0	27
187	11
0	0
0	0
0	0
0	0
0	0
0	0
1310	210
0	0
0	0
0	0
0	0
0	0
0	0
0	1
10	59
0	59
188	0
0	0
1552	222
0	0
0	0
174	0
0	0
0	0
0	0
0	0
0	0
197	0
138	0
0	0
0	0
0	0
0	0
23	71
0	71
0	0
11	16
0	16
2	11
0	11
0	0
497	24
0	0
0	0
0	3
0	3
86	26
0	0
0	0
0	54
32	54
0	0
0	0
125	0
11	0
0	0
0	2
0	2
12	0
0	0
0	0
0	0
0	0
0	0
0	1
0	1
15	12
11	12
0	0
0	0
0	0
0	0
0	0
37	0
161	8
0	0
0	6
0	0
0	0
0	0
0	0
0	0
16	1
0	0
0	0
225	1
0	0
0	3
0	5
297	19
0	2
37	20
0	0
0	0
0	0
0	0
0	0
0	0
0	11
7	11
0	0
3	0
1	0
0	0
2	9
0	8
159	27
0	1
0	36
14	36
199	476115
0	864
0	0
42	0
0	0
27	1
0	0
1	0
0	0
52	17
0	0
0	0
0	0
0	27
12	27
0	0
0	0
0	0
6	0
0	0
321	0
0	0
87	1
5	19
84	0
127	19
0	0
60	1
0	0
0	0
0	10
7	10
0	0
0	0
0	0
0	0
0	0
0	0
0	0
0	0
0	0
0	0
2	0
0	0
0	0
26	0
0	0
62	0
0	3
0	10
0	21
0	320
176	320
0	0
0	65
31	65
0	1
0	0
34	15
33	0
0	4
174	2
0	0
0	0
0	0
227	0
0	3
38	21
0	943
548	943
493	1
2	0
165	14
0	4
3	4
0	0
521	0
0	0
0	0
0	1
112	0
0	0
0	47
39	47
0	0
0	0
0	0
0	0
108	0
0	0
0	11
0	11
0	0
0	0
0	1
0	1
0	0
24	7
12	0
0	0
58	1
1	0
9	0
0	0
0	0
0	0
0	0
0	0
0	0
0	0
0	0
15459	30
870	405
4	382
76	21
1327	1652
5	128
16	61
0	0
10	1495
0	0
3	27
0	0
0	0
0	0
0	0
0	0
14	58
17	416
3	416
0	43
1	114
0	0
0	0
0	2
0	2
0	1
0	0
0	0
0	1
328	2785
4	248
2	2653
191	0
0	2734
1	1
0	1
0	0
6	0
0	0
0	0
0	0
2	0
0	27
3	15
1	26
968	6082
1	4868
0	3338
0	905
9	140
58	0
0	0
1	0
3	3745
13	3522
1	3331
192	4
0	0
2	0
3588	2552
9	2
5	320
4	2540
2	165
6	288
4	269
14	534
5	2269
0	2277
1	2224
8	51
16	142
13	180
0	715
7	64
0	1233
25	169
2	221
79	574
0	7
15	224
3	32
0	7
0	6
47	228
0	223
0	52
2	0
4	0
585	331
0	331
0	126
2	0
14	6624
6	5798
134	837
38	1373
29	6088
19	5317
0	6073
3	4564
35	516
187	0
0	0
105	74
3	3150
0	115
0	1663
14	800
126	2106
6	1951
66	1144
163	0
8	111
92	1022
2	249
63	70
63	69
3	181
8	13
3	1237
101	2473
8	324
2	1208
0	0
1	10
0	7
0	109
0	159
2	40
0	0
4	1187
0	0
0	0
0	0
3	48
1	48
0	9
2	0
0	5
0	0
0	0
0	0
0	311
107	358
0	61
0	0
0	0
0	0
0	0
671	555
2	291
0	264
17	0
60	630
3	102
297	621
0	468
0	78
0	69
0	19
0	8
0	18
28	1334
0	1434
12	1768
0	1034
0	705
0	595
1	407
0	407
0	396
3	549
0	347
0	151
0	196
0	131
12	40
0	41
7	20
541	1934
93	1934
286	670
0	332
1	508
9	23
3	85
862	9085
365	9009
0	1145
0	1132
1	4147
1	1044
117	802
60	1011
0	295
88	302
91	0
0	25
0	14
0	21
0	21
0	17
0	21
0	24
1	28
0	23
0	17
25	3911
2	3915
0	1142
0	1357
35	4098
17	1057
1	392
2	60
0	331
0	2181
1	630
0	189
0	188
14	106
0	64
0	28
4	25
273	698
0	681
0	424
67	0
1	52
0	164
1	46
28961	26
2	0
74	92
2	88
18	20
46	18
182	233
0	5
10	0
227	225
4	0
6	0
8	0
0	0
27	0
412	2087
5	2019
0	308
149	200
0	188
0	269
111	2
0	0
42	4561
70	2684
15	4007
23	1014
0	0
18	0
0	17
0	17
0	17
0	4
0	0
0	0
2413	2414
0	1129
2	1208
13	199
102	392
2	791
0	0
0	0
0	0
0	0
0	0
0	0
0	0
3	0
0	0
0	0
0	0
0	0
0	0
0	0
0	0
10	3073
0	0
0	0
0	2
0	0
0	0
0	0
0	0
6	81
0	0
0	178
0	0
0	49
0	52
0	48
0	36
0	0
0	5
0	11
0	11
0	10
0	2
0	0
1	0
5	0
2	0
6	0
1	0
4	0
5	19
1	0
0	0
0	0
0	0
0	0
1	5
0	35
20	51
0	37
0	14
0	0
0	0
0	0
0	0
0	0
0	0
0	0
0	0
0	0
20	321
313	321
0	0
0	0
0	0
0	0
0	0
0	0
0	0
0	0
0	10
0	0
0	5
0	1
0	8
0	5
0	5
1	8
0	1
0	7
2	0
0	0
2	0
1	0
0	0
1	0
0	0
5	0
0	0
0	0
0	0
0	0
0	0
0	0
0	0
0	0
0	0
0	0
0	0
43	340
4	313
17	147
4	5
10	0
47	7
0	39
1	22
858	279
6	143
3	136
0	2
0	0
0	2
1	25
147	69
1	1
0	0
1	68
0	0
0	0
5	89
0	272
0	272
17	7
5	287
210	936
2	656
2	158
0	0
5085	5526
13	789
1	4728
20	17
1	0
0	0
0	0
0	0
2	0
0	0
18	20
0	20
0	1
0	0
0	1
1	2
0	2
14	7
0	0
1	7
0	0
4	0
0	0
0	0
0	0
1	0
0	0
53	308
24	308
2	7
1	21
69	177
0	166
0	4
0	0
1	17
0	329
0	542
0	466
0	460
13	481
2	173
0	237
16	202
1	176
1	118
10	100
23	2435
1	2143
0	689
27	216
0	205
8	2086
14	746
0	392
1	2019
1	774
0	160
1	51
9	913
15	7
14	16
0	609
20	150
571	248
33	248
15	34
1	34
0	0
4	12
3	127
0	127
0	61
0	105
0	15
1	14
1	10
0	0
0	0
0	0
0	78
41	815
16	45
3	23
4	18
5	16
11	2
5	2
0	740
8	528
2187	490
14	490
0	1387
10	1185
43	1264
19	817
0	529
0	316
0	263
0	65
29	18
63	301
0	226
0	250
0	0
3	11
2	356
129	1121
4	1159
55	1159
0	175
0	77
2	306
6	13
8	293
3	169
3	13
0	7
0	0
1	5
2	5
25	4326
0	4050
3	505
0	0
0	0
0	0
0	3777
0	3837
0	250
25	3799
16	118
3	298
4	135
16	130
9	196
0	8
0	1
0	11
0	11
1	0
0	3
192	271
0	259
1	72
2	11
0	31
0	6
1	16
17	0
1	8929
0	602
0	242
0	8011
0	4293
2	200
0	371
0	327
126	457
0	0
0	59
1	58
0	378
2	143
3	198
2777	2397
301	2393
0	868
0	0
0	125
208	4
375	0
0	1
1	1
0	1
76	371
16	363
35	166
0	209
2	155
0	10
64	3
4	31
1147	19531
0	19523
0	6323
0	6148
2	8953
0	7476
76	336
0	351
2	349
2	161
1	212
1	1115
0	546
1	161
2	0
17	0
10	10
0	0
1	3
0	0
0	0
0	0
0	0
0	0
0	0
0	0
0	0
0	0
0	0
0	0
0	0
1	0
0	0
0	0
0	0
0	0
0	0
0	2
0	3
6	3
0	0
0	0
1307	1173
27	1008
2	166
2	252
0	0
23	842
5	817
25	193
4	659
0	606
30	1
3	135
24	108
1	209
14	133
1088	202
0	82
1	131
10	65
0	0
0	0
0	3
0	0
0	198
0	75
1	0
0	640
0	1
137	3707
125	957
0	78
0	1715
24	1723
1	2560
18	2495
0	3618
68	0
0	101
7	2220
4	2396
7	177
0	342
12	60
51	0
5	60
1	100
77	85
0	318
10	28
2	581
0	580
0	584
0	588
0	563
0	0
0	556
0	563
0	592
0	557
0	582
0	576
0	601
0	4
3	0
0	61
11	118
0	53
0	6
0	0
0	0
0	0
24	106
7	115
0	115
0	115
0	32
1609	1276
1	0
39	1298
12	1194
4	684
32	0
0	0
10	422
106	299
3	165
0	0
0	0
0	1
0	0
0	0
0	0
2	0
0	0
25	1784
0	1784
3	1190
10	728
1	0
0	0
0	0
0	2
0	4
4	2
0	0
0	0
554	142
1	22
1	137
3	65
1	29
0	31
0	3
0	5
27	6
22	782
116	817
0	0
0	35
0	0
0	0
285	183
1	66
3	0
23	8
3	84
0	13
7	64
0	87
37	154
0	172
6	86
1	48
7	46
0	20
5	20
0	1
1377	6124
166	5
7	5453
2	5568
7	1326
8	980
0	308
0	18
0	18
0	18
1	0
0	0
36	1209
46	1207
22	0
28	7
18	3
12	0
58	0
1	26
0	11
1	54
2	5
0	0
1	36
0	27
2	101
0	0
0	39
1	10
0	10
4	0
9	0
51	31
34	17
0	0
3	126
381	141
0	51
0	51
0	6
8	14
0	0
0	159
0	0
0	0
3	1
11	96
0	143
3	622
23	97
0	641
2	163
0	45
0	54
6	106
0	0
1	2
0	0
4133	1174
1	550
9	128
0	325
42	143
36	483
1	380
23	86
12	0
1	0
0	0
0	0
5	13
36	49
1	37
1	0
0	11
0	37
0	49
0	49
0	34
0	45
1	0
0	21
0	0
2115	373
21	18
3	69
0	308
0	0
1	0
16	890
0	0
1776	76
55	18
0	89
166	927
1	206
9	792
0	414
1	0
3079	1080
0	338
3	338
33	465
11	125
2	229
1	716
20	1757
37	71
0	63
151	189
2	233
6	479
49	1068
0	1432
4	512
0	487
0	221
0	1678
3	348
0	1343
1	162
0	222
255	62
10	62
0	114
0	140
0	65
0	58
0	236
221	115
0	74
29	26
1	117
0	171
15	448
1	86
0	448
8	418
12	1
56	423
1	248
0	28
13	52
0	52
3	35
29	35
0	0
1	0
2	0
0	0
3954	2
0	13
3	62
102	147
0	82
6	94
0	95
1	26
2	16
0	0
1	0
598	0
9614	2221
22	485
11	1839
282	0
503	478
224	571
6	452
1	364
1	60
2	0
1358	149
58	0
17	0
4	149
3	0
36	15650
452	15597
57	14057
23	2529
0	3466
20	4300
41	6520
10	6237
77	4887
74	0
2020	803
5	120
0	248
3	388
0	16
45	0
38	0
12	54
31	0
5	359
7	0
50	15
0	148
3	524
1	129
0	524
140	499
21	3
10	24
10	186
2	258
9	142
0	1504
18662	7778
198	109
6	910
0	801
0	7613
11	1063
0	6
0	7
0	7
0	1
1	1
0	1541
0	1318
8	0
5	510
16	0
25	522
0	76
15	0
0	0
13	296
0	0
2	0
13	0
36	0
0	0
107	0
1	0
3	81
6	98
0	92
0	93
1	16
1	0
0	46
0	47
0	6
0	0
14	277
0	223
2	285
13	136
0	0
0	0
0	0
0	0
5	0
0	0
0	0
4	0
2	20
3	63
27	63
0	9
1	0
5	966
0	0
0	0
0	2734
6	2923
3	3226
5	47
0	848
0	446
2	262
0	39
10	217
91	0
21	0
691	624
0	418
1	32
1	197
0	323
10	186
0	73
26	2
1	110
0	9413
192	8871
33	8713
62	9027
4	3285
1	2642
5	2753
27	1948
64	77
4	0
2199	3953
34	483
0	387
263	951
6	683
39	155
17	1047
134	1872
1	335
0	45
0	0
1	571
2	215
5	34
1	43
7	536
1	109
7	216
0	0
63	0
1	21
0	0
0	23
1	2
24	0
1	0
124	5093
0	4762
1	4048
1	3351
0	3086
0	567
5	457
115	0
5579	5540
0	2288
4	3013
22	441
33	587
0	0
2	0
0	94
0	5
1	98
2	0
0	21
0	0
0	0
0	0
0	0
0	0
66	665
0	644
2	146
0	244
0	193
1	118
10	0
0	0
1	0
835	300
0	251
6233	5128
6	0
8	1412
0	1453
151	2215
23	135
6	399
59	1243
14	492
16	359
0	148
8	353
8	97
17	0
0	7
0	1
0	0
0	6
0	0
0	5
0	0
1	0
0	0
1	1004
1	14
1	222
0	149
0	283
4	55
0	1005
0	1003
0	203
10	0
8	0
3	0
16	0
0	73
68	482
3	417
80	252
2	109
0	64
0	111
0	67
0	172
0	94
3	138
2	97
2	47
0	11
0	80
0	80
0	83
18	0
2	15
0	20
0	0
0	15
0	15
0	5
0	7
0	4
0	1
2373	624
31	119
0	321
0	102
0	72
4	68
2	105
0	1262
0	58
0	127
1	127
0	1244
1	227
16	425
4	342
56	728
8	37
0	1023
3	14
0	520
0	473
0	351
0	466
2	837
0	250
1	38
4	39
4	48
0	11
3	17
16	0
0	0
0	0
0	0
0	0
1	70
1	46
2	71
2	71
0	0
0	0
0	0
0	0
0	0
1	1
0	1
0	0
0	0
1015	2403
0	2403
1	73
0	191
0	144
3	82
0	0
0	77
12	124
1	91
2	0
0	20
153	438
0	438
0	0
0	0
0	0
0	0
0	0
0	0
0	0
0	0
0	0
0	0
0	0
0	0
0	0
0	0
0	0
0	1
0	1
0	0
0	15
0	15
0	15
0	15
0	0
0	0
0	0
0	0
0	0
0	0
0	0
0	0
0	0
0	0
0	0
0	0
0	0
0	0
0	0
0	0
0	0
0	0
0	0
0	0
0	0
0	0
0	0
0	0
0	0
0	0
0	0
0	0
0	0
0	0
0	0
0	0
0	0
0	0
0	0
0	0
0	0
0	0
0	0
0	0
0	0
0	0
0	0
0	0
0	0
0	0
0	0
0	0
0	0
0	0
0	0
0	0
0	0
0	0
0	0
0	0
0	0
0	0
0	0
0	0
0	0
0	0
0	0
0	0
0	0
0	0
0	0
0	0
1	0
0	3
0	0
0	0
0	0
0	0
0	0
0	0
0	0
12	0
0	0
0	0
154	546
246	466
0	254
0	168
63	141
127	0
1	3
0	4
1	4
0	0
0	0
0	0
0	0
0	0
1	48
0	48
0	48
0	48
0	20
4	0
0	0
0	256
0	0
75	5383
75	5319
0	381
0	4878
3	357
2	742
0	0
26	102
3	102
78	1095
0	420
53	1262
8	838
0	10
1	0
0	747
0	0
0	0
0	88
3	161
6	117
0	31
8	0
0	0
0	7
0	0
3	102
84	1888
6	971
0	1885
0	45
1	136
0	47
5	116
3	9
0	51
0	73
11	10
0	0
515	306
11	43
2	108
4	106
0	266
0	0
2	0
6	75
0	0
0	0
11	1042
58	1038
0	0
1	8
2	0
2	32
0	68
3	20
0	367
5	0
0	0
0	0
0	0
0	0
1	24
0	4
0	4
34	0
0	0
841	4
47	4
2442	419
11	182
5	22
20	396
3	35
335	671
33	664
0	10
1	837
4	242
27	12
0	47
0	802
4	98
0	0
0	0
0	0
5324	1594
0	63
34	851
7	268
0	272
8	32
0	0
0	108
38	0
0	0
3	708
11	110
18	64
19	166
0	41
0	41
0	17
0	7
0	1
3	0
3	0
121	65
3	623
54	550
0	21
0	186
11	75
5	37
26	0
0	0
0	0
0	0
0	0
35	289
0	289
9	0
3	0
0	110
0	3
2196	1696
20	1038
27	15
80	16
3	1473
7	0
1	67
65	7
12	1
593	476
3	392
18	84
1262	289
2	148
1	43
41	4
0	65
3	52
3	0
0	0
0	0
0	680
0	680
11	680
21	269
0	0
154	667
0	588
1	188
3	0
8	0
96	77
11	3
0	0
2	79
0	18
3	23
2	14
5	21
14	8
0	12
8	0
0	0
23	0
48	0
0	0
0	0
0	0
0	0
0	1947
50	1810
4	2103
5	1387
26	1048
0	1005
0	1261
0	222
5	105
0	64
0	0
0	0
4	0
0	0
0	0
0	0
0	0
0	226
0	143
6	181
0	16
10	44
5	71
0	11
17	6781
0	6781
203	6868
11	110
0	0
0	687
14	415
10	200
0	0
0	0
0	0
2	1
0	0
6	0
0	0
0	0
0	30
17	692
0	666
0	22
0	0
0	0
0	0
0	0
0	0
0	0
0	0
0	0
141	5637
7	5416
0	1062
0	439
21	238
0	0
2	1
4	33
1	6
0	0
0	27
0	0
0	0
0	0
0	0
0	0
593	194
0	86
1	44
0	35
1	64
0	39
0	45
1	37
0	0
1238	4303
4	4303
3	327
1	0
13	2189
3	2185
86	2166
114	2
23	32
153	14
1327	0
1	0
59	2076
102	912
0	1993
0	2039
0	1141
76	168
0	59
10	55
0	56
1	81
55	49
3	1
0	16
0	0
0	0
0	0
3	0
0	0
0	0
0	88
7	10
113	97
1	2
0	88
0	88
0	80
0	69
0	41
2	0
0	0
0	0
0	0
0	0
0	0
0	0
0	0
0	0
0	5592
0	5738
2	244
0	2971
0	2652
0	1816
0	1711
0	1821
0	1786
0	1267
4	1651
0	1798
0	1972
0	1883
3	101
0	809
193	311
12	270
1	112
32	169
3	238
0	93
12	2
0	2
2	80
6	95
2	121
0	167
13	160
213	90
0	60
0	13
92	0
5	44
0	50
7	5
0	0
0	0
512	31
36	0
81	2
0	1
0	1
0	0
1	0
0	0
0	0
0	48
116	2397
0	0
0	0
0	0
0	0
0	0
0	0
2686	362
1	273
6	87
0	0
0	0
100	2
43	0
0	0
0	0
0	0
75	341
0	339
0	264
0	140
3	0
25	0
1	90
116	0
4	0
0	0
1	0
2090	3772
119	669
0	850
17	3270
8	712
0	0
0	0
0	0
1	0
0	0
1	0
822	648
0	588
0	159
16	74
0	42
0	0
0	0
0	0
95	0
93	0
33	0
22	0
2	0
49	0
0	0
0	0
0	0
0	0
0	0
0	0
0	0
1	43
0	292
0	292
7	0
0	0
0	0
0	0
0	0
0	0
0	209
0	0
0	0
32	251
13	22
153	297
1	267
0	30
4	0
0	0
10	0
0	0
3	0
1	0
0	169
0	0
0	0
0	0
0	5
0	15
0	22
2	6
0	14
1	0
0	0
0	0
0	0
0	0
0	0
0	0
0	3
0	9
0	9
0	3
0	1
0	1
0	3
0	0
0	3
0	6
0	0
0	3
6	33
0	26
0	11
64	352
0	989
0	825
301	1072
6	21
0	29
16	67
0	186
4	976
4	1009
0	328
98	301
62	0
0	0
0	0
0	0
0	0
0	0
0	0
9	0
0	0
0	0
0	0
21	131
6	131
887	459
0	95
0	376
0	208
6	23
19	10
10	10
9	3431
0	3431
8	850
15	114
26	263
43	57
0	114
50	233
4	38
3	0
0	1
4	0
0	0
5	26
81	9
6	49
13	0
10	218
0	2
0	0
7	2
0	5
0	5
2973	3165
2	197
3	539
211	2518
2708	746
0	746
15	6210
237	6205
1	260
14	452
8	403
0	166
0	0
0	0
0	0
0	0
0	0
0	0
0	0
0	0
1	13
0	14
5	14
0	0
0	0
0	0
0	0
0	0
0	0
0	0
0	0
0	0
0	0
138	0
0	1
0	1
14	0
1	18
5	24
0	17
1	25
0	0
36	0
0	12
0	12
0	0
1	14
0	0
8	131
8	500
0	401
0	386
3	457
0	67
151	343
0	278
13	254
10	222
0	199
0	9
4	79
2	3
1	0
0	0
0	0
0	0
0	0
27	0
436	968
4	418
1	703
4	223
11	130
0	66
23	101
37	176
61	50
0	0
6	310
8	13
0	24
139	117
5	106
322	332
45	4636
1	272
25	269
3	4638
34	2093
0	4520
237	1024
0	3372
164	148
7	892
388	72
0	1557
31	73
28	3
1	3
2	1046
4	506
0	924
0	172
0	125
0	96
0	292
0	125
10	426
3	249
0	0
0	0
0	0
0	0
0	0
1	0
0	0
0	0
0	0
0	0
0	0
9	0
0	1912
4	1655
0	1852
0	1867
9	1757
0	1787
0	1774
3	0
14	6
0	71
17	244
23	229
0	102
12	233
3	75
1	182
2	52
2	32
60	822
37	90
0	753
20	173
0	151
17	55
0	0
140	568
2	532
5	340
0	134
6	225
32	212
1	14
495	4697
13	4026
1	1644
0	2283
25	442
2	25
4	124
0	123
1	113
5	46
2	94
0	1
0	21
4	100
4	86
0	14
2	52
0	40
25	0
1	30
0	13
2	15
0	12
6	11
0	0
0	21
0	21
2	6
0	2
0	0
117	764
78	32
3	763
1	258
20	16
0	181
1	185
0	159
1	159
0	159
12	155
0	40
273	1292
5	197
135	1150
0	5
17	26
104	341
16	137
1	46
5	31
10	155
0	178
0	2
0	2
0	2
0	0
0	0
2438	259
8	90
0	0
20	167
95	608
0	65
6	54
1	608
0	7
0	49
0	0
1	22
2	18
0	0
0	0
2617	0
6	0
0	0
815	183
0	163
1	54
0	27
0	0
12	1010
0	444
3	75
1	936
0	114
0	0
1	57
3	461
0	0
3	0
2	162
2	76
70	1937
0	2239
0	2068
2	286
0	0
6	205
122	0
0	0
0	6
0	2
0	6
0	4
0	0
16	0
0	0
12	0
3055	341
21	45
8	353
43	0
1	13
0	13
0	13
0	11
0	9
0	0
0	0
1	2
0	0
0	0
0	0
0	0
0	0
0	0
100	0
0	0
0	0
0	2
0	1
0	2
0	0
0	0
0	1
0	0
7	250
8	0
0	250
0	242
0	250
1	924
0	901
0	154
0	38
0	550
0	2
10	807
1	808
0	748
1	204
2	129
0	196
0	22
0	80
8	2
0	126
55	0
0	0
1	0
3	0
0	38
1309	1835
107	2632
9	668
7	668
22	849
116	648
133	461
70	366
1	128
40	56
1	95
0	182
5	110
9	178
15	0
0	0
0	0
1	0
0	138
0	232
22	91
0	232
0	0
0	9
0	0
0	206
57	8
0	8
8	52
93	945
10	945
4	162
0	0
0	327
1	892
10	261
0	0
1	0
1	33
233	60
0	29
42	21
0	19
314	665
154	665
856	147
0	86
0	0
11	61
271	2441
23	3910
0	4216
0	299
55	514
0	585
0	784
18	673
5	685
0	422
132	1424
29	1
22	81
0	81
0	0
2	28
0	28
2	24
0	12
0	12
0	13
0	0
0	44
365	0
0	0
2571	11346
77	11475
0	129
0	18
0	16
0	18
34	0
0	0
35	128
0	59
0	17
8	97
14	76
0	676
7	660
0	605
7	3
0	563
0	13
0	101
0	31
0	20
0	23
0	357
20	303
4	0
0	0
0	0
0	0
0	0
0	0
0	0
1	0
0	0
0	0
0	0
0	0
0	0
1033	191
0	63
1	1
0	59
0	69
287	1030
3	813
0	955
0	784
3	893
0	643
1	550
0	10
64	6
292	23
0	0
5	234
38	211
52	0
15	67
1	288
2	0
5	2465
11	1529
1	324
0	113
0	13
0	102
36	2319
10	1867
18	156
0	77
11	135
3	57
0	224
1	0
0	37
0	35
0	16
0	38
2	18
0	31
0	8
0	1
0	6
0	3
10	0
0	0
1	4184
84	4187
33	859
21	475
0	120
7	3913
0	19
30	0
0	175
0	45
0	0
16	158
0	574
9	341
15	0
0	40
21	146
0	327
3	76
0	55
0	17
0	30
0	45
0	46
0	18
0	6
0	0
0	0
0	0
0	0
0	0
0	0
0	0
0	0
6	24
0	0
0	0
0	0
0	0
0	0
0	0
2	0
40	978
6	977
11	978
2	53
1	0
379	103
3	103
0	4
28	67
0	8
0	15
0	12
0	0
10	79
1	79
0	7
27	0
0	0
0	0
0	0
0	0
0	0
0	0
0	745
13	443
24	745
280	443
0	0
0	0
0	0
0	0
0	0
0	0
0	0
0	0
0	0
0	0
0	0
3	3412
0	1672
0	0
17	29
1	46
0	218
2	509
0	505
0	473
0	189
0	187
1	158
0	471
0	248
8	62
0	61
0	431
7	422
4	22
0	39
0	50
0	0
0	1218
0	18925
41	7
45	1098
160	18958
1	1335
431	17574
0	7
16	0
135	7021
11	19135
0	8315
2	17367
5	126
11	103
7	53
0	77
2	77
0	49
0	19
0	3
0	14
0	0
1	3
17	18
1	18
0	18
0	0
10	848
10	877
2	130
0	0
76	415
107	415
1	0
0	0
0	0
1279	1474
9	1467
1	148
10	41
0	38
0	0
0	1
0	3
2	1
0	1
0	0
233	0
8	0
0	0
504	43
2	39
0	4
156	980
2	182
0	845
0	845
0	870
0	903
0	862
0	865
0	1028
0	974
0	985
0	926
15	946
0	850
0	878
0	879
0	873
0	877
0	884
0	883
2	871
0	862
0	857
0	816
11	10
1	0
28	0
0	0
2	85
13	85
19	360
0	276
159	300
26	48
0	120
0	13
0	13
0	0
0	3
0	0
0	0
0	0
0	0
0	5
0	6
0	6
0	1
0	0
0	0
1	0
1477	6525
228	6520
0	3068
94	1804
0	277
0	178
0	183
0	178
0	183
2355	2
2	1884
0	1828
3	0
0	1514
0	1386
0	1132
0	345
0	1057
0	1150
0	708
54	1
0	353
8	335
15	290
0	0
0	0
0	3
0	208
0	181
3	4
6	29
0	189
0	46
0	42
1	26
0	191
11	12
4	3
0	42
71	79
1	2913
15	9363
1	9054
0	9305
0	8049
0	7977
0	204
0	405
0	0
1	0
118	0
0	884
0	481
17	222
338	1071
12	478
0	358
0	242
0	1211
1	1242
0	3170
0	77
19	83
0	240
13	183
25	181
0	174
0	0
0	3
0	0
0	3
8	2138
0	2247
25	1759
0	340
2	296
0	228
0	91
0	58
0	37
5	63
63	29
2	12
3	0
0	2298
1900	3359
17	393
7	2003
15	133
0	0
58	358
9	192
7	216
38	625
31	780
42	806
0	131
4	0
466	50
2	0
50	71
0	18
0	0
34	5
0	0
0	0
0	0
0	0
1	10
0	0
0	10
0	1
0	1
1	0
2	1
2	0
49	1473
732	2539
0	1668
0	0
7	1060
0	309
2	340
0	90
31	200
1	85
2085	190
9	670
32	670
3	70
0	13
5	0
0	0
61	0
0	1004
0	1922
11	1922
0	1922
0	1922
2	324
10	106
0	6
15	16
0	0
17	265
1	0
378	98
19	103
0	822
0	881
3	39
0	38
295	851
3	771
14	41
0	1
56	1
2	45
3	44
19	0
15	0
0	0
2	1173
0	1287
0	202
10	1241
62	229
5	413
0	0
9	0
0	0
194	35
0	3
1	0
1	31
0	1
86	7
0	0
1	7
0	0
0	0
0	98
0	1
43	98
0	13
0	76
0	33
0	22
0	44
0	40
0	31
1	33
0	33
0	33
3	5
0	0
0	0
0	0
0	0
0	0
4	0
0	0
0	0
5	0
1	1
0	1
0	0
0	0
0	0
0	0
0	0
0	0
0	0
0	0
0	0
0	0
0	0
0	0
0	0
15	0
2	0
0	0
0	0
16	8330
0	7795
172	4331
0	448
0	461
1	470
4	461
0	430
0	440
0	396
8	383
0	391
0	29
0	50
0	14
0	32
0	22
1	22
0	22
0	0
0	0
0	0
0	2
0	0
1	12
0	11
31	631
0	2
0	1
0	1
0	3
5	102
39	120
0	91
0	22
0	33
6	68
0	0
0	1
3	1
0	0
1	0
0	1
5	1292
0	1268
0	1315
0	197
1	223
3	3
0	8
5	65
13	14
21	1
0	1
0	0
0	3
0	3
0	2460
3	310
0	0
0	0
0	0
1	170
12	164
0	47
0	3
1	12
0	5
0	4
0	5
0	2
27	0
5	0
111	780
0	780
0	89
0	0
290	0
1099	200
11	1
2	199
10	71
0	0
0	0
49	0
0	51
7	51
0	5
1	0
0	2
0	2
0	1
0	0
0	18
0	52
5	57
1	46
0	0
0	0
0	0
1	16
14	322
25	372
0	40
0	333
0	358
0	24
0	33
11	37
0	8
1	41
0	48
0	42
0	46
0	9
0	2
0	2
0	0
0	0
0	0
0	0
0	0
0	0
0	0
0	0
0	0
0	0
0	0
0	0
0	0
0	0
0	0
0	0
0	0
0	0
0	0
0	0
0	0
0	0
0	0
0	0
0	0
0	0
0	0
0	0
0	0
0	0
0	0
0	0
0	0
0	0
0	0
0	0
0	0
0	0
0	0
0	0
0	0
0	0
0	0
0	0
0	0
0	0
1	78
0	78
16	17
0	0
0	0
0	0
2	0
0	1408
1	1364
0	1405
13	1435
0	1434
4	316
5	254
17	39
0	36
0	112
9	112
0	17
0	17
0	3
0	2
0	0
0	6
0	0
3	0
141	0
1162	500
41	3870
122	3871
3	0
12	320
14	552
8	98
0	16
4	482
0	174
0	174
3	3062
210	3226
0	794
4	380
8	177
5	280
0	115
1	724
8	586
124	423
408	1552
1	358
17	1318
5	944
2	223
23	530
82	779
1046	4194
191	4002
0	593
1	790
39	221
6	1524
1	326
22	0
106	0
0	0
0	0
9	821
15	751
9	823
0	65
0	643
0	0
0	0
2	107
0	9
0	0
0	11
0	17
5	628
92	1556
49	1162
2	1022
0	1406
0	0
92	566
1	20
1	212
4	95
0	139
0	180
0	167
0	98
0	36
0	26
1	14
0	10
0	12
0	32
0	4
0	25
0	4
0	14
1	1
0	8
0	8
0	2
0	1
0	0
3	407
4	264
20	407
2	206
26	297
1	14614
29	12743
0	14614
13	5902
8	661
6	113
20	270
54	3619
62	3708
15	676
3	181
3	145
2	752
8	9
52	25
2	580
0	743
81	1405
10	604
12	1202
0	184
0	571
1	1
0	1
0	0
1	0
81	295
0	288
0	61
0	47
1	57
2	46
0	8
3	32
4	31
1	32
0	3
50	79
0	8
0	29
0	71
0	13
29	5
0	5
777	3353
1	2073
2	3045
21	1234
9	148
2	0
116	2573
10	335
0	818
4	539
427	4281
15	4127
8	664
4	1134
1	12
173	1110
607	1297
41	341
6	869
3	664
0	182
0	0
24	141
0	45
1	42
0	11
0	45
0	29
0	4
0	2
5	276
0	891
0	1012
0	1019
18	220
0	1010
3	1019
1	71
0	71
0	986
0	979
0	293
0	993
0	0
2	929
2	183
14	836
14	1068
18	1274
68	32
0	1356
0	1277
3	184
0	882
53	1001
0	328
36	906
0	243
0	53
0	9
9	31
0	6
0	33
4	2
4	5
20	228
0	124
0	232
49	0
187	17543
0	17849
134	17586
7	237
31	189
0	0
21	914
54	2730
64	686
2	0
1885	257
9	257
0	112
0	117
11	103
2	111
2	105
0	105
5	88
0	3
1	5
0	23
612	10594
1	7849
0	31308
572	33754
0	31284
8	18965
0	5515
0	8768
5	6987
1	3364
76	1841
0	65
74	124
1	293
889	2027
3	95
2	176
0	303
1	211
0	233
0	236
3	111
1	254
6	412
12	1495
1	278
1535	2112
0	2106
53	1141
587	1634
22	501
0	0
0	0
10	221
62	221
4	86
0	19
1155	0
18	0
181	43
4	2
0	2
1	0
0	0
2	0
0	0
0	1
0	0
0	0
1	0
0	0
0	0
0	0
0	0
3498	292
3	14
6	278
0	890
0	941
4	153
0	640
253	1038
0	799
1	908
0	6
1	85
1126	864
3	206
4	540
2	510
236	0
5318	6061
2	6045
27	245
1	1
0	1
0	1
7	1
2	1
0	183
186	1355
2	243
8	345
2	9
1	440
11	20
10	225
0	462
0	7
0	42
0	2
0	7
0	7
0	1
0	0
0	1
0	6
0	0
4	25
1	25
1	23
0	0
0	0
0	0
23	0
0	0
0	0
21	52
1	49
0	4
0	71
0	27
0	71
0	0
0	36
0	0
0	0
312	2921
0	2678
0	0
13	479
0	0
0	0
0	0
0	1
0	0
0	1
5	301
7	170
27	287
0	32
0	55
0	43
6	18
0	42
3	31
30	34
0	0
18	369
63	484
1	23
9	98
7	21
2	6
2	115
0	0
5	0
0	0
5	0
692	159
0	159
1	0
3	0
17781	1797
0	0
1	444
0	976
113	704
1	784
0	1005
1	1
0	1
0	1
1	0
3	29
0	5
0	0
13	2
0	0
0	0
0	0
0	0
0	0
1	462
0	83
4	54
7	81
0	33
6	122
0	528
28	5
3	46
8	44
15	0
1194	540
6	392
0	368
0	153
8	0
0	0
0	0
0	0
0	0
0	0
0	0
0	0
1	0
114	13
0	13
0	0
864	1416
0	1466
9	751
0	132
62	228
5	219
12	144
0	178
0	28
1	61
4	4
0	0
0	0
20	0
0	0
0	0
12	0
1	68
0	38
0	0
0	0
0	0
9	80
138	113
0	114
0	11
0	0
0	0
18	113
346	71
0	22
15	47
0	3
23	10
0	10
10	0
0	0
51	446
7	446
0	412
3	412
223	131
0	27
0	0
0	15
3	148
348	538
1	483
5	244
0	97
2	79
13	8
10	83
0	4
1	4
0	6
16	0
1	0
0	6
0	5
0	25
0	21
0	19
0	3
14	438
4	27
38	381
0	211
0	33
4	97
2	91
0	85
24	51
12	16
40	9160
129	10001
0	3982
9	2837
12	2
1	1
0	0
0	1
0	1
0	0
0	0
0	0
0	0
0	0
0	1
1	8
37	25
1	17
0	0
0	0
2	0
0	2
0	2
0	1
0	1
0	0
0	0
7	163
0	0
0	0
0	0
0	0
3660	1742
86	811
0	836
18	1808
4	12
0	0
0	0
0	0
3	7
0	7
0	3
0	7
0	24
0	5
0	19
0	1
16	66
0	54
0	25
0	3
4	0
12	0
8	2
2	0
0	2
0	0
0	5
2	8
3	8
0	5
0	5
0	0
0	0
0	3
0	0
14	0
0	2
0	3
0	2
0	0
0	0
0	2
14	0
0	0
151	0
0	0
0	3
0	3
0	2
0	0
0	0
0	0
0	0
0	0
206	0
0	0
0	0
0	0
1805	0
0	0
29	7
28	6
3	18
22	34
0	23
1	8
0	0
0	0
25	11
0	4
0	9
10	0
0	5
1	1
0	1
0	6
0	3
4	17
0	11
1	2
0	2
3	4
0	4
0	0
2	2
17	6
0	5
0	1
0	4
2	0
20	60
2	62
1	7
0	11
4	345
0	346
18	76
2	24
37	4
0	3
0	3
0	3
0	1
1	1
0	1
0	1
0	1
0	0
1	2
1	2
851	734
0	541
0	371
0	177
7	0
0	0
0	1
1	1
1	0
0	9
1	16
0	15
0	7
0	2
0	2
11	16
0	18
0	18
2	4
0	5
2	0
0	0
0	0
0	0
0	2
0	2
0	1
0	0
0	1
1	1
8	4
0	0
0	3
0	0
0	0
0	0
1	0
6	0
6	0
0	0
0	0
0	0
0	9
0	9
0	0
0	0
0	0
0	0
0	1
0	1
0	1
0	0
0	0
1	0
0	0
0	0
0	0
0	0
0	0
0	0
0	0
0	0
0	0
0	0
0	0
0	0
0	2
0	2
0	1
0	1
0	0
0	2
0	2
0	2
0	1
0	0
0	1
0	1
0	0
0	0
0	0
0	0
0	0
0	0
0	0
0	0
0	0
0	0
0	0
0	0
0	0
0	0
0	0
0	0
0	0
0	0
0	0
0	0
0	0
0	0
0	0
0	0
0	0
0	0
0	0
0	0
0	0
0	0
0	0
0	0
0	0
0	0
0	0
40	29
0	29
0	44
0	0
107	174
2	80
0	140
0	119
3	86
0	76
0	4
4	3
1643	1044
3	1042
79	19
32	7
127	7
263	5209
751	5209
0	2966
32	2345
56	0
10	0
0	0
0	0
0	0
0	0
0	0
0	0
0	0
0	0
0	0
0	0
0	0
0	0
0	0
0	0
0	0
0	0
0	0
0	0
0	0
0	0
0	0
0	0
0	0
0	0
0	0
0	0
0	0
0	0
0	0
0	0
0	0
0	0
0	0
0	0
1	0
0	0
0	0
0	0
0	0
0	0
0	0
0	0
0	0
0	0
0	0
0	0
0	0
0	0
0	0
0	0
0	0
0	0
0	0
0	0
0	0
0	0
0	0
0	0
0	0
0	0
0	0
0	0
0	0
0	0
0	0
0	0
0	0
0	0
0	0
0	0
0	0
0	0
0	0
0	0
0	0
0	0
0	0
0	0
1860	1482
1	234
2	336
1	1253
99	1
0	0
0	0
0	0
0	0
0	0
0	0
0	0
0	0
0	0
0	0
0	0
0	0
0	0
1	180
0	0
0	0
0	0
0	0
0	0
0	0
0	0
0	0
40	3675
105	3675
3	144
174	0
179	2
0	0
1	0
5	305
0	0
0	58
1	0
23	1800
0	0
0	1800
0	185
0	0
12	1696
46	654
6688	1976
13	1709
63	68
4	393
6	267
142	0
330	2
2519	8
0	0
0	72
160	137
3	49
0	26
4	0
0	41
1	1371
50	1778
0	596
0	148
0	75
5	82
101	366
0	0
761	60
4	36
8	48
3	0
17	1
0	108
0	100
5	101
0	96
0	92
0	102
0	30
0	24
0	6
0	9
0	7
2	7
9	0
1	4
48	0
616	1751
0	1856
0	1263
0	0
72	52
0	0
0	40
0	50
0	42
296	0
46	1241
0	126
0	245
24	401
57	1176
2	249
3	233
3	640
0	622
0	289
10	230
51	348
2977	0
0	1
2	1
0	0
60	19
0	0
0	19
0	0
6	0
0	0
10	0
0	153
1	58
0	3
0	5
8	96
0	3
0	3
0	3
0	3
1	0
25	0
1	0
41	0
15	100
1	12408
1	11810
0	12408
2	1433
222	0
3	11618
0	0
0	0
0	0
10	9
0	9
0	0
0	0
0	6
0	0
0	2
0	3
0	2
0	1
0	0
0	0
1	5
0	0
0	5
0	0
0	0
0	0
0	0
0	0
28	0
0	0
0	862
0	62
1	0
1283	2320
1	1123
0	216
299	3
3	1616
0	6
0	112
25	0
12	413
99	0
28	688
462	1292
3	1292
4	219
0	0
3	0
570	6599
0	6599
1741	2
0	0
1460	1162
1	1158
1	0
922	968
0	185
0	523
63	682
27	42
20	8
0	10
64	20
2	5
1	44
0	1
1	1
0	0
9	59
0	38
0	0
16	0
3388	71
34	69
47	13
3	8
0	10
4	189
19	189
0	0
4	107
0	28
1	6
3	1
1	1
0	0
0	0
0	178
0	191
0	59
0	6
0	17
10	0
4	3
0	1523
0	1586
0	1525
0	1462
13	13
5	0
0	230
0	386
137	9384
181	9303
1	8216
1	4389
0	308
0	2004
4	67
0	1285
7	452
249	1
0	67
1	22
489	2
8	0
5398	359
6	168
4	191
1	1
52	219
0	460
58	1512
8	673
3	0
0	278
1	1
0	243
1	95
0	480
0	0
2	82
25	596
1	0
0	0
0	0
0	1
0	1
0	0
0	0
0	0
22	1958
0	1263
0	489
0	1321
0	1030
4	1384
3	1547
0	102
0	4
0	4
0	1
0	2
0	2
0	2
0	2
0	0
0	0
0	0
0	0
0	0
0	0
0	0
0	0
0	0
0	0
0	0
0	0
0	0
2	0
0	0
1	0
0	24
1	53
0	53
0	58
0	58
0	50
5	61
1	28
0	49
2	4
6	0
1	0
0	36
7	12
5	26
0	36
0	1
0	0
0	0
0	0
0	0
0	0
0	0
0	0
0	0
0	0
0	0
0	0
0	0
0	0
0	0
0	0
0	0
38	2198
0	1836
3	1767
0	1080
0	984
0	1492
0	0
16	1776
0	1412
32	417
0	1380
0	1344
0	1010
0	226
3	20
0	717
6	45
2	0
596	2381
10	2306
15	915
0	1013
1	1844
42	10
8	684
0	684
7	34
0	0
6	345
0	0
5	0
0	0
0	0
0	23
33	0
3867	420
6	420
164	0
76	0
0	4
0	2
0	2
0	2
0	4
1	0
2	1
0	1
0	0
0	0
0	0
0	0
0	0
0	0
0	0
0	0
0	0
0	0
0	0
0	0
0	0
0	0
0	0
0	0
0	0
1	4
0	4
0	0
0	0
0	0
0	0
0	0
0	10
0	10
0	10
0	0
0	2
0	0
28	0
0	0
484	710
72	11
74	708
2	380
2	463
13	2
0	503
39	163
1	15
173	504
0	25
6	18
0	73
1	4
0	87
3	87
0	53
1857	131
3	123
0	0
0	4
0	4
0	4
0	0
0	0
0	126
0	449
0	449
0	444
3	188
0	148
95	809
2	809
85	2777
0	2678
25	2741
0	2401
0	1820
1	0
12	185
6153	2974
2	1403
505	1844
0	1291
79	587
0	0
0	0
0	0
0	0
55	27
2	27
0	8
0	4
0	0
0	0
0	983
0	916
0	891
0	872
0	779
0	766
2	80
8	597
64	0
49	622
0	34
2	4
39	164
2	60
2	31
0	138
0	94
0	0
0	0
0	0
1	745
4117	747
465	560
5	744
0	0
0	0
0	0
0	0
0	0
0	0
0	0
0	0
0	0
0	203
0	200
1	126
0	58
0	90
1	19
6	61
0	10
0	6
5	43
7	0
15	36
0	0
4	20
0	6
1	5
0	0
2	0
0	0
0	0
0	0
0	0
0	0
0	11
0	12
0	7
0	4
0	2
0	0
0	2
0	1
0	1
0	1
0	0
0	0
0	0
0	894
0	906
14	483
11	248
0	123
0	0
43	41
1	260
0	906
0	353
11	190
14	9
0	12
0	9
0	8
0	0
3	5
0	2
1	0
25	2
10	3
10	127
32	409
18	437
0	13
0	132
1	419
0	409
0	132
2772	2002
0	989
0	691
220	1464
0	764
49	114
296	0
1	18
134	0
23	36
0	0
1	0
1	0
0	0
0	0
0	0
0	0
0	0
0	0
0	0
0	0
0	0
0	0
0	0
0	0
0	0
0	0
0	0
8	0
207	279
2	8
0	187
0	92
26	3
1	0
1	3
0	0
0	530
18	530
4	0
0	0
0	530
0	0
263	1617
0	1636
0	7
0	45
0	37
4	8
18	0
2	27
0	377
5	538
6	6
10	356
0	85
6	5
0	453
0	549
279	1199
23	103
0	8
2	133
4	245
5	85
0	501
9	29
61	201
0	562
234	2502
2	2586
0	958
0	339
117	325
0	301
1455	461
0	322
0	9
0	148
0	736
0	520
51	0
1	157
0	550
0	377
21	625
1	14
0	0
2364	2482
7	2479
8	2
60	0
13	97
4	2
39	293
0	146
8	157
1	152
0	170
0	51
37	5
40	124
0	0
0	0
0	0
0	0
0	0
55	2977
28	53
33	2917
0	0
0	0
0	162
0	0
0	181
6	17
39	2322
71	235
10	25
9	209
23	12
40	132
3	0
3177	2
193	35
766	584
0	136
2	265
0	425
3	1
1	1
1806	289
0	85
0	200
0	0
0	0
0	0
1	0
0	0
28	56
2	56
0	4
10	7
0	2
4	5
0	0
1633	261
4	34
0	0
3	227
0	0
0	0
0	0
0	0
39	35
6	0
3	33
0	0
535	1588
0	1301
1	564
1	306
8	325
1	481
1	189
20	753
12	102
0	0
3	447
0	68
9	163
27	294
0	244
9	243
31	191
181	0
0	0
2	709
0	688
1	165
0	0
43	115
0	115
0	0
15	0
33	0
0	38
0	0
0	0
0	0
0	0
0	0
0	0
21	1916
283	3335
9	2340
11	1299
40	47
0	86
0	533
59	1059
0	475
3	746
2	655
37	20
7	0
0	54
49	142
2	48
1	142
6	10
0	18
1	9
0	24
39	0
0	6
9	19
0	0
0	1
37	0
32	3662
0	3116
4	3542
7	3561
2	1108
0	410
0	242
11	564
2	241
1	42
15	102
0	7
0	65
10	68
0	0
590	474
0	2
2	14
0	475
80	12
0	0
34	0
0	0
8	26
31	29
0	0
0	0
42	0
0	0
0	24
0	223
0	230
0	176
0	163
0	149
0	106
0	122
0	220
14	198
46	147
0	189
6	253
0	75
0	76
0	27
2	25
2	47
3	75
858	80
2	0
11	0
6	575
8	2920
14	1730
2	2483
3	2488
5	60
0	21
230	0
12	152
0	69
4	2740
0	0
1	144
0	0
0	0
128	99
385	830
20	670
5	178
0	495
2	487
1	2
5	45
0	34
61	254
7	0
5	0
5	0
0	0
4	0
0	0
0	0
0	0
0	0
21	424
0	0
0	0
0	0
0	0
0	1
0	1
0	0
7	111
0	0
0	0
2	10
0	0
0	0
0	0
0	0
0	0
0	0
0	0
1	10
1	0
23	0
8	2390
0	2
62	4056
182	4056
0	312
99	4022
8	15
0	15
0	4
0	0
89	30
0	0
1	30
0	0
0	0
0	0
0	0
1	0
0	0
0	0
2	0
0	0
1	0
8	24
3	24
0	22
1	0
0	0
0	0
0	0
0	0
0	2
0	2
0	2
0	0
222	1337
28	472
1	0
2	394
8	1088
1	77
5	238
22	230
0	87
0	78
0	23
6	125
1	47
0	1708
167	1705
62	201
37	504
1	1490
1	3
0	58
0	4
18	7
0	3
0	0
257	86
6	777
5	153
0	753
16	211
3	362
0	0
0	164
0	78
526	0
23	6340
4	436
2	5977
189	1377
0	0
35	2669
87	3025
47	847
59	1219
0	927
3	254
1	76
139	455
0	35
0	203
0	42
0	152
6	138
8	62
0	164
0	30
0	41
14	1643
5	433
7	1328
3	1264
10	788
0	1412
0	487
1	221
0	713
0	1597
13	138
882	19012
172	14726
0	4653
4	1225
88	2578
2	16000
4	5597
46	8330
49	11049
21	746
3	285
1	228
10	270
0	277
0	189
5	63
0	2
10	24
0	12
0	13
0	14
0	12
0	11
0	83
0	60
0	1
0	1
3	46
0	19
0	20
0	23
0	22
0	21
0	0
0	0
0	0
0	0
2	2
0	0
24	131
0	146
0	123
0	73
0	62
0	53
0	42
0	22
0	7
0	16
0	3
0	0
1	3
0	0
0	4
7	241
0	366
15	545
1	6
0	460
0	5
0	5
0	533
0	0
0	3
0	365
0	282
0	80
6	0
1	10
6	93
0	8
0	1
0	96
33	499
0	93
10	3550
28	290
17	2655
1	275
42	3281
0	266
13	81
6	355
832	0
1828	285
6	282
23	5
0	0
1	0
0	0
39	0
0	0
3	6
0	0
0	9
0	9
0	0
18	3
0	3
0	0
0	0
0	1
20	461
794	494
0	87
84	78
0	0
5	29
7	15
0	0
0	0
2	20
0	8
3	256
2	37
2	5
3	26
0	242
2	22
42	249
6	213
4	7
0	5
0	2
1	45
34	2208
48	2380
7	149
0	574
17	40
10	137
13	255
31	62
29	87
46	366
6	97
0	31
0	31
0	29
0	29
0	23
4	13
2	0
0	14
0	14
0	9
0	6
0	1
0	0
0	2
1	7
0	3
0	4
0	4
0	1
1	0
2	1
71	0
1	0
0	0
82	1
7	1
0	0
0	1669
0	1669
11	1592
4	280
0	0
28	252
0	0
0	0
0	0
2	37
19	37
21	16
0	7
3111	2367
2	441
0	0
59	1625
0	591
0	900
3	670
2	0
398	511
2	24
1	16
13	429
1	365
39	363
0	115
10	120
0	54
1	47
209	94
2	0
345	94
0	0
1	796
4	32
0	171
29	796
4	811
20	86
0	376
4	75
10	48
7	41
2	91
3	99
0	11
4	18
0	18
1	27
1	18
0	17
0	7
2	2
0	6
0	2
0	2
351	222
0	222
0	222
9	0
0	0
732	2
1	2
2013	9873
48	7825
15	184
0	4191
13	4191
2	3131
199	1404
21	3921
0	1232
0	714
0	76
0	80
0	54
0	0
1	1
24	244
0	126
0	163
0	60
0	26
177	0
0	0
0	0
0	0
357	0
4	14
5	49
0	16
10	51
2	5
455	17
2	17
0	1
0	1
0	1
0	1
0	1
3	0
0	0
0	0
3	189
4	104
0	185
0	31
0	4
0	806
19	806
2	811
0	693
2	582
11	72
0	55
3	49
0	5
1	298
5	321
0	207
0	298
85	440
0	1
0	331
172	0
0	0
114	384
0	20
180	0
10	1
0	1
12	8
0	8
0	0
0	18
0	3
2	14
0	1
1	0
0	18
70	0
159	4479
102	4192
6	411
15	967
18	121
6	251
0	2687
0	3194
21	3126
56	4864
45	425
26	431
10	4434
0	554
116	4210
5	553
0	0
0	0
0	0
10	0
0	8
0	0
0	1
0	1
0	1
0	1
0	1
0	0
0	0
0	0
0	0
0	0
0	0
0	0
0	0
0	0
0	0
0	0
0	0
0	0
0	0
0	0
0	0
0	0
0	0
0	0
0	0
0	0
0	0
0	0
0	0
0	0
0	0
0	0
0	0
0	0
0	0
0	0
0	0
0	0
0	0
0	0
0	0
0	0
0	0
0	0
0	0
0	0
0	0
0	0
0	0
0	0
0	0
0	0
0	0
0	0
0	0
0	0
0	0
0	0
0	0
0	0
0	0
621	115
7	92
0	0
139	54
5	81
37	62
0	40
0	44
0	2
55	0
0	13
52	383
0	50
9	381
10	360
2	73
0	29
6	1
0	78
1	105
2	0
0	60
0	89
0	0
0	0
0	0
0	0
0	0
0	16
0	2
0	14
0	0
0	159
1	10
0	157
0	157
3	5
7	19
0	19
0	18
0	0
0	2
0	2
0	0
4	0
2	0
0	23
0	20
0	3
0	15
1	21
0	12
0	13
63	33
2	9
1	24
0	8
2	3
0	10
0	0
0	0
0	0
0	0
0	0
0	0
0	0
0	0
0	0
0	0
0	0
0	0
0	0
0	0
0	0
0	0
0	0
0	0
0	0
0	0
0	0
0	0
0	0
0	0
0	0
0	0
0	0
0	0
0	0
0	0
0	0
0	0
0	0
0	0
0	0
0	0
0	0
0	0
0	0
0	0
0	0
0	0
0	0
0	0
0	0
3	4
0	4
0	3
0	0
0	618
0	623
0	197
0	22
50	9
0	1
2	2
0	0
0	1
0	0
3	0
0	0
0	0
0	0
1	0
0	0
0	0
0	0
0	0
0	0
0	0
0	1
0	0
0	1
0	0
0	0
0	0
0	0
0	1
0	1
0	0
0	1
0	1
0	0
0	1
1	0
0	0
549	32
8	32
0	0
9	4
34	4
0	0
164	3
13	3
276	0
19	25
14	28
0	26
37	56
0	14
0	16
2	8
9	41
14	6
1	19
0	4
1	24
2072	2324
24	2095
114	1695
27	2055
4	1099
0	116
20	126
0	136
0	0
0	7
0	2
0	0
0	0
0	0
0	0
0	0
0	2
0	2
4	11
0	0
0	0
0	0
0	0
0	0
0	0
0	0
0	0
0	0
0	1
0	0
0	0
0	2
0	0
0	0
0	0
0	11
0	0
0	4
0	0
0	0
0	45
0	32
0	0
0	0
0	0
0	0
0	0
0	0
0	0
0	0
0	0
0	0
0	8
0	0
0	0
0	0
0	0
0	0
0	0
0	0
0	0
0	0
0	0
0	12
0	1
0	2
0	1
0	0
0	0
1	47
0	25
0	0
0	0
0	0
0	0
0	0
0	0
0	0
0	0
0	0
0	0
0	0
0	0
0	0
0	0
0	0
0	0
1	13
0	4
0	0
27	63
0	0
0	0
0	0
0	0
0	0
0	0
0	0
0	0
0	0
0	0
0	0
0	0
0	0
0	0
0	0
0	0
0	0
0	0
0	0
0	0
0	0
0	0
0	0
0	0
0	0
0	0
0	0
0	0
0	0
0	0
0	0
65	0
0	0
0	0
0	0
0	0
0	0
0	0
0	0
0	0
0	0
0	0
0	0
0	0
0	0
0	0
0	0
0	0
0	0
0	0
0	0
0	0
0	0
0	0
0	0
0	0
0	1
0	0
0	0
0	0
0	0
0	0
0	0
0	0
0	1
0	1
0	1
0	1
0	1
0	1
0	1
0	1
0	1
0	1
0	0
0	0
0	0
0	0
0	0
0	0
0	0
0	0
0	0
0	0
0	0
0	0
0	0
0	0
0	0
0	0
0	0
0	0
0	0
0	0
0	0
0	0
0	0
0	0
0	0
0	0
0	0
0	0
0	0
0	0
0	0
0	0
0	0
0	0
0	0
0	0
0	0
0	0
0	0
0	0
0	0
0	0
0	0
0	0
0	0
0	0
0	0
0	0
0	0
0	0
0	0
0	0
0	0
0	0
0	0
0	0
0	0
0	0
0	0
0	0
0	0
0	0
0	0
0	0
0	0
0	0
0	0
0	0
0	0
0	0
0	0
0	0
0	0
0	0
0	0
0	0
0	0
0	0
0	0
0	0
0	0
0	0
0	0
0	0
0	0
0	0
0	0
0	0
0	0
0	0
0	0
0	0
0	0
0	0
0	0
0	0
0	0
0	0
0	0
0	0
0	0
0	0
0	0
0	0
0	0
0	0
3	81
0	0
0	0
0	0
0	0
0	0
0	1
0	1
0	0
0	0
0	0
0	0
0	0
0	0
0	0
0	0
0	0
0	0
0	0
0	0
0	0
0	0
0	0
0	0
0	0
0	0
0	0
0	0
0	1
0	1
0	1
0	1
0	0
0	0
0	0
0	0
0	0
0	0
0	0
0	0
0	0
0	0
0	0
0	0
0	0
0	0
0	0
0	0
9	114
2	110
0	4
0	0
44	577
129	81
6	572
0	492
0	0
0	0
0	0
0	2
0	2
0	0
0	1
0	0
0	0
1	0
0	0
0	0
0	0
0	0
0	0
0	0
0	0
0	0
0	0
0	0
0	0
0	12
0	19
0	19
0	19
0	0
0	0
0	0
4	1
12	0
0	0
0	303
0	399
534	646
0	82
0	516
0	0
328	1548
1	42
10	99
0	1449
2	241
0	0
0	69
32	69
1	169
44	163
0	128
0	163
64	14464
52	16911
26	9514
71	11686
25	726
3	10369
19	0
0	0
6	3
0	3
0	0
23	591
27	569
7	580
0	25
1	94
0	80
15	121
4	47
0	122
0	102
0	0
0	0
0	0
0	0
0	2293
36	313
0	335
1	303
0	64
3	0
2412	5758
8	1485
37	341
0	1276
18	419
4	1110
0	1150
10	445
5	1288
11	3039
4	1377
11	2310
60	3445
2	1848
0	844
14	2277
41	1575
132	2348
1	1758
0	1610
3	447
0	204
12	2
0	17
0	18
0	25
5	21
0	10
0	5
7	12
0	0
0	0
0	0
0	0
0	0
0	0
0	0
0	0
0	0
0	0
0	0
0	0
0	0
0	0
0	0
0	0
0	0
0	0
1	0
0	0
0	0
0	0
0	0
0	0
0	0
0	0
0	0
0	0
0	0
0	0
0	0
0	144
0	114
0	131
37	23
3	146
0	146
4	64
0	3
0	1744
0	1791
4	380
3	1744
7	53
3	285
1	46
0	64
0	1
0	60
2	56
0	0
0	0
0	0
0	0
0	0
0	0
0	0
0	0
0	0
0	0
0	0
0	0
0	0
0	0
0	0
0	0
0	0
0	0
0	0
0	0
0	4
0	0
0	0
0	0
0	0
0	0
0	0
0	11
0	0
0	0
0	0
0	0
0	0
0	0
0	0
0	0
0	32
0	0
0	0
0	0
0	0
0	0
0	0
0	0
0	0
0	0
0	0
0	0
0	0
0	0
0	0
0	0
0	0
0	0
6	56
0	0
0	5
0	5
0	5
0	5
0	5
0	5
0	5
0	0
0	6
2	48
1	57
0	0
2	0
0	0
1	0
0	0
0	0
0	0
0	0
0	0
0	0
0	0
0	0
0	0
0	0
0	0
0	0
0	0
0	0
0	0
0	0
0	0
0	0
0	0
0	0
0	0
0	0
0	0
0	0
0	0
0	0
0	0
0	0
0	0
0	0
0	0
0	0
0	0
0	0
0	0
0	0
0	0
0	0
0	0
0	0
0	0
0	0
16	651
0	0
0	0
0	0
0	0
0	0
0	0
0	0
0	0
0	0
0	0
0	0
0	0
0	0
0	0
0	0
0	0
0	0
0	0
0	0
0	0
0	0
0	0
0	0
0	0
0	0
0	0
0	0
0	0
0	0
0	0
0	0
0	0
0	0
0	0
0	0
0	1
0	0
0	0
0	0
0	0
0	0
0	0
0	0
0	0
0	0
0	0
0	0
0	0
0	0
0	0
0	0
0	0
0	0
0	0
0	0
0	0
0	0
0	0
0	0
751	0
331	3565
43	2772
3	3118
1	0
0	448
0	0
1884	69
0	67
27	277
2	443
0	385
0	0
0	19
0	1
0	1
0	1
1580	1525
0	373
30	452
7	355
10	114
27	336
0	483
13	62
128	270
0	65
4	53
3	14
1	7
0	25
2	115
6	113
0	113
0	50
0	57
12	181
7	185
0	194
0	164
0	1
0	47
2	41
1	207
2	609
0	604
11	604
0	636
0	628
0	57
0	0
0	45
0	45
0	45
0	44
0	1
0	228
4	228
0	67
481	0
5	123
38	957
15	1057
76	557
10	216
3	120
32	293
0	58
6	83
12	137
1	83
2	161
1	55
3	44
0	10
80	118
0	18
1	100
30	1681
2	1817
1389	1784
0	712
13	19
74	2279
62	2278
0	0
0	0
0	0
76	83
63	283
6	283
0	0
0	0
1	0
0	0
0	0
1175	6337
0	6337
0	0
7	0
0	0
0	0
0	0
0	0
0	0
0	0
0	0
0	0
0	0
0	0
0	1304
8	1
0	1
356	2061
1	350
0	317
0	437
7	1529
50	3669
144	3551
4	103
0	290
2	21
32	256
0	634
20	472
736	85
0	86
31	4
0	3
22	2983
185	2965
0	584
0	53
3	1002
1	229
20	228
0	178
0	484
35	186
17	41
48	1053
0	555
0	134
8	705
25	705
0	22
2	8
0	109
0	105
13	81
0	62
18	2
2	2
252	4
2	0
4	4
0	4
0	3
0	4
0	4
1	0
1	50
16	50
7279	5766
1	2589
17	1424
3	1743
213	0
0	0
43	0
8	0
173	0
217	2526
1	2094
3	541
2	392
0	635
4	42
5	344
5	66
1	438
4	250
2	220
117	72
0	72
0	3
0	6
2	0
5	0
0	0
0	0
0	0
0	0
0	49
0	0
0	0
0	0
0	0
0	0
0	0
1	0
0	0
0	0
0	0
0	0
0	0
0	0
0	0
0	0
0	3
0	0
0	0
2	0
1	0
0	12
2	12
0	0
0	0
19	65
7	65
1	65
0	0
0	0
0	0
0	0
1	0
0	0
0	0
0	0
0	0
0	0
0	1
42	0
0	0
0	0
0	0
0	1
1	0
0	0
2	2
4	0
0	0
0	0
0	0
0	0
0	0
0	0
0	0
0	0
0	0
0	0
0	0
0	0
0	0
0	0
0	0
0	0
0	0
0	0
0	0
0	0
0	0
0	0
0	0
0	0
0	0
0	2
0	2
0	0
0	1
0	0
11	0
0	0
0	85
0	79
0	149
0	156
111	131
0	14
0	28
27	2951
1442	4338
57	1387
3	29
23	388
3	93
7	356
0	145
8	2
0	119
0	43
0	124
0	124
0	0
0	0
85	0
13	82
0	82
6	29
2	26
4	30
56	0
3	30
1804	2
3234	0
403	3897
0	504
77	217
129	3215
2	497
4	682
0	133
9	235
0	1
0	1
0	0
2	303
22	289
0	287
0	18
4	5404
3	591
7	5300
24	5050
15	4632
1	4239
4	1571
2	3641
7	4145
15	3568
0	0
6	1244
1	948
1	795
77	384
0	984
34	284
0	303
2	836
2	290
276	0
2	1
0	1
168	562
0	562
533	69
16	67
1969	40
16	0
0	26
2	26
1	2
0	1
13	1024
3	1088
2	909
1	989
2	65
3	185
1	68
0	0
1	182
37	0
2302	40
24	31
6	36
0	0
9905	3491
59	668
0	0
1	338
106	2564
0	7
0	6
0	0
0	1
1	90
2	13
6	77
0	0
5	693
0	600
2	584
0	534
0	622
0	238
66	158
1	0
0	0
2	0
29	413
2	319
1	182
5	258
0	45
0	56
2	48
8	23
1	106
0	35
535	21
2	19
0	2
1	28
4	20
192	25
0	17
10	1042
0	13
0	838
1	995
2	88
8	0
0	521
0	0
0	139
4	11
5	220
3	13
3	213
0	213
1	213
2	48
0	184
4	18
0	83
36	268
0	207
0	0
0	0
11	751
0	784
0	683
0	746
1	168
3	15
0	0
50	66
0	0
0	66
503	0
0	9
13	665
0	843
6	1163
1	694
31	317
4	498
1	20
0	20
1	18
8	1694
1409	1698
7	308
32	698
0	697
0	478
0	417
3	293
0	190
3	79
19	2
1	2
1	508
27	46
128	475
10	7
19	204
3	482
0	348
6	481
4	22
12	367
2	24
2	0
8	25
0	1809
0	1754
7	1513
0	1687
0	1679
0	1741
2	1170
6	272
42	242
4	200
0	5627
18	5220
23	5179
13	640
0	1314
0	42
0	32
3	32
2	123
0	84
0	84
0	73
0	84
0	73
42	0
4	0
0	7
1	7
0	0
0	0
40	9259
20	4783
2	8690
0	8697
0	8690
5	4788
0	4759
4	2387
12	2437
1	921
0	412
62	2232
19	2151
1	352
1	36
14	24
75	382
3	0
723	1651
837	1651
0	277
788	700
0	15
3	0
3	685
8	286
0	19
0	0
11	309
6	525
2	1646
18	1979
0	458
3	539
3	777
16	448
715	800
0	0
13	111
26	173
0	152
1	197
16	0
6	0
3	0
4	4
0	4
0	0
9	0
0	0
626	493
4	113
0	0
44	0
37	380
40	214
0	0
0	440
2	598
3	147
7	300
3	0
1	3
2644	615
0	607
16	3
7	69
229	110
0	0
0	84
3	0
9	0
0	0
0	0
0	0
0	0
0	0
0	0
0	0
0	0
0	0
0	0
0	0
0	0
0	0
0	0
0	0
0	0
0	0
0	0
0	0
0	0
0	0
0	0
0	0
0	0
0	0
0	0
0	0
0	0
0	0
0	0
0	0
0	0
0	0
0	0
0	0
0	0
0	0
0	0
0	0
0	0
0	0
0	0
0	0
0	0
0	0
0	0
0	0
0	0
0	0
0	0
0	0
0	0
0	0
0	0
0	0
0	0
0	0
0	0
0	0
0	0
0	0
0	0
0	0
0	0
0	0
0	0
0	0
0	0
0	0
0	0
0	0
0	0
0	0
0	0
0	0
0	0
0	0
0	0
0	0
0	0
0	0
0	0
0	0
0	0
0	0
0	0
0	0
0	0
0	0
0	0
0	0
0	0
0	0
0	0
0	0
0	0
0	0
0	0
0	0
0	0
0	0
0	0
0	0
0	0
0	0
0	0
0	0
0	0
0	0
0	0
0	0
0	0
0	0
0	0
0	0
0	0
0	0
0	0
0	0
0	0
0	0
0	0
0	0
0	0
0	0
0	0
0	0
0	0
0	0
0	0
0	0
0	0
0	0
0	0
0	0
0	0
0	0
0	0
0	0
0	0
0	0
0	0
0	0
0	0
0	0
0	0
0	0
0	0
0	0
0	0
0	0
0	0
0	0
277	4564
0	3
0	3
0	3
0	3
0	3
0	0
0	0
0	0
0	0
0	0
0	0
0	0
0	0
0	0
0	0
0	0
0	0
0	0
0	0
0	0
0	0
0	0
0	0
0	0
0	0
0	0
0	0
0	0
0	0
0	0
0	0
0	0
0	0
0	0
0	0
0	0
0	0
0	0
0	0
0	0
0	0
0	0
0	0
0	0
0	0
0	2
0	0
0	0
0	0
0	0
0	0
0	0
0	0
0	0
0	0
0	0
0	0
0	0
0	0
0	0
0	0
0	0
0	0
0	0
20	2636
0	513
0	0
0	0
0	0
0	0
0	0
0	0
0	0
0	0
0	0
0	0
0	0
0	0
0	0
0	0
0	0
0	0
0	0
0	1190
27	1271
8	149
1	1217
19	9
3	77
0	77
43	0
3	0
1	64
35	20
13	61
5	89
0	24
1	55
261	86
0	10
9	19
11	15
132	598
0	582
0	466
0	97
22	15
0	11
0	0
64	195
0	194
0	193
1	113
1	113
0	91
74	300
0	0
0	300
0	0
0	0
4	203
0	171
0	55
0	35
9	8
0	17
15	29
0	21
0	7
2	108
3	113
3	8
7	14
0	2
4	7
0	0
0	0
0	0
0	0
0	0
0	0
113	1414
4	1344
1	156
7	134
79	395
13	270
159	690
6	118
1	161
8	218
0	57
9	236
0	0
0	0
0	0
0	0
0	0
0	0
21	1124
2	60
11	492
2	121
0	869
19	980
270	57
0	57
7	111
25	117
0	18
0	141
0	0
0	0
1964	3
1	0
0	892
0	895
5	100
0	34
12	12
1	164
4	136
7	94
4	46
0	77
0	123
1	122
0	85
4	0
4300	0
9	208
0	208
0	62
0	5
2	0
6	0
0	0
0	0
0	0
0	0
0	0
0	0
0	0
0	0
0	50
0	0
0	6
0	0
0	0
6015	875
2	819
406	496
15	442
0	462
2	50
0	0
0	0
0	0
1	0
0	0
2	763
0	0
0	0
0	0
118	12531
77	9027
335	63
81	9041
10	7253
31	10904
0	6302
11	7408
21	5814
8	154
49	0
11	1940
0	2006
4	1847
0	1908
8	0
10	0
77	83
1	286
28	1701
0	103
0	1999
0	366
3	112
27	371
0	724
26	105
3	32
2	104
2	297
0	0
0	0
245	1287
1	720
0	689
11	1143
8	546
0	0
17	410
0	42
0	43
1	42
0	0
1	14
0	3
1	212
0	220
2	219
3	24
0	7
0	3
0	1
0	0
4	0
45	666
22	666
0	64
0	63
0	20
0	20
0	20
0	18
0	12
1	15
0	0
0	1
0	0
2	0
0	0
583	1056
0	1096
3	1056
54	112
0	0
0	0
449	0
130	1673
0	1673
0	229
18	229
14	231
1205	247
4	247
616	2281
28	96
2	3
0	0
30	2247
0	2266
0	1509
1	70
15	207
2	1723
2	18
0	38
14	55
6	50
1	122
7	941
0	1169
23	1417
13	568
6	588
24	124
0	29
0	0
0	0
0	1
0	1
0	1
897	1282
0	1280
0	0
0	0
170	1
1	1
54	301
2	301
14	299
0	299
1	49
0	28
0	1
0	0
25	1
0	0
0	2
0	2
0	1
0	0
1	0
5525	44102
0	34920
0	13006
602	21372
1	9497
0	13211
17	11217
0	6139
137	15213
0	4413
1	13892
0	10791
5	10743
2	4863
0	266
0	0
0	0
1	0
0	0
0	7
0	7
24	574
17	75
5	649
46	34
0	69
0	25
0	7
14	52
0	52
8	50
0	364
907	364
48	605
8	448
6	218
112	298
3	70
0	87
1	1
0	0
0	0
0	1
0	1
1	1
9	71
0	19
0	4
0	60
422	118
1	0
38	3
0	121
2	79
343	261
0	117
3	204
9	148
10	119
1	41
0	42
2	7
0	8
258	5912
30	5571
3	1895
84	1
68	7
320	3214
0	3238
0	376
0	230
5	1563
15	294
2	151
2	260
1	0
26	672
4	672
19	220
0	99
0	0
0	0
0	154
0	0
0	0
0	0
0	0
0	1
40	193
0	193
0	26
0	0
0	0
0	0
0	0
0	0
4	23
0	0
0	0
0	0
0	1
0	0
0	0
0	0
0	0
0	0
0	0
0	0
0	0
0	0
0	0
0	0
0	0
0	0
0	0
0	0
0	0
0	0
0	0
0	0
0	0
0	0
0	3
0	3
0	3
0	0
0	3
0	3
0	0
0	0
0	0
0	0
0	0
0	0
0	0
0	0
0	0
0	0
0	0
0	0
0	0
0	0
0	0
0	0
0	0
0	0
0	0
0	0
0	0
0	0
0	0
0	0
0	0
0	0
0	0
0	0
0	0
0	0
0	0
0	0
0	0
0	0
0	0
105	62
0	40
0	34
0	0
0	0
0	0
0	0
539	1590
8	7
4	1583
2	65
4	624
0	366
4	491
0	472
3	356
8	102
3	15
0	9
0	23
0	0
0	42
3	27
1	42
0	3
2	298
0	994
47	1003
101	1010
0	684
0	97
37	63
0	70
161	45
0	24
0	31
0	0
781	764
1	170
13	24
30	571
33	599
0	600
2	500
2	73
23	8
0	0
2	301
1	72
1	5
0	34
12	253
0	3
55	262
0	260
0	0
0	4984
0	5136
0	5076
8	4818
1	204
0	211
1	493
1	226
4	3758
15	947
1	837
18	828
2	384
2	45
7	104
7	37
3	29
0	285
0	228
0	137
3	78
0	23
0	23
0	23
2	44
0	45
0	0
0	1
0	0
23	912
5	606
2	221
20	19
0	755
1	106
20	1740
378	0
1643	75
1	75
0	120
0	124
6	118
0	124
9	0
0	119
0	129
4	16
5	16
12	1528
0	1491
0	166
0	304
0	167
5	303
0	90
2	11
67	210
0	58
8	0
0	210
0	198
13	38
1	59
0	21
103	2481
0	2275
0	269
10	510
6	11
8	126
2	16
2	2394
0	2415
0	662
0	219
0	1074
6	384
7	261
0	0
0	5
0	3
6	0
25	418
0	418
2	28
1	27
23	263
3	0
17	27
1	4
0	8
0	25
318	528
19	26
0	31
0	81
0	530
4	7
3	6
0	430
3	0
0	0
786	125
0	123
236	278
0	268
1	358
41	358
0	280
9	44
0	0
411	118
4	35
8	21
18	19
26	25
7	15
0	0
1	34
128	50
205	470
0	466
97	58
2	9
144	166
0	13
0	153
37	3477
17	1281
9	3166
1	2510
1	809
0	966
3	0
4	228644
5006	228672
194	38942
25	115746
5	25142
0	21573
0	0
2	1581
0	2
0	2
0	1581
57	0
895	586
30	1
1	36
4	36
8	147
8	432
2	414
5	336
1	365
0	0
0	0
114	0
114	0
0	0
0	0
7	5
0	3
0	2
535	604
3	161
6	309
9	122
0	120
2	1
14	3109
1	2648
25	3190
0	0
15	3184
0	46
1	333
50	240
7	348
173	5672
3	3989
1	4333
0	0
1	710
5	431
6	640
0	758
23	769
4	504
5	30
0	58
2	70
0	20
66	959
65	959
3	0
382	0
50	1300
4	65
2	1223
3	121
0	49
6	78
9	38
18	356
5	35
0	267
0	1237
0	1228
43	86
2	793
0	0
70	217
1	108
7	216
2	112
26	124
1	6
0	22
1	22
0	22
27	22
0	0
0	0
0	0
0	0
0	0
0	0
0	0
1723	0
0	9
0	9
245	2551
0	2540
0	0
16	8
14	3
0	0
0	0
0	0
0	0
0	0
0	0
0	0
0	0
0	0
0	21
0	8
0	21
0	10
1	0
5	20
1	20
4	3
2	17
0	9
3	272
8	717
94	717
2	229
2	50
319	50
13	33
1	0
13	431
37	431
0	137
42	687
33	699
2	607
20	623
16	5
0	24
2	76
0	67
0	10
1	227
2	115
1	115
1	0
0	27
1	67
0	15
10	8326
9	3011
0	8017
8	0
0	1592
0	8326
150	7725
0	3195
10	7214
36	1024
50	257
37	1454
234	42
7	1964
5	909
346	2567
1	544
0	405
0	1294
3	828
22	785
2	51512
8588	57898
64	131
108	18076
15	17480
580	30675
82	15192
13	0
1	2
7	2
0	0
3	3
1	0
0	0
0	3
2362	16489
0	13382
0	15622
1	6176
5	836
41	376
1	724
2	4825
0	2012
5	2087
4	1196
255	2
46	3325
0	1991
8	1515
4	616
21	2012
14	691
1	88
1	105
0	99
0	29
0	32
0	33
0	33
0	0
1	0
0	0
0	0
0	0
0	0
1	0
0	0
0	1
0	1
0	28
0	25
0	20
0	22
0	28
0	28
0	26
0	32
0	41
0	41
7	25
0	16
0	29
0	0
0	0
15	969
7	685
42	864
234	868
0	926
0	325
1	473
0	104
1	117
0	11
0	11
88	9
0	18
25	18
0	0
1	11
0	3
0	7
0	10
0	10
13	3821
0	4802
0	4802
0	4802
10	850
9	73
12	581
0	4
0	3
0	3
0	3
0	3
0	0
0	1
1	3
0	0
0	0
0	3
1	2
0	1
0	1
0	0
1953	357
0	355
39	506
16	506
25	357
2	340
0	510
1609	2146
65	2146
6	11343
1000	12241
219	11359
275	24
9	159
297	159
0	13
0	21
0	7
0	10
0	15
0	19
0	3
0	1
0	2
0	4
0	9
0	0
5	1202
1	985
1	3332
0	3331
0	755
0	88
0	699
111	185
1	96
11	42
5	2
11	147
4	1539
16	210
30	146
0	96
23	0
1	0
0	1
0	1
1	0
0	0
0	0
0	0
0	0
0	0
0	0
0	0
0	0
0	0
0	0
0	2
0	1
0	0
0	0
2	0
1290	2
0	0
4	61
13	16
0	59
0	1
15	801
38	811
4	10
3	6
5	79
3	79
0	0
0	0
0	0
4	123
29	1
15	117
1	129
3	12
23	374
0	359
5	370
0	373
0	317
2	6
0	0
0	86
5	86
0	0
7	19
0	23
111	159
0	156
0	8
10	0
3	10
4	8
2	9
6	3
0	10
0	7
1	86
37	1052
0	118
8	40
810	1036
0	572
0	552
17	78
1	78
0	41
3	80
2	104
9	85
4	100
0	90
0	10
0	6
0	19
64	5
0	5
0	0
1	59
75	2407
0	57
3	249
9	227
4	2364
16	41
0	0
50	18
0	4
0	14
0	0
1582	321
0	318
39	3
264	59
0	57
148	312
3	312
38	7927
35	8601
0	8599
0	7561
7	2779
59	3435
0	2318
25	20
0	2
0	2
0	0
698	812
0	399
0	782
73	365
3	130
0	259
7	328
0	190
0	90
1	251
2	42
2	0
7	149
0	251
2	251
0	11
1	1
0	27
0	0
1	9
0	1
0	1
6	0
2	0
0	13
0	6
77	61
0	6
0	28
0	20
11	473
0	245
5	186
3	443
0	75
22	24
3	21
0	158
0	114
10	33
0	1
0	166
0	7
2	33
2	2
0	10
0	10
0	9
0	16
0	2
4	11
0	4
1	14
0	1
0	0
0	1
0	9
3	10
0	1
714	0
26	0
0	0
0	0
176	0
0	0
15	290
0	290
2	140
0	9
7	9
1	0
5	132
0	132
4	132
1	8
0	0
13	510
1	479
0	41
0	57
0	72
0	1
0	1
0	1
0	0
0	0
0	0
0	0
0	0
0	0
0	0
5	489
0	1
0	0
0	0
0	0
0	0
0	0
0	0
0	0
0	0
0	0
0	0
0	74
1	74
0	74
1	72
0	7
0	4
0	5
1	3
7	63
0	63
0	41
0	0
18	17
2	4
17	0
7	125
1	126
0	0
26	125
0	27
1	203
2	68
6	163
5	88
0	71
6	985
210	987
0	326
0	122
0	362
9	42
4	31
1	272
5	215
0	34
0	415
0	308
0	100
2	302
0	118
0	103
0	87
0	91
1	110
0	18
0	273
0	185
17	552
1	74
1	191
3	4
0	380
0	477
0	542
0	141
0	203
0	140
0	131
1	116
0	64
0	3
0	124
0	79
0	183
0	43
0	96
0	148
0	71
0	0
1	204
1	74
0	68
39	2190
1	2153
0	1764
6	101
35	2
0	109
0	62
4	52
0	0
1	3
0	3
0	0
32	0
969	5732
1	1302
2	2831
1	2908
0	0
73	1811
1	2034
1	2234
6	608
0	300
13	332
1	6
1	54
2	165
19	73
0	0
0	0
6	15
1	15
1	15
0	6
0	0
1	9
2	24
0	21
0	5
0	7
2	642
1	1220
3	1126
0	568
3	1270
17	1625
7	1183
52	11
0	0
0	0
0	0
2	11
5	11
7	0
3	15
3	47
0	11
0	16
11	26
0	83
0	78
0	78
2	79
0	31
7	31
0	0
0	0
0	0
0	0
0	0
0	0
0	0
0	0
0	0
60	270
0	281
3	130
0	61
3	34
0	37
5	7
0	7
11	0
2	66
0	65
0	67
0	70
0	66
0	65
0	61
0	38
0	5
1	0
0	8
0	5
0	2
0	2
0	4
0	2
0	1
1	0
0	8
0	8
0	7
0	7
0	0
0	0
0	0
0	0
0	0
0	10
0	10
0	3
0	86
44	1
2	1422
0	1292
0	435
2	680
2	659
0	591
3	364
1	630
0	478
0	42
0	0
0	35
13	1
92	1
288	6809
5	7171
262	7065
0	6931
1	2535
39	57
18	154
9	97
6	47
6	308
10	329
0	199
8	99
2	224
37	209
2	306
0	306
0	237
7	257
3	49
2	21
0	46
0	0
3	0
0	11
3	11
0	117
2	18
2	10
0	117
9	128
0	69
0	124
0	52
2	49
3	116
0	113
0	57
0	84
0	53
0	9
0	3
0	1
157	17
0	4
0	15
0	0
236	2383
0	1723
9	498
2	816
4	1134
19	1726
13	318
0	367
6	201
0	0
10	4
0	174
0	162
0	187
12	186
0	34
0	31
2	14
1	38
0	53
1	0
0	0
4	183
24	183
0	99
0	211
0	987
0	947
0	734
3	793
23	776
8	9
0	138
0	30
0	92
2	116
0	161
0	143
2	80
5	0
0	1
0	1
0	0
13	0
0	0
0	0
0	0
0	0
0	0
0	0
75	0
3	0
0	0
0	0
0	0
0	0
0	0
0	0
0	0
0	0
0	0
0	0
0	0
24	28
0	11
5	3
0	0
0	0
0	0
0	0
0	0
0	2
0	0
0	0
0	0
0	0
0	0
0	0
0	0
0	0
0	5
0	0
0	0
0	0
0	0
0	0
0	0
1	0
0	1
1	1
0	0
0	0
0	0
0	0
0	3
0	0
0	0
0	0
0	0
0	0
0	1
0	0
0	0
0	0
0	0
0	0
0	0
0	0
0	0
0	0
0	0
0	467
0	347
0	0
0	0
0	0
0	0
0	0
0	0
0	0
0	0
0	0
0	0
11	360
0	467
0	347
0	0
0	0
0	0
0	0
0	0
0	0
0	0
0	0
0	1
0	2
0	0
0	0
70	17
0	1
0	0
0	0
0	0
0	0
0	0
0	0
0	0
0	0
0	0
0	0
0	0
0	0
0	0
0	0
0	0
0	0
0	0
0	0
0	0
0	0
0	0
0	0
0	0
0	0
0	0
0	0
0	0
0	0
0	0
0	0
0	0
0	1
0	0
0	0
0	0
0	0
0	0
0	0
0	0
0	0
321	105
1	49
8	39
9	94
1822	2857
45	1044
10	574
15	150
15	277
1	605
9	432
3	485
0	244
27	0
0	4
0	0
125	252
1	252
4	5
0	58
1048	9459
231	5406
0	3772
0	3461
0	2155
2	1749
12	1572
0	909
90	3950
5	535
0	743
1	0
20	0
8	0
8	2164
0	2024
1	1346
0	177
7	105
25	0
0	0
24	17
33	433
4	132
1	105
0	0
145	2237
3	1141
4	1251
2	333
29	280
9	507
4	266
57	0
0	0
128	9
2	0
41	0
0	0
0	0
0	0
0	0
0	0
1	202
2	202
0	202
0	42
1	2
1	0
0	0
0	0
0	0
0	0
0	69
0	92
0	65
0	60
0	31
3	0
0	25
514	1217
0	0
0	70
52	412
5	5
3	747
5	324
3279	1446
41	1434
0	822
7	13
16	0
35	0
0	0
0	0
0	0
0	0
0	0
24	0
0	1019
175	1019
0	0
0	0
0	0
0	0
0	0
0	0
1	0
3	125
9	213
0	213
0	0
0	0
53	698
0	696
0	0
4	618
9	0
0	84
1066	5041
0	5041
16	232
70	13
26	172
2	159
0	74
9	421
18	437
27	92
0	25
0	62
4	29
1	80
0	42
1	18
3	76
0	78
0	0
1	116
1	120
3	6
0	111
1	116
0	28
4	18
0	18
0	16
0	19
0	3
0	0
0	6
931	1075
6	887
3	305
39	0
19	0
0	1340
2	51
18	342
3	795
0	150
0	1224
0	112
9	38
0	132
13	65
107	926
3	758
4	333
1	532
14	63
0	166
4	77
336	148
0	41
1	10
5	14
1	33
6	9
0	10
0	15
0	39
3	9
861	1276
5	1079
2	262
0	0
0	148
18	18
42	4
0	0
0	0
0	0
0	0
0	353
4	0
0	0
0	0
0	0
6	0
291	0
2	0
14	0
46	0
23	0
17	0
0	0
0	0
0	0
0	0
0	0
15	64
2	0
4	0
52	11
0	107
3	107
0	107
0	105
2	0
0	13
0	10
1	0
0	0
2	0
1	0
0	0
0	0
112	1702
0	1382
0	1399
0	93
0	1051
1	141
0	145
0	0
0	0
319	166
3	24
0	16
0	131
4	11
0	0
0	0
1	0
1	426
0	7
0	402
11	426
0	8
0	62
0	109
261	0
398	318
0	247
0	226
4	200
1	75
12	18
0	0
0	0
0	0
0	0
0	0
0	0
0	0
0	0
0	0
0	0
0	0
0	0
0	0
0	0
0	0
0	1
0	0
0	0
0	0
0	0
0	1
0	0
0	0
0	0
0	0
0	0
0	0
0	0
0	1
0	0
0	0
0	0
0	0
0	0
0	0
0	1
0	0
0	0
0	0
0	0
0	0
0	0
0	0
17	125
2	125
8	2
258	0
3	0
2	3
19	14
1333	44
0	40
0	0
9	72
0	0
0	0
0	0
0	0
0	0
0	0
0	0
0	0
0	0
0	0
0	0
0	0
0	0
0	0
0	0
0	0
0	0
0	0
0	0
0	0
0	0
0	0
0	0
0	0
0	0
0	0
0	0
0	0
6	60
0	0
0	0
0	0
0	0
0	0
0	0
0	0
0	0
0	0
0	0
0	0
0	0
1	0
0	0
3	15
0	15
0	6
0	4
0	0
0	0
0	0
0	0
0	0
0	0
0	0
0	0
0	0
0	0
0	0
0	0
0	0
0	0
0	0
0	0
0	0
0	0
0	0
0	8
0	0
0	0
0	0
0	0
0	0
0	0
0	0
0	0
0	0
0	1
0	0
0	622
7	370
43	354
23	0
4	0
0	19
0	20
0	20
3	9
3	5
416	68
13	0
92	1
0	6
32	1
0	0
0	0
0	0
0	0
0	0
0	0
3	31
480	96
2	0
0	59
11	0
2	30
0	6
3	376
3	29
1	107
2	373
19	375
0	331
0	1
0	0
0	0
0	0
0	0
0	0
0	0
0	0
0	0
0	0
0	0
0	0
0	0
0	0
0	0
0	0
0	0
0	0
0	0
0	0
0	135
0	0
0	0
0	30
2	181
0	0
0	0
0	3
0	0
0	0
0	0
0	0
0	0
0	0
0	0
0	0
0	0
0	1
441	122
0	37
9	71
12	30
0	8
0	0
0	0
8	0
0	0
16	0
0	0
178	95
0	84
1	84
225	23
25	0
0	0
0	0
0	0
0	0
0	0
0	0
0	0
0	0
0	0
0	0
0	0
0	0
27	76
0	0
0	0
0	0
0	0
0	0
0	0
0	0
0	0
0	0
0	0
0	0
0	0
0	0
0	0
0	0
0	0
4	79
11	1053
0	1053
0	1030
1	107
1	61
0	49
0	0
0	14
2	14
0	0
0	14
0	9
0	10
0	0
0	0
0	18
2	20
0	22
0	15
0	4
0	7
0	0
0	0
0	0
0	15
0	6
0	11
0	0
0	0
173	1558
0	638
0	999
0	883
1	719
0	917
2	0
1	226
4	255
5	196
0	0
7	22
0	21
2	0
0	6
0	5
34	7
0	7
0	0
0	0
0	0
0	0
0	0
0	0
0	0
0	0
0	1
0	0
0	0
0	0
120	80
1	74
1	65
0	30
20	21
1	8
0	0
35	113
0	113
615	105
1	56
2	49
0	0
0	0
0	0
0	0
159	0
42	8
0	8
1	0
414	0
0	0
0	0
0	2
1	0
0	0
0	0
0	0
0	0
0	0
0	1
0	1
0	0
0	0
0	0
0	0
0	0
1	0
0	0
0	2
1	16
1	5
0	11
0	0
2	1
0	1
0	0
0	1
0	0
0	0
0	0
0	0
0	0
0	0
5	0
227	163
2	163
0	0
0	2
1	2
0	0
0	0
0	0
0	0
0	0
0	0
0	0
0	0
4	19
0	0
0	0
0	0
0	0
0	0
0	0
0	0
2	6
0	0
0	0
0	0
0	0
0	0
0	6
1	0
0	0
0	0
0	0
0	0
0	0
0	0
0	6
0	0
1	2
0	0
3	8
0	0
5	225
1	3
0	3
4440	11397
11	8709
0	11379
0	14
4	14
0	14
0	15
0	14
0	0
0	0
0	0
1	0
0	0
3	1275
0	2
1	345
12	1309
2	272
1	49
0	472
0	381
0	1601
2	1320
0	1645
2	1561
2	214
0	276
0	124
0	59
0	28
0	172
224	1501
0	0
0	393
17	1206
0	0
0	307
0	0
0	2
0	0
0	0
0	0
0	0
0	0
0	0
0	0
0	0
0	0
90	0
9	76
0	78
3	75
0	0
0	2
0	6
0	1
0	0
0	1
0	0
0	0
0	1
0	0
2	36
0	0
0	36
0	0
0	0
0	30
0	0
1	8
20	10
0	10
0	0
0	0
0	0
0	0
0	0
0	0
0	0
3	383
61	136
0	237
2	378
1	255
0	161
0	59
0	419
1	73
2	294
0	59
2	139
2	31
2	275
1	235
0	64
1	341
0	17
0	116
0	0
0	0
0	0
0	1769
0	1769
53	1627
19	11
7	775
2	489
12	65
0	15
2	4
5	3
8	9
1	15
3	3
0	9
2	6
0	2
0	0
14	0
1	0
0	0
52	22
0	22
1	17
0	852
1	109
3	751
3	186
0	736
0	44
8	101
0	44
0	0
0	74
0	0
0	1447
2	1613
0	1584
9	983
20	1484
0	1441
22	1171
7	201
17	623
0	285
0	233
2	302
1	204
0	67
0	2
14	108
17	0
0	98
13	68
4	57
0	0
0	11
0	5
0	13
1	22
0	22
0	22
0	30
0	30
0	0
0	8
0	3
0	17777
635	17763
1	11317
3	3549
3	16672
3	17465
0	725
1	0
0	0
348	652
11	0
6	0
0	0
0	0
0	0
8	65
0	69
0	65
0	66
0	52
3	4
0	3
149	598
0	138
0	92
0	511
1	245
0	143
10	32
4	102
3	100
68	46
2	2
0	2
11	395
7	361
0	50
0	1391
67	1391
0	239
0	1366
4	0
3	37
1	24
100	829
1	38
5	6
2	1
0	0
0	782
2	772
9	707
0	100
0	39
16	113
1	180
0	77
0	28
8	57
0	6
5	1332
0	1335
0	128
14	1153
8	158
0	641
0	0
7	397
2	1329
0	39
1	106
1	0
0	375
11	786
2	1
52	850
24	653
0	318
1	210
0	685
0	668
0	714
0	609
0	225
14	23
6	52
0	167
1	137
0	109
3	58
3	716
46	797
61	1542
0	366
0	207
0	3
0	207
0	829
0	213
10	145
0	498
2	446
2	139
3	57
395	1207
6	1316
23	1201
9	1049
16	78
0	197
22	269
9	173
1	818
1	36
2	311
0	60
1	81
51	191
24	0
1	248
0	149
3	179
0	115
20	221
0	28
6	207
0	77
0	49
0	131
0	156
1	54
1	11
0	47
18	80
1	3005
0	2966
0	2891
0	3019
7	131
3	354
1	539
0	501
1	118
0	92
2	6
0	0
0	0
0	0
0	0
11	84
1	121
6	122
0	7
8	35
0	8
0	0
0	8
0	0
46	1336
16	757
25	1218
0	315
1	1062
0	739
3	160
0	351
9	401
0	520
1	222
0	248
0	423
12	243
8	31
2	31
0	30
1	26
24	274
16	305
1	114
8	134
1	91
9	37
21	1602
0	1474
0	1406
47	81
0	1525
0	1368
49	364
0	463
0	356
22	321
3	295
2	185
51	282
10	1918
28	1894
60	174
15	89
0	0
66	25
0	1
547	87
0	87
0	26
475	120
1	120
37	535
0	527
0	116
0	254
0	135
1	263
1	168
0	49
13	146
53	203
0	59
10	433
303	547
9	329
5	139
8	68
1	226
0	189
0	255
0	107
0	105
17	856
31	867
3	351
0	207
0	114
0	461
2	463
1	162
0	80
0	0
25	1288
21	1133
2	884
7	366
0	0
7	229
0	0
1	0
2579	10592
40	4816
38	6690
20	2864
0	0
598	25737
44	1206
9	19198
39	5806
64	17358
12	17575
0	21555
1	13541
2	13811
0	5681
7	8271
1	8560
4	2741
47	13450
1	5403
0	7729
4	0
0	370
1	0
15	5746
12	425
0	7
0	0
10	0
48	3
0	0
1	6
0	4
7	47
0	30
10	46
0	49
4	34
0	7
0	15
0	0
0	16
1	9
0	1848
0	1928
1	190
5	1616
1	214
9	59
0	153
0	278
3	170
0	4
29	95
8	158
52	799
0	150
75	799
5	119
0	234
0	799
23	5
0	154
0	114
0	2
0	2
0	0
0	2
0	2
0	0
0	0
0	0
0	0
0	0
4	0
0	0
4	54
0	27
0	37
1	14
2	1259
2	252
1	145
2	329
1	227
106	1222
0	127
1	229
0	1082
0	216
0	121
0	121
5	7
0	4
0	0
0	110
0	193
0	50
25	54
3	46
0	14
0	16
0	44
0	0
3	28
6	1
0	1
0	0
0	0
0	1
1	0
0	0
0	0
0	0
0	0
0	0
26	2526
172	2776
0	415
0	2636
16	268
0	196
167	542
116	264
43	251
102	1
7	1
0	1
0	196
0	212
0	161
0	212
0	178
5	177
0	125
1	0
2	2
0	2
0	2
4	2
0	2
1	0
0	0
0	0
0	0
231	3259
2	242
219	4351
6	4014
36	275
5	889
0	231
78	1074
2	1025
36	166
4	668
1	1066
34	450
13	833
0	39
0	0
129	29
19	662
1	0
16	0
0	0
0	0
0	0
0	0
0	0
0	0
19	1865
9	147
1	14
33	1844
1	105
0	639
0	349
1	718
340	629
0	629
0	50
0	93
3	125
7	23
916	25445
7	11292
2	14713
12	22446
47	12439
0	34
3	5212
5	4
14	759
112	962
131	751
9	280
0	34
1	225
0	60
143	15
0	2
0	0
3	1
0	13
0	15
0	15
1006	8894
28	8350
0	3166
10	2590
2	219
2	2471
2	1288
2	916
0	775
106	273
0	0
0	13
0	15
0	0
0	15
0	1
2	11
0	0
1	39
63	546
10	545
0	42
0	59
4	44
1	0
1	59
0	36
5	0
0	10
0	7
0	0
2	12
0	4
0	0
0	4
0	1
0	0
0	0
0	0
16	41
0	69
2	44
0	43
0	27
0	31
5	33
0	1
2	748
0	32
24	283
0	671
0	18
8	705
0	705
4	14
0	133
1	142
1	318
0	0
0	0
0	0
29	7
0	7
6	0
5	7
251	7
0	0
0	0
111	0
1	0
0	23
0	13
11	20
0	23
0	3
4777	418
196	342
13	11
265	21
1	11
8	74
1	4
0	9
0	6
17	12
3	6
0	7
0	6
0	0
27	59
0	53
0	58
2	37
0	27
104	1132
9	1132
152	1103
0	42
34	14573
0	14573
0	9960
0	8201
53	13374
7	3620
0	4799
29	5454
4	547
147	2146
14	6618
399	5942
262	3477
1	0
0	2465
58	488
1	481
1	431
1	104
1	81
20	0
4	7
0	0
0	0
1	31
0	1
0	29
0	31
0	32
0	1
0	1
1	4
0	2
0	1954
0	1844
0	664
1	1704
1	1660
90	1559
105	364
0	601
0	253
1	0
2	0
0	0
0	867
0	867
3	739
3	177
0	0
0	0
4	87
0	87
0	0
0	0
7	3174
8	2332
3	579
3	1628
0	0
4	1066
0	0
0	0
0	0
4	441
9	102
1	394
24	31
4	78
12	437
0	44
2	65
1	2
0	148
92	340
3	339
1	334
1	116
0	86
1	0
13	17
1	70
6	7
4	25
0	59
0	59
0	46
3	1
0	9
0	0
0	0
96	10
2	2
6	1
3022	432
10	98
10	178
1	20
6	136
0	0
0	0
4	1
1	1
0	0
0	0
0	20
0	0
0	1
1	5
4	43
0	0
0	0
0	2
0	21
0	6
118	2728
0	2264
17	2285
1	1822
0	2100
1	2223
8	8
3	11
1	0
0	406
0	0
0	0
0	0
0	0
0	0
0	0
0	0
23	3
2	3
0	2
1	183
12	184
1	47
0	0
16	21
0	0
0	0
2	42
0	44
2	44
109	206
5	215
0	112
0	118
1	5
1	18
3	5
0	43
24	0
93	353
2	295
9	247
2	281
3	239
77	186
0	177
2	10
3	0
0	0
180	4289
4908	4276
11	6
0	4
0	6
0	16
2	1540
0	1491
7	1591
9	1429
6	1525
71	1362
4	199
0	119
0	428
2	144
5	22
9	91
11	0
1	176
0	45
17	130
420	1247
13	230
0	1209
0	743
7	354
6	13
0	4
0	8270
0	22654
9	19664
26	988
0	763
0	14617
0	2304
0	8275
0	3301
29	899
3	21366
0	21366
0	5073
15	5379
13	4097
0	0
0	0
0	0
0	0
0	0
297	1933
1	354
3	798
0	635
18	600
2	633
11	200
34	140
0	235
0	0
106	1064
6	1057
20	0
0	62
20	78
0	154
0	54
0	0
0	0
0	0
0	0
0	0
0	0
0	0
0	0
0	0
2456	26
43	24
1	11
2	11
2	11
0	0
163	40
0	40
0	0
0	5
0	4
0	4
0	1
0	0
0	2
0	0
0	0
0	0
0	0
0	0
0	0
0	0
0	0
0	0
0	0
1	2
0	2
0	0
0	0
1	0
0	0
0	0
0	2
0	2
0	2
0	0
0	0
0	0
0	0
0	0
0	0
0	0
0	0
0	0
0	0
0	0
0	0
0	0
0	0
0	0
0	0
0	0
0	0
0	0
1	0
0	0
0	0
0	0
0	0
0	0
0	0
0	0
0	0
0	0
0	0
0	0
0	0
0	0
0	0
5	0
0	0
0	0
1	0
0	0
9	0
0	0
0	0
0	0
0	0
2	0
1546	4066
0	3698
26	540
292	0
0	0
0	0
0	0
0	0
2	453
6	416
0	42
0	4
0	0
0	0
0	13
19	37
3	13
0	0
0	0
0	0
0	0
0	0
3	3
0	3251
0	0
1	0
0	0
0	0
1	0
0	205
0	3743
0	3724
84	1227
77	169
21	199
35	4
1	32
22	0
44	830
68	702
67	0
1	290
168	0
41	15
63	0
47	36
0	0
26	76
3	520
17	510
17	90
441	523
0	32
0	460
0	44
0	125
0	147
64	97
3	138
65	0
0	71
1	17
0	70
0	18
0	15
3	38
0	21
0	34
0	5
0	0
0	0
0	0
0	0
0	1
0	1
0	1
0	1
0	1
0	1
0	0
0	0
0	0
1	23
46	41
0	40
1	25
3	1
0	1
0	1
0	0
0	0
0	0
125	8733
0	0
0	0
0	0
131	0
20	111
12	57
3	3
0	117
0	122
1	41
0	123
0	5
1	4
743	104
0	79
3	25
0	0
0	0
0	0
0	0
0	0
0	0
0	0
0	0
0	3
0	0
0	0
0	0
0	0
0	0
0	59
0	0
0	6
4	6
0	0
0	0
0	0
0	0
0	0
0	0
0	0
0	0
0	0
0	0
0	0
0	0
0	1
0	1
0	5
0	5
0	1
0	1
1	4
4	658
10	566
23	558
1	606
0	11
45	57
5	220
1	17
3	95
1	29
13	1936
298	7197
2	767
51	6726
8	5772
2	7021
0	4847
7	538
172	3838
1	591
0	0
3	324
52	0
26	535
0	2712
38	2680
46	2699
0	2858
0	619
14	188
0	440
0	481
16	392
90	110
0	35
0	2
27	11
54	0
285	2
0	9
3	0
51	1
0	629
8	2
23	2
16	9
63	12349
7	12349
4	2414
36	11801
8	89
0	316
0	0
0	130
0	0
0	0
0	0
0	0
0	0
0	0
0	0
11	2
0	0
0	0
0	0
0	0
0	0
0	0
1	0
1	2
0	0
0	0
0	0
0	0
0	0
0	43
0	0
1	34
0	44
0	2
0	2
0	0
0	0
0	4
3	214
0	0
0	0
0	0
0	0
0	0
0	0
0	161
2524	161
19	4
46	0
1	17
0	0
0	0
0	0
1	0
0	0
0	0
0	0
2	0
62	0
44	2725
0	4660
10	232
3	277
1963	4688
45	2292
1	311
8	41
0	896
7	334
0	136
28	33
0	0
0	0
182	0
61	24
1	0
0	383
0	198
8	0
0	1773
3	120
1	0
1	0
51	0
0	0
0	0
0	0
0	0
0	0
0	0
0	0
0	0
0	0
0	0
0	0
0	0
0	0
0	0
0	0
0	0
0	0
0	0
0	0
0	0
0	0
0	0
0	0
0	0
0	0
0	0
0	0
0	0
0	0
0	0
0	0
0	0
0	0
0	0
0	0
0	0
0	0
0	0
0	0
0	0
0	0
0	0
0	0
0	0
0	0
0	0
0	0
0	0
0	0
0	0
0	0
0	0
0	0
0	0
0	0
0	0
0	0
0	0
0	0
0	0
0	0
0	0
0	0
0	0
0	0
0	0
0	0
0	0
0	0
0	0
0	0
0	0
0	0
0	0
0	0
0	0
0	0
0	0
0	0
0	0
0	0
0	0
0	0
0	0
0	0
0	0
0	0
0	0
0	0
0	0
0	0
0	0
0	0
0	0
0	0
0	0
0	0
0	0
0	0
0	0
0	0
0	0
0	0
0	0
0	0
0	0
0	0
0	0
0	0
0	0
0	0
0	0
0	0
0	0
0	0
0	0
0	0
0	0
0	0
0	0
0	0
0	0
0	0
0	0
0	0
0	0
0	0
0	0
0	0
0	0
0	0
0	0
0	0
0	0
0	0
0	0
0	0
0	0
0	0
0	0
0	1
0	0
0	0
1	1
0	0
0	0
1	0
0	0
0	0
0	0
1	0
0	0
0	0
0	0
1	0
0	0
0	0
0	0
0	0
0	0
2	14
0	0
0	0
0	0
0	0
0	0
0	0
0	0
0	0
0	0
0	0
0	0
0	0
0	0
0	0
0	0
0	0
0	0
0	0
0	0
0	0
0	0
0	0
0	0
0	0
0	0
0	0
0	0
0	0
0	0
0	0
0	0
0	0
0	0
0	0
0	0
0	0
0	0
0	0
0	0
0	0
0	0
0	0
0	0
0	0
0	0
0	0
0	0
0	0
0	0
0	0
0	0
0	0
0	0
0	0
0	0
0	0
0	0
0	0
0	0
36	41
0	19
41	41
0	25
3	53
99	1
0	0
0	2
0	0
26	376
0	363
0	32
0	0
3	389
0	0
0	0
0	0
6	7
0	0
0	0
0	0
0	0
0	0
0	0
0	0
1	0
0	0
0	0
0	0
0	0
0	0
0	0
1	1
0	4
0	0
0	0
0	0
0	0
0	0
0	0
0	0
0	0
0	0
0	0
0	0
0	3
0	0
0	0
9	2
1	1
0	0
0	0
4	1
3	0
0	0
0	0
0	0
0	0
0	0
4	0
0	0
0	0
175	0
0	0
27	0
30	0
0	11
0	0
0	0
0	0
0	0
0	0
13	3
0	0
1	3
0	0
2	9
0	0
6	1325
0	0
0	4
1	9
0	2
0	0
0	0
0	0
4092	174
0	168
8	166
0	1
0	1
0	0
72	0
0	0
0	0
2	2
0	2
0	0
0	0
0	11
0	4
0	10
0	4
0	4
0	0
0	5
0	5
0	11
0	0
0	5
0	4
0	0
0	0
0	0
0	0
0	0
0	0
0	1
0	0
0	0
0	0
1	1
0	0
0	2
0	2
0	0
0	0
4	0
45	97
674	567
1	546
0	123
15	0
85	300
12	243
9	216
24	195
645	649
1	217
34	432
2	0
223	282
5	188
28	287
4	64
0	0
1	4
0	0
0	0
0	66
0	8
0	15
0	2
10	198
0	170
0	27
0	5
0	2
798	2
0	0
0	0
0	0
0	0
0	0
1148	7489
10	7660
78	7248
2	274
2	315
0	188
17	0
0	0
13	0
0	2
0	0
0	0
0	0
5	234
143	271
1	0
0	53
0	610
60	549
0	606
4	39
0	179
0	411
1	550
0	5
0	139
0	190
1	154
24	109
70	109
10	0
0	294
3	1952
18	1870
0	1716
4	123
2	0
0	11
0	336
0	268
288	846
0	143
0	853
77	426
0	124
0	0
11	12
1	0
15	1313
10	493
6	1113
0	825
0	914
0	0
836	0
0	0
0	0
0	5
0	172
1437	1689
1	964
4	1164
7	11
5	0
65	30
27	166
0	0
0	0
0	0
2709	1012
1	215
0	564
90	625
3	628
4	0
0	0
0	0
0	0
0	0
36	1091
56	1132
1	61
59	133
0	6
1	59
1	25
0	282
1	9
20	98
0	300
0	349
0	282
0	267
1	43
0	43
0	54
0	243
5	0
1	0
260	116
0	114
4	138
7	220
0	587
10	544
0	229
0	5
0	3
0	0
0	1
0	65
12	0
0	0
8	0
6	0
0	23
0	382
0	27
0	401
25	381
0	26
0	248
0	400
1	20
375	2328
0	2452
0	671
21	995
0	1178
4	1186
0	1113
0	153
0	404
0	183
204	0
331	2
109	13
102	0
0	0
9	348
0	301
0	169
21	131
0	13
0	8
0	13
0	27
0	76
0	0
0	0
20	82
0	12
0	51
0	0
31	132
4	370
0	405
12	356
0	57
4	57
2	78
1	78
0	321
1	20
1	32
5	110
1	68
0	0
2	0
690	9629
0	5352
53	9787
0	3354
0	5185
4	0
0	0
0	0
9	7
5	7
0	0
1	0
0	0
1865	389
0	295
5	16
15	7
20	10
0	90
1	3
0	3
0	0
0	0
0	25
0	0
0	25
5	0
0	25
0	0
0	1
4	0
0	0
0	0
0	0
0	0
0	0
0	0
0	0
0	0
0	0
0	0
0	0
0	0
0	0
0	0
0	2
0	0
0	0
2250	659
30	657
0	0
0	0
0	0
0	0
0	0
0	0
0	0
0	0
0	0
0	0
0	0
0	0
0	0
0	0
0	0
0	0
0	0
0	0
0	0
0	0
0	0
0	0
0	0
0	0
0	0
2	0
0	0
182	656
3	509
14	280
24	113
3	113
21	0
8	0
0	9
0	0
0	1
14	10
0	1
0	0
0	0
2	0
0	0
0	0
0	0
0	3
0	3
0	0
0	0
0	0
0	0
0	0
0	0
0	0
0	0
0	0
0	0
0	0
0	0
0	0
0	0
0	0
0	0
0	0
0	0
0	0
0	0
0	0
0	0
0	0
0	0
0	0
0	0
0	0
0	0
0	0
0	0
0	0
0	0
0	0
0	0
0	0
1436	314
0	73
0	0
0	5
1	0
96	37
80	201
0	0
0	0
22	214
0	0
9	404
0	0
0	0
0	0
2	0
2	0
6	0
0	0
0	0
0	0
0	0
0	0
15	0
1	0
1	258
11	270
0	16
1	263
22	0
12	0
15	0
1028	2775
4	1802
1	215
0	68
1	150
0	164
65	0
8	98
0	70
3	69
1	108
57	0
0	41
20	670
78	29
28	161
0	390
46	0
0	0
252	605
1	329
1	272
350	936
0	226
0	268
312	153
2	60
11	123
1	39
19	68
0	0
0	0
0	0
0	0
0	0
0	0
1	0
0	0
0	0
0	0
11	11
0	11
1759	173
0	0
0	165
5	12
0	0
0	0
0	0
0	0
0	0
0	0
10	0
0	0
0	0
0	0
0	0
0	0
76	308
295	307
15	260
0	29
0	68
0	20
0	0
0	31
0	9
0	0
0	0
0	0
0	0
0	0
0	0
0	0
0	0
0	0
0	97
0	97
0	75
0	10
0	7
0	7
3	19
0	0
0	0
0	0
0	0
0	2
0	0
6	16745
8	16397
13	1277
39	458
95	0
69	0
51	0
0	4827
15	2534
7	1122
66	38
1	563
19	326
9	1864
0	555
1	0
0	402
120	10
100	1
0	2242
7	124
44	0
0	0
660	90
6	86
0	0
14	668
0	676
0	411
0	206
0	112
1	35
0	0
0	0
0	0
0	215
0	0
0	0
0	0
0	0
0	0
0	0
0	0
0	0
33	37
0	18
0	22
1	21
0	0
0	0
0	0
17	17
0	1
0	0
0	3
1	13
0	0
0	0
0	1
0	0
0	1
0	0
0	0
0	0
0	0
0	1
0	0
1	1
0	1
446	300
0	300
15	0
15	395
8	104
0	30
0	333
0	123
0	47
0	0
20	0
5	190
235	190
1	0
0	0
0	0
10	1157
24	1373
14	1022
32	0
0	1042
1	126
0	5
0	60
2	96
0	127
2	119
67	171
7	99
0	151
0	91
1	0
0	0
0	1
0	1
4	3
0	2
0	1
0	1
9	2376
14	2881
111	2743
3	949
1	985
3	494
6	257
0	333
3	238
0	44
0	0
0	0
25671	2115
364	2104
208	0
240	0
0	0
0	0
0	0
0	0
0	0
0	0
0	0
0	0
0	0
0	8
0	76
18	447
0	417
0	236
0	0
0	21
0	16
174	2510
1	68
0	64
0	843
0	2427
5	2273
30	2193
11	172
0	0
0	111
0	208
28	118
25	33
0	254
1	375
2	311
75	320
0	146
24	0
0	0
0	0
0	0
0	0
0	0
0	0
2	0
0	0
0	0
0	0
0	0
0	0
0	0
0	0
0	0
1	0
0	0
0	0
0	0
92	426
3	46
0	407
8	220
0	282
0	13
0	5
1	113
0	113
0	110
0	101
0	0
0	0
1	0
0	0
0	0
0	0
0	0
0	0
0	0
159	71
4	62
5	44
2	11
0	0
16	0
0	60
0	0
3	0
0	310
0	38
0	303
0	55
4	0
0	15
0	0
1053	118
0	118
0	0
0	0
5	0
399	0
1941	0
0	0
15	2148
7	1591
29	2163
11	1014
28	1
64	4
0	0
1	0
18	0
459	3246
0	3247
33	1235
2	430
0	198
0	806
35	322
35	0
0	0
22	2372
13	1108
12	2285
31	119
69	0
372	4182
16	3302
21	3069
2	1972
21	1482
0	1464
0	1287
1	621
25	150
2	89
561	0
0	0
1	7
2	1
3	5
1	3
3	5
75	778
97	778
1	636
6	590
13	324
0	551
0	45
0	26
7	1
17	23
0	2698
6	2525
31	1587
3	1834
140	232
0	2665
17	2597
0	370
3	118
2	461
0	1312
3	232
1	307
2	2
13	130
0	125
10	134
4	134
0	44
1	28
3	21
8	18
1	0
3	2432
0	2384
0	2431
5	2268
0	109
7	550
13	45
0	96
3	58
4	32
0	42
23	128
0	65
0	65
27	97
8	62
6	39
12	30
0	35
36	11
13	6
19	38
0	1451
18	2067
0	449
7	416
5	21
0	151
11	681
79	758
1	48
3	3
3	27
12	626
0	73
6	146
0	719
5	607
6	454
6	643
2	45
2	50
1	34
78	1922
105	3489
0	3493
0	3488
0	223
61	277
0	157
1	118
5	0
0	0
4	40
9	559
2	557
0	3
2	6
4	3
0	31
0	394
7	4
0	33
1	38
737	87
0	19
1	25
1	38
5	0
13	7
4	0
87	17
18874	7014
1	1004
240	46
100	5846
0	0
0	0
97	4510
0	1149
0	187
246	429
7	28
9	10
0	93
24	91
3	31
1	578
0	599
0	595
0	548
0	145
6	135
1	127
0	67
0	22
2	13
1	8
1	14
0	7
0	13
0	52
5	928
0	0
65	4
16	1041
0	1041
21	2115
3	585
0	1143
0	1020
0	1079
88	1005
0	0
1	0
6	0
1636	283
16	0
0	105
1	47
2	145
2	0
0	0
0	0
0	2
0	2
1	0
0	0
330	84
1	9
0	40
2	49
102	5092
53	11738
8	5150
34	9960
21	6640
20	1595
1	84
1	84
0	43
1	3
0	12
1	6
2	7
0	3
4	0
0	0
1	0
0	36
1	88
0	74
0	75
1	21
0	7
0	1
0	7
1	1
0	0
0	0
0	0
2	55
76	23
4	15
2	57
0	8
16	15
0	47
7	43
0	1
0	0
2	0
6	0
4	224
132	453
0	394
15	0
1371	807
0	838
5	862
1	702
0	1
1	1
0	258
2	52
0	131
16	176
3	10
0	0
0	0
179	2285
2	15
0	2265
103	131
1	129
3	130
2	109
33	86
2	0
7	0
2132	1194
9	629
14	456
0	101
0	0
0	152
16	99
0	35
2	99
0	0
0	88
7	28
0	30
13	1
285	70
18	70
16	31
6	0
0	0
38	0
0	0
1	0
0	0
0	0
0	0
0	0
0	0
0	39
0	16
0	54
6	1
0	39
0	50
0	14
1	0
0	11
0	2
164	79
0	54
3	0
0	18
1	5
8	17
2	14
0	1
10	4
2	0
0	325
0	1764
41	913
11	1747
35	74
0	157
9	0
63	30
96	0
0	0
0	0
0	0
1	0
0	0
0	0
336	0
0	0
0	0
0	0
0	0
0	0
0	0
0	0
0	0
0	0
0	0
0	0
0	0
0	0
0	0
0	0
0	1
0	0
0	0
0	0
0	0
1	58
1	11
39	86
5	82
0	22
2	3
70	22
468	178
11	21
6	176
25	161
0	21
119	0
5	213
0	196
11	95
1	0
0	17
2	0
0	0
0	0
570	103
0	0
0	0
0	0
0	0
0	0
1	0
0	0
0	0
0	0
2918	0
6	300
979	650
1	266
54	172
0	470
0	199
874	2438
4	586
8	1852
41	734
22	1194
3567	307
0	61
230	240
1	0
1	4
1	4
0	0
0	0
0	0
0	279
0	277
0	277
0	9
1	16
1	28
0	1
0	1
0	32
0	30
0	0
2	0
0	18
0	3
0	9
0	0
0	0
259	0
1	0
6	0
0	0
56	28
0	18
0	16
0	0
0	1
156	2397
3	2405
5	2437
202	665
6	844
1	686
1	646
78	404
7	2
0	65
10	0
0	0
0	0
1	0
0	0
0	0
0	0
0	0
0	0
0	0
0	0
0	0
0	0
0	0
0	0
0	0
0	0
0	0
0	0
0	0
0	0
0	0
0	0
0	0
0	0
0	0
0	0
0	0
0	0
0	0
0	0
0	0
0	0
0	0
0	0
0	0
0	0
0	0
0	0
0	0
0	0
0	0
0	0
0	0
0	0
0	0
0	0
0	0
0	0
0	0
0	0
0	0
0	0
0	0
0	0
0	0
0	0
0	0
0	0
0	0
0	0
0	0
0	0
0	0
0	0
0	0
0	0
0	0
0	0
0	0
0	0
0	0
0	0
0	0
0	0
0	0
0	0
0	0
0	0
0	0
0	0
0	0
0	0
0	0
0	0
0	0
0	0
0	0
0	0
0	0
0	0
0	0
0	0
0	0
0	0
0	0
0	0
0	0
0	0
0	0
0	0
0	0
0	0
0	0
0	0
0	0
0	0
0	0
0	0
0	0
0	0
0	0
0	0
0	0
0	0
0	0
0	0
0	0
0	0
0	0
0	0
0	0
0	0
0	0
0	0
0	0
0	0
0	0
0	0
0	0
0	0
0	0
0	0
0	0
0	0
0	0
0	0
0	1
0	1
0	0
0	0
0	0
0	0
0	0
0	0
0	0
0	0
0	0
0	0
0	0
0	0
0	0
0	0
0	0
0	0
0	0
0	0
0	0
0	0
0	0
0	1
0	2
1	3
0	32
0	34
0	11
0	9
0	25
0	0
0	0
0	0
0	0
0	0
0	0
0	0
0	0
0	0
0	0
0	0
0	0
0	0
0	0
0	0
0	0
2847	1684
883	582
8	1463
6	573
10	747
111	0
0	0
42	14
0	14
0	0
7	1201
0	0
0	0
0	0
1079	783
2	281
24	0
22	575
0	74
8	264
0	17
29	0
0	0
0	0
4	148
0	122
0	0
16	0
651	0
0	0
0	0
101	1111
4	1111
2	1
0	1
0	0
0	1
0	314
13	225
2	178
2	176
2	68
0	48
0	0
1	10
5	0
11	13
6	0
1	33
0	26
0	2
2	2
0	0
0	0
0	17
0	0
0	0
64	598
5	334
8	425
17	379
1	297
2	96
1	22
45	22
0	1350
1	1350
14	317
0	1094
27	68
12	140
41	21
15	336
0	463
2	0
0	128
4	217
5	152
2	14
0	3
2	3
13	13
0	6
0	7
27	0
16	0
0	0
0	26
11	18
3	26
1	10710
188	11552
0	10660
104	374
0	918
0	10756
366	575
0	11071
0	11601
0	352
486	0
270	0
0	9886
20	7281
284	0
47	755
350	0
48	78
169	0
1	0
0	0
0	0
0	0
0	0
469	494
1	1213
6	2487
11	2766
0	2697
0	2539
7	4417
0	4536
0	1100
0	2648
12	1
235	3
11	1432
1	64
0	1332
0	1481
120	36
0	1486
0	17
26	1185
28	0
885	646
4	414
0	386
8	703
0	142
47	425
4	381
0	357
6	251
25	565
134	571
3	289
3	35
30	5
6	0
602	59
24	59
2	4
0	0
0	4
3	102
0	89
0	0
0	0
167	0
11	0
11	0
0	104
1	28
3	83
0	0
0	0
12	0
18	0
8	0
0	0
3	0
7	0
0	0
5	0
2	2
2	2
8	0
0	0
6	0
2	0
0	0
0	0
0	109
0	111
0	22
0	109
1	0
0	6
0	74
2	0
0	0
0	41
0	0
0	0
0	0
4	6
0	8
1	50
0	10
0	8
5	0
0	4
3	0
1	60
164	473
6	473
0	107
1	119
0	114
6	5
4	97
0	98
0	41
0	43
0	40
15	0
10	0
379	6
599	2890
92	2748
5	146
269	212
0	112
0	0
0	0
495	625
0	832
0	832
3	88
158	80
1	5
1	9
8	0
0	77
0	68
267	51
6	56
0	9
0	1
25	89
242	1403
0	285
2	185
4	1383
8	0
0	0
0	0
0	0
0	0
0	0
24	0
0	0
0	0
29	1277
0	1212
0	0
0	0
0	0
0	0
0	0
0	0
0	0
1	0
0	0
0	0
1	0
0	0
0	0
0	0
0	0
0	0
0	0
0	5
70	3300
2	181
0	0
0	0
6	5
0	43
962	3238
1	3221
0	0
0	0
0	0
0	0
37	33
0	0
36	90
1	30
7	0
12	24
4	268
1	0
0	0
0	0
0	0
0	0
0	0
0	0
1	0
220	436
2	120
0	350
1	73
46	4
3	56
785	314
7	314
0	266
18	266
5	189
5	34
0	22
7	23
273	0
240	181
7	115
0	136
0	64
13	100
5	61
1182	1403
2	1403
0	1
14	10
0	10
0	165
0	94
0	162
0	162
0	155
3	172
492	1604
10	1003
1	447
1	43
0	0
7	197
1	256
29	302
0	218
0	159
5	228
0	197
0	204
1	257
1	114
0	140
0	42
2	73
13	117
1	100
0	70
0	31
27	0
89	12
20	1916
834	1996
4	83
0	0
0	446
0	0
0	0
0	0
90	0
0	720
1	27
0	109
9	2
0	2
1080	807
0	131
32	676
136	81
0	65
0	20
25	1
0	1
13	336
3	4296
15	374
0	4609
0	3447
2	1483
0	0
0	0
0	0
8	1065
0	378
0	988
6	993
0	939
0	977
7	56
1	16
0	3
0	57
0	26
1	21
0	51
1	1
1	11
2466	2932
93	2932
211	0
30	245
21	7
7	2
0	2
0	2
79	0
178	1069
0	968
2	480
53	3
1	88
4	330
0	332
0	328
0	329
0	309
1	311
8	304
2	1
0	0
0	0
0	0
0	0
0	0
0	0
0	0
0	0
0	11
5	380
0	379
0	0
0	0
113	1019
7	881
5	619
75	81
5	47
2	51
49	10
0	81
1	13
0	454
0	160
0	51
255	56
0	0
2	0
39	14
0	14
26	499
2841	643
23	247
6	255
0	0
0	0
0	16
0	49
1	55
0	53
0	33
0	2
0	0
78	939
2	630
0	24
0	0
1	8
43	482
0	8
0	0
13	419
2	294
0	50
0	0
0	49
4	0
0	0
1351	392
1	96
1	212
1	199
0	126
1	133
0	0
86	7
0	7
1	16
1	0
0	319
0	302
0	302
6	124
50	167
0	299
0	311
0	298
0	44
2	0
10	4461
221	4461
1	4454
5	4461
1	1043
9	394
0	137
96	282
4	2
0	15
0	9
0	263
0	11
3	3
0	59
4	3
0	1
0	2
0	1
6796	15904
64	12705
15	7082
274	10246
0	458
45	8278
68	0
0	0
2	3478
0	3457
13	1779
0	62
1	57
0	0
0	0
0	54
0	114
0	76
60	31
1	86
51	0
5	0
0	0
0	0
2	325
3	325
40	325
0	40
0	4
3	4
2	0
0	4
1	8
0	16
0	18
0	4
0	5
3	0
0	0
0	0
0	0
0	0
0	0
0	0
0	0
0	0
153	0
59	3299
0	2997
0	2905
1	3022
25	1039
0	1174
1	1177
0	1165
3	868
1	2
0	0
0	0
0	1
1	0
0	0
0	0
3	0
0	0
0	1
1951	49
42	49
0	1
0	0
12	3
6	114
1	111
0	63
1013	1226
0	1099
0	930
2	1201
15	377
12	162
22	687
12	197
33	8
6	165
498	327
0	327
29	0
7	0
0	88
17	3633
27	3852
61	1078
110	3856
646	3884
0	3936
13	2691
0	0
2016	2391
9	548
0	1597
0	2366
15	122
0	37
0	36
1	12
0	24
0	16
0	295
647	1209
1	551
1	358
10	164
0	1698
159	1867
9	927
3	500
1	0
2	1177
0	300
20	15
0	91
0	738
3	47
2	0
0	46
0	55
10	0
0	0
0	0
0	169
0	169
0	1
0	1
0	1
0	1
1636	5411
1	1374
363	1210
5	4171
4	1784
9	2508
3	2000
0	980
1	797
6	345
12	204
0	1
0	1
0	1
0	1
0	0
9	0
102	277
0	277
0	0
93	1047
0	25
27	944
0	542
2	452
13	403
13	368
0	114
0	0
0	0
42	1
10	0
0	6267
810	7067
18	7173
19	0
39	471
0	113
0	110
0	113
0	110
0	119
0	116
0	50
0	13
0	24
0	23
0	23
0	11
0	0
0	0
6	1350
0	6
1	31
0	108
37	1341
2	22
0	713
0	56
0	5
0	0
3	8
0	42
7	0
24	28
1	24
1	9
0	9
1	8
0	0
1179	1125
1	1125
0	168
5	32
0	0
427	26
48	24
0	0
11	2
63	677
0	641
0	600
4	514
2	0
2	35
0	0
0	1
1	224
6	1766
23	1813
3	455
134	262
0	130
113	75
1	35
85	9
39	0
3	103
87	5
131	0
0	5
98	202
0	190
0	30
0	190
2	181
0	13
0	9
5	9
0	15
0	23
0	9
2	12
6	7
1	25
0	10
6	6
188	9655
0	9655
0	0
52	9626
1	9135
19	3579
0	4937
6	7129
1	1621
2	3279
14	2322
16	0
5	2977
0	0
3	2460
0	0
1	14
0	1
7	14
31	2381
78	2197
41	112
0	21
0	34
0	51
1	29
1	114
0	494
34	1748
0	36
0	32
0	0
1	227
23	0
13	377
4	3263
27	3111
0	2884
0	2886
0	3255
1	3240
1	29
39	16
0	569
0	115
1	125
0	0
1	6
7	12
26	0
5	0
13	556
6	2
0	2
1	255
201	1080
0	998
16	210
70	1000
0	146
6	805
0	185
0	126
2	0
2	247
13	8
9	1
1	1
18	3227
18	3226
5	1604
20	363
1	2682
0	432
1	64
0	101
30	5
72	131
0	1
5	4
1	34
0	31
0	15
0	17
0	5
0	0
0	4
0	4
0	4
0	4
0	5
0	3
0	4
0	4
0	2
0	4
0	2
0	2
0	2
0	0
0	1
0	0
0	0
0	0
0	185
0	0
0	455
3	1
2	374
1	18
1	280
4	615
31	339
2	20
20	193
11	19
0	246
0	549
2	1
1	173
0	1
1892	532
0	532
80	0
0	85
0	85
0	33
0	71
2	93
6	85
0	85
0	54
0	83
2	75
54	3426
7	534
0	0
0	0
1375	7037
33	4460
28	528
0	0
88	2727
0	203
0	244
13	145
0	145
90	102
0	30
9	1085
2	1062
21	540
4	88
2	115
0	36
2	17
2	362
47	101
0	19
8	77
6	221
2	270
0	174
0	113
1	229
2	24
0	258
0	76
13	72
0	38
0	3
4	3
0	1
0	1
0	0
0	0
0	0
0	0
6	0
0	0
1811	3238
20	3231
0	3338
72	2607
0	2781
5	120
133	1035
85	334
0	3
1	11
3	2014
2	131
0	0
3	419
1	178
0	549
10	2049
0	482
0	581
30	295
0	1064
28	177
2	341
2	30
0	449
7	670
6	880
0	1744
0	361
0	331
0	189
11	1719
0	323
9	506
0	510
56	510
0	107
24	3487
149	417
35	716
1	3438
2	1890
0	0
8	289
2	256
0	130
0	118
3564	1037
2	193
43	49
2	2
17	0
5	21
23	62
0	763
0	0
0	0
0	0
0	0
0	0
0	0
0	27
0	0
0	0
0	0
0	0
0	0
0	0
26	479
0	479
2	83
0	90
14	0
0	0
0	0
0	0
0	0
0	0
0	0
0	0
0	0
0	0
0	0
0	0
0	0
1	0
0	0
0	0
0	0
0	0
0	0
25	244
1	244
8	2
10	56
6	44
11	0
0	0
0	0
63	0
0	0
0	0
0	0
0	0
0	0
0	0
6	58
1	75
0	46
1	17
0	18
0	18
1	18
0	0
0	0
0	0
0	0
0	0
0	0
0	0
0	0
0	0
0	0
0	0
0	0
0	0
0	0
0	0
0	0
0	0
0	0
0	0
0	0
0	0
0	0
0	0
0	0
0	0
0	0
0	0
0	0
0	0
0	0
0	0
0	0
0	0
0	0
0	0
0	0
0	0
0	0
0	0
0	0
0	0
0	0
0	0
0	0
0	0
0	0
0	0
0	0
0	0
0	0
0	0
0	0
0	0
0	0
0	0
0	0
0	0
0	0
0	0
0	0
0	0
0	0
0	0
0	0
0	0
0	0
0	0
0	0
0	0
0	0
0	0
0	0
0	0
0	0
1	9
0	0
0	0
0	0
0	0
0	0
0	0
0	0
0	0
0	0
0	0
0	0
0	0
0	0
0	0
0	0
0	0
0	0
0	0
0	0
0	0
0	0
0	0
0	0
0	0
0	0
0	0
0	0
0	0
0	0
0	0
0	0
0	0
0	0
0	0
0	0
0	0
0	0
0	0
0	0
0	0
0	0
0	0
0	0
0	0
0	0
0	0
0	0
0	0
0	0
0	0
0	0
0	0
0	0
0	0
0	0
0	0
0	0
0	0
0	0
0	0
0	0
0	0
0	0
0	0
0	0
0	0
5	1
0	0
0	0
0	0
0	0
0	0
0	0
0	0
0	0
0	0
0	0
0	0
0	0
0	0
0	0
0	0
0	0
0	0
33	154
222	154
0	96
0	68
0	0
0	0
0	0
0	0
0	0
0	0
0	0
0	0
1	0
0	0
0	0
0	0
0	0
0	0
0	0
0	0
0	0
0	0
0	0
0	0
0	0
0	0
0	0
0	0
0	0
0	0
0	0
0	0
0	0
0	0
0	0
0	0
0	0
0	0
0	0
0	0
0	0
0	0
0	0
0	0
0	0
0	0
0	0
0	0
0	0
0	0
0	0
0	0
0	0
0	0
0	0
0	0
0	0
5	2
0	0
0	0
0	0
1	0
11	70
165	147
0	41
2	49
0	52
0	2
0	111
16	491
12	491
1	413
1	0
152	142
0	0
1	123
1	151
1	386
6	494
20	248
0	8
209	7
5	2
10	2
0	59
4	68
369	693
0	692
0	0
2	15
0	11
0	11
4	18
0	2
4	11
9	0
0	0
496	56
0	54
2	0
0	0
361	262
106	262
0	78
10	118
0	0
7	8
0	8
0	0
0	0
0	0
1	0
0	0
0	0
0	0
0	0
0	0
0	0
0	0
0	0
0	0
0	0
0	0
0	0
0	0
1	0
0	0
0	0
0	0
0	0
0	5
0	5
0	0
0	0
0	0
0	0
0	0
0	0
0	0
0	0
0	0
0	0
0	0
0	0
0	0
0	0
8	59
0	0
0	0
0	0
0	0
0	0
0	0
0	0
0	0
0	0
0	0
0	0
0	0
0	0
0	0
0	0
0	0
0	0
0	0
0	0
0	0
0	0
0	0
4	6
0	0
0	0
0	0
0	0
0	0
0	0
0	0
0	0
0	0
0	0
0	0
0	0
0	0
0	0
0	0
0	0
0	0
0	0
0	0
0	0
0	0
0	0
0	0
0	0
0	0
0	0
0	0
0	0
0	0
0	0
0	0
0	0
0	0
0	0
0	0
0	0
0	0
0	0
0	0
0	0
0	0
0	0
0	0
0	0
0	0
0	0
0	0
0	0
0	0
0	0
0	0
0	0
0	0
0	0
0	0
0	0
0	0
0	0
0	0
0	0
0	0
0	0
1	0
0	0
0	0
0	0
1086	1598
0	0
0	0
0	0
0	426
1	1553
0	1614
1	1250
0	1456
13	1556
1	283
55	90
1	47
0	214
14	147
5	5
0	1
0	1
0	4
0	4
0	3
2	0
0	0
1222	0
14	0
448	573
6	518
0	109
1	269
0	166
0	166
0	166
0	278
0	254
0	147
0	283
0	113
0	142
0	59
0	31
2	54
0	56
0	55
0	44
0	21
0	21
0	20
0	17
1	29
1	0
0	0
1	312
6	401
0	416
0	402
20	5
9	47
10	31
1	102
5	57
21	0
24	2036
76	1652
0	1641
1	1472
8	992
5	1265
1	576
1	859
1	702
0	241
4	18
2	467
1	406
5	276
65	692
9	534
1	347
1	191
3	371
0	391
0	391
0	118
0	244
0	175
0	238
0	321
0	307
0	204
0	217
2	310
1	97
1	11
0	13
0	0
29	70
3	1
0	12
0	57
182	737
2	737
6	179
2	116
2	116
0	97
16	1912
2	1240
22	1844
17	961
0	399
2	641
569	1561
0	586
0	455
0	32
0	125
0	178
0	583
4	1284
4	723
4	440
100	1306
41	1208
1	242
0	365
0	385
12	251
0	184
0	121
0	53
3	71
631	505
0	34
0	0
0	471
395	1085
0	846
11	913
0	546
0	205
476	0
7331	5291
0	0
5	0
0	4922
1	4938
2	0
15	66
5	215
1	8
0	8
4726	7733
0	3591
0	0
0	5073
0	5089
5	215
1	8
346	6224
47	0
0	0
3	241
273	323
237	22
0	0
0	0
0	0
0	0
0	0
0	0
0	0
0	0
0	0
0	0
0	0
0	0
0	0
0	0
0	0
0	0
0	0
0	0
0	0
0	0
0	0
0	0
0	0
0	0
0	0
0	0
0	0
0	0
0	0
0	0
0	0
0	0
0	0
0	0
0	0
0	0
0	0
0	0
0	0
0	0
0	0
0	0
0	0
0	0
0	0
0	0
0	0
0	0
0	0
0	0
0	0
0	0
0	0
0	0
0	0
0	0
0	0
0	0
0	0
0	0
0	0
0	0
0	0
0	0
0	0
0	0
0	0
0	0
0	0
0	0
0	0
0	0
0	0
0	0
0	0
0	0
0	0
0	0
0	0
0	0
0	0
0	0
0	0
0	0
0	0
0	0
0	0
0	0
0	0
0	0
0	0
0	0
0	0
0	0
0	0
0	0
0	0
1	0
0	13
3	13
0	12
0	12
28	13
1	13
1	0
11	11
357	1205
36	13
4	105
94	1202
0	0
4	112
0	120
1	2
1	2
0	0
0	0
0	0
0	1
0	1
0	1
0	0
0	0
0	0
0	0
0	0
0	0
0	0
0	0
0	0
4	29
0	0
0	0
0	0
0	0
0	0
1	298
0	0
0	0
0	0
0	0
0	0
0	3
0	0
0	0
0	0
0	0
0	0
0	0
0	0
0	0
0	0
0	0
2	234
0	104
0	0
0	0
0	0
0	0
0	0
0	0
0	0
0	0
0	1
0	0
0	0
0	0
0	0
0	0
0	0
0	0
0	0
0	0
0	0
0	0
0	0
0	0
0	0
0	0
0	0
0	0
0	0
0	0
0	0
0	0
0	0
0	0
0	0
0	0
0	0
0	0
0	0
0	0
0	0
0	0
0	0
0	0
0	0
0	0
0	0
0	0
0	0
0	0
0	0
0	0
0	0
0	1
0	1
0	1
0	0
0	0
0	0
0	0
0	0
0	0
0	0
0	0
0	0
0	0
0	0
0	0
0	0
0	0
0	0
0	0
0	0
0	0
0	0
0	0
0	0
0	0
0	0
365	0
4789	883
4	438
17	449
1	3
1	0
59	11
0	11
0	0
0	132
0	134
3	24
4	6
1	1
0	0
0	0
5	28
10	28
0	25
0	0
0	0
0	2
0	2
0	2
0	0
0	2
0	0
0	0
4	1
0	1
0	1
0	0
2080	17361
186	1317
6	2374
5	13143
45	4867
26	15
0	5
0	11
10	11
1	1857
0	1312
0	1333
0	1892
0	165
10	898
0	3
0	95
10	70
4	71
2	3
0	0
200	138
4	83
0	55
0	4
0	4
0	1
0	0
164	1777
0	1746
1	43
76	5
0	5
0	56
0	56
1	0
0	0
1	105
3	118
0	77
0	64
2	2
3	388
3	1954
37	1977
5	10
24	44
9	477
0	31
0	95
87	1920
0	1621
0	1891
5	529
1	368
0	364
2	520
39	391
15	208
0	0
1	5
1	4
0	5
0	0
0	0
1709	9798
181	4992
47	7165
8	3114
22	0
153	58
11	0
38	0
1	734
0	820
23	880
1	840
1	98
0	0
594	0
1221	309
39	10
7	307
13	245
1	0
3	33
3	3628
0	3580
0	2736
7	286
0	294
22	170
0	216
13	1209
0	1107
0	149
0	0
31	828
2	598
0	152
41	2
0	127
0	0
0	0
1	0
183	5
1	5
0	0
0	0
12	0
14	982
1	53
3	970
190	971
31	255
5	113
0	88
2	174
0	1
0	1
0	0
1323	2329
6	2071
2	542
1	276
8	236
11	674
3	87
17	196
2	116
101	3
384	123
0	123
1	1514
19	1658
2	1653
0	0
0	47
15	175
2	12
3	72
1174	2908
3	2253
19	103
2	213
16	39
0	92
15	153
0	65
29	620
5351	27163
160	26904
0	1937
37	1845
73	1225
18	1139
11	1028
27	2523
212	896
50	3838
6	1999
17	2637
8	1419
83	250
31	102
3	0
7	0
4	3
0	4
39	3
66	4
1	0
0	0
0	276
19	276
0	0
0	21
0	0
1	7450
97	6602
155	1495
4	7255
75	570
132	1038
3481	4
1421	1833
21	869
24	1770
1	1506
101	688
0	94
0	229
10	229
0	190
1	135
0	178
2	128
5	21
0	2096
2858	2098
61	232
7	1254
13	0
0	65
0	4
0	0
0	0
19	4
0	1066
0	3279
0	3290
0	3279
0	1229
1	238
3	13
0	0
0	642
0	3182
6	84
5	564
0	539
0	357
9	548
2	93
0	45
138	17
360	0
0	1
1	0
0	0
0	0
0	0
13	1488
3	1174
0	1457
12	1211
108	0
0	0
11	29
4	799
43	870
26	831
0	723
0	0
18	27
5	29
0	0
0	0
0	0
10	6804
0	882
50	1373
68	6331
0	5741
16	939
8	4
9	53
0	0
0	0
225	791
93	317
14	125
0	0
0	0
0	0
0	0
0	0
722	203
29	201
266	2460
51	2460
0	0
1	2
6279	1283
0	1080
40	201
861	3478
3	3182
21	977
15	209
38	0
6	1
0	1
1340	220
0	61
24	17
2	159
20	62
0	77
1	40
0	39
0	35
0	33
1	39
0	1
0	0
0	1
1	1
0	1
0	1
0	1
0	0
86	10089
0	8637
21	11
0	11
1	0
0	0
0	8
0	64
0	0
0	60
0	1
0	0
0	51
0	6
0	0
0	0
0	0
0	0
0	0
0	0
0	0
0	0
0	0
0	0
10	6
10	14
0	8
0	31
0	0
76	978
0	992
0	988
0	983
1	532
0	276
0	266
0	273
18	160
0	63
34	150
0	26
1	10
2	21
7	0
29	0
0	0
3	0
1	17
2	236
0	0
0	0
4	173
3	0
137	3130
0	1922
0	2245
10	2764
5	2296
9	474
0	474
1	2369
3	1917
111	1793
70	1826
0	1826
0	1732
0	1097
0	111
48	921
26	0
0	258
0	286
0	140
0	218
0	153
0	2
0	4
0	9
16	9
23	10081
3	7463
0	5298
1	7769
0	3056
1	7335
9	1210
1	325
0	0
0	16
50	46
7	32
1	6784
8	2024
0	2305
84	5039
12	12
16	1416
75	1510
62	0
15	0
48	0
0	0
61	422
0	4
0	422
0	42
7	0
20	0
0	0
0	0
0	0
126	3681
0	0
0	0
1	72
252	74
14	0
3	28
0	0
1225	9039
0	9016
1	8709
15	4525
7	3055
22	2799
0	2387
3716	1619
1	1351
1	784
1	296
0	241
3	581
1444	11280
0	10760
0	131
37	64
0	0
49	78
66	6
7	1811
46	1163
57	924
87	664
72	0
1	0
2	0
0	0
0	0
0	0
0	30
0	29
2	30
1	15
0	0
3	0
0	0
3069	12
0	507
14	105
101	624
1	499
21	189
397	229
5	229
0	40
1	0
0	0
0	0
0	0
0	0
1	2473
1	2375
2	2459
0	266
7	1578
0	0
1345	1193
0	1005
3	1078
0	181
28	484
0	484
77	427
0	200
9	60
1	4
59	1927
0	0
1	744
21	382
0	1541
0	1751
14	122
0	162
39	36
0	25
12	1387
4	0
24	0
0	175
0	54
0	304
0	5
0	368
22	5
0	0
0	3236
0	3236
0	2714
4	1734
1	530
1	717
0	309
52	4
3	9
5	15
0	14
0	15
0	3
9	0
150	92
0	49
0	33
1	32
0	0
0	0
0	0
0	5
0	6
0	6
0	0
0	0
0	0
0	0
0	0
0	0
0	0
0	0
0	0
0	0
0	0
0	0
0	0
0	0
0	0
0	0
0	0
0	0
0	0
0	0
0	0
0	0
0	0
0	0
0	0
0	0
0	0
0	0
0	0
0	0
0	0
0	0
0	0
0	0
0	0
0	0
0	0
0	0
0	0
1568	134
12	134
0	0
6	2155
1	1203
1	0
0	0
3	4462
0	4542
131	4457
40	3717
0	4462
0	70
2	70
56	767
0	564
0	62
28	515
3	531
1	546
1	494
7	6
5	104
6	124
0	124
0	123
6	52
0	18
0	4
24	2
1	2
1	18
1	4
388	764
0	755
0	732
0	349
1	136
0	48
33	12
0	78
4	29
0	33
1	70
0	55
5	92
0	97
0	14
0	0
0	0
0	0
0	0
0	2
0	0
0	0
0	0
0	0
14	764
11	127
3	665
0	0
0	6
0	6
0	6
0	3
0	1
0	0
2536	12
64	21
6	21
0	2
4	2
1	1
0	1
0	0
0	0
0	2
0	2
0	2
0	0
0	0
0	0
0	0
1	2
0	0
0	0
0	0
0	0
0	0
0	0
1	0
13	0
3809	5321
5	1724
0	1203
0	3894
4	655
12	1289
3	0
0	0
0	0
0	0
3	97
9	96
0	12
2	42
4	114
197	547
2	41
1	72
0	19
2	349
76	122
0	0
0	4
0	9
0	7
0	7
0	2
0	0
0	0
0	0
0	0
856	2637
15	53
5	2637
0	323
0	2264
2	0
4	3
5	400
7	0
1	602
0	246
2	1117
0	1371
36	1744
27	0
394	112
0	102
18	10
0	4
0	2
0	0
0	4
0	0
0	22
0	0
56	0
398	2357
0	0
0	1211
268	0
0	0
179	0
5	0
108	0
33	1148
19	0
0	0
0	1
0	0
0	0
0	1
0	1
0	2
0	0
0	0
0	0
0	0
11	0
0	0
0	0
0	0
0	0
1510	36
3	34
0	0
0	0
578	0
0	0
44	572
3	572
0	6
0	1049
0	37
278	1045
1	924
1	0
0	471
12	472
4	326
7	3
17	53
0	20
111	371
0	442
31	351
1705	619
116	429
78	294
1	268
2	157
368	1219
2	6
28	1713
178	339
7	900
1	577
0	799
32	403
3	6
10	0
7	544
3	161
0	81
0	262
0	27
1	75
1	212
0	230
13	125
24	2
2	0
141	1314
98	1330
1	36
4	0
3	317
836	282
1	282
0	209
776	0
177	2292
123	2290
1569	55
0	53
0	0
0	0
4	220
33	204
2	207
0	0
16	0
4	0
1	0
0	5
1	6
0	0
11	0
0	0
4	0
4	0
0	34
18	39
0	0
0	0
0	0
0	0
0	0
0	55
1	0
95	2919
632	351
0	2349
18	2758
25	60
1	90
0	64
0	70
19	0
16	1076
0	5
0	5
0	0
1	0
13	54
0	51
470	2823
0	1626
21	712
0	1901
395	372
0	307
0	68
2	70
18	955
0	0
0	0
0	3
0	0
0	0
0	3
0	0
0	0
0	708
0	820
0	750
0	787
0	742
0	687
96	0
0	96
127	386
0	39
40	1
0	4
121	534
0	529
0	0
3	119
33	165
4	103
109	899
31	844
0	714
9	9
0	4
0	2
0	5
0	0
0	0
0	0
0	0
0	0
2	0
0	0
0	0
0	0
0	0
0	0
0	0
0	0
3	3
0	0
0	2
0	0
3	2
0	2
0	0
0	0
0	0
190	57
1	57
556	304
0	304
1	110
0	2
389	3826
1	64
57	975
0	272
40	3775
0	0
5	15
0	40
5	37
0	5860
1	6351
39	927
0	385
13	3602
4	2930
1	332
42	289
108	321
0	549
2	1448
16	1487
219	0
0	31
4	837
1	888
2	53
2	38
9	0
0	0
27	2931
0	2831
4	405
27	860
100	2135
0	471
0	244
0	123
0	405
1	51
0	278
45	1431
0	144
1	283
0	360
0	1042
0	28
0	0
0	0
0	74
0	219
0	3
150	0
0	0
0	0
0	236
808	265
0	0
0	69
0	39
0	0
0	0
0	32
4	34
1	9
3	4
0	0
2	8
0	5
2	1019
21	943
0	867
1	919
0	874
0	193
4	189
1	386
4	114
1	256
2	52
0	32
0	71
262	12
5	12
0	0
6	35
0	38
0	39
0	1
0	6
37	826
0	875
13	138
0	40
0	108
0	825
6	47
0	139
18	240
1	0
0	0
6	1098
12	1147
0	1174
4	1042
0	1038
0	1046
5	1016
0	41
4	64
125	3565
10	3338
3	216
1	291
5	337
6	421
27	1929
165	1721
90	1932
0	58
0	1591
3	377
8997	2962
41	2878
0	667
0	0
0	0
2	414
2	418
0	414
0	332
1	70
2	63
2	116
11	170
0	130
0	102
0	140
0	52
0	0
0	74
4	32
0	27
0	42
1	50
0	32
1	10
124	19
0	2
0	9
0	14
2	5
2	0
653	1480
65	1444
0	983
1	857
1	89
0	87
33	20
0	20
0	54
26	487
4	56
2	106
8	213
2	204
0	191
0	26
5	123
0	164
210	997
24	983
5	276
1	9
159	310
9	258
5	223
3	218
15	327
149	619
1	259
2	289
43	157
3	648
4	691
0	402
0	141
1	55
6	201
0	212
11	185
3	233
1	61
0	59
3	63
0	0
0	0
0	0
1	0
6	2799
0	5510
0	1869
1	275
0	440
11	5279
0	1206
5	681
15	31
1	12
16	9
8	8
0	2
13	4
2	20
0	2
2	2
7	396
0	362
11	37
1	64
0	314
35	388
0	108
0	3
0	307
2	123
3	55
0	4
2	4
17	3364
1	3123
0	821
3	458
0	1742
0	85
9	483
60	117
34	659
9	209
0	371
862	26496
15	24684
37	24696
2	13879
0	10921
120	13851
45	12427
4	9988
21	8710
13	9637
0	8110
0	6350
0	10
0	11
3	11
0	0
1	0
0	0
0	0
0	10
1	10
0	10
0	0
0	0
0	0
0	0
0	0
2	0
0	0
0	0
0	0
0	0
0	0
0	0
0	0
2	63
3	507
7	457
3	623
3	469
0	300
1	186
10	22
0	173
1	86
163	95
0	12
3	77
1	59
1	19
140	352
5	36
1	167
1	76
0	88
0	115
6	47
2	461
23	2072
6	160
579	1673
70	119
4	7
13	583
9	109
9	581
29	583
0	583
0	119
0	196
16	177
1	362
0	0
0	0
157	14
15	5
14	0
0	9
3	7
2	1
0	1
0	0
6	101
0	13
0	102
0	90
0	12
0	4
0	6
2	4
1	5
0	5
0	4
1	4
0	3
0	2
29	2090
2	678
1	2504
9	2399
1	791
0	1048
4	864
1	240
11449	950
0	950
0	883
326	0
0	763
0	763
3	809
0	173
5	140
0	0
0	243
0	0
0	45
0	53
0	0
0	7
0	2
0	0
0	21
111	2490
0	2541
2	2452
1	260
24	220
0	41
4	91
333	734
1	39
4	172
6	0
25	262
0	196
0	0
0	0
0	71292
7760	74071
3	21247
0	0
0	0
0	0
100	74
0	74
7	0
0	0
0	0
1	32
0	6
100	32
0	0
0	0
0	0
60	2199
4	2189
10	2100
4	2184
1	1125
6	172
6	337
52	275
13	21
1272	1014
0	562
2	297
1	338
13	62
0	178
3	86
4	37
3	9
0	19
1	22
0	6
0	1
0	4
0	10
0	86
0	79
0	59
0	26
0	44
0	29
1	20
0	2
36	0
61	1246
18	1249
18	13
297	0
0	1
23	1
568	0
3512	9
2	0
0	4
0	0
0	0
0	297
4	293
4	191
0	197
0	0
0	219
58	822
1	822
746	272
2	164
18	146
63	452
0	451
70	338
9	331
4	55
0	0
42	365
1	365
0	0
0	183
11	149
5	179
48	186
0	38
0	25
0	0
92	68
0	68
4	116
93	116
83	0
1	0
24	721
1	78
5	122
0	59
46	88
0	813
4	235
0	134
12	180
3	139
143	829
0	763
0	71
0	743
6	47
0	90
0	109
10	715
6	4
0	0
0	0
74	0
106	1332
3	1429
26	759
0	620
1	57
3	0
8	3071
0	2653
32	2619
6	5696
8	219
2	5230
0	5090
138	5501
10	1
25	70
0	0
0	350
0	166
0	58
2	81
8	176
2	168
26	110
1	521
0	493
3	448
1	145
0	272
15	95
6	49
16	42
1	9
3	12
0	27
6	10
183	2645
0	2540
0	2474
0	0
3	150
14	115
4	322
1	0
16	1267
0	1272
19	1288
0	62
4	33
0	4
0	113
0	96
0	98
5	0
125	136
0	274
0	162
1	3
8	3
0	228
47	441
5	153
0	117
0	0
50	29
0	13
7	29
0	3
1	3
0	0
0	0
2	23
0	1522
0	22
0	1621
80	1524
5	1114
37	1571
1	135
2	596
3	560
11	977
0	110
0	91
0	982
0	6
0	27
0	2100
0	266
3	0
0	1664
1	1589
71	1448
0	123
3	1450
14	228
2	329
12	253
0	251
2	207
1	35
4	1298
0	29
43	4
3	4
1	0
2	223
67	665
46	580
9	147
2	299
0	107
6	270
4	135
3	148
141	344
0	344
1	307
6	319
1	35
1	0
345	178
9	843
51	2857
107	2373
11	24
0	21
0	101
62	240
0	223
0	71
0	0
289	1385
2	387
1	646
1	1339
0	1101
0	348
1	385
30	125
358	226
0	111
8	24
11	983
4	863
0	288
0	38
3	34
0	51
0	51
0	40
1	6
1	8
0	0
58	1171
0	883
0	202
0	1310
299	1743
0	778
2	811
1	196
2	129
77	277
0	136
0	33
140	6
8	106
10	24
0	136
2094	1061
0	1057
10	0
2	2
0	2
10	57
1	57
0	3
0	0
1	280
0	0
1	629
0	639
0	453
0	431
1	468
0	14
0	11
0	5
0	4
429	124
4	100
0	15
2	4
0	0
0	11
0	10
0	11
0	0
0	0
0	0
0	0
0	0
2	0
0	0
560	0
0	10
917	10
51	538
38	580
2	313
4	575
0	486
0	546
0	509
0	543
3	485
6	541
0	501
0	314
0	0
0	0
0	0
0	0
0	0
0	0
0	0
0	0
0	0
0	0
0	0
0	0
48	471
24	812
0	571
105	529
0	483
5	88
2	75
4	11
0	0
0	10
0	0
0	1
153	231
0	93
0	0
2	103
7	67
1	17
24	4
0	4
181	1811
104	1732
12	1444
0	1323
1	578
2	272
0	1163
9	1103
0	990
1	509
19	106
0	184
66	45
10	100
0	0
0	0
0	0
0	0
1236	0
24	0
0	0
0	0
3	226
49	762
31	203
0	84
0	23
1	504
0	434
0	21
5	436
0	2
2	0
1133	2584
1	2263
0	235
4	136
10	127
27	0
0	0
0	0
4	0
2246	165
95	35
0	59
0	77
0	0
0	0
0	0
0	0
0	0
0	1
0	1
0	0
0	0
0	0
1	0
5	2465
18	1075
175	680
0	1597
0	122
94	1720
3	56
2	1214
0	247
0	0
0	0
0	1
3	1
0	0
2	0
0	0
0	3563
0	1891
0	3549
0	3330
23	441
0	2610
4	437
0	1363
0	1268
0	1528
0	1749
0	1850
0	1943
0	1858
0	1763
0	1655
0	1570
0	1771
0	1663
0	1469
5	345
2	139
19	271
13	116
0	287
6	272
114	188
6	499
0	1958
3	1963
10	164
0	218
2	676
0	652
18	657
26	0
0	68
0	0
0	1
0	1
0	0
0	0
0	0
0	0
729	1062
14	146
0	927
13	196
39	2
3	668
2	163
19	1064
8	1012
0	1139
1	2293
0	1252
0	1364
0	44
4	30
38	36
0	1400
3	1132
0	0
0	1192
0	1321
52	9
0	1445
8	614
0	1289
2	917
94	446
1	0
1	0
0	0
2	1
0	1
0	1
14	0
7	2781
177	247
10	72
20	1649
53	859
103	2415
0	0
24	275
6	107
0	88
0	179
0	20
0	0
40	1513
0	4268
0	3721
3	43
0	969
1319	165601
313	131197
114	17
283	165605
586	37145
8	7369
0	0
0	0
0	0
0	0
0	0
0	0
0	0
0	0
0	0
0	0
0	0
0	0
0	0
0	0
189	235
62	219
71	88
0	70
0	5
3	16
1	340
1	296
17	45
12	80
0	108
46	213
0	122
4	53
1	37
4	29
2	0
485	676
41	3
2	503
22	392
0	76
0	85
0	94
6	0
0	0
28	0
66	1092
9	540
1	153
2	141
0	58
0	838
3	27
3	0
0	0
0	0
0	0
8	0
0	9
4	9
16	2859
3	2494
21	217
112	2291
0	681
4	198
83	2141
1	454
0	0
0	0
0	0
0	0
0	0
0	15
409	512
5	153
5	391
0	0
0	14
0	0
21	1596
16	1596
3	17
58	0
40	0
2	0
0	0
0	0
0	0
0	0
0	1
4699	10
4	8
8	0
0	0
0	0
0	0
0	20
0	600
1	219
0	68
0	534
0	529
0	88
1	0
28	1007
0	1003
7	787
1	840
0	625
0	241
0	245
14	82
0	23
5	2
4	2
130	194
3	99
1	24
2	149
0	69
44	0
30	75
2	1233
50	2
0	207
4	294
44	157
9	1158
0	115
2	0
0	0
23	926
3	0
0	0
682	938
4	909
1	672
0	934
0	0
8	73
15	2623
12	2632
51	2597
4	2893
6	638
0	625
1	154
0	278
0	113
1	101
1	31
0	240
0	88
0	245
0	219
0	77
0	91
0	192
0	131
26	17
382	0
0	0
0	0
0	0
0	0
0	0
0	0
0	0
80	1226
1	1226
4	34
3	384
0	85
4	174
11	12
0	0
0	0
0	0
39	387
0	409
12	419
6	424
0	90
8	98
0	7
0	17
0	6
15	6
219	1072
21	267
0	54
0	805
3	151
91	4587
4	4583
1	3585
66	4475
0	675
8	256
2	723
28	0
5	189
15	528
3	701
7	163
4	16
0	14
0	5
0	3
1	5
297	330
0	273
0	0
0	50
0	42
28	0
2	0
6	0
9	7
2	0
0	0
0	0
0	0
0	0
0	0
0	0
0	0
0	0
0	0
0	0
0	0
0	0
6	34
77	3608
18	2883
2610	3815
18	3799
13	2412
5	84
3	0
4	0
157	4
0	0
1	0
0	0
0	0
0	0
0	2
0	2
0	2
0	0
0	0
0	0
0	0
0	0
0	0
2199	0
3	1563
157	23
0	1563
0	675
0	0
2	645
0	641
10	1
1	2
7	2
0	1482
9	291
19048	657
2	544
0	0
0	0
0	0
0	0
0	0
0	0
0	0
0	0
0	0
0	0
0	0
0	0
0	0
0	0
0	0
0	0
0	5
0	0
0	1
65	0
3	0
0	0
0	54
0	57
0	31
0	31
1	26
0	13
0	0
2	0
0	0
0	0
0	5
0	0
0	0
3	173
37	238
10	85
1	98
1	101
851	2121
98	2118
0	488
4	1087
14	0
157	0
0	0
0	0
0	0
0	0
2	9
0	7
1	2
0	0
0	0
0	0
0	0
0	0
0	0
25	178
15	178
1	165
147	63
0	1373
3	18
1	21
0	1354
4	353
5	9
2	354
2	275
464	273
0	0
0	268
2	18
4	50
0	0
0	0
0	0
0	0
0	140
3	137
0	47
2	44
0	0
0	0
1	13
0	3
0	11
1	11
0	1
0	12
4	38
0	38
0	0
5	0
12	26
0	2
7	22
0	2
0	10
1	10
0	4
0	4
1	3
29	761
26	669
67	273
4	0
0	1226
4	1169
1	893
2	25
3	0
61	0
3	218
1	0
0	0
0	1
0	8
0	0
0	0
1	4
0	7
2	7
4	174
0	1
0	1
0	2
0	1
0	0
20	3
0	1
0	2
0	0
2	8
0	4
0	4
0	0
0	0
0	0
2	0
0	0
0	0
0	0
1	0
0	0
0	0
1	0
0	0
0	0
18	570
0	1003
23	982
6	951
6	7
0	718
0	0
0	61
0	14
4	955
19	1008
0	1058
33	1013
10	858
2	81
1	136
0	48
0	249
2	359
48	248
1	203
10	19
8	46
1	46
0	6
0	6
0	7
0	6
0	0
12	0
1	148
19	206
6	127
64	229
0	45
0	5
0	64
0	49
1	63
5	101
0	36
0	14
3	50
0	5
440	2758
6	2387
2	808
1	137
0	261
22	11
1	47
0	31
0	19
121	262
0	130
102	236
17	38
4	164
0	22
0	2
2	88
0	53
79	6
0	6
0	0
0	1
0	1
0	1
0	1
0	1
0	0
0	0
0	0
0	3
0	3
0	3
0	3
0	2
0	2
0	0
1	9
0	5
0	8
0	8
0	3
0	0
0	0
0	0
0	0
0	0
0	0
0	0
0	0
0	3
0	3
1	3
0	2
0	1
0	0
0	0
0	0
0	0
0	0
0	0
0	0
0	0
0	0
0	0
0	0
0	0
0	0
0	0
0	0
0	0
0	0
0	0
0	0
0	0
0	0
0	0
0	0
0	0
0	0
0	0
0	0
0	0
0	0
0	0
0	0
0	0
0	0
0	0
0	0
0	0
0	0
0	0
0	0
0	0
0	0
0	0
0	0
0	0
0	0
0	0
0	0
2	0
0	0
0	0
0	0
0	0
0	0
0	0
0	0
0	0
0	0
1	6
0	6
0	2
0	0
1	0
0	0
0	0
2	46
38	44
0	5
0	119
35	289
31	387
8	416
2	395
3	174
5	114
3	145
0	0
0	0
0	0
0	0
0	0
571	210
0	121
6	151
63	80
1	45
0	20
1	20
0	42
0	3
44	2166
2	306
1	473
0	460
3	1888
67	429
0	1737
0	450
22	637
34	845
1	423
7	239
0	281
1	244
0	281
4	97
5	123
28	16
0	103
1	46
24	0
35	2862
0	1810
1	579
15	918
1	2123
7	147
0	946
0	1891
25	1015
3	241
14	1412
6	89
3	0
0	0
0	0
0	0
0	0
0	0
0	0
1	1797
47	1911
11	1305
2	122
0	822
1	1058
46	1092
0	58
1	1137
3	481
10	1
0	1839
5601	1866
17	1371
2	1371
192	1371
13	1
5781	0
0	42
0	42
0	42
0	0
2	0
0	0
62	634
1	55
0	592
4	38
0	34
0	3175
0	205
28	3384
13	747
1	318
10	188
7	1492
0	100
3	119
40	717
31	755
0	799
17	727
0	279
17	89
2	140
1	21
125	1151
9	1105
78	829
38	187
43	19
10	86
0	0
0	144
0	105
2	35
274	247
35	175
0	41
0	11
0	16
3	8
1	9
1	54
72	6012
301	6012
174	6012
5	1919
0	1102
27	793
0	0
56	1569
0	1415
22	1282
0	1619
0	1263
21	452
8	1273
3	100
0	126
42	31
0	98
1	8
0	18
0	11
16	164
5	164
191	1486
15	801
16	1483
1	528
13	187
2	636
2	628
37	723
0	8
9	0
0	0
3	2876
0	2922
0	250
79	30
18	2500
3	160
22	157
15	1231
12	480
5	174
19	1052
2	1139
2	1001
28	508
3	1081
0	893
1	247
0	118
2	324
0	63
0	226
0	290
0	26
291	6512
362	6682
4	661
49	1753
19	1651
2	46
1	43
4	46
0	50
0	0
0	0
0	344
3	94
0	316
0	18
35	237
7	222
0	22
0	61
13	65
8	59
0	35
0	107
0	95
3	119
17	75
2	84
1	29
15	16
168	3313
32	3313
19	165
1	313
4	318
0	133
12	257
5	255
2	289
1	1
1	1
7	357
3	1351
3	731
0	0
2	6735
617	7230
18	1082
0	5209
12	2338
1	0
95	887
0	925
4	547
0	713
14	571
1	76
4	23
0	68
6	69
0	54
0	68
0	720
3	698
1	583
0	698
0	702
63	463
1	678
1	31
0	102
0	148
0	0
0	130
1	217
0	200
0	143
0	145
1	61
0	110
0	115
0	47
0	117
0	99
0	12
0	48
0	0
0	198
0	186
1	204
0	208
0	200
4	168
0	136
0	127
0	133
2	6
1	7
0	31
676	9816
48	1825
22	2263
0	7637
13	7637
0	17
7	2031
9	1823
0	1683
1	1423
1	763
3	1413
0	282
9	577
186	793
0	1
21	5
10	327
0	4
28	1
29	0
9	216
0	523
5	67
11	61
1	105
0	296
7	210
132	5056
2	1466
44	4895
16	1158
0	1033
12	1361
1	4436
13	458
20	776
484	519
24	273
0	86
0	87
1	2
2	274
4	144
0	34
0	1608
0	1277
0	1612
0	1255
2	970
173	1069
1	512
0	162
0	502
25	0
6	48
3613	550
33	540
0	188
0	0
0	0
252	54
299012	297
0	2
0	2
0	2
2	0
0	374
1412	1212
0	1175
0	1144
33	266
0	0
0	0
0	0
0	6
0	11
0	6
2	7
0	6
0	5
0	13
0	4
0	5
0	6
0	5
0	0
0	2
0	2
0	0
0	1
0	3
0	7
1	1456
100	1457
37	1473
2	733
1	707
0	171
275	38
3	53
88	0
0	0
390	74
0	74
1	0
0	0
0	0
0	0
0	0
0	0
0	0
0	0
0	0
0	0
0	0
0	0
0	0
0	0
0	0
0	0
0	0
0	0
0	0
0	0
0	0
0	0
0	0
46	0
125	0
0	0
0	0
0	0
0	1
0	0
0	6
0	0
9	10
1	8
4	3602
0	1
0	4422
170	13952
4	12374
7	1338
0	0
0	24
1	1
20	126
0	134
0	134
2	118
0	130
0	24
16	62
1	88
0	75
1	25
0	13
1	24
0	26
0	1
0	18
0	16
0	6
9	892
0	1026
0	937
7	1186
31	325
0	1030
46	123
19	928
0	419
0	95
0	94
0	359
0	0
0	0
0	0
0	7
0	7
1	6
0	7
0	7
0	7
0	7
1	7
0	6
0	7
0	7
0	7
0	0
0	6
0	7
0	0
0	5
0	6
0	5
0	5
0	5
0	5
0	5
0	6
0	6
0	4
1	1
0	653
74	796
0	782
56	12
0	784
0	105
9	7
0	0
1	0
2	204
1	71
0	89
1	126
0	50
1	51
0	0
0	56
0	0
0	0
0	0
0	71
0	49
1	71
0	71
0	71
0	16
0	11
0	2
0	2
0	0
0	0
0	0
0	0
0	0
0	0
0	0
0	0
0	0
0	0
0	0
0	0
0	0
0	0
0	7
0	0
0	0
0	0
0	8
0	11
0	6
0	2
0	5
0	5
410	215
2	215
0	1
1	1
5	179
1	27
0	124
0	179
0	148
0	141
1	158
71	19
0	123
2	134
1	30
4	14
2	24
1	27
0	25
359	9094
11	2139
1	1262
0	2511
19	6462
26	2244
1	9
8	656
11	318
27	671
1	305
0	644
0	277
3	340
0	200
0	3
1	21
0	62
1	71
4	57
0	64
0	2
0	1
0	1
0	1
1578	1366
2	1316
10	1
14	0
3	0
0	0
0	0
2272	22
6	0
1	0
0	0
6	0
249	0
0	1
0	1
30	0
0	0
0	0
11	571
42	571
1	120
5	152
25	134
3	0
7	1253
0	529
4	1028
6	380
10	1195
140	72
0	72
9	0
61	3566
11	3743
2	3631
41	208
8	496
9	768
2	86
2	0
5	189
1	11
46	1450
4	214
42	1442
2	51
1	158
1	232
20	99
0	0
0	69
0	1
0	3
0	0
69	0
0	0
0	32
0	32
0	0
0	0
0	0
0	65
13	140
2	75
0	22
68	77
13	72
1	23
6	1
2	729
23	1521
0	1516
2	25
1	153
0	191
0	12
0	0
0	0
0	0
94	2
0	0
37	1156
5	876
1	1030
3	100
6	84
4	151
0	55
11	210
1	7
0	10
0	2773
15	6
1	2763
4	2696
1	512
9	723
1	1799
4	98
0	35
4	328
0	615
0	2
0	2
0	2
0	2
0	2
0	2
0	2
0	2
0	2
0	2
0	2
0	0
0	0
0	0
41	680
0	0
2	304
0	0
1	484
1	226
0	394
0	203
0	0
8	0
473	9781
226	9781
50	550
4	761
0	555
0	80
0	53
0	0
169	3271
4	1080
227	2014
5	3119
0	428
0	81
59	33
4	49
35	55
2	345
68	32
0	0
522	6
185	10113
7	9660
0	9878
3	9819
7	912
0	621
37	1072
608	1671
118	1827
6	525
89	1444
0	0
0	0
0	0
0	1
0	1
0	0
0	0
0	12
71	12
0	0
2	0
0	0
0	1
3	1
0	1
0	1
0	1
0	0
530	14
89	109
5	515
1	81
2	8
9	148
0	105
4	9
65	352
6903	1776
43	1756
2	542
0	0
2	218
2	1
0	0
0	1
2	0
0	255
23	389
0	379
19	174
3	360
12	1
11	54
41	194
0	194
0	0
0	0
0	0
0	0
0	0
0	73
0	0
3388	1055
23	197
111	0
7	781
0	0
6	33
2	2
0	41
6	2085
0	30
3	37
112	663
0	2084
1	14
2	109
11	1179
14	1594
0	356
264	190
2	68
18	0
6	131
0	2
0	2
0	2
7	457
0	111
12	457
100	503
33	3
0	52
0	45
14	451
5	75
0	43
0	99
0	52
11	72
131	78
0	1432
10	1413
1	3
25	440
2	52
0	1459
5	95
0	162
142	1023
0	1354
12	14
6	49
0	26
0	100
0	75
1	20
15	40
0	128
17	174
2	67
3	1
4	1
2	13
0	12
0	11
6	597
39	1640
0	1631
0	1427
0	1416
0	926
0	964
0	1413
0	905
3	146
90	1208
12	1184
0	452
31	1521
83	1493
17	1332
5	297
1	0
1	331
0	582
15	1
51	580
2	1
1	463
1	404
0	0
0	2
0	0
0	0
0	0
0	2
0	0
130	2302
0	431
0	41
13	700
12	617
3	153
5	2170
13	95
2	68
0	56
0	259
0	61
0	144
0	374
3	332
0	0
0	0
0	0
20	0
9	0
0	0
1	0
105	942
59	942
4	5
0	3
0	3
0	2
0	2
0	3
0	3
1	2
0	0
0	0
0	0
0	0
0	0
0	0
5	14
0	11
0	6
0	10
0	0
0	0
0	0
1	0
0	1
0	1
0	2
0	2
0	2
0	0
3	1
0	0
0	0
1	0
1	1
4	48
0	0
0	0
0	0
1	1
1	15
0	8
1	4
0	8
0	5
1	0
0	0
2	1
1	3
6	0
8	69
0	186
0	186
3	489
10	473
1	474
7	174
1	470
0	0
2	23
13	43
0	37
0	286
3	24
0	37
5	10
15	2
0	2
0	1
0	0
484	8
4	4
0	1584
0	1548
0	641
0	678
1	579
0	660
0	600
1	521
0	217
2	372
0	55
0	12
19	8
16	30
0	10
0	0
11	690
2	444
4	298
0	100
180	0
64	1636
44	1737
8	177
1	424
0	85
9	143
0	654
6	612
6	195
0	0
381	3217
7	3183
81	59
0	92
2	36
0	4
8	4
153	0
2	28
2	4
0	2
211	2
1	16
0	41
0	0
0	0
4	2
0	0
0	5
4	154
0	130
377	1487
0	1429
0	1008
3	590
26	515
0	431
0	451
0	0
0	0
196	415
0	415
11	21
1	2
4	0
2	0
1	3
0	0
115	574
9	527
5	88
0	111
0	113
14	73
2	121
0	0
0	0
1	2
0	0
0	24
0	0
1	0
369	2
0	0
0	0
0	0
2	0
33	21
0	0
0	0
0	0
0	0
0	0
0	0
0	0
0	0
1	17
0	0
0	0
0	0
0	0
0	0
0	0
0	0
0	0
0	0
1	0
0	0
0	0
0	0
0	0
5	0
0	0
0	0
0	0
0	0
1	0
0	0
2238	472
0	230
384	0
87	0
270	0
136	238
0	0
371	1770
1405	1879
8	735
1	218
0	0
0	0
0	0
0	0
0	0
0	0
0	0
0	0
0	0
1	0
0	0
12	23
0	8
0	20
0	4
0	0
1	0
0	0
1	0
2	0
0	0
0	0
3	0
2	0
3	0
4	0
1	0
8	0
1	0
0	1
0	0
0	0
0	0
0	0
154	442
0	440
57	3827
35	3827
3	214
62	211
12	60
5	57
9	125
0	0
0	107
0	0
0	12
0	35
0	5
0	32
0	34
5	0
0	0
0	0
1	0
0	0
0	0
0	0
0	0
24	0
0	0
0	0
0	0
4	0
1	0
1	0
38	3
0	3
0	0
2	0
0	0
1428	0
1	1
0	1
0	0
0	0
0	0
0	0
678	29959
0	29525
1	3980
2	1631
1	2748
0	1159
2	1815
9	0
9	0
11470	2889
1	0
0	1834
0	1051
508	2
19	0
43	0
3	1511
25	1183
23	1447
5	1175
23	3
8	378
14	429
20	271
26	392
9	534
0	42
108	230
8	528
11	309
4	309
3	218
0	84
0	121
0	26
14	73
24	16
3	1300
2	1300
0	70
86	1320
0	399
0	1299
28	1300
0	2371
447	2549
0	2463
1	2371
264	1991
0	641
0	151
402	346
14	40
0	0
16	0
0	2
0	2
0	2
0	2
1	0
0	0
7	148
0	1
0	0
0	0
0	1
0	42
103	776
31	773
0	0
71	167
80	1809
0	1814
0	189
0	117
9	1478
0	0
14	16
99	28
0	43
58	9
0	0
0	0
0	0
1	0
0	0
0	0
0	0
9	0
0	0
7	0
0	0
0	0
0	0
0	0
0	2
2	2
0	0
0	0
0	0
0	0
0	0
25	0
0	1
0	2
0	1
0	2
0	2
4	1388
0	1518
0	738
6	308
75	813
207	866
7	128
3	78
0	34
0	0
0	1
0	1
0	0
67	5498
9	5498
23	3002
45	18
5	389
0	0
0	0
18	3623
5	228
1	44
9	128
1	74
0	0
0	235
4	11
12	2338
1	9
1	0
0	0
0	0
0	0
1	0
25	3279
0	3218
9	94
0	2410
10	2174
79	57
113	95
0	1
1	1977
4	2384
0	3353
0	0
1	1928
0	1521
7	2980
0	2535
0	1518
0	229
0	80
5	5
0	125
6	167
2	0
4	0
3	25
2	29
0	7
1	18
0	22
0	1
0	3
1	5
12	5
0	0
1	668
15	761
2	105
0	46
0	127
1	85
0	0
232	4171
128	266
5	828
4	195
0	2905
0	0
16	83
0	90
1	1613
14433	203
19	717
8	201
240	1529
0	1218
0	998
3	172
2	1140
38	1138
0	0
0	29
0	27
34	25
0	21
0	0
0	0
0	0
0	0
0	0
9	915
1	901
7	844
0	908
3	901
1	731
57	184
36	2
8	96
0	0
115	0
37	1393
23	25
323	2463
1	1360
4	506
0	428
2	277
0	381
0	632
15	3908
22	3661
24	3667
73	3650
1	502
0	350
0	3000
26	45
0	434
0	0
0	0
7	0
0	0
0	0
0	0
1	17
6	45
1	47
0	35
1	9
8276	6
0	0
0	0
0	0
0	0
0	0
0	0
0	0
391	1160
5	1004
0	8
0	58
3	123
5	106
0	0
0	0
0	0
0	0
3	1
5	547
1005	1159
6	316
22	250
3	565
673	252
85	254
26	77
0	0
30	1112
2	1112
0	0
0	0
13	145
18	175
0	83
0	35
7	8
0	0
26	1297
136	1434
4	344
10	138
10	125
85	29
0	2
0	19
1	5
0	8
6	3
0	0
0	0
268	40
0	38
5	0
8	0
0	18
1	18
0	18
0	17
0	18
0	0
0	0
0	0
0	0
0	13
0	0
0	0
0	11
0	5
0	81
662	82
1	17
0	42
0	408
10	5
2	150
13	386
0	268
0	0
1	0
2	105
63	591
0	2
0	0
134	0
1	589
0	1
0	0
0	0
0	0
0	0
0	0
10	0
0	0
0	0
0	0
0	0
0	0
0	0
0	0
0	0
0	0
0	0
0	0
0	0
0	0
0	0
0	0
0	0
0	0
0	0
0	0
0	1
6	48
0	13
0	35
0	0
0	0
0	16
0	15
0	0
0	0
0	0
0	0
0	0
3	0
0	7
2	4
0	0
0	0
0	0
262	558
36	510
31	493
22	432
0	0
3	105
3	4
0	0
0	0
434	53
1	53
284	1649
0	1649
115	0
0	0
0	0
2	42
1	42
0	41
0	42
0	0
0	36
0	0
2	0
0	0
0	1
0	0
0	0
0	0
0	0
0	0
0	0
0	0
0	0
0	0
0	0
0	0
0	0
0	0
0	0
0	0
0	0
0	0
0	0
0	0
0	0
0	0
0	0
0	0
66	1814
0	1
0	0
0	0
0	0
3	18
2	0
0	0
31	20
0	0
0	2
6	1
520	1398
0	1048
0	0
0	3
2699	674
2	256
0	1
0	0
6	0
0	0
1	0
0	1
78	613
0	12
101	331
0	0
2	3
0	0
0	0
0	0
0	110
0	0
0	0
0	0
0	0
0	0
407	360
0	0
127	442
5	217
0	0
0	2
0	0
7	1
0	0
0	0
0	0
879	22
653	360
0	0
0	441
115	25
0	0
23	2
0	0
0	0
1	0
0	0
565	2611
67	662
0	0
0	0
0	0
2	1
0	0
0	0
0	0
94	4640
76	4454
182	2025
0	0
1	2
0	0
0	228
0	0
0	0
0	0
81	4466
66	4280
0	0
0	2025
0	0
4	2
0	0
28	228
0	0
0	0
16	0
0	0
526	2611
35	642
0	0
1	2
5	1
0	0
0	3
0	0
5440	9
0	0
3	0
0	0
0	0
0	0
0	0
0	0
0	0
0	0
0	0
0	0
0	0
0	0
0	0
0	0
0	0
54	119
0	119
43	1272
1	1214
1	99
0	79
3	32
5	32
3	18
0	4
7	183
0	183
0	179
0	44
657	296
2	254
13	42
1426	168
1	166
7	80
2	76
0	75
0	0
0	0
0	0
0	0
611	831
32	831
3	0
0	0
0	0
0	0
343	568
87	568
2	291
25	291
1387	102
0	101
228	18
1	54
7	89
36	1
23	4884
91	5349
2	812
86	69
0	0
505	211
147	211
0	2345
17	2135
0	2256
65	1832
0	148
255	1361
30	4
78	404
32	360
0	70
0	0
47	238
43	215
82	79
4	57
112	1338
4441	1338
38	0
0	226
0	230
4	50
0	39
5	0
0	0
0	0
0	5148
0	5289
205	5262
143	0
0	173
0	1
0	110
0	128
0	32
0	52
0	74
0	85
0	130
0	128
0	130
0	96
0	29
0	17
0	0
2	0
0	0
2	0
0	43
0	33
0	0
0	1
0	0
0	0
0	0
1603	1910
25	80
2	73
17	1839
0	650
1	0
696	0
10	2112
65	2062
8	313
243	245
16	0
0	0
1813	8
0	0
0	9
0	0
0	0
0	9
0	0
0	0
0	0
0	0
0	0
0	0
0	0
1	0
8	0
1815	8
0	0
26	40
0	4
0	4
0	0
0	0
3	218
38	218
0	0
0	0
0	0
0	0
0	2
0	2
0	2
0	0
0	1
0	0
0	1
0	1
0	1
0	0
0	1
0	7
0	8
0	0
0	8
0	8
0	5
0	0
0	0
0	0
0	5
0	0
0	1
0	1
0	0
0	4658
160	4701
0	4620
0	229
0	638
180	1461
12	1461
0	579
11	2
0	2
4	0
0	0
447	3112
86	3120
3	932
1	101
0	184
29	0
1	6
5	0
5	0
47	6
29	2628
46	2750
11	881
0	0
9	0
0	106
0	248
12	47
1	31
0	35
0	18
0	29
13	0
15	22
0	4
0	4
0	2
0	0
0	2
0	0
0	0
1	0
0	0
2	21
0	0
0	20
0	818
1	685
1	793
4	745
0	789
0	67
0	15
0	45
0	40
0	519
0	0
0	0
4	352
0	98
20	453
24	33
0	371
0	4
1	86
3	63
6	61
4	1
0	57
10	54
0	7
1	3
3	48
0	3
0	18
12	42
0	25
0	10
0	0
10	18
0	6
13	6
32	1186
265	1172
8	1475
14	1733
779	1733
16	973
0	0
0	0
64	306
2	0
36	0
64	0
6	353
63	104
9	34
3	968
0	856
1	770
0	1079
2	914
0	192
2	252
51	83
0	959
0	344
0	835
0	7
0	531
0	182
2	263
413	461
38	14
0	408
18	371
6	0
2	8
0	31
23	30
11	0
1371	162
0	77
21	83
433	226
8	123
0	28
2	135
1	6
32	6
54	2518
0	2205
0	2321
54	1986
1	2317
1	2303
0	1958
5	141
24	429
4	115
151	0
27	40
0	0
2	40
3	8
985	550
0	414
0	134
1	0
626	2
630	1339
5	688
14	410
2	1034
9	75
2993	348
0	0
13	117
1	209
11	0
11	4
50	0
6	0
30	14
44	2
65	2
0	0
0	0
102	2
444	866
2	143
8	284
5	191
1	247
13	134
0	107
0	728
16	106
6	56
0	86
5	0
143	0
258	103
0	103
7	12
8	0
0	0
0	0
0	0
0	0
0	0
0	0
0	0
0	0
0	0
0	0
0	0
0	0
0	0
0	0
0	0
0	0
0	0
0	0
0	0
0	0
0	0
0	0
0	0
1	40
2	47
656	40
0	0
3	6
0	0
0	0
0	0
1	340
1	95
4474	1046
5	368
8	541
14	686
0	706
4	0
4	196
0	4
0	4
164	1537
138	1439
143	195
2	177
0	1506
0	173
0	22
0	3
25	3
0	81
0	204
0	7
0	75
0	122
2	816
63	886
1	95
7	105
152	145
1	44
2	85
0	71
6	58
11	78
0	21
3087	5734
189	4481
2	0
10	3928
0	500
0	0
7	231
87	297
84	0
1	3
0	0
0	3
0	0
0	0
18	29
0	29
0	16
0	0
7	1
0	0
0	1
278	338
0	338
22	0
0	0
0	0
0	0
0	0
0	0
2	0
0	0
0	0
0	0
0	0
0	0
0	0
0	0
0	0
0	0
0	0
0	0
0	0
0	0
0	0
0	0
0	0
6	1
0	1
46	31
0	32
0	22
0	22
0	23
3	0
6	0
4	0
0	0
4	90
0	0
0	0
0	0
0	0
0	0
0	0
0	0
0	0
0	32
0	25
0	10
0	25
0	11
18	215
41	55
14	215
1	35
13	24
36	0
15	526
2	572
0	536
0	564
1672	147
5	137
0	67
0	48
0	101
14	47
0	76
0	95
0	14
0	1
0	0
0	0
1	0
0	0
0	0
0	0
0	0
0	0
0	0
0	0
2	0
750	1296
0	1307
0	882
0	880
0	1196
0	1211
0	544
0	902
0	1031
0	558
0	613
0	577
0	383
0	241
0	663
0	235
0	329
0	77
0	19
0	3
0	11
0	299
11	412
0	669
0	107
0	148
0	42
0	73
0	298
0	196
310	617
0	283
96	37
0	2
0	0
0	0
0	0
0	0
5	113
219	1338
28	1344
4	1122
22	292
7	42
56	42
0	22
0	101
35	847
0	477
752	910
4167	2
608	140
0	140
0	426
5759	1698
0	1670
54	14
0	0
0	0
20	1020
14	1023
17	41
8	3
0	1026
0	151
0	0
0	265
28	801
0	820
5	750
0	378
5	99
0	27
0	15
0	98
14	10
55	285
3	44
4	141
0	141
0	0
0	12
3	0
154	0
0	0
0	0
0	0
2	0
3	835
10	1163
10	780
10	522
0	523
8	343
32	730
7	267
3	255
5	54
7	1388
12	0
0	0
1964	0
0	0
55	3969
6	136
0	3969
15	3435
0	207
0	0
1	0
0	0
0	0
0	0
0	0
0	0
0	0
0	0
0	0
0	0
14	0
0	0
4	0
2252	0
2903	1937
0	217
4	1734
8	146
92	26
0	2
2	0
0	1
1	1
0	0
0	1
0	0
0	0
0	0
0	0
0	0
0	0
0	0
2	0
3	1784
1	1786
52	1786
37	0
0	0
0	0
1863	193
39	0
1	193
7	75
8	0
972	672
0	672
10	46
0	0
1	0
0	0
0	0
2	0
0	0
0	0
3	0
0	0
1089	15
3	15
0	0
0	0
0	124
521	750
64	184
151	750
1	5
7	5
0	0
0	0
0	0
0	0
0	300
0	300
0	0
0	0
0	0
14	114
19	123
0	37
0	98
2	49
11	985
7	958
22	877
14	76
0	32
23	258
0	240
25	224
2	11
2	0
30	0
0	0
0	0
0	0
0	0
0	0
0	0
0	0
0	0
0	0
0	0
0	0
0	0
0	0
0	1
0	1
0	1
0	0
0	0
0	0
0	0
0	0
0	0
5	1505
3	1339
5	796
38	735
0	0
0	0
0	0
0	1
0	0
0	0
0	0
7	193
226	196
0	82
0	23
20	1
0	0
0	0
1	1
0	1
47	32
0	0
99	32
44	4
418	564
0	415
25	208
0	553
0	16
3	2341
1	2221
47	2226
4	2033
126	1799
16	349
20	469
0	0
0	123
23	447
0	60
0	33
152	871
1907	1124
6	823
2	781
1	786
1	269
42	293
6	794
9	862
5	365
11	542
0	214
4	4
1	0
0	1
0	0
0	0
0	0
0	0
0	0
0	0
0	0
0	0
0	130
0	240
1	0
0	243
1	106
16	64
218	62
0	7361
1	3889
0	7239
77	3621
57	59
7	250
21	254
8	133
14	123
4	0
3	0
1	187
7	46
10	0
63	243
0	3318
0	0
4	138
14	7
0	7
7	5
0	5
58	1205
14	314
163	4293
0	4382
570	6804
33	5679
5	1081
9	1795
0	109
1715	2
9	2
1	1
2	344
0	0
0	0
0	0
11	22
0	0
0	0
0	0
0	0
0	0
0	0
0	0
0	0
0	0
0	0
0	0
0	0
0	0
0	0
0	0
0	0
0	0
0	0
0	0
0	0
0	0
0	0
0	0
0	0
0	0
0	0
0	0
0	0
0	0
0	0
0	0
0	0
0	0
0	0
0	0
0	0
34	0
472	38734
9	38521
0	38734
0	36628
1	0
0	485
24	0
1	0
0	0
6	4
0	0
0	4
0	0
0	1
30	0
0	1
0	0
0	0
2	1
0	33
514	32
2	316
1	295
0	262
4	865
0	837
5	478
0	838
12	86
1	23
0	16
12	10
0	17
1	0
0	0
0	2156
124	350
0	445
1	2167
0	393
0	1984
0	2027
0	0
0	0
0	0
0	0
0	0
14	148
0	170
1	2278
14	5
0	33
8	789
0	34
0	398
0	2154
0	24
1	1050
0	23
267	13
3	191
0	33
2	1963
0	47
0	5
0	0
69	2
0	1985
29	278
0	135
1	126
0	97
0	73
179	0
170	0
12	37
32	1388
8	0
0	0
971	1621
179	523
12	1482
5	958
31	0
0	0
0	0
0	0
36	18
0	18
1	18
116	1582
1	760
11	1515
3	202
6	291
0	349
3	14
30	3
14	186
6	163
3	137
6	111
1	47
0	30
10	51
0	6
2	6
0	4
0	2
0	1
0	3
0	1305
49	1305
0	1305
8	1267
0	76
0	175
0	188
0	132
5	99
0	0
0	128
1	0
1	0
8	1028
6	265
1	203
8	456
0	1028
1338	1840
6	1840
1	798
0	0
0	90
0	0
0	0
0	0
0	0
0	0
1	0
0	0
0	0
0	0
0	0
0	0
202	1718
39	345
0	7
9	2
4	165
1	78
0	0
7	1664
2	69
2	972
3	7
1	59
0	228
7	70
0	217
0	1
0	17
0	53
0	0
2	21
4	24
2	478
0	478
29	417
0	315
0	0
0	0
0	61
1	7
8	3
874	1238
16	1125
18	212
0	235
4	23
37	23
20	723
0	95
1	627
1	206
2	102
0	62
0	0
0	0
0	52
5	22
19	61
0	101
248	8
0	0
0	0
16	22
0	5
0	18
0	15
0	0
0	0
0	1
0	5
1	0
4	656
4	621
4	268
0	317
0	213
0	198
5	18
19	0
61	0
7	4
0	0
132	2690
8	2064
7	2717
32	318
7	114
0	487
11	1015
1	128
8	148
5	615
0	0
0	0
0	0
0	176
0	411
75	413
0	193
32	12
0	12
36	1081
46	1081
12	120
10	0
0	0
1	0
1	0
0	0
4	0
0	0
0	1
1190	37
1	1
0	0
104	37
0	0
0	0
0	107
1	316
0	307
5	307
6	52
11	56
0	23
46	1115
23	1141
0	0
0	334
2	213
0	18
0	30
0	30
1	0
12	46
0	1
0	0
1	0
0	0
0	0
1	1
0	0
0	0
0	0
0	0
0	0
0	0
0	0
0	0
0	0
0	0
0	0
0	0
0	0
0	0
1	0
0	0
1	0
0	0
0	0
0	0
0	0
0	0
0	0
0	0
4	0
6	0
0	0
0	0
0	0
0	0
0	0
0	0
0	0
0	0
0	0
0	0
43	256
0	0
2	14
0	0
0	0
0	0
0	0
0	0
0	0
0	0
0	0
0	0
0	608
61	692
79	537
251	124
1	0
0	80
0	80
0	72
35	73
2	0
0	0
224	72
0	40
0	63
40	0
4748	6
0	0
6	9
0	0
1	9
0	9
0	9
0	0
0	4
0	5
0	4
0	1
0	4
0	0
0	0
0	0
0	1
0	1
0	0
0	0
0	1
0	1
0	0
0	0
172	0
7	0
8	0
6	0
1	0
0	0
1	0
0	0
0	0
0	0
0	0
0	0
0	0
1	0
0	0
0	0
0	0
2355	0
73	0
0	0
0	0
0	0
1	193
42	263
14	3
20	0
4	96
1	52
12	43
6	49
3	0
14	10
31	349
0	734
183	855
2	45
3	0
0	0
0	117
0	0
0	0
0	0
0	0
0	0
0	5
0	1
0	1
0	15
0	35
0	35
0	23
0	25
0	27
0	26
0	11
0	17
0	32
0	26
0	32
0	34
2	5
3	5
0	17
16	14
2	17
2	29
0	14
0	25
1	26
0	20
0	13
0	0
0	13
1	7
0	2
22	18
0	14
4	18
1	22
212	0
0	0
0	0
0	1
0	1
4	3
2	3
0	0
29	0
0	0
1	0
473	2
22	2
1	2
3060	986
3	759
6	290
21	0
2147	6324
36	6258
0	1459
36	2133
0	0
0	247
120	0
103	0
56	0
270	0
147	0
1	0
0	7
2	0
15	7
6	0
0	0
44	61
0	60
0	60
0	0
0	0
0	0
0	1
0	0
0	0
0	0
0	0
0	1
0	0
0	0
0	0
1	0
0	0
0	0
0	0
0	0
0	0
0	0
0	0
0	0
0	0
0	0
0	0
0	0
1	0
3	477
181	543
0	252
0	241
0	0
0	0
0	0
0	0
0	0
3	198
3	400
0	115
26	563
0	168
21	81
56	142
0	8124
60	8379
11	3917
0	5655
360	5617
0	6030
0	6192
167	2122
103	1122
83	462
22	0
0	904
0	939
3	342
9	604
4	199
19	259
3	823
0	826
1	0
1	84
75	0
5	0
0	0
0	0
1336	1811
51	1805
0	0
7	110
0	29
2	2414
473	530
1	124
4	167
24	411
0	308
3	277
6	3613
0	3795
1	3699
3	10
1	1051
18	751
7	173
65	183
16	72
22	0
0	1
1	1
0	0
0	0
1	323
4	38
0	897
14	917
1	25
10	125
4	84
0	69
9	51
0	0
0	0
0	0
0	164
0	0
0	0
0	0
0	0
0	67
0	69
0	12
0	73
0	69
0	0
3	0
2	0
0	0
1	0
0	0
0	0
0	0
0	0
0	0
0	0
0	0
0	0
0	0
0	0
0	0
0	0
51	29
2	29
0	0
3	8
0	3
0	0
0	0
1277	790
0	369
1	418
0	185
2	0
1077	6170
0	4861
68	5684
2	2319
12	685
184	638
0	384
132	1668
39	1668
55	45
3	136
12	0
0	97
0	0
0	0
0	0
0	0
5	0
5	281
3	200
0	164
3	182
2	17
0	0
0	0
0	0
0	0
0	0
0	1
0	0
0	14
0	14
0	0
3420	0
6	0
4	0
0	0
0	0
0	0
0	0
0	0
0	110
0	77
16	88
0	0
0	157
0	133
0	0
0	0
0	0
0	161
0	0
0	157
0	161
0	0
0	137
0	141
0	0
75	405
6	396
58	30
38	1
0	0
0	0
0	0
0	0
1	4
0	4
0	4
10	128
53	128
0	0
0	2
401	123
0	26
0	0
0	0
0	0
0	0
0	0
0	0
0	0
0	0
1	1
0	1
42	549
0	549
18	437
0	0
0	0
0	0
0	3837
0	3837
2	2591
0	1846
0	676
12	1651
21	1823
28	237
38	1354
2	27
11	2
10	142
1	1
1	1
0	0
1	55
8	95
0	80
1265	1725
2	1725
8	0
0	0
29	76
0	76
0	0
0	0
4	46
0	0
0	5
1	0
0	7
0	0
0	0
0	0
79	1309
8	1134
2	271
0	1308
13	161
1	1271
15	0
6	106
0	70
0	13
322	313
14	9
0	309
6	24
1	60
0	0
1	0
714	472
0	0
9	451
25	255
0	72
0	9
2049	1597
46	1387
6	362
20	63
11	46
9	473
48	30
0	29
1	1
0	0
0	1
287	341
3	38
33	0
0	0
0	329
0	4
21	51
7	0
15	3
0	49
0	0
13	637
4	637
0	639
0	49
0	43
36	0
17	2
0	0
4	0
0	2
0	0
0	0
0	2
0	0
28	8
175	339
0	287
3	17
4	51
29	5
61	38
0	34
84	1380
0	1178
0	1387
3	1368
0	1356
3	1147
0	718
1	254
11	100
2	122
5	91
32	65
0	31
1	24
88	61
0	83
0	24
0	32
487	29
820	59
112	3325
5	2743
44	2994
0	287
4	600
0	172
35	1455
0	516
2	67
9	71
22	71
92	390
29	312
1	44
0	23
10	29
0	60
4	34
2	17
0	79
0	134
0	134
1	34
1	4
0	0
0	4
0	1
0	2
4	3
0	0
0	1
0	2
1	0
4	2
0	2
0	0
2844	0
26	0
292	2839
36	3034
28	2984
0	3107
0	406
0	385
7	5
0	3534
50	3608
178	2333
3	2249
2	2232
0	1436
0	1026
101	0
362	350
75	350
69	101
1	134
0	119
3	6
2	25
2	16
19	0
0	0
0	0
11	0
0	0
0	0
1	397
43	535
6	323
61	306
17	304
8	247
5	43
15	281
8	313
0	1
28	243
1	207
15	212
0	1
0	1
0	1
0	1
1	30
0	584
1	784
14	712
2	620
4	16
1	21
1	47
0	669
5	14
0	0
1	143
1	211
5	158
0	105
0	109
0	111
9	43
20	2
26	306
3	135
0	62
7	22
2	159
1	44
0	738
3	796
1	728
2	10
0	557
0	81
99	281
0	37
0	0
86	184
16	2
6	50
0	43
0	0
4	51
1	312
0	354
5	50
0	336
5	116
2	93
1	28
16	1132
1	1037
6	239
29	510
0	43
97	2698
3	566
26	2264
2	1098
9	417
1	1513
26	1585
1	478
0	16
0	16
0	1
0	3
203	5024
40	5024
10	3
0	1
0	0
0	2
16	432
73	432
4	14
6	23
0	5
2	466
0	482
1	511
0	467
3	430
24	12
0	12
0	0
29	13
0	3
0	10
4	436
1	152
6	354
6	537
1	399
0	226
9	162
6	18
33	15939
207	16157
1435	16816
16	10825
237	15815
0	14540
3	11747
0	10703
65	6827
0	5341
211	625
0	583
4	177
0	145
3	133
0	9
8	15
115	4804
0	5272
161	2197
6	5072
16	453
25	198
3	1248
31	910
0	1294
0	1001
2	502
0	63
649	63
3	21
4	185
0	1351
0	1924
3	1836
17	1800
0	18
0	370
0	239
0	1083
59	903
7	912
3	95
0	10
8	54
3	247
2	254
0	0
6	279
0	225
8	246
0	117
2	52
0	47
10	0
0	8
103	8
2	88
1	88
1159	541
0	268
0	297
0	228
0	204
1	61
1	68
0	51
139	1417
7	198
3	659
0	1043
65	288
8093	16
8	0
19	0
0	0
231	800
61	800
0	2
0	15
0	15
0	15
0	17
0	17
3	6
0	6
2	177
1	40
14	177
1	175
5	173
6	13
362	150
10	134
9	0
0	38
1648	0
9	0
1595	474
2	190
6	187
13	69
2	6
2	124
247	0
2	344
3	593
0	410
0	53
0	32
0	22
0	16
0	18
0	1
0	9
0	1
0	0
0	7
1	24
0	24
3	2
0	1
0	0
3	163
20	281
12	223
4	62
0	23
8	38
0	23
0	37
0	37
0	37
0	25
0	8
1	16
0	0
0	2
0	0
1182	1
5	1
14	0
50	15302
18	9163
94	11231
41	10894
5	11851
1	6124
3	8642
1	4909
0	0
0	45
0	749
0	42
0	24
1	24
0	24
0	24
0	718
39	691
39	2
0	54
50	658
0	0
2	0
0	0
0	0
0	0
0	4
0	0
0	4
0	0
2	0
52	407
3	479
21	562
0	102
3	13
6	76
5	40
0	7
43	2498
17	3026
47	2924
0	2997
24	1
12	1358
1	1502
0	1506
3	207
2	1504
0	1196
28	1215
0	638
12	350
14	197
3	165
14	772
1	379
97	253
56	264
73	137
2	11
7	1111
1145	1491
0	3
30	1
44	0
0	356
0	359
5	408
7	105
1	108
0	21
0	18
37	50
1293	193
1	108
5	88
19	54
8	40
12	235
20	270
1	223
0	167
3	40
221	262
2	72
25	190
928	0
1	15
1	18
15	1474
4	1295
2	1424
0	1240
2	1291
14	69
2	371
2	33
0	1430
24	602
3	602
36	382
28	304
0	666
0	627
17	581
8	500
6	53
23	530
9	618
0	110
1187	0
0	0
0	76
296	116
0	116
5	152
26	101
567	1229
1	232
3	427
5	369
20	585
16	0
0	1
0	1
1	1068
0	0
0	1070
1	27
0	130
0	38
83	209
3	1089
1	861
2	1839
3	1159
188	859
2	573
2	1474
2	24
7	16
0	5
1	1
0	2
0	21
0	0
0	5
44	3583
8	1398
148	2397
27	78
0	77
0	0
0	4
2	7
0	6
0	5
1	14
0	13
0	738
3	720
3	139
0	725
29	647
0	19
7390	2
0	2
3	57
15	290
0	301
0	292
0	239
1	4
0	43
0	14
14	23
1	79
0	78
3	24
13	15
20	0
0	2
0	0
0	0
0	0
337	361
5	22
6	0
0	342
180	9
0	400
1	9
3	8
11	2
0	2
928	767
0	461
3	397
20	60
0	37
0	477
1	46
1	108
0	9
3	65
0	0
0	53
10	0
49	31
0	24
0	11
0	59
0	0
0	0
0	0
0	0
0	0
0	0
0	1
0	1
0	0
0	0
0	0
0	0
0	0
0	0
4	9223
846	11580
168	169
3	11411
0	0
3	0
2560	656
1	110
2	650
33	74
0	74
4	0
0	1
0	1
0	0
927	2686
112	2684
201	276
0	39
0	44
0	24
6	44
0	80
6	98
17	107
0	2
40	753
309	0
29	1300
14	1151
35	102
8	1151
391	1011
63	43
237	2
2	18
0	18
0	0
19	139
0	139
0	1
49	826
28	839
0	16
11	183
0	0
1	44
1	47
14	60
3676	472
2	472
43	0
106	0
532	0
8	33
0	0
0	0
2710	972
2	969
2	3
4	38
111	52
4	36
0	4
0	4
0	4
0	5
0	5
0	4
0	4
0	4
0	0
0	0
219	1354
643	1467
27	1354
0	477
18	11
0	124
30	3
5	43
71	85
0	85
75	0
3	0
0	0
0	0
21	983
0	1118
23	1119
0	0
58	22
1	0
0	0
0	0
5	91
0	0
0	0
0	0
0	0
0	0
0	0
224	219
0	219
2	1171
0	11
63	1149
11	8
4	93
5	35
0	197
1	693
5	20
0	0
353	693
1	116
0	71
0	77
0	95
0	677
1	77
0	0
0	83
2	176
0	0
299	104
1	104
119	2424
5	2424
6	2411
5	399
4	127
0	0
0	0
250	112
4	112
0	3
0	0
0	0
12	81
0	0
1	567
0	0
0	0
0	0
0	0
5	131
0	0
0	0
0	0
0	0
0	0
0	0
0	0
0	1
0	0
0	0
0	0
10	0
2	0
1	2
26	4216
0	2560
0	4386
13	264
0	2942
3	2431
0	65
0	0
0	0
59	397
1	360
1	363
0	0
0	0
0	0
51	0
2	0
7	0
36	677
62	156
0	677
3	666
8	16
0	0
11	0
610	179
1	176
0	39
0	0
0	0
0	5
0	0
406	253
28	253
1	5
0	1
0	0
0	0
2	0
0	0
0	0
0	0
0	0
0	0
0	0
0	0
0	0
0	0
0	0
0	0
14	141
99	1708
10	1710
33	377
0	1099
0	1192
0	1101
6	882
0	181
0	252
6	854
0	0
35	0
5	0
3	46
0	0
0	0
200	898
51	898
3	324
0	446
0	9
0	0
0	0
0	0
22	240
0	1500
4	868
0	867
0	960
14	500
34	0
0	265
1	90
0	0
0	0
2	0
127	362
63	362
45	0
0	0
1206	1088
64	1088
5	256
9	207
26	603
1	0
0	0
0	0
0	0
0	0
0	0
72	6492
35	6427
10	195
1	311
7	337
4	428
3	2
3871	3399
86	3395
22	88
0	0
11	210
9	306
45	306
0	0
0	126
0	0
0	0
0	1
1	94
736	94
0	0
0	0
9	127
0	0
0	0
5	0
0	0
0	0
3534	6409
10	6182
4	294
2	42
9	79
11	360
29	115
11	1078
55	1078
0	0
0	49
15	0
0	0
0	0
2047	747
43	747
0	1
0	1
13	0
0	0
0	0
0	0
0	0
10	31
3	598
0	670
6	690
0	1100
0	0
0	0
0	627
0	582
0	658
404	1088
0	6
0	39
0	548
0	0
1	0
25	109
3	603
4	17
0	0
1	0
0	0
0	0
3	164
1	150
39	184
5	66
0	20
2	17
0	32
1	11
0	4
6	22
0	0
0	0
0	0
58	883
79	1028
164	1082
2	307
0	377
12	244
35	76
0	0
840	87
21	87
70	27
14	0
3	0
0	2
0	2
24	319
125	319
0	56
1	0
0	0
7	1139
18	1158
20	302
4	136
71	44
0	38
0	0
0	0
1	0
1	2
0	2
0	9
0	19
19	623
8	605
0	237
1	130
3	102
15	37
1	7
0	0
2	2
0	1
0	0
0	0
0	0
0	0
778	1185
79	1185
15	1258
0	1614
1	2462
3	2284
27	2799
0	2216
15	394
0	86
0	592
19	663
2	659
0	748
0	245
0	439
3	12
21	245
0	0
10	0
0	0
359	1902
7	1902
1881	378
1	270
4	108
1755	3382
25	84
6	84
0	11
3	3297
0	3020
89	1185
18	266
2	38
9	224
29	299
67	408
43	2828
96	2206
1	2476
0	2713
0	2713
13	2740
22	500
16	2952
7	3093
87	3096
57	3107
19	176
0	0
7	680
9	308
5	63
0	0
0	0
412	976
4	963
0	957
0	938
0	924
1	75
2	894
0	0
0	0
6	2
1	2
0	0
0	0
0	102
1	57
2	68
413	86
0	52
2	34
766	1151
1	1151
1426	2
14	2
3	5
0	4
0	5
7	0
0	0
65	35
0	24
0	6
2	9
0	5
0	0
0	1
2	1
0	1
17	27
1	24
1	3
3	0
65	0
86	0
0	524
36	79
70	163
168	524
0	0
29	1241
115	1241
1	38
9	25
33	25
50	1680
246	1699
4	664
0	60
0	2
4	36
1	36
0	0
0	10
0	12
0	7
0	0
0	0
2	0
937	0
0	0
0	0
0	0
0	0
269	2
1042	0
1625	0
311	371
4	149
0	206
0	63
47	189
6	164
1	137
0	109
4	40
2	7
0	11
5	15
0	0
5	208
0	1
0	20
0	210
0	177
0	204
3	16
2	7
5	79
1	4
7	6
3	13
2	2
0	0
0	1
1664	2
1	0
2811	1337
55	998
1	690
3	533
7	70
0	97
0	2
0	195
6	1146
0	1173
0	43
0	140
0	354
1	1118
0	390
0	267
4	107
91	1060
0	107
7	65
0	116
3	251
0	265
2	268
0	996
0	191
0	315
0	331
13	191
7	28
2	63
4	53
14	236
1	280
10	13
1	0
0	12
0	42
0	45
0	6
0	6
1233	742
0	713
6	794
26	619
0	2
0	737
4	0
0	86
2	86
1020	0
6	173
87	1619
0	1694
0	878
3	121
0	307
1	433
10381	13719
22	10724
64	2988
30	1405
3	2
2	2
0	1406
14	1249
103	624
10	1235
7	1200
11	257
0	0
0	117
10	121
9	69
5	3
19	1001
6	1018
3	333
7	72
7	26
0	48
0	6
0	6
0	260
2	230
0	52
0	67
0	68
63	261
0	63
1	21
0	21
0	17
0	4
119	0
0	1
0	4
0	0
0	0
0	0
0	0
0	0
0	0
0	802
11	917
6	609
8	640
0	769
1	121
4	350
3	115
0	20
8	36
0	15
84	6584
142	7139
18	1195
24	3300
9	6467
17	2204
0	6406
4	3192
6	0
5362	0
21	2275
7	2412
37	1469
5	64
0	1584
15	1584
27	1584
1048	591
10	539
0	75
10	12
2535	0
27	3649
44	2344
1	3655
1	276
110	3517
22	318
0	0
7	44
0	6
0	6
0	807
0	793
2	275
1	626
0	458
0	0
0	78
0	71
3	51
1	116
1	0
20	482
0	362
30	104
4	88
4	91
1	341
2	41
1	80
0	375
0	347
41	374
0	143
0	82
0	153
32	273
2	190
0	131
0	79
77	675
15	510
4	461
83	251
3	777
0	508
3694	1097
29	806
9	180
47	58
0	58
0	0
0	0
779	1174
0	0
0	1
0	1
0	0
0	0
6005	175
128	62
0	109
9	98
4	3
0	198
3	155
6	606
1	732
15	50
0	524
1	100
0	0
0	6
0	6
0	5
0	0
0	0
0	0
317	76
2	65
0	26
0	0
0	1
0	1
680	426
19	391
0	23
0	139
0	135
5365	955
3	955
5	0
3	0
48	1063
4	1028
0	1057
37	657
0	386
0	0
4034	506
46	124
0	0
40	410
36	99
8	82
28	251
638	1491
7	306
6	212
26	205
7	95
0	0
26	6
1	315
0	845
0	0
0	0
0	12
0	16
0	15
0	15
0	15
0	15
1	0
0	0
0	2513
59	1703
0	1971
1	1277
0	0
0	0
807	12
8	9
0	9
0	0
2474	556
105	556
14	0
3	0
0	0
0	0
0	0
24	1103
0	0
0	0
0	0
0	0
0	0
0	0
0	0
0	0
0	0
0	0
0	0
0	2
0	6
0	3
0	5
1	0
0	2
0	1
0	1
0	1
0	1
0	2
0	0
0	2
0	0
0	0
0	0
0	0
0	0
1	93
1	100
0	94
0	11
0	4
0	7
0	7
0	0
0	0
1	770
0	94
5	666
68	140
0	441
0	129
78	1133
0	1081
0	0
0	0
15	24
5	559
5	24
0	7
0	7
1	1718
0	1863
1	1857
8	101
10	177
10	725
0	881
1	881
3	881
1	68
0	244
2	21
1343	771
5	152
81	267
19	334
9	247
0	277
0	0
1001	5025
559	5025
390	0
2	3949
145	1
48	1
0	210
0	204
3	122
0	208
4	2484
7	2197
0	2485
11	596
0	2176
2	1826
0	2575
0	2479
0	0
0	0
63	916
1	355
32	21
1	25
0	0
0	0
167	0
0	0
0	3
0	0
0	0
319	154
9	154
1	62
0	0
0	0
0	0
0	0
0	0
0	0
2	0
12	3770
4759	96
20	1
0	3828
4	1
4	1
0	0
0	0
92	0
46	2
77	2
0	2
9	565
7	3061
0	3230
44	1011
0	6
46	600
100	4
71	9
14	0
0	0
0	1937
3	70
17	202
0	1763
1	1838
4	211
4	116
18	631
1	208
4	132
40	0
3	55
11	1530
0	1531
32	1558
21	842
1	456
0	384
2	75
1	78
0	58
98	6
0	0
0	0
0	0
0	0
0	0
0	0
0	0
148	361
0	360
0	0
0	30
9	0
18	52
52	1
28	0
0	12
0	15
485	1044
48	545
215	767
52	690
0	353
0	119
0	0
0	0
59	0
3	418
27	0
0	0
89	0
0	0
37	0
0	0
2	98
0	0
0	0
0	0
0	11
0	11
0	0
0	0
0	0
0	0
0	0
0	0
0	0
0	0
0	0
0	0
0	0
0	0
0	0
0	5
0	6
3	3
0	0
1	2
4	0
0	1
1	2
2	95
45	95
189	0
1	4
1	4
0	0
17	448
2062	1113
2	792
1	829
8	405
4	0
122	803
0	777
2	803
11	133
29	0
2	44
0	0
0	34
1	34
0	0
6	0
0	0
0	0
0	0
14	0
62	71
1	71
0	11
0	0
204	69
0	14
0	34
1	0
0	29
9	59
4	59
2	20
0	0
190	27
0	8
0	2
2	1
1	7
1	10
133	0
2	0
0	0
0	0
0	0
0	0
0	0
0	0
0	0
0	0
0	0
0	0
0	0
0	0
0	0
0	0
0	0
0	0
0	0
0	0
0	0
6	0
1	0
0	48
2	14
10	108
0	121
205	90
0	23
0	0
1	0
0	4
0	0
0	27
4	3
5	54
6056	1820
0	1382
0	466
1	434
1571	1549
7	617
5	1448
6	233
0	970
0	907
7	52
9	121
0	914
0	110
15	0
2	54
376	79
0	68
6	11
1534	0
859	100
3	95
6	89
5	0
267	361
0	361
996	1308
3	1346
334	1101
1	0
0	1698
4	116
1	1680
1	253
1	2547
0	1676
3	2
5	1327
45	0
0	300
11	0
0	0
0	0
0	3
0	0
0	0
3	0
1	0
0	3
53	80
6	80
0	0
243	3883
50	3668
0	1349
1	945
0	1124
35	694
2	110
1	0
33	0
3	4
13	634
0	37
2	340
0	578
3	37
0	0
2	41
0	144
0	144
33	677
9	61
22	56
3	625
0	46
2	111
691	681
0	111
5	100
0	68
0	25
0	469
1	469
1	365
2	313
0	309
2	282
0	237
0	221
0	198
5	57
0	11
3	1762
5	1270
118	125
73	411
2	1573
60	0
9	77
74	0
1889	1196
73	1030
1	254
0	199
7	504
7	841
1074	2141
38	0
3	2139
11	1036
0	0
82	0
0	0
0	0
1398	406
5	67
1	67
0	53
2	74
0	341
39	0
116	1040
9	1047
0	522
24	157
0	104
4	312
32	20
6	327
0	13
89	7
1	0
923	755
2	537
0	483
0	79
0	472
16	98
50	47
0	62
0	161
306	1053
1	75
11	728
0	251
0	284
14	474
7	487
18	3852
105	3854
2	223
20	102
211	10
2	10
0	2
0	28
0	68
2	68
0	0
0	7
0	7
9	359
0	135
2	1559
1	1304
8	1475
1	2
0	222
0	421
0	327
2	1
0	157
0	170
0	314
0	268
1	60
1	247
21	61
1	0
0	10
5	2
10	51
2	50
1	0
0	0
0	0
0	0
103	587
8	461
2	107
0	0
0	119
0	57
0	507
8	554
31	518
1	77
0	425
0	4
1	115
0	28
0	0
0	69
0	0
3	21
0	19
7	28
0	0
6	7
0	10
1	10
0	2
0	2
0	2
0	2
0	2
1	2
0	0
0	0
0	0
0	0
0	0
0	0
0	1
0	1
1065	0
327	308
4	23
10	216
8	108
0	88
6099	36
4	34
59	447
4	692
1	561
2	200
12	424
0	101
4	63
1	19
80	708
359	1482
1	921
0	347
2	265
4	164
43	193
0	163
8	54
1	98
0	0
185	0
0	0
0	0
1	0
0	0
0	0
0	0
0	0
0	0
0	0
0	1
0	0
0	0
0	0
0	0
0	0
159	13
2	13
0	0
1	72
4	522
0	517
0	531
12	517
0	49
0	74
1	34
0	143
0	7
1	0
79	274
1	56
10	59
5	24
0	20
0	197
0	14358
4	13612
14	14060
104	2732
10	13068
0	528
0	1056
111	1
0	433
17	564
56	67
69	3852
4	0
0	472
0	0
1	599
0	0
0	0
63	3128
18	45
60	1747
112	0
3	29
0	20
0	29
0	0
0	0
0	0
0	0
6	829
5	0
2	483
13	483
6	6
8	212
4	15
2760	1111
2	344
1	629
1	0
37	72
1	0
0	0
0	0
0	0
2	0
0	0
0	0
0	0
0	0
2	0
0	0
0	0
0	0
0	0
0	0
18	12
0	1
0	0
0	0
0	0
0	199
0	0
0	0
0	0
0	6
0	6
0	6
0	4
0	6
0	0
0	0
0	0
0	4
0	1
0	0
1	0
0	0
0	0
0	0
48	603
0	0
0	0
0	4
0	0
0	0
0	0
0	0
718	573
0	79
12	0
19	494
3	0
0	0
10	0
70	1376
0	0
0	0
0	0
0	0
0	0
0	0
0	0
0	0
785	3
0	3
15	1
2	89
0	136
0	133
3	133
0	65
0	52
0	0
0	0
3	0
0	0
3	503
0	262
2	489
6	50
2	81
0	9
13	13
1	0
31	152
19	114
0	153
1	132
32	107
0	116
3	14
84	1
0	25
0	25
0	0
0	0
0	0
0	0
0	0
0	0
0	0
0	0
0	0
0	0
0	0
0	0
0	42
0	123
1	32
0	51
5	9
139	213
3	31
3	129
9746	0
4	0
3049	2320
18	303
2	1513
1	1983
29	1164
6	319
0	0
0	13
0	5
84	0
0	26
0	32
0	31
2	30
0	0
2	439
5	1318
86	1367
0	85
0	379
5	158
72	550
0	568
5	7
170	433
0	219
14	64
0	130
2	5
0	17
0	12
0	12
2	1
0	0
0	0
2716	6
0	0
0	0
0	0
0	0
0	0
0	0
0	0
0	0
0	0
0	0
0	0
0	0
0	0
0	0
137	12
1	12
2	1
0	1
98	515
10	443
1	376
1	0
3	0
0	7
0	28
0	7
1	0
0	0
0	0
0	0
1	0
0	0
109	622
0	615
0	174
3	60
0	5
0	0
0	0
0	0
0	0
0	0
0	0
15	69
0	69
1	0
1669	269
3	222
0	69
0	38
8	2
52	1555
126	1555
0	0
0	22
0	14
25	22
141	359
5	359
0	0
0	0
1	0
0	0
0	2
0	0
0	0
0	2
0	0
0	0
0	0
0	0
0	0
0	0
0	0
0	0
0	0
11	3385
194	3295
7	3135
0	2903
2	66
1	57
17	41
0	0
0	0
6	732
37	279
2	605
1	503
4	52
3	97
9	334
0	337
0	38
1253	509
0	441
0	110
5	151
87	251
6	251
0	25
0	28
0	24
0	24
0	18
0	21
0	21
154	0
0	159
1	144
0	171
3	125
0	17
2	1
1	22
0	19
12	1
0	2
1	1
0	2
0	2
2	3
669	323
3	7
11	316
1	1420
223	1548
0	1544
4	52
24	66
0	0
0	0
0	62
0	62
14	63
0	72
5	67
148	747
12	746
52	629
11	328
2	233
35	567
81	567
3	25
5	65
23	26
28	26
2	0
1	21
0	28
0	20
0	30
1	14
1	1
0	1
0	0
0	0
0	1
0	9
0	9
0	9
0	8
0	8
483	758
17	758
0	734
31	257
64	135
0	218
17	8
0	0
3366	2
2424	244
2	244
0	0
11	0
0	1
0	2
0	0
9	2196
426	0
0	0
6	1
3	2
0	0
89	1120
2533	1568
1	334
20	51
0	28
0	153
47	342
14	14
2	11
2	8
0	243
15	238
1	112
4	155
2	163
9	34
1	4
4	106
0	104
0	98
1	83
0	98
5	107
0	141
5	136
0	147
0	0
0	0
0	0
334	117
9	117
0	86
0	1384
0	1384
18	61
0	0
0	0
0	0
46	190
1	210
44	286
2	31
0	92
1	77
0	72
0	25
0	16
1	3
962	0
0	0
1	0
9	1912
7	333
3	0
1	122
2	127
0	461
6	655
112	1846
11	1832
2	1351
9	148
21	344
11	138
6	152
0	2
0	2
1045	0
6	1
1	1
0	0
0	704
1	906
342	1445
0	681
7	619
0	871
0	533
6	0
17	921
6	908
11	87
0	0
0	55
8	25
0	0
1	0
0	0
0	44
0	46
0	54
0	46
6	12
10	17
0	0
0	0
0	0
515	0
25	248
5	248
2	31
2	65
0	15
0	550
0	1456
27	1547
0	702
1282	1751
0	0
33	14
26	7
1640	1357
25	1284
1	34
14	411
13	84
0	76
16	249
38	169
46	72
4	32
2	67
134	54
2	361
5	401
1	19
0	45
151	711
19	571
1	630
1	55
0	114
0	9
0	82
188	490
110	353
54	145
0	189
480	723
4	340
12	615
1	222
19	355
5	159
1	137
4096	5516
237	5510
17	0
14	400
3	380
0	396
2	383
82	376
1	355
0	0
159	0
30	28
4	0
12650	23128
0	23124
5	3888
89	241
8	241
4	131
10	38
1	38
0	8
91	5537
2	5207
0	5497
0	940
10	819
10	180
2	0
141	1124
19	1124
0	167
1770	773
0	765
4	55
0	0
4	0
1248	308
0	6
1	240
7	68
12	190
113	1748
7	1609
82	598
2	253
12	115
616	416
0	330
8	148
181	0
4	515
2	366
0	525
1	277
49	209
17	92
3	9
1	24
0	0
0	0
6040	7477
0	7469
3	122
153	408
1	1899
0	3398
2	3405
1	376
0	1487
0	1853
0	1454
1	451
0	720
0	3281
0	62
0	146
24	1599
756	12
43	292
0	259
39	385
1	160
12	94
0	94
0	14
1	58
572	2996
2	121
9	951
0	2583
1	356
11	363
0	355
0	0
33	806
0	253
1	97
6	1643
45	54
0	0
2	1130
2344	26
21	26
0	0
0	0
0	0
0	0
1	3843
1	0
0	0
0	0
0	1
0	1
12	0
0	1
0	1
3	2
62	3840
294	0
45	0
0	0
0	0
0	0
0	0
0	0
0	0
0	0
0	0
0	0
0	0
2427	9
9	9
173	106
0	106
57	81
0	81
0	48
15	273
0	3
37	365
0	207
0	136
2	47
0	106
0	76
0	93
19	60
5	47
0	1
0	1
0	1
0	0
0	0
0	0
177	3773
245	3849
35	4144
22	1406
10	448
0	469
0	350
10	438
12	424
49	2
0	2841
20	2812
0	7
0	90
1603	3842
3	97
176	3181
0	0
0	0
10	52
14	105
2	0
4	0
0	658
15	135
0	1569
0	1569
8	0
506	491
1287	489
15	350
0	0
317	145
0	145
0	0
9	1228
5	1228
26	365
2	0
24	11
128	323
8	323
0	0
0	0
0	0
0	0
0	64
70	64
5	31
823	31
0	0
109	0
0	0
0	0
0	0
0	8
0	8
0	0
3	896
2	1022
0	820
0	728
85	897
8	189
319	311
0	311
0	23
0	24
2	44
1	17
6	91
3	254
13	257
0	0
0	47
1	4
9	0
3566	2939
101	2939
26	502
1	0
186	407
0	0
122	0
0	1771
3	259
1	97
318	1955
15	93
0	165
0	183
0	277
0	1718
0	288
8	366
3	645
7	8
2	13
10	1217
48	1217
11	67
31	78
2	242
207	242
1	9
1	0
0	42
0	12
0	0
463	728
5	121
2	316
1101	1384
0	1382
0	0
27	0
44	1295
2582	2739
39	1193
1	163
0	0
0	293
0	162
0	961
0	0
0	0
0	0
0	0
0	0
0	0
0	0
0	0
16	120
839	1097
3	1095
2	16
0	16
3265	6105
11	2767
2	3796
0	5431
0	0
2361	1276
40	1049
5	861
4	913
1	144
0	0
0	214
2	308
18	442
2	104
10	226
0	0
49	719
0	695
0	0
2	482
34	2
18	883
1	1164
0	888
3	1111
10	595
0	104
1	105
0	141
0	125
0	476
10	0
0	75
14	0
0	160
0	14
5	147
6	240
26	208
5	276
0	223
3	278
1	218
0	0
0	0
9	1755
3	1776
98	247
1818	2
835	0
0	0
2	0
16	129
0	129
2	0
875	1233
4	43
0	1190
37	76
12	82
0	60
15	4582
5	4588
277	4516
24	72
0	212
3	33
732	142
6	138
0	486
0	0
0	0
0	0
0	20
1	26
0	26
0	9
0	0
1	0
0	0
0	0
0	0
0	0
0	0
35	857
480	857
0	0
0	0
0	0
0	0
0	0
0	0
0	2
0	1
0	2
0	0
0	1
1	1
0	0
60	360
1	276
91	334
8	266
18	73
0	1
39	82
0	1
0	0
0	81
0	0
100	276
4	232
18	232
56	121
7	121
7	15
0	0
1	6
0	0
2	0
5	1
0	46
0	0
1	0
0	0
57	135
501	141
0	0
2	78
0	0
0	0
0	0
0	0
0	0
96	0
0	0
9	213
56	248
1	201
0	174
3	105
0	58
1	30
2	2
1	201
2	55
0	148
10	171
1590	0
23	27
2	27
1139	139
1	139
0	5
0	5
0	1
0	0
0	0
18	47
0	45
1	0
0	733
1883	733
26	2094
41	1227
0	1855
252	1437
0	0
0	0
1103	0
0	0
5	546
17	535
3	115
0	0
13	7
0	7
1360	327
12	32
32	0
0	295
0	0
14	286
157	375
19	89
9	0
0	0
597	1025
17	403
22	490
2	264
15	660
56	201
0	0
0	0
0	0
0	0
0	0
0	189
0	151
380	1453
10	132
4	848
8	944
0	0
55	658
29	658
0	16
0	135
0	9
0	9
0	129
4	127
1	17
4	5
0	5
1	0
0	0
0	0
0	0
0	0
188	5434
21	5539
130	5537
0	5714
0	332
10	100
5	435
17	56
34	434
331	774
0	772
3	76
0	7
20	0
4	590
20	599
0	606
0	30
0	50
0	58
2	1060
0	0
0	32
53	32
1	0
1	173
277	173
1721	198
0	198
10	0
526	71
5	71
14	36
277	1309
0	1302
0	547
0	92
0	92
0	4
90	92
2	2117
24	2027
10	1213
0	186
68	102
4	74
45	0
2	280
12	193
14	181
22	27
0	145
1	203
502	1134
18	1104
1	1064
0	39
0	97
0	0
1070	628
5	425
1	253
3	211
2	0
0	0
74	0
4	0
0	418
0	418
0	1949
41	1947
0	73
0	289
0	1003
0	67
3	52
5	0
0	0
0	0
0	0
26	0
107	0
0	0
939	1554
10	0
0	1554
4	0
10	1524
0	0
2	19
12	139
0	170
0	363
33	399
0	146
1	43
8	0
1	0
3	0
16	15
0	89
0	15
0	8
0	0
346	869
24	748
2	313
8	482
2	122
0	191
0	103
3	143
1603	10443
32	10231
22	214
0	4112
4	4451
8	6182
3	4731
3	0
0	0
0	0
0	531
663	938
124	22
0	75
9	921
6	299
6	134
0	0
0	0
35	101
35	22
28	114
1166	0
0	0
202	521
0	60
0	435
0	550
1	478
0	164
0	167
2	354
20	330
0	279
0	144
6	184
0	122
22	44
2	19
0	46
122	0
325	0
2	0
8	6
0	6
0	0
0	0
0	0
0	0
0	0
0	0
0	0
0	0
0	0
0	0
578	119
1	81
5	20
6	33
1	34
0	18
523	3389
85	4
120	3212
0	1478
0	1520
1625	1047
12	954
6	25
2	66
4	0
0	0
3	0
0	7
11	9
0	9
0	1
1	974
32	913
0	223
0	752
0	769
0	712
0	195
15	56
0	0
3	8
0	8
0	0
262	670
1577	1281
1	0
0	0
0	0
900	99
1	99
0	0
2	0
2	0
2	1
0	1
0	0
1	0
0	133
0	410
97	441
1	129
0	343
0	61
0	51
1	87
4	157
41	10
0	247
0	0
5	17
3	49
0	179
1	84
0	63
3	29
384	148
0	148
319	189
0	24
0	54
0	78
0	88
0	0
2	0
0	0
1	2912
79	2818
0	166
76	648
2	2728
8	15
0	183
123	1187
0	29
1	400
31	0
15	2138
672	2605
11	532
10	2138
226	2138
4	0
1	0
158	0
441	215
4	106
0	109
0	0
38	474
31	449
3	40
33	288
0	148
2	97
0	15
13	39
0	32
1	3
15	4244
89	4244
53	503
1	3314
4	178
3	93
0	59
1	151
0	1566
0	0
10	917
1	126
16	846
0	194
4	54
34	2164
558	2788
5	1172
0	1265
31	1439
0	814
2	384
0	427
24	412
189	600
5	600
1	35
1	0
2	205
4	88
544	201
0	1
0	1
0	0
197	414
3	407
3	354
0	47
0	29
3	28
4	5
0	95
4	0
0	4
1	4
8	2
0	2
2	0
6	319
0	622
28	467
13	618
16	0
0	0
1	30
0	0
0	0
4	0
43	8133
191	8119
2	7437
403	1064
599	257
454	264
58	1
0	0
509	0
0	761
0	2597
0	2793
9	120
0	2491
88	2297
1	694
9	69
7	858
1	397
6	76
0	321
3	349
5344	15067
23	6578
0	8738
146	8683
0	0
10	4488
0	0
0	3
0	3
0	2
0	0
1	0
0	0
0	2
0	2
0	1
0	1
2	0
0	0
659	132
0	0
433	454
1	291
31	453
3794	1612
64	1589
0	236
0	10
37	17
10	36
1	1
0	37
0	38
0	3
0	5
0	1
0	1
3	611
0	57
3	9
0	578
0	564
34	362
0	68
50	124
29	44
2	121
0	20
0	116
4	15
0	9
0	118
0	112
9	1
0	7
30	448
0	462
0	434
12	429
1	440
0	433
2	267
0	21
1	84
8	52
0	13
0	28
15	35
53	841
21	311
6	826
0	116
0	1
23	148
0	102
5	3
110	668
0	65
0	26
0	79
1	129
0	57
3	10
13	22
6	395
0	371
2	26
0	97
6	184
0	64
141	1343
4	1343
8	6650
1	5759
84	6571
19	6383
1155	7014
0	4665
0	235
1	1518
6	16
11	808
5	0
3	0
0	0
187	74
0	74
0	37
4	260
1	624
0	641
0	48
0	626
0	29
0	123
4	618
3	61
0	37
0	0
160	1683
3	1683
1	38
1	205
4	156
1	100
0	1
0	4
0	5
76	291
38	291
2	195
2	0
0	0
0	0
0	0
0	0
0	0
0	0
0	0
0	0
0	0
0	0
0	0
0	0
0	0
0	0
0	0
0	0
0	0
0	0
0	0
0	0
0	0
0	0
0	0
0	0
0	0
0	0
0	0
0	0
0	0
0	0
0	0
0	0
0	0
0	0
0	0
0	0
0	0
0	0
0	0
0	0
0	0
0	0
0	0
0	0
0	0
0	0
0	0
0	0
0	0
0	0
0	0
11	29
1794	33
0	0
1	0
13	0
0	0
2	0
143	175
4	146
0	89
16	0
0	72
0	72
4	22
135	36
0	36
0	0
654	860
4	164
18	694
2	4
4	7
0	2
1514	0
0	3
5	2082
30	2099
0	266
0	0
28	45
65	2014
0	0
55	2014
1	0
0	0
2976	390
0	188
0	143
0	160
0	0
0	0
0	0
0	57
0	55
2	57
0	34
0	4
0	4
758	1014
2	106
15	1014
0	137
107	240
0	307
0	307
773	1
3	1
2	0
1263	0
1	1817
0	1773
42	1890
1	1741
62	1947
9	14
0	62
67	62
14	47
19	6
6	0
101	195
39	56
3	47
30	25
601	0
22	0
0	2
0	7
2	7
0	7
10	72
122	271
867	223
107	237
519	1613
3	1209
6	360
5	443
12	59
0	190
2050	0
995	82
0	0
6	82
2121	0
1885	501
113	467
0	0
0	31
0	24
0	30
0	23
0	33
0	26
2	13
0	30
0	0
4	2
0	0
0	2146
38	2254
2	2254
49	0
0	0
0	0
0	0
0	0
206	0
7	71
0	64
0	55
4	162
60	249
2	37
78	75
0	209
0	21
0	7
0	5
0	0
0	14
0	0
0	0
1775	0
1686	2132
27	2128
0	0
0	0
2	8
0	7
0	8
140	248
0	248
744	0
0	1
5	0
8065	22
4	0
50	23
3	23
37	0
4055	757
2	753
166	0
358	525
36	525
30	228
0	12
0	0
0	0
3	1943
0	1550
67	1974
0	1502
76	1333
0	1746
0	31
0	83
4	1674
0	1695
0	1445
0	1273
0	1427
0	1376
0	1572
0	1062
0	988
4	0
0	1188
0	1262
0	1133
61	12
0	584
1	184
10	110
0	258
0	245
0	30
4	0
0	93
0	0
0	0
64	176
25	340
0	0
652	529
10	480
0	0
0	0
3	0
4719	15867
0	14873
9	1308
0	1652
0	0
0	0
0	0
0	0
0	0
0	0
0	0
0	0
0	0
0	0
0	0
0	0
0	0
0	0
0	0
0	0
0	0
0	0
0	0
139	66
0	38
0	36
0	21
228	39
4	20
17	7
38	0
133	0
0	0
0	1
0	0
1	0
0	0
0	0
0	1
2	0
0	0
1	0
3	0
0	0
0	0
0	0
0	0
0	0
0	0
0	0
0	0
0	0
1	0
0	0
0	0
0	0
0	0
0	0
0	0
0	0
0	0
0	0
0	0
5	430
4	55
4	412
0	648
336	729
2	26
0	66
2	51
1	426
0	0
0	452
0	0
659	460
81	72
35	402
42	58
0	0
26	73
2	73
5	0
0	0
0	0
0	0
127	1024
2	1035
6	793
7	144
12	144
0	0
43	1680
47	0
0	1680
7	115
1	100
0	119
0	0
1	59
4	187
0	0
385	1951
7	1681
55	628
3	637
0	553
0	69
190	539
34	324
29	393
15	0
0	334
16	166
4	505
0	455
18	157
23	251
1	283
0	0
2	0
0	0
0	0
11	362
0	194
9	338
0	0
0	0
0	0
0	0
0	0
0	1215
13	1215
0	1180
1	7
1	238
0	98
0	124
3	346
0	269
329	1274
9	1135
97	212
38	45
0	0
3463	0
0	7
0	204
6	298
0	130
0	3
11	174
1	272
0	0
198	1
0	0
2548	1
8	0
0	0
0	0
1	0
0	0
65	0
0	0
2	0
7747	0
73	53
0	96
116	2847
6	104
1	2845
0	0
27	1583
0	1537
11	175
62	21
0	21
948	1199
1	261
53	947
2	425
7	397
57	0
35	0
106	4970
1	5110
11	1171
0	1577
1	1522
0	1526
2	1
0	0
8	271
3	191
283	425
3	0
38	14
0	14
2	70
4	70
5	0
0	12
0	0
0	0
0	0
0	0
0	0
0	0
24	106
15	38
0	103
0	0
1	0
5	6
1	3
0	6
0	6
6	0
1437	463
5	463
80	72
16	73
0	0
0	0
0	0
0	0
0	0
0	0
0	8
0	17
0	16
0	7
0	0
0	0
0	0
0	0
0	0
0	0
0	1
0	0
0	0
0	0
0	0
0	0
0	0
1	0
0	0
0	0
0	0
0	0
0	0
0	0
0	0
0	0
0	0
0	0
611	2
4	1184
1	1191
0	328
12	335
0	917
46	122
81	65
0	0
209	129
190	0
0	28
0	28
0	0
0	0
0	0
0	127
2	126
0	0
7	2591
12	2610
2	74
35	2566
0	81
1	46
0	224
0	66
34	1676
0	702
7	842
1	803
2	764
0	565
0	497
13	41
9	247
0	124
9	140
23	256
9	4
67	1426
15	1426
2	146
49	40
1	26
0	0
0	0
0	0
0	0
0	0
0	0
0	0
0	0
0	0
0	0
0	0
0	0
0	332
0	430
0	57
1493	509
0	60
42	12
22	5
0	0
5897	5135
0	4761
0	424
0	0
0	0
0	0
0	0
1	0
4	5
0	5
313	1747
19	1485
12	220
5	576
0	0
1816	954
0	953
0	865
8	35
5	70
0	60
0	0
0	0
0	0
0	0
0	0
0	0
0	6
5	50
0	37
0	24
0	0
0	0
3218	0
0	0
0	0
0	0
0	0
0	0
9	978
44	892
1	724
3	421
5	12
68	7
25	972
304	909
18	196
0	53
0	81
0	44
0	6
1	0
1	0
0	11
0	10
0	9
0	2
0	2
2	2
0	2
0	0
0	0
0	0
129	874
2	730
3	75
0	82
2	0
0	0
190	0
708	559
3	297
3	75
0	204
0	799
1	799
4	849
1	428
20	0
4	29
9	70
8	47
11	0
11	898
225	1341
18	416
75	95
0	1038
47	1343
4	1005
0	928
1	178
1721	3379
1	906
0	282
3	261
0	45
0	0
0	0
2	75
0	3
0	0
0	0
0	289
0	1
0	0
13	788
0	1
0	6
11	706
2	733
11	563
0	1605
0	14
0	1518
171	136
0	12
0	0
0	0
0	11
6	96
10	24
0	0
1	0
2	0
4	27
69	23
0	44
0	0
0	0
0	0
26	346
1	344
0	346
0	4
0	4
0	4
0	0
0	3
0	0
0	0
0	0
4	222
706	237
0	98
0	0
0	0
0	0
0	48
0	262
0	262
1	5
0	1
1	0
1	8
0	0
0	0
0	0
8	530
0	0
0	0
1	0
0	0
0	0
0	0
1964	698
21	103
21	494
12	293
0	249
2	520
0	335
0	0
23	21
13	1
16	94
4	94
0	94
0	9
0	3
0	0
0	0
0	0
0	0
0	0
0	0
0	0
0	0
0	0
0	0
16	26
46	20
0	2
0	0
1	6
0	0
0	0
0	0
1	5
0	68
143	64
0	0
1	8
0	0
0	0
0	0
0	0
0	0
0	0
0	0
0	0
0	0
0	0
0	0
0	0
0	0
0	0
0	0
0	0
0	0
0	0
0	0
0	0
0	0
0	0
0	0
0	0
1	0
0	0
0	0
0	0
0	0
0	0
0	0
0	0
0	0
0	0
0	0
0	0
0	0
0	0
0	0
0	0
0	0
0	0
0	0
0	0
0	0
0	0
0	0
0	0
0	0
0	0
0	0
0	0
0	0
0	0
0	0
0	0
17	913
437	1060
4	971
7	0
0	751
0	0
0	0
0	0
0	0
0	0
0	0
0	0
0	0
0	1
0	1
0	0
0	0
0	0
0	0
0	0
0	0
0	0
0	0
0	0
20	0
1	490
0	0
0	0
0	0
0	0
0	0
0	0
0	0
0	0
0	0
0	0
0	0
0	0
0	0
0	0
0	0
0	0
0	0
0	0
0	0
0	0
0	0
0	0
0	0
0	0
0	0
0	0
0	0
0	0
0	0
0	0
0	0
0	0
0	0
142	59
0	62
0	95
7	0
0	0
0	0
693	1680
8	1683
0	821
5	21
131	104
21	90
14	0
2	741
5	838
25	771
0	748
0	658
7	531
0	463
12	87
2	50
0	129
2	20
10	95
0	60
0	0
2936	2304
13	2288
12	453
12	79
4	134
47	14
0	2
1	6
126	248
9	237
5	22
0	148
18	0
4	24
2	6
0	24
0	1
0	5
6	2
0	4
2	280
5	165
0	229
0	177
0	184
7	228
0	38
10	3
7	1003
12	1816
5	1770
0	640
12	1066
4	144
3	934
2	875
8	558
8	1063
0	428
1084	0
0	22
3	22
1	22
0	1
643	961
6	961
0	0
0	0
0	0
2	183
57	206
0	62
4	78
0	43
28	0
77	994
2	202
106	529
4	96
0	279
8	938
0	0
3	80
0	0
0	0
1530	1439
0	1439
40	318
18	438
0	5285
161	5284
0	5267
12	423
0	4935
0	0
3	301
20	0
457	12
0	12
0	0
30	0
212	857
4	321
3	392
1	327
0	250
40	546
2	224
0	20
26	90
1156	90
5	0
0	4
2	4
18	0
0	0
2	0
0	8
0	0
7	409
0	1862
32	496
25	1613
2	488
1	230
5	65
0	106
0	1860
0	0
3	0
13	1560
0	1798
0	1933
0	1991
37	289
35	16
1725	2160
22	1801
5	1043
22	82
0	82
4	14
0	92
0	64
0	0
0	0
0	0
0	1948
14	1871
84	1662
1	1313
4	1202
3	0
2	0
0	0
171	1700
7	1521
52	171
11	46
9	344
39	783
2	748
1	131
33	138
1	160
0	103
2	15
10	269
1	245
3	80
19	3622
129	3942
82	4106
25	201
17	1077
1	0
2	2714
2	235
1	2614
40	409
91	2691
12	411
4	54
20	27
4	248
49	170
0	0
16	1765
4	1698
52	1517
0	1642
0	249
7	1603
0	40
0	1690
0	1567
60	0
2	45
1	327
2	773
23	210
2	50
19	133
1	0
164	550
6	73
2	72
8	73
0	242
0	365
11	130
0	106
0	39
12	43
3	92
2	5395
70	5972
6	6071
7	610
0	6099
0	5979
0	5016
11	2653
0	4796
3	0
0	407
5	2258
112	1123
0	0
1	176
4	348
47	348
0	323
5	200
0	63
0	41
0	34
0	38
1	1
0	1324
10	1260
0	1289
5	1280
1	1244
0	74
8	41
2	79
10	10
2	20
3	865
45	850
12	849
3	824
1229	1
0	0
0	0
1	10205
12	10137
65	9935
14	6408
0	0
0	0
818	10558
3	3815
0	10539
58	4179
0	2667
126	422
65	5003
196	316
31	202
1	134
3	170
0	65
615	1285
0	1285
1	10
9	1430
34	603
4	1418
3	113
0	0
8	199
1	609
27	0
3	392
7	182
0	0
126	6588
18	6356
0	796
10	432
6	387
35	509
95	653
30	652
15	300
0	564
0	466
45	46
4	33
0	33
2	3
0	29
0	32
7	85
4	84
0	35
362	5
7	2
1	2
1	123
0	125
0	118
3	104
2	109
4	5
0	16
0	6
0	6
0	2
43	3682
105	3716
126	3580
8	517
80	184
28	9
0	0
0	9
1	50
27	197
10	205
1	179
42	53
0	2
30	2
0	692
21	755
20	755
0	315
9	0
0	0
25	9494
5050	10761
5	2212
9	7622
0	4513
5	1444
166	1442
3	644
7	411
20	411
0	0
6	0
2	0
149	3226
1	3226
0	3169
1	3072
22	3102
0	0
75	163
1	163
0	0
0	5764
0	0
0	0
2	2
0	0
0	0
11	15
0	13
102	490
26	52
20	617
1	520
85	422
1	18
55	0
284	0
0	0
448	98
1	98
30	0
35	17
33	0
8	0
0	78
0	0
2030	339
16	220
0	101
62	13
0	54
1	21
7	0
0	0
16	286
8	16
1	13
0	2
0	14
258	765
0	634
4	127
0	0
40	0
7	238
4	245
0	33
8	238
1	31
0	0
0	211
0	30
0	23
0	17
0	117
14	31
0	97
0	0
1	60
0	0
102	36
1	9
0	27
0	0
0	2
0	0
0	0
0	0
0	0
0	0
0	0
0	0
0	0
3	0
0	0
11	0
0	0
1	910
10	737
0	960
9	507
3	58
1	21
5	0
0	0
0	0
4	0
0	0
0	0
0	0
0	0
0	0
0	2
0	0
0	0
0	0
0	0
0	0
0	0
0	1
1039	190
247	190
3	0
0	2
13	5884
9	6071
5	37
77	28
75	1016
141	5447
8	2
1	5
0	0
190	125
97	89
0	0
0	0
282	35
0	35
0	0
0	0
0	0
0	0
0	0
0	0
0	173
0	0
0	0
0	0
0	0
0	0
0	0
0	0
0	0
0	0
0	0
0	0
0	0
0	13
0	15
0	9
0	9
0	0
0	4
0	3
1	0
0	0
0	0
0	0
0	0
0	1
0	1
0	0
0	0
0	0
10	710
2	905
0	991
15	151
0	225
0	318
0	122
8	94
15	197
58	407
11	494
0	550
6	7
1	107
12	4
13	58
1437	676
33	676
47	0
0	1988
0	1643
32	458
0	1965
0	636
0	149
223	118
23	0
0	94
0	88
6	106
0	41
0	0
0	0
1169	476
7	267
0	482
0	242
0	0
0	0
0	0
0	0
0	0
0	0
0	0
0	0
0	0
0	0
0	0
0	0
17	6
2	0
1	0
0	0
0	0
0	0
0	2
0	8
0	5
0	1
0	0
0	0
5	5
1	6
0	0
1	0
0	2
0	2
0	1
0	2
0	0
0	0
0	0
0	0
0	0
0	0
0	0
0	0
0	0
849	1019
46	1019
7	227
0	0
0	0
0	0
0	0
0	0
1746	32
57	24
0	8
47	154
2	154
4	0
2	0
1	1204
1335	1248
2	962
0	514
0	895
0	0
0	0
7215	4454
0	0
76	3912
152	59
0	499
23	1214
27	1963
0	14128
0	15135
14	13389
8	6357
6	358
47	7995
6	850
17	1158
20	1143
33	172
0	0
13	0
21	187
478	387
0	443
56	156
0	355
1	1010
13	1023
5	55
0	990
19	132
70	67
29	63
0	14
19	782
6	48
6432	4803
51	4352
42	418
73	0
95	0
671	2
0	0
1	0
0	0
0	0
0	0
0	0
0	0
70	0
0	0
1	490
0	0
0	0
0	0
0	0
6	0
450	4306
6	45
0	0
3	73
1	2451
149	4167
0	96
131	91
5	11
0	8
0	11
0	0
0	0
0	0
0	0
0	0
205	51
0	51
0	0
20	0
42	0
1	0
24	0
33	0
1	0
0	0
30	7
2	0
1	657
1060	914
5	635
0	689
0	175
3	0
0	0
0	0
13	0
5	0
0	0
0	0
4	0
0	0
0	0
0	0
29	1989
0	0
0	0
0	0
0	0
0	0
0	0
0	0
0	0
0	0
2	0
0	6
0	8
0	4
0	8
0	8
0	8
0	0
4	0
0	0
0	0
2013	829
27	852
4	576
15	486
7	454
2	181
4	319
0	304
5	80
11	38
61	37
0	4
0	12
2	17
7	13
27	3
69	504
1	504
0	102
0	0
612	605
8	628
0	615
5	462
0	0
0	187
2	89
3	52
0	1207
3	817
13	811
40	876
0	889
0	908
0	966
9	103
2	134
28	15
0	333
1	216
0	188
0	186
2867	1492
3	475
0	279
7	679
0	792
0	822
0	312
1	109
2	297
0	118
114	43
36	0
336	38
7	29
1	11
0	9
1	0
0	4
2	0
0	0
0	108
2	13
34	1603
1	532
0	1598
0	91
0	0
0	0
0	0
10	0
33	440
20	490
51	331
185	15
102	15
1	3
1	3
0	1
0	0
0	0
0	0
1	0
1	0
0	0
0	0
0	0
0	0
0	1
0	1
0	0
0	0
0	0
0	0
0	0
0	0
0	0
0	0
0	0
0	0
0	0
4	0
0	0
0	0
0	0
0	0
0	0
0	0
0	0
1	0
0	0
0	0
0	0
0	0
0	0
0	0
0	0
0	0
0	0
0	0
0	0
0	0
0	0
0	0
0	0
0	0
0	0
4	376
13	379
0	309
0	238
0	107
2	19
4	35
0	23
4535	2662
1	756
0	1787
2	740
0	263
9	162
4	485
6	186
43	84
1	0
0	3335
20	3335
0	3442
0	3442
8	510
4	32
19	218
0	799
0	610
2	72
18	27
4	22
0	11
10	59
0	4
0	2
0	14
0	48
0	13
0	0
1	13
0	6
0	77
2	80
0	77
0	32
0	27
2	10
3	7
0	3
0	5
0	2
0	4
0	0
1	0
0	0
0	0
0	0
5	0
16	0
0	0
233	0
134	468
22	464
3	241
17	274
0	14
0	0
0	0
0	0
0	0
0	169
0	169
0	163
8	0
1	0
4	103
0	25
36	0
0	53
0	59
8	0
0	0
1	245
2	258
0	216
4	253
0	227
0	262
0	25
0	0
0	0
0	1
0	1
0	1
0	0
0	0
14	349
29	300
0	349
0	349
0	8
3	13
0	4
13	4
2	1
69	0
7	100
318	178
1	161
1	2
5	20
0	4
6	30
2	19
0	10
0	15
1	9
5	2
1	0
7	0
0	0
0	476
12	17
0	14
0	4
0	50
17	6
128	753
3	227
0	697
3	47
501	3536
2	3573
51	779
12	768
0	0
0	0
0	0
0	0
0	5
0	0
0	0
0	0
0	0
0	0
0	0
0	0
0	0
0	0
0	0
0	0
0	0
0	0
0	0
0	0
0	0
0	0
0	0
0	0
0	0
0	0
0	0
0	0
0	0
0	0
1	0
0	0
0	0
0	0
0	0
0	0
0	0
0	0
0	0
1	0
0	0
0	0
0	0
0	0
3	0
0	0
9	2
0	2
0	0
0	0
3	0
5	2
0	1
0	1
0	0
0	0
0	0
0	0
0	0
0	0
0	0
0	0
0	0
0	0
0	0
0	0
0	0
0	0
0	0
0	0
0	0
0	0
0	0
0	0
0	0
0	0
0	0
0	0
0	0
0	0
0	0
0	0
0	0
0	0
0	0
0	0
0	0
0	0
0	0
0	0
0	0
0	0
0	0
0	0
0	0
0	0
0	1
0	0
0	0
0	0
0	0
0	0
0	0
0	0
0	0
0	0
0	0
0	0
0	0
0	0
0	0
0	0
0	0
0	0
0	0
355	3598
20	3577
8	23
1	56
9	302
4	170
0	370
44	0
0	0
0	0
0	0
0	0
0	0
0	0
0	0
0	0
0	0
0	0
0	0
0	0
0	0
0	0
0	0
0	0
0	0
0	0
0	0
0	0
0	0
1	17
0	0
0	0
0	0
0	0
0	0
0	0
0	0
0	0
0	0
0	0
0	0
0	0
0	0
0	0
0	0
0	0
0	0
0	0
1	17
0	0
0	0
0	0
0	0
0	0
0	0
0	0
0	0
0	0
0	0
0	0
0	0
0	0
0	0
0	0
0	0
0	0
0	0
0	0
0	0
0	0
0	0
0	0
0	0
0	0
0	0
0	0
0	0
0	0
0	0
0	0
0	0
0	0
0	0
0	0
0	0
0	0
0	0
0	0
0	0
0	0
0	0
0	0
0	0
0	0
0	0
0	0
0	0
0	0
0	0
0	0
0	0
0	240
0	250
0	14
1	4
0	31
0	18
0	4
0	0
0	0
0	0
0	0
0	0
0	0
0	0
0	0
0	0
0	0
0	0
0	0
0	0
0	0
0	0
0	0
0	0
0	0
0	0
0	0
0	0
1	0
0	0
0	0
0	0
0	0
0	0
0	0
0	0
0	0
0	0
0	0
0	0
0	0
0	0
0	0
0	0
0	0
0	0
0	0
0	0
0	0
0	0
0	0
0	0
0	0
0	0
0	0
0	0
0	0
0	0
0	0
0	0
0	0
0	0
0	0
0	0
0	0
0	2
0	0
0	0
0	0
0	0
0	0
0	0
0	0
0	0
0	0
0	0
0	0
0	0
0	0
0	0
0	0
9	149
0	149
0	134
0	41
0	8
0	40
1	8
0	7
0	39
0	35
0	0
0	3
0	0
0	329
0	742
3	787
3	769
1	447
0	446
0	349
1	349
1	124
39	17
0	6
0	10
0	10
1	3
6	3
0	9
0	6
0	0
2	0
13	0
1	0
0	0
0	0
0	0
0	0
1	0
0	0
0	0
0	0
5	67
1641	301
1	113
1	0
0	0
0	2
4	2
0	182
0	3
0	3
27	88218
759	54247
0	22399
88	29038
125	4309
16	18448
127	75559
0	7947
4	9643
0	8
0	5
0	2725
0	10
1	0
0	0
1	0
0	0
0	0
0	0
0	3
0	5
0	5
0	4
155	135
0	132
0	3
0	5
0	1
25	0
0	0
0	1
0	0
0	0
0	0
0	0
0	0
0	0
0	0
0	3
1	2
0	2
0	2
0	3
0	1
0	2
0	0
1	4
0	3
0	2
0	0
0	2
0	2
0	0
1	0
0	16
0	0
1	0
0	71
0	17
1	3
0	2
2	0
0	33
0	2
0	4
6	2
0	16
0	4
0	2
0	7
0	0
0	0
0	0
0	0
0	0
18	0
0	130
1	137
0	13
0	3
0	32
0	131
0	7
0	0
0	2
51	0
0	1
0	58
1	115
0	0
0	1
0	4
1	0
0	0
3	16
53	136
0	0
6	0
0	0
0	3
0	0
0	0
2	0
0	0
0	0
0	0
0	2
0	2
0	0
0	0
0	0
8327	616
14	135
0	479
0	2
0	0
1	0
5	0
1	0
0	0
1	0
0	0
1543	2715
4	2707
3	895
0	0
0	0
0	2
0	6
0	6
0	0
0	1127
19	1131
3	829
2	432
0	346
0	312
0	0
0	15
92	5
0	0
0	0
5	12
0	12
0	0
0	0
0	0
473	8060
93	8060
4	2
27	239
46	84
5	34
12	33
7	21
0	4
0	18
0	3
0	15
0	15
0	7
0	0
551	187
1	120
0	67
8	10
0	7
0	10
0	4
0	7
0	3
0	3
228	25
1	0
0	25
0	1
0	1
0	1
0	0
0	0
0	0
0	0
0	0
0	0
0	0
0	0
0	0
0	0
0	0
0	0
0	0
1	0
0	4
2	4
318	114
0	109
0	0
0	5
0	0
1	0
0	0
0	0
2	0
1	0
6	1
3	1
3	0
0	0
5	0
290	249
1	79
1	1
0	103
0	73
4	147
0	640
0	640
0	0
98	130
1	95
0	94
0	15
0	110
1	74
0	24
0	57
0	22
3	642
0	125
2	2
0	181
0	0
0	164
0	174
0	0
0	0
0	172
10	174
0	161
2	0
1	47
1	164
0	8
0	52
0	55
1	1051
0	836
1	739
0	0
21	1
0	1
44	0
1	431
158	2317
31	2315
2	221
1	104
5	451
1598	2250
0	1264
0	5
5	1979
0	1099
0	4
1	3
14	82
0	22
0	83
2	74
42	0
0	0
0	0
0	0
0	0
0	0
0	0
0	0
0	0
0	0
0	0
250	28
2	28
4	1060
0	1060
29	1060
0	0
11	507
0	141
0	145
1	21
0	28
0	28
1	8
0	6
0	10
0	6
0	1
0	0
0	0
78	0
757	351
0	138
15	248
5	63
23	58
15	15
2	34
44	8
46	1559
15	1169
4	324
0	161
0	65
28	943
15	145
1	211
1	240
2	166
35	276
3	288
1	977
7	853
1	84
0	0
2815	668
0	4
128	991
0	991
4	353
0	234
1	15
3	47
0	133
15	8
2	19
9	1396
26	1258
4	1018
1	154
7	393
0	187
0	0
10	376
28	0
5	7724
0	4013
93	3850
37	7690
2	646
18	2775
144	5887
9	683
1	305
0	0
0	813
32	187
12	864
0	823
0	87
0	419
0	0
3	157
19	1222
14	1404
31	1013
8	148
0	156
22	204
0	301
184	12073
24	54
0	5678
53	9869
3	813
7	8679
42	2414
17	184
18	66
1	101
3	69
4	147
0	124
1	79
103	111
3	115
0	90
0	94
0	61
0	0
0	0
0	0
0	0
3	0
3	161
0	19
0	19
0	0
5	8
104	0
0	27
5	0
12	872
29	64
118	854
3	2
1	840
5	49
0	18
0	18
0	18
0	0
0	0
0	0
1	0
1	0
7	0
1	11767
55	11722
133	3729
0	0
189	0
47	0
0	0
0	0
6	28
4	28
0	7
2	5
0	5
0	4
0	0
1	2074
27	1907
1	1887
2	1869
20	1990
11	2170
0	1390
0	1930
0	2266
0	271
4	18
0	341
0	229
6	109
0	0
4	133
1	91
2	38
0	2
0	0
8133	2729
41	15
19	0
100	2696
0	1801
117	1
174	40
4	162
10	816
0	64
0	813
0	109
2	7
9	275
0	143
0	534
0	25
0	20
0	625
11	26
3	82
5	170
1	45
1	48
0	49
0	49
0	7
0	3
0	2
0	2
0	0
5	1
0	1
0	4131
30	4127
0	284
0	951
0	1015
0	134
40	0
1	0
2	1
0	1
0	0
233	1376
1778	3015
31	1066
0	1898
0	0
1051	1443
10	1583
1	1345
0	1224
71	725
0	194
0	228
0	149
0	31
0	45
0	0
8	45
22	9
5	4
0	5
15	5
0	5
0	5
8	9
0	0
0	8
13	1
0	1
1	0
1	533
0	18
1	528
2250	804
72	134
14	0
2411	392
0	251
6	123
24	174
0	267
385	461
0	37
0	459
0	21
11	198
0	158
123	20
3	2
0	0
1	0
286	1711
0	1711
25	0
0	7
0	7
2	8635
7	7755
5	0
0	4620
41	5500
55	2002
0	0
0	2
0	2
20	299
1	295
0	234
0	0
0	0
0	0
0	0
0	0
421	2
30	1203
48	1203
28	0
0	4
0	0
0	0
0	0
0	4
0	2
0	0
0	4
0	4
0	1
0	0
0	0
0	0
0	0
0	0
0	3
0	3
0	6
0	0
0	20
1	20
0	20
0	0
0	0
0	6
0	3
0	0
0	1
87	1117
1	975
3	35
129	853
0	77
6	341
15	124
16	64
26	0
16	8
0	0
1	1191
304	1288
1	25
1	8
0	946
6	270
309	0
412	0
47	840
17	1009
0	803
17	778
0	789
4	682
2	2
9	240
2	5
0	0
3	51
0	56
1	104
0	72
0	3229
25	32
60	2906
6	3178
4	305
0	167
0	19
24	2
16	304
15507	6155
213	36
1	36
98	6155
4	3794
49	3092
6	3021
0	6
0	0
1	326
6	239
2	215
4	334
3	135
21	917
0	272
0	201
0	240
0	96
1	414
10	0
3738	1152
3	967
1	896
2	265
0	282
1	213
0	140
0	6
33	10
2	1244
0	975
0	819
54	1
170	628
0	999
0	0
0	0
0	0
0	0
0	0
0	0
0	0
0	0
0	0
0	0
0	0
0	3
0	1
0	1
0	0
0	2
0	3
0	0
381	946
0	217
0	759
4	250
7	52
1	37
4	333
4	432
0	134
0	33
0	61
1	156
0	0
0	0
0	0
0	0
2	2
0	3
1	1
0	0
0	0
0	0
0	2
3	2
0	0
0	4
8	4
0	0
20	0
0	0
0	2
0	3
0	2
0	0
7	0
0	4
0	4
0	4
0	0
0	0
0	0
0	0
0	0
0	0
0	0
0	0
0	0
0	0
0	0
0	0
0	0
0	0
0	637
0	296
0	212
1	362
42	661
8	34
2	234
1	211
4	2
1	203
0	217
7	0
0	0
0	0
0	0
0	0
0	0
0	0
1	0
34	2107
9	1859
660	761
9	570
0	192
26	60
0	17
5	2083
56	2072
1	4
0	5
2	1
3	160
627	473
11	1
15	26
2	175
0	4
55	220
2	300
1	359
2	187
4	193
62	1820
5	1973
20	1800
126	53
113	0
0	0
0	10
10	39
1	31
0	18
1	15
90	189
5	189
0	0
14	131
9	131
15	0
0	27
4	3
5	728
4	770
1	456
0	29
5	21
3	1
4	1
1	35
0	0
0	0
306	738
22	94
4	644
0	22
0	4
0	21
0	18
0	10
0	13
0	15
0	0
0	0
1	0
0	0
0	0
35	22
2	22
2	967
34	838
4	487
7	403
0	0
0	0
0	0
0	0
0	0
5	331
2	31
0	0
0	0
0	0
0	0
1	0
0	0
45	5965
0	2
1	2
1770	597
8	595
111	632
30	815
78	847
0	118
1	151
0	60
0	59
4	50
6	23
27	27
11	101
0	35
0	0
440	2
114	860
1	7
1	7
27	1451
0	1163
0	955
6806	4
1300	0
9	695
0	697
52	227
0	202
0	222
0	57
15	20
1	27
1	50
3	7
0	17
7	10
2419	1146
8	735
0	919
2	42
0	304
4	284
0	292
21	281
0	292
0	75
1	83
3	19
0	49
0	11
0	12
1	1
2	2
0	0
0	591
1	591
29	0
4	9
7	9
1	267
1	143
21	219
0	242
2	243
0	136
43	352
1	168
2	224
36	158
0	113
0	171
10	69
0	78
59	297
17	254
0	100
0	203
2	0
1	52
68	1271
12	1239
0	168
8	111
1	82
0	85
2	293
0	65
0	142
1	156
0	1069
5	1069
577	1520
0	1073
1	859
0	1064
0	851
0	1287
0	376
11	0
5	67
0	0
151	961
1	980
1	854
4	851
0	172
85	162
53	165
0	106
1	30
32	30
0	0
0	0
1	7
5	5
0	0
0	0
0	0
0	0
0	0
0	0
212	0
110	113
11	0
0	113
1	14
0	14
0	14
44	7
0	7
0	12
0	12
1	12
1	0
0	0
0	4
6	1
1	7
44	50
0	49
0	9
0	6
5	8
2	15
0	15
0	3
1	0
0	0
0	0
0	0
0	0
229	344
0	52
74	297
3	3
14	3077
0	3160
0	1387
0	836
0	0
52	874
0	874
0	0
0	0
0	0
0	0
0	0
0	0
0	0
0	0
0	0
0	0
0	0
0	0
0	0
1433	2
0	0
0	0
2708	7
55	29
70	22
1030	59
0	59
0	0
1	0
3	3
0	3
0	3
136	3247
7	3300
2	17
0	90
2	384
1	107
1688	58
0	56
3215	537
7	413
0	122
1	2365
3	2361
2	647
0	1851
47	473
2	562
0	0
2	191
2	77
0	13
10	0
12	0
1	1979
0	0
233	328
1	328
7	0
0	0
0	8
0	11
1	11
0	0
1	0
73	1
0	0
0	0
0	1
0	0
0	0
0	0
0	0
0	0
0	0
2	0
7	549
24	93
0	374
3	502
3	270
0	187
0	2
7	2
6	36
0	0
0	36
0	23
258	0
95	6617
2	5814
232	3
0	6549
2	5403
287	14
0	14
6	20
0	9
1	4
0	7
1	426
0	170
505	426
0	0
23	1065
2	1412
59	1502
0	1556
9	37
14	71
3	656
15	0
12	112
3938	336
2	325
171	10
110	35
0	52
0	59
3	25
0	0
1888	2089
6	1251
3	1247
0	45
2	1771
18	364
9	1080
0	6
0	0
2	4
0	6
1	70
0	70
0	30
54	0
0	0
0	0
0	0
0	0
456	1200
1	776
10	1086
19	150
18	1514
0	1429
3	1239
3	1419
0	133
0	9
0	9
2	6
0	5
0	5
0	4
0	5
3	1
0	0
0	0
0	0
0	0
0	0
0	0
0	33
6	33
0	0
823	1048
1	429
1	623
1	408
0	74
0	2
0	0
0	0
0	15
0	9
0	13
0	1
44	1261
0	1234
0	661
0	1227
0	0
0	24
7	0
103	2
0	0
0	0
0	0
0	1
15	1452
29	1524
35	155
1	132
1	90
5	72
0	84
0	15
1	2
0	5
0	19
12	3223
3645	3498
2	2921
38	2593
0	1582
461	350
415	366
0	13
2	0
2	0
0	16
0	0
45	0
34	0
514	279
5	305
0	0
46	94
16	236
19	37
20	1637
8	0
0	0
0	0
0	0
0	8
0	8
3	8
0	8
0	0
0	0
0	0
0	0
1	0
0	5
0	5
7	639
26	1260
36	268
1	532
1	0
1533	0
0	0
1	0
1206	8
328	0
1839	343
0	114
1	97
4	7
3	7
3	132
4	88
7	3068
3	3072
5	2934
0	90
0	2941
0	3031
0	177
12	25
4	268
1	13
5	25
2	99
12	1509
0	301
3	1059
75	175
2	1389
2	2
0	358
0	571
0	1219
7	30
7	294
15	6
3	85
3	173
2	175
0	149
4	120
0	536
24	155
1	414
3	228
8	168
62	181
7	181
0	137
43	547
4	112
1	602
3	338
0	352
0	59
0	114
8	12
1	93
7	97
0	40
0	13
0	159
0	0
2	0
301	1629
0	460
2	176
34	1244
0	45
14	146
0	0
0	46
2	43
0	90
1	39
3	35
10	502
8	494
0	468
4	142
0	85
0	45
1	43
0	98
3	19
0	39
1241	454
9	305
13	418
21	214
1	48
4	13
1	1
0	0
2	3
59	0
81	4339
678	5389
11	1525
8	0
11	580
27	580
0	29
1108	580
19	526
46	90
0	235
48	258
4308	1487
2	759
19	482
0	9
1	126
18	614
195	57
0	21
1	6
7	34
6	7
16	6
7	2
0	0
0	0
0	0
1	1
0	1
190	2140
0	2149
2	1834
1	538
2	392
12	298
0	198
2	34
0	1
0	0
0	0
0	2
0	2
140	777
2	776
1	9
12	2020
42	1727
100	1610
79	1953
0	473
2	194
11	399
179	155
18	48
0	0
0	82
3	264
0	4
0	250
0	21
0	137
20	125
3	142
0	1
34	74
0	0
0	0
11	582
0	601
2	150
1	229
5	354
6	583
1	47
2	210
2	163
0	114
5	24
1	171
1	58
1964	58
153	2
0	2
9	19
5	12
0	13
0	86
5	128
0	128
1	83
0	8
0	0
0	2
53	289
0	21
4	1
0	456
0	107
1	13
0	53
0	0
0	2350
1	2351
0	279
11	139
4	439
0	566
0	2568
0	354
0	376
0	2371
5	60
19	339
14	339
0	40
0	0
0	16
0	16
0	15
0	15
0	17
0	16
0	4
0	3
0	2
0	2
0	4
0	2
0	1
0	1
0	0
0	0
0	0
0	0
0	0
0	934
0	894
0	895
0	830
5	529
0	39
0	93
18	386
0	0
0	80
3	15
1	29
0	24
6	302
1	6
3	13
3	311
14	55
0	19
22	44
0	66
922	0
0	0
0	0
0	0
230	0
37	182
0	99
0	151
28	602
0	602
0	31
0	16
5	0
14	1605
8	4175
0	733
9	3833
1	970
0	1846
0	808
17	1328
0	494
5	1260
152	2643
21	348
12	619
0	0
0	0
0	0
0	0
0	0
0	0
11	0
866	3940
252	3940
5	109
16	2325
0	1315
0	981
1	0
0	30
0	0
27	855
97	122
0	880
160	1055
5	274
204	66
0	33
0	33
12	0
2684	2210
1	1799
0	1606
2	242
10	436
39	423
8	248
31	62
1	0
0	10
2	10
0	0
3987	0
0	58
0	64
0	59
0	65
0	57
1	33
1	3
0	7
0	640
0	591
17	583
0	236
4	123
0	123
8	538
60	112
0	89
42	325
0	76
44	2
9152	28926
269	28767
216	20060
6	5508
3	7286
0	6789
10	653
0	7190
38	10085
61	2542
1	2634
892	369
8	42
0	208
1	81
2	10
3	32
20	143
5	302
0	303
3	293
0	178
0	181
0	76
0	2
1	1525
0	1544
1	1505
0	0
233	0
16	0
0	36
24	0
0	17
0	53
2	35
3	1
0	6
0	7
0	5
0	5
0	5
0	0
0	1
0	0
0	2
0	0
0	0
0	0
0	0
0	1993
0	2022
3	1013
23	59
0	0
2	0
12	0
0	0
35	118
6	0
22	6
3	6
0	0
0	0
0	0
0	421
0	285
0	504
5	540
0	460
0	495
3	48
8	168
0	54
0	25
76	0
0	0
0	0
2	2683
71	2644
3	2286
1	0
0	0
35	2101
5	354
0	0
0	0
0	0
4	0
0	0
0	0
0	0
0	0
0	0
0	0
0	0
0	0
1	0
4	1
0	1
15	3551
0	3304
0	3400
0	3226
0	659
0	2661
9	309
0	3078
1	1443
1	177
0	1836
4	2823
0	1782
10	44
0	1544
0	431
347	2196
0	211
0	0
0	4
0	0
0	0
0	0
0	0
22699	26
0	173
256	1820
1	163
0	170
28	92
53	1206
3	77
6	184
53	1048
8	768
20	188
40	5
15	713
80	896
0	381
0	0
0	1841
21	1874
1	786
4	19
21	22
0	0
0	0
0	0
0	0
0	0
0	0
0	1502
1043	1806
1	1160
21	1434
2	646
0	661
0	1158
2	916
0	1208
0	996
41	31
0	8
0	21
0	1
0	2
0	10
1	12
0	0
53	152
0	152
0	0
5685	6
642	343
4	11
0	14
0	14
0	14
3	130
0	209
0	0
24	1233
48	1570
213	0
29	1296
8	452
13	253
2	790
297	894
1	354
31	543
0	175
17	69
0	0
0	0
0	0
0	0
0	0
0	0
0	0
302	300
19	111
3	189
1	69
78	120
0	58
82	83
5	0
1	0
0	0
0	11
0	11
0	11
0	10
0	11
0	0
0	1
0	0
2	0
1894	249
2	249
10	88
3160	392
0	154
1	362
0	178
6	4
0	0
7	154
0	0
0	0
1005	13
2	3
0	10
0	0
0	0
0	0
0	1
0	0
0	0
0	1
0	1
0	0
132	494
0	118
0	366
0	353
0	52
1	18
1	128
15	38
2	176
0	39
0	34
0	33
1	7
21639	14310
83	7345
0	0
0	10
0	0
0	0
0	0
27	6971
608	0
3861	1414
6	417
24	59
0	943
0	0
0	0
2	12
6	87
6	111
0	90
18	578
0	588
0	0
0	985
0	985
1	904
3	913
8	163
1	3
0	5
0	36
1	6
0	6
0	7
0	2
2	6
0	1
1	3
0	0
0	1
0	2
1341	3639
6	1612
6	1398
3	688
0	809
1	868
0	1222
0	1635
0	7
27	684
347	801
3	48
7	238
13	42
13	98
0	0
56	263
6	69
2	231
1	16
0	0
29	1237
9	1237
3	478
0	0
3997	2
1518	5466
5	4590
337	5101
110	156
1	0
93	19
8	701
12	700
8	218
0	485
0	483
0	465
4	62
2	168
16	188
0	43
0	1
0	1
0	0
0	195
0	5
0	5
7	329
3	181
1	343
11	25
60	726
0	726
114	1526
1	1542
16	383
0	0
0	238
0	0
0	0
0	0
311	170
0	157
0	153
4	0
0	3
5	0
0	2
2	1
78	0
3	233
23	4
0	241
9	17
133	0
60	404
71	374
4	109
8	54
5	0
604	839
2	839
0	248
4	74
0	0
0	0
0	0
0	0
4	638
0	638
38	615
1	32
3	256
1	6
1	269
8	114
0	271
0	272
0	260
0	257
1	57
2	150
26	164
0	13
0	6
0	21
1	36
1	127
0	25
0	1230
0	1230
67	154
0	108
10	285
1313	105
1	59
0	42
92	1167
0	1153
0	1194
0	711
0	0
0	0
4	37
2	29
1732	382
2	351
19	63
2	14
1	9
1	12
0	6
0	0
4	1009
59	328
0	557
392	1404
1	164
5	106
34	164
0	677
3	1205
0	443
0	0
0	488
0	208
0	84
3	55
0	117
0	55
82	12
277	6725
1738	6727
48	1
0	1
3025	1474
41	21
13	31
18	384
1	1027
20	153
9	149
2228	0
443	789
28	592
27	163
1	356
2	98
115	560
5670	2683
0	0
0	0
0	0
202	781
41	685
79	385
60	229
68	285
699	2
125	2766
10	2271
2	1929
6	1707
0	1581
6	247
10	325
16	110
9	164
23	216
0	112
0	0
5	464
8	127
0	62
20	16
1	456
0	32
7	551
0	525
1	74
0	6
0	6
0	0
0	0
0	0
8	140
46	76
0	63
0	0
1415	10
98	2566
29	1306
1	562
14	2097
0	50
1	254
3	410
81	410
0	0
0	23999
8	28217
34	25644
0	24812
244	21782
1	26658
3	18727
0	26397
0	23408
0	18915
0	7636
6	6512
1	8338
1	7684
0	7631
0	7401
0	6625
228	8403
322	262
171	4450
9	3506
1	0
0	0
0	0
0	0
409	3400
0	1999
0	1131
0	3317
0	1927
0	3203
43	2
0	0
6	239
1	145
0	0
0	0
0	0
0	0
0	4
0	0
0	0
0	0
198	0
114	0
3132	2617
0	1460
91	994
16	111
0	175
0	0
0	0
0	0
0	0
0	0
0	0
0	0
0	0
7	10
698	245
0	41
0	4
0	0
13	231
0	0
192	449
69	414
0	16
0	34
0	27
3	61
0	24
7	19
0	22
2	32
0	0
0	0
0	3
2101	37094
0	12537
45	11021
0	0
1	0
226	29303
2	15736
155	368
0	0
0	0
0	0
0	0
0	0
2	0
63	1717
52	1748
34	947
33	407
0	733
25	367
2	405
27	35
8	703
2	520
0	373
1	566
0	156
65	182
16	583
2	123
2	173
13	37
5	156
3	478
0	472
22	66
20	369
5050	4
9	0
2	0
33	4
0	1
0	3
0	1
0	0
28	751
16	2719
0	5232
0	5373
0	0
1412	0
9	1336
0	2361
27	2339
0	2317
25	2352
16	28
26	325
185	946
0	0
0	0
0	0
0	0
25	2912
51	126
2	534
0	2996
7	2557
297	162
102	148
134	40
2540	1094
4	1094
13	451
0	50
0	50
13	5104
4308	5130
0	609
22	584
1	49
0	49
0	0
0	1
0	0
8	9
0	0
0	14
0	12
0	12
1	5
0	0
0	1
0	0
0	0
0	0
0	0
0	0
0	0
0	0
81	0
0	0
333	4450
17	4354
2	969
0	89
118	1075
0	1156
0	650
0	89
3	26
0	0
0	3070
0	3248
0	307
24	1895
4	63
0	77
0	0
55	2
109	4752
153	3955
0	4770
17	4030
0	4187
0	4326
1	3304
0	1344
0	1797
111	0
5	1368
1	452
0	421
1	665
1	468
0	415
0	238
31	434
11	59
2	419
41	0
0	0
99	0
53	433
0	0
178	0
78	0
32	0
0	0
88	2
0	2524
540	0
0	0
0	0
0	258
0	0
0	0
0	12
0	0
0	0
0	1048
50	855
0	1305
3	838
28	1168
50	55
0	55
14	81
0	1271
19	0
0	443
1	1201
3	347
67	3
3	43
5	181
7	55
61	0
0	40
25	7
109	26
0	80
1	252
74	0
30	0
1	458
1	0
0	0
0	0
0	0
0	0
2	0
0	0
0	0
0	42
1	30
130	45
6	0
0	0
0	45
30	115
0	120
12	57
1	46
0	56
1	48
0	55
1	33
0	9
0	23
3	3
0	13
0	19
0	31
1	15
0	0
5	0
0	1801
4	1748
76	166
0	325
0	311
0	0
36	0
13	22
0	0
20	84
0	0
0	0
1	0
0	0
0	28681
0	27929
1	1194
68	4532
0	1954
1	9
1	627
2	4069
87	0
232	155
0	24343
0	0
265	10
0	7017
14	1386
41	444
0	0
48	1
0	0
0	0
0	0
0	1
174	0
0	8
0	14
0	1503
0	0
0	0
110	20
26	20
6	1383
0	110
1	1683
15	0
0	1634
0	1521
0	258
0	1530
0	0
20	432
0	172
3	11
4	300
1	221
11	17
0	258
9	10
1	42
6	0
2	13
17	0
244	10
71	10
16	1426
40	1439
8	122
0	1
1	481
1	0
0	5
0	4
0	90
0	4
0	666
805	680
0	512
0	333
4	0
0	1
0	0
9	24
0	24
1	0
0	0
0	0
0	0
0	0
1	7
2	50
0	50
0	3
0	4
0	0
0	0
0	0
0	0
0	0
0	0
0	0
0	0
0	0
0	0
0	0
0	0
0	0
0	0
0	0
44	9
2	529
0	9
2	511
0	538
3	8
5	502
0	3564
0	3564
16	3
12	1271
6	1877
64	3375
0	1070
3	924
0	138
0	1532
7	1976
5	336
3	8
234	994
2	92
0	955
0	468
0	991
0	0
0	0
0	87
1	368
0	92
0	70
0	225
0	47
8	0
1	35
740	8684
54	11
190	5003
38	274
40	3611
3	1789
43	1357
6	465
9	0
0	286
81	520
0	153
0	0
1	29
2	157
6	58
0	15
4	0
0	6
0	0
1	0
5	6158
17	6325
19	247
137	2447
29	620
14	382
4	6
1	6
73	1340
194	1369
1	210
0	0
0	0
11	0
8019	1409
27	223
135	61
0	582
0	0
8	811
202	677
0	800
1	789
0	183
1	158
0	160
7	101
7	0
0	50
1	37
0	1
61	317
0	142
11	302
6	91
3	90
0	24
1	0
0	7
0	14
0	16
0	12
0	0
1526	107
0	105
15	0
4	0
0	0
0	0
0	0
2	130
0	101
0	50
3	24
0	0
0	17
0	58
12	0
0	0
0	0
3	1
1	1
0	0
0	0
304	1885
0	1885
0	0
0	0
0	0
0	0
0	0
0	0
0	0
0	0
10	374
92	374
0	0
17	0
1	0
0	1
0	3
0	3
0	4
0	1
0	3
0	4
0	1
0	0
0	0
0	0
0	0
0	0
0	0
0	0
0	0
2	0
0	0
0	0
73	1618
1	1470
0	719
2	6
24	608
0	101
0	58
126	40
4	9
2	9
5	0
0	0
3	0
0	0
0	0
13	0
1731	313
1	313
1	152
0	0
0	0
0	0
0	0
3492	595
4	30
1	561
0	128
0	0
1	0
0	0
0	0
0	0
0	0
0	0
13	1321
3	1176
2	182
10	159
3	28
40	444
1	108
26	1665
1	27
4	2
35	201
85	2
19	1430
900	2768
1	1978
203217	192115
57	1
0	1
0	297
718	297
0	0
39	416
0	282
0	0
20	407
0	0
2	58
1	110
0	11
0	0
0	0
0	0
0	0
0	0
0	0
0	0
0	0
0	0
0	0
0	0
1	33
0	23
0	23
0	2
0	0
23	0
0	0
0	0
2	0
0	0
0	0
0	0
47	213
2	205
1	144
0	0
169	425
2	425
14	63
4	22
3	23
2	9
58157	229179
0	169
146	72876
46	54577
99	141937
143	60458
5	119130
86	101232
114	90030
3	0
13	881
0	767
21	252
492	15
1	15
0	0
0	0
0	0
7	443
0	0
0	0
0	0
0	0
0	0
0	0
0	0
0	1
0	0
0	0
0	0
0	0
1	0
0	0
3	987
969	7763
4	7160
0	0
0	2035
40	92
0	13
1126	3480
0	3153
14	331
0	6038
3	5408
254	1919
15	849
1	0
5	520
11	577
0	456
3	89
0	0
0	3
0	0
0	0
0	0
0	0
108	578
79	4983
26	602
1	4518
16	4848
3	4488
5	0
0	0
5	701
57	3689
6	520
1	531
0	0
2	402
8	1607
2	390
1	543
1	11068
120	35
1	10994
163	7186
0	7132
3	11106
5	11013
17	289
0	0
7	170
12	833
0	405
0	1900
0	0
0	0
0	0
0	0
0	0
0	0
0	0
0	0
0	0
0	0
0	0
71	15
0	15
0	4
0	5
0	1
0	4
0	2
32	824
27	360
0	0
0	11
0	4
0	7
0	0
0	0
0	0
0	0
0	0
0	0
0	0
0	0
0	0
35	49
1	49
1819	3856
9	2115
109	1
6	1763
34	0
158	43
3	862
146	28
24	1034
0	80
63	0
36	125
29	489
5	20
56	241
174	172
1	0
0	0
0	0
0	50
0	67
14	82
3	88
10	86
0	51
1	25
0	27
0	1
6	0
0	0
0	0
1	0
0	0
0	0
0	0
3	0
1	90
0	79
131	90
0	4
36	303
9	57
0	46
0	31
0	12
2	4
0	0
0	0
0	0
0	0
2	670
7025	1418
51	29
0	471
0	0
0	1018
0	0
1	0
22	4
0	4
4	513
2	529
3	593
22	11
0	172
0	88
4	0
0	270
0	270
0	0
1	244
0	0
0	0
0	0
0	79
0	104
0	80
0	0
0	0
0	976
0	0
0	0
0	0
0	0
0	0
0	0
0	0
0	0
0	0
0	0
4	7
0	0
0	0
0	0
0	0
23	6030
111	6030
2	76
1	76
15	0
0	0
0	0
0	0
0	0
108	5712
4	5341
142	2620
4	538
29	2708
11	187
80	0
0	0
1	87
0	0
0	2
0	7
0	7
0	0
3	542
20	542
2	21
0	0
0	0
89	63
0	63
0	0
3	2335
8	560
0	331
57	397
14	725
2	2158
0	2296
15	72
5	73
116	0
0	76
49	429
7	276
70	284
1	521
1	397
4	99
0	1
13	1
17	200
122	1536
5	1296
9	213
26	1196
33	1084
2	15
4	16
0	16
31	622
1	622
0	197
0	0
5	0
1	0
0	0
0	0
0	0
0	13
1	13
0	51
0	42
0	44
0	44
0	52
0	20
0	1
1	0
0	0
0	0
1	5
0	5
0	0
0	0
0	0
159	2560
26	1967
84	1317
3	275
1	719
0	0
0	2
0	2
0	2
5	0
565	253
0	0
0	54
35	24
35	199
0	0
1	0
1	0
0	0
0	0
0	0
0	0
0	0
0	0
0	0
0	0
0	0
17	0
0	6
0	0
3794	1905
85	424
19	1896
0	0
0	1937
0	1937
6	885
0	1203
0	1724
0	1787
0	1432
0	203
16	0
0	507
22	216
1	75
196	0
333	8141
8	7638
0	4695
0	5186
22	5950
0	3556
117	3892
0	2723
4	439
0	993
89	228
0	355
0	342
15	763
1	512
0	744
1	450
0	572
0	653
0	696
0	679
0	575
0	652
0	771
0	772
0	387
0	557
0	767
0	604
0	508
0	473
0	767
0	283
0	807
0	875
0	595
0	792
0	762
0	507
0	432
0	1
0	0
0	0
0	346
0	38
5	99
8	58
0	296
37	12283
0	0
0	0
0	0
21	41
16	46
0	0
0	0
8	4
36	13
29	292
4	275
0	155
0	194
4	1
2	39
96	49
3	0
72	94
1	0
0	0
0	0
0	0
3	0
0	0
0	0
1	9
17	21
5	20
30	40
0	0
5	23
0	0
0	0
3	1
0	0
0	0
46	74
4	13
0	4
0	1
0	0
0	0
0	0
0	1
0	1
0	0
106	104
1	107
1	34
0	66
0	232
0	140
25	27
0	110
0	2
10	0
19	188
4	57
0	0
0	81
1	0
0	0
0	0
1	3
0	3
0	0
0	0
2477	1
29	1
0	2
0	2
0	0
0	0
0	0
0	0
0	0
0	0
12	6
0	6
3	6
0	6
0	0
0	0
0	652
22	2228
22	1858
10	5
0	24
0	1787
1	601
2	896
0	7
4	603
3	237
28	4886
41	5243
0	4699
167	4755
2	3124
49	115
28	16
4	463
1	408
0	122
8	340
133	1
5	37
8	0
0	253
0	232
1	232
3	216
0	237
0	28
0	22
3	29
2262	211
6	0
1	161
72	197
3	14
0	0
0	0
0	0
0	0
0	0
0	0
0	0
0	0
0	0
0	0
10	2083
0	0
0	1
0	0
0	0
0	0
0	0
0	0
0	0
0	0
0	0
0	0
0	0
0	0
0	0
0	0
0	0
0	0
0	0
0	0
0	0
0	0
0	0
0	0
0	0
0	0
0	0
0	0
0	0
0	0
434	3517
1	3514
6	2254
0	0
2	58
0	58
2	1
0	43
2	4
0	0
0	0
0	0
0	0
0	0
0	0
0	0
0	0
161	64
5	64
0	0
24	0
0	0
3	795
49	795
5	109
6	76
39	0
0	0
0	0
0	0
0	0
0	0
8	52
0	0
0	0
0	0
0	0
0	0
0	0
0	0
0	0
0	0
0	0
1129	0
0	0
0	0
2	0
190	93
1	93
0	0
0	0
0	0
5	0
305	0
2	0
0	1
0	0
915	3364
21	3109
2	2900
111	2897
169	53
2	276
0	37
15	3
132	0
27	0
0	0
0	0
5	0
0	0
0	0
0	0
0	0
82	13
0	0
1	13
65	117
4	116
1	111
0	112
6	0
0	27
6	11
7400	737
25	724
2	160
0	0
0	0
0	2
0	0
0	2
23	427
25	2138
5	1115
8	66
40	4
87	337
4	2121
19	0
0	26
30	8
25	13
14	0
0	0
0	77
1	3
0	5
4	2
2	0
27	2108
1447	2137
2	36
16	1056
27	2027
10	1145
107	15
19	76
73	3
0	0
0	0
0	0
84	0
273	347
366	547
0	490
2	24
12	0
0	982
1659	1201
2	541
25	717
7	1119
3	128
2	145
22	0
1	180
1	33
1	1079
0	477
0	1016
2	1006
0	0
24	0
31	18
7	68
2378	301
6	296
1	0
0	0
4	10
0	10
1566	234
0	116
6	185
7	0
0	0
1	0
1463	1099
19	67
4	1030
1	0
155	331
354	2
1	124
0	0
2097	3229
0	2908
9	2022
29	1065
10	357
0	0
0	2
0	22
101	397
1	62
26	31
68	148
1	219
0	2
0	1
0	0
0	2
0	0
2	1
0	1777
3	1610
0	1637
0	1610
5	1498
7	331
0	284
8	72
0	103
1	124
0	60
0	4
0	3
46	0
52	2499
1	19
6	55
0	32
0	20
7	23
0	0
1	0
0	0
81	0
159	2503
0	2255
2	518
14	172
37	181
2	72
1	0
349	152
38	169
38	73
3	123
0	0
0	0
0	0
0	0
0	0
0	0
0	0
220	655
240	655
16	0
0	0
0	0
0	0
0	3
11	1
15	345
18	44
6	46
0	303
11	225
247	2
0	89
0	73
0	89
0	2
0	0
0	16
4	19
0	19
94	0
7213	1005
0	0
4	266
28	491
8	25
1	251
644	154
28	0
24	154
0	0
0	0
0	0
0	0
0	0
0	0
0	0
0	0
0	0
0	0
0	0
0	0
0	0
0	0
0	0
0	0
0	0
1	0
103	256
2	207
59	0
8	134
0	191
502	0
59	587
2	587
0	19
0	0
0	0
0	0
0	0
0	85
102	298
0	20
77	94
11	298
0	42
6	81
4	60
0	0
0	0
0	51
0	0
50	0
94	17
1	6
0	10
0	0
0	2
3	1
0	0
220	155
0	153
0	149
0	29
0	14
0	38
3	1
0	1
1056	714
0	969
12	887
7	14
325	394
0	147
0	62
2	37
4	208
5	36
190	0
1	21
1	176
4	182
0	176
0	171
0	2
21	1
14	10
0	8
0	10
0	6
0	0
0	0
0	0
2	2
0	2
0	0
0	0
0	0
0	0
0	0
0	0
0	0
0	0
0	0
0	0
0	0
13	58
0	52
0	49
0	24
0	6
1	6
266	1255
54	1146
2	347
3	125
5	0
104	29
0	29
0	38
0	0
0	0
0	362
0	3216
49	288
2	57
1	113
13	3065
22	810
0	837
0	2701
0	298
141	0
4	0
0	2140
15	52
0	1546
9	0
65	0
0	332
18	684
6	2510
16	2828
9	70
0	625
0	658
0	181
0	0
135	1186
1613	1186
75	2
421	654
0	534
0	1
25	0
83	0
8	212
19	0
9	0
15	0
2	25
19	1
0	121
0	0
0	0
0	1
0	0
0	0
0	0
0	0
0	0
0	0
0	0
0	0
0	0
0	0
0	0
0	0
0	0
0	0
0	0
5	5
0	5
0	1
0	2
0	2
0	0
0	0
0	2
2	0
0	0
0	0
0	0
0	0
0	0
0	0
0	0
8	1
0	1
0	0
0	0
0	0
0	0
0	0
55	792
11	725
4	113
0	644
95	581
2	94
0	77
0	148
0	63
1	46
1	19
76	549
13	548
1	548
16	549
23	0
0	0
0	0
0	138
0	1045
1	140
0	1080
0	1059
0	54
1	54
0	1
0	65
0	870
0	99
26	852
3	73
0	177
0	0
21	42
0	0
0	0
139	2747
0	3228
23	2952
4	0
6	0
2	270
22	35
24	33
0	0
679	264
33	30
0	246
0	0
0	0
0	0
0	0
0	3
202	3
4	0
288	1343
48	1343
0	15
0	2574
220	2581
2	346
0	659
0	730
4	481
3	218
0	398
0	555
0	0
0	0
0	0
0	0
0	0
0	0
3010	1301
9	1
0	186
37	516
29	132
9	388
0	67
33	113
5	195
7	166
61	5553
0	6391
0	5153
0	6749
24	459
16	945
197	25
0	0
1	0
1	2
0	2
0	2
0	1
0	1
1	1
0	0
0	0
0	21
0	21
1	20
0	6
0	0
0	0
2	0
0	0
0	0
0	0
0	0
1	0
5	0
0	0
0	0
0	0
0	0
0	0
0	0
0	0
0	0
0	0
0	0
0	0
0	0
0	0
0	0
0	0
0	0
0	0
0	0
0	0
0	0
0	0
0	0
0	0
0	0
0	0
0	0
0	0
0	0
0	0
0	0
0	0
0	0
0	0
0	0
0	0
0	0
0	0
0	0
0	0
0	0
0	0
0	0
0	0
0	0
0	0
0	0
0	0
0	0
0	0
0	0
0	0
0	0
0	0
0	0
0	0
0	0
0	0
0	0
0	0
0	0
2	235
50	325
0	300
8	76
0	212
0	12
0	16
0	0
0	37
11	0
835	649
0	626
3	561
289	418
0	125
0	0
0	2737
149	2893
44	24
1	1417
0	6
3	211
7	157
0	133
1	154
3	0
1	0
37	0
3	6
0	357
438	5072
1	183
0	205
0	70
2	4789
1	127
4	196
65	49
12	0
6	199
5	566
7	183
0	450
6	65
2	161
0	0
715	404
0	127
20	280
1	215
2	117
1	53
0	0
1	0
0	0
0	0
0	2
0	2
3	19
0	17
0	4
0	1
0	0
76	834
62	1280
1	156
0	247
4	350
8	1051
0	508
163	7
0	547
6	0
17	32
0	0
2	0
0	18
143	262
0	267
56	255
0	79
0	0
0	0
1	1
0	1
0	0
1	0
0	0
0	1
0	1
0	0
5	487
29	98
7	426
5	66
0	181
0	127
6	94
0	121
0	156
2	6
0	3189
4	3477
0	3486
35	0
32	4767
5	4858
10	4738
0	1688
0	4
0	632
14	2874
3	252
0	1116
0	944
2	560
2	703
0	748
0	446
0	412
2	234
46	80
0	0
17	9
0	0
3	49
22	1250
1	123
24	584
35	754
0	1505
0	1553
0	297
0	190
1	57
0	0
1	57
0	312
1	1
0	1
0	0
0	1
24	262
0	262
1	15
33	92
0	132
1105	169
0	0
0	0
0	40
0	0
0	0
0	0
0	0
0	0
0	0
0	0
0	0
0	0
0	0
1	99
0	99
0	0
1	0
0	15
0	0
0	6
0	4
2944	885
91	164
0	200
0	385
0	420
5	425
0	0
1	109
1	336
15	360
1	38
0	36
5	38
0	8
0	734
0	283
1	96
0	100
3	542
0	671
0	168
17	328
1	205
71	0
0	4274
18	4615
5	3343
5	4266
0	3640
12	683
35	423
0	316
22	1028
25	2853
48	1904
7	1416
0	934
14	0
71	485
3	355
0	463
0	355
0	469
2	392
0	411
5	398
0	223
0	143
0	0
0	96
399	261
0	12
0	79
2	168
990	10748
3	7509
253	10748
34	5309
9	1272
152	2616
4	748
25	885
13	322
0	149
0	735
0	782
0	460
0	522
0	492
3	124
18	298
5	9
3	257
3	284
15	206
0	222
0	65
2	110
0	88
4	7
0	992
0	148
0	153
0	179
0	273
7	379
33	1156
0	310
2	231
2	1162
1	0
2	67
0	4
106	263
1	2
0	45
0	80
0	71
0	32
0	93
1	0
8	48
0	4
0	1
1	51
0	75
0	134
0	49
0	12
0	65
0	83
2	3
0	91
0	14
0	0
40	1072
9	1077
46	684
3	762
6	147
0	382
0	200
0	209
0	188
1	178
68	678
3	643
0	44
1	169
1	3
3	98
16	75
0	0
0	0
0	0
0	0
0	0
0	0
0	0
0	0
0	0
0	0
0	0
0	0
0	0
0	0
0	0
0	0
0	0
0	0
0	0
1	0
0	0
0	0
10	1155
69	1160
37	1146
9	311
0	550
17	360
0	255
0	233
3	104
0	16
2373	86
0	61
1	3
28	20
0	0
109	2561
19	2839
206	2764
0	612
17	22
2	34
5	0
2	34
4036	518
0	514
196	3486
11	2950
2	728
6	964
28	463
12	19
4	19
0	2
19	41
0	33
1	0
0	2
0	1
0	4
0	1
0	0
0	0
0	2
0	2
0	0
0	0
0	0
0	0
0	0
0	0
0	0
334	2460
51	2305
4	256
0	741
8	55
9	710
5	0
28	301
0	1
1	1
1	225
4	207
110	201
0	2
0	11
0	0
14	170
3	143
0	11
0	57
0	25
0	0
32	58
7	0
0	0
0	0
0	0
0	77
0	77
0	65
0	76
0	26
0	76
0	0
0	0
0	0
0	0
0	0
0	4
1511	0
33	247
25	273
0	45
0	91
2	73
108	316
3	156
16	316
0	113
3	23
0	0
0	0
0	0
0	0
0	0
0	0
3	1058
0	4
0	1058
0	1050
167	1053
26	3
5	1049
60	1053
5	381
187	46
286	120
2	206
719	62
0	15
3	58
8	92
48	45
3	163
7	1394
0	1394
2	801
0	330
34	1148
1	35
0	0
2	303
0	81
0	382
0	127
0	132
0	281
0	157
0	387
0	127
0	238
0	224
165	246
0	8
4	8
0	7
91	1242
21	1243
0	371
15	159
0	368
0	209
4	2
0	24
2	24
6	0
64	2801
3	3030
13	2971
0	2961
62	2918
0	2952
30	453
1	120
10	491
2	416
2	359
0	105
4	11
3	24
134	4860
1003	5264
2	592
11	456
12	525
0	1582
0	1261
18	187
0	113
99	0
0	21
0	6
0	6
0	5
1	6
0	6
0	0
0	1
0	1
1	0
0	1
0	2
0	2
0	2
0	0
0	3
0	3
0	1
0	1
0	0
0	3
0	3
0	0
415	2147
1	2078
1	263
195	1610
2	406
4	39
0	123
0	764
8	475
14	307
0	530
1	145
8	3705
559	3964
4	2835
1	3519
7	3483
28	427
59	16
11	525
220	55
5	1568
3	77
7	39
1	198
10	375
1	569
0	615
1	93
0	694
0	988
9	521
7	438
0	0
28	526
29	249
105	56
60	3279
0	3263
0	1594
24	12
17	213
1	340
1	248
0	73
7	8
45	0
196	1519
16	19
0	48
3	30
12	90
228	36
105	8
38	880
185	880
0	0
102	1812
52	1812
1	43
25	62
1	0
0	0
0	14
0	14
0	2
0	0
0	9
9	148
60	179
7	17
2	27
0	2
0	24
1	26
0	59
0	1163
0	1115
0	1119
30	332
2	40
10	1035
19	1009
0	988
4	20
2	71
58	51
2	68
0	118
0	25
4	12
2	12
0	0
8	6
0	6
0	0
0	0
0	1
0	0
0	1
0	1
1	0
0	1
0	0
0	0
0	1
0	0
0	577
0	1
0	1
0	1
0	1
0	226
0	48
0	0
2162	1180
3	341
0	488
44	1098
34	382
0	285
1	0
1	416
0	3
19	728
0	0
142	1647
4	0
1	1483
8	1315
0	536
1	1140
0	1194
0	1
0	1143
0	1150
24	1046
3	21
3	213
0	1074
1	19
267	0
9	1006
3	60
0	99
1	167
30	78
0	49
0	0
0	38
0	19
0	5
0	5
0	0
0	0
0	0
0	1730
4	1967
9	204
11	1831
1	192
4	476
109	549
5	317
17	288
40	259
0	259
0	0
1	1
16	1
2	0
0	0
0	0
0	0
1563	5730
82	5758
0	5626
73	5728
14	155
1	83
3	28
239	27
0	24
2	20
0	3
0	137
83	151
1	18
4	36
595	354
65	365
0	178
8037	3951
206	14
7	3273
0	812
8	1811
9	0
3	0
22	2028
1529	7545
55	6259
0	5561
4	4317
54	2787
40	326
53	4003
2	4
1	4
7	193
46	0
5	1742
0	537
7	0
4	643
0	6
6	6
1	0
0	0
0	0
0	0
3	248
0	140
0	211
10	174
0	143
0	198
1	80
0	2
3	19
1	13
0	13
11	4
0	8
1	11
8	5
49	1236
0	83
2	1237
6	0
0	126
2948	527
21	171
0	122
0	25
3	204
16	83
21	3757
2	3808
0	4018
0	4014
0	4086
49	791
3	85
1	224
2	154
0	2532
8	189
4	328
3	266
14	497
5	385
129	105
0	4963
2	1027
0	113
0	1304
1	379
3	516
15	1084
6	509
0	636
0	520
0	4628
0	4510
0	1405
39	4322
0	649
8	1209
0	3996
4	449
1	863
6	550
0	601
9	135
0	957
9	315
3	296
1	1167
2	967
0	884
1	571
0	740
4	758
0	469
3	18
1	326
8	608
20	141
11	58
2	2210
0	3907
173	3871
1	115
1	188
4	619
203	253
25	212
8	277
87	0
19	29
13	635
17	121
1545	4579
0	2097
16	159
6	1064
26	2191
15	119
0	14
0	119
200	356
0	200
20	237
3	136
166	60
12	60
0	0
0	0
0	0
162	883
6	309
8	185
7	190
0	58
88	379
2	219
16	119
2567	0
0	0
29	17
1	0
0	4
3	14
0	6
0	12
0	0
0	0
108	2401
64	1150
43	1462
10	431
2	136
0	26
0	120
6	235
39	254
25	472
15	327
2	46
0	0
41	79
2068	231
9	152
0	49
3881	1239
0	1091
0	556
0	0
10	1
0	102
3	347
0	537
140	450
1	157
7	128
2	202
0	0
67	189
3	539
2	134
1	250
0	90
1	113
250	58
0	8
0	1
0	3
9	11
12	39
0	0
0	0
0	0
0	0
1	76
0	77
0	2
0	5
0	1
0	1
0	13
0	0
0	1
1	107
0	47
0	76
0	98
0	55
0	82
0	83
0	74
0	0
0	0
4145	4486
6	2060
8	1108
20	1102
4	204
80	1762
2	935
12	156
0	0
1	171
0	171
0	1
1	0
0	37
0	0
0	1
0	11
0	4
0	0
4	0
1	840
1	814
1	33
10	1
0	412
1	353
4	399
1	59
0	30
3	571
93	4358
0	4574
13	4197
2	1174
6	74
0	1653
1	290
4	1816
0	217
4	1790
0	334
1	872
1	278
0	1232
4	584
63	2153
7	420
0	378
3	313
5	328
6	747
11	804
0	349
0	109
1	442
0	378
11	60
0	44
7	25
19	51
0	0
1255	1336
1	1318
0	16
403	0
3	0
2026	316
3	131
2	131
0	106
4	96
3	44
14	54
0	0
0	0
0	0
0	0
0	0
0	0
0	0
0	0
0	0
0	0
0	0
0	0
0	0
0	0
0	0
0	0
0	0
0	0
0	0
0	0
0	0
1	0
0	0
0	1
0	1
0	0
0	0
0	0
0	0
0	0
0	0
0	0
0	0
0	2
0	2
0	2
4	0
10	0
0	0
0	0
0	0
1	0
0	0
0	0
0	0
0	0
0	0
0	0
0	0
0	0
0	0
1	3
0	3
18	51
4	51
0	30
1	103
6	257
2	4
0	134
1	46
0	125
0	199
3	23
2	76
2	130
0	170
1	15
1	39
0	28
2	120
0	0
818	1006
0	105
33	841
0	251
1	223
125	235
7	10
0	0
0	0
19	4411
53	224
0	4280
0	149
11	12
0	0
20	0
4	68
181	394
31	0
0	2306
0	1820
0	2073
3	93
0	542
0	625
3	222
1	109
14	23
0	275
0	383
2	2220
0	2301
4	2316
4	2346
1	109
0	147
18	2130
0	2249
3	2211
0	2246
12	2325
7	200
1	105
11	151
40	341
1	144
0	182
0	39
0	51
0	98
0	2
1	36
0	20
25	19
0	11
0	3
0	0
0	92
0	0
0	0
109	4622
23	1495
7	3081
56	3437
1	4622
5	1221
0	15
27	2
0	24
0	26
1	11
1	12
0	13
9	0
34	0
0	0
7	184
24	161
0	46
1	25
3	12
14	0
0	310
0	53
2981	547
3	44
4	278
0	44
38	10
0	61
0	0
6	97
2	149
848	158
5	70
0	33
8	67
0	0
0	622
0	578
0	543
1	600
29	1
0	70
6	63
0	0
4	56
8	55
2	39
2	56
495	4902
64	0
2	4699
3	359
4	157
36	182
38	1715
20	453
23	466
0	292
3	337
78	86
1	69
0	12
14	17
0	4331
73	4330
0	4165
0	1441
0	2821
13	24
16	52
0	56
1	62
1	31
0	0
1	785
2	0
113	1373
40	11
3	156
2	180
1	245
0	483
0	307
0	0
0	588
35	806
0	143
2	129
0	131
0	126
0	33
0	35
0	0
0	1
0	1
0	1
0	1
0	0
0	0
0	0
0	0
0	0
1	0
0	0
0	0
0	0
0	2
0	2
0	1
0	1
40	0
0	0
0	0
3	1
1	2294
2	2324
17	28
0	2335
3	66
3	202
4	1876
1	0
0	0
0	0
0	2
0	2
0	0
0	0
4	1
0	1
0	0
0	0
3	4
0	3
0	0
2	1
0	0
0	0
0	0
0	17
0	21
0	3
47	91
0	20
0	29
0	15
0	0
0	0
0	12
0	18
0	14
1	0
16	73
1	73
1	20
0	0
0	0
0	490
1	2270
1	1936
18	2397
2	1730
1	1456
2	1415
0	1712
0	57
4	1366
0	5
4	1338
1	1494
0	404
0	1521
2	125
17	7
32	179
85	533
2	691
18	42
4	16
4	529
4	61
0	64
1	0
4	68
0	144
2	1553
874	1560
1	73
16	5
1	1
0	0
0	4
0	0
0	0
0	0
0	0
65	0
0	0
0	0
0	116
16	117
0	0
1	3
0	0
0	1
0	1
0	1
0	1
0	1
0	1
0	1
0	0
0	0
0	0
0	0
0	0
0	0
0	0
0	0
0	0
0	0
0	0
0	0
0	0
0	0
0	0
0	0
0	0
0	0
0	0
0	0
0	0
0	0
0	0
0	0
0	0
0	0
0	0
0	0
0	0
0	0
0	0
0	0
0	0
0	0
0	0
0	0
0	0
0	0
0	0
0	0
0	0
1	0
0	0
0	0
0	0
0	0
0	0
1	0
1968	5540
0	5540
13	208
20	369
0	612
15	637
6	788
0	386
27	0
0	0
118	11
0	83
38	483
315	1543
0	1401
0	1336
0	1320
2	1300
0	2980
0	2906
5	1778
0	1470
213	2763
0	1301
0	30
10	1615
0	0
9	59
1	54
1	13
0	10
0	0
38	0
0	0
0	0
0	0
0	0
0	0
0	0
13	2
1	2
19	0
395	136
2	136
411	2098
508	12
7	2097
12	8
0	8
0	1
2	0
0	0
0	0
95	1319
0	1115
0	1075
68	1115
0	0
7	732
10	465
2	214
0	135
0	112
0	0
65	389
2403	403
0	156
6021	156
229	464
11	451
48	138
2	0
5	16
7	0
112	95
0	80
0	0
21	51
771	2879
0	2144
2	936
3	105
37	412
110	141
1	412
6	97
2	394
0	23
0	373
35	197
0	151
0	0
0	0
9	0
10658	0
7	0
0	0
0	0
0	0
0	0
0	0
1	2782
0	0
0	1
3	1
0	0
0	0
0	0
0	0
0	0
50	591
2463	5357
121	5357
1	0
0	0
5	0
0	0
0	0
1487	1252
0	1240
0	415
4	719
0	531
1	531
5	759
0	810
1	144
5	696
0	180
12	421
58	75
0	0
0	0
11	0
0	0
1	0
0	0
0	0
0	1
0	3
0	1
1	3
0	0
2	0
1061	3087
4	2720
88	1657
102	1113
3	903
14	1813
27	333
3	615
24	220
9	713
133	281
0	281
6	0
0	0
0	0
0	0
0	0
0	0
0	22
15	22
1	3
3	0
370	11048
93	839
63	3883
4	1508
2	1027
290	0
15	249
153	6826
4	471
28	223
13	401
0	0
4	44
46	27
0	0
1283	659
0	189
0	516
1	73
3	76
0	114
0	55
0	0
0	1
0	0
82	1
1	0
1437	341
6	170
2	112
0	0
4	173
1	10
11	1871
84	1695
3	1510
3	51
0	1072
11	607
0	122
0	227
0	0
40	698
1	676
0	707
8	39
0	11
0	13
0	13
0	12
0	4
1	0
0	1
0	0
9	272
0	25
0	0
2	9
0	0
0	0
0	0
0	0
0	3
12	3
1703	1473
6	1473
26	44
0	115
0	0
186	764
16	764
5	178
0	51
2	582
13	1896
176	1512
9	273
0	1088
0	608
0	552
0	336
3	120
4	151
0	3
0	150
1	138
0	120
2	114
3	99
98	112
0	0
3	21
0	24
0	5
0	0
25	286
7	274
41	263
0	258
1	274
0	110
1	112
2	100
1	0
0	0
0	0
0	0
0	0
0	0
1	45
0	45
1	0
0	0
3	3351
0	1706
0	3109
8	95
0	401
0	396
44	530
12	48
13	109
123	79
0	10
1027	91
2	85
0	6
1	31
0	31
2	21
0	2
0	543
1	543
9	360
0	59
19	36
0	0
1	0
0	0
2	0
1	19
0	0
0	19
0	445
0	445
6	0
17	0
5	0
319	295
2	105
0	18
6	19
1	216
2	204
0	18
786	35144
17	29113
61	3480
100	31690
3	2
69	8220
497	0
7	3482
3	0
0	0
0	0
0	0
0	0
0	0
0	0
0	0
0	0
0	0
0	0
0	0
0	0
0	0
0	0
0	0
0	14
112	64
0	0
1	0
0	61
2	0
0	7
5	0
3	155
466	155
0	0
181	38
1	38
1060	16294
58	16193
7	5982
0	10140
10	6799
2	17
0	17
0	0
0	0
0	0
0	0
0	0
0	0
0	0
4	1
0	27
0	0
0	0
1	0
0	0
0	0
17	0
0	0
0	0
0	0
45	0
0	0
0	0
0	0
0	190
8	54030
13	51910
116	25323
0	39074
10	5189
9	6953
0	28506
0	5662
0	0
7	4303
4	8393
19	8
2	3512
128	5103
51	2464
52	18905
1	11
0	0
3	95
0	89
4	92
0	94
2	84
0	34
0	11
0	0
0	0
0	1
0	1
60	3625
28	1632
0	3151
2	5054
79	2394
7	0
0	164
86	0
27	0
57	526
3	74
2	4807
0	109
16	2
7	672
1886	2317
0	581
0	4
0	6
0	11
0	8
0	2
0	0
0	0
0	0
0	2
3	2
0	0
0	0
0	0
0	0
0	0
0	0
15	0
6032	276
7	61
5	107
26	85
3	23
115	244
5	246
2	57
2	35
0	13
2	1
0	0
41	240
2	173
13	232
0	150
0	31
3	59
2	152
306	185
1574	2422
0	76
1675	170
1	31
273	64
0	8
3	588
13	1742
2	60
3	46
1	105
54	20
2	307
1	102
61	7
0	290
93	32
12	19
0	19
1	223
100	452
11	5
0	240
0	0
0	0
1	0
2	10
0	10
0	0
0	0
0	0
0	0
0	3
0	0
0	1
0	1
0	1
0	2
0	0
37	0
47	1399
68	1914
2	1239
7	1213
1	497
8	490
0	283
19	0
1	0
5	73
0	73
0	3
0	6
1	0
0	0
0	17
0	7
0	4
0	13
2	19
0	17
0	15
0	14
4	256
10	256
0	260
0	62
0	10
0	11
2	1
0	0
0	0
0	0
0	0
0	0
39	476
3	130
19	2620
8	2616
0	136
1	157
9	33
9	810
13	36
13	0
102	0
23	0
12	206
2	129
1	160
11	2057
0	1775
0	341
5	1406
0	957
0	1414
0	1435
0	0
31	0
0	5
0	0
2	34
7	33
41	1211
0	746
3	866
5	1
4	317
89	1
0	49
0	199
2	0
0	0
0	0
0	0
0	0
0	0
0	0
0	0
0	1
6	1
0	2
3	2
0	0
1	0
0	0
0	0
0	0
1	0
0	0
0	0
0	0
0	0
22	288
0	7
4	284
23	0
2	0
0	0
0	2
0	2
0	2
1	845
29	0
2863	2762
0	2607
39	436
41	297
39	127
111	389
9	359
2	6
1	8
112	138
359	162
0	0
4	24
0	2
12	7
0	7
0	0
74	21
1	21
1	1
0	1
0	0
181	233
4	212
41	33
235	1230
3	371
0	617
0	61
10	0
11	41
6	84
0	158
0	208
0	180
0	53
2	21
3	0
3	352
0	132
0	128
2	0
0	130
183	2
201	38
0	36
0	0
0	0
0	59
0	100
143	259
1	0
1	9
0	116
6	56
3	29
10	2531
0	2789
795	2852
1	2603
4	1597
12	1239
2	453
1	564
56	761
1	277
0	405
8	158
36	721
182	4
3	224
41	130
0	121
3	112
17	462
11	0
168	0
0	0
4	3189
510	4312
148	1123
385	0
10	1347
2	0
0	320
1	46
65	975
17	12
17	83
0	968
0	49
3	18
24	2
1	46
0	46
1900	2206
12	1954
0	24
2	327
2	67
0	3775
0	3775
0	127
0	3699
4	494
1	66
2	19
3	19
0	19
0	19
0	7
0	1
4	157
0	0
14	176
1	0
22	0
0	36
5	2
0	17
23	660
126	907
0	727
0	900
13	991
0	212
12	3
1	200
33	2
7	29
0	19
1	53
9	13
0	0
1	0
0	15
0	15
0	15
2	50
1	0
0	15
3	2832
1	2905
2	35
0	35
0	1363
6	216
0	143
25	0
0	0
369	0
1	0
1	0
3	100
23	301
0	253
0	287
197	37
0	8
0	0
0	13
0	9
0	0
31	0
673	243
2	243
25	151
5	142
73	0
0	0
0	0
0	0
0	0
0	0
0	0
0	0
0	0
0	0
20	340
41	5
2	112
31	51
0	57
0	57
2	10
0	168
0	168
0	41
1	0
0	0
0	0
0	0
55487	4
1	0
769539	303
0	0
40291	4
0	0
1	0
1	0
8315	79
0	0
0	0
0	0
0	0
0	0
306059	125570
1	0
0	0
68	99742
0	0
7706	0
101	53777
121	167793
0	0
23	13832
0	0
8	1570
12480	10256
0	0
0	0
0	0
15424	4
568	6
0	0
38616	2
0	0
0	0
0	0
0	0
0	0
0	0
0	0
0	0
0	0
0	0
0	0
0	0
0	0
0	0
0	0
0	0
0	0
0	0
0	0
0	0
0	0
0	0
0	0
0	0
0	0
0	0
0	0
0	0
0	0
0	0
0	0
0	0
0	0
0	0
0	0
0	0
0	0
0	0
0	0
0	0
0	0
0	0
0	0
0	0
0	0
0	0
0	0
0	0
0	0
0	0
0	0
0	0
0	0
0	0
0	0
0	0
0	0
0	0
0	0
0	0
5	204
0	0
0	0
0	0
0	0
0	0
19	4
0	0
0	0
0	0
0	0
0	0
9	4
1	0
1	209
0	23
141	204
0	0
0	0
0	0
0	0
0	0
0	0
0	0
1198	792
3	774
31	636
8	142
2	4
0	0
0	0
0	0
0	0
0	0
0	0
0	96
0	96
0	84
2	0
2	16
1	16
6	16
0	16
0	0
0	0
0	0
0	0
3	83
10	452
0	86
0	9
0	18
1	1
1	2
0	2
0	1
0	10
0	10
0	7
0	18
0	6
0	17
1	17
0	15
0	4
114	502
4	339
0	4
0	0
0	5
0	1
0	5
0	4
0	0
0	0
0	0
0	0
0	0
80	23
1	23
0	13
0	12
0	5
0	5
1	0
4	174
30	9
7	174
19	150
1	11
960	4539
2	4520
1	560
7	6
1	6
0	0
1009	102
3	72
10	95
0	0
0	100
0	87
0	565
0	164
0	378
0	90
0	292
0	26
0	227
3	34
0	253
0	92
0	51
0	254
0	146
3	528
0	108
1	451
0	422
0	117
0	111
0	102
0	51
0	60
2	58
1	55
0	100
0	32
0	440
0	31
2	254
0	216
0	40
1	157
0	201
0	151
1	10
319	112
584	146
3	109
1	36
6	16
0	5
8	13
2	4
5	2
0	2
0	7
7	0
0	44
0	918
0	856
7	871
2	886
26	836
0	859
0	45
0	876
1	868
0	779
62	797
6	13
0	779
0	319
0	738
3	15
0	654
0	293
7	631
27	216
0	0
0	37
10	144
41	2
0	2
2	16
12	2439
0	1710
1	1820
0	1872
0	2025
0	1583
22	245
11	9
7	17
129	23
0	9
9	3438
68	52
0	1452
0	2448
3	2059
1	290
3	418
0	532
0	1281
1	495
5	383
0	307
136	751
21	754
1	597
3	561
3	91
191	535
1	122
1	411
0	0
0	0
88	0
0	0
0	894
0	883
9	851
0	660
1	135
0	93
1	87
3	87
0	121
0	2
0	0
3	1
0	1
0	0
268	0
1	0
5	1
0	0
0	0
0	1
0	0
0	0
0	0
0	0
9	983
9	925
0	978
34	267
12	263
84	24
0	0
1	24
0	4
2	4
32	2734
7	2679
44	2661
0	960
0	938
24	218
0	323
5	338
7	242
13	3
0	452
3	3873
0	3223
66	7409
76	6874
0	6754
238	7125
0	4568
201	2699
22	2218
37	591
7	1
0	1
0	246
0	246
0	235
9	229
0	205
295	1570
4	964
0	409
1	508
3	82
1	60
0	82
0	82
0	86
5	72
1	19
9	408
0	358
5	429
9	112
0	53
1	51
4	142
0	0
0	0
0	0
0	0
0	0
0	0
0	0
0	0
0	0
0	0
0	0
0	0
0	0
0	0
0	0
0	0
1	1
0	0
0	0
0	0
0	0
0	0
0	0
0	0
69	0
0	0
0	0
0	0
0	0
0	0
0	0
0	0
0	0
0	0
0	9
0	0
0	0
0	0
0	0
0	0
0	0
0	0
0	0
0	0
0	0
0	0
122	0
0	0
1073	6
2	1
0	0
3	77
0	0
0	1
631	97
0	85
2	5
0	34
0	28
0	0
0	0
0	0
2782	418
0	188
0	335
4	109
0	0
0	0
4	72
5	72
0	0
12	174
9	172
0	113
0	10
0	204
1	291
0	288
0	298
9	246
0	205
1	163
8	71
0	5
36	45
1	45
0	0
0	0
129	1649
3	1623
1	1695
0	0
6	146
0	1
0	1
0	0
4	713
145	4344
310	4378
0	716
2	0
0	0
0	0
0	0
0	0
0	0
0	0
0	0
0	0
0	0
0	0
0	0
0	0
0	0
0	0
0	0
0	0
0	0
0	0
0	0
0	2724
0	2673
0	2688
0	2637
2	2529
13	102
2	74
24	0
0	0
0	0
0	0
0	1
6	644
5730	648
2	32
0	0
1422	0
0	0
850	2270
22	956
16	2107
5	112
1	1354
2	2
1	2
0	0
0	0
21	0
0	0
18	7
0	7
272	4488
23	3962
12136	8149
9	622
0	1045
41	820
12	2095
0	17
0	17
89	3278
0	0
2	489
0	2
0	2
1	0
18471	8031
0	1510
18	3187
47	2000
100	2822
0	0
0	0
1	0
55	0
0	0
0	3522
0	3751
4	3785
85	2989
0	334
0	265
17	406
6	1743
0	460
8	145
2	45
0	45
0	0
3	0
0	12
2	0
0	0
0	0
0	0
0	0
0	0
0	0
0	0
0	0
0	0
0	48
0	0
0	0
0	0
0	0
0	0
0	0
0	0
0	0
1	0
0	0
0	0
0	0
7434	0
131	156
0	114
0	83
2	14
2	0
13	0
0	0
0	0
388	583
0	509
0	120
0	125
0	205
0	0
0	0
0	0
0	0
0	0
2	3289
9	3202
1	533
6	2210
72	1918
10	189
11	474
0	2036
2	382
73	84
0	0
0	0
9	16
1	16
0	0
0	0
0	0
0	0
108	4
106	4
4	0
8	0
0	0
0	0
0	0
0	0
0	0
0	0
0	1
0	0
36	0
4	23
1	63
0	18
4	45
2	33
1	33
0	0
0	3310
1	1330
8	3147
0	1232
1	1190
0	0
2	0
0	1181
0	1131
2	202
0	0
0	598
0	0
32	0
2	3
0	0
2229	1
1	2146
0	2262
0	2282
0	1348
0	1755
0	1731
0	1732
41	12312
8	1867
0	1142
795	12312
3	1844
1	1448
16	2820
0	400
183	3009
23	471
2	141
16	273
6	152
6	377
19	252
1	43
1	138
5	252
0	0
4	1500
0	0
0	0
0	0
112	1550
132	913
180	787
0	912
0	834
1	227
2	620
20	321
2	257
1	15
0	15
0	0
20	195
16	195
0	0
262	13
2	13
260	27
3	27
0	175
16	438
2	341
1	278
12	255
5	24
8	25
8	25
3	377
0	379
0	310
0	19
55	0
0	0
24	0
0	0
1	0
0	0
0	0
1	6
0	0
0	0
0	0
0	0
0	0
5	8
9	8
0	0
0	0
0	0
0	0
0	0
10301	0
0	0
0	0
0	0
0	0
0	0
0	0
0	0
0	0
0	0
0	0
0	0
0	0
0	0
0	0
4	129
0	124
0	124
0	124
0	129
1	24
1	3
2	0
0	0
0	734
49	72
10	678
0	124
61	19
0	0
0	0
0	0
0	0
0	0
0	0
0	0
0	0
0	0
0	0
0	0
0	0
0	0
0	0
0	0
0	0
0	0
0	0
0	0
0	0
0	0
0	0
0	0
0	0
0	0
0	0
0	0
0	0
0	0
0	0
0	0
0	0
0	0
0	0
0	0
0	0
0	0
0	0
0	0
0	0
0	0
0	0
0	0
0	0
0	0
0	0
0	0
0	0
0	0
0	0
0	0
0	0
0	0
0	0
0	0
0	0
0	0
0	0
0	0
0	0
0	0
0	0
0	0
0	0
0	0
0	0
0	0
0	0
0	0
0	0
0	0
0	0
0	0
0	0
0	39
0	0
0	0
0	0
0	0
0	0
0	0
0	0
0	0
0	0
0	0
0	0
0	0
0	0
0	0
0	0
0	0
0	0
0	0
0	0
0	0
0	0
0	0
0	0
0	0
0	0
0	0
0	0
0	0
0	0
0	0
0	0
0	0
0	0
0	0
0	0
0	0
0	0
0	0
0	0
0	0
0	0
0	0
0	0
0	0
0	0
0	0
0	0
0	0
0	0
0	0
0	0
0	0
0	0
50	1825
0	0
0	0
0	0
0	0
0	0
0	0
0	0
0	0
0	0
0	0
0	0
0	0
0	0
0	0
0	0
0	0
0	0
0	0
0	0
0	0
0	0
0	0
0	0
0	0
0	0
1	0
0	0
0	0
156	1545
39	1545
21	127
0	60
0	0
1	350
5883	2
0	74
0	74
0	74
0	74
0	0
3	2
0	0
27	247
372	247
6	55
0	0
0	0
0	0
0	0
0	0
0	0
0	0
0	0
0	0
2758	0
109	34
0	34
17	108
9	3
0	3
0	0
13028	16585
20	12917
44	3771
0	0
0	361
0	3
55	131
4	2091
0	2091
0	154
1	98
0	5
78	1168
14	209
0	656
0	827
0	575
32	376
2	615
2	437
30	595
0	595
0	0
32	277
180	286
12	286
1	57
7	25
0	0
0	0
0	0
0	0
7177	856
0	0
21	856
14	0
414	321
21	121
49	283
900	114
0	114
0	0
1523	0
96	0
0	0
0	0
0	0
0	0
0	0
0	0
0	0
0	0
0	0
0	0
0	0
0	0
0	0
0	0
0	0
0	0
0	0
0	0
0	0
0	0
0	0
0	0
0	0
0	0
0	0
0	0
0	0
0	0
0	0
0	0
0	0
0	0
0	0
0	0
0	0
0	0
0	0
0	0
0	0
0	0
0	0
0	0
0	0
0	0
0	0
0	0
0	0
0	0
0	0
0	0
0	0
0	0
0	0
0	0
0	0
0	0
0	0
0	0
0	0
0	0
0	0
0	0
0	0
0	0
8	70
0	70
0	70
0	19
0	0
0	0
0	0
1	0
0	0
0	0
0	0
0	0
0	0
0	0
0	0
0	0
0	0
0	0
0	0
0	0
0	0
0	0
0	0
0	0
0	0
0	1
509	952
11	899
0	765
0	11
0	26
0	25
0	26
0	0
0	9
0	0
0	0
0	0
0	0
2	206
82	7428
1636	7428
7330	7428
151	4479
178	245
4	0
0	1564
0	1598
0	1230
0	1486
13	90
192	339
41	158
0	141
3	98
1593	0
5	121
0	0
0	0
0	0
0	0
0	0
0	0
0	2
0	0
0	0
0	0
0	0
0	0
0	0
0	0
0	0
0	0
0	0
0	0
0	0
0	0
0	0
0	1
0	0
0	0
0	0
0	0
0	0
0	111
0	66
0	105
1	66
0	105
2	111
0	62
0	1
0	0
0	0
0	0
0	0
32	1418
970	3478
33	947
3	192
0	161
0	114
32	208
15	33
0	463
52	854
1	697
31	794
1	365
0	29
1	11
23	25
0	0
0	0
0	0
151	26
2	4
6	518
4	8368
6	126
0	763
37	8289
2	16
1	5774
2	8292
52	8288
1	0
1	0
119	6120
0	6267
29	288
3	69
10	270
164	6273
1	70
4	432
0	0
0	0
0	0
0	0
0	0
0	0
0	0
0	0
0	0
0	1
0	1
0	0
0	0
0	0
0	0
0	0
0	0
0	0
0	0
0	0
0	0
0	0
0	0
0	0
0	0
1	0
0	0
0	0
0	29
2	29
0	0
0	0
0	0
0	0
0	0
0	0
0	0
0	0
0	0
0	0
0	0
0	1
0	0
0	0
0	0
0	0
0	0
0	18
0	0
0	100
4	99
12	95
0	53
0	20
0	3
0	2
0	174
51	814
1	472
0	364
37	39
9	6
0	71
3	360
166	0
1	152
2	113
0	11
2	149
0	6
153	0
2	920
0	808
9	396
51	216
7	59
1	88
0	0
958	238
56	222
0	219
0	0
0	0
0	0
2	674
15	6
4	670
1	67
0	522
0	249
34	1717
0	1717
0	544
30	1945
1	1815
1	2103
0	910
0	24
13	0
9	760
0	760
13	763
10	727
5	93
0	16
3	3
0	10
0	177
0	178
7	178
10	88
0	178
1	27
0	177
0	0
9	0
240	18
0	18
0	0
0	0
0	855
0	905
3	905
0	877
32	844
4	717
5	114
5	110
0	34
0	0
0	0
0	0
0	0
0	0
0	0
0	0
0	0
0	0
0	0
3	5
0	0
0	0
0	0
0	0
0	0
0	0
0	0
0	0
0	1
0	1
0	1
0	0
0	0
0	0
0	0
0	0
0	0
0	0
0	0
0	0
0	0
3	2111
0	0
0	0
0	0
0	0
0	0
0	0
28	87
5	152
0	42
10	588
0	18
58	824
850	846
10	115
46	101
4	99
5	312
0	37
0	285
2	147
0	2
0	2
1858	0
0	0
785	528
0	528
13	586
19	149
3	304
1	213
0	18
0	1
0	2
0	0
0	0
0	20
0	20
0	0
0	4
0	3
0	1
0	0
0	0
0	0
0	0
0	0
0	0
1791	10
69	75
0	0
0	0
3	73
0	0
0	0
0	0
0	0
0	0
0	0
0	0
0	0
0	0
0	0
0	0
0	0
0	0
40	83
0	0
1	0
0	0
0	0
0	4064
261	1304
23	428
0	1152
0	68
0	69
3293	0
0	0
0	0
0	0
0	0
0	0
0	0
0	0
0	0
0	0
0	0
1	2
0	2
0	1
1	1
0	0
0	0
0	0
3	218
0	205
1	164
0	69
0	0
0	0
0	0
0	0
0	0
45	468
2	572
0	511
5	77
0	0
0	0
0	0
17	0
0	0
0	0
166	292
160	292
0	0
0	1
0	1
0	1
0	0
1	0
0	0
6	0
1	0
0	0
0	0
1	0
0	3
4	14
2	14
0	4
0	0
2	22
0	0
0	0
0	0
0	0
0	0
0	0
0	0
0	0
0	0
0	0
0	0
0	0
0	0
0	0
0	0
0	0
0	0
0	0
0	0
0	0
0	0
0	0
0	0
0	0
0	0
0	0
0	0
0	0
0	0
0	0
0	0
0	0
0	0
0	0
16	0
0	12
0	0
0	0
0	0
0	0
0	0
95	0
0	0
113	0
1	251
0	7
198	1024
0	931
0	488
0	837
0	837
11	720
0	143
0	0
1	0
2511	0
0	0
15	193
22	1060
0	1002
0	92
0	633
0	0
92	8112
39	7646
0	3812
0	0
0	8086
91	8220
14	3520
2	371
90	2507
12	487
57	673
3	10
0	10
0	0
0	0
0	0
0	0
0	0
0	0
0	0
6	341
1267	334
120	114
0	0
0	0
0	0
0	0
0	0
1	0
8	197
29	360
1	108
1	62
0	101
2	73
1	10
3	11
422	522
189	944
0	948
0	1003
0	559
2	103
0	0
0	0
0	0
0	0
0	0
0	0
0	0
0	0
0	0
0	0
0	0
0	0
0	0
0	0
0	0
0	0
0	0
0	0
0	1
0	0
0	0
0	0
0	0
0	0
5	43
0	43
0	43
0	23
0	0
0	0
0	0
0	7
0	0
0	0
0	7
0	0
1	0
0	0
0	0
0	0
1	0
9	47
0	0
0	2
0	2
0	2
2	1706
0	1713
0	1764
3	231
33	911
0	0
0	0
0	0
0	0
0	0
3	0
0	0
1	0
0	0
0	0
0	2
0	0
0	0
0	0
0	0
0	0
0	0
0	0
0	0
1	0
0	0
2	0
0	0
0	0
10	0
0	0
0	0
0	0
0	0
0	0
0	0
0	0
0	0
0	0
0	0
0	0
2	0
11	27
1	1
0	0
0	0
0	0
0	0
0	0
0	0
0	0
0	0
0	0
0	1
0	1
0	0
0	0
12	92
0	0
0	0
0	0
0	0
0	0
0	0
0	0
0	0
4	3
0	3
0	0
0	0
0	0
0	0
0	0
0	0
0	0
0	0
0	0
0	0
0	0
0	0
0	0
0	0
3	7
1	7
0	0
0	0
0	0
0	0
27	55
0	0
0	0
0	0
0	0
0	0
0	0
0	0
0	0
0	0
0	0
0	0
0	0
0	0
0	0
0	0
0	0
0	0
0	0
0	0
0	0
0	0
0	0
0	0
0	0
0	0
0	0
0	0
0	0
0	0
0	0
0	0
0	0
0	0
0	0
0	0
0	0
0	1
0	0
0	0
0	2780
4	7
46	60
46	774
20	768
0	2626
0	2547
0	2616
0	2732
2	2693
0	0
5	596
5	32
23	41
0	0
0	0
0	0
0	0
14	866
0	0
0	0
0	0
0	0
0	0
14	14
0	2
0	12
0	1440
1	2
0	0
0	0
1363	218
3	216
454	3
0	0
0	0
0	0
0	10
0	0
0	0
0	0
365	184
3	241
2	102
1	89
0	0
0	0
0	0
0	6
0	0
0	0
0	0
0	0
0	0
0	0
0	0
0	0
0	0
0	0
5	132
5	137
73	146
0	0
0	205
0	1513
0	193
2	1391
0	1533
0	1309
21	367
0	620
0	1436
59	820
0	1421
41	48
24	104
33	666
23	111
0	1653
0	1743
0	218
0	60
0	60
0	60
3	10
2	17
2	1139
10	979
2	1023
0	938
0	151
5	66
0	0
0	0
0	0
0	0
31	1858
70	1894
2	1838
7	1894
0	586
12	809
0	0
0	0
0	0
0	0
2	331
3	1047
29	1124
3	1058
4	72
0	96
1	0
0	0
0	1
0	92
71	92
0	0
0	0
0	0
1	0
0	0
0	0
0	0
20	1
0	0
0	0
0	0
0	1
0	0
46	24
0	22
0	0
0	2
0	0
0	0
0	0
0	0
1	1
0	1
0	0
0	0
117	835
0	833
0	835
3	213
1405	106
14	106
0	0
7	309
5	309
0	3
0	0
0	0
0	0
0	0
0	0
3	0
3	11
0	10
0	4
0	1
0	140
26	117
11	147
0	45
0	25
0	12
1	8
0	0
0	0
0	0
0	0
0	0
0	5
0	5
0	5
0	0
0	0
0	0
0	0
2	74
0	71
1	65
0	8
0	14
0	10
1	14
0	8
0	12
0	4
2	0
532	0
0	13
0	13
0	15
0	1
0	4
0	1
0	23
0	0
0	0
0	4
0	0
0	0
11	1383
28	1383
5	0
0	0
0	0
0	0
10	2
0	2
52	0
159	232
5	232
0	109
3	1311
1220	3570
1	1041
29	34
0	3229
3	682
1	313
26	336
0	22
0	32
0	32
0	0
115	0
0	89
0	89
2	89
5	36
0	27
665	7954
0	6432
1	5291
0	8327
42	1103
3	4875
8	803
4	6445
19	1278
64	2818
1	480
3	235
0	465
4454	24
325	388
5	388
0	0
0	26
0	21
0	17
1	26
0	5
5	15
2	14
1	2
0	3
304	2912
52	2630
0	1374
31	453
1	125
40	1361
1	251
0	916
0	449
76	2977
176	2438
3	530
1	1257
24	1293
3	2198
1	305
78	1407
9	165
0	165
6	0
0	0
68	2401
1	2341
28	2105
4	135
4	101
2	260
0	54
10	88
11	187
0	168
1	240
0	60
1	26
13	135
0	5
0	0
0	5
0	3
0	144
0	106
0	129
0	129
2	103
0	100
0	110
0	125
0	141
0	109
0	121
0	9
0	16
0	30
0	495
1	13
0	7
1	8
1	0
2	361
20	1056
19	1212
21	1107
0	659
6	585
0	345
15	579
19	23
78	365
15	21
4	77
2	164
1	185
0	34
4	123
0	163
0	35
1	11
0	43
1	42
0	26
60	6631
0	2849
69	6565
3	359
0	341
0	155
0	0
5	2911
0	2871
2	1648
0	1559
2	1920
0	2015
18	2023
0	344
2	172
0	1279
0	1434
0	458
0	700
19	168
2	101
1	130
0	105
0	152
4	245
5	25
0	15
5	99
0	0
0	0
13	2107
0	2077
4	632
0	518
0	333
137	0
0	0
0	0
0	0
0	10
0	0
0	0
0	0
0	0
0	0
6	706
0	0
0	0
0	67591
326	70787
0	70720
1	69756
0	64803
28	3834
171	3845
117	1608
0	3911
78	2028
0	3232
20	1595
7	4880
0	3362
85	2251
0	622
320	820
0	520
3	209
3	454
0	607
33	984
0	8
349	26076
2	20295
0	7814
215	26076
145	1819
9	9601
2	10250
27	12096
27	908
1	3323
81	2973
0	25
0	311
0	311
0	258
0	258
1	107
0	82
0	0
7	9
7	76
0	0
2	6
0	37
0	1394
88	250
0	294
14	1330
32	1341
5	452
1	532
3	1327
0	310
1	367
0	373
7	417
0	307
6	312
2	73
24	51
0	367
1	501
0	347
0	362
430	4698
9	1090
13	1274
3	4655
72	837
1	1059
1	991
1	470
14	700
0	218
8	2255
33	2094
0	259
1	1991
0	148
1	186
0	491
4	319
0	371
1	229
198	408
14	410
0	0
0	0
0	12
115	339
1	328
1	17
2	29
0	13
1	23
0	18
4	26
16	395
120	389
4	367
2	1172
0	962
3	413
7	174
1	495
12	65
0	20
0	689
0	870
33	851
31	887
57	799
1	625
0	662
1	381
0	301
1	253
0	216
1	20
2	109
0	28
0	137
0	2167
0	2097
0	336
1587	1590
3	1587
2	610
0	354
1	816
0	2170
3	2170
0	962
4	2
4	76
6	147
0	367
0	2164
2	1624
0	1969
6	68
4	312
0	247
0	0
0	0
4	5
0	0
0	0
0	0
0	0
0	0
0	0
0	0
0	0
0	0
0	1
0	0
0	0
0	11
0	0
0	0
0	0
0	0
0	0
0	0
0	0
0	0
0	0
0	0
0	0
0	1
0	0
0	0
0	0
0	0
0	0
0	0
0	0
0	6
0	0
0	18
0	13
0	13
0	0
0	0
751	965
0	398
1	93
37	96
3	201
1	313
5	93
0	492
0	278
0	305
0	238
0	0
5	96
161	611
0	435
3	553
0	168
0	8
1	22
0	92
0	64
25	142
0	52
0	0
0	16
0	0
0	0
0	0
0	1
5	78
0	77
4	233
1	0
0	8
1	5
845	81
3	60
0	37
43	57
0	38
20	13
23	103
0	81
0	71
201	11
291	844
0	633
36	502
25	750
0	163
0	26
61	418
4	0
0	0
0	0
2	337
1278	337
6	176
3	0
45	0
3	0
0	0
0	2
20	547
0	5
0	5
89	594
0	74
0	196
51	2613
1	2466
7	2613
1	2613
3	1605
2	0
0	0
0	0
0	0
0	0
0	5
0	0
0	0
0	0
0	0
0	0
0	0
0	0
0	0
0	0
0	0
0	0
0	0
0	0
0	0
0	0
0	0
0	0
1	0
0	0
0	0
0	0
0	216
2792	1239
149	1239
3	0
0	0
0	0
0	0
12	0
1454	390
20	388
0	0
0	0
0	0
0	0
0	0
0	0
0	0
0	0
0	0
0	0
0	0
0	0
0	0
0	0
0	0
0	0
0	0
0	0
0	0
0	124
0	124
0	130
1	0
0	6
0	12
0	0
13	3
0	3
0	0
0	0
0	0
0	0
0	0
0	0
0	0
1	13
0	0
0	0
27	319
28	66
0	6
0	9
0	3
0	10
0	45
0	1
0	1
0	0
0	0
1	7765
0	0
0	0
0	572
10	84
0	0
0	0
0	85
5	302
414	348
0	0
0	0
51	618
0	0
0	0
0	0
0	0
1	0
0	0
0	0
0	0
0	0
32	140
443	2702
1	405
0	0
0	0
0	0
1	2254
2	0
4	0
1	27
0	512
3	118
0	0
28	36
21	290
3	1306
0	393
13	568
0	1428
0	149
0	0
0	0
0	0
0	0
684	25
0	27
2	3
1	7
0	0
3	1869
0	1974
3	1870
0	2046
2	40
2	102
9	229
0	0
0	0
14	30
2	0
0	0
0	0
1	0
0	0
37	0
0	0
0	0
0	0
0	0
0	0
0	0
0	0
0	5
0	0
0	0
0	0
0	0
0	0
0	0
1	0
0	0
0	0
0	0
0	0
0	0
0	1
0	0
0	0
0	0
0	0
1	1
0	0
0	0
0	0
0	0
0	0
0	58
0	0
0	0
0	0
1	17
0	0
0	0
0	0
0	0
0	0
0	0
0	0
0	0
0	0
0	0
0	0
0	0
0	1
0	0
0	0
0	0
1	0
0	0
1	42
0	0
0	0
0	0
0	0
0	0
0	0
0	0
0	0
0	0
0	0
0	0
0	0
0	0
0	0
0	0
0	0
0	0
0	0
0	0
0	0
1	0
0	0
0	0
0	0
0	0
0	0
0	0
0	0
0	0
0	0
0	0
0	0
0	0
0	0
0	0
0	0
0	0
0	0
1	0
0	5
0	5
1639	96
1	79
0	0
0	0
14	18
0	6
0	0
0	117
12	117
0	3
855	123
0	66
2	57
0	0
0	0
1	2
0	2
0	2
0	0
0	0
0	0
0	0
0	0
0	0
3	3195
0	3156
6	3161
0	310
9	326
2	84
9	1
8563	4069
3	3160
6	1802
1	9
0	49
0	104
2	238
49	116
0	115
0	151
0	227
393	223
0	0
0	0
0	0
0	0
0	0
0	0
0	0
0	0
60	474
2	660
1	658
0	659
0	0
0	0
6	0
0	0
0	0
362	3545
1	650
1	967
9	3549
1	349
3	311
1	62
0	0
0	0
0	0
1	2
124	12
19	12
0	0
453	740
29	0
1	0
4	1
0	0
0	740
0	0
86	0
5	134
0	55
0	134
0	115
0	120
0	124
10	94
2	94
7	52
0	65
0	56
0	20
0	58
0	2
0	5
0	64
0	23
0	21
0	5
0	5
0	0
0	0
0	0
0	0
933	0
0	0
0	0
0	0
0	0
0	96
0	86
1	99
15	19
0	0
0	41
53	31
0	10
4	922
0	877
35	561
4	103
0	91
0	71
46	282
2133	339
28	337
11	110
0	0
0	2
0	0
1	71
20	71
0	0
2	0
0	0
2	3
0	3
0	3
0	2
0	0
0	0
193	4389
48	2574
0	4421
5	1528
44	1791
72	379
22	0
1	2
0	2
0	0
1	2
0	0
0	0
0	0
0	0
0	0
0	0
339	145
1	125
82	119
0	76
0	0
0	0
166	0
0	0
0	0
4	0
294	825
2	766
0	72
0	47
6	278
0	311
0	0
0	139
11	81
0	0
3	8
64	51
0	1521
0	950
1	79
107	768
4076	1628
2	970
0	0
4	6
200	28
1	4
0	18
0	1
2456	572
2	568
1	0
0	0
0	0
2	1900
48	1417
0	1900
45	1731
5	1313
0	0
0	0
8	0
0	2
0	39
0	36
0	36
0	36
0	36
0	36
0	39
0	3
0	3
0	0
0	0
0	0
0	0
0	2
0	2
0	10
3	10
0	0
1577	526
186	526
0	0
0	0
0	0
0	0
166	0
0	0
0	0
0	0
0	0
0	0
0	0
0	0
24	937
87	934
0	880
1	431
1841	198
1	4
7	194
0	0
2	5
0	12
0	12
0	6
0	0
0	0
0	0
0	1776
0	1782
0	1808
0	1996
15	1994
24	1965
15	30
0	257
0	9
0	9
0	3
0	0
0	0
0	0
0	44
0	17
0	20
0	20
1	20
0	1
0	2
0	0
44	349
0	0
691	681
34	542
0	207
0	0
0	0
485	518
1	204
0	327
0	1
1	1
0	73
56	113
3	36
4	34
1	38
20	2483
0	2523
0	2550
1	2494
9	98
1	51
12	984
0	161
4	209
0	76
0	50
0	18
0	55
0	56
0	2
0	4
0	1098
70	1098
13	1098
4	1085
0	1202
0	1124
0	1184
0	71
4	107
0	265
2	18
19	169
0	394
0	265
0	359
1	231
1	338
2	129
0	72
11	33
1	57
0	879
5350	5181
120	2336
37	945
81	2284
13	413
22	680
4	0
6	0
0	0
0	0
0	4654
14	4454
1	3835
1	4610
1	2799
0	106
2	273
8	4089
19	738
1090	4593
2	696
525	964
8	710
100	3547
1	10
0	0
0	0
23	0
1	57
0	3
0	0
0	0
0	0
0	0
0	0
0	0
0	3
0	0
0	5
2	1
2	1
336	81
0	0
0	4
0	3
0	0
2	0
2	87
0	87
0	87
0	9
4	80
0	0
267	479
1	475
0	25
784	0
0	1
18870	8265
16	6464
48	1513
0	0
19	60
5	60
1	25
0	11
0	7
0	1
1	1
0	0
100	193
0	100
3	167
5	178
0	34
0	1217
0	1157
0	1167
0	1180
0	1169
0	1172
3	640
0	0
0	1
0	0
0	0
0	0
0	0
0	0
3	24
0	0
0	0
0	0
0	0
0	0
0	0
0	0
0	0
0	0
0	0
0	0
0	0
0	0
0	0
0	0
0	0
0	0
0	2
0	3
0	2
0	3
0	0
0	0
0	0
0	0
0	0
2	0
2	0
0	0
0	0
0	0
54	725
0	0
8	0
0	0
0	0
0	0
0	0
0	0
0	0
0	0
0	0
0	0
0	0
0	0
0	0
0	0
523	0
0	0
0	0
0	1
8	6
1	8
42465	2204
23	1548
0	0
0	11
0	0
0	0
2	10
0	10
45	14
0	17
3	47
0	2
3	11
46	10
0	46
1	36
2	7
0	1
14	2
3	0
0	0
0	0
0	0
0	0
11	67
0	66
0	80
0	144
0	109
0	133
94	133
29	160
0	0
0	0
0	0
145	21
0	76
0	63
0	0
0	0
0	0
0	0
0	18
0	32
0	0
0	0
0	0
0	0
0	0
85	17
0	4
0	13
1	26
0	24
2	0
0	0
0	0
0	0
18	9187
70	9143
71	110
0	0
0	0
0	0
0	0
7	265
3	266
0	172
0	0
3133	119
3	117
100	2419
3	0
844	0
1462	0
0	0
0	39
0	0
7	0
1	55
0	0
0	0
18	231
0	205
10	209
14	138
0	170
5	84
0	5
0	40
0	64
1	68
2	22
13	30
0	4
1	0
0	0
3	0
685	387
112	376
70	42
231	0
0	4
0	0
0	335
1	0
0	0
7	2
1	2
1	1
0	0
0	0
0	0
0	0
0	0
0	0
0	0
0	3
1	0
2706	6466
21	38
4	66
0	352
3	426
1	0
0	305
8	420
0	388
9	6
274	195
0	253
21	1297
0	1538
0	164
250	814
0	0
26	3394
0	1696
10	1231
12	1339
0	831
27	531
0	404
23	29
0	312
76	296
0	313
43	371
13	150
0	4794
0	4265
0	4794
0	1770
0	1137
2121	3394
0	105
6	3289
102	2720
46	2720
0	270
71	141
0	0
164	0
0	0
2153	12397
0	12345
29	1634
1	283
0	283
0	19
0	0
0	0
1	0
0	0
0	0
0	0
0	0
0	0
0	0
0	0
0	0
0	0
0	0
0	0
0	0
69	34
0	34
1	0
1	0
0	0
0	0
0	0
0	0
0	0
0	0
0	0
0	0
0	0
0	0
6	0
22	2
0	99
0	101
10	99
0	4
0	13
0	4
0	13
0	1
1	13
0	0
0	0
0	22
0	23
0	18
0	18
0	1
0	0
0	2
0	22
0	0
0	0
113	0
0	0
0	0
0	0
0	0
0	0
0	0
0	0
0	0
1234	101
0	101
0	1
0	0
0	0
0	1
0	0
0	0
0	0
0	0
0	0
34	17
79	144
181	161
917	1745
0	1615
0	1554
20	292
8	133
6	0
8	3
1	6
3	4
1	13
32	11
3	6
18	3
0	0
13	0
2	0
362	8
1	0
0	0
4741	506
0	484
2	153
0	0
0	0
0	2
43	4
0	0
0	0
0	3
0	0
0	0
0	0
0	0
0	0
0	0
0	0
0	0
0	196
0	219
6	212
0	217
0	116
0	16
1	28
0	23
0	5
0	14
0	12
0	7
2	45
2	45
0	0
0	0
0	0
0	0
0	0
0	0
0	0
0	0
0	0
1	146
0	0
0	0
0	0
0	0
362	426
15	109
4	320
0	0
0	0
0	0
0	0
10	51
0	51
3	16
0	80
5	77
0	10
5154	4
50	0
0	0
0	0
0	0
0	0
0	0
0	0
0	0
2	0
1	1908
0	1779
1	229
30	650
0	0
0	58
0	0
1	82
0	65
0	63
7	75
2	128
0	117
0	6
0	0
0	67
0	0
0	0
0	0
0	0
0	0
0	106
1	103
0	81
0	0
0	23
0	2
0	0
1	0
0	0
0	0
0	0
0	0
1	8
0	5
0	0
0	0
0	0
0	0
0	1
0	0
0	0
0	0
0	0
0	0
0	0
0	0
0	0
0	0
0	0
0	0
0	0
0	0
0	0
0	0
0	0
0	0
0	0
0	0
0	0
0	0
0	0
0	7
0	0
0	0
0	0
0	0
0	0
0	0
0	0
0	0
2	8
0	8
0	0
0	0
0	0
1	2
0	11
0	11
0	0
2	14
0	11
0	0
0	0
0	14
1	11
0	0
0	4
0	4
0	0
0	0
0	0
0	0
0	0
6	11
0	0
0	0
0	0
0	0
1	1
0	0
0	4
0	0
0	0
63	0
0	0
0	0
0	0
0	0
2	30
4	2
3	2
0	30
1	0
0	4
0	0
0	0
0	0
0	0
0	0
0	0
0	2
1	0
0	0
0	0
0	0
0	5
0	4
0	0
0	0
0	0
0	0
0	0
0	0
0	0
0	4
0	0
0	0
0	0
0	36
0	0
0	36
0	0
0	0
0	0
0	0
0	36
0	0
0	0
0	0
0	0
0	36
0	0
0	0
0	36
0	0
0	0
0	0
0	0
0	0
0	0
0	36
0	0
0	0
0	36
0	0
0	0
0	0
0	36
0	0
0	0
0	0
0	0
0	35
0	0
0	0
0	2
0	0
0	0
0	0
0	0
0	0
0	0
0	0
0	0
0	0
0	0
0	0
0	408
0	0
0	0
0	0
1	63
0	0
0	0
0	0
0	0
0	0
0	0
0	0
0	0
0	0
0	0
0	0
41	828
0	1433
13	915
0	905
0	53
0	1472
9	0
0	0
0	0
1	0
0	0
0	0
0	0
0	0
0	0
0	0
0	0
0	0
0	0
0	0
0	0
0	0
0	0
0	0
0	0
0	0
0	0
0	0
50	717
7	721
0	604
0	15
0	2
0	0
242	122
0	70
0	56
1	23
0	0
51	524
35	524
8	355
59	358
11	189
0	45
2	68
0	0
15	2310
0	2991
66	1245
5	191
0	314
75	2696
1	268
2	233
0	0
337	1079
8	878
0	793
0	57
0	57
2	0
0	0
0	0
46	1165
0	1212
10	1153
16	1159
36	118
43	0
10	492
10	484
1	22
18	177
5	206
0	53
27	76
1	75
0	60
0	17
0	63
0	0
0	0
0	0
0	0
0	0
804	665
5	70
0	50
0	50
0	0
1	6
0	4
887	5939
14	5625
0	3548
0	3001
16	391
16	866
0	692
0	692
0	23
221	3387
16	3330
105	2855
0	2481
21	3396
0	8
0	0
1	0
300	0
0	262
3	266
3	14
1	285
1	273
0	6
1	13
0	255
0	256
3	48
0	3
1	0
0	46
0	47
3	9
0	5
81	1038
7	715
8	1036
0	0
1	306
1	331
0	339
1	325
0	35
1	0
3	4
0	3
0	0
0	0
0	0
0	0
0	0
0	45
2	45
0	22
4	21
0	0
0	0
0	0
0	0
0	0
0	0
0	1
19	8
0	0
0	0
0	0
0	0
0	0
0	0
0	0
0	1
0	1
0	0
0	0
0	1
0	1
0	0
0	0
1	1
0	0
0	0
0	0
0	35
0	60
0	56
0	8
5	13
0	7
0	0
0	0
0	0
1	0
0	0
0	0
0	0
185	102
30	100
16	1031
0	1049
13	1021
71	81
81	84
0	0
0	0
0	931
3	204
0	25
0	118
0	118
0	2
0	0
1	20
0	22
0	9
0	19
0	21
0	16
0	206
0	62
0	202
0	2
0	0
13	11
5	11
125	0
0	0
0	0
0	0
63	52
4	521
80	520
0	37
2	8
0	0
5	9
0	1
0	1
150	564
0	515
9	457
2	2
0	0
1	0
516	2864
0	2864
4	652
46	739
38	606
0	695
0	0
0	0
0	0
0	0
0	0
0	0
0	0
0	0
0	0
0	0
0	0
0	0
0	0
0	0
0	0
0	0
0	0
0	0
0	0
0	0
0	0
0	0
0	7
0	0
0	0
0	0
14	49
0	49
0	39
0	0
0	0
75	0
4	8264
0	8268
1	8253
209	8339
0	7456
0	8250
0	7779
0	2869
0	2657
0	2071
0	256
1	253
0	1015
4	431
1	29
2	8
1	15
0	0
0	4
37	25
1	4
0	0
0	10
0	0
0	4
32	99
4	98
0	7
1	2
20	0
0	0
0	0
0	0
0	0
10	37
0	17
0	9
9	15
0	35
0	20
0	29
0	4
0	2
0	62
3	48
2	61
0	0
10	89
0	103
1	77
0	77
0	26
0	4
0	6
7	3
0	0
3486	0
0	0
1	2
0	0
0	0
0	0
0	0
0	0
0	0
0	0
0	0
0	0
0	0
0	0
0	0
1	1
0	0
0	0
0	0
0	0
0	0
0	0
0	0
0	0
0	0
0	0
0	0
0	0
0	2
0	0
0	3
0	3
0	1
0	0
0	0
0	0
0	0
0	0
0	0
0	5
0	30
0	30
0	0
0	2
0	5
0	29
0	29
0	0
0	0
0	0
0	0
0	0
0	129
0	1
0	129
1549	6546
404	6544
1	1538
0	0
0	0
1734	193
0	24
1	193
18	0
0	0
5535	814
0	50
0	812
24	741
4	555
32	736
0	121
0	69
1	157
0	157
0	81
0	42
0	30
3	158
0	0
6	410
0	414
0	321
9	102
0	72
21	58
2	2
0	2
0	3
0	3
0	2
0	0
0	0
0	0
0	0
0	0
0	0
0	0
0	0
0	66
462	126
9	1440
151	1562
39	1507
40	773
0	663
0	0
1	0
0	0
0	0
2	256
5	1781
3	781
93	1738
0	0
22	50
0	0
1	0
0	0
0	0
0	1
431	595
0	595
192	499
15	499
11	633
0	419
5	564
0	157
0	213
1	2
2	52
299	175
0	175
1	24
0	0
0	0
0	0
35	1239
2	1239
1	0
5	524
6	60
0	0
0	0
0	0
0	0
0	0
0	0
2	0
2	2
0	0
0	0
0	0
5	3
0	0
0	664
5	664
8	677
0	29
0	622
1	376
3	0
0	2824
39	2795
12	2789
11	2849
0	14
0	0
0	0
0	0
0	0
0	3
0	0
2	262
19	450
8	5430
2	256
30	5886
0	5918
2	872
6	3
0	0
0	75
0	0
0	5266
1469	4
0	0
3	0
0	0
1	288
0	321
225	359
0	354
14	68
0	0
1	227
0	27
0	231
3	0
0	18
0	17
0	231
0	228
0	232
0	231
127	4
1	4
0	0
1	1
0	1
0	1
0	0
0	0
0	0
0	0
28	0
0	0
0	0
0	5
0	1
0	0
71	53
3	146
0	145
1	20
0	25
0	30
0	119
0	6
0	179
0	0
0	10
10	6
0	97
2	6
0	86
1	3
2	0
0	0
0	1
0	1
0	0
0	0
0	0
0	0
0	1
0	0
0	0
0	0
0	0
0	0
5	1
0	1
0	3164
0	3367
3	3097
4	809
4	87
24	625
2	9
0	0
0	0
0	0
0	0
0	17
0	0
0	0
0	0
2	879
0	0
0	0
0	0
2	0
0	0
0	0
0	0
0	0
0	0
0	0
0	0
0	0
0	0
0	0
0	0
0	0
0	0
0	0
0	0
0	0
0	0
0	0
5	22
0	22
0	0
0	0
0	171
0	229
1	130
0	229
4	93
6	0
1	8
0	0
0	0
0	0
0	0
0	0
0	0
0	0
0	0
0	0
0	0
0	0
0	0
0	0
0	0
0	0
0	0
0	0
0	0
0	0
0	0
0	1
0	1
0	1
0	0
0	0
0	0
0	0
0	0
0	0
0	0
0	0
0	0
0	0
0	0
0	0
0	0
0	0
0	0
0	0
0	0
0	0
0	0
0	0
0	0
0	0
0	0
0	0
0	0
0	0
0	0
0	0
0	0
0	0
0	1
0	0
0	0
0	0
1	37
0	1
1	1
0	1
0	0
0	16
0	49
0	36
0	290
22	324
0	290
42	234
0	192
0	183
115	35
0	0
4	7
0	6
14	0
88	170
0	155
3	24
0	0
0	24
0	1
0	6
95	270
6	237
0	241
0	270
0	20
4	82
1	90
19	94
4	26
3	12
0	49
2	43
5	30
2	1
0	1
0	158
0	156
0	46
0	53
0	46
0	5
0	4
0	5
0	1
0	0
0	37
0	0
0	0
3	1009
8	994
23	1005
0	942
0	899
0	0
4	240
0	398
0	248
0	267
4	197
30	3
0	0
3	0
3	3
0	0
52	3539
1	3519
0	315
1	35
0	437
0	108
1	103
0	0
0	181
19	181
2	1
0	12
0	462
14	430
5	298
0	194
0	0
0	0
0	0
1	84
0	85
0	78
0	116
0	6
1	191
0	0
36	2
0	2
0	2
22	48
42	0
32	740
9	740
0	0
17	9
2	0
5	394
0	662
0	1218
11	670
0	667
0	463
0	1221
1	122
0	0
7	30
0	28
5	478
1	0
0	0
0	0
0	0
0	0
14	22
12	22
1	34
33	3673
5	149
20	1324
197	16987
24	2926
52	4184
10	179
1	282
96	1011
0	4116
1	16605
0	583
0	0
0	4319
15	390
1	106
9	326
9	114
6	278
0	0
0	0
7	129
5	337
27	73
1	2
0	0
1	1185
0	970
0	1056
3	456
97	0
1	0
5	1948
2330	2478
7	130
0	101
6	103
10	181
13	140
0	0
0	571
0	578
0	584
0	12
0	12
1	42
0	457
54	7430
288	7558
11	1775
20	7086
10	643
4	446
110	8
2	9
1	4
1	3
0	0
1	0
0	2
3	2
0	353
3	281
8	348
2	58
0	12
9	5
0	5
0	1
0	0
0	1
0	0
1	1
2	32
0	23
1	29
0	20
0	0
0	0
0	0
0	0
11	2141
5	1083
13	2106
2	1180
0	133
1	83
0	0
0	0
0	0
0	0
0	0
16	3024
0	2861
30	4003
0	0
145	0
4	0
0	0
0	0
0	0
0	0
31	19
2	19
0	0
0	0
2	47
2	47
0	0
979	0
0	0
0	0
0	0
0	0
0	0
15	174
2	174
0	0
20	246
5	147
21	155
5	142
0	54
0	1
0	0
0	6
2	9
24	8
0	0
0	0
0	0
0	0
0	0
0	0
0	0
0	0
0	0
0	0
0	0
0	0
0	0
0	0
0	0
0	0
0	0
0	0
0	0
0	0
0	0
0	0
2	5
0	0
0	0
0	0
0	0
0	39
0	0
0	0
1	0
0	0
0	0
0	0
0	0
0	0
0	0
1	0
0	0
0	2
0	3
1	0
3	0
151	5299
21	4640
10	1592
505	2070
166	3642
17	3670
58	579
0	0
2	39
144	1167
8	1163
8	388
0	0
395	624
0	459
9	165
0	0
0	0
0	0
14	16
0	14
0	3
0	0
0	0
0	0
0	0
0	0
0	0
0	0
0	0
14	348
0	0
0	2
0	2
0	0
0	0
0	0
1	0
0	3
0	0
302	683
0	667
2	30
31	354
0	45
1	164
0	4
719	230
0	264
0	264
0	162
0	10
50	95
4	56
2	48
0	0
0	0
0	0
0	0
0	0
0	0
0	0
1	0
0	417
0	417
23	406
1	124
16	167
10	104
3	83
2	0
0	0
0	0
15	28
0	28
3	0
0	0
0	0
0	2
0	0
0	0
0	0
0	2
0	0
0	0
0	0
1	3219
8	26
4163	3215
5	192
1	237
0	96
3	339
2	167
6	413
1	389
3453	389
0	0
5	43
1	20
0	0
0	10
0	45
0	1
0	4
168	441
0	441
1	14
35	43
19	18
0	0
4	0
30	1822
24	565
0	980
1	120
1	1152
0	1585
67	1610
0	1440
4	1620
0	295
0	267
0	1109
3	924
0	159
417	0
0	0
0	0
7436	1767
13	637
1	1127
12	1
0	0
0	0
0	0
0	0
0	95
0	94
0	94
0	95
0	94
0	93
0	1
0	2
0	53
0	0
3	718
2	57
24	138
0	749
10	708
5	341
0	69
0	45
0	0
6	527
0	1
79	24
0	23
1	1
0	0
0	0
4	2
0	2
0	145
0	139
19	146
0	0
0	7
303	145
3	0
8	0
0	12
0	42
0	46
0	50
0	84
1	79
0	64
3	5
2	13
0	0
0	0
0	0
0	0
0	0
0	0
0	0
0	0
0	0
7	81
6	81
0	2
0	0
73	72
0	72
0	0
0	0
0	0
0	0
0	0
0	20
8	1583
7	1612
4	1638
0	55
2	0
13	1077
0	0
0	0
0	0
0	0
0	0
5	0
0	0
0	0
227	6535
8	5849
5	4165
0	1520
22	164
24	644
8	664
0	622
5	276
0	262
0	6
0	0
0	0
0	0
2081	458
17	458
0	0
0	0
1	740
0	72
1	39
12	1179
29	1186
10	1012
3	9
0	1189
5	325
0	31
7	2
0	1
367	0
0	357
0	0
0	0
0	0
0	0
0	0
0	0
0	0
67	0
0	0
0	0
4	238
15	238
350	127
0	183
96	265
7	35
6	14
13	1
502	230
5	107
2	132
5	63
138	6
5	6
0	251
2	251
21	45
0	0
0	0
0	0
0	0
0	63
0	63
0	32
12	28
2	28
0	0
0	109
62	128
0	13
7	88
4	64
0	0
38	10
3	10
0	230
12	1052
0	1238
31	1199
0	292
1	230
1	1198
0	299
159	294
5	56
4	6
0	54
0	0
0	0
0	0
16	688
90	681
103	513
21	211
1	223
9	167
2	87
0	3
4	19
46	109
1	109
0	0
3	0
0	0
0	0
0	0
0	0
1	65
5	77
0	59
0	77
0	20
4	31
0	0
1	591
0	385
0	393
0	77
0	77
0	569
0	570
0	363
0	364
0	371
0	372
1	14
720	0
4	241
21	36
0	183
0	228
533	392
0	379
1	38
0	0
0	0
205	95
0	77
0	18
7	0
2	0
1	0
0	976
0	0
0	0
0	0
0	0
0	0
0	0
0	0
0	0
4	0
1	0
3952	17790
12	17782
66	7488
4	81
0	79
0	7
0	3
0	2
1	65
1	66
0	59
2	0
0	2
0	0
1824	135
0	0
0	0
1	135
0	0
0	55
0	55
0	55
1	44
0	40
0	40
1	31
0	1
0	0
0	0
0	0
0	0
0	0
0	0
12	1816
72	1771
6	680
64	964
0	0
26	283
11	66
0	75
2	102
0	296
0	314
0	0
3	282
0	0
0	0
0	0
0	0
0	0
30	118
0	0
25	989
46	990
0	0
0	0
27	3
0	0
1	429
5	664
0	0
0	0
0	0
0	0
0	658
10	730
6	600
0	658
0	475
12	33
0	18
9	18
9	8
0	41
0	41
15	41
0	31
0	0
8	382
0	0
21	100
12	492
0	492
0	838
0	419
0	0
0	0
0	0
0	0
0	0
0	0
0	0
0	0
0	0
0	0
0	0
0	0
0	0
0	0
0	0
0	0
0	0
0	0
0	0
0	0
0	0
0	0
0	0
0	0
0	0
0	0
0	0
0	0
0	0
0	0
0	0
0	0
0	0
0	0
0	0
0	0
0	0
0	0
0	0
0	0
0	0
0	0
0	0
0	0
0	0
0	0
0	0
0	0
0	0
0	0
0	0
0	0
0	0
0	0
0	0
0	0
0	0
0	0
0	0
0	0
0	0
0	0
0	0
0	0
0	0
0	0
0	0
0	0
0	0
0	0
0	0
0	0
0	0
0	0
0	0
0	0
0	0
0	0
0	0
0	0
0	0
0	0
0	0
0	0
0	0
0	0
0	0
0	0
0	0
0	0
0	0
0	0
0	0
0	0
0	0
0	0
0	0
0	0
0	0
0	0
0	0
0	0
0	0
0	0
0	0
0	0
0	0
0	0
0	0
0	0
0	0
0	0
0	0
0	0
0	0
0	0
0	0
0	0
0	0
0	0
0	0
0	0
0	0
0	0
0	0
0	0
0	0
0	0
0	0
0	0
0	0
0	0
0	0
0	0
0	0
0	0
0	0
0	0
0	0
0	0
0	0
0	0
0	0
0	0
0	0
0	0
0	0
0	0
0	0
0	0
0	0
0	0
0	0
0	0
0	0
0	0
0	0
0	0
0	0
0	0
0	0
0	0
0	0
0	0
0	0
0	0
0	0
0	0
0	0
0	0
0	0
0	0
0	0
0	0
0	0
0	0
0	0
0	0
0	0
0	0
0	0
0	0
0	0
0	0
0	0
0	0
0	0
0	0
0	0
0	0
0	0
0	0
0	0
0	0
0	0
0	0
0	0
0	1
0	0
0	0
0	0
0	0
0	0
0	0
0	0
0	0
0	0
0	0
0	0
0	0
0	3
0	0
0	0
0	0
0	0
0	0
0	0
0	0
0	0
0	0
0	0
0	0
0	0
0	0
0	0
0	0
0	0
0	0
0	0
0	0
0	0
0	0
0	0
0	0
0	0
0	0
0	0
0	0
0	0
0	0
0	0
0	0
0	0
0	0
0	0
0	0
0	0
0	0
0	0
0	0
0	0
0	0
0	0
0	0
0	0
0	0
0	0
0	0
0	0
0	0
0	0
0	0
0	0
0	0
0	0
0	0
0	0
0	0
0	0
0	0
0	0
0	0
0	0
0	0
0	0
0	0
0	0
0	0
0	0
0	0
0	0
0	0
0	0
0	0
0	0
0	0
0	0
0	0
0	0
0	0
0	0
0	0
0	0
0	0
0	0
0	0
0	0
0	0
0	403
0	0
0	0
0	0
0	0
0	0
0	0
0	0
0	0
0	0
0	0
0	0
0	0
0	0
0	0
0	0
0	0
0	0
0	0
0	0
0	0
0	0
0	0
0	0
0	0
0	0
0	0
0	0
0	0
0	0
0	0
0	0
0	0
0	0
0	0
0	0
0	0
0	0
0	0
0	0
0	0
0	0
0	0
0	0
0	0
0	0
0	0
0	0
0	0
0	0
0	0
0	0
0	0
0	0
0	0
0	0
0	0
0	0
0	0
0	0
0	0
0	0
0	0
0	0
0	0
0	0
0	0
0	0
0	0
0	0
0	0
0	0
0	0
0	0
0	0
0	0
0	0
0	0
0	0
0	0
0	0
0	0
0	0
0	0
0	0
0	0
0	0
0	0
0	0
0	0
0	0
0	0
0	0
0	0
0	0
0	0
0	0
0	0
0	0
0	0
0	0
0	0
0	0
0	0
0	0
0	0
0	0
0	0
0	0
0	0
0	0
0	0
0	0
0	0
0	0
1	0
0	0
0	0
0	0
0	0
0	0
0	0
0	0
0	0
0	0
0	0
0	0
0	0
0	0
0	0
0	0
0	0
0	0
0	0
0	0
0	0
0	0
0	0
0	0
0	0
0	0
0	0
0	0
0	0
0	0
0	0
0	0
0	0
0	0
0	0
0	0
0	0
0	0
0	0
0	0
0	0
0	0
0	0
0	0
0	0
0	0
0	0
0	0
0	0
0	0
0	0
0	0
0	0
0	0
0	0
0	0
0	0
0	0
0	0
0	0
0	0
0	0
0	0
0	0
0	0
0	0
0	0
0	0
0	0
0	0
0	0
0	0
0	0
0	0
0	0
0	0
0	0
0	0
0	0
0	0
0	0
0	0
0	0
0	0
0	0
0	0
0	0
0	0
0	0
0	0
0	0
0	0
0	0
0	0
0	0
0	0
0	0
0	0
0	0
0	0
0	0
0	0
0	0
0	0
0	0
0	0
0	0
0	0
0	0
0	0
0	0
0	0
0	0
0	0
0	0
0	0
0	0
0	0
0	0
0	0
0	0
0	0
0	0
0	0
0	0
0	0
0	0
0	0
0	0
0	0
0	0
0	0
0	0
0	0
0	0
0	0
0	0
0	0
0	0
0	0
0	0
0	0
0	0
0	0
0	0
0	0
0	0
0	0
0	0
0	0
0	0
0	0
0	0
0	0
0	0
0	0
0	0
0	0
0	0
0	0
0	0
0	0
0	0
0	0
0	0
0	0
0	0
0	0
0	0
0	0
0	0
0	0
0	0
0	0
0	0
0	0
0	0
0	0
0	0
0	0
0	0
0	0
0	0
0	0
0	0
0	0
0	0
0	0
0	0
0	0
0	0
0	0
0	0
0	0
0	0
0	0
0	0
0	0
0	0
0	0
0	0
0	0
0	0
0	0
0	0
0	0
0	0
0	0
0	0
0	0
0	0
0	0
0	0
0	0
0	0
0	0
0	0
0	0
0	0
0	0
0	0
0	0
0	0
0	0
0	0
0	0
0	0
0	0
0	0
0	0
0	0
0	0
0	0
0	0
0	0
0	0
0	0
0	0
0	0
0	0
0	0
0	0
0	0
0	0
0	0
0	0
0	0
0	0
0	0
0	0
0	0
0	0
0	0
0	0
0	0
0	0
0	0
0	0
0	0
0	0
0	0
0	0
0	0
0	0
0	0
0	0
0	0
0	0
0	0
0	0
0	0
0	0
0	0
0	0
0	0
0	0
0	0
0	0
0	0
0	0
0	0
0	0
0	0
0	0
0	0
0	0
0	0
0	0
0	0
0	0
0	0
0	0
0	0
0	0
0	0
0	0
0	0
0	0
0	0
0	0
0	0
0	0
0	0
0	0
0	0
0	0
0	0
0	0
0	0
0	0
0	0
0	0
0	0
0	0
0	0
0	0
0	0
0	0
0	0
0	0
0	0
0	0
0	0
0	0
0	0
0	0
0	0
0	0
0	0
0	0
0	0
0	0
0	0
0	0
0	0
0	0
0	0
0	0
0	0
0	0
0	0
0	0
0	0
0	0
0	0
0	0
0	0
0	0
0	0
0	0
0	0
0	0
0	0
0	0
0	0
0	0
0	0
0	0
0	0
0	0
0	0
0	0
0	0
0	0
0	0
0	0
0	0
0	0
0	0
0	0
0	0
0	0
0	0
0	0
0	0
0	0
0	0
0	0
0	0
0	0
0	0
0	0
0	0
0	0
0	0
0	0
0	0
0	0
0	0
0	0
0	0
0	0
0	0
0	0
0	0
0	0
0	0
0	0
0	0
0	0
0	0
0	0
0	0
0	0
0	0
0	0
0	0
0	0
0	0
0	0
0	0
0	0
0	0
0	0
0	0
0	0
0	0
0	0
0	0
0	0
0	0
0	0
0	0
0	0
0	0
0	0
0	0
0	0
0	0
0	0
0	0
0	0
0	0
0	0
0	0
0	0
0	0
0	0
0	0
0	0
0	0
0	0
0	0
0	0
0	0
0	0
0	0
0	0
0	0
0	0
0	0
0	0
0	0
0	0
0	0
0	0
0	0
0	0
0	0
0	0
0	0
0	0
0	0
0	0
0	0
0	0
0	0
0	0
0	0
0	0
0	0
0	0
0	0
0	0
0	0
0	0
0	0
0	0
0	0
0	0
0	0
0	0
0	0
0	0
0	0
0	0
0	0
0	0
0	0
0	0
0	0
0	0
0	0
0	0
0	0
0	0
0	0
0	0
0	0
0	0
0	0
0	0
0	0
0	0
0	0
0	0
0	0
0	0
0	0
0	0
0	0
0	0
0	0
0	0
0	0
0	0
0	0
0	0
0	0
0	0
0	0
0	0
0	0
0	0
0	0
0	0
0	0
0	0
0	0
0	0
0	0
0	0
0	0
0	0
0	0
0	0
0	0
0	0
0	0
0	0
0	0
0	0
0	0
0	0
0	0
0	0
0	0
0	0
0	0
0	0
0	0
0	0
0	0
0	0
0	0
0	0
0	0
0	0
0	0
0	0
0	0
0	0
0	0
0	0
0	0
0	0
0	0
0	0
0	0
0	0
0	0
0	0
0	0
0	0
0	0
0	0
0	0
0	0
0	0
0	0
0	366
0	0
0	0
0	0
0	0
0	0
0	0
0	0
0	0
0	0
0	0
0	0
0	0
0	0
0	0
0	0
0	0
0	0
0	0
0	0
0	0
0	0
0	0
0	0
0	0
0	0
0	0
0	0
0	0
0	0
0	0
0	0
0	0
0	0
0	0
0	0
0	0
0	0
0	0
0	0
0	0
0	0
0	0
0	0
0	0
0	0
0	0
0	0
0	0
0	0
0	0
0	0
0	0
0	0
0	0
0	0
0	0
0	0
0	0
0	0
0	0
0	0
0	0
0	0
0	0
0	0
0	0
0	0
0	0
0	0
0	0
0	0
0	0
0	0
0	0
0	0
0	0
0	0
0	0
0	0
0	0
0	0
0	0
0	0
0	0
0	0
0	0
0	0
0	0
0	0
0	0
0	0
0	0
0	0
0	0
0	0
0	0
0	0
0	0
0	0
0	0
0	0
0	0
0	0
0	0
0	0
0	0
0	0
0	0
0	0
0	0
0	0
0	0
0	0
0	0
0	0
0	0
0	0
0	0
0	0
0	0
0	0
0	0
0	0
0	0
0	0
0	0
0	0
0	0
0	0
0	0
0	0
0	0
0	0
0	0
0	0
0	0
0	0
0	0
0	0
0	0
0	0
0	0
0	0
0	0
0	0
0	0
0	0
0	0
0	0
0	0
0	0
0	0
0	0
0	0
0	0
0	0
0	0
0	0
0	0
0	0
0	0
0	0
0	0
0	0
0	0
0	0
0	0
0	0
0	0
0	0
0	0
0	0
0	0
0	0
0	0
0	0
0	0
0	0
0	0
0	0
0	0
0	0
0	0
0	0
0	0
0	0
0	0
0	0
0	0
0	0
0	0
0	0
0	0
0	0
0	0
0	0
0	0
0	0
0	0
0	0
0	0
0	0
0	0
0	0
0	0
0	0
0	0
0	0
0	0
0	0
0	0
0	0
0	0
0	0
0	0
0	0
0	0
0	0
0	0
0	0
0	0
0	0
0	0
0	0
0	0
0	0
0	0
0	0
0	0
0	0
0	0
0	0
0	0
0	0
0	0
0	0
0	0
0	0
0	0
0	0
0	0
0	0
0	0
0	0
0	0
0	0
0	0
0	0
0	0
0	0
0	0
0	0
0	0
0	0
0	0
0	0
0	0
0	0
0	0
0	0
0	0
0	0
0	0
0	0
0	0
0	0
0	0
0	0
0	0
0	0
0	0
0	0
0	0
0	0
0	0
0	0
0	0
0	0
0	0
0	0
0	0
0	0
0	0
0	0
0	0
0	0
0	0
0	0
0	0
0	0
0	0
0	0
0	0
0	0
0	0
0	0
0	0
0	0
0	0
0	0
0	0
0	0
0	0
0	0
0	0
0	0
0	0
0	0
0	0
0	0
0	0
0	0
0	0
0	0
0	0
0	0
0	0
0	0
0	0
0	0
0	0
0	0
0	0
0	0
0	0
0	0
0	0
0	0
0	0
0	0
0	0
0	0
0	0
0	0
0	0
0	0
0	0
0	0
0	0
0	0
0	0
0	0
0	0
0	0
0	0
0	0
0	0
0	0
0	0
0	0
0	0
0	0
0	0
0	0
0	0
0	0
0	0
0	0
0	0
0	0
0	0
0	0
0	0
0	0
0	0
0	0
0	0
0	0
0	0
0	0
0	0
0	0
0	0
0	0
0	0
0	0
0	0
0	0
0	0
0	0
0	0
0	0
0	0
0	0
0	0
0	0
0	0
0	0
0	0
0	0
0	0
0	0
0	0
0	0
0	0
0	0
0	0
0	0
0	0
0	0
0	0
0	0
0	0
0	0
0	0
0	0
0	0
0	0
0	0
0	0
0	0
0	0
0	0
0	0
0	0
0	0
0	0
0	0
0	0
0	0
0	0
0	0
0	0
0	0
0	0
0	0
0	0
0	0
0	0
0	0
0	0
0	0
0	0
0	0
0	0
0	0
0	0
0	0
0	0
0	0
0	0
0	0
0	0
0	0
0	0
0	0
0	0
0	0
0	0
0	0
0	0
0	0
0	0
0	0
0	0
0	0
0	0
0	0
0	0
0	0
0	0
0	0
0	0
0	0
0	0
0	0
0	0
0	0
0	0
0	0
0	0
0	0
0	0
0	0
0	0
0	0
0	0
0	0
0	0
0	0
0	0
0	0
0	0
0	0
0	0
0	0
0	0
0	0
0	0
0	0
0	0
0	0
0	0
0	0
0	0
0	0
0	0
0	0
0	0
0	0
0	0
0	0
0	0
0	0
0	0
0	0
0	0
0	0
0	0
0	0
0	0
0	0
0	0
0	0
0	0
0	0
0	0
0	0
0	0
0	0
0	0
0	0
0	0
0	0
0	0
0	0
0	0
0	0
0	0
0	0
0	0
0	0
0	0
0	0
0	0
0	0
0	0
0	0
0	0
0	0
0	0
0	0
0	0
0	0
0	0
0	0
0	0
0	0
0	0
0	0
0	0
0	0
0	0
0	0
0	0
0	0
0	0
0	0
0	0
0	0
0	0
0	0
0	0
0	0
0	0
0	0
0	0
0	0
0	0
0	0
0	0
0	0
0	0
0	0
0	0
0	0
0	0
0	0
0	0
0	0
0	0
0	0
0	0
0	0
0	0
0	0
0	0
0	0
0	0
0	0
0	0
0	0
0	0
0	0
0	0
0	0
0	0
0	0
0	0
0	0
0	0
0	0
0	0
0	0
0	0
0	0
0	0
0	0
0	0
0	0
0	0
0	0
0	0
0	0
0	0
0	0
0	0
0	0
0	0
0	0
0	0
0	0
0	0
0	0
0	0
0	0
0	0
0	0
0	0
0	0
0	0
0	0
0	0
0	0
0	0
0	0
0	0
0	0
0	0
0	0
0	0
0	0
0	0
0	0
0	0
0	0
0	0
0	0
0	0
0	0
0	0
0	0
0	0
0	0
0	0
0	0
0	0
0	0
0	0
0	0
0	0
0	0
0	0
0	0
0	0
0	0
0	0
0	0
0	0
0	0
0	0
0	0
0	0
0	0
0	0
0	0
0	0
0	0
0	0
0	0
0	0
0	0
0	0
0	0
0	0
0	0
0	0
0	0
0	0
0	0
0	0
0	0
0	0
0	0
0	0
0	0
0	0
0	0
0	0
0	0
0	0
0	0
0	0
0	0
0	0
0	0
0	0
0	0
0	0
0	0
0	0
0	0
0	0
0	0
0	0
0	0
0	0
0	0
0	0
0	0
0	0
0	0
0	0
0	0
0	0
0	0
0	0
0	0
0	0
0	0
0	0
0	0
0	0
0	0
0	0
0	0
0	0
0	0
0	0
0	0
0	0
0	0
0	0
0	0
0	0
0	0
0	0
0	0
0	0
0	0
0	0
0	0
0	0
0	0
0	0
0	0
0	0
0	0
0	0
0	0
0	0
0	0
0	0
0	0
0	0
0	0
0	0
0	0
0	0
0	0
0	0
0	0
0	0
0	0
0	0
0	0
0	0
0	0
0	0
0	0
0	0
0	0
0	0
0	0
0	0
0	0
0	0
0	0
0	0
0	0
0	0
0	0
0	0
0	0
0	0
0	0
0	0
0	0
0	0
0	0
0	0
0	0
0	0
0	0
0	0
0	0
0	0
0	0
0	0
0	0
0	0
0	0
0	0
0	0
0	0
0	0
0	0
0	0
0	0
0	0
0	0
0	0
0	0
0	0
0	0
0	0
0	0
0	0
0	0
0	0
0	0
0	0
0	0
0	0
0	0
0	0
0	0
0	0
0	0
0	0
0	0
0	0
0	0
0	0
0	0
0	0
0	0
0	0
0	0
0	0
0	0
0	0
0	0
0	0
0	0
0	0
0	0
0	0
0	0
0	0
0	0
0	0
0	0
0	0
0	0
0	0
0	0
0	0
0	0
0	0
0	0
0	0
0	0
0	0
0	0
0	0
0	0
0	0
0	0
0	0
0	0
0	0
0	0
0	0
0	0
0	0
0	0
0	0
0	0
0	0
0	0
0	0
0	0
0	0
0	0
0	0
0	0
0	0
0	0
0	0
0	0
0	0
0	0
0	0
0	0
0	0
0	0
0	0
0	0
0	0
0	0
0	0
0	0
0	0
0	0
0	0
0	0
0	0
0	0
0	0
0	0
0	0
0	0
0	0
0	0
0	0
0	0
0	0
0	0
0	0
0	0
0	0
0	0
0	0
0	0
0	0
0	0
0	0
0	0
0	0
0	0
0	0
0	0
0	0
0	0
0	0
0	0
0	0
0	0
0	0
0	0
0	0
0	0
0	0
0	0
0	0
0	0
0	0
0	0
0	0
0	0
0	0
0	0
0	0
0	0
0	0
0	0
0	0
0	0
0	0
0	0
0	0
0	0
0	0
0	0
0	0
0	0
0	0
0	0
0	0
0	0
0	0
0	0
0	0
0	0
0	0
0	0
0	0
0	0
0	0
0	0
0	0
0	0
0	0
0	0
0	0
0	0
0	0
0	0
0	0
0	0
0	0
0	0
0	0
0	0
0	0
0	0
0	0
0	0
0	0
0	0
0	0
0	0
0	0
0	0
0	0
0	0
0	0
0	0
0	0
0	0
0	0
0	0
0	0
0	0
0	0
0	0
0	0
0	0
0	0
0	0
0	0
0	0
0	0
0	0
0	0
0	0
0	0
0	0
0	0
0	0
0	0
0	0
0	0
0	0
0	0
0	0
0	0
0	0
0	0
0	0
0	0
0	0
0	0
0	0
0	0
0	0
0	0
0	0
0	0
0	0
0	0
0	0
0	0
0	0
0	0
0	0
0	0
0	0
0	0
0	0
0	0
0	0
0	0
0	0
0	0
0	0
0	0
0	0
0	0
0	0
0	0
0	0
0	0
0	0
0	0
0	0
0	0
0	0
0	0
0	0
0	0
0	0
0	0
0	0
0	0
0	0
0	0
0	0
0	0
0	0
0	0
0	0
0	0
0	0
0	0
0	0
0	0
0	0
0	0
0	0
0	0
0	0
0	0
0	0
0	0
0	0
0	0
0	0
0	0
0	0
0	0
0	0
0	0
0	0
0	0
0	0
0	0
0	0
0	0
0	0
0	0
0	0
0	0
0	0
0	0
0	0
0	0
0	0
0	0
0	0
0	0
0	0
0	0
0	0
0	0
0	0
0	0
0	0
0	0
0	0
0	0
0	0
0	0
0	0
0	0
0	0
0	0
0	0
0	0
0	0
0	0
0	0
0	0
0	0
0	0
0	0
0	0
0	0
0	0
0	0
0	0
0	0
0	0
0	0
0	0
0	0
0	0
0	0
0	0
0	0
0	0
0	0
0	0
0	0
0	0
0	0
0	0
0	0
0	0
0	0
0	0
0	0
0	0
0	0
0	0
0	0
0	0
0	0
0	0
0	0
0	0
0	0
0	0
0	0
0	0
0	0
0	0
0	0
0	0
0	0
0	0
0	0
0	0
0	0
0	0
0	0
0	0
0	0
0	0
0	0
0	0
0	0
0	0
0	0
0	0
0	0
0	0
0	0
0	0
0	0
0	0
0	0
0	0
0	0
0	0
0	0
0	0
0	0
0	0
0	0
0	0
0	0
0	0
0	0
0	0
0	0
0	0
0	0
0	0
0	0
0	0
0	0
0	0
0	0
0	0
0	0
0	0
0	0
0	0
0	0
0	0
0	0
0	0
13	8
9	136
0	7
2	575
12	912
0	646
32	288
2	762
0	409
1186	930
0	53
0	7
0	0
0	0
0	0
0	0
0	0
0	0
0	0
0	0
0	0
0	0
0	0
0	0
0	5
0	0
0	0
0	2
0	7
2	1
0	5
0	0
0	5
0	0
0	0
0	0
7	4
2	0
0	0
0	0
0	0
0	0
0	0
0	0
0	0
0	0
0	0
0	0
0	0
0	0
0	0
0	0
0	0
0	0
0	0
0	4
0	5
0	4
0	1
0	2
0	0
0	17
2	17
869	6107
2867	6375
0	0
0	0
0	0
0	0
0	0
349	0
