UniqueCount	AmbigCount
0	0
0	0
41	255
29	194
164	148
0	0
39	0
32	0
16	0
0	0
24	0
0	0
60	3
103	0
0	0
0	0
0	0
0	0
0	0
1	0
0	0
0	0
0	0
0	0
11	101
0	70
2	79
0	47
7	25
1	1
0	32
0	33
2	0
0	0
3	0
0	0
0	0
0	0
0	0
3	2
9	6
0	0
6	0
12	44
17	880
161	1457
7	256
1	975
18	0
117	218
6	694
0	281
5	1255
2339	2085
0	1268
3	1011
24	599
1	423
22	1398
4	909
248	241
392	3467
12	3467
5	67
0	0
0	2
0	2
0	1
0	1
0	0
0	0
0	0
0	0
0	0
0	0
0	0
1	1352
32	2007
31	362
101	1373
70	199
1	118
4	1698
55	621
0	0
3	0
0	0
5	3
0	39
0	39
0	6
0	18
1	8
0	0
0	0
0	0
1	0
0	0
2	198
0	392
411	27
0	22
0	1
99	4366
53	132
3	78
3	1827
0	3688
204	533
2	1578
33	46
12	427
5	42
30	123
1	441
123	43
0	661
8	0
1	8
0	0
4	24
0	79
0	79
0	79
0	1
0	3
0	65
0	57
0	14
0	79
0	6
0	3
0	8
0	9
0	0
0	0
3	42
0	0
0	0
0	0
0	0
765	3284
1	358
0	29
0	2348
0	0
0	774
508	2
35	195
61	3175
2	3064
3	348
0	0
0	0
0	0
30	0
4	0
2	0
42	0
0	0
163	0
0	0
2	0
0	0
0	0
0	6
0	8
0	9
0	8
0	2
0	1
0	1
0	0
1	5
0	0
0	0
0	0
1	6
0	6
0	33
0	7
0	0
0	0
0	0
1	0
0	0
0	2
0	0
0	0
0	0
0	0
0	0
0	0
0	0
0	0
686	2
2	22
0	21
0	2
0	1
1	12
12	4
0	4
0	378
2	2
2	4
5	0
0	4
0	0
116	131
4	131
0	19
2	12
0	46
3443	6
0	2
0	0
0	1
0	1
0	2
0	1
0	0
1	355
1	349
0	366
28	5
0	252
2	292
1	1
0	0
0	357
1	9
2	34
1	293
23	24
38	24
0	0
0	0
0	0
0	0
1	0
0	0
15	301
63	231
0	101
0	150
36	141
1	0
6	14
0	14
0	0
0	0
0	0
0	0
0	0
0	0
0	0
0	0
0	0
236	1737
0	861
8	993
0	533
128	1020
10	363
26	279
39	3
0	36
124	929
334	159
0	134
0	382
0	53
12	479
86	467
0	113
0	390
0	111
0	90
3	733
0	69
0	0
722	44
3	103
53	47
7	58
9	39
0	8
0	10
4	157
24	6
23	46
4	10
0	119
4808	7622
0	722
6	995
146	377
18	48
0	0
16	5480
183	0
51	269
0	736
0	37
11	37
6	0
11	0
0	0
0	0
3	9
1	0
0	0
0	2
0	0
0	0
2124	1532
55	31
2	609
0	0
18	272
0	0
0	222
1	219
0	652
0	193
0	0
0	11
0	6
0	0
0	1
0	4
1	11
0	6
0	6
1	0
0	8
0	0
0	0
1	0
0	10
0	0
0	0
0	0
0	0
0	0
0	0
3	1099
3	977
8	673
9	405
0	1028
1	20
10	34
31	35
0	112
0	409
1	456
0	468
0	247
8	190
0	113
0	153
1	14
5	77
0	0
0	0
0	0
64	0
8	3228
0	3229
63	2235
53	0
8	64
7	130
19	1530
56	1428
58	0
125	439
50	353
0	178
51	0
0	0
22	0
53	0
0	0
256	0
99	0
0	0
0	0
5959	903
6	610
0	354
1086	101
4	95
42	0
86	0
0	0
0	0
0	0
0	0
0	0
0	19
0	18
0	18
0	11
0	0
0	0
0	1
2	0
0	1
0	0
3	0
4	0
12	16
0	8
0	2
5	8
9	0
2	0
0	153
0	3126
56	192
0	192
0	0
1	57
13	99
108	99
11	0
18	0
0	0
0	0
0	3
0	0
36	619
2	328
4	547
79	161
47	0
1234	0
1	0
0	0
0	6
7	8
2	8
2	6885
502	35149
67	23351
43	7913
2	24741
25	14984
1979	1785
43	1777
0	0
2	0
0	525
0	513
0	483
0	492
0	482
1	0
0	0
0	0
0	677
0	716
0	667
0	380
0	670
0	621
3	468
0	21
1	49
7	67
0	28
0	54
17	122
0	26
993	219
0	152
43	187
9	17
8	0
302	808
40	821
24	662
4	530
1	658
0	357
5	142
7	4
0	3
1	10
0	7
0	0
1	0
15	1065
0	181
114	1065
0	52
11	63
97	85
1	39
0	0
4	9
0	0
0	0
0	7
98	7
0	0
39	37
0	5
0	22
1	20
0	0
0	0
0	0
9	15
0	1
0	0
99	0
2	0
1	2
4	2
1	1
0	27
0	6
5	28
0	0
1	0
0	0
0	0
0	2
0	2
0	0
0	0
0	0
0	0
0	0
0	0
0	0
0	0
0	0
0	0
0	0
0	0
0	0
0	0
0	0
0	0
0	0
0	0
0	0
2	303
1	1
0	1
0	0
0	0
0	0
0	0
0	0
2	1
0	0
0	0
1370	173
6	0
0	0
0	31
11	3
0	0
18	142
2	118
0	0
0	0
0	0
0	0
1	0
0	0
0	0
0	0
0	0
92	1278
1	1287
1	252
0	211
2	48
0	0
0	0
0	0
2	0
135	1735
0	0
1	1735
0	409
0	410
0	0
0	3
40	3
697	43
0	39
0	0
0	0
36	132
12	132
5	0
206	566
6	536
5	295
2	0
15	0
0	2
54	32
3	22
0	16
1	0
1202	500
0	0
1	0
0	500
0	0
0	0
0	1
0	0
1	68
1	68
0	23
0	31
0	31
1	0
0	7
11	66
0	0
2	0
0	0
0	0
0	536
0	536
2	536
16	414
0	103
0	0
0	0
0	0
0	0
0	0
0	0
0	0
1	0
0	0
0	0
9	0
0	0
3	0
0	0
140	120
5	120
0	41
0	0
0	0
0	0
0	0
2	0
0	0
35	1228
825	1620
0	293
0	1479
0	776
1	629
7	742
249	78
2	78
0	0
0	0
0	1306
0	4552
0	4687
0	4670
9	2410
349	4701
0	265
0	2548
326	865
1	0
0	0
0	22
0	22
0	1
1	0
3	2
0	4
0	3
0	0
3	63
6	7434
0	1285
13	14215
134	189779
35	51423
101	103462
87	128207
3	2139
3	273
0	130
194	2071
19	124
0	218
0	0
0	0
0	0
0	0
0	0
0	25
0	37
0	45
1	45
0	45
0	16
1	23
0	0
3	0
2	4
0	0
0	0
0	0
2	0
0	0
2	0
4	0
3	0
1	0
0	0
1	13
2	0
0	0
4	0
9	0
11	0
10	0
1	0
4	0
16	0
13	0
6	0
1	0
0	0
1	0
0	0
0	0
0	0
0	0
0	0
0	0
0	0
0	0
0	0
0	0
11	5
0	0
0	0
0	0
0	0
0	0
0	0
0	0
0	0
10	603
0	0
0	0
0	0
0	0
0	0
0	45
0	0
2	4911
0	4911
11	1694
14	48
16	28
34	691
56	631
9	639
88	31
0	3
43	585
20	305
134	0
3	39
211	2
26	14
23	8665
0	8846
0	8844
24	7845
76	5473
26	115
0	1
0	0
2	0
0	4
0	2
0	4
0	0
0	0
0	0
3	0
0	2
0	2
0	0
0	0
0	0
2	2
0	0
0	0
0	0
0	0
0	0
0	0
1	185
0	0
0	0
1	5
7	3
4	4
1	0
0	0
0	1
1	0
0	47
4	0
0	1
2	0
0	1
0	0
2	0
0	0
0	0
0	0
45	0
2	88
0	0
0	0
0	0
0	0
0	0
0	0
0	0
0	0
401	93
16	93
0	0
30	0
34	0
0	0
0	6
0	6
0	0
2	17
34	75
1	655
0	625
16	62
6	63
2	631
3	371
1	30
2	345
342	83
5	78
1	21
0	0
9	4
0	818
4	885
0	102
1	78
1	106
0	65
0	121
2076	162
3	16
7	31
0	25
0	21
0	32
0	0
1	11
0	0
0	0
21	15724
2	0
0	0
0	0
0	2725
0	219
0	209
0	1424
1	13503
0	15940
3	15901
20	0
0	69
7	42
0	0
499	149
178	2441
120	4511
0	13494
48	253
1	1
2	1
33	325
1240	4060
0	5425
2	0
21	185
0	403
2	339
0	0
0	0
0	0
1	0
50	0
288	0
0	0
161	450
34	450
2	0
1163	556
44	1
0	208
5	329
0	392
0	29
0	358
0	16
51	8
359	619
11	439
18	276
80	13
5	1
2	6
0	5
2	106
3	0
0	0
0	0
0	0
0	0
0	0
0	0
0	0
0	0
0	0
0	0
0	0
0	0
20	0
0	0
0	0
0	0
0	0
23	38
0	17
0	8
0	0
0	0
2	38
2	15
0	8
0	16
0	0
81	0
0	6863
39	6967
24	626
0	432
0	423
0	169
1	87
0	0
4	83
499	1806
8924	1967
92	182
3	161
0	0
5	0
0	0
0	0
0	0
0	0
0	0
0	0
0	0
0	0
0	0
0	0
0	0
0	0
0	0
2141	1525
89	1525
1	0
5	0
1138	7884
46	3364
66	7685
0	0
11	169
0	437
3	1772
31	5
47	2767
0	615
6	309
7	47
2192	398
138	398
0	124
0	30
6	19
1	99
35	275
0	402
0	392
3	437
2	610
24	567
155	0
0	548
0	9
5	24
1	14
0	0
0	2549
3	2677
0	1347
8	1354
0	0
6	221
7	141
0	54
196	94
0	0
0	0
0	0
0	0
6	60
76	434
61	401
1	411
3	398
14	27
0	19
24	8
9313	2970
26	2883
142	0
0	61
0	900
4	872
12	37
41	0
0	167
0	0
0	155
0	146
0	107
0	57
14	14
0	4
30	223
1	210
1	46
0	16
0	55
3	19
3	1037
10	1035
1	1035
9	1037
6	132
6	65
0	7
0	9
54	0
0	0
0	12
0	11
0	11
0	5
0	7
0	0
0	0
0	1
0	1
0	0
5	3825
1312	4721
4	1296
159	529
10	69
0	3063
4503	1195
8	81
52	332
1	783
0	576
3	117
6	215
0	1
0	1
0	0
1	0
0	0
67	213
0	0
0	0
0	22
1	39
1	152
0	6379
24	6379
126	1690
11	249
17	344
0	341
5	435
0	290
1	0
227	0
330	2
1	4
0	0
1	25
4	25
0	27
0	46
2	46
0	24
0	40
0	1
0	3
0	0
2	2
1	1
0	0
1	1
0	11
0	11
10	12
0	0
0	12
299	657
68	12
19	534
0	546
0	617
2	1
0	0
0	1
0	489
0	170
0	501
0	365
0	365
0	352
0	47
3345	10
25	8
59	1066
64	1165
3	712
6	587
8	1102
1	87
7	652
0	24386
174	24848
182	8276
2	5720
19	365
0	778
197	224
58	224
487	163
648	252
53	877
687	971
0	0
5	4
1	0
15	0
1	85
0	85
0	86
0	84
0	79
78	188
0	184
1	125
39	14
1	0
0	22
46	37
6	32
0	37
4	328
39	464
16	12
1	201
36	99
88	1246
94	1086
4	38
79	0
2	720
0	1081
6	171
0	0
0	0
0	0
0	0
0	0
0	0
551	1729
192	1379
0	1658
238	1426
1	354
20	1100
0	692
51	12
534	2217
65	2213
2	66
0	265
0	317
185	633
30	597
7	28
3	15
2	37
12	51
2	29
29	0
5	7
0	45
1	16
0	1
0	0
0	200
1	198
1	198
0	7
0	0
0	0
0	0
1	55
0	0
0	0
0	0
0	30
0	0
0	0
11	73
0	69
2	4
0	54
2	53
0	8
0	49
1	11
1	3
0	0
2	13
0	13
0	0
0	0
0	0
176	1133
0	17
0	326
68	0
2	878
0	0
1	4
0	0
27	15
585	23
0	0
18	0
4	6
640	12793
36	8117
45	9282
24	9355
2	4197
4	6637
127	948
0	55
0	827
14	764
5	33
14	0
0	5
0	5
12	1168
0	1168
0	827
0	186
112	661
5	0
2007	1248
14	557
20	26
0	149
0	0
0	1
54	0
1	0
0	0
0	0
0	0
0	0
0	0
0	0
33	3280
0	3363
66	30
0	906
22	2808
0	2583
0	2511
0	2953
0	2637
0	168
0	19
15	1
1	137
0	86
0	393
62	2
26	107
7	115
0	0
0	18
1	0
15	54
1	40
4	0
17	0
15	1352
62	4
33	1371
0	19
36	17
7	104
157	102
6	24
5	0
4	766
0	168
1	1095
742	860
0	1000
0	31
2	31
1	24
0	54
0	53
34	54
62	28
0	20
7	17
0	8
0	0
0	0
150	170
2	72
0	0
0	15
1	83
4035	1367
57	1346
0	0
22	19
20	0
1	829
6	816
16	55
62	0
0	0
0	0
0	0
0	0
0	0
0	2
0	0
0	0
0	0
0	0
0	0
0	0
0	0
1	0
0	0
0	3
0	2
0	1
0	4
0	2
0	2
0	2
0	3
0	0
0	0
0	0
1	1
0	50
0	0
0	0
5	50
0	0
1	0
0	0
26	1114
26	536
64	702
162	267
2	415
0	0
4	569
21	317
11	2
0	1
0	0
0	1
0	0
0	0
0	1249
0	1235
79	91
0	0
0	157
1	30
5	215
31	218
0	80
18	0
1304	0
464	1033
2	1033
1	71
0	1295
1	0
0	0
0	0
1	126
0	96
2581	687
2	62
78	2
0	453
1	195
118	4
6	0
0	0
1	0
3	0
6	0
106	697
0	562
8	245
3	209
0	35
2	22
0	22
1	0
1	43
3	2
0	0
0	0
0	0
1	79
16	4515
241	798
1	1119
33	4540
2	3272
2	3052
0	561
12	980
12	195
0	0
0	0
1	0
0	0
105	25
0	25
0	371
0	340
0	299
12	327
0	263
6	302
0	287
0	56
1	38
0	53
2	63
0	57
0	73
0	50
0	72
10	612
0	562
0	519
5	351
0	122
8	78
2	5
1	847
10	8
12	862
5	16
64	14
36	893
18	893
0	82
0	43
11	165
0	183
0	0
0	0
0	0
0	0
0	0
4	1
5	244
0	103
0	218
0	31
1	0
83	0
5	0
0	199
0	0
9	0
0	0
0	0
0	0
0	0
214	5623
50864	23794
122	721
0	173
28	736
0	5028
0	4525
3	7936
6958	2321
51	413
16	1908
1	211
255	0
0	0
0	0
0	0
0	0
0	0
2	0
0	0
3	1297
19	1209
13	126
0	127
0	771
12	16
62	612
6	160
0	97
0	0
15	531
0	0
0	0
4675	1143
167	1144
0	111
14	197
0	287
5	237
1	340
69	309
0	0
1	3
0	1
0	0
0	0
0	0
0	0
0	0
1	0
0	195
0	195
2	1
8	21
0	5
0	3
0	0
4	43
5	22
0	4
0	1
0	0
0	0
482	384
1	327
0	74
0	55
83	2
4	0
0	0
0	1
0	0
0	8
0	0
0	0
0	0
0	0
3	127
0	0
0	0
0	0
0	0
0	20
0	0
0	0
0	0
0	0
0	0
0	0
0	0
0	0
0	0
0	0
0	0
0	0
0	0
0	0
0	0
0	0
0	0
0	0
0	0
3	0
1	0
0	0
0	0
0	5
21	5
0	0
0	0
1	0
1	0
0	0
1740	0
0	0
1	0
7	412
0	364
0	482
49	460
0	443
0	190
0	117
1	113
3	10
44	102
1	0
1	0
1	0
0	0
0	0
82	3391
0	3360
0	3258
4	3310
25	91
0	154
29	24
1	421
5	448
0	4
5	540
0	60
46	413
0	0
38	0
46	83
49	0
0	0
0	0
0	0
0	93
6	93
6	18
0	1712
0	2
4	13
2	0
0	2577
0	3446
0	2379
19	3282
6	504
0	2349
8	43
14	605
1	2991
0	0
20	110
0	1526
1	476
1166	2437
5	2157
0	301
6	9
5	19
1	174
159	3801
30	2366
62	2421
0	240
1	401
1	645
138	114
41	396
529	259
37	575
1	133
0	0
0	0
24	3714
139	3855
0	1344
5	301
0	236
3	0
0	1
0	0
0	0
0	350
7	194
0	190
1	102
25	73
0	85
36	178
0	84
3	32
44	0
617	6564
1	5534
83	1598
38	3493
2	429
58	2718
110	0
3	0
479	249
0	204
17	99
0	52
1	54
3	48
24	0
0	651
2	198
161	659
0	5
0	94
0	0
6	43
37	774
5	776
0	776
0	118
0	103
0	101
0	100
0	0
0	0
0	0
0	0
0	0
68	172
0	0
2	172
33	37
2	30
4	18
0	16
0	7
24	3
40	67
787	156
0	177
9	260
8	210
0	41
111	99
11	226
1	236
5	120
2	1506
0	2
0	3
20	1812
22	550
0	510
10	186
0	100
3	2
0	0
0	0
0	0
1	12
0	0
2	0
3006	464
120	43
0	421
0	0
1	178
0	178
0	2
0	8
0	0
0	0
2	12
1	3
4	0
0	0
0	0
1	1
0	0
0	1
0	1
1473	103
5	32
2	62
0	0
3016	640
70	0
0	640
184	0
45	37
1	0
19	319
33	884
0	887
38	49
0	356
10	147
1	31
0	0
0	0
22	0
26	33
14	295
36	0
1	104
3	144
20	244
0	143
0	68
0	0
118	0
7986	8427
0	3744
410	611
1238	5390
32	615
22	1366
3	1302
0	688
23	0
4	413
997	428
52	1
71	15
48	1
7252	2791
45	2444
5	1427
1769	538
28	480
0	0
0	10
3	1639
7	2890
25	2714
1	641
2	1016
0	554
13	95
51	0
0	7
66	165
1	124
4	122
2	28
3	33
26	18
2	18
1390	0
0	1
2	3
0	2
0	2
0	0
0	30
0	0
0	0
0	0
0	0
258	16
86	2
1	155
21	0
0	16
1	12
0	0
4	12
2	2
0	2
0	4
0	0
2	0
67	2774
132	2895
0	2497
10	33
58	2
6	69
0	6
0	5
137	65
4	0
0	0
0	0
0	0
0	0
0	0
18	0
515	17
3	9
0	9
1	183
13	174
0	193
0	62
0	85
1	62
2	12
0	21
1	43
4	53
327	95
173	95
0	0
0	0
0	0
1	0
0	0
3	97
4	44
0	262
0	950
5	0
3	129
0	993
0	289
0	860
173	991
47	18
1	1
0	0
46	993
1	89
0	0
0	198
0	283
2	269
1	162
0	25
6	49
0	22
34	93
33	23
2	144
103	123
899	127
27	127
81	70
90	70
0	0
12	5
0	0
0	0
0	0
1	5
50	92
1	92
0	6
3	0
0	2
1	0
10	0
109	0
5098	7169
1	2475
0	5629
0	5158
153	5238
10	613
84	839
480	1691
192	3629
2	3552
1	2798
118	244
2	1107
0	407
299	3055
8	348
16	453
20	295
1	327
10	260
0	68
9	159
0	70
15	70
0	65
55	0
30	725
1	462
0	145
0	121
0	666
1	157
34	5
0	57
438	430
0	414
0	0
2	26
0	30
1	16
5	31
8	0
3	31
780	1028
0	999
0	799
0	563
0	52
3	9
1	11
36	0
0	11
1142	7
0	0
0	0
0	510
0	6
41	5
0	5
3	9
0	7
0	9
0	3
0	0
0	0
8	149
3	1424
0	379
0	21
12	38
1	129
0	1150
2207	2143
132	721
82	112
0	2318
376	11
0	301
0	0
282	3799
1	3213
233	0
7	3699
0	3116
0	1
1836	1678
0	1404
7	229
0	0
2	222
7	224
30	66
81	100
32	231
1	393
0	428
6	480
0	49
0	0
0	0
0	0
0	0
0	0
0	0
0	0
0	0
6	230
15	230
0	190
6	89
0	62
0	53
1	27
0	35
0	35
0	4
0	4
7	53
0	4
0	0
0	4
0	9
0	8
0	3
0	3
0	0
0	0
117	1041
2	979
12	547
2	56
38	3
0	0
0	0
0	0
0	0
0	0
1	0
1138	0
1	0
0	4
0	3
0	0
0	0
0	0
1	0
1	0
0	0
0	0
0	189
0	1
0	0
0	1
0	0
0	0
1837	1023
2	626
21	434
56	0
3	0
1	263
0	1702
8	176
9	242
27	194
456	1873
0	154
0	255
10	200
0	0
1	577
0	0
0	308
0	517
0	164
18	305
0	0
5	346
0	0
6772	83
97	0
15	56
83	19
1	0
3037	14
148	0
0	0
0	14
43	2
1	0
1	31
0	31
0	9
0	0
2	0
230	542
0	538
15	540
16	2
0	0
0	159
0	134
4	32
15	212
27	5
3	11
36	0
194	227
0	198
0	204
0	170
4	53
40	12
0	22
3424	4922
135	163
150	564
183	0
1	2983
0	1966
0	2538
112	76
0	0
1	249
57	6
2	394
0	1055
0	925
8	0
5	938
0	168
0	694
0	592
37	55
0	24
0	232
2	23
0	213
0	83
0	136
0	128
3736	1525
16	354
0	1513
12	1479
56	101
257	24
818	2
2	7
1	544
0	0
0	13
1	0
0	0
0	0
96	1921
0	0
119	17
3	15
0	0
0	0
1	0
0	0
0	0
1	0
0	7
4	156
47	15
0	15
0	0
3	9
58	9
3	0
0	3
0	0
0	0
0	0
0	0
1	0
0	0
0	0
0	0
0	0
0	0
0	0
1	271
0	2801
210	144
83	746
0	1254
0	2565
261	0
156	0
65	0
0	0
0	0
66	0
0	0
0	0
0	0
53	0
1	0
2	0
0	0
7	930
68	1213
23	4517
2	4522
4	2952
698	2947
50	4233
5	4238
0	0
44	0
0	0
0	868
0	0
0	0
0	0
0	4904
0	4850
8	4874
102	31
3	577
0	512
0	2
0	72
61	72
18	8
3	23
951	8
25	307
18	4476
9	706
0	213
61	4244
0	528
28	34
119	2137
42	1916
0	0
0	314
3	457
1	192
22	10
673	12102
0	3401
2	8157
0	1336
20	8142
9	7450
47	1907
5	2074
31	1731
0	4
0	0
0	0
1	0
3	0
1	0
0	0
0	0
0	0
0	0
0	0
0	0
0	0
0	43
0	43
0	0
0	43
0	0
0	0
3	83
9	457
0	830
19	386
13	107
5	474
0	776
0	123
0	735
24	0
6	56
0	0
51	0
4	20
0	0
0	0
0	0
0	0
2	0
78	640
24	335
0	668
4	143
6	31
2	35
0	0
0	0
0	0
5	0
1490	288
24	282
0	0
0	0
2	104
0	1
0	0
0	0
0	0
1	894
5	739
38	117
0	685
0	3131
1073	3314
15	590
12	702
0	808
96	2
211	2
3	379
50	374
0	39
1	29
0	0
0	0
24	0
0	0
8	0
0	808
1	370
1	68
0	782
3138	1498
15	1489
5	0
4	396
296	418
0	136
27	140
0	0
10	41
1	0
100	4381
0	0
0	0
0	0
0	0
0	0
0	0
0	0
0	0
0	0
0	0
0	0
0	0
0	0
0	0
0	0
0	0
0	19
0	0
0	0
0	0
1	0
7	0
0	0
659	8669
0	8672
0	1924
1	1787
0	1048
0	460
0	6
3	333
0	942
64	564
42	35
4	332
1066	2096
40	309
79	599
0	50
0	2186
3	125
0	0
0	0
0	0
0	0
0	0
0	1
0	0
0	0
0	0
0	0
0	0
0	0
0	0
0	0
0	0
7	11
0	283
0	314
0	1
0	1
0	314
0	308
0	0
0	175
21	23
3	14
0	17
0	0
0	172
0	297
0	288
0	29
0	14
0	103
1	44
1	3
0	2
0	24
0	30
0	35
0	20
0	31
0	0
31	113
0	17
0	13
6	103
0	0
3	16
0	0
41	62
103	1920
4	1884
1	1922
0	545
45	611
16	1150
4	721
79	0
147	0
30	0
68	505
2	0
222	0
121	0
23	485
4	0
62	3
2788	1020
1	1020
16	23
0	0
0	0
0	12
1	14
0	12
0	7
0	5
0	3
0	0
0	1
1	316
0	0
8	867
77	867
0	746
8	63
0	220
45	40
223	0
0	0
0	0
0	0
0	0
0	0
0	0
0	0
0	0
0	36
1	36
0	0
0	7
0	0
0	0
0	0
0	0
3	0
0	0
5	0
1	0
1	0
0	0
0	0
22	0
4	0
4	0
725	339
0	322
17	250
0	158
0	160
0	141
0	31
51	0
49	0
9	98
9	98
0	0
0	0
0	0
0	0
0	0
0	0
0	0
0	0
0	0
0	0
0	0
0	0
0	0
0	0
0	0
0	0
0	0
0	0
430	0
4	0
0	0
6	10
0	3
0	7
0	0
0	0
0	0
1592	1487
56	7
0	161
5	1483
0	283
0	216
6	44496
0	41668
0	40934
0	43395
0	42621
521	43689
19	43723
113	18481
18	1276
38	5524
4	2363
71	1450
203	9057
14	652
11	8470
58	7291
0	2806
1	2
1	0
8	0
0	2
0	0
1	7
1	0
0	0
0	0
0	0
0	0
0	0
0	0
1	0
0	0
0	0
2	18
1	0
46	0
683	11
0	5286
2	5285
4721	250
0	134
0	72
3	188
1	113
25	3
0	3
1307	0
19	0
0	18
0	78
0	175
12	429
7	510
0	763
0	951
2	879
33	644
2	70
0	0
0	0
0	0
0	0
0	0
0	0
0	0
0	0
5518	6469
57	5840
8	820
14	48
108	338
2	338
0	172
5029	10862
7	10856
0	0
0	0
0	0
0	0
0	0
0	0
0	0
0	0
0	0
0	0
0	0
0	0
0	0
12	0
0	2
0	2
0	0
0	0
2	1
1	1
2	0
0	0
0	0
0	10566
9	10350
0	10594
0	2519
0	4908
51	4686
2	4676
0	4886
0	174
5	236
0	238
3	129
6	498
21	502
14	502
0	627
0	353
0	192
90	410
91	58
0	245
0	116
6	10
0	2
0	2
0	8
7	8
0	0
0	0
0	0
0	0
0	0
1373	5795
232	5730
12	5439
8	0
494	3742
98	2231
40	3738
0	522
15	802
0	0
5	66
243	237
0	136
9	83
0	84
1	245
0	153
14	0
11	7372
204	6062
23	6728
582	7032
12	384
0	971
7	642
3	599
0	22
30	22
11	0
5	51
9	0
4	17
0	5
3	17
0	3
1	178
0	216
0	235
2	165
1	79
1	9
0	7
0	49
3	6
0	22
0	43
71	2259
58	2142
3	148
0	0
14514	5043
0	3730
0	668
39	1313
467	1187
0	1185
3	364
79	740
6	32
2	21
2	3
64	0
1322	269
2	202
9	59
0	9
0	9
0	10
0	6
0	9
0	9
0	0
0	7
0	7
0	0
1	0
26	572
26	572
2	486
6	492
1	458
3	221
0	235
7	24
0	0
9	266
18	286
2	286
5	20
0	550
0	609
16	566
3	86
0	146
0	78
3	10
0	59
1	39
3	6
0	101
6	94
0	72
0	23
1	64
1	3
0	2
0	44
0	39
81	2340
0	72
11	17
0	29
0	1087
0	122
0	30
31	7
3	1454
22	819
0	131
748	435
104	167
29	268
0	3
0	3
0	3
0	3
0	0
0	0
0	0
589	365
0	0
2	365
551	93
0	93
0	0
13	0
2	2
0	2
1	2
7	2
2	2
0	0
3	2
1	0
0	2
1	2
1274	423
90	423
5	0
183	0
101	5
1	5
186	2284
111	2102
14	1542
11	2281
9	49
4	13
13	418
1	238
5	2355
0	2565
63	2267
0	107
0	2367
8	64
8	10
0	0
0	315
6	538
23	588
1	592
0	136
0	46
0	239
5	242
4	312
159	1154
5	1089
5	1788
0	74
10	705
0	205
7	309
0	1664
23	1564
20	1607
5	1584
69	1702
0	1681
0	262
8	208
8	78
4	34
158	140
4	226
44	842
6	858
21	873
7	848
0	277
22	116
0	0
19	215
5	61
0	197
0	101
1	113
0	158
5	19
1	23
5	1
1	43
55	24
0	0
129	1643
11	214
0	507
2	1491
25	317
1	1241
0	620
3	718
0	324
1	389
0	193
12	32
20	142
0	293
1	216
35	231
26	3551
0	3281
0	2207
15	1465
38	929
0	490
0	449
0	350
0	0
0	0
0	0
0	0
200	667
0	236
0	316
1	664
0	696
1	303
0	586
0	80
7	38
0	0
9	8
0	49
188	29
0	0
4	1
0	23
0	23
0	17
0	8
50	68
3	37
0	35
0	0
0	24
0	2820
0	2820
100	2695
0	2842
85	2784
12	886
31	1310
0	783
15	1443
9	965
0	154
3	72
0	193
15	100
14242	3774
57	147
10	3647
0	0
0	0
3	490
2	32
3	275
2	0
0	9
0	8
1	8
0	15
0	64
0	473
0	0
14	85
0	134
0	165
0	108
0	10
39	1615
3	1673
6	251
4	549
0	702
2	700
2	543
0	660
12	114
5	614
1	273
3	423
23	275
0	6
3	6
1	0
51	998
8	997
8	963
0	850
0	23
1	1
2	47
0	4
2	47
0	0
8	200
0	0
0	1
6	171
3	14
5	3
0	0
0	8
0	163
4	101
1	91
1	104
17	0
0	1
16	851
13	846
16	823
5	72
0	81
12	606
14	39
0	59
2	0
0	0
21	433
1	18
0	31
0	370
7	22
0	19
16	435
0	25
0	30
0	33
0	150
0	21
0	0
0	0
0	16
0	0
0	0
0	0
0	0
0	0
0	0
0	0
1	0
0	0
3	1472
0	1472
0	910
4	90
0	736
13	479
1	100
0	0
3	0
0	0
0	0
0	0
0	2
0	2
0	2
1	0
4370	2
0	0
27	0
11	1963
1	2167
17	1919
0	0
1	844
59	0
1	166
0	305
9	197
0	0
0	0
0	0
0	0
0	0
0	0
0	0
0	0
59	0
0	0
376	7230
0	5959
119	7181
1210	2356
3	2330
1	834
12	781
0	1717
24	635
4	54
0	0
67	102
0	102
0	0
0	22
34	706
34	706
0	1
0	0
191	145
5	145
0	44
11	0
0	3330
0	3330
0	3330
0	3330
4	867
0	308
0	308
0	28
0	28
0	351
1	308
0	28
2	168
0	120
2	0
576	339
2	339
355	375
0	174
0	180
2	163
2	0
5	5
7	198
1	0
0	0
0	0
0	0
0	0
0	0
0	0
20	2
0	2
0	0
3	0
719	4001
1	3843
0	414
0	586
176	0
7	466
6	361
91	0
4	0
1	0
0	0
1	0
0	0
9	1183
1	889
19	1155
43	159
1	1108
44	25
18	0
27	278
13	313
5	223
39	4
13	0
24	0
13	0
0	2
0	0
0	3
0	3
0	4
0	5
1	2
0	0
0	0
7	2
0	1
0	0
0	0
1848	2
2	0
30	1006
201	0
0	1006
24	0
2	0
0	0
19	0
0	0
0	2
8	4
0	0
4	4
0	0
0	2
2	4
23	4
25	1909
0	480
17	1875
0	1826
153	868
4	1789
22	1672
80	1461
2	472
4	325
18	339
4	581
50	0
11	116
445	0
12	352
128	86
3690	2418
6	2418
0	0
0	0
0	0
0	0
0	0
0	0
1401	2298
15	2196
4	1961
6	2094
0	1543
0	1938
0	1129
3	472
9	0
3	0
0	0
0	0
0	0
0	0
0	0
0	3
3	91
0	58
0	44
0	0
0	0
0	0
0	0
0	0
0	0
2	24
16	33
0	33
0	0
0	0
0	1
0	1
0	1
0	1
0	0
0	0
0	79
1	73
2	59
0	0
1	0
0	0
0	0
0	0
0	0
0	0
0	0
0	0
169	242
0	202
0	66
3	24
12	8
18	8
30	0
77	48
0	0
0	0
58	11
95	19
1	0
1	19
0	9
0	8
2	0
0	0
0	12932
2	12846
14	4720
30	10982
10	1184
20	210
79	275
6	310
0	220
6	2075
0	5238
200	415
37	13
1	641
99	12
0	1881
4	529
4	92
115	2
213	2
14	75
3	75
0	75
3	75
1	0
0	0
0	5
0	2
0	3
3	696
0	2
0	4
0	30
0	1
2	6
1	9
5	13
0	9
5	6
0	0
2	6
0	6
0	4
0	4
0	5
0	6
4	14
0	10
0	0
0	2
0	1
0	10
4	16
0	23
0	16
1	22
0	3
0	23
0	22
0	25
1	0
0	12
0	3
0	4
0	3
0	2
1	3
0	6
1	1
0	0
4	0
1	3
0	17
1	2
9	29
0	26
0	1
0	0
20	142
2	296
17	283
0	21
10	54
0	45
2	10
0	7
2	9
0	0
0	23
117	184
1	0
0	3
0	45
0	50
5	12
1	3
5	72
4	130
0	401
15	304
25	358
11	378
6	378
3	356
28	391
0	51
3	16
0	0
1	13
22	83
0	18
0	81
0	84
1	77
21	73
0	30
1	0
0	0
0	0
0	0
0	0
4446	5952
0	118
0	546
17	5887
207	0
1460	3101
0	2838
6	927
0	2
0	2
2	0
13	0
204	0
2	0
7	445
0	0
0	0
0	0
0	0
0	0
0	0
0	0
0	0
0	0
0	0
0	0
32	131
673	131
3	63
0	64
0	3508
793	3968
53	29
5	329
1	217
4	0
85	10
2	10
7	710
85	0
5	281
2	250
10	192
14	177
82	214
1	78
35	98
0	233
1	15
19	230
0	205
23	93
1	42
1	23
2	3
4	0
133	167
1	0
5064	2767
8	2866
0	0
0	0
2676	5532
59	5528
18	565
58	666
14	225
0	0
0	0
0	0
2	0
4	288
6	20
27	6
46	14
0	0
0	7
0	6
0	7
0	3
0	0
0	0
15236	23670
7	17936
6	4995
1	4394
157	10551
1	339
3	100
1	297
0	51
1	121
0	0
19	496
0	13
0	461
0	399
2	424
0	12
0	0
0	0
4	0
6	79
3	787
86	392
4	686
35	774
0	0
20	0
33	0
35	0
40	0
4	0
19	0
18	0
47	3523
18	0
0	0
0	0
36	0
0	3
0	3
0	0
0	1
0	1
0	0
32	0
0	0
3	13
23	13
0	0
0	1
0	1
0	1
0	0
0	0
4428	0
0	2
1	17
0	16
0	0
0	0
0	0
0	0
0	0
1	1245
56	1761
89	1161
33	1586
9	1586
15	1369
3	788
0	1885
0	0
0	18
4	18
0	0
3	0
10	187
0	3152
0	2284
287	186
11	1328
117	0
84	429
4	1618
0	0
0	2087
0	2216
37	206
20	27
0	183
13	52
1	0
0	0
2	1497
0	278
1	210
0	128
0	91
5	351
0	0
12	27
0	1377
20	131
5	6
0	6
6	899
313	899
12	216
0	195
0	3
0	0
3	4
2	22
1	26
0	5
0	23
2	22
0	23
4	841
0	43
0	818
49	35
0	777
0	671
0	33
0	20
0	646
0	676
9	26
0	227
22	1281
109	275
0	629
0	1336
0	1278
1	1278
0	368
12	69
12	0
334	0
230	148
278	0
0	2
1	3
0	8
3	11
0	8
2	8
0	1
0	0
3	3
2313	3548
4	0
14	0
3	211
111	0
18	223
3	316
142	3049
1	739
0	198
134	676
1	1459
0	1176
3	1138
10	52
52	0
6	514
15	49
0	102
0	0
0	0
0	0
0	0
0	568
0	5
0	2449
0	412
0	0
0	2432
0	2475
3	683
1269	2623
2	882
3	2
0	2524
0	2685
2	2497
0	28
0	28
1	2
0	2639
104	377
0	577
7	2614
27	0
22	0
25	0
19	2430
0	0
30	0
24	0
11	2430
5	0
72	2430
1	5
0	1
0	14
0	14
0	0
0	3
2435	2237
11	2180
4	1960
0	160
112	56
80	7
501	49
0	0
0	0
0	0
0	0
0	0
0	0
0	0
0	0
1	0
0	0
6	0
2	0
6	0
0	0
0	413
0	413
772	413
0	0
1	0
0	0
0	0
0	0
0	0
0	0
1022	13
0	13
41	0
0	2
0	0
0	0
175	3892
0	2159
455	35
117	0
0	0
13	0
98	3570
0	0
2	0
0	0
7	0
5	16
38	2
3	26
0	26
0	7
6	7
0	1
0	1
0	0
0	0
0	0
0	1
0	1
0	1
0	1
0	0
0	0
0	0
0	0
0	0
482	0
10	0
0	0
0	0
57	0
0	0
0	0
7	0
29	1174
50	1034
18	371
1	86
0	104
0	186
21	31
11	122
1	244
0	0
0	15016
0	15489
1180	15461
2	709
16	5300
7	10
0	7387
40	458
14	0
0	0
1530	202
10	117
27	80
0	0
8	175
0	158
0	60
0	35
2	37
0	0
6	527
0	438
12	1152
12	1231
899	5353
1	281
0	1124
0	712
0	4078
9	302
5	3
4	10
2	0
0	1
7	1
0	0
0	0
6	237
0	237
1431	221
10	149
11	808
61	991
384	987
0	865
0	987
0	41
13	44
5	15
9	164
20	0
16	6
191	193
10	61
3	116
0	124
61	186
0	98
2	139
0	62
0	29
0	86
0	0
1	0
0	0
49	0
511	132
6	132
110	988
14	517
36	1662
323	1540
43	447
70	132
0	82
4	177
17	796
0	399
67	204
5	150
42	77
14	0
8	4723
18	5385
166	5150
10	915
0	280
340	3
0	3
0	0
2	0
0	0
0	255
32	449
4	343
8	266
1	7
349	262
0	55
0	8
4	93
0	138
0	0
4	0
9	17
7	17
4	0
1	0
976	1103
0	1058
0	800
5	77
0	189
2	0
77	1
73	0
44	0
13	147
0	47
1	26
1	88
0	88
0	0
0	0
275	3846
3	3304
19	291
0	239
1	1146
2	1325
0	0
0	296
28	1
0	0
0	0
0	0
0	0
0	0
0	0
0	0
0	0
0	0
0	0
0	0
0	0
0	0
0	0
0	0
0	0
0	0
0	0
0	0
0	0
0	0
0	0
0	0
9	757
6	763
5	763
260	874
9	111
0	1
2	1
1	0
0	0
1	0
3218	576
3	6
1	0
0	0
1	395
6	181
9	157
3	2
0	6
0	6
214	0
28	0
2	3112
123	2662
181	114
1	382
0	217
5	2306
6	2069
7	613
2	148
0	127
0	372
134	1273
33	0
91	565
52	240
0	539
0	85
13	32
0	9
10	0
8	1
3	37
1	444
0	589
0	585
19	662
0	0
2	0
280	900
1	906
8	888
0	877
0	792
0	23
1	18
0	50
0	40
0	10
0	45
0	0
0	2
0	0
0	2
14	147
7	147
6	0
365	437
7	329
2	44
0	0
0	123
4	50
0	19
55	330
106	353
0	46
55	270
44	195
0	0
4	178
2	89
18	329
0	36
4	13
33	242
5	2
1184	143
0	100
5	78
0	0
0	0
0	0
0	615
123	661
0	81
2148	16169
10	16409
1	13818
1	45
186	3915
0	743
7	1340
4	1167
9	1034
39	250
15	85
199	8
82	9147
0	1145
0	1771
0	8937
0	8789
39	1121
4	374
190	0
0	1816
0	8972
1	1815
12	923
4	1283
3	1819
30	1
1	56
338	564
269	564
61	0
313	6795
988	6382
62	1365
138	259
6	2155
13	847
1	0
668	954
0	618
18	237
0	499
6	554
38	1463
70	682
2	1331
0	183
2	295
12	780
1	0
0	226
515	1179
1	85
1	472
121	1136
6	0
5	145
4	43
0	90
9	15
3	108
164	343
46	204
59	7
250	148
17	1165
2	1138
0	136
0	0
0	7
5	784
25	784
23	62
0	93
9	31
9	11
0	2
16	7
360	1193
0	73
0	91
161	1297
7	544
0	64
1028	347
0	0
0	0
35	0
0	0
8	323
0	0
0	0
0	0
0	0
0	0
369	246
64	246
43	0
53	1596
298	97
153	97
18	0
15	40
20	25
0	0
0	0
0	0
0	0
0	0
0	0
0	0
0	0
0	0
0	0
0	0
0	0
15	0
0	0
37	0
0	0
0	0
0	0
0	0
5	12
10	4843
0	0
0	0
0	0
0	0
0	0
7	0
783	1827
51	1820
1	1754
24	351
2	0
44	1466
0	5115
22	4914
0	3330
2	80
135	3
110	36
6	208
38	46
5	191
2	0
0	169
17	3
0	13
0	905
5	12022
84	11389
473	11311
85	1405
9	963
15	130
9	2740
17	259
4	243
1	701
77	0
48	822
0	0
26	113
0	398
65	37
1	38
4	6
0	0
92	0
0	0
159	0
41	3
2	1
3	1
0	0
0	0
0	0
0	0
0	0
0	0
5	33
0	0
0	0
5	1
1	2
0	2
0	0
0	0
0	0
0	5
3	108
1	0
0	0
1	5
0	1
0	0
1	1
0	2
0	0
0	0
0	0
0	0
0	0
0	0
0	0
0	0
1	0
19	0
0	0
0	0
0	0
0	0
0	0
0	0
0	0
0	0
0	0
0	0
0	0
0	0
0	0
0	0
0	0
0	0
2	0
1	0
0	0
0	0
0	0
0	0
0	0
12	791
9	791
0	0
3	0
2	0
0	0
2	5
32	3107
5	2423
0	2543
172	497
0	496
26	1206
1	1220
5	0
0	0
0	0
0	0
6	4
67	476
1	560
7	73
20	111
8	74
0	2
42	3200
0	3381
39	4140
1	2982
15	548
505	2160
2	2297
9	90
250	0
15	1
35	289
66	240
0	28
3919	367
176	240
15	108
2	0
0	0
0	0
6	0
38	0
42	1505
0	1700
15	758
0	142
0	58
0	0
5	0
2	0
1728	60
315	0
8	43
1	17
0	0
0	0
1617	154
0	0
0	0
0	0
52	6
200	150
1773	172
6	170
37	10
331	3319
2717	3319
0	1282
69	285
8	1
57	218
225	3220
8	839
5	3219
1	3215
0	0
0	4
0	4
0	0
0	1
0	1
0	0
0	0
0	0
0	0
0	0
0	0
0	0
0	0
0	0
0	0
0	0
0	6
11	6
0	0
0	0
0	0
0	0
0	0
0	0
0	0
0	0
0	0
0	0
0	62
5	67
2	26
0	3
0	0
0	0
0	0
0	0
0	0
0	0
0	0
0	0
0	0
0	0
0	0
0	0
0	0
0	0
0	0
0	0
0	7
0	0
0	1
0	0
0	0
0	1
1	0
0	1
0	1
0	0
0	0
0	0
0	0
149	19
0	19
6	0
4	0
0	0
0	0
8	0
0	0
2	298
301	304
2	41
14	30
0	8
0	0
0	0
0	0
0	0
0	0
0	0
0	0
0	0
0	0
0	0
0	0
0	0
0	0
0	0
0	0
0	0
89	0
0	0
0	0
0	0
0	0
0	0
0	0
0	0
0	0
0	0
0	0
0	0
0	0
0	0
0	0
0	0
1	0
0	0
0	0
0	0
0	0
0	0
0	0
0	0
0	0
0	0
0	0
1034	1873
64	1317
2	435
0	250
0	282
22	63
688	526
1	439
0	94
0	0
0	3615
1	3706
0	3609
0	3498
15	1130
2	2344
0	2881
0	2951
0	3847
0	3139
119	1293
0	2657
0	3565
0	3439
0	2361
99	3315
0	0
35	3
0	0
0	3
1	401
1	1925
0	159
0	159
3	298
0	0
0	1763
26	124
0	116
0	1836
93	0
9	0
0	378
50	0
27	988
7	253
13200	271
0	0
0	0
0	14
0	0
253	27
1	26
0	9
0	18
0	23
0	16
0	15
0	17
1	4
0	0
0	0
0	0
0	0
2	0
17	0
0	0
405	0
2842	484
4	288
33	192
0	0
4	0
587	89
2	89
1	1
0	0
0	1
121	711
1	648
0	29
10	2
361	1095
24	1057
4	303
4	9
4	96
18	2
1230	888
0	497
1	391
1	53
3	30
2	73
0	19
0	50
0	29
0	35
0	44
0	109
162	0
0	0
0	0
0	0
0	0
0	0
313	0
0	0
0	0
0	0
0	0
0	0
0	0
1189	0
236	6002
1	3561
8	4247
1	3142
3	2719
22	1488
5	495
4	5
7	4
0	6
0	3
1	1
3	0
0	243
33	536
12	541
0	510
0	506
3	0
0	0
1	0
0	0
0	0
0	0
0	0
0	0
0	0
0	0
0	0
0	0
0	0
0	0
0	0
0	0
0	0
12	0
539	477
0	465
0	462
0	418
0	233
1	76
0	98
3	115
0	110
0	135
10	32
0	36
2	37
0	5
70	0
4	0
2137	1160
37	329
31	317
6	209
8	1141
0	0
58	40
0	0
1	0
0	0
662	519
0	239
1	149
3	109
0	0
0	0
0	0
0	0
0	0
0	0
0	0
0	0
0	0
0	0
0	0
0	0
0	34
0	0
0	0
9	141
0	141
0	141
1	0
2	0
0	0
0	0
0	0
0	0
3	0
0	0
2	6
0	0
1	0
6	0
0	0
0	0
0	0
0	0
0	0
0	0
0	14753
177	14925
0	5318
0	7420
156	647
40	1164
0	3926
2	2800
1	2228
5	2659
0	806
13	877
4	0
18	397
2656	1184
10	781
0	0
308	88
3	88
2	12
0	12
0	12
0	2
0	0
5	209
0	238
0	94
0	65
0	13
1	172
4	6
16	0
0	6
10	0
12	50
0	25
3	0
23	16
0	19
0	0
0	0
0	0
63	1212
4114	3450
68	1584
54	0
344	0
4	526
0	3131
0	0
0	0
6	0
6	0
0	12
0	12
0	12
0	2
0	1
0	0
0	4
1	4
0	0
9	247
9	393
589	329
34	412
59	2747
0	3509
246	3269
6	14
0	7
0	6
0	7
0	10
0	14
850	2546
39	23
0	487
0	2351
114	101
160	14
0	290
90	372
9	359
4	0
8	0
107	0
6	141
10	23
0	40
24	287
2	21
32	6
5	0
3	548
0	311
18	629
18	1234
354	7
0	0
74	0
0	334
0	66
39	0
1	213
60	0
368	14
5	59
165	421
2	59
8	112
159	17
0	0
114	732
2	552
0	281
2469	960
12	560
13	119
7	1
0	1
210	2448
77	2448
0	311
5	39
2051	363
62	101
4	260
0	0
0	0
0	0
0	0
12	1341
191	224
2	224
0	0
2	0
0	0
0	1
0	28
0	19
0	1
0	0
1	0
0	9
0	0
0	0
1	11
1	1249
0	0
0	0
0	12
0	0
0	2
0	0
1	0
0	0
2	138
0	137
0	72
0	0
706	0
1247	2082
0	206
18	644
26	2055
20	326
9	0
7	0
4	0
0	0
0	0
0	0
0	0
278	306
2	107
0	248
11	11
0	656
1	0
0	1027
0	1594
3	1635
96	275
0	869
0	659
2	856
0	856
157	1337
0	848
54	609
3	771
20	16
850	2
3	0
104	1057
11	65
1	0
17	1054
1	0
0	30
2	30
30	9
0	3
0	6
69172	13977
18	13934
2	12793
39	18
0	6
0	11
0	9
0	0
0	0
0	0
0	0
0	0
0	0
0	0
0	0
0	0
0	0
7	0
3701	739
4	739
0	0
294	6
0	0
276	63
0	63
9	189
7	1167
57	1259
6	1073
0	1276
11	899
3	1167
23	116
21	200
0	207
0	187
0	45
0	6
0	0
149	379
136	1003
0	947
39	90
0	0
0	0
39	103
32	127
0	82
562	967
6	123
12	333
0	949
0	206
36	424
0	0
6	559
4	47
25	0
26	278
39	0
70	0
0	68
2	23
1	0
0	0
66	0
34	2
0	2
0	13
344	1949
0	1949
10	570
167	179
7	173
0	11
0	11
0	35
59	35
0	24
0	0
0	15
157	151
2	151
1	15
0	0
1	76
1943	182
3	106
46	292
92	292
0	148
4	58
0	0
97	4833
6763	4849
109	0
20	93
2	0
3	176
2	1988
2	1972
1	402
1	248
1973	587
12	477
1	55
0	16
61	319
706	367
0	8
54	2873
8	7
10	2973
0	1849
0	2987
32	2409
3836	2314
1	3824
0	82
2	2604
0	1949
9	165
3	52
0	0
9	0
199	250
2	85
0	225
1	39
7	11
0	0
0	1
0	1
17	14
0	0
0	14
0	1
0	1
0	1
2	1
0	1
0	0
0	0
1	2
133	0
0	998
53	998
5	47
7	58
41	11
22	180
0	146
11	141
0	146
2	179
0	10
0	0
657	797
0	793
18	0
1	127
20	115
5	4
15	1
13	1
0	974
22	1153
1	709
53	1197
2	16
1	164
0	670
7	103
21	103
0	3
0	8
0	18
1	18
0	17
0	0
0	1
0	0
74	82
0	75
0	72
0	62
0	62
0	0
0	54
0	5
4	4
0	1
0	0
0	0
64	2
3	2
0	0
0	0
3	455
2	1
2293	2288
4	2182
14	1812
2	1244
0	1238
0	139
106	221
215	21
7	193
10	144
0	91
56	45
5	90
10	289
25	379
8	739
1928	749
1	0
6	105
26	1
2515	5222
0	1
16	5222
139	541
10	5954
0	8305
33	7771
3	1
0	0
0	0
1	0
0	1
0	370
48	483
0	6457
4	312
66	5702
2	23
14	294
154	87
160	2656
106	195
0	8
1	74
0	10
1	206
0	30
0	11
0	10
0	10
0	0
0	0
0	66
4	27
0	59
2	2
0	11
18	793
49	851
0	504
71	58
1	119
0	0
0	0
233	1395
1	557
3	939
20	366
0	0
3	13
9	6224
4	6240
5045	6150
0	363
1	361
0	837
0	529
7	483
0	387
334	226
20	157
0	16
1	4
479	15
127	29
0	29
151	4784
0	0
10	4674
0	4621
30	3168
0	2469
1	57
0	0
4	163
23	0
1	0
0	0
0	124
0	138
0	134
0	26
0	0
0	0
2035	257
0	257
0	0
0	0
47	0
0	0
4236	0
6	0
0	3
0	55
0	39
0	51
0	7
0	7
0	7
0	1
0	1
0	1
0	1
1	5
0	1
0	1
0	125
1	131
15	98
0	24
0	0
0	0
0	205
0	199
14	180
0	186
0	154
0	68
2913	2974
80	2941
5	752
23	1063
2	280
0	0
0	124
55	559
2	611
0	39
0	51
1	159
0	181
19	161
0	40
0	189
263	7894
164	7881
0	60
94	2073
9	2
0	0
68	73
0	972
38	1040
0	1042
88	10
11	87
1079	0
0	0
0	680
1	0
0	0
0	0
0	0
723	4003
18	4001
35	1380
97	36
3	317
191	252
0	0
2	1
0	22
25	22
0	0
2747	1536
2	229
0	1195
0	773
139	1016
0	438
119	600
62	60
80	0
0	0
275	0
0	1
40	262
0	0
3	16
26	133
97	8
0	127
0	48
7	0
380	213
0	212
0	4
0	4
43	8
0	2
0	0
0	0
1	0
0	4
0	1
0	0
0	0
0	0
0	0
4	93
17	143
6	34
1	141
67	415
0	415
0	0
15	37
7	0
2	20
98	0
215	296
1	0
332	9434
418	9155
7	988
352	4006
70	3798
13	452
4	237
14	314
37	310
123	0
0	200
57	16
1090	632
2	495
1	275
8	43
2228	0
0	0
11	124
4	118
10	6
509	1855
3	1794
5	1801
0	217
8	107
4	156
1	66
0	59
0	24
2	185
0	260
10	86
0	367
0	187
13	0
0	2505
4	2506
51	2152
25	45
0	0
20	69
28	17
0	431
4	412
18	0
38	0
2	0
2	134
1	15352
790	15352
489	180
0	180
1	6
2	47
22	717
1	213
0	683
0	351
0	234
0	713
9	230
6319	1803
1	1803
13	1064
0	87
0	87
57	0
12	0
0	14
0	64
0	65
3	35
0	64
0	64
0	65
0	87
0	64
0	64
1	0
3	0
1361	1822
7	1712
0	1290
4	111
31	0
0	1
0	2
0	1
0	178
147	377
0	195
1	149
0	208
0	0
0	18
0	18
0	15
0	0
0	12
0	0
0	0
1	18
4	1
0	1
0	1
0	1
24	1536
0	1536
12	217
0	49
8	0
3	60
2	43
6	16
1	96
1	96
0	26
936	372
1	0
2	298
61	346
205	306
0	77
0	143
1	0
0	0
3	0
2	0
4	2565
3	1709
58	2254
1	1728
2	0
12	114
2	11
8	11
3	79
91	99
0	0
0	20
26	376
0	621
0	820
0	772
1	45
0	1
0	0
0	0
2	0
2	0
0	0
0	0
0	0
2	0
11	1058
1	1058
2	1
0	1
0	3
0	3
1	0
0	0
0	0
0	0
0	2
0	0
329	580
60	570
2	407
2	383
13	42
1	89
0	0
0	0
0	0
0	0
0	0
1	0
0	0
1	0
0	0
23	4
3	4
121	0
0	0
19	0
11	31
0	31
0	0
26	0
98	0
189	0
0	0
0	0
35	0
0	0
13	0
0	0
66	1788
23	1817
4	1827
14	1805
49	45
8	106
154	43
0	21
3	63
123	19
3	4
150	0
19	60
1	63
2	0
0	0
0	0
0	0
0	0
36	4073
1	3959
5	3599
123	718
0	0
37	0
151	0
0	0
0	0
0	0
0	0
0	0
0	0
0	0
0	0
0	0
0	0
62	126
13	67
30	115
0	0
0	0
0	0
10	0
161	181
0	3212
3	171
53	3022
3	3151
283	2
5	0
0	0
0	3
190	0
154	0
158	0
0	0
231	68
0	1999
0	2636
0	0
108	0
0	0
0	0
0	0
0	0
0	0
0	0
0	0
0	0
0	0
7	788
753	1490
0	1168
2	1573
2	931
1228	1572
10	72
0	22
0	0
0	0
0	0
0	0
0	0
0	0
0	15
0	15
0	8
0	0
0	28
0	11
0	29
2	63
7	75
5	0
0	0
0	0
0	0
5	851
0	1502
0	1399
0	1502
3	753
0	1429
17	353
1	4
0	0
22	89
3	86
1	82
17	0
3	0
1	19
0	1
0	0
1	0
0	0
0	0
0	0
0	5
0	0
0	0
0	0
0	0
0	0
0	0
46	67
1155	1071
0	778
96	0
88	1
1027	0
0	294
0	346
2	27
26	251
1	256
0	22
3	626
26	35
4	21
1	253
0	105
1	296
27	593
2	147
1	134
0	93
1476	1218
19	1216
2	791
1	62
62	746
3	101
0	284
75	1
0	1
1	193
19	63
17	281
954	415
2	321
10	161
15	62
1	37
8	37
0	0
7	471
88	390
0	427
0	436
0	379
0	399
0	38
0	17
0	74
4	0
0	0
0	0
0	0
17	0
0	0
0	0
0	0
0	0
0	0
0	0
0	0
0	0
0	0
0	0
0	0
0	0
0	2
0	1
0	2
0	1
3	0
1	1014
0	0
0	0
0	0
0	0
0	0
0	0
1	0
0	0
0	0
0	0
0	0
0	0
0	0
0	0
0	0
10	3
0	0
0	0
0	0
0	0
0	0
0	0
0	0
0	0
0	0
0	0
0	0
67	2459
75	2400
0	0
0	320
0	100
137	57
1	16
0	0
0	0
7	0
1	0
655	10
0	10
0	0
8	0
11	39
0	2
0	2
0	2
0	0
0	2
0	0
0	0
3	1571
2	1355
0	1425
0	650
0	718
2	219
11	341
14	205
12	107
41	10356
16	10429
5	299
2	324
16	62
4	501
0	2312
6	2013
26	530
122	1466
10	1098
3	478
0	312
0	39
0	2
0	2
0	2
0	2
0	1
0	1
0	0
0	0
0	0
87	1831
2	1831
0	26
1	19
0	2
0	0
0	0
14	3
0	0
0	0
0	0
0	0
1	0
0	0
4	2
2	2
2	2
1	2
1	2
0	0
1	0
72	2
516	16581
456	7497
1	15881
100	14071
74	372
222	721
4	719
5	0
0	63
0	76
0	135
74	13
0	78
163	6
34	3
28	540
0	1521
41	272
28	764
48	178
0	305
5	1255
0	0
199	2
0	150
0	1289
2	1327
0	364
2	144
0	187
0	25
80	2
0	0
0	0
0	0
0	364
2343	4881
2	4717
8	771
0	3981
28	0
2	2751
2502	2975
2	2672
10	2605
12	279
0	0
0	0
1119	495
0	264
0	207
0	0
0	0
46	252
1	177
0	37
5	53
4	43
0	10
68	9
1	38
11	38
0	0
15	711
23	705
5	504
14	21
0	56
0	62
7	0
4	6
2	0
0	0
602	8866
11	7797
50	1171
41	1023
3	160
0	1001
43	41
0	131
6	4
104	2777
5	2841
8	1775
0	130
0	175
30	68
77	2
0	0
0	50
1	107
4	107
0	14
0	0
0	0
0	0
0	0
0	6490
0	6506
2	327
32	0
6	33
51	388
0	948
5712	1943
2	130
1	608
4	379
98	0
5	0
0	15
0	15
0	4
1	1
1	1
0	0
0	0
0	0
0	5884
1	6231
2	3871
68	2580
0	4307
2	1000
146	887
127	47
143	266
237	0
0	0
7	222
2	60
1	0
0	1
0	0
0	26
0	0
0	0
0	1
0	60
0	0
0	0
1	0
0	0
128	0
0	0
53	4795
0	4085
38	0
29	3988
250	3871
2377	1298
7	152
0	0
0	0
0	0
0	0
0	0
0	0
0	0
0	0
0	2
0	2
16	0
8	0
0	0
14	0
0	17
18662	12750
58	12693
0	5646
0	2123
80	991
0	0
0	0
0	0
0	0
0	1
0	1
0	0
0	0
0	0
0	0
0	0
0	0
0	0
63	307
0	307
3	172
1	0
16	42
9	37
0	36
5	15
1	0
0	0
0	0
23	0
1342	0
52	288
7	230
12	292
1	161
5	54
872	693
0	466
0	506
1	214
0	181
15	0
103	12
4	204
13	81
17	56
3	161
9	69
59	178
0	178
0	13
1	11
0	39
0	27
0	21
14	0
0	0
1415	2423
0	2194
35	577
1	1432
69	3
0	0
70	336
118	4
4	0
0	0
37	375
145	543
8	368
0	162
6	7
0	21
0	0
0	0
0	0
22	888
138	4650
1	4409
239	4184
0	86
0	0
21	951
1	81
88	661
0	0
4903	1686
3	301
0	0
1	459
0	0
0	156
26	0
3	901
0	0
204	25
6	0
0	1067
1	1337
0	1036
1	775
0	217
4	247
1	449
3	13
2	134
146	0
6	203
108	5111
22	2764
1	29
14	2784
18	534
19	4638
108	2749
31	2785
29	55
33	0
0	0
0	1
0	1
0	0
0	0
0	0
0	1
0	0
3	4
0	4
0	3
1	5
0	8
0	5
0	5
0	0
1	2
0	2
41	3364
0	0
0	1
0	1
2118	3712
2	3508
1	511
1	324
58	1058
11	729
4	269
3	150
40	0
54	2624
21	23
1849	727
72	723
162	2
9	108
7	1089
0	1153
0	1067
0	684
0	684
0	96
1	2
0	76
68	7068
0	0
42	6941
10	649
1	36
214	731
1	31
1178	2761
0	2942
11	2793
0	2594
0	2445
0	2354
0	386
16	1649
77	1485
3	1395
0	1341
52	60
0	136
98	7
0	7
21	25
0	25
93	0
98	4
4	372
5	144
5	0
0	0
1	0
0	1
0	1
0	1
0	1
0	1
0	1
0	0
705	653
20	618
8	103
7	55
5	2
1	32
46	104
37	0
12	0
10	0
99	2
192	107
0	102
0	5
0	27
1	57
34	132
0	106
0	16
1	12
0	0
3	896
0	896
33	894
5	390
1	47
1	0
0	0
0	0
0	0
0	0
9	102
11	107
0	0
24	8
0	140
0	145
0	57
0	62
0	97
3	0
0	0
0	0
0	0
0	0
0	0
0	7
0	7
0	3
0	15
0	0
432	61
0	17
0	41
0	6
0	3
0	3
1	0
0	0
0	0
0	2
0	0
8	308
1623	3566
80	1487
2	333
185	0
1	544
0	1149
12	1037
661	20
8	278
3	351
1	517
431	11
0	0
58	1
0	1
27	332
0	0
0	0
22	30
0	3
0	0
0	0
0	0
0	27
0	1
0	0
0	0
0	0
0	0
133	76
1	78
704	174
24	86
3	65
0	1
0	1
0	1
0	82
2	5
0	5
1	666
322	666
3	639
1507	356
1	329
8	184
18	0
2657	496
19	83
1	308
18	390
0	316
34	157
1	283
164	0
145	283
3	144
494	1315
0	0
167	0
264	4
0	194
0	0
35	0
129	2
5	67
149	0
115	0
118	2
93	0
197	0
0	0
34	0
13	1065
21	0
4	0
0	216
4	0
1	0
1	0
0	0
0	2
2	7861
0	7988
123	0
51	0
306	0
2	2861
3	181
56	0
0	6
24	13
0	6
0	4
0	9
11	0
4	7
0	4
0	0
947	467
0	304
1	305
0	444
0	304
5	260
0	0
2	26
0	629
2	349
3	1064
29	1573
5	769
77	968
168	1469
13	560
3	1304
0	595
417	1563
1	707
5	362
0	468
15	1347
10	1706
0	563
3	1196
0	0
0	0
0	483
0	80
0	0
13	717
0	0
0	216
4	46
0	165
0	0
0	1
0	1
70	119
1	103
0	12
0	0
21	1029
2	0
29	933
0	339
12	902
0	730
5	17
1	92
1	352
0	311
0	281
0	290
2	275
1	297
0	190
0	311
1	0
0	102
0	730
1	721
4	601
1	202
19	355
48	13
33	141
0	0
3	0
0	0
0	0
0	0
0	0
0	0
0	0
0	0
5335	44392
39	36247
4	25209
241	23989
1	14825
0	14515
7	11832
724	797
8	694
0	0
15	0
20	0
0	0
0	0
7	341
0	0
8	0
0	0
5	0
1901	203
78	0
0	0
0	20
0	0
8	0
31	102
16	82
0	0
0	0
0	0
0	0
26	849
18	777
0	0
59	850
0	274
0	82
1	18
10	0
33	119
0	124
12	6
4	2
0	2
3	17
13	5
0	0
0	328
0	328
0	27
0	0
0	14
0	1
0	57
0	0
0	0
0	17
0	0
11	64
0	0
4	0
0	0
75	375
0	305
0	52
0	33
0	50
34	139
32	122
3	15
0	594
0	757
13	143
3	196
0	506
0	373
2	669
7	252
0	0
13	0
0	0
0	0
1	0
67	12526
0	12683
0	5275
53	6216
0	10756
0	10322
0	0
20	94
40	2215
89	0
30	919
4	421
27	258
147	3
0	60
62	94
0	89
6	38
0	24
0	18
4	26
19	96
0	16
0	32
13	19
0	69
0	49
0	43
18	37
0	1015
0	859
21	516
0	16
6	87
13	62
3	11
0	2
0	2
0	0
0	0
0	0
0	0
0	0
0	0
0	0
0	26
0	26
0	9
10	9
0	0
1	3
2	0
39	367
9	344
8	61
0	0
0	0
0	120
0	0
0	0
0	0
15	1104
37	1104
0	854
2	1058
0	1014
8	948
1	45
32	0
11	323
28	316
25	323
0	30
5	29
0	25
3	0
12	161
9	161
0	0
5	0
41	69
0	80
0	49
0	6
52	39
0	7
0	16
0	0
0	20
0	3
0	0
53	0
0	0
40	671
1	671
0	127
14	12
405	0
90	726
1	787
0	584
6	224
8	619
28	34
0	636
17	299
5	36
21	593
29	122
0	290
1	125
0	163
0	204
32	0
16201	4653
1	2169
23	3638
100	1057
8	0
0	0
21	0
25	0
0	0
0	0
0	0
25	43
10	43
2890	0
0	0
1	0
0	0
0	0
28	0
19	0
0	0
0	0
0	0
0	0
0	0
1	0
0	0
0	0
0	0
0	5
2417	6330
53	6202
7	323
395	691
11	114
3	494
0	335
3	124
2	28
146	0
0	74
295	74
115	1222
186	541
0	158
7	45
17	597
0	0
0	0
86	0
77	298
357	1154
127	327
0	229
29	0
3	818
0	0
0	0
0	0
0	0
2	0
0	0
1	0
0	0
0	0
0	0
0	0
0	0
0	0
0	0
0	0
0	1591
23	1650
3	279
1	169
0	298
10	213
0	308
3	182
24	40
0	111
15	91
6	7
22	0
4	0
13	439
26	435
0	19
0	0
95	9
0	2
0	0
0	0
134	1281
1	1281
0	264
0	0
4	2
0	1
0	0
1	8
0	8
0	8
10	16
0	6
0	5
0	6
0	0
0	0
0	0
1	0
0	10
1	0
0	2615
0	2628
0	238
1	414
1	349
0	428
0	367
0	0
0	79
1	121
0	343
0	370
2	255
0	228
7	271
0	74
42	5
1	0
1	0
0	0
1	0
0	0
0	8
0	8
1589	13612
9	984
65	3536
4	13087
0	0
0	0
117	20
0	19
2	19
0	7
0	14
1	16
0	16
0	0
5	0
540	218
9	218
49	68
0	24
0	435
15	1387
2	1326
1	587
19	1076
1	84
0	0
0	0
0	0
0	0
0	0
0	0
0	0
0	0
0	0
1	230
2	0
13	0
0	35
0	30
0	21
6	24
0	26
2	29
0	0
0	0
2331	1302
0	974
0	648
0	691
0	365
4	268
3	16
0	0
0	0
0	0
0	0
0	0
10	1992
2	1685
15	1179
2	710
0	0
0	0
1151	485
0	75
2	160
11	289
7306	10
0	0
2	13
0	13
0	13
0	11
0	45
6	45
0	0
95	515
1744	531
14	497
0	53
0	250
0	503
22	165
243	0
293	0
484	226
0	0
0	0
0	0
0	0
0	0
6	563
0	609
0	85
1	222
32	12
0	0
0	0
7674	247
5	245
55	367
0	344
0	44
0	0
0	0
0	1
0	1
0	0
727	287
4	155
5	225
0	115
7	26
1	26
37	3046
0	3041
0	1055
12	212
19	28
0	2
88	4018
206	4130
70	4129
35	846
16	2527
6	141
0	432
31	498
0	2
5	0
0	0
4	6880
0	7037
5	6757
0	2
3	2
0	0
0	0
1	0
0	0
46	0
210	1
6	12
0	0
1	81
4	31
6	6
3	40
0	50
1	28
0	2
19	15
0	50
1352	0
3763	3
0	0
50	1
0	0
6	0
44	199
0	116
48	190
0	257
0	200
2	150
0	4
1	0
11	0
13	43
1	36
1	41
0	10
0	5
1	5
9	2
0	0
104	545
40	537
33	119
1	424
0	326
75	315
1	26
0	0
9	0
170	0
0	161
1	517
39	518
5	522
0	9
0	0
0	0
0	0
0	7
0	8
0	12
0	0
0	1
0	8
0	0
0	2
2215	2226
4	1992
8	234
0	6
0	6
0	6
0	5
0	3
0	3
964	0
0	15
0	10
6	9
0	15
0	15
0	13
5	15
0	12
22	1123
2	1078
0	945
0	757
5	138
0	86
1	185
42	130
0	19
0	20
0	18
0	17
109	161
1	157
0	20
10	600
0	2265
0	7517
38	6785
1	6181
0	2809
2	2657
1	1581
0	631
0	631
1	491
0	1138
17	334
3	124
0	1088
0	200
1	941
31	991
3	18
15	44
0	111
97	556
53	576
39	493
1	621
0	222
0	111
0	27
0	206
6	88
1	635
7	601
6	103
0	523
6	35
7	41
3	22
0	179
0	261
51	221
1	74
49	2116
37	974
5	1205
13	1589
4	574
3	360
0	0
328	0
17	1259
0	1259
26	1144
6	385
10	511
0	25
8	3
1	1117
131	297
0	325
15	357
0	746
121	1472
48	1432
9	1453
4	479
2	132
0	291
200	312
2	233
18	0
4	131
6	0
1	0
0	652
0	694
10	657
0	550
12	526
5	534
35	17
18	425
53	871
26	2011
0	115
1	615
2	65
5	1717
9	1753
9	103
0	709
0	0
868	748
23	748
5388	1840
4	306
1	1532
7	16
0	16
0	7
313	4
0	0
2358	235
0	235
0	0
15	504
8	198
21	198
0	306
0	76
0	59
0	70
0	63
3	37
69	103
0	87
4	0
0	85
17	84
0	66
0	0
1	0
0	0
0	0
0	74
58	74
7	0
1	0
0	0
0	0
0	0
0	0
6	9
3	9
126	183
0	20
42	40
3	179
14	0
0	0
0	0
0	0
20	33
7	32
3	0
0	17
0	0
1	5
0	3
0	666
0	666
1	375
3	100
0	104
2	108
2	0
334	3523
7	3523
0	3227
37	252
8	496
23	147
413	14249
130	1323
0	4593
60	3250
14	14044
9	0
1	0
0	737
12	766
196	979
6	5582
2	661
3	1922
21	569
334	1458
9	65
1	247
1	330
0	99
11	2312
278	1991
0	3990
0	2197
122	3951
671	3973
130	1791
78	75
0	393
312	4
0	405
136	2525
4	2285
27	407
10	173
25	222
4	4
0	3
1	0
0	1
1	0
0	0
0	0
9	4
0	1454
427	1399
10	1327
1	20
3	1294
1	836
0	1522
1	235
49	1522
1	391
0	170
5	155
4	9
0	9
0	0
0	4
102	0
1895	4
202	0
0	1
0	1
88	0
26	219
0	186
0	212
0	2488
0	122
66	295
0	2225
4	2465
40	52
6	187
0	380
0	252
18	243
17	117
36	984
3154	2998
3	598
0	2486
18	0
20	0
8	3
0	3
0	2
0	3
0	3
0	3
0	0
11	3
21	5
53	4
0	16
0	16
83	0
3	0
0	0
0	0
0	0
111	0
1	69
0	0
0	0
0	0
0	0
0	0
0	0
0	0
0	0
0	0
0	0
0	0
0	0
0	0
0	0
0	0
0	0
0	0
0	0
0	0
0	0
0	0
0	0
0	0
0	0
0	0
9	37
0	37
0	0
0	0
2	10
0	0
40	62
3	63
89	339
0	343
0	109
11	98
0	68
16	1985
118	1
0	441
1	122
3	118
0	1675
25	0
18	12
0	4
0	20
0	17
0	17
0	0
3	0
15	26
10	14
1	14
7	4
1	10
76	84
0	72
0	0
4	6
6	26
0	24
0	1
0	0
0	0
28	150
0	150
124	31
19	18
34	4
0	0
0	48
0	0
0	201
9	233
21	120
0	84
1	44
0	25
0	11
4	29
51	90
0	265
0	267
0	265
0	259
0	134
57	145
0	32
50	54
0	27
0	0
0	0
30	85
15	18
1	0
0	0
0	0
0	0
0	0
0	0
0	0
0	0
0	0
0	0
0	0
0	0
0	0
0	0
0	0
0	0
0	0
0	0
0	0
0	0
0	0
0	0
0	0
0	0
0	0
1	0
0	0
0	0
0	0
1446	10
0	0
0	0
0	0
0	0
0	0
0	0
0	0
0	0
0	0
25	2
0	0
0	1
0	1
0	1
0	0
1290	0
0	29
0	24
1	30
0	2
0	2
0	14
0	0
6	0
9	0
0	0
1884	1479
0	655
23	937
0	936
1	526
0	29
1	83
0	34
0	2
2	75
0	3
57	40
0	1746
0	1746
0	279
0	494
0	43
0	0
0	0
0	0
0	0
0	0
0	0
207	171
0	33
17	53
0	25
0	25
0	71
0	31
0	27
0	11
0	0
0	6
0	0
0	0
0	0
0	12
0	12
1	9
3	0
0	2
2	0
2	0
0	0
4	0
2	0
0	0
0	0
0	0
0	0
0	0
0	808
20	306
0	825
0	792
2	265
5	384
7	678
2	139
0	118
28	5
7	0
20	0
0	0
0	0
92	60
0	45
32	87
1	24
0	24
0	0
6	202
6	200
33	400
4	483
0	446
3	0
0	0
0	0
13	0
8	0
0	0
26	7
2	41
0	423
1	1203
15	1216
24	0
15	0
12	0
16	0
56	0
12	0
0	0
0	0
10	0
16	0
12	7
2	203
4	0
0	0
43	2285
0	440
49	2166
0	254
0	218
0	2248
0	0
129	2276
0	3
0	3
14	0
0	0
1	0
1	0
7	0
1101	2353
28	1305
84	1048
0	1
0	1
2	13
1	0
5	7
0	14
0	15
0	15
0	15
0	0
0	39
6	1560
1683	1578
0	219
0	16
0	0
0	0
0	0
6	11
50	0
79	67
469	67
1599	21
4	12338
4	843
2	251
6719	12833
3	855
75	1424
64	2693
140	209
27	0
0	0
0	0
1	0
104	16
0	16
12	317
427	1094
0	0
8	0
2	777
1	0
66	409
0	286
1	281
0	79
3	3
30	124
7	24
0	13
686	570
0	190
0	55
3	278
5	106
0	0
1629	349
47	217
21	313
7	29
119	495
0	495
13	60
1	113
0	87
30	40
0	4
0	4
0	0
0	0
2259	2000
1	425
38	997
1	189
0	291
0	147
90	99
52	12
0	69
0	0
1	6
57	2202
1	2679
0	1045
0	1867
0	1915
0	1857
5	102
26	27
33	0
16	53
0	1025
158	139
82	12
1	1491
0	633
0	84
51	43
2	100
0	0
8	64
0	584
0	601
0	39
0	223
0	107
1	43
4	106
7	15
0	32
0	82
0	74
1	64
0	29
0	63
0	18
0	20
0	0
0	0
0	0
0	227
0	515
3	528
11	180
0	513
3	52
0	371
2	343
0	69
26	255
0	24
0	0
3	0
16	35
0	35
1588	54
146	54
192	0
27	0
84	0
805	127
2	139
1	82
0	82
0	44
1	5
25	0
0	0
2	149
3703	665
3	65
0	0
5	126
12	11
0	219
4	56
4	134
0	573
0	517
8	223
14	0
0	545
11	202
1	57
25	65
0	343
26	0
0	4
3105	101
270	101
0	0
3	0
2723	14193
27	11141
0	8688
4	4425
40	5101
1	1082
0	702
0	0
68	0
0	0
921	273
0	0
4	273
0	0
0	1
0	2
24	950
0	247
49	789
3	200
44	22
5	23
6	192
2	175
23	4334
3	568
0	4304
10	17
12	139
0	0
12	70
0	0
0	412
2	1114
3	986
0	173
0	0
0	0
3	0
0	0
0	0
0	0
1638	302
1	0
0	48
31	198
82	56
29	0
5	174
61	1280
0	948
3	431
7	328
0	7871
0	7871
149	7607
2	4232
3	556
2	335
21	397
32	250
9	151
0	37
0	37
0	1900
1	0
0	0
0	0
0	0
0	0
0	0
0	0
0	0
0	0
0	2
0	2
0	0
0	0
4	0
0	0
0	0
0	0
0	0
0	0
0	0
0	0
960	2816
66	2034
0	353
3	147
0	357
1	324
0	111
1	1
0	0
5	0
922	1510
8	1381
0	1359
0	1426
0	343
6	220
1	846
3	846
0	926
1	846
0	191
65	0
0	80
9	170
97	2
83	0
10	116
22	0
67	0
36	0
0	0
8	1115
1007	1147
137	64
0	0
17	957
0	0
0	0
0	0
757	556
12	556
0	405
7	0
0	0
660	1381
19	1229
0	670
0	269
4	170
1	0
1	1
0	1
730	757
0	757
0	99
4813	3922
6	958
7	438
114	1604
74	2611
0	0
0	0
1	0
0	0
0	0
0	486
0	486
18	389
1	370
0	0
0	0
1	0
0	2
2	16
0	1
0	1
21	16
0	0
5	82
3	3
0	3
28	81
0	0
0	607
10	635
3	627
5	140
2	74
7	66
0	14
0	0
8	3706
0	3635
63	2443
20	71
8	246
4	294
26	57
5	264
2	204
33	33
268	986
0	6
0	739
0	185
0	242
0	857
17	185
6	189
9822	1432
84	772
21	183
7	0
428	0
5	0
0	0
0	1
0	0
0	1
6	0
4	0
0	0
0	0
0	0
0	0
0	64
2	8
0	8
427	64
0	0
0	0
0	0
0	0
0	0
1	0
0	0
1	0
0	0
0	0
1	0
1	0
0	1
0	8
0	0
187	96
0	96
2	0
0	11
1	8
0	10
226	2494
1	986
11	974
0	953
3	569
0	640
2	1243
3	1105
0	0
0	831
128	477
3	0
1888	0
352	94
0	94
0	0
0	0
0	0
0	0
13	3003
355	3113
35	24
0	0
0	0
1	0
14	924
58	865
10	51
1016	3375
7	652
19	2723
30	2043
3	0
0	0
0	0
161	751
6	0
1480	1872
21	1634
8	122
23	1507
0	411
1	4
4	4
182	4539
2505	4539
29	62
142	831
2	460
21	533
0	242
9	507
88	254
0	0
0	0
0	0
0	6
0	7
0	7
3	2
0	2
0	0
1	5
88	20
3	20
0	0
0	0
0	0
0	0
0	0
0	0
0	0
104	201
1	201
1	29
0	39
0	2
0	0
1	0
0	0
7	0
79	326
60	326
12	0
0	0
0	0
0	0
0	0
0	0
0	0
0	8
0	8
0	0
1	0
4	0
0	4
0	2
1	0
0	0
0	1
0	3
0	1
2	3
148	540
0	802
0	1125
35	1078
27	490
40	527
7	461
0	932
0	662
434	0
0	0
0	0
0	2
4	52
1	0
0	0
0	0
0	0
1	52
0	52
0	0
3	0
0	0
0	0
0	0
1	0
0	0
0	0
0	0
0	0
6	1758
12	1859
2	367
0	224
9	294
29	23
4	103
9	46
8	670
59	58
0	0
0	0
0	20
0	20
0	19
0	4
0	7
3	7
0	7
0	0
0	0
0	0
19	2
0	0
0	0
0	0
0	0
6	0
3414	1254
0	57
9	1197
54	5
11	38
0	0
21	0
966	709
1	285
0	506
0	457
1	0
5	0
39	249
1	23
7	0
96	764
1	564
3	137
25	293
44	0
4845	3188
22	2997
38	2542
2	0
27	0
0	0
2	0
6	68
0	16
0	0
0	314
0	791
2	1234
1	1293
131	559
5	811
4	5
0	84
0	83
0	2197
11	379
0	2257
13	1797
2	2213
0	311
19	1849
3	127
6	319
11	135
0	236
2	227
1	22
0	0
0	0
0	0
5	590
47	737
0	725
0	524
2	1
24	85
0	1
0	1
0	0
0	0
4	140
2	131
0	127
4	137
38	65
17	6
6	0
0	21
0	11
0	42
4	42
294	42
0	0
3	2
0	37
8	33
1	2
0	29
0	0
1	0
196	1701
0	1701
1	374
0	0
2	44
53	44
12	0
0	0
657	0
319	0
3928	1181
0	63
0	1110
3	258
77	78
0	1
51	5
3	0
2	0
2	0
0	0
0	0
2	0
1	404
0	427
2	214
33	106
26	74
60	1
69	1860
153	701
0	1177
1	444
2	1632
12	138
11	0
0	12
2852	1627
8	97
15	1631
1	397
0	0
0	0
0	0
21	0
1020	602
18	542
2	238
1	90
0	0
0	2
0	2
0	0
3	7
2	5
1148	83
1	81
5	10
0	10
0	10
0	10
2	0
17	0
0	0
8	88
148	106
0	0
32	18
34	818
0	0
3	670
0	675
11	629
0	135
1	285
0	87
2	224
0	228
130	0
148	0
1	4
171	28
0	23
0	21
0	0
281	6
9	6
0	51
3	51
0	30
0	93
73	116
0	93
17	17
17	0
0	10
0	15
0	0
0	0
0	0
0	0
0	0
0	0
5	194
0	194
0	12
0	0
14	0
0	0
11	65
0	65
0	13
0	11
1	1
0	0
1	0
0	0
0	0
0	58
3	510
4	497
21	22
6	38
0	21
0	22
0	6
9020	2625
44	2179
197	1273
6	725
0	444
0	617
0	123
0	726
1	16
48	627
0	39
8	60
0	89
0	112
0	120
0	33
0	69
3	10
0	7
27	67
0	0
1	62
0	6
0	13
0	13
1	12
1	0
0	0
6	8413
0	1241
0	0
11	112
0	103
4	112
0	51
0	1
3	1
0	29
1	0
101	0
0	0
9	0
0	0
252	8414
0	0
0	8410
0	497
0	5
1	5
0	1
0	2
1	0
1	0
1	0
39	0
0	0
0	0
0	0
13	285
3036	1247
190	54
114	0
105	0
163	0
2	0
5	48
7	858
0	0
0	0
0	0
82	1297
60	1297
17	139
15	0
4	172
25	0
23	62
276	115
0	0
362	0
207	0
37	580
0	0
181	477
117	22
0	0
0	0
4	3
0	21
3	13
42	0
37	0
286	1833
66	1522
407	7
152	1955
10	493
8	988
50	1043
179	566
5	181
11	319
0	189
1	188
0	74
0	21
1	91
0	2
0	0
0	9
3	110
0	14
0	18
0	1
2	2
0	0
0	0
0	0
1	0
0	0
0	0
0	0
0	0
0	0
2	0
0	0
0	0
1	34
0	51
0	22
0	0
6	24
0	24
0	0
78	40
0	40
1	1543
0	324
27	296
1	988
1	174
0	0
0	1008
0	1501
0	5
0	1083
0	0
0	0
1	51
59	758
2	689
6	758
1	3
0	98
0	0
0	0
0	0
99	1692
19	1692
0	84
0	1689
0	1689
4	687
12	687
36	646
723	0
231	603
7	215
14	27
9	95
11	0
42	284
7	212
1	78
3	36
36	4
2	614
94	580
0	101
37	19
2	16
2	158
8	68
19	24
0	0
0	24
0	3
0	0
0	0
10	110
231	471
20	10
9	102
1	454
6	104
0	238
8	30
2	23
1	84
4960	3118
22	1010
0	0
29	0
0	0
0	0
0	0
12	1844
69	91
49	6
1	275
0	195
0	0
6	97
94	0
1098	418
12	418
0	0
429	70
0	69
276	68
3	68
33	0
7	203
0	203
0	57
0	20
0	0
0	0
0	0
0	0
0	3
0	3
0	4
0	3
0	3
0	8
0	8
1	11
0	3
0	7
0	6
0	8
0	8
0	8
0	8
0	8
0	8
0	8
0	8
0	6
0	8
0	8
0	8
0	8
0	8
0	8
0	8
0	8
0	4
0	0
0	0
58	29
0	28
0	13
0	13
0	25
0	26
0	15
0	8
1	5
0	57
6	337
263	337
0	0
160	195
1	223
0	43
0	41
1	9
1	80
0	0
0	38
0	197
0	179
1	43
0	28
0	0
5	1263
0	1435
58	1354
0	409
1	736
7	531
0	77
2	5
46	9
1	163
112	193
3	35
12	191
2	81
2112	2722
0	2722
0	2639
0	1557
4	1557
0	343
1	0
27	236
1	111
3	164
45	2295
0	1221
207	2294
0	11
6	19
2	19
50	13
0	12
1096	393
41	393
75	38
5	151
0	0
412	0
0	0
0	0
1700	1373
13	165
6	121
7	1144
35	823
0	0
0	0
0	54
42	54
0	0
0	0
4737	507
26	290
29	268
26	205
0	0
12	0
1	0
2	0
0	0
14	0
9	0
1	0
0	0
0	0
51	0
0	0
47	0
9	0
0	0
1	0
0	0
1104	56
0	50
0	0
0	0
0	0
1	0
582	1812
93	1818
0	832
132	600
4	1355
15	218
0	29
0	182
0	158
0	96
11	1
82	14
0	0
2	0
0	0
0	0
0	0
0	0
0	0
0	0
1	0
0	0
0	0
0	0
0	0
0	0
0	0
0	0
0	0
0	0
0	0
0	0
0	20
0	16
0	24
0	23
0	1
0	5
0	11
0	0
687	365
2	365
0	0
0	0
0	0
0	0
3	4
0	5
0	5
0	0
0	0
0	0
0	0
0	0
0	0
0	0
0	0
0	0
4	1387
375	1895
52	233
0	1754
0	1739
0	243
2	877
5	155
0	0
2	0
0	0
639	981
0	981
0	0
0	0
115	1
0	1
0	0
0	0
0	0
1	414
0	60
0	0
0	0
0	0
0	0
0	0
0	0
0	0
0	0
0	0
0	0
0	0
0	14858
1243	7262
195	13178
2	4676
29	79
63	0
17	1761
1	2097
22	2115
11	2011
3	327
5	265
0	0
30	1
0	0
9	11
0	2
0	2
14	293
4	289
1	9
2	8
1140	0
0	0
0	33
0	7
0	6
0	9
101	289
8	6
0	4
0	7
0	5
0	6
0	6
0	7
0	5
0	8
0	9
0	11
0	5
0	279
0	279
4	10
0	4
0	7
2	2
0	0
0	28
4	7
0	0
0	0
823	277
0	277
0	0
843	812
28	786
4	783
2	530
55	0
0	0
0	168
55	1806
244	2070
3	508
0	568
0	376
0	267
1	631
0	519
39	97
0	151
0	98
154	0
0	0
809	656
0	438
42	656
3	489
230	146
68	155
0	66
0	0
7	0
0	0
0	0
0	0
10	2180
3	2455
7	2440
3	342
19	0
102	6
0	0
0	0
0	0
0	0
0	0
0	0
0	0
0	0
0	0
63	178
2	178
13	153
0	8
2	3560
24	2
1	0
0	0
61	1077
0	870
7	257
1	531
0	116
0	0
0	71
0	0
0	0
0	0
0	0
1	0
0	0
39	5739
0	0
2	0
0	0
0	0
0	0
0	0
0	0
0	0
0	0
0	0
0	0
1	3
0	0
0	0
0	0
0	0
0	0
0	0
0	0
0	0
0	0
0	0
0	0
0	0
0	0
0	0
0	1
0	2
0	1
0	1
0	1
0	0
0	1
0	0
0	0
0	0
0	0
2	288
210	23
0	0
0	0
33	0
0	0
75	545
12	547
1	43
6	0
0	0
3	3
26	3
1	0
3	189
1596	1993
2	1979
2	61
240	1014
9	1002
0	0
0	428
0	198
34	75
5	636
0	593
27	755
0	754
2	121
0	734
113	279
2	119
5	126
4	0
12	135
6	10
0	0
0	0
0	0
0	0
0	0
0	0
0	0
3	335
0	235
0	85
0	9
5	89
177	163
4	0
1	0
0	0
20	3175
0	1
0	771
64	6
126	534
0	4914
60	143
6	82
0	2138
0	5078
147	489
2	385
16	234
1	0
2849	2016
0	2012
3	0
1	0
0	0
0	0
0	0
8093	2
0	0
0	1583
4	1554
101	1478
31	65
0	49
5	26
0	0
0	0
2	0
0	0
0	4
2	0
0	4
0	0
0	0
0	0
0	2
0	2
0	0
635	6662
76	654
3	350
0	161
14	6272
37	762
37	0
0	0
0	0
10	1
0	1
0	0
0	0
44	0
600	576
14	94
1	559
57	0
139	35
365	1684
0	1651
0	170
0	40
0	99
3	30
238	4575
32	4578
20	145
44	837
122	17
0	68
0	272
0	248
0	600
3	0
12	48
1	597
6	468
31	297
0	0
0	0
19	242
0	0
0	0
0	0
19	0
1	6439
0	4623
0	6715
86	138
1	4479
304	2
0	4826
482	2
52	2840
63	384
283	313
2	819
23	60
0	14
0	60
0	0
63	205
0	156
0	98
0	95
4	86
11	2
1	37
15	0
10	0
55	30
1	0
0	0
0	0
23	558
2	1
0	544
0	29
54	0
42	0
0	63
0	158
12	0
0	0
423	3113
4	3200
29	2224
103	166
2	0
150	4
0	0
1	0
0	0
0	0
0	0
0	0
14	2401
0	160
2	808
7	490
161	2368
2	986
0	274
2	0
35	367
12	237
9	167
0	0
2	0
0	0
0	0
0	1
0	1
0	0
0	1
0	0
1	0
0	0
0	0
4	0
0	0
1	0
0	0
1	6059
1	0
0	1
0	286
0	6091
0	283
0	6099
9	6058
28	6535
2	375
7	934
2	1940
19	859
6	0
1	1
0	0
0	4
29	4
0	0
0	3
1	1
0	191
0	191
9	0
0	0
23	62
0	62
0	14
4	2
36	397
0	2
1	79
1	361
0	282
0	1
0	5
0	0
11	2
43	1
1	2
1	0
23	6
6	1
7	6
0	0
13	7
0	43
0	34
2	5
0	0
0	0
110	7
0	7
588	953
0	787
16	153
6	206
0	14
0	0
0	0
0	0
48	0
218	317
12	317
0	0
32	48
5	48
1	38
1	0
1	1
0	0
2	0
0	0
0	0
0	0
0	0
77	10540
735	21626
137	3245
6	19382
0	17023
0	2049
4	11095
0	3
1	1365
0	0
19	320
0	0
23	425
0	424
0	66
0	33
1	7
0	118
9	0
37	7
1	7
0	0
0	0
0	0
0	0
0	0
0	0
0	0
0	0
0	0
0	0
2	0
1	0
5	0
0	0
0	0
0	0
0	0
1	0
0	0
16	0
32	176
7	4034
39	4226
0	347
0	0
183	12
0	12
4	0
1	0
1	0
4	5
0	0
1	0
6	5
234	1322
27	1322
0	47
380	807
3	771
2	614
0	564
36	45
22	172
1	30
0	77
0	81
0	23
0	8
2	45
0	21
2	12
17	1905
20	559
41	1088
0	1936
0	509
3	178
1	87
3	149
0	1272
3	21
0	0
0	0
105	7
0	3
1	4
2	0
0	0
0	0
4	3
0	0
74	1207
0	1223
7	221
91	744
1	0
0	0
0	138
4	59
2	0
6	46
0	8
7	0
2	4940
0	4974
4	2061
6	463
0	4845
0	2060
0	0
9	198
12	323
0	4209
2	2442
0	1074
22	115
91	1391
266	2
0	167
1	10
1	600
9	492
0	324
66	183
0	0
0	0
0	0
2	0
0	0
8	0
0	0
0	0
0	0
0	0
0	0
0	201
0	7
2	151
2	158
0	33
0	19
1	0
0	0
8	443
0	5
0	5
0	6
0	6
1	2
0	0
24	762
0	452
1	795
1	603
0	24
22	0
48	173
0	0
0	0
0	0
0	0
0	0
0	0
0	0
0	0
0	0
0	333
313	1704
137	17
0	91
0	1353
1	0
0	0
16	87
622	1533
1	511
4	970
0	44
6	548
0	0
0	0
2	372
0	0
0	111
0	0
0	14
26	0
0	0
0	0
0	0
0	0
0	0
1	341
0	0
582	6285
227	6258
2	6106
129	3821
20	3590
276	144
3	3386
133	674
0	0
13	0
1	809
65	14
0	15
1	29
6	7
2	15
0	24
0	1
0	3
1	1
0	0
0	1
0	0
0	1
0	0
0	0
0	0
0	0
0	0
0	0
0	0
8	226
0	0
26	16
0	0
0	4
0	9
0	7
0	12
13	58
0	52
0	53
3	2
88	2
21	1001
2	236
386	1035
2	270
11	1666
2	1692
21	1431
0	1187
0	617
5	457
0	0
224	0
10	0
0	0
0	0
0	0
0	0
0	54
197	54
12	2
0	0
0	0
22	733
0	143
0	260
0	0
0	0
0	0
1	7
0	1
0	0
25	104
104	104
0	0
0	0
0	0
3	0
6	0
54	327
2	272
10	60
32	87
3	45
37	13
849	4
78	416
3	268
5	215
1	168
73	0
47	65
0	59
7	618
11	357
0	620
0	334
0	264
0	235
17	169
0	349
0	372
0	0
0	35
6	89
24	0
8	0
13	25
40	0
4	0
0	0
0	0
0	0
0	0
0	0
0	0
0	0
0	69
2	60
29	287
0	75
17	42
1	218
0	0
0	193
20	0
4	86
10	86
0	67
0	69
0	59
0	0
2	0
9	0
0	0
2	0
662	0
16	0
9	1
1	0
14	5
0	3
0	0
0	4
3	0
5	0
0	0
0	0
0	0
0	0
0	0
1	1
0	0
0	0
0	0
0	0
0	0
0	0
0	0
0	0
0	0
0	0
0	0
0	0
0	0
0	0
0	0
0	0
0	0
0	0
0	0
0	0
9	24
0	15
4	0
8	9
0	9
1	0
0	0
0	0
0	0
0	0
1	60
0	0
0	0
0	0
0	0
5	0
1	496
0	429
0	420
91	592
5	546
0	545
152	15
0	105
10	78
0	0
0	0
0	1
0	0
108	15
0	15
0	0
566	603
0	292
4	237
17	0
0	0
0	0
0	0
0	0
213	0
18	0
440	221
1	151
0	2
0	71
15	0
3	0
0	0
0	0
0	0
1800	2
1	32
31	0
7	10
1	10
391	33
0	33
7	709
18	739
2	526
2	114
3	0
0	151
1093	3110
11	27
0	3208
7	1601
0	0
0	0
0	0
0	1
0	0
0	0
0	0
0	0
15	2429
0	0
0	0
0	0
0	0
0	5
0	9
0	2
0	7
0	0
0	0
0	0
772	1646
90	1033
16	750
9	215
0	0
3664	18
4	5
0	5
1	2
0	0
0	0
2	0
0	0
0	0
0	0
0	0
0	0
0	0
0	0
0	0
0	0
0	0
0	0
0	0
15	450
2398	1787
14	1338
30	1076
10	1459
10	46
2	141
0	24
0	20
0	15
0	20
0	19
0	19
0	11
0	15
0	16
17	8
1	22
15	162
6	13
11	143
3	94
30	99
0	0
7	0
33	23
0	0
0	0
0	121
3	725
67	703
0	581
5	19
0	0
0	548
0	548
1	524
0	36
0	0
2	0
0	0
0	0
5	0
712	273
0	49
0	53
0	1
2	11
1	14
0	6
0	1
0	6
5	11
2	1
0	4
1	272
14	208
0	4
1	17
10	0
10	3
43	14
21	7
6	3941
27	3876
0	3902
1	0
0	1
3	1759
55	401
21	37
6	196
9	207
7	207
6	4
6	0
4	2
1	2
0	0
0	0
0	0
0	0
0	0
2	55
0	50
40	7
0	0
0	4
0	0
0	0
5	2
0	1
0	0
0	1
1	1
971	441
0	105
29	334
0	0
9	85
0	0
1	0
30	0
18	479
3	514
0	208
1	242
0	191
0	111
427	416
10	414
0	244
0	241
0	163
2	95
0	973
1	973
2	0
5	0
0	5487
0	5487
0	5487
7	1872
0	870
12	629
0	0
0	991
2	0
0	0
0	2429
0	1671
5	2327
0	1708
0	0
0	0
0	0
0	0
67	15
0	11
2	16
3	6
6	13
0	12
1	10
39	0
363	452
37	84
7	375
56	347
21	127
0	0
0	51
6	51
0	0
0	0
2	0
0	0
0	0
1056	2
0	0
0	0
0	0
0	0
0	0
0	0
0	0
49	667
0	635
101	323
13	2
14	33
2	1400
0	1363
44	814
0	1269
0	1239
4	8
10	115
6	3
15	17
2	69
17	656
4	18
5	115
9	453
1	835
1	691
7	99
13	230
2	139
0	305
3	184
13	13
2	9
0	4
7680	2167
116	743
0	1538
22	269
0	0
0	5
0	5
1	9
0	0
10	2
0	4
0	2
0	0
0	0
0	0
0	2
0	0
0	4
0	0
0	0
0	193
0	196
2	194
0	165
0	197
0	150
0	43
2	2
3	47
3	21
8	1
0	0
0	0
26	0
111	724
96	0
27	724
0	0
0	23
0	22
0	26
0	17
0	16
3	0
2	6
0	5
0	0
1	150
3875	2313
2	2191
4	1836
0	143
40	517
0	0
1	497
7	687
2	640
1	119
9	0
0	2
0	0
1	546
380	2153
4	1877
0	0
0	0
0	0
0	0
0	0
0	141
0	145
805	266
75	229
8	0
13	0
787	3079
12	3165
82	1192
0	612
1	615
0	0
7	2258
0	6
4	63
0	2201
0	1
2	1
0	0
1	0
2	0
12	0
0	62
13	996
82	113
134	943
113	2
4	0
0	0
0	0
2	2
2	0
0	8
0	8
78	452
202	561
21	357
0	394
2	152
7	0
86	0
0	0
3	135
30	0
0	4
18	447
0	447
0	39
0	35
2	0
3	54
0	50
451	64
0	64
11	0
97	0
2	0
10226	4556
3	4548
1	0
5	0
0	0
0	0
0	0
0	0
0	0
0	0
0	0
1	0
0	0
1	0
0	0
0	0
0	0
0	0
0	0
0	1
0	1
110	365
19	76
48	289
0	112
8	47
248	292
1	292
5	0
19	0
62	5335
0	5249
26	0
1	99
2	0
0	0
1	0
0	0
0	0
1531	124
1	124
0	0
3	0
116	274
5	274
1	174
2	39
0	0
0	0
0	0
21	0
0	0
0	0
2	0
0	0
1	0
1	0
0	0
0	0
0	0
2	2
1	68
0	2
0	0
0	0
0	2
0	0
3218	4
0	0
0	4
0	0
0	0
0	0
2	7
0	7
0	0
221	6
0	6
0	0
0	0
0	0
0	0
421	672
0	64
2	62
2	0
0	131
64	2
1	380
1	380
217	284
1	4
1	4
0	0
0	0
0	0
0	0
0	0
3	205
45	1278
0	0
0	0
0	0
0	0
0	0
0	0
0	0
0	0
0	0
0	0
0	0
0	0
0	0
0	0
0	0
2	0
0	0
0	0
0	0
0	0
0	0
0	0
7	0
0	0
0	0
0	0
0	0
0	0
0	0
1	0
8	44
5	15
0	41
0	34
0	10
0	32
0	0
0	30
2	0
2	9
0	0
0	0
0	5
2	0
1	15
0	0
2	0
0	0
0	0
9	1
0	0
0	0
1	0
1	0
0	0
6	0
7	0
59	185
0	0
2	0
0	0
0	0
3271	1683
4	734
27	369
81	78
22	164
1	317
6	0
86	19
2	126
16	0
0	378
2	0
0	0
1	0
1	0
0	0
0	11
0	0
0	206
0	96
0	182
0	157
0	77
0	99
0	71
0	250
1	142
0	193
2	69
0	66
7	169
0	122
0	197
0	43
0	1
0	1
0	122
1	296
0	248
0	246
2	324
0	236
0	175
0	150
2	19
3	334
0	175
0	137
0	145
18	115
0	0
10	0
7	0
0	0
0	0
19	0
0	0
0	0
0	0
0	0
4	27
0	51
0	29
0	40
0	27
0	0
0	0
0	0
0	0
0	0
0	0
0	0
1	0
0	0
0	0
0	2
0	2
0	2
0	0
0	0
0	0
14	1160
75	139
13	1038
9	66
0	1673
67	1656
5	1540
49	95
34	30
259	429
0	0
61	2
0	0
0	0
0	0
3177	180
17	178
1	0
0	0
0	0
0	0
2	0
0	0
1	128
0	123
0	0
0	0
46	0
13	0
1	0
1	0
0	0
0	0
0	0
0	0
0	0
185	198
0	159
0	181
0	2
0	0
17	0
1	73
0	168
0	224
34	246
0	59
0	56
12	0
13	0
0	91
0	0
0	0
0	2
0	0
1	0
0	0
0	0
1	586
0	248
0	586
16	205
0	14
1	0
43	6
6	0
0	318
184	436
11	121
9	6
0	376
0	124
86	267
0	33
227	311
29	0
0	29
0	2
0	3
3	7
0	14
0	9
1	22
0	1
0	0
3	9
1	10
0	12
0	0
1103	2839
0	2705
2	2449
5	2125
23	754
87	1135
38	1081
49	1081
0	0
3	0
0	0
0	0
0	0
0	0
0	0
0	0
0	0
363	579
6	579
9	0
50	8
0	8
32	3
1	175
75	2477
85	41
1	39
0	0
0	1
0	1
0	33
0	2442
0	0
1	0
13	12
0	3
0	0
0	0
0	0
0	0
0	0
0	0
1	0
0	0
0	0
0	0
52	230
31	475
27	443
0	140
66	9
64	202
4380	1248
0	846
0	582
208	437
1	506
0	0
0	70
3	71
6	11
5	2
0	4
2	8
0	11
0	11
0	59
0	11
0	12
0	0
10	7
0	7
2	591
5568	2195
5	2168
0	0
0	0
0	0
0	0
0	0
1	0
0	0
44	5669
2	297
4	5347
0	5317
1	193
0	85
168	46
2	273
3	578
13	1122
126	6239
0	0
26	6239
5	1476
0	1451
3	248
1	143
101	826
10301	1145
5	1028
89	0
62	0
4	0
14	0
0	0
0	0
0	0
0	0
0	0
1	0
1	12
25	16
0	3
0	0
0	4
0	3
1	690
288	690
61	280
0	0
4	0
3065	4
111	1235
0	1113
0	1336
0	99
9	8
0	8
3	1
0	1
2903	990
8	959
154	23
89	41
1	32
0	0
4	0
3	3279
183	753
0	3011
0	2362
0	2972
0	899
115	664
1	0
1	2
24	0
8	316
0	0
0	63
0	0
24	65
3	224
1	24
33	1418
0	898
50	1444
11	726
0	1255
3588	0
272	1385
30	1404
0	364
1	487
8	474
26	579
8	1
69	55
35	254
0	836
5	793
19	6500
8123	25499
0	23263
0	0
5	84
1	81
0	26
0	0
0	30233
52	28638
0	28613
4	28625
0	29375
0	2
0	2
0	2
0	2
0	2
0	0
0	0
0	2
0	2
0	0
62	1447
0	1455
0	39
0	27
1	200
0	103
0	381
0	0
0	0
0	0
0	1
0	1
0	1
0	1
0	0
0	0
198	573
0	424
0	263
8	58
1	68
129	2695
4	2621
0	1593
83	0
0	0
0	0
15	0
0	0
0	0
0	0
0	0
2	112
674	112
0	4988
4	4989
5	4784
8	454
7	80
0	622
0	129
0	166
0	64
0	0
5	7
0	0
0	0
0	0
0	0
0	0
0	0
0	0
0	0
0	0
40	76
0	76
1	6
0	6
0	36
662	67
9	17
0	50
0	0
17	0
1	0
3972	951
0	951
103	0
2	5
0	5
438	0
0	0
0	0
0	0
0	0
0	0
10	0
0	0
0	0
4	0
4330	568
32	250
1	168
2	318
1	0
23	622
3470	1732
6	396
4	1580
5	245
17	0
0	295
24	256
6	59
434	178
0	88
0	14
1	94
12	199
0	60
9	177
163	198
3	0
0	169
0	28
246	0
0	0
0	18
0	39
0	72
9	111
0	106
7	115
0	60
1	1
0	1
0	0
26	234
43	370
0	346
8	373
5	343
0	343
5	47
0	78
0	84
3	101
0	8
34	44
0	17
4	38
0	6
3049	1021
10	762
4	668
39	0
0	0
190	0
247	0
312	5157
0	4941
0	4941
0	4193
0	733
0	812
2	606
0	58
37	380
0	0
0	0
0	0
0	0
0	0
0	0
0	0
0	0
0	0
0	0
0	0
0	2
1	3
0	1
23	8
0	3
0	1
1	4
75	718
5	718
2	117
6	141
0	0
0	2
0	2
3	2303
3	1894
50	2363
0	207
17	572
0	570
0	412
0	4
0	0
0	0
1	371
0	111
1	889
0	744
0	552
0	198
4	138
1	48
0	107
0	0
4342	284
6	85
10	250
7	0
4	426
119	2328
3	2085
104	272
23	89
139	306
16	256
205	16
0	5
15	5
0	0
1	0
0	0
0	0
253	3649
6	3714
1	495
10	844
0	327
194	333
0	0
0	0
44	87
75	1033
0	88
4	253
0	442
7	337
68	0
0	268
4	268
0	17
0	9
0	7
4	37
0	0
1	0
0	0
0	0
0	0
0	0
0	0
729	299
5	30
0	294
0	0
1	0
1	18
7	286
2	238
2	1
16	180
0	105
0	105
4	30
0	197
237	271
14	284
0	155
1	128
0	12
0	0
14	34
6	441
13	406
1	311
24	84
37	74
7	85
1	32
106	99
3	66
2	0
1	0
1	7
1	7
15	102
0	102
0	2
2	8
0	0
0	0
1	1
0	1
2	0
0	0
2	0
9	133
181	525
5	2500
18	2443
78	713
10	313
122	0
33	0
0	294
11	319
0	0
2	99
21	10
1	312
0	1121
5	1020
0	1121
0	889
3	1065
22	101
10	106
0	0
0	89
20	223
7	203
0	0
1	0
0	42
12	42
0	41
4	0
1	2
0	0
1	10
0	1
2	9
0	0
0	0
0	0
0	0
0	2
0	0
0	0
0	0
0	0
0	0
0	0
0	0
0	0
0	0
0	0
0	0
0	0
0	0
0	0
0	0
0	0
0	0
0	0
0	0
0	0
17	0
2	0
13	0
0	0
0	0
1810	2454
8	2446
0	0
20	0
25	13
0	176
16	52
4	1544
0	5256
1	5139
156	228
102	211
0	5331
1	248
13	23
0	0
13	1126
186	562
298	341
0	102
0	0
0	0
0	0
0	0
0	0
0	8
0	11
5	65
0	4
0	65
0	3
0	60
1784	6
0	0
0	0
0	0
5	0
1	0
0	0
0	0
0	0
0	0
0	0
0	0
4	79
0	63
0	2
2	16
1	0
0	56
0	52
0	33
0	56
0	39
0	0
0	0
0	0
1350	1465
0	1465
17	954
149	367
0	0
0	0
12	28
0	28
0	0
0	0
0	2
56	15
0	15
0	0
0	0
0	0
0	0
0	0
1	36
0	304
49	0
2	520
7	204
0	267
0	42
0	31
0	522
1	255
0	32
0	45
0	62
0	3
0	0
164	1946
0	1808
0	275
2	433
0	786
0	257
2	432
0	0
17	2
13	2085
4	0
0	0
14	25
20	237
254	2605
2	190
0	2354
0	2150
0	2320
7	143
0	1386
0	2180
0	1357
0	2185
3	2178
0	2195
0	0
54	3
1	1960
9	1404
0	122
2	46
1	165
1	133
0	1805
0	355
0	111
6	169
0	1864
0	2290
0	1768
0	1947
0	1947
3	1821
0	1071
0	1928
3	1644
0	1338
3	479
51	382
0	29
0	947
7	166
2	724
0	806
0	16
1	219
3534	193
6	69
6	182
7	134
0	0
0	1
0	1
0	0
0	1
159	82
0	80
0	0
0	0
0	0
0	0
7	31
0	137
3	53
0	133
2	126
0	48
0	128
0	0
0	0
0	4
0	4
0	1
0	1
0	0
0	0
0	0
0	0
0	0
0	0
0	0
0	0
0	0
0	0
0	0
0	0
0	0
0	0
0	0
0	0
0	0
588	522
0	504
0	541
31	174
9	0
0	0
0	0
0	0
1	0
0	0
0	0
0	0
0	0
0	0
0	0
881	532
0	375
0	530
3	471
0	248
316	102
10	60
99	42
5	0
0	0
0	0
1316	0
4261	2677
37	655
72	2042
2	2449
12	92
0	20
2	1
1	0
0	0
0	0
0	0
0	0
0	0
0	0
0	0
0	0
0	0
4	182
0	0
0	0
0	0
0	0
0	0
0	0
2	498
0	0
518	519
211	603
32	602
15	104
7	260
0	150
0	0
0	0
0	0
0	0
0	0
1	6
2	0
0	0
0	0
0	0
0	0
0	0
0	0
0	0
0	0
0	0
0	20
0	20
0	20
0	18
0	20
0	18
0	17
0	20
0	20
0	18
0	18
0	18
0	20
0	19
0	10
0	7
0	18
0	6
0	8
0	8
0	11
0	5
0	22
0	24
8	24
0	11
0	19
0	20
0	18
0	19
0	19
0	1
0	10
0	1
0	1
0	4
0	1
0	0
0	0
1	1
0	0
0	0
0	0
0	0
0	0
2	138
0	14
0	138
1	0
0	0
0	0
1	6
6	27
0	4
0	25
12	9
0	1
0	2
0	30
0	5
1753	642
2	53
17	589
16	168
7	21
2	4176
164	271
17	5346
1	271
0	5346
222	161
0	0
1	288
73	14
0	14
1	5
0	4
0	1
1	525
0	1
0	55
302	187
0	143
64	63
0	106
1	49
2	0
0	0
0	0
56	3584
2	3449
6	470
0	597
36	344
1	182
3	292
4	192
2	58
304	230
5	175
0	174
0	11
117	11
0	25
0	30
1	20
3	34
0	38
0	57
0	49
0	22
0	156
1	13
0	22
0	0
0	40
0	55
0	15
2	153
0	52
0	47
2	30
2	35
0	408
93	394
0	70
21	187
1	223
0	55
1	0
0	67
0	0
0	1
0	517
0	470
1	457
2	354
2365	899
6	92
2	32
19	162
3	96
0	177
49	494
0	159
3	199
1	111
2	86
3	29
68	48
0	0
3	314
198	314
0	388
749	726
0	309
4	420
18	111
1	157
18	173
256	257
2	257
0	116
0	0
0	0
48	686
0	686
0	414
53	147
2	343
0	134
36	213
5	0
1429	513
9	513
0	0
0	87
0	76
0	17
0	46
1	8
3	4
0	17
10	1
62	1359
0	946
166	982
78	1357
0	672
1	38
0	28
7	262
79	259
0	54
4	40
0	53
15	2762
0	2284
4	1358
1	1
0	1
0	7
0	0
1	7
6	4
0	0
0	4
0	0
0	0
3	5
949	5
6	0
0	0
0	0
0	0
0	0
6	603
0	628
0	569
4	580
0	0
12	350
5	72
0	57
8	116
2	114
78	0
1	74
39	2897
11	1628
0	3014
0	2955
0	266
2	203
0	0
21	809
0	2027
1	3094
47	130
5	3042
0	193
16	5
1	81
1	0
0	0
3	377
0	3
0	0
0	0
301	12
17	12
1579	298
0	78
8	79
3	22
0	106
3	28
0	77
58	654
0	1519
80	1536
1	127
2	0
0	0
59	784
0	123
0	1
0	1
1	0
0	0
0	0
0	0
1582	6821
219	6821
158	6819
1	0
9821	1401
1	1401
0	0
0	121
0	91
0	109
9	112
0	43
0	14
0	43
0	36
0	10
0	0
0	0
0	0
0	0
0	75
0	9
1	298
2	301
20	123
0	9
4	68
3	19
2	19
876	6800
8	6853
60	6578
6	486
4	720
0	0
3	0
227	1566
145	1424
4	297
0	279
20	6
5	152
0	290
0	285
0	295
0	289
0	290
0	279
0	75
0	71
38	17
0	10
0	13
1	0
0	7
0	0
718	379
0	379
1	303
92	518
1	18
2	74
2	441
0	515
4165	1904
23	508
5	241
0	672
0	1075
0	164
0	1266
0	371
16	941
44	381
56	2922
2	367
2	1297
6	493
0	984
30	2697
0	192
7	1155
8	1
1036	165
1	97
0	74
1	1
7	102
0	0
0	6
0	0
1	14
0	0
0	0
0	0
0	0
0	0
0	0
0	0
0	0
0	0
0	0
0	0
0	0
0	0
0	0
0	0
0	0
0	0
0	0
0	0
0	0
0	0
0	0
0	0
0	0
0	0
0	0
0	0
0	0
0	0
0	4
2	14
0	1
0	0
0	1
182	0
5	157
0	146
8	61
6	59
0	0
0	0
9	16
0	65
0	10
0	9
0	16
1	2
7	279
3	236
0	298
1	90
15	270
0	8
0	70
0	1
3637	1426
6	312
0	796
0	497
8	60
1	753
0	639
46	57
0	9
0	9
0	9
0	5
0	9
0	9
0	6
0	6
0	9
0	6
0	6
0	9
0	8
0	8
0	0
0	0
0	0
0	17
0	17
0	17
0	2
0	16
0	19
0	19
9	586
26	158
2	150
15	480
0	0
322	833
26	549
0	292
5	55
0	253
789	2
3569	1675
12	436
9	365
254	717
4	330
0	3
2	12
0	11
10	0
293	1719
4	1681
0	1735
0	1737
0	1738
0	930
2	205
24	269
3	231
1	266
0	250
9	117
4	80
0	2
2	0
0	0
0	0
0	0
0	0
0	0
0	0
0	1
4	28
2	3326
116	3651
13	54
2	884
4	1274
3	428
33	112
0	0
7	185
1346	0
1	0
0	0
1621	13
0	0
3	5
1	0
0	0
0	0
0	0
0	0
0	0
0	0
0	0
0	0
0	0
0	0
5	75
10	192
4	1379
9	1244
0	54
15	751
0	1389
7	1272
4	746
1	722
8	19
0	252
313	0
2	0
0	0
0	0
0	0
0	0
0	0
0	4
2	0
3	1
0	0
8	54
0	54
0	0
0	1
0	1
4	1
0	1
0	0
0	0
0	0
0	0
0	0
0	0
0	0
0	0
0	0
0	0
0	0
0	0
0	0
0	0
0	0
0	0
0	0
0	0
0	0
0	0
1116	120
6	99
37	91
31	1
0	0
0	0
0	0
0	0
0	0
0	0
0	0
0	0
0	0
0	0
11	0
0	0
0	0
0	0
0	0
0	0
46	3972
219	3990
2	3838
5	1449
8	737
0	0
0	900
34	913
0	431
0	269
38	196
6	9
13	41
14	64
0	47
4	66
3	24
1	6
0	0
0	0
0	0
23	48
4	48
45	89
66	92
3	12
34	0
0	0
37	56
6	56
31	463
0	463
5	27
2	0
32	1403
21	469
0	1389
14	724
0	544
40	1090
2	271
1	31
0	303
1	300
2	186
15	7
0	7
0	0
132	14594
49	12314
0	3740
35	8089
13	13808
14	4389
19	204
0	204
7	905
0	245
0	957
0	59
0	1001
0	912
1	13
4	77
1	912
0	55
2	65
0	117
2	27
0	4
2	4
0	1
160	672
2	612
18	260
63	219
2	28
0	191
0	2
0	2
0	1
0	1
25	550
10	526
33	91
0	0
1	16
0	55
8	48
0	62
0	96
212	12839
39	12839
23	12806
48	3805
1	1149
7	731
5	83
7	83
1	8894
4	1924
5	8674
26	6483
9	1614
3	5129
20	117
1	106
14	424
1	7416
0	384
0	372
0	2169
1	1553
0	25
42	803
45	4784
0	0
0	0
0	51
0	53
0	52
0	6
0	6
0	10
0	6
0	3
0	3
0	3
0	3
0	3
0	3
0	3
0	1
0	0
1	0
0	2
0	2
70	794
23	781
10	109
3	288
0	141
0	145
0	54
0	0
1374	3003
0	2996
18	826
0	0
0	430
4	408
0	253
247	32
0	0
4	73
12	80
0	25
63	895
0	869
5	880
0	96
0	301
988	508
22	151
19	23
2	169
5	211
0	0
0	0
0	0
65	1298
1	1483
144	2693
33	2292
3	162
0	0
1511	843
0	841
51	2400
27	2369
0	2392
14	860
6	846
3	847
2	783
2	629
0	314
42	675
143	1007
7	800
0	699
0	2266
411	3322
0	912
1	3318
2	2457
3	227
1	484
319	2655
0	2643
103	2427
24	1167
19	1137
57	696
103	367
0	125
175	262
166	2236
3	2638
1	1812
1	299
2	944
10	107
0	1814
21	430
4	657
0	220
0	221
0	221
1	227
15	10
2	30
1	18
1	20
0	1
0	13
0	0
0	14
0	1
4	0
2	0
1	2
13	5471
22	5469
15	3586
10	2475
34	2491
5	379
5	244
1	82
13	231
0	79
4	178
474	387
7	314
10	9
4	327
11	131
20	4
207	0
30	0
5	1198
156	1145
7	259
3	1158
0	23
87	525
0	82
0	734
0	81
0	174
0	123
25	1471
10	64
0	1468
10	250
0	1302
43	316
7	66
1	47
1	37
0	7
9	568
2	2098
14	1497
44	1866
14	552
0	0
27	376
0	0
13	92
3191	8026
24	8025
1	97
0	1
5	0
0	1
0	2
0	97
1046	0
5	38
0	39
0	39
0	26
1	22
0	13
0	297
0	316
0	297
0	316
0	297
6	95
0	104
2	7
0	193
11	167
5	102
0	121
0	69
1	12
0	5
0	5
0	3
0	2
0	0
0	0
0	0
561	294
6	292
0	0
44	761
24	1010
7	1062
5	611
3	562
0	264
2	1914
1110	1919
13	1919
0	2379
0	2445
0	2257
0	2387
0	2293
0	2236
0	2035
3	2243
0	2352
0	1340
2	1394
6	301
26	89
3	33
0	0
1	0
0	0
0	1
0	1
0	0
18	316
672	589
5	448
0	324
0	282
7	58
11	108
7	87
836	6
188	1606
0	1606
0	720
1	92
7	0
4	292
12	155
7	1359
10	114
0	67
0	42
0	39
15	600
0	5
0	1583
1	1583
7	287
0	0
3	96
64	4242
124	3364
0	108
211	2726
6	541
3	377
3	590
2	347
0	1243
5	1243
6	644
1	293
26	265
183	8505
0	8355
0	418
38	174
0	63
1126	81
1	81
0	77
4	0
0	47
7	15
0	51
4	216
9	186
0	122
2	31
0	73
1	237
1	47
1	41
0	59
0	69
3919	1800
18	232
10	465
207	190
2	345
58	242
0	568
193	1106
1	868
8	4
0	0
0	750
2	114
0	350
46	17
2	383
67	589
6	335
7	595
4	365
21	31
3	166
1	39
5	22
295	281
0	283
0	61
6	53
6	0
0	1
0	1
0	1
0	0
3	7821
159	4515
2	3190
0	7831
27	3026
646	3026
42	2806
0	0
0	0
0	0
30	285
13	491
0	437
2	281
1	439
0	297
0	212
3	41
9	54
0	24
16	989
9	100
6	410
0	2
25	963
0	153
0	926
0	22
2	143
0	85
0	2
0	0
0	2
294	1144
1	871
12	364
4	304
3	2317
0	2317
8	733
9	4
297	151
1	110
6	97
0	45
0	45
0	45
0	45
0	1
0	0
0	0
5	1
0	1
0	0
0	0
33	1104
10	1103
0	1059
0	8
4	6
21	1957
0	2046
20	435
4	335
10	548
4	292
25	253
1167	691
25	128
0	154
8	419
31	144
123	33
1	33
2	12
0	0
0	0
0	0
391	3126
0	3407
5	2784
2	854
18	17
1	625
34	37
9	561
25	0
21	504
2298	2113
26	2023
2	28
2	1583
24	2048
504	455
13	99
3	244
0	5
37	152
84678	12112
0	0
39	4621
43	7436
0	0
0	766
25	620
2	504
0	550
0	703
2	237
0	418
0	233
0	647
0	63
15	72
5	0
0	4
4	4
0	0
0	49
2	49
0	5
1	1
7	145
0	2
36	24
45	144
0	20
6	1
2	69
0	71
0	78
2	45
0	68
7	63
0	26
0	7
0	68
0	66
0	17
853	318
6	318
0	982
0	0
0	982
7	136
5	159
0	101
6	174
11	157
2	111
0	0
9	67
2	113
195	9247
21	8793
16	463
16	1214
32	853
50	58
7	2157
0	1167
0	343
2	2002
1	2095
1	0
0	207
1	202
2	109
27	35
13	55
968	278
0	278
2	179
4	121
2	121
35	0
1	1474
0	1379
54	1380
19	1553
8	1477
2	426
0	1168
0	652
2	612
9	20
0	45
4	183
0	20
1194	52
0	52
20	4
1	12
1	5
0	8
308	1546
2	1299
91	977
0	706
14	275
4	1
345	583
5	339
15	468
2	209
1	72
3	356
0	0
0	151
0	19
3	16
275	1668
4	1672
7	743
456	1019
0	973
0	1082
1	67
0	61
11	488
0	488
3	0
0	0
0	131
0	131
0	78
0	0
0	49
4	9
0	1
0	2
0	2
0	0
53	2408
17	2349
1	626
2	146
0	459
1	456
13	375
22	26
1	143
45	0
0	36
24	45
2	10
0	0
0	0
0	0
4518	1584
31	1467
7	117
9	289
244	8227
5	7942
7	512
1	19
64	6717
3	1106
7	34
0	3770
63	3053
0	0
0	135
0	1
0	14
23	87
0	123
0	115
0	133
0	9
5	96
0	41
0	7
0	22
0	36
0	7
0	16
8	2
0	149
0	144
0	43
0	111
0	153
3	131
0	16
2	29
0	18
0	34
0	36
2	17
0	14
1	13
0	0
2	52
0	46
0	47
20	53
25	342
128	354
7	92
13	56
0	1
1	2
5	178
0	2
24	106
0	9
11	214
0	6
0	17
2	9
1	32
18	89
1	54
0	1
22	351
0	164
0	0
0	6
0	558
4	112
0	17
0	0
0	387
6	97
3	11
22	292
0	46
14	26
0	0
0	351
0	7
0	164
0	7
65	508
1	17
0	0
2	11
25	306
0	46
0	0
0	6
6	3
0	0
78	2
8	0
19	288
10	291
0	0
0	239
1	278
30	135
97	93
121	144
0	144
73	0
26	0
1	0
3	0
9	212
19	212
0	0
0	0
0	0
0	18
0	22
0	20
113	60
20	46
2	7
0	0
0	0
0	0
4	157
4	125
19	159
2	108
14	82
11	34
18	2003
15	2025
22	37
0	400
6	256
0	495
0	298
2	62
5	143
0	499
28	122
25	25
0	5
2	0
0	20
0	9
0	1
0	1
0	76
308	387
0	171
388	200
429	731
69	674
0	25
1	68
10	48
1	129
15	3
0	0
1	0
0	0
0	0
9	9892
8	0
4	0
47	9878
71	6914
28	39
0	1238
8	10079
114	2137
97	0
18	1083
4	0
1008	2
1	0
1	0
0	0
656	122
2	21
0	101
9	72
0	15
0	0
3	0
4997	61
36	93
0	89
0	3
0	7
0	60
0	14
1	7
20	2020
521	2020
0	188
0	204
1036	3385
23	534
1	962
4	141
17	1186
0	847
837	2217
3	820
24	168
0	448
1	412
5	353
20	219
0	108
0	0
162	49
14	3
8	46
0	0
0	0
0	0
0	0
0	0
1	0
0	0
10	9
445	10
0	10
13	0
0	0
0	0
0	0
0	0
0	0
388	2378
0	2376
5	0
440	310
7	276
12	35
0	0
87	2
1240	581
4	560
0	209
0	89
18	113
0	2
0	2
0	0
0	130
0	31
1	128
25	1101
4	223
0	1146
0	1003
61	482
2	3
1	3
1207	294
12	290
151	35
1	35
1	28
0	18
609	76
2	25
3	51
1	0
0	0
0	0
0	0
0	0
4	82
0	0
0	500
0	233
0	321
3	3
4	57
4	215
2	210
1	9
0	0
0	0
0	0
0	0
0	0
0	0
0	0
0	0
0	0
0	0
0	0
0	0
0	0
1	111
0	0
19	0
636	555
1	555
0	324
1	229
0	1850
4	1769
67	1838
2	275
9	116
21	530
0	181
541	34
0	30
5233	671
41	671
0	0
0	0
0	0
5	4
0	4
33	561
0	300
3	49
0	364
2	446
0	314
0	0
15	29
11	41
0	3
5	37
0	0
0	0
17	32
5316	402
82	371
5	371
1	13
29	39
0	39
0	0
0	0
0	0
0	0
1	0
0	0
0	0
1	1
0	0
0	0
1	0
0	0
0	0
1	0
0	0
0	0
0	1
0	0
1	0
1	0
1	0
0	0
3	105
0	3
3	41
0	106
2	78
0	9
111	17290
5799	17914
45	0
0	7582
21	2794
6	562
0	62
10	55
1	29
0	29
1	36
0	0
0	15
3	1
0	190
529	196
1	23
4	0
9	21
0	16
0	1
0	1
0	0
0	0
0	5
1	0
0	0
0	0
0	0
0	0
0	0
0	0
0	0
0	0
0	0
0	0
0	0
8	0
0	0
3	2
0	1
0	2
0	0
0	0
0	4
7	4
1	192
1287	437
0	371
0	168
0	66
14	74
0	180
0	99
0	0
0	0
0	0
0	0
0	0
564	110
0	89
0	104
0	67
31	0
0	0
29	378
14	25
7	379
10	26
0	0
4	51
11	5
19	630
1	127
11	531
8	305
66	18
0	145
2	73
2	84
0	0
0	0
1	242
15	242
0	4
1	207
0	186
3	2175
45	2269
4	235
1	648
1	91
0	0
0	0
1	55
0	312
0	0
0	0
2	0
651	1591
0	1351
0	2245
0	2571
35	1538
4	584
9	584
1	64
0	1
0	64
0	64
3	19
3	16
0	35
1	0
0	0
0	1
0	0
0	0
2	7
0	7
0	1
0	0
0	0
0	0
0	0
24	4
0	4
0	512
7292	2025
2	1390
3749	847
11	283
3	328
0	261
7	179
13	13
5	51
10402	0
0	38
0	44
0	41
1	40
0	3
0	3
0	21
0	8
0	9
0	11
0	1
0	0
49	1124
0	1127
0	330
0	109
0	19
0	12
1	16
0	10
64	965
0	996
25	866
0	6
6	6
0	6
327	2556
2	1496
0	2499
7	186
1	494
77	306
74	192
9	0
192	83
0	65
1	32
0	36
0	6
2	0
649	2177
19	241
0	761
161	1548
8	30
0	377
8	151
0	238
0	0
0	19
0	9
0	6
0	11
0	0
0	2
0	2
1	36
0	0
2	8
0	1
0	5
0	10
0	7
0	5
0	9
0	9
0	9
0	0
0	0
0	0
0	8
0	10
0	8
0	5
1	0
0	0
0	0
0	0
0	0
0	0
0	0
0	7
0	9
0	9
0	0
0	0
1	0
0	9
0	2
0	3620
4	112
0	3623
0	2814
6	84
4	23
0	0
85	497
0	588
110	336
551	196
0	23
5	47
0	202
0	256
333	14671
0	11636
0	11697
25	13166
21	7545
2	3097
26	4596
9	0
1466	867
1395	4164
13	3614
23	3038
37	2796
55	3053
0	1103
62	689
471	1121
81	2593
116	2591
15	309
61	91
0	3
1	0
0	0
0	0
0	1
0	0
0	0
0	0
0	0
1	0
0	1
0	0
0	0
0	0
0	0
0	1
0	0
0	0
0	0
0	0
0	2
0	0
0	0
0	0
0	0
0	0
0	0
0	2
0	0
0	0
0	0
0	0
0	0
1	0
0	0
1	1
0	0
0	0
0	0
0	0
0	0
0	0
0	0
0	0
0	0
712	788
0	0
11	779
11	105
0	0
2	45
185	11
0	19
0	19
0	2
1	1
0	1
0	4
0	0
0	8
2	1
0	5
0	3
0	1
0	0
0	0
6	359
776	777
0	0
0	50
0	14
9	643
0	4
633	565
11	484
2	385
9	141
4	0
1	0
0	0
0	0
2648	2326
22	517
0	850
135	850
25	380
21	628
47	632
28	290
1	1
0	1
0	0
0	0
2	0
1	3
0	0
0	0
0	3
0	0
925	2
2	0
0	0
1	45
312	45
0	0
0	0
0	0
5	169
0	0
1	10
2	10
322	5668
5	2517
0	5269
4	4575
4	4831
0	1081
38	85
1	497
1	431
0	1179
0	1185
52	1470
8	951
53	752
0	0
0	6
0	1
0	1
1	0
0	0
0	0
3	38
394	1305
0	0
0	1302
6	781
42	810
4	93
26	389
1	187
0	197
239	40
0	44
0	0
31	6
2471	123
0	24
0	0
78	0
1	99
139	435
0	435
13	370
0	0
7	1460
8	2139
0	2060
7	494
0	0
0	3
3	419
0	0
2	0
2887	4143
0	649
17	159
1	4132
1	0
2	3436
214	4133
0	0
0	0
0	0
359	0
0	0
123	1190
82	534
59	247
0	657
0	0
278	47
0	0
2	0
0	19
0	6
0	22
2	2
0	0
0	0
0	0
17	0
6	0
0	0
0	162
3	162
0	126
33	42
4	42
44	0
2	0
6	49
0	0
0	0
0	0
71	223
10	42
1	10
6	122
0	1046
0	1049
59	1057
3	282
3	338
0	133
0	125
0	120
0	91
0	0
1	0
1	0
0	0
1	0
2	814
0	1223
2	1309
3	423
117	409
662	2114
22	429
5	1605
4	482
0	1127
0	170
13354	10
0	0
0	0
0	0
0	0
0	1
0	1
0	0
0	0
1	0
0	0
22	39
1	39
15	260
70	260
0	0
0	0
0	3
0	3
0	3
0	0
3	0
0	0
75	71
0	1499
90	1579
2900	1580
5	403
0	0
0	0
0	0
0	0
0	0
0	0
16	0
2	0
0	0
0	0
1	0
2	0
0	0
8089	1553
22	1543
0	0
0	0
0	0
0	0
0	0
0	0
0	0
0	0
0	0
2	0
0	0
0	0
376	8164
104	8502
5	767
0	3
79	5276
1684	0
0	0
0	0
0	0
0	0
0	0
0	0
0	0
0	0
0	0
0	0
0	0
0	0
0	0
0	0
0	0
0	0
0	0
0	0
0	0
97	1273
3876	4905
0	2406
152	198
114	28
149	642
6	408
1	1460
2	1023
0	1366
14	7
1	0
252	0
0	884
1	500
0	527
128	873
0	494
7729	494
8	0
0	210
0	146
0	0
0	30
0	11
1	11
1	0
1	0
2	0
329	3460
1	2991
22	469
0	1028
0	0
0	0
0	0
2	0
1	0
4	0
2	0
0	0
11	0
0	0
0	0
1	0
0	0
0	0
0	0
0	0
0	0
7	0
1	4
0	0
0	0
0	0
4707	2714
0	256
10	476
0	350
92	1431
4	1601
5	0
0	0
0	0
0	0
0	0
0	0
1	0
0	0
1	0
0	0
0	0
0	0
0	0
0	0
0	0
0	0
0	0
0	0
0	0
0	0
0	0
0	0
0	0
0	0
998	888
5	849
24	123
7	83
3	8
24	1108
22	1108
0	1108
10	5
0	11
9	74
2	78
0	353
7	189
58	50
97	128
0	102
0	73
0	49
20	0
16	34
0	33
1	38
0	0
0	0
0	0
0	0
0	0
0	0
0	0
0	0
0	0
0	0
0	0
0	0
0	0
0	0
0	0
0	0
0	6414
0	612
0	0
0	48
0	165
0	0
0	0
0	929
0	6414
0	0
0	0
0	0
0	0
0	0
0	6414
1	0
36	199
589	6084
20	2
0	0
1	2
0	0
12	0
193	152
19	25
0	125
0	0
0	0
0	0
0	0
0	0
0	0
0	0
0	0
0	0
0	0
0	0
0	0
0	0
0	0
0	0
0	0
1	2
0	0
0	0
0	1
0	2
0	1
1	0
0	25
1	1
0	25
0	0
0	0
0	0
12	0
0	0
0	0
0	0
0	0
0	0
0	0
0	0
0	0
0	0
0	0
0	0
0	0
0	0
0	0
0	0
0	0
0	0
0	0
0	0
0	0
0	0
0	0
0	0
0	0
0	0
0	0
0	0
0	0
0	0
0	0
0	0
0	0
0	0
0	0
1	0
1	803
157	2331
0	262
0	189
65	1529
0	0
0	0
42	0
22	130
182	123
0	123
135	0
0	0
185	0
0	2
94	2
22	252
2	252
0	0
9	0
0	44
14	3
88	532
265	541
0	111
0	0
0	0
0	4
0	0
0	0
0	0
0	0
0	0
0	0
2	49
0	14
0	49
1	0
0	0
0	0
0	14
39	22
0	0
1	24
1	0
0	0
4	7
0	0
0	0
0	0
0	0
21	22
0	22
0	17
0	0
0	0
0	0
0	0
12	0
0	0
27	0
1	0
0	0
115	5378
49	5614
49	6078
42	168
72	96
383	5725
45	160
1	381
920	436
0	436
29	0
0	0
0	0
0	6
7	6
0	0
0	225
2	228
0	11
1	25
1	0
0	0
0	18
0	7
3	0
0	0
0	0
0	0
0	0
0	0
5	119
0	130
0	75
1	78
0	4
0	2
0	1
1	11
1	0
0	0
0	0
1	0
0	0
0	0
0	3
2	3
0	0
1	7
7	35
10	76
67	140
1	127
2	17
0	4
0	31
0	20
0	0
0	0
0	0
0	0
0	0
0	0
0	0
73	4381
28	2341
5	118
4	1271
2	453
9	1369
1	3528
42	1200
67	1169
8	925
23	13
13	56
6	97
5	230
0	167
3	181
2	92
0	0
39	1962
0	0
0	0
1091	1391
24	188
13	1338
14	0
0	12
3	800
6	156
8	156
0	0
72	3163
31	2796
0	3163
19	2881
2206	3067
295	0
2	411
25	200
17	33
0	33
1333	0
6	0
8	0
1	0
14	0
0	0
12	0
0	0
0	0
0	0
0	0
0	0
0	0
0	0
0	0
0	0
95	1353
21	81
4	1293
0	410
0	484
0	484
3	98
1	30
2	4
0	0
0	0
0	0
0	0
1	1
0	0
0	0
0	0
1	2
0	2
0	2
0	0
0	7
0	22
0	16
0	1
0	15
0	0
0	0
0	0
0	0
5434	165
1	151
2	0
0	0
0	0
0	0
0	0
0	0
0	0
0	0
0	0
0	0
0	0
0	0
0	0
0	6
0	6
0	2
0	0
0	1
0	0
0	0
0	0
0	0
0	0
1	0
0	0
525	948
0	846
16	18
0	100
1	0
0	56
2493	43
63	41
5	0
1	495
0	1266
7	1361
42	1330
3	1235
1	229
0	285
0	52
4	53
3	39
371	797
5	791
19	19
3258	814
309	4
7	814
84	25
57	1
1117	1416
0	1164
0	1083
8	90
2	67
315	629
57	426
0	198
4	0
2	302
2	0
3	4217
116	15029
285	14988
465	14958
5	512
8	30
0	0
0	0
0	0
0	482
0	473
5	481
20	367
0	49
1	18
3	391
0	1701
3	0
914	1655
0	0
18	4
0	0
0	4
0	0
7	3
0	0
0	0
0	0
0	0
1	2233
0	2134
15	2223
0	2407
4	1931
4	1828
0	1251
19	131
0	629
1	371
1	478
0	117
0	470
1	401
3	53
0	0
0	7
0	263
0	263
0	89
0	69
0	0
0	0
5	107
0	107
1	41
0	9
0	0
0	0
0	0
0	0
3	0
263	1276
244	1274
10	210
0	306
1	62
0	0
4	0
53	0
0	0
0	0
0	1
0	1
1	1
1	0
5	0
0	0
0	0
4739	5320
1	1341
12	985
35	2656
18	1339
0	1212
7	907
1652	78
74	66
0	21
37	47
0	0
0	0
0	0
0	867
154	867
0	281
3	0
2	5
3	5
0	0
8145	170
24615	170
2516	2587
19	2321
98	2428
2	503
451	2109
9	42
268	938
6	107
0	0
0	0
0	0
0	0
0	0
0	0
0	0
0	0
0	0
0	0
0	0
12	17
2	82
854	763
0	0
0	678
1	1976
3	1903
0	1718
157	1021
27	469
1	226
4	113
11	16
16	36
345	106
1	43
1	785
0	840
0	789
0	105
1	181
0	232
0	96
5	18
0	0
4688	167
4	165
1	0
0	0
0	0
0	0
0	0
0	3
3	279
0	224
28	41
0	46
1	253
8	164
1	41
0	50
1	22
0	0
0	0
0	0
0	46
0	117
0	117
0	46
0	0
0	0
0	0
0	65
0	65
0	153
0	59
0	99
0	153
1	1
0	1
1	0
2	1
0	1
0	0
1	0
18	0
2	0
1	0
4013	294
0	282
0	0
0	10
0	0
0	0
0	0
9	0
24	0
0	0
0	0
0	0
0	0
4620	1209
17	98
1	498
1	607
0	0
0	0
0	0
0	0
0	0
0	0
0	0
0	0
0	14
0	31
0	19
5	0
14	0
2	0
0	0
5	0
0	0
0	0
0	30
0	0
0	29
0	30
0	3
0	18
0	13
0	14
0	17
0	0
0	0
2	29
0	13
0	10
0	22
0	17
0	6
332	702
13	187
0	688
3	180
0	162
0	144
2	10
1	71
2	0
5	10
4	10
0	82
1	3
389	1326
19	527
1	751
0	319
15	78
2	734
71	1159
8	611
10	1135
0	0
0	0
0	0
12	198
1	198
0	0
2	0
0	0
0	0
113	0
0	0
31	18
0	0
0	0
0	0
0	0
0	0
0	0
0	0
0	0
0	0
3044	489
0	479
2	274
0	0
11	0
11	0
182	1332
0	1332
0	14
0	0
0	0
19	6792
0	5967
4	4645
32	0
137	0
26	0
60	0
56	0
696	505
0	401
0	58
108	47
17	3
0	1
0	0
18	0
533	4422
69	43
0	259
10	231
9	331
3	118
99	184
0	189
12	207
41	3640
0	0
3395	336
11	322
14	0
1	0
0	0
5	1
3	1
0	0
41	1966
4	1872
10	69
18	303
4	29
21	95
0	171
0	2974
158	2974
0	351
0	336
4	191
0	0
0	5
0	10
5	11
0	6
0	0
17	156
0	156
1	32
0	992
45	996
0	217
6	2
130	2
3	159
0	0
0	0
0	0
117	619
1	619
1	20
8	129
2	250
3	23
0	0
0	1
0	0
1	0
0	0
76	0
7	0
11	0
0	0
54	398
45	526
1219	633
0	2
1	0
6	162
0	0
0	0
6	0
0	214
0	58
0	166
56	1
8	1
0	0
364	5516
3	3506
0	5489
4	271
37	5074
72	55
7	636
0	352
231	638
37	99
1	0
19	1403
425	3479
0	3528
0	1613
11	11
3	1906
1	2437
67	1168
74	652
0	747
231	667
0	139
23	0
15	0
0	0
0	18
0	17
0	17
0	20
0	0
3	0
0	0
0	0
0	0
0	0
0	0
0	0
0	0
1	0
0	0
194	121
0	119
2	129
0	119
0	19
0	0
2	0
1	0
0	0
27	111
7	575
22	940
576	1374
3	0
158	393
0	479
0	0
0	2
0	0
0	0
0	0
0	0
0	0
0	0
0	0
0	0
0	0
4	54
68	54
25	54
0	0
4	0
0	0
1231	7508
33	71
0	0
0	958
3	7459
0	12
161	904
20	11
0	30
7	904
0	173
56	589
0	237
0	300
1	287
35	317
9	173
32	0
0	7
106	286
29	48
3	187
0	216
0	9
0	9
0	1
333	0
61	4387
2	1453
2	2287
0	2196
113	3887
11	995
43	2386
27	1097
0	917
2015	517
21	165
0	147
2	259
0	43
8	3
12	3
4	168
0	198
3	198
202	4539
384	4537
0	674
0	0
0	0
2	1086
0	886
0	398
10	519
0	414
0	18
0	17
0	14
1	2
0	5
0	0
7	357
30	679
37	650
0	707
0	675
0	535
2	95
5	24
0	94
0	212
0	118
0	12
0	845
0	759
148	669
0	33
1	131
2	5
1	5
7	5
2439	282
132	280
141	199
1	197
0	21
265	218
3398	1028
8	118
13	605
10	673
0	110
5	376
7	509
5	517
0	49
0	65
7	40
3	0
0	5
0	5
115	143
11	136
24	7
0	0
14	1733
0	1665
0	228
16	1651
0	171
9	118
7	0
2	196
16	211
0	211
22	153
194	28
0	0
5	13
0	5
0	15
3	4
0	0
0	0
0	41
2	1285
2	17
0	1283
0	1337
0	0
0	28
13	1158
0	1009
0	68
0	875
11	839
0	1269
0	1295
0	5
2	33
0	866
0	122
10	16
3	64
3	57
0	276
0	13
0	0
2	13
5	0
3	0
1	6
0	33
11	33
15	898
41	936
1	181
3	74
11	322
0	77
19	64
1	0
14311	5905
0	618
6	45
11	77
0	715
4	263
0	41
6	4212
9	3586
0	0
15	1223
0	0
3006	1046
0	431
3	75
5	170
8	368
31	297
8	297
1	0
0	10
0	10
0	0
6	2
0	239
0	2
1	0
11	135
617	249
11911	2490
14	2490
0	0
0	0
0	0
0	0
1280	0
147	0
160	42
1	1791
3	120
45	222
35	2024
33	713
482	65
208	740
0	70
2	79
36	14
18	0
2	3
0	0
0	11
0	11
0	8
0	8
0	0
0	29
0	0
0	0
0	14
0	14
0	14
0	11
0	11
0	1
1	31
1	435
55	447
44	374
2	24
2	108
2301	9962
127	9948
1546	4622
1	4412
8	217
6	0
17796	33144
15	4151
0	0
204	4960
0	0
0	0
82	19685
17	9372
88	3176
60	2711
0	10703
10	4472
134	1102
0	4964
0	4940
41	393
0	5003
0	1420
0	4990
0	4969
9	1412
0	697
0	760
23	455
4	0
2	1
1	118
0	0
2	103
0	0
0	91
0	0
1	97
0	97
0	6
14	0
2	0
0	15
0	75
0	31
463	0
0	0
0	515
2	498
8	478
0	154
0	48
0	491
0	501
0	4
1	5
0	15
3	10
1	15
0	272
1	6
1	14
0	1
0	1
0	8
0	8
18	121
37	1290
0	1288
8	49
25	7
4	2
6	510
4	130
19	20
6	20
0	0
0	1117
85	989
0	1120
85	120
1	1056
0	110
15	1033
176	1982
9	1723
3	263
3	719
7	112
14882	64
151	60
0	0
3	339
0	327
4	351
0	18
17	48
4	14
17	15
90	1026
1445	1191
0	0
0	0
0	0
0	165
3	0
63	1253
0	1268
35	353
0	257
30	195
19	628
46	625
0	556
7	277
2	246
9	248
0	0
0	147
4	70
0	48
187	797
2	1004
23	1297
10	588
0	0
0	0
4	235
11	3567
20	3436
185	3107
6	510
23	308
40	22873
4	11373
2	20286
0	19144
818	18055
391	5044
71	17973
62	16308
0	12524
4	4689
4	4651
4	10636
0	12732
13	6448
1	1943
18	0
1	0
157	3947
0	2451
0	0
0	2803
82	237
2	2829
0	0
1	0
0	0
496	169
3	115
43	84
4	8
309	19748
68	19497
254	19563
0	18882
27	17145
2	18664
25	55
0	0
15	2803
39	2803
0	0
11	254
14674	8
0	0
0	0
2	1
30	9870
286	10848
47	2176
0	55
1	55
0	55
0	23
1	35
1	21
0	5
0	0
0	0
0	0
2	0
1238	0
7	1
3605	659
86	645
2	978
50	964
0	994
9	637
51	309
5	157
15	161
0	10
2	6
32	9
324	3420
6	3420
57	1
32	401
2	401
0	401
10	1358
4	0
1	471
198	501
0	31
49	249
37	254
1	106
3	381
25	3500
14	2078
4	2724
12	3439
1	610
40	122
4	283
289	1615
6	1615
7	950
63	924
10	1004
1	817
1	150
19	666
2146	10
1	4367
0	4367
2	2306
305	4157
71	519
5	1389
10	26
1	8
15	10
0	9
23	15
0	340
4	15
18	372
209	618
2	372
11	41
3	134
18	915
52	915
15	136
0	0
31	0
0	147
1420	0
3	0
2	0
0	0
0	0
0	0
0	0
0	0
0	0
0	0
0	0
0	0
0	0
0	0
0	0
0	0
0	0
0	0
0	0
0	0
0	0
0	0
0	0
0	0
0	0
0	0
0	0
0	0
1	0
0	0
0	0
0	0
0	0
0	0
0	0
0	0
0	0
0	0
0	0
0	0
0	0
0	0
0	0
0	0
0	0
20	1
0	0
0	0
0	0
0	0
0	0
0	0
0	0
0	0
0	0
0	0
0	0
0	0
0	0
0	0
0	0
0	0
0	0
0	0
0	0
0	0
0	0
0	0
0	0
0	0
0	0
0	0
0	0
0	0
0	0
0	0
0	0
0	0
0	0
0	0
0	0
0	0
0	0
0	0
0	0
0	0
0	0
0	0
0	0
0	0
0	0
0	0
0	0
0	0
0	0
0	0
0	0
0	0
0	0
0	0
0	0
0	0
0	0
0	0
0	0
0	0
0	0
0	0
0	0
0	0
0	0
0	0
0	0
0	0
0	0
0	0
0	0
0	0
0	0
0	0
0	0
0	0
0	0
0	0
0	0
0	0
0	0
0	0
0	0
0	0
0	0
0	0
0	0
0	0
0	0
0	1
0	1
0	1
0	1
0	1
0	1
0	0
0	0
0	0
0	0
0	0
0	0
0	0
0	0
0	0
0	0
0	0
0	0
0	0
0	0
0	0
0	0
0	0
0	0
0	0
0	0
0	0
0	0
0	0
0	0
0	0
0	0
0	0
1	0
4	0
0	20
16	15
0	2
4	6
6	113
0	1
0	1
0	1
0	1
11	167
0	1
0	1
2	0
1	0
2	0
9	0
0	0
0	2
1	7
32	263
37	241
20	421
54	176
0	691
0	730
0	750
0	656
74	243
0	588
0	725
0	387
0	611
0	459
0	352
2	538
2	0
0	27
13	33
53	10
3	20
0	17
0	17
4	178
0	51
6	75
0	25
7	0
3	0
2	1211
63	298
1	1210
2	19
31	260
2	1208
11	1220
0	797
0	10
14	101
8	128
13	110
0	34
560	1579
4	610
8	397
0	249
27	578
0	114
37	9
0	339
0	59
0	316
42	556
4	822
0	796
1	773
3	271
1	16
1	40
7	14
3	0
15	0
139	137
0	23
0	78
8	46
0	78
0	33
3	40
0	36
0	21
0	49
0	4487
0	5122
0	5277
12	4820
310	5257
101	116
91	520
0	371
33	0
6	522
33	0
1	194
0	15
12	3
52	1088
0	1088
0	150
2	16
1	16
59	16
1	4
0	12
7	0
0	0
5	368
7	183
35	264
5	975
3	650
0	745
0	657
5	636
56	341
13	875
8	445
650	1011
32	1522
1	3594
126	3657
0	3836
0	3910
0	3798
70	283
16	0
353	4
0	219
0	198
1	2
0	28
0	0
0	0
1	6
341	7050
0	7191
0	6793
430	2698
0	60
1	1237
0	897
0	111
0	178
0	1
0	9
571	5
160	1837
0	1854
0	208
0	0
3	142
6	10
17	48
0	0
0	14
0	22
0	13
0	2
0	2
0	8
0	0
0	0
23	0
0	363
198	365
0	409
28	409
1	2164
3	2160
0	2164
4	2160
52	2164
4	2160
60	2163
3	0
0	6
0	1847
160	1847
2	257
0	545
17	766
99	766
0	763
1	5
0	1
0	1
0	1
0	1
0	7
0	7
0	2
0	1
0	0
0	0
0	0
0	0
0	0
221	0
2	0
62	101
0	64
0	94
1	14
0	90
0	3
1	4
0	2
496	120
0	119
0	11
26	56
0	0
4	431
11	561
0	563
0	30
0	36
0	10
1902	593
22	493
0	116
23	100
0	277
0	650
0	650
0	4
18	24
0	90
93	0
0	0
0	8
18	8
4	98
5	0
0	98
0	0
0	0
0	0
0	17
0	14
0	11
0	1
0	6
0	1
1	4632
165	2709
5	4548
63	4457
0	3227
2	2861
20	206
1	1
0	1
0	0
0	0
0	0
161	1395
1019	1395
1577	2014
268	2157
5	1032
224	184
1	110
3	80
0	0
1389	1915
61	1646
51	237
4	1652
5	1188
19	1256
0	200
11	433
0	273
0	207
5	234
0	110
3	42
343	1203
6	1134
6	203
1	244
3	230
3	131
0	0
4	1083
203	1083
6	46
0	186
4	327
9	136
7	0
27	0
0	3689
265	3686
2	156
0	278
1	215
0	3335
2	418
6	480
0	0
0	0
8	330
22	448
0	707
9	2
0	2
7	1488
0	1376
14	1184
4	356
168	78
54	6985
5	6560
1	5982
20	1130
26	456
263	1085
1	596
210	1093
2	993
43	3248
64	1373
79	548
0	67
2	274
0	34
2	19
4	70
2	239
0	44
8	48
0	230
0	91
12	223
0	191
2	365
0	337
0	148
14	35
0	1
3	58
2	14
2260	83
84	81
0	0
0	0
994	1550
423	1436
5	212
0	0
7	0
3164	4007
0	3571
209	727
99	1793
98	1956
1661	0
0	0
0	1
0	0
0	1
0	0
0	0
2	4
0	0
83	923
7	912
0	414
1	231
1	89
23	2114
0	2124
0	2130
33	1964
5	1957
0	82
177	81
1	78
23	105
0	1
0	29
217	2591
25	2133
280	2577
2	0
0	0
0	226
33	226
6	24
6	11
0	3
7	5
295	864
1	864
0	93
269	539
1	196
0	316
0	136
0	97
581	0
0	14
0	10
5	14
1	0
0	0
3257	339
45	335
3	636
1	490
0	606
4	644
0	227
4	245
0	217
10	243
2	214
0	196
0	201
0	68
0	0
0	10
11	0
375	1827
1	1517
13	1526
109	309
12	92
8	0
7	0
4	0
0	0
601	343
22	82
1	285
16	75
1570	572
21	572
0	0
0	381
306	8762
55	476
10	8547
11	8465
11	746
19	393
171	8373
2	1241
5	1241
10	1241
13	1086
3	988
7	178
0	0
1569	28587
8	4374
1	24078
14	14651
258	24113
0	23406
908	1151
20	1151
0	1
0	1
1	0
14660	6
0	0
1	1
0	1
0	1
17	328
0	287
4	5
36	117
0	11
1	19
0	2
13	102
24	123
61	116
67	124
0	39
0	0
44	861
1	70
0	0
2	789
1	67
23	0
0	266
0	790
12	45
193	52
0	23
1	52
0	1114
5	1114
0	1171
0	1085
13	32
19	180
40	162
0	0
11	146
1	81
1	25
2	173
8	154
0	113
0	0
0	0
0	0
157	61
0	58
0	3
0	0
22	208
6	208
0	0
0	0
0	0
1	1
0	21
0	0
0	0
0	0
887	625
1	625
0	0
31	0
1294	463
34	463
0	0
0	0
0	0
0	0
0	0
0	29
55	10899
0	10928
13	10928
27	629
11	164
352	199
0	0
0	24
0	24
0	2
0	0
1	414
0	472
21	200
10	66
3	38
0	14
0	10
0	10
39	0
6	944
11	946
0	490
2	1015
0	492
0	1
1	351
0	155
2	373
3	57
2	1
132	3
0	3
0	0
0	20
0	0
0	0
0	4
1	4
0	4
0	0
0	0
4	0
0	0
0	0
0	2
0	0
1	1
0	1
2	0
0	0
0	0
0	0
0	0
2	7
3	262
34	262
1	46
0	70
1	0
1	33
0	8
0	562
1	536
0	554
1	514
0	37
0	2947
271	2947
0	1275
0	2969
5	177
9	71
0	1017
9	975
0	0
28	248
7	322
0	0
3	792
33	854
0	301
0	43
0	16
32	30
0	83
1	51
0	33
0	0
0	0
2	804
14	1728
0	1792
18	1753
0	1713
1	1430
0	153
7	89
85	426
11	1
0	1
1	0
0	127
0	0
0	0
0	32
0	0
1	0
0	1
0	0
0	0
0	0
0	0
0	0
1	0
0	0
0	0
0	0
0	0
0	0
0	2
0	0
0	0
0	0
0	2
0	0
44	1637
11	1165
0	1628
25	1147
5	519
0	1073
8	78
10	47
4	27
0	0
0	0
0	0
86	1658
2230	1867
0	141
21	0
0	158
1	211
47	69
4	62
0	61
0	33
4	17
0	19
9	0
1	22
34	22
43	444
1	444
0	5
0	0
2	17
13	9
72	16
0	85
2496	339
0	622
26	309
874	34
3	34
417	283
38	127
3	268
864	478
16	354
5	1
0	0
0	0
0	0
617	6
7	0
3	0
2	1
0	0
0	0
0	0
0	0
2	0
1	0
0	0
0	0
0	0
0	0
0	0
0	0
7	0
1	0
0	0
7	480
0	388
2	466
0	507
0	269
0	434
2	146
16	5
15	0
35	213
8	0
0	1
0	1
19	197
1	0
1	0
0	0
0	0
0	8
0	0
0	0
14	189
0	0
0	0
346	699
82	701
3	77
8389	2271
105	2178
14	224
0	0
0	0
0	0
15	8336
0	7119
35	545
0	4102
0	7989
22	555
616	507
2	514
36	489
8	93
0	0
16	1923
0	1923
0	6722
3	38
9	30
4	2048
0	2
62	2018
1	471
29	4409
67	4716
1	3160
0	3705
12	267
2	631
72	556
20	235
1	76
0	0
2069	283
14	262
0	87
5	44
0	0
0	0
0	0
0	0
29	255
0	2085
178	743
24	0
44	2001
0	0
0	0
0	0
100	4654
149	4654
0	0
0	3362
2	260
0	0
11	0
10	399
51	147
185	930
507	4451
162	4451
0	677
8	416
0	0
1	0
0	0
0	0
0	0
0	0
0	0
2	8053
0	8056
0	8056
22	105
5	2100
8	2109
0	0
1	18
83	112
21	41
0	11
2	45
10	27
0	0
0	0
0	2
0	0
2	0
0	0
0	615
0	640
0	643
3	83
17	192
1	3
0	7
0	0
0	0
0	0
30	0
1	0
0	0
13	0
10	0
4	0
0	0
1	0
0	2074
88	1772
14	1674
0	404
0	0
0	0
16	0
0	0
170	1033
3	292
16	797
10	675
5	318
2	433
142	328
0	328
0	242
908	6104
6	489
102	3330
0	1045
0	5385
0	558
24	628
38	109
10	511
0	30
2	107
2	111
0	110
0	110
6	90
9	46
0	61
0	0
8	2
0	0
0	0
4	5768
0	5555
0	4843
50	1850
30	5876
0	58
0	555
40	10304
0	10304
172	171
404	2453
10	154
0	35
11	493
0	0
3	96
39	1045
7	1156
0	1027
4	168
20	163
18	32
0	264
17	310
0	0
0	0
0	0
0	0
0	0
0	0
0	0
0	0
0	0
0	0
12	0
5	641
23	1080
0	1122
2	1082
0	957
1	148
3	264
0	0
0	27
1180	184
2	84
7	100
14	0
0	996
0	630
72	1017
16	129
0	137
0	190
2	181
734	0
0	0
377	516
41	143
0	360
13	368
0	0
0	0
0	0
0	0
1	0
4	183
0	96
254	37
231	153
2	78
0	0
2	11
0	0
0	0
0	0
0	0
0	0
0	0
0	0
0	0
0	0
0	0
0	0
0	0
0	0
0	0
0	0
0	0
0	0
0	0
0	0
0	0
1	0
1	0
1	0
0	0
0	0
0	0
0	0
0	0
0	0
44	180
0	33
10	7
0	170
7	0
0	35
3	264
0	294
24	88
1	11
33	80
1	47
1	2
0	0
0	0
0	0
1	6656
0	0
0	0
0	0
0	0
0	0
0	0
0	0
0	0
0	0
1	1
0	0
1	14
0	0
0	35
0	31
0	34
0	30
0	1
0	0
5	20
0	0
0	0
0	0
0	0
0	0
0	0
295	573
0	230
6	346
1	421
75	1288
4	142
88	1288
0	156
123	0
8	2323
2131	3191
0	534
23	108
2	251
17	683
0	384
319	281
5	281
5	54
13	25
4	40
0	0
0	0
0	0
0	0
160	733
9	102
24	671
0	26
0	105
0	194
0	85
4	7
38	323
50	323
0	0
2	196
2	196
10	169
10	1022
0	616
0	1164
0	194
21	162
21	6654
69	12466
593	13584
71	7872
58	22
0	4
0	4
0	0
0	0
0	2
0	0
1	931
1	0
0	0
1	6780
9	6006
52	6148
17	2710
8	5516
24	4739
0	1614
0	1192
0	801
32	579
192	97
0	88
0	21
0	4
0	19
2	1
1	8
7	10
0	28
0	0
0	0
2	37044
7	4658
0	37005
112	1135
0	0
1451	29869
22	735
2	29400
110	56
0	0
0	0
0	0
77	0
0	0
6	0
27	0
0	0
0	0
0	0
8874	953
11	320
47	174
0	0
24	236
18	19
14	219
2	4
9	0
0	432
5	0
566	428
10	415
0	62
18	144
1	13
1	596
0	564
22	428
24	86
140	302
11	302
0	0
0	70
2	0
0	0
0	0
122	420
35	408
0	29
0	4
0	5
992	505
17	505
0	0
2	1
5	1
0	0
1	0
17	1093
0	3062
40	2513
0	0
1	38
290	38
1	28
0	0
0	0
26	58
0	48
0	36
0	29
2	0
6	388
2	97
0	85
0	144
0	280
5	1131
142	864
0	1018
0	158
6	142
0	100
0	181
3	69
2	23
4	266
3	290
169	281
22	64
56	92
10	390
1	406
0	458
1	363
24	42
0	294
0	305
13	17
25	2
0	116
0	13
1	23
7	17
7	67
8	12
0	0
0	0
33	570
0	262
0	0
0	0
35	562
0	254
0	0
59	2358
0	2358
108	85
197	0
2	0
3	0
1257	87
6	83
44	3354
14	19
1	3501
0	3520
2	201
0	0
0	0
0	0
0	0
0	0
0	0
0	83
0	0
8	53
0	0
0	6
1	6
599	12870
0	10369
26	2770
587	9209
4	9165
4	916
0	1
0	0
0	0
32	88
1	0
1	20
3	84
0	14
4	10
0	0
4	63
0	22
7	0
0	0
0	0
0	0
1	16
0	16
0	16
2	18
0	8
0	4
0	5
0	0
0	0
308	0
0	0
55	182
10	193
0	2
6	31
1	0
0	0
0	0
1	0
191	593
0	9
1	584
0	0
18	1
1	2
0	2
9	81
0	542
0	494
360	79
1	40
3	39
0	0
0	0
0	0
927	193
8	7
0	20
0	0
0	0
4	0
0	171
0	0
9574	2
0	0
3	0
1	0
2033	1314
2	604
5	306
18	97
0	410
1798	148
1	70
5	78
0	0
7	61
0	61
0	58
0	0
0	6
0	6
0	6
0	0
1	1
0	0
0	0
0	0
0	0
0	1
0	0
0	0
0	0
0	0
0	0
0	0
0	0
0	0
0	0
0	0
0	0
1	17
30	3096
24	3093
15	1044
9	503
12	219
87	269
1	258
1517	381
5	339
7	217
0	93
434	622
17	192
0	403
1	382
6	63
4917	733
5	733
0	0
0	121
0	0
0	0
50	340
0	0
0	0
0	0
0	0
3	7
0	7
0	4
0	3
0	0
0	0
0	0
0	0
0	0
0	0
0	0
0	0
0	0
0	0
0	0
0	0
1	4
0	0
0	2
2	2
0	4
0	0
0	0
0	0
104	1066
3	10112
403	11148
1	0
1	0
0	0
0	0
0	0
1	483
33	360
0	103
5	468
0	466
0	468
0	319
0	358
0	8
1	101
0	198
42	1272
55	2241
0	2239
4	236
1	211
0	0
1	153
11	162
0	67
97	4
0	4
0	0
21	0
25	0
0	0
0	0
4	585
4	436
71	0
3	548
141	132
0	102
53	816
109	804
1	180
0	10
0	10
0	10
0	7
1	0
0	0
0	0
0	6
0	6
211	953
0	87
0	774
11	255
2	141
2	89
0	0
0	0
2349	1235
3	53
259	735
6	468
19	69
10	378
0	0
0	0
2	130
3	159
84	159
94	37
2	19
1	8
0	0
0	5
1	0
1	0
0	0
0	0
1	12
0	0
0	0
0	0
0	0
0	0
1	2
0	0
95	6613
261	6586
503	5642
529	246
0	242
0	290
39	314
1	111
6	73
1	25
2	0
0	1
10	205
1	212
1575	322
1	25
1	0
12	285
10	113
0	0
0	0
112	0
0	0
4	489
0	488
10	488
0	240
0	0
2	13
0	1
0	85
2	87
0	0
1	12
4	3
0	0
2	0
5	65
2	43
4	441
0	455
0	191
20	501
0	183
5	11
3	169
0	3
14	131
0	131
0	0
0	0
0	0
0	0
0	0
0	0
0	0
0	0
0	0
0	0
1	0
0	0
0	0
0	0
37	1460
0	0
0	0
0	0
0	0
2	0
0	0
0	78
150	77
61	8
0	5
1	0
0	0
0	7
0	0
0	0
0	0
0	0
1	0
59	725
380	7971
35	26443
1124	31614
3	14043
0	0
0	1
0	0
0	11788
3	3011
1301	469
11	154
0	270
1	202
10	1303
0	130
3	105
16	33
15	31
0	7
0	10
1	0
25	111
18	97
79	1084
73	1091
30	148
55	190
0	131
0	56
0	77
0	1
93	27
194	536
0	397
0	103
0	11
0	11
67	445
0	125
0	12
0	0
432	532
3	397
0	103
0	11
139	441
0	46
0	3
6	618
10	1
19	15
0	617
0	13
0	3
0	169
0	0
0	574
0	1
0	1
0	0
0	0
0	0
0	0
0	0
0	0
0	0
0	0
0	0
57	14
0	14
0	0
0	4
1	0
6	1939
0	66
1	10
67	32
0	14
5	1978
0	259
34	17
1	1542
0	1964
1	98
0	1964
2	2376
23	2262
0	14
2	14
0	124
0	2118
0	136
5	0
18	2302
2	45
0	1
0	516
10	0
0	2
0	2
0	0
0	0
0	0
0	0
0	0
0	0
0	0
0	0
0	0
0	0
0	0
0	0
0	0
0	0
0	0
0	1
0	1
0	0
16	0
0	0
0	0
0	0
0	0
0	0
0	0
0	0
0	0
0	0
0	0
0	0
0	9
0	9
0	0
0	0
0	0
0	0
0	0
0	0
0	0
0	0
0	0
1	0
0	0
18	90
520	90
0	0
0	0
2871	2296
14	2231
125	2290
8	256
1	335
33	153
0	0
0	0
0	0
17	1
87	1
0	1837
0	1897
0	1993
0	2053
115	367
63	409
0	1749
11	291
0	796
0	698
0	0
0	23
0	24
2	23
0	8
1	2210
648	2060
290	2129
0	0
0	446
0	1
90	2953
140	2953
5	52
0	0
1	42
7	47
0	284
1	116
3	25
3	0
107	6
0	6
239	7835
730	8467
1	3625
0	4121
10	1781
9	1208
53	316
0	343
1186	3358
0	3242
34	275
0	0
2	730
1	17
0	9
0	3
1	21
1	27
0	18
0	11
0	3
4	3
0	1077
46	1077
109	22001
668	22001
6	4176
3	59
13	1344
0	0
0	2
0	2
0	0
8	6015
16	6153
0	7712
0	911
23	1966
0	6210
0	5662
22	1168
1	1067
2	1943
0	3759
73	534
1	236
53	1752
0	4
0	25
15	1948
24	1122
737	353
0	82
0	278
0	0
0	0
26	708
481	708
0	0
0	0
1	11
0	0
0	0
190	99
0	92
0	7
1	6
0	29
1	29
0	29
0	0
0	1
0	1
0	0
0	1
0	32
0	33
0	29
0	2
0	7
0	2
0	201
5	209
4	177
0	9
11	19
0	15
4	27
0	27
0	2
0	0
0	0
0	0
0	0
0	0
0	0
0	0
0	0
0	0
0	0
0	0
0	0
0	0
0	0
0	0
0	0
0	0
0	0
0	0
1	88
0	5
20	90
1	66
0	65
0	0
7	0
0	0
0	0
0	0
0	0
0	0
0	0
0	0
0	2
0	2
0	1
0	120
0	174
34	1198
0	228
29	134
42	374
0	225
0	224
30	921
15	0
667	287
0	881
2	177
14	48
11	35
401	17
0	17
12	202
12	220
5	166
132	114
76	18
19	83
0	21
21	8
1852	7451
64	7953
525	6216
324	898
11	898
0	631
185	725
2	97
6	74
700	152
5	151
3	132
5	323
9	323
117	489
0	489
697	1112
0	1034
0	449
0	456
7	353
40	2
191	182
1413	144
0	144
0	1093
0	1055
2	1073
94	7
45	0
0	0
1196	294
0	294
1613	822
11	814
14	140
1	134
2	0
0	70
0	87
0	78
0	78
0	70
0	70
2	56
0	65
0	20
19	67
0	82
0	45
2	25
0	9
0	6
0	3
0	3
0	3
0	0
9739	189
0	0
60	185
0	0
0	0
571	65
0	64
0	0
0	0
8	3805
57	13819
4	1016
10	1759
38	12118
9	0
0	4175
310	288
94	288
0	93
27	0
4413	5730
1	3665
7	1013
0	4211
24	1542
25	1163
0	5763
6	5763
0	191
0	0
1	0
0	0
441	0
0	0
0	29
3631	6498
5	1386
54	6039
124	4
0	4
0	0
9587	3464
11	435
151	1418
1	667
17	259
0	413
0	0
8	639
0	0
6	780
0	0
583	1484
6	428
41	1369
15	543
0	0
2	0
8	0
0	0
0	54
0	48
2	49
0	47
0	50
0	0
0	1
0	0
93	0
0	0
0	0
0	165
76	3187
80	1229
43	3187
54	1291
0	1391
0	483
0	0
0	0
14	383
118	408
0	375
0	334
0	62
0	81
0	98
0	81
0	0
0	0
0	0
0	0
1	0
0	174
853	1172
0	1108
2	38
0	740
3	138
0	0
1	0
0	0
0	0
0	0
17	5039
0	1495
2	7
52	2342
0	1765
0	526
22	104
6	1013
11	4560
3	541
0	7
47	386
1	0
2	4
0	22
1	36
1	17
6	15
8	15
622	471
0	200
1	161
0	0
0	4
0	0
0	0
186	289
3	94
0	70
11	15
22	0
13	12
0	5
1	7
323	709
1	641
0	260
50	236
1	0
0	34
0	332
17	227
9	304
1	42
0	306
0	7
0	29
0	19
1	30
0	29
1	145
0	0
3	9
11	86
0	0
0	0
0	0
0	0
0	0
0	0
1	81
0	43
0	12
0	54
0	81
0	7
0	41
0	54
0	54
0	28
0	32
0	49
0	24
1	25
0	0
0	0
0	7
0	0
0	0
1	404
0	0
1494	682
0	0
26	668
18	3952
8	198
6	1011
0	2942
8	187
0	2627
153	770
0	1056
6	1056
0	1483
5	1388
10	3140
0	0
2	198
3037	624
1	403
0	0
12	482
1	170
7	94
17	3
0	0
2	29
0	0
13	53
8	46
0	7
1	3
1	4
4931	891
31	891
0	450
634	450
0	294
0	1724
4	863
42	1656
0	1696
1	1620
0	1724
0	1611
12	62
16	432
4	259
0	45
0	28
0	0
170	4559
140	4559
28	3190
30	4
1	4
2011	9
20	171
0	0
0	1
0	1
1	0
0	0
11	11
2	8
0	0
0	0
1097	538
6	55
0	115
4	523
7	407
0	826
0	826
167	11263
16	12084
5	2680
0	5755
0	5755
0	5112
1	2512
0	1977
14	147
1591	331
2	331
0	0
8084	186
46	156
0	1
0	1
0	0
0	1
0	1
0	1
0	0
0	0
0	0
7	0
0	0
0	1
0	0
0	0
0	0
0	20
0	19
0	20
0	0
0	1
1061	2003
12	1888
55	62
18	475
6	1659
35	130
6	1644
0	128
0	0
0	0
4287	305
122	305
1	0
0	0
0	0
13	49
5	34
4	24
663	0
0	48
4	48
0	4
0	0
0	1
0	0
0	0
1	6204
147	6274
19	355
0	1
0	1
0	1
0	3
41	1962
6	1960
14	149
0	26
201	1273
0	1291
16	1250
0	0
4	39
2	110
284	157
4	78
1	151
85	0
121	645
1	629
2	646
0	1405
8	1404
51	1404
5	0
1	0
0	0
10	508
22	508
0	1024
13	1043
18	977
7	136
15	131
7	37
9	43
2	0
55	271
0	271
18	1609
35	1609
1	53
57	1411
0	133
25209	116611
1248	116611
7	140
0	0
3746	0
1	0
0	0
0	0
0	0
0	0
0	0
0	0
0	0
0	0
0	0
15	339
0	1
0	1
0	0
1	0
0	0
0	0
0	7
0	7
0	0
0	0
0	0
0	0
0	0
0	0
0	0
0	0
0	0
0	0
0	0
0	0
2	586
8	594
6	35
0	0
0	0
0	0
1	0
0	0
0	0
0	0
0	0
0	0
0	0
0	0
0	0
0	0
0	0
0	0
0	0
0	0
0	0
0	0
0	0
0	0
0	0
0	0
0	0
0	0
0	0
0	0
0	0
0	0
0	0
0	14
0	14
0	8
0	8
0	0
0	0
0	0
0	0
0	0
0	0
0	0
123	156
3	0
0	152
0	0
308	21
0	18
286	1
0	0
0	0
1	0
0	0
0	0
0	0
2969	0
140	8
59	7
395	1561
0	1571
3	0
0	0
0	10
86	0
158	772
1	794
16	796
0	10
0	145
0	129
0	0
0	1
0	1
0	31
0	143
0	142
0	125
0	0
0	17
705	42
16	4
0	46
0	86
5	86
544	1258
16	1179
4	408
31	8
1	159
0	0
132	0
4	301
6	307
37	374
11	357
4	261
1	0
277	0
50	14231
661	14233
0	0
0	49
1	49
0	0
0	0
0	0
414	466
0	466
0	240
1	238
2	190
1	36
0	21
0	0
13	519
0	519
18	513
32	175
279	0
34	4
0	0
20	1250
5	1091
8	251
0	35
0	24
26	256
2	335
0	14
3	193
69	81
0	95
0	0
2	95
0	96
0	19
0	0
0	0
0	0
0	61
0	0
0	0
0	0
0	0
0	0
0	301
2	9774
1203	8225
14	8439
0	9874
0	0
0	0
720	8009
0	7169
57	847
0	3821
0	0
1	0
0	0
39	1101
33	1052
0	1051
1	78
2	101
10	2
26	0
0	0
12	265
433	1426
1	492
50	1134
2	556
6	676
0	65
8	125
1	314
8	59
28	291
13	291
0	0
16	0
0	2
0	5
4	5
686	0
301	0
0	34
0	68
2	68
6	69
0	5
0	8
2	8
9	3
0	3
0	1
0	0
0	1231
2	270
0	60
4	0
0	1215
80	925
12	0
0	1206
33	4485
157	4829
18	206
52	3753
0	0
17	132
10	227
12	711
0	0
19	175
1	707
2	712
0	581
3	186
0	1789
3	1372
0	1823
0	1741
0	1727
2	167
0	104
0	124
30	440
1	0
58	440
51	247
0	0
0	0
2	15
7	16
3	38
0	3
0	37
3	754
1	754
4	309
3	233
2	70
0	25
4	139
2	321
1314	325
6	0
1	0
4	415
571	571
0	221
10	10
14	103
0	2
0	2
0	2
0	0
0	0
0	1
0	338
5452	342
0	0
0	0
0	8
0	0
0	0
0	0
0	0
0	0
0	6
0	0
0	0
0	0
0	5
0	0
0	8
0	0
51	2010
93	2010
30	88
7	403
5994	952
64	326
18	223
384	65
15	63
0	33
0	0
0	0
35	455
0	357
6	400
0	307
7	37
1	7
20	1011
1537	1011
337	1120
0	685
0	613
0	609
0	629
1	234
0	127
3	192
4	512
0	96
0	71
0	0
0	0
0	2
3	998
52	998
0	752
77	726
0	205
571	19
0	19
47	0
34	1802
5	68
14	574
0	1620
0	308
14	1
1	28
0	28
0	28
105	39
1	1
1	4
0	0
0	16
2	34
0	11
0	18
4128	2344
6	876
1	467
2	456
7	940
0	1064
0	0
0	12
0	12
5	1955
28	1860
107	3686
68	1955
4	435
13	823
0	567
4	105
1	1
0	1
0	0
0	0
0	5
0	5
0	0
0	0
17	0
0	20
0	37
0	38
0	35
0	8
0	6
0	2
0	1
4	400
1	193
0	45
1	388
0	587
1	522
42	512
0	589
0	596
2	584
0	81
0	73
0	88
0	103
1	69
0	103
0	95
0	90
7	0
35	145
0	112
9	16
3	113
0	80
0	74
0	1852
0	1786
0	1909
3	1976
0	1875
0	1880
0	175
0	0
1	17
3	155
1	126
1	38
0	22
8	1
209	2
1	0
0	1
0	1
0	1
0	1
87	136
1563	136
15	674
16	601
11	721
6	82
650	1111
0	1111
8	150
68	115
35	115
0	0
177	1529
18	670
8	709
79	795
0	42
0	0
0	0
1	893
0	1165
20	1201
12	5
0	1344
0	0
0	5
2	1165
235	1198
0	1456
0	1699
0	2074
0	2134
0	403
13	12
0	200
0	1247
0	2181
0	0
15	0
76	0
29	12
18	444
189	463
1	152
1	0
26	48
0	9512
0	9566
0	6541
16	393
0	4332
0	4354
39	7798
15	399
0	498
2	504
18	0
3	811
3	318
176	2852
1	461
1	3272
0	321
5	522
9	521
62	2649
1	218
79	2025
31	137
26	211
478	1173
6	494
160	30
1	30
0	0
0	0
74	580
3	373
0	285
4	115
2	49
0	49
2	0
7873	37125
1	26339
0	0
19	352
4	392
21	75
0	374
0	39
950	0
15	0
6	0
3	0
1009	405
22	3
0	3
4	235
1	234
0	0
12	24
50	5
6	7
9	0
1	27
9	165
368	165
0	0
1	68
0	227
0	226
23	196
10	49
18	38
0	0
2	0
0	3
0	15
0	0
0	0
4	1
3	0
1	0
17	45
2	45
0	11
2	1
0	3
0	13
2	8
3	3276
1	1587
30	169
8	2966
16	1561
4	36
0	36
0	36
6	15
3	35
0	5
1198	452
2	455
8	168
0	60
3	0
0	0
1	0
0	0
1	0
0	0
39	7190
570	7206
1	1587
8	190
2	2047
2	0
0	0
7	171
3	0
0	0
0	0
2	566
1348	63
587	174
0	0
2	0
6	174
59	116
4	116
0	0
106	63
0	0
0	38
0	0
12	786
0	765
0	24
0	921
27	898
0	131
0	36
10	155
0	148
0	122
1	0
13	24
0	0
0	4
0	4
0	0
0	0
0	419
4	434
5	245
0	147
0	32
8	9
0	0
0	0
0	0
1421	898
1	374
23	72
1	312
6	263
1	42
13	71
0	0
41	703
2	703
18	40
0	36
0	0
0	6
1	4
0	0
1	0
1	2
0	2
0	0
0	0
0	0
248	0
27	607
148	369
325	446
0	0
0	47
42	47
16	290
33	290
12	44
0	58
3	47
3	27
0	1008
82	1114
0	172
279	461
0	2
0	2
0	2
0	0
0	0
0	0
0	40
0	1
0	39
0	0
0	3
0	3
0	0
0	3
0	0
0	0
0	0
0	0
0	0
1	0
0	0
0	0
0	0
0	1
0	1
0	1
0	0
0	0
14	413
0	83
0	123
0	459
240	469
5	0
0	0
32	7
6	420
1	469
0	118
2	361
5	66
2	49
3	0
500	66
2	0
0	0
0	0
0	0
0	0
0	0
0	0
51	915
9	915
2	340
0	34
71	4
70	4
0	15
8	16
0	9
0	1
395	370
27	164
41	121
6	232
0	44
4	49
0	0
0	0
0	0
3	0
0	1513
0	1486
0	0
2	0
5	103
136	144
2	13
7	0
0	140
8	82
0	63
1	68
0	66
1	2
1	5
158	0
0	0
0	0
0	0
0	0
0	0
2	1627
0	10
4	99
0	1575
1	282
0	1611
0	3
2	50
1	401
791	1529
15	812
0	1077
0	1135
5	703
3	488
0	0
1827	13128
26	6925
0	3854
2	13128
19	8298
16	16
0	0
0	0
0	0
0	0
0	0
0	169
9	169
0	17
0	13
0	5
10	23
2	309
0	92
144	279
6	110
8	323
90	473
1	385
4	332
0	332
0	181
0	182
104	1697
6	1242
1	635
0	304
0	0
12	48
0	55
0	0
13	439
1	1082
30	170
2	979
4	1039
0	1087
0	103
1	42
1	98
0	134
2	118
2	92
0	121
13	1027
5	1151
4	146
7	135
6	168
0	89
9	165
6	84
47	0
623	0
27	155
3	141
0	79
0	76
0	44
0	39
0	26
1	9
8	0
0	0
0	0
442	63
72	74
25	15
10	49
9	28
19	622
18	814
0	110
0	814
0	537
2	738
9	0
4	0
3	0
1	2
0	0
0	0
1	0
0	0
2	0
5	0
0	0
0	0
0	0
0	0
0	0
0	0
0	0
0	0
0	0
2	49
0	540
35	540
0	20
0	24
7	32
0	0
3	31
0	54
0	31
71	671
1	711
1	372
0	451
9	29
5	25
1	25
0	0
0	7
28	39
0	39
0	2
47	1101
4	1498
159	5860
23	784
0	4987
0	4782
55	76
73	0
8	13
0	219
1	154
129	126
54	38
114	122
67	126
6	25
188	544
2	550
10	506
67	0
1078	75
1	0
18	75
0	46
0	46
6	0
0	1
0	0
0	6
2	1
0	1
31	0
2	144
142	268
4	124
0	961
0	997
0	997
101	421
0	950
2	40
1	68
2	62
0	11
1	17
0	5
0	0
0	0
1	54
8	24
1	44
0	0
0	0
1318	1032
0	0
2	37
10	313
3	295
7	288
1	99
2	0
212	857
0	537
6	703
7	337
0	237
9	297
2	290
2	139
12	119
25	47
0	0
97	191
1	124
1	159
2062	16425
3	16492
340	12782
5	2512
2	658
26	1137
0	26
3	7305
226	0
0	2181
14	2098
0	969
1	1655
4	1094
0	656
30	521
161	1687
26	561
0	1685
9	570
0	420
9	7
28	35
4	9
20	289
1	28
84	531
6	764
12	650
0	584
0	274
0	92
12	84
72	85
1	23
0	0
404	4188
0	4188
8	156
16	175
0	1
0	1
0	1343
952	1388
0	208
0	79
7	28
0	8
3	827
426	85
7	62
8	26
0	31
2	180
45	180
707	3
0	0
0	0
0	0
4	661
37	661
0	61
0	27
36	551
108	682
12	140
1	467
5	356
1	626
0	179
38	632
22	627
104	668
3	637
1	59
23	314
3	222
15	0
1	538
0	538
0	118
52	114
0	0
29	33
10	16
0	83
0	99
0	115
4	109
2	116
4	109
0	111
0	43
1	12
0	56
0	1670
0	1683
0	1737
139	1750
47	325
0	98
0	1382
4	519
9	111
9	258
1	221
0	178
0	540
15	564
21	562
7	139
12	19
128	9228
6	9227
29	9213
6	9229
628	9277
12	9275
0	9258
0	9211
1	5767
0	5402
0	5339
16	1739
1	2438
8	118
0	112
1	118
1	34
0	58
19	439
2	498
2	257
0	105
0	80
0	123
0	19
1	58
0	0
107	7504
97	1566
1	4536
3991	7803
24	2330
0	483
0	824
21	744
0	194
2	94
1	279
2	139
0	261
0	140
1	42
0	0
375	699
0	306
9	249
15	101
0	388
1418	4590
1	3820
18	3865
8	0
27	1331
23	1122
9	52
0	1101
0	307
0	80
0	38
0	1248
4	1247
1	409
0	447
0	447
4	150
7	76
1	54
13	5
11	4044
7	512
1	3384
9	434
0	0
0	905
4	753
0	521
0	157
2	179
0	212
0	32
0	1
12	217
2	226
0	52
1	31
113	54
0	19
4	18
0	8
1	146
0	142
0	178
0	40
1	50
2	27
0	46
1	28
2	2
0	4
0	1
0	4
0	4
0	3
3	8
0	7
0	5
0	5
0	0
26	192
4	6
3	193
0	38
0	165
0	33
0	68
12	50
0	69
0	1
0	1
0	13
0	17
0	2
0	11
0	163
2	145
0	33
0	120
2	154
0	37
0	124
0	8
0	27
6	39
0	32
253	33
0	27
0	6
1	21
95	4
0	4
2	0
0	0
0	0
0	0
4	82
0	100
10	98
0	132
0	207
0	230
0	150
10	851
10	113
0	1033
0	90
0	31
0	48
0	110
0	68
7	63
13	567
21	827
1	547
266	421
90	421
28	10
2	6
0	4
0	4
487	43
2	43
2	21
760	107
1	107
0	0
0	0
12	5
0	346
0	390
0	240
9	428
0	69
0	29
1	145
0	274
0	146
0	73
0	94
0	0
1	79
0	47
142	293
9	294
206	1050
6	741
6	797
2	82
3	89
0	0
2	9
15	69
2	58
24	22
0	13
0	22
2	0
0	0
0	0
0	0
56	423
1421	1638
49	490
305	763
0	0
0	0
1	18
34	703
1	703
56	240
0	97
2	28
3	31
2	2901
0	2762
2	2818
2	2815
1	2407
0	381
0	2527
0	207
1	75
10	134
4	49
22	147
3	147
0	0
0	0
0	0
0	0
0	0
0	0
0	0
0	0
0	0
0	0
0	5
0	5
1445	1605
19	698
10	829
3	323
5	233
1	43
11	1465
10	1748
4	499
0	1371
1	288
91	136
2	547
0	59
0	36
2077	10722
5	7771
456	2846
0	5284
8	0
1	861
22	2714
4	2852
0	258
3	305
0	2826
2	619
0	483
364	694
12	432
16	387
1	267
1	1121
0	1132
0	1093
3	1113
0	1138
0	1152
0	1191
26	1062
9	30
2	15
0	15
0	15
0	15
0	15
40	3899
0	14503
362	13995
42	13257
29	14459
0	0
60	0
0	0
0	0
142	0
24	16
0	16
385	1415
16	1283
13	295
17	1231
0	1236
0	1120
0	948
0	1005
41	0
8	0
0	0
0	1914
1	2204
29	333
0	2040
2	2250
20	1320
0	362
0	38
0	65
3	66
27	139
26	1345
2	215
15	62
2	223
52	192
0	26
0	81
6	59
13	74
0	107
0	78
0	47
2	65
0	107
21	86
4	10
18	56
552	948
3	872
24	76
649	710
1	344
0	575
0	427
94	37
1	63
1	48
0	121
0	0
55	121
7	434
582	997
4	904
0	224
283	114
1	304
0	58
1	19
1	431
701	464
0	15
0	61
0	47
1	122
21	122
0	0
0	0
0	32
6	32
19	507
9	313
0	314
0	458
0	265
0	0
0	86
1	86
0	0
0	0
0	0
0	0
0	0
0	0
0	0
0	0
0	0
0	0
0	0
0	0
0	0
1	11
0	61
3	61
1	13
0	62
0	8
0	0
0	0
0	0
1	2
1	2
4	25
273	49
7	41
2	37
0	42
0	347
0	361
0	13
1	17
25	52
0	1
8	633
1	606
0	624
60	624
0	642
1	69
12	140
0	83
0	57
2303	293
19	293
150	41
17	41
27	9
10	9
0	4
0	3
0	1
0	4
0	1
0	3
0	0
0	0
0	0
3	84
50	132
0	112
8	28
37	46
0	0
0	0
0	1
0	1
0	1
0	0
5	76
0	76
0	7
0	0
365	659
32	306
1	595
0	3195
5	3091
14	2602
4	391
18	74
0	418
14	46
1	157
402	624
6	530
2	193
0	167
0	48
0	29
20	10
0	20
0	19
2	230
0	1818
2	1697
17	606
0	0
0	0
151	319
7	5772
39	5889
3	2795
30	41
6	104
13	246
3	233
0	6
46	17
15	1863
0	7319
0	7445
136	7414
0	0
30	53
1	378
0	0
35	1029
136	164
95	1564
0	0
47	23949
0	24071
0	24363
0	23359
0	23067
18	142
149	686
13	49
0	29
1	33
1	0
4	0
10	186
5	188
0	46
1773	142
65	143
162	143
8	184
42	184
343	0
25	10
0	9
0	10
792	368
1	368
595	3507
13	310
54	3503
0	2989
5	712
5	687
3	77
12	52
0	4
2	376
46	376
0	0
0	18
0	5
0	17
0	3
0	0
655	8
20	325
0	299
1	119
72	42
0	89
1	61
0	0
0	0
0	0
0	0
0	1
0	1
0	1
0	0
0	0
0	0
0	0
0	0
0	0
0	0
0	0
0	0
0	0
0	0
0	0
0	0
0	0
0	0
0	0
0	0
0	0
0	0
0	0
0	0
0	0
0	0
0	0
0	0
0	0
0	0
0	0
0	0
0	0
0	0
0	0
1	6
0	0
0	0
0	0
0	0
0	0
0	0
0	0
0	0
0	0
0	0
0	0
0	0
0	0
0	0
0	0
0	0
0	0
0	0
0	0
0	0
0	0
0	0
0	0
0	0
0	0
0	0
0	0
0	0
0	0
0	0
0	0
0	0
0	0
0	0
0	0
0	0
0	0
0	0
0	0
0	0
0	0
0	0
0	11
0	0
0	0
0	0
0	0
0	0
0	0
0	0
0	0
0	0
0	0
0	0
0	0
0	0
0	0
0	0
0	0
0	0
0	0
0	0
0	0
0	0
0	0
0	0
0	0
0	0
0	0
0	0
0	0
0	0
0	0
0	0
0	1
0	1
0	0
0	0
0	0
1	3561
1	2847
0	3560
2	3476
20	134
4	7
0	0
44	0
4	18
1	3603
95	4578
97	4360
7	263
0	172
258	8784
50	9323
152	9093
0	9188
2	718
0	0
0	0
0	519
582	519
15	0
4	446
9	27
1	132
457	100
1	61
0	39
25	1035
16	1035
23	140
1	71
1	57
0	0
1	1085
744	1902
7	782
1	1638
14	82
0	384
5	264
0	0
0	0
9	597
0	434
0	554
3	527
0	483
3	113
0	92
0	64
0	92
0	87
1126	1508
0	1508
0	0
59	9
0	0
0	240
0	0
0	8
1	17
6	17
7	79
9	436
9	436
2	0
0	0
0	0
608	512
53	777
12	640
3	341
1	99
0	89
0	187
774	0
23	2518
2	2391
1	1388
0	347
0	0
0	7
226	86
14	34
1	31
0	21
22	215
0	152
1	109
0	61
0	29
0	64
0	41
0	8
0	0
0	0
0	47
0	49
0	19
0	12
68	1791
0	1791
2	875
0	108
673	22
25	22
7	43
0	0
5	135
100	101
48	33
50	13201
6	13004
0	5027
1	892
36	149
0	149
0	207
0	183
0	196
24	0
1	45
14	704
8	1229
7	79
0	1243
1	73
0	20
0	0
4	93
56	27
11	70
0	39
474	4860
0	4856
0	3760
21	323
0	2652
0	0
13	120
0	367
7	1045
56	909
73	104
1	947
11	174
29	31
1	99
14	7329
107	7332
2	7329
61	7365
8	3537
2	30
13	599
5	821
0	1012
13	313
161	8230
0	648
457	7982
19	1287
1	1191
3517	3036
16	1871
4	2582
1	1164
25	1899
102	0
0	0
0	0
93	101
0	101
0	0
19	37
1	37
0	31
21	0
4404	14
2	1826
0	1306
0	1625
27	475
0	648
0	1051
8	1313
0	231
1	255
13	1247
0	452
6	217
2	170
0	113
1	135
0	1
5	72
48	61
2	362
196	11
143	1336
7	71
0	1180
13	710
0	1937
0	0
4	0
71	1796
0	1429
9	1394
0	776
2	488
0	85
0	164
80	186
6	90
0	96
1124	29
18	29
2	340
463	408
7	78
5	52
0	5725
35	5724
492	5727
0	5685
8	5048
9	2917
9	342
0	470
47	1191
0	424
3	266
0	107
38	128
0	0
1	72
3	0
56	0
2009	147
0	147
20092	463
5	209
10	252
4	212
3	54
0	212
0	78
1	203
517	1665
12	208
52	914
0	579
0	1308
0	478
4	299
18	1
0	0
0	218
1	218
0	0
4	46
5	12
736	30
0	16
0	0
10	16
0	0
15	107
0	1
0	95
12	85
1	23
1	50
0	1
0	0
0	20
1704	1637
0	0
96	2388
243	33
20	118
1	1602
152	355
93	0
5	7
0	0
0	7
0	7
0	5
0	5
12	233
0	313
0	177
7	310
0	125
1	45
4	1599
86	1599
0	251
15	293
43	226
4	111
125	89
4	60
0	14
0	42
2	0
150	5
0	0
5	0
0	5
2	10093
192	10093
1	4
1	1
0	0
0	0
2359	2993
0	2983
3	325
3	67
0	0
0	0
0	0
0	6966
110	959
43	26
0	6773
0	7059
0	7038
0	7002
1	6055
0	6059
0	5666
4	0
18	5650
33	1
0	5141
8	5915
0	4921
0	4969
1	5548
1	36
0	104
89	106
5	331
1	88
24	284
6	318
24	24
0	8
0	16
0	0
0	24
0	23
0	3
0	23
0	13
0	1
0	22
0	1
0	2
8	902
255	1140
0	202
14	58
0	94
0	130
1	26
2	125
7	0
7	210
0	170
1	202
0	11
62	1059
0	1067
0	1063
2	1010
1	1044
0	0
0	0
0	0
49	541
17	541
7	83
2	417
9	314
9	405
0	2
153	2219
262	2221
14	663
0	524
22	503
0	180
4	386
7	28
5	6
33	95
0	39
63	116
3	10
0	41
68	214
0	214
1	32
8	34
0	0
6	33
9	14876
14	3513
3160	15049
0	0
0	0
0	0
5	273
0	118
10	304
0	262
0	65
1	47
7	27
1	146
0	6
1	10
0	10
2	13
1	14
0	9
2370	2507
10	2507
517	1226
4	911
6	664
33	110
10289	4783
15	130
5	777
22	884
1	1019
0	0
1	1167
3	730
1	3
0	5
0	11
8	6
1	7
0	0
1	0
10	5
435	850
6	603
13	578
0	64
2	55
16	27
1	22
5	35
74	901
2	52
0	904
0	242
0	49
1	255
1889	0
0	1257
1	87
1	1009
0	718
0	825
4	34
0	478
46	0
0	0
500	6
0	0
597	489
4	279
13	316
4	19
0	12
0	20
0	2
0	4
0	23
13	36
0	18
0	10
0	0
0	0
178	353
22	269
0	72
10	71
763	960
15	0
4	960
16	154
22	278
34	5
89	3737
93	3737
340	742
5	443
22	578
0	608
0	439
1690	37
2	0
0	0
1213	488
0	167
5	152
0	0
6	38
63	230
0	0
439	0
0	0
0	0
650	53
0	41
1	12
104	304
0	56
0	304
129	2008
137	2093
0	1193
17	49
9	1729
0	1629
60	22
0	0
27	596
10	359
1	123
9	23
0	0
198	2296
81	1565
2	762
15	402
40	525
0	419
77	412
2	0
0	0
0	0
13	9
0	2685
59	5261
411	5646
76	1008
0	0
1	556
0	531
0	0
0	0
15	0
0	114
0	114
0	84
0	116
5	122
0	22
0	2
0	14
37	1305
51	1727
1042	34
0	0
1	0
0	0
0	0
33	30
0	0
0	0
1	0
0	0
0	0
15	19
0	19
0	0
0	0
0	0
0	0
0	0
2	1135
713	1199
0	285
7	139
5	3097
15	3195
22	16
2	245
0	145
0	278
2	570
6	656
0	279
0	277
11	253
15	24
4	76
36	60
0	652
4	639
0	401
1	8
1	120
32	221
16	104
195	69
0	69
0	0
342	6
2	6
0	1544
12	1568
60	1551
73	728
12	1495
6	321
0	1012
24	684
9	80
0	80
6	486
121	10
5	2
0	8
0	705
6	722
2	21
0	78
14	5010
0	4599
0	4599
0	5786
134	2253
0	3355
4	1345
652	1980
57	144
51	1637
143	1985
22	1795
1	270
0	393
1	175
0	723
0	388
3	326
0	447
0	518
0	294
1	419
0	267
89	12
0	12
3435	5547
26	0
3	5547
53	2798
2153	0
0	0
0	0
0	0
0	0
5	20
3	20
0	0
0	0
0	0
2	0
0	0
0	0
0	0
1	0
0	0
0	0
14	20
0	20
25	0
76	0
18	9
0	9
107	0
0	3
0	0
0	3
0	0
0	64
0	64
1	3
1	15
0	0
0	0
4	10
0	10
0	0
0	0
1	0
585	0
32	10
27	10
2	1756
3	2015
27	811
0	1228
0	1475
0	1497
0	621
0	599
0	2021
0	252
4	169
0	189
46	1436
10	1435
15	1441
9	1451
0	551
1	289
2	73
21	768
2	859
0	352
1	388
0	355
0	410
8	0
41	179
1	16
0	51
12	26
14	7
9	53
1	86
0	41
0	41
0	41
1	0
0	0
0	7
0	0
1	0
4	153
351	420
0	417
0	0
0	0
7	0
706	1055
0	1108
32	559
0	0
0	117
0	125
1	163
0	144
5	79
0	38
3	63
20	79
0	79
0	0
0	2
490	3
2	0
0	0
43	0
0	0
0	0
0	0
0	0
0	0
217	4998
51	4794
33	2056
2	47
1	47
2	42
0	72
20	75
47	112
0	2
6	76
0	52
9	13
4	5
0	5286
0	0
0	13
1	13
11	0
1	0
19	12
0	0
4	241
1	240
13	241
3	241
1	19
3	17
0	16
0	720
3162	5406
79	2694
16	4591
206	5204
4	20
4	4133
0	0
0	10
0	29
0	31
0	29
0	8
0	8
3	0
0	0
333	584
11	574
4	621
1	314
0	74
12	581
38	929
30	18
0	451
4	348
1	0
0	0
7	0
2	0
677	152
0	152
4	4
0	0
2489	5230
2	5052
17	178
0	4
0	1
8	0
4	0
0	0
0	0
0	0
2	0
1	0
243	0
1821	1785
0	1785
12	824
1	0
185	923
5	923
1	0
12	28
0	0
0	61
0	0
12	0
0	0
13	83
4	395
0	383
0	84
0	276
1306	112
9	112
17	1384
680	1547
0	1484
33	1567
0	153
0	200
4	47
2	556
2	29
12	199
0	202
0	201
0	151
0	65
282	107
0	32
4	90
0	10
5	12
2	180
6	10
23	0
9	5889
91	685
25	88
23	631
0	82
12	0
0	5876
8	293
4	856
0	380
11	32
27	694
0	0
0	0
0	0
0	0
0	0
0	0
0	0
0	0
0	0
323	4
3	3
0	1
580	207
68	205
0	0
0	3089
0	3138
0	3165
14	2787
5	2575
0	2269
21	386
0	510
0	108
3	32
4	219
0	134
73	18
37	188
4	188
54	748
6	8
39	686
7	0
0	719
71	104
5	722
0	0
77	136
2	98
1	66
5	31
15	0
3	29
763	2543
12	15
1	1032
2	587
3	1529
1000	1623
0	1390
1	165
7	145
1	76
2	7
5	0
0	49
4	0
0	23
3	23
6	0
0	0
0	0
0	0
3785	2
0	0
0	0
13	0
0	0
540	68
3	68
19	580
5	1069
11	1089
8	44
0	990
0	936
3	802
0	131
3	0
0	0
0	429
0	481
4	41
1	178
2	0
0	0
0	0
1	0
0	0
1	2
1	6
0	5
13	21
1	67
0	6
521	0
0	0
0	71
2	71
4	71
1	0
478	20
0	2
2	15
1	20
2176	349
3	347
301	1236
16	1162
0	116
3	114
45	492
23	7
0	142
0	116
2	68
0	3
0	13
7081	466
0	153
2	296
6	160
0	0
0	0
0	0
1009	471
1	471
13	0
914	1223
19	1243
0	244
1	52
167	386
21	42
10	144
0	186
0	188
0	170
0	204
1	54
3024	2773
0	0
3	2345
1001	1989
5	317
24	618
50	36
8	202
4	225
0	114
37	562
4	562
820	29099
2	29099
15	3125
5	268
121	1434
0	1423
1303	509
0	217
7	117
1	234
1175	89
0	85
0	0
3572	2
0	0
537	148
0	148
0	0
373	0
360	140
2	130
0	0
3	92
0	0
0	0
978	506
0	169
12	252
2	250
151	9
1	11
0	0
0	0
11	73
0	69
0	41
0	23
17	17
0	6473
0	6475
0	0
0	3346
0	3410
0	0
0	3346
0	3410
0	3346
0	3406
1	0
0	3346
0	3406
0	11
0	4
0	11
0	433
0	0
0	5
0	435
0	149
0	365
0	352
0	101
0	401
1	31
0	166
2	434
0	352
0	360
0	96
8	384
0	141
2	102
4	98
0	87
7	2419
0	2284
0	85
0	25
6	1965
18	206
8	0
1393	1238
0	807
0	4201
0	3967
7	2136
0	0
21	3314
92	14
2	14
11	241
2	143
0	118
170	734
19	733
5	734
12	0
0	0
0	0
5	125
0	125
1	2
0	15
0	52
6	60
2	46
0	4
1	1
0	1
0	0
0	0
0	0
0	0
0	0
0	0
0	0
736	102
1	13
1	89
89	146
1	118
10	92
3	15
0	43
0	0
0	0
0	0
0	0
0	0
0	0
0	0
0	0
0	0
0	0
0	0
0	0
0	0
0	0
0	0
0	1160
6	1161
106	1227
2	260
0	0
1661	8883
277	8397
34	972
0	2726
8	1725
0	172
5	2255
3	0
1	0
0	0
690	2097
33	2097
8	0
29	671
42	256
3	657
0	7
0	9
5	119
15	1221
3	1127
3	277
1	218
0	478
1	0
0	0
0	0
3915	1908
79	1886
0	0
0	0
59	426
5	0
138	489
0	237
0	264
13	264
34	9
16	9
0	0
0	0
0	2605
0	2499
78	2604
2	1959
22	306
0	229
0	0
0	0
0	0
1626	0
0	0
0	0
0	0
2	358
0	0
0	358
2	34
28	0
5	1044
76	3871
0	3871
118	535
0	535
1	355
0	0
0	0
0	0
0	0
1	0
1	0
0	0
0	0
0	0
51	0
0	0
0	13
0	13
0	14
0	10
0	6
0	5
0	1
1	0
593	0
229	0
0	0
0	0
0	16
0	0
3	33
0	123
0	111
11	179
564	177
39	18
0	18
0	17
0	2
0	2
0	1
193	140
23	12
6	0
0	135
1	1
18	83
24	75
1	8
0	1
152	110
7	110
53	1957
0	1183
5	1551
0	1806
16	43
82	93
5	372
0	0
0	0
0	0
0	1
0	0
0	0
0	0
0	0
0	0
0	0
0	0
0	0
0	0
0	0
0	0
0	0
0	0
0	0
0	0
0	0
1	1
0	0
82	874
6	874
12	64
21	1548
20	191
0	116
2	65
6	124
12	920
7	1540
20	500
0	468
9	19
11	371
176	361
3	180
133	53
1132	3831
76	3817
10	4531
1123	946
2	715
7	421
7	167
127	605
18	6327
2	2402
7	2144
5	1574
2	40
1	5557
1	5555
0	5753
2	5377
64	989
43	4853
2	1
0	1
2	0
2528	20
111	0
0	0
20	5
0	5
740	2760
1	1225
141	2831
4	3800
92	3887
0	131
4	2123
19	321
5	297
12	442
925	1213
6	851
3	709
15	169
1	511
173	5919
100	5919
1	381
3	414
2	1730
5	450
0	255
0	257
0	257
0	257
0	253
0	253
0	253
0	261
0	252
0	257
1	251
1	11
0	19
1	0
2	0
0	146
0	2
0	2
0	0
0	2
1	2
460	494
1	494
17	241
0	57
1	11
0	51
1	118
0	126
4	125
0	3
0	28
4	160
0	160
4	19
1	8
916	502
2	165
22	0
3	20
0	315
0	0
4837	910
7	910
136	97
2	31
1	45
0	37
289	446
0	437
0	65
6	196
185	479
0	449
0	26
7	50
0	77
0	2
1	0
0	0
0	17
0	17
27	0
0	1
0	1
0	1
0	0
0	0
0	0
0	0
0	0
0	0
21663	610
0	282
8	11
2	310
0	0
2	29
0	6
0	25
0	20
0	0
0	4
1113	2206
0	235
41	2167
181	53
0	42
0	22
235	154
0	40
3	3
0	111
4	37
0	0
15	4793
29	5276
12	5043
8	513
9	380
0	484
140	0
0	2
6	2
5	0
0	0
0	0
3	0
0	2392
0	2258
0	2085
0	2510
0	2376
12	493
2	275
1	78
64	45
0	82
3	1
7	0
0	0
269	72
0	62
1	54
0	0
0	53
0	9
0	0
223	1719
1	130
7	1737
39	240
6	143
7	3399
0	226
110	3473
0	222
0	0
1	420
31	0
257	0
0	0
933	2545
0	591
4	105
1	1457
16	591
0	1
0	1
0	0
2147	2206
17	912
19	1638
0	1323
1	0
0	31
5	97
63	191
0	31
0	191
1	51
0	2
1	41
6	55
1	57
7	51
10	54
3	48
1	51
0	0
17	0
5453	0
0	0
0	0
0	0
8	2
0	0
0	0
0	2
0	0
0	0
0	0
0	0
0	0
0	0
0	4
130	950
7	172
6	421
14	748
61	233
0	220
4423	0
260	4643
28	4640
8	4401
322	4391
0	0
3	10
0	10
36	383
27	383
27	0
9102	2
0	0
3	0
5	146
224	205
809	383
0	0
131	246
0	0
34	623
2	623
3	1
1	0
0	1
19	0
0	0
51	0
3	17
0	0
0	17
2	31
0	31
0	0
43	0
17	25
2	0
0	0
0	0
11	0
2	25
17	2
4	20
15	20
0	0
0	0
0	3
0	0
2	44
1	42
0	14
3	20
0	43
8	4
2	4
5	8
1	6
0	9
0	0
40	918
34	875
0	263
37	55
12	41
69	19
40	887
1358	958
174	907
13	363
2	667
2	1
0	4778
0	4776
0	6387
74	6339
0	5903
0	3022
0	5201
0	956
0	363
7	156
1	0
0	601
7	11
82	217
1	17
0	0
6	54
1	148
0	0
0	0
0	0
0	0
5	1142
0	1009
15	241
39	134
1	273
0	222
0	188
1	194
4	187
1	115
8	127
73	29
4	0
41	184
162	5239
769	5153
217	4925
141	3070
37	1365
95	1450
3	148
150	106
5	68
3	67
6	186
0	186
0	163
4	112
3	112
8	0
42	305
1	79
6	276
7	90
6	0
2	3
1055	483
0	483
10	0
74	731
0	51
0	717
2	21
49	148
0	0
1	141
0	0
11	0
0	2
0	118
0	111
0	112
0	86
3	59
0	0
2	28
11054	1233
1	0
34	918
39	299
0	1540
0	2397
896	2760
3	208
9	1841
0	2518
6	115
16	564
12	448
13	72
4	44
15	360
2	325
2	782
21	157
1	269
2	164
27	129
0	2
0	0
1282	151
5	151
0	0
91	0
0	0
3	1707
0	1707
0	25
51	661
1	0
13	661
0	532
1	0
0	240
0	33
0	33
0	36
0	22
0	23
0	25
3	23
3	0
0	3
0	1
0	0
0	0
1	0
0	0
71	0
18	2
0	0
53	3729
0	1982
0	3698
1	164
0	129
0	199
0	0
1	899
1	899
615	905
0	2
0	240
2	238
0	79
2	173
4	175
12	18
4	0
1665	1115
46	726
9	373
1024	80
1	80
0	0
0	0
21	499
144	653
3	65
15	118
1	38
1	0
4422	14853
3	14855
22	3485
0	0
41	1416
1	373
34	0
0	231
7398	1984
23	517
4	559
0	520
2	441
0	228
0	1
49	800
4	232
0	1267
0	0
12	113
0	139
17	578
17	242
0	14
2	18
0	16
0	14
0	3
12	3
0	0
10	42
0	39
0	14
0	0
0	0
0	3
50	3
6	3
76	106
0	108
5	73
0	91
0	90
6	41
3	3
9	0
7	21771
984	22257
11	593
0	2
28	3
0	3
0	1
1982	536
0	114
276	432
0	72
3	124
0	106
0	96
8	0
5	1259
690	2694
5	171
0	2134
3	126
0	92
17	440
0	4
163	2805
173	2365
44	2767
191	134
0	0
167	465
0	0
4	14
0	0
1	0
2	0
1224	3356
44	3354
0	3356
1	0
15	3205
1	1666
4	1107
3	360
34	1877
0	574
32	1644
6	390
6	452
45	201
33	161
4	0
0	0
0	0
0	420
34	495
0	183
7	74
2	33
591	4783
15	4783
0	0
8	157
1147	0
101	0
4	266
30	2508
33	2347
3	2325
7	273
32	395
146	30
0	19
0	0
7	6
17	5
0	2
0	3
0	3
0	3
0	3
0	2
1063	1
0	0
7	856
0	0
0	0
1	12
0	9
0	12
0	0
0	10
0	0
0	0
692	9
1296	2001
57	1303
33	1815
0	0
7	480
2	243
0	0
112	1484
0	1656
4	72
0	1313
0	1389
2	5
0	57
23	949
2	183
0	0
0	88
0	89
0	81
0	2
0	78
2	17
33	295
373	1053
178	1047
0	201
3	76
6	838
305	27
7	27
758	1660
402	991
0	1596
1	7
9	7
2	779
1	152
0	264
2	3
1	1510
0	1510
4	0
1	239
818	1130
57	139
0	989
3	62
1265	127
14	102
0	0
0	1
0	308
8	265
0	272
0	28
3	738
20	742
1	852
0	1
0	848
0	14
0	0
128	768
0	0
9518	3205
81	1116
254	871
0	0
6	252
13	953
179	219
0	0
17	639
4556	3374
1	596
8	32
0	3182
0	2672
0	2601
2618	893
1	360
3	319
1	369
85	0
1889	1678
9	671
6	565
51	266
6	5
98	32
11	8
0	8
0	2
0	0
0	0
0	0
0	0
0	0
23	0
0	0
14	38
0	38
3	0
5	0
0	0
0	0
0	0
0	0
14256	0
2459	0
0	4
0	4
0	0
0	0
1	2
0	2
0	0
0	0
0	0
0	0
0	0
0	0
0	0
0	0
0	0
0	0
0	0
0	0
0	0
0	0
0	0
0	0
0	0
0	0
0	0
0	0
0	0
0	0
0	0
0	0
0	0
0	0
0	0
0	0
0	0
0	0
0	0
0	0
0	0
0	0
0	0
0	0
0	0
0	0
0	0
0	0
0	0
0	0
0	0
0	0
0	0
0	0
0	0
0	0
13	40
0	0
0	0
0	0
0	0
0	0
0	0
0	0
0	0
1	1
0	0
2	0
16	2
2	0
0	0
0	0
0	5
3	5
12	29
0	29
1296	0
9	0
234	84
0	0
0	84
37	22
0	22
24643	41166
1	35867
84	6163
0	0
0	397
195	402
0	1
0	2
7	6
280	0
0	0
0	0
3	0
7	0
1299	2173
44	126
32	418
81	1453
6	1274
0	0
122	206
20	209
1	78
0	36
5	0
0	61
15	264
90	3167
132	12467
0	610
1	8912
35	68
17	507
30	2112
0	1591
5	1524
0	0
337	36
0	36
129	561
0	361
0	170
8	80
0	185
0	185
4	169
6	378
0	335
0	363
0	36
0	65
0	34
0	26
10	25
6	25
1	1
0	1
0	0
902	0
352	15142
0	15341
0	14769
12	964
0	0
17	1653
80	281
7	5862
2	29
7	25
1	29
1	5
0	2
0	0
108	1448
0	45
3	1451
7	478
0	2488
16	2822
50	890
22	899
0	1261
153	2094
0	1921
0	2596
0	1921
27	1641
0	2312
11	2533
0	2088
28	780
8	2124
59	220
17	267
0	859
0	989
148	548
8	666
7	643
11	1111
0	682
862	1173
12	64
5	609
4	396
2	2
0	2
0	1
0	0
0	0
13	0
145	141
3	28
0	19
0	73
0	16
0	58
7	1020
12	987
2	1146
0	1127
0	0
0	0
506	4446
16	4446
0	497
3	78
0	2
0	2
0	1
0	1
324	101
4	62
1	36
0	0
18	1396
7	1430
3	141
0	617
0	6
0	617
0	61
0	575
27	147
4	24
82	7146
5	7529
20	929
29	4956
0	3910
11	386
3	370
22	222
0	853
0	73
55	69
1	724
22	7
2	150
4803	629
2	623
33	343
192	1249
46	1639
7	2309
0	2299
0	105
0	2253
0	82
0	0
2	285
3	74
618	382
2	269
1	261
9	0
40	1053
3	333
38	1053
24	239
121	2758
15	2530
0	977
0	788
86	2786
6	49
1	924
15	73
6	72
1	27
0	30
0	3612
0	3619
18	3887
2	1318
0	429
571	112
0	103
0	0
48	9
0	252
0	621
3	738
0	731
12	31
6	123
1	1
62	0
286	1
0	2021
0	2021
37	1
0	206
77	767
0	106
0	249
22	11
5	0
27	228
1	42
0	1183
2	160
1	180
0	3
0	175
0	75
15	417
2	1148
9	943
0	164
4	673
2	490
1	289
6	433
0	492
0	405
0	0
0	50
0	51
1636	326
1	324
0	28
89	28
92	4332
9	0
119	3784
0	4231
8	3609
0	2206
2	2241
37	425
0	46
0	376
0	845
0	1442
1	866
2	359
0	543
1	135
1	346
19	141
0	0
3	355
1182	996
0	507
6	144
5	553
31	110
0	110
586	255
0	255
0	0
0	0
0	0
0	0
0	0
0	0
0	0
11	759
20	757
0	776
3	273
15	169
6	14
9	19
7	74
12	77
0	0
0	36
1	5
0	22
700	0
253	8595
23	2735
140	8101
0	1311
21	1308
271	590
15	397
74	431
1	0
2316	0
4	140
1	44
6	136
0	4
505	388
16	43
2	29
1	33
0	81
1	215
0	18
9	9085
0	78
1	9371
127	9054
10	8855
28	8823
0	234
1	8299
0	70
0	11
2	6567
0	6250
0	1
43	396
4	656
27	6463
2	439
2	73
17	690
29	520
17	326
0	329
0	324
1	80
0	87
9	90
8	107
0	0
0	0
143	10272
0	0
0	0
3	97
0	12542
138	316
7	136
2	251
1	133
0	12542
16	12532
0	12541
297	0
1	113
382	1722
3	77
0	1671
11	134
0	464
2	476
0	493
6	127
0	132
1	66
3	71
0	69
0	20
0	59
0	49
3	5
132	0
0	0
6	2
0	0
0	0
0	0
0	1780
4	1825
0	1823
0	1823
7	59
5	36
0	80
0	0
0	0
0	0
0	195
22	192
1	197
0	195
27	0
13	36
17	25
1	11
0	4
0	0
0	31
11	150
0	154
1	157
23	166
0	160
0	38
0	13
0	6
0	2
9	129
47	129
2	1001
318	969
0	768
0	709
0	0
3	13
0	18
0	0
0	21
0	17
406	64
2	62
0	3
0	1022
97	1208
0	134
0	154
0	78
2	792
0	864
3	172
0	193
0	292
2	176
2	177
13	1645
2	1833
0	204
0	22
0	90
0	437
34	1235
4	1846
7	1821
0	1851
6	323
0	218
4	11
3	129
8	139
0	171
0	151
0	89
2	52
4	52
0	0
0	124
2	128
0	22
0	23
0	37
28	0
36	1250
1	214
44	1230
4	4
77	1238
7	1978
8	2031
0	2377
28	2522
0	2550
0	2435
0	4621
0	4537
0	4182
0	4098
13	4126
2	3933
2	4068
0	3716
13	3451
3	290
18	161
0	320
5	570
1	0
0	0
0	0
0	0
0	0
5	0
0	122
0	134
0	126
0	187
3	135
4	26
0	92
0	70
0	17
0	12
0	3005
1	3450
3	1041
5	2973
0	1435
0	1053
1	1584
0	783
4	492
0	1333
0	979
2	969
0	811
0	0
0	264
3	106
0	5743
0	5740
5	1202
7	1028
0	568
4	719
10	332
2	977
9	1527
1	505
2	1998
206	7
1	7
0	0
12	41
0	8
0	1
0	15
3	31
1	4
0	8
0	0
2	4
0	0
2	0
468	2079
25	2056
3	0
0	24
2	10
12	10
75	10
0	0
0	0
2	17
4	12
3	14
523	0
4	0
13	6
1	6
0	0
0	0
0	0
1	0
0	0
52	997
0	958
3	78
24	190
14	124
0	0
0	0
1	148
15	148
1	8
0	9
0	8
1	12
0	20
0	17
0	13
1	257
5	250
7	250
33	57
0	0
0	0
0	5
7	5
0	5
4	2584
0	2663
0	228
1	2062
0	230
1	140
0	621
0	286
0	313
31	23
58	247
0	129
10	11
6	6
2	6
0	0
31	35
2	35
0	0
585	5
3	5
13	0
4	0
90	356
0	258
3	120
0	0
16	20
1	4
0	85
2839	783
0	711
2	441
254	454
0	74
0	13
0	9
0	453
0	493
1	51
1	119
0	451
0	55
1	79
4	42
0	193
1	165
1	50
0	18
16	20
1	196
3	5
2	103
2343	0
0	15
0	47
0	21
20	49
1	5
0	319
2	313
0	293
5	30
0	32
0	0
6	172
0	15
1	2
0	2
0	0
0	0
0	0
0	0
298	137
6	31
39	106
7	44
2	0
0	2228
62	2146
3	2108
18	53
0	0
3	17
5	322
10	52
47	353
11	91
13	0
62	0
30	106
16	0
907	613
0	603
0	0
0	0
0	0
0	0
0	0
0	0
0	0
0	0
8	0
1569	978
4	645
8	675
3	26
0	26
3	0
11	0
80	0
1312	1413
4	232
3	161
5	247
7	236
7	0
93	814
52	529
0	495
21	96
0	77
53	957
2	957
1	47
0	14
0	0
0	0
0	0
263	135
4	4
2	6
2	122
2	2
1	4
0	1
2	108
0	0
0	7
0	0
0	108
3	108
1	56
1	32
10	2781
0	2917
40	2688
16	2791
0	301
9	247
0	25
0	0
1374	1972
0	1943
3	118
13	694
0	122
0	19
0	0
0	0
0	0
0	0
0	12
0	19
0	8
2	19
0	14
6	6
0	0
466	1040
0	1040
0	0
0	1
9	1
0	0
0	0
0	0
0	0
0	0
0	0
0	0
0	0
0	0
0	0
49	442
56	442
1	38
7	19
6	245
0	0
3	0
187	0
33	1560
1	107
13	1716
0	1143
0	1614
17	890
3	1517
5	119
7	77
6	194
2	53
8	254
0	95
390	568
0	567
3	42
0	39
0	10
0	10
3	0
3	0
0	0
1	0
0	0
12	82
1217	668
0	0
85	74
6	21
0	24
28	24
21	0
0	474
0	501
18	86
2119	1509
0	882
12	1215
6	208
0	421
2	270
67	195
42	4
0	0
301	1054
15	1022
0	0
1	596
0	149
3	0
1	57
14	62
2	59
0	12
4973	662
10	662
0	0
4	0
375	2
1450	74
0	0
22	41
14	36
280	292
3	257
0	234
0	131
3	0
0	0
8	284
4	300
5	215
0	63
83	4
0	1
2218	829
0	553
63	558
5	204
25	119
2947	75
20	73
1378	409
6	83
3	173
7	36
15	111
18	60
291	2410
16	2410
0	0
61	4194
214	4192
18	1222
2	804
0	1095
2	713
0	314
0	641
4	148
0	4
0	4
0	0
4	136
0	136
3	0
0	0
1	0
0	1
0	1
0	1
0	1
0	2
48	46
0	15
0	40
1	15
1	0
1026	1863
4	1355
31	589
10	106
10	63
3	0
0	0
0	0
168	2037
2	1363
5	1019
13	108
1	8
24	1885
17	1903
2	1623
3	1944
21	0
5	1280
0	227
0	580
0	36
0	33
0	36
0	55
0	31
2	51
1	30
0	16
0	0
4	192
16	194
25	136
56	136
2	7
3	52
4884	21287
5267	22066
0	6520
0	2781
0	0
0	3
2	2605
66	2640
118	1386
57	5598
55	5054
5	390
54	386
10	5
1	13
34	31
0	0
8	38
3	35
1181	2156
36	1888
2	2230
0	1840
6	50
9	325
0	0
2	0
3	5842
441	6714
10	349
3	1229
2	1231
2	1174
26	316
0	0
1	16
0	6
0	16
175	5797
53	5820
2	5820
113	555
0	296
55	110
14	152
6	242
0	0
6	1005
92	1005
1	94
3	0
58	134
3	58
0	0
5	733
202	733
0	93
3	17
0	0
0	0
0	0
1	0
1	0
276	1574
2	1305
0	1374
8	0
0	0
0	0
0	0
12	108
0	1856
51	1966
912	2041
0	685
20	79
0	0
0	68
0	48
0	0
41	2
0	2
1	0
0	0
0	0
0	5
0	5
1843	1144
2	829
0	0
2	243
0	0
0	0
0	0
16	70
0	0
0	0
0	0
0	0
0	4
1	4
0	0
1	971
0	971
167	8
0	5
0	514
0	971
0	827
1	723
0	0
19	29
0	164
5	51
0	130
2	116
0	67
0	109
0	44
1	0
0	20
11	1
9	38
152	0
954	6943
122	911
1	921
61	631
0	4871
63	793
1	0
5	3144
30	0
0	0
4	0
28	0
2	112
2	54
47	87
1	5
24	49
0	0
3	2
0	1
27	1
0	0
43	678
8551	691
3	0
4	1364
0	790
63	509
0	1421
0	1078
4	58
4	107
0	208
0	0
16	21
166	233
8	235
2	8
4	24
0	0
0	2
0	9
0	216
7	1
4	215
0	0
0	95
298	711
531	705
11	434
0	1
0	0
0	42
48	5718
49	611
191	5688
6	14
3	133
0	133
3	5
1	33
1	0
1	1
0	1
0	0
0	0
0	0
66	158
0	158
0	0
1	400
1	416
0	408
0	3
0	9
5	14
0	26
0	17
507	35
16	29
27	22
0	22
183	161
0	159
2	62
0	23
0	15
0	506
3	255
1	410
2	174
2	122
0	0
0	5
0	5
0	0
0	5
0	0
0	5
946	5
3	4
0	0
3	3
0	0
0	0
0	0
1	2
0	0
0	0
1	2
0	0
0	0
0	0
2	2
0	2
0	2
0	0
0	0
0	0
0	1
0	1
1	1
0	0
0	0
3349	10
1	0
0	0
0	0
3	311
0	388
9	397
0	135
71	0
0	2826
30	2658
7	2677
5	493
8	258
0	0
2	53
0	13
0	1
21	40
2	41
0	28
1034	1047
0	701
11	346
7	338
2	279
3	168
1	91
3	137
778	5
0	0
23	353
0	83
19	353
7	52
0	2
0	2
0	2
0	2
0	0
35	2004
72	2000
0	352
0	120
0	0
160	124
0	13
0	6
0	92
1	84
2	25
0	0
0	0
0	0
0	0
1	0
0	0
0	0
0	4
0	4
0	0
717	5677
273	5687
11	5677
16	5687
1078	101
1	89
0	1
0	6
0	2
0	6
0	4
3	0
0	3
0	76
0	55
0	65
3	141
0	5
1	55
0	7
0	17
0	15
0	15
0	3
0	5
1	3
0	0
0	1
2	1
0	11
4	26
0	76
79	83
2	76
0	36
0	13
0	15
14	190
8	190
0	10
0	0
1	36
0	39
0	39
0	0
0	0
0	0
2	1
0	1
103	5
24	134
10	134
0	10
0	10
1	56
0	66
11	57
11	0
0	2
0	57
0	71
0	70
0	67
30	27
0	15
0	17
0	17
11	57
2	2
3135	0
6	348
0	350
11	390
0	318
19	105
4	59
0	36
0	35
0	70
0	321
5	335
0	29
2	252
0	1
0	1
0	0
3	246
195	254
11	46
8	15
118	0
4	0
0	10
13	0
0	0
0	0
0	10
0	0
0	0
107	2816
30	2816
17	54
8	172
0	543
56	356
0	299
2	57
878	2
4	748
2	604
15	573
10	122
0	68
0	29
1	122
4	293
0	0
1	227
3	325
6	2073
8	3059
7	4472
640	4472
2	4425
0	3263
0	2632
71	1387
63	592
93	622
0	211
5	48
11	29
2	0
0	0
18	0
3	455
1	178
0	55
0	56
16	411
2	0
0	8
0	8
7	306
146	75
15	48
2	34
0	30
11	1489
336	1570
55	729
3	146
2	328
0	0
4001	3901
0	2612
63	1730
27	2055
19	56
1	4510
0	4533
7	3650
1	4335
89	5176
25	721
11	459
255	1001
2	167
0	323
0	358
38	108
5	5
6	354
4	45
8	18
0	516
0	469
0	498
140	297
0	91
0	75
0	6
0	125
0	88
2	34
1	3
0	2
0	0
1013	371
4	371
51	1042
0	858
0	955
42	1155
0	670
0	361
9	385
0	268
18	341
0	17
13	496
1	485
0	221
1	145
6	32
0	79
17	53
10	55
0	5
0	8
0	7
1	2
0	1497
8	1792
1	1819
1	1294
0	175
0	0
0	53
0	0
0	0
17	3892
1	164
0	133
0	171
2	0
2	3858
3	3713
76	447
0	0
1306	513
5	64
0	188
6	273
39	504
0	480
0	53
9	188
3	149
0	153
1	201
2	34
299	4798
9	397
7	4798
4	214
1	282
1	405
0	482
2	609
7	488
12	972
51	206
0	537
18	11030
3	707
104	11030
0	5339
1	868
0	4508
10	3750
11	535
20	280
0	833
26	777
8	128
32	417
0	22
39	20
13	17
9	4
1211	0
53	264
0	0
4	9
457	784
1	23
0	95
0	757
0	0
0	9599
0	9604
0	9989
23	6136
0	9900
6	9915
0	9762
3	83
5	346
15	411
543	0
2	19581
0	19581
26	7274
94	2285
0	716
1	688
2	6
0	680
0	119
13	70
7	7
8	768
0	751
0	771
0	621
0	605
1	42
20	111
0	18
0	41
595	649
1	536
5	272
23	211
34	69
2	352
0	451
0	440
0	97
2	105
0	134
0	53
179	193
0	454
4	421
1	1033
5	922
13	435
1	0
1	3
22	139
23	479
21	1250
0	1457
1	1288
8	448
0	88
0	91
11	287
2	62
5	153
0	0
0	0
0	154
16	16
1	5559
4	6510
132	6797
213	6912
6	1424
16	624
49	377
329	294
35	76
0	218
10	218
3	18
1	3
18	18
3531	0
0	1642
0	1824
0	1233
1	295
15	26
0	26
0	0
84	1689
0	1690
1	1578
10	1689
2	211
5	297
3	286
10	501
1	108
11	0
0	0
7	0
0	207
0	261
0	246
0	28
0	38
9	34
0	3
4	0
0	6
0	5
2	8
10	0
2699	536
4	428
0	7
1	7
0	7
0	5
0	0
2	1584
120	1853
12	744
15	345
31	513
4	400
27	562
14	408
9	180
0	0
2	0
0	121
0	33
0	7
1	122
0	129
0	130
11	128
0	38
0	24
0	139
0	131
0	20
0	69
0	31
0	3
0	120
0	121
3	649
251	692
0	43
0	0
0	0
0	0
0	0
0	0
0	0
0	967
0	945
9	102
35	265
664	0
0	0
0	6
0	7
0	7
0	0
0	118
0	131
1	78
0	130
71	137
0	136
0	111
0	76
0	127
3	82
0	127
0	119
0	1
0	76
0	65
0	0
0	0
664	1727
46	1322
64	277
72	117
46	142
21	68
23	6
10	3
0	2
0	3
0	3
2	6
351	78
9	79
0	79
3	934
37	827
307	749
0	723
7	345
2	545
1	548
0	3
96	421
26	384
2	42
0	31
0	339
0	6
5	65
0	87
2362	3284
1304	1818
4	1705
0	2571
0	2569
0	570
6	679
31	128
1	2
62	636
0	38
45	800
1	80
0	648
0	419
0	341
3	71
0	118
2	4
0	1
0	1
0	3
2	0
1	0
0	0
4	89
0	89
0	89
11	214
0	193
0	205
97	392
0	164
0	1
0	0
0	0
0	0
60	1125
3	1765
2	1618
802	1797
20	39
1	0
4	0
4	141
115	3904
38	3904
2	0
33	3903
8	140
2	781
5	3183
3	3200
102	2274
0	313
0	324
0	0
2	87
0	1
2	0
0	0
1	0
1	0
33	0
3	3357
79	3388
28	3356
40	2741
22	51
0	101
4	1376
36	1869
1	220
39	94
19	633
11	521
1	96
0	76
0	0
0	6
0	142
0	146
0	127
1	146
10	0
18	0
1	22
5	0
21	5387
0	143
3	2098
0	725
9	4609
7	1581
31	611
2	388
274	500
0	306
6	184
2	35
0	36
46	112
14	15
11	196
0	85
1	8
4	41
0	97
0	24
283	898
146	898
0	0
37	215
48	215
1	15
1	0
0	0
843	18
6	18
0	5
78	1397
0	1375
0	1059
0	0
224	548
0	158
0	155
0	175
1	16
5	18
0	0
2	749
1	2035
0	2112
0	2068
0	0
0	242
0	146
0	152
20	0
0	950
0	923
23	533
1	166
0	524
46	100
2395	666
0	662
1	57
0	57
1	1018
2121	2466
1	1169
8	587
2	0
0	6745
191	6743
7	6741
152	3091
28	2838
3	3168
6	1
7	369
7	369
2	2
0	0
2	0
4	748
0	17
0	140
0	699
4	488
16	590
5	74
3	391
11	168
0	6
0	3
0	4
0	5
0	4
0	3
0	2
0	0
0	0
0	0
0	0
0	0
0	0
0	0
0	0
608	29
3	27
272	95
1	95
1	51
336	236
0	236
0	0
0	0
722	515
20	515
0	0
1	0
0	0
0	0
0	23
1	24
0	17
0	4
0	6
0	8
0	2
0	0
1	2447
16	2323
4	554
1	357
0	394
2	76
0	308
0	1
804	2092
5	736
6	500
11	38
0	1327
0	272
2	973
0	973
0	737
33	652
2	749
0	834
0	790
0	233
1	52
0	16
52	217
0	11
0	10
23	206
0	0
127	15184
1	15195
0	1
2	30
14	30
30	4
1	4
4	1807
2	0
1	709
0	200
0	495
0	245
0	123
0	94
1	707
1	87
0	44
2	108
10	85
893	0
7	0
6	623
53	455
23	641
0	1978
9	1823
0	0
7	645
0	0
1	101
29	299
35	0
2	60
21	325
3	7
2	117
3	318
740	987
2	110
9	163
19	687
11	32
6	0
6	0
15	734
0	740
3	620
35	779
32	779
6	52
0	40
0	1
0	46
0	187
8	217
2	234
0	215
0	221
0	33
5	17
0	0
0	0
0	10
1	3
0	0
31	466
0	466
0	466
1	25
1	78
1	54
1	62
0	0
0	719
0	685
0	611
6	152
2	42
21	44
112	284
2	151
5	199
1	4541
5	4609
3	4509
21	498
1	452
3	715
0	663
2	419
9	320
0	150
13	1347
7	1347
6	644
3	568
2	360
1	25
10	0
48	8
43	8
3	0
118	0
0	798
0	790
4	0
3	3
1	795
0	1
1	156
67	82861
0	79695
0	25205
3	3146
4	38620
0	5
71	23182
38	17642
165	12935
0	0
61	3572
56	0
1	1
0	1
0	0
11	724
6	743
0	74
2	52
9	439
27	217
0	101
0	85
177	2667
1	2667
3	125
0	461
30	75
2	0
0	0
0	3
5	8
1	6
158	40
0	40
428	195
31	38
2	34
3	34
0	125
2	12
32	100
5	21
93	119
3	87
5	137
0	55
0	76
0	49
5	46
2	31
0	27
0	59
0	9
0	660
0	501
128	2542
51	2541
1	503
793	579
7	579
2	0
975	1714
53	1614
17	483
16	676
15	234
3	116
0	0
0	0
0	0
0	0
0	0
0	5
0	5
0	4
0	2
1	590
58	590
2	0
19444	7712
0	1639
0	6387
379	4985
29	4985
19	0
768	1556
6	1188
22	368
49	601
45	41
229	566
2	59
0	8
2	8
0	3
550	1576
25	1491
8	370
14	120
140	158
34	726
26	50
2	7
22	71
3	424
9	272
2	54
0	1697
0	1859
187	1583
3	1656
3	1537
29	985
0	206
5	141
80	9
173	220
1	219
0	0
3101	568
78	570
1	478
7	387
21	1
145	678
571	694
7	488
0	289
0	278
3	39
6	5
1	5
0	2
1	0
98	4697
0	4697
25	3582
53	963
447	0
1	29
0	1948
79	4
0	1773
2	310
0	1809
0	244
10	230
9	557
0	66
0	537
58	495
1	186
0	1629
0	1801
0	2
0	577
0	157
1	0
6	761
0	256
21	197
4	309
37	388
27	299
2	239
8	276
0	276
33	279
1	256
201	2444
9	2444
23	375
423	410
47	393
146	338
1	338
55	293
115	826
45	1197
33	911
36	746
82	426
4	165
1	111
3	185
17	1367
0	10
0	15
56	405
59	405
36	270
5	1879
40	2351
21	2395
0	2640
18	2598
11	122
1	373
10	1091
44	286
0	1085
115	1085
2	247
130	1031
0	1006
2	275
27	387
793	17862
0	17862
28	1139
3	1294
10	743
29	0
91	15
0	10
0	0
0	5
1	1207
4	483
0	1175
0	492
38	1251
0	4
4	0
3	140
2	2139
29	6153
23	5833
0	362
81	629
0	0
5	0
0	803
0	634
29	116
0	0
0	0
0	0
20	10
0	10
861	2241
5	2081
0	1898
0	2095
10	1218
17	870
0	22
5	318
31	420
11	76
2	207
0	39
0	0
4	0
1	166
5	0
13	0
0	0
3	0
0	0
256	0
4	351
9	295
259	237
0	125
2	56
0	78
0	313
0	146
3	928
3	994
41	284
0	208
16	113
0	85
6	134
1	41
2338	160
8	142
20	20
2161	183
3	28
1	155
765	714
0	354
0	391
0	241
82	66
35	6
1	4
0	0
0	2
0	0
0	0
458	0
1	4
0	10
13	10
1555	1697
0	48
17	380
490	0
0	486
1	428
107	1006
0	1006
0	1007
206	63
16	63
0	1164
163	1164
1	488
5	0
0	0
0	0
0	0
0	0
0	0
0	0
0	0
0	0
0	0
0	0
0	0
0	0
0	0
0	33
0	0
1	6
3	6
364	140
3	92
63	125
0	86
3	78
1	58
7	34
6630	5
12	0
4	579
86	606
3	0
9	0
0	305
0	89
0	18
120	177
9	183
0	29
7	40
0	3231
126	3222
39	437
0	1994
220	121
6	3
6	316
143	493
0	2296
1	1
4	324
0	315
0	175
0	320
23	131
51	175
0	285
0	205
0	275
4	170
0	313
0	294
0	310
1	14
1	191
0	300
0	278
0	181
1	13
0	0
0	16
3	41
1	41
2	0
1	25
0	29
0	29
81	23
51	204
0	276
11	3759
0	417
0	3541
0	1112
0	0
0	16
5	35
0	68
0	961
0	1948
10	6
2	169
1	98
0	41
1	94
0	74
0	0
0	13
0	15
1	15
0	0
0	0
20	189
0	186
0	18
0	11
0	3
0	0
1	1
0	0
82	146
0	149
0	149
0	8
8	389
0	397
8	391
1	392
0	389
1	3
0	15
17	0
3	136
0	8
73	360
17	233
5	305
0	76
10	165
0	0
0	0
215	43
0	43
0	0
608	1561
11	1461
6	101
2	1446
32	255
0	941
4	156
1	35
0	65
0	0
0	0
0	0
0	0
0	0
0	0
0	0
38	0
2	321
0	0
103	1786
0	4319
0	4146
8	2262
1	0
3	95
0	3984
20	3903
1463	2057
0	0
30	506
0	0
0	171
0	104
2	85
30	342
0	249
1	4
0	4
0	0
0	1
0	0
0	0
0	0
1	0
0	0
0	0
0	10
0	8
0	3
0	0
0	0
1	3
0	0
0	0
0	3
4	1253
0	0
197	1183
43	519
4	220
2	195
2	503
75	1
0	1
1	175
61	174
4	6
20	169
0	151
0	167
0	31
0	28
5	17
0	24
0	24
2	19
0	2
0	1
574	2295
8	2228
15	945
157	225
1963	664
14	415
150	258
103	26
0	0
0	0
98	87
0	85
4	0
9	20
1	20
0	1
0	0
0	0
0	0
0	0
0	0
0	0
0	0
0	0
0	0
0	0
0	0
12	0
0	0
0	0
0	0
0	0
0	0
3	70
1	0
0	0
0	0
1	310
148	4922
0	4764
1	683
0	0
5	2198
0	449
5	1104
0	340
0	628
1	2009
1	147
157	162
15	412
0	237
68	230
3	164
1	208
0	55
69	0
0	14
2	14
0	18
526	124
0	111
3	0
0	0
0	0
0	0
1	0
0	0
6776	0
12	7
2	2
0	3
0	3
1	1
0	7
0	6533
0	7805
25	4540
1	8118
0	122
2	7775
0	4563
0	4464
0	7866
1	922
0	565
0	271
6	952
11	554
0	677
60	310
20	0
1986	9423
18	990
5	9307
0	1663
5	25
3	16
0	16
3	0
7406	0
1	0
1	381
0	162
0	123
9	378
9	264
1	65
0	16
53	120
4	54
13	120
0	0
1	0
0	0
0	0
11	5
0	0
0	20
97	20
0	0
0	0
0	0
0	0
0	0
35	832
0	0
0	0
0	0
0	0
0	0
0	0
0	0
0	0
0	0
0	0
0	0
0	0
0	0
0	0
0	0
0	0
0	0
0	0
0	0
0	0
0	0
0	0
0	0
0	0
748	2
0	0
0	0
0	0
1	0
1	3262
1	0
0	0
5	135
0	135
0	135
0	94
0	0
1	0
0	0
0	0
0	0
25	311
0	272
0	190
19	3
1	11
2	25
0	11
1	4
1	3119
6	2881
137	771
2	18
2	94
0	94
1	6
172	231
3	105
0	170
0	0
18	943
0	168
0	7
0	7
0	0
0	0
0	0
0	0
0	41
8	35
0	0
0	0
0	0
0	0
1	0
0	0
0	0
0	40
0	0
0	5692
0	0
411	283
0	23
0	294
1	272
31	12
1	0
0	0
0	0
0	0
0	0
0	0
0	0
0	0
0	0
0	0
0	15
18	273
0	266
5	7
0	0
0	0
0	0
0	0
0	0
0	0
0	0
3053	1354
8	505
0	849
2862	523
26	6
0	0
50	5
0	55
0	0
0	517
6	320
0	0
0	112
0	0
0	0
0	0
0	0
0	0
1	0
1	0
0	0
0	0
3	0
1250	30
3	24
0	0
0	0
1	0
0	92
0	0
0	0
0	0
0	0
0	0
0	0
0	0
0	0
0	0
0	0
0	0
0	0
0	0
0	0
0	0
0	0
0	0
0	0
0	3
0	3
0	0
0	0
283	139
1	99
0	0
0	10
5	30
1	0
0	0
1	12
0	0
5	0
0	0
0	0
0	0
0	0
0	0
0	0
0	0
0	0
0	0
1	770
1	739
0	762
0	762
0	619
5	589
0	408
5	25
24	0
1	62
0	0
0	0
0	0
0	0
0	0
0	447
0	447
0	326
0	0
0	7
0	27
3	226
1	9
5	3
0	6
0	18
1	55
0	34
0	0
0	0
0	407
104	143
0	452
14	448
2	152
2	31
8	16
0	0
2942	6915
10	6821
0	0
536	678
0	0
201	924
15	595
65	652
13	595
0	117
0	38
25	74
0	21
0	0
1	1
0	1
0	0
0	0
735	0
2	21
52	5265
0	7889
0	7871
5	351
52	519
26	239
1	1
0	1
0	1
0	1
0	1
0	0
0	0
0	0
0	0
0	0
295	0
0	0
2	0
525	4063
2	3024
20	0
16	87
6	358
196	3003
6	626
4	614
4	558
0	0
0	0
0	0
0	0
0	0
0	1
0	1
0	0
1264	493
27	493
2	0
0	0
3	19
206	7
13	0
9	19
3	5
6	14
0	0
0	1
0	0
0	0
73	8
0	14
5	11
0	0
0	0
0	0
0	0
1	277
0	46
0	0
0	0
0	0
0	0
0	17
0	0
0	0
3	101
7	101
0	0
0	1
0	0
125	56
0	1
0	0
0	0
0	1
0	0
0	0
0	0
0	0
0	0
0	0
0	0
0	6
0	0
0	0
0	0
0	0
36	1
1	0
0	0
109	12
0	0
0	0
79	5
21	4
26	0
5	0
1	0
0	0
0	0
0	0
1	0
0	0
0	0
0	0
0	0
0	0
0	0
0	0
0	0
0	0
0	0
0	0
0	0
0	0
0	0
0	0
0	0
0	0
0	0
0	0
0	0
1	0
0	0
1	0
0	0
0	0
0	2
0	0
3	12
41	2
2	1
0	0
0	0
0	0
7	4
0	1
137	6
0	0
1	0
72	6
0	0
28	6
0	0
0	7
4	68
1	30
0	37
21	104
13	0
458	38
55	133
6	128
27	8
0	4
0	7
2	1744
3	1839
0	1586
10	1468
0	0
0	0
1	227
12	325
12	297
1	65
0	208
10	37
0	0
0	130
0	4
162	1683
7	476
13	1231
0	0
7	988
11	0
21	131
6	0
4	33
371	365
6	236
48	269
0	243
0	2676
2	2710
0	2684
0	2822
0	349
3	1450
0	90
91	653
8	31
0	254
0	0
3	0
132	11405
68	10666
7	9965
0	3209
33	819
0	25
0	9
1	10
0	9
0	4
0	25
17	26
1	10
1	3
0	5
1	5
0	6
0	0
0	7
0	0
3	0
0	0
0	0
0	0
0	0
0	0
0	0
0	0
0	0
48	37
14	17
26	16
0	0
0	0
0	0
0	0
0	0
0	0
0	0
0	1
66	11
0	0
0	1
0	0
0	0
0	0
0	0
0	0
0	3
2	6
0	4
0	2
0	5
0	0
0	0
0	0
0	0
0	0
0	0
0	0
0	0
0	0
0	0
0	0
0	0
0	0
0	0
0	0
0	0
0	0
0	0
0	0
0	0
0	0
0	0
0	0
6	0
85	53
0	0
0	0
0	0
0	0
0	0
0	0
1	0
0	0
0	0
20	2
1	1
1	0
0	0
0	0
0	1
0	1
6	316
0	25
3	207
0	263
0	0
0	212
11	71
0	185
0	185
3	203
544	55
0	12
0	55
0	55
21	43
0	30
0	25
0	23
0	17
0	16
0	20
1	1
665	319
4	28
3	173
0	247
0	0
0	0
0	0
0	0
0	0
0	3
57	3
1	72
517	1122
24	6
0	1017
46	1026
1	978
4	0
962	6852
5	999
10	5748
4	6766
104	3567
6	569
8	396
0	264
8	228
1	25
14	0
3	1587
0	1587
29	460
0	0
3	0
2	0
0	0
0	0
4	1
0	1
2	0
14	1
1	1
5	1
1	1
0	0
0	0
0	0
0	0
0	22
0	0
0	0
0	2
13	318
2	312
0	13
0	38
0	0
0	2
7	0
0	0
0	0
3	192
1	187
0	10
52	390
3	390
0	1
0	23
0	15
0	0
0	0
0	0
0	0
0	0
0	0
0	0
1	2
0	2
0	0
0	0
0	0
0	0
749	2
0	0
0	0
0	0
1	0
0	0
0	0
0	0
0	0
0	0
0	0
0	0
1	0
0	0
0	0
0	0
0	0
0	0
0	0
0	0
0	0
0	14
0	11
1	10
1097	17009
5	3906
1	5999
13	16028
0	3920
25	6045
12	1603
4	385
0	334
3	37
15	227
191	284
0	284
1	44
0	0
0	1349
5	1340
6	0
41	868
38	831
96	807
70	705
129	716
6	22
4	702
0	103
69	0
0	0
0	278
1	348
1	0
0	0
6	0
0	0
2	0
0	0
0	0
1	0
0	0
0	1
0	1
0	23
9	27
1	1
0	0
0	0
2	22
0	1
2	1
0	0
3	5
0	1
0	2
0	3184
0	3313
9	454
10	543
1	236
2	48
2	249
0	2188
0	0
0	0
1	0
0	0
9	311
1	362
0	263
0	306
20	3
0	68
0	5
9	27
0	3
0	0
0	0
0	0
0	0
0	0
893	165
10	165
1	0
85	2499
101	2362
7	368
1	114
6	144
0	73
38	770
3	1062
0	790
2	895
1	25
0	0
0	0
819	283
0	0
0	0
0	0
0	0
0	0
0	0
0	0
0	0
0	0
0	56
0	0
5	7457
6	7885
15	301
0	7885
0	121
18	1077
2	144
5	213
2591	985
0	743
8	294
11	243
0	1690
0	0
0	4437
0	2183
2054	5013
0	2663
600	1530
59	118
13	443
7	445
0	466
1	124
0	0
0	119
0	0
31	2
0	2
0	0
68	463
12	322
10	463
1	0
158	9
0	9
6	0
1540	206
0	54
0	54
0	25
0	11
8	0
16	0
114	0
1	0
0	334
1378	276
8	39
2074	2086
137	2069
1	584
71	232
8	1618
2	1358
84	1208
1	945
58	530
0	188
0	403
0	363
0	0
0	0
1	0
0	0
10	551
92	573
0	571
6	561
13	112
0	448
0	7
0	0
0	0
0	0
0	3
2988	0
0	0
0	0
0	0
0	39
1	550
2380	550
6	113
0	0
141	21
54	21
52	0
6	0
10	0
2092	8468
46	8547
6	954
88	356
514	920
46	1566
4	820
0	0
2	0
0	0
0	0
0	0
0	0
1	14
0	0
0	3
36	27
7	21
0	3
0	2
0	81
3	117
0	170
0	55
0	162
0	127
0	0
1	113
0	35
0	123
2	2
25	110
0	16
10	69
0	0
9	12
0	0
0	0
0	32
867	93
0	21
12	26
0	0
1	0
0	0
0	0
0	0
70	0
134	115
0	110
0	115
0	107
0	88
0	16
1	178
5	178
0	88
0	68
0	63
2	5
40	8
26	9
2	0
0	0
0	0
0	0
2	124
0	1655
29	2352
915	3846
31	805
154	0
51	3175
6	464
60	0
0	0
0	0
0	0
1690	349
0	319
34	28
0	0
0	0
0	0
0	0
0	0
1	0
1	0
0	0
0	1
0	0
13	0
0	0
49	10058
16293	10060
3177	624
7	622
13	318
1	0
1095	1512
73	1504
4	292
1	551
0	702
0	0
1	538
1	371
50	304
1	260
0	197
24	0
492	764
9	497
61	581
32	0
0	0
0	0
0	0
0	0
0	0
19	0
0	0
0	0
0	0
14	0
4	88
0	130
0	103
12	70
1	96
1	81
0	75
0	47
0	0
0	0
0	0
0	0
0	0
0	0
0	0
1	0
0	0
23	0
5	116
2	28
8	61
2	84
3	65
0	26
0	0
0	0
0	2
2	12
0	61
2	50
28	65
0	33
4	0
3	0
0	25
0	0
1	0
0	0
0	0
0	0
0	0
0	0
0	194
83	356
0	161
0	4
0	53
0	142
8	313
1	48
0	176
0	120
0	336
21	4
0	62
0	0
0	0
0	0
0	0
0	0
0	0
0	0
0	0
0	0
0	0
0	0
0	0
0	0
0	0
0	0
0	0
0	0
0	0
0	0
2	489
4	284
1	211
27	211
0	2
497	1106
15	1006
0	0
1	2870
623	2870
3	0
0	0
0	0
57	1294
0	248
20	161
1	875
0	635
47	0
1	229
0	136
175	228
0	108
12	102
0	0
3	1
0	1
0	1
0	0
31	837
102	837
68	1
103	10
26	0
40	553
17	60
1	263
16	162
73	15
3	72
0	529
8	0
18	38
27	2
4	0
0	0
0	2
0	0
0	0
0	0
7	116
6	27
0	42
3	109
0	0
0	11
0	0
0	0
0	0
0	0
86	0
21	0
0	0
0	0
0	0
0	0
0	0
0	0
0	0
0	0
0	0
0	0
0	0
0	0
0	0
12	0
0	0
0	57
0	0
4	1
761	24
0	20
0	0
8	0
0	2125
0	0
563	2963
3	96
0	114
1	2665
0	325
0	965
1	0
1	50
0	9
1	35
0	40
0	7
0	0
0	0
0	3
1	0
0	11
0	3
0	43
0	9
0	12
0	1
0	4
2	12
0	9
0	343
31	1225
2	1182
1	100
0	71
0	0
2	0
98	8
0	53
14	26
3	0
0	0
0	0
0	0
0	0
0	0
0	0
0	0
0	0
0	0
0	0
0	0
0	0
0	0
0	1
0	0
0	0
1	0
39	5
2	0
0	1
0	5
2	3
0	3
4	0
12	0
0	0
0	0
0	0
0	0
1	338
0	0
0	0
7	176
0	0
0	0
0	0
0	0
0	0
0	0
0	0
0	0
0	0
0	0
0	0
0	0
0	0
0	0
0	0
0	0
0	0
1	561
0	0
0	0
357	0
0	0
0	0
0	0
0	0
0	0
1	47
0	0
1045	1345
0	1106
2	1004
8	100
47	659
102	6
115	876
289	1298
0	715
207	343
5	242
9	403
0	0
0	31
1	29
0	0
0	2
43	2480
143	2479
609	1
3	163
170	163
0	0
1003	13882
4	13882
209	736
149	2
72	220
0	0
771	4335
4	2955
17	178
6	341
144	25
95	45
65	1463
146	4
25	125
0	0
251	127
0	0
0	0
243	73
3	38
5	37
0	27
0	9
4	0
0	0
1	0
123	31
849	12809
0	3071
70	11645
0	0
0	0
0	0
0	0
0	0
0	0
323	290
0	0
0	290
0	0
1	15
4	15
0	1
0	14
0	0
0	0
0	0
2	0
1669	0
0	0
0	4
0	0
2	0
0	0
0	0
0	0
0	0
2	0
0	144
956	1106
3	486
0	0
0	684
0	0
0	0
117	1221
0	1221
1	581
2	233
9	0
1	176
9	237
2357	115
0	2
0	81
0	6472
0	6473
0	81
0	6474
0	6472
902	1901
0	1709
11	3
0	237
14	136
0	26
40	132
2	0
1	1840
229	1945
21	1263
24	1088
0	180
7	100
0	0
0	0
25	3023
161	3024
4	120
4	129
13	33
0	320
0	0
1	96
0	83
0	4
0	0
19	252
18	126
15	115
153	146
8	0
7	3
408	5755
0	566
0	263
64	546
0	3681
0	175
53	2770
0	154
0	10
0	6043
2	449
0	175
26	270
0	2770
0	154
0	10
0	5416
0	4393
5	13
536	191
3	31
91	76
0	274
3	799
7	448
0	683
0	609
0	312
0	1351
0	1
544	1838
0	1485
5	768
1651	964
2	964
1	0
0	0
0	0
160	4371
0	4353
3	4378
0	4356
0	132
28	49
0	3623
9	49
73	1000
3	259
10	2138
0	1871
37	0
2	0
0	1
285	177
0	27
0	31
2	171
1	38
2	3
8	9
0	0
0	0
0	0
1	0
0	0
0	0
0	0
0	0
230	98
22	98
3	26
1	45
0	0
0	0
0	0
0	0
0	0
0	0
0	0
0	0
0	0
0	0
0	0
0	0
0	0
0	0
0	0
0	0
0	0
0	0
0	0
0	0
0	13
0	13
1	4
0	0
0	0
0	0
0	0
0	0
1096	70
11	46
6	58
6	55
2	108
0	146
17	60
0	0
5	89
0	127
0	3
0	2
0	0
1	0
0	0
2028	7
0	7
1	58
157	58
0	0
0	3
10	0
5	0
0	4
1	0
2	89
5	89
711	0
0	0
0	0
0	0
1	0
0	0
0	0
1078	2772
0	2652
13	129
2	50
23	235
78	171
14	171
2	35
878	0
1	895
5	773
29	412
5	473
0	422
1	424
0	189
0	277
7	198
1	116
1804	438
104	438
0	79
8	172
7	2580
0	0
0	456
186	3288
1	2950
0	2836
0	3051
6	350
0	2761
0	1266
6	2471
0	2435
0	233
5	2940
0	2823
0	2971
15	239
0	2592
9	0
0	2367
4	2022
6	570
177	236
0	376
1	21
32	435
159	1419
1	142
20	1327
0	279
0	0
0	0
0	0
0	0
0	0
0	0
0	0
0	0
0	0
0	0
0	0
0	0
0	0
0	0
0	0
0	0
0	0
0	0
0	0
0	0
0	0
0	0
0	0
0	0
0	0
0	0
0	0
0	5
1	5
0	9
1	9
0	0
0	0
0	0
0	0
0	0
0	0
5	0
0	0
0	0
0	0
3	0
0	0
1	0
0	0
1	0
0	0
0	0
0	0
0	0
0	0
0	0
0	0
1	0
0	0
5	0
0	0
1	0
0	0
0	0
3	0
0	0
0	0
4	151
0	0
0	1
2	74
0	48
0	46
1	26
695	411
0	357
38	224
135	2895
12	2933
1	1162
78	366
0	0
0	103
122	3
10	46
22	412
22	1678
103	1381
5	1596
29	599
0	30
2	263
8	1113
134	3
193	0
476	24
0	0
0	979
150	527
0	930
1	1081
1	488
0	336
0	371
0	348
0	381
11	599
1	92
0	211
5	0
5	116
13	705
4	705
44	204
1	26
0	0
3	6
0	36
2	36
0	22
17	732
60	724
2	2
2	344
0	149
4	20
0	69
78	72
0	0
0	0
0	6
0	0
0	1
0	6
0	0
0	0
0	0
0	0
0	0
0	0
0	0
0	0
0	0
22	0
185	369
0	88
0	15
0	94
0	278
4	277
0	251
22	0
0	0
3	0
0	119
0	0
2	5
0	53
0	0
0	0
122	2
69	48
13	45
0	0
0	0
0	0
10	1338
0	0
0	0
0	0
0	0
0	0
0	0
0	0
0	0
0	0
13	0
0	0
0	0
0	0
0	0
0	0
0	0
0	0
0	0
3	0
3	3
0	0
0	0
0	0
11692	1378
12	1378
1357	1969025
0	992
0	742
25	22
5	22
0	8
29	3356
25	3356
930	3327
0	2039
2474	0
107	353
0	179
324	0
3	31
0	268
18	295
20	4
1	0
0	0
124	76
2	0
1	76
0	0
30	145
698	934
0	988
66	406
212	2627
52	1255
226	404
1	149
0	63
18	712
20	1352
10	874
7	166
1	257
0	61
3	109
0	742
1968	1968939
0	989
1	0
97	16
0	16
6492	44
19	24
9	23
16	3
35	0
0	0
35	92
6	57
5	81
73	16
0	10
2	483
3	1834
56	1528
0	1416
2	75
0	0
30	11
6	158
848	103
0	97
0	53
11	242
3	242
3	40
1	73
24	18
36	0
0	0
2	0
0	0
0	0
2	0
0	1626
0	1652
0	1746
0	1608
0	1702
63	864
11	17
0	0
49	182
27	253
0	71
29	95
16	102
1	20
0	3
11	10
0	27
4	29
1	1
531	968
96	968
0	1
1	0
0	6
113	0
0	0
0	1491
1	1491
0	20
14	1101
0	789
0	1105
19	759
0	1097
0	1104
2	62
2	3
0	28
0	622
21	51
3	127
0	104
3	75
1	4
0	0
8	8
0	7
0	3
0	7
0	11
1	0
15	379
0	339
0	18
7	0
2	86
0	29
0	0
0	6
0	6
0	6
0	4
0	3
0	0
4	0
0	3
0	5
3	5
0	3
0	0
0	0
0	0
1990	554
0	541
19	13
0	0
35	0
0	0
0	0
0	0
0	0
0	0
851	622
43	380
0	572
5	25
0	0
0	0
0	0
743	1545
0	578
39	821
3	539
0	632
45	0
1	277
1	448
221	3628
6	2995
4	3076
3	2894
2	1437
74	50
44	2776
7	768
0	218
0	37
167	37
66	0
844	1245
0	642
9	384
8	702
0	0
0	0
0	0
3	216
0	243
33	205
0	183
0	167
0	124
3	111
0	52
5	73
7	0
35	0
166	731
10	731
0	26
0	0
0	0
128	169
7	167
0	0
0	0
0	0
0	0
0	0
0	0
0	0
1	0
0	0
2	0
1	0
10	3661
64	1207
66	1451
0	3682
0	0
93	3627
0	0
31	0
33	63
9	63
10	29
0	219
0	59
44	461
364	466
10	219
5	126
6	112
0	0
0	0
0	0
0	116
74	116
0	126
0	72
0	19
5	0
0	2
0	2
0	2
0	1
0	2
0	1
0	2
0	0
0	0
0	0
0	0
488	0
0	0
0	0
0	0
0	0
0	0
0	0
0	0
0	0
1	974
140	1094
0	942
19	46
0	0
0	1632
0	8
0	186
759	3510
938	1901
1	1705
12	96
90	0
0	0
0	3
0	3
0	1
0	0
0	1
2	2
0	0
0	2
0	0
0	0
0	0
0	0
0	0
0	0
0	0
0	0
0	0
0	0
187	98
14	98
71	375
3	481
9	595
0	0
297	94
1	4
5	90
167	81
0	54
9	105
54	110
0	33
0	87
16	2
7	17
10	0
0	0
0	0
0	0
0	0
0	0
6879	0
26	6
0	795
2	817
12	458
61	0
0	1
0	1
1	0
2	0
0	0
112	8866
15	2118
489	9261
15	0
26	528
0	117
12	476
0	0
1	38
635	232
44	111
11	70
3	96
30	178
15	230
1	8
2	8
0	224
0	0
0	2
3	6
0	6
14	13
0	13
1	0
0	0
1	0
0	0
0	0
6	0
0	0
0	0
0	0
1	729
108	729
1034	745
6	233
1	180
0	0
538	1220
0	1196
1	368
0	6
95	0
24	140
0	0
52	251
0	62
0	70
1172	207
16	207
1	138
0	13061
132	13066
15	576
1	1083
40	1038
2	96
0	0
17	120
87	192
0	4270
0	3380
0	301
0	403
12	133
0	289
0	1876
3	330
0	41
0	41
0	39
0	41
0	43
16	18
0	0
0	0
0	0
0	0
0	0
137	1854
1	1842
2	12
0	0
0	0
0	67
7	108
0	84
1	271
0	111
0	111
2	58
13	0
17	85
0	85
1	71
3	83
0	16
0	8
2119	2
2	8
0	8
4	764
58	764
7	39
0	40
0	7
0	0
0	1
134	33
104	78
69	45
0	0
6	0
0	0
77	3186
3	1269
79	2879
4	5
0	6
7	10
2	126
0	246
0	5
36	709
150	2081
235	2103
155	609
0	16
58	593
0	0
162	577
13	353
2	375
0	305
0	322
123	85
211	9169
2053	9169
2451	816
5	388
5	420
1	420
2	420
0	238
0	187
23	179
163	251
1	23
0	28
1	46
2	0
1	5
63	2386
185	2388
1	846
2	2
3	142
82	0
69	0
59	0
1	0
31	0
0	0
101	0
19	4996
16	4964
438	52
66	2214
6	5204
3	3358
0	0
4	3193
2	0
0	0
0	0
0	0
0	0
0	0
0	0
0	0
0	0
0	0
0	0
0	0
0	0
150	0
12	902
140	902
1	1
188	0
0	0
13	0
27	0
1	80
1	4
0	0
0	4
0	0
0	4
0	1
0	0
0	0
0	0
11	3417
8	108
122	3417
0	0
0	30
103	330
935	644
1	644
28	0
5	0
2388	353
78	1
1	342
1739	0
0	397
0	392
0	400
13	392
1	17
0	8
0	3
72	4014
3	89
0	3317
0	2551
265	502
48	501
5	46
39	15
14	16
4	11
0	0
0	0
210	0
10	0
396	1438
24	1384
0	720
2	527
16	0
0	0
611	844
1	844
0	328
1	34
0	32
8	32
0	6
257	1484
0	589
0	84
0	68
7	0
19	268
1	30
13	13
18	195
6	4
8	0
23	776
71	42
1	70
1	105
35	42
2	105
0	1
0	1
0	1
0	0
0	0
0	0
0	0
0	0
1208	1162
0	1160
0	405
0	27
124	0
43	4
5	20
1	20
119	27
1621	9398
9	1053
266	8768
148	300
7	453
1	3083
0	0
2	940
0	0
7	0
2135	64
3	21
0	0
2	1
0	1
4	43
20	0
304	739
0	84
12	55
7	86
21	9
14	160
84	507
0	0
0	0
0	153
0	59
0	153
0	0
1	0
0	10
0	2
0	0
0	0
0	0
691	1827
35	862
7	390
0	0
22	394
22	67
12	3112
0	52
20	3236
12	132
42	545
0	0
14	43
4	265
89	0
24	0
154	49
0	11
0	10
2	28
7	0
16	0
2	0
53	1327
2484	1333
183	11
0	0
0	0
24	0
27	6329
0	5116
38	7498
2	5744
0	5765
42	8796
86	587
37	3330
3	596
0	576
17	5452
128	6739
0	0
0	0
0	0
0	0
9	385
0	403
0	384
0	0
4	69
0	65
0	37
1	6
0	28
0	0
11	641
17	485
4	225
23	2
111	1
0	1
197	1
16	683
16	533
0	170
5	224
0	15
2	89
2	254
2	141
3	133
9	120
31	134
1	333
1	0
211	3625
24	3401
0	0
9	437
31	90
0	340
8	0
1	0
14	0
0	540
1	373
0	518
13	121
2	177
2	170
0	0
9	3
83	169
8	169
124	0
117	465
0	458
11	315
15	0
0	0
0	2954
320	3002
10	2927
65	1548
52	2
0	52
0	87
0	174
0	79
0	0
1	0
4	22
27	5367
30	5151
139	18
138	30
39	5200
0	5247
0	5294
29	1738
19	13
12	4
0	1
0	0
0	0
0	6
0	30
0	43
0	52
0	64
0	57
20	56
0	42
0	20
0	7
0	40
0	6
1	0
0	34
0	34
0	34
1	34
0	28
0	29
0	0
0	0
0	0
0	0
2	0
0	0
0	5
0	0
0	0
0	0
0	11
1	14
3	1
2	9
0	7
0	10
0	9
0	5
23	343
2	25
3	74
1	345
0	62
3	0
2	0
7	50
29	2203
109	2202
4	94
0	268
180	588
9	1
3	2
0	1495
0	119
15	0
962	2787
7	377
4	176
2	459
0	19
0	574
815	10
8	330
11	2383
1000	1063
1	173
129	22
141	26
0	51
0	225
44	317
2	4626
72	1700
4	596
58	4412
15	126
0	0
2	0
0	2
1	162
5	162
9	76
6	1960
0	1835
0	1801
0	949
0	1055
0	831
0	239
0	177
2	257
0	102
0	0
10	84
0	0
2	47
0	0
46	0
2	1
0	1
0	1
0	1
584	0
0	0
0	0
243	87
68	243
1	150
1	226
0	82
0	0
134	14
0	13
0	0
0	0
0	0
0	6
0	6
0	6
0	3
0	3
0	0
119	14
11	13
0	97
149	135
0	34
1	126
0	10
2	7
3	1
34	0
3	1734
31	1717
0	847
4	34
5	73
123	0
2	0
18	0
7	3
560	1471
44	333
9	869
4	349
0	411
5	354
1	903
4	1369
0	860
73	0
16	1089
25	93
0	2
2	550
64	204
31	396
0	536
3	992
87	275
0	245
0	256
0	354
0	7
13	50
33	38
26	50
6	122
0	196
3	94
2	101
1	66
2	11
0	567
0	568
36	441
2	504
0	431
3	82
0	557
0	188
1	88
0	407
0	22
0	4328
0	4236
32	4331
8	4239
38	2344
8	1848
6	251
12	1
18	11
0	7
337	0
0	5
1	0
0	1094
11	1119
31	214
0	57
0	83
271	58
0	7
17	12
0	42
0	0
0	0
12	115
0	476
4	372
0	453
0	15
17	213
52	31
0	96
0	46
0	16
0	0
0	0
0	0
0	0
0	0
0	5
0	0
0	5
0	0
0	0
1697	5819
59	5231
11	588
21	330
47	313
2	9
2	36
3	88
4	242
0	127
5	109
0	282
11	247
0	249
0	235
0	12
0	27
0	10
4	72
0	4
1	4
0	0
0	0
2	3139
185	3151
12	0
0	231
0	226
0	68
25	353
0	65
8	137
73	681
2	681
16	249
6	1094
0	1824
0	1069
2	1599
286	321
10	85
29	176
23	196
38	0
4	36
1	36
0	30
7	0
9	0
0	4923
140	2242
200	1
30	520
1	609
1	881
8	172
29	2
14	3729
18	22
0	692
4	0
26	222
35	99
7	74
3	92
1	0
0	67
0	67
0	32
1	1
0	7
180	860
4	350
0	531
0	145
11	320
13	325
2	312
1	235
0	820
1	812
25	191
3	671
0	0
0	0
31	165
5	112
3	81
0	72
0	19
4	53
57	91
4010	2
1178	2405
536	3229
0	1177
1	5
137	2
95	389
0	0
0	0
0	0
5512	2738
62	1931
1	2733
0	2178
0	0
18	0
1	226
9	226
0	226
0	5
0	0
43	0
0	0
0	0
0	0
0	0
40	6
0	6
474	708
0	539
81	74
1	111
1	26
0	130
30	265
28	280
0	773
0	627
0	688
52	192
0	684
1	51
21	83
3	93
5	677
0	578
1	1
0	120
0	383
0	127
5	194
1	80
0	77
0	0
513	0
0	0
1	0
8	32
3	421
25	583
0	262
0	527
0	134
0	95
0	0
102	898
19	898
9	0
106	21
46	12
1	0
0	0
0	1
0	0
0	1
0	1
0	0
0	0
0	0
0	0
0	0
172	0
135	53
0	12
0	7
0	3
3	10
0	0
0	33
0	0
0	0
0	0
0	0
0	0
35	901
1994	40
0	505
0	1045
0	122
0	1789
0	1789
11	81
0	86
0	63
0	26
0	83
0	581
3	5
0	0
0	5
1	23
0	25
0	25
0	2
0	0
0	25
0	0
0	0
1	54
6	54
0	16
326	548
3	542
6	13
20	209
10	574
299	576
1	386
6	0
159	0
0	278
957	0
1	0
0	0
4	3
0	3
2	12
0	12
0	5
9	1015
0	2085
2	1855
0	1885
16	23
21	620
6	1173
357	2854
69	332
0	0
1	724
28	1908
6	14
0	14
0	9
2699	5664
108	3930
0	1515
22	191
0	1384
0	0
1	0
0	3
22	508
0	692
9	485
0	471
5	494
0	154
1	56
0	117
0	171
3	250
0	0
0	0
0	0
73	24
0	24
145	661
65	409
0	191
0	331
138	1018
2173	1018
6	0
0	0
0	0
0	0
0	0
0	0
0	0
0	0
0	0
0	0
0	0
0	0
0	0
0	3
0	1
0	0
0	0
0	0
0	0
0	0
0	2
0	0
0	0
0	0
0	0
0	0
0	0
0	0
0	3
0	1
0	0
0	0
0	0
0	0
0	2
0	0
0	1
0	0
0	0
0	0
0	0
0	0
0	0
0	0
0	0
0	0
0	0
0	0
0	0
0	0
0	0
0	0
0	7
0	1
0	0
0	1
0	0
0	0
0	0
0	0
0	0
0	0
0	0
0	0
0	0
0	0
0	0
0	0
0	0
0	0
0	2
0	0
0	0
0	0
0	0
0	0
0	1
0	1
0	0
0	0
0	0
0	0
0	0
0	0
0	0
0	0
0	0
1	7
0	0
0	0
0	0
0	0
0	0
0	0
0	0
0	0
0	1
0	0
0	1
0	0
0	0
0	0
0	0
0	0
0	0
0	0
0	0
1	4
1	0
7	424
7	424
59	9
1	428
0	0
10	330
0	0
0	0
0	0
0	0
0	0
0	0
0	0
0	4
0	4
0	16
0	21
0	0
0	0
6	20
0	1
0	0
0	13
0	10
0	0
0	0
0	0
0	0
0	16
0	13
0	15
1	0
0	0
0	0
0	0
0	0
0	0
28	0
3	0
0	0
0	0
0	0
0	0
0	0
0	0
0	0
0	0
0	0
0	286
28	459
0	57
0	44
0	57
0	31
0	2
14	0
0	0
0	0
0	0
0	3
2	26
0	143
29	2
0	0
3	84
14	83
6	35
0	0
1	0
3	2
0	0
0	0
0	2
2018	1072
0	1028
25	0
2	29
0	0
1384	470
2	463
9	0
0	13
42	13
0	0
4	0
22	70
6	58
1	27
0	0
0	0
0	5980
0	5655
1	159
50	5117
39	3657
25	135
1	1300
21	445
82	425
17	273
0	0
0	0
0	1
0	0
0	0
0	0
0	0
0	0
0	0
0	0
0	0
0	0
0	0
0	0
7	67
0	0
0	0
0	0
0	0
0	0
0	0
0	0
0	0
0	0
86	49
14	49
5	0
5	0
0	0
0	0
0	0
0	0
0	0
67	916
0	0
0	0
0	0
0	0
0	0
0	0
0	0
0	0
0	0
0	0
0	0
0	0
82	176
0	113
0	26
2	117
25	1
30	55
27	12
3	0
135	0
0	0
4	0
50	113
0	113
5	0
2	28
0	28
0	0
0	0
0	0
3	273
19	24
25	10
1	160
0	16
0	242
25	12
37	0
27	0
0	0
7	9
4	914
0	537
0	919
0	537
0	300
0	351
45	74
0	3163
11	1865
0	2931
383	3222
164	23
6	427
5	1291
0	571
0	770
34	0
73	0
22	743
7	633
2	552
29	122
32	220
26	222
0	70
0	19
0	13
0	14
110	0
10	7
0	6
13	3
14	0
1	10
17	0
1	183
0	174
1	52
0	59
0	59
0	23
14	0
0	45
3	25
0	0
0	0
0	0
0	0
1	204
0	0
3438	1735
53	1725
0	1733
6	213
0	62
1	51
1	1
0	0
2	12
75	2
0	0
2	439
0	0
78	0
108	0
21	0
41	435
8	436
3	0
18	1
0	0
0	0
1	0
0	0
4	0
0	0
0	0
33	0
0	31
36	55
1	58
0	28
2	0
9	0
0	0
12	0
19	21
0	17
0	3
13	198
0	5
0	269
12	5
0	5
0	265
0	0
6	2
0	87
0	0
0	26
0	26
0	2
0	26
0	0
0	0
0	0
0	0
2	672
2233	1564
7	783
2	493
704	103
11	10
14	93
0	0
15	8
0	8
378	39847
47	5520
4	35183
43	5743
0	1
0	1
13	4
0	4
10	0
17	362
1	361
0	60
2	27
1	27
35	0
11	5
0	68
21	188
32	0
0	45
0	0
0	0
0	0
3	15
56	199
0	190
9	91
1	122
0	13
0	101
16	0
0	39
27	0
0	10
27	0
32	0
5	23
0	0
5	641
1	600
4	429
2	599
3	60
0	582
2	114
29	6
0	122
2	25
5	191
2	182
0	178
0	5
1	0
0	14
0	1
6	1
0	0
627	2559
0	2559
43	9
0	9
23	72
0	156
0	0
0	0
1	32
3	196
0	0
0	0
0	0
0	0
0	0
0	0
125	4579
705	2323
60	4231
1	255
46	611
103	1440
21	173
180	549
5	21
0	8
0	11
0	6
0	17
0	0
0	0
0	0
0	0
0	0
0	0
0	0
0	0
0	0
0	0
0	0
0	0
0	0
0	0
0	0
0	0
1253	1040
0	0
10	1049
3	776
0	990
19	642
2	621
3	161
1443	3979
0	3046
0	0
1	281
32	1166
0	629
0	2
4	203
16	0
2119	451
0	74
1	350
0	398
5	313
549	1091
0	1073
131	1048
0	10
2887	4
0	0
0	0
0	0
0	0
0	0
0	2
0	2
2	345
37	48
17	26
4	337
0	4
0	16
10	3
23	3531
262	3531
6	758
1	0
41	2206
49	2206
0	518
960	72
2	28
7	44
3741	730
3	194
0	400
0	288
82	0
0	0
0	121
261	2
0	0
0	42
0	2
193	398
2	342
9	342
331	0
277	58
8	56
1608	0
0	0
2784	2833
0	2862
289	1476
30	1301
200	1147
0	0
125	0
43	4119
0	0
0	0
4	63
1	57
0	0
6	0
0	3
0	59
0	56
0	9
1	5
0	1
0	0
0	0
0	10
0	12
0	12
0	0
0	0
0	0
0	0
0	0
0	0
0	0
171	677
8	580
25	677
0	61
0	0
0	0
2	125
0	126
3	115
0	4
0	125
0	24
8	24
8	2484
0	2415
0	231
29	19
0	1985
10	62
163	0
105	690
0	223
0	143
0	835
3	583
1	720
72	890
11	408
99	987
35	219
14	205
8	581
378	0
3438	628
0	0
3	26
0	22
0	22
0	4
0	0
5	4
0	4
0	0
0	0
0	0
0	0
0	0
0	0
0	0
0	0
0	0
0	0
0	16
0	16
0	16
0	0
0	0
0	4
0	0
0	1
0	0
0	3
0	3
0	1
0	0
0	3
2	0
0	0
0	8
0	8
1	0
0	0
0	0
0	0
0	0
0	0
77	18
0	18
0	0
0	0
0	0
1	0
0	0
0	0
0	0
0	0
0	0
4	0
0	0
2	6
4	41
0	34
0	41
0	0
1	48
132	233
0	115
6	88
0	212
0	3
0	3
5	1
0	1
0	0
0	0
0	12
0	0
0	12
1150	1
0	0
1	0
0	0
0	0
0	0
0	0
781	2892
0	187
0	2174
14	800
0	26
0	169
439	327
59	571
7	27
3755	2721
10	2628
1	2476
0	2438
0	2549
15	256
1	399
0	0
0	0
134	0
0	669
0	671
54	397
0	0
1	0
20	11
1	11
1567	0
0	0
7	89
531	515
0	426
0	0
0	0
0	0
0	0
0	0
0	0
0	0
0	0
0	0
0	0
0	0
0	0
0	0
0	0
0	0
0	0
0	0
0	0
0	0
0	0
0	0
0	0
207	0
11	0
3	0
816	0
0	41
3	24
6	41
53	1440
722	2047
177	681
0	630
0	0
72	607
20	121
771	173
13	0
15	0
0	0
0	0
1	5910
16	3603
0	4397
5	910
0	3769
210	2026
0	3067
0	870
40	5562
0	351
0	828
0	1624
14	3927
96	1403
3	590
2	167
1	1895
12	1065
83	2
50	314
0	0
0	0
0	0
45	597
60	591
174	631
0	624
1	22
0	588
33	0
0	0
0	0
0	0
0	0
0	0
0	0
0	0
0	0
0	0
0	0
0	0
0	0
0	0
0	0
0	0
0	0
0	0
0	0
0	0
0	0
0	0
0	4
0	0
0	0
0	0
0	0
0	0
0	0
0	0
900	603
0	470
13	593
560	4554
147	2884
11	2944
12	180
6	1656
0	1248
0	6
23	600
60	473
2	473
5	0
2220	399
11	399
172	84
1	80
0	0
6	3
0	0
0	1
0	2
238	370
1	3468
6	2292
3	3483
3	1925
0	0
19	3123
2	119
0	1366
1	1
0	0
0	1
0	779
0	732
3	742
15	400
0	695
0	0
2	223
65	336
1	240
343	2151
1153	2156
2	0
0	0
3	167
0	0
97	0
5041	618
13	616
101	16
3	14
5	2
10	25
4	25
0	0
36	7
5	67
6	67
0	4900
0	4718
36	4960
18	3092
0	0
10	946
2	1047
0	0
8	394
0	29
1	17
0	167
1	6
18	168
2	5
14	0
0	0
0	89
0	30
0	30
0	14
0	14
2	0
1	1
0	0
0	0
0	0
0	0
0	37
0	40
0	23
0	27
0	28
2	27
0	15
0	9
0	4
0	0
0	0
0	0
37	177
33	276
0	285
0	0
1	344
0	60
0	0
0	95
0	0
410	223
0	120
0	100
10	75
2	13
0	0
0	0
0	0
0	0
0	0
0	0
0	0
0	0
0	0
0	0
0	0
0	0
0	0
0	0
0	0
0	0
0	0
0	161
0	140
0	120
0	0
0	50
0	47
0	72
1	507
0	88
0	129
1	11
1	44
0	79
0	177
0	47
0	0
0	0
0	104
8	40
0	75
0	68
0	133
4	26
0	33
0	192
0	0
0	0
12	21
0	88
1	18
0	138
0	0
39	47
0	123
0	308
0	0
0	29
27	32
0	35
0	0
1	13
5	17
10	13
0	0
4	17
0	242
0	153
0	134
0	0
2	15
0	118
0	541
0	199
0	302
0	141
0	0
0	119
1	179
0	182
1	294
0	248
0	404
0	538
33	245
2	114
0	0
0	90
0	499
0	166
0	314
0	378
0	384
0	378
0	140
0	43
0	0
0	0
1	33
0	24
0	0
3	178
2	13
0	0
0	0
4	3
0	0
1	154
44	4
0	0
1	21
0	27
0	17
0	0
0	0
0	0
0	0
0	0
0	0
0	0
0	0
0	0
0	0
8	2
9	1
0	0
0	0
0	0
0	0
0	0
0	0
0	0
0	0
0	0
0	0
0	0
0	0
0	0
0	0
0	0
0	0
0	0
0	0
0	0
0	0
0	0
0	0
0	0
0	0
0	0
0	0
0	0
0	0
0	0
0	31
2	4
3	30
0	27
0	0
0	0
0	0
0	0
0	7
0	14
0	8
0	0
1	0
25	0
0	0
0	0
0	0
0	0
0	0
0	0
0	0
0	0
0	0
0	3
0	0
0	2
0	5
0	0
2	1222
0	0
0	0
0	0
0	0
0	0
1	0
0	0
0	0
1	0
0	9
0	7
28	19
8	12
0	0
2	7
0	7
0	32
0	0
0	0
228	15
4	1325
49	2812
5	44
3	13
7	24
0	28
2	21
0	12
9	6
4	6
476	3225
1159	3091
23	2954
1	2983
33	0
2	0
1	0
24	0
35699	4672
21	1029
0	1448
10	739
11	255
22	651
8	195
6	543
0	0
0	0
0	0
0	0
723	15810
5	15785
0	1093
1	1839
7	3227
0	2716
0	1365
1	1187
52	247
0	145
90	74
696	235
0	65
1	80
5	157
0	14
10	16
11	13
0	1
0	0
23	0
0	43
173	347
15	342
95	15
3	546
4	474
0	203
1	158
0	41
5	229
4	102
9	146
0	159
19	174
0	161
0	50
17	0
2	985
20	339
0	980
0	816
29	198
2	23
62	498
2	455
0	454
0	396
18	464
6	458
1	9
2	0
3	0
0	0
1820	1936
0	1936
0	0
91	0
0	0
7	1784
29	1854
23	79
0	1803
0	477
21	27
0	2
0	25
0	0
4	0
2	1014
4308	2110
5	345
4	264
2	441
0	189
1	281
0	0
2	37
0	4
2	104
0	104
0	3
4	12
0	14
2	1
0	19
1	100
3	0
0	7
9	33
104	590
0	565
0	93
17	550
0	55
0	197
0	210
1	29
3	56
0	124
0	0
1	94
5	0
0	0
23	9297
0	1547
29	159
57	1646
0	8536
3	7385
3	2299
0	1061
7	6022
33	632
23	1538
0	1797
0	4402
0	969
0	146
0	2
4	2185
46	627
0	0
5	17
0	17
94	2858
0	2896
154	2794
10	302
1	2136
29	2706
272	1202
6	4
0	293
13	0
38	5
11	423
0	276
52	2421
1329	3943
0	756
3	387
1	1352
7	53
27	242
0	242
0	20
0	0
150	594
5	594
0	39
0	8
226	196
5	196
1	48
45	155
0	6
0	0
189	2346
6	2628
5	2322
69	2338
13	2270
5	436
6	131
0	43
20	88
1	352
0	115
6	120
0	25
0	11
0	3
51	258
0	8
0	10
0	3
82	466
5	220
0	201
0	458
0	205
0	116
6	19
339	919
33	863
6	0
4	56
1	24
0	2
61	185
13	191
4	101
8	81
76	0
45	625
402	2228
11	2024
4	273
19	269
3	2
0	3
0	0
0	3
0	0
0	3
0	2
0	2
0	0
0	0
0	0
7	25
95	316
1	32
14	17
4	1
0	0
0	0
1	37
3	16
0	237
0	0
644	16
0	16
0	0
0	0
0	0
0	0
0	0
0	0
0	0
0	0
0	0
0	0
77	5
0	5
257	583
1	0
219	583
11	51
0	7
1	51
0	8
205	127
4	24
4	9
0	118
23	37
3087	3706
0	3369
44	313
1	1572
3	343
6	1886
9	1276
3	372
0	0
2	140
9	838
61	890
0	79
102	0
0	0
13	6878
0	3801
0	6688
0	6878
20	5547
9	64
0	0
9	249
26	182
11	23
1	275
8	195
0	0
10	382
12	47
1	363
8	0
4	24
1631	6451
59	103
2	103
27	1153
62	1129
63	24
95	0
0	0
0	0
0	0
0	0
297	187
4	2
0	64
4	13
3	64
0	25
1	16
0	38
0	29
0	0
0	0
53	444
0	371
8	344
15	351
1	61
21	0
781	390
8	18
6	9
56	231
17	82
3	0
0	604
0	40
14	607
0	607
0	101
4	70
0	39
8	64
1	129
117	9
0	15
55	127
3	43
5	0
9	1081
1	1802
1	1056
3	79
8	1089
0	0
15	0
28	2
0	3
0	3
0	0
0	1
0	1163
0	1130
0	1053
0	1292
0	1161
0	792
2	150
2	72
668	650
0	610
1	650
7	468
1	94
3	108
6	8795
78	7075
298	13784
24	7587
23	550
12	8958
49	447
2	21
167	442
10	32
0	60
0	402
0	0
21	0
0	0
121	34869
9588	34869
0	4
0	4
0	156
26	156
32	621
112	621
0	0
18	529
68	529
3	6
1	6
0	0
1	53
0	0
0	0
45	42
0	42
137	534
55	534
0	0
0	0
0	0
0	0
0	0
0	0
0	0
0	0
0	0
0	0
0	0
0	0
0	0
0	0
0	0
0	0
0	0
0	0
0	0
0	0
0	0
0	0
0	0
0	0
0	0
0	0
0	0
0	0
0	0
0	0
5	0
0	0
0	0
0	0
0	0
0	0
0	0
0	2
0	2
184	18
0	0
150	0
0	0
20	0
0	0
25	0
3	110
0	0
6	19
0	0
0	0
163	0
0	0
0	0
0	28
8	28
0	0
67	0
100	0
0	0
0	0
0	1
0	1
0	0
0	0
0	0
646	2
0	0
0	0
0	2
0	2
0	0
0	0
0	0
0	1
0	1
0	12
7	12
137	0
0	0
0	0
58	0
0	0
11	0
0	0
0	0
18	2
55	3
6	0
0	0
0	0
140	3
0	3
0	0
2	0
177	0
0	0
0	0
0	0
0	78
21	78
0	0
1	1
0	0
154	1
377	0
0	0
12	18
0	18
0	0
0	0
0	0
0	1
2	1
19	0
0	1
0	1
0	0
0	0
27	38
0	38
0	0
0	0
0	0
0	0
6	0
0	0
0	0
0	2
0	2
1	0
207	0
0	0
0	0
0	0
0	0
46	0
0	0
7	0
0	4
0	0
31	1
0	0
27	20
0	0
0	395
475	395
0	0
228	1
0	0
162	20
0	0
0	0
1	3
0	3
46	245
0	245
0	0
1	0
0	27
8	27
0	11
0	0
0	0
1	0
234	14
0	0
0	0
0	0
50	45
0	39
0	0
0	195
96	196
0	2
0	2
2	0
0	0
44	0
0	14
0	0
0	0
0	0
306	24
0	0
0	0
0	0
3	0
0	1
1	1
0	0
0	0
0	20
0	0
0	9
0	9
0	0
0	0
0	0
39	0
0	0
0	0
0	167
54	167
0	0
1	0
0	0
0	0
0	0
0	0
2	0
0	0
0	5
0	5
0	0
0	0
0	0
0	8
42	24
0	0
4	92
0	92
396	9
0	0
0	0
0	0
81	4
515	42
0	0
0	7
0	7
1	12
0	0
0	0
0	0
184	8
180	0
2	22
0	22
0	0
35	39
0	26
0	0
0	0
0	0
0	0
0	0
0	12
0	12
1	389
0	0
0	0
0	0
51	1
0	0
489	10
0	3
0	0
0	0
0	1
0	0
0	0
73	1
0	2
0	2
0	0
0	0
0	0
82	239
0	239
825	810
0	807
0	0
0	0
0	0
0	0
0	12
0	12
810	389
0	0
0	0
0	0
7	1
27	78
0	78
0	3
0	0
0	4
334	18
0	0
0	121
58	121
0	0
0	20
10	20
0	68
35	68
0	0
0	0
0	0
4	48
73	2
39	0
0	0
0	0
0	126
52	126
0	0
45	17
1	15
6	0
0	0
67	1038
23	60
201	1041
46	0
1	40
102	44
0	13
0	4
0	26
0	0
0	0
0	4
0	0
0	0
0	0
0	0
33	110
88	343
2	178
7	4
0	0
35	161
0	0
0	47
1	61
0	0
8	0
5	9247
109	4413
24	5634
34	362
3	509
131	340
103	6939
51	6836
125	0
908	403
1	54
1	50
14	34
44	0
570	328
0	0
0	0
6	40
3	726
25	1159
21	184
27	1151
0	14
0	0
5	0
0	0
0	0
0	0
0	0
0	0
1	0
14	1357
19	127
0	0
2	0
10	0
19	602
0	1151
70	54
10	0
35	0
0	10
0	0
526	291
18	172
1	257
0	46
21	46
0	4
0	4
184	0
360	357
37	355
4	7
0	0
2	0
0	0
0	0
0	0
0	0
0	0
17	0
0	0
0	0
0	0
0	0
0	0
610	171
17	171
5	94
12	1946
1	715
0	715
0	1
13	715
58	715
0	713
0	0
0	0
0	0
0	1
0	0
0	0
0	2
0	4
0	2
0	0
0	1
5	2
0	0
1	0
0	0
1	2
0	0
0	0
0	0
0	0
0	0
3	5
0	0
0	0
0	0
0	0
0	0
0	0
0	0
0	0
59	333
1	0
0	0
7	1
0	1
1	0
1	18
1	2
0	27
1	2
0	7
1	22
0	5
14	7
0	7
0	8
0	7
0	2
2	0
321	15870
0	773
79	5578
480	335
1	14528
2	674
39	5689
0	18
57	1399
23	1867
85	2
682	1829
4	1599
0	4
9	24
106	1029
79	230
14	17
10	38
542	100
4	1
0	74
44	25
0	0
0	0
0	0
1	0
0	0
0	0
0	0
0	0
0	0
0	0
2525	7346
0	569
31	6501
4	1564
26	430
14	299
22	0
3	12
0	146
117	146
0	0
0	0
0	0
0	0
152	2955
0	2955
0	483
2	0
17	2
0	11
2	11
0	0
0	0
1457	2140
157	1881
0	453
988	2197
0	1940
0	507
0	80
2335	556
0	0
0	0
0	0
0	0
0	0
0	0
0	0
0	0
0	0
0	0
0	0
0	0
0	0
0	0
0	0
0	0
0	0
0	0
54	1065
0	927
2	140
1	33
1	632
0	632
0	598
0	0
0	0
0	0
0	0
0	0
0	0
0	0
0	0
0	0
0	0
0	5
0	5
0	1
0	0
2	0
0	0
0	0
0	1
0	1
0	1
9229	2940
11	2910
30	2298
15	0
0	10
2	10
0	0
1	0
0	0
0	0
0	0
0	0
0	0
0	0
18	2129
245	2120
2	37
0	145
1	431
17	216
11	135
8	34
37	1880
616	5624
0	5472
0	413
0	656
1	723
27	300
743	3675
13	213
34	3294
18	1070
1	1735
0	807
0	392
0	0
0	0
0	0
0	0
0	0
1	0
7	0
0	0
0	0
0	0
0	0
0	0
0	0
0	2
0	1
0	0
0	8
5	2
1	0
3	4
0	6
1	0
0	0
3	25
1	0
0	0
0	1
1	0
1	776
2	819
0	36
0	45
0	40
24	0
5	32
0	108
31	0
0	157
0	49
158	233
14	191
1	105
0	61
0	30
0	28
0	19
5	0
1	0
3446	1205
1	752
0	569
0	716
15	309
0	0
0	3
0	0
0	0
0	0
0	0
0	0
0	0
488	1542
0	0
6	1515
6	15
18	41
0	271
0	0
0	0
2	0
21	7420
0	3186
6	157
982	6802
14	0
0	216
3	55
0	0
168	3206
2	0
0	0
0	0
511	1359
19	1116
3	1173
41	0
114	0
288	0
40	0
145	0
68	2
19	0
9	631
0	0
0	0
1	1
0	1
0	1
2	2995
0	2855
0	2814
0	2834
69	1851
0	2749
0	2848
6	991
0	1302
0	1106
0	1
0	227
10	1033
0	253
3	639
30	100
3	487
0	545
2	0
0	283
0	386
11	187
0	76
4	291
0	27
0	94
184	0
0	0
85	0
0	0
0	0
45	70
0	47
2	0
10	0
23	0
10	23
3	0
2	0
0	21
0	0
0	0
0	0
0	0
0	0
0	0
0	0
0	0
0	0
0	0
0	0
2	1
0	0
0	0
0	0
0	0
5	717
0	717
0	1
1	1
2	114
11	13
3	40
9	87
6	3
0	24
5	5
13	162
2	20
15	0
2	9
0	0
43	0
0	0
0	0
11	0
422	488
0	158
2	75
11	293
1	41
0	13
0	13
0	1
0	0
0	0
0	9
0	1
1	39
1102	1181
0	385
1	79
1	704
1	0
5	61
4	47
1	2046
22	1425
0	2046
1	1812
0	1871
83	1982
17	727
14	306
18	181
4	0
29	0
0	0
0	0
13	206
277	233
26	204
0	200
4	0
193	1036
1	318
0	268
0	760
70	81
1	869
115	482
12	321
0	0
0	0
0	1
0	0
0	0
0	0
1	19
15	4
0	0
0	0
0	0
0	0
0	0
3	0
0	0
0	0
0	0
0	0
0	0
0	0
0	0
0	0
4	0
0	0
0	0
0	0
0	0
0	0
1	0
0	0
0	0
0	0
0	0
0	0
0	0
0	0
9	2030
1	4
0	0
0	0
0	0
0	0
0	67
0	0
18	1553
17	1390
16	1438
431	1373
3	173
0	174
0	159
0	0
0	0
0	0
0	0
2076	2955
5	2613
0	0
0	336
1	0
2	740
1594	1739
43	1397
1	86
2	0
9	314
28	19
3	7
0	0
98	5
1	0
1	5
0	0
19	12
4	3640
0	0
0	0
441	1349
61	234
2	1131
0	198
0	84
22	708
0	1122
0	0
0	17
0	0
4	147
0	0
3	316
22	58
2	223
11	513
39	164
15	245
0	742
0	699
26	512
1	151
40	77
7	85
0	77
20	237
18	194
36	180
1	0
908	937
0	826
1	243
1	134
4	468
6	334
5	287
0	213
6	116
10	121
0	71
2	20
0	803
5	2638
117	2785
8	2705
50	831
2	6
0	238
0	0
0	0
166	1
330	1072
201	0
192	807
4	158
0	0
2	11
0	6
0	6
0	4
0	4
0	3
0	0
0	0
1	0
0	0
0	1
0	0
0	0
0	0
0	0
237	595
5	595
114	462
7	482
1659	2329
2	2329
0	0
6	453
51	453
1	93
0	0
0	0
0	2
19	261
0	0
0	0
2	0
8	0
4	59
0	3
4	45
346	60
1	0
0	0
0	0
0	0
0	0
0	0
4	0
0	0
0	0
0	0
0	0
597	157
0	157
0	0
0	0
0	0
0	0
0	0
1	0
0	0
0	0
2	42
0	0
0	0
17	0
0	0
0	0
0	0
1	0
0	0
0	0
0	0
1	0
0	0
0	0
10	18
0	18
0	0
8	196
67	664
219	663
11	0
615	3378
85	3334
0	2968
31	415
7	141
81	0
0	0
183	0
34	775
0	237
1	0
0	0
2269	595
5	587
0	0
22	6
81	0
14	19
11	0
0	0
1	133
738	718
0	619
54	52
0	132
23	3
30	332
0	0
0	0
0	0
1	0
0	0
0	0
0	0
0	0
0	0
0	0
0	0
8	0
29	151
2152	618
0	410
45	57
93	0
0	0
0	69
0	77
0	78
1	18
0	0
2	0
0	0
0	0
0	72
0	0
0	15
0	0
0	0
1	0
0	1
0	1
0	0
0	0
0	0
18	0
0	0
0	0
0	0
0	0
0	0
7	0
0	0
0	0
0	0
0	0
7	0
6	416
0	1064
1	934
0	1128
1	333
4	803
6	723
12	613
220	303
0	3
59	0
2	0
0	0
0	0
0	0
166	75
0	40
0	41
0	28
11	68
0	70
0	39
0	32
0	0
0	0
0	0
0	0
0	0
0	0
0	0
14	0
62	7
0	7
10	1
0	0
4	1
5	50
54	253
326	699
16	532
5	17
4	289
38	0
0	128
0	0
94	80
39	0
37	0
0	0
0	0
0	0
48	35
11	11
0	35
0	0
0	0
2	0
0	0
0	0
0	0
0	0
0	0
0	0
0	0
0	0
0	0
0	0
0	0
0	4
0	4
0	0
0	1918
0	1918
31	250
3	1679
0	1394
0	434
12	9
0	0
0	0
2	0
0	0
0	0
0	0
129	327
16	327
14	325
0	0
5	1751
1	1453
2	1761
1	43
18	1493
91	1712
4	594
0	0
10	36
0	0
0	42
0	46
0	53
0	49
0	50
0	44
0	24
0	13
4	0
3	2103
225	2103
0	0
27	0
0	0
0	0
40	37
0	37
0	0
0	0
1	372
16	82
0	0
0	0
232	1234
1	1196
1	134
2	91
0	0
0	0
0	0
0	0
0	0
0	0
0	0
0	0
0	0
0	0
0	0
0	0
0	0
0	0
0	0
0	0
0	0
0	0
0	0
0	0
0	0
519	3711
65	6657
0	5
216	3470
0	4
0	4862
2150	190
1754	3646
769	3841
1341	394
1	3
1295	3635
3	0
3283	0
696	2550
142	4469
2	2
15	4351
28	4360
3	9499
0	9401
3	7978
0	5
6	6705
1815	6707
333	7981
0	5
4	9402
17	9076
0	0
0	0
0	0
0	0
0	0
1	169
2	160
3	169
2	21
0	142
0	27
0	0
0	0
0	0
0	0
48	68
0	76
4	32
8	31
0	0
0	0
0	0
0	0
0	0
0	0
5	5
47	6668
1344	7505
555	1482
381	6841
0	5
1650	2480
0	0
0	0
0	0
0	0
0	0
0	0
0	0
0	0
0	0
0	0
0	0
0	0
0	0
0	0
0	0
0	0
0	6
0	0
0	0
0	0
0	0
0	0
0	0
0	0
0	0
0	0
0	0
0	0
0	0
0	0
0	0
0	0
0	4
0	0
0	0
0	0
0	0
0	0
0	0
0	0
0	0
0	0
0	0
0	0
0	0
0	0
0	0
0	0
0	0
0	0
0	0
0	0
0	0
0	0
0	0
0	0
0	0
0	0
0	0
0	0
0	0
0	0
0	0
0	0
0	0
0	0
0	0
0	0
0	0
0	1
0	1
0	0
0	0
0	0
0	0
0	0
0	0
0	0
0	0
0	0
0	2
0	0
0	0
0	1
0	1
0	0
0	0
0	0
0	1
0	0
0	0
0	0
0	0
0	0
0	0
0	0
0	0
0	0
0	0
0	0
0	0
0	0
0	0
0	0
0	0
0	0
0	0
0	0
0	0
0	0
0	0
0	0
0	0
0	0
0	0
0	0
0	0
0	0
0	0
0	0
0	0
0	0
0	0
0	0
0	0
0	0
0	0
0	0
0	0
0	0
0	0
0	0
0	0
0	0
0	0
0	0
0	0
0	0
0	0
0	0
0	0
0	0
0	0
0	0
0	0
0	0
0	0
0	0
0	0
0	0
0	0
0	0
0	0
0	0
0	0
0	0
0	0
0	0
0	0
0	0
0	0
0	0
1	0
0	0
0	0
0	0
0	0
0	0
1061	249
0	224
8	256
8	214
11	1
25	7
0	0
481	0
9	2
4	2
52	0
80	8
2	8
1	8
0	0
0	0
0	0
0	0
0	0
20	0
6517	4082
331	3043
0	2
914	1627
1943	1462
3154	2917
3461	959
7200	466
3302	1070
607	6066
0	5
2228	6034
842	2044
437	7102
0	5
996	3182
7298	61
100	5710
12	5713
185	52
8520	555
0	32
0	0
1145	5862
0	1
0	5
5275	6259
16	0
4966	2700
0	159
103	284
0	125
0	59
0	0
13316	697
2028	2205
4	2392
0	5
3744	2763
1546	6223
0	5
1722	4182
11	0
1808	3763
1543	3989
1318	2362
3150	0
0	6
0	6
0	6
0	0
1	15
4	18
3	15
1	10
0	2
0	1
0	1
0	2
0	0
0	0
0	1
0	0
0	1
185	774
62	714
2	715
31	697
0	498
0	0
0	1028
0	0
0	0
102	22
0	1
0	22
0	0
5	1543
0	278
47	2264
96	2092
0	232
26	693
0	18
48	426
0	38
0	126
2	17
3	0
0	0
0	0
0	0
0	0
0	0
0	139
0	148
0	1124
0	1096
0	3
0	3
0	0
0	1124
0	28
0	0
0	354
2	61
0	17
0	12
0	0
0	55
0	351
8	8
1	8
0	3
0	1
1	52
0	63
0	60
0	354
0	10
4	33
0	59
0	32
1	7
0	5
14	1
4	33
0	0
2	393
50	418
3	270
0	209
1	79
6849	872
0	868
0	0
609	1
0	1
28	795
1	77
72	37
1	524
1	25
2	757
20	11
0	63
3	64
0	1
1	5
0	0
0	0
0	0
1041	0
528	2
1198	101
2	43
3	58
3817	345
3	36
16	146
11	173
8	0
0	2
4	4
0	0
0	0
0	2
4	24
0	24
0	3
0	0
0	0
0	0
0	0
0	3
0	0
0	0
0	0
0	0
0	0
0	0
0	17
5	1163
0	0
0	0
0	0
0	0
0	0
1	0
0	0
0	0
0	0
0	0
0	0
0	0
0	0
0	0
0	0
0	0
0	0
0	0
0	0
0	0
0	0
0	0
0	0
0	0
0	0
0	0
1	2
0	2
0	0
0	0
0	0
0	0
0	0
0	0
0	0
0	0
0	0
0	0
0	0
0	0
0	0
0	0
0	0
0	0
0	0
0	0
0	0
0	0
0	0
0	0
0	0
0	0
0	0
0	0
0	0
0	0
0	0
0	0
0	0
0	0
0	0
0	0
0	0
0	0
0	0
31	586
0	0
7	3
0	4
0	4
9	7
0	4
14	48
0	3
2	0
2	0
1	14
0	31
0	0
0	0
0	14
0	0
0	0
8185	46
3	0
1	15
12	18
1	3
0	3
0	533
0	0
194	535
4	5
3	36
19	473
74	423
12	312
2	208
0	89
40	127
10	127
0	899
11	896
70	896
0	7
2	0
0	0
0	0
0	0
87	211
2	2010
4260	5833
0	0
0	1546
16	0
9	2894
0	6
0	6
0	7
54	8
1	1
0	1
58	0
0	0
5237	2
0	0
21	173
23	42
0	13
0	263
0	301
0	0
9	364
7	364
1	11
15	0
2	1716
0	1754
6	125
4	9
17	321
9	321
3	48
16	0
0	1
0	1
0	0
3	0
0	0
0	0
6	0
0	0
0	0
12	0
1	0
0	0
0	0
84	0
862	8
2	0
0	1
1	1
4	17
0	8
6	9
0	0
451	4
0	0
0	0
0	0
119	0
3807	4083
74	0
1	0
0	0
772	0
268	4006
20	94
2	476
234	0
1	0
0	0
0	0
0	3
0	3
0	0
0	0
0	0
0	0
6	2
71	1586
51	1484
0	2
3	0
0	244
1	207
5591	4694
0	1158
28	3207
8	2430
0	0
0	1
0	1
0	0
5	139
0	132
0	125
0	10
2	0
1	484
4	484
3	1
0	1
0	0
0	0
3	2
0	0
0	0
0	0
0	0
0	0
0	0
0	0
0	0
0	0
0	0
0	0
0	0
0	0
0	0
0	0
0	0
0	0
0	0
0	0
0	0
0	0
0	0
0	0
0	0
0	0
0	0
0	0
0	0
0	0
0	0
0	0
0	2
0	2
0	2
0	9414
35	10238
0	9382
9	9375
2	1457
0	4684
2	3613
27	3509
4	2827
72	3290
0	2416
1	1689
22	677
0	642
0	1
32	0
0	0
15	0
2	305
714	339
4	339
0	209
0	334
0	9
11	4
2	2186
53	383
301	2170
0	0
0	1094
8	132
0	91
103	538
4	167
15	309
0	53
0	37
2	139
1584	818
3	0
0	0
0	0
644	888
2	76
1	0
24	104
77	104
73	3515
87	3581
3	297
2	320
0	181
12	0
0	0
1	1
0	0
0	5
0	5
0	0
5	0
28	371
1	342
0	346
0	40
0	0
0	0
0	0
0	0
0	0
0	0
0	0
0	0
0	12
9	0
1333	4760
25	1763
0	4192
11	2010
14	566
0	108
9	236
3	157
5	28
5	274
0	2
0	4
0	1
0	2
0	0
0	0
0	0
47	57
0	57
0	0
8	1
0	0
0	1
30	1003
41	1081
0	1009
0	1008
15	276
0	210
1	121
0	522
0	485
9	535
17	473
6	451
2	247
1	0
0	0
0	0
0	0
0	0
0	0
0	0
0	0
0	0
0	0
0	0
0	0
0	0
0	0
0	0
0	0
0	0
0	0
0	0
0	0
0	0
0	0
0	0
0	0
2	0
0	0
0	0
0	0
0	0
1	578
7	1
0	0
32	574
0	26
0	0
109	0
40	127
0	23
29	103
0	97
0	0
0	0
0	0
0	11
0	11
0	0
262	0
14	252
1	0
0	0
10	0
13	1271
1	414
0	503
1	135
4	1162
0	1031
0	1152
0	0
8	122
6	209
104	0
0	155
0	222
0	0
1	66
2	2
0	0
0	0
6	0
2	0
0	0
0	0
0	0
0	52
8	55
0	49
0	18
0	13
0	0
0	0
1	0
0	554
0	542
2	181
0	0
0	150
10	123
0	0
0	0
0	0
1	0
0	0
203	15
52	15
2	1
1	1
0	0
0	0
0	0
1	0
2	0
0	0
0	0
1	0
0	4
0	1
0	5
0	5
0	2
0	1
1	2
0	0
0	0
1	0
3	0
0	0
0	0
3	0
15	47
0	14
2	33
2	33
0	0
0	0
1	0
1	0
0	0
0	0
9	85
2	0
1	58
138	1629
5	3091
11	1627
1	531
21	1627
3	118
42	3029
0	3078
19	369
4	2327
0	1995
5844	2340
2	493
3	42
0	45
31	34
0	20
5	726
5	475
34	220
3	69
18	262
4	216
0	60
0	87
0	69
73	19
29	3
7	227
12	260
64	167
0	0
8	1
6900	39217
280	39215
0	1
3	1950
0	274
337	242
107	606
0	383
794	630
0	79
6	89
0	0
0	0
0	0
435	81
0	35
0	46
0	0
0	0
0	0
978	13274
29	13269
16	13274
102	9331
2	0
13	0
0	0
16	0
0	89
540	89
0	80
0	0
451	136
4	97
3	95
0	0
0	0
0	0
0	0
1	1
0	1
0	0
0	0
0	0
1	0
20	895
1	955
3	717
12	859
329	207
0	302
0	239
0	119
0	286
35	314
7	170
31	147
21	0
0	0
0	0
0	0
0	0
0	0
0	0
0	0
0	0
0	0
0	0
0	0
0	0
0	0
0	0
0	0
0	0
0	0
0	0
0	0
0	0
0	0
0	0
0	0
0	0
0	0
0	0
0	0
0	0
1	2
0	2
0	2
0	1
0	1
0	1
0	1
0	0
1	0
0	0
1	0
0	0
0	0
0	0
2	1
0	0
0	0
276	880
0	0
0	0
48	882
2	0
0	0
14	1055
0	173
0	0
0	0
0	6
3	0
3	1470
14	357
70	1289
0	63
34	1302
2332	0
0	3
0	3
0	4
0	3
0	4
0	3
0	0
0	1
0	0
0	0
0	0
0	0
0	0
0	0
0	0
0	0
0	6
0	6
0	1
0	0
787	0
0	0
17	4831
225	4815
0	563
75	395
4	0
0	0
0	0
0	2
0	3
10	0
3	0
0	0
0	0
0	0
9	6
1494	6
0	1
0	1
0	0
42	326
0	327
0	219
0	130
0	271
0	67
3	154
0	0
0	45
0	0
0	0
1	1
1	1
0	0
3	0
2769	498
1	160
0	143
2	149
2	46
1061	4
1	0
0	0
0	0
0	0
0	96
7	1
0	24
0	27
0	25
0	100
0	0
2	28
0	0
0	0
0	5
0	0
0	0
0	8
0	0
1	9
0	7
0	7
0	7
0	7
0	0
0	1
0	23
0	199
0	185
1	106
2	31
0	29
0	114
0	72
2	98
2	62
295	1
3	1
10	97
0	172
0	248
8	103
0	116
1	37
0	57
0	156
1	206
0	232
36	85
148	1380
0	822
1	4
4	758
3	389
1	615
0	190
126	1857
109	627
0	175
0	1380
0	0
2	468
33	53
3	294
0	0
0	101
0	0
0	0
0	0
1351	242
18	31
123	207
0	0
0	0
0	0
0	0
8	308
4	308
0	0
0	0
15	0
0	0
0	0
0	0
0	0
0	0
0	0
0	0
0	0
2	0
0	0
0	0
0	0
0	0
0	0
0	0
0	0
0	0
0	0
9	0
0	0
0	0
0	0
1	4
8	131
1	105
2	1650
5	1969
0	586
2	50
13	2262
0	42
4	411
117	2161
2	174
6	59
1	53
0	0
2	1245
0	202
0	481
1	391
0	487
2	428
0	514
0	447
5	399
0	179
5	3
12	141
4	33
0	0
8	330
2	0
0	0
0	0
0	0
0	0
0	0
0	0
0	0
0	0
467	702
2	702
0	0
0	0
252	338
0	281
1	1
6	57
2646	1587
5	1458
1	1517
1	0
148	300
12	131
0	50
1	0
26	8
8	8
0	0
0	0
0	0
13	0
125	12
1	0
0	5
0	7
0	2
0	0
0	0
50	446
0	350
0	260
0	0
0	0
0	103
2	0
3061	118
18	118
2373	1503
22	136
8	161
1	458
3	251
4	141
32	96
0	379
0	259
143	5437
194	2762
11	318
24	0
84	357
0	2746
0	146
7	265
0	103
0	33
0	0
10	33
0	0
0	0
15	13
47	19
1	0
6	2
7	0
0	4
120	0
9	1
315	297
0	0
2	297
0	180
0	222
0	206
7	62
3	53
313	2070
1	191
4	1644
4	213
37	1570
11	2750
36	3641
3	756
0	643
7	927
1	380
11	64
2	0
75	231
1	0
0	0
17	231
0	0
0	0
0	0
0	0
1	0
0	0
6	2
0	0
0	2
1086	0
0	0
0	0
0	0
3	168
49	502
0	21
0	355
0	32
3	30
50	30
7	0
1135	0
0	0
0	0
0	0
0	0
268	0
0	0
52	119
1	112
0	113
1	23
0	76
0	0
5	0
0	0
1740	0
12	0
20143	41
0	683
0	711
0	712
0	683
0	706
0	692
33	261
2	446
0	675
0	677
1	44
15	482
0	435
0	122
0	30
0	434
18	231
6	702
69	691
8	267
10	15
0	42
0	38
0	11
0	5
0	10
0	3
132	394
27	394
8	221
344	1582
2	1575
0	1630
1	17
240	1407
0	1407
5	1337
142	141
18	530
13	178
41	178
6	1600
160	1600
24	141
0	3
0	3
3610	4
10	1171
3	134
2	1181
0	18
2	1157
0	91
0	1149
42	2
24	218
0	2434
0	2357
13	112
79	0
0	2098
2	143
1	306
3	174
0	0
1	255
0	88
0	0
0	0
0	0
0	0
0	0
0	0
0	3
0	0
0	0
0	0
0	0
0	0
0	0
0	0
0	0
0	0
0	0
0	1
0	0
0	0
0	0
0	0
0	0
0	0
0	0
0	0
0	0
0	0
0	0
0	0
0	0
19	190
3	49
0	87
11	206
3	9
1	22
3	32
24	105
1	29
0	17
0	3
0	75
2	73
0	0
0	0
0	0
0	0
0	0
0	0
0	0
0	0
0	0
0	0
0	0
0	1
0	0
0	0
457	4276
4	4276
5	9
2	9
0	4
2	230
313	154
0	0
0	0
0	3
0	3
178	0
0	28
0	58
0	46
0	29
1086	33
2	0
373	374
24	262
3	70
0	68
5	50
13	68
21	0
4	875
4	871
18	870
1	62
0	55
3	48
0	40
0	29
1	25
0	28
1	20
4	8
0	4
0	0
287	187
5	187
9	0
0	0
0	0
0	0
209	0
0	0
0	0
164	0
94	3670
124	1264
76	390
2	3605
160	664
2	4
0	4
1	339
59	447
0	217
70	218
30	153
0	66
83	108
0	29
3	29
112	100
0	0
0	21
7	15
8	29
0	0
436	0
1	0
0	0
0	971
56	971
0	9
2244	76
1	76
13	0
0	0
1	0
0	0
0	0
0	1
0	0
0	1
8	0
0	0
1	0
0	0
0	0
0	0
0	0
0	0
0	0
0	0
0	0
0	0
0	0
3	0
0	4
0	4
0	1
1747	30
115	26
123	2
0	0
6	9
0	12
1	12
0	0
0	0
19	0
13	0
2	0
1163	6
2	0
0	0
822	285
9	255
0	145
0	3
204	116
0	108
0	15
0	18
6	8
3	14
0	34
17	4565
0	4103
19	1180
16	456
1	665
3	589
4	584
2	194
0	178
121	151
5	151
0	0
1	0
24	5
391	379
0	331
0	253
2171	0
1296	2367
0	1045
5	2285
132	1083
1260	1404
154	163
1	54
1	1200
0	31
2	244
0	466
0	301
35	169
3	2615
6	2589
0	2584
4	2582
0	2536
8	631
2	141
2	167
3	115
11	92
0	99
0	63
0	15
0	80
0	64
8	21
1	51
0	11
14295	2
0	31
0	31
1	1
0	1
0	0
0	0
0	0
0	0
0	0
0	0
0	0
0	0
0	0
0	0
0	0
0	0
0	0
91	239
0	227
0	112
0	15
0	146
0	31
2	96
0	144
1	53
0	0
0	0
0	0
0	0
1	192
15	193
0	9
0	20
0	15
0	116
0	104
0	108
0	107
0	98
0	3
0	2
2	0
56	868
0	864
0	776
3	578
113	342
20	14
4	38
1	1331
1	34
0	30
301	109
1	91
0	23
0	74
0	90
0	44
1	47
0	54
3	3
18	21
0	0
12	21
0	0
578	65
0	39
8	65
1	12108
2162	12573
21	660
12	700
133	660
68	237
101	295
0	665
3	2
0	0
20	107
31	246
46	708
1	298
159	748
48	642
1415	6053
0	243
19	6053
57	175
9	148
1	163
0	71
6059	2310
6	1193
21	305
126	810
22	114
0	12
11	1
4	103
2	52
0	51
0	19
0	34
2	6
2	11
0	0
1	0
0	0
3	3493
0	3596
3	3358
6	3184
64	2108
0	2364
0	0
29	69
39	0
0	898
0	829
37	767
3	465
0	0
0	52
13	15
0	173
0	127
8	41
1	1546
306	1833
11	1490
0	1836
2	673
26	412
14	543
4	36
0	0
0	265
0	267
2	51
55	152
0	158
1	158
3	1306
0	1306
11	179
14	186
16	190
0	0
18	443
16	1041
250	1144
185	890
0	254
18	43
1	130
308	28
0	2430
54	137
1	419
222	2760
2	313
2	599
26	85
0	146
53	640
0	0
182	579
15	251
23	328
0	3535
1	3372
293	1832
0	3417
0	137
4025	0
1211	313
63	311
0	260
0	260
0	0
0	0
0	0
0	4
0	4
440	74
4	131
11	72
0	0
0	0
1	131
0	0
358	4419
140	4229
39	1018
17	677
278	1386
213	1340
2	643
0	619
0	0
19	208
17	206
0	0
0	0
0	0
4	884
386	884
4	0
0	0
3	0
0	0
0	0
32	0
0	0
0	12
0	47
0	54
0	54
7	19
56	113
1	113
0	0
12	5433
9	201
452	5433
0	1035
4	309
0	0
1834	3235
2	621
4	2799
0	551
0	0
2	3201
1	0
0	0
0	193
0	0
0	5
0	5
0	5
0	5
0	5
0	5
0	5
0	5
0	0
0	0
0	0
0	8
0	7
6	17
0	18
0	14
0	8
0	86
6	86
0	0
4338	16
0	0
0	0
0	0
0	0
191	63
35	422
97	501
0	287
200	6008
122	5934
67	1308
3	638
22	0
1	0
0	0
67	157
5	49
7	43
25	78
7	24
0	18
0	12
0	1
2	1
0	0
3	40
0	32
0	40
0	5
0	0
0	0
2395	4
105	18340
0	18936
14	15260
0	18293
0	16412
0	18507
3	15919
0	4495
4	7464
0	3327
2	4437
0	1536
1	0
55	262
2	241
0	2260
0	6756
0	3531
16	4165
0	6677
1	1981
0	5748
0	3621
0	3886
0	2380
10	4517
33	1445
0	244
4	3229
2	1545
0	2972
26	2770
108	1460
107	1691
9	470
17	803
30	803
0	708
27	0
107	708
0	0
0	10
0	0
278	67
0	57
10	20
12	17
0	1
0	0
0	0
0	0
0	0
0	0
0	0
0	0
0	0
0	17
0	0
0	13
6	18
0	13
3	13
0	11
0	11
0	0
0	0
0	0
0	2
0	0
0	0
0	0
0	0
0	0
0	0
0	0
0	0
0	0
0	0
0	0
0	0
0	0
0	0
0	0
0	0
0	0
0	0
0	0
0	0
0	0
58	820
0	11
0	783
36	676
14	109
0	451
2	86
24	733
0	85
38	524
0	540
1	538
1	172
0	20
1	148
0	55
0	90
2	43
0	47
0	40
0	44
0	31
1	10
2	0
8	0
0	111
590	1106
2	254
78	277
3	555
21	40
0	267
117	0
77	309
0	303
0	161
0	162
0	137
0	180
3	96
2	204
50	9
5	122
84	37105
35	36779
25	3266
33	23
1	0
0	0
0	0
0	0
0	0
0	0
0	0
0	0
0	0
0	0
0	4
0	4
0	4
0	0
0	0
0	0
0	0
91	1443
0	1287
57	1234
0	255
0	150
15	102
16	53
128	13
0	13
0	36
33	36
1051	4494
0	4080
269	1128
155	377
68	496
57	0
194	3
26	669
481	476
21	388
0	144
1	0
0	0
0	0
0	0
0	0
0	0
2	0
0	0
0	0
1	0
623	149
0	147
5	0
0	0
0	0
2	0
0	0
0	0
2	0
0	1
0	1
0	1
0	1
0	2
0	2
0	2
0	1
0	1
0	0
3	863
67	865
23	190
71	848
0	51
171	0
2	6
3	81
1	64
0	0
0	0
0	0
0	0
0	7
1	10
0	2
7	45
0	51
0	51
0	26
6	34
0	105
0	52
0	0
0	0
0	0
0	0
10	217
1	183
0	183
0	176
0	147
2	181
0	145
4	37
0	25
0	0
0	0
0	0
0	0
0	0
0	0
0	0
0	0
0	0
0	0
0	0
0	0
0	0
0	0
0	0
0	0
0	0
0	0
0	0
0	0
0	0
0	0
0	0
0	0
0	0
0	0
0	0
0	0
0	0
0	0
0	0
0	0
0	0
0	0
0	0
0	0
0	0
0	0
0	0
0	0
0	89
2	1
8	0
0	78
0	0
0	0
0	0
7	3
1	6
76	30
0	0
0	24
0	1
0	0
0	0
0	0
67	100
3	29
6	8
0	95
0	0
0	2
0	2
0	0
3	68
0	1
0	0
0	3
75	68
0	0
0	0
0	7
7	7
0	0
0	0
0	0
0	0
1	0
17	77
0	76
2	24
0	0
0	0
1	72
0	0
3	0
1	0
0	0
6	0
70	0
65	479
0	450
0	371
2	73
0	0
2	7
0	18
0	18
13	134
0	137
0	136
0	49
0	5
5	7
0	0
0	0
1	37
0	37
58	53
3	52
0	5
0	0
120	6
10	1
4	286
4	290
0	166
0	158
4	51
0	17
7	0
9	13
0	9
2	14
15	0
3	10
0	0
44	91
0	87
1	4
0	0
0	0
0	0
1	51
0	0
2871	215
0	215
15	15
0	9
0	6
5	0
34	75
4	0
3	2631
0	2558
3	3582
0	120
0	76
3	0
3	1
88	138
2	1115
188	0
2	2268
1	79
4	237
67	49
1	207
28	919
0	202
20	839
475	0
0	0
9	1105
91	2296
11	181
49	2146
0	65
0	1675
993	2
3	0
115	2019
0	1550
77	629
0	219
51	215
0	0
0	0
0	0
0	0
15	1584
794	2244
13	284
2	432
0	11
1	410
0	327
2	96
27	136
3	52
9	0
0	41
107	173
0	0
0	0
1	9
2	90
0	81
0	31
0	69
1	19
7	0
0	24
3	0
75	0
0	0
48	3186
3	3117
131	2909
4	3190
0	158
58	3
0	327
1	327
0	327
1	19
3	0
0	0
5	0
0	0
0	0
0	0
0	0
0	0
0	0
0	0
0	0
0	0
9	0
3	307
184	1409
11	551
50	165
0	463
0	391
0	1372
68	74
2	82
59	53
2	0
7	225
0	340
52	9
2	4
0	4
0	4
0	7
0	6
0	0
64	135
0	84
0	129
1	71
3	47
10	35
2	17
0	22
810	226
7	170
3	115
29	163
2	0
84	636
48	616
6	0
0	28
0	62
0	175
0	289
608	561
0	575
38	539
8	266
0	568
3	93
1	21
0	22
9	98
40	266
0	0
95	47
11	54
0	48
16	0
0	0
6	10
0	271
1	56
11	132
79	3916
8	3510
1	0
2	790
0	0
0	0
70	5660
0	0
0	1
0	5643
2	1354
2	2055
0	1468
0	2184
4	300
0	0
9	160
9	15
2	132
0	140
0	37
0	77
0	43
0	36
0	4
0	0
1	0
0	0
0	2
0	0
0	0
0	0
0	0
0	0
0	0
0	27
0	7
0	0
0	0
0	0
0	0
1	0
0	0
0	0
4	25
0	0
0	0
0	0
0	0
0	0
0	0
164	3432
2	3427
1	432
36	80
0	0
0	0
0	0
0	0
0	2
0	0
0	0
0	0
0	0
0	0
0	0
0	0
0	0
0	0
7	2
0	9
0	49
0	47
0	18
0	0
3	0
0	0
0	0
454	269
0	333
122	60
12	25
69	0
331	64
2	0
0	0
0	0
0	0
0	0
0	0
0	0
0	0
0	0
0	0
1	0
0	3
0	0
0	0
0	0
0	0
0	0
0	0
0	0
0	0
0	0
0	0
0	0
0	3
0	0
0	0
0	0
0	0
0	0
0	0
0	0
0	0
0	0
0	0
0	0
0	0
0	0
0	0
0	0
0	4
0	0
0	0
0	0
0	0
0	0
0	0
0	0
0	0
1	56
0	0
0	0
0	0
0	0
0	0
0	0
0	0
0	0
0	0
0	0
0	0
0	0
0	0
0	0
0	0
0	0
0	0
0	0
0	0
0	0
0	0
0	0
0	0
0	0
0	0
0	0
0	0
0	0
0	0
0	0
0	0
0	0
0	0
0	0
0	0
0	0
0	0
0	0
0	0
0	0
0	0
0	0
0	0
0	0
0	0
0	0
0	0
0	0
0	0
0	0
1	0
0	0
0	0
0	0
0	0
0	0
0	0
0	3
0	0
0	59
0	0
3692	782
29	778
7	67
10	67
2	35
3	648
0	562
3	164
0	190
1	243
8	255
5	91
105	329
0	248
10	142
0	56
68	3
0	5
448	3238
4	3075
1	259
0	467
0	0
3	427
1	0
1	0
197	2
0	0
1	4
4	4
1	0
3	183
0	182
3	282
0	193
1	33
6	12
0	1
28	95
1	9
69	3
0	0
0	15
0	30
281	42
0	0
0	0
0	0
278	55
3	23
2	0
5	0
7	86
2	86
8	0
1	168
0	168
1	28
127	0
4	9
0	9
0	1
0	11
1	12
0	13
29	1
10	0
75	366
0	127
0	332
107	355
0	311
3	34
0	4
420	35
5	32
10	0
0	17
356	40
0	1
0	39
13	303
0	285
0	0
0	30
113	28
0	24
0	17
0	9
5	15
0	34
0	0
8	595
0	569
0	608
12	173
1	18
6	19
0	0
0	0
386	238
0	0
0	202
1	58
0	39
6	75
2	441
15	441
0	229
0	123
0	82
353	157
0	127
0	40
6	25
893	97
15	44
0	1
0	1
0	2
13	2
0	0
141	1011
0	962
0	512
0	168
1	145
875	312
0	95
1	37
2	60
0	0
1015	353
0	149
0	0
2	78
0	24
3	43
8	33
13	0
0	0
566	196
12	196
1	127
0	88
6	0
6	11
19	11
100	22
4	15
2	0
0	0
0	3
4	110
0	3
1	2
7	103
23	0
66	304
6	176
25	0
5	176
0	6
0	6
0	4
0	3
0	1
0	0
0	0
0	0
0	0
0	0
0	0
0	0
0	0
0	0
32	507
9	500
5	417
4	73
0	73
1	37
0	37
6	21
1	16
2	13
13	150
1	372
0	14
0	52
0	369
62	337
0	22
0	44
0	0
5	5
0	5
62	0
0	0
0	1
2	0
0	0
0	0
0	0
0	0
0	0
0	0
0	0
2	1210
0	1191
0	573
0	1
173	46
0	210
1	0
0	0
459	327
0	211
4	104
16	68
29	3754
0	2950
45	3637
0	521
15	672
26	96
0	0
0	0
0	0
0	0
0	0
0	0
8	0
0	0
0	0
0	184
0	138
28	699
198	492
0	177
0	260
0	0
0	0
0	0
0	10
0	0
0	0
0	0
0	0
0	0
0	0
0	0
0	0
0	0
0	0
0	60
0	53
0	0
0	0
4	767
2247	1076
0	5
133	313
0	0
0	0
13	0
0	0
0	26
1	26
0	15
3	2
0	0
0	0
0	0
0	0
0	0
0	0
0	0
0	0
0	0
0	0
0	0
0	0
0	0
0	0
1	570
0	0
0	0
0	0
1	0
0	0
0	0
0	0
0	0
0	0
0	0
1	0
0	0
0	61
0	61
0	0
18	23
5	803
0	759
74	1284
23	855
8	552
303	850
5	663
0	0
5	1050
1	1002
0	514
3	162
0	602
8	131
3	8
4	38
1	0
3193	1857
9	143
2	1714
16	0
11	104
0	263
0	216
1	138
1	24
0	20
0	17
0	0
0	0
0	0
0	0
0	0
0	0
0	0
0	0
0	0
0	0
0	26
0	22
2	25
0	5
0	1
0	2
0	1
0	0
0	0
11	743
4	3356
2	2087
63	386
129	691
173	2997
20	101
49	11
73	312
0	107
1	72
97	177
0	178
0	45
0	34
0	17
0	14
140	290
0	275
1	0
0	15
5	1190
62	1381
0	1236
0	1408
2	729
15	167
0	231
7	402
10	114
70	753
20	27
8	328
0	0
0	0
0	0
0	0
0	0
42	24
3	22
2	79
2325	81
0	1
1	258
8	308
89	231
26	186
0	118
0	11
1	14
63	5
0	1627
0	1550
1953	1718
1679	491
1	254
7	154
0	96
43	178
3	41
57	46
0	46
15	17
0	5
0	7
0	2
0	1
392	2205
143	2199
11	665
76	906
7	74
6556	3646
35	1562
0	1814
0	126
0	1080
41	680
0	0
9	537
9	0
0	1
1245	707
4	529
1	59
2	312
1	139
1	439
8	0
97	88
0	88
1	0
0	494
14	6
87	4512
0	2
11	31
8	28
22	10
1	0
12	275
7	238
0	223
6	176
1	75
0	0
16	263
21	266
0	149
1	0
3	4
1	0
52	58
23	56
8	0
0	0
0	11
148	37
34	117
32	62
0	105
10	104
2	84
0	30
0	23
66	12
2155	2397
17	2026
0	201
2	188
0	0
0	482
28	7863
84	7820
1	5672
2	5402
86	6147
3	3038
0	3214
3	43
8	53
1	3269
95	0
0	265
15	10
33	0
0	11
212	106
1	87
0	19
0	0
0	0
0	0
0	0
0	0
19	333
0	0
0	0
1	0
742	898
0	106
0	69
12	58
0	200
0	234
78	0
0	129
66	644
197	366
0	0
1	2
181	1267
3	1265
0	315
99	1
441	191
0	87
1	0
0	43
0	0
15	62
7	0
1	4217
0	0
0	0
0	0
0	0
102	202
4	211
7	127
8	73
0	0
3	0
0	498
0	498
0	27
25	151
0	43
1	53
2	10
1	1632
14	1865
0	199
0	97
0	136
22	89
80	15
13	77
0	323
1	38
13	0
1	0
0	0
2	0
0	0
0	0
63	195
1	17
0	41
0	147
8	25
0	0
0	0
1	0
9	90
0	17
0	91
0	4
10	0
424	271
3	25
0	146
40	88
0	171
21	158
27	173
128	107
0	10
2	33
23	95
0	0
0	22
0	3
0	2
0	0
4	15
1	399
296	599
0	459
0	217
3	430
0	93
0	122
161	234
1	40
44	0
10	0
80	0
30	0
0	0
0	0
3	0
12	27
2	27
0	7
0	5
2	1
0	1
0	12
1	0
5	0
0	0
3	12
0	0
8	0
0	0
0	0
0	0
0	0
0	0
0	0
0	0
0	0
1	0
0	0
0	0
0	0
0	0
0	0
0	0
0	0
0	0
0	0
0	0
0	0
0	0
183	455
23	3250
0	3372
2	0
0	1514
1	287
0	352
0	0
0	1
0	1
9	0
4	0
0	0
3	1
0	1
0	1
0	0
0	0
1	0
0	0
40	2114
0	0
0	0
0	0
2	55
174	620
1	55
0	213
0	23
6	0
0	0
0	265
4	117
2	370
10	14
2	16
0	209
5	115
3	79
3	3
661	996
6	55
10	985
5	215
42	447
0	407
1	39
7	39
2	12
284	34
0	32
0	0
60	0
268	827
0	298
2	457
7	137
12	481
26	374
5	446
18	65
0	0
0	0
0	0
0	1
0	0
1	0
0	0
0	225
0	292
0	12
0	0
0	599
1	603
0	50
0	62
0	433
0	426
73	15
0	396
0	62
0	295
0	356
0	84
6	45
0	50
0	38
0	33
0	620
31	3
0	304
0	71
0	48
3	63
0	117
0	98
0	114
0	14
0	34
0	0
7	3
0	3
0	0
0	1
0	1
0	0
0	0
0	0
0	0
17	2
0	0
0	0
0	0
0	0
0	0
0	0
8	28
1	28
0	72
2	605
2	542
36	46
8	598
0	535
138	78
0	0
0	147
25	0
0	0
0	0
0	0
0	0
0	1
0	0
0	2
0	0
100	463
2	100
38	339
3	301
6	70
0	66
1	37
1248	1601
0	1514
1	406
14	247
2	310
18	72
24	73
10	15
78	40
17	6
0	0
0	0
0	0
0	0
0	0
12	1726
3030	2223
147	1709
78	718
0	0
0	0
0	0
0	0
0	0
0	0
0	0
0	0
0	0
0	0
0	0
0	1
0	0
0	0
0	0
0	0
6	76
1	51
0	222
2	28
4	17
5	28
1	38
0	211
33	0
5	19
0	0
236	3484
43	3167
0	1283
16	153
1	794
0	38
0	0
9	242
0	532
2	63
39	0
0	0
2	207
133	207
0	0
1	50
1	35
2064	383
1	111
74	323
0	0
0	0
0	0
0	0
0	0
0	0
0	0
0	0
0	0
0	0
0	0
0	0
0	0
0	0
0	0
0	0
2132	13700
9	13674
6	7390
68	109
0	89
1	67
0	1
0	0
13	78
1	0
0	0
0	67
66	211
1	191
0	5
20	36
6	27
1	55
1	2
3	14
6	24
16	1
15	1
8	1
0	0
11	9
0	4
0	0
0	0
0	5
98	803
12	375
177	766
0	379
2	43
41	0
0	0
0	0
159	37
1	37
0	896
0	293
0	386
5	838
1	316
10	862
0	71
0	61
0	1
38	3
145	210
12	34
4	197
24	220
11	199
0	96
591	0
0	0
6	29
0	4
0	29
19	31
23	31
835	935
15	766
26	46
0	152
0	0
5414	770
120	424
9	344
0	0
6342	273
0	273
87	77
1015	80
3	26
0	0
84	0
0	0
0	0
1	0
37	797
40	797
12	97
21	28
9	155
10	143
0	0
0	10
7	430
0	478
485	378
2	601
0	101
0	103
0	544
3	229
0	123
0	161
162	484
28	0
21	0
36	0
0	0
2280	509
0	0
0	0
0	505
3	0
0	0
0	0
4	0
1	0
0	0
0	0
0	0
0	0
2	0
292	232
2	232
0	0
0	0
0	0
0	0
0	0
2	2127
31	0
1	190
0	55
0	190
0	57
1	0
1	1664
3	28
0	2122
3656	2555
3	2547
1	1694
2	586
0	0
0	0
1	0
5	44
0	44
2469	1776
0	1685
0	0
12	76
0	127
4	2
0	0
0	0
0	0
0	0
0	0
0	0
515	1114
0	1110
0	1111
1	701
0	0
0	0
1	221
0	190
0	942
0	968
3	175
0	207
0	233
2	60
8	0
5	0
9	22
20	2
9	337
1	169
0	329
0	211
0	249
0	212
0	227
0	215
0	136
7	76
0	19
3	50
0	25
4	17
0	0
2	380
30	380
5	80
3	0
0	0
816	1321
6	1321
0	0
0	1
0	1
3	0
2687	0
0	0
0	0
2310	6
7890	4084
6	293
0	795
9	2763
7	386
0	133
0	0
5	0
0	0
0	848
0	0
13	659
3	248
0	0
107	71
0	16
0	67
0	2
8	870
0	1
0	0
1	0
0	0
2	2
349	312
40	232
0	147
6	9
0	12
23	241
2	344
4	388
0	218
0	101
0	90
0	179
0	25
0	78
271	582
3	440
0	440
0	393
0	398
0	311
3	418
0	233
17	188
0	0
1	118
31	106
0	2446
62	2106
1526	2541
44	1010
247	913
1	0
68	0
64	0
160	0
0	277
11	0
2225	6717
0	1692
1	693
44	5443
0	930
129	2283
40	1075
47	92
40	335
12	334
16	188
0	0
0	0
0	0
0	0
0	0
0	0
0	0
249	0
0	0
0	0
0	0
0	0
0	0
4	20
1	20
15	1795
2424	2553
0	2381
47	890
0	253
3	1362
76	965
0	1515
7	750
19	39
153	1025
18	80
0	1427
10	248
59	981
62	679
2508	872
0	870
0	0
1181	0
0	0
1	0
0	18
1	0
0	18
0	0
0	0
3	0
0	0
2	6
4	6
3	2
0	0
1	0
0	0
0	0
2	0
16	174
0	0
2	0
9	0
10	2631
31	3398
17	3224
41	2450
14	260
0	1175
2	0
688	278
13	16
34	262
35	532
0	509
35	233
0	286
0	525
0	764
0	708
3	11
0	0
0	0
0	0
0	0
33	8207
9	9729
41	2483
2	7088
3	4763
1	9
13	24
0	20
3	4
0	0
0	8
0	0
0	0
7	5
0	0
0	0
0	0
0	0
2	24
11	0
856	307
106	307
8	0
0	2558
1	2656
15	968
219	892
2	0
265	1
118	573
0	471
83	554
0	466
0	332
5	221
71	0
5	0
4	5
0	0
5	11629
14	11839
12	3922
27	4771
151	1110
3	682
1	25
5	0
3	0
0	0
4	0
0	0
0	3
0	0
0	0
12	0
0	0
215	0
1233	0
393	183
8	168
0	87
2	7
0	11
0	11
2308	549
0	506
0	377
50	16
0	15
26	0
7	37
9	0
0	0
0	0
0	0
6	37
26	37
1	300
0	404
255	588
0	121
1	86
0	26
29	3968
7	1868
17	3234
4	37
18	92
17	140
7	178
8	0
34	336
0	0
3	86
4	130
0	242
0	242
61	190
2	54
0	32
0	8
0	62
9	7
10	26
0	65
2	1
2	6263
12	6264
6	5673
21	0
2667	664
69	141
0	5897
176	5897
686	1021
0	0
19	9293
0	9463
2	7581
2	222
44	3430
8	418
1	16
22	67
6	11
0	0
11	434
15	371
0	292
7	49
0	51
4	185
87	86
0	94
672	5349
153	5355
1	3705
2	5029
0	430
0	0
0	0
4	1580
0	1613
1	893
0	921
0	0
65	862
2	825
15	794
26	16
41	0
446	71
12	1315
4	73
0	1288
0	672
9	561
0	1182
4	615
0	21
15	1035
13	127
249	127
93	838
0	661
18	117
13	499
23	25
215	470
9	375
0	234
0	298
0	259
1	8
141	4
0	14
3	4
19	2483
2	2004
27	931
16	879
0	1359
23	230
2	163
333	2139
0	1482
1	2033
6	243
140	2
8	0
0	0
1	465
0	141
0	0
0	189
1	0
0	0
1	0
0	0
3	0
0	0
0	0
0	0
0	0
0	0
0	0
3461	3812
32	2618
0	456
10	168
19	12
16	158
233	0
31	0
197	1036
0	0
0	0
0	0
0	0
0	0
0	0
0	0
0	0
47	10
4	9
0	3
1	13
1	5
1	1198
0	1955
0	1976
0	1472
10	1624
0	1411
0	749
1	581
1	2
0	2
0	0
115	37
112	0
3	78
79	11
39	28
4	176
21	20
0	20
6	20
6	0
10	2
0	2
0	1
6	16
1	45
0	0
0	6
0	0
0	0
0	0
0	0
269	2048
14	2128
38	162
12	698
20	591
23	569
21	30
129	468
0	259
43	157
18	18824
2	18141
22	18821
35	15862
16	16881
314	17160
230	6054
2	0
1	0
128	1748
0	137
22	558
0	143
7	1195
3	142
20	10
20	11
137	55
1	37
0	34
101	2239
69	2162
0	1769
1	1387
3	500
111	211
1	725
16	598
26	520
346	224
12	224
134	11
1	127
7	99
22	6
0	29
4	69
1	131
9	0
4	70
26	386
0	208
0	283
0	275
0	368
0	240
0	26
429	38
0	0
3	0
4	3
1	509
1	35
40	705
4	590
7	35
2	559
0	0
0	0
0	0
0	1
345	0
0	0
11	950
1	937
66	600
0	600
1	0
11	364
0	0
0	0
0	0
0	0
0	0
0	0
0	0
4	50
0	0
0	0
0	0
0	0
0	0
3	1274
57	1350
1	473
29	180
0	37
6	44
0	29
25	29
4	70
0	0
3	655
0	0
21	25
1	101
12	248
84	220
446	1300
25	1190
0	942
13	786
35	765
2	120
0	24
0	0
1	17
0	17
0	15
1	0
9	1
0	0
13	0
1	0
0	0
0	0
0	0
3	32
2	6
12	6
0	0
0	0
0	0
0	0
0	0
0	0
0	0
0	0
32	1266
99	1266
1	425
0	0
0	0
1	1
0	18
4	3388
5	969
9	1797
18	3340
1	1433
2	852
126	152
1	122
0	23
12	215
54	19
9	67
12	55
1	234
0	195
0	183
0	25
0	62
0	23
1545	3202
0	3198
0	0
0	0
4	167
3	0
97	187
5	30
2	187
0	118
0	24
0	34
30	0
0	0
0	0
0	0
5	718
16	315
0	681
148	0
6	227
0	688
72	689
0	0
34	689
3	681
1	688
0	727
0	236
10	0
1	521
370	551
0	0
2	150
2	475
10	482
1	140
202	86
0	83
1	23
0	11
3	3
0	1
1	12
1	12
1239	687
17	263
0	537
0	99
18	168
0	0
0	0
0	0
1	0
0	0
0	0
0	0
0	0
1	0
0	0
0	0
0	0
0	0
1	0
0	0
140	3616
35	3545
6	1976
1	301
0	688
0	248
11	268
0	0
1	0
0	0
0	0
0	4
1	0
0	200
1	1874
0	200
38	28
0	1799
0	255
0	1501
0	1502
0	0
0	0
0	209
0	0
0	0
2866	635
1	202
10	25
9	44
0	383
1	0
2	0
2	0
0	0
3	0
0	0
0	9
0	8
0	0
0	0
0	0
2	0
0	0
0	1
0	1
0	1
0	5
0	5
0	0
1	1
3	0
0	0
2	0
0	0
1603	7389
2	3613
118	569
0	3611
0	112
0	2028
0	7262
0	176
0	8
0	3076
0	0
1	0
0	0
0	0
0	0
0	0
0	0
0	0
0	2959
0	3
0	3
22	0
531	123
38	24
3	49
63	22
33	3
0	0
1	0
30	30
1	42
0	0
590	1017
165	1017
1469	823
0	79
8	70
28	114
0	0
48	491
0	183
2	172
928	172
17	62
1	67
3	0
0	14
0	13
0	1
0	0
0	0
0	0
0	0
0	0
0	0
0	0
0	0
0	0
4	0
7	182
116	182
0	0
0	13
1	13
0	0
0	0
0	0
0	2
0	2
0	2
127	0
75	22
0	22
0	0
0	0
1	0
0	0
0	0
0	0
1	0
579	1134
9	1133
0	1
0	0
0	0
0	0
0	0
0	0
0	0
169	292
8	277
0	118
0	0
0	0
0	0
0	0
42	0
213	1994
20	973
0	1602
4	1405
8	163
24	3
0	0
0	0
61	133
0	137
0	42
7	52
1	94
0	19
1	0
0	0
0	0
0	0
3	0
0	952
0	95
69	27
1	931
0	286
0	446
66	807
46	716
1	371
0	941
1	205
1	554
0	457
0	791
1	694
0	909
0	153
2424	158
0	152
1	0
3730	2429
4	2337
71	950
62	934
28	336
0	143
60	165
265	240
1	399
0	74
24	0
5	85
0	0
0	0
0	0
1	325
0	0
0	0
0	0
1	1
55	88
0	56
1	29
0	14
26	24
0	0
0	0
1	0
0	1
0	1
0	0
1	0
1	286
10	280
0	254
0	19
24	0
0	31
81	9
0	0
0	0
0	0
0	0
0	2
0	0
0	0
234	81
5	81
0	50
0	16
12	34
6	153
0	0
1	1
6	1
0	0
0	0
0	0
0	0
905	25
129	25
0	1
0	1
0	0
0	0
0	0
0	0
0	0
0	0
0	0
0	0
0	25
0	0
5	0
316	25
0	0
0	0
0	0
0	2200
0	2385
0	2359
22	1409
19	514
24	470
4	1681
424	1687
4	1310
0	1191
0	1698
0	611
7	371
45	83
1	1583
0	1526
20	571
194	177
54	1505
177	1541
0	0
0	17
0	17
0	151
0	375
36	352
31	159
0	385
9	0
4799	348
53	334
0	0
0	0
31	9
16	12891
115	2909
230	12681
4	0
29	15
5	15
3	0
0	1545
0	1542
10	1543
2	1287
5	102
53	530
5	186
0	4
8	49
0	0
0	0
0	0
0	0
0	2
0	0
0	0
0	0
0	0
0	0
0	0
0	0
0	0
0	0
1	229
14	34
0	0
0	0
0	0
0	16
0	0
8	19
6	41
0	0
0	0
2	229
0	0
0	0
0	0
0	0
0	0
0	1
0	2
0	0
0	0
0	0
0	0
0	0
12	7
4	537
0	7
0	0
0	0
0	0
0	9
0	0
0	0
0	0
0	1
0	0
0	0
0	0
0	0
0	0
0	0
0	0
2	78
0	531
14	121
3	66
1	63
0	64
2	132
53	24
2	382
0	185
4	66
4	163
0	0
0	0
0	30
6	15
6	16
1	18
0	0
793	546
3	484
106	84
6	153
1	1
56	137
10	163
2	37
1	40
1	7
10	10
0	6
3	4976
2627	17356
172	17370
76	17225
13	14528
4	11611
0	0
1315	652
46	481
1	185
53	56
0	0
0	0
0	0
0	0
0	0
193	469
5	531
0	237
0	0
0	0
3	84
0	21
1	6
0	0
14	2
0	0
0	0
0	0
0	1
0	0
3	0
0	0
0	0
3	108
57	117
1	46
5	22
0	15
6638	2372
198	6
1	113
0	1002
19	19
1	672
8	639
20	369
0	0
281	1868
0	1868
74	0
0	84
90	511
0	461
4	0
17	0
2	249
73	49
0	130
9	749
1	373
11	0
13	749
8	100
0	0
0	0
0	0
0	0
0	0
1	0
0	0
0	0
0	0
0	0
0	0
0	0
0	0
0	0
1	0
0	0
0	0
2	6
0	6
0	6
0	0
0	0
0	0
0	0
0	0
0	0
0	0
0	0
0	0
0	0
0	0
0	0
0	0
0	0
0	0
19	15
0	5
0	13
0	15
0	7
0	7
0	8737
4	9259
0	5261
0	4963
0	4629
1	4608
0	4757
0	4744
0	4931
0	4725
0	4853
0	4953
0	5111
0	4717
2	4750
0	4602
0	4974
222	20
1	3868
11	4210
661	161
143	373
4	236
16	253
26	175
0	0
0	3
0	0
0	0
0	0
0	0
11	159
0	42
2	162
1	114
4	26
1	47
0	46
0	0
0	0
0	0
0	0
2	0
0	0
0	0
0	0
0	0
0	0
0	0
671	1725
34	554
37	370
0	601
41	558
5	558
1093	800
0	118
7	698
8	720
8	194
19	77
1	93
1	58
16	58
1	1219
13	1568
0	1372
4	575
0	1471
11	749
0	1276
3	473
3	530
1	70
16	553
204	120
11	407
0	1
2	391
0	1
0	0
0	0
0	0
0	0
0	0
0	0
0	0
0	13
0	13
0	13
0	7
0	4
0	4
0	1
0	0
0	0
0	0
0	0
0	0
0	0
0	0
0	0
0	0
0	3
3	415
0	415
0	415
26	435
1	427
9	0
0	0
0	0
0	4
3	132
7	69
30	0
0	0
1	40
7	0
0	0
2	5
0	9
0	1
0	1
0	1
0	0
1	12
4	34
1	933
0	877
6	946
2	924
17	637
0	184
0	282
0	576
0	286
0	357
0	346
0	90
0	190
0	66
5	25
1	22
0	20
1	3
44	1
0	0
83	0
121	0
176	2
0	0
0	0
0	0
0	0
8	294
0	0
0	0
0	3
1	4
0	4
0	3
0	2
0	61
0	61
0	25
0	18
0	20
0	0
5	0
0	0
0	0
24	61
0	25
47	0
0	0
7	0
6	0
0	2
0	0
0	0
0	0
0	0
0	0
24	38
0	0
0	0
0	0
0	0
0	0
1	5
0	5
4	52
18885	648
93	640
0	0
0	57
1	1
7	110
2	110
1	58
0	58
0	8
0	17
0	8
0	20
1	1
0	4
1	258
34	258
23	316
1520	695
0	276
39	213
4	180
0	60
11	379
52	1703
20	1703
0	1701
80	762
0	70
2	77
664	186
0	186
62	580
1	580
140	0
1	0
2	0
45193	27
0	0
0	0
0	0
0	0
0	19
6	26
18	25
0	17
8	0
0	3
0	6
0	4
0	0
0	0
0	19
0	13
0	0
0	0
0	9
0	0
0	0
0	0
0	0
0	0
0	0
0	0
0	0
0	0
0	0
1	4
0	0
3	91
0	2
0	0
5	15
0	0
1	23
0	0
0	0
0	4
0	4
0	0
0	0
0	0
3	4
0	1
0	0
0	0
0	1
0	0
17	19
0	0
0	0
0	0
0	0
0	1
0	0
0	9
0	5
0	0
0	0
0	0
0	0
0	0
0	16
0	1
0	0
0	0
0	0
0	0
0	0
0	0
0	0
0	0
0	1
7	28
0	0
0	1
0	0
0	0
0	0
0	0
14	11
0	0
0	0
0	0
1	16
0	79
0	8
0	0
0	0
3	0
3	5
0	0
0	0
0	1
1	9
0	0
0	0
0	17
0	0
0	20
0	0
0	1
0	0
0	0
0	0
0	0
0	0
0	0
0	0
0	0
0	0
0	0
0	4
0	0
0	0
0	17
2	20
0	0
0	0
0	1
0	0
0	5
0	0
0	0
0	0
0	0
0	0
0	0
0	0
0	0
0	0
0	0
0	0
0	11
0	0
0	2
0	0
0	0
0	0
0	0
0	0
0	0
0	0
0	0
0	0
0	7
0	0
0	0
0	5
0	0
0	8
0	0
0	0
0	0
0	4
0	0
0	0
0	0
0	0
0	0
0	0
0	0
0	0
0	0
0	0
0	0
0	8
0	0
0	0
0	0
0	12
0	0
0	0
0	0
0	4
0	0
0	0
0	0
0	1
0	0
0	22
0	0
0	0
0	0
1	8
0	0
0	0
0	12
0	0
0	0
0	2
0	0
0	0
0	0
0	0
0	0
0	0
0	0
0	0
0	0
0	11
0	0
0	0
0	0
0	0
0	0
0	11
0	0
0	0
0	9
0	0
0	0
0	0
0	0
0	0
0	11
0	0
0	0
0	10
0	1
1	0
0	0
0	0
0	0
0	0
0	0
0	0
0	0
0	0
0	0
0	0
1	0
3	0
1	13
0	0
0	0
0	0
0	7
0	0
3	29
0	54
0	0
0	0
0	0
0	0
0	0
0	0
0	0
0	0
0	0
0	0
0	0
18	23
0	8
0	0
0	0
0	0
0	0
0	0
0	0
0	0
0	0
0	0
2	700
0	542
0	559
2	64
3473	77
5	27
0	0
1	0
504	126
1	82
1	120
0	72
0	75
0	42
2	0
333	19
1	19
1398	212
0	212
0	0
0	0
0	0
0	0
31	4
3	4
0	238
0	266
3	77
1	334
0	39
1	83
0	246
20	194
0	35
19	8
0	183
4	59
0	87
0	59
3	63
2	47
1094	647
66	541
0	411
1	122
148	322
0	244
1	97
0	541
0	523
0	631
0	346
198	393
0	493
2	181
0	273
122	345
5	33
0	131
17	64
10	0
6	48
3	16
252	625
14	362
12	328
18	158
226	738
28	738
0	6
0	6
0	5
0	0
0	5
0	0
0	4
1	7785
3	7129
0	7689
0	780
52	173
189	4073
9	34
38	175
6	83
63	398
0	254
36	0
18	1716
89	1644
30	1641
41	6
405	930
0	10
112	6
1	37
25	30
1	1
2	0
0	1
0	6
0	611
6	609
0	6
0	0
1	4
0	6
6	29
42	88
0	191
210	0
0	0
0	0
0	0
0	0
0	10
0	9
0	6
131	4980
8	237
50	108
0	60
0	224
3	4584
1	464
4	334
0	83
0	337
13	0
7	534
8	665
0	0
23	232
3	343
12	122
143	715
3	715
0	0
12	0
122	538
11	400
2	163
0	18
0	339
16	2760
3	2670
15	2587
17	100
0	179
54	938
9	6
40	1560
5	93
0	1349
12	179
9	933
0	510
2	338
49	963
2	963
0	911
5	220
11	654
8	51
2	15
30	1073
2	1078
0	1075
3	94
1	370
3	78
0	128
8	69
1	80
0	54
22	258
27	224
0	32
1	129
2	78
6	52
2	20
8	0
576	701
0	701
1	4
185	2181
6746	2537
42	354
1249	1541
0	1327
1	579
2	383
14	205
0	100
5	292
3	250
73	3092
16	0
160	177
89	1213
1	0
0	777
0	391
105	2922
0	0
2	0
12	0
1	0
0	0
0	0
0	113
1	18
0	983
0	997
0	1038
0	307
24	359
0	1047
55	317
0	355
0	124
2	838
111	160
0	0
0	0
0	0
0	2
0	2
0	2
2	2
0	2
0	2
0	3
0	3
0	3
0	2
0	0
0	1
0	0
0	0
0	0
0	1
0	0
11	476
46	476
1410	447
18	22
0	0
0	5242
1645	10229
82	4937
0	6106
14	738
32	6101
11	845
29	2394
34	1319
152	2984
68	444
18	350
0	155
0	301
11	9
10	9
0	0
0	0
615	0
18	0
1	5
0	5
0	1
0	1
0	0
0	0
1	0
0	0
0	0
0	0
0	7
0	6
0	0
4	0
0	0
0	1335
0	1266
436	1567
0	1477
0	1395
0	1483
4	1521
0	1356
0	1364
0	1572
0	1490
0	1345
0	1499
0	1655
0	1486
0	1512
0	1343
0	1403
0	1572
0	1420
0	1417
0	1572
0	1491
0	1329
0	1386
0	1413
0	1465
0	1489
0	1500
0	1576
0	0
0	440
0	622
11	535
0	320
0	0
33	89
0	152
0	0
0	0
8	10
10	86
2	0
0	0
3	0
10	394
0	0
0	0
0	0
1	512
5	1745
4	2152
34	2178
0	181
8	57
8	59
18	1
0	173
24	0
0	0
0	0
0	0
0	0
0	0
0	0
0	0
0	0
0	0
0	0
0	0
0	0
0	0
1	0
0	0
1	0
100	1086
14	1082
7	37
14	123
9	67
0	9428
41	11405
47	11520
82	7068
6479	11458
41	12014
99	11392
68	11476
13	9547
7	44
3	8510
40	1330
0	0
0	0
0	0
0	0
0	0
0	0
0	0
0	0
0	0
0	0
1	0
0	0
0	0
0	0
1	0
0	0
0	0
18	0
19	0
0	0
30	0
97	126
813	1581
9	1569
114	669
80	0
4	0
0	34
0	0
0	23
6	193
4	45
139	849
156	849
69	22
0	0
2	0
203	1315
0	1315
0	0
0	0
8	4454
115	1767
15	2600
2	4099
0	0
124	116
2	116
0	116
124	1170
35	868
4	380
6	57
0	3
1	0
16	4
0	4
0	0
1	0
5	1
0	1
0	1
0	0
8	1
0	0
0	0
0	0
0	0
0	0
0	0
0	0
0	0
0	0
0	0
42	7496
12	6191
18	5201
0	6800
1	6524
150	6485
29	5665
3	2306
0	1234
0	642
26	508
0	615
4	30
197	190
16	475
14	450
0	0
0	0
0	0
0	9
0	2120
0	1619
0	1910
50	1148
1083	2319
12	192
2	0
592	4673
1	4631
47	333
0	3626
1	3736
0	2
3	101
1168	0
0	0
9	0
5	0
0	0
0	0
0	0
0	0
0	0
0	0
0	0
0	0
2447	417
0	0
4	94
6	365
3	96
13	116
0	3
0	3
705	480
16	35
0	465
7	250
0	252
64	1511
25	78
7	1855
43	0
32	1838
8	11
0	0
2618	1630
281	72
128	169
15	1393
158	411
6	10
2	411
0	0
0	0
0	0
0	39
0	41
0	12
4	17
0	5
0	27
0	0
0	15
0	1
0	0
0	0
0	0
0	26
0	0
0	19
0	0
0	1
411	1289
0	2
14	0
3	0
16	596
6	1285
0	0
0	0
1	0
0	0
0	0
0	0
16	28
0	2
0	0
0	0
0	4
0	4
0	2
0	29
0	27
0	0
0	0
0	6
0	8
0	0
0	0
0	14
0	0
0	0
10	0
0	0
0	0
0	0
0	0
0	0
0	0
0	0
0	0
4	0
303	1196
0	952
1	436
16	1129
56	24
8	169
5	1059
10	175
5	324
0	0
12	44
19	92
269	86
0	66
0	56
4	65
8	57
2	32
7	8
1641	2252
4	0
2	2252
3	0
5	235
0	459
4	133
0	438
9	426
0	381
0	381
0	344
0	371
2	7
2	8
16	298
0	281
0	24
0	38
0	45
0	0
0	49
0	0
0	8
0	0
0	6
0	0
0	0
0	0
0	0
12	113
0	677
589	726
95	68
5	209
0	197
0	300
0	297
0	299
0	299
0	358
0	301
0	298
1	276
0	217
6	197
0	88
0	111
4	0
198	14111
104	1865
0	832
4	9318
0	12675
43	10601
11	7689
5	1225
0	0
1	5895
0	5602
0	5179
0	4346
0	4053
96	1532
0	3034
0	3327
134	3572
50	630
12	553
95	1557
12	488
3	0
6	649
0	32
0	110
49	110
0	585
3	605
6	63
0	442
5	349
251	494
0	494
0	441
0	0
6	10
5	0
42	670
0	670
0	70
0	298
3	16
1	194
790	4
0	1
0	1
0	1
0	1
0	0
0	28
3	28
0	16
1	5
0	1
0	0
0	1
0	1
0	0
0	760
13	740
46	495
0	523
0	160
3	16
1	175
2	412
0	2204
12	1592
0	2172
0	2205
31	1203
0	193
0	638
6	524
0	1
2	554
22	199
0	517
15	421
0	63
0	78
4	253
3	163
4	838
10	964
29	113
3	197
4	153
0	141
39	145
0	0
8	101
0	0
111	8
140	205
0	143
0	0
2	141
0	207
1	221
0	5705
1466	5787
4	108
5	2847
0	5122
0	83
4	419
1	4607
0	4216
0	4844
0	4652
0	4724
0	4590
0	5405
0	5643
0	2897
0	0
1	15
34	349
13	59
2	87
1	42
21	53
12	154
0	124
0	66
2	153
0	143
0	59
0	139
1	542
2	811
1277	2131
0	74
5	1213
39	707
5	102
1	152
4	30
0	19
38	589
16	847
0	7190
0	8111
18	540
8	1321
5	493
4	238
0	811
127	883
1	684
3	656
64	398
62	8
515	3113
1	75
2	948
10	2861
14	2293
18	503
0	833
32	372
145	393
1	652
0	113
3	4
0	4
0	2
289	0
2	233
0	232
0	188
0	133
0	109
3	1
10	65
65	2144
4	29
0	158
32	2031
0	262
9	205
3	211
20	221
4	15
0	15
0	0
0	0
0	0
0	0
113	2842
2	2948
18	2798
0	232
6	246
0	323
0	372
0	28
0	0
35	294
313	373
0	299
0	232
41	316
0	17
0	3
2	78
27	15
2	169
1638	434
9	122
7	119
3	193
0	0
4	35
0	35
0	0
0	171
0	0
1	0
0	0
0	239
21	241
0	25
1	17
0	157
0	164
0	155
0	196
7	49
1	19
5	63
0	26
1	6
1	134
371	134
10	2350
16	2340
2	1297
23	123
0	115
0	164
0	95
0	109
2	1
111	0
161	10
0	0
0	0
0	0
6	0
0	0
0	0
95	141
0	141
0	0
0	302
24	1036
6	937
19	407
2	401
18	399
5	112
1	2
1	146
41	629
0	68
1	205
1	503
0	178
0	122
137	185
0	41
4	188
0	17
0	5
0	0
0	0
2	0
8	6888
204	0
22	1759
0	1279
2	6428
16	6684
0	247
0	553
3	337
1	357
0	204
6	59
11	184
236	2392
6	1216
0	1098
4	1043
1	910
0	823
7	0
1	480
6	363
39	1544
14	2141
0	2823
11	408
0	1628
0	1612
2	260
3	64
23	0
0	267
0	0
0	143
0	0
30	10
0	0
0	10
0	90
11	90
0	6
0	0
14	3
0	3
0	3
0	0
0	0
0	0
0	0
0	0
39	0
1	0
0	0
608	915
89	331
2	24
0	78
80	1
3	562
0	0
0	0
0	1
0	1
0	0
0	0
3	0
0	0
0	0
0	0
48	31
0	23
1	10
0	17
1	5
0	3
0	3
229	0
1	0
139	1182
1	1182
8	14
2	12
0	5
0	7
0	14
0	0
2	2
21	4
0	0
0	0
0	0
1	1
22	135
0	0
16	11
2	107
1	112
0	8
1	8
0	0
8	0
331	735
0	772
0	434
0	474
0	117
0	269
0	125
173	87
149	318
0	128
38	113
0	286
0	0
0	0
1	1
0	0
0	1
1	0
0	0
0	0
0	0
0	0
0	0
0	0
153	0
1	0
0	0
2	0
1	0
0	0
0	0
0	0
0	0
0	0
3	6
0	6
0	0
0	0
0	0
0	0
2771	3334
5	3334
0	0
1	0
0	0
523	0
21	3641
8	0
395	10
0	8
0	2
0	0
0	7
4	30
113	30
6	0
59	165
0	55
0	0
0	0
11	111
13	28
0	14
0	5
5	0
0	0
5314	2191
67	153
1	1619
4	746
1	1216
0	2
3	0
191	0
579	72
0	70
3453	2135
3	2067
4	649
0	323
2	0
0	0
0	0
4	760
0	728
0	248
0	152
0	96
2	29
0	59
0	0
0	0
0	0
0	0
0	0
14	0
1	0
39	0
1318	6752
0	6157
84	6309
0	3667
0	101
1	2264
3	312
26	8
22	8
12	0
19	3
0	0
0	0
0	1
0	0
0	0
0	2
0	0
0	0
0	0
0	0
0	0
0	0
0	0
0	0
0	0
0	0
0	0
0	0
0	0
0	0
0	3500
12	3460
1	597
0	796
1	452
0	531
15	405
2	61
12	19
0	268
0	1
0	0
0	0
0	0
0	0
0	0
0	0
0	0
0	0
0	0
131	0
6	4315
1003	4315
171	8227
3	7960
8	2006
102	1394
0	0
0	0
0	0
0	0
0	0
0	0
0	0
0	0
0	0
0	0
7	5
0	5
0	5
0	0
0	0
0	0
5	4
0	0
0	0
0	0
1	2
0	0
0	0
1	1
0	0
0	0
0	0
0	0
0	0
0	0
30	10
11	34
5	24
10	2612
0	2612
9	346
10	471
14	471
1	201
2	183
0	136
1	135
3	34
0	76
1	54
0	11
0	0
74	193
0	0
0	0
0	0
0	3
0	0
0	3
0	0
0	0
0	0
0	0
0	0
1	0
0	0
0	0
0	0
0	0
0	0
0	0
0	0
0	0
0	0
0	0
0	0
0	0
0	0
0	0
0	0
0	0
0	0
0	0
0	0
0	0
0	0
0	0
0	0
0	0
0	0
0	0
0	0
0	0
0	0
0	0
0	0
0	0
0	0
0	0
0	0
0	0
0	0
0	0
0	0
0	0
0	0
0	0
0	0
0	0
0	0
0	0
0	0
0	0
0	0
0	0
0	0
0	0
0	0
0	0
0	0
0	0
0	0
0	0
0	0
0	0
0	0
0	0
0	0
0	0
0	0
0	0
0	0
0	0
0	0
0	0
0	0
0	0
0	0
0	0
0	0
0	0
0	0
0	0
0	0
0	0
0	0
0	0
0	0
0	0
0	0
0	0
0	0
0	0
0	0
0	0
0	0
0	0
0	0
0	0
0	0
0	0
0	0
0	0
0	0
0	0
6	106
0	0
0	0
0	0
0	0
0	0
0	0
0	0
0	0
0	0
0	0
0	0
0	0
0	0
0	0
0	0
0	0
0	0
0	0
0	0
0	0
0	0
0	0
0	0
0	0
0	0
0	0
0	0
0	0
0	0
0	0
0	0
0	0
0	0
0	0
0	0
0	0
0	0
0	0
0	47
0	0
0	0
2	803
0	0
0	0
0	0
0	0
0	0
0	0
0	0
0	0
0	0
0	0
0	0
0	0
0	0
0	0
0	0
0	0
0	0
60	108
0	0
0	0
0	0
0	0
0	0
0	0
0	0
0	0
0	0
0	0
0	0
100	34
0	0
0	0
0	0
0	0
2	0
0	0
0	0
0	0
0	0
0	0
0	0
0	0
0	0
0	0
0	0
0	0
0	0
0	0
0	0
3	0
12	0
0	0
0	0
0	0
0	0
0	0
0	0
0	0
0	0
0	0
0	0
0	0
0	0
0	0
0	0
0	0
0	0
0	28
0	0
0	0
0	0
0	0
0	0
0	0
0	0
0	0
0	0
0	0
0	0
0	0
0	0
0	0
0	0
0	0
0	0
0	0
0	0
0	0
0	0
15	0
0	0
0	0
0	0
0	0
0	0
0	0
0	0
2	22
0	0
0	0
0	0
0	0
0	0
0	0
0	0
0	0
0	0
0	0
0	0
0	0
0	0
0	0
0	0
0	0
0	0
0	0
0	0
0	0
0	0
0	0
3	0
0	0
0	0
0	0
0	0
0	0
0	0
0	0
0	0
0	0
0	0
0	0
0	1
0	3
0	3
0	0
0	0
0	0
0	0
0	0
0	0
0	0
0	0
5	0
0	0
0	2
0	2
71	53
16	53
0	0
0	0
1	0
0	0
0	0
30	1200
9	1157
0	1151
2	51
25	293
0	331
0	0
0	92
6	130
0	130
0	0
10	36
0	12
69	29
0	17
0	7
19	7
1	6
0	17
2	1
0	0
2054	699
0	463
0	158
16	48
1	78
12	4
1441	2326
0	140
13	1004
1	1298
1	762
1	1282
11	1108
33	273
3	509
10	919
279	1233
0	1150
0	16
4	378
0	256
43	95
0	268
1	58
32	111
1324	1226
100	1124
0	521
4	610
1	399
0	321
0	292
29	11
0	62
13	44
0	0
0	0
0	0
1414	539
1	0
8	245
49	341
0	79
17	0
90	0
9	71
1	0
0	0
0	0
0	0
0	7
0	0
0	7
0	0
0	0
0	0
0	1085
6	1062
0	950
35	760
10	720
0	863
1	112
0	461
22	26
84	0
0	49
0	74
20	134
113	0
0	1
0	0
1	0
0	314
1	27
0	0
0	4
0	0
0	0
0	0
1	2
0	0
18	6413
4	10996
0	0
0	0
0	0
204	1304
0	1214
3	52
2	71
0	0
13	0
0	0
0	0
0	0
0	0
0	0
0	0
1	3
0	0
0	3
0	3
0	2
0	2
0	0
0	0
0	0
0	0
0	0
0	0
0	0
17	203
32	149
1	152
49	156
923	967
0	881
1	571
2	0
11	0
5	3828
1	3720
0	538
0	445
0	94
4	181
4	147
125	19
0	35
0	35
142	393
10	80
4	334
0	227
39	158
9	0
0	9
6	2
8	11
2	811
0	521
0	800
0	29
4	0
381	780
75	0
0	0
1	0
0	369
0	1
1	1
0	264
0	24
1	32
5	0
1	0
21	0
1705	0
95	0
0	0
10	0
0	0
0	0
0	819
3	772
1	108
0	1
8	365
4	0
0	0
22	85
0	0
2291	161
1	161
0	0
256	18
167	4820
0	284
0	0
35	4806
69	24
3	0
14	8420
637	33552
1181	33554
11	53
45	2966
4	33271
67	985
7	114
38	972
29	940
2	57
9	264
1	13
1	165
1	19
0	0
0	0
0	95
11	1203
2	1232
0	142
2	15
1	6
22	1227
0	1235
0	1197
0	4
0	13
1	103
62	0
1	0
0	1229
2	13
0	831
0	831
1	0
5	0
1	17
0	0
175	2888
85	2882
0	343
8	2855
0	2888
0	2567
0	2547
0	2628
0	2636
0	2666
0	2722
0	2551
0	2593
0	2561
0	2528
0	2590
0	2553
0	2587
0	2540
0	2608
0	2678
10	123
59	193
11	118
16	12
278	274
0	0
0	0
0	0
0	0
0	0
0	0
0	0
0	0
0	0
0	0
0	0
0	0
0	0
0	0
0	0
0	0
7	123
128	323
3	300
15	22
0	21
0	9
0	0
48	0
1	47
9	156
25	0
4	6
0	6
0	0
0	0
0	0
1	32
0	630
6	846
2	775
192	8
47	499
671	915
1	480
0	598
113	10
0	162
53	0
18	9
0	62
0	32
1	3
0	0
7	0
0	0
0	0
0	0
0	0
0	0
1	0
0	0
0	0
0	0
0	0
0	0
0	0
0	0
0	0
0	0
0	0
0	0
0	0
0	0
0	0
0	0
0	0
0	0
0	0
0	0
0	0
0	0
0	0
0	0
1	189
0	0
0	0
0	0
0	0
0	0
0	0
0	0
0	0
0	0
0	0
2	0
0	0
0	0
0	0
1709	2370
1	2368
12	369
40	2
40	149
621	2
340	247
2	448
75	725
630	1398
198	537
3	1050
2	961
6	94
8	142
1	22
3	0
20	16
0	16
101	2023
15	2008
0	131
26	1073
186	361
1	0
1	0
0	2
5	0
0	2
0	2
0	2
0	2
0	0
0	1
0	1
0	0
0	0
0	1
0	0
0	0
0	0
60	258
0	258
0	0
0	0
1	0
3	0
5	0
0	0
0	0
0	0
0	0
0	0
0	0
0	0
0	0
0	0
0	0
0	0
0	0
10	0
0	0
0	0
0	0
0	0
0	0
0	0
0	0
0	0
0	0
0	0
0	0
0	0
0	0
0	0
0	0
0	0
0	0
0	0
0	0
0	0
0	0
0	0
0	0
0	0
0	0
0	0
0	0
0	0
0	0
0	0
0	0
0	0
0	0
0	0
0	0
0	0
0	0
2	20
0	20
0	0
0	0
0	0
0	0
0	0
0	0
0	0
0	0
0	0
1	0
0	0
0	0
0	0
0	0
0	0
0	0
0	0
0	0
0	0
0	0
0	0
0	0
0	0
0	0
0	0
0	0
0	0
0	0
0	0
0	0
0	0
0	38
0	0
0	0
0	0
0	0
0	0
0	0
0	0
0	0
0	0
435	510
0	85
0	5
0	153
6	279
83	475
19	401
0	0
0	0
0	27963
66335	27982
82	927
24	239
7	42
6	965
2	278
18	28
0	35
10	48
1794	3802
0	159
2	3596
8	347
1	289
44	22
5	74
1	242
13	57
3	15
1	20
1	57
0	80
124	77
6	9
26	16
0	12
1	4
0	4
6	799
12	889
0	760
0	771
26	648
0	330
0	316
0	403
0	0
128	1162
17	469
28	607
12	863
85	785
0	654
0	638
0	768
151	526
0	107
1	229
1	204
2	39
0	157
0	166
12	859
943	3027
0	3027
0	1927
18	334
0	336
1	0
528	713
1	163
0	1
0	0
0	2
0	2
0	0
0	0
0	0
0	0
0	2
0	2
203	3033
38	306
46	302
68	3029
0	0
28	48
1	5
0	48
1	9
7	0
97	0
2	0
0	0
0	0
0	0
0	0
0	0
0	0
0	0
0	0
0	0
0	0
0	0
2	15
0	0
0	0
0	0
0	0
0	0
0	0
0	0
0	0
0	0
0	0
0	0
0	0
0	0
0	0
0	0
0	0
0	0
0	0
0	0
0	0
0	0
0	0
0	0
0	0
0	0
0	0
0	0
0	0
0	0
0	0
0	0
0	0
0	0
0	0
0	0
0	0
0	0
0	0
0	0
0	0
1405	0
0	0
0	1
1	1
0	0
0	0
0	0
0	0
0	502
7	459
3	145
0	432
0	402
1	373
0	219
0	104
95	468
0	205
2	376
6	57
4	50
0	15
5	148
0	67
20	56
17	56
15	3639
2	3522
0	686
3	1174
0	453
0	899
0	543
4	328
0	206
2	243
1	100
3	162
12	14
0	0
0	0
0	0
0	0
13	2
3	1959
4	2185
20	659
4	1994
1	1762
0	2176
0	2118
29	1
6	162
0	2023
33	722
0	36
0	0
4	51
0	62
1	262
16	25
2	418
1	250
1	20
0	201
7	55
0	80
0	30
4	11
1	13
2	1783
8	1748
11	1804
0	1791
1	302
1	302
14	196
5	189
1	141
4	123
3	8
1	23
1	16
0	0
153	110
17	25
3	97
29	0
8	0
0	0
0	0
0	0
0	0
0	0
0	0
0	1
1	0
1	5513
2	5115
0	5765
0	5198
0	5027
89	4805
59	4119
50	4248
5	1061
19	858
3	433
34	271
2	123
0	35
1	22
0	0
17	21
0	32
0	22
4	6
0	0
0	3
1	1
0	27
0	0
0	6
0	1
0	9
0	3
0	5
0	2
0	13
5194	57
9	49
8	1
0	4196
89	4255
7	1148
4	1074
0	124
57	318
21	1284
1	1
15	640
3	95
4	221
2	0
34	67
3	36
0	172
12	76
27	59
75	4
4	0
4	249
0	125
21	216
0	236
0	24
0	11
0	27
0	12
0	0
1814	1319
74	1142
0	1
2	380
0	89
6	904
0	512
1	124
0	93
1	52
17	697
15	59
25	221
8	160
8	382
0	396
0	142
0	251
0	34
38	39
8	268
0	268
0	0
0	0
0	0
2	0
4	3
0	3
0	0
0	0
0	0
0	0
0	0
0	0
0	0
0	0
0	0
0	0
0	0
0	0
0	0
0	0
0	0
0	0
0	0
0	0
0	0
0	0
0	0
0	0
0	0
1	0
0	0
0	0
0	0
0	0
0	0
0	0
0	0
0	0
0	1
0	1
0	2
0	0
0	0
0	0
0	0
0	0
0	0
0	0
0	0
0	0
0	1
0	0
0	0
0	0
0	0
0	0
0	0
0	0
0	0
0	0
0	0
0	244
0	84
0	0
0	0
0	0
0	0
0	0
0	0
0	532
0	0
0	0
0	0
0	1
0	0
0	0
0	0
0	0
0	1
0	1
0	0
0	0
0	0
0	0
0	3
0	0
0	0
0	0
0	0
0	1
0	1
0	0
0	0
0	0
0	0
0	0
0	0
0	0
0	0
0	0
0	0
0	1
0	0
1	0
0	0
0	0
0	0
0	0
0	0
0	0
0	0
0	0
0	0
0	84
0	0
0	0
0	0
0	0
0	0
0	0
0	532
0	0
0	0
0	0
0	1
0	0
0	0
0	0
0	0
0	1
0	1
0	0
0	0
0	0
0	0
0	3
0	0
0	0
0	1
0	1
0	0
0	0
0	0
0	0
0	0
0	0
0	0
0	0
0	0
0	0
0	2
0	0
0	0
0	0
0	0
0	0
0	0
0	0
0	0
0	0
0	1
2	0
0	0
0	0
0	0
0	0
0	0
0	0
0	0
0	0
1	0
0	0
0	0
0	0
1	0
1	0
0	0
0	0
3	0
0	0
1	0
0	0
1	0
0	0
0	0
0	0
1	0
0	0
0	0
0	0
1	0
0	1
0	1
0	0
0	0
0	0
0	0
0	0
0	0
0	0
0	0
0	0
0	0
0	0
0	0
0	0
0	0
0	0
0	0
1	0
0	1
0	1
1	0
0	0
0	0
0	0
0	0
0	0
0	0
0	0
5	0
0	0
0	0
0	0
0	0
0	0
0	0
0	0
0	0
15	0
1	0
0	0
0	0
0	0
0	0
0	0
0	0
0	0
0	0
0	0
0	0
0	0
0	0
0	0
0	0
0	0
0	0
0	0
0	0
0	0
0	0
0	0
0	0
0	0
0	0
0	0
0	0
0	0
0	0
0	0
0	0
0	0
0	0
0	0
0	0
0	0
0	0
0	0
0	0
0	0
0	0
0	0
0	0
0	0
0	0
0	0
0	0
0	0
0	0
0	0
0	0
0	0
0	0
0	0
0	0
0	0
0	0
0	0
0	0
0	0
0	0
0	0
0	0
0	0
0	0
0	17
46	17
1397	1563
135	1563
43	2671
0	765
0	2925
1	2925
17	447
2	382
1	635
0	482
5	221
0	0
0	0
13163	1784
149	1408
0	0
0	0
2	0
28	32
106	224
822	715
0	286
8	369
14	1280
1	1280
15	1281
29	1280
0	324
0	203
3	361
3	347
1	275
0	261
0	61
0	0
193	929
0	10
29	9
1	54
12	885
10	635
2	171
2359	3752
8	240
21	3342
32	232
97	63
2	13
2	1504
1	0
0	0
16	0
6528	1430
8	220
0	1231
41	1024
143	97
0	29
3	80
0	40
954	809
1	269
2	590
3	327
23	222
2	117
0	33
335	230
0	6
2	4
0	189
1	53
1	40
3	31
331	571
3	571
0	0
245	37
1	36
3	1
1492	1445
11	1397
0	13
0	0
1	0
215	23
0	23
0	0
0	2762
0	2471
0	2642
0	5033
0	2783
0	4827
7	2774
0	1879
4	4181
8	503
0	0
16	312
0	508
52	729
27	202
102	694
0	376
1	317
0	70
0	0
0	72
0	36
39	317
0	87
17	461
0	766
154	268
8	187
220	607
0	14
2	263
0	474
2	0
0	0
2	0
540	305
25	305
0	0
0	0
0	0
0	0
0	0
0	0
0	0
0	18
0	0
11	460
24	460
1	49
0	27
8	4
1	47
0	53
0	58
51	2148
13	9
0	1291
1	68
34	2081
44	148
8	488
49	1907
36	1564
60	1542
0	1090
0	983
16	837
0	1018
39	24
23	133
0	165
0	165
0	159
5	154
0	134
0	138
1	162
0	103
0	167
0	91
2	24
22	140
8	130
0	40
2	0
1	4
0	4
0	3
0	0
0	0
0	0
0	0
0	0
0	0
0	0
0	0
0	0
0	0
0	0
0	6
0	6
0	1
0	0
0	0
0	0
0	0
0	1
0	2
0	2
0	2
0	0
751	266
8	119
1	2
1	148
0	1
0	1
0	0
0	0
0	5
0	127
0	550
335	113
7	70
82	45
38	0
404	550
34	756
0	151
4	768
0	792
1	859
0	830
11	533
0	101
16	78
6	46
2	26
14	90
0	83
1	2
10	38
0	0
0	0
0	0
2	0
0	0
0	0
0	0
0	0
0	0
9	425
78	837
0	196
0	407
1	363
0	197
0	252
6	97
2	421
0	46
0	46
0	51
0	48
0	51
0	1
0	7
0	4
2	34
0	32
0	0
1	3
0	3
0	3
0	3
0	2
0	5
0	3
0	3
0	0
0	0
0	0
1	0
0	0
0	0
0	0
1	0
0	0
0	1550
37	1550
1	1284
0	127
1	1300
13	1264
15	58
1	848
0	130
0	1033
14	97
0	99
0	102
7	2
0	2
60	2832
5	73
0	34
17	258
8	2823
214	956
1	30
1	2599
12	80
0	554
0	2838
2	2929
0	2947
14	2830
0	2217
0	2418
1	52
0	505
0	0
0	0
1	2365
17	3447
3	1028
32	674
5	1860
0	148
2	469
0	1265
0	1613
2	1625
5	1547
0	287
2	764
0	18
6	46
33	68
12	26
30	3450
0	2858
3	1360
13	1367
0	1427
0	1516
24	993
7	956
1	751
3	106
40	1215
4	744
0	967
2	33
86	930
0	87
0	143
94	1496
15	1495
25	126
0	1479
102	895
1	180
0	193
164	45
1	30
4	7
0	12
15	1467
0	1303
7	163
0	161
0	161
0	162
0	1396
2	99
0	233
9	219
5	1589
0	90
0	112
1	129
4	2766
29	2779
0	2821
0	2764
2	2461
0	3028
1	1949
4	146
45	1745
5	554
0	905
12	647
12	424
167	0
0	21
11	20
0	17
0	15
0	19
0	14
0	14
0	0
164	1496
42	1578
5	115
227	2190
0	1297
2	1132
6	983
9	809
2	60
234	209
1	29
1	38
3	154
6	25
71	517
9	36
53	381
0	733
4	784
11	322
2	184
5	196
3	131
0	0
0	0
0	108
0	105
3	104
0	24
0	23
0	12
6	824
2	817
0	792
0	789
0	758
11	643
7	716
3	35
6	103
7	44
0	517
25	1536
254	1536
1	267
768	206
1	206
340	125
8	125
2	8
9	8
15	0
7	184
1	184
4	144
0	11
0	10
2	1
58	916
1	167
2	922
2	895
0	133
2	59
0	80
0	259
0	16
0	7
27	454
13	549
0	387
2	39
0	23
17	29
0	119
0	219
0	244
0	144
0	35
39	865
0	865
83	41
0	41
31	3900
147	3222
2136	3754
2	85
96	226
0	174
0	158
0	112
0	111
0	38
0	156
7	103
0	102
0	69
0	47
0	32
0	52
10	13
0	50
2	5
0	0
1	218
0	218
12	2
0	2
1	8
0	0
1	8
0	0
9	55
1316	0
3	1
689	0
72	0
2	7
2	7
0	0
0	0
0	0
0	0
0	0
0	0
0	0
0	0
0	0
0	0
0	0
0	0
0	0
26	0
0	0
0	0
43	0
0	0
6458	409
0	409
0	0
3	13
0	4
0	2
0	0
0	9
0	2
0	0
0	453
4	469
1	28
9	100
0	0
3	16
1940	152
0	0
0	0
0	0
1	150
7	3
7	3
0	0
570	183
8	19
4	58
2	106
3	77
122	63
13	63
320	617
130	615
37	33
0	165
0	0
2	1809
6	1827
1	1827
4	1235
128	473
89	0
0	0
0	0
0	0
0	0
8	132
35	809
1414	2996
0	1941
0	123
2	171
12	424
21	115
0	0
3	0
0	0
340	0
0	0
0	0
0	0
0	0
0	0
0	0
0	0
1149	807
2	666
3	496
0	0
84	252
1	38
0	0
47	578
5	41
36	523
0	1
0	74
6	54
1	0
68	0
2	489
0	489
0	142
1	0
808	902
0	829
6	578
1	50
0	96
0	90
0	59
1	754
0	54
5	16
398	885
2	839
9	743
2	118
0	0
0	12
0	135
0	88
1	88
0	31
0	14
1089	1646
1	374
7	256
0	0
1	904
0	893
0	898
160	176
0	28
3	153
1	29
0	12
300	549
12	549
0	0
2363	1443
0	1441
2	248
0	45
107	162
9	1361
471	1990
0	263
0	403
2	30
0	4
0	4
0	0
66	47
31	47
1	47
0	2
0	0
0	0
1	0
2	0
0	0
0	0
0	0
2	1145
0	0
0	0
0	0
0	0
0	0
0	0
0	0
0	0
0	0
0	0
0	0
0	0
0	397
14	2558
1	1142
2	2506
3	3
38	322
3	10
0	365
2	243
0	303
24	7
1	1
7	2
35	4
21	163
70	127
7	110
0	120
105	9
6	369
0	359
5	60
1	0
25	95
2	29
0	32
54	243
942	601
0	601
4	111
27	12
26	496
1	483
0	427
169	488
34	472
39	304
0	19
0	41
0	0
2122	0
11	0
1272	197
0	0
1	0
14	194
2	16
14	102
24	3
2	0
0	0
0	0
0	0
0	0
2	1869
0	0
2	1873
240	0
1778	1873
187	1869
0	344
1248	171
0	4
0	15
174	705
285	4860
2	87
1	2198
19	3507
6	108
0	29
252	143
0	138
0	0
2	0
0	0
0	137
2	3380
1	3392
0	162
65	1
0	184
46	337
25	2526
8	1227
99	0
0	0
0	901
1	692
0	903
9	141
5	704
54	1132
0	1234
0	195
6	247
0	145
0	1
0	1
0	105
3	93
0	104
612	224
20	100
3	196
0	0
3	2
0	2
0	0
0	0
0	0
0	0
0	0
2	43
2	43
1	67
209	252
6	226
0	0
16	25
2011	131
2	131
0	0
1	2
0	0
0	0
258	431
5	431
0	0
9	0
0	121
4	121
24	165
1	164
5	104
31	51
0	45
0	4
1	4
85	13
18	87
1	35
75	2
728	22
1	94
0	0
0	0
0	0
0	0
22	767
0	781
0	110
1	39
0	0
0	16
0	0
8	0
0	0
323	0
447	2
4	0
0	0
0	0
0	0
0	0
1	5
0	5
1	54
212	208
0	169
57	26
0	0
0	0
0	0
0	0
0	0
0	0
0	0
0	0
0	0
15	158
13	24
802	180
0	8
0	0
0	0
0	0
42	1752
925	1758
1	127
46	52
167	535
8	170
173	371
1	0
0	0
1545	93
58	93
0	2
0	0
0	0
0	0
0	0
0	0
0	0
0	0
0	0
0	0
0	0
0	0
0	0
0	0
0	0
0	0
0	0
0	0
0	0
10396	3829
39	0
5	3829
0	4339
123	4653
0	4635
7	935
0	269
7	4
0	2
0	4
0	4
8	1
0	0
0	0
0	0
0	0
0	0
0	0
0	0
0	0
40	1
2	1
0	0
98	0
0	0
0	0
0	1
0	1
0	0
0	0
0	0
0	0
0	0
109	67
1100	67
0	0
2	13
169	35
1	3
0	28
0	0
0	6
100	115
2	28
7	115
49	0
0	0
0	0
0	0
0	0
0	0
0	0
0	0
0	0
0	0
0	0
0	0
0	0
0	0
0	0
0	0
0	0
13	565
0	452
2	300
19	139
0	0
0	0
0	0
4	0
0	0
0	0
0	0
0	0
0	624
24	6855
375	157
26	151
3459	6779
1	0
96	747
335	551
22	0
9	853
9	863
0	489
2	494
10	543
0	483
10	551
93	0
0	0
117	322
0	0
0	456
1	456
59	153
30	254
25	3862
2	3862
11	271
0	0
0	0
0	0
0	0
322	7
0	0
0	0
0	7
0	8
0	6
0	3
0	7
1	0
0	0
0	20
1	1
284	49
1	14
0	27
0	0
0	0
0	1907
99	1892
5	1796
7	23
0	23
178	97
0	107
3	78
726	216
0	70
0	157
377	215
6	4
8	17
23	177
1	26
903	679
93	677
5	43
485	0
0	0
5841	4671
7	1989
22	149
5	4327
0	3650
1	3412
0	2971
2	1678
5	2519
589	2
0	0
0	99
0	0
0	304
0	305
33	305
0	1
0	1
0	1815
0	1764
0	652
0	1753
43	587
0	1449
23	146
5	718
0	1
0	1
0	1
1122	353
19	111
9	343
0	0
0	0
0	8
0	0
0	0
0	6
0	6
0	8
0	0
0	4
0	0
1	27
0	31
3	7
0	7
0	12
0	20
0	0
0	0
0	0
4256	30
0	4
1	4
6	17
0	17
0	0
0	0
0	0
1	2
0	0
1	3249
28	3473
0	960
0	385
0	280
0	274
10	78
180	1345
0	590
0	1216
66	353
0	173
0	0
7	0
0	0
0	11
2	11
0	3
0	8
0	0
1	0
0	0
0	0
0	0
29	0
0	0
0	0
59	0
0	862
0	889
7	98
0	448
3	16
54	280
8	222
51	155
20	676
0	33
0	35
0	224
0	714
2	9
0	11
0	8
3300	2689
8	622
167	1585
0	0
0	0
1	20
253	0
0	0
36	20
0	0
0	0
0	0
0	0
0	0
0	0
9270	2
1	14
0	14
0	14
0	2
1	3
0	0
0	0
0	0
0	0
332	0
0	165
0	0
0	0
0	0
0	0
12	716
225	820
0	412
0	0
0	25
0	34
0	7
0	0
0	0
0	0
0	0
0	0
0	0
0	1687
0	122
0	146
0	0
0	955
0	0
0	425
0	36
0	23
0	27
0	35
0	2020
0	0
0	0
0	36
0	25
0	34
0	7
0	0
0	0
0	0
0	1687
0	122
0	146
0	0
0	0
0	425
0	1
0	1
0	0
1692	2710
0	2614
0	0
0	0
0	1
0	0
21	412
14	412
2	2
3	62
1	52
23	1052
177	1539
23	1596
27	16
7	0
111	190
27	127
0	63
464	365
0	325
53	365
14	293
0	0
0	0
0	10
0	44
0	0
0	44
745	160
0	8
2	70
1	23
3	98
53	934
1991	934
4	86
1	87
3	48
0	14
0	13
11	794
0	834
0	361
10	237
0	222
0	230
0	258
23	157
0	156
1	9
18	380
0	381
0	284
0	234
18	6
8	6
0	147
0	157
23	130
0	0
0	0
0	0
1168	746
0	710
0	749
10	144
0	21
84	135
0	232
0	185
0	44
0	122
0	100
1	66
5	22
0	49
21	0
0	0
0	0
0	0
0	0
12	598
4	590
1	80
10	101
9	33
2	13
0	0
5	1
0	1
24	1316
78	1259
11	1170
0	93
2	734
11	0
0	39
0	0
0	0
0	8
3	9
0	1
97	771
461	875
3	317
8	1
3	240
0	91
6	15
1	8
5	2308
1	2667
4	2502
10	237
1	206
7	210
799	5
5	132
0	131
0	128
0	124
3	122
0	126
1	122
0	25
4	0
0	2
0	1
0	1
1	2
0	2
453	2667
0	2749
0	2718
14	2073
9	1568
0	0
130	110
1	0
0	0
0	8
89	16
1	2
0	6
0	6
0	6
0	0
82	97
1	48
0	61
0	0
0	0
0	0
0	0
0	0
0	0
0	0
0	0
0	0
0	0
0	0
0	0
0	0
0	0
1770	4960
33	4699
10	190
12	1855
0	228
0	0
23	207
215	105
0	0
0	0
1	0
0	0
0	0
0	1
11	0
1	5
0	29
7	30
2	0
0	34
0	74
0	131
1	135
1	857
0	176
5	54
0	121
1	653
2	164
45	103
0	7
0	819
0	136
0	823
0	59
1	42
6	183
0	814
10	54
0	750
0	849
0	494
0	351
6	0
0	59
25	129
0	0
1965	293
40	199
0	0
1118	0
7	0
12	52
0	42
0	0
7298	14644
11	14170
2	6323
0	2146
63	470
0	0
63	547
40	18
31	543
161	51
0	45
0	4
19	2
589	2635
1	2477
11	215
9	70
2	158
0	0
1	0
0	1
0	1
0	0
0	829
2	1
0	0
0	0
1	509
0	0
0	0
0	0
0	0
0	0
0	0
15	0
0	0
141	5142
27	1433
17	330
0	1351
17	4858
0	3377
0	3416
1	3417
7	2852
11	1423
0	442
275	1206
0	1100
1	1241
71	245
0	0
0	0
0	0
14	125
2	0
0	0
32	29
8	29
0	0
0	80
27	4
0	239
0	204
1	1719
1	0
30	2487
0	199
9	0
0	10
2	2405
0	0
13	23
1	0
0	0
0	0
0	0
22	1568
0	75
46	1563
0	130
0	0
0	0
0	0
0	0
0	0
0	0
0	0
0	0
0	0
0	0
50	2595
535	2595
12	125
0	0
491	144
3	134
0	41
1	36
1	15
2	16
0	0
45	0
58	34148
7	26382
24	9566
2	1428
19	14241
0	25927
10	6310
0	7079
0	0
690	0
3	0
0	0
2139	4
485	2
2	2706
0	0
21	7756
109	7756
0	34
147	53
0	56
0	88
0	48
0	37
0	37
0	2223
16	2715
1	3375
0	7215
866	8436
44	1213
10	2740
0	1
10	1
2	13
0	12
3	13
3	1
0	1
0	0
1	3
0	1
2	0
0	3
0	1
0	2
0	2
2	0
0	0
4	0
0	0
0	0
0	0
180	244
75	244
1	113
27	228
6	140
0	150
7	93
2	38
7	2
1	3602
0	4
0	0
0	0
2	16
0	27
0	33
0	0
1	0
0	0
0	0
0	0
0	3
0	0
0	0
0	0
453	290
0	108
9	195
721	508
0	514
8	514
0	0
0	0
0	0
0	0
0	0
0	0
0	0
0	0
0	0
30	0
0	0
0	1
3848	644
105	440
0	219
9	204
2059	1216
0	1216
12	836
0	947
1	940
70	51
1	564
0	0
0	0
1	0
0	0
0	0
1156	4396
156	408
113	1389
104	3362
0	0
0	5
0	0
4	17
3	987
2	0
1	0
0	0
0	0
0	0
1	0
591	0
159	547
52	159
0	212
2	310
2	92
0	33
34	196
4	196
838	100
0	154
0	154
228	1218
73	854
0	819
46	149
119	4819
9	4890
11	4496
214	320
0	0
1000	1300
6	947
0	317
0	350
9	353
0	0
0	0
0	0
0	0
0	0
0	0
0	0
0	0
0	0
0	0
0	0
0	0
0	0
0	0
0	0
0	0
2	0
0	0
0	0
0	0
0	0
0	0
0	0
0	0
0	1
2	2
0	1
0	0
0	0
0	0
0	0
0	0
0	0
0	0
0	0
0	0
0	0
0	0
0	0
0	0
0	0
0	0
0	0
0	0
0	0
0	0
0	0
0	0
0	0
0	0
0	0
0	0
0	0
1	0
328	10
8	8
0	0
0	0
0	0
0	0
0	0
1	1
0	0
0	0
0	0
0	0
0	0
0	0
0	0
0	0
0	0
0	0
0	0
0	0
0	0
0	0
0	0
0	0
0	0
0	773
0	750
0	77
0	36
2	36
23	0
0	577
0	495
0	0
1	359
1	46
0	0
0	0
1	0
0	0
331	1159
1	1320
0	1179
28	0
0	0
0	190
0	331
53	0
18	108
0	0
0	0
0	0
0	0
0	0
29	5497
0	0
0	0
0	0
0	0
0	0
0	0
0	0
0	0
28	71
0	71
0	0
0	0
0	0
0	0
0	0
15	793
0	558
0	0
0	0
0	0
0	0
0	0
0	0
0	0
0	0
0	0
0	0
0	0
0	0
3	475
0	0
0	0
0	0
0	160
1	160
0	135
0	136
0	121
0	0
0	0
9	4
0	0
0	0
0	0
11	0
1	15
0	106
0	0
0	0
0	0
0	0
0	0
0	0
0	0
0	0
0	0
0	37
0	0
0	0
0	4
0	0
0	0
0	0
0	0
0	0
2	0
0	0
0	0
0	0
0	0
0	0
0	0
0	0
0	0
0	0
0	0
0	0
0	0
0	4
6	1019
0	1041
43	418
0	0
0	0
0	0
0	0
0	0
0	0
0	0
0	0
0	0
19	343
1387	725
1	721
9	551
4	205
36	64
34	561
10	24
46	541
11	90
181	877
1	756
13	61
2	727
65	377
0	40
11	134
0	487
47	356
28	306
54	149
9	0
55	192
0	172
2	123
0	0
9045	2189
825	2133
0	0
0	0
0	0
1	0
4	0
3	0
0	0
4	0
0	0
0	0
0	0
614	260
0	257
1	94
0	0
6	60
0	1
2	1
0	0
38	3
2	0
0	0
2	0
0	0
0	0
0	0
0	0
0	0
0	0
0	0
0	0
0	0
0	0
0	1
0	840
0	524
0	631
0	571
2	320
0	276
1	283
0	80
4	291
4	12
4	0
288	564
105	559
7	393
4	9
4	227
202	501
0	2
77	303
11	423
0	0
0	0
16	3
0	3
57	15410
0	623
58	14730
5	2311
428	2365
0	2641
369	14801
173	7549
10	853
39	13510
0	13248
15	1091
70	790
529	2860
128	1141
0	822
0	309
0	0
0	0
0	0
6	0
6	0
2548	79
0	75
0	0
0	0
0	14
0	0
25	0
1318	0
2	0
105	3992
17	3958
7	2946
47	782
3	333
5	525
79	117
29	1864
35	6606
3	6477
0	6649
2	1
46	454
0	745
0	0
92	243
3	129
1	0
0	0
0	0
0	0
2	0
7	157
17	157
44	363
0	0
19	271
0	69
0	330
0	0
10	520
0	531
3	335
0	0
0	0
0	0
0	0
0	0
1	0
10	3
3	3
420	119
0	3
25	124
0	124
0	17
0	0
0	0
0	0
0	0
0	0
0	0
0	0
0	0
701	371
143	187
28	183
28	1471
37	1630
0	1665
116	1441
0	0
0	0
0	0
528	3351
0	2816
42	871
0	0
569	1322
0	0
0	1826
0	2174
8	0
0	0
0	0
0	0
0	0
6	3
0	3
0	35
0	16
0	12
0	19
16	34
0	0
0	0
0	0
0	0
0	0
0	0
0	0
0	0
0	5067
0	5067
0	0
0	0
1059	2
0	0
0	0
0	0
0	0
0	0
1	0
0	0
2	0
0	0
0	0
0	0
0	0
0	1
0	0
0	0
0	0
0	0
0	0
1	0
0	0
0	0
0	0
0	0
16	0
0	0
0	0
0	0
0	0
0	0
0	0
0	0
0	0
0	0
0	0
364	0
0	0
0	0
0	0
0	0
0	0
0	0
0	0
18	4
1	4
0	0
0	0
0	0
0	0
0	0
0	0
0	0
0	0
0	0
0	0
73	2208
0	0
0	0
0	0
0	0
0	0
0	0
0	0
0	0
0	0
0	0
0	0
0	0
0	0
0	0
443	0
0	0
0	0
0	0
0	0
0	0
0	0
0	0
0	0
0	0
0	0
0	0
0	0
0	0
0	0
28	132
52	202
0	206
0	158
0	0
3	9
3	0
1	9
0	2
0	0
15	424
1	399
0	505
4	15
827	0
3	0
0	0
1402	0
55	0
3	0
0	0
0	0
0	0
0	0
0	0
0	0
0	0
0	0
1	3112
1	2966
1	2488
0	1821
3	47
2	98
0	0
0	0
0	0
0	0
0	0
0	11
0	5
0	0
5	11
10	285
2	0
5	311
6	264
4	205
1	29
1	32
8	72
0	1
3	0
11	26
6499	0
10	0
0	90
19	199
10	40
0	44
0	16
0	16
0	26
0	11
0	17
0	17
2	65
3	3
0	8
9	42
5	0
6	0
7	162
1	0
0	0
0	0
0	0
0	0
0	0
0	0
0	0
0	0
7	8861
0	5054
749	3183
37	8682
285	1815
0	5977
0	4491
4	4
1	881
0	0
92	5334
1834	4
0	0
0	0
0	0
0	0
1	0
0	4
0	2
246	5639
34	934
2	5461
0	382
2178	749
0	365
913	0
38	186
1486	1110
1	623
0	496
1	128
169	24
0	0
0	0
897	719
28	719
0	0
0	0
0	0
6	3143
1	1424
0	3292
0	3117
0	934
0	2708
53	2675
39	165
1	188
2	54
5	52
0	6
0	0
2	2
1	2
0	0
877	403
4	216
17	0
1	120
0	235
122	0
0	0
2	0
0	0
1	0
33	104
4	104
8361	10037
0	1838
0	8430
5	321
33	181
36	357
0	0
0	357
0	0
0	0
0	0
0	0
0	0
0	0
0	0
0	0
0	0
0	0
0	0
0	0
0	0
0	75
0	40
350	554
0	51
0	267
0	107
0	0
18	0
0	2
4	256
0	62
3	62
0	91
0	231
5	156
1	112
874	814
5	475
0	540
15	449
274	4
0	13
8	13
4	1
1	1674
12	1332
6	1244
1	1240
1	458
13	35
91	49
14	858
11	159
2	198
2	0
0	126
0	18
0	7
0	0
0	0
0	0
0	0
0	0
0	0
0	0
23	25
0	18
0	23
0	0
0	0
0	7
1	6
0	4
1	5
0	5
0	5
0	0
0	0
6	23
5	23
0	0
0	0
0	0
0	1
0	0
0	0
8	0
0	0
0	0
0	0
0	0
0	0
5	5
0	1598
5	9387
2	791
69	9639
3	481
6	430
0	1557
4	0
0	0
0	0
397	998
0	948
0	381
3	335
23	197
1	94
42	120
0	81
42	10
17	12
0	0
0	0
0	0
1	1
400	77
0	77
3	39
1750	200
2	198
0	0
2	0
9	12
0	20
2	20
0	10
0	5
4528	5511
0	1
0	4840
0	1739
0	0
0	863
0	553
0	0
0	8
15	8
8	28
0	11
0	30
0	28
0	1
0	0
0	0
0	147
0	0
0	0
0	0
0	0
1	0
0	0
0	92
404	150
8	58
1883	7040
40	6956
1	7030
0	5084
0	2291
20	2269
0	0
23	24
11	3281
0	3281
4	0
6	1043
13	1087
5	920
1	269
0	156
0	77
48	0
30	1528
52	1528
2	0
0	1
0	0
1	0
2	4
2	4
9	0
0	0
0	0
0	0
0	6
0	0
0	0
0	89
1	611
0	1
1	178
0	0
0	0
0	0
22	737
0	723
0	518
0	496
7	224
0	32
3	87
0	248
9	8
0	2
0	2
0	0
0	0
0	1
0	0
2	17
3	14
113	137
8	85
0	7
1	0
0	0
0	5
5	39
16	3
15	576
4	710
5	2
18	350
148	212
426	279
59	1102
2923	1174
257	502
0	502
9	90
14	169
6	88
68	2
0	0
0	54
23	769
0	13
0	523
11	668
0	671
0	508
761	758
15	196
0	196
0	177
0	4
1	114
0	6
0	15
0	0
0	0
0	0
0	0
1	216
0	0
81	0
10	45
297	81
3	973
0	2
209	36
236	1866
1	1572
1	70
4	136
12	10
12	461
47	11
1150	209
6	41
1	83
19	51
0	0
0	0
29	9
8191	6
0	0
1	0
0	1
0	0
0	0
2	1
0	0
0	0
9	12
2	7
0	1
1	0
0	5
0	5
0	5
0	5
0	0
0	0
0	0
0	0
0	0
2	0
151	934
2	116
3	847
0	323
0	92
0	78
0	133
1	17
0	22
4	0
0	341
72	327
0	157
18	50
1305	1344
2	1344
0	0
0	176
8	124
0	0
0	0
0	0
0	0
0	0
0	0
0	0
0	0
0	0
26	20
0	20
0	0
0	158
12	158
17	23
1	8
0	3
2	3
1	2
0	1
0	1
0	1
0	0
1	16
0	9
0	9
61	16
1	0
0	0
0	0
0	5
0	5
0	7
0	1
0	1
0	1
0	0
0	0
0	0
0	0
211	633
0	552
8	236
0	61
56	233
897	181
0	141
0	69
1	54
2	309
48	223
16	153
0	73
1	120
3	194
0	0
0	0
0	0
0	0
2	0
0	1450
9	1391
0	1461
2	77
35	109
0	0
0	0
10	33
35	0
0	0
0	0
0	0
6	0
9	17
10	17
0	10
0	10
0	0
0	0
142	630
30	630
221	88
2	88
0	0
2	0
6	54
408	67
10	57
0	0
12	2366
564	2414
8	510
5	63
51	151
0	383
25	54
0	0
0	0
0	0
0	0
31	72
0	63
0	34
2	26
1	2
0	0
0	0
0	0
0	0
0	0
0	0
0	0
0	0
0	0
588	1753
0	1413
8	1016
2	678
0	0
0	0
2051	1845
0	370
0	599
2	171
31	39
0	0
0	309
3	587
10	655
59	3
0	0
1	547
6	0
0	0
0	0
53	1553
0	1079
17	1457
4	1498
3	200
0	0
13	0
6	1167
611	6182
19	1148
1	5371
424	5716
876	84
19	16
2	70
16	63
8	6
18	44
0	42
3	0
0	0
1	4896
0	15
0	0
0	0
0	0
0	0
0	0
100	1142
3	945
0	1035
17	39
116	107
0	1797
20	1808
0	90
0	90
0	64
56	825
0	0
2	139
2	0
0	0
200	35
0	35
0	0
0	0
0	0
0	0
0	0
0	0
0	0
0	0
0	0
0	0
0	0
0	0
0	0
0	0
0	0
0	0
0	0
0	0
0	0
0	0
0	2
0	2
0	0
0	0
0	0
0	0
0	0
0	0
0	0
0	0
0	0
0	0
0	0
1	1
0	0
0	0
0	0
0	0
0	0
0	4
2	1
0	1
0	4
0	3
0	3
0	0
0	0
0	0
0	0
0	0
0	0
0	14
0	0
0	0
0	0
0	0
0	0
0	0
0	0
0	0
0	0
0	0
0	0
0	0
1	0
2	0
0	0
0	0
0	0
0	3
0	3
0	0
0	0
0	0
0	0
0	0
0	4
0	117
0	0
0	2
0	10
2	11
0	0
0	9
0	9
0	6
0	0
0	1
0	0
0	0
3	0
0	0
0	0
0	0
0	0
0	0
0	0
0	0
0	0
0	0
0	0
0	0
0	0
0	0
0	0
0	0
0	0
0	0
0	0
0	0
0	0
0	0
0	0
782	6
1	6
0	1
0	1
0	0
0	0
0	0
0	0
0	0
0	0
1	0
34	6299
1	2370
12	473
185	0
0	434
4	0
5	328
2	446
3	3889
0	327
6	17
1	265
1	10
27	495
2	199
6	16
460	3567
2	47
3	363
18	3580
1	21
4	3568
0	1667
1	1622
0	0
125	703
258	1311
2	483
50	374
0	0
0	0
0	0
0	0
0	0
69	16
0	0
4	0
8	0
0	0
23	29
0	29
37	0
51	16
0	1178
0	0
0	0
0	0
480	570
45	0
33	0
0	88
0	570
0	0
359	304
2	284
0	0
3	584
0	650
2	550
0	109
0	56
7	96
0	1539
38	7025
1	1229
3	69
17	177
4	119
3	133
86	2605
8	4115
42	74
106	1
74	6
105	43
0	0
122	0
9	307
13	0
0	0
0	0
0	0
0	0
0	0
208	0
0	1
0	0
0	0
0	0
0	0
0	0
0	0
0	0
0	0
0	0
0	0
5	49
0	5
0	0
0	45
1	2
0	0
0	0
0	0
0	0
0	0
0	0
0	0
1	4
0	6
0	0
0	1
0	10
0	0
0	0
1029	250
0	20
0	195
0	248
0	77
1	0
0	0
12	26
0	26
1	25
0	9
0	1
1	4
0	2
0	0
4	0
0	135
0	0
5382	513
0	0
6	432
30	0
67	8
2	73
5	0
0	304
7	199
296	354
9	160
2928	5277
26	1512
25	876
24	2292
22	2212
176	258
6	292
5	372
107	0
1	345
0	0
0	0
1	0
0	0
693	2
0	0
0	867
2385	1865
8	1204
10	181
84	695
30	1450
4	1271
21	1433
6	752
0	0
0	0
46	0
1640	2
0	0
0	0
55	1847
17	10
0	1756
0	265
10	572
0	506
0	936
0	0
0	0
0	0
0	0
68	0
0	0
1	0
0	0
0	0
0	0
328	703
1717	3913
341	1269
2	946
67	2104
3	1683
1	602
6	702
1	136
7	1322
245	0
8	518
0	1531
0	0
250	2395
1	2235
1	429
0	0
0	408
0	0
0	39
23	242
0	1115
21	1124
1	879
3	1166
0	0
0	0
17	5894
285	1593
206	8562
56	7618
1	325
0	2
1	2298
14	0
7	1
1	0
163	418
13	311
0	169
0	62
5	418
20	418
2	0
0	20
0	73
0	46
0	0
0	0
1143	462
4	28
0	401
6	98
344	285
48	61
5	0
0	0
0	2
0	2
46	1180
0	1096
0	931
40	56
0	107
0	226
0	0
0	0
1	4
0	4
0	0
0	4
0	0
0	0
0	0
8	0
4309	4021
1	30
35	489
11	1155
0	3715
0	0
10	0
35	0
0	0
0	0
15	0
101	0
93	248
55	0
57	0
70	46
4	1212
1397	4421
9	4416
272	2397
0	2891
0	9
17	2
0	2
0	0
0	0
1	2
1	0
10	7
0	7
0	2
0	0
67	257
28	257
13	6
1	130
2	117
54	2
0	111
0	0
0	0
0	79
1	10
7	36
518	1710
0	2
4	1676
10	505
0	0
0	281
0	0
0	0
0	0
2	0
0	0
0	0
0	0
70	1043
55	1043
0	43
4	5
2	2
0	0
0	0
0	0
0	0
0	0
0	0
6863	14613
8	2528
47	1871
23	4396
66	1687
0	5530
55	2146
73	2704
240	2592
7	1457
1	0
2	0
1	0
18	0
1	0
2663	17160
11	16287
9	16641
37	5154
0	3255
29	1353
1	159
0	512
18	10
0	0
13	0
113	0
0	0
7	0
3687	1053
1	666
1	632
0	604
8	311
0	0
8	0
1	0
0	0
12	152
0	153
0	3
17	833
20	2353
12	198
2	0
71	23
26	1488
0	0
1	158
0	2256
0	2256
8	2271
11	2305
3	0
1	493
0	362
0	0
0	326
0	276
0	111
25	26
0	0
0	21
0	10
1	11
0	14
0	0
8	0
0	2
77	0
0	0
6	0
0	0
5	0
0	0
0	0
0	0
0	16
3	0
394	132
0	91
0	25
0	18
3	52
7	2337
20	35
13	21
32	1
0	20
21	0
156	1720
15	2703
272	12176
146	1402
104	11772
8	172
21	38
3	340
14	381
71	694
14	132
6	462
30	227
16	274
0	0
7	0
1	0
0	0
0	0
0	0
0	0
4	5
0	0
6	1068
0	2631
0	2527
0	274
6	242
4	9
0	0
3	0
99	0
135	6484
4	6266
72	5739
0	0
0	704
95	472
0	553
1	978
1	243
0	382
1	0
0	0
1	0
0	0
0	9
0	0
289	1305
0	202
109	1147
1	5
6	297
0	410
15	87
0	0
0	4
0	3
2	0
0	4
0	0
5	0
1	746
5	66
0	68
3	733
2	14
1	0
0	0
0	3
2	4
0	2
0	1
0	3
688	563
0	470
0	191
7	68
859	458
169	0
318	458
0	191
0	0
0	0
4	1
9	189
0	191
1	188
0	0
2	55
0	29
14	184
0	35
7	3
0	2
0	5
22	48
0	0
0	15
0	10
0	13
0	0
0	9
0	0
0	0
0	0
0	0
0	0
15	551
2	550
0	91
0	1
5	0
0	0
0	0
0	0
0	0
0	0
0	0
0	0
0	0
0	0
0	0
0	0
0	2
15	16
0	88
9	9
18	78
7	0
47	0
6	0
0	0
0	0
0	2326
1	2274
0	2322
0	2322
17	571
0	101
3	62
0	0
61	2318
86	917
0	2266
0	2318
18	364
2	86
1	264
3	23
10	252
6	0
0	111
0	0
3	42
0	0
0	0
0	0
0	0
0	0
0	0
0	0
0	0
0	0
107	9
4	9
0	0
4	0
3	16
0	16
1	4
2	0
0	0
930	4264
27	4261
209	938
8	1180
0	0
0	0
1035	55
69	55
35	0
0	0
26	0
0	1
0	0
0	1
0	0
1	6
0	0
0	0
0	0
386	889
64	854
0	228
38	521
62	63
29	45
50	13
66	157
0	518
102	776
3	298
71	1215
33	938
0	586
144	681
0	0
48	20
7	440
2	0
0	259
0	252
3	259
2	12
0	1
23	586
0	93
11	597
2	589
0	175
1	186
1	184
0	187
0	178
0	186
0	178
0	164
0	5
0	0
3	1
0	0
0	0
0	5
0	0
0	0
0	0
0	0
8	5
0	5
0	0
0	0
2	2
0	0
0	0
0	0
0	0
0	0
0	0
0	0
0	0
0	0
0	0
0	0
0	0
0	0
0	0
0	0
0	25
0	31
0	31
0	14
0	3
0	0
1	0
0	0
0	0
0	15
1	12
0	0
1	0
0	0
0	0
0	0
0	0
0	0
0	0
0	0
317	704
0	573
2	702
1	389
2	366
7	527
118	86
0	81
0	0
0	0
0	0
0	0
0	0
2848	2541
0	1136
7	800
3	941
236	174
0	87
0	135
1	154
0	0
0	0
0	0
6557	551
3	551
0	0
0	0
38	0
1	615
0	0
0	0
0	0
2	4647
0	0
0	0
4	30
499	36
1	0
0	0
1896	1007
0	936
0	397
4	316
0	0
840	97
2	93
2	16
0	0
0	0
0	0
2	7
0	0
0	0
2203	0
0	0
0	0
151	0
0	0
0	0
8323	6
5334	8
0	0
86	562
6	510
1	474
0	492
2	13
15	233
0	116
0	67
1	2
6	0
0	0
0	0
0	0
0	0
0	0
879	1153
15	284
0	82
10	108
32	818
26	65
12	61
1	61
12	8
0	0
2	15
0	11
32	14
16	11
2603	2586
0	968
1	2410
6	246
0	0
6	1287
0	1287
34	1161
0	0
29	290
0	0
0	0
0	0
4	743
369	782
20	235
4	30
54	15
0	340
8	201
0	37
8	224
1	26
1	25
635	150
1	149
1	75
0	0
0	0
0	0
0	0
0	0
0	0
0	0
0	0
98	0
0	0
14	10
1	10
7	9
0	11
0	0
0	0
0	0
0	0
0	0
0	0
0	0
0	0
940	2
0	2
0	0
0	0
3361	791
0	789
15	395
0	375
0	6
8	349
2	277
16	289
17	49
0	1
0	1
0	0
117	383
7	150
6	197
1	135
3	23
1	37
0	0
1	1777
0	1811
43	1788
0	46
0	9
0	799
0	54
12	28
0	673
461	1625
4	1202
64	432
51	97
52	4
18	0
20	9
15	423
1	186
4	131
0	285
30	66
0	54
1	43
0	0
2	0
0	9
9	18
5357	8
7	0
33	0
219	0
0	0
5542	317
4	82
6	7
24	225
1960	356
0	0
0	223
637	133
16	0
1695	47
1	0
134	45
0	0
403	0
1426	196
2	395
0	158
55	100
17	161
0	197
11	109
3	32
36	86
2	39
2	0
70	6
112	0
3575	453
15	93
817	879
0	655
2	646
9	78
0	108
0	104
0	39
3	129
30	137
1	0
3	331
10	156
36	139
8	113
0	8
1	0
0	0
0	0
36	2708
4	3876
2	3481
12	123
7	1435
936	1435
84	167
4	396
91	395
0	0
1537	562
163	560
0	2
2	0
0	0
0	0
0	0
0	0
0	0
0	0
0	5
15	11
0	6
0	0
0	0
0	0
3	49
0	0
0	0
0	0
0	0
0	0
2365	2
7	80
6	56
0	2
39	40
0	0
0	0
0	0
0	0
0	0
0	0
4	0
0	0
0	0
0	0
0	0
0	0
0	0
0	0
0	0
0	0
0	1223
0	1223
1	1110
0	922
0	644
4	0
4	910
6	83
0	5
1	11
4	92
1	54
0	137
7	64
1	0
4	35
0	0
0	1
0	77
0	0
0	46
2	5
0	0
0	0
0	0
6	77
0	0
0	0
0	0
0	0
0	0
0	0
0	0
0	0
0	0
0	0
0	0
0	5
0	1
0	0
0	0
0	0
0	0
0	0
0	0
0	395
0	395
0	0
0	0
0	0
0	5148
79	5290
183	5178
0	0
0	0
29	3225
2	2926
0	2545
0	0
0	0
0	0
0	0
1000	16469
0	16328
0	1
37	13
1	12
8	1
121	1355
12	1354
11	1374
0	369
7	166
5	43
539	0
160	6
0	0
133	904
0	903
0	875
0	865
0	870
0	852
0	895
0	875
0	815
0	622
0	646
0	33
0	0
0	0
0	18
1	24
0	97
0	29
7	61
0	8
0	9
0	0
8	0
0	0
0	0
0	0
43	1330
18	1330
30	889
0	0
0	0
0	0
0	0
0	0
0	0
0	0
0	0
29	103
2252	2861
0	100
4	2691
0	437
23	547
14	248
136	435
0	50
0	2700
2	142
12	525
4	81
27	261
0	0
0	0
0	0
0	0
0	0
0	0
0	0
0	0
16	2
111	16
0	13
0	0
13	1
0	0
0	0
0	0
1	0
51	0
145	469
29	819
9	2033
0	2626
4	2624
153	2662
160	588
33	38
53	221
46	564
9	229
6	172
5	19
0	0
0	16
0	19
0	0
0	19
0	0
10	456
0	456
0	203
0	116
110	45
2	16
296	128
2	122
0	32
0	55
0	54
0	26
2090	1317
0	0
11	141
11	292
48	1070
0	273
0	203
0	111
0	398
0	129
0	327
1	333
0	326
0	123
2	0
0	0
0	437
27	533
13	210
1	357
2	6
0	0
0	0
0	0
64	279
0	265
5	294
0	162
26	28
0	241
281	0
261	24
0	24
0	0
530	15
2	15
0	0
0	0
0	0
0	0
0	0
0	0
0	0
0	0
0	0
4	767
1	580
0	503
7	32
9	758
0	179
0	0
0	0
0	0
0	0
0	0
0	0
1	0
0	0
0	0
0	0
0	0
23	7
0	1
0	6
0	3
0	0
0	1
5	57
0	53
48	53
0	0
0	5
0	13
0	0
0	0
0	0
0	0
0	0
8	0
0	0
0	1398
10	1823
0	0
0	8
60	1275
1338	0
4	1274
1	3
0	1059
5	716
130	388
2	118
33	386
5189	546
9	200
0	338
97	2795
0	2766
0	2897
1	125
118	2141
0	1952
5	1478
3	0
1	156
7	119
0	0
0	0
1	324
24	523
1	227
6	15
0	2
0	0
293	37
27	21
28	0
0	89
0	0
58	788
0	782
0	47
0	320
1	33
3	4
7	13
139	985
0	793
0	978
0	956
0	513
0	39
8	80
8	3
0	0
0	0
680	2
0	37
0	531
0	232
0	247
7	505
9	505
1	0
0	247
2	247
174	459
4	531
0	0
0	0
0	0
0	0
0	0
10	725
0	0
0	0
3	137
0	1426
0	0
0	47
0	46
0	45
0	6
0	3
0	2
0	18
0	0
0	16
0	2
0	14
0	14
2	2
0	0
0	0
0	0
0	0
0	0
0	0
2	173
4	173
341	0
0	2
0	2
8	0
0	0
118	0
0	4
0	4
0	0
0	0
0	0
834	26
1	25
11	4
897	0
0	0
0	0
21	0
0	7
0	7
1	4
0	4
0	1
0	2
0	0
0	2
0	2
0	0
0	0
0	0
548	4845
285	4845
0	0
59	0
0	0
0	12346
0	12357
1	12381
7	4591
0	1183
2	4152
0	3413
3	4068
1	1960
0	3497
0	11702
47	6484
22	9783
2	2186
140	0
5	4920
2	4
0	4
0	0
0	0
38	10349
1	10349
868	10253
38	8977
238	8030
14	146
2	0
0	0
14	473
41	1522
19	1427
3	753
0	397
7	207
6	123
0	0
0	0
18	301
18	456
0	365
1	299
0	0
0	0
1544	411
0	411
0	0
10	147
5	387
50	362
0	0
0	0
0	1
1	1
0	0
0	0
0	0
0	0
0	0
0	0
155	110
18	111
1	17
0	0
0	0
0	0
0	0
0	8
0	8
0	6
0	6
0	7
0	5
1	5
0	0
0	20
6	54
4	16
1	23
1	34
10	354
158	360
0	61
1	18
1	0
18	12
4	0
5	0
0	9
5	6
0	2
189	123
0	0
2	61
0	91
0	15
0	13
0	9
0	13
0	12
0	5
0	2
0	0
5	0
217	469
0	0
2	62
0	34
0	0
1354	2742
18	140
39	490
6	1407
120	1028
8	923
30	0
222	1045
2	948
5	167
45	102
40	3865
20	3260
1	3593
0	2981
1	2943
0	1892
2	2784
0	3465
9	1848
10	2515
2	1809
11	1598
0	611
4	480
79	445
0	28
0	19
0	3
172	0
1027	2
15	1888
8	1636
8	1445
0	2025
2	1655
0	1853
4	2257
0	2244
3	284
8	49
11	51
1	222
14	228
41	152
708	0
1	0
0	331
39	328
2	309
0	314
0	83
12	318
0	51
0	226
28	226
1	41
47	120
36	63
1	47
1	24
120	4522
46	4522
12	4519
2	9
1	8
0	6
0	4
0	3
0	0
32	0
19	1746
0	3192
0	3325
0	3265
4	61
0	338
6	157
5	277
0	144
4	21
0	87
0	11
0	0
78	3571
0	3617
0	3708
13	9
3	691
0	557
21	408
1	318
5	66
11	38
35	0
0	0
1	1393
14	1431
0	1215
0	1213
5	71
3	209
8	289
6	99
0	32
1	16
12	0
6199	366
1	17
3	16
0	17
11	2
0	1
0	33
0	43302
0	43519
0	42835
36	43556
0	42858
77	43528
446	43536
47	43535
0	43519
27	43598
0	43520
46	43812
3	43538
12	13306
0	8164
0	6218
0	5751
0	5774
0	5424
0	1
0	15
0	0
0	0
9	28
5	184
10	972
9	905
0	1018
0	69
5	6
1	122
21	261
1392	703
1	0
10	462
0	0
2	0
0	0
0	0
0	0
0	0
0	0
0	0
0	0
5	30
1	12
0	24
1	4
0	1085
1	50
0	1092
0	103
3	54
1	17
4	136
24	715
3	56
0	110
2	25
92	554
1	554
1	0
43	1630
1	1565
0	1424
20	312
7	103
0	184
0	531
0	330
0	132
7	219
0	424
3	142
1	600
374	4145
37	4226
0	1790
0	1539
1	14
0	175
29	1620
1	236
3	535
2	902
1	1055
0	374
35	755
41	731
0	101
7	125
0	268
0	437
8	296
130	59
12	1930
6	1912
0	2018
6	369
2	176
0	1582
2	149
0	331
5	414
80	148
5	569
19	511
0	195
1	190
130	0
207	11
0	8
4	12
0	0
0	0
0	0
0	1245
21	398
54	1804
156	1337
0	92
0	380
0	1245
42	983
0	162
0	0
56	78
11	73
9	5
3	39
1	116
0	121
1095	363
3	167
3	196
11	72
5	22
5	22
1	610
15	521
5	673
0	749
0	801
0	708
63	49
5	517
1	125
0	668
1	46
4	7
0	133
9	255
2	247
0	82
105	777
29	332
4	271
0	124
0	274
0	180
2	44
23	24
3	8
2	81
2	125
0	104
2	3
0	3
0	0
0	0
0	0
8	624
1	630
3	581
0	137
0	53
2	47
128	409
10	409
0	1273
0	1202
20	1037
0	1140
10	151
2	1133
19	141
0	805
55	0
12	1059
72	10
24	122
1	384
19	205
19	540
0	52
1	287
2	385
0	832
0	671
1	2924
41	3070
4	2985
0	160
3	1983
2	260
1	272
0	342
0	352
3	451
7	184
6	310
0	259
0	7
7	120
2	244
8	102
171	3443
481	3588
8	191
33	1190
6	1649
40	1275
6	1796
0	2104
4	2508
1	23
131	370
0	50
0	40
0	316
2	28
1	35
0	36
1869	426
27	1057
203	936
21	883
1	15
3	249
1	302
1	269
7	272
6	261
0	3
3	321
10	310
0	333
1	28
0	0
0	0
51	1366
29	1408
4	63
3	1162
0	923
5	174
0	236
28	17
4	564
1	531
2	99
0	285
31	124
1	302
0	254
0	258
0	213
1	177
0	18
3	140
114	32
0	10
2	12
0	10
0	151
4	113
2	136
0	2
2	127
39	709
0	555
5	427
30	607
0	10
0	590
0	111
0	684
0	591
22	2
0	2
2	0
22	181
5	183
0	192
8	181
2	58
0	27
0	1057
0	995
0	1065
0	995
2	72
101	648
7	73
4	23
0	14
15	24
3	4
0	1
0	0
93	700
1	648
8	475
3	61
5	1097
0	1098
0	30
0	73
68	112
100	1134
1	50
3	407
39	400
0	332
8	400
1131	22333
30	22333
21	11052
29	60
0	57
0	11
2	1
2	0
26	511
2	532
51	397
7	361
0	0
0	0
0	0
0	0
0	0
0	0
0	0
0	0
0	0
1	61
7	13
0	5
132	65
1	9
1	0
41	4
0	0
0	2991
1	2983
0	1231
1	848
0	412
18	794
2	725
0	77
0	141
15	269
1	0
0	0
0	495
0	469
4	301
63	0
26	56
7	161
76	0
0	0
0	0
0	2
0	2
4	398
21	396
0	228
1	0
13	5
1	3
1	122
4	127
1	8
19	0
2	33
0	7
0	0
0	0
0	0
0	0
0	1
0	0
828	13
3	0
523	51
1	46
0	0
63	1
0	0
25	13
1	12
0	12
0	9
0	0
0	2
0	2
0	0
4	7
31	39
0	0
2	0
0	0
1	105
0	100
0	48
0	28
3	0
0	6
0	6
0	0
0	0
0	0
41940	14864
11	595
33	1592
0	3487
171	8645
157	6974
2	6176
0	3762
356	3659
0	0
2	102
13	549
199	1565
43	1338
2	38
53	488
6	282
4	150
2	99
0	132
3	24
2019	1676
16	424
2	0
34	94
1	149
4	761
3	727
72	555
1	176
1	0
0	0
0	184
85	185
6	31
0	29
0	0
2	0
0	0
0	0
36	155
0	81
2	118
0	9
1	18
2	54
112	237
0	232
0	37
0	0
0	34
0	762
28	57
0	43
0	760
0	289
0	25
0	25
0	21
0	0
0	0
0	1
0	1
0	1
0	0
0	0
1451	1579
78	1579
12	73
10	1699
19	1686
0	607
0	1681
23	1686
0	0
1	184
236	302
1	334
1	264
12	182
0	210
0	91
1	115
0	95
90	168
4	97
0	5
0	5
0	0
0	3
0	0
0	3
0	0
84	74
0	74
82	591
12	578
2	574
7	49
0	0
2	0
30	2
0	2
3	0
306	61
0	25
0	32
117	0
238	310
3	21
0	275
0	69
0	18
1	5
0	6
0	13
0	62
56	57
10	167
0	0
1	79
21	68
0	68
2	0
0	4
0	2
81	9
0	9
5	0
0	0
395	1080
1	997
0	67
1	35
1386	4
750	0
5	0
129	1373
2	1373
0	54
11	197
0	0
9	124
1	256
0	242
0	213
0	249
0	241
36	265
0	27
0	72
1	26
4	47
0	0
46	35
1170	1402
0	1402
206	204
0	197
11	45
10	27
0	0
0	2003
2	2003
0	0
0	0
0	317
0	2134
44	950
62	1853
0	116
0	0
3	323
2	181
0	0
2	2
0	2
13	0
9547	4
164	388
0	388
0	210
1	0
1	0
1	598
15	520
6	180
1	89
6	219
6	154
0	55
49	42
0	0
613	5595
66	1462
0	64
130	4133
0	0
0	22
31	1383
2	1361
29	38
0	36
2	337
0	0
9	19
0	127
0	38
1	38
0	44
0	16
3	16
1	28
0	14
2	16
0	3
1	1
0	11
0	4
308	816
1	465
0	453
27	160
0	7
0	69
0	69
0	20
0	12
0	1
1	0
0	6
0	1
0	6
6	1
6	997
1	1176
13	731
14	564
1	741
35	165
2	250
0	902
0	261
23	194
0	193
92	573
1	4
0	4
0	8
42	1183
15	979
0	131
0	63
25	473
5	329
3	346
3	340
0	339
1	340
0	9
0	69
5	0
0	44
3	38
2	38
4	37
0	0
0	1
0	561
61	561
10	561
3	29
1	1421
0	1390
0	1346
0	210
21	15
11	135
0	0
3	158
1	14
574	873
23	172
39	868
360	730
3	85
66	322
1	479
5	337
5	207
0	156
0	0
0	92
1	145
0	35
0	0
0	0
0	0
0	0
573	0
151	11542
224	11542
1775	4721
1560	4394
2	7
0	7
0	7
1	1
0	1
0	0
22	28
0	27
0	31
0	29
0	30
0	31
0	1
0	8
17	7
4	1
18	27
0	10
398	48
0	48
1201	2089
11	1231
5	2016
2015	52
2	0
944	796
0	0
0	72
3	220
8	129
1	187
0	173
0	166
2	202
9	90
6	3125
3	3042
17	3010
0	3246
0	3290
21	874
1	38
1	170
0	0
0	8
4	0
79	0
2	362
83	530
2	137
31	221
0	114
0	0
1	209
0	209
0	32
1	113
0	244
1254	1476
209	1334
6	1348
0	269
0	51
0	53
0	79
0	74
0	0
0	0
33	21
0	323
0	712
5	100
0	1401
0	1519
0	1696
3	512
0	679
0	1582
51	135
13	1394
186	1181
1	1379
5	478
100	265
1	355
1	112
31	618
0	4
0	210
12	718
7	780
188	750
0	158
0	127
4	29
0	38
0	12
0	0
193	78
0	0
0	27
3	2
20	53
0	0
70	31109
52	4701
157	25577
280	27497
12	0
0	1
31	9645
1	8869
66	1906
0	0
0	0
11	45
304	75
0	19
0	30
19	21
1101	98
2	81
3787	0
0	0
0	7
2	1903
0	41
3	1450
2	25
5	1592
1	732
113	142
0	17
4	38
367	4182
0	1135
103	3501
275	117
7	79
1	54
12	28
0	28
0	0
0	0
0	0
0	0
0	0
0	0
0	1
0	1
0	0
0	0
3	62
0	55
97	59
0	1
0	1
8	0
0	0
824	0
2	0
0	0
4332	3244
3	0
51	1790
0	2630
19	1543
13	10
7	0
1	0
50	114
43	56
8	548
0	0
60	1521
0	1123
12	46
5	1202
0	374
0	493
0	951
2	435
4	238
0	1
5	1
4	56
0	135
513	2496
4	189
14	156
0	196
6	145
3	182
0	231
3	0
1	1644
49	618
0	585
15	345
1	757
9	201
10	229
9	102
0	1005
0	1035
0	1035
32	930
0	921
5	428
1	86
13	17
7	5
2	88
3	0
0	0
2	45
41	0
0	0
2	0
0	0
28	0
0	5
0	5
0	5
0	0
1042	598
0	589
0	70
25	378
0	99
0	0
8	23
2799	2853
38	2147
0	596
124	0
2	469
162	0
0	5
268	370
0	41
4	62
13	14
0	326
0	169
0	59
46	0
56	0
624	1421
0	293
28	1023
1	1
153	69
11	802
0	0
0	21
44	0
203	543
1625	3006
0	0
51	1987
0	0
2	135
13	17
0	34
3	0
2	306
84	384
1	251
0	0
0	901
0	577
21	854
0	855
0	817
0	142
2	15
0	34
1	2
2	39
4	18
4	27
0	62
2	33
0	21
0	5
1	5424
216	5412
10	4366
3	194
11	1298
47	830
1	602
10	980
1648	1007
1	129
31	966
10	622
0	0
1	0
36	635
0	1
0	1
82	36
0	0
0	40
34	628
0	13
0	5
13	72
0	0
1481	234
2	229
32	131
5	126
1	0
590	757
16	449
1	392
6384	6320
17	341
14	37
0	1635
5	532
6	228
1	0
29	909
30	1309
5	757
8	2133
126	238
0	113
1	131
0	23
2	112
8	85
0	10
0	1
0	1
6	74
1	705
0	577
5	811
3	159
0	141
0	378
0	18
0	318
0	305
1	253
5	13
0	0
19	499
0	0
0	80
4	960
4	1043
8	540
0	222
7	133
0	115
11	845
30	851
0	87
0	197
0	189
1	41
4	169
1	201
0	70
0	376
1	67
731	1598
0	1075
0	719
25	112
0	0
0	0
0	0
0	0
0	0
0	0
0	0
0	0
0	0
11	265
1	9
24	4
181	254
0	58
0	251
0	70
983	4580
13	4108
101	1255
139	1430
0	612
0	429
144	0
0	478
0	0
0	2
0	2
2	39
1	35
0	11
0	3
8	0
35	119
0	106
9	36
1	23
0	36
0	21
2	9
1	9
0	57
0	68
0	35
0	5
0	71
0	25
0	22
0	13
0	5
6	0
199	3476
12	344
10	1030
8	1031
2	512
16	1583
7	1293
16	866
0	1350
0	373
1	0
0	1495
0	0
0	79
0	776
3	79
0	0
226	2252
22	1699
12	702
1	231
1716	2321
12	2102
0	817
33	971
0	1984
1	1910
130	152
13	292
17	291
1	67
2	51
2	23
6	19
0	26
0	0
4	486
1	608
0	384
0	398
13	252
0	94
0	0
0	0
0	0
0	6
0	0
0	0
0	0
7	237
0	44
1	87
1	200
0	0
0	93
0	59
1	61
10	35
0	0
0	0
0	0
0	211
0	0
0	0
0	0
0	0
0	28
0	114
0	151
4	209
0	177
0	62
0	101
0	0
0	0
2	0
1	0
0	0
828	1688
1280	928
101	761
8	0
114	173
31	173
0	0
0	0
0	0
75	18
18	18
0	0
0	0
0	0
0	0
0	0
0	1
0	1
2	1
0	0
3	134
0	129
0	35
4	15
0	0
172	9661
5	9661
1	437
21	303
1	25
14	0
0	0
0	0
0	0
85	167
0	159
0	164
0	157
0	114
0	3
0	397
1	57
0	215
1	1481
1	1082
31	322
0	416
0	11
163	1351
29	152
0	0
35	401
97	104
0	104
0	40
0	206
0	128
1372	786
1	333
3	330
15	155
3	150
21	260
150	3935
18	3802
0	542
28	30
137	663
25	532
28	4
1	4227
266	4227
39	1295
142	0
0	0
89	917
4	938
2	57
7	27
0	0
442	4209
0	1766
69	4097
3	412
33	53
15	0
287	74
1	57
73	90
0	17
144	4496
10	4480
2	4480
10	4393
0	3679
1	700
15	915
22	32
17	182
1	830
10	487
0	70
10	253
0	204
1	162
1	50
0	0
15	110
3	108
0	48
0	0
0	42
338	322
1	200
11	96
0	4
0	49
0	28
2432	1061
3	1061
91	1285
0	1285
2	139
16	1240
1	1189
0	1082
11	1078
3	406
0	881
121	2
0	0
0	0
0	3
0	3
0	2
0	0
0	0
0	1
0	1
0	0
0	0
1	0
0	0
0	0
0	0
0	0
3	0
0	0
0	0
0	0
76	59
4	59
0	0
0	0
0	0
0	0
13	0
0	0
0	4
0	2
0	0
1818	1364
1	1315
7	104
37	100
14	57
0	544
6	278
110	11
0	1
0	10
0	0
0	0
0	2
1	123
0	9
0	9
0	0
0	7
0	119
0	0
0	322
0	322
1	284
3	21
0	0
276	2
0	0
0	285
17	285
0	0
0	168
0	168
13	60
0	168
0	20
0	8
8	15
0	436
1	0
29	441
13	313
3	26
22	18
2	2
0	0
48	0
1540	1080
3	1080
692	3246
0	3246
89	1910
0	0
0	150
1	1
0	0
52	0
18	50
0	768
18	196
4	0
2	0
6	758
6	68
2	0
0	0
1	1
0	1
0	1
3	0
1063	3029
468	2977
1	16
1301	0
0	0
0	0
0	0
0	41
1	40
0	41
0	41
0	28
0	0
0	0
1	0
19	0
137	0
58	0
0	0
0	0
1	4
0	159
0	11
46	159
0	141
0	4
211	303
11	224
7	266
4	265
12	168
0	135
133	0
808	1068
0	62
2	1013
10	621
13	621
0	0
2	42
27	237
1	6
0	91
2	21
23	15
0	121
24	23
53	99
3682	5171
37	5195
0	532
9	184
1	354
2	106
13	2041
8	2033
41	1930
1	241
11	1
0	0
1	1882
164	1882
0	1096
0	0
1	0
0	0
1924	343
3	343
0	0
0	0
0	0
0	0
0	0
0	0
0	2
0	0
0	0
0	0
0	0
0	0
0	0
4	160
13	160
0	0
0	0
0	0
0	0
0	0
0	0
0	0
0	0
1141	2912
26	2916
32	0
147	2313
3	295
35	94
1127	1035
9	14
7	359
13	438
0	348
0	103
1298	0
0	0
1282	223
5	223
7	3
0	3
0	3
0	0
0	0
0	0
0	0
0	0
0	0
0	0
0	0
0	0
0	0
0	0
0	0
0	0
0	6
5	6
2	0
0	10
0	5
0	10
0	8
5	5
0	690
3	2443
17	2273
1	1356
68	1525
109	1406
0	256
144	427
651	427
67	1398
5	326
0	239
1	1095
4	90
0	43
7	101
2	96
0	47
0	69
35	169
0	431
1	439
0	444
0	408
9	421
5	190
2	108
20	25
3	43
0	70
2	70
0	34
0	24
1	1
6	3
4	135
8	140
0	18
0	7
39	1495
1	15451
301	15451
10	783
6	947
7	1106
6	136
0	0
14	218
2	208
5	230
0	114
3	135
13	145
1	156
0	0
0	55
52	361
30	258
0	1017
0	1028
0	929
3	774
57	96
185	150
6	5039
61	4931
2	4773
1	1249
1	152
1	190
1	412
0	139
44	298
3	333
1	463
27	474
0	0
0	401
0	0
0	0
0	0
0	0
0	0
0	0
0	0
3	889
19	834
7	649
1	847
0	88
0	130
0	13
0	79
0	32
17	3444
0	3722
49	3462
21	3520
1	266
3	246
2	771
16	54
0	451
4	257
1	42
15	337
5	462
1	268
7	246
7	175
0	10
3	25
1	25
0	25
0	23
0	14
2	16
0	3
1	0
0	0
0	0
0	0
11	112
2	998
0	35
0	2
5	2
0	259
0	1173
0	946
16	1160
39	504
31	108
85	454
14	428
2	117
46	0
121	2
0	2
63	767
7	767
1	103
0	0
9	1
0	1
0	0
2	0
4	398
2	29
7	277
0	0
0	58
0	179
2	50
6	25
3	7
0	233
0	129
0	1
1	1
0	1
0	1
21	161
0	122
2	139
0	74
2	37
0	28
0	39
0	3
1	37
2	25
1	14
0	0
4	0
0	0
0	0
0	0
140	3351
14	3351
0	0
0	0
4	308
17	308
0	0
19	121
0	74
6	47
0	0
0	0
11	1418
6	110
0	0
0	0
0	0
0	0
7	3400
0	3282
0	3294
2	3310
3	3310
13	253
0	274
0	13
0	0
0	0
41	0
0	0
2	0
0	0
0	0
1416	20
4	0
26	0
33	20
51	0
0	0
0	0
0	0
889	950
5	588
0	54
0	358
50	152
0	62
8	0
0	0
0	0
0	1
0	1
0	1
4	0
0	0
0	0
0	1
0	1
0	1
0	0
0	2
1	99
0	394
0	383
2	275
0	0
2	11
0	4
1	11
0	0
0	0
0	0
0	0
1	0
0	0
0	0
0	0
0	0
0	31
77	227280
646	1184
0	1227
7	444
40	533
33	533
0	0
2	493
1	674
0	251
22	427
20	42
15	151
10	172
181	35
5	290
14	1006
0	1021
0	303
2	976
21	10
7	31
5	535
3	535
0	0
3	0
0	0
2	0
0	0
2	0
3	36
5	36
2	22
0	5
109	69
3	69
0	5
383	827
5	500
5	800
4233	1385
0	1013
1	105
8	321
72	76
550	74
0	0
0	0
0	55
0	0
0	0
0	55
4	62
0	62
0	0
1	0
0	0
0	0
0	0
0	0
0	0
11	0
454	2094
88	19
6	1559
9	23
4	2026
6	65
0	240
0	0
2	0
0	0
31	26
0	0
0	0
0	0
0	0
2	0
3	49
0	0
0	0
12	0
5	0
473	49
34	194
2926	1463
64	11
83	1258
0	0
502	1800
82	5921
0	5548
2	428
8	391
46	19
0	0
0	0
11	3606
74	3574
38	1322
11	101
282	873
88	156
89	106
0	0
6569	2717
1212	2719
0	0
0	0
0	0
2	146
1	146
0	79
0	79
0	12
1	0
0	0
0	0
0	0
12	205
3	205
19	42
0	0
0	9
0	42
1	10
0	0
543	66
8	21
2	45
11	7
2	7
0	6
12	601
1	579
0	556
1	544
0	190
0	393
0	83
36	401
5	24
5	61
2	9
0	28
1	70
0	61
0	0
0	45
0	19
0	0
1	12
0	298
835	423
1	10
0	305
0	796
0	827
0	842
8	306
0	764
0	795
0	833
1	804
1	744
50	798
3	365
0	89
0	118
3182	333
19	160
0	160
0	88
0	17
0	8
0	0
1	119
30	426
2	460
0	81
5	134
0	49
1	44
7	180
3	1
0	47
1	49
0	1
0	3
0	0
0	4
0	3
0	1
0	3
2	0
455	1064
31	691
11	977
105	918
0	106
13	357
0	0
3	0
71	29
3	53
0	34
0	461
0	461
20	1
2	44
21	459
414	362
12	357
22	362
0	362
20	0
0	0
0	0
0	0
0	0
0	0
0	0
0	0
0	0
0	0
0	0
0	0
0	0
0	0
2	40
0	40
0	0
0	0
0	0
0	0
0	0
0	0
0	0
0	0
0	0
0	0
0	0
0	0
0	0
0	0
0	0
0	0
0	0
0	0
0	0
0	0
0	0
0	0
0	0
0	0
0	0
0	0
0	0
0	0
50	1773
0	1650
8	1380
0	1490
9	0
0	0
1	0
7	240
1920	1253
0	205
0	883
0	1026
0	332
3	171
2	262
0	171
52	147
72	0
14	0
17	10079
0	0
86	6270
19	6958
2	6270
0	353
13	640
17	16
0	0
0	46
68	1816
0	11
12	1693
0	1829
17	1503
1401	1655
33	1664
24	1513
0	428
6	84
7	162
45	2
0	9
26	9
1	9
0	0
10	1
0	1
0	197
72	195
8	14
5430	243
1	58
5	175
10	14
0	18
0	18
0	11
0	12
0	12
0	8
0	0
0	0
0	0
0	3
0	0
834	1158
2	0
6	753
3	718
0	411
0	290
5	2
2	7947
4	7984
4	442
0	181
14	205
0	0
29	0
0	46
1	55
10	47
0	21
5	28
0	22
0	26
0	26
4	0
15	3
0	0
0	1
17	582
36	530
5	76
0	78
13	51
1	46
1	54
44	0
2896	9712
0	4238
8	1606
3	1
0	1
1	0
2263	5336
0	0
16	0
1	0
0	0
2176	9224
29	2886
5	250
0	295
26	293
3	28
0	0
2	149
0	153
7	15
5	20
0	0
6	36
0	19
0	0
1	2
2240	2
0	192
0	130
0	273
414	380
0	109
10	380
0	69
0	0
0	0
149	89
0	4
0	0
5	85
77	1620
6	1244
3	1490
11	66
3	106
1	173
12	64
1	86
4	267
6	112
0	2
3	4
0	2
10	1
0	0
0	0
0	0
0	0
0	34
35	479
0	347
2	342
0	117
0	483
0	458
2	383
0	489
0	96
0	57
0	21
1	101
2	99
0	134
4	658
0	695
31	691
5	31
0	31
1	0
0	0
17464	8987
14	7561
43	7868
4	4534
8	7164
18	7551
4	6075
0	7794
89	110
28	3423
24	3012
61	666
2	0
204	14
0	6
0	2
0	0
0	8
0	0
0	0
12	135
76	135
0	0
1	220
16	214
0	215
0	59
0	28
0	12
0	0
0	0
0	6
0	6
0	4
0	5
0	5
0	2
0	0
0	0
6	2122
8	2140
3	398
0	109
98	622
0	594
9	488
2	487
0	42
0	245
0	233
0	274
0	216
1	11
2	11
0	0
0	0
0	4
0	2
1	11
219	429
5	0
0	362
0	38
0	42
0	0
2	108
0	130
0	45
15	62
1	0
465	464
0	464
1	46
1406	47
8	47
21	1495
10	671
167	1464
7	180
0	439
13	97
0	0
23	14569
177	15328
15	204
37	0
0	0
15	0
0	0
4	653
228	232
44	3
4	3
18	0
1	0
0	2
5	0
0	0
0	0
0	0
0	1
0	1
0	0
0	0
1	4114
10	0
2056	4221
9	1890
0	564
97	393
1	4011
0	1278
9	181
0	461
2185	2072
0	0
0	0
33	2062
9	10
0	0
8	15
7	43
502	486
0	240
15	20
0	31
1	1
0	201
0	233
0	344
0	48
2	0
0	0
1	1
7	941
1	862
0	906
4	76
0	1375
2126	1800
4	817
0	208
52	64
10	90
0	88
13	232
0	230
0	4
1	4
286	809
550	807
4	191
0	209
0	252
4	109
5	104
1	43
0	2
1	2
0	0
6	0
5	916
0	813
21	16
1	441
0	761
107	395
5	791
3	184
0	57
0	120
517	0
0	8
1	386
0	344
1	212
1	25
1	16
14	47
75	33
0	10
3	412
0	413
3	435
1	376
0	112
1	131
0	112
1	30
5	21
4	32
0	14
0	0
46	0
18	0
19	0
4563	922
11	631
1	914
12	1
95	2636
4	2108
11	2112
0	801
6	594
27	439
1	233
0	195
0	186
4	164
0	33
0	65
0	10
8	0
0	0
2	1444
347	2566
30	1443
1	1045
1	765
0	682
0	773
12	240
0	218
34	4994
50	4995
0	3242
4	0
1	2
15	2
0	6
0	4
0	3
79	97
0	0
1	0
0	96
1	0
0	9
0	1
0	0
0	0
0	0
0	6
0	0
0	11
0	11
0	8
0	8
0	0
1	1
0	11
0	1
0	6
4	1
0	1
0	0
0	2
0	0
0	1
0	0
1	0
0	145
6	145
0	0
0	0
0	0
0	0
0	0
0	0
0	0
11	1282
0	0
0	0
0	699
16	710
16	699
0	710
0	0
0	43
0	1281
0	85
1	106
3520	0
0	0
2	16
0	0
2	16
1	3
228	0
2	594
0	3
28	597
19	10
1312	291
2	200
8	289
0	1
2	1
12	0
11	3
3	69
0	75
1	73
0	0
2	11
0	1
2	0
0	0
0	3
0	0
10	0
5	0
17	0
2	0
1	1717
668	8668
388	7932
150	8
0	0
0	0
0	0
1	1
0	0
3	7
0	7
0	0
0	0
0	6
438	59
0	59
0	0
298	0
0	0
3	0
0	0
0	0
0	0
0	0
0	0
0	0
0	0
0	1
0	1
0	1
0	0
0	0
1	10
0	0
6	74
1	74
0	0
0	0
5	0
0	0
0	0
0	0
0	0
0	0
0	0
0	0
0	0
0	0
0	0
0	0
0	0
0	0
0	0
0	0
0	0
153	0
5	0
0	0
0	0
0	0
15	0
142073	5293
27	0
22730	2
11698	5846
11	5656
13	953
11	182
19	940
5	112
3	1100
1	1079
3	1082
1	17
0	15
0	165
0	49
1	1076
61	1142
0	245
4	79
409	0
20	26
0	26
182	1066
1	311
4	927
0	616
4	182
0	513
0	260
0	109
0	58
5	332
0	379
3	275
0	253
0	302
3	146
0	84
3	36
5	74
0	9
0	8
0	25
0	13
2	20
0	179
40	4104
5	3682
6	602
34	595
0	491
1	3859
4	139
0	353
16	48
14	85
9	3508
3	43
275	105
0	63
0	22
0	10
30	753
57	711
0	143
6	0
2	0
0	0
2	12
0	0
793	0
3	0
39	933
3	43
1	935
3	16
0	0
0	49
6	81
1	26
0	44
0	38
329	2416
0	937
6	1396
0	415
1	1566
0	184
0	1267
2	899
22	701
30	115
4	544
0	390
0	354
0	211
9	38
34	48
3	401
0	173
8	458
0	598
0	65
0	192
0	525
0	65
0	62
0	170
0	161
0	135
0	233
0	210
4	87
0	0
0	2
0	2
0	0
0	0
0	42
6	2751
3732	3091
0	369
4	42
3	156
7	9
0	9
0	0
0	5
3	3
0	0
0	339
141	3011
173	2872
41	3011
12	2796
0	1280
0	3438
0	1012
2	2831
8	334
1	1051
0	1998
0	2629
0	2929
0	810
0	2003
93	3416
0	1044
1	1558
0	1170
6	1500
0	857
0	716
0	748
1	742
0	968
0	848
6	740
2	468
0	1155
0	486
5	831
0	2206
23	99
0	2
131	65
54	594
10	298
0	301
3	300
0	0
0	3
1	6
0	7
21	4
3	2
1	604
48	170
1	527
60	318
0	64
1	143
1	799
20	56
7	334
2	83
28	334
0	76
0	359
3	77
0	8
0	273
14	8
0	267
0	52
823	533
3	509
16	287
0	287
30	93
0	76
0	131
0	56
0	58
5	18
13	32
0	0
3	28
7	7
0	7
0	5
683	3800
0	1700
36	1135
0	53
0	0
37	1172
0	270
2	801
33	987
0	85
3	715
1	281
0	334
17	0
0	0
0	0
0	0
0	0
0	0
0	0
0	0
0	0
0	0
0	0
0	0
0	2
0	0
0	0
0	0
0	0
0	0
0	0
0	0
0	0
2	2
0	0
0	7
1	7
0	0
3	0
0	0
0	0
1	0
0	0
2	900
5	900
0	886
56	539
0	75
0	0
4301	3720
11	3716
9	1102
3	71
0	7646
88	4762
19	7895
367	7658
1	6246
1	5
0	5
0	5
0	5
0	5
0	2
0	0
0	0
0	0
0	0
4	371
29	171
253	2459
15	2451
0	0
0	0
8	0
0	150
5	150
4	140
0	1580
147	1588
0	0
4	66
8	24
0	0
0	0
0	0
0	0
0	0
0	0
0	0
0	0
0	0
0	0
0	0
0	0
9	879
13	750
0	901
0	284
5	381
27	498
0	580
2	87
39	549
1	33
9	13
0	13
0	0
0	0
0	0
0	0
0	2
0	0
2	0
1	0
0	0
0	1
0	1
0	2
0	176
0	0
0	0
0	0
0	0
0	0
0	0
0	0
0	0
0	0
0	0
0	0
0	0
0	0
0	2
0	0
0	0
0	0
0	0
0	0
0	0
30	93
1	93
5	91
0	5
32	1327
30	1350
4	894
6	1328
0	404
0	125
24	927
3	0
2	0
0	0
0	0
0	0
236	0
0	4
372	526
1	208
15	322
4	24
0	263
7	312
13	414
4	75
14	628
0	1452
6	74
22	202
0	1375
0	76
1	149
21	547
0	12
1	18
0	81
22	58
0	58
0	20
0	2
0	101
0	0
237	206
0	0
2	33
3	183
1	118
0	0
0	0
10	0
0	0
14	51
0	93
0	52
0	78
0	44
7	483
32	693
0	617
1	226
4	167
23	76
16	75
4	64
7	5
16	5
0	0
0	0
0	0
0	0
1	0
0	0
0	0
0	0
0	0
0	0
0	0
3008	378
1	151
0	156
0	0
4	205
0	0
878	4829
2	4825
89	112
0	116
0	209
0	2255
0	95
0	303
141	0
0	0
0	0
0	1136
76	1008
0	1128
6	0
1	313
6	314
20	6
2	0
0	3
0	0
366	112
0	112
0	96
26	477
0	21
5	475
0	35
4	3
1	127
0	191
80	265
3	78
56	0
189	668
2	54
8	6
1	548
0	49
10	54
1	105
0	120
0	62
485	10
0	10
0	7
0	256
9	194
4	82
6	2235
126	2193
21	491
0	991
5	315
4	284
0	274
2	242
3	94
8	107
2	88
147	1104
18	0
1	1104
2	179
0	166
7	1093
6	641
174	1328
93	1241
1	1317
3	969
0	168
0	0
282	0
0	0
0	0
0	0
0	0
0	0
0	0
0	0
0	0
224	156
396	156
6	2876
0	2840
28	1821
147	1319
1	59
13	136
25	335
2	258
13	2
10	531
5	213
1	426
3	505
14	154
2	313
1	683
8	62
32	166
51	421
13	39
16	381
0	80
0	141
13	17
6	49
3	4
14	24
12	26
0	2
2	1
0	26
2	7
0	0
0	0
0	0
0	0
19	164
1	20
0	202
11	132
145	216
1	16
10	47
4	65
6	0
0	214
0	181
0	90
2	40
1	0
3	53
0	23
0	39
18	19
2	14
120	4844
47	4844
129	1155
168	113
1	126
29	3120
10	3103
24	2888
0	0
33	32
10	204
39	681
0	321
1201	475
4	475
0	6
0	6
8	724
28	724
1	194
2	99
47	0
0	0
0	0
0	0
72	457
8	103
2	457
0	80
19	81
126	418
0	392
0	249
0	92
6	78
12	35
13	0
2	0
0	0
4	8
1	2
0	0
9	8
0	6
1	7
0	8
0	7
0	3
0	0
0	0
0	0
0	0
0	0
0	0
0	0
0	0
32	100
0	28
45	1
0	56
0	0
3	17
6	22
2141	2039
0	557
35	159
24	2039
2	426
0	93
0	131
0	0
7	0
0	0
841	0
1503	2027
17	992
918	202
34	1468
0	680
53	22
19	1095
5940	6
0	0
0	0
2	7961
22	7551
23	7200
62	5800
147	670
69	40
61	103
0	1932
41	179
9	548
14	26
3	95
7	95
0	0
2594	218
515	214
0	0
1	109
0	0
0	0
0	0
0	0
0	0
0	0
0	0
14	12
0	12
0	12
0	1
0	4
1	4
0	0
0	0
0	1
0	1
0	0
22	21
0	19
0	21
0	15
7	16
0	0
0	0
0	0
0	0
3343	0
51	0
7	0
0	0
3	3
0	3
14	1088
1	294
0	228
86	967
15	263
100	12
0	57
4	10
2	9
1	2
2	1
13	553
13	362
0	541
6	385
222	518
1	22
0	515
25	0
5	144
4	213
49	357
0	1027
0	1127
2	169
0	1020
0	941
1	35
8	935
0	934
0	264
2	178
0	12
0	0
1	76
5	76
0	0
0	0
0	0
0	0
0	0
0	0
0	0
2	21
0	0
0	1
83	4
0	4
1	0
2	0
0	0
4831	1755
3	1631
0	558
0	1
4	322
0	0
1	0
1	0
0	0
13	0
0	162
474	162
309	820
25	76
0	44
193	864
14	742
0	192
1	90
33	200
204	232
641	2979
3	628
3	244
44	393
3	2197
0	7
1	1986
21	111
53	596
4	1500
28	115
331	13
117	158
18	493
273	296
1	451
1	120
0	111
47	65
1	0
19	0
0	9
1	0
1032	1318
20	467
0	425
0	734
0	224
30	4
1	1
0	3
0	1
292	2567
108	2529
1	447
14	332
19	340
43	320
0	0
33	0
66	418
0	205
0	213
30	172
51	148
4	71
1	108
0	0
0	0
1	0
0	1457
0	1335
35	443
2	299
85	150
0	0
1	2
0	2
0	2
0	2
0	1
0	1
0	0
0	0
0	0
0	0
0	0
0	0
0	0
0	0
0	0
21	600
14	145
4	162
119	540
8	5
79	1945
0	101
0	86
0	0
1282	1864
0	0
0	0
0	0
0	0
0	3
0	0
0	0
0	3
3	3
0	0
0	0
0	0
0	0
346	599
6	588
0	78
52	166
6	4
260	2413
4	289
18	778
111	2
0	269
2	2170
6	193
0	154
2	274
13	158
23	154
32	1255
187	1441
0	323
0	89
27	1
0	1
71	50
13	35
2211	37
8	13
0	0
0	618
9	190
0	203
0	548
4	446
3	58
6	137
1768	18636
0	1113
35	14
2	3012
166	17134
8	2971
365	14666
0	261
34	2856
62	134
4	5715
111	6953
67	1755
3	2002
8	933
40	90
16	164
0	0
0	124
0	52
0	166
0	121
1	5
0	6
0	0
0	0
0	0
0	0
21	6
0	5
0	2
0	0
1	0
0	0
4623	1307
0	0
78	504
145	1221
0	0
6	1561
7	1054
0	1270
12	181
17	1452
0	101
6	320
14	252
701	50566
158	49408
315	47517
291	5027
0	1181
110	1197
14	929
0	563
0	0
197	50
0	0
0	2344
0	2449
7	2371
656	2573
70	0
0	142
4	171
0	65
0	0
1	5
208	301
31	305
16	998
0	0
0	0
1	2
0	2
0	2
216	0
0	0
0	0
0	0
0	14
0	21
35	26
0	18
0	0
0	0
0	0
2	0
0	0
0	6
7	393
390	946
1	770
0	467
2	318
0	0
45	0
0	0
1586	251
0	71
0	180
23	576
2250	576
0	0
9	296
0	99
0	250
15	137
0	0
1430	11
0	11
136	562
35	562
0	0
0	0
26	697
79	1233
1314	1233
6	0
58	257
0	306
0	437
0	384
1	29
4	20
5	4581
14	4389
37	4250
131	2584
7	2721
16	2093
34	629
1	0
24	0
0	0
0	0
1852	1506
0	1604
0	1469
0	1179
0	1179
34	1042
0	843
5	867
59	698
77	657
0	555
114	121
0	0
0	0
0	0
0	0
0	0
3	4
2	4
0	0
0	0
0	199
0	0
0	0
0	0
0	0
0	0
0	1
0	1
0	4
2	4
1	1
0	0
6	473
6	1313
2	97
1	412
2	1338
190	359
6	202
0	109
0	86
6	1223
5	50
9	123
14	786
0	834
31	38
29	42
1	22
0	471
0	80
0	4
964	43
0	43
2	0
0	0
0	0
48	3870
1757	4147
150	2388
0	0
46	56
57	194
1	711
0	454
11	344
0	639
75	0
2	123
0	99
1	9
2	15
2	51
0	18
0	23
0	19
10	0
168	2245
0	2191
125	2062
53	64
0	971
1	1314
9	30
2	691
0	0
16	564
6	198
26	617
0	297
32	177
5	2
84	20
0	72
3	67
0	1
1	2
0	40
3	28
1	14
3	15
0	0
0	0
1472	6
1	0
1	133
48	178
24	135
0	135
0	9
3	124
0	43
2	119
7	74
0	85
0	109
29	357
2	386
0	35
1	4436
0	4436
3	1446
1	1561
1	747
3	506
122	647
2	49
0	0
12	0
195	142
1	20
0	140
2	90
1	82
0	26
0	16
1	36
0	73
0	15
0	27
0	65
0	29
7	43
0	14
0	23
2	2
4	27
1	3233
14	217
4	590
0	3263
2	285
14	28
2	180
3	336
0	396
1	217
0	11
0	11
0	0
53	261
1610	0
2139	312
1	168
1	207
0	0
0	43
13	49
4	35
0	30
1	6
1	3
8	2500
1	216
21	1700
45	2116
0	1698
0	380
3	59
0	524
80	108
19	1510
20	243
4	272
0	301
9	272
16	388
1	385
0	185
5	317
3	160
14	282
1	140
2	108
8	172
0	68
0	52
9	0
0	5
0	5
1	0
0	2
0	32
37	42
0	37
3	385
0	379
0	239
0	245
5	344
3	270
2	58
0	44
0	34
4	27
0	18
0	919
0	61
0	119
0	928
1	55
0	704
0	13
22	13
0	24
1	888
37	876
1	149
0	70
5	408
0	41
0	7
0	326
0	391
0	463
0	449
0	370
0	452
0	28
4	135
1	44
0	6
0	6
0	6
2	1
0	4
0	0
0	3
2	0
0	0
0	5
8	1005
0	1294
4	1237
0	1253
17	234
20	72
3	42
0	45
3	273
2	110
281	212
3	76
0	48
3	173
157	176
37	90
13	6
5	13
0	10
1	0
0	4
0	0
0	0
2	0
6	119
68	504
2	1214
0	4
0	112
19	1214
10	117
1	634
8	584
1	624
3	435
0	19
0	0
0	0
0	0
22	35
0	25
30	2147
23	7
0	13
151	5361
0	5447
15	5505
0	4926
7	3696
1	1970
3	833
54	1263
0	87
0	1
3	0
3	0
11	495
57	495
19	13
8	43
37	46
0	0
0	0
42	0
1049	1786
1	1237
0	883
8	673
0	460
7	175
0	0
0	0
0	0
1	392
3	0
0	1
0	24
0	378
7	434
0	413
16	376
0	282
4	403
8	512
0	463
0	133
0	103
0	70
12	50
55	54
0	60
19	0
0	0
0	1
0	1
1	0
0	0
0	0
0	0
0	0
621	59
2	59
204	2228
0	1961
1	0
1	718
7	431
0	460
0	909
3	210
0	938
15	822
2	686
0	811
45	660
0	862
5	1
2	229
0	10
0	199
4	105
0	209
349	1297
84	1182
1	387
19	57
0	27
11	882
45	145
0	230
0	0
0	0
4	2
0	0
3	433
4	477
13	158
0	160
0	80
0	63
0	143
0	101
4	16
9	22
0	48
1	71
2	68
2	48
0	22
14	13
81	83
15	87
0	9
0	0
2	686
0	668
0	0
0	0
0	637
0	679
13	199
27	587
0	674
0	626
9	24
0	62
11	6
8	111
241	2916
44	2924
206	2331
0	748
1	0
0	0
0	300
0	281
0	316
8	148
0	268
0	233
0	268
13	273
0	30
0	27
1	47
4	2
0	81
0	61
0	6
0	5
13	0
0	85
0	81
0	5
0	6
1	7
1	100
0	112
0	103
0	1
0	11
46	1
2	83
0	16
0	5
0	44
2	17
0	41
0	32
0	3
0	0
0	27
0	624
0	1493
5	2651
4	2328
0	2682
6	1539
20	193
30	664
7	202
13	654
28	57
2	303
262	0
35	349
1	315
3	63
7	0
0	1
0	79
0	1080
0	72
3	1080
2	514
0	387
0	123
131	140
62	9
28	72
92	547
2	37
0	452
0	898
9	378
208	640
7	601
10	39
44	435
4	1203
25	75
3	521
8	192
32	0
3	181
6	81
0	0
0	563
0	0
0	0
0	0
0	0
738	0
0	0
149	1
0	0
0	0
774	5
0	0
0	0
0	0
3	509
125	509
0	0
2	0
5	0
20	0
20	0
4	194
92	194
1	0
0	0
0	0
0	0
13	68
0	68
0	68
0	0
1	3
0	3
0	1
0	0
0	0
0	0
0	0
0	0
0	0
0	0
0	0
0	0
0	0
0	0
0	0
0	0
0	0
0	0
1	0
0	0
47	6715
4	7095
48	6908
0	330
1	358
0	118
4	3459
0	0
13	18
3	18
0	0
0	0
104	44
1	20
1	37
0	10
7030	958
15	784
239	3
9	209
8	517
10	1925
0	1999
170	536
1	166
3	1316
1	1387
4	42
2	177
5	72
8	90
0	95
17	93
0	107
6	111
6	7
3	0
0	0
0	879
0	954
0	990
0	751
0	449
5	121
0	34
56	394
17	100
0	295
2	223
11	65
0	144
0	2
0	2
0	1
0	2
0	0
59	809
0	799
0	53
0	28
0	60
4	41
1	83
2	105
3	232
19	43
323	163
3	179
1	53
0	0
0	0
0	0
1439	981
0	981
0	491
4	0
3	630
182	602
1	549
64	129
143	6983
40	7333
2	1133
0	70
1	1418
19	1237
0	1058
28	699
6	2210
25	65
5	1117
33	0
0	0
267	1306
0	869
0	204
4	278
0	299
0	387
0	20
9	147
10	93
15	309
0	0
8	0
0	0
0	0
0	31
0	0
1	88
0	4
0	4
0	1
5	7
0	0
0	27
0	7
0	5
0	84
4	26
2	4
0	0
0	190
1	151
0	247
0	181
0	127
0	196
0	168
0	159
0	103
0	183
0	106
0	41
0	113
0	99
55	221
4	217
0	194
0	187
36	0
0	88
1	41
0	65
0	81
0	17
5	57
2	12
138	8591
2	514
2	8270
18	270
13	117
9	428
4	341
0	1123
10	1287
5	40
0	1174
0	1051
3	17206
10	17016
6	9567
0	17518
1	16235
0	8694
0	9019
0	906
3	826
0	17427
29	5050
0	818
0	17456
0	890
35	17195
0	529
9	1119
3	15797
0	1112
20	231
2	456
0	754
0	0
33	225
0	6
11	44
0	131
2	140
1	24
37	3928
33	3116
46	3527
3	3289
1	3175
25	2881
67	527
3	490
0	497
1	225
0	377
63	570
0	396
4	495
22	202
1	30
0	32
0	27
0	11
0	126
0	287
0	265
2	203
1	195
1	209
0	244
0	37
2	1
12	98
0	0
0	0
1	0
0	0
35	1615
0	0
1	0
0	1
0	0
0	0
0	0
0	0
2	0
260	2582
0	282
69	2203
24	75
36	2080
12	337
0	0
27	0
0	0
79	62
0	62
2	1084
0	1216
1	1162
2	1120
0	1238
2	49
7	650
5	532
1	48
0	67
1	52
0	112
0	70
0	19
0	16
1	41
2619	169
0	121
3	113
37	111
1036	0
0	0
1	118
2	52
0	145
3	1336
10	123
5	65
0	149
0	78
81	144
41	1289
1	0
0	0
1	0
0	1085
14	28
52	349
11	349
749	2248
3	1897
1	1989
5	1962
1	270
8	40
153	2252
21	1316
60	8
0	1545
1	1996
0	0
1	181
184	1578
4	0
8	272
3	259
0	236
0	236
0	222
0	10
4	5
0	0
1	0
1	22
7	19
0	0
3	37
0	4
0	0
1689	2859
36	2675
12	2912
38	566
528	13
70	190
0	203
203	281
0	127
1	3
0	0
69	2914
0	2825
0	76
0	24
0	136
46	184
2	170
0	0
0	0
0	0
1	0
0	0
6	150
29	0
0	0
16	29
0	0
4	7
1	4
1	0
0	860
2	829
7	83
50	576
0	0
23	287
0	221
27	22
113	131
2	86
1268	2837
13	2827
5	2636
0	714
1	0
0	3
0	3
0	4
0	3
0	2
0	3
0	1
0	2
0	20
0	20
0	12
2	18
0	18
0	15
0	18
11	1
0	1
0	3
0	0
0	3
0	3
0	1
0	1
1	0
16	57
0	0
0	0
0	3
0	0
0	0
0	0
0	0
0	0
1	10215
0	8784
1	8776
58	370
0	5863
0	403
0	398
23	4575
1617	9838
0	1784
0	1875
0	852
1	499
67	9723
0	8564
0	644
0	1728
91	796
0	0
99	576
292	3546
0	757
12	3053
0	2
3	2221
0	1843
0	1
0	14
0	1698
4	0
18	361
3	334
0	90
5	201
1	40
25	0
0	0
0	1
0	1
0	0
0	0
0	0
0	1
1	3
0	0
2	3
1	3
22	2858
0	37
0	2861
0	97
1	1447
0	0
0	0
0	0
11	63
123	63
0	51
3	31
0	0
0	3
1	2
0	345
0	0
0	3
0	2
0	1
0	0
0	104
0	323
0	344
8	188
1	0
0	0
0	0
142	0
0	0
0	0
546	66
60	66
0	0
2	0
0	0
0	0
0	0
0	0
0	1
0	1
0	0
0	0
0	0
0	0
0	55
0	0
2	147
0	136
340	957
20007	6410
331	2001
0	0
137	6187
360	180
0	2593
0	0
1	692
0	0
1	0
1	0
0	0
0	0
0	0
0	0
0	1
0	1
0	0
0	0
0	0
0	0
0	1
0	1
1	0
327	55
0	47
0	8
0	0
4	0
15	67
2	67
0	0
0	0
0	0
0	0
3	221
0	221
29	181
288	269
0	203
0	0
0	0
0	3
0	2
0	0
0	0
0	0
0	0
0	0
0	0
1	0
0	0
0	0
135	808
3166	931
67	644
15	792
0	518
0	0
0	0
0	0
0	0
0	16
0	10
3	2
0	0
0	0
0	6
0	0
406	233
0	233
0	3
13	6
0	8
0	2
0	1
0	0
0	0
0	0
0	0
0	0
0	2
0	3
0	3
0	0
0	3
0	0
0	2
0	0
0	1
0	0
0	0
0	0
1219	2918
0	1592
7	2567
0	2814
0	2848
55	2813
11	430
19	102
7	0
0	0
2	0
2	2
0	2
11	0
1	0
0	0
41	0
17	0
4	0
1890	429
6	341
19	247
0	0
0	0
0	0
0	0
0	0
0	0
17	0
42	0
10	0
1	9326
0	9280
0	742
0	640
3	75
21	812
0	397
199	41
0	0
0	146
0	135
0	87
1	88
0	52
48	37
18	60
0	10
0	9
14	1013
0	812
14	753
0	31
30	575
0	192
13	2
0	176
4	90
770	4
0	0
0	0
0	0
0	0
1	0
0	0
0	0
2	2
0	2
593	127
0	127
6	0
0	41
2	25
10	6153
0	6086
1	3560
0	469
3	2747
2	2367
38	82
0	0
0	57
0	57
3043	1040
66	1008
0	0
11	0
0	0
22	195
3	183
2	179
0	10
1	24
0	6
0	0
0	0
24	4
0	5
0	0
0	0
0	1673
0	0
6	0
30	2600
0	275
0	2467
3	1534
0	785
1	152
0	0
6	0
4	0
13	3
0	0
39	3938
0	2592
0	4055
8	3649
132	4031
0	3440
27	0
56	58
0	0
37	2425
288	0
0	860
0	0
13	63
34	333
8	52
39	86
1	323
12	113
50	0
0	0
6	1
23	8
0	7
1	3
0	3
886	0
887	428
4	325
0	263
0	133
915	1310
2	1287
0	233
8	1
6	844
14	924
0	1
5	0
8	0
13	8
6818	53
43	41
0	0
3	504
0	546
2	332
1	201
2	583
0	528
0	242
0	246
0	226
7	76
4	43
16	29
209	648
0	633
0	644
1	0
19	347
7	347
1	332
0	330
0	414
0	414
0	53
1	13
1	11
2	0
1	0
0	0
0	0
1552	0
22	0
0	198
0	313
35	295
5	41
0	0
0	0
0	433
0	1399
41	1399
0	0
2	48
2136	1849
87	90
9	1844
13	0
12	3
31	41
8	41
14	26
6	1970
186	2179
7	58
12	101
4	37
0	773
1	571
0	0
15	244
2	4
0	3
0	3
0	0
0	0
0	0
0	0
0	0
0	3
0	3
0	0
434	10706
0	3589
0	0
32	361
13	699
0	670
32	7156
0	18
0	37
15	2149
0	2148
0	2088
0	2194
0	2
1	17
1	1910
2	1998
0	2140
0	131
2	0
1	215
0	128
0	5
19	1838
6	278
1	20
0	492
8	132
9	515
0	95
0	1114
16	176
0	0
4788	988
0	1116
0	910
0	824
0	826
0	912
0	1118
0	10
1	10
16	0
0	0
1	1643
15	802
1	1664
0	1697
11	602
39	914
13	20
13	27
0	33
0	106
944	1550
7	1219
30	567
0	1418
1	443
0	313
0	489
0	1237
1	199
1	166
0	289
18	157
14	43
857	1222
0	1080
0	1133
59	814
0	251
0	525
8	1031
110	7
4	138
1	161
0	118
0	0
0	118
0	0
36	29
0	23
0	4
0	6
1	3
179	8140
127	7391
234	3010
0	5317
35	882
10	7397
0	7391
41	6663
275	54
0	0
1	16
0	0
5	24
0	14
0	0
0	1361
0	1361
18	1361
8	325
10	219
1	2383
285	2384
5	80
5	20
8	20
2065	3055
0	2004
0	309
8	39
7	2911
0	2256
1	1493
0	2249
35	1854
1	1663
3	1510
9	39
39	1049
32	248
1334	2724
7	2823
0	90
3	1
174	1603
0	21
57	0
0	1
11	111676
108	111680
4	1
0	0
0	0
22	3662
1	3403
2	441
0	2605
0	17
0	185
0	68
150	859
4	859
0	0
142	1379
0	56
0	1857
0	4784
9	114
20	1532
8	1580
8	2001
47	1629
0	1652
16	743
0	571
0	348
0	564
0	351
0	340
0	449
4	249
11	121
0	0
0	14
8	0
0	0
0	0
0	0
0	253
0	297
20	97
0	295
30	60
11	21
5164	9799
40	5997
0	16
25	1115
0	0
0	2
2	2
0	601
1	431
553	3781
7	0
0	0
0	0
2	0
800	229
4	74
14	162
1411	6
0	0
1	6
32	0
621	366
1	275
3	308
53	0
9	46
48	70
0	68
0	0
0	0
890	569
3	296
5	2
0	0
0	275
0	0
0	3
0	6
0	5
0	0
0	0
0	2
0	0
0	1
0	1
862	1549
0	1549
0	0
31	325
148	100
95	325
0	0
2	0
2762	1283
125	1283
6	142
40	3
0	0
1	87
2851	1391
10	1385
145	2574
7	2560
29	1622
14	49
0	79
4	224
0	104
0	0
0	0
0	0
0	21
1074	1716
35	226
0	354
1	179
0	924
0	159
14	1358
0	269
7	120
273	0
46	1256
0	1218
16	541
53	57
48	425
2	141
17	172
3	129
1	364
0	113
0	116
80	33
1	33
0	0
0	0
0	0
0	0
1	0
0	0
0	0
0	30
0	28
0	15
0	0
0	0
4	3
1	3
0	0
0	1
0	0
0	0
0	0
0	0
0	0
0	0
0	0
0	0
0	0
0	0
0	0
0	0
0	0
0	0
0	0
0	0
0	0
0	0
0	0
0	0
0	0
0	0
0	0
0	13
0	13
0	11
0	0
0	1
0	0
0	0
0	0
0	0
0	0
120	37
0	16
2	17
2	4
1	3991
8	3615
54	914
28	3595
14	515
7	0
4	5
0	1
0	2
0	0
0	0
1	1
0	0
0	0
0	0
0	0
0	5
0	4
0	1
0	5
1	0
0	0
0	28
1	40
0	40
0	38
0	24
0	26
0	26
0	25
10	3
6	1
8	96
13	98
0	26
19	11
0	6
5	8
0	3
0	0
839	32
27	170
0	32
206	12728
1	295
0	0
90	12625
79	3
4	460
13	216
249	184
0	184
6	25
0	1
0	0
0	1
0	1
0	0
0	484
0	489
1	574
0	585
8	29
0	183
6	108
7	29
0	30
0	27
0	27
0	22
1	0
0	0
0	16
2	4
0	0
0	1
2	1
618	132
41	132
38	319
2	316
103	98
1	0
8	2
1	3
0	1
2	3
0	2
0	0
0	0
385	1182
9	617
46	203
0	24
4719	1071
6	27
2	6
0	74
0	123
0	853
0	3
0	3
0	0
6773	968
0	951
9	0
0	0
3280	1570
9	1428
1	521
87	697
0	3
0	3
0	0
0	200
1733	0
40	3
0	0
0	3
270	761
1	225
248	622
131	293
0	471
0	29
6	38
24	276
2	243
0	42
0	84
0	13
232	48
0	48
791	98
0	98
0	2
0	2
18	26
5	26
1	13
677	184
0	0
6	184
34	1002
0	1021
21	21
11	8
4	69
0	584
2	668
0	832
0	268
0	140
0	9
0	0
15	135
1	130
0	146
14	26
0	29
0	54
2	154
16	149
1260	149
10	143
32	48
10	0
13	1302
21	1279
1	1146
0	243
0	0
0	114
0	361
0	690
0	289
7	61
89	5
0	5
0	0
0	0
0	0
3	0
0	0
0	8
0	160
0	8
214	162
0	8
0	0
0	0
0	0
0	0
0	0
0	2
0	35
0	2
0	2
0	0
0	0
0	0
0	0
0	0
0	0
0	0
0	0
0	0
0	0
1	9
27	36
1	0
0	4
0	0
0	0
0	0
84	44
0	44
0	0
0	50
0	0
0	0
0	0
0	0
11	2
6	0
15	21
5	33
6	25
1	35
5322	876
3	44
0	0
58	0
0	107
36	0
0	821
0	788
0	0
28	0
6	0
0	3
39	83
7	107
0	86
0	0
0	24
0	3
0	159
0	18
0	3
0	777
0	815
0	0
12	0
0	0
0	0
0	2
0	2
0	0
0	0
28	599
3	557
0	119
6	251
0	255
13	3
3	169
1	54
0	49
0	52
14	0
7	220
0	243
15	123
2	23
0	2
0	118
338	103
0	93
7	81
0	92
0	327
16	327
0	327
4	153
0	0
0	3
1	0
252	3855
25	3869
14	1629
0	681
0	565
3	105
11	3648
175	3718
52	3600
3	2418
97	7445
16	124
9	160
1	7447
0	1705
0	2559
40	2205
49	0
9	12
4	104
122	688
5	143
1	76
4	51
0	57
0	503
0	72
3	74
0	1
0	25
1	0
0	25
1	8
0	1
0	3
1393	0
0	0
301	438
0	47
0	351
84	196
0	85
512	226
5	161
4	116
7	63
16	38
17	37
0	31
0	0
0	0
0	20
1	18
0	20
0	0
299	0
37	0
0	9
0	8
0	8
0	9
0	12
0	12
2	11
0	11
9	7
1	5
2	16
0	130
2	99
16	1862
4	225
0	1826
519	562
0	216
5	198
0	267
1	123
0	165
1	22
105	48
247	780
58	780
5	1
76	71
2	71
0	14
32	621
0	532
0	159
0	156
0	162
0	163
0	75
2	64
7	0
0	3
14	6
0	0
210	144
2	80
18	173
154	0
4	0
1	0
0	2
0	2
0	1
0	23
8	23
1428	0
0	0
0	45
0	45
0	44
0	0
0	0
70	0
313	125
7	117
0	0
2	4
0	15
4	4
103	2370
6	2309
6	942
2	1470
3	118
5	153
2	60
0	52
0	3
0	0
0	0
1	0
8	1
23	7
0	7
783	2
0	0
32	0
0	0
17	3689
0	0
352	1224
0	27
0	22
0	333
21	20
37	1185
27	11
1370	1445
5	457
0	602
0	0
0	0
0	1
0	0
0	0
0	0
0	0
0	0
0	0
0	0
11	114
0	0
0	0
0	0
0	0
0	1
0	1
0	0
1359	0
0	0
11	10
0	4
1	6
3	0
0	0
0	0
1	44
141	0
0	13
0	13
5	0
1	366
81	684
117	352
7	482
2	65
4	85
0	0
2	23
0	1368
68	1368
0	59
1	91
7	793
4	44
13	7
3	471
2	0
0	0
0	0
0	3
0	0
0	0
0	0
31	201
0	201
5	27
0	121
1	0
0	1409
0	1477
28	1573
0	1227
175	1776
0	1632
1322	1635
0	1722
0	1345
0	1579
0	0
1138	1623
46	1339
3	1282
3	1155
0	950
63	915
1	581
77	69
0	73
0	0
2	0
0	0
0	0
0	0
2	18
1	151
0	164
38	151
7	137
0	0
1	55
0	0
0	0
0	0
0	0
15	5273
0	0
0	0
0	0
0	0
421	1021
16	972
0	1025
415	207
3	991
0	718
0	0
0	8
1437	2362
0	1350
0	1642
18	57
37	166
18	1516
19	375
0	0
0	0
0	0
0	0
0	0
0	0
0	0
0	0
0	0
3	54
0	0
0	0
0	0
0	0
0	0
0	0
0	1
0	1
0	0
0	0
0	0
0	0
10	2536
0	2537
3	2374
0	2536
0	7
4	1
183	0
22	0
385	337
3	319
0	318
4	59
0	68
3	61
0	1
12	9259
0	6141
13	7711
6	2905
9	912
46	0
441	1129
74	412
33	713
1	735
20	3758
2	4011
0	899
12	1187
0	420
2	683
20	524
986	2
228	0
1	4
0	0
15	8
1	883
7	119
3	161
0	924
57	42
0	117
0	103
11	176
0	0
0	0
17	124
0	27
69	256
0	22
3	66
0	38
10	3
20	38
0	0
0	0
38	296
2	729
0	894
0	890
0	886
5	800
24	898
211	884
837	1297
1	814
0	579
4	421
0	303
0	227
8423	10
0	0
139	72
3	29
0	43
0	3
0	1
0	1
0	0
0	0
0	0
0	1
0	1
0	0
4728	132
237	99
0	29
125	395
0	361
12	206
2	201
0	164
1	17
5	34
6	0
270	1103
19	1103
1	50
12	14
283	11
1	10
40	73
4	86
2	135
66	231
0	0
0	0
0	1
1	1
0	0
149	10
0	0
0	0
11	3602
1	3
6	0
46	3599
33	10
614	0
28	0
0	0
0	0
0	0
0	0
0	0
0	0
0	0
0	0
0	0
0	0
683	350
0	70
7	8
12	4
0	115
1	301
0	301
534	3815
26	3746
11	3409
4	197
99	28
17	589
5	171
11	440
19	8
4	60
0	468
7	15
28	149
4	315
0	137
0	0
0	0
0	0
2	0
372	455
24	366
13	51
0	0
1	79
0	0
8	0
275	585
1	554
0	209
4	129
0	115
4	51
0	0
0	0
0	0
0	0
0	0
0	0
0	0
0	0
0	0
0	0
0	0
0	0
0	0
0	0
0	0
0	0
0	0
0	0
0	0
0	0
0	0
0	0
0	0
0	0
0	0
0	0
0	0
0	0
0	0
0	0
0	0
0	0
0	0
0	0
0	0
0	0
0	0
0	0
0	0
0	0
0	0
0	0
0	0
0	0
0	0
0	0
0	0
0	0
0	0
0	0
0	0
0	0
0	0
0	0
0	0
0	0
0	0
0	0
0	0
0	0
0	0
0	0
0	0
0	0
0	0
0	0
0	0
0	0
0	0
0	0
0	0
0	0
0	0
0	0
0	0
0	0
0	0
0	0
0	0
0	0
41	897
54	253
12	583
4	818
10	40
4	0
9	693
0	1653
1965	1629
0	149
0	115
3	94
35	174
13	174
0	93
1	79
0	0
0	0
4	9
0	2
0	0
0	0
1	7
0	0
0	0
0	0
0	0
0	0
0	0
0	0
0	0
0	0
0	0
0	0
7	216
0	0
0	0
0	0
0	0
0	0
21	160
9	324
2	303
0	12
0	12
0	27
13	3
92	3
485	268
11	44
0	0
1	166
63	0
26	134
1061	297
5	3
0	294
0	0
0	0
0	0
0	0
36	65
0	55
0	38
0	15
0	0
0	7
3	5
0	0
1	0
0	0
1	491
1329	501
369	1165
0	1165
5770	913
24	909
2	0
5	1130
0	0
0	0
0	0
0	0
0	0
0	0
0	0
0	1
0	0
0	1
0	0
0	0
7	4219
532	4219
0	0
1	0
225	137
3	79
0	130
0	0
0	0
0	0
0	0
19	17
0	0
0	15
0	16
0	4
0	2
0	0
0	0
0	0
0	0
0	0
0	0
0	0
0	0
0	0
0	0
0	0
0	0
0	3
0	0
0	0
0	0
0	0
0	0
0	0
0	0
0	0
0	0
0	0
43	483
4	55
0	428
9	394
0	515
0	491
0	76
0	0
0	0
0	0
0	0
0	0
0	0
0	0
0	0
0	0
0	0
0	0
0	0
0	0
0	0
0	0
0	0
0	78
0	0
0	2192
14	2583
91	482
73	724
32	70
38	216
2	49
13	1
1	0
0	0
0	0
0	0
0	0
0	0
0	0
0	0
0	0
0	0
1	0
0	0
0	0
0	0
0	0
0	0
4	1963
0	1163
0	2021
6	2004
26	363
6	80
22	58
7	136
0	225
0	1399
0	0
0	64
12	213
0	0
57	0
12	0
30	0
0	0
0	0
79	140
0	0
0	0
1	0
0	0
7	0
0	0
1	0
1	0
0	0
0	0
0	71
0	119
0	131
0	0
0	0
0	0
0	0
5	329
0	0
691	1201
0	1206
25	242
0	0
0	0
22	81
0	75
0	75
6	11
2	2
0	0
0	0
0	0
0	0
0	0
0	0
0	0
3026	3773
5	3804
0	462
0	185
24	121
38	427
2	460
187	16
1	0
37	437
0	0
2	0
0	0
0	0
0	0
0	6
0	4
0	0
0	2
0	0
0	0
0	0
0	0
2	3313
33	3405
5	164
14	351
5	154
28	2
0	42
0	5
0	0
2	18
2	12
1	17
0	55
62	10
2	10
3	0
43	2
0	0
8	0
30	0
0	0
28	0
12	0
1	0
8	57
0	3
25	0
44	0
0	0
20	16
1	2
0	12
0	0
0	0
23	0
0	0
45	0
11	0
0	0
0	0
19	0
0	0
0	0
0	0
0	0
0	0
1	8
0	9
0	9
0	10
0	10
0	6
0	9
0	9
1	0
0	6
0	2
0	5
0	3
0	0
0	1
3	1340
9018	3049
283	3001
86	1277
14	958
0	1025
28	179
23	0
240	352
0	166
0	0
0	0
0	0
0	370
27	379
0	172
6	119
0	66
11	90
0	33
0	6
0	0
0	0
0	0
0	0
1	140
16	140
128	169
0	104
5	0
0	0
0	0
0	0
0	0
0	0
0	0
0	0
0	0
0	0
0	0
0	0
6	61
36	61
4	28
0	0
5	0
11	0
0	18
0	0
0	0
0	0
0	0
0	1
0	0
0	0
0	0
1	0
0	0
0	0
0	0
0	0
0	0
0	0
0	0
0	0
0	0
0	0
0	0
0	0
0	0
0	0
0	17
0	17
0	0
869	140
19	142
0	0
503	221
21	73
0	176
0	93
0	0
6	2130
20	818
21	2265
106	2597
5	2122
2	971
10	270
37	671
0	260
4	45
11	0
23	123
22	1372
1254	1439
1	234
23	182
0	65
0	0
288	16840
32	4506
0	13744
0	16539
115	15132
0	16235
0	15928
2	2040
7	0
6	1065
5	9930
131	970
0	0
0	0
0	0
0	0
0	31
320	35
54	36
0	0
2	179
16	2212
464	427
1	427
1	103
0	0
151	4
0	0
0	0
0	0
0	0
0	0
0	0
0	0
1	0
0	0
0	0
0	0
0	0
30	266
8	245
81	57
19	99
2620	1406
2	1394
0	0
490	36
0	36
53	1
121	2015
0	1697
0	23
109	45
41	481
1	74
5	1700
211	647
1	274
10	110
0	155
1156	5117
0	4413
2	4027
9	1632
22	244
1	315
2	197
0	635
1	984
0	987
13	19
17	19
0	0
0	69
8	0
0	0
2035	1295
0	112
25	1290
0	0
0	0
1	0
0	23
0	27
0	26
0	17
0	16
0	19
0	16
1	3
1	15
0	14
0	13
0	0
0	0
0	0
0	0
2	0
3816	4
0	0
2	0
0	0
143	0
0	0
0	0
0	0
0	0
0	0
5	1
3	0
0	1
0	1
0	1
0	0
0	0
0	0
0	0
0	0
0	0
0	0
0	0
0	0
0	0
0	0
0	0
0	0
0	0
0	1
0	0
0	0
0	0
0	0
1	0
0	0
0	0
0	0
0	0
0	0
0	0
0	0
0	0
0	0
0	0
0	0
0	0
0	0
0	0
0	0
0	0
0	0
0	0
0	0
0	1080
0	2003
52	1357
2	2003
1	26
2	776
1	875
0	286
53	93
0	153
8	38
0	51
1	55
0	53
2	2
0	4
0	0
2	0
2345	2713
356	2714
0	90
5	875
10	863
27	835
17	157
4	8
17	10
27	12
0	0
0	0
45	181
124	14
0	0
0	0
973	1055
2	1055
83	133
0	0
0	0
0	0
0	0
0	0
0	0
0	0
105	440
24	399
4	69
0	0
0	0
0	0
0	0
458	261
0	50
6	211
6	58
0	44
0	0
0	21
0	21
0	21
0	19
0	27
0	24
2	16
0	20
0	0
1	7
0	0
3	0
57	324
0	96
0	239
1	104
0	133
0	104
0	37
1	0
9	1360
0	1382
0	1359
0	603
0	43
0	23
5	52
0	25
0	0
0	101
1	700
0	579
0	0
20	23
0	0
2	0
272	1705
2	1725
0	17
98	347
0	14
53	51
149	91
0	727
1	0
3	42
0	42
0	8
12	933
0	0
0	0
0	0
0	0
0	0
0	0
0	0
0	0
0	0
0	0
0	0
0	0
0	0
0	0
0	0
0	0
0	0
0	0
55	540
1	225
44	379
3	519
2	45
0	500
0	654
38	2292
40	2336
16	677
0	553
12	171
4	0
0	0
0	19
1	19
2	12
0	0
424	2250
11	2180
2	1798
184	96
1	189
0	144
0	276
2	103
1	1
0	0
2	362
1533	4144
0	1000
0	3144
1773	692
0	520
0	267
20	0
14	369
0	374
0	59
0	14
8	2315
2	2172
1	189
0	254
1	2307
3	28
0	956
0	963
7	236
2	353
1	214
0	50
1	17
27	15813
220	13342
19	15666
0	15875
655	12793
4	3513
427	4942
9	606
3	212
462	2746
2	283
0	337
0	723
211	58
0	38
7	246
10	489
3	476
0	476
0	450
1	548
0	225
0	341
5	330
0	330
0	35
3	48
0	1029
0	5
2	5
5	818
1	696
5	193
2	235
0	298
3	486
3	419
85	76
0	202
32	144
11	18
12	2
0	1329
0	1785
0	1435
25	1500
94	742
0	1850
0	1737
0	11
3	106
0	1323
8	128
0	190
2	326
0	65
0	85
0	15
0	210
0	6
15	65
0	150
0	130
0	145
29	398
0	4
0	16
0	6
0	7
0	25
0	22
0	25
0	8
0	0
0	0
675	5599
2	2423
1	2818
0	4269
0	972
50	555
14	0
0	0
0	0
0	0
28	996
1	236
5258	206
52	778
2	159
76	0
2	594
6	0
5	0
0	0
0	0
0	4
0	4
217	199
12	199
0	0
0	0
0	0
0	0
0	0
0	0
13	1100
11	1014
0	1100
2	1002
0	77
0	704
2	0
0	0
0	0
0	63
2481	75
0	0
512	670
16	1170
0	371
0	0
9	18
154	536
1	7
44	3
0	0
0	0
0	0
0	0
0	0
0	0
0	0
0	0
0	0
0	0
0	0
0	0
0	0
0	0
0	0
0	0
0	0
0	0
0	0
0	0
0	0
0	0
0	0
0	0
15	155
0	162
0	64
1	49
0	60
21	57
3	83
0	120
0	161
0	26
3	2
0	18
0	6
2	31
8	70
1	30
0	23
0	0
9	3180
1	27
177	3538
2	1375
0	2
0	0
0	0
0	0
348	68
1	68
0	3411
1	266
10	210
2	125
43	3222
0	916
1	2050
0	270
0	62
3	70
5	0
12	48
5	701
4	31
0	0
3	202
0	2206
0	2309
35	91
0	757
1	630
13	1103
42	218
4	85
27	37
6	257
6	449
0	402
18	125
5	24
0	34
0	0
1	19
1	63
0	102
0	102
0	100
0	19
0	9
0	0
0	0
0	0
0	0
0	0
0	0
0	0
0	0
0	0
1	400
0	643
0	620
0	513
0	49
0	47
0	19
0	0
1	0
0	0
66	0
16	267
0	48
17	0
42	0
0	160
1	1
58	547
62	543
11	539
0	538
0	327
12	342
20	261
2	5045
0	2208
30	8
5	1481
0	2524
0	1000
0	577
0	20
0	156
3	291
0	2414
0	140
0	184
7	3
1	1794
2	155
0	2441
4	2415
1	4210
0	911
0	35
1	58
63	687
1	16
0	195
47	5025
77	5050
3	4274
0	519
0	310
0	0
99	882
0	815
0	319
0	455
17	166
0	0
1270	563
0	105
2	360
2	374
19	244
4	59
54	3218
13	1591
2	183
0	346
24	3218
8	0
77	394
1	0
3	0
0	1
0	1
0	1
0	1
0	1
0	1
0	0
0	0
0	0
0	0
0	0
0	0
0	10
0	13
0	14
0	14
0	14
0	14
0	0
0	2
0	0
0	14
0	0
0	8
0	0
0	0
2	141
0	141
0	104
0	106
1	113
0	89
0	62
0	84
714	15387
33	472
56	1537
8	3183
49	2200
186	9897
0	0
0	0
0	0
275	0
0	0
4	0
0	0
23	0
120	382
0	277
0	285
11	41
51	5176
0	5177
1160	4796
0	2835
40	1067
1	667
109	721
27	164
2	479
15	104
4	0
115	53
2	1071
0	979
0	0
0	0
8	298
622	164
1	0
0	0
0	0
0	0
0	0
0	0
0	0
0	0
3705	775
30	641
0	229
34	7
24	5
7	78
0	553
1	520
0	506
0	34
0	0
3	16
1	8
0	8
0	5
0	2
4	0
0	0
33	407
0	173
0	228
0	337
1	49
0	49
0	99
0	22
0	99
1	124
40	17584
0	199
31	216
239	17584
98	590
0	1216
3	1264
2	625
0	86
0	29
0	0
0	0
0	0
0	0
0	0
26	0
15	58
0	53
0	53
0	47
21	5
0	5
0	0
0	0
0	0
0	0
0	0
1450	431
2	0
1	425
5	218
0	13
1	118
0	133
0	113
0	131
0	32
0	59
0	59
0	32
0	6
0	11
2	5
0	8
100	0
298	1271
59	521
0	751
2	955
0	1235
0	1236
0	423
0	0
2	16
0	20
0	19
2	0
0	2
11470	8212
2337	7247
6	547
3	1427
0	425
64	1568
1476	0
2	1013
13	1012
21	882
20	483
0	92
3	8
26	17
0	0
93	28
10	95
0	50
0	24
347	555
0	168
0	280
2	57
0	29
4	262
0	53
0	0
2	84
0	113
0	34
13	1
23	979
3	940
0	726
0	656
2	221
3	182
4	31
0	1
0	1
30	65
53	57
0	36
17	65
16	66
37	0
60	54
0	13
0	16
0	7
0	17
0	21
97	11
99	12
0	1
3	29
0	0
0	1
0	0
35	38
3	38
17	27
0	0
1	0
9	81
0	4
294	77
53	113
2795	219
7	89
0	0
0	0
154	4
0	11
40	11
0	0
0	0
5	6
26	781
0	0
0	800
4	297
11	0
32	26
0	0
3	43
0	285
5	314
6	147
201	41
1	0
0	41
9	18
0	0
0	0
1	0
0	0
0	0
0	0
0	0
0	0
0	0
0	0
0	0
0	101
0	0
0	122
0	3682
0	3887
0	4459
0	4167
14	162
90	196
0	44
0	0
0	0
842	370
17	0
0	0
16	400
16	400
0	0
535	0
0	4
0	2
0	5
0	1
0	497
0	0
0	0
3563	82
19	80
0	0
3	2977
22	2724
0	2715
0	1258
2	2072
0	2719
0	2683
0	1788
5	2178
41	819
8	1308
0	2051
3	49
0	350
1	1436
23	496
156	157
0	33
1	142
7	0
0	28
183	976
65	55
8	921
11	1908
1	302
6	0
268	195
70	1831
2	3701
24	82
0	185
4	82
4	240
0	2
5	290
123	2087
0	4974
0	0
11	404
1	29
0	3564
53	2928
161	3563
29	1088
38	1229
0	720
53	2232
0	0
0	22
4	633
1	1
3	72
0	8
426	2802
516	767
402	1039
0	1530
0	1339
1	608
1	9
6	3109
59	0
11	1733
3	754
163	647
80	1353
79	2303
4	27
2	7
0	11
1	22
0	21
0	0
0	24
0	17
0	17
0	23
2	5
16796	2925
14	2921
0	0
9	0
0	0
0	0
103	1543
0	1525
174	192
5	5
540	355
1	40
0	5055
12	5806
5	5747
28	5780
239	1191
2	2484
0	3115
1	6
0	0
309	190
17	2
4	52
1	12
8	44
3	4
0	2
0	2
0	2
0	0
0	1
0	2
0	2
0	0
0	0
1	0
0	0
0	0
2	6
0	0
0	0
5	0
0	0
2	1028
8	1039
0	70
32	28
9	57
14	0
229	339
0	0
39	9
0	8
7	1555
4	1685
4	215
0	173
12	79
3	194
0	583
0	6
0	6
4	5
0	5
0	6
3	5881
0	0
29	5911
161	5887
18	893
44	143
47	889
7	218
5	0
1	19
5	19
0	17
0	17
0	17
0	16
1	1
0	20
1	109
91	2085
1	187
0	1962
2	615
5	1295
0	0
33	218
0	1195
1	0
2	0
2	812
252	720
0	15
2	88
1	297
0	488
27	4
11	250
0	119
6	338
0	3
12	291
4	291
0	0
0	0
0	1
3	7
0	1
260	108
19	55
8	57
2	104
35	6
1	147
0	0
0	0
0	0
0	1
0	0
0	8
0	292
0	281
0	29
0	145
0	143
0	15
0	194
1	106
3	78
0	81
0	87
0	74
0	63
0	0
0	0
0	0
0	0
0	0
0	0
0	0
0	10
0	0
0	0
0	0
0	0
0	0
0	0
0	0
0	0
0	0
0	0
0	0
124	1129
0	1303
0	103
58	1015
0	1037
0	150
0	4
0	4
5	0
0	0
0	0
0	0
0	0
0	0
0	0
0	0
0	0
0	0
0	15
1	15
0	19
0	2
32	0
0	12
0	2
0	3
0	1
0	9
1	0
0	11
0	11
0	0
11	0
0	0
0	1
0	0
0	0
0	3
0	3
0	5
1	505
628	1315
6	0
0	378
1	722
7	0
3	420
56	2696
4	2714
24	62
4	1625
3	59
0	61
3	98
1	56
188	132
1	0
0	0
61	0
0	0
0	0
0	0
0	0
0	33
3	33
0	0
0	0
0	0
0	2
0	2
1	470
89	470
0	110
11790	341
11	314
7	0
1	9
46	139
0	140
15	11
0	3
0	17
22	0
0	0
0	0
89	2
78	9
34	0
0	0
0	0
0	0
0	0
0	0
0	0
0	0
0	0
0	0
0	0
0	0
0	0
2	0
2	8
1	8
1	4
0	2
0	1
1	0
0	0
0	0
1166	320
0	24
4	142
0	41
5	207
0	84
3	7906
273	8990
0	1119
0	291
33	2205
143	7703
0	1467
0	23
0	1271
6	654
7	2530
9	738
0	0
0	448
0	448
2	24
9	1865
1	1563
16	1340
2	436
0	1
6	2125
5	2104
119	1741
2	1762
1	500
3	354
7	185
35	10
0	0
1	146
1238	1997
1	317
2	546
78	1090
0	1429
3	43
3	29
7	7
0	4
0	4
0	4
0	2
0	2
1	0
0	3
0	0
0	0
0	0
0	0
0	0
0	0
0	0
0	0
0	0
0	0
0	0
0	0
1	64
34	3
0	4
0	1
0	1
0	1
0	3
0	0
0	0
0	0
0	0
1	0
24	28
5	29
0	24
0	0
0	0
0	0
0	0
0	0
0	0
1	25
54	32
0	7
0	5
0	2
0	3
2	0
0	18
0	20
0	21
0	6
24	2
4	7
41	465
0	536
2	9451
27	9414
34	6200
27	6910
0	7061
39	3335
4	314
27	70
0	0
3	100
0	38
23	33
1	982
1	553
46	830
351	2876
0	0
3	0
0	1
0	1
0	0
0	0
679	63
7	63
1	0
54	0
287	5196
16	5196
397	769
7	323
0	0
1	634
9	338
4	29
4	0
0	0
3454	510
16	508
1	254
0	0
0	6
0	5
0	3
0	6
0	7
5	9
6	10
4	1
0	2
94	1600
12	1600
3	1117
1	0
368	1201
1	336
2	222
332	756
3	191
0	5
0	12
0	11
2	343
13	464
8	343
5	440
0	7
0	13
210	7
0	356
3	79
1	6
0	9
17	462
45	130
11	185
3	72
3	201
2	120
0	4
53	157
0	77
1	69
23	0
2	50
4	98
5	168
23	136
0	17
4	2
1	2
1	0
0	0
0	0
2	0
0	0
275	276
8	79
0	53
0	69
0	65
1	69
67	1905
165	2144
290	323
0	1
3	1
0	0
44	5081
0	4030
66	1787
70	3802
1	150
1	491
284	536
0	200
7	467
1	167
1	255
1	95
3	489
0	145
0	111
4	56
9	296
58	447
3	126
0	116
14	263
0	222
0	1
0	147
0	149
3	41
0	28
0	0
3	47
6	20
0	6
0	0
27	0
0	0
0	0
1	0
1883	3062
30	2724
0	831
50	1115
1	225
3270	706
0	1
195	705
0	335
0	62
27	119
60	52
0	0
0	0
1	1
0	0
0	0
0	4
0	112
0	34
0	0
0	0
0	0
0	0
0	0
87	290
12	272
0	176
154	530
248	506
244	106
1	106
14	36
0	36
1	0
90	585
326	471
11	471
0	144
1	0
36	138
3	138
0	0
7971	5831
0	3925
18	3412
3	3349
0	820
94	1277
25	0
1	0
0	0
0	1
0	1
0	1
0	1
0	0
0	21
0	13
0	0
0	0
0	0
0	5
0	0
95	18
0	34
1	22
30	13
0	14
0	0
0	0
356	9
0	11
0	13
0	5
0	8
35	0
3	0
0	0
5	0
0	7
0	0
6	7
1	0
3	6
0	0
0	0
0	0
0	0
0	0
0	0
0	0
0	0
0	0
0	0
0	0
0	0
0	0
0	0
0	0
0	0
0	0
0	0
0	0
0	0
0	0
0	0
0	0
0	1
0	1
0	1
0	1
0	0
0	0
0	0
0	0
0	0
0	0
0	0
0	0
0	0
0	0
0	0
0	0
0	0
0	0
0	0
0	0
0	0
0	0
0	0
0	0
0	0
0	0
0	0
0	0
0	0
0	0
0	0
0	0
0	0
0	0
1	0
0	0
0	0
0	0
0	0
0	0
0	0
0	0
0	0
0	0
0	0
0	0
0	0
0	0
0	0
0	0
0	0
0	0
0	0
0	0
0	0
0	0
0	0
0	0
0	0
0	0
0	0
0	0
0	0
0	0
0	0
0	0
0	0
0	0
0	0
0	0
0	0
0	0
0	0
0	0
0	0
0	0
0	0
0	0
0	0
0	0
0	0
0	0
0	0
0	0
0	0
0	0
0	0
0	0
0	0
0	0
0	0
0	0
0	0
0	0
0	0
0	0
0	0
0	0
0	0
0	0
0	0
0	0
0	0
0	0
0	0
0	0
0	0
0	0
0	0
0	0
0	0
0	0
0	0
0	0
0	0
0	0
0	0
0	0
0	0
0	0
0	0
0	0
0	0
2802	4207
1	1421
12	676
0	435
29	484
21	1327
9	145
1	1104
0	0
0	0
0	0
0	0
3	148
0	148
748	207
4	225
34	1
27	84
2	84
0	75
0	1
0	0
0	0
2	1
0	0
0	2
0	2
0	2
0	2
0	0
0	0
0	0
0	0
0	0
0	0
0	0
0	0
0	0
0	0
0	0
0	0
0	0
0	0
0	0
0	0
0	0
0	0
0	0
0	0
0	0
0	0
0	0
0	0
0	143
4	143
0	0
0	0
6	436
3	436
3	136
622	0
125	474
0	474
17	20
16	0
0	20
109	322
0	322
540	0
0	0
25	4
0	0
0	0
0	0
179	154
0	150
73	1
8	0
623	2
0	28
0	6
0	6
0	416
0	44
0	399
0	0
0	0
0	0
92	320
4	320
0	313
12	324
20	9
3	0
1	11
2	1
427	456
0	393
113	64
789	77
80	76
1	63
0	0
11	3
0	0
0	0
0	0
20	2
185	6
5	2
809	37
1228	42
2	0
644	9
0	741
9	713
0	479
11	715
31	24
41	882
4	880
0	511
0	0
0	0
0	0
0	0
0	0
0	0
0	0
0	0
0	0
0	0
0	0
0	0
1	0
416	0
0	0
1	0
112	0
33	652
22	630
11	513
315	45
0	0
0	0
0	0
0	0
0	0
0	0
0	0
0	0
0	0
0	0
0	0
0	0
0	0
0	0
0	0
0	0
50	234
0	16
0	195
0	207
2	29
4	11
0	0
0	1
0	1
0	1
0	1
0	0
0	0
0	0
0	0
0	0
0	0
0	0
0	0
0	0
0	0
0	0
0	0
0	0
0	0
0	0
0	0
0	0
0	0
36	0
2	0
0	0
490	0
8	0
6	165
0	121
0	36
2	48
1	27
0	0
0	0
0	0
0	0
0	0
0	0
0	0
0	0
0	0
0	0
0	0
0	0
0	0
6	32
1	31
0	29
0	0
0	0
29	633
0	633
0	500
12	27
15	117
0	424
8	364
9	407
9	407
0	263
2	70
3	851
44	850
12	426
113	687
0	543
0	351
7	273
0	232
29	3
1	119
0	114
4	70
13	0
1	0
0	0
0	3
0	3
0	1
0	2
0	374
5	250
0	374
4	336
16	59
3906	324
10	318
271	0
34	161
400	46
34	163
370	784
1	165
30	868
18	869
19	83
0	0
1	0
88	84
0	13
0	83
54	23
12	951
147	17839
23	17225
0	1080
5	406
13	214
62	89
173	3429
0	0
154	3518
9	201
0	0
178	212
270	3679
25	2015
11	3400
0	1564
0	1564
0	1575
38	2490
13	51
0	2
0	2
5	0
0	20
0	20
25	9
8	7
0	2
14	0
806	10830
72	4738
58	8886
0	0
0	0
0	0
0	0
0	0
0	0
0	0
0	0
0	0
0	0
0	0
0	0
0	3
0	3
0	3
0	0
0	3
0	3
0	0
0	6
0	6
4	2650
105	1616
3	2299
50	1075
39	876
13	695
3	4
220	0
0	0
0	0
0	0
0	0
37	0
2879	379
12	379
92	215
1405	3574
0	1135
1	3147
0	1049
0	1259
0	0
2	175
0	208
131	202
0	224
3	167
0	87
18	0
0	261
8	334
0	979
2	1010
11	1107
16	846
86	250
68	91
40	2793
664	3108
10	1965
1	1004
5	244
0	243
0	668
0	622
0	552
0	362
0	381
0	324
0	391
0	382
0	374
0	391
0	391
0	367
0	15
0	38
6	9
6	57
0	53
1	28
0	7
0	0
0	0
0	0
13	223
2	221
0	173
2	38
0	31
428	507
3	102
4	405
10	7
2	86
0	0
2	235
32	192
4	134
0	0
1	3
6	0
0	4
0	4
0	0
0	0
1	0
6	1807
1	3879
0	3821
14	513
32	749
3	2375
0	20
52	909
0	0
0	3125
27	26
0	23
0	24
0	1
0	1
52	16
0	14
40	103
113	2445
35	2459
18	2526
19	2535
16	107
0	174
1	211
4	859
12	172
23	1421
39	1150
4	1046
13	258
0	455
5	72
1	1042
1	376
1	73
1	84
17	65
0	29
0	19
4	10
11	592
19	622
0	558
3	489
0	602
1	592
2	93
25	0
332	1384
40	1384
0	795
2	833
15	827
27	825
1	758
1	6
0	6
0	3
0	408
0	165
5	66
1	123
11	67
0	0
1	12
0	34
0	34
1	1
1	0
9	3258
88	1073
0	2766
0	3103
0	2912
2	3163
3	3159
5	1159
0	39
0	766
13	766
4	553
1	449
2	826
49	39
2	500
0	281
0	382
6	340
0	294
1	238
0	134
8	196
3	102
5	147
18	15
5	4
60	42
16	43
0	1
0	11
1	11
0	2
0	1
0	0
0	0
32	54
4152	3731
0	50
3	3470
0	338
93	564
14	224
6	297
1	216
2	16
0	0
5	2749
0	2697
13	2594
6	83
0	120
4	210
16	2607
13	2621
0	0
7	146
6	1895
0	38
0	192
0	35
12	29
19	4
13	16
108	131
1	276
1	65
14	1015
2	0
20	73
4	37
0	83
0	63
3	21
1	551
0	625
4	734
3	639
0	366
0	348
8	166
1	0
14	2036
35	1992
175	1604
0	79
11	79
4	310
2	797
23	887
0	801
4	1048
9	540
196	2218
48	1026
1	13
4	792
222	1996
101	1228
38	222
0	629
21	626
6	981
6	251
10	67
16	122
0	0
0	0
0	26698
13	0
467	0
0	36422
144	35577
6	27606
45	14454
33	16094
0	7
0	14608
27	5745
3	570
1	1188
15	1702
10	2163
0	793
4	290
0	2
0	0
0	2
149	1253
153	1253
0	3
0	3
0	3
0	3
0	0
0	1
0	1
0	0
0	668
693	0
26	1146
0	169
6	611
0	464
0	1065
4	311
0	539
0	10
0	10
0	9
1	3
3	25
0	25
1	738
0	581
0	630
0	738
1	738
0	569
0	699
0	772
6	696
0	576
0	568
1	677
0	311
4	354
11	41
0	785
0	870
0	870
11	805
0	107
9	771
10	798
17	773
0	8
663	341
2	334
4	1384
0	311
1	143
12	48
0	174
27	113
38	55
0	673
13	1147
21	321
87	458
5	262
0	211
2	176
5	148
0	1610
0	1620
3	1546
1	1567
0	1621
0	1617
0	1576
3	193
0	1132
0	1089
6	53
3	99
41	34
12	15
18	28
35	21
10	123
0	136
406	28
19	142
8	709
2106	709
0	413
34	252
1	157
0	1559
43	1590
5	84
38	1124
1	891
0	1342
0	15
0	151
6	65
0	123
0	688
57	265
1	265
0	134
0	92
2	106
2	398
0	456
1	437
0	90
0	29
0	47
114	130
0	12
12	24
0	41
24	90
0	0
0	0
0	0
0	0
8	1371
0	1421
2	1389
3	134
0	1330
0	116
16	8
1	1
0	1
0	1
0	0
5	0
63	733
17	733
6	580
0	580
0	45
6	2
0	11
5	441
1	76
35	548
117	548
352	0
0	40
0	138
0	101
0	6
0	105
0	103
0	11
0	0
1	16
0	12
17	3476
0	3523
1	2577
148	1421
2	2603
13	2337
0	1757
37	268
12	713
822	690
1	493
0	51
71	36
11	2
6	0
0	0
0	0
0	0
0	0
0	0
0	1
0	0
4	2
6	2
6	77
0	77
1	48
0	36
11	486
1	351
4	323
34	558
0	435
0	1414
0	1380
0	1386
0	99
0	45
0	19
7	20
0	237
0	40
24	36
0	2
0	2
0	2
0	2
0	2
0	15
0	15
0	0
0	0
0	0
0	0
0	0
24	3
0	0
0	3
0	23
0	23
0	21
0	18
0	18
8	577
0	640
0	702
25	152
1	500
0	299
38	148
54	173
32	297
0	144
0	0
0	0
0	0
0	0
1	1
0	1
4	353
0	381
1	378
11	334
0	21
0	25
4	5
5	96
2	156
6	162
8	162
2	145
4	0
0	0
0	230
4	236
0	233
0	227
0	4
0	2
5	27
0	1
7	17
0	0
0	589
90	590
4	537
0	19
93	3
0	94
47	523
4	133
5	227
0	0
1	279
0	381
42	244
9	323
1	278
0	296
0	96
0	163
0	116
7	91
0	1
0	1
8	289
9	973
0	524
7	1010
3	1008
6	647
14	779
2	648
27	154
7	63
1	129
0	78
1	60
2	133
0	134
15	87
0	87
0	4
62	1135
12	1135
0	8
8	142
1	1147
0	1147
0	1006
1	163
0	225
25	126
2	183
5	81
36	2553
9	2075
64	2240
0	2298
47	2078
0	2243
26	1723
0	0
5	137
21	1187
2	85
0	33
250	2015
9	934
24	1232
3	450
0	330
3	170
8	240
2	99
1	347
0	181
0	409
0	236
1	263
0	71
2	160
1	129
3	88
0	805
3	818
0	824
0	803
11	176
0	73
3	145
1	50
1	52
42	173
0	50
0	24
0	207
0	182
1	239
3	272
2	82
0	110
1	43
200	800
0	517
23	127
5	997
0	94
14	26
0	26
19	827
0	900
1	902
0	905
0	831
0	182
0	254
2	56
0	72
20	66
0	16
21	0
0	634
7	1844
0	1784
0	1668
5	1756
1	1797
0	1680
0	214
1	304
0	181
1	178
20	137
3	211
12	16
2	79
26	563
0	0
0	348
3	371
4	285
0	73
0	14
4	0
0	0
0	0
2	0
0	0
6	847
0	822
1	796
19	850
15	536
0	536
0	14
16	44
5	4
3	0
0	4
0	718
6	1151
1	715
0	1103
21	92
2	323
0	0
0	1285
0	1348
0	1141
0	1541
1	1102
0	1264
0	1276
0	963
0	40
0	119
0	152
23	240
0	203
0	178
0	59
2	47
49	65
5	1442
0	2228
4	1235
14	1615
58	1466
0	953
7	1688
4	1395
4	1422
1	1373
5	1370
20	205
375	1707
0	1718
0	1762
0	1263
0	0
1	55
3	4
0	1
0	4
0	1
6	89
0	66
0	52
1	16
0	106
0	117
0	117
0	10
0	5
6	171
0	26
9	73
2	33
1	89
1	63
43	5402
0	5264
0	5277
67	5297
45	4846
80	5155
0	5185
13	558
0	422
0	15
0	0
0	0
0	0
17	1168
1072	964
0	409
0	921
142	1025
288	1179
7	1065
0	173
0	218
0	0
46	348
0	0
0	0
1	152
8	206
1822	274
1	0
4	0
0	0
0	0
0	0
5	543
0	452
36	496
0	419
27	108
0	0
3	0
0	2578
0	0
191	3822
6	8
0	780
0	0
0	1724
1	1140
0	1427
1	1436
10	1416
0	1426
0	801
13	0
0	0
4	1060
61	849
1	2612
1	537
0	1548
81	1899
1	160
85	401
1726	1126
4	707
48	1022
3	161
2	82
4	103
5	539
1	477
2	80
18	57
0	152
0	422
8	318
15	14
8	322
0	0
0	0
1	2
0	2
0	0
0	0
0	0
0	0
7	31
55	269
18	238
4	233
0	0
0	668
7	432
10	656
4	533
1	147
9	416
0	560
11	212
0	0
4	386
1	462
19	539
11	480
1	439
0	510
10	267
0	575
0	110
8	313
3	211
0	159
38	149
0	142
3	140
0	141
0	134
1	150
0	0
0	133
0	133
1	132
12	13
1	14
0	16
0	10
0	16
3	874
0	889
5	930
1	0
5	1
1	28
0	8
15	3
8	7
5	2686
0	2403
3	2287
1	1000
0	40
0	27
5	26
0	4
8	0
10528	177
0	0
0	0
0	177
389	471
6	416
0	416
8	410
0	0
2	0
60	1135
117	1173
0	80
17	433
34	214
1	184
36	51
1	0
0	0
1	4
0	4
0	0
0	0
0	0
0	2
0	2
0	2
0	2
0	2
0	2
0	2
0	2
0	2
0	2
0	2
0	0
0	2
0	2
0	0
0	2
0	2
0	2
0	2
0	2
0	2
0	2
0	2
0	2
0	2
0	2
0	2
0	0
4	0
0	0
0	0
0	0
0	2
0	2
0	2
0	2
0	2
0	2
0	0
0	0
0	0
0	0
0	1
0	9
30	0
0	0
0	832
0	2304
0	786
5	2288
4	2228
2	1089
0	2222
10	368
0	275
0	308
6	1027
0	2034
1	895
0	246
0	961
0	2173
0	663
2	228
8	94
0	211
4	211
1	158
7	135
0	157
0	149
0	180
0	0
0	0
596	2281
6	1794
8	711
6	401
0	462
0	6647
0	364
0	342
0	126
0	16
98	141
7	0
151	9187
3	6028
0	7784
0	6820
13	7046
57	1877
0	6008
25	2994
1	0
0	27
0	46
2	47
0	46
1	27
0	0
0	3
0	24
0	16
0	4
1	8
4	1490
12	788
0	1165
5	729
0	962
5	255
1	0
12	5660
56	5133
0	1848
27	1697
33	929
32	1256
0	1
0	3
1	765
0	949
95	491
0	949
0	748
1	836
976	144
0	39
0	45
0	0
0	70
0	40
3	596
13	266
47	531
0	482
1	54
0	0
29	50
1	0
5	76
11	2238
0	2166
0	2237
3	101
0	2166
26	0
0	0
8	0
2	0
23	1626
17	181
32	88
9	22
1	1336
0	304
3	17
0	34
0	31
0	34
2	5
0	15
1	27
1	30
0	25
0	30
0	30
0	30
0	30
0	31
0	5
2	128
0	87
0	4
0	0
0	0
38	57
0	49
1	40
0	50
0	5
0	44
0	10
72	0
8	608
0	443
22	554
21	0
0	582
8	211
0	491
0	582
2	131
0	190
0	302
0	116
1	61
2	40
42	103
0	22
0	15
0	0
0	31
0	44
0	18
1	10
3	0
461	790
0	510
0	275
0	298
0	536
13	670
5	0
19	428
148	56
0	336
1	282
2	305
1	289
0	342
0	307
0	39
0	319
6	99
0	157
3	9
4	18
0	66
1	17
3	79
0	0
0	74
1	0
5	16057
194	14982
0	9367
0	6732
0	2243
1	6469
0	4363
0	12545
1	14921
2	4950
2	5787
14	368
0	12208
0	11853
0	4911
265	7602
1	655
0	650
6	685
68	632
0	357
38	61
0	23
0	0
82	12
0	0
0	1
0	0
0	0
0	1
0	0
0	1
0	0
0	0
0	1
0	0
0	0
0	1
0	0
28	1856
0	1859
0	1832
0	1732
0	628
1	212
0	320
0	400
0	380
0	230
101	0
28	32
127	51
0	0
0	0
150	0
0	0
0	5
11	2
0	0
3	0
9	56
0	56
0	0
0	0
1	0
0	0
0	0
0	0
0	0
0	0
124	73
0	73
0	0
0	5
1	5
0	5
1	3811
7	3846
4	689
2	1916
128	20
161	659
0	914
0	374
31	22
6	909
19	881
1	598
47	13
0	1
0	4
0	4
0	1
0	1
0	1
0	0
2	0
24	3003
0	3008
0	3161
2	673
34	770
0	2996
2	828
1	2908
34	2
0	15
14	247
108	4398
6	2652
0	1164
0	3351
4	840
6	1745
14	1835
2	2768
0	3018
15	0
23	1367
0	842
0	798
1	819
2	84
0	1107
0	977
0	1161
1	53
19	933
6	41
1	111
1	0
1	55
0	139
0	394
0	22
0	3
0	350
9	101
0	0
0	0
22	21
0	21
1758	86
11	84
0	0
0	0
1	2
0	2
0	0
0	1
0	0
6	0
0	327
0	715
0	2363
4	2381
0	92
0	656
9	1355
0	862
0	2195
0	1931
0	905
0	581
3	18
3	1395
129	21
0	529
0	1422
0	3641
0	3584
0	767
12	2467
9	672
321	682
17	22
0	974
2	332
9	316
0	226
0	584
0	979
4	454
5	999
3	53
1	874
0	797
75	563
14	68
1	0
36	37
0	271
0	17
117	52
8	16
0	2
0	2
0	0
7	0
427	6405
34	6593
702	6230
273	16
4	925
0	248
0	676
0	340
42	4613
9	1008
0	7
0	7
0	7
0	7
0	7
10	14
0	7
0	7
0	14
0	14
0	14
0	14
0	14
0	11
0	0
2	1
3	554
4	0
104	1601
11	1593
16	466
10	36
0	1
0	0
0	47
0	47
0	7
0	1900
0	9
0	0
0	0
0	25
0	25
0	1
0	3
0	0
0	0
2	0
0	0
106	1092
0	907
0	828
0	906
2	1040
1	378
4	72
6	0
12	1307
29	1399
3	918
0	434
0	184
0	851
0	559
2	686
0	897
0	1032
5	1102
0	517
51	218
0	215
0	302
0	1187
0	217
0	1182
0	550
0	1180
0	1182
0	956
0	860
0	366
4	45
3	269
0	196
0	80
21	160
8	146
1	86
3	72
0	14
1	0
1	0
1	4917
37	2120
47	2898
19	1851
0	4609
0	4512
0	2757
0	2728
6	3058
1	4278
0	4820
6	4484
0	3729
1	1903
2	7
1	1394
0	1560
48	731
0	13
0	344
1	15
34	48
7	314
1	59
0	260
0	53
0	192
12	21
5	1
7	157
0	20
0	0
7	4
0	0
0	4
0	0
0	0
0	0
0	0
0	0
0	0
0	0
0	0
1	1
0	0
0	0
0	0
0	0
0	0
0	0
0	0
0	0
0	0
0	7
9	10
0	7
0	7
0	6
0	5
0	5
0	5
0	5
0	6
0	5
0	4
0	4
0	4
0	4
0	0
0	0
0	0
0	0
0	0
0	0
0	0
0	0
0	0
0	0
0	0
2	0
0	0
3	0
86	960
0	128
0	632
1	406
2	1
0	727
24	176
0	0
0	0
0	0
0	0
0	0
0	0
0	0
0	0
0	0
0	0
35	741
1	741
0	457
23	541
0	0
0	0
0	0
1	0
41	883
0	298
0	805
6	44
102	2732
4	33
7	691
108	0
0	266
16	100
7	283
41	8
0	258
1	0
261	2541
0	707
0	1643
1	407
2	103
0	130
1	534
0	82
0	228
1	44
0	152
3	173
33	1599
4	16
135	215
1	389
0	213
0	30
112	910
0	75
2	42
73	107
28	16
1	0
1	0
0	0
6	108
0	106
0	92
0	16
1	26
2	5
0	7
0	0
0	7
0	3
1	0
11	0
0	0
0	0
0	0
0	0
12	2760
67	2673
0	2260
2	2445
0	112
0	153
0	951
4	562
0	2314
24	0
28	15
2	15
0	157
240	1554
1	881
6	736
0	701
0	537
0	443
0	53
4	180
0	723
1	171
0	174
2	137
0	104
0	113
23	37
0	34
0	3
0	0
39	3
0	512
15	18
0	0
0	497
0	489
0	508
370	218
0	0
0	0
0	489
7	518
0	136
63	86
0	86
0	10
560	4912
0	0
21	527
0	4446
0	1781
0	2207
0	2205
6	1569
1	2033
15	500
0	32
0	1
0	0
0	0
89	13
0	3590
11	563
42	3590
0	3225
4	60
0	3188
0	3553
0	3348
7	235
0	67
4	168
8	4
16	19
4	15
1	156
0	0
0	59
0	15
0	56
0	64
2	75
0	0
0	148
2	147
0	0
0	0
5	0
7	7
0	5
1	0
0	0
0	0
0	0
0	0
0	0
0	0
0	0
0	0
0	0
0	117
622	181
7	44
8	88
0	0
0	57
16770	2
0	0
0	0
0	0
0	0
0	0
0	0
0	0
3	3
0	3
0	5
0	5
3	4
0	4
7	35
0	4
0	3
0	23
0	31
0	6
1	1
5	1
0	7
0	0
0	0
0	0
0	28
3	28
0	25
0	251
10	16
80	16
12	3084
1	316
2	85
360	3088
1	1167
1	246
0	10
4	507
0	3
0	2846
116	3
15	899
189	750
7	582
23	0
15	151
0	1405
4	6825
29	6016
0	6123
0	6123
0	6441
0	6125
0	6145
0	5479
0	5479
0	6457
0	6403
0	6417
19	4460
12	5081
95	3931
0	5736
2	843
16	5881
106	0
17	6720
8	5803
657	1726
0	0
0	957
4	1488
0	3829
0	0
0	2440
0	1457
2	1429
142	685
1	0
20	737
0	670
0	699
1	466
0	332
5	52
0	44
4	30
1	88
5	21
0	83
2	55
0	14
1	0
2	4
689	773
201	1035
11	613
22	232
6	369
32	0
161	0
0	1
0	1
2	1
10	0
4	0
636	500
27	27
0	453
4	17
17	497
0	319
0	0
116	0
1	433
0	25
2	283
0	282
0	245
0	238
4	38
1	24
105	1236
0	1227
0	1248
0	1257
9	752
13	545
0	303
0	26
0	336
0	327
0	309
4	131
2	889
23	988
314	1097
3	1124
0	741
54	672
1	673
1	125
39	65
104	30
1	0
0	0
0	0
0	0
0	0
0	0
0	0
0	0
0	0
0	1
0	1
542	290
6	290
1	107
0	8
0	0
1	0
2	0
0	48
0	48
0	44
0	45
0	45
0	0
0	1
0	0
7	687
0	210
0	38
0	210
0	49
0	32
7	638
1	71
14	57
7	3
10	21
12	21
1	79
3	43
1	35
2	0
0	0
0	0
1	0
0	0
0	0
0	0
783	37
0	33
0	29
1	0
2	10
0	10
9	1603
0	1650
2	104
0	31
11	77
198	681
7	513
22	496
4	464
3	326
4	148
0	0
29	5
44	0
0	2819
0	2870
0	2857
0	3019
14	1445
0	2161
0	1636
1	206
2	182
222	726
0	311
0	109
0	226
0	19
4	104
1	48
3	1182
113	1152
0	868
29	774
0	145
16	215
2	246
1	221
3	89
0	211
24	239
2	85
21	168
2	872
0	736
0	801
75	563
0	529
0	644
0	93
2	55
27	55
3	28
5	157
16	152
0	30
8	8
0	0
0	201
2	192
0	204
0	14
1	192
0	172
0	0
3	13
11	21
4	0
0	5
0	8
2	32
0	8
0	2
5	17
0	16
3	15
0	12
1	15
0	12
0	15
1	15
7	34
0	1
0	14
0	0
0	20
109	103
0	49
0	109
0	13
0	1203
16	1232
3	1012
4	896
3	345
4	122
0	417
4	46
28	408
10	248
0	0
0	0
0	0
0	51
0	0
0	0
341	1075
3	1075
6	49
0	0
0	0
0	0
0	0
0	0
0	0
0	0
2629	1728
6	1722
0	528
1	0
35	28
0	28
0	7
0	0
0	0
0	0
2	998
0	956
1	99
6	39
5	53
0	0
8	9
0	0
0	0
8	0
0	0
6	430
1	0
0	417
0	36
0	60
0	684
2	684
1	715
3	684
0	213
5	123
17	631
1	454
1	85
1	465
8	15
29	206
0	154
4	203
0	58
1	126
0	60
0	112
92	112
13	25
9	7
1	7
0	0
0	7
0	7
3	0
0	4
400	11
0	11
18	3
22	381
0	391
1	44
374	30
1	30
0	0
0	0
390	76
0	23
15	76
0	0
0	0
0	0
0	0
0	0
0	0
0	0
0	3
0	0
0	3
0	4
0	4
0	4
0	4
0	3
612	179
0	0
0	0
0	0
771	185
0	4
0	8
453	203
4	188
6	53
2	11
76	406
326	389
0	57
0	44
5	0
0	0
0	652
1	624
0	624
41	107
6	195
0	608
1	113
0	587
0	509
0	420
40	15
0	48
2	329
59	410
6	330
1	460
0	444
0	14
6	294
1	29
6	162
0	179
8	174
0	133
7	5
2	25
3	14
0	71
0	16
0	16
0	3
22	5576
0	5206
4	766
0	5156
1	874
0	5472
1	119
108	22
2	928
0	1190
2	1139
1	448
72	413
0	454
363	448
1	703
64	814
0	769
0	769
7	1159
28	1235
2	398
89	551
26	481
0	103
0	0
0	2934
65	3077
1	1842
0	871
3	1014
1	140
103	0
24	154
0	154
1	12
0	16
0	0
0	53
5	264
0	264
0	83
1	8
0	192
0	4902
7	30
1	16
4	39
17	32
995	4836
2	1413
6	4207
412	7692
1	3485
37	339
3	153
590	1620
109	138
38	1349
3	66
4	115
0	554
0	353
3	1349
0	993
21	1349
28	583
2	97
11	454
3	479
0	0
0	0
3	833
0	18
0	710
10	586
2	615
0	195
19	101
0	0
6	0
34	22
0	22
7	20
2	118
31	1001
0	24
0	159
2	1001
0	153
11	225
6	160
0	135
0	141
0	706
2	71
1270	71
0	146
3	2
15	6728
18	427
2	2
82	6700
0	574
2	2172
0	1165
3	580
7	68
821	885
0	56
0	164
0	290
7	4
0	117
0	8
0	71
33	110
5	150
33	101
6	438
19	173
12	868
10	659
9	573
13	531
0	315
0	0
5	463
430	318
3	68
5	253
1	74
263	0
11	10826
0	14440
339	10548
4	12573
0	17386
44	10843
33	11343
77	14357
28	3171
61	981
1	2
410	1020
0	885
0	102
2	165
13	159
0	0
29	339
1	0
178	67
8	67
0	0
6	0
214	22782
3	22770
25	22464
4	10054
28	10673
844	24228
9	6417
2	384
22	4768
0	4639
179	11921
19	3978
23	8121
42	10351
29	834
67	2454
0	0
176	430
98	371
2	59
0	0
0	0
0	0
2	57
0	452
1	468
1	527
17	3774
0	361
0	294
0	81
0	333
0	379
0	296
0	139
0	130
0	164
0	4159
24	3988
20	2536
7	823
1	17
0	945
1	1534
42	47
0	1544
5	1466
0	1476
8	168
2	87
2	115
13	46
11	140
15	106
0	107
0	106
2	108
0	107
0	106
0	106
1	49
0	2
0	3
0	1
0	20
0	0
0	1
0	1
0	0
9	42
0	36
0	44
0	0
0	6605
40	6628
49	6463
0	4627
19	1327
67	620
49	1022
20	661
0	347
4	643
4	561
105	3540
19	528
0	628
30	259
1	141
2	142
0	2
0	101
4	2
0	26
0	0
6	9
2	485
0	5
0	0
0	0
0	481
9	192
2	205
4	188
24	197
0	194
290	336
5	91
0	240
133	475
6	248
46	420
0	152
1	483
0	31
0	44
26	1657
17	566
30	1515
1	1470
0	1128
4	227
0	347
0	1031
13	1539
0	1325
6	1337
14	360
12	913
0	0
0	164
0	0
72	1410
0	31
4	1390
0	101
0	56
1	0
28	128
5	29
1	87
1	59
0	76
12	56
3	2
0	1729
48	4957
1	1534
0	3080
13	1255
17	2047
7	1185
43	856
311	4779
0	3004
107	2582
8	809
1	1
0	1
151	4374
7	3680
7	2320
13	3483
2	2689
68	0
0	0
0	0
0	20
3	20
425	64
3	64
0	0
0	0
0	0
0	6
0	2
0	2
3	6
0	1
0	0
0	0
0	0
0	1
1	1
0	2
0	5
0	2
197	337
565	296
0	0
1298	326
15	326
514	41
6	0
8	1135
0	1135
0	0
25	3
80	789
0	11
0	777
3	2
0	0
0	29
0	57
0	56
5	16
1	35
2	32
0	1
0	33
51	137
6	137
0	64
1	945
408	975
0	533
5	140
7	245
0	26
0	26
0	20
0	24
0	34
0	35
0	30
0	25
0	29
0	28
0	20
0	24
0	28
369	283
1	0
17	209
3	88
0	564
1	397
7	1118
1	3163
0	1832
16	2830
0	2799
19	212
5	22
0	12
0	19
0	10
2	6
0	321
0	1
16	618
0	617
6	613
0	432
2	433
2	425
0	199
52	286
0	227
0	68
20	3
5	3
0	0
172	0
1	0
204	1261
0	77
0	58
1	1213
5	26
485	8012
16	5771
0	8157
1	7793
0	0
0	2
8	456
4525	1642
6	618
0	2
0	0
0	0
0	161
31	15
0	7
0	6
1	26
0	612
0	610
0	611
4	21
0	4
0	5
0	564
0	1
0	58
13	385
1	172
88	80
1	145
0	102
0	5
38	190
1	42
0	359
0	549
19	523
22	243
16	143
0	193
0	197
0	46
0	80
6	94
10	39
38	3136
94	3196
0	3209
45	2846
2	129
2	349
3	502
0	0
3	370
0	0
1	110
11	46
0	523
0	895
20	823
0	431
19	866
17	10
1	214
4	19
2	787
0	2954
0	2613
0	2947
0	2753
1	541
0	679
0	2702
0	2283
0	412
0	0
0	342
43	404
0	272
2	50
0	32
0	47
0	13
0	0
2	0
160	13
5	6219
0	5963
0	6055
0	6319
27	107
5	424
35	104
7	239
46	1741
0	860
6	2025
0	435
5	442
13	1395
144	10103
933	11066
5	10474
218	2671
280	2671
2	318
106	392
13	416
7	511
91	278
29	486
80	584
0	0
63	144
46	112
0	0
2	0
1251	1155
441	1169
1	0
10	68
98	0
29	43
19	374
8	107
0	92
5	341
0	261
0	324
1	304
8	53
2	25
4	296
3	4850
0	4581
52	503
0	201
26	4158
3	168
3	174
2	449
4	491
12	93
0	125
9	164
9	399
6	24
0	24
0	0
0	0
0	0
0	0
0	6
0	38
0	32
2	19
0	36
0	33
2	5
0	0
5	11
0	7
4	2
0	6
0	0
3722	2986
21	2986
85	648
4	629
4	258
2	67
12	5
0	5
0	5
17	5
0	3
1	23
2	42
0	16
6	20
0	14
0	48
0	236
158	236
1	42
3	0
48	200
105	1550
1	1403
13	47
1	292
25	0
6	234
0	0
2	11
0	11
1	1685
0	1174
283	1817
1	1428
1	432
5	568
0	1112
0	647
1	117
2	0
11	42
25	195
34	461
1	2
17	0
1	459
42	36
950	36
3	0
0	3918
5	4145
0	3416
0	923
8	1928
0	684
17	308
3	3522
1	3522
10	423
29	168
26	303
20	282
32	34
2	247
29	188
397	8531
78	8297
2	843
12	223
34	178
0	391
89	0
11	0
0	112
0	197
0	197
0	197
0	149
0	35
1	2
0	0
68	0
2	115
9	87
0	79
0	0
33	116
0	116
6	0
0	0
381	68
1	0
6	68
0	60
4	1
0	11
0	30
6	48
0	30
22	4399
11	1501
548	2299
96	4283
0	74
1	4225
0	2
0	0
0	0
0	0
5500	24168
209	24167
33	4932
0	0
1	0
0	7
46	332
2	343
5	342
1	240
538	51
530	102
1	0
144	0
148	1720
163	1722
43	102
32	91
0	18
0	53
688	366
0	355
54	803
25	625
0	794
0	806
423	900
4	522
1	54
0	151
31	150
28	148
11	0
0	0
0	0
0	0
0	0
0	0
0	0
18	437
0	439
0	0
9	231
0	166
1	411
51	32
0	415
12	404
0	32
2	23
17	4
6	0
40	0
0	0
0	0
0	0
0	0
0	0
0	0
0	0
0	0
0	0
0	0
26	977
3	746
7	494
1	354
1	96
7	54
1	22
0	92
6	46
1	100
2	187
2	119
11	421
11	48
0	161
1	358
1	293
2	154
0	94
0	37
1	65
2	24
0	2
0	9
4	5311
0	5267
0	5320
0	4891
0	5267
1	3213
26	2367
2	989
4	1191
44	970
2	971
6	273
0	0
0	0
0	0
7	0
1	0
827	0
242	1331
0	949
9	672
3	28
1	493
0	514
3	493
0	312
2	237
3	213
10	104
11395	6096
14	4543
14	1477
14	1605
1182	106
9	27
14	79
2	0
320	33
0	5
0	29
11	453
0	485
10	508
0	521
0	515
0	0
0	338
100	2314
2	2281
23	392
2	52
4	84
0	178
1	147
3	118
0	280
17	279
4	122
28	265
1	131
0	64
0	19
0	0
0	0
32	0
3	174
0	155
4	165
4	36
10	66
1	163
0	149
0	21
7	38
0	75
1	29
5	73
45	68
6	69
9	48
3	6
66	676
0	455
0	413
7	310
1	141
0	115
22	181
7	7
0	305
0	2772
0	16
218	322
1	362
2	2769
0	0
13	137
1	1
0	0
2355	1377
3	527
9	142
1	94
17	194
0	0
12	463
0	205
13	19
4	148
5	156
4	42
0	2
2	9
0	6
7	6
0	3
6	4
1446	57
3	57
0	0
11	0
53	18
1	18
47	2760
1290	3904
25	4124
0	1124
91	1142
5	1441
1	1545
25	1707
39	1723
7	3
4	2
0	0
0	2
0	3
0	2
0	2
0	3
0	3
0	2
0	1
0	0
0	0
0	3
0	0
0	0
51	17
0	79
0	0
18	87
0	134
5	142
7	3
0	80
0	79
0	0
1	2
0	2
0	0
0	0
0	0
0	0
0	0
0	8
0	8
0	6
0	1
0	4
2	0
1	0
0	0
0	14
0	14
0	12
0	11
0	3
0	4
0	4
0	0
0	2
0	2
0	0
0	0
1	0
0	0
0	0
0	5
0	1
0	0
0	0
0	0
0	0
0	0
1	0
0	0
9	214
28	297
34	324
13	159
1	77
11	61
4	600
6	740
0	732
0	662
0	69
0	235
373	189
0	0
0	0
0	0
0	0
0	0
0	0
0	0
0	0
0	0
0	0
0	0
0	0
0	0
0	0
0	0
0	0
0	0
0	0
0	5
1	5
0	0
0	0
0	0
0	0
0	0
0	0
0	0
0	0
0	0
0	0
0	0
0	0
7	30
263	469
0	1515
0	1507
0	1523
6	406
0	594
1	537
0	0
47	104
0	1024
16	684
10	633
9	168
66	0
216	523
21	505
34	21
3	1
1928	4
0	0
107	59
0	36
1	23
603	680
0	680
6	226
18	397
120	397
0	90
5	207
15	142
17	10
2	142
0	142
0	0
1	0
0	0
0	0
3	4
0	4
0	4
0	4
0	1
1	55
0	2
0	58
0	5
3	2
2	2
0	22
0	2
0	16
2	52
20	58
0	22
0	6
0	0
0	0
0	0
17	681
27	633
0	143
1	4
2	129
1	2
7	623
0	53
1	18
8	10
3	25
0	0
0	0
0	0
0	0
0	0
0	0
0	0
0	0
0	0
0	0
0	0
0	0
0	0
0	1
0	0
0	0
0	0
0	0
0	0
0	0
0	0
0	0
0	0
219	2
0	0
0	0
0	0
0	0
0	0
0	0
0	0
0	0
0	0
0	0
0	0
0	0
0	0
0	0
2	0
2	0
1	0
0	0
0	0
277	0
0	0
0	0
0	0
0	0
0	0
0	0
0	0
0	0
0	0
0	0
0	0
0	0
0	0
0	0
0	0
0	0
0	0
0	0
0	0
0	0
0	0
0	0
0	0
0	0
0	0
0	0
0	0
0	0
0	0
0	0
1	0
0	0
0	0
0	0
0	0
8	85
4	85
0	8
0	8
0	28
0	28
0	10
0	0
0	0
0	0
0	0
0	0
0	0
0	0
0	0
0	0
0	0
0	0
0	0
0	0
0	0
0	0
0	0
0	0
0	0
0	0
0	0
0	0
0	0
1	12
0	0
0	0
0	0
0	0
0	0
0	0
0	0
0	0
0	0
0	0
0	0
0	0
0	0
0	0
0	0
0	0
0	0
0	0
0	0
0	0
0	0
0	0
0	0
0	0
0	0
0	0
0	0
0	0
0	0
0	0
0	1
0	0
0	0
1	0
0	0
0	0
0	0
0	0
0	0
0	0
0	0
0	0
0	0
0	0
0	0
0	0
0	0
0	0
0	0
0	0
0	0
0	0
0	0
0	0
0	0
0	0
0	0
0	0
0	0
0	0
0	0
0	0
0	0
0	0
0	0
0	0
0	0
0	0
0	0
0	0
0	0
0	0
0	0
0	0
0	0
0	0
0	0
0	0
0	0
0	0
0	0
0	0
0	0
0	0
0	0
0	0
0	0
0	0
0	0
0	0
0	0
0	0
0	0
0	0
0	0
0	0
0	0
0	0
0	0
0	0
0	0
0	0
0	0
0	27
0	0
0	0
24231	1104
15	0
0	0
0	0
0	0
0	0
0	0
0	24
0	25
0	0
0	0
0	0
23	0
0	0
0	0
0	0
0	0
0	0
0	0
0	0
0	0
0	0
0	0
0	0
0	0
0	0
0	0
0	0
0	0
0	0
0	0
0	0
0	0
0	0
0	0
0	0
0	0
0	0
0	0
0	0
0	0
0	0
0	0
0	0
0	0
0	0
0	0
0	0
0	651
0	651
0	299
0	0
0	0
376	0
9	0
2038	251
3	251
0	0
0	0
0	0
1	0
0	0
0	0
0	3
0	0
0	3
0	0
0	9
0	9
0	9
0	0
0	5
1	5
0	0
994	11979
59	7397
0	7062
301	8
113	2269
1011	108
1966	685
48	683
0	13
2	42
0	44
883	0
15	873
110	1007
20	79
0	59
16	791
9	68
0	0
7	3053
0	3053
0	7
0	1
6	0
2	323
358	690
0	155
7	69
3	529
0	668
0	0
0	0
0	0
0	0
0	3
0	0
0	3
0	3
147	4
66	4
20	755
0	649
0	607
0	0
0	2
0	36
3	148
0	177
0	27
2	157
0	4
0	0
0	9
2	1300
37	1296
93	1079
7	751
2	751
12	1281
3355	1279
51	199
0	0
1	62
0	52
0	0
10	334
0	315
0	104
0	69
0	59
0	59
0	59
0	38
0	32
0	19
0	17
0	0
0	0
8	0
11	90
40	6
0	67
0	79
0	3
0	0
1	0
0	0
0	0
2415	725
8	455
4	146
2	18
2	495
199	659
203	205
0	0
0	0
0	1
0	1
2	0
2	139
249	493
7	61
5	7
10	433
0	0
0	0
149	0
2	380
0	351
23	364
4	1802
1	127
72	283
0	1722
0	1722
0	29
1	1705
22	31
20888	29215
48	6287
0	4803
35	7564
12	6837
250	10299
34	6542
1	2256
0	1130
2	1127
0	1114
0	1155
0	1132
0	1100
0	809
0	540
2	0
9	138
0	432
10	440
9	353
0	303
0	324
0	280
3	336
0	258
6	276
1	187
2	185
0	186
0	121
0	17
0	39
0	25
0	0
0	0
0	0
0	0
0	0
2	0
0	0
1361	1187
28	128
0	0
47	313
0	562
0	631
0	326
0	441
0	127
0	0
154	441
13	46
1	411
0	0
0	0
4	3
5	1
2	3
3	0
0	0
14	0
0	0
2	930
10	1204
7	246
1	655
3	219
4	73
0	160
0	72
0	144
8	91
0	0
0	0
91	720
11	150
2	349
0	6
5	420
63	50
4	226
67	6
1	4
427	0
2	3165
0	3280
1	75
5	2693
0	75
170	31
11	119
72	242
1	734
140	349
17	704
69	244
3	190
22	256
0	301
95	352
7	366
277	511
6	495
56	12
964	1388
58	375
6	1013
0	0
0	0
297	1248
0	819
2	752
2	657
1	358
0	294
14	345
6	46
97	1086
0	342
16	1015
2	471
13	28
0	293
2	18
4	17
1	12
0	10
2	482
0	512
2	407
5	520
1	501
17	62
0	56
11	64
0	21
0	28
0	16
10	41
13	5
3	20
0	47
0	0
0	1
0	0
0	1
0	0
0	1
0	1
2	589
10	394
3	561
13	522
0	70
23	204
1	21
762	715
16	548
0	57
4	0
4	46
0	0
3	148
0	0
0	0
0	0
0	0
0	0
0	0
0	0
0	0
0	0
0	0
0	20
16	13
16	13
1	0
0	0
155	0
0	3
0	455
0	447
0	117
2	414
2	184
16	54
0	44
0	95
0	23
9	15
1061	440
0	314
1	59
9	125
0	0
27	1192
2349	1192
21	3459
94	3459
2	1177
3	186
13	955
0	1007
3	44
3	1203
8	339
11	499
1	1110
0	78
0	868
0	253
34	573
0	646
9	659
12	118
2	120
20	1001
6	801
25	746
0	485
0	140
5	493
1	1230
0	180
0	1053
155	1513
12	805
41	1513
1	1160
8	754
15	1064
78	2448
13	2448
11	90
111	1695
46	1695
1	443
1	131
0	3
12	2
0	3
206	975
0	895
13	178
3	132
12	120
8	0
349	0
1593	1208
16	1208
0	449
17	304
476	793
0	793
2	56
17	99
395	0
0	0
0	0
472	3355
0	75
138	3218
0	3436
4	2
21	165
5	0
3	2058
6	0
0	0
0	0
8	117
65	175
4	118
2	110
0	0
4	150
12	479
8	489
161	68
2	27
6	64
0	473
0	484
0	141
1	81
0	41
82	340
15	4
3	4
0	16
0	16
1	15
3	0
0	0
0	0
0	0
52	245
806	245
2	207
55	734
3	734
69	207
2	19
0	366
0	1551
0	6
1	1556
0	1529
0	1551
1	399
7	9
11	21
0	15
1	21
206	0
0	404
58	321
0	1596
3	86
0	104
1	136
1	569
0	156
0	68
664	0
49	851
43	211
5	65
22	201
537	916
1	913
8	31
19	0
645	742
3	7
19	238
0	37
5	742
13	774
11	504
3	522
16	0
0	18
0	19
0	9
3	6
0	3
2	0
10	58
0	0
7	0
0	0
0	0
0	0
0	52
8	3
0	3
28	564
0	1
4	564
16	196
0	1
4	15
0	16
0	17
4	19
0	36
3	564
0	425
0	48
1	19
4	71
0	130
21	199
0	199
0	91
0	29
7	76
0	69
0	59
0	15
0	0
0	0
69	1332
1	1237
0	1304
0	1355
0	138
7	17
8	6
6	202
0	0
0	0
0	0
0	0
0	0
0	0
0	0
0	0
0	0
0	0
0	0
0	0
0	0
0	5
1	5
0	5
0	1
0	1
1	26
8	26
0	0
2	0
13	17
0	12
1	10
2	15
0	6
0	2
0	5
3	15
2	3
13	13
19	10
0	10
0	9
0	69
24	66
1	59
0	25
0	1
0	1
0	1
0	1
0	0
1	1223
0	1240
0	1223
0	387
0	354
0	240
1	203
16	51
0	124
1	132
18	43
20	36
143	26
72	667
11	688
14	73
2	0
334	1
0	1
3	4
1	2
0	1
0	1
0	3
262	332
0	320
1	23
2	28
0	298
0	5
1	0
0	0
0	0
6	0
5	0
0	0
0	0
0	0
0	0
0	0
0	0
0	0
0	0
0	0
0	0
0	0
0	0
2	113
0	816
6	782
1	531
3	457
1	16
0	45
251	274
0	274
1	157
1	23
0	15
0	6
1	16
0	3
0	2
1	0
0	0
3	3
0	0
0	0
0	0
12	462
1	351
9	196
0	0
0	0
0	0
0	0
0	0
0	0
0	0
0	5
0	5
0	0
0	0
0	0
2	1
0	0
1541	2058
142	2058
2	268
4	1050
0	1037
3	961
27	489
26	334
4	323
0	0
3	124
0	36
68	56
0	0
0	0
0	0
0	0
3	296
0	297
0	231
0	212
0	192
21	212
0	204
2	16
13	0
33	0
31	2
5	0
29	0
0	40
0	36
0	11
15	29
0	2
61	0
8	0
15	0
9	0
4	0
0	0
0	10
0	0
0	11
1	11
0	0
0	0
0	0
0	0
5	0
128	49
1	49
0	0
0	0
0	36
0	2
0	22
23	57
24	57
0	5
3695	43
124	51
0	0
0	0
0	74
2204	556
0	280
0	0
0	115
1	132
0	132
3	98
488	42
3	38
4	28
0	0
0	0
0	0
0	0
0	0
0	0
0	0
0	0
0	0
302	0
1	41
0	0
0	0
0	0
0	0
0	0
1	0
0	1
0	0
22	72
1	71
0	1
0	14
0	0
0	0
8	3
0	0
0	0
0	0
0	55
0	3
0	0
0	0
0	0
0	1
0	2
10	2
0	0
0	2
0	2
0	2
0	2
7	342
0	354
8	225
0	0
7	45
37	38
0	0
60	0
0	0
0	0
356	16
5	144
201	147
9	37
0	37
8	200
0	200
27	0
4	0
4	203
33	8
64	203
3	7
1	22
0	6
0	7
0	23
0	6
0	0
0	6
0	0
13	5
0	0
2	3
0	0
0	2
157	1514
8	1579
28	152
110	672
0	433
90	1678
0	1278
0	1236
5	655
1	1289
36	300
24	614
0	184
0	0
733	787
0	787
105	9
113	605
74	603
0	56
166	1343
50	894
0	1374
13	240
6	148
3	473
0	413
44	1159
6	1099
20	1129
5	15
85	814
2	4
18	88
11	8
3	188
9	62
6	8
2	146
0	936
54	1100
14	970
0	33
0	33
216	0
44	223
11	223
66	0
723	0
0	0
1797	304
2	298
9	0
89	1378
74	1540
66	648
0	0
4	0
0	0
2253	10
663	2
3230	432
0	400
0	0
0	0
3	1907
0	1836
4	1755
0	1826
1	167
6	33
5	191
21	220
30	1420
2	1297
4	43
0	0
9	787
2	3661
23	3714
87	4036
7	165
0	16
0	0
0	225
0	1750
0	181
1	161
26	56
0	306
4	168
5	82
0	328
1	35
0	23
0	630
29	618
1	5
0	82
27	37
0	0
264	2
0	26
92	159
0	279
2	751
105	1527
1	130
0	181
1	229
41	38
0	226
2	957
206	244
8	109
2	416
34	255
3	207
0	157
14	574
20	2379
0	72
0	2547
1	334
177	149
317	1988
1	444
9	209
5	54
31	203
2	238
204	1268
0	1084
4	807
1	121
1	280
5890	208
111	2686
508	2686
1	0
7	42
6	42
10	279
4	1957
2	1927
163	404
7	50
7	819
0	205
0	18
10	572
2	561
0	9
0	12
57	1307
72	775
1	674
32	612
0	0
0	0
93	0
14	595
75	844
34	990
0	755
5	15
1	15
1	120
0	117
0	1
1	20
35	12
0	0
10	0
0	0
1286	366
4	8
0	217
0	245
752	0
2	0
855	5
4	5
1	240
146	240
2	134
0	0
1684	0
2	0
891	2726
19	2579
1	616
12	179
3	200
0	0
0	0
0	0
252	269
2	98
0	115
8	100
1	126
22	39
7	1680
25	1796
123	1019
78	823
4	153
26	117
18	136
1	15
0	16
0	0
0	7
37	35
2	0
427	0
9	26
0	29
0	29
1	6
0	1
94	2
0	0
0	0
10	0
4642	1119
0	111
0	346
0	662
0	0
266	2285
4	2160
5	2361
6	223
8	1682
4	1710
0	1564
1	120
0	1173
7	433
1	397
3	168
27	184
0	0
3	659
3	695
0	640
2	38
5	174
49	727
6	16
0	141
0	48
0	726
0	0
0	0
0	0
0	0
0	0
0	0
0	0
0	0
0	0
0	0
0	0
0	0
0	0
0	0
0	0
0	0
0	0
0	0
0	0
0	0
0	0
0	0
0	0
0	0
0	64
0	0
0	0
0	0
2	57
0	0
0	0
0	0
0	0
0	0
0	0
1	0
40	543
8	347
2	196
0	0
0	0
0	0
0	0
0	0
0	0
0	0
0	0
0	0
0	0
0	0
0	0
0	0
0	0
0	0
0	0
0	31
0	0
0	0
0	0
0	0
192	9
0	9
183	1072
0	759
2	1072
0	623
0	0
0	0
3	39
7	39
35	8
0	0
7	34
1	0
0	0
0	0
0	0
0	137
2	0
56	700
9	824
0	1001
6	427
1	3600
0	3492
0	3280
0	3380
100	1258
0	0
0	0
0	0
0	0
0	0
0	0
8868	928
12	176
0	812
0	0
0	0
0	0
0	0
0	0
0	0
0	0
0	1
0	1
0	1
0	1
0	1
0	0
0	0
0	0
0	0
1	2
0	0
0	0
0	0
2985	2767
14	2767
0	3
0	3
2188	69
0	76
3	65
0	43
5	324
6	2714
26	2703
1	2121
0	410
1	100
34	93
0	484
1	1873
12	354
17	143
0	73
580	4762
39	4762
0	3198
1	859
0	306
0	239
11	239
5	3
0	3
11	0
0	0
0	0
0	0
16	862
4598	1022
1	178
3	91
1641	585
5	26
0	51
3	55
4	433
0	500
0	0
81	377
4	183
0	212
5	86
5	38
597	3566
0	3564
0	0
10	1091
1	696
0	0
172	825
3	54
10	784
0	12
0	44
9	241
4	157
6	94
0	59
0	521
1	17
36	520
2	462
0	571
27	0
15	0
2	42
0	0
0	0
0	0
0	0
0	0
0	0
0	0
0	980
0	958
0	818
1	728
0	55
21	146
0	98
0	97
0	52
2	59
4	5
11	0
0	782
0	782
16	0
24	2
3	26
0	0
1596	0
0	0
88	593
2	679
19	116
0	3
0	0
0	0
12	431
0	12
0	0
2	104
0	0
0	0
0	0
15	0
0	72
0	0
0	0
0	0
0	0
0	0
933	358
0	311
0	47
283	295
0	293
2	208
3	0
0	61
0	66
0	0
0	0
0	0
0	1
0	1
0	1
0	1
0	0
0	0
0	1
0	1
0	0
0	0
8	0
2	0
14	52
42	81
7	1012
0	1030
49	488
0	1011
0	1017
0	944
2	816
0	684
5	694
1	816
2	743
2	114
0	467
0	184
38	0
1	31
0	99
0	0
8	494
0	0
1	0
3	964
6	964
43	964
6	0
40	74
0	74
0	2
0	2
0	0
0	0
0	0
0	0
0	0
0	0
0	0
0	47
0	40
2	2
0	8
0	12
0	33
0	8
0	37
0	28
0	27
0	23
0	25
4	1
0	1
0	22
0	39
0	24
0	3
0	23
29	0
76	1
4	1
0	6
1	0
0	1466
97	1734
0	1425
25	1451
1	1451
0	765
8	317
58	505
2	155
9	158
266	128
0	80
1	0
0	0
1	2
10	2
8	69
16	0
0	0
0	0
0	2
7	0
1091	12704
4	11056
1	9209
71	3164
0	3343
35	2698
173	6116
0	5314
0	5314
0	5314
1	5310
21	4851
1	3362
0	1439
0	927
9	433
8	147
1	0
18	1024
0	973
0	1000
84	497
2	27
29	56
0	157
0	0
0	0
18	377
46	356
14	56
553	1338
4	290
0	1340
24	87
5	1
1	210
2	161
0	112
45	79
9	169
2	335
0	327
0	320
0	327
0	11
0	37
1	0
0	2
0	12
0	26
0	0
0	0
0	0
0	0
0	644
3186	1032
58	2
0	154
1	204
32	0
107	24
91	2
22	0
11	20
61	0
48	0
0	0
1	87
88	1
26	86
0	0
10	636
0	370
0	538
0	0
53	186
17	1
0	0
0	0
1	0
0	1
1	1
0	0
0	127
0	127
50	36
1	0
1	0
1	1544
581	1764
0	0
24	102
2	231
0	0
29	176
0	0
0	194
2	5
0	490
0	85
3	110
7	340
1	9
0	0
0	9
0	8
0	3
0	0
0	0
0	0
0	38
9	1
0	52
0	112
0	94
1	38
0	96
0	111
0	94
0	111
0	121
0	151
1	175
28	119
0	69
0	61
0	7
3	20
0	0
14	7
0	0
0	10
0	10
0	1
0	0
0	0
0	0
189	1536
16	1537
18	360
8	0
4	3
1856	4
1	0
0	0
0	0
10	27
62	311
1344	725
0	598
0	317
0	0
0	0
1	292
0	0
5	0
788	509
4	509
0	0
0	3
0	0
0	0
0	3
0	0
0	1
0	2
0	0
0	0
2	0
12	28
286	28
0	0
0	841
0	2908
363	2942
4	2536
3	127
19	56
10	201
5	127
0	191
15	0
0	261
0	148
0	153
4	74
5	0
0	0
249	11
10	155
132	144
3	67
0	25
97	9
0	0
0	0
130	10
201	1232
2	884
0	994
2	886
0	634
1	619
6	191
0	0
1	183
78	136
21	9
77	823
3	778
1	379
0	775
2	452
1	17
0	0
1	17
0	0
7	1232
1188	1211
0	861
63	644
0	187
0	407
11	587
0	532
0	120
0	71
0	458
12	102
0	168
34	32
744	1774
8	1689
2	1670
4	12
1	139
226	1906
6	1871
3	1292
0	314
2	5
1	3
0	3
0	2
22	17904
0	17184
5	17144
0	16886
30	1642
135	16715
9	255
58	299
14	46
0	0
0	3338
21	191
2	1408
104	3349
0	866
35	648
1	579
6	429
0	1
22	3573
0	646
272	207
0	892
0	675
0	113
5	579
1	74
0	316
0	132
0	29
1	0
0	0
1	39
0	0
0	0
0	0
0	0
0	2637
0	2807
0	32
2	1
2	0
2	1280
0	2678
37	2524
4	133
0	10
15	788
3	2
0	2
9	269
5	267
0	15
1	0
0	16
52	1010
21	1004
21	66
0	177
28	102
0	0
0	0
0	0
0	0
0	0
0	0
0	0
0	0
0	0
0	0
3	36
0	0
0	0
0	0
0	0
0	0
4	0
843	1426
0	222
0	1101
0	194
3	275
0	0
0	127
1	425
0	601
0	725
0	886
0	790
0	609
31	248
18	75
3	0
0	0
12	110
1	11
0	11
0	0
0	0
0	0
2262	1747
0	1745
6	267
0	0
0	0
75	1532
0	387
0	387
0	1157
1	130
18	718
8	30
3	70
442	161
24	0
2	63
457	23
1829	276
17	64
0	0
11	208
12	29
0	1
0	1
0	1
0	1
25	338
31	338
2	0
365	1492
4	1492
4	23
5	3
0	144
0	631
23	538
3	252
14	32
0	155
1	292
0	39
9	190
0	1898
0	2029
0	1644
0	831
51	237
0	233
1	232
53	357
0	0
58	235
3	235
3	46
0	0
0	0
1164	363
0	361
14	0
0	18
0	26
1	186
46	186
0	14
4	14
0	21
0	0
3	0
0	2
0	11
12	11
0	0
0	0
0	0
0	0
0	0
198	2687
118	1696
0	2440
153	1517
0	2070
0	79
0	349
93	262
9	339
1	0
0	2338
3	2165
44	2063
116	553
0	0
184	925
521	752
96	250
0	8
0	0
807	96
0	96
3	0
20	2934
3	2477
33	2430
14	1656
32	2412
4	2511
2	1930
19	354
0	0
0	0
1	38
195	38
8	1444
0	1533
4	0
40	979
10	52
4	5
5	121
0	121
0	7
0	7
0	0
0	2
0	0
0	0
1	0
1	0
0	0
0	0
1	1
0	0
0	0
1006	1118
53	1118
0	9
0	9
0	7
4	0
1	3390
39	1172
78	2497
123	3476
0	3553
115	0
1	153
11	65
1	0
0	0
0	0
0	0
0	0
6	0
4	101
4	101
0	0
0	0
0	0
1208	1320
0	1313
0	1275
0	1225
0	1224
0	0
48	1022
0	0
0	0
1	126
0	0
0	0
0	0
0	0
2	865
0	0
0	0
0	0
0	0
0	0
0	0
0	0
696	876
5	157
0	414
0	615
0	0
1	24
26	5507
2	5035
0	4968
0	5091
3	3149
19	3181
351	6142
0	5328
13	2855
0	2398
0	21
0	21
0	1062
47	994
38	1120
31	1015
87	975
0	5
0	340
0	331
4	45
4	16
0	10
0	4
2	2
6	8
0	2
39	61
5	61
21	0
0	0
8	0
2	0
0	0
5	18
6	18
7	0
90	0
4	0
1	0
146	16
0	17
1	41
1	26
3	5
0	26
2	1
5506	2
0	0
380	1088
0	297
1	27
36	384
0	0
1	49
0	9
0	0
30	481
803	429
23	403
0	0
0	0
5	26
0	0
0	0
184	1
4	1
42	114
2	82
0	47
3	23
2	68
14	77
2	68
1916	1379
4	279
0	170
7	133
42	737
77	754
1	627
1	0
0	0
0	0
0	0
0	8
0	8
9	16
0	1999
440	2195
1557	2211
4	1966
0	1986
0	1985
0	1990
0	1971
69	0
205	871
22	614
0	1104
17	411
1	214
47	114
93	61
3	61
59	21
1	101
0	0
0	0
0	0
0	0
0	0
0	0
0	0
0	0
0	0
0	0
0	0
0	0
0	0
0	0
0	0
0	0
0	0
0	0
0	0
0	0
0	0
0	0
0	0
0	0
0	0
0	0
0	0
0	0
1	0
0	0
0	0
1	261
536	413
0	121
0	218
7	2
3	118
221	460
0	134
2	381
58	5
0	0
1	59
5	30
0	0
0	0
0	0
3682	125
25	0
2	107
1	0
0	0
0	0
0	0
0	0
0	0
0	0
1995	532
0	241
47	0
4	292
710	0
395	796
21	0
0	796
0	0
4	69
845	147
32	147
55	5
0	0
0	0
49	2941
10	2913
1	767
1	413
5	252
17	80
1	11
48	52
6	83
1	24
23	65
8	2810
0	124
18	1590
16	109
0	1130
0	1168
2	225
0	93
0	0
0	18
0	0
0	1136
0	2
0	2
0	2
0	0
0	2
4143	12677
6	10485
36	8370
22	6137
0	3751
0	0
2	15
4	15
5	0
0	0
1	0
0	0
0	1443
0	67666
125	9749
93	13728
167	67610
705	1115
27	144
9	969
0	150
1	92
0	148
1	0
0	0
0	0
0	0
0	0
0	6
1675	239
0	88
0	152
0	2066
51	2048
0	1158
0	1358
4	376
6	1
0	0
0	0
0	0
4	0
0	0
0	0
0	0
0	0
0	0
0	0
1006	401
4	56
62	175
1	380
614	520
14	3
2	0
1	48
0	50
15	87
0	382
4	41
0	36
0	0
7	487
4	487
0	484
0	368
3	368
0	0
0	0
2	2
1	2
0	1
0	0
0	0
0	0
0	0
0	7
0	0
0	0
0	0
0	0
15	2176
0	0
0	800
4	955
0	180
0	683
0	231
1	121
0	222
0	564
0	34
0	558
0	136
0	735
0	36
0	22
0	29
0	661
0	0
1	47
1	33
15	13
0	0
3	397
0	0
5	102
0	51
120	29
9	287
10	276
35	0
0	0
94	227
0	0
0	0
0	0
0	0
0	0
0	230
0	0
0	0
3	0
0	0
0	0
0	0
0	0
0	0
0	0
0	0
0	0
0	0
0	0
0	0
0	0
0	0
0	0
0	0
0	0
0	0
0	0
0	0
0	0
0	0
0	23
4	23
0	1
0	17
0	0
0	0
0	0
0	0
0	0
0	0
0	0
0	0
0	0
0	0
0	2
784	472
66	577
39	342
9	113
9	17
6	85
0	56
0	0
0	48
2	48
0	5
0	0
0	2
31	0
224	0
90	1
0	0
3	7
114	94
0	0
0	85
0	0
0	0
0	0
0	0
0	0
0	0
0	0
10	182
0	187
0	184
0	261
0	268
0	265
0	266
1	121
0	201
1	153
0	67
0	128
0	138
0	45
10	111
0	108
0	39
4	12
0	111
0	106
0	109
0	102
0	25
2	101
0	17
0	20
0	21
0	19
9	78
0	49
0	46
0	34
1	34
0	17
0	17
0	2
7	34
1	38
0	1
1	2
100	2
19	1346
0	1479
1	258
3	1637
0	920
1	157
2	101
0	0
0	0
12	0
0	0
684	0
0	0
0	0
0	0
0	0
0	0
1	1
0	0
0	0
0	0
40	586
0	0
38	132
0	129
1	80
4	9
47	39
8	0
0	32
1	0
3	0
1	906
2	1041
13	970
7	334
119	20
0	548
7	0
0	0
0	0
3	51
203	598
0	587
0	11
0	0
62	4555
11	733
22	781
31	4140
1	115
42	4143
19	6
0	4470
63	3981
0	3758
0	4362
0	2354
6	164
1	113
10	688
27	0
2	123
3	122
2	1
0	0
0	0
2	3
3	0
0	3
0	2
0	13
3	13
8	0
0	4
0	4
20	0
7	0
441	625
43	35
0	133
0	233
3	225
10	12
0	102
0	89
9	443
57	3
0	0
0	0
0	482
0	0
4	0
162	3686
2	3938
0	3836
3	3830
0	2481
0	2288
17	52
0	315
1	189
0	267
18	26
9	1325
0	184
0	99
117	92
5664	9974
46	3735
60	3811
0	0
0	5559
15	567
67	174
0	0
12	176
2	2402
0	0
0	0
14	1460
99	1584
9	213
6	124
4	0
27	0
0	0
0	0
0	0
0	0
0	0
0	0
1	225
1	29
1813	1725
2	54
0	743
0	1335
0	2
0	2
0	6
183	72
1	34
0	18
0	25
1	0
0	0
0	0
0	0
0	0
0	0
0	0
0	0
0	0
0	0
100	1176
20	717
9	456
40	447
0	357
36	347
16	385
5	176
0	20
2	84
4	146
0	115
0	0
14	45
0	0
187	3
1	0
0	0
0	0
64	0
0	1703
2	52
0	2931
0	1287
1	105
101	3235
12	298
0	2584
8	1653
11	510
7	1192
14	357
1	669
5	485
13	358
0	369
0	0
6	10
0	0
0	0
0	3
2	41
0	0
1	8
0	0
0	0
0	0
0	0
513	0
0	0
0	0
1508	2685
0	2488
0	1651
0	1530
8	304
79	0
0	0
0	0
0	0
0	0
0	0
0	0
0	0
0	0
0	0
234	1305
0	1305
11	18
5	0
7	0
0	0
8	0
0	0
6	0
0	0
0	110
0	0
0	0
175	1013
2	137
0	112
2	172
2	162
117	364
3	902
3	61
2	451
16	43
17	121
13	35
0	194
292	1892
0	1602
19	61
46	241
45	537
0	286
7	28
0	276
30	30
10	57
1161	4829
9	502
0	4393
164	164
179	0
46	43
25	1577
126	0
30	2
0	6379
0	0
0	0
0	0
0	0
0	0
0	0
8	24
42	62
0	0
0	44
0	0
0	10
0	2
0	27
0	0
0	4
26	2324
10	2273
0	964
5	989
5	1042
0	206
0	271
0	193
34	26
783	278
13	277
5	29
0	27
0	1
0	45
9	71
0	71
0	8
0	2
1	0
3852	6387
0	4349
1	1586
41	1727
0	0
8	2669
0	0
0	0
0	0
0	0
3	2878
0	0
0	0
0	0
33	24
33	28
3	28
0	74
1070	360
172	243
5	92
6	66
24	73
0	0
2	1661
4	1451
82	0
38	1607
217	364
29	142
0	1762
11	210
0	233
0	290
13	168
36	0
0	0
22	3
46	3
95	1016
0	967
0	0
11	825
78	0
0	18
7	149
1	181
2	184
0	119
1	25
16	37
0	48
0	16
75	4027
0	298
28	3458
88	980
163	89
0	605
43	531
0	724
2	588
0	154
19	1647
0	488
350	209
2	351
0	175
6	293
0	479
0	0
39	400
39	1041
6	232
37	1000
0	107
3	156
122	295
2	306
1	39
0	130
0	141
3	22
16	1217
1385	1663
23	75
1	0
1	342
102	244
1	262
3	18
0	110
0	102
0	48
0	13
6	12
0	9
0	2
19	0
531	7379
3	0
2	0
3	0
330	7379
0	0
0	107
0	197
0	229
0	0
25	38
31	264
0	230
0	0
1	48
0	0
3	17
0	3
0	0
0	1
0	5
0	3
0	1
0	0
0	5
0	1
0	1
0	420
1	616
0	409
0	409
0	409
9	393
5	384
0	411
1	411
0	342
0	357
2	376
0	295
4	60
2	170
0	93
0	89
1	108
0	71
2	0
6	192
1	139
0	3
0	75
3	33
0	3
0	80
24	0
5	0
637	362
1	87
0	57
0	152
3	117
18	11
2	155
0	2
0	1
0	1
0	0
0	0
0	0
0	0
0	0
0	0
0	0
11	332
1	160
2	319
9	0
2	29
0	15
0	9
25	0
0	0
0	0
1	0
0	0
1	0
0	18
0	0
2	10
45	2710
0	3185
0	2186
3	3300
0	2799
0	1307
107	117
0	787
147	950
28	353
0	6387
7	33
72	2
0	10
0	3
0	5
0	0
0	10
0	1
1	0
15	437
0	437
1	0
0	0
45	98
70	102
2	77
0	73
1	46
29	20
0	0
1	26
17	0
0	0
0	0
0	0
0	16115
190	16123
0	3272
0	3272
0	3272
0	3272
0	3272
0	3266
0	3266
238	3024
2	120
29	1843
13	0
0	0
0	0
5	625
0	0
0	9
0	0
0	0
0	0
0	31
24	178
0	176
0	0
17	2
0	0
0	0
0	0
0	2
0	2
0	0
0	0
0	0
0	0
0	0
0	0
0	0
0	0
0	0
0	0
0	0
0	20
0	0
0	0
0	0
0	0
0	0
0	0
0	0
0	0
56	77
2	74
3	13
256	9747
8	9935
79	3355
2	8223
0	1
0	1
0	0
0	0
53	2
3	2
0	2
66	0
1	0
19	23
18	23
3	1
10600	4237
276	4219
1	3209
8	0
846	0
7	278
3240	2
2452	2042
268	2
0	0
165	632
0	2062
0	27
48	272
71	272
0	739
0	800
11	725
0	759
17	533
225	463
0	103
5	175
2193	175
2	3
298	799
13	801
0	0
0	0
0	0
0	0
0	0
0	0
0	0
0	34
0	34
4	8
0	7
11	8
10	8
0	0
0	0
0	0
0	0
1	15
1	0
0	15
0	15
0	3
0	3
1	4
0	1
0	2
0	2
0	0
0	0
0	0
0	0
0	0
0	11
2	27
150	400
20	230
2	366
1	180
6	4
11	0
5	0
0	0
9	58
21	0
89	0
0	1486
0	411
117	239
20	1250
3	4
0	0
21	1541
30	85
1	392
0	0
0	0
0	120
191	328
13	116
2416	267
14	31
41	13
9	13
615	0
1252	856
11	856
86	45
0	0
8	916
1	751
0	214
0	175
9	5580
12	5580
14	603
0	5580
6	788
2	856
40	0
24	78
19	31
3	0
0	0
7	248
4	208
0	27
0	47
0	279
766	314
0	360
117	219
0	0
395	227
0	224
0	73
0	3
2	30
23	1430
6	208
0	1208
69	369
12	170
23	36
6	92
85	442
5	442
0	0
2	6
0	0
1	331
0	331
6	329
0	0
0	13
10	195
355	197
0	132
0	421
11	40
18	81
0	440
0	454
0	171
0	116
5	0
49	119
1	111
0	87
2	88
0	51
0	6
8	0
1	2
0	5
1	0
0	0
3	5
3	0
1	3
0	0
0	0
0	0
0	0
0	0
0	0
0	0
0	0
0	0
1	323
0	0
0	0
0	0
9	137
0	0
0	0
0	0
0	0
0	0
0	0
0	0
0	0
0	0
0	0
0	0
0	0
0	0
604	6
7	2879
38	2147
20	2373
4	2711
3	8
0	0
1	1
0	0
0	0
0	86
0	46
1	51
0	2
0	15
0	0
0	0
135	0
0	0
0	0
0	0
1	420
1966	426
10	0
0	51
0	940
0	895
52	505
12	913
1	74
74	29
0	12
0	0
6	510
0	1680
18	434
0	1602
5	1525
8	0
275	205
7	205
46	275
0	814
23	812
1894	913
433	617
2	0
117	40
6	63
220	0
3	153
0	37
328	417
9	178
0	103
1	17
0	125
13	0
0	7
1	62
6	42
0	129
0	86
8194	22
0	22
0	0
0	0
1690	1960
0	1576
36	1866
9	73
0	218
0	291
30	276
0	0
0	0
0	0
6	62
0	63
0	17
0	24
0	13
0	19
0	7
0	0
0	0
9	0
54	156
39	342
4140	301
80	1379
6	1379
3	185
0	0
1	1
0	1
0	0
0	0
15	404
24	571
10	593
6	539
0	99
53	283
0	0
0	0
0	0
0	0
26	291
1	283
0	48
0	0
1	7
3	7
0	0
24	1810
10	1119
4	1628
108	50
44	618
0	0
0	0
0	25
0	25
0	2
8	25
0	0
4023	1268
23	964
10	551
18	720
1	27
4	715
34	698
1	168
5	79
4	0
4	0
0	0
247	23
4	23
92	0
227	213
10	56
7	31
0	40
0	34
0	26
59	52
0	0
1	0
0	3
0	0
0	0
0	0
13	1
0	1
91	2617
0	7424
1	7608
11	1253
2	242
230	23
5	677
0	2048
13	186
0	425
1	561
174	632
41	687
3	412
6	613
1231	588
5	244
0	261
0	143
0	143
0	1
0	1
4	2
0	2
149	1613
44	1548
12	88
3	181
4	358
0	156
24	42
2	164
35	0
6	168
0	191
0	184
372	312
0	0
0	0
0	6
1	6
1	2
5	3
6	39
0	39
0	2385
4	2179
338	1998
26	2030
229	1981
113	408
2	326
86	9
7	1782
17	1825
2	1595
3	1782
5	130
5	375
32	877
522	1129
3	291
19	621
10	81
3	214
2	52
0	0
73	37
117	0
52	301
9	294
26	10
0	55
3	9
1	0
0	34
5	0
5	0
2	0
0	1338
2	1349
0	1321
150	3834
9	3367
89	819
105	179
151	0
0	0
59	777
98	0
27	737
0	737
6859	0
9837	1329
17	354
16	317
0	0
0	0
17	28
14	654
0	0
0	0
0	0
1	0
0	0
5508	15650
48	3304
169	5797
12	6286
1	1770
0	13258
5	12
3	12
0	10
3	1505
15	530
47	1217
59	289
42	360
0	0
2	951
0	891
0	1224
166	1450
0	280
3	148
0	140
0	97
6	33
0	42
3	0
0	0
0	0
0	0
3	5
29	231
8	430
0	264
1	67
4	141
0	2621
33	1012
0	39
1	72
2	400
53	79
0	448
1	15
0	63
0	0
11	5
0	994
0	0
2	1886
3	754
211	7036
0	197
0	3484
0	4904
31	60
3	3162
0	3453
5	3390
0	5631
2	5251
0	330
35	390
0	2045
162	1516
351	2
77	33
266	0
9	0
297	2832
2	1164
2	1580
8	2815
4	1265
0	1137
2	2821
0	1569
49	5
61	330
8	278
1	0
0	0
0	0
0	0
51	185
0	220
1	97
0	11
52	33
0	2
0	31
5	50
0	19
4	17
0	59
0	41
1	29
0	35
898	228
1	93
6	141
3	17
0	419
1	571
50	609
0	482
5	198
0	177
0	10
3	10
153	419
3	993
2	1021
7	1160
5	738
0	444
0	66
4	279
12	217
1	127
1	28
0	0
11	3618
316	369
0	269
0	3076
0	755
408	3237
0	670
0	290
3	140
0	214
23	0
0	108
414	184
18	184
6	143
0	0
0	154
1	15
0	0
0	0
0	0
0	0
0	0
0	0
0	15
0	15
0	15
0	15
0	15
0	2
6	15
0	14
0	8
0	0
0	1
0	5
0	0
0	0
0	0
4024	20
1125	0
4	1439
0	6446
0	6440
1	1449
0	2379
2	6457
1	2367
142	6453
193	7572
184	2482
0	5869
1	2341
0	1738
304	884
2	746
2	347
951	232
0	93
189	152
0	0
4	6
0	7
0	10
0	8
0	9
0	9
0	5
0	6
0	7
0	9
0	0
0	2
4	374
0	5106
0	5227
5	143
27	523
10	534
64	116
3	279
72	18
0	121
1	95
17	142
0	1700
65	1401
4	157
261	711
86	1764
1	1616
1	1345
28	1556
3	860
4	69
7	402
16	438
4	101
9	57
6	77
0	86
0	3
13	86
3	72
0	5
0	11
31	17
5	1741
53	1581
25	100
13	3
0	1740
0	140
75	0
13	0
869	277
30	277
34	256
186	294
24	36
3	72
2	91
3	124
1897	0
202	2645
37	2300
0	2645
31	2292
1	1194
8	76
0	461
2	534
1	26
534	133
6	114
1	19
2	33
0	35
9	34
1476	530
1	234
2	284
1	171
0	158
298	702
0	700
10	145
24	72
1	73
2	183
1116	520
15	518
21	0
0	0
0	0
0	31
0	45
0	0
0	52
0	37
5	44
0	45
0	0
0	1
0	31
0	266
6	44
0	0
0	53
0	38
0	33
0	2
10	45
0	3
2	4
12	44
6	44
9	44
0	0
0	8
1	8
0	52
0	37
0	6
0	0
10	44
3	0
2	0
6	44
21	44
0	0
0	0
0	0
1	0
2	0
8	3
0	3
23	0
0	0
32	0
73	0
0	0
13	0
56	0
0	1
26	1
82	0
31	0
86	1
1	0
0	0
47	1
56	0
183	0
41	0
251	0
350	1
103	0
206	1
111	1
76	8
98	83
1	75
0	0
0	22
0	22
0	11
478	2
3	0
0	0
33	79
0	79
4	32
0	1757
0	0
50	1725
81	1725
6	1853
0	183
55	1809
0	29
6	1871
5	153
108	1725
47	0
0	0
182	1725
1	0
8	1855
19	130
0	1841
37	116
119	1720
10	1910
78	191
33	1838
47	122
340	1720
0	0
185	1716
139	1725
0	1
2	2
0	1
132	1725
75	1718
2	1808
30	83
29	0
36	1645
0	3436
0	2580
20	1955
0	1718
13	235
7	1786
0	139
0	266
38	306
0	269
0	133
2	473
0	475
0	473
2	0
9	3582
12	3490
2	3502
0	3403
0	2492
0	250
0	0
6	138
11	53
0	0
37	1520
1	1419
501	2002
0	890
0	327
0	415
2	35
0	46
0	47
0	51
3	56
1	54
0	16
0	32
0	47
0	25
0	8
0	20
0	2
0	11
0	19
6	172
189	244
6	4
0	27
2	28
2	13
1	42
1	32
0	10
0	14
3	469
0	470
0	122
1	16
0	0
0	43
12	238
6	188
0	0
3	53
0	1
0	0
322	925
27	2115
54	2974
0	3001
1	24
2	24
0	3
0	3
10	19
1	45
0	32
3	5
2	10
0	3
0	204
9	425
197	1083
104	485
2	533
11	148
2	1059
0	301
9	318
0	132
0	149
2	191
0	53
0	2247
0	2390
41	91
1	258
0	1827
3	324
1	199
3	285
0	318
0	23
0	321
0	2231
3	202
1	70
1	453
4	2326
1	130
2	189
9	257
0	0
4	138
1	621
1	676
103	685
0	91
1	43
1	95
20	0
0	0
6	1
1	3815
0	0
2	4118
16	460
44	2919
11	1074
2	1288
0	2533
161	825
0	0
0	0
602	0
0	0
0	0
2	2
1	0
0	2
1	0
0	52
0	2
0	0
0	9
6	845
1	809
0	569
0	103
0	41
0	79
0	67
3	49
0	39
1	23
1	18
9	2
0	0
1	2
10	101
180	1124
0	1078
10	554
0	0
0	185
0	274
0	0
0	26
0	8
0	32
0	22
0	5
0	0
1	0
4	0
25	4670
0	4670
0	3791
4	1999
111	1337
5	178
10	14
3	6
0	3
0	0
1	0
8	0
3	0
0	0
0	0
0	0
1423	100
5	22
15	68
0	0
0	0
0	0
0	0
0	0
0	0
0	0
0	0
1	0
0	0
0	0
0	0
0	0
0	0
0	0
0	1
0	0
0	0
0	0
0	0
0	0
0	0
0	0
0	0
273	256
0	238
1	0
3	32
0	0
93	598
3	598
0	79
1	28
0	46
0	114
0	0
0	0
0	0
1	0
0	0
593	2752
10	1260
17	442
0	149
12	571
1	1124
1	75
1	142
0	130
0	120
6	106
6	2
2	2
10	2307
0	2153
0	2338
4	19
1	1866
0	0
0	0
0	0
0	4
0	0
22	1953
1	734
0	1941
0	1388
1	140
0	121
0	165
11	180
54	161
169	27
1	162
0	0
5	0
0	0
0	0
0	0
0	0
1	38
0	65
1	56
0	58
0	46
0	11
0	1
0	0
0	0
0	0
0	0
0	0
0	0
0	0
0	0
2	36
4	35
0	35
0	0
4	0
2269	1336
1	1327
0	1217
66	1158
0	376
0	105
1	207
17	988
0	0
3	0
13	7
0	3
0	3
0	0
0	1
0	3
4935	0
0	0
0	0
0	0
0	0
0	0
0	0
0	0
0	0
0	0
5	0
0	0
0	0
0	0
0	0
2	5
1	1
0	1
0	5
0	0
0	0
0	0
0	0
0	0
0	0
0	0
0	0
0	0
0	0
0	0
2	0
0	0
0	12
0	12
21	108
3355	112
894	1046
77	1220
60	0
267	178
11	0
2	0
2	4
0	0
0	0
514	816
46	0
0	816
7	0
0	0
0	0
1	10
0	0
0	0
0	0
5	0
1	13
0	13
0	0
0	0
0	0
0	0
1	4
0	3
0	4
0	10
0	10
0	1
0	3
0	0
0	0
0	0
0	0
0	0
0	0
0	0
0	0
378	355
39	355
0	162
2	0
1659	1146
0	940
0	96
4	546
0	426
12	38
77	126
71	29
1	154
104	90
0	50
16	19
0	31
2	4
0	0
6	0
0	0
0	0
1	0
2	0
0	0
0	0
2696	0
63	35
0	1060
6	10
4642	1962
90	2334
0	2514
485	2613
0	2221
0	310
31	2473
0	2369
0	2529
0	214
1	0
33	1372
1	1120
2	591
1	174
0	353
1748	63
54	69
30	52
5	2233
8	768
0	760
0	1216
0	142
16	1739
162	0
177	0
57	0
17	6
0	6
0	0
0	0
0	0
0	0
0	30
4	0
366	406
5	45
3	112
8	261
0	262
10	198
2	210
2	126
0	164
1	217
0	0
6	1
11	64
1	0
1	0
0	0
0	0
0	31
0	1490
0	1399
13	1136
1	1160
3	933
1	956
5	956
0	245
19	42
3	33
0	0
9	20
31	20
27	0
3	0
0	0
0	0
0	0
0	0
0	0
0	0
0	3896
8	3919
0	1
0	0
0	0
0	0
0	0
0	0
0	0
33	118
2	107
1	78
3	82
3	0
0	0
39	6429
46	6360
56	917
0	0
202	5
152	2
27	863
227	13
114	777
2	1
8	509
0	476
0	28
3	406
0	0
2	0
0	3
16	1
0	52
0	141
0	0
3	0
524	1265
2800	462
0	156
6	42
0	42
4	181
8	125
0	0
0	0
0	0
0	0
0	0
0	0
0	0
0	0
0	0
3	4
59	47
6	47
0	0
0	0
3	6
0	0
0	0
0	0
0	0
0	0
0	0
5	43
257	173
2	27
8	16
0	0
4	107
1	95
43	896
0	896
0	0
0	0
0	0
0	0
0	0
0	0
0	0
0	154
0	159
0	157
0	154
2	148
2	0
6	0
0	96
0	102
0	107
2	125
0	80
0	0
1726	1285
5	212
25	525
0	500
6	365
2	6
600	430
0	45
19	87
7	420
683	0
2	0
2	40
2	40
0	11
0	29
0	0
0	0
408	734
13	740
46	551
10	0
956	1295
139	1291
1	47
1	13
0	0
0	0
0	0
0	0
59	0
0	0
0	0
0	0
0	0
189	1221
0	888
54	1149
56	69
2	0
0	2
4	2
0	0
0	0
2	0
0	0
0	0
0	0
108	193
0	0
0	0
0	0
0	0
0	0
0	0
0	0
0	0
0	0
0	0
0	0
11	1285
19	1211
0	750
73	1269
85	435
0	1
0	0
117	1003
0	822
0	1009
0	896
4	23
0	177
0	0
1	181
0	56
1	849
0	464
305	849
1	0
0	0
0	0
0	0
0	0
0	0
0	0
0	0
1589	514
4	510
1	286
0	0
150	182
172	200
35	0
434	96
2	96
11	0
0	0
0	0
19	14
0	14
0	0
0	0
0	0
370	1775
19	15
0	244
0	0
0	85
0	160
149	1393
0	0
17	139
3	21
0	130
1	0
0	0
0	0
0	0
0	0
1	0
0	0
0	0
0	0
1	1
20	16
3	17
0	0
0	0
0	0
0	0
0	0
1	0
0	0
0	0
27146	15
419	1
745	163
0	9
3	17
0	5
2	130
1	3
0	0
11	0
0	0
1816	554
0	554
0	0
34	70
13	28
10	42
8	5
0	19
0	19
3	19
0	2
0	6
0	2
0	6
93	66
0	221
0	218
0	0
0	0
1	0
0	0
0	0
0	0
0	0
0	0
109	0
15	0
8	0
0	0
57	0
8	0
19	0
15	0
2	574
20	569
0	463
0	4
8	0
437	12
155	12
3	2640
750	2781
173	20
21	828
22	17
180	0
26	38
3	0
823	734
7	25
133	575
19	53
0	170
1	0
6	980
0	980
1	1011
2	566
0	459
1	458
6	569
0	56
0	17
31	92
0	86
0	0
838	2017
6	3696
0	3504
1	16
5	380
11	317
13	2154
0	15974
0	15929
1	15973
84	0
41	5594
8	13703
0	6476
0	8411
25	13821
0	0
3	3688
6	11515
1667	10528
0	9419
12	5796
0	0
0	1354
0	1359
1	1154
7	960
12	68
1	86
201	0
28	24
2	3
0	23
0	1
0	1
0	0
0	0
1	3
0	12
85	1
0	1
4538	0
86	2004
0	2004
1	0
0	2439
0	322
0	206
19	2438
2	1032
0	0
11	1803
41	1353
3	1872
3	1488
0	138
0	0
59	771
0	152
16	32
141	184
9687	7731
19	5640
4	2066
359	17
1	1
48	7059
0	5947
0	1
77	549
0	549
4	2
0	0
0	0
0	0
0	0
1	0
0	0
330	168
1	148
4	20
4929	12274
0	12584
1	7290
1	7631
964	7502
310	2275
0	10824
0	5340
4	1617
1263	163
7	36
73	36
0	0
0	0
161	206
679	206
0	1
0	1
0	1
0	0
597	111
2	104
24	82
1765	1897
320	1773
28	220
98	60
0	60
2	1074
11	1348
7	982
0	0
2	122
7	122
0	0
0	464
1	371
1	440
0	382
0	0
212	0
18	0
426	168
1	168
0	157
1	155
1506	1545
127	1224
45	98
8	321
2	1
0	1
0	0
0	0
0	0
0	0
0	0
0	0
0	0
0	0
0	0
0	0
0	0
0	0
125	38
47	38
2	0
8	0
2493	2609
0	2588
0	2604
0	794
190	62
876	616
0	133
0	525
3	26
1	94
3	287
1	89
1	455
1	315
0	56
7	47
29	62
0	62
5	38
15	13
0	30
53	0
17	882
2	228
0	768
0	780
0	723
0	89
8	110
11	8
1	52
2	306
0	170
8	45
0	55
0	83
14	167
2	0
0	0
0	0
0	0
0	0
0	0
0	0
0	0
0	0
69	1596
0	0
385	2839
1	2372
0	2170
1	2151
6	64
1	1
1	191
0	0
8	1772
0	549
1	956
0	1823
0	0
30	52
0	0
0	91
0	0
0	0
4	11
0	0
0	0
0	0
0	0
0	0
0	0
0	0
0	0
0	0
9	9
0	9
0	0
0	6
0	0
1	0
0	0
0	0
0	0
0	0
5	10
0	0
340	0
0	0
1	266
0	1569
0	1733
0	1323
1	1233
1	997
0	1308
8	1356
0	1102
39	1071
0	1050
2	436
0	345
36	8
1	111
156	36
2	5613
6	1922
0	4955
5	5493
1	4306
2	4034
0	3039
0	3527
7	303
0	1529
3	1239
1	1397
0	1327
0	1269
0	1320
26	2
16440	2748
3	1940
1	798
84	0
3	23
9	13
0	0
1	0
0	0
0	0
0	0
0	0
17	0
6	2421
13	31
0	2179
1	58
0	2390
0	2017
0	438
0	7
0	439
2	66
76	2335
5	2320
0	2052
0	1991
60	65
3	51
1	0
5	2274
0	2269
362	691
4	2111
4	2014
0	2255
10	89
0	2211
1	448
69	0
8	170
0	383
50	138
1	1167
0	442
7	341
0	230
2	103
0	77
1	0
0	0
0	0
0	1
2	14
0	14
0	0
0	0
0	0
0	0
0	0
1	0
1	0
0	1
0	0
7	1033
283	1048
1	291
0	403
168	71
1	121
51	63
0	281
200	164
1	30
0	131
23	11
0	169
0	0
0	0
0	0
32	0
1	983
0	896
0	1
0	898
0	89
0	952
0	36
1	57
2	95
0	750
0	36
1	538
13	800
0	139
0	132
0	53
0	0
0	43
0	82
3	907
0	877
0	53
0	29
4	17
27	0
3	0
1	422
22	2
124	0
0	56
0	6
0	6
0	0
0	0
0	0
13	2941
3	1878
504	2292
0	1018
287	113
2	2466
0	2294
3	2326
0	2301
0	0
0	1184
0	1188
0	0
0	0
0	0
1	84
0	84
0	33
0	0
0	0
0	0
0	0
0	0
0	0
0	0
0	0
0	0
0	0
0	0
0	0
0	0
0	0
0	0
69	3334
425	3332
1	1670
2	1037
0	536
20	107
0	631
0	627
35	77
0	0
1	16
0	58
16	59
0	22
0	8
0	0
0	0
0	3
0	1
1	0
0	0
0	0
0	0
0	0
0	0
0	0
98	1070
0	987
0	427
0	0
0	42
366	356
14	342
0	14
0	0
0	0
0	0
0	0
0	0
0	0
0	4
0	0
0	0
0	0
0	0
2	0
0	0
0	0
0	0
0	0
0	0
0	0
249	320
5	10
2	54
4	53
0	0
0	122
0	0
4	307
3	22
0	0
0	0
4	0
3723	0
356	418
24	436
0	342
0	25
580	63
0	28
0	20
0	35
0	1
0	1
0	1
0	0
0	0
7	0
1285	117
10	117
1400	2255
159	1703
8	552
423	18
0	0
5	2
0	0
1	1
0	3
0	595
13	583
0	583
0	410
1	225
26	10
1	11
1	13
1	597
36	374
1	374
0	28
3	483
5	425
23	111
1	792
7	963
151	752
0	321
0	0
25	0
1250	864
46	862
1	0
403	1864
34	147
1	770
0	1031
8	4
6	0
3	5
20	521
0	25
8	0
8	0
10	4
0	0
871	9
0	0
0	0
62	9
3243	133
0	0
12	129
68	1444
4	354
52	649
0	933
2	421
3	168
23	22
3	740
7	0
0	0
0	0
0	0
0	0
0	0
0	0
0	0
0	0
0	0
0	0
0	0
0	0
0	0
1	0
5	0
0	0
1	268
10	3187
197	7507
152	428
0	2327
0	2123
28	2265
0	3286
0	7350
0	1812
0	427
3	221
0	1746
2	304
0	2057
0	1805
16	1
0	239
10	2256
0	207
0	2280
0	258
19	257
1	305
18	2169
0	163
1	178
0	1760
0	530
0	585
9	1776
0	348
0	1668
0	1813
0	179
8	287
0	1586
6	929
148	67
0	26
0	1747
0	171
0	103
0	299
0	0
2	361
0	190
43	2002
0	647
0	569
0	411
0	585
0	2872
514	101
8	53
0	436
26	350
0	559
5	361
2	1543
256	87
191	1588
17	575
0	0
9	0
10	185
359	803
29	3
0	803
0	0
0	0
13	0
777	1953
17	2068
153	2068
0	0
11	2
0	0
0	0
0	0
4	91
0	221
0	174
0	50
0	76
0	97
1	104
2	129
57	152
3	18
0	18
0	14
0	18
0	2
0	4
0	7
0	301
2	279
0	279
0	281
18	291
0	126
0	0
2003	2151
25	566
32	997
43	150
3	1048
0	106
0	0
0	0
0	0
0	0
1	1
0	1
0	0
0	0
0	0
0	0
0	0
44	0
3557	2
0	0
0	0
1719	3386
16	3384
0	552
3	506
6	1024
0	326
0	0
0	0
0	0
446	0
3705	804
43	276
1	808
68	27
0	3
0	3
0	1
0	2
1	0
0	1
7	219
14	227
0	175
2	0
0	0
4	0
3	146
1	163
0	106
48	120
295	1247
3	1143
6	97
0	51
3	0
28	108
0	1608
0	1708
6	722
69	1615
952	757
10	224
1	4
0	5
1	1
0	0
0	0
0	1
0	0
0	0
1	623
48	0
274	10584
67	2651
0	10166
0	0
0	0
0	228
1	832
30	165
2	318
0	616
13	3261
7	0
19	0
1933	519
1	519
0	0
0	0
0	0
0	0
701	551
18	547
11	0
1	16767
1	16767
0	0
0	0
2	0
0	0
145	1745
23	812
145	1745
25	569
11	357
463	606
40	356
0	0
0	67
136	248
9	46
0	0
8	1
0	0
8	0
70	0
1680	1087
0	1067
0	224
0	461
1	76
734	8
3	0
1	6
1	0
1	0
207	480
0	480
0	0
16	325
0	0
0	0
0	0
6	0
1081	1719
0	1093
9	627
0	382
9	1654
0	209
9	844
0	0
0	0
0	0
77	1522
7	1271
2	281
0	840
9	207
230	1043
27	202
0	820
0	822
11	1019
4	1017
0	10
0	8
0	7
0	6
0	4
0	2
0	9
0	2
0	1
0	6
0	3
133	1474
0	1348
38	1024
0	1358
0	2
0	2
7	66
5	66
0	0
0	0
0	0
0	0
0	0
0	0
0	0
0	0
2	2
0	2
0	0
0	0
0	0
0	0
0	1
0	1
885	467
6	456
141	344
0	0
1	0
0	0
0	303
0	319
87	77
473	40227
30	38169
160	8543
23	9658
31	7982
0	61
0	1
1	1
105	61
0	0
1284	524
3	483
1	41
74	0
32	48
0	48
1	48
0	0
0	0
0	0
0	0
0	0
0	0
0	57
0	0
0	0
0	0
0	0
1023	0
0	0
0	0
0	0
0	0
0	0
0	0
0	0
0	2
0	0
0	0
0	2
0	0
14	2
0	0
0	0
0	0
0	0
0	0
0	0
0	0
0	0
0	0
487	0
10	0
1	0
1527	0
0	0
0	0
1	0
0	0
548	192
2	192
10	1713
688	391
1	1931
111	248
1	221
4	102
0	1722
0	98
0	1774
0	76
1	80
2	1616
1	123
0	94
4	94
0	1107
0	330
70	1297
5	367
0	1277
0	298
0	1225
0	314
17	1190
0	1279
4	0
8	0
0	0
0	0
0	0
0	0
0	0
1019	419
1	417
0	417
0	0
0	0
0	0
0	0
0	627
0	642
0	629
0	618
0	80
0	547
0	538
0	0
22	2576
0	2633
5	2360
0	54
5	70
10	115
93	52
0	157
105	136
41	1174
0	327
2	287
3	290
0	0
0	1
75	446
6	193
0	0
0	1
0	1
0	1
0	0
0	0
0	0
0	0
0	0
0	0
0	0
0	0
0	0
0	0
0	0
0	0
0	0
0	0
0	0
0	0
0	0
0	0
0	0
0	0
0	0
0	0
0	0
0	0
0	0
0	0
0	0
0	0
13	0
2	3238
0	0
41	0
2	0
1874	357
39	58
1	420
0	26
3	144
0	141
0	120
0	117
0	119
0	44
0	105
0	17
0	17
0	18
0	18
0	84
2	1
239	2541
9	834
0	2208
0	2165
15	83
0	0
26	467
0	10
327	0
1413	3876
0	0
0	0
0	0
0	0
0	0
0	0
0	0
0	0
0	0
0	1
0	0
0	1
0	0
0	120
0	1521
0	21
0	21
16	1513
2	59
1	0
0	0
1	123
0	0
0	0
0	0
0	0
0	0
0	0
0	0
0	0
0	0
0	0
0	0
0	0
0	0
0	0
0	0
0	0
0	0
0	0
0	0
0	0
0	0
0	0
0	0
0	0
0	0
0	0
0	2
0	1
0	3
0	1
0	3
0	2
0	0
0	0
0	0
498	3237
46	3215
0	140
0	116
431	741
5	741
0	0
0	0
1	23
1	0
2231	135
37	112
61	0
115	2
6	5
0	0
0	1
0	0
0	0
0	1
0	1
0	0
0	0
0	3
39	1466
18	1466
0	1286
1	460
5	377
0	73
0	164
1	0
30	8
1	0
0	0
0	0
0	2
0	2
0	0
0	0
0	0
0	2
0	0
0	0
0	0
0	0
0	0
0	1366
71	1953
0	653
45	580
4	1488
1	1361
8	1376
0	0
0	0
8	939
0	8
0	6
0	8
90	615
0	395
5	622
0	264
0	230
21	643
2	204
0	258
0	8
0	1
0	0
0	0
0	0
0	0
1	22
0	0
1	24
0	0
3	0
0	0
0	0
0	0
2	0
0	38
2	19
0	38
0	38
0	0
0	0
0	0
0	0
0	11
0	0
0	0
1	208
0	0
0	0
0	0
0	0
0	0
0	0
3	36
0	0
1	1
8	39
656	1966
12	1894
17	1830
3	500
0	191
3	72
2	0
0	0
72	668
25	266
0	0
1	5
24	73
2	38
2	161
4	11
1	158
2	18
16	13
0	36
0	9
9	43
0	2
0	43
0	19
0	19
1	10
0	10
0	6
27	1
0	0
0	1
0	0
0	0
0	0
0	0
0	0
0	0
9	24
0	0
0	0
3	0
0	0
1543	1036
0	85
168	853
18	549
58	729
42	659
3	12
0	110
0	207
1	313
6	273
2	30
1	53
4	0
0	0
0	0
0	0
0	0
0	0
0	0
0	0
0	0
0	0
0	0
0	0
0	0
0	0
0	0
0	1
0	1
0	0
9	0
69	438
0	438
2	304
5	48
2	713
1	713
2	55
9	1039
3	279
3	622
0	0
0	0
4	2194
5380	3710
53	136
0	774
8	1073
5	212
2	499
2	1162
0	5
0	1
0	4
0	5
20	31
0	31
28	6900
2	6584
217	7040
0	1213
28	717
85	2625
4	961
220	2482
0	0
0	0
52	265
6	172
0	0
0	4833
56	4507
3	2071
29	1950
7	0
2	105
16	360
0	307
14	361
0	360
0	4
0	0
0	0
0	0
0	0
0	1015
0	2225
0	2345
0	3532
0	3393
91	730
0	1001
0	691
29	30
0	749
10	351
0	2373
0	131
0	828
7	149
2	172
188	37
2	383
0	0
44	121
0	314
39	167
1	99
0	873
3	886
97	63
89	830
285	62
80	73
17	869
0	64
0	104
3	0
2	176
4	10
30	0
0	56
0	176
89	1255
6	1866
22	1866
1	1504
12	1913
1	753
3	188
8	94
14	55
0	399
0	349
0	558
5	304
1	60
15	1856
37	1890
401	1864
2	1781
1	232
221	69
0	68
0	0
2	1963
4	2362
63	323
1	229
10	34
0	566
28	1510
0	38
0	36
0	0
463	37
2	122
13	254
2	63
0	224
5	35
0	231
0	69
0	0
19	0
3	285
114	382
28	232
0	0
4	107
2	98
1	86
0	25
0	28
1	19
1	4160
0	3835
19	4622
1	3176
4	564
0	3777
26	1311
17	592
3	1751
3	1596
0	1201
0	1153
0	488
0	82
951	6959
0	3937
17	6641
1	3453
7	3249
8	1160
1	1038
11	647
0	20
610	5553
2	3937
0	2019
0	449
0	1002
0	690
2	136
0	136
1	35
0	1
0	5
0	5
0	0
0	0
0	0
0	0
0	0
144	1775
28	346
67	1571
0	136
2	1490
3	1657
78	1606
5	301
17	1594
3	76
4	70
14	205
1	68
2	92
6	74
4	27
10	151
3	259
7	689
3	689
5	298
0	115
0	32
5	31
2	1447
0	288
2	1060
7	1185
5	1291
0	975
0	1365
4	1337
0	1458
5	996
0	1224
0	230
4	1093
0	0
0	12
0	10
2	12
1	4
1	0
0	1395
1	7340
0	414
0	245
5	2724
0	5919
112	5445
0	2258
0	1146
46	481
0	1671
0	1556
0	1678
0	795
15	1564
34	405
62	25
1	368
0	108
6	343
19	363
1	180
0	271
0	270
0	93
2	101
2	46
0	26
0	70
0	89
6	68
0	3
13	80
15	0
0	1
0	3
0	5
8	95
1	113
0	115
0	57
0	57
0	95
1	85
1	101
11	105
0	84
156	9576
1	0
10	1255
26	3217
36	1763
0	8723
0	2607
7	1474
10	268
14	303
2	294
1	37
2	26
0	10
0	55
3	44
0	33
5	0
0	75
22	73
0	75
0	16
1	1
0	115
0	18
0	0
114	580
12	163
2	449
4	0
21	3040
47	2947
3	2304
8	972
12	2182
245	1767
40	162
0	0
186	486
6	125
0	587
0	108
14	262
1	201
0	120
1	110
0	9
0	10
0	0
0	49
0	27
0	3487
84	2746
69	3612
1	576
18	124
3	147
0	472
2	261
6	156
45	5097
0	5563
1	1392
1	263
33	341
7	564
53	602
0	37
0	1751
30	1252
1	449
43	1031
5	417
192	417
38	280
0	276
21	281
0	0
0	23
6	20
1	20
0	2
180	18
8	23
0	8
0	10
11	5
503	0
3	2327
0	2322
1	0
3	136
0	87
0	2252
0	145
23	1013
82	1013
0	780
0	849
6	622
0	916
17	432
0	484
0	135
8	246
1	102
3	206
0	0
26	58
0	0
0	0
0	2
0	2
4	0
0	0
2373	156
0	58
123	100
0	52
42	288
3	614
0	682
0	682
0	613
0	489
140	539
0	704
1	678
0	542
45	254
441	6
311	1268
0	746
0	769
0	231
2	752
23	711
0	1162
0	1000
1	540
235	865
20	1145
5	115
186	1685
230	1644
0	0
0	104
10	242
5	599
0	526
150	613
0	415
0	393
1	292
18	57
2	22
0	0
2	362
13	75
0	46
1	339
0	31
5	16
7	2
1	83
10	39
0	109
0	12
2	0
21	8
0	8
1	338
20	361
1	338
0	361
0	77
13	61
188	104
0	68
0	68
0	74
0	23
6	50
0	34
11	36
0	0
374	4012
3	3795
7	546
133	2571
109	342
10	773
0	468
9	791
0	785
0	577
23	83
1	76
2	5
0	4
0	8
0	5
2	3
245	695
2	199
24	671
7	473
2	154
0	20
3	20
0	15
12	0
0	0
1	42
0	42
0	38
0	7
1	1
0	4
2	591
10	1401
9	545
0	810
0	300
22	54
6	237
1	390
3	262
1	8
0	7
0	9
1	1
0	10
0	9
0	14
0	7
0	8
0	13
0	273
2	12
472	0
0	2
0	2
1	0
8	0
45	2
0	2
3	1026
0	1007
45	1382
8	622
0	962
1	1088
7	11
0	11
2114	1349
0	821
10	846
2	969
0	469
26	482
23	511
0	471
6	101
5	48
5	32
1	3
5	66
5	0
2	0
148	420
1	399
6	395
3	23
0	42
0	40
6	22
0	0
0	0
41	3473
1575	6163
23	879
5	486
14	1601
7	834
75	266
1	339
2	0
1	0
0	2
0	2
0	0
0	0
0	0
0	0
7	8
0	4
0	4
0	0
286	1205
9	877
2	1201
1	951
976	219
0	96
15	163
1595	759
7	115
4	341
9	219
1	70
15	40
41	5
0	0
0	0
14	70
7	64
0	60
26	63
0	34
0	0
4	923
0	1219
9	173
23	2008
2	1001
5	1334
1	1754
0	1706
0	360
1	780
27	806
7	806
0	0
4	155
0	0
25	1
0	1
2	1
156	411
10	411
0	881
67	230
0	711
4	991
11	910
9	459
1	109
0	279
4	368
1	46
0	89
0	310
0	123
0	38
3	33
1	39
0	33
0	11
0	7
3	653
4	103
0	639
0	636
0	290
0	230
0	472
0	211
0	644
3	513
0	23
2	516
4	230
0	38
1	250
1	117
0	40
5	292
14	403
0	57
30	258
8	36
8	86
0	61
0	365
4	32
0	44
0	105
3	69
0	0
1322	13101
0	12398
25	4352
17	5546
0	74
5	103
3	82
0	85
5	49
0	8
0	7
18	0
8	0
0	0
0	0
534	11
14	11
11	0
10	520
1	61
7	514
137	532
10	273
7	260
3	256
0	110
1	172
17	305
3	888
2	975
8	919
0	952
1	686
22	463
0	183
0	274
4	175
15	68
2	75
369	1112
1	1022
0	742
0	73
0	244
1	30
6	363
2	728
3	725
0	720
0	726
5	726
0	562
0	697
3	0
0	80
8	445
4	16
1	9
0	1
57	3401
17	1301
0	2418
18	88
0	186
4	67
10	871
0	240
11	263
0	0
1	245
15	42
17	1264
10	124
479	1860
4	107
5	0
0	1735
0	60
6	13
0	13
0	13
906	2607
3	2233
27	2512
14	2318
1	222
3	1732
40	111
0	0
9	568
0	651
12	563
82	916
0	271
3	184
0	212
1	64
2	44
19	553
0	1166
0	109
9	297
31	1028
0	31
3	22
36	566
2	352
0	26
5	47
0	3
0	2144
15	1997
12	1926
1	1747
6	217
6	195
6	235
0	338
6	37
6	88
4	256
4	147
0	35
285249	74684
129	26086
11	33963
0	0
67	14360
64	0
0	0
29709	12056
1	446
3	11586
9	2845
0	64
0	10
0	8
2	13
1	13
1608	457
10	89
3	268
3	312
0	125
0	446
3	416
7	362
1	321
0	15
1	32
0	28
0	28
54	1253
2	995
1	1039
4	1166
38	191
62	45
5	344
23	229
0	89
2	0
0	4
5	9
5	13
280	0
97	466
4	42
23	438
3	243
2	28
16	43
3	337
6	67
0	298
0	289
0	171
1	136
43	95
0	0
0	0
257	4726
46	4725
0	778
3	266
10	0
2	109
0	0
1	0
3	1153
2	202
0	1103
8	1039
4	1023
2	1058
0	219
0	958
0	0
234	885
1	776
3	112
0	0
0	1
875	9463
99	5636
203	8569
0	3314
4	392
0	9218
28	9215
0	9183
0	8584
423	0
0	751
0	1000
6	853
0	784
0	352
10	259
0	250
53	141
0	387
1	216
6	126
0	180
4	202
0	125
4	190
192	1165
0	269
1	121
5	22
6	130
1	106
9	64
24	754
11	60
0	122
115	222
5	111
0	1
0	1
23	568
1	525
5	323
0	389
0	324
0	222
0	125
7	135
0	254
0	142
47	336
0	335
0	336
0	1
0	1
118	0
358	0
330	217
0	169
1	49
1	190
1	128
2	156
6	27
7	48
72	297
6	363
0	296
12	296
3	47
0	347
0	0
1	28
7	364
2	337
12	35
3	136
12	114
0	24
0	4
1	4
0	1
0	1
1342	111
11	40
18	17
0	54
329	2212
7	2212
12	40
8	316
0	166
4	44
0	0
0	0
5	0
1288	738
0	274
5	359
0	105
3567	53
1	53
0	0
0	1262
0	1264
2	1267
1	1319
0	1128
0	65
15	1163
0	1229
0	14
0	1144
1	792
1	57
8	87
0	206
17	740
2	25
1	796
0	22
0	725
2	51
0	122
2	408
0	562
2	58
0	38
0	88
2	319
0	1
11	22
12	15
3	77
0	0
9	262
0	81
0	236
3	26
1	330
0	23
0	9
1	9
84	3072
0	2788
0	2160
0	260
0	2845
0	2618
76	211
9	429
9	1185
7	184
155	109
24	2
2	493
0	312
5	109
32	195
0	195
3	16
1	24
2	155
0	34
0	24
3	21
0	24
0	30
0	12
19	42
0	8
0	128
0	35
0	161
0	50
0	157
0	5
0	10
0	40
0	7
0	7
0	22
1	12
1	79
77	39
0	51
0	0
0	0
0	75
0	6
0	70
0	58
0	55
0	60
0	74
0	6
0	7
0	7
0	8
0	17
0	0
0	10
0	4
0	3
1	49
0	19
0	8
1	3
0	3
0	0
0	0
0	0
0	0
0	0
4	286
0	0
0	0
0	320
944	597
0	0
1	202
0	42
0	53
6	12
0	34
0	456
126	456
0	38
0	14
46	1912
8	2330
116	3989
4	2545
0	1059
2	639
88	639
3	137
5	398
0	2449
0	3113
0	3113
0	799
17	426
0	0
232	248
0	0
0	0
0	0
0	0
0	0
0	0
0	0
0	0
0	0
0	0
0	0
0	0
0	0
0	0
0	0
1	0
43	487
0	453
74	465
30	266
0	423
0	475
0	483
0	483
0	465
0	485
0	437
0	290
5	165
28	23
101	722
4	414
0	391
1	728
0	587
9	694
0	227
10	114
1	258
83	2607
30	10863
41	10458
30	381
33	492
0	3913
0	958
75	251
0	816
12	968
263	1997
6	1313
28	498
24	1160
4	1434
84	627
74	607
9	608
1	306
6	153
26	153
1	0
17	306
65	359
1	19
9	137
1	113
25	378
0	378
7	160
5	109
34	109
25	376
0	362
1	337
1	21
37	8
3525	6
104	0
6	0
48	0
121	2142
0	2142
28	151
3	267
15	176
5238	4380
2	4380
52	1273
7	1338
9	1254
21	394
130	3
0	0
0	0
0	8
11	136
0	128
2	30
1097	1970
0	2066
76	2083
1	1993
0	2241
0	2157
0	559
0	1765
1	360
0	1460
1	215
0	381
179	265
1	178
1	203
11	124
18	329
4	463
1	319
1	126
0	18
0	0
0	0
0	302
256	467
0	52
0	0
39	423
3	0
3	92
0	0
139	980
135	85
0	200
1	24
0	53
21	891
0	0
313	4127
2	4421
1	4421
0	4167
0	1959
2359	3751
11	424
0	3
0	91
17	216
0	3861
162	1453
36	684
111	1281
17	307
29	1102
3	746
6	786
1	744
0	0
0	4
0	4
0	3
1	0
0	0
0	0
0	0
0	0
0	0
0	0
0	0
0	0
0	0
0	2
0	2
0	0
10	124
0	0
0	1
0	4
0	0
0	6
0	6
5	0
2	53
44	0
0	1
0	1
0	1
10	1
0	2
0	1
1	128
0	0
0	0
0	0
0	0
0	0
0	16
2	147
29	152
0	0
64	1767
6	1360
183	1686
0	233
0	57
0	499
9	239
0	172
0	161
28	808
12	758
69	720
0	0
1	816
0	166
0	120
1	379
1	597
2	108
0	0
0	85
0	161
0	73
0	0
4	437
0	0
2	473
1	217
0	0
0	427
0	0
7	223
0	232
0	0
0	169
14	488
7	683
16	285
2	132
1	256
6	149
0	39
6	209
0	4
3	4
1	1345
6	1730
0	146
0	786
2	1390
3	1518
344	413
1	69
0	1884
8	696
11	1686
13	413
13	284
0	0
3	383
1	32
1	290
11	145
41	401
3	184
96	2153
628	2341
0	30
0	317
0	700
9	492
2	206
1	313
0	259
0	185
684	6
7	393
41	253
65	385
11	78
6	260
2	273
1	254
1	214
0	198
0	240
3	56
2	0
6	141
0	9
4	39
3	65
2	0
193	654
8	586
0	87
2	71
107	0
1086	919
3	634
50	861
10	154
5482	990
296	612
0	414
17	0
36	1409
8	72
0	1404
0	1376
25	1108
0	1103
57	1296
41	1132
0	1315
0	396
2	93
10	93
96	635
48	2734
52	2758
0	2603
465	0
260	586
0	0
0	0
38	0
0	0
25	686
4	558
1	251
0	171
22	93
0	417
0	248
0	228
1120	100
12	975
146	7790
333	7790
18	508
1	718
43	305
600	422
52	113
6	413
123	0
95	1028
30	1028
1	46
0	132
3	0
17	12
31	7
3684	1247
2	218
5	710
28	499
8	423
1	523
544	475
28	374
6	99
1213	18782
0	5453
3	1134
23	4522
13	4774
14	12102
154836	59360
0	6022
11	5942
246	12507
32	4130
0	0
273	8
0	8
0	0
5	1247
0	0
12	119
0	0
2	7
0	0
5	0
0	0
299	258
0	0
0	0
88	0
8	1905
29	1805
0	204
6	1509
6	83
3	31
8	0
2	285
1	258
19	0
5	6
1	4
1	2
0	0
0	0
0	0
0	0
3	0
2	22197
1	0
79	22230
0	4861
204	19338
0	8941
89	9546
0	4371
38	11135
46	51
1	51
0	1
0	251
0	31
0	247
0	326
0	314
4	225
0	198
0	48
3	1
338	784
4	719
0	439
0	144
6	55
7232	1780
4	1725
1	125
0	0
3	2417
0	2270
13	365
5	285
1	270
0	0
14	12
0	116
0	143
0	4
2	985
18	872
0	985
5	878
0	4
199	873
15	718
57	453
0	718
51	206
2	206
0	163
2	68
0	132
17	9
33	488
0	488
3	25
40	0
3	296
0	82
0	7
0	296
723	454
0	445
0	3
0	293
0	291
0	291
0	294
0	294
0	292
0	291
0	7
56	0
12	0
0	2
0	2
0	2
0	0
54	1136
1	1095
3	585
17	668
14	604
1	373
0	360
2	212
116	175
144	369
17	551
9	1789
186	1827
5	136
5	80
0	75
30	10
0	61
1	61
2	126
5	104
0	131
0	104
4	2
0	6
5	157
26	159
2	132
4	138
0	0
7	42
3	925
9	47
2	25
5	792
0	508
37	738
16	542
7	819
1	195
8	329
0	410
0	372
1	393
0	389
4	245
16	90
6333	12603
15	4866
0	6206
3	1865
52	1534
13	1742
3	1593
6	262
1	2140
18	368
43	2435
2	5
5	9
0	5
0	0
0	0
0	4
1	0
0	0
0	0
0	0
1	1286
4	1482
1	1490
8	103
0	1390
1	47
8	47
3	4
2	0
2	2
0	2
0	0
1	0
0	1
0	1
3	51
0	34
1	46
1	0
0	12
18	0
0	0
0	0
45	160
1	9
49	160
83	1075
15	1105
4	77
0	30
750	405
0	314
3	154
8	237
2	129
0	73
3	59
2	0
53	3247
0	255
10	397
4	538
129	2817
0	2474
7	680
0	197
0	1
10	1
10	0
0	281
59	508
41	235
25	46
0	46
4	8
1	0
0	0
0	0
9	0
0	0
15	2397
390	2397
5956	2781
419	2781
2	271
0	0
0	0
9	120
0	0
0	0
0	0
0	0
0	0
0	0
0	0
1278	0
51	87
6	68
4	26
0	2
0	1
0	3
0	1
0	1
42	0
1	224
0	292
3	207
0	60
45	199
1	0
99	0
0	0
0	16
37	41
0	33
1	86
0	10
2	13
22	9
19	24
0	13
0	8
0	8
232	66
11	64
4	0
0	1
45	1
4	4
0	7
11	5
0	0
0	4
13	0
0	4
1	0
3	307
0	277
119	263
1	58
0	33
264	0
0	0
4	0
195	90
1	59
0	90
0	44
0	0
28	9
0	11
3	6
0	4
0	1
0	0
0	0
0	0
0	0
0	0
1	0
0	0
0	0
0	0
0	0
0	0
0	0
0	0
2	0
174	497
28	497
0	656
1	518
1	274
1127	689
0	1
0	406
12	207
3	48
0	0
0	0
0	0
0	0
0	0
0	0
0	0
0	0
0	0
1	5
0	0
0	0
0	0
267	554
8	554
0	0
0	0
4261	0
1	0
0	0
0	0
0	0
0	0
0	0
0	0
0	0
0	0
0	0
0	0
0	0
0	0
0	0
0	0
0	0
0	0
0	0
0	0
0	0
0	0
0	0
0	0
0	0
0	0
0	0
0	0
0	0
0	0
0	0
0	0
0	0
0	0
0	0
0	0
0	0
0	0
0	0
0	0
0	0
0	0
0	0
0	0
0	0
0	0
0	3
0	0
0	0
0	0
0	0
0	0
0	0
0	0
0	0
0	0
0	0
0	0
0	0
0	0
0	0
0	0
0	0
0	0
0	0
0	0
0	0
0	0
0	0
2558	0
1863	6
0	0
0	0
9	0
0	0
0	12
0	681
0	784
2	0
0	784
1	0
0	3
0	3
1	0
0	0
0	0
0	0
0	0
0	0
0	0
0	0
0	0
0	0
0	0
0	0
0	0
0	0
0	0
0	0
0	0
0	0
0	0
0	0
0	0
0	0
0	0
13	54
0	2024
4183	1972
211	880
0	134
7	134
0	0
0	0
0	0
0	0
0	0
0	0
0	0
0	0
0	0
0	0
2	158
0	135
0	0
0	0
0	0
0	0
0	0
0	0
0	0
0	0
0	0
0	0
0	0
0	0
0	0
0	0
0	0
0	0
0	0
0	0
0	0
0	0
0	0
0	0
0	0
0	0
0	0
0	0
0	0
0	1
0	1
0	0
0	0
0	0
0	0
0	0
0	0
0	0
0	0
0	0
0	0
0	0
0	0
0	0
0	0
0	0
0	0
0	0
0	0
0	0
1	1
0	0
0	0
0	0
0	0
0	0
0	0
0	0
0	0
0	0
0	0
0	0
0	0
0	0
0	0
0	0
0	0
0	0
0	0
0	0
0	0
0	0
0	0
0	0
0	0
0	0
0	0
0	0
0	0
0	0
0	0
0	0
0	0
0	0
0	0
0	0
0	0
0	0
0	0
0	0
0	0
0	0
0	0
0	0
0	0
0	0
0	0
0	0
0	0
0	0
0	0
0	0
0	0
0	0
0	0
0	0
0	0
0	0
0	0
0	0
0	0
0	0
0	0
0	0
0	0
0	0
0	0
0	0
0	0
0	0
0	0
0	0
0	0
0	0
0	0
0	0
0	0
0	0
0	0
0	0
0	0
0	0
0	0
0	0
0	0
0	0
0	0
0	0
0	0
0	0
0	0
0	0
0	0
104	2406
0	2406
88	18
0	0
0	0
0	6
0	0
1	0
73	645
0	642
3	410
0	115
0	41
0	4
4	3
0	0
5	630
0	685
27	530
4	0
0	0
2880	307
55	305
0	46
15	119
7	523
57	0
0	0
0	0
0	0
1114	1239
3	1239
16	0
0	0
55	449
0	5092
10	4584
52	86
52	1102
2	1193
2	8
1	127
1	2
91	603
37	931
5	58
217	315
1	0
0	0
0	0
0	0
0	0
3	88
977	269
0	0
0	0
0	148
0	169
0	183
2	59
0	121
18	0
36	0
0	0
2	2
1	2
0	0
26	2589
0	2546
0	1241
0	1049
11	47
6209	2991
2	2535
0	2182
274	665
66	664
29	637
14	333
33	332
0	1
0	0
0	0
0	0
117	4433
0	0
0	0
0	0
0	0
25	1255
181	2244
0	1905
143	1628
0	33
17	226
0	3
0	131
2	164
7	13
15	4
0	147
723	822
9	801
1	1
37	784
17	784
1	0
0	3445
146	2698
5	2698
62	1192
0	0
0	554
0	33
3	33
0	15
0	10
0	10
0	0
0	0
0	0
0	0
0	0
1	0
0	0
0	0
0	0
0	7
0	6
0	6
0	7
0	6
13	10976
0	11892
1	10324
36	1790
2	39
22	258
24	1198
4	3115
0	5
0	5
0	5
0	6
0	0
0	5
0	6
0	6
0	7
0	6
0	6
0	7
0	0
0	1
0	0
7	4
1	959
9	4
3	123
0	0
1	0
0	0
19	955
135	1
0	7
6	10
1	2
23	4
0	0
1	5
0	5
12	0
0	0
4	1
0	1
0	0
0	0
1070	4707
18	320
0	4624
28	1573
589	1720
0	0
1259	3310
0	3124
0	2409
35	627
1	0
0	0
0	0
0	0
2	11
549	941
8	748
0	173
6	275
0	87
0	0
2	6
2	47
17	1474
227	1793
22	1420
0	0
0	4346
52	929
1	4409
0	471
11	1239
0	0
1	7
0	0
0	0
0	0
11	20
0	19
0	15
0	15
0	18
0	0
0	0
0	0
11	215
0	20
0	16
0	19
0	18
0	15
0	16
0	16
0	2
0	4
0	3
0	8
0	6
0	12
0	19
0	7
0	4
0	7
0	7
0	0
0	12
0	0
0	0
0	0
0	0
0	0
3	0
3619	509
11	505
0	0
452	1360
43	1388
0	1283
5	64
43	0
3	23
0	0
0	0
34	192
0	192
0	0
1	0
0	0
0	0
23	1515
0	0
0	0
81	7
2181	963
0	100
3	216
0	400
0	471
0	0
117	126
0	0
0	126
0	0
585	188
8	188
0	0
0	0
27	7417
1	7555
114	7255
8	7423
4	484
15	221
14	43
2	0
0	0
14	157
2	123
11	80
1	0
1	1668
387	1668
7	78
17	195
0	0
5	43
66	0
2	0
177	0
3490	2689
0	1043
23	0
0	808
1	1587
0	0
18	2454
0	0
265	157
1	1
1	140
28	129
0	0
0	0
9	0
1041	116
13	52
3	20
2	21
1	18
0	27
0	0
1202	2024
9	168
1	290
15	2024
5	151
0	0
0	0
0	0
0	0
0	0
0	0
1	0
0	0
0	0
0	0
7	0
0	0
0	0
0	0
0	0
0	0
0	0
0	0
0	0
0	0
3	2478
0	34
0	2663
0	2638
27	2517
0	0
0	0
1	154
0	149
0	182
0	665
43	21
1	196
0	265
3	840
0	286
0	260
0	6
0	137
0	147
0	140
0	747
0	170
0	318
1	225
0	751
0	752
0	766
0	342
3	769
0	374
0	297
0	276
0	217
0	232
1	179
0	207
0	42
0	192
0	186
0	233
1	14
0	292
0	149
0	82
0	359
0	0
0	222
53	1
0	0
0	0
0	0
0	0
0	0
0	0
1	0
37	723
2	22
14	872
0	26
0	772
653	822
7	785
2	126
3	0
6	0
0	0
0	0
0	0
0	0
0	0
245	1270
1	1173
0	224
6	58
36	66
1	330
24	793
15	16
4	313
0	108
0	0
0	0
0	1111
0	1091
1	332
0	259
3	303
1	192
25	133
0	0
0	9
0	0
1	7
0	0
0	0
210	470
0	64
1	405
0	54
0	314
1	6
8	401
0	114
0	85
0	114
38	0
0	0
0	0
0	0
0	0
0	0
0	46
186	633
14	8
5	342
12	27
3	311
0	1
2	473
0	6
3	7
0	7
0	1
0	3
0	3
1	3
1082	0
0	0
106	1199
190	1211
276	671
60	527
1223	722
2	70
8	503
16	39
0	93
0	51
11902	182
47	182
9	0
30	0
0	0
65	462
2	462
0	0
0	347
0	4964
126	5012
0	2060
0	4463
147	0
0	0
0	0
76	1642
36	751
16	1406
32	142
85	391
4	223
7	194
4	9
19	16
36	20
279	0
0	0
0	0
0	32
1	32
0	1
4	4
1	4
0	1
188	2160
70	154
191	668
0	1636
0	875
14	87
3	753
154	4158
3	13
0	3877
0	1619
6	68
0	430
10	886
20	267
0	0
0	0
121	1833
0	1196
100	1814
14	55
1	0
978	145
0	145
0	0
1	386
0	7
0	71
12	382
0	13
0	0
0	0
431	1000
79	2006
797	3497
0	736
25	219
0	91
104	145
11	1354
5	208
14	3
0	3
1	0
0	2
0	0
0	0
0	0
0	0
0	0
2	3
1	0
237	308
0	180
71	266
0	21
0	21
5	0
0	0
3	5
2252	2
0	0
5	10
7	280
16	519
51	519
1	224
3	77
23	1
112	0
124	897
0	886
0	884
0	560
0	562
0	31
38	359
4	241
29	226
1	0
7	1631
28	1445
39	1520
1	1110
0	920
0	758
57	597
1	75
0	65
29	132
1	27
98	14
13	1
197	28
0	10
12	57
59	0
0	0
0	0
71	689
2227	678
114	413
2	678
59	0
319	4906
0	8805
55	8455
297	3439
0	2366
0	3384
0	3130
0	3178
0	3385
0	3384
77	1226
0	578
11	160
7179	2934
461	2128
70	638
0	0
0	0
0	0
1	0
8	13
2	13
0	0
0	3
0	0
0	0
0	0
1	0
3	968
20	518
0	967
0	444
0	1
0	0
0	0
0	0
0	3
0	0
0	4
1	6
0	50
0	1
0	1
0	4
0	0
0	0
0	0
1	0
0	22
0	22
0	22
0	9
0	0
0	0
0	0
0	0
0	0
0	0
0	0
74	133
0	133
0	133
13	490
20	490
5	75
91	207
0	445
0	43
15760	13047
19	13043
0	0
4	216
1	197
6	7
0	176
0	0
1	31
0	0
76	0
3	4
4	4
5	2272
31	2329
5	278
0	258
0	147
27	90
0	0
0	55
875	55
183	87
43	9883
377	9883
164	87
342	13
0	0
394	9
430	20
6	18
0	0
0	0
0	0
0	0
0	0
231	824
7	832
0	687
0	0
13	86
69	1599
0	1627
1	129
3	63
4	0
0	1226
1	139
0	0
6	87
1	87
4	7
0	0
0	0
0	0
0	0
0	0
0	0
0	0
0	0
0	0
0	7
0	7
0	7
0	0
0	0
0	43
1	42
0	43
0	44
0	20
1	14
15	98
93	174
0	137
29	0
1	19
0	25
0	23
0	28
0	25
0	23
0	17
0	0
0	0
0	0
0	0
0	0
766	471
38	0
7	0
0	471
5	337
0	408
0	0
0	173
14	0
0	480
0	482
8	0
0	66
79	21
0	0
0	59
0	64
21	9
0	65
0	9
0	1
0	29
1	30
1	6
0	0
0	6
0	6
0	6
0	0
0	0
0	0
0	0
330	0
0	0
5972	4254
0	1052
2	269
22	523
2	652
15	549
36	1317
304	368
4	529
0	41
0	41
2649	1455
124	1471
46	44
0	214
1	200
0	196
0	194
1	135
0	102
1	70
1	44
0	0
0	0
0	8
0	4
1	4
0	4
0	0
156	1327
21	731
20	333
3	786
0	0
713	1567
0	743
1	291
3	1796
31	94
2	746
3190	271
25	8
40	271
0	2
13	0
20	9
5	51
0	43
0	0
0	0
0	0
0	1256
23	1301
2	1086
3	0
1	0
0	0
0	0
1	1
0	0
13	6745
0	454
0	6834
0	6591
2	244
0	4032
2	167
7	129
15	149
51	1416
3	2793
126	974
0	3
0	3
5	185
5	910
0	470
0	907
24	917
3	876
0	0
1135	0
11	206
3	194
3	31
0	30
0	1
0	1
168	116
10	116
135	8
0	22
0	21
0	12
0	7
0	2
0	8
0	2
1	2
0	1
0	0
0	0
0	0
0	0
0	0
0	0
5302	138
168	138
0	0
20	67
290	3736
129	3726
2	3302
0	175
5	25
165	1756
40	194
0	0
749	0
158	649
3	649
0	0
699	313
7	44
0	130
0	2
24	22
2	206
4	0
1196	0
0	0
325	18
0	18
0	18
0	0
0	0
0	0
0	0
0	0
0	0
0	0
0	0
0	0
2	18
1121	181
0	177
0	177
0	171
1	0
0	5
0	0
0	39
0	44
0	0
0	0
0	0
0	0
0	0
0	0
0	0
0	0
0	0
0	0
0	0
4	8
1471	6128
14	2112
11	1794
26	3244
306	1556
0	0
0	1300
13	1344
6	1330
0	1274
32	1228
0	1190
0	1127
20	193
4	1084
9	96
0	1248
0	1000
0	888
2	888
1	0
30	1196
168	1
0	4
1	62
0	137
11	15
3	23
1	58
1	218
0	9
1	2
139	48
22	1
41	1832
2	1906
0	193
2	60
6	1059
0	108
0	42
2	207
0	92
3	0
112	88
3	88
7	63
4	24
0	0
0	0
0	901
1	0
1	107
1	0
411	924
3	118
0	468
0	0
16	57
0	31
0	219
0	3
0	2
0	2
0	0
0	2
0	0
38	288
5	288
0	0
1	0
0	0
0	0
5	226
70	2202
0	2202
0	1689
215	1851
146	269
0	0
0	0
0	0
0	0
0	0
2	7
0	7
2917	19848
1255	19844
387	264
12	264
0	1
1515	1231
0	904
24	1236
0	1236
0	1236
0	872
0	691
1	0
3	48
6	48
0	47
0	6
0	9
0	0
595	297
1	257
0	240
450	3
608	5
560	0
0	0
5635	2894
2	1992
10	932
60	286
115	284
6	19
43	17
2	67
156	770
0	26
2	206
59	713
1	42
0	38
17	36
57	182
111	1237
0	1399
7	138
2	0
50	1157
0	1032
2	1148
0	1228
0	1082
0	531
1	12
0	1005
0	170
12	0
16	685
20	63
9	609
0	0
0	18
0	25
0	0
296	63
1	63
0	0
0	0
1	11
0	20
40	22
0	11
13	0
1	59
3	59
11	493
3	1081
1	1080
53	66
370	70
1	70
281	1599
70	1603
1	659
11	34
510	938
62	933
67	21
0	170
61	9
60	107
0	256
44	0
0	38
1	38
0	20
0	0
0	0
1	22
0	2
0	0
1	0
748	510
0	250
0	230
0	0
0	0
0	0
4	41
69	34
90	144
6	132
0	125
1	6
0	4
0	0
0	127
0	137
0	87
5	26
0	0
2	20
3	616
2	547
32	582
5	593
0	28
5	435
0	384
2	122
0	14
8	0
0	0
17	4
0	3
0	0
0	0
0	0
4	0
0	1
0	0
0	3
6	3
0	0
0	0
0	0
338	732
0	635
0	253
10	120
1	0
0	0
0	0
41	0
436	2
0	0
0	0
4	501
0	543
51	663
282	643
0	152
0	33
0	33
627	425
24	103
14	390
3	8
18	19
1407	82
2	80
10	267
0	297
0	153
0	136
1168	335
19	41
1	125
4	53
0	116
8	2942
1	2938
1208	2101
0	2380
0	1950
0	0
1	0
10	0
0	0
189	36
62	36
7	14
0	14
0	1179
0	1185
15	1176
0	106
0	27
0	1
18	30
0	29
0	0
106	3006
44	3004
58	151
14	217
0	321
3	145
100	1648
0	448
5	337
35	324
1	171
0	76
40	0
0	119
2	46
0	74
0	10
0	449
19	631
46	42
17	199
3	42
1	17
0	17
15	96
31	0
1	15
0	11
0	0
0	0
24289	14440
2	14374
0	0
6	0
0	5
13	16
4269	602
6	519
2	79
1	0
0	0
7	0
0	0
16	40
1	40
1	2
0	55
399	2381
72	3585
8	2458
1	1023
3	1055
2	677
7	1069
0	12
4	541
16	146
2727	148
0	0
0	0
0	0
0	0
0	0
0	0
0	0
1	0
0	0
0	0
0	0
0	0
0	0
0	0
0	2784
13	2490
31	74
0	1606
35	1619
0	0
0	0
0	0
0	0
2	4658
7	322
0	1212
81	554
105	4510
301	1156
0	377
0	4572
1382	134
30	397
18	134
349	397
3	25
0	376
93	3149
15	3229
0	848
6	24
34	1468
0	3231
21	46
6	141
0	115
0	120
1	100
0	125
0	108
0	116
1	80
11	718
1	796
0	56
2	582
3	33
0	0
2	113
3	113
0	0
0	0
0	0
0	1
0	1
0	0
0	0
0	0
0	0
0	0
0	0
0	0
0	0
0	0
0	0
0	0
0	0
0	0
0	0
0	0
0	58
58	563
116	419
0	3
44	2
7	532
0	2
0	28
41	0
74	0
0	545
3	1506
412	0
105	327
4	207
3	0
0	141
0	208
53	273
12	0
3	97
0	104
0	26
1	54
0	42
4	24
4	2
8	65
0	0
0	0
0	0
0	0
0	0
0	0
529	156
11	156
0	0
611	6848
109	3310
314	1593
31	3695
724	1564
4	120
0	0
0	17
1	17
0	17
0	17
0	10
0	9
0	1
0	7
0	3
0	0
278	317
0	0
11	5
11	317
5	36
0	0
0	0
407	0
60	2400
22	2311
6	2492
0	2394
0	2196
137	1485
10	319
8	790
0	21
18	1055
19	802
15	1030
5	0
2	46
1	44
0	82
0	14
6	0
11	53
0	1551
0	195
0	1383
4	129
2	1635
0	1257
0	872
0	1243
1	124
0	0
0	0
0	0
0	0
0	0
0	0
0	3329
15	510
3	1622
0	78
177	156
0	0
37	2984
0	117
0	0
1	176
0	58
56	346
22	307
0	227
0	171
0	79
9	78
4	95
287	20
79	1831
0	1900
0	1844
6	20
33	1826
2	1339
0	1569
0	1461
2	27
0	681
61	681
0	702
0	702
0	522
4	23
14	10
0	2
0	4
0	1
0	0
0	0
0	0
2	0
30	173
0	173
1	853
2	875
1	864
11	777
2	865
4	867
41	750
1	178
0	357
1	242
6	124
1	139
19	52
8	6
0	263
0	0
125	0
0	275
0	264
0	32
0	0
9	226
362	6174
0	5990
1	3067
0	259
15	956
3	334
23	52
294	234
0	226
23	88
12	183
18	94
0	7
0	6
1375	36
1	32
8	283
0	227
0	204
0	106
1	175
14	0
55	331
2	87
20	338
0	18
1	38
10	3265
12	3172
27	3311
1	93
1	16
4	3232
0	0
0	0
0	0
0	0
0	0
0	0
255	0
69	1242
1	1069
27	157
0	270
0	956
1	1212
9	192
62	281
4	254
0	157
1	76
57	0
306	1245
3	1267
16	1142
0	1117
4	1171
1	1126
1	1151
0	720
0	73
0	80
0	89
0	71
104	41
0	19
14	15
27	0
36	459
1	433
14	83
60	160
0	0
0	0
375	0
156	762
1117	958
2	808
7	853
1896	216
1	192
29	46
33	166
93	192
0	0
0	0
5	0
2	553
131	110
1	108
0	0
0	0
8	519
37	26
2718	1625
85	1526
8	1438
0	0
7	29
13	410
5	166
1	240
21	0
0	73
0	69
3	101
0	72
3	0
5	54
0	0
3151	8277
392	8280
36	0
0	0
68	583
120	154
0	11
71	160
2	49
0	49
0	4
0	0
0	0
0	0
0	0
0	0
0	0
1599	288
1	284
1	4
0	4
0	3
0	0
0	0
0	2
0	0
0	0
19	7390
0	1144
21	6294
20	60
1	5863
22	1626
0	9
0	10
0	9
0	12
0	7
1	2
0	11
2	0
0	8
387	2
0	1
0	0
0	0
1	0
0	0
0	0
0	0
0	0
0	0
0	0
0	0
0	0
0	0
0	0
0	3
0	0
0	0
2	5
0	31
0	30
0	0
0	0
0	0
0	49
0	48
0	14
0	32
0	31
0	31
0	0
0	0
0	0
0	0
0	0
0	0
0	0
0	0
0	0
0	0
0	0
35	13
0	0
1	0
0	0
0	2272
0	2242
2	2282
12	2267
0	3030
16	3030
1	1687
3	2729
29	1098
36	2994
2	39
0	534
0	414
0	0
1	59
7	356
0	42
4	0
0	7
0	3
0	14
0	3
0	3
0	14
6	4
2	0
0	0
4	5882
36	673
1	3796
0	5924
2	4047
14	3
2	4029
53	6062
3	4185
0	6244
2	121
0	6179
0	0
1	4033
0	6161
7	774
0	0
0	0
0	0
0	0
0	0
0	0
0	0
153	1823
6	955
3	0
6	0
13	1804
28	1839
14	57
0	1122
0	564
0	706
4	811
1	0
10	700
0	808
0	539
0	552
0	35
25	0
20	13
15	2
1	11
4	0
0	0
116	0
7	0
1	0
5	0
245	0
22	1109
2	0
3542	191
9	99
15	92
155	241
0	0
1	11
7	0
156	230
0	0
1	4808
0	1
4	1
8	4929
0	2816
19	3519
183	498
0	392
0	372
52	411
0	381
19	444
1	189
0	31
29	0
8	3303
82	0
40	3458
10	52
0	0
0	0
0	0
0	563
4	2129
0	466
5	301
13	301
19	0
0	0
0	0
0	0
4	668
563	1002
11	990
0	731
3	71
18	0
0	0
0	0
0	0
0	0
0	0
0	0
0	0
6	0
3	404
0	164
4521	1056
1	1175
10	50
0	1231
1	183
2	376
1	1150
1	1663
0	1581
6	93
0	1190
20	1108
3	60
40	120
3	62
28	313
34	131
162	181
78	854
2	946
76	104
80	0
0	966
0	959
0	347
0	629
0	343
5	152
0	132
7	125
1	344
0	835
75	107
0	249
1	843
323	834
2	273
0	22
410	0
0	72
5	36
1	726
0	16
0	56
11	71
0	0
0	0
0	0
0	0
0	0
0	388
10	345
0	82
0	123
0	264
0	92
0	91
1	320
0	442
0	436
0	431
0	136
0	422
16	0
554	4819
59	0
15	21
1	1294
0	1350
1	3561
0	54
1	54
0	17
0	59
0	0
0	34
13	484
26	543
16	653
0	653
0	46
1	1
4211	111
8	107
0	0
0	0
0	0
58	0
2	0
0	0
0	0
0	0
1559	1647
0	275
0	1577
34	136
6	263
6	379
0	246
0	246
0	246
0	246
361	0
1	473
0	464
0	464
0	67
0	113
0	45
0	0
13	19
4	6421
30	6790
0	6408
0	6354
0	2832
0	2671
0	2410
0	1836
4	1673
0	1831
0	1619
23	1606
70	1339
17	555
0	132
17	526
1	61
28	86
16	24
0	200
10	166
0	0
2	2
13	2
0	0
259	1317
0	1317
0	0
197	86
0	109
48	109
4	10
0	18
0	15
0	0
0	7
0	18
0	15
0	0
0	0
0	0
0	0
7778	0
0	0
7	0
0	0
1	214
1	210
0	164
0	92
0	85
0	7
10	6
0	4
0	4
0	0
0	0
0	0
0	0
0	0
0	0
6	0
0	0
0	0
0	0
0	0
0	0
2077	5644
23	3183
6	1945
17	1900
8	890
20	657
7975	0
3	2
0	2
0	0
0	22
563	132
0	27
1	19
6	109
2	80
0	52
3	20
0	1
0	0
4	0
2	0
0	3
0	3
0	1
0	2
24	1778
370	1778
9	377
2	6
0	0
0	0
0	0
0	0
0	0
28	62
5	62
4126	4
0	720
0	0
0	0
0	0
0	0
0	0
0	0
0	0
0	0
0	0
0	0
38	0
146	382
35	410
0	215
5	0
0	0
0	0
1	2
0	2
2	2
0	2
22	455
0	267
0	417
0	299
2	191
0	172
288	70
3	0
0	0
2	0
1539	2246
1	2047
14	756
24	87
15	28
0	0
0	0
534	0
7256	6287
0	1454
23	410
66	4501
0	0
0	0
0	0
205	165
2	237
2	758
90	50
0	95
6	836
0	15
0	0
7	134
6	21
2	21
0	20
2919	6
1095	79
12	12
3	74
0	0
0	0
0	50
468	265
9	204
0	71
2	71
3	55
506	63
0	5
743	47
0	15
0	0
8	387
2	9
0	0
54	319
0	387
0	354
7	120
0	174
0	90
2	15
2	16
0	2
0	0
0	0
0	0
0	10
0	0
0	0
0	1286
0	1552
9	1243
1	1510
1139	1107
7	1073
31	838
149	68
0	0
169	0
0	0
0	0
0	1
0	1
0	1
0	0
0	0
0	0
0	0
0	0
0	0
0	0
0	249
125	303
0	48
90	175
1	55
0	259
51	80
0	37
0	16
50	232
0	148
0	227
2	228
1	0
753	426
20	33
10	139
36	92
16	64
163	216
1	237
9	27
0	1
56	6
0	6
0	0
0	0
0	4292
0	854
0	0
2	2
1	560
0	560
4	4355
0	574
3	899
0	0
0	46
0	245
0	0
0	0
0	0
8	0
0	736
0	0
0	0
1	0
6	0
0	0
0	0
0	0
0	0
1	0
3	2
0	738
2	0
1	0
0	0
0	0
0	0
0	0
3	65
9	33
0	15
17	0
4	108
0	0
0	13
4	0
1	736
0	0
0	31
0	0
0	2
4	148
0	523
24	98
0	37
0	0
0	0
1016	937
77	831
3	917
0	114
0	143
0	96
1	1
2	59
1	45
0	62
23	35
0	0
392	1302
4	1302
6	109
1	242
2654	738
14	691
8	47
2	0
0	0
1	21
0	0
0	0
0	0
0	0
0	0
33	682
1	257
1	421
5	685
3	106
1	106
22	100
2	34
0	112
3	102
45	960
191	1855
0	1821
2	726
0	0
5	232
2495	16
35	5
0	0
0	0
2156	683
2	551
1	42
18	134
0	5
326	1445
5	399
19	36
5	84
2	463
45	292
2	758
2	15
20	224
680	872
1	866
85	119
4	309
0	100
7	38
4	10
7	10
32	421
2	382
0	88
35	22
22	3
7	61
27	43
44	35
0	92
91	70
0	0
0	0
6	35
0	35
0	0
0	0
0	1
873	881
5	881
2	8
290	698
22	699
20	203
211	9
0	0
0	2
0	2
50	23
0	9
0	0
3	14
0	0
0	0
713	1717
2	157
0	1681
33	46
0	0
9	0
2	0
4	0
0	1047
0	1041
0	993
0	1040
0	1000
3	736
0	438
0	374
0	462
2	281
0	266
0	284
0	250
9	262
1	105
0	158
62	145
1	21
0	98
0	67
38	57
9	57
4	45
93	44
0	59
0	12
0	0
55	0
0	0
34	0
27	209602
58	8
0	0
0	0
0	0
0	0
0	0
0	0
0	0
0	0
1	170
0	0
0	0
0	0
0	0
0	0
0	0
0	0
0	0
1	0
38	8
0	2
0	2
0	1
0	0
0	3
0	0
6	0
3	0
0	0
0	0
0	0
85	342
0	342
2	107
0	24
2	24
8	0
17	7654
17	8319
120	9185
0	3995
1	3510
0	2983
1	1373
0	0
11	59
264	189
0	130
27	19
0	19
0	1
10421	16
2	0
0	3
0	3
0	2
0	4
0	29
0	0
0	30
0	0
0	0
0	0
0	0
0	0
0	0
0	0
0	0
0	0
0	0
0	0
0	0
0	0
0	0
0	0
0	0
0	0
0	0
0	0
0	0
0	0
0	0
0	0
0	0
0	0
0	0
0	0
0	0
0	0
0	0
0	0
0	0
0	0
0	0
0	0
0	0
0	0
0	0
0	0
0	0
0	0
0	0
0	0
0	0
0	0
0	0
0	0
0	0
0	0
0	0
0	0
0	0
0	0
0	0
0	0
0	0
0	0
0	0
0	0
0	0
0	0
0	0
0	0
0	0
0	0
0	0
0	0
0	0
0	0
0	0
0	0
0	0
0	0
0	0
0	0
0	0
0	0
0	0
1	0
0	0
0	0
0	0
0	0
0	0
0	0
0	0
0	0
0	0
0	0
0	0
0	0
0	0
0	0
0	0
0	0
0	0
0	0
0	0
0	0
0	0
0	0
0	0
0	0
0	0
0	0
0	0
0	0
0	0
0	0
0	0
0	0
0	0
0	0
0	0
0	0
0	0
0	0
0	0
0	0
0	0
0	0
0	0
0	0
0	0
0	0
0	0
0	0
0	16
5	119
7	65
4	71
4	0
2	0
0	75
2	0
1	3
0	76
0	0
0	0
1	0
0	0
3	0
4	0
0	0
0	2015
0	0
5	562
1	631
0	626
0	639
1	455
0	219
0	202
0	278
0	278
0	286
0	286
0	278
0	278
0	286
7	286
10	1
0	59
4	34
8	7
11	6
3	5
7	0
6	0
1094	1043
6	333
19	536
22	11
4	220
0	276
0	0
0	0
39	3
4	3
0	0
0	0
2	116
0	73
0	122
0	133
1	33
0	109
0	104
0	29
4	4
50	15
0	107
0	32
0	87
2	36
0	8
2	11
0	31
5	88
9	113
546	2832
25	334
36	2470
1	633
12	122
0	650
0	153
6	608
47	157
10	39
10	406
8	821
4	820
1	384
132	131
5	38
0	333
4	138
0	233
4	225
0	119
0	0
0	50
79	522
0	516
0	19
0	0
0	44
2	42
1	101
8	2
2	8
0	8
1	1160
3	1196
3	961
0	908
3	1299
1	894
2	256
31	473
0	442
6	365
2	722
22	0
31	0
6	159
94	0
13	0
2	135
43	0
19	418
2	204
0	98
0	116
12	32
0	0
0	0
27	242
1	30
1	157
57	428
2	365
2	179
2	343
4	0
45	0
4	0
0	0
1	0
16	1062
2	1287
1	298
60	0
47	0
55	619
14	640
0	375
11	287
0	280
0	0
39	0
125	108
3	10
4	0
34	2
1152	187
50	180
4	7
189	127
1	119
0	12
75	1862
1544	13727
0	12227
7	4993
214	2349
5	4032
158	19
0	19
0	0
1	571
90	0
0	612
3	758
0	444
32	0
11	4
5	4
215	1957
1	204
159	1044
2	1670
1	340
16	118
4	34
5	195
13	195
176	0
3164	8
0	2
1424	291
0	0
9	291
5	0
0	5
1	5
0	1
0	0
0	0
0	0
18	9
0	0
12	162
0	25
4	0
1	9
9	0
44	0
0	0
0	0
0	0
56	0
21	0
0	0
11	152
0	0
0	0
15	34
0	257
1	43
0	97
0	28
0	30
0	94
0	53
1	1
20	53
1	110
11	0
0	8
13	0
6	1
0	343
0	322
0	348
0	180
18	0
0	111
0	111
1	33
1	2964
0	2
1	3078
12	401
0	1563
0	112
159	0
0	316
171	0
4	169
0	1
0	0
0	0
0	0
0	0
33	0
0	0
0	0
24	8
294	270
0	224
0	236
0	142
0	0
0	0
0	0
0	0
215	1628
7	1583
0	40
0	32
12	18
0	18
21	14
2	13
0	59
1	48
0	52
41	26
0	0
0	0
124	80
0	0
0	0
0	0
61	3
0	4
0	2
0	0
0	0
14	37
0	35
0	1
0	0
1	0
0	1931
0	0
0	139
10	1930
11	183
0	1435
14	171
17	73
1	21
4	58
0	1421
0	0
0	0
6	54
0	1
0	17
122	737
3	93
528	868
0	464
0	691
0	442
0	304
1	0
101	80
13	96
3	78
8	0
0	0
0	0
0	0
0	1052
1	1057
1	87
1	289
21	215
4	100
13	44
0	136
1	228
12	140
17	22
19	48
121	1276
0	127
0	160
0	1189
0	221
0	74
0	44
0	0
0	0
1	0
0	0
21	0
0	0
0	0
528	86
0	10
0	77
0	11
1	11
0	0
0	28
0	28
1	4
1	5
0	2
0	7
358	77
6	18
0	61
0	0
0	0
0	0
0	0
0	0
1	0
0	0
0	0
0	0
0	0
0	0
140	2
0	0
0	0
0	0
0	0
51	948
0	0
0	0
0	84
0	0
3	110
0	0
0	112
0	3845
1	0
3	70
0	0
0	0
0	258
0	2896
12	2762
0	2359
22	281
0	3887
3	95
12	38
0	0
25	123
1	0
0	377
14	1500
158	1851
0	1870
133	2538
1	3701
0	15
7	695
0	4567
29	4442
126	4565
0	4184
13	236
2	2421
18	235
36	15
0	79
0	219
16	484
8	202
6	115
1	164
21	256
12	0
0	5
0	11
0	13
47	0
0	0
0	0
0	0
11	5
1	4
0	2
0	0
266	173
1	147
0	43
0	32
0	134
0	164
0	0
11	7
0	7
0	1
0	0
0	0
33	389
29	56
15	59
0	213
0	3
0	167
0	3
9	4366
73	8917
1	102
224	26
3	26
0	0
0	0
0	0
0	0
0	0
0	0
2	70
40	102
40	99
12	34
5	0
13	125
136	522
37	319
1	5
8	41
1	0
1	0
122	199
0	133
0	5108
0	5098
0	5198
0	4565
0	4252
0	4589
9	4394
0	4719
0	4796
0	3775
1	3250
35	520
3	537
0	464
18	637
43	0
0	2930
0	3094
0	1573
2	83
0	2880
2	346
0	3041
0	3082
7	3030
8	113
15	3068
0	1324
8	1923
4	33
0	430
4	214
60	53
0	976
926	237
9	237
4673	2481
155	1967
13	518
1	447
64	58
31	506
22	0
0	1
0	1
5	0
2	0
1	0
954	654
2	5
2	614
0	440
412	5
3	17
0	116
0	0
0	0
0	5
2	58
0	58
0	29
0	0
0	0
1	0
4	31
4	0
2	0
0	0
0	0
0	0
0	0
0	0
0	0
0	0
0	0
0	0
0	0
0	0
0	0
288	2494
183	13
0	251
4	783
11	2288
40	11
23	38
291	1998
12	1994
4	135
0	75
6	71
0	195
0	1822
0	25
2	8
80	9
0	7
0	0
0	2
0	1
0	2
0	0
12	2
3	0
0	0
1	0
0	0
4	0
0	0
2	0
5	9
0	0
0	295
0	303
0	199
0	8
0	193
0	196
0	18
0	20
0	0
0	0
0	0
32	3076
0	2875
0	901
0	2659
2	2748
0	2926
0	2862
19	212
4	286
13	0
1	1553
1	319
50	1647
0	213
0	341
14	359
3	692
15	542
54	0
190	0
10	1545
21	1741
15	1442
12	509
7	628
0	624
17	353
14	441
1	227
0	5
3	32
89	169
0	0
388	315
1	315
5	226
1	203
0	39
0	39
0	5
22	200
0	25
561	25
2	25
7	596
15	552
0	28
3	64
0	5
13	273
3	19
0	241
0	0
7	12
0	34
0	0
0	0
0	301
3	3
0	54
1	9
8	17
5	28
1	1682
1	241
0	1638
2	1695
34	358
0	77
2	1636
5	1637
0	69
0	1550
2	279
0	1240
0	1513
0	0
22	84
0	1159
137	10
0	0
6	46
6	132
45	54
0	1991
36	2036
1	1712
124	927
2	1574
3	87
10	737
32	1195
134	1195
0	0
0	2
5	2
0	2
613	0
0	0
1355	185
0	170
0	26
159	2632
22	2632
8	869
4	232
5	44
0	438
0	430
3	501
0	0
0	0
0	0
0	0
0	0
0	0
0	4
0	4
11841	3086
70	1037
0	0
0	0
0	0
0	0
0	0
0	0
0	0
0	0
0	0
10	8
0	8
0	6
10	17
0	17
0	575
137	993
2	709
3	479
17	358
1	82
0	83
10	31
0	68
18	45
11	16
1	27
151	0
2134	254
0	212
0	36
15	119
10	804
7	890
95	710
7	142
1023	1057
60	597
0	408
9	158
1	1
0	1
710	0
0	27
0	28
0	28
0	29
0	27
0	26
0	27
0	28
140	0
0	1
0	1
0	0
0	1
0	2
0	1
0	509
2868	1315
33	887
0	146
3	587
0	0
5	196
2	549
81	477
5	151
7	723
0	267
0	313
0	252
0	59
0	159
0	39
422	243
2	84
48	149
5	143
0	60
0	84
86	249
0	250
2	195
2	80
12	45
0	84
2	92
115	333
12	297
0	57
0	119
2	399
3	1491
42	145
0	128
2	1299
7	363
26	82
0	328
25	1175
0	1074
18	832
19	867
1	388
1	1
0	3
0	3
0	3
0	0
985	182
2	79
0	0
0	31
0	56
0	58
1	40
1	18
2	12
1	125
0	6
0	9
0	8
0	3
0	7
0	2
3	112
3	195
0	175
15	75
5	144
0	183
13	120
0	49
0	101
0	38
1	25
0	10
0	11
0	11
1	5
0	6
0	0
0	0
15	8
0	6
1	1
0	4
0	8
0	5
0	0
546	874
0	306
0	402
8	229
0	83
12	183
5	182
2	273
34	302
130	924
61	834
10	885
0	0
0	0
562	3750
13	2080
6	1379
0	987
0	1744
0	46
0	46
0	39
2	6
0	4
0	195
78	291
6	188
0	32
0	32
0	20
0	0
780	1382
167	794
1	1306
5	53
2	208
9	149
0	116
5	421
0	151
1	0
0	5
4	5
1	0
0	137
8	163
9	172
6	69
0	1
0	13
0	12
130	36
0	36
0	0
0	0
0	0
0	0
0	0
0	0
0	0
0	0
0	0
0	0
0	0
0	0
0	0
0	0
2	0
0	0
171	0
1	0
0	0
0	0
0	0
0	0
0	0
0	0
0	0
0	0
0	0
0	0
0	26
0	0
0	18
0	18
0	29
1	3
0	25
3	26
3	28
0	18
0	19
1	0
0	4
0	15
2	5
30	1947
0	1928
45	1549
0	1409
0	20
4	28
0	944
0	148
0	43
0	54
0	47
0	60
4	0
11	341
63	927
0	310
1	115
0	322
16	74
0	62
1	100
34	110
9	2280
0	2318
0	0
10	16
2	318
0	81
0	88
0	65
0	8
1958	192
0	192
2	0
0	0
0	1
0	1
0	1
0	0
0	0
460	504
119	502
0	34
0	34
0	9
0	409
3	385
1	406
0	335
12	21
3	33
1	23
2	250
0	4
0	53
0	2
2	100
32	50
9	682
136	682
5	49
2	5
0	49
2	0
1	558
7	67
0	557
5	534
1	0
11	1
1	66
0	73
13	34
8	26
0	11
15	145
4	53
13	27
2	25
7	3
1	1948
8	1978
6	2027
0	2025
104	1671
90	152
2	206
5	7
1	533
0	631
6	315
3	228
5	280
7	4
0	27
1710	1206
19	1206
1	69
3	141
0	311
58	73
56	714
0	57
1	656
4	540
4	564
0	48
0	69
0	3525
19	7048
0	7126
9	554
2	321
3	334
39	316
6	7
18	3
3	3
2	1
1	0
4633	361
7	13
0	1
0	1
1	32
0	32
0	32
1	116
0	79
0	0
0	39
254	83
0	0
0	35
0	394
0	395
0	398
0	448
0	446
8	384
0	355
0	355
0	75
0	32
0	137
0	91
0	251
57	121
3	11
4	104
0	64
0	0
0	0
1	164
0	113
66	41
1	73
31	64
2	2093
0	2467
14	922
3	242
17	32
207	83
3	12
10	0
8	10
0	10
7	0
3	1
1	1
0	1
0	0
0	0
0	307
23	307
23	216
0	46
0	76
625	551
0	314
2	200
10	3
1630	456
2	448
9	212
1013	23996
83	14060
5	19087
5	18858
0	0
48	6107
0	0
0	0
2	2396
1	1804
11	400
2	942
21	1169
59	1244
9	946
2	932
15	387
10	142
3	35
0	74
3	325
10	425
4	197
28	261
1	176
9	75
6530	1721
6	1489
0	352
0	0
1	0
0	1107
0	1107
14	172
3	55
1	440
12	0
0	289
52	4
0	69
2	24
0	24
0	0
10	147
71	182
0	550
330	547
0	36
0	23
0	133
1	20
0	37
0	41
11	34
3	44
0	8
0	1
0	0
0	0
0	1
0	1
40	36
33	38
0	2
1	6
2	22
0	0
1	0
79	0
0	0
0	153
95	202
0	43
0	71
0	0
0	24
0	6
0	12
0	43
0	41
0	9
0	594
108	621
5	74
0	69
13	0
0	5
1	11
0	0
0	0
24	12
0	12
3	2497
0	2527
0	2439
3	1142
0	849
0	819
0	0
34	565
0	120
8	78
0	25
5	202
867	603
0	392
19	22
39	0
7	9
0	9
2	269
1248	2150
0	2150
0	1229
1	1229
10	636
5	879
0	178
10	0
8974	1365
5	727
113	1224
0	0
0	0
0	0
0	0
0	0
3	0
0	0
7	0
0	90
0	272
0	324
0	92
0	327
2	0
4	9
0	16
0	17
0	320
1	320
0	4
0	4
0	0
26	801
12	763
20	761
4	218
0	49
0	100
0	76
0	19
162	19
3	219
2	3035
2	2025
0	2901
0	2550
26	2809
24	50
2	455
23	20
5	85
7	283
3	0
0	0
0	0
0	0
1	649
24	658
16	63
11	16
12	83
0	6
0	10
0	0
0	0
0	3
0	3
0	0
0	1
0	240
0	1529
0	1055
0	1509
9	1515
23	244
60	134
1	1511
4	49
1	29
1	29
0	4
0	4
1	3
0	2
4	0
0	0
0	0
0	0
0	0
0	0
2	2343
51	2320
3	61
0	62
0	90
313	129
3	38
1	34
0	0
0	0
0	0
0	0
0	0
1	4
0	7
0	3
1	6807
1	6
0	1
59	1238
45	1238
27	18
4	0
0	0
0	0
0	104
5161	796
2	205
1	186
5	395
4	73
0	72
1	71
10	68
0	71
4	1
0	1
0	4
0	4
2	72
0	13
166	52
6	25
0	25
37	297
8	158
0	0
0	45
0	52
0	18
0	117
0	19
0	78
0	0
0	0
3	0
0	0
0	67
0	2545
2	2528
19	2658
0	1494
3	1867
0	1855
1	123
8	78
0	0
9	0
0	0
0	63
0	0
0	0
51	461
9	472
0	67
0	74
9	84
0	28
14	1
1	35
2	28
0	281
0	127
50	321
5	88
5	2
5	172
1597	111
6	111
2	64
1	169
98	663
9	198
16	3
22	544
0	0
0	0
20	0
0	7
271	56
1	5
1	27
0	24
1	84
5	1
0	984
0	921
0	1498
0	1845
2	1376
0	98
0	209
2	1765
0	1087
9	175
0	293
0	1796
0	919
0	1
0	950
0	1438
3	919
3	0
0	156
0	289
5	131
102	149
35	33
0	0
810	349
12	150
9	171
3	65
30	26
1	30
4	7
0	27357
0	27806
220	5477
68	13
0	2031
0	28455
0	28992
0	28335
0	26375
0	169
8	457
0	0
96	1731
44	0
40	101
11	721
27	321
23	924
236	28
3	15
1	10
1	3
1	2037
0	1015
14	9141
4	4244
754	8907
29	1005
0	3499
7	87
0	528
1	23
0	466
4	252
3	513
12	34
0	77
0	395
4	470
20	380
20	184
0	842
0	884
22	16
15	37
11	386
3	336
46	61
0	4
0	54
63	77
2045	499
13	65
1	61
5	38
2	110
5	219
9	151
2	369
300	0
0	611
8	565
0	482
19	493
31	607
0	604
1	121
2	158
5	574
0	534
17	492
2	526
13	541
0	343
0	374
15	39
9	1
0	1
1	2585
49	2660
9	1969
4	129
0	129
1	124
0	44
2	41
0	112
0	10
0	44
0	106
7	107
0	58
0	53
1	18
0	47
579	0
2	242
1117	1115
1	45
0	81
2	106
0	1008
6	0
2	104
0	1476
0	1606
0	1448
0	1341
3	1376
57	1016
1	438
0	385
17	132
0	160
7	389
1	232
16	442
79	304
0	1254
0	76
18	449
72	153
1	165
4	1226
0	0
0	69
0	130
5	32
1	0
0	32
0	68
4	1269
6	1177
0	1071
15	305
0	43
0	889
0	84
0	286
24	319
0	127
2	494
0	1648
0	931
17	1694
2	191
0	1076
1	60
7	292
10	326
0	44
5	47
0	4
1	0
1	66
9	0
58	3327
1	2198
0	207
0	2374
149	3030
0	2
54	356
0	857
3	881
11	589
1	747
0	692
9	406
321	0
0	0
5	0
0	0
0	0
0	0
0	0
2	9
9	9
0	0
0	31
30	43
0	19
0	43
0	33
0	34
0	37
0	25
0	23
0	9
2	12
3	23
1	11
0	0
18	589
0	510
0	173
0	4
25	3
8	176
1	47
0	137
2	174
44	617
14	638
0	148
7	140
17	78
0	88
11	94
1	11
1	55
579	126
0	126
0	46
2	51
3	0
5	1730
323	1682
2	235
55	358
0	1572
0	154
0	319
50	815
36	745
10	119
1	211
17	195
782	290
29	228
24	62
3	680
34	0
8	87
0	35
0	14
2	25
1	35
0	673
0	41
0	30
4	0
6	1
599	1706
0	1540
1	1719
0	1736
7	1391
0	852
0	600
4	788
1	742
0	742
0	760
0	338
101	460
1	170
0	214
1	48
4	0
67	0
1935	1584
23	254
49	6
13	1040
2	298
15	229
2	0
0	75
1	0
3	0
76	15
0	0
9	261
378	21
0	19
0	4064
0	4064
0	87
0	749
0	645
2	152
1328	704
4	153
0	326
4	97
0	0
5	1683
6	73
84	70
0	71
6	1733
0	90
9	303
6	369
0	0
0	323
0	68
5	681
0	0
0	0
0	0
161	394
41	364
0	146
4	65
1	36
0	0
6	51
64	619
18	619
43	4489
4	1989
0	1
0	169
3	199
107	3868
2	114
2	284
44	82
3	0
25	0
0	0
1	87
25	87
0	0
415	141
0	12
0	88
0	3
0	125
1	37
0	6
1	0
3	20
8	26
1	71
736	908
1	158
1	102
27	0
4	61
0	10
21	25
0	0
9	25
47	553
0	114
2	19
0	5
0	3
0	0
1	143
0	48
52	17
1	0
0	2
14	33
0	13
0	33
73	6848
1268	6921
0	0
0	3987
1	853
0	535
3	444
3	38
1	416
0	302
0	86
0	0
0	0
5	0
37	786
6	30
27	152
11	780
5	135
2	168
6	103
11	53
6	83
0	125
16	11
216	844
0	522
21	162
12	131
10	238
2	186
2	1372
13	1099
1	981
0	2547
1	2547
13	1502
205	203
1	111
0	3840
0	3736
0	3840
0	3733
1	60
0	515
3	3615
0	279
0	456
8	3411
6	9
34	143
6	359
0	328
15	358
0	307
0	330
0	331
0	296
0	99
0	269
0	27
0	13
0	264
0	10
0	9
0	59
0	12
0	0
0	0
0	56
0	935
0	20
0	104
0	124
1	935
10	925
14	984
0	49
1	84
38	22
8	888
0	936
20	35
0	175
0	213
0	123
0	235
23	86
0	141
48	411
0	118
0	290
30	228
69	228
3	140
18	190
2	66
0	17
1	112
0	65
475	346
1	107
1	346
2	63
0	879
0	905
0	958
0	735
16	715
0	14
0	203
6	31
0	180
3	113
0	39
93	15
309	0
0	0
12	0
143	2923
0	48
67	2958
1	79
0	74
33	360
46	435
26	121
16	234
1	0
0	0
0	3
0	2
0	2
213	1077
108	189
133	575
0	1075
0	0
0	73
1027	6556
141	4895
4	18523
13	18524
1	18555
31	16798
1	1824
0	18526
259	4007
0	18521
0	40
5	35
4	1529
0	381
8	384
3	14
5	26
0	372
0	47
2	817
0	893
5	870
2	0
0	0
0	37
3	159
0	0
0	0
9	409
0	373
2	84
0	7
1	38
0	54
2	7
0	122
0	0
4	9
0	0
78	1404
60	1523
0	1458
19	840
0	168
5	175
0	202
6	272
6	79
0	0
0	0
19	183
1	0
19	183
0	0
1	0
1	0
0	29
4	2
1	16
26	1438
2	116
17	674
0	1083
51	1389
1	45
1	528
12	211
1	20
0	23
0	20
0	21
17	14
0	3
0	1
171	214
3	69
9	173
10	0
0	0
8	2861
0	2247
3	2743
64	11
2	246
0	0
6	0
6	0
4510	2183
0	106
6	221
1	656
0	930
0	925
1	673
1	676
2	74
9	0
11	62
0	53
0	44
0	51
0	38
0	51
2	15
0	11
1135	16867
82	3781
10	5176
21	1337
1	5825
27	13131
18	1063
0	0
19	328
35	380
0	128
0	108
0	167
1	21
0	46
0	31
1	116
0	116
1	122
10	0
6	4
15	55
0	13
21	1
0	10
0	7
0	9
1	5
1	7
8	640
9	592
0	601
0	316
7	15
2	0
0	0
1428	1153
67	1153
40	863
1	386
45	149
0	0
0	0
0	455
0	455
3	55
0	0
0	1751
14	1761
6	649
1	170
21	46
0	0
1	2
0	1
0	2
0	0
0	0
2	0
9	0
1	18
0	0
532	120
77	8
0	109
0	0
0	0
0	0
0	0
0	77
2	22
1	0
0	0
0	0
0	0
0	0
0	0
82	429
4	448
0	106
0	128
0	107
0	51
0	32
1	28
5	2
0	0
209	5
1	488
18	1285
16	82
7	127
11	1392
0	1314
40	2440
0	0
0	2417
0	0
0	393
0	61
25	2063
0	454
2	157
79	4927
0	3438
0	4353
0	4305
20	1531
0	279
1	198
224	0
0	1756
14	1776
3	196
0	256
34	77
42	984
2	240
84	17662
233	17226
4	1166
6	2488
25	2038
20	696
110	411
0	266
6	403
0	192
9	36
8	138
0	169
34	975
0	1391
0	1330
9	1288
0	1026
0	1381
18	933
2	66
165	590
0	584
27	392
245	401
2	308
0	62
0	0
0	0
438	1414
30	1396
2	270
0	0
3	0
23	1956
2	232
0	779
0	778
19	1672
11	134
0	112
0	4
5	26
0	1
0	0
0	0
3	199
0	208
2	211
17	74
2	14
49	15
0	36
58	30
0	3
0	0
2	2
0	2
0	0
0	0
0	0
0	0
0	8
0	7
0	7
0	8
0	5
1	1
1	0
22	369
0	2747
0	2928
0	2675
0	762
0	1384
0	2482
10	150
0	648
0	37
0	192
21	194
66	244
10	5229
191	4850
0	812
1	1316
4	115
33	34
0	674
47	313
378	51
2	189
12	124
659	91
5	89
0	0
433	14910
11	9657
11	4303
1	4296
1	2061
30	0
362	15152
9	1605
3767	1465
0	1461
13	8
0	0
0	0
0	0
2	617
0	637
4	623
15	648
0	189
0	179
0	45
6	12
16	1
13	0
0	0
0	0
0	0
36	1
0	1
11	5415
0	6441
8	4112
17	6426
0	6458
0	6073
33	139
2	6203
9	309
110	6315
0	4286
4	6315
19	3568
0	31
0	32
0	20
0	21
4	0
0	0
1	0
5	0
0	8
0	14
0	10
0	10
1708	0
0	0
0	0
0	43
0	44
0	44
0	45
0	44
0	9
0	16
0	0
0	3
2	3
725	306
0	246
10	200
5	158
105	56
457	86
8	6
1	34
0	0
1	46
2	0
0	0
0	0
2	0
1	2
1	2
61	2080
10	173
0	2026
51	19
26	218
0	0
0	0
0	0
0	0
0	0
0	0
0	0
0	0
0	0
1	3
0	0
0	0
0	0
0	0
0	0
0	0
0	0
0	0
0	0
0	0
0	0
0	0
0	0
0	0
0	0
0	0
0	0
0	0
0	0
0	0
0	0
0	0
0	0
0	0
14	719
0	0
0	0
0	0
0	0
0	0
0	0
0	0
0	0
0	0
0	0
0	0
0	0
0	0
0	0
0	0
0	0
0	0
0	0
1	0
0	0
0	0
0	0
0	0
0	0
0	0
0	0
0	0
0	0
0	0
0	1
0	0
0	0
0	0
0	0
0	0
0	0
0	0
0	0
0	0
0	0
0	0
0	0
0	0
0	10
0	0
0	0
0	0
0	0
0	0
0	0
0	0
0	0
341	1672
15	1637
1	396
0	463
63	4665
0	4784
0	3110
2	2990
9	58
98	90
72	75
112	1
0	0
0	149
163	103
6	1548
15	1589
402	361
0	321
213	41
1	971
0	3375
39	634
55	0
0	299
121	1650
7	3309
0	3038
27	0
77	11
7	323
0	0
2	1095
139	0
2849	3984
0	40
0	12
0	4001
46	1053
7	944
14	742
0	43
0	0
0	0
0	0
29	0
0	0
2	0
170	329
0	35
2	248
0	137
0	35
54	0
0	86
0	0
4	62
81	0
0	13
12	2
55	0
0	0
220	9
0	0
0	1
0	0
0	0
0	0
0	1
0	0
0	0
0	0
0	0
0	0
0	0
0	0
0	0
263	1207
1	1134
3	697
0	15
2	99
0	0
0	47
1593	1455
86	1455
1	645
0	0
0	0
0	0
0	0
0	0
0	1
0	1
0	0
0	0
13	606
0	584
0	606
4	20
2	50
0	64
0	55
0	46
10	40
55	15
9	0
0	0
1	0
4	6
0	6
0	0
103	0
0	0
18	0
399	0
1	0
0	0
1	0
39	1
0	1
0	0
893	7653
5	4432
3	776
0	498
157	1191
6	102
7	636
222	1113
20	1785
0	1677
0	1512
3	38
6	60
0	1079
0	62
13	99
6	872
0	0
4	110
10	361
1029	270
0	222
0	218
8	40
0	213
25	163
2	135
7	23
0	30
3	3
0	0
75	7
0	7
56	0
763	1415
0	1033
0	1222
1	207
15	283
7	0
0	0
0	0
0	0
0	0
0	0
0	0
0	0
2	0
1	161
0	0
0	0
0	0
0	0
359	13883
0	1
3	15
0	1
0	1
0	0
0	0
0	0
0	13
0	0
0	0
0	1
0	5
20	261
0	0
0	0
0	1
0	0
1	0
0	0
0	0
0	337
0	3
5	40
0	35
7	29
1	4
3	8
0	118
0	142
88	48
0	154
0	0
1	7
0	0
0	289
0	256
0	56
5	6
0	57
0	31
23	99
0	66
7	26
0	31
17	17
0	1
0	17
9	11
361	1733
1	368
0	1648
2	1745
0	1304
4	1339
1	1250
0	795
0	187
0	3
0	131
0	173
0	103
0	152
0	145
0	106
2	250
8	238
1	71
2	102
0	16
0	0
107	11
0	196
0	283
0	196
0	15
0	30
172	58
0	64
4	34
0	5
0	0
3	32
0	0
0	7
1	7
0	0
0	0
0	2
0	0
5	0
0	0
2	0
0	0
0	0
0	0
0	0
0	0
0	0
0	0
0	0
2	0
0	0
0	0
0	0
0	0
0	0
0	0
0	0
1	0
1407	420
0	414
551	862
0	347
7	683
20	182
0	143
48	462
5	308
1	118
51	243
24	1
31	161
6	87
2	25
293	623
11	70
4	683
169	26
27	23
6	42
8	149
1	0
7	0
17	542
0	15
0	313
23	90
0	30
4	32
0	30
225	806
0	0
0	0
1711	278
15	276
677	176
1	0
0	64
0	95
1	14
0	10
0	27
255	0
1	0
0	0
3	0
0	0
0	37
0	3
0	36
0	36
0	1
19	1228
185	1405
2	774
41	790
1	608
5	154
1	546
2	523
2	0
1	2
0	2
0	0
0	0
0	0
2	13
0	0
0	0
1	5
1474	932
88	922
3	318
0	0
0	0
0	0
0	0
0	0
0	0
0	0
0	0
0	0
0	0
0	0
0	0
3	416
23	330
1	330
0	330
1	98
0	79
0	38
0	0
4	656
20	670
24	661
1	86
3	74
2	9
37	0
1498	2176
10	10
88	652
11	139
0	1394
47	1157
36	891
0	210
0	71
0	201
0	220
0	221
0	5
4	10
0	1
0	0
1	6
0	48
0	0
1	7
0	1
0	0
1	0
0	0
0	0
0	0
0	0
4509	108
5	108
16	24
19	22
0	36
0	38
1	38
0	36
0	0
0	0
3	21
0	0
985	1077
23	916
12	627
3	416
5	53
3	7
3	898
7	1367
18	1385
27	1385
0	809
731	4632
0	4513
0	4409
0	731
1	3621
0	2312
0	1115
0	748
5	905
245	290
16	288
14	167
469	167
0	0
0	0
0	0
10	507
0	0
53	0
0	0
0	0
0	0
0	0
0	37
0	37
0	37
0	3
0	14
0	0
0	0
0	1
0	0
0	0
4	22
0	5
0	21
0	0
0	0
0	0
0	0
0	0
1	328
0	327
2	286
0	234
4	37
0	0
6	0
0	0
0	0
0	11
0	11
0	1305
0	4069
0	4036
0	4187
0	343
0	0
0	0
1	0
0	0
2	4
0	0
0	0
0	0
176	1209
0	1212
0	1212
11	0
0	11
348	212
0	161
0	160
4	104
4	82
0	60
1	5
0	2
0	0
0	0
329	276
0	264
0	95
0	66
0	0
0	14
0	11
2	292
0	685
8	691
1	695
12	504
0	0
0	63
23	3
96	3
0	4
1	0
0	0
1	0
0	0
1	5
0	3
0	3
0	5
0	1
0	40
0	40
2	3
0	0
0	0
0	0
0	0
4	0
0	3796
0	3735
28	3007
0	1950
0	3826
4	138
2	1710
0	12
0	80
14	12
5	3367
0	450
0	2033
5	264
0	0
0	0
0	0
0	0
28	47
0	47
0	68
56	3080
21	3108
122	33
2	3
0	3020
0	34
12	1188
1	30
0	24
66	30
5	1326
207	410
0	407
5	57
0	4
8	215
18	18
3	126
2	89
1	148
6	167
15	173
8	40
47	3014
0	2960
25	210
203	216
24	128
17	195
232	71
25	230
1	103
11	0
58	71
0	0
22	81
8	0
0	0
0	0
14	2
9	18
0	18
59	3179
201	2825
0	2122
0	2119
24	613
5	241
389	29
764	34
0	17
3	124
39	124
3	34
399	1247
34	1247
0	0
0	0
3	0
336	352
2	18
2	21
12	317
0	22
5	73
0	0
0	0
0	0
0	0
0	0
1103	1867
0	1797
41	1536
14	1536
7	856
3	536
2	49
0	0
12	0
1271	1763
0	1805
0	1077
9	226
0	313
0	35
0	36
2	0
0	0
0	0
0	0
0	0
0	0
0	0
1	1087
0	1030
1	141
14	810
6	1138
25	1026
170	805
62	43
1	904
0	115
1	179
0	0
1031	1518
6	164
5	567
0	183
6	567
4	65
0	0
1	591
6	641
0	0
1	0
0	0
0	0
0	0
0	0
0	3
0	1
0	3
0	3
0	0
0	0
0	1
1025	375
1	5
3	28
1	0
0	131
4	236
0	0
2	0
0	0
387	291
12	290
0	194
9	85
0	41
0	4
0	67
0	75
0	78
16	41
19	29
0	15
357	2661
1	2401
22	1268
2	76
120	502
264	32
0	0
5	32
29	6
0	7
0	7
0	0
0	0
0	1
0	0
0	0
17	39
0	39
0	1
0	1
0	0
0	171
0	0
0	22
1	43
0	58
1	47
75	136
8	11
0	70
12	25
0	0
0	724
0	729
2	703
0	730
0	723
0	73
1	111
0	38
0	31
0	30
49	7
1	8
0	1
4	0
0	0
0	0
2	43
0	60
0	39
0	46
9	23
0	15
5	14
0	19
0	0
0	0
2	258
0	264
0	10
11	28
0	38
0	60
0	101
1	0
5	1
0	18
0	72
0	1
3	2
0	58
0	71
2	5
0	16
0	2
0	1
0	2
25	19
0	19
1	0
0	8
0	0
0	0
0	10
0	10
0	0
0	8
1968	1018
0	625
21	192
7	307
0	0
0	0
96	785
2	785
0	0
75	212
6	182
0	0
0	1
0	1
0	1
0	1
0	0
0	0
1	0
0	0
0	0
0	0
0	0
0	62
0	56
0	46
0	43
0	41
0	0
0	0
3	2
0	0
1193	0
0	0
0	0
0	0
0	0
0	0
0	0
0	0
0	0
0	0
0	0
0	0
0	0
0	0
0	0
0	0
0	0
0	0
0	0
2	0
0	0
0	0
0	1
5	2
0	0
0	0
8	0
0	0
0	17
12	17
35	1394
1	843
1	75
1	75
0	74
2	74
12	860
6	150
0	0
0	0
5	62
0	0
0	0
0	0
0	0
0	0
0	0
0	0
0	0
0	0
0	0
0	0
0	0
0	0
0	0
7219	2105
108	412
18	1766
19	749
5	1845
361	0
198	0
1	235
39	93
140	0
315	4
81	0
402	0
1474	376
3	376
25	550
0	462
8	560
0	461
0	117
1	177
38	176
2	154
2	0
0	0
0	2
0	2
0	2
0	3
0	3
0	3
0	0
0	0
0	0
1932	2
41	3
0	3
0	0
0	0
0	116
2	174
0	151
2	10
0	20
11	8
2	37
0	37
18	0
79	531
3	503
6	417
21	275
10	5
13	2107
7	205
2	21
42	2077
6	353
0	268
0	136
8	103
14	18
3	52
0	0
1	260
56	3
1	15
4	3
6	140
4	931
9	879
0	55
1	98
38	830
0	1
4	66
686	193
0	127
51	3960
41	3751
0	3132
0	1123
19	872
15	1639
34	262
7	224
1	27
6	0
64	234
1	0
223	4788
46	4791
17	855
3	403
0	290
7	1124
9	62
1	204
12	86
18	437
1	0
0	17
0	17
0	0
9	444
728	0
4	2
0	2
12	0
0	24
3	22
1	3
11	14
1	1
0	0
0	0
0	2
0	36
1	2
0	2
0	2
0	2
0	36
0	0
0	3
0	3
11	3516
3	3654
4	1501
22	1691
7	29
17	1972
17	3179
227	3213
11	89
17	82
0	311
2	207
80	135
0	0
2	0
0	299
0	319
0	327
0	343
0	137
2	21
2	38
5	21
17	49
9	100
2	21
0	279
624	624
3	150
5	516
26	241
0	472
1	432
1	23
1	23
245	0
1	3508
0	3559
0	3329
0	3766
0	535
5	3806
0	3357
0	2791
0	3121
185	414
218	1880
6	593
316	1258
0	1207
0	446
2	49
8	131
0	0
9	57
0	8
6	809
75	809
0	41
0	36
8	203
0	0
5	315
20	140
76	437
7	115
0	0
1	205
8	11
0	0
0	0
0	0
0	2
0	1
0	1
0	0
1	1
0	0
0	0
0	0
0	0
9	0
0	0
3	1188
0	0
0	0
0	0
0	0
71	2026
0	15957
283	15802
2	12162
208	7347
50	780
5740	3305
49	2
502	2004
1	110
21	345
0	1711
34	201
0	358
4	70
0	51
0	0
0	107
0	2
0	3
0	86
0	0
10	104
1	0
0	0
0	15
6	0
0	96
1	11
2	0
0	4
1	0
367	888
3350	892
15	878
8	718
0	240
14	86
2	0
3	0
1548	1085
0	310
8	135
28	120
6	570
0	0
0	0
0	0
0	11
0	0
23	3
3	3
0	0
0	0
102	5936
6	5860
32	5859
39	359
7	712
1	0
0	0
0	0
0	8
4	42
2	11
13	34
84	2629
0	2280
1	1577
0	0
0	0
20	1084
0	0
30	547
0	2
2	0
0	0
466	286
11	163
111	184
122	71
2	13
0	42
0	63
0	95
6	159
0	145
0	118
0	18
6	88
0	88
0	0
0	10
0	0
3	19
8	0
1	0
139	1058
3	1055
4	281
0	75
1	16
0	7
3	0
0	0
2	0
5	9
5	9
2	1
5	1
0	141
0	141
13	110
0	91
1	45
2	45
0	63
0	25
4	57
0	30
0	12
0	34
0	0
0	0
0	24
0	0
0	0
14	1687
0	2312
4	2243
0	2392
0	2321
2	2171
1	2215
0	2289
0	1370
0	868
59	766
0	0
0	245
12	477
0	220
1	408
12	35
6	116
1	101
13	56
235	5677
57	6210
132	2554
41	995
39	1014
0	0
0	0
0	0
0	0
0	0
3	869
0	877
35	561
1	625
0	414
0	232
0	184
20	16
0	5
0	10
119	123
5	80
7	5
0	0
2	467
0	0
0	0
33	14
0	14
215	0
26	0
52	4
8	1
0	4
56	0
0	1
0	1
0	0
13	0
0	0
1	0
0	8
25	27
2	25
1	0
0	0
0	12
4	11
0	0
5	26
0	0
1	23
0	17
0	0
0	7
0	7
0	0
1	6
0	0
0	0
0	0
0	0
0	0
0	0
0	0
0	0
0	0
0	0
597	888
34	393
27	0
12	495
0	0
0	0
1	0
0	0
0	0
0	0
3	0
0	0
0	0
0	0
0	0
0	0
160	9773
2	131
0	0
0	0
0	0
0	0
0	0
0	0
1	0
0	0
1	0
0	0
0	0
38	0
0	0
7	4333
3513	4779
21	927
1	4837
0	2547
0	2691
18	455
4648	24
0	0
168	20
33	0
0	0
44	0
0	5
0	0
3994	2583
68	1721
0	2280
30	29
0	64
0	541
20	22
374	45
11	84
249	65
9	45
105	92
3	47
0	0
2	0
1558	2
21	4
0	675
5	678
0	548
6	4
0	0
8	64
9	346
3	4
1182	135
21	135
0	0
0	1
0	1
74	74
0	24
7	51
4	51
1677	31
9	23
0	444
0	468
0	468
3	464
0	0
0	26
0	7
0	0
0	0
0	0
0	0
0	0
0	0
0	0
0	0
0	0
0	0
0	0
0	0
0	0
0	1
2	26
0	1
0	5
0	5
0	2
111	1852
33	1848
0	63
0	37
0	123
36	133
0	62
38	679
0	0
3	518
0	120
6	79
1091	1795
0	1808
21	155
33	785
8	0
1	3
0	0
0	0
0	59
0	52
0	53
0	43
1	7
0	8
0	0
0	0
2	10
7	1
0	1
0	0
0	0
0	0
0	0
0	804
0	1152
0	1135
0	767
3	1114
0	1124
10	27
11	519
24	218
1	113
0	74
0	26
0	37
0	0
0	0
0	0
0	0
0	0
0	0
0	0
0	0
0	0
0	0
0	28
0	292
476	1068
16	431
16	222
10	957
2	177
0	0
0	0
0	0
0	0
43	53
1048	429
12	138
0	377
35	315
0	4
7	16
0	3
0	17
0	17
0	12
0	13
0	8
0	2
0	0
2	5
0	0
4	0
0	0
63	1
0	5473
0	5133
2	5330
36	173
7	5094
1	0
0	0
0	0
0	0
0	0
10	361
0	353
1	353
0	212
0	188
0	188
0	173
0	170
91	29
0	0
0	0
1	0
1	1525
4872	2569
31	110
9	441
8	493
0	0
189	68
0	68
0	0
257	11847
8	11847
5	1106
8	1331
20	426
78	0
0	0
1	0
49	258
11	201
0	16
12	1
36	476
68	201
0	10
0	3
56	528
0	196
0	88
0	46
0	0
8	2190
0	0
0	0
0	0
0	0
0	0
0	0
12	4
0	0
0	4
0	0
0	3
0	0
0	0
0	0
0	0
0	0
0	0
21	428
0	0
0	0
0	0
0	0
0	0
110	3656
4	748
1	239
0	526
27	67
3	696
1	2520
0	0
66	444
331	7442
34	324
54	230
6	301
1	93
1	7385
0	0
0	0
1	303
1	197
205	2
0	2
0	0
0	0
0	0
0	39
0	0
0	39
0	0
0	39
0	0
0	39
0	0
0	39
0	0
0	39
0	0
0	39
0	0
0	0
0	0
0	0
199	1018
1	934
22	74
0	142
2	172
0	31
0	166
2	318
0	312
0	322
3	321
0	310
0	28
2	0
0	0
0	0
0	0
0	15034
0	14897
0	14815
0	15560
0	14865
1	14567
0	14348
0	15391
0	15066
0	11411
0	14470
0	14321
0	15364
0	14990
0	14344
0	14815
0	14836
0	15011
0	14868
0	14609
0	14105
0	13637
0	14279
66	14034
0	14556
0	12929
0	1359
0	1570
1	1535
0	39
11	25
0	0
1	0
175	647
25	628
0	403
10	523
0	289
2	187
1	1608
2	1915
0	1885
0	433
0	426
0	197
673	301
0	301
5831	233
0	0
0	0
3	229
0	80
4	577
10	578
0	352
0	78
0	85
0	82
10	3
13	73
0	0
16	0
964	1627
16	1621
37	620
144	198
0	10
0	189
1	75
0	0
160	198
0	198
0	208
5	28
0	208
23	122
2	204
4	204
1	5
0	5
0	1
0	0
3	46
0	82
10	169
492	229
1	11
37	214
18	0
0	0
0	0
3	9
1	9
0	8
0	4
3	4
120	4490
0	4493
15	378
0	3358
0	969
9	654
8	188
1	728
2	43
5	167
0	3684
0	140
6	5906
3	5597
0	1071
0	5016
26	577
0	0
254	8
0	8
0	0
1	0
0	0
0	27
0	27
39	36
68	36
0	0
0	0
0	0
0	0
0	0
0	0
0	0
0	0
0	0
0	0
0	0
0	0
0	0
0	0
0	0
0	0
0	0
0	0
0	0
0	0
0	0
0	0
0	0
0	0
3	0
0	0
0	0
0	0
0	0
0	0
0	0
0	0
0	0
0	0
0	0
0	0
0	0
0	0
0	0
0	0
0	0
0	0
0	0
0	0
0	0
0	0
0	0
0	0
0	0
0	0
0	0
0	0
0	0
0	0
0	0
0	0
0	0
0	0
0	0
0	0
0	0
0	0
0	0
0	0
0	0
0	0
0	0
0	0
0	0
0	0
0	0
0	0
0	0
0	0
0	0
0	0
0	0
0	0
0	0
0	0
0	0
0	0
0	0
1	0
0	0
0	0
3	0
0	0
0	0
0	0
0	0
0	0
3	1
0	41
0	67
0	67
2	67
21	1
0	0
0	0
0	1
0	0
0	0
0	0
0	0
0	0
0	0
0	0
0	0
0	0
0	0
0	0
0	0
0	0
0	0
0	0
0	0
0	0
0	0
0	0
0	0
0	0
0	0
0	0
0	0
0	0
0	0
0	0
0	0
0	0
0	0
0	0
0	0
0	0
0	0
0	0
0	0
0	0
0	0
0	0
0	0
0	0
0	0
0	0
0	0
1	0
0	0
0	0
0	0
0	0
0	0
0	0
0	0
0	0
0	0
0	0
0	0
0	0
0	0
0	0
0	0
0	0
0	0
0	0
0	0
0	0
0	0
0	0
0	0
0	0
0	0
0	0
0	0
0	0
0	0
0	0
0	0
0	0
0	0
0	0
0	0
0	0
0	0
0	0
0	0
0	0
0	0
0	0
0	0
0	0
0	0
0	0
0	0
0	0
0	0
0	0
0	0
0	0
0	0
0	0
0	0
0	0
0	0
0	0
0	0
0	0
0	0
0	0
0	0
0	0
0	0
0	0
0	0
0	0
0	0
0	0
0	0
0	0
0	0
0	0
0	0
0	0
0	0
0	0
0	0
0	0
0	0
0	0
0	0
0	0
0	0
0	0
0	0
0	0
0	0
0	0
0	0
0	0
0	0
0	0
0	0
0	0
0	0
0	0
0	0
0	0
0	0
0	0
0	0
0	0
0	0
0	0
0	1
0	0
0	0
0	0
0	0
0	0
0	0
0	0
0	0
0	0
0	0
0	0
0	0
0	0
0	0
0	0
0	0
0	0
0	0
0	0
0	0
0	0
0	0
0	0
0	0
0	0
0	0
0	0
0	0
0	0
4	91
0	0
0	0
0	0
0	0
0	0
0	0
0	0
0	0
0	0
0	0
0	0
0	0
0	0
0	0
0	0
0	0
0	0
0	0
0	0
1	44
0	0
0	0
0	208
0	0
0	1
0	0
0	0
0	0
0	0
0	0
0	0
0	0
0	0
0	0
0	0
0	0
0	0
0	0
0	0
0	0
0	0
0	0
0	0
0	0
0	0
0	0
0	0
0	0
0	0
0	0
0	0
0	0
0	0
0	0
0	0
0	0
0	0
0	0
0	0
0	0
0	0
0	0
0	0
0	0
0	0
0	0
0	0
0	0
0	0
0	0
0	0
0	0
0	0
0	0
0	0
0	0
0	0
0	0
0	0
0	0
0	0
0	0
0	0
0	0
0	0
0	0
0	0
0	0
0	0
0	0
0	0
0	0
0	0
0	0
0	0
0	0
0	0
0	0
0	0
0	0
0	0
0	0
0	0
0	0
0	0
0	0
0	0
0	0
0	0
0	0
0	0
0	0
0	0
0	0
0	0
0	0
0	0
0	0
0	2
0	0
0	0
0	0
0	0
0	0
0	0
0	0
0	0
0	0
0	0
0	0
0	0
0	0
0	0
0	0
0	0
0	0
0	0
0	0
0	0
0	0
0	0
0	0
0	0
0	0
0	0
0	0
0	0
0	0
0	0
0	0
0	0
0	0
0	0
0	0
1	0
0	0
0	0
0	0
0	0
0	0
0	0
0	0
0	0
0	0
0	0
0	0
0	0
0	0
0	0
0	0
0	0
0	0
0	0
0	0
0	0
0	0
0	0
0	0
0	0
0	0
0	0
0	0
0	0
0	0
0	0
0	0
0	0
0	0
0	0
0	0
0	0
0	0
0	0
0	0
0	0
0	0
0	0
0	0
0	0
0	0
0	0
0	0
0	0
0	0
0	0
0	0
0	0
0	0
0	0
0	0
0	0
0	0
0	0
0	0
0	0
0	0
0	0
0	0
0	0
0	0
0	0
0	0
0	0
0	0
0	0
0	0
0	0
0	0
0	0
0	0
0	0
0	0
0	0
0	0
0	0
0	0
0	0
0	0
0	0
0	0
0	0
0	0
0	0
0	0
0	0
0	0
0	0
0	0
0	0
1	0
0	0
0	0
0	0
0	0
0	0
0	0
0	0
0	0
0	0
0	0
0	0
0	0
0	0
0	0
0	0
0	0
0	0
0	0
0	0
0	0
0	0
0	0
0	0
0	0
0	0
0	0
0	0
0	0
0	0
0	0
0	0
0	0
0	0
0	0
0	0
0	0
0	0
0	0
0	0
0	0
0	0
0	0
0	0
0	0
0	0
0	0
0	0
0	0
0	0
0	0
0	0
0	0
0	0
0	0
0	0
0	0
0	0
0	0
0	0
0	0
0	0
0	0
0	0
0	0
0	0
0	0
0	0
0	0
0	0
0	0
0	0
0	0
0	0
0	0
0	0
0	0
0	0
0	0
0	0
0	0
0	0
0	0
0	0
0	0
0	0
0	0
0	0
0	0
0	0
0	0
0	0
0	0
0	0
4	0
0	0
0	0
0	0
0	0
0	0
0	0
0	0
0	0
0	0
0	0
0	0
0	0
0	0
0	0
0	0
0	0
0	0
0	0
0	0
0	0
0	0
0	0
0	0
0	0
0	0
0	0
0	0
0	0
0	0
0	0
0	0
0	0
0	0
0	0
0	0
0	0
0	0
0	0
0	0
0	0
0	0
0	0
0	0
0	0
0	0
0	0
0	0
0	0
0	23
0	2
0	0
0	54
0	0
0	0
0	0
0	0
0	0
0	0
0	0
0	0
0	2
0	0
0	0
0	150
0	0
0	0
2	2
1	5512
0	9528
153	9555
5	0
1	0
946	348
41	52
15	70
1	114
7	46
0	14
0	137
0	1821
0	1821
27	876
0	7
11	125
8	197
72	160
25	88
129	139
1	92
42	60
2	16
0	12
0	11
0	16
0	12
0	11
0	16
0	1
0	194
93	4115
0	2660
33	26
1	3746
233	386
10	3560
11	2439
164	29
0	325
12	878
5	556
24	0
1	0
7	441
271	1984
24	701
3	621
9	1156
72	40
5	623
42	632
1	9
1	49
48	760
8	18
87	816
1	469
8	66
0	0
0	22
12	5374
0	5366
0	6182
4	6171
0	23
0	233
0	6236
3	10
2	6234
0	6188
37	5092
0	5329
11	202
0	0
0	11
0	13
0	10
0	2
4	0
0	0
12	4762
4	3927
7	1152
0	3616
0	2748
4	1785
0	764
0	524
1	768
44	250
11	496
4	651
4	279
23	65
13	6
0	100
10	34
0	12
0	58
0	42
33	0
1	45
10	0
152	65
1	22
0	1
0	1
0	1
0	1859
1	1865
0	1842
0	1812
0	1846
2	1874
0	1804
0	1792
0	1891
0	1910
0	1833
0	1852
1	1769
0	1823
0	1797
0	1767
1	1689
0	1845
16	0
3	239
2	66
4	93
6	60
41	1050
2	1068
0	155
12	230
1	18
1	233
3	281
2	286
0	204
5	275
0	212
0	30
0	19
5	0
0	0
2	305
0	1742
0	1742
0	1742
1	126
39	1142
0	7
28	301
2	274
0	362
0	233
8	243
0	181
2	0
0	38
0	697
0	64
41	715
6	714
1	105
1	717
3	108
1	1
1	198
12	98
2	47
6	104
115	2044
5	2044
4	69
19	409
0	84
8	172
16	193
13	149
2	318
0	263
11	29
3	75
0	0
0	9
0	0
2	11
0	5
0	783
2176	801
40	380
2	299
0	0
95	6408
1	463
0	1444
0	6395
5	6176
0	6020
57	730
0	1011
6	0
8	198
0	12
0	12
0	1
3	0
5	515
8	549
5	60
1	39
0	65
0	26
70	4924
5	4827
4	4837
24	213
26	304
25	494
21	4824
8	1531
10	749
52	827
0	828
5	75
1	103
0	80
1	51
1	36
8	159
48	234
283	234
7	151
0	0
0	2211
0	2134
0	1015
0	1089
0	2109
0	2222
0	2034
0	241
0	13
0	0
22	0
0	80
2	80
2	80
0	48
3	3767
0	3947
102	3947
0	3951
76	3947
2	3589
0	456
4	237
0	317
1	183
9	114
7	409
7	562
0	199
0	0
0	2
0	2
2036	0
0	0
0	0
0	898
0	855
0	886
1	837
13	684
6	822
0	13
1	114
0	525
11	0
3	57
0	102
4	29
2	558
4	32
0	0
0	870
0	63
0	272
15	0
11	0
0	46
0	61
17	22
1	364
1	389
13	246
1	379
0	360
0	361
0	358
0	343
3	20
1	33
2	90
0	50
1	90
0	85
0	39
0	25
0	29
6	504
40	602
8	198
17	3
40	8
1	6
0	3
1	1
13	448
3	433
0	0
6	15
302	275
0	0
9	275
63	17
0	0
91	4172
130	4173
0	596
1	0
0	0
0	0
0	0
0	0
243	0
12	0
0	0
0	0
954	0
1	67
1	67
0	37
56	16
17	19
0	22
0	2
0	2
0	1
0	0
0	0
3	277
23	5508
1	803
3	1619
140	5347
33	7
0	5110
3	1533
148	88
0	74
9	11
0	2
0	14
0	0
0	0
16	3317
10	3707
0	3512
3	451
0	1885
0	980
2	722
3	733
0	0
1	402
19	403
0	51
1	0
0	0
0	0
0	0
0	5
0	5
0	984
415	1354
9	138
0	1212
6	82
7	0
41	1025
3	99
0	0
12	375
2	331
0	167
0	23
97	109
0	109
5	107
0	25
52	42
1	30
0	14
2	8
0	27
1	25
1	20
5	0
1	0
0	0
0	0
0	0
0	0
0	0
0	0
0	0
0	0
14	661
4	661
0	39
0	3
0	3
0	127
0	127
1	317
1	117
3	352
3	150
32	16
13	118
0	21
43	21
30	29
0	2151
483	3143
1	3113
0	1051
16	138
0	0
3	0
0	0
0	0
0	0
0	0
0	0
0	4
0	4
0	0
0	0
0	1063
3	1588
0	1744
70	1254
112	116
4	67
27	7
143	0
3283	2483
0	1672
15	1542
6	326
0	0
0	0
0	0
0	0
0	0
0	0
0	0
0	1
0	0
0	0
0	0
0	32
0	27
0	0
0	0
0	0
0	0
0	0
0	0
3	32
0	0
0	0
3	1
0	0
0	0
5	0
2	2
0	0
0	0
0	0
0	0
0	0
0	1
0	1
10	155
1	57
0	128
0	128
0	128
0	14
0	105
0	27
0	0
0	85
6	25
0	9
0	3
0	0
0	0
0	0
61	73
1221	141
17	124
0	64
0	63
4	43
0	5
0	9
0	5
0	5
0	3
0	1
0	0
0	0
2	39
518	127
0	126
4	35
0	1459
116	1468
0	0
2	0
0	0
90	9
0	129
0	0
2373	127
1	91
3	0
0	52
61	0
411	295
9	16
25	214
5	65
14	6
0	0
0	0
0	0
0	6
0	0
0	2
0	6
0	6
0	0
0	0
0	0
0	0
0	1
0	0
8	4542
1	4397
17	3229
76	2799
1	1129
8	1212
9	1347
2	1058
130	555
0	0
447	335
0	222
38	249
34	245
0	219
2	40
1	25
0	0
0	0
0	0
0	0
0	0
0	0
2580	16603
1	15544
106	4924
8	2207
1	2187
18	1008
10	782
93	1064
0	0
0	0
0	0
0	0
0	2
0	2
2	0
0	2
0	1
0	0
0	0
0	0
2063	544
1	540
0	0
1019	405
0	33
12	385
41	819
0	818
23	837
0	803
6	80
0	648
4	58
3	13
0	82
1	309
0	122
22	85
0	34
15	2
330	16097
36	15936
262	2426
2	337
22	1484
66	1258
39	160
0	2426
16	932
14	307
1	2253
25	211
29	610
0	146
22	325
0	0
0	0
0	0
0	0
0	0
0	0
0	0
0	0
0	0
0	0
0	64
1	240
0	0
8	73
4	238
1	25
0	249
0	177
0	14
0	0
0	0
125	1977
1	1629
0	1808
33	1230
0	1724
1	0
0	7
0	7
0	0
4	2
3	2
0	2
0	1
0	1
0	624
68	622
0	131
0	0
0	0
0	0
0	0
0	0
0	0
0	0
0	0
0	0
0	0
0	0
0	0
0	1
2723	3497
0	0
25	3489
9	3311
1	407
0	0
0	4
0	1
0	1
0	1
0	1
0	1
0	0
0	0
0	0
697	204
237	106
22	38
4	83
0	0
10	30
21	11
51	126
1	125
5	51
0	36
0	5
4	5
0	0
33	0
0	0
0	2342
0	2344
0	2325
9	1
215	29
3	29
0	0
0	0
0	0
0	0
0	3
47	1257
1548	1801
2	546
0	1719
10	3
0	0
0	0
0	0
0	0
0	0
0	0
0	0
2	0
0	0
0	0
1	30
0	15
0	17
0	16
4	1
0	22
0	22
0	5
1	0
0	0
90	520
10	520
0	0
0	1
1	1
0	0
0	2865
0	0
0	18
0	18
0	7
2	4
3	12
0	2
0	2
0	1
0	21
0	20
0	20
0	20
0	17
0	17
1	1
0	3
2	0
0	3
0	5
0	8
0	2
0	4
0	2
0	0
0	15
0	2
368	189
0	0
0	170
10	82
1	19
679	10
3	61
55	183
7	142
4	51
0	47
0	0
0	0
0	0
0	0
0	0
0	0
0	0
0	0
0	0
0	0
0	0
0	0
0	0
1	0
0	0
9	8
0	1
0	8
0	2
0	7
1	1
0	0
0	0
0	0
0	0
542	405
0	374
17	138
73	146
0	0
1	47
0	0
0	0
0	0
10	0
0	0
7	1
0	0
0	0
0	0
0	0
0	0
0	0
0	0
0	1900
27	623
0	0
0	162
0	146
0	60
0	0
0	13
0	13
221	286
0	176
2	255
1	275
90	99
0	72
0	0
0	0
0	0
0	0
0	38
0	38
0	38
0	38
0	38
0	38
0	38
7	38
0	38
0	38
0	38
0	1
6570	864
38	864
0	0
446	13376
1	13376
18	776
83	29
175	1120
19	209
6	989
12	181
2	109
0	0
0	0
49	629
17	399
4	0
4	0
0	0
2	2
0	2
384	0
0	3
0	0
0	0
0	0
0	0
0	0
0	0
1	2
0	2
0	0
0	0
0	0
0	0
0	0
0	0
0	0
0	0
3	16
0	0
0	0
0	0
0	0
0	0
0	0
0	0
0	0
0	0
0	0
0	0
0	0
0	0
0	0
0	0
0	0
0	0
0	0
0	0
0	0
0	0
0	0
0	0
0	0
0	0
0	0
0	0
0	0
0	0
0	0
0	0
0	0
0	0
0	0
0	0
0	0
0	0
0	0
0	0
0	0
0	0
0	0
0	0
0	0
0	0
0	0
0	0
0	0
0	0
0	0
0	0
0	0
0	0
0	0
0	0
0	0
0	0
0	0
0	0
0	0
0	0
0	0
0	0
0	0
0	0
0	0
0	0
0	0
0	0
0	0
0	0
0	0
0	0
0	0
0	0
0	0
0	0
0	0
0	0
0	0
0	0
0	0
0	0
0	0
0	0
0	0
0	0
0	0
0	0
0	0
0	0
0	0
0	0
0	0
0	0
0	0
1	0
0	0
0	0
0	0
0	0
0	0
0	0
0	0
0	0
0	0
0	0
0	0
0	0
0	0
0	0
0	0
0	0
0	0
0	0
0	0
0	0
0	0
0	0
0	0
0	0
0	0
0	0
0	0
0	0
0	0
418	519
5	236
20	46
3	267
5	0
1083	0
186	2486
0	2583
38	1923
0	4028
143	3926
5	181
11	45
0	259
119	2001
629	348
4	348
667	179
50	179
0	0
1811	0
0	0
0	0
372	267
0	0
0	176
1	267
0	0
2	471
0	470
0	471
0	466
3	462
2	3
2	0
5	59
3	10
0	7
0	5
0	0
0	0
0	3
1488	585
1	10
0	544
0	494
0	0
3	0
1	0
2	473
9	0
679	571
0	0
0	0
0	18
0	122
18	137
0	0
0	53
7352	6
94	2
3	2
11	1580
3	1490
0	1656
18	1032
36	2688
5	0
0	0
0	0
0	0
0	2
0	1
0	2
4	0
0	0
0	1
9	0
0	0
0	0
0	0
0	0
0	0
0	0
315	2319
3	2278
87	252
1	313
29	804
0	0
80	370
5	269
0	94
0	94
409	0
41	0
0	0
0	0
11	295
1	318
0	230
1	15
34	100
53	44
0	0
0	0
0	0
0	0
0	0
0	0
0	0
0	0
0	0
0	1
0	1
0	0
1	0
3	180
11	180
23	34
0	0
0	625
0	632
0	695
0	709
3	569
0	560
0	144
0	48
0	91
0	25
0	6
39	9
0	1
0	24
126	138
1	2
0	98
1	113
0	17
10	0
0	0
5	0
1	0
6	65
0	0
0	0
0	0
0	0
0	0
0	4
0	4
1	0
0	0
0	0
9	0
0	5
3134	497
55	497
0	0
0	0
0	1
33	42
368	22
0	33
0	213
0	208
0	64
0	71
0	58
0	52
7	38
0	0
1	0
0	0
0	0
13	3
0	0
6	3
0	0
8417	319
8	317
0	0
0	3
0	0
2	3
0	2
0	0
0	0
0	0
0	0
131	0
0	0
0	0
0	396
0	1099
1	1031
0	1009
0	1009
28	953
30	143
2	50
188	1942
1	1083
0	1659
41	317
0	0
675	1451
4	1430
0	294
4	309
0	40
0	202
0	76
3	23
0	1
1955	376
0	153
10	37
6	186
0	98
0	0
0	0
2	100
0	76
17	0
23	212
0	212
7	47
0	28
1	58
20	92
1053	5
732	206
2	204
2	3689
1203	3691
0	21
217	41
0	21
5	32
2	37
430	1082
2	338
5	450
4	545
0	872
0	393
0	380
0	0
0	102
0	8
966	876
47	61
2	25
0	282
11	123
4	325
0	522
6	37
1	159
1142	159
23	182
0	182
0	0
0	0
878	171
20	159
0	181
236	0
0	448
0	1928
5	38
54	1504
204	1923
0	26
22	319
23	75
0	281
4	1
2	62
2	14
1	11
1885	371
18	115
12	148
1	64
0	101
0	72
9	62
150	0
152	112
0	411
0	411
4	23
1	89
4	41
1	1
64	599
2	12
6	540
14	134
1	46
5	129
0	2
22	6
15	109
1	210
784	1344
65	1344
109	7269
5	5828
146	7268
14	999
6	700
35	0
0	0
12	639
8	1069
0	1019
0	79
1	77
14	40
776	96
0	96
51	0
902	1262
3	1262
5	23
0	3
1	78
0	76
0	6
15	9077
27	8594
14	886
7	450
0	1958
70	1726
6902	1731
60	126
31	126
218	1630
1	19
119	1630
0	131
0	0
0	414
11	387
0	410
8	113
0	15
9	1056
0	0
1490	56
3	4
2	22
9	26
0	0
134	0
0	47
0	51
0	29
2	50
0	47
3	36
3	984
0	990
0	1005
0	914
3	815
31	831
6	191
1	48
0	91
0	0
0	652
0	87
0	45
14	652
0	32
0	67
3	376
0	27
0	0
0	5490
0	5312
0	5712
0	5436
21	1300
0	1816
0	3460
0	301
45	140
1	184
8	156
0	461
0	109
0	807
36	113
228	423
0	418
4	29
1	63
0	0
6	28
0	0
53	201
0	315
1	50
0	230
0	170
2	48
0	58
1	8
0	89
54	99
0	97
0	125
6	3
0	26
0	20
38	0
2273	418
0	128
1	126
0	273
0	3
0	4
0	1
2	1
0	0
2	0
28	360
126	360
0	1508
33	1513
0	1345
0	13
76	74
36	611
0	75
0	156
0	86
0	45
0	3108
1	3152
10	2702
5	2302
5	1490
2	449
481	552
3	219
2	21
0	52
18	156
3	469
0	41
9	86
20	438
1	40
0	428
5	318
0	131
1	42
0	92
0	59
0	58
0	47
0	43
0	43
1	7
0	42
0	46
0	42
0	38
0	0
0	31
0	23
0	19
1	19
0	5
2491	5972
14	5841
10	83
4	150
0	510
27	3208
0	291
2	422
30	254
3	235
0	352
9	2122
7	1971
0	1956
2	548
61	48
2	190
3	453
14	38
2	195
0	342
4	347
0	336
8	341
0	83
12	113
0	4
3	269
7	667
0	654
0	1243
7	1243
0	0
27	8
0	340
12	186
6	93
5	0
12	624
23	601
6	1439
0	25
17	49
8	81
7	1
0	66
0	26
0	2456
0	2471
0	2437
0	765
1	315
6	79
1	0
7	0
1796	858
2	164
0	0
0	116
0	156
1	40
9	352
29	116
0	586
0	503
1	494
0	0
3	35
0	58
0	17
2	104
1	0
0	1143
34	707
18	1041
6	472
0	673
17	76
9	8
0	113
0	8
0	4
0	5
0	0
0	4
0	2
0	0
65	18
0	0
1	18
0	3
0	3
1	338
0	0
75	338
0	126
0	367
0	254
0	96
0	70
0	360
1	131
3	41
0	349
2	205
570	709
0	622
3	954
9	79
66	636
1	375
14	2224
0	1586
0	1586
0	2192
0	1532
3	258
4	1036
0	342
224	465
3	201
15	46
86	714
47	212
6	264
0	728
0	2398
4	2491
0	1374
4	144
0	124
12	170
0	147
20	347
0	178
9	64
1	993
11	22
1	48
2	74
0	184
2	51
61	106
0	42
10	961
0	0
0	0
1	975
0	21
0	2653
0	2558
2	2677
0	2583
2	2640
1	234
2	32
39	205
2	227
70	193
4	1660
6	606
8	1096
1	132
89	495
2	705
1	563
1	90
38	7018
1915	28555
9	3905
72	12428
62	29234
1	3432
80	7115
1	5811
32	3068
4	6086
62	37
0	11
0	7
0	7
4	24
14	19
2	19
0	0
1	0
0	0
0	3
11208	7625
0	503
0	4563
11	2651
6	252
0	252
1	193
3	17
1948	5231
67	5212
2	3636
13	3283
4	1077
1	1057
0	0
0	4
0	4
0	2
0	2
0	0
86	1037
17	655
4	1024
16	483
0	336
533	2307
4	8
0	14
1130	2311
0	427
15	221
0	192
199	404
6	353
0	47
0	54
0	54
0	9
2	27
0	23
0	19
0	27
0	8
0	5
0	6
0	5
0	2
9	0
0	0
0	0
0	887
0	923
6	58
1	161
0	818
0	790
0	231
0	0
0	181
2	0
21	1784
2	1412
28	429
3	1409
77	456
0	554
0	642
2	1440
0	280
1374	995
0	0
8	13
1914	1119
0	900
3	570
0	0
17176	10
0	7
0	7
0	0
0	0
0	0
0	0
1	43
3193	222
0	7052
446	7053
65	442
2061	0
3	1
0	1
0	1
0	0
1	0
0	0
0	0
12	93
1	389
0	431
2	273
0	278
0	352
0	388
0	210
2	246
1	47
12	14
0	0
2	90
1	1
0	0
0	87
1	78
1	5
10	0
8	14
1	1
325	16
0	14
1	5
89	219
57	219
0	1116
457	5242
0	1929
136	5398
0	4
2096	2308
16	2308
1	4
2	9
0	4
1	7
0	2
22	7
2	0
52	926
0	77
4	850
7	9
0	113
3	325
505	11440
26	143
2	171
26	0
65	6150
27	11439
1	2181
0	7023
1	3175
0	0
0	0
0	1791
0	0
0	0
0	0
111	614
2	1304
0	1942
3	1893
0	1952
1	1937
8	1324
0	951
0	0
5	0
0	0
0	0
85	530
0	636
4	607
0	1087
0	1111
2	1090
0	590
0	416
54	378
0	0
1	0
0	0
0	0
0	0
0	2
0	0
0	2
0	2
0	0
4	711
58	711
0	0
0	0
0	0
107	6846
7	6872
1	843
3	0
639	0
0	42
3	51
0	28
1318	2
4	10
3685	896
43	892
10	30
579	2814
0	2381
141	2726
1	404
1	1
1	2
24	1481
0	149
2	355
0	1641
56	486
1	188
1	446
19	925
0	2
0	2
0	2
0	0
8	154
22	371
2	322
0	0
5	162
0	162
1	0
0	0
14	61
0	63
1	44
1	41
0	18
77	147
0	7
0	147
8	18
40	28
0	6
15	22
0	4
0	6
10	669
0	641
1	625
0	0
6	242
0	284
126	215
0	74
0	16
6	1
12	0
3	2810
0	3575
5	3423
1	465
0	4
0	0
0	0
0	0
0	0
108	5268
17	5152
96	793
9	610
2	346
2	268
0	281
33	410
0	139
0	1639
14	57
0	0
10719	1913
335	1560
0	0
456	774
62	118
30	21
49	206
348	457
8	54
0	225
0	412
0	0
1	55
6	213
303	267
1	175
0	208
1	228
165	1193
19	499
0	1091
0	113
4	18
1	0
190	182
0	249
0	231
2	0
61	0
27	2461
3825	3348
0	449
6	275
9	253
520	967
0	732
8	320
0	275
0	112
3276	575
1	148
4	448
3	2
0	2
0	354
215	3503
14	3317
43	307
10	484
47	418
0	362
0	147
48	4
6	4
0	0
0	0
0	0
0	0
1	35
0	35
3	0
4	249
14	230
0	86
5	29
0	59
3	33
0	30
0	55
3	55
7	15
0	14
2	0
0	0
4	105
0	103
1	4
1	7
0	0
15	238
6	238
1	238
0	122
238	1087
5	425
14	1019
1	227
0	137
11	321
2	0
1405	120
0	120
0	0
0	0
0	0
1092	0
10	358
0	69
21	355
1	13
287	0
35	964
13	964
2	47
0	48
1	94
16	169
0	0
0	0
0	0
0	0
0	0
31	87
54	61
0	401
281	743
0	73
1	708
6	23
5	0
1	26
0	20
0	11
0	22
0	19
0	19
1	9
0	10
0	0
0	13
0	14
0	20
0	6
0	1
2	6
4	19
0	16
0	16
0	30
0	17
0	10
0	18
0	12
7	15
22	1
0	24
0	14
3	45
0	36
0	36
0	37
0	23
0	14
0	18
0	6
0	6
6	24
0	16
0	7
0	2
0	7
0	7
0	7
1	10
0	24
0	8
1	13
4	8
0	8
3	8
0	8
1	0
0	0
0	0
0	0
0	0
0	0
0	0
5	0
0	0
2342	4833
22	87
31	267
9	319
17	334
31	46
15	3958
115	259
8	322
158	516
70	281
666	701
0	0
0	701
1	0
2073	1671
19	1555
4	1559
287	18
40	18
2	129
0	129
0	0
125	0
0	0
3	0
49	69
0	69
205	39
5	32
3	7
3	0
2	0
509	111
5	21
4	90
487	697
3	613
16	38
19	43
3	65
123	267
1	154
2	137
0	0
3	226
0	0
0	0
0	0
3	0
10	0
67	0
3	3679
4	887
11	682
286	927
2	32
4	3504
3	0
17	652
46	209
0	3
0	3
0	0
0	0
0	0
1030	0
13	0
45	0
0	0
0	1
236	20
0	17
11	3
1	0
1	0
3	0
2	3
0	0
0	0
0	0
1	2
0	21
0	174
0	1692
0	1751
0	110
0	1732
0	1358
0	1744
0	1673
0	67
2	176
0	282
19	1
107	2
0	1
0	1
0	5
328	431
665	431
0	0
17485	0
0	0
0	0
0	0
0	1
0	0
0	0
0	0
911	3103
8	2702
4	504
2	549
0	1
0	1
39	2227
27	1476
0	1322
0	815
0	386
2	15
0	0
4	118
0	693
0	0
6	193
2	463
0	180
5	136
1	1037
0	1084
0	947
0	0
2	741
0	387
0	228
0	4
0	744
0	1
923	4118
13	735
8	3499
122	323
10	36
1	24
0	25
1	23
0	23
0	25
0	25
0	9
34	9
0	9
0	0
0	0
0	0
0	0
0	0
0	0
7	179
0	284
0	263
0	273
2	174
6	243
0	149
28	162
1	347
311	1168
0	317
8	206
26	185
5	120
0	368
10	103
89	2322
11	874
0	2130
49	0
0	0
0	27
48	8
15	5
9	11
1	468
10	23
0	0
0	0
13	17
33	620
176	620
0	0
0	0
174	135
0	518
93	561
0	532
0	1705
9	1504
21	1700
342	1125
0	361
4	96
3	83
43	658
1	107
888	627
11	432
4	272
0	44
1	307
5	79
6	136
4	44
0	12
3	20
2	0
772	1022
4	979
0	29
0	94
0	54
1	40
0	81
0	156
3	561
10	0
0	151
33	335
13	0
1	71
24	204
1	52
0	94
1	24
123	6
228	10
5	5
7	13
1694	1539
0	1548
12	44
5	53
11	6
89	75
0	93
0	90
37	72
0	23
0	8
0	8
0	0
0	4
0	4
0	65
0	252
19	231
0	169
0	225
0	204
0	171
0	21
0	22
0	27
0	33
61	11
1	1
38	152
4	152
1	40
61	102
7	13
0	90
0	0
1	409
21	339
0	464
0	137
3	182
2	152
0	14
1	0
3	477
172	477
1	135
7934	0
14	1338
51	1339
3	80
3	32
1	104
1	51
1	200
0	11
0	28
13	159
0	49
6	199
3	344
4	415
0	96
6	1324
5	1398
71	1371
0	223
3	484
0	2218
12	644
4	1807
6	217
1	860
12	63
7	101
0	0
0	435
0	420
0	420
0	91
0	129
7	15
90	0
0	0
0	0
0	0
0	653
21	2583
3	738
15	1518
0	1032
0	1297
29	2435
6	2223
2	2134
26	2372
1	1668
49	1770
11	1832
3	69
0	108
0	136
16	521
3	0
0	0
0	0
0	0
0	0
0	0
0	0
0	0
0	0
0	0
0	0
0	0
3732	22
3	20
0	71
0	96
0	55
0	80
0	55
0	54
40	894
0	891
48	75
10	92
5	0
2656	604
1	118
3	136
37	352
14	1
0	94
0	55
0	3
0	0
94	518
4	533
17	576
2	519
1	55
1	55
17	920
1398	2091
0	848
23	321
2	70
8	0
22	316
0	5037
2	95
0	113
0	4880
0	218
0	0
0	1
0	1
0	1
0	0
0	0
0	0
0	0
0	0
0	0
0	0
0	0
0	0
345	1697
0	2651
0	2804
0	2980
13	2864
0	2723
0	2942
255	1543
3	230
0	349
0	209
0	111
0	24
0	0
0	0
0	0
1	0
0	0
0	0
9	311
0	114
3	311
50	0
21	74
0	0
2819	0
41	512
56	833
2	835
2	78
17	73
4	51
7	211
0	208
4	19
0	0
21	1272
3	128
1	970
0	899
0	438
58	0
197	6952
570	6952
8	68
18	129
1	0
0	0
0	0
0	0
1	1
0	0
3	0
0	0
1408	0
0	0
0	0
12	0
0	0
1103	139
28	115
22	71
9	35
0	0
2	30
14	1192
7	1182
65	80
26	160
1	734
0	193
2	0
0	59
0	79
7	21
0	0
0	0
0	0
0	22
18	30
5	9
3	987
3	0
0	0
2	116
0	1420
0	1997
4	51
0	1381
0	0
0	188
0	41
7	23
1	21
5	838
6	2
0	0
0	0
0	0
0	0
0	0
0	0
2	2
0	2
0	0
1	0
1	47
0	0
0	0
0	0
0	2
0	0
0	3
0	2
1	4
0	4
0	0
0	2
0	0
202	102
16	24
30	94
0	0
25	1352
0	1470
0	585
0	678
0	46
5	224
2	3
0	573
3	93
7	598
0	283
1215	298
10	296
0	0
1	0
0	0
0	0
30	2278
0	0
2	0
48	2278
0	0
0	0
0	0
0	0
0	0
0	0
0	0
0	0
0	0
0	0
28	554
0	554
18	314
1	291
1	320
0	0
77	56
1	67
0	0
895	128
12	38
0	0
2	92
11	42
11	19
43	252
4	44
10	208
0	0
0	0
0	0
0	61
1	35
0	62
0	115
2	35
0	115
0	39
1	35
2	35
0	58
0	61
0	0
0	46
315	682
19	669
0	1
1	0
1	0
0	1
0	1
0	0
0	25
0	0
0	0
0	0
0	0
0	0
0	0
1	2890
0	3005
2	405
88	2418
298	104
0	0
0	0
45	952
16	177
0	353
2	359
4	613
3	0
0	0
0	0
0	0
0	1
1	0
2	0
96	7
5	7
0	0
0	0
2	164
8	164
0	0
0	0
0	2
50658	2
1	3655
2247	12175
15	653
18	1464
46	133
415	1182
15	1942
250	4015
0	0
0	0
1	1
0	1
0	0
0	3
3	2105
0	9
1	2
0	12
0	9
0	7
0	2
0	0
0	0
0	0
0	0
29	5325
54	5348
1	366
16	247
6	138
38	26
142	905
6	0
58	0
1018	0
5	25
8	403
16	404
5	404
5	629
61	629
4	78
7	0
0	0
1	0
117	1245
5	21
0	162
6	1115
0	48
7	5
0	61
3	27
0	53
3	466
3	12
1	99
24	0
0	0
1	5
0	5
0	68
1	68
1	5
0	2
800	255
46	48
16	86
1	92
0	151
5	22
1	116
501	41
3	41
35	658
24	2538
0	51
4	64
1	227
1	208
0	2213
82	61
150	0
141	213
0	207
0	0
2	0
0	97
1	23
5	0
0	0
0	0
30	780
0	46
0	777
0	394
1	0
0	0
0	0
0	1
0	0
5	31
66	6
74	3
25	5
0	0
11	3
41	4465
0	4477
0	4477
20	53
0	36
6	56
0	343
2	0
1	0
0	152
60	1290
5	1156
5	149
0	94
1	212
152	4
15	20
36	248
1303	245
1	68
5	177
0	1
0	1
0	0
0	0
0	0
0	2
0	0
0	2
0	0
0	0
0	0
0	0
0	0
0	0
109	0
995	5838
9	5733
0	4143
40	107
0	4444
6	1704
0	0
3	50
155	469
2	470
112	1976
91	1518
11	136
0	0
0	1
0	0
557	200
10	131
3	69
3983	629
10	416
18	14
1	197
0	0
0	0
0	9
12	9
0	0
0	1
4	1
1	0
0	0
0	0
1	0
0	0
0	0
0	0
0	0
0	0
0	0
0	0
0	0
1	0
0	0
0	0
0	0
129	65
0	66
5	24
13	1102
1	1102
0	322
33	167
0	0
0	0
0	0
8	0
2515	0
0	0
1882	0
1	0
0	0
15	368
109	368
1185	237
2	98
3	139
2	253
11	253
33	12
0	0
0	0
0	0
0	0
0	0
0	0
0	0
0	0
0	0
0	0
0	0
0	0
0	0
0	0
2484	2208
14	2208
55	1170
0	0
0	0
0	0
0	0
0	0
0	0
0	6
0	0
0	0
0	0
0	0
0	0
0	2
0	0
1	0
1	0
0	13
0	0
5	95
0	95
0	16
1	16
0	27
0	2
2	927
1	927
28	926
0	212
3	39
0	0
0	0
0	0
199	55
0	72
0	0
0	0
0	0
1	27
0	22
125	80
0	8
42	13
19	24
0	0
11	26
128	204
0	161
0	1
0	0
4	292
0	0
7	0
1257	101
3	31
0	70
1	0
1829	543
2	180
0	107
0	209
6	150
5	0
0	0
0	0
0	0
887	325
100	251
1	325
0	13
6473	3122
1	1026
14	536
11	725
0	831
0	1660
0	2480
1	2247
3	118
21	1001
13	209
0	216
0	0
0	17
130	74
0	74
1	43
1	0
244	143
0	12
0	40
0	0
1	13
0	34
0	20
2	34
0	26
0	19
0	0
193	231
0	9
0	0
0	0
0	0
0	0
0	0
0	0
0	0
0	0
0	0
0	0
0	0
0	0
0	0
0	0
0	0
0	0
0	0
0	0
0	0
0	0
0	0
6	2891
0	0
0	0
0	1452
23	681
18	170
18	1518
3	1185
17	283
0	68
2	766
15	443
17	446
10	0
8	1676
1	549
102	20
0	180
15	262
3	416
1	9
3	236
0	1582
0	298
3818	0
0	142
0	144
2	142
2	101
0	0
1	0
1	1
0	0
0	1
6	0
2	0
0	0
0	0
0	0
0	0
0	0
0	0
1	0
7	949
0	562
1	745
1	546
3	146
60	184
0	0
0	0
0	0
1	0
1	0
118	0
0	0
0	0
15	409
0	410
60	410
0	274
7	983
0	1248
0	1130
0	884
0	0
0	0
8	58
0	207
2638	209
7	0
18	42
4461	4322
118	2215
0	835
9	534
198	468
50	2799
2	38
13	2672
6	428
9	90
35	1167
12	2401
21	2137
1	514
14	246
131	152
0	236
0	484
27	4
0	3
0	1
0	0
4	31
5	0
0	0
8	88
0	88
93	0
0	0
0	0
0	0
0	0
0	0
0	0
0	0
0	0
0	0
0	0
0	0
0	0
0	0
0	0
0	0
0	0
0	0
0	0
0	0
1	4
9	4
2	0
0	0
0	0
70	83
0	20
4	63
0	0
1311	2915
309	345
68	590
43	2927
2	1414
250	0
22	4
963	4188
130	4188
0	0
1	29
0	29
0	0
35	1576
0	1695
0	536
22	690
2	575
28	576
5	344
19	212
8	126
22	2183
15	2200
21	2098
2	2080
1	8
0	0
0	369
5	67
2	0
23	0
1	4
0	4
1	0
1	0
0	4
0	0
0	0
0	0
0	0
0	4
0	0
0	0
3	0
0	4
21	723
2	674
1	217
1	19
8	56
0	21
34	46
3	6
6	0
2	62
0	63
2	19
2	10
0	57
0	281
0	281
0	281
0	0
9	3113
0	5207
9	1116
60	1434
27	256
1	496
1	605
14	3
30	2546
8	2258
94	0
56	1525
7	1525
1185	1849
0	507
0	342
5	532
80	156
0	706
3	1015
1	1607
2568	0
206	45
1	45
10	18
4	3649
28	3674
0	23
3	44
12	137
7	993
17	993
0	0
12	59
0	0
3	0
0	0
0	0
233	839
82	609
15	749
10	0
0	220
0	230
0	218
0	228
0	227
0	221
0	215
0	217
0	225
0	194
5	22
7	3
1	5
4621	549
0	543
7	227
4	2
0	2
0	1
15	5
0	0
0	0
0	0
0	0
0	0
0	0
0	0
0	0
0	0
0	0
0	1
0	1
0	1
0	1
0	0
0	0
0	0
0	0
0	0
0	0
0	0
0	1
0	0
0	0
0	0
0	0
0	0
0	0
0	0
0	28
0	23
0	25
52	0
0	1
0	1
0	0
1	0
0	1
0	330
0	330
0	232
6	62
18	90
2	49
2	11
0	211
17	211
4	18
0	1396
49	288
33	1388
4	99
3	69
0	1138
8	58
0	37
2	35
0	2
0	2
0	2
0	0
1	0
0	0
1	0
0	0
2	0
3	0
0	0
14	175
5	175
755	43
30	43
7	1
0	1
10	194
0	188
0	191
18	0
9	6315
2113	6315
14	2860
0	255
0	0
0	0
0	0
0	0
1	4465
9	2331
0	3984
5	1020
0	4301
0	4782
0	2542
73	168
2	125
0	34
1	330
236	8276
0	7902
9	2017
48	1077
22	1498
0	0
0	3
0	0
0	3
11	0
0	3
4111	3952
1	473
5	472
0	0
0	0
0	0
0	0
0	0
0	0
0	0
0	0
0	0
76	39
12	628
1	5470
285	599
0	1833
0	5427
4	2651
0	0
4	1571
259	1595
25	971
4	845
129	908
0	846
11	899
87	299
89	789
0	789
0	1
60	99
0	0
0	116
2891	338
19	247
18	122
88	71
1	1491
0	1491
32	191
33	233
0	980
0	111
39	471
6	27
47	0
0	0
46	58
1	18
4	13
0	23
1	21
897	2617
129	319
0	2423
137	473
9	2315
1	1713
0	0
3	0
0	0
5	42
1	714
177	4290
14	3884
7	1129
134	869
0	0
8	0
0	1176
6	1174
10	729
13	887
4	393
1	4
1	4
2	4
0	0
5	1
0	0
0	1
2	0
56	3394
6	3134
6	527
19	85
155	1308
2	72
49	467
0	0
23	1023
9	5
1	0
1782	480
35	247
9	171
4	334
0	0
119	470
2	120
7	89
15	470
17	0
0	0
338	0
1236	2931
1	673
0	1017
7	716
0	853
1	284
130	934
13	0
157	180
0	178
2	1124
1	814
0	950
0	1075
0	1215
0	576
0	169
0	319
0	342
0	299
7	430
0	259
1	338
0	306
0	3
0	106
0	241
83	114
0	173
0	0
15	0
36	549
7	1408
2	1396
0	1392
0	288
1	152
4	3
91	993
2	10
0	37
0	89
0	23
0	19
20	14
0	5
1	5
0	5
0	0
0	3
36	3145
1	2703
4	953
3	1079
0	1344
0	668
1	166
1	820
11	442
1	421
607	533
21	256
0	548
1	35
3	42
0	9
0	0
0	34
8	28
3	22
2	30
0	2
0	5
0	15
0	7
5	279
0	3351
13	2467
1	3430
0	2622
6	2581
0	144
0	1069
1	257
11	289
4	964
0	465
11	44
0	754
0	586
0	245
1	443
1	363
0	244
6	184
0	196
0	106
0	303
0	226
1	104
0	86
222	0
0	2178
0	2137
0	441
1	176
0	168
1160	557
0	188
48	229
24	203
210	486
18	484
0	354
13	484
1	8900
4	8114
0	8368
0	8726
16	6720
10	6543
0	2276
52	2648
35	968
41	630
185	324
0	1310
6	143
62	1049
93	437
1	776
2	525
56	288
1	173
0	656
0	758
93	648
19	687
423	987
28	846
0	75
39	1311
0	1266
4	2
33	59
14	2
0	105
0	35
5	20
0	30
0	174
486	0
8	40
0	16
8	43
9	5
0	26
0	2
0	0
0	0
0	6
4	1
0	0
0	0
0	0
11991	3170
0	377
0	2
0	0
0	1786
48	1714
34	265
62	1731
2	1739
16	1828
0	0
0	0
27	1734
10	148
1	187
1	1024
78	1023
0	59
0	134
0	74
12	0
2	0
0	885
0	1016
0	0
0	0
0	774
0	645
4	0
0	0
0	225
0	366
0	770
221	625
2	389
0	172
4	527
1	435
23	997
0	94
5157	5087
0	3679
25	1310
1	1106
0	4
14	5
0	2
0	3
5	273
5	260
1	7
6	30
24	0
2	0
0	21
15	78
5	86
87	3
0	73
24	73
0	0
883	1061
0	883
51	261
1	25
2	520
5	25
0	12
0	0
0	0
15	1475
65	1475
0	213
4	6
41	475
1	260
1	211
0	67
28	39
0	0
0	1
51	0
5	303
2	320
0	74
2	2
0	37
11	27
1109	110
0	27
1	83
2	18
0	18
415	2094
290	1770
73	2159
0	2150
2	599
47	1969
17	52
5	49
34	504
2	287
685	759
1	762
1	1
43	566
3	21
2	1
0	0
0	0
0	0
3	1
9	408
92	12431
2	9975
0	11965
6	1628
5	985
2	9512
0	4
0	823
15	739
6	206
0	0
0	0
0	0
440	0
2	5428
4	7
2	5471
0	5249
0	4
0	239
0	5151
0	2612
0	846
0	0
6	0
63	1299
6	1299
0	29
15	5
1	26
0	21
1	27
0	26
1	14
0	1
0	2
0	1
0	25
0	7
0	0
14	0
0	0
10	0
0	0
0	0
692	318
0	71
0	56
0	254
6	93
47	0
28	1065
0	1065
1	107
0	139
2	1153
16	205
0	1043
1	1101
0	1130
0	194
0	130
0	86
2	0
5638	1694
4	0
0	892
27	1501
0	295
0	331
0	331
0	0
55	331
0	0
0	0
0	0
0	0
5	19
1	50
50	52
7	42
0	5
125	92
9	143
0	91
0	340
7	107
222	346
0	21
0	11
0	2
5	42
0	73
0	73
0	13
0	363
0	363
0	43
0	60
4	125
6	26
0	34
0	52
0	0
0	0
0	0
0	0
3	6025
33	5944
91	297
204	1244
0	1244
0	4944
9	0
1	4772
9	251
0	0
11	35
0	0
0	6
0	6
3	0
40	16
0	16
0	0
0	0
0	0
0	0
0	0
0	0
35	133
39	347
4	340
4	359
1	38
0	0
5	81
0	404
0	404
5	403
0	370
0	0
190	609
43	609
0	623
0	666
8	620
65	328
0	86
1	105
1	1
0	86
0	49
0	0
0	0
0	0
0	0
0	0
0	0
0	0
0	0
11	0
3	0
0	0
0	0
1020	2
0	0
0	0
12	0
0	0
3982	675
272	144
33	130
188	62
7	102
11	237
2	1964
3	1786
0	63
491	2051
4	1965
0	0
5	8
4	1132
25	654
36	132
17	60
0	183
39	44
31	165
13	1137
1	1158
0	652
0	71
0	73
12	0
0	0
6	1134
0	1065
0	1152
3	1005
5	68
0	4
0	4
0	0
2747	2642
1	287
0	318
78	184
28	2161
15	63
0	0
31	1699
4	227
18	91
12	348
159	661
20	0
0	0
0	0
1	0
0	3
0	0
2	394
0	0
0	699
0	691
0	484
4	419
0	9
10	17
0	0
6	0
0	0
0	0
0	0
0	0
0	0
57	51
0	0
515	3736
2275	3632
25	3237
2	190
4	1
0	1
0	1
0	0
0	0
0	0
0	0
0	0
51	298
10	299
1	19
509	250
10	244
2	39
7	101
316	163
0	50
0	0
4	30
0	58
7	45
0	0
0	0
0	0
0	0
4	10
0	0
0	10
0	9
0	0
74	1682
4	1682
100	1186
0	1186
1	552
8	418
0	270
0	73
33	0
0	0
2	31
0	24
1	31
0	8
658	0
0	0
0	0
1024	0
0	1
0	1
0	0
364	541
0	0
0	1644
0	19474
0	19474
1	1636
10	1552
2	643
3	0
26	178
1	1472
0	147
13	48
17803	1765
28	1737
0	6
0	6
44	83
10	547
1	628
4	255
2	7
6	313
1	55
0	63
2	0
18	593
289	11
0	11
1	26
81	26
0	0
0	0
98	0
6484	710
7	686
0	6
0	1
0	0
0	5
3	0
37	829
42	1147
71	1147
0	86
355	2748
2	241
9	227
0	2241
3	0
0	0
30	0
1	0
0	0
0	0
20	0
0	0
0	0
0	6
1	7
0	7
0	0
0	0
0	0
0	0
0	0
0	0
0	0
0	0
0	0
543	590
0	580
0	0
1	10
0	128
0	113
0	158
0	152
17	95
1	1
0	1
0	1
9702	3178
0	3147
0	0
3	1028
0	10
1	0
0	1034
0	1022
2	195
2	143
62	992
0	0
1	872
0	710
0	968
0	214
76	899
6	872
2	2484
0	1488
21	1126
0	2265
8	485
0	0
1	160
510	833
13	453
0	609
0	238
0	0
0	1
0	1
0	0
0	0
2	0
1	0
0	0
2	0
0	0
1	0
0	0
0	0
0	0
0	0
0	0
0	0
4	0
0	0
0	0
0	0
0	3
0	3
14	0
491	241
2	47
0	241
15	98
0	0
0	0
1	0
3	0
806	789
1	787
0	0
0	0
4	276
12	352
19	394
32	76
0	40
45	312
2	274
18	680
72	451
0	907
4	638
18	304
273	0
267	68
0	68
0	0
2	0
31	0
12	4760
0	39
60	4960
0	37
2	31
2	1483
1	309
0	936
18	443
0	1132
3	262
5	1534
0	1074
0	621
17	284
4	186
3	619
0	556
5	638
3	71
0	102
1	95
1	99
50	136
1652	126
1	60
16	41
64	1237
0	1237
0	61
32	5
1	5
0	17
199	109
1	14
0	78
0	0
0	0
0	22
0	29
0	29
0	3
0	2
0	5
0	1
0	7
8	1331
2	1023
8	1303
11	172
29	172
0	57
11	0
6	13
0	0
5	68
0	68
0	30
0	4
0	36
2	15
0	0
3	4
0	4
0	0
0	0
3	308
0	656
0	672
0	616
0	609
1	680
3	173
0	86
1	134
0	185
0	210
7	214
0	168
0	152
28	77
1	28
33	1149
3	547
2	1117
0	1171
1	776
1	754
0	243
0	100
3	55
0	136
0	94
0	9
0	0
0	0
0	0
0	0
649	0
71	0
6	15
0	15
0	0
0	0
0	0
0	0
392	212
6	170
331	11
0	11
0	183
0	0
5	202
3	45
1	0
2	30
0	18
0	10
0	2976
0	3037
0	2975
0	2992
1	2258
118	2178
2	1952
4	1888
7	1106
0	1132
0	508
0	253
0	181
16	32
0	25
0	22
7	12
5	0
5	0
25	42
0	42
0	36
0	0
0	0
0	0
0	0
0	0
0	0
30	3042
393	3061
0	257
10	159
4	204
51	2524
2	2524
34	2502
4	54
3	37
4	423
0	66
0	0
0	0
0	0
0	0
0	0
0	0
8	15
0	4
0	4
0	3
0	3
0	3
0	3
0	3
0	1
0	0
0	0
194	1303
1	1260
0	639
2	83
0	19
0	23
11	18
0	15
0	0
0	0
0	0
6	2
109	188
4	144
3786	377
8	377
1	400
218	2131
0	1852
0	1549
0	1128
7	239
6	145
0	251
12	865
0	322
2	0
4	47
8	0
138	1902
84	1500
2	1698
0	1898
0	1760
3	407
1	732
15	74
8	259
5	182
0	45
0	0
936	618
0	373
49	484
0	9
11	59
7	70
110	3195
0	1884
0	1277
6	1251
10	1012
233	886
0	0
34	734
63	67
3	631
18	250
68	94
0	0
2	0
0	0
0	1
0	0
217	305
0	69
0	34
2	236
0	9
0	9
0	11
0	193
0	0
42	193
0	13
0	0
1940	284
0	178
0	106
0	106
2	1138
0	433
0	1050
74	49
102	161
0	1093
24	58
1	163
1	985
0	72
15	82
0	120
1	858
756	370
0	366
10	97
3	34
3	22
0	8
12	3365
19	3365
13	2957
0	0
62	0
11	0
0	0
81	2795
7	2264
0	3055
9	1251
1	905
4	523
0	260
9	174
392	1271
1	1210
3	523
0	0
7	45
2	0
521	0
1	0
11	0
3	0
2	0
20	0
6	0
3	0
0	264
4	1755
0	110
5	1695
12	17
2	42
2	13
0	88
2	93
0	6
6	13
1	0
0	0
995	0
0	0
0	0
2	0
0	0
7	4752
11	4746
3	5533
1	97
27	6
48	852
8	145
1	652
185	183
0	132
2	413
1	301
8	408
4	300
0	306
272	0
0	1
1	11
0	11
0	0
0	0
0	0
0	0
3	917
0	949
0	816
0	156
0	156
0	164
0	156
22	154
15	116
298	9836
0	9888
0	9890
26	9836
6	9284
0	0
7	298
18	3957
0	870
2	830
2	599
2	332
0	4
5	4
0	4
0	0
0	0
0	0
0	0
0	0
0	0
53	314
2	0
614	307
3	314
25	94
0	0
0	0
0	1
0	1
0	0
0	0
5	0
0	0
0	0
0	0
0	0
36	0
149	1011
485	1002
1	540
0	583
1	175
0	0
0	0
0	2999
8	3012
0	155
0	29
0	1
7	64
1	1279
0	2530
0	2296
2	2335
0	237
0	304
0	122
0	0
14	61
13	780
1	0
2	2
0	0
0	233
1	0
24	260
2	149
0	233
1	99
0	101
16	30
0	0
0	0
1	0
15	0
1	0
0	0
0	0
0	0
0	0
0	0
0	0
0	0
0	0
0	0
0	0
8	0
0	0
0	0
0	0
0	0
0	0
0	0
1670	0
33	914
0	925
0	925
3	141
10	53
21	134
1007	136
3	25
17	30
2	30
4	28
1	0
79	2297
6	889
0	0
0	0
10	1565
6	0
24	42
0	1
0	1
0	0
0	1
0	1
0	0
0	0
1345	283
11	269
65	34
0	34
0	34
0	34
0	9
530	685
2	450
9	165
15	117
7	154
0	374
1	115
0	374
27	346
0	45
0	50
0	0
0	124
4	284
0	0
0	12
0	12
3	0
0	0
0	0
0	0
119	2084
31	187
0	269
1	2080
34	549
50	546
105	306
3862	748
4	734
27	404
4	0
0	0
0	0
0	0
0	0
0	0
0	0
55	210
290	481
4	113
218	431
0	304
38	321
0	60
3	96
1	0
3	0
17	6
4	4
6	3726
171	3825
4	469
0	0
0	0
3000	565
6	0
0	565
0	0
0	0
1	1
0	0
0	69
3	1
0	207
2	2440
0	2419
2	239
289	1287
6	372
69	1267
2	176
0	0
0	0
0	0
0	0
0	0
26	12
0	12
0	67
0	178
2	19277
4	0
0	7418
0	106
0	0
0	0
0	0
8	28
0	14975
0	14974
0	14975
0	18433
0	18433
0	18683
13	4117
1	14972
0	80
22	53
0	125
31	21291
0	4462
272	20025
7	16990
0	20386
252	19770
0	1386
25	0
6	2865
0	14009
0	14009
37	3230
109	1125
1	1125
1	177
0	59
21	30
10	254
4688	0
0	0
1	0
1484	1961
61	1870
1	127
1573	1282
1	1112
1	907
10	170
3	6
0	0
2	0
124	0
80	83
0	14
0	78
9	59
0	0
0	0
0	0
0	0
0	0
0	0
0	0
0	0
0	0
0	8
0	1
0	7
31	161
0	1
12	173
20	262
162	569
11	29
0	19
0	0
3	14
45	57
0	50
0	594
1	624
0	640
0	171
559	40
0	1
1	139
1	1254
0	23
1	1
1487	907
0	811
34	442
0	163
0	502
0	1
0	814
1	909
0	538
24	216
0	485
0	276
0	62
0	40
0	66
0	818
0	817
0	1
0	43
0	487
0	45
0	66
0	818
0	817
0	1
6	1267
1	26
0	142
0	0
29	230
0	57
0	39
0	596
0	1
268	836
0	163
39	684
0	142
0	818
1	25
0	61
0	0
1	393
0	7
0	7
0	1
0	783
0	447
0	7
0	153
0	17
0	143
0	1
29	78
0	376
0	23
0	1
0	814
0	627
0	194
1	95
16	254
0	75
0	163
0	254
6	229
0	480
0	1
9	43
0	891
0	596
0	277
0	485
78	302
6	62
6	789
43	423
0	728
1	0
0	1
49	141
259	521
0	22
0	0
0	1
0	147
86	58
0	783
0	446
0	153
98	11
0	1
4	32
6	59
0	388
0	7
2	0
93	221
0	4
0	4
0	4
0	0
0	1
0	0
3	0
3	223
0	1
0	52
127	352
19	317
1	57
1	10
23	1
9	63
1	31
17	18
0	0
0	138
64	52
199	94
7	21
39	44
18	28
0	27
0	0
0	0
3	1
7	43
0	76
0	76
0	636
1	678
9	64
8	0
0	122
47	330
10	0
0	25
0	1
0	0
0	86
0	764
5	790
36	36
0	0
84	113
328	104
37	87
4	76
8	137
11	148
2	16
0	17
0	17
0	17
0	17
1	1
0	4
2	2
0	2
0	0
0	0
98	0
143	0
0	0
0	16
1	16
0	0
0	0
8	3
0	0
0	0
0	0
55	5
0	4
0	0
1	0
0	2
0	1
0	0
24	1215
32	1215
0	1
0	225
0	48
130	48
0	0
115	1232
33	1194
84	291
25	3117
19	3096
76	3752
3	79
12	319
27	1066
6	365
468	0
0	358
18	69
8	352
15	307
11	65
0	307
46	139
5	5
0	3
0	5
0	4
0	0
0	5
0	3
0	4
2	3
1543	2162
0	8
23	2162
73	60
57	1649
6	204
0	375
2	1092
1	969
3	947
60	520
1	463
0	538
10374	895
2	191
0	288
0	0
3500	3489
22	3489
6	18
8	203
0	0
127	976
122	1016
0	117
0	42
0	95
144	0
562	0
15	0
12	0
0	0
0	0
1	111
0	103
1	109
4	3
1	37
5	8
0	8
15	233
0	565
13	686
7	691
4	528
3	724
1374	467
2	463
0	1176
0	1176
1	176
12	403
2	198
2	198
1	0
0	0
0	0
2005	2879
0	2921
37	1107
0	2904
3	2480
0	2582
12	1378
0	0
86	1571
1	60
11	1571
581	257
52	89
17	151
0	38
1	78
0	0
0	0
0	0
0	0
1	0
0	0
2	0
0	0
0	0
767	1188
0	1174
4	190
0	0
0	0
0	2
7	11
0	10
0	5
0	2
0	3
0	0
2	0
7	1327
31	1673
21	976
203	1486
9	1414
0	1315
0	220
33	1355
1	826
1	579
27	70
50	81
0	75
6	136
234	220
0	218
0	93
6	104
2	104
0	3
1	16
0	1
0	0
3	1
0	0
0	0
0	50
0	19
0	49
0	12
0	17
0	17
0	17
0	28
0	19
0	21
0	16
0	5
0	4
0	8
0	12
0	4
0	5
0	3
0	3
0	3
2	0
198	0
0	0
28	1153
0	1136
37	1050
21	1022
0	996
6	742
634	0
27	0
0	43
1	0
0	0
0	4396
0	3816
1	4212
65	2486
2	1221
594	502
2	379
14	32
3	167
0	145
9	76
3	17
108	0
11	819
3	326
10	775
0	840
0	788
0	763
2	799
0	107
0	598
4	48
1	27
6	7
3	87
12	12
40	83
1	28
0	78
0	96
0	42
0	41
1	47
0	0
6	655
0	614
0	726
23	474
0	437
59	318
38	225
0	110
0	109
8	78
0	72
0	41
5	1086
1	1172
9	1826
80	1991
14	110
7	323
0	102
1	782
15	34
0	75
0	335
0	288
1	133
343	30
4	30
68	70
0	65
12	52
11	30
0	1
0	0
0	0
0	409
0	574
10	2116
0	2207
9	694
9	1937
1	1421
21	341
4	1066
0	245
5	299
3	1
20	229
1665	5369
183	5191
38	5157
2	518
0	1102
5	734
1	391
14	1289
28	250
8	1207
3	305
4	382
1	142
17	202
61	197
0	234
0	301
78	12
11	274
0	436
11	168
23	378
2	359
7	99
0	0
0	3
0	3
0	3
3	5
0	4
19	1100
28	1094
0	0
2	129
0	3
4	3
27	49
1	65
0	0
5	77
1	13
5	16
0	99
10	386
17	385
12	56
0	2874
213	2874
28	1627
33	0
0	0
443	0
51	88
8	103
0	96
0	94
4	41
0	97
0	71
1	18
3	65
0	92
1	268
0	213
0	213
12	207
1	102
1	117
0	104
7	36
0	31
0	4
0	0
0	0
0	17
0	17
1	17
2	2
0	17
0	17
0	14
1	2
0	16
0	7
0	7
0	8
0	0
0	92
0	1
0	93
0	6
0	86
0	0
1	23
0	79
1	72
0	9
0	1
0	4
43	2358
5	2270
6	490
2	267
3	345
0	457
0	410
8	217
1	427
1515	153
4	153
23	0
0	0
0	0
0	0
0	0
0	0
0	0
0	0
0	0
109	447
8	0
0	0
81	447
1	23
0	0
0	0
0	257
0	0
0	0
0	0
0	0
0	0
0	0
0	0
0	0
0	0
0	0
0	0
0	0
0	0
3	0
0	0
0	0
0	0
2	291
5	11
0	366
2	9
0	354
0	0
13	1249
98	1203
0	1106
35	1281
11	1351
0	1226
0	1571
0	0
0	0
0	0
0	7
0	8
0	0
0	0
0	0
0	0
0	0
0	0
0	0
0	0
0	0
0	4
286	48
0	0
0	47
0	0
0	0
328	255
0	229
2	23
33	290
0	259
0	153
3	185
5	46
23	0
0	0
0	0
0	0
0	0
1	100
0	0
1	9
179	54
9	39
1	1
0	15
0	0
0	0
94	37
0	31
0	17
0	8
0	0
0	0
0	0
0	0
0	0
533	0
0	3
4	1
294	14065
17	13212
0	13230
17	4263
2	3896
10	2961
2	2548
2	2196
7	1082
0	533
0	259
0	0
0	0
0	0
1273	0
0	0
2	40
12	39
63	2
6374	580
1	574
30	46
0	0
0	0
737	765
9	753
1	466
17	16
0	0
19	43
0	0
0	0
0	0
164	149
19	147
2	0
80	179
0	0
0	0
0	0
0	0
0	0
0	0
316	120
48	120
1	24
0	0
0	0
0	0
0	0
0	0
0	0
0	0
0	0
178	2801
30	2606
9	1144
26	282
31	179
0	95
1507	28
0	743
96	489
3	318
3	321
1	235
7	27
28	54
27	2
5722	119
15	119
27	499
49	485
0	221
0	0
0	0
0	0
0	0
0	0
0	0
0	0
0	0
0	0
0	0
0	0
0	1
0	1
0	0
1	101
0	0
0	0
0	0
1	1
2	11
1	3
1	374
0	0
0	1
0	0
0	0
0	1
0	9
0	10
0	0
0	0
0	0
0	0
0	0
0	0
0	0
0	0
0	0
0	0
7	864
191	990
4	892
1	622
0	346
84	538
4	71
1	113
0	16
74	613
1	613
19	729
16	519
289	413
0	122
12	62
0	0
1079	2
7	130
102	30709
2434	30709
6	1788
0	0
1	0
16	13
0	13
20	2764
9363	2777
70	1759
0	0
0	0
0	0
2	0
0	15
3	17
8	20
0	4
0	41
0	46
6	48
0	4
0	0
0	31
2	47
0	53
0	60
1	71
0	64
0	10
4	0
0	0
1	0
2	16
0	16
0	0
0	0
0	0
180	6037
0	210
4	4404
47	5972
0	0
0	0
0	0
0	0
0	0
0	0
0	0
0	0
0	0
0	0
0	0
0	0
0	0
0	0
0	0
0	0
0	0
0	0
13	1162
37	0
0	0
120	0
1	0
14	0
0	0
0	0
0	0
0	0
0	0
0	0
0	0
1626	6
11	0
0	412
0	1630
0	1261
750	1661
1	1382
0	245
28	123
32	114
504	3917
14	3801
58	446
0	415
0	0
6	630
213	513
14	376
3	44
1	127
0	8
0	0
0	0
1	0
0	0
0	0
0	8
0	0
0	0
0	0
0	0
0	0
0	0
0	0
0	0
485	160
0	160
0	0
1	0
68	705
0	720
1	96
36	728
0	744
0	221
0	711
19	395
5	89
2	106
0	73
3	22
0	49
0	90
8	33
1	1
5	717
1	682
0	332
3	589
0	135
4	352
8	400
27	332
1	265
66	233
0	14
0	1576
0	2341
7	1312
7	205
17	1519
12	949
3	1091
0	1091
0	876
3	94
162	14
0	0
0	14
17	1
0	0
0	1
31	2
5	8
0	8
0	0
0	0
0	0
0	0
0	0
0	0
0	0
8	293
0	0
0	0
0	0
0	0
2	0
0	3
0	3
0	0
0	0
0	0
106	0
267	6306
6	3838
2	33
3	417
0	78
7	130
4	6294
3	33
0	3083
2	211
0	3894
6	203
0	0
0	0
0	0
0	0
0	0
0	0
0	0
0	0
0	0
0	0
554	170
2	70
0	26
56	4476
6	100
0	0
0	0
0	0
0	0
0	0
0	1418
3	26
0	15
0	16
0	11
0	0
0	0
0	0
3	11
0	0
0	0
0	0
0	0
0	0
0	0
0	0
0	0
0	3
1	2326
5	2470
0	2409
2	2170
0	252
0	0
17	18
1	1453
3	44
4	174
0	327
0	261
1	157
0	76
0	0
984	103
0	17
1	86
0	86
0	48
0	0
0	0
519	75
0	73
0	0
1	4572
14	4572
149	546
0	98
0	0
0	0
4	0
0	0
18	3454
1	8
0	211
3	3456
9	2415
7	2837
30	27
101	124
231	0
1	274
0	0
0	0
1	2591
44	2642
131	98
1	118
4	1535
0	1577
0	1643
25	0
0	1511
0	1330
0	1378
0	1396
0	1444
27	0
1	521
0	0
22	0
3	47
5	234
48	240
2	4
0	3
0	0
0	1
0	0
1	109
231	0
1	0
144	2073
380	2044
140	634
6	1515
0	12
22	1129
0	2020
1	1491
0	1467
0	0
1	0
0	0
3	1
0	0
0	0
0	8
2	9
0	8
3	0
1	0
0	0
0	0
0	3
0	0
0	0
1	0
0	0
0	0
1	3984
0	4828
19	4980
20	3877
0	2446
25	1768
0	2737
0	2541
8	2359
14	1608
0	673
104	697
21	34
4	0
25	116
3	0
298	0
126	2
147	52
0	129
0	60
34	0
31	0
0	0
160	0
0	0
0	0
0	0
0	0
1	0
21	893
0	825
0	798
28	30
0	804
0	53
1	0
0	0
0	0
0	0
248	455
129	455
0	0
99	52
8	56
0	0
0	0
0	0
0	0
2	1
3143	609
0	1
21	280
11	327
0	0
44	53
0	367
2	324
1	287
0	363
7	7
1	373
5	55
3147	713
3	677
0	661
7	615
0	568
0	557
0	598
123	100
18	329
1	0
164	42
0	0
3905	1437
1	581
2	643
0	308
46	197
0	0
0	8309
454	2240
1	8271
3	696
6	3621
0	3850
5	0
139	41
0	41
3	0
0	0
2	70
0	1
0	0
0	0
0	8
0	7
0	4
0	9
0	9
0	0
0	2
0	0
7	1191
0	1184
3	17
61	13
0	0
25	4948
103	4948
0	4547
95	2
0	257
0	0
10	509
13	509
2	133
15	6
0	0
119	113
3	76
0	437
0	134
10	13
567	2153
11	583
0	505
0	383
7	2096
0	372
4	352
19	727
2	68
0	78
204	452
0	439
4	418
0	240
0	128
1	39
62	38
28	7
0	0
0	480
351	1138
67	28
0	260
1	522
28	18
0	239
14	554
0	0
401	132
0	131
7	1
227	2769
1	1451
159	35
2	1441
0	248
16	986
0	1222
0	1952
52	53
0	49
0	37
0	0
0	4
1	0
0	255
12	257
0	257
0	258
0	256
0	254
0	223
3	230
0	89
45	79
0	0
0	0
0	0
26	0
35	0
2	6
48	8
0	0
0	0
0	0
0	0
0	0
0	179
0	0
0	0
0	0
841	2521
33	32
12	201
12	180
4	1046
0	566
3	1283
0	1968
0	1421
0	661
4	700
12	2
9	26
0	4
1	0
0	22
3	15
1	1
5	3
0	0
0	0
0	0
0	0
4	6
0	0
2	2242
0	2226
0	2048
0	2323
0	2383
260	2417
26	34
40	93
96	7
106	0
210	287
250	0
11	506
3	342
1	311
81	208
0	0
0	0
0	0
0	0
1	0
0	0
0	0
0	0
3	0
0	0
0	0
0	0
0	9
0	0
0	0
0	0
0	0
0	1
0	0
0	10
0	0
0	1
0	0
0	0
0	0
0	1
2	0
17	0
0	0
0	0
0	0
0	9
0	0
0	0
0	0
0	0
1	0
0	1
0	1
0	1
0	0
0	0
0	0
0	0
0	0
1	0
0	0
0	0
0	0
0	0
0	0
0	0
70	85
10	3099
245	5259
10	5292
1	594
0	4309
26	330
7	26
0	1196
0	43
0	283
42	0
15	0
0	2412
6	2461
0	2111
0	793
5	318
0	579
0	567
29	12
1	437
1	445
0	57
2	253
0	248
232	6
4	2
0	2
3	2
21	0
20	526
49	564
1	85
126	27
53	0
20	336
1	0
7	1
0	126
0	93
0	9
6	9
1	2
0	0
0	0
0	0
306	1485
0	194
41	1190
18	1
20	91
2	259
6	117
12	514
0	314
2	312
3	341
18	0
22	894
0	5
0	894
0	0
0	0
0	0
0	0
0	0
0	0
0	0
0	0
2463	2056
1	1342
0	714
0	0
22	0
0	0
0	4
0	4
12	0
0	0
4	701
247	935
8	229
9	387
0	230
28	331
1	174
4	224
1428	2873
4	1016
4	2172
0	2422
12	459
0	225
0	234
0	185
4	0
4	18
0	6
45	16
0	0
0	1
1	0
4	15
0	0
0	0
59	598
0	7490
0	499
1	2159
0	2356
18	1501
0	7295
0	511
61	4582
1	96
3	1363
0	195
0	237
151	1843
0	1724
0	1704
0	149
63	156
39	135
130	586
59	210
15	154
68	27
0	0
0	0
0	1
0	1
0	1
0	0
0	0
0	0
0	3
0	0
0	24
0	0
0	0
0	0
0	0
0	0
0	0
0	0
3	15
0	22
4	22
1	13
0	9
0	7
4	108
0	108
0	0
0	0
5	0
4	43
361	43
0	16
0	6
0	6
0	6
1	6
1	0
0	1
0	50
0	46
1	80
0	65
0	37
0	70
0	27
0	27
1	23
0	13
7	839
16	809
3	799
1	14
0	13
3	84
0	35
4	114
203	0
0	61
0	0
0	44
2	1
0	0
0	0
7	0
2	644
11	644
5	644
51	0
0	0
0	20
0	19
1	16
41	1512
24	0
0	10
0	0
0	0
0	0
0	0
0	0
0	0
0	0
0	0
0	0
1	113
0	0
1	0
0	0
0	0
0	0
0	0
0	0
0	0
0	0
430	1320
1187	2078
0	1007
13	82
0	0
0	0
0	0
2	0
3337	511
16	509
0	0
0	0
0	5
2	249
0	0
6	0
0	0
0	0
0	0
1	0
0	0
0	0
0	0
15	49
387	95
0	0
0	46
4	0
0	1571
2229	2662
0	270
25	286
0	2496
4	184
18	332
1	834
45	364
14	15
3	772
7	340
0	761
0	715
1	49
1	18
0	115
224	146
0	76
5	61
53	0
0	65
0	0
26	10
31	9
0	230
0	31
0	0
1	17
17	19
4	0
2	7
65	1
40	5
1	332
0	34
0	299
1	40
1	30
0	263
1	265
0	66
0	0
70	19
0	163
59	1382
16	1382
14	939
8	8
0	0
0	303
3	0
101	0
0	0
0	37
111	30
0	29
0	17
4	4
0	30
0	30
0	0
1291	162
12	162
0	0
0	0
0	0
0	0
0	0
2	0
4	0
0	0
0	0
9	12
0	12
0	0
2	0
0	0
2	1545
0	54
0	58
0	0
0	1550
0	9
11	771
0	1345
0	6
89	427
6	2
0	190
0	201
0	47
0	45
20	415
1	351
0	399
3	7
58	126
6	0
0	31
38	113
9	16
0	34
1	355
8	356
0	364
0	323
0	48
18	7
0	178
0	22
0	53
2	49
0	30
1	56
0	70
0	35
6	0
0	176
4	0
0	0
0	0
0	0
0	0
0	0
0	0
8	0
0	0
0	0
0	0
0	0
0	0
0	0
0	0
0	0
0	0
0	0
0	0
0	0
0	0
0	0
0	0
3	14
3	16
3	16
4	16
0	1
0	0
0	0
0	0
0	0
0	75
0	0
0	0
0	0
0	0
0	0
0	23
0	22
0	2
0	0
0	0
0	0
0	120
0	0
0	0
0	1
0	0
0	0
0	5
0	0
0	0
0	0
0	0
0	0
0	0
0	0
0	0
2	85
0	0
0	0
0	0
0	0
0	0
0	0
0	0
26	511
2	502
0	20
1	114
0	58
0	0
0	126
0	0
0	0
0	0
0	0
504	139
1	13
14	0
3	82
21	41
1	0
6	0
5	0
0	0
25	0
0	0
0	0
8	0
0	0
0	0
0	0
0	0
3	855
0	824
189	0
489	831
8	55
186	2874
5	2727
0	2888
0	1856
7	2174
4	2162
0	2420
72	77
137	90
15	525
10	110
1	170
0	89
18	0
0	0
11	0
0	0
0	1
0	1
0	24
1	24
0	24
0	4
0	2
1	0
105	1179
1	463
1	796
0	458
30	3303
0	3303
0	226
2	117
0	0
120	28
1	247
7	324
176	98
138	8
11	0
4	211
1	22
634	233
25	2
3191	160
1	132
30	47
59	11
23	0
27	26
4	26
0	16
0	0
0	0
0	1
0	46
3	217
204	1045
18	535
12	702
16	731
4	138
149	0
433	732
3	544
0	693
654	693
0	4
0	4
86	0
76	0
0	0
0	0
55	2
14	0
33	0
49	2
0	33
1	33
0	0
109	0
12	0
170	0
499	2
123	0
0	0
2	0
0	0
0	0
10	0
0	0
806	0
0	0
134	0
0	0
3	0
1	69
0	0
1	0
0	0
1	0
0	0
0	0
5	2170
49	1187
3	1321
0	212
12	949
10	371
0	0
66	999
0	608
0	942
0	0
67	0
103	0
6	0
0	0
1	0
24	0
20	0
0	0
0	27
95	2119
6	2049
41	0
4	93
113	67
0	134
184	149
20	71
24	102
10	30
0	0
0	0
0	0
0	0
1819	679
0	639
1	339
4	40
0	0
26	421
0	0
0	0
0	0
0	0
0	0
1890	430
0	313
1	56
26	93
42	56
0	0
0	0
0	0
0	1
0	44
2	20
1	41
2	11
0	39
19	11841
0	11112
0	11302
0	8180
50	1608
237	229
0	1033
0	1936
28	142
11	1532
0	619
0	0
16	1237
0	540
13	514
6	1429
18	198
0	47
68	50
85	791
0	240
42	957
0	1518
30	0
0	0
20	399
7	114
16	343
7	182
0	55
0	142
1	84
1	38
10	1
0	12
15	23
95	876
15	822
3	342
5	129
264	0
242	173
0	151
1	22
10	431
0	4
1	4
0	6
0	7
0	7
0	7
0	0
0	0
0	0
0	5
4	638
10	305
14	572
17	1
0	606
5	311
0	38
0	40
2	0
0	0
0	0
0	0
0	0
0	0
0	0
0	0
3	458
6	388
0	464
0	26
1	55
0	0
13	0
0	23
0	0
0	0
1	10
2	265
0	339
0	269
1	79
0	158
0	272
0	78
0	0
5	0
7	0
0	35
0	0
0	0
1	263
1504	870
4	552
0	498
2	44
18	33
32	28
33	0
0	0
0	0
1	0
0	0
0	0
124	36
7	43
18	0
48	1
39	96
57	0
33	0
85	0
0	0
0	0
0	0
0	16
0	0
0	0
0	818
0	829
0	645
1	376
2	310
15	48
0	8
164	0
192	1992
2	1992
0	0
1	0
0	0
2	4
0	4
0	0
18	0
198	444
1	444
15	22
0	0
0	0
0	0
0	0
0	0
0	0
2	2
1	2107
0	121
24	434
0	161
6	1861
21	675
3	1930
4	33
1	188
13	670
2	1
74	20
0	0
3	307
0	283
0	35
6	29
0	0
0	0
0	0
1	0
0	0
0	3262
0	0
0	0
0	0
0	0
0	0
0	0
639	1209
41	1204
141	458
4	81
8746	0
16	2312
0	810
0	1492
5	1938
0	717
13	0
31	229
44	924
5068	652
10	652
2	0
0	4
3	0
423	45
8	45
0	0
3	0
0	0
0	0
0	0
0	0
0	0
0	0
0	0
0	0
0	0
0	0
0	1158
0	0
0	0
8	9
1	144
0	8
0	140
0	141
177	0
2	214
0	225
3	220
3	234
3	196
1	34
1	12
0	12
55	0
0	0
0	0
0	0
103	0
1	68
1	68
0	67
2	67
0	15
2	57
4	0
45	1745
2	1671
2	1670
0	93
0	0
0	0
6	5
0	0
0	0
0	0
0	0
0	0
0	0
0	0
0	0
0	13
0	0
0	0
0	0
0	0
0	0
0	0
0	0
0	0
0	0
1	0
0	136
439	171
2	83
4	0
0	0
0	0
0	0
3	63
14	1620
80	1
0	1157
7	29
0	4937
8	13
2	9204
198	320
0	2344
309	1144
4	52
105	6788
97	8925
53	251
8	6494
0	8553
5	7450
348	1483
0	1167
586	0
12	440
4	1814
0	2107
15	783
242	0
219	140
0	0
1	0
0	0
0	0
0	160
2	179
12	0
80	1213
16	1213
128	740
0	0
0	0
10	0
551	0
5	0
0	4
0	0
1	0
17	0
891	1002
48	830
20	138
19	93
0	111
177	0
2405	296
17	150
14	79
151	67
9	3
0	3
0	0
0	2
0	0
1	4
0	4
0	6
0	3
0	36
23	40
0	40
0	6
0	12
0	0
0	0
0	0
0	0
0	2168
0	2258
3	1172
0	1750
0	2220
0	2170
0	2170
0	2201
9	2114
0	196
3	1089
0	0
54	142
0	0
0	0
75	6
0	0
142	12
0	12
0	3
0	1479
517	1479
1	1292
3	4
0	4
2821	46
0	0
4	0
0	0
0	0
0	0
0	0
0	0
0	0
0	0
0	0
0	0
0	0
0	0
0	0
0	0
0	0
0	0
0	0
0	0
0	0
0	0
0	0
0	0
0	0
0	0
0	0
0	26
0	0
0	0
0	0
0	0
0	0
0	0
0	18
0	0
0	0
0	0
0	0
0	0
0	0
0	0
0	0
0	0
0	0
0	21
1	0
3	21
0	25
0	56
0	0
0	45
0	23
4	0
0	7
3	0
2	0
6647	2572
31	1281
156	1321
9	26
0	0
1	77
9	13
0	10
0	2
0	0
1	11
0	11
873	211
0	161
6	81
0	0
0	0
0	0
92	21
1	15
0	1
11	0
7	13
0	10
1	9
37	0
0	0
0	0
0	0
1	0
60	2031
0	2051
85	2969
5	2024
0	1964
5	2683
12	183
9	345
2	219
176	1400
1	161
138	50
25	64
7	123
392	0
1	1
13	0
0	0
0	0
0	0
0	0
0	0
0	0
0	0
0	0
0	0
3	0
0	0
0	0
0	0
0	0
0	0
0	0
0	0
0	1
0	1
0	1
0	1
0	0
0	482
2	14
0	1056
120	251
16	175
1	907
11	304
0	984
2	10
19	10
0	0
0	0
0	10
0	1
0	5
0	9
273	1406
5	1075
1	403
56	340
1	257
0	98
38	0
30	0
0	0
0	0
0	0
2447	733
0	733
1	16
0	0
0	0
0	0
0	0
1	352
0	352
0	255
0	0
3	0
4	352
1	171
15	352
0	0
7	255
2	255
18	0
0	10
0	10
0	6
1	3
0	11
0	11
0	1
0	0
0	0
0	2
0	2
0	4
0	4
17	0
1	674
148	644
0	636
1	644
7	183
1	0
0	0
0	0
29	24
1	6
1	0
4	0
14	302
1	45
0	129
1	85
1	58
19	2
30	4763
1	921
0	4570
8	4637
2	447
0	0
0	0
3	99
8	122
7	250
8	286
3	302
7	491
611	313
5	316
4	0
1	3
960	2739
0	2739
4146	22
1	188
353	0
0	0
572	0
1738	60
0	3
0	0
0	0
0	8
0	28
1	52
0	3
207	0
0	0
0	0
1	7
2	41
343	520
0	96
1	112
2	206
1	45
4	292
24	172
746	697
29	697
0	0
0	0
1	0
0	0
0	0
0	0
0	0
0	0
0	0
0	0
0	0
0	0
0	0
0	0
0	0
0	0
0	0
0	0
0	0
0	0
0	0
0	0
0	0
1	0
0	0
1	4
0	4
0	0
1	0
0	0
0	0
0	0
0	0
0	0
367	173
0	173
1	38
0	0
0	0
0	0
0	0
0	0
0	1
3	0
0	0
0	0
0	0
0	0
0	0
0	0
27	18
0	0
0	56
7	61
33	5
453	1636
13	366
10	1168
38	190
2	298
1	360
0	53
176	56
1	0
5	23
12	0
0	0
0	0
0	0
0	0
0	0
21	2651
55	2603
2	1059
0	1783
0	269
2	68
157	608
9	261
0	0
34	311
0	0
0	0
17	40
0	10
0	36
0	0
2	0
0	5
0	0
0	0
0	0
0	0
0	0
0	0
0	0
0	0
0	0
0	0
0	0
0	0
0	14
0	0
0	0
0	0
0	0
3	176
20	17
0	0
8	1620
0	1620
86	1663
66	18
0	22
195	36
0	0
0	0
0	3
6	3
0	0
0	0
0	0
0	0
162	1704
16	802
0	1009
2	817
8	486
3	75
2	3
16	0
0	0
0	0
431	1185
305	1186
0	65
2	24
22	78
5	280
2	2935
0	2670
16	0
0	820
20	847
64	567
8	100
0	90
149	0
0	0
0	0
0	0
0	0
0	0
48	175
0	175
0	31
0	0
0	6
4	0
0	0
0	732
0	28
3	9
1	732
10	165
0	0
0	0
0	0
0	0
0	0
0	0
0	0
8	24
0	25
1	22
0	19
0	0
4	11
0	12
0	9
0	3
0	35
0	37
0	18
0	9
0	0
0	1
0	0
0	11
0	0
14	231
0	235
0	0
5	84
0	0
0	0
0	0
0	0
0	0
1	0
0	0
646	170
6	7
21	88
2	82
1	2
0	1
0	2
0	0
0	0
0	4
0	4
13	663
0	639
1	26
6	65
3	1208
0	1261
0	60
0	0
17	400
3	0
0	67
0	49
0	278
0	65
0	277
0	1
0	2
0	31
0	31
0	14
0	19
0	0
0	0
0	0
0	0
0	0
0	0
0	0
0	5
0	6
0	6
0	0
0	0
0	0
65	2
0	0
0	0
0	0
0	0
0	0
0	0
0	0
0	0
12	1414
0	1258
0	1072
24	45
7	50
2	0
105	0
0	0
0	0
0	0
0	0
0	0
147	63
0	58
0	28
11	0
0	0
1514	0
54	1694
13	1547
6	1564
0	85
38	46
12	106
15	1092
2	79
76	39
10	32
11	41
0	0
72	2
8	10346
131	10347
1	10358
0	8144
8	6285
94	5652
97	5814
15	0
11	172
104	2103
0	729
0	672
11	653
0	422
72	436
80	203
0	94
61	0
31	0
7	7
0	0
147	958
1	958
0	266
2	37
0	14
477	2991
10	2859
18	1810
260	1223
17	0
17	0
19	0
111	17
11	17
0	11
3	0
47	1392
54	854
0	0
1	1300
131	0
8	1035
19	515
0	0
1	0
0	0
0	0
0	0
0	0
0	0
5	0
0	0
2	301
62	421
9	327
0	42
0	333
7	773
0	1256
0	897
2	1256
10	58
0	75
337	56
9	0
0	0
0	0
5	57
0	0
0	0
0	0
87	6633
0	0
2	6633
24	6637
30	6584
6	6612
0	6068
1	2987
0	0
60	2604
22834	5451
0	0
1	0
2	0
0	0
0	0
47	11201
27	11978
0	13075
3	8926
0	0
0	0
49	54
0	0
0	0
42	94
7	331
47	331
159	363
1	3332
0	12
3	0
118	213
48	208
15	223
0	221
2	138
0	7
0	0
1	0
0	134
0	94
0	0
0	0
0	31
0	27
0	30
8	229
0	250
49	330
0	70
6	64
0	0
0	0
0	0
0	0
5	1038
0	1047
1	306
0	0
4	437
155	48
0	48
0	0
0	39
1	43
0	39
0	20
0	18
1	24
0	4
0	2
0	2
0	4
0	4
24	3349
11	3373
166	3333
2	402
55	279
0	51
0	51
0	0
0	0
9	1751
35	4573
144	3772
33	2106
0	3989
1	339
0	6
1	6
0	1
0	0
2	5
16	730
0	765
0	760
0	760
6	697
0	785
0	692
1	370
0	717
2	89
0	65
6	171
0	121
0	35
0	37
11	81
1	53
0	0
2	20
0	8
0	20
0	0
1	20
16	20
7	3
1401	6
4096	1631
6	1593
14	949
0	516
0	553
9	906
194	2171
95	2142
45	318
176	8
48	2044
62	2041
0	341
0	352
0	270
60	313
0	204
6	100
14	289
37	245
5	122
0	75
2	32
0	72
1907	0
162	52
1	52
0	0
1	56
29	593
10	582
3	3
0	5
0	6
0	1
0	0
0	0
0	0
0	0
0	0
0	0
8	0
0	308
1	297
0	75
0	115
11	295
1395	0
0	0
0	0
0	0
0	0
73	1848
3	83
27	940
0	37
0	932
24	84
707	1035
57	1036
5	423
0	493
7	79
1	47
0	20
1	19
6	23
1	8
0	0
2	2
0	2
0	0
0	0
0	0
0	0
0	0
0	0
0	0
0	0
0	0
0	0
0	1
0	0
0	0
0	1
14	35
0	35
0	22
3	13
0	13
0	0
1	19
15	5888
25	32
141	3836
24	2400
0	4318
0	4969
0	4643
0	1907
1	1057
0	613
362	2302
32	1507
0	746
0	793
2	190
0	292
0	1170
0	1233
0	1100
0	420
104	1120
7	1121
4	1115
6	285
1089	1925
153	1409
11	119
2	342
10	468
47	121
27	112
0	411
9	10
2	17
0	36
0	6
5	3
0	27
1	329
1	149
1	304
11	425
16	329
0	0
4	32
0	2
18	32
9	1
3	223
12	402
4	185
11	27
0	64
47	4
2	87
3	1040
9	1041
9	1064
4	1130
0	2
70	2949
4	1629
8	1735
2	1893
0	2314
0	2832
0	2830
0	2831
0	0
10	174
15	210
5	607
0	733
2	476
0	625
6	326
3	249
12	210
8	35
1	35
0	0
264	6204
20	19626
4	3632
0	558
0	14116
0	9395
20	3278
29	0
1154	0
0	0
1143	2240
16	1561
0	334
44	1146
10	249
38	874
7	630
4	256
48	307
1484	660
30	623
0	211
0	58
38	35
0	695
0	1
1	0
9	53
48	3692
13	940
18	1035
20	3509
100	2607
0	16
1	60
8	26
0	447
10	618
0	3203
1	3878
2	0
2	2656
2	3834
0	2466
1	1467
0	3767
0	3690
6	424
17	117
0	2459
0	103
4	1438
0	373
2	156
0	84
0	112
0	100
3	365
1	232
9	236
170	789
2	135
19	207
1	396
1	0
1	0
26	2927
142	108
0	2422
274	2784
102	1251
6	1696
4	443
0	9
0	9
3	84
36	198
1	0
0	181
8	879
6	160
10	88
0	1055
8	1046
12	617
1	564
7	87
1	0
1	0
0	698
2	952
0	950
2	246
0	1
736	3455
0	22
0	17
0	0
22	32
1	32
78	23
0	5
0	13
21	15
0	436
172	3586
2	3586
61	81
4	267
0	0
0	179
0	0
5	224
101	1339
4	455
0	0
18	249
21	532
33	170
0	185
147	1760
11	391
10	1427
6	512
8	647
6	1351
10	592
6	552
2	387
0	157
5	35
9	0
58	7295
5	0
0	7295
0	0
123	4
0	0
50	68
0	3301
1	629
16	670
0	670
27	120
38	158
3	48
3	57
13	4854
197	4766
7	1836
19	444
9	1646
2	1005
0	0
245	228
0	0
0	1796
3	53
27	1816
35	146
2	70
16	5
0	3
0	1
0	2
0	839
2	21
12	772
0	250
109	852
19	845
2	764
5	207
102	201
19	101
0	51
8	426
0	428
0	110
0	335
13	57
0	83
11	119
0	95
0	0
5	16
0	182
0	173
6	121
0	116
0	106
0	13
2	9
0	5
0	22
0	0
124	1701
7	1447
1	1717
16	283
67	145
0	936
0	936
0	318
0	335
0	335
0	668
1	226
7	769
0	506
0	467
0	436
4	165
1	130
19	387
0	250
0	341
15	138
173	0
2	12
4	694
0	58
28	592
0	603
6	38
0	61
0	0
2	105
1	98
2	50
0	38
2	57
0	0
48	35
0	23
0	23
0	326
0	353
0	327
0	159
0	156
0	0
0	412
47	1140
18	802
6	255
3	424
0	424
2	355
0	638
6	573
0	875
9	750
16	983
41	807
0	775
1	190
1	140
4	1178
2	1008
0	959
0	0
94	38
1	37
40	0
0	18
562	0
33	0
18	2423
0	2302
0	2423
4	347
0	228
0	1301
16	2274
8	190
11	18
0	390
34	1213
15	416
1	0
7	0
18	2
0	2
0	0
6	0
0	0
0	0
10	0
14	4363
43	4360
1	4362
101	4448
5	221
0	144
12	204
22	22
14	15
5	15
12	0
16	13
0	6
0	106
2	967
11	1151
9	1015
5	339
8	175
192	398
1	398
0	85
4	3602
8	440
4	3602
0	183
2	633
0	3584
102	335
0	2534
0	846
1	824
7	56
39	2071
1	75
3	43
3	1997
11	232
4667	897
0	210
4	823
0	307
14	474
0	736
119	946
0	393
8	810
137	45
603	45
24	2
19	2329
0	81
0	1852
0	994
0	970
0	2390
33	73
13	64
0	31
0	131
0	135
89	76
250	76
631	1825
246	51
3	1796
0	0
0	0
257	0
0	0
194	348
3	348
1	0
10	1253
1	1240
17	1030
4	1107
0	942
0	42
0	96
0	75
0	1
8	39
0	46
0	89
9	28
9	16
0	159
1	51
0	1
0	0
0	0
3	1069
10	886
0	255
0	255
0	646
19	942
0	409
0	617
5	64
0	474
1	151
0	75
1	0
6	2524
0	2586
43	2623
0	2691
1	18
1	0
14	3
38	2691
207	1018
0	2630
1	2659
0	0
0	0
69	69
66	482
2	2304
64	31
1	143
69	788
50	0
185	1
0	256
113	239
0	163
36	104
16	53
0	1029
86	1478
1	432
16	726
15	810
5	327
0	1228
6	1121
0	1080
0	236
1	0
4	487
132	422
0	99
60	116
0	0
10	1490
5	12166
39	13693
16	11006
0	2873
196	2937
3	2540
2	1393
7	243
8	618
8	1004
1	396
1	999
9	216
45	79
0	20
3	124
0	124
0	0
10	96
0	0
17	7773
0	7784
0	7801
0	7781
1	7791
2	5336
465	10812
12	2313
7	1276
13	285
7	0
107	285
794	584
9	584
12	465
13	105
17	873
70	873
4749	369
7	351
14	303
4	291
0	65
4	276
2	283
22	8
0	56
7	331
10	331
0	135
0	34
0	0
0	32
0	9
4	11
5	0
1461	492
30	277
84	402
4	456
278	0
76	0
74	54
0	414
0	357
2	114
0	141
11	116
0	132
6	31
1	16
36	2664
102	2767
16	1006
0	2423
2	163
15	183
32	884
178	80
1	24
1	0
0	35
1	8
0	20
0	0
9	2110
70	0
39	509
381	2112
97	608
2	562
13	966
89	1028
3	976
4	1009
30	507
0	3355
0	3610
5	3324
5	2357
1	2654
0	1619
4	2178
1	704
12	237
612	1021
5	1021
875	0
67	3835
26	5888
533	9427
145	6268
1108	7278
6	5908
0	1849
26	5574
33	913
1	3938
3	4552
30	7226
0	0
0	2
0	0
0	1
0	1
1	1
0	0
0	1
0	1
0	6
0	5
0	158
252	158
0	124
0	1
0	1
2801	33972
51	7222
9	28886
206	20121
0	0
0	0
26	0
15	9
0	9
4	22
1	22
0	0
0	0
0	11
0	4
0	7
1	66
0	0
0	0
0	0
0	0
0	50
0	0
0	0
0	0
0	0
0	0
2	0
0	0
0	0
0	0
23	0
0	0
8	0
0	0
281	79263
0	74270
0	57
1	80
330	78508
0	57
1	80
1412	12965
9	9952
2	16
0	0
0	0
0	0
0	0
0	0
0	0
0	0
1	0
0	0
0	0
0	0
8	417
0	262
0	0
0	0
0	0
0	0
152	0
0	0
0	0
6	0
0	0
0	0
0	0
0	0
0	0
0	0
0	0
0	0
0	0
0	0
0	0
28	1153
0	0
0	0
0	0
0	0
0	0
0	0
0	0
0	0
0	0
0	0
0	0
0	0
0	0
0	0
4	0
0	0
0	0
0	0
0	0
0	0
0	0
0	0
0	0
0	0
0	0
0	0
0	0
0	0
0	1
0	0
0	0
0	15
2	15
0	1
0	0
0	0
0	0
0	0
0	0
0	0
0	0
4	130
0	0
0	0
0	0
0	0
0	0
0	0
0	0
0	0
0	0
0	0
0	0
0	0
0	0
0	0
8	0
0	0
0	1
0	1
38	2
0	0
2	0
554	82
0	0
6514	4933
56	1531
1	3742
1	1
0	0
0	0
0	4
0	4
0	0
0	0
0	0
0	0
0	0
0	0
0	1
0	0
0	0
2	2
0	0
0	0
2	27
0	13
0	0
0	0
0	0
0	0
0	0
0	0
0	0
0	28
0	28
0	0
0	0
0	0
0	0
0	0
0	0
0	0
0	0
0	0
0	0
0	0
0	0
0	2
0	0
0	0
0	0
0	0
0	0
0	0
264	101
8	34
53	101
0	0
0	0
2	3
0	3
0	0
2	0
2	0
1	0
1	0
55	734
57	735
18	581
2	403
0	0
4	0
4	0
17	22
0	0
0	12
0	7
0	23
0	23
6	0
0	0
0	0
0	21
0	18
0	0
0	0
0	0
0	0
0	0
0	0
0	0
2	0
1	654
1490	801
5	799
0	0
1	8
0	6
0	2
0	7
0	74
0	63
8	84
0	79
0	72
0	22
0	19
0	65
2	64
0	15
0	20
11	57
0	11
0	4
701	1594
0	1443
0	168
0	790
0	134
0	598
0	123
6	14
42	2
14	0
19	0
0	0
1	122
21	1676
32	1731
0	1255
26	10
0	243
4	34
0	0
18	0
2	421
7	518
14	1099
6	261
0	276
0	723
0	87
1	640
0	277
0	0
0	0
7	6262
0	6230
0	6230
3	1823
14	1732
0	0
4	1185
6	44
56	95
1	745
2	939
0	1138
25	12
0	30
0	4
8	81
1575	3005
6	521
2	2484
0	2111
19	0
0	0
1	10244
807	10935
77	2527
0	7282
0	871
0	519
1	55
5	943
0	38
0	900
0	5
2	88
1	906
1	23
11	895
0	911
1	96
0	37
0	43
0	562
0	932
21	56
7	0
109	1897
1	908
0	1529
0	1837
0	260
9	22
6	22
5	3
36	3
2	351
0	0
0	254
32	870
0	1264
0	1163
0	1179
0	1080
10	166
3	129
0	53
31	0
8	0
337	3087
0	3256
0	1303
10	2800
75	2258
8	2027
0	221
2	187
24	1179
24	1179
3	1054
0	1170
1	131
14	0
0	0
6	107
0	0
346	793
2	87
1	725
24	188
115	331
0	6
0	11
0	11
1	6
0	3
0	2
58	442
23	159
2	95
1	29
18	78
0	153
8	248
37	161
348	67
0	0
88	0
2	94
1	4
1	4
0	9
0	79
0	3
0	85
0	84
7	72
0	87
0	77
0	68
0	75
0	34
0	12
1	3
0	4596
0	4695
0	4586
143	888
0	1445
161	504
0	453
24	313
5	7
21	0
216	81
0	64
0	84
4	8
2270	1648
12	419
0	1384
1	2
7	707
0	880
4	30
0	30
16	160
1	103
0	112
0	95
1	10
1030	54
3	54
91	280
3	328
0	91
1	275
0	2617
131	2588
28	1220
0	30
1	227
0	136
0	1823
9	1080
0	36
0	36
0	23
0	0
3	4
2	8
1	8
0	660
1501	1328
23	213
3	563
0	59
0	332
0	794
30	708
6	174
188	2073
0	2111
7	2135
15	2182
15	686
0	0
21	51
0	0
0	0
0	58
0	0
27	46
0	42
0	900
0	1120
0	1731
0	1644
24	93
0	1010
51	772
16	0
37	920
22	121
0	68
3	65
237	0
80	6815
689	6815
15	177
0	0
0	0
0	0
0	0
0	10055
0	8607
0	7389
1	2833
0	8600
82	116
0	7377
24	6149
2	1083
17	33
54	57
43	890
2980	884
80	232
58	0
8400	1821
0	1821
0	594
9	585
0	11
0	27
0	9
5	1398
0	1362
1	447
0	0
0	303
0	294
0	273
1	211
0	85
4	14
0	92
101	711
0	653
0	767
0	952
0	910
0	1097
1	82
63	479
0	171
0	42
0	326
0	176
0	141
0	124
0	23
0	82
2	188
0	152
12	0
6	1822
1	1902
52	163
141	493
0	125
0	0
7	215
1	0
0	0
19	729
1	122
32	562
6	121
3	719
1	96
33	112
8	133
5	70
0	0
262	1102
1	1102
2	524
4	142
2	1
2	1
7	1
1	11
0	11
0	2
0	4
0	4
0	5
9	56
5	53
0	30
3	34
0	12
364	4285
2	194
131	3293
37	3344
0	4
0	4
0	4
0	0
117	1993
2	879
2	368
4	379
0	1615
0	266
0	99
0	247
0	480
39	0
0	190
0	0
24	591
0	459
6	290
1	89
7	16
464	184
33	184
13	11
0	0
7	153
0	314
4	2864
0	2896
19	0
0	69
0	2836
5	137
37	2292
0	3248
0	2945
32	103
3	2976
143	52
1	254
13	259
0	52
600	174
2	36
0	0
84	13
0	9
1	4
0	277
0	294
0	191
0	2
117	31
1562	124
0	0
513	4
49	4539
45	82
4	9930
0	4
43	82
159	10117
226	14888
0	4
0	4768
0	4771
0	4
7	4
1169	3
11	0
72	0
694	2718
647	961
1366	961
118	32
0	32
0	1144
0	2
0	0
0	2
0	459
0	458
0	0
0	0
2	0
10	0
0	291
0	291
0	8
0	2
0	2
0	1144
0	5
2	0
0	1146
0	0
0	0
0	1154
0	1152
2	0
0	10
14	10
887	23771
656	23771
0	1717
105	1362
0	2402
43	926
0	0
244	205
2	125
10	96
1	155
11	0
858	70
0	47
0	47
0	19
0	70
151	1348
84	1417
4	976
6	7
3	1353
5	457
1	608
2	662
11	265
2	306
0	3
3	390
0	585
4	115
0	113
3	113
2	10
0	6
10	54
0	54
0	3
0	564
7	400
2	21
10	556
4	529
5	40
0	76
0	166
3	100
41	29
10	16
0	21
7	41
0	38
2	1063
29	981
1	192
14	428
0	308
0	284
1	0
25	0
99	1531
36	1486
3	176
12	0
0	13
0	8
3	9
0	1
0	1
0	0
0	5
0	5
0	4
0	4
0	0
136	1405
8	1083
4	121
0	222
0	247
3	385
0	64
2	0
0	0
2	6
82	28
0	0
0	0
0	0
267	568
21	33
19	222
1	285
26	32
14	82
28	19
45	218
47	79
145	605
0	537
4	40
51	110
0	26
0	21
11	21
9	5
0	0
17	0
0	0
0	0
370	488
2	18
25	470
29	0
64	199
0	195
2	6
2	199
0	56
0	217
157	650
0	242
0	585
0	564
2	72
0	0
1	3080
0	20
3	3068
0	0
0	19
0	0
0	0
1793	4659
31	4465
3	2177
6	5
16	39
0	0
358	1378
6	1217
1	225
35	509
14	11
0	0
9	881
3494	939
126	0
50	54
0	0
2	0
0	0
13973	2
0	0
3	4335
1439	4335
143	0
621	388
0	228
0	108
0	184
1	0
74	36
19	135
0	135
0	0
0	0
1	0
0	0
0	0
0	0
0	0
0	0
0	0
0	0
0	201
0	0
0	0
0	0
0	0
159	286
7	286
0	184
16	908
0	900
0	1185
5	1193
30	384
557	0
0	16
0	16
0	1
0	0
2	239
0	0
0	0
0	0
0	0
0	0
5082	0
4	0
0	0
0	0
0	0
0	0
93	430
2	430
2	67
1	13
12	52
135	0
0	0
0	0
57	0
0	0
3	0
0	0
0	0
0	0
2	68
0	0
0	1
0	3
21	7
0	0
0	2
0	2
0	0
0	0
0	0
652	882
0	105
68	770
0	13
0	89
0	66
58	767
0	513
8	0
0	265
12	13
0	0
0	0
0	0
0	0
0	0
0	6
0	6
2237	9
1	0
60	0
6520	2366
160	0
0	472
5	811
177	0
304	0
0	825
9	446
63	0
0	0
0	176
0	0
0	0
230	0
0	161
29	216
3	192
1	181
329	641
7	25
46	618
0	20
0	0
22	2
0	29
0	29
9181	1159
1	608
111	551
86	0
0	0
0	0
0	0
18	37
8	18
1	19
0	9
0	0
21	259
972	1407
28	1153
16	0
4	0
0	0
0	0
35235	4764
19	2232
42	0
12	2530
108	0
0	0
0	0
3	38
0	38
204	416
0	343
0	296
7	16
20	142
113	0
45	28
0	0
0	0
0	0
0	0
0	0
2	175
0	166
0	51
0	39
0	0
2	0
0	35
293	938
2	843
2	149
0	485
3	99
1	40
0	182
0	3
0	0
0	0
0	0
1	0
0	0
0	0
0	0
1	17
0	0
2	18
0	18
20	0
1	0
0	1
0	0
0	0
0	0
727	199
1	116
1	199
0	33
1	4
0	4
0	4
0	3
0	2
0	2
0	0
0	0
0	0
0	0
0	0
0	0
0	0
0	0
1	4
0	4
0	4
0	4
0	2
0	0
2007	781
64	253
0	462
3	131
6	226
78	96
23	18768
0	18156
0	13132
1	16110
12	18119
0	15077
4	17427
664	1338
263	5
3	2801
0	2184
1	1798
14	2276
8	11411
36	581
18	407
41	1316
1562	1898
0	352
14	662
0	108
8	528
4	409
0	1440
2	1138
18	311
30	0
0	1
0	0
0	0
0	0
0	0
0	1
0	0
0	132
1	69
2	139
0	59
0	87
2	14
0	1565
133	1224
2	1286
4	648
0	1306
0	279
0	0
1	0
0	0
492	2669
52	2594
0	154
14	103
37	63
0	714
94	0
7	1421
0	0
0	0
0	0
0	19
0	54
0	54
0	29
0	18
0	18
0	4
1	54
0	18
0	16
2	0
5	69
0	0
0	0
0	1
106	851
0	7
17	844
0	0
4899	4744
1	4553
0	4792
9	3633
114	153
0	291
8	2876
72	0
0	0
0	2
1	1
0	1
32	0
0	347
2	375
0	336
30	196
0	142
0	0
3	0
0	58
0	26
0	83
0	870
2	791
0	809
0	919
1	997
0	558
0	128
3	81
0	2
3	3
0	2
0	1
1	122
7	125
0	11
3	0
13	0
11	0
21	16
0	17
2	4
0	33
0	3
9	1288
237	1724
13	1132
0	146
66	0
0	881
5	929
22	929
0	856
46	896
6	217
2	834
2	62
1	341
2	35
276	4540
84	4535
1	2837
25	0
86	0
47	0
0	0
41	0
40	0
0	0
209	2
146	0
129	0
65	0
266	2
279	0
422	4
0	0
0	0
0	1
0	0
0	0
31	1510
0	1225
3	748
0	913
61	786
88	89
127	0
17	236
5	58
76	0
33	0
0	0
1	0
10515	18
121	0
30	0
3	0
14	0
0	0
0	0
2	12
1	0
18	0
1	0
384	82
11	82
8	3051
803	3534
22	3392
9	1629
6	1035
3	261
0	839
0	865
0	826
0	814
0	858
0	65
1	105
14	13
4	41
3855	3653
57	0
5	434
66	0
4	146
7	76
105	151
0	758
183	934
1	716
3	847
0	259
0	91
0	193
3	26
0	158
130	59
0	1
518	52
1	0
0	52
1	0
2	4317
4	4371
10	359
183	370
0	0
0	0
0	0
448	182
5	150
0	186
0	172
35	0
0	1
432	305
0	208
39	190
121	115
0	115
72	0
490	2432
0	2081
0	1128
124	0
3	494
169	0
152	0
115	0
7	10
0	10
5	10
0	5
1	0
0	1
0	1
0	0
4	9
0	5
2	2
0	1
0	1
73	2
0	2
3	0
325	8724
1	7552
1	1259
136	1942
1	1167
34	214
24	1374
0	538
0	360
29	1251
6	323
12	18
3	121
44	13
2	6
2	5
2	1
0	0
0	0
4	0
0	0
3	5
0	5
0	3
3	97
0	0
0	0
0	0
0	0
0	0
15	2
0	0
0	2
0	0
0	0
0	0
0	0
0	0
5	0
2	0
5	207
48	37
0	206
0	206
0	122
495	1410
0	153
333	0
196	1406
39	2
350	27
47	3787
0	3626
213	3609
0	1241
1	1234
3	154
11	305
220	3549
76	677
0	26
9	3037
0	976
29	2541
0	74
0	1287
1	1049
0	0
127	0
5	0
0	132
2	40
1	39
0	167
1	276
0	33
54	202
103	46
0	102
20	428
0	28
140	40
0	21
510	0
0	0
0	0
0	0
0	0
0	0
0	0
43	0
113	0
0	0
0	0
0	98
202	98
1	65
0	0
0	0
2	0
0	0
0	0
0	0
0	0
0	1270
0	1270
3	14
1	11
0	14
364	1625
918	1629
0	3
0	0
4	5
0	5
0	287
0	280
0	181
0	17
5	43
0	11
8	48
0	4
0	11
0	0
0	0
3	0
0	0
16	655
386	1824
72	1532
5	74
23	692
0	0
7	4166
147	4605
10	557
8	1630
30	100
21	118
19	592
164	373
0	826
10	1122
1	76
11	476
4	450
0	152
3	86
0	0
1	0
10	58
0	0
5079	490
4	176
1	383
235	0
122	666
0	666
8	521
45	189
58	185
1	139
2	105
0	32
0	37
0	33
1	8
3	17
9	2344
2	1334
4	1909
0	1320
0	1086
0	1882
3	0
0	0
180	258
0	179
1	203
0	114
0	91
6	268
0	232
0	113
0	70
0	85
1	33
0	0
436	21
0	0
457	732
0	672
6	183
0	54
0	0
525	2375
0	872
0	1217
4	1474
5	0
0	0
0	0
0	0
30	166
0	165
1	76
8	962
20	1023
25	1023
0	988
0	121
0	53
2	173
6	82
0	184
5	65
0	3
0	3
1	28
0	7
0	10
1	27
0	6
0	17
9362	0
0	4
0	4
0	0
17	843
0	163
13	852
0	75
1	91
12	565
0	557
6	569
13	209
0	183
0	191
15	183
0	201
1	186
7	12
0	1
4	1
2	1
4	0
0	0
0	0
2625	164
0	83
0	0
221	16548
381	16547
116	0
64	10701
2	0
0	0
12	0
7	249
0	73
1	98
2	249
1	84
5	82
0	104
0	74
9	93
0	115
1	45
537	161
2	127
4	6
0	10
2	3
0	3
0	36
349	3435
17	3384
0	1596
3	852
64	388
0	0
0	0
1279	3733
0	3621
0	3621
1	48
0	490
0	153
0	0
68	0
0	0
0	0
0	0
5086	6
0	0
7	2518
169	2518
0	0
0	211
35	613
30	614
3	1
327	245
1	64
4	63
0	1
2	57
0	22
2	55
0	75
4	1141
10	80
0	160
0	105
3	1124
89	907
9	175
2	98
2305	673
17	113
1	588
1	2
0	0
2	1
0	1
1	0
0	0
917	1191
8	515
17	23
39	292
1	353
0	185
125	201
0	194
0	7
0	3
0	7
0	7
0	0
0	0
2	1
0	3
0	1999
27	2072
24	1709
63	552
0	359
0	204
6	646
402	369
0	0
0	0
0	2
0	7
0	5
1	7
0	1
0	5
0	6324
98	6324
0	0
0	0
0	0
0	1
0	1
13	56
55	56
7038	843
3	837
0	0
11	597
1	99
0	11
3	8
33	498
0	75
0	33
5	38
0	35
0	11
0	11
0	11
0	11
0	11
0	11
0	11
4	1
0	9
0	0
0	0
0	0
0	0
0	503
0	503
138	231
119	0
0	0
0	0
0	0
0	0
0	0
0	0
0	0
0	0
0	0
0	0
0	0
0	0
0	4
0	0
0	0
0	28
0	0
0	0
0	0
0	0
0	0
0	0
0	0
0	0
0	0
0	0
0	0
0	28
0	28
0	6
0	11
1	131
44	741
8	810
33	551
0	636
6	64
10	125
2	65
73	35
0	0
0	0
0	1
0	6
8	14
0	1
0	0
0	0
0	1
0	7
0	0
0	0
0	0
3	10
0	2
0	10
0	0
0	0
0	0
0	0
608	0
0	0
8	38
0	38
6	15
0	30
48	27
0	3
0	20
0	252
0	0
0	65
13	137
114	103
5	288
56	7
4	71
0	0
0	0
0	0
0	237
3165	426
0	0
4	0
0	0
0	181
72	6
12	460
1	441
0	30
0	34
0	0
24	415
0	0
494	291
35	58
31	233
6	123
0	0
0	0
0	0
0	0
21	0
0	0
0	0
0	1397
0	1548
7	623
1	189
26	481
0	0
47	39
12	30
1	167
0	0
0	0
276	576
8	153
0	349
0	202
0	250
930	146
0	78
0	106
0	96
6	3
0	0
25	367
0	0
0	0
16	0
3	264
14	203
2	219
6	121
49	106
0	43
2	2
11	1
23	5
6	283
1	5
0	328
0	297
85	315
0	0
0	118
0	1
7	1
11	29
23	0
1778	761
0	0
270	56
15	227
1	772
16	130
25	148
0	0
8471	4401
1	4221
136	84
297	1589
0	1229
441	579
4	347
39	1619
0	1603
26	1023
17	1007
5	972
21	102
5	137
1	50
0	0
0	0
0	0
1	0
7	728
1	106
721	682
0	105
5	84
0	33
21	153
9	153
0	28
25	0
14	4
0	0
0	0
3	0
0	0
0	0
0	2
0	0
12	10
0	10
0	6
0	0
0	15
0	18
0	16
0	16
50	919
5	703
0	732
4	513
60	0
0	0
0	0
0	0
2	0
0	0
0	0
0	0
0	0
0	0
0	0
9	0
15	0
7	0
19	0
7	2
130	48
7	34
3	23
2	9
2	1
3	14
8	0
0	0
87	594
3	1063
5	1064
9	486
0	142
0	164
5	61
4	48
156	0
319	79
298	0
120	267
0	91
0	0
0	5
0	5
5	33
0	0
0	0
0	0
0	0
0	0
0	0
0	0
0	0
3	0
0	0
0	102
0	0
0	45
5	21
0	6
0	30
0	32
0	31
0	21
12	18
0	0
15	1
0	0
0	161
19	1219
16	1219
1	472
0	109
0	8
0	0
0	0
0	0
0	0
409	240
1	91
4	92
5	134
3	0
0	0
14	0
102	5338
20	4853
0	2887
5	141
63	0
6	1695
14	1660
0	571
0	123
0	514
2075	624
343	110
164	19
1	19
0	3
2	1
0	5
0	4
1	0
0	0
2	0
0	0
22	0
556	1580
6	247
21	357
1	1115
68	0
6	5884
14	7012
0	4631
190	0
109	23
12	307
99	0
16	140
0	0
0	0
0	0
20	1422
0	19
2	165
33	579
5	174
41	4
0	1073
3	36
1	0
3	17
2	1
0	1
2	2
0	1
0	0
0	14
0	0
0	0
0	2
0	1
0	1
0	0
1	2150
0	0
983	1885
0	1198
17	402
0	161
4	671
0	1066
12	0
1	1160
0	535
746	713
0	436
0	168
24	16
3	170
11	1
0	0
0	0
4	28
2	0
1	60
1156	989
0	57
1	0
3	0
6	43
4	44
0	414
3	543
31	732
9	81
19	1832
0	3367
117	3365
0	3367
0	0
643	3
5	190
0	0
68	0
3	0
0	0
0	0
1	2
119	8638
55	8948
65	1259
3	0
0	0
0	0
0	0
0	0
0	292
2	0
1	1
0	1
846	0
0	0
2119	39
3077	2438
20	607
0	1458
10	1514
132	1289
0	1339
0	104
1	318
257	18
140	534
32	0
2	1
0	0
0	1
0	1
0	0
0	1
0	0
14	2101
26	4356
0	4312
0	3983
0	4677
11	462
0	0
9	0
2	65
70	0
50	0
125	2415
0	75
0	30
2	2282
33	2
0	94
2	75
7	382
76	498
0	595
0	572
0	91
0	10
0	0
2	0
90	0
0	0
160	230
57	140
4	252
0	6
0	0
0	34
1	17
0	35
0	32
0	6
0	21
0	14
15	0
0	0
1	0
0	0
0	0
0	0
0	0
0	0
0	0
32	0
48	27
0	0
0	0
0	0
0	0
0	0
0	0
0	0
0	0
0	0
0	0
0	0
0	0
0	0
0	0
0	0
0	0
0	0
3	58
0	26
0	6
0	32
0	0
0	0
0	11
0	11
0	2
0	0
0	0
0	0
121	0
0	0
15	0
0	1
0	5
0	3950
0	3689
4	3943
141	1478
2	4366
161	587
54	1349
4	2001
99	1933
0	2634
0	2833
0	4132
0	2011
38	269
100	2675
3	2918
356	4
260	0
155	0
43	0
10	0
0	0
177	0
54	0
121	48
2	571
0	366
1	790
1	1507
0	413
0	415
0	698
176	0
0	411
186	11
1	511
0	214
1	1014
0	861
5	97
0	4
7	0
0	5
0	23
0	13
3	169
10	352
0	344
0	7
5	0
4	0
5	0
0	0
6	0
16	16
3	157
0	174
2	124
0	128
6	0
0	14
4	17
0	7
0	2
0	0
7	0
10	5
1	0
0	0
19	0
38	0
33	0
12	0
5	0
20	52
1	39
11	0
0	0
0	0
0	0
1	4
0	4
0	0
520	470
15	370
0	0
0	0
0	0
0	0
0	0
3	202
0	72
3	311
0	319
0	294
0	312
10	142
0	0
0	92
5	21
5	0
1	1126
0	1203
166	1139
0	77
14	3
26	0
35	0
3	139
0	0
1	0
57	1217
0	29
2	946
0	970
60	1187
19	2419
296	2438
0	1616
3	113
15	11
1	30
139	83
0	42
1	83
0	4
92	0
11	2
1	0
1	0
52	365
0	365
0	0
0	0
0	0
0	0
0	0
0	0
0	0
0	0
0	0
0	0
0	0
6	0
0	0
0	0
1	0
0	0
0	3
0	3
0	3
0	0
0	0
0	0
0	0
0	3
0	0
0	0
91	331
0	266
0	29
0	62
0	0
0	236
0	0
0	0
0	0
1	39
0	0
0	0
22	1294
1	1163
1639	1325
0	272
40	0
3	14
10	79
0	60
0	54
0	1
0	0
0	8
6	0
11	24
0	0
0	20
0	6
0	0
0	0
0	0
0	0
0	0
0	0
0	0
0	0
0	0
0	0
0	0
0	0
6	0
15	209
1	114
0	108
10	6
0	10
0	89
0	88
333	88
125	635
2	152
0	125
42	424
583	695
2	187
87	0
3	508
49	286
1	237
0	45
1	26
503	1097
18	346
0	188
11	98
0	608
1	73
0	111
7	5
0	9
1	283
0	0
0	0
0	0
0	2
0	3
5	9
23	9
0	2
0	0
1	0
0	0
1	0
1	0
0	34
21	36
1	6
0	12
0	23
0	1
1627	1277
4	1206
58	0
55	71
184	6277
29	146
97	7249
3	4496
3	4357
11	3043
23	50
117	502
2	2
0	2
0	0
0	0
1	0
0	0
0	0
2	0
0	0
0	0
0	0
0	0
0	0
3	26
0	0
19	0
0	622
7	556
0	596
77	8
0	421
57	34
0	24
0	73
78	0
5089	1141
109	1119
0	1
37	40
2	38
5	27
0	0
2096	121
0	113
7	75
3	34
0	0
186	4402
21	4320
4	4573
1	121
4	4512
0	446
0	0
0	0
0	0
0	0
0	0
1001	23
0	0
0	0
0	1
0	1
0	1
0	1
0	0
0	0
0	1634
127	1634
8	423
3	620
0	304
0	151
0	28
168	0
816	965
193	122
9	772
43	0
0	175
0	0
39	0
1	0
51	1
0	374
0	345
0	285
0	281
0	120
0	113
0	35
0	0
96	463
0	443
4	30
1	365
0	0
28	0
15	0
0	234
10	81
692	196
102	50
0	181
2034	666
0	281
79	385
74	327
90	0
1	1928
15	1658
1	1026
51	0
2	291
24	1063
3	760
43	0
0	0
11	2213
76	1163
1	2179
10	643
0	37
348	9
101	17
2	54
8	36
4	0
0	0
0	0
0	0
0	0
0	0
0	0
0	0
0	0
0	0
0	0
1	0
0	0
0	0
0	0
1	0
0	14
20	28
0	2
0	14
0	0
42	1
0	0
0	0
0	0
0	0
0	0
10	0
0	0
0	0
0	0
0	0
0	0
0	0
0	0
3003	391
0	137
6	8
3	189
5	49
2	30
0	30
0	0
0	26
0	6
0	5
0	0
0	10
0	4
0	1
1	2
0	4
0	4
0	2
0	2
0	0
0	0
0	0
1524	204
140	202
160	48
0	22
60	0
254	0
2	1
50	1
0	2505
41	6949
7	2791
18	8326
1	328
2	1066
1	2017
716	8597
5	522
5	2444
3495	591
0	8420
0	7496
2	512
99	183
68	5143
0	0
6	854
790	959
0	920
17	150
2	0
0	162
0	43
1	4
0	153
0	125
0	122
1	128
1	39
0	3943
19	2112
0	1657
12	2429
0	3325
0	3258
1	327
75	11
253	1307
106	31
164	2
1	1315
81	453
0	1365
24	1330
11	1303
0	0
0	0
81	0
80	2
32	782
0	0
0	0
0	0
0	0
5	0
0	88
44	88
0	64
0	2
2	3
48	12
0	0
0	0
0	0
1	179
1598	2089
1	1916
51	0
0	0
0	0
0	330
92	11
41	0
0	134
11	23
0	0
0	3
0	0
0	0
0	0
31	196
14	63
8	191
0	73
2	0
0	0
0	0
78	5
0	5
0	0
0	0
0	0
0	0
0	0
0	0
5	0
1	0
1022	7711
35	6067
7	1064
8	1650
37	1189
32	1879
17	640
1421	283
71	110
1	103
0	0
43	0
4	2
42	143
0	0
0	0
3	495
42	27
97	1043
0	382
3	51
0	18
13	333
70	636
88	646
0	646
0	231
0	120
0	37
2	0
25	32
0	0
0	0
4	0
0	0
22	77
11	83
0	0
36	6
0	291
15	87
1	272
0	5
2	20
1	46
0	0
0	0
0	0
0	0
11	0
0	0
0	0
3	0
0	0
1	0
0	3404
93	11738
69	2029
0	8442
3	0
0	13
5	13
0	0
0	0
0	0
0	0
0	0
0	0
0	0
0	0
0	0
427	1519
2	46
42	20
0	4
0	200
0	1115
1	216
929	1568
0	744
1	301
6	383
1	362
316	231
20	108
0	0
0	0
1155	1381
0	0
31	756
0	898
0	315
7	815
2	220
0	0
0	0
0	0
0	0
22	0
21	1234
0	1151
0	191
0	133
0	272
0	156
0	187
2	859
0	2
1	431
0	3068
17	2929
0	2839
0	1279
0	1278
9	558
32	0
81	311
0	45
49	39
0	0
0	2
0	2
0	0
0	0
0	2618
0	0
0	0
0	0
0	0
0	0
0	0
0	0
0	0
0	0
0	0
0	0
0	0
0	0
0	0
0	0
1	0
87	66
0	62
23	2
0	2
9	8
0	52
0	57
0	0
3	0
0	2
9	49
0	49
0	23
0	24
1	24
0	0
3509	2618
0	1546
1	1546
0	1547
1	1814
78	2
1	477
1	467
13	534
0	575
0	531
0	1313
0	524
0	130
7	192
0	197
0	154
16	51
23	562
590	709
0	147
7	39
4	511
2	27
0	511
0	101
3	532
0	55
98	1
1320	389
3	388
0	0
0	0
0	0
1	128
4	117
3	42
0	106
0	37
4	0
10	0
0	8
0	0
1183	0
91	0
0	0
2163	3798
2	3234
0	3227
1	3101
0	0
1	2908
66	0
1	2657
2	418
24	193
0	413
27	462
17	724
80	190
0	0
23	0
1	0
0	528
0	0
0	0
0	0
0	0
0	0
0	0
0	0
0	0
0	0
0	0
0	0
0	0
0	0
0	0
0	0
0	0
0	0
0	0
0	0
0	0
0	0
0	0
0	0
3	763
5	883
8	663
0	412
7	307
1	118
58	0
34	142
0	35
0	0
0	0
9	11
1732	166
2	117
81	0
46	0
72	56
0	3951
64	7068
1	5430
98	1
15	381
0	0
41	0
0	0
40	2622
6	805
1269	4248
0	4631
0	2528
0	540
2	0
22	337
30	337
3	0
0	0
514	420
15	115
1	179
0	0
21	57
16245	1265
0	0
4	1182
1	5
15069	553
2	0
0	13121
0	13121
43	0
73926	10349
6	1355
0	8938
3	5
0	5
0	0
212	28
1	541
0	561
5	312
0	531
72	254
7	494
1	93
0	16
2	40
0	139
3	154
1	224
8	93
1	43
70	214
0	34
0	61
126	24
1	1
0	0
6	0
1	1
0	22
8	162
36	164
0	30
0	69
2	28
0	53
4	25
739	2
4	3
11	3
0	0
692	1429
0	1429
0	183
33	522
23	111
2518	111
20	78
28	463
1	467
0	69
3	8
14	242
14	44
0	154
1	642
3	501
0	633
1	4
1	0
1	11
1	11
0	4
0	0
0	0
4	0
0	0
23	739
13	120
27	737
1	18
4	119
45	0
0	0
2	0
0	0
0	0
27	2205
110	2487
0	2533
2	1605
0	72
0	326
15	93
50	10
70	375
4	71
0	374
0	5
2	41
1	39
0	1
0	15
0	12
37	15
298	3698
289	2388
9	2759
125	983
45	265
5	372
19	350
72	523
0	0
1	19
0	0
0	0
26	21
0	8
0	11
0	8
2	4
0	0
0	44
1	45
1	13
0	13
4	6
0	3
0	0
0	5
3	0
3	0
469	5550
1	5480
10	5479
425	5475
6	777
0	521
0	521
0	0
131	66
53	409
2	513
0	1219
199	1223
1	581
34	5
2	537
0	0
0	0
0	0
0	0
0	0
3	0
0	0
0	0
0	0
0	0
0	0
0	1001
0	2344
3	901
0	897
0	2314
0	2518
0	2561
2	2493
4	1875
0	1845
0	1920
0	1863
0	1872
5	210
0	235
0	53
137	8
3	68
76	176
49	59
4	0
1	0
0	0
0	0
0	1
0	1
0	0
0	0
0	0
0	0
0	0
0	0
0	0
59	1446
0	2
0	0
0	0
0	0
0	0
0	0
0	0
0	0
0	2
0	2
0	0
2	0
393	152
8	12
0	65
0	23
0	64
1	59
0	19
2	43
0	8
0	0
59	17
0	5
10	11
0	2
0	0
49	18
0	18
0	0
2	0
0	0
0	0
0	0
0	0
0	0
0	0
29	1798
567	3599
2	1341
18	1039
2	701
0	1957
65	141
0	3
0	3
4	777
1	394
0	0
7	0
3	7
52	874
1	877
0	446
0	55
0	4
180	7
545	4609
20	1118
0	3046
460	2398
4	2929
220	452
0	3018
1	4159
0	4109
0	4109
19	71
0	442
26	227
0	584
0	593
4	294
378	1953
7	92
378	24
3	224
20	218
5	256
0	190
0	161
0	163
0	39
2	17
0	84
0	68
2	16
1	31
6	30
0	26
0	21
44	2
5	11
0	8
351	437
2	398
6	308
11	30
0	20
1	0
0	98
148	134
0	60
0	3812
3	3680
45	3820
109	1305
10	182
0	352
130	6
56	828
4	510
9	0
0	476
19	47
5	0
144	0
54	0
4	1376
1	524
0	3600
1	240
1	114
1	1270
2	2748
0	3589
258	2
30	300
23	2
0	2
0	1
0	0
851	2255
14	270
0	861
6	666
0	654
0	298
0	24
0	552
8	1
0	0
41	0
0	0
1	0
0	0
0	0
1	0
0	0
0	0
49	16
0	4
0	11
4	0
22	0
0	0
1	0
3	0
1	5
0	5
0	0
0	0
0	0
0	0
1	0
0	0
0	0
0	0
0	0
0	0
10	2
0	2
0	2
0	2
0	2
0	2
0	2
3	2
0	0
128	1003
0	1257
12	1281
0	1070
3	1197
0	913
2	784
0	860
2	751
0	214
0	311
0	0
0	0
1	26
0	1
0	0
1564	1883
21	339
0	1027
31	438
1	294
1	689
0	284
29	26
0	21
22	32
5	353
0	319
0	14
1	0
1	0
0	0
47	325
0	0
0	0
0	0
0	0
0	0
0	0
0	0
26	256
0	257
0	35
0	32
0	748
0	749
0	688
0	338
4	91
4	149
1	58
1	108
1	130
0	105
18	7
1	0
442	654
0	0
16	248
0	16
0	406
0	0
0	0
0	0
0	0
0	0
1517	284
0	260
60	0
20	59
27	24
1	26
0	0
4	14
3	24
0	24
4	22
9	0
0	0
0	0
0	2
1	0
0	0
0	0
0	0
0	0
0	0
0	0
0	0
0	1
0	1
4	0
2	0
86	41
0	41
3	41
23	4
0	8
15	0
10	0
13	0
4	0
0	0
1	0
2	0
2	0
0	0
0	0
0	0
0	0
0	0
0	0
4	0
19	2558
15	2246
2	2239
15	627
13	2413
291	785
79	10
1	365
0	0
9	113
105	66
9	113
0	0
0	6
0	1
648	440
0	284
4	0
0	0
7	156
2	0
0	1
0	0
1	1
37	2133
0	1435
552	2344
96	1873
206	2
2	220
2	363
4	128
8	95
203	11
2	23
18	3006
67	2669
0	2898
2	1464
17	1631
4	432
6	81
1	310
23	595
12	77
4	458
4	408
2	52
6	144
132	295
732	376
0	318
56	117
0	173
202	0
145	966
1	885
4	959
7	138
1	31
1	66
9	229
2	37
13	2
0	31
0	42
0	38
0	36
0	38
0	0
0	0
0	0
7	7
1	5
0	0
0	0
0	0
0	0
66	682
2	624
0	433
2	4
0	1
0	4
817	6024
59	4817
56	3479
122	3644
41	5554
13	818
73	0
109	0
0	0
0	0
0	0
0	0
0	0
0	0
0	0
1	0
4	0
12	0
4	3
5	3
0	0
0	0
1	0
0	0
1	130
0	0
3	716
41	716
3	72
1	75
0	46
9	19
664	143
7	7
1	51
4	18
5	65
0	0
0	0
54	1817
24	1789
20	159
0	0
0	141
0	0
8	0
4886	10395
17	6231
23	10370
0	0
0	0
0	0
53	4
0	4
0	5
20	3
1	243
0	160
1	132
4	70
18	259
0	324
2	193
10	297
34	273
0	41
5	26
0	105
28	159
0	4
0	0
65	5992
0	0
0	0
0	0
0	8
2	8
236	149
12	149
3	0
0	0
0	0
7699	14
0	0
0	0
0	0
0	0
0	0
3	6
1	104
57	8
0	9
0	3
0	0
0	96
0	22
0	71
0	3
0	0
0	0
746	0
0	0
0	0
0	0
0	1
2	1
324	11811
2	11317
166	0
11	3782
0	869
8	743
2	2766
0	2629
10	0
0	1389
0	1355
5	262
0	119
20	865
298	338
30	74
2	195
4	168
0	88
0	21
0	0
0	0
0	0
339	189
1	99
0	0
24	86
152	38
0	0
3	0
0	0
0	1
0	0
0	0
283	0
1	0
0	0
0	0
0	1
6878	1
0	0
120	665
0	763
0	3868
239	4080
8	38
0	1388
0	214
52	115
0	0
0	0
2	4
2	4
0	18
0	4
0	0
0	18
9	0
2	0
0	0
0	0
1	0
0	17
2	2641
0	2694
0	2467
26	1915
2	2305
0	2809
0	2304
0	3032
24	3071
0	203
0	171
0	315
36	137
0	349
85	284
1	381
0	56
74	121
2	90
0	0
0	0
0	13
5	13
3	0
6	0
0	3
10	0
0	0
0	0
0	0
0	0
3	2
0	0
1	0
0	0
0	0
0	0
0	0
0	0
0	0
25	3395
0	71
0	0
34	289
0	45
0	40
0	289
0	7
5	2
2102	484
2	480
36	89
1	2
0	74
5	34
1	31
0	10
4	12
0	5
0	5
0	0
0	7
14	0
150	8330
120	8376
197	872
0	534
0	16
0	332
0	43
12	323
10	333
1	43
0	6
5	1644
43	186
1	1038
0	1707
0	1623
0	47
1	211
98	55
0	1549
2	1917
1	535
1	0
11	358
0	118
3	1
23	8470
220	8435
226	8005
45	4072
0	5988
0	2
315	3645
15	12
0	0
47	2014
0	3356
2	3177
0	0
1	21
1	103
4	20
134	92
0	27
34	82
4	39
7	8
0	0
0	0
47	566
1	566
7638	16658
43	16658
0	0
0	0
109	987
1	958
0	958
0	957
0	960
0	688
22	0
6	2
1	2
1	0
0	0
0	287
0	261
0	267
8	104
0	77
10	17
4	1395
109	1381
31	42
6	48
2	0
2	18
1	971
0	159
0	986
73	341
0	340
1	342
0	79
0	79
0	104
77	158
1	128
2	658
0	0
22	0
0	0
15	70
136	88
0	68
0	0
0	0
0	0
0	134
0	0
0	0
5	187
8	17
1	189
0	93
2	108
0	20
0	0
0	0
0	406
0	0
0	0
1	15
13	0
0	0
0	0
0	0
0	1
0	0
0	1
0	0
0	1536
0	1536
3	1290
1021	2
0	9
0	9
1	9
8	9
0	9
0	0
0	0
0	0
2244	0
0	0
0	0
0	0
0	0
0	0
2	0
0	0
1	0
0	0
0	0
0	0
2286	6
0	6
0	0
18	0
341	583
0	583
0	0
17	275
6	198
3	67
53	83
0	21
39	0
0	0
39	497
0	497
0	0
22	0
4	0
0	0
0	0
0	0
0	0
0	0
0	0
0	0
0	0
0	0
0	0
0	0
0	63
3	1
21	63
1	15
0	6
0	0
0	8
0	1
0	0
0	0
0	0
0	0
0	0
13	34
0	0
0	0
0	0
0	0
0	0
0	0
7386	907
19	69
33	822
15	97
173	97
1	0
722	2584
0	2584
0	0
0	0
0	0
25	0
0	0
0	0
0	0
0	0
0	1
0	73
0	73
0	78
7279	0
1	0
0	0
0	0
0	0
0	0
0	0
0	0
0	0
0	0
0	0
0	0
0	0
0	0
0	0
0	0
9	1046
0	1074
4	408
22	156
0	416
0	492
0	128
3	447
300	0
0	41
2	175
0	1676
21	1622
3	271
3	1107
0	1444
1	118
62	3336
4	1853
143	3173
596	590
402	1921
2	414
40	51
1	631
11	287
0	208
0	172
188	296
0	150
400	44
9	42
4	99
7	150
18	19
148	148
13	2
0	0
0	0
0	0
0	12
0	565
12	524
4	523
1	529
1	0
57	0
0	0
0	0
1	776
0	0
0	0
0	0
0	0
0	0
0	0
2	44
0	0
0	0
0	0
0	0
0	0
0	0
0	470
0	618
21	192
1	15
0	571
0	106
7	390
21	266
3	16
0	55
0	126
0	190
0	66
0	82
0	100
2	81
0	13
0	0
53	760
42	726
6	156
2	0
0	0
0	0
1	0
0	0
38	0
0	48
0	48
124	1104
20	1232
0	960
0	139
0	0
0	0
0	0
0	0
0	0
1	6
0	0
1459	228
3	226
39	6
0	0
0	0
0	0
0	0
0	0
1085	173
1	137
1	34
0	19
0	0
0	0
0	0
0	0
0	0
0	0
0	0
0	0
0	0
6	24
0	0
0	0
0	0
0	0
0	0
0	0
0	0
0	0
0	0
5	222
5	490
0	230
0	476
20	145
0	0
1	17
0	46
0	38
0	0
0	0
0	0
0	0
0	0
0	0
0	0
0	0
0	0
0	0
0	0
0	0
4	2955
0	2860
0	2639
0	2732
0	225
12	84
29	406
1	360
0	0
0	174
0	0
1	0
0	0
0	0
2	360
0	150
0	9
4	0
0	0
0	341
6	13
2	0
12	0
2	0
4	0
3	3
0	0
0	0
0	0
3	21
0	64
0	1827
6	1824
0	159
0	0
31	3698
3	3662
11	75
0	113
1	16
0	46
7	328
0	48
1	50
11	86
7	21
25	198
101	172
5	38
0	107
0	107
0	107
1	104
0	47
2	0
0	9
0	8
0	0
1	15
5	137
1	137
0	122
0	0
0	6
209	0
359	2622
0	496
37	2529
0	0
0	4
0	4
0	1
0	3
0	0
17	11
0	11
0	0
8	2
1	2
1855	790
8	789
1	785
0	0
247	808
0	808
35	2
1	240
4	125
1	0
0	0
0	0
0	0
0	2
5	215
2	213
0	0
0	1
0	0
0	1
0	0
0	0
2	536
0	0
0	0
0	0
0	0
2	648
1088	120
21	120
0	807
14	775
3	548
23	70
94	514
27	106
23	20
0	265
0	132
11	49
29	129
74	757
4	2
2	15
1	756
0	40
25	0
1	173
2312	2439
0	2174
21	995
1	951
4	30
1	0
0	6
0	2
0	5
0	0
0	2
0	1
0	0
0	244
0	248
0	247
13	243
38	242
1	160
3	13
0	11
0	5931
95	5931
0	0
0	0
0	0
0	0
0	0
0	0
0	0
0	0
816	363
0	0
10	361
0	0
14	843
0	706
22	886
2	48
14	1552
3	196
0	119
4	49
0	0
0	0
0	0
0	0
0	0
1	1
0	1
0	1
1	1
0	1
0	0
0	1
0	0
0	0
0	0
0	0
3	1
0	1
0	0
0	0
0	1
0	0
0	156
0	0
0	0
0	0
0	0
0	0
0	0
0	2
0	0
0	0
0	0
0	0
0	0
0	0
1	0
0	0
0	0
0	0
0	0
1	0
0	0
0	0
0	1
3388	757
3	373
4	75
5	319
0	13
127	881
0	1494
2	3
3	181
0	727
6	468
0	370
8	66
30	245
2020	0
105	32
0	32
759	705
0	705
0	0
0	0
1	0
0	0
0	0
0	0
3	397
2	401
0	207
6	268
0	19
3	14
0	0
0	1
166	5584
0	1042
0	0
283	4711
93	5374
6	2351
0	1572
1	667
40	344
62	1910
1461	1683
9	1683
3	475
0	18
7	26
3715	1123
4	1119
0	0
0	0
0	0
1	100
17834	479
9	479
1	4802
0	4802
0	4797
4164	18
63	2315
105	2379
319	2402
0	0
58	273
64	108
1	208
9	21
0	4
0	4
0	1
0	0
0	0
2	4
0	4
1033	119
0	77
4	119
10	30
2	0
2160	1169
41	0
0	0
15	835
13	901
1	1330
0	1330
2	32
5	26
0	0
0	146
0	0
0	0
0	200
1	197
0	0
0	0
2413	2
0	0
0	0
0	0
2	1767
213	1872
0	121
0	360
2	112
33	250
0	236
0	22
4	2
3	68
1	17
4	2
30	2
430	0
741	4
1	4
0	1
0	1
0	1
0	0
0	2
0	2
0	2
0	0
0	0
0	225
5	230
3	217
0	20
0	0
5	17
5	11
3	11
0	8
197	0
0	0
0	0
0	22
0	21
0	2
0	3
0	2
0	0
0	847
625	0
10	1346
610	1346
3	388
2	1
0	1
0	1
7	2197
0	1849
0	1009
9	72
14	133
8	134
3	219
23	1
0	595
16	512
0	90
1	220
5	209
2	173
5	99
1	359
1	329
0	210
19	857
0	847
2	186
1	29
0	847
40	315
7	358
2	30
0	240
0	29
5	29
7	57
0	57
0	58
1	65
0	50
0	68
0	28
0	26
1	17
0	27
0	32
0	14
2	17
0	12
0	7
0	4
0	3
0	1
0	4
6	0
0	16
0	1373
0	0
0	0
0	2
0	0
0	13
12	11
0	11
0	2
0	12
0	2
0	41
0	15
0	41
1	36
0	38
0	13
2	15
0	2
0	14
0	6
0	1326
0	0
0	2
0	0
0	1
0	19
0	0
0	197
0	16
0	16
0	0
0	159
0	117
0	0
58	55
7	23
0	20
2	47
7	23
14	43
1	37
0	16
0	1373
0	0
0	0
0	2
0	2
0	41
0	5
0	2
0	41
0	17
0	37
0	38
0	38
2	17
0	1373
0	2
0	0
0	197
0	181
69	36
0	0
0	0
0	0
4	0
0	15
0	14
0	10
1081	830
1	8
3	18
0	0
0	0
0	0
0	0
0	0
1	0
3	200
1	200
0	200
0	45
1	0
0	14
0	18
0	442
15	437
3	9
56	449
3	447
1	22
0	436
0	0
0	0
0	0
0	0
1	0
12920	3484
25	781
40	104
67	222
0	764
9	298
10	287
7	23
0	56
0	60
0	28
0	49
1	33
2	17
1	2
0	589
72	895
9	857
4	68
12	61
81	1426
5	494
3	417
0	866
0	857
0	406
2	517
3	204
4	133
2	278
16	118
41	1978
0	1980
11	2001
17	1894
0	1980
0	1845
2	313
1	129
0	61
0	42
2	3
0	9
2	9
8	134
572	4054
0	3971
0	276
159	622
24	2875
0	2941
0	2926
0	386
0	0
0	262
0	0
91	2157
3	2
74	845
24	287
0	135
5	296
0	3
0	37
0	2
1	37
1	2
0	981
0	4
0	212
11	13
0	7
0	31
0	18
36	567
2	8
8	973
0	103
0	67
0	14
0	778
0	977
0	61
0	109
1	3
0	1
0	1
0	0
0	1
0	1
0	0
296	1081
0	1013
0	64
4	108
0	139
3	110
0	131
0	119
0	134
3	120
5	9
3	4
5	20
2	29
0	16
6	4
0	4
516	87688
0	87686
73	19
176	547
1	154
24	571
2	233
0	321
0	246
15	480
32	399
3	258
1	313
0	113
0	86
2	60
0	124
0	41
9	7
118	7
334	1124
0	1118
0	315
0	78
2	76
0	9
3	9
37	10280
0	10374
376	12234
3	6249
0	502
32	1828
12143	2619
1	131
0	680
2	59
30	1724
1	1501
3	240
55	54
466	1032
3	898
0	203
9	372
0	146
6	146
12	359
0	448
40	457
0	385
3	58
1	61
0	105
1448	512
11	478
2	122
0	452
10	8
18	115
2	42
0	0
0	0
0	0
0	0
34	449
1	430
15	273
3	0
0	28
0	273
3	97
0	97
0	24
0	14
0	0
2	7
0	7
1	346
4	341
0	183
6	152
46	534
5	351
37	105
0	0
1	0
0	1155
1	180
0	155
0	182
0	191
0	34
0	13
0	7
0	25
1	11
0	0
0	0
0	0
0	0
0	0
35	0
34	0
0	0
0	0
0	0
0	0
0	0
0	0
0	0
0	0
0	0
2	1
0	1
0	0
0	0
3	301
10	301
0	0
0	1
93	530
0	530
3	0
0	5600
3	4354
0	5600
0	4392
2	4393
52	4914
3033	15835
11	9293
4	14955
17	13437
0	11546
2	1955
16	5319
1	2431
37	4581
16	2820
15	1251
0	2032
0	1220
15	1200
0	0
77	0
50	13
0	7
15	2653
3	2694
0	2649
0	571
2	433
10	267
0	269
19	8
0	226
2	194
17	227
130	116
0	87
0	79
0	105
4	13
1	5
0	0
938	177
0	149
0	73
0	80
0	0
1	0
0	0
74	34
0	24
0	30
0	33
0	24
0	24
0	15
0	25
0	22
0	19
0	26
0	19
0	16
0	6
0	21
0	0
0	0
0	0
3	12
0	9
0	1
0	3
0	5
2	0
0	0
0	2
38	1114
0	868
11	168
2	639
152	838
0	0
0	151
333	546
0	76
0	0
0	0
0	0
229	238
0	27
0	162
0	172
0	149
0	83
9	647
0	662
75	381
0	64
7	17
0	17
27	275
0	244
0	170
0	40
0	191
3	19
0	97
157	273
0	273
0	11
321	898
3	787
27	896
1	373
0	0
0	10
0	67
0	66
0	0
103	224
10	97
4	71
0	22
0	179
0	149
0	3
228	452
0	93
0	197
1	346
0	0
952	871
3	117
31	725
0	558
0	3695
1	3695
0	3
1	935
0	713
2	705
58	0
1	616
197	688
0	284
6	232
1	121
2	2
0	0
0	0
5	67
0	10
0	8
0	8
0	0
0	10
0	8
0	0
0	0
0	0
2	0
0	0
4833	562
3	562
8	1
0	1
2	331
5	303
0	331
4	4
173	194
0	0
0	1
0	1
0	0
4	2239
48	2240
0	7
4	243
0	233
96	22
0	9
0	21
0	0
0	1
494	1162
3	1141
0	0
21	363
7	21
12	125
6	101
22	36
8	0
1674	394
2	185
5	0
0	394
22	121
4	143
13	292
18	185
0	7
1	10
0	0
0	0
0	26
0	0
0	0
11	225
0	215
17	231
0	0
0	0
0	0
1010	2
7001	4581
262	2284
2	1000
4	2937
5	192
0	198
4	0
57	328
0	248
34	304
0	78
2	0
4	7760
0	7760
16	7909
1	400
36	89
25	2217
42	1
1219	191
36	191
30	11
0	3
0	3
0	4
1	0
3	179
0	174
0	153
15	7
16	5
0	0
0	0
615	3096
0	3096
41	8
0	0
0	0
0	2288
102	2294
0	23
0	134
0	116
0	72
9	792
0	198
0	398
1817	1513
0	1539
0	1
2	748
9	788
0	27
4	47
600	143
0	96
1738	1410
0	1406
5	1044
11	185
0	0
0	0
0	0
0	0
0	0
1	112
0	5
0	107
0	16
4	378
22	168
802	789
0	626
1757	347
2	316
0	0
1	3
12	31
22	53
0	5
243	293
26	30
2	263
2	4914
0	29
0	700
28	925
4	867
27	24
6	81
63	44
0	247
11	173
5	247
3	3
0	174
342	678
0	522
57	631
0	157
29	0
0	0
0	0
0	0
0	0
0	0
0	0
0	0
0	0
0	0
0	0
0	0
0	0
0	53
0	43
0	52
0	42
0	0
0	0
10	585
108	595
29	27
10	0
0	0
0	1
0	1
1393	2
0	208
8	208
2729	407
0	287
4	129
907	147
81	147
0	31
0	425
0	1585
0	3072
5	2986
0	273
162	639
83	722
49	383
10	138
18	11
0	46
0	46
0	0
2	0
0	0
2	30
0	2
0	0
0	1
0	0
0	0
0	144
0	0
0	0
0	0
0	618
0	0
0	0
0	0
0	0
0	0
0	0
4	0
60	2920
0	2930
0	234
2	220
0	839
0	0
0	0
0	0
0	0
0	0
0	2
0	0
0	0
0	0
0	0
0	0
0	0
0	0
0	1
0	0
0	0
0	0
0	0
0	0
0	0
0	0
0	0
0	0
0	0
0	0
0	0
0	0
0	0
660	685
4	685
3	216
4723	247
1	247
0	0
0	0
0	0
72	129
0	59
1	70
0	30
0	0
0	0
9	5893
71	8029
3	159
9899	7858
18	7809
50	5576
0	0
1	49
1	1107
84	67
0	53
0	233
0	232
0	56
0	1074
9	0
3	959
2	427
2	207
10	950
0	528
0	0
1	0
0	0
429	160
0	12
8	66
2	101
0	0
0	12
0	0
0	0
0	0
0	4
1	5
0	1
0	0
0	0
0	0
0	0
0	0
0	0
0	13
275	220
0	209
0	203
0	0
0	0
0	0
0	0
0	7
0	0
0	0
3759	1946
108	550
8	322
6	1430
0	0
0	2
0	0
0	0
0	0
0	0
9225	1661
2	999
6	958
52	0
11	0
0	0
0	0
2	0
0	0
0	0
0	0
0	0
0	0
1044	656
0	308
8	467
4	59
0	0
5	139
6	49
24	34
5	393
0	391
0	19
601	640
1	128
11	18
47	221
0	496
2	110
0	174
2	161
0	7
2834	1161
0	741
1	972
8	1014
102	1001
0	0
0	1
0	1
0	0
14	17
0	17
3	3748
0	0
5629	4467
8	736
3	1554
1	961
68	227
2	0
3057	500
7	109
46	391
66	123
6	32
0	27
3	0
0	0
0	0
0	0
0	6675
3	1
0	132
0	0
0	146
0	2878
0	108
6	104
15	2182
0	22
0	7
3	2880
0	0
0	0
16	307
24	541
2	210
0	2857
0	2888
0	2836
0	2875
0	2844
0	0
2058	0
24895	15
0	0
0	0
0	0
0	0
5336	703
70	713
23	646
20	362
0	243
0	254
0	244
0	243
0	254
0	253
1	244
3	33
0	1848
1	1937
57	1938
3	1935
0	1933
0	0
32	0
1	97
1	81
0	53
0	0
0	1
0	0
11	2
0	2
1562	4847
1	315
0	4532
16	159
76	1212
147	2594
34	345
32	490
9	1492
1	960
2	538
0	0
13	0
1591	2
0	23
1	180
110	276
0	278
5	284
0	723
69	720
1	717
7	27
20	27
0	0
0	0
1	76
3469	402
14	217
4	125
52	90
7	0
1	111
23	330
0	310
8	23
12	41
1	0
344	18175
16	17979
0	8758
1	6878
3	5828
26	5958
2	1638
13	841
0	2892
0	825
0	711
12	349
19	350
0	0
0	0
65	1087
0	1087
1	121
389	296
105	244
0	33
1	83
328	468
22	428
0	43
84	36
29	21
476	225
0	20
3	10
0	213
1	40
0	0
1	0
0	0
0	0
0	0
0	0
0	1
0	1
0	0
0	0
0	1
0	0
0	1
0	0
0	1
0	1
0	0
0	0
0	0
0	0
0	0
0	0
0	1
0	1
0	1
0	0
0	0
0	0
0	0
0	1
0	0
0	0
0	0
0	0
0	0
0	0
0	1
0	0
0	0
0	1
0	1
0	1
0	0
0	0
0	1
0	0
0	1
0	0
0	0
0	1
0	1
0	0
0	1
0	1
0	1
0	0
0	0
0	1
0	0
0	0
0	0
0	0
0	1
0	0
1	0
0	0
0	0
0	1
0	0
0	0
0	0
0	0
5	0
0	0
0	0
0	0
0	0
0	0
0	0
0	0
0	0
0	0
0	0
0	0
0	0
135	492
3	492
9	396
0	396
1	356
0	345
6	0
0	182
0	0
489	231
0	229
0	1532
0	2193
130	1504
47	1155
35	945
26	961
141	128
659	4911
144	799
25	4911
0	799
3	495
93	147
1202	84
17	84
1	89
2	89
0	36
25	62
42	72
0	16
1	85
1	68
1	0
3	10
1	22
3	6
96	5666
2075	5666
10	627
336	4
0	4
31	945
2	1053
42	1077
67	957
3	927
1	37
15	0
0	577
12	302
0	23
0	1294
0	525
0	100
0	62
0	0
16	437
0	1129
4	325
1	53
18	271
18	1087
10	125
14	598
1	70
31	511
1	0
0	0
0	0
0	0
0	0
0	0
25	188
1213	535
13	420
1	0
15	0
0	0
26	818
232	575
18	833
3	245
0	115
22	194
30	173
107	624
2	410
0	0
1	353
7	357
1	127
1	0
0	0
1	0
0	0
717	19
0	19
0	0
0	186
5	187
0	225
0	303
5	296
0	285
0	302
0	189
0	190
0	178
0	3
9	2
11	152
19	4
2	8
4	38
2	28
3920	163
27	1216
5	7
0	192
0	202
0	1217
0	1
0	0
0	3
0	3
0	0
0	0
0	0
1	0
0	0
151	191
0	191
31	0
0	64
0	10363
25	10335
356	10363
0	0
0	0
1	0
8	4226
0	0
0	0
0	0
0	0
4	0
0	0
1031	0
3	36
1	36
6	715
5	713
0	93
0	134
0	0
0	0
0	0
1451	393
0	181
1	110
4	226
0	0
0	0
0	0
3	392
0	0
0	0
0	0
0	0
17	2
1	2
0	1
0	0
0	0
3	1
0	6
9	374
2	90
0	0
494	1346
11	1346
4	202
1	49
6	2001
7	1716
2	3
0	0
849	61
2	61
0	0
0	0
0	0
1	30
0	0
0	0
0	0
0	0
56	1925
0	1986
11	1805
60	1385
7	1289
25	161
25	80
226	817
3	253
245	688
0	0
147	0
0	0
0	11
0	11
0	0
0	0
0	0
0	0
0	0
0	0
0	0
0	0
4	0
0	0
0	0
0	0
0	0
0	0
0	0
0	0
7	4893
3	4896
318	2046
15	0
0	0
0	0
0	0
0	0
0	0
0	0
0	0
0	0
0	0
0	0
0	0
0	0
0	13
1	14
1	0
1	5
1	41
0	1370
3	0
70	1370
20	408
0	51
8	7
4	29
0	0
0	0
0	0
0	0
0	0
0	0
0	2
617	0
0	0
0	0
0	0
0	0
0	0
21	3845
7	2962
0	2201
0	1995
0	2012
0	2016
0	2071
89	2806
1	2102
0	268
115	654
13	270
0	159
5	24
15	258
0	224
0	0
1	0
0	0
0	0
0	0
0	0
0	0
0	0
0	0
0	0
0	0
0	0
0	0
0	0
0	0
0	0
0	0
1	0
0	0
0	0
0	0
0	0
3	1419
0	0
0	2
0	0
1	0
0	0
0	0
0	0
0	0
0	0
4027	8
0	0
3	1059
14	1070
0	1083
5	104
0	203
0	884
3	5
0	56
2	17
5	37
3	2
10	95
0	49
0	24
0	0
8	92
29	21
0	0
0	0
0	0
0	0
0	0
0	0
0	0
0	0
4	0
0	0
0	4667
8	4682
36	4612
0	1193
3	1185
4	1150
68	855
57	758
6	638
0	0
238	538
0	185
1	41
13	0
0	0
0	0
0	0
2213	1587
1	1403
0	549
1	103
104	153
4	55
0	0
3	160
1	153
0	162
0	3
2	2
0	4
1	25
9	42
0	0
0	0
0	2
2062	1152
18	420
21	732
4	224
4	208
6	214
1	139
0	0
1	0
0	0
0	544
243	848
16	364
13	663
1	861
16	838
1	95
0	26
663	832
4	73
0	77
16	934
18	935
82	54
233	25
1	161
0	0
0	6
0	248
0	254
10	71
7	229
0	0
0	20
1	1
1	13
0	0
0	0
0	0
0	0
6	44
0	0
5	314
0	318
0	281
0	41
0	264
4	12
0	34
0	1
0	1
0	69
0	79
0	44
0	22
0	11
0	7
54	43
0	39
0	21
0	2
0	2
2	1
1	1
0	27
0	0
0	0
2	225
3	40
3	225
4	0
0	0
2	61
0	0
9	135
155	137
5	85
1	51
0	0
0	67
1	4
7	3
0	0
0	0
1	4
1	394
0	90
0	389
6	33
4	62
1	0
0	31
0	3
0	302
1	0
0	13
0	13
0	2
1	2
0	0
0	0
1204	7
546	275
12	275
0	0
0	35
0	20
37	3
34	785
1430	3300
2	884
9	820
0	976
4	1403
0	1403
36	420
64	7709
1253	10004
4	8689
1	364
0	0
3762	19688
47	15234
14	10565
19	6345
2	438
0	417
1	103
89	57
0	15
0	15
0	5
0	5
0	0
0	0
0	4
0	4
0	4
0	0
0	0
0	0
744	2266
0	964
0	480
0	166
1	842
215	674
456	923
0	384
0	0
0	0
6	3
114	1904
9	330
18	1861
0	0
2	60
1	0
1	60
4	89
91	715
12	117
0	64
1	264
558	360
0	360
0	0
0	0
0	0
0	0
0	0
2	46
0	0
0	0
0	0
0	0
0	0
0	0
0	0
0	0
0	0
0	0
0	0
0	0
0	0
4	0
6423	14
2	0
0	1
3	1
1	0
0	0
0	0
0	0
0	0
0	0
1	0
0	0
0	0
0	1
0	1
0	1
0	0
0	1
1	1
0	0
0	0
0	0
0	1
0	0
0	2
0	1
0	1
0	0
0	0
0	0
0	0
0	0
0	0
0	0
0	0
2	0
209	0
0	0
0	0
0	0
0	0
2	0
6	0
764	6
0	0
1	4
0	0
0	0
0	2
0	2
3	24
12	24
1082	0
0	0
0	0
1	0
0	0
0	0
2	0
0	0
0	0
0	0
0	0
0	0
0	0
0	0
0	0
0	0
0	0
0	0
0	77
0	75
0	75
0	76
0	73
0	77
2	8
0	24
0	27
3	27
13	22
0	8
0	1
1	0
0	0
0	0
0	0
0	0
0	0
0	0
0	0
14	90
0	6915
0	0
0	0
0	0
0	47
0	0
0	0
0	0
0	0
0	0
2	1
98	0
0	0
0	0
0	0
0	0
0	0
0	0
0	0
0	0
0	0
0	0
0	0
12	7
1	7
0	0
0	0
397	73
100	73
375	1276
559	2427
1	474
2	417
42	743
7	191
1	493
3	203
149	285
23	3509
140	3509
0	0
0	82
3	549
0	593
13	548
1	14
0	3
0	3
3	86
259	2327
0	1828
2	109
95	493
8	176
0	126
0	81
13	49
34	31
0	0
1	0
0	8
8572	10
10	0
15	3
2	3
0	0
1	0
2	0
0	0
1	0
0	0
4	0
3	0
2	0
0	0
1	0
2777	4
1	0
0	0
0	464
8	307
16	253
1	22
0	0
3	264
0	28
0	22
0	27
0	176
0	298
0	80
1	95
1	5
1	119
6	7
1	161
0	44
0	57
13	2
4	2
436	9483
118	3518
54	1092
0	3767
4	960
9	394
0	469
2	259
13	133
31	27
53	5389
0	1
0	0
0	3
0	3
0	2
0	0
0	0
0	0
0	0
0	0
0	0
0	0
0	0
0	0
0	0
2	0
2276	0
45	77
13	77
0	0
0	0
0	0
0	0
12	31
0	0
0	3
0	3
0	3
0	3
0	3
1	3
0	0
0	0
0	0
6	0
14	430
1	3021
1	2880
18	2867
0	2809
0	2593
0	299
42	213
0	0
0	0
0	0
0	0
0	0
1	0
0	0
0	0
0	0
0	168
0	346
0	400
133	426
0	154
0	0
0	25
0	5091
0	5204
24	2273
20	3647
7	1570
0	517
8	64
15	1019
0	3147
73	392
22	253
6	1732
46	1050
0	1
0	0
29	0
0	0
0	0
0	0
0	0
0	0
32	2
0	2
0	0
0	0
0	0
0	0
20	2267
17	2267
6	17
5	161
35	4483
0	896
0	4397
1	3034
0	4435
0	4238
0	52
90	78
0	314
1	45
2	377
1	41
0	260
0	240
182	0
1	137
0	233
1	1
0	1
0	0
60	23
16	0
1	0
0	0
38	452
9	452
9	89
56	0
14	0
0	0
0	0
0	0
0	0
0	0
0	0
0	0
0	0
9	0
25	0
0	0
0	0
102	57
53	438
319	469
1	52
14	142
5	92
4	29
18	136
1	127
4	76
21	5
2	0
3	64
0	1
0	2
1	72
0	3
0	26
3	64
0	0
276	1384
3	1384
0	0
526	0
12	0
0	0
0	4
0	4
2	0
1	0
0	0
450	1959
0	1862
0	43
0	99
0	0
0	0
0	0
0	0
8	41
79	41
0	13
0	0
6480	1041
14	69
0	621
51	283
0	446
9	290
0	0
1	91
0	59
2	0
0	0
0	0
0	0
0	0
48	0
0	0
3	2
0	0
0	0
0	2
0	0
1	525
2	525
0	525
0	32
0	25
0	68
0	36
0	109
0	370
0	372
1	52
0	371
0	11
0	368
0	367
2	0
460	2695
3	2695
2	399
258	397
5	396
0	1
0	88
3	115
0	25
0	0
0	0
5	20
0	0
0	0
0	0
0	0
0	0
0	0
0	0
0	0
0	0
7	36
0	445
1	3
4	2
2	13
200	451
0	10
1	386
2	3
1	0
76	434
0	390
8	428
17	259
0	0
2	15
21	15
1	81
0	4
0	79
1	4
0	4
0	88
0	6
4	19
14	100
2	37
1	1
0	2
1	13
0	0
0	0
1	0
0	3
0	3
0	3
0	3
0	3
0	0
0	0
588	369
19	369
0	57
0	90
0	95
0	85
3	99
17	58
0	0
1	3
0	0
1	26
2	4109
1	9
0	442
2	1
243	25
7	3
0	4104
1	4074
0	10
1	4160
249	439
153	495
5	1121
91	508
13	456
17	456
108	37
9	30
2	17
16	0
0	0
0	0
0	0
0	0
674	140
0	81
0	57
0	0
0	0
0	0
0	0
0	0
88	22313
0	0
0	0
0	0
0	5
0	0
1	0
0	4
0	8
9	9
0	4
0	3
0	3
0	1
0	1
0	0
0	0
0	0
0	0
0	0
0	0
0	93
0	93
0	0
3795	2
2128	4
0	0
0	0
0	8
0	1
0	0
0	0
0	2
0	0
0	0
0	0
0	0
0	0
0	0
0	0
2	5284
137	719
17	5380
5	3
2364	0
0	0
0	0
0	0
0	0
0	0
1	0
0	0
0	0
0	0
0	0
6	0
6194	14
2	0
0	0
0	2
0	2
0	2
1685	38
21	36
1	27
5	252
0	6
1	246
14	1378
2	1287
0	457
0	426
67	135
4	31
0	274
1	103
19	157
13	20
3	18
0	19
0	17
0	0
0	1
0	0
11	0
961	1332
14	1318
0	1170
0	39
0	79
0	78
2	66
0	0
0	0
0	217
838	1734
2	448
63	1581
0	1354
46	186
0	1321
3	99
0	260
9	1253
5	1502
0	132
0	0
14	49
15	10
2	776
41	16
10	452
166	762
138	221
0	305
0	450
36	80
30	38
1	234
0	16
0	36
8	252
0	18
4	210
4	224
0	125
0	24
0	2
0	1
0	1
2	0
536	330
0	208
0	50
9	218
0	213
0	171
3	17
5	10
0	2
11	7890
0	1257
0	3980
21	3004
2	3305
0	6139
6	0
356	1318
0	1090
2	198
0	123
0	228
1	159
18	11
14	213
19	220
0	44
0	0
718	607
0	434
0	252
0	245
1	301
0	81
0	151
0	114
104	2437
124	403
13	1302
2	1068
1	38
4	0
0	625
0	490
1	20
2	0
86	648
5	436
0	0
11	1177
0	676
0	1088
0	79
0	62
2	137
0	0
2	4
0	4
0	8
0	4
0	0
0	0
0	0
0	0
0	0
0	0
0	0
0	0
0	0
0	0
0	0
1	0
0	0
0	2
0	2
3	0
0	328
141	323
0	227
0	256
0	46
0	227
0	330
0	216
0	201
0	253
12	221
0	38
0	218
0	1
0	1
0	0
0	0
0	231
0	0
0	0
14	1
21	21
0	293
2	3
0	22
7	0
0	84
0	50
0	38
586	460
0	460
14	579
0	179
0	319
0	390
2	248
0	276
182	336
0	523
4	31
0	302
2	240
0	298
4	113
1	121
816	1287
0	765
0	524
0	429
0	247
0	73
1	0
0	38
0	38
1	22
3	833
0	288
0	803
17	776
33	780
0	102
6	88
0	16
0	0
1306	5672
2	2173
3	2156
1	3132
0	1972
0	686
0	0
4	689
3	609
2	221
1	1017
126	720
0	829
5	862
1	481
0	211
6	50
2	736
0	39
0	392
6	223
11	228
3	178
0	7
0	7
0	7
4557	0
6	0
0	0
0	0
355	174
0	80
0	150
1	15
0	26
1	0
117	6
1	6
0	0
0	64
27	1800
12	1768
0	0
13	1129
0	0
0	0
12	0
0	0
22	11
0	0
1	69
2	39
5	19
5	56
44	149
0	90
56	249
824	607
66	607
0	12
1	72
511	104
0	0
10	0
5	32
231	1617
9	0
4	160
6	1533
15	78
0	111
61	1139
26	12
0	16
2	134
70	0
1	1353
38	1409
0	522
5	0
0	0
498	1242
30	639
2	593
1	475
14	159
13	20
983	153
27	153
637	0
9	0
13	84
0	70
0	82
0	0
0	12
0	0
0	0
0	3824
0	3523
5	3667
63	1023
0	0
4	148
0	414
62	70
2	1659
0	167
15	179
0	17
13	161
23	2828
0	2831
1	2742
1	2843
4	2849
1	2978
0	435
0	2475
4	2299
8	185
32	96
4	420
0	487
0	220
78	3
1	120
0	81
5	47
0	0
3	42
0	1
1	1
0	1
0	1
0	0
581	2642
2	1973
2	58
14	1794
0	1374
8	15
5	71
10	1909
40	528
29	474
0	55
0	0
2	14
44	14
3	701
719	3649
84	638
46	474
0	864
0	3518
5	76
6	490
930	3013
0	3012
0	652
0	0
0	0
0	0
0	0
0	0
7	16
0	15
0	2
0	1
19	308
304	308
2178	584
0	0
0	0
30	584
0	0
0	0
32	0
1	148
0	137
0	143
0	142
0	143
1	143
0	131
0	28
1	15
0	14
0	10
0	7
0	0
1	1
0	2
0	2
0	3
0	3
0	0
0	1
0	0
0	0
0	21
0	0
16	144
0	4
20	130
0	4
0	0
0	50
1	53
0	0
0	1
2	806
0	81
13	438
31	155
3	80
1	33
7	182
0	76
14	685
0	222
0	582
5	55
0	0
0	2
0	319
16	0
5	422
0	252
0	375
0	259
0	30
0	52
2	29
16	15
0	0
0	0
0	0
0	0
0	0
0	0
0	0
0	0
0	0
0	0
0	0
0	0
0	0
0	0
0	0
0	6
0	6
0	7
0	7
0	0
0	0
0	14
0	14
0	0
0	0
0	0
0	0
0	0
0	0
0	0
0	0
0	0
0	0
0	0
0	0
0	0
0	0
0	0
0	0
2	397
1	18
0	0
0	0
0	0
0	0
0	0
0	0
0	0
0	0
0	0
0	0
0	0
0	0
151	0
6	0
5	0
8	0
2	0
0	0
477	0
212	101
57	103
0	0
9865	3271
1	3262
2	17
3	474
0	0
4	516
0	180
0	494
1	39
0	54
0	18
3	44
0	5
0	44
0	30
0	1404
2	1306
17	1391
0	1404
2	243
0	1022
1	0
0	1018
18	11
0	11
0	0
0	0
0	0
0	0
0	0
1	0
0	0
0	0
0	0
0	0
0	0
0	0
0	0
0	0
0	0
0	0
0	0
0	0
0	0
0	0
0	0
0	0
0	0
0	0
0	0
0	33
5	38
0	18
0	0
0	0
0	0
254	1073
69	530
12	960
47	467
1229	995
2	577
0	63
2	0
1	126
0	617
0	608
49	532
1	234
0	251
9	33
542	118
3	114
0	43
0	506
1	422
0	43
46	175
6	12
0	478
0	105
0	61
4	6
19	74
0	287
7	115
5	3
23	15
0	0
0	0
0	0
0	0
0	0
0	0
0	0
0	0
4	419
42	726
8	829
38	564
5	88
0	36
1	357
0	43
62	432
1	318
3	256
3	23
3	11
0	16
33	2505
68	4139
2380	4154
5	3525
2	82
55	448
1936	375
2	22
0	65
2	136
0	8
5	194
129	97
0	283
19	276
0	49
0	0
0	26
7	0
237	9
2	1122
10	1057
2	9
0	1320
0	1349
0	1193
2	994
0	17
4	204
38	31
1	97
21	89
17593	14961
97	14959
150	12052
0	0
0	641
0	0
0	40
30	197
1401	1027
0	849
1	3451
2	3363
0	3650
0	3862
0	3744
0	3884
5	137
10	233
1	41
10	469
1	413
0	403
9	302
1	252
3	224
16	34
0	295
0	0
16	406
0	406
54	173
0	0
3	14
0	162
1574	4623
3	4621
61	141
6	584
38	0
2	106
2	106
9	3
11	62
13	6
252	1526
0	1278
128	1303
44	559
11	246
33	437
45	12
0	109
2745	11433
10	1740
197	10404
0	5367
0	0
6691	9595
13	858
0	6564
3	4274
1	8831
3	6751
311	23
2	23
1	170
1	183
0	25
0	86
0	66
0	14
11	93
0	193
0	30
6	174
0	204
0	47
0	112
3	51
191	982
22	331
0	0
0	874
1	87
0	280
296	421
0	51
5	146
0	240
0	141
6	128
7	64
0	71
0	5
8	69
2	54
0	58
0	21
0	22
113	0
0	0
0	0
0	0
3	0
398	0
0	0
1	0
0	0
0	0
64	1031
4	221
1	338
10	176
3	121
12	476
1	297
0	1
0	94
3	103
2855	198
13	107
1	0
0	91
0	0
4	346
64	268
0	264
0	0
0	53
2	32
32	91
0	29
5	125
6	125
0	12
1	11
1	7
6	35
75	167
6	159
12	105
2	16
0	12
10	9
4	5
1	4
4	1
0	2
3	3
0	3
16	577
1	627
0	564
1	0
0	0
4778	20079
3	8583
0	0
12	2985
87	3481
0	9051
0	0
0	5326
0	3
7	0
0	0
172	819
0	686
9	13
0	108
0	128
12	178
0	26
0	5
17	2
6	0
1	0
0	0
0	1
1	1
0	0
9	89
0	78
3	89
0	3
0	89
3	89
1	1518
0	1535
17	1590
0	1040
0	1007
25	111
12	38
11	261
5	103
87	98
3	66
1	6
4	0
1	0
0	0
0	0
1	0
0	0
0	0
218	772
57	201
27	629
0	0
18	91
0	70
8	363
19	580
76	565
12	529
10	39
1	28
2	14
57	1
0	0
0	0
9	386
3	0
0	0
0	1077
0	0
24	1115
0	2
24	734
0	607
0	128
2	303
1	299
2	702
0	81
0	6
6	28
0	0
0	17
0	19
12	277
0	7
0	10
0	1
0	0
0	2
0	270
0	280
0	222
2	0
0	65
0	20
10	16
0	0
428	2445
5	1650
0	2101
1	949
41	298
14	519
7	709
23	117
133	174
3	358
14	308
0	325
3	49
2	86
635	168
5	13
1	24
0	5
0	68
14	33
1	33
1	0
0	0
160	2187
11	2207
9	1990
9	509
1	393
0	0
67	3218
0	3194
3	3178
10	2137
13	7
27	243
0	0
2940	11073
19	4708
84	7655
0	8277
19	145
0	0
21	461
0	2000
0	256
70	18
14	256
0	256
17	125
1591	657
0	610
1	27
7	0
23	67
1	47
8	972
65	726
0	118
0	721
1	422
0	1078
4	339
64	73
10	150
14	507
25	1508
7	1239
6	1182
27	1
9	126
25	62
17	911
1367	884
0	634
8	293
0	0
0	0
0	0
0	0
0	0
0	0
9	646
21	683
3	438
0	0
0	0
8	403
507	403
202	106
27	106
1	65
5	64
0	0
0	0
0	0
516	962
19	281
6	137
0	476
0	722
0	0
0	0
0	0
0	0
0	0
0	0
0	0
0	0
0	0
0	0
0	0
0	0
0	0
0	0
0	0
0	0
0	0
0	0
0	0
0	0
0	0
0	0
0	0
0	0
0	0
0	0
0	0
0	0
0	0
0	0
0	0
0	0
0	0
0	0
2	0
0	0
0	0
2	88
1	0
0	0
0	0
0	0
0	0
0	0
0	0
0	0
5	0
391	2105
3	244
1	188
1	142
0	2067
0	0
2	0
0	0
17	229
14	229
2	229
0	0
0	14
0	14
0	13
1	8
0	1
0	1
0	1
0	0
1	0
1	0
77	532
2	419
2	445
0	5
9	411
0	2
0	2
1017	421
0	0
0	104
0	85
4	412
1	393
0	248
0	355
3	308
0	13
0	373
0	62
0	26
0	33
2	64
5	48
0	0
0	0
0	0
5392	10836
64	9681
33	4954
50	66
14	1720
13	824
4	918
0	0
22	428
0	326
47	533
1	282
41	387
0	287
0	16
0	6
0	5
0	5
0	14
0	11
1	0
0	3
6	32
0	3
1	3
0	4
0	4
0	3
0	5
0	5
0	0
0	0
0	0
0	0
0	0
0	0
0	0
0	0
0	0
0	0
8	1
1	11
1	10
0	0
2	2
11	584
0	443
89	590
7	1
0	1
0	0
44	1
2	1
0	0
0	0
3	0
0	4
0	0
45	11
2	9
18	3
11	0
0	16
55	1387
0	209
17	1387
99	203
1	171
62	22
2	20
0	74
0	0
9	15
7621	0
5	225
78	225
0	0
1	76
25	0
0	17
0	18
4	25
3	100
61	112
0	2
0	0
0	94
76	0
22	0
0	0
52	21
7	974
3	15
95	4
13	12
0	659
0	632
0	458
20	719
1	58
18	683
0	201
8	49
4	56
7	0
1205	102
7	0
0	102
0	0
0	0
20	0
2	0
327	0
137	19
0	19
9	1272
7	1338
0	1274
16	330
0	600
5	173
0	46
0	231
1	101
0	0
0	0
0	0
2	59
0	0
1	7
0	76
0	73
0	5
0	0
0	0
2	116
33	408
0	414
2	136
24	36
0	36
1	15
1	3
770	229
7	229
0	0
308	92
0	15
1	77
1732	196
48	115
0	0
3	81
0	0
0	0
0	0
0	0
0	0
0	0
9	2406
93	2440
0	35
158	37
0	0
15	0
0	0
0	0
0	0
0	0
0	0
0	0
0	0
0	0
0	0
5	101
0	162
0	0
0	0
0	162
0	0
0	0
0	0
0	0
0	0
0	0
2	0
1	1814
18	402
10	1690
24	403
53	13032
43	13102
74	13127
46	818
37	1590
39	341
12	102
0	3
0	206
55	213
0	14
1	22
11	0
9	29
15	1468
28	1468
0	226
0	251
7	472
20	447
10	40
0	0
178	27
0	2
0	2
3	6
3	24
202	515
0	386
0	354
31	48
112	31
0	27
0	1
2	1
0	7
350	0
100	3
1	0
0	3
0	0
0	0
0	0
47	4312
0	4375
80	4008
4	4477
6	3998
248	4
234	4
1	694
58	858
0	0
7	103
24	103
9	6
0	2852
0	28168
1	2288
0	3113
54	21417
600	25401
0	24858
36	24850
0	24963
0	23822
0	27513
0	27936
180	1621
2622	1262
0	0
17	7485
79	7818
22	2867
0	0
38	1237
9	89
0	0
0	0
1	1
1	1
0	0
3	2642
8	1084
1	1085
304	1085
4	387
2139	341
8	143
18	261
286	217
3	1003
0	69
0	904
47	6
0	0
10	0
3	0
14	0
0	0
326	218
39	148
1	23
3	1
7	148
0	0
107	1
123	2035
24	1999
0	0
0	76
0	327
2	216
8	0
0	0
0	0
0	0
0	0
0	0
0	0
0	0
0	0
0	0
0	0
0	0
0	0
3	0
407	380
200	380
0	0
0	95
0	67
43	107
1163	398
4	311
9	0
18	87
0	0
0	0
0	0
74	1081
1	38
0	1081
0	25
0	0
3	35
0	56
4	21
9	132
1	1396
0	104
4	1396
16	116
12	0
0	0
34	177
0	234
0	226
0	224
16	232
1	199
367	324
28	120
0	245
12	0
0	0
1	0
0	0
0	0
358	486
1	486
0	305
3	189
67	155
1	140
0	37
30	55
2	79
124	364
4	324
0	13
0	53
0	0
42	3
2	3
3	112
0	0
715	552
9	266
9	56
20	75
35	171
2	0
861	97
6	97
11	0
262	298
17	240
19	240
2	61
0	142
1	137
8	62
11	7
668	144
10	144
0	0
66	0
1	573
0	2
0	2
0	2
1	2
0	1
0	0
2	135
3	11
0	135
0	30
519	272
35	270
15	8
58	102
0	102
2	8
4	2
0	15
61	267
0	271
0	55
7	1279
42	1274
3	15
0	3
9	164
0	58
3	0
12	433
31	424
19	392
6	1134
4	918
209	1153
0	1188
1	546
284	7059
42	2603
0	563
47	126
33	503
86	4067
7	217
274	1824
0	131
28	268
3	66
2	126
26	121
59	154
1	34
47	19
0	19
30	5
0	0
15	1308
0	1690
5	1703
16	1650
1	37
0	158
1163	250
17	250
166	4
0	4
0	661
76	657
53	503
2	13
0	12
0	12
1	0
3	2
0	1
2	0
2	39
1659	217
0	25
10	31
2	14
1	107
0	2626
0	2681
0	2681
13	1276
6	561
1	41
12	27
0	6
4	41
473	7
2	7
0	0
2	0
283	333
0	58
13	125
0	0
0	46
5	118
1	35
0	57
0	0
3	279
13	279
1	141
1006	1404
6	676
7	1221
2	0
569	810
0	810
1	793
0	83
6	189
3	2545
604	2847
0	2697
0	101
4	143
2	12
0	0
1	228
0	0
16	413
0	171
0	0
6	1426
157	1622
2	42
1	190
16	64
5	90
15	44
1	125
2	96
0	0
4498	2133
2	1658
40	2078
82	239
410	1180
111	487
1	91
106	152
207	78
87	35
3	0
21	463
0	426
0	301
0	388
0	226
0	0
0	26
3	5
11	828
0	722
192	226
0	61
5	35
28	47
0	0
2	385
45	288
0	0
0	22
0	22
0	16
0	1
574	0
0	0
0	0
135	0
0	1165
191	1165
0	72
6	72
174	0
0	0
0	0
0	0
0	0
0	0
0	0
0	0
0	0
0	0
0	0
0	0
9	13
0	0
0	0
0	0
0	0
0	0
0	0
0	13
1	289
28	378
1	234
43	42
0	6
2	4
198	19
0	19
1	0
0	2207
0	9
1	2
0	2205
7	21
15	1828
15	2186
0	495
0	56
6	470
4	0
1	263
0	6
5	6
16	248
0	248
0	43
0	3
0	0
0	0
11	89
207	89
5	51
0	104
0	110
0	0
0	65
0	28
1	59
11	22
1	235
81	1866
2694	1874
0	1109
4	0
0	2242
0	1837
0	1250
0	1893
0	385
2	201
376	2372
38	1955
1	1978
1	216
0	3
2	3
0	3
0	3
2	3
0	3
0	0
0	0
0	0
0	0
315	0
0	1000
0	845
8	808
0	655
0	85
0	76
68	150
1	222
1	224
30	244
10	0
32	320
0	10
0	6
760	1170
9	277
0	369
0	186
21	72
63	238
0	483
2	59
7	4599
13	4600
242	4600
2	251
2	244
0	3
1	3
0	0
28	79
9	79
4298	1021
0	1011
364	295
0	183
177	437
3	230
0	195
4	291
4	25
949	0
0	0
0	41
0	41
0	2
12	10
0	0
2572	576
1	57
0	77
113	225
0	110
1	190
0	22
2	286
0	0
0	2
0	2
0	0
4767	2
1289	1166
11	380
15	470
1	141
13	75
0	71
7	180
0	154
0	154
5	154
0	30
1	13
5	34
2	7
0	2
0	0
0	5
13	5
1926	2521
16	928
2	1954
1	191
59	44
22	473
20	1746
5	298
77	2688
0	260
16	817
3	309
4	730
2	180
34	663
0	2727
21	156
23	975
3	277
0	169
7	142
0	169
12	476
1	59
87	74
16	64
1	2
2	0
1	2
297	150
4	44
7	94
21	22
15	21
5	51
9	300
4	117
3	174
3	184
15	188
0	55
1	71
40	13
3	0
5	3341
61	3228
8	3347
0	890
0	678
1	670
1	91
1760	1600
0	1535
5	141
5	211
1	100
4	72
8	159
1	170
0	25
0	0
0	43
1	30
72	2234
21	17
1928	2223
29	388
0	0
0	0
5	686
4	6
449	15623
1	594
9	15695
0	1261
4	2893
19	0
0	0
11	149
1	0
0	0
0	0
0	0
0	0
0	0
0	0
1	0
0	69
0	74
0	71
0	74
0	62
0	65
0	66
0	7
0	11
0	0
1	0
0	11
1	4
5	0
5	1
0	1
2	2429
0	17
1	1964
0	1459
5	24
12	2421
2	83
2	0
0	2151
0	241
0	89
3	84
12	367
36	2234
0	2234
0	12
1	12
0	10
0	6
0	1894
0	2514
6	764
0	2183
2	2222
5	827
37	420
30	349
1	251
0	0
2	0
6	4021
280	4023
0	2602
36	849
11	437
2	1
0	1
13	0
357	531
0	236
4	274
0	20
48	23
931	276
29	271
2	63
6	5
11	37
2	37
0	0
63	4253
19	3829
1	3413
57	608
2	381
0	3498
0	3419
0	0
10	0
0	0
0	0
0	0
997	201
3	11
0	0
0	101
0	101
3	190
0	0
0	0
602	1432
0	47
2	2
0	46
0	46
0	280
0	32
0	6
1	651
6	0
0	0
0	0
0	0
0	0
0	0
0	0
0	0
0	0
0	0
101	403
0	16
0	368
1	336
1	174
0	10
5	0
0	27
216	1378
8	479
9	34
8	419
13	246
1	633
21	761
38	220
4	413
0	342
69	1073
9	98
741	0
10	264
117	1114
136	22
0	22
5	0
1	0
2	102
148	102
2	1709
90	1820
0	1761
179	1864
0	2681
0	3065
0	2856
0	2825
1	2941
86	3065
0	3090
0	3070
0	3188
0	2584
0	1603
594	519
12	1387
3	1387
11	190
0	0
0	334
0	0
3	0
0	0
15	0
40	0
2	3
511	2915
9	664
0	248
21	2384
0	0
4	22
0	22
37	729
1	729
0	473
2	386
17	27
5	41
5	4
8	0
17	0
0	0
10	0
538	349
2	0
0	349
8	0
0	243
0	280
0	187
0	291
15	349
0	206
2	206
0	107
0	5
0	5
1	152
0	83
0	139
0	28
0	1
1	440
0	648
63	581
1	210
13	424
0	60
0	89
2	192
0	189
8	27
9	47
16	50
25	1276
9	1228
0	1263
3	103
0	106
9	25
5	10
14	14
0	23
1	0
10	119
16	548
1	94
1	61
1559	2
2191	440
8	968
0	933
1	422
0	142
0	142
0	53
0	0
0	0
309	27
8	27
691	0
5	0
2	2480
878	3115
46	638
2	0
11	257
274	1791
16	1605
5	129
0	801
0	149
0	910
1	414
1	967
0	39
1	207
0	0
0	626
296	2
13	344
1	1784
0	1869
1	2041
1	1969
0	226
0	189
0	1006
0	1527
3	126
0	1401
0	143
0	215
147	11
0	5
1	8
251	0
0	18
380	129
13	107
0	51
5	14
6	14
234	2
0	0
572	595
2	572
6	102
8	393
10	8
4	0
2577	298
22	298
9	0
562	717
20	717
0	100
0	0
1	1
37	149
0	148
0	148
2	38
0	1161
3	1150
0	1
23	11
2	287
0	36
11	89
0	1139
8	1099
6	0
3214	1227
1	108
0	1
0	0
1	21
1	1212
30	85
0	0
1	1
2	1
0	0
0	1
0	7
0	1
4	8
0	2
0	6
247	120
1	5
0	21
1	100
0	820
115	1087
66	1004
0	95
694	197
0	138
2	122
18	100
15	68
1	61
0	0
112	1454
0	1454
3	201
1	43
9	44
881	352
0	0
15	68
0	112
4	2
2	187
0	0
442	0
69	71
0	71
6	295
8	673
2	198
15	664
23	660
1465	818
0	32
2	771
0	0
0	0
175	26
3	26
159	339
3	264
1	163
4369	76
1044	236
6	233
0	56
11	79
0	1
1	0
0	0
571	245
3	243
3	87
0	4223
12	4076
1	3365
173	783
0	0
6	28
35	101
0	0
1	0
3	8956
6	8502
8	8393
17	6686
0	5633
10	5850
7	1702
3	320
0	0
1	0
0	0
1	0
1	0
617	3926
0	2648
11	2241
8	2242
6	1664
0	993
2	1008
0	989
5	987
0	850
10	1006
0	973
0	222
2	1056
4	963
7	651
0	907
0	952
5	700
0	92
0	308
0	300
2	304
0	167
0	0
0	0
0	0
0	0
0	0
0	0
0	12
124	806
0	24
3	801
0	118
0	92
0	66
53	157
0	37
1	36
2	0
0	1
0	74
0	21
462	1
1	0
0	13
0	45
10	11
4	25
0	38
0	14
1	1
0	2
0	8
0	4
0	9
1	11
807	2039
3	1466
2	581
21	700
0	691
0	79
5	56
2	20
2	65
0	71
33	60
0	0
1	5
0	0
0	12
1	14
0	14
0	0
0	0
22	877
0	839
2	11
0	51
6	206
62	234
3	234
0	0
0	0
0	0
0	0
0	0
0	0
0	0
1	0
0	0
43	24
0	24
1	1360
5	1359
3	1387
1	186
1	69
28	56
0	0
0	0
0	0
0	0
5	0
10	689
6	2042
1	1997
36	1147
147	11
0	11
0	4
3	1207
1	239
0	30
1	0
536	1181
1	150
0	337
0	0
1402	3404
0	0
12	7
0	1102
3	2668
2	2376
0	0
20	278
0	40
0	84
0	48
58	281
0	8
94	0
17	1598
0	1635
4	1338
140	659
0	587
0	593
23	355
895	57
2	57
32	421
0	421
0	0
4	200
927	287
1	269
7	20
39	996
299	1784
1	691
18	279
31	82
0	0
0	0
1487	689
46	683
531	8126
399	4784
0	1050
0	1083
3	6300
1	2400
21	0
7	1532
1310	465
25	217
19	373
0	0
128	41
0	0
1	41
0	6
0	0
0	0
0	0
7545	524
80	514
0	0
0	0
0	0
6	1709
3	1672
0	1221
12	970
1	192
1	1286
3	29
24	34
25	91
0	163
12	113
0	310
29	802
0	105
33	291
1	141
1	159
0	155
0	132
0	57
0	10
0	3
1	28
0	0
0	0
2	150
1704	258
0	0
5	196
2	0
0	816
18	816
1703	1236
0	0
1	741
0	173
46	133
18	255
0	164
0	1
1	6
9	6
0	0
546	0
0	0
0	0
0	0
0	0
0	0
584	0
2	6
999	0
0	2
32	35
0	35
1	5
0	0
71	2291
21	2227
11	1501
605	1616
1	1502
19	209
8	302
0	257
15	172
10	44
3596	516
53	512
0	72
0	0
1	66
0	66
4090	2218
2	960
6	960
82	280
53	975
15	1463
44	698
16	373
0	780
12	86
7	5605
3	186
152	1771
45	133
24	5529
17	1557
85	2100
3	1576
10	1733
6	642
26	892
2	62
567	759
0	494
3	153
0	246
1	142
3	235
1	9
0	2
3485	0
0	0
2	0
0	0
0	1250
1084	11104
8	1081
15	9111
1	9041
1	4061
39	4972
21	2473
5	2249
0	0
0	0
2451	1046
53	1044
4	2
972	52
0	52
177	0
0	648
312	735
2	177
12	163
0	49
2	59
1060	215
11	140
0	0
44	2891
20	3026
1414	3427
1	2780
2	630
24	305
5	820
6	63
13	156
14	1495
0	0
1	113
2	2
0	2
0	2
0	0
11	0
68	6615
30	6641
7	15
0	102
4	3408
0	6584
6	9
9	3208
172	3088
0	2184
25	150
17	147
8	348
10	630
0	581
0	953
8	0
0	0
0	0
0	0
0	0
0	0
631	4407
0	4298
7	3554
2	334
0	507
112	716
1476	2
1417	167
12	167
1992	0
4	0
895	231
12	72
97	159
0	0
0	0
0	0
1	0
0	0
0	0
0	0
0	0
167	0
10215	4409
137	4407
0	0
80	0
0	10
0	0
0	0
0	0
1	0
2	0
147	14645
134	14645
2	37
0	0
1	605
0	0
0	0
0	0
3	249
79	2865
0	1357
76	2831
0	144
449	204
3	109
6	128
25	204
5	1288
0	111
15	27
6	366
0	96
12	40
4	86
1	99
0	390
5	6
1	205
0	261
2	2349
0	2525
0	238
41	0
63	2521
56	712
45	1130
8	49
14	12
7	12
0	627
104	28
0	0
0	28
0	20
0	13
0	9
0	1
0	1
5079	637
52	3
0	5
0	5
0	3
8	619
0	0
0	292
24	237
41	765
0	4134
0	3952
0	4013
0	12
0	43
0	3621
0	167
0	0
0	2944
0	0
0	1408
6	387
4	109
12	42
2	0
1	5616
0	26
8	635
9	5384
0	5328
0	5800
2	406
0	5142
0	773
3	5712
504	895
0	371
2	1318
11	340
0	55
0	7
0	3
1	6
0	54
2	12
0	12
0	11
0	8
8745	2
25	1901
89	3640
0	2602
0	0
0	0
2	183
101	183
3	0
1	0
4	4
95	1344
21	1283
1	116
1902	2
11	6
0	2
1	4
0	0
0	0
0	0
7	184
2	356
0	358
2	312
49	60
0	11
0	60
1	4
2087	0
20	27
0	27
0	494
0	495
0	493
1	130
0	13
0	2
1	8
0	0
0	0
161	1436
5	492
0	953
0	1
0	0
3	8
0	3
2	8
566	0
0	2365
3	2365
15	124
0	1032
21	1081
5	419
0	0
0	0
0	0
1728	430
2	421
2	9
488	580
3	580
0	351
8	221
0	0
6	0
1	5313
0	1062
0	4372
3	98
0	3414
17	3999
27	8
0	698
0	1961
0	4714
9	0
36	217
0	240
0	185
8	222
1	78
1242	50
15	50
1	0
0	0
0	7
0	0
2	0
0	391
13	575
3	420
9	19
5	53
2	127
11	2
1	2838
0	2842
4	51
0	4918
82	2477
21	1487
0	20752
422	20730
12	1543
0	8048
6	62
31	349
25	169
4	523
7	518
21	281
3	414
0	720
0	2210
181	2210
0	0
1	907
280	878
26	854
3	63
0	0
0	1
0	1
0	0
0	0
0	0
0	0
0	0
0	0
350	0
0	0
29	0
0	0
0	0
0	0
0	0
0	0
0	0
0	0
0	0
0	1288
1	1516
6	1805
0	2088
0	2028
0	2116
58	2172
5	220
0	258
1	36
0	202
15	122
0	0
0	0
8	6033
0	444
0	6060
0	348
0	222
0	0
0	0
0	0
0	0
648	340
19	159
14	179
0	75
1	19
0	19
1	0
1	0
0	0
115	8
0	0
0	6
0	2
0	0
1635	2632
32	2632
43	2207
16	1353
35	1960
28	1939
20	1819
31	550
0	259
5	359
0	79
3	291
0	42
0	15
24	48
12	137
4	184
21	418
0	439
0	422
0	435
0	32
0	36
2	22
0	43
0	35
0	1921
0	2132
0	853
16	243
5	300
1	292
4	602
0	504
0	10
0	226
10	459
0	0
2	1
0	1
8	4137
29	4191
103	4139
30	4129
0	0
0	0
0	267
1305	107
1	107
11	5
0	1
0	4
0	5
0	5
8	22
1	70
5	14
425	110
2	40
0	70
0	18
0	43
1	0
42	0
1463	387
2	105
2	22
11	260
0	0
0	0
0	0
8	0
0	11
0	11
0	1
0	1
0	0
2	0
0	0
0	0
0	0
0	0
300	0
3	0
77	912
8	924
13	824
0	14
2	186
1	152
0	205
61	3653
42	3653
0	9
25	90
10	1
41	130
137	0
0	2336
15	2339
0	2350
0	243
16	301
0	264
0	242
0	194
14	160
0	112
0	133
2	108
0	75
2	63
0	77
19	234
0	0
12	238
107	212
0	0
477	0
9	819
0	828
15	7
5	1
0	94
2	47
4601	3108
0	3098
0	1573
28	0
1096	64
3	21
1	43
10	112
0	262
593	394
7	108
0	6
1	130
0	0
1	0
0	0
0	0
0	0
0	0
0	0
0	0
1	0
3520	0
23	0
0	0
1	64
0	64
0	15
0	24
0	15
0	9
1	23
0	0
8	0
0	0
5	0
774	0
0	0
6	15
0	15
2	14
4	3
56	146
0	1
0	65
34	406
0	357
69	266
0	264
0	155
5	41
0	0
0	0
0	0
0	0
0	0
1893	63
0	0
0	0
0	57
4	29
0	181
0	8
0	0
35	45
328	148
2	148
0	0
0	0
4	2
1	0
0	0
28	856
0	15
19	854
1	149
2	0
0	0
0	0
0	0
0	0
0	0
0	0
0	0
0	0
0	0
0	0
2	8
0	0
0	0
0	0
0	0
0	0
0	0
0	0
0	0
0	0
0	0
0	0
0	0
0	0
0	0
0	0
0	0
0	0
0	0
0	0
0	0
0	0
0	0
0	0
0	0
0	0
0	0
0	0
0	0
0	0
0	0
0	0
0	0
0	0
0	0
0	0
0	0
0	0
0	0
0	0
0	0
0	0
0	1
0	1
0	1
0	0
0	0
0	0
4	103
0	0
0	0
0	0
0	0
0	0
0	0
0	0
0	0
0	0
0	0
2	0
0	0
0	0
0	0
0	0
0	0
0	0
0	0
0	0
0	0
0	7
1	2
0	0
36	62
0	0
0	0
0	0
0	0
0	0
0	0
0	0
3	793
0	977
62	1244
1	184
2	304
0	1101
18	87
0	0
111	12465
0	3648
96	12245
1	7961
0	478
144	636
0	476
209	103
2	103
29	517
2059	67
5	63
30	174
0	174
5	0
0	0
0	0
0	0
0	0
0	0
0	19
12	107
0	0
0	0
0	0
0	0
0	0
0	0
0	0
0	114
0	0
1	190
0	119
0	72
0	0
0	54
0	0
0	2
0	0
0	2
0	170
0	2
0	0
0	5
0	0
135	560
3	14
0	0
1	0
0	0
0	0
2	117
0	0
0	0
0	0
1	4
0	4
0	2
0	2
0	2
0	0
0	0
0	0
0	170
1	2
0	0
0	0
1	3
0	1
0	22
11	22
2	14
198	377
4	38
2	0
0	2
0	0
0	2
0	0
3	208
0	2
0	5
0	1
13	236
0	60
0	0
0	0
0	0
1	105
0	0
0	0
0	0
1	3
0	3
0	0
0	0
0	51
4	5
0	1
0	0
89	580
0	0
3	9
0	0
0	2
1	11
0	0
5	156
0	0
0	0
0	0
0	2
0	3
0	2
2	1
0	0
2	53
0	48
0	0
0	0
0	0
0	1
0	0
1	1
0	40
0	40
0	2
0	2
5	1
5	1
0	0
0	0
15	67
0	1
66	409
5	391
64	21
21	18
567	36
0	36
1	619
0	549
0	235
7	439
46	647
8	78
23	0
6	81
207	0
0	3391
0	3229
1	3001
10	1608
0	111
0	494
1	0
2	303
625	589
1	162
26	430
0	6
11	284
0	27
3294	0
2	0
0	0
0	0
100	170
12	170
2	128
2	13
3	3
0	0
0	516
30	88
8	23
253	949
0	908
30	59
1	346
3	47
0	0
0	0
1760	189
2	188
0	1
33	0
0	1
1	197
0	96
18	205
0	19
2	159
4	20
10	5
18	698
0	720
17	692
11	682
1	494
2	372
7	369
0	0
0	34
0	169
6	182
8	153
3	88
4	26
0	70
0	66
15	67
0	47
0	54
49	0
3	0
0	0
0	0
0	0
0	0
603	48
0	48
0	0
14	219
3308	518
0	371
491	0
0	0
0	148
0	0
0	1430
0	1362
5	1379
4	1324
0	9
14	346
35	233
0	0
0	35
0	0
253	219
5	216
0	24
0	0
1	0
0	0
0	0
0	5072
0	5101
1	4942
5	6283
0	2047
0	172
0	78
0	212
0	573
0	100
0	171
0	2317
0	847
6	746
0	696
3	584
8	2008
3	270
0	3331
2	403
0	1252
0	772
0	1688
0	1521
0	1590
0	860
0	1623
0	1116
13	728
3	423
1	0
75	0
105	2035
1275	2619
100	30
27	0
38	490
0	0
54	864
4	570
17	0
4	0
7	0
55	0
780	285
71	282
19	157
0	34
1	46
0	0
151	249
403	250
0	5
1	0
0	5
34	69
0	50
1	41
0	33
0	9
0	10
2	190
3761	1435
169	441
7	992
30	30
8	442
2	6632
0	6782
0	1706
0	1595
0	4487
3	47
0	262
2	174
1273	2259
4	369
115	1082
3	93
127	2622
0	380
1	2243
0	2243
14	315
0	1657
0	1701
0	0
19	3
0	0
0	0
0	0
1	9
0	961
0	325
2	5
1	208
0	29
0	19
32	31
0	17
0	5
150	191
0	207
6	178
0	4
0	0
0	0
4	88
1	134
0	61
420	165
0	36
7	0
0	0
695	174
0	0
0	174
11	0
2331	5528
4	5529
0	23
2	1175
1	509
0	517
0	516
6	533
0	512
0	421
0	270
0	0
0	43
0	40
0	42
0	16
0	3
8	3
0	12
9	337
34	337
10	226
0	290
18	61
1	8
272	0
0	0
0	0
1	0
1	0
0	0
0	0
0	0
0	0
493	374
6	375
0	282
0	0
0	207
6	34
0	35
11	35
7	22
3	3
0	8
14	2078
38	2077
0	225
5	0
16	0
0	0
125	0
147	0
0	0
1	0
25	13
0	6
0	9
0	8
0	0
0	0
0	2
0	2
0	1
0	1
0	12
1	2483
627	17856
73	2031
0	5059
11	634
1	942
42	14044
7	4447
7	1175
1	2773
18	1262
550	4894
1	11
2	2
0	0
13	221
12	4662
2	0
47	1
4	112
16	320
14	385
2	13
1	13
1	0
0	0
2	0
0	0
3	24
55	2951
34	44
63	2995
8	2258
14	2013
0	1860
0	1031
13	1539
5	54
9	850
11	722
0	568
4	320
0	13
0	197
0	52
0	50
0	33
0	14
0	0
0	52
0	30
0	16
0	0
0	0
12	488
0	291
70	135
1	274
0	149
3280	239
14	228
16	24
0	652
0	532
0	647
2	581
0	550
1	8
3	1
0	0
0	0
0	3
65	40
25	67
6	42
0	0
397	1446
53	597
12	205
119	1227
0	1032
4	223
0	142
0	341
2	372
10	36
4	176
2	399
192	186
0	184
9	44
625	0
7	0
1258	2
6	219
0	256
40	245
0	27
6	24
0	46
2	29
0	59
2	0
42	359
0	1246
3	557
3	614
4	1131
1	676
3	0
0	569
3	676
0	674
6	648
12	49
28	343
0	2
8	62
12	68
0	6
18	7
14	445
5	438
50	294
0	334
0	293
22	286
0	177
0	188
0	177
0	188
0	195
0	184
0	184
0	195
1	170
26	124
0	125
48	123
8	81
0	74
0	0
45	8
6	8
147	1704
0	35
6	1709
0	1697
36	1692
4	109
0	0
0	0
16	646
0	668
0	668
0	29
0	0
0	0
69	3159
1	3184
2	186
0	69
7	28
0	6
0	16
1	11
0	10
0	1
0	7
0	5
3	34
0	19
2	31
0	1
10	5582
0	5584
1	7279
0	7279
8	251
48	1332
44	3043
6	1735
0	191
0	184
1	185
0	2
0	0
0	112
4	228
1	214
0	217
0	200
1	196
5	151
0	99
0	75
0	55
0	14
0	5
2	5
0	2
0	0
0	1
1	11
0	6
0	5
0	0
0	53
2	59
0	2
0	58
0	2
0	3
0	0
0	0
0	0
0	0
0	0
15	1
0	1
0	0
0	0
0	0
0	502
23	585
1	14
0	227
4	470
0	101
1	254
52	150
0	153
11	1
2	37
2	18
642	283
0	283
5	27
0	1002
0	1002
0	78
3	160
4	55
3	154
1	171
0	163
0	112
0	131
0	10
0	13
1	13
0	6
3	15
0	12
0	6
0	4
0	2
0	0
0	0
0	0
0	8
0	7
0	8
0	4
0	5
0	4
0	2
0	1
0	0
0	0
36	424
28	355
0	57
3	52
1334	1090
4	839
1	450
5	164
60	369
27	112
1	0
0	54
1	2
0	68
0	14
0	17
1	4
42	1175
191	2827
29	3004
0	2721
1	608
0	774
0	466
0	391
0	391
0	383
0	383
0	391
0	391
0	381
25	50
1	28
0	0
1	0
0	5
0	1
1	6
0	0
0	0
0	0
22	0
0	0
1	0
0	0
0	1
0	1
0	0
0	0
0	0
0	1
0	1
0	1
0	1
0	1
0	0
0	0
0	104
103	124
0	65
110	223
12	263
1	132
2	113
0	70
0	0
4	1
0	1
0	825
0	795
25	596
9	398
21	85
0	64
32	271
3	1339
0	879
0	494
0	1100
27	1355
0	812
1	1357
1	1224
0	349
9	466
1	123
0	0
0	0
60	152
4	15
64	154
1	1
0	79
155	3952
384	3919
7	62
4	35
14	47
0	11
0	26
11	34
0	24
2	7
0	4
0	2753
0	3345
152	3345
0	236
2	62
0	5
0	251
0	428
27	428
4	214
45	428
0	236
0	211
470	1531
171	1679
1	518
4	69
7	169
1	169
0	94
1	44
1	5
0	0
2	148
1	25
6	25
0	1
188	16
1	176
25	196
2	0
10	1
2	84
0	104
0	104
0	104
3	12
17	91
4	26
0	19
0	16
0	7
1	4
0	5
0	8
0	8
0	8
2	6
0	0
0	9318
135	9524
0	9741
1	843
0	0
7	3180
66	649
0	8880
6	2283
12	2741
8	5288
198	5317
19	45
4	36
0	266
0	156
1	4682
4	756
866	833
2	833
50	587
49	1
0	118
0	0
3	1
0	0
10	195
19	1337
0	46
56	1327
23	1311
2	45
3	150
0	55
95	135
17	79
6	42
1	18
5	502
43	948
101	1092
0	317
0	89
15	304
26	55
8	127
0	65
124	0
782	1314
251	603
13	1308
0	0
0	40
0	40
0	0
28	2
0	2
394	1023
20	272
4	140
54	63
0	292
0	136
1	297
2	314
12	173
0	0
11	13
2	0
1	13
482	0
16	0
0	0
0	0
0	0
1	0
227	977
1	474
5	856
0	317
3	764
52	3763
28	5952
186	3506
53	322
1	3025
6	771
176	1626
19	71
32	1569
4	222
7	1242
0	0
27	527
501	1089
11	72
5	50
4	173
0	394
0	197
3	2489
5	2096
81	2190
7	1801
28	2185
0	2304
0	53
4	175
95	0
620	286
0	90
0	196
0	1075
25	804
197	1305
0	33
2	328
3	147
13	0
7	89
132	105
15	76
18	95
1	60
0	42
1	39
42	751
0	751
1	87
5	108
6	705
20	51
2	92
3	100
4	10
0	0
25	1541
8	1632
44	1718
0	83
0	208
29	1647
0	291
3	865
5	111
0	1617
0	1617
9	202
16	421
186	132
2	52
0	80
358	0
5	5455
781	5490
2	2489
18	5041
17	248
12	1017
2	31
1	31
4	0
93	10
1	10
0	0
2	0
2	73
20	0
1	63
0	48
2	63
0	18
0	5
1	46
47	102
0	29
8	9
89	76
0	1
0	13
0	9
1002	0
0	0
0	0
0	0
0	451
67	441
0	459
0	215
0	52
1	22
1	9
38	12
11	0
14	1240
0	4335
0	2722
0	4161
87	4091
170	3830
8	217
96	0
43	16
29	53
0	53
2	0
300	198
36	283
1	210
1	224
28	522
0	281
31	473
4	76
0	0
4	32
0	131
13	3
0	91
1	1947
147	1937
6	155
8	75
45	86
0	7
0	5
1	7
0	7
0	6
0	3
0	0
0	1
0	1
0	0
0	0
0	0
0	0
0	0
0	0
0	0
0	0
0	0
0	0
0	0
0	0
0	0
0	0
0	0
24	1686
0	0
1	0
9	48
0	40
2661	919
23	114
0	855
43	0
0	0
0	0
0	0
148	446
70	177
3	484
6	448
5	537
11	0
15	0
0	0
26	0
115	0
8	5
1	5
0	3
121	0
0	0
131	121
0	77
33	2
0	7
4	39
0	24
0	431
33	431
0	39
0	17
2	40
0	51
67	37
1	30
20	0
0	0
0	0
13	0
127	0
98	70
6	25
4	19
3	0
1069	1245
0	1056
66	627
0	0
0	0
0	0
0	0
0	0
0	0
2424	2638
2	164
89	2438
5	1
0	0
21	0
29	1398
153	0
153	1399
25	1431
301	550
2	1355
2	1049
161	1283
0	129
72	416
33	16
231	21
113	80
221	14
6	0
0	0
9	36
7	201
1	238
10	37
280	214
15	1970
4	343
10002	3895
0	51
7	3
6	352
2	342
14	130
87	0
250	572
78	11
55	64
0	415
25	139
7	524
22	46
100	0
4637	1505
4	485
3	499
6	759
53	82
2352	0
0	1
0	0
0	0
0	534
0	567
0	296
0	204
11	0
3	0
0	0
16	0
39	0
9	178
3	14
0	0
0	0
24	194
9	162
15	130
10	0
6	0
16	0
0	0
0	31
0	30
0	0
0	8
24	0
12	0
0	0
0	0
0	0
2	53
4	2720
18	2755
5	2699
22	2591
0	28
0	6
2	0
508	371
0	251
0	190
26	13
0	27
1	82
0	54
6	57
20	0
1	89
13	0
0	0
12	0
0	128
0	113
0	70
0	9
0	17
0	41
1	53
0	47
0	54
1	5
25	0
2	0
2	2121
0	2045
0	637
27	1565
26	1488
0	843
0	1373
0	695
21	538
0	0
125	69
0	69
143	19560
0	0
0	0
1	1
0	0
0	0
0	0
0	7
0	0
0	0
0	3
0	3
0	4
15	1945
1	0
4	0
0	0
0	0
0	0
0	0
0	0
0	0
0	0
0	0
0	0
0	0
917	0
10	0
839	7892
18	2
51	8261
9	85
53	520
206	1567
2	4157
193	0
0	284
0	282
0	284
2	290
0	287
0	32
0	3
0	0
0	1
0	1
0	6
0	1
0	1
0	3
0	0
0	1
0	1
0	3
7	0
0	85
0	0
6	32
0	0
0	0
0	13
0	0
3	0
1	7
15	1158
1	1241
0	1000
19	148
4	27
102	507
43	8
47	98
5	11
4	563
44	8
1	514
159	530
17	548
1	59
8	1
110	1
376	230
14	230
12	0
3275	2859
32	0
2	2495
0	1
3	0
13	51
3	0
0	465
0	26
24	527
0	14
1	0
0	16
0	9
0	5
1	21
2	0
20	45
2	0
0	43
1	6
1	1
2	1
1187	660
0	0
3	325
61	335
0	0
0	0
0	0
0	0
0	0
0	0
26	58
116	356
1	326
2	1279
0	1128
3	1206
0	1222
0	1222
84	1148
5	1110
0	1047
8	121
0	747
0	54
0	547
92	295
0	207
0	204
13	141
136	106
0	7
108	29
1	0
26	339
0	0
0	146
0	129
4	25
6	152
0	170
9	48
0	122
0	0
0	0
5	8
1	0
0	0
0	0
0	0
0	0
0	0
0	0
0	3
7	3
0	0
0	1
1	0
0	0
0	0
0	0
0	0
0	3
0	0
0	0
0	0
0	1
0	0
0	1
0	0
0	0
0	0
0	1
0	0
0	0
0	0
0	0
0	0
0	1
0	1
0	0
0	0
0	2
0	2
0	0
0	1
0	1
0	0
0	0
0	1
0	1
0	0
0	0
0	0
0	0
0	0
2	0
0	0
0	0
0	0
0	0
0	0
0	1
0	1
0	0
0	0
0	1
0	1
0	0
0	0
0	0
0	1
0	1
0	0
0	0
0	1
0	0
0	0
0	1
0	1
0	0
0	0
0	0
0	0
0	0
9	209
1	62
0	98
0	5
0	20
6	0
0	112
0	1
0	0
1	38
0	7
0	276
8	3
5	3
18	153
0	0
1	727
0	37
1	850
17	876
1	30
30	115
61	0
34	0
31	0
50	0
0	0
0	0
0	0
0	0
0	0
0	0
0	0
0	0
0	0
0	0
1	361
89	361
17	2
0	0
4	1
4	0
0	143
14	144
1	143
0	0
16	0
7	0
3	0
8	0
5	0
0	0
0	53
0	0
0	0
2	0
1	0
0	0
0	0
0	0
0	0
0	0
0	0
0	1
0	2
1	3
1	1
0	3
0	1
1	0
0	0
0	0
0	0
0	1
1	2
1	0
0	0
0	0
0	0
0	0
0	0
0	0
0	0
0	0
7	1274
1	682
3	691
0	701
0	691
0	1287
0	604
12	49
0	0
68	151
42	0
8	4
0	24
0	0
3	0
0	0
25	123
117	528
0	160
13	168
0	542
16	440
16	7
5	0
0	162
23	6
0	6
0	0
0	0
1	0
0	0
0	0
0	1
622	5550
0	1165
148	274
5	794
12	3818
6	309
0	319
0	316
1	303
2	290
0	56
20	0
876	0
0	0
0	0
0	0
0	0
5	0
5	2
0	2
0	0
0	74
0	12
0	71
0	131
27	3
0	0
0	0
0	113
0	56
0	2
0	0
0	0
0	14
0	33
0	32
0	0
0	0
0	6
0	4
0	0
0	5
0	5
0	5
0	5
1	0
206	430
5	248
0	47
2	54
28	172
34	144
0	33
0	0
382	10
51	10
647	801
17	801
115	0
4	4
193	0
560	901
12	407
0	218
1	314
0	180
1	148
0	83
0	0
0	0
0	0
0	0
1	0
47	371
28	552
4	647
10	10
10	231
2	359
0	394
2	0
77	35
0	0
0	34
0	0
0	0
2	0
0	0
0	0
0	0
2123	0
272	199
26	80
0	119
0	2
0	2
0	2
7	2
188	2
0	1
0	16
3	4
2	0
9	692
51	2297
0	19
24	2102
1	182
49	1027
38	1027
0	115
153	2193
168	2195
4	349
20	322
0	212
0	0
2	285
0	130
0	130
7	1733
22	1585
37	1580
4	1544
4	93
5	581
7	512
0	2228
54	2228
63	11
0	1
0	1
0	0
0	1
0	0
65	980
0	58
13	936
0	0
6	0
0	16
0	0
0	210
0	0
2	0
1	0
0	204
3	333
0	1
0	42
5	46
1	26
11	23
5	0
0	0
0	0
8	9
0	0
0	0
0	0
1	0
18	547
6	619
77	0
0	251
2	212
2	133
2	106
0	0
0	61
1	6
35	126
0	6
1	1
0	126
3	14
2	1277
0	0
1	3
58	482
0	0
0	0
0	0
0	0
0	1
0	0
0	0
0	3
0	1
0	0
0	0
0	0
0	0
5	21
0	0
5	0
0	0
31	3
115	0
263	703
54	703
1	1504
0	3431
18	3330
0	102
6	422
0	349
0	0
0	735
366	188
1	126
192	1340
0	1308
24	36
0	246
33	155
36	8
0	113
1	24
0	1
69	19
0	0
16	0
3	0
0	0
0	1
3704	70
15	1
0	0
10	762
0	729
1	756
1	72
0	144
0	81
4	20
1	119
21	0
8	124
0	966
13	33
1	824
9	926
26	94
58	93
47	0
3	82
0	0
1	7
0	0
0	2
0	0
2121	0
62	0
2	0
0	0
0	0
0	0
2	178
793	292
1	302
0	317
35	0
2	7
7	542
0	0
2	794
0	765
1	729
30	204
2	10
38	0
88	191
0	191
14	5
4	3
2	2
0	0
0	0
0	86
24	320
76	320
4	71
4	40
0	46
0	0
0	202
35	202
2	0
0	0
211	292
0	288
0	8
2	276
8	2070
0	2060
3	810
33	272
0	322
0	198
41	893
2	560
0	2
0	3
0	0
0	2
0	1
516	338
0	337
5	5
1	15
0	503
56	436
45	4351
0	2
0	55
0	345
7	4159
0	184
5	4159
22	127
7	409
16	438
143	73
1	1152
2	903
0	0
2	365
8	440
0	934
0	1340
2	161
0	1464
0	880
0	118
10	96
29	347
0	383
3	415
2	163
5	185
20	457
1	457
5	458
1	402
1	201
0	111
2	0
0	0
0	0
112	1502
0	531
0	516
43	445
89	971
0	22
0	0
0	0
0	0
0	0
0	0
0	0
0	0
0	0
0	0
2194	0
16	935
190	1553
0	107
0	1539
0	100
0	90
14	186
0	0
2	246
10	235
6	10
0	65
8	38
1	26
2	11
1	15
0	1
0	0
0	0
20	2338
8	2357
82	2249
3	0
6	5
4	5
0	0
0	0
1	2
0	2
864	926
1	494
241	385
8	0
167	148
141	847
0	838
16	841
6	163
4	239
0	184
1	0
10	56
123	80
3	0
0	0
3	2
0	0
44	22
1	22
0	0
0	0
0	0
0	0
0	0
229	2
0	0
23	708
0	706
11	6
6	706
445	3049
65	3312
1626	6339
4	115
4	275
31	3605
0	0
16	2067
229	1220
0	1
6	0
0	0
0	0
0	0
105	0
1	0
0	0
0	0
0	0
20	0
165	41
0	41
2	0
19	0
0	0
9	15
1	15
0	0
0	0
0	0
0	0
0	1
11	0
0	0
0	0
0	0
0	1
0	1
21	1
0	0
0	0
0	0
3	1
0	0
0	0
0	0
9	0
0	0
0	0
0	0
0	0
0	0
0	0
0	0
0	66
1	5
0	0
0	0
4	72
0	0
1	75
2	3
1	0
5	0
0	2
0	72
0	0
0	0
0	0
0	20
0	0
669	302
1	127
11	79
1	96
5	19
4	43
91	4
0	0
0	0
4	0
1	1
0	0
0	0
0	15
1	1
2	0
2	1
3898	371
82	355
0	0
0	0
24	23
0	30
3	7
0	14
0	0
0	429
2	2291
633	2312
192	447
7	277
3	79
163	0
0	0
10	0
4	4
6	0
3	148
8	454
0	14
0	658
6	107
0	633
113	323
44	0
0	32
0	431
12	218
52	0
205	198
0	787
0	711
63	567
0	505
0	303
0	79
4	103
193	0
0	0
31	0
1258	151
0	151
5	31
0	31
0	0
0	0
2022	1775
1	1841
131	370
18	188
17	67
0	0
0	0
0	0
5	1
0	1
585	1854
684	2273
0	356
2	860
0	1
0	1579
0	0
9	116
9	40
12	253
24	473
18	827
1	4
6	0
0	0
0	0
4	0
0	0
0	0
0	1
0	1
0	1
2	1
57	717
15	988
63	578
0	314
0	260
0	396
1	362
7	129
0	227
43	0
0	0
0	0
3	0
788	7641
2	7480
2	161
42	1399
1	923
2	1908
54	2641
35	0
23	1
1	6150
3	1004
0	5875
68	5942
166	98
1	1305
0	0
10	377
3	703
4	857
1	1
0	1
0	0
1431	2734
101	12
186	68
56	650
3	347
13	2432
0	2
0	313
9	619
32	11
0	0
1	9
0	8
3	0
0	0
0	0
0	0
0	0
0	0
0	0
0	0
0	0
0	0
0	0
0	0
0	0
1	0
7	1
0	0
2	1
136	4
0	4
525	824
0	0
0	779
189	25
0	700
16	186
0	610
1	153
137	702
67	753
7	704
9	541
2	37
0	112
472	41
0	702
2	440
57	380
1	53
0	51
0	7
0	0
0	5
1	4
0	4
0	3
4	193
18	178
8	182
11	8
37	0
0	0
0	30
4	39
28	2028
5	0
0	1319
28	1953
60	1785
13	90
0	198
6	1512
1	88
0	355
0	355
2	398
78	254
10	336
0	344
2	381
0	383
0	387
0	352
0	377
0	94
0	47
0	40
0	28
0	9
1	24
67	0
453	1065
251	1065
1104	2301
30	2108
1	364
17	129
13	98
0	100
5	61
0	33
1316	7
2	7
2	43
0	43
0	1207
20	2198
5	828
11	1364
2	396
8	251
0	419
6	68
5	169
1	267
3	49
0	217
3	78
83	0
2	611
3	613
5	613
0	591
1	57
0	58
13	123
0	144
55	906
7	1267
2	242
7	936
1	513
3	652
6	504
109	2414
1	1117
0	2276
0	2273
0	2234
1	230
0	119
0	62
1	80
1	117
0	202
0	131
2	72
8	46
0	1
0	1
0	0
0	0
1	0
0	0
0	0
0	0
0	0
0	0
0	0
0	0
0	0
0	0
0	0
0	0
0	0
1	847
1	756
0	507
3	384
0	358
0	323
0	92
6	131
8	189
2	211
0	102
0	182
7	132
9	1276
34	2106
1	2160
35	1963
16	347
4	179
63	719
1	421
2	87
0	314
10	244
30	166
42	1033
0	1056
0	1020
9	1045
0	332
4	244
0	22
1	119
2	55
2	223
0	223
0	89
6	2401
0	76
0	2167
0	796
42	1707
0	1603
17	1964
13	349
0	636
0	444
0	673
40	441
3	435
0	26
0	21
0	90
0	44
0	17
0	38
1	2151
163	2781
43	322
0	592
0	569
101	0
36	109
0	0
0	0
0	3089
42	3352
12	397
25	833
0	328
0	910
14	369
1	273
20	1220
10	370
13	557
3	1193
23	1154
3	541
3	1098
0	1254
2	661
0	709
1	426
5	376
0	162
410	844
70	292
0	182
5	27
1	101
2	45
0	76
0	86
2	323
10	1
1	29
27	75
0	11
3	68
2	13
0	45
2	10
0	17
0	1
2	1
0	1
0	0
0	0
0	0
0	1
0	0
0	0
0	0
0	56
6	961
9	213
223	8
0	847
0	10
13	57
40	0
0	143
1	3
0	3
0	0
0	0
487	150
108	44
0	44
0	19
1	112
1	5
8	24
1	678
1	637
0	406
24	285
27	92
21	0
20	283
0	809
3	366
11	914
12	575
16	787
1	142
1	102
9	126
0	158
8	130
2	62
1	13
1	0
7	3
0	3
2	0
40	14
1	30
0	471
82	880
1	1
11	19
0	148
14	98
225	774
4	732
2	463
6	24
146	49
2	1
0	3
0	25
0	0
166	1145
0	76
15	171
4	92
10	609
4	436
0	997
0	847
0	833
0	833
0	767
0	69
1	310
1	0
1	52
6	0
11	0
0	0
0	144
3	19
0	29
0	29
7153	2390
258	446
36	1938
0	0
0	0
0	1
0	0
0	0
0	6
0	0
0	1
0	6
0	0
0	0
2	5
0	5
0	0
0	0
26	190
7182	6961
3	5668
205	264
1	101
80	180
214	0
4	1456
0	0
1	2889
1	0
0	0
0	0
0	0
92	0
48	2428
920	2796
197	87
0	2024
22	3
60	441
0	0
23	0
0	0
0	8
0	8
0	2373
8	2931
1	2313
48	2475
1	2826
0	2257
30	2865
0	1644
75	498
2	736
0	501
0	296
2	205
0	15
86	398
20	91
2790	1293
0	1064
5	18
25	0
2	17
0	0
0	145
3	181
2	28
0	915
0	1474
0	1505
49	450
16	153
7	469
5	151
0	915
2	19
0	1376
0	32
0	0
0	617
0	761
0	0
0	31
0	57
6	42
23	0
5473	1293
125	137
0	1035
1	1077
0	0
1	329
3956	2
7	0
2	0
0	0
2	548
100	2431
3	2289
0	1167
41	792
189	5289
0	4865
18	5770
181	4408
1	950
3	921
0	1427
0	1419
0	0
1	1026
32	635
0	680
4	330
2	0
2040	1740
0	380
1	79
3	111
14	812
0	592
59	212
0	830
1	809
0	803
0	0
0	0
1	873
248	689
3	813
50	834
2	98
0	215
8	73
0	76
10	0
0	737
2	1536
3	1828
2	522
41	539
23	621
0	180
102	143
4	100
0	0
43	772
9	780
0	127
35	66
4	1409
0	1397
0	194
12	79
0	1534
5	68
12	360
3	301
0	0
4	0
0	126
0	1046
0	1043
0	1127
1	1034
0	573
0	986
0	1116
0	107
92	188
0	91
0	122
4	26
0	91
0	192
3	111
4	76
1520	1823
43	1057
1	1
0	571
0	548
5	134
0	0
50	102
0	3097
327	1707
6	497
0	2437
0	3040
0	2942
2	2921
0	2564
0	2397
2	1237
64	22
0	860
1	154
10	64
2	149
704	134
0	0
36	134
5	0
12	0
0	7
0	9
1	7
0	9
0	7
1	0
59	0
0	0
0	0
0	0
0	4
0	4
0	4
0	1
0	0
0	0
0	0
2	0
0	0
68	399
0	0
46	399
0	9
0	50
0	68
0	7
0	712
0	0
2982	1937
4	1225
484	0
30	15
9	0
0	2
1	2
0	0
0	11
0	8
0	3
0	0
0	0
0	0
0	4857
27	1037
6	4640
2	415
0	274
3	14
37	471
10	419
3	704
1	4586
5	6
89	3401
455	1095
0	1095
3	122
1	38
157	91
105	0
0	0
113	0
2	508
11	530
0	410
2	26
25	115
23	71
2	0
10	527
0	0
4	8
12	60
0	533
1	531
0	531
0	9
6	9119
23	841
0	823
12	335
0	8763
6	9408
36	8530
0	0
18	0
77	26
0	4729
1	524
36	628
0	1242
6	5154
6	1186
38	559
3	733
1	681
3	250
4	191
1	721
2	475
0	125
0	329
5	119
0	4
1	198
0	51
13	289
0	278
0	23
6	2
2	200
0	40
0	83
4	71
0	45
713	72
2	37
0	46
0	0
31	27
7	61
1	3
0	0
0	16
0	0
0	21
92	1256
3495	1953
28	682
36	0
0	17
29	3
121	252
121	443
0	1
0	30
41	38
0	18
0	1218
14	416
0	959
4	0
0	32
0	136
3	810
0	569
0	825
15	650
0	564
0	7
3	27
0	0
0	67
5	22
0	109
2	98
1	36
0	0
224	3267
1	206
126	2703
83	699
0	1012
55	178
14	610
1	417
12	494
1	21
15	269
3	406
736	1273
18	516
16	987
8	296
2	0
8	0
0	0
0	0
0	0
0	0
0	0
0	0
0	0
0	0
13	0
0	0
126	0
1	0
389	94
36	94
0	23
3	0
480	986
14	977
11	65
21	788
32	5
8	812
5	772
0	117
9	87
94	33
228	390
0	76
41	324
0	90
9	72
4	85
1	591
10	682
0	599
2	495
1	673
18	579
0	0
0	25
3	121
0	127
0	123
0	121
1	120
0	123
0	71
2	9
0	21
0	3
5	25
4	18
0	18
0	14
15	7
0	11
1	5
977	568
36	0
0	566
2	0
7	9
96	9
2471	453
27	453
0	209
40	173
0	22
454	0
0	0
0	6
3	6
0	6
0	1
1876	0
577	289
0	289
15	0
0	1145
3	1098
0	1157
0	891
8	891
0	1154
0	106
0	586
0	584
0	43
0	77
0	262
31	92
3	75
0	0
98	243
3	2
1	221
7	214
0	125
2	89
0	40
0	0
0	170
1737	871
5	275
0	274
20	343
0	0
52	273
0	0
182	235
0	0
210	2
263	0
0	0
0	0
8573	57
966	643
1	45
1	638
85	2
0	2
0	0
0	0
0	0
43	499
0	488
0	78
7	280
0	0
0	347
0	134
1	0
0	0
1	91
0	712
1	1557
1	132
0	1244
0	704
42	1338
13	198
0	0
4	497
0	0
11	37
0	96
10	3
0	1
0	1
0	0
0	0
2	56
0	12
0	64
0	8
0	14
0	6
3	0
0	2
0	2
0	216
0	0
62	272
5	57
5	67
2	2
2	154
0	8
2	8
4	75
129	126
6	121
5	0
0	0
3	5
0	0
21	48
0	48
0	0
75	41
3	41
0	0
0	0
0	0
0	0
0	0
5	0
0	0
42	603
0	507
4	473
0	27
3	269
0	212
9	17
13	20
1	0
4	37
90	202
0	52
0	98
0	110
0	53
1	47
0	1
11	11
11	238
0	233
1	129
0	201
0	162
10	7
3	16
0	16
40	121
16	16
13	639
1	224
1	109
2	220
1	125
0	312
0	22
0	144
0	610
0	81
7	67
612	513
41	26
10	537
31	360
0	29
0	360
7	360
0	214
0	0
1	0
0	0
4	134
0	125
0	125
0	108
0	114
0	121
0	41
0	12
0	11
0	7
2	0
0	0
0	1
5436	14151
11	2469
9	13306
15	1288
23	112
0	571
262	3336
0	2693
0	0
23	1214
276	39
0	266
0	0
0	666
3	662
0	121
0	22
0	0
0	9
0	9
0	0
0	0
0	0
0	0
0	0
0	0
0	0
0	1
1	0
0	0
0	0
1	0
0	0
0	0
250	0
1	685
83	732
0	264
36	121
10	606
0	0
1	133
0	0
0	0
3	6
0	0
4	898
116	978
5	526
0	16
92	10
69	0
76	5147
46	5147
0	242
21	951
0	0
0	0
0	0
0	0
0	0
0	0
0	0
1	0
2	0
2	0
0	3
0	4
0	1142
2	1141
2	1161
19	74
0	1
2	132
0	0
3	33
67	0
78	0
1	0
0	0
0	0
85	102
0	10
28	0
0	0
1	0
12	0
0	95
126	655
1	180
40	666
24	237
5	3197
0	2884
0	3286
1	3427
0	3173
14	2450
81	0
154	2292
3	1968
6	188
245	1099
532	990
0	107
12	0
0	0
0	0
0	9
14	38
0	31
0	18
6530	197
63	184
19	0
0	0
4	18
0	15
4	0
1	10
1	0
0	0
0	1072
105	1072
13	1068
21	15153
4	3818
2	14833
0	15621
5	13520
0	13465
0	14744
6	11027
4	8970
0	9685
0	10993
1	2367
5	1853
17	1669
45	534
13	3857
5	484
0	1343
7	9
0	3
151	9
16	0
0	40
0	40
4	0
0	9
12	0
4043	4049
25	1840
1	1773
7	515
32	114
3	207
0	209
4	121
117	0
9	36
0	0
0	0
13	0
0	0
0	0
1	1
0	0
3	128
2	129
0	133
3	122
0	24
34	0
10	0
6	0
3	1
0	46
0	0
49	0
0	0
0	0
14	0
4	0
3	0
29	0
31	0
0	0
0	0
0	0
0	0
4	0
0	0
0	0
1	0
7	0
0	1002
0	939
0	1180
0	1180
0	1180
41	1267
0	885
0	0
0	419
0	127
0	101
0	0
1716	1646
5	948
2	103
6	926
0	590
15	77
323	1365
0	879
0	1012
1	1129
17	112
4	10
28	10
15	0
0	0
1	3
2	2
0	3
0	0
15	0
14	0
392	920
20	865
0	54
0	790
48	152
0	757
62	1694
10	682
5	54
0	345
42	0
252	939
14	1231
0	1290
0	59
3	70
292	0
60	0
183	0
46	118
9	122
0	60
0	0
0	0
1	24
0	0
0	0
1	0
0	0
0	0
0	0
29	714
8	283
8	309
0	633
0	704
0	678
0	692
32	299
4	258
0	57
0	25
0	0
0	0
56	0
17	0
0	15
40	0
0	32
9	38
15	0
0	42
0	0
3	137
0	28
22	0
18	42
1	4
1	7
9	0
0	49
0	0
1	49
65	191
5	195
3	173
0	39
2	83
0	91
0	91
0	91
0	91
0	91
0	91
31	93
197	53
5	78
0	15
1	25
2	0
0	0
12	0
0	0
30	0
7	0
20	0
16	0
25	0
33	0
0	0
43	0
0	0
22	0
27	0
7	0
60	0
25	0
31	0
58	0
1	0
12	0
62	0
28	0
118	0
4	0
61	0
4	0
0	0
0	0
5	0
7	126
0	0
7	0
3494	676
9	81
0	530
0	64
136	2
0	2
0	2
16	0
0	0
2	0
0	0
0	0
0	0
0	0
0	0
1	0
0	0
0	0
0	0
0	0
0	0
440	587
0	573
0	494
0	409
39	0
56	0
0	49
0	0
90	0
1	0
1	0
1	0
1	0
3	0
0	0
0	0
50	0
839	6297
34	5710
120	461
1	5683
563	181
1	1045
54	0
121	4
0	9
59	16
0	7
4	14
1	0
1	0
0	0
0	0
892	0
0	267
51	308
0	105
1	0
60	549
1	549
0	0
3	0
0	79
1	0
62	1659
1	1659
1	1208
53	1
4	115
379	3939
9	375
8	3926
41	70
0	170
100	188
141	217
179	101
0	24
0	21
2	71
4	25
130	1784
2	1784
1	198
0	161
0	164
6	9
15	151
8	5
2	407
16	64
0	226
7	327
0	0
0	0
1	0
0	0
0	0
0	0
0	37
0	0
267	92
1	90
3292	2609
0	0
25	2609
76	150
1	404
65	587
4	118
98	727
0	742
2	710
114	78
2	25
102	0
0	0
0	0
0	0
0	146
0	0
0	0
9	0
0	2172
3	2178
0	2173
32	2178
54	1823
2	123
17	16
9	18
60	0
12	219
0	63
0	66
0	3
1	129
13	394
0	64
24	53
1	380
6	81
10	32
1	16
0	69
62	0
5	0
31	2070
2	2008
0	180
0	0
2	1306
2	310
0	0
0	0
0	0
0	0
0	0
0	0
0	0
0	0
0	0
0	0
2	56
3	0
0	0
0	0
0	0
0	3
0	0
0	0
0	0
0	0
0	0
0	0
0	0
0	1
0	0
0	10
0	0
1	0
17	0
829	2738
278	2501
1	2161
4	1501
0	827
6	211
13	148
199	0
94	0
88	0
62	0
8	0
11	0
63	0
71	0
104	0
55	0
72	0
35	0
46	0
28	0
0	0
0	0
0	0
0	0
0	0
0	0
0	0
0	0
0	0
0	0
0	0
83	0
0	0
61	0
0	0
0	0
0	0
0	0
0	0
0	0
1	34
0	0
0	0
0	0
0	0
16	0
0	1
0	0
0	0
0	0
0	0
1	2
0	0
0	0
0	0
0	0
15	1654
3424	2457
20	0
153	4
31	47
166	0
0	116
4	146
6	356
0	7
0	7
0	0
0	0
4	0
0	0
0	0
1	0
0	0
1571	713
9	669
6	300
0	609
149	2423
7	2421
0	0
0	157
6	127
0	17
0	0
0	0
46	0
1696	1231
0	0
1	892
3	377
0	0
0	339
0	0
3	47
48	2669
0	2729
12	159
0	2733
0	0
26	2537
25	0
0	0
1	166
0	1652
5	0
0	0
2	0
4	0
0	0
0	0
0	0
1	0
0	0
0	0
0	0
6	0
6	5
1	5
0	0
0	0
0	0
39	0
0	2
0	1
2	1
0	1
19	3
1	3
6489	1776
0	756
0	208
480	0
0	1600
501	14
0	327
529	636
10	18
4	804
1	0
46	1384
11	1382
13	2
15	142
0	142
1	6
2183	411
0	0
1	411
37	0
0	28
16	29
2	18
0	38
0	19
2	1
47	1428
3	1452
0	1344
32	10
1	7
53	333
0	0
2	918
186	611
0	613
7	7
7	455
0	325
5	184
17	574
0	40
3	2763
0	2929
30	2944
0	2562
2	315
24	451
31	0
0	214
153	162
1	81
1	161
0	2975
0	4018
6	9439
7	4384
2277	17459
62	874
13	13504
4	2578
4	14345
8	5380
0	3944
12	885
69	781
35	101
0	152
0	99
7	18
14	0
15	0
642	4027
164	3283
0	595
1	732
0	216
7	0
1149	3492
3	3085
0	2801
38	2110
207	42
0	16
152	20
0	210
49	0
182	23
15	0
78	0
2	2249
0	749
4	1121
0	959
3	2070
0	1984
1	669
0	114
0	840
177	0
94	0
0	0
14	476
19	8325
134	2478
0	2515
0	5838
367	537
16	0
1	2372
28	651
169	403
0	652
13	0
10	164
199	6
16	2627
25	28
0	0
11	291
76	0
118	0
8	0
0	0
89	0
565	1001
5	16
32	18
0	860
0	986
0	0
85	0
72	0
36	6
1	48
1	30
0	0
0	0
0	0
13	62
4	73
0	12
71	10
1	0
0	0
0	0
0	0
0	0
0	0
0	0
0	0
0	0
0	0
13	0
8	26
0	4
0	0
19	1
6	28
41	29
10	0
0	5793
0	5828
102	5754
0	5828
0	4067
10	3412
0	3318
49	2472
57	935
3	475
3	114
6	123
0	83
1	9
200	6
131	0
4	0
0	0
0	0
0	0
0	0
0	0
6	4
0	5
4	2
0	3
6	689
0	995
0	1039
1	987
0	986
1	606
1	178
9	488
0	488
0	377
0	50
14	0
2	0
10	0
0	0
0	215
0	210
32	0
10	0
3	52
0	31
0	41
2	17
0	9
0	31
3	43
26	0
41	2
68	19
41	0
0	0
0	0
41	388
0	0
0	388
0	18
0	0
0	0
3	269
0	1336
24	1512
85	3
35	1313
0	39
5	1
0	54
0	785
21	0
0	824
0	1312
0	1348
3	521
0	158
9	93
1	134
8	0
0	1072
0	124
0	0
0	0
0	156
0	0
0	77
0	44
0	0
43	10
1	10
9	0
10	0
2	3035
14	447
0	266
0	985
24	2338
1	23
113	30
1	2924
13	624
25	2513
143	2552
105	73
2	2060
16	25
0	361
8	132
504	653
0	0
0	0
0	109
1	102
0	105
0	100
0	109
0	0
0	0
0	0
0	0
0	0
0	0
0	0
56	8
0	8
0	4598
16	4393
0	4334
0	3193
1	302
0	0
58	0
4	0
142	1215
68	0
5	70
2	225
4	393
2	261
45	319
122	0
10	70
1	67
98	0
44	0
1	0
0	0
0	0
0	0
0	0
0	0
0	0
0	0
0	0
1	0
0	145
0	0
0	0
0	0
0	0
0	0
0	0
5	9
1	0
1	0
2	0
4	0
7	0
3	0
0	9
26	0
0	0
0	0
3	0
0	3
0	0
0	0
0	0
3	875
34	450
23	474
0	923
0	524
1	487
0	584
251	687
16	0
0	332
8	529
0	477
115	451
0	298
0	298
0	83
0	0
0	0
0	0
0	0
0	0
0	0
12	0
0	2
0	2
1	0
0	0
0	5
0	5
0	2
0	0
0	0
0	0
0	0
10	8
0	7
0	8
0	0
0	0
0	0
0	0
4	0
0	0
1	88
107	1278
7	1150
6	706
0	299
1	78
0	0
0	40
94	143
21	24
2	103
0	64
0	72
0	0
0	0
0	0
0	0
0	0
0	0
0	0
0	0
0	0
0	0
0	0
0	0
74	878
2	878
12	293
3	19
12	77
0	167
0	118
0	115
52	0
130	37
0	2
0	0
0	0
0	0
0	2
0	2
0	2
0	2
0	2
0	1
0	0
0	0
3	2
0	0
0	0
1687	196
2	96
6	97
0	25
0	27
0	29
0	25
0	25
0	25
3	14
0	0
17	0
0	977
2	900
0	856
0	735
0	943
4	902
8	242
68	0
8	90
3	20
10	0
0	0
51	3534
20	3681
101	168
0	506
0	872
2	0
0	0
14	40
0	40
1	0
3	0
99	6217
15	12223
2	2972
42	3608
23	5388
0	10644
49	4500
286	0
0	237
0	394
8	239
5	292
16	387
1	183
3	108
34	2263
115	220
42	183
69	1372
199	57
0	0
191	0
69	282
9	0
0	0
0	0
0	0
0	0
0	0
3	1836
35	2559
396	1224
33	967
0	1285
0	1138
6	1590
32	19
6	1115
59	27
0	0
117	0
4	1732
28	2300
1	1888
0	1674
0	725
7	402
1	0
0	0
0	0
0	0
248	1297
2	1297
0	175
1	0
0	0
0	794
0	86
3	777
0	810
2	48
1	28
0	30
0	80
0	40
2	5
0	81
1702	139
29	139
490	13
0	13
1	0
0	1
0	1
0	0
0	0
0	0
0	0
21	1812
71	1856
0	594
0	0
47	51
0	90
4	107
0	0
0	0
0	0
68	0
0	0
1	0
0	245
0	245
17	101
2	214
0	70
1	0
44	282
0	9
2	273
44	443
0	5
0	67
0	394
2	0
4	58
4	0
41	0
5	0
22	0
15	321
96	321
0	19
20	222
1	2172
11	2170
26	924
0	1300
332	86
2	687
18	626
2	126
111	0
3	94
0	20
106	11
7	131
0	511
0	506
0	644
0	510
16	79
0	529
0	529
2	484
112	670
0	179
1	2
0	2
1	0
0	0
0	0
0	0
21	0
1351	361
0	361
144	0
0	0
0	0
0	0
0	0
0	0
0	0
3	2858
3	7506
3	1678
62	2721
0	0
21	1
1	0
1	172
25	7369
2	368
26	728
0	0
0	0
0	0
0	0
0	0
0	0
20	2051
34	2051
3	119
2	12
0	83
3	283
0	984
34	2
0	0
1	0
12	0
0	0
6	0
0	0
0	0
0	0
698	355
10	355
7	265
0	0
0	0
1	45
30	98
0	462
0	8
0	12
4	65
0	379
1	336
17	314
1274	604
0	47
15	0
1	318
34	451
0	262
835	6743
20	6626
52	4704
6	277
81	1564
72	590
236	119
291	0
10	0
0	4
1	4
0	0
49	0
0	0
0	0
0	0
0	0
4	1862
1	1783
27	274
0	1040
75	353
11	1762
2	294
213	0
0	307
4	331
0	119
7	235
67	555
0	684
0	661
241	0
3	22
8	79
30	22
4	28
2	2432
0	0
1	2449
0	62
0	2401
3	2400
2	23
12	97
2	29
0	9
22	327
1	32
0	389
2	356
0	355
0	37
24	259
1	249
11	15
18	0
0	52
6	115
0	31
1	6
10	0
2	1495
3	1566
6	858
1	0
0	0
95	5583
13	5584
2	4966
0	460
6	1590
20	20
1	594
177	3718
0	2414
9	438
13	0
19	690
2	149
50	124
25	1857
2	59
0	1
0	0
0	1
0	3
0	3
0	0
14	1956
117	1956
106	1951
14	0
0	0
0	0
1	2
1	2
0	2
0	0
100	3853
12	3853
0	0
219	377
13	2
14	375
1	87
2852	462
2	92
1	0
4	156
3	214
729	4659
7	4659
0	0
0	0
0	0
0	0
0	0
0	0
0	0
0	0
0	0
0	0
0	0
0	0
0	0
0	0
0	0
0	0
0	0
0	0
3	0
24	133
0	449
1	279
0	281
9	36
21	71
0	298
1	382
3	426
2	0
1	148
2	127
19	0
0	335
0	335
0	349
0	348
0	334
0	349
0	363
0	319
0	320
2	27
0	353
0	364
0	336
0	386
0	364
0	375
0	374
1	0
0	24
2	4
1	232
3	2
0	0
1	0
3	0
0	0
1	0
0	0
0	0
0	0
0	0
0	0
15	381
0	0
0	0
0	0
0	0
0	0
0	0
0	0
0	0
0	0
0	0
0	0
12	23
0	22
0	22
0	20
0	21
0	28
0	14
3	10
1	13
1	18
0	18
1	0
0	0
0	0
0	0
0	0
0	0
0	0
795	294
0	302
14	241
47	66
0	0
0	0
23	41
12	38
0	24
1	24
0	23
0	0
0	9
696	1224
0	1194
23	962
0	0
0	0
0	0
0	0
0	0
0	0
0	0
0	0
0	0
0	0
0	0
0	0
0	0
2	0
0	0
0	0
0	0
0	0
7	0
2	0
0	406
2	0
0	2113
0	2244
28	2471
6	2109
272	3
420	2399
351	159
0	166
0	835
0	0
472	8169
60	8169
0	0
3	0
0	0
1	0
0	0
0	0
19	2576
405	0
7	0
0	0
3	8
0	6
0	6
0	6
0	0
0	0
2	0
0	0
0	0
0	0
0	0
0	0
0	9
0	0
0	0
0	1
0	0
0	0
0	0
0	0
0	0
0	0
0	0
10	4052
0	4052
210	3706
2845	861
0	859
0	0
0	0
0	0
0	0
0	0
0	0
0	0
0	0
0	0
0	0
0	0
0	0
0	0
0	0
0	0
0	0
0	0
0	0
0	0
0	0
0	0
0	0
0	0
0	0
0	0
0	0
0	0
0	0
0	0
0	0
0	1
0	0
0	0
0	0
0	0
0	0
0	0
0	0
0	0
0	0
0	0
0	0
0	0
0	0
0	0
0	0
0	0
0	0
0	0
0	0
0	0
0	0
0	0
0	0
0	0
0	0
0	1
0	1
0	0
0	0
0	1
0	0
0	0
0	0
0	0
0	0
0	0
0	0
0	0
0	0
0	0
0	0
0	0
0	0
0	0
0	0
0	0
0	0
0	0
0	0
0	0
0	0
0	0
0	0
0	0
0	0
0	0
0	0
0	2
1	2
120	9442
1428	9442
0	0
1157	0
0	660
680	526
2	528
0	673
62	40
39	102
0	532
20	0
78	2455
1	2455
2	806
3	566
0	263
0	122
0	14
120	100
2327	1676
6	1773
4	243
0	150
737	3
4	3
0	0
0	0
0	0
3	850
1244	944
2	0
0	821
0	855
0	29
0	79
1	769
13	35
0	94
0	0
0	0
0	0
0	0
1	0
4	109
0	109
0	0
0	0
30	21
1	17
6	5
1	172
5	175
0	57
8	76
30	58
8	31
14	54
63	6721
67	932
5	6492
0	6116
2	6232
124	42
11	3522
0	3603
11	677
417	139
459	15
179	31
219	1
143	72
31	64
0	64
0	0
507	25
0	0
0	25
38	19
0	1
0	2
0	0
0	2
2	14
3	11
4	11
0	0
1	0
9	3
0	3
0	0
38	2126
2	2390
26	917
22	1281
4	3
18	29
187	8
0	0
25	651
176	651
23	0
34	156
0	65
0	94
3	12
0	12
12	0
0	0
0	0
1	0
36	42
19	42
0	0
0	49
0	9
1	41
12	41
0	0
130	1
93	1
143	72
1	72
0	2
2	2
13	0
584	0
868	2
0	0
2	0
33	567
5	532
0	136
2	17
6479	19
1	4
16	3
0	0
0	0
0	0
0	0
1	10
0	0
24	1029
118	1029
3	932
28	53
47	0
89	0
9	49
0	39
21	142
163	143
0	0
0	0
0	0
0	418
0	424
0	241
0	242
4	23
0	5
3	10
11	6053
7	6331
4	3756
0	3777
0	2549
1	0
0	708
12	590
7	366
0	323
100	258
0	0
0	2233
0	2004
145	653
0	1382
2	1411
0	210
0	0
0	0
0	0
0	0
0	0
0	10
0	3
0	8
15	922
3	314
1	739
0	195
28	175
617	644
0	586
0	0
3	89
4	120
5	206
0	0
9	13
0	51
138	17
0	17
0	79
0	122
6	0
0	223
1	198
4	40
13	60
0	46
0	7
7	6
0	6
0	0
0	101
19	96
0	27
0	6
1	90
0	200
0	192
0	179
0	177
0	56
0	173
0	163
0	78
0	17
487	363
1	119
28	36
0	169
3	177
0	52
0	0
0	4
0	2
8522	409
0	0
16	405
0	0
0	0
0	0
0	0
0	0
0	0
0	0
0	14
73	163
0	163
0	0
1	5
0	1
0	19
0	19
1	6671
6	5781
0	0
0	0
5	0
103	6671
1	3
12	5978
76	6667
1	641
20	2606
44	0
32	543
1	85
0	0
1365	0
0	0
1	0
1	0
2002	912
3	4
235	911
2	468
5	933
44	906
0	65
0	858
26	202
53	0
7206	2873
0	629
171	0
18	951
24	1497
15	1015
4	0
2	1
10	1
5	3377
2	50
17	434
453	2886
60	3150
0	785
1	5
0	0
0	0
0	0
0	0
0	0
0	1
0	1
0	1
0	0
0	0
0	0
0	0
0	0
0	0
0	0
0	0
0	0
0	0
0	0
0	0
0	0
0	0
0	0
0	0
0	0
0	0
0	0
0	0
0	0
0	0
0	0
0	0
0	0
0	0
0	0
0	0
0	0
0	0
0	0
0	0
0	0
0	0
0	0
0	0
0	0
0	0
0	0
0	0
0	0
0	0
0	0
0	0
0	0
0	0
0	0
0	0
0	0
0	0
0	0
0	0
0	0
0	0
0	0
0	0
0	0
0	0
0	0
0	0
0	0
0	0
0	0
0	0
0	0
0	0
0	0
0	0
0	0
0	0
0	0
0	0
0	0
0	0
0	0
1	6463
0	0
82	0
5	77
1726	1883
54	1437
3	1824
3	1824
11	899
35	14
3	119
0	72
4	61
0	13
0	1
0	762
0	762
45	361
154	20
0	20
2	8
0	0
0	0
0	0
0	0
0	0
0	0
1	660
622	5150
1	1359
281	1910
103	0
4	2539
1	2074
94	495
30	1081
0	835
0	0
1	0
3	0
0	0
4	0
0	0
0	0
1	0
0	0
5	0
89	700
1739	693
23	0
0	28
33	28
4	4
1	14
10	15
7	7
1	0
0	0
29	169
0	0
0	0
0	0
1	0
0	0
1571	1313
61	1313
1	253
71	0
1	0
0	0
0	3
0	0
0	5
0	5
0	0
0	0
0	0
0	0
0	0
1	0
0	0
0	3
0	0
0	1
0	3
2	0
0	3
9	0
0	0
0	0
0	0
0	0
0	0
4	488
37	1315
1	1315
485	1023
0	327
1	345
0	868
1	55
1	7
2	0
0	1598
15	1578
0	1493
0	620
10	189
0	0
18	0
2	0
0	0
0	0
2	0
0	0
0	0
0	0
0	0
0	0
0	0
0	0
0	0
0	0
0	0
0	0
0	0
0	0
0	0
0	0
0	0
0	0
1	0
0	0
0	0
461	1045
0	864
0	968
0	796
0	689
0	412
2	303
17	529
21	85
2	252
2	27
14	14
0	14
8	1586
86	3262
685	2648
39	2503
28	459
108	1910
47	522
283	585
6	585
10	184
0	0
17	30
52	7
0	0
0	7
0	13
0	7
1	7
0	0
0	0
0	0
0	0
0	0
48	1207
394	6052
6	1335
0	6024
30	3135
28	170
5	1051
0	692
19	696
22	537
174	0
75	0
27	75
0	0
250	75
0	0
17	21
0	70
0	0
0	0
35	0
20	1422
0	1430
2	1011
29	242
0	0
3	6
0	0
37	2458
117	509
11	1042
0	623
3	990
0	908
38	1640
1485	16247
12	13883
73	13881
29	2641
0	0
934	692
1	702
6	314
117	230
0	34
1	0
659	676
7	676
15	349
7	62
0	276
0	25
2	25
2	13
4	14
1	49
3	157
2	26
13	586
2	278
0	61
9	285
6	405
67	8
1	80
2	180
0	217
0	219
0	242
0	216
12	15
0	45
22	0
6	12
0	6
6	0
0	0
29	0
3	1
0	169
6	169
2	169
0	3
4	1
0	0
0	0
0	6
0	0
2	0
0	0
0	0
3545	437
42	0
0	437
89	0
650	4940
3	864
0	4279
76	4248
0	0
0	2
1	2
4	0
1	1
1	125
47	1556
15	111
1	0
32	0
0	0
0	0
0	0
1	113
0	0
0	0
0	0
0	410
2	439
97	47
0	403
22	385
0	385
0	54
54	363
0	71
0	54
0	59
0	71
0	71
0	18
0	37
0	0
1	0
0	9
0	30
0	8
1	1
0	5
0	0
0	0
0	0
0	0
0	0
1	0
7	624
0	495
20	260
1065	679
0	0
38	154
0	0
59	0
0	0
0	0
4	4
0	4
0	3
0	3
0	2
0	0
0	0
0	0
58	395
48	3721
2	918
0	3727
11	15
0	466
0	550
115	550
0	427
0	53
2	0
0	0
0	19
0	23
3	28
0	0
635	762
63	760
35	0
0	411
1	632
624	663
8	451
2	351
0	224
0	0
2	0
0	1
0	1
0	1
5884	2035
6	2035
0	0
0	0
1	0
0	0
62	0
0	0
0	0
24	0
0	0
0	234
14	250
1	0
1	237
0	60
0	49
0	4
0	235
1696	876
11	804
221	72
0	2084
0	2054
0	1333
18	601
6	651
9	9
0	1
14	205
0	89
0	19
30	36
0	36
25	0
105	156
21	156
0	0
9	0
0	0
0	3
1	168
10	218
5	228
0	138
0	655
36	633
0	468
0	56
15	453
0	454
4	68
5	45
0	29
24	19
0	445
17	173
0	31
11	492
0	428
25	362
3	16
0	16
0	0
0	1
5	1
2029	0
16	0
607	67
0	6
5	6
0	56
5	0
14	1235
10	1301
0	187
88	172
0	26
0	34
0	80
1	101
0	6
6	40
0	0
6	0
0	6916
0	0
4	393
9	194
18	671
48	838
0	361
3	0
0	194
74	0
12	33
46	51
0	1
0	0
0	0
0	0
0	0
0	0
0	0
0	0
0	0
0	0
1	0
0	0
0	0
1	0
0	0
0	0
0	0
0	0
140	3215
1	3254
0	3263
4	573
2	469
1	220
4	1354
0	537
0	369
4	229
4	192
1	49
188	0
0	0
704	142
10	158
10	135
1	34
10	105
0	59
0	0
0	2
0	7
0	8
0	0
0	0
0	3
0	0
0	3
0	0
0	335
0	346
1	316
7	367
6	335
0	171
0	23
0	19
1	0
778	1024
5	758
2	85
57	28
0	419
25	0
0	0
32	0
0	0
29	37
0	0
0	0
3	37
0	0
7	0
0	0
0	27
111	27
0	10
0	0
0	18
0	0
1	44
0	58
0	58
20	672
3	28
14	614
1	207
40	206
3	85
1	203
0	9
0	4
0	4
0	5
0	4
0	2
6	2
4	243
0	196
6	28
0	236
1	224
0	79
0	15
2	24
1	484
2	599
0	532
3	53
0	609
0	482
4	1
4	46
2	0
9	0
3	0
1	0
18	304
0	304
0	304
0	53
1	0
0	0
1074	1472
0	813
8	291
17	974
68	0
0	661
19	41
0	528
0	600
0	162
0	341
0	105
0	0
0	0
3	0
0	0
0	0
1402	26341
40	13097
6	14223
31	2364
103	8843
0	34
15	0
83	4126
0	0
366	294
0	277
0	17
0	0
0	0
7	1170
6	1375
0	1492
9	1670
10	156
0	220
0	988
4	1651
282	1753
0	285
0	1009
5	282
37	23
7	1290
1	337
4	152
3	198
33	201
688	1051
39	1044
1	190
15	181
3	50
301	83
19	27
0	0
0	0
0	31
0	0
1990	0
10	0
21	0
0	726
191	762
0	609
1	0
1	0
12	0
0	0
3	5
3	4
4	1
0	1
0	0
0	0
0	0
1555	1187
5	72
20	1134
0	0
0	0
6	198
0	165
0	70
153	172
64	641
3205	723
1	273
5	18
10	84
0	1
11	0
0	0
4	0
22	2997
7	6410
0	5921
72	5690
39	235
16	4514
13	127
6	13
87	4087
2	243
13	586
95	31
0	141
3	128
22	142
22	524
0	501
4	354
9	23
33	8
0	1384
0	1277
0	1396
0	1367
0	1157
82	860
25	1159
12	559
11	17
8	137
0	185
0	474
0	375
0	474
0	179
0	416
0	310
1	16
3	11
0	11
0	11
0	3
2	3
0	148
9	11
39	2503
226	2643
11	403
4	7
0	5
0	5
0	5
0	3
0	1
0	0
0	0
0	0
0	0
0	0
0	0
0	0
0	0
0	0
0	0
0	0
0	0
0	0
0	0
0	0
0	0
0	10
0	0
0	0
0	0
0	0
0	0
0	0
0	0
0	0
0	0
0	0
0	0
0	0
0	0
0	0
0	0
0	0
0	0
0	0
0	0
0	0
0	0
0	0
0	0
0	0
0	0
0	0
0	0
0	0
0	0
0	0
0	0
1	0
0	0
0	0
16	301
26	301
3	158
0	0
0	0
140	1
162	9
17	10
1	2
4	0
12	0
13	0
10	83
0	14
0	7
0	0
0	474
11	32
5	149
1	149
16	0
42	474
0	391
106	13
0	10
0	58
1	58
0	3
0	4
1	0
0	8
0	5
7	407
11	201
10	358
0	119
6	72
20	39
3	13
0	61
11	21
0	16
0	12
0	66
35	144
3	24
1	29
0	133
2	3
29	56
1	836
0	2134
4	1728
7	1594
1	1311
0	2076
0	2061
1	351
7	95
14	0
21	2
12	158
0	2
2	0
6	198
4	6
0	4
0	1
6	2
3	2
1286	3545
67	269
14	303
28	3579
53	834
33	0
4	0
0	1978
1	2120
15	2293
0	619
10	128
5	203
41	1166
20	1189
0	1
0	1
28	104
0	262
16	77
0	57
0	15
0	12
352	750
3	120
7	481
6	28
0	229
0	0
1	0
0	193
0	0
0	126
0	60
1	55
0	77
0	74
0	37
0	56
0	0
0	0
0	0
0	0
0	0
58	706
0	714
11	491
50	633
0	512
272	26
0	88
4	0
0	0
0	1
2	0
0	0
0	0
1	1
6	8
0	7
0	8
240	316
0	136
0	152
2	145
6	100
1	3
304	152
3	73
8	11
3	0
0	68
36	0
0	5294
4	4899
11	5295
0	0
3	69
36	39
1	0
17	157
5	58
5	72
44	191
24	985
4	923
1	118
0	0
9	0
8	620
0	800
3	711
0	763
6	770
11	150
0	93
752	725
0	151
0	140
5	47
0	710
26	18
1	29
3	10
12	26
0	43
9	35
165	165
1	104
2	84
0	101
4	11
2	576
88	576
12	11
2	78
0	8
0	0
0	934
24	934
8	10
7	1
37	0
0	0
0	0
5	0
17	0
4	0
0	63
0	7
0	15
0	0
5	0
0	0
114	1146
67	1146
0	108
41	56
1	0
5	14
952	14
69	0
0	2
0	2
2	0
0	0
0	0
0	0
1	0
0	0
0	0
0	0
0	0
0	0
0	0
0	0
0	0
0	0
0	198
1	198
0	0
0	3
0	0
0	0
0	0
0	0
0	0
0	0
0	0
0	0
0	0
0	0
0	18
0	4
1	2
0	0
0	0
0	4
0	4
0	3
0	2
0	2
0	2
1	552
13	281
1	510
0	552
1	21
0	66
2	17
8	1
891	420
0	181
1	143
4	114
0	157
3	202
9	176
5	21
2	88
1	31
6	898
2	116
7	802
18	788
0	122
0	0
47	0
7	11
0	0
0	0
0	99
23	29
0	10
1	20
0	13
0	10
1	10
0	8
0	31
0	31
0	26
1	33
0	10
0	6
0	0
0	0
0	0
0	0
0	0
0	0
0	0
13	38
0	20
1	18
0	0
0	0
0	0
0	0
1	8
358	569
9	553
5	35
0	186
13	3
29	35
0	0
0	0
0	0
0	6
0	0
0	0
0	0
0	17
0	17
0	17
0	14
1	14
3	12
0	16
0	4
0	4
2	0
0	4
47	2645
21	2647
3871	2647
0	0
49	0
0	0
0	0
16	0
0	0
0	745
0	697
24	361
0	409
3	255
18	217
6	106
0	16
4	4
1	34
3	0
0	0
0	0
0	0
0	0
22	13
96	524
0	170
11	146
0	359
16	0
227	148
1	140
0	0
0	8
0	0
0	0
0	0
0	0
338	0
296	1089
2	1019
19	25
0	171
13	6
12	28
6	74
0	4
59	990
28	290
9	857
7	203
0	69
0	343
0	194
1804	12
1	12
0	0
1	59
198	64
0	18
1	19
0	2
11	1
0	5956
21	7103
0	0
2	1471
13	929
1	57
20	142
0	1139
0	763
1	0
1	279
1	61
200	102
263	0
0	0
0	0
257	879
0	833
3	490
0	12
12	5
0	27
0	2
0	2
0	2
0	1
0	0
10	13
0	9
0	2
1	6
0	2
0	0
0	62
0	0
504	298
14	294
4	70
18	0
8	0
19	0
1	83
14	81
0	2
3	235
4	241
0	60
0	215
0	52
16	0
3	739
0	738
8	21
1	542
0	0
2	5
0	0
0	0
0	0
0	0
0	17
0	11
0	32
0	20
0	2
0	4
0	6
0	6
1	0
4	2
1968	4296
0	3723
52	1457
4	1007
5	172
0	551
4	285
187	3982
1	3924
0	422
5	2829
0	376
0	0
407	153
1	86
26	112
0	317
2	671
13	722
0	272
0	306
3	826
0	64
7	0
315	60
3	60
1	117
0	117
6	87
0	85
0	79
0	88
0	14
0	24
817	710
0	660
0	567
1	296
1	22
1	282
18	0
1	34
7	213
0	0
6	0
0	0
10	11
0	1113
0	1086
0	603
1	1073
0	1115
17	796
1	689
12	19
0	105
119	37
23	436
0	192
425	0
0	205
0	29
0	45
45	173
23	0
361	7084
0	3821
44	2762
1	4261
0	3515
66	6
131	35
0	34
15	7
80	56
0	53
0	1
9	0
0	0
0	0
1	3
0	3
0	0
0	0
0	0
0	0
75	717
0	84
1	120
4	68
5	141
0	565
0	194
19	0
7	39
6	0
1	673
32	673
1	103
1	168
9	79
0	159
540	232
0	139
2	59
3	72
0	124
233	346
0	249
0	193
13	53
6	3
5	3
1	0
2	0
36	0
1224	1438
1	22
3	133
58	0
0	21
85	0
43	1282
0	0
12	468
0	475
0	390
14	3087
454	3137
11	694
15	402
1736	409
1	343
16	64
21091	1415
7	1341
1	40
1	36
0	35
0	29
0	30
0	18
16	8
0	0
9	489
2	23
1	329
1	401
9	21
0	298
43	4236
34	4204
0	4478
23	389
0	3480
24	242
0	323
6	133
2	407
129	84
0	0
53	217
678	479
10	38
2	441
0	0
413	4915
39	3144
0	2867
7	3442
2	275
0	690
8	2
15	3
0	2
0	3
0	0
311	1057
1	800
0	666
1	1085
1	622
384	0
767	0
1945	5279
8	5279
1	0
0	0
0	0
0	0
0	0
0	0
82	92
19	60
6	86
2	52
0	0
1	39
1	20
1	26
0	22
0	0
0	0
0	0
0	0
0	0
0	0
0	0
0	225
1	244
11	86
1	80
2	115
3	79
1221	213
951	213
0	0
29	3873
3	3666
37	2642
10	1675
0	0
0	94
1	3759
105	751
17	694
0	241
0	2208
3	168
48	615
1	208
37	107
17359	40398
6	32856
3	19324
7	13655
2283	3268
1	944
64	290
72	874
27	0
0	0
1	93
1	2280
8	30
1	36
19	121
14	0
1494	792
8	792
0	0
0	227
74	397
10	242
0	242
1	27
4	59
13	46
6	17
0	82
1	65
1	1292
2	296
4	94
3	111
0	312
0	1043
109	1134
0	1010
0	1067
2	1
0	55
7	0
33	1
35	0
6	28
16	812
0	783
0	123
2	550
0	12
1	416
23	26
0	2
49	2108
2	2142
19	491
14	498
0	775
0	577
4	643
33	270
3	82
0	0
0	0
0	0
2	0
0	0
0	0
19	14
0	14
0	0
0	0
0	0
0	0
0	0
0	0
0	0
838	295
0	295
0	0
1	0
0	39
0	39
0	24
0	0
0	0
0	0
0	0
1	0
3	3
0	0
0	0
0	0
0	0
0	1
26	3401
304	1703
57	2501
0	51
37	191
0	52
4	0
89	2487
0	313
70	2
26	224
0	2512
0	2396
71	904
0	1420
31	17
0	0
0	330
17	984
3815	2476
0	2346
0	1419
12	366
0	0
72	0
8	0
19	12
0	12
11	3269
0	1417
10	780
6	301
19	2883
0	3
2	2066
1240	2050
189	98
3	399
24	1994
5	526
3	285
117	695
12	678
2	80
1	0
5	278
12	44
9	3
0	3
0	4
34	4
1	0
1	34
0	6
213	437
0	434
0	378
0	390
0	0
0	17
0	0
0	0
16	1190
27	145
7	1216
0	564
0	77
2	1
0	0
93	297
0	289
14	281
0	210
1	24
0	1
1595	871
59	0
27	871
0	0
0	0
0	0
0	42
0	44
1	5
1	0
0	0
0	5
0	5
0	3
771	6
0	0
0	0
0	0
0	1
0	1
55	340
408	2897
8	2844
1	42
0	0
252	0
74	0
239	0
79	0
101	0
46	1118
131	815
1	0
0	0
0	0
0	0
1	0
0	0
0	0
0	0
0	16
13	16
1	3
2	0
8	4
1	4
1	0
9	0
0	0
55	566
0	2641
18	2672
24	2623
5	283
0	82
75	2
0	0
0	0
0	0
0	0
0	0
0	0
0	0
0	0
0	0
0	0
0	0
24	791
2	40
0	772
1	90
0	0
0	0
0	221
0	80
0	4
3	224
0	32
0	30
0	0
0	0
0	0
0	0
0	0
0	0
15	422
21	422
0	86
0	0
0	0
0	0
3	0
0	0
204	838
33	635
0	551
21	1480
1	1394
21	1375
2	0
0	105
0	710
13	75
2089	988
1	988
46	0
115	118
25	0
3	14
4	14
3	66
4	31
0	7
1	133
0	289
0	277
0	115
389	3197
52	3199
12	367
7	75
3	0
1	0
0	0
1	0
1	7
0	68
3	68
0	2
0	11
66	166
1	166
6	108
2	22
0	15
0	13
1	152
1	149
0	75
0	17
0	0
135	136
2	15
4	5
0	120
0	0
0	0
0	0
0	0
63	15
0	4
0	14
0	7
0	59
4	59
0	0
0	0
0	1
0	0
0	0
86	937
13	932
17	150
1275	605
5	0
0	0
0	3
0	3
0	3
0	0
0	0
11	5203
58	5023
51	5066
0	499
101	0
7586	15890
33	3128
143	24
0	24
21	5503
82	1559
9	6766
3	1346
12	7174
3413	1672
12	708
16	626
0	190
0	896
2	14
0	83
0	0
30	362
108	1012
2	1552
19	1486
1	368
20	305
3	95
0	15
1	0
13	0
7	0
510	1271
0	943
67	534
10	930
32	0
10	164
5	154
0	40
270	2279
9	1909
0	738
1	4
0	4
0	8
0	4
0	0
0	8
0	5
0	13
0	11
0	3
0	0
0	67
0	0
126	113
89	1208
28	1349
0	1149
5	89
2	162
0	291
0	979
0	709
0	779
0	895
66	123
5	0
5	30
7	255
9	21
849	12980
55	2526
0	4494
2	2666
13	10437
67	2444
24	2619
13	0
204	198
0	25
15	15
20	151
0	31
4	448
0	458
1	288
24	348
0	103
0	17
15	2518
5	2198
52	161
3	2445
4	379
52	306
0	117
1	1982
47	1354
0	74
3	1332
0	575
0	182
181	0
0	0
112	0
0	1115
18	301
135	17
14	583
13	187
2	46
0	9
34	47
246	51
0	121
0	191
0	14
11	25
32	26
1	7
0	98
47	774
7	817
0	22
1	503
0	495
0	419
0	88
0	0
0	26
1	0
7	0
27	1254
29	1375
4	194
14	30
0	31
0	5
0	30
0	3
0	8
0	1
1	5
0	1
0	0
0	1
0	0
1	0
0	0
0	0
0	0
0	0
0	0
0	0
0	0
0	0
0	0
0	0
0	0
0	0
0	2
0	2
1	2
0	2
0	2
0	0
0	0
67	7206
4	6711
0	4495
0	3989
2	2079
89	854
173	0
0	1378
20	353
0	1144
0	1818
10	20
9	385
2	81
0	5
1	386
301	230
2	229
0	26
23	17
63	47
0	0
1382	1424
0	1424
13	0
30	48
0	11
2	53
1	9
79	7
276	1065
95	1010
7	522
0	396
3	878
2	412
0	303
0	466
75	110
217	0
9	508
8	586
0	160
3	200
1	0
0	200
7	83
247	5542
15	1067
11	54
0	4652
1	2174
3	4019
0	4019
9	152
21	0
0	1450
0	1450
63	1020
0	0
5	149
0	163
0	0
321	13680
16	10877
40	13273
339	0
6	858
30	841
199	0
0	0
0	0
130	459
1	203
3	0
0	35
0	0
0	81
2	151
3	111
0	93
20	0
0	36
155	658
0	455
3	286
5	72
3	0
2	303
0	37
0	295
0	1
0	0
48	3643
342	125
29	260
0	920
0	3233
0	1187
0	1586
17	66
5	431
238	312
9	300
54	181
0	39
11	210
0	43
0	34
0	26
7	91
7	80
0	17
3	0
60	6145
118	5884
0	5550
0	5434
11	5824
64	5659
0	6025
14	991
0	1432
1	1
19	871
0	467
0	1858
0	760
361	2895
35	1681
0	1044
5	793
1140	110
1	110
0	1368
26	1054
8	1148
0	1351
0	467
0	1031
51	358
0	211
4	165
0	105
0	67
0	66
9	359
16	0
0	255
2	121
0	70
0	33
6	31
1	164
0	79
0	0
64	0
0	0
0	0
0	647
111	647
17	201
0	0
0	0
0	0
12	2
0	0
0	0
0	0
6	2
0	52
41	100
1	51
0	74
0	15
4	51
2	20
3	34
0	678
0	684
19	0
0	45
3	676
123	2
0	0
30	2
46	12
37	7
9	0
194	7
133	5
64	7
38	0
14	206
0	732
118	776
0	755
17	39
0	34
0	11
320	451
1	112
1	68
5	237
2	262
0	62
0	0
30	346
260	447
11	53
24	0
1	262
0	59
7	28
0	1900
0	25
0	25
0	25
0	16
1	0
1	13
0	0
0	11
0	4
0	0
2	0
1	0
10	559
12	600
229	51
0	0
1	18
20	18
2	0
0	0
16	435
114	3160
99	0
32	0
0	90
122	90
6	2725
1	63
2	0
0	0
0	0
0	0
0	0
0	0
0	0
0	0
2	0
51	1193
9	0
1	1114
3	1193
11	870
0	399
140	330
0	356
1	368
8	238
14	24
0	0
0	0
3	0
1344	245
6	35
17	0
6	134
0	83
0	2999
2	3096
0	2140
0	2987
0	918
0	105
0	2305
7	666
0	2423
94	612
0	274
27	40
0	1335
1	1283
0	0
60	0
30	0
1	0
20	1326
0	1289
16	614
4	312
13	166
9	36
1	146
0	159
0	67
2	2273
0	2453
0	1989
0	1986
8	2086
0	1790
1	1393
20	1404
0	1587
7	436
0	1247
338	1292
0	1116
0	882
0	1256
224	1064
0	842
0	850
0	372
0	161
4	708
1	545
15	119
0	29
1047	224
0	103
0	6
1	8
0	78
2	26
34	0
66	0
519	549
1	57
66	11
1	55
0	494
3	9
0	53
4	18
3	53
0	3
0	3
6	2
2187	746
0	56
1	316
0	0
1	214
0	293
0	122
2	91
683	293
2	3
0	287
4	6
0	0
3	0
247	210
19	117
0	115
1	129
0	30
15	32
4	87
14	87
47	457
11	315
6	403
0	95
0	125
0	74
4	99
3	215
0	77
0	175
7	103
196	633
1	511
6	327
1	46
0	475
7	476
4	471
25	393
11	134
2	44
2	5
1	136
29	48
0	11
0	0
0	0
0	0
0	0
0	0
158	567
0	582
0	501
0	72
0	0
0	39
0	11
2	13
25	0
0	227
1	181
5	0
0	108
4	89
11	45
182	45
500	1529
33	1400
7	1104
2	1047
0	435
1	7249
8	7351
7	4051
6	603
34	1
29	0
69	9
13	2201
2	285
1	2131
37	22
0	1865
194	1470
7	790
18	614
2	187
0	28
98	0
7	2
0	1
2	2
973	3209
1	3176
49	0
31	2320
0	3209
8	648
28	907
0	1626
0	274
1	1970
4	523
8	896
3	1221
370	142
0	0
19	142
39	193
1	67
7	193
167	76
0	59
0	41
0	48
13	0
555	13696
0	2667
3	4604
16	0
0	11058
1	591
77	402
1	29
0	538
0	42
5	85
8	61
1241	940
10	332
0	195
5	610
0	263
2	2
244	947
56	0
0	360
5	335
5	567
9	4
0	245
0	255
18	46
8	19
13	113
1	78
968	4336
31	2986
3	582
0	1
31	2526
0	0
2	298
0	0
0	0
0	40
3	40
0	0
0	1
0	1
0	4
0	0
133	27
1	19
0	17
33	3435
3	65
0	447
67	2
0	163
5	3283
0	58
0	58
0	7
0	1451
1	2443
0	2404
3	2373
0	2369
3	2001
0	1873
4	420
14	231
6	51
18	34
5	31
21	844
19	314
0	70
0	0
0	0
1	0
65	971
2	900
0	179
0	78
29	29
0	592
2	210
0	152
0	17
0	0
12	0
14	0
0	0
680	66080
32	64535
3	4318
0	1
0	1
598	164
0	36
0	76
1	52
0	0
889	93
4	93
2	0
3649	456
0	0
20	388
4	123
1	3
0	1
0	15
0	1
13	1
0	1
0	0
0	0
0	0
0	0
0	0
0	0
0	0
0	0
0	0
0	0
1	0
0	0
0	0
0	0
0	0
0	0
0	0
0	0
0	0
0	0
0	0
0	0
0	0
0	0
0	0
0	0
0	0
0	0
35	48
0	0
0	1
0	1
0	0
0	0
0	48
0	48
0	4
0	0
61	771
1	695
0	765
0	82
0	173
0	13
1	13
0	103
0	19
0	46
98	30
0	0
22	78
245	94
0	21
6	0
0	0
7	0
0	0
0	0
0	0
0	0
0	0
0	0
0	0
0	0
0	0
0	0
1	2
0	40
0	34
2	2
1	17
0	2
2	0
191	0
0	0
0	0
0	0
0	0
10	161
0	156
1	8
0	109
0	122
0	127
19	118
0	0
0	0
6	19
0	1
3	389
8	362
1	48
8	1
0	89
6	108
1	24
0	32
0	12
247	7113
0	361
29	6785
86	259
13	25
10	259
29	495
0	0
0	0
4	0
13	1089
0	825
129	762
14	1522
0	47
0	211
0	105
0	36
28	83
3	98
49	393
0	61
183	0
30	230
11	62
10	103
387	43
0	41
2	2616
158	0
0	0
0	0
0	0
512	908
10	712
15	628
3	211
2	1058
9	840
3	275
0	175
0	607
0	672
18	42
372	1615
0	1510
0	1510
3	539
0	4
95	4
20	139
0	0
0	104
96	197
0	33
0	45
2	68
0	30
20	45
0	11
5589	1592
13	0
12	1317
4	241
31	273
4	0
6	267
0	31
0	28
0	241
0	43
0	109
3	1
0	0
0	0
0	0
1	0
0	0
3	1
674	9072
81	7780
48	2568
6	0
0	2572
0	10
0	8
16	3
1	2
37	1581
568	1516
0	234
0	43
145	0
78	0
0	188
58	2365
0	1932
9	66
59	819
1	414
21	621
14	1062
2	437
0	1036
0	1022
0	490
4	282
0	9
20	2
241	371
1	225
0	107
0	209
7	163
0	88
0	510
22	510
0	106
2	0
7	139
222	47
3	19
0	33
0	1249
1	297
0	227
0	1228
0	98
12	98
11	224
13	60
0	7
25	125
1	89
0	1
0	335
6	2627
0	189
38	0
51	2610
43	0
1478	1027
4	1027
54	773
5	316
1	175
0	343
0	343
9	322
524	393
0	181
0	2
0	0
0	0
0	0
0	0
0	2
3	2
0	0
0	0
1	0
8	27
0	0
0	0
1	27
2	0
0	17
0	0
0	16
0	2
0	0
96	764
3	734
0	746
3	434
39	419
0	366
0	66
3	20
65	2
10	58
2	14
49	25
0	0
3	0
2	0
0	0
2	0
7	0
2	0
2	0
1	20
0	0
10	0
1	0
2	0
0	0
5	0
23	0
24	0
7	0
35	2
1	2
0	16
0	4
0	23
4	0
7	0
6	0
9	0
6	0
10	0
8	0
8	0
0	0
0	0
0	0
0	0
0	0
0	142
0	0
0	0
1	65
0	0
0	0
0	0
367	20
0	7
0	13
375	161
0	161
8	7
11	8
0	8
8	93
173	168
21	0
4	1
2	31
0	45
0	55
0	186
0	400
0	426
2	400
0	98
0	108
4	40
0	5442
0	5428
0	5507
148	5341
1	5295
0	4714
0	5337
0	5402
0	5392
0	5323
6	912
2	185
1	3314
27	2
4	588
1	86
1	461
2	944
39	2
3	166
0	109
285	0
6	317
2	307
32	156
0	313
0	187
2	213
80	2
18	0
0	0
0	3891
0	3798
0	3804
4	527
0	3032
0	3007
0	2834
3	3432
0	3539
8	1359
0	2910
0	3463
0	3665
0	3648
6	117
30	1413
1	412
0	216
0	455
49	2116
0	426
0	506
59	54
4	325
0	336
10	409
1	511
0	415
124	358
0	212
1	177
0	0
0	0
0	0
0	0
2	0
114	3347
6	3347
1	157
99	0
2	0
0	0
0	0
0	0
0	215
233	1151
19	378
1	224
35	101
0	657
10	143
0	146
0	137
0	52
0	70
0	60
4	31
0	16
0	22
8	2
301	10454
395	10249
134	1945
125	1472
131	1
0	363
0	347
1	307
1	6
12	45
11	97
3	0
203	1703
3	1356
0	1230
35	2
165	4
1	0
0	0
0	0
1	0
2	0
0	0
0	0
8	0
71	341
0	287
0	299
0	245
1	248
13	70
1	95
1	39
12	63
7810	6
10258	0
7	9
1	9
0	0
22	0
1	1064
11	1373
0	54
4	1355
13	877
10	953
4	556
119	770
110	577
0	346
5	433
3	58
0	471
1	92
13	415
10	66
4	381
19	900
0	644
2	810
1	411
5	124
0	226
1	10
47	0
9	85
1	264
19	47
0	101
0	0
11	0
0	0
438	0
19	68
0	68
0	10
21	38
0	41
11	266
1	269
1	268
1	270
26	273
0	0
3	20
5	35
737	350
2	91
2	293
0	18
6	94
17	597
29	54
0	463
1	101
7	158
4547	1934
125	23
505	289
0	0
0	1973
5	70
70	0
0	0
0	0
0	0
0	0
0	0
0	0
0	0
33	254
0	27
0	27
1	32
32	18
0	43
2	25
7	191
14	86
903	2
0	0
48	867
6	712
13	0
0	65
10	161
0	131
0	54
7	53
5	26
6	8
19	0
0	0
17	9
0	9
4	0
9	455
1	470
0	9
9	11
4	58
0	56
78	243
0	1
0	0
0	0
9	949
0	0
1	700
157	2928
2	2928
0	0
6	759
16	56
0	541
8	216
279	589
1	287
0	129
0	0
4	301
0	34
0	1
0	2
0	1
1	1
0	2
0	1
0	1
0	1
1	2
124	4489
39	100
3	3645
18	549
9	1334
0	594
8	211
1	0
0	0
0	2
7	2
0	0
0	0
1	2
0	0
0	0
728	1515
4	1510
0	0
0	1882
2260	1946
118	178
6	179
2	101
0	76
0	76
6	66
0	19
0	2
0	0
0	0
0	0
0	0
4	395
0	372
0	366
2	46
0	388
0	369
1	18
0	1
71	183
122	0
1	1
0	4
1	3
0	4
0	4
0	2
1	1322
16	1281
53	961
0	1310
1	184
0	1218
0	1144
21	901
0	1
12	2
0	129
0	0
0	0
17	156
0	0
21	3
8	352
109	749
0	445
3	0
9	646
0	573
39	186
0	2
23	390
0	237
10	159
0	61
0	115
1	49
7	255
5	103
0	60
0	222
26	1210
0	1212
8	116
33	1
230	254
0	148
0	83
0	56
0	1
0	74
0	74
16	3
2	31
1	1
0	2509
0	3991
0	4079
3	1913
0	2585
414	3835
6	3850
0	1901
76	2557
0	2597
2	298
1	0
1	673
123	0
31	1061
0	0
210	157
355	0
0	0
0	0
0	0
0	0
0	0
0	0
0	2
0	2
0	0
0	0
0	0
0	0
0	0
0	0
0	0
0	0
0	0
0	0
0	0
162	201
0	79
10	84
0	105
3	13
0	67
0	7
1	2
1	61
83	1707
1	800
385	1690
18	268
7	1041
4	851
19	2303
0	2303
2	294
24	665
1	585
0	476
0	452
17	437
1	57
388	1371
5	1003
14	729
0	548
0	356
0	0
3	247
0	0
0	0
0	43
0	43
0	28
0	4
743	1208
2	677
13	493
0	554
8	60
19	174
0	171
4	17
3160	225
32	212
112895	53317
0	15055
18	0
2	0
11	4
2	447
7	447
0	0
0	0
0	0
0	0
0	205
0	152
1	203
12	135
0	0
0	0
0	0
116	30
0	30
2	3394
17	3333
2	3217
23	2948
1	1636
6	658
0	253
12	242
1	53
3	583
0	0
24	205
1	370
3	647
6	378
165	1139
67	228
7	126
2	169
0	0
317	83
0	24
7	72
0	24
545	97
2	14
19	83
0	19
6	0
33	5782
1	4891
31	5538
0	5118
0	4918
0	1610
0	1610
20	11
0	22
0	0
18	113
0	0
0	29
0	0
11	347
73	347
31	0
8	0
9	149
786	149
140	8838
0	3812
0	7427
0	7866
0	8515
0	7929
75	5925
0	4119
0	5103
46	4863
14	1362
3	2713
0	1204
0	3692
37	2893
0	0
0	0
0	0
0	7
0	2
0	2
0	1
0	0
0	0
0	0
0	6
0	9
0	9
0	0
0	9
0	9
0	9
0	0
0	0
0	1
0	1
0	1
2	110
12	94
1	29
4	55
0	22
0	34
75	318
7	1093
6	1226
0	244
0	453
4	1073
4	72
0	325
7	395
0	205
1	307
0	337
3	110
0	22
0	22
0	17
167	2
5	9
1	1083
11	220
2	226
76	1260
1	96
24	813
0	647
1	5
9	44
3	108
1	167
3	36
1	18
1	35
2	48
0	4
9	4
6	673
5	642
6	336
0	216
0	31
18	170
0	0
7	11
3	128
2	129
6	111
0	109
15	1304
36	1239
299	1627
4	52
1	357
11	252
0	7
0	11
0	2
0	43
90	199
0	79
10	159
1302	223
0	166
2	121
2	65
1	55
38	38
3	0
0	3
0	13
0	23
49	85
2	32
1	80
0	9
1	5
0	5
0	5
0	3
3	44
7	40
0	0
4	3
2	5
0	5
0	5
6	26
5	28
0	0
1	2
0	0
0	0
1123	0
2	0
0	0
14	1
0	1
0	22
1	22
0	0
0	48
0	0
0	0
0	0
0	0
0	0
0	0
0	0
220	4832
0	4842
0	3045
5	3031
0	16
9	878
25	887
0	865
3	869
0	54
0	150
12	880
689	396
0	355
1	58
3	39
43	1308
0	1236
7	182
8	938
1	293
1109	1174
39	297
1	1051
0	0
0	0
0	0
9	587
2	608
5	394
16	500
0	490
10	298
11	110
845	734
2	121
102	102
1	657
0	75
7	144
25	331
33	1208
1	1188
5	1048
0	1070
39	41
3	307
6	46
16	10
631	132
3	134
3	111
80	0
0	0
0	0
0	0
0	0
0	20
0	82
4	80
0	90
9	85
90	682
7	682
7	660
0	632
14	477
75	580
1	76
5	5
7	23
10	43
0	37
19	59
0	27
0	14
0	16
0	15
0	12
0	127
0	20
0	1
1	143
0	140
0	131
27	141
0	129
3	70
0	35
0	2
1	8
0	6
0	9
0	9
1	2
0	2
0	0
0	0
15	0
0	0
7	0
16	221
0	0
0	0
0	0
506	137
4	84
8	37
3	81
3	119
6	119
0	54
0	0
0	0
0	0
0	0
177	1788
27	1745
2	277
17	1476
0	0
0	0
0	33
123	2
26	0
1	41
0	27
3	288
134	284
0	0
91	163
0	157
11	63
0	52
0	34
0	38
0	0
272	1450
233	1341
17	856
5	846
0	502
1	193
1	10
0	315
0	315
7	347
0	347
0	317
0	12
0	89
0	82
0	33
0	28
0	24
0	16
22	8
0	8
144	410
0	410
0	55
77	3315
1	3057
25	3223
70	479
0	483
1	1
0	252
25	12
1	1991
3	253
0	0
0	193
0	1890
0	180
0	0
3	252
2	192
1	371
11	101
42	431
0	253
128	847
0	332
0	317
0	733
0	51
16	403
0	925
69	952
5	464
0	498
2	185
4	89
0	0
147	493
0	367
0	38
0	111
3	23
12	55
3	21
0	29
25	47
0	18
12	119
8	119
1	15
0	0
0	1
0	1
0	7
0	0
1	217
2	217
1	30
1	30
1	26
0	0
83	11
3	11
0	0
4	612
13	604
2	11
0	36
0	17
0	0
0	0
0	0
0	0
1	633
73	633
19	23
2	37
66	3509
37	473
0	3524
0	161
7	35
10	140
1	1295
12	32
0	0
0	314
0	287
273	1960
8	100
43	1860
362	965
97	967
8	2
0	197
2	53
14	14
49	304
3	299
25	35
42	285
0	0
12	0
0	0
0	0
0	803
13	875
7	285
28	0
0	0
0	40
0	0
0	7
33	0
8	27
0	0
0	0
1	0
0	97
253	0
8	366
16	379
0	270
3	193
3	87
0	2
0	346
0	365
16	365
0	281
5	19
0	57
0	34
3571	889
9	67
0	0
1	822
2	0
0	0
260	119
7	119
0	0
0	0
0	0
0	0
470	446
0	225
1	446
0	1209
30	1237
1	78
5	1
17	245
3	21
58	436
2	208
44	376
0	231
10	82
5	1
9	21
30	74
1	28
0	53
0	27
3	27
0	758
0	631
12	697
5	243
27	176
22	743
0	0
0	154
0	0
4	154
0	1
1	3
1	93
1608	725
1	721
141	176
9	142
5	34
0	0
0	0
59	938
0	14
1	594
0	0
0	0
1	0
2	0
2	221
0	0
0	0
0	823
0	0
1	32
2603	42
0	9
0	193
3	112
120	543
114	441
0	513
14	21
0	71
0	69
1	70
0	48
0	66
0	6
0	3
8	0
0	7
0	0
15	0
0	0
0	0
0	0
11	38
1893	1529
187	444
0	1519
54	94
2	8
50	8
2149	3004
1	170
5	149
238	3148
18	174
1	285
10	98
0	0
829	417
3	104
0	415
0	2
28	0
104	229
39010	137737
0	2457
0	87897
68	72748
77	55874
232	10145
1	35424
58	24833
126	14890
98	428
1	428
0	173
0	44
0	98
1	72
2	64
322	1527
31	1518
0	690
0	621
31	26
13	0
64	1052
2	0
4	100
3	249
2	203
0	0
0	0
0	0
0	0
0	0
0	0
0	2
0	2
3	502
9	500
5	485
21	7
0	0
0	0
0	0
0	0
0	0
0	0
0	0
0	0
1	1041
36	1071
7	1070
28	17
0	130
52	479
7	389
0	251
41	0
0	3
0	3
0	3
5	493
5	654
39	588
0	173
0	0
1	397
3	350
1	283
14	174
2	167
3	184
1	95
0	104
0	53
27	70
0	67
0	59
6	35
0	14
22	2
2	16
0	0
0	2
0	2
1	2
1	0
0	0
3	0
32	0
0	0
5327	12
2	41
0	2
1012	193
0	216
28	82
3	8
180	12488
29	11297
0	2661
0	237
0	0
0	614
0	596
0	615
0	615
19	88
0	584
0	584
16	31
0	47
834	652
210	12
3	2
0	77
1	36
13	640
289	562
1	72
15	334
0	279
20	0
41	3
1	2
0	5
22	2
4	0
1362	347
25	347
0	141
0	1
0	1
0	1
10	559
2	480
10	57
0	136
0	411
0	404
19	396
2	206
0	293
0	51
0	24
10	29
6	226
0	114
5	1
0	4
0	40
0	0
2	18
0	5
1	8
0	4
0	3
0	0
1826	659
4	11
11	325
27	345
51	152
0	0
0	0
0	0
0	0
0	0
4928	0
2	0
197	0
526	2153
0	2081
9	22
2	108
12	46
25	68
0	0
26	486
13	805
6	494
4	92
89	0
4	0
18	2
0	2
0	721
3	71
47	789
3226	745
3	12
1	12
0	745
0	0
0	0
0	0
0	0
26	0
0	0
39	6
0	6
5	7
148	460
20	52
0	6764
0	6681
0	6568
43	6518
0	0
1	6219
30	37
10	2845
22	4
9	199
53	62
110	757
0	403
59	1401
1	2075
0	2155
14	1132
0	302
0	0
0	0
0	0
0	0
0	0
0	0
0	0
0	0
0	0
0	0
0	0
0	0
0	0
254	2542
0	110
1	2540
0	426
9	15
20	819
1743	10208
2	1303
68	3092
5	8366
4	339
0	2204
115	716
4	3495
48	1034
9	946
62	655
1214	1123
7	1106
0	528
80	22
15	17
15	1406
11	101
4	836
7	1052
28	1294
22	57
3	479
797	0
0	0
7	633
1	549
7	615
2	486
7	196
2	199
86	523
1186	3431
3	3432
1	3429
8	817
95	0
167	172
1	90
28	83
21	537
1	496
6	131
0	18
0	15
1	12
61	243
64	1827
2	226
5	1830
0	98
2	83
0	0
2	56
1	260
8	281
32	0
0	0
0	0
0	0
0	0
0	0
2	0
0	0
0	0
0	0
0	0
0	0
0	0
0	0
0	0
1	0
0	0
0	0
0	0
0	0
0	0
0	0
0	0
0	0
0	0
0	0
0	0
0	0
0	0
0	0
0	0
3	1
0	1
25	0
3	0
28	0
41	3135
0	3073
16	2321
0	636
0	487
5	520
0	213
13	14
41	1854
16	1744
3	477
18	2012
9	155
42	0
73	2
412	0
21	1326
33	19
134	6
10	6
0	0
0	0
0	0
0	0
0	0
0	0
0	0
0	0
0	0
0	0
0	0
0	0
0	0
4	200
0	1
0	1
0	1
0	0
0	1
0	0
2	0
379	2492
4	2492
0	288
0	0
1960	15482
21	54
11	15389
27	15489
25	525
0	0
0	0
27	5997
66	22
1	22
128	1163
9	1040
0	1237
40	996
82	782
2	799
1	562
13	545
0	116
1	106
1534	186
0	182
1612	92
142	2240
8	1978
0	1979
0	0
0	432
14	587
0	0
0	0
25	0
0	0
0	0
82	0
2	0
0	0
2124	0
0	0
0	0
62	28
6	28
0	0
0	2
1	0
1	0
0	0
0	0
44	3166
274	3091
0	93
28	168
7	466
10	0
25	210
0	1189
0	1313
2	112
99	1
0	80
0	2866
247	88
0	255
0	2479
30	66
26	2284
51	88
3	28
213	30
7	162
2	152
0	325
363	385
0	3
0	0
211	376
8	0
2	299
0	0
0	0
1469	929
0	671
0	87
73	608
0	0
0	253
0	164
2	202
31	209
0	66
0	10
3	0
165	90
0	0
0	3
0	0
2	9
0	0
0	1
1	97
0	66
0	52
0	83
6	30
6	65
989	463
0	456
19	19
0	105
3	46
45	0
0	8
766	3145
21	2936
2	2926
0	870
2	167
0	91
420	533
0	0
0	0
0	0
20	0
0	0
1	0
0	0
228	156
0	43
8	114
7	68
0	67
2	48
40	5
0	0
0	0
0	0
1	0
18	1
0	1
4	1
7	14
0	0
5	14
1	0
2	0
0	0
0	0
0	0
30	68
8	68
0	1
0	1
16	0
4	0
2087	12483
42	11329
63	7727
0	5824
12	2142
0	5357
5	3031
44	3070
0	2199
18	823
3	0
1	0
0	0
8	0
0	0
4	10
6	16
0	0
0	1032
0	1050
2	1055
0	933
0	1021
1	110
0	1001
0	917
0	65
134	20
79	0
130	850
0	1
1	0
0	1
0	145
0	149
34	96
0	33
0	15
0	0
6	0
1	63
2	4
3	220
0	0
1	1
0	3
0	0
0	0
2	0
8	533
5	66
0	467
0	0
0	0
0	1
0	0
0	1
0	1
0	1
0	1
0	1
1	0
0	0
0	0
0	1
0	1
0	1
0	1
0	1
0	0
0	0
1	1987
10	2604
4	2344
0	2153
8	496
6	124
125	1220
0	278
0	191
2	93
0	1
0	0
5	9
407	212
0	33
1	179
0	0
0	0
0	0
0	0
0	0
0	0
0	0
0	0
0	0
0	2
0	5
0	5
0	5
0	0
0	0
0	0
2	1
2	98
0	148
28	181
17	95
0	0
17	0
38	2129
0	0
1	638
0	2135
4	44
29	28
2	24
1	575
0	0
4	0
0	456
0	335
56	0
38	0
21	0
1	156
0	0
0	0
0	0
0	0
1	26
0	571
2	97
0	162
0	571
0	3
0	21
0	0
0	0
1	19
2	11
2	8
1	11
1	0
11	0
1	50
0	30
5	39
0	0
16	164
4	151
0	57
0	17
0	58
0	51
13	6
5	0
75	38
2	25
0	20
27	127
990	2437
365	810
3	252
4	331
300	1473
18	11
12	10
0	1854
34	1930
8	1886
0	0
0	0
4	6
40	0
34	651
5	19
19	25
3	531
0	0
0	0
8	2
0	2
0	0
13	1962
8	1911
21	1187
0	89
0	16
0	32
1	59
0	46
55	55
7	41
1	0
0	0
0	0
27	0
11	4
15	4
0	4
0	0
0	0
6	0
0	0
0	0
1	0
0	1
0	1
0	1
0	1
0	1
0	0
21	686
0	145
0	178
33	513
0	510
9	175
2	83
0	0
0	0
0	0
0	0
0	0
0	0
0	0
0	0
0	0
1	0
0	0
0	0
0	0
0	0
5	2
2	0
31	0
551	100
10	86
0	0
185	0
2	38
5	44
8	44
41	20
5090	223
0	221
1059	3389
0	3388
0	1318
0	989
51	454
13	1710
25	1369
39	1630
25	188
0	141
92	981
0	773
56	0
8	26
0	50
0	0
0	0
0	0
0	0
0	0
0	0
0	0
0	0
33	28
0	28
8	3
0	0
0	0
301	0
1	0
633	326
0	175
3	64
88	157
1	147
6	146
0	0
0	0
1	1
0	0
0	0
0	0
0	0
0	0
8	3136
17075	11208
0	1959
29	1044
109	0
69	3955
69	3466
6	264
18	380
0	0
0	0
2533	686
0	497
0	62
0	167
40	0
5	153
0	324
0	350
1	299
2	258
0	286
0	299
0	245
3	252
7	260
0	105
0	129
20	0
20	0
0	81
0	84
0	84
0	0
0	0
0	0
0	0
0	0
0	0
5	1042
21	741
10	1175
211	2016
35	574
0	2176
0	550
0	987
6	1029
3	649
89	0
19	0
3	0
0	36
2	103
0	1
0	1
0	1
0	0
1411	2
14	1273
35	1428
0	350
14	372
3	302
11	0
3986	1312
38	1290
5	0
178	0
2	0
13	1
0	1
326	37
0	28
1	10
0	74
0	74
0	77
4	77
0	0
0	1
0	0
1	14
0	1197
9	1197
16	7
0	48
3	156
0	0
0	0
1	0
0	0
0	0
0	0
0	1
0	41
0	0
0	0
0	0
2770	173
147	173
0	0
0	0
0	0
4	12
0	0
0	0
0	0
0	0
0	0
0	0
0	0
0	0
0	0
0	0
0	0
0	0
0	1
0	1
0	1
0	0
0	0
149	11
9	11
0	4
0	0
0	0
0	0
0	0
0	0
60	414
0	374
55	212
0	1
5	0
0	0
1	1270
70	1270
2	160
4	34
0	280
0	187
0	155
0	0
0	0
12987	0
294	0
0	0
0	0
3	67
148	20
0	0
0	2
1	18
771	335
22	294
28	245
443	72
19	72
10	127
1	61
0	762
6	100
0	837
12	5
1	1937
0	812
1	0
0	0
9	580
0	0
1	0
4	4
2	4
0	0
4	0
0	0
70	0
48	1826
0	124
0	530
0	516
154	623
0	38
4	1
0	932
0	1075
0	1149
5	1212
0	165
0	611
0	2
2	601
1	105
2	448
4	112
5	52
4	0
0	6
0	6
0	0
0	0
0	0
0	0
0	0
0	0
0	0
0	0
0	0
0	0
0	0
0	0
399	3187
5	1863
42	2009
1	2039
73	2650
12	99
6	41
7	1896
117	1898
78	1964
0	331
100	28
171	0
2	60
305	4
0	83
0	0
0	0
0	0
180	332
3	345
0	16
0	160
3	9
3	79
0	0
0	0
0	0
0	0
0	0
0	0
2	337
10	215
4097	839
10	431
11	431
0	743
0	0
0	0
0	0
0	0
0	0
0	0
0	0
0	0
0	0
1325	2366
8	2345
7	3
8	26
4	45
41	39
0	58
347	1240
148	1242
6	35
0	32
0	32
0	3
102	704
1	704
28	588
1	464
2	2
157	2
0	0
1	0
0	0
0	0
0	0
0	0
0	0
13	0
44	723
5	133
12	14
2	29
9	38
0	5
55	4
0	2
0	183
0	218
0	711
0	31
5	68
0	34
0	71
0	82
0	0
13	0
0	6
0	254
0	0
0	0
0	913
0	913
2	913
12	180
87	192
5	575
5	51
10	0
1	0
0	0
0	0
0	0
0	0
0	0
0	0
0	0
5	30
0	30
5	0
22	13
1	1
0	0
6	0
1	0
354	8826
429	55
0	1153
19	300
5	8497
3	3
0	0
0	1
0	3
0	3
0	2
7	4
0	4
0	0
704	339
12	129
1	218
1	5785
25	1746
7	443
1	207
2	641
2	144
4	165
0	1091
42	5688
0	218
0	0
0	0
1118	3159
12	315
0	3020
15	1970
0	2740
4	252
17	114
0	971
4379	3387
473	1467
0	383
0	2950
0	1237
8	1484
7	20
0	0
0	0
0	285
2	288
0	119
0	331
0	314
0	160
0	318
0	249
1	0
4	0
2	0
0	0
0	0
0	0
75	0
0	299
0	282
0	0
0	150
0	299
0	314
30	17
0	275
0	299
0	0
0	10
0	83
0	6
0	115
0	1
0	0
35	0
26	0
0	0
0	0
0	0
0	0
0	0
0	0
0	0
2	8
2	5754
0	5750
0	5869
99	1533
9	3824
2	338
0	0
53	0
36	516
0	530
0	685
8	622
0	33
0	0
28	0
69	207
0	42
0	18
0	0
7	26
0	0
0	0
1	0
11	117
6	116
23	5
197	707
139	639
33	49
0	190
0	0
0	0
1	0
0	0
0	0
0	0
0	2
0	0
0	0
0	0
0	0
0	0
0	0
0	0
0	0
0	0
19	0
11	0
0	0
4	0
2	2966
404	3359
0	1052
0	572
0	96
23	17
2	0
33	0
59	664
10	539
1	501
0	603
1	176
0	349
0	60
8	9
413	1139
5	283
22	595
0	535
0	185
0	709
0	49
2	61
1	6
2	15
7	15
1	12
0	0
569	1113
6	1057
0	1035
3	372
1	326
9	173
0	0
1	0
0	3
0	0
0	0
0	0
0	0
129	1388
89	690
39	1261
2	3
45	70
29	10
8	5
0	5
0	3
0	0
0	0
0	1
0	0
0	1
0	0
0	0
0	2225
0	2396
0	2327
0	2281
0	2223
0	2500
1	622
0	1466
0	1959
8	127
48	1413
0	0
22	721
1	0
0	14
5	14
19	0
53	152
0	0
15	34
0	26
4	1
8	8
1	0
0	0
1	0
1	888
2	448
162	1079
0	1069
0	0
0	0
0	0
0	0
2876	405
62	22
31	377
0	110
181	0
0	0
0	0
0	0
0	0
0	0
0	0
0	0
0	1
0	1
0	0
0	0
105	0
0	10
0	0
0	0
0	6
8	6
128	432
5	39
0	341
20	341
16	218
2	89
12	37
35	33
0	5
5	0
5	0
0	0
0	0
0	0
0	2
0	0
0	0
0	0
0	0
0	2
1	2
0	0
0	2
0	0
370	0
0	0
1	0
432	2
226	2
37	1326
0	1263
6	1159
7	783
47	242
2	0
456	850
0	850
0	127
13	1
1205	2115
0	2113
25	0
1	0
0	0
0	7
1	10
0	7
0	6
0	3
0	1
0	0
0	398
33	3879
1736	5754
0	4270
60	94
0	512
163	4
142	0
0	9
0	0
0	126
0	196
0	382
165	0
66	9
1	336
8	784
3	0
0	0
0	0
0	0
0	0
648	960
9	785
1	178
13	140
0	0
34	175
0	94
11	0
4	638
0	606
0	679
0	681
6	673
2	274
0	85
3	127
2	25
0	28
0	0
0	108
151	108
0	2
0	3
0	2
0	0
0	0
0	0
0	0
0	0
0	0
0	1383
18	753
0	8210
9	9513
254	7353
7	3951
56	1035
10	412
3	1352
7	32
0	32
0	4
1	1
0	33
0	490
0	0
0	490
0	249
0	0
0	447
0	464
0	378
0	78
0	55
0	57
16	264
140	6197
4	6197
678	961
1	961
1	956
6	0
2	17
0	35
0	65
1	98
0	99
0	98
1	8
0	0
0	12
0	5
0	2
0	0
5	514
1	312
0	21
1	500
0	37
0	3568
31	3869
0	1174
0	1
13	3114
53	0
14	77
39	1710
185	11
6	192
61	851
139	524
1	131
8	239
0	232
14	27
47	106
1707	109
3	0
10	39
83	485
41	10278
20	10239
96	138
9	151
0	1108
14	3625
21	4064
0	52
20	350
13	994
0	528
16	10089
0	1136
0	1114
0	100
13	9754
137	0
179	0
4	410
1	968
2	596
2	0
0	260
6	121
10	121
5	149
12	260
1	0
0	0
0	0
4	4
0	4
0	4
0	4
0	0
27	1392
0	221
0	1402
103	185
0	822
0	133
0	1014
0	1046
10	778
13	690
3	41
0	725
0	731
0	711
0	667
0	638
0	754
35	41
0	211
47	238
0	2
0	0
0	0
0	0
25	0
5011	684
0	443
5	471
1	286
0	0
0	0
0	0
0	430
0	334
6	55
0	394
0	293
0	56
0	122
2	12
0	56
0	0
36	52
0	14
12	1971
812	1956
11	319
0	717
0	358
11	125
85	381
0	0
0	0
21	560
1	352
1	543
247	687
1	670
0	488
15	0
2	105
93	92
0	46
5	2
0	2
0	1
20	31
1	1
0	6
0	3
4	22
6	12
0	0
0	8
0	0
0	0
0	0
0	0
0	0
0	0
0	0
0	0
3	160
0	153
0	96
0	103
0	17
5	12
2	7
0	7
0	2
0	0
2	0
0	0
0	0
0	6
0	6
0	14
0	68
0	0
0	0
0	0
4	71
0	71
0	3
0	13
0	0
0	11
1	4
316	2847
11	2884
26	812
0	1016
6	602
0	485
3	0
1	0
0	0
0	0
0	0
0	0
0	0
0	0
0	0
17	0
102	1
29	108
0	132
0	5
101	31
0	29
0	0
11	30
0	0
238	2
48	0
36	94
85	0
1	73
1	82
0	58
5	32
4	3
15	37
1	14
0	0
0	17
1	19
0	19
0	8
0	9
0	6
0	3
0	15
0	13
1	8
0	5
1	11
32	0
9	0
0	6
0	0
2	1
0	0
0	1
9	1
938	2348
112	801
245	582
12	53
295	8
187	295
3	473
0	994
0	618
1	685
108	4
4	557
1	401
1399	21
1	21
0	0
0	0
0	0
0	0
0	0
0	0
0	0
0	0
0	0
0	0
0	0
0	0
0	0
0	0
0	0
0	0
0	0
0	0
0	0
0	0
0	0
0	0
0	0
0	0
0	0
425	5
2	5
0	0
0	0
0	0
2	0
0	0
4	0
1	478
78	3741
3	3075
0	1232
3	781
0	772
0	286
1	592
5	1279
71	1604
0	0
142	0
0	0
1	0
2365	3178
337	1926
87	2265
22	2815
91	2419
1	1118
32	581
0	92
0	0
47	0
0	0
0	533
7	17
0	0
25	5
0	5
0	2
0	0
7	0
315	703
1	592
76	259
8	108
0	0
0	0
65	515
0	671
703	1807
48	685
1	830
0	437
1306	1037
1	1037
1	0
0	0
6	516
21	130
0	321
3	426
35	0
23	54
33	0
1	0
0	0
0	0
0	0
1476	691
63	691
4	297
0	356
0	490
0	0
3	6140
11	1222
20	242
8	543
89	6404
0	6349
6	7
2	0
5	5890
21	22
0	5395
1	3153
0	0
0	0
0	0
0	512
115	560
0	312
4	683
3	9
65	35
0	139
0	42
0	40
0	42
20	31
4	34
0	39
1	11
2	34
5	34
0	33
0	24
6	60
0	0
0	0
0	0
132	34
540	127
3	17
0	12
0	31
28	212
6	223
0	79
2	136
6	44
6	41
35	351
1	351
0	87
0	74
0	15
28	16
1	9
0	7
0	0
0	0
0	0
0	0
73	94
39	141
1	8
0	42
0	87
41	251
0	724
0	734
19	750
1	665
3	686
74	20
3	62
1	3390
0	3420
13	1223
0	519
8	2047
28	692
0	0
19	4
92	329
0	294
20	337
2	0
0	0
0	0
28	0
1	0
7181	366
1	348
0	0
0	0
2	5
0	0
1	0
1	8
0	3
0	16
0	13
5	16
10	21
1	19
0	10
2	8
1301	36
2	34
0	0
0	0
0	0
0	0
1236	761
29	755
9	50
0	50
0	53
0	54
0	43
3	11
0	0
0	22
1	81
0	7
0	1
1773	128
5	128
0	0
0	0
0	0
22	321
6	306
0	0
143	224
168	689
0	2486
63	2414
3	463
0	2025
15	78
97	175
123	196
0	128
1	72
3	31
0	154
0	1
0	15
0	13
0	1
0	1
0	3
0	0
1	0
0	0
0	325
2	325
2	116
2	118
4	103
0	8
0	0
332	0
1637	3213
21	3213
0	3270
12	2682
0	0
0	61
20	279
0	43
2	272
0	37
0	9
5	0
3362	1395
12	1331
22	1190
7	5
59	348
4	32
0	84
349	669
2	309
0	0
1	223
227	223
9	0
2	2601
165	3115
0	2054
0	1933
458	100
0	1053
0	1436
0	1869
0	33
1	1277
7	1684
214	15
115	2996
4	24
0	24
0	19
13	1
0	1
719	858
0	796
0	856
0	848
3	37
6	102
22	363
17	21
0	0
19	233
25	166
29	228
0	27
1	0
5	117
0	0
2	0
3065	134
95	134
14	0
0	0
3416	1441
23	1435
37	0
0	0
0	0
464	1563
0	1478
4	1077
0	1469
0	285
31	135
8	244
0	73
4	115
0	107
0	101
5	27
0	6
1	5
246	0
16	5072
93	5406
0	1015
39	2048
0	2376
21	476
2	765
239	971
0	0
1	0
0	0
232	325
2	159
5	3
5	0
2	166
0	0
1	0
2	0
21	572
1	113
0	496
3	77
1	54
0	13
0	0
0	101
433	927
95	771
7	506
10	400
26	5
0	28
1666	463
106	461
98	47
1	23
0	104
6	0
300	620
3	477
12	64
0	159
0	0
0	0
20	13
0	0
0	14
10	0
2	0
14	0
2	0
2	0
3	0
41	1
235	221
1	104
10	0
15	15
1	7
48	20
15	8
1	107
2807	416
25	416
0	81
7	49
0	2
3	2
0	0
155	546
32	388
70	101
13	606
17	547
5	176
21	3
9	0
2	0
0	0
0	0
0	0
0	0
0	0
0	0
0	0
1	1
0	1
21	63
1	57
5	18
0	9
2	0
0	1908
0	13952
0	13735
7493	18688
0	6014
0	8233
1	461
1	75
449	2516
255	4133
5251	4202
0	0
0	0
2	0
0	0
0	0
0	0
0	0
0	0
0	0
0	1
0	1
0	0
0	0
0	0
0	0
1	0
5	0
0	4
1	1
0	1
0	4
0	0
0	0
0	0
0	0
0	0
0	0
0	0
0	0
0	0
0	0
0	0
2	0
0	0
2	0
1	0
1	0
2	0
0	0
0	0
2	0
2	0
0	0
0	0
0	0
0	0
0	0
0	0
0	0
0	1
0	1
0	0
0	0
0	0
4	0
0	0
0	0
0	0
0	0
0	0
0	0
0	0
0	0
0	0
0	0
0	0
0	0
0	0
0	0
0	0
0	0
0	0
2	0
0	0
0	0
0	0
0	0
0	0
0	0
0	0
0	0
0	0
0	0
0	36
27	36
0	0
0	0
0	0
0	0
0	0
0	0
0	0
0	0
90	18
0	0
0	0
0	0
1361	553
0	245
0	168
0	140
168	127
5	127
0	0
0	0
0	0
0	0
0	0
0	0
0	0
0	0
0	0
0	0
0	0
0	0
0	0
0	0
0	0
0	0
0	0
0	0
0	0
7073	0
12	0
0	0
0	0
0	0
0	0
0	0
0	0
45	1001
0	857
19	667
0	384
142	534
122	534
1132	821
347	142
1	643
3	77
22	87
0	84
0	0
5	191
4	141
13	130
2	58
0	0
0	10
0	6
0	8
0	8
0	8
0	8
0	5
3	10
0	0
1	0
0	40
0	40
0	40
0	0
0	0
0	146
0	251
47	1557
0	1468
71	1213
1	1128
8	143
83	1142
0	146
1	11
0	44
211	697
4	696
8	87
1	2
4	2
0	0
3	0
1	0
0	0
0	0
0	0
0	0
0	0
0	0
0	0
0	1
0	0
0	0
0	0
0	0
0	0
1846	204
17	204
407	1784
1	1831
118	1620
1	1282
2	153
78	332
4	0
0	1
0	0
0	0
0	1
0	0
0	0
0	0
0	0
0	0
0	1
0	0
0	0
0	0
0	0
0	0
0	0
0	0
0	0
0	0
0	0
0	0
0	0
0	0
0	0
0	0
0	0
0	0
0	0
0	0
0	0
0	0
0	0
0	0
0	0
0	0
0	0
0	0
0	0
0	0
0	0
0	0
0	0
0	0
0	0
0	0
0	0
0	0
0	0
0	0
0	0
0	0
0	0
0	0
0	0
0	0
0	0
0	0
0	0
0	0
3	0
2682	3320
0	2936
23	99
56	924
14	0
218	1833
5	141
72	1171
0	177
0	0
0	0
0	0
21	976
1	913
9	749
0	68
0	0
1	0
23	17
0	2
0	0
0	0
0	0
0	0
0	0
0	0
0	0
0	8
38	34
3	0
15	0
11	0
8	0
12	0
7	0
2	0
1	0
4	0
0	0
3	0
3	0
0	0
0	0
1	0
4	0
2	0
0	0
0	0
2	0
0	5
0	0
0	0
2	0
9	243
0	0
0	0
1	0
0	2
1	21
0	19
0	8
3	45
0	585
0	115
3	0
1	3369
548	4052
30	367
0	132
3	402
10	124
13	438
0	193
1	1501
5	1312
0	1357
0	163
28	1180
78	43
12	36
102	356
0	176
0	244
0	198
1	405
1	283
24	200
0	0
0	0
0	0
477	0
0	2
85	0
8698	220
0	0
0	216
0	11
66	3
0	3
14	0
190	76
7	290
634	219
18	0
1125	308
72	308
500	83
7	83
36	125
3	60
8	58
0	21
1	116
1	19
0	11
1	59
0	25
1	10
0	5
0	11
9	286
0	26
11	286
0	4
1	866
2	853
1	191
0	143
3	47
0	0
0	0
14	1310
23	1310
0	21
20	86
164	70
27	2
0	0
0	0
2	0
1	0
5	1492
1	1138
336	18
1	1242
110	1482
0	18
1	1294
1	32
41	1199
14	982
0	0
0	104
0	123
2	94
1	48
0	593
0	645
16	672
0	609
0	370
1	34
0	6
4	136
0	136
1	129
0	11
0	41
0	4
13	56
0	145
166	177
0	28
0	11
0	1893
4	289
2	0
119	788
9	45
1	788
6	207
5	2
2	5
3	198
0	2
0	29
12	0
135	310
0	784
15	887
1	749
1	627
0	1
0	1
0	0
0	351
0	1079
0	1036
0	1079
5	1064
17	22
0	22
0	15
18	108
4	317
2	39
0	317
11	0
9	759
0	15
0	15
27	759
2	304
50	240
0	333
0	0
132	44
13	44
2	64
0	213
1	114
0	71
5	123
39	273
39	368
40	368
0	39
2	0
0	2
55	4
2	0
0	4
5	0
8	5
4	126
0	14
3	23
0	119
6	0
2	3
1	5
6	116
68	8
2	8
1	8
19	3
0	0
10	0
44	172
12	172
0	0
0	0
172	4229
132	4358
28	4327
1	3803
83	3143
1	1534
0	2188
49	2279
5	2186
2	2309
2	1818
7	1104
35	263
360	3068
551	3036
99	1920
6	2656
0	1590
0	6
0	0
83	1
0	1
0	0
4	1514
214	8082
1	8080
0	8076
8	1073
0	0
0	0
0	0
0	0
0	0
0	0
0	0
0	0
0	0
0	0
0	0
0	0
8	9
133	189
0	7
0	181
4	25
0	0
108	386
12	328
4	67
20	0
0	0
29	79
3	3
0	0
1	3
0	0
0	1
0	0
22	2579
82	2599
0	2788
102	2724
1	0
1076	152
0	0
37	145
0	144
12	77
0	69
0	9
1	0
1	26
9	18
0	0
0	0
0	0
0	1
0	0
0	0
0	0
20	0
0	0
0	0
0	1319
0	1388
30	1317
98	17
3	1258
0	353
7	599
0	274
0	2
0	93
1	265
1	86
1	195
0	192
0	22
6	0
229	1552
43	399
2	1466
62	1324
0	1250
53	1014
4	151
4	263
1	97
3	103
0	0
3864	3759
26	1891
0	6
1	6
0	0
25	0
0	0
0	1
0	0
0	1
0	0
0	0
0	0
0	0
0	2
4	2
0	0
0	0
0	0
0	0
0	0
0	0
1	0
1	0
3	0
0	0
761	296
1	181
11	296
149	6943
17	6578
1	7025
0	7421
978	2593
13	9357
0	9775
0	9440
324	2398
3	1231
153	65
1	1767
1323	3794
0	2564
343	4995
61	0
0	3841
3	4
0	4994
0	736
152	64
17	1166
133	0
0	58
0	311
0	1243
7	341
1	240
0	0
15	0
729	3261
0	840
15	2899
0	250
67	0
0	1140
543	683
0	0
6	6
20	6
2	5
1	0
0	0
4	21
2	21
0	0
0	0
22	4
12	4
3	0
0	0
2	0
59	3
1	53
0	0
16	0
0	0
118	20
0	3
3	0
10	0
198	84
11	0
89	0
0	0
0	0
38	0
108	35
26	82
523	8
129	0
24	950
17	996
38	187
8	73
14	112
1397	999
0	728
51	718
3	138
176	2
0	0
68	1048
2	1048
108	659
29	504
29	183
1	183
124	1321
113	1468
20	1214
30	1189
0	0
320	602
0	21
0	2
25	0
17	0
15	850
0	38
267	0
1381	585
0	577
0	576
0	580
0	0
17	3
109	383
37	404
0	18
0	3
0	0
723	32
6	32
582	296
1	296
0	169
0	0
0	0
0	0
1422	943
0	865
12	73
55	0
0	0
219	0
143	5
0	0
10	0
13842	4140
10	1676
269	1986
101	1788
1	551
0	0
5	942
445	921
0	44
0	51
6	51
0	0
0	0
0	0
0	0
0	0
11	7
0	146
0	7
9	7
6	0
0	2
0	35
29	25
1	7
2	6
1	53
0	53
0	0
0	128
17	22
0	1
7	0
0	0
461	0
0	0
5	0
0	0
0	0
1	0
0	0
0	0
0	0
0	0
0	0
0	0
1	12
71	496
0	64
32	149
0	2
0	62
9	0
0	3
10	2
0	2
0	2
0	272
0	187
1	292
6	0
113	334
0	120
0	91
0	90
0	37
0	128
0	0
48	302
1293	308
0	0
0	251
0	246
0	238
0	243
0	0
0	6
38	1
0	5
290	57
0	42
5	34
0	6
1	1
5	309
6	283
0	149
0	63
0	0
0	28
2055	1161
0	0
2	1157
0	0
630	34
0	34
8	14
3	0
3508	255
0	79
3	219
10	0
0	986
68	986
1	22
0	133
1	33
1	43
0	0
92	58
0	47
2	23
0	15
1	6
39	0
3618	952
19	103
8	872
1	5
0	6
0	3
0	4
0	5
0	4
0	0
0	2
0	0
0	0
5	1
0	1
9	74
19	106
0	32
0	0
0	0
2090	0
1	0
2	1
0	1
2	0
0	0
8	202
202	205
0	38
1	0
3	62
1	73
0	76
0	96
0	0
2	0
0	0
0	7
0	7
0	0
12	47
5	32
1	32
0	36
12	45
0	33
0	0
0	36
35	76
0	65
0	51
0	48
0	0
0	25
9	9
0	1
0	0
0	0
105	207
0	144
5	206
1	113
0	57
66	70
4261	1456
13	1050
5	220
23	398
27	2513
5	2513
2	89
0	14
10	0
3400	96
1	96
61	2177
58	2143
11	1309
0	1182
0	374
19	120
0	52
0	28
70	1
5	0
10	1
0	2
0	0
0	1
0	0
0	0
0	0
0	0
0	0
0	0
0	0
0	0
0	0
0	0
0	0
0	0
0	0
0	0
0	0
0	0
0	0
0	0
0	0
0	0
0	0
0	0
0	0
0	0
0	0
0	0
0	0
0	0
0	0
0	0
0	0
0	0
0	0
0	0
0	0
0	0
0	0
0	0
0	0
0	0
0	0
0	0
0	0
0	0
0	0
0	0
0	0
0	0
0	0
0	0
0	0
0	0
0	0
0	0
1	119
733	29
14	20
1	9
0	0
233	190
0	22
3	90
104	2
2	21
0	32
0	0
56	79
693	122
0	43
7	350
113	361
9	402
0	135
1734	220
18	157
57	143
5	44
3	10
0	0
0	0
0	0
2	0
0	0
0	0
0	0
0	0
0	0
0	0
0	0
0	0
0	0
0	0
0	0
0	0
0	0
0	0
0	0
0	0
0	0
0	0
0	0
7	14
0	0
0	0
0	0
0	0
0	0
0	0
0	0
0	0
0	0
0	0
0	0
0	0
0	0
0	0
0	0
0	0
0	0
0	0
0	0
0	0
0	0
0	0
0	0
0	0
0	0
0	0
0	0
0	0
0	0
0	0
0	0
0	0
0	0
0	0
0	0
0	0
0	0
0	0
0	0
0	0
0	0
0	184
0	0
0	26
93	2035
2	255
0	416
0	1940
0	241
0	2057
8	366
2	32
1	319
22	108
0	0
5	13
20	15
5	43
4	49
2	667
266	657
3	14
1	1
8	0
0	34
53	31
115	21
0	21
1	21
646	453
0	424
1	0
2	0
0	0
2	82
6	27
165	5
0	0
0	0
0	0
739	0
1478	2
0	0
0	0
0	0
0	0
0	0
0	0
0	0
0	0
0	0
0	0
0	0
0	0
0	0
0	0
1	22
0	23
0	1
1	0
0	3
2	6
0	0
16	173
24	1110
10	1110
0	0
0	0
0	0
0	0
0	1
16	18
0	17
14	954
9	594
0	627
0	895
6	121
0	79
13	141
4	120
36	11
1	0
112	140
0	78
0	4
5	0
0	0
0	0
0	0
0	0
0	0
0	0
0	0
0	0
0	0
0	0
0	0
0	0
0	0
0	2
0	8
7	9
0	5
0	6
0	0
0	0
0	0
1	1
0	0
0	0
1	0
2069	0
0	0
0	0
0	0
4	218
72	2049
3	86
0	90
2	94
0	68
0	93
66	666
0	1834
11	34
2	168
9	170
142	13
22	5
65	26
145	70
58	60
2	0
0	10
0	0
0	0
0	0
0	0
0	0
0	0
0	0
0	0
0	0
0	0
1	0
0	0
0	0
0	0
3	1065
3	1110
279	1247
4	491
0	47
1	108
268	27
74	37
172	12
0	12
0	0
0	0
1	106
36	16
2	25
1	73
23	0
0	82
0	0
1	0
13	9
0	0
0	0
0	0
0	0
0	0
0	2
0	2
0	2
0	0
0	0
0	0
0	0
0	0
0	0
327	1040
13	878
237	921
0	0
0	0
0	0
0	0
0	0
0	0
0	0
0	0
0	0
0	0
0	0
0	0
0	0
0	0
0	0
0	0
0	0
0	0
0	26
0	0
0	0
0	0
0	0
0	0
0	0
0	0
0	0
0	0
0	0
0	0
12	22
0	0
0	0
0	0
0	0
0	0
0	0
0	0
0	0
0	0
0	0
0	0
0	0
0	0
0	0
0	0
0	0
93	627
1	1
1	1
3974	3172
1	1131
0	1713
2	1737
1	801
3	3113
1	925
39	1476
4	162
0	0
0	0
7	0
4	0
0	0
182	337
0	282
0	236
0	122
1	137
9	133
4	23
1	31
58	32
0	37
8	4
0	0
0	0
1	0
0	0
0	0
8	11
0	0
0	0
0	0
3494	8247
57	8118
240	1406
2	6129
185	6910
1	3914
8	5287
0	8596
171	3642
1	1660
6	1952
20	2626
0	2110
7	2032
1	3163
2	5
9	5
0	0
0	0
0	0
2	0
16	0
0	185
961	0
77	185
0	0
0	0
106	1
0	1
0	0
0	0
0	0
68	2
0	0
0	0
0	0
0	0
0	2
0	0
0	0
0	0
0	0
0	0
1	2
0	2
0	0
17	41
0	41
0	0
0	0
11	0
0	0
0	3
0	3
0	22
12	24
0	0
248	1
15	34
0	34
245	2
0	0
0	0
0	0
0	0
0	0
0	0
1028	229
0	0
0	0
0	0
0	0
1	0
0	0
0	0
0	2
0	2
130	0
0	0
1470	229
0	0
0	0
41	0
0	0
0	0
0	0
0	0
0	0
111	0
172	0
0	0
0	0
0	0
0	0
11	19
0	19
0	0
0	0
0	0
3	20
0	20
0	0
438	21
0	0
0	0
0	0
0	0
46	21
0	0
0	0
0	32
16	32
2	0
0	0
59	0
0	0
0	0
0	0
0	0
111	0
0	0
0	0
0	0
0	0
0	0
0	3
0	3
30	25
47	25
0	0
0	0
0	0
0	0
0	0
54	12
59	2
0	0
0	6
0	0
0	0
0	0
0	0
0	0
604	18
0	0
0	0
64	0
0	0
1	2
1	2
27	5
0	0
14	22
0	0
0	0
0	0
0	0
0	0
0	0
0	37
16	37
0	0
0	0
0	0
0	0
33	65
0	57
109	24
3	23
0	5
1	5
262	554595
0	991
0	0
18	0
0	0
223	4
0	0
0	0
0	0
33	2
0	0
0	0
0	0
0	327
162	345
0	0
0	0
0	0
10	0
0	0
187	0
0	0
17	0
53	50
197	4
243	50
0	0
54	4
0	0
0	2
0	13
5	13
0	0
0	0
0	0
2	0
0	0
0	0
0	0
0	0
0	0
0	0
0	0
0	0
0	0
48	0
0	0
149	0
0	0
0	6
0	12
0	159
76	159
0	0
0	42
15	42
0	0
0	0
68	17
52	0
0	1
92	3
3	0
0	0
0	0
176	0
0	0
11	12
0	79
37	79
0	0
1	0
113	17
0	1
0	1
0	0
1848	5
2	0
0	0
1	0
1237	12
0	0
0	80
39	89
0	0
0	0
0	0
0	0
11	2
1	0
14	25
0	25
15	0
0	0
21	57
0	55
0	0
0	3
6	0
0	0
264	2
140	0
11	0
0	0
0	0
0	0
0	0
0	0
0	0
0	0
0	0
16281	2
821	403
1	382
75	21
1255	1545
7	115
42	40
4	0
12	1382
2	0
3	46
0	0
0	0
0	0
0	0
0	0
9	38
17	571
7	571
0	68
2	165
0	0
0	0
0	2
0	2
0	1
0	0
0	0
0	2
357	2780
1	287
3	2678
279	0
0	2725
1	0
0	0
0	1
10	0
0	0
0	0
0	0
6	0
2	25
4	18
0	23
1236	7559
3	6036
1	4155
0	1193
34	211
75	0
0	0
5	0
1	3692
16	3474
0	3270
310	9
2	0
0	0
3387	2441
2	1
8	296
5	2434
2	166
9	313
5	255
17	551
11	2798
0	2804
2	2743
26	66
27	195
17	226
0	848
11	78
0	1541
19	177
3	254
125	764
0	13
22	301
1	35
0	4
0	3
47	219
0	202
0	53
7	0
3	0
503	291
2	289
0	105
2	0
8	5738
3	5080
198	758
17	1199
45	5334
22	4637
0	5312
5	4002
38	463
221	0
1	0
155	92
1	2770
0	101
0	1504
19	623
112	1705
3	1588
61	953
182	0
11	83
125	811
0	199
77	65
66	57
2	132
8	9
8	848
75	1713
9	233
0	813
0	0
2	6
0	4
0	69
0	109
0	47
2	0
6	838
0	0
0	0
0	0
3	68
0	68
0	15
11	0
0	4
0	0
0	0
0	0
1	204
69	244
1	49
0	0
0	0
0	0
0	0
561	378
0	214
0	164
19	0
73	577
1	94
302	551
0	433
1	86
0	78
0	16
0	20
0	12
54	1447
1	1579
10	1989
0	1157
0	754
0	674
0	455
0	439
0	450
4	660
0	403
3	176
1	254
0	148
21	60
0	63
5	33
612	2006
148	2006
384	891
0	428
1	663
13	30
3	108
970	7311
276	7228
0	927
0	895
4	3325
4	805
115	688
65	828
0	255
66	257
104	0
0	44
0	20
0	37
0	37
0	32
0	37
0	42
1	50
0	41
0	32
32	5663
0	5666
0	1566
0	1920
47	5953
18	1527
1	602
3	103
1	495
1	3209
5	969
0	295
0	293
39	179
0	98
0	44
0	36
330	746
0	732
0	479
55	0
4	54
0	173
0	50
30516	48
0	0
77	118
1	117
42	23
37	26
256	367
0	7
25	0
247	355
9	0
3	0
12	0
0	0
41	0
437	2086
7	2008
0	317
139	206
1	204
0	289
130	0
1	0
40	4650
88	2776
34	4109
8	1038
0	0
25	0
0	8
0	8
0	8
0	0
0	0
0	0
2557	2673
0	1246
1	1341
9	228
139	485
4	861
0	0
0	0
0	0
0	0
0	0
0	0
0	0
0	0
0	0
0	0
0	0
0	0
0	0
0	0
0	0
6	3006
0	0
0	0
0	7
0	0
0	0
0	0
0	0
2	74
0	0
0	145
0	0
0	62
0	61
0	60
0	48
1	0
0	22
0	12
0	12
0	12
0	1
0	0
1	0
7	0
13	0
6	0
13	0
1	0
9	19
0	0
1	0
0	0
0	0
0	0
2	0
0	7
14	9
0	8
0	1
0	0
0	0
0	0
0	0
0	0
0	0
0	0
0	0
0	0
1	46
55	46
0	0
0	0
0	0
0	0
0	0
0	0
0	0
0	0
0	6
0	0
0	4
0	0
0	7
0	4
0	5
0	6
0	1
0	7
0	0
1	0
5	0
1	0
2	0
1	0
7	0
7	0
0	0
0	0
0	0
0	0
0	0
0	0
0	0
0	0
0	0
0	0
0	0
39	315
1	298
25	131
1	8
15	0
72	14
0	50
1	37
698	211
5	108
0	99
0	0
0	0
1	0
0	27
166	87
4	8
0	0
0	79
0	0
0	0
8	63
0	189
0	189
12	8
0	253
208	803
1	558
5	136
0	0
2887	3122
13	458
1	2656
4	12
0	0
2	0
0	0
0	0
2	0
0	0
14	18
0	18
0	0
0	0
0	0
0	0
0	0
14	18
0	0
3	18
0	11
5	5
0	0
0	0
0	0
0	4
1	1
57	310
11	310
0	14
0	16
98	191
0	180
2	4
0	0
2	16
0	353
0	624
0	518
2	507
28	573
4	211
0	299
35	234
4	187
1	125
6	119
14	2491
2	2205
0	707
21	272
0	222
11	2171
7	789
1	455
0	2035
1	791
1	166
4	50
12	902
13	5
25	35
1	665
23	194
772	274
25	274
41	69
9	69
0	0
13	6
5	151
0	151
0	76
0	139
0	24
3	20
9	9
3	1
0	1
0	0
4	114
71	803
14	54
0	32
0	29
0	17
4	5
2	2
0	696
5	493
2008	390
10	390
0	1543
10	1287
64	1400
43	867
0	609
2	350
2	277
2	80
34	15
89	367
0	271
0	313
0	0
2	15
0	325
154	1105
3	1143
55	1143
1	177
0	67
4	326
6	31
3	259
11	160
0	30
0	11
0	2
6	9
1	9
17	4838
0	4578
7	544
0	0
0	0
0	0
0	4264
0	4357
0	316
15	4279
18	132
4	382
8	192
37	156
36	179
0	8
0	1
0	14
0	13
0	0
0	0
127	207
0	199
1	32
0	16
2	29
2	2
3	10
21	0
1	8125
4	489
0	197
0	7410
0	3838
1	169
0	275
1	243
66	332
3	0
0	40
1	39
0	279
0	108
0	152
3061	2671
334	2639
1	961
1	0
0	132
289	0
404	0
5	3
0	3
0	2
129	358
16	369
35	175
0	213
2	152
0	16
89	7
2	34
733	13360
1	13359
0	4323
0	4200
2	5875
0	4835
104	333
0	344
3	344
2	150
0	238
2	1174
0	556
0	163
6	0
7	0
6	14
0	0
0	0
0	0
0	0
3	0
0	0
0	0
0	0
0	0
0	0
0	0
0	0
1	0
0	0
1	2
0	0
0	0
0	2
0	2
1	0
0	2
1	3
7	3
0	0
0	0
1483	1253
35	1077
1	173
4	235
0	0
22	875
9	857
38	189
7	678
0	661
41	0
5	167
30	85
2	237
13	167
1130	239
0	102
3	161
21	63
0	0
0	0
2	1
0	0
1	229
0	101
0	0
1	528
0	0
193	4249
192	1178
2	104
0	2050
38	2058
0	2939
32	2897
5	4155
77	0
0	125
3	2513
2	2719
7	200
0	335
10	78
86	2
9	56
2	90
116	96
2	369
12	21
3	800
0	768
0	789
0	803
0	761
0	0
0	765
0	741
0	776
0	746
0	779
0	784
0	805
2	4
4	0
0	52
9	126
0	49
0	10
0	0
0	0
0	0
13	58
4	59
0	59
0	59
0	10
1397	1225
1	0
47	1257
28	1152
1	667
43	2
0	0
19	393
140	266
4	153
0	0
0	0
2	0
0	0
0	0
0	0
1	0
0	0
30	1654
0	1654
3	1095
4	719
0	0
0	0
0	0
1	0
0	1
3	1
0	0
0	0
544	144
3	26
1	144
2	70
0	27
0	29
0	4
0	9
31	10
26	924
107	955
0	0
0	31
0	0
0	0
241	177
2	55
2	0
31	8
2	94
0	22
9	72
1	87
37	114
5	130
8	66
1	33
4	49
0	14
11	12
0	2
1302	5631
152	2
4	4982
0	5107
5	1200
2	881
0	336
1	35
0	35
0	35
0	0
0	0
45	1261
56	1261
36	0
30	9
34	1
10	0
75	0
0	26
0	12
1	74
1	4
0	0
2	37
0	28
0	126
0	0
0	54
0	15
0	14
5	0
6	0
53	31
25	19
0	0
5	107
339	125
0	40
0	40
0	4
6	13
0	0
0	155
0	0
0	0
3	0
11	101
0	151
7	597
34	106
0	618
0	151
3	49
0	56
1	104
0	0
0	2
0	0
4345	1205
3	551
18	123
5	346
58	169
42	536
3	423
20	129
13	0
1	0
0	0
0	0
0	17
52	43
0	35
0	0
0	11
0	33
0	39
0	40
0	25
0	30
0	0
0	20
0	0
1629	300
19	3
0	41
1	261
0	0
0	0
13	900
0	0
1338	67
51	13
0	66
128	943
0	232
5	793
1	423
0	0
3033	1060
0	301
2	373
42	475
14	113
2	196
1	780
23	1877
51	85
4	79
256	271
0	276
3	525
81	1252
0	1574
2	554
0	544
0	264
0	1810
5	453
1	1477
5	216
2	255
436	72
18	129
0	170
0	188
0	101
2	89
3	268
391	155
0	96
27	34
1	118
2	172
9	580
1	120
0	580
14	555
22	3
57	541
2	349
0	39
11	51
0	51
0	13
11	13
1	0
1	0
6	0
1	0
2946	0
0	31
2	111
175	226
0	112
12	157
1	158
1	55
6	13
0	0
0	0
357	0
10843	2287
29	575
4	1914
493	6
786	465
232	523
11	413
7	318
5	54
2	0
1517	180
91	0
24	1
10	179
3	0
41	15193
443	15146
104	13627
31	2348
0	3336
25	4327
49	6480
7	6242
167	4848
97	0
2103	910
1	127
0	288
3	515
4	14
63	0
51	0
14	61
21	0
2	326
22	0
64	33
0	125
13	569
2	141
0	569
171	551
25	1
12	30
13	201
4	282
10	157
1	1457
17044	7469
267	102
15	896
0	838
0	7280
20	1047
0	6
0	7
0	7
0	0
0	0
0	1869
0	1537
21	0
6	638
21	0
28	652
0	70
30	0
0	0
26	394
0	0
6	0
17	0
13	0
0	0
65	0
1	0
0	151
10	166
0	152
1	149
0	26
0	0
0	37
0	37
0	0
0	0
24	346
0	283
4	371
28	182
0	0
0	0
0	0
0	0
8	0
0	2
5	2
4	0
7	32
3	112
21	111
0	10
0	3
6	921
0	0
0	0
0	3390
13	3570
10	3754
4	39
0	1157
0	612
0	361
1	50
34	218
151	2
39	0
659	498
0	341
1	15
3	168
4	266
19	158
0	81
45	0
0	106
0	7584
119	7156
19	7062
35	7296
2	2597
5	2130
3	2194
28	1608
82	69
2	0
2061	3744
42	494
1	408
320	905
2	631
46	143
24	964
208	1768
3	335
0	45
1	0
2	544
1	228
8	31
2	42
12	514
2	123
12	194
0	0
94	0
0	30
0	0
0	31
1	1
46	0
0	0
135	4748
0	4427
0	3782
2	3138
0	2934
0	516
3	425
132	0
5260	5272
1	2141
5	2939
23	438
37	549
0	0
1	0
0	92
0	4
1	96
6	1
0	25
0	0
0	0
0	2
0	2
0	0
50	568
0	539
0	153
0	202
0	175
1	95
7	0
0	0
0	0
661	247
1	202
5478	4531
2	0
6	1219
0	1295
157	1902
24	126
6	327
77	1166
19	457
14	327
0	160
2	342
0	108
11	0
0	9
0	1
1	0
0	9
0	1
1	8
0	0
3	0
0	0
1	1396
0	21
0	298
0	173
2	424
12	63
0	1377
0	1375
0	247
25	0
16	0
4	0
24	0
0	94
79	731
8	633
198	381
5	187
0	127
0	190
1	103
0	214
0	127
2	171
1	116
3	64
0	20
0	122
0	122
0	128
13	0
0	16
0	28
7	0
0	21
0	21
0	6
1	11
0	5
0	3
1490	364
38	51
1	195
0	65
0	40
1	37
2	59
0	1453
0	63
3	152
1	152
0	1434
0	237
12	543
2	372
88	916
10	35
0	1216
0	23
3	623
0	577
1	430
0	618
1	1027
0	350
0	66
11	66
2	71
0	10
10	31
24	0
0	0
0	0
0	0
0	0
0	77
0	56
0	78
0	80
0	0
0	0
0	0
0	0
0	0
3	4
0	2
0	2
0	0
989	2368
0	2366
0	70
1	197
0	112
1	102
1	0
2	94
10	145
3	103
4	0
0	15
77	243
0	243
0	0
0	0
0	0
0	0
0	0
0	0
0	0
0	0
0	0
0	0
0	0
0	0
0	0
0	0
0	0
0	2
0	2
0	0
0	10
0	10
0	10
0	10
0	0
0	0
0	0
0	0
0	0
0	0
0	0
0	0
0	0
0	0
0	0
0	0
0	0
0	0
0	0
0	0
0	0
0	0
0	0
0	0
0	0
0	0
0	0
0	0
0	0
0	0
0	0
0	0
0	0
0	0
0	0
0	0
0	0
0	0
0	0
0	0
0	0
0	0
0	0
0	0
0	0
0	0
0	0
0	0
0	0
0	0
0	0
0	0
0	0
0	0
0	0
0	0
0	0
0	0
0	0
0	0
0	0
0	0
0	0
0	0
0	0
0	0
0	0
0	0
0	0
0	0
0	0
0	0
0	0
0	4
0	0
0	0
0	0
0	0
0	0
0	0
0	0
1	0
0	0
0	0
196	612
253	535
0	295
0	180
88	174
167	0
1	4
0	5
0	5
0	0
0	0
0	0
0	0
0	0
2	84
0	84
0	84
0	84
2	38
8	0
0	0
0	255
0	0
73	5295
73	5207
2	415
0	4812
0	336
1	711
0	0
48	113
1	113
68	1393
0	464
49	1622
3	1138
0	40
4	4
0	1023
0	0
0	0
0	95
5	196
4	129
4	47
10	0
0	0
6	4
0	0
1	100
67	1803
11	869
1	1803
0	42
1	136
0	47
7	112
1	3
0	75
0	93
13	9
0	0
642	351
17	60
1	105
3	97
0	307
0	0
0	3
9	91
1	0
0	0
11	1332
37	1325
0	0
0	17
1	0
0	35
2	66
6	18
0	508
40	3
0	2
0	3
0	0
0	0
0	25
0	1
1	1
30	0
0	0
602	3
41	3
2549	411
6	196
3	11
23	388
3	56
416	717
49	713
0	12
0	598
1	133
27	11
2	42
0	579
8	67
0	0
0	0
0	0
5197	1474
1	56
39	756
11	264
3	269
6	37
0	0
4	122
44	0
0	0
3	665
14	98
17	59
28	147
0	45
0	45
0	21
1	7
0	3
1	0
8	0
175	95
3	575
106	532
0	32
3	180
23	66
6	34
32	0
0	0
0	0
0	0
0	0
39	464
0	464
12	0
4	0
2	157
1	11
2354	1839
19	1157
32	16
157	24
2	1585
5	0
4	78
83	3
12	2
584	462
4	369
18	93
1252	302
3	155
1	57
51	6
0	67
6	44
0	0
0	0
0	0
0	759
1	759
14	759
29	355
0	0
149	597
0	534
2	166
4	0
0	0
71	74
13	2
5	0
1	63
0	31
7	32
0	17
6	23
18	15
0	27
16	0
0	0
39	0
71	0
0	0
0	0
0	0
0	0
0	2103
61	1975
2	2289
4	1488
21	1113
0	1088
0	1399
0	237
4	112
0	57
0	0
0	0
12	0
0	0
0	0
0	0
0	0
0	204
0	118
6	165
0	27
23	30
2	59
0	8
16	7059
0	7059
162	7169
15	135
0	0
0	747
17	450
9	239
0	0
1	0
0	0
3	0
0	0
6	0
0	0
0	0
0	21
14	522
0	502
0	18
0	0
0	0
0	0
0	0
0	0
0	0
0	0
0	0
191	6204
7	5941
0	1174
0	467
31	288
0	0
1	1
3	34
1	6
1	0
0	28
0	0
0	0
0	0
1	0
0	0
708	211
0	85
0	41
0	42
2	79
0	52
0	43
0	38
6	0
1186	4088
1	4088
3	271
0	0
10	1972
1	1978
100	1963
136	0
39	13
138	10
1375	0
1	0
85	2529
136	1113
0	2383
0	2471
0	1385
89	192
0	68
17	99
1	86
12	121
90	76
4	4
1	32
0	0
1	0
0	0
1	0
0	0
0	0
1	122
7	15
104	134
0	2
0	125
0	126
0	112
1	82
0	48
3	0
1	0
0	0
0	0
0	0
0	0
0	0
0	0
0	0
0	5184
0	5351
1	257
6	2817
1	2434
0	1624
0	1553
0	1647
0	1618
0	1166
4	1533
0	1656
0	1825
0	1747
11	109
0	746
200	301
16	257
0	103
29	123
3	221
0	93
8	1
0	0
3	66
11	81
4	129
0	166
28	220
280	136
0	97
0	23
120	0
5	41
1	48
22	17
0	0
0	0
577	33
35	0
76	0
0	0
0	0
0	0
0	0
0	0
0	0
0	77
106	2708
0	0
0	0
0	0
0	0
0	0
0	0
2426	314
0	224
3	90
0	0
0	0
160	0
78	0
0	0
0	0
0	0
48	302
0	300
0	236
0	135
3	0
32	0
1	82
104	0
2	0
1	0
5	0
1884	3326
163	597
0	797
13	2877
4	591
0	0
0	0
0	0
1	0
2	0
0	0
943	804
0	722
0	199
44	87
0	58
0	0
1	0
0	0
164	0
160	0
83	0
60	0
3	0
75	0
0	0
0	0
0	0
0	0
0	0
0	0
0	0
2	27
0	159
0	159
3	0
0	0
0	0
0	0
0	0
0	0
0	147
0	0
0	0
26	279
9	32
136	331
0	294
0	25
13	0
0	0
10	0
0	0
2	0
4	0
0	175
0	0
0	0
0	0
0	1
0	5
0	7
0	2
0	5
0	0
0	0
0	0
0	0
0	0
0	0
0	0
0	10
0	14
1	14
0	10
1	2
0	2
2	9
1	0
0	8
0	7
0	0
0	1
3	54
0	44
0	21
70	348
0	897
0	762
255	951
9	22
2	21
14	55
0	189
13	1089
6	1117
0	384
138	351
65	0
0	0
0	0
1	0
0	0
0	0
0	0
30	0
0	0
0	0
0	0
19	113
3	113
898	439
0	92
0	362
0	169
3	15
19	10
10	9
11	4743
0	4744
24	1329
26	148
45	391
79	55
1	136
61	339
6	56
0	0
2	1
7	0
0	0
6	44
117	14
12	55
5	0
3	186
0	0
0	0
12	0
0	2
0	2
1864	2049
1	117
2	294
178	1688
2703	730
0	724
20	6810
276	6792
0	328
21	499
13	470
0	174
0	0
0	0
0	0
0	0
0	0
0	0
0	0
1	0
3	26
0	26
5	26
0	0
0	1
3	0
0	0
0	0
0	0
0	0
0	0
0	0
0	0
158	0
0	2
0	2
9	0
7	19
14	24
0	17
3	23
0	0
40	0
2	15
0	15
0	0
1	25
0	0
13	123
8	328
0	241
0	231
0	304
0	75
119	234
0	191
23	137
6	282
0	248
1	7
1	106
1	4
1	0
0	0
0	0
0	0
0	0
24	0
484	959
4	454
3	719
6	222
12	128
1	85
33	105
52	183
81	55
0	0
8	285
18	36
0	38
320	407
13	405
453	383
41	4925
9	317
24	314
2	4953
43	2214
0	4814
348	1157
0	3662
259	222
20	888
666	128
1	1789
43	99
31	2
2	2
1	1134
3	544
0	1018
0	178
0	152
0	103
1	317
0	162
13	477
2	315
1	0
0	0
0	0
0	0
0	0
0	0
0	0
0	0
0	0
2	0
0	0
3	0
0	1580
4	1376
0	1517
0	1519
8	1449
0	1462
0	1458
1	0
15	5
0	49
18	215
22	232
0	96
7	235
3	64
0	168
3	59
0	35
68	957
78	122
1	882
44	205
0	186
45	57
0	0
129	569
0	537
2	363
1	134
12	232
48	223
3	13
526	4398
11	3756
0	1515
1	2064
25	453
2	33
3	181
0	180
3	164
14	75
4	140
0	3
0	30
4	125
1	111
0	19
0	68
0	48
27	0
5	48
0	32
1	27
0	21
3	19
0	0
0	49
0	49
4	22
0	2
0	0
96	657
66	31
0	654
1	277
25	21
0	195
0	192
0	170
3	164
0	170
17	172
2	28
404	1888
10	288
187	1664
3	6
21	38
117	423
20	173
4	57
5	43
19	186
0	215
0	0
0	0
0	0
0	0
0	0
2296	231
12	89
0	0
35	142
75	497
0	49
5	38
1	497
0	5
0	46
0	0
0	16
1	15
0	0
0	0
2732	2
13	0
0	0
850	210
0	200
0	67
0	21
1	0
8	1063
2	460
12	99
3	979
3	127
0	0
2	45
7	474
0	0
19	0
1	170
5	80
72	1533
0	1762
2	1618
2	239
0	0
7	192
100	0
0	1
2	9
0	5
0	8
1	2
0	1
16	0
0	1
11	0
2955	275
37	46
5	296
51	0
0	31
0	32
0	30
0	32
0	28
0	1
1	0
0	13
0	2
0	0
0	0
0	0
0	0
0	0
130	0
0	0
0	0
3	1
2	0
0	0
0	0
0	0
0	1
0	1
13	297
6	0
2	297
0	288
0	297
3	912
0	898
0	167
1	55
0	557
0	8
5	793
0	792
0	730
1	209
0	147
0	203
0	33
0	78
19	6
0	104
71	0
0	0
3	0
3	0
0	26
1192	1784
112	2543
5	627
9	627
26	788
114	615
141	444
46	285
1	88
37	45
1	86
2	157
7	99
17	157
17	0
0	0
0	0
3	0
0	135
0	229
25	100
0	229
0	0
0	10
0	0
0	198
58	22
0	22
14	45
99	1316
26	1320
0	222
2	4
0	446
1	1246
10	369
0	0
0	0
1	26
178	49
0	24
57	16
0	15
281	595
124	595
1006	138
1	80
1	0
17	58
349	2591
23	4040
0	4308
0	351
53	591
0	596
0	788
42	679
7	690
0	384
188	1353
38	7
23	60
0	60
0	0
2	45
0	45
2	40
0	20
0	19
0	18
0	0
1	64
458	0
0	0
2684	11644
65	11810
0	166
2	27
3	23
0	27
34	0
0	0
44	193
0	93
0	22
11	145
35	124
0	798
12	771
6	732
21	3
0	658
1	13
0	123
0	45
0	24
1	38
0	402
50	352
2	2
0	0
0	1
0	0
0	1
0	0
0	0
0	0
0	0
0	0
0	0
0	0
0	0
1421	268
0	90
1	2
1	74
0	102
361	1061
5	813
0	971
0	765
0	923
0	632
3	553
0	14
100	10
370	35
0	0
3	280
30	255
89	0
13	86
2	271
7	0
9	2709
12	1665
2	379
1	138
1	26
3	124
78	2557
15	2019
28	163
0	70
34	142
23	67
1	254
2	0
0	42
0	36
0	10
0	42
0	15
3	32
0	3
0	2
0	5
2	4
9	0
0	0
2	4319
64	4330
33	824
13	421
0	110
8	4099
2	12
74	0
0	136
0	33
0	0
17	119
0	588
21	355
24	0
0	35
17	164
0	349
2	97
2	82
1	31
0	58
0	62
0	65
0	12
0	16
0	0
0	0
0	0
0	0
0	0
0	0
0	0
0	0
1	12
0	0
0	0
0	0
0	0
0	0
0	0
0	0
31	912
2	912
7	912
0	61
2	2
656	147
3	147
0	9
48	82
4	10
0	14
0	14
0	0
20	145
4	145
2	17
27	3
0	0
0	0
0	0
0	0
0	0
1	0
0	1049
18	496
25	1048
284	495
0	0
0	0
0	0
0	0
0	0
0	0
0	0
0	0
0	0
0	0
0	0
4	3159
0	1598
0	0
17	17
1	40
0	237
4	517
0	515
0	484
0	202
0	198
2	173
0	487
1	258
13	89
0	103
0	606
11	592
3	20
1	50
1	84
0	0
0	1002
0	14594
27	4
33	906
104	14613
0	1102
311	13491
0	4
13	0
96	5423
4	14802
0	6498
0	13337
2	156
11	130
2	76
0	110
1	94
0	52
0	19
3	3
0	26
0	0
3	0
20	34
0	31
0	34
0	0
25	724
9	755
2	118
0	0
113	505
78	505
0	0
0	0
0	0
1022	1138
10	1137
0	99
21	63
0	61
0	0
0	2
0	3
4	8
0	8
0	2
325	0
11	0
0	0
551	51
0	46
1	5
171	1128
1	199
0	997
0	997
0	1014
0	1051
3	997
0	990
0	1163
0	1088
0	1110
0	1066
33	1099
0	989
0	993
0	1002
0	993
0	996
0	1004
0	1005
4	1027
0	1015
0	1012
0	976
10	26
13	0
77	0
0	0
0	116
41	116
20	398
3	293
216	316
9	47
0	155
0	17
0	17
0	0
0	6
0	0
0	0
0	0
0	0
0	9
0	9
0	9
0	0
0	2
0	0
0	2
1572	6598
187	6569
0	3021
118	1797
0	301
5	293
0	297
0	289
0	291
1972	2
1	2070
0	2004
2	0
0	1729
0	1561
0	1347
0	365
0	1234
0	1336
1	782
99	0
0	416
25	426
26	339
0	0
3	0
0	10
0	357
0	307
3	14
17	51
0	319
0	89
0	77
2	42
5	311
8	18
8	12
0	75
96	127
0	2854
6	9252
5	9022
2	9214
0	7859
0	7864
0	221
0	444
0	0
0	0
167	0
0	812
1	456
40	202
447	1041
38	435
0	342
2	196
0	1217
1	1340
0	3274
0	59
32	98
1	248
15	180
18	178
0	154
0	0
0	0
0	0
0	0
10	2321
0	2450
40	1933
0	412
1	347
0	259
0	118
2	60
1	45
4	76
124	31
4	24
6	0
0	2360
1863	3437
25	440
16	2032
18	133
0	0
99	382
14	200
21	236
31	625
28	891
37	922
0	138
3	0
529	50
1	0
68	73
0	20
0	0
38	8
0	0
0	0
0	0
5	1
11	13
0	1
3	13
0	1
0	1
0	1
0	2
1	0
66	1409
710	2370
0	1508
0	0
12	954
0	299
5	320
0	92
32	202
0	86
1974	181
7	546
29	546
4	69
1	8
2	0
0	0
49	0
0	1291
0	2346
6	2351
0	2352
0	2352
0	435
13	127
0	3
17	20
0	0
12	365
0	0
261	121
15	118
0	946
0	1011
4	49
1	46
289	966
12	885
16	49
0	2
52	0
2	46
0	40
18	0
17	0
0	0
2	1072
0	1179
0	139
9	1131
57	196
4	360
0	0
14	0
0	0
289	37
2	6
2	0
4	31
0	0
32	4
0	0
0	4
0	0
0	0
0	42
1	1
15	42
0	5
0	31
0	11
0	5
0	17
0	17
0	10
1	43
0	43
0	44
4	11
0	0
0	0
0	0
0	0
0	0
3	0
0	0
0	0
0	0
1	0
0	0
0	0
0	0
0	0
0	0
0	0
0	0
0	0
0	0
0	0
0	0
0	0
0	0
0	0
19	0
2	0
0	0
0	1
11	7415
1	6949
168	3946
0	454
0	465
0	474
1	465
0	426
0	451
0	395
6	376
0	397
0	47
0	67
0	27
0	42
0	32
1	32
0	30
0	0
0	0
0	0
0	0
0	0
4	2
0	2
38	720
0	0
0	0
0	0
0	9
1	135
84	153
0	116
0	27
0	50
13	90
1	2
2	3
2	3
0	2
0	0
8	0
9	1363
0	1328
0	1393
0	183
1	232
4	3
0	11
13	97
16	24
53	0
0	0
0	0
2	6
0	6
9	2572
0	368
0	0
0	0
1	0
2	173
9	163
0	44
3	4
0	16
0	8
0	5
0	5
1	6
35	0
11	0
131	834
0	834
0	76
0	0
379	0
1146	242
5	2
3	240
17	68
0	0
0	0
72	0
0	89
7	91
0	21
4	0
0	3
1	3
0	3
0	0
0	11
0	76
6	92
3	79
0	0
2	0
0	0
0	18
10	314
24	363
0	48
0	316
1	340
0	34
1	25
10	27
1	9
0	19
0	23
0	18
0	18
0	5
0	3
0	3
0	0
0	1
0	1
0	0
0	0
0	0
0	0
0	0
0	0
0	0
0	0
0	0
0	0
0	0
0	0
0	0
0	0
0	0
0	1
0	1
0	1
0	0
0	0
0	0
0	0
0	0
0	0
0	0
0	0
0	0
0	0
0	0
0	0
0	0
0	0
0	0
0	0
0	0
0	0
0	0
0	0
0	0
0	0
0	0
0	0
0	0
0	47
0	48
3	23
0	0
0	0
0	0
1	0
0	1429
1	1384
0	1427
11	1459
0	1457
4	289
5	257
13	30
0	27
0	91
5	91
0	20
0	18
0	5
0	3
0	0
0	0
0	0
0	0
153	0
1281	573
49	4446
148	4442
2	0
3	399
18	696
12	105
0	22
1	553
0	197
0	197
5	2648
162	2824
0	718
9	306
13	165
5	249
0	95
0	643
7	535
141	425
395	1581
0	381
10	1347
6	955
3	236
20	404
54	632
914	3597
178	3445
0	577
1	662
71	302
5	1456
1	303
34	0
91	0
0	0
0	0
10	952
7	868
9	938
0	65
0	736
0	0
1	0
2	135
0	4
1	0
0	26
0	37
2	606
92	1608
54	1183
0	1030
0	1444
0	0
74	557
0	13
1	206
5	109
0	168
0	223
0	207
0	117
0	36
0	32
0	13
0	13
0	24
0	46
0	10
1	50
2	11
0	31
1	7
0	16
0	13
1	2
0	5
0	2
4	378
7	229
12	378
0	190
35	274
2	14706
26	12776
0	14706
7	5849
10	630
5	135
16	296
65	3267
48	3340
29	603
3	159
3	144
3	688
19	3
74	25
2	505
1	751
90	1530
7	609
25	1351
0	175
0	570
0	2
0	2
0	0
0	0
94	416
3	406
3	82
0	50
4	74
3	65
5	9
2	40
5	32
0	40
0	6
101	119
0	15
1	54
0	108
2	11
45	7
0	7
730	3772
1	2393
0	3378
38	1327
15	169
2	0
152	2674
18	261
3	797
1	577
374	4511
10	4403
5	728
10	1249
0	20
116	1027
535	1171
41	297
1	788
0	572
0	158
0	0
20	148
0	48
11	45
0	11
0	47
0	26
0	4
0	4
8	350
0	873
0	1001
0	986
23	300
0	1008
2	996
3	123
1	122
0	992
0	972
4	375
0	998
0	0
4	932
4	249
31	797
18	1358
21	1755
100	39
0	1778
0	1773
11	194
0	1040
52	1291
0	433
49	1215
0	298
0	137
0	51
19	100
0	33
0	59
14	2
7	7
9	213
0	116
0	219
37	0
220	17118
0	17400
130	17132
7	229
38	221
0	0
27	910
36	2621
66	689
1	0
1156	138
5	138
0	176
0	182
22	162
1	175
0	171
0	136
8	126
4	7
0	12
0	43
353	9464
2	6963
0	27948
458	29985
0	27924
13	17041
0	4983
0	7823
7	5959
0	2933
62	1663
2	54
40	77
5	312
951	2160
2	150
0	180
0	322
1	239
3	273
3	260
6	108
1	225
3	454
13	1733
2	282
1599	2377
0	2375
43	1016
540	1471
9	469
0	0
0	0
6	335
73	335
2	118
0	37
1007	0
17	0
192	48
2	4
0	3
0	2
0	0
0	0
0	0
1	3
0	0
0	0
4	0
0	1
0	0
0	1
0	0
3106	287
0	8
2	279
0	861
0	905
3	168
0	614
237	1034
0	824
0	901
2	12
0	63
906	649
2	139
2	401
1	399
302	0
5370	6276
1	6252
45	295
0	0
0	0
0	0
1	0
0	0
0	279
211	1894
4	367
14	509
1	37
0	605
10	30
19	310
0	620
1	12
0	71
0	5
1	18
0	17
0	3
0	0
0	0
0	13
0	0
5	22
1	22
1	20
0	0
0	0
0	0
39	0
4	0
0	0
58	104
3	102
0	3
0	134
1	41
0	134
0	0
0	75
0	0
0	0
300	2852
0	2592
0	0
17	506
0	1
0	1
0	1
1	4
0	1
1	4
6	247
8	134
12	240
0	24
0	35
0	39
7	13
0	51
2	37
23	33
0	0
37	419
60	520
3	35
10	131
5	24
6	4
0	101
0	0
4	0
0	0
0	0
562	104
0	104
0	0
1	0
11726	1311
1	0
0	304
0	755
94	493
2	562
0	732
0	2
3	2
0	0
2	0
5	20
0	5
0	0
11	4
0	0
0	0
1	0
0	0
0	1
1	400
0	53
7	53
2	58
0	37
2	106
3	445
42	10
0	43
4	18
19	0
1072	455
5	320
0	311
0	140
9	0
0	0
0	0
0	0
0	0
0	0
0	0
0	0
1	0
96	6
0	6
0	0
669	1114
0	1160
24	634
0	116
35	197
5	190
8	120
0	159
1	28
1	52
2	7
0	0
1	0
14	0
0	0
0	0
11	0
0	67
0	32
0	0
0	0
1	0
21	85
113	121
0	123
0	15
0	2
0	0
18	147
396	110
0	32
16	78
0	2
23	15
1	15
8	0
1	0
52	513
11	514
0	463
2	463
294	162
0	46
0	0
1	11
6	159
315	510
2	459
7	198
0	84
4	63
7	12
3	63
2	6
0	6
0	7
25	0
0	0
0	10
1	12
1	35
0	29
4	26
0	7
22	386
6	17
37	349
0	207
0	26
2	109
1	116
0	83
29	48
11	16
24	8209
93	8949
0	3520
7	2490
17	2
0	0
0	0
0	3
0	2
0	0
0	0
0	0
0	0
0	0
0	0
4	15
34	32
0	17
1	0
1	0
0	0
2	4
1	4
0	1
0	1
0	0
0	0
4	138
0	0
0	0
0	0
0	0
6224	2945
161	1413
0	1422
45	3062
4	3
2	0
0	0
0	0
4	2
3	2
0	2
0	4
0	23
0	3
0	14
0	0
20	66
0	53
0	17
0	3
8	0
3	2
29	10
10	0
0	10
0	0
3	17
5	24
2	23
0	17
0	16
3	0
0	0
0	1
0	0
16	0
0	1
0	1
0	1
0	0
0	0
0	1
13	1
0	1
69	0
0	0
0	12
2	12
0	2
0	0
0	0
0	0
1	0
0	0
355	0
0	0
0	0
0	0
3061	2
0	0
23	10
51	2
2	25
36	49
0	37
0	14
4	0
0	0
31	16
0	9
0	13
11	0
0	4
0	0
0	0
0	17
0	4
15	31
3	14
0	2
0	2
0	8
0	8
0	2
0	4
23	15
0	14
0	2
0	8
3	0
15	101
3	96
0	15
0	12
4	371
0	372
21	89
1	33
10	4
0	4
0	4
0	4
0	0
1	0
0	0
0	0
0	0
0	0
2	2
0	2
1114	999
0	757
0	496
1	259
11	0
0	0
0	1
0	1
1	0
0	5
1	18
0	17
0	10
0	1
1	1
22	26
0	28
0	19
2	1
0	2
5	1
0	0
0	0
0	0
6	2
0	1
0	2
0	0
0	0
6	1
12	11
0	6
0	9
0	6
0	0
0	0
4	0
8	0
17	0
0	0
0	0
0	0
1	5
0	5
0	0
0	0
0	0
0	0
0	0
0	0
0	0
0	0
0	0
6	0
1	0
0	0
0	0
0	0
0	0
1	1
0	0
0	1
0	0
0	0
1	0
0	0
0	2
0	4
0	4
1	2
0	0
0	0
0	1
0	1
0	1
0	0
1	0
2	0
2	0
0	0
0	0
0	0
0	0
0	0
0	0
0	0
0	0
0	0
0	0
0	0
0	0
0	0
0	0
0	0
0	0
0	0
0	0
0	0
0	0
0	0
0	0
0	0
0	0
0	0
0	0
0	0
0	0
0	0
0	0
0	0
0	0
1	0
1	0
66	33
1	33
1	45
0	0
129	209
7	96
0	173
0	143
1	96
0	90
0	5
4	8
2232	1447
8	1445
129	24
54	0
147	0
272	5268
668	5268
0	2963
21	2328
37	0
7	0
1	0
0	0
0	0
0	0
0	0
0	0
0	0
0	0
0	0
0	0
0	0
0	0
0	0
0	0
0	0
0	0
0	0
0	0
0	0
0	0
0	0
0	0
0	0
0	0
0	0
0	0
0	0
0	0
0	0
0	0
0	0
0	0
0	0
0	0
0	0
0	0
0	0
0	0
0	0
0	0
0	0
0	0
0	0
0	0
0	0
0	0
0	0
0	0
0	0
0	0
0	0
0	0
0	0
0	0
0	0
0	0
0	0
0	0
0	0
0	0
0	0
0	0
0	0
1	0
0	0
0	0
0	0
0	0
0	0
0	0
0	0
0	0
0	0
0	0
0	0
0	0
0	0
0	0
1817	1490
1	242
2	333
4	1242
89	1
0	0
0	0
0	0
0	0
0	0
0	0
0	0
0	0
0	0
0	0
0	0
0	0
0	0
3	158
0	0
0	0
0	0
0	0
0	0
0	0
0	0
0	0
30	2978
83	2978
2	150
181	0
183	0
0	0
0	0
2	235
0	0
0	40
2	0
33	1985
0	0
0	1985
0	217
0	0
12	1822
52	667
7304	2234
19	1887
125	62
5	437
12	345
152	0
321	0
2023	2
1	0
0	74
139	133
2	34
0	23
0	0
0	56
0	1360
52	1726
0	553
0	117
0	77
1	79
121	383
0	0
882	60
7	41
5	54
4	0
41	0
0	122
1	122
2	110
0	109
0	107
0	117
0	37
0	22
0	10
0	14
0	3
3	2
9	0
5	10
38	0
923	2339
0	2455
5	1735
1	0
94	54
0	0
0	47
0	50
1	49
230	0
41	1314
0	121
0	264
30	417
112	1248
3	255
12	246
0	646
0	665
2	280
13	233
65	384
2140	0
0	3
0	3
0	0
71	14
0	0
0	13
0	0
14	1
0	0
11	0
1	235
0	96
0	8
0	11
7	142
0	6
0	6
0	6
0	6
0	0
12	0
0	0
8	0
23	89
2	10970
1	10416
0	10970
10	1337
158	0
3	10324
0	0
0	0
0	0
5	10
0	10
0	0
0	0
0	4
0	0
0	0
0	0
0	0
0	0
0	0
0	0
0	1
0	1
0	1
0	0
0	0
0	0
0	0
0	0
7	1
0	0
3	883
0	73
0	0
1262	2450
1	1259
1	247
425	7
3	1773
1	22
0	139
54	0
15	519
195	0
53	659
446	1313
3	1313
5	192
1	0
8	0
578	7303
0	7303
1469	0
2	0
1157	655
6	655
2	0
789	741
0	144
0	394
69	523
17	34
26	7
4	10
57	12
2	3
0	23
0	1
0	1
1	1
5	28
0	20
0	0
14	0
3506	72
30	70
28	5
1	4
0	3
3	286
24	286
0	2
2	159
1	47
0	9
2	4
1	4
0	0
0	0
0	189
3	205
1	46
0	4
1	18
6	0
0	5
0	1400
0	1443
0	1409
0	1365
6	9
5	0
1	192
0	363
115	7498
125	7421
0	6608
2	3645
0	219
0	1627
7	55
0	1041
7	349
261	2
0	64
0	18
490	0
11	0
3990	254
8	111
4	143
2	3
28	227
0	454
64	1427
4	637
8	0
0	237
2	2
1	205
0	88
0	466
1	0
0	91
43	514
0	0
0	0
0	0
0	0
0	0
0	0
0	0
0	0
30	2120
1	1414
0	563
0	1379
0	1138
8	1515
7	1669
1	128
3	9
0	9
0	7
0	3
0	3
0	2
0	1
0	0
0	0
0	0
0	0
0	0
0	0
0	0
0	0
0	0
0	0
0	0
0	0
0	0
0	0
0	0
0	0
3	23
1	58
0	61
0	61
0	64
0	55
6	69
0	31
0	49
1	3
3	0
0	0
1	41
14	11
2	28
0	41
0	1
0	1
0	1
0	1
0	0
0	0
0	0
0	0
0	0
0	0
0	0
0	0
0	0
0	0
0	0
0	0
0	2
36	2790
1	2230
2	2171
0	1387
0	1242
0	1895
1	0
21	2303
0	1766
42	497
0	1723
0	1704
0	1358
2	263
2	21
0	956
18	63
3	0
543	2145
1	2038
40	858
0	915
1	1623
48	3
8	680
0	598
14	35
0	0
7	331
0	0
9	0
0	0
0	0
3	38
25	0
4854	632
11	628
284	0
139	0
0	3
0	4
0	7
0	4
0	4
2	0
0	0
0	0
0	0
0	0
0	0
0	0
0	0
0	0
0	0
0	0
0	0
0	0
0	0
0	0
0	0
0	0
0	0
0	0
0	0
0	0
0	0
0	0
0	0
0	0
0	0
0	0
0	2
0	4
0	4
0	0
0	2
0	2
14	0
0	0
394	717
115	5
91	716
0	401
5	453
26	5
1	494
52	185
0	30
179	481
0	19
13	15
3	75
3	15
0	78
2	78
0	48
1605	117
9	115
0	3
0	24
0	21
0	21
0	0
0	0
0	100
0	370
0	370
0	369
0	153
0	139
74	569
1	569
93	2924
0	2834
40	2897
0	2515
0	1904
1	0
18	216
5171	2406
1	1113
380	1550
0	1105
70	514
0	1
0	1
0	0
0	0
41	27
0	27
0	11
1	9
0	0
0	0
0	1087
0	1029
0	995
0	992
0	874
0	854
8	116
14	676
90	0
71	667
0	38
3	5
67	184
4	65
10	30
1	149
1	99
1	0
0	0
0	0
2	696
3893	700
552	559
10	695
0	0
0	0
0	1
0	0
0	1
0	0
0	0
0	0
0	0
0	208
0	206
0	128
0	51
1	94
1	19
11	72
0	14
0	9
12	46
8	0
40	46
0	0
20	34
0	14
2	13
0	0
10	0
0	0
0	0
0	0
0	0
0	0
4	18
0	19
0	10
0	7
0	4
0	0
1	2
0	1
0	1
0	1
0	0
0	0
0	0
1	1144
3	1165
30	545
11	261
0	133
1	0
38	46
0	274
0	1159
0	411
20	283
5	14
0	16
0	14
0	12
0	0
1	7
0	1
0	0
36	2
14	4
7	147
46	423
25	476
0	24
0	151
0	435
0	423
0	170
2481	1673
0	874
1	589
186	1183
0	648
56	74
337	2
1	13
116	0
26	52
0	0
1	0
2	0
0	0
0	0
0	0
0	0
0	0
0	0
0	0
0	0
0	0
0	0
0	0
0	0
0	0
0	0
0	0
6	0
212	284
0	19
0	183
0	99
36	3
3	0
0	3
1	0
0	552
19	552
11	0
0	0
0	552
1	0
282	1706
0	1703
2	10
0	65
0	45
6	6
26	0
2	22
0	384
6	563
7	4
10	390
0	94
8	2
0	435
1	516
314	1172
41	107
2	12
1	149
3	236
11	87
0	494
10	31
74	204
0	530
212	2399
1	2465
0	884
2	317
210	302
0	265
1761	590
4	389
0	19
0	220
0	791
1	561
66	0
1	191
0	575
0	407
49	667
0	14
2	0
2059	2020
10	2018
13	1
90	0
35	136
3	0
12	232
0	128
3	129
0	124
0	138
1	29
29	5
51	94
0	0
0	0
0	0
0	0
0	0
36	2945
22	58
50	2882
0	0
0	0
1	174
0	0
0	169
8	18
63	2317
100	240
16	22
16	237
31	7
44	142
1	0
3314	2
186	28
629	516
0	96
6	252
0	400
1	1
0	1
1768	290
1	91
0	199
0	0
0	0
0	0
0	0
0	0
12	39
0	39
0	3
5	3
0	0
3	3
0	0
1588	236
4	36
0	0
1	202
0	0
0	0
0	0
0	0
48	71
15	1
3	71
0	0
519	1450
0	1228
1	533
1	294
7	303
0	439
3	182
20	646
20	109
2	0
1	396
0	71
15	161
38	234
0	212
14	211
29	163
174	0
1	0
1	991
0	958
0	252
0	1
53	169
0	169
0	0
49	0
102	0
0	61
0	1
0	1
0	0
0	0
0	0
0	0
26	2057
320	3420
19	2372
17	1392
38	56
0	98
2	472
114	1070
0	488
8	800
2	701
49	13
12	0
2	59
67	188
0	50
3	188
10	9
0	21
3	7
0	40
63	0
0	16
7	17
0	0
0	0
19	0
35	2919
0	2498
10	2826
17	2841
2	884
0	324
0	195
8	480
0	202
0	36
9	73
0	10
0	64
20	64
0	0
640	428
0	2
1	10
0	426
91	8
0	0
45	0
0	0
11	24
25	33
0	0
0	0
48	0
0	0
0	48
2	384
0	399
0	253
0	242
0	210
2	206
0	180
0	377
13	234
53	177
0	217
7	297
0	85
0	94
1	29
1	29
7	58
4	97
1220	103
0	0
13	0
13	659
16	3269
14	1947
4	2795
1	2804
5	76
0	18
331	0
22	167
0	83
2	3038
0	0
1	102
0	0
0	0
126	91
350	780
20	646
16	162
0	478
2	474
1	2
8	60
0	47
118	238
5	0
3	0
16	0
0	0
0	0
0	0
0	0
0	0
0	0
22	432
0	0
0	0
0	0
0	0
0	0
0	0
0	0
3	117
0	0
0	0
3	2
0	0
0	0
0	0
0	0
0	0
0	0
0	0
1	2
0	0
12	0
6	2296
0	0
78	3925
208	3927
0	268
72	3878
4	28
0	28
0	6
0	3
104	46
1	0
2	46
0	0
1	3
0	0
0	3
0	0
0	0
0	0
1	0
0	0
0	0
3	1
1	2
0	2
2	0
0	0
0	0
0	0
0	0
0	4
0	4
0	4
0	2
194	1427
33	500
0	1
2	437
8	1158
0	103
6	241
33	231
0	89
0	80
0	32
2	107
1	51
0	1301
123	1300
51	149
24	356
0	1122
12	3
0	44
0	0
21	3
0	3
0	0
389	69
9	730
3	129
0	720
13	193
5	357
0	0
1	180
1	84
615	0
21	6124
13	446
1	5786
347	1402
0	0
70	2596
133	2935
63	818
50	1333
0	1018
1	316
0	88
203	555
0	43
0	251
0	58
1	176
3	142
3	79
1	167
0	32
0	31
10	1630
6	460
3	1339
0	1290
7	777
4	1351
0	506
0	222
0	786
0	1589
18	166
893	20171
115	15521
1	5141
6	1394
60	2891
6	17012
2	6064
47	8822
42	11600
6	840
4	361
0	290
11	342
0	365
1	228
9	63
0	2
4	30
0	9
0	6
0	8
0	9
0	6
0	98
0	67
0	4
0	4
11	52
0	28
0	29
0	27
0	29
0	25
1	0
0	0
0	0
0	0
2	2
1	0
54	206
0	218
0	196
0	120
0	108
0	96
0	66
0	29
0	7
1	23
0	1
0	0
1	1
0	0
0	2
7	177
0	278
16	409
0	1
1	348
0	0
0	6
0	404
0	0
0	2
0	279
0	211
0	60
6	0
0	3
4	61
0	7
0	0
0	75
40	614
1	113
16	4323
17	379
30	3208
0	348
55	3960
2	352
11	103
7	429
936	0
1994	326
6	324
20	4
0	0
0	0
0	0
59	0
0	0
3	10
0	0
0	14
0	14
0	0
7	2
0	2
0	0
0	0
0	2
11	356
740	400
0	86
76	65
0	0
4	27
5	18
0	0
0	0
4	42
0	22
16	335
3	58
1	0
3	29
0	294
0	28
49	314
18	246
5	13
2	4
0	4
0	49
30	2486
59	2657
14	176
0	637
18	62
17	160
24	290
43	74
31	111
41	391
1	101
0	44
0	44
0	40
0	42
0	29
4	19
1	2
1	18
0	18
1	9
0	5
0	1
0	0
2	11
4	25
0	14
0	10
0	10
0	3
2	2
2	1
101	0
0	3
3	3
113	3
19	3
2	0
0	1975
0	1975
19	1872
5	315
0	0
27	315
0	0
0	0
0	0
7	48
23	48
31	23
0	10
3039	2459
5	477
0	1
104	1698
0	586
0	999
2	750
5	0
303	419
0	25
0	16
4	356
2	282
37	282
0	179
4	183
0	66
0	62
167	85
2	0
247	85
0	0
0	985
9	46
0	230
43	985
1	1002
35	125
2	435
11	83
14	47
7	51
0	98
0	106
0	13
6	14
1	19
0	26
1	17
0	13
1	11
7	0
0	16
0	0
0	0
20	18
0	18
0	18
5	0
0	0
430	3
1	3
2059	10567
25	8303
11	244
0	4672
8	4672
6	2591
136	1284
15	3283
5	1095
0	634
0	70
0	71
2	44
0	1
0	0
22	275
0	143
0	175
0	68
1	36
224	0
0	0
0	0
0	0
331	0
0	22
11	93
0	29
4	94
9	9
521	16
0	16
0	2
1	3
0	2
0	1
1	1
2	0
0	0
1	0
3	194
7	87
0	188
0	35
2	8
0	883
14	883
0	891
0	761
2	653
6	83
0	59
6	58
0	2
1	365
2	386
2	262
0	364
93	470
0	3
8	355
161	0
0	0
119	401
0	28
203	0
3	0
0	0
15	7
0	7
2	0
0	34
0	13
0	33
0	10
1	3
0	35
112	0
115	3725
81	3457
5	292
20	771
17	74
6	165
0	2268
0	2658
28	2653
56	5258
46	485
24	477
16	4779
0	647
132	4532
4	541
0	0
0	0
0	0
11	0
0	19
0	0
0	0
0	0
0	0
0	0
0	0
0	0
0	0
0	0
0	0
0	0
0	0
0	0
0	0
0	0
0	0
0	0
0	0
0	0
0	0
0	0
0	1
0	1
0	1
0	1
0	0
0	0
0	0
0	0
0	0
0	0
0	0
0	0
0	0
0	0
0	0
0	0
0	0
0	0
0	0
0	0
0	0
0	0
0	0
0	0
0	0
0	0
0	0
0	0
0	0
0	0
0	0
0	0
0	0
0	3
0	0
0	0
0	0
0	0
0	0
0	0
0	0
641	100
13	82
0	0
132	41
2	71
42	59
0	28
0	39
0	0
59	0
0	20
83	553
0	77
15	550
6	520
7	108
0	35
5	3
0	108
0	142
6	0
0	91
1	132
0	0
0	0
0	0
0	0
0	0
2	21
0	3
0	20
0	0
0	168
0	12
0	166
1	166
5	6
11	32
1	30
0	26
0	4
0	2
0	3
0	0
7	0
0	0
0	32
0	28
0	4
0	22
0	29
0	14
0	17
79	40
2	6
1	30
0	4
3	6
0	10
0	0
1	0
0	0
0	0
1	0
0	0
0	0
0	0
0	0
1	0
0	0
0	0
0	0
0	0
0	0
0	0
0	0
0	0
0	0
0	0
0	0
0	0
0	0
0	0
0	0
0	0
0	0
0	0
0	0
0	0
0	0
0	0
0	2
0	2
0	2
0	2
0	2
0	2
0	0
0	0
0	0
0	0
0	0
0	0
0	0
32	10
0	10
0	8
0	0
15	1913
0	1949
0	730
0	90
186	36
0	0
4	6
0	0
0	1
2	0
5	0
0	0
1	0
0	0
0	0
0	0
0	0
0	0
0	0
0	0
0	0
0	5
0	0
0	5
0	0
0	0
0	0
0	0
0	2
0	2
0	1
0	2
0	0
0	0
0	0
0	0
0	0
618	40
15	40
1	0
23	11
58	11
0	0
184	7
10	7
329	0
23	27
12	37
3	44
47	78
0	20
0	31
1	13
7	61
17	10
0	17
1	7
1	23
1932	2244
22	1983
137	1636
31	1956
4	1039
0	94
29	127
0	136
0	0
0	9
0	0
0	0
0	2
0	2
0	2
0	0
1	5
0	5
7	24
0	1
0	1
0	0
0	0
0	0
0	0
0	0
0	0
0	0
0	1
0	1
0	0
0	2
0	0
0	0
0	0
0	14
0	0
0	5
0	2
0	2
0	71
0	58
0	0
0	0
0	0
0	0
0	0
0	0
0	0
0	0
0	0
0	0
0	4
0	0
0	0
0	1
0	0
0	1
0	0
0	0
0	0
0	0
0	0
0	24
0	3
0	13
0	3
0	2
0	0
1	76
0	47
0	0
0	0
0	0
0	0
0	0
0	0
0	0
0	0
0	0
0	0
0	1
0	0
0	0
0	0
0	0
0	0
3	23
0	5
0	2
50	105
0	0
0	0
0	3
0	0
0	0
0	0
0	0
0	0
0	0
0	0
0	0
0	0
0	0
0	0
0	0
0	0
0	0
0	0
0	0
0	0
0	0
0	0
0	0
0	0
0	0
0	0
0	0
0	0
0	0
0	0
1	0
73	0
0	0
0	0
0	0
0	0
0	0
0	0
0	0
0	0
0	0
0	0
0	0
0	0
0	0
0	0
0	0
0	0
0	0
0	0
0	0
0	0
0	0
0	0
0	0
0	0
0	3
0	0
0	0
0	0
0	0
0	0
0	0
0	0
0	0
0	0
0	0
0	0
0	0
0	0
0	0
0	0
0	0
0	0
0	0
0	0
0	0
0	0
0	0
0	0
0	0
0	0
0	0
0	0
0	0
0	0
0	0
0	0
0	0
0	0
0	0
0	0
0	0
0	0
0	0
0	0
1	0
0	0
0	0
0	0
0	0
0	0
0	0
0	0
0	0
0	0
0	0
0	0
0	0
0	0
0	0
0	0
0	0
0	0
0	0
0	0
0	0
0	0
0	0
0	0
0	0
0	0
0	0
0	0
0	0
0	0
0	0
0	0
0	0
0	0
0	0
0	0
0	0
0	0
0	0
0	0
0	0
0	0
0	0
0	0
0	0
0	0
0	0
0	0
0	0
0	0
0	0
0	0
0	0
0	0
0	0
0	0
0	0
0	0
0	0
0	0
0	0
0	0
0	0
0	0
0	0
0	0
0	0
0	0
0	0
0	0
0	0
0	0
0	0
0	0
0	0
0	0
0	0
0	0
0	0
0	0
0	0
0	0
0	0
0	0
4	76
0	0
0	0
0	0
0	0
0	0
0	3
0	3
0	0
0	0
0	0
0	0
0	0
0	0
0	0
0	0
0	0
0	0
0	0
0	0
0	0
0	0
0	0
0	0
0	0
0	0
0	0
0	0
0	0
0	0
0	0
0	0
0	0
0	0
0	0
0	0
0	0
0	0
0	0
0	0
0	0
0	0
0	0
0	0
0	0
0	0
0	0
0	0
15	152
3	148
0	4
0	0
48	674
184	87
3	659
1	586
0	0
0	1
0	0
0	2
0	2
0	0
1	0
0	0
0	0
0	0
0	0
0	0
0	0
0	0
0	0
0	0
0	0
0	0
0	0
0	0
0	0
0	23
0	43
0	43
0	43
1	2
1	2
0	0
3	0
26	6
0	4
0	293
0	456
659	762
1	84
0	602
0	0
304	1724
0	60
19	118
0	1612
3	333
3	0
1	108
39	108
1	180
63	174
0	131
2	174
37	15520
64	18128
13	10289
81	12604
12	946
3	11166
43	0
0	0
7	1
5	1
0	0
32	646
39	624
2	640
0	25
4	114
0	108
18	147
4	61
0	130
0	117
1	0
0	0
0	0
0	0
0	2248
49	305
0	336
0	313
0	73
5	0
2118	5441
8	1401
46	346
0	1217
13	400
5	1004
1	1082
19	430
5	1215
24	2874
4	1317
18	2230
70	3253
5	1774
1	800
6	2122
47	1500
111	2195
0	1636
2	1525
3	453
0	219
12	5
1	25
0	26
0	30
24	24
0	14
1	1
26	13
0	0
0	0
0	0
0	0
0	0
0	0
0	0
0	0
0	0
0	0
0	0
0	0
0	0
0	0
0	2
0	2
0	0
0	2
11	1
0	0
0	0
0	0
0	0
0	0
0	0
0	0
0	0
0	0
0	0
0	0
0	0
0	229
0	185
0	206
60	29
2	163
1	161
6	81
0	1
0	1186
0	1219
3	250
2	1186
7	40
4	191
1	29
0	46
0	1
0	44
5	83
0	0
0	0
0	0
1	0
1	0
0	0
0	0
0	0
0	0
0	0
0	0
0	0
0	0
0	0
0	0
0	0
0	0
0	0
0	0
0	0
0	9
0	0
0	0
0	0
0	0
0	0
0	0
0	14
0	0
0	0
0	0
0	0
0	0
0	0
0	0
0	0
3	20
0	0
0	0
0	0
0	0
0	0
0	0
0	0
0	0
0	0
0	0
0	0
0	0
0	0
0	0
0	0
0	0
1	0
10	66
0	0
0	19
0	19
0	19
0	19
0	19
0	19
0	16
0	2
0	21
1	72
1	73
0	0
5	0
0	0
0	0
0	0
0	0
0	0
0	0
0	0
0	0
0	0
0	0
0	0
0	0
0	0
0	0
0	0
0	0
0	0
0	0
0	0
0	0
0	0
0	0
0	0
0	0
0	0
0	0
0	0
0	0
0	0
0	0
0	0
0	0
0	0
0	0
0	0
0	0
0	0
0	0
0	0
0	0
0	0
0	0
0	0
0	0
28	751
0	0
0	0
0	0
0	0
0	0
0	0
0	0
0	0
0	0
0	0
0	0
0	0
0	0
0	0
0	0
0	0
0	0
0	0
0	0
0	0
0	0
0	0
0	0
0	0
0	0
0	0
0	0
0	0
0	0
0	0
0	0
0	0
0	0
0	0
0	0
0	0
0	0
0	0
0	0
0	0
0	0
0	0
0	0
0	0
0	0
0	0
0	0
0	0
0	0
0	0
0	0
0	0
0	0
0	0
0	0
0	0
0	0
0	0
0	0
910	0
416	4058
67	3096
3	3510
1	0
0	548
0	0
2215	81
0	81
41	268
8	421
0	369
0	0
0	25
0	2
0	2
0	2
1412	1396
0	347
22	473
6	343
27	94
21	324
1	415
24	71
151	264
0	75
6	53
0	6
3	9
6	20
2	106
20	124
0	124
0	42
0	49
13	219
12	230
0	235
0	200
6	1
1	62
0	64
1	211
0	659
0	657
13	657
0	694
0	691
0	68
0	0
0	82
0	82
0	81
0	73
0	0
0	216
2	216
0	75
559	0
14	121
36	1127
16	1231
99	663
17	258
5	131
35	336
0	80
9	103
19	148
0	94
5	161
0	63
6	33
0	11
107	134
1	16
0	118
20	1590
1	1713
1383	1682
1	685
13	32
85	2395
45	2394
0	0
0	0
0	0
121	100
74	291
11	291
0	1
0	1
0	1
0	0
0	0
1198	6170
0	6170
0	0
30	0
0	0
0	0
0	0
0	0
0	0
0	2
0	0
0	0
0	0
0	0
2	1338
8	1
0	1
352	2162
1	396
0	342
0	439
18	1636
23	3332
191	3238
2	86
0	237
1	16
37	232
0	523
39	393
730	97
0	102
39	10
0	5
19	2791
154	2779
1	559
1	67
4	938
0	208
55	219
0	183
0	460
59	188
28	30
87	983
0	527
1	139
10	900
24	900
0	21
0	0
1	125
1	138
27	119
5	96
12	4
3	4
392	0
0	0
8	4
0	3
2	5
0	7
0	5
0	0
0	37
16	37
8329	6620
3	3005
23	1597
0	2006
311	0
0	0
77	0
24	1
242	4
213	2373
0	2003
1	468
3	364
0	598
2	36
5	354
5	65
1	461
2	256
3	229
104	55
1	55
1	3
0	3
1	0
6	0
0	0
0	0
0	0
0	0
1	63
0	0
0	0
0	0
0	0
0	0
0	0
0	0
0	0
0	0
0	0
0	0
0	0
0	0
0	0
0	0
0	0
0	0
0	0
0	0
0	0
0	0
1	0
0	0
0	0
11	59
9	59
2	59
0	0
0	0
0	0
0	0
1	0
0	0
0	0
0	0
0	0
0	0
0	0
71	0
0	0
0	0
0	0
0	0
0	0
0	0
0	1
2	0
0	0
0	0
0	0
0	0
0	0
0	0
0	0
0	0
0	0
0	0
0	0
0	0
0	0
0	0
0	0
0	0
0	0
0	0
0	0
0	0
0	0
0	0
0	0
0	0
0	0
0	0
0	0
0	0
0	0
0	0
6	0
0	0
0	72
0	65
0	149
0	157
127	133
0	10
0	36
30	3158
1471	4678
49	1520
6	56
32	465
7	107
7	430
0	169
14	0
0	112
0	37
0	113
0	113
0	0
0	0
86	0
13	107
0	107
5	28
3	12
6	14
59	0
8	14
1473	0
2587	0
398	4270
0	543
102	246
161	3449
6	573
3	823
0	143
7	302
0	1
0	1
0	0
1	411
14	397
1	389
0	19
4	3534
0	416
7	3450
25	3332
9	3025
0	2736
0	1046
2	2351
6	2695
11	2312
0	0
7	826
0	650
2	545
59	267
0	584
16	207
0	221
1	538
1	175
303	0
1	0
0	0
152	630
0	630
510	65
27	65
1935	31
15	0
2	22
1	22
2	3
0	3
4	1088
8	1153
4	961
1	1069
5	60
3	159
0	62
0	0
4	159
27	0
1986	37
29	33
2	33
0	0
9754	3699
70	729
0	0
1	351
129	2726
4	2
0	1
0	0
0	1
5	195
5	28
9	167
0	0
2	283
0	253
0	239
0	220
0	248
0	82
69	78
0	0
0	0
0	0
17	447
12	334
3	175
3	274
0	63
0	73
1	49
10	43
3	134
0	71
385	19
3	19
1	3
4	19
4	13
181	16
0	9
13	1213
0	22
0	941
1	1157
2	112
9	0
0	619
0	0
0	145
4	13
5	230
3	15
5	286
1	286
5	286
5	60
0	243
2	19
0	64
30	211
0	177
2	3
0	3
8	859
0	884
0	803
0	853
2	207
1	20
0	0
37	77
0	0
0	77
601	0
4	4
10	696
0	916
5	1206
3	692
59	263
1	539
0	14
0	12
1	13
5	1858
1543	1858
14	397
28	703
0	703
1	467
0	411
0	282
1	185
1	64
20	0
0	0
1	630
54	50
170	595
15	7
23	241
0	627
0	485
18	602
1	47
12	464
0	25
0	0
7	24
0	1741
0	1688
6	1461
0	1620
0	1617
3	1686
2	1161
6	257
59	219
9	186
0	5351
32	5001
41	4941
10	615
0	1172
0	33
0	23
1	25
3	129
0	141
0	141
0	123
0	142
0	124
51	1
4	1
0	5
0	5
0	0
0	0
41	12090
7	6417
2	11279
0	11286
0	11279
5	6214
0	6179
16	3143
16	3317
0	1287
0	570
43	1472
7	1428
3	246
1	22
8	26
81	201
0	0
732	1740
958	1740
0	322
850	748
0	34
4	0
3	714
10	326
0	30
0	0
15	384
10	586
5	1855
38	2281
0	560
2	631
7	885
8	238
375	444
0	0
6	69
13	109
0	92
1	125
16	0
3	0
4	0
4	1
0	1
1	0
16	0
1	0
374	266
4	55
0	0
41	0
48	211
61	119
0	0
1	741
1	991
2	231
4	471
4	0
0	16
2799	607
0	599
23	9
5	126
410	191
0	0
0	141
9	2
15	3
0	0
0	0
0	0
0	0
0	0
0	0
0	0
0	0
0	0
0	0
0	2
0	0
0	0
0	0
0	0
0	0
0	0
0	0
0	0
0	0
0	0
0	0
0	0
0	0
0	0
0	0
0	0
0	0
0	0
0	0
0	0
0	0
0	0
0	0
0	0
0	0
0	0
0	0
0	0
0	2
0	0
0	0
0	0
0	0
0	0
0	0
0	0
0	0
0	0
0	0
0	0
0	3
0	0
0	0
0	0
0	0
0	0
0	0
0	0
0	0
0	0
0	0
0	0
0	0
0	0
0	0
0	0
0	0
0	0
0	0
0	0
0	0
0	2
0	0
0	0
0	0
0	0
0	0
0	0
0	0
0	0
0	0
0	0
0	0
0	0
0	0
0	0
0	0
0	0
0	0
0	0
0	0
0	0
0	0
0	0
0	0
0	0
0	0
0	0
0	0
0	0
0	0
0	2
0	0
0	0
0	0
0	0
0	0
0	0
0	0
0	0
0	0
0	0
0	0
0	0
0	0
0	0
0	0
0	0
0	0
0	0
0	0
0	0
0	0
0	0
0	0
0	0
0	0
0	0
0	0
0	0
0	0
0	0
0	2
0	0
0	0
0	0
0	0
0	0
0	0
0	0
0	0
0	0
0	0
0	0
0	0
0	0
0	0
0	0
0	0
0	0
0	0
0	0
268	5283
0	3
0	3
0	3
0	3
0	2
0	0
0	0
0	0
0	0
0	0
0	0
0	0
0	0
0	0
0	0
0	0
0	0
0	0
0	0
0	0
0	0
0	0
0	0
0	0
0	0
0	0
0	0
0	0
0	0
0	0
0	0
0	0
0	0
0	0
0	0
0	0
0	0
0	0
0	0
0	0
0	0
0	0
0	0
0	0
0	0
0	3
0	0
0	0
0	0
0	0
0	0
0	0
0	0
0	0
0	0
0	0
0	0
0	0
0	0
0	0
0	0
0	0
0	0
0	0
18	2545
0	497
0	0
0	0
0	1
0	1
0	1
0	1
0	1
0	1
0	1
0	1
0	0
0	0
0	0
0	0
0	0
0	0
0	0
0	1347
23	1449
4	169
0	1387
20	5
6	103
0	103
41	0
1	0
3	99
53	19
15	73
8	109
1	30
6	63
336	103
1	25
11	60
13	54
103	635
0	615
0	480
0	83
36	16
0	11
0	0
74	294
0	294
0	287
1	153
3	153
0	118
76	352
0	1
0	351
0	0
0	0
10	272
0	221
0	52
0	62
23	10
0	31
19	44
0	27
2	7
0	134
0	139
1	8
8	23
1	9
0	14
1	0
0	0
0	0
2	0
0	0
0	0
120	1223
4	1168
0	156
17	123
84	357
15	260
164	643
9	108
0	145
7	177
0	54
10	240
0	2
0	2
0	0
0	0
0	0
0	0
6	425
1	21
0	199
4	53
0	333
7	381
330	78
0	78
5	82
18	92
0	13
0	107
0	0
2	0
1817	0
1	0
0	971
0	977
12	124
0	59
17	18
1	169
4	163
5	135
1	64
0	77
0	145
14	138
0	101
4	0
6071	0
22	333
0	333
0	85
1	6
2	0
16	0
2	0
0	0
0	0
0	0
0	0
0	0
0	0
0	0
0	115
0	0
0	4
0	0
0	0
8392	1338
2	1219
355	455
10	408
1	433
3	66
0	0
0	0
0	0
0	0
0	0
8	879
0	0
0	0
0	0
53	13506
141	9793
266	94
74	9666
4	7855
19	11838
0	6770
9	7994
13	6333
11	217
113	0
13	2046
0	2125
4	1948
0	2025
21	0
6	0
104	85
1	322
58	1786
0	89
0	2102
0	370
3	97
27	417
0	763
40	115
9	37
2	105
1	340
0	0
0	0
287	1463
2	829
0	800
9	1311
14	660
0	0
10	453
0	93
0	96
0	94
0	0
2	44
0	11
0	286
0	297
1	294
4	27
2	12
6	4
0	2
0	0
5	1
61	669
15	668
0	68
0	67
0	22
0	21
0	21
0	20
0	15
0	15
0	0
0	0
0	1
0	0
0	0
600	1004
0	1060
0	1035
64	122
0	0
0	0
440	0
128	1506
3	1506
0	212
30	212
23	236
1072	215
5	215
690	2235
28	81
0	3
1	0
20	2193
0	2202
0	1442
0	77
8	187
4	1714
3	15
0	60
6	64
2	38
0	129
15	998
0	1192
27	1482
6	644
14	640
21	176
0	35
0	0
0	0
0	0
0	0
0	0
1053	1486
1	1486
0	0
0	0
258	2
1	1
50	401
3	401
16	395
0	395
0	75
2	32
0	1
1	0
23	2
0	0
0	1
0	1
1	1
0	0
2	0
4514	36584
0	28978
0	11368
561	18196
2	8308
0	11248
17	9829
0	5574
93	12875
0	4033
0	11849
0	9089
0	9056
1	4092
0	236
0	0
0	0
2	0
0	0
0	17
0	17
31	695
23	124
6	819
65	49
3	69
1	24
1	8
30	77
0	77
23	77
0	360
1175	360
44	540
7	389
8	191
158	290
4	70
2	93
0	2
0	0
0	2
1	2
1	2
0	0
12	89
6	26
0	9
1	76
384	90
1	0
32	4
0	94
1	53
370	279
2	145
4	224
10	156
17	125
0	42
0	45
0	4
2	9
284	6073
37	5745
1	1806
115	10
81	3
380	3877
0	3912
0	410
2	253
8	1893
5	314
1	221
3	319
0	0
57	1132
3	1132
42	413
0	180
0	0
1	0
2	193
0	0
0	0
0	0
0	0
0	0
17	44
0	44
0	3
0	0
0	0
0	0
0	0
0	0
1	27
0	0
0	0
1	0
1	4
0	0
0	0
0	0
0	0
0	0
0	0
0	0
0	0
0	0
0	0
0	0
0	1
0	1
0	0
0	1
0	0
0	0
0	0
0	0
0	0
0	0
0	2
0	2
0	2
0	0
0	2
0	2
0	0
0	0
0	0
0	0
0	0
0	0
0	0
0	0
0	0
0	0
0	0
0	0
0	0
0	0
0	0
0	0
0	0
0	0
0	0
0	0
0	0
0	0
0	0
0	0
0	0
0	0
0	0
0	0
0	0
0	0
0	0
0	0
0	0
0	0
0	0
96	43
0	19
0	29
0	0
0	0
0	0
0	0
553	1658
11	5
8	1653
3	75
3	571
0	348
8	487
1	471
3	308
23	88
2	19
0	16
0	25
0	0
0	56
6	26
0	56
0	4
2	275
0	956
35	940
76	946
0	660
3	117
55	62
0	58
157	39
1	17
0	31
0	0
730	653
0	136
8	19
28	498
26	540
0	541
3	443
4	73
38	5
0	0
4	283
1	63
1	3
0	37
7	306
1	2
94	310
1	303
0	0
2	6372
0	6589
0	6502
11	6125
0	260
0	302
2	597
3	253
4	4771
9	984
4	869
9	841
0	413
6	40
2	104
16	53
8	29
0	303
0	233
1	148
10	102
2	32
0	32
0	32
1	69
0	70
0	0
0	3
0	0
38	1184
8	769
0	325
31	24
0	944
0	116
15	1443
373	0
1120	51
2	51
0	151
0	167
10	161
0	167
11	0
0	159
0	170
3	10
4	10
17	1736
1	1709
3	235
5	325
1	192
4	324
0	107
3	8
74	159
0	39
3	0
0	164
1	148
14	28
1	43
0	11
106	2477
0	2265
0	256
18	510
7	16
9	101
1	22
3	2412
0	2428
2	645
0	206
0	1050
8	365
9	258
0	0
1	3
0	3
3	0
24	504
0	504
6	26
10	37
33	336
0	0
48	41
1	1
0	13
0	38
344	563
33	33
1	41
0	112
0	558
5	16
3	14
0	455
4	2
0	0
836	133
0	133
222	233
0	228
5	433
49	433
0	336
8	37
0	0
459	136
3	40
9	14
18	23
21	34
7	20
0	0
4	50
139	59
280	490
0	489
106	71
4	12
167	147
0	19
0	128
32	2981
35	1086
6	2725
3	2176
1	673
0	843
1	0
1	178247
3839	178264
414	30457
41	90247
7	19191
1	16719
0	0
0	1311
0	2
0	2
0	1311
43	0
676	477
27	1
1	33
0	30
9	140
21	345
3	568
9	465
2	508
0	0
0	1
88	0
104	0
0	0
0	0
16	13
0	3
0	10
438	516
3	140
6	276
9	96
1	87
2	0
25	3207
2	2715
33	3303
0	0
13	3293
1	60
1	326
57	223
4	340
208	6199
4	4493
0	4749
0	0
6	814
11	479
6	741
1	888
31	902
4	623
9	48
1	98
0	86
0	22
62	845
52	845
11	0
347	0
42	1329
4	77
7	1226
4	171
1	59
5	103
10	39
19	330
8	44
0	235
1	1114
0	1099
38	60
0	732
0	1
81	243
0	134
15	243
1	121
29	162
0	6
0	22
0	22
0	21
31	21
0	0
0	0
0	0
0	0
0	0
0	0
0	0
1248	0
0	10
0	10
263	2631
0	2611
0	0
15	15
17	5
0	0
0	0
0	0
0	0
0	0
0	0
0	0
0	0
0	0
0	21
2	1
1	21
0	20
0	0
1	29
1	29
4	6
4	29
0	12
2	248
11	735
83	735
0	250
5	59
240	58
16	40
0	0
12	410
38	410
0	132
45	849
33	858
1	766
25	767
29	9
1	25
2	102
6	91
0	21
0	269
4	173
3	173
9	0
0	47
2	111
0	24
12	7843
11	3234
0	7583
4	0
0	1655
0	7843
197	7360
0	3409
14	6802
34	1026
43	226
36	1312
259	35
11	1850
6	1308
428	3502
4	817
1	546
0	1709
5	1070
28	1014
6	58881
9765	66142
59	181
168	20469
10	19873
839	35598
86	17668
15	0
2	3
7	3
0	0
2	2
0	0
0	0
2	2
2195	15178
0	12433
0	14353
3	5769
3	762
31	367
0	665
2	4410
0	1825
2	1785
6	1046
240	0
44	3244
0	1955
11	1496
2	574
28	1989
13	732
0	119
1	155
0	148
2	31
0	40
0	40
0	40
0	1
0	0
0	0
0	0
0	1
0	0
1	0
0	0
0	2
0	0
0	33
0	33
0	24
0	32
0	33
0	36
0	37
0	38
0	52
0	51
14	34
0	22
0	32
0	0
1	2
14	1122
8	850
63	1022
350	972
0	1069
0	370
0	578
0	138
0	120
0	10
0	10
96	2
0	23
29	22
0	0
0	31
0	1
0	10
1	29
0	29
22	3418
0	4186
0	4190
0	4190
22	754
23	65
11	539
0	12
0	12
0	11
0	12
0	8
0	0
0	9
1	8
0	0
1	4
0	7
2	8
0	8
0	2
0	2
1835	319
0	319
52	478
13	478
16	337
4	316
0	479
1464	1940
51	1938
2	11542
1109	12440
239	11645
354	30
9	210
342	210
0	12
0	20
0	12
0	16
0	16
0	16
0	9
0	3
0	1
0	4
0	4
1	0
6	1101
0	935
2	3024
0	3023
0	731
1	86
0	629
100	177
1	104
19	29
8	3
9	157
7	1421
9	217
25	148
0	100
14	0
0	0
0	0
0	0
3	0
0	0
0	0
0	0
0	0
0	2
0	2
0	2
0	1
0	2
0	2
0	4
0	4
0	0
0	0
7	0
1320	0
0	0
1	81
24	26
0	75
0	0
21	852
40	863
7	11
5	11
14	122
9	122
0	0
0	0
0	0
3	179
36	0
18	179
0	195
1	16
26	367
1	353
14	367
1	366
0	308
0	5
0	0
9	123
9	123
2	0
7	16
0	19
155	148
0	147
0	3
11	0
0	13
12	9
2	12
8	8
0	12
0	9
0	96
28	781
0	99
13	45
628	765
0	397
0	371
20	140
0	140
0	70
5	119
1	155
5	130
5	145
0	132
0	15
0	15
0	29
78	10
0	10
0	0
6	60
88	2790
1	71
1	316
3	244
2	2742
27	44
0	0
58	11
0	3
0	9
0	0
1255	315
0	315
27	0
326	65
0	65
158	388
7	388
33	7291
40	7879
0	7877
0	6948
2	2647
93	3151
0	2225
12	23
0	1
3	1
0	0
751	857
1	420
2	834
62	366
1	138
0	240
11	329
2	184
0	90
1	232
3	49
2	0
3	177
1	294
1	295
0	16
1	4
0	21
1	0
0	4
0	0
0	0
5	0
1	9
0	21
0	8
124	85
2	10
0	48
0	18
9	525
3	303
11	227
4	497
0	88
24	25
2	19
0	182
0	128
11	26
0	2
1	179
0	46
2	114
3	31
0	48
0	72
1	56
0	88
0	9
3	44
3	23
6	23
0	1
0	0
0	2
0	20
9	21
0	1
470	0
21	0
0	0
0	0
212	0
0	0
33	375
0	375
0	175
0	12
5	13
2	1
2	120
0	120
3	120
1	7
0	0
17	506
0	464
0	35
0	42
1	90
0	7
1	7
0	1
0	0
0	0
0	0
0	0
0	0
0	0
0	0
3	563
0	2
0	0
0	0
0	0
0	0
0	0
0	0
0	0
0	0
0	0
0	0
0	89
1	89
0	89
0	89
0	7
0	4
2	5
1	5
14	108
1	109
0	76
0	0
22	19
3	6
16	0
7	120
4	122
0	0
24	120
0	14
1	219
1	74
10	188
2	100
0	76
6	999
191	1000
8	292
0	116
0	379
5	43
0	23
3	277
2	222
0	46
0	441
0	319
1	113
3	328
0	120
0	116
0	90
0	94
3	134
0	24
0	292
0	197
22	679
1	90
0	214
7	3
0	407
0	597
0	653
0	143
0	208
0	130
0	125
0	136
0	65
0	5
0	122
0	79
0	195
0	51
0	92
0	155
0	73
0	0
0	206
1	125
4	115
37	2306
0	2259
0	1880
5	87
36	4
0	124
1	94
3	31
0	0
9	10
1	10
0	0
49	0
920	5899
2	1368
2	3022
5	2888
0	0
83	1793
0	2040
8	2245
11	597
1	292
13	331
3	7
0	52
5	157
23	66
0	0
0	0
1	6
0	6
0	6
0	3
0	0
0	7
0	40
0	38
0	1
0	16
7	527
2	937
0	889
0	453
1	945
9	1206
1	877
70	10
0	0
0	0
0	0
0	10
5	15
6	0
1	21
3	35
0	14
0	19
9	20
1	55
0	51
0	50
1	48
0	22
3	26
0	0
0	0
0	0
0	0
0	0
0	0
0	0
0	0
0	0
67	310
0	312
1	156
0	72
5	38
0	38
7	16
1	16
18	0
6	165
0	162
0	170
1	170
1	167
0	143
0	141
0	81
0	5
0	0
0	24
0	25
0	9
0	7
0	4
0	2
0	8
1	0
0	6
0	6
0	5
0	4
0	1
0	0
0	0
0	0
0	0
0	2
0	2
0	1
0	81
2	0
5	1218
0	1077
0	365
0	567
1	556
0	472
1	312
3	518
0	392
0	39
0	0
0	49
13	2
141	2
292	6069
6	6367
217	6268
0	6146
3	2192
47	38
16	128
6	90
8	51
7	385
9	404
0	240
17	128
2	266
59	237
0	379
0	379
0	278
2	327
5	74
0	25
0	57
0	0
3	0
0	9
4	9
2	141
0	24
1	18
0	141
11	163
1	69
0	143
0	53
8	67
1	143
0	141
0	76
1	104
1	65
1	19
2	20
0	5
206	12
0	3
2	12
1	0
173	1653
3	1194
0	353
2	588
1	771
9	1202
6	210
0	243
7	126
0	0
13	4
0	211
5	204
1	227
19	221
0	43
2	22
2	20
0	33
1	40
5	0
1	0
16	235
22	235
3	95
2	404
0	1790
0	1726
0	1338
4	1430
29	1400
17	35
1	267
0	61
1	182
2	187
2	250
1	214
5	123
5	0
0	0
1	0
0	0
16	0
0	0
0	0
0	0
0	0
0	0
0	0
39	0
1	0
0	0
0	0
0	0
0	0
0	0
0	0
0	0
0	0
0	0
0	0
0	0
17	16
1	10
3	1
0	0
0	0
0	0
0	0
0	0
0	0
0	0
0	0
0	0
0	0
0	0
0	0
0	0
0	0
0	4
0	0
0	0
0	0
0	1
0	0
0	0
0	1
0	0
0	1
0	0
0	0
0	0
0	0
0	1
0	0
0	0
0	0
0	0
0	0
0	0
0	0
0	0
0	0
0	0
0	0
0	0
0	0
0	0
0	0
0	0
0	144
0	115
0	0
0	0
0	0
0	0
0	0
0	0
0	0
0	0
0	0
0	0
4	109
0	144
0	115
0	0
0	0
0	0
0	0
0	1
0	0
0	0
3	1
0	0
0	1
0	0
0	0
76	6
7	1
0	0
0	0
0	0
0	0
0	0
0	0
0	0
0	0
0	0
0	0
0	0
0	0
0	0
0	0
0	0
0	0
0	0
0	0
0	0
0	0
0	0
0	0
0	0
0	0
0	0
0	0
0	0
0	0
0	0
0	0
0	0
0	3
0	0
0	0
0	0
0	0
0	0
0	0
0	0
0	0
399	169
0	75
11	48
11	138
1414	2254
41	782
6	461
13	123
29	244
0	489
11	367
0	364
0	173
31	0
0	7
0	0
116	255
0	255
16	7
0	62
1275	11163
241	6422
0	4491
0	4201
3	2548
1	2132
6	1908
0	1109
98	4625
3	653
2	881
2	0
21	0
1	0
9	2268
0	2125
0	1486
0	192
7	106
45	0
0	0
32	19
29	413
5	135
1	116
0	0
134	2204
4	1085
1	1246
5	340
41	247
9	511
3	270
110	0
0	0
154	11
6	0
33	0
0	0
0	0
0	0
0	0
4	0
0	204
0	203
0	202
0	62
0	5
0	0
0	0
0	0
0	0
0	0
0	22
0	32
0	22
0	20
0	7
1	0
0	10
479	1059
0	1
0	63
40	340
6	4
4	665
12	278
2986	1281
27	1272
0	701
10	4
9	0
33	0
0	0
0	0
0	0
0	0
0	0
18	0
0	1088
142	1088
0	0
0	0
0	0
0	0
0	0
0	0
2	0
1	154
18	258
1	258
0	0
0	0
65	738
0	737
0	0
2	643
3	0
1	93
1120	5103
0	5103
19	251
122	27
19	196
1	178
0	86
13	564
19	582
40	109
0	20
0	76
0	34
2	121
0	73
4	24
6	116
0	108
0	0
0	51
1	52
0	0
3	47
2	51
0	14
1	21
2	21
0	12
0	21
0	3
1	0
0	3
823	1081
8	896
4	301
33	0
24	0
0	1560
3	70
28	435
5	958
1	206
0	1429
4	161
11	42
0	157
8	86
87	869
1	691
10	317
0	476
16	48
1	175
6	84
325	119
0	36
0	5
2	10
2	21
10	7
0	11
0	14
0	33
5	10
829	1237
1	1053
3	220
0	0
0	133
24	10
46	4
0	1
0	1
0	0
0	0
0	368
3	0
0	0
0	0
0	0
1	0
292	0
6	0
29	0
117	0
57	0
27	0
0	0
0	0
0	0
0	0
0	0
11	102
1	0
10	0
47	25
0	207
4	207
1	207
0	201
3	0
1	28
1	22
5	0
0	0
3	2
2	1
0	0
0	0
66	1452
0	1185
0	1142
1	58
0	825
0	112
0	117
0	0
0	0
189	89
2	19
0	17
0	66
0	5
0	0
0	0
1	0
4	476
0	9
1	432
6	475
7	15
0	87
0	130
344	0
329	297
0	218
0	206
4	200
0	62
8	28
0	0
0	0
0	0
0	0
0	0
0	0
0	0
0	0
0	0
0	0
0	0
0	0
0	0
0	0
0	0
0	1
0	0
0	0
0	0
0	0
0	1
0	0
0	0
0	0
0	0
0	0
0	0
0	0
0	1
0	0
0	0
0	0
0	0
0	0
0	0
0	1
0	0
0	0
0	0
0	0
0	0
0	0
0	0
29	125
0	125
12	1
275	0
2	0
0	3
16	19
1722	64
0	55
0	0
11	63
0	0
0	0
0	0
0	0
0	0
0	0
0	0
0	0
0	0
0	0
0	0
0	0
0	0
0	0
0	0
0	0
0	0
0	0
0	0
0	0
0	0
0	0
0	0
0	0
0	0
0	0
0	0
0	0
10	61
0	0
0	0
0	0
0	0
0	0
0	0
0	0
0	0
0	0
0	0
0	0
0	0
0	0
0	0
1	2
0	2
0	1
0	1
0	0
0	0
0	0
0	0
0	0
0	0
0	0
0	0
0	0
0	0
0	0
0	0
0	0
0	0
0	0
0	0
0	0
0	0
0	0
0	11
0	0
0	0
0	0
0	0
0	0
0	0
0	0
0	0
0	0
0	0
0	0
1	618
4	347
42	378
23	0
2	0
0	13
0	16
0	16
6	5
3	5
476	47
37	0
122	1
1	8
40	3
0	0
0	0
0	0
0	0
0	0
0	0
2	23
555	99
1	1
1	40
15	1
1	46
3	2
1	437
3	59
1	142
4	437
43	438
0	366
0	2
0	0
0	0
0	0
0	0
0	0
0	0
0	0
0	0
0	0
0	0
0	0
0	0
0	0
0	0
0	0
0	0
0	0
0	0
0	0
1	130
0	0
0	0
0	24
4	208
0	0
0	0
1	3
2	0
0	0
0	0
0	0
0	0
0	0
0	0
0	0
0	0
0	0
509	116
2	29
19	63
16	43
0	5
0	0
0	0
8	0
0	0
26	0
0	0
226	169
0	166
3	166
275	34
29	1
0	1
0	0
0	0
0	0
0	0
0	0
0	0
0	0
0	0
0	0
0	0
0	0
18	87
0	0
0	0
0	0
0	0
0	0
0	0
0	0
0	1
0	1
0	1
0	1
0	0
0	1
0	1
0	0
0	1
5	76
13	1210
1	1216
0	1186
0	124
6	65
0	49
0	0
0	31
0	32
1	0
2	32
0	25
0	12
0	0
0	0
4	40
0	43
0	45
1	27
0	5
0	7
0	0
0	0
0	0
0	23
1	14
1	11
0	0
0	0
175	1716
0	722
1	1090
0	969
0	797
1	1009
4	0
0	261
1	289
0	233
0	0
12	13
0	13
1	2
0	2
0	4
41	11
0	11
0	0
0	0
0	0
0	0
0	0
0	0
0	0
0	0
1	0
0	0
0	0
0	0
166	94
0	91
1	74
0	37
13	29
1	9
0	0
54	125
0	125
590	99
1	57
4	41
0	1
0	0
0	1
0	0
151	0
25	17
0	17
0	0
381	0
0	0
0	0
0	2
0	1
0	0
0	1
0	0
0	0
0	0
0	0
0	0
0	0
0	0
0	0
0	0
0	0
0	0
0	0
0	2
0	21
0	12
0	9
0	0
1	4
0	4
0	1
0	4
0	0
0	0
0	0
0	0
0	0
0	0
0	0
151	114
3	114
0	0
0	0
0	0
0	0
0	0
0	0
0	0
0	0
0	0
0	0
0	0
8	29
0	0
0	0
0	0
0	0
0	0
0	0
0	0
1	9
0	0
0	0
1	0
0	0
0	0
0	10
0	0
0	0
0	0
0	0
0	0
0	0
0	0
2	9
0	0
5	4
0	0
4	8
0	0
6	281
1	1
0	1
3681	10203
10	7935
0	10177
1	15
3	15
0	14
0	16
0	16
2	0
0	1
0	2
0	1
0	0
4	943
4	1
2	245
9	965
3	185
0	39
0	363
0	262
1	1258
3	970
1	1258
0	1180
1	164
1	178
2	102
0	51
0	38
0	133
142	1141
0	0
2	302
10	909
1	0
0	239
0	1
0	1
0	0
0	0
0	0
0	1
0	1
0	1
0	0
0	0
2	0
96	0
10	92
0	96
3	91
0	0
0	1
1	9
0	5
0	2
0	2
0	2
0	0
0	0
0	0
1	35
1	2
0	32
0	1
0	0
0	20
7	0
0	7
27	10
0	8
0	0
0	0
0	0
0	0
0	0
0	0
1	0
3	411
86	172
1	262
2	405
2	265
1	197
0	76
0	454
0	104
4	311
2	79
0	143
8	46
10	314
1	266
0	68
0	371
7	22
1	130
0	0
0	0
0	0
0	1820
0	1820
40	1640
20	4
14	737
0	464
12	55
0	11
0	10
0	1
9	8
0	9
2	2
0	12
1	5
0	1
0	2
13	0
2	2
0	0
125	34
0	34
3	34
1	782
0	102
9	687
4	160
0	706
2	36
9	76
0	45
0	0
0	69
0	0
0	1532
0	1682
0	1665
4	993
22	1566
0	1519
42	1248
13	234
26	641
2	317
0	238
6	323
1	231
1	80
0	1
17	123
30	0
0	98
37	87
10	60
1	0
1	12
0	9
0	28
0	13
0	13
0	13
0	23
0	23
1	0
0	7
0	2
0	18228
604	18219
2	11603
3	3575
2	17105
0	17909
0	729
6	0
0	0
333	629
12	0
4	0
0	0
0	0
0	0
10	84
1	87
0	83
0	85
1	74
8	10
0	7
214	735
0	154
0	103
0	633
0	309
0	137
14	33
0	103
0	102
106	70
0	1
0	1
7	440
11	415
0	53
0	1305
47	1306
0	227
0	1281
6	0
1	48
0	19
152	1227
6	48
4	8
2	7
2	3
0	1166
5	1144
22	1062
3	150
2	44
23	160
2	249
0	111
2	36
8	62
2	13
9	1258
0	1264
0	126
13	1131
6	158
0	593
0	0
9	370
4	1272
0	49
5	89
3	0
1	381
12	848
3	5
61	911
15	678
0	346
1	206
0	718
1	707
0	749
0	673
0	242
23	17
3	63
0	145
0	125
3	95
0	39
7	746
75	829
43	1561
0	407
0	209
0	4
0	182
0	789
0	223
12	163
0	503
2	452
0	142
1	59
441	1503
3	1620
32	1482
21	1330
18	117
1	235
18	306
15	198
1	950
1	61
2	368
0	90
1	86
79	170
17	0
0	326
2	202
9	260
0	141
36	306
0	31
5	244
4	95
0	64
0	195
0	222
1	96
0	16
1	91
36	129
0	2729
0	2705
0	2621
0	2777
10	112
13	330
8	534
2	429
2	125
1	95
4	2
0	0
0	0
0	0
0	0
18	129
1	213
11	214
0	15
12	61
0	43
0	0
0	28
1	0
42	981
10	549
14	910
0	215
4	799
0	530
7	117
0	254
27	279
0	416
0	157
0	194
1	345
9	192
20	41
6	41
3	40
11	34
39	285
15	315
1	128
8	142
0	97
8	52
24	1732
0	1637
0	1575
55	107
0	1657
0	1501
89	404
0	518
0	401
30	361
1	324
1	222
82	337
9	1816
21	1787
54	204
21	93
0	0
48	37
0	2
615	101
0	101
1	27
605	183
0	183
37	565
0	559
3	150
0	292
1	148
1	268
5	174
0	65
15	162
67	207
0	57
12	479
358	621
5	356
16	137
13	59
2	251
0	216
0	289
0	115
3	153
16	1091
36	1105
6	447
1	287
0	149
0	569
1	567
5	171
1	92
0	0
33	2187
28	1912
5	1469
7	613
0	0
8	346
0	0
0	0
2439	10836
26	4971
36	6923
16	3014
0	0
791	24676
67	1450
18	18244
47	5761
59	16181
15	16763
0	20258
0	12208
0	12972
0	5424
4	7956
3	8367
5	2670
38	13097
3	5362
0	7698
4	0
0	394
0	0
12	5682
10	484
0	3
0	0
9	0
29	4
0	1
6	3
0	2
11	84
1	61
16	83
0	80
4	47
4	9
0	33
0	0
0	36
5	15
7	1966
0	2044
0	194
7	1730
0	241
10	61
0	182
2	287
1	174
0	2
42	105
15	154
50	824
0	179
52	823
1	140
0	281
4	824
31	6
1	162
4	122
0	1
0	1
0	0
0	1
0	1
0	0
0	0
0	0
0	0
0	0
3	0
0	0
0	66
0	35
0	40
0	13
3	1526
8	295
0	181
2	387
0	256
118	1472
0	146
3	260
0	1302
0	238
0	132
1	131
10	7
0	3
0	0
0	106
3	197
0	97
40	102
2	84
0	19
0	37
0	80
0	0
0	58
7	6
0	0
0	0
0	0
0	0
0	0
0	0
0	0
0	0
0	0
0	0
51	3215
259	3524
1	497
0	3373
14	356
0	278
286	625
86	269
60	342
134	1
9	1
4	1
0	474
0	509
2	444
0	509
4	415
14	419
0	358
1	1
2	6
0	6
0	9
4	14
0	7
1	0
0	5
0	1
0	1
189	3169
3	264
284	4990
6	4343
41	313
7	881
1	387
120	1631
10	1013
39	175
0	711
1	1049
36	409
36	830
0	56
0	0
149	34
13	665
1	0
20	1
2	1
0	0
0	0
0	0
0	0
0	0
21	1488
14	106
0	4
41	1475
2	88
0	512
2	291
0	594
364	637
0	635
0	39
2	66
3	126
7	28
1259	34416
9	15211
1	19846
17	30331
29	16847
0	69
1	6936
0	6
11	812
84	986
129	738
9	289
0	21
0	221
0	94
174	25
0	6
0	0
5	2
1	20
0	18
0	19
1118	9695
18	9076
1	3447
29	2806
4	263
7	2632
9	1443
5	962
2	825
96	316
0	0
0	20
0	19
0	1
0	18
0	1
0	18
0	0
0	37
31	390
3	390
0	58
0	100
0	75
1	1
0	100
0	57
2	2
0	24
0	13
0	0
2	24
0	1
0	0
0	1
0	1
0	0
0	0
0	0
24	30
0	52
0	32
1	32
1	25
0	19
9	21
0	0
2	768
0	21
39	282
0	678
0	12
7	728
0	728
0	8
0	103
0	118
0	360
0	0
1	0
1	0
43	17
3	17
3	1
9	13
265	12
1	0
0	0
94	0
0	0
0	38
0	24
16	33
0	37
1	7
4113	375
167	296
6	9
156	16
0	10
6	73
4	6
0	9
0	7
16	32
6	20
0	24
0	8
0	1
22	58
1	51
0	56
6	41
0	30
123	1204
6	1204
162	1182
0	42
54	14792
0	14792
0	9904
0	8441
40	13585
12	3747
0	4955
14	5705
2	634
128	2290
6	6731
365	5720
324	3250
0	0
1	2470
24	407
0	405
3	354
0	95
0	75
15	0
6	2
1	0
0	0
0	77
0	4
0	76
0	73
0	77
0	3
4	3
1	9
0	4
0	2031
0	1958
0	709
2	1788
2	1741
159	1622
138	444
0	574
0	211
0	0
4	2
0	0
4	581
0	581
2	501
2	157
3	0
0	0
3	60
0	60
0	0
0	0
3	3381
12	2457
10	594
7	1703
0	0
3	1127
0	1
0	2
0	2
3	462
4	130
0	390
21	38
6	77
8	459
1	43
2	65
0	5
1	164
77	416
5	416
0	411
0	159
0	124
0	0
29	23
0	142
15	16
1	36
0	116
0	116
7	87
1	4
0	10
0	0
0	0
158	13
1	3
4	2
2883	432
8	94
14	204
5	24
11	110
0	0
0	0
12	7
0	4
0	1
0	4
0	45
0	1
0	5
2	14
10	81
0	0
0	0
0	4
1	32
0	5
77	2908
0	2467
22	2487
0	2017
0	2199
1	2382
15	2
1	19
1	0
0	436
1	0
0	0
0	0
0	0
0	0
0	0
0	0
22	6
3	6
0	1
2	198
10	208
0	36
0	0
11	26
0	0
1	0
7	44
2	41
1	40
147	256
4	278
0	133
0	158
2	5
0	34
8	10
0	74
45	0
139	361
0	288
3	255
9	300
5	264
36	55
0	49
4	6
0	0
0	0
233	4079
4294	4078
21	2
0	1
0	7
1	7
4	1997
1	1952
2	2065
20	1892
13	1974
143	1740
2	267
1	124
0	566
0	219
7	23
7	115
18	0
4	228
0	56
12	154
418	1448
6	272
0	1420
0	896
4	442
3	12
0	4
0	8042
1	22432
15	19582
19	1045
1	826
0	14316
0	2279
0	8051
0	3275
9	931
1	21146
0	21146
0	4945
17	5324
4	3925
0	0
0	0
0	0
0	0
0	0
277	1974
0	363
5	821
0	635
14	621
1	607
13	193
45	131
1	234
0	0
112	1291
6	1283
40	0
0	86
41	104
0	167
0	67
1	0
0	1
0	1
0	1
0	0
0	0
0	0
0	0
0	0
2128	14
30	14
5	15
0	15
8	15
0	0
224	48
0	48
0	0
0	9
1	9
0	9
0	2
0	1
0	1
0	0
0	0
1	0
0	0
0	0
0	0
0	0
0	0
0	0
0	0
0	5
0	5
0	0
0	0
0	0
0	0
0	0
0	1
0	1
0	1
0	0
0	0
0	0
0	0
0	0
0	0
0	0
0	0
0	0
0	0
0	0
0	0
0	0
0	0
0	0
0	0
0	0
0	0
0	0
1	0
0	0
0	0
0	0
0	0
0	0
0	0
0	0
0	0
0	0
0	0
0	0
0	0
0	0
0	0
4	2
0	1
0	1
1	1
0	1
3	0
0	0
0	0
1	0
1	0
0	0
1157	3078
0	2787
21	412
350	0
0	1
0	1
0	1
0	0
2	345
5	335
1	38
0	3
0	0
0	0
1	11
23	12
2	11
0	0
0	0
0	0
0	0
0	0
4	0
1	2935
0	0
2	0
0	0
0	0
0	0
0	192
0	3384
0	3352
93	1090
94	157
11	167
40	9
0	23
44	0
54	724
62	626
91	0
6	283
184	0
58	17
75	0
44	45
0	0
19	106
1	665
21	654
14	50
341	374
0	24
0	345
0	29
0	80
0	97
68	71
11	100
71	0
0	2
0	2
0	2
0	2
0	24
12	62
0	39
0	60
0	16
0	0
0	0
0	0
0	0
0	0
0	0
0	0
0	0
0	0
0	0
0	0
0	0
0	0
0	24
69	60
0	52
5	53
1	0
0	0
0	0
0	0
0	0
0	0
98	7637
0	0
0	0
0	0
113	0
15	60
11	29
0	1
1	61
0	63
0	20
0	63
0	0
0	4
652	94
0	78
2	16
0	0
0	0
0	0
0	0
0	0
0	0
0	0
0	0
0	3
0	0
0	0
0	0
0	0
0	0
1	58
0	0
0	3
6	3
0	0
0	0
0	0
0	0
0	0
0	0
0	0
0	0
0	0
0	0
0	0
0	4
0	8
0	9
0	17
0	16
0	6
0	7
2	11
2	818
25	687
22	717
0	737
0	13
64	69
9	280
4	36
3	126
1	50
20	1847
255	6561
1	739
66	6166
12	5230
3	6411
0	4442
8	449
221	3406
3	500
0	0
7	317
69	0
26	511
0	2638
14	2596
49	2616
0	2765
1	555
23	174
3	406
2	490
17	383
119	121
1	55
0	3
62	20
78	0
321	0
0	17
5	0
64	2
0	721
11	2
34	4
16	9
46	12266
3	12266
5	2560
28	11755
10	90
0	307
0	0
0	131
0	0
0	0
0	0
0	0
0	0
0	0
0	0
15	2
0	0
0	0
0	0
0	0
0	0
0	0
1	2
1	2
0	0
0	0
0	0
0	0
0	0
0	40
0	0
0	30
0	40
0	2
0	2
0	0
0	0
0	3
2	191
0	0
0	0
0	0
0	0
0	0
0	0
0	198
2979	198
23	0
93	0
1	22
0	0
0	0
0	0
0	0
0	0
0	0
0	0
2	0
72	0
50	2554
0	4276
6	248
2	304
1825	4308
48	2190
0	304
13	32
0	892
6	346
3	132
43	30
0	0
0	0
239	2
82	29
1	0
0	325
0	177
8	0
0	1592
7	115
3	0
1	0
58	0
2	0
0	0
0	0
0	0
0	0
0	0
0	0
0	0
0	0
0	0
0	0
0	0
0	0
0	0
0	0
0	0
0	0
0	0
0	0
0	0
0	0
0	0
0	0
0	0
0	0
0	0
0	0
0	0
0	0
0	0
0	0
0	0
0	0
0	0
0	0
0	0
0	0
0	0
0	0
0	0
0	0
0	0
0	0
0	0
0	0
0	0
0	0
0	0
0	0
0	0
0	0
0	0
0	0
0	0
0	0
0	0
0	0
0	0
0	0
0	0
0	0
0	0
0	0
0	0
0	0
0	0
0	0
0	0
0	0
0	0
0	0
0	0
0	0
0	0
0	0
0	0
0	0
0	0
0	0
0	0
0	0
0	0
0	0
0	0
0	0
0	0
0	0
0	0
0	0
0	0
0	0
0	0
0	0
0	0
0	0
0	0
0	0
0	0
0	0
0	0
0	0
0	0
0	0
0	0
0	0
0	0
0	0
0	0
0	0
0	0
0	0
0	0
0	0
0	0
0	0
0	0
0	0
0	0
0	0
0	0
0	0
0	0
0	0
0	0
0	0
0	0
0	0
0	0
0	0
0	0
0	0
0	0
0	0
0	0
0	0
0	0
0	0
0	0
0	0
0	0
0	2
1	0
0	0
3	2
0	0
0	0
3	0
0	0
0	0
0	0
1	0
0	0
0	0
0	0
0	0
0	0
0	0
0	0
0	0
0	0
4	0
0	0
0	0
0	0
0	0
0	0
0	0
0	0
0	0
0	0
0	0
0	0
0	0
0	0
0	0
0	0
0	0
0	0
0	0
0	0
0	0
0	0
0	0
0	0
0	0
0	0
0	0
0	0
0	0
0	0
0	0
0	0
0	0
0	0
0	0
0	0
0	0
0	0
0	0
0	0
0	0
0	0
0	0
0	0
0	0
0	0
0	0
0	0
0	0
0	0
0	0
0	0
0	0
0	0
0	0
0	0
0	0
0	0
0	0
0	0
68	58
0	26
55	58
0	33
9	66
138	1
0	0
0	6
0	0
39	482
0	471
0	39
0	0
5	440
0	0
0	0
0	0
9	21
0	0
0	0
0	0
0	0
0	0
0	0
0	0
0	0
0	0
0	0
0	0
0	0
0	0
0	0
2	0
0	4
0	0
0	0
0	0
0	0
0	0
0	0
0	0
0	0
0	0
0	0
0	0
4	4
0	0
0	0
12	1
5	2
0	0
0	0
0	1
0	1
0	0
0	0
0	0
0	0
0	0
6	0
0	0
0	0
251	0
0	0
43	0
33	0
0	20
0	0
0	0
0	0
0	0
0	0
30	0
1	0
2	0
0	0
2	11
0	0
24	1217
0	0
0	3
4	11
0	3
0	0
0	0
0	0
3672	165
0	155
5	154
0	0
0	0
0	0
88	0
1	0
0	0
0	1
0	1
0	0
0	0
0	13
0	8
0	13
0	6
3	8
0	0
0	9
0	9
0	13
0	3
0	11
0	6
0	3
0	0
0	0
0	0
0	3
0	0
0	1
0	0
0	0
0	0
2	2
2	0
0	0
0	0
0	0
0	0
17	0
78	118
596	556
3	524
0	121
16	0
52	325
11	239
8	250
33	218
403	467
1	174
21	293
1	0
235	269
6	170
47	270
2	98
0	4
0	6
0	0
0	0
3	99
0	13
0	21
0	12
2	128
0	111
0	17
0	4
0	1
765	0
0	0
0	0
0	0
0	1
0	1
970	6582
2	6759
45	6400
3	290
3	288
1	164
8	0
0	0
10	0
0	0
0	0
1	0
0	0
3	168
107	185
8	0
0	22
0	638
60	581
0	637
9	30
1	189
0	432
0	565
1	3
0	139
1	197
2	123
28	87
49	87
2	0
0	167
2	1185
15	1140
0	1026
0	77
8	0
0	19
0	271
0	205
225	704
0	129
0	712
75	354
0	104
1	0
11	7
1	0
14	1321
12	505
7	1148
0	797
0	893
0	0
920	0
0	0
0	0
1	17
0	206
1732	2019
0	1095
2	1418
16	15
2	0
62	36
64	194
0	0
0	0
0	0
1634	714
1	171
0	364
63	397
0	403
2	2
0	2
0	0
0	0
1	0
18	1205
60	1258
0	55
57	137
0	7
0	72
1	30
0	295
0	15
14	113
0	300
0	349
0	290
0	272
1	48
0	33
0	52
0	227
2	0
0	0
149	103
0	101
13	235
3	347
0	854
28	785
1	363
1	13
0	10
0	0
0	0
0	96
22	0
0	0
9	0
2	0
0	25
2	447
0	27
0	464
27	447
0	25
0	279
0	468
0	21
313	2397
0	2501
0	707
31	1101
0	1268
2	1274
0	1227
0	147
0	387
0	192
267	0
413	2
190	14
87	4
0	0
14	273
1	243
0	127
23	116
0	4
0	3
1	6
0	25
0	63
0	0
0	0
37	72
0	12
1	35
0	0
40	178
4	473
0	508
26	447
0	69
4	65
0	95
1	94
0	409
0	39
1	35
9	117
0	83
0	0
1	0
528	8549
0	4855
37	8686
1	2798
0	4465
4	0
0	0
1	0
9	9
0	9
0	0
0	0
0	0
2771	614
1	478
5	41
19	15
49	8
0	132
1	1
0	1
1	0
0	0
0	28
1	0
1	28
27	0
0	28
0	0
0	0
13	0
0	0
0	0
0	0
0	0
0	0
0	0
0	0
0	0
0	0
0	0
0	0
0	0
0	0
0	0
0	0
0	0
0	0
2280	637
23	637
0	0
0	0
0	0
0	0
0	0
0	0
0	0
0	0
0	0
0	0
0	0
0	0
0	0
0	0
0	0
0	0
0	0
0	0
0	0
0	0
0	0
0	0
0	0
0	0
0	0
2	0
0	0
156	688
8	509
11	301
68	142
1	140
19	0
17	3
3	10
0	0
0	2
12	10
0	1
0	0
0	0
0	0
0	0
0	0
0	0
2	2
0	2
0	0
0	0
0	0
0	0
0	0
0	0
0	0
0	0
0	0
0	0
0	0
0	0
0	0
0	0
0	0
0	0
0	0
0	0
0	0
0	0
0	0
0	0
0	0
0	0
0	0
0	0
0	0
0	0
0	0
0	0
0	0
0	0
0	0
0	0
1	0
1353	354
0	77
0	0
2	9
3	0
120	47
77	221
0	0
0	0
20	190
0	0
7	436
0	0
0	0
0	0
8	0
9	0
6	0
0	0
0	0
2	0
0	0
0	0
25	1
0	1
1	307
10	322
0	20
2	316
22	3
24	0
23	0
1144	3301
10	2056
1	238
0	73
0	183
0	212
167	0
8	120
0	84
4	82
0	168
100	0
0	58
24	864
204	45
44	231
2	510
68	0
0	0
339	872
0	435
5	445
557	1373
2	347
0	419
472	229
0	95
8	213
0	40
17	92
0	0
0	0
4	0
0	0
0	0
0	0
3	0
0	0
0	0
0	0
9	17
0	17
2024	211
0	0
0	209
6	14
1	0
0	0
0	0
0	0
0	0
0	0
7	1
2	0
0	0
0	1
0	0
0	0
95	375
327	375
24	328
4	32
0	84
0	10
0	0
5	53
0	19
0	0
0	0
0	0
0	0
0	0
0	0
0	0
1	0
0	0
1	58
0	63
0	41
0	9
0	2
0	2
2	14
0	0
3	0
0	0
0	0
0	1
0	0
6	17066
4	16767
13	1266
50	493
116	0
108	0
43	0
0	4922
9	2562
16	1140
131	54
3	591
26	326
8	1765
0	535
0	0
1	345
237	15
164	11
1	2303
5	147
68	0
0	0
989	106
4	106
0	0
9	682
0	688
1	430
0	234
0	129
0	42
0	0
0	0
0	0
0	154
0	0
0	0
0	0
0	0
0	0
0	0
0	0
0	0
34	45
0	24
0	23
0	23
1	0
0	1
0	0
11	20
0	4
0	0
0	1
2	16
0	0
0	0
0	0
0	0
0	0
0	0
0	3
0	3
0	0
0	0
0	0
0	0
0	0
393	232
0	232
24	0
27	446
6	111
2	42
0	362
0	150
0	75
0	0
18	0
5	197
267	197
1	0
0	0
0	0
11	867
12	1037
5	746
27	0
0	762
1	101
0	3
0	49
4	71
0	138
1	129
62	187
3	113
0	168
0	98
0	0
1	0
0	1
0	1
5	20
0	11
0	15
0	1
16	2839
11	3423
126	3298
2	1211
0	1165
0	548
2	314
0	365
8	298
0	41
0	0
0	0
22761	1810
420	1813
217	0
346	2
0	0
0	3
0	3
0	0
0	2
0	1
0	0
0	0
0	0
0	2
0	69
10	368
2	345
1	198
0	0
0	24
0	15
225	2985
0	87
0	84
1	1130
0	2894
1	2674
31	2637
14	275
0	0
0	161
1	250
35	132
66	35
1	285
0	426
0	354
97	338
0	168
20	0
0	0
0	0
0	0
0	0
0	0
0	0
0	0
0	0
0	0
0	0
0	0
0	0
0	0
0	0
0	0
0	0
0	0
0	0
0	0
68	290
3	44
3	268
17	172
0	210
0	15
0	2
1	163
0	163
0	159
0	143
0	0
0	0
0	0
0	0
0	0
0	0
0	0
0	0
0	0
193	122
4	112
6	78
0	13
0	0
6	0
0	53
3	0
7	0
0	399
0	43
0	385
0	69
1	0
0	20
0	0
1087	122
0	120
0	0
0	0
8	0
419	0
1713	0
0	0
16	1881
5	1363
32	1897
6	888
19	1
64	0
0	0
3	0
27	0
440	3381
1	3391
33	1242
4	458
0	211
3	880
69	372
26	0
0	0
13	1862
28	833
6	1795
41	94
58	0
320	3964
22	3105
24	2872
4	1933
25	1439
0	1419
0	1249
0	668
35	119
2	64
524	0
0	0
2	9
2	0
0	9
1	1
2	8
64	696
81	696
5	658
14	617
17	342
0	558
0	41
0	27
12	1
31	36
2	2572
4	2382
48	1471
0	1775
190	227
0	2545
14	2489
2	372
8	113
0	443
0	1300
8	242
5	327
3	6
18	157
0	152
12	143
10	149
0	55
2	33
2	26
6	20
0	1
4	2430
0	2363
0	2426
3	2289
0	125
8	529
21	55
1	109
0	70
1	35
0	64
21	95
0	45
0	45
15	77
16	44
9	34
12	24
0	31
42	11
11	11
18	62
0	1710
8	2450
0	538
10	485
7	38
0	163
10	823
78	906
2	61
1	4
7	38
13	707
0	68
8	189
1	835
2	749
23	586
0	763
0	64
2	68
2	42
80	1523
71	2790
0	2792
2	2790
1	165
43	207
0	122
0	85
7	0
0	0
4	20
5	389
6	388
1	2
4	4
0	3
0	18
0	276
8	10
0	18
4	42
894	89
0	22
0	28
0	37
5	0
13	10
2	0
124	18
17638	6978
0	901
275	53
165	5888
0	1
0	1
116	4526
0	1132
0	199
314	462
5	54
11	25
3	157
52	155
2	62
6	500
0	529
0	499
0	465
0	120
5	112
1	98
0	53
0	30
0	14
0	19
3	27
0	10
0	18
0	76
6	954
0	0
88	2
31	1099
0	1099
19	2178
5	620
0	1137
0	1039
0	1107
162	1035
1	0
1	0
3	0
1932	378
15	0
0	105
0	75
6	223
7	0
0	0
0	0
0	9
1	9
0	0
0	0
254	49
1	3
0	22
4	29
136	5091
63	11909
11	5170
13	9978
18	6878
22	1784
0	98
2	98
2	37
10	5
0	9
2	4
2	12
0	3
4	5
0	0
0	0
0	31
0	88
0	72
0	74
0	23
1	8
0	1
0	5
0	1
0	0
0	0
0	0
0	74
102	17
4	21
4	98
0	15
29	26
0	55
7	73
0	0
0	0
1	0
9	0
14	313
146	607
0	515
25	1
812	422
0	428
1	422
0	348
0	0
0	0
0	156
2	25
0	87
8	98
1	12
0	0
0	0
160	2077
1	20
0	2063
97	126
1	125
3	125
3	111
72	92
0	0
4	0
2107	1111
10	561
22	438
2	111
0	0
0	199
34	115
3	47
3	149
0	0
0	97
20	33
0	45
29	2
333	72
18	72
24	39
9	0
0	0
22	0
0	0
0	0
0	0
0	0
0	0
0	0
0	0
0	25
0	9
0	41
10	3
0	36
0	42
0	5
0	0
0	11
0	8
244	141
1	91
1	0
1	31
0	11
10	10
0	9
0	0
10	1
5	0
0	223
0	1147
30	612
7	1136
29	42
0	98
11	0
59	27
78	0
0	0
0	0
0	0
0	0
0	0
0	0
345	0
0	0
0	0
0	0
0	0
0	0
0	0
0	0
0	0
0	0
0	0
0	0
0	0
0	0
0	0
0	0
0	0
0	0
0	0
0	0
0	0
3	113
0	14
79	144
5	140
0	48
1	4
124	48
519	181
7	17
6	176
20	162
2	25
139	0
9	353
0	338
26	161
0	0
1	15
2	0
0	1
0	1
568	107
0	0
0	0
0	0
0	0
0	0
2	0
2	0
0	0
1	0
2444	0
4	312
1041	640
3	265
75	202
0	463
0	214
138	483
0	130
2	353
12	145
12	235
3732	367
0	81
223	280
8	2
0	3
2	2
0	0
0	0
0	0
2	417
2	409
0	409
0	8
3	19
1	39
0	0
0	0
0	57
0	50
0	0
1	0
3	34
0	8
0	13
0	0
0	0
188	4
2	2
4	0
0	0
107	68
0	39
0	39
0	0
1	2
161	2646
5	2648
6	2675
259	753
9	952
1	790
0	745
129	483
10	6
0	70
3	0
0	0
0	0
0	0
0	0
0	1
0	0
0	0
0	0
0	0
0	0
0	0
0	0
0	0
0	0
0	0
0	0
0	0
0	0
0	0
0	0
0	0
0	0
0	0
0	0
0	0
0	0
0	0
0	0
0	0
0	0
0	0
0	0
0	0
0	0
0	0
0	0
0	0
0	0
0	0
0	0
0	0
0	0
0	0
0	0
1	0
0	0
0	0
0	0
0	0
0	0
0	0
0	0
0	0
0	0
0	0
0	0
0	0
0	0
0	0
0	0
0	0
0	0
0	0
0	0
0	0
0	0
0	0
0	0
0	0
0	0
0	0
0	0
0	0
0	0
0	0
0	0
0	0
0	0
0	0
0	0
0	0
0	0
0	0
0	0
0	0
0	0
0	0
0	0
0	0
0	0
0	0
0	0
0	0
0	0
0	0
0	0
0	0
0	0
0	0
0	0
0	0
0	0
0	0
0	0
0	0
0	0
0	0
0	0
0	0
0	0
0	0
0	0
0	0
0	0
0	0
0	0
0	0
0	0
0	0
0	0
0	0
0	0
0	0
0	0
0	0
0	0
0	0
0	0
0	0
0	0
0	0
0	0
0	0
0	0
0	0
0	0
0	0
0	0
0	0
0	0
0	0
0	0
0	0
0	0
0	0
0	0
0	0
0	0
0	0
0	0
0	0
0	0
0	0
0	0
0	0
0	0
0	0
0	0
0	0
0	5
0	3
2	10
0	48
0	48
0	28
0	28
0	40
1	0
0	0
0	0
0	0
0	0
0	0
0	0
0	0
0	0
0	0
0	0
0	0
1	0
0	0
0	0
0	0
3085	1957
810	713
2	1664
13	706
18	853
105	0
0	0
36	9
0	9
0	0
12	1221
0	0
0	0
0	0
1057	795
1	287
39	1
24	603
0	73
10	263
0	20
23	0
0	0
0	0
5	164
0	131
1	0
16	0
812	0
0	0
0	0
86	950
1	949
0	2
0	2
0	1
0	2
0	279
13	213
0	178
0	169
0	65
0	48
0	0
3	3
0	0
10	20
6	2
8	39
0	33
9	8
0	8
0	0
0	0
0	15
0	2
0	2
65	648
1	371
1	439
13	395
1	308
4	107
0	44
67	43
0	1207
3	1207
6	303
0	963
38	99
21	111
54	22
21	290
0	382
8	0
0	124
3	198
5	120
0	26
0	8
6	7
23	25
2	6
2	6
76	0
23	0
0	0
1	23
7	18
2	23
0	10538
192	11345
0	10568
86	418
0	950
0	10640
632	582
0	10752
0	11371
1	414
729	2
450	0
0	9545
11	7239
351	0
70	747
451	2
91	102
260	0
1	0
0	0
0	0
0	0
0	0
468	437
1	1082
1	2177
17	2379
0	2326
0	2201
6	3963
0	4062
0	1005
0	2382
16	0
301	3
7	1235
4	95
0	1160
0	1277
117	44
0	1255
0	26
43	993
24	0
1038	775
6	472
0	436
8	820
0	155
59	444
8	398
0	364
3	327
19	561
122	566
3	300
3	47
18	1
12	0
768	58
44	58
1	0
0	0
0	0
2	136
1	102
0	0
0	0
103	0
7	0
10	0
0	137
6	33
4	101
0	0
0	0
15	0
8	0
3	0
0	0
0	0
5	0
0	0
3	0
3	0
1	0
9	0
3	0
8	0
4	0
2	0
0	0
0	145
0	146
2	29
0	145
1	0
0	11
0	95
4	0
2	0
0	42
4	0
0	0
0	0
0	9
3	15
0	64
0	12
0	11
13	0
0	4
5	0
2	59
201	504
6	504
2	165
0	174
0	168
7	3
5	145
0	146
0	43
0	57
0	42
15	0
22	0
439	4
610	3116
81	2991
13	156
339	220
0	127
0	0
1	0
629	755
0	1014
0	1009
4	123
222	99
0	5
0	15
5	0
3	92
0	75
304	24
4	26
0	4
0	1
32	116
323	1862
3	400
8	260
6	1843
23	0
0	0
0	0
0	0
0	0
0	0
10	0
0	0
1	0
38	1293
0	1246
0	0
0	0
3	0
0	0
0	0
0	0
0	0
4	0
0	0
0	0
0	0
0	0
0	0
0	0
0	0
0	0
0	0
0	5
91	4494
0	198
0	0
0	0
5	1
0	48
1233	4391
1	4382
0	0
0	0
0	0
0	0
72	47
0	0
81	92
0	69
24	0
20	42
4	444
0	0
0	0
0	0
0	0
0	0
0	0
0	0
0	0
179	425
0	118
1	345
1	65
53	5
3	65
908	381
9	381
0	273
11	273
6	191
3	36
1	23
14	13
335	0
171	167
3	104
1	113
0	55
10	95
1	54
1114	1246
0	1246
0	1
31	17
3	17
3	218
0	138
0	226
0	226
0	220
4	237
473	1517
13	959
2	424
2	25
0	0
1	141
1	270
60	328
0	333
0	249
8	361
0	309
1	322
2	395
3	170
1	212
4	59
4	133
10	179
3	162
1	99
0	46
37	0
135	12
27	2158
1019	2257
6	113
0	0
0	491
0	0
1	2
0	0
124	1
1	915
3	43
0	158
7	3
0	3
1007	885
0	165
58	720
222	152
0	126
1	37
42	4
0	0
14	325
8	3820
7	360
0	4127
0	3137
5	1327
0	0
0	0
0	0
8	1497
1	568
0	1382
8	1403
0	1315
0	1359
10	100
0	15
0	2
0	61
0	25
0	31
0	81
1	2
0	7
2400	2790
86	2790
259	0
31	242
17	8
11	4
0	3
0	3
142	0
188	921
1	826
1	426
51	1
0	87
3	523
1	526
0	519
0	521
0	505
0	509
7	490
3	3
0	0
0	0
0	0
0	0
0	0
0	0
0	0
0	0
0	8
8	328
0	327
0	0
0	0
137	1120
7	989
7	700
115	77
4	65
0	64
79	25
0	100
6	18
2	477
1	167
0	58
349	61
0	0
3	0
56	11
0	11
21	354
2223	456
11	193
8	198
0	0
0	0
0	6
0	34
3	37
0	34
0	22
1	2
0	0
84	1131
5	788
0	31
1	0
1	2
55	545
1	2
0	0
13	470
7	362
0	45
0	3
1	61
12	0
0	0
1891	568
4	142
0	317
0	242
0	208
1	168
2	0
188	11
0	11
2	18
0	0
0	330
0	327
0	327
15	117
50	154
0	322
0	323
0	321
0	44
6	0
13	6159
284	6150
2	6149
4	6148
0	1532
3	597
0	222
93	247
4	1
0	6
0	13
0	236
0	3
1	0
1	63
3	1
0	0
0	1
0	0
7115	16275
71	13138
19	7338
203	10680
0	609
51	8666
60	0
0	0
5	5258
0	5227
19	2654
2	110
3	91
0	0
0	0
0	78
1	137
0	103
116	42
1	109
42	0
9	0
0	0
0	0
7	664
2	664
64	664
0	84
0	7
13	7
2	0
0	4
2	38
0	45
0	45
0	12
0	11
2	0
0	0
0	0
0	0
0	0
0	0
0	0
0	0
0	0
189	0
56	2934
0	2624
0	2600
0	2653
19	913
0	992
0	998
0	983
7	794
0	2
2	0
0	0
0	2
2	0
0	1
0	1
6	0
0	0
0	0
2260	45
36	37
0	0
0	0
9	0
5	118
3	118
0	64
773	1006
0	904
0	746
4	985
13	301
15	147
26	543
7	193
48	6
3	131
203	158
0	158
10	1
4	1
0	52
7	1953
14	2078
21	598
49	2089
375	2101
0	2138
9	1487
0	0
2012	2316
11	577
0	1520
1	2271
16	134
0	43
0	43
0	8
0	33
0	25
0	290
692	1149
2	564
1	321
6	127
0	1894
208	2062
18	1009
4	573
5	0
0	1280
2	297
42	17
0	121
0	817
6	40
1	0
1	67
2	70
13	0
1	0
0	0
0	168
0	168
0	0
0	0
0	0
0	0
1555	4582
1	1067
507	1025
3	3607
4	1526
7	2153
6	1720
1	848
1	663
9	322
19	197
2	1
0	1
0	0
0	1
1	0
15	0
135	317
0	317
0	0
90	892
0	41
21	785
0	438
3	370
14	347
8	318
0	93
0	0
0	0
57	0
15	0
0	5786
762	6498
26	6601
28	0
63	437
0	155
0	147
0	155
0	147
0	168
0	160
0	62
0	20
0	37
0	33
0	28
0	11
0	0
0	0
6	1646
0	9
4	36
0	128
52	1637
2	25
0	857
0	81
0	6
0	0
2	9
0	70
5	0
21	58
0	56
1	6
0	6
0	6
2	0
1381	1362
3	1362
1	220
12	48
0	0
547	36
29	32
0	3
12	4
32	363
0	348
0	328
6	271
0	0
2	15
0	0
1	0
0	274
3	2283
15	2338
6	605
213	367
0	177
166	107
2	36
140	14
75	0
3	122
179	16
179	0
0	4
133	359
0	346
2	64
2	341
4	314
0	13
4	22
3	19
0	33
6	48
0	21
3	28
19	10
0	50
0	15
12	6
206	10947
0	10947
0	0
42	10911
0	10390
14	3889
0	5894
10	7932
4	1836
3	3638
16	2580
16	0
4	3753
1	0
12	3302
7	0
0	14
0	16
18	27
42	3201
91	2987
53	141
0	30
0	42
0	65
1	41
0	171
0	644
48	2373
1	65
0	46
0	2
0	295
42	0
8	458
0	3108
20	2958
0	2743
1	2744
0	3099
1	3085
1	41
28	4
0	551
1	129
1	143
0	0
0	2
12	17
12	0
18	0
11	587
5	6
0	6
3	311
199	1225
1	1131
17	254
95	1141
0	194
2	922
0	235
0	159
3	0
1	279
10	9
9	0
0	0
19	3808
25	3801
2	1879
22	441
0	3162
0	514
0	81
0	104
31	5
95	144
0	1
9	4
5	57
0	49
0	21
1	13
0	8
0	0
0	5
0	5
0	5
0	5
0	5
0	3
0	3
0	2
0	1
0	2
0	0
0	0
0	0
0	0
0	0
0	0
0	0
0	0
2	128
0	0
0	321
2	0
3	254
5	7
0	194
1	434
23	236
0	11
13	134
11	10
0	164
0	387
0	3
0	124
0	3
1652	446
2	446
101	0
0	88
0	108
0	43
0	76
3	90
15	87
0	103
0	60
0	88
1	84
67	3991
15	643
0	0
0	0
1638	8057
39	5088
24	668
0	0
91	3163
0	275
3	328
17	149
0	149
99	107
0	37
17	1203
2	1164
23	637
7	74
2	147
2	53
0	19
4	426
67	135
4	11
8	116
3	275
2	337
0	228
0	140
1	287
16	39
0	294
2	82
14	72
0	62
0	7
1	7
0	1
0	1
0	0
0	1
0	1
0	1
5	0
1	0
1666	2826
19	2829
0	2902
103	2275
0	2408
3	126
154	905
106	296
1	7
0	11
4	1957
4	150
0	0
2	391
0	167
0	527
10	2001
0	449
0	551
22	274
0	1035
34	192
1	342
5	30
0	437
16	675
5	864
0	1681
3	330
0	292
0	185
10	1688
0	327
16	484
0	505
41	505
0	74
24	4006
240	469
51	804
4	3934
1	2175
0	1
21	321
10	283
1	163
2	141
2650	793
1	155
62	45
6	0
15	0
4	28
21	57
1	560
0	0
0	0
0	0
0	0
0	0
0	0
0	47
0	0
0	0
0	0
0	0
0	0
0	0
36	583
6	583
3	88
4	105
20	0
0	0
0	0
0	0
0	0
0	0
3	0
0	0
0	0
0	0
0	1
0	1
0	1
0	1
0	0
0	0
0	0
0	0
0	0
9	254
1	254
12	1
29	76
6	57
12	0
0	0
0	0
100	0
0	0
0	0
0	0
0	0
0	0
0	0
7	76
2	94
8	63
0	18
0	22
0	22
4	22
0	0
0	0
0	0
0	0
0	0
0	0
0	0
0	0
0	0
0	0
0	0
0	0
0	0
0	0
0	0
0	0
0	0
0	0
0	0
0	0
0	0
0	0
0	0
0	0
0	0
0	0
0	0
0	0
0	0
0	0
0	0
0	0
0	0
0	0
0	0
0	0
0	0
0	0
0	0
0	0
0	0
0	0
0	0
0	0
0	0
0	0
0	0
0	0
0	0
0	0
0	0
0	0
0	0
0	0
0	0
0	0
0	0
0	0
0	0
0	0
0	0
0	0
0	0
0	0
0	0
0	0
0	0
0	0
0	0
0	0
0	0
0	0
0	0
0	0
1	7
0	0
0	0
0	0
0	0
0	0
0	0
0	0
0	0
0	0
0	0
0	0
0	0
0	0
0	0
0	0
0	0
0	0
0	0
0	0
0	0
0	0
0	0
0	0
0	0
0	0
0	0
0	0
0	0
0	0
0	0
0	0
0	0
0	0
0	0
0	0
0	0
0	0
0	0
0	0
0	0
0	0
0	0
0	0
0	0
0	0
0	0
0	0
0	0
0	0
0	0
0	0
0	0
0	0
0	0
0	0
0	0
0	0
0	0
0	0
0	0
0	0
0	0
0	0
0	0
0	0
0	0
2	0
0	0
0	0
0	0
0	0
0	0
0	0
0	0
0	0
0	0
0	0
0	0
0	0
0	0
0	0
0	0
0	0
0	0
72	348
409	348
2	185
1	173
0	0
0	0
0	0
0	0
0	0
0	0
0	0
0	0
0	0
0	0
0	0
0	0
0	0
0	0
0	0
0	0
0	0
0	0
0	0
0	0
0	0
0	0
0	0
0	0
0	0
0	0
0	0
0	0
0	0
2	0
0	0
0	0
0	0
0	0
0	0
0	0
0	0
0	0
0	0
0	0
0	0
0	0
0	0
0	0
0	0
0	0
0	0
0	0
0	0
0	0
0	0
0	0
0	0
3	3
0	0
0	0
0	0
0	0
34	49
131	140
0	21
4	26
1	29
0	0
0	109
15	607
19	607
6	493
1	0
179	140
0	0
1	119
4	202
1	454
2	549
36	261
0	12
247	12
3	3
7	3
0	72
2	85
400	737
0	732
0	0
2	17
0	5
0	5
5	19
0	0
2	15
6	0
0	0
516	60
0	60
1	0
0	0
481	322
120	322
0	89
16	101
1	0
14	9
0	9
0	0
0	0
0	0
0	0
0	0
0	0
0	0
0	0
0	0
0	0
0	0
0	0
0	0
0	1
0	0
0	1
0	1
0	0
0	0
0	0
0	0
0	0
0	1
0	1
0	0
0	0
0	0
0	0
0	0
0	0
0	0
0	0
0	0
0	0
0	0
0	0
0	0
0	0
6	62
0	0
0	0
0	0
0	0
0	0
0	0
0	0
0	0
0	0
0	0
0	0
0	0
0	0
0	0
0	0
0	0
0	0
0	0
0	0
0	0
0	0
0	0
5	6
0	0
0	0
0	0
0	0
0	0
0	0
0	0
0	0
0	0
0	0
0	0
0	0
0	0
0	0
0	0
0	0
0	0
0	0
0	0
0	0
0	0
0	0
0	0
0	0
0	0
0	0
0	0
0	0
0	0
0	0
0	0
0	0
0	0
0	0
0	0
0	0
0	0
0	0
0	0
0	0
0	0
0	0
0	0
0	0
0	0
0	0
0	0
0	0
0	0
0	0
0	0
0	0
0	0
0	0
0	0
0	0
0	0
0	0
0	0
0	2
0	2
0	0
2	0
0	0
0	0
0	0
1147	1464
0	2
0	2
0	0
0	369
0	1430
0	1483
0	1101
0	1316
8	1425
1	260
62	113
0	68
5	181
27	120
4	10
0	0
1	0
0	2
0	2
1	3
0	0
0	0
1254	0
20	0
554	561
9	501
0	136
1	358
0	232
0	232
0	232
0	370
0	335
0	200
0	363
0	141
0	192
0	68
0	47
6	69
0	83
0	81
0	65
0	31
0	38
0	32
0	24
0	44
4	0
0	0
0	439
7	552
0	570
1	553
25	10
20	50
9	39
8	148
5	77
23	0
19	1848
69	1553
0	1449
1	1351
14	892
1	1096
3	562
3	793
2	636
0	223
1	23
1	402
2	362
2	270
79	660
5	474
0	302
3	172
0	377
0	424
0	391
1	108
1	192
0	156
0	216
2	296
0	280
0	201
0	187
1	261
0	92
0	20
0	23
0	0
51	135
2	4
0	23
0	42
124	495
0	494
6	124
1	70
0	70
0	62
10	2090
11	1406
15	1984
18	985
0	373
0	645
692	1313
0	591
1	449
0	53
1	153
0	217
0	634
12	1135
5	636
2	359
132	1470
60	1387
1	313
0	386
0	378
10	245
0	167
0	105
0	61
4	65
815	662
0	47
0	0
0	615
348	781
1	628
7	656
0	392
0	142
909	0
14782	10667
0	0
11	0
0	7616
0	7628
2	0
12	134
4	321
1	8
4	7
10049	15936
0	7447
0	0
0	7871
0	7883
5	322
0	7
621	12896
159	3
0	0
4	452
560	607
486	61
0	0
0	0
0	0
0	0
0	0
0	0
0	0
0	0
0	0
0	0
0	0
0	0
0	0
0	0
0	0
0	0
0	0
0	0
0	0
0	0
0	0
0	0
0	0
0	0
0	0
0	0
0	0
0	0
0	0
0	0
0	0
0	0
0	0
0	0
0	0
0	0
0	0
0	0
0	0
0	0
0	0
0	0
0	0
0	0
0	0
0	0
0	0
0	0
0	0
0	0
0	0
0	0
0	0
0	0
0	0
0	0
0	0
0	0
0	0
0	0
0	0
0	0
0	0
0	0
0	0
0	0
0	0
0	0
0	0
0	0
0	0
0	0
0	0
0	0
0	0
0	0
0	0
0	0
0	0
0	0
0	0
0	0
0	0
0	0
0	0
0	0
0	0
0	0
0	0
0	0
0	0
0	0
0	0
0	0
0	0
0	0
0	0
0	0
0	17
7	17
0	10
0	10
46	15
0	15
0	0
23	20
335	1124
31	28
2	115
69	1123
0	0
2	101
0	99
1	4
0	4
0	0
0	0
0	0
0	0
0	0
0	0
0	0
0	0
0	0
0	0
0	0
0	0
0	0
0	0
0	0
1	23
0	0
0	0
0	0
0	0
0	0
0	251
0	0
0	0
0	0
0	0
0	0
0	0
0	0
0	0
0	0
0	0
0	0
0	0
0	0
0	0
0	0
0	0
2	199
0	99
0	0
0	0
0	0
0	0
0	0
0	0
0	0
0	0
0	1
0	0
0	0
0	0
0	0
0	0
0	0
0	0
0	0
0	0
0	0
0	0
0	0
0	0
0	0
0	0
0	0
0	0
0	0
0	0
0	0
0	0
0	0
0	0
0	0
0	0
0	0
0	0
0	0
0	0
0	0
0	0
0	0
0	0
0	0
0	0
0	0
0	0
0	0
0	0
0	0
0	0
0	0
0	0
0	0
0	0
0	0
0	0
0	0
0	0
0	0
0	0
0	0
0	0
0	0
0	0
0	0
0	0
0	0
0	0
0	0
0	0
0	0
0	0
0	0
0	0
0	0
0	0
0	0
217	2
4688	828
8	422
7	410
0	0
2	0
80	23
0	23
2	1
0	191
0	204
0	58
1	18
0	7
0	0
1	0
7	16
0	16
0	15
0	0
0	0
0	7
0	7
0	7
0	2
0	6
1	0
0	0
11	8
0	8
0	8
0	2
2142	16594
174	1239
5	2278
1	12678
24	4639
18	18
0	3
0	6
13	6
3	2117
0	1494
0	1528
0	2168
0	194
22	1046
0	5
0	114
12	72
2	79
10	5
0	0
169	118
7	59
1	59
0	4
2	4
0	0
0	0
166	1760
2	1739
4	35
100	4
0	4
1	43
0	44
0	1
0	0
0	129
3	144
0	96
0	91
0	5
4	513
1	2407
66	2439
11	17
36	43
43	603
1	30
0	107
87	1578
1	1329
2	1552
7	425
0	297
0	312
0	463
31	344
26	169
0	0
0	6
0	3
0	5
0	0
0	0
1291	8286
185	4290
47	6162
10	2521
39	0
177	56
9	0
47	0
0	668
0	742
22	783
0	750
2	87
0	0
589	0
1389	399
48	15
11	399
27	290
2	0
14	26
1	3559
0	3518
0	2711
16	288
3	304
37	173
0	177
25	1277
0	1172
0	155
0	0
43	903
4	690
0	186
75	0
1	135
0	0
0	0
1	0
109	2
1	0
0	0
0	0
4	0
23	869
1	52
1	861
165	862
37	253
3	117
0	88
3	176
4	2
0	2
1	1
1321	2338
8	2043
5	594
1	297
10	249
14	750
7	83
18	219
1	122
126	17
578	202
0	202
6	1885
15	2095
3	2082
0	0
2	75
32	226
5	11
3	102
1149	2845
2	2216
17	109
4	203
22	49
0	82
15	133
0	69
17	591
5232	25578
109	25307
0	1796
48	1621
138	1117
25	1068
17	953
36	2369
247	867
47	3778
23	1938
15	2761
5	1486
94	235
33	95
3	2
20	0
4	13
0	16
43	8
90	21
0	0
0	0
0	331
14	331
0	0
0	30
0	0
2	7796
106	6820
240	1479
5	7591
94	596
167	1173
4518	0
1474	1966
28	937
31	1889
1	1649
109	738
0	100
0	274
10	274
0	251
8	174
0	237
2	179
2	25
1	2077
2959	2077
78	181
10	1245
8	0
0	78
5	3
0	0
0	0
35	3
0	930
0	3017
0	3033
0	3017
0	1093
2	215
8	8
0	0
0	579
0	2958
6	84
1	512
5	485
0	369
23	499
1	102
2	46
188	29
427	0
1	0
0	0
0	0
0	0
0	0
11	2080
6	1684
0	2035
5	1737
119	4
0	0
11	54
4	713
40	765
15	732
0	648
0	0
29	25
7	23
0	0
0	0
0	0
5	6955
0	881
61	1399
86	6485
0	5946
17	928
19	3
12	40
0	0
0	0
336	838
109	286
30	138
0	0
0	0
0	3
0	3
0	0
849	290
63	288
218	2304
58	2304
0	0
0	1
6184	1198
1	1012
57	186
844	3200
2	2935
25	879
10	219
22	0
3	1
5	1
1210	173
0	49
33	9
2	124
17	46
2	54
0	27
0	29
0	28
0	26
0	25
1	1
0	0
0	1
0	1
0	1
0	1
0	1
0	1
69	9594
0	8216
17	6
0	6
0	0
1	0
1	7
0	99
0	0
0	97
0	0
0	2
1	91
0	7
0	0
0	0
0	0
0	0
0	0
0	0
0	0
0	0
0	0
0	0
20	7
12	22
1	15
1	26
0	1
102	1253
0	1259
0	1260
0	1258
8	739
0	383
0	377
0	381
25	254
0	79
77	241
0	22
1	10
1	49
23	0
44	1
0	0
2	0
2	16
6	187
0	0
0	0
2	162
1	0
106	2581
7	1652
0	1910
13	2296
9	2184
15	493
2	494
0	2260
2	1799
125	1671
32	1705
0	1703
0	1607
0	1040
0	125
53	834
42	0
0	228
0	256
0	109
0	197
0	130
3	0
0	12
0	5
12	5
13	9459
5	7115
0	5006
1	7379
0	2913
0	6817
5	1212
0	292
0	0
0	17
58	52
16	35
4	8222
10	2448
0	2787
72	6107
24	7
19	1747
132	1833
112	0
40	0
37	0
0	0
54	428
0	3
1	428
0	53
11	0
27	0
0	0
0	0
0	0
112	3562
0	0
0	0
1	82
242	82
19	0
2	35
0	0
1328	9343
0	9322
2	9025
18	4556
7	3116
12	2891
0	2429
4338	1792
2	1471
0	842
3	344
0	268
4	673
1503	11923
0	11401
0	140
62	75
0	0
75	111
66	15
3	1862
85	1180
74	925
133	669
100	0
0	0
8	0
0	0
0	0
0	0
0	54
0	53
0	56
1	30
0	7
3	2
0	0
2162	4
0	369
28	64
89	438
0	370
30	124
322	178
2	177
0	38
0	1
0	0
0	0
0	0
0	0
2	2243
0	2157
0	2229
0	251
7	1435
1	0
1318	1142
2	968
8	1003
0	170
34	507
0	507
114	433
0	218
5	65
1	6
89	2037
0	0
2	729
25	374
0	1632
0	1844
15	111
1	169
49	84
5	40
18	1516
4	0
33	0
1	198
3	59
1	315
0	8
0	377
36	8
0	0
0	2785
0	2784
0	2411
1	1609
0	434
2	619
0	266
40	1
7	6
2	8
0	9
0	9
0	2
11	0
163	115
0	71
0	38
1	38
0	0
0	0
0	0
0	11
0	16
0	16
0	4
0	4
0	0
0	0
0	0
0	0
0	0
0	0
0	0
0	0
0	0
0	0
0	0
0	0
0	0
0	0
0	0
0	0
0	0
0	0
0	0
0	0
0	0
0	0
0	0
0	0
0	0
0	0
0	0
0	0
0	0
0	0
0	0
0	0
0	0
0	0
0	0
0	0
0	0
1296	107
14	107
0	0
3	2299
1	1311
3	0
0	2
1	5218
0	5332
169	5209
40	4339
0	5218
2	69
3	69
87	812
1	639
0	99
45	537
0	567
3	575
6	528
17	6
12	144
20	165
0	166
0	164
13	64
0	31
1	13
37	5
0	6
1	30
1	5
270	596
0	593
0	582
0	300
0	119
0	42
24	11
0	52
11	22
1	21
0	56
0	46
3	64
0	63
2	11
0	0
0	0
0	0
0	0
0	6
0	0
0	0
0	0
0	0
22	983
6	184
0	844
0	0
0	13
0	13
2	13
0	6
0	1
0	0
2580	10
53	9
1	9
0	0
1	1
1	0
0	0
0	1
0	0
0	4
0	4
0	4
0	0
0	0
0	0
0	0
2	3
0	0
0	0
0	0
1	1
0	0
0	0
0	0
19	0
3612	5087
8	1689
0	1153
0	3736
5	672
12	1213
3	0
0	0
0	0
0	0
4	74
5	72
1	16
1	47
1	125
186	638
1	43
0	83
0	24
1	402
115	161
0	0
1	5
0	7
0	7
0	7
0	0
0	0
0	0
0	0
0	0
1006	2855
12	67
1	2854
2	405
1	2389
0	0
14	3
4	420
6	0
0	640
0	261
2	876
0	1095
58	1380
32	2
378	103
0	98
33	5
0	2
0	0
0	0
0	2
0	1
1	8
0	0
66	0
352	2045
2	0
0	1127
272	0
0	0
219	2
6	0
147	0
63	920
23	0
0	0
0	0
0	0
0	0
0	0
0	0
0	1
0	0
0	0
0	0
1	0
8	0
0	0
0	0
0	0
0	0
1483	36
1	36
0	0
0	0
142	0
0	0
11	225
3	225
0	3
0	1045
0	18
293	1044
7	931
2	0
0	570
15	570
6	406
7	10
21	54
2	15
119	344
1	378
21	272
1690	593
127	426
96	248
0	217
0	152
384	1041
0	13
27	1463
184	299
1	837
1	518
2	751
54	369
1	7
11	0
5	404
0	183
0	99
0	282
0	37
0	88
1	216
0	242
16	129
27	10
0	0
127	1315
177	1350
1	59
15	0
4	307
755	284
0	284
0	193
680	2
174	2334
139	2334
3014	93
2	91
0	0
0	0
3	339
38	303
0	305
0	0
38	0
9	0
5	0
0	11
3	4
0	0
22	0
0	0
5	0
15	0
0	44
31	52
0	0
0	0
0	0
0	0
0	0
0	31
1	0
85	2740
929	339
0	2231
20	2596
45	68
1	100
3	71
3	77
36	0
15	1010
1	4
0	1
0	0
0	0
13	49
0	60
491	3000
0	1764
35	769
1	2036
499	428
2	325
0	71
0	75
26	984
0	6
0	1
1	8
0	0
0	1
0	7
0	0
0	0
2	714
0	811
0	746
0	781
0	723
0	688
105	0
0	90
148	373
1	36
50	2
0	8
125	645
0	641
0	0
1	155
33	244
3	138
274	2681
99	2545
0	2090
5	10
0	6
0	3
2	4
0	0
0	0
0	0
0	0
0	0
2	0
0	0
0	0
0	0
0	0
1	0
0	0
0	0
5	7
0	0
0	0
0	0
1	2
0	2
0	0
0	0
0	0
179	44
1	44
384	206
0	206
0	82
1	3
331	3028
2	59
65	771
0	240
14	3001
0	0
4	21
0	65
14	60
0	5732
8	6181
50	863
0	365
20	3545
1	2870
0	363
78	302
114	336
0	510
7	1714
17	1754
288	0
0	39
2	1020
0	1038
1	79
2	41
6	0
0	0
11	2728
0	2637
0	342
29	770
109	2021
4	417
1	201
1	139
0	401
1	61
0	279
76	1318
1	161
0	291
3	338
0	978
0	57
0	1
0	1
0	74
0	154
0	0
177	4
0	0
0	0
0	197
786	237
0	0
0	65
0	45
0	0
0	0
0	47
4	48
1	14
9	13
0	0
0	15
0	3
1	1149
22	1075
0	956
2	1045
0	1019
0	196
10	223
0	460
6	133
4	283
1	51
0	34
0	80
271	13
1	13
0	0
22	103
4	103
0	107
1	2
0	14
52	718
0	754
12	125
0	28
2	98
0	707
3	58
0	121
30	214
3	1
0	1
7	1210
16	1227
0	1267
10	1158
1	1138
0	1145
3	1116
0	50
3	56
107	3345
13	3134
1	196
0	277
7	310
8	378
21	1809
178	1638
91	1810
0	51
0	1497
3	341
8111	2846
39	2756
0	671
0	0
0	0
3	508
3	512
0	508
0	407
1	93
0	90
4	151
32	225
0	163
0	135
0	177
0	88
0	0
0	97
5	53
2	42
1	73
0	83
0	47
0	12
119	26
0	11
0	5
0	11
0	13
3	0
693	1825
76	1783
2	1307
1	926
0	92
0	91
30	20
0	20
0	53
41	466
3	58
0	99
21	221
3	196
0	181
5	28
3	127
0	140
361	1953
81	1916
17	592
2	17
161	362
11	278
8	254
7	254
16	333
129	628
2	225
5	270
39	137
3	870
12	940
0	592
0	177
2	66
5	272
0	295
13	245
1	340
2	113
0	106
3	101
0	0
0	0
0	0
0	0
2	2981
0	5745
0	2055
2	340
1	518
11	5475
0	1361
2	745
17	26
0	12
13	11
8	11
0	2
19	6
7	18
0	2
5	2
17	741
1	691
14	74
0	104
1	588
74	739
0	207
0	0
0	598
7	227
5	115
1	17
4	17
9	3183
5	3015
0	768
6	434
0	1571
1	90
4	463
51	80
48	610
19	225
0	329
936	28210
9	26236
71	26254
2	14473
0	11494
124	14474
51	12941
4	10421
14	9227
13	10004
0	8326
3	6564
0	9
1	14
3	14
0	0
0	0
0	0
0	0
0	9
0	9
0	9
0	0
0	0
0	0
0	0
0	0
0	0
0	0
0	0
0	0
0	0
0	0
0	0
0	0
0	75
3	546
8	488
6	628
4	468
3	253
3	173
5	25
0	141
0	100
224	73
0	19
1	60
0	46
2	15
136	295
5	19
3	129
3	64
0	83
1	97
4	29
0	527
25	2199
7	159
576	1744
106	138
0	8
25	501
5	99
11	499
15	500
0	500
0	104
0	167
19	154
1	335
0	0
0	0
156	22
9	11
14	0
0	11
1	10
2	2
0	2
0	1
5	101
0	22
0	109
0	83
0	8
0	9
0	10
4	2
1	2
0	4
0	2
0	2
0	2
0	0
18	1842
1	593
0	2183
8	2119
2	664
0	911
4	731
1	209
12552	1147
0	1145
2	1075
331	0
4	917
0	917
11	995
0	201
10	178
2	0
0	295
0	1
6	65
0	82
0	0
0	7
0	2
0	2
0	24
134	2596
0	2657
6	2572
0	314
30	233
1	42
7	87
316	730
0	33
1	190
15	0
45	251
0	201
0	0
0	0
0	40697
4268	42411
10	12385
0	0
0	0
0	0
101	59
1	59
6	2
0	2
0	0
1	64
0	24
135	64
0	1
0	0
0	0
53	2062
0	2044
9	1970
0	2043
0	1037
6	192
6	331
38	252
7	23
1356	1112
0	619
3	300
0	358
17	81
0	212
4	99
6	36
0	5
0	20
1	20
1	5
0	0
0	6
0	21
0	116
0	102
0	69
1	43
0	47
0	35
8	15
0	2
34	0
53	932
6	933
16	14
300	0
0	1
16	1
566	0
2944	5
2	0
0	7
0	0
0	0
0	372
6	367
5	272
0	283
0	3
0	266
74	801
0	801
622	249
2	169
10	144
51	393
0	393
72	313
5	309
2	62
0	0
44	409
4	409
0	0
1	211
7	171
14	204
63	215
1	38
0	30
0	0
69	68
3	66
4	130
98	130
95	0
1	0
20	714
0	104
3	150
0	86
27	95
1	811
3	277
0	165
23	145
1	119
142	917
0	838
0	90
0	820
13	81
0	129
0	175
19	791
11	6
0	0
0	0
65	0
139	1034
5	1118
49	583
0	484
7	46
5	1
10	2523
0	2235
32	2223
7	4944
13	162
3	4519
0	4397
178	4845
23	0
43	118
0	0
0	327
0	174
0	37
6	138
8	192
6	184
53	160
1	570
0	549
1	512
0	180
0	298
24	96
20	43
26	61
0	11
2	21
0	48
8	18
188	2874
0	2770
0	2692
0	0
1	153
9	185
6	352
3	0
14	1321
0	1326
22	1335
0	63
11	36
0	1
0	113
1	94
1	99
5	0
155	117
0	222
0	128
0	0
5	0
0	216
56	385
5	151
0	86
0	0
50	19
0	5
4	15
2	0
0	0
0	0
0	0
0	16
1	1611
2	16
0	1666
68	1612
7	1163
38	1624
0	206
0	803
7	751
16	990
0	118
0	102
0	994
1	13
1	24
0	1865
0	218
2	0
0	1395
0	1367
78	1242
2	90
3	1214
11	184
3	277
13	226
0	222
1	202
0	33
2	1108
0	32
43	2
0	2
2	0
5	257
65	766
51	685
14	200
2	357
1	121
8	294
4	154
5	163
148	315
2	315
7	283
3	296
0	40
0	1
368	157
10	843
59	3024
135	2550
8	30
0	24
0	133
65	360
0	348
0	115
0	0
266	1370
0	407
1	605
0	1319
0	1063
0	309
1	384
39	128
392	241
10	133
17	27
12	919
2	827
0	261
0	46
0	48
0	66
0	68
0	46
0	10
2	18
0	0
52	952
0	708
0	143
0	1143
293	1621
1	590
3	779
1	169
2	126
85	320
0	147
0	40
174	3
4	96
11	30
0	135
3130	1478
22	1476
17	0
12	1
1	1
44	89
0	89
0	0
0	0
1	380
0	0
0	572
0	576
0	420
0	400
0	425
0	23
2	18
0	1
0	1
617	195
6	158
2	17
5	2
0	0
0	28
0	28
0	28
0	0
0	0
0	0
0	0
0	1
0	0
0	0
493	0
1	7
891	7
54	631
50	665
5	410
7	676
1	550
0	636
0	577
0	604
2	569
9	612
0	596
0	362
0	0
0	0
0	0
0	0
0	0
0	0
0	0
0	0
0	0
0	0
0	0
0	0
74	544
39	921
0	636
169	597
1	535
7	94
1	86
5	29
0	0
1	2
0	0
0	0
297	368
1	147
0	0
1	179
4	106
0	38
21	0
5	0
193	1909
168	1821
4	1474
0	1321
7	633
1	276
0	1183
6	1163
0	1039
8	550
32	117
1	198
90	63
22	121
0	0
0	0
0	0
0	0
1203	0
24	0
0	0
0	0
11	236
75	751
46	207
0	86
4	24
0	484
0	423
0	26
5	425
0	3
5	0
1153	2461
1	2146
0	261
9	113
13	139
42	0
0	0
0	0
1	0
2034	168
82	39
0	66
0	69
0	0
0	0
0	0
0	0
0	0
1	1
0	1
0	0
0	1
0	1
0	0
4	2394
18	1069
253	698
0	1556
0	160
122	1626
0	65
6	1154
0	221
0	0
0	0
2	1
2	1
0	0
1	0
0	0
0	4137
0	2099
0	4103
0	3895
20	478
0	3072
3	497
0	1604
0	1527
0	1794
0	2031
0	2107
0	2218
0	2140
0	2019
0	1912
0	1834
0	2052
0	1945
0	1758
13	442
0	172
47	331
19	132
0	294
7	353
93	213
7	456
0	2028
2	2034
6	183
0	261
1	772
0	719
12	725
31	0
0	89
2	0
0	2
0	2
0	2
0	3
0	2
0	0
647	1020
16	175
0	855
12	155
62	6
1	595
4	160
28	1185
1	1139
0	1160
1	2396
0	1235
0	1329
2	40
7	24
25	27
0	1381
5	1126
0	0
0	1176
0	1285
63	2
0	1432
5	619
2	1290
0	890
135	458
0	0
0	0
1	0
0	0
0	0
0	0
19	0
9	3033
311	266
19	72
17	1818
72	839
90	2714
0	0
35	279
8	117
0	97
3	269
1	36
0	0
38	1683
0	5062
0	4463
6	70
0	1219
1458	158269
322	126288
201	15
262	158286
647	35466
28	7428
0	0
0	0
0	0
0	0
0	0
2	0
0	0
0	0
0	0
1	0
0	0
0	0
0	0
0	0
179	185
76	164
97	83
0	46
0	5
0	12
0	308
1	282
22	37
12	73
0	99
48	202
0	135
4	50
1	37
9	20
6	0
423	695
101	1
1	525
45	385
0	86
0	83
0	89
14	0
1	0
33	0
89	1254
16	613
0	170
3	162
0	51
4	1010
1	37
10	0
0	0
0	0
0	0
10	0
0	7
6	7
6	2396
12	2114
30	182
126	1948
0	548
3	150
97	1777
0	505
0	0
0	0
0	0
0	0
0	0
1	14
300	384
3	103
7	307
0	0
0	11
2	0
10	1647
38	1647
4	14
106	0
58	0
5	0
0	0
0	0
0	0
0	0
0	0
4693	12
2	12
19	0
0	0
0	0
0	0
0	33
3	808
0	315
2	121
0	725
0	716
0	127
0	0
31	1115
0	1108
12	841
2	942
2	747
0	283
0	290
13	70
0	23
7	6
0	7
105	229
2	126
4	26
2	190
0	84
69	2
47	103
0	1382
50	0
1	250
7	342
61	181
10	1282
0	147
1	2
0	2
41	1020
5	0
0	0
687	1047
8	996
3	777
0	1043
0	0
18	77
17	2197
21	2200
44	2177
1	2451
2	530
2	545
0	117
0	248
0	82
0	117
0	35
0	220
1	105
0	225
0	203
0	103
4	76
0	165
1	85
20	17
356	0
0	0
0	0
0	0
0	0
0	0
0	0
0	0
108	1343
0	1343
14	51
14	397
0	95
4	168
16	12
0	0
0	0
0	0
85	457
0	469
15	482
4	496
0	106
13	123
0	6
2	24
0	9
18	6
183	1003
23	243
0	50
2	760
7	158
101	4380
6	4376
0	3409
65	4259
2	642
11	297
0	663
18	0
5	189
7	470
5	666
14	145
7	5
0	5
0	1
0	1
0	1
302	318
1	250
0	0
0	58
0	56
48	0
4	0
7	0
12	10
1	0
0	0
0	0
0	0
0	0
0	0
0	0
0	0
0	0
0	0
0	0
0	0
0	0
6	22
54	3533
22	2774
2456	3750
15	3743
11	2387
0	63
1	0
2	0
154	6
7	0
0	0
0	0
0	0
0	0
0	0
0	0
0	0
0	0
0	0
0	0
0	0
0	0
3	0
2675	0
3	1646
234	25
0	1646
3	714
0	0
0	686
1	675
13	1
3	2
8	2
0	1554
35	333
17295	607
5	502
1	0
0	0
0	0
0	0
0	0
0	0
0	0
0	0
0	0
0	0
0	0
0	0
0	0
0	0
0	0
0	0
1	0
0	0
1	4
74	0
3	0
0	0
0	45
0	46
0	38
0	38
0	29
2	19
1	0
7	1
0	0
0	0
1	2
0	0
0	0
1	140
35	196
3	85
1	111
2	125
683	2076
93	2077
0	506
4	1087
13	1
93	0
0	0
0	0
0	0
0	0
5	2
0	0
1	2
0	0
0	0
0	0
0	0
0	0
0	0
20	239
13	239
0	210
190	67
7	1255
6	27
0	46
0	1239
1	293
2	27
0	319
3	273
356	227
1	0
3	223
3	11
0	42
0	1
0	0
0	0
0	0
0	190
3	189
0	47
0	45
0	0
1	0
0	15
0	1
5	14
0	14
0	2
0	14
5	28
0	28
0	0
2	0
3	34
0	6
3	27
3	5
0	3
5	10
0	7
0	7
0	2
21	566
28	501
56	198
1	0
0	1229
8	1183
3	884
0	15
2	0
69	0
8	243
0	0
0	0
0	1
0	10
0	2
0	2
0	4
0	8
0	6
4	157
0	2
0	2
0	2
0	2
0	0
6	1
0	1
0	0
0	0
1	20
0	5
0	15
0	0
0	0
0	0
8	0
0	0
0	0
0	0
1	0
0	0
0	0
0	0
0	0
0	0
15	305
0	552
7	535
5	518
2	8
0	390
0	0
0	24
0	10
6	816
27	873
0	898
18	858
8	719
1	82
2	119
1	40
0	261
7	402
26	299
0	225
12	24
2	15
0	15
0	6
0	7
1	7
0	7
0	0
41	0
0	105
49	155
4	87
61	163
0	43
0	9
0	38
0	33
0	33
4	78
0	22
0	10
0	49
0	6
420	2888
17	2498
2	846
0	144
0	278
21	8
0	54
0	35
0	25
121	300
0	132
114	298
21	38
2	189
0	30
0	4
4	111
0	71
109	12
0	12
0	0
0	0
0	0
0	0
0	0
0	0
0	0
1	0
0	0
0	5
0	5
0	5
0	5
0	5
0	5
0	0
0	5
0	3
0	2
0	2
0	1
0	0
0	0
0	1
0	1
0	0
0	0
0	0
0	0
0	0
0	0
0	0
0	0
0	0
0	0
0	0
0	0
0	0
0	0
0	0
0	0
0	0
0	0
0	0
0	0
0	0
0	0
0	0
0	0
0	0
0	0
0	0
0	0
0	0
0	0
0	0
0	0
0	0
0	0
0	0
0	0
0	0
0	0
0	0
0	0
0	0
0	0
0	0
0	0
0	0
0	0
0	0
0	0
0	0
0	0
0	0
0	0
0	0
0	0
0	0
0	0
0	0
0	0
0	0
0	0
0	0
0	0
0	0
0	0
0	0
0	0
0	3
0	3
0	1
0	0
11	1
0	1
0	0
0	42
28	44
0	1
0	119
44	253
36	322
6	347
1	327
1	143
6	98
2	120
2	0
0	0
0	0
0	0
0	0
609	215
0	121
4	128
71	70
2	56
0	29
2	28
0	57
0	4
44	2168
7	319
0	483
0	467
7	1900
62	430
0	1703
0	443
40	657
51	799
0	395
5	303
3	353
2	309
0	353
1	134
3	164
39	21
0	144
0	63
32	2
32	2390
0	1508
3	502
9	769
0	1779
13	120
1	782
0	1535
28	875
2	201
12	1296
7	77
5	0
0	0
0	0
0	0
0	0
0	0
0	0
0	3446
93	3644
16	2464
2	287
0	872
5	1084
40	1127
1	48
1	1179
8	534
11	1
0	1335
3641	1354
14	1483
5	1483
249	1483
2	3
5525	0
1	11
0	11
0	11
0	0
0	0
0	0
33	311
1	27
2	293
0	22
0	18
0	2605
0	171
17	2764
11	628
2	269
13	171
10	1248
0	118
10	75
39	697
58	714
0	749
22	663
0	263
15	78
4	151
1	20
125	1393
16	1323
97	1043
33	246
43	24
17	117
0	0
0	199
1	141
0	45
382	308
61	224
0	58
0	4
1	29
2	18
0	19
0	59
56	4855
252	4855
198	4855
1	1548
0	877
38	857
0	0
46	1284
0	1143
22	1071
0	1314
0	1012
30	392
6	1022
5	132
0	150
76	38
0	124
0	14
0	20
0	10
26	164
3	164
245	1570
18	821
11	1567
1	542
11	232
0	683
0	673
56	781
0	10
10	2
0	0
3	2570
0	2641
0	257
106	35
25	2267
5	146
30	133
17	1106
12	436
0	159
43	1511
9	1600
19	1365
18	677
13	1541
0	1247
1	354
1	174
0	457
0	91
0	305
0	380
1	46
323	7830
505	8060
9	848
53	2153
13	1915
1	29
0	29
4	30
1	31
0	0
0	0
0	378
2	103
0	348
0	28
43	242
18	225
0	18
0	71
15	61
22	69
0	41
1	152
2	142
0	168
27	89
3	130
0	48
15	26
166	3589
56	3589
9	177
1	334
9	311
1	132
15	277
11	280
8	345
2	1
0	1
2	349
1	1461
5	803
0	0
9	8148
704	8746
14	1344
0	6292
19	2917
0	2
93	975
3	1021
0	610
0	823
20	625
6	72
8	20
0	77
2	78
0	60
1	77
0	639
1	622
0	506
0	622
0	616
38	402
2	592
0	27
0	103
1	119
0	0
0	121
1	216
0	191
0	136
0	139
0	57
1	100
0	99
0	43
0	103
0	84
0	11
0	33
0	2
0	141
0	127
3	141
0	142
0	137
11	120
0	111
1	111
0	109
1	4
0	13
0	14
772	10635
36	2115
26	2578
1	8171
12	8171
0	22
14	2330
13	2051
0	1896
0	1590
2	885
1	1591
0	350
5	663
185	973
0	0
22	1
16	370
1	1
51	0
18	0
25	244
0	634
4	77
25	70
1	150
2	398
1	172
138	4607
1	1345
44	4440
11	971
2	909
18	1183
3	4092
5	374
17	763
395	465
18	296
0	86
0	88
3	3
2	296
0	167
1	38
0	1596
0	1275
0	1602
0	1251
2	988
235	1067
3	543
3	179
1	535
32	0
14	47
4387	681
39	673
0	262
0	0
0	0
511	105
232332	277
0	2
0	1
0	1
0	0
3	374
1384	1119
0	1083
0	1046
39	286
0	0
0	0
0	0
0	24
1	39
3	24
0	26
0	24
0	24
0	45
0	23
0	14
1	22
0	14
0	0
0	3
0	11
0	0
0	1
1	15
0	17
1	1545
91	1546
25	1570
4	822
6	738
0	140
337	31
7	40
131	0
0	0
271	71
0	71
0	0
0	0
0	0
0	0
0	0
0	0
0	0
0	0
0	0
0	0
0	0
0	0
0	0
0	0
0	0
0	0
0	0
0	0
0	0
0	0
0	0
0	0
0	0
32	0
70	0
0	0
0	0
0	0
0	0
0	0
0	10
0	0
2	11
0	11
3	3362
0	1
1	4170
172	13804
0	12241
4	1370
0	0
0	36
2	0
16	168
1	176
3	177
3	158
0	168
0	27
31	78
0	90
0	66
0	37
0	14
1	28
0	42
0	9
0	20
1	27
2	13
8	1069
0	1259
0	1201
7	1408
60	385
0	1257
73	164
22	1152
0	476
0	111
0	129
5	480
0	0
0	0
0	0
0	8
0	8
0	7
0	8
0	8
0	8
0	8
0	8
0	7
0	7
0	7
0	7
1	0
0	7
0	8
0	2
0	4
0	5
0	4
0	4
0	4
0	4
0	4
0	5
0	5
0	3
0	3
0	654
64	790
0	776
47	17
0	778
1	135
8	12
0	0
0	0
30	1012
1	371
0	477
3	656
1	265
3	256
0	0
2	237
0	0
0	0
0	0
2	168
0	135
5	167
0	167
0	167
0	61
0	17
0	3
0	1
0	0
0	1
2	0
0	0
0	0
0	0
0	0
0	0
0	0
0	0
0	0
0	0
0	0
0	0
1	10
0	0
0	0
0	0
0	8
0	9
0	6
0	2
0	4
0	3
355	191
1	191
0	0
2	0
1	101
0	18
0	75
0	95
0	77
0	75
0	84
47	11
0	68
0	77
0	11
0	7
0	16
1	21
0	19
228	7133
12	1772
0	1064
0	2051
18	4978
26	1697
0	9
7	534
4	282
23	539
0	246
0	525
0	249
2	296
0	165
1	2
0	25
0	72
0	85
4	62
0	73
0	1
0	0
0	0
2	0
1195	1214
2	1154
12	0
6	0
4	0
0	0
0	0
5217	70
14	0
6	0
0	0
1	0
221	4
0	0
0	0
27	0
0	0
0	0
10	632
37	632
0	116
7	149
22	156
4	0
17	1477
1	594
9	1210
6	389
3	1395
68	38
0	38
2	0
81	3333
1	3507
1	3419
46	185
11	476
5	698
2	80
2	0
0	153
0	17
33	1109
0	177
33	1097
4	40
11	108
0	181
20	102
0	0
0	63
0	3
0	11
0	0
60	0
0	0
0	2
0	2
0	0
0	0
0	0
0	41
11	60
0	17
0	4
0	0
0	0
0	0
0	0
0	658
23	1376
1	1371
4	33
1	144
0	158
0	12
0	0
0	0
0	0
90	6
0	0
49	1352
5	1030
1	1200
5	115
13	81
11	170
0	67
13	225
0	1
0	2
0	3527
15	2
0	3526
2	3454
1	645
15	850
2	2220
1	109
0	33
2	427
0	789
0	0
0	0
0	0
0	0
0	0
0	0
0	0
0	0
0	0
0	0
0	0
0	0
0	0
0	0
82	993
0	0
2	449
0	0
5	692
4	302
0	582
0	278
0	0
2	0
405	8416
195	8416
80	538
8	675
1	461
0	73
3	53
1	0
141	2883
4	954
200	1794
11	2767
0	374
0	93
87	40
6	46
49	59
0	299
73	20
0	0
523	2
187	10668
5	10243
0	10435
5	10355
10	908
0	632
55	1120
628	1740
194	2026
5	572
73	1622
0	0
0	0
0	0
0	1
0	1
4	0
0	1
0	30
221	32
0	0
2	0
2	0
0	0
2	0
0	0
0	0
0	0
0	0
626	28
98	122
4	550
2	82
1	5
15	148
4	94
5	3
88	397
4450	1079
22	1067
2	293
0	0
6	222
7	0
0	0
0	0
0	0
3	265
19	422
1	412
40	205
5	390
20	1
19	54
43	218
0	218
0	0
0	0
0	0
0	0
0	0
0	86
0	0
3796	1196
18	230
162	0
13	876
0	0
6	56
7	4
0	72
8	2302
0	43
2	63
154	738
0	2286
0	15
0	113
17	1314
21	1763
0	391
225	150
5	82
23	0
8	91
0	0
0	0
0	0
7	533
0	113
5	533
126	550
41	0
0	52
2	42
30	500
20	87
7	36
2	127
0	89
9	100
228	97
1	1921
12	1903
1	9
62	587
0	64
0	1952
2	121
0	227
265	1430
0	1827
9	17
7	56
0	30
8	144
4	97
3	24
16	49
0	189
41	246
3	91
5	3
1	7
6	22
0	18
0	17
7	535
29	1781
0	1767
0	1554
1	1543
0	995
0	1027
0	1537
0	967
0	161
124	1304
6	1297
0	464
34	1593
96	1571
27	1404
1	340
0	0
2	355
2	476
10	1
54	476
0	1
0	343
1	312
0	0
1	0
0	0
0	0
0	0
0	0
0	0
98	2494
0	426
0	54
14	728
32	686
9	134
9	2372
13	100
3	58
0	48
0	261
0	83
0	169
0	394
1	326
0	0
0	0
0	0
13	0
8	0
0	0
0	0
84	914
80	914
13	10
0	8
0	8
0	5
0	5
0	6
0	6
0	2
0	0
0	0
1	0
0	0
0	0
0	0
10	20
0	19
0	11
0	12
0	0
0	0
0	0
0	0
1	1
0	1
0	3
0	3
0	0
0	0
7	2
1	0
0	0
0	0
0	1
3	53
0	0
0	0
0	0
3	0
2	19
0	0
1	0
0	0
0	0
0	0
0	0
1	0
0	0
3	0
13	72
0	214
0	214
0	554
6	527
3	534
16	205
2	556
0	0
1	16
17	46
0	54
1	315
7	41
0	39
6	10
27	0
0	0
1	0
2	0
619	9
8	9
1	1521
0	1481
0	604
0	646
0	568
0	604
0	563
0	483
0	222
7	361
0	45
7	25
13	21
30	63
0	19
0	3
5	581
2	389
9	247
0	82
200	0
85	1678
42	1746
4	202
2	456
1	137
12	182
0	609
11	585
3	204
0	0
303	2811
2	2778
122	49
0	81
0	50
0	3
3	3
167	0
1	30
1	6
1	7
234	7
0	17
3	52
0	0
1	0
5	3
0	0
0	6
1	148
2	115
415	1599
0	1539
0	1088
2	653
26	560
2	461
0	453
0	0
0	0
214	431
0	431
26	29
1	1
1	0
3	0
0	3
0	0
90	480
12	460
5	80
0	73
0	90
9	57
1	104
0	0
0	0
2	1
0	0
0	33
0	0
0	0
164	0
1	1
0	0
0	0
1	0
37	23
0	0
0	0
0	0
0	0
0	0
0	0
0	0
0	0
1	32
0	0
0	0
0	0
0	0
0	0
0	0
0	0
0	0
0	0
0	0
0	0
1	0
0	0
0	0
4	0
0	0
1	0
0	0
0	0
1	0
0	0
2111	452
0	213
505	0
102	2
355	2
151	239
0	0
351	1720
1578	1837
0	734
1	236
0	0
0	0
0	0
0	0
0	0
0	0
0	0
0	0
0	0
0	0
0	0
28	40
0	14
0	31
0	1
2	0
2	0
6	0
12	0
1	0
0	0
0	0
8	0
7	0
11	0
12	0
11	0
21	0
6	0
0	1
0	0
0	0
0	0
0	0
163	408
1	406
29	3354
27	3354
18	267
81	266
23	71
2	70
2	163
0	0
1	125
1	0
0	12
0	33
0	4
0	27
0	29
2	0
0	0
0	0
0	0
0	0
0	0
0	0
0	0
47	0
0	0
0	0
0	0
5	0
2	0
2	0
51	5
2	5
0	0
1	0
1	0
1721	0
1	4
1	4
0	0
0	0
0	0
0	0
568	27723
0	27311
1	3765
9	1563
1	2414
0	1122
0	1853
22	0
8	0
10716	2721
0	0
0	1724
4	991
546	0
27	0
35	0
7	1395
16	1105
8	1361
5	1040
23	3
15	311
14	386
21	262
27	364
5	501
0	43
125	247
3	492
21	265
6	265
0	170
1	83
1	82
0	22
11	49
23	8
5	1371
6	1371
0	67
120	1387
1	404
0	1370
14	1371
0	2307
537	2536
0	2443
0	2315
325	1983
1	600
0	122
463	317
10	54
0	0
22	0
0	0
0	0
0	0
0	0
0	0
0	0
12	161
0	0
0	0
0	0
0	0
0	36
135	753
35	752
0	0
114	158
62	1805
0	1806
1	216
1	122
8	1478
0	0
19	22
102	22
1	33
73	18
0	0
0	1
0	1
0	1
0	0
0	1
0	1
2	0
0	0
16	0
1	0
2	0
0	0
0	0
0	4
2	4
0	0
1	0
0	0
0	0
0	0
31	0
0	1
0	1
0	2
0	2
0	2
2	1344
1	1470
0	722
5	321
95	732
318	852
13	107
8	64
0	45
0	0
0	3
1	3
0	0
39	4716
2	4716
43	2696
59	19
5	361
0	0
0	0
12	3050
6	200
2	31
8	100
0	67
0	0
9	195
0	5
4	2202
0	11
0	0
0	0
0	0
1	0
4	0
20	3080
0	3030
22	80
0	2263
21	2039
102	57
150	80
0	0
3	1830
5	2238
0	3151
0	0
0	1783
0	1421
11	2812
0	2384
0	1436
0	200
0	68
10	0
0	145
6	198
1	0
16	0
2	16
2	17
0	2
1	13
1	14
0	3
0	2
0	9
9	9
0	0
0	653
16	732
1	120
0	52
0	114
0	70
0	0
211	3878
103	251
1	743
3	199
2	2708
0	0
11	95
0	88
6	1481
14583	223
25	938
18	219
293	1914
0	1544
0	1221
5	216
0	1400
47	1440
0	0
0	45
2	44
24	42
0	32
0	2
0	2
0	0
0	0
0	0
4	838
5	836
0	772
0	836
6	825
0	655
80	186
54	0
12	100
0	0
149	2
41	1524
37	47
410	2734
2	1478
4	568
0	472
0	285
0	419
0	634
15	2956
20	2763
30	2794
41	2733
1	356
0	275
0	2221
21	24
0	315
0	0
0	0
7	0
0	1
0	1
0	0
0	13
15	60
0	65
0	46
0	7
9955	0
1	0
0	2
0	2
0	2
0	2
0	0
0	0
547	1476
3	1297
0	14
1	49
2	134
5	149
0	0
0	0
0	0
0	0
1	4
4	497
889	1077
7	275
24	220
2	536
688	252
114	252
35	79
0	0
21	954
4	954
0	0
2	0
26	148
28	171
0	77
0	39
7	5
0	0
36	1894
195	2064
5	477
13	193
12	165
97	52
0	8
0	27
2	5
0	17
4	4
0	0
0	0
323	43
0	43
9	0
6	0
0	4
0	6
0	13
0	5
0	4
0	0
0	0
0	0
0	0
0	4
0	0
0	0
0	5
1	1
0	68
784	68
1	7
0	37
1	609
13	14
2	217
17	585
0	402
2	0
0	0
1	160
135	1013
0	5
0	0
159	0
3	1008
0	2
0	0
0	0
0	0
0	0
0	0
7	1
0	0
0	0
0	0
0	1
0	0
0	0
0	0
0	0
0	0
0	0
0	0
0	0
0	0
0	0
0	0
0	0
0	0
0	0
0	0
0	0
2	57
0	18
0	39
0	0
0	0
0	19
0	19
0	0
0	0
0	0
0	0
0	0
2	0
6	10
5	6
0	0
0	0
0	0
237	544
28	492
22	491
14	445
0	0
2	103
5	5
0	0
1	0
282	25
0	25
287	1580
0	1580
106	0
0	0
0	0
1	32
0	34
0	32
0	34
0	0
0	24
0	0
1	0
0	0
0	0
0	0
0	0
0	0
0	0
0	0
0	0
0	0
0	0
0	0
0	0
0	0
0	0
0	0
0	0
0	0
0	0
0	0
0	0
0	0
0	0
0	0
0	0
0	0
84	1703
0	2
0	0
0	0
0	0
0	7
1	1
0	0
33	26
0	0
0	14
7	2
711	1560
0	1134
0	0
1	14
2936	850
3	333
0	4
0	0
7	1
0	0
0	3
2	2
66	714
1	17
105	401
0	0
0	16
0	0
0	0
0	0
3	139
0	0
0	0
0	0
0	0
0	0
222	244
0	0
85	362
1	115
0	0
0	0
0	0
0	3
0	0
0	0
0	0
794	25
379	244
0	0
0	361
46	14
0	0
27	0
0	0
0	0
2	2
0	0
403	1949
32	359
0	0
0	0
0	0
0	3
0	0
0	0
0	0
43	2907
24	2633
63	891
0	0
0	0
0	0
0	155
0	0
0	0
0	0
54	2778
32	2504
0	0
0	891
0	0
3	0
0	0
16	155
0	0
0	0
16	4
0	0
329	1948
13	349
0	0
0	0
0	0
0	0
0	7
0	0
3813	11
0	0
3	0
0	0
0	0
0	0
0	0
0	0
0	0
0	0
0	0
0	0
0	0
0	0
0	0
0	0
0	0
75	106
0	104
27	1251
0	1207
1	109
0	93
0	56
2	56
1	34
4	4
18	248
0	248
0	245
1	39
735	350
3	315
10	35
1498	154
1	154
6	78
0	75
0	74
0	0
0	0
0	0
0	0
563	809
26	809
1	0
0	0
0	0
0	0
362	621
97	621
4	316
21	316
1361	102
1	99
273	18
2	39
18	88
34	3
31	5378
106	5899
1	919
165	98
1	0
510	228
226	228
0	2386
24	2193
0	2296
97	1850
1	146
341	1359
49	3
87	413
29	359
0	75
0	0
60	257
34	218
100	87
4	57
86	594
1914	594
12	0
0	230
0	236
1	52
5	38
7	0
0	0
0	0
2	4884
0	4995
171	4973
161	0
0	168
0	0
0	106
0	122
1	34
0	61
0	77
0	79
0	121
0	121
0	123
0	87
0	33
0	19
0	0
1	1
0	0
7	0
1	43
0	31
0	2
0	1
0	0
0	0
0	0
1634	1789
39	70
1	73
20	1735
0	560
1	0
733	0
3	2108
55	2072
15	308
313	213
20	0
0	0
2302	13
0	0
0	7
0	0
1	0
0	7
1	0
0	0
0	0
0	0
0	0
1	0
0	0
4	0
10	0
2056	2
0	0
30	99
0	1
0	1
0	0
0	0
2	357
37	357
1	0
0	0
0	0
0	0
0	3
0	3
0	3
0	0
0	1
0	0
0	0
0	0
0	0
0	0
0	0
0	4
0	4
0	0
0	4
0	4
1	6
0	1
0	1
0	1
0	5
0	0
0	0
1	0
0	0
0	4773
145	4831
0	4759
0	252
1	643
261	1695
16	1695
0	696
7	0
0	0
2	0
0	0
508	3019
76	3016
1	925
1	122
1	163
24	0
1	0
1	0
4	0
71	0
23	2711
60	2877
13	860
0	0
13	0
0	143
0	339
18	60
1	36
2	67
1	23
0	31
12	0
18	23
2	9
2	9
0	2
0	0
0	1
0	0
0	0
0	0
0	0
3	15
0	0
0	27
0	1016
1	846
0	983
3	922
0	968
0	72
0	27
0	50
0	41
0	638
0	0
0	0
1	445
0	133
24	564
31	52
0	465
0	6
1	109
5	78
7	60
4	2
0	58
19	49
0	1
0	1
8	54
0	7
0	28
24	43
0	36
0	15
4	0
5	13
0	6
31	6
17	1260
290	1265
14	1562
8	1934
1029	1934
18	1036
0	0
2	0
71	368
1	0
22	0
65	0
0	404
70	111
8	35
2	1165
0	1045
1	947
0	1361
9	1114
0	306
4	371
51	125
0	1233
0	454
0	1012
0	9
1	636
4	237
3	283
491	493
26	35
0	429
35	389
13	0
2	10
1	23
20	22
10	0
1246	188
0	90
27	96
412	221
9	126
0	28
1	143
0	4
31	4
70	2651
0	2321
0	2445
56	2043
27	2434
1	2419
2	2079
8	150
33	411
1	133
211	1
37	52
0	0
0	52
0	28
865	499
2	375
0	124
2	0
530	0
630	1329
1	741
27	448
1	986
17	88
3373	396
0	0
10	144
1	219
25	0
11	13
43	0
7	2
44	15
55	14
58	12
0	0
0	0
155	6
384	817
6	109
12	268
2	170
0	189
22	105
0	88
0	709
14	86
4	38
0	76
1	0
262	0
263	108
0	108
10	16
8	0
0	0
0	0
0	0
0	0
0	0
0	0
0	0
0	0
0	0
0	0
0	0
0	0
0	0
0	0
1	0
0	0
0	0
0	1
0	1
0	0
0	0
0	0
0	0
2	42
5	54
708	45
0	0
1	12
0	0
0	0
0	0
1	373
1	107
4131	1054
4	387
1	534
15	707
1	691
5	1
2	199
0	1
0	1
155	1515
150	1464
160	208
2	211
0	1494
0	180
5	18
0	6
25	6
0	79
0	173
1	13
0	61
2	121
0	998
62	1085
1	114
3	157
147	162
1	41
1	100
1	90
10	77
11	98
0	21
2825	5520
159	4185
3	0
5	3909
0	513
0	0
8	179
76	227
88	0
0	1
0	0
0	1
0	0
0	0
23	35
1	35
0	18
0	0
19	0
0	0
0	0
261	383
0	383
28	0
0	0
0	0
0	0
0	0
0	0
2	0
0	0
0	0
0	0
0	0
0	0
0	0
0	0
0	0
0	0
0	0
0	0
0	0
0	0
0	0
0	0
0	0
0	0
0	0
12	10
0	11
0	9
0	10
0	10
1	0
4	0
1	0
0	0
4	59
0	0
0	0
0	0
0	0
0	0
0	0
0	0
0	0
0	57
0	51
0	10
1	50
0	21
16	228
54	50
25	228
0	32
9	23
48	0
27	492
2	546
1	509
0	541
1141	115
4	117
2	50
1	40
0	154
10	90
0	115
5	148
0	30
0	0
0	0
0	0
0	0
0	0
0	0
0	0
0	0
0	0
0	0
0	0
0	0
461	803
0	807
0	556
0	557
0	732
0	742
0	364
0	558
0	629
0	359
0	372
0	366
0	255
0	175
0	435
0	205
0	235
0	50
0	15
0	2
0	11
0	188
3	251
0	407
1	86
1	98
0	38
0	71
0	187
0	109
304	377
0	184
51	36
0	1
0	0
0	0
0	0
0	0
4	102
250	1561
37	1566
9	1323
32	329
13	99
76	99
0	26
0	125
44	1058
0	544
895	1144
3452	0
485	111
0	111
0	433
4821	1629
0	1619
72	15
0	0
0	0
9	1030
10	1030
15	29
12	0
1	1031
0	148
1	0
0	284
14	983
0	1010
7	897
0	463
11	144
1	36
0	14
0	144
15	11
69	340
2	59
3	185
0	187
0	0
1	9
2	0
290	4
0	0
0	0
0	0
1	0
1	872
7	1222
7	817
8	508
1	548
11	344
13	786
17	316
10	257
1	51
12	1133
16	0
0	0
2032	2
2	0
47	4614
10	128
0	4614
24	4041
0	289
0	0
0	0
0	0
0	0
0	0
3	0
0	0
0	0
0	0
0	1
0	0
3	0
0	0
11	0
1082	0
2745	1872
0	221
13	1660
27	137
140	23
3	0
2	0
2	0
0	0
0	0
1	1
0	0
0	0
0	0
0	0
0	0
0	0
0	0
2	0
2	1953
1	1954
65	1954
51	2
0	0
0	0
1769	202
65	1
2	199
7	90
14	0
1235	833
0	833
9	55
0	0
2	2
0	2
0	0
1	0
0	0
0	0
0	0
0	0
1359	23
3	23
0	0
0	0
0	153
517	664
44	173
135	664
0	0
0	0
0	0
0	0
1	0
0	0
0	225
0	225
0	0
0	0
0	0
3	120
25	126
0	36
0	95
2	52
7	920
11	887
22	899
30	63
3	39
17	305
3	288
47	277
8	19
0	0
37	0
0	0
0	0
0	0
0	0
0	0
0	0
0	0
0	0
0	0
0	0
0	0
0	0
0	0
0	1
0	1
0	0
0	0
0	0
0	0
0	0
0	0
0	0
6	1290
1	1177
7	666
27	679
0	0
0	0
0	0
0	0
0	0
0	0
0	0
5	174
197	177
0	54
0	25
25	3
0	0
0	0
37	6
1	6
58	32
0	0
100	32
79	0
556	727
0	503
52	261
0	719
3	24
1	2136
0	2045
55	2017
4	1844
155	1685
16	322
25	455
0	0
0	126
36	390
0	57
1	44
211	779
1730	977
5	716
5	703
3	692
0	208
76	251
6	978
22	1050
0	416
38	637
0	258
6	5
0	0
0	0
0	0
0	0
0	0
0	0
0	0
0	0
0	0
2	0
2	213
0	329
3	0
0	327
2	178
17	58
248	58
0	8792
0	4567
0	8636
102	4278
103	73
10	286
23	324
2	190
14	155
9	1
7	1
1	258
7	74
2	0
69	312
0	4082
0	0
9	197
7	1
0	1
7	4
0	4
111	1295
7	342
139	4442
0	4535
656	7183
53	6081
12	1170
16	1830
0	126
1848	12
28	4
0	0
3	343
0	0
0	0
0	0
9	31
0	0
0	0
0	0
0	0
0	0
0	0
0	0
0	0
0	0
0	0
0	0
0	0
0	0
0	0
0	0
0	0
0	0
0	0
0	0
0	0
0	0
0	0
0	0
0	0
0	0
0	0
0	0
0	0
0	0
0	0
0	0
0	0
0	0
0	0
0	0
0	0
42	0
499	41165
13	40956
0	41165
0	38977
4	0
1	523
24	2
6	0
0	0
5	13
0	1
0	13
0	1
0	1
43	0
0	0
0	0
0	0
6	0
0	44
581	44
3	325
0	313
0	258
8	852
2	831
5	497
0	837
1	63
3	15
0	9
12	11
1	10
1	0
0	0
0	2187
171	368
0	489
0	2178
0	390
1	1988
0	2020
0	0
0	0
0	0
0	0
0	0
13	148
0	177
0	2304
27	2
0	47
8	773
0	29
0	399
0	2205
2	29
0	1058
0	31
413	20
1	212
0	19
3	1967
0	32
0	4
4	0
126	2
0	1987
19	269
0	140
0	118
7	110
0	78
208	0
200	0
15	36
31	1397
13	0
0	0
876	1478
200	491
12	1362
2	873
41	0
0	0
0	0
0	0
52	24
0	25
1	23
123	1457
3	738
28	1389
5	226
4	298
2	369
7	11
34	2
23	170
4	290
4	253
7	199
0	91
0	56
19	90
0	4
2	2
0	8
0	4
0	0
0	8
0	1612
40	1612
0	1611
3	1548
0	96
0	209
0	255
0	158
8	129
0	0
2	134
4	0
2	0
10	1089
6	287
3	215
8	477
0	1089
1251	1797
7	1797
4	788
0	0
0	86
0	0
0	0
0	0
0	0
0	0
1	0
0	0
0	0
0	0
0	0
0	0
165	1403
69	288
0	9
15	1
0	136
1	76
0	0
5	1348
2	61
0	810
4	9
0	57
0	219
7	59
0	206
0	3
0	25
0	63
0	0
0	13
2	27
5	561
0	561
43	493
1	337
0	0
0	0
0	47
0	7
12	6
1123	1510
17	1384
13	278
0	299
9	25
41	25
22	807
0	109
2	693
0	244
3	121
3	75
0	0
0	0
0	47
4	27
42	70
3	120
389	10
1	0
0	0
36	18
0	6
1	14
0	12
0	0
1	0
2	0
0	4
0	0
2	986
6	920
3	396
0	467
3	324
0	306
3	23
57	0
100	0
4	5
0	0
96	2633
9	2024
6	2677
38	328
17	107
0	367
12	740
0	80
10	125
4	463
0	0
0	0
0	0
0	191
0	365
68	367
0	184
43	5
4	5
33	1159
45	1159
12	110
16	0
0	0
0	0
0	0
0	0
0	0
0	0
0	0
1336	29
1	0
0	0
135	29
0	0
0	0
0	74
1	197
0	184
3	193
3	51
2	47
0	28
42	1166
29	1186
1	0
1	311
3	202
0	17
0	33
1	35
0	0
8	57
0	0
0	0
1	0
0	0
0	0
0	0
0	0
0	0
0	0
0	0
0	0
0	0
0	0
0	0
0	0
0	0
3	0
0	0
0	0
0	0
4	0
0	0
0	0
0	0
0	0
0	0
0	0
0	0
1	0
0	0
2	2
13	2
0	0
0	0
0	0
0	0
0	0
0	0
0	0
0	0
0	0
0	0
34	323
0	0
4	12
0	0
0	0
0	0
0	0
0	0
0	0
0	0
0	0
0	0
0	514
57	568
67	433
225	83
1	0
0	49
0	49
0	47
30	51
0	2
0	0
174	58
0	34
0	47
39	0
3586	10
0	0
2	21
0	0
1	21
0	21
0	20
0	0
0	8
0	8
0	7
0	1
0	7
0	0
0	2
0	2
0	2
0	1
0	0
0	1
0	1
0	1
1	0
0	0
153	0
9	0
6	0
6	0
1	0
0	0
0	0
0	0
0	0
0	0
0	0
0	0
0	0
1	0
0	0
0	0
0	0
3171	0
172	0
0	0
0	0
0	0
1	193
48	284
46	2
67	0
1	120
0	65
17	57
2	59
2	5
15	13
59	421
0	852
257	987
2	70
5	1
0	0
0	133
0	0
0	0
0	0
0	4
0	2
0	8
0	2
0	2
0	20
1	53
0	52
0	44
0	46
0	44
0	45
0	11
0	20
0	54
0	49
0	51
0	56
2	10
6	9
1	19
26	44
0	48
0	60
1	42
3	58
0	61
0	54
0	45
0	2
0	26
9	11
0	8
35	48
0	49
4	31
0	32
239	0
0	0
0	0
1	2
0	2
6	4
7	2
3	0
63	0
0	0
1	0
433	0
53	3
0	3
2886	1071
4	838
5	314
13	0
2215	6727
47	6668
0	1518
50	2144
0	0
0	156
171	0
109	0
78	0
294	0
150	0
1	3
2	20
8	0
16	20
3	0
1	0
82	70
0	66
0	68
0	1
0	0
0	0
0	2
0	1
0	1
0	0
0	0
2	0
0	0
0	0
0	0
0	0
0	0
0	0
0	0
0	0
0	0
0	0
0	0
0	0
0	0
0	2
0	0
0	2
0	0
4	523
203	590
0	278
0	267
0	0
0	0
0	0
0	0
0	0
0	152
4	294
1	80
18	404
5	109
21	81
59	120
0	7239
70	7465
23	3438
0	5064
585	5052
0	5404
0	5564
214	1912
205	997
119	425
40	0
2	969
0	990
3	356
10	605
4	236
17	286
2	865
0	874
6	0
1	77
118	0
15	0
0	0
0	0
1415	1936
72	1934
0	0
5	126
0	31
0	2473
385	477
0	123
4	163
48	383
0	285
2	214
13	4003
0	4124
1	4040
4	11
2	1106
32	815
4	183
47	127
21	53
11	0
0	0
0	0
0	0
0	0
1	348
2	41
0	983
21	1017
1	20
28	173
1	14
0	10
0	7
0	0
0	0
0	0
1	187
0	0
0	0
0	0
0	0
2	65
0	67
2	8
0	70
0	68
0	0
9	0
2	0
0	0
1	0
0	0
0	0
0	0
0	0
0	0
0	0
0	0
0	0
0	0
0	0
0	0
0	0
48	21
2	21
0	0
7	7
0	3
0	0
0	0
1320	892
0	435
0	456
0	184
1	0
665	4254
0	3333
63	3920
0	1568
16	493
169	480
0	310
100	1453
35	1453
56	46
3	99
7	0
0	57
0	0
0	2
0	0
0	0
2	0
9	236
0	154
0	142
7	141
4	16
0	0
0	0
0	0
0	0
0	0
0	1
0	0
0	2
0	2
0	0
3168	8
3	0
7	0
0	0
0	0
0	0
0	0
0	0
0	183
1	135
31	147
3	0
0	255
0	220
0	0
0	0
0	0
0	264
0	0
0	255
0	265
1	0
0	223
0	233
0	0
68	372
7	361
50	31
32	0
0	0
0	0
1	0
0	0
4	3
0	3
0	3
13	136
43	136
0	0
0	2
287	130
0	30
0	0
0	0
0	0
0	0
0	0
0	0
0	0
0	0
0	3
0	3
47	576
1	576
25	430
0	0
0	0
0	0
0	3790
0	3790
0	2468
0	1894
0	718
10	1729
36	1898
46	224
23	1446
3	39
14	0
17	158
4	2
4	2
0	0
0	52
15	83
0	69
1281	1665
0	1665
13	0
1	0
31	87
0	86
0	0
0	0
5	57
0	0
0	8
1	0
0	6
0	2
0	0
0	0
58	1193
10	1020
1	210
4	1191
18	132
0	1165
14	0
1	97
0	81
1	7
233	221
5	16
0	221
3	26
0	48
0	0
1	0
506	317
0	0
8	304
23	187
0	54
0	9
1821	1338
62	1177
11	344
29	69
17	31
10	396
67	44
0	43
6	1
0	0
1	1
207	280
1	43
24	0
0	0
0	267
1	0
30	97
8	1
45	4
0	93
0	0
11	646
5	646
0	647
0	49
0	27
63	0
26	1
0	0
1	0
0	4
0	0
1	0
0	3
0	0
33	15
188	375
0	299
6	23
10	76
24	5
86	74
0	69
89	1374
0	1148
5	1377
3	1359
0	1352
3	1144
0	696
0	273
17	102
2	127
1	98
46	75
0	41
1	36
140	92
0	125
0	30
0	49
523	53
896	90
108	3186
4	2626
51	2833
1	317
1	660
0	177
42	1493
0	530
5	77
13	76
17	93
130	476
33	371
1	62
1	36
14	24
0	70
3	42
1	27
0	107
0	116
1	116
0	29
1	12
0	1
0	12
1	1
0	8
0	10
0	0
3	5
0	4
1	0
4	6
0	5
0	3
2957	1
11	0
264	2741
34	2910
22	2923
0	2998
0	382
1	334
5	2
0	3883
56	3987
309	2620
5	2518
7	2516
0	1578
0	1107
188	0
356	413
90	413
98	122
6	199
0	174
1	5
0	30
2	32
15	1
0	0
0	1
16	0
0	0
0	0
9	551
42	718
3	248
43	229
16	231
13	336
3	59
15	288
4	348
0	4
19	288
0	203
11	203
0	4
0	4
0	4
0	4
3	32
1	642
0	827
5	771
3	699
7	8
1	30
5	36
0	722
2	28
0	0
0	115
6	175
17	180
0	143
0	148
0	156
14	66
26	3
25	285
5	132
1	55
7	33
7	139
1	33
0	991
10	1079
0	954
1	10
1	719
0	92
102	347
3	66
0	5
121	271
12	3
1	51
0	43
0	0
1	51
3	326
0	372
3	51
0	362
12	96
0	79
0	54
15	1173
7	1085
7	224
23	552
1	55
100	2648
8	588
15	2261
2	1103
19	485
0	1409
39	1491
4	481
0	24
0	24
0	4
0	11
141	4460
28	4460
46	7
0	3
0	0
2	4
9	387
75	387
5	13
9	22
0	2
0	575
2	588
0	617
3	546
0	482
39	19
0	19
0	0
22	14
0	1
0	13
3	481
2	210
7	417
1	593
5	456
1	262
11	163
5	14
21	17091
142	17279
1381	18058
20	11743
256	16963
0	15378
1	12386
0	11336
38	7133
0	5692
247	743
3	693
6	208
0	166
0	152
0	12
12	14
150	5399
0	5953
275	2560
13	5741
26	534
36	219
0	1408
44	1052
0	1508
0	1197
8	601
0	75
651	75
1	38
4	213
0	1435
0	2001
5	1912
15	1868
0	17
1	372
3	263
0	1103
37	919
5	935
0	90
5	11
9	46
5	233
1	285
0	1
7	295
0	224
0	262
1	143
1	62
0	62
21	0
0	7
80	7
0	40
3	40
1316	616
6	269
2	360
0	291
0	257
0	87
1	84
0	52
110	1327
4	221
0	630
0	920
43	325
6238	12
7	0
17	0
4	0
350	1320
87	1320
0	3
0	24
0	24
0	24
0	25
0	26
3	18
0	12
5	206
0	40
10	206
0	205
4	204
10	9
272	121
7	109
9	0
2	23
2018	0
11	0
1943	615
13	253
3	205
22	108
1	7
1	173
211	0
8	349
2	680
1	508
0	69
1	37
0	25
0	19
0	20
0	1
0	14
0	4
0	0
0	7
1	32
0	32
0	3
0	2
0	1
5	212
15	370
14	291
5	78
0	21
13	50
0	28
0	38
0	38
0	36
0	26
0	7
2	14
0	0
0	1
0	0
1173	0
5	0
34	0
64	17200
19	10543
90	12646
45	12393
0	13206
2	7191
11	9746
2	5332
0	0
0	69
0	642
1	37
1	28
0	26
0	26
1	27
0	611
64	610
39	4
0	54
47	560
0	0
1	0
0	0
0	0
0	0
0	5
2	0
0	5
0	0
1	0
54	420
1	517
37	594
0	109
4	19
10	60
6	45
0	13
24	2677
26	3170
36	3063
0	3131
26	0
23	1412
4	1599
0	1609
1	188
0	1607
0	1346
29	1365
0	613
9	371
23	238
5	170
16	956
2	481
137	211
82	232
124	87
2	21
15	1007
1139	1370
0	6
29	3
33	0
0	337
0	345
3	386
5	158
3	165
0	33
0	32
57	90
1375	207
3	127
9	89
19	66
8	39
17	247
22	284
1	219
1	167
4	58
325	347
0	87
31	260
941	0
2	18
0	7
14	1287
6	1157
4	1248
0	1106
1	1145
17	54
0	341
1	24
0	1255
21	595
1	595
70	417
32	346
0	686
0	649
24	617
7	527
2	41
42	580
8	651
0	104
1608	0
0	0
1	68
416	176
1	176
0	128
39	94
532	1077
0	219
5	395
24	343
20	487
34	0
0	0
0	0
1	1219
1	0
1	1225
1	26
5	158
0	36
147	256
8	1285
8	987
3	1469
3	953
198	717
0	426
6	1196
1	41
11	39
0	8
1	3
0	3
0	36
0	1
2	11
37	3045
11	1153
136	2078
40	133
0	133
0	0
0	1
4	6
0	7
0	9
1	15
1	15
0	775
4	738
7	135
0	746
43	659
0	21
6718	2
0	4
1	67
41	741
1	759
0	762
1	634
2	20
1	164
1	43
18	48
3	184
0	180
4	67
21	37
12	0
0	3
0	0
0	0
0	0
285	259
8	20
3	0
0	244
233	5
0	375
0	3
10	3
4	2
0	2
846	717
0	561
2	465
4	81
0	39
0	579
0	49
1	135
0	11
0	76
0	0
2	67
8	0
99	73
0	50
1	28
0	72
0	0
0	0
0	0
0	0
0	0
0	0
0	0
0	0
0	0
0	0
2	0
0	0
0	0
0	0
2	8069
744	10164
132	130
7	10034
4	0
8	0
2686	638
1	138
5	635
47	76
0	76
4	0
0	1
0	1
0	0
677	2109
103	2107
196	276
0	54
0	42
0	24
1	45
0	97
9	83
12	95
2	4
47	757
525	0
37	1284
15	1152
44	97
7	1101
460	972
56	43
242	0
4	15
0	15
0	0
28	172
0	172
0	0
44	699
38	713
0	17
7	138
0	0
4	42
0	47
18	44
3571	482
2	482
48	0
139	0
468	0
5	37
0	1
0	0
2642	941
2	934
6	7
0	65
117	71
3	45
0	9
0	18
0	11
0	19
0	19
0	11
0	12
0	12
0	0
0	0
173	1243
886	1399
38	1243
2	434
39	10
0	153
47	3
10	47
57	52
2	52
66	0
2	0
0	0
0	0
18	841
1	1005
24	1003
0	0
60	27
0	0
0	0
0	0
2	112
0	0
0	0
0	0
0	0
0	0
0	0
284	229
1	229
0	1033
0	6
58	1018
6	6
0	67
8	39
0	178
0	623
9	15
0	0
361	679
0	120
0	70
1	69
0	90
0	656
0	73
0	0
0	68
3	182
0	0
226	74
0	74
95	1692
3	1692
6	1676
3	255
4	117
0	0
0	0
273	102
4	102
0	0
0	0
0	0
16	86
0	0
1	535
0	0
0	0
0	0
0	0
0	121
0	0
0	0
0	0
0	0
0	0
0	0
0	0
0	1
0	0
0	0
0	0
2	0
6	0
2	9
39	5228
0	3298
0	5456
33	369
0	3696
1	3062
1	85
0	0
1	0
80	489
1	441
0	434
0	0
0	0
0	0
83	0
4	0
9	0
33	642
104	172
0	642
2	627
1	22
0	0
16	0
619	162
1	158
2	38
1	0
0	0
0	3
0	0
324	237
43	235
0	3
0	1
0	0
0	0
0	0
0	0
0	0
0	0
0	0
0	0
0	0
0	0
0	0
0	0
0	0
1	0
12	158
76	1341
12	1339
37	369
1	1063
0	1183
0	1089
6	898
0	158
0	261
2	820
0	0
38	0
9	0
11	56
0	0
0	0
165	713
47	713
5	256
3	350
0	6
0	0
0	0
0	0
23	240
0	1382
5	869
0	867
3	832
14	448
36	3
0	259
0	71
0	0
0	0
3	0
133	413
43	413
55	2
0	2
1208	1206
125	1206
11	279
9	239
53	696
1	0
0	0
0	1
0	0
0	1
1	0
70	5929
34	5873
16	156
3	286
3	340
2	402
14	0
2562	2299
115	2299
26	44
0	0
9	126
14	295
48	295
0	0
0	89
0	0
0	0
0	0
0	137
1244	137
0	0
0	0
3	127
0	0
0	0
2	0
0	0
0	0
2752	5044
16	4886
4	239
10	36
10	52
23	262
52	125
9	1336
46	1336
0	0
0	49
19	0
1	0
0	0
1739	691
57	689
0	2
0	2
4	0
0	0
1	0
0	0
0	0
18	33
3	723
0	794
11	784
0	1126
0	0
0	0
3	733
0	702
0	779
383	1111
0	9
3	56
0	643
0	0
6	0
24	125
6	702
5	24
0	0
0	0
0	0
0	0
14	219
2	202
49	254
11	84
0	39
2	26
0	46
1	11
0	3
10	33
0	0
0	0
0	0
58	833
103	947
136	966
6	253
0	315
23	220
36	54
0	0
859	106
33	106
78	29
17	1
3	0
0	0
0	0
25	361
147	361
0	47
2	0
0	0
1	1109
13	1123
23	335
3	103
144	65
0	49
0	0
0	0
4	0
5	5
1	5
0	5
0	4
19	522
6	509
0	184
4	96
1	73
19	19
0	2
2	1
3	2
0	0
0	0
0	0
0	0
0	0
721	1160
82	1160
8	1281
0	1605
0	2476
0	2337
16	2844
0	2249
16	428
0	92
0	577
36	670
0	670
0	742
0	272
0	460
0	22
42	296
0	0
9	0
0	0
374	1978
3	1978
1818	387
1	294
7	93
1459	3526
53	126
7	126
2	22
10	3449
0	3166
112	1157
14	283
11	41
9	235
26	328
78	422
34	2121
97	1708
3	1889
0	2018
0	2018
8	2030
18	380
18	3335
6	3476
104	3431
74	3448
20	175
0	0
9	724
5	312
2	74
0	0
0	0
536	1304
4	1301
0	1300
0	1254
0	1252
0	87
2	1197
0	0
0	0
17	3
0	3
0	0
0	0
0	129
0	65
4	85
325	67
0	40
1	27
795	1264
0	1260
1149	1
9	1
9	22
0	21
0	23
7	4
0	0
65	37
1	34
0	4
1	3
0	3
0	0
0	1
0	1
1	1
7	69
1	62
2	7
2	0
56	0
57	0
5	650
44	116
93	219
171	650
0	0
36	1010
81	1010
0	31
14	32
55	32
34	1331
186	1341
7	491
0	47
0	3
4	27
1	26
0	0
1	1
0	6
0	6
0	0
0	0
0	0
946	0
0	0
0	0
0	0
0	0
334	0
1031	0
1593	0
298	315
4	143
0	157
0	30
73	137
13	192
3	145
0	132
2	43
4	5
0	24
0	35
0	0
17	319
0	1
1	35
0	322
0	280
0	311
7	24
0	9
1	93
1	12
3	16
3	25
3	6
0	0
2	2
1401	2
0	0
2326	1111
37	818
3	565
5	445
3	71
0	112
0	8
0	223
1	1373
0	1421
0	40
0	159
0	388
0	1331
1	486
0	306
10	115
93	1259
0	115
5	69
0	145
1	266
0	276
0	307
0	1206
0	201
1	348
0	398
15	237
4	23
1	79
0	74
12	260
2	316
11	18
2	0
3	15
5	83
0	84
0	14
0	2
1432	869
4	858
4	923
34	751
3	11
0	840
5	0
2	65
3	65
954	0
3	177
96	1525
0	1588
0	847
3	112
0	289
4	410
9657	13026
22	10208
74	2797
33	1386
1	0
1	0
0	1046
24	952
142	467
4	948
9	899
7	142
0	0
1	111
10	119
10	92
4	3
32	1042
5	1053
2	324
5	78
16	17
0	56
0	3
0	3
1	424
7	393
0	72
2	90
1	96
98	407
4	69
1	33
2	30
0	26
0	7
127	2
0	1
0	3
0	0
0	0
0	3
0	3
0	3
0	3
0	877
2	987
3	634
10	670
0	847
0	162
5	356
4	116
0	27
10	40
0	16
71	6110
168	6669
16	1153
14	3056
4	6041
17	2033
0	5989
5	3046
1	0
3364	0
25	2350
7	2476
47	1539
7	68
0	766
17	766
18	766
956	564
6	520
0	70
11	5
2288	0
32	4018
51	2543
2	3998
0	302
104	3921
15	334
0	0
2	37
0	8
1	8
0	735
1	734
1	291
2	586
0	426
0	0
0	59
0	51
8	33
9	95
4	0
19	408
0	321
28	87
0	61
3	93
0	306
0	34
0	64
0	510
0	477
45	488
1	197
0	91
0	231
35	360
2	233
0	154
0	82
90	715
13	538
4	493
104	371
1	912
2	660
4201	1266
73	1008
8	216
68	103
0	103
0	0
0	0
2434	3879
0	0
0	0
0	0
0	0
0	0
5718	172
154	67
0	103
4	93
7	8
0	159
2	124
7	424
3	512
12	41
2	344
3	69
0	0
0	3
0	3
0	3
0	0
0	0
0	0
379	73
1	63
0	18
1	0
0	0
0	0
892	637
33	583
2	22
1	211
1	217
4957	842
2	842
5	0
0	0
36	488
6	470
0	477
18	307
0	181
0	0
4123	512
35	126
0	0
56	428
49	107
16	69
52	209
623	1496
5	293
2	202
36	166
6	77
0	0
38	0
8	319
0	857
0	0
0	0
0	2
0	4
0	4
0	4
0	4
0	4
0	0
0	0
0	2649
60	1863
0	2057
0	1302
0	0
0	0
791	13
13	8
0	8
0	0
2066	478
106	478
2	0
0	0
0	0
0	0
0	0
16	1115
0	0
0	0
0	0
0	0
0	0
0	0
0	0
0	0
0	0
0	0
0	0
0	0
0	3
0	1
0	3
1	1
0	1
0	1
0	0
0	0
0	0
0	0
0	0
0	0
0	0
0	0
0	0
0	0
0	0
1	118
2	127
0	124
0	13
0	1
0	9
0	9
0	0
1	0
1	832
0	101
2	728
69	132
0	473
0	133
48	756
0	726
0	0
0	0
24	19
6	400
12	19
0	5
0	5
2	1735
0	1881
0	1875
4	105
13	140
8	915
1	1081
3	1081
11	1080
1	87
0	296
3	27
1260	749
2	154
109	258
20	329
6	271
0	243
0	0
1085	4971
517	4971
632	0
1	3777
287	7
61	7
0	189
0	180
2	127
1	182
4	2760
8	2433
0	2762
15	639
0	2418
7	2018
0	2866
0	2750
0	0
0	0
75	1055
0	453
79	36
1	20
0	0
0	0
301	0
0	1
0	1
0	0
0	0
275	143
11	143
0	61
0	0
0	0
0	0
0	0
0	0
0	0
1	0
18	4115
4437	127
14	4
0	4175
6	4
5	3
0	0
0	0
72	0
50	0
71	3
0	3
4	651
12	3436
0	3570
39	1130
0	16
54	660
148	5
93	14
30	0
0	0
0	2365
7	75
21	272
0	2133
0	2256
3	260
1	119
22	779
7	234
9	170
29	0
4	61
18	1792
0	1791
33	1840
30	1004
0	570
4	449
0	84
4	101
0	82
105	3
0	0
0	0
0	0
0	0
0	0
0	0
0	0
231	475
1	475
0	4
2	51
13	0
44	80
105	2
42	0
3	9
0	12
480	1130
83	619
289	877
64	800
0	390
2	124
0	0
0	0
59	0
0	413
56	0
1	0
93	0
0	0
56	0
0	0
1	62
0	0
0	0
0	0
0	24
3	24
0	1
0	0
0	1
0	0
0	0
0	0
0	0
0	0
0	0
0	0
0	0
0	0
0	0
1	4
0	3
3	4
0	0
0	0
6	0
1	0
0	0
0	109
40	109
576	0
1	7
1	7
0	0
15	360
2739	1222
3	872
0	868
9	477
0	0
131	771
0	749
1	771
8	138
42	0
8	35
0	0
0	10
0	10
0	0
3	0
0	1
0	1
0	0
5	0
51	53
0	53
0	15
0	0
228	79
0	10
0	46
0	0
1	27
12	62
5	62
5	18
0	0
224	41
0	11
1	8
1	1
2	8
1	13
135	0
0	0
0	0
0	0
0	0
0	0
0	0
0	0
0	0
0	0
0	0
0	0
0	0
0	0
0	0
0	0
0	0
0	0
0	0
0	0
0	0
4	0
1	0
0	70
4	29
16	161
2	194
294	156
0	38
0	0
1	3
0	6
0	0
0	37
7	6
10	74
5994	1757
1	1407
0	484
3	346
1602	1444
3	567
2	1330
6	197
0	1143
0	1063
4	52
7	151
2	1089
0	143
27	0
5	63
412	71
1	57
8	14
2976	0
1583	187
5	178
5	167
15	0
814	1024
0	1024
1882	2738
4	2788
425	2188
2	0
0	1333
3	95
0	1318
2	210
2	2668
0	1315
11	3
0	1045
63	0
0	207
17	0
0	0
1	0
3	0
0	0
1	0
2	0
1	0
0	0
67	80
2	80
2	0
271	4748
76	4504
0	1538
2	1081
0	1399
66	869
2	77
2	0
49	0
11	10
14	897
0	49
2	493
0	818
2	79
0	0
7	41
0	201
3	201
40	879
9	94
16	88
5	815
0	53
0	149
714	678
0	125
9	98
0	89
0	36
0	441
1	464
6	342
2	280
0	284
3	270
0	233
0	197
0	165
2	75
0	22
7	1954
0	1418
144	134
108	451
1	1740
57	0
19	97
114	1
1679	983
55	874
1	181
0	142
7	450
2	741
959	2134
45	0
1	2134
6	1064
0	0
60	3
0	3
0	0
1756	496
5	103
2	103
1	50
2	64
0	393
38	0
104	810
15	817
0	429
19	139
0	84
3	272
42	19
7	250
0	11
87	5
0	2
1067	837
4	580
1	504
5	97
0	498
37	95
79	55
0	80
2	187
341	1001
0	82
11	720
0	249
0	269
20	486
10	484
23	4174
91	4176
2	244
33	113
261	10
4	10
0	6
0	79
0	122
0	118
1	1
2	3
0	3
17	428
0	175
7	1761
0	1474
6	1689
0	10
0	279
0	508
4	382
3	2
0	194
0	210
0	377
0	337
0	86
2	228
22	92
2	0
0	18
6	2
13	70
0	72
0	0
0	0
0	0
0	0
99	576
21	493
0	103
0	0
0	92
0	65
1	630
8	710
35	642
1	85
0	555
2	28
0	137
0	42
0	0
0	79
0	0
1	25
0	25
4	51
2	0
7	10
0	10
0	10
0	2
0	2
0	2
0	2
0	2
0	2
0	0
0	0
0	0
0	2
0	2
0	2
0	2
0	3
1214	0
321	312
6	26
6	202
4	107
3	104
7133	37
8	37
89	518
4	745
0	637
1	209
8	497
0	113
5	55
0	12
66	659
296	1396
0	872
0	335
0	256
15	173
60	189
0	152
4	60
0	103
0	0
264	2
0	0
0	0
2	0
0	0
0	0
0	0
0	0
0	0
0	0
0	1
0	0
0	0
0	0
0	0
0	0
171	21
3	19
0	0
0	62
0	404
0	404
0	441
2	423
0	65
0	69
1	30
0	116
1	6
3	0
87	258
1	74
5	77
1	26
0	31
0	164
4	14172
7	13423
15	13878
185	2657
3	12871
0	481
0	1057
170	0
1	489
16	630
108	129
68	3882
4	0
0	462
0	0
0	613
0	0
0	0
65	3098
30	72
107	1728
152	0
1	15
0	11
0	14
2	2
0	2
0	0
0	0
2	686
2	0
1	541
10	541
6	8
5	214
6	10
2458	978
0	307
0	555
2	0
36	56
0	0
0	0
0	0
0	0
2	0
0	0
0	0
0	0
0	0
0	0
0	0
0	0
0	0
0	0
0	0
13	16
0	0
0	0
1	1
0	0
0	167
0	0
0	0
0	0
1	8
0	8
0	9
0	7
0	9
0	0
0	0
1	0
0	3
0	3
0	0
0	0
0	0
0	0
0	0
36	530
0	0
0	0
0	3
0	0
0	0
0	0
0	0
942	751
1	97
38	0
62	656
16	0
0	0
11	0
101	1600
0	0
0	0
0	0
0	0
0	0
0	0
1	0
0	0
842	2
0	2
25	0
0	112
0	180
0	182
2	182
0	77
0	72
0	0
0	0
4	0
0	0
1	562
5	315
0	564
9	81
0	131
1	5
19	23
1	4
35	144
27	114
0	141
0	122
25	95
0	104
1	15
99	3
0	26
0	25
0	0
0	0
0	0
0	0
0	0
0	0
0	0
0	0
0	0
1	0
0	0
0	0
1	50
0	139
3	38
0	63
8	11
138	244
22	36
2	150
11364	2
9	0
3345	2650
30	382
6	1741
4	2229
32	1353
19	356
0	0
0	13
2	9
75	0
0	8
0	9
0	9
0	9
0	0
1	413
11	1227
85	1277
0	123
1	353
8	165
107	530
0	519
12	21
201	450
0	183
8	97
1	138
4	4
0	38
0	34
0	34
0	8
0	0
0	0
2533	4
0	0
0	0
0	0
0	0
0	0
0	0
0	0
0	0
0	0
0	0
0	0
0	0
0	0
0	0
112	6
0	6
1	2
0	2
113	548
15	450
2	419
1	1
4	1
0	7
0	32
0	5
1	1
1	1
0	0
0	0
6	0
0	0
124	560
2	555
1	173
2	62
0	5
0	0
0	0
0	1
0	1
0	1
0	0
22	48
0	48
4	0
1600	292
1	232
6	100
3	47
12	4
74	1865
118	1865
0	0
0	11
0	7
13	11
85	237
2	237
0	0
0	0
0	0
0	0
0	0
0	0
0	0
0	0
0	0
1	0
0	0
0	0
0	0
0	0
0	0
0	0
0	0
11	2790
154	2729
3	2570
0	2382
2	62
1	56
13	34
0	0
0	0
11	891
43	356
2	727
0	616
6	77
2	108
13	377
0	390
0	60
1623	639
0	531
0	178
18	216
126	309
10	309
0	26
0	32
0	27
0	26
0	14
0	18
0	20
161	0
0	93
1	83
0	97
1	74
0	9
0	0
0	29
4	24
7	0
5	0
1	0
0	3
0	5
1	5
609	286
1	12
17	274
10	1519
231	1641
0	1636
9	44
30	74
0	0
0	0
0	54
0	54
21	58
0	68
13	60
175	808
8	804
50	700
26	341
2	212
41	765
114	765
7	20
2	93
43	53
53	53
0	0
0	10
1	17
1	9
0	17
0	12
0	1
0	1
0	0
0	0
0	1
0	8
0	8
0	7
0	8
0	7
645	977
41	977
4	938
25	401
91	201
0	355
37	10
0	0
2504	0
2540	233
7	233
0	0
11	0
0	1
0	1
0	0
9	2202
454	0
0	0
7	1
6	1
0	0
108	955
2412	1365
1	332
8	65
2	49
1	129
44	259
26	33
4	30
11	14
0	288
25	281
1	148
2	179
3	211
13	30
3	2
1	111
0	112
0	111
0	98
0	112
11	122
0	146
8	136
0	145
0	0
0	0
0	0
354	94
9	94
0	69
0	1681
0	1681
23	78
0	0
0	0
0	0
64	203
1	217
14	266
2	35
0	70
1	59
1	62
3	14
0	12
0	1
1036	0
0	0
0	0
2	1593
3	263
5	0
0	104
0	107
6	399
8	560
108	1966
16	1951
2	1482
8	144
16	352
8	146
7	212
0	2
0	2
1239	0
9	2
6	2
0	0
1	815
0	1087
474	1765
0	782
3	739
0	1084
0	695
22	0
6	761
5	745
10	66
0	0
0	62
3	21
0	0
0	0
0	0
2	37
0	37
1	44
0	37
4	13
15	13
0	0
1	0
0	0
432	0
15	186
6	186
1	21
6	39
1	20
0	529
0	1322
6	1407
0	626
1232	1558
0	0
45	18
33	4
1504	1231
11	1174
2	39
15	377
11	75
7	61
6	229
37	162
47	79
3	38
9	45
187	54
0	502
6	564
1	45
0	77
153	681
32	570
2	592
0	47
0	125
2	13
0	95
202	445
136	358
38	99
0	135
387	565
8	254
21	506
0	170
21	313
2	151
1	90
3837	4725
192	4719
19	0
11	429
2	416
0	445
1	417
95	410
1	398
0	0
293	0
20	35
6	0
11476	20798
0	20796
6	3562
69	229
18	229
6	137
6	27
0	27
1	3
68	4998
1	4699
0	4968
0	818
6	701
7	166
1	0
76	760
18	760
0	203
1817	782
0	773
5	56
0	0
1	0
1447	395
0	2
1	292
9	104
13	206
156	1711
7	1570
98	620
1	215
6	117
495	287
0	239
10	88
153	0
6	599
3	404
0	609
0	325
63	263
26	135
1	9
1	24
0	0
1	0
5894	7279
0	7271
3	171
213	633
1	2421
0	4268
3	4253
2	590
0	1972
0	2370
0	1880
0	663
0	969
0	4081
0	97
0	174
25	1926
1174	2
36	356
0	335
36	461
1	180
17	111
5	103
0	30
2	55
623	3304
2	163
10	1109
1	2842
5	445
11	368
0	364
0	0
57	917
1	278
0	109
8	1754
104	63
0	0
2	1198
2007	12
24	12
0	0
0	0
0	0
0	0
2	4387
0	0
0	0
1	3
0	3
0	0
26	0
2	6
0	6
3	4
74	4378
401	0
62	0
0	0
0	0
0	2
0	2
0	2
1	0
0	0
0	0
0	3
0	3
1984	4
5	4
189	123
0	123
37	38
0	38
0	24
19	271
0	1
22	353
0	214
2	113
5	37
0	94
0	91
0	81
22	62
4	51
0	9
0	9
0	9
0	1
0	0
0	1
177	3788
356	3959
48	4250
22	1370
15	493
0	508
0	363
7	476
21	467
95	3
0	2769
13	2735
0	6
0	88
1492	3680
0	156
152	3069
0	0
0	0
11	70
8	99
0	0
7	0
0	603
29	188
0	1866
0	1866
4	0
434	433
1364	433
16	294
0	0
294	135
0	135
1	0
16	1244
12	1244
25	337
0	0
21	13
123	293
7	293
0	0
0	0
0	0
0	0
1	112
111	112
7	25
631	25
0	0
110	2
0	0
0	0
0	0
0	13
0	13
0	0
1	764
1	872
0	656
0	592
122	751
17	175
436	496
5	496
0	60
0	52
1	85
2	35
6	104
8	264
19	265
0	0
2	55
6	5
5	0
2953	2386
105	2386
16	416
0	0
153	398
0	0
103	0
1	1916
3	263
0	130
349	2119
13	126
0	202
0	225
0	269
0	1878
3	311
9	427
0	660
6	13
3	17
13	1377
55	1377
17	103
56	68
0	311
272	311
4	12
0	0
0	48
0	17
0	0
445	620
5	101
0	269
945	1042
0	1042
0	0
37	0
26	975
1977	2274
31	938
0	135
0	0
0	228
3	160
0	875
0	1
0	1
0	1
0	1
0	1
0	1
0	1
0	1
16	134
866	1207
2	1205
8	23
0	23
3492	6078
7	2717
5	3845
0	5349
0	0
2189	1240
53	1049
8	718
8	763
6	121
0	0
0	183
0	363
22	477
4	127
13	217
0	0
22	780
0	760
0	0
7	557
44	10
9	896
1	1231
0	899
3	1123
8	532
0	121
0	81
0	111
0	102
0	501
6	3
0	61
18	0
0	133
0	16
6	160
17	272
24	229
4	272
3	217
3	280
0	216
3	0
0	0
6	1556
9	1568
122	245
1728	0
939	0
0	0
1	0
22	232
0	232
1	0
1037	1303
9	55
1	1248
55	101
17	108
0	87
15	5141
1	5143
271	5048
43	67
1	239
0	45
804	134
8	134
0	391
0	0
0	0
0	0
1	19
1	24
0	24
1	12
0	0
0	0
0	1
0	0
1	0
0	0
0	0
25	962
533	962
0	0
0	0
0	0
0	0
0	0
0	0
1	7
0	7
0	4
0	3
0	2
3	2
0	0
92	315
1	252
104	298
5	246
12	63
1	7
44	136
0	6
0	0
0	129
0	0
88	261
21	235
26	235
50	106
12	106
13	20
0	0
2	11
0	0
3	0
4	0
0	25
0	0
0	0
0	0
80	233
670	237
0	0
5	83
0	0
0	0
0	0
0	0
0	0
105	0
0	0
2	232
71	263
3	224
2	194
8	136
1	80
0	50
2	2
1	195
1	46
0	147
9	164
1605	0
29	37
2	37
895	104
0	104
0	5
0	5
0	0
0	0
0	0
31	45
0	45
0	0
0	687
1623	687
32	2034
37	1176
1	1842
220	1429
0	0
0	0
953	0
0	0
3	567
17	552
8	127
0	0
16	15
0	15
1646	398
7	30
54	0
1	368
0	0
19	204
122	249
23	45
13	0
0	0
575	958
21	384
32	456
4	267
10	636
49	222
0	0
0	0
0	0
0	0
0	0
0	153
0	146
397	1417
10	126
0	779
3	964
0	0
61	741
11	741
2	15
1	111
0	8
0	9
0	107
1	106
1	16
15	6
0	6
0	0
0	0
0	0
0	0
0	0
280	5763
17	5896
209	5921
0	6085
0	361
13	102
19	445
18	79
45	461
406	873
0	870
3	74
2	7
31	0
6	636
18	640
0	652
0	24
0	59
0	64
7	1080
0	0
0	34
55	34
0	0
0	151
304	151
1932	162
0	162
6	0
538	75
6	75
18	36
383	1812
0	1799
0	766
0	106
1	110
0	7
109	110
1	1783
21	1730
5	1000
0	153
76	99
0	47
38	1
4	232
18	166
13	181
22	29
1	119
4	182
464	1072
24	1027
1	1016
1	52
0	104
0	0
1148	686
2	444
1	301
5	246
0	0
1	0
106	0
8	0
0	426
0	426
0	2066
54	2065
0	57
0	294
0	1113
0	83
0	69
6	4
0	1
0	3
0	1
27	0
111	0
0	0
855	1343
3	0
1	1343
3	0
7	1304
0	0
4	20
20	124
1	141
0	273
29	298
0	106
1	36
23	0
0	0
4	0
26	35
1	96
0	34
0	13
0	0
330	856
22	764
0	293
6	498
0	126
0	220
0	97
5	118
1569	10905
27	10604
29	307
1	4376
0	4687
11	6507
3	4861
2	0
0	0
0	0
0	631
732	1076
111	20
0	102
14	1066
8	384
3	187
3	0
0	0
45	160
65	43
45	182
1004	2
0	0
319	485
0	50
1	377
0	512
1	441
0	146
0	146
6	351
41	326
0	256
0	139
4	199
0	131
22	47
3	20
0	51
160	0
362	2
2	0
7	6
0	6
0	0
0	0
0	0
0	0
0	0
0	0
0	0
0	0
0	0
0	0
712	128
0	77
14	20
5	53
2	50
0	26
655	3980
124	7
237	3775
3	1686
1	1735
1606	1040
25	950
15	24
5	62
3	0
0	0
1	0
0	30
9	33
0	33
0	3
17	929
35	877
0	210
0	673
0	684
0	660
0	184
5	52
0	0
4	5
0	6
0	0
199	385
1105	772
0	0
0	0
0	0
651	77
9	77
0	0
3	0
3	0
0	0
0	0
0	0
9	0
0	250
6	696
178	725
0	216
0	589
1	100
0	88
0	163
0	100
57	38
0	440
0	0
14	29
7	92
0	334
0	157
0	100
1	55
680	246
0	246
322	239
0	30
0	80
1	121
0	95
2	0
0	0
0	0
4	2601
89	2521
0	138
97	530
0	2473
3	19
0	186
147	1124
0	23
1	332
5	0
12	2220
680	2695
4	535
1	1521
162	1521
3	0
0	0
124	0
554	321
1	151
0	170
0	0
39	447
29	423
0	34
33	250
0	128
6	87
1	15
7	37
1	29
1	2
8	3630
60	3630
75	452
2	2786
3	148
0	95
0	55
0	144
1	1275
0	0
6	642
0	70
17	599
0	124
5	32
28	2007
529	2536
5	1031
0	1142
31	1270
1	727
3	324
0	375
22	373
184	612
2	612
0	24
3	0
1	186
5	73
434	186
0	2
0	2
0	0
312	490
3	490
3	435
0	54
0	36
0	33
5	3
0	82
2	0
2	5
5	5
17	5
0	5
0	0
7	260
0	528
35	400
9	516
9	0
0	0
1	25
0	0
0	0
9	0
33	8384
227	8362
4	7642
472	1155
718	253
445	273
36	1
0	0
564	0
0	750
1	2561
0	2779
3	149
0	2440
124	2292
2	666
9	77
4	929
1	460
6	73
0	338
3	363
5594	15884
19	6889
1	9050
114	9026
0	0
11	4760
0	0
0	11
0	6
2	10
0	3
2	0
0	0
1	8
0	8
0	3
0	2
1	1
0	0
1054	171
0	0
815	822
1	509
87	817
4047	1702
123	1695
0	269
0	7
88	12
5	37
0	2
0	37
2	39
0	6
0	8
0	2
0	1
5	702
0	66
2	9
2	665
0	634
35	392
0	92
58	180
36	75
3	137
0	29
0	133
5	26
0	14
1	168
2	150
5	3
0	9
45	549
0	565
0	539
16	529
0	522
0	514
1	298
0	31
0	90
10	52
3	12
1	40
34	49
58	1058
29	352
13	1022
0	149
0	0
28	205
0	127
15	15
89	527
0	58
2	28
0	64
0	113
0	52
3	8
8	15
3	307
0	279
0	28
0	60
6	149
1	51
115	1435
1	1435
10	7020
7	6148
66	6921
19	6716
1502	7411
0	4986
0	253
2	1609
5	11
14	937
1	1
1	0
0	0
253	93
0	93
0	36
2	245
2	675
0	690
1	43
1	672
0	28
2	124
5	670
2	55
0	36
0	0
143	1592
2	1592
1	36
2	209
5	144
5	99
0	1
0	8
1	8
69	305
54	305
2	203
4	0
0	0
0	0
0	0
0	0
0	0
0	0
0	0
0	0
0	0
0	0
0	0
0	0
0	0
0	0
0	0
0	0
0	0
0	0
0	0
0	0
0	0
0	0
0	0
0	0
0	0
0	0
0	0
0	0
0	0
0	0
0	0
0	0
0	0
0	0
0	0
0	0
0	0
0	0
0	0
0	0
0	0
0	0
0	0
0	0
0	0
0	0
0	0
0	0
0	0
0	0
0	0
11	17
1462	21
0	0
1	0
18	0
3	0
0	0
163	219
11	182
2	121
15	0
5	98
0	98
1	16
196	78
0	78
0	0
569	743
5	156
22	587
1	5
5	9
0	7
1368	0
0	4
4	1747
16	1766
0	228
0	0
26	49
51	1412
0	0
46	1412
1	0
0	0
2900	449
0	202
1	158
2	198
0	0
2	0
0	0
0	94
0	89
11	94
0	58
0	6
0	5
791	961
3	86
21	958
0	131
138	216
0	675
0	675
574	4
5	2
3	2
1157	0
1	2022
0	1982
56	2092
1	1934
58	2149
5	12
2	60
89	61
26	42
18	5
2	0
97	197
36	36
10	30
22	11
626	2
22	0
1	1
0	7
8	7
0	7
9	89
110	275
720	230
104	228
554	1654
1	1207
3	382
2	454
20	74
6	204
1893	14
867	67
0	0
12	67
2225	0
1783	467
163	430
0	0
0	44
0	33
0	43
0	32
0	45
0	34
3	16
0	40
0	0
1	2
0	0
0	1897
41	1996
1	1998
65	0
0	0
0	0
0	0
0	0
167	0
5	61
0	72
0	52
2	194
60	261
0	41
96	74
0	215
0	21
0	12
0	5
1	0
0	9
0	0
0	0
2115	0
1484	2036
19	2036
0	0
0	0
1	8
0	8
0	8
136	227
0	227
933	0
0	3
3	0
9366	18
3	0
69	29
5	29
39	0
3538	592
2	585
204	0
225	466
19	466
34	192
0	10
0	0
0	0
5	1961
0	1549
52	1995
0	1521
85	1354
0	1784
0	44
0	106
3	1680
0	1683
1	1464
0	1272
0	1430
0	1378
0	1597
0	1116
0	1034
10	0
0	1218
0	1294
1	1149
86	25
0	597
0	187
3	111
0	274
0	220
0	32
4	0
0	104
0	0
0	0
62	220
33	417
0	0
759	617
10	565
0	0
0	0
1	0
4331	13599
0	12656
11	1191
0	1503
0	0
0	0
0	0
0	0
0	0
0	0
0	0
0	0
0	0
0	0
0	0
0	0
0	0
0	0
0	0
0	0
0	0
0	0
0	0
188	73
0	47
0	39
0	27
322	51
4	30
17	9
26	0
135	0
0	0
0	2
0	2
0	2
0	0
0	0
0	0
1	0
1	0
0	0
1	0
2	0
0	0
0	0
0	0
0	0
0	0
0	0
0	0
0	0
0	0
0	0
0	0
0	0
0	0
0	0
0	0
0	0
0	0
0	0
0	0
4	460
2	47
5	444
0	696
355	760
0	27
0	64
0	63
0	461
0	0
0	482
0	0
566	484
141	69
51	433
79	51
0	0
30	82
6	82
4	0
0	0
0	0
0	0
96	800
0	807
1	673
7	167
21	167
0	0
32	1686
24	0
0	1686
3	95
0	92
0	96
0	0
6	39
10	136
0	0
504	2810
14	2516
87	997
8	930
2	797
0	70
216	573
38	327
39	426
10	0
0	391
32	191
7	471
1	425
30	166
19	242
1	249
0	0
0	0
0	0
0	0
9	236
0	140
1	216
0	0
0	0
0	0
0	0
0	0
0	1463
17	1463
0	1425
2	6
1	285
1	120
0	164
27	444
0	347
283	1089
10	949
121	223
42	46
0	0
414	0
0	15
0	166
4	226
0	105
0	3
21	135
0	212
0	0
100	1
0	0
595	1
5	0
0	3
0	3
0	3
0	0
6	0
1	0
0	0
4223	4
87	50
0	109
133	2957
1	118
3	2950
0	0
20	1823
0	1755
6	207
115	20
0	20
833	1203
0	281
77	932
0	403
6	369
61	0
39	0
81	4455
2	4595
10	1048
0	1424
0	1384
0	1384
1	1
0	0
5	216
0	163
271	395
11	0
55	13
0	13
0	91
0	91
6	0
0	13
0	0
0	0
0	0
0	1
0	0
0	0
25	144
21	49
2	142
0	0
0	0
4	6
1	4
0	6
0	6
2	0
1492	536
7	536
82	95
36	84
0	0
0	0
0	0
0	0
0	0
0	0
0	28
0	36
0	31
0	23
0	0
0	0
0	0
0	0
0	0
0	0
0	0
0	0
0	0
0	0
0	0
0	0
0	0
0	0
0	0
0	0
0	0
0	0
0	0
0	0
0	0
0	0
0	0
0	0
555	0
5	1306
1	1317
0	333
6	344
0	1019
59	146
133	69
0	0
306	147
247	0
0	30
0	30
0	0
0	0
0	0
0	147
0	146
0	0
15	2296
8	2290
1	54
23	2258
0	88
0	58
0	225
0	68
34	1499
3	670
5	786
0	753
8	720
0	529
1	462
22	25
9	212
2	113
17	124
23	237
5	11
74	1447
16	1447
5	150
76	41
2	30
0	0
0	0
0	0
0	0
0	0
0	0
0	0
0	0
0	0
0	0
0	0
1	0
0	377
0	499
0	62
1673	582
0	78
89	16
40	5
0	0
6270	5351
0	5035
0	380
0	0
0	0
0	0
0	0
1	0
1	7
0	7
322	1857
28	1567
14	235
3	617
0	0
2153	1242
0	1234
1	1115
7	30
5	102
0	82
0	0
0	0
0	0
0	0
0	0
0	0
0	14
2	93
0	78
0	43
2	0
0	0
2860	0
0	0
0	0
0	0
0	0
0	0
13	752
30	708
0	557
4	303
6	8
55	7
25	762
270	722
19	162
0	31
2	52
1	34
0	6
0	0
2	0
0	5
0	5
0	5
1	1
0	1
4	1
0	0
0	0
0	0
0	0
186	862
3	736
1	75
0	68
1	0
0	0
210	0
624	574
2	285
10	80
0	226
0	970
5	970
4	1034
0	523
41	0
3	52
4	98
10	63
23	0
9	855
183	1451
13	382
68	94
0	983
45	1215
6	936
0	868
2	188
2429	4162
4	853
0	266
0	236
1	45
0	0
0	0
5	65
0	0
0	0
0	0
0	460
0	5
0	0
23	1243
0	3
0	7
12	604
0	626
6	498
0	1284
0	10
0	1230
190	138
0	19
0	0
0	1
0	16
3	66
11	19
0	0
1	0
0	0
5	19
101	24
1	33
0	0
0	0
0	0
24	367
1	366
0	367
0	5
0	5
0	5
0	0
0	2
0	0
0	0
0	0
0	211
640	222
0	90
0	0
0	0
0	0
2	47
3	270
0	270
3	4
0	0
0	0
1	3
0	0
0	0
0	0
5	636
0	0
0	0
0	0
0	0
0	0
0	0
1980	679
34	115
12	473
16	312
0	263
6	514
2	315
0	0
32	26
14	2
17	94
3	94
0	94
0	5
0	1
0	0
0	0
0	0
0	0
0	0
0	0
0	0
0	0
0	0
0	0
8	26
47	21
0	10
0	0
1	2
0	0
0	0
0	0
0	10
1	61
161	62
0	0
2	5
0	0
0	0
0	0
0	0
0	0
0	0
0	0
0	0
0	0
0	0
0	0
0	0
0	0
0	0
0	0
0	0
0	0
0	0
0	0
0	0
0	0
0	0
0	0
0	0
1	0
0	0
0	0
0	0
0	0
0	0
0	0
0	0
0	0
0	0
0	0
0	0
0	0
0	0
0	0
0	0
0	0
0	0
0	0
0	0
0	0
0	0
0	0
0	0
0	0
0	0
0	0
0	0
0	0
0	0
0	0
0	0
19	918
454	1074
11	991
16	0
0	784
0	0
0	0
0	1
0	1
0	0
0	0
0	0
0	0
0	0
0	0
0	0
0	0
0	0
0	0
0	0
0	0
0	0
0	0
0	0
12	0
3	583
0	0
0	0
0	0
0	0
0	0
0	0
0	0
0	0
0	0
0	0
0	0
0	0
0	0
0	0
0	0
0	0
0	0
0	0
0	0
0	0
0	0
0	0
0	0
0	0
0	0
0	0
0	0
0	0
0	0
0	0
0	0
0	0
0	0
261	52
0	67
1	92
10	0
0	0
0	0
765	1619
4	1625
0	898
3	38
203	118
16	93
16	0
4	828
4	939
24	876
1	844
0	718
22	597
0	519
7	72
2	49
0	128
5	18
5	112
0	71
0	0
2669	2130
17	2104
5	406
5	57
12	95
39	24
0	1
6	15
182	350
8	333
4	28
0	208
40	0
6	17
10	24
0	21
1	5
0	21
4	5
0	4
6	341
5	201
0	299
2	214
0	241
1	267
0	45
17	7
10	1134
22	1970
6	1908
0	641
20	1189
0	127
3	1035
3	988
7	572
7	1184
0	512
951	0
0	26
0	26
2	26
0	0
663	877
5	877
0	0
0	0
0	0
2	214
108	263
0	71
8	95
0	72
49	0
62	731
0	145
118	358
0	63
0	203
4	675
0	1
1	60
0	0
0	0
1487	1332
0	1332
23	337
24	398
1	4213
133	4185
0	4194
11	337
0	3920
0	0
0	303
17	0
438	13
0	13
0	0
23	0
218	873
1	324
1	405
0	357
1	285
66	532
0	214
0	31
28	63
634	63
1	0
1	3
0	3
15	0
0	0
0	0
0	12
0	7
6	375
0	1771
24	443
20	1481
6	435
3	205
3	47
0	98
0	1736
0	0
2	0
20	1833
0	2114
0	2258
0	2324
56	366
66	30
1673	2218
37	1798
4	1069
34	112
3	109
2	8
0	115
0	86
2	0
0	0
0	0
0	2079
8	2020
88	1779
2	1386
6	1257
4	2
3	0
0	0
225	1712
8	1531
51	198
11	53
12	359
28	758
6	706
1	130
39	175
0	188
0	131
2	20
5	278
2	248
2	89
28	3436
127	3766
88	3848
31	211
18	1053
0	0
0	2672
8	203
2	2592
63	392
81	2640
14	441
9	55
29	46
5	233
34	183
0	0
7	1651
0	1582
60	1453
0	1579
0	244
6	1554
0	51
0	1577
0	1453
80	0
0	61
2	302
0	758
24	215
1	65
22	138
5	0
132	425
2	57
3	53
5	62
0	191
0	295
8	108
0	86
1	27
20	27
1	75
3	5184
48	5827
3	5908
3	573
0	5912
0	5829
0	4814
12	2568
0	4567
4	0
0	370
7	2152
131	1035
0	0
2	197
12	358
39	358
0	325
0	216
0	66
0	62
1	53
3	57
1	0
0	1176
16	1125
0	1146
1	1136
3	1113
0	65
13	34
0	73
18	4
0	11
4	1031
50	1027
19	1017
3	970
1195	0
2	0
0	0
1	9203
9	9137
59	8980
17	5687
4	0
0	0
502	6510
2	2421
0	6497
43	2604
0	1704
118	321
48	3101
210	271
51	186
1	103
9	158
0	69
749	1706
0	1704
1	11
11	1720
42	765
16	1707
3	149
0	0
16	216
4	689
11	0
0	448
11	229
0	0
124	5908
10	5730
2	660
8	366
8	317
20	458
89	589
18	585
30	259
1	515
1	453
42	50
7	51
1	52
7	17
0	29
3	53
5	76
6	74
0	24
302	4
13	1
0	1
0	202
0	212
0	197
0	180
2	188
5	15
0	29
0	6
0	6
0	1
52	3772
118	3799
119	3678
7	560
76	206
23	5
0	1
1	5
1	29
37	199
8	207
11	160
51	29
2	3
35	3
0	515
22	576
26	576
0	245
13	0
0	1
25	7140
3917	8150
1	1704
10	5779
0	3524
1	1374
170	1370
2	580
14	394
13	394
0	0
1	1
0	1
192	3377
0	3377
0	3308
2	3204
21	3235
0	0
58	163
0	163
3	0
3	5790
0	0
1	0
1	0
0	0
0	0
9	8
0	8
148	515
36	55
24	645
2	535
112	446
0	34
64	0
313	0
4	0
496	92
7	92
66	0
23	26
44	0
18	0
0	70
0	0
1951	345
14	223
0	105
83	18
0	56
1	21
13	0
0	0
11	326
15	24
7	17
0	6
0	17
264	890
0	745
5	150
0	0
58	3
8	431
4	438
0	74
10	442
1	75
0	0
1	375
0	50
0	39
0	52
0	181
15	38
0	102
0	0
0	79
0	0
105	28
1	8
0	20
0	0
0	0
0	0
0	0
0	0
0	0
0	0
0	0
0	0
0	0
0	0
0	0
1	0
0	0
2	912
16	756
0	947
11	485
2	55
1	19
4	0
0	0
0	0
2	0
0	0
0	0
0	0
0	0
0	0
0	0
0	0
0	0
0	0
4	0
0	0
0	0
0	4
995	176
256	176
5	0
1	2
9	5400
8	5575
6	48
82	39
80	962
160	5051
20	3
0	11
0	0
261	120
106	118
0	0
0	0
339	45
1	45
0	0
0	0
0	0
0	0
0	0
0	0
0	84
0	0
0	0
0	0
0	0
0	0
0	0
0	3
0	2
0	1
0	1
0	2
0	0
0	15
0	15
0	11
0	12
0	0
0	1
0	2
1	0
0	0
0	0
0	0
0	0
0	0
0	0
0	0
0	0
1	1
8	894
1	1142
0	1254
14	203
0	251
0	401
2	156
9	119
11	210
37	451
10	521
0	589
10	10
4	131
12	11
6	84
1476	716
37	716
40	0
0	1763
0	1464
31	486
0	1725
2	530
0	103
302	161
25	0
0	136
0	115
4	134
0	33
0	0
0	0
1443	632
4	370
0	642
0	310
0	0
0	0
1	0
0	0
0	0
0	0
0	0
0	0
0	0
0	0
0	0
0	0
11	5
0	0
2	0
0	0
0	0
0	0
0	0
0	5
0	1
0	0
0	0
0	0
7	3
1	3
0	1
0	1
0	3
0	2
0	1
0	2
0	0
1	1
0	0
0	0
1	0
0	0
0	0
0	0
0	0
878	941
74	941
6	204
0	0
0	0
0	0
0	0
0	0
2749	39
140	25
6	14
54	182
0	182
8	0
1	0
1	1387
1574	1467
4	1137
0	560
0	1026
0	0
0	0
7692	4745
0	1
89	4211
267	67
0	621
22	1296
43	2069
0	13052
0	13950
18	12344
9	5801
10	415
46	7404
26	803
33	1082
44	1089
28	137
0	0
7	0
19	145
394	327
0	364
86	129
2	299
2	1057
7	1068
9	55
1	1033
15	160
114	102
34	78
0	20
38	794
5	59
6834	5244
52	4731
56	472
101	0
170	0
667	1
0	0
2	0
0	0
0	0
0	0
0	0
0	0
82	0
0	0
1	524
0	0
0	0
0	0
0	0
11	0
475	4660
9	65
0	0
3	106
0	2682
160	4473
0	108
180	97
6	21
0	11
1	21
0	0
0	0
0	0
0	0
0	0
276	99
1	99
0	0
20	0
59	0
0	0
56	0
44	0
0	0
0	0
59	8
2	1
0	700
1194	1032
4	675
0	765
0	203
3	0
0	0
0	0
14	0
4	0
1	0
0	0
0	0
0	0
0	0
0	0
17	1771
0	0
0	0
0	0
0	0
0	0
0	0
0	0
0	0
0	1
0	1
0	4
0	8
0	3
0	8
0	8
0	7
1	0
18	2
0	0
0	0
3462	1374
34	1423
8	908
34	782
20	752
8	318
3	533
0	514
13	134
12	62
86	61
0	15
3	30
7	20
8	12
49	6
80	551
0	551
0	96
0	0
492	549
9	581
0	575
2	378
0	0
0	176
1	108
0	34
0	919
3	706
29	668
42	781
0	767
1	770
1	818
12	72
0	96
31	11
0	303
1	176
6	151
0	188
2463	1191
1	368
3	267
13	773
0	923
1	953
0	373
1	113
4	339
0	158
167	52
21	0
510	62
6	48
1	19
0	15
2	0
0	1
0	0
0	0
2	122
0	23
25	1593
2	573
0	1582
3	123
3	0
0	0
0	0
18	0
24	402
19	435
49	315
258	22
143	22
0	1
0	1
0	3
0	0
0	0
0	0
7	2
1	2
0	0
0	0
0	0
0	0
0	0
0	0
1	0
0	0
0	0
0	0
0	0
0	0
0	0
0	0
0	0
0	0
0	0
6	0
0	0
0	0
0	0
0	0
0	0
0	0
0	0
0	0
0	0
0	0
0	0
0	0
0	0
0	0
0	0
0	0
0	0
0	0
0	0
0	0
0	0
0	0
0	1
0	0
1	0
10	277
6	280
1	224
0	170
0	73
2	25
3	27
0	9
4000	2471
0	754
0	1618
2	723
1	286
15	137
4	417
10	179
56	86
1	0
0	3397
17	3397
0	3503
0	3503
11	553
6	44
12	218
0	766
0	552
0	77
31	28
1	13
0	16
5	84
0	6
0	4
0	26
0	64
0	21
0	0
0	12
0	14
0	116
3	121
0	118
0	56
0	50
7	16
4	9
0	3
0	6
0	5
0	3
0	0
0	0
0	0
0	0
1	0
3	0
26	0
0	0
264	0
356	974
73	962
26	543
10	269
0	13
0	0
4	0
0	0
0	0
0	186
0	186
0	172
27	0
0	0
12	105
1	27
57	0
0	47
0	61
15	0
0	0
2	239
2	247
1	203
9	232
0	196
0	243
0	20
0	1
0	1
0	2
0	2
0	2
0	0
0	0
11	443
38	363
0	443
0	443
0	22
10	32
0	14
11	7
1	2
106	0
23	119
369	191
0	183
0	10
9	29
0	7
11	18
9	30
0	18
0	22
1	13
2	8
11	5
10	5
0	5
0	650
7	17
1	14
1	6
0	49
16	9
131	1079
1	292
0	1001
5	73
490	3496
9	3536
88	782
11	766
0	0
0	0
0	0
0	1
5	14
0	0
0	0
0	0
0	0
0	0
0	0
0	0
0	0
0	0
0	0
0	0
0	0
0	0
0	0
0	0
0	0
0	0
0	0
0	0
0	0
0	0
0	0
0	0
0	0
0	0
0	0
0	0
0	0
0	0
1	0
0	0
0	0
0	0
0	0
0	0
0	0
0	0
0	1
0	1
2	0
0	0
4	3
0	3
0	0
1	0
1	0
0	0
0	0
0	0
0	1
0	1
0	1
0	1
0	0
0	0
0	0
0	0
0	0
0	0
0	0
0	0
0	0
0	0
0	0
0	0
0	0
0	0
0	0
0	0
0	0
0	0
0	0
0	0
0	0
0	0
0	0
0	0
0	0
0	0
0	0
0	0
0	0
0	0
0	0
0	0
0	0
0	0
0	0
0	0
0	0
0	0
0	1
0	0
0	0
0	0
0	0
0	0
0	0
0	0
0	0
0	0
0	0
0	0
0	0
0	0
0	0
0	0
0	0
0	0
0	0
339	3485
28	3450
3	42
6	76
6	265
0	177
7	334
41	0
0	0
0	0
0	0
0	0
0	0
0	0
0	0
0	0
0	0
0	0
0	0
0	0
0	0
0	0
0	0
0	0
0	0
0	0
0	0
0	0
0	0
1	16
0	0
0	0
0	0
0	0
0	0
0	0
0	0
0	0
0	0
0	0
0	0
0	0
0	0
0	0
0	0
0	0
0	0
0	0
2	22
0	0
0	0
0	0
0	0
0	0
0	0
0	0
0	0
0	0
0	0
0	0
0	0
0	0
0	0
0	0
0	0
0	0
0	0
0	0
0	0
0	0
0	0
0	0
0	0
0	0
0	0
0	0
0	0
0	0
0	0
0	0
0	0
0	0
0	0
0	0
0	0
0	0
0	0
0	0
0	0
0	0
0	0
0	0
0	0
0	0
0	0
0	0
0	0
0	0
0	0
0	0
0	0
1	259
0	264
0	18
4	6
1	42
0	19
0	5
0	0
0	0
0	0
0	0
0	0
0	0
0	0
0	0
0	0
0	0
0	0
0	0
0	0
0	0
0	0
0	0
0	0
0	0
0	0
0	0
0	0
0	0
0	0
0	0
0	0
0	0
0	0
0	0
0	0
0	0
0	0
0	0
0	0
0	0
0	0
0	0
0	0
0	0
0	0
0	0
0	0
0	0
0	0
0	0
0	0
0	0
0	0
0	0
0	0
0	0
0	0
0	0
0	0
0	0
0	0
0	0
0	0
0	0
0	6
0	0
0	0
0	0
0	0
0	0
0	0
0	0
0	0
0	0
0	0
0	0
0	0
0	0
0	0
0	0
9	96
0	99
0	89
3	66
0	12
0	64
1	11
0	3
2	59
0	55
0	0
0	4
0	3
0	216
0	544
1	575
6	555
2	314
0	316
2	247
1	247
3	76
20	11
1	12
0	12
0	12
0	2
0	2
0	5
0	5
0	0
1	0
20	0
1	0
0	0
0	0
0	0
0	0
1	0
0	0
0	0
0	0
11	83
1870	307
0	135
2	0
0	0
1	5
5	5
0	159
1	1
0	1
15	76579
713	47413
0	19305
57	25587
68	3963
14	15718
120	65972
1	7067
2	8181
0	14
0	10
2	2611
0	13
0	0
0	0
1	1
0	1
0	0
0	0
0	3
0	4
0	4
0	3
168	126
1	124
0	1
0	3
0	0
21	0
1	0
2	0
0	0
0	0
0	0
0	0
0	0
0	0
0	0
0	9
2	3
0	5
0	2
0	7
1	0
0	8
0	0
0	8
0	3
0	0
0	0
0	0
0	2
0	2
1	0
0	24
0	0
2	0
0	120
0	31
0	17
0	17
6	5
0	42
0	9
2	13
13	17
1	28
0	12
1	7
1	4
0	0
0	0
0	0
0	0
0	0
19	0
0	183
4	195
0	15
0	5
0	38
0	189
0	12
0	1
0	3
64	0
0	2
0	93
0	171
1	0
0	3
0	9
1	0
0	0
0	11
72	190
0	0
9	0
0	1
0	7
0	0
1	0
2	0
0	0
0	0
0	0
0	1
0	1
0	0
0	0
0	0
9640	602
15	146
2	446
0	6
0	0
0	3
5	0
0	3
0	1
1	1
0	1
1323	2151
2	2149
5	701
0	0
0	0
0	0
0	3
0	3
0	0
1	1023
10	1030
2	759
1	341
0	323
0	304
0	0
0	14
98	7
0	0
0	0
2	13
0	13
0	0
0	0
0	0
439	7869
79	7869
1	0
28	257
51	100
9	56
12	32
7	45
0	8
0	37
0	5
1	18
0	18
0	13
0	0
676	195
1	123
1	72
9	6
0	2
0	6
0	0
0	2
0	2
0	2
319	42
0	0
0	42
0	0
0	0
0	0
0	0
0	0
0	0
0	0
0	0
0	0
0	0
0	0
0	0
0	0
0	0
0	0
0	0
1	0
1	7
6	7
323	155
0	144
0	0
0	11
0	0
0	0
0	0
0	0
4	0
2	0
4	1
6	1
6	1
6	0
8	0
325	256
2	71
6	0
0	103
0	64
4	153
0	678
0	678
1	2
51	123
2	82
0	83
0	7
1	105
0	70
0	22
0	57
0	22
7	675
0	143
0	2
0	187
0	0
0	172
0	181
0	0
0	0
0	177
12	180
0	171
6	0
2	47
1	171
0	10
0	49
0	58
2	996
0	795
4	660
0	0
22	3
0	3
42	0
2	383
149	2139
23	2139
0	187
1	75
4	448
1702	2447
0	1456
0	6
8	2131
0	1237
0	10
7	6
12	86
2	45
1	73
1	90
53	0
0	0
0	0
0	0
0	0
0	0
0	0
0	0
0	0
0	0
0	0
450	57
2	57
1	914
0	912
10	914
2	0
16	469
0	104
0	111
0	33
0	45
2	46
0	11
0	6
0	14
0	2
0	1
0	3
0	2
113	0
820	371
0	157
26	280
3	78
30	75
8	28
1	28
72	13
48	1282
15	959
1	282
0	132
0	57
26	771
10	123
0	196
0	190
0	172
36	287
2	300
1	943
6	809
0	95
0	0
1955	692
0	2
88	861
0	861
9	281
0	204
4	23
2	60
0	124
27	5
0	34
6	1396
43	1270
13	1021
7	176
2	382
0	182
0	0
12	385
21	0
3	5887
0	3023
86	2917
33	5857
4	451
29	2098
81	4414
6	501
2	284
0	0
3	989
48	230
12	1047
0	995
3	119
0	502
0	0
2	156
15	1074
13	1186
26	854
0	142
0	122
16	179
0	212
161	11481
20	58
0	5552
38	9381
3	816
3	8337
49	2253
22	210
19	87
0	131
2	95
4	164
0	122
2	84
145	120
4	121
0	84
0	93
0	53
0	0
0	0
0	0
0	0
7	0
1	156
0	28
0	28
0	0
4	7
104	0
3	35
6	0
10	969
24	80
166	917
4	1
0	911
5	57
0	61
0	59
0	61
1	2
0	0
0	1
0	1
0	0
13	0
0	10463
59	10424
199	3359
0	0
277	0
74	4
0	0
1	0
7	57
3	57
0	22
0	11
0	11
0	10
0	3
0	2905
49	2672
0	2650
1	2631
14	2827
12	3022
0	1912
0	2710
0	3147
0	359
8	18
0	474
0	318
8	159
0	0
5	156
2	99
0	49
0	3
0	0
7349	2416
73	12
43	0
123	2375
0	1647
164	5
209	31
3	218
30	1030
0	68
0	1029
0	144
12	12
9	364
1	197
0	659
0	34
1	34
0	762
19	38
4	104
9	215
0	93
4	96
0	110
0	105
0	10
0	3
0	3
0	3
1	0
8	3
0	3
0	5285
31	5277
4	389
1	1297
1	1272
5	143
71	0
1	0
0	1
0	1
0	0
266	1390
1613	2927
12	1019
0	1857
0	0
1066	1478
7	1658
1	1425
0	1313
86	801
0	231
0	265
0	180
0	28
0	38
0	0
8	38
36	21
5	10
0	11
28	2
0	2
0	2
13	16
0	0
0	15
17	1
1	1
2	0
0	403
0	13
1	390
1626	615
39	108
9	0
1551	278
1	222
1	95
25	157
0	184
221	311
0	49
1	311
0	29
5	111
0	82
33	8
1	1
0	1
0	0
115	629
0	629
28	0
0	4
0	4
2	7460
7	6716
4	0
0	4013
36	4782
69	1760
0	0
0	1
0	1
15	476
0	459
0	370
0	0
0	0
0	0
0	0
0	0
420	0
51	1405
59	1405
58	0
0	3
0	0
0	0
0	0
0	4
1	3
0	0
0	7
0	4
0	5
0	1
0	0
0	0
0	0
1	0
0	0
0	0
0	5
0	0
0	14
1	14
0	14
0	0
0	0
0	3
0	1
0	2
0	0
67	1285
2	1083
4	60
166	964
1	95
8	352
16	130
25	73
40	0
22	9
0	0
1	1042
265	1127
1	23
0	2
1	823
0	221
386	0
504	0
62	910
27	1082
1	888
31	845
0	836
4	741
9	4
7	287
4	12
0	0
7	74
0	87
3	108
0	70
0	3390
23	45
59	3080
12	3351
0	335
2	170
0	15
19	3
17	280
14680	6348
215	49
1	49
121	6346
5	4017
59	3475
7	3382
0	12
0	0
0	359
8	274
2	260
6	366
2	185
18	1070
0	372
0	261
0	337
0	87
2	430
10	0
3237	852
8	741
0	670
3	174
0	221
0	167
0	112
1	7
21	10
2	1488
0	1127
0	951
64	3
134	728
0	1189
0	1
0	0
0	0
0	0
0	0
0	0
0	0
0	0
0	0
0	0
0	0
0	7
0	1
0	1
0	1
0	2
0	7
0	0
332	920
0	197
0	717
3	224
7	48
0	55
14	337
2	412
0	100
3	44
0	65
0	138
0	0
0	0
0	0
0	0
0	3
0	3
2	0
0	0
0	0
0	0
0	4
10	4
0	0
0	12
16	12
0	0
48	0
0	0
0	3
2	4
0	2
0	0
56	0
0	7
0	7
3	7
0	0
0	0
0	0
0	0
0	0
0	0
0	0
0	0
0	0
0	0
0	0
0	0
0	0
0	0
2	836
0	396
1	286
2	472
52	859
20	65
2	306
7	282
9	6
0	270
0	286
21	0
0	0
0	0
0	0
0	0
0	0
0	0
0	0
35	3463
10	2941
1087	1218
6	879
0	346
29	96
0	33
7	3328
59	3411
1	3
0	3
0	0
1	157
577	480
13	0
35	26
2	179
3	5
86	220
3	301
0	347
1	195
4	202
81	1816
0	2007
23	1874
149	65
97	0
0	0
0	21
1	72
2	58
0	35
0	24
110	358
24	358
0	0
14	179
1	179
10	0
0	43
3	15
3	885
3	915
1	555
2	28
13	29
10	5
2	10
0	35
0	0
0	0
306	795
43	105
5	690
0	59
0	3
0	58
0	58
0	20
0	26
0	48
0	0
0	0
1	0
1	0
0	0
41	19
4	19
0	1341
30	1183
6	697
9	558
0	0
0	0
0	0
0	0
0	0
4	489
8	30
0	0
0	0
1	0
0	0
0	0
0	0
43	6314
0	0
2	0
1365	534
8	530
207	847
25	954
134	1054
1	122
6	155
0	59
2	51
0	23
14	22
56	21
17	65
0	17
0	0
646	4
145	1613
2	19
3	19
64	2620
0	2060
0	1688
6540	0
1124	0
16	574
0	577
64	199
0	164
0	178
0	32
14	18
0	23
0	25
1	5
0	12
2	7
2158	1024
11	661
0	830
13	37
0	273
4	278
0	406
25	386
1	405
0	118
5	131
6	38
7	80
0	18
0	22
0	5
1	8
0	6
0	506
4	506
38	0
11	19
10	19
4	383
1	201
26	327
1	341
2	348
0	185
66	461
0	241
6	297
46	201
0	154
0	213
3	104
1	96
42	275
21	249
1	89
0	193
2	0
2	47
80	1456
12	1417
0	218
11	147
1	111
0	103
1	330
0	71
0	133
0	135
0	982
4	982
510	1371
0	990
2	798
0	977
0	733
0	1134
0	342
13	1
4	66
0	0
162	1027
5	1048
1	899
6	881
0	172
105	168
48	171
0	117
0	49
27	50
0	0
0	0
0	19
9	14
0	0
0	0
0	0
0	0
0	0
0	0
123	0
184	195
22	0
0	195
2	31
2	31
1	31
67	14
0	14
0	9
0	9
1	9
2	0
2	0
1	3
14	0
3	14
77	86
1	83
0	13
1	3
5	0
0	2
0	2
2	0
0	0
0	0
0	0
0	0
0	0
227	344
0	68
100	288
6	4
11	2861
0	2914
1	1277
0	762
0	0
61	717
0	717
0	0
0	0
0	0
0	0
0	0
0	0
0	0
0	2
0	2
0	0
0	0
0	0
0	0
1446	0
0	0
1	0
2775	10
68	36
93	26
1135	63
0	63
0	0
1	0
7	13
0	13
0	12
131	3254
5	3298
0	16
0	95
2	417
0	114
1563	58
0	58
3172	558
10	430
1	128
2	2077
1	2057
2	638
0	1532
54	380
1	486
0	0
2	182
1	76
0	12
6	0
14	0
4	2078
0	0
220	321
0	321
1	0
1	0
0	17
0	19
2	21
0	0
0	0
74	0
0	0
0	0
0	0
0	1
0	1
0	0
0	0
1	0
0	0
5	2
9	715
33	116
0	477
1	651
1	351
0	246
0	9
5	5
8	80
1	0
0	80
0	40
342	0
62	4703
2	4139
168	3
0	4655
0	3807
150	6
1	6
1	8
0	5
0	0
2	10
0	189
0	89
284	190
0	0
17	938
1	1217
47	1294
2	1325
8	30
13	76
0	589
4	0
5	136
3661	253
1	240
192	11
176	58
2	72
2	83
2	29
1	0
1784	1838
13	1093
2	1101
0	44
1	1568
29	330
3	968
0	10
0	0
3	7
0	10
0	111
0	111
1	55
62	0
0	0
0	0
0	0
0	0
420	1058
0	703
16	979
21	145
19	1556
0	1442
0	1262
8	1436
1	147
0	38
0	40
1	22
0	22
0	24
1	18
0	18
11	5
5	2
0	0
0	0
0	0
0	0
0	0
2	13
0	13
0	1
950	1197
3	480
4	723
5	470
1	70
0	1
0	0
0	0
2	20
0	15
0	20
0	0
45	1379
0	1347
0	697
0	1330
0	0
0	27
12	0
142	7
0	0
0	0
0	0
0	1
16	1490
36	1545
45	126
1	109
6	82
3	73
0	81
0	12
7	2
0	5
0	14
17	3936
4337	4292
4	3543
42	3168
0	1882
607	466
550	490
0	7
6	0
2	0
2	24
0	0
41	0
34	0
624	344
4	375
0	0
90	129
28	290
34	64
19	1472
1	0
0	0
0	0
0	0
0	6
0	6
2	5
0	5
0	0
0	0
0	0
0	0
0	0
0	5
0	5
2	651
30	1369
45	289
2	630
0	0
1474	0
1	0
1	0
1134	6
304	0
1878	378
1	117
0	95
5	1
1	1
9	166
7	73
4	2846
6	2849
10	2713
0	83
0	2718
0	2823
1	187
7	28
1	266
0	14
2	28
0	108
3	1619
1	323
9	1117
140	170
0	1521
0	2
0	378
0	617
0	1307
6	39
7	325
16	9
24	103
3	179
0	155
0	132
13	135
1	596
33	190
3	462
9	260
7	184
58	219
7	219
0	168
67	567
4	117
2	634
6	337
1	364
0	52
1	128
24	21
1	107
13	106
0	52
0	14
0	184
0	0
1	0
222	1245
0	342
1	126
18	943
0	44
13	85
0	0
1	48
5	59
0	117
0	46
8	43
16	571
6	533
1	504
0	170
0	93
0	43
1	50
2	127
7	27
1	47
1054	418
7	262
8	403
20	192
0	79
0	18
2	1
0	0
0	2
26	0
72	4089
588	5101
14	1514
11	0
7	651
24	651
1	27
997	562
20	520
33	89
0	225
45	240
3717	1323
1	703
17	431
0	8
0	117
44	519
250	56
0	19
0	5
12	32
23	6
42	7
7	6
1	0
0	0
0	0
2	3
1	3
190	2567
0	2574
3	2220
2	650
3	502
10	376
0	262
8	66
5	4
0	0
0	0
0	12
1	12
169	822
3	822
0	11
26	2212
42	1780
113	1656
93	2143
0	521
3	222
2	422
165	167
9	50
0	0
0	82
9	226
0	6
0	213
0	17
0	117
24	116
3	135
0	2
30	74
0	0
0	0
4	561
7	589
3	178
4	259
3	360
3	567
0	51
4	234
2	187
0	108
6	31
2	140
1	31
963	31
69	0
0	2
8	16
2	14
0	6
0	21
2	34
1	34
1	20
1	3
0	0
0	0
29	120
1	4
2	0
0	186
0	41
0	4
0	14
0	0
0	1135
1	1135
0	112
4	53
2	180
0	228
0	1222
0	146
0	154
0	1145
5	24
43	458
24	458
0	74
0	0
0	21
0	21
0	21
0	21
0	21
0	21
0	3
0	2
0	2
0	2
0	2
0	1
0	1
0	0
0	0
0	0
0	0
1	1
0	1
0	1138
0	1086
0	1098
0	1027
6	593
0	52
1	99
20	518
0	0
0	106
4	21
0	47
0	39
3	323
1	15
1	10
4	346
16	48
1	32
21	39
0	78
1239	0
0	0
0	0
0	0
84	0
33	135
2	70
0	112
27	452
0	452
0	29
0	16
4	0
29	1600
5	4112
0	713
9	3796
1	971
0	1828
0	807
7	1335
1	506
10	1254
195	2646
26	351
16	644
0	0
0	0
0	0
0	0
0	0
0	0
9	0
890	4159
259	4159
13	94
39	2460
0	1376
0	963
1	0
2	29
0	0
30	669
112	65
0	693
143	843
2	225
232	71
0	27
0	44
23	0
2638	2096
2	1747
0	1523
0	234
24	426
29	401
10	236
43	79
1	0
0	3
0	3
0	0
5148	0
0	60
0	70
0	65
0	72
0	62
0	28
0	1
0	8
0	786
0	717
31	713
1	268
4	157
0	157
6	699
102	126
0	109
48	420
0	103
55	4
8653	28129
242	27929
190	19461
3	5295
5	7003
0	6488
8	621
0	6910
9	9861
57	2438
3	2507
854	391
6	28
1	131
0	46
3	5
2	15
10	91
11	302
0	302
2	291
0	168
0	169
1	57
0	0
0	1607
0	1622
2	1594
0	0
334	0
17	0
0	28
47	0
2	20
0	61
5	35
2	0
0	4
0	4
0	4
0	3
0	2
0	0
0	0
0	0
0	0
0	0
0	0
0	0
0	0
0	2060
0	2089
2	975
36	70
0	0
2	0
19	0
0	0
21	146
4	0
19	2
4	2
2	0
0	0
1	0
0	356
0	227
0	446
7	483
0	402
0	440
2	23
10	164
0	44
0	21
58	0
0	0
0	0
3	2900
63	2860
3	2489
0	0
0	0
40	2235
6	321
0	0
1	0
0	0
7	0
0	0
0	0
0	0
0	0
0	0
0	0
0	0
0	0
0	0
1	2
0	2
10	3211
0	2957
0	2997
0	2851
0	558
0	2386
4	274
0	2769
0	1271
0	167
0	1597
4	2506
0	1585
7	39
0	1332
0	332
414	1934
0	173
0	0
0	3
0	0
0	0
0	0
0	0
22351	31
0	172
245	1650
0	124
0	166
25	87
91	1082
3	74
8	160
46	982
15	719
42	178
40	0
28	968
121	1263
0	567
0	0
0	1834
31	1860
2	757
3	8
29	20
0	0
0	0
0	0
0	0
0	0
1	0
0	1632
1099	1920
0	1267
18	1555
3	712
0	725
2	1267
8	984
0	1311
0	1035
39	53
1	4
0	49
0	2
0	5
0	12
2	12
0	0
84	261
0	261
0	0
4835	6
575	305
4	17
0	19
0	19
0	19
1	111
1	191
0	0
34	1358
66	1699
221	0
31	1437
18	440
12	274
2	845
312	998
0	410
32	588
0	221
18	84
0	0
0	0
0	0
0	0
0	2
0	2
0	2
309	323
20	129
1	194
0	65
32	103
0	51
59	50
11	0
3	0
0	0
0	18
0	18
0	18
0	15
0	18
0	0
1	0
0	0
0	0
1913	253
1	253
16	72
2950	391
0	140
1	368
0	179
8	6
0	0
5	182
2	1
0	1
990	21
0	7
0	12
0	0
0	0
0	0
0	1
0	0
0	0
0	1
0	0
0	0
116	370
0	98
0	274
0	252
0	48
1	17
0	101
14	30
0	121
0	27
1	19
0	19
4	2
21332	14112
68	7446
0	0
0	9
0	0
1	0
0	0
28	6672
693	0
4119	1585
8	479
35	59
2	1058
0	0
0	0
0	16
3	35
5	59
0	38
13	367
1	369
1	0
0	971
0	971
0	908
0	909
6	176
2	2
0	5
0	30
1	7
0	6
0	7
0	0
0	7
0	0
0	4
0	0
0	1
0	0
1184	3181
5	1491
9	1281
1	692
0	770
1	726
0	1067
0	1380
0	10
15	590
346	927
0	69
12	294
28	70
24	122
0	0
89	289
7	90
4	254
0	17
0	0
32	1048
11	1048
2	419
0	0
3526	8
1486	5507
6	4578
388	5142
137	134
0	0
139	11
4	743
21	739
1	238
0	665
1	661
0	648
7	60
5	200
41	208
0	43
0	0
0	0
0	0
0	201
0	12
0	12
5	322
2	188
1	338
8	26
66	830
0	830
93	1568
2	1603
9	361
0	0
0	250
1	0
0	0
0	0
328	187
0	180
0	173
2	0
1	2
4	0
0	0
1	2
58	0
4	186
18	4
0	196
5	28
112	0
68	406
80	381
2	114
8	47
9	0
576	811
0	811
0	230
10	47
0	0
0	0
0	0
1	0
4	705
0	705
34	671
3	32
1	397
8	12
0	393
21	138
0	410
0	415
0	390
0	396
2	60
1	183
25	211
0	13
0	19
1	36
0	36
3	197
0	43
0	1603
0	1603
66	236
1	162
5	388
1354	98
0	53
4	43
88	1116
0	1102
0	1147
0	700
0	0
1	0
6	36
1	23
1405	348
1	320
15	65
4	8
0	7
4	7
0	5
0	0
0	1140
65	383
0	649
382	1511
0	188
1	118
46	190
0	812
3	1294
0	503
0	0
0	531
0	231
0	83
1	59
0	144
0	77
84	14
351	7054
1862	7050
60	2
7	2
3476	1815
70	36
21	36
18	499
0	1210
39	174
18	225
2048	0
522	965
28	711
37	156
0	438
6	96
100	662
5777	2892
0	0
1	0
0	0
279	813
53	757
127	381
105	234
100	320
705	0
183	3287
12	2705
3	2256
26	1963
0	1797
5	295
5	376
21	171
11	223
18	205
0	109
0	0
7	476
13	141
0	76
19	14
3	464
0	37
6	657
0	630
1	76
0	16
0	16
0	0
0	0
0	0
7	113
62	82
0	64
0	0
1485	15
57	2387
8	1309
0	572
26	1905
0	56
0	250
3	338
87	338
0	0
0	22808
5	26817
32	24245
0	23533
298	20648
3	25292
2	17724
0	25205
0	22271
0	18029
0	7277
6	6294
0	7952
0	7370
0	7348
0	7034
0	6418
255	7984
378	261
182	4292
18	3392
0	0
0	0
0	0
1	0
427	3376
0	1851
0	1030
0	3283
1	1791
0	3174
44	1
0	0
12	192
1	167
0	0
0	0
0	0
0	0
0	8
0	3
0	3
0	2
101	0
60	0
4214	3341
0	1968
184	1176
41	112
0	215
0	0
0	0
0	0
0	0
0	0
0	0
0	0
0	0
27	9
669	225
0	39
0	8
0	0
14	218
0	0
236	603
89	571
0	16
0	48
0	33
6	74
0	29
24	22
0	29
6	41
0	0
0	0
1	3
1692	31682
0	10801
29	9542
0	0
0	0
174	24936
1	13558
128	333
0	0
0	0
0	0
0	0
0	0
1	0
62	1779
54	1817
41	951
29	396
0	763
37	363
1	397
35	44
3	656
0	489
2	360
1	527
0	134
110	181
8	572
0	134
0	183
28	35
5	158
3	464
2	468
25	68
28	346
4133	8
7	0
0	0
16	1
0	0
0	1
0	1
0	0
38	836
20	3148
0	6241
0	6416
0	0
1889	0
7	1219
0	2104
25	2113
0	2092
24	2096
24	17
31	282
226	824
0	0
0	0
0	0
0	0
34	2826
80	125
6	493
0	2920
7	2482
483	157
148	139
161	39
2305	1017
9	1015
13	409
0	25
0	25
10	4509
3781	4540
0	542
25	548
0	21
0	21
0	0
0	4
0	0
4	7
0	0
0	9
0	9
0	8
0	7
0	0
2	0
0	0
0	0
0	0
0	0
0	0
0	0
0	0
85	0
0	0
318	4046
21	3964
0	900
0	81
174	997
0	1092
0	631
1	64
6	18
0	0
0	3218
0	3381
0	338
16	2004
9	69
0	66
0	0
57	0
148	5781
306	5055
0	5814
27	5131
2	5237
0	5277
4	3872
0	1671
0	2047
242	0
5	1532
1	508
2	510
0	783
0	566
0	505
0	254
13	449
33	70
5	423
82	0
0	0
165	0
132	427
0	0
235	4
119	0
61	0
0	0
166	0
2	2579
645	2
0	0
0	0
0	276
0	0
0	0
0	9
0	0
0	0
0	1035
55	856
0	1259
2	830
14	1154
56	73
0	73
38	52
0	1234
14	0
0	539
3	1186
1	339
87	4
1	40
8	182
11	72
140	0
0	49
55	12
142	34
0	93
1	232
80	0
50	0
0	427
3	0
0	0
0	0
0	0
0	0
2	0
0	0
0	0
0	50
1	37
119	52
5	0
0	0
0	69
36	178
0	183
22	81
3	81
1	91
7	91
0	94
0	70
0	4
1	36
1	7
0	18
0	32
0	70
0	31
0	0
2	0
1	1669
7	1620
63	179
0	300
0	304
3	0
64	0
20	32
1	0
19	69
1	0
0	0
1	0
0	0
0	30986
2	30158
0	1440
80	5061
1	2233
2	16
1	792
8	4521
156	0
287	206
0	26231
2	0
367	9
2	7658
18	1521
63	502
0	0
58	1
0	0
3	0
1	0
0	1
223	0
0	15
0	15
0	1740
0	0
0	0
133	32
36	32
13	1604
3	103
0	1958
35	0
0	1875
5	1758
9	250
0	1791
0	0
20	393
0	146
11	34
2	280
0	210
16	23
0	247
18	8
0	44
3	0
13	15
12	0
253	12
85	12
16	1169
37	1181
9	107
1	0
2	381
2	3
2	3
0	3
1	73
0	1
0	619
696	626
4	478
0	320
8	0
0	0
0	0
12	40
0	40
1	0
0	0
0	0
3	0
0	0
0	4
0	35
1	35
0	0
0	10
0	0
0	0
0	0
0	0
0	0
0	0
0	0
0	0
0	1
0	0
0	0
0	0
0	0
0	1
0	1
69	15
2	846
0	18
9	813
1	868
3	19
6	799
0	3349
0	3351
11	1
19	1160
6	1705
44	3214
0	989
2	873
1	115
0	1412
3	1837
2	320
6	14
304	1270
14	115
0	1235
0	601
0	1273
0	1
0	0
1	93
0	437
0	119
0	69
0	260
0	56
11	3
5	53
631	7778
34	9
246	4525
38	264
51	3193
6	1635
49	1233
3	464
19	0
0	298
83	494
5	168
0	0
3	18
5	132
8	75
1	25
0	0
0	3
0	0
1	0
10	4682
13	4807
41	158
155	1783
20	451
13	281
5	11
3	11
74	1120
153	1141
3	169
0	0
0	0
12	0
7050	1235
49	213
162	48
2	530
0	0
11	723
282	570
3	1288
0	1274
0	272
0	239
0	240
6	140
9	0
1	93
0	59
0	0
34	309
1	135
12	300
8	155
11	151
0	45
0	0
0	13
0	15
0	19
0	15
2	1
1819	124
1	124
16	0
3	0
0	0
1	0
0	0
3	188
0	135
0	58
6	27
0	0
0	9
0	74
18	0
0	0
0	0
3	0
0	0
0	0
0	0
282	1720
0	1720
0	0
0	0
0	0
0	0
0	0
0	0
0	0
0	0
16	633
181	633
0	0
26	0
0	0
0	1
0	3
0	3
0	4
0	4
0	3
0	4
0	1
0	3
0	2
0	0
0	0
0	0
0	0
0	0
0	0
0	0
0	0
3	0
86	2052
1	1898
0	968
5	13
18	717
0	124
0	58
121	51
3	11
3	11
5	0
0	0
3	0
0	0
0	0
6	0
1948	349
2	349
1	150
0	0
0	0
0	0
0	0
3172	500
8	19
1	481
0	114
0	0
0	0
0	0
0	0
0	0
0	0
0	1
18	1447
3	1294
4	180
6	206
3	32
25	481
5	106
40	1521
2	32
5	4
51	170
77	4
22	1264
792	2489
1	1789
232568	227433
43	0
0	0
0	401
920	401
0	0
32	382
0	263
0	1
15	374
0	1
0	59
0	104
0	10
0	0
0	0
0	0
0	0
0	0
0	0
0	0
0	0
0	0
0	0
0	0
3	38
0	31
0	31
0	4
1	0
40	0
0	0
0	0
5	0
0	0
0	0
1	0
32	160
1	145
1	126
3	0
143	401
0	401
12	58
3	23
9	37
2	16
57829	226025
0	224
139	72211
60	52750
92	140839
81	60652
4	117443
78	100338
129	89118
0	0
12	1072
0	934
54	317
855	25
3	25
0	0
0	0
0	0
3	337
0	0
0	0
0	0
0	0
0	0
0	0
0	0
0	0
0	0
0	0
0	0
0	0
0	0
0	0
2	1205
1288	9317
8	8596
0	0
4	2517
41	93
0	17
1042	3294
0	2934
8	364
0	5970
1	5374
194	1784
21	815
3	0
2	536
16	595
1	481
12	82
0	0
0	2
0	0
1	0
0	0
0	0
126	443
86	4787
34	498
3	4409
14	4701
0	4319
2	0
0	0
3	706
83	3565
4	530
0	562
0	0
2	357
9	1707
0	412
3	658
2	13092
125	44
0	13056
165	8556
3	8479
3	13152
3	13079
18	345
0	0
17	174
22	938
0	474
2	2200
1	0
0	0
0	0
0	0
0	0
0	0
0	0
0	0
0	0
0	0
0	0
46	12
0	12
0	4
1	7
0	1
0	6
0	4
18	612
12	277
0	0
0	12
0	8
0	4
0	0
0	0
0	0
0	0
0	0
0	0
0	0
0	0
0	0
33	33
0	33
1829	3932
20	2185
200	1
20	1772
63	0
245	62
8	834
258	28
47	1081
0	108
101	0
46	129
54	535
19	14
103	304
214	198
0	0
0	0
0	0
0	70
1	92
34	109
2	117
7	112
0	64
2	24
0	36
1	1
0	0
0	0
0	0
0	0
0	0
0	0
0	0
2	0
1	93
2	86
155	92
1	8
116	340
7	56
0	31
0	17
0	4
3	0
0	0
0	0
0	0
0	0
7	732
7341	1597
29	31
0	496
0	0
2	1171
1	0
0	0
11	2
0	2
3	588
0	606
1	686
46	13
0	221
0	103
0	0
1	241
0	241
0	0
10	221
0	0
0	0
0	0
0	52
0	69
0	50
0	0
0	0
0	1119
0	0
0	0
0	0
0	0
0	0
0	0
0	0
0	0
0	0
0	0
6	16
0	0
0	0
0	0
0	0
16	5499
106	5499
1	131
2	131
39	0
0	0
0	0
0	0
0	0
96	4690
2	4385
218	2041
5	432
40	2348
10	173
64	0
0	0
7	115
0	0
0	1
0	1
0	1
2	0
5	609
30	609
2	20
0	0
0	0
41	53
0	53
1	0
0	2320
13	552
0	312
67	377
14	718
0	2147
0	2285
16	67
6	70
123	0
0	91
70	444
8	259
91	271
2	463
5	359
9	84
0	0
29	0
21	185
121	1431
4	1194
21	202
35	1089
39	975
3	37
6	38
0	38
46	868
1	868
0	285
0	0
6	0
0	0
0	0
0	0
0	0
0	7
0	7
0	65
0	56
7	43
0	58
0	64
0	36
0	4
0	0
0	3
0	1
1	16
0	14
0	0
0	0
0	0
127	2521
15	1966
104	1378
7	304
1	675
0	0
0	7
0	7
0	7
6	0
710	313
0	0
0	64
53	42
57	244
0	0
2	0
5	0
0	0
0	0
0	0
0	0
0	0
0	0
0	0
0	0
0	0
10	0
0	2
0	0
4436	2331
125	528
46	2324
0	0
0	2266
0	2266
10	1009
0	1508
0	2040
0	2125
0	1669
0	241
24	1
1	524
28	262
5	72
153	0
345	6086
2	5753
0	3570
0	3901
15	4466
0	2700
137	2871
0	2021
5	302
0	700
74	174
0	239
0	237
4	509
3	365
0	511
1	331
0	371
0	417
0	467
0	436
0	375
0	423
0	521
0	513
0	261
1	370
0	495
0	410
0	362
0	313
0	508
0	192
0	522
0	559
0	390
0	506
0	496
0	352
0	274
0	0
0	2
0	0
0	526
0	35
5	108
4	59
1	486
81	17145
4	0
0	0
0	0
41	66
21	69
0	0
0	0
8	4
49	25
44	309
5	302
0	182
0	212
4	2
1	30
99	46
4	1
50	86
0	0
0	0
0	0
0	0
1	0
0	0
0	0
5	1
37	16
2	17
41	53
0	0
5	10
0	2
0	0
2	2
3	0
0	0
55	71
4	25
0	4
0	0
0	0
0	0
0	0
0	2
0	2
0	0
85	110
0	128
0	49
0	75
0	256
0	174
33	43
0	131
0	4
15	0
22	221
8	82
2	0
0	94
2	0
0	0
0	0
1	3
0	3
0	0
0	0
2504	0
34	0
0	1
0	1
0	0
0	0
0	0
0	0
1	0
0	0
1	0
0	0
3	1
1	1
0	0
0	0
2	694
22	2237
23	1860
9	12
1	28
1	1783
4	608
0	913
5	3
8	596
5	246
29	4815
31	5159
0	4632
252	4631
1	2970
76	126
25	18
5	487
2	411
0	118
14	321
152	1
2	26
11	1
0	315
0	290
2	284
3	277
0	301
0	46
0	21
9	41
2400	263
5	1
0	198
85	248
1	16
0	0
0	0
0	0
0	0
0	0
0	0
0	0
0	0
0	0
0	0
9	1753
0	0
0	0
0	0
0	0
0	0
0	0
0	0
0	0
0	0
0	0
0	0
0	0
0	0
0	0
0	0
0	0
0	0
0	0
0	0
0	0
0	0
0	0
0	0
0	0
0	0
0	0
0	0
0	0
0	0
366	2987
0	2983
5	1884
0	0
3	58
0	58
3	2
0	39
5	2
0	0
0	0
0	0
0	0
0	0
0	0
0	0
0	0
202	63
7	61
0	0
35	1
0	1
2	991
44	991
18	143
17	83
84	0
0	0
0	0
0	0
0	0
0	0
10	35
0	0
0	0
0	0
0	0
0	0
0	0
0	0
0	0
0	0
0	0
1268	0
0	0
0	0
0	0
267	103
3	103
0	0
0	0
0	0
7	0
275	4
2	0
0	0
0	0
772	2755
21	2542
6	2395
98	2374
220	54
0	273
0	50
15	2
128	0
37	0
0	0
0	0
5	0
0	0
0	0
0	0
0	0
43	10
0	0
0	8
67	108
3	108
0	97
1	97
10	0
0	15
8	11
8451	918
44	899
4	232
0	0
0	0
0	0
0	0
0	0
21	360
35	1764
7	927
2	74
47	1
131	304
1	1741
16	0
1	32
37	9
38	8
19	1
0	0
0	78
4	13
0	18
6	8
4	3
25	2139
1438	2179
3	49
32	1088
57	2043
13	1144
182	20
34	93
117	5
0	0
0	0
1	0
137	0
345	379
348	587
0	537
1	24
29	0
0	972
1883	1193
3	549
19	711
6	1127
1	111
0	129
49	0
0	194
0	27
1	1095
0	487
1	1026
5	998
0	0
46	0
79	8
13	52
2099	268
2	254
0	0
0	0
5	15
0	15
1281	190
0	101
2	146
8	0
0	0
1	0
1379	1060
25	71
7	983
0	0
195	326
392	2
2	116
0	0
2034	3132
0	2862
5	2025
39	1076
23	355
0	0
3	2
0	33
139	378
0	72
46	33
100	118
0	178
0	1
0	1
0	0
0	1
0	0
0	0
4	1760
5	2051
0	2091
1	2051
12	1885
13	429
1	372
9	98
0	123
5	165
1	82
0	9
0	8
55	0
27	2339
0	22
11	84
0	52
0	30
5	32
6	0
0	0
0	0
80	0
193	3043
0	2772
2	630
25	213
46	211
1	94
1	0
527	184
60	176
52	85
1	163
0	0
0	0
0	0
2	0
0	0
1	0
0	0
120	336
131	338
23	0
0	0
0	0
0	0
0	5
5	2
15	261
23	28
7	41
1	224
9	257
270	0
0	120
0	89
3	120
1	5
1	0
0	21
7	21
0	21
125	2
6964	1016
3	0
8	269
24	496
13	45
2	252
550	138
19	0
43	138
0	0
0	0
0	0
0	0
0	0
0	0
0	0
0	0
0	0
0	0
0	0
0	0
0	0
0	0
0	0
0	0
0	0
0	0
122	278
0	233
65	0
5	162
0	210
628	0
65	627
5	627
0	20
0	0
0	1
0	1
0	0
1	127
140	299
1	39
84	130
26	299
1	70
13	118
8	79
0	0
0	0
0	39
0	0
98	0
321	75
0	40
0	33
1	0
0	5
6	10
0	0
275	161
0	161
0	159
0	19
0	15
0	52
0	0
2	0
935	673
0	972
9	901
0	19
259	384
0	121
1	38
1	53
4	206
3	41
283	0
2	27
2	226
5	230
1	228
0	222
0	2
19	1
7	15
0	12
0	11
0	1
0	0
0	0
0	0
3	2
0	2
0	0
1	0
0	0
0	0
0	0
0	0
0	0
0	0
0	0
0	0
0	0
10	58
3	52
0	47
0	22
0	10
1	6
299	1417
46	1295
0	401
0	146
11	0
168	32
0	32
0	43
0	0
1	0
0	406
0	3200
71	301
0	67
0	153
10	3049
51	857
0	800
1	2664
0	256
154	0
10	0
0	2108
18	47
0	1521
13	0
104	0
0	277
31	664
10	2694
15	3024
14	70
3	670
0	703
1	208
6	0
118	1297
1886	1299
87	0
490	640
0	517
0	1
73	0
195	26
4	215
32	0
20	0
15	0
14	21
41	2
0	121
0	0
0	0
0	0
0	0
0	0
0	0
0	0
1	0
0	0
0	0
0	0
0	0
0	0
0	0
0	0
0	0
0	0
0	0
0	13
0	13
0	5
0	6
0	6
0	0
0	0
0	2
0	0
0	0
0	0
0	0
0	0
0	0
0	0
0	0
7	0
0	0
0	0
0	0
0	0
0	0
0	0
73	768
9	700
6	99
0	627
94	561
1	69
0	101
0	166
0	50
2	49
0	22
71	578
24	576
0	573
29	575
41	0
1	0
2	0
0	137
0	1130
2	137
0	1163
0	1130
2	41
3	42
0	2
0	60
0	947
0	141
22	928
0	69
0	157
0	0
27	91
0	0
1	0
125	2944
0	3466
25	3144
6	0
6	0
2	309
26	51
26	36
0	0
763	291
44	32
0	279
0	0
0	0
0	0
0	0
0	9
279	9
19	0
305	1148
75	1148
0	11
1	3467
286	3480
0	517
0	813
0	873
8	645
3	302
3	569
0	828
0	0
0	0
0	0
0	0
0	0
2	0
2344	1048
12	2
1	185
59	404
24	111
10	292
0	39
38	83
2	134
10	124
33	4871
0	5709
0	4576
1	5972
14	431
13	751
197	25
0	0
0	0
0	5
0	2
0	2
1	2
0	2
0	2
0	0
0	0
4	21
0	21
0	16
0	1
0	0
0	0
1	0
0	0
0	0
1	0
0	0
3	0
0	0
0	0
0	0
0	0
0	0
0	0
0	0
0	0
0	0
0	0
0	0
0	0
0	0
0	0
0	0
0	0
0	0
0	0
0	0
0	0
0	0
0	0
0	0
0	0
0	0
0	0
0	0
0	0
0	0
0	0
0	0
0	0
0	0
0	0
0	0
0	0
0	0
0	0
0	0
0	0
0	0
0	0
0	0
0	0
0	0
0	0
0	0
0	0
0	0
0	0
0	0
0	0
0	0
0	0
0	0
0	0
0	0
0	0
0	0
0	0
0	0
0	207
32	308
0	291
5	66
0	202
0	9
0	11
0	1
0	44
10	0
937	582
0	560
1	509
409	385
0	132
0	0
0	3438
182	3650
35	33
18	1859
1	5
1	251
11	148
0	137
2	141
7	0
2	0
87	0
4	10
0	424
537	5723
1	175
0	237
3	86
1	5422
2	141
9	214
90	60
27	0
9	278
5	615
0	174
0	454
5	77
1	213
3	0
833	460
0	128
17	332
0	273
3	147
2	68
0	0
1	0
0	0
0	0
0	1
0	1
1	24
0	22
1	6
0	1
0	0
95	707
82	1073
1	133
2	233
7	309
6	896
1	437
157	7
0	476
3	0
20	48
1	0
2	0
0	21
143	308
0	312
60	283
0	100
0	0
0	0
0	5
0	3
0	0
0	0
0	0
0	3
0	5
0	0
1	353
18	77
2	317
2	49
0	109
0	96
11	82
0	91
0	124
10	5
0	3138
2	3417
0	3435
38	1
22	4684
6	4808
16	4634
0	1649
2	6
9	594
12	2839
6	281
1	1052
0	892
2	537
6	696
0	762
1	433
0	390
0	273
60	110
0	0
10	9
0	0
4	65
29	1228
2	115
34	584
39	778
0	1556
0	1621
1	287
1	198
0	66
0	0
0	65
0	378
0	3
0	3
0	0
0	3
31	329
0	329
0	26
45	180
1	250
2035	298
0	0
0	0
0	62
0	0
0	0
0	0
0	0
0	0
0	0
0	0
0	0
0	0
0	0
3	88
0	88
0	0
0	0
0	24
1	0
0	5
0	1
3142	948
114	157
0	228
0	446
0	444
6	490
0	0
0	136
1	438
14	453
0	48
0	29
12	70
0	7
1	800
0	315
0	107
1	127
8	627
0	734
0	188
12	368
2	217
93	0
2	3373
16	3602
1	2599
2	3296
0	2877
7	549
37	328
0	242
24	831
27	2211
40	1430
0	1070
0	691
3	0
44	491
4	370
0	469
1	366
0	475
1	404
0	408
0	411
0	199
0	127
0	0
0	75
258	165
0	5
0	42
1	119
1070	10799
3	7679
201	10799
25	5480
5	1373
147	2698
5	756
14	866
13	348
1	130
0	682
0	750
0	483
0	535
0	466
2	129
17	345
3	11
11	405
7	461
21	321
0	365
0	146
3	226
9	191
12	15
0	1089
0	166
4	188
0	213
0	309
5	449
51	1259
1	345
0	265
7	1271
1	0
2	79
1	11
104	317
2	3
0	45
0	106
0	89
1	46
3	107
5	0
0	45
0	5
0	0
0	64
0	79
0	157
0	58
0	25
1	87
1	102
0	12
0	113
0	7
1	0
37	1416
2	1433
47	963
2	1034
9	264
0	502
0	249
0	263
0	247
1	95
44	506
0	475
1	38
7	103
0	2
0	82
15	62
0	0
0	0
0	0
0	0
0	0
0	0
0	0
0	0
0	0
0	0
0	0
0	0
0	0
0	0
0	0
0	0
0	0
0	0
0	0
0	0
0	0
0	0
12	1284
75	1293
46	1270
17	373
3	630
10	404
0	268
0	248
1	111
0	11
2237	73
0	54
4	4
39	9
0	0
96	2310
13	2515
213	2457
1	491
33	9
0	17
7	0
3	20
3967	464
0	464
194	2696
4	2314
3	588
3	737
19	341
7	19
1	19
0	3
21	51
1	39
2	0
0	4
0	0
2	3
1	1
0	1
0	0
5	6
0	1
0	0
0	4
0	0
0	0
0	0
0	0
0	0
344	2780
64	2605
10	302
0	791
4	71
15	800
6	0
25	339
1	0
0	0
3	200
11	180
94	175
0	4
0	10
0	0
14	181
16	168
0	21
0	91
0	26
0	0
47	43
16	0
0	0
0	0
0	0
0	156
0	155
0	132
0	152
0	58
0	152
0	0
0	0
0	1
0	1
2	0
0	6
1537	0
40	232
11	261
3	55
0	90
3	77
112	383
3	196
24	382
0	147
6	25
0	3
2	1
0	2
0	0
0	0
1	0
4	878
1	3
0	877
0	872
123	872
18	3
2	872
58	872
11	318
188	29
186	85
0	132
840	63
0	19
3	52
3	47
21	20
3	158
12	1401
0	1401
0	804
1	332
23	1121
2	58
0	0
4	282
2	70
0	406
0	139
0	128
0	302
0	190
0	470
0	160
0	296
0	239
195	301
0	12
4	12
0	8
64	1049
9	1049
0	320
9	131
0	332
3	186
2	3
6	27
0	27
5	0
45	2116
1	2273
11	2234
0	2214
37	2193
3	2208
16	343
0	105
4	377
0	319
1	286
0	75
3	11
0	9
181	5411
1290	5837
0	623
22	522
12	598
0	1728
7	1392
26	177
0	115
99	0
0	30
2	11
1	11
0	7
0	11
0	11
0	2
0	2
0	0
4	0
0	3
0	3
0	2
0	2
0	0
0	2
0	1
0	1
0	1
0	1
0	3
0	2
0	0
351	1667
0	1616
0	193
135	1209
2	310
0	40
0	88
0	569
7	376
9	255
0	361
4	97
18	4137
826	4543
11	3172
1	3962
12	3905
40	420
94	13
12	636
335	54
5	1692
2	72
8	33
1	225
12	449
0	669
0	714
0	100
2	760
1	1187
12	603
8	528
0	0
60	630
75	279
161	58
66	3449
0	3399
0	1743
67	14
33	260
2	375
0	267
0	77
4	6
64	0
279	1511
22	23
0	42
4	19
6	112
342	46
112	7
43	848
144	848
0	0
134	2139
64	2139
0	66
31	76
0	0
0	0
0	37
4	35
0	6
0	0
1	29
19	153
37	179
17	18
1	22
1	9
1	20
1	24
1	80
0	1387
0	1339
0	1347
29	394
1	45
9	1229
30	1184
2	1163
3	35
0	117
154	86
1	108
0	117
1	20
1	8
0	8
0	0
14	7
0	7
0	0
0	0
0	0
0	0
0	0
0	0
0	0
0	0
0	0
0	0
0	0
3	0
0	774
0	0
0	0
0	0
0	0
0	279
4	81
1	0
2935	1578
5	428
0	686
122	1481
55	447
2	361
0	0
3	583
0	2
18	1048
0	0
133	1363
0	0
3	1231
9	1105
0	470
4	1299
0	1352
0	2
0	1288
0	1304
33	1155
7	23
5	243
0	1228
3	14
181	0
7	1151
2	74
0	128
1	188
42	109
0	66
0	0
0	48
0	17
0	5
0	5
0	0
0	0
0	0
2	1879
3	2128
2	238
15	2008
0	195
3	493
152	671
6	339
14	319
52	233
0	233
0	0
0	7
9	7
2	2
0	0
1	0
1	0
1701	5912
95	5937
2	5813
61	5910
9	184
0	99
5	27
298	52
0	46
0	23
0	6
0	227
119	250
5	25
6	63
602	378
64	390
2	161
7707	3752
260	21
12	3115
1	749
10	1770
23	0
1	0
12	2275
1870	8584
42	7083
0	6371
2	4037
57	2644
70	354
63	3727
8	15
1	5
8	191
86	0
2	1540
0	508
24	0
11	535
0	16
14	16
1	0
0	0
0	0
0	0
9	364
0	215
0	309
13	281
0	219
0	292
5	106
0	10
7	36
3	31
0	16
29	7
2	11
4	7
18	1
62	1222
1	75
0	1222
7	0
0	163
3223	635
29	179
0	114
2	45
5	250
26	99
19	4122
2	4114
0	4353
0	4381
0	4429
97	862
7	88
3	262
3	176
0	2831
22	218
5	370
3	294
7	557
4	422
185	150
0	5398
0	1089
0	125
3	1424
5	400
2	549
27	1217
6	513
0	666
0	541
0	5015
0	4875
0	1508
50	4746
0	703
14	1327
0	4386
1	474
0	943
4	626
0	647
8	126
0	1066
15	344
3	291
0	1244
1	1132
0	964
0	695
2	866
1	874
1	508
4	27
0	360
16	649
17	197
4	72
1	2301
0	3911
171	3891
1	155
0	226
5	624
298	311
7	264
5	288
148	0
28	24
6	619
16	125
1298	3929
0	1804
18	160
6	923
11	1884
9	109
5	17
3	106
178	313
0	157
15	191
7	124
128	25
7	25
0	0
0	0
0	0
219	1055
11	396
3	248
7	246
0	66
139	452
2	224
11	134
3062	0
0	0
52	51
0	0
0	15
7	38
0	15
0	30
2	0
0	0
110	2661
112	1333
39	1593
3	457
0	151
0	36
0	103
7	241
52	269
31	569
22	394
4	45
0	0
168	149
3999	405
32	256
0	40
3750	1172
0	1001
0	538
0	0
22	3
0	115
1	306
0	628
195	430
2	164
7	114
7	172
0	0
79	164
3	625
1	125
0	216
0	73
0	123
276	50
1	9
0	3
1	1
7	14
12	26
0	0
0	0
0	0
0	0
1	82
1	82
0	1
1	0
2	1
0	1
0	12
0	0
0	3
2	162
0	66
0	107
0	155
0	81
0	117
0	119
0	110
0	0
2	0
3915	4531
9	2049
3	1054
35	1045
6	214
106	1811
2	949
11	164
0	0
4	276
0	276
0	1
1	0
1	64
0	0
0	1
0	12
0	6
3	0
1	0
0	688
0	654
1	33
10	1
0	312
0	292
6	302
2	47
0	16
4	454
105	4605
0	4815
15	4435
2	1202
6	50
0	1725
6	280
14	1910
0	222
4	1878
0	331
0	906
1	273
0	1287
7	628
61	2243
17	439
0	388
1	323
9	268
14	688
14	705
0	274
1	91
0	397
0	348
8	71
3	28
9	20
40	41
1	0
1206	1318
2	1292
0	24
441	0
3	0
1881	301
3	121
0	121
0	110
9	93
8	59
9	48
0	0
0	0
0	0
0	0
0	0
0	0
0	0
0	0
0	0
0	0
0	0
0	0
0	0
0	0
0	0
0	0
0	0
0	0
0	0
0	0
0	0
1	1
0	1
0	0
0	0
0	0
0	0
0	0
0	0
0	0
0	0
0	0
0	0
1	1
0	0
0	1
3	0
9	0
0	0
0	0
0	0
0	0
0	2
0	0
0	0
0	0
0	0
0	2
0	2
0	0
0	0
0	2
0	2
20	69
2	69
0	52
1	91
4	214
6	0
0	124
1	35
1	92
0	172
1	20
0	76
1	107
0	124
2	13
0	35
4	35
1	101
5	0
640	777
2	67
36	665
0	192
0	170
151	172
9	14
0	0
0	0
18	5278
105	312
0	5133
0	231
27	16
0	0
21	0
9	67
190	493
37	0
0	2818
0	2164
2	2450
6	122
0	628
0	792
6	251
1	121
22	31
0	290
0	487
6	1978
1	2053
1	2085
4	2090
1	121
0	150
18	1929
0	2002
5	1966
0	1998
5	2062
10	186
7	76
8	153
52	323
3	131
0	160
0	39
0	53
1	75
0	1
0	41
0	14
39	35
0	28
0	5
0	1
0	65
0	0
0	0
80	3828
31	1294
3	2556
40	2838
0	3828
3	1004
0	10
32	3
0	29
0	31
0	8
6	13
2	15
7	0
65	0
0	0
3	172
35	159
0	35
3	29
9	14
21	0
0	359
2	59
3287	588
1	52
7	320
1	52
31	8
0	61
0	0
5	87
0	149
879	174
1	66
4	28
13	91
0	0
0	626
1	591
1	566
2	614
40	0
0	52
4	47
1	6
0	68
8	67
3	49
1	68
508	5148
100	0
0	4932
1	377
3	161
63	198
30	1806
16	458
47	500
1	302
2	351
67	71
2	59
0	13
17	14
0	3939
61	3939
0	3788
0	1343
0	2569
13	23
17	39
0	62
2	57
2	37
0	0
0	688
2	0
115	1274
34	11
4	144
2	177
6	233
0	425
1	292
1	0
0	540
30	735
2	108
0	164
0	165
1	160
0	36
0	39
0	0
0	0
0	0
0	0
0	0
0	0
0	0
0	0
0	0
0	0
0	0
0	0
0	0
0	0
0	2
0	2
0	0
0	0
36	3
0	3
1	3
3	3
0	1768
0	1784
10	27
1	1795
4	32
7	182
0	1489
1	0
0	0
0	0
0	5
0	0
0	0
0	0
4	0
0	0
0	0
0	0
1	3
0	2
0	0
2	2
1	0
0	0
0	0
0	1
0	5
0	0
13	19
0	5
0	9
0	5
0	1
0	0
0	0
0	0
0	0
2	0
15	91
2	91
0	26
0	0
0	0
0	529
0	2649
1	2202
19	2760
1	2009
11	1693
0	1660
0	2018
0	91
4	1588
0	9
2	1577
0	1778
0	546
0	1781
17	187
34	12
42	234
97	513
0	657
19	32
2	19
0	530
18	96
0	64
0	0
1	75
0	152
4	1449
793	1453
1	72
6	3
0	0
0	0
0	3
0	0
0	0
0	0
0	0
92	0
2	0
0	0
0	131
22	133
0	0
0	7
0	0
0	4
0	4
0	4
0	4
2	4
0	3
0	3
0	2
0	2
0	0
0	2
0	2
0	2
0	2
0	2
0	2
0	2
0	2
0	2
0	2
0	2
0	2
0	2
0	2
0	2
0	2
0	0
0	0
0	0
0	0
0	0
1	0
0	0
0	0
0	0
0	0
0	0
0	0
0	0
0	0
0	0
0	0
0	0
0	0
0	0
0	0
0	0
0	0
0	0
0	0
0	0
0	0
0	0
0	0
1	0
2058	4734
4	4734
10	158
29	320
0	513
19	552
4	858
0	428
38	2
0	0
137	24
3	116
62	485
325	1566
0	1369
1	1305
0	1306
1	1276
0	2988
0	2970
0	1803
0	1486
280	2840
0	1223
2	51
11	1714
0	0
10	73
0	70
3	17
0	18
0	1
90	0
0	0
0	0
0	0
0	0
0	0
0	0
16	3
1	2
32	3
419	183
1	183
513	2488
550	37
10	2488
10	9
0	9
0	0
2	0
0	0
0	0
75	1261
0	1099
1	1108
108	1107
0	0
4	725
12	437
1	175
0	133
0	97
0	0
79	340
2168	352
1	171
6326	173
221	422
15	415
62	116
1	0
13	5
6	0
72	67
0	62
0	0
20	41
905	3487
0	2571
2	1168
2	165
38	466
118	192
0	466
7	117
0	437
0	32
0	419
39	234
0	166
1	0
0	0
17	0
10938	2
15	0
0	0
0	0
0	0
0	1
0	0
1	2758
0	0
0	1
5	1
1	0
0	1
0	0
0	1
0	0
34	579
2448	5573
141	5573
2	0
1	0
13	0
0	0
0	0
1442	1182
0	1195
0	377
0	670
0	467
0	467
8	714
2	781
0	107
11	678
0	153
9	441
67	67
0	0
0	0
21	0
0	0
1	0
3	0
0	4
0	8
1	6
0	7
1	6
0	0
6	3
1151	3180
3	2808
135	1764
100	1212
1	978
7	1835
30	358
3	609
31	188
3	692
105	292
0	292
4	0
0	0
0	0
0	0
0	0
0	0
0	6
7	6
1	4
2	0
361	11563
122	902
64	4162
4	1620
2	1177
436	2
35	330
147	7001
8	431
22	235
13	412
0	0
3	51
59	9
0	0
1517	721
0	215
2	573
1	89
2	73
0	120
2	52
0	0
0	0
0	0
94	0
0	0
1619	387
14	216
3	118
0	0
8	208
2	11
6	1452
81	1308
4	1167
3	38
0	849
0	503
0	86
3	202
0	0
61	760
1	748
0	776
11	39
1	10
1	16
1	16
0	13
0	8
0	3
0	0
0	0
20	371
1	51
0	0
1	11
0	0
0	0
0	0
0	0
2	2
19	2
1600	1347
8	1347
22	44
1	123
0	0
199	764
16	764
1	204
0	64
6	730
13	2333
315	1862
22	362
0	1421
0	774
2	723
0	428
3	176
4	131
0	4
0	131
2	124
0	100
2	149
6	130
119	147
0	0
1	36
0	35
4	11
0	0
35	370
10	361
43	332
0	331
1	359
0	110
3	107
0	100
0	0
0	0
0	0
0	0
0	0
0	0
0	71
0	71
1	0
0	0
4	3437
0	1760
1	3234
5	90
0	638
0	385
81	577
10	31
18	124
219	123
0	22
1159	119
0	100
3	19
5	39
1	39
5	29
0	1
0	273
4	273
1	171
0	28
10	11
0	0
0	0
0	0
1	0
2	9
0	0
2	9
0	688
1	688
5	0
11	0
3	0
342	265
4	97
0	18
7	18
0	223
0	195
0	30
865	37141
18	31004
36	3894
47	33789
2	7
58	8475
521	0
16	3579
5	0
0	0
0	0
1	4
0	4
0	4
2	5
4	5
0	4
0	0
0	0
0	0
0	0
0	0
0	0
0	0
0	27
142	87
3	0
0	0
0	78
3	0
0	11
9	0
6	169
508	169
1	0
235	44
2	44
1092	15173
49	15028
3	5988
0	8978
4	5861
1	12
0	12
0	0
0	0
0	0
0	0
1	0
1	0
0	0
1	0
1	19
0	0
0	0
3	0
0	0
0	0
4	0
0	0
0	0
0	0
27	0
0	0
0	0
0	0
0	166
15	48337
8	46419
130	22378
0	35090
6	4822
12	6146
0	25751
0	5229
0	0
4	3961
5	7586
17	8
2	3153
128	4601
66	2285
73	17102
1	12
0	3
2	103
0	92
1	90
0	98
2	90
0	31
0	11
0	0
0	0
0	3
2	3
74	4271
56	1825
0	3693
0	5878
112	2771
3	0
2	185
86	0
32	0
61	615
0	101
4	5646
1	140
13	0
5	775
2037	2738
0	682
0	18
0	18
1	20
0	13
0	0
0	0
0	0
0	0
0	1
4	1
0	0
0	0
0	0
0	0
0	0
0	0
19	0
7550	384
10	56
2	165
46	125
1	41
124	245
12	248
3	56
5	30
0	15
0	1
0	1
44	183
0	150
12	170
0	114
0	13
0	53
0	134
362	223
1745	2643
0	99
2129	190
1	46
415	64
0	6
6	688
16	1884
1	60
4	41
2	134
90	29
2	331
3	123
66	13
1	292
86	38
15	28
1	28
0	215
97	476
8	7
1	271
2	0
0	1
0	1
5	46
0	46
0	9
0	1
0	1
0	0
2	6
0	3
0	2
0	0
0	0
0	1
0	0
33	0
64	1510
89	2011
0	1260
9	1246
0	489
5	474
0	278
23	0
2	0
5	69
0	69
0	5
0	12
1	0
0	0
0	15
0	5
2	0
0	15
7	28
0	28
0	19
0	16
4	321
26	321
0	321
0	66
0	23
0	10
1	2
0	0
0	0
3	0
0	0
0	0
43	611
1	156
29	3224
9	3214
0	159
5	228
9	42
3	992
13	55
26	0
138	0
29	0
12	232
5	162
6	188
21	2338
1	1994
0	432
11	1600
1	1098
0	1571
2	1606
0	0
42	0
0	4
0	0
0	25
8	23
33	1168
0	712
1	856
7	1
1	288
86	0
2	54
0	183
1	0
0	0
0	0
0	0
0	0
0	0
0	0
0	0
0	8
11	1
1	6
2	9
0	0
2	0
0	0
0	0
0	0
1	0
0	0
0	0
1	0
0	0
25	319
3	6
13	318
18	0
0	0
0	0
0	0
1	0
0	0
0	791
23	0
2599	2541
0	2390
32	368
59	257
55	95
84	397
5	364
3	2
0	2
173	210
415	261
1	0
3	49
3	0
39	8
0	8
0	0
80	32
0	32
2	1
0	1
0	0
186	254
6	225
60	40
271	1242
6	320
0	604
0	68
10	0
15	58
10	82
0	144
0	220
0	180
3	51
7	50
10	0
2	385
4	156
1	153
9	5
0	131
237	2
129	26
1	26
2	2
0	2
0	35
0	59
82	151
11	0
0	4
0	64
3	34
6	11
4	2347
0	2627
734	2697
0	2445
4	1548
23	1184
1	446
2	577
62	766
3	313
3	413
6	182
39	666
128	0
0	211
32	127
0	125
17	114
19	445
8	0
200	0
0	0
3	2564
393	3403
152	841
252	0
4	1274
1	0
0	295
0	38
84	1022
16	14
48	79
0	1014
0	44
4	27
27	10
6	40
1	45
2172	2447
9	2143
0	33
0	378
3	67
0	4007
0	4007
1	127
0	3925
5	538
2	83
1	16
13	16
0	17
0	17
0	4
0	1
0	215
1	0
7	243
0	0
22	0
0	44
2	0
3	18
20	680
192	1034
2	830
1	1038
20	1127
0	266
18	9
1	240
50	1
11	24
0	18
4	64
19	16
0	0
3	0
0	20
0	15
0	18
5	50
0	0
0	20
4	3183
0	3281
3	63
0	63
0	1639
9	258
0	160
35	0
0	0
396	0
1	0
0	0
18	169
71	545
0	436
1	534
252	52
1	16
0	2
0	21
0	11
0	0
23	0
851	281
2	280
31	172
6	164
83	1
0	0
0	0
0	0
0	0
1	0
0	0
0	0
0	0
0	0
17	386
29	5
2	115
35	52
0	70
0	70
2	19
0	197
0	197
0	52
2	0
1	0
0	0
0	0
40426	6
0	0
615701	244
1	0
35380	4
0	0
0	0
0	0
7022	110
0	0
0	0
0	0
0	0
0	0
328861	136497
0	0
0	0
65	103456
0	0
7621	0
115	51423
119	189781
0	0
21	14216
0	0
10	1285
10287	7434
0	0
0	0
0	0
9371	6
494	4
0	0
36661	4
0	0
0	0
0	0
0	0
0	0
0	0
0	0
0	0
0	0
0	0
0	0
0	0
0	0
0	0
0	0
0	0
0	0
0	0
0	0
0	0
0	0
0	0
0	0
0	0
0	0
0	0
0	0
0	0
0	0
0	0
0	0
0	0
0	0
0	0
0	0
0	0
0	0
0	0
0	0
0	0
0	0
0	0
0	0
0	0
0	0
0	0
0	0
0	0
0	0
0	0
0	0
0	0
0	0
0	0
0	0
0	0
0	0
0	0
0	0
0	0
3	142
0	0
0	0
0	0
0	0
0	0
30	3
1	2
0	0
0	0
1	0
0	0
10	3
0	0
4	225
0	19
145	224
0	0
0	0
0	0
0	0
0	0
0	0
0	0
1141	746
0	753
32	593
28	133
0	8
0	0
0	0
0	0
0	0
0	0
0	0
0	112
0	112
0	95
2	0
1	19
0	19
3	19
0	19
0	0
0	0
0	0
0	0
4	88
17	533
2	90
0	4
0	26
1	0
4	2
0	1
0	1
0	15
0	16
0	14
0	25
0	9
0	23
0	22
0	22
0	12
102	580
1	385
0	3
0	0
0	3
0	0
0	3
0	3
0	0
0	0
0	0
0	0
0	0
104	34
2	34
0	20
0	17
0	8
0	9
2	0
11	245
44	10
4	243
25	211
1	17
929	4735
2	4711
1	595
7	16
0	16
0	0
895	121
2	81
8	111
0	0
2	196
0	146
0	842
0	226
0	504
0	180
0	450
0	48
0	319
5	77
0	379
0	159
0	76
0	294
0	215
11	791
1	211
2	686
0	616
1	207
0	214
0	164
0	102
1	132
5	130
1	109
0	193
0	70
0	643
2	70
0	338
0	293
0	57
3	237
0	307
0	184
7	11
380	101
500	128
4	89
1	38
1	17
0	9
4	13
0	8
1	0
0	0
0	3
5	0
0	39
0	898
0	826
10	853
1	865
45	831
0	841
1	40
2	849
0	843
0	752
59	735
5	17
0	892
0	389
0	857
6	24
0	744
0	361
5	728
32	254
0	0
1	50
15	147
44	3
0	3
3	12
6	2746
0	1915
3	2018
0	2056
1	2318
3	1764
31	295
19	12
5	12
155	16
1	4
18	3509
73	68
0	1498
0	2399
2	2087
1	268
2	407
0	516
0	1388
1	418
0	340
0	367
141	680
26	682
3	559
1	516
2	76
213	489
0	129
2	360
0	0
0	0
86	0
0	0
0	918
0	916
19	885
0	671
0	151
0	108
1	96
2	77
1	109
2	8
0	0
4	0
0	0
0	0
322	0
1	0
4	5
0	0
0	0
0	0
0	0
0	0
0	0
0	0
3	874
7	827
0	855
36	258
4	243
105	34
0	0
1	34
0	2
0	2
23	2842
0	2805
55	2777
0	1032
0	992
42	199
0	376
3	399
9	321
12	5
4	580
3	2407
0	1821
20	4071
53	3764
0	3643
113	3862
0	2574
222	1549
41	1259
36	331
13	2
0	2
0	294
0	294
0	285
9	263
2	240
332	1710
4	1021
0	487
6	588
2	113
0	79
0	112
0	112
0	119
15	99
1	33
10	425
0	394
5	447
16	108
0	38
1	32
7	137
0	0
0	1
0	1
0	1
0	0
0	0
0	0
0	0
0	0
0	0
0	0
0	0
0	0
0	0
0	0
0	0
0	0
0	0
0	0
0	0
0	0
0	0
0	0
0	0
51	0
0	0
0	0
0	0
0	0
0	0
0	0
0	0
0	0
0	0
1	9
0	0
0	0
0	0
0	0
0	0
0	0
0	0
0	0
0	0
0	0
0	0
69	0
0	0
1209	2
2	3
0	0
1	70
0	0
0	3
888	97
0	86
0	13
0	31
8	19
0	0
0	0
0	0
2659	392
0	153
2	333
6	94
0	0
0	0
2	65
2	65
0	0
22	261
10	254
1	181
1	18
0	214
3	283
0	299
0	303
5	257
1	213
4	163
9	67
0	2
68	163
7	163
0	0
0	0
152	1856
2	1820
1	1910
0	0
0	97
0	0
0	0
0	0
0	502
56	2889
211	2899
1	502
1	0
0	0
0	0
0	0
0	0
0	0
0	0
0	0
0	0
0	0
0	0
0	0
0	0
0	0
0	0
0	0
0	0
0	0
0	0
0	0
0	2357
0	2331
0	2363
0	2337
4	2236
13	100
1	66
34	0
0	0
0	0
0	0
1	0
12	611
5766	611
0	33
0	0
1596	0
0	0
752	2044
37	876
14	1897
11	80
1	1228
5	0
1	0
0	0
0	0
24	0
0	0
26	9
0	9
243	4515
17	3987
11844	8144
6	640
0	1025
88	820
11	2085
0	34
0	34
111	3235
0	0
2	346
0	3
0	3
3	0
13152	5774
0	1088
21	2269
56	1431
123	2070
2	0
0	0
0	0
22	0
0	0
0	3362
0	3636
8	3668
75	2934
0	312
0	257
32	430
4	1739
0	481
7	132
5	71
0	71
0	0
10	0
0	12
3	0
0	0
0	0
0	0
0	0
0	0
0	0
0	0
0	0
0	0
2	45
0	0
0	0
0	0
0	0
0	0
0	0
0	0
0	0
0	0
0	1
0	1
0	0
10624	0
115	183
0	154
0	80
1	15
1	0
26	0
0	0
0	0
416	531
0	467
0	102
0	106
0	163
0	0
0	0
0	0
0	0
0	0
3	3621
15	3530
1	606
0	2434
139	2072
7	193
17	479
0	2238
4	382
132	110
0	0
0	0
31	39
2	39
0	0
0	0
0	0
0	0
68	11
88	11
3	0
3	0
0	0
0	0
0	0
0	0
0	0
0	0
0	1
0	0
55	0
1	36
6	100
2	19
0	71
4	47
2	65
0	0
0	3833
0	1572
8	3639
0	1482
0	1409
1	0
12	0
0	838
0	806
1	165
0	0
0	457
0	0
38	0
2	6
1	0
2314	4
3	2188
0	2325
0	2330
0	1348
0	1768
0	1766
0	1760
57	11284
6	1727
0	1054
643	11284
1	1723
3	1342
25	3123
0	450
181	3331
43	527
3	158
27	328
11	198
4	424
18	356
0	47
3	174
3	353
0	0
4	1482
0	0
0	0
0	0
129	1529
215	932
240	823
0	928
0	867
7	248
2	614
40	328
4	246
1	32
0	32
0	0
14	127
3	127
0	0
395	9
3	9
276	30
11	30
0	105
13	312
1	260
3	205
10	157
2	13
8	31
20	31
0	528
1	528
0	442
0	34
106	0
0	0
32	1
0	1
1	0
0	0
0	0
1	16
0	0
0	0
0	0
0	0
1	0
3	10
3	10
0	0
0	0
0	0
0	0
0	0
13838	0
0	0
0	0
0	0
0	0
0	0
0	0
0	0
0	0
0	0
0	0
0	0
0	0
0	0
0	0
6	152
0	152
0	152
0	152
0	152
1	25
4	2
0	0
0	0
2	842
76	87
18	785
0	124
119	50
0	0
0	0
0	0
0	0
0	0
0	0
0	0
0	0
0	0
0	0
0	0
0	0
0	0
0	0
0	0
0	0
0	0
0	0
0	0
0	0
0	0
0	0
0	0
0	0
0	0
0	0
0	0
0	0
0	0
0	0
0	0
0	0
0	0
0	0
0	0
0	0
0	0
0	0
0	0
0	0
0	0
0	0
0	0
0	0
0	0
0	0
0	0
0	0
0	0
0	0
0	0
0	0
0	0
0	0
0	0
0	0
0	0
0	0
0	0
0	0
0	0
0	0
0	0
0	0
0	0
0	0
0	0
0	0
0	0
0	0
0	0
0	0
0	0
0	0
0	39
0	0
0	0
0	0
0	0
0	0
0	0
0	0
0	0
0	0
0	0
0	0
0	0
0	0
0	0
0	0
0	0
0	0
0	0
0	0
0	0
0	0
0	0
0	0
0	0
0	0
0	0
0	0
0	0
0	0
0	0
0	0
0	0
0	0
0	0
0	0
0	0
0	0
0	0
0	0
0	0
0	0
0	0
0	0
0	0
0	0
0	0
0	0
0	0
0	0
0	0
0	0
0	0
0	0
35	1580
0	0
0	0
0	0
0	0
0	0
0	0
0	0
0	0
0	0
0	0
0	0
0	0
0	0
0	0
0	0
0	0
0	0
0	0
0	0
0	0
0	0
0	0
0	0
0	0
0	0
0	0
0	0
0	0
180	1825
18	1825
34	164
2	57
0	0
1	418
6878	4
1	91
0	89
1	83
0	92
0	0
2	1
0	0
33	231
329	231
5	69
0	0
0	0
0	0
2	0
0	0
0	0
0	0
0	0
0	0
3185	0
117	31
0	31
13	136
5	5
0	5
0	0
12191	15854
32	12105
31	3823
0	0
0	291
0	1
72	111
2	1800
0	1800
0	128
1	93
0	3
98	1305
15	218
0	677
0	940
0	629
18	424
0	709
8	514
22	430
0	430
0	0
37	356
255	371
11	371
1	65
7	24
0	0
0	0
0	0
0	0
7376	866
0	0
28	867
19	0
481	321
11	142
70	270
819	90
3	90
0	0
1450	0
62	0
0	0
0	0
0	0
0	0
0	0
0	0
0	0
0	0
0	0
0	0
0	0
0	0
0	0
0	0
0	0
0	0
0	0
0	0
0	0
0	0
0	0
0	0
0	0
0	0
0	0
0	0
0	0
0	0
0	0
0	0
0	0
0	0
0	0
0	0
0	0
0	0
0	0
0	0
0	0
0	0
0	0
0	0
0	0
0	0
0	0
0	0
0	0
0	0
0	0
0	0
0	0
0	0
0	0
0	0
0	0
0	0
0	0
0	0
0	0
0	0
0	0
0	0
0	0
0	0
9	43
0	43
0	43
0	10
0	0
0	0
0	0
0	0
0	0
0	0
0	0
0	0
0	0
0	0
0	0
0	0
0	0
0	0
0	0
0	0
0	0
0	0
0	0
0	0
0	0
0	1
424	849
3	802
0	703
0	4
0	14
0	14
0	15
0	0
0	2
0	0
0	0
0	0
0	0
1	202
75	5075
938	5077
6046	5077
163	3023
173	181
4	0
0	1541
0	1575
5	1176
0	1429
13	79
194	310
36	160
2	117
3	75
1588	0
0	84
0	0
0	0
0	0
0	0
0	0
0	0
0	0
0	0
0	0
0	0
0	0
0	0
0	0
0	0
0	0
0	0
0	0
0	0
0	0
0	0
0	0
0	1
0	0
0	0
0	0
0	0
0	0
3	144
0	90
2	149
7	94
0	146
7	144
0	85
0	3
3	4
0	0
0	0
0	0
30	1318
931	3223
52	881
1	141
0	138
0	97
28	226
29	37
0	478
73	737
3	610
50	740
2	366
1	34
0	10
62	24
0	0
0	0
0	0
161	31
1	2
0	99
3	2685
1	28
0	99
17	2652
4	25
1	2288
0	2659
74	2651
1	0
0	0
114	6523
0	6654
55	325
0	84
13	313
177	6657
3	86
6	465
0	0
0	0
1	2
0	3
0	5
0	2
0	0
0	1
0	0
0	3
0	3
0	1
0	0
0	0
0	0
0	0
0	0
0	0
0	0
0	0
0	0
0	0
0	0
0	0
0	0
7	0
0	0
0	0
1	47
3	47
0	0
0	0
0	0
0	0
0	0
0	0
0	0
0	0
0	0
0	0
0	0
0	1
0	0
0	0
0	0
0	0
0	0
0	15
0	0
0	116
0	116
13	113
0	75
1	38
0	4
0	3
0	199
34	889
0	504
0	404
42	30
11	14
0	74
10	405
87	0
2	168
4	112
0	17
0	162
0	7
229	0
2	907
0	822
15	400
37	236
16	57
1	82
0	0
1165	253
43	238
0	231
0	0
0	0
0	0
8	835
15	7
9	831
2	105
0	673
0	283
39	1744
0	1744
0	491
39	1944
1	1802
1	2072
0	920
1	21
30	0
15	566
0	566
10	557
5	517
4	60
0	3
9	0
4	23
1	187
0	187
6	188
6	87
0	188
2	37
0	187
0	0
19	0
156	20
0	20
4	0
0	0
0	816
0	876
0	891
0	846
22	837
3	705
6	108
0	111
1	38
0	0
0	0
0	0
0	0
0	2
0	4
0	4
0	2
0	0
0	0
1	17
0	0
0	0
0	0
0	0
0	0
0	0
0	0
0	1
0	2
0	1
0	0
0	0
0	0
0	0
0	0
0	0
0	0
0	0
0	0
0	0
0	0
0	1613
0	0
0	0
0	0
0	0
0	0
0	0
29	138
5	204
0	51
10	685
0	28
97	1013
987	994
6	193
54	164
5	176
4	204
1	15
0	196
9	99
0	0
0	0
1690	0
2	0
808	593
0	593
12	645
23	162
0	331
0	254
1	25
0	0
0	11
0	0
0	0
0	10
0	10
0	0
1	0
0	0
0	0
0	0
0	0
0	0
0	0
0	0
0	0
1976	2
79	71
0	0
0	0
3	71
0	0
0	0
0	0
0	0
0	0
0	0
0	0
0	0
0	0
0	0
0	0
0	0
0	0
31	83
0	0
11	0
0	0
0	0
0	3937
252	1196
42	396
0	1046
0	82
0	79
2678	0
0	0
0	0
0	0
0	0
0	0
0	0
0	0
0	0
0	0
0	0
1	0
0	2
1	2
3	0
0	0
0	0
0	0
1	247
0	230
3	168
0	82
0	0
0	0
0	0
0	0
0	0
67	523
0	635
0	568
2	84
0	0
0	0
0	0
24	0
0	0
0	0
171	342
170	342
0	0
0	1
0	1
0	1
0	0
3	0
0	0
3	0
0	0
0	0
0	0
1	0
2	11
1	19
1	19
0	2
0	0
1	18
0	0
0	0
0	0
0	0
0	0
0	0
0	0
0	0
0	0
0	0
0	0
0	0
0	0
0	0
0	0
0	0
0	0
0	0
0	0
0	0
0	0
0	0
0	0
0	0
0	0
0	0
0	0
0	0
0	0
0	0
0	0
0	0
0	0
0	0
32	0
1	15
0	0
0	0
0	0
0	0
0	0
128	0
1	0
73	0
2	249
0	2
321	1620
0	1487
0	766
0	1340
0	1340
14	1105
7	218
0	0
0	0
1876	2
0	0
7	216
20	1147
0	1078
0	100
1	670
0	0
127	8574
75	8132
0	3951
0	0
0	8537
110	8683
18	3694
3	409
93	2626
7	514
125	723
8	8
0	8
0	0
0	0
0	0
0	0
0	0
0	0
0	0
1	316
1097	299
151	132
0	0
0	0
0	0
0	0
1	0
3	0
8	226
35	445
0	179
2	59
0	165
2	111
1	6
7	7
498	584
196	976
0	961
0	1014
0	553
0	129
0	0
0	0
0	0
0	0
0	0
0	0
0	0
0	0
0	0
0	0
0	0
0	1
0	1
0	0
0	0
0	0
0	0
0	0
0	2
0	2
0	0
0	0
0	0
0	0
10	34
0	34
0	42
0	14
0	0
0	0
0	0
4	3
0	0
0	0
3	9
0	3
1	4
0	0
0	0
0	0
1	0
8	56
0	0
0	0
0	0
0	0
2	1604
0	1609
0	1646
3	200
49	870
0	0
0	0
0	0
0	0
0	0
5	0
0	0
2	2
0	0
0	0
0	3
0	0
0	0
0	0
0	0
0	0
0	0
0	0
0	1
0	3
0	1
4	1
0	1
1	1
20	4
0	2
0	1
0	0
0	0
0	0
0	0
0	0
0	0
0	0
0	0
0	0
0	0
3	19
0	1
0	0
0	0
0	0
0	0
0	0
0	0
0	0
0	0
0	0
0	0
0	0
0	0
0	0
3	55
0	0
0	0
0	0
0	0
0	0
0	0
0	0
0	0
5	7
0	7
0	0
0	0
0	0
0	0
0	0
0	0
0	0
0	0
0	0
0	0
0	0
0	0
0	0
0	0
4	4
0	4
0	0
0	0
0	0
0	0
21	71
0	0
0	0
0	0
0	0
0	0
0	0
0	0
0	0
0	0
0	0
0	0
0	0
0	0
0	0
0	0
0	0
0	0
0	1
0	0
0	0
0	0
0	0
0	0
0	0
0	0
0	0
0	0
0	0
0	0
0	0
0	0
0	0
0	0
1	0
0	0
0	0
0	1
0	0
0	0
0	2709
6	10
53	43
43	814
27	797
0	2589
0	2508
0	2553
0	2685
0	2636
0	0
3	672
7	40
47	45
0	0
0	0
0	0
0	0
7	884
0	0
0	0
0	0
1	0
0	0
17	24
0	4
0	20
1	1448
1	2
0	0
0	0
1359	212
2	212
406	1
0	0
0	1
0	0
0	12
0	0
0	0
0	0
368	187
2	241
1	100
1	100
0	0
0	0
0	0
0	9
0	0
0	1
0	0
0	0
0	0
0	0
0	0
0	0
0	0
0	0
1	109
2	103
56	115
0	0
0	170
0	1648
1	197
0	1545
0	1673
0	1456
57	412
0	650
0	1567
104	832
0	1544
73	48
42	113
49	805
6	90
2	1570
0	1659
0	208
0	57
0	57
0	57
6	8
4	12
4	1079
9	1125
3	1191
0	1091
0	151
14	81
0	0
1	0
0	0
0	0
36	1657
63	1676
0	1647
5	1675
1	511
18	718
0	0
0	0
0	0
0	0
1	333
3	811
23	855
1	818
10	43
0	89
0	4
0	4
0	4
0	73
70	71
0	0
0	0
0	0
1	0
0	0
0	0
0	0
12	3
0	0
0	0
0	0
0	3
0	0
31	14
0	12
3	0
0	2
0	0
0	0
0	0
0	0
1	1
0	1
0	0
0	0
96	901
1	901
0	901
0	235
1195	125
10	125
0	0
11	178
1	178
0	3
0	0
0	1
0	1
0	1
0	0
1	0
8	15
0	12
0	8
0	0
0	8
0	9
1	7
0	3
0	0
0	0
0	0
0	0
0	0
0	0
0	0
0	0
0	1
0	1
0	1
0	0
0	0
0	0
0	0
3	24
0	18
1	18
0	15
0	27
3	25
2	27
0	12
0	27
0	8
0	4
439	0
1	20
0	20
0	20
2	2
0	8
0	1
1	6
0	0
0	0
0	1
0	0
0	0
5	1357
36	1357
8	0
0	0
0	0
0	0
9	1
0	1
28	0
152	225
1	225
0	88
15	1655
1438	4428
0	1277
20	36
0	4003
7	830
0	430
26	436
0	28
0	29
0	29
0	0
76	0
0	157
1	157
0	157
6	53
5	61
526	7421
0	6093
0	5025
0	7753
74	1018
1	4711
7	781
0	6019
18	1280
110	2780
1	473
4	263
0	462
4559	32
407	450
15	450
0	0
0	66
0	50
0	41
0	64
0	13
12	55
6	55
2	2
0	9
328	2822
64	2572
0	1351
40	438
5	124
25	1306
0	243
0	915
0	464
62	2883
172	2384
6	484
1	1198
25	1292
0	2068
0	286
99	1350
22	199
0	199
3	0
0	0
98	2961
3	2899
34	2561
1	139
4	124
16	369
4	104
27	108
12	173
0	166
4	309
0	61
0	20
13	282
0	4
0	0
0	4
0	1
0	284
0	234
0	248
0	273
3	223
0	221
0	248
0	262
0	277
0	187
0	217
0	23
0	33
0	56
0	469
8	15
0	24
0	18
0	2
3	308
6	866
11	1045
14	906
0	553
3	520
2	328
18	474
13	24
59	317
5	19
0	68
3	188
7	200
0	46
9	151
0	166
1	39
0	19
0	56
0	45
0	22
67	5552
0	2410
39	5507
17	284
0	304
0	145
0	0
6	2589
0	2560
0	1447
0	1374
2	1716
0	1764
19	1783
0	314
0	116
0	1127
0	1245
0	430
0	649
29	148
0	85
3	123
0	87
2	141
3	221
5	40
1	29
4	86
0	0
0	0
16	2250
0	2225
1	642
0	533
0	354
133	2
0	0
0	0
0	0
1	7
0	0
0	0
0	0
0	0
0	0
3	645
0	0
0	0
2	69429
366	72557
0	72475
1	71548
0	66441
22	4071
235	4108
167	1757
0	4267
118	2055
1	3467
44	1734
2	4779
3	3331
76	2400
0	625
258	647
0	390
3	207
2	382
0	476
42	860
0	20
360	27453
7	21261
0	8434
143	27455
123	2059
6	10454
4	10633
30	12760
25	1107
0	3773
86	3157
0	32
0	444
0	444
0	369
0	369
1	160
0	132
0	0
9	13
13	114
0	0
2	5
1	37
5	1417
118	292
0	289
21	1365
31	1381
9	439
1	514
0	1357
5	360
0	362
2	368
3	392
0	273
2	306
0	69
28	54
0	410
0	571
0	384
0	399
387	4206
3	922
6	1093
3	4155
76	708
1	942
1	922
1	433
10	636
0	200
11	2428
48	2416
0	337
10	2319
0	156
1	183
0	456
2	356
0	429
0	263
213	440
22	440
0	0
5	0
0	11
101	406
2	396
6	12
5	28
0	17
0	35
0	31
8	50
26	339
78	338
2	308
0	1097
0	900
1	352
3	146
1	434
13	71
1	29
0	461
0	601
23	582
25	607
74	934
0	705
0	774
0	442
0	363
4	293
1	297
3	25
2	144
0	30
4	154
0	2264
0	2178
0	337
1593	1517
2	1514
1	517
0	356
1	840
0	2269
6	2269
0	974
3	2
13	84
3	166
1	368
0	2259
0	1718
0	2032
2	66
5	304
2	240
0	0
0	0
3	0
0	0
0	0
0	0
0	0
0	0
0	0
0	0
0	0
0	0
0	0
0	0
0	0
0	0
0	0
0	0
0	3
0	0
0	0
0	0
0	0
0	0
0	0
0	0
0	0
0	0
0	0
0	0
0	0
0	0
0	0
0	0
0	0
0	11
0	0
2	29
0	24
1	20
0	0
0	0
495	632
0	230
2	67
24	53
1	119
0	196
9	49
0	352
0	204
1	199
0	158
0	0
1	65
253	941
0	686
4	855
0	255
0	12
1	43
0	141
0	110
26	217
0	79
0	0
0	20
0	0
0	0
0	0
1	0
11	61
0	61
2	221
0	0
0	4
2	2
795	69
5	49
0	30
49	81
3	57
25	16
33	132
1	118
0	89
315	17
278	824
0	610
53	481
37	734
0	137
1	20
80	458
4	0
0	0
0	0
2	253
1261	253
10	148
2	0
87	0
0	0
0	0
0	1
28	779
0	8
0	13
124	849
0	100
0	289
36	2242
1	2127
5	2242
0	2242
1	1354
7	0
0	0
0	0
0	0
0	0
1	2
0	0
0	0
0	0
0	0
0	0
0	0
0	0
0	0
0	0
0	0
0	0
0	0
0	0
0	0
0	0
0	0
0	0
4	0
0	0
0	0
0	0
0	233
3019	1396
163	1392
1	0
0	0
0	0
0	0
7	3
1340	407
15	405
0	0
0	0
0	0
0	0
0	0
0	0
0	0
0	0
0	0
0	0
0	0
0	0
0	0
0	0
0	0
0	1
0	0
0	0
0	0
0	125
0	125
0	129
4	1
0	13
15	16
0	0
17	1
0	1
0	0
0	0
0	3
0	0
0	0
0	0
0	0
0	14
0	0
0	0
23	325
41	47
0	5
0	7
1	1
0	3
1	37
0	1
0	1
0	0
0	0
1	6869
0	0
0	0
0	456
11	86
0	0
0	0
0	86
2	371
455	412
0	0
0	0
36	588
0	0
0	0
0	0
0	0
0	0
0	0
0	0
0	0
0	0
64	202
435	2822
0	476
0	0
0	0
0	0
2	2285
3	1
6	0
0	18
0	549
8	107
0	0
29	35
26	336
9	1313
0	439
4	634
0	1454
0	114
0	0
0	0
0	0
0	0
657	20
0	21
1	4
1	7
0	0
5	2033
0	2103
9	1999
2	2195
2	34
3	116
15	218
0	0
0	0
18	33
1	0
0	0
0	0
1	0
0	0
55	0
0	0
0	0
0	0
0	0
0	0
0	0
0	0
0	6
0	0
0	0
0	0
0	0
0	0
0	0
1	11
0	7
0	10
0	0
0	0
0	0
0	1
1	0
0	0
0	0
0	0
0	0
0	0
0	0
0	0
0	0
1	0
2	101
0	0
0	0
0	0
0	19
1	0
0	0
0	0
0	0
0	0
0	0
0	0
0	0
0	0
0	0
0	0
0	0
0	0
0	0
0	0
0	0
0	2
0	0
3	49
0	0
0	0
0	0
0	0
0	0
0	0
0	0
0	0
0	0
0	0
0	0
0	0
0	0
0	0
0	0
0	0
0	0
0	0
0	0
0	0
0	0
0	0
0	0
0	0
0	0
0	0
0	0
0	0
0	0
0	0
0	0
0	0
0	0
0	0
0	0
0	0
0	0
0	0
0	0
0	8
0	8
1300	68
2	55
0	0
0	0
5	15
0	13
0	0
0	58
3	58
0	1
1008	142
0	74
2	68
0	0
0	0
0	0
0	0
0	0
0	0
0	0
0	0
0	0
0	0
1	0
5	3283
0	3245
8	3248
0	280
12	305
2	81
4	1
7246	3558
6	2768
1	1554
0	19
0	56
3	122
0	248
61	122
0	130
0	157
0	236
377	226
0	0
0	0
0	0
0	0
0	0
0	0
0	0
0	0
38	461
1	627
4	626
2	625
0	0
0	0
8	0
0	0
0	0
373	4158
0	788
0	1190
6	4174
1	432
7	362
2	82
0	0
0	0
0	0
0	0
112	23
8	23
0	0
472	790
42	0
7	0
6	2
0	0
1	790
0	0
70	0
0	123
0	49
1	124
0	109
0	103
0	112
10	84
0	91
2	50
0	64
0	53
0	17
0	57
0	1
0	3
0	58
0	22
0	26
0	7
0	14
0	0
0	0
0	0
0	0
1028	0
2	0
0	0
0	0
0	0
0	106
0	104
1	111
14	19
0	0
0	42
63	30
0	6
0	870
0	824
32	577
6	103
0	91
2	67
38	303
2168	420
37	420
15	153
0	0
0	0
0	0
9	199
44	199
0	0
2	1
0	1
1	5
0	5
0	2
0	2
0	0
0	0
224	5256
88	3153
0	5300
6	1882
83	2218
52	400
45	0
1	1
0	2
0	1
0	2
0	0
0	0
0	0
0	0
0	0
0	0
174	57
2	45
40	50
0	34
0	0
0	0
180	0
0	0
0	0
1	0
365	940
0	857
0	65
0	33
14	329
0	370
0	0
0	180
17	107
0	0
4	16
63	81
1	1343
0	860
0	78
114	709
3915	1423
3	884
0	0
3	8
364	53
1	9
0	36
0	0
2357	544
5	544
3	0
4	0
0	0
0	2078
56	1525
0	2074
44	1878
1	1401
0	0
0	0
11	0
1	9
0	55
0	51
0	56
0	55
0	55
0	55
0	56
0	7
0	8
1	0
0	0
1	0
0	0
0	2
0	2
0	16
0	16
0	0
1753	639
230	639
0	0
0	0
0	0
0	0
76	0
0	0
0	0
0	0
0	0
0	0
0	0
0	0
23	961
94	963
0	938
0	457
1703	169
3	2
2	167
0	1
0	2
0	9
0	8
0	5
1	0
0	0
1	0
0	1903
0	1905
0	1940
0	2143
26	2134
27	2102
9	41
0	263
0	6
0	6
0	4
0	0
0	0
0	0
0	56
1	13
1	14
0	14
0	14
0	1
0	0
0	5
39	354
0	0
580	683
40	527
0	230
0	0
0	0
544	629
1	254
3	404
0	1
0	1
0	116
78	176
5	64
6	48
1	52
18	2732
0	2787
0	2803
1	2735
14	133
2	77
29	1078
0	211
32	224
0	91
0	64
0	21
0	72
0	70
0	2
0	2
2	1270
66	1270
33	1270
4	1262
1	1367
0	1260
0	1334
0	45
13	104
0	294
0	17
29	191
0	473
0	334
1	418
1	279
2	391
1	150
0	91
31	55
3	70
0	793
5014	5066
154	2215
40	1006
111	2234
9	440
25	730
16	0
10	0
1	0
0	0
0	4029
11	3829
1	3365
0	4016
2	2401
0	62
5	232
9	5749
13	1008
1559	6411
3	931
744	1305
17	939
167	5010
0	13
0	0
0	0
54	0
0	67
0	3
0	0
0	0
0	0
0	0
0	0
0	0
0	3
0	0
1	17
4	2
3	2
392	75
0	0
0	13
0	11
0	0
1	0
1	112
0	115
0	115
0	8
11	75
0	0
203	372
1	371
0	42
634	0
0	0
19032	8593
9	6709
56	1590
0	0
40	82
0	82
1	34
5	24
0	17
0	0
0	0
0	0
126	203
0	76
4	173
12	187
1	45
0	1112
0	1014
0	1079
0	1091
0	1081
0	1084
4	602
0	0
0	1
0	0
0	0
0	0
0	0
0	0
2	22
0	0
0	0
0	0
0	0
0	0
0	0
0	0
0	0
0	0
0	0
0	0
0	0
0	0
0	0
0	0
0	0
0	0
0	1
0	2
0	2
0	2
0	0
4	0
0	0
0	0
0	0
0	4
0	0
0	4
0	0
0	0
28	742
0	0
9	0
0	0
0	0
0	0
0	0
0	0
0	0
0	0
0	0
0	0
0	0
0	0
0	0
0	0
692	2
0	0
1	0
0	1
5	2
0	2
44973	2584
23	1800
0	0
0	13
0	0
0	0
1	4
0	23
57	17
0	30
4	40
0	4
1	9
47	8
0	32
1	27
2	6
0	5
32	3
8	1
3	0
0	0
0	0
1	0
25	108
0	106
0	113
0	210
0	157
1	184
123	184
56	223
0	0
0	0
0	0
190	28
0	106
0	83
0	0
0	0
0	0
0	0
0	31
0	47
0	0
0	0
0	0
0	0
0	0
103	26
0	15
0	11
1	38
0	34
8	0
0	0
0	0
0	0
20	7574
49	7530
88	88
0	0
0	0
0	0
0	0
1	55
0	55
0	35
0	0
2907	125
2	125
101	2112
7	0
778	2
726	0
0	0
0	55
0	0
2	0
0	57
0	0
0	0
13	309
0	284
7	293
36	247
0	285
1	125
0	12
0	67
0	91
0	96
7	32
17	50
1	13
2	0
0	2
5	0
544	309
100	297
80	61
298	0
1	7
0	0
0	335
1	0
0	0
14	8
0	8
6	4
0	0
0	0
0	0
0	0
0	0
0	0
0	0
0	3
1	0
2707	6638
39	31
9	61
0	331
1	413
0	0
0	293
11	477
6	442
26	19
372	189
0	278
29	1392
0	1588
0	191
224	823
0	0
20	3474
0	1761
7	1278
7	1381
0	848
23	529
0	416
17	36
0	314
136	286
0	308
49	371
12	150
0	4545
0	4021
0	4545
0	1669
0	1140
2094	3628
2	165
8	3463
86	2691
49	2691
0	247
127	148
0	0
250	0
0	0
2010	12057
2	12005
7	1605
0	260
0	260
0	19
1	0
0	0
0	3
0	0
0	0
0	0
0	0
2	0
0	0
0	0
0	0
0	0
0	0
0	0
0	0
125	60
0	60
0	4
8	4
1	0
0	0
0	0
0	0
1	0
0	0
0	0
0	0
0	0
0	0
8	0
28	2
0	152
0	152
15	152
0	5
0	16
0	7
0	16
0	1
0	16
0	0
0	0
0	43
0	48
0	38
0	37
0	1
0	0
0	2
0	48
0	0
0	0
92	0
0	0
0	0
0	0
0	0
0	0
0	0
0	0
0	0
1271	103
2	103
0	0
0	0
0	0
0	0
0	0
0	0
0	0
0	0
0	0
20	5
41	55
66	60
746	1548
0	1447
0	1402
16	239
10	88
10	0
6	10
2	15
1	7
0	14
62	5
3	13
18	10
0	0
26	2
0	0
438	24
0	0
0	0
5287	591
0	575
4	200
0	0
0	0
0	1
30	1
0	0
0	2
0	2
0	0
0	0
0	0
0	0
0	0
2	0
0	0
0	0
0	161
0	184
3	178
0	178
0	103
0	12
1	16
0	10
0	6
0	3
0	4
0	1
1	54
0	54
0	0
0	0
0	0
0	0
0	0
0	0
0	0
0	0
0	0
1	165
0	0
0	0
0	0
0	0
387	420
19	109
7	311
0	0
0	0
1	2
0	0
4	14
1	14
9	21
0	66
1	66
0	8
7054	4
136	0
0	0
0	0
0	0
0	0
0	0
0	0
0	0
1	0
0	1519
0	1404
1	174
34	520
0	0
0	31
0	0
0	9
0	11
0	5
3	10
0	20
0	12
0	1
0	0
0	12
0	0
0	0
0	0
0	0
0	0
0	134
2	134
0	103
7	0
2	17
0	0
0	0
0	0
0	0
0	0
0	0
0	0
0	7
0	5
0	0
0	0
0	0
0	0
0	0
0	0
0	0
0	0
0	0
0	0
0	0
0	0
0	0
0	0
0	0
0	0
0	0
0	0
0	0
0	0
0	0
0	0
0	0
0	0
0	0
0	0
0	0
0	4
0	0
0	0
0	0
0	0
0	0
0	0
0	0
0	0
2	8
0	8
0	0
0	0
1	0
0	2
0	6
0	5
0	0
0	8
0	6
0	0
0	0
0	8
0	6
0	0
0	1
0	1
0	0
0	0
0	0
0	0
0	0
1	5
0	0
0	0
0	0
0	0
0	4
0	0
1	3
0	0
0	0
65	0
0	0
0	0
0	0
0	0
6	55
12	4
0	3
0	54
0	10
0	14
0	0
0	0
0	0
0	0
0	0
0	0
0	3
0	0
0	0
0	0
0	0
0	9
0	9
0	0
0	0
0	0
0	0
0	2
0	0
0	0
0	3
0	0
0	0
0	0
0	34
0	0
0	35
0	0
0	0
0	0
0	0
0	35
0	0
0	0
0	0
0	0
0	34
0	0
0	0
0	35
0	0
0	0
0	0
0	0
0	0
0	0
0	34
0	0
0	0
0	35
0	0
0	0
0	0
0	35
0	0
0	0
0	0
0	0
0	34
0	0
0	0
0	0
0	0
0	0
0	0
0	0
0	0
0	0
0	0
0	0
0	0
0	0
0	0
0	364
0	0
0	0
0	0
1	46
0	0
0	0
0	0
0	0
0	0
0	0
0	0
0	0
0	0
0	0
0	0
53	932
0	1503
20	1029
0	1047
0	59
0	1520
15	0
0	0
0	0
0	3
0	0
0	0
0	0
0	0
0	0
0	0
0	0
0	0
0	0
0	0
0	0
0	0
0	0
0	0
0	0
0	0
0	0
0	0
33	300
3	299
0	255
0	4
0	0
0	0
279	130
0	64
0	72
0	20
0	0
55	725
53	725
5	380
54	381
11	194
0	53
6	67
0	0
21	1576
0	2067
59	910
9	135
0	225
122	1845
0	188
1	168
0	0
457	1500
2	1254
0	1123
0	58
0	58
5	0
0	0
0	0
50	1211
0	1243
10	1190
9	1184
63	142
41	0
5	419
3	408
0	22
16	177
3	165
0	62
35	85
0	81
0	70
0	16
4	76
0	0
0	0
0	0
0	2
0	0
564	412
2	110
0	83
0	70
0	0
0	8
0	1
801	6043
20	5687
0	3694
0	3033
9	368
9	920
0	721
0	721
0	29
168	3027
25	2978
105	2612
2	2304
16	3036
0	8
0	1
0	0
357	0
0	308
2	323
7	8
1	331
0	315
0	2
1	8
0	306
0	308
2	69
0	7
1	0
0	66
0	67
0	13
2	4
83	1273
2	884
3	1269
0	0
0	484
2	534
0	544
1	523
1	75
1	0
0	9
0	0
0	0
0	1
0	1
0	1
0	1
0	52
2	52
0	36
4	30
0	0
0	0
0	0
0	0
0	0
0	0
0	0
24	10
0	0
0	0
0	0
0	0
0	0
0	0
0	0
0	0
0	0
0	0
0	0
0	0
0	0
0	0
0	0
1	0
0	0
0	0
0	0
0	47
2	70
0	65
0	12
5	20
0	18
0	0
0	0
0	0
3	0
0	0
0	0
0	0
150	104
27	103
24	1305
0	1311
14	1281
104	82
89	95
0	0
0	0
0	1189
5	271
0	53
0	147
0	142
0	3
0	2
5	44
1	41
7	22
0	38
0	37
0	32
0	275
0	70
1	269
0	4
0	0
37	21
3	21
141	4
0	0
0	0
0	0
62	67
5	420
57	421
0	26
0	10
0	0
4	10
0	1
0	1
110	432
2	374
5	327
2	5
0	0
0	0
485	2754
0	2754
4	666
44	754
33	627
1	690
0	0
0	0
0	0
0	0
0	0
0	0
0	0
0	0
0	0
0	0
0	0
0	0
0	0
0	0
0	0
0	0
0	0
1	0
0	0
0	0
0	0
0	0
0	2
0	0
0	0
0	0
8	64
1	64
0	43
0	0
0	0
105	0
0	6600
0	6600
3	6610
163	6670
0	6025
0	6599
0	6257
0	2438
0	2251
0	1755
0	233
0	216
0	779
8	324
2	23
2	6
1	10
0	0
0	4
51	19
1	4
0	0
1	9
0	0
0	2
43	113
2	112
5	9
1	3
28	0
0	0
0	0
0	0
0	0
17	31
0	17
0	7
8	8
0	53
0	30
1	47
0	10
0	6
3	120
2	104
2	112
0	0
10	111
0	132
0	98
0	95
1	25
0	10
0	8
9	0
1	0
2729	0
0	0
1	4
0	0
0	0
0	0
0	0
0	0
0	0
0	0
0	0
0	0
0	0
0	0
0	0
0	1
0	1
0	0
0	0
0	1
0	0
0	0
0	0
0	0
0	0
0	0
0	0
0	0
0	2
0	0
0	2
0	2
0	0
0	0
0	0
0	0
0	0
0	0
0	0
0	3
0	26
0	26
0	0
0	3
0	4
0	26
0	26
0	0
0	0
0	0
0	0
0	0
0	193
0	0
0	193
1622	6192
312	6192
1	1430
0	0
0	0
1754	203
0	18
1	203
5	0
0	0
3318	530
0	52
0	530
8	507
1	386
8	500
0	67
0	43
1	101
0	101
1	44
0	22
0	17
1	147
0	0
7	418
0	429
0	312
5	103
0	81
28	64
4	2
0	2
0	2
0	0
0	0
0	0
0	0
0	0
0	0
2	0
0	0
1	0
0	0
1	66
542	126
16	2465
281	2674
54	2572
25	1346
0	1174
1	1
0	0
0	0
0	0
1	275
1	1833
1	781
77	1788
0	0
17	60
0	0
1	0
0	0
0	0
0	2
494	675
0	675
185	536
15	536
10	689
0	483
0	614
0	159
0	226
3	8
1	76
395	204
1	204
0	14
1	0
0	0
0	1
48	1539
2	1539
2	0
3	659
3	84
0	0
2	0
0	0
0	0
0	0
1	0
2	0
5	1
0	0
0	0
0	0
1	1
0	0
2	616
4	616
8	623
0	24
0	580
2	378
0	0
1	2002
30	1957
8	1952
12	2015
0	15
0	0
0	0
0	0
0	0
0	10
0	1
0	273
28	562
1	5860
2	343
23	6428
0	6460
0	1070
6	2
0	0
0	132
0	0
0	5696
1191	0
0	0
11	0
0	0
1	258
1	275
160	316
0	311
9	38
0	0
0	200
0	27
0	201
1	3
0	13
0	10
0	201
0	200
0	201
0	201
328	16
7	16
0	0
5	8
0	8
0	7
0	2
0	2
1	2
0	0
30	0
0	0
0	0
0	2
0	0
0	0
88	56
0	160
0	153
1	13
0	20
0	26
0	127
2	4
1	200
0	0
0	8
15	5
0	118
8	15
0	108
1	10
1	1
0	1
0	0
0	0
0	0
0	0
1	0
0	0
0	0
0	0
0	0
0	0
0	0
0	0
2	1
0	1
0	2846
0	3019
5	2770
9	741
2	70
22	571
1	5
0	0
0	0
0	0
0	0
0	10
0	0
0	0
0	0
6	887
0	0
0	0
0	0
0	1
0	0
0	0
0	0
0	0
0	0
0	0
0	0
0	0
0	0
0	0
0	0
0	0
0	0
0	0
0	0
0	0
0	0
0	0
1	3
0	3
0	0
0	0
0	202
0	257
7	165
0	257
2	94
2	0
1	12
0	0
0	0
0	0
0	0
0	0
0	0
0	0
0	0
0	0
0	0
0	0
0	0
0	0
0	0
0	0
0	0
0	0
0	0
0	0
0	0
0	0
0	0
0	0
0	0
0	0
0	0
0	0
0	0
0	0
0	0
0	0
0	0
0	0
0	0
0	0
0	0
0	0
0	0
0	0
0	0
0	0
0	0
0	0
0	0
0	0
0	0
0	0
0	0
0	0
0	0
0	0
0	0
0	0
0	0
0	0
0	0
0	0
0	50
0	1
0	2
0	2
0	0
0	19
0	59
0	41
0	241
10	281
0	236
25	192
0	156
0	147
125	41
0	0
6	2
0	1
28	0
100	141
0	127
1	21
0	0
0	21
0	0
0	4
98	217
3	182
0	190
0	215
0	13
1	59
0	61
17	80
2	23
2	11
0	54
2	46
3	41
3	2
2	5
0	173
0	173
0	58
0	76
0	58
0	6
0	14
0	13
1	1
0	0
0	45
0	0
0	0
7	1170
10	1162
27	1167
1	1092
0	1041
0	0
1	308
0	491
0	289
0	316
3	245
13	5
0	0
0	1
0	4
1	0
35	2525
1	2504
4	232
11	28
0	282
0	83
3	76
0	0
0	240
32	240
3	0
0	26
2	362
11	332
4	255
0	160
0	0
0	0
0	0
3	79
0	79
0	69
0	106
0	6
1	230
0	0
18	0
0	0
0	0
28	48
38	0
22	670
4	670
0	0
12	14
0	0
10	494
0	788
0	1402
23	823
0	772
1	588
0	1385
0	150
0	0
18	30
0	37
4	486
3	0
0	0
0	1
0	0
0	0
27	43
21	45
7	41
45	4125
17	179
29	1543
220	19710
33	3320
71	4798
9	245
1	330
148	1205
0	4695
0	19220
0	666
0	0
0	5160
23	459
1	130
19	369
17	143
12	304
0	0
0	0
5	124
10	436
25	92
3	1
0	0
0	1177
0	969
1	1057
2	471
65	0
0	0
9	1816
2172	2376
9	127
1	88
0	118
17	207
21	126
0	0
1	668
0	673
0	675
2	24
1	22
3	37
0	553
62	7242
290	7383
29	1735
8	6941
9	541
4	468
137	10
1	10
0	5
1	1
0	0
0	0
0	1
6	1
0	431
3	322
5	431
6	79
3	20
9	7
8	7
0	4
0	2
0	4
2	2
0	3
1	39
0	26
0	39
0	26
0	0
0	0
0	0
0	0
5	1787
0	948
9	1751
3	948
0	121
3	83
0	0
0	0
0	0
0	0
0	0
13	3052
0	2890
39	5274
0	0
122	0
7	0
0	0
0	0
0	1
0	1
24	13
1	13
0	0
0	0
1	59
0	59
0	0
856	0
0	0
0	0
0	0
0	0
0	0
9	214
2	214
0	0
14	261
4	151
22	168
10	147
0	64
0	4
0	0
1	4
1	6
29	6
0	0
0	0
0	0
0	0
0	0
0	0
0	0
0	0
0	0
0	0
0	0
0	0
0	0
0	0
0	0
0	0
0	0
0	0
0	0
0	0
0	0
0	0
4	2
0	0
0	0
0	0
0	0
0	38
0	0
0	0
0	0
0	0
0	0
0	0
0	0
0	0
0	0
0	0
0	0
1	1
0	1
0	0
3	0
171	5621
44	4962
10	1708
688	2241
286	3890
9	3825
54	622
0	0
1	30
132	1061
1	1053
8	378
0	0
445	693
0	485
7	208
0	0
1	0
0	0
18	37
0	32
0	6
0	0
0	0
0	0
0	0
0	0
0	0
0	0
0	0
33	366
0	0
0	3
0	5
0	0
0	2
0	0
0	0
0	3
0	0
275	499
0	483
1	25
37	245
0	39
1	160
0	4
672	207
0	275
0	275
0	179
0	16
49	83
7	33
1	49
0	0
0	0
0	0
0	0
0	0
0	0
0	1
0	2
0	483
0	483
38	477
8	110
18	182
11	112
5	86
1	0
0	0
1	0
18	20
1	20
0	2
0	0
0	0
0	1
0	0
0	0
0	0
0	0
0	0
0	0
2	0
6	2815
6	24
3940	2814
0	158
0	185
0	71
1	276
0	170
7	375
3	393
3342	397
0	0
7	37
1	19
0	0
0	15
0	38
0	0
0	3
159	450
0	450
0	6
43	35
21	16
0	0
8	0
32	1835
26	577
0	1042
1	161
0	1173
0	1599
55	1536
0	1383
2	1546
0	296
2	269
3	1076
0	909
0	176
401	0
0	0
0	0
7628	1798
26	680
3	1118
8	0
0	0
0	0
0	0
0	0
0	115
0	116
0	116
0	115
1	115
2	115
0	0
0	0
1	68
0	0
3	762
4	37
29	130
0	803
9	767
11	373
0	75
0	45
0	0
6	585
0	1
13	5
0	5
0	0
0	0
0	0
1	0
0	0
0	133
0	123
28	134
0	0
0	13
257	133
6	0
17	0
0	6
0	23
0	26
0	38
0	67
0	67
1	52
0	2
1	13
0	0
0	0
0	0
0	0
0	0
0	0
0	0
0	0
0	0
3	140
9	140
0	0
0	0
124	184
1	184
0	0
0	0
0	0
0	0
0	0
1	28
9	2070
7	2110
3	2140
0	77
10	1
15	1129
7	0
0	0
0	0
0	0
0	0
1	0
0	0
0	0
180	5133
8	4615
3	3309
2	1208
16	152
38	740
13	705
0	659
9	336
0	272
0	4
0	0
0	0
0	0
1956	451
9	449
0	0
0	0
0	859
0	110
0	70
7	1345
28	1354
7	1131
0	8
0	1345
1	394
1	37
19	5
0	3
14	0
0	407
0	0
0	0
0	0
0	0
0	0
0	0
0	0
67	0
1	0
0	0
10	270
18	270
326	127
0	221
83	215
9	44
6	23
18	3
481	170
9	78
0	90
5	49
136	5
9	5
0	168
4	168
18	24
0	0
0	0
0	0
0	0
0	121
1	121
0	64
9	58
1	58
0	0
0	122
83	139
0	13
4	95
20	70
0	0
23	18
0	18
0	184
3	813
0	950
30	929
0	215
1	180
0	936
0	248
137	215
3	56
4	7
2	55
0	0
0	0
0	0
22	621
89	601
105	447
32	206
0	219
11	162
4	93
3	7
3	17
30	117
1	117
0	0
0	0
0	0
0	0
0	0
0	0
0	71
6	81
0	67
0	81
0	23
0	36
0	0
0	815
0	538
0	547
0	97
0	97
0	802
0	807
0	525
0	530
0	534
0	539
2	22
544	0
2	264
27	50
0	219
0	246
580	456
1	445
0	51
0	0
0	0
213	99
0	75
0	22
42	2
1	0
2	0
0	1119
0	0
0	0
0	0
0	0
1	0
0	0
1	1
0	1
6	0
3	0
3876	18076
14	18070
37	7605
3	157
0	150
1	9
0	12
0	7
1	115
4	115
0	107
0	4
0	4
0	0
1785	128
0	0
0	0
3	128
0	0
0	57
0	58
0	58
1	45
0	46
0	46
3	33
0	0
0	0
0	0
0	0
0	0
0	0
0	0
3	1786
86	1743
9	669
84	969
0	0
41	395
28	91
1	111
6	147
0	416
0	434
0	0
0	395
0	0
0	0
0	0
0	0
0	0
19	120
1	0
21	826
47	827
0	1
1	1
21	0
0	0
1	374
3	626
0	0
0	0
0	0
0	0
0	623
15	693
6	569
0	624
0	475
18	51
0	8
11	8
2	0
0	24
0	24
30	24
0	21
0	0
10	324
0	0
39	20
0	64
0	64
0	64
0	64
0	0
0	0
0	0
0	0
0	0
0	0
0	0
0	0
0	0
0	0
0	0
0	0
0	0
0	0
0	0
0	0
0	0
0	0
0	0
0	0
0	0
0	0
0	0
0	0
0	0
0	0
0	0
0	0
0	0
0	0
0	0
0	0
0	0
0	0
0	0
0	0
0	0
0	0
0	0
0	0
0	0
0	0
0	0
0	0
0	0
0	0
0	0
0	0
0	0
0	0
0	0
0	0
0	0
0	0
0	0
0	0
0	0
0	0
0	0
0	0
0	0
0	0
0	0
0	0
0	0
0	0
0	0
0	0
0	0
0	0
0	0
0	0
0	0
0	0
0	0
0	0
0	0
0	0
0	0
0	0
0	0
0	0
0	0
0	0
0	0
0	0
0	0
0	0
0	0
0	0
0	0
0	0
0	0
0	0
0	0
0	0
0	0
0	0
0	0
0	0
0	0
0	0
0	0
0	0
0	0
0	0
0	0
0	0
0	0
0	0
0	0
0	0
0	0
0	0
0	0
0	0
0	0
0	0
0	0
0	0
0	0
0	0
0	0
0	0
0	0
0	0
0	0
0	0
0	0
0	0
0	0
0	0
0	0
0	0
0	0
0	0
0	0
0	0
0	0
0	0
0	0
0	0
0	0
0	0
0	0
0	0
0	0
0	0
0	0
0	0
0	0
0	0
0	0
0	0
0	0
0	0
0	0
0	0
0	0
0	0
0	0
0	0
0	0
0	0
0	0
0	0
0	0
0	0
0	0
0	0
0	0
0	0
0	0
0	0
0	0
0	0
0	0
0	0
0	0
0	0
0	0
0	0
0	0
0	0
0	0
0	0
0	0
0	0
0	0
0	0
0	0
0	0
0	0
0	0
0	0
0	0
0	0
0	1
0	0
0	0
0	0
0	0
0	0
0	0
0	0
0	0
0	0
0	0
0	0
0	0
0	3
0	0
0	0
0	0
0	0
0	0
0	0
0	0
0	0
0	0
0	0
0	0
0	0
0	0
0	0
0	0
0	0
0	0
0	0
0	0
0	0
0	0
0	0
0	0
0	0
0	0
0	0
0	0
0	0
0	0
0	0
0	0
0	0
0	0
0	0
0	0
0	0
0	0
0	0
0	0
0	0
0	0
0	0
0	0
0	0
0	0
0	0
0	0
0	0
0	0
0	0
0	0
0	0
0	0
0	0
0	0
0	0
0	0
0	0
0	0
0	0
0	0
0	0
0	0
0	0
0	0
0	0
0	0
0	0
0	0
0	0
0	0
0	0
0	0
0	0
0	0
0	0
0	0
0	0
0	0
0	0
0	0
0	0
0	0
0	0
0	0
0	0
0	0
1	351
0	0
0	0
0	0
0	0
0	0
0	0
0	0
0	0
0	0
0	0
0	0
0	0
0	0
0	0
0	0
0	0
0	0
0	0
0	0
0	0
0	0
0	0
0	0
0	0
0	0
0	0
0	0
0	0
0	0
0	0
0	0
0	0
0	0
0	0
0	0
0	0
0	0
0	0
0	0
0	0
0	0
0	0
0	0
0	0
0	0
0	0
0	0
0	0
0	0
0	0
0	0
0	0
0	0
0	0
0	0
0	0
0	0
0	0
0	0
0	0
0	0
0	0
0	0
0	0
0	0
0	0
0	0
0	0
0	0
0	0
0	0
0	0
0	0
0	0
0	0
0	0
0	0
0	0
0	0
0	0
0	0
0	0
0	0
0	0
0	0
0	0
0	0
0	0
0	0
0	0
0	0
0	0
0	0
0	0
0	0
0	0
0	0
0	0
0	0
0	0
0	0
0	0
0	0
0	0
0	0
0	0
0	0
0	0
0	0
0	0
0	0
0	0
0	0
0	0
13	1
0	0
0	0
0	0
0	0
0	0
0	0
0	0
0	0
0	0
0	0
0	0
0	0
0	0
0	0
0	0
0	0
0	0
0	0
0	0
0	0
0	0
0	0
0	0
0	0
0	0
0	0
0	0
0	0
0	0
0	0
0	0
0	0
0	0
0	0
0	0
0	0
0	0
0	0
0	0
0	0
0	0
0	0
0	0
0	0
0	0
0	0
0	0
0	0
0	0
0	0
0	0
0	0
0	0
0	0
0	0
0	0
0	0
0	0
0	0
0	0
0	0
0	0
0	0
0	0
0	0
0	0
0	0
0	0
0	0
0	0
0	0
0	0
0	0
0	0
0	0
0	0
0	0
0	0
0	0
0	0
0	0
0	0
0	0
0	0
0	0
0	0
0	0
0	0
0	0
0	0
0	0
0	0
0	0
0	0
0	0
0	0
0	0
0	0
0	0
0	0
0	0
0	0
0	0
0	0
0	0
0	0
0	0
0	0
0	0
0	0
0	0
0	0
0	0
0	0
0	0
0	0
0	0
0	0
0	0
0	0
0	0
0	0
0	0
0	0
0	0
0	0
0	0
0	0
0	0
0	0
0	0
0	0
0	0
0	0
0	0
0	0
0	0
0	0
0	0
0	0
0	0
0	0
0	0
0	0
0	0
0	0
0	0
0	0
0	0
0	0
0	0
0	0
0	0
0	0
0	0
0	0
0	0
0	0
0	0
0	0
0	0
0	0
0	0
0	0
0	0
0	0
0	0
0	0
0	0
0	0
0	0
0	0
0	0
0	0
0	0
0	0
0	0
0	0
0	0
0	0
0	0
0	0
0	0
0	0
0	0
0	0
0	0
0	0
0	0
0	0
0	0
0	0
0	0
0	0
0	0
0	0
0	0
0	0
0	0
0	0
0	0
0	0
0	0
0	0
0	0
0	0
0	0
0	0
0	0
0	0
0	0
0	0
0	0
0	0
0	0
0	0
0	0
0	0
0	0
0	0
0	0
0	0
0	0
0	0
0	0
0	0
0	0
0	0
0	0
0	0
0	0
0	0
0	0
0	0
0	0
0	0
0	0
0	0
0	0
0	0
0	0
0	0
0	0
0	0
0	0
0	0
0	0
0	0
0	0
0	0
0	0
0	0
0	0
0	0
0	0
0	0
0	0
0	0
0	0
0	0
0	0
0	0
0	0
0	0
0	0
0	0
0	0
0	0
0	0
0	0
0	0
0	0
0	0
0	0
0	0
0	0
0	0
0	0
0	0
0	0
0	0
0	0
0	0
0	0
0	0
0	0
0	0
0	0
0	0
0	0
0	0
0	0
0	0
0	0
0	0
0	0
0	0
0	0
0	0
0	0
0	0
0	0
0	0
0	0
0	0
0	0
0	0
0	0
0	0
0	0
0	0
0	0
0	0
0	0
0	0
0	0
0	0
0	0
0	0
0	0
0	0
0	0
0	0
0	0
0	0
0	0
0	0
0	0
0	0
0	0
0	0
0	0
0	0
0	0
0	0
0	0
0	0
0	0
0	0
0	0
0	0
0	0
0	0
0	0
0	0
0	0
0	0
0	0
0	0
0	0
0	0
0	0
0	0
0	0
0	0
0	0
0	0
0	0
0	0
0	0
0	0
0	0
0	0
0	0
0	0
0	0
0	0
0	0
0	0
0	0
0	0
0	0
0	0
0	0
0	0
0	0
0	0
0	0
0	0
0	0
0	0
0	0
0	0
0	0
0	0
0	0
0	0
0	0
0	0
0	0
0	0
0	0
0	0
0	0
0	0
0	0
0	0
0	0
0	0
0	0
0	0
0	0
0	0
0	0
0	0
0	0
0	0
0	0
0	0
0	0
0	0
0	0
0	0
0	0
0	0
0	0
0	0
0	0
0	0
0	0
0	0
0	0
0	0
0	0
0	0
0	0
0	0
0	0
0	0
0	0
0	0
0	0
0	0
0	0
0	0
0	0
0	0
0	0
0	0
0	0
0	0
0	0
0	0
0	0
0	0
0	0
0	0
0	0
0	0
0	0
0	0
0	0
0	0
0	0
0	0
0	0
0	0
0	0
0	0
0	0
0	0
0	0
0	0
0	0
0	0
0	0
0	0
0	0
0	0
0	0
0	0
0	0
0	0
0	0
0	0
0	0
0	0
0	0
0	0
0	0
0	0
0	0
0	0
0	0
0	0
0	0
0	0
0	0
0	0
0	0
0	0
0	0
0	0
0	0
0	0
0	0
0	0
0	0
0	0
0	0
0	0
0	0
0	0
0	0
0	0
0	0
0	0
0	0
0	0
0	0
0	0
0	0
0	0
0	0
0	0
0	0
0	0
0	0
0	0
0	0
0	0
0	0
0	0
0	0
0	0
0	0
0	0
0	0
0	0
0	0
0	0
0	0
0	0
0	0
0	0
0	0
0	0
0	0
0	0
0	0
0	0
0	0
0	0
0	0
0	0
0	0
0	0
0	0
0	0
0	0
0	0
0	0
0	0
0	0
0	0
0	0
0	0
0	0
0	0
0	0
0	0
0	0
0	0
0	0
0	0
0	0
0	0
0	0
0	0
0	0
0	0
0	0
0	0
0	0
0	0
0	0
0	0
0	0
0	0
0	289
0	0
0	0
0	0
0	0
0	0
0	0
0	0
0	0
0	0
0	0
0	0
0	0
0	0
0	0
0	0
0	0
0	0
0	0
0	0
0	0
0	0
0	0
0	0
0	0
0	0
0	0
0	0
0	0
0	0
0	0
0	0
0	0
0	0
0	0
0	0
0	0
0	0
0	0
0	0
0	0
0	0
0	0
0	0
0	0
0	0
0	0
0	0
0	0
0	0
0	0
0	0
0	0
0	0
0	0
0	0
0	0
0	0
0	0
0	0
0	0
0	0
0	0
0	0
0	0
0	0
0	0
0	0
0	0
0	0
0	0
0	0
0	0
0	0
0	0
0	0
0	0
0	0
0	0
0	0
0	0
0	0
0	0
0	0
0	0
0	0
0	0
0	0
0	0
0	0
0	0
0	0
0	0
0	0
0	0
0	0
0	0
0	0
0	0
0	0
0	0
0	0
0	0
0	0
0	0
0	0
0	0
0	0
0	0
0	0
0	0
0	0
0	0
0	0
0	0
0	0
0	0
0	0
0	0
0	0
0	0
0	0
0	0
0	0
0	0
0	0
0	0
0	0
0	0
0	0
0	0
0	0
0	0
0	0
0	0
0	0
0	0
0	0
0	0
0	0
0	0
0	0
0	0
0	0
0	0
0	0
0	0
0	0
0	0
0	0
0	0
0	0
0	0
0	0
0	0
0	0
0	0
0	0
0	0
0	0
0	0
0	0
0	0
0	0
0	0
0	0
0	0
0	0
0	0
0	0
0	0
0	0
0	0
0	0
0	0
0	0
0	0
0	0
0	0
0	0
0	0
0	0
0	0
0	0
0	0
0	0
0	0
0	0
0	0
0	0
0	0
0	0
0	0
0	0
0	0
0	0
0	0
0	0
0	0
0	0
0	0
0	0
0	0
0	0
0	0
0	0
0	0
0	0
0	0
0	0
0	0
0	0
0	0
0	0
0	0
0	0
0	0
0	0
0	0
0	0
0	0
0	0
0	0
0	0
0	0
0	0
0	0
0	0
0	0
0	0
0	0
0	0
0	0
0	0
0	0
0	0
0	0
0	0
0	0
0	0
0	0
0	0
0	0
0	0
0	0
0	0
0	0
0	0
0	0
0	0
0	0
0	0
0	0
0	0
0	0
0	0
0	0
0	0
0	0
0	0
0	0
0	0
0	0
0	0
0	0
0	0
0	0
0	0
0	0
0	0
0	0
0	0
0	0
0	0
0	0
0	0
0	0
0	0
0	0
0	0
0	0
0	0
0	0
0	0
0	0
0	0
0	0
0	0
0	0
0	0
0	0
0	0
0	0
0	0
0	0
0	0
0	0
0	0
0	0
0	0
0	0
0	0
0	0
0	0
0	0
0	0
0	0
0	0
0	0
0	0
0	0
0	0
0	0
0	0
0	0
0	0
0	0
0	0
0	0
0	0
0	0
0	0
0	0
0	0
0	0
0	0
0	0
0	0
0	0
0	0
0	0
0	0
0	0
0	0
0	0
0	0
0	0
0	0
0	0
0	0
0	0
0	0
0	0
0	0
0	0
0	0
0	0
0	0
0	0
0	0
0	0
0	0
0	0
0	0
0	0
0	0
0	0
0	0
0	0
0	0
0	0
0	0
0	0
0	0
0	0
0	0
0	0
0	0
0	0
0	0
0	0
0	0
0	0
0	0
0	0
0	0
0	0
0	0
0	0
0	0
0	0
0	0
0	0
0	0
0	0
0	0
0	0
0	0
0	0
0	0
0	0
0	0
0	0
0	0
0	0
0	0
0	0
0	0
0	0
0	0
0	0
0	0
0	0
0	0
0	0
0	0
0	0
0	0
0	0
0	0
0	0
0	0
0	0
0	0
0	0
0	0
0	0
0	0
0	0
0	0
0	0
0	0
0	0
0	0
0	0
0	0
0	0
0	0
0	0
0	0
0	0
0	0
0	0
0	0
0	0
0	0
0	0
0	0
0	0
0	0
0	0
0	0
0	0
0	0
0	0
0	0
0	0
0	0
0	0
0	0
0	0
0	0
0	0
0	0
0	0
0	0
0	0
0	0
0	0
0	0
0	0
0	0
0	0
0	0
0	0
0	0
0	0
0	0
0	0
0	0
0	0
0	0
0	0
0	0
0	0
0	0
0	0
0	0
0	0
0	0
0	0
0	0
0	0
0	0
0	0
0	0
0	0
0	0
0	0
0	0
0	0
0	0
0	0
0	0
0	0
0	0
0	0
0	0
0	0
0	0
0	0
0	0
0	0
0	0
0	0
0	0
0	0
0	0
0	0
0	0
0	0
0	0
0	0
0	0
0	0
0	0
0	0
0	0
0	0
0	0
0	0
0	0
0	0
0	0
0	0
0	0
0	0
0	0
0	0
0	0
0	0
0	0
0	0
0	0
0	0
0	0
0	0
0	0
0	0
0	0
0	0
0	0
0	0
0	0
0	0
0	0
0	0
0	0
0	0
0	0
0	0
0	0
0	0
0	0
0	0
0	0
0	0
0	0
0	0
0	0
0	0
0	0
0	0
0	0
0	0
0	0
0	0
0	0
0	0
0	0
0	0
0	0
0	0
0	0
0	0
0	0
0	0
0	0
0	0
0	0
0	0
0	0
0	0
0	0
0	0
0	0
0	0
0	0
0	0
0	0
0	0
0	0
0	0
0	0
0	0
0	0
0	0
0	0
0	0
0	0
0	0
0	0
0	0
0	0
0	0
0	0
0	0
0	0
0	0
0	0
0	0
0	0
0	0
0	0
0	0
0	0
0	0
0	0
0	0
0	0
0	0
0	0
0	0
0	0
0	0
0	0
0	0
0	0
0	0
0	0
0	0
0	0
0	0
0	0
0	0
0	0
0	0
0	0
0	0
0	0
0	0
0	0
0	0
0	0
0	0
0	0
0	0
0	0
0	0
0	0
0	0
0	0
0	0
0	0
0	0
0	0
0	0
0	0
0	0
0	0
0	0
0	0
0	0
0	0
0	0
0	0
0	0
0	0
0	0
0	0
0	0
0	0
0	0
0	0
0	0
0	0
0	0
0	0
0	0
0	0
0	0
0	0
0	0
0	0
0	0
0	0
0	0
0	0
0	0
0	0
0	0
0	0
0	0
0	0
0	0
0	0
0	0
0	0
0	0
0	0
0	0
0	0
0	0
0	0
0	0
0	0
0	0
0	0
0	0
0	0
0	0
0	0
0	0
0	0
0	0
0	0
0	0
0	0
0	0
0	0
0	0
0	0
0	0
0	0
0	0
0	0
0	0
0	0
0	0
0	0
0	0
0	0
0	0
0	0
0	0
0	0
0	0
0	0
0	0
0	0
0	0
0	0
0	0
0	0
0	0
0	0
0	0
0	0
0	0
0	0
0	0
0	0
0	0
0	0
0	0
0	0
0	0
0	0
0	0
0	0
0	0
0	0
0	0
0	0
0	0
0	0
0	0
0	0
0	0
0	0
0	0
0	0
0	0
0	0
0	0
0	0
0	0
0	0
0	0
0	0
0	0
0	0
0	0
0	0
0	0
0	0
0	0
0	0
0	0
0	0
0	0
0	0
0	0
0	0
0	0
0	0
0	0
0	0
0	0
0	0
0	0
0	0
0	0
0	0
0	0
0	0
0	0
0	0
0	0
0	0
0	0
0	0
0	0
0	0
0	0
0	0
0	0
0	0
0	0
0	0
0	0
0	0
0	0
0	0
0	0
0	0
0	0
0	0
0	0
0	0
0	0
0	0
0	0
0	0
0	0
0	0
0	0
0	0
0	0
0	0
0	0
0	0
0	0
0	0
0	0
0	0
0	0
0	0
0	0
0	0
0	0
0	0
0	0
0	0
0	0
0	0
0	0
0	0
0	0
0	0
0	0
0	0
0	0
0	0
0	0
0	0
0	0
0	0
0	0
0	0
0	0
0	0
0	0
0	0
0	0
0	0
0	0
0	0
0	0
0	0
0	0
0	0
0	0
0	0
0	0
0	0
0	0
0	0
0	0
0	0
0	0
0	0
0	0
0	0
0	0
0	0
0	0
0	0
0	0
0	0
0	0
0	0
0	0
0	0
0	0
0	0
0	0
0	0
0	0
0	0
0	0
0	0
0	0
0	0
0	0
0	0
0	0
0	0
0	0
0	0
0	0
0	0
0	0
0	0
0	0
0	0
0	0
0	0
0	0
0	0
0	0
0	0
0	0
0	0
0	0
0	0
0	0
0	0
0	0
0	0
0	0
0	0
0	0
0	0
0	0
0	0
0	0
0	0
0	0
0	0
0	0
0	0
0	0
0	0
0	0
0	0
0	0
0	0
0	0
0	0
0	0
0	0
0	0
0	0
0	0
0	0
0	0
0	0
0	0
0	0
0	0
0	0
0	0
0	0
0	0
0	0
0	0
0	0
0	0
0	0
0	0
0	0
0	0
0	0
0	0
0	0
0	0
0	0
0	0
0	0
0	0
0	0
0	0
0	0
0	0
0	0
0	0
0	0
0	0
0	0
0	0
0	0
0	0
0	0
0	0
0	0
0	0
0	0
0	0
0	0
0	0
0	0
0	0
0	0
0	0
0	0
0	0
0	0
0	0
0	0
0	0
0	0
0	0
0	0
0	0
0	0
0	0
0	0
0	0
0	0
0	0
0	0
0	0
0	0
0	0
0	0
0	0
0	0
0	0
0	0
0	0
0	0
0	0
0	0
0	0
0	0
0	0
0	0
0	0
0	0
0	0
0	0
0	0
0	0
0	0
0	0
0	0
0	0
0	0
0	0
0	0
0	0
0	0
0	0
0	0
0	0
0	0
0	0
0	0
0	0
0	0
0	0
0	0
0	0
0	0
0	0
0	0
0	0
0	0
0	0
0	0
0	0
0	0
0	0
0	0
0	0
0	0
0	0
0	0
0	0
0	0
0	0
0	0
0	0
0	0
0	0
0	0
0	0
0	0
0	0
0	0
0	0
0	0
0	0
0	0
0	0
0	0
0	0
0	0
0	0
0	0
0	0
0	0
0	0
0	0
0	0
0	0
0	0
0	0
0	0
0	0
0	0
0	0
0	0
0	0
0	0
0	0
0	0
0	0
0	0
0	0
0	0
0	0
0	0
0	0
0	0
0	0
0	0
0	0
0	0
0	0
0	0
0	0
0	0
0	0
0	0
0	0
0	0
0	0
0	0
0	0
0	0
0	0
0	0
0	0
0	0
0	0
0	0
0	0
0	0
0	0
0	0
0	0
0	0
0	0
0	0
0	0
0	0
0	0
0	0
0	0
0	0
0	0
0	0
0	0
0	0
0	0
0	0
0	0
0	0
0	0
0	0
0	0
0	0
0	0
0	0
0	0
0	0
0	0
0	0
0	0
0	0
0	0
0	0
0	0
0	0
0	0
0	0
0	0
0	0
0	0
0	0
0	0
0	0
0	0
0	0
0	0
0	0
0	0
0	0
0	0
0	0
0	0
0	0
0	0
0	0
0	0
0	0
0	0
0	0
0	0
0	0
0	0
0	0
0	0
0	0
0	0
0	0
0	0
0	0
0	0
0	0
0	0
0	0
0	0
0	0
0	0
0	0
0	0
0	0
0	0
0	0
0	0
0	0
0	0
0	0
0	0
0	0
0	0
0	0
0	0
0	0
0	0
0	0
0	0
0	0
0	0
0	0
0	0
0	0
0	0
0	0
0	0
0	0
0	0
0	0
13	130
0	0
0	32
0	32
0	32
0	5
0	179
0	147
149	147
0	55
0	0
0	0
0	0
0	0
0	0
0	0
0	0
0	0
0	0
0	0
0	0
0	0
0	0
0	3
0	2
0	2
0	2
0	3
6	5
0	2
0	2
0	3
0	0
0	2
0	2
7	14
2	0
0	0
0	0
0	0
0	0
0	0
0	0
0	0
0	0
0	0
0	0
0	0
0	0
0	0
0	0
0	0
0	0
0	0
0	5
0	3
0	9
0	0
0	0
0	0
0	22
2	21
1453	9607
3883	9898
0	0
0	0
0	0
0	0
0	0
375	0
