UniqueCount	AmbigCount
0	0
0	0
37	241
30	181
149	155
0	0
21	0
18	0
14	0
0	0
18	0
0	0
41	0
53	0
0	0
0	0
0	0
0	0
0	0
0	0
0	0
0	0
0	0
0	0
11	183
2	125
1	139
0	117
9	61
0	13
2	75
0	70
5	1
0	1
0	0
0	0
0	0
0	0
0	0
5	2
2	2
0	0
3	0
6	43
24	865
84	1388
10	246
0	844
18	0
105	201
7	655
0	230
4	1158
2080	1944
0	1170
5	907
15	553
0	332
16	1349
3	800
113	243
413	3735
9	3735
7	77
1	0
0	1
0	1
0	0
0	0
0	0
1	0
0	0
1	0
0	0
0	0
0	0
0	1607
46	2414
49	413
50	1653
50	232
0	138
6	2056
27	747
0	0
1	0
0	0
2	1
0	38
0	38
0	3
0	17
0	7
0	0
0	0
0	0
1	0
0	0
0	153
0	306
177	16
0	16
0	0
66	3585
36	98
3	53
3	1489
0	3047
91	445
0	1254
21	25
3	337
5	24
8	97
3	367
48	19
0	582
5	0
0	14
0	0
1	10
0	64
0	64
0	64
0	0
0	3
0	49
0	44
0	15
0	64
0	4
0	1
0	6
0	9
0	0
0	0
2	20
0	0
0	0
0	0
0	0
689	3065
4	308
0	6
0	2218
0	0
0	682
250	0
14	167
45	2977
4	2883
3	212
0	0
0	0
0	0
19	0
1	0
0	0
40	0
0	0
136	0
1	0
3	0
0	0
0	0
0	15
0	21
0	22
0	17
0	3
0	1
0	8
1	0
0	1
1	0
0	0
0	0
1	13
3	13
0	35
1	4
0	0
0	0
0	0
1	0
0	0
0	2
0	0
0	0
0	0
0	0
0	0
0	0
0	0
1	0
751	1
1	10
1	10
0	0
0	4
0	9
6	2
1	2
0	360
7	1
1	3
3	0
0	2
0	0
122	133
4	133
1	27
4	17
0	49
2980	2
0	0
0	0
2	2
0	2
0	0
0	1
0	0
2	419
1	406
0	429
19	4
0	320
4	364
0	0
0	0
0	420
1	8
1	37
2	362
18	18
15	51
1	0
0	0
0	0
2	0
0	0
0	0
9	274
66	216
2	104
0	142
39	122
0	0
3	17
0	17
0	0
0	0
0	0
0	0
0	0
0	0
0	0
0	0
0	0
252	1866
0	913
3	1048
0	570
69	1039
9	374
15	261
28	1
0	16
86	597
190	86
0	80
0	237
0	27
10	297
57	297
0	66
0	237
0	61
0	50
5	493
0	42
0	0
346	30
0	60
16	26
4	37
6	21
1	10
0	3
0	111
11	6
8	31
3	4
2	79
4464	6780
0	615
9	894
118	367
7	46
0	0
3	4858
99	0
31	211
0	600
0	28
2	28
3	0
8	0
1	0
0	0
0	8
0	0
0	0
0	0
0	0
0	0
2089	1461
35	36
2	540
0	0
13	224
0	0
0	167
1	176
0	687
0	165
0	0
0	17
0	5
0	3
0	3
0	3
0	19
0	2
0	2
1	0
0	11
0	2
0	0
0	0
0	7
0	0
0	0
0	0
0	0
0	0
0	0
1	849
4	757
8	475
6	287
0	794
0	22
0	37
4	27
1	71
0	352
3	715
0	734
0	375
10	286
1	176
0	218
0	25
9	133
0	0
0	0
0	0
56	0
9	2351
0	2359
51	1581
21	0
5	44
4	97
8	1070
37	1000
32	0
60	351
28	275
0	149
37	0
0	0
5	0
17	0
0	0
101	0
47	0
0	0
0	0
7639	1193
7	857
0	392
1191	102
1	102
24	0
124	0
0	0
0	0
0	0
0	0
0	0
0	14
0	14
0	11
0	11
0	0
0	0
0	0
0	0
0	2
0	3
1	1
1	0
12	19
1	12
0	7
2	7
4	0
1	0
0	183
1	3229
79	217
0	217
0	0
0	32
11	85
135	85
0	0
12	0
0	0
0	0
0	2
0	0
19	461
1	203
3	397
38	110
26	0
1265	4
0	0
0	0
0	11
6	14
1	14
1	7204
616	37393
74	24645
57	7754
2	26245
42	15621
2718	2386
42	2380
0	0
0	0
1	468
0	453
0	437
0	444
0	436
0	0
1	0
0	0
0	640
0	668
0	626
0	368
0	632
1	592
2	424
0	16
0	38
13	58
0	29
0	41
15	98
1	30
959	211
2	121
27	169
10	5
6	0
358	1004
43	1018
33	789
2	649
0	782
1	432
6	157
1	1
0	1
1	9
0	9
0	0
0	0
9	1276
1	268
148	1276
0	75
9	73
146	101
1	50
0	0
3	3
0	0
0	0
0	6
65	6
0	0
23	25
0	8
0	14
0	14
0	0
0	0
0	0
2	5
0	0
0	0
142	0
1	0
1	1
2	1
0	0
0	11
0	2
6	11
0	0
0	0
0	0
0	0
0	4
0	4
0	0
0	0
0	0
0	0
0	0
0	0
0	0
0	0
0	0
0	0
0	0
0	0
0	0
0	0
0	0
0	0
0	0
0	0
0	0
0	240
2	0
0	0
0	0
0	0
0	0
0	0
0	0
2	2
0	0
0	0
989	126
5	0
0	0
0	28
0	2
0	0
13	100
1	87
0	0
0	0
0	0
0	0
2	0
0	1
0	1
0	0
0	0
164	2287
0	2298
0	396
0	323
4	42
0	0
0	0
0	0
0	0
126	1751
0	0
0	1751
0	406
0	407
4	0
0	2
32	2
590	51
1	49
1	0
1	0
23	177
11	177
3	0
209	473
12	448
9	230
1	0
8	0
0	0
47	20
1	14
0	10
0	0
1007	408
0	0
0	0
4	400
0	2
0	0
0	1
0	0
2	59
1	59
0	20
0	23
0	25
3	0
0	9
11	40
0	0
4	0
0	0
0	0
0	568
0	568
1	568
10	420
0	104
0	0
0	0
0	0
0	0
0	0
0	0
0	0
1	0
0	0
0	0
9	0
0	0
0	0
0	0
154	111
3	111
0	45
0	0
0	0
0	0
0	0
7	0
0	0
20	1070
766	1453
0	266
0	1319
0	672
0	563
6	689
219	68
0	68
0	0
0	0
0	1214
0	4269
3	4402
0	4357
7	2279
249	4389
0	238
0	2341
205	784
6	0
0	0
0	37
0	37
0	0
0	0
2	1
0	1
0	1
0	0
0	60
4	6889
0	915
13	16229
143	177872
28	42026
65	86942
90	120810
5	2039
0	304
0	108
158	1985
12	118
2	233
0	0
0	0
0	0
0	0
0	0
0	26
0	36
0	42
0	42
0	42
0	24
0	13
0	0
1	0
0	2
0	0
0	0
0	0
0	0
1	0
1	0
1	0
1	0
3	0
0	0
1	7
1	0
0	0
3	0
3	0
5	0
0	0
9	0
4	0
10	0
7	0
6	0
2	0
3	0
0	0
0	0
0	0
0	0
0	0
0	0
0	0
0	0
0	0
0	0
0	0
9	13
0	0
0	0
0	0
0	0
0	0
0	0
0	0
0	0
7	574
0	0
0	0
0	0
0	0
0	0
1	51
0	0
2	4145
0	4145
6	1311
8	33
5	19
12	631
39	569
5	555
52	20
0	3
33	517
15	252
63	0
2	18
98	0
25	3
24	9885
0	10114
0	10114
29	8963
68	6168
20	123
0	2
0	0
6	0
0	2
0	2
0	2
0	0
1	0
0	0
1	0
0	0
0	0
0	0
0	0
0	0
1	0
0	0
0	0
0	0
0	0
0	0
0	0
1	190
0	0
0	0
1	5
2	3
1	4
1	2
0	0
0	1
1	0
1	18
2	0
0	2
0	0
0	2
0	0
0	0
0	0
0	0
0	0
25	0
0	62
0	0
0	0
0	0
0	0
0	0
0	0
0	0
0	0
515	127
7	127
0	0
32	0
21	0
0	0
0	4
0	4
1	0
1	17
22	46
2	425
1	406
13	35
6	34
0	406
2	254
0	20
0	232
386	68
2	65
2	13
0	0
14	3
0	668
2	734
0	87
0	69
0	110
0	60
0	116
1868	157
2	14
4	24
0	23
0	18
0	25
0	1
0	4
0	2
0	0
12	12605
3	0
0	0
0	0
0	2402
0	200
0	180
1	1321
3	10979
0	12745
2	12729
18	0
0	76
3	44
0	0
455	172
113	1940
101	3493
0	10799
35	197
2	0
0	0
29	201
729	3158
0	4261
0	0
5	146
0	327
3	273
0	0
0	0
0	0
3	0
30	0
157	0
0	0
168	499
14	497
0	1
1151	617
29	1
0	201
3	340
0	397
0	34
0	408
0	17
21	10
395	650
13	448
6	290
28	11
4	0
0	3
0	3
4	99
1	0
0	0
0	0
0	0
0	0
0	0
0	0
0	0
0	0
0	0
0	0
0	0
0	0
5	0
0	0
0	0
0	0
0	0
16	28
0	13
0	6
0	0
0	0
0	27
1	9
0	5
0	9
0	0
51	0
2	6343
14	6459
21	648
1	430
0	418
0	150
3	103
1	0
3	97
268	1698
8313	1838
60	149
0	138
0	0
1	0
1	0
0	0
0	0
0	0
0	0
0	0
0	0
0	0
0	0
0	0
0	0
0	0
0	0
2060	1336
49	1336
1	0
4	0
1088	8598
18	3687
76	8386
0	0
8	196
1	481
7	2013
8	1
32	2952
1	629
3	368
9	67
1576	326
98	326
0	110
0	36
1	16
0	76
27	250
0	447
7	422
3	464
1	662
6	595
131	0
0	579
0	5
6	36
0	20
0	0
0	1919
1	2002
0	984
12	986
0	0
4	167
0	92
0	44
114	56
0	0
0	0
0	0
0	0
1	49
50	303
26	274
0	285
1	273
5	22
1	12
16	7
8498	2650
31	2583
105	0
0	31
0	680
0	651
2	47
19	2
0	142
0	0
0	86
0	74
0	62
0	26
5	3
0	1
16	159
0	153
1	39
0	12
0	43
17	16
5	808
1	807
3	807
9	807
6	97
1	60
0	8
0	9
54	0
0	0
0	3
1	3
0	3
0	3
0	0
0	0
0	0
0	0
0	2
0	0
6	3950
1432	4862
0	1306
101	499
6	54
1	3251
4057	1172
6	74
44	314
0	781
0	579
3	125
0	216
0	0
0	0
0	0
0	0
0	0
36	140
0	0
0	0
0	8
1	25
1	107
0	5432
25	5432
76	1285
1	169
18	298
0	298
3	405
0	270
0	0
102	0
136	0
0	4
0	0
0	25
1	22
0	27
0	33
0	33
0	24
0	28
0	0
0	2
0	0
2	2
0	0
0	0
2	2
0	13
0	14
7	16
0	0
0	6
221	462
43	6
9	375
0	385
0	423
0	0
0	0
0	0
0	348
0	122
0	353
0	242
0	233
0	231
0	43
3120	9
18	5
65	1122
50	1227
6	736
3	589
6	1145
3	100
4	676
0	22165
158	22601
152	7880
0	5391
12	318
0	682
44	87
12	87
183	150
308	234
37	719
500	750
0	0
14	6
0	0
10	0
1	47
0	47
0	44
3	45
2	40
64	130
0	127
2	68
22	5
0	0
3	21
66	46
4	42
0	46
3	354
50	508
16	10
1	233
31	114
103	1278
94	1127
4	29
66	3
0	711
2	1121
9	148
0	0
0	0
0	1
0	1
0	1
0	0
495	1946
113	1547
1	1881
166	1629
2	402
15	1202
0	736
19	5
516	1788
79	1788
1	58
0	242
0	280
181	596
13	566
6	23
0	13
3	34
10	33
2	17
14	0
9	3
0	34
1	12
0	4
0	0
0	84
0	84
1	84
0	2
0	0
0	0
0	0
0	14
0	0
0	0
0	0
0	5
0	0
0	0
12	49
0	48
2	1
0	43
1	44
0	8
0	36
0	10
0	3
0	0
1	0
0	2
0	1
0	0
0	0
122	1084
0	15
2	313
49	0
2	832
0	0
2	0
0	0
9	12
386	13
0	0
7	0
0	1
675	12895
37	8006
49	9078
29	9183
2	3878
4	6733
80	640
2	40
0	557
9	515
3	18
6	0
0	3
0	3
9	1026
0	1026
2	747
0	167
60	772
3	0
2043	1396
12	600
10	19
2	165
0	0
0	1
36	0
2	0
1	0
0	0
0	0
0	0
0	0
0	0
21	2616
0	2686
39	15
0	741
13	2228
0	2094
0	2031
0	2344
0	2168
0	116
0	5
10	0
0	117
2	75
0	292
39	1
21	108
3	108
0	0
0	24
0	0
4	56
0	37
3	0
28	0
7	1217
58	0
25	1245
1	28
19	31
8	82
94	80
2	31
5	0
1	2870
2	574
5	3902
3057	3263
0	3506
0	19
0	20
0	20
0	34
0	34
14	34
97	26
0	24
2	21
2	2
0	0
0	0
165	216
0	80
0	0
0	16
9	120
3168	1109
33	1103
0	0
5	6
10	0
1	685
9	681
16	26
28	0
0	0
0	0
0	0
0	0
0	0
0	4
0	0
0	0
0	0
0	0
0	0
0	0
0	0
0	0
0	1
0	5
0	3
0	2
0	5
0	3
0	3
0	3
0	4
0	0
0	0
0	0
0	0
0	44
0	0
0	0
3	44
0	0
0	0
0	0
21	1075
29	512
32	690
119	254
0	409
0	0
0	534
13	298
11	0
0	0
0	0
0	0
0	0
0	0
0	1058
0	1058
43	74
0	0
0	126
0	16
5	212
20	211
1	76
7	0
1136	0
568	1070
1	1070
0	63
0	1152
1	0
0	0
0	0
0	94
0	60
2275	535
1	32
52	0
1	375
0	125
89	0
6	0
0	0
0	0
1	0
6	0
80	797
2	634
13	304
2	264
1	36
0	44
3	47
0	1
1	49
2	0
0	0
0	0
0	0
0	76
14	4437
157	639
0	957
43	4479
2	3125
3	2945
0	585
16	1038
10	222
0	0
0	0
0	0
0	0
54	19
0	19
2	446
1	417
0	359
6	388
0	334
7	383
0	359
0	57
4	46
0	49
1	69
1	57
0	68
0	38
0	63
8	605
0	551
0	483
5	340
1	116
8	56
1	6
0	768
15	6
15	782
3	14
46	17
29	694
12	694
0	55
0	29
5	124
0	136
0	0
0	0
0	0
0	0
0	0
3	1
1	209
0	85
0	191
0	24
0	0
40	0
2	0
1	170
0	0
1	0
0	0
0	0
0	0
0	0
179	4489
34724	16521
70	628
0	139
29	499
3	3277
0	3089
0	5193
4894	1597
27	273
18	1324
1	120
160	0
0	0
2	0
0	0
0	0
0	0
0	0
0	0
2	1888
24	1756
10	206
0	207
0	1104
4	36
33	822
2	221
1	148
0	0
11	527
0	1
2	0
3742	927
89	927
0	90
5	149
0	218
1	181
2	265
43	268
0	0
2	0
0	1
1	1
0	1
0	1
0	0
0	0
0	0
1	137
2	137
0	1
2	12
0	2
0	4
0	0
3	22
2	10
0	0
0	0
0	0
0	0
764	540
1	474
0	86
2	62
53	0
4	0
0	0
0	0
0	0
0	5
0	0
0	0
0	0
0	0
5	112
0	0
0	0
0	0
0	0
0	10
0	0
0	0
0	0
0	0
0	0
0	0
0	0
0	0
0	0
0	0
0	0
0	0
0	0
0	0
0	0
0	0
0	0
0	0
0	0
0	0
0	0
0	0
0	0
0	1
13	1
0	0
0	0
0	0
1	0
0	0
1382	0
0	0
1	0
8	411
0	349
0	583
51	566
0	539
5	232
0	140
3	137
1	14
38	117
0	0
0	0
0	0
1	0
0	0
72	3193
0	3182
0	3105
7	3132
8	72
0	112
17	12
0	344
2	448
0	1
2	497
0	63
15	364
0	0
22	0
24	85
25	0
0	0
0	0
3	1
0	77
1	77
0	11
1	2006
0	2
0	12
3	0
0	3075
0	4085
0	2821
9	3919
14	598
0	2784
15	68
10	773
3	3575
0	0
23	115
0	1813
2	641
824	2198
5	1893
0	253
3	7
2	17
0	173
107	3685
16	2367
62	2398
0	240
0	351
2	535
75	112
46	287
477	188
20	455
0	149
0	0
0	0
34	4457
146	4611
0	1508
2	371
0	276
2	0
0	1
0	0
0	0
0	319
1	194
0	188
3	121
18	76
0	91
25	160
0	83
1	32
43	0
691	6419
4	5475
43	1533
13	3289
2	437
35	2490
61	0
0	0
414	212
0	178
11	84
0	35
0	38
2	33
20	0
1	536
2	160
143	544
0	6
0	68
0	0
1	44
51	961
4	961
0	961
0	149
0	137
0	137
0	136
0	0
0	0
0	0
0	0
0	0
92	201
0	0
1	196
19	49
1	41
4	24
0	23
0	6
18	2
23	97
892	195
1	224
4	279
5	214
0	65
86	106
9	235
0	245
4	128
1	1495
0	1
0	1
15	1793
13	515
0	502
4	186
0	104
3	0
0	0
0	0
0	0
0	4
0	0
1	0
2656	435
49	34
5	397
0	0
0	104
0	104
0	1
0	4
0	0
0	0
0	10
1	4
0	0
0	0
0	0
0	0
0	0
0	0
0	0
1434	133
4	34
2	87
0	0
3987	848
22	0
0	844
103	0
31	30
0	0
23	309
23	752
0	753
27	29
0	279
5	109
5	26
0	0
0	0
4	1
9	25
6	228
22	0
1	88
3	100
10	185
0	98
0	48
0	0
51	0
7263	7895
0	3465
234	507
944	4966
19	642
15	1277
4	1190
0	593
13	0
3	485
1148	502
39	8
34	15
29	0
8815	3152
46	2772
5	1604
2221	604
32	559
0	0
0	1
2	1951
11	3246
5	2993
0	762
2	1201
0	688
8	96
27	0
0	4
39	81
2	59
6	57
0	12
0	16
5	8
1	8
1444	0
0	0
1	0
0	0
0	0
0	0
0	15
0	0
0	0
0	0
0	0
209	2
66	0
1	132
13	0
0	2
0	5
0	0
5	5
0	0
0	0
0	11
0	0
0	0
19	2034
104	2106
0	1818
4	33
45	4
2	52
0	4
1	4
81	48
2	0
0	0
0	0
0	0
0	0
0	0
17	0
542	21
4	15
1	15
5	196
11	180
0	207
0	65
0	84
1	67
1	11
0	25
0	51
3	58
272	112
75	112
0	0
0	0
0	0
1	0
0	0
0	77
0	23
0	270
0	993
2	1
0	107
0	1027
0	268
0	861
134	1015
44	10
1	6
0	4
73	1027
0	92
0	0
1	219
1	292
5	277
3	148
0	35
3	39
0	13
27	82
30	14
0	86
53	77
919	134
23	134
58	39
33	39
0	0
9	4
0	0
0	0
0	0
2	4
56	106
0	106
0	3
6	0
0	0
1	0
3	0
60	0
6382	8742
0	3020
0	6903
1	6272
76	3379
6	414
62	569
240	1120
141	2492
0	2461
3	1960
66	139
1	704
0	318
177	1940
2	231
6	346
2	477
0	531
12	433
0	110
5	253
0	126
29	126
0	123
38	1
36	809
1	467
0	133
0	112
0	763
1	165
8	10
2	66
584	604
1	579
0	0
2	31
0	40
11	25
5	17
8	0
0	17
888	987
0	958
0	750
0	502
0	53
1	2
2	5
17	0
1	5
1283	1
0	0
0	0
0	533
0	6
30	3
0	1
6	15
0	14
0	11
4	2
4	1
0	0
5	151
8	1357
0	369
0	16
8	38
1	129
0	1165
1957	2092
120	727
52	119
0	2250
253	6
1	284
0	0
295	4640
4	3955
147	0
20	4532
0	3847
1	0
1546	1279
0	1072
6	160
1	0
3	174
3	175
7	44
32	63
8	158
7	269
0	294
7	326
0	26
0	0
0	0
0	0
0	0
0	0
0	0
0	0
0	0
1	234
10	234
0	194
4	80
0	51
1	50
0	31
0	23
0	23
0	3
0	3
4	59
0	3
0	3
0	3
0	3
0	1
0	1
0	0
0	0
0	0
130	1062
0	985
14	525
0	55
24	7
0	0
0	0
0	0
0	0
0	0
1	0
1005	0
0	0
2	6
0	3
0	0
0	0
0	0
0	0
1	2
0	0
0	0
0	176
0	0
0	0
0	0
0	0
0	2
1808	963
2	611
7	377
25	0
3	0
4	423
2	2578
6	268
12	399
18	306
538	2877
0	226
0	426
4	303
0	0
3	889
0	0
1	493
0	725
0	289
27	438
0	0
4	557
0	0
5835	57
40	0
9	46
44	3
1	0
2407	8
84	0
0	0
1	7
22	1
0	0
0	26
0	26
0	10
2	0
3	2
201	753
0	751
17	751
11	6
1	1
0	193
0	160
4	60
12	158
16	2
2	8
13	1
149	164
0	155
0	161
0	129
1	40
23	9
0	18
3194	4484
78	105
106	488
102	1
0	2760
0	1873
4	2414
61	83
0	0
1	223
13	7
1	484
0	1313
1	1127
8	0
3	1003
0	190
0	731
0	610
19	88
0	13
2	254
1	24
0	193
0	78
0	101
0	108
3629	1562
13	331
0	1556
8	1522
32	88
121	25
432	0
4	5
0	568
0	0
0	8
2	0
0	0
0	0
141	2415
0	3
80	16
7	16
0	0
0	0
0	0
0	0
0	0
1	0
0	3
3	122
38	14
0	14
0	0
0	9
65	9
2	0
0	3
0	0
0	0
0	0
0	0
0	0
0	0
0	0
0	0
0	0
0	0
0	0
0	201
0	2346
124	107
66	558
0	987
0	2133
138	0
75	0
37	0
0	0
0	0
28	0
0	0
0	0
0	0
31	0
0	0
4	0
0	0
1	814
32	792
12	3297
0	3302
1	2056
411	2051
33	3143
4	3148
0	0
28	0
0	0
0	607
0	0
0	0
0	0
0	3855
0	3828
3	3822
48	18
7	386
0	346
0	0
0	45
40	45
8	1
1	8
447	0
14	379
14	4823
6	813
0	217
64	4566
0	561
34	30
97	2285
17	2008
0	0
0	262
8	496
1	206
20	11
484	10119
0	2891
4	6914
1	927
7	6876
9	6274
47	1439
2	1574
32	1357
0	5
0	0
0	0
1	0
2	0
0	0
0	0
0	0
0	0
0	0
0	0
0	0
0	0
0	40
0	40
0	0
0	40
0	0
0	0
2	71
3	419
0	771
9	356
9	100
3	435
0	723
0	114
0	683
10	0
2	46
0	0
49	0
5	16
0	0
0	0
0	0
0	0
1	0
86	786
16	404
0	811
2	162
5	37
0	57
1	0
0	0
0	0
6	0
1188	257
17	253
0	0
0	0
1	87
0	0
0	0
0	0
0	0
3	882
16	711
25	113
0	633
0	2931
988	3077
10	525
10	605
0	724
54	0
112	2
8	407
36	400
0	39
1	33
1	0
0	0
42	0
0	0
7	0
0	841
0	368
0	59
0	828
2348	1107
6	1094
8	0
1	336
214	361
0	105
10	118
0	0
4	40
0	0
77	4269
0	0
0	0
0	0
0	0
0	0
0	0
0	0
0	0
0	0
0	0
0	0
0	0
0	0
0	0
0	0
0	0
0	19
0	0
0	0
0	0
1	0
1	0
0	0
607	8849
2	8851
0	1881
2	1741
0	1028
0	414
0	2
2	307
0	850
33	528
21	50
8	306
921	1888
30	280
44	549
0	38
0	1958
4	132
0	1
0	1
0	0
0	0
0	0
0	0
0	0
0	0
0	0
0	0
0	0
0	0
0	0
0	0
0	0
7	10
0	259
0	301
0	0
0	0
0	299
0	296
0	0
1	146
11	19
1	7
0	14
2	0
0	142
0	288
0	282
0	30
0	12
0	100
0	41
8	3
0	4
0	20
0	23
0	27
0	20
0	12
0	0
31	84
0	10
0	6
1	73
1	0
1	16
0	0
28	63
109	2143
7	2106
0	2146
0	612
32	490
6	936
2	585
40	0
85	0
40	0
51	415
4	0
133	0
64	0
20	406
4	0
41	0
2538	897
1	897
15	25
0	0
0	0
0	13
0	13
0	13
0	6
0	6
0	5
0	0
0	0
1	227
0	0
15	730
87	730
2	643
5	52
0	190
32	22
260	0
0	0
0	0
0	0
0	0
0	0
0	0
0	0
0	0
0	16
0	16
0	0
0	4
0	0
0	0
0	0
0	0
1	0
0	0
0	0
0	0
0	0
0	0
0	0
7	0
0	0
3	0
654	245
0	237
10	191
0	116
0	110
0	111
0	13
26	0
11	0
8	46
3	47
0	0
0	0
0	0
0	0
5	0
0	0
0	0
0	0
0	0
0	0
0	0
0	0
0	0
0	0
0	2
0	2
0	0
0	0
473	0
2	0
0	0
4	7
0	4
0	3
0	0
0	0
0	0
2064	1880
47	12
0	164
6	1880
1	347
0	277
7	30165
0	28185
0	27774
0	29426
0	28989
332	29567
14	29730
33	13334
4	920
19	3926
2	1713
26	930
60	6028
12	427
2	5674
15	4844
0	1817
1	0
0	1
1	1
0	0
0	0
0	1
0	0
0	0
0	0
0	0
0	0
0	0
0	0
1	0
0	0
0	0
2	18
0	0
45	2
710	6
0	4247
1	4241
3675	159
0	127
0	56
2	178
0	116
7	1
0	1
1446	0
13	0
0	19
0	68
0	120
6	347
3	410
0	624
0	771
1	720
19	540
2	63
0	2
0	0
0	0
0	0
0	0
0	0
0	0
0	0
5772	6355
45	5792
8	743
12	26
25	102
0	102
0	47
3952	8773
3	8765
0	0
0	0
0	0
0	0
0	0
0	0
0	0
0	0
0	0
0	0
0	0
0	0
0	0
8	0
0	0
0	0
0	0
0	0
0	0
1	0
0	0
0	0
0	0
0	6583
8	6440
0	6604
0	1467
0	3010
19	2887
3	2863
1	3004
0	90
1	148
0	148
1	71
2	303
12	282
8	379
0	436
0	235
0	120
46	263
46	13
0	160
0	58
4	8
0	4
2	4
0	56
27	62
0	3
0	3
0	0
0	0
0	0
1621	6247
161	6180
7	5851
7	0
322	3147
64	1935
30	3143
0	412
6	621
0	0
3	38
161	181
0	82
5	60
0	58
0	159
0	125
5	0
16	7057
116	5890
33	6501
393	6728
8	408
0	914
3	604
8	576
0	20
22	20
1	0
0	24
9	0
2	21
1	5
1	21
0	4
1	118
1	175
0	191
3	134
2	81
0	22
0	2
2	26
2	6
0	17
0	25
56	1779
48	1683
0	135
0	0
12570	4152
0	3054
3	603
27	1098
544	1466
1	1439
0	423
43	910
7	55
2	47
2	2
42	0
1366	286
3	212
7	66
0	7
0	6
0	6
0	5
0	7
0	6
0	0
0	7
0	7
0	0
0	1
18	407
18	407
1	348
6	342
0	303
5	168
0	176
9	17
0	0
15	264
6	276
5	276
1	11
0	530
0	596
24	542
3	89
0	160
0	85
0	2
0	55
13	41
0	1
0	53
1	51
0	32
0	7
0	34
0	6
0	2
0	21
1	29
106	2130
0	82
8	17
0	39
0	908
0	127
0	40
25	7
1	1360
9	740
0	109
646	355
48	109
10	246
0	3
0	3
0	1
0	1
0	0
0	0
0	0
496	367
0	0
1	367
342	43
0	43
0	0
5	0
0	2
0	2
0	2
5	1
2	1
0	0
3	0
0	0
0	0
0	0
785	322
68	322
1	0
186	0
78	4
1	4
128	1783
79	1667
10	1214
6	1781
10	50
3	7
5	334
0	174
4	1750
1	1920
46	1701
0	78
0	1744
6	36
0	5
0	0
0	251
7	417
22	463
1	465
0	103
0	44
0	177
0	178
0	240
91	675
3	646
4	1228
0	34
2	452
0	142
5	179
1	1336
8	1247
15	1273
2	1308
35	1380
0	1334
0	199
8	171
5	83
1	32
86	73
5	125
31	547
5	576
4	558
2	550
0	156
4	65
0	0
5	183
9	52
0	170
0	103
1	114
0	125
4	13
1	22
3	0
0	24
47	13
0	0
104	1631
25	222
0	529
3	1454
30	335
3	1251
0	667
3	739
0	328
0	362
0	159
7	22
10	116
0	278
8	168
39	223
33	4751
0	4375
0	2933
17	2012
51	1280
4	675
1	608
0	490
0	2
0	2
0	0
0	0
156	503
0	234
0	296
2	492
0	514
1	262
0	433
0	73
3	32
2	0
6	3
0	56
144	22
0	0
2	2
0	14
0	14
0	12
0	9
52	81
1	44
0	39
0	0
0	26
0	2397
0	2397
52	2253
0	2400
73	2357
3	715
23	1093
0	629
11	1209
9	809
1	111
3	42
0	151
8	61
12583	3395
39	98
15	3322
0	0
0	0
1	308
2	20
4	179
1	0
0	5
0	5
0	6
0	9
0	33
0	297
0	0
17	51
0	83
1	114
1	70
0	3
41	1267
0	1315
4	182
3	384
0	490
2	513
1	348
1	476
11	62
2	432
1	216
0	401
16	267
0	2
0	2
2	0
32	762
6	761
12	716
0	665
0	30
2	1
0	31
0	5
1	31
0	0
2	123
0	3
0	3
5	98
3	6
0	2
0	0
0	4
1	110
8	66
0	72
0	76
6	0
0	0
14	671
9	667
6	639
1	55
0	71
6	481
6	29
0	41
3	0
0	0
15	309
0	11
0	15
0	265
0	18
0	12
3	291
0	20
0	25
0	14
0	96
0	16
0	0
0	0
1	5
0	0
0	0
0	0
0	0
0	0
0	0
0	0
0	0
0	0
3	1448
0	1448
0	854
2	70
0	693
11	396
0	68
0	0
3	0
0	0
0	0
0	0
0	0
0	0
0	0
0	0
3536	0
0	0
12	0
3	2440
1	2662
13	2312
0	0
1	1105
16	0
0	215
0	419
8	253
0	0
0	0
0	1
0	0
0	1
0	1
0	1
0	0
26	0
0	0
276	6630
1	5468
130	6591
740	1678
1	1649
0	729
10	731
0	1657
9	561
4	37
0	0
41	102
0	102
0	0
0	19
30	565
31	565
0	0
0	0
179	139
0	138
2	45
9	0
0	1595
0	1595
0	1595
0	1595
7	421
0	187
0	187
0	19
0	19
0	206
0	187
0	19
6	92
0	57
0	0
576	310
4	310
212	314
0	147
0	154
2	107
4	0
0	4
10	133
0	0
0	0
0	0
0	0
0	0
0	0
0	0
11	0
0	0
0	0
1	0
715	4385
0	4254
0	445
0	698
85	0
15	483
9	373
39	0
1	0
1	0
0	0
0	0
0	0
6	589
1	407
20	567
10	73
2	550
15	14
6	0
9	165
5	169
0	143
10	2
10	0
7	0
16	0
0	0
0	0
0	0
0	0
0	0
0	0
1	0
0	0
0	0
9	4
0	1
0	0
0	0
1321	6
2	0
20	1189
134	0
2	1189
16	0
0	0
0	0
16	2
0	2
0	0
6	1
0	0
10	5
0	1
0	0
0	5
22	5
30	1859
0	422
13	1831
0	1763
97	760
4	1679
31	1648
77	1448
1	438
9	310
12	321
3	620
37	0
21	120
275	0
8	378
71	80
3354	2321
6	2319
1	0
0	0
0	0
0	0
0	0
0	0
1309	2413
11	2352
3	2081
13	2184
0	1580
0	2033
0	1184
1	459
6	0
0	0
0	0
0	0
0	0
0	0
0	0
0	4
2	81
0	51
3	40
0	0
0	0
0	0
0	0
0	0
0	0
5	40
12	46
0	52
0	0
0	0
0	0
0	0
0	0
0	0
0	0
0	0
0	79
0	70
1	60
0	0
1	0
0	5
0	0
0	0
0	0
0	0
0	0
0	0
121	223
0	183
1	60
2	14
10	3
13	4
18	0
54	43
0	0
0	0
28	22
71	24
3	0
0	24
0	11
0	7
3	0
0	0
0	12627
2	12558
24	4779
22	10862
13	1191
11	190
66	286
9	294
4	211
1	1920
0	5114
125	395
10	7
9	623
47	22
0	1790
8	443
4	93
53	0
89	0
5	29
4	29
0	28
2	28
2	0
0	0
2	4
0	1
0	3
7	630
0	1
2	1
0	12
0	0
0	2
0	10
5	10
0	10
4	5
0	0
6	16
0	15
0	7
0	7
0	8
0	15
4	10
0	8
0	0
0	2
0	1
0	12
1	5
0	7
0	4
0	6
2	1
0	25
2	26
0	27
0	0
0	14
0	1
0	6
0	2
0	1
0	10
0	4
0	0
0	0
0	1
1	3
0	19
0	3
7	8
0	12
0	2
0	0
12	130
2	276
4	242
0	16
7	40
0	27
0	11
1	4
4	5
1	0
1	16
103	158
2	1
0	5
0	49
0	32
4	6
5	3
2	56
8	88
0	266
13	193
18	225
11	247
4	240
5	226
24	253
0	31
2	4
0	0
3	10
11	58
0	17
0	96
0	98
5	87
16	75
0	22
1	0
0	0
0	0
0	0
0	0
5152	7036
0	121
0	672
18	6965
116	0
1327	2681
0	2429
4	897
0	0
0	0
0	0
11	0
157	0
0	0
7	438
0	0
0	0
0	0
0	0
0	0
0	0
0	0
0	0
0	0
0	0
0	0
31	149
596	149
1	84
1	85
0	4185
890	4728
28	40
2	413
0	234
1	0
70	14
2	14
11	843
39	0
5	325
0	290
3	147
4	135
44	173
9	53
17	66
2	183
0	8
13	181
0	166
11	63
2	38
0	24
2	5
8	0
137	182
1	0
5392	3126
11	3240
0	0
0	0
2851	4665
63	4663
9	514
30	598
18	188
0	1
0	0
0	0
1	0
5	277
3	18
14	5
44	13
0	0
0	6
0	5
0	6
0	2
0	0
0	0
18069	25991
19	20229
5	5195
2	4566
171	10979
2	293
1	87
1	256
0	39
1	101
0	0
15	483
0	12
0	438
0	367
3	385
1	7
0	0
0	0
16	0
7	96
10	738
49	368
8	645
28	729
0	0
18	0
11	0
16	0
14	0
4	0
9	0
9	2
51	3822
13	0
0	0
1	0
13	0
0	4
0	4
0	0
0	0
0	0
0	0
15	0
0	0
0	5
10	5
0	0
0	1
0	1
0	1
0	0
0	0
3311	0
0	0
0	9
0	9
0	0
0	0
0	0
0	0
0	0
1	1290
47	1916
51	1232
21	1598
12	1598
12	1359
3	778
0	1985
0	0
2	20
3	20
0	0
0	0
5	125
1	2561
0	1843
204	124
3	1029
45	0
43	359
2	1222
0	0
0	1630
0	1760
38	163
6	16
0	114
5	24
1	0
0	0
1	1145
0	191
0	161
1	98
0	73
0	267
0	0
3	20
0	1183
21	120
4	0
0	0
1	735
213	735
5	175
1	162
0	4
0	0
0	1
7	40
0	45
0	3
0	42
0	40
0	42
2	507
0	25
0	492
30	18
0	469
0	401
0	17
0	8
0	398
0	410
2	13
0	187
35	1284
80	242
0	591
0	1336
0	1279
2	1260
0	297
15	92
6	1
283	0
133	128
189	0
1	0
1	1
0	2
2	4
0	2
0	2
0	0
0	1
0	1
1922	3126
2	0
10	0
2	194
71	0
14	200
2	254
100	2675
9	569
1	138
59	633
3	1246
0	981
0	948
4	45
35	0
1	405
10	29
0	55
0	0
0	0
0	0
0	0
0	473
1	4
0	2180
0	345
0	0
0	2162
0	2205
7	562
1163	2309
1	776
3	1
0	2229
0	2348
0	2211
0	12
0	12
1	1
0	2318
37	299
0	484
2	2304
5	0
14	0
8	0
6	2161
0	0
9	0
9	0
7	2164
5	0
46	2164
0	4
0	0
0	12
1	12
2	1
0	0
2397	2129
7	2068
1	1903
0	177
74	59
51	9
367	52
0	0
0	0
0	0
0	0
0	0
0	0
0	0
0	0
0	0
0	0
19	4
4	0
0	0
2	0
0	506
0	506
994	506
0	0
0	0
0	0
0	0
0	0
0	0
0	0
901	9
0	9
41	0
0	4
0	0
0	0
135	2673
0	1463
270	34
72	0
0	0
1	0
70	2444
0	0
1	0
0	0
6	0
2	13
25	0
1	9
0	9
0	5
3	5
0	1
0	1
0	0
0	0
0	0
0	0
0	0
0	0
0	0
0	0
0	0
0	0
0	0
0	0
361	0
3	0
0	0
0	0
10	0
0	0
0	0
0	0
10	1350
40	1196
6	406
1	98
0	118
0	200
11	24
2	145
0	296
0	0
0	9877
0	10353
824	10188
0	467
14	3649
2	2
0	5336
56	318
9	0
0	0
1466	168
4	82
14	86
0	0
4	140
1	129
0	54
0	38
0	26
0	0
1	485
0	364
5	912
7	974
1000	4963
7	256
0	896
0	553
0	3856
3	280
0	4
1	7
0	0
0	0
1	0
0	0
1	0
7	188
0	186
1198	186
9	151
11	748
67	928
348	925
0	805
2	924
0	39
16	44
0	8
6	135
13	0
29	3
174	156
7	36
3	97
2	97
35	154
0	73
0	112
0	48
0	17
0	73
0	0
3	0
0	0
30	0
428	99
5	99
105	785
12	404
30	1364
245	1259
21	329
27	137
0	62
5	146
7	667
0	324
29	182
7	128
30	57
13	0
3	3397
16	3932
133	3723
3	745
0	251
311	5
0	5
0	0
0	0
0	0
0	169
28	351
0	287
3	212
0	10
313	213
1	48
0	6
0	72
0	107
0	0
3	0
4	10
6	10
0	0
1	0
892	929
0	900
0	684
1	82
0	175
0	0
60	1
50	0
22	0
16	124
0	57
0	23
0	53
0	53
0	0
0	0
215	4013
9	3480
9	290
0	218
3	1228
5	1360
0	0
0	350
20	3
0	0
0	0
0	0
0	0
0	0
0	0
0	0
0	0
0	0
0	0
0	0
0	0
0	0
0	0
0	0
0	0
0	0
0	0
0	0
0	0
0	0
0	0
0	0
4	779
6	786
9	786
257	898
3	114
0	0
0	0
0	0
0	0
0	0
2663	490
2	2
0	0
0	0
1	343
3	127
4	104
1	0
0	1
0	1
214	0
23	0
1	2522
83	2125
98	126
0	334
1	202
10	1851
3	1691
4	529
0	125
0	123
0	314
76	997
33	0
94	538
55	255
0	504
0	86
3	27
1	10
2	0
4	1
1	50
6	285
1	342
0	355
17	413
0	0
1	0
249	625
1	625
10	609
0	607
0	551
0	20
0	7
0	37
0	23
0	3
1	25
0	0
0	3
0	0
0	3
10	130
1	130
3	0
339	459
5	352
2	31
0	0
1	112
4	41
1	24
38	283
105	303
0	35
34	208
36	143
1	0
3	127
2	83
26	390
0	26
2	5
19	307
1	0
1139	123
0	83
5	72
0	0
0	0
0	0
1	411
87	446
0	59
1989	16605
7	16872
0	14090
1	36
129	3870
0	638
7	1331
1	1124
11	990
34	278
8	65
122	3
75	9672
0	1137
0	1823
0	9469
0	9334
10	1086
6	333
121	0
0	1862
0	9493
0	1877
18	898
3	1261
2	1882
21	8
2	49
285	503
201	503
38	0
200	7005
514	6492
26	1300
68	264
2	2326
10	888
0	0
733	884
0	551
12	204
0	465
1	517
26	1300
70	643
3	1207
2	153
0	305
11	664
1	0
0	244
435	1118
0	80
3	468
77	1070
7	0
0	160
3	57
0	94
4	6
0	114
233	374
45	228
39	3
304	151
28	1196
0	1174
0	160
0	0
0	3
7	546
15	546
14	30
0	43
1	12
3	11
0	2
11	2
361	1125
1	79
0	70
196	1193
9	547
0	42
931	312
0	0
0	0
70	0
0	0
3	243
0	0
0	0
0	0
0	0
0	0
347	201
27	201
22	0
41	1172
234	67
65	66
10	0
25	33
11	21
0	0
0	0
0	0
0	0
0	0
0	0
0	0
0	0
0	0
0	0
0	0
0	0
12	0
0	2
55	2
0	2
0	0
0	0
0	0
11	25
2	5616
0	0
0	0
0	0
0	0
0	0
0	0
406	1942
46	1931
0	1854
19	365
0	0
28	1631
0	5349
11	5136
0	3415
11	82
61	0
61	26
11	212
25	50
9	190
1	0
0	176
11	1
1	19
0	1190
1	12281
79	11682
510	11642
69	1447
6	872
12	96
17	2994
15	280
3	229
8	686
55	0
30	733
0	0
16	126
1	377
36	21
0	24
5	5
0	2
46	0
0	0
117	0
30	6
2	3
1	3
0	0
0	0
1	0
0	0
0	0
0	0
3	37
0	0
0	0
5	0
1	0
0	0
0	0
0	0
0	0
1	3
2	91
0	0
0	0
0	3
0	0
0	0
1	2
0	2
0	0
0	0
0	0
0	0
0	0
0	0
1	0
0	0
0	0
6	0
0	0
0	0
0	0
0	0
0	0
0	0
0	0
0	0
0	0
0	0
0	0
0	0
0	0
0	0
0	0
0	0
1	0
0	0
0	0
0	0
0	0
0	0
0	0
5	548
1	548
0	0
1	1
1	1
1	0
1	1
34	3246
10	2160
0	2266
87	525
0	523
8	986
1	992
3	0
0	0
0	0
0	0
3	1
41	375
1	445
5	43
18	90
0	58
1	0
21	3057
0	3233
48	4034
2	2819
14	468
258	2060
1	2313
4	85
129	0
12	4
11	275
37	214
0	13
3114	318
155	223
4	91
0	0
0	0
0	0
5	0
48	0
32	1193
0	1323
3	507
2	100
1	38
0	0
1	0
1	0
1210	43
155	0
4	32
0	11
0	0
0	0
1260	99
0	0
0	0
0	0
42	0
100	99
1275	98
0	96
31	13
283	3076
2294	3078
0	1147
35	225
2	0
21	218
355	4205
19	1112
9	4203
3	4195
0	0
0	2
0	2
0	0
0	0
0	0
0	0
0	0
0	0
0	0
0	0
0	0
0	0
0	0
0	0
0	0
0	0
0	8
14	8
0	0
0	0
1	0
0	0
0	2
0	2
0	0
0	0
0	1
0	1
1	49
3	53
1	23
0	6
0	0
0	0
0	0
0	0
0	0
0	0
0	0
0	0
0	0
0	0
0	0
0	0
0	0
0	0
0	0
0	0
0	3
0	2
0	1
0	0
0	0
0	1
0	2
0	1
0	1
0	0
0	0
0	0
0	0
94	7
0	7
6	0
4	0
0	0
0	0
1	1
0	0
0	262
261	274
0	50
9	31
1	2
0	0
0	0
0	0
0	0
0	0
0	0
0	0
0	0
0	0
0	0
0	0
0	0
0	0
0	0
0	0
0	0
76	0
0	0
0	0
0	0
0	0
0	0
0	0
0	0
0	0
0	0
0	0
0	0
0	0
0	0
0	0
0	0
0	0
0	0
0	0
0	0
0	0
0	0
0	0
0	0
0	0
0	0
0	0
1075	2127
41	1439
0	546
0	312
0	317
17	58
980	617
0	517
0	108
1	0
0	2637
0	2690
0	2631
0	2558
12	830
0	1709
0	2113
0	2148
0	2813
0	2309
54	935
0	1942
0	2585
0	2499
0	1696
60	2395
0	0
42	3
0	0
0	3
1	279
0	1400
0	113
0	113
8	219
0	0
0	1280
14	87
0	87
0	1308
35	0
15	0
0	221
30	0
8	710
5	226
11793	246
0	0
0	0
0	12
0	0
125	15
0	15
0	3
0	12
0	14
0	7
0	7
0	12
0	1
0	0
0	0
0	0
0	0
0	0
7	0
0	0
464	0
2894	477
1	286
16	183
0	0
3	0
547	102
4	102
0	1
0	0
0	1
80	653
5	588
2	15
4	1
278	1124
18	1101
0	326
2	8
4	98
13	0
1344	943
0	511
0	432
2	48
0	34
0	103
0	15
0	47
0	29
0	42
0	40
0	81
96	0
0	0
0	0
0	0
0	0
0	0
266	0
0	1
0	1
0	1
0	0
0	1
0	1
848	0
243	6109
2	3674
4	4353
1	3106
6	2695
13	1469
10	517
8	4
14	4
0	4
0	3
0	1
2	0
0	163
22	332
11	335
0	316
0	315
1	0
0	0
6	1
0	1
0	0
0	0
0	0
0	0
0	0
0	0
0	0
0	0
0	0
0	0
0	0
0	0
0	0
0	0
474	367
0	355
0	352
0	327
0	175
1	64
0	62
0	94
0	72
0	97
4	25
0	26
0	27
0	3
59	0
10	0
1696	1129
17	296
12	289
5	197
10	1119
0	0
30	27
0	0
0	0
0	0
697	534
2	219
0	160
0	131
0	0
1	0
0	0
0	0
0	0
0	0
0	0
0	0
0	0
0	0
0	0
0	0
0	46
0	0
0	0
5	84
0	84
0	84
2	0
1	0
0	0
0	0
1	0
0	0
0	0
1	0
0	1
0	0
0	0
0	0
0	0
0	0
0	0
0	0
0	0
0	0
0	16137
149	16343
0	5656
0	8135
79	628
21	1300
0	4177
1	2918
0	2282
11	2793
1	844
16	980
8	0
20	327
2336	1009
7	680
0	0
407	124
0	124
3	10
0	10
0	10
0	5
0	0
1	163
0	181
0	72
0	53
0	10
0	126
1	5
0	0
0	8
5	0
3	38
0	15
1	0
14	12
0	18
0	0
0	0
0	0
36	1170
3985	3325
52	1529
28	0
138	0
7	406
0	3007
0	1
0	1
2	0
2	0
0	6
0	6
0	6
0	2
0	2
0	0
5	0
0	0
0	0
3	184
8	268
266	190
22	299
47	2182
0	2734
150	2518
3	12
0	2
0	2
0	3
0	11
0	12
790	2194
21	20
0	418
0	2027
42	75
76	12
0	261
32	242
4	229
0	0
3	0
31	0
5	86
1	16
0	19
15	239
0	17
13	0
8	0
1	431
0	281
10	468
3	967
212	7
0	0
28	0
0	262
0	71
10	0
1	178
49	0
198	16
2	58
85	252
1	47
1	80
86	8
0	0
42	568
2	456
4	297
2574	1027
15	608
6	122
3	0
0	0
388	3995
98	3995
0	556
1	61
2511	428
22	120
1	306
0	0
0	0
0	0
0	0
8	1041
85	103
3	103
0	0
0	0
0	0
0	1
0	23
0	13
0	1
0	0
0	0
0	5
0	0
0	0
0	3
1	1160
0	0
0	0
2	9
0	0
0	7
0	0
0	0
0	0
1	98
0	98
0	60
0	0
393	0
1409	2098
0	226
27	525
17	1905
15	311
2	0
5	0
0	0
0	0
0	0
0	0
0	0
347	335
3	115
0	268
15	7
2	742
2	2
0	1045
0	1632
5	1686
54	204
0	941
0	714
1	941
0	941
167	1450
1	951
35	678
5	849
13	14
853	2
1	0
124	981
7	75
0	0
13	980
1	0
1	21
0	21
21	10
0	6
1	2
57203	12051
3	12023
6	10992
6	6
0	5
0	1
0	0
0	0
0	0
0	0
0	0
0	0
0	0
0	2
0	2
0	2
0	2
11	0
3352	677
2	675
0	0
220	2
0	0
362	91
1	91
3	205
4	1130
52	1223
5	1052
0	1248
4	839
1	1129
9	124
15	120
0	128
0	115
0	27
0	7
0	0
110	237
70	600
0	571
17	59
0	0
0	0
18	50
7	76
0	40
382	681
4	101
6	196
0	635
0	99
20	266
0	2
3	362
4	30
11	0
17	206
14	0
54	0
0	58
0	21
2	0
0	0
64	0
33	1
0	1
0	6
344	2067
0	2067
8	597
166	199
8	190
0	12
0	15
0	40
53	38
0	36
2	0
1	3
144	167
0	167
0	14
0	0
1	64
1622	143
0	79
60	303
84	302
1	136
1	70
0	0
116	5158
7436	5168
52	0
12	62
3	0
1	154
1	1852
2	1833
1	323
1	291
1708	421
14	341
1	41
0	14
62	213
702	272
0	2
32	2065
4	4
4	2126
0	1287
0	2129
12	1712
3118	1638
1	2728
2	45
2	1907
0	1422
1	94
0	38
0	0
2	0
133	154
2	38
0	139
0	17
1	3
0	0
0	1
0	1
17	16
0	0
0	16
2	1
0	0
0	0
0	0
0	0
0	0
0	0
0	0
155	0
0	682
39	682
4	45
8	37
17	0
12	176
0	155
8	142
0	154
1	170
0	1
0	0
605	552
0	549
5	0
2	84
9	61
6	1
6	6
1	6
0	958
13	1145
0	721
47	1233
1	31
0	142
1	693
8	75
19	75
0	2
0	4
0	9
0	9
0	9
0	0
0	0
0	0
42	75
0	69
0	69
0	58
0	51
0	0
1	55
0	5
2	4
0	0
0	0
0	0
74	3
0	3
0	0
1	0
1	307
0	2
1545	1529
0	1452
7	1198
4	829
0	811
0	95
55	143
97	7
0	123
9	89
0	59
23	22
3	48
7	232
14	307
6	521
1516	529
0	0
2	56
24	6
2426	5510
0	6
16	5510
151	394
4	4486
0	6069
21	5686
1	0
0	0
0	0
0	0
0	0
0	265
31	329
0	4853
0	205
40	4289
3	21
15	195
79	66
73	1964
45	150
0	0
0	66
0	0
0	150
0	35
0	0
0	0
0	0
2	0
0	0
0	51
0	13
0	46
0	0
0	4
21	589
28	631
0	349
28	48
0	89
0	0
0	0
249	1644
5	617
1	1106
9	430
0	0
2	12
11	5336
4	5353
3820	5270
1	294
0	257
0	694
0	429
5	356
0	295
270	176
11	109
0	10
0	8
328	14
102	26
0	26
101	3277
0	1
3	3172
0	3138
27	2125
0	1667
2	38
0	0
3	138
18	0
0	0
0	0
2	130
0	149
0	149
0	42
0	2
1	0
1012	106
0	106
0	0
0	0
30	0
0	0
3734	2
10	0
0	0
0	54
0	44
0	50
0	28
0	28
0	28
0	5
0	5
0	6
0	3
0	15
0	2
0	2
0	124
1	139
8	102
2	16
0	0
0	0
0	116
1	121
7	107
0	115
0	100
0	51
2888	2759
73	2736
4	671
27	944
5	239
1	0
2	131
32	552
8	600
0	39
0	68
1	144
0	187
21	163
0	56
0	198
285	7066
157	7032
0	33
51	1792
4	0
1	0
29	65
2	793
42	866
0	866
40	5
15	61
1085	0
0	0
1	621
1	0
0	0
0	0
0	0
523	3042
13	3042
8	1034
48	9
0	225
78	205
0	0
0	0
0	34
31	34
0	0
2070	1189
0	157
0	947
0	578
96	799
0	332
49	429
28	33
58	0
0	0
131	0
0	0
23	171
1	0
1	12
23	151
43	10
1	145
0	41
7	1
204	93
0	90
0	1
0	4
25	7
0	3
0	0
0	0
1	0
0	2
0	1
0	0
0	0
0	0
0	0
0	75
18	100
10	19
0	100
56	261
0	261
0	0
10	21
9	0
2	8
76	2
181	221
5	0
302	8267
313	8007
5	958
363	4128
70	3898
7	461
0	182
1	367
22	366
93	0
3	238
55	22
971	754
1	569
2	359
1	51
1537	0
0	0
13	111
1	104
9	7
431	2019
2	1934
7	1954
4	228
7	117
4	159
0	60
0	75
0	21
0	199
0	283
8	75
0	384
1	216
5	0
0	2052
1	2052
48	1828
22	34
0	0
19	54
19	9
1	280
4	272
7	0
30	0
1	0
6	162
1	14263
714	14263
515	221
0	221
8	4
0	13
10	516
1	148
0	511
0	222
0	161
0	516
12	161
6405	1845
1	1845
5	1069
0	98
0	98
38	0
8	0
0	14
0	79
0	83
0	36
0	78
0	79
0	83
0	98
1	78
0	78
3	0
1	2
1135	1569
6	1472
0	1080
7	79
17	0
0	2
2	4
0	2
0	149
112	318
1	161
3	123
0	183
0	0
0	26
0	26
0	21
0	0
0	12
0	0
0	0
2	26
1	0
0	0
0	0
0	0
13	707
0	707
6	118
0	29
5	0
1	19
1	32
6	15
0	54
0	54
0	14
737	273
0	0
1	229
64	249
147	207
0	52
1	88
0	0
0	0
3	0
0	0
9	2596
6	1709
73	2269
1	1691
0	0
2	116
4	12
6	12
1	89
129	104
0	0
0	15
21	311
0	541
0	695
0	652
2	45
0	1
0	0
0	0
1	0
0	0
0	0
0	0
0	0
0	0
3	1016
3	1016
2	0
0	0
0	1
0	1
0	0
0	0
0	0
0	0
0	4
0	0
272	442
38	439
0	304
2	287
6	31
0	66
0	0
0	0
0	0
0	0
0	0
0	0
0	0
0	0
0	0
13	4
2	4
78	0
0	0
14	0
8	10
0	10
0	0
14	0
46	0
101	0
0	0
0	0
13	0
0	0
2	0
0	0
35	1279
24	1311
0	1311
8	1293
19	25
4	72
81	20
0	15
0	35
70	15
0	3
80	0
16	45
1	49
0	0
0	0
0	0
0	0
0	0
29	4281
0	4165
1	3766
72	715
0	0
23	0
77	0
0	0
0	0
0	0
0	0
0	0
0	0
1	0
0	0
0	0
0	0
76	123
14	53
20	108
0	0
0	0
0	0
13	0
132	159
0	3068
3	154
37	2879
0	3010
111	0
5	0
0	0
0	1
97	0
80	0
76	0
1	0
126	73
0	1894
0	2530
0	0
46	0
0	0
0	0
0	0
0	0
0	0
0	0
0	0
0	0
0	0
5	920
958	1860
0	1489
0	1389
1	797
1074	1388
11	41
0	30
2	0
0	0
1	0
0	0
0	0
0	0
0	11
0	11
0	6
0	0
0	30
0	12
0	30
5	66
9	84
1	0
0	0
0	0
0	0
9	852
0	1576
2	1455
0	1576
2	803
1	1506
9	332
0	8
0	0
22	41
0	40
3	39
10	0
0	0
1	12
1	1
0	0
1	0
0	0
0	0
0	0
0	2
0	0
0	0
0	0
0	0
0	0
0	0
40	73
1086	930
0	689
54	0
47	2
627	0
1	243
0	354
1	32
11	163
3	212
0	9
2	461
19	21
1	11
4	212
0	74
0	248
27	444
2	91
0	114
0	67
1540	1162
7	1158
0	721
0	34
61	662
4	76
0	253
77	0
0	0
3	154
11	47
21	289
700	304
0	243
10	108
10	56
0	26
4	26
0	0
8	197
56	186
0	178
1	187
0	175
2	166
0	31
0	15
2	40
5	0
0	0
0	0
0	0
15	0
1	0
0	0
0	0
0	0
0	0
0	0
0	0
0	0
0	0
0	0
0	0
0	0
0	4
0	1
0	5
0	5
3	0
0	1010
0	1
0	1
0	0
0	0
0	0
0	0
0	0
0	0
0	0
0	0
0	0
0	2
0	0
0	0
0	0
7	1
0	0
0	0
0	0
0	0
0	0
0	0
0	0
0	0
0	0
0	0
0	0
94	2428
59	2355
0	0
1	334
0	123
72	73
0	17
0	0
0	0
5	0
4	0
1394	22
0	22
0	0
17	0
11	52
0	0
0	2
0	2
0	1
0	2
0	0
0	0
11	1454
0	1278
0	1326
0	632
1	681
3	201
6	332
10	186
5	81
35	9947
11	10031
7	257
7	331
9	45
1	491
0	2199
0	1932
9	455
77	1364
6	1047
6	484
1	308
0	32
0	2
0	2
0	2
0	2
0	1
0	1
0	0
0	0
1	0
64	1132
0	1133
0	14
0	7
0	1
0	0
0	0
11	3
0	0
0	0
1	0
0	0
0	0
0	0
2	7
5	5
4	2
0	6
0	4
0	0
1	0
58	2
507	13490
297	5570
1	12922
49	10824
34	290
194	624
0	622
1	2
0	48
0	80
1	106
27	8
1	56
94	9
29	2
16	360
0	1060
25	160
11	532
21	89
0	198
4	876
0	0
88	0
2	140
1	1234
5	1281
0	334
4	150
0	162
0	22
50	0
0	0
0	0
0	0
0	300
2152	4019
0	3907
9	723
0	3169
29	0
4	2734
2737	2934
4	2594
9	2566
4	295
0	0
0	0
875	520
1	274
1	208
0	0
0	0
51	253
0	150
0	40
1	73
2	54
0	12
53	11
0	31
7	31
0	0
7	511
25	514
0	350
6	12
0	31
0	40
1	0
4	7
0	0
0	0
735	10238
13	9074
31	1272
36	1058
3	176
0	1023
30	43
0	137
3	0
97	2728
10	2771
11	1654
0	96
3	142
14	59
51	0
0	0
0	29
0	124
5	124
0	12
0	0
0	0
0	0
0	0
0	10389
0	10400
0	507
11	1
0	45
39	618
0	704
4731	1500
1	81
1	521
8	267
43	0
1	0
0	2
0	2
1	1
0	2
2	2
0	0
0	0
1	0
0	5382
2	5738
5	3646
65	2365
0	4090
2	916
105	880
87	25
92	276
126	0
1	0
8	164
0	27
0	0
0	1
0	0
0	15
0	0
0	0
0	1
0	27
0	0
0	0
0	0
0	0
153	0
0	0
59	4699
0	4069
29	0
35	3947
150	3856
2384	1203
8	152
0	2
0	3
0	3
0	2
0	1
0	3
1	1
0	1
0	3
0	3
9	0
1	0
1	0
21	0
0	9
13069	8666
25	8620
0	3870
0	1451
34	675
0	0
1	0
0	0
0	0
0	0
0	0
0	0
0	0
0	0
0	0
0	0
0	0
0	0
37	161
0	161
3	90
0	0
5	6
0	13
0	13
3	3
2	0
0	0
0	0
13	0
1223	0
19	197
2	147
4	209
1	130
3	50
860	567
0	369
0	412
4	153
0	116
9	0
64	6
0	177
9	63
13	59
7	134
2	46
38	116
0	116
0	15
1	2
2	21
0	15
0	12
11	0
0	0
1114	1996
0	1817
22	432
0	1196
15	1
0	0
44	295
55	2
0	0
0	0
39	342
139	512
5	336
0	175
5	6
0	9
0	0
0	0
0	0
20	778
100	4395
1	4180
233	3989
0	91
0	0
8	858
0	47
79	626
0	0
3791	1358
1	258
0	0
0	358
0	0
0	105
9	0
2	725
0	1
140	17
4	0
0	1069
1	1375
0	1091
0	868
0	212
1	232
2	458
3	5
1	142
52	0
1	240
136	4744
9	2691
4	16
11	2703
4	492
20	4316
83	2676
50	2703
15	51
27	0
0	0
0	7
0	7
0	0
2	0
0	0
0	1
0	0
4	2
0	2
0	3
0	4
0	6
0	2
0	2
0	1
0	1
0	1
49	3462
0	0
0	1
0	1
1780	3671
0	3483
2	466
1	339
40	1020
4	697
3	275
2	146
46	0
64	2425
12	12
1834	640
67	636
76	4
6	84
6	1061
0	1122
0	1042
0	691
0	691
0	112
0	2
0	88
79	7505
2	0
46	7385
4	651
0	29
126	720
1	48
858	2522
0	2643
19	2535
0	2382
0	2281
1	2206
1	335
21	1560
54	1408
7	1298
2	1261
24	52
0	130
58	4
0	4
14	20
0	20
57	0
48	6
0	297
1	101
7	0
0	0
3	0
0	1
0	1
0	1
0	1
0	0
0	0
0	0
544	513
22	473
16	91
4	57
4	3
1	25
26	87
17	0
3	0
8	0
36	0
177	92
0	85
0	7
0	28
4	38
37	103
0	82
2	16
0	8
0	0
0	797
0	797
44	797
1	375
0	52
0	0
0	0
0	0
0	0
0	0
1	58
3	70
1	0
4	12
0	92
0	94
0	40
0	42
0	54
0	0
0	0
0	0
0	3
0	0
0	0
0	4
0	7
0	1
0	8
0	1
334	37
0	14
1	21
0	7
0	2
0	0
3	0
0	0
0	0
0	0
0	0
5	258
1429	3348
77	1367
1	265
106	0
3	467
0	1118
16	1035
280	2
3	263
10	329
0	473
254	10
0	0
34	0
0	0
11	324
0	0
0	0
11	12
0	0
0	0
0	0
0	0
0	12
0	0
0	1
0	0
0	0
2	0
102	69
2	69
705	143
12	83
1	54
0	2
0	2
0	2
0	56
4	3
0	3
0	696
323	696
4	669
2079	455
0	429
10	238
31	0
2490	412
12	70
2	267
24	315
0	263
16	102
1	215
98	0
130	208
3	119
390	997
1	0
102	0
137	3
1	144
0	0
14	0
42	0
4	83
60	0
49	0
52	0
47	0
77	2
0	0
4	0
10	761
9	0
6	0
0	187
0	0
0	0
0	0
0	1
0	1
1	6220
0	6319
90	0
30	0
146	0
1	2111
1	151
24	0
0	3
11	10
0	2
0	0
0	5
4	0
0	1
0	5
0	0
793	379
0	235
1	234
0	330
0	212
0	175
0	0
1	20
1	691
4	285
3	957
24	1399
16	737
106	889
131	1320
9	599
2	1301
1	513
490	1727
1	611
5	416
1	517
9	1342
5	1887
1	619
4	1253
0	1
0	0
0	494
0	22
0	0
7	682
0	0
0	182
2	56
1	142
0	1
0	1
0	1
89	134
0	102
0	0
0	0
16	958
4	0
22	845
0	362
5	812
0	633
1	21
0	83
0	312
0	280
0	256
0	264
0	239
0	254
0	188
0	290
5	0
0	100
0	603
0	593
1	486
0	172
13	290
14	9
16	109
0	0
4	0
0	0
0	0
0	0
0	0
0	0
0	0
1	0
4171	34099
56	27858
10	19397
180	18413
0	11389
1	11151
13	9050
380	499
2	440
0	0
12	0
11	0
0	0
0	0
10	316
0	0
3	0
0	0
6	0
1858	180
44	0
0	0
0	17
0	0
0	1
24	74
17	88
0	0
0	0
0	0
0	0
23	669
11	610
1	0
34	672
0	230
0	63
0	19
12	1
21	70
0	75
11	3
6	0
0	0
1	18
8	8
1	0
0	166
0	166
0	6
0	0
0	1
0	0
0	29
0	0
0	0
0	13
0	0
5	24
0	0
1	0
0	0
66	419
0	339
0	47
0	39
1	62
26	162
21	142
5	25
0	417
0	602
8	96
2	156
0	357
0	310
1	542
5	231
0	0
12	0
0	0
0	0
0	0
71	9070
0	9179
2	4470
44	5135
0	7419
0	6931
0	0
8	85
16	1348
52	0
20	660
1	334
25	191
99	1
0	46
44	78
0	72
2	40
0	25
0	19
2	27
10	53
0	11
0	13
7	5
0	37
0	25
0	24
6	22
0	793
0	681
14	375
1	3
6	70
7	48
4	11
0	0
0	0
0	0
0	0
0	0
0	0
0	0
0	0
0	0
0	20
0	20
0	10
9	5
0	0
0	2
3	0
35	371
3	355
0	58
0	0
0	0
0	109
0	0
0	0
0	0
17	872
43	872
0	789
1	987
0	940
17	858
0	43
10	0
6	363
11	296
23	363
1	44
2	20
0	24
0	0
7	164
9	164
0	0
15	0
29	69
0	80
0	55
0	6
101	47
0	10
0	21
0	0
0	23
1	1
0	0
100	0
0	0
38	633
3	633
0	101
2	8
293	0
106	692
1	751
0	521
2	203
5	547
12	16
0	562
16	240
3	21
7	531
18	90
0	240
2	107
0	177
1	216
13	0
16067	4028
2	1846
16	3135
50	920
5	0
0	0
10	0
9	0
0	0
0	0
0	0
14	25
12	25
2424	0
0	0
1	0
0	0
0	0
19	0
7	0
0	0
0	0
0	0
0	0
0	0
0	0
0	0
0	0
0	0
0	4
2366	5777
66	5664
0	296
335	666
16	104
2	463
0	312
0	100
2	12
89	0
0	66
209	66
85	935
103	409
0	141
3	40
14	462
0	0
0	0
60	0
54	395
420	1421
73	436
0	268
20	0
6	976
0	0
0	0
0	0
0	0
3	0
0	0
0	0
0	0
0	0
0	0
0	0
0	0
0	0
0	0
0	0
0	1225
20	1265
9	200
0	118
0	201
9	168
2	213
1	115
14	5
0	95
2	82
10	15
9	0
0	0
14	228
18	225
0	14
0	0
49	10
0	2
0	0
0	0
113	1014
0	1014
0	213
0	0
4	2
1	0
0	0
0	7
0	7
0	7
6	10
0	2
0	2
0	5
0	0
0	0
0	0
0	0
0	6
0	1
0	2104
0	2125
0	174
0	326
1	269
0	346
0	275
0	2
0	71
0	112
0	265
0	300
2	195
0	174
8	208
1	58
28	3
1	1
0	0
0	0
0	0
0	0
0	2
0	2
1550	12780
9	892
45	3356
6	12286
0	0
0	0
152	39
0	35
3	39
0	23
0	29
6	35
0	35
0	0
9	0
705	177
7	177
28	62
1	13
0	401
21	1347
2	1274
2	546
22	1015
2	96
0	0
0	0
0	0
0	0
0	0
0	0
0	0
0	0
0	0
0	173
0	0
18	0
0	29
0	29
0	21
6	19
0	18
0	26
0	0
0	0
2552	1567
0	1177
0	703
0	827
0	488
0	353
4	30
0	0
1	0
0	0
0	0
0	0
4	1960
0	1693
12	1176
5	611
0	0
0	0
980	421
0	79
0	167
3	231
6924	16
0	0
1	7
0	6
0	7
1	7
0	34
4	34
0	0
58	315
1414	356
5	335
0	59
0	142
0	303
11	102
82	0
158	0
223	136
0	0
0	0
0	0
0	0
0	1
11	515
0	541
0	59
1	195
11	8
0	0
0	0
5452	166
2	164
50	345
0	332
1	32
0	0
0	0
0	2
0	2
1	0
1213	406
8	217
6	324
0	165
6	31
0	31
34	2669
0	2664
1	951
3	203
21	18
0	2
71	3857
198	3955
71	3955
34	796
18	2428
2	104
0	389
23	460
0	5
4	0
0	0
2	7313
0	7497
10	7197
0	2
1	2
0	1
0	1
8	0
0	0
26	1
134	2
3	9
0	0
3	57
4	24
0	4
1	20
0	32
2	9
0	2
8	14
0	37
970	0
3863	4
0	0
29	2
0	0
4	0
34	191
0	132
24	179
1	274
0	194
0	143
0	2
5	0
9	0
2	32
1	22
2	30
0	8
0	5
0	5
9	1
0	0
83	288
22	286
15	74
0	222
0	158
26	154
3	7
0	0
8	0
155	0
0	90
0	440
39	441
2	442
0	7
0	0
0	0
0	0
0	3
0	1
0	3
0	0
1	0
0	2
0	0
0	1
2175	2313
5	2076
6	237
0	27
0	27
0	27
0	10
0	3
0	4
876	0
0	20
0	18
5	15
0	19
2	18
0	17
6	18
0	10
22	1049
1	1008
0	895
0	741
7	116
0	74
1	166
18	115
0	14
0	14
0	14
0	13
74	148
0	148
1	21
7	616
0	2173
2	7214
25	6466
0	6004
0	2572
2	2651
2	1589
0	475
0	473
2	361
3	978
24	286
0	107
0	948
0	164
1	814
34	869
4	12
10	42
0	107
46	484
31	387
14	370
1	421
4	174
0	76
0	21
0	115
8	46
0	449
4	415
4	71
0	370
1	24
5	33
1	17
0	107
0	173
43	156
2	43
67	2614
18	1257
4	1399
20	1901
3	697
4	319
0	0
130	0
18	769
1	769
16	689
2	243
6	316
0	13
3	1
0	666
64	197
0	213
12	265
0	552
78	1177
19	1170
5	1145
1	345
4	92
2	208
174	242
2	196
10	0
2	77
3	0
0	0
0	550
0	596
12	557
0	369
2	350
2	354
23	22
17	384
46	724
16	1611
0	118
1	536
3	65
7	1373
2	1373
8	82
0	499
0	0
852	684
17	684
5030	1685
4	274
0	1409
8	18
0	18
0	5
258	2
0	0
2348	227
0	227
0	0
17	314
5	115
5	115
0	199
0	53
0	38
0	50
0	38
0	28
49	81
0	69
0	0
0	65
13	62
2	48
0	0
0	0
0	0
0	0
0	61
41	61
6	0
2	1
0	0
0	0
0	0
0	0
6	8
2	8
101	120
1	10
19	40
3	116
4	0
0	0
0	0
0	0
11	25
4	22
3	0
0	16
1	0
5	3
0	3
0	473
1	473
0	261
1	72
0	72
1	73
0	0
351	3236
10	3236
0	2926
23	181
7	450
9	136
361	13545
91	1199
0	4330
28	3022
3	13365
4	0
1	0
0	649
10	729
99	822
1	5337
0	664
1	1737
15	492
249	1324
5	66
2	227
0	307
0	129
6	1792
159	1550
0	3156
0	1724
98	3134
588	3156
84	1374
54	55
0	320
130	1
1	351
99	2049
1	1870
26	345
3	143
21	135
4	8
1	7
1	0
0	1
1	1
0	0
0	0
5	2
0	1287
292	926
5	888
1	9
1	863
2	546
0	1342
0	203
57	1342
0	357
0	149
7	123
2	5
0	5
0	0
0	2
62	0
1684	6
148	0
1	0
0	0
90	0
27	114
0	86
0	102
0	1441
0	59
23	157
1	1275
0	1431
19	28
2	123
1	212
0	129
7	140
3	81
40	970
3078	3038
5	625
1	2529
6	0
20	0
12	4
0	4
0	1
0	3
0	4
0	4
0	0
7	4
13	4
15	2
1	5
0	5
76	0
1	0
0	0
0	0
0	0
81	0
0	39
0	0
0	0
0	0
0	0
0	0
0	0
0	0
0	0
0	0
0	0
0	0
0	0
0	0
0	0
0	0
0	0
0	0
0	0
0	0
0	0
0	0
0	0
0	0
0	0
0	0
28	47
1	47
0	0
0	0
2	8
0	0
23	59
1	59
70	243
0	248
1	90
7	77
0	55
7	1684
111	0
0	370
1	116
1	102
0	1426
12	0
13	3
0	0
1	11
2	6
0	6
0	0
0	0
8	10
8	4
0	4
7	7
0	7
49	45
0	38
0	0
0	2
3	2
0	2
0	0
0	0
1	0
21	113
0	113
84	34
14	27
13	1
0	0
0	17
0	0
0	122
12	141
20	66
0	42
3	39
0	13
0	5
8	23
51	93
0	195
0	200
0	187
0	182
0	107
34	93
0	23
30	27
0	11
0	0
0	0
38	108
8	46
0	0
0	0
0	0
0	0
0	0
0	0
0	0
0	0
0	0
0	0
0	0
0	0
0	0
0	0
0	0
0	0
0	0
0	0
0	0
0	0
0	0
0	0
0	0
0	0
0	0
0	1
0	1
0	0
0	0
1383	8
0	0
0	0
0	0
0	0
0	0
0	0
0	0
0	0
0	0
11	2
0	0
0	0
0	0
2	2
0	0
1018	0
0	28
0	27
1	28
0	6
0	7
0	18
0	0
0	0
5	0
0	0
2032	1656
3	752
15	1112
0	1106
0	528
0	19
2	52
1	29
0	0
2	48
0	3
71	48
0	1809
0	1809
0	280
0	500
0	49
0	0
0	0
0	0
0	0
0	0
0	0
317	278
0	31
18	97
0	50
0	53
0	107
0	59
0	37
0	24
0	0
0	14
0	0
0	0
0	0
0	10
0	10
0	3
4	0
0	2
0	0
0	0
0	0
0	2
0	0
0	0
0	0
0	0
0	0
0	0
0	670
8	249
0	690
0	659
4	232
0	336
5	566
3	111
0	90
14	3
8	0
15	0
0	0
0	0
35	50
0	40
23	95
0	23
0	23
0	0
1	154
2	132
16	308
1	379
0	354
0	0
0	1
0	0
5	0
3	0
0	0
7	6
1	31
0	314
0	911
11	918
13	0
2	0
5	0
8	0
36	0
10	0
0	0
0	0
11	0
21	0
17	4
0	194
5	0
0	0
34	2179
0	430
37	2072
0	251
0	207
0	2146
0	0
90	2174
2	1
0	1
6	0
0	0
3	0
3	0
8	0
1235	2501
15	1377
42	1124
0	0
0	0
6	17
1	0
5	2
0	18
0	17
0	17
0	17
0	0
0	20
7	1496
1538	1509
2	213
0	11
1	0
0	0
0	0
3	7
28	0
45	51
466	51
1232	24
0	11362
5	768
1	205
6164	11754
0	714
53	1211
44	2436
86	190
21	0
0	0
0	0
1	0
68	20
0	20
6	230
401	811
0	0
6	0
2	581
0	0
59	316
0	215
0	211
0	51
0	5
16	100
10	15
0	5
616	504
0	144
0	53
4	264
6	99
0	0
1373	299
26	193
11	262
2	29
127	627
0	627
11	71
1	149
0	95
18	56
0	4
0	4
0	0
0	0
2422	2214
8	495
19	1124
4	224
0	293
0	173
51	90
40	8
0	85
2	0
0	5
47	2174
1	2592
2	1030
0	1852
0	1890
0	1832
3	102
23	18
22	0
17	38
0	1064
62	158
66	18
0	1424
0	607
0	85
34	42
1	103
0	0
3	74
0	605
0	628
0	55
0	248
0	109
0	51
0	124
4	21
0	29
0	75
0	70
0	59
0	38
0	58
0	30
0	24
0	0
0	0
0	0
0	274
0	514
2	528
7	225
0	512
0	87
0	363
3	338
0	109
5	222
1	22
0	0
2	0
12	26
0	26
1113	40
75	40
102	0
10	0
50	0
651	102
2	115
0	67
0	68
0	41
0	3
11	0
0	0
1	190
3489	762
1	68
0	0
4	129
12	10
1	239
1	67
1	166
0	564
0	507
5	222
4	0
0	524
3	194
0	72
13	55
0	333
27	0
0	2
2892	89
137	83
0	0
1	0
2680	13387
14	10512
0	7958
4	3995
21	4721
1	857
0	543
0	0
30	0
0	0
892	224
0	1
5	224
0	0
0	2
0	0
33	1073
0	287
28	880
3	204
56	24
4	23
9	166
0	145
15	3192
3	442
0	3151
5	14
13	110
0	0
14	30
0	0
0	255
0	722
1	651
0	101
0	0
0	0
3	0
0	0
0	0
0	0
1509	316
0	0
0	37
24	211
46	66
23	0
6	232
82	1371
3	937
2	552
5	430
0	6532
0	6532
104	6305
3	3543
1	462
2	291
11	329
12	183
11	129
1	15
0	15
0	2093
1	0
0	0
0	0
0	0
0	0
0	0
0	0
0	0
0	0
0	1
0	1
0	0
0	0
3	0
0	0
0	0
0	0
0	0
0	0
1	0
0	0
1154	3346
30	2430
0	392
5	162
1	448
2	394
0	133
0	1
0	0
4	0
702	1141
4	1052
0	1051
0	1093
0	271
5	169
1	659
0	677
0	732
2	677
0	164
11	0
0	68
3	127
53	0
21	0
5	102
6	0
13	0
14	0
0	0
15	1144
1135	1180
95	80
0	0
8	973
0	0
0	0
0	0
639	465
8	465
1	334
3	0
1	0
570	1205
9	1062
0	575
0	203
1	172
0	0
5	1
0	1
572	578
0	578
0	85
4599	3662
1	860
5	416
84	1535
41	2514
0	0
0	0
1	0
0	0
0	0
0	388
0	388
23	331
0	316
0	0
0	0
0	0
0	4
0	8
0	4
0	4
13	8
0	0
5	69
2	0
0	0
14	69
0	0
0	414
10	445
4	441
1	90
1	51
1	59
0	4
0	0
8	3449
0	3383
67	2313
8	89
5	234
3	245
10	48
3	228
3	190
19	26
280	834
0	8
0	617
0	139
0	193
1	754
8	152
2	160
8679	1399
88	720
16	195
5	0
397	0
2	0
1	0
0	3
0	0
0	3
6	0
3	0
0	0
1	0
0	0
0	0
0	52
0	12
0	12
324	52
0	0
0	0
0	0
0	0
0	0
0	0
0	0
1	0
0	0
0	0
0	0
0	0
0	0
0	11
0	0
76	49
0	49
0	0
0	5
1	3
0	5
230	2553
0	1022
5	1009
1	991
0	612
0	670
0	1302
3	1126
0	0
0	899
97	540
2	0
1432	2
265	54
0	54
0	0
0	0
0	0
0	0
10	2586
261	2665
25	28
0	0
0	0
0	0
7	817
27	757
5	65
963	3311
5	672
9	2639
34	1983
6	0
0	0
0	0
78	709
6	0
1377	1613
15	1430
12	136
24	1290
3	376
0	0
4	0
149	5324
2972	5324
30	50
100	1067
8	642
26	665
1	337
14	624
56	298
1	0
0	0
6	0
0	13
1	19
0	19
8	13
0	13
0	0
2	3
110	37
0	37
0	0
0	0
0	0
0	0
0	0
0	0
0	0
68	149
2	149
2	21
0	29
0	0
0	0
0	0
0	0
9	0
107	522
51	522
9	0
0	0
0	0
1	1
0	0
0	0
0	0
0	9
0	9
0	0
0	0
0	0
0	0
0	5
0	0
0	0
0	0
0	6
0	0
2	7
145	427
0	668
0	962
41	921
17	375
34	418
5	345
0	786
0	607
269	0
0	0
2	0
0	6
4	79
7	0
0	0
0	0
0	0
0	88
0	88
0	0
2	0
0	0
0	0
0	0
0	0
0	0
0	0
0	0
0	0
5	1437
9	1498
1	275
0	145
5	192
9	12
1	81
5	31
5	558
30	33
0	0
0	0
0	12
0	12
0	12
0	1
0	2
2	2
0	2
0	0
0	0
0	0
18	5
0	0
0	0
0	0
0	0
1	0
2562	1039
1	49
1	990
21	3
6	25
0	0
14	1
689	512
0	213
0	371
0	342
1	0
0	0
20	167
1	10
17	0
113	917
1	630
3	140
20	401
26	0
4524	2366
16	2257
33	1791
0	0
14	0
2	0
0	0
5	50
0	15
0	0
0	237
0	718
4	1051
1	1093
76	494
0	670
1	9
0	86
2	72
0	1918
4	340
0	1990
8	1561
1	1946
0	263
15	1603
3	116
0	268
7	119
0	226
2	221
0	23
0	0
0	0
0	0
2	731
72	870
0	851
0	636
2	1
16	76
0	0
0	0
0	0
0	0
0	111
0	100
0	96
3	111
16	42
9	9
3	0
0	19
0	6
0	48
5	48
307	48
0	0
2	2
0	27
2	27
0	2
4	25
0	0
0	0
85	745
0	745
0	166
0	0
3	31
36	31
5	0
1	0
704	0
243	0
3746	1134
0	53
0	1073
5	243
32	83
0	1
21	1
1	0
0	0
1	0
0	1
0	0
5	0
0	712
1	743
3	380
24	184
20	117
49	6
86	1839
103	720
0	1213
3	477
10	1613
7	148
12	0
0	5
3079	1582
7	61
10	1579
2	361
0	0
0	0
0	0
8	0
1044	538
26	487
3	192
0	80
0	1
0	0
0	0
1	1
1	4
1	4
981	60
0	60
5	9
0	9
0	9
1	9
3	0
17	0
0	0
2	32
97	51
0	0
23	19
27	649
0	0
9	623
0	629
5	590
0	105
0	268
0	84
4	216
0	219
79	0
87	2
5	3
124	33
0	30
0	21
0	0
189	4
1	4
0	70
0	70
0	33
0	96
64	107
0	96
13	15
16	0
0	17
0	13
0	0
0	0
0	2
0	2
0	0
0	0
5	130
0	130
0	13
0	0
9	0
0	0
7	55
0	55
0	12
0	14
1	1
0	0
0	0
0	0
0	0
0	40
1	362
1	347
10	14
7	21
0	15
0	11
0	1
7282	2136
30	1704
110	951
2	725
0	432
0	605
0	144
0	725
1	28
42	613
0	58
7	64
1	65
0	78
0	85
2	16
0	49
0	4
0	1
9	44
0	0
0	47
0	8
0	11
0	11
0	11
0	0
1	0
0	9069
0	1435
0	0
10	127
0	116
0	127
0	64
0	5
5	0
0	32
2	0
100	0
0	0
5	0
0	0
310	9070
0	0
0	9069
0	627
0	0
0	0
0	0
0	0
0	0
2	0
2	0
58	0
0	0
0	0
0	0
11	174
1913	847
54	33
43	0
33	0
63	0
0	0
0	24
0	614
0	0
0	0
0	0
59	1106
57	1106
12	137
15	1
0	138
12	0
26	33
168	69
0	0
213	0
99	0
16	367
0	0
175	312
50	16
0	0
0	0
1	4
1	12
3	5
37	0
21	0
195	2180
80	1841
191	10
213	2306
5	564
4	1160
59	1289
83	637
5	256
10	359
0	12
0	12
0	4
0	0
0	9
0	0
0	0
0	0
2	11
1	2
0	2
0	0
0	0
0	0
0	0
0	0
0	0
1	0
0	0
0	0
0	0
0	0
0	0
0	0
0	0
1	29
0	42
0	15
0	0
2	27
0	27
0	0
76	63
0	63
3	934
0	196
19	178
1	584
0	109
0	0
0	595
0	906
0	0
2	632
0	0
0	0
1	20
87	1134
1	1004
5	1133
2	1
0	169
1	0
0	0
0	0
66	1106
12	1106
0	60
0	1106
0	1106
8	664
11	664
19	630
385	0
182	461
2	183
8	22
8	67
4	0
19	203
16	158
1	50
1	22
35	3
4	659
62	617
0	100
17	24
1	19
0	197
8	63
15	15
0	2
0	15
0	3
0	1
0	0
10	67
200	349
9	5
1	61
1	340
1	65
0	159
5	17
0	12
0	60
3450	2221
6	744
0	0
14	0
0	0
0	0
0	0
4	1283
82	61
29	0
1	197
0	133
0	0
14	78
72	0
1169	373
7	373
0	0
595	85
0	84
203	72
2	72
10	0
8	160
0	161
0	50
0	14
0	0
0	0
0	0
0	0
0	3
0	3
0	1
0	3
0	3
0	5
0	5
0	6
0	3
0	2
0	3
0	5
0	5
0	5
0	5
0	5
0	5
0	5
0	5
0	3
0	5
0	5
0	5
0	5
0	5
0	5
0	5
0	5
0	3
0	0
0	0
63	13
0	12
0	6
0	6
0	10
0	11
2	7
0	2
0	2
0	52
4	274
232	274
0	0
283	386
15	438
0	85
0	91
1	20
0	58
0	0
0	43
1	180
0	174
3	37
1	12
0	0
4	1194
0	1370
42	1302
0	407
3	709
5	519
1	72
1	5
31	3
0	146
141	214
2	39
8	211
3	94
2163	2461
0	2458
0	2379
0	1551
0	1551
0	320
1	0
13	254
0	101
3	135
43	2330
1	1190
187	2330
0	8
2	9
3	9
53	11
0	11
1083	410
32	410
48	37
5	174
2	1
463	2
0	0
0	0
1602	1180
9	152
3	91
8	988
19	726
0	0
0	0
0	44
16	44
0	0
0	0
2939	336
7	193
12	168
21	135
0	0
7	0
4	0
1	0
0	0
3	0
0	0
1	0
0	0
0	0
50	0
0	0
29	0
3	0
0	0
1	0
0	0
1521	51
0	47
0	0
0	0
0	0
0	0
541	1587
94	1590
1	733
74	533
5	1179
33	167
0	21
2	145
0	132
0	90
1	3
37	7
0	0
1	0
0	0
0	0
0	0
0	0
0	0
0	0
0	0
0	0
0	0
0	0
0	0
0	0
0	0
0	0
0	0
0	0
0	0
1	0
0	14
0	7
0	14
0	13
0	0
0	2
0	7
0	0
843	387
5	387
0	0
0	0
0	0
0	0
0	0
0	0
0	0
0	0
0	0
0	0
0	0
0	0
0	0
0	0
0	0
0	0
1	1218
329	1695
42	198
0	1500
0	1490
1	188
1	774
6	99
0	0
0	0
3	0
661	972
0	970
0	0
0	0
133	0
0	0
0	0
0	0
0	0
1	624
0	107
0	0
0	0
0	0
0	0
0	0
0	0
0	0
0	0
1	0
0	0
0	0
0	9739
509	4194
181	8713
3	2627
13	49
27	0
6	1278
1	1607
21	1623
9	1511
5	281
3	224
0	0
29	0
0	0
6	4
4	2
0	2
16	445
2	435
1	21
4	16
1209	0
0	0
0	43
0	6
0	6
1	9
75	202
3	5
1	4
0	4
0	2
0	10
0	10
0	4
0	4
0	5
0	5
0	9
0	5
1	193
0	189
6	4
0	2
0	2
1	7
0	0
0	37
1	10
0	0
0	0
1008	327
1	327
0	0
692	628
29	622
7	622
0	410
33	0
0	1
0	182
44	1761
264	2005
5	524
0	561
0	373
0	294
0	630
1	550
20	104
0	153
0	98
140	0
0	0
736	601
0	432
44	601
8	413
187	117
50	168
0	55
0	0
7	0
0	0
0	0
0	0
10	2079
5	2313
14	2296
2	333
7	0
60	2
0	0
0	0
0	0
0	0
0	0
0	0
0	0
0	0
0	0
58	145
3	143
22	130
0	10
1	3300
19	0
0	0
0	0
92	1143
0	950
7	286
2	565
0	121
0	0
0	76
0	0
0	0
0	0
0	0
1	0
0	0
53	6652
0	0
0	0
0	0
0	0
0	0
0	0
0	0
0	0
0	0
0	0
0	0
1	1
1	0
0	0
0	0
0	0
0	0
0	0
0	0
0	0
0	0
0	0
0	0
0	0
0	0
2	1
0	2
1	2
0	2
0	1
0	1
0	1
0	1
0	0
1	0
0	0
0	0
1	76
56	7
0	0
0	0
21	0
0	0
62	489
14	494
0	59
6	0
0	0
0	5
7	5
0	0
0	129
1037	1509
1	1502
3	30
273	1197
21	1184
2	0
0	486
0	221
23	83
4	596
0	527
20	686
0	699
0	102
0	687
54	282
1	101
7	99
8	0
2	106
4	17
0	0
0	0
0	0
0	0
0	0
0	0
0	0
0	211
0	147
1	55
0	5
5	50
109	108
7	0
0	0
0	0
17	2563
0	0
0	680
37	4
91	452
0	4133
71	152
2	75
0	1807
0	4264
171	496
3	400
13	231
2	0
3004	2016
6	2012
2	0
1	0
0	0
0	0
0	0
8476	4
0	0
1	1713
3	1680
76	1589
28	46
0	49
12	30
0	0
0	0
0	0
0	0
0	0
0	0
0	0
0	0
0	0
0	0
0	2
0	2
0	0
641	6816
46	603
0	333
0	143
12	6455
29	860
2	0
0	0
0	0
30	3
1	3
0	0
0	0
36	0
618	576
5	127
0	562
21	0
74	29
354	1570
0	1528
1	144
0	45
0	84
1	19
161	3681
27	3682
11	116
17	650
74	7
0	45
0	208
0	193
0	450
1	0
11	22
0	450
9	349
13	207
0	0
0	0
12	183
0	0
0	0
0	0
31	0
2	6316
0	4450
0	6513
51	162
0	4301
179	1
0	4580
240	3
28	2721
47	366
181	272
1	645
24	46
0	10
0	44
0	0
63	157
0	141
0	67
0	61
1	58
5	2
0	20
6	0
12	0
41	15
0	0
0	0
0	0
20	506
4	0
0	492
2	27
30	0
24	0
0	61
0	161
7	0
0	0
459	2893
3	2975
16	2029
69	134
2	0
66	0
0	0
0	0
0	0
0	0
0	0
0	0
20	2571
0	183
7	906
3	549
129	2521
1	1078
1	275
0	0
20	372
8	246
4	175
1	0
0	0
0	0
0	0
0	0
0	0
0	0
0	0
0	0
0	0
0	0
1	0
1	0
0	0
2	0
0	0
0	3552
0	0
0	0
0	175
0	3570
0	178
1	3580
13	3552
16	3828
0	212
6	540
1	1190
6	513
6	0
0	1
0	0
0	3
31	3
1	1
1	2
0	1
0	101
0	105
4	0
0	0
21	32
0	35
0	8
1	1
17	289
0	2
0	61
0	264
0	223
0	1
0	5
0	1
12	0
20	1
0	0
1	0
19	8
2	1
2	8
0	0
8	3
0	33
0	28
2	5
0	1
0	0
116	10
0	10
524	842
2	706
7	179
3	156
0	6
0	0
0	0
0	0
26	0
144	275
5	275
0	0
26	56
7	56
3	46
3	0
0	2
0	0
0	0
0	0
0	0
0	0
0	0
78	10529
767	21711
129	3401
13	19315
0	16735
2	2042
1	10997
0	3
2	1190
0	1
29	274
0	1
24	327
0	327
0	49
0	23
0	2
1	63
10	0
20	2
1	2
0	0
0	0
0	0
0	0
0	0
0	0
0	0
0	0
0	0
0	0
2	0
0	0
5	0
0	0
0	0
0	0
0	0
0	0
0	0
7	0
34	177
9	4408
33	4606
0	359
0	0
145	7
0	7
1	0
0	0
1	0
1	0
1	0
0	0
10	0
103	711
5	711
1	14
321	882
1	829
2	683
0	638
16	58
20	150
1	21
0	53
0	93
0	31
0	20
2	45
0	27
0	22
16	1759
9	531
22	1045
0	1789
0	473
3	170
1	71
1	132
0	1152
2	27
0	0
0	0
432	34
0	17
0	17
3	0
0	0
0	0
0	1
0	0
75	1299
0	1314
6	253
73	745
0	0
0	0
0	125
2	64
1	0
1	51
0	6
0	0
0	3901
0	3937
0	1598
8	371
0	3829
0	1597
0	0
3	165
5	287
4	3382
3	1875
0	823
15	86
52	1133
182	0
0	99
0	1
1	382
12	349
1	242
40	132
0	0
0	0
0	0
3	0
0	0
5	0
0	0
0	0
0	0
0	0
0	0
0	57
2	4
0	134
0	138
0	31
0	12
1	0
1	0
5	346
0	6
0	6
0	6
0	6
0	4
0	0
12	649
0	400
1	668
2	503
0	14
22	0
33	115
0	0
0	0
0	0
0	0
0	0
0	0
0	0
0	0
0	0
0	338
350	1615
88	20
0	90
0	1256
0	0
0	0
9	65
482	1268
3	390
0	826
1	43
5	483
0	0
0	0
0	336
0	0
0	99
0	0
0	15
9	0
0	0
0	0
0	0
0	0
0	0
2	322
0	0
465	5611
177	5597
1	5466
67	3335
10	3138
149	132
0	2913
111	585
0	0
9	0
3	752
22	8
0	4
0	7
0	1
0	4
0	6
0	0
0	0
0	0
0	0
0	0
0	0
0	0
0	0
0	0
0	0
0	0
0	0
0	0
0	0
6	261
0	0
17	11
0	0
0	3
0	5
0	6
0	5
14	60
0	54
0	56
3	0
48	0
18	1124
5	303
424	1174
0	351
14	1536
2	1566
27	1290
0	1058
0	604
6	445
0	0
129	0
10	0
0	0
0	0
0	0
0	0
0	48
263	50
21	0
0	0
0	0
24	684
0	170
0	281
0	0
0	0
0	0
1	9
0	0
0	0
20	109
117	109
0	0
0	0
0	0
2	0
14	0
75	472
1	367
3	63
13	138
3	70
20	20
784	2
84	494
2	323
6	226
2	208
44	0
24	65
2	89
6	550
10	357
0	564
4	344
1	263
0	238
9	176
0	276
0	299
0	0
0	31
0	66
19	0
2	0
13	16
35	0
3	0
0	0
0	0
0	0
0	0
0	0
0	0
0	0
0	62
1	58
58	381
0	103
20	53
0	286
0	0
2	217
18	0
0	128
15	125
2	79
0	83
1	69
0	0
4	1
7	0
0	0
5	0
750	0
17	0
3	0
1	0
24	5
0	4
0	0
0	1
0	0
1	0
0	0
0	0
0	0
0	0
1	0
0	1
0	0
0	0
0	0
0	0
0	0
0	0
0	0
0	0
0	0
0	0
0	0
0	0
0	0
0	0
0	0
0	0
0	0
0	0
0	0
0	0
4	13
1	9
3	0
7	4
1	4
0	0
0	0
0	0
0	0
0	0
0	57
0	0
0	0
0	0
0	0
4	0
2	350
0	307
0	299
55	416
2	381
0	363
74	11
1	71
17	49
0	0
0	0
1	0
0	0
97	17
0	17
0	0
674	767
0	367
3	317
13	0
0	0
0	0
0	0
0	0
149	0
15	0
378	197
0	138
0	0
1	60
11	0
2	0
0	0
0	0
0	0
1291	2
0	30
26	0
10	7
0	7
322	33
0	33
12	649
10	676
0	475
2	100
0	0
2	131
1305	3752
4	30
0	3843
4	1811
0	0
0	0
0	0
1	0
0	0
0	0
0	0
0	0
16	3133
0	0
0	0
0	0
0	0
0	5
0	6
1	1
0	6
0	1
0	0
0	0
817	1838
65	1129
3	892
5	254
0	0
2978	28
0	4
0	4
1	3
0	0
0	0
0	0
0	0
0	0
0	0
0	0
0	0
0	0
0	0
0	0
0	0
0	0
0	0
0	0
9	332
1763	1272
18	914
11	744
2	1033
9	23
4	103
0	21
0	18
0	9
0	17
0	16
0	15
0	6
0	13
0	17
3	12
2	15
15	125
4	15
4	101
2	75
24	59
2	0
2	0
27	11
0	0
0	0
0	52
1	470
42	456
0	363
0	5
0	0
0	325
0	325
1	322
1	28
2	0
0	0
0	1
0	1
0	1
660	256
2	38
0	37
0	0
2	4
0	8
0	4
0	0
4	4
7	9
4	5
0	4
2	251
4	197
0	0
1	8
10	0
9	0
38	8
13	5
5	3346
34	3291
0	3315
0	0
0	2
3	1566
38	333
11	24
6	203
8	183
4	183
3	0
7	0
1	2
0	2
1	0
0	3
0	2
0	3
0	0
1	66
0	55
27	15
0	1
0	6
0	0
0	0
1	1
0	0
0	0
0	2
1	0
894	428
0	92
24	336
0	0
6	90
0	0
1	0
13	0
17	665
7	736
0	248
0	351
0	257
0	143
468	450
9	449
1	265
0	247
0	184
4	107
0	794
2	794
1	0
1	0
0	7079
0	7079
0	7079
5	2277
0	1106
10	772
0	0
0	645
1	0
0	0
1	1713
1	1151
1	1667
0	1168
0	0
0	0
0	0
0	0
55	7
0	5
0	7
1	5
7	7
0	3
1	3
43	0
340	351
14	63
8	294
24	281
8	98
0	0
0	46
4	46
0	0
0	0
0	0
0	0
0	0
1013	0
0	0
1	0
0	0
0	0
0	0
0	0
0	0
36	558
0	537
100	312
2	7
7	18
10	1301
0	1276
41	755
0	1159
0	1133
3	8
14	147
5	6
9	16
5	55
12	521
11	13
1	99
8	371
0	693
0	573
0	85
4	181
0	116
0	262
2	155
7	7
1	4
0	3
8096	1974
70	650
0	1408
5	208
0	2
0	10
0	10
2	11
0	3
5	3
0	8
0	1
0	0
0	0
0	0
0	2
0	0
0	1
0	0
0	0
0	146
0	148
0	146
0	129
0	148
0	120
0	32
1	0
0	34
1	12
11	2
0	0
0	0
25	0
87	503
27	0
19	503
0	0
0	14
2	14
0	14
0	11
0	11
0	0
1	3
0	1
0	0
0	166
2555	1418
1	1341
5	1073
0	83
15	354
0	0
0	409
8	542
2	505
0	92
5	0
0	0
0	0
0	489
358	1859
3	1611
0	0
0	0
0	0
0	0
0	0
0	148
0	152
786	291
33	233
4	0
19	0
760	2913
13	2959
50	1118
0	503
0	507
0	0
6	1595
0	11
1	25
0	1581
0	1
3	1
0	0
1	0
2	0
7	0
0	32
11	712
61	81
90	675
62	6
0	0
0	0
0	0
2	6
1	0
0	3
0	3
38	430
185	556
16	303
0	391
4	150
3	0
39	0
0	0
0	147
12	0
0	1
36	609
0	607
1	27
1	24
0	0
1	51
0	49
502	58
0	58
10	0
67	0
1	0
11011	4533
4	4527
1	0
2	0
0	0
0	0
0	0
0	0
0	0
0	0
0	0
3	0
0	0
0	0
0	0
0	0
0	0
1	0
0	1
0	1
1	1
153	383
13	81
34	302
0	137
7	56
200	228
0	228
5	0
4	0
27	5002
0	4952
7	0
1	66
0	0
0	1
0	0
0	0
0	0
1578	116
0	114
0	0
3	0
104	224
10	224
0	149
3	25
0	0
0	0
0	0
17	0
1	0
0	0
2	0
0	0
2	0
0	0
0	0
1	0
0	0
0	0
0	44
0	0
0	0
0	0
0	0
0	0
3186	0
0	0
0	0
0	0
0	0
0	0
0	3
0	3
0	0
165	3
0	3
1	0
0	0
0	0
0	0
366	557
0	38
3	37
4	0
1	108
26	0
0	281
1	291
98	252
1	1
2	1
0	0
0	0
0	0
0	0
0	0
0	169
38	1056
0	0
0	0
0	0
0	0
0	0
0	0
0	0
0	0
0	0
0	0
0	0
0	0
0	0
0	0
0	0
1	0
0	0
0	0
0	0
0	0
0	0
0	0
2	0
0	0
0	0
0	0
0	0
0	0
0	0
0	0
4	31
5	11
0	26
0	22
1	9
0	23
0	1
0	19
1	0
0	5
0	0
1	0
0	3
0	0
1	12
3	0
1	0
0	0
0	0
7	1
0	0
0	0
0	0
2	0
0	0
3	0
2	0
5	52
0	0
1	0
0	0
0	0
3945	1822
0	793
18	395
66	84
12	162
0	326
2	0
67	31
0	111
12	0
1	444
2	0
0	0
0	0
1	0
0	0
0	3
0	0
0	231
0	126
0	222
0	201
2	93
0	128
2	99
0	298
7	193
0	230
1	67
3	84
10	240
1	120
1	267
2	46
0	0
0	0
0	155
0	284
0	288
0	277
0	314
0	273
0	214
0	193
0	20
5	344
0	210
0	175
0	189
19	118
0	0
8	0
6	0
0	0
0	0
6	0
0	0
0	0
0	0
0	0
0	13
0	23
0	17
0	14
0	10
0	0
0	0
0	0
0	0
0	0
0	0
0	0
0	0
0	0
0	0
0	6
0	6
0	6
0	6
0	0
0	0
10	865
24	93
9	788
6	72
0	1314
46	1300
2	1211
30	71
18	22
155	371
0	0
38	0
0	0
0	1
0	1
3111	171
8	171
2	0
0	0
0	0
0	0
1	0
0	0
0	83
0	80
0	0
0	0
28	0
1	0
0	0
1	0
0	0
0	0
0	0
0	0
0	0
169	151
0	134
0	142
0	3
0	0
10	1
0	35
0	118
0	158
27	184
0	28
1	28
4	1
7	1
1	69
1	0
0	0
0	3
0	0
1	0
0	0
0	0
1	503
0	247
0	503
3	209
0	8
0	0
29	1
8	0
0	284
158	412
5	93
5	6
0	359
0	94
56	191
0	16
171	217
26	0
0	24
0	3
0	3
0	4
0	14
0	6
0	21
0	0
0	0
0	5
0	7
0	9
0	0
1042	2588
0	2441
1	2189
2	1965
13	752
39	1025
11	996
26	996
1	0
1	0
0	0
0	0
0	0
0	0
0	0
0	0
0	0
320	489
7	489
6	0
41	8
0	8
10	2
2	163
75	2419
49	49
0	44
3	0
0	2
0	0
0	26
0	2378
0	0
0	0
19	15
0	4
0	0
0	0
0	0
0	0
0	0
0	0
0	0
0	0
0	0
0	0
42	186
34	382
16	355
0	99
38	3
54	156
4171	1209
0	845
1	591
85	369
1	513
0	0
0	28
4	30
0	1
1	0
0	0
1	1
0	7
0	7
0	27
0	7
0	6
0	0
6	8
1	8
6	644
6460	2450
5	2430
0	0
0	0
0	0
0	0
0	0
0	0
0	0
47	5975
0	289
1	5637
0	5622
1	188
0	72
94	29
0	273
0	590
13	1223
115	6293
0	0
10	6293
6	1473
0	1386
7	299
2	148
63	1014
11401	1409
5	1273
85	0
41	0
4	0
4	0
0	0
0	0
0	0
0	0
0	0
0	0
0	5
17	15
0	3
0	0
1	9
0	7
0	595
266	595
34	203
0	0
3	0
3221	0
112	1196
1	1057
0	1283
1	130
11	9
0	9
8	0
0	0
3175	1031
2	998
84	27
34	41
2	26
0	0
2	0
0	3127
80	643
0	2879
0	2237
0	2838
0	838
57	569
1	0
1	1
8	0
4	276
0	0
1	75
0	0
7	70
0	245
0	10
21	994
0	648
28	1010
7	499
0	879
2408	0
201	1332
45	1349
0	335
1	470
22	453
12	587
5	0
34	58
29	186
0	655
8	616
6	4691
5592	17445
0	15794
0	0
1	46
1	46
0	8
0	0
0	21569
43	20487
2	20473
2	20476
1	20958
0	1
0	1
0	1
0	1
0	1
0	0
0	0
0	1
0	1
0	0
36	1140
0	1149
1	32
0	28
0	156
0	74
1	320
0	0
0	0
0	0
1	1
0	1
0	1
0	0
0	0
0	0
154	364
0	292
0	171
2	43
0	48
90	1762
2	1722
0	976
41	0
0	0
0	0
23	0
0	0
0	0
0	0
0	0
1	133
782	133
0	4120
5	4130
6	3950
13	388
4	77
0	497
0	101
0	136
2	53
0	0
3	6
0	0
0	0
0	0
0	0
0	0
0	0
0	0
0	0
0	0
40	61
0	61
1	3
0	3
0	19
536	49
1	19
0	30
0	0
14	0
1	0
3073	656
0	656
60	0
0	3
0	3
456	0
0	0
0	0
0	0
0	0
0	0
9	0
0	0
0	0
6	0
5954	723
23	316
0	179
3	407
1	0
26	749
3721	1962
6	421
4	1812
5	279
16	0
0	329
8	304
7	66
522	158
0	75
0	17
1	82
6	178
0	60
11	153
124	177
0	0
0	146
1	26
279	0
0	0
0	10
0	15
0	41
6	83
0	76
3	83
2	43
0	0
0	0
0	0
21	200
45	350
0	331
9	355
8	327
0	326
9	67
1	83
4	96
1	101
0	18
14	15
0	7
0	13
0	10
2571	855
6	658
2	517
19	0
0	0
75	0
208	0
260	3825
1	3627
0	3627
0	3191
0	550
0	696
3	528
0	37
13	374
0	0
0	0
0	0
0	0
0	0
0	0
0	0
0	0
0	0
0	0
0	0
0	7
4	8
0	1
36	5
0	1
1	2
1	2
71	863
2	863
1	150
11	164
0	0
0	7
0	7
2	2585
5	2093
58	2654
2	204
18	702
0	701
1	487
0	3
1	0
0	0
3	265
0	75
0	674
0	562
0	430
0	136
0	88
0	28
0	78
0	0
4655	321
3	109
3	283
5	0
5	378
82	2070
1	1828
82	232
28	84
104	263
5	217
86	13
0	4
11	4
0	1
0	0
0	0
0	0
248	3027
5	3056
0	400
1	637
1	261
100	205
0	0
0	0
28	78
38	923
0	84
5	223
2	422
3	347
35	0
0	203
9	203
0	10
0	6
0	3
1	22
2	0
1	1
0	1
0	1
0	1
0	0
0	0
828	335
6	25
1	329
0	0
4	0
2	26
1	462
1	378
1	11
11	256
0	190
0	200
3	21
0	161
205	205
5	215
0	123
0	107
0	4
4	0
14	23
0	202
6	189
2	127
7	31
17	34
5	35
2	20
82	64
1	44
1	0
0	0
0	0
1	0
1	33
0	33
0	0
3	2
0	0
0	0
0	0
0	0
4	0
0	0
0	0
5	87
67	371
10	2294
6	2226
37	538
6	222
69	0
16	0
2	340
3	299
2	0
1	99
14	10
2	310
0	951
6	864
0	951
0	747
0	902
25	70
8	61
0	0
0	79
29	212
4	199
0	0
0	0
0	35
12	35
0	35
1	0
1	2
0	0
4	16
0	1
0	15
0	4
0	0
0	0
0	0
0	0
0	0
0	0
0	0
0	0
0	0
0	0
0	0
0	0
0	0
0	0
0	0
0	0
0	0
0	0
0	0
0	0
0	0
0	0
0	0
1	0
10	0
0	0
13	0
0	0
0	0
1537	1889
5	1889
0	0
22	0
7	7
1	108
9	31
8	1094
0	3826
1	3743
99	122
62	135
0	3867
1	138
13	31
0	0
6	828
71	393
282	319
0	72
0	0
0	0
0	0
0	0
0	0
0	5
0	6
3	32
0	4
0	32
0	1
0	28
1938	0
0	0
0	0
0	0
0	0
0	0
0	0
0	0
0	0
0	0
0	0
0	0
0	53
0	42
0	1
2	11
0	0
0	37
0	38
0	23
0	35
0	28
0	0
0	0
0	0
900	868
0	868
12	575
132	220
0	0
0	0
11	19
0	19
0	0
0	0
0	10
50	43
0	36
0	0
0	0
1	0
0	0
0	0
1	21
0	252
31	0
1	451
4	153
0	228
0	25
1	20
0	452
0	209
0	19
0	37
0	51
0	0
0	0
159	2299
0	2147
1	363
4	571
0	989
0	322
0	503
0	0
10	1
5	1330
3	0
0	0
10	29
15	183
174	1708
1	153
0	1557
0	1431
0	1525
5	108
0	896
0	1367
0	879
0	1369
4	1367
0	1373
0	0
31	3
1	1222
1	903
0	79
1	38
2	114
1	96
0	1122
0	219
0	73
9	80
0	1139
0	1455
0	1148
0	1241
0	1241
3	1112
0	666
0	1253
0	1083
0	849
2	316
54	249
0	21
0	625
4	100
0	489
0	540
0	8
0	149
2791	123
3	46
5	125
1	99
0	0
0	1
0	0
0	0
0	1
135	95
1	95
0	0
0	0
0	0
0	0
8	9
0	75
2	19
0	76
1	71
0	20
0	74
0	0
0	0
0	1
0	1
0	0
0	0
0	0
0	0
0	0
0	0
0	0
0	0
1	0
0	0
0	0
0	0
0	0
0	0
0	0
0	0
0	0
0	0
0	0
476	356
0	345
0	367
8	129
3	0
0	0
0	0
0	0
0	0
0	0
0	0
0	0
0	0
0	0
0	0
873	519
0	373
0	516
5	463
0	228
226	59
1	38
45	21
1	0
0	0
0	0
1348	0
3519	2354
30	630
81	1802
0	2178
2	105
0	18
0	0
0	0
0	0
0	0
0	0
0	0
0	0
0	0
0	0
0	0
0	0
3	185
0	0
0	0
0	0
0	0
0	0
0	0
4	537
0	0
490	483
153	560
37	560
24	102
4	259
0	113
0	0
0	0
0	0
0	0
0	0
1	7
0	3
0	3
0	0
0	0
1	0
0	0
0	0
0	0
0	0
0	0
0	9
0	11
0	11
0	10
0	11
0	10
0	8
0	11
0	11
0	9
0	9
0	9
0	11
0	11
0	7
0	4
0	11
0	6
0	6
0	6
0	5
0	1
0	12
0	12
3	12
0	8
0	11
0	11
0	11
0	11
0	12
0	0
0	4
0	0
0	0
0	1
0	0
0	0
0	0
2	1
0	0
0	0
0	0
0	0
0	0
9	120
0	12
0	120
1	0
0	0
0	0
0	3
2	14
0	1
0	14
6	3
0	1
0	0
0	16
0	4
1310	416
1	40
14	376
6	124
14	18
0	3251
99	215
14	4180
0	191
0	4180
113	146
0	0
0	233
46	8
0	8
0	6
0	4
0	0
3	399
0	0
0	38
218	129
0	91
32	46
3	85
0	43
0	0
0	0
0	0
40	2809
3	2688
8	395
0	460
14	274
0	149
3	206
1	150
3	44
189	184
9	149
0	133
0	5
70	5
0	7
0	7
0	3
0	7
0	12
0	17
0	13
0	6
0	63
0	5
0	6
0	1
0	12
0	17
0	6
0	63
0	14
0	20
1	13
1	19
2	297
75	288
1	43
13	119
0	175
0	36
2	0
0	43
0	0
0	0
0	298
0	277
2	260
0	205
1813	725
4	60
6	20
6	107
7	85
0	117
53	402
0	136
3	158
6	98
8	89
1	33
58	53
0	1
2	281
178	281
0	260
504	506
0	255
2	251
14	79
0	86
17	122
191	144
3	143
0	78
0	0
0	0
17	644
0	644
0	400
31	151
1	323
1	114
21	200
6	0
1496	503
5	503
0	0
0	87
2	78
0	14
1	43
1	7
2	5
0	28
4	2
73	1278
1	837
108	918
66	1274
0	578
2	46
1	32
1	184
59	184
0	40
1	27
0	36
6	2534
0	2102
1	1163
0	0
0	0
0	3
0	0
1	3
5	3
0	0
2	3
0	0
0	0
2	4
812	6
6	0
1	0
0	0
0	0
0	0
7	489
0	514
0	448
3	474
0	0
3	283
0	61
0	55
2	90
0	98
33	0
0	45
32	2136
5	1204
0	2186
0	2121
0	211
0	142
0	0
8	534
0	1626
0	2467
20	106
4	2430
0	143
10	2
0	86
0	0
0	0
0	250
0	0
0	0
0	0
243	12
3	14
1513	279
0	57
3	84
0	16
0	102
0	33
3	136
72	1057
0	2573
118	2553
4	207
5	0
0	0
70	1212
0	158
0	0
0	0
0	0
0	0
1	0
0	0
912	4173
128	4173
103	4171
2	0
6215	884
0	884
1	0
0	86
0	62
0	80
5	82
0	24
0	17
0	33
0	28
0	14
0	0
0	0
0	0
0	0
0	80
0	8
1	363
10	367
16	146
0	11
1	74
1	21
2	17
808	5955
5	5992
38	5751
4	463
2	639
0	0
3	0
224	1415
110	1268
2	276
0	253
13	5
7	127
0	279
0	277
0	275
1	273
0	274
0	274
0	80
0	84
10	11
0	7
1	8
0	0
0	5
0	0
628	306
0	306
0	252
67	401
0	15
0	65
2	350
0	400
3266	1550
16	368
5	160
0	585
2	873
1	165
0	1092
0	364
12	810
28	314
41	3090
0	359
0	1367
3	499
3	1077
24	2883
0	171
12	1247
9	0
1008	155
0	67
0	74
0	7
5	77
0	0
0	5
0	0
0	7
0	0
0	0
0	0
0	0
0	0
0	0
0	0
0	0
0	0
0	0
0	0
0	0
0	0
0	0
0	0
0	0
0	0
0	0
0	0
0	0
0	0
0	0
0	0
0	0
0	0
0	0
0	0
0	0
0	0
0	1
0	7
0	0
0	0
2	0
115	0
2	97
0	94
1	37
3	38
0	0
0	0
1	6
0	37
1	3
0	6
0	6
0	0
8	201
1	177
0	195
1	87
16	172
1	5
0	73
0	0
3183	1217
5	272
0	645
0	428
4	71
0	636
0	573
58	33
0	1
0	1
0	1
0	0
1	1
0	1
0	1
0	1
0	1
0	1
0	1
0	1
0	1
0	1
0	0
0	1
0	0
0	17
0	17
0	17
2	0
0	17
0	18
1	18
6	442
23	121
4	126
2	360
0	0
268	818
14	533
1	292
1	62
0	246
1093	0
3649	1608
21	431
2	348
151	703
3	303
0	2
0	4
0	4
8	0
243	1376
3	1336
0	1396
0	1398
0	1399
0	805
5	173
3	245
2	210
0	248
0	234
14	102
1	76
1	3
0	0
0	0
0	0
1	0
0	0
0	0
0	0
0	0
2	33
9	3131
115	3411
8	58
2	839
0	1209
0	409
17	100
0	0
4	187
1480	0
0	0
0	0
1503	7
0	0
2	3
1	0
0	0
0	0
0	0
0	0
0	0
0	0
0	0
0	0
0	0
0	0
0	66
7	152
3	1282
5	1118
0	52
18	699
0	1297
1	1174
1	691
0	658
10	24
0	216
243	0
0	0
0	0
0	0
0	0
0	0
0	0
2	2
0	0
2	0
0	0
18	95
0	95
0	0
4	1
0	1
4	2
0	2
0	0
0	0
0	0
0	1
0	1
0	1
0	0
0	0
0	0
0	0
0	0
0	0
0	0
0	0
0	0
0	0
0	0
0	0
0	0
0	0
673	83
0	67
18	60
23	3
0	0
0	0
0	0
0	0
0	0
0	0
0	0
0	0
0	0
0	0
3	0
0	0
0	0
0	0
0	0
0	0
49	4604
290	4629
1	4470
4	1625
4	870
0	0
3	724
44	739
0	342
0	169
43	150
2	10
6	39
17	58
0	43
2	59
5	15
0	13
0	0
0	0
0	0
10	31
0	31
35	61
56	62
1	10
18	0
0	0
25	27
3	27
25	462
0	462
1	36
2	0
36	1675
11	558
0	1655
8	841
0	645
27	1301
0	301
3	57
0	357
1	352
0	235
6	2
0	2
0	0
136	12430
31	10315
0	3129
26	6625
5	11693
5	3626
18	144
0	144
6	680
0	263
0	721
0	65
0	780
0	722
1	17
0	102
1	704
0	67
0	70
0	88
2	20
0	5
1	5
0	4
136	659
0	590
9	280
39	141
2	18
0	123
0	3
0	3
0	0
0	1
4	289
3	271
18	40
0	0
0	6
1	25
3	22
0	36
0	62
225	11836
38	11836
27	11806
52	3492
3	1121
5	756
1	117
8	117
5	8147
12	1725
4	7983
21	5843
3	1483
1	4616
22	119
0	106
8	389
5	6771
1	377
0	317
0	1994
1	1310
0	19
30	685
41	4386
0	0
1	0
0	33
0	35
0	36
0	3
0	7
0	10
0	2
0	2
0	0
1	1
1	1
0	1
0	1
0	1
0	0
0	0
1	0
8	102
17	102
84	679
37	673
4	97
6	250
0	102
0	106
0	45
0	1
1093	2427
0	2417
13	654
0	0
1	354
1	333
0	179
142	19
0	0
3	57
5	61
0	19
68	764
0	747
3	753
0	72
0	235
978	548
21	165
7	28
0	177
4	228
0	0
0	0
0	0
35	996
1	1150
113	2098
23	1777
1	102
0	1
1081	550
0	548
41	1668
11	1649
0	1664
1	498
5	490
1	488
0	449
2	366
2	230
43	543
96	827
5	654
0	593
1	1977
367	3025
0	899
3	3020
2	2284
4	165
1	399
430	3766
0	3756
155	3405
24	1649
10	1631
22	909
92	354
0	164
146	238
112	1772
0	2064
3	1406
4	241
2	733
0	109
0	1406
12	311
3	510
0	159
0	162
0	163
0	170
8	4
0	22
3	16
0	12
0	0
0	11
0	1
0	9
0	0
2	0
1	0
0	1
7	4643
12	4642
3	3054
2	2218
40	2211
2	342
3	241
0	66
9	223
0	66
0	130
413	316
6	250
3	13
2	228
9	99
18	0
254	0
36	0
1	1170
137	1124
2	274
1	1120
0	32
69	475
0	55
0	697
1	70
0	166
0	114
16	1451
2	72
0	1447
1	249
0	1264
21	289
8	53
0	45
1	32
0	6
12	500
0	2007
19	1412
31	1787
6	479
0	0
14	365
0	0
11	80
2716	6570
9	6569
5	73
3	2
4	3
0	2
0	2
0	73
1112	0
2	25
0	26
0	26
0	18
0	18
0	6
0	140
0	158
0	140
0	158
0	140
2	47
0	61
0	6
0	110
5	89
5	65
0	78
0	30
1	10
0	3
0	3
0	0
0	0
0	0
0	0
0	0
456	316
7	316
0	0
37	779
28	1049
9	1094
16	593
3	517
1	234
0	1857
1080	1864
24	1861
0	2557
0	2594
0	2464
0	2548
0	2464
0	2419
0	2114
5	2409
0	2509
0	1399
1	1479
0	310
5	82
0	25
0	0
2	0
0	0
0	0
0	0
0	0
12	249
584	458
2	335
0	262
0	245
2	52
12	84
6	70
819	0
159	1409
1	1409
0	644
0	86
6	0
1	298
12	210
10	1407
3	119
0	89
1	37
0	44
5	632
0	4
0	1668
2	1668
10	310
0	0
1	99
73	3756
108	3015
0	115
127	2420
8	486
0	308
5	529
0	338
0	844
4	844
5	433
1	209
12	186
143	6333
0	6248
0	310
20	130
0	35
963	62
0	62
0	59
0	0
1	44
5	12
0	47
7	139
14	134
2	87
0	15
0	58
1	151
1	47
1	42
0	39
0	42
3203	1458
9	218
6	354
116	150
0	253
36	150
0	481
157	859
1	670
13	4
0	0
0	589
3	71
0	279
24	12
0	372
47	586
4	314
6	593
5	328
9	39
5	158
1	61
6	35
244	273
0	277
1	48
6	54
10	0
0	1
0	1
0	1
0	0
2	7567
109	4310
1	3209
0	7582
27	3016
653	2912
63	2610
0	0
2	0
0	0
21	372
27	607
0	540
2	354
0	532
1	354
0	243
1	56
8	50
8	21
14	831
5	82
6	339
1	1
21	769
2	128
0	752
1	22
0	121
0	70
0	2
0	1
0	2
391	1264
1	941
5	388
7	293
2	1859
0	1859
5	559
2	1
320	224
4	167
1	135
0	22
0	22
0	22
0	22
0	3
0	0
0	0
3	0
0	0
0	0
0	0
30	943
12	942
0	907
1	9
3	3
17	1771
0	1848
10	424
3	326
5	522
5	284
14	242
1257	792
22	170
0	178
5	470
17	156
52	14
0	14
1	6
2	0
0	0
0	0
400	2888
0	3098
2	2527
2	709
9	12
1	556
20	29
9	529
27	0
20	362
1314	1569
29	1482
0	17
1	1188
37	1505
343	364
12	100
1	198
0	4
21	108
66695	9256
0	0
31	3520
21	5705
0	0
0	591
18	457
3	391
0	398
0	541
0	177
0	299
0	173
0	495
0	54
8	68
3	0
0	0
5	0
0	0
0	34
2	34
0	2
0	0
4	71
0	0
10	8
13	71
0	11
6	0
0	60
1	60
0	66
0	43
0	64
3	49
0	25
0	7
0	62
0	52
0	11
981	364
3	364
0	948
1	1
0	947
8	151
2	163
1	88
3	162
4	167
3	102
0	0
4	58
0	112
175	7232
11	6860
9	339
3	932
13	689
18	31
14	1792
0	970
1	251
1	1676
0	1745
3	0
0	187
0	153
2	91
18	27
9	41
909	194
0	194
4	144
4	48
2	48
7	0
1	971
0	898
22	885
12	1012
15	960
0	249
0	776
1	444
0	411
11	10
0	26
2	101
0	12
1051	76
0	76
23	6
3	13
0	11
0	10
280	1303
2	1093
61	843
0	594
10	221
3	1
363	607
9	346
11	497
2	245
0	82
3	376
0	0
1	137
1	7
1	6
203	1176
1	1178
8	523
293	666
1	632
0	695
0	38
0	48
6	345
0	345
3	0
0	0
0	33
0	33
0	18
0	0
0	13
4	6
0	2
0	0
0	0
0	0
69	2499
8	2417
1	666
1	140
0	499
0	527
6	359
14	36
0	192
35	0
0	21
13	26
0	6
0	0
0	0
0	0
3756	1326
19	1241
4	85
7	279
211	6043
0	5766
1	293
0	9
28	4871
3	849
6	11
0	2753
46	2251
0	0
0	55
0	0
0	5
15	38
0	49
0	41
0	53
0	5
1	36
0	9
0	4
0	9
0	19
0	1
0	10
4	0
0	89
0	83
0	23
0	65
0	91
1	80
0	9
0	18
0	12
0	16
0	23
0	6
0	5
0	7
0	0
0	36
0	31
0	31
11	36
15	261
101	275
6	74
11	42
0	2
1	1
2	113
0	1
1	63
0	5
12	132
0	4
0	11
0	7
0	14
12	49
2	41
0	0
20	338
0	167
0	0
0	0
0	475
0	72
2	9
0	0
0	342
5	78
1	3
22	288
0	37
19	21
0	0
0	338
0	2
0	167
0	2
40	436
1	9
0	0
0	3
4	297
0	38
0	0
0	0
7	2
0	0
39	0
4	1
31	196
4	198
0	0
0	169
3	191
22	104
98	91
88	113
0	113
60	0
11	0
1	2
6	2
11	190
19	190
0	0
0	1
0	1
0	9
0	12
2	9
84	37
8	28
4	6
0	0
0	0
0	0
5	196
8	118
25	155
2	101
7	74
10	35
16	2075
6	2125
9	62
0	440
0	284
0	469
0	270
1	69
2	142
0	500
15	100
19	26
0	2
0	0
0	24
0	7
0	5
2	1
0	79
349	402
0	158
360	227
461	828
60	771
1	25
0	59
2	53
1	178
17	10
0	0
0	0
0	0
0	0
15	11099
6	0
2	0
49	11091
101	7759
18	47
0	1350
14	11365
100	2449
77	0
10	1184
5	0
809	0
0	0
0	0
0	0
909	166
1	31
0	133
12	91
0	19
0	0
1	0
4184	74
52	137
0	136
0	4
0	6
0	75
0	12
0	12
7	1963
488	1963
0	156
0	189
828	2471
10	351
0	731
6	82
12	806
0	579
481	1524
0	603
13	108
3	335
3	309
10	249
12	135
0	66
0	0
129	32
12	5
2	27
0	0
0	0
0	0
0	0
0	0
0	0
0	0
1	6
324	14
0	14
17	0
0	0
0	0
0	0
0	0
0	0
531	3062
0	3058
2	0
372	238
8	199
3	40
0	0
46	0
1264	556
0	537
0	197
0	74
8	51
0	0
0	0
0	0
0	65
1	19
0	65
27	900
1	190
0	929
0	788
35	453
1	2
0	2
1203	247
7	243
125	30
1	30
3	26
0	18
626	91
0	30
1	61
0	0
0	0
0	0
0	0
0	0
8	93
0	0
0	382
1	142
0	281
0	3
8	35
3	202
2	196
2	6
0	0
0	0
0	0
0	0
0	0
0	0
0	0
0	0
0	0
0	0
0	0
0	0
0	0
0	125
0	0
13	0
797	660
1	660
0	402
0	288
4	1648
1	1551
61	1636
1	244
10	103
16	454
0	165
320	20
0	20
4886	610
30	608
0	0
3	0
0	0
3	4
0	4
35	506
0	302
7	40
2	352
2	423
0	290
0	0
8	32
4	47
0	3
7	41
0	0
0	0
9	41
5485	323
73	305
3	304
1	12
51	45
0	45
0	0
0	0
0	0
0	0
0	0
0	0
0	0
0	0
0	0
0	0
0	0
0	0
0	0
0	0
0	0
0	0
0	0
0	0
0	0
0	0
0	0
0	0
4	78
0	3
13	33
0	80
1	60
0	1
89	17531
5292	18016
26	0
0	7665
17	2819
4	447
0	38
10	38
0	21
0	20
1	21
0	2
0	13
0	2
0	152
424	157
0	13
4	0
6	11
0	11
0	0
0	0
0	0
0	0
0	0
0	0
0	0
0	0
0	0
0	0
0	0
0	0
0	0
0	0
0	0
0	0
1	0
6	0
0	0
1	0
0	0
0	0
0	0
0	0
0	0
6	0
0	112
1112	289
0	256
0	102
0	36
9	42
0	109
0	65
1	0
0	0
0	0
0	0
0	0
463	110
0	93
3	103
0	65
17	0
0	0
30	506
17	34
9	509
2	37
0	0
3	59
5	2
31	684
0	127
9	577
4	322
34	19
0	135
2	95
1	114
1	0
0	0
0	170
11	170
0	2
0	226
0	207
0	2138
53	2230
8	231
0	607
0	63
0	0
0	0
0	57
0	321
0	1
0	0
0	1
517	1490
0	1267
0	2002
0	2321
20	1437
4	525
7	525
0	14
0	0
0	14
0	14
3	4
0	4
0	6
0	0
0	0
1	2
0	0
0	0
2	2
0	2
0	0
2	0
0	0
0	0
0	0
32	8
0	8
1	586
7673	2078
4	1351
3696	757
4	226
2	306
0	245
8	163
8	7
2	60
9177	0
0	25
0	27
0	26
0	25
0	0
0	0
0	4
0	2
0	3
0	3
0	0
0	0
45	1017
0	1015
0	293
0	110
0	18
0	12
0	19
0	2
66	1249
0	1276
32	1126
0	3
5	2
0	2
314	2552
1	1393
0	2485
4	173
0	448
44	287
56	164
10	0
139	67
0	51
1	21
0	33
0	5
1	4
605	1713
25	212
0	656
63	1153
2	20
6	274
2	107
0	190
0	0
0	6
0	0
0	4
0	0
0	0
0	0
2	0
1	33
0	0
6	11
0	3
0	5
0	11
0	8
0	5
0	8
0	10
0	10
0	0
0	0
0	0
0	10
0	11
0	6
0	5
0	0
0	0
0	0
0	0
0	1
0	0
0	1
0	4
0	9
0	9
0	0
0	0
0	0
0	9
0	1
0	3521
1	110
0	3514
0	2703
4	88
6	27
0	0
60	448
0	532
97	369
535	183
0	10
7	43
1	189
0	291
433	14052
0	11068
1	11136
26	12491
17	7170
0	2820
19	4186
16	0
958	792
1597	5012
11	4325
20	3636
35	3360
65	3646
0	1269
52	807
342	1343
93	3021
100	3017
16	395
35	85
1	7
0	0
0	0
0	0
0	0
0	0
0	0
0	0
0	0
2	0
0	0
0	0
0	0
0	0
0	0
0	0
0	0
0	0
0	0
0	0
0	0
0	0
0	0
0	0
0	0
0	0
0	0
0	0
0	0
0	0
0	0
0	0
0	0
0	0
0	0
0	0
0	0
0	0
0	0
0	0
0	0
0	0
0	0
0	0
0	0
788	789
0	0
6	775
9	113
0	0
1	52
109	6
1	14
0	15
0	1
0	2
0	2
0	2
0	0
0	3
0	1
0	2
0	0
0	0
0	0
0	0
10	339
841	739
0	0
1	44
0	10
8	593
0	2
537	563
5	475
4	399
6	141
2	0
5	0
0	0
0	0
2166	1920
9	434
0	681
73	683
17	286
15	542
39	539
13	232
0	1
0	1
0	0
0	0
2	0
0	0
0	0
0	0
0	0
0	0
1032	1
1	0
0	0
0	42
324	42
0	2
1	0
0	0
23	299
0	0
0	3
1	3
329	5421
3	2555
0	5034
2	4400
1	4610
0	1032
16	56
1	465
0	393
0	1095
0	1096
60	1285
2	782
37	589
0	0
0	5
0	1
0	0
0	0
0	0
0	0
0	32
256	1139
0	0
0	1124
5	657
33	686
3	84
11	315
0	156
0	158
180	32
0	25
0	0
31	2
2193	103
0	33
0	0
33	0
0	70
112	343
0	343
3	282
0	0
4	1591
7	2416
0	2320
0	523
1	0
3	0
3	223
1	0
0	0
1768	2085
1	341
22	90
1	2084
4	0
0	1750
79	2086
0	0
0	0
0	0
313	0
1	0
142	1155
43	533
57	255
0	622
0	0
198	29
0	0
0	0
4	9
0	6
0	14
1	0
0	0
0	0
0	0
7	0
7	0
0	0
0	93
2	94
0	70
14	24
10	26
19	0
1	0
4	27
0	0
0	0
0	0
39	194
7	36
1	4
1	114
0	955
0	958
59	964
1	245
0	301
0	114
0	113
0	110
0	74
2	0
1	0
0	0
0	0
1	0
1	838
1	1270
6	1405
9	427
62	440
578	2133
11	499
6	1605
1	450
2	1058
1	182
8121	4
0	0
0	0
0	0
0	0
0	0
0	0
0	0
0	0
0	0
0	0
9	20
2	20
8	113
37	113
0	0
5	0
0	0
0	0
0	0
0	0
1	0
0	0
36	56
0	1567
116	1663
3056	1675
13	408
0	0
0	0
0	0
0	0
0	3
0	3
11	0
6	0
0	0
0	1
0	0
0	0
1	0
5721	992
11	984
0	0
0	0
0	0
0	0
0	0
0	0
0	0
0	0
0	0
0	0
0	0
0	0
259	7000
121	7344
7	759
0	7
52	4376
1274	0
0	0
1	0
0	0
0	0
0	0
0	0
0	0
0	0
0	0
0	0
0	0
0	0
0	0
0	0
0	0
0	0
0	0
0	0
0	0
73	959
3924	4469
0	1867
77	135
52	13
83	574
4	494
1	1640
3	1103
0	1528
7	9
1	0
142	0
0	593
2	346
0	363
101	583
0	488
7489	488
5	0
4	142
0	111
1	0
0	11
1	3
4	3
0	0
1	0
2	0
323	3435
1	2952
21	483
0	1000
0	0
0	0
0	0
0	0
0	0
1	0
0	0
0	0
13	0
1	0
1	0
0	0
0	0
0	0
0	0
0	0
0	0
2	0
0	3
0	0
0	0
0	0
5006	2973
0	342
15	525
1	425
72	1560
0	1721
13	0
0	0
0	0
0	0
0	0
0	0
0	0
0	0
0	0
0	0
0	0
0	0
0	0
0	0
0	0
0	0
0	0
0	0
0	0
0	0
0	0
0	0
0	0
1	0
1034	964
10	940
21	117
10	101
2	10
22	1234
19	1234
0	1234
4	8
1	14
10	90
3	99
0	398
3	218
66	68
69	155
0	117
0	86
0	50
13	0
7	32
0	27
0	39
0	0
0	0
0	0
0	0
0	0
0	0
0	0
0	0
0	0
0	0
0	0
0	0
0	0
0	0
0	0
1	1
0	8320
0	785
0	0
0	75
0	206
0	0
0	0
0	1234
0	8319
0	0
0	0
0	0
0	0
0	0
0	8319
0	0
34	220
661	7881
12	0
0	0
4	1
0	0
13	0
157	108
8	8
0	100
0	0
0	0
0	0
0	0
0	1
0	1
0	0
0	0
0	0
0	0
0	0
0	0
0	0
0	0
0	0
0	0
1	1
0	0
0	0
0	1
0	1
0	1
1	0
0	16
1	2
1	16
0	4
0	0
0	0
3	0
0	0
0	0
0	0
0	0
0	0
0	0
0	0
0	0
0	0
0	0
0	0
0	0
0	0
0	0
0	0
0	0
0	0
0	0
0	0
0	0
0	0
0	0
0	0
0	0
0	0
0	0
0	0
0	0
0	0
0	0
0	0
0	0
0	0
0	0
0	0
0	727
133	1830
0	238
0	169
36	1104
0	0
0	0
30	2
11	117
88	51
0	51
59	0
0	0
69	0
0	5
52	5
22	274
0	274
0	0
5	0
0	44
6	2
88	544
189	552
0	108
0	0
0	0
0	1
0	0
0	0
0	0
0	0
0	0
0	0
0	29
1	6
1	29
0	0
0	0
0	0
0	13
19	11
0	0
2	13
0	0
1	0
3	3
0	0
0	0
0	0
1	0
11	28
0	28
0	19
0	0
0	0
0	0
0	0
5	3
0	3
31	0
0	0
0	0
96	5128
61	5351
38	5979
35	141
39	80
158	5599
27	202
1	421
921	400
1	400
16	0
0	1
0	0
0	4
6	4
0	0
1	165
0	169
0	4
0	11
0	0
0	0
0	7
0	0
0	0
0	0
0	0
0	0
0	0
0	0
1	116
0	122
0	75
0	71
0	9
0	3
2	1
3	7
0	0
0	0
0	0
0	0
0	0
0	0
0	0
5	0
0	0
1	5
9	36
11	87
94	175
1	167
1	23
0	4
0	33
0	20
0	0
0	0
0	0
0	0
0	0
0	0
0	0
72	3996
31	2138
2	105
8	1127
0	419
5	1266
1	3219
41	1181
44	1152
8	880
22	13
9	61
5	100
8	230
0	150
2	158
2	84
0	0
20	1982
0	0
0	0
1020	1303
8	165
12	1243
4	0
1	0
10	760
7	140
5	140
0	0
67	2673
23	2386
0	2676
9	2452
2021	2584
162	0
6	344
17	138
9	17
0	17
1398	1
5	0
14	1
1	0
4	0
0	0
9	0
0	0
0	0
0	0
1	0
0	0
0	0
0	0
0	0
0	0
110	1717
19	90
2	1642
0	491
0	439
0	439
6	116
1	29
3	4
0	0
0	0
0	0
0	0
0	4
0	0
0	0
0	0
1	2
0	2
0	1
0	0
1	13
0	32
0	21
0	1
0	20
0	0
0	0
0	0
0	0
5575	195
1	181
1	0
0	0
0	0
0	0
1	0
0	0
0	0
0	0
0	0
0	0
0	0
0	0
0	0
0	12
0	12
0	6
0	0
0	5
0	0
0	0
0	0
0	0
0	0
1	0
0	0
422	768
0	713
13	18
0	55
0	0
0	40
2381	55
60	55
11	0
3	402
0	1068
2	1124
26	1107
2	1052
0	204
0	243
0	28
4	31
0	23
256	593
10	592
10	12
2299	648
152	2
8	648
36	27
33	0
997	1209
0	973
0	908
7	81
4	55
239	537
33	344
1	170
0	0
1	315
2	0
5	4492
123	16270
325	16206
546	16160
4	620
3	22
0	0
0	0
0	0
0	597
0	595
5	600
23	451
0	39
0	17
6	263
0	1003
0	0
579	969
0	0
18	4
0	0
0	4
1	0
3	1
0	1
0	1
0	1
0	0
7	2281
0	2219
13	2312
0	2472
6	1977
1	1959
0	1297
13	129
1	577
2	305
3	480
0	108
0	508
2	400
1	42
0	0
0	4
0	229
0	233
0	107
0	88
0	0
1	0
5	75
0	75
4	19
0	6
0	0
0	0
0	0
0	0
2	0
168	991
186	992
2	163
0	229
3	61
0	0
3	0
26	0
0	0
0	0
0	0
0	0
1	0
1	0
2	0
0	0
0	0
5391	5622
2	1408
16	1002
16	2800
21	1474
0	1285
5	962
1411	70
29	72
0	27
15	34
0	0
0	0
0	0
3	952
165	952
0	273
2	0
1	0
1	0
0	0
5332	121
20279	123
2174	2378
13	2117
101	2205
4	439
391	1903
5	53
154	826
3	82
1	0
1	0
0	0
0	0
0	0
0	0
0	0
0	0
0	0
0	0
0	0
10	9
1	72
1182	874
0	0
0	802
0	1862
0	1797
0	1640
73	1006
11	460
0	236
8	125
8	21
12	27
178	65
1	36
0	1030
4	1121
2	1053
0	113
1	231
2	295
0	104
10	19
0	0
5387	179
1	179
0	0
0	0
0	0
0	0
0	0
1	5
5	266
0	214
17	38
1	60
0	243
6	163
1	65
0	63
0	13
0	0
1	0
0	0
0	63
0	123
0	123
0	62
0	0
0	0
0	0
0	60
0	60
0	159
0	50
0	87
0	159
3	0
0	0
0	0
0	0
0	0
0	0
0	0
21	0
2	0
2	0
3119	209
0	201
3	0
0	8
0	0
0	0
0	0
4	0
15	0
0	0
0	0
0	0
0	0
4694	1239
7	110
0	520
0	603
0	0
0	0
0	0
0	0
0	0
0	0
0	0
0	0
0	21
0	29
0	24
4	0
6	0
1	0
0	0
4	0
0	3
0	3
0	28
0	0
0	28
0	26
0	7
0	22
0	20
0	21
0	23
0	0
0	0
1	26
0	19
0	14
0	17
0	13
0	12
301	579
9	141
0	563
0	196
0	180
0	148
1	8
1	63
0	0
5	16
5	16
1	87
6	5
433	1283
12	535
1	697
0	309
7	59
2	666
91	1351
6	671
13	1330
0	0
0	0
0	0
10	188
0	188
0	1
0	1
0	0
0	0
43	0
0	0
13	12
0	0
0	0
1	0
0	0
0	0
0	0
0	0
0	0
2	0
3031	501
0	488
1	306
0	0
19	0
4	0
196	1462
1	1462
0	9
0	0
0	0
21	9696
0	8608
2	6620
15	0
90	0
7	0
29	0
53	0
806	507
0	413
2	44
102	50
8	2
0	0
0	0
19	0
479	3948
27	46
0	235
8	196
2	272
3	103
73	153
0	157
9	184
47	3260
0	0
2933	292
5	286
5	0
0	0
0	0
3	1
4	1
0	0
36	1803
2	1717
6	89
8	309
0	20
15	90
0	141
1	3415
192	3417
0	359
0	418
13	195
0	0
0	6
2	10
6	12
0	3
0	0
8	130
0	130
0	31
0	792
30	792
1	193
3	4
109	0
5	127
0	0
0	0
0	0
154	722
2	722
4	25
3	166
1	292
1	35
0	0
0	3
0	0
0	0
0	0
53	0
13	0
5	0
0	0
22	339
28	469
1044	578
0	0
0	0
1	120
0	0
0	0
1	0
0	206
0	52
1	170
44	1
0	1
0	0
197	4653
0	2935
0	4630
0	177
26	4306
32	65
0	547
0	309
95	572
9	86
1	0
15	1265
297	3387
0	3445
1	1631
7	17
2	1875
2	2364
42	1170
43	584
0	696
157	637
0	135
9	0
9	0
0	0
3	14
0	15
0	15
0	14
0	0
0	0
0	0
0	0
0	0
0	0
0	0
0	0
0	0
0	0
0	0
185	84
0	77
1	78
0	83
2	11
0	0
4	0
0	0
0	0
11	63
4	449
6	751
403	1101
0	0
73	317
0	384
0	0
0	3
0	0
0	0
0	0
0	0
0	0
0	0
0	0
0	0
0	0
10	52
73	52
17	52
0	0
5	0
0	0
807	4802
31	54
0	0
0	615
2	4751
0	2
219	1517
27	22
0	48
6	1516
1	178
81	725
1	293
1	373
1	363
28	390
7	176
46	4
1	0
107	334
21	54
1	229
0	228
0	3
0	3
0	0
217	0
69	4697
2	1542
4	2460
1	2281
94	4155
9	1012
40	2569
12	1096
0	964
1717	468
8	152
0	141
7	225
0	34
17	4
13	4
3	99
0	109
4	109
199	3942
282	3942
1	585
0	0
0	0
0	663
2	535
0	251
6	316
0	248
0	12
0	12
0	10
0	1
0	1
0	0
9	275
13	505
22	482
0	538
0	503
3	401
2	79
1	11
0	83
0	140
1	88
0	7
0	477
1	443
68	381
0	23
0	81
2	7
2	4
2	4
2345	257
94	257
122	128
1	128
0	18
141	215
2955	912
4	84
7	483
8	563
1	50
5	201
8	273
3	287
1	24
0	35
2	19
1	0
3	4
0	4
83	91
4	90
20	1
0	0
10	2048
0	1971
0	290
6	1956
0	191
3	139
6	0
5	101
11	116
0	116
17	88
107	19
0	0
4	10
0	3
0	9
0	7
0	0
0	0
0	37
1	977
3	15
0	980
0	1025
0	0
0	20
3	879
0	744
0	56
0	633
7	599
0	964
0	978
1	2
1	25
1	662
0	78
5	17
0	47
1	41
0	238
0	8
0	1
2	8
0	0
6	0
0	3
0	10
14	10
10	1020
42	1092
0	170
7	66
6	355
0	71
15	101
5	0
9469	4216
0	460
0	27
6	61
0	467
1	177
1	27
1	3031
3	2610
0	0
7	852
0	0
2664	954
0	350
3	59
8	212
9	333
65	471
11	471
0	0
1	14
0	11
0	1
8	3
1	203
0	3
0	0
15	102
530	209
10388	2355
5	2355
0	0
0	0
0	0
0	0
916	0
60	0
109	31
0	2069
9	139
45	230
34	2347
30	924
350	59
242	953
0	29
1	37
23	12
12	0
1	3
0	0
0	6
0	6
0	3
0	3
0	0
0	30
0	0
0	0
0	13
0	13
0	13
0	13
0	13
0	1
3	43
0	681
65	702
55	580
5	42
0	150
2277	10265
128	10255
1760	5220
1	4977
3	255
12	0
15928	31843
12	3910
0	0
124	4388
0	0
0	0
65	18989
16	8861
71	2939
46	2611
0	10858
10	4464
68	761
0	3487
0	3455
29	246
0	3514
0	960
0	3504
0	3473
14	937
0	437
0	480
20	316
8	1
5	0
2	85
0	0
1	111
0	1
0	100
0	0
0	107
0	98
0	5
9	0
0	0
0	9
0	79
0	37
618	0
0	0
0	576
6	552
4	537
1	193
0	61
0	550
0	555
0	5
0	4
0	20
0	18
2	24
0	285
3	14
0	22
0	1
0	1
0	1
0	1
9	64
16	1017
0	1015
3	49
6	4
5	2
0	371
0	85
8	7
0	7
0	0
1	800
36	703
0	804
43	74
0	774
1	65
10	725
172	1807
3	1586
7	220
3	627
0	85
12969	47
142	44
0	0
2	244
2	235
3	252
0	11
8	46
1	12
3	9
60	918
1086	1031
0	0
0	0
0	0
1	113
0	0
43	829
0	830
24	249
0	170
12	125
9	490
55	482
0	431
2	201
1	196
11	197
0	0
0	124
6	50
0	40
130	661
0	830
12	1094
3	456
0	0
0	0
0	201
12	2650
17	2570
114	2251
1	390
17	272
29	21850
3	11331
1	19443
0	17496
632	16805
337	4518
78	16728
50	15899
0	11357
8	4309
6	4294
5	9635
0	11496
5	5954
3	1650
10	3
1	3
99	2613
0	1617
0	0
1	1835
47	142
0	1857
0	0
0	0
0	0
400	145
1	106
41	73
2	16
314	19356
65	19091
270	19164
0	18573
30	16716
1	18328
28	96
0	0
27	2860
46	2860
0	1
11	312
9815	2
0	0
1	0
1	1
15	7874
235	8670
49	1707
0	44
0	43
0	43
0	22
0	24
3	19
0	1
0	1
0	1
0	0
3	0
1606	0
4	0
3258	593
51	587
2	1085
53	1042
0	1050
8	708
38	285
2	159
18	138
0	9
1	6
28	9
239	2654
8	2654
16	0
21	342
14	341
2	342
11	1050
0	0
3	581
239	625
0	44
33	172
31	173
2	64
2	363
21	3187
18	1932
2	2505
16	3119
5	553
19	123
0	229
281	1681
3	1681
6	1015
67	950
5	891
1	762
1	121
16	627
1960	2
1	3403
1	3403
1	1773
245	3233
52	355
2	1037
9	9
1	2
2	2
4	4
16	4
0	293
4	4
8	285
190	518
0	285
8	28
0	116
5	584
16	584
7	87
0	0
8	1
0	98
754	0
1	0
0	0
0	0
0	0
0	0
0	0
0	0
0	0
0	0
0	0
0	0
0	0
0	0
0	0
0	0
0	0
0	0
0	0
0	0
0	0
0	0
0	0
0	0
0	0
0	0
0	0
0	0
0	0
0	0
0	0
0	0
0	0
0	0
0	0
0	0
0	0
0	0
0	0
0	0
0	0
0	0
0	0
0	0
0	0
10	0
0	0
0	0
0	0
0	0
0	0
0	0
0	0
0	0
0	0
0	0
0	0
0	0
0	0
0	0
0	0
0	0
0	0
0	0
0	0
0	0
0	0
0	0
0	0
0	0
0	0
0	0
0	0
0	0
0	0
0	0
0	0
0	0
0	0
0	0
0	0
0	0
0	0
0	0
0	0
0	0
0	0
0	0
0	0
0	0
0	0
0	0
0	0
0	0
0	0
0	0
0	0
0	0
0	0
0	0
0	0
0	0
0	0
0	0
0	0
0	0
0	0
0	0
0	0
0	0
0	0
0	0
0	0
0	0
0	0
0	0
0	0
0	0
0	0
0	0
0	0
0	0
0	0
0	0
0	0
0	0
0	0
0	0
0	0
0	0
0	0
0	0
0	0
0	0
0	0
0	0
0	0
0	2
0	2
0	2
0	2
0	0
0	0
0	0
0	0
0	0
0	0
0	0
0	0
0	0
0	0
0	0
0	0
0	0
0	0
0	0
0	0
0	0
0	0
0	0
0	0
0	0
0	0
0	0
0	0
0	0
0	0
0	0
0	0
2	0
0	8
3	6
0	2
3	2
0	122
0	0
0	0
0	0
0	0
5	119
0	0
0	0
0	0
0	0
1	0
10	0
0	0
0	0
0	2
15	124
31	112
13	227
31	106
0	343
0	357
0	364
0	323
20	114
0	293
0	357
0	203
0	302
0	199
0	162
0	255
1	0
0	11
8	14
29	2
2	9
0	9
0	11
3	79
0	20
0	39
0	12
6	0
1	0
1	1036
31	240
0	1073
2	21
18	200
0	1075
9	1050
0	703
0	3
6	73
5	128
6	80
0	29
722	1642
1	657
2	404
0	238
21	586
0	137
38	12
0	316
0	48
0	295
38	492
0	750
1	721
6	713
1	220
2	7
0	28
2	4
2	0
11	0
110	115
0	17
1	58
4	41
2	54
0	28
2	31
0	32
0	23
1	50
0	3290
0	3719
0	3853
17	3486
233	3843
62	101
54	397
0	282
4	0
9	380
23	0
0	129
2	11
9	4
51	1153
0	1153
0	171
0	7
0	10
62	7
0	4
0	8
4	0
0	0
5	195
3	90
15	127
5	441
5	322
0	354
0	279
0	295
43	135
10	565
5	311
424	656
36	1031
0	2316
81	2353
0	2470
0	2531
0	2442
43	194
5	2
132	3
0	120
0	112
2	1
1	12
0	0
0	1
0	4
297	6434
0	6565
0	6245
360	2410
0	40
0	1079
0	738
0	93
1	135
0	0
0	11
457	3
131	1756
0	1780
0	169
0	0
1	153
1	6
6	47
0	0
0	15
0	19
0	12
0	0
0	0
0	4
0	0
0	0
19	0
0	282
179	286
0	454
24	454
1	1579
0	1576
0	1579
0	1576
33	1579
3	1576
56	1579
3	0
2	7
0	2041
195	2042
0	296
0	692
9	592
91	592
0	589
0	11
0	2
0	2
0	2
0	1
0	11
0	11
0	2
0	0
0	0
0	0
0	0
0	0
0	0
252	0
2	0
56	83
0	49
0	80
0	11
0	82
2	2
0	1
2	0
427	141
0	140
2	19
24	73
0	0
3	234
0	295
2	295
0	17
0	11
0	5
1757	521
10	437
0	133
13	82
0	246
0	593
0	593
1	5
6	11
0	64
88	0
0	0
0	4
29	4
0	121
2	0
0	121
0	0
0	0
0	0
0	1
0	1
0	0
0	0
0	0
0	0
2	3690
78	2170
2	3613
40	3506
0	2526
0	2236
3	150
1	5
0	5
0	0
0	0
0	0
148	1179
744	1179
1650	2108
254	2240
2	1116
181	127
0	76
1	59
0	0
1140	1714
69	1451
27	191
6	1439
9	1034
8	1078
0	190
11	373
0	255
0	137
2	181
0	71
9	48
277	1035
10	950
5	208
2	200
1	229
1	121
0	0
4	882
142	882
3	36
0	153
1	265
4	117
11	0
29	0
0	3166
254	3166
0	121
0	270
0	167
0	2870
2	348
7	385
0	0
0	0
8	280
30	332
0	531
5	0
0	0
8	1095
0	1018
17	889
1	258
102	48
41	5510
4	5126
0	4666
6	764
18	339
154	866
1	508
127	918
1	804
39	2624
51	1111
56	484
0	42
3	222
0	27
1	7
3	65
2	198
0	46
7	45
0	188
0	75
9	180
3	81
0	162
0	145
0	54
11	17
0	2
1	27
3	8
1703	73
56	68
0	0
0	0
910	1285
345	1160
20	223
0	0
3	0
3995	5263
0	4708
208	957
71	2324
97	2605
1400	0
0	0
0	0
0	0
0	0
0	0
0	0
2	0
0	0
88	1127
3	1116
0	520
0	271
0	112
22	1884
0	1877
0	1880
23	1785
3	1779
0	86
184	108
1	100
17	144
0	1
1	37
175	2531
24	2091
264	2520
2	0
0	0
0	170
15	170
6	11
11	11
0	7
8	8
227	794
0	794
4	89
298	644
0	239
0	384
2	136
0	124
630	0
0	11
0	7
4	11
0	0
0	0
3339	362
22	356
0	426
2	328
0	405
2	426
0	156
5	165
0	139
12	167
0	136
0	124
0	142
0	53
0	0
0	6
3	4
325	1899
1	1576
6	1518
63	323
5	68
4	0
3	0
3	0
0	1
821	448
18	115
3	369
20	89
1508	526
18	526
0	0
0	318
273	6915
38	364
13	6740
8	6710
16	605
17	309
204	6638
2	826
9	826
7	826
10	732
2	628
3	104
0	0
1813	33455
13	4793
5	28503
18	16868
276	28490
0	27697
551	760
14	760
0	2
0	1
0	0
15281	12
0	0
1	2
1	2
0	2
10	201
0	171
2	5
26	72
0	9
0	9
0	0
14	115
16	130
55	123
68	119
0	26
0	0
37	859
1	87
1	0
0	745
0	63
22	0
0	322
0	751
5	41
144	30
0	14
0	30
0	1141
7	1141
1	1215
4	1118
11	51
11	137
46	126
0	0
8	132
0	76
0	16
3	205
15	184
0	140
0	0
0	0
0	0
179	98
0	87
0	11
0	0
16	185
3	185
0	0
0	0
0	0
0	0
0	10
0	0
0	0
0	0
691	459
0	459
0	0
10	0
1231	416
29	416
0	0
0	0
0	0
0	0
0	0
0	14
53	7076
0	7094
7	7094
22	418
6	91
160	116
0	0
0	5
0	5
0	2
2	0
0	509
0	555
7	216
13	77
1	34
0	10
0	11
1	11
41	0
18	1251
14	1259
0	628
2	1363
0	640
1	1
0	444
0	185
3	513
2	48
1	0
90	0
0	0
0	0
1	14
0	0
0	0
0	2
2	2
0	2
0	0
0	0
2	0
0	0
0	0
0	6
0	0
0	0
0	0
0	0
0	0
0	0
0	0
0	0
0	6
1	169
20	169
0	31
0	45
0	0
2	35
0	9
2	874
0	853
2	868
7	800
0	48
0	2125
169	2125
0	896
0	2136
3	158
5	61
0	738
1	700
1	0
21	189
3	252
0	0
0	620
33	662
0	197
0	30
0	13
23	15
0	43
1	21
2	16
0	0
0	0
1	566
6	1225
0	1262
6	1237
0	1225
0	981
0	78
0	48
51	268
8	0
0	0
0	0
0	83
0	0
0	0
0	26
0	0
0	0
0	0
0	0
0	0
0	0
0	0
0	0
0	2
0	0
0	0
0	0
0	0
0	0
0	7
0	3
0	0
0	0
1	4
0	0
37	1973
19	1423
0	1963
25	1402
3	633
0	1323
7	77
14	53
5	28
0	0
0	0
0	0
77	2032
2831	2276
1	142
22	0
0	172
3	242
28	64
8	67
0	54
0	33
3	19
0	9
2	0
3	17
41	17
36	557
1	556
0	7
0	0
0	8
11	5
47	7
1	67
2209	255
1	500
10	219
1181	59
4	59
391	245
33	119
4	288
943	459
9	303
5	0
0	0
0	0
0	0
517	5
13	0
3	0
0	0
0	0
0	0
1	0
0	0
0	0
0	0
0	0
0	0
0	0
0	0
0	0
0	0
4	0
0	0
0	0
5	364
0	311
0	357
0	373
0	188
0	330
0	101
14	4
6	0
31	170
7	0
0	1
0	1
9	159
1	0
0	0
0	0
0	0
0	11
0	0
0	0
10	126
0	0
0	0
264	496
73	494
0	68
6917	1840
52	1777
7	131
0	0
0	0
0	0
12	7685
0	6512
15	440
1	3725
0	7391
14	478
568	446
7	454
29	424
7	64
0	0
10	1861
0	1861
1	5974
1	40
6	9
2	1758
0	0
65	1749
0	428
16	4137
55	4446
2	3024
0	3460
6	282
1	619
46	545
11	229
0	81
0	0
2078	302
11	277
1	104
7	45
0	0
0	0
0	0
0	0
12	151
0	1410
59	479
6	0
19	1349
0	0
0	0
0	0
84	4688
127	4690
0	0
0	3291
1	259
0	0
2	0
12	410
28	152
131	943
502	4573
168	4573
0	614
7	398
0	0
0	0
0	0
0	0
0	0
0	0
0	0
4	8079
0	8082
0	8082
10	136
3	2186
10	2224
0	0
2	13
75	115
9	45
0	9
2	46
1	28
0	0
0	0
0	0
0	0
0	0
0	0
0	421
0	451
0	448
1	45
14	127
2	0
0	12
0	0
0	0
0	0
36	0
0	0
0	0
5	0
2	0
2	0
0	0
3	0
0	1800
71	1502
19	1411
0	352
0	0
0	0
15	0
0	0
204	1198
7	382
8	942
3	737
2	343
5	451
81	233
0	233
0	155
958	6188
4	502
45	3316
0	1033
0	5409
0	559
12	620
21	123
7	440
0	16
2	85
0	85
0	81
0	81
7	71
13	41
2	49
0	0
5	0
0	0
0	0
1	6385
0	6141
0	5300
57	1867
15	6470
0	59
0	657
41	9078
0	9078
64	144
297	2307
10	130
0	16
9	422
0	0
0	77
17	843
9	936
0	831
2	139
9	124
10	34
2	205
4	233
0	0
0	0
0	0
0	0
0	0
0	0
0	0
0	0
0	0
0	0
2	0
7	873
26	1446
0	1511
1	1447
0	1276
0	181
3	355
0	0
0	39
977	143
0	75
7	69
5	0
0	964
0	570
54	997
8	116
0	106
0	160
0	147
794	2
0	0
329	401
15	107
0	294
7	291
0	0
0	0
0	0
0	0
0	0
2	104
2	52
178	18
140	91
4	44
0	0
2	3
0	0
0	0
0	0
0	0
0	0
0	0
0	0
0	0
0	0
0	0
0	0
0	0
0	0
0	0
0	0
0	0
0	0
0	0
0	0
1	0
1	0
0	0
2	0
0	0
0	0
1	0
0	0
0	0
0	0
79	230
0	25
7	6
2	208
2	0
0	54
0	258
0	273
29	59
0	10
19	55
0	39
1	2
0	0
0	0
0	0
0	5941
0	0
0	0
0	0
0	0
0	0
0	0
0	0
0	0
0	0
0	0
0	0
1	8
0	0
0	23
0	21
0	24
0	14
0	0
0	0
1	15
0	0
0	0
0	0
0	0
0	0
0	0
240	465
0	154
4	312
0	386
59	1617
2	130
109	1617
0	170
89	0
2	2128
2200	3096
0	460
9	110
0	221
8	704
0	468
273	239
4	239
3	62
7	29
1	28
0	0
0	0
0	0
0	0
151	650
2	84
24	595
1	11
0	105
0	171
0	61
2	5
60	318
39	318
0	0
2	164
4	184
1	129
12	931
0	546
0	1034
0	184
13	140
20	6828
99	13085
564	14101
117	7981
49	21
0	5
0	5
0	1
0	3
0	2
0	0
2	894
0	0
0	0
4	6479
23	5919
44	6040
21	2719
1	5386
10	4829
0	1577
0	1236
0	836
17	628
139	64
0	58
0	12
0	2
0	16
2	2
1	4
12	16
2	18
0	0
0	0
0	31410
3	4409
0	31392
94	984
0	0
1169	24831
3	584
0	24392
80	31
1	0
0	0
0	0
117	0
1	0
3	0
12	2
0	0
0	0
0	1
9305	1017
4	296
24	212
0	0
10	272
6	18
17	230
1	5
7	0
1	379
1	0
467	381
5	364
0	44
15	127
2	17
1	510
0	483
16	369
13	67
174	275
12	275
0	0
0	58
0	0
0	0
0	0
142	471
35	470
0	27
0	7
0	7
898	472
23	472
0	0
0	0
2	0
0	0
0	0
16	851
0	2752
36	2352
0	0
0	36
225	36
1	28
0	0
1	0
6	11
0	8
0	7
0	6
2	0
3	361
1	96
0	82
0	144
0	252
4	891
107	666
0	781
2	128
8	93
0	85
0	121
1	49
2	20
1	230
1	276
158	274
8	74
38	100
2	338
1	344
2	399
4	324
9	31
0	249
0	267
12	14
8	2
0	87
0	18
4	22
4	12
8	51
5	8
0	0
0	0
18	396
0	178
0	0
0	0
22	365
0	147
0	0
75	1732
2	1732
64	61
161	0
0	0
2	0
859	58
1	54
45	3246
25	20
1	3409
5	3441
1	197
0	0
0	0
0	0
0	0
0	0
0	0
0	90
0	0
4	34
0	0
0	7
0	7
702	13842
0	11197
33	3048
742	9715
3	9684
13	834
0	0
0	0
0	0
36	55
2	0
3	8
3	54
1	4
4	3
0	0
3	44
0	16
0	0
0	0
0	0
0	0
0	20
0	20
0	20
0	23
0	6
0	5
0	6
0	0
0	0
183	0
0	0
47	118
4	141
0	0
1	26
0	0
0	0
0	0
0	0
116	352
1	5
0	347
0	0
6	3
1	6
0	6
5	48
0	313
0	289
459	111
2	63
4	48
0	0
0	0
0	0
836	191
3	4
0	11
0	0
0	0
4	0
1	178
0	0
10172	4
0	0
0	0
2	0
2339	1529
2	690
9	356
19	124
2	482
1726	153
0	63
5	88
0	0
4	41
0	41
0	40
0	0
0	3
0	1
0	1
0	0
0	0
0	0
0	0
0	0
0	0
0	0
0	0
0	0
0	0
0	0
0	0
0	0
0	0
0	0
0	0
0	1
0	0
0	17
28	2784
9	2819
13	854
4	436
6	178
52	181
1	211
1497	348
3	301
5	180
0	67
572	714
13	190
8	442
1	485
3	83
5097	713
1	713
0	0
0	95
0	0
0	0
35	364
0	0
0	0
0	0
0	0
4	6
0	6
0	5
0	1
0	0
0	1
0	1
0	0
0	0
0	0
0	0
0	0
0	0
0	0
0	0
0	0
10	0
0	0
0	0
1	0
0	0
0	0
0	0
0	0
65	1039
1	10148
373	11183
0	0
2	0
0	0
0	0
0	0
2	443
29	319
1	86
1	428
2	425
0	425
1	279
0	321
0	10
2	85
5	166
52	1136
39	2023
0	2023
2	185
0	218
0	0
0	85
7	90
0	35
80	5
0	5
0	0
14	0
25	0
0	0
0	0
2	440
9	326
45	0
3	403
102	90
0	60
57	862
116	855
2	178
0	5
0	5
0	5
0	3
0	0
0	0
0	0
0	6
1	6
228	915
0	96
0	730
4	260
1	139
3	82
0	0
0	0
2199	1305
1	65
167	804
6	517
17	71
1	363
0	0
0	0
0	68
1	83
67	83
42	20
1	10
1	2
0	0
0	2
0	0
0	0
0	0
0	0
2	13
0	0
0	0
0	0
1	0
0	0
0	3
0	0
73	5622
249	5605
296	4852
368	263
0	263
0	288
47	314
2	114
1	73
0	28
0	0
0	1
5	216
2	220
958	168
2	16
0	0
8	148
4	51
0	0
0	0
115	0
0	0
0	299
0	298
5	298
0	154
1	0
1	13
0	1
0	41
0	42
0	0
0	7
0	6
0	0
1	0
2	79
2	45
5	512
1	543
0	219
24	582
0	205
2	14
5	195
0	0
17	100
0	100
0	0
0	0
0	0
0	0
0	0
0	0
0	0
0	0
0	0
0	0
0	2
0	3
0	2
0	1
50	1329
0	0
0	2
0	1
0	1
11	0
0	0
0	63
119	63
55	5
0	1
3	1
0	0
1	7
0	0
0	0
0	0
0	0
0	0
60	628
388	7878
30	26358
967	31801
2	14042
0	0
0	0
0	0
0	12003
8	3045
936	328
5	83
0	205
0	145
18	1300
0	49
0	43
11	20
4	20
0	1
0	2
0	0
8	39
14	142
112	1616
107	1622
28	112
47	154
0	95
4	55
0	118
1	1
90	40
112	374
1	272
0	77
0	18
0	18
218	1250
1	339
0	33
0	0
340	368
1	272
0	77
0	19
335	1210
2	99
0	0
1	857
7	0
46	34
0	856
0	34
0	5
0	253
1	0
0	789
0	1
0	1
0	1
0	1
0	1
0	0
0	0
0	0
0	0
0	0
0	0
47	16
0	16
0	0
0	11
2	1
9	1789
0	40
2	9
51	51
0	28
1	1845
1	204
16	14
7	1360
0	1820
2	76
0	1820
1	2291
26	2191
0	9
0	9
0	122
0	2068
3	144
5	0
22	2250
2	56
0	2
2	519
16	0
0	3
0	3
0	0
0	1
0	1
0	1
0	1
0	1
0	1
0	0
1	0
0	0
0	0
0	0
0	0
0	0
0	0
0	0
0	0
0	0
17	1
0	0
0	0
0	0
0	0
0	0
0	0
0	0
0	0
0	0
0	0
0	0
1	4
0	4
0	0
0	0
0	0
0	0
0	0
0	0
0	0
0	0
0	0
0	0
0	0
26	87
445	87
0	1
0	1
2980	2183
10	2140
126	2177
8	250
0	327
25	146
0	0
0	0
0	0
17	1
152	1
0	1661
0	1707
0	1784
0	1830
73	355
37	427
0	1594
9	293
0	773
0	693
0	0
0	13
0	18
2	18
0	4
2	1880
455	1739
261	1812
0	0
0	388
0	1
69	2409
136	2409
5	48
0	0
3	36
10	29
0	241
0	91
3	14
0	0
67	5
0	5
247	6713
560	7220
0	3040
0	3451
10	1556
7	1062
26	236
0	333
1139	2970
0	2861
40	249
0	0
1	707
0	6
0	6
0	2
0	11
0	12
0	7
0	4
0	1
3	1
0	650
19	650
151	24624
687	24624
8	4498
2	75
8	1477
0	0
0	0
0	0
0	0
8	4930
9	5038
0	5863
0	740
16	1540
0	4612
0	4650
23	890
3	883
1	1549
0	3029
53	402
2	179
35	1385
0	2
0	8
18	1538
10	869
677	342
0	84
0	260
0	0
2	0
14	569
384	569
0	0
0	0
0	13
0	2
0	0
120	49
0	47
0	2
0	0
0	35
0	35
0	31
0	0
0	0
0	0
0	0
0	0
0	21
0	23
0	19
0	1
0	2
0	1
0	173
7	180
1	161
0	3
11	8
0	7
5	12
0	12
0	0
0	0
0	0
0	0
0	0
0	0
0	0
0	0
0	0
0	0
0	0
0	0
0	0
0	0
0	0
0	0
0	0
0	0
0	0
0	0
1	72
0	3
12	75
2	50
0	54
0	0
1	0
0	0
0	0
0	0
0	0
0	0
0	0
0	0
0	1
0	1
0	1
0	81
0	116
19	863
3	172
12	94
30	273
0	171
0	165
31	674
12	0
394	194
0	629
0	111
9	36
5	23
353	13
0	13
7	195
7	229
7	179
94	113
62	14
19	66
2	24
23	3
2271	8643
52	9202
608	7139
473	1239
6	1239
5	613
166	694
1	96
5	66
676	122
10	122
4	112
12	184
7	184
95	444
1	444
679	817
0	770
0	264
0	274
1	224
34	2
77	111
1587	149
0	149
0	807
0	782
3	790
58	5
16	0
0	0
1337	335
0	335
1198	509
3	529
9	60
0	80
2	0
0	48
0	60
0	57
0	61
0	48
0	50
3	38
0	48
0	14
20	45
0	59
0	30
0	18
0	6
0	3
0	1
0	1
0	1
0	0
9586	157
0	0
25	155
0	0
0	0
310	32
0	32
0	0
0	0
12	3514
63	13624
3	934
14	1628
25	12016
14	0
0	3917
300	229
77	229
0	83
13	0
4326	5251
2	3287
1	943
0	3763
31	1495
14	1024
0	5382
1	5382
0	127
0	0
2	0
0	0
405	0
0	0
1	27
3920	7611
5	1598
34	7001
63	4
0	4
0	0
8062	2646
7	331
60	1026
2	489
15	201
0	331
0	0
5	480
0	0
2	635
0	0
670	1764
7	558
41	1638
16	684
0	0
0	0
10	0
2	0
0	58
0	51
3	51
0	52
0	56
0	0
0	0
0	0
88	0
0	0
0	0
0	127
87	2448
74	923
38	2448
38	959
0	1023
0	386
0	0
0	0
10	306
76	317
1	299
0	271
0	51
1	69
0	72
1	56
0	1
0	1
0	0
0	0
0	0
0	167
832	1132
0	1072
2	31
0	712
3	132
0	0
1	0
0	0
0	0
0	0
11	5667
1	1659
4	3
40	2590
0	1972
0	583
13	97
8	1093
7	5110
4	562
0	3
47	422
3	0
0	4
0	10
0	13
1	6
3	4
10	4
534	365
0	166
1	99
0	0
0	2
0	0
0	0
127	227
4	76
0	44
4	8
9	0
15	9
0	8
1	1
270	543
0	513
0	208
28	167
0	0
0	51
0	300
9	217
10	283
0	60
0	272
0	11
0	45
0	29
1	46
0	43
1	128
0	0
2	9
6	70
1	0
0	0
0	0
1	0
0	0
0	0
0	61
0	30
0	10
0	37
0	63
0	3
0	33
0	35
0	35
0	16
0	20
0	40
0	16
1	18
0	0
0	0
0	2
0	0
0	0
1	350
0	0
1376	630
0	0
11	618
13	3540
5	124
6	803
0	2488
2	122
0	2187
64	623
0	864
3	864
0	1289
1	1220
2	2888
0	0
4	204
3369	603
0	365
0	0
7	477
2	167
4	105
8	4
0	0
0	16
0	0
13	34
4	28
0	8
0	5
1	1
4801	800
16	800
0	254
271	254
0	172
1	1008
3	535
22	964
1	987
5	942
0	1008
0	938
2	29
8	280
2	181
0	32
0	19
0	0
193	3956
129	3956
18	2773
41	20
2	20
1323	6
25	170
0	0
0	1
0	1
1	0
0	0
13	8
3	8
0	0
0	0
907	388
1	49
0	87
2	381
2	267
1	695
0	695
115	6985
11	7431
2	1681
0	3272
0	3272
0	2947
0	1520
0	1027
19	82
1652	317
1	317
0	0
8880	170
33	141
1	0
0	0
0	0
0	0
0	0
0	0
0	0
0	0
0	0
6	0
0	0
0	0
0	0
0	0
0	1
0	17
0	16
0	16
0	0
0	1
892	1707
8	1611
21	58
5	412
5	1567
29	88
5	1552
1	79
0	0
0	0
3142	224
96	224
1	0
0	0
0	0
9	21
7	15
1	11
566	0
0	23
3	23
0	0
0	0
0	0
0	0
0	0
1	5581
138	5656
20	300
0	0
0	0
0	0
1	1
30	1684
11	1684
11	139
1	27
250	1434
0	1457
26	1415
0	0
1	32
1	117
266	155
8	65
1	149
158	0
201	1125
1	1092
8	1125
0	1970
15	1961
62	1964
1	0
1	0
0	0
6	391
20	391
6	907
9	930
27	873
3	93
15	91
20	35
6	42
2	0
34	187
0	187
20	1248
26	1248
4	33
27	1115
1	100
21807	102034
1078	102033
8	135
0	0
1427	0
0	0
0	0
0	0
0	0
0	0
0	0
0	0
0	0
0	0
0	0
19	336
0	0
0	0
0	0
0	0
0	0
0	0
0	2
0	2
0	0
0	0
0	0
0	0
0	0
0	0
0	0
0	0
0	0
0	0
0	0
0	0
1	439
3	443
5	29
0	0
0	0
0	0
0	0
0	0
0	0
0	0
0	0
0	0
0	0
0	0
0	0
0	0
0	0
0	0
0	0
0	0
0	0
0	0
0	0
0	0
0	0
0	0
0	0
0	0
0	0
0	0
0	0
0	0
0	0
0	5
0	5
0	2
0	2
0	0
0	0
0	0
0	0
0	0
0	0
0	0
84	107
1	0
0	104
1	0
245	17
0	15
258	1
0	0
0	0
0	1
0	1
0	0
0	0
3140	0
227	9
69	9
320	1560
0	1565
1	4
2	0
0	5
75	0
122	624
2	635
17	642
0	9
0	108
0	95
0	0
0	1
0	1
0	17
2	104
0	103
0	79
0	1
1	14
520	33
7	1
0	34
0	37
0	37
608	1287
29	1201
4	452
16	8
0	149
0	2
107	0
4	299
4	304
34	358
10	350
8	259
2	0
216	0
24	13445
646	13447
0	0
0	39
2	39
0	0
0	0
0	0
328	373
2	373
1	191
0	190
0	149
0	41
0	27
0	0
7	401
0	402
9	398
22	174
219	0
31	6
0	0
10	749
5	670
6	131
0	18
3	11
10	158
1	211
0	21
2	106
37	55
0	57
0	0
1	109
0	109
0	18
0	0
0	0
0	0
0	52
0	0
0	0
0	0
0	0
0	0
0	256
2	7543
965	6407
14	6658
0	7643
0	0
0	0
482	6267
0	5579
20	667
0	2994
0	0
0	0
0	0
46	897
21	859
0	853
1	75
3	86
6	0
36	0
0	0
12	331
564	1710
2	569
19	1355
3	641
0	796
0	77
7	146
0	273
12	51
14	253
16	253
0	0
8	0
0	1
0	2
2	2
587	0
282	0
0	38
0	96
2	99
7	99
0	15
0	8
1	19
5	9
0	7
0	2
0	0
0	912
1	258
0	56
6	0
0	891
59	617
15	0
1	866
17	5167
170	5556
7	264
62	4266
0	0
17	153
19	267
15	766
0	0
7	205
1	878
4	770
0	643
5	194
2	1409
4	1092
0	1447
0	1370
0	1367
0	119
0	97
0	110
3	345
0	0
27	345
33	197
0	0
0	0
0	12
11	14
5	24
0	7
0	22
1	728
0	728
3	270
7	230
3	75
0	40
6	144
2	283
1124	293
0	0
1	0
3	468
656	616
0	235
6	18
11	87
0	0
0	0
0	0
0	0
0	0
0	0
0	292
5003	297
0	0
0	0
0	3
0	0
0	0
0	0
0	0
0	0
0	3
0	0
0	0
0	0
0	2
0	0
0	3
0	0
56	1736
64	1734
12	82
6	424
5625	878
41	269
20	185
340	39
9	39
0	22
0	0
0	0
27	457
0	363
12	395
2	302
5	38
0	7
16	695
1247	697
454	1629
0	1002
0	916
0	951
0	948
2	339
1	158
1	288
6	756
0	152
2	91
0	1
0	0
1	1
2	997
34	997
0	696
81	679
0	178
294	19
0	19
40	0
25	1314
3	32
10	306
0	1196
0	201
21	1
0	19
0	20
0	20
92	33
0	2
0	11
0	3
0	16
0	22
0	6
0	9
3898	2281
4	856
1	427
3	444
4	937
1	966
0	0
0	11
0	11
3	1822
27	1747
132	3450
57	1823
3	366
10	774
0	518
4	90
2	1
0	1
0	0
0	0
0	1
0	1
0	0
0	0
7	0
0	7
0	22
0	22
3	21
0	6
0	7
0	1
0	1
1	187
0	76
0	18
0	179
0	445
0	421
30	404
0	444
0	445
1	434
1	38
0	53
0	77
0	92
1	70
0	90
0	90
0	85
5	0
23	126
1	110
5	14
2	102
0	86
0	73
0	1711
0	1652
0	1769
0	1824
0	1738
0	1743
0	154
0	0
0	22
5	131
1	116
0	32
0	15
4	1
128	0
0	0
0	1
0	1
0	1
0	1
70	129
1112	129
4	617
16	571
14	657
6	62
588	874
0	874
1	91
47	100
15	100
0	0
121	1261
10	584
11	581
29	622
0	29
0	0
0	0
1	801
0	1016
18	1062
11	4
0	1189
0	0
0	3
1	1016
182	1062
0	1271
0	1463
0	1790
5	1853
0	342
16	11
0	142
0	1120
0	1885
0	0
17	0
103	0
17	16
15	462
143	478
0	138
1	0
19	47
0	7381
0	7404
0	5104
12	300
0	3350
0	3365
37	6001
11	312
0	379
2	390
11	0
0	648
2	196
151	2161
0	373
1	2428
0	211
5	372
10	343
44	1979
1	141
84	1529
17	73
15	155
268	919
7	384
117	11
1	11
0	0
0	0
89	615
3	413
0	269
6	100
0	64
0	64
0	0
6552	27747
5	19267
0	0
6	196
2	231
15	40
2	220
0	17
670	0
0	0
1	0
1	0
881	329
15	5
0	5
4	186
0	193
0	0
8	27
36	1
5	1
4	0
1	43
1	173
310	173
0	0
0	39
0	137
0	137
12	125
7	20
8	26
0	0
0	0
0	1
0	8
0	0
0	0
4	0
1	0
0	0
11	35
0	32
0	11
1	2
0	1
0	7
0	6
3	3109
3	1516
45	216
15	2819
6	1431
0	18
0	18
0	18
2	5
0	18
0	3
1090	377
3	382
4	139
0	45
0	0
0	0
3	0
0	0
0	0
0	0
29	4422
395	4431
1	1062
0	103
0	1308
2	0
0	0
4	130
0	0
0	0
0	0
7	481
830	37
627	187
0	0
0	0
1	187
46	105
0	105
0	0
44	37
0	0
0	33
0	0
18	859
4	855
2	23
0	1045
24	1021
0	135
0	30
4	139
0	129
0	116
2	0
8	15
0	0
0	3
0	3
0	0
0	0
0	363
5	389
9	217
0	142
0	32
7	10
1	0
0	0
0	0
1426	945
0	352
19	83
0	334
7	311
0	50
12	91
0	0
39	583
1	583
21	26
0	20
0	1
0	2
0	4
0	1
3	0
0	0
0	0
0	0
0	0
1	0
264	0
28	556
159	326
275	410
1	0
0	17
21	17
16	287
37	287
12	47
1	63
6	52
1	43
0	1161
86	1255
0	176
312	531
0	0
0	0
0	0
0	0
0	0
0	0
0	14
0	1
0	14
0	0
0	5
0	5
0	0
0	5
0	0
0	0
0	0
0	0
0	0
0	0
0	0
0	0
0	0
0	0
0	0
0	0
0	0
0	0
8	287
0	65
0	64
0	306
152	313
0	0
0	0
12	6
5	289
1	313
0	79
1	260
0	47
0	33
3	0
424	47
3	0
0	0
0	0
0	0
0	0
0	0
0	0
39	876
4	876
0	318
1	48
41	4
44	4
0	7
9	8
0	6
0	0
363	334
24	167
33	93
6	187
0	38
2	43
0	0
0	0
0	0
5	0
0	1248
0	1225
0	0
0	0
5	83
104	104
2	10
0	0
0	98
0	52
0	49
0	51
1	51
0	1
0	3
140	0
0	0
0	0
0	0
0	0
1	0
1	1081
0	6
0	65
0	1035
6	208
0	1073
0	6
0	27
0	281
757	1521
26	825
1	1077
0	1137
8	663
0	423
0	0
1999	13945
24	7090
1	4006
1	13946
27	8896
5	17
0	0
0	0
0	0
0	0
0	0
3	127
4	127
0	9
0	8
0	6
6	19
0	262
1	69
105	232
3	116
9	406
81	548
1	435
2	355
0	355
0	186
0	189
124	1840
6	1330
1	701
0	301
0	0
4	36
0	70
0	0
8	485
1	847
16	134
1	766
2	807
0	846
0	65
0	32
2	85
0	113
0	69
1	40
0	90
14	1166
1	1324
4	175
3	166
8	180
0	69
4	161
2	88
35	0
616	0
17	149
3	139
0	79
0	67
0	36
0	30
1	20
0	6
5	0
0	0
0	0
315	41
39	53
21	7
21	33
11	26
11	312
5	437
0	55
0	437
0	267
1	408
5	0
2	0
2	0
0	0
0	0
0	0
0	0
0	0
2	0
1	7
0	7
0	2
0	1
0	0
0	0
0	0
0	0
0	0
0	0
0	32
0	399
28	399
0	7
0	17
5	28
3	0
0	23
1	51
1	28
67	635
1	656
1	304
0	453
8	22
1	15
1	15
0	0
0	3
28	43
0	43
0	2
20	791
1	1114
105	3780
8	539
0	3129
0	3008
18	45
51	0
4	14
0	142
0	104
84	76
43	34
127	100
66	103
6	27
204	561
2	568
8	528
66	0
760	42
0	0
8	35
0	19
2	19
12	0
1	0
0	0
0	4
0	0
1	0
17	0
3	145
95	279
4	134
0	682
0	710
0	710
66	340
0	667
1	32
1	48
1	44
0	4
0	17
0	9
1	0
0	0
1	29
8	16
1	22
0	0
0	0
1045	710
0	0
0	25
7	194
4	211
5	203
0	77
1	0
253	926
0	570
6	753
9	340
2	249
5	333
2	316
0	152
6	111
18	39
0	0
80	155
0	89
1	140
2825	21251
3	21312
331	15875
3	3152
2	823
14	1289
0	12
3	9434
161	0
0	2835
15	2727
0	629
2	2192
3	1470
0	825
30	615
179	1865
6	607
1	1863
2	612
0	435
4	7
12	30
2	6
10	316
0	16
81	500
10	724
6	623
0	556
0	251
7	80
19	80
50	57
1	10
0	0
397	3668
0	3668
4	125
2	137
0	0
0	0
3	928
625	963
0	155
0	86
1	18
0	5
1	556
387	95
5	79
5	34
0	21
0	100
20	100
867	0
0	0
0	0
0	0
4	485
25	485
0	61
0	21
35	613
111	744
4	136
4	521
1	397
1	546
0	152
37	554
20	549
116	568
1	535
0	59
24	289
3	183
5	0
1	593
0	593
0	67
17	67
0	0
5	17
3	4
0	63
0	69
0	80
0	82
1	88
1	86
0	76
0	25
1	4
0	42
0	1186
0	1186
0	1228
116	1228
29	204
1	61
1	949
5	344
4	59
1	185
0	184
2	134
0	497
13	531
21	530
2	128
6	19
148	11206
6	11206
34	11183
10	11209
800	11290
13	11279
1	11257
0	11184
3	6976
0	6472
0	6418
22	1975
1	2896
7	61
0	58
0	61
0	19
0	34
18	485
0	539
5	291
0	86
0	60
0	146
0	26
0	88
0	0
162	7061
130	1361
0	4508
3629	7424
18	2222
1	482
0	796
17	701
0	207
3	104
0	262
0	133
0	269
1	151
6	48
0	0
303	662
0	294
5	242
4	85
0	361
1409	4483
1	3749
9	3801
3	0
28	1307
23	1136
17	41
0	1096
0	265
0	66
0	22
1	1234
3	1234
2	346
0	379
0	379
4	119
5	63
5	39
6	12
8	3395
2	433
0	2855
9	372
0	0
0	751
3	668
0	454
0	92
2	88
0	113
0	18
0	0
8	111
1	116
1	31
0	20
82	29
0	7
1	7
0	4
1	87
0	81
0	99
0	24
0	28
0	17
0	25
0	15
0	1
0	2
0	2
0	2
0	2
0	2
0	0
0	0
0	0
0	0
0	0
13	80
1	5
2	77
0	4
0	63
0	14
0	31
1	22
0	31
0	2
0	1
0	4
0	5
0	0
0	10
0	115
0	110
0	21
2	92
7	108
0	20
2	94
0	4
0	26
6	21
0	34
199	22
0	20
0	2
0	17
70	2
0	2
1	0
0	0
0	0
0	0
3	76
0	87
5	92
0	112
0	181
0	199
1	131
5	575
1	99
0	659
0	88
0	27
0	47
0	91
0	64
6	55
9	349
8	481
1	344
241	333
80	333
27	2
0	2
0	1
0	1
794	81
1	81
1	8
584	72
1	72
0	0
0	0
3	0
0	215
0	232
1	152
6	261
2	32
0	15
0	97
1	180
0	82
0	50
0	70
0	0
0	44
0	35
137	265
12	266
153	859
6	604
2	667
2	62
2	65
0	0
0	3
14	43
0	49
17	1
0	1
0	1
2	0
0	0
0	0
0	0
45	389
1612	1728
33	521
349	860
0	0
0	0
1	15
37	602
1	602
39	172
2	83
2	37
2	46
0	2023
0	1959
3	1973
0	1969
0	1700
0	330
0	1694
0	144
0	48
7	92
10	39
6	105
2	105
0	0
0	0
0	0
0	0
0	0
0	0
2	0
0	0
0	0
0	0
0	0
2	0
1342	1478
9	650
8	744
6	281
7	176
0	28
3	1038
7	1176
0	266
3	852
5	193
73	60
1	342
0	31
0	24
1985	10632
10	7724
358	2765
0	5110
4	0
0	362
17	1136
1	1185
0	108
2	121
0	1174
0	266
2	205
395	652
3	389
8	365
3	236
0	513
0	530
0	523
1	533
0	534
3	565
0	572
15	482
5	28
0	14
0	15
0	15
0	15
0	11
25	2981
0	11196
286	10789
29	10276
19	11137
0	0
44	0
0	0
0	0
143	0
14	10
0	10
363	1368
15	1268
19	287
15	1197
0	1218
1	1053
0	896
0	963
19	0
4	1
0	1
0	2006
1	2352
28	306
2	2191
1	2385
12	1339
0	374
0	36
0	46
0	59
19	107
10	1469
0	248
7	70
0	243
60	193
0	21
0	66
8	46
18	63
0	107
0	72
0	38
0	55
0	105
14	92
3	9
4	54
565	1118
2	1016
24	104
748	726
0	348
0	563
0	402
63	29
0	50
0	36
0	145
0	0
37	140
2	512
583	1155
6	1054
2	267
176	108
0	350
0	66
2	25
1	409
535	460
0	21
0	80
0	54
0	94
13	94
0	0
0	0
0	20
3	20
18	458
14	278
0	283
0	395
0	218
0	0
0	64
1	64
0	0
0	0
0	0
0	0
0	0
0	0
0	0
0	0
0	0
0	0
0	0
0	0
0	0
0	7
0	43
2	43
1	9
0	44
0	7
0	0
0	0
0	0
0	2
1	2
3	22
211	45
8	33
1	31
2	40
0	177
3	180
0	7
3	12
13	27
0	0
5	477
1	461
0	474
28	474
0	484
1	51
5	96
0	51
0	33
2351	297
10	297
167	41
7	41
9	3
5	3
1	1
0	1
0	1
0	1
0	0
0	0
0	0
0	0
0	0
1	84
63	134
0	115
13	26
23	45
0	0
0	0
0	3
0	3
0	3
0	0
1	72
0	72
0	7
0	0
236	473
17	203
0	436
0	3734
2	3629
10	3051
14	536
13	71
0	438
11	53
1	148
380	516
2	418
1	164
0	152
0	52
0	24
7	6
2	7
0	7
1	180
0	1751
7	1657
7	480
0	0
0	0
57	288
4	5057
35	5191
0	2452
15	25
1	90
16	224
7	215
0	7
25	15
11	1732
0	6319
0	6420
118	6394
0	0
20	56
0	310
0	0
28	935
88	168
63	1447
0	0
25	13854
0	13909
0	14047
0	13458
0	13320
9	94
63	365
13	68
0	27
0	50
0	0
2	0
2	179
3	181
0	35
1674	140
30	136
74	134
2	121
30	121
394	0
11	7
0	6
0	7
870	429
0	429
640	3786
9	350
36	3783
0	3219
7	511
5	496
4	48
3	36
0	3
0	309
39	309
0	0
0	20
0	4
0	19
0	3
0	0
447	0
16	393
0	351
0	146
68	48
0	110
3	83
3	3
0	3
0	0
0	0
0	0
0	0
0	0
0	0
0	0
0	0
0	0
0	0
0	0
0	0
0	0
0	0
0	0
0	0
0	0
0	0
0	0
0	0
0	0
0	0
0	0
0	0
0	0
0	0
0	0
0	0
0	0
0	0
0	0
0	0
0	0
0	0
0	0
0	0
0	0
0	6
0	0
0	0
0	0
0	0
0	0
0	0
0	0
0	0
0	0
0	0
0	0
0	0
0	0
0	0
0	0
0	0
0	0
0	0
0	0
0	0
0	0
0	0
0	0
0	0
0	0
0	0
0	0
0	0
0	0
0	0
0	0
0	0
0	0
0	0
0	0
0	0
0	0
0	0
0	0
0	0
0	0
0	0
1	11
0	0
0	0
0	0
0	0
0	0
0	0
0	0
0	0
0	0
0	0
0	0
0	0
0	0
0	0
0	0
0	0
0	0
0	0
0	0
0	0
0	0
0	0
0	0
0	0
0	0
0	0
0	0
0	0
0	0
0	0
0	0
1	0
0	0
0	0
0	0
0	0
4	2980
1	2403
0	2975
3	2903
27	106
2	2
0	0
28	0
2	25
1	3579
97	4618
65	4406
7	250
0	179
115	8603
52	9307
75	9069
0	8994
0	743
0	0
0	0
1	655
566	654
3	1
4	561
4	49
0	164
416	69
0	33
0	35
18	585
18	585
15	76
3	38
0	29
0	0
0	1285
844	2140
4	978
2	1795
19	83
0	348
3	262
0	0
0	0
5	455
0	319
0	429
4	401
0	379
0	99
0	77
0	56
0	82
0	69
699	957
0	957
0	0
27	4
0	0
0	160
0	0
2	6
2	10
2	9
1	54
8	287
6	287
4	0
0	0
0	0
660	526
48	768
7	649
1	353
0	100
0	78
0	186
536	0
34	2944
1	2806
1	1605
0	447
0	0
0	6
175	77
4	39
1	26
1	12
7	154
0	96
0	70
0	34
0	7
0	49
0	39
0	5
0	0
0	0
0	64
0	65
2	27
0	20
54	1218
0	1218
1	600
0	79
658	29
14	29
4	69
0	0
15	198
135	146
72	55
40	12936
6	12748
0	4848
1	860
41	196
2	196
0	120
0	99
0	112
12	0
0	33
4	428
3	748
8	66
0	763
2	55
0	17
0	0
2	64
23	11
1	35
0	26
430	4537
0	4533
0	3488
21	294
1	2428
0	0
7	119
0	379
6	756
18	663
37	65
0	685
5	111
4	27
0	72
15	6735
132	6740
3	6735
51	6790
1	3377
0	25
4	560
1	718
1	811
8	309
141	8456
1	640
438	8225
28	1248
3	1171
2685	2316
5	1422
6	1977
1	846
14	1446
52	0
0	0
0	0
74	63
0	63
0	0
20	19
3	19
0	15
35	0
3942	10
3	1827
0	1302
0	1603
15	474
0	641
0	1054
3	1293
0	210
0	268
4	1282
0	437
4	220
0	175
0	113
0	149
0	0
7	59
71	49
0	405
201	4
164	1555
11	60
0	1402
24	768
0	2038
2	0
2	0
72	1896
2	1499
9	1476
0	782
0	506
0	76
0	216
88	177
3	91
0	86
836	31
6	29
2	316
440	360
6	50
1	39
1	4862
32	4862
372	4868
0	4829
5	4251
10	2481
7	312
1	367
15	990
0	371
1	242
0	97
22	99
0	0
3	77
0	0
34	0
2033	147
0	145
19532	405
4	200
3	205
3	107
0	24
0	107
0	38
2	183
512	1644
6	232
40	906
0	569
1	1258
0	444
0	266
3	4
0	0
0	147
0	147
0	0
7	19
8	12
583	31
0	16
0	0
4	18
0	0
11	73
0	5
0	67
7	52
0	22
0	35
0	2
0	0
0	12
1395	1263
0	0
61	2550
148	30
10	87
4	1244
69	285
30	0
4	9
0	0
0	9
0	10
0	9
0	10
19	156
0	212
0	114
1	214
2	64
0	22
5	1322
69	1322
0	248
2	240
19	193
3	89
66	54
4	34
0	10
0	29
2	0
78	1
0	0
1	0
0	1
3	9689
154	9691
0	0
0	0
0	0
0	0
2252	2773
0	2763
4	260
0	44
0	0
0	0
1	0
1	5689
75	702
31	17
0	5538
0	5773
0	5754
0	5720
3	4927
0	4928
0	4587
2	0
12	4746
8	0
0	4265
4	4958
0	4056
0	4106
0	4678
0	28
0	67
39	99
1	289
0	89
21	256
2	291
10	4
1	2
0	2
0	0
0	23
0	22
0	0
0	22
0	15
0	0
0	22
0	2
0	2
6	650
186	820
0	132
11	42
0	57
0	94
1	10
2	75
7	0
9	316
0	275
1	303
0	13
66	1200
0	1215
0	1209
4	1140
0	1173
0	0
0	0
0	0
51	489
11	489
2	82
3	291
4	207
4	290
0	0
138	1749
150	1749
9	487
0	345
16	337
2	116
0	251
4	8
1	4
19	70
0	22
33	117
1	5
0	35
58	181
0	188
0	32
6	33
0	0
2	27
6	14047
17	3277
3091	14193
0	0
0	0
0	0
3	254
0	111
6	273
0	242
0	48
0	32
7	29
1	149
0	5
0	5
0	5
0	3
3	5
0	3
1795	2166
7	2166
466	1143
5	826
1	623
20	82
8942	4152
8	112
9	674
20	790
2	847
0	0
0	996
1	668
0	0
0	4
0	5
2	1
0	1
0	0
1	0
6	6
420	736
4	522
10	465
5	57
0	41
10	27
0	35
5	27
76	931
3	43
0	933
0	268
0	60
3	297
1643	0
0	772
3	45
0	617
1	429
0	510
2	12
0	309
13	0
0	0
253	0
0	0
391	319
0	187
1	208
0	16
0	13
0	20
0	2
0	4
1	11
4	15
1	9
0	1
0	0
0	0
191	370
15	283
3	81
7	72
701	860
17	0
3	860
4	96
7	203
26	0
61	3424
81	3424
405	704
0	417
16	529
0	574
0	399
2255	46
0	0
0	0
1006	402
0	136
5	114
0	0
5	45
43	211
0	0
528	0
0	0
0	0
480	39
1	33
3	7
159	569
0	98
2	569
126	1878
124	1958
0	1141
5	47
12	1285
0	1208
41	6
0	0
12	391
6	250
1	91
5	22
0	0
152	1989
84	1356
4	697
6	351
29	428
0	357
44	379
3	0
0	0
0	0
9	4
0	2074
28	3949
363	4283
46	778
0	0
0	432
0	406
0	0
0	0
17	0
0	83
0	84
0	57
1	115
2	102
1	18
0	1
0	3
14	885
54	1282
959	55
0	0
0	0
0	0
0	0
48	55
0	0
0	0
1	0
0	0
0	0
18	20
0	20
0	0
0	0
0	0
1	0
0	0
1	1300
697	1357
0	328
2	172
15	3585
18	3679
16	14
4	257
0	161
0	341
3	523
3	572
0	214
0	218
2	234
17	21
4	66
13	47
0	854
7	838
0	533
0	10
0	119
40	222
11	103
111	44
0	44
0	0
206	6
2	6
0	1674
3	1691
61	1674
57	804
13	1616
4	353
0	1071
14	705
6	87
0	73
1	459
111	12
7	2
1	10
0	663
12	684
0	30
1	75
5	4837
0	4300
0	4300
0	5586
102	2254
0	3319
2	1322
384	1921
37	128
38	1668
111	2020
14	1763
0	253
0	383
0	163
0	694
0	448
4	337
0	478
0	575
2	281
5	500
0	289
50	6
0	6
2762	4549
7	0
0	4549
26	2248
1999	0
0	0
0	0
0	0
0	0
10	8
0	8
0	0
0	0
0	0
0	0
0	0
0	0
0	0
0	0
0	0
0	0
14	37
0	37
42	0
109	0
6	10
0	10
92	0
0	2
0	1
0	1
0	0
0	40
1	40
0	2
0	4
0	0
0	0
4	0
1	0
0	0
0	0
0	0
534	0
17	14
20	14
0	1670
2	1923
19	782
1	1152
1	1412
0	1425
0	571
0	560
0	1936
0	225
0	147
1	183
28	994
3	991
24	999
7	1013
0	366
1	186
3	73
11	602
3	669
0	274
1	298
0	273
0	326
5	0
43	171
0	19
0	52
13	14
10	5
0	51
0	90
0	13
0	13
0	13
1	0
0	0
0	3
0	0
1	0
4	148
350	397
0	397
0	0
0	0
11	0
1140	1676
0	1726
47	901
0	0
0	131
0	137
0	175
0	161
1	87
0	42
7	75
18	109
0	107
0	0
0	1
451	0
1	0
0	0
45	0
0	0
0	0
0	0
0	0
0	0
157	3631
25	3449
30	1481
1	31
3	30
2	28
1	43
7	70
55	88
0	1
0	44
0	20
8	10
1	3
0	4247
0	0
0	12
0	12
4	3
0	1
8	9
0	0
1	176
0	174
5	174
2	174
0	13
0	9
0	9
2	677
3075	4943
52	2467
15	4143
181	4786
10	23
3	3731
0	0
0	8
0	24
0	25
0	24
0	3
0	3
1	0
2	0
249	464
9	446
2	491
1	228
3	67
2	395
25	613
23	11
1	289
1	218
0	0
0	0
6	0
1	0
724	129
0	129
2	0
0	0
2189	4409
1	4245
5	162
0	0
0	0
5	0
10	0
0	0
0	0
0	0
2	0
0	0
283	0
2636	2471
4	2471
15	1075
5	0
128	810
7	810
0	0
6	29
0	0
0	45
0	0
16	0
0	0
7	57
6	236
0	228
1	57
1	164
1435	86
2	86
22	1128
508	1254
0	1214
41	1270
2	131
0	168
4	35
2	440
2	35
8	246
0	254
0	253
0	153
0	49
234	87
0	30
1	72
0	8
6	11
0	193
3	0
28	0
13	6843
71	776
32	96
17	717
0	95
5	0
0	6830
12	379
8	909
0	426
6	41
19	710
0	0
0	0
0	0
0	0
0	0
0	0
0	0
0	0
0	0
311	2
2	2
0	0
319	133
60	133
0	0
0	2645
0	2689
2	2683
14	2376
16	2215
0	1939
33	304
0	382
0	93
3	23
3	170
0	125
67	17
32	197
4	197
44	710
2	13
24	639
1	3
0	667
35	93
0	689
0	0
94	152
2	104
0	70
0	43
3	0
0	17
425	1514
2	15
0	620
0	353
2	898
803	1160
0	993
0	105
6	131
0	65
0	4
1	0
0	16
0	0
0	10
2	10
0	0
0	0
0	0
0	0
3189	2
0	1
0	0
16	0
0	0
467	76
4	76
7	342
3	688
13	696
3	23
0	620
0	582
0	531
0	79
4	0
0	0
0	289
0	323
3	28
0	125
1	0
0	0
0	0
1	0
1	0
0	2
0	2
0	2
5	23
0	43
0	2
275	0
0	0
0	62
1	62
3	61
1	0
587	23
0	0
3	13
1	23
2204	364
0	364
416	1475
13	1386
0	149
0	136
32	547
14	10
0	129
0	129
5	66
0	2
0	18
5829	404
0	149
3	273
3	127
0	0
0	0
0	0
964	490
8	490
4	0
945	1274
8	1293
0	227
0	34
87	397
13	53
23	133
0	155
0	152
0	147
0	160
0	37
3157	2973
0	0
2	2512
1054	2111
3	357
49	684
33	36
4	212
2	245
0	113
85	669
0	669
767	30930
2	30930
5	3483
0	305
63	1379
0	1369
1089	433
0	219
1	102
0	167
990	81
0	79
0	0
3205	2
0	0
469	180
0	180
0	0
284	2
376	139
1	131
0	0
3	85
0	2
0	2
1001	558
2	192
12	271
2	221
115	10
2	10
0	0
0	0
4	65
0	65
0	35
0	21
11	11
0	4058
0	4057
0	0
0	2422
0	2493
0	0
0	2422
0	2493
0	2422
0	2492
0	0
0	2422
0	2492
0	7
0	3
1	5
0	264
0	0
0	1
0	266
0	80
0	219
0	202
0	55
0	236
0	22
0	105
1	265
0	208
0	225
0	52
0	231
0	73
1	61
0	58
0	58
8	2150
0	2011
2	69
0	26
3	1793
14	156
6	0
1232	937
0	600
0	3282
0	3097
4	1589
0	0
14	2627
53	10
0	10
6	150
0	109
0	79
165	584
7	585
3	586
7	0
0	0
0	0
0	49
0	49
2	4
0	3
0	15
2	24
1	13
0	1
0	0
0	0
0	0
0	0
0	0
0	0
1	0
0	0
0	0
843	110
0	9
1	101
65	102
0	78
7	60
2	16
1	27
0	1
0	1
0	0
0	0
0	0
0	0
0	0
0	0
0	0
0	0
0	0
0	0
0	0
0	0
0	0
0	658
4	658
65	706
1	143
0	0
1924	11666
151	11047
17	1146
1	3625
15	2232
0	175
6	2972
2	0
0	0
0	0
531	1755
11	1755
5	0
18	325
16	117
3	320
0	2
1	11
0	57
20	1346
6	1285
4	324
0	211
0	510
0	0
0	0
0	0
3739	1776
62	1750
0	0
0	0
28	383
2	0
96	436
1	213
5	231
13	231
21	1
9	1
0	0
0	0
0	2616
0	2491
70	2615
0	1904
10	325
0	237
0	0
0	0
0	0
1311	0
0	1
0	1
0	0
0	332
1	1
0	331
2	47
23	0
8	701
42	2669
0	2669
121	478
0	478
5	308
0	0
0	0
0	0
0	0
0	0
0	0
0	0
0	0
0	0
29	0
0	0
0	4
0	4
0	2
0	2
0	1
0	1
0	0
0	0
597	0
123	0
0	0
0	0
0	24
0	0
4	37
0	114
0	103
7	165
447	162
20	17
0	15
0	16
0	3
0	3
0	0
143	123
11	17
3	0
0	120
2	1
4	66
10	59
0	8
0	4
126	108
8	108
53	1938
0	1200
1	1564
3	1780
3	57
49	78
5	364
0	4
0	0
0	0
0	0
0	0
0	0
0	0
0	0
0	0
0	0
0	0
0	0
0	0
0	1
0	1
0	1
0	1
0	0
0	1
0	0
0	1
0	0
112	1125
7	1125
5	90
8	1013
16	160
0	93
1	59
2	117
7	613
2	1004
11	377
0	364
4	7
4	261
74	253
1	141
65	27
1340	4521
93	4516
14	5467
1684	1238
4	896
4	568
3	127
58	397
17	4649
1	2423
2	1504
2	1151
1	18
0	4096
1	4096
0	4262
1	3959
19	638
28	3622
0	4
1	4
1	1
1757	8
73	0
0	0
16	5
0	5
457	1993
2	927
125	2045
2	2670
68	2734
0	95
1	1462
13	194
0	184
2	286
778	1064
2	750
5	636
6	129
3	451
102	4268
43	4268
0	260
7	300
0	1260
7	360
0	112
0	114
0	111
0	114
0	111
0	111
0	111
0	114
0	111
0	114
0	107
0	11
0	4
1	0
0	1
0	58
0	4
0	4
0	0
0	1
0	1
431	430
0	430
10	189
0	37
0	10
0	34
1	87
0	96
4	92
0	0
0	21
3	153
0	153
2	12
0	9
450	261
0	101
15	0
4	8
0	151
0	0
6588	1262
9	1262
139	86
0	33
0	43
0	25
318	449
0	437
1	56
6	184
144	386
0	366
0	25
7	34
0	65
2	2
1	0
0	0
0	9
0	9
39	0
0	0
0	0
0	0
0	0
0	0
0	0
0	0
0	0
0	0
10189	314
0	142
5	5
1	161
0	0
1	22
0	7
0	22
0	17
0	0
0	1
973	1826
0	173
21	1795
102	35
0	23
0	22
107	76
0	16
0	0
0	60
2	34
0	0
12	4834
43	5350
6	5152
5	507
9	402
0	491
69	0
0	4
4	4
6	0
0	0
0	0
1	0
0	2413
0	2281
0	2103
0	2504
0	2372
20	548
1	261
0	90
33	31
3	87
2	0
4	0
0	0
178	37
0	30
1	31
0	0
0	29
0	4
0	0
276	1884
1	162
10	1900
24	261
5	166
8	2747
1	172
71	2806
1	167
0	0
0	255
32	0
206	0
0	0
1112	3058
1	713
8	91
0	1794
3	729
0	1
0	1
1	0
1659	1647
15	710
6	1185
0	1007
0	0
3	24
0	59
44	130
0	14
0	130
3	46
2	3
3	53
0	63
3	66
2	63
8	69
3	61
0	64
2	0
17	0
4397	0
0	0
2	0
0	0
38	3
0	0
0	0
0	3
0	3
0	0
0	0
0	0
0	0
0	0
0	1
109	884
3	172
3	404
8	700
41	244
0	200
4201	0
264	5537
34	5531
10	5290
400	5273
0	0
1	37
0	13
30	224
15	224
19	0
8689	2
0	0
3	0
1	102
149	149
485	293
1	0
94	189
0	0
19	453
0	453
0	4
0	3
0	4
16	0
0	0
33	0
8	14
0	0
0	14
1	15
2	15
0	0
33	0
33	25
0	1
0	0
0	0
8	0
3	25
13	0
6	21
24	21
0	0
0	0
0	6
0	0
0	19
5	16
0	2
1	11
0	19
1	6
0	6
0	2
0	3
0	5
0	0
33	813
32	782
0	213
22	53
8	36
39	12
42	774
1371	821
147	774
10	301
0	594
0	1
0	4367
0	4372
0	5684
89	5654
0	5305
1	2675
0	4580
0	842
0	341
2	147
6	0
0	464
17	6
47	148
0	13
0	0
0	26
0	108
1	0
0	0
0	0
0	0
2	880
1	786
5	213
15	83
2	205
0	173
0	150
0	156
0	136
2	89
3	101
32	40
4	0
23	154
130	3628
401	3556
157	3379
75	2080
18	1115
102	1189
4	122
156	113
3	79
1	74
6	162
0	161
0	127
4	111
6	111
8	0
50	312
1	78
4	296
4	99
4	0
0	1
1041	493
0	493
11	0
53	586
0	15
1	575
2	14
40	107
0	0
0	113
0	0
5	0
0	0
0	65
0	63
0	68
0	36
1	26
0	0
0	9
11614	1353
0	0
18	996
44	349
0	1385
0	2090
791	2417
4	207
3	1627
0	2211
1	100
10	467
5	381
6	52
3	49
8	345
0	298
1	676
7	137
0	187
3	149
13	97
0	2
2	0
1200	168
0	168
0	0
85	2
0	2
4	1322
0	1322
1	19
31	540
0	0
7	540
1	439
0	0
0	207
0	17
0	19
0	19
0	7
0	8
0	8
0	7
0	0
0	4
0	0
0	0
0	0
0	0
0	0
78	0
11	0
0	0
35	2572
0	1393
0	2558
0	128
0	105
0	153
0	0
3	772
0	772
523	772
0	0
0	133
0	133
0	44
2	103
1	103
6	10
4	0
1877	1318
51	854
9	443
790	61
0	61
0	0
0	0
11	432
117	556
4	67
4	77
0	30
1	0
4317	14389
3	14406
32	3377
0	0
30	1349
2	289
18	0
0	228
7458	1878
23	484
0	563
0	524
0	439
0	196
0	9
37	775
6	200
0	1219
0	1
5	96
0	131
10	552
5	236
2	13
1	16
0	15
0	13
1	2
6	2
2	0
6	26
0	25
8	5
0	0
0	0
0	1
47	3
4	3
51	70
0	70
3	44
0	53
0	53
3	23
0	7
2	0
2	22907
1036	23441
11	636
0	1
8	1
0	1
0	0
1159	325
0	58
152	268
0	38
9	58
1	39
0	47
3	0
2	1177
636	2634
7	164
1	2081
3	110
0	73
16	390
2	3
134	2379
125	1993
31	2345
89	133
0	0
143	428
0	0
10	21
0	0
1	0
0	0
1181	3030
37	3029
1	3030
1	0
4	2863
2	1508
4	1008
2	334
36	1685
2	514
39	1470
1	329
4	426
42	202
30	137
3	0
0	0
0	0
0	417
25	521
1	222
2	99
0	40
387	3063
7	3063
0	0
0	95
1038	0
52	0
2	202
17	1957
16	1817
7	1785
11	222
20	338
52	6
1	2
0	1
4	2
10	2
0	1
0	1
0	1
0	1
0	1
0	0
923	0
0	0
9	926
0	0
0	0
1	7
0	4
0	5
0	0
0	4
0	0
1	1
832	4
1079	1779
33	1077
14	1600
1	0
0	410
1	198
2	0
59	1212
0	1348
0	66
0	1054
0	1133
3	9
0	56
33	763
1	134
0	0
0	54
0	79
1	75
0	0
0	41
2	14
20	198
180	609
104	601
0	114
3	40
4	460
413	48
7	48
581	1253
350	775
0	1213
2	10
5	10
0	555
0	105
0	209
2	8
0	1132
0	1132
4	0
0	135
360	441
6	48
0	393
2	36
923	60
7	50
0	0
0	1
2	638
6	569
1	548
1	79
1	465
14	468
2	533
0	0
0	530
0	7
0	0
91	487
3	0
11854	3818
107	1289
251	1009
0	0
3	281
9	1250
152	230
0	0
27	749
5501	3757
0	654
6	37
0	3527
1	3006
0	2917
2732	928
0	365
0	343
1	384
54	0
1763	1527
1	630
6	507
22	239
1	5
83	27
3	12
1	12
0	4
0	0
0	0
0	0
0	0
0	0
6	0
0	0
10	32
1	32
3	0
4	0
0	0
0	0
0	0
0	0
13217	4
2803	0
1	3
0	3
0	0
0	0
1	0
0	0
0	0
0	0
0	0
0	0
0	0
0	0
0	0
0	0
0	0
0	0
0	0
0	0
0	0
0	0
0	0
0	0
0	0
0	0
0	0
0	0
0	0
0	0
0	0
0	0
0	0
0	0
0	0
0	0
0	0
0	0
0	0
0	0
0	0
0	0
0	0
0	0
0	0
0	0
0	0
0	0
0	0
0	0
0	0
0	0
0	0
0	0
0	0
0	0
19	41
0	0
0	0
0	0
0	0
0	0
0	0
0	0
0	0
0	1
0	0
5	0
14	1
0	1
0	0
0	0
0	1
0	1
4	6
1	6
971	0
6	0
316	89
0	0
0	89
22	14
0	14
24569	41974
3	36792
79	6015
0	0
1	500
225	501
0	4
0	4
14	5
240	0
0	0
0	0
1	0
9	0
1152	1933
51	98
33	390
88	1348
5	1112
0	0
98	189
14	189
0	58
0	21
0	0
0	50
15	274
56	2490
77	9742
0	516
2	6937
15	43
3	387
32	1682
0	1274
8	1217
0	0
282	19
0	19
101	389
0	264
0	100
1	51
0	202
0	202
0	121
4	423
0	374
0	412
2	55
0	64
0	27
0	33
2	29
11	29
0	3
0	3
0	0
820	0
373	15187
0	15370
0	14724
6	925
0	0
14	1596
35	277
5	5971
1	15
2	15
0	15
0	3
0	0
0	0
109	1336
0	38
1	1338
6	425
0	1711
18	1952
23	584
15	604
0	855
55	1468
0	1345
0	1811
0	1344
13	1134
0	1604
6	1738
1	1434
15	518
4	1425
16	176
7	196
0	593
0	690
60	284
10	398
1	382
7	983
0	585
794	1043
14	65
2	515
3	367
3	0
0	0
0	1
0	1
0	0
11	0
87	108
5	14
0	19
0	49
2	10
1	59
5	964
11	920
2	1064
0	1036
0	0
0	0
458	4335
12	4335
0	513
1	78
0	0
0	0
0	0
0	0
255	56
1	36
0	18
0	0
11	874
9	892
1	85
1	479
0	2
0	479
4	52
0	456
16	109
3	23
59	8336
7	8769
14	948
25	5607
0	4507
16	450
0	424
14	283
0	967
0	82
35	51
4	761
16	8
0	202
4235	472
2	468
20	369
131	1154
49	1481
1	1973
0	1957
0	112
0	1917
1	75
0	0
0	253
3	58
539	344
0	248
0	214
3	0
38	935
0	278
44	935
16	183
147	3172
19	2913
0	1122
1	902
78	3196
8	56
1	975
6	141
10	140
0	76
2	60
0	2736
0	2742
22	2924
0	993
0	352
579	114
1	104
0	0
32	11
0	258
0	568
4	684
0	681
5	24
15	94
1	5
73	0
150	5
3	1454
0	1454
17	0
0	110
39	557
0	48
0	142
6	19
3	1
19	172
3	32
3	1068
4	123
2	133
1	2
1	136
0	59
11	365
0	1045
3	869
0	134
9	633
0	401
0	267
7	256
0	290
0	228
0	0
0	26
0	31
1579	339
0	339
0	11
56	11
91	4214
4	0
77	3633
0	4038
4	3526
0	2053
0	2111
26	346
0	22
1	335
0	820
0	1398
0	806
0	392
0	498
0	138
0	313
4	139
0	0
3	324
1319	1059
0	521
3	116
5	626
13	66
0	66
344	137
0	137
0	0
0	0
0	0
0	0
0	0
0	0
0	0
14	820
5	819
0	831
2	266
20	150
7	21
6	13
3	49
8	50
0	0
1	32
4	5
0	21
623	0
299	8924
32	3075
220	8329
0	1300
29	1297
311	613
15	387
41	435
0	0
1860	0
0	70
0	16
7	66
0	3
729	477
11	66
5	31
1	40
0	82
0	269
0	25
13	7249
0	62
0	7471
102	7206
7	7097
27	7043
0	155
0	6689
1	55
1	6
3	5147
0	4897
0	0
26	320
5	503
21	5235
2	397
0	56
6	493
8	390
4	251
0	342
2	339
2	65
1	92
7	89
10	84
0	0
0	0
133	8326
0	0
0	0
0	83
0	10234
119	240
6	120
0	175
0	98
0	10234
7	10233
0	10234
182	0
4	111
289	1494
3	64
0	1432
3	122
0	477
1	498
0	518
7	171
1	127
3	67
1	78
0	71
0	28
0	61
0	57
5	6
99	0
0	0
1	3
0	0
0	0
2	0
0	1517
1	1569
0	1565
0	1565
7	49
6	32
1	79
0	0
0	0
0	0
2	160
21	161
0	165
0	160
22	0
10	26
13	20
4	9
0	1
0	0
0	18
2	75
1	75
0	75
17	114
0	112
0	22
5	3
0	1
0	1
29	127
58	127
1	1048
345	1002
0	796
0	723
0	0
10	8
3	8
0	0
0	10
0	8
383	69
2	69
0	4
0	1008
87	1222
0	153
0	176
0	70
4	796
0	847
5	155
0	203
5	274
0	147
1	196
3	971
2	1095
1	130
0	16
0	52
0	261
26	767
2	1110
2	1070
0	1111
4	190
2	136
3	4
0	79
3	84
0	65
2	58
0	59
0	25
1	25
0	0
0	107
0	111
0	21
1	24
3	32
43	0
33	1031
0	160
29	1003
1	2
65	1024
4	1982
12	2036
0	2334
11	2477
0	2502
0	2393
0	3801
0	3787
0	3483
0	3469
9	3488
6	3358
2	3439
0	3039
6	2805
1	203
12	137
0	276
5	478
1	0
0	0
0	0
0	0
0	0
5	0
1	88
0	97
2	78
0	153
3	101
5	13
0	72
0	54
0	11
0	6
0	2668
3	3112
6	926
5	2719
0	1327
0	923
0	1478
0	717
2	495
0	1272
0	984
1	973
2	821
0	0
0	272
1	123
0	4009
0	4009
5	911
8	782
0	437
0	477
7	219
0	702
6	922
1	352
7	1368
170	7
3	4
0	3
11	32
0	7
0	3
0	8
2	28
4	3
0	4
0	0
0	1
0	0
0	0
333	1437
15	1413
0	0
0	26
0	14
4	13
23	14
0	0
0	0
5	17
1	12
3	14
284	0
1	0
6	3
2	3
0	0
0	0
0	0
1	0
0	0
50	962
0	938
0	59
20	140
12	87
0	0
0	0
0	41
11	41
0	3
0	3
0	0
0	4
0	9
0	9
0	1
0	169
1	166
4	166
11	38
0	0
0	0
0	0
1	0
0	0
5	2933
0	2998
0	297
0	2325
1	256
3	164
0	761
1	322
0	357
11	14
30	259
2	115
4	12
6	3
0	3
2	0
48	22
3	22
0	0
545	3
2	3
12	0
3	0
72	233
0	147
2	99
0	0
12	12
0	3
0	81
2593	740
0	674
0	279
165	286
0	55
0	7
1	5
0	349
0	380
0	30
1	95
0	351
0	37
0	54
6	28
1	128
0	113
0	41
0	11
14	7
0	165
3	8
1	86
1535	0
0	7
1	33
1	8
8	33
0	0
0	198
5	193
0	177
0	24
1	24
0	0
4	103
0	14
0	3
0	3
0	0
0	0
0	0
0	0
219	99
0	25
20	74
3	26
3	0
0	1820
45	1775
0	1696
16	45
0	0
1	9
1	218
6	49
24	228
5	53
5	0
46	0
21	103
14	0
660	462
0	460
0	0
0	0
0	0
0	0
0	0
0	0
0	0
0	0
6	0
1626	1020
17	701
11	704
4	18
0	18
1	0
6	0
45	0
1328	1525
0	254
6	186
2	244
1	266
4	0
51	887
23	596
0	557
8	116
0	63
62	1239
4	1239
1	60
0	10
0	0
0	0
0	0
196	75
0	3
0	3
2	66
0	1
4	2
0	1
2	55
0	0
0	4
0	0
0	63
1	63
0	36
1	19
3	1792
0	1856
31	1731
8	1773
0	184
7	141
0	13
0	0
1411	1976
0	1941
2	103
9	686
1	115
0	16
1	0
0	0
0	0
0	3
0	11
0	16
0	9
0	16
0	13
1	2
0	0
347	789
0	789
0	1
0	1
4	5
0	0
0	0
0	0
0	0
0	0
0	3
0	0
0	0
0	1
0	0
57	382
61	382
3	37
7	17
3	195
0	0
0	0
204	0
26	1499
1	94
26	1638
0	1070
0	1552
26	833
5	1472
2	104
4	63
3	167
1	47
3	233
0	59
263	351
0	349
2	27
2	15
0	4
0	4
2	0
0	0
0	0
1	1
0	0
6	60
821	460
0	0
60	65
8	18
0	26
18	30
10	0
0	320
0	350
8	57
2215	1452
0	846
12	1173
3	205
0	401
1	263
69	181
27	0
0	0
182	696
7	685
0	0
0	378
0	100
2	0
2	28
6	33
0	28
0	7
4786	637
3	635
0	0
4	0
307	0
1298	85
0	0
25	61
7	34
252	229
1	214
0	175
1	81
7	1
0	1
9	265
1	274
0	170
0	46
50	5
0	0
2066	709
0	485
38	470
3	170
11	79
2674	48
4	46
1676	585
7	144
4	239
9	52
9	137
18	63
237	1988
10	1988
0	0
39	3519
224	3516
7	1109
2	750
0	948
4	578
0	256
0	540
6	101
0	2
0	2
0	0
1	62
0	62
4	0
0	0
0	0
0	2
0	1
0	0
0	2
0	2
32	31
0	11
0	27
0	13
0	0
821	1255
1	935
16	387
2	72
9	46
0	0
0	1
0	1
130	1891
1	1324
2	915
12	98
0	13
35	1575
30	1588
3	1333
3	1629
16	0
3	1103
1	195
0	458
1	55
0	39
0	39
0	77
0	40
0	68
1	44
0	20
0	0
6	137
5	138
3	88
20	89
1	5
1	41
4424	19985
3113	20398
0	6020
0	2482
0	0
0	1
2	2135
50	2197
102	1250
49	4878
30	4334
2	263
37	263
1	15
0	3
16	23
0	0
3	30
1	27
1108	1793
35	1567
1	1866
0	1529
6	54
6	232
0	0
0	0
5	6868
569	7987
2	410
2	1526
0	1529
4	1432
14	356
0	0
1	19
0	11
0	19
169	4480
35	4494
5	4494
73	455
0	227
47	91
2	121
6	162
1	0
3	1359
92	1359
0	115
2	0
48	178
5	80
0	0
7	642
195	642
0	83
1	13
0	0
1	0
0	0
0	0
1	0
273	1449
3	1149
0	1248
3	0
0	0
1	0
0	0
16	83
0	1164
36	1193
613	1261
0	383
4	41
0	0
0	27
0	18
0	0
15	0
0	0
0	0
0	0
0	0
1	3
0	3
1398	1029
0	768
0	0
0	212
0	0
0	0
0	0
8	45
0	0
0	0
0	0
0	0
0	2
2	2
0	0
1	549
0	550
39	5
0	0
0	270
0	549
0	473
0	390
0	0
5	12
0	100
1	32
0	111
2	92
0	53
0	87
0	27
1	0
0	21
6	0
0	37
58	0
879	6164
101	781
1	792
45	499
0	4239
26	734
0	0
6	2839
17	0
0	0
3	0
12	0
0	129
0	65
36	113
3	9
21	48
0	0
3	3
1	0
21	5
0	5
70	671
7578	687
0	0
2	1056
0	612
21	408
0	1107
0	861
1	40
2	99
0	183
0	0
18	8
272	359
27	368
2	17
10	41
0	0
1	11
0	10
0	195
1	2
0	194
0	0
0	68
203	545
336	541
3	346
0	2
0	0
2	34
41	5024
37	524
136	4992
5	12
3	133
0	133
2	1
1	22
0	0
0	1
1	1
0	1
0	0
0	0
34	127
0	127
0	0
4	277
3	293
0	280
0	10
1	6
1	4
0	31
0	7
295	22
3	22
25	8
0	8
160	158
0	158
1	66
0	16
3	8
0	308
3	166
1	240
3	119
4	77
0	0
0	6
0	6
0	0
0	6
0	0
0	6
903	2
5	2
0	0
0	6
0	0
0	0
0	0
1	0
0	0
0	0
0	0
0	0
0	0
0	0
0	0
0	0
0	0
0	0
0	0
0	0
0	2
0	2
0	2
0	0
0	0
2974	8
0	0
0	0
0	0
0	178
0	258
9	262
1	82
70	0
0	1472
16	1389
7	1381
0	240
5	147
0	0
1	20
1	8
0	5
30	50
1	53
0	38
893	944
0	666
2	278
3	315
0	217
1	113
0	100
4	131
466	2
2	0
17	349
1	97
7	348
5	51
0	1
0	1
0	1
0	0
1	0
46	1743
67	1742
0	263
1	70
0	0
138	83
0	7
0	7
0	55
0	61
0	26
0	0
0	0
0	0
0	0
0	0
0	0
0	0
0	0
0	0
0	0
799	6201
329	6207
9	6201
32	6207
718	58
1	58
0	0
0	7
0	5
0	7
0	5
0	2
0	4
0	39
0	35
0	42
4	73
0	3
0	27
0	0
0	53
1	45
0	49
2	5
0	5
0	8
0	1
0	1
0	1
0	4
7	14
0	80
168	80
4	80
3	48
0	10
0	10
16	113
3	113
1	13
0	0
0	77
0	83
0	83
0	1
0	0
1	0
0	0
0	0
120	2
7	96
10	96
0	5
0	5
0	37
0	40
11	33
6	0
0	1
0	35
0	40
0	36
0	32
27	21
1	9
0	13
0	9
3	34
0	0
2488	0
11	298
2	300
4	334
0	278
4	70
6	41
0	33
0	32
0	63
0	241
5	251
0	25
1	174
0	0
1	0
0	0
0	182
125	185
0	29
5	5
97	4
4	4
0	27
25	0
0	0
0	0
0	27
0	2
0	2
142	3022
42	3021
10	95
3	204
0	569
54	363
1	303
0	42
843	0
8	783
0	622
14	620
9	106
0	76
0	34
0	120
1	335
0	0
2	248
0	335
1	2354
3	3327
6	4798
708	4798
5	4757
0	3435
0	2678
33	1420
56	419
32	426
3	138
10	28
5	7
1	0
0	0
12	0
2	343
1	128
2	56
0	36
7	297
0	0
0	0
0	7
5	231
150	47
23	30
0	25
0	17
9	1155
282	1210
66	559
6	65
2	255
0	0
3905	3897
0	2616
49	1726
14	2012
19	67
0	5201
0	5225
0	4046
7	4879
113	5917
11	699
6	446
286	1306
2	203
4	397
0	462
29	144
3	8
6	475
5	42
9	18
0	413
0	388
0	395
86	253
0	57
0	55
0	1
0	88
0	61
1	27
0	5
3	4
0	0
1166	414
2	414
34	933
0	753
0	879
33	1041
0	595
0	337
1	382
0	231
12	305
0	13
5	354
0	336
3	160
0	99
2	27
0	80
9	57
6	58
2	1
0	5
0	6
2	4
0	1349
5	1637
1	1669
10	1208
0	136
0	0
0	58
0	0
0	0
12	2746
0	110
1	91
0	109
1	0
0	2724
1	2617
44	337
0	0
765	340
1	36
0	118
4	198
43	392
0	366
0	36
5	123
3	99
0	134
1	167
0	48
247	3672
8	279
6	3672
2	162
0	198
0	287
0	331
0	427
3	352
12	721
41	142
0	434
11	7332
1	471
54	7332
2	3393
0	603
0	3166
5	2663
6	428
16	230
0	653
23	626
10	105
10	322
0	24
32	27
14	17
6	11
951	0
30	203
0	0
6	7
514	862
1	32
0	105
0	816
2	0
0	8655
0	8658
0	9030
17	5752
0	8979
5	8987
0	8852
0	81
1	332
3	350
412	0
3	18402
0	18402
27	6841
94	1977
0	585
1	566
4	7
1	550
0	84
2	62
3	11
6	606
0	588
0	609
1	506
0	481
1	45
9	84
0	6
1	27
444	469
0	381
2	194
7	159
24	54
5	323
0	458
0	444
2	90
0	104
0	129
0	50
153	165
0	421
0	401
2	942
2	841
4	417
0	0
3	5
39	130
12	379
8	972
3	1092
0	1002
2	342
0	73
0	78
8	194
5	36
3	74
0	0
0	0
0	71
13	10
1	4605
3	5408
102	5692
180	5775
3	1138
9	500
29	334
279	283
13	81
0	202
11	202
1	11
0	5
14	12
1875	0
0	1418
0	1553
0	986
1	246
7	17
1	17
0	0
76	1462
0	1463
1	1380
9	1462
2	217
1	273
1	263
11	434
0	82
11	0
0	0
7	0
0	164
0	214
0	207
0	20
0	24
7	29
0	1
5	0
0	1
0	3
2	3
20	0
2175	406
0	330
0	5
0	5
0	5
0	1
0	0
0	1230
106	1415
3	577
7	281
11	389
1	297
18	403
8	289
8	140
0	0
1	0
0	142
0	40
0	7
2	143
0	145
0	154
11	159
0	46
1	34
0	164
0	156
0	25
0	65
1	44
0	4
0	138
0	139
1	639
232	681
1	42
0	0
0	1
0	1
0	1
0	1
0	0
0	800
0	782
7	80
34	224
502	4
0	2
0	7
0	7
0	7
0	1
0	116
0	120
0	69
0	116
83	125
0	129
0	104
0	71
0	106
8	83
0	100
0	97
0	0
0	59
0	54
0	0
0	0
474	1205
15	936
23	193
35	81
33	76
11	40
7	4
5	1
0	1
0	1
0	1
2	4
219	63
7	64
0	63
6	945
69	879
225	770
0	755
7	335
2	550
7	563
0	2
117	354
19	324
4	25
1	19
1	278
0	6
5	54
1	79
2676	3340
840	1773
3	1733
0	2522
0	2521
0	578
7	466
14	76
1	0
28	426
0	30
30	560
1	52
0	434
0	267
0	228
1	55
0	66
0	4
0	0
0	0
0	4
0	0
0	0
0	0
1	66
0	66
0	66
4	164
1	148
0	169
63	308
0	141
0	0
0	0
0	0
2	0
21	976
2	1529
2	1391
701	1553
22	21
3	0
5	0
4	119
93	3324
31	3324
4	0
22	3323
5	86
2	626
4	2767
2	2787
74	1967
0	274
0	240
0	0
0	73
0	1
2	0
0	0
0	0
1	0
30	0
2	2253
40	2262
20	2253
25	1817
7	29
0	72
0	1255
24	1677
1	177
27	99
9	535
2	440
0	87
0	69
0	0
0	5
0	84
0	90
0	76
0	89
5	0
27	0
1	14
0	0
20	4599
0	139
1	1717
0	616
9	3995
4	1275
19	501
3	332
343	603
0	397
8	235
6	47
0	31
35	101
21	5
12	189
0	70
0	5
2	42
0	76
1	9
262	895
96	895
3	0
39	239
38	239
7	17
1	0
0	0
2740	61
25	63
0	17
84	1598
0	1581
0	1186
0	0
182	639
0	68
0	67
1	79
1	6
2	11
0	0
2	747
1	1948
1	2004
0	1953
0	0
1	249
0	138
0	156
6	0
0	827
1	800
6	454
1	153
0	447
27	89
1788	587
0	587
1	47
0	47
1	859
1903	2064
5	963
4	504
3	0
0	6763
149	6754
4	6754
141	3105
25	2836
11	3170
1	1
9	314
3	314
0	2
0	0
2	0
9	663
0	17
0	122
0	603
3	444
12	529
3	78
5	328
6	166
0	6
0	5
0	1
0	1
0	1
0	1
0	0
0	0
0	0
0	0
0	0
0	0
0	0
0	0
0	0
483	17
4	17
215	73
0	71
0	48
310	170
0	170
0	0
0	0
568	387
12	387
0	0
3	0
1	0
0	0
0	11
0	11
0	8
0	1
0	3
0	4
0	1
0	0
3	1768
12	1678
1	390
2	250
0	284
1	57
0	221
0	1
1055	2500
1	909
6	623
5	43
1	1553
0	286
3	1270
0	1270
0	918
9	823
2	761
0	853
0	806
0	212
0	52
0	16
21	123
1	9
0	9
9	117
0	0
118	14361
1	14374
0	0
2	25
5	26
27	0
1	1
0	1627
4	1
12	528
0	170
0	403
0	216
0	98
0	64
0	523
0	67
0	27
2	82
5	61
594	0
5	0
1	446
35	331
17	456
0	1701
3	1598
0	0
3	489
0	0
0	67
22	226
43	0
2	49
17	285
0	13
0	64
29	382
976	1201
1	149
8	206
16	824
8	40
3	0
1	0
8	686
0	693
2	591
21	736
49	736
4	53
0	43
0	4
0	30
0	117
2	145
1	142
0	144
0	148
0	19
1	11
0	0
0	0
0	7
0	1
0	0
21	242
0	242
0	242
2	26
0	46
0	18
1	22
0	0
0	624
1	591
0	545
1	104
5	20
11	10
112	293
0	121
2	228
0	4157
5	4201
1	4126
15	454
0	422
2	620
0	593
4	375
3	283
0	137
8	1312
4	1312
1	603
6	524
2	343
0	29
10	0
36	3
28	3
1	0
66	0
0	516
0	510
0	0
1	1
0	507
0	0
2	119
71	85927
0	82869
0	27627
1	3190
6	38380
0	2
70	22504
36	16858
166	12455
0	0
86	3446
36	0
1	0
0	0
0	0
27	880
4	895
2	81
1	53
4	539
10	264
0	136
0	105
205	2542
2	2542
2	105
0	462
24	80
0	0
0	0
0	1
1	1
1	1
128	34
4	34
413	182
18	39
2	36
0	35
0	101
1	20
15	93
1	25
58	120
0	98
1	137
0	66
0	85
1	56
1	33
3	25
0	21
0	41
0	7
0	486
1	394
69	1920
43	1919
1	421
421	260
21	260
1	0
894	1646
28	1541
10	492
12	698
4	224
3	110
0	0
0	0
0	0
0	0
0	0
1	6
0	4
0	1
0	2
1	464
44	464
3	0
21203	8198
0	1843
0	6680
417	4636
24	4636
19	0
954	2002
4	1514
13	486
48	495
25	41
141	458
0	44
2	10
2	10
1	3
534	1440
20	1359
10	359
27	118
95	143
31	580
28	33
1	7
12	57
2	344
3	211
5	46
1	1466
0	1631
148	1373
0	1443
1	1335
22	895
0	163
3	113
49	3
114	201
0	201
0	0
2491	438
65	426
2	360
7	282
7	3
107	463
387	476
3	360
2	227
0	198
1	24
3	1
0	1
0	1
0	0
110	4094
0	4096
18	3044
39	909
361	0
0	32
1	1393
42	2
0	1284
2	273
0	1249
0	221
1	249
10	450
0	58
0	444
41	402
0	157
0	1143
0	1248
0	7
0	466
0	174
0	0
0	495
0	186
8	112
6	167
16	234
6	163
2	254
5	308
0	308
48	308
2	281
115	1455
1	1455
16	246
174	214
13	188
88	158
0	158
34	132
84	630
51	937
24	732
22	567
57	234
2	79
0	65
2	111
17	1261
0	8
1	10
37	293
46	293
33	321
4	2349
58	2875
16	2988
0	3275
33	3253
14	134
0	457
5	1200
19	311
0	1155
123	1155
2	266
89	1098
0	1067
2	285
29	379
1012	22295
1	22295
21	1482
5	1777
25	976
42	0
75	22
3	16
0	0
0	6
1	1471
0	578
0	1411
0	577
62	1516
0	6
7	0
5	164
4	2194
17	5886
23	5631
1	342
32	551
1	0
1	0
0	800
0	617
11	135
0	0
0	0
0	0
12	9
0	9
602	1419
2	1280
0	1157
3	1332
4	791
11	572
0	9
4	174
9	231
3	45
3	112
0	22
0	0
0	0
1	189
3	0
5	0
0	0
2	0
0	0
271	0
4	256
4	206
199	155
0	76
0	39
4	53
0	235
0	114
5	928
3	987
36	303
2	202
13	113
0	74
10	126
1	44
2011	140
1	130
7	18
2183	173
2	29
2	142
747	730
1	354
0	394
4	246
49	79
36	5
0	2
0	3
0	3
0	0
0	0
396	0
1	3
0	4
4	4
1592	1636
0	36
8	390
229	0
5	516
0	467
60	928
0	928
0	928
169	43
18	43
0	1063
186	1063
1	416
7	0
0	0
0	0
0	0
0	0
0	0
0	0
0	1
0	0
0	0
0	0
0	0
0	0
0	0
0	25
0	0
1	0
1	0
90	51
0	32
14	68
0	41
4	30
1	42
2	21
7079	8
1	0
2	293
55	306
0	0
5	0
0	164
0	42
1	9
87	106
3	107
0	12
4	25
0	2814
66	2824
34	433
0	1733
136	129
1	5
9	284
84	477
0	1922
2	2
4	255
0	252
0	151
0	259
7	95
22	126
0	220
0	162
0	221
0	124
0	245
0	230
0	245
0	6
0	151
0	256
0	230
0	156
0	7
0	0
0	6
1	41
0	38
0	0
0	18
0	27
0	27
42	17
32	135
0	170
11	2510
0	246
0	2363
0	683
0	0
0	10
2	26
1	49
0	595
0	1286
1	3
0	93
0	63
0	18
0	54
0	59
0	0
0	4
0	5
0	5
0	0
0	0
12	141
0	139
0	2
0	1
1	3
0	0
0	2
0	0
93	135
0	137
0	137
1	4
4	403
1	418
3	407
0	400
0	395
0	0
0	18
10	0
3	150
0	15
67	360
13	210
8	289
0	82
8	166
0	0
0	0
281	23
0	22
0	0
410	1187
4	1127
6	76
0	1100
18	206
0	711
0	130
0	34
0	46
0	0
0	0
0	0
0	0
0	0
0	0
0	0
32	0
2	331
0	0
48	1782
0	4321
0	4157
3	2273
1	0
3	98
0	3995
13	3882
1533	2096
1	0
22	476
0	0
0	173
0	114
1	97
21	333
0	252
0	1
0	1
0	1
0	1
0	0
0	0
0	0
0	1
0	1
0	0
1	3
0	3
0	1
0	0
0	0
0	3
0	0
0	3
0	1
1	1469
0	0
285	1296
31	499
2	207
1	179
0	649
67	4
0	4
2	117
43	117
14	9
8	115
0	106
0	106
0	30
0	30
2	21
0	23
0	23
2	19
0	0
0	6
591	2430
11	2364
8	960
59	181
1731	497
10	302
112	203
55	19
0	0
0	0
67	55
0	55
6	0
9	12
0	12
0	1
0	0
0	0
0	0
0	0
0	0
0	0
0	0
0	0
0	0
0	0
0	0
13	0
0	0
0	0
0	0
0	0
0	0
0	63
1	0
0	0
0	0
1	308
159	4962
0	4790
3	699
0	0
1	2017
0	347
4	995
0	258
0	530
0	1883
1	121
94	135
14	316
0	189
49	168
3	146
0	147
0	57
40	0
0	5
4	5
0	11
323	56
0	49
2	0
0	0
1	0
0	0
0	0
0	0
6025	4
4	4
1	0
0	1
0	1
0	1
0	4
0	6485
0	7838
18	4454
0	8097
0	120
4	7767
0	4402
0	4338
2	7856
1	856
1	527
0	272
2	879
8	536
0	621
27	273
12	0
2135	10446
16	1257
3	10308
0	1701
3	29
3	21
0	21
0	0
6181	0
1	0
0	310
0	135
0	94
3	308
3	214
0	54
1	8
47	176
3	78
13	176
0	0
0	0
0	0
0	0
2	1
0	0
0	24
103	24
0	0
1	0
0	0
0	0
0	0
44	963
0	0
0	0
0	0
0	0
0	0
0	0
0	0
0	0
0	0
0	0
0	0
0	0
0	0
0	0
0	0
0	0
0	0
0	0
0	0
0	0
0	0
0	0
0	0
0	0
798	0
0	0
0	0
0	0
1	1
0	3840
1	0
0	0
4	129
0	129
0	125
1	55
0	0
1	0
1	0
0	0
0	0
43	312
0	270
0	179
9	0
2	10
1	25
0	14
3	2
1	3343
7	3118
113	776
1	6
6	108
2	89
1	1
108	233
0	112
0	183
0	0
13	993
0	175
0	0
0	0
0	0
0	0
0	0
0	0
2	16
11	14
0	0
0	0
0	0
0	0
0	0
0	0
0	0
1	20
0	0
0	5735
0	0
307	188
2	16
0	188
0	179
11	16
0	0
0	0
0	0
0	0
0	0
0	0
0	0
0	0
0	0
0	0
0	17
10	108
0	105
1	3
0	0
0	0
0	0
0	0
0	0
0	0
0	0
3461	1476
7	519
0	957
2814	565
18	6
1	0
33	5
1	64
0	0
0	559
13	347
0	0
0	120
0	0
0	0
0	0
0	0
0	0
1	0
0	0
0	0
0	0
2	0
791	9
1	7
0	0
0	0
1	0
0	78
0	0
0	0
0	0
0	0
0	0
0	0
0	0
0	0
0	0
0	0
0	0
0	0
0	0
0	0
0	0
0	0
0	0
0	0
0	0
0	0
0	0
0	0
255	112
0	76
0	0
0	5
2	31
0	0
3	0
2	8
1	0
2	0
0	0
0	0
0	0
0	0
0	0
0	0
0	0
0	0
0	0
2	727
1	701
0	720
0	720
0	604
5	576
0	394
3	26
20	0
0	64
0	0
0	0
0	0
0	0
0	0
0	329
0	329
1	250
0	0
0	5
1	10
1	190
0	19
5	8
0	10
1	9
1	45
0	31
0	0
0	0
0	431
88	131
0	485
14	479
3	133
1	24
12	37
0	0
2965	6873
0	6770
0	0
212	746
0	0
88	891
13	665
72	741
10	643
0	147
0	29
17	56
0	23
0	3
1	3
0	3
0	1
0	0
487	0
3	15
23	5531
0	8221
0	8201
6	349
47	527
13	229
0	0
0	0
0	0
0	0
0	0
0	0
0	0
0	0
0	0
0	0
307	0
0	0
1	0
764	6101
3	4621
6	0
15	95
10	550
243	4475
4	897
0	967
12	850
0	0
0	0
1	0
0	0
0	0
0	0
0	0
0	0
883	316
22	316
1	0
0	0
3	15
145	8
14	0
13	21
1	9
3	14
0	0
0	0
0	0
0	0
35	6
0	8
6	10
0	0
0	0
0	0
0	0
0	242
0	49
0	0
0	0
0	0
0	0
0	9
0	0
0	0
0	20
1	20
0	0
0	0
0	0
100	30
0	1
0	0
0	0
0	0
0	0
0	0
0	0
0	0
0	0
0	0
0	0
0	1
0	0
0	0
0	0
0	0
13	0
1	0
0	0
38	8
0	0
0	0
58	5
16	6
11	0
7	0
1	0
0	0
0	0
0	0
0	0
0	0
0	0
0	0
0	0
0	0
0	0
0	0
0	0
0	0
0	0
0	0
0	0
0	0
0	0
0	0
0	0
0	0
0	0
0	0
0	0
1	0
0	0
3	1
0	0
0	0
0	0
0	0
1	11
31	3
4	0
0	0
0	0
0	0
8	3
0	0
103	7
2	0
1	0
92	14
0	1
27	13
0	0
0	8
3	63
0	19
0	36
10	84
10	0
367	35
44	110
8	120
19	9
0	5
0	3
2	1277
0	1353
0	1166
10	1155
0	0
1	0
2	225
16	337
15	310
0	67
3	200
3	32
0	0
0	138
0	8
154	1724
1	439
1	1236
0	0
4	957
4	0
15	153
3	0
0	35
353	394
2	259
34	276
3	254
0	2815
5	2813
0	2826
2	2949
0	378
2	1496
1	82
62	705
3	39
1	257
0	0
5	0
134	12528
60	11795
8	11016
0	3483
16	963
2	18
0	5
0	10
0	8
0	3
0	13
24	14
2	6
1	2
0	1
7	1
0	9
0	0
0	8
0	0
0	1
0	0
0	0
0	0
0	0
0	0
0	0
0	0
0	1
69	40
16	5
17	3
0	0
0	1
0	0
0	0
0	0
0	0
0	0
0	0
65	17
0	0
0	0
0	0
0	0
0	0
0	0
0	2
0	4
1	6
0	4
0	0
0	3
0	0
0	0
0	0
0	0
0	0
0	0
0	0
0	0
0	0
0	0
0	1
0	0
0	0
0	0
0	0
0	0
0	0
0	0
0	0
0	0
0	0
0	0
0	0
6	0
99	53
0	0
0	0
0	0
0	1
0	0
0	1
3	0
0	0
0	0
28	0
0	0
1	0
0	0
0	0
1	0
0	1
2	287
1	18
1	202
1	224
0	0
0	207
13	69
0	180
0	180
5	181
338	34
0	11
0	34
0	34
14	22
0	15
0	14
0	14
0	10
0	11
0	11
3	0
952	489
16	38
6	229
0	412
0	0
1	0
0	0
0	0
0	0
0	2
27	2
1	42
446	964
22	9
2	892
34	871
1	855
1	0
750	5158
2	697
9	4313
2	5097
91	2705
2	391
10	316
4	182
8	135
1	11
4	0
1	1730
0	1730
33	494
0	0
0	0
0	0
0	0
0	0
1	2
0	2
0	0
5	0
1	2
2	0
0	2
0	0
0	0
0	0
0	0
0	27
0	0
0	0
0	1
17	211
2	208
0	8
0	33
0	0
0	1
2	0
0	0
0	0
8	380
2	365
0	20
71	388
2	390
0	7
1	21
0	13
0	0
0	0
0	0
0	0
0	0
0	0
0	0
1	0
0	0
0	0
0	0
0	0
0	0
321	0
0	0
0	0
0	0
0	0
0	0
0	0
0	0
0	0
0	0
0	0
0	0
2	0
0	0
0	0
0	0
0	0
0	0
0	0
0	0
0	0
0	10
0	10
0	0
1150	17915
15	4068
1	6497
22	16922
0	4080
18	6146
10	1577
7	388
0	325
1	35
10	228
161	259
0	259
0	34
0	0
0	1193
4	1186
4	0
29	734
21	708
52	696
36	614
147	651
6	21
2	635
0	86
50	0
1	0
0	237
0	314
0	0
0	0
1	0
0	0
0	0
0	0
0	0
0	0
0	0
0	0
0	0
0	11
8	10
1	0
0	0
0	0
1	11
0	3
0	3
0	0
0	1
0	0
0	0
0	2305
1	2392
12	305
15	369
0	208
3	40
1	208
0	1524
0	0
0	0
0	0
0	0
7	245
1	291
0	209
0	248
14	1
0	55
0	11
3	23
0	1
0	0
0	0
0	0
0	0
0	0
880	166
14	166
2	0
75	2812
104	2666
3	464
1	145
6	141
0	71
19	538
3	748
0	541
6	642
1	21
0	0
0	0
877	304
0	0
0	0
0	0
0	0
0	0
0	0
0	0
0	0
0	0
0	54
0	0
3	6275
3	6732
21	280
0	6732
0	144
21	894
1	148
6	233
2179	846
0	674
8	273
5	176
1	1149
0	0
0	3261
0	1468
1745	3688
0	1833
174	999
13	70
7	365
1	369
0	388
4	91
0	0
0	94
0	0
41	3
0	3
0	0
64	482
10	321
13	481
1	1
157	13
0	13
4	0
1560	214
0	55
0	55
0	21
0	7
3	0
5	0
121	0
0	0
0	330
1473	244
12	35
1433	1467
79	1455
3	462
25	168
0	1068
0	892
32	810
0	649
43	364
0	131
2	285
1	255
0	0
0	0
0	0
0	0
7	480
87	487
0	486
9	481
8	106
0	377
0	9
0	0
0	0
0	0
0	0
3475	0
0	0
0	0
0	0
0	36
0	621
2599	621
7	79
0	0
76	16
28	16
19	0
1	0
2	0
1842	8403
52	8488
5	915
75	332
423	853
36	1457
16	736
0	0
0	0
0	0
0	0
0	0
0	0
0	9
0	0
0	2
22	18
2	14
0	2
0	1
1	54
3	80
0	135
0	36
0	133
0	78
0	0
0	104
0	35
0	70
2	2
15	99
0	8
10	54
0	0
7	3
0	2
0	0
0	30
914	100
0	15
12	27
0	0
0	0
0	0
0	0
0	0
54	0
61	74
0	68
0	74
0	74
0	59
1	11
0	139
5	145
0	78
0	58
0	56
1	8
24	10
6	7
0	0
0	0
0	0
0	0
1	79
1	1510
12	2106
801	3539
23	731
100	0
40	2933
6	439
32	0
0	0
0	0
0	0
1576	333
0	319
34	14
0	0
0	0
0	0
0	0
0	0
0	0
0	0
0	0
0	0
0	0
17	0
0	0
53	11826
18794	11830
3014	631
5	629
10	336
0	0
1290	1945
47	1933
4	376
1	697
0	917
0	0
6	730
2	511
58	387
0	350
0	217
30	0
480	741
2	472
38	578
11	0
0	0
0	0
0	0
0	0
0	0
25	0
0	0
0	0
0	0
10	0
1	67
0	125
0	92
11	47
0	97
0	76
0	77
0	44
0	0
0	0
0	0
0	0
0	0
0	0
0	0
1	0
0	0
33	0
20	146
0	31
9	72
3	115
2	92
0	29
0	0
0	0
0	1
0	14
0	48
1	36
24	51
0	22
4	0
3	0
0	14
0	0
0	0
0	0
0	0
0	0
0	0
0	0
0	107
47	224
0	84
0	2
0	34
0	74
5	191
2	28
0	109
0	75
1	211
6	6
0	30
0	0
0	0
0	0
0	0
0	0
0	0
0	0
0	0
0	0
0	0
0	0
0	0
0	0
0	0
0	0
0	0
0	1
0	1
0	0
3	499
2	290
0	143
7	143
1	2
450	792
17	727
2	0
4	2311
470	2311
2	0
0	0
0	0
39	1594
0	252
12	224
1	1104
1	804
22	0
0	246
0	157
129	291
0	119
8	151
0	0
15	0
0	0
0	0
0	0
17	761
80	761
47	0
51	7
16	0
45	417
10	50
1	175
10	98
39	11
2	58
0	394
9	0
7	28
19	0
7	2
0	0
0	1
0	0
0	0
0	0
3	77
1	13
0	22
5	73
0	0
0	6
0	0
0	0
0	0
0	0
62	0
13	0
0	0
0	0
0	0
0	0
0	0
0	0
0	0
0	0
0	0
0	0
0	0
0	0
0	0
11	0
0	0
0	21
0	0
1	0
862	23
0	20
0	0
2	0
0	1762
0	1
375	2392
3	72
0	84
1	2112
0	258
1	830
1	1
0	43
0	12
2	32
0	38
0	6
0	1
0	0
0	1
0	0
0	13
0	6
0	39
0	10
0	9
0	1
0	5
0	9
0	7
0	330
38	1130
4	1087
0	80
0	71
0	0
1	0
63	5
1	58
11	20
4	0
0	0
0	0
0	0
0	0
0	0
0	0
0	0
0	0
0	0
0	0
0	0
0	0
0	0
0	2
0	0
0	0
0	0
34	2
5	0
0	0
0	2
0	0
0	0
0	0
13	0
0	0
0	0
0	0
0	0
0	232
0	0
0	0
4	141
0	0
0	0
0	0
0	0
0	0
0	0
0	0
0	0
0	0
0	0
0	0
0	0
0	0
0	0
0	0
0	0
0	0
1	500
0	0
0	0
321	0
0	0
0	0
0	0
0	0
0	0
0	35
0	0
967	1214
6	1019
1	895
7	79
39	543
76	0
75	1100
369	1667
0	802
83	362
7	353
5	541
0	0
0	14
2	14
0	0
0	0
30	2389
110	2388
289	1
7	157
201	157
0	0
755	10948
2	10948
114	552
64	4
58	157
0	0
789	4105
6	2831
7	160
7	302
73	14
36	37
46	1341
87	4
23	124
0	0
262	124
1	0
0	0
249	70
1	41
3	38
1	25
0	5
1	0
0	0
0	0
72	33
850	13281
2	3333
78	11960
0	0
0	0
0	0
0	1
0	1
0	0
253	240
0	0
0	240
0	0
0	3
2	3
0	0
0	2
0	0
0	0
0	0
1	0
1960	0
0	0
0	3
0	0
0	0
0	0
0	0
0	0
0	0
0	0
1	120
1015	1075
3	449
0	0
1	670
0	0
0	0
89	1035
0	1035
2	537
5	247
1	0
1	164
6	228
1621	33
0	1
0	90
0	4059
0	4058
0	90
0	4059
0	4059
839	1748
1	1574
10	0
0	194
3	126
1	11
11	103
1	0
2	1964
208	2098
19	1334
15	1164
0	198
8	107
0	1
0	1
31	3623
220	3625
1	166
3	147
4	33
0	330
0	0
5	86
0	79
0	2
0	0
21	197
18	94
15	92
72	118
2	0
8	0
358	6632
1	651
1	251
55	577
0	4223
0	173
41	2536
0	107
0	9
0	6831
0	362
0	173
13	289
0	2536
0	107
0	9
0	6079
0	5105
0	5
588	167
3	40
36	82
0	241
1	821
5	495
0	679
0	625
0	297
0	1391
1	1
513	1903
0	1544
5	779
1305	794
2	790
0	0
0	0
0	0
92	3892
0	3903
0	3929
0	3890
0	128
25	54
0	3161
17	35
39	889
0	181
3	1817
0	1556
13	0
3	0
0	0
292	177
0	16
0	19
1	173
0	28
1	3
1	15
0	0
0	0
0	0
0	0
0	0
0	0
0	0
0	0
244	106
16	106
0	32
2	44
0	0
0	0
0	0
0	0
0	0
0	0
0	0
0	0
0	0
0	0
0	0
0	0
0	0
0	0
0	0
0	0
0	0
0	0
0	0
0	0
0	5
1	5
0	2
1	1
0	1
0	1
0	0
0	1
1160	90
9	49
10	57
5	59
0	101
0	150
10	46
0	0
3	85
0	134
2	4
0	1
0	0
2	0
0	0
1589	4
0	4
1	50
99	50
0	0
0	1
4	0
9	0
0	0
0	0
1	65
5	65
579	0
0	0
0	0
0	0
0	1
0	1
0	0
1082	2707
0	2571
10	117
1	64
5	237
74	191
11	191
3	43
693	0
1	687
5	627
14	314
6	370
0	270
0	322
1	160
0	174
5	127
0	75
1354	357
50	357
0	62
2	115
2	2440
0	1
0	425
170	3085
1	2748
0	2599
0	2846
7	306
0	2571
0	1177
4	2371
0	2293
0	256
1	2783
0	2627
0	2810
12	253
0	2489
5	0
2	2256
7	1841
0	560
107	212
0	403
0	10
28	398
140	1295
1	129
4	1205
0	259
0	0
0	0
0	0
0	0
0	0
0	0
0	0
0	0
0	0
0	0
0	0
0	0
0	0
0	0
0	0
0	0
0	0
0	0
0	0
0	0
0	0
0	0
0	0
0	0
0	0
0	0
0	0
0	3
1	3
0	8
1	8
0	0
0	0
0	0
0	0
0	0
0	0
0	0
0	0
0	0
0	0
2	0
0	0
0	0
0	0
0	0
0	0
0	0
0	0
0	0
0	0
0	0
0	0
2	0
0	0
2	0
0	0
0	0
0	0
0	0
1	0
0	0
0	0
2	138
0	0
0	0
0	67
0	42
0	36
1	29
630	358
0	327
28	181
146	2838
11	2871
7	1091
55	328
0	0
0	120
77	2
9	34
17	427
17	1119
67	877
0	1063
17	401
0	14
1	182
5	710
83	3
115	0
284	17
0	0
0	1177
125	604
0	1118
0	1323
0	608
0	407
0	468
0	426
0	447
4	704
0	134
0	243
6	0
1	127
15	703
0	703
43	210
1	13
0	0
3	5
0	40
0	47
0	27
13	708
54	699
5	4
1	331
0	128
0	17
0	65
57	65
0	0
2	0
0	11
0	0
0	2
0	11
0	0
0	0
0	0
0	0
0	0
0	0
0	0
0	0
0	0
19	0
200	331
0	75
0	4
0	85
0	266
2	248
0	228
13	1
0	0
4	0
1	112
0	0
1	11
0	47
0	0
0	0
70	0
38	37
9	36
0	0
0	0
0	0
7	1118
0	0
1	0
0	0
0	0
0	0
0	0
0	0
0	0
0	0
6	0
0	0
0	0
0	0
0	0
0	0
0	0
0	0
0	0
0	0
3	6
0	0
0	0
0	0
9229	925
11	925
1032	1913741
0	655
0	482
34	38
5	38
0	15
49	3927
18	3927
1100	3896
0	2352
3076	2
149	407
1	214
266	0
2	65
0	348
17	401
13	0
3	0
0	0
75	67
2	0
0	67
0	0
13	142
703	836
1	869
43	341
179	2535
42	1185
126	333
1	126
0	44
14	650
8	1298
6	823
2	141
2	221
0	46
0	112
0	482
1973	1913829
0	656
1	0
73	7
0	7
7066	49
20	24
10	23
11	3
13	0
0	0
50	102
4	66
2	87
58	19
0	8
2	383
7	1478
45	1231
0	1141
0	50
0	0
18	12
9	120
874	113
0	105
0	69
11	261
5	260
4	38
0	61
25	9
24	0
0	0
1	0
0	0
0	0
0	0
0	1525
0	1547
0	1638
0	1500
0	1591
49	790
6	24
0	0
37	166
11	211
0	57
11	81
16	86
1	28
2	6
12	9
0	23
1	14
0	0
511	845
62	845
0	0
0	0
2	2
75	0
0	0
0	1435
0	1435
0	21
16	1002
0	750
0	1004
12	696
0	990
0	998
0	71
8	4
0	26
1	597
11	44
1	116
0	91
1	70
0	5
0	0
1	2
0	3
0	3
0	2
0	3
1	2
9	266
0	237
0	11
6	0
1	56
0	13
0	0
0	3
0	3
0	3
0	2
0	2
0	0
5	0
0	2
0	3
0	3
0	2
0	0
0	0
0	0
2655	678
1	655
11	17
0	0
22	0
0	0
0	0
0	0
0	0
0	0
743	490
27	308
0	446
4	12
0	0
1	0
0	0
808	1521
2	544
17	816
4	517
0	617
42	0
1	293
0	412
236	4581
8	3728
10	3962
5	3760
0	1933
34	39
29	3555
5	872
0	284
0	16
87	16
65	0
660	991
0	511
7	325
4	528
0	0
0	0
0	0
2	309
2	332
27	268
0	250
4	253
0	185
1	164
0	81
11	88
2	0
17	0
164	578
7	578
0	15
0	0
0	0
50	82
2	82
0	0
0	0
1	0
0	0
0	3
0	3
0	0
1	0
0	0
0	0
0	0
11	3485
54	1103
32	1343
0	3496
0	0
115	3455
0	0
22	0
24	31
4	30
6	16
0	221
0	67
57	420
337	418
4	220
5	121
4	84
0	0
0	0
0	0
0	63
50	63
0	71
0	47
0	9
1	0
0	3
0	3
0	3
0	0
0	3
0	1
0	1
0	0
0	1
0	0
0	0
311	0
0	0
0	0
0	0
0	0
0	0
0	0
0	0
0	0
2	1037
136	1149
0	1019
8	56
0	0
0	1663
0	1
2	153
586	3485
791	1859
1	1653
12	137
55	0
0	0
0	2
0	2
0	0
0	0
0	0
0	2
1	0
0	2
0	2
0	0
0	0
0	0
0	0
0	0
0	0
1	0
0	0
0	0
157	57
11	57
24	321
1	465
3	577
0	0
288	104
2	6
2	98
106	53
0	31
7	60
30	65
0	20
0	47
10	1
4	14
10	0
0	0
0	0
0	0
0	0
0	0
6124	0
17	5
0	738
7	760
3	419
31	0
0	1
1	1
0	0
0	1
0	1
232	13575
8	3339
718	14265
9	0
27	745
3	140
6	703
0	0
2	31
531	240
46	132
9	69
1	103
19	144
18	188
2	7
1	7
0	182
0	0
0	4
0	11
0	11
23	13
0	13
1	0
0	0
0	0
0	0
0	0
5	0
0	0
0	0
2	0
1	783
66	783
1429	871
5	226
1	235
0	0
456	1026
0	1017
0	301
0	8
53	0
12	76
0	0
63	236
0	47
0	89
1333	200
8	200
1	112
0	9908
86	9916
14	455
1	814
12	801
3	78
0	0
9	85
64	134
0	3224
0	2629
0	248
0	306
6	110
0	228
1	1438
1	242
0	23
0	28
0	22
0	27
0	25
18	25
0	0
0	0
0	0
0	0
2	0
217	2587
0	2572
4	15
0	0
0	0
0	105
5	175
1	111
0	405
0	93
0	93
0	41
17	0
24	104
0	104
3	92
4	101
0	16
0	7
1918	0
1	1
0	1
4	588
31	588
13	41
2	42
1	2
0	0
0	1
141	50
98	105
98	55
0	0
0	0
0	0
55	2490
3	944
56	2227
1	7
0	6
12	4
0	101
1	175
0	4
12	509
82	1625
179	1636
92	407
0	2
46	405
0	0
165	612
10	388
0	393
0	308
0	329
84	75
331	8688
2053	8689
2305	803
4	355
6	417
1	417
0	417
0	260
0	188
3	178
136	244
2	16
0	22
1	53
1	0
2	4
42	2211
165	2211
4	760
3	1
1	103
40	0
34	0
34	0
0	0
9	0
0	0
110	0
11	4284
12	4260
245	30
30	1767
4	4465
0	3006
0	0
2	2837
1	0
0	0
0	0
0	0
1	1
0	0
0	0
0	0
0	0
0	0
0	0
0	0
0	0
103	2
11	905
133	905
0	1
115	0
0	0
5	0
17	0
0	81
0	1
0	0
0	1
0	0
0	1
0	0
0	0
0	0
0	0
7	3907
8	137
157	3906
0	0
1	28
34	399
941	630
1	629
10	1
1	0
3352	516
87	2
0	506
2219	0
1	375
0	367
0	374
18	359
2	38
0	3
0	2
65	3129
2	74
0	2538
0	2051
270	509
25	508
1	47
24	19
4	7
1	6
0	0
0	0
63	0
8	0
409	1516
19	1459
0	756
5	528
16	0
0	0
809	1177
4	1177
0	463
0	20
0	19
7	16
0	1
180	1069
0	453
0	79
1	46
4	0
14	189
0	19
4	14
9	125
0	2
3	0
10	535
34	31
0	61
0	87
23	43
2	87
0	2
2	0
1	0
0	0
0	0
0	0
3	0
0	0
1115	890
0	888
0	316
0	30
98	0
17	0
4	9
0	12
70	17
1446	7875
4	868
188	7357
91	254
6	416
0	2764
0	0
1	837
1	0
10	0
1741	46
1	18
0	0
4	2
0	2
3	28
13	0
241	614
0	89
9	44
5	75
9	7
6	108
47	414
0	0
1	0
0	124
0	56
0	124
0	0
1	0
0	8
0	2
0	0
0	0
0	0
799	1886
43	909
4	393
0	0
11	397
14	58
11	2850
1	55
26	2957
12	144
20	541
0	0
8	29
8	264
35	0
20	0
112	43
0	11
0	4
1	28
14	0
15	0
0	0
74	1060
1710	1060
83	2
0	0
0	0
14	0
26	5940
0	4781
23	6213
0	5426
0	5383
38	7491
74	463
31	2769
1	429
1	436
15	5156
108	5611
0	0
0	0
2	0
0	0
13	723
0	751
0	694
0	0
7	70
0	69
0	53
0	2
0	47
0	0
9	612
24	547
1	267
11	2
58	1
0	1
96	1
4	625
20	565
0	197
7	294
1	19
0	72
0	296
4	116
0	118
0	87
18	177
0	322
2	0
171	3898
26	3673
0	0
7	479
11	100
0	329
5	0
1	0
6	0
2	564
0	401
0	541
5	122
0	214
1	222
0	0
5	0
163	295
41	295
91	0
145	442
1	432
5	272
12	0
0	0
3	2040
203	2049
0	2023
38	1073
28	0
0	40
1	79
0	113
0	44
0	0
0	0
0	20
26	4360
27	4194
78	14
62	25
36	4230
0	4273
0	4299
15	1335
11	6
2	4
0	1
0	0
0	0
0	1
0	21
2	28
0	33
0	38
0	35
15	35
0	23
0	11
0	2
0	25
0	1
0	0
0	22
0	23
0	23
0	23
0	18
0	19
0	0
0	0
0	0
0	0
0	0
0	0
0	3
0	1
0	0
0	0
0	9
2	11
3	0
0	12
0	10
0	12
0	10
0	0
24	292
1	17
0	67
0	292
0	48
0	0
6	0
2	37
34	1348
67	1347
1	54
0	180
83	334
2	1
2	6
2	1245
0	108
6	0
915	2367
7	307
1	145
2	375
0	23
1	469
496	13
6	272
8	2044
617	805
1	136
64	12
90	10
0	27
1	156
25	239
0	3822
34	1413
5	481
50	3679
7	87
0	0
1	0
0	1
3	264
9	264
8	114
11	1708
0	1563
0	1559
0	812
0	909
0	701
0	240
0	158
5	227
0	74
0	0
7	68
0	0
5	31
0	0
12	0
0	1
0	1
0	1
0	1
562	0
0	0
0	0
176	54
35	134
1	84
3	128
0	47
0	0
93	8
0	8
0	0
0	0
0	0
0	0
0	0
0	0
0	1
0	1
0	0
96	3
9	3
0	76
104	103
0	30
0	97
0	5
1	12
0	2
24	0
7	1326
43	1313
0	617
3	18
1	67
85	0
1	0
7	0
5	3
543	1368
31	331
4	822
1	333
0	395
7	339
0	864
6	1280
0	801
34	0
14	1166
9	100
0	0
0	599
46	244
19	445
0	607
1	1031
44	314
0	274
0	277
1	346
0	4
15	28
26	17
24	32
12	113
0	188
2	81
3	87
2	59
1	7
0	586
0	588
7	448
0	532
0	426
5	68
0	561
0	190
1	67
0	410
0	17
0	3026
0	2960
19	3027
5	2961
15	1612
0	1262
1	151
6	0
10	2
0	0
272	0
1	2
0	0
0	891
5	913
18	147
1	47
0	64
258	49
0	10
18	11
0	34
0	0
0	0
3	84
0	325
3	272
0	326
0	14
12	129
20	12
0	73
0	35
0	21
0	0
0	0
0	0
0	0
0	0
0	4
0	0
0	4
0	0
0	0
1491	5418
34	4885
13	533
14	328
42	309
0	2
1	39
5	73
0	239
0	110
9	129
0	283
4	118
0	119
0	115
0	9
0	9
0	6
1	30
0	0
0	0
0	0
0	0
0	3052
168	3070
5	0
0	254
0	198
0	63
20	317
0	65
12	100
99	789
0	789
14	251
1	811
0	1332
0	785
2	1155
197	241
7	62
19	145
10	157
14	0
0	19
2	19
1	12
4	0
8	0
0	4910
113	2366
126	0
32	488
0	580
1	882
6	194
17	0
10	3671
14	16
2	746
8	0
11	228
43	151
3	124
1	135
5	0
1	78
0	78
0	37
3	2
0	1
134	739
3	288
3	446
0	113
1	268
5	298
1	291
0	236
0	720
0	709
19	179
5	574
0	0
0	0
32	181
7	129
1	93
0	46
0	12
2	52
25	58
3219	0
1019	2164
420	2825
0	1041
0	7
71	2
69	304
0	0
0	0
2	0
4546	2120
54	1498
1	2120
0	1687
0	0
3	0
1	199
11	199
0	199
0	3
0	0
47	0
0	0
0	0
0	0
0	0
34	10
0	10
599	903
0	697
79	87
0	130
1	35
0	119
23	266
17	257
0	674
1	547
0	603
34	174
0	600
6	42
15	73
1	78
0	588
0	517
1	2
1	92
0	288
0	100
1	141
0	66
0	71
0	0
496	0
0	0
0	0
3	31
5	448
26	613
0	242
0	549
0	119
0	84
1	0
80	799
8	799
1	0
52	15
15	2
0	0
0	0
0	2
0	0
0	2
0	0
0	0
0	0
0	0
0	0
0	0
119	0
122	34
0	5
0	2
0	2
1	8
0	0
0	23
0	0
0	0
0	0
0	0
0	0
37	863
1851	38
0	383
0	876
0	109
0	1489
0	1489
8	61
0	64
3	49
1	31
0	80
1	459
9	0
0	0
0	0
0	16
1	19
0	19
0	1
0	0
0	19
0	0
0	0
0	39
5	39
0	18
348	588
1	572
12	13
18	252
1	480
328	481
4	339
10	0
95	0
1	252
796	0
0	1
0	0
2	1
0	0
3	2
0	2
0	1
2	885
0	1920
0	1696
0	1740
6	29
13	601
11	1384
417	3279
63	355
0	0
1	799
30	2161
3	5
0	5
0	3
2854	6261
59	4304
0	1779
21	179
0	1618
0	0
0	0
1	0
6	393
0	555
3	396
0	384
5	404
0	139
1	39
0	93
1	132
0	196
0	0
0	0
0	0
42	28
0	28
164	798
29	491
0	195
0	367
84	1094
2323	1094
8	0
0	0
0	0
0	0
0	0
0	0
0	0
0	0
0	0
0	0
0	0
0	0
0	0
0	7
0	1
0	0
0	0
0	0
0	0
0	0
0	0
0	0
0	0
0	0
0	0
0	0
0	0
0	0
0	7
0	1
0	0
0	0
0	0
0	0
0	6
0	0
0	6
0	0
0	0
0	0
0	0
0	0
0	0
0	0
0	0
0	0
0	0
0	0
0	0
0	0
0	0
0	0
0	5
0	1
0	0
0	7
0	1
0	0
0	0
0	0
0	0
0	0
0	0
0	0
0	0
0	0
0	2
0	0
0	2
0	0
0	0
0	0
0	0
0	0
0	0
0	0
0	0
0	7
0	0
0	0
0	0
0	0
0	0
0	0
0	0
0	0
0	0
0	4
0	0
0	0
0	0
0	0
0	0
0	0
0	0
0	0
0	0
0	0
0	0
0	0
0	0
0	0
0	0
0	0
0	0
0	0
0	0
1	3
1	0
6	385
7	386
39	7
1	389
0	0
7	302
0	0
0	0
0	0
0	0
0	0
0	0
0	0
0	2
0	0
0	7
0	9
0	0
0	0
4	10
0	0
0	0
0	7
0	7
0	0
0	0
0	0
0	0
0	4
0	2
0	7
0	0
0	0
0	0
0	0
0	0
0	0
272	0
2	0
0	0
0	0
0	0
0	0
0	0
0	0
0	0
0	0
0	0
0	248
37	394
0	48
0	23
0	46
1	40
0	5
10	0
0	0
0	0
0	0
0	3
2	21
0	113
10	1
0	0
0	75
9	69
7	28
0	1
0	2
6	2
0	1
0	0
0	0
1916	892
0	852
29	0
1	20
0	0
722	177
0	175
1	0
0	16
29	16
0	0
4	0
17	26
4	25
0	10
0	0
0	0
0	5906
0	5597
0	157
21	5038
17	3643
11	134
0	1221
8	408
29	413
9	260
0	0
0	0
0	0
0	0
0	0
0	0
0	1
0	0
0	0
0	0
0	0
0	0
0	0
0	0
3	58
0	0
0	0
0	0
0	0
0	0
0	0
0	0
0	0
0	0
65	34
11	34
4	0
3	0
0	0
0	0
0	0
0	0
0	0
70	856
0	0
0	0
0	0
0	0
0	0
0	0
0	0
0	0
0	0
0	0
0	0
0	0
62	157
0	89
0	16
0	104
24	2
14	53
8	11
2	0
97	0
0	0
9	0
50	95
0	93
3	0
3	28
1	28
0	0
0	0
0	0
2	190
5	17
17	10
0	110
0	8
0	173
20	9
21	0
7	0
0	0
1	6
3	734
0	463
0	738
1	398
0	256
5	243
29	66
0	2934
9	1723
0	2728
371	2976
108	16
6	398
4	1128
0	483
1	756
16	0
40	0
3	735
7	624
0	586
7	120
19	114
17	115
1	32
0	4
0	6
0	7
52	0
6	1
0	1
4	6
10	0
0	7
7	0
2	136
0	123
1	39
0	40
0	27
0	11
5	0
0	30
2	16
0	0
0	0
0	0
0	0
0	186
0	0
2375	1073
25	1069
0	1073
6	135
0	34
0	28
1	0
0	0
2	9
31	0
0	0
0	253
0	0
33	0
37	0
12	0
22	251
1	252
2	1
17	1
0	1
0	0
0	0
0	0
1	0
0	0
0	0
9	0
1	21
49	43
1	44
0	20
1	0
5	0
0	0
9	0
16	17
0	15
0	2
13	174
0	5
0	236
12	5
0	4
0	230
3	0
4	4
0	75
0	0
0	25
0	25
0	2
0	25
0	0
0	0
0	0
0	0
9	744
2623	1759
5	859
3	558
687	107
6	20
13	87
0	0
11	5
0	5
375	45758
55	6487
10	40191
42	6661
0	0
0	0
6	4
0	4
5	0
16	305
3	302
0	40
0	20
3	18
20	0
7	4
0	60
15	152
22	0
0	35
0	0
0	0
0	0
4	18
37	149
1	145
5	68
0	90
0	12
0	67
13	1
0	25
18	0
0	12
16	0
10	0
2	29
0	0
3	437
2	423
5	311
1	417
2	31
0	399
4	55
5	4
0	102
2	15
7	172
0	166
0	166
0	0
0	0
0	6
0	0
3	0
0	0
458	1690
0	1690
35	9
0	9
10	32
0	86
1	0
2	0
0	16
1	138
0	0
0	0
0	0
0	0
0	0
0	0
124	4484
355	2356
55	4130
2	245
26	590
58	1386
19	159
69	469
8	13
2	7
0	10
1	5
0	11
0	0
0	0
0	0
0	0
0	0
0	0
0	0
0	0
0	0
0	0
0	0
0	0
0	2
0	2
0	0
0	0
1713	1492
0	0
11	1495
3	1151
0	1421
8	387
2	374
7	90
1466	3842
1	2914
0	0
0	229
26	1153
0	619
0	1
2	186
16	0
1781	406
0	52
0	330
0	380
5	273
579	1041
3	1021
173	991
0	10
3418	2
0	0
0	0
0	0
0	0
0	0
0	2
0	2
1	269
16	36
4	29
0	258
0	2
0	7
5	1
26	3702
222	3702
2	817
0	0
33	2130
40	2130
0	496
700	71
2	40
2	31
2854	569
3	172
0	280
0	204
39	0
0	0
0	91
119	2
0	0
0	50
0	2
218	409
9	344
6	344
346	0
246	65
4	65
1667	0
0	0
2604	2507
0	2538
113	1299
15	1149
136	999
0	0
53	0
18	4143
0	0
0	0
1	31
6	30
0	0
0	1
0	1
0	27
0	28
0	6
1	5
0	1
0	0
0	0
0	3
0	3
0	3
0	0
0	0
0	0
0	0
0	0
0	0
0	0
199	507
4	420
19	507
0	49
1	0
0	0
1	78
0	82
0	73
0	5
0	78
0	20
5	20
11	2638
6	2547
0	233
22	9
2	2095
5	85
136	0
80	822
0	268
2	190
0	745
3	517
2	640
48	797
7	361
88	893
19	202
10	193
7	529
390	0
2433	414
0	0
13	34
0	27
0	33
0	8
0	0
1	2
0	2
0	0
0	0
0	0
0	0
0	0
0	0
0	0
0	0
0	0
0	0
1	7
0	7
0	7
0	0
0	0
0	3
0	0
0	1
0	0
0	2
0	2
0	0
0	0
1	2
0	0
0	0
0	1
0	1
0	0
0	0
0	0
0	0
0	0
0	0
36	7
0	7
0	0
0	0
0	0
0	0
0	0
0	0
0	0
0	0
1	0
7	0
0	0
0	4
9	217
0	181
0	217
0	0
5	41
198	380
2	180
11	103
0	355
0	6
0	6
6	3
0	3
0	0
0	2
0	26
0	0
0	26
1444	1
0	0
1	0
0	0
0	0
0	0
0	0
588	2827
0	160
0	2185
7	805
0	16
5	151
282	263
59	530
10	40
2142	1571
2	1515
0	1399
0	1377
0	1444
4	156
1	199
1	2
0	2
123	0
1	593
0	595
40	337
0	0
1	0
28	7
3	7
1403	0
0	0
12	66
438	390
1	324
0	0
0	0
0	0
0	0
0	0
0	0
0	0
0	0
0	0
0	0
0	0
0	0
0	0
0	0
0	0
0	0
0	0
0	0
0	0
0	0
0	0
0	0
140	0
10	0
9	0
1425	0
0	97
3	61
12	97
65	1283
591	1811
81	622
0	576
0	0
41	528
29	153
739	181
10	0
10	0
0	0
0	0
0	5438
8	3421
0	4114
4	811
0	3533
105	1945
0	2912
0	840
31	5083
1	282
0	806
0	1491
14	3663
55	1310
11	563
1	162
1	1735
11	957
39	0
46	301
0	0
0	0
0	0
83	712
36	709
150	762
0	759
0	25
1	725
23	0
0	0
0	0
0	0
0	0
0	0
0	0
0	0
0	0
0	0
0	0
0	0
0	0
0	0
0	0
0	0
0	0
0	0
0	0
0	0
0	0
0	0
1	7
0	0
0	0
0	0
0	0
0	0
0	0
0	0
584	401
0	326
9	401
603	4501
75	2725
21	2789
11	183
8	1734
0	1300
0	2
14	618
62	344
0	344
2	0
2133	396
11	396
183	94
1	94
0	0
4	2
2	2
0	0
0	0
146	299
0	3179
5	2030
2	3193
2	1711
0	0
8	2913
1	90
1	1294
0	0
0	0
0	0
1	556
0	544
1	531
5	287
0	519
0	0
3	130
37	392
0	205
315	2370
1227	2371
3	0
0	0
3	137
0	0
68	0
4054	446
2	442
90	15
2	9
2	6
8	33
8	33
0	0
19	5
8	45
1	45
0	5933
0	5718
47	6040
16	3835
0	0
5	1173
2	1316
0	0
8	500
0	20
2	7
0	120
1	1
16	120
0	0
13	0
0	0
0	65
0	11
0	11
0	9
0	9
0	0
0	2
0	0
0	0
0	0
0	0
0	10
0	10
0	7
0	10
0	10
1	10
0	7
0	5
0	2
0	0
0	0
0	0
25	94
13	157
0	137
0	0
0	151
0	29
0	0
0	46
0	0
174	99
0	76
0	73
2	36
0	8
0	0
0	0
0	0
0	0
0	0
0	0
0	0
0	0
0	0
0	0
0	0
0	0
0	0
0	0
0	0
0	0
0	0
0	132
0	111
0	84
0	0
0	29
0	18
0	46
0	399
0	49
0	85
0	5
0	20
0	47
0	140
0	17
0	0
0	0
0	72
4	21
0	39
0	47
0	101
0	13
0	21
0	148
0	0
0	0
4	9
0	66
0	20
0	127
0	0
14	18
0	95
0	249
0	0
0	19
7	21
0	16
0	0
2	2
9	9
3	11
0	0
1	10
0	161
1	117
0	107
0	0
0	13
0	98
0	449
0	166
0	217
0	108
0	0
0	91
0	147
0	154
0	245
0	198
0	317
0	445
12	173
1	71
0	0
0	71
0	385
0	135
0	226
2	290
0	293
0	316
0	121
0	46
0	0
0	0
0	31
0	20
0	0
0	122
1	7
0	0
0	0
1	1
0	0
0	101
26	0
0	0
0	22
0	25
0	11
0	0
0	0
0	0
0	0
0	0
0	0
0	0
0	0
0	0
0	0
3	1
5	0
0	0
0	0
0	0
0	0
0	0
0	0
0	0
0	0
0	0
0	0
0	0
0	0
0	0
0	0
0	0
0	0
0	0
0	0
0	0
0	0
0	0
0	0
0	0
0	0
0	0
0	0
0	0
0	0
0	0
0	18
2	7
0	15
1	12
0	0
0	0
0	0
0	0
0	1
0	7
0	2
0	0
0	1
10	0
0	0
0	0
0	0
0	0
0	0
0	0
0	0
0	0
0	0
0	3
0	0
4	2
0	5
0	0
0	1103
0	0
0	0
0	0
0	0
0	0
0	0
0	0
0	0
0	0
0	1
0	0
3	5
1	5
0	0
2	5
0	5
0	27
0	0
0	0
144	10
2	1259
24	2874
1	52
0	17
6	31
0	15
6	9
0	6
10	5
2	5
481	3404
872	3233
9	3057
3	3092
21	0
0	0
0	0
17	0
27414	3888
12	837
0	1147
3	640
14	217
10	550
5	181
1	477
0	0
0	0
0	0
0	0
900	18650
11	18623
1	1234
2	2283
4	3668
0	3185
0	1524
3	1329
51	222
0	131
48	65
654	215
1	54
4	73
7	135
0	6
8	11
5	7
0	5
0	0
13	0
1	28
96	214
11	212
124	27
7	657
9	569
2	227
3	170
0	49
9	262
2	110
6	168
4	182
11	189
0	174
2	36
13	0
0	1003
24	305
0	1000
1	805
37	147
0	17
68	420
3	394
1	394
0	341
21	392
9	393
0	4
3	0
1	0
0	0
1562	1712
0	1712
0	0
30	0
0	0
10	1491
17	1564
12	67
0	1517
0	436
13	8
0	1
0	7
0	0
2	0
4	818
3929	1823
1	285
6	191
3	424
0	172
8	278
0	0
3	9
0	1
4	68
0	69
0	1
0	2
0	4
1	0
0	4
0	68
1	0
1	2
9	34
121	837
0	806
0	124
26	785
0	71
0	243
0	280
0	34
2	80
0	158
0	0
0	117
2	0
0	0
29	9510
0	1760
28	193
46	1675
0	8664
9	7437
3	2459
0	1156
8	6319
21	690
11	1434
0	1980
5	4586
0	1115
0	127
0	1
5	2162
29	583
0	0
3	20
0	20
97	2873
0	2917
93	2786
7	300
1	2127
16	2712
121	1142
3	3
0	307
5	0
12	3
6	385
0	270
70	1869
1033	3000
0	622
0	324
3	928
10	78
68	354
0	354
0	43
0	0
137	582
8	584
0	19
0	4
247	192
8	192
0	28
25	139
0	2
0	0
117	1855
1	2100
8	1805
66	1831
18	1750
8	342
3	96
0	45
6	60
3	291
0	139
4	145
0	18
0	9
0	3
26	219
0	7
0	8
0	2
54	440
0	201
0	188
1	435
1	182
0	110
3	11
257	646
24	606
1	0
8	40
0	9
0	4
46	194
10	200
4	94
0	72
48	0
32	621
463	2366
8	2134
3	261
15	290
0	2
0	1
0	0
0	1
0	0
0	1
0	2
0	2
0	0
0	2
0	0
3	9
55	177
0	21
4	20
2	4
0	0
0	0
0	19
3	9
0	130
0	0
331	10
0	6
0	0
0	0
0	0
0	0
0	0
0	0
0	0
1	0
8	4
0	4
39	1
0	1
281	532
1	0
247	532
9	56
0	12
0	52
1	7
208	132
2	27
6	5
0	124
22	43
3284	3904
0	3567
29	381
1	1701
4	358
4	1922
13	1217
2	348
0	0
0	139
9	836
43	898
0	88
81	0
1	0
11	5805
0	3372
0	5648
0	5805
17	4613
6	52
0	0
3	215
21	161
1	21
0	251
5	177
0	0
8	235
1	24
1	220
6	0
1	13
1639	6185
56	57
0	57
35	1290
65	1268
49	22
52	0
0	0
0	0
0	0
0	0
303	196
4	2
1	61
1	15
6	71
1	37
0	16
0	37
0	26
0	0
2	0
41	428
0	350
6	314
22	319
5	72
7	0
588	314
7	21
5	2
30	189
9	74
7	0
0	478
0	22
16	487
0	487
2	88
4	59
0	29
8	72
0	139
91	7
0	10
45	95
1	27
3	0
8	873
2	1439
1	852
4	63
2	893
0	0
6	0
14	0
1	7
0	7
0	0
0	0
0	896
0	880
0	826
0	971
0	893
6	615
2	109
0	50
429	401
3	371
0	401
2	289
1	91
1	60
2	7350
68	6190
200	11724
20	6494
36	543
12	7559
46	462
4	22
150	462
5	56
0	56
0	401
0	0
23	0
0	0
83	37344
10477	37344
0	1
0	1
2	61
7	61
7	172
29	172
0	0
3	123
24	123
0	8
2	8
0	0
2	48
0	0
0	0
15	3
0	3
35	430
77	430
0	0
0	0
0	0
0	0
0	0
0	0
0	0
0	0
0	0
0	0
0	0
0	0
0	0
0	0
0	0
0	0
0	0
0	0
0	0
0	0
0	0
0	0
0	0
0	0
0	0
0	0
0	0
0	0
0	0
0	0
0	0
0	0
0	0
0	0
0	0
0	0
0	0
0	0
0	0
239	30
0	0
23	1
0	0
115	0
0	0
16	0
4	102
0	0
2	30
0	0
0	0
189	1
0	0
0	0
0	37
6	37
0	0
62	0
18	0
0	0
0	0
0	355
149	355
0	0
0	0
0	0
124	0
0	0
0	0
0	0
0	0
0	0
0	0
0	0
0	12
3	12
0	25
7	25
1030	1
0	0
0	0
64	0
0	0
17	0
0	0
0	0
0	0
29	1
15	0
0	0
0	0
12	0
0	1
0	0
1	0
32	0
0	0
0	0
0	0
0	12
2	12
0	0
0	1
0	0
251	3
278	0
0	0
0	0
0	0
0	0
0	0
0	0
0	87
57	87
36	0
0	4
2	4
0	0
0	0
34	50
0	50
0	545
138	545
0	0
0	0
110	0
0	0
0	0
0	64
21	65
1	0
219	1
0	0
0	0
0	0
0	0
548	1
0	0
3	0
1	0
0	0
192	1
0	0
62	14
0	0
0	127
125	127
0	0
171	1
0	0
69	14
0	0
0	0
0	2
0	2
44	171
0	171
0	0
0	0
0	32
21	32
0	9
0	0
0	0
1	0
95	1
0	0
0	0
0	0
39	50
0	29
0	0
0	102
88	103
7	13
0	13
0	0
1	0
148	0
3	1
0	0
0	0
0	0
295	65
0	0
1	0
0	0
0	0
0	12
4	12
0	0
2	2
95	41
0	0
0	0
0	0
3	23
0	23
0	0
175	2
0	0
0	0
0	47
14	47
0	0
0	0
0	0
0	0
0	0
0	15
12	15
0	0
0	0
0	0
0	0
0	0
0	0
52	3
73	2
0	0
2	20
0	20
932	14
0	0
0	0
0	0
160	0
126	8
0	0
0	1
0	1
2	9
0	0
0	0
0	0
42	4
121	0
2	5
0	5
0	0
40	6
0	13
0	0
0	0
0	0
0	0
0	0
0	35
2	41
0	226
0	1
0	1
0	0
3	0
0	0
869	4
0	0
0	0
0	0
0	0
3	1
0	0
232	0
0	1
0	1
0	0
0	0
0	0
10	41
0	41
202	163
0	163
2	0
0	0
0	0
0	0
0	35
0	41
763	229
0	0
0	0
0	0
0	0
8	37
0	37
0	0
0	0
0	2
71	6
0	0
0	102
46	102
0	0
0	4
3	4
0	186
109	186
0	0
0	0
0	0
4	36
110	1
208	2
0	0
0	0
0	89
49	89
0	0
1	7
0	8
126	2
0	0
70	994
14	44
149	996
36	0
1	20
59	24
0	10
0	2
0	13
1	0
0	0
0	4
0	0
0	0
0	0
0	0
19	76
57	246
2	135
3	0
0	0
13	108
0	0
0	29
0	35
0	0
10	0
7	9122
81	4329
17	5516
17	356
1	471
49	320
109	6801
39	6721
208	0
1240	539
1	58
4	56
10	43
29	0
782	453
0	0
0	0
4	17
1	591
15	991
10	105
32	987
0	8
1	0
0	0
0	0
0	0
0	0
0	0
0	0
0	0
30	1403
26	128
0	0
1	0
8	0
16	630
1	1191
62	73
2	0
22	0
0	12
0	0
597	308
28	173
0	283
0	26
10	26
0	5
0	5
152	0
378	381
25	381
4	7
0	0
1	0
0	1
0	0
0	0
0	0
0	0
1	1
0	1
0	0
0	0
0	0
0	0
439	88
11	88
4	55
14	1628
0	723
0	723
0	0
28	725
37	725
0	721
0	0
0	0
0	0
0	0
0	0
0	0
0	1
0	7
0	4
0	0
0	4
4	6
0	0
4	0
0	0
1	0
0	0
0	0
0	0
0	0
0	0
9	4
0	0
0	0
0	0
0	0
0	0
0	0
0	0
0	0
43	237
0	0
0	0
13	3
0	3
0	0
0	37
0	2
0	64
1	4
0	8
3	54
0	6
30	8
0	14
0	8
1	9
0	5
2	0
337	15842
0	719
53	5261
298	318
0	14554
0	633
18	5478
0	9
52	1259
9	1784
52	0
650	1804
4	1573
0	6
4	21
49	985
32	231
7	11
3	32
437	71
1	0
0	47
21	22
0	0
1	0
0	0
0	0
0	0
0	0
0	0
0	0
0	0
0	0
2696	7108
0	613
31	6231
5	1394
7	429
35	294
35	0
13	10
0	130
96	130
1	0
0	0
0	0
0	0
223	3702
0	3702
0	642
10	0
4	0
0	7
0	7
0	0
0	0
1099	1576
129	1383
0	341
712	2308
0	2141
1	515
0	53
1931	380
0	0
0	0
0	0
0	0
0	0
0	0
1	0
0	0
0	0
0	0
0	0
0	0
0	0
0	0
0	0
0	0
0	0
0	0
61	809
0	707
0	108
0	20
0	601
0	601
0	559
0	0
0	0
0	0
0	0
0	0
0	0
0	0
0	0
0	0
0	0
0	3
0	3
0	0
0	1
0	1
0	0
0	0
0	0
0	0
0	0
7538	2199
4	2184
11	1743
5	0
0	5
1	5
0	0
0	0
1	0
0	0
0	0
0	0
0	0
0	0
18	1930
250	1912
1	28
1	118
0	333
14	212
1	93
8	44
36	2094
606	5739
1	5582
1	397
0	692
0	754
23	338
716	3579
21	211
17	3226
18	1051
4	1652
1	793
0	383
0	0
0	0
0	0
0	0
0	0
0	0
2	0
0	0
0	0
0	0
0	0
0	0
0	0
0	1
0	0
0	0
1	1
3	0
0	0
0	1
0	1
0	0
1	0
4	21
0	0
0	0
0	0
0	0
0	638
4	671
0	31
0	46
0	42
7	0
1	33
0	92
7	0
0	116
0	36
128	183
10	148
0	72
0	66
0	30
0	14
1	10
1	0
4	0
6051	2018
4	1246
1	913
3	1200
22	533
0	0
0	2
0	0
0	0
0	0
0	0
1	0
0	0
506	1849
0	0
0	1807
3	30
10	31
0	342
0	0
0	0
0	0
13	7133
4	2971
5	146
948	6568
12	0
0	205
2	45
0	0
95	3169
5	2
0	0
0	0
406	1199
13	971
0	1037
27	0
50	0
158	0
22	0
50	0
39	0
20	0
7	563
0	0
0	0
3	0
0	0
0	0
0	2404
0	2244
0	2167
0	2234
41	1380
0	2194
2	2293
3	742
0	1085
0	949
0	0
0	185
3	891
0	222
0	539
14	85
5	413
0	474
1	0
0	238
0	347
10	172
0	46
2	256
0	15
0	89
105	0
0	0
32	0
0	0
0	0
28	59
0	44
1	0
4	0
8	0
6	15
1	0
1	0
0	9
0	0
0	0
0	0
0	0
0	0
0	0
0	0
0	0
0	0
0	0
0	0
1	2
0	0
0	0
0	0
0	0
9	500
0	499
1	3
3	1
0	85
6	5
5	31
2	85
3	0
0	11
1	0
15	101
2	7
3	0
10	2
0	0
12	0
0	0
0	0
5	0
404	483
0	149
1	41
9	315
3	32
0	8
0	8
0	1
0	1
0	0
0	10
1	2
0	55
1555	1644
0	519
1	101
2	1015
0	0
3	56
10	75
1	2032
13	1414
0	2032
4	1779
0	1833
88	1964
24	723
3	301
4	168
2	0
25	0
0	0
0	0
4	147
223	173
10	147
0	157
2	0
175	975
5	260
0	271
0	739
55	76
0	842
78	423
4	283
0	0
0	0
2	7
0	0
0	0
1	0
2	15
2	1
0	2
0	2
0	0
0	0
0	0
1	0
0	0
1	0
0	0
0	2
0	2
0	2
0	0
0	0
5	0
0	0
0	0
0	0
0	0
0	0
0	0
0	0
0	0
0	0
0	0
0	0
0	0
0	0
8	2124
0	1
0	0
0	0
0	0
0	0
0	40
0	0
16	1414
11	1264
17	1312
312	1259
0	156
0	130
0	116
0	0
0	0
0	0
1	0
1853	2437
8	2159
0	0
0	278
2	0
0	610
1371	1462
19	1197
2	77
2	0
9	241
35	19
1	5
0	0
122	2
0	0
0	2
0	0
17	25
2	4321
0	0
0	0
525	1238
31	214
2	1040
0	177
0	65
12	641
0	1027
0	0
1	15
0	0
4	136
0	0
1	276
24	51
2	219
10	460
21	133
15	228
0	702
0	679
22	524
0	153
54	75
1	82
0	75
17	238
7	185
44	166
0	0
863	889
0	788
1	230
3	134
1	485
7	327
2	300
0	215
4	119
17	140
0	71
1	11
1	553
1	1909
54	1983
6	1946
23	574
1	5
0	180
0	0
0	0
73	0
220	742
103	0
81	599
7	99
0	0
3	11
1	7
0	5
0	0
0	0
0	0
0	0
0	0
0	0
0	0
0	0
0	0
0	0
0	0
0	0
205	636
1	634
82	469
2	526
2001	2784
0	2784
0	0
5	541
36	543
1	127
0	0
0	0
0	1
9	225
0	0
0	0
4	0
4	0
2	40
0	2
8	35
247	42
0	0
0	0
0	0
1	0
0	0
0	0
2	0
0	0
0	0
0	0
0	0
681	138
0	134
0	0
0	0
0	0
0	0
0	0
1	0
0	0
0	0
3	57
0	0
0	0
12	0
0	0
0	0
0	0
0	0
0	0
0	0
0	0
3	0
0	0
0	0
8	13
2	13
0	0
14	156
56	503
149	501
6	0
606	3203
92	3144
0	2824
13	395
1	128
37	0
0	0
71	0
22	693
0	232
0	0
0	1
2083	657
6	647
0	0
17	1
44	0
4	21
5	0
0	0
0	108
656	815
1	710
57	40
0	119
19	1
24	330
0	0
0	0
0	0
1	0
0	0
0	0
0	0
0	0
0	0
0	0
0	0
5	0
23	147
2009	586
3	377
24	62
54	0
0	0
1	28
0	34
0	34
0	8
0	0
1	0
0	0
0	0
0	30
0	0
0	8
0	0
0	0
1	0
0	0
0	0
0	1
0	1
0	0
9	0
0	0
0	0
0	0
0	0
0	0
4	0
0	0
5	0
1	0
0	0
4	0
4	393
0	1059
0	919
0	1131
1	307
2	791
6	717
6	618
122	320
0	2
69	0
0	0
0	0
0	0
0	0
175	59
0	19
0	42
1	29
1	40
0	48
0	28
0	33
0	0
0	0
0	0
0	0
0	0
0	0
0	0
11	0
30	5
0	5
3	0
0	0
1	0
4	38
22	199
235	535
12	390
3	10
1	209
19	0
0	115
0	0
71	67
21	0
25	0
0	0
0	0
0	0
52	30
12	15
3	30
0	0
0	0
0	0
0	1
0	1
0	1
0	0
0	0
0	0
0	0
0	0
0	0
0	0
0	0
1	0
0	0
0	0
0	2068
1	2068
31	291
1	1830
0	1547
2	471
9	10
0	0
0	0
0	0
0	0
0	0
0	0
101	295
14	295
10	289
0	0
13	1345
0	1154
5	1360
2	25
14	714
61	823
1	363
0	0
5	21
0	0
0	53
0	55
0	59
0	57
0	55
0	52
0	36
0	21
5	0
0	1715
205	1715
0	0
27	0
0	0
0	0
18	20
0	20
0	0
0	0
5	327
18	111
0	0
0	0
197	1189
4	1146
2	121
0	85
0	0
0	0
0	0
0	0
0	0
0	0
0	0
0	0
0	0
0	0
0	0
0	0
0	0
0	0
0	0
0	0
0	0
0	0
0	0
0	0
0	0
581	3742
104	8180
0	16
287	4367
0	11
0	6064
2441	169
2103	4087
1086	4535
1497	408
1	9
1580	3781
1	0
3600	0
773	3249
181	5568
5	10
18	4746
29	4751
1	10321
0	10249
5	9802
0	16
614	7083
1466	7083
497	9802
0	16
1	10253
7	9854
0	0
1	0
0	0
0	0
0	0
0	182
0	171
8	179
0	26
0	159
3	26
0	0
0	0
0	0
0	0
46	55
0	63
5	34
14	10
0	0
0	0
0	0
0	0
0	0
0	0
12	16
77	8306
1533	8096
443	1586
583	8308
0	16
2039	2800
1	0
0	0
0	0
1	1
0	0
0	0
0	0
0	0
0	0
0	0
0	0
0	0
0	0
0	0
0	0
0	0
0	5
0	0
0	0
0	0
0	0
0	0
0	0
0	0
0	0
0	0
0	0
0	0
0	0
0	0
0	0
0	0
0	4
0	0
0	0
0	0
0	0
0	0
0	0
0	0
0	0
0	0
0	0
0	0
0	0
0	0
0	0
0	0
0	1
0	1
0	1
0	0
0	0
0	0
0	0
0	0
0	0
0	0
0	0
0	0
0	0
0	0
0	0
0	0
0	0
0	0
0	0
0	0
0	0
0	0
0	0
0	0
0	0
0	0
0	0
0	0
0	0
0	0
0	0
0	0
0	2
0	0
0	0
0	1
0	1
0	0
0	0
0	0
0	0
0	0
0	0
0	0
0	0
0	0
0	0
0	0
0	0
0	0
0	0
0	0
0	0
0	0
0	0
0	0
0	0
1	0
0	1
0	0
0	0
0	1
0	0
0	0
0	0
0	0
0	0
0	0
0	0
0	0
0	0
0	0
0	0
0	0
0	0
0	0
0	0
0	0
0	0
0	0
0	0
0	0
0	0
0	0
0	0
0	0
0	0
0	0
0	0
0	0
0	0
0	0
0	0
0	0
0	0
0	0
0	0
0	0
0	0
0	0
0	0
0	0
0	0
0	0
0	0
0	0
0	0
0	0
0	0
0	0
0	0
0	0
0	0
0	0
0	0
0	0
0	0
0	0
0	0
0	0
967	247
0	238
5	272
3	212
0	2
32	11
0	0
491	0
10	4
5	4
32	0
105	12
4	12
2	9
0	0
0	0
0	0
0	0
0	0
15	0
6446	4613
340	3781
0	4
1214	1829
2113	1470
3863	3223
4139	1027
8108	423
3752	1060
760	7458
0	16
2288	6180
984	2024
492	8790
0	16
1143	3993
7826	39
108	5997
7	5998
98	28
8860	541
0	19
0	0
1199	6881
0	0
0	16
4774	6412
6	0
4824	3051
0	131
76	226
0	95
0	39
0	0
11605	630
2621	2698
7	2720
0	16
4053	3061
1723	7604
0	16
1829	5176
20	0
2280	4456
1927	4666
1676	2865
4032	0
2	6
0	6
0	6
0	0
1	24
1	23
0	17
1	12
0	2
0	2
0	2
0	2
0	0
0	0
0	1
0	0
0	1
97	416
27	395
6	398
17	397
0	284
0	0
0	1211
0	3
0	0
101	19
0	1
0	19
0	0
1	1356
1	278
27	1921
81	1742
0	205
18	566
0	16
37	354
0	25
1	96
3	11
3	1
0	0
0	0
0	0
0	0
0	0
0	115
0	123
0	952
1	929
0	1
0	1
0	0
4	952
0	13
0	0
0	316
1	34
0	14
0	5
0	0
2	48
0	307
1	0
0	0
0	0
0	0
0	48
0	53
1	51
0	308
0	4
1	33
0	49
0	33
0	6
0	4
3	2
4	35
0	0
0	541
68	561
2	361
1	262
3	90
6298	793
0	779
0	0
498	0
1	0
35	823
1	73
37	55
0	548
0	34
1	766
8	11
0	34
1	34
0	1
0	1
0	0
0	0
0	0
829	2
395	0
902	94
4	38
3	56
3318	307
3	17
7	126
5	171
2	0
3	2
4	3
0	2
0	0
0	1
4	8
0	8
0	2
0	0
0	0
0	0
0	0
1	0
0	0
0	0
0	0
0	0
0	0
0	0
1	4
2	1177
0	0
0	0
0	0
0	0
0	0
0	0
0	0
0	0
0	0
0	0
0	0
0	0
0	0
0	0
0	0
0	0
0	0
0	0
0	0
0	0
0	0
0	0
0	0
0	0
0	0
0	0
0	0
0	0
0	0
0	0
0	0
0	0
0	0
0	0
0	0
0	0
0	0
0	0
0	0
0	0
0	0
0	0
0	0
0	0
0	0
0	0
0	0
0	0
0	0
0	0
0	0
0	0
0	0
0	0
0	0
2	0
0	0
0	0
0	0
0	0
0	0
0	0
0	0
0	0
0	0
32	526
0	0
4	1
0	1
1	1
7	3
0	0
12	34
0	3
0	1
2	0
3	11
0	23
0	0
0	0
0	9
0	0
0	0
6865	39
0	0
1	0
0	0
0	0
0	1
0	498
0	0
202	499
4	8
7	42
14	438
62	380
5	293
1	208
0	83
24	132
6	132
0	1068
9	1068
87	1063
0	5
0	0
0	0
0	0
0	0
72	208
1	1843
4305	5152
0	0
0	1499
12	0
3	2425
0	6
0	6
0	7
48	10
0	3
1	1
49	0
0	0
5517	0
0	0
21	235
18	47
0	12
0	322
0	376
0	0
16	300
4	300
0	6
7	0
9	1914
0	1949
4	141
1	15
10	385
16	385
3	41
13	0
0	2
0	2
0	0
6	0
0	0
0	0
3	0
0	1
0	0
8	1
1	0
0	0
0	0
73	0
629	0
0	0
0	0
1	0
2	8
0	8
6	0
0	0
303	8
0	0
0	0
4	0
150	0
3272	3377
60	0
0	0
0	0
638	0
267	3298
16	68
9	392
157	0
0	0
0	0
0	0
0	2
0	3
0	1
0	0
0	0
0	0
7	2
85	1765
56	1649
0	2
3	0
0	243
2	238
7404	6214
0	1547
42	4167
2	3235
0	0
0	1
0	1
0	0
2	151
0	135
0	131
0	9
0	0
1	470
2	470
5	0
0	0
0	0
0	0
1	4
0	0
0	0
0	0
0	0
0	0
0	0
0	0
0	0
0	0
0	0
0	0
0	0
0	0
0	0
0	0
0	0
0	0
0	0
0	0
0	0
0	0
0	0
0	0
0	0
0	0
0	0
0	0
0	0
0	0
0	0
0	0
0	1
0	1
0	1
0	9604
50	10454
0	9548
10	9551
0	1449
0	4768
3	3740
39	3646
1	2947
61	3421
0	2534
1	1775
15	721
0	675
1	2
29	1
0	1
14	0
3	358
606	397
4	395
1	231
0	387
0	5
4	6
3	2197
37	415
286	2145
0	0
0	1058
3	141
0	97
85	409
5	100
14	228
0	39
0	32
0	141
1573	703
0	0
0	0
0	0
523	746
0	46
1	0
45	99
94	99
51	2920
63	2968
0	238
4	244
0	154
3	0
0	0
0	8
0	0
0	3
0	3
0	0
2	0
29	499
2	448
0	456
0	68
0	0
0	0
0	0
0	0
0	0
0	0
0	0
1	0
0	7
6	0
1154	4184
14	1504
0	3710
13	1816
5	506
0	102
6	218
2	107
5	29
7	219
0	7
2	6
0	5
0	2
0	0
0	0
0	0
52	80
1	80
0	0
7	2
0	0
0	2
30	929
33	997
0	929
0	929
9	228
0	168
1	97
0	494
0	462
11	503
12	473
11	454
2	260
1	0
0	0
0	0
0	0
0	0
0	0
0	0
0	0
0	0
0	0
0	0
0	0
0	0
0	0
0	0
0	0
0	0
0	0
0	0
0	0
0	0
0	0
0	0
0	0
5	0
0	0
0	0
0	0
0	0
3	573
6	0
0	0
32	571
0	20
0	0
77	0
52	168
0	21
19	133
0	138
0	0
0	0
0	0
0	6
0	6
0	0
332	0
13	204
0	0
0	0
4	0
16	1100
2	363
0	442
0	108
4	1021
0	862
0	1009
0	0
11	96
3	175
64	0
0	141
0	213
0	0
0	58
0	4
0	0
0	0
1	1
1	1
0	1
0	0
0	0
0	38
2	42
1	37
0	8
0	9
0	0
1	0
0	0
0	384
0	372
1	120
0	0
0	85
3	74
0	0
0	0
0	0
1	0
0	0
115	10
36	10
4	0
1	0
0	0
0	0
0	0
0	0
2	0
3	0
0	0
0	0
0	1
0	1
0	2
0	2
0	1
0	1
1	1
0	0
2	0
0	0
0	0
0	0
0	0
1	0
8	44
1	21
1	23
4	23
0	0
0	0
5	0
1	0
0	0
1	0
7	86
5	0
4	64
84	1175
9	2159
10	1169
0	437
11	1169
5	118
34	2086
0	2149
6	233
4	2895
0	2530
7118	2914
1	613
1	38
0	38
21	27
0	16
4	735
1	504
9	163
2	71
10	200
4	181
0	55
1	72
0	69
41	9
17	1
7	203
11	268
41	160
0	0
6	3
4923	30375
233	30375
0	3
4	1536
3	232
165	193
84	499
0	291
549	536
0	82
5	64
0	0
0	0
0	0
393	76
1	40
0	36
0	0
0	0
0	0
987	12321
14	12317
4	12321
70	8691
1	0
6	0
0	0
11	0
3	52
478	52
0	47
0	0
521	169
2	117
4	118
0	0
0	0
0	0
0	0
4	1
0	1
0	0
0	0
0	0
0	0
16	936
0	1011
3	742
15	896
238	223
1	338
1	266
0	142
0	300
17	338
11	164
19	147
13	0
0	0
0	0
0	0
0	0
0	0
0	0
0	0
0	0
0	0
0	0
0	0
0	0
0	0
0	0
0	0
0	0
0	0
0	0
0	0
0	0
0	0
0	0
0	0
0	0
0	0
0	0
0	0
0	0
0	2
0	2
0	1
0	0
0	0
0	0
0	0
0	0
0	0
0	0
0	0
0	0
0	0
0	0
1	7
0	0
0	0
344	984
0	0
0	0
39	984
0	0
0	0
8	1117
1	133
2	0
2	0
2	10
5	0
6	1766
17	378
57	1555
0	64
18	1539
2510	0
0	1
0	1
0	1
0	1
0	1
0	1
0	1
0	0
0	0
0	0
0	0
0	0
0	0
0	0
0	0
0	0
0	6
0	6
0	0
1	0
709	0
0	0
6	3778
165	3771
0	436
38	299
1	0
0	0
0	0
0	1
0	1
11	0
0	0
0	0
0	0
0	0
15	11
1397	13
0	1
0	1
0	1
44	302
0	303
0	220
0	107
0	254
0	73
11	163
0	0
0	46
0	0
0	0
1	2
1	2
0	0
7	0
2028	353
0	133
0	100
0	80
0	40
665	0
0	0
0	0
0	0
0	0
0	71
5	2
0	20
0	20
0	21
0	72
0	0
2	22
0	0
0	0
0	4
0	0
0	0
0	6
0	0
0	7
0	4
0	4
0	4
0	4
1	0
0	5
0	18
0	166
0	156
0	94
2	35
0	35
0	104
0	56
3	83
2	62
237	0
0	0
9	74
0	145
0	201
3	91
0	105
0	35
0	47
0	136
5	162
0	191
32	57
150	1537
3	910
5	5
0	808
3	449
0	668
0	200
117	1776
50	642
0	200
0	1327
0	0
0	458
19	60
2	258
0	0
0	81
0	0
0	0
0	0
1053	244
8	21
71	223
10	0
0	0
0	0
0	0
8	189
0	189
0	0
0	0
7	0
0	0
0	0
0	0
0	0
0	0
0	0
0	0
0	0
0	0
0	0
0	0
0	0
1	0
0	0
0	0
0	0
0	0
0	0
7	0
0	0
0	0
0	0
0	0
3	72
0	50
4	1127
2	1401
0	415
0	31
10	1589
0	20
2	263
59	1511
1	75
2	59
1	54
0	0
1	845
0	123
0	459
1	369
0	463
2	390
0	510
0	453
2	383
0	165
2	2
10	157
2	36
0	0
9	343
7	0
0	0
0	0
0	0
0	0
0	0
0	0
0	0
0	0
388	574
0	574
0	0
0	0
189	248
0	210
0	0
5	38
1881	1052
3	959
2	1001
0	0
50	183
14	89
2	41
0	0
30	4
12	4
0	0
0	0
0	0
2	0
134	15
0	2
0	4
0	10
0	2
0	0
0	0
46	454
0	355
0	248
0	0
1	0
0	93
1	0
2856	103
5	103
2521	1622
9	132
4	148
1	490
3	275
7	218
15	120
3	388
0	246
128	4529
209	2402
33	276
14	0
102	275
2	2169
0	114
3	228
0	106
0	26
0	0
4	26
0	0
0	0
15	9
46	18
0	0
2	4
7	0
0	5
146	0
7	1
263	263
0	0
2	263
0	159
4	191
0	170
2	56
5	49
282	1870
0	177
9	1505
2	193
42	1419
6	3372
32	4329
1	875
0	684
8	985
6	385
6	73
1	0
57	93
0	0
0	0
10	93
0	0
0	0
0	0
1	0
0	0
0	0
3	1
0	0
3	1
829	0
0	0
0	0
0	0
2	122
31	315
0	14
0	207
2	19
4	15
31	15
3	0
1002	0
0	0
0	0
0	0
0	0
203	0
0	0
29	100
0	95
1	99
0	33
0	49
0	0
1	0
0	0
1172	0
3	0
16319	16
0	495
0	515
0	518
0	495
0	502
0	499
17	176
0	287
0	460
0	471
0	27
21	441
2	400
0	148
0	23
0	399
9	236
0	677
107	660
6	245
15	11
1	15
0	15
0	2
0	4
0	6
0	4
122	358
33	358
7	210
309	1227
0	1231
0	1264
1	10
237	1734
0	1734
2	1626
121	138
5	570
9	113
20	113
5	841
69	841
17	138
0	2
0	2
1945	4
8	1208
1	131
4	1227
0	38
3	1200
0	134
0	1199
44	10
11	232
0	3044
1	2935
23	140
56	0
0	2646
0	116
1	374
6	210
0	0
0	302
0	118
0	0
0	0
0	0
0	0
0	0
0	0
0	4
0	0
0	0
0	0
0	0
0	0
0	0
0	0
0	0
0	0
0	0
0	0
0	0
0	0
0	0
0	0
0	0
0	0
0	0
0	0
0	0
0	0
0	0
0	0
0	0
22	188
7	42
0	89
3	186
4	9
1	34
4	17
12	92
0	16
0	15
0	2
0	73
0	74
0	0
0	0
0	0
0	0
0	0
0	0
0	0
0	0
0	0
0	0
0	0
0	0
0	0
0	0
379	4090
2	4090
2	2
6	2
0	2
3	168
138	69
0	0
0	0
0	0
0	0
112	0
0	23
0	49
0	42
1	26
1139	35
0	0
415	315
29	211
1	82
0	56
8	40
14	67
13	0
0	571
4	571
6	566
0	47
0	11
1	11
0	9
0	6
2	5
0	5
0	4
3	1
0	0
0	0
310	189
9	189
8	0
0	0
0	0
0	0
113	0
0	0
0	0
151	0
50	2842
106	991
22	303
1	2787
45	517
0	0
0	0
1	241
42	327
0	152
23	154
14	107
0	33
55	85
0	19
2	18
69	84
0	0
0	17
4	7
5	25
0	0
409	0
1	0
1	0
0	870
66	870
0	7
2427	93
3	93
0	0
0	0
0	0
0	0
0	0
0	0
0	0
0	0
11	0
0	0
0	0
0	0
0	0
0	0
0	0
0	0
0	0
0	0
0	0
0	0
0	0
2	0
0	3
0	3
0	1
1947	28
86	22
107	2
0	0
9	15
0	22
2	22
0	0
0	0
6	0
10	0
1	0
838	8
0	0
0	0
895	328
8	302
0	155
0	1
190	75
0	69
0	5
0	7
1	5
2	4
1	20
3	3548
0	3207
8	831
7	354
0	516
1	472
1	460
0	166
0	137
117	110
5	110
0	0
1	0
25	5
437	469
0	395
0	333
1818	0
1377	2333
1	1019
2	2245
90	1007
1098	1323
77	130
2	43
4	1134
0	21
0	235
0	418
0	223
13	136
3	1777
6	1732
0	1766
6	1757
0	1714
1	390
3	98
1	146
0	100
7	79
2	87
0	63
0	20
0	61
4	48
1	30
0	65
0	19
10867	0
1	21
1	21
1	3
0	3
0	1
0	0
0	0
0	0
0	0
0	0
0	0
0	0
0	0
0	0
0	0
0	0
0	0
61	173
0	169
0	86
0	12
0	117
0	33
2	78
2	94
0	26
0	0
0	0
0	0
0	0
0	121
4	121
0	9
0	18
0	13
0	101
0	98
0	97
0	94
0	86
0	1
0	0
1	0
40	650
0	649
0	571
4	403
80	278
43	7
6	30
0	1192
0	30
0	24
285	98
0	85
0	22
0	80
0	84
0	36
2	40
0	39
3	0
7	17
0	0
2	26
0	0
551	72
0	38
1	72
1	10351
1937	10688
7	505
6	559
97	505
46	184
39	264
0	508
5	1
0	0
9	69
12	224
42	454
3	191
136	523
26	449
1283	5814
0	145
10	5814
32	194
9	149
3	172
0	87
6243	2660
6	1372
13	313
99	975
10	98
0	12
5	4
3	87
2	54
0	53
0	17
0	32
0	3
0	12
0	0
0	0
0	0
2	3151
0	3232
5	3036
4	2809
54	1832
0	2062
0	0
12	49
24	0
0	671
1	620
19	555
0	312
0	0
0	41
3	12
0	101
0	62
3	16
0	1118
228	1314
4	1094
0	1342
0	488
13	312
9	374
9	28
0	0
0	182
0	180
6	29
22	54
0	57
1	57
1	1263
0	1263
6	183
15	204
3	180
0	0
12	319
14	675
154	734
96	577
1	181
10	30
0	76
145	19
0	2852
37	174
0	525
220	3265
0	398
4	578
28	92
0	145
50	612
0	0
228	518
4	242
11	276
0	3148
0	2994
163	1539
0	3025
3	161
4254	0
1079	251
36	251
0	195
0	195
0	0
0	0
0	0
0	1
0	1
424	67
5	127
8	67
0	0
6	0
3	127
0	0
327	4097
134	3899
33	968
2	656
243	1261
127	1223
0	621
0	577
0	0
19	122
13	122
0	0
0	0
0	0
2	520
288	520
1	0
0	0
0	0
0	0
0	0
73	0
0	0
0	22
0	42
0	51
0	51
4	31
56	121
0	121
0	0
6	3652
11	95
347	3652
1	709
7	222
0	0
1844	2754
5	598
3	2389
0	534
0	0
2	2722
0	0
3	0
0	171
3	0
0	4
0	4
0	4
0	1
0	4
0	4
0	4
0	4
0	0
0	0
0	0
0	7
0	6
7	7
0	8
0	6
0	7
0	58
3	58
0	0
3942	16
0	0
0	0
0	0
0	0
93	63
24	393
74	457
0	255
242	6102
131	6030
32	1437
3	723
7	0
2	1
0	0
81	137
5	39
6	38
16	65
2	24
0	19
0	16
0	0
0	0
0	0
1	21
0	15
0	21
0	2
0	0
0	0
2507	0
136	18818
0	19456
6	15555
0	18757
0	16700
0	18979
12	16261
0	4576
5	7404
0	3468
1	4309
0	1609
0	0
37	279
2	211
0	2153
0	6757
1	3519
19	4188
0	6817
0	1981
1	5929
0	3678
0	3956
6	2455
6	4660
19	1432
1	241
3	3306
0	1542
1	3024
15	2834
81	1452
82	1725
4	445
6	615
24	615
0	572
19	0
67	572
0	0
0	17
0	0
285	83
0	66
15	15
11	18
0	0
0	0
0	0
0	0
0	0
0	0
0	0
0	0
0	0
0	18
0	0
0	18
1	17
0	14
4	17
0	14
0	14
0	0
0	0
0	0
0	2
0	0
0	0
0	0
0	0
0	0
0	0
0	0
0	0
0	0
0	0
0	0
0	0
0	0
0	0
0	0
0	0
0	0
0	0
0	0
0	0
0	0
80	767
0	8
0	733
25	625
6	109
0	375
1	97
24	681
0	72
14	482
0	491
0	485
0	148
0	16
0	137
0	34
0	90
2	48
0	57
0	45
0	49
0	33
0	7
4	0
0	0
0	108
609	1104
0	280
33	321
9	547
9	38
4	239
59	0
56	304
0	290
0	145
2	143
0	132
0	183
6	86
1	200
15	11
2	113
62	37558
39	37182
24	3148
29	17
0	0
0	0
0	0
0	0
0	0
0	0
0	0
1	0
0	0
0	0
0	0
0	0
0	0
0	0
0	0
0	0
0	0
68	1178
0	1046
34	972
0	201
0	116
11	101
8	27
103	15
0	13
0	33
28	33
853	4043
0	3580
150	1009
77	364
66	393
30	0
89	2
22	594
512	503
22	429
1	145
2	0
0	0
0	0
0	0
0	0
0	0
0	0
0	0
0	0
2	0
529	112
0	112
4	0
0	0
0	0
0	1
0	1
0	0
3	0
0	1
0	1
0	0
0	0
0	0
0	0
0	0
0	0
0	0
0	0
0	817
74	818
14	157
75	801
0	36
86	0
1	7
0	79
0	54
0	0
0	0
0	0
0	0
0	8
0	11
0	1
5	21
0	24
0	27
1	13
6	19
0	75
0	28
0	0
0	0
0	0
0	0
4	168
2	142
0	142
0	121
0	108
2	141
0	106
0	22
0	9
0	0
0	0
0	0
0	0
0	0
0	0
0	0
0	0
0	0
0	0
0	0
0	0
0	0
0	0
0	0
0	0
0	0
0	0
0	0
0	0
0	0
0	0
0	0
0	0
0	0
0	0
0	0
0	0
0	0
0	0
0	0
0	0
0	0
0	0
0	0
0	0
0	0
0	0
0	0
0	0
0	94
1	0
6	0
0	78
0	1
0	0
0	0
5	1
1	5
41	21
0	0
0	16
0	0
0	0
0	0
0	0
62	117
1	37
8	3
0	109
0	1
0	2
0	1
0	0
1	56
0	2
0	3
2	3
71	57
0	2
0	0
0	10
9	3
0	0
0	0
0	0
0	0
1	0
35	79
0	76
0	17
0	0
0	0
1	49
0	0
0	0
0	0
0	0
2	0
30	0
47	363
0	338
0	285
1	54
0	0
3	9
2	17
0	16
6	91
0	93
0	93
0	36
0	0
5	5
0	5
0	0
1	30
0	30
53	43
0	42
0	1
0	0
85	4
9	0
3	242
1	246
0	164
0	160
5	44
0	19
12	0
1	14
0	8
2	10
5	0
1	4
0	0
50	72
0	67
0	5
0	0
0	0
0	0
3	44
0	0
2861	219
0	219
15	10
0	7
0	3
1	0
12	51
3	0
0	1701
0	1824
1	2555
1	79
1	36
1	0
2	2
71	78
0	687
94	0
0	1639
3	56
9	162
42	40
0	144
14	635
1	145
11	575
208	0
2	0
0	766
46	1460
14	123
38	1336
0	47
0	1174
470	2
2	0
46	1445
0	943
54	407
0	183
44	160
0	0
0	0
0	0
0	0
4	1145
425	1613
11	239
2	343
0	0
1	329
0	287
0	85
16	131
0	35
2	0
0	59
52	140
0	0
0	0
1	7
0	66
2	62
1	18
0	58
1	13
1	0
0	13
0	0
43	0
0	0
26	2394
12	2359
83	2228
2	2395
0	98
55	6
0	211
0	211
0	211
1	10
2	0
0	0
3	0
0	0
0	0
0	0
0	0
0	0
0	0
0	0
0	0
0	0
6	0
2	289
181	1273
11	481
41	141
0	390
0	338
0	1250
42	48
1	69
45	60
2	0
2	198
0	339
27	10
0	5
0	1
0	1
0	1
0	1
0	0
66	147
0	79
0	141
1	73
1	62
3	43
0	23
0	21
1104	299
4	202
4	131
33	221
5	0
46	511
38	502
7	0
0	26
0	48
0	146
0	236
442	473
0	481
18	445
8	220
0	478
2	69
0	31
2	20
7	75
13	224
0	0
77	36
10	40
0	36
3	0
0	0
5	2
0	221
0	38
12	80
84	2763
4	2498
3	0
2	577
0	0
0	0
66	5070
0	0
0	1
0	5046
3	1212
0	1770
0	1288
0	1884
3	278
0	0
3	141
8	11
1	116
0	122
0	35
0	67
0	34
0	28
0	11
0	0
0	0
0	1
0	4
0	0
0	0
0	0
0	0
0	0
0	0
3	19
0	7
0	0
0	2
0	0
0	0
0	1
0	0
0	0
3	16
0	0
0	0
0	0
0	0
0	0
0	0
168	3416
0	3410
1	441
45	112
0	0
0	0
0	0
0	0
0	2
0	0
0	0
0	0
0	0
0	0
0	0
0	0
0	0
0	0
6	2
0	11
0	29
0	29
0	20
0	0
0	0
0	0
1	0
329	183
0	223
70	45
6	20
47	0
252	40
0	0
0	0
0	0
0	0
0	0
0	0
0	0
0	0
0	0
0	0
1	0
0	0
0	0
0	0
0	0
0	0
0	0
0	0
0	0
0	0
0	0
0	0
0	0
0	0
0	0
0	0
0	0
0	0
0	0
0	0
0	0
0	0
0	0
0	0
0	0
0	0
0	0
0	0
0	0
0	1
0	0
0	0
0	0
0	0
0	0
0	0
0	0
0	0
1	40
0	0
0	0
0	0
0	0
0	0
0	0
0	0
0	0
0	0
0	0
0	0
0	0
0	0
0	0
0	0
0	0
0	0
0	0
0	0
0	0
0	0
0	0
0	0
0	0
0	0
0	0
0	0
0	0
0	0
0	0
0	0
0	0
0	0
0	0
0	0
0	0
0	0
0	0
0	0
0	0
0	0
0	0
0	0
0	0
0	0
0	0
0	0
0	0
0	0
0	0
0	0
0	0
0	0
0	0
0	0
0	0
0	0
0	1
0	0
1	53
0	1
4284	801
29	797
2	45
5	45
0	22
2	609
0	538
1	164
0	207
0	200
10	236
2	85
68	277
0	216
5	118
0	56
38	2
0	0
493	3274
5	3084
0	302
0	457
0	0
5	420
0	0
0	0
179	0
0	0
1	1
0	1
1	0
4	148
0	146
0	246
0	161
0	30
1	15
1	3
15	85
0	3
37	0
0	0
0	11
0	27
258	35
0	0
0	0
0	0
223	42
7	16
0	0
2	0
6	72
3	71
5	0
1	123
0	123
0	18
79	0
1	11
2	11
0	0
0	2
0	5
0	3
10	0
7	0
86	337
0	106
0	291
80	334
0	275
3	15
0	6
290	11
7	14
3	0
2	11
295	26
1	0
1	38
3	270
1	252
0	0
0	31
121	11
0	9
0	6
6	4
2	17
1	26
0	0
3	519
0	505
0	533
10	125
2	16
1	18
0	0
0	0
263	153
0	0
0	125
0	29
0	34
6	60
2	331
7	331
1	189
0	97
0	58
374	129
1	104
0	32
11	21
871	89
6	25
0	2
0	2
0	3
9	3
1	0
180	890
0	843
0	454
0	162
0	130
767	276
0	91
2	27
3	47
0	0
720	294
1	88
0	0
0	73
0	36
4	26
6	25
12	0
0	0
497	172
7	172
5	117
4	79
2	1
7	3
7	3
124	31
2	24
0	0
0	0
0	3
1	108
0	5
0	6
4	98
8	0
50	287
5	183
11	0
2	183
0	1
0	1
1	3
0	1
0	2
0	0
0	0
0	0
0	0
0	0
0	0
0	0
0	0
0	0
25	496
10	495
0	411
0	70
1	51
0	35
0	40
3	12
1	10
0	14
9	142
2	344
0	20
0	36
0	340
61	310
0	17
0	46
0	0
2	2
0	2
55	0
0	0
0	1
1	0
0	0
0	0
0	0
0	0
0	0
0	0
0	0
3	860
0	842
0	394
0	3
128	30
0	283
0	0
2	0
389	364
0	216
0	137
7	74
33	4554
0	3564
40	4405
0	667
10	715
19	121
0	0
0	0
0	0
0	0
0	0
0	0
3	0
0	0
0	0
0	182
0	139
24	613
135	407
0	172
0	210
0	0
0	0
0	0
0	7
0	0
0	0
0	0
0	0
0	0
0	0
0	0
0	0
0	0
0	0
0	43
0	40
0	0
0	0
0	606
1763	862
0	7
110	261
0	0
1	0
15	0
0	0
0	6
2	6
1	0
1	0
0	0
0	0
0	0
0	0
0	0
0	0
0	0
0	0
0	0
0	0
0	0
0	0
0	0
0	0
4	493
0	0
0	0
0	0
0	0
0	0
0	0
0	0
0	0
0	0
0	0
0	0
0	0
0	105
1	105
0	0
22	22
7	720
0	664
98	1164
33	759
1	630
385	989
7	791
0	0
2	927
1	889
0	446
1	146
0	527
1	91
3	6
2	38
0	0
3760	2059
8	179
2	1880
6	0
3	80
0	164
0	127
0	75
0	6
1	10
0	9
0	0
0	0
0	0
0	0
0	0
0	0
0	0
0	0
0	0
0	0
0	24
0	24
1	24
0	0
0	0
0	0
0	0
0	0
0	0
3	521
1	2439
0	1486
46	262
88	450
90	2184
18	78
15	17
44	223
0	89
2	77
72	122
0	119
1	22
1	22
0	9
0	5
194	363
0	333
0	0
0	30
2	1068
32	1115
0	1107
0	1141
0	506
6	127
0	188
9	369
1	102
34	699
15	25
2	313
0	0
0	0
0	0
0	0
0	0
24	7
8	7
4	71
1673	71
1	0
1	252
4	293
92	206
16	167
0	107
0	17
0	18
30	3
0	1358
0	1295
1676	1412
1665	561
0	270
4	156
0	108
42	213
4	69
33	31
0	31
12	10
0	2
0	4
0	2
0	2
443	2222
113	2221
9	671
45	882
6	65
5051	2661
23	1284
0	1183
3	102
0	671
22	487
0	0
2	330
3	0
0	0
1219	702
8	499
1	53
3	310
4	124
1	443
3	0
103	111
0	111
0	0
0	341
5	6
50	3208
0	0
9	11
9	10
9	3
0	0
7	212
1	181
0	178
2	148
0	68
1	0
12	250
40	253
0	136
2	0
4	3
0	0
30	46
21	46
1	0
0	0
0	13
120	62
45	123
19	52
0	116
8	113
0	83
0	43
0	32
35	14
2545	2907
23	2474
0	266
2	206
0	0
0	567
38	8598
67	8547
1	6337
1	5983
117	6790
0	3411
0	3562
2	30
10	44
1	3580
61	0
1	285
5	3
15	0
0	6
278	94
2	69
0	25
0	0
0	0
0	0
0	0
0	0
10	276
0	0
0	0
0	0
687	765
0	99
0	61
0	49
0	180
0	239
29	0
0	132
37	527
104	282
0	0
3	0
133	1058
3	1058
0	285
90	0
434	213
0	79
0	0
0	46
0	0
5	93
7	0
1	4303
0	0
0	0
0	0
0	0
99	225
3	229
3	148
11	74
0	0
0	0
0	366
0	366
1	11
15	108
0	30
0	31
3	5
1	1992
11	2275
0	223
0	114
0	149
18	131
38	15
4	93
0	367
0	35
9	0
0	0
0	0
0	0
0	0
0	0
70	196
1	9
5	57
0	182
3	42
0	0
0	0
0	0
6	98
0	12
1	68
0	6
4	0
493	346
0	40
0	212
15	135
0	201
8	183
28	205
112	94
0	11
3	35
13	88
1	0
0	8
0	2
0	0
0	0
2	14
1	336
374	553
0	412
2	179
1	366
0	77
0	90
111	194
0	25
17	0
3	0
41	0
26	0
0	0
0	0
1	0
8	18
2	18
0	11
0	10
0	0
0	1
1	3
0	0
2	0
0	0
2	3
0	0
3	0
0	0
0	0
0	0
0	0
0	0
0	0
0	0
0	0
0	0
0	0
0	0
0	0
0	0
0	0
0	0
0	0
0	0
0	0
0	0
0	0
0	0
152	504
11	3571
0	3719
3	0
0	1565
1	346
1	387
0	2
0	2
2	0
10	0
1	0
0	0
0	0
0	0
1	0
0	0
0	0
1	0
0	0
33	1976
0	0
0	0
0	0
0	63
94	440
1	63
2	165
0	30
5	0
0	0
0	167
2	78
0	247
0	5
1	14
0	142
5	89
7	61
3	5
825	1119
7	53
8	1110
3	236
48	570
0	496
0	70
8	69
1	24
237	24
3	24
0	0
39	0
323	911
1	325
4	536
6	137
5	558
12	440
2	466
6	70
0	0
0	0
0	0
0	1
0	0
0	0
0	0
0	153
0	205
0	7
0	0
0	417
0	426
0	43
0	50
0	301
0	296
51	4
0	270
0	34
0	194
0	245
0	47
4	32
0	42
0	29
0	23
0	434
15	4
0	215
0	58
0	35
3	52
0	70
0	52
0	63
0	10
0	17
0	0
5	0
0	0
0	0
0	3
0	3
0	0
0	0
1	0
0	0
7	5
0	0
0	0
0	0
0	0
0	0
0	0
14	23
1	23
1	78
1	666
0	612
26	53
8	659
0	570
68	77
0	0
0	152
12	0
0	0
0	0
0	0
0	0
0	0
0	0
2	1
0	0
101	473
3	104
15	339
9	327
1	58
0	55
0	39
986	1526
0	1466
1	349
5	214
0	301
14	64
13	71
11	14
37	23
4	4
0	0
0	0
0	0
0	0
0	0
10	2136
3645	2656
118	2108
98	755
0	0
0	0
0	0
0	0
0	0
0	0
0	0
0	0
0	0
0	0
0	0
0	0
0	0
0	0
0	0
0	0
1	98
2	62
0	275
0	26
7	13
2	23
5	46
1	254
47	1
3	16
0	1
248	3481
58	3245
1	1193
19	164
2	770
0	38
0	0
10	221
0	493
2	46
14	0
1	0
2	218
102	218
0	0
1	40
0	30
2530	470
1	165
82	387
0	0
0	0
0	0
0	0
0	0
0	0
0	0
0	0
0	0
0	0
0	0
0	0
0	1
0	1
0	0
0	0
2264	14496
11	14448
6	7894
76	122
1	95
0	84
0	0
3	0
10	62
1	0
0	0
0	61
37	144
2	132
1	3
19	33
2	27
1	46
1	2
2	10
2	23
16	3
12	1
12	1
0	0
6	7
0	4
0	0
0	0
0	3
91	804
15	369
109	759
0	363
0	48
23	0
0	0
0	0
127	32
0	32
1	860
1	282
0	369
4	802
0	306
9	829
0	55
0	63
0	0
21	2
104	191
9	39
0	188
21	203
7	179
0	100
789	2
0	0
6	31
0	3
0	31
26	44
19	44
747	988
15	792
10	54
2	169
0	0
4277	620
64	358
8	262
0	0
5740	217
3	215
59	66
751	74
2	28
0	0
56	0
0	0
0	0
3	0
40	770
38	770
9	86
17	18
5	115
5	111
0	0
0	10
10	479
1	512
528	421
9	754
0	120
0	123
0	672
3	257
0	149
0	213
158	610
13	0
5	0
44	0
1	0
1561	344
0	0
0	0
0	344
3	4
0	0
0	0
9	0
15	0
0	0
0	0
0	0
0	0
5	0
222	215
3	215
0	0
0	0
0	0
0	0
0	0
0	2107
11	0
0	191
0	62
0	191
0	78
0	0
0	1611
5	34
0	2105
3047	2057
2	2049
0	1381
0	455
0	0
0	0
0	0
2	29
4	29
1855	1420
0	1342
1	0
3	68
0	100
1	1
0	0
0	0
0	0
0	0
0	0
0	0
526	1246
5	1241
0	1245
0	735
0	0
0	0
1	232
0	210
0	1036
0	1068
7	197
0	215
0	247
1	75
10	1
1	0
4	29
22	0
2	234
1	123
0	239
0	120
0	157
0	123
0	152
0	145
1	112
4	62
0	16
3	43
0	13
3	5
0	0
1	292
17	292
0	79
0	0
0	0
836	1223
3	1219
0	0
0	3
0	3
6	0
2941	4
0	0
0	0
2077	0
9468	5017
2	326
0	994
15	3495
2	430
0	187
0	0
9	0
0	0
0	997
0	0
5	756
5	285
0	0
71	45
0	16
1	39
0	0
13	875
0	1
0	0
0	0
0	0
2	0
324	311
21	230
0	125
8	5
0	18
21	383
4	536
4	600
0	355
0	161
0	127
0	259
1	26
2	86
210	513
2	393
0	394
0	355
0	358
0	265
0	362
0	194
7	198
0	0
0	90
11	80
0	2469
57	2101
1463	2582
28	1034
133	934
1	0
51	0
30	0
70	0
0	278
2	0
3218	9263
9	2258
0	901
56	7533
0	1294
132	3245
43	1534
34	127
53	447
8	447
5	247
0	0
0	0
0	0
0	0
0	0
0	0
0	0
335	2
0	0
0	0
0	0
0	0
0	0
5	19
0	19
15	1619
2235	2379
0	2253
21	795
0	246
1	1392
50	968
0	1522
3	751
14	25
95	1047
17	59
0	1429
5	246
36	1015
36	701
2378	752
1	750
3	0
1159	0
0	0
0	0
1	17
0	0
0	17
0	0
0	0
1	0
0	0
1	5
0	5
4	3
0	0
1	1
0	1
0	0
2	0
22	135
0	0
0	0
4	0
5	1996
22	2542
6	2413
31	1862
10	210
0	853
0	0
826	301
14	18
32	283
41	477
0	471
30	204
0	280
0	472
0	658
0	621
5	13
0	0
0	0
0	0
0	0
40	8172
7	9758
26	2561
4	7037
5	4759
1	6
5	15
0	13
1	6
0	0
1	14
0	0
0	0
10	7
0	0
0	0
0	0
0	0
2	21
8	0
609	213
82	213
4	0
0	2005
0	2084
13	797
88	711
0	0
123	2
45	356
0	262
32	350
0	261
0	180
1	127
19	0
1	0
0	0
0	0
5	11225
11	11420
9	3658
34	4551
75	1132
3	688
0	28
2	0
0	0
0	0
0	0
0	0
0	1
0	0
0	0
5	0
0	0
122	0
1337	0
395	214
3	199
0	87
3	3
1	7
1	7
1639	336
1	312
0	227
29	15
0	11
17	0
8	19
10	0
0	0
0	0
0	0
1	31
17	31
0	253
0	339
219	487
7	113
0	60
0	22
27	3586
3	1778
6	2884
2	47
8	91
12	122
0	121
8	0
23	273
0	0
0	77
1	90
1	176
0	176
76	151
2	44
0	16
0	4
0	51
4	1
3	25
0	53
2	0
0	5181
11	5183
2	4701
8	0
1830	457
43	88
0	3571
113	3571
417	820
0	0
24	8647
0	8850
1	6951
0	167
44	3303
3	409
3	5
27	63
1	1
0	0
6	453
4	378
0	292
1	35
2	53
0	198
52	81
0	94
665	4865
135	4870
1	3349
4	4532
0	373
0	0
0	0
8	1387
0	1417
5	777
0	846
0	0
53	926
4	883
13	868
15	8
52	3
531	73
16	1665
0	72
0	1639
2	851
8	693
0	1499
0	758
0	15
13	1310
9	120
230	120
78	902
0	672
6	137
10	546
22	39
232	438
10	325
0	203
3	274
0	226
0	1
231	3
0	24
3	3
45	2550
7	2070
22	997
7	900
3	1318
14	237
3	164
286	2279
0	1591
1	2168
3	227
69	1
8	0
0	0
0	370
0	120
0	0
0	162
6	0
0	2
0	0
2	0
4	2
0	0
0	0
0	0
0	0
0	0
0	0
2705	2785
16	1987
0	303
11	95
6	5
4	109
70	0
11	0
93	689
0	0
0	0
0	0
0	0
0	0
0	0
0	0
0	0
18	7
3	6
0	6
2	6
0	3
1	956
0	1547
0	1556
1	1136
7	1253
1	1076
0	585
4	446
0	1
0	1
0	0
78	26
70	0
1	63
36	6
18	19
0	150
17	8
0	8
6	8
13	0
3	1
0	1
0	0
5	7
1	22
0	0
0	0
0	0
0	0
0	0
0	0
208	1633
9	1739
18	131
6	519
16	453
16	451
8	28
101	355
0	199
37	160
14	16699
1	16091
18	16711
43	13996
7	14781
299	15102
110	5414
1	0
0	0
108	1849
0	121
11	593
0	139
6	1260
3	142
14	4
15	12
101	54
0	25
0	41
82	2115
58	2045
0	1687
0	1290
2	496
113	203
2	659
16	577
30	480
315	273
14	273
69	11
5	157
4	112
27	11
0	23
1	71
1	175
5	0
7	85
7	291
1	158
0	228
0	210
0	297
0	192
0	20
409	49
0	0
3	0
1	8
1	485
5	31
28	671
0	581
5	23
1	557
0	0
1	0
0	0
0	3
225	0
0	0
15	977
1	945
39	579
0	579
0	0
15	358
0	0
0	0
0	0
0	0
0	0
0	0
0	0
4	52
0	0
0	0
0	0
0	0
0	0
0	1544
57	1624
0	555
18	206
0	29
2	30
0	20
10	20
1	83
0	0
4	808
1	0
33	22
1	111
12	284
58	243
408	1184
9	1100
0	838
10	696
17	678
0	132
1	37
0	0
2	6
1	7
0	4
0	0
4	0
2	0
9	0
0	0
1	0
0	0
0	0
1	36
3	2
3	2
0	0
0	0
0	0
0	0
0	0
0	0
0	0
0	0
31	962
110	962
1	347
0	0
0	0
0	2
2	16
15	3790
7	1025
6	1841
20	3743
1	1479
1	875
122	141
1	122
0	17
18	261
47	23
4	77
9	49
1	293
0	239
0	217
0	22
0	54
0	29
1392	2950
2	2947
0	0
0	0
9	117
4	0
66	149
3	22
0	146
0	101
0	20
3	32
5	0
1	0
1	0
0	0
4	552
15	315
0	527
91	0
0	138
0	532
50	533
0	0
36	533
1	522
0	532
3	554
0	145
2	0
0	394
272	409
0	0
1	103
1	343
7	353
1	97
178	80
0	74
0	16
0	6
2	0
0	0
0	5
0	5
1176	574
17	228
0	476
4	86
10	115
0	0
0	0
0	0
0	0
0	0
0	0
0	0
0	0
0	0
0	0
0	0
0	0
0	0
0	0
0	0
151	3583
45	3517
5	1967
3	264
0	640
0	214
6	233
0	0
0	0
0	0
0	0
0	1
0	0
0	179
5	1927
1	179
17	19
0	1856
0	230
0	1546
0	1547
0	0
0	0
0	190
2	0
1	0
2493	535
0	166
5	26
4	34
3	329
0	0
3	0
0	0
0	0
6	0
0	0
0	15
0	14
0	0
0	0
0	0
0	0
1	0
0	0
0	0
0	0
0	4
0	4
0	0
0	0
0	0
0	0
0	0
0	0
1440	6556
2	3088
75	480
0	3108
0	116
0	1747
1	6436
0	169
0	8
0	2610
0	1
0	5
0	4
0	5
0	5
0	0
0	1
0	0
2	3491
0	5
0	5
13	0
347	91
19	17
2	45
28	15
12	1
0	0
2	0
17	18
0	29
0	0
508	1017
179	1017
1404	698
1	70
1	76
7	127
0	0
22	384
0	123
0	207
1051	209
4	85
0	73
2	0
0	4
1	3
0	1
0	0
0	0
0	0
0	0
0	0
0	0
0	0
0	0
0	0
1	0
4	105
104	105
0	0
1	3
2	3
0	0
0	0
0	0
0	0
0	0
0	0
69	0
46	10
0	10
0	1
0	0
0	0
0	0
0	0
0	0
0	0
625	1158
4	1159
0	1
0	0
0	0
1	1
0	0
0	0
0	0
171	280
6	272
0	123
0	0
0	0
0	0
0	0
20	0
169	2227
14	1036
0	1776
11	1529
2	206
11	0
0	0
0	0
211	396
2	434
0	132
7	102
5	283
0	43
0	0
0	0
0	0
1	0
0	0
2	1033
0	131
77	14
0	957
0	333
0	485
40	823
33	754
0	374
0	1019
0	202
1	574
1	420
0	882
2	762
0	967
0	141
2433	147
0	147
0	0
3165	1975
1	1893
29	786
34	759
11	247
0	110
37	126
267	266
0	393
3	52
26	0
7	59
0	0
0	0
0	0
2	328
0	0
0	0
0	0
0	0
68	86
1	54
1	31
0	24
25	23
0	0
0	0
0	0
0	0
1	0
0	0
0	0
0	224
8	218
0	201
0	13
20	0
0	19
58	7
0	0
0	0
0	0
0	0
0	3
0	2
0	2
207	79
7	79
0	47
2	13
8	34
7	105
0	0
0	2
5	2
0	0
0	0
0	0
0	0
864	18
76	16
0	2
0	2
0	0
0	0
0	0
0	0
0	0
0	0
0	0
0	0
0	14
0	0
2	0
222	14
0	0
0	0
1	0
0	1949
0	2128
0	2095
19	1242
10	464
15	394
7	1963
445	1972
3	1494
0	1362
0	1983
0	687
11	436
13	98
1	894
0	854
6	311
89	84
33	846
103	858
0	0
0	5
0	5
0	46
0	102
3	85
10	45
0	103
3	0
4044	325
38	313
0	0
0	0
26	8
16	17526
106	4076
288	17231
4	0
30	15
2	15
0	0
0	1471
0	1502
3	1471
0	1248
4	81
44	480
5	144
1	5
3	65
0	0
0	0
0	0
0	2
0	2
0	0
0	0
0	0
0	0
0	0
0	0
0	0
0	0
0	0
0	221
13	26
1	0
0	0
0	0
0	12
0	0
8	13
6	29
0	0
2	1
0	220
0	0
0	0
0	0
0	0
0	0
0	0
1	2
0	2
0	0
0	0
0	0
0	0
6	1
3	500
0	1
0	0
0	0
0	0
0	6
0	0
0	0
0	0
0	0
0	0
0	0
0	0
0	0
0	0
0	0
0	0
0	71
0	480
10	110
1	61
0	55
0	56
4	124
32	20
2	342
0	189
2	67
0	147
0	0
0	0
0	27
6	17
3	20
8	15
0	0
848	588
0	522
50	89
6	169
1	2
44	123
6	142
1	42
2	31
0	8
6	8
0	7
1	5322
2769	18156
185	18182
64	17984
25	15087
6	12045
0	0
1308	665
22	490
0	184
38	52
0	0
0	0
0	0
0	0
0	0
192	408
3	449
1	199
0	0
0	0
1	79
0	18
1	12
0	0
3	3
0	0
0	0
0	0
1	0
0	0
0	5
0	1
0	0
0	150
61	159
1	51
6	46
2	28
6578	2308
110	9
0	83
0	1025
14	12
1	621
1	605
9	344
0	0
296	2164
6	2164
42	0
0	80
61	655
0	522
7	0
13	0
0	323
30	60
0	176
6	637
1	295
6	0
8	637
2	76
0	0
0	0
0	0
0	0
0	0
1	0
0	0
0	0
0	0
0	0
0	0
0	0
0	0
0	0
0	0
0	0
1	0
0	6
1	6
0	6
0	0
0	0
0	0
0	0
0	0
0	0
1	0
0	0
0	0
0	0
2	0
0	0
0	0
0	0
0	0
9	6
0	0
0	6
0	6
1	1
0	1
0	8644
1	9129
0	5015
0	4705
0	4308
0	4287
0	4483
0	4417
0	4657
0	4437
0	4581
0	4627
0	4781
0	4374
0	4422
0	4263
0	4717
92	20
0	3567
6	3946
283	151
69	327
3	226
7	238
14	168
0	0
0	3
0	0
0	0
0	0
0	0
2	106
0	28
2	112
1	76
1	13
0	22
1	30
0	0
0	0
0	0
0	0
1	0
0	0
0	0
0	0
0	0
0	0
0	0
745	2063
21	661
42	432
0	705
27	637
3	677
996	644
0	110
1	546
3	558
8	120
9	59
0	57
0	37
8	37
0	1229
19	1582
1	1348
3	550
0	1484
12	705
0	1276
7	454
3	503
0	76
15	531
143	75
6	383
0	1
0	365
0	1
0	0
0	0
0	0
0	0
0	0
0	0
0	0
0	10
0	10
0	11
0	3
0	0
0	0
0	0
0	0
0	1
0	0
0	0
0	0
0	0
0	0
0	0
0	0
2	1
2	296
0	296
0	296
12	315
0	310
2	0
0	0
0	0
0	0
1	101
5	49
12	0
0	0
0	45
2	0
0	0
0	5
0	5
0	0
0	0
0	0
0	0
2	11
5	29
2	933
0	910
2	962
2	921
11	647
0	172
0	248
0	531
0	244
0	344
0	330
3	82
1	150
0	59
1	23
0	21
0	25
1	4
33	3
0	0
54	0
90	0
143	0
0	0
0	0
0	0
0	0
5	284
0	0
0	0
0	1
1	2
0	2
0	2
0	9
0	87
0	87
0	26
0	17
1	20
0	0
1	0
0	0
0	0
30	86
0	41
35	0
0	0
3	0
6	0
0	1
0	0
0	0
0	0
0	0
0	0
34	41
0	0
0	0
0	0
0	0
0	0
2	4
0	4
2	48
17893	651
68	647
0	0
0	28
0	0
1	63
1	63
8	74
2	74
0	6
0	14
0	6
0	27
1	3
0	7
5	246
23	246
17	276
1480	714
0	259
24	177
1	169
0	51
3	414
43	1492
11	1493
0	1480
16	686
0	57
2	78
723	212
0	212
44	349
1	349
91	2
0	0
0	0
45802	32
0	0
0	0
0	1
0	1
0	13
8	18
12	17
2	11
4	0
0	4
0	7
0	7
0	0
0	0
2	7
0	6
0	0
0	0
0	8
0	0
0	0
0	0
0	0
0	0
0	0
0	0
0	0
0	0
0	0
0	7
0	0
0	96
0	0
0	1
5	2
0	1
0	5
0	0
0	0
0	7
0	7
0	0
0	0
0	0
0	4
0	0
0	0
0	0
0	0
0	0
20	22
0	1
0	0
0	0
0	0
0	0
0	0
0	7
0	0
0	0
0	0
0	0
0	0
0	0
0	17
0	0
0	0
0	0
0	0
0	0
0	0
0	0
0	0
0	0
0	0
2	5
0	0
0	0
0	0
0	0
0	0
0	0
10	8
0	0
0	0
0	0
0	1
0	87
0	1
0	0
0	0
1	1
0	0
0	0
0	0
0	1
0	8
0	0
0	2
0	3
0	0
0	5
0	1
0	0
0	0
0	0
0	0
0	0
0	0
0	0
0	0
0	0
0	0
0	0
4	8
0	0
0	2
0	3
0	5
0	1
0	0
0	0
0	0
0	8
0	0
0	0
0	0
0	0
0	0
0	1
0	0
0	0
0	0
0	0
0	0
2	6
0	0
1	1
0	0
0	0
0	0
0	0
0	0
0	0
0	0
0	0
0	1
0	7
0	0
0	0
0	0
0	0
0	9
0	0
0	0
0	0
0	3
0	0
0	0
0	0
0	0
0	0
0	0
0	0
0	0
0	0
0	0
0	0
0	8
0	0
0	0
0	0
0	7
0	0
0	0
0	0
0	3
0	0
0	0
0	0
0	0
0	0
1	2
0	0
0	0
0	0
0	9
0	0
0	0
1	2
0	1
0	0
0	1
0	0
0	0
0	0
0	0
0	0
0	0
0	0
0	1
0	0
0	19
0	0
0	0
0	0
0	0
0	0
0	4
0	0
0	0
0	9
0	0
0	0
0	0
0	0
0	0
0	4
0	0
0	0
0	8
0	0
0	0
0	0
0	0
0	0
0	0
0	0
0	0
0	0
0	0
0	0
0	6
0	6
1	0
0	6
0	3
0	0
0	0
0	15
0	0
0	5
0	60
0	0
0	0
0	0
0	0
0	0
0	0
0	0
0	0
0	0
0	0
0	1
27	26
0	10
0	0
0	0
0	0
0	0
0	0
0	0
0	0
0	0
0	0
5	491
0	365
0	387
0	37
3380	82
3	35
0	0
0	0
452	103
0	66
2	101
0	59
0	59
0	31
0	0
278	9
0	9
910	162
0	162
0	0
0	0
0	0
0	0
14	7
5	7
1	201
2	229
2	62
1	283
0	36
0	61
0	210
18	157
0	26
17	7
0	155
2	34
0	67
0	34
0	70
2	44
1293	706
35	565
0	470
0	127
96	263
0	193
1	60
0	474
0	429
0	541
2	295
150	372
0	394
0	140
3	245
81	304
1	14
0	125
3	68
10	0
6	39
1	11
363	791
8	442
11	440
12	218
204	737
30	737
0	3
0	3
0	1
0	0
0	1
0	0
0	1
0	8147
11	7502
0	8023
0	822
22	155
162	4261
2	49
21	180
7	78
30	400
1	217
16	0
26	1641
71	1576
32	1570
23	2
370	874
0	11
57	11
0	34
7	26
2	0
0	1
0	0
1	6
0	469
4	469
1	6
0	0
0	4
0	6
2	19
18	92
0	178
198	0
1	0
0	0
0	0
0	0
0	6
0	5
0	4
113	4456
4	184
21	100
0	44
1	145
4	4177
1	344
5	226
4	72
0	242
8	0
4	488
1	575
0	0
11	251
2	282
4	97
122	660
3	660
1	0
15	0
157	641
11	463
2	209
1	29
6	406
21	2036
6	1968
7	1892
8	78
0	150
25	738
9	4
24	1074
1	54
0	945
11	108
8	623
0	411
3	272
29	768
0	768
0	723
3	202
10	526
8	36
0	7
24	936
1	936
0	928
1	91
4	311
2	68
0	114
1	57
0	74
0	55
12	194
23	165
0	24
0	74
1	49
1	44
0	17
0	0
803	832
0	832
0	1
76	1842
5790	2145
32	300
1223	1722
1	1486
0	611
0	357
10	164
0	100
4	320
4	265
61	3013
21	1
75	169
37	1218
0	0
2	817
3	402
127	2846
2	0
1	0
9	0
0	0
0	0
0	0
0	66
0	23
0	578
0	595
0	620
0	176
9	229
0	629
29	185
0	222
0	67
5	487
54	85
0	0
0	0
0	0
0	4
0	4
0	4
0	4
0	4
0	4
0	5
0	5
0	4
0	2
0	0
0	0
0	0
0	0
0	0
0	0
0	0
17	541
40	541
1495	510
5	19
0	0
0	5998
1896	11692
91	5652
1	6879
17	814
26	6874
12	930
31	2816
17	1472
82	3456
41	475
15	387
0	190
0	279
11	8
4	8
0	0
0	0
525	2
7	0
2	3
0	1
0	3
0	3
0	0
0	0
0	0
0	0
0	0
0	0
2	6
0	4
0	0
1	0
0	0
0	1135
0	1112
355	1278
0	1252
0	1184
0	1249
2	1264
0	1145
0	1164
0	1334
0	1266
0	1137
0	1277
0	1382
0	1268
0	1262
0	1167
0	1198
0	1331
0	1198
0	1192
0	1322
0	1235
0	1140
0	1178
0	1200
0	1236
0	1281
0	1292
0	1344
0	0
0	388
0	554
6	430
0	281
0	0
27	74
0	109
0	0
0	0
3	8
8	56
2	0
0	0
3	0
9	407
0	0
0	0
0	0
0	370
7	1240
3	1555
41	1581
2	127
5	52
5	46
5	0
0	130
23	0
0	0
0	0
0	0
0	0
0	0
0	0
0	0
0	0
0	0
0	0
0	0
0	0
0	0
0	0
0	0
1	0
87	1031
22	1026
5	27
7	116
11	68
0	9066
39	11036
31	11119
83	6838
6584	11092
42	11534
114	11031
70	11085
22	9156
10	42
10	8134
30	1161
0	0
0	0
0	0
0	0
0	0
0	0
0	0
0	0
2	0
0	0
0	0
0	0
0	0
0	0
0	0
0	0
1	0
14	0
12	0
0	0
21	0
51	89
566	1005
7	993
87	494
43	0
0	0
2	19
0	0
0	19
3	120
1	15
117	963
196	963
33	22
0	0
1	0
138	901
0	901
0	0
0	0
6	3555
62	1534
8	2177
1	3266
0	0
96	113
4	113
1	112
118	1374
39	1015
1	460
0	73
2	1
2	0
14	6
0	6
0	0
0	0
1	0
0	0
0	0
0	0
7	0
1	0
0	0
0	0
0	0
0	0
0	0
0	0
0	0
0	0
1	0
52	6327
8	5432
18	4713
0	5824
3	5621
121	5588
35	4625
1	1979
0	1079
0	519
13	420
2	462
5	33
153	136
10	319
7	299
0	0
0	0
0	0
0	15
0	2248
0	1662
0	2030
28	1187
1061	2424
3	165
1	0
548	4235
0	4179
38	285
0	3375
0	3502
1	1
2	101
1640	0
0	0
10	0
18	0
0	0
0	0
0	0
0	0
0	0
0	0
0	0
0	0
2349	448
0	0
6	107
9	394
1	92
7	127
0	9
0	9
432	340
3	28
0	328
5	185
0	167
62	1253
20	66
6	1559
26	0
34	1534
0	5
0	0
2123	1285
121	68
67	129
12	1088
101	298
1	1
0	296
0	0
0	0
0	0
0	23
0	24
0	5
1	5
0	4
0	13
0	0
0	5
0	0
0	0
0	0
0	0
0	18
0	0
0	12
0	0
0	1
318	979
0	2
18	0
3	0
27	444
1	977
0	1
0	0
0	0
0	0
0	0
0	0
9	17
0	0
0	0
0	0
2	0
0	0
0	0
0	17
0	15
0	0
0	0
0	7
0	4
0	0
0	0
0	9
0	0
0	0
7	0
0	0
0	0
0	0
0	0
0	0
0	0
0	0
0	0
0	0
242	1051
0	823
1	380
12	990
45	11
7	144
0	936
9	176
1	300
0	0
9	29
7	72
106	74
1	34
0	34
4	33
3	30
1	16
4	4
1312	1746
2	0
1	1746
0	0
1	142
0	277
1	74
2	251
6	252
0	227
0	228
3	214
0	226
2	8
0	2
5	184
0	172
0	15
0	20
0	22
0	0
0	40
0	0
1	6
0	0
0	5
0	0
0	0
0	0
0	0
11	110
0	563
519	583
52	70
1	172
0	166
0	250
0	250
0	251
0	251
0	297
0	252
0	250
2	232
0	185
6	167
0	51
1	92
2	0
204	14052
79	1827
1	783
3	9353
0	12598
47	10562
4	7885
5	1242
0	0
0	4243
0	4018
0	3657
0	3039
0	2814
25	1045
0	2113
0	2338
59	2606
19	444
6	394
34	1148
13	315
1	0
0	659
0	33
0	131
30	131
0	583
5	613
1	44
0	377
6	270
247	423
2	423
0	368
0	0
6	5
2	0
23	417
0	417
0	50
0	174
3	6
0	108
779	0
0	0
0	0
0	0
0	0
0	0
0	34
3	33
0	24
0	5
0	0
0	0
0	0
0	0
0	0
0	673
22	668
33	441
2	449
0	147
2	4
2	155
2	381
0	2284
11	1653
0	2246
0	2284
22	1211
0	206
1	667
10	441
0	1
3	487
14	181
0	442
5	353
0	44
1	62
4	213
0	134
4	1425
16	1616
33	166
4	284
5	253
1	227
64	235
0	0
11	153
0	0
133	15
145	340
0	216
0	0
4	242
1	358
2	382
0	5298
1507	5360
8	110
5	2557
0	4673
1	72
3	339
2	4225
0	3841
0	4444
0	4251
1	4314
0	4220
0	5020
0	5290
0	2523
0	0
0	7
14	271
32	62
4	102
1	67
15	59
6	149
1	123
0	68
2	148
0	133
0	55
0	113
0	456
0	662
1174	1730
0	58
3	997
27	572
1	73
1	124
2	18
0	7
15	458
8	665
0	4568
0	5290
8	419
1	733
9	269
3	122
0	594
72	578
4	417
2	416
28	233
32	5
351	2282
1	41
5	669
8	2051
8	1651
3	338
1	607
21	265
132	336
0	509
0	79
2	3
0	3
0	0
213	0
7	189
0	187
0	130
0	106
0	78
3	0
0	58
46	1821
5	24
1	177
24	1738
1	250
8	169
2	179
24	157
6	11
0	11
0	0
0	0
0	0
0	0
123	3034
3	3101
8	2935
1	164
2	280
0	232
0	271
0	23
0	0
32	303
273	380
0	271
0	239
26	323
1	10
0	8
4	51
17	14
5	166
1764	414
2	98
2	130
4	186
0	0
1	9
0	9
0	0
0	108
0	0
0	0
0	0
0	148
12	148
0	17
0	3
0	91
0	105
0	104
0	121
2	22
0	13
2	32
0	7
0	3
4	134
402	134
7	2828
28	2821
3	1530
15	138
0	150
0	184
0	135
0	151
1	14
68	0
135	7
0	0
0	0
0	0
3	0
0	0
0	0
82	143
0	143
0	0
1	426
21	1178
4	1022
24	449
0	459
17	463
1	159
0	3
3	154
44	728
0	68
6	230
2	571
2	175
0	108
85	149
0	60
2	249
0	25
4	7
0	0
0	0
2	0
4	6461
133	0
33	1490
0	1158
0	6042
11	6245
0	168
0	391
3	244
0	260
0	116
2	56
8	173
291	3118
5	1613
0	1418
4	1327
5	1129
2	999
9	1
4	608
4	462
18	1523
4	2099
0	2837
15	373
0	1681
0	1665
1	222
1	70
7	0
0	239
0	0
1	155
0	0
22	5
0	0
1	5
0	46
10	46
1	5
0	0
12	7
1	7
0	7
0	3
0	0
0	0
0	0
0	0
22	0
4	0
0	0
557	851
64	308
2	16
1	57
29	3
3	534
0	0
0	0
0	0
0	0
0	0
0	0
3	0
0	0
0	0
0	0
33	15
3	11
1	4
1	10
2	3
0	1
0	1
151	0
2	0
63	679
0	679
7	6
1	6
0	0
0	0
0	6
0	0
0	1
4	2
0	0
0	0
0	0
0	0
11	146
0	0
21	13
1	117
1	123
1	9
0	6
0	0
8	0
360	804
0	872
0	482
0	502
1	110
0	286
1	122
92	60
78	328
2	137
18	120
0	244
0	0
0	0
0	1
0	0
0	1
1	0
0	0
0	0
0	0
0	0
0	0
0	0
81	0
0	0
0	0
0	0
0	0
0	0
0	0
0	0
0	0
0	0
1	7
0	7
0	0
0	0
0	0
0	0
3151	3694
8	3694
0	0
0	0
0	0
414	0
26	3363
2	0
306	10
0	10
0	0
0	0
0	5
5	31
93	31
7	0
69	150
0	37
0	0
0	0
6	114
9	36
0	19
1	6
3	0
0	0
5214	2013
45	122
1	1495
4	674
3	1109
2	3
3	0
133	0
483	57
1	57
3311	2097
2	2016
7	636
1	295
0	0
0	0
0	0
1	723
0	708
0	231
0	153
0	104
2	17
0	29
0	0
0	0
0	0
0	0
0	0
12	0
1	0
20	2
1370	6723
0	6105
92	6231
0	3828
0	108
0	2407
5	287
20	5
10	5
6	0
13	1
0	0
0	0
0	0
0	0
0	0
0	1
0	0
0	0
0	0
0	0
0	0
0	0
0	0
0	0
0	0
0	0
0	0
0	0
0	0
0	0
0	3468
9	3419
0	549
0	718
2	414
1	488
10	390
0	61
4	21
0	214
0	1
0	0
0	0
0	0
0	0
0	0
0	0
1	0
0	0
0	0
68	0
5	3293
772	3293
134	7835
1	7544
8	1809
100	1284
0	0
0	0
0	0
0	0
0	0
0	0
0	0
0	0
0	0
0	0
3	6
0	5
0	5
0	0
0	0
0	0
6	0
0	0
0	0
0	0
0	5
0	0
0	0
0	0
0	0
0	0
0	0
0	0
0	0
0	0
17	8
4	14
1	6
15	2465
0	2465
6	294
14	505
11	507
2	188
4	174
0	133
3	130
0	26
0	68
2	49
0	14
1	0
47	192
0	0
0	0
0	0
0	0
0	0
0	0
0	0
0	0
0	0
0	0
0	0
0	0
0	0
0	0
0	0
0	0
0	0
0	0
0	0
0	0
0	0
0	0
0	0
0	0
0	0
0	0
0	0
0	0
0	0
0	0
0	0
0	0
0	0
0	0
0	0
0	0
0	0
0	0
0	0
0	0
0	0
0	0
0	0
0	0
0	0
0	0
0	0
0	0
0	0
0	0
0	0
0	0
0	0
0	0
0	0
0	0
0	0
0	0
0	0
0	0
0	0
0	0
0	0
0	0
0	0
0	0
0	0
0	0
0	0
0	0
0	0
0	0
0	0
0	0
0	0
0	0
0	0
0	0
0	0
0	0
0	0
0	0
0	0
0	0
0	0
0	0
0	0
0	0
0	0
0	0
0	0
0	0
0	0
0	0
0	0
0	0
0	0
0	0
0	0
0	0
0	0
0	0
0	0
0	0
0	0
0	0
0	0
0	0
0	0
0	0
0	0
0	0
5	123
0	0
0	0
0	0
0	0
0	0
0	0
0	0
0	0
0	0
0	0
0	0
0	0
0	0
0	0
0	0
0	0
0	0
0	0
0	0
0	0
0	0
0	0
0	0
0	0
0	0
0	0
0	0
0	0
0	0
0	0
0	0
0	0
0	0
0	0
0	0
0	0
0	0
0	0
0	49
0	0
0	0
0	852
0	0
0	0
0	0
0	0
0	0
0	0
0	0
0	0
0	0
0	0
0	0
0	0
0	0
0	0
0	0
0	0
0	0
41	95
0	0
0	0
0	0
0	0
0	0
0	0
0	0
0	0
0	0
0	0
0	0
65	30
0	0
0	1
0	1
0	0
0	0
0	0
0	0
0	0
0	0
0	0
0	0
0	0
0	0
0	0
0	0
0	0
1	0
0	0
0	0
1	0
8	0
0	0
0	0
0	0
0	0
0	0
0	0
0	0
0	0
0	0
0	0
0	0
0	0
0	0
0	0
0	0
0	0
0	19
0	0
0	0
0	0
0	0
0	0
0	0
0	0
0	0
0	0
0	0
0	0
0	0
0	0
0	0
0	0
0	0
0	0
0	0
0	0
0	0
0	0
16	0
0	0
0	0
0	0
0	0
0	0
0	0
0	0
0	8
0	0
0	0
0	0
0	0
0	0
0	0
0	0
0	0
0	0
0	0
0	0
0	0
0	0
0	0
0	0
0	0
0	0
0	0
0	0
0	0
0	0
0	0
3	0
0	1
0	0
0	0
0	0
0	0
0	0
0	0
0	1
0	0
0	1
0	0
0	2
0	5
0	5
0	2
0	0
0	0
0	0
0	2
0	2
0	2
0	2
0	1
0	0
0	1
0	0
79	43
7	43
0	0
0	0
0	0
0	0
0	0
30	1086
11	1057
2	1018
2	36
22	267
0	309
0	0
0	62
9	121
0	121
0	0
15	39
1	10
43	10
0	2
0	1
15	2
0	1
0	8
0	1
0	0
2592	796
0	518
0	180
11	66
2	98
5	5
1656	2620
1	149
16	1181
2	1489
0	876
1	1478
9	1282
30	324
0	605
10	1016
181	1244
0	1162
1	13
1	379
0	219
14	73
2	243
0	69
19	107
1309	1335
55	1210
0	541
7	678
0	411
9	367
0	346
24	11
0	73
27	58
0	0
0	0
0	0
1090	406
3	0
2	189
45	255
0	75
5	0
39	0
6	29
0	0
0	0
0	0
0	0
0	4
0	0
0	4
0	1
0	0
3	1
0	900
16	876
0	805
10	642
12	614
0	728
0	118
0	421
14	18
52	0
1	31
0	54
14	109
76	0
0	0
0	1
0	1
1	255
4	24
0	0
0	4
0	0
0	0
0	0
0	3
0	0
5	5122
4	8203
0	0
0	0
0	0
125	1126
0	1032
2	53
6	53
0	0
5	0
0	0
0	0
0	0
0	0
0	0
0	0
0	0
1	0
0	0
0	0
1	0
0	0
0	0
0	0
0	0
0	0
0	0
0	0
0	0
21	124
14	88
0	96
52	99
879	913
0	857
0	537
1	0
4	0
8	3947
1	3862
0	490
0	429
0	84
4	148
3	151
62	18
0	41
0	41
104	354
6	53
1	295
1	190
25	117
1	0
0	3
3	3
4	6
0	662
1	435
0	664
0	11
3	0
414	645
41	0
0	0
0	0
0	287
0	0
0	0
0	211
0	25
1	16
0	0
0	0
4	0
1521	0
54	0
0	0
6	0
0	0
0	0
0	1191
3	1124
0	122
0	3
12	567
3	0
0	0
26	151
0	0
2245	125
4	125
0	0
238	7
127	4592
0	205
0	0
31	4591
37	29
1	0
5	7238
539	31156
1128	31156
12	35
41	2649
4	30890
75	855
10	102
31	827
13	799
3	60
5	205
1	11
0	179
1	10
0	0
0	0
0	93
14	1073
0	1107
0	127
1	13
1	6
14	1102
1	1110
1	1083
0	7
0	18
6	97
22	0
0	0
0	1103
1	18
1	484
0	484
0	0
2	0
0	18
0	0
105	2432
61	2362
0	179
12	2357
0	2431
0	1995
0	2076
0	2134
0	2103
0	2158
0	2176
0	2061
0	2046
0	2044
0	2007
0	2043
0	2005
0	2030
0	2032
0	2042
0	2119
4	96
13	161
5	107
8	9
173	331
0	0
0	0
0	0
0	0
0	0
0	0
0	0
0	0
0	0
0	0
0	0
0	0
0	0
0	0
0	0
0	0
5	85
69	201
3	182
5	12
0	12
0	9
0	0
29	0
0	49
1	103
5	0
0	0
1	0
0	0
0	0
0	0
0	36
0	474
2	653
0	582
124	10
28	375
478	712
4	382
5	460
75	6
0	117
30	0
6	4
0	37
0	16
0	1
0	0
0	0
1	1
0	0
0	0
0	0
0	0
0	0
0	0
0	0
0	0
0	0
0	0
0	0
0	0
0	0
0	0
0	0
0	0
0	0
0	0
0	0
0	0
0	0
0	0
0	0
0	0
0	0
0	0
0	0
0	0
3	166
0	0
0	0
0	0
0	0
0	0
0	0
0	0
0	0
0	0
0	0
1	0
0	0
0	0
0	0
1808	2799
0	2791
16	421
18	0
17	171
338	2
181	275
0	518
51	652
548	1274
105	461
4	969
1	902
6	92
5	160
5	30
0	0
1	1
0	1
78	1855
15	1847
0	135
13	1036
120	357
0	1
0	1
0	0
1	0
0	0
0	0
0	0
0	0
0	0
0	0
0	0
0	0
0	0
0	0
0	0
0	0
0	0
58	185
1	185
0	0
0	0
0	0
1	0
1	0
0	0
0	0
0	0
0	0
0	0
0	0
0	0
0	0
0	0
0	0
0	0
0	0
12	0
0	0
0	0
0	0
0	0
0	0
0	0
0	0
0	0
0	0
0	0
0	0
0	0
0	0
0	0
0	0
0	0
0	0
0	0
0	0
0	0
0	0
0	0
0	1
0	1
0	1
0	0
0	0
0	0
0	0
0	0
0	0
0	0
0	0
0	0
0	0
0	0
0	0
2	7
0	7
0	0
0	0
0	0
0	0
0	0
0	0
0	0
0	0
0	0
0	0
0	0
0	0
0	0
0	0
0	0
0	0
0	0
0	0
0	0
0	0
0	0
0	0
0	0
0	0
0	0
0	0
0	0
0	0
0	0
0	0
0	0
0	29
0	0
0	0
0	0
0	0
0	0
0	0
0	0
0	0
0	0
404	435
0	73
0	14
0	122
3	244
66	364
6	307
0	0
0	0
0	20237
53139	20243
86	989
13	245
6	59
3	995
0	331
5	32
0	31
5	29
1313	2808
0	137
0	2675
3	250
1	231
30	14
2	89
4	149
12	47
4	10
1	14
3	47
2	80
110	75
7	5
9	14
0	12
0	3
0	3
0	802
5	948
0	818
0	824
9	693
0	330
0	299
0	398
0	0
169	1511
15	580
33	795
17	1106
58	709
0	592
0	583
0	700
105	495
0	112
1	155
3	150
0	41
0	79
0	78
15	906
1014	3153
0	3153
0	1979
14	357
0	359
0	0
337	625
0	108
2	0
0	0
0	1
0	1
0	0
0	0
0	1
1	1
0	0
0	0
140	2424
40	218
32	218
56	2424
0	0
13	40
2	3
0	40
0	4
9	0
79	0
2	0
0	0
0	0
0	0
1	1
0	1
0	0
0	0
0	0
0	0
0	0
0	0
1	5
0	0
0	0
0	0
0	0
0	0
0	0
0	0
0	0
0	0
0	0
0	0
0	0
0	0
0	0
0	0
0	0
0	0
0	0
0	0
0	0
0	0
0	0
0	0
0	0
0	0
0	0
0	0
0	0
0	0
0	0
0	0
0	0
0	0
0	0
0	0
0	0
0	0
0	0
0	0
0	0
1482	1
0	0
0	6
0	3
0	0
0	0
0	0
0	0
1	404
8	332
2	113
0	333
0	290
2	292
0	193
1	95
44	324
0	169
9	311
7	44
4	39
0	10
2	119
2	29
7	16
1	16
19	3007
1	2910
0	545
4	925
0	341
0	717
0	432
1	242
0	173
3	204
5	75
0	138
6	8
0	0
0	0
0	0
0	0
9	5
3	1850
7	2044
15	603
5	1899
1	1678
0	2014
0	1959
17	0
5	134
0	1919
34	661
2	29
0	0
2	35
0	54
2	211
7	22
1	423
0	224
0	16
0	195
9	40
0	66
0	24
0	6
0	5
1	1426
8	1392
6	1439
1	1440
0	239
1	247
7	158
1	161
0	116
2	101
2	7
1	17
0	9
3	0
153	67
6	11
2	60
17	0
3	0
0	0
0	0
0	0
0	0
0	0
0	0
0	2
1	0
4	5024
2	4693
0	5169
0	4686
0	4444
66	4233
41	3716
24	3750
4	829
10	671
0	334
22	203
3	83
0	32
2	14
0	1
7	16
0	32
0	18
2	8
0	0
0	2
0	3
2	23
0	0
0	3
0	0
0	4
0	3
0	2
0	0
0	15
5462	80
9	80
10	3
0	3165
77	3212
0	814
5	802
0	107
29	234
15	945
1	3
9	457
3	64
2	165
0	0
15	32
5	12
2	104
3	48
20	47
50	0
3	0
4	206
0	105
6	158
0	182
0	28
0	14
0	30
0	10
0	0
1598	1243
44	1076
0	1
1	340
0	72
11	794
0	410
0	129
0	90
0	43
8	592
2	32
21	195
7	118
11	308
1	294
0	105
0	213
0	32
27	33
11	264
0	264
0	0
0	0
0	0
0	0
2	14
0	14
1	0
0	0
0	0
0	0
0	0
0	0
0	0
0	0
0	0
0	0
0	0
0	0
0	0
0	0
0	0
0	0
0	0
0	0
0	0
0	0
0	0
0	0
0	0
1	1
0	0
0	0
0	0
0	0
0	0
0	0
0	0
0	0
0	0
0	0
0	0
0	0
0	0
0	0
0	0
0	0
0	0
0	0
0	0
0	0
0	0
1	0
0	0
0	0
0	1
0	0
0	0
0	0
0	0
0	0
0	0
0	253
0	98
1	0
0	0
0	0
0	0
0	0
0	0
0	445
0	0
0	0
0	0
0	0
0	0
0	0
0	1
0	1
0	0
0	0
0	0
0	0
0	0
0	0
0	1
0	0
0	0
0	0
0	0
0	0
0	0
0	0
0	0
0	0
0	0
0	0
0	0
0	0
1	0
0	0
0	0
0	0
0	0
0	0
0	0
0	0
0	0
0	0
0	0
0	0
0	0
0	0
0	0
0	98
0	0
0	0
0	0
0	0
0	0
0	0
0	445
0	0
0	0
0	0
0	0
0	0
0	0
0	1
0	1
0	0
0	0
0	0
0	0
0	0
0	0
0	1
0	0
0	0
0	0
0	0
0	0
0	0
0	0
0	0
0	0
0	0
0	0
1	0
0	0
0	0
0	0
1	0
0	0
0	0
0	0
0	0
0	0
0	0
0	0
0	0
0	0
0	0
0	0
0	0
0	0
0	1
0	0
0	1
0	1
0	0
0	0
0	1
0	1
0	0
0	0
0	0
0	0
0	0
0	1
0	0
0	0
0	0
1	0
0	0
0	0
0	0
0	0
0	0
0	0
0	0
5	0
0	0
0	0
0	0
0	0
0	0
0	0
0	0
0	0
0	0
0	0
0	0
2	0
0	0
0	0
0	0
0	0
0	0
0	0
0	0
0	0
0	0
0	0
0	0
0	0
0	0
0	0
0	0
0	0
0	0
1	0
0	0
0	0
0	0
0	0
0	0
0	0
0	0
0	0
14	0
0	0
0	0
0	0
0	0
0	0
0	0
0	0
0	0
0	0
0	0
0	0
0	0
0	0
0	0
0	0
0	0
0	0
0	0
0	0
0	0
0	0
0	0
0	0
0	0
0	0
0	0
0	0
0	0
0	0
0	0
0	0
0	0
0	0
0	0
0	0
0	0
0	0
0	0
0	0
0	0
0	0
0	0
0	0
0	0
0	0
0	0
0	0
0	0
0	0
0	0
0	0
0	0
0	0
0	0
0	0
0	0
0	0
0	0
0	0
0	0
0	0
0	0
0	0
0	0
0	0
0	8
16	8
1596	1810
144	1810
16	1862
0	542
0	2021
1	2021
6	306
1	276
2	448
1	337
6	161
0	0
0	0
3494	500
45	335
0	0
0	0
6	0
21	25
71	206
730	612
2	248
3	293
10	1255
2	1255
8	1255
30	1248
0	330
0	209
4	354
1	323
1	267
0	253
0	48
1	1
228	1076
0	2
28	12
1	65
22	1030
6	709
0	201
2428	3722
11	253
28	3322
13	260
100	54
2	17
2	1526
3	0
0	0
24	0
5908	1357
1	202
2	1170
19	1007
148	89
1	40
2	75
0	51
1134	855
0	289
1	629
4	332
13	227
1	103
0	43
374	263
1	0
0	4
0	234
0	83
1	31
2	25
375	652
8	652
0	0
146	24
0	24
0	0
1638	1591
12	1556
0	8
0	0
0	0
163	33
0	33
0	0
0	2070
0	1823
1	1966
0	3902
0	2081
0	3733
9	2073
0	1430
6	3285
5	376
0	0
7	237
0	376
23	511
9	128
46	500
0	230
1	232
0	37
0	0
2	40
0	21
24	216
2	38
9	393
0	585
120	211
1	148
234	646
0	20
5	287
0	491
0	0
0	0
0	0
237	207
10	207
0	0
0	0
0	0
0	0
0	0
0	0
0	0
1	18
0	0
12	377
14	377
1	31
0	16
12	11
2	81
0	81
0	90
61	1940
5	12
0	1031
2	62
15	1871
33	123
4	403
32	1407
33	1262
42	1121
0	848
2	729
6	661
0	791
38	19
10	89
0	137
0	137
0	133
1	107
0	106
0	108
2	137
0	91
0	141
0	77
0	17
13	87
4	84
0	19
1	0
1	8
0	2
1	8
0	0
0	0
0	0
0	0
0	0
0	0
0	0
0	0
0	0
0	0
0	0
1	8
0	8
0	1
0	0
0	0
0	0
0	0
0	1
0	0
0	0
0	0
0	0
889	292
3	122
1	5
1	175
0	1
0	1
0	0
0	0
0	6
0	128
0	548
206	62
1	39
55	23
27	0
338	548
30	691
0	128
8	717
0	744
2	829
0	796
14	535
3	122
10	80
5	39
2	18
10	65
0	64
2	3
4	29
0	0
0	0
0	0
0	0
0	0
0	0
0	0
0	0
0	0
5	447
65	758
0	147
1	328
0	274
0	147
0	186
8	96
0	434
0	21
0	24
0	23
0	24
0	24
0	1
0	1
0	1
1	19
0	15
0	0
0	0
0	0
0	0
0	0
0	0
0	0
0	0
0	0
0	0
0	0
0	0
0	0
0	0
0	0
0	0
1	0
0	0
0	1033
28	1033
1	857
0	106
0	884
4	840
6	52
3	586
0	80
0	716
6	70
0	72
0	79
4	4
0	4
64	2314
0	50
0	28
5	189
3	2284
84	708
0	13
1	2093
4	63
1	395
0	2283
2	2374
0	2398
6	2222
0	1818
0	1968
0	50
0	402
0	0
1	0
1	2324
20	3385
2	1010
31	644
4	1784
0	146
2	469
4	1196
0	1473
7	1517
3	1467
0	261
4	787
0	11
6	21
30	50
10	29
39	3605
0	2947
0	1435
8	1447
1	1458
0	1536
13	1004
2	1038
2	794
0	100
23	727
1	466
0	556
2	15
33	544
0	69
0	59
52	1468
24	1469
19	119
5	1463
69	856
0	170
0	182
272	72
3	48
6	14
0	18
23	1585
0	1425
5	193
0	191
0	191
0	192
0	1507
0	112
0	278
6	243
2	1654
1	75
0	96
1	111
12	2750
30	2762
0	2683
0	2742
0	2435
0	2852
0	1908
3	159
37	1558
6	538
0	900
40	593
10	356
127	0
0	17
5	16
0	14
0	14
0	15
0	11
0	11
0	0
182	1486
36	1562
9	107
263	2266
0	1347
1	1128
4	1001
7	838
1	40
166	151
1	20
1	26
5	95
7	24
45	617
3	38
22	448
0	868
1	918
6	391
0	232
7	234
5	137
0	0
0	0
0	190
0	186
9	186
0	28
0	28
0	21
8	811
3	797
0	758
0	776
0	723
6	648
32	713
3	37
3	94
2	40
1	484
30	1428
230	1428
0	263
915	245
1	245
290	137
9	137
2	25
11	25
14	0
5	147
2	147
5	128
0	14
0	6
0	2
93	1149
0	246
3	1153
2	1127
3	162
0	61
0	96
0	263
0	12
1	9
15	320
13	381
0	269
0	34
0	20
11	17
0	87
0	155
0	162
0	94
0	23
26	505
0	505
47	30
0	30
15	2569
78	2137
1425	2460
2	85
139	269
0	227
1	173
0	139
0	129
0	59
1	162
13	116
0	113
0	60
0	43
0	27
2	55
11	16
0	72
4	5
0	0
2	298
0	298
15	1
0	1
1	8
0	0
4	8
0	0
6	45
1783	0
5	3
780	0
91	0
2	5
0	5
0	0
3	1
0	1
1	0
0	0
0	0
0	0
0	0
0	0
0	0
0	0
0	0
0	0
10	0
0	0
0	0
32	0
0	0
4414	302
0	300
1	0
0	3
0	0
0	0
0	0
0	2
0	0
0	1
0	334
0	341
1	12
13	75
0	0
0	7
1694	164
0	0
0	0
0	0
1	164
6	3
1	3
3	1
452	193
3	23
5	38
3	132
2	93
76	39
7	39
267	510
91	510
14	28
2	140
0	0
0	1282
6	1294
2	1294
1	916
56	355
124	0
0	0
0	0
0	0
0	0
5	107
29	617
1073	2279
1	1495
0	89
3	108
7	306
14	83
0	0
4	0
0	0
363	0
0	0
0	0
0	0
0	0
0	0
0	0
0	0
755	539
2	454
0	342
0	0
53	165
1	39
1	0
31	478
1	37
30	437
0	0
0	67
8	26
1	0
47	0
3	518
0	518
0	168
1	0
1102	1194
0	1104
4	721
0	80
0	128
1	95
0	72
0	570
0	57
9	25
327	677
4	649
7	548
1	98
0	0
0	11
0	84
0	52
1	51
0	13
0	3
957	1746
1	366
15	248
0	0
1	959
0	990
0	1004
131	155
0	30
0	130
0	19
0	7
312	720
20	720
0	0
2116	1329
0	1329
4	238
2	29
49	150
1	1288
457	1838
0	234
0	352
3	34
1	4
0	4
1	0
30	30
23	30
0	30
0	2
0	0
0	0
1	0
0	0
0	0
0	0
0	0
0	1038
0	0
0	0
0	0
0	0
0	0
0	0
0	0
0	0
0	0
0	0
0	0
0	0
0	452
16	3090
3	1348
5	3028
1	8
13	373
1	8
0	413
1	309
0	360
15	12
0	2
1	5
22	5
7	193
51	150
7	118
0	133
66	17
15	372
0	363
3	56
0	0
10	91
2	18
0	27
21	258
927	655
0	655
3	93
6	7
17	274
1	259
0	241
90	274
15	258
32	137
0	7
0	20
0	0
1375	4
0	0
1036	121
0	0
0	0
6	119
4	8
6	64
20	3
0	0
0	0
0	0
0	0
0	0
1	2087
0	0
4	2089
121	0
2072	2089
163	2087
1	399
1268	179
0	6
1	12
111	773
290	4536
4	62
5	2035
7	3260
5	76
0	15
158	101
0	101
0	0
4	0
0	0
4	95
0	2773
4	2796
0	132
58	0
1	120
40	272
17	2178
5	1058
79	0
0	0
4	798
2	637
0	801
1	147
4	639
68	1624
0	1728
1	286
13	317
0	213
0	0
0	0
0	108
1	93
0	112
624	242
18	107
2	213
0	0
8	8
0	8
0	1
0	0
0	0
0	0
0	0
3	33
1	33
0	39
140	212
9	181
0	0
8	32
2417	119
2	119
0	0
0	0
0	0
0	0
282	476
9	476
0	0
6	0
0	157
1	157
14	101
0	99
5	59
10	23
0	23
0	0
0	0
38	5
11	42
1	18
34	0
417	5
1	42
0	0
0	0
0	0
0	0
19	571
0	580
1	72
0	23
0	0
0	6
1	0
3	0
0	0
204	0
248	2
2	0
0	0
0	0
0	0
0	0
1	4
0	4
0	59
303	242
0	200
41	28
0	0
0	0
0	0
2	0
0	0
0	0
0	0
0	0
1	0
9	100
11	6
667	104
0	4
0	0
0	0
0	0
13	1703
801	1703
0	123
22	47
84	526
6	164
131	367
0	0
2	0
1443	79
27	79
0	1
1	0
0	0
0	0
0	0
0	0
0	0
0	0
0	0
0	0
0	0
0	0
0	0
1	1
0	0
0	0
0	1
0	0
0	0
9377	3586
39	0
2	3580
0	5435
116	5884
0	5840
3	1228
0	340
4	7
0	1
0	7
0	7
4	0
0	2
0	2
0	1
0	1
0	1
0	1
0	0
0	0
11	0
0	0
0	0
139	3
0	3
0	0
0	0
0	0
0	0
0	0
0	0
0	0
0	0
80	70
1137	70
1	0
1	2
120	11
0	3
0	10
0	0
0	2
123	150
0	31
2	148
33	0
0	0
0	0
0	0
0	0
0	0
0	0
0	0
0	0
0	0
0	0
0	0
0	0
0	0
0	0
1	0
0	0
11	504
0	406
1	275
11	122
0	0
0	0
0	0
2	0
0	0
0	0
0	0
0	0
0	564
21	5485
169	138
15	127
2936	5414
0	0
55	592
198	393
14	0
2	567
17	576
0	367
0	377
10	390
0	352
2	393
46	0
0	0
46	219
0	0
0	314
2	314
27	121
16	176
26	2882
0	2882
4	252
0	0
0	0
0	0
0	0
388	8
0	0
0	0
0	8
0	4
0	4
0	3
1	3
0	0
0	0
0	14
4	0
179	24
0	9
0	10
0	0
0	0
0	1590
88	1583
3	1468
2	36
0	36
166	96
0	99
1	63
1139	311
0	119
0	213
492	202
5	10
2	10
27	163
0	28
966	749
40	749
2	50
630	0
0	0
4186	3269
4	1398
6	93
2	3052
0	2570
1	2438
0	2115
2	1234
6	1701
391	0
0	0
0	130
0	0
0	314
0	314
22	314
0	0
3	0
0	1575
0	1544
4	569
0	1521
37	484
0	1296
10	115
6	643
0	0
0	0
0	0
1019	271
12	88
4	262
0	0
0	3
1	17
0	1
0	4
0	15
0	16
0	17
0	3
0	7
0	0
1	17
0	16
0	8
0	8
0	9
0	10
0	0
0	0
1	1
4196	8
0	13
2	13
5	14
0	13
0	0
0	1
0	0
0	2
0	0
0	2885
44	3080
0	811
0	334
0	249
1	245
2	65
172	1339
0	599
0	1234
22	382
7	195
0	0
2	0
0	0
0	7
4	7
0	0
0	5
0	0
0	0
0	0
0	0
0	0
11	0
0	0
0	0
63	0
2	929
0	964
11	117
0	435
5	11
44	261
8	198
36	174
16	713
0	43
0	41
0	256
0	747
0	3
0	3
0	0
3532	2601
2	626
96	1490
0	0
0	0
0	10
168	0
0	0
16	10
0	0
0	0
0	0
0	0
0	0
0	0
7177	2
2	28
0	28
0	28
0	0
6	7
0	0
0	0
0	0
0	0
348	0
1	117
0	0
0	0
0	0
0	0
7	651
162	756
1	395
0	0
0	16
0	50
0	7
0	0
0	1
0	3
0	2
0	1
1	0
0	1912
0	135
0	160
0	0
0	1123
0	1
0	473
0	27
0	18
0	20
0	26
0	1500
0	0
0	1
0	25
0	16
0	50
0	7
0	0
0	1
0	3
0	1912
0	135
0	160
0	0
0	1
0	473
0	3
0	2
0	0
1325	2014
0	1937
0	0
0	1
0	1
0	0
22	344
15	344
5	6
3	52
0	49
27	1081
139	1607
20	1633
25	19
0	0
109	165
26	118
1	44
422	291
0	253
24	289
8	219
0	0
0	0
0	5
0	20
0	0
0	19
709	176
0	4
6	88
1	17
3	115
36	801
1541	801
6	92
3	94
4	51
0	14
0	24
19	610
0	636
1	253
5	161
0	143
0	178
0	200
14	115
0	115
1	18
9	209
0	211
0	156
2	129
7	3
2	3
0	157
0	172
17	146
0	0
0	0
0	0
1143	694
0	668
0	694
4	137
1	23
84	137
0	230
0	185
0	38
0	126
0	101
1	64
2	14
0	45
28	0
0	0
0	0
0	0
0	0
16	720
5	707
3	85
7	127
7	39
0	24
0	0
4	1
0	1
12	943
56	905
5	821
0	56
2	503
9	0
0	26
0	0
0	0
0	4
0	7
0	3
66	627
349	702
1	269
3	0
6	181
1	87
3	9
1	0
2	1783
0	2038
5	1905
13	166
1	149
1	142
511	2
1	95
0	92
0	82
0	82
3	78
0	88
2	78
0	16
5	2
0	2
0	0
0	0
2	1
0	1
411	2516
0	2603
0	2581
15	2030
4	1513
0	0
99	101
3	0
0	0
1	9
81	27
1	1
0	14
0	15
0	17
0	0
76	98
0	44
0	72
0	0
0	0
0	0
0	0
0	0
0	0
0	0
0	0
0	0
0	0
0	0
0	0
1	0
0	0
1857	4707
29	4480
10	176
4	1680
0	207
0	0
18	190
119	80
1	0
0	0
0	0
0	0
0	0
0	0
2	0
0	3
0	19
3	19
0	2
0	54
0	72
0	124
0	146
0	826
0	201
5	70
0	143
2	648
3	179
26	100
0	9
0	787
0	159
0	789
0	87
1	36
3	186
0	755
5	61
0	721
0	813
0	437
1	300
3	0
1	45
31	125
0	0
1642	237
10	167
0	0
1043	2
0	0
3	38
0	32
0	0
6031	12074
6	11714
2	5400
0	1628
25	357
0	0
68	471
25	15
13	467
253	60
0	48
0	2
11	0
590	2527
1	2363
1	221
5	66
2	162
0	0
1	0
0	1
0	0
0	0
3	845
3	1
0	0
0	0
5	534
0	0
0	0
2	0
2	0
0	0
0	0
9	0
0	0
101	5297
30	1490
14	304
0	1416
13	5055
0	3520
0	3547
0	3549
14	3001
8	1497
0	446
276	1055
0	932
0	1064
33	186
0	0
0	0
0	0
10	119
0	0
0	0
14	15
5	15
0	0
0	65
36	1
0	202
0	177
3	1338
0	0
20	1882
1	173
11	0
0	12
0	1813
0	0
10	35
0	0
0	0
0	0
0	0
20	1186
0	48
30	1184
0	106
0	0
0	0
0	0
0	0
0	0
0	0
0	0
0	0
0	0
0	0
42	2647
537	2647
5	112
0	0
484	134
2	128
0	34
0	45
0	9
6	9
0	0
40	0
77	39953
5	30800
20	10914
6	1866
10	16415
0	30222
14	7274
0	8193
0	0
818	0
3	0
0	0
2287	2
595	6
3	2669
0	0
12	5765
58	5765
0	18
93	46
0	39
0	64
0	38
0	29
0	29
0	1550
22	1881
0	2401
1	5387
688	6306
38	912
7	1896
0	0
7	0
4	10
0	9
3	9
5	0
0	1
0	0
0	3
0	3
0	0
0	3
0	3
0	0
0	0
1	0
0	0
2	0
0	0
2	0
0	0
246	226
83	226
0	97
41	254
2	139
1	170
4	94
1	26
3	3
3	3321
0	1
0	0
0	0
0	11
0	23
1	23
0	0
0	0
0	0
0	0
0	0
0	3
0	0
0	0
0	0
416	367
1	144
10	235
759	508
0	512
6	512
0	0
0	0
0	0
0	0
0	0
0	0
0	0
0	0
0	0
15	0
0	0
0	0
3505	648
58	438
0	217
11	190
1211	677
0	677
2	473
0	515
0	512
19	13
0	290
0	0
0	0
0	0
0	0
0	0
645	2853
66	292
55	939
90	2230
1	0
1	4
0	1
3	13
1	581
1	0
0	0
0	0
0	0
0	0
0	0
452	0
74	546
21	134
0	230
4	343
0	91
0	28
60	164
1	164
564	65
0	107
0	107
198	1226
40	777
2	850
27	114
91	4351
12	4421
21	4105
113	266
0	0
868	1184
5	830
0	267
0	354
6	354
0	1
0	1
0	0
0	0
0	0
0	0
0	0
0	0
0	0
0	0
0	0
0	0
0	0
0	0
0	0
0	0
0	0
0	0
0	0
0	0
0	0
0	0
0	0
0	0
0	0
1	0
0	0
0	0
0	0
0	0
0	0
0	0
0	0
0	0
0	0
0	0
0	0
0	0
0	0
0	0
0	0
0	0
0	0
0	0
0	0
0	0
0	0
0	0
0	0
0	0
0	0
0	0
0	0
0	0
207	0
10	0
0	0
0	0
0	0
0	0
0	0
0	0
0	0
0	0
0	0
0	0
0	0
0	0
0	0
0	0
0	0
0	0
0	0
0	0
0	0
0	0
0	0
0	0
0	0
0	700
0	679
0	53
2	25
1	25
10	0
0	521
0	463
0	0
0	334
0	35
0	0
0	0
0	0
0	0
290	933
4	1062
0	963
16	0
0	0
0	161
1	280
19	0
14	84
0	0
0	0
0	0
0	0
0	0
24	5887
0	0
0	0
0	0
0	0
0	0
0	0
0	0
0	0
31	63
0	63
0	0
0	0
0	0
0	0
0	0
14	670
0	465
0	0
0	0
0	0
0	0
0	0
0	0
0	0
0	0
0	0
0	0
0	0
0	0
9	431
0	0
0	0
0	0
0	130
0	129
0	105
1	107
0	95
0	0
0	0
4	7
1	0
0	0
0	0
10	0
0	17
0	76
0	0
0	0
0	0
0	0
0	0
0	0
0	0
0	0
0	0
1	36
0	0
0	0
0	3
0	0
0	0
0	0
0	0
0	0
0	0
0	0
0	0
0	0
0	0
0	0
0	0
0	0
0	0
0	0
0	0
0	0
0	0
0	4
5	805
0	820
25	322
2	0
0	0
0	0
0	0
0	0
0	0
0	0
0	0
1	0
18	308
1391	822
0	817
18	631
9	215
37	76
38	540
6	23
39	523
6	90
200	1281
1	1071
14	78
1	1092
60	554
0	64
9	149
0	511
19	420
18	345
30	164
6	0
22	225
0	155
0	129
0	0
6521	1157
459	1127
0	0
0	0
0	1
0	0
0	0
1	0
0	0
4	0
0	0
0	0
0	0
495	153
0	149
0	77
0	0
4	32
0	0
3	0
0	0
22	3
1	0
0	0
2	0
0	0
0	0
0	0
0	0
0	0
0	0
0	0
0	0
0	0
0	0
0	0
0	827
0	511
0	637
0	573
2	323
0	286
1	284
0	82
2	291
3	14
1	0
212	557
135	561
9	381
2	10
1	331
294	810
0	1
42	470
13	690
0	0
0	0
8	4
0	4
74	15909
0	632
49	15112
2	2484
238	2534
0	2696
368	15258
81	7953
14	874
19	13722
0	13675
22	1169
34	677
241	2690
109	1214
0	877
0	259
0	0
0	0
0	0
1	0
1	0
2016	78
0	71
0	0
1	0
0	8
0	0
77	0
1233	0
0	0
81	3398
5	3353
1	2389
22	593
1	255
7	489
39	110
30	1654
23	5600
2	5476
0	5636
0	0
32	349
0	625
0	0
69	201
1	122
0	0
0	0
0	0
2	0
0	0
4	168
20	168
32	370
0	0
16	273
0	73
0	335
0	0
9	627
0	642
2	396
0	0
2	0
0	0
0	0
0	0
0	0
12	2
0	2
433	110
0	6
22	111
0	111
0	20
0	0
0	0
0	0
0	0
0	0
0	0
0	0
0	0
682	410
154	181
33	179
32	1218
20	1384
0	1409
93	1199
0	0
0	1
0	0
512	3221
0	2745
22	797
0	0
270	1253
0	0
2	1680
0	2047
3	0
0	0
0	0
0	0
0	0
5	2
0	2
2	13
0	3
0	2
0	4
10	12
0	0
0	0
0	0
0	0
0	0
0	0
0	0
0	0
0	4748
0	4748
0	0
0	0
795	0
0	0
0	0
0	0
0	0
0	0
1	0
0	0
2	0
0	0
0	0
0	0
0	0
0	2
0	0
0	0
0	0
0	0
0	0
0	0
0	0
0	0
0	0
0	0
6	0
0	0
0	0
0	0
0	0
0	0
0	0
0	0
0	0
0	0
0	0
275	0
0	0
0	0
0	0
0	0
0	0
0	0
0	0
10	1
0	1
0	0
0	0
0	0
0	0
0	0
0	0
0	0
0	0
0	0
0	0
75	2576
0	0
0	0
0	0
0	0
0	0
0	0
0	0
0	0
0	0
0	0
0	0
0	0
0	0
0	0
510	0
0	0
0	0
0	0
0	0
0	0
0	0
0	0
0	0
0	0
0	0
0	0
0	0
0	0
0	0
18	66
32	99
0	105
0	77
0	0
3	10
3	0
2	10
0	1
0	0
6	371
3	353
0	433
3	21
930	0
2	0
0	0
1361	0
58	0
2	0
0	0
0	0
0	0
0	0
0	0
0	0
0	0
0	0
1	2415
3	2275
1	2051
0	1593
6	53
3	78
0	0
0	0
0	0
0	0
0	0
0	15
0	8
0	0
8	15
2	196
0	0
1	213
6	176
6	148
2	15
2	25
9	37
0	0
1	0
3	17
8132	6
3	0
0	57
20	178
11	30
0	25
0	11
0	14
0	15
2	10
0	12
0	5
0	54
0	6
1	10
4	66
2	0
5	0
5	172
0	1
0	0
0	0
0	0
0	0
0	0
0	0
0	0
0	0
7	7684
0	4069
424	2525
24	7531
111	1363
1	5011
3	3639
2	10
0	690
1	0
69	4840
1545	10
0	0
0	0
0	0
0	0
0	0
0	1
0	2
322	6396
20	1069
2	6205
0	311
1612	561
0	274
554	0
26	113
1372	994
0	529
0	454
3	104
117	31
0	0
0	0
1283	1038
10	1038
0	0
0	0
0	0
6	2514
2	1142
0	2623
0	2500
0	804
1	2194
49	2101
16	142
2	191
3	49
3	47
2	1
0	0
1	0
3	0
2	0
801	435
0	236
9	0
1	121
2	241
93	0
0	0
0	0
0	0
0	0
32	98
11	98
9145	11081
2	2053
0	9231
5	321
14	187
26	295
0	0
1	295
0	0
0	0
0	0
0	0
1	0
0	0
0	0
0	0
0	0
0	0
0	0
0	0
0	0
1	49
0	23
271	391
0	42
0	211
0	80
0	0
11	0
0	0
3	166
0	36
5	36
0	63
2	153
16	132
3	87
727	649
4	397
0	373
15	301
187	3
0	12
7	12
1	0
4	2428
12	1941
7	1849
1	1843
0	673
17	65
88	82
9	1260
3	214
4	244
0	0
0	181
1	18
0	9
1	0
0	0
0	0
0	2
0	0
1	2
0	0
14	25
0	21
0	23
0	1
0	0
0	10
1	5
1	3
1	9
0	9
0	6
1	0
0	0
2	9
4	9
0	0
0	0
0	0
0	1
0	0
0	0
3	0
0	0
0	0
0	0
0	0
0	0
6	2
0	1275
6	7187
0	608
52	7390
1	361
3	309
1	1231
2	1
0	1
0	0
384	764
0	730
0	279
0	249
8	152
0	65
12	69
0	50
28	5
17	10
0	0
0	0
0	0
2	0
560	85
0	85
8	47
1339	144
3	140
0	0
2	0
9	10
1	15
3	8
0	5
0	0
4730	5581
0	0
2	4836
0	1761
0	0
0	957
0	587
0	0
1	14
5	14
6	13
0	2
0	14
0	13
0	1
0	0
0	0
1	170
0	0
0	0
0	0
0	0
8	0
0	0
0	43
351	115
7	72
1880	6946
48	6851
3	6942
0	4706
0	2084
17	2058
0	0
33	18
5	2978
0	2978
5	0
6	859
10	893
5	760
3	201
1	121
1	82
20	0
24	1214
46	1214
1	0
1	0
0	0
0	0
5	4
0	4
2	1
0	0
0	0
0	0
1	6
0	0
0	0
0	71
0	447
0	1
0	115
0	0
0	0
0	0
12	540
0	533
0	362
0	346
3	156
3	26
5	69
0	156
7	1
0	2
0	2
0	0
0	0
0	0
0	0
2	10
7	9
87	86
2	57
0	4
0	1
0	1
0	2
1	23
7	3
21	724
4	831
2	3
11	396
81	222
322	319
40	995
2427	1076
328	697
0	697
3	137
21	239
8	119
70	6
0	0
0	63
33	777
0	16
0	540
3	705
0	706
0	524
746	761
4	122
0	122
0	118
0	3
0	60
0	12
0	8
0	0
0	0
0	0
0	0
1	279
0	0
79	0
6	27
221	55
3	936
0	1
185	28
236	2123
1	1807
1	71
0	135
13	11
13	509
26	11
825	148
4	31
0	61
4	38
0	0
0	0
19	8
6356	2
0	0
0	0
0	2
0	0
0	0
3	2
0	0
0	1
9	17
0	13
0	0
2	0
1	3
0	3
0	4
0	3
0	0
0	0
0	0
0	0
1	0
5	0
128	813
1	119
2	745
0	319
1	80
0	86
0	154
0	18
0	20
4	0
0	347
55	337
0	154
9	39
1431	1535
2	1535
0	0
0	215
5	114
0	0
0	0
0	0
0	0
0	0
0	0
0	0
0	0
0	0
31	35
0	35
0	0
0	99
7	99
7	10
0	3
1	4
0	4
0	4
0	3
0	3
0	3
0	0
0	25
0	10
0	13
58	25
0	5
1	2
0	5
0	7
0	7
0	9
0	5
0	4
0	0
0	0
0	0
0	0
0	0
202	600
0	519
3	243
1	69
33	222
844	161
0	131
0	62
0	47
2	321
19	229
11	140
0	75
2	149
0	205
0	0
0	0
0	0
0	0
0	0
0	1359
2	1288
0	1370
0	63
14	88
0	0
1	0
2	22
13	0
0	0
0	0
1	0
6	0
1	7
6	7
0	8
0	8
0	0
0	0
42	205
10	205
206	83
0	83
0	0
4	0
5	25
306	32
8	25
0	0
6	3057
770	3097
4	733
0	84
29	178
0	470
21	46
0	0
0	0
0	0
0	0
37	46
0	39
0	25
0	20
0	0
0	0
0	0
0	0
0	0
0	0
0	0
0	0
0	0
0	0
665	1986
0	1623
10	1078
0	719
0	0
0	0
1904	1641
0	274
0	460
0	107
9	19
0	0
1	254
2	549
6	635
50	6
0	0
0	554
3	0
0	0
0	0
35	1228
0	824
8	1153
2	1164
6	155
0	0
5	0
1	1166
577	6553
7	1142
4	5817
399	6054
576	86
19	21
0	71
12	52
6	2
9	17
1	17
1	0
0	0
0	4495
0	7
0	0
0	0
0	0
0	0
0	0
101	1304
0	1073
0	1186
4	59
101	102
2	1780
17	1800
1	123
0	123
0	89
31	797
0	0
2	150
1	0
0	0
195	22
0	22
0	0
0	0
0	0
0	0
0	0
0	0
0	0
0	0
0	0
0	0
0	0
0	0
0	0
0	0
0	0
0	0
0	0
0	0
0	0
0	0
0	0
0	0
0	0
0	0
0	0
0	0
0	0
0	0
0	0
0	0
0	0
0	0
0	0
1	2
0	0
0	0
0	0
0	0
0	0
0	4
2	0
0	1
0	4
0	4
0	1
0	0
0	0
0	0
0	0
0	0
0	0
0	6
0	0
0	0
0	0
0	0
0	0
0	0
0	0
0	0
0	0
0	0
0	0
0	0
0	0
3	0
0	0
0	0
0	0
0	5
0	5
0	0
0	0
0	0
0	0
0	0
0	2
0	62
0	3
0	2
0	6
1	6
0	0
0	6
0	6
0	1
0	0
0	3
0	0
0	0
0	0
0	0
0	0
0	0
0	0
0	0
0	0
0	0
0	0
0	0
0	0
0	0
0	0
0	0
0	0
0	0
0	0
0	0
0	0
0	0
0	0
1	0
0	0
774	3
0	3
0	2
0	2
0	0
0	0
0	0
1	0
0	0
0	0
0	0
24	5544
0	2060
8	477
91	0
0	394
1	0
2	287
1	286
2	3385
0	257
1	18
0	162
0	6
21	355
3	187
5	18
326	2904
0	45
6	311
19	2919
0	23
6	2900
2	1300
0	1261
0	0
101	548
185	1064
2	444
39	288
0	0
0	0
0	0
0	0
0	0
53	18
0	0
7	0
4	0
0	0
20	40
0	40
31	2
25	20
1	1071
0	0
0	0
0	0
321	376
20	0
20	0
0	83
0	374
0	0
393	312
0	287
0	0
0	294
0	328
2	286
0	75
0	30
1	73
0	979
17	5180
0	801
7	41
5	98
5	70
2	72
52	2022
5	3197
25	55
67	0
43	4
53	33
0	0
64	0
0	234
6	0
0	0
0	0
0	0
0	0
0	0
103	0
0	2
0	0
0	0
0	0
0	0
0	0
0	0
0	0
0	0
0	0
0	0
1	27
0	2
0	1
5	24
0	0
0	0
0	0
0	0
0	0
0	0
0	0
0	0
0	3
0	3
0	0
0	0
0	5
0	0
0	0
755	154
0	10
0	120
0	150
0	44
0	0
0	0
9	29
0	29
0	24
1	5
0	1
0	2
0	0
0	0
9	0
0	141
0	0
5087	470
0	0
8	408
11	0
23	3
5	57
7	0
0	207
5	128
249	241
9	108
3338	5931
18	1743
31	968
23	2542
16	2459
111	222
7	257
8	332
64	0
0	244
0	0
0	0
0	0
0	0
642	0
0	0
0	594
1944	1333
0	807
5	133
49	475
14	977
3	836
7	1010
0	574
0	0
0	0
32	0
1562	0
0	0
0	0
68	1971
13	2
4	1883
0	288
3	599
0	547
0	1024
0	0
0	0
0	0
0	0
44	0
0	0
4	0
0	0
0	0
0	0
188	770
1910	4525
197	1498
1	1107
60	2353
4	1935
1	729
3	775
0	160
11	1484
136	0
4	582
2	1792
0	0
235	1967
0	1837
0	331
0	0
0	340
0	0
0	10
11	134
0	824
22	838
1	609
4	865
0	0
0	0
12	6123
310	1500
238	8828
58	7800
1	316
0	2
3	2302
17	2
12	0
0	0
107	377
9	291
1	152
0	67
7	529
30	529
0	1
3	34
2	92
0	57
0	0
0	0
1201	467
1	37
0	389
12	111
215	256
45	53
1	0
0	0
0	4
0	4
65	1288
0	1220
0	1057
21	28
0	68
0	211
0	0
2	0
0	5
0	5
0	0
0	4
0	0
0	0
0	0
4	0
3761	3291
3	27
14	419
6	923
0	3021
0	0
9	0
19	0
0	0
0	0
8	0
55	0
61	222
22	0
53	0
60	33
3	1197
1281	4413
5	4405
208	2522
1	2782
0	6
6	1
0	0
0	0
0	1
0	3
0	0
2	0
0	0
0	0
0	0
63	266
36	266
9	4
0	88
0	85
29	1
0	73
0	0
0	0
0	47
0	6
4	25
460	1659
0	1
4	1635
3	445
0	0
0	203
0	0
0	0
0	0
1	0
0	0
1	0
0	0
37	870
60	870
3	33
5	7
8	2
0	0
1	1
0	1
0	0
0	0
0	0
5995	11276
8	1995
40	1501
16	3531
49	1350
0	4516
55	1785
59	2035
235	1635
10	868
0	0
2	0
1	0
13	0
0	0
2466	17958
12	17066
29	17477
23	5251
2	3094
26	1204
3	129
0	488
28	19
0	0
3	0
80	0
0	0
2	0
3329	954
4	561
3	555
0	544
12	298
0	0
5	0
1	1
0	0
8	159
1	161
0	8
10	694
28	2115
4	191
0	0
38	23
24	1389
0	0
1	169
0	2335
1	2335
7	2349
10	2396
2	0
1	520
0	356
0	0
0	312
1	259
1	115
11	11
0	0
0	7
0	6
0	15
0	16
0	0
3	0
0	0
75	0
0	0
6	0
0	0
0	0
0	0
0	0
5	0
0	6
7	0
451	137
0	95
0	21
0	13
0	49
6	2127
7	39
13	20
13	0
0	18
16	0
105	1647
5	2443
220	10792
107	1373
104	10422
5	183
11	27
1	331
7	426
43	544
6	96
3	465
11	220
16	227
0	0
7	0
0	0
0	0
0	0
0	0
0	0
5	2
0	0
10	1174
0	3016
0	2886
0	286
5	254
3	13
0	0
1	0
81	0
176	8367
6	8053
51	7392
0	0
1	946
57	635
1	688
0	1239
0	276
2	427
2	0
0	0
0	0
0	0
1	6
0	0
265	1277
0	219
56	1130
2	4
0	290
0	432
12	81
0	0
0	4
0	4
3	0
0	4
2	0
7	0
1	750
1	78
0	78
2	735
0	14
0	0
0	0
0	0
3	3
0	1
0	2
0	1
604	626
0	532
1	204
2	84
1013	555
94	0
147	555
1	217
0	0
9	0
14	4
17	386
0	385
0	367
0	0
8	101
0	41
21	366
4	76
8	6
0	4
0	2
58	104
0	0
0	10
0	8
3	9
0	0
0	8
1	0
0	0
0	0
0	0
0	0
18	448
2	446
0	61
2	2
3	0
0	0
0	0
0	0
0	0
1	0
0	0
0	0
0	0
0	0
0	0
0	0
0	0
9	14
1	61
9	9
3	53
4	0
39	0
7	0
0	0
0	0
0	2446
0	2388
0	2442
0	2442
23	657
0	131
2	74
0	0
73	2433
64	1041
0	2375
0	2433
25	357
0	91
0	265
1	22
8	256
3	0
1	122
0	0
1	35
0	0
0	0
0	0
0	0
0	0
0	0
0	0
0	0
0	0
121	6
2	6
0	0
1	0
0	5
1	5
0	2
0	0
0	0
1014	4571
26	4567
121	1012
4	1219
0	0
1	0
1269	61
37	61
17	0
0	0
13	0
0	0
0	0
0	0
0	0
2	10
0	0
0	0
0	0
467	1056
77	1025
0	239
44	667
43	95
20	76
35	14
36	149
2	538
117	889
7	264
53	1299
50	942
0	679
99	761
0	0
43	24
5	478
5	0
0	266
0	265
5	266
6	20
0	0
35	601
0	107
7	618
2	611
0	171
0	180
0	180
0	180
0	174
1	180
0	174
0	159
1	6
0	0
2	0
2	0
1	0
0	6
0	0
0	0
0	0
0	0
10	7
0	7
0	0
0	0
0	5
0	0
0	0
0	0
0	0
0	0
0	0
0	0
0	0
0	0
0	0
0	0
0	0
0	0
0	0
0	0
1	17
0	17
0	17
0	11
0	3
0	0
0	0
0	0
0	2
0	1
1	2
0	0
0	0
0	0
0	0
0	0
0	0
0	0
0	0
0	0
284	626
0	498
2	623
3	376
0	351
9	460
62	55
0	86
0	0
0	0
0	0
0	0
0	0
2512	2103
0	927
2	612
3	850
224	165
0	83
0	108
0	141
0	0
0	0
0	0
5487	344
0	344
0	0
0	0
17	0
1	571
0	0
0	0
0	0
3	4757
0	0
0	0
4	20
583	20
0	0
0	0
1682	874
0	810
0	389
3	306
0	0
701	95
2	88
0	20
0	0
0	0
0	0
0	12
0	0
0	0
4542	0
0	0
0	0
80	0
0	0
0	0
10879	19
6351	12
0	0
81	458
4	405
0	403
0	395
0	10
15	204
0	75
0	42
2	2
4	0
0	0
0	0
0	0
0	0
0	0
884	1119
20	249
0	63
4	83
12	830
13	54
21	125
10	125
14	16
0	0
3	14
0	7
38	13
21	7
1764	1675
0	617
2	1566
4	147
0	0
9	1072
0	1072
23	985
0	0
27	232
0	0
0	0
0	0
5	832
396	863
13	239
4	20
62	10
11	457
9	271
0	55
10	299
3	54
0	31
648	122
0	122
0	77
2	0
0	0
0	0
0	0
0	0
0	0
0	0
0	0
161	0
0	1
8	14
0	13
8	11
0	5
0	0
0	0
0	0
0	0
0	0
0	0
0	0
0	0
683	0
0	0
0	0
0	0
3567	899
0	898
18	346
0	324
0	3
7	303
2	247
16	265
8	35
0	1
0	0
0	1
160	476
2	170
1	233
0	164
0	39
1	54
0	0
1	1598
0	1650
31	1617
0	43
0	7
0	765
0	55
7	34
0	974
638	2270
3	1630
44	577
66	111
44	5
30	0
19	5
18	386
1	155
1	113
1	272
8	56
0	48
1	33
0	0
0	0
4	7
5	6
3965	8
1	0
8	0
136	0
0	0
4559	262
1	57
2	2
15	205
1822	287
0	0
0	162
695	125
16	0
1896	67
1	0
106	63
0	0
307	0
1478	192
1	495
0	171
55	115
15	152
1	217
8	108
1	34
25	85
2	29
1	0
41	3
70	0
3904	538
7	81
649	560
0	391
1	381
6	27
0	55
0	66
0	31
0	89
21	107
0	0
5	224
3	91
26	94
7	116
1	2
0	0
0	0
0	0
52	3791
16	5575
0	4973
9	141
5	1345
878	1345
67	151
5	342
79	342
0	0
782	333
117	333
0	1
3	0
0	0
0	0
0	0
0	0
0	0
0	0
0	2
5	4
1	2
0	0
0	0
0	0
1	28
0	0
0	0
0	0
0	0
0	0
2480	0
13	83
7	46
0	3
50	44
0	0
0	0
0	0
0	0
0	0
0	0
7	0
0	0
1	2
0	2
0	0
0	1
0	1
0	0
0	0
0	0
0	1198
0	1198
0	1119
0	888
0	606
4	2
3	918
4	61
0	5
2	5
1	70
1	46
0	102
6	40
0	0
7	34
0	0
0	0
0	50
0	0
0	31
1	4
0	0
0	0
0	0
9	76
0	0
0	0
0	0
0	0
0	0
0	0
0	0
0	0
0	0
0	0
0	0
0	3
0	2
0	0
0	0
0	0
0	0
0	0
0	0
0	376
0	376
0	0
0	0
0	0
1	5443
113	5539
221	5381
0	0
0	0
38	3351
2	3091
0	2702
0	0
0	0
0	0
0	0
1040	16474
2	16380
0	0
29	10
0	10
8	1
97	1654
9	1653
12	1660
0	384
16	172
4	33
315	0
94	2
0	0
119	610
0	613
0	598
0	593
0	591
0	577
0	613
0	596
0	563
0	404
0	420
2	21
0	0
0	0
0	11
0	13
0	56
0	19
7	32
0	5
1	7
1	0
1	0
0	0
0	0
0	0
61	1222
10	1222
24	804
0	0
0	0
0	0
0	0
0	0
0	0
0	0
0	0
22	94
2580	3189
0	94
4	3047
0	474
4	607
17	289
76	467
0	17
2	3002
1	181
4	610
5	142
11	258
0	0
0	0
0	0
0	0
0	0
0	0
0	1
0	1
12	2
76	3
0	3
0	0
6	0
0	0
0	0
0	0
0	0
39	0
133	441
13	752
9	1979
0	2535
3	2509
129	2565
80	554
7	35
34	181
30	507
5	179
7	123
2	23
0	0
0	20
0	23
0	0
0	23
0	0
12	289
0	289
0	136
0	68
46	24
2	22
368	140
1	134
0	20
0	40
0	40
4	25
1798	1006
0	0
3	100
5	237
51	839
1	226
0	166
0	78
0	320
0	110
1	240
0	278
3	277
0	106
1	0
0	0
0	521
32	654
5	250
0	455
0	8
0	0
0	0
0	0
53	305
0	288
3	311
0	161
21	18
0	234
201	0
172	18
2	18
0	0
376	12
4	12
0	0
0	0
0	0
0	0
0	0
0	0
0	0
0	0
0	0
6	883
2	665
0	585
2	44
11	865
0	207
0	0
0	0
0	0
0	0
0	0
0	0
1	1
0	0
0	0
0	0
0	0
10	4
0	1
0	3
0	2
0	0
0	3
0	42
0	20
21	20
0	0
0	4
0	4
0	0
0	0
0	0
0	0
0	0
6	0
0	0
0	1235
5	1604
0	0
0	2
29	1095
710	0
3	1122
0	2
4	916
8	632
134	440
0	145
36	439
4438	513
2	171
0	340
46	2574
0	2558
0	2679
0	134
61	1918
0	1730
0	1275
0	0
1	125
4	98
0	0
0	0
1	272
21	467
2	206
2	19
3	3
0	0
142	29
20	11
43	0
0	60
0	0
46	687
0	685
0	37
0	273
0	25
2	2
0	14
87	746
0	607
0	736
0	722
0	347
0	32
5	46
10	1
0	0
0	0
699	0
0	34
0	414
0	181
0	193
11	401
8	401
0	0
1	193
1	193
73	370
3	414
0	0
0	0
0	0
0	0
0	0
10	745
0	0
0	0
2	166
0	1302
1	0
0	27
0	26
0	26
0	5
0	3
0	3
0	7
0	0
0	7
0	3
0	4
0	3
0	1
0	0
0	0
0	0
0	0
0	0
0	0
2	77
4	77
352	0
0	5
0	5
4	0
0	0
143	0
1	1
0	1
0	0
0	0
0	0
731	29
2	28
1	5
1109	0
0	3
0	3
17	0
0	4
0	4
17	33
0	33
0	14
7	5
0	0
0	5
0	5
1	0
0	0
0	0
735	8560
479	8556
0	0
24	0
0	0
1	10183
0	10196
1	10222
8	3942
0	1049
2	3614
0	2943
0	3542
3	1723
0	2982
0	9677
23	5296
18	7987
0	1901
102	0
8	4202
3	4
0	4
4	0
0	0
51	12600
0	12600
1068	12492
48	10855
296	9750
27	125
5	0
0	0
27	504
40	1753
15	1644
11	829
0	419
30	224
9	137
0	1
0	0
5	253
14	392
0	314
0	259
7	0
0	0
2006	539
0	539
0	0
11	204
6	516
68	483
0	0
0	0
0	3
0	3
0	0
0	0
0	0
0	0
0	0
0	0
228	132
33	133
0	24
3	0
0	0
0	0
0	0
0	4
0	4
0	5
0	5
0	5
0	4
0	1
0	0
0	12
5	34
0	9
1	17
0	20
7	313
111	314
0	60
0	9
0	0
6	9
2	0
2	4
0	5
5	0
0	0
179	141
1	0
0	72
0	92
0	22
0	20
1	20
0	19
0	18
0	1
0	3
0	0
3	0
189	320
0	0
0	52
0	32
0	0
1398	2870
12	154
34	501
12	1469
85	1092
12	991
11	0
171	847
0	768
4	145
23	87
41	3852
36	3358
0	3549
0	3071
1	3051
2	1920
1	2851
0	3465
7	1863
10	2498
1	1807
17	1659
2	667
3	433
42	475
0	25
0	18
0	8
164	0
899	2
15	1808
9	1661
2	1431
0	1913
1	1673
0	1768
3	2224
5	2219
2	263
3	36
5	48
0	192
16	227
41	131
663	0
0	0
2	261
23	251
3	244
0	244
1	67
8	244
0	32
1	229
24	229
0	13
16	47
10	27
0	21
0	5
161	4363
44	4363
16	4360
0	3
0	3
0	2
0	1
0	1
2	0
23	0
8	1403
0	2611
0	2744
0	2686
0	49
0	274
6	132
2	246
0	145
0	15
0	96
0	7
0	0
126	3451
0	3496
0	3588
5	16
9	604
1	485
23	359
7	266
5	64
3	24
20	0
0	0
0	844
3	869
0	757
0	757
3	35
1	125
2	149
1	46
0	19
0	3
9	0
3758	161
0	10
4	10
0	10
0	0
0	1
0	35
0	39728
0	39946
0	39293
18	39962
0	39305
69	39940
522	39944
59	39942
0	39924
37	40012
0	39924
38	40226
2	39946
12	11926
0	8020
0	6145
0	5710
1	5722
0	5411
0	0
0	14
0	0
0	0
3	15
10	159
12	830
8	788
0	853
0	56
2	3
2	77
8	138
967	473
2	0
3	349
0	0
0	5
0	5
0	5
0	5
0	1
0	2
0	2
0	0
10	55
7	13
0	47
0	6
0	753
1	49
0	756
0	61
2	35
2	17
1	93
21	479
0	39
1	45
0	13
91	666
2	666
4	0
36	1449
0	1399
0	1266
10	273
4	104
2	161
0	514
1	304
1	119
4	251
0	407
0	117
8	613
363	4223
14	4267
0	1718
1	1530
0	16
0	152
30	1607
3	216
2	514
0	747
2	925
0	354
27	697
37	633
0	112
6	139
1	238
0	358
7	242
81	55
15	1635
6	1642
0	1719
3	318
0	146
2	1343
0	103
0	267
5	337
25	117
2	491
9	450
0	204
0	186
50	0
270	10
0	8
1	12
0	0
0	0
0	0
0	978
5	333
55	1410
67	1027
0	77
0	315
0	978
19	767
0	112
0	0
21	52
3	47
4	5
0	19
0	82
0	92
1391	456
3	207
0	249
7	87
6	33
7	33
0	484
26	456
4	564
0	610
0	656
0	590
66	53
5	419
1	127
0	529
2	45
1	6
0	99
9	206
1	186
0	61
97	779
21	304
4	263
0	132
0	280
0	182
3	30
12	18
1	2
3	80
1	138
0	117
1	2
0	2
0	0
0	1
0	1
5	437
1	439
6	417
1	94
0	44
1	28
94	302
7	302
0	822
0	781
10	666
0	724
2	98
0	734
12	94
0	497
17	0
3	687
31	6
9	80
0	225
7	137
4	347
0	35
1	171
4	299
0	687
1	520
1	2360
30	2481
1	2384
0	166
1	1509
5	196
1	213
1	262
1	272
1	323
3	120
7	230
0	223
0	17
4	88
5	215
5	103
183	3428
468	3592
11	208
32	1207
3	1688
17	1288
8	1793
5	2164
1	2585
0	21
94	257
0	36
0	22
1	219
3	24
1	36
1	39
1299	349
27	868
122	759
23	730
0	11
5	156
0	205
0	184
4	194
1	111
0	2
1	131
1	122
0	132
1	10
0	0
0	0
37	1083
12	1097
1	32
1	886
1	721
3	174
0	225
12	6
3	444
0	417
1	46
0	155
15	88
1	172
0	155
0	166
0	134
1	105
0	15
3	90
100	31
0	12
4	9
2	10
0	180
1	130
2	161
0	2
7	107
34	595
0	493
1	391
22	541
1	17
0	525
0	106
0	580
0	525
12	0
0	0
0	0
21	175
3	179
0	186
4	157
2	42
0	22
0	628
0	591
0	628
0	591
3	52
55	366
2	44
0	9
2	3
3	8
0	2
0	0
0	0
107	609
6	568
2	391
0	53
8	930
1	934
0	26
0	59
75	90
65	919
0	53
0	401
59	375
0	326
7	374
1112	22379
38	22379
20	10972
21	48
0	48
0	15
1	0
0	0
17	451
2	478
22	359
7	340
0	0
0	0
0	0
0	1
0	1
0	1
0	1
0	1
0	0
1	52
10	30
0	12
95	59
0	15
0	0
33	3
0	0
0	2439
2	2424
0	1002
0	720
0	317
12	677
0	642
0	70
0	121
14	201
0	0
0	0
0	440
0	413
6	238
20	0
15	48
3	113
57	0
0	0
0	0
0	0
0	0
11	447
19	440
0	264
1	0
5	14
0	9
1	105
3	111
0	15
25	0
1	19
0	6
0	1
0	0
0	0
0	0
0	3
0	0
198	3
2	0
183	16
0	13
0	1
46	0
0	1
11	4
0	3
0	3
0	3
0	0
0	1
0	1
0	0
0	6
18	23
0	0
2	0
0	0
1	86
2	80
0	39
0	25
1	0
0	2
0	2
0	0
0	0
0	0
31085	11495
11	403
17	1179
0	2389
100	7054
97	5550
0	5032
2	2975
191	3000
0	0
0	71
6	248
119	748
31	610
7	23
34	211
6	139
3	154
0	83
1	134
2	16
2190	1880
13	480
2	0
14	130
8	157
0	838
6	782
57	590
0	197
1	0
0	0
0	152
66	152
2	30
0	33
1	0
2	0
0	0
0	0
22	81
0	37
0	64
1	4
0	11
0	28
88	187
0	183
0	30
0	0
0	49
0	652
15	67
0	56
0	652
0	259
0	35
0	35
0	22
0	0
0	0
0	0
0	0
0	0
0	0
0	0
1158	1212
58	1212
8	46
4	924
13	913
0	320
0	914
9	915
0	0
0	129
203	201
0	215
1	179
2	129
0	143
0	78
0	84
0	74
58	102
1	44
0	4
0	4
0	0
0	2
0	0
0	2
0	0
62	55
0	55
68	364
3	356
5	359
1	40
1	0
6	0
13	0
0	0
0	0
185	37
0	14
0	23
72	0
196	235
7	13
0	205
0	54
0	14
0	2
0	1
0	4
0	56
44	38
8	124
0	0
0	51
37	64
0	64
0	0
0	6
0	1
60	11
0	11
1	3
0	0
244	643
0	591
0	41
0	38
1222	8
605	0
7	0
121	1015
0	1015
0	31
5	121
0	0
4	102
2	176
0	178
0	145
0	178
0	176
31	193
0	17
0	53
0	9
1	36
0	0
48	30
978	1167
4	1167
173	209
0	205
4	38
9	24
0	0
0	1789
2	1789
0	0
0	0
0	257
1	1919
34	818
48	1688
0	116
1	0
0	280
7	138
0	0
0	2
0	2
21	0
8104	6
186	524
0	524
0	271
2	0
1	0
1	512
10	463
2	161
0	87
0	179
1	86
1	44
32	36
0	0
631	5458
37	1500
0	71
93	3958
0	0
0	17
30	1118
0	1103
19	27
7	51
1	220
0	0
7	15
0	97
0	27
0	27
0	29
0	9
0	8
1	9
0	8
0	8
0	0
0	0
1	2
0	0
318	770
3	416
3	448
26	148
0	10
1	53
0	53
0	9
1	8
0	1
0	0
0	1
1	0
0	0
3	0
7	931
3	1074
9	722
8	406
0	631
18	126
1	211
3	851
0	263
11	170
0	181
35	424
0	1
1	1
0	5
34	693
3	579
0	72
0	34
14	286
3	285
4	299
2	292
1	289
1	292
0	5
0	51
3	1
0	41
3	41
0	41
3	41
1	0
1	0
1	627
79	629
6	627
5	30
2	949
0	921
0	904
0	157
4	13
5	82
0	0
0	109
0	13
445	663
12	125
33	658
198	526
2	47
55	244
0	350
0	253
1	156
0	112
1	0
0	56
0	107
1	30
0	0
0	0
2	0
0	0
681	0
72	9084
202	9083
1073	3775
1044	3499
0	2
0	2
0	2
0	0
0	0
0	0
17	24
0	21
0	22
0	24
0	26
2	25
0	0
0	7
14	7
3	1
7	19
0	12
359	41
0	41
1344	2118
18	1283
7	2051
1811	27
1	0
739	615
0	0
0	46
1	163
4	109
0	151
0	150
1	97
0	149
6	69
1	2111
2	2083
8	2034
0	2192
0	2231
4	523
0	30
4	112
0	0
0	7
2	0
37	0
3	302
71	424
2	107
23	179
0	88
0	0
0	138
0	138
0	12
0	51
0	122
926	1010
163	937
6	944
0	145
0	28
0	33
0	46
2	40
1	0
0	0
28	25
0	340
1	764
1	94
1	1577
0	1690
0	1898
0	514
0	808
0	1793
44	138
8	1554
128	1358
1	1567
2	498
65	255
2	380
1	148
37	682
0	9
0	249
4	421
4	449
142	431
0	101
0	86
2	25
0	29
0	4
0	0
187	90
0	0
0	41
0	0
19	55
0	0
77	28966
42	4403
128	23699
313	25629
7	0
0	0
27	8908
0	8099
81	1806
0	0
0	0
19	44
281	64
0	22
0	20
11	11
931	69
0	59
2994	0
0	0
0	3
3	1640
1	32
7	1226
0	30
10	1348
0	577
59	98
0	17
2	18
509	4664
0	1265
154	3952
338	107
1	60
2	65
2	7
0	7
0	0
0	0
0	0
0	0
0	0
0	0
0	0
0	0
0	0
0	0
3	20
0	18
37	19
0	2
0	1
2	0
0	0
637	0
1	0
0	0
2884	2122
0	0
30	1117
2	1693
11	1043
10	8
4	0
0	0
26	76
25	29
0	352
0	0
57	1779
0	1326
11	58
4	1398
0	440
0	605
0	1134
0	571
4	302
0	3
5	0
1	62
0	165
540	2604
3	202
9	193
0	242
2	176
0	233
1	271
2	0
0	1726
19	654
1	605
11	349
0	731
3	178
3	205
1	88
0	720
0	741
0	741
14	680
0	665
1	308
0	64
2	13
2	3
0	47
4	0
0	0
1	18
22	0
1	1
2	1
0	0
16	0
0	2
0	2
0	2
0	0
1087	590
0	583
0	65
16	397
0	80
0	0
6	29
2935	2853
42	2225
0	629
48	0
6	362
100	0
1	8
262	334
0	43
3	66
10	21
0	289
0	155
1	66
13	0
47	0
566	1501
0	342
14	1071
0	0
100	61
4	774
0	0
0	15
30	0
110	359
1188	2192
0	0
22	1420
0	0
6	78
3	6
0	30
2	0
0	227
35	271
1	203
0	0
0	1097
0	735
16	1041
0	1007
2	1001
0	198
2	27
0	46
0	3
0	56
0	19
2	24
0	53
4	32
4	21
0	6
3	5476
243	5465
6	4352
2	177
8	1285
33	822
3	630
9	849
1341	900
1	143
23	815
4	513
0	0
1	0
37	699
0	4
1	1
57	34
0	3
0	37
43	696
0	18
0	9
12	75
0	0
1140	169
0	171
42	105
0	107
0	0
674	821
16	465
0	444
6291	6033
9	315
7	33
1	1548
1	569
7	259
1	0
7	905
10	1212
2	701
7	1979
112	266
0	124
10	156
0	24
3	103
6	49
0	11
0	1
0	1
0	37
0	366
0	288
1	408
7	86
0	94
0	192
1	8
0	154
0	146
0	123
2	8
0	0
14	516
0	0
0	77
1	678
2	716
6	348
0	108
2	60
1	66
10	998
38	1002
1	104
0	220
0	230
2	44
0	192
0	235
0	71
0	468
0	94
932	1953
0	1316
2	918
28	119
0	0
0	0
0	0
0	0
0	0
0	0
0	0
0	0
0	0
18	335
0	23
11	14
116	307
1	82
0	298
0	101
838	4463
12	4022
45	1268
181	1450
0	570
0	381
77	0
0	464
0	0
1	0
0	0
1	11
0	10
1	1
0	0
7	0
39	189
0	151
2	69
0	31
0	44
0	27
4	25
2	25
0	56
0	69
0	45
0	5
0	71
0	23
0	18
0	12
0	10
12	0
182	3257
12	331
15	1017
2	986
2	451
11	1429
4	1189
11	751
0	1235
1	289
0	2
0	1618
0	2
1	73
0	806
0	73
0	0
304	2506
40	1854
14	805
4	206
1722	2380
10	2184
0	783
63	914
0	2048
0	1969
116	122
15	200
14	191
0	46
3	24
1	14
0	12
1	29
0	0
2	551
0	690
0	471
0	465
10	254
0	140
0	1
0	0
0	0
0	3
0	0
0	0
0	0
4	221
0	41
0	84
2	184
0	0
0	95
0	49
1	56
15	24
0	0
0	0
0	0
1	217
0	0
0	0
0	0
0	0
0	17
0	95
0	129
4	165
0	143
0	40
0	96
0	0
1	0
2	0
0	0
0	0
607	1130
742	614
71	517
1	0
59	53
30	54
0	0
0	0
0	0
49	13
11	13
0	0
0	0
0	0
0	0
0	0
0	0
0	0
0	1
0	0
0	62
0	55
0	26
0	13
2	0
197	8212
5	8210
0	326
38	240
0	15
14	0
0	0
0	0
0	0
60	128
0	128
0	128
1	122
0	74
0	1
0	363
0	33
2	181
2	1254
0	862
12	273
0	357
0	16
79	1160
7	131
0	0
16	306
54	84
0	84
0	39
0	162
0	102
1480	893
1	253
4	337
7	186
1	185
16	317
148	3723
10	3603
0	469
20	15
73	582
13	463
19	0
0	3525
216	3525
20	1005
102	0
0	0
64	824
1	835
1	39
1	15
0	0
365	3590
0	1463
58	3466
0	370
12	78
12	0
266	102
1	84
84	117
1	22
112	3991
6	3985
0	3985
12	3919
0	3252
1	636
12	782
15	25
14	176
0	652
8	363
0	78
10	169
0	132
3	111
1	32
0	0
10	76
8	74
1	33
0	0
1	24
348	326
2	169
8	118
0	1
0	49
0	28
2299	1072
4	1072
108	1116
0	1116
6	115
10	984
3	958
0	895
12	902
2	348
0	709
63	1
0	0
0	0
0	2
0	2
0	2
0	0
0	0
0	0
0	0
0	0
0	0
0	0
0	0
0	0
0	0
0	0
0	0
0	0
0	0
0	0
65	39
1	39
0	0
0	0
0	0
0	0
22	0
0	0
0	7
0	1
0	0
1961	1538
3	1466
5	123
17	78
5	61
0	548
4	258
81	10
0	0
0	10
1	0
0	0
0	0
2	78
0	1
0	1
0	1
0	1
1	77
0	0
0	230
0	230
0	195
1	11
1	1
235	0
0	0
0	203
17	203
0	0
0	116
0	115
7	33
0	116
0	9
0	2
13	11
0	244
0	0
8	249
4	165
3	4
12	7
2	1
0	0
34	0
1340	1087
4	1087
590	2816
0	2816
47	1766
0	0
0	132
0	1
0	0
47	0
24	25
1	683
8	132
7	0
0	0
2	666
4	50
0	0
0	0
1	0
0	0
0	0
0	0
825	2266
317	2240
0	12
1069	0
0	0
0	0
0	0
0	26
0	24
0	26
0	26
0	14
0	0
0	0
0	0
14	0
180	0
57	0
0	0
0	0
0	3
2	97
3	5
29	97
0	87
0	4
206	326
2	243
11	289
1	287
14	193
0	143
130	0
662	794
0	51
0	753
9	613
5	613
1	0
0	37
32	209
0	7
0	94
5	23
14	17
0	94
20	13
37	80
3696	4710
34	4759
0	545
14	177
1	368
2	109
29	1470
11	1445
20	1372
0	176
2	3
0	0
1	1589
177	1589
0	985
0	0
3	0
0	0
1511	262
1	262
0	0
1	0
0	0
0	0
0	0
0	0
0	0
0	0
0	0
0	0
0	0
0	0
0	0
0	105
13	105
0	0
0	0
0	0
0	0
0	0
0	0
0	0
0	0
924	2587
18	2600
11	0
71	2088
1	230
27	87
1163	1037
6	22
0	346
6	424
0	332
0	109
1511	0
0	0
1545	314
4	312
7	2
4	2
0	0
0	0
0	0
0	0
0	0
0	1
0	1
0	0
0	0
0	0
0	0
0	0
0	0
0	0
0	2
4	2
0	0
0	8
0	4
1	8
1	8
0	4
0	743
5	2631
11	2436
1	1435
99	1595
96	1524
0	260
81	406
635	406
107	1144
4	280
1	178
0	878
2	64
0	39
5	94
2	78
0	42
0	33
20	177
0	356
4	390
0	359
0	355
14	366
0	174
1	76
3	20
2	27
0	47
1	51
0	21
0	17
1	1
3	7
3	148
15	156
1	24
1	10
55	1246
1	12871
253	12871
17	653
2	828
3	1019
4	106
0	0
7	153
3	157
9	152
1	95
3	101
7	101
1	124
0	0
0	31
34	268
20	167
0	811
0	831
0	773
0	617
38	54
130	93
7	3954
49	3868
4	3721
0	960
0	116
1	183
7	307
0	119
35	254
0	251
1	377
25	390
0	0
0	328
3	0
0	0
0	0
0	0
0	0
0	0
0	0
10	778
14	731
3	553
1	735
1	53
0	132
0	4
1	55
0	24
13	3109
0	3381
44	3167
20	3191
1	216
0	191
0	683
10	38
0	400
1	246
2	40
6	309
1	429
0	332
14	301
21	213
2	8
0	22
0	22
0	18
0	18
0	7
3	3
0	1
1	0
0	0
0	4
0	4
2	48
1	572
1	13
0	4
0	1
0	189
0	744
0	577
13	776
12	302
13	70
48	302
9	252
0	87
14	0
69	3
0	1
60	616
3	616
4	75
0	0
1	0
0	0
0	0
5	0
6	242
1	13
8	160
0	0
0	28
0	115
1	25
7	17
1	2
0	149
0	74
2	2
0	2
0	0
0	0
17	128
0	96
0	104
0	56
0	24
0	28
1	23
0	0
1	38
1	31
4	19
0	0
2	0
0	0
0	0
0	0
202	3584
11	3584
0	0
0	0
4	344
32	344
0	0
28	110
0	67
14	43
0	0
0	0
9	1303
11	111
0	0
0	0
0	0
0	0
8	3046
0	2912
0	2922
0	2959
2	2960
15	271
0	258
0	9
0	0
0	0
39	5
0	0
1	5
0	0
0	0
1056	21
4	1
10	0
17	18
15	0
0	0
0	0
0	0
902	877
4	544
0	66
0	326
58	103
0	45
7	0
0	0
0	0
0	1
0	1
0	1
2	0
0	0
0	0
0	1
0	1
0	1
0	0
0	7
0	88
0	374
0	354
1	252
0	0
0	7
0	2
0	7
0	0
0	0
0	0
0	0
2	0
0	0
0	0
0	0
0	0
2	25
63	187620
648	1142
0	1184
6	434
65	509
50	509
0	0
0	532
3	712
0	245
7	415
9	20
9	171
4	213
109	52
3	298
21	1089
2	1094
1	316
2	1045
13	15
4	24
0	345
4	345
0	0
1	0
0	0
0	0
0	0
0	0
2	7
0	7
0	4
0	0
133	80
0	80
0	9
349	801
5	505
7	784
4211	1292
3	968
1	88
6	272
40	76
507	76
0	0
0	0
0	43
0	1
0	1
3	43
2	51
1	51
0	0
0	0
0	0
0	0
0	0
0	0
0	0
27	0
455	1971
80	27
9	1495
3	26
3	1882
4	47
0	203
0	0
1	0
0	0
18	27
0	0
0	0
0	0
0	0
0	0
1	29
0	1
0	1
6	0
3	0
232	29
24	190
2253	1191
23	9
45	992
0	0
328	1573
68	5717
0	5461
4	480
9	429
44	24
0	0
0	0
7	3346
67	3304
50	1350
5	109
235	931
47	184
62	84
0	0
6118	2400
983	2398
1	0
0	0
0	0
4	211
1	213
0	123
0	122
0	22
2	0
0	0
0	0
0	0
8	128
2	128
2	43
0	0
0	4
0	43
0	5
1	0
561	63
1	18
4	45
10	6
0	6
0	6
7	556
3	520
0	518
0	493
0	198
0	382
0	87
19	379
16	38
2	57
3	7
0	21
0	60
0	53
0	0
0	48
0	17
3	0
0	8
0	243
619	343
0	16
0	255
0	483
0	506
0	515
8	221
0	473
0	482
0	498
0	484
0	447
32	478
3	193
0	54
0	64
1108	107
5	44
0	63
0	34
0	8
0	2
0	0
5	122
28	378
3	404
0	79
1	138
0	41
0	44
2	176
2	0
0	23
0	23
0	2
0	0
0	1
0	3
0	3
0	0
0	0
0	0
549	995
18	665
12	925
108	840
0	94
6	309
0	0
4	0
65	31
3	49
0	34
0	293
0	293
10	0
0	42
4	293
436	363
12	362
24	363
0	363
19	0
0	0
0	0
0	0
0	0
0	0
0	0
0	0
0	0
0	0
0	0
0	0
0	0
0	0
5	27
0	27
0	0
0	0
0	0
0	0
0	0
0	0
0	0
0	0
0	0
0	0
0	0
0	0
0	0
0	0
0	0
0	0
0	0
0	0
0	0
0	0
0	0
0	0
0	0
0	0
0	0
0	0
0	0
0	0
52	1625
0	1492
18	1261
1	1331
1	0
0	0
0	0
4	237
1714	1216
0	233
1	802
0	955
0	276
2	135
0	247
0	146
30	154
65	0
14	0
8	6613
1	0
45	4094
7	4603
0	4104
0	215
4	441
11	13
0	0
0	24
34	1058
4	0
13	986
0	1076
20	857
1209	1307
19	1268
20	1129
0	342
4	69
8	120
24	0
0	13
25	13
0	13
0	0
18	4
0	4
1	247
128	242
13	21
4087	192
2	68
2	120
10	13
0	15
0	15
0	13
0	11
0	11
0	9
0	0
0	0
0	0
4	3
0	0
841	1156
0	0
4	738
4	715
0	436
0	306
2	0
0	5390
4	5421
4	280
0	121
4	111
0	0
28	0
0	27
1	28
4	22
0	11
2	12
0	6
0	11
0	10
1	1
23	7
3	0
0	2
22	331
21	295
2	49
1	33
11	19
0	29
1	36
24	0
3542	12482
0	4998
6	2067
3	0
1	0
0	0
2485	6131
2	0
12	0
0	0
0	2
3254	12071
21	3915
1	216
0	246
21	244
4	21
0	0
6	120
0	128
5	22
10	23
0	0
5	30
1	12
0	0
0	3
2260	5
2	140
0	112
0	215
458	297
0	92
6	297
1	51
0	0
0	0
103	74
0	4
0	2
5	68
79	1615
4	1281
23	1483
2	47
1	98
3	151
9	73
2	98
3	231
4	109
0	0
1	0
0	0
10	0
0	0
0	0
0	1
0	1
1	34
8	373
1	260
6	269
1	92
0	381
0	353
0	301
0	383
0	83
0	40
0	21
1	81
1	83
0	107
3	505
0	556
30	554
2	15
0	37
0	0
0	0
16069	8560
21	7253
28	7488
1	4357
3	6820
18	7241
6	5724
1	7442
33	91
23	3279
21	2953
28	630
0	0
91	14
0	6
1	0
0	0
0	8
0	2
0	2
15	128
66	128
0	0
2	164
17	160
0	160
0	35
0	21
0	16
0	1
1	0
0	9
0	7
0	8
0	6
0	8
0	0
0	0
0	0
7	2102
5	2135
1	362
0	97
60	607
0	546
6	428
3	472
0	30
0	220
0	211
0	288
1	221
0	10
0	13
0	1
0	1
1	2
0	1
0	12
153	284
4	0
0	241
0	21
0	21
0	0
2	52
0	81
1	39
3	41
2	0
628	521
0	521
0	52
1181	23
4	21
10	1323
10	602
146	1300
3	156
4	395
14	68
0	0
25	12030
147	12685
12	105
16	0
0	0
3	0
0	0
2	566
79	213
27	0
2	0
10	0
5	0
2	2
1	0
0	0
0	0
0	0
0	2
0	2
0	0
0	0
0	4783
5	0
2611	4903
16	2147
0	578
48	397
0	4635
0	1416
6	195
0	541
1786	1510
0	0
1	0
32	1498
2	11
0	0
4	20
8	25
466	391
0	195
9	14
0	28
4	4
0	152
0	176
0	260
1	21
3	0
0	0
1	1
8	578
0	546
1	590
0	44
2	875
1362	1180
2	549
1	139
67	47
6	41
0	39
6	120
0	120
0	2
0	3
259	932
656	928
4	261
1	288
0	259
6	120
5	107
0	36
0	3
0	3
0	0
2	0
2	716
1	633
11	19
3	320
0	603
59	276
2	608
2	128
0	34
0	92
374	2
0	6
0	333
0	317
0	174
0	43
3	9
19	32
34	19
1	3
2	270
0	264
0	287
0	250
0	52
1	63
0	48
0	17
2	12
1	16
0	10
0	0
23	0
6	0
22	0
4163	774
2	520
0	760
7	0
82	2029
1	1698
11	1585
0	605
8	420
20	304
0	174
0	147
0	142
0	116
0	25
0	44
0	10
3	0
0	0
0	1616
384	2838
26	1615
2	1123
7	859
0	786
0	854
16	252
3	236
26	4067
30	4067
0	2649
3	0
1	1
9	1
1	1
0	1
1	0
42	91
0	0
0	0
0	90
1	0
0	14
0	2
0	0
0	0
0	0
0	5
0	0
0	10
0	10
0	8
0	8
0	0
0	1
0	10
0	1
0	8
0	0
0	0
0	0
0	4
0	0
1	3
0	1
2	0
0	103
8	103
0	0
0	0
0	0
0	0
0	0
0	0
0	0
6	732
0	3
0	3
1	409
3	416
5	407
0	414
0	0
0	26
0	729
1	48
0	65
2721	0
0	0
3	10
0	0
2	10
0	4
130	0
6	464
1	3
25	467
46	18
936	260
2	183
8	258
0	1
1	1
12	0
13	3
4	53
0	67
1	55
0	0
0	21
0	1
0	0
0	0
0	3
0	1
9	0
0	0
15	0
1	1
2	1802
676	9092
235	8326
126	7
1	0
0	3
0	2
1	0
0	0
2	2
0	2
0	0
0	0
0	3
217	22
0	22
0	0
405	0
0	0
1	0
0	0
0	0
0	0
0	0
0	0
0	1
0	0
0	4
0	4
0	4
0	0
0	0
11	103
0	0
43	541
1	532
0	0
0	0
2	1
0	0
0	0
0	0
0	0
0	0
0	0
0	0
0	0
0	0
0	0
0	0
1	0
0	0
0	0
0	0
0	0
146	0
2	0
0	0
0	0
0	0
8	0
141442	4968
22	0
22974	2
9032	4009
12	3861
10	655
1	146
12	702
4	94
5	816
0	798
1	805
6	10
0	12
0	114
2	29
2	1093
55	1171
0	225
2	84
465	0
15	38
0	38
169	722
0	195
3	631
0	435
1	125
0	328
0	175
0	86
0	30
2	215
0	243
3	186
0	170
0	200
1	102
0	64
1	23
4	47
1	7
0	7
0	17
0	4
4	16
1	124
23	3438
1	3037
11	447
20	444
0	411
0	3205
4	89
1	265
10	43
8	63
8	2943
0	27
179	73
0	43
0	10
1	13
22	583
44	550
0	121
1	0
3	0
0	0
0	1
0	0
841	0
1	0
29	769
2	43
3	771
1	19
0	0
1	29
3	65
0	11
0	25
0	19
256	2308
1	856
5	1278
0	374
1	1490
1	179
0	1164
1	872
18	795
18	148
1	618
0	453
0	396
0	236
8	51
14	61
0	438
0	191
4	514
0	666
1	68
0	200
2	592
0	67
1	68
0	208
1	209
0	189
0	292
0	261
5	88
0	0
0	1
0	1
0	0
0	0
0	25
11	2472
3534	2744
1	293
0	25
2	117
3	5
0	5
0	0
0	2
0	0
0	0
0	299
107	2380
156	2289
40	2380
7	2222
0	1046
0	2912
1	765
0	2276
7	233
2	783
0	1535
0	2218
0	2460
0	600
0	1540
57	2896
0	800
0	1198
0	923
4	1188
0	657
0	555
0	582
1	551
0	792
1	631
3	541
1	305
0	955
0	392
5	704
0	1894
15	75
0	0
72	51
23	490
7	243
0	244
2	242
0	0
0	4
0	1
0	1
21	1
3	2
0	637
23	165
4	542
20	304
2	74
1	132
1	799
20	67
4	377
2	122
27	305
0	98
0	333
1	92
0	2
0	179
7	2
1	177
0	26
545	364
9	352
14	190
0	192
24	52
1	57
0	84
0	41
0	43
2	10
2	12
0	0
3	25
6	8
0	8
0	7
624	3549
0	1593
25	1055
0	37
0	0
29	581
0	157
0	390
16	455
2	45
1	331
1	140
0	155
4	0
0	0
0	0
0	0
0	0
0	0
0	0
0	0
0	0
0	0
0	0
0	0
0	0
0	0
0	0
0	0
0	0
0	0
0	0
0	0
1	0
5	0
0	0
0	1
3	1
0	0
0	0
0	0
0	0
0	0
0	0
1	875
6	875
1	859
27	551
0	89
0	0
4819	4181
4	4173
7	1187
6	61
0	5421
54	3219
10	5545
249	5411
1	4436
0	7
0	7
0	7
0	7
0	5
0	4
0	2
0	1
0	0
0	0
4	331
16	159
218	2171
12	2161
0	0
0	0
16	0
1	86
4	86
1	83
0	1647
122	1667
0	0
10	80
3	25
0	0
0	0
0	0
0	0
0	0
0	0
0	0
0	0
0	0
0	0
0	0
0	0
11	600
10	498
0	626
0	205
6	311
9	295
0	348
1	40
21	334
5	40
3	7
0	7
0	0
0	0
0	0
0	0
0	1
0	0
1	0
0	0
0	0
0	0
0	0
0	2
1	159
0	0
0	0
0	0
0	0
0	0
0	0
0	0
0	0
0	0
0	0
0	0
0	1
0	0
0	2
0	0
0	0
0	0
0	0
0	0
0	0
21	83
5	83
11	80
0	0
24	1054
33	1072
0	700
3	1061
0	312
0	106
22	767
3	0
0	0
0	0
0	0
0	0
134	0
0	1
279	434
0	193
17	253
7	11
0	213
4	306
7	332
4	47
7	510
0	1210
2	54
21	176
0	1145
0	57
0	132
14	425
2	13
1	16
0	84
29	64
0	64
0	19
5	4
0	127
0	0
213	225
0	0
3	26
5	206
1	144
4	1
0	0
2	0
0	0
5	28
0	45
0	23
0	34
0	20
6	368
12	527
0	462
5	180
6	142
25	44
11	73
2	66
2	7
8	7
0	0
0	2
0	0
0	2
0	1
0	2
0	1
0	0
0	0
0	0
0	1
2774	357
1	154
0	119
0	0
3	179
0	0
711	3485
1	3483
31	71
0	75
0	135
1	1736
0	61
0	238
73	0
0	0
0	0
0	930
56	853
0	920
10	0
2	248
9	248
12	3
0	0
0	1
0	0
315	88
0	88
0	75
16	293
0	18
4	294
0	22
1	0
0	126
0	186
70	260
1	71
37	0
114	370
0	29
3	5
1	301
0	29
3	29
1	44
0	49
0	40
465	9
0	9
0	4
0	161
7	132
2	38
11	2466
148	2419
13	542
0	1062
3	482
10	446
1	410
2	363
5	130
12	128
4	64
133	929
7	0
1	928
3	120
0	114
8	912
1	536
119	1041
55	969
1	1020
1	760
0	109
0	0
164	0
0	0
0	0
0	0
0	0
0	0
0	0
0	0
0	0
139	113
254	113
1	2139
0	2150
33	1405
118	1016
0	41
3	112
21	264
1	178
14	0
6	386
4	170
1	306
1	343
6	104
0	227
0	491
6	59
15	130
28	306
13	21
10	272
0	48
0	87
5	14
1	35
1	5
9	13
7	20
0	2
0	0
0	20
3	2
0	0
0	0
0	0
0	0
18	183
1	8
2	224
16	144
106	256
3	25
11	72
4	79
4	0
0	150
1	140
0	66
2	26
1	4
2	42
0	20
0	25
12	16
1	11
116	4575
62	4575
75	1079
124	57
0	68
19	2487
5	2469
17	2294
0	0
20	36
6	163
15	507
0	235
874	436
4	436
0	0
2	0
19	749
30	749
1	191
3	96
31	0
0	0
0	0
0	0
74	542
1	119
4	542
0	84
14	102
90	443
0	413
2	266
0	96
3	89
8	42
8	0
0	0
0	0
1	7
0	0
0	0
14	13
0	8
0	6
0	12
0	11
0	4
0	0
0	0
0	0
0	0
0	0
0	0
1	0
0	0
21	111
0	32
22	2
0	50
0	0
0	28
6	28
1681	1566
0	469
10	130
21	1565
1	296
0	68
0	90
0	0
3	0
0	0
744	0
1393	2134
13	1096
555	215
17	1584
1	784
25	35
3	1095
4228	4
1	0
0	0
5	8188
18	7758
21	7343
37	5942
89	633
50	33
28	106
0	2024
15	182
5	532
7	44
0	73
8	87
0	0
2065	193
360	191
0	0
0	109
0	0
0	0
0	0
0	0
0	0
0	0
0	0
12	11
0	11
0	11
0	1
0	2
0	2
0	0
0	0
0	0
1	0
0	0
14	14
0	13
1	14
0	10
7	11
0	1
0	0
2	0
0	0
2736	6
67	0
3	0
0	0
5	5
0	5
24	1442
1	399
1	337
69	1212
7	397
61	4
0	71
4	3
0	4
0	1
0	1
5	177
2	110
0	172
7	113
99	165
1	7
0	165
8	2
3	114
4	136
49	250
0	900
0	997
6	175
0	895
1	858
0	46
7	853
0	848
1	188
2	126
0	14
0	0
1	140
9	140
0	0
0	0
0	0
0	0
0	0
0	0
0	0
1	12
0	0
0	0
94	5
0	5
0	1
0	0
0	1
5534	2042
5	1909
0	676
0	1
4	361
0	0
0	0
0	0
0	0
6	0
0	117
413	117
299	734
17	58
0	34
122	762
4	632
0	196
1	67
19	161
93	183
625	2929
0	579
5	247
37	412
3	2173
0	3
0	1989
14	113
41	564
3	1481
11	75
206	5
66	122
14	447
162	279
1	481
0	152
1	132
25	68
0	0
16	0
0	9
0	0
1436	1710
5	603
0	549
2	972
1	302
27	2
0	0
0	2
1	1
315	2653
106	2623
0	468
9	314
9	328
19	298
0	0
42	0
42	277
0	144
0	133
18	104
32	84
1	41
0	63
1	0
0	0
4	0
0	1269
0	1152
11	328
2	202
59	132
0	0
0	1
0	1
0	1
0	1
0	1
0	1
0	0
0	0
0	0
0	0
0	0
0	0
0	0
0	0
0	0
8	405
5	92
4	120
70	370
4	3
48	1297
0	48
0	39
0	0
1038	1255
0	0
0	0
0	0
0	0
0	0
0	0
0	0
0	0
2	0
0	0
0	0
0	0
0	0
336	495
2	485
0	65
23	110
3	6
205	1780
7	216
22	600
105	1
0	204
0	1587
4	139
0	115
1	223
2	139
13	114
38	962
152	1128
2	279
0	63
27	0
0	0
64	15
10	47
2913	57
2	12
0	0
0	633
11	162
0	184
0	549
2	440
3	48
2	120
1631	19490
0	1118
45	6
1	3102
150	17914
6	3015
343	15416
0	254
18	2945
35	149
0	6086
64	7516
45	1875
5	2152
1	932
14	92
8	218
0	0
2	180
0	81
5	224
1	178
0	9
0	3
0	0
0	0
0	0
1	0
9	7
0	7
0	0
0	0
0	0
0	1
3170	912
0	0
26	340
69	827
0	0
20	1315
11	863
0	1081
6	156
24	1222
0	63
2	283
14	181
569	38317
191	37448
259	35780
101	4123
0	1307
150	1330
11	1000
0	629
1	0
138	38
0	0
0	2475
0	2575
7	2481
796	2706
54	0
0	150
2	179
0	65
0	0
1	4
157	312
22	300
14	1021
0	0
0	0
0	0
0	0
0	0
160	0
0	0
0	0
0	0
2	4
0	20
46	22
0	11
0	0
0	0
0	0
0	0
0	0
0	8
4	431
419	1138
3	927
0	546
0	340
0	0
39	0
0	0
2355	381
0	83
2	299
17	542
1920	542
0	0
3	293
0	123
1	233
5	170
0	0
1961	19
2	17
153	642
30	642
0	0
0	0
22	628
55	1065
1317	1065
2	0
55	325
0	412
1	586
0	491
0	29
1	24
8	4239
4	4085
41	3963
98	2407
5	2557
7	1926
19	529
0	0
13	0
0	0
0	0
1840	1441
0	1534
0	1419
0	1098
0	1098
25	973
0	781
8	801
28	621
45	563
0	476
54	87
0	0
0	0
0	0
0	0
0	0
2	4
0	4
0	0
0	0
1	167
0	0
0	0
0	0
0	0
0	0
0	0
0	0
0	2
0	2
3	1
0	1
2	421
1	1091
0	71
1	363
0	1120
125	339
6	182
0	83
0	60
3	1026
3	41
3	102
10	614
0	656
16	37
23	35
1	18
0	366
0	50
1	4
827	48
0	48
0	0
0	0
0	0
62	3953
1784	4225
140	2394
0	0
30	52
31	167
0	677
0	441
2	310
0	675
24	0
10	87
0	69
4	11
0	13
5	27
0	17
0	16
0	13
5	0
155	1995
1	1955
69	1853
24	59
0	915
0	1153
5	33
0	728
1	0
4	555
2	169
12	553
2	218
16	108
2	5
47	16
0	61
2	53
1	2
1	3
0	38
2	35
3	13
0	19
0	0
0	0
1555	8
0	1
2	105
37	144
12	118
0	118
0	13
0	152
0	48
2	151
4	101
0	98
0	115
28	413
8	457
0	37
0	3775
0	3775
1	1314
4	1414
3	706
0	475
74	640
0	63
0	0
18	0
144	82
2	11
0	82
1	40
2	35
0	14
0	12
0	18
1	27
0	9
0	18
0	24
0	13
2	21
2	5
0	8
1	0
1	11
2	2580
4	182
4	505
0	2619
1	247
10	29
0	191
0	306
0	313
0	146
0	17
0	17
0	0
14	200
1644	0
1661	186
4	92
0	142
0	0
0	42
6	46
7	33
0	20
1	5
0	6
6	2178
1	161
7	1431
25	1808
0	1485
0	329
2	42
0	482
33	103
15	1321
20	199
3	217
0	290
12	277
22	425
5	422
0	190
14	338
5	146
9	292
0	138
0	126
13	207
2	64
0	49
7	0
0	2
0	2
0	0
0	0
0	38
19	64
3	57
1	493
0	489
0	317
0	322
10	434
1	364
1	82
0	68
0	58
1	38
0	32
0	988
0	49
0	104
0	993
1	45
0	758
0	5
14	5
1	24
0	952
26	939
1	145
1	56
2	446
0	40
0	4
0	385
0	430
0	523
0	506
0	414
0	508
0	45
2	147
3	53
3	6
0	4
0	12
1	4
0	9
0	1
0	9
0	4
0	1
0	9
8	722
0	953
1	919
0	918
1	167
6	39
2	17
0	29
1	178
3	75
174	197
5	71
0	46
2	123
67	115
14	75
7	9
5	18
0	8
0	0
0	0
0	0
0	0
2	1
4	107
28	413
0	942
0	4
1	92
26	942
8	99
0	421
6	375
0	404
4	300
0	30
0	0
0	0
0	0
17	20
0	15
13	1958
18	4
0	10
97	4909
0	4991
14	5060
0	4537
1	3268
0	1732
0	719
35	1180
0	58
1	0
6	0
0	0
11	441
52	441
16	34
4	33
14	57
0	0
0	0
35	0
1034	1929
0	1364
0	964
10	702
0	455
4	191
0	0
0	0
0	0
0	300
0	1
1	5
0	28
0	288
3	339
0	317
7	283
0	211
1	470
16	599
0	545
0	182
0	157
0	90
12	45
51	57
0	64
13	0
0	0
0	0
0	0
0	0
0	0
0	0
0	0
0	0
519	52
1	52
249	3080
1	2679
0	0
8	994
7	570
0	565
0	1125
4	256
0	1155
18	997
0	813
0	979
33	771
0	1081
3	7
2	272
0	15
0	256
5	132
0	275
358	1204
60	1067
0	364
10	47
0	28
6	766
18	109
1	194
0	0
0	0
5	1
0	0
5	253
4	279
5	84
0	94
0	40
0	33
0	74
0	65
1	7
3	16
0	14
1	30
2	34
2	14
0	6
5	2
40	46
6	46
1	3
0	0
1	440
0	426
0	0
0	0
0	402
0	433
5	138
11	389
0	429
0	395
3	26
0	26
5	9
1	62
248	2575
40	2586
206	2032
0	662
0	0
0	0
3	205
0	193
0	222
4	92
0	204
0	176
0	183
10	202
0	28
0	25
0	35
0	1
0	60
0	51
0	6
0	5
5	0
0	118
0	108
0	11
1	1
2	11
0	120
0	136
0	124
0	0
1	13
31	0
0	104
0	23
0	1
0	65
1	19
0	58
0	43
0	4
0	0
0	25
0	483
0	922
3	1721
0	1556
0	1763
3	986
12	98
14	397
3	124
5	412
23	52
0	306
197	0
36	534
0	477
0	95
11	0
0	2
0	90
0	1074
0	74
1	1074
1	541
0	396
1	150
84	128
33	6
25	61
85	552
4	47
0	438
0	978
5	379
231	743
12	705
7	38
50	462
3	1278
27	108
4	565
6	219
14	0
4	187
5	96
3	0
0	568
0	0
0	0
0	0
0	0
828	0
0	0
79	1
0	0
0	0
788	2
0	0
0	0
0	0
6	643
157	643
0	0
0	0
2	0
37	0
10	0
6	230
93	230
0	0
0	0
0	0
0	0
3	23
0	24
0	24
0	0
2	4
0	4
0	1
0	0
0	0
0	0
0	0
0	0
0	0
0	0
0	0
0	0
0	0
0	0
0	0
0	0
0	0
0	0
3	0
0	0
49	6641
1	6995
79	6858
0	296
0	312
0	92
6	3338
0	0
1	10
5	10
0	0
0	0
45	19
1	12
0	15
0	3
4237	545
12	468
78	1
8	135
0	310
11	1599
0	1669
108	442
2	138
3	1066
2	1106
0	26
0	214
6	56
3	78
0	78
14	77
0	78
3	91
0	2
4	0
0	0
0	872
0	937
0	975
0	730
0	463
0	137
0	35
38	401
8	116
0	293
2	210
18	44
0	132
0	1
0	1
0	1
0	0
0	0
61	671
0	669
0	42
0	19
0	54
1	31
6	76
1	103
2	207
9	50
204	130
2	132
0	35
0	0
0	0
0	0
1676	1200
0	1200
0	613
1	0
7	520
131	501
0	451
49	114
134	6908
36	7259
1	1135
1	56
0	1377
6	1190
1	1010
28	638
8	2173
23	42
7	1143
16	0
0	0
247	1187
0	726
0	180
2	232
0	249
2	334
0	31
5	125
7	111
3	336
0	0
3	0
0	0
0	0
0	27
0	0
1	48
0	2
0	2
0	0
7	9
0	0
0	21
0	6
0	8
0	42
0	7
1	1
0	0
0	198
0	153
0	268
0	179
0	127
1	197
1	170
0	177
0	109
0	193
3	113
0	50
0	123
0	99
64	245
6	245
0	165
0	161
46	0
1	62
0	35
0	49
0	58
0	11
4	40
0	6
128	7961
1	382
0	7703
12	184
4	128
6	435
2	310
0	1146
6	1356
5	31
0	1150
0	1077
2	18264
7	18068
6	10315
0	18616
1	17252
0	9328
0	9631
1	972
1	773
0	18510
27	5357
0	880
0	18593
0	925
19	18259
0	526
3	1219
3	16835
0	1174
18	217
2	509
0	822
0	0
30	215
0	1
5	28
0	66
0	70
0	18
43	3655
30	2887
19	3283
1	3066
1	2918
21	2683
33	452
1	410
2	458
5	215
0	353
94	723
1	492
5	632
12	278
5	40
0	40
1	29
0	24
0	127
0	254
0	241
1	177
0	178
0	180
0	204
0	31
0	0
11	97
0	0
0	0
1	0
0	0
21	1555
0	0
0	0
0	0
1	0
0	0
0	0
0	0
2	0
232	1927
0	217
26	1658
11	45
19	1543
8	239
0	0
16	0
0	0
88	55
0	55
7	901
0	1028
0	980
1	942
0	1052
1	43
2	537
1	445
0	29
0	54
0	51
0	92
0	63
0	15
0	11
1	31
2380	133
1	84
4	100
15	95
781	2
0	0
3	86
2	25
0	109
0	853
5	70
5	31
0	113
2	48
59	91
20	833
3	0
0	0
2	0
0	693
10	29
63	379
6	379
754	2355
16	1950
0	2046
2	2053
3	271
6	27
155	1937
11	1126
46	11
0	1299
0	1731
0	0
0	174
94	1375
2	0
5	198
4	191
0	161
0	161
0	147
2	7
0	5
0	2
0	0
0	24
2	21
0	0
1	44
0	1
0	0
1610	2557
16	2409
11	2588
18	463
318	9
57	141
0	155
166	212
0	90
0	4
0	0
76	2793
0	2728
0	56
0	20
3	94
41	115
0	112
0	0
0	0
0	0
0	0
0	0
1	96
10	0
0	0
7	23
0	0
0	3
0	2
0	0
0	713
7	684
7	65
31	479
0	3
16	228
0	173
18	7
67	101
0	69
1466	3428
10	3418
3	3206
0	834
0	0
0	6
0	6
1	6
0	6
0	1
0	6
0	0
0	0
0	21
1	21
0	8
0	22
0	22
0	20
0	21
7	1
0	1
0	1
0	0
0	1
1	1
0	1
0	0
0	0
13	58
0	0
0	0
0	1
0	0
0	1
0	1
0	1
0	0
0	8225
0	6996
1	6988
68	335
0	4648
1	375
0	318
11	3605
1290	7867
0	1245
0	1354
0	591
0	435
70	7795
0	6838
0	446
0	1250
99	655
0	0
99	410
242	2779
0	517
14	2021
0	2
5	1423
0	1513
0	1
0	14
0	960
5	0
34	491
3	444
1	115
3	248
0	58
13	0
0	0
22	15
0	15
0	0
0	0
0	0
0	0
1	0
0	0
2	0
0	0
9	2086
0	30
0	2087
0	78
1	1032
0	0
0	0
0	0
2	32
106	32
1	21
2	14
0	0
0	1
2	0
0	420
0	0
0	1
0	0
0	0
2	0
0	135
0	405
0	419
3	228
1	0
0	0
0	0
108	0
0	0
0	0
443	52
47	52
0	0
1	0
0	0
0	0
0	0
0	0
0	2
0	2
0	0
0	0
0	0
0	0
2	48
1	0
0	113
0	106
218	565
17424	4784
171	1276
0	0
86	4650
236	166
0	1879
0	0
0	530
0	0
3	0
0	0
0	0
0	0
0	0
0	0
0	1
0	1
0	0
0	0
0	0
0	0
0	1
0	1
1	0
192	41
0	30
0	11
1	0
6	0
34	113
0	113
0	0
0	0
0	0
0	0
1	161
0	161
28	131
274	213
0	163
0	0
0	0
2	0
0	0
0	0
0	0
0	0
0	0
0	0
0	0
1	0
0	0
0	0
65	731
2844	854
47	589
6	719
0	449
0	0
0	0
0	0
0	0
1	9
0	7
0	0
0	0
0	0
1	2
0	0
411	248
0	246
0	4
8	3
0	3
0	0
0	0
0	0
0	0
0	0
0	0
0	0
0	0
0	1
0	1
0	0
0	0
0	0
0	0
0	0
0	1
0	0
0	0
0	0
1171	3068
0	1576
3	2679
0	2945
0	3024
39	2925
7	430
9	94
7	0
0	0
0	0
3	0
1	0
8	0
1	0
0	0
23	0
12	0
5	0
1958	426
2	332
11	250
0	0
0	1
0	0
0	0
0	0
0	0
57	0
22	0
5	0
0	7637
0	7646
0	605
0	463
2	79
19	699
3	316
164	39
0	0
0	88
0	83
0	50
1	50
0	38
19	24
16	35
0	4
0	4
11	1119
0	894
10	824
1	20
27	659
1	206
10	1
3	205
7	98
615	2
0	0
0	0
0	0
0	0
1	0
0	0
0	0
2	2
1	2
680	117
0	117
2	0
0	33
0	19
26	6070
2	6012
0	3456
0	458
2	2633
0	2247
17	64
0	0
0	38
0	38
3192	1062
69	1034
0	0
4	0
0	0
11	117
4	114
4	101
0	5
1	18
0	3
0	0
0	0
20	2
0	2
0	0
0	0
0	1295
0	0
11	0
23	2057
0	241
0	1935
1	1174
0	571
0	98
0	0
5	0
4	0
13	0
0	0
18	3735
1	2434
0	3862
2	3504
116	3809
0	3219
22	0
27	69
0	0
19	2292
168	0
0	780
0	0
6	67
33	316
2	42
28	81
3	291
6	132
91	0
0	0
2	0
19	1
0	1
0	0
0	0
983	0
725	314
1	257
0	195
0	100
923	1413
2	1357
0	255
8	0
5	836
8	947
0	1
4	0
1	0
7	14
7089	40
29	34
0	0
0	559
0	615
3	388
0	216
3	640
0	586
1	230
0	290
0	260
1	98
4	49
7	29
164	568
0	555
0	565
1	0
4	232
1	232
0	225
0	225
0	262
0	262
0	28
1	10
0	3
0	0
0	1
0	1
0	1
1611	0
9	0
0	165
0	270
31	255
5	46
0	0
0	0
0	467
0	1612
46	1612
0	0
0	26
1578	1252
36	45
1	1251
10	0
7	3
31	29
2	29
10	16
5	2054
211	2278
2	40
15	82
2	31
0	800
0	579
0	0
9	248
1	6
0	2
0	5
0	0
0	0
0	0
0	0
0	0
0	3
0	3
0	0
742	17412
0	5825
1	0
15	636
14	1165
0	1036
19	11616
0	33
0	38
14	1727
0	1741
0	1691
0	1785
0	3
0	33
1	1547
1	1618
0	1735
0	117
2	0
5	178
0	129
0	1
7	1470
16	202
0	18
0	339
4	111
5	372
0	35
0	941
7	150
0	0
3503	910
0	1081
0	876
0	819
0	820
0	877
0	1082
1	12
7	12
8	0
0	0
2	1463
6	725
3	1471
0	1506
8	536
15	787
5	29
10	24
0	27
0	136
935	1589
3	1213
17	561
0	1408
10	455
0	317
0	519
2	1263
0	216
1	158
0	299
18	164
7	47
731	929
0	832
0	888
19	639
0	181
0	365
2	780
68	4
1	113
0	106
0	108
0	0
0	81
0	0
20	25
0	18
0	2
0	4
0	6
221	8652
137	7851
213	3216
0	5602
37	862
19	7857
0	7851
27	7038
250	56
0	0
0	10
0	0
4	26
0	20
0	0
0	1150
0	1150
20	1150
3	332
6	217
0	2420
318	2421
7	57
5	35
8	35
1888	2901
1	1801
2	287
6	33
1	2784
1	1991
7	1300
0	1977
30	1646
0	1461
9	1325
4	51
32	767
28	189
1108	2037
1	2104
0	64
2	0
76	1200
0	7
43	0
0	2
29	136841
186	136847
5	4
1	2
0	0
15	2924
3	2693
3	392
0	2115
0	16
0	127
0	59
168	1030
1	1030
0	0
170	1737
0	47
0	2032
0	4886
14	156
16	2014
4	2157
17	2316
39	2179
0	2231
7	621
0	396
0	212
0	385
0	211
0	209
0	305
5	142
6	76
0	0
0	10
2	0
0	0
0	0
0	0
0	244
0	282
13	84
0	278
20	41
8	18
3932	6744
16	4099
0	5
25	874
0	0
0	1
1	1
0	455
0	258
412	2617
3	3
0	0
0	0
0	3
835	225
2	77
6	150
1109	11
0	0
0	11
8	0
633	363
1	280
4	306
32	0
5	55
37	75
0	75
0	0
0	0
969	523
7	288
1	0
0	0
0	235
0	0
1	0
0	3
0	3
0	0
0	0
0	1
0	0
0	0
0	0
841	1498
0	1498
0	0
26	226
73	67
70	228
0	0
0	0
2844	1338
91	1338
2	129
38	1
0	0
0	77
2841	1511
11	1501
146	2849
4	2810
34	1762
10	70
0	95
4	277
0	114
0	0
0	0
0	0
0	15
1055	1756
11	223
0	356
0	196
3	969
0	164
4	1380
0	255
3	106
275	2
45	1037
1	1000
19	449
55	49
42	519
6	170
9	229
1	125
1	425
0	115
0	116
100	39
0	39
0	0
0	0
1	0
0	0
3	3
4	3
0	0
0	21
0	21
0	13
0	0
0	0
2	6
0	6
0	0
0	3
0	0
0	0
0	0
0	0
0	0
0	0
0	0
0	0
0	0
0	0
0	0
0	0
0	0
0	0
0	0
0	0
0	0
0	0
0	0
0	0
0	0
0	0
0	0
0	8
0	10
1	9
0	0
0	1
0	0
0	0
0	0
0	0
0	0
87	29
0	14
0	14
0	1
1	3619
5	3266
32	829
20	3302
12	472
8	0
18	24
0	16
0	24
4	0
0	0
2	3
3	9
0	11
0	3
2	6
0	1
0	0
1	0
0	5
0	0
0	0
0	13
1	23
0	29
0	23
0	16
0	13
0	22
0	11
8	1
5	1
3	99
7	100
0	13
15	6
0	2
7	15
0	1
0	0
503	14
25	163
0	14
135	10084
0	221
0	0
89	9973
35	1
6	403
4	173
186	116
0	116
1	13
0	0
0	0
0	0
0	0
0	0
0	619
0	629
0	727
5	746
5	32
0	258
10	124
3	19
0	20
0	16
0	16
0	17
0	2
0	0
0	10
3	3
0	0
0	0
2	0
635	105
43	105
41	298
2	295
54	70
0	0
6	0
0	0
0	0
1	0
0	0
0	0
0	0
435	1223
3	602
42	219
0	8
3865	838
4	18
1	4
0	53
0	81
2	684
0	0
0	0
0	0
6243	774
0	766
2	0
0	0
2514	1070
4	970
1	402
49	505
0	0
0	0
0	0
0	129
1305	0
52	7
0	0
1	7
285	582
1	200
183	444
107	262
0	343
0	13
1	20
20	264
3	234
0	40
0	71
0	10
290	51
0	51
765	106
0	106
0	3
0	3
13	32
6	32
0	15
655	156
0	0
6	156
33	966
0	986
12	14
8	10
5	47
0	572
1	687
0	819
0	238
0	132
0	1
0	0
10	125
1	112
0	122
7	22
1	28
0	59
0	134
3	133
884	106
11	104
16	36
8	0
14	1279
10	1235
6	1073
1	259
0	0
0	76
0	333
0	632
0	222
6	89
91	0
0	0
0	0
6	0
0	0
4	0
0	0
0	7
0	251
0	7
327	256
0	7
0	0
0	0
0	0
0	0
0	0
0	1
0	19
0	1
0	1
0	1
0	0
0	0
0	0
0	0
0	0
0	0
0	0
0	0
0	0
0	7
22	20
0	0
0	1
0	0
0	0
0	0
33	46
0	46
0	0
0	89
0	0
0	0
0	0
0	0
5	0
1	0
2	10
1	18
9	18
1	17
3490	511
4	24
0	0
18	0
2	66
22	0
0	477
0	455
0	0
19	1
1	0
1	2
24	50
6	68
0	51
1	0
0	14
0	7
0	83
0	11
0	3
0	448
0	474
0	0
12	0
0	0
0	0
0	5
0	5
0	0
0	0
28	719
3	636
2	122
5	234
0	249
6	13
4	180
4	72
0	47
0	46
9	0
2	226
0	244
8	121
2	18
0	3
0	114
384	81
1	73
11	65
0	68
0	374
19	374
0	374
0	163
0	0
1	2
0	0
284	4148
17	4158
9	1621
0	662
0	539
5	108
6	3916
238	3992
45	3891
3	2533
66	5389
7	70
2	89
0	5391
0	1579
0	2362
24	2013
18	0
5	8
5	101
96	481
2	126
0	66
1	26
0	25
0	322
0	59
5	50
0	3
0	22
1	0
0	21
0	5
0	1
0	3
858	0
0	0
310	377
0	50
0	311
84	159
0	69
428	278
0	194
4	136
11	87
13	23
5	23
0	16
0	0
0	0
1	15
1	15
0	14
0	0
273	0
42	0
0	5
0	5
0	5
0	5
0	6
0	8
0	8
1	6
1	4
1	2
3	11
0	138
0	94
9	1603
4	190
0	1578
453	510
0	201
2	141
0	245
0	120
0	175
1	29
50	57
270	932
41	932
1	3
41	23
1	23
0	6
33	567
0	499
0	131
0	151
0	160
0	153
0	80
3	62
12	0
0	3
9	6
0	0
90	102
0	65
11	127
72	0
4	0
0	0
0	0
0	0
0	0
1	5
11	5
1121	0
0	0
0	36
0	36
0	36
0	0
0	0
33	0
252	101
6	99
0	0
5	3
0	8
3	4
88	2544
7	2484
16	978
0	1611
2	127
1	130
3	57
0	48
1	1
1	0
2	1
4	0
1	0
10	2
0	2
655	0
0	0
17	0
0	0
15	2447
0	0
256	1395
0	18
0	16
0	364
8	12
26	1368
13	10
1543	1680
2	567
0	699
0	0
0	0
0	0
0	0
0	0
0	0
0	0
0	0
0	0
0	0
15	104
0	0
0	0
0	0
0	0
0	1
0	1
0	0
874	0
0	0
15	17
0	8
3	9
3	0
0	0
0	0
5	52
205	0
0	3
0	3
41	0
0	297
59	515
71	293
11	360
2	61
1	80
0	0
0	15
0	1339
68	1339
0	62
5	102
3	827
2	35
11	2
1	499
0	0
0	0
0	0
0	3
0	0
0	0
0	0
42	247
0	247
3	15
0	156
0	0
0	1680
0	1789
22	1933
0	1385
267	2078
1	1904
1170	1975
0	1997
0	1662
0	1827
1	0
731	1195
25	1013
4	898
0	818
0	684
29	660
0	385
89	47
0	48
0	0
0	1
0	1
0	0
0	0
3	13
3	135
0	151
42	125
3	109
0	0
0	47
0	0
0	0
0	0
0	0
16	4657
0	0
1	1
0	1
0	1
266	610
9	575
0	599
219	129
4	588
0	394
0	0
0	5
1386	2251
0	1270
4	1593
10	42
21	157
4	1488
3	335
0	0
0	0
0	1
0	1
0	0
0	0
0	0
0	0
0	0
5	56
0	0
0	0
0	0
0	0
0	0
0	0
0	1
0	1
0	0
0	0
0	0
0	0
14	3238
0	3242
0	3052
0	3240
0	8
4	4
116	0
14	0
284	246
2	233
0	227
1	57
0	61
3	57
0	0
11	9588
0	6322
39	8009
9	3024
5	939
59	0
447	998
35	362
9	632
2	741
30	3656
4	3938
0	765
7	1073
1	322
2	697
9	554
1084	2
145	0
0	4
0	0
12	6
3	564
2	78
3	97
0	579
34	30
0	71
0	69
7	107
1	0
0	0
8	73
0	10
35	176
1	8
1	40
0	36
8	4
20	35
0	1
0	0
26	235
4	554
1	668
0	666
0	662
2	598
11	672
167	661
811	1305
0	835
2	572
1	422
0	299
0	218
8019	89
0	0
112	44
0	8
0	36
0	2
0	0
0	0
0	0
0	0
0	0
0	0
0	0
0	0
5692	151
124	113
3	34
125	347
0	317
10	167
2	175
0	130
1	11
20	28
3	0
261	963
17	952
1	33
7	9
142	7
0	1
20	38
5	56
4	135
73	223
0	0
0	0
0	0
0	0
0	0
135	12
0	0
0	0
3	3045
0	0
6	1
39	3045
52	12
427	2
15	0
0	0
0	0
0	0
0	0
0	0
0	0
0	0
0	0
0	0
0	0
613	348
0	60
3	3
4	4
0	118
0	309
0	309
307	2772
24	2711
8	2491
0	128
55	31
18	402
4	101
17	297
8	4
0	56
0	309
7	3
9	92
7	188
0	86
0	0
0	0
0	0
0	0
382	411
6	337
10	47
0	0
0	65
0	0
7	0
255	568
1	544
0	213
2	133
0	118
4	47
0	0
0	0
0	0
0	0
0	0
0	0
0	0
0	0
0	0
0	0
0	0
0	0
0	0
0	0
0	0
0	0
0	0
0	0
0	0
0	0
0	0
0	0
0	0
0	0
0	0
0	0
0	0
0	0
0	0
0	0
0	0
0	0
0	0
0	0
0	0
0	0
0	0
0	0
0	0
0	0
0	0
0	0
0	0
0	0
0	0
0	0
0	0
0	0
0	0
0	0
0	0
0	0
0	0
0	0
0	0
0	0
0	0
0	0
0	0
0	0
0	0
0	0
0	0
0	0
0	0
0	0
0	0
0	0
0	0
0	0
0	0
0	0
0	0
0	0
0	0
0	0
0	0
0	0
0	0
0	0
42	876
40	234
5	591
9	816
13	43
3	0
8	635
0	1529
1857	1525
0	138
0	99
1	86
31	158
9	158
0	78
0	76
0	0
0	0
3	8
0	4
0	0
0	0
2	4
0	1
0	0
0	0
0	0
0	0
0	0
0	0
0	0
0	0
0	0
0	0
15	248
0	0
0	0
0	0
0	0
1	0
10	179
7	301
4	286
0	14
0	13
1	19
11	1
60	2
482	233
8	36
0	0
2	137
102	0
19	132
1401	351
2	8
0	343
0	0
0	0
0	0
0	0
34	50
0	49
0	28
0	10
0	0
0	2
3	1
0	0
0	0
0	0
0	491
1246	501
396	1161
0	1161
5749	963
22	963
0	0
2	928
0	0
4	0
0	0
0	0
0	0
0	0
0	0
0	0
0	0
0	0
0	0
0	0
8	4713
618	4713
0	0
0	0
194	100
0	62
0	95
0	0
0	0
0	0
0	0
19	15
0	0
0	15
0	13
0	6
0	0
0	2
0	0
0	0
0	0
0	0
0	0
0	0
0	0
0	0
0	0
0	0
0	0
0	0
0	0
0	0
0	0
1	0
0	0
0	0
0	0
0	0
0	0
0	0
41	505
4	47
0	453
11	413
0	540
0	509
0	72
0	0
0	0
0	0
0	0
0	0
0	0
1	0
0	0
0	0
0	0
0	0
0	0
0	0
0	0
0	0
0	0
0	36
0	0
1	1832
10	2097
31	314
38	495
12	63
18	186
0	50
3	0
0	0
0	0
0	0
0	0
0	0
0	0
0	0
0	0
0	0
0	0
0	0
0	0
0	0
0	0
0	0
0	0
12	1908
0	1182
0	1991
4	1977
17	361
2	72
12	45
10	114
0	223
0	1390
0	0
0	83
17	173
0	0
23	0
5	0
20	0
0	0
0	0
29	105
0	0
0	0
1	0
0	0
6	0
0	0
0	0
0	0
0	0
0	0
0	60
0	123
0	127
0	0
0	0
0	0
0	0
1	435
0	0
807	1517
0	1513
17	324
0	0
0	0
16	81
0	71
0	71
8	13
1	2
0	0
0	0
0	0
0	0
0	0
0	0
0	0
2875	3000
2	3031
0	382
0	153
15	108
25	268
0	299
87	18
0	0
47	359
0	0
0	0
0	0
0	0
0	0
0	2
0	2
0	0
0	0
0	0
0	0
0	0
0	0
0	3146
39	3255
1	158
6	304
4	167
14	1
0	21
0	1
0	0
0	11
3	10
2	9
0	31
20	6
2	6
1	0
16	0
0	0
2	0
11	0
0	0
7	0
12	0
0	0
2	26
0	3
12	0
29	0
0	0
1	4
0	0
0	1
0	0
0	0
14	0
0	0
17	0
5	0
0	0
0	0
10	0
0	0
0	0
0	0
0	0
0	0
0	13
0	13
0	13
0	11
0	13
0	11
0	13
0	13
0	0
0	0
0	1
0	0
0	0
0	0
0	0
4	1263
8254	2962
310	2909
46	1180
7	955
0	987
27	190
20	0
306	379
0	171
0	0
0	0
0	0
0	459
29	474
3	253
12	166
0	89
7	147
1	52
0	2
1	0
0	0
0	0
0	0
1	68
4	68
90	91
0	63
1	0
0	0
0	0
0	0
0	0
0	0
0	0
0	0
0	0
0	0
0	0
0	0
8	57
56	57
1	30
0	0
1	0
6	0
1	7
0	0
0	0
0	0
0	0
0	2
0	0
0	0
0	0
0	0
0	0
0	0
0	0
0	0
0	0
0	0
0	0
0	0
0	0
0	0
0	0
0	0
0	0
0	0
0	14
0	14
0	0
935	153
13	153
0	0
479	197
16	79
0	175
0	71
0	0
2	1800
12	740
27	1961
100	2227
5	1798
0	761
7	193
32	513
0	175
3	30
8	0
15	125
33	1288
1068	1330
0	235
12	184
0	42
0	0
209	13329
20	3781
0	10779
0	13132
81	11896
0	12787
0	12450
1	1614
9	0
9	896
7	7591
71	729
0	0
0	0
0	0
0	0
0	24
394	24
34	25
0	0
2	152
11	2070
541	467
4	467
2	115
0	0
155	0
0	0
0	0
0	0
0	0
0	0
0	0
0	0
0	0
0	0
1	0
3	0
0	0
36	380
7	348
45	76
16	133
2512	1321
1	1313
0	0
459	20
1	20
15	0
137	2143
0	1792
0	37
82	56
32	561
7	75
1	1801
124	653
0	278
12	123
0	173
1399	6033
0	5230
4	4669
8	1883
10	248
0	302
9	181
0	772
1	1175
1	1132
20	9
11	9
0	0
0	67
2	0
0	0
2119	1316
2	113
8	1311
0	0
0	0
0	0
0	15
0	18
0	17
0	13
0	13
0	16
0	10
0	2
0	14
1	15
0	14
0	0
0	0
0	0
0	0
1	0
4577	0
0	0
0	0
0	0
58	0
0	0
0	0
1	1
0	0
0	0
4	0
1	0
0	0
0	0
0	0
0	0
0	0
0	0
0	0
0	0
0	0
0	0
0	0
0	0
0	0
0	0
0	0
0	0
0	0
0	0
0	0
0	0
0	0
0	0
4	0
0	0
0	0
0	0
0	0
0	0
0	0
0	0
0	0
0	0
0	0
0	0
0	0
0	0
0	0
0	0
0	0
0	0
0	0
0	0
0	989
0	1798
32	1111
1	1800
0	17
2	652
0	791
0	223
78	62
0	128
7	31
0	46
0	45
0	46
0	0
1	0
0	0
1	0
2000	2224
286	2224
0	43
7	551
4	540
18	521
15	101
3	6
14	4
17	8
0	0
0	0
36	173
135	20
0	0
0	0
877	811
0	811
38	104
0	0
0	0
0	0
0	0
0	0
0	0
0	0
127	475
13	437
1	69
1	0
0	0
0	0
0	0
602	288
0	64
1	224
3	81
1	57
0	0
0	23
0	23
0	23
0	24
0	29
0	25
0	22
0	24
0	0
0	6
0	0
4	0
78	382
0	125
1	276
0	134
0	168
0	136
0	39
1	0
8	1064
0	1074
0	1061
0	484
0	25
0	4
2	11
1	9
0	0
0	72
1	557
0	486
0	0
6	13
0	0
1	0
234	1343
2	1360
0	8
68	291
0	16
24	53
138	63
0	534
2	0
4	50
0	50
0	9
19	768
0	0
0	0
0	0
0	0
0	0
0	0
0	0
0	0
0	0
0	0
0	0
0	0
0	0
0	0
0	0
0	0
0	0
0	0
61	514
1	210
48	369
1	495
1	38
0	474
0	625
30	2207
52	2261
10	652
1	572
5	156
0	0
0	1
0	4
1	4
0	1
0	0
368	1971
12	1893
4	1632
114	91
0	177
0	129
0	263
0	69
1	2
0	0
0	295
1266	3209
1	772
1	2437
1994	759
0	580
1	254
14	0
1	257
0	262
0	50
0	12
10	2982
0	2802
3	276
0	367
0	2977
0	39
0	1217
0	1220
6	317
3	477
0	284
2	56
0	28
27	13957
160	11745
9	13837
0	14000
684	11262
2	3166
285	4238
6	549
4	161
372	2352
0	208
1	291
0	661
135	35
0	49
4	294
7	570
0	526
0	514
0	500
0	619
0	266
0	401
2	361
0	392
0	44
12	60
0	1051
0	3
8	3
1	711
1	609
3	175
4	197
1	249
2	396
4	335
57	52
0	162
22	123
9	17
7	5
0	939
0	1303
0	1029
22	1058
62	552
0	1332
0	1241
2	7
1	69
0	961
5	76
0	131
0	257
0	46
0	81
3	8
0	153
2	3
27	40
0	107
0	91
1	142
15	318
0	2
0	8
0	2
0	3
0	15
0	12
0	15
0	6
0	0
0	0
737	5843
1	2548
2	2791
1	4436
2	1033
36	460
1	0
0	0
0	0
0	0
28	854
0	185
3944	143
16	696
0	106
18	0
2	512
1	0
0	0
0	0
0	0
1	10
0	10
218	213
5	213
0	0
0	0
0	0
0	0
0	0
0	0
11	1017
5	964
0	1017
2	948
0	84
0	684
1	0
0	0
0	0
0	17
1235	17
0	0
401	503
9	858
0	251
0	0
7	12
68	357
0	4
10	3
0	0
0	0
0	0
0	0
0	0
0	0
0	0
0	0
0	0
0	0
0	0
0	0
1	0
0	0
0	0
1	0
0	0
0	0
0	0
0	0
0	0
0	0
0	0
1	0
17	115
0	132
0	47
0	43
0	46
18	36
6	58
0	102
0	135
0	18
0	0
0	16
0	2
1	32
3	65
0	31
0	20
0	0
8	1628
3	14
120	1795
2	701
0	0
0	0
0	0
0	0
274	77
1	75
0	1991
0	140
7	110
3	60
25	1879
0	513
0	1208
0	159
0	39
1	37
17	0
3	41
0	428
3	25
0	0
1	145
0	2118
1	2204
21	84
0	788
2	660
2	1091
17	231
7	94
11	20
4	229
4	636
1	594
16	189
6	33
2	47
2	0
2	30
3	77
0	63
0	63
0	62
0	15
0	8
0	0
0	0
0	0
0	0
0	0
0	0
0	0
0	0
0	0
0	291
0	469
0	452
2	364
0	40
0	38
0	15
0	0
0	0
0	0
47	0
11	199
3	41
21	0
36	0
0	154
0	1
31	492
76	487
11	486
5	485
0	257
13	329
7	269
1	4185
0	1869
20	9
1	1171
1	2113
0	802
0	489
0	7
0	150
5	227
0	2018
1	134
0	206
4	4
0	1420
0	136
0	2064
0	2038
1	3434
0	722
0	26
1	50
34	595
0	13
0	131
30	4149
55	4177
0	3486
0	373
0	219
0	0
66	680
0	693
0	267
0	366
6	107
0	0
1183	515
0	115
4	313
1	338
9	221
14	50
46	3094
19	1463
4	166
0	273
18	3094
7	0
55	304
0	0
1	0
0	2
0	2
0	2
0	2
0	2
0	2
0	0
0	0
0	0
0	0
0	0
0	0
0	3
0	3
0	3
0	3
0	3
0	3
0	0
0	0
0	0
0	3
0	0
0	2
0	0
0	0
0	98
0	99
0	74
1	75
0	78
0	55
0	40
0	47
631	14317
14	395
23	1231
1	2635
12	2041
134	9589
0	1
0	1
0	0
85	0
1	1
2	1
3	1
17	0
112	449
0	314
0	343
4	36
45	4228
0	4228
1000	3946
0	2251
41	851
0	532
61	597
12	106
0	403
6	88
1	0
69	29
0	864
0	823
0	0
0	0
7	272
501	127
0	0
0	0
0	0
0	0
0	0
0	0
0	0
0	0
4109	848
27	714
0	251
26	4
18	13
1	104
0	694
1	658
1	638
0	53
0	0
0	22
6	22
0	22
0	13
0	3
0	1
0	1
25	298
0	119
0	171
0	257
0	45
0	36
1	56
0	10
0	77
0	95
60	19556
2	178
34	198
285	19556
117	659
0	1407
4	1477
2	728
0	118
2	23
0	0
0	0
0	0
0	0
1	0
16	0
7	49
0	42
0	42
0	39
11	0
0	0
0	0
0	0
0	0
0	0
0	0
1377	445
3	0
1	430
4	224
0	21
1	73
0	91
0	82
0	90
0	18
0	43
0	44
0	19
0	5
0	7
0	1
0	2
113	0
368	1530
52	610
1	942
6	1153
0	1493
0	1495
0	425
0	0
2	36
0	47
0	45
2	3
0	3
11170	7873
1511	6849
0	418
2	1302
0	404
45	1569
1336	0
0	891
2	888
10	785
15	428
0	65
1	8
18	12
0	0
49	22
7	75
0	35
0	16
281	527
0	188
1	287
0	56
1	15
2	226
0	44
0	0
0	67
0	84
0	25
10	0
18	771
2	734
0	569
0	505
1	146
1	152
3	20
0	0
0	0
18	68
33	51
0	26
20	68
16	68
25	0
56	71
0	13
0	15
0	6
0	19
0	24
75	12
121	13
0	1
5	38
0	0
0	2
0	0
16	32
3	30
13	25
0	0
0	0
4	60
0	6
249	54
22	73
2290	156
16	73
0	0
0	0
118	0
0	10
31	10
0	0
0	0
10	6
13	586
0	0
0	596
2	227
4	0
18	30
0	0
2	33
0	201
1	225
3	106
188	34
2	0
0	34
18	12
0	1
2	1
1	0
0	0
0	0
0	0
0	0
0	0
0	0
0	0
0	0
1	84
2	0
0	84
0	2702
0	2855
0	3357
0	3163
4	101
71	134
0	38
0	0
0	0
769	333
22	0
0	0
8	359
10	359
0	0
378	0
0	0
0	2
8	4
0	2
0	469
0	0
0	0
3604	66
6	66
0	0
0	2209
18	2001
0	2003
2	1006
1	1587
0	2019
1	1969
1	1351
2	1572
22	629
2	1027
0	1476
5	15
1	284
0	1024
12	317
93	108
0	19
0	95
5	0
0	21
201	1064
54	37
10	1027
5	1602
0	237
6	0
273	161
56	1553
5	2973
17	57
0	151
3	57
5	221
0	0
3	209
78	1694
0	4002
0	0
3	253
0	28
0	3448
26	2811
153	3448
20	1222
32	1199
0	751
50	2186
0	0
0	20
0	429
0	3
0	51
0	1
382	2757
334	752
264	1009
0	1424
0	1268
1	405
0	1
13	3026
36	3
1	1602
2	753
139	578
61	1291
92	2381
4	14
0	5
0	5
0	13
0	11
0	0
0	11
0	7
0	7
0	10
0	0
16835	2866
8	2862
0	0
2	0
0	0
0	0
101	1204
0	1199
118	124
5	5
512	310
2	18
0	4335
12	5012
2	4953
15	4977
127	1018
1	2091
0	2605
0	2
0	0
272	199
11	4
5	46
0	5
5	46
5	5
0	1
0	0
0	0
0	0
0	0
0	0
0	0
0	0
0	0
0	1
0	0
0	0
2	3
0	0
0	0
9	0
0	0
0	439
8	450
0	27
12	20
9	23
6	0
185	298
0	0
14	8
0	7
4	1251
4	1355
1	146
0	112
11	51
1	138
0	476
0	5
0	2
1	1
0	1
0	2
0	5027
0	0
23	5049
142	5034
12	997
46	143
55	989
5	193
4	0
1	9
0	9
0	9
0	9
0	9
0	9
0	0
0	9
2	147
129	2515
3	182
0	2355
2	691
3	1513
2	0
20	267
0	1388
0	0
3	0
1	964
139	807
0	14
1	68
0	344
2	585
37	2
8	302
0	158
1	391
0	6
3	417
7	417
0	0
0	0
0	0
1	7
0	0
267	133
22	52
14	95
2	107
16	6
5	129
0	0
0	0
3	0
0	5
0	0
0	9
0	237
1	229
0	20
0	128
0	127
0	11
0	169
0	95
0	59
0	58
0	64
0	54
2	50
0	0
0	0
0	0
0	0
0	0
0	0
0	0
1	5
0	0
0	0
0	0
0	0
0	0
0	0
0	0
0	0
0	0
0	0
0	0
93	944
1	1041
0	87
44	746
0	760
0	111
0	0
0	0
0	1
0	0
0	0
0	0
0	0
0	0
0	0
0	1
0	0
0	0
0	6
2	6
0	14
0	2
16	0
0	3
0	2
0	5
0	2
0	6
0	0
0	5
0	5
1	0
8	0
0	0
0	0
0	0
0	0
0	0
0	0
0	6
2	409
538	1095
3	0
1	279
0	636
4	0
0	366
44	2046
5	2067
10	39
2	1220
0	37
0	52
0	61
0	34
88	110
0	0
0	0
67	0
1	0
0	0
0	0
0	0
3	29
4	29
0	0
0	0
0	0
4	9
0	9
2	412
87	412
0	95
10507	285
8	264
9	0
0	9
39	61
0	61
2	7
0	4
1	11
10	0
2	0
0	0
39	0
32	9
16	0
1	0
0	0
0	0
0	0
0	0
0	0
0	0
0	0
0	0
0	0
0	0
0	0
1	0
1	2
0	2
1	1
0	0
0	1
0	0
0	0
0	0
1487	405
0	39
10	179
0	54
5	255
0	106
6	9332
279	10609
0	1269
0	321
21	2609
104	8937
0	1733
0	14
0	1483
8	785
8	2910
13	837
0	0
0	725
0	725
0	53
10	3118
3	2670
25	2138
1	623
2	0
3	2086
10	2080
64	1820
8	1826
0	506
0	350
2	164
20	5
1	0
2	173
1147	2308
0	360
1	607
60	1215
0	1711
1	56
3	15
9	8
0	7
1	6
0	5
0	0
0	4
0	0
0	0
0	1
0	1
0	1
0	0
0	0
0	0
0	0
0	0
0	0
0	0
0	0
0	0
0	75
25	2
0	3
0	0
0	1
2	2
0	0
0	0
0	0
0	0
0	0
0	0
12	18
0	18
0	17
0	0
0	0
0	0
0	0
0	0
0	0
3	24
49	23
1	2
0	6
0	5
0	1
1	0
0	21
0	23
0	23
0	2
19	0
7	2
44	431
0	480
0	8423
13	8383
28	5255
38	5969
0	6069
25	2893
7	278
17	52
0	1
6	84
0	34
11	20
0	909
0	517
29	830
264	2780
0	0
1	0
0	0
0	0
0	0
0	0
684	69
7	69
1	0
37	0
213	4332
18	4332
251	672
4	276
0	0
0	508
3	257
4	18
1	0
0	0
1582	219
4	219
2	242
0	0
0	1
0	1
0	0
0	1
0	1
2	6
4	8
2	2
0	3
84	1816
23	1816
4	1239
2	0
377	1330
0	366
3	233
268	847
1	230
0	6
1	11
0	7
3	270
12	338
6	258
3	299
0	10
0	15
188	6
0	311
0	73
1	7
0	10
20	395
29	98
1	144
2	52
4	166
3	100
0	1
27	123
0	50
2	61
12	0
1	39
2	78
1	133
23	96
0	8
0	5
4	3
0	0
0	0
0	0
1	0
0	0
230	214
6	67
0	33
1	50
0	57
0	49
72	1536
148	1721
178	258
0	0
0	0
0	0
29	4996
0	3961
42	1713
43	3708
0	138
0	460
169	481
0	187
8	407
1	157
1	248
1	85
3	455
0	135
0	103
1	41
13	323
83	512
2	162
1	135
10	277
1	231
0	0
0	125
0	127
1	30
0	25
0	0
1	46
3	14
1	3
0	0
9	0
0	0
0	0
0	0
1716	2790
13	2484
0	704
24	1029
0	209
2498	483
0	11
137	472
0	229
1	49
16	84
41	39
0	0
0	0
0	0
0	0
0	0
0	0
0	90
3	51
0	0
0	0
1	0
0	0
0	0
71	240
17	230
0	122
145	476
243	457
271	120
2	120
27	25
0	25
1	0
70	519
374	555
7	555
0	180
2	0
23	109
6	109
0	0
7202	5146
0	3558
14	3053
0	2958
0	700
45	1022
17	0
0	0
0	0
0	0
0	0
0	0
0	0
0	0
0	14
0	9
0	0
0	0
0	0
1	4
0	0
47	11
0	21
0	14
12	9
0	10
0	0
0	0
244	3
1	10
0	10
0	6
0	8
12	0
2	4
2	4
32	0
4	16
0	0
12	18
0	0
3	1
0	2
0	2
0	0
0	0
0	0
0	0
0	0
0	0
0	0
0	0
0	0
0	0
0	0
0	0
0	0
0	0
0	0
0	0
0	0
0	0
0	0
0	0
0	0
0	4
0	4
0	4
0	4
0	0
0	0
0	0
0	0
0	0
0	0
0	0
0	0
0	0
0	0
0	0
1	0
0	0
0	0
0	0
0	0
0	0
0	0
0	0
0	0
0	0
0	0
0	0
0	0
0	0
0	0
0	0
0	0
0	0
0	0
2	0
0	0
0	0
0	0
0	0
0	0
0	0
0	0
0	0
0	0
0	0
0	0
0	0
0	0
0	0
0	0
0	0
0	0
0	0
0	0
0	0
0	0
0	0
0	0
0	0
0	0
0	0
0	0
0	0
0	0
0	0
0	0
0	0
0	0
0	0
0	0
0	0
0	0
0	0
0	0
0	0
0	0
0	0
0	0
0	0
0	0
0	0
0	0
0	0
0	0
0	0
0	0
1	0
0	0
0	0
0	0
0	0
0	0
0	0
0	0
0	0
0	0
0	0
0	0
0	0
0	0
0	0
0	0
0	0
0	0
0	0
0	0
0	0
0	0
0	0
0	0
0	0
0	0
0	0
0	0
0	0
0	0
0	0
0	0
0	0
0	0
0	0
0	0
0	0
2653	3815
4	1342
3	585
0	388
13	418
6	1156
6	120
1	981
0	0
0	1
0	1
0	1
2	117
0	117
701	175
4	187
15	0
35	68
1	68
0	66
0	0
0	0
0	0
0	0
0	0
0	0
0	0
0	0
0	0
0	0
0	0
0	0
0	0
0	0
0	0
0	0
0	0
0	0
0	0
0	0
0	0
0	0
0	0
0	0
0	0
0	0
0	1
0	0
0	0
0	0
0	0
0	0
0	0
0	109
5	109
0	0
0	0
12	408
4	408
2	106
588	0
120	511
0	511
17	14
10	0
0	14
100	396
0	396
603	0
0	0
31	2
0	0
2	0
0	0
158	141
0	139
79	0
9	0
465	0
0	25
0	10
0	10
0	406
0	47
0	380
0	0
0	0
0	0
85	285
2	285
0	276
22	288
21	8
7	0
1	12
2	2
384	462
0	389
82	74
788	61
51	59
1	48
0	0
15	5
0	0
0	0
0	0
17	0
225	6
1	3
816	43
1154	46
1	0
562	8
0	756
12	731
0	490
10	727
14	26
34	723
3	721
0	416
0	0
0	0
0	0
0	0
0	0
0	0
0	0
0	0
0	0
0	0
0	0
0	0
0	0
401	0
0	0
0	0
58	0
25	444
21	431
6	350
214	31
0	0
0	0
0	0
0	0
0	0
0	0
0	0
0	0
0	0
0	0
0	0
0	0
0	0
0	0
0	0
0	0
77	180
0	14
0	150
0	153
3	18
1	9
0	0
0	0
0	0
0	0
0	0
0	0
0	0
0	0
0	0
0	0
0	0
0	0
0	0
0	0
0	0
0	0
0	2
0	0
0	0
0	0
0	0
0	0
0	0
19	0
1	0
0	0
503	0
3	0
6	173
4	137
0	39
0	41
0	20
0	1
0	0
0	1
0	1
0	1
0	0
0	0
0	0
0	0
0	0
0	0
0	0
0	1
5	21
1	19
0	19
0	0
0	0
15	461
0	461
0	329
8	20
6	123
0	399
3	344
6	388
3	388
0	265
0	75
6	559
23	558
8	288
146	1176
0	920
0	617
7	483
0	428
60	9
1	16
0	16
0	7
14	0
1	0
0	3
0	8
0	8
0	1
0	4
0	366
2	237
0	364
3	329
7	60
3868	321
19	317
293	0
24	126
291	49
36	134
379	654
0	146
10	733
19	736
37	87
0	0
0	0
74	96
2	7
2	95
34	17
18	652
121	13659
8	13208
0	762
9	261
4	120
21	72
70	2592
0	0
72	2496
1	105
0	0
55	119
224	3488
19	1901
15	3274
0	1565
3	1565
0	1563
38	2480
12	58
0	0
0	0
0	0
0	7
0	8
13	5
0	4
0	1
12	0
664	10279
53	4584
52	8391
0	0
0	0
0	0
0	0
0	0
0	0
0	0
0	0
0	0
0	0
0	0
0	0
0	1
0	1
0	1
0	0
0	1
0	1
0	0
0	7
0	7
3	2487
40	1500
4	2137
14	962
25	799
8	648
6	6
221	0
0	0
0	0
0	0
0	0
51	0
2826	410
10	410
77	259
1509	3290
0	1065
0	2842
0	1013
0	1157
0	0
7	126
0	214
73	203
0	215
3	159
0	78
11	0
0	273
1	334
0	1003
0	1039
7	1161
11	853
40	246
61	90
41	2213
481	2445
11	1565
1	741
2	185
0	181
0	427
1	397
0	351
0	252
0	252
0	226
0	263
0	254
0	243
0	262
0	262
0	238
0	14
3	23
0	3
1	48
0	46
0	15
0	6
0	0
0	0
1	0
17	221
1	214
1	171
4	41
0	23
407	480
3	90
3	390
7	5
1	96
0	0
1	245
21	187
1	127
0	0
1	2
10	0
0	1
0	1
0	0
0	0
0	0
5	1421
0	3144
0	3089
1	396
11	610
0	1891
0	13
21	707
0	0
2	2560
8	24
2	28
1	29
0	2
0	3
36	7
0	7
29	100
96	2529
23	2555
10	2607
30	2608
9	107
0	194
2	270
1	891
11	171
23	1471
42	902
7	832
3	208
0	348
0	58
1	828
1	306
0	39
0	46
5	34
0	19
0	13
0	3
4	404
10	419
0	388
8	344
0	422
0	397
1	67
16	0
361	1798
56	1798
0	751
10	785
14	779
12	778
0	730
2	4
0	4
0	3
2	376
1	147
2	64
0	114
12	53
0	0
0	3
0	13
0	13
0	0
1	0
5	2984
51	1030
0	2559
0	2830
1	2693
0	2905
3	2886
1	1098
0	32
0	740
9	731
0	489
0	361
2	682
38	32
5	442
0	229
2	351
3	316
0	259
4	231
0	118
2	182
2	87
1	129
15	4
9	6
77	26
44	26
0	0
0	8
1	7
0	0
0	2
0	0
0	0
20	28
2611	2201
0	39
1	2026
0	213
33	316
23	113
2	196
0	134
0	14
0	0
3	1976
0	1931
12	1847
2	49
0	59
1	106
20	1887
11	1877
0	0
9	88
0	1407
0	23
3	112
0	29
7	16
5	2
7	6
42	85
0	181
0	41
5	827
1	0
16	72
3	45
0	89
0	58
3	16
2	457
0	496
2	580
4	510
0	317
0	285
1	114
0	0
16	1772
40	1746
94	1375
0	48
12	48
0	333
1	850
18	915
0	844
5	1106
13	540
159	2042
42	1284
1	10
4	797
187	1862
65	1075
26	154
0	576
21	570
0	1216
7	373
7	79
7	155
2	1
0	1
1	27215
20	0
316	0
0	36527
175	35446
7	27795
50	14945
35	16232
0	5
0	14566
25	5382
2	571
0	1047
21	1503
8	2029
0	696
4	318
0	1
0	0
0	1
137	1006
107	1006
0	0
0	0
0	0
0	0
0	0
0	3
0	3
0	3
0	510
612	0
21	871
0	153
5	401
0	382
0	804
1	262
0	381
0	9
0	9
1	6
0	0
5	25
0	25
2	748
0	552
0	632
0	747
0	747
0	568
1	715
0	791
3	682
1	572
0	566
3	688
0	325
4	377
10	31
2	815
0	900
0	900
4	841
1	123
4	776
4	806
5	797
4	12
531	295
1	312
7	933
0	269
0	111
8	45
0	127
16	87
23	53
0	786
17	1216
22	397
75	416
0	239
0	195
0	164
5	142
0	925
0	939
1	898
1	910
0	940
0	938
0	923
2	138
0	670
1	628
3	34
1	63
12	22
7	10
16	13
15	9
11	72
0	71
220	18
8	77
8	890
2612	890
0	484
27	349
3	218
0	1030
60	1057
9	63
22	696
0	552
0	860
1	6
0	81
2	42
0	74
1	500
38	188
1	188
0	89
0	59
0	93
2	408
0	470
1	431
0	79
0	38
0	32
73	136
0	13
4	22
1	37
18	115
0	0
0	0
0	0
0	0
4	1217
0	1260
2	1216
0	115
0	1179
0	81
8	17
0	1
0	1
0	1
0	0
2	0
41	867
23	867
3	414
0	414
0	28
5	0
1	7
5	310
0	64
30	540
131	540
337	0
0	18
0	82
0	64
0	4
0	63
0	60
1	3
0	0
1	10
1	9
17	3722
0	3742
4	2653
130	1434
3	2638
13	2485
0	1796
23	246
12	668
602	739
0	481
0	29
71	29
7	6
2	0
0	0
0	1
0	1
0	0
0	0
1	2
0	0
2	5
5	5
3	62
0	62
0	40
0	29
8	539
1	386
4	358
57	623
0	482
0	1041
0	1025
0	1027
0	60
0	30
0	24
4	15
0	225
0	39
22	47
0	0
0	0
0	0
0	0
0	0
0	13
0	13
0	0
0	0
0	0
0	0
0	0
10	2
0	2
0	2
0	16
0	9
1	7
0	11
0	4
4	557
0	603
0	678
14	169
0	445
2	313
14	157
29	177
17	312
0	185
0	0
0	0
0	0
0	0
1	1
0	1
2	326
1	371
0	363
4	314
0	25
0	17
5	9
11	85
1	122
2	133
9	133
2	109
4	0
0	0
1	234
7	242
0	235
0	227
0	4
0	0
3	24
0	3
10	17
0	0
0	590
84	593
3	514
0	12
53	2
1	79
24	523
5	123
2	210
0	0
1	246
9	338
26	207
3	285
0	242
0	266
0	85
0	141
1	99
3	84
0	0
0	0
2	246
3	842
0	470
5	901
2	884
1	572
3	643
0	572
18	130
5	50
1	103
0	65
3	45
3	102
0	108
14	32
0	32
0	2
44	1068
11	1068
0	2
4	131
2	1041
0	1041
0	904
2	145
2	178
15	108
6	158
7	82
14	2300
8	1934
41	2067
0	2036
33	1842
0	2068
18	1545
0	0
4	44
6	771
0	19
0	4
171	1398
4	626
20	855
1	294
0	230
2	150
1	168
0	98
0	233
0	123
0	269
1	146
0	176
1	51
1	101
0	78
2	56
0	751
3	755
1	764
0	747
9	165
0	72
5	114
1	21
1	51
32	179
0	55
0	22
1	238
1	186
0	267
5	305
0	101
0	94
3	24
145	646
1	400
16	83
4	782
0	63
5	5
0	5
17	699
0	766
2	767
0	768
0	706
1	143
0	195
4	50
0	63
17	89
0	10
10	0
0	590
15	1709
0	1658
0	1565
5	1615
1	1665
0	1575
0	166
1	240
0	150
0	149
11	103
0	180
4	4
1	60
16	560
0	0
1	385
3	378
15	300
0	89
0	21
1	0
0	0
0	0
0	0
0	0
2	557
1	538
2	521
10	567
17	351
0	347
0	17
15	34
1	3
0	0
0	3
0	531
8	806
0	528
0	780
9	59
1	209
0	0
0	1096
0	1181
0	963
0	1317
5	955
1	1109
0	1082
2	781
0	33
0	115
0	142
16	238
0	209
0	169
0	59
0	50
70	75
1	1325
1	1969
2	1129
3	1420
26	1267
0	764
6	1637
5	1339
2	1378
1	1273
2	1330
7	173
344	1581
0	1605
0	1633
0	1129
0	0
0	55
4	11
0	3
0	10
0	2
10	139
0	114
0	54
1	17
0	34
3	37
0	37
0	8
0	2
2	56
0	11
2	25
1	13
1	28
1	22
25	4064
0	3968
0	3984
47	3992
27	3681
67	3898
0	3910
8	417
0	321
0	8
0	0
0	0
0	0
16	1062
964	887
0	308
0	841
116	921
184	1053
3	976
1	185
0	220
0	0
32	246
0	0
0	0
0	140
23	159
1424	232
0	0
2	2
0	2
0	0
0	0
7	416
0	325
17	378
0	299
21	67
0	0
0	0
0	2640
0	0
199	4237
8	5
0	869
0	0
0	1868
1	1223
2	1555
1	1530
14	1499
0	1513
0	892
11	0
0	0
5	1185
37	965
5	2895
1	575
0	1584
56	1974
6	185
43	460
1311	872
8	508
23	808
1	117
1	76
4	66
6	504
1	453
0	55
11	38
0	166
0	408
7	302
6	17
5	308
0	0
0	0
0	1
0	1
0	0
0	0
0	0
0	0
10	41
41	243
14	211
0	201
0	0
3	445
3	315
15	430
2	391
1	96
7	276
0	379
3	163
0	0
0	333
0	388
18	471
10	407
5	386
0	453
18	242
0	517
1	91
9	274
6	192
0	129
22	74
0	68
6	67
0	69
0	67
0	74
0	0
0	64
0	63
0	66
5	6
0	3
0	9
0	7
0	6
4	765
0	788
4	802
1	0
3	1
2	13
0	6
5	2
10	6
3	2888
0	2554
0	2457
0	1081
0	14
0	12
2	12
0	6
11	0
9501	146
0	0
0	0
1	144
450	569
2	507
0	507
17	513
0	0
2	0
41	1020
119	1069
0	83
3	385
23	181
1	183
37	53
3	0
0	0
0	2
0	2
0	0
0	0
0	0
0	2
0	2
0	2
0	2
0	2
0	2
0	2
0	2
0	2
0	2
0	2
0	0
0	2
0	2
0	0
0	2
0	2
0	2
0	2
0	2
0	2
0	2
0	2
0	2
0	2
0	2
0	2
0	0
3	0
0	0
0	0
0	0
0	0
0	0
0	0
0	0
0	0
0	0
0	0
0	0
0	0
0	0
0	0
0	6
46	0
0	0
0	684
1	2150
3	648
5	2245
5	2085
1	955
0	2147
9	296
0	348
0	251
7	959
0	1940
1	924
1	209
1	891
0	2101
1	559
2	163
3	80
0	147
3	150
0	115
10	101
1	117
4	103
1	131
0	1
0	1
527	2139
2	1712
2	660
2	397
0	422
0	6443
0	319
3	278
0	99
0	4
63	121
6	0
132	8927
0	5972
0	7521
0	6665
10	6863
44	1770
0	5941
21	3064
1	0
0	15
0	31
1	34
0	31
0	15
0	0
0	6
0	10
0	4
0	0
0	4
5	1676
3	855
0	1302
5	813
0	1108
6	344
0	0
12	5104
50	4673
0	1726
21	1614
24	898
28	1146
0	3
0	4
0	736
0	965
40	533
0	965
0	772
0	838
866	163
0	59
1	66
0	0
0	71
1	39
3	427
10	192
41	383
0	350
0	40
0	0
22	32
1	0
2	55
15	1821
0	1762
0	1834
2	70
0	1746
15	0
0	0
2	0
0	0
24	1349
7	139
20	82
2	14
4	1117
0	263
2	18
0	18
0	14
0	18
0	4
0	6
0	13
2	14
0	11
0	14
0	14
0	14
0	14
0	14
0	4
5	142
0	90
0	2
0	0
0	0
29	55
0	31
4	29
1	43
0	3
0	46
0	6
51	0
6	434
0	350
5	406
24	0
0	419
2	156
0	361
0	418
3	87
0	98
1	206
0	74
2	48
4	39
39	96
0	14
0	13
0	0
0	32
0	45
0	15
0	13
1	0
299	603
0	409
0	155
2	192
0	441
2	527
1	0
8	286
60	20
0	275
2	228
3	250
0	225
0	270
0	247
0	32
0	257
7	104
2	104
1	5
1	8
0	42
1	11
3	58
0	0
0	57
2	0
14	16189
185	15059
0	9492
0	6684
0	2167
0	6506
0	4114
0	12805
10	14992
2	4761
0	5527
8	362
0	12465
0	12150
0	4927
274	7686
1	535
0	534
14	558
38	525
0	267
21	40
0	14
0	0
48	8
0	3
0	7
0	5
0	3
0	7
0	2
0	0
1	0
0	0
1	2
0	0
0	0
0	2
0	2
33	1954
1	1950
0	1918
1	1845
0	634
0	186
0	346
0	431
0	477
0	309
30	0
6	60
33	84
0	0
0	0
36	0
0	0
0	0
6	0
0	0
0	0
10	21
0	21
0	0
0	0
0	0
0	0
0	0
0	0
0	0
0	0
110	67
0	67
0	0
0	6
3	6
0	6
0	3631
4	3713
4	648
1	1763
63	9
76	563
0	840
0	366
8	21
5	865
8	852
1	529
44	11
0	1
0	3
0	3
0	0
0	0
0	0
0	0
1	0
24	2179
0	2200
0	2315
0	462
19	549
0	2187
0	587
1	2124
13	1
1	6
9	161
95	3036
6	1782
0	798
0	2300
1	559
2	1217
7	1258
0	1888
0	2089
6	0
17	882
0	559
0	521
1	539
0	39
0	712
0	628
0	746
0	51
10	614
3	25
3	65
1	0
0	32
0	89
2	245
0	17
0	4
0	207
1	57
0	0
0	0
10	14
0	14
1223	52
11	50
0	0
0	0
0	0
0	0
0	0
0	0
0	0
8	0
1	293
0	598
0	1998
3	2022
1	85
0	548
5	1129
0	753
0	1847
0	1616
0	782
0	497
2	14
5	1191
91	7
0	439
0	1207
0	2584
0	2533
0	467
11	1859
4	527
199	532
10	25
1	715
3	269
4	256
0	189
2	415
0	697
0	343
2	727
3	39
0	582
0	525
41	386
10	38
0	0
26	24
0	188
0	13
69	40
8	19
0	0
0	0
0	0
9	0
516	7546
27	7454
455	6603
227	6
0	1041
0	368
0	462
0	209
34	4813
13	1110
0	1
0	1
0	1
0	1
0	1
6	4
0	1
0	1
0	4
0	4
0	4
0	4
0	4
0	3
0	0
3	0
1	248
1	0
50	928
7	927
5	197
8	55
0	4
0	1
0	63
0	63
0	15
0	2093
0	13
1	0
0	0
3	25
0	25
0	0
1	4
0	1
0	0
0	0
0	0
115	1231
0	1003
0	925
0	1002
3	1172
0	406
2	76
4	0
7	1371
35	1440
5	944
0	482
0	205
0	882
0	651
1	676
0	970
2	1089
3	1177
0	557
40	262
0	239
0	365
0	1234
0	219
2	1232
0	615
0	1232
0	1234
0	993
0	928
0	405
3	56
7	215
0	187
0	33
9	80
2	77
0	37
1	31
0	3
0	0
0	0
0	4535
20	1860
31	2639
27	1802
0	4269
0	4287
0	2573
0	2647
11	2823
5	4018
0	4553
6	4225
2	3506
1	1768
1	5
1	1353
0	1392
28	631
0	12
0	202
0	11
15	25
2	177
0	28
0	163
0	29
0	102
6	8
0	0
2	102
0	10
0	1
17	5
0	0
0	5
0	0
0	0
0	0
0	0
0	0
0	0
0	0
0	0
0	1
0	0
0	0
0	0
0	0
0	0
0	0
0	0
0	0
0	0
0	0
9	9
0	1
0	5
0	7
0	5
0	6
0	5
0	6
0	6
0	5
0	3
0	2
0	6
0	0
0	0
0	0
0	0
0	0
0	0
0	0
0	0
0	0
0	0
0	0
0	0
0	0
0	2
0	2
108	1269
0	199
0	817
0	506
2	5
1	954
14	244
0	0
0	0
0	4
0	4
0	4
0	4
0	4
0	4
0	3
0	0
14	542
5	542
0	412
11	402
0	0
0	0
0	0
0	0
23	770
0	270
1	705
5	28
58	2602
2	18
1	595
81	0
0	253
5	91
0	250
15	7
1	215
0	0
167	2437
0	662
0	1580
4	369
6	84
0	139
1	505
0	67
0	219
0	63
0	143
0	172
14	1518
3	9
105	180
0	351
1	181
4	21
77	830
2	41
1	47
61	136
30	7
0	0
3	0
0	0
6	66
0	60
0	62
0	19
0	25
0	6
0	4
0	0
0	4
0	4
0	0
3	0
0	0
0	0
0	1
0	1
15	2398
49	2342
0	1967
0	2114
0	91
1	114
0	827
1	494
0	2047
6	0
17	2
3	2
0	126
162	1486
1	905
7	649
0	601
0	500
0	392
0	63
2	182
0	642
0	178
0	181
2	135
0	103
0	105
22	52
0	44
0	4
0	0
18	5
0	424
5	17
0	0
0	410
0	404
0	417
200	170
0	0
0	0
0	404
3	426
0	121
31	38
0	38
0	10
449	5079
0	0
14	525
0	4576
0	1786
0	2257
0	2256
7	1679
8	2044
10	550
0	28
0	0
0	0
0	0
90	6
0	2386
6	363
30	2386
0	2142
1	46
0	2129
0	2373
0	2230
9	157
0	29
7	101
5	2
14	17
6	7
0	127
0	0
0	48
0	14
0	44
0	38
2	32
0	0
0	104
0	104
0	0
0	0
0	0
9	8
1	8
0	0
0	0
0	0
0	0
0	0
0	0
0	0
0	0
0	0
0	0
0	138
618	214
6	54
6	95
0	0
0	62
21883	0
0	0
0	0
0	1
0	1
0	0
0	0
0	0
4	4
0	4
0	4
0	4
0	2
0	2
7	11
0	2
0	1
0	6
0	9
0	0
0	0
2	1
0	2
0	0
0	0
0	0
0	34
1	34
0	31
0	280
8	4
80	4
16	3155
7	335
1	82
370	3156
1	1255
2	273
0	7
2	544
0	2
0	2890
72	2
11	957
96	728
4	575
9	0
5	128
2	1369
0	7261
48	6285
0	6577
0	6577
0	6849
0	6578
0	6584
0	5885
0	5885
0	6856
0	6830
0	6844
25	4783
5	5416
18	4079
0	6152
1	835
31	6335
87	0
9	7243
5	6193
724	1865
0	1
1	1090
1	1670
0	4073
0	1
1	2560
0	1526
0	1522
46	785
0	0
19	829
0	737
1	753
0	517
0	365
9	71
1	49
10	50
2	88
1	17
0	84
1	47
0	14
3	0
2	1
723	721
186	933
10	493
17	173
1	379
11	0
146	0
0	1
0	1
0	1
9	0
0	0
571	493
21	30
1	479
3	22
20	490
0	313
0	0
71	0
1	410
0	13
9	285
0	278
0	272
1	230
2	37
2	19
63	1051
0	1048
0	1057
0	1060
8	594
3	407
0	276
0	21
0	295
0	282
0	275
0	115
2	719
23	1096
402	1237
2	1255
1	843
32	784
2	784
1	149
27	55
99	23
0	0
0	0
0	0
0	0
0	0
0	0
0	0
0	0
0	0
0	0
0	0
419	205
3	203
1	63
1	7
0	0
1	0
0	0
0	70
0	70
0	59
0	61
0	66
0	0
1	0
0	0
17	987
0	266
0	47
1	260
0	61
0	34
8	923
0	107
12	77
8	4
4	23
7	50
1	109
1	82
1	63
1	0
0	0
0	0
2	0
0	1
0	1
1	0
498	30
0	28
0	28
1	0
9	13
2	13
9	1191
0	1228
2	69
0	17
5	47
187	547
2	418
19	398
6	384
1	285
1	141
0	0
12	10
36	0
0	2617
1	2638
0	2608
0	2674
5	1308
2	1881
0	1500
2	185
0	140
141	622
0	294
1	94
1	205
0	14
4	98
1	41
1	612
44	588
0	504
11	447
0	96
7	109
5	135
4	111
0	33
0	129
18	115
1	52
10	93
3	577
0	464
0	494
54	322
0	315
0	426
0	95
1	53
14	52
0	23
0	109
9	105
0	18
3	10
0	0
0	63
0	67
0	70
0	3
1	62
0	59
0	3
0	3
5	7
0	0
0	1
1	1
1	14
0	1
0	0
1	15
0	14
0	12
0	11
0	14
0	11
0	14
2	15
0	42
0	1
0	33
0	3
0	10
59	71
0	26
0	75
0	4
0	1025
5	1021
3	873
3	757
0	280
0	105
0	323
4	49
35	317
8	216
0	0
0	0
0	0
1	36
0	0
0	0
276	963
2	963
6	42
0	1
0	0
0	0
0	1
0	0
0	0
0	0
2282	1619
2	1604
1	511
0	0
12	20
0	20
0	9
0	0
0	0
0	0
3	795
0	766
0	53
2	23
4	21
0	0
6	13
0	0
0	0
1	0
0	0
20	376
0	0
0	365
0	27
5	39
0	612
2	617
5	646
2	610
0	222
5	125
13	520
2	386
2	62
0	366
10	16
16	155
0	120
1	151
1	73
0	116
1	53
0	98
56	98
4	28
2	5
1	3
0	0
2	2
1	4
1	0
3	0
416	13
1	10
5	1
12	353
4	369
2	46
389	28
0	28
0	0
0	0
309	58
0	20
21	58
0	0
0	0
0	0
0	0
0	0
0	0
0	0
0	0
0	0
0	0
0	0
0	0
0	0
0	0
0	0
660	178
0	0
0	0
0	0
727	187
0	9
0	7
386	165
3	157
4	43
1	11
45	389
289	382
0	58
0	40
0	0
0	0
0	323
0	306
0	295
29	43
2	91
0	312
2	59
0	285
0	256
0	209
14	14
0	21
1	165
32	196
0	166
0	321
0	310
0	7
8	202
1	33
10	108
0	120
3	122
0	85
4	3
1	15
0	6
0	53
1	7
0	7
0	0
19	4530
0	4215
7	713
0	4202
0	785
0	4491
0	113
66	22
0	768
0	1029
12	895
0	352
38	315
0	354
220	357
0	627
43	696
0	675
0	675
7	1039
33	1110
0	361
46	529
21	460
0	115
0	0
0	2540
74	2668
4	1603
0	778
0	865
0	115
68	0
11	89
1	89
0	5
0	13
0	0
0	39
6	210
0	210
0	54
1	6
0	146
0	4460
2	17
0	16
4	25
15	19
997	4400
6	1202
9	3890
413	7150
0	3221
34	275
1	122
528	1651
113	140
54	1388
2	86
6	120
0	514
0	313
4	1388
1	1000
9	1388
16	551
2	93
5	435
3	449
0	0
0	0
2	729
0	17
0	634
7	501
5	505
0	183
4	106
0	0
2	0
18	17
0	17
4	15
2	114
47	948
0	13
0	150
3	947
0	147
0	206
2	169
0	137
1	114
0	565
4	76
1169	78
0	125
6	1
11	5738
5	372
3	1
62	5702
0	470
6	1841
0	975
3	488
9	68
659	728
0	45
0	120
0	242
4	1
3	105
0	7
0	55
16	98
1	124
20	89
5	341
3	125
15	934
5	640
5	601
10	480
0	279
0	0
7	554
479	376
0	63
2	303
0	90
241	0
8	10616
0	14183
344	10316
0	12165
7	17003
52	10628
32	11027
59	14119
18	2945
51	834
1	1
308	857
0	741
0	73
0	151
6	151
0	0
12	265
0	0
79	40
1	40
0	0
1	0
179	18310
2	18287
15	18038
9	8415
27	8875
621	19393
4	5410
6	304
18	3944
0	3803
153	9418
4	3247
20	6539
40	8009
7	599
28	1787
0	0
135	366
38	308
0	58
0	0
0	0
0	0
2	84
0	387
1	384
0	451
11	3960
0	315
0	238
0	62
0	241
0	282
2	224
0	113
0	108
0	196
0	4546
21	4283
11	2757
6	902
0	14
0	1014
1	1208
21	45
0	1209
1	1152
0	1159
4	134
0	83
0	93
4	43
4	94
14	50
0	50
0	51
0	51
0	51
0	50
0	51
1	18
0	0
0	4
0	0
0	9
0	0
0	0
0	0
0	0
5	7
0	7
0	7
0	0
1	5478
33	5500
69	5351
3	3867
15	1093
47	549
28	828
11	501
0	270
7	482
0	409
70	2823
7	390
0	525
17	201
3	95
1	96
2	4
0	63
5	5
0	25
0	0
0	10
0	245
0	8
1	0
0	0
0	242
8	97
0	108
2	62
4	67
0	67
164	201
0	54
0	146
123	415
1	225
30	363
0	139
1	417
0	19
1	37
35	1599
11	558
14	1462
1	1409
0	1058
1	173
1	314
0	913
15	1355
0	1138
2	1180
7	318
15	795
0	0
0	132
0	0
66	1159
0	44
3	1133
0	98
0	51
1	0
4	38
1	8
0	24
0	16
0	22
1	19
0	1
0	788
22	2259
0	672
0	1414
3	539
14	899
3	482
18	426
147	2550
0	1609
46	1334
5	425
3	0
0	0
39	1975
0	1704
6	968
4	1561
2	1189
14	0
0	0
0	0
0	7
2	7
134	13
2	13
0	0
0	0
0	0
0	8
0	0
0	0
3	8
0	0
0	0
0	0
0	0
1	1
0	0
0	1
0	8
0	1
198	303
517	258
0	0
1358	349
12	346
564	48
4	0
16	1146
0	1146
0	0
14	4
79	553
0	6
0	543
1	2
0	0
0	19
0	54
0	53
2	16
0	40
2	18
0	1
1	32
28	101
2	101
0	51
0	681
306	688
0	366
7	110
1	180
0	5
0	3
0	3
0	2
0	3
0	5
0	3
0	4
0	5
0	5
0	3
0	5
0	3
184	141
1	0
8	110
3	40
4	379
1	269
2	654
2	1937
2	1099
13	1730
0	1716
14	149
2	16
0	7
0	13
0	5
0	2
0	256
0	3
6	535
0	535
2	535
0	367
0	367
5	365
2	168
44	236
0	179
1	71
9	5
0	5
1	0
147	1
1	1
184	1047
2	77
1	59
0	1001
3	29
366	6986
17	4964
0	7167
0	6809
0	0
0	1
14	459
4593	1617
5	610
0	2
0	0
0	0
0	187
16	8
0	5
0	2
0	28
0	587
0	587
0	585
3	25
0	4
0	4
0	535
0	0
0	45
14	337
2	169
69	70
0	117
1	103
2	7
18	147
1	23
0	281
0	438
17	407
12	184
8	106
0	171
0	167
1	35
0	88
3	69
2	38
22	2744
82	2821
0	2821
25	2452
2	111
0	331
3	474
0	0
2	298
0	0
1	94
6	27
0	419
0	985
29	910
0	451
15	956
3	5
0	227
4	27
3	806
0	2907
0	2575
0	2899
0	2713
3	575
0	673
0	2626
0	2250
0	407
0	0
0	276
25	338
0	220
0	26
1	30
2	41
0	7
0	2
2	2
135	7
2	4638
0	4460
1	4542
0	4726
16	69
1	275
14	56
8	180
45	1325
0	594
8	1561
0	326
6	382
4	1015
99	9915
949	10835
1	10221
192	2297
176	2297
0	264
105	268
10	279
7	328
72	198
18	344
24	353
0	0
67	102
26	106
0	0
0	1
1234	1004
319	1018
0	0
10	68
69	0
25	50
25	427
4	126
0	99
11	392
0	277
0	369
1	349
9	53
0	22
7	337
6	4916
1	4620
59	484
0	214
12	4243
7	179
0	190
7	444
2	516
10	79
0	103
10	125
3	348
3	22
0	22
0	0
0	0
0	1
0	1
0	0
0	21
0	18
0	5
0	19
0	20
2	7
0	0
5	7
0	6
3	3
0	5
0	0
3861	2878
8	2878
72	415
4	408
2	172
2	34
15	0
0	0
0	10
6	10
1	1
2	18
1	32
1	15
0	15
0	8
0	41
0	242
98	241
3	42
1	0
47	185
99	1471
0	1321
13	59
0	290
10	0
5	233
0	0
1	11
0	11
0	1423
0	958
261	1535
3	1192
1	357
6	463
0	955
0	523
1	97
7	0
9	36
20	181
26	416
3	0
16	0
5	416
33	37
971	43
2	0
0	2760
3	2913
0	2429
0	726
6	1381
0	546
6	270
2	2490
1	2494
6	380
11	128
10	230
12	182
16	14
1	170
15	115
270	5890
61	5640
1	737
10	139
26	159
0	222
75	0
15	0
2	80
0	175
0	174
0	174
0	113
0	33
1	1
0	0
58	0
1	60
0	46
0	42
0	0
83	182
0	182
3	0
0	0
269	57
0	0
3	57
0	44
0	2
0	4
0	20
5	35
0	17
33	4131
15	1378
397	2104
88	4002
0	65
1	3947
0	0
0	0
0	0
1	0
4982	22515
169	22514
23	4533
0	0
0	0
0	2
33	308
1	316
3	315
3	288
370	35
354	65
0	0
102	0
158	1668
169	1670
14	63
12	59
0	14
1	36
666	392
0	381
25	752
26	605
3	754
0	764
255	803
4	463
2	36
0	179
31	177
35	153
7	0
0	0
0	0
0	0
0	0
0	0
0	0
31	606
3	614
0	0
14	313
1	243
0	384
22	34
0	390
7	359
1	26
0	35
5	4
10	0
25	0
0	0
0	0
0	0
0	0
0	0
1	0
0	0
2	0
0	0
0	0
16	978
4	745
6	492
0	370
1	123
7	65
0	20
1	109
4	38
0	127
0	180
3	111
7	397
4	35
1	141
0	330
2	284
2	144
0	88
0	36
0	74
1	22
0	6
1	13
2	4620
0	4572
0	4609
0	4337
0	4571
0	2854
44	2025
1	817
3	1027
42	872
2	851
1	267
0	0
4	0
0	0
4	0
2	0
1654	0
209	1080
0	786
6	528
1	36
0	356
1	368
1	356
2	224
1	214
3	196
8	105
12882	6907
29	5130
15	1535
18	1826
1084	73
6	38
13	37
2	0
314	33
1	8
0	25
19	354
0	381
4	399
1	422
0	420
0	0
0	262
91	1840
0	1798
12	326
0	49
2	76
0	149
2	139
1	108
3	184
9	184
7	92
25	177
0	92
0	47
0	9
0	1
0	1
25	0
2	113
0	112
3	91
0	23
1	46
0	94
0	93
0	10
6	21
0	47
2	19
2	44
24	39
0	52
6	30
1	8
73	849
0	580
1	524
1	387
5	177
0	140
22	213
7	10
0	187
0	1676
0	12
160	196
0	219
0	1676
0	0
12	54
4	0
0	0
2022	1259
6	499
7	167
0	101
14	192
0	0
11	413
0	158
10	7
1	80
5	85
0	16
0	3
6	5
0	4
5	4
0	4
1	2
1154	51
7	51
0	0
18	0
41	20
1	20
29	2219
1175	3306
17	3376
0	939
51	952
5	1232
0	1331
17	1440
26	1469
0	1
17	2
0	0
0	2
0	2
0	2
0	2
0	2
0	2
0	2
0	0
0	0
0	0
0	2
0	0
0	0
19	9
0	96
0	0
16	55
0	96
3	102
1	1
0	96
0	96
0	0
2	0
0	0
0	0
0	0
0	0
0	0
0	0
0	6
0	6
0	5
0	2
0	2
1	0
0	0
0	0
0	2
0	2
0	1
0	2
0	1
0	1
0	1
0	0
0	1
0	1
1	0
0	0
0	0
0	0
0	0
0	13
0	1
0	0
0	0
0	0
0	0
0	0
0	0
0	0
6	181
19	254
42	282
6	129
1	49
5	55
3	433
3	583
0	577
0	513
0	44
0	188
262	151
0	0
0	0
0	0
0	0
0	0
0	0
0	0
0	0
0	0
0	0
0	0
0	0
0	0
0	0
0	0
0	0
0	0
0	0
0	0
0	0
0	0
0	0
0	0
0	0
0	0
0	0
0	0
0	0
0	0
0	0
0	0
0	0
3	23
159	380
0	1203
0	1194
0	1209
6	323
0	472
0	421
0	0
47	76
0	807
20	1712
59	1568
22	398
103	0
199	559
52	543
25	22
2	4
1984	0
0	0
66	44
1	21
0	24
619	785
1	785
6	280
13	329
96	330
0	82
7	197
21	116
6	2
1	117
1	116
0	0
1	0
0	0
0	0
0	1
0	1
0	1
0	1
0	1
3	28
0	4
0	33
0	1
5	1
6	0
0	13
0	0
0	11
0	30
16	32
0	13
0	4
0	0
0	0
0	0
12	426
12	393
0	107
0	4
1	87
0	2
1	373
0	25
1	9
5	1
2	5
0	0
0	0
0	0
0	0
0	0
0	0
0	1
0	1
0	1
0	0
0	0
0	0
0	0
0	0
0	0
0	1
0	1
1	0
0	1
0	1
0	1
0	0
0	2
216	0
0	1
0	1
0	1
0	0
0	0
0	0
0	0
0	0
0	0
0	0
0	0
0	0
0	0
0	0
0	0
0	0
0	0
0	0
0	0
261	0
0	0
0	0
0	0
0	0
0	0
0	0
0	0
0	0
0	0
0	0
0	0
0	0
0	0
0	0
0	0
0	0
0	0
0	0
0	0
0	0
0	0
0	0
0	0
0	0
0	0
0	0
0	0
0	0
0	0
0	0
0	0
0	0
0	0
0	0
0	0
5	36
5	36
0	4
0	4
0	7
0	7
0	4
0	0
0	0
0	0
0	0
0	0
0	0
0	0
0	0
0	0
0	0
0	0
0	0
0	0
0	0
0	0
0	0
0	0
0	0
0	0
0	0
0	0
0	0
1	9
0	0
0	0
0	0
0	0
0	0
0	0
0	0
0	0
0	0
0	0
0	0
0	0
0	0
0	0
0	0
0	0
0	0
0	0
0	0
0	0
0	0
0	0
0	0
0	0
0	0
0	0
0	0
0	0
0	0
0	0
0	4
0	0
0	0
0	0
0	0
0	0
0	0
0	0
0	0
0	0
0	0
0	0
0	0
0	0
0	0
0	0
0	0
0	0
0	0
0	0
0	0
0	0
0	0
0	0
0	0
0	0
0	0
0	0
0	0
0	0
0	0
0	0
0	0
0	0
0	0
0	0
0	0
0	0
0	0
0	0
0	0
0	0
0	0
0	0
0	0
0	0
0	0
0	0
0	0
0	0
0	0
0	0
0	0
0	0
0	0
0	0
0	0
0	0
0	0
0	0
0	0
0	0
0	0
0	0
0	0
0	0
0	0
0	0
0	0
0	0
0	0
0	0
0	0
0	19
0	0
0	0
3544	93
22	0
0	0
0	0
0	0
0	0
0	0
0	33
0	42
0	0
0	0
0	0
10	0
1	0
0	0
0	0
0	0
0	0
0	0
0	0
0	0
0	0
0	0
0	0
0	0
0	0
0	0
0	0
0	0
0	0
0	0
0	0
0	0
0	0
0	0
0	0
0	0
0	0
0	0
0	0
0	0
0	0
0	0
0	0
0	0
0	0
0	0
0	0
0	502
0	502
0	229
0	0
0	0
392	0
4	0
2179	226
0	220
0	0
0	0
0	0
0	0
0	0
0	0
0	0
0	0
0	0
0	0
0	9
0	9
0	9
0	0
0	2
0	2
0	0
929	11669
22	7398
0	6918
188	4
121	2072
535	79
1960	586
33	581
1	6
4	33
1	33
829	0
16	575
100	651
27	59
0	41
10	516
5	38
0	0
6	2466
0	2466
1	2
1	0
1	0
1	253
337	551
0	117
7	59
0	437
1	521
0	0
0	0
0	0
0	0
0	0
0	0
0	0
0	0
83	1
16	1
9	412
0	357
0	336
0	0
0	3
2	40
7	157
0	180
0	43
0	168
0	4
0	0
0	12
8	1164
35	1163
85	935
15	767
7	767
4	1292
3350	1298
23	222
0	0
4	26
1	14
0	0
8	218
0	204
0	68
0	29
0	22
0	20
0	18
0	9
0	9
0	4
0	3
0	0
0	0
3	0
8	79
21	2
1	66
0	72
0	0
0	0
0	0
1	0
0	0
2422	681
4	406
5	136
1	11
5	388
124	511
118	150
1	0
0	0
0	0
1	0
0	0
0	135
310	476
2	76
2	13
6	402
0	0
0	0
61	0
0	334
0	302
15	309
4	1743
2	124
74	305
0	1656
0	1656
0	41
0	1639
22	48
14263	21973
25	4554
0	3588
26	5584
15	5266
188	8046
48	5212
0	1772
0	1167
2	1158
0	1138
0	1190
0	1153
0	1121
1	831
0	546
1	0
8	147
0	422
10	445
8	345
0	294
0	318
0	282
2	331
0	267
2	285
2	173
0	169
2	193
0	128
0	16
0	47
1	35
0	0
0	0
0	0
0	0
0	0
0	0
0	0
1130	1050
10	98
0	0
28	276
0	504
0	539
0	272
0	361
0	106
1	0
150	435
9	47
0	407
0	0
0	0
1	0
6	0
0	0
2	0
0	0
6	0
0	0
3	919
11	1197
0	210
0	676
1	169
2	56
0	148
0	27
0	136
3	67
0	0
0	0
70	716
3	148
0	331
1	3
5	421
36	36
2	237
69	3
0	3
381	0
3	2138
0	2237
0	51
2	1815
0	54
81	14
15	72
32	142
2	512
57	231
15	439
34	161
5	141
11	160
0	210
29	241
4	250
290	488
5	470
21	18
1086	1580
48	444
7	1136
0	0
0	0
267	1007
0	676
2	598
0	539
0	313
4	233
10	261
5	50
86	751
0	222
9	684
0	288
4	6
0	196
1	9
1	8
0	5
0	5
0	326
0	340
1	278
2	367
0	332
12	42
0	33
7	38
0	17
0	20
0	9
3	21
15	0
4	20
0	48
0	0
0	0
0	0
0	3
0	3
0	3
0	3
2	394
3	256
1	378
14	351
0	38
14	131
0	19
632	495
4	397
0	31
1	0
5	32
0	0
1	92
0	0
0	0
0	0
0	0
0	0
0	0
0	0
0	0
0	0
0	0
0	21
12	15
20	15
0	0
0	0
205	0
0	2
0	302
0	300
0	82
0	279
0	120
9	36
0	27
0	52
1	10
10	4
911	358
0	242
3	64
7	116
0	0
5	1066
1895	1066
15	2850
106	2850
1	1159
1	200
18	945
0	988
1	49
10	971
11	283
11	438
0	873
0	77
0	690
1	176
14	596
0	681
14	702
7	125
2	139
11	601
9	472
14	488
0	335
0	106
3	535
0	1261
1	215
0	1119
144	1517
7	850
49	1517
1	1209
5	812
4	815
65	1958
13	1958
2	60
72	1266
18	1266
1	327
0	99
0	7
7	7
0	2
190	1036
2	957
7	166
3	133
5	114
5	0
362	0
1892	1361
28	1361
0	505
2	338
288	509
0	509
0	40
6	53
378	0
0	0
0	0
418	2673
1	92
94	2558
0	2740
2	2
5	130
1	0
2	1609
5	0
0	0
0	0
5	77
48	102
7	75
0	71
0	0
4	90
17	453
12	451
128	37
0	24
4	55
0	447
0	444
0	127
4	81
0	17
42	319
6	1
4	1
1	21
0	21
0	13
3	1
0	1
0	1
0	0
48	254
599	254
4	184
30	552
2	552
52	184
3	10
0	342
0	1338
0	3
0	1342
0	1315
0	1337
1	376
1	4
7	8
0	13
0	8
53	0
0	385
52	261
0	1371
0	68
2	116
0	143
0	485
0	168
0	83
814	0
62	765
19	189
3	57
18	204
378	806
1	773
9	28
12	0
532	592
1	7
8	187
0	22
3	702
7	723
11	459
6	474
11	0
0	16
0	17
0	6
0	4
0	2
2	0
6	41
0	1
1	1
0	0
0	0
0	0
0	35
7	0
0	0
31	518
0	2
4	518
11	197
1	2
3	22
0	23
0	23
2	24
0	42
1	518
0	382
0	44
1	14
2	66
0	171
32	233
0	234
1	107
0	54
9	76
2	74
0	53
0	10
0	0
0	0
54	897
1	819
0	870
0	918
0	98
3	5
4	5
4	124
0	0
0	0
0	0
0	0
1	0
0	0
0	0
0	0
0	0
0	1
0	1
0	1
0	0
0	16
5	15
0	6
2	3
0	3
2	42
27	42
0	0
10	0
16	9
0	2
0	2
0	9
0	4
0	1
0	4
1	7
0	3
15	6
25	3
0	3
2	2
0	58
27	50
2	53
0	25
0	0
0	0
0	0
0	0
0	0
0	1007
1	1025
0	1004
0	311
0	274
0	202
0	171
11	48
0	76
0	79
6	27
8	30
61	15
66	686
12	705
5	84
2	0
343	2
0	2
1	1
0	2
0	0
0	1
0	1
209	242
0	239
1	9
0	8
0	227
0	2
1	0
0	0
0	0
7	0
1	0
0	0
0	0
0	0
0	0
0	0
0	0
0	0
0	0
0	0
0	0
0	0
0	0
0	100
0	638
2	610
1	408
3	338
1	18
0	16
117	183
0	183
0	112
5	15
0	9
0	1
0	10
0	3
0	0
0	1
0	0
0	1
0	0
0	0
0	0
7	380
1	301
2	166
0	0
0	0
0	0
0	0
0	0
0	0
0	0
0	13
0	13
0	0
0	0
0	0
0	2
0	0
1271	1616
78	1616
1	284
5	889
0	874
1	836
19	424
15	291
5	279
0	0
2	117
0	37
49	70
0	0
0	0
0	0
0	0
2	158
0	158
0	118
0	100
0	99
10	106
0	102
0	8
5	0
7	0
9	1
5	0
9	0
0	18
0	21
1	9
11	9
0	1
20	0
1	0
3	0
5	0
2	0
0	0
0	3
0	0
0	5
0	5
0	0
0	0
0	0
0	0
5	0
83	21
0	21
0	2
0	0
0	26
0	1
0	14
25	33
20	33
0	3
3995	42
132	42
0	0
3	0
1	63
2179	496
0	251
0	0
0	114
0	113
2	113
1	68
558	32
2	24
1	17
5	0
0	0
0	0
0	0
0	0
0	0
0	0
0	0
0	0
516	0
0	28
0	0
0	0
0	0
0	0
0	0
1	0
0	0
0	0
15	77
2	77
0	0
0	12
0	0
0	0
1	2
0	0
0	0
0	0
0	43
0	4
0	0
1	0
0	0
0	3
0	3
12	3
0	0
0	0
0	0
0	0
0	0
8	227
0	240
5	169
0	0
9	44
19	51
0	0
32	0
0	0
0	0
273	9
0	94
159	92
7	31
4	27
9	220
0	220
31	0
4	0
4	266
37	9
52	266
0	12
1	12
0	4
0	4
0	13
0	3
0	4
0	1
0	0
5	4
0	0
0	3
0	1
0	0
123	1475
9	1508
25	118
56	636
0	403
100	1479
0	1114
0	1157
7	618
0	1117
10	276
20	579
0	155
0	0
720	790
0	790
83	14
149	909
52	909
0	109
177	1273
13	839
0	1266
5	198
1	93
2	380
1	357
13	839
1	822
28	823
8	14
59	584
2	2
6	50
1	5
0	128
8	39
3	12
0	110
0	796
59	952
16	826
2	29
1	29
816	0
51	214
11	214
56	0
660	0
0	0
2271	304
1	302
7	2
80	1366
74	1529
37	643
0	0
0	0
0	0
2583	16
485	0
2422	356
1	332
0	0
0	0
3	2741
0	2650
2	2544
0	2635
1	251
4	41
12	284
17	177
24	1045
4	969
2	21
0	0
6	564
9	2665
15	2681
60	2888
4	137
2	17
0	0
0	113
0	1213
1	100
2	90
12	29
0	225
1	106
2	55
0	206
1	20
0	9
0	458
26	450
0	2
0	59
30	29
0	0
163	0
0	7
52	64
0	127
1	399
40	808
0	54
0	91
0	120
20	22
0	97
0	533
90	119
5	47
0	243
14	141
0	116
0	98
6	346
14	1433
1	39
0	1538
5	194
119	84
164	1198
1	237
3	110
1	25
14	147
0	186
207	1184
0	1034
12	760
3	106
2	249
5880	186
53	2364
450	2364
3	0
3	36
0	36
6	240
0	2082
0	2045
120	346
3	57
5	838
0	186
0	14
8	463
1	452
0	11
0	11
62	1319
73	775
1	677
17	622
0	0
0	0
106	0
17	478
96	763
32	854
0	670
1	3
0	3
0	101
0	101
1	0
0	13
14	10
0	0
8	0
0	0
1151	395
1	20
0	232
0	235
559	0
6	0
1004	1
8	1
2	214
151	214
3	103
0	0
1799	0
2	2
688	2118
23	2035
0	448
11	129
2	121
0	0
0	0
0	0
136	157
0	61
4	86
5	60
0	76
19	15
7	1753
24	1899
112	1134
65	826
4	164
5	61
3	72
0	5
0	3
0	0
0	7
18	23
1	0
420	0
9	28
1	32
0	31
0	10
0	0
134	0
0	0
1	0
19	0
4231	929
0	71
0	322
0	536
0	0
226	2008
4	1888
3	2039
10	216
11	1688
6	1737
0	1609
1	132
0	1191
4	463
4	384
4	188
11	210
0	0
1	483
4	519
0	480
0	33
0	122
50	679
5	19
0	150
0	49
3	679
0	0
0	0
0	0
0	0
0	0
0	0
0	0
0	0
0	0
0	0
0	0
0	0
0	0
0	0
0	0
0	0
0	0
0	0
0	0
0	0
0	0
0	0
0	0
1	0
1	72
0	0
1	0
0	0
6	36
0	0
0	0
0	0
0	0
0	0
0	0
0	0
45	506
5	318
1	188
0	0
0	0
0	0
0	0
0	0
0	0
0	0
0	0
0	0
0	0
0	0
0	0
0	0
0	0
0	0
0	0
0	26
0	0
0	0
0	0
0	0
92	10
0	10
129	874
0	632
2	874
0	530
0	0
0	0
1	10
4	10
13	3
0	0
4	24
0	0
0	0
0	0
0	0
0	122
3	0
51	588
2	709
0	841
6	353
2	3186
0	3087
0	2949
0	3041
59	1073
0	0
0	0
0	0
0	0
0	0
0	0
8878	949
5	138
0	849
0	0
0	0
0	0
0	0
0	0
0	0
0	0
0	2
0	2
0	2
0	2
0	2
0	0
0	0
0	0
0	0
0	0
0	0
0	0
0	0
3230	2940
13	2936
0	0
0	0
2415	87
0	68
0	85
0	28
10	337
4	3019
33	3011
2	2403
1	463
0	112
13	101
0	481
0	2029
20	316
12	158
0	72
564	4134
27	4134
0	2755
1	695
0	257
0	219
4	219
5	9
0	9
9	0
0	0
0	0
0	0
23	754
4572	880
3	138
0	68
1320	452
0	10
0	38
4	44
1	351
0	399
0	0
39	263
5	117
2	149
1	60
5	17
596	3456
0	3456
0	0
8	1122
1	737
0	0
97	695
2	45
12	666
3	16
0	35
4	214
1	137
6	79
0	58
1	551
0	15
26	538
2	454
1	588
18	2
4	2
4	43
0	0
0	0
0	0
0	0
0	0
0	0
0	0
4	714
0	699
3	551
0	507
0	27
21	127
0	68
0	66
1	31
0	58
3	2
7	0
0	571
0	571
9	0
22	1
2	13
0	0
1390	2
0	0
72	612
0	691
7	128
0	2
0	0
0	0
17	410
1	8
0	0
2	108
0	0
0	0
0	0
13	0
0	71
0	0
0	0
0	0
1	0
0	0
843	311
0	278
0	33
212	201
1	196
0	130
2	0
0	44
0	39
0	0
0	0
0	0
0	0
0	0
0	0
0	0
0	0
0	0
0	1
0	1
0	0
0	0
8	0
1	0
7	56
50	97
1	935
0	981
33	482
0	939
0	943
0	866
2	763
0	605
4	645
0	725
0	656
0	105
0	417
0	151
14	0
0	30
1	66
0	0
3	443
0	0
1	0
3	931
2	931
48	931
9	0
24	42
0	42
0	0
0	0
0	0
0	0
0	0
0	0
0	0
0	0
0	0
0	38
0	26
0	0
1	3
0	4
0	20
0	3
0	26
0	15
0	17
0	13
0	18
0	0
0	0
0	14
0	37
0	17
0	1
0	15
17	0
65	3
5	3
0	9
2	0
0	1298
71	1522
1	1258
25	1284
3	1284
0	676
2	306
38	449
4	143
3	122
229	137
0	89
7	2
0	0
0	2
7	2
10	45
18	0
0	0
0	0
0	0
6	0
1052	10861
2	9434
1	7756
30	2633
0	3198
9	2283
181	5814
0	5018
0	5018
0	5018
2	5009
10	4515
0	3188
11	1410
0	866
5	416
6	93
0	0
13	701
0	662
0	686
50	317
2	24
8	27
0	101
0	0
0	0
17	299
34	280
4	43
473	1021
0	219
0	1023
4	59
4	0
1	187
1	120
0	91
19	82
6	133
0	410
0	398
3	394
1	404
0	15
0	56
0	0
0	4
0	7
0	15
0	0
0	0
0	0
0	0
0	799
3880	1226
33	0
0	169
0	230
27	0
68	29
55	0
12	0
3	25
35	0
27	0
0	0
2	83
52	0
23	83
0	0
9	667
1	388
0	563
0	0
40	213
11	1
0	0
0	0
0	1
0	4
0	3
0	0
4	145
0	145
64	36
2	0
0	0
0	2063
683	2445
0	0
29	119
3	328
0	0
22	260
0	0
0	273
0	3
0	645
0	108
1	130
4	494
0	13
0	0
0	13
1	11
2	5
0	0
0	0
0	0
0	44
6	1
0	57
0	95
0	83
0	44
0	85
0	96
1	85
0	96
1	100
0	121
1	152
33	106
0	45
0	42
0	1
0	14
0	0
5	3
0	0
0	9
0	9
0	0
0	0
0	0
0	0
169	1243
10	1244
8	263
8	0
0	1
973	2
0	0
0	0
0	0
3	18
41	198
917	495
0	392
0	207
0	0
0	0
0	207
0	0
2	0
1028	676
0	676
0	0
0	5
0	1
0	0
0	4
0	0
0	4
0	2
0	0
0	0
0	0
7	44
218	44
0	0
0	1060
0	3402
373	3368
0	2945
6	139
18	59
10	250
5	152
0	243
16	0
0	312
2	183
0	180
0	95
10	0
0	0
282	5
12	115
122	110
3	62
0	30
92	14
0	0
0	0
69	3
156	1494
0	1062
0	1236
5	1057
1	781
1	758
0	227
0	0
0	215
43	135
15	4
86	742
1	705
2	331
0	707
5	400
2	8
0	0
1	10
0	0
7	1243
1256	1240
4	865
39	650
0	161
1	415
6	620
1	551
0	128
0	67
0	485
15	105
0	175
14	28
712	1909
12	1821
3	1793
3	5
0	99
183	1780
3	1753
0	1217
0	314
1	0
0	4
0	4
0	3
16	16123
0	15372
7	15353
0	15161
19	1496
155	15004
7	245
26	260
5	46
0	0
0	2981
6	169
2	1226
54	2906
0	778
15	550
1	549
3	369
1	0
15	3323
0	574
139	160
0	875
2	730
0	114
6	641
3	68
0	359
1	181
0	41
0	0
0	0
0	53
0	0
0	0
0	0
0	0
0	1953
0	2106
0	21
4	3
2	0
0	954
0	2003
37	1891
2	77
0	7
14	609
6	3
0	2
3	178
11	177
0	7
2	0
0	7
32	799
5	795
8	35
0	142
20	92
0	0
0	0
0	0
0	0
0	0
0	1
0	0
0	0
0	0
0	0
3	27
0	0
0	0
0	0
0	0
0	0
4	0
580	867
1	160
0	690
0	107
0	163
0	0
0	69
2	396
1	546
0	702
0	854
1	776
0	598
18	218
9	67
1	0
0	0
14	119
5	8
0	8
0	0
0	0
0	0
2149	1514
0	1514
9	263
0	0
0	0
61	1268
0	326
0	322
0	958
0	125
9	561
4	46
3	85
365	200
17	1
0	66
461	26
1996	364
4	90
0	0
4	261
13	31
0	0
0	0
0	0
0	0
17	279
27	279
8	0
385	1672
1	1672
3	37
2	3
0	159
0	688
16	594
9	286
4	42
0	152
4	308
0	53
2	200
0	1838
0	1962
0	1626
1	830
33	267
0	261
0	259
36	307
0	0
55	164
3	164
0	25
0	0
0	0
690	203
0	201
7	0
0	23
1	37
0	221
48	221
0	16
0	16
1	23
0	1
12	0
0	0
0	1
2	1
0	0
0	0
0	0
0	0
0	0
190	2496
54	1610
0	2281
71	1428
0	1868
1	69
2	316
53	220
5	226
0	0
0	1892
4	1729
34	1653
64	416
0	0
123	764
368	638
47	199
1	12
0	0
609	86
0	86
2	0
34	3183
8	2715
25	2507
21	1834
23	2277
1	2390
2	2150
12	240
2	1
0	1
6	56
241	56
6	1012
0	1069
3	0
30	645
6	28
1	3
4	120
0	120
0	5
0	5
0	0
0	2
0	1
0	0
0	0
3	0
0	0
0	0
0	1
0	0
0	0
963	964
43	964
0	1
0	1
0	0
0	0
1	3009
32	1117
50	2278
114	3079
0	3150
44	0
2	127
5	59
0	0
0	0
0	0
0	0
0	0
8	0
13	132
3	132
0	0
0	0
1	0
894	958
2	958
0	919
0	883
0	882
0	0
34	732
0	0
0	0
0	93
0	0
0	0
0	0
0	0
4	675
0	0
0	0
0	0
0	0
0	0
0	0
0	0
629	774
5	123
0	378
0	545
0	0
0	19
22	5238
0	4735
0	4667
2	4856
3	2823
17	3149
305	5312
1	4624
1	2446
0	2077
0	21
0	21
0	836
38	797
18	862
15	777
50	745
0	10
1	288
0	232
2	28
1	2
0	2
0	2
0	0
5	1
0	0
12	60
3	60
4	0
0	0
1	0
1	0
0	0
5	8
4	8
2	0
66	0
2	0
2	0
77	8
0	8
2	29
0	17
3	3
0	22
1	1
4947	6
0	0
426	1247
0	309
1	29
28	450
0	0
0	51
0	6
0	0
30	568
602	304
13	297
0	0
0	0
1	7
0	0
0	0
186	1
1	1
36	135
0	96
0	61
0	33
3	71
15	81
2	67
2252	1534
1	314
0	170
0	134
30	829
67	858
0	732
1	0
0	0
0	0
0	0
0	8
0	7
8	15
1	1657
324	1790
1339	1807
3	1639
0	1647
0	1646
2	1652
0	1646
24	0
102	518
11	335
0	652
14	261
1	146
17	93
94	43
1	43
25	18
1	67
0	0
0	0
0	0
0	0
0	0
0	0
0	0
0	0
0	0
0	0
0	0
0	0
0	0
0	0
0	0
0	0
0	0
0	0
0	0
0	0
0	0
0	0
0	0
0	0
0	0
0	0
0	0
0	0
0	0
0	0
0	0
0	251
483	409
0	112
0	220
4	0
5	131
202	302
0	82
0	248
27	0
0	0
1	34
3	17
0	0
0	0
0	0
2633	56
17	0
0	47
0	0
0	0
0	0
0	0
0	0
0	0
0	0
1662	380
1	172
39	0
0	212
626	0
417	751
9	0
1	751
0	0
5	60
874	178
35	178
21	5
0	0
0	0
54	3215
21	3192
2	823
1	468
14	273
10	90
1	11
33	35
3	47
0	8
20	43
4	2379
0	131
12	1308
26	123
0	958
0	921
1	201
0	68
0	0
0	15
0	0
0	1007
0	0
0	0
0	0
0	1
0	1
4497	13365
8	11126
24	8731
16	6373
0	3850
0	0
2	10
2	10
2	0
0	0
5	0
0	0
0	1405
0	66862
83	9727
59	13517
172	66834
693	1068
21	142
5	974
0	182
1	85
0	105
0	0
0	0
0	0
0	0
0	0
0	6
2085	263
0	92
0	171
0	2018
34	2000
0	1137
0	1326
0	373
8	1
0	0
0	0
0	0
0	0
1	0
0	0
0	0
0	0
0	0
0	0
1234	443
2	57
25	207
0	411
536	400
9	4
2	0
0	33
0	46
6	80
0	282
2	15
0	13
0	0
12	201
3	201
0	201
0	159
2	159
0	0
0	0
4	0
0	0
0	0
0	0
0	0
0	0
0	0
0	4
0	0
0	0
0	0
0	0
14	2461
0	0
0	655
6	764
0	125
0	537
0	150
0	64
0	138
0	457
0	22
0	466
0	93
3	595
0	30
0	19
0	24
0	549
0	0
2	46
0	26
5	5
0	0
0	343
0	0
10	78
0	44
69	24
15	228
12	223
18	0
0	0
51	167
0	0
0	0
0	0
0	0
0	0
2	275
0	0
0	0
0	4
0	0
0	0
0	0
0	0
0	0
0	0
0	0
0	0
0	0
0	0
0	0
0	0
0	0
0	0
0	0
0	0
0	0
0	0
0	0
0	0
0	0
0	13
1	13
0	1
0	10
1	0
0	0
0	0
0	0
0	0
0	0
0	0
0	0
0	3
0	0
0	4
670	416
57	528
27	312
13	99
10	8
7	80
0	53
0	0
0	46
3	46
0	4
0	0
1	7
18	0
205	0
51	0
0	0
0	7
100	99
0	0
0	91
0	0
0	0
0	0
0	0
0	0
0	0
0	0
4	248
0	256
0	248
0	417
0	416
0	418
0	423
0	169
0	330
0	267
0	96
4	239
0	243
0	61
7	208
3	206
0	41
3	25
0	212
0	212
0	205
0	200
0	32
1	198
0	30
0	30
0	37
0	29
11	172
1	121
0	119
0	63
0	64
2	9
0	9
0	0
11	32
0	33
0	2
3	1
73	1
13	1503
2	1588
5	307
2	1798
0	971
0	183
1	101
0	0
0	0
16	0
2	0
590	0
0	0
0	0
0	0
0	0
0	0
1	1
0	0
0	0
0	0
24	480
0	0
29	162
0	160
0	111
6	17
26	33
9	0
1	30
0	0
0	0
0	887
0	1001
16	933
2	306
95	24
0	557
4	0
0	0
0	0
2	30
165	437
0	431
1	5
0	0
51	3785
10	573
18	597
24	3486
0	84
27	3400
14	8
0	3711
49	3252
0	3052
0	3634
0	2041
0	94
0	104
5	657
4	0
1	81
0	79
5	5
0	0
0	0
0	0
4	0
0	0
0	0
2	6
0	6
6	0
3	1
0	1
13	0
4	0
313	500
33	31
0	120
0	186
2	166
10	4
1	52
0	56
7	332
33	1
0	0
0	0
0	376
0	0
6	0
180	3461
0	3659
1	3522
2	3530
1	2246
0	2073
19	48
1	316
0	159
0	265
9	25
4	1140
2	190
2	116
62	109
7698	13174
28	4958
29	5045
0	0
1	7294
4	680
49	242
1	0
13	210
1	2423
0	0
0	0
10	1275
58	1382
1	176
8	107
4	0
22	0
0	0
0	0
0	0
0	0
0	0
0	0
0	187
0	20
1538	1468
0	37
2	594
0	1145
0	0
0	0
0	5
120	61
0	26
1	18
0	18
1	0
0	0
0	0
0	0
0	0
0	0
0	0
0	0
0	0
0	0
117	1036
10	668
6	366
17	364
0	276
15	272
13	295
2	125
1	15
1	61
3	85
0	62
0	0
7	32
0	0
126	1
0	0
0	0
0	0
43	0
0	1379
3	58
0	2240
0	1068
0	108
61	2522
6	263
1	2047
6	1277
10	441
2	906
16	289
3	609
1	312
5	218
0	243
1	1
7	14
0	0
0	0
0	6
3	31
0	0
0	14
0	0
0	0
0	0
0	0
400	0
0	0
0	0
1511	2756
2	2556
0	1657
0	1478
8	311
62	0
0	0
0	0
0	0
0	0
0	0
0	0
0	0
0	0
0	0
163	1110
0	1110
8	12
2	0
2	0
0	0
5	0
0	0
4	0
0	0
0	100
0	0
0	0
198	1161
3	149
0	107
2	104
1	113
71	426
5	1005
1	53
0	520
5	33
4	127
7	47
0	239
323	2119
0	1807
15	66
47	270
23	593
0	317
8	19
0	309
20	38
21	40
1202	4442
5	470
0	4028
96	131
106	0
19	23
18	1413
49	0
12	0
0	4013
0	0
0	0
0	0
0	0
0	0
0	0
4	10
39	43
0	0
0	33
0	0
0	9
0	3
0	22
0	0
0	2
26	2258
7	2201
1	1035
0	1081
2	1136
0	207
0	270
0	185
17	25
1101	366
13	365
7	27
4	25
0	3
0	64
16	92
1	92
0	19
0	6
5	0
4058	6538
0	4287
1	1496
10	1675
0	0
13	2716
0	0
0	0
0	0
0	0
5	3115
0	0
0	0
1	0
27	24
14	32
4	32
0	69
1023	342
137	234
4	88
4	54
23	69
1	0
1	1875
5	1610
76	2
30	1813
100	373
8	100
0	1970
4	206
0	238
1	342
6	172
18	0
0	1
14	0
60	0
62	709
1	672
0	0
5	551
49	0
0	36
8	169
2	201
2	191
0	135
1	31
5	43
0	47
1	8
49	4137
0	284
28	3509
64	960
95	78
0	573
16	462
0	732
0	601
0	132
15	1759
4	486
171	193
5	361
0	167
6	282
0	479
0	0
29	440
43	1012
3	253
26	972
0	105
1	154
49	233
5	264
5	28
4	97
0	110
6	20
7	1104
1098	1439
3	96
0	0
1	244
52	152
1	171
0	14
0	106
0	98
0	28
0	8
4	5
1	6
0	0
5	0
408	7149
4	2
0	0
0	0
302	7149
0	0
0	91
0	194
0	239
0	0
20	36
31	272
0	239
0	0
0	41
0	0
2	18
0	1
0	1
0	3
0	3
0	1
0	3
0	1
0	3
0	3
0	1
0	365
2	502
0	352
0	352
0	352
2	327
5	337
0	352
0	352
0	289
1	305
2	326
0	260
0	61
0	153
0	84
0	79
0	102
0	68
4	0
2	134
1	106
0	0
1	47
4	31
1	2
0	61
14	0
7	0
584	320
2	66
0	51
0	149
1	119
9	8
1	124
1	2
0	0
0	2
0	0
0	0
0	0
0	0
0	0
0	0
0	0
8	232
1	97
0	222
2	0
2	25
0	10
0	7
25	0
0	0
0	0
0	0
0	0
0	0
0	24
0	0
6	26
27	2839
1	3340
0	2326
1	3455
0	2894
0	1357
58	108
0	814
109	973
9	320
0	4017
7	34
58	0
0	9
0	4
0	4
0	0
0	9
0	0
0	0
21	671
0	671
1	0
0	0
44	89
71	95
0	75
0	59
1	37
27	17
0	0
1	24
4	0
0	0
0	0
0	0
0	13825
215	13832
0	2582
0	2582
0	2582
0	2582
0	2582
0	2578
0	2578
137	2363
3	109
17	1433
0	0
0	0
0	0
4	582
0	0
0	3
0	0
0	0
0	0
0	36
13	114
0	112
0	0
9	2
0	0
0	0
0	0
0	0
0	0
0	0
0	0
0	0
0	0
0	0
0	0
0	0
0	0
0	0
0	0
0	0
0	19
0	0
0	0
0	0
0	0
0	0
0	0
0	0
0	0
38	48
1	46
0	7
249	10269
6	10469
47	3480
1	8570
0	1
0	1
0	1
0	1
52	6
0	6
0	5
117	0
0	0
52	73
17	73
2	0
8827	4131
166	4115
7	3063
1	0
650	0
9	253
3566	2
2473	1808
122	1
0	0
85	533
0	1811
0	29
36	223
58	223
0	795
0	829
4	784
0	794
7	552
139	524
0	74
9	144
1953	146
1	6
219	611
10	611
0	0
0	0
0	0
0	0
0	0
0	0
0	0
0	8
0	8
0	0
0	0
0	0
5	0
0	0
0	0
0	0
0	0
0	8
0	0
0	8
0	8
0	2
0	2
0	1
0	2
0	2
0	2
0	0
0	0
0	0
0	0
0	0
0	9
2	15
121	303
25	162
0	286
4	133
4	2
4	0
7	0
0	0
5	60
25	0
49	0
0	1143
0	372
45	233
24	983
1	4
0	0
15	1158
18	44
0	314
0	0
0	0
1	95
106	274
25	95
2099	209
16	32
17	9
1	9
521	0
1323	843
1	841
64	22
1	0
8	1271
1	1030
1	255
1	243
10	7234
23	7234
36	861
0	7234
0	937
5	1001
19	0
22	112
13	45
0	0
0	0
3	231
4	166
2	29
2	40
2	261
593	243
0	268
84	155
0	0
425	181
0	179
0	61
0	2
0	37
22	1547
2	259
0	1336
64	414
13	153
7	23
10	109
76	403
3	403
0	0
6	9
0	0
0	397
0	397
8	394
0	0
0	10
7	177
335	177
0	107
0	349
11	21
7	58
0	351
0	368
0	132
0	101
5	0
57	100
0	96
0	75
1	74
1	38
0	2
4	0
0	0
0	5
0	0
0	0
3	2
7	0
0	2
0	0
0	0
0	0
0	0
0	0
0	0
0	0
0	0
0	0
2	216
0	0
0	0
0	0
8	117
0	0
0	0
0	0
0	0
1	0
0	0
0	0
0	0
0	0
0	0
0	0
0	0
0	0
358	1
6	2064
15	1526
11	1732
1	1956
0	6
0	0
0	4
0	0
0	0
0	90
0	45
3	48
0	1
0	4
0	0
0	0
116	0
0	0
0	0
0	0
0	408
2115	410
5	0
2	34
0	625
0	596
52	318
11	603
1	52
58	16
0	19
0	0
1	391
0	1457
7	321
0	1386
9	1318
5	0
277	197
4	197
22	303
0	798
12	796
1717	896
376	561
2	1
76	30
2	71
228	2
0	73
0	13
202	205
0	90
0	52
2	3
0	67
9	0
0	2
1	24
0	18
0	66
0	38
5238	16
0	16
0	0
0	0
1452	2159
0	1736
26	2019
5	85
1	245
0	308
26	275
0	0
0	0
0	0
1	34
0	34
0	11
0	14
0	8
0	11
0	5
0	0
0	0
11	0
23	172
22	358
4151	318
72	1064
0	1064
2	122
0	0
0	2
0	2
0	0
0	0
4	326
16	454
6	470
6	431
0	89
26	230
0	0
0	0
0	0
0	0
10	194
0	191
0	24
0	0
0	7
2	7
0	0
17	2409
6	1451
11	2202
72	65
39	831
0	0
0	0
0	14
0	14
0	0
9	14
0	0
3802	1256
23	948
6	570
17	743
1	24
4	430
13	417
3	106
2	54
0	0
0	0
0	0
163	11
6	11
47	0
138	193
6	61
3	38
0	24
3	23
0	16
36	47
0	0
1	0
0	2
0	0
0	0
0	0
12	3
0	3
74	2623
0	7063
2	7251
9	1231
2	258
158	22
2	694
0	2019
10	189
3	393
9	565
103	637
42	696
0	388
0	613
1064	460
3	190
0	198
0	120
0	120
0	0
0	0
3	0
0	0
142	1311
20	1255
13	72
2	153
1	314
0	108
11	19
3	124
30	6
7	146
1	127
0	109
176	175
0	0
0	0
0	6
2	6
0	3
1	4
2	24
0	24
0	2101
1	1904
192	1746
38	1805
124	1744
44	366
0	289
51	13
3	1802
14	1838
5	1573
2	1802
3	134
0	390
37	911
517	1160
2	269
4	641
4	68
1	231
0	46
0	0
48	44
53	0
53	282
5	275
16	5
3	52
3	5
0	0
0	24
2	0
0	1
0	1
0	928
1	949
0	932
113	2587
8	2296
55	521
31	109
71	0
0	0
32	553
68	0
29	619
0	619
8027	4
11960	1587
10	438
14	384
0	0
0	0
15	19
8	764
0	0
0	0
0	0
1	0
0	0
5600	14885
14	3093
76	5419
12	5874
2	1683
0	12650
17	32
0	32
0	28
5	1417
13	488
24	1174
49	285
26	368
0	0
3	886
0	856
0	1183
175	1396
0	237
1	125
0	122
0	101
11	34
1	49
4	0
0	0
0	2
0	0
3	2
44	227
5	453
0	285
0	71
5	169
0	2541
35	772
0	40
1	69
0	393
63	83
0	454
0	23
0	59
0	0
27	3
0	743
0	1
0	1773
5	762
134	6893
0	182
0	3417
1	4836
21	52
2	3152
1	3367
9	3304
2	5533
0	5068
3	352
26	358
0	1985
103	1397
205	0
44	39
154	0
6	0
259	2232
3	944
2	1252
1	2223
4	1024
0	928
0	2227
0	1245
14	2
34	265
4	267
0	1
0	1
0	0
0	0
65	193
0	222
2	94
0	11
28	51
0	8
0	43
13	50
1	25
0	15
0	49
0	31
0	21
0	25
730	192
0	79
5	114
4	16
0	735
2	1265
80	1361
0	1151
2	464
0	430
1	10
5	10
244	735
7	1886
13	1962
19	2215
5	1425
0	874
1	151
8	522
32	408
2	224
5	39
0	0
6	3369
181	329
0	264
0	2858
5	658
215	3021
2	615
0	266
0	132
0	206
8	0
0	105
396	162
18	162
11	138
2	0
0	141
1	28
0	0
3	0
0	0
0	0
0	0
0	0
0	3
0	3
0	3
0	3
0	3
0	0
6	20
0	20
0	8
0	1
0	2
0	8
0	0
0	0
0	0
3088	8
824	2
5	1276
0	6486
0	6480
1	1275
0	2219
2	6489
5	2220
195	6497
210	7609
135	2329
0	5894
2	2190
1	1564
339	937
3	795
1	408
784	213
2	105
184	127
0	0
0	1
0	1
0	1
0	3
0	3
0	1
0	1
0	1
0	1
0	1
0	0
2	0
8	273
1	4163
0	4265
7	101
20	447
16	478
26	128
7	243
45	9
0	86
1	61
5	80
0	1377
51	1039
1	114
174	492
67	1803
1	1651
1	1369
32	1597
0	881
2	52
5	295
15	322
4	85
6	43
0	75
0	74
0	0
7	62
2	34
0	1
0	6
19	11
4	1643
51	1499
18	106
9	5
0	1641
0	156
51	0
7	0
930	324
31	324
15	189
162	217
16	25
8	44
1	63
0	81
1916	0
135	1977
12	1687
0	1977
22	1757
4	914
3	51
0	355
0	405
0	17
667	174
8	154
0	21
2	19
0	19
3	15
1838	631
3	264
0	362
1	217
1	121
303	670
5	670
10	110
10	54
4	51
3	193
961	416
7	412
18	0
0	0
0	0
0	19
0	27
0	0
0	25
0	13
3	25
0	30
0	0
0	5
0	22
0	231
3	25
0	0
0	29
0	17
0	16
0	0
4	25
0	0
0	0
6	25
3	26
9	25
0	0
1	4
1	4
0	29
0	17
0	2
0	0
1	25
0	0
0	0
1	25
20	25
1	0
0	0
0	0
1	0
0	0
14	0
0	0
29	0
1	0
70	0
93	0
0	1
18	1
43	0
0	2
20	2
64	0
21	0
68	0
0	0
1	0
32	0
26	0
161	0
30	0
314	0
322	0
109	0
164	0
66	0
134	5
170	113
1	108
0	0
0	7
0	7
0	4
396	4
3	2
1	0
9	42
0	42
4	14
0	1265
0	0
39	1251
59	1251
2	1404
0	201
52	1319
0	20
2	1396
7	148
146	1251
31	0
0	0
119	1251
1	0
9	1327
26	76
0	1355
36	104
95	1250
2	1335
61	86
24	1335
28	87
208	1250
1	0
116	1248
105	1251
0	0
2	1
0	1
136	1251
47	1249
0	1304
22	53
10	0
20	1289
0	2588
0	1918
20	1393
0	1249
12	144
4	1301
0	122
0	226
27	239
0	231
0	119
0	362
0	362
0	362
1	0
6	2701
12	2609
0	2623
0	2533
0	1861
0	182
0	0
6	99
7	42
0	0
31	1365
1	1236
400	1883
0	841
0	269
0	465
0	16
0	18
0	22
0	22
0	32
0	32
0	7
0	13
0	22
0	10
0	3
0	6
1	0
0	2
0	7
1	96
112	129
3	5
0	13
1	13
0	1
0	17
2	17
0	7
0	11
1	315
0	316
0	97
0	16
0	0
0	24
6	141
6	106
0	0
3	29
0	0
0	0
238	713
16	1887
46	2638
0	2653
0	21
5	21
0	0
0	0
13	18
2	52
3	38
0	6
0	12
0	3
0	150
0	359
177	926
77	403
2	404
8	101
0	894
0	266
3	185
0	74
0	86
2	116
0	51
0	2578
0	2756
20	109
0	253
2	2056
0	361
1	198
3	302
0	392
0	17
0	348
0	2567
2	243
0	73
1	542
0	2655
1	138
2	188
9	283
0	0
0	177
1	549
0	608
73	614
0	81
1	41
0	90
22	1
0	0
6	0
1	3674
0	0
6	3980
13	462
32	2831
5	1057
2	1297
0	2403
101	826
0	0
0	0
405	4
0	0
0	0
2	1
3	1
0	0
0	0
0	23
0	0
0	0
0	0
8	905
1	872
1	622
0	103
0	34
0	79
0	65
2	50
0	34
0	21
0	13
7	4
0	0
1	4
2	72
149	768
0	740
5	327
0	0
0	104
0	213
0	0
4	12
0	1
1	19
0	12
0	4
0	0
0	0
3	0
18	4077
0	4077
0	3225
9	1623
88	1065
3	136
7	8
3	4
0	0
2	0
12	0
2	0
0	0
0	0
0	0
0	0
1500	109
15	22
7	87
0	0
0	0
0	0
0	0
0	0
0	0
0	0
0	0
0	0
0	0
0	0
0	0
0	0
1	0
0	0
0	0
0	0
0	0
0	0
0	0
0	0
0	0
0	0
0	0
292	237
1	225
5	0
3	33
0	0
66	412
0	412
0	51
0	14
0	27
0	69
0	0
0	1
0	0
0	1
0	0
702	3275
5	1509
14	487
0	171
13	699
1	1351
2	80
0	162
0	162
0	89
5	128
2	2
3	2
10	2085
0	1933
0	2109
3	17
0	1691
0	0
0	0
0	0
0	1
0	0
30	2155
3	705
0	2154
1	1409
0	102
0	132
0	191
4	215
36	200
126	50
0	180
0	0
5	0
0	0
0	0
0	0
0	0
4	28
0	49
2	38
0	41
0	27
0	6
0	1
0	0
0	0
0	0
0	0
0	0
0	0
0	0
0	0
5	47
4	21
0	21
0	0
0	0
2017	1062
1	1057
0	978
56	927
0	279
0	103
0	198
22	1145
0	0
5	0
9	3
0	2
0	2
0	0
1	0
0	1
6423	0
0	0
0	0
0	0
0	0
0	0
0	0
1	0
0	0
0	0
3	0
0	0
0	0
0	0
0	0
1	1
0	0
0	0
0	1
0	0
0	0
0	0
0	0
0	0
0	0
0	0
0	0
0	0
0	0
0	0
0	0
0	0
1	23
0	23
16	114
3864	118
534	717
53	833
26	0
178	118
14	4
0	4
2	2
0	0
0	0
656	1010
43	0
4	1008
6	0
0	0
0	0
1	4
0	0
0	0
0	0
1	1
3	12
0	12
0	1
0	0
0	0
0	0
0	5
0	2
0	3
0	5
0	5
0	0
0	0
0	0
0	0
0	0
0	0
0	0
0	0
0	0
0	0
386	338
37	338
0	163
3	0
1542	1111
0	910
2	79
5	519
0	393
11	46
36	127
48	20
2	146
85	50
0	30
5	12
0	17
1	0
0	0
2	0
2	0
0	0
0	0
1	0
0	0
0	0
2465	4
41	26
0	1133
3	7
5516	2254
118	2644
0	3618
817	3800
0	3288
0	456
45	3572
1	3403
2	3643
0	294
0	0
32	1370
0	1104
2	568
2	186
2	309
1376	46
31	49
20	39
5	2031
2	699
0	684
0	1066
1	115
13	1594
74	0
88	0
39	0
11	9
1	9
0	0
0	0
0	0
0	0
0	25
1	0
345	365
1	32
4	98
7	200
0	199
0	169
4	222
1	142
0	118
0	158
0	0
1	0
15	54
1	0
4	0
0	0
0	0
1	26
0	1092
0	1014
17	848
0	871
3	715
0	688
12	688
0	191
10	37
0	33
0	0
9	17
12	17
18	0
4	0
0	0
0	0
0	0
0	0
0	0
0	0
2	3311
8	3327
0	1
0	0
0	0
0	0
0	0
0	0
0	0
34	109
1	103
1	73
0	78
9	0
0	0
42	5453
41	5387
13	815
0	0
118	2
66	0
30	932
138	8
120	867
0	1
8	519
0	473
0	18
6	404
0	0
0	1
0	2
8	0
0	46
0	132
0	1
0	0
528	1391
2346	367
0	126
5	22
0	21
2	130
11	111
0	0
0	0
0	0
0	0
0	0
0	0
0	0
0	0
0	0
1	4
86	60
5	60
0	0
0	0
4	2
0	0
0	0
0	0
0	0
0	0
0	0
2	49
288	213
3	38
5	22
0	0
1	159
0	109
30	459
0	459
0	0
0	0
0	0
0	0
0	0
0	0
0	0
0	129
0	133
0	133
0	130
2	117
3	0
4	0
0	68
0	84
0	88
1	95
0	58
0	1
1571	1034
2	168
22	401
1	381
3	320
1	8
546	411
0	28
11	80
10	394
558	0
2	1
0	34
2	33
0	13
0	25
0	0
0	0
311	569
7	571
23	419
10	0
898	1171
113	1175
0	42
0	20
0	0
0	0
0	0
0	0
67	0
0	1
0	0
0	0
0	0
133	771
0	566
43	719
34	49
3	0
0	1
1	1
0	0
1	0
0	0
0	0
0	0
0	0
118	142
0	0
0	0
0	0
0	0
0	0
0	0
0	0
0	0
0	0
0	0
0	0
13	1070
18	1025
0	653
81	1063
83	378
0	1
0	0
90	764
0	622
0	770
3	702
2	29
0	153
0	0
0	134
1	45
0	800
0	432
289	800
0	0
0	0
0	0
0	0
0	0
0	0
0	0
0	0
1817	529
4	527
0	210
1	0
85	141
77	144
9	0
396	86
3	86
10	2
0	0
0	0
24	4
0	4
0	0
0	0
0	0
286	1206
21	9
0	125
1	0
0	59
1	109
72	991
4	0
8	63
1	13
0	55
0	0
0	0
0	0
0	0
0	0
0	0
0	0
0	0
0	0
2	0
8	8
1	8
0	0
0	0
0	0
0	0
0	0
3	0
1	0
0	0
21867	7
189	1
259	65
0	0
1	5
0	0
0	56
1	2
0	0
10	0
0	0
1802	498
0	498
0	0
24	53
6	28
3	25
10	4
0	14
0	14
3	14
0	2
0	5
1	3
0	5
38	56
0	149
2	145
0	0
0	0
0	0
0	0
0	0
0	0
0	0
0	0
93	0
9	0
70	0
0	0
118	0
11	0
30	0
34	0
3	1353
61	1350
0	1100
0	3
11	0
546	11
191	11
7	2463
674	2583
137	24
15	739
22	15
97	0
14	52
2	0
721	605
6	18
78	483
10	40
0	122
0	0
4	605
1	605
0	640
0	404
0	227
0	227
2	295
0	20
0	3
23	60
0	54
0	0
747	1854
12	3269
0	3056
1	11
6	371
8	303
11	2225
0	15906
0	15855
3	15903
98	0
47	5695
9	13476
0	6544
0	8496
19	13609
0	0
0	1799
0	5462
748	5002
0	4497
2	2760
0	0
0	1437
0	1435
0	1252
4	1013
6	98
0	94
160	0
12	18
0	3
0	18
0	1
0	0
0	0
0	0
0	1
0	7
57	0
0	0
3792	0
71	1818
0	1818
0	0
0	1780
0	217
1	133
17	1777
1	765
0	0
18	1942
26	1434
2	1984
1	1587
0	142
0	0
38	835
0	139
5	37
97	193
6184	5160
6	3768
0	1368
194	4
0	1
38	6820
0	5891
0	1
44	308
0	306
3	0
0	0
0	0
0	0
0	0
0	0
0	0
323	169
3	143
3	26
5427	12782
0	13124
2	7730
2	8011
618	7911
191	2291
0	11349
0	5726
1	1729
774	123
6	33
65	33
0	0
0	0
94	79
299	79
0	0
0	0
0	0
0	0
501	122
1	116
32	90
1370	1702
188	1579
10	191
98	41
0	42
0	965
10	1234
8	915
0	1
3	78
8	78
0	0
0	514
0	422
0	490
0	404
0	0
197	0
16	0
425	144
1	144
2	135
0	135
1267	1311
87	1077
24	78
2	232
1	2
0	2
0	0
0	0
0	0
0	0
0	0
0	0
0	0
0	0
0	0
0	1
0	0
0	0
56	27
21	27
0	1
3	1
1484	1483
0	1473
0	1480
0	447
109	34
849	602
2	138
0	522
5	42
0	82
2	301
0	100
0	457
0	312
0	41
3	22
13	53
0	62
2	28
6	4
3	30
21	0
5	707
1	184
0	619
0	618
0	581
0	71
8	92
7	8
4	33
1	255
0	125
13	31
0	42
1	63
14	134
2	0
0	0
0	0
0	0
0	0
0	0
0	0
0	0
0	0
65	1223
0	0
460	3383
0	2833
0	2622
0	2594
5	55
3	1
0	237
1	0
3	1668
0	500
1	840
0	1702
0	0
16	38
1	0
0	41
0	0
0	0
2	9
0	0
0	0
0	0
0	0
0	0
0	0
0	0
0	0
0	0
14	4
0	4
0	0
0	3
0	2
0	0
0	2
0	0
0	0
0	0
2	2
0	0
374	0
0	0
2	309
4	1397
0	1588
0	1239
0	1163
2	971
0	1228
5	1254
0	1101
24	1062
0	1025
2	476
0	272
18	4
3	95
97	38
4	6943
2	2432
0	6097
5	6789
1	5356
2	4941
0	3753
1	4295
8	372
0	1847
1	1473
0	1663
0	1584
2	1513
0	1573
36	0
16618	2542
1	1743
0	783
40	0
2	19
2	10
0	0
2	0
0	0
0	0
0	0
0	0
8	0
5	1866
8	27
0	1675
0	45
0	1857
0	1547
0	302
0	4
0	304
1	44
42	1809
0	1781
0	1526
0	1497
31	42
0	33
0	0
2	1751
0	1769
156	450
4	1628
6	1552
0	1725
6	55
0	1730
0	309
25	0
10	120
2	244
17	73
0	1008
0	402
1	295
0	182
0	94
0	60
0	0
0	0
0	0
0	4
0	17
0	14
0	0
0	0
0	0
0	0
1	0
0	0
0	0
0	0
0	0
8	877
209	891
0	272
1	318
85	67
0	115
13	51
0	264
110	89
0	14
0	123
16	1
1	148
0	0
0	0
0	0
26	0
2	807
0	734
0	2
0	746
0	101
1	788
0	22
2	38
5	106
0	637
0	23
0	462
9	674
0	152
0	142
0	58
0	0
0	25
0	94
1	746
0	724
0	39
0	18
2	6
17	0
3	0
0	335
7	1
100	0
2	53
0	3
1	3
0	0
0	0
0	0
23	3335
8	2167
315	2618
0	1177
209	117
0	2759
0	2572
1	2599
0	2584
0	0
0	1351
0	1354
0	0
0	1
0	0
1	56
0	56
0	25
0	0
0	0
0	0
0	0
0	0
0	0
0	0
0	0
0	0
0	0
0	0
0	0
0	0
0	0
0	0
106	3877
495	3877
0	1889
0	1162
0	547
28	83
0	750
0	737
41	84
0	0
0	15
0	43
10	43
0	15
0	11
1	0
0	0
0	4
0	1
0	0
0	0
0	0
0	0
0	0
0	0
0	0
67	911
1	839
0	366
0	0
0	25
203	258
2	234
0	24
0	0
0	0
0	0
0	0
0	0
0	0
0	0
0	0
0	0
0	0
0	0
3	0
0	0
0	0
0	0
0	0
0	0
0	0
479	561
14	27
3	123
5	121
4	0
0	182
0	0
0	497
9	30
0	0
0	0
9	0
3277	0
298	338
11	341
0	271
0	16
492	78
0	32
1	30
0	46
0	1
0	1
0	1
0	0
0	0
13	0
2057	140
11	139
1045	1854
74	1380
2	474
261	19
0	0
4	1
0	1
0	1
0	1
0	650
21	652
0	652
0	464
0	276
14	7
0	15
0	12
0	491
73	496
1	496
0	25
3	464
3	405
6	120
8	1000
8	1224
138	957
0	433
1	0
19	0
1382	943
48	941
0	0
468	1814
32	139
5	779
0	989
10	4
5	0
1	8
19	476
0	17
2	0
1	0
15	1
0	0
584	0
1	0
0	0
37	0
2976	130
0	0
8	130
69	1394
6	347
41	675
0	941
4	408
4	189
15	38
3	642
4	0
0	0
0	0
0	0
0	0
0	0
0	0
0	0
0	0
0	0
0	0
0	0
0	0
0	0
0	0
3	0
0	0
0	179
12	2254
137	5851
90	263
0	1566
0	1422
18	1555
0	2378
0	5769
0	1210
0	281
1	150
2	1179
1	199
0	1357
0	1190
7	0
0	147
3	1547
0	132
0	1547
0	164
13	164
0	185
17	1487
0	109
2	121
0	1191
0	303
0	332
3	1185
0	208
0	1114
1	1216
0	115
5	177
1	1035
5	550
87	50
0	15
0	1184
0	114
0	72
0	183
0	0
0	208
1	117
24	1366
0	401
0	328
1	232
0	345
0	2100
277	62
1	35
0	280
9	207
0	324
2	206
6	1034
121	37
92	1302
9	485
0	0
4	0
7	173
375	768
13	0
0	768
1	0
0	0
10	0
895	2317
9	2454
192	2454
0	0
7	0
3	0
0	0
0	0
3	84
0	195
0	151
0	40
0	59
0	86
2	92
1	100
30	125
2	18
2	18
0	16
0	18
2	5
0	6
0	5
0	172
0	156
0	156
0	160
8	162
0	80
0	0
1806	1782
17	459
12	837
30	100
3	893
1	75
0	0
0	0
0	0
0	0
2	0
0	0
0	0
0	0
0	0
0	0
0	0
2	0
3838	2
0	0
0	0
1716	2961
26	2959
0	425
2	418
3	864
0	264
0	0
0	0
0	0
425	0
2965	680
38	210
4	685
39	16
0	1
1	1
0	0
0	1
0	0
0	0
3	156
6	163
0	133
1	0
0	0
0	0
1	163
2	175
0	125
21	107
283	981
1	881
5	81
0	24
0	0
17	91
0	1277
0	1345
2	573
59	1252
713	606
6	170
0	0
0	0
0	1
0	1
0	0
0	0
0	0
0	0
0	596
35	0
272	9527
35	2458
0	9194
0	0
0	0
0	186
0	750
28	144
1	306
0	548
7	3051
0	0
9	0
1295	354
1	354
0	0
0	0
0	0
0	0
694	533
8	533
7	0
2	15560
2	15560
0	0
0	0
0	0
0	0
130	1914
29	886
160	1914
13	615
14	302
344	509
23	299
0	0
0	52
63	207
3	38
0	0
2	1
0	0
1	0
31	0
1270	773
1	753
1	175
0	330
6	71
459	4
1	0
2	4
0	0
0	0
123	271
0	271
0	0
7	179
0	0
0	0
0	0
3	0
995	1927
0	1145
3	756
0	416
0	1866
0	196
5	902
0	0
0	0
0	0
69	1635
7	1366
0	290
0	886
4	236
186	1051
20	189
0	857
0	858
11	1009
2	1007
0	12
0	7
0	10
0	10
0	6
0	5
4	9
0	4
0	2
0	11
0	6
114	1281
0	1156
28	886
0	1208
0	0
0	0
7	85
2	84
0	0
0	1
0	0
0	0
0	0
0	0
0	0
0	0
1	2
0	2
0	0
0	0
0	0
0	0
0	2
0	2
852	439
6	429
111	291
0	0
0	0
1	0
0	260
0	288
46	100
407	40357
22	38289
128	8660
14	9531
28	7922
0	86
0	3
0	3
153	86
0	0
1129	453
3	421
0	32
43	0
29	28
1	28
3	28
0	0
0	0
0	0
0	0
0	0
0	0
0	47
0	0
0	0
0	0
0	0
724	4
0	0
1	0
0	0
0	0
0	0
0	0
0	0
0	1
0	0
0	0
3	1
0	0
6	3
0	0
0	0
0	0
0	0
0	0
0	0
0	0
0	0
0	0
401	2
4	0
0	0
1057	0
0	0
0	0
2	0
0	0
465	126
2	126
8	1776
644	432
3	2001
78	247
0	229
0	126
0	1785
1	109
1	1831
0	66
0	86
11	1666
1	129
0	60
0	60
0	1018
0	315
64	1180
2	363
1	1171
0	257
0	1103
0	257
12	1089
0	1158
3	0
6	0
1	0
0	0
0	0
0	0
0	0
797	321
0	321
0	321
2	0
0	0
0	0
0	0
0	399
0	405
0	401
0	399
0	45
0	394
0	394
0	0
17	2592
0	2627
0	2364
0	49
0	86
11	132
64	40
0	165
79	150
39	1089
0	313
3	263
1	271
0	0
0	0
56	384
5	181
0	0
1	2
0	2
0	2
0	0
0	0
0	0
0	0
0	0
0	0
0	0
0	0
0	0
0	0
0	0
0	0
0	0
0	0
0	0
0	0
0	0
0	0
0	0
0	0
0	0
0	0
0	0
0	0
0	0
0	0
0	0
0	0
20	0
2	3705
0	0
37	0
0	0
1632	278
28	56
0	322
0	22
3	122
0	106
0	94
0	92
0	91
0	43
0	83
0	25
0	25
0	24
0	24
0	68
0	0
164	2091
5	733
0	1765
0	1716
9	71
0	0
21	353
0	8
228	2
623	1393
0	0
0	0
0	0
0	0
0	0
0	0
0	0
0	0
0	0
0	0
0	0
0	0
0	0
0	68
0	1177
0	31
0	31
20	1172
1	32
2	0
0	0
0	90
0	0
0	0
0	0
0	0
0	0
0	0
0	0
0	0
0	0
0	0
0	0
0	0
0	0
0	0
0	0
0	0
0	0
0	0
0	0
0	0
0	0
0	0
0	0
0	0
0	0
0	0
0	3
0	3
0	3
0	3
0	4
0	0
1	0
0	0
0	0
440	2482
42	2466
0	124
1	102
355	508
3	508
0	0
0	0
1	28
1	0
1828	92
33	64
32	0
105	0
4	12
0	0
0	1
0	0
0	0
0	1
0	1
0	0
0	0
0	2
13	1434
26	1434
3	1272
0	443
0	371
0	82
0	147
0	0
27	5
0	0
0	0
0	0
0	6
0	10
0	0
0	0
0	0
0	10
0	0
0	0
0	0
0	0
0	0
0	1300
76	1912
0	682
30	597
5	1405
2	1302
11	1310
0	0
0	0
10	874
0	2
0	2
0	2
65	528
0	350
3	527
0	230
0	193
13	512
0	183
1	214
0	2
0	0
0	2
0	0
0	0
0	0
2	21
0	0
2	9
0	0
1	1
0	1
0	0
0	0
0	0
0	37
0	22
0	37
0	35
0	0
0	0
0	0
0	0
0	9
0	0
0	4
3	156
0	0
0	0
0	0
0	0
0	0
0	0
1	44
0	0
0	0
18	42
757	2173
13	2108
21	2049
8	571
0	199
1	68
0	0
0	0
60	597
10	205
0	0
0	4
26	73
0	45
0	143
1	6
0	173
0	25
7	10
0	15
0	2
14	18
1	1
0	18
0	7
0	12
0	3
0	3
0	5
9	1
1	0
0	1
0	0
0	0
0	0
0	0
0	0
0	0
11	18
0	0
0	0
1	0
0	0
1944	1090
0	69
82	869
24	561
19	733
21	671
1	6
1	103
1	236
3	255
1	226
1	19
0	38
0	0
0	0
0	0
0	0
0	0
0	0
0	0
0	0
0	0
0	0
0	0
0	0
0	0
0	0
0	0
0	2
0	2
0	0
2	0
67	372
0	372
0	283
2	53
3	775
0	775
9	55
14	1107
1	311
2	645
0	0
1	0
2	1173
3099	2012
20	79
0	423
0	555
0	103
0	298
0	620
0	4
1	0
0	3
0	4
9	14
0	14
28	6724
2	6387
256	6881
0	1152
38	668
68	2766
0	900
126	2517
0	0
0	0
31	299
10	159
0	0
0	4002
35	3713
0	1674
21	1651
2	0
4	118
23	410
1	363
4	414
0	410
0	7
0	0
0	0
0	0
1	0
0	813
0	1921
0	2037
0	3051
0	2905
42	630
0	807
0	612
14	29
0	648
2	290
0	2051
0	125
0	709
4	150
1	176
66	30
1	310
0	0
18	70
0	226
27	103
0	149
1	637
0	644
59	47
55	606
159	47
58	51
15	628
0	40
0	83
1	0
2	113
1	3
29	0
1	45
0	132
70	835
2	1217
17	1217
1	982
14	1240
4	501
6	123
5	66
3	37
0	264
0	239
0	346
0	199
0	27
8	2037
35	2070
455	2045
5	1925
0	283
117	40
0	40
0	0
1	1298
0	1559
26	234
1	163
4	22
0	409
16	963
0	22
0	20
0	1
346	21
1	120
5	219
3	74
0	196
2	39
0	200
2	52
0	0
19	0
9	301
65	343
45	230
0	0
6	65
0	54
1	36
0	17
1	16
1	8
1	3831
0	3501
18	4282
0	2891
3	566
0	3428
11	1088
4	530
5	1525
4	1428
0	1135
0	1082
1	424
2	65
791	5675
0	3116
5	5427
0	2741
1	2738
4	992
3	774
16	526
0	9
409	4341
2	3116
0	1514
0	288
0	764
0	558
5	111
0	111
0	36
2	4
0	1
0	1
0	0
0	0
0	0
0	0
0	0
114	1567
26	290
47	1408
0	107
8	1318
2	1079
36	1044
6	200
7	1033
2	70
3	37
3	123
1	53
3	71
4	41
2	13
4	96
4	151
3	400
1	404
1	208
0	86
0	25
8	18
0	1306
0	273
0	937
5	1095
4	1200
0	874
3	1223
4	1208
2	1313
2	892
6	1142
0	199
1	1009
0	1
0	3
0	2
0	3
1	0
2	0
0	1233
2	6098
0	400
0	234
10	2302
1	4892
94	4553
0	1847
0	1079
37	448
0	1407
1	1375
0	1425
0	560
5	1316
12	311
26	6
2	277
0	64
4	248
4	267
0	130
0	206
0	203
0	73
0	86
0	30
0	15
0	35
1	54
0	44
0	1
5	44
11	0
1	0
0	2
0	1
3	41
1	52
0	50
0	24
1	23
0	43
0	33
0	45
1	46
0	36
155	10209
2	0
17	1288
23	3639
41	1948
0	9066
1	2685
6	1441
10	275
19	310
1	293
0	27
1	17
1	6
0	59
0	53
0	42
1	0
0	93
15	91
0	87
0	20
1	1
0	123
0	18
0	0
89	562
7	184
3	421
0	0
30	3059
39	2955
11	2326
4	985
24	2181
160	1704
28	147
0	0
142	363
1	109
1	572
0	86
4	225
0	180
1	66
0	60
1	5
0	6
1	0
0	23
0	7
0	3183
39	2509
54	3287
2	585
12	76
1	122
2	379
4	231
0	105
33	4200
0	4607
1	1186
0	210
22	280
3	433
44	523
1	39
0	1489
14	1076
3	404
26	922
3	358
103	358
41	233
2	228
31	234
0	0
0	22
0	17
0	16
0	4
243	36
4	21
0	11
0	23
11	9
848	0
1	2330
0	2328
1	2
0	102
0	70
2	2259
0	107
34	1332
77	1332
0	805
1	862
0	646
0	925
9	410
0	458
4	117
6	224
0	98
4	193
0	0
32	47
0	0
1	0
0	1
0	1
0	0
0	0
1682	129
0	48
115	88
0	40
35	256
0	499
0	558
0	561
0	496
0	401
115	441
0	579
0	524
1	452
33	168
298	2
196	1018
0	587
0	657
0	206
4	625
15	578
0	901
0	811
10	448
189	624
7	877
2	130
87	1441
136	1399
2	0
0	87
5	167
1	407
0	372
141	420
0	281
0	248
1	210
9	51
4	18
0	0
1	314
3	52
1	26
1	288
0	17
5	9
2	1
0	62
5	36
0	112
2	10
0	0
16	1
0	1
0	322
19	350
2	322
0	350
0	87
9	65
112	71
0	54
0	51
0	50
0	20
1	30
0	25
1	24
0	0
420	4116
1	3878
6	521
77	2596
68	297
9	850
0	512
6	772
2	761
2	556
25	66
0	59
0	7
0	1
0	7
0	4
1	1
253	785
1	196
27	753
6	486
7	164
0	22
2	22
1	21
0	0
0	0
0	51
0	49
0	46
0	6
1	3
0	4
1	491
3	1406
10	450
0	915
0	325
22	62
3	293
0	441
1	342
0	5
0	4
0	8
0	4
1	10
0	17
0	33
0	4
0	7
0	11
0	356
1	17
339	0
0	0
0	0
0	0
0	0
31	1
0	1
1	1115
0	1127
30	1482
3	682
0	1054
2	1120
1	4
0	4
2202	1365
2	836
7	865
0	951
0	333
24	344
20	363
1	333
0	59
3	28
4	31
0	5
2	47
4	0
3	0
83	331
0	323
1	316
1	13
1	32
0	30
2	14
0	0
0	0
15	3076
1498	5380
27	757
4	408
11	1370
4	656
33	224
1	342
2	0
0	0
0	0
0	0
0	0
2	0
0	0
0	0
7	13
0	6
0	7
0	0
268	1244
9	928
6	1240
1	940
1086	273
1	112
12	196
1216	656
5	104
3	286
7	171
0	52
7	51
52	5
0	2
0	2
2	47
1	48
0	39
17	49
0	20
0	0
7	884
0	1090
6	147
17	1850
0	915
4	1210
1	1588
0	1592
0	338
0	644
33	748
15	748
0	0
7	210
0	0
48	12
0	8
1	11
141	370
2	370
0	695
40	253
0	585
1	838
10	766
10	365
1	83
1	179
0	254
1	27
0	61
0	192
0	78
0	26
2	23
0	26
0	20
0	1
0	0
4	516
1	87
1	507
0	502
0	231
0	182
0	359
0	186
0	514
8	410
0	24
0	420
0	180
0	30
0	201
1	98
0	26
11	261
9	368
0	51
15	221
5	31
3	71
2	49
1	318
4	18
1	37
2	108
4	73
0	0
1297	12809
0	12059
27	4097
16	5188
6	41
4	63
2	46
0	49
2	31
0	11
0	1
5	0
12	0
0	0
0	0
492	14
12	12
5	0
12	507
2	60
6	504
101	521
5	254
0	241
8	253
0	119
2	177
7	343
1	968
0	1040
3	998
0	1040
0	735
14	530
0	205
0	290
2	211
7	79
1	86
367	972
0	881
1	658
0	68
0	221
1	19
0	312
2	454
0	454
0	451
0	456
1	458
0	341
0	418
0	0
1	43
6	264
1	18
0	7
0	0
54	2582
10	1009
0	1844
9	62
0	151
3	56
12	656
1	207
15	177
0	0
9	167
2	30
9	968
6	80
394	1460
3	68
2	0
0	1380
3	56
7	17
0	17
0	17
595	2169
0	1832
32	2080
15	1910
0	146
4	1486
14	112
1	0
6	508
0	568
6	507
69	903
0	340
7	232
7	270
1	69
5	80
6	373
0	866
0	61
9	191
31	762
2	20
3	7
16	477
4	304
0	27
1	56
0	1
3	2117
8	1918
9	1936
7	1727
5	193
5	192
3	227
2	326
2	27
3	84
3	234
4	105
4	29
144172	42718
96	15621
22	20853
0	0
24	6063
48	0
0	0
10906	7855
0	174
5	7659
10	1784
0	50
0	2
0	3
0	5
0	5
1196	285
4	56
0	172
4	186
1	106
0	342
1	315
3	281
1	251
0	15
0	36
1	29
2	29
46	977
0	780
4	826
2	904
14	182
23	65
2	255
15	169
0	58
3	0
0	1
6	6
7	7
315	0
95	541
0	44
30	511
6	291
3	39
21	70
4	375
4	73
0	313
0	272
0	161
0	136
37	66
0	0
0	0
216	3549
29	3548
0	577
2	174
12	0
1	92
0	0
1	0
7	798
9	150
0	756
4	688
5	668
3	728
0	156
0	650
0	0
272	960
3	851
4	112
0	0
0	1
771	9285
81	5419
157	8427
0	3239
5	349
0	9065
26	9065
3	9047
0	8438
409	2
0	896
0	1183
6	1024
0	939
1	405
2	318
0	318
30	131
0	444
1	244
3	131
0	205
3	266
1	143
2	141
135	1015
0	219
0	102
1	11
2	84
0	81
13	50
15	697
3	59
0	141
139	204
3	145
0	0
0	0
10	496
1	469
1	266
0	333
3	268
0	181
0	117
3	110
0	205
1	126
56	385
0	385
0	385
0	4
0	4
123	0
428	0
322	209
0	151
0	43
0	192
0	117
2	151
1	37
9	42
60	278
8	314
0	247
3	247
4	37
0	379
0	0
2	23
13	391
1	361
26	48
7	157
8	126
0	34
0	3
1	3
0	2
0	2
1275	122
10	48
6	15
1	57
204	1280
7	1280
2	7
5	193
0	109
6	34
0	0
0	0
8	0
1092	577
1	222
4	240
0	115
2808	39
1	39
0	0
0	1147
0	1148
2	1142
4	1202
0	1034
0	52
25	1052
0	1097
0	15
1	1053
1	718
2	57
7	61
0	184
5	476
1	21
3	537
0	28
0	478
2	42
0	94
0	268
0	372
1	40
0	29
0	68
2	211
0	0
2	13
7	11
2	43
0	0
4	154
0	39
1	132
1	13
0	213
0	14
3	3
3	3
76	2351
0	2192
1	1637
0	235
0	2230
1	1994
58	191
7	331
4	930
3	156
128	79
18	1
0	314
0	217
7	72
28	127
0	127
1	10
1	9
0	88
0	14
0	10
1	4
0	7
1	14
0	9
4	14
0	9
0	79
0	15
0	88
0	19
0	88
0	6
0	9
0	14
0	7
0	7
0	12
1	10
0	49
48	24
0	28
0	0
0	0
0	55
0	4
0	52
0	39
0	34
0	40
0	52
0	3
0	3
0	4
0	6
0	8
1	0
0	4
0	4
0	4
0	35
0	14
0	2
3	3
0	3
0	0
0	0
0	0
0	0
0	0
1	247
0	0
0	0
6	384
1084	690
0	0
1	206
1	59
0	65
4	5
0	43
0	290
56	290
0	20
0	6
50	1779
5	2206
117	3760
7	2373
0	996
1	524
78	524
1	108
5	316
1	2220
1	2748
0	2748
0	715
13	363
0	0
130	246
0	0
0	1
0	1
0	0
0	0
0	1
0	0
0	1
0	1
1	0
0	0
0	0
0	0
0	0
1	0
0	0
20	360
0	336
64	359
9	190
0	306
1	334
0	349
0	349
0	341
1	372
0	313
0	197
1	120
18	12
72	678
0	351
0	379
0	710
0	568
10	668
1	217
11	106
0	247
45	1879
30	7710
21	7435
26	316
14	332
0	2695
0	653
27	162
0	600
5	717
324	2240
0	1407
34	578
18	1224
4	1611
71	475
59	465
5	456
0	207
16	114
19	114
1	1
21	258
38	319
0	19
9	121
3	115
26	387
0	387
2	186
2	63
29	63
14	267
0	264
1	234
0	10
26	4
3999	9
51	0
6	0
56	0
152	2144
0	2144
11	139
1	269
6	172
5440	4126
0	4122
18	1341
12	1407
5	1318
13	410
82	0
0	0
0	0
0	10
20	101
0	91
2	25
735	1531
0	1585
59	1546
0	1500
0	1657
0	1601
0	415
0	1372
2	306
0	1128
2	167
0	221
96	172
0	111
0	112
4	69
4	276
2	408
0	252
1	105
0	14
0	0
0	0
1	211
207	364
0	48
0	0
23	321
11	0
4	88
0	0
128	812
76	77
0	158
0	21
0	54
12	730
0	0
262	3378
2	3536
0	3536
0	3422
0	1617
2335	3630
3	435
1	3
2	92
10	216
0	3730
120	1441
19	618
80	1189
15	309
9	1032
10	694
9	731
2	662
0	0
1	4
0	4
1	4
3	0
0	0
0	0
0	0
0	0
0	0
0	1
0	1
0	1
0	0
0	0
0	0
0	0
13	72
0	1
1	0
0	1
0	1
0	1
0	1
14	0
4	22
31	2
0	0
0	0
0	0
5	0
0	0
2	0
0	79
0	0
0	0
0	0
0	0
0	0
0	20
2	108
29	117
0	0
70	1638
8	1316
166	1588
0	216
0	59
0	453
6	169
0	125
0	119
13	667
14	863
81	795
0	0
3	674
0	180
4	107
1	302
2	535
2	141
0	0
0	137
1	122
0	126
0	0
2	413
0	0
4	393
5	200
0	2
0	376
0	0
6	177
2	191
0	0
0	127
13	639
8	862
9	360
5	167
1	295
5	173
0	49
3	228
0	2
2	2
2	1175
13	1564
1	100
0	702
0	1207
1	1394
168	231
1	50
0	1637
13	615
9	1462
8	321
6	219
0	1
2	360
0	26
0	251
9	84
22	264
0	102
129	2105
446	2234
0	19
0	326
0	676
4	438
3	217
0	295
0	266
1	193
733	4
4	329
42	236
61	321
10	95
1	275
0	289
0	270
3	230
0	218
0	258
1	60
2	0
1	139
0	13
3	30
0	64
1	0
190	703
5	640
4	90
3	63
68	0
953	847
1	585
59	802
1	156
3770	648
188	383
0	280
7	0
26	1122
9	50
0	1114
0	1082
16	855
0	811
46	1039
17	904
0	1052
0	272
1	70
7	70
65	451
38	2055
48	2079
1	1974
443	0
345	699
0	0
0	0
32	0
0	0
26	817
3	682
2	258
0	207
10	96
0	511
0	323
1	213
1040	90
4	765
105	6557
284	6557
10	386
0	547
34	243
519	366
62	107
10	356
143	0
92	837
21	837
0	42
1	101
6	0
10	13
23	7
3646	1233
2	213
0	718
12	465
6	460
6	477
524	415
17	327
4	88
1244	19159
0	5466
1	1068
29	4556
4	4840
16	12367
143977	50104
0	5691
6	5640
149	11634
20	3803
0	0
187	7
0	7
0	0
3	1175
0	0
19	189
0	0
4	4
0	0
3	0
0	0
311	241
0	0
0	0
75	0
6	1822
14	1738
0	229
18	1402
4	67
8	32
11	0
0	256
1	221
29	0
1	16
2	12
2	4
0	0
0	0
0	0
1	0
1	0
0	18257
0	0
65	18285
0	3845
238	16133
0	6954
74	7406
1	3595
48	9373
31	33
0	33
0	1
0	182
0	37
0	181
0	244
1	239
3	171
0	150
0	44
5	3
214	618
5	567
0	353
0	109
5	47
7137	1838
1	1777
0	139
0	0
4	2862
0	2709
7	427
1	346
0	299
0	0
13	14
0	103
0	159
0	8
5	1463
25	1331
0	1463
9	1342
0	8
286	1034
10	852
64	527
0	852
45	155
0	154
0	112
5	47
1	93
10	7
15	363
0	363
0	18
78	0
8	305
0	85
0	4
0	305
708	464
0	458
0	8
0	300
0	302
0	302
0	303
0	303
0	300
0	300
0	10
36	0
9	0
0	1
0	2
0	2
0	0
46	1262
3	1216
2	603
10	677
5	620
0	394
1	417
0	243
63	198
79	248
18	390
9	1363
179	1393
6	91
4	83
1	80
19	11
0	61
0	55
3	124
5	95
0	133
0	105
2	1
0	3
2	154
20	157
13	126
6	128
1	0
5	46
7	627
0	51
4	22
2	538
0	355
40	540
10	372
6	566
2	133
4	171
0	232
0	222
0	216
0	215
2	148
23	46
6149	12024
24	4567
0	5937
2	1746
57	1428
18	1686
2	1512
6	228
2	2034
17	403
37	2231
1	2
4	5
0	2
0	0
0	1
0	2
0	0
0	0
0	0
0	0
6	928
6	1026
0	1036
1	63
0	969
1	31
6	31
1	4
0	0
2	1
0	1
0	0
1	0
0	0
0	0
1	36
0	28
0	30
0	2
0	3
5	0
0	4
0	0
57	153
0	13
52	153
79	982
8	999
4	62
0	36
732	399
1	310
4	175
5	245
3	128
0	78
0	66
4	0
96	4024
0	325
9	467
6	644
95	3475
0	3079
6	813
0	194
0	7
6	7
4	0
0	287
47	555
52	270
11	21
1	21
8	7
1	1
0	1
0	0
3	0
0	0
9	1925
354	1925
5925	2969
247	2969
9	246
0	0
0	0
10	156
0	0
0	0
0	0
0	0
0	0
0	0
1	0
1206	0
10	10
1	9
0	1
0	0
0	0
2	0
0	0
0	0
29	0
0	217
0	271
6	184
0	62
32	176
0	0
74	0
0	0
0	8
22	31
0	25
1	84
0	6
0	12
7	4
11	19
0	7
0	7
0	7
167	55
4	55
0	0
0	0
26	0
2	1
0	1
1	0
0	1
0	0
2	1
0	0
0	0
2	202
0	179
67	176
2	43
0	18
170	0
0	0
4	0
165	110
0	67
0	109
0	68
0	0
35	6
0	14
2	12
0	9
0	5
0	0
0	0
0	0
0	0
0	0
0	1
0	1
0	0
0	0
0	0
0	0
0	0
0	0
3	0
159	490
35	490
0	734
2	602
0	333
1317	777
0	0
0	448
10	257
6	47
0	0
0	0
0	0
0	0
0	0
0	0
0	0
0	0
0	0
2	3
0	0
0	0
0	0
220	491
4	491
0	0
0	0
4115	2
0	0
0	0
0	0
0	0
0	0
0	0
0	0
0	0
0	0
0	0
0	0
0	0
0	0
0	0
0	0
0	0
0	0
0	0
0	0
0	0
0	0
0	0
0	0
0	0
0	0
0	0
0	0
0	0
0	0
0	0
0	0
0	0
0	0
0	0
0	0
0	0
0	0
0	0
0	0
0	0
0	0
0	0
0	0
0	0
0	0
0	0
0	0
0	0
0	0
0	0
0	0
0	0
0	0
0	0
0	0
0	0
0	0
0	0
0	0
0	0
0	0
0	0
0	0
0	0
0	0
0	0
0	0
0	0
1533	0
1515	0
0	0
0	0
3	0
0	0
0	26
0	1046
2	1186
0	0
0	1185
1	0
0	0
1	0
0	3
0	0
0	0
0	3
0	1
0	0
0	0
0	0
0	0
0	0
0	0
0	0
0	0
0	0
0	0
0	0
0	0
0	0
0	0
0	0
0	0
0	0
0	0
11	44
1	2176
4626	2134
167	926
0	95
5	95
0	0
0	0
0	0
0	0
0	0
0	0
0	0
0	0
0	0
0	0
1	128
0	104
0	0
0	0
0	0
0	0
0	0
0	0
0	0
0	0
0	0
0	0
0	0
0	0
0	0
0	0
0	0
0	0
0	0
0	0
0	0
0	0
0	0
0	0
0	0
0	0
0	0
0	0
0	0
0	2
0	2
0	0
0	0
0	0
0	0
0	0
0	0
0	0
0	0
0	0
0	0
0	0
0	0
0	0
0	0
0	0
0	0
0	0
0	0
0	0
0	0
0	0
0	0
0	0
0	0
0	0
0	0
0	0
0	0
0	0
0	0
0	0
0	0
0	0
0	0
0	0
0	0
0	0
0	0
0	0
0	0
0	0
0	0
0	0
0	0
0	0
0	0
0	0
0	0
0	0
0	0
0	0
0	0
0	0
0	0
0	0
0	0
0	0
0	0
0	0
0	0
0	0
0	0
0	0
0	0
0	0
0	0
0	0
0	0
0	0
0	0
0	0
0	0
0	0
0	0
0	0
0	0
0	0
0	0
0	0
0	0
0	0
0	0
0	0
0	0
0	0
0	0
0	0
0	0
0	0
0	0
0	0
0	0
0	0
0	0
0	0
0	0
0	0
0	0
0	0
0	0
0	0
0	0
0	0
0	0
0	0
0	0
0	0
0	0
0	0
0	0
0	0
0	0
75	2101
0	2101
39	24
0	0
0	0
0	11
0	0
0	0
121	993
0	992
9	643
0	169
0	53
0	0
1	1
0	0
9	583
1	622
23	482
4	0
0	0
2640	224
31	218
0	67
12	93
12	520
32	0
0	0
0	0
0	0
1065	1319
0	1319
2	0
0	0
32	378
0	4454
5	4030
37	108
37	1010
1	998
7	7
1	106
0	0
58	594
25	817
4	54
99	252
1	0
0	0
0	0
0	0
0	0
1	57
721	212
0	0
0	0
0	122
0	148
0	160
2	41
0	89
21	0
20	0
0	0
1	1
0	1
0	0
21	3358
0	3308
0	1431
0	1202
4	54
5804	2714
0	2301
0	1942
186	394
35	394
9	364
7	190
11	188
1	0
0	0
0	0
0	0
127	3469
0	0
0	0
0	0
0	0
23	1328
106	2361
0	2022
117	1656
0	23
8	235
0	3
0	91
5	115
2	10
5	9
0	97
865	858
7	833
2	3
39	693
5	693
1	0
1	1941
76	1289
1	1289
15	532
0	0
1	283
0	35
6	35
0	13
0	5
0	5
0	0
0	0
0	0
0	0
0	0
0	1
0	0
0	0
0	0
0	4
0	3
0	3
0	3
0	3
10	17482
0	18987
4	16477
27	2685
6	54
27	389
16	1903
13	5010
0	2
0	3
0	2
0	3
0	0
0	2
0	4
0	3
0	4
0	3
0	3
0	4
0	0
0	0
0	0
1	2
4	539
4	2
1	67
0	0
0	0
0	0
13	537
141	0
0	5
8	7
1	2
16	2
0	0
0	5
0	5
6	0
0	0
3	0
0	0
0	0
0	0
999	4582
9	350
0	4502
4	1503
376	1540
0	0
2076	5095
1	4827
0	3615
22	901
0	0
0	1
0	1
0	0
6	9
565	1008
9	790
0	212
5	303
0	92
0	0
0	7
3	59
47	1694
232	2038
8	1623
0	0
1	3860
34	837
0	3912
0	431
10	1096
1	0
3	9
2	0
0	0
0	0
5	18
0	9
0	8
0	8
0	9
0	0
0	0
0	0
7	154
0	9
0	8
0	9
0	8
0	7
0	8
0	11
0	0
1	1
0	0
0	1
1	1
0	5
0	11
0	1
0	1
0	1
0	1
0	0
0	12
0	0
1	0
0	0
0	0
0	0
1	0
3222	425
7	413
0	0
357	1237
38	1250
0	1167
2	50
23	0
0	9
0	0
0	0
30	164
0	164
0	0
1	0
0	0
0	0
28	1484
0	0
0	0
56	3
2675	1094
0	130
3	236
0	448
0	514
0	0
94	85
1	0
0	85
0	0
278	89
1	89
0	0
0	0
18	7139
1	7262
113	6968
9	7132
2	458
10	198
6	32
5	0
0	0
12	196
0	160
9	85
0	0
1	1404
334	1404
5	60
11	141
0	0
6	21
65	0
1	0
145	0
3264	2444
0	978
6	0
1	669
0	1424
0	0
10	3284
0	0
323	170
0	0
1	157
6	137
0	0
0	0
6	0
681	87
9	37
4	8
1	23
3	9
0	18
0	0
1056	1755
2	121
0	257
13	1755
9	111
0	0
0	0
0	0
0	0
0	0
0	0
0	0
0	0
0	0
0	0
3	0
0	1
0	0
0	0
0	0
0	0
0	0
0	0
0	0
0	0
2	1733
0	28
0	1886
0	1877
23	1797
0	0
0	0
0	128
1	119
0	138
0	427
36	8
1	85
0	166
3	645
0	177
2	162
1	9
0	95
0	85
0	95
0	555
0	100
0	229
0	138
0	559
0	558
0	578
0	235
1	584
0	274
1	196
0	195
0	134
0	140
1	106
0	141
0	28
0	129
1	111
0	142
0	12
0	189
0	85
0	41
0	269
0	0
0	150
27	0
0	0
0	0
0	0
0	0
0	0
0	0
1	0
19	682
0	30
14	837
0	31
0	732
448	784
3	759
1	112
1	0
20	0
0	0
0	0
0	0
0	0
0	0
280	1525
2	1412
1	287
8	82
35	62
0	382
20	877
7	11
2	367
0	142
0	0
0	0
0	886
0	859
0	241
0	182
0	229
0	142
18	81
0	0
0	2
0	0
0	5
0	0
0	0
212	425
0	48
1	348
0	42
1	275
1	1
6	369
0	86
0	58
0	86
29	0
1	0
0	0
0	1
0	0
0	0
0	69
260	895
21	19
3	500
12	30
6	469
0	0
1	682
0	4
0	4
0	4
0	0
0	4
0	3
0	0
981	0
1	0
116	1033
117	1034
201	599
30	452
1094	622
1	54
6	386
10	28
0	57
1	44
10430	142
30	142
5	0
30	0
0	0
58	562
2	562
0	0
1	294
0	5117
108	5191
0	2029
0	4548
147	0
0	1
0	1
44	1059
20	486
6	888
23	101
56	232
2	131
3	122
3	4
16	13
22	16
330	4
0	0
0	0
5	21
0	21
0	0
6	0
0	0
2	0
127	1717
36	123
112	543
1	1259
1	684
11	72
1	634
110	3971
0	8
0	3685
0	1437
4	50
0	309
4	708
20	201
0	0
0	0
94	1499
0	1000
97	1479
9	29
0	0
957	186
0	184
0	0
4	985
0	22
0	192
40	984
0	16
0	0
0	0
409	947
42	1751
659	2977
0	676
5	190
1	63
62	124
6	1109
3	140
20	10
0	10
1	0
0	2
1	0
0	0
0	0
0	0
0	0
0	3
0	0
238	254
0	146
42	212
0	29
0	29
0	0
0	0
1	3
1732	0
0	0
6	9
4	203
13	394
36	394
1	150
4	74
17	0
86	0
126	1000
0	987
2	982
1	633
1	643
0	46
46	391
2	276
19	257
0	0
8	1693
36	1531
20	1593
0	1143
0	929
0	765
56	599
0	85
0	72
26	124
0	13
78	21
8	0
112	16
0	5
4	47
42	0
0	0
0	0
62	587
2465	723
169	439
6	719
21	0
224	4272
0	7656
41	7349
355	3831
0	2647
0	3781
0	3532
0	3525
0	3781
0	3781
36	1359
2	656
6	190
6560	2557
307	1793
49	602
0	0
0	0
0	0
0	0
4	24
1	23
0	0
0	0
0	0
0	0
0	0
0	0
4	1179
11	633
0	1179
0	528
0	4
0	0
0	0
0	0
0	2
0	0
1	4
0	10
0	49
0	7
0	0
0	4
0	0
0	0
0	0
2	0
0	38
0	38
0	38
0	7
0	0
0	0
0	0
0	0
0	0
1	0
0	0
144	232
0	232
0	232
6	498
15	498
3	61
69	200
0	451
0	45
10701	9366
14	9366
0	0
1	263
1	237
3	15
0	220
0	0
1	47
0	0
57	0
0	3
0	3
9	1911
27	1961
0	258
0	190
0	126
26	78
0	0
4	34
865	34
275	99
50	10645
337	10645
219	101
263	12
0	0
585	6
337	12
3	12
0	0
0	0
0	0
0	0
0	0
176	885
5	892
0	750
0	0
10	85
40	1732
0	1754
2	134
3	58
1	0
0	1339
2	158
0	0
7	111
3	111
3	3
0	0
0	0
0	0
0	0
0	0
0	0
0	0
0	0
0	0
0	3
0	3
0	3
1	0
0	0
0	46
0	45
0	45
0	46
1	24
2	16
13	83
120	160
0	110
14	0
0	33
0	12
0	13
0	15
0	12
0	10
0	7
0	0
0	0
0	0
0	0
1	0
848	480
20	0
6	0
1	480
6	332
0	397
0	0
0	186
5	0
0	490
0	500
3	0
0	63
56	13
0	0
0	52
0	62
12	11
0	67
0	16
0	0
0	33
0	23
0	7
1	0
0	6
0	6
0	6
0	0
0	0
0	0
0	0
299	0
0	0
5987	4376
0	1070
0	258
12	568
4	679
4	576
51	1304
176	350
0	563
0	44
0	44
2901	1699
58	1711
23	40
2	145
1	142
0	122
0	122
0	92
0	70
3	48
0	28
0	0
0	0
1	7
1	2
0	1
0	0
0	0
180	1422
18	822
17	422
5	797
0	0
851	2019
3	930
0	376
0	1744
27	135
3	997
3542	265
13	3
27	265
0	3
18	0
16	4
3	49
0	47
0	0
0	0
0	0
1	1558
19	1624
1	1332
2	0
1	1
0	1
0	0
1	1
0	0
7	5881
0	451
0	5966
0	5770
0	255
0	3530
3	145
5	119
9	145
36	1186
2	2421
120	831
2	7
0	7
8	213
6	964
0	504
0	962
12	976
1	943
0	0
921	2
9	168
1	154
0	17
2	24
0	0
0	0
149	139
10	139
90	8
0	21
0	22
0	15
0	4
0	4
0	12
0	2
0	3
0	0
0	0
0	0
0	0
0	0
0	0
0	0
5267	154
77	148
0	0
10	43
261	3380
125	3389
2	2990
0	149
3	13
108	1666
22	210
0	0
913	0
135	607
7	607
0	0
1350	585
6	81
2	256
0	0
16	34
1	365
3	0
390	0
0	0
135	5
2	5
0	5
0	0
0	0
0	0
0	0
0	0
0	0
0	0
0	0
0	0
1	7
633	65
0	66
0	66
0	61
0	0
0	3
0	0
0	11
0	13
0	0
0	0
0	0
0	0
0	0
0	0
0	0
0	0
0	0
0	0
0	2
0	13
1163	4977
7	1752
1	1406
15	2634
81	1246
0	0
1	879
19	915
1	910
0	875
13	862
0	811
0	754
14	126
0	729
4	67
0	881
0	675
0	606
0	604
0	0
13	828
80	0
0	1
0	45
0	89
6	10
0	13
0	51
1	169
0	3
0	4
63	44
7	0
42	2346
1	2452
0	226
1	65
0	1393
0	92
0	47
0	253
0	146
6	0
76	75
7	75
1	43
1	16
0	0
0	0
0	785
0	0
0	92
0	0
400	810
3	88
0	412
0	0
21	35
0	34
0	197
0	2
0	2
0	2
0	0
0	0
0	0
23	193
1	193
0	0
0	0
0	0
0	0
3	246
79	2095
0	2093
0	1517
162	1662
90	259
0	1
0	1
0	0
0	0
0	0
2	1
0	1
2792	22697
1476	22695
424	312
10	312
0	0
1360	1093
0	818
22	1138
0	994
0	994
0	832
0	657
3	0
1	28
4	28
0	25
0	3
0	5
0	0
454	264
3	229
0	214
411	2
432	8
829	0
0	0
6722	3412
1	2335
6	1124
55	268
122	268
5	21
34	22
4	72
157	797
0	31
0	209
69	729
0	54
0	35
10	24
36	201
63	953
0	1098
3	160
2	1
25	915
0	779
1	907
1	945
0	879
0	434
1	9
0	798
0	165
5	0
6	534
5	36
8	489
0	0
0	12
0	16
0	0
317	63
1	63
0	2
0	2
5	5
0	11
61	20
0	14
13	0
1	53
6	53
8	459
4	959
3	937
26	37
553	76
3	76
190	1213
45	1215
0	630
0	32
338	752
49	747
21	19
0	123
36	10
19	80
1	189
23	0
0	25
3	25
0	13
0	0
0	0
1	14
0	1
0	0
0	0
628	428
0	220
0	194
0	0
0	0
0	0
5	26
45	36
71	102
1	97
0	86
0	12
0	8
0	0
0	72
0	74
0	49
3	15
1	0
0	10
2	553
2	510
11	521
4	532
0	31
10	394
0	371
0	117
0	24
3	1
0	1
34	3
0	3
0	0
0	0
0	0
2	0
0	0
0	0
0	4
4	4
0	0
0	0
0	0
397	824
1	725
5	306
3	129
0	0
0	0
0	0
22	0
442	6
0	0
2	0
6	539
0	592
64	685
249	651
1	158
0	34
0	34
608	467
12	108
14	429
2	10
8	25
1501	80
0	78
10	240
0	265
0	107
0	139
1105	318
9	34
0	102
0	70
0	110
2	2340
0	2403
972	1764
0	1962
0	1596
0	0
0	0
3	0
0	0
159	22
14	22
7	10
1	10
0	1384
0	1384
14	1376
0	139
0	15
0	0
24	18
0	15
0	0
114	3370
49	3360
18	120
13	300
0	370
2	123
41	1829
1	445
9	381
26	365
0	177
0	72
38	0
0	138
3	45
0	81
2	7
0	429
31	557
28	49
13	150
2	46
1	3
0	3
16	91
32	0
4	35
0	12
0	0
0	0
29007	15123
3	15031
0	0
2	0
2	1
18	15
8533	1035
4	851
9	161
0	0
0	0
6	2
1	2
8	20
1	20
0	3
0	38
371	2306
88	3552
15	2454
1	1051
5	1008
2	644
6	1002
0	10
1	516
8	122
2379	122
0	0
0	0
0	0
0	0
0	0
0	0
0	0
0	1
0	1
0	1
0	0
0	0
0	0
0	0
1	2808
8	2496
30	93
0	1599
17	1617
0	0
0	0
0	0
0	0
1	2161
1	144
0	565
23	244
32	2088
119	544
0	154
0	2125
1349	143
24	336
11	143
283	336
1	15
1	286
48	2267
15	2322
0	595
2	15
26	1105
0	2318
9	11
0	35
0	33
0	34
0	28
2	32
0	30
0	33
0	56
3	482
0	531
0	40
2	374
3	17
1	0
0	60
4	60
0	0
0	0
0	0
0	0
0	0
0	0
0	0
0	0
0	0
0	0
0	0
0	0
0	0
0	0
0	0
0	0
0	0
0	0
0	0
0	0
0	39
51	374
80	302
1	0
12	3
2	361
0	0
0	27
20	1
31	1
0	364
3	1608
327	0
72	299
2	197
1	4
1	130
0	177
55	234
2	0
1	75
0	78
0	15
3	38
0	42
0	22
2	6
1	58
0	1
0	1
2	1
0	1
0	1
0	1
685	198
9	198
3	0
601	5986
74	2982
162	1348
38	3048
376	1351
4	131
0	0
0	5
0	5
0	5
0	5
0	2
0	2
0	0
0	1
0	0
0	0
229	250
0	0
6	8
3	250
1	13
0	0
0	0
336	0
33	1489
23	1437
6	1551
0	1488
0	1358
83	886
10	159
9	485
0	17
16	1021
15	822
24	981
8	0
0	65
0	60
2	105
0	11
8	0
9	47
0	1934
2	225
0	1722
3	133
2	2037
0	1608
7	1131
0	1592
0	142
0	0
0	0
0	0
0	0
0	0
0	0
2	2661
7	444
2	1384
0	79
95	135
0	0
30	2364
0	101
0	0
1	124
0	42
22	251
18	246
0	176
0	131
0	61
2	57
0	45
217	7
48	1708
0	1769
0	1683
2	7
8	1665
1	1219
0	1417
0	1329
0	24
1	587
78	587
0	599
0	599
0	439
5	26
6	4
0	1
0	0
0	1
0	1
0	1
0	0
0	0
27	141
0	141
0	627
0	648
0	628
15	554
4	645
7	646
33	546
1	135
0	267
0	178
2	95
0	116
22	66
9	16
0	181
0	0
116	0
0	184
0	175
0	17
0	0
10	149
337	5631
0	5456
2	2705
0	260
8	937
6	334
6	37
187	115
0	108
17	40
9	81
11	34
0	9
0	3
1144	23
2	13
2	216
2	170
0	147
0	73
0	132
11	0
21	346
3	87
14	359
0	19
0	36
8	3082
6	2984
35	3135
1	93
0	15
2	3057
1	0
0	0
0	0
0	0
0	0
0	0
251	0
71	1172
1	1024
22	162
0	252
1	919
0	1144
4	185
40	275
11	258
0	154
1	84
44	0
218	1044
0	1077
10	962
0	935
3	992
0	942
4	976
0	580
0	55
0	68
0	64
0	75
55	44
0	13
6	17
14	0
37	555
2	510
6	119
64	209
0	0
0	0
389	0
103	877
1282	1111
2	931
3	984
1953	216
0	132
17	42
9	172
65	132
0	0
0	0
6	0
1	588
109	89
1	88
0	0
0	0
4	563
22	16
1955	1160
49	1073
7	1009
0	0
3	20
17	401
9	179
3	219
35	0
1	64
0	49
4	85
0	59
3	0
2	51
0	0
3030	7456
350	7457
35	0
1	0
50	523
93	141
0	9
30	109
2	41
0	41
0	4
0	0
0	1
0	0
0	0
0	0
0	0
1626	230
1	222
0	5
0	5
0	3
0	0
0	0
0	1
0	0
0	0
22	6600
0	968
22	5549
19	54
0	5246
14	1347
0	4
0	5
0	4
0	5
0	3
1	1
0	4
2	0
0	3
299	1
0	1
0	0
0	0
0	0
0	0
2	0
0	0
0	0
0	0
0	0
0	0
0	0
0	0
0	0
0	0
0	0
0	0
2	1
0	25
0	24
0	0
0	0
0	0
0	35
0	35
0	16
0	25
0	24
0	24
0	0
0	0
0	0
0	0
0	0
0	0
0	0
0	0
0	0
0	0
0	0
25	15
0	0
0	0
0	0
0	2260
0	2261
4	2298
5	2248
0	3048
7	3051
0	1710
3	2751
16	1176
31	3045
11	34
0	484
0	362
0	0
4	39
5	361
1	59
6	1
0	4
0	1
0	7
0	1
0	1
0	7
1	4
1	0
0	0
3	4845
18	567
2	3097
0	4868
0	3244
9	5
0	3228
28	4937
0	3329
0	5117
2	80
0	5063
0	0
3	3229
0	5056
1	612
0	0
0	0
0	0
0	0
0	0
0	0
0	0
94	1136
1	573
1	0
2	0
7	1118
19	1148
13	40
0	682
0	329
3	398
1	508
0	0
6	514
2	573
1	369
0	372
0	16
17	0
7	5
10	1
0	4
10	0
0	0
70	0
4	0
0	0
1	0
227	0
38	1253
2	0
3512	162
7	90
7	72
92	173
0	0
0	7
13	0
106	166
0	0
0	2891
0	1
1	1
6	2949
0	1641
5	2008
222	512
0	410
1	384
26	431
0	390
22	463
1	182
0	30
22	0
2	3830
53	0
48	3991
19	44
0	0
0	0
0	0
0	532
0	2554
0	555
5	232
4	232
10	0
2	0
0	0
0	0
2	833
693	1196
11	1186
0	893
8	80
8	0
0	0
0	0
0	1
0	0
0	0
0	1
0	0
5	0
1	456
0	155
5300	1198
1	1325
7	71
2	1360
0	191
0	429
0	1309
6	1852
0	1741
5	118
2	1333
12	1191
2	53
21	157
10	71
18	298
22	120
106	174
71	849
2	934
53	101
60	0
0	604
0	607
0	201
0	382
0	181
2	99
0	95
1	88
0	173
0	518
39	83
0	134
0	529
249	519
2	141
0	13
185	0
0	22
1	14
0	438
0	4
0	11
3	21
0	0
0	0
0	0
0	0
0	0
1	319
7	282
2	65
0	87
0	194
0	74
0	75
0	296
0	395
0	387
0	386
0	132
0	382
9	0
513	4840
41	0
31	33
0	1277
0	1340
1	3607
0	66
2	62
0	16
0	65
0	0
0	43
11	451
17	487
12	596
2	596
1	35
0	2
3900	95
10	93
0	0
0	0
0	0
52	0
0	0
0	0
0	0
0	0
1298	1321
0	228
0	1275
27	83
5	219
9	271
4	140
0	139
0	140
0	139
382	0
0	305
2	302
0	302
0	49
4	59
0	28
0	0
6	15
2	3857
17	4027
0	3812
1	3794
0	1738
0	1587
0	1458
0	1129
1	1051
0	1135
0	1023
22	1026
32	860
5	364
0	71
13	315
0	48
14	47
9	31
0	167
9	124
0	0
0	4
13	4
0	0
200	1135
0	1135
0	0
199	99
0	122
49	122
1	21
3	24
0	10
0	1
0	5
0	27
0	11
1	0
1	0
0	0
0	0
7313	4
0	0
4	0
0	0
1	131
1	128
0	101
0	46
0	44
0	5
2	4
0	3
0	2
0	0
0	0
0	0
0	0
0	0
0	0
0	0
0	0
0	0
0	0
0	0
0	0
1525	4000
11	2134
3	1347
7	1339
7	618
3	547
5732	0
3	6
0	6
0	0
0	10
395	76
0	18
2	12
4	62
2	40
0	33
3	19
0	0
0	0
0	1
0	1
0	1
0	1
0	1
0	1
20	1732
328	1732
13	370
5	3
0	0
0	0
0	0
0	0
0	0
33	55
1	55
4059	2
0	615
0	0
0	0
0	0
0	0
0	0
0	0
0	0
0	0
0	0
0	0
18	0
129	336
43	369
0	162
0	0
0	0
0	0
5	0
1	0
2	0
0	0
13	467
0	290
0	426
0	304
4	175
0	137
140	76
1	0
0	0
2	0
1562	2058
2	1896
25	702
15	80
18	26
0	0
0	0
894	0
5114	5702
0	1198
19	302
54	4278
0	0
0	0
0	0
249	156
3	224
1	815
63	61
0	109
8	913
0	14
0	0
3	179
0	9
5	9
0	9
3405	10
868	51
8	5
1	50
0	0
0	0
0	31
334	168
5	135
0	37
2	37
0	33
329	35
0	1
481	28
0	8
0	0
19	392
0	8
0	0
28	205
0	259
0	239
1	86
0	107
0	52
1	9
5	9
0	2
0	0
0	0
0	0
0	6
0	0
0	0
0	1032
1	1287
1	995
4	1247
1076	1063
4	1029
23	812
91	72
0	0
223	0
0	0
0	0
0	0
0	0
0	0
0	0
0	2
0	2
0	2
0	2
0	2
0	0
0	216
70	253
0	38
48	155
1	33
2	213
16	66
0	33
0	23
59	340
0	202
0	325
3	331
0	0
751	538
12	32
9	199
19	107
10	64
136	230
7	253
9	37
0	3
44	11
0	11
0	0
0	1
0	3903
0	681
0	0
0	0
0	440
0	440
6	3974
0	451
2	831
0	0
2	47
1	202
0	0
0	0
0	1
2	0
1	503
0	0
0	0
2	0
0	0
0	0
0	0
0	0
0	0
1	0
1	1
0	501
2	0
0	0
0	0
0	0
1	0
0	0
1	46
1	13
0	9
5	0
2	73
0	0
0	5
2	1
0	506
0	3
0	14
0	0
0	0
4	109
0	360
19	84
0	29
1	0
0	0
984	875
43	795
1	874
0	103
2	150
1	79
0	1
1	64
2	43
0	72
29	40
1	0
407	1351
7	1351
4	127
2	270
2361	675
12	627
7	48
3	2
0	0
1	21
0	1
0	0
0	2
0	2
0	1
26	740
0	270
3	425
13	743
1	115
1	111
23	103
2	39
0	129
3	115
27	792
164	1434
0	1417
2	574
0	0
12	174
2896	2
23	2
0	0
0	0
1984	567
0	441
2	15
5	122
0	5
317	1373
10	372
20	19
1	84
0	471
49	271
0	722
5	17
23	221
816	1073
0	1067
69	144
9	397
1	146
1	64
1	3
3	3
28	400
0	360
0	74
36	29
13	0
8	61
17	37
32	47
1	97
54	72
0	0
0	0
5	16
0	16
0	1
2	0
0	0
484	620
8	620
1	3
173	388
9	386
12	114
89	4
0	0
0	0
0	0
43	17
3	7
0	0
1	10
0	0
1	0
690	1739
7	154
1	1697
7	52
0	0
3	0
0	0
8	0
0	765
0	761
0	722
0	744
0	720
4	510
0	300
0	285
0	335
0	217
1	201
0	213
0	197
3	203
0	64
0	127
36	119
0	8
4	83
0	64
30	49
2	49
0	37
57	38
0	50
0	12
0	0
38	0
0	0
23	0
28	173516
21	8
0	0
0	0
0	0
0	0
0	0
0	0
0	0
0	0
0	140
0	0
0	0
0	0
0	0
0	0
0	0
0	0
0	0
0	0
24	4
0	0
0	0
0	2
0	0
0	2
0	0
1	3
0	3
0	0
0	0
0	0
73	296
0	296
3	85
0	25
0	25
6	0
10	8056
13	8642
129	9543
1	4157
5	3702
2	3145
3	1411
0	0
18	46
244	163
0	117
31	15
0	15
0	1
8399	14
0	0
0	3
0	3
0	2
0	3
0	12
0	0
0	12
0	0
0	0
0	0
0	0
0	0
0	0
0	0
0	0
0	0
0	0
0	0
0	0
0	0
0	0
0	0
0	0
0	0
0	0
0	0
0	0
0	0
0	0
0	0
0	0
0	0
0	0
0	0
0	0
0	0
0	0
0	0
0	0
0	0
0	0
0	0
0	0
1	0
0	0
0	0
0	0
0	0
0	0
0	0
0	0
0	0
0	0
0	0
0	0
0	0
0	0
0	0
0	0
0	0
0	0
0	0
0	0
0	0
0	0
0	0
0	0
0	0
0	0
0	0
0	0
0	0
0	0
0	0
0	0
0	0
0	0
0	0
0	0
0	0
0	0
0	0
0	0
0	0
0	0
0	0
0	0
0	0
0	0
0	0
0	0
0	0
0	0
0	0
0	0
0	0
0	0
0	0
0	0
0	0
0	0
0	0
0	0
0	0
0	0
0	0
0	0
0	0
0	0
0	0
0	0
0	0
0	0
0	0
0	0
0	0
0	0
0	0
0	0
0	0
0	0
0	0
0	0
0	0
0	0
0	0
0	0
0	0
0	0
0	0
0	0
0	0
0	0
0	0
0	9
7	77
5	44
1	49
2	0
1	0
0	48
2	0
0	0
0	46
1	0
0	0
0	0
0	0
2	0
1	0
0	0
3	1672
0	0
3	784
0	880
0	847
0	891
1	628
3	306
0	266
0	367
0	367
0	373
0	371
0	365
0	366
0	372
5	371
3	5
0	65
3	52
11	3
9	3
2	1
0	0
5	0
956	958
4	306
8	491
9	9
1	203
0	254
0	0
0	0
52	1
3	1
0	0
0	0
2	99
0	69
0	106
0	113
0	22
0	88
0	92
0	23
0	0
31	7
0	97
0	22
0	79
2	22
0	5
0	3
0	25
2	83
4	98
429	2281
12	249
27	1989
1	521
5	115
1	556
0	129
1	444
23	108
14	21
8	284
1	552
4	558
0	263
86	79
3	27
0	237
7	90
5	168
0	155
1	76
0	0
0	54
87	414
0	411
0	11
0	0
0	34
0	18
2	79
1	1
0	6
0	6
0	1283
4	1314
5	1080
0	1031
4	1431
3	988
3	305
13	512
0	478
6	366
5	727
11	0
21	0
4	128
36	0
5	0
4	172
22	0
16	382
3	190
0	83
0	109
10	21
0	1
0	0
47	374
2	35
5	255
84	632
5	518
3	248
1	483
8	0
23	0
8	0
6	0
2	0
17	1000
0	1217
0	333
31	0
33	0
29	547
15	592
0	349
8	261
0	238
0	0
10	0
91	108
4	4
4	0
11	0
764	90
11	87
1	3
182	127
2	105
2	23
41	1151
1099	9503
0	8488
9	3347
173	1538
3	2685
173	20
0	20
0	0
0	672
67	0
0	651
1	832
0	501
24	0
16	8
9	8
213	1899
0	202
104	999
0	1599
0	323
11	121
5	28
7	196
13	195
117	0
2497	6
0	0
1285	282
0	0
9	282
3	0
0	0
0	0
0	0
0	0
0	0
0	0
12	7
0	0
9	132
0	18
4	0
0	3
3	0
17	0
0	0
0	0
1	0
25	0
8	0
0	0
11	116
0	0
0	0
11	15
0	268
0	20
0	68
0	11
0	11
0	68
0	25
1	0
4	25
0	79
1	0
0	5
4	0
1	3
0	328
0	313
0	331
0	180
3	0
0	119
0	119
0	29
0	2750
0	0
0	2841
3	338
0	1400
0	81
99	0
0	268
125	0
2	173
0	0
0	0
0	0
0	0
0	0
18	0
0	0
0	0
18	9
204	193
0	165
0	176
0	99
0	0
0	0
0	0
0	0
146	1332
5	1304
0	33
1	14
3	6
0	6
16	6
1	5
0	37
1	31
0	29
12	25
0	0
0	0
58	52
0	0
0	0
0	0
53	4
0	4
0	3
0	0
0	0
18	27
0	27
0	2
0	1
0	0
0	1707
0	0
0	112
14	1696
7	160
0	1249
11	147
15	62
1	17
4	48
0	1272
0	0
0	0
13	36
0	1
2	13
99	715
2	103
469	871
0	445
0	659
0	414
0	235
0	0
43	64
13	94
0	85
2	0
0	0
0	0
0	0
0	1054
0	1063
0	96
1	293
6	220
1	102
5	40
0	152
0	241
6	140
7	21
27	49
137	1443
0	120
1	176
0	1364
0	230
0	81
0	47
0	0
2	0
2	0
0	0
12	0
0	0
0	0
368	52
0	3
1	49
0	10
0	10
0	1
0	16
0	16
0	2
0	2
0	2
0	3
261	54
1	16
0	39
1	0
0	0
0	0
0	0
0	0
0	0
0	0
0	0
0	0
0	0
0	0
98	0
0	0
0	1
0	0
0	0
28	522
0	0
0	0
0	61
0	0
3	96
0	0
0	81
0	2362
0	0
2	52
0	0
0	0
0	193
0	1765
9	1708
1	1393
12	199
0	2397
6	69
4	30
0	0
12	80
0	0
0	182
11	851
89	1035
0	1052
84	1532
1	2291
0	13
8	485
0	3691
14	3610
102	3687
0	3356
6	183
2	1989
11	231
28	7
0	41
0	186
7	395
11	160
6	77
0	136
16	184
11	0
0	3
0	15
0	22
26	0
0	0
0	0
0	0
9	6
0	5
0	6
0	0
232	178
1	159
0	47
1	17
0	143
0	151
0	0
12	7
0	7
0	0
0	0
0	1
30	209
18	48
2	53
0	145
0	1
0	58
0	1
9	3187
64	7391
0	43
162	16
2	16
0	0
0	0
0	0
0	0
0	0
0	0
1	44
30	56
32	56
8	19
5	0
8	130
148	527
34	318
0	6
3	40
0	0
1	0
73	203
1	114
0	5593
0	5608
0	5671
0	4990
0	4656
0	5039
7	4843
0	5173
0	5215
0	4055
0	3535
16	579
0	619
1	481
6	696
15	0
0	2536
0	2678
0	1327
1	64
0	2480
0	269
0	2595
0	2672
5	2596
4	78
4	2662
0	1106
1	1606
2	11
0	348
0	162
22	35
0	862
839	247
5	247
5031	2467
112	1984
9	548
3	465
28	56
16	471
13	0
0	1
0	1
5	1
3	0
0	0
719	618
4	5
2	576
0	412
240	0
1	20
2	94
0	0
0	0
0	1
3	54
0	54
1	41
0	0
0	0
2	0
4	14
15	0
6	2
0	2
0	0
0	0
0	0
0	0
0	0
0	0
0	0
0	0
0	0
0	0
3	0
293	2544
96	21
2	267
1	745
18	2300
27	4
29	38
216	1737
10	1733
4	116
0	63
4	77
0	160
0	1570
0	40
3	10
68	12
0	10
0	0
0	1
0	2
1	0
0	0
5	0
1	0
0	0
1	0
0	0
0	0
0	0
0	0
3	4
0	0
0	291
0	300
0	181
0	17
0	176
0	175
0	13
2	17
0	0
0	0
0	0
20	2527
0	2360
1	728
0	2173
1	2228
0	2381
0	2318
14	169
0	269
7	0
0	1268
0	285
33	1351
0	158
0	247
9	278
5	555
13	441
45	0
94	0
9	1183
19	1308
5	1092
1	353
3	484
2	441
13	263
25	322
3	191
0	8
0	41
53	107
0	0
521	356
0	356
3	205
0	183
0	28
0	35
0	5
13	185
0	25
637	25
3	25
2	369
2	331
0	22
0	42
1	5
7	178
0	11
0	234
0	0
3	6
0	18
0	0
0	0
1	179
0	2
0	39
1	2
3	5
1	28
0	1297
0	214
0	1258
0	1316
33	229
0	47
0	1256
2	1255
1	46
0	1198
0	234
0	911
0	1149
0	0
25	57
0	923
91	9
0	0
2	27
5	91
21	60
1	1455
21	1499
2	1184
62	679
1	1121
4	64
7	485
40	1056
116	1056
0	0
0	1
2	1
0	1
531	0
3	0
1329	200
1	188
2	18
123	2127
14	2127
8	687
6	163
0	28
0	319
0	325
3	401
0	0
0	0
0	0
0	0
0	0
0	0
0	0
0	0
15706	3873
62	1393
0	0
0	0
0	0
0	0
0	0
0	0
0	0
0	0
0	0
10	2
0	2
0	1
3	14
0	14
0	476
87	818
2	590
0	404
23	302
0	59
0	65
5	29
0	47
9	25
7	10
2	11
157	2
1945	240
0	197
0	41
10	88
15	676
3	759
59	593
8	128
657	599
28	345
0	198
3	109
1	3
0	3
703	0
0	25
0	29
0	29
0	25
0	28
0	24
0	28
0	24
104	0
0	1
0	0
0	1
0	4
1	3
0	1
0	504
2929	1280
18	845
0	120
2	557
0	0
2	197
4	435
49	382
2	113
10	630
0	233
0	269
0	224
2	74
0	162
0	40
405	279
1	94
54	179
7	179
1	55
0	92
71	243
0	246
0	202
1	65
5	36
0	89
2	106
90	262
8	236
0	42
0	82
0	348
3	1119
14	93
1	82
1	933
5	268
8	39
0	288
14	850
0	824
6	611
4	631
0	296
2	2
0	6
0	6
0	5
0	0
802	162
3	60
0	0
0	24
0	64
0	56
0	35
1	14
0	17
0	139
0	5
0	8
0	7
0	2
0	3
0	1
4	98
1	212
0	182
4	64
2	150
0	192
7	107
0	74
0	110
0	54
0	15
0	5
0	10
0	10
0	5
0	8
0	0
0	0
4	16
0	16
0	2
0	3
0	7
0	5
0	0
430	790
1	333
1	347
6	198
1	70
4	162
1	168
6	232
19	242
84	874
39	789
14	838
0	0
1	0
519	3835
8	2098
7	1400
0	995
1	1782
0	29
0	29
0	22
1	1
0	0
0	139
61	219
3	150
1	12
0	13
0	7
0	1
796	1319
100	732
1	1231
2	38
8	210
8	129
0	90
1	419
0	184
0	0
0	0
1	0
1	0
0	139
6	178
12	196
8	74
0	0
0	7
0	23
130	28
0	28
0	0
0	0
0	0
0	0
0	0
0	0
0	0
0	0
0	0
0	0
0	0
0	0
0	0
0	0
1	2
0	2
124	0
0	0
0	0
0	0
0	0
0	0
0	0
0	0
0	0
0	0
0	0
0	0
0	7
0	0
0	3
0	4
0	7
0	1
0	6
2	7
0	7
0	4
0	4
0	0
0	2
0	4
0	1
25	1413
0	1391
45	1123
0	973
0	19
0	22
0	605
0	96
0	26
0	38
0	23
1	39
0	0
14	358
53	1016
0	349
0	164
0	372
6	91
0	78
3	86
26	97
5	1943
3	1969
0	0
6	16
1	256
1	77
0	82
1	41
0	4
1800	207
0	207
1	0
0	0
0	0
0	0
0	0
0	0
1	0
489	574
125	570
0	15
0	15
0	5
1	339
5	314
4	332
0	269
2	13
2	25
1	15
2	181
0	5
2	32
0	0
3	71
9	31
11	685
149	685
2	47
5	4
4	47
1	0
2	462
7	56
0	460
3	438
0	0
11	1
1	61
0	64
7	24
6	22
0	7
8	152
2	49
13	24
2	21
4	0
0	1799
12	1812
1	1855
0	1858
63	1564
27	125
1	188
1	0
0	442
0	515
1	270
1	160
9	198
3	0
0	12
1531	1129
24	1129
2	60
7	127
0	299
30	64
34	466
1	37
0	435
7	351
2	342
0	36
0	49
0	3649
21	6914
0	6998
5	606
1	358
0	359
46	320
6	4
3	3
2	3
0	3
0	0
3296	251
3	8
0	0
0	0
0	19
0	19
0	19
0	79
0	64
0	0
0	20
221	61
0	0
0	15
0	308
0	308
0	288
0	340
0	340
9	287
0	292
0	292
0	109
0	24
0	103
0	57
0	192
44	91
1	10
3	95
0	57
0	0
0	0
1	163
0	112
46	28
5	59
28	57
9	2538
0	2919
8	1073
0	310
8	46
239	125
1	18
9	2
7	7
0	7
5	0
2	1
1	1
0	1
0	0
0	1
0	282
29	282
9	195
1	49
0	74
627	597
0	370
0	222
5	3
1975	496
0	484
4	221
1001	22905
67	12912
2	18337
5	17673
0	0
58	5966
0	0
0	0
1	2420
1	1572
5	297
2	733
10	895
52	935
6	705
0	700
11	305
7	107
1	18
0	47
4	370
3	406
3	207
29	193
2	188
7	70
6815	1822
3	1593
0	348
0	0
1	0
0	1222
0	1222
12	160
3	42
3	535
15	0
0	370
19	6
1	69
2	8
0	8
0	0
5	142
42	170
0	479
176	462
0	33
0	21
0	126
1	12
0	24
1	28
3	27
4	33
0	4
0	2
0	0
0	0
0	0
0	0
13	19
6	19
1	0
0	5
0	11
0	0
0	0
86	0
0	0
0	122
86	173
0	27
0	46
0	0
1	24
0	4
0	8
0	42
0	38
0	7
0	533
90	544
6	40
1	37
7	0
0	3
0	15
0	0
0	0
34	4
0	4
3	1626
0	1640
0	1605
0	627
0	446
0	432
0	0
33	291
0	66
1	51
3	21
2	207
1017	711
0	495
8	25
29	0
4	17
0	17
0	201
915	1642
0	1642
0	937
0	937
14	456
1	648
0	110
11	0
5593	799
2	460
93	707
0	0
0	0
0	0
0	0
0	0
0	0
0	0
4	0
0	105
0	259
0	315
0	113
0	323
0	0
2	5
0	22
0	14
0	282
2	282
0	4
1	5
0	1
29	801
15	751
17	759
1	181
0	33
0	98
0	79
0	14
110	14
5	203
1	2673
2	1727
8	2540
0	2217
15	2440
11	50
0	386
12	20
5	70
5	252
1	0
0	0
0	0
0	0
2	560
28	563
11	64
3	12
11	80
1	8
0	4
0	0
0	0
0	4
0	4
0	1
0	2
0	179
0	1202
1	801
0	1189
5	1193
15	190
36	109
1	1186
1	43
2	13
2	20
0	3
0	3
0	3
0	1
1	2
0	2
0	0
0	0
0	0
0	0
9	2009
42	1996
6	67
0	70
0	97
363	146
3	51
2	36
0	0
0	0
0	0
0	0
0	0
0	2
0	3
0	1
2	6029
0	3
0	1
51	1042
17	1042
5	15
4	1
0	0
0	0
0	88
5071	761
3	185
0	186
8	375
6	60
0	58
3	56
7	54
0	55
3	1
0	3
0	2
0	2
2	63
0	14
143	49
2	25
0	25
34	302
4	156
1	0
0	60
0	60
0	19
0	128
0	19
0	92
0	0
0	0
4	0
0	0
0	65
0	2246
2	2234
19	2342
0	1354
4	1591
0	1686
4	124
4	91
0	0
10	0
0	0
0	98
0	0
0	0
34	462
8	507
0	72
0	97
4	84
2	23
10	1
0	48
0	38
2	284
0	115
39	309
2	87
0	3
1	167
1429	94
1	94
1	68
2	180
62	671
12	202
8	2
12	538
0	0
0	0
25	0
1	1
155	43
0	4
0	22
1	18
0	82
1	0
2	788
1	738
1	1174
5	1489
1	1116
0	69
0	182
4	1426
0	904
3	141
0	230
1	1443
0	736
0	3
0	762
0	1128
0	736
1	0
0	135
0	243
2	102
49	117
21	24
0	0
768	318
12	130
8	159
3	54
7	32
0	35
1	2
0	22762
0	23107
120	4754
44	12
0	1719
0	23628
0	24065
0	23534
0	21948
0	118
2	348
0	0
59	1371
27	0
18	60
3	618
14	237
20	791
245	26
0	7
3	16
2	3
0	2668
0	1433
20	11291
2	5223
891	10926
24	1374
0	4301
1	56
0	336
0	13
1	311
2	171
0	330
6	19
0	40
10	398
2	455
27	381
5	166
1	588
0	620
3	14
3	18
2	244
1	221
27	57
0	6
0	33
52	68
1717	430
12	57
0	51
5	36
3	85
2	199
2	123
0	347
394	0
0	702
3	662
0	563
11	580
26	695
0	689
1	133
0	177
4	525
5	487
18	443
0	474
4	494
0	310
0	349
7	42
13	3
0	3
0	2113
61	2172
5	1545
2	89
0	89
0	86
0	38
0	39
1	76
0	8
0	36
0	69
1	68
0	34
1	31
0	17
0	45
510	0
0	212
1162	1084
1	38
0	67
1	88
3	1007
7	0
5	74
0	1262
0	1390
0	1249
0	1138
1	1184
29	836
0	374
0	366
17	129
1	142
3	281
3	146
10	364
72	225
0	1074
0	54
13	398
46	118
1	141
1	1051
0	1
0	62
0	105
5	37
0	0
1	29
0	41
5	1182
5	1086
0	1037
14	308
3	48
0	849
3	77
0	250
7	287
1	110
2	466
4	1253
0	676
14	1280
0	144
0	844
2	54
5	224
11	242
0	30
5	29
0	1
0	0
0	42
0	0
79	3394
3	2209
0	215
0	2441
134	3082
0	1
21	379
1	861
5	889
12	589
0	762
0	684
5	366
529	0
0	0
3	0
0	0
0	0
0	0
0	0
0	2
8	2
0	0
0	26
29	40
0	22
0	39
0	26
0	31
0	37
1	27
0	21
0	9
0	13
1	17
0	8
1	0
16	654
1	579
1	204
0	13
34	9
4	181
0	52
2	151
3	184
32	557
17	590
3	115
6	107
7	59
0	40
1	47
2	8
1	25
508	112
0	112
1	30
2	52
3	0
3	1692
210	1626
5	230
26	352
1	1511
0	144
0	281
56	777
30	708
5	138
1	215
7	194
729	234
24	176
15	58
2	434
24	0
3	43
0	20
0	10
0	18
0	20
0	431
0	17
0	12
2	1
2	0
404	1072
0	952
0	1060
0	1060
13	833
0	533
0	405
0	512
3	485
0	485
0	492
0	241
40	289
1	113
0	134
1	25
1	2
37	2
1555	1341
3	193
39	6
7	905
0	273
4	186
0	0
2	45
0	0
2	0
26	4
0	0
7	218
478	33
0	33
1	2360
0	2360
0	49
0	462
0	379
0	90
1282	608
0	123
0	294
0	71
0	0
6	1676
8	76
43	74
1	84
9	1713
0	84
7	264
5	324
0	0
0	321
0	98
3	745
0	0
1	0
0	0
212	632
36	591
0	235
3	99
1	57
0	0
8	99
20	414
7	414
35	3209
3	1417
0	2
0	104
8	157
68	2795
1	103
4	193
26	57
0	0
25	0
0	0
1	62
22	62
0	0
320	124
0	8
0	79
0	2
0	115
0	31
0	7
0	0
1	18
0	18
0	69
710	883
2	163
0	104
21	0
4	36
0	10
12	19
0	0
11	24
52	548
0	138
0	11
0	0
1	0
0	0
0	160
0	84
26	11
0	2
0	2
12	33
0	8
1	33
45	4817
756	4863
0	0
0	2679
0	571
0	389
5	307
6	28
0	260
1	210
0	61
0	0
0	0
12	0
36	666
5	25
26	140
10	652
4	108
0	141
1	121
8	63
7	84
0	92
4	5
207	748
0	508
22	124
4	100
5	172
4	168
2	1380
8	1054
5	941
0	2501
1	2501
9	1516
130	198
0	73
0	3016
0	2930
0	3016
0	2929
1	49
0	360
0	2869
1	186
0	320
0	2690
3	6
4	100
3	196
0	183
11	193
0	165
0	183
0	183
0	162
0	48
0	152
0	15
0	3
0	153
0	1
0	2
0	32
1	3
0	0
0	0
0	26
0	674
0	12
4	93
0	112
0	673
9	630
4	674
0	37
0	62
24	19
7	622
0	671
14	35
0	164
0	165
0	94
0	159
6	57
0	84
23	245
0	72
0	174
28	237
78	237
4	1084
80	1408
0	404
1	149
7	855
4	422
381	284
2	83
2	284
0	48
1	896
0	920
3	974
0	754
12	737
0	37
1	162
2	19
0	172
1	119
0	47
55	14
245	0
0	0
6	0
62	2070
0	39
45	2102
0	48
0	61
27	358
48	439
31	135
14	255
0	0
4	0
0	0
0	0
0	0
157	869
57	150
70	475
0	863
0	0
1	55
1128	6157
179	4622
3	17761
4	17764
0	17789
28	16138
1	1741
0	17760
101	3752
1	17761
2	62
1	24
0	1412
1	266
3	266
1	16
1	15
0	259
0	49
0	533
0	594
3	585
1	0
0	0
0	29
0	100
0	0
1	0
6	432
0	390
1	89
0	8
1	39
0	63
3	8
0	115
0	0
10	18
0	0
55	1401
51	1526
0	1468
9	807
0	178
6	191
0	205
5	266
7	72
0	0
0	0
8	137
0	0
8	137
0	0
0	0
2	0
0	14
1	0
1	2
17	1473
4	156
9	703
0	1089
47	1396
1	42
3	522
3	217
0	6
0	6
0	5
0	5
7	2
0	0
0	0
124	173
0	68
6	134
7	0
0	0
6	1481
0	1187
3	1405
27	5
0	113
0	0
1	0
4	0
3676	1865
0	82
12	214
0	514
1	725
2	841
2	560
1	563
3	50
6	0
1	48
0	40
0	35
0	39
1	27
2	33
0	8
1	4
1104	18345
105	3881
4	5496
16	1439
1	6042
33	14550
32	1013
0	0
6	243
23	268
0	119
0	81
0	138
0	4
0	39
0	14
1	105
1	105
0	110
6	0
5	3
12	46
0	12
12	1
0	7
0	3
0	8
2	4
3	7
6	439
2	416
0	420
0	231
3	9
0	0
1	0
786	650
21	650
32	498
0	208
29	97
0	0
0	0
0	358
0	358
1	39
0	0
0	1447
4	1453
7	525
0	132
10	35
0	0
0	0
0	0
0	0
0	0
0	0
1	0
4	0
0	13
0	0
375	82
45	4
0	77
0	0
0	0
0	0
0	0
0	65
2	10
0	0
0	0
1	0
2	0
0	0
0	0
80	500
1	525
0	140
0	152
0	125
0	88
0	40
0	32
6	10
0	0
155	2
1	498
21	1247
12	78
6	111
11	1406
1	1295
39	2341
0	0
3	2325
0	0
0	335
1	50
15	2216
0	386
2	157
47	4585
0	3246
0	4036
0	3979
15	1444
0	256
0	181
140	2
0	1557
6	1566
8	206
0	303
18	61
14	837
1	217
88	26120
261	25527
3	1542
9	3576
10	2946
20	1027
86	450
0	295
1	431
0	188
11	20
12	147
0	175
27	846
0	1198
0	1154
10	1123
0	915
0	1199
19	792
1	54
141	554
0	540
5	368
146	361
0	283
2	48
0	0
0	0
448	1544
18	1524
3	290
1	0
1	0
16	2287
0	236
0	909
0	914
38	1925
22	168
0	142
2	3
3	29
0	10
1	0
0	0
2	109
0	116
1	117
24	48
1	5
28	9
2	21
37	18
0	1
0	0
4	4
0	2
0	0
3	0
0	0
0	2
1	4
0	4
0	2
0	4
0	3
0	1
1	0
23	294
0	1928
0	2076
0	1870
0	560
0	988
0	1729
6	107
0	479
0	27
2	144
5	146
53	196
2	4864
136	4491
0	711
0	1138
3	101
19	28
0	497
24	255
199	42
0	164
5	76
369	79
6	74
0	0
478	15578
14	10107
14	4309
0	4303
0	2054
19	0
349	15802
2	1588
5106	2056
0	2052
15	10
0	0
0	0
0	0
0	590
1	599
4	589
15	604
0	144
0	139
0	54
0	11
10	1
5	0
0	0
0	0
0	0
17	2
1	2
7	4394
0	5194
7	3290
6	5182
0	5210
0	4934
32	110
0	5009
2	239
81	5084
0	3406
0	5084
21	2941
0	29
0	31
0	27
0	20
0	0
0	0
2	0
0	0
0	5
0	13
0	6
0	6
1718	2
1	0
0	0
0	42
0	40
0	43
0	43
0	45
0	8
0	12
0	0
0	2
2	2
624	274
0	230
6	182
2	154
76	32
424	96
9	6
0	34
0	0
0	56
0	0
0	0
0	0
1	0
0	0
0	0
38	1324
9	123
0	1294
15	13
12	144
1	0
0	0
0	0
3	0
0	0
0	0
0	0
0	0
0	0
1	6
0	0
0	0
0	0
0	0
0	0
0	0
0	0
0	0
0	0
0	0
0	0
0	0
0	0
0	0
0	0
0	0
0	0
0	0
0	0
0	0
0	0
0	0
0	0
0	0
24	668
0	0
0	0
0	0
0	0
0	0
0	0
0	0
0	0
0	0
0	0
0	0
0	0
0	0
0	0
0	0
0	0
0	0
0	0
0	0
0	0
0	0
0	0
0	0
0	0
0	0
0	0
0	0
1	0
0	0
0	0
0	0
0	0
0	0
0	0
0	0
0	0
0	0
0	0
0	0
0	0
0	2
0	2
0	0
0	6
0	0
0	0
0	0
0	0
0	0
0	0
0	0
0	0
392	1847
12	1813
0	388
0	458
61	3977
0	4074
0	2523
1	2426
13	49
65	86
42	67
43	0
0	0
0	111
100	82
5	1673
17	1706
372	308
1	274
147	33
0	803
0	2954
15	517
30	0
2	218
94	1411
3	2904
2	2757
15	0
28	13
6	320
0	0
1	887
97	0
2171	3819
0	17
0	12
0	3825
43	1064
3	930
17	735
3	60
0	0
0	0
0	0
27	3
0	3
0	0
106	199
1	21
0	155
0	71
0	13
26	0
0	57
0	0
0	32
44	0
0	3
11	1
40	0
0	0
112	3
0	0
0	0
0	0
0	0
0	0
2	0
0	0
0	0
0	0
0	0
0	0
0	0
0	0
0	0
263	1718
0	1616
6	911
1	17
2	138
1	0
0	18
1830	1719
37	1719
0	573
0	0
0	0
0	0
0	0
0	0
0	0
0	0
0	0
1	0
16	427
0	408
0	427
2	18
2	43
0	49
0	44
0	30
9	29
24	17
5	0
0	0
1	0
0	0
0	0
0	0
67	0
0	0
9	0
416	0
0	0
0	0
0	0
19	0
0	0
0	0
977	7903
7	4578
4	748
2	593
211	1341
3	111
11	743
175	1247
15	1721
0	1594
1	1399
11	12
4	29
1	1112
2	58
11	102
8	845
0	0
6	109
11	379
627	169
0	145
0	146
3	26
0	125
14	108
3	98
2	23
0	29
0	8
0	0
29	8
0	8
26	0
723	1542
2	1125
0	1330
0	211
8	309
3	0
0	0
0	0
0	0
0	0
0	0
0	0
0	0
0	0
3	172
0	0
0	0
0	0
0	0
392	12743
0	3
0	11
0	3
0	3
0	0
0	0
0	0
0	8
0	0
0	0
0	0
0	2
19	364
0	0
0	0
1	0
0	0
0	0
0	0
0	0
1	308
1	2
2	14
0	14
2	10
2	0
0	0
1	56
0	74
30	24
0	80
0	0
1	6
0	0
0	334
0	294
0	70
2	6
0	76
0	37
18	116
1	74
1	23
0	37
19	23
0	0
0	23
9	18
359	1514
1	360
0	1456
3	1525
0	1105
4	1163
0	1070
0	724
0	170
0	1
0	141
1	163
0	95
0	157
0	149
0	109
0	205
2	195
0	70
2	88
0	12
0	0
90	6
0	109
0	171
0	109
0	11
0	10
126	36
0	51
3	16
0	3
0	0
2	16
0	0
0	6
0	6
0	0
0	0
1	0
0	0
0	0
0	0
0	0
0	0
0	0
0	0
0	0
0	0
0	0
0	0
0	0
1	0
0	0
0	0
0	0
0	0
0	0
0	0
0	0
0	0
1394	345
1	343
636	937
0	368
9	727
12	227
0	181
25	482
5	311
0	140
42	246
21	0
19	132
9	50
2	15
219	469
4	47
3	475
77	25
16	23
10	30
7	93
0	0
0	0
10	386
0	19
0	255
9	42
0	8
6	13
0	6
254	773
0	0
0	0
1778	258
20	258
928	249
0	0
0	88
0	111
0	13
0	22
0	51
243	0
0	0
0	0
2	0
0	0
0	24
0	1
0	24
0	24
0	0
24	1221
175	1401
3	767
46	774
0	582
3	172
0	498
3	495
1	0
0	1
0	1
0	0
0	0
0	0
1	14
0	0
0	0
1	0
1343	900
77	892
0	294
0	0
0	0
0	0
0	0
0	0
0	0
0	0
0	0
0	0
0	0
0	0
0	0
4	400
13	333
1	333
0	333
1	94
0	82
0	44
0	0
7	804
31	826
33	806
15	124
8	106
0	6
29	0
1654	2588
7	5
55	758
14	165
1	1692
38	1391
31	1055
0	116
0	47
0	115
0	126
0	127
0	8
1	11
0	0
1	0
0	2
0	17
0	0
0	10
0	1
0	0
1	0
0	0
0	0
0	0
0	0
4205	129
2	123
7	7
5	7
0	34
0	34
0	34
0	34
0	0
0	0
2	20
0	0
841	959
19	788
7	564
1	362
2	42
3	8
0	709
7	1209
22	1215
20	1215
0	659
822	5324
0	5193
0	5060
0	802
1	4082
0	2623
0	1240
4	844
8	1036
158	313
8	310
9	171
500	171
0	0
0	0
0	0
11	909
0	0
29	0
0	0
0	0
0	0
0	0
0	21
0	21
0	20
0	0
0	9
0	0
0	0
0	0
0	0
0	0
4	17
0	10
0	14
0	0
0	0
0	0
0	0
0	0
13	234
0	238
4	203
0	166
8	31
1	0
0	0
0	0
0	0
0	12
0	12
0	1310
0	4203
1	4159
0	4335
0	395
0	0
0	0
0	0
0	0
2	5
0	0
0	0
2	0
213	1431
0	1436
0	1436
7	0
0	18
270	160
1	107
0	127
0	70
7	83
0	64
0	3
0	0
0	0
0	0
198	175
0	166
0	62
0	36
0	0
0	8
0	4
0	292
0	625
4	620
0	626
9	468
0	0
0	59
11	1
57	1
0	0
0	0
0	0
0	0
0	0
0	0
0	0
0	0
0	0
0	0
1	28
0	28
1	3
0	0
0	0
0	0
0	0
6	0
0	3657
0	3571
35	2896
0	1789
0	3662
3	149
2	1600
0	19
0	83
8	19
3	3179
1	429
0	2026
4	271
0	0
0	0
0	0
1	0
13	27
0	27
0	87
51	2682
24	2709
61	26
1	4
0	2640
0	35
9	1021
0	30
0	18
26	20
4	1185
190	356
0	349
4	27
0	1
7	167
13	13
0	115
0	76
3	129
7	141
13	144
4	25
56	2336
0	2298
26	167
97	154
8	89
17	148
125	30
21	153
0	67
11	0
28	52
0	0
17	50
6	0
2	0
0	0
12	0
1	18
0	18
85	3116
109	2744
2	2034
0	2032
11	576
4	258
216	22
404	25
0	9
4	158
48	158
1	11
467	1238
37	1237
0	0
0	0
0	0
235	285
0	23
2	5
11	256
1	7
2	67
0	0
0	0
0	0
0	0
1	0
1371	2140
0	2062
32	1787
12	1797
3	908
6	591
6	43
0	0
7	0
1257	1634
0	1627
1	973
5	209
0	264
0	29
1	33
0	0
0	0
0	0
0	0
0	0
0	0
0	0
2	1073
0	1022
1	122
4	816
1	1118
22	1020
137	755
29	35
2	896
0	82
0	120
0	0
1339	2011
12	218
4	761
0	255
8	784
2	79
0	0
1	783
1	813
0	0
0	0
0	0
0	0
0	0
0	0
0	6
0	4
0	6
0	6
0	0
0	1
0	0
931	351
1	6
1	30
0	0
0	127
1	205
3	0
1	0
0	0
240	166
12	166
2	123
6	58
0	27
0	6
0	48
0	51
0	52
9	30
5	19
0	4
357	2806
0	2585
16	1244
0	93
58	475
253	27
0	0
0	27
30	3
0	3
0	3
0	0
0	0
0	0
0	0
0	0
15	29
0	29
0	3
0	0
0	0
0	141
0	0
1	23
0	44
0	53
0	45
48	126
8	14
2	64
3	21
0	0
0	650
0	649
3	638
0	651
0	647
0	68
0	94
0	31
0	30
0	27
38	12
0	11
0	1
6	0
0	0
0	0
6	32
0	53
0	31
0	36
5	19
0	14
5	9
0	17
0	0
0	0
5	168
0	174
0	2
7	18
3	29
0	35
0	66
0	0
0	0
0	7
0	55
0	0
3	2
0	47
0	55
0	0
0	15
0	1
0	0
0	0
13	6
0	6
0	0
0	0
0	0
0	0
1	0
0	0
0	0
0	0
2780	1410
1	902
10	301
2	386
0	0
0	0
93	751
3	751
0	0
32	196
3	210
0	1
0	5
0	5
0	5
0	4
0	3
0	0
0	0
0	0
0	0
0	0
0	0
0	59
0	54
0	47
0	45
0	36
0	0
0	5
1	3
0	0
1011	0
0	1
0	0
0	0
0	0
0	0
0	0
0	0
0	0
0	0
0	0
0	0
0	0
0	0
0	0
0	0
0	0
0	0
0	0
3	0
0	0
0	0
0	1
1	2
0	0
0	0
8	0
1	0
0	19
17	19
38	1562
1	988
0	111
0	110
0	110
1	108
3	930
2	154
0	0
0	0
8	73
0	0
0	0
0	0
0	0
0	0
0	0
0	0
0	0
0	0
0	0
0	0
0	0
0	0
1	0
6788	1894
72	347
9	1579
4	627
0	1688
232	0
99	0
0	220
21	60
69	0
193	0
39	0
327	0
1979	484
0	484
17	589
0	523
15	591
0	520
0	124
0	165
28	152
0	142
1	0
0	0
0	0
0	0
0	0
0	14
0	14
0	14
0	1
0	0
0	0
3121	2
26	12
0	12
0	2
0	0
0	126
0	189
0	157
0	7
0	23
0	11
0	39
0	38
8	2
92	478
2	440
6	375
21	258
7	7
7	1916
3	199
2	25
36	1888
3	360
0	267
1	139
6	86
9	11
2	54
0	0
1	244
34	1
1	8
9	1
17	138
6	925
8	861
2	54
3	90
31	819
0	3
7	75
725	205
0	128
60	4625
55	4389
0	3714
0	1227
20	925
36	1975
32	275
4	229
4	16
4	0
43	253
1	0
200	4099
31	4093
5	771
1	388
0	270
5	953
0	49
2	161
9	65
13	348
1	0
0	4
0	4
1	1
8	352
638	0
5	7
0	7
14	0
3	33
0	30
0	3
7	15
0	3
0	0
0	0
0	0
0	19
0	0
0	0
0	0
0	0
0	19
0	0
1	2
0	2
16	3582
5	3745
1	1499
22	1689
3	24
13	2032
13	2577
187	2596
6	57
2	48
3	255
0	176
60	102
0	0
0	0
0	190
1	203
0	207
0	221
0	77
0	12
1	19
6	16
10	30
5	56
0	12
1	264
413	542
4	135
4	447
12	206
1	405
0	387
0	21
0	15
118	0
0	3394
0	3462
0	3215
0	3698
0	483
10	3711
0	3214
0	2682
0	2955
75	376
84	1816
5	569
294	1063
0	1014
0	373
0	48
2	103
0	0
3	56
0	7
9	1024
129	1024
0	23
0	38
9	207
0	0
5	276
12	96
58	382
3	78
0	0
0	166
8	7
0	0
0	0
0	0
1	5
0	1
0	1
0	1
0	5
0	0
0	0
2	0
0	0
6	0
0	0
3	1379
0	0
1	0
0	0
0	0
41	2307
0	17324
316	17209
1	13167
125	8038
25	720
6087	3609
21	1
474	2133
1	143
13	391
0	1772
23	227
0	401
3	66
2	62
0	0
3	95
0	0
0	3
0	70
0	0
7	92
2	0
0	0
0	21
2	0
0	73
2	5
2	0
0	6
0	0
397	811
2590	813
12	797
3	652
1	227
26	57
8	0
3	0
1613	1231
0	334
11	147
23	136
3	657
0	0
0	0
0	0
0	4
0	0
10	7
1	7
0	0
0	0
110	5925
2	5871
35	5838
16	363
7	671
0	0
0	0
0	0
0	5
5	45
2	7
1	40
96	2736
0	2336
1	1678
0	0
0	0
17	1177
0	0
19	572
0	0
0	0
1	0
266	177
2	115
105	206
68	70
2	8
0	37
0	65
0	114
20	155
0	130
0	123
1	18
1	100
0	100
0	0
0	12
1	0
1	25
0	0
1	0
135	745
1	741
0	149
1	58
2	4
0	4
2	0
0	0
0	0
3	10
7	10
5	0
3	0
0	165
0	165
7	124
0	100
0	60
1	60
0	90
0	32
1	69
0	30
0	14
1	30
0	0
0	0
0	29
0	0
0	0
10	1376
0	1851
0	1775
0	1899
2	1868
1	1771
0	1782
0	1806
0	1041
1	612
27	587
0	0
0	205
6	338
0	196
1	274
4	18
4	125
2	111
5	55
248	6243
81	6834
130	2739
55	1087
37	1063
0	0
0	0
0	0
0	0
0	0
3	996
0	1017
13	595
2	738
0	520
0	328
0	246
11	22
0	4
0	7
59	149
3	93
2	7
0	0
6	469
0	0
0	0
45	6
0	6
579	0
19	0
51	5
6	2
0	5
45	0
1	1
0	1
0	0
15	0
0	0
1	0
0	7
8	29
1	28
1	0
0	0
0	10
0	15
0	0
1	27
0	0
2	19
0	21
0	0
0	7
0	7
0	0
0	6
0	1
0	1
0	1
0	1
0	1
0	1
0	1
0	0
0	0
0	0
739	1088
20	499
11	0
10	587
0	0
0	0
0	0
0	0
0	0
0	0
0	0
0	0
0	0
0	0
0	0
0	0
161	10667
0	123
0	0
0	0
0	0
0	0
0	0
0	0
0	0
0	0
0	0
0	0
0	0
46	0
0	0
11	4390
3015	4962
12	792
1	4944
0	2573
0	2660
13	449
4109	23
0	0
100	19
20	0
0	0
33	0
1	3
0	0
4431	2850
38	1888
0	2510
20	18
0	46
1	590
12	25
335	47
10	95
267	73
11	26
99	81
3	55
0	0
0	0
1667	0
8	3
0	513
6	506
0	419
4	2
0	0
2	49
11	281
2	2
1037	92
4	92
0	0
0	0
0	0
68	85
0	17
10	73
4	72
1668	27
5	21
0	318
0	339
0	339
0	338
0	0
0	23
0	11
0	1
0	1
0	1
0	1
0	1
0	0
0	0
0	0
0	0
0	0
0	0
0	0
0	4
0	0
1	15
0	0
0	0
0	0
0	0
92	1492
22	1490
0	49
0	30
0	117
26	117
0	57
21	532
0	0
0	442
2	94
3	65
953	1546
1	1558
12	136
30	662
16	0
3	2
0	0
0	0
0	50
0	46
0	45
0	36
3	6
0	6
0	0
0	0
2	6
7	2
0	1
0	0
1	0
0	0
0	0
0	859
0	1262
0	1263
0	847
4	1216
0	1239
8	21
7	514
14	228
0	127
0	117
1	27
0	43
0	0
0	0
0	0
0	0
0	0
0	0
0	0
0	0
0	0
0	0
0	21
4	270
512	1062
4	395
15	187
3	964
2	163
0	0
1	0
0	0
0	0
14	39
715	329
11	106
2	289
19	252
0	0
8	4
0	0
0	5
0	4
0	4
0	4
0	2
0	0
0	0
0	0
0	0
0	0
0	0
40	0
3	4622
0	4382
0	4494
31	144
4	4275
0	0
0	0
0	0
0	0
0	0
15	424
0	419
0	408
1	287
0	239
0	240
0	224
0	211
100	26
1	0
0	0
0	0
3	1650
5850	2921
37	134
4	529
14	608
0	0
109	43
0	41
0	0
331	13045
3	13045
4	1158
5	1341
11	401
29	0
0	0
1	0
77	270
7	201
0	15
12	4
20	552
60	207
0	3
0	3
35	637
0	235
0	97
3	57
0	0
12	1909
0	0
0	0
0	0
0	0
0	0
0	0
5	1
0	0
0	1
0	0
0	6
0	0
0	0
0	0
0	0
0	0
0	0
28	427
0	0
0	0
0	0
0	0
0	0
116	3390
6	672
2	228
0	499
14	70
4	614
1	2361
0	0
13	277
237	7024
12	159
24	129
3	183
0	59
0	6975
0	0
0	0
0	247
0	254
124	1
0	1
0	0
0	0
0	0
0	45
0	3
0	45
0	3
0	45
0	3
0	45
0	3
0	45
0	3
0	45
0	3
0	45
0	0
0	0
0	0
0	0
208	808
0	750
8	56
1	183
0	224
0	40
0	221
1	273
0	281
0	295
4	290
0	282
0	35
1	0
0	0
0	0
0	0
0	12908
0	12844
0	12711
0	13420
0	12739
0	12468
0	12309
0	13251
0	13013
0	9714
0	12445
0	12304
0	13246
0	12872
0	12327
0	12712
0	12725
0	12885
0	12835
1	12573
0	12131
0	11702
0	12254
27	12036
0	12561
0	11323
0	1183
0	1361
0	1413
0	24
3	18
0	0
0	0
178	617
29	597
1	372
12	484
3	253
2	210
3	1691
0	1989
0	1963
0	429
0	454
0	194
659	330
0	330
5520	213
1	0
0	0
1	207
0	77
1	569
8	569
1	348
0	46
0	55
0	52
0	2
8	44
0	0
9	0
753	1171
8	1164
28	437
166	217
0	7
1	211
0	57
0	0
172	213
0	213
0	150
5	16
0	150
11	86
0	143
1	143
0	1
0	1
0	0
0	0
6	27
0	56
8	106
312	142
0	5
9	140
5	0
0	0
1	0
2	3
0	3
0	3
1	1
0	1
119	4582
0	4583
18	407
0	3297
0	976
3	632
6	180
2	752
1	41
3	150
0	3298
0	140
2	5264
3	4969
0	897
0	4448
27	521
0	0
200	6
0	6
0	0
0	0
0	0
0	15
0	15
29	16
40	16
0	0
0	0
0	0
0	0
0	0
0	0
0	0
0	0
0	0
0	0
0	0
0	0
0	0
0	0
0	0
0	0
0	0
0	0
0	0
0	0
0	0
0	0
0	0
0	0
0	0
0	0
0	0
0	0
0	0
0	0
0	0
0	0
0	0
0	0
0	0
0	0
0	0
0	0
0	0
0	0
0	0
0	0
0	0
0	0
0	0
0	0
0	0
0	0
0	0
0	0
0	0
0	0
0	0
0	0
0	0
0	0
0	0
0	0
0	0
0	0
0	0
0	0
0	0
0	0
0	0
0	0
0	0
0	0
0	0
0	0
0	0
0	0
0	0
0	0
0	0
0	0
0	0
0	0
0	0
0	0
0	0
0	0
0	0
0	0
0	0
0	0
0	0
0	0
0	0
0	0
0	0
0	0
1	0
0	16
0	29
0	30
4	29
5	0
0	0
0	0
0	0
0	0
0	0
0	0
0	0
0	0
0	0
0	0
0	0
0	0
0	0
0	0
0	0
0	0
0	0
0	0
0	0
0	0
0	0
0	0
0	0
0	0
0	0
0	0
0	0
0	0
0	0
0	0
0	0
0	0
0	0
0	0
0	0
0	0
0	0
0	0
0	0
0	0
0	0
0	0
0	0
0	0
0	0
0	0
0	0
0	0
0	0
0	0
0	0
0	0
0	0
0	0
0	0
0	0
0	0
0	0
0	0
0	0
0	0
0	0
0	0
0	0
0	0
0	0
0	0
0	0
0	0
0	0
0	0
0	0
0	0
0	0
0	0
0	0
0	0
0	0
0	0
0	0
0	0
0	0
0	0
0	0
0	0
0	0
0	0
0	0
0	0
0	0
0	0
0	0
0	0
0	0
0	0
0	0
0	0
0	0
0	0
0	0
0	0
0	0
0	0
0	0
0	0
0	0
0	0
0	0
0	0
0	0
0	0
0	0
0	0
0	0
0	0
0	0
0	0
0	0
0	0
0	0
0	0
0	0
0	0
0	0
0	0
0	0
0	0
0	0
0	0
0	0
0	0
0	0
0	0
0	0
0	0
0	0
0	0
0	0
0	0
0	0
0	0
0	0
0	0
0	0
0	0
0	0
0	0
0	0
0	0
0	0
0	0
0	0
0	0
0	0
0	0
0	0
0	0
0	0
0	0
0	0
0	0
0	0
0	0
0	0
0	0
0	0
0	0
0	0
0	0
0	0
0	0
0	0
0	0
0	0
0	0
0	0
0	0
0	0
0	0
0	0
0	0
0	0
0	0
0	0
2	74
0	0
0	0
0	0
0	0
0	0
0	0
0	0
0	0
0	0
0	0
0	0
0	0
0	0
0	0
0	0
0	0
0	0
0	0
0	0
3	47
0	0
0	0
0	184
0	0
0	0
0	0
0	0
0	0
0	0
0	0
0	0
0	0
0	0
0	0
0	0
0	0
0	0
0	0
0	0
0	0
0	0
0	0
0	0
0	0
0	0
0	0
0	0
0	0
0	0
0	0
0	0
0	0
0	0
0	0
0	0
0	0
0	0
0	0
0	0
0	0
0	0
0	0
0	0
0	0
0	0
0	0
0	0
0	0
0	0
0	0
0	0
0	0
0	0
0	0
0	0
0	0
0	0
0	0
0	0
0	0
0	0
0	0
0	0
0	0
0	0
0	0
0	0
0	0
0	0
0	0
0	0
0	0
0	0
0	0
0	0
0	0
0	0
0	0
0	0
0	0
0	0
0	0
0	0
0	0
0	0
0	0
0	0
0	0
0	0
0	0
0	0
0	0
0	0
0	0
1	0
0	0
0	0
0	0
0	0
0	0
0	0
0	0
0	0
0	0
0	0
0	0
0	0
0	0
0	0
0	0
0	0
0	0
0	0
0	0
0	0
0	0
0	0
0	0
0	0
0	0
0	0
0	0
0	0
0	0
0	0
0	0
0	0
0	0
0	0
0	0
0	0
0	0
0	0
0	0
0	0
0	0
0	0
0	0
0	0
0	0
0	0
0	0
0	0
0	0
0	0
0	0
0	0
0	0
0	0
0	0
0	1
0	1
0	0
0	0
0	0
0	0
0	0
0	0
0	0
0	0
0	0
0	0
0	0
0	0
0	0
0	0
0	0
0	0
0	0
0	0
0	0
0	0
0	0
0	0
0	0
0	0
0	0
0	0
0	0
0	0
0	0
0	0
0	0
0	0
0	0
0	0
0	0
0	0
0	0
0	0
0	0
0	0
0	0
0	0
0	0
0	0
0	0
0	0
0	0
0	0
0	0
0	0
0	0
0	0
0	0
0	0
0	0
0	0
0	0
0	0
0	0
0	0
0	0
0	0
0	0
0	0
0	0
0	0
0	0
0	0
0	0
0	0
0	0
0	0
0	0
0	0
0	0
0	0
0	0
1	0
0	0
0	0
0	0
0	0
0	0
0	0
0	0
0	0
0	0
0	0
0	0
0	0
0	0
0	0
0	0
0	0
0	0
0	0
0	0
0	0
0	0
0	0
0	0
0	0
0	0
0	0
0	0
0	0
0	0
0	0
0	0
0	0
0	0
0	0
0	0
0	0
0	0
0	0
0	0
0	0
0	0
0	0
0	0
0	0
0	0
0	0
0	0
0	0
0	0
0	0
0	0
0	0
0	0
0	0
0	0
0	0
0	0
0	0
0	0
0	0
0	0
0	0
0	0
0	0
0	0
0	0
0	0
0	0
0	0
0	0
0	0
0	0
0	0
0	0
0	0
0	0
0	0
0	0
0	0
0	0
0	0
0	0
0	0
0	0
0	0
0	0
0	0
0	0
0	0
0	0
0	0
0	0
0	0
0	0
0	0
0	0
0	0
0	0
0	0
0	0
0	0
0	0
0	0
0	0
0	0
0	0
0	0
0	0
0	0
0	0
0	0
0	0
0	0
0	0
0	0
0	0
0	0
0	0
0	0
0	0
0	0
0	0
0	0
0	0
0	0
0	0
0	0
0	0
0	0
0	0
0	0
0	0
0	0
0	0
0	0
0	0
0	0
0	0
0	0
0	0
0	0
0	0
0	20
0	0
0	0
0	50
0	0
0	0
0	0
0	0
0	0
0	0
0	0
0	0
0	0
0	0
0	0
0	165
0	0
0	0
0	3
0	5833
0	10186
183	10208
6	0
0	0
1195	422
24	71
10	88
3	106
0	47
1	12
0	192
0	1444
0	1444
17	689
0	5
5	142
8	112
41	142
20	95
65	115
1	63
16	37
0	7
0	5
0	4
0	7
0	5
0	4
0	7
0	1
0	229
88	4232
0	2732
15	32
0	3814
142	404
9	3636
22	2436
81	6
2	270
8	894
2	564
25	0
0	0
8	472
287	2100
21	750
4	621
3	1205
57	58
2	543
44	549
1	6
0	47
47	856
5	12
102	916
0	512
9	81
0	0
0	15
12	5224
0	5204
0	5996
5	5984
0	22
0	211
0	6035
6	3
3	6037
0	5996
39	4962
0	5181
3	217
0	0
0	5
0	8
1	8
0	3
6	0
0	0
9	5418
2	4529
4	1428
0	4008
0	3135
5	2072
0	997
0	629
1	996
49	244
14	347
6	442
3	190
6	43
3	5
0	59
7	23
0	8
0	33
0	28
25	0
3	30
7	0
116	41
1	19
0	2
0	2
0	2
0	1423
0	1427
0	1389
0	1379
0	1380
2	1405
0	1345
0	1348
0	1434
0	1453
0	1400
0	1419
1	1343
0	1387
0	1361
0	1338
0	1283
0	1390
3	0
4	195
3	56
2	83
6	52
27	733
1	751
0	114
6	153
0	12
4	281
2	359
8	362
0	246
8	355
0	268
1	34
1	30
1	0
0	0
0	262
0	1635
0	1635
0	1634
0	100
22	1125
0	1
22	218
8	188
1	275
0	194
5	199
0	150
7	0
0	33
0	638
1	60
26	659
1	661
2	82
1	664
3	100
0	1
0	162
10	85
3	42
3	86
130	2063
3	2063
0	68
5	391
0	76
2	136
10	197
14	115
2	264
0	227
3	30
3	48
1	0
0	4
0	0
1	10
1	1
0	531
1598	545
31	253
1	193
1	0
99	6572
1	441
1	1422
0	6568
1	6390
0	6183
25	743
0	973
0	0
8	188
6	9
0	9
2	0
0	0
3	387
7	404
4	45
1	25
0	35
1	10
95	4983
7	4875
12	4895
18	224
24	316
38	518
21	4872
8	1605
12	746
24	598
2	598
3	58
2	75
0	75
0	33
6	19
5	100
34	180
244	180
6	121
0	0
1	1713
0	1663
0	714
0	761
0	1604
0	1703
0	1602
0	184
0	13
0	0
18	0
0	85
8	84
4	85
1	44
1	3112
0	3283
80	3283
0	3288
62	3278
0	2969
0	371
2	177
0	279
0	171
4	83
2	343
4	477
0	166
0	0
0	0
0	0
1368	0
0	0
0	0
0	568
0	543
0	570
0	542
8	452
2	536
0	8
3	79
0	332
4	0
1	31
0	76
0	19
1	356
2	20
0	0
0	537
0	36
0	158
5	0
5	0
0	31
0	27
14	17
0	320
0	336
8	206
0	322
0	306
0	314
0	312
2	291
4	9
2	36
0	54
0	40
0	93
0	66
0	35
0	21
0	23
6	465
28	549
5	178
5	1
23	6
0	4
0	3
0	0
5	351
2	332
0	0
1	19
200	187
0	0
1	187
28	22
1	0
117	4132
166	4136
0	543
1	0
0	0
0	0
0	0
0	0
168	2
2	0
0	0
0	0
730	0
1	53
1	53
0	28
60	13
9	17
0	19
1	1
0	2
0	1
0	1
0	0
1	222
22	4483
0	713
2	1343
147	4375
18	4
0	4077
0	1277
97	55
0	48
5	7
0	2
0	9
0	0
0	0
22	2931
6	3260
0	3069
3	406
0	1668
0	804
0	592
0	599
0	0
0	332
19	356
1	30
0	0
0	0
0	0
0	0
0	4
0	4
0	956
456	1372
4	133
0	1237
6	103
4	0
12	997
2	102
0	0
13	370
2	338
0	167
0	24
47	97
0	97
5	97
0	22
24	45
1	33
0	14
0	4
0	31
0	31
5	28
10	0
0	0
0	0
0	0
0	0
0	0
0	0
0	0
0	0
0	0
5	665
1	668
0	31
0	0
0	0
0	125
0	125
4	268
0	123
5	307
4	102
16	13
7	77
0	13
24	13
14	13
0	2396
621	3454
0	3420
0	1059
14	129
0	1
5	0
0	1
0	0
0	0
0	0
0	0
0	2
0	3
0	1
0	0
0	816
1	1360
1	1476
51	1085
62	99
1	71
23	5
133	0
3566	2558
0	1715
18	1571
5	340
0	0
0	0
0	0
0	0
0	0
0	0
0	0
0	0
0	0
0	0
0	0
0	26
0	20
0	0
0	0
0	0
0	0
0	0
0	0
7	26
0	0
0	0
4	2
0	0
0	0
4	1
0	0
0	0
0	0
0	0
0	0
0	0
0	1
0	1
4	136
0	35
0	108
0	108
0	108
0	9
0	95
0	32
0	0
0	67
6	24
0	5
0	4
0	0
0	0
0	0
34	47
1039	101
3	96
0	60
0	59
0	39
0	6
0	3
0	2
0	0
0	0
0	1
0	0
0	0
2	30
567	135
0	135
1	30
9	1158
69	1166
0	0
0	0
0	0
49	8
0	103
0	0
2104	99
0	65
5	0
0	45
56	0
287	217
9	4
18	162
1	51
7	9
0	0
0	0
0	0
0	6
0	0
0	0
0	6
0	7
0	0
0	0
0	0
0	0
0	2
0	0
22	5455
3	5245
15	3843
58	3273
0	1263
18	1367
12	1581
1	1176
123	598
0	0
536	350
0	215
27	267
37	259
1	231
0	30
0	26
0	0
0	2
1	1
1	1
0	0
0	0
2654	16091
0	15085
103	4612
1	2066
0	2045
8	928
3	750
54	1049
0	0
0	0
0	0
0	0
0	3
0	3
0	0
0	3
0	2
0	0
0	0
0	2
1453	445
0	445
0	0
683	263
0	15
11	255
56	933
2	899
15	922
0	892
1	84
0	697
3	61
4	22
2	91
1	332
0	139
15	107
0	43
1	3
304	15640
41	15453
237	2142
0	277
16	1360
24	1228
15	164
0	2257
5	801
8	257
0	2065
9	162
20	549
0	95
22	337
0	0
0	0
1	0
0	0
0	0
0	0
0	0
0	0
0	0
0	0
0	50
0	180
0	0
2	55
1	176
0	19
0	181
0	128
0	11
0	0
0	0
85	1792
1	1453
0	1635
50	1168
0	1556
0	0
0	9
0	9
0	0
2	1
0	1
0	0
0	2
0	0
0	498
54	495
0	132
0	0
0	0
0	0
0	0
0	0
0	0
0	0
0	0
0	0
0	0
0	0
0	0
0	4
3026	3254
0	0
20	3251
4	3093
5	391
0	0
0	3
0	4
0	4
1	2
1	3
0	2
0	0
0	0
0	0
731	171
125	91
12	27
0	58
0	1
0	25
6	17
45	87
1	82
6	27
1	24
0	6
5	7
0	0
30	1
0	1
0	1977
0	1977
0	1944
0	0
331	39
11	39
0	0
0	0
1	0
0	0
0	2
45	1441
1669	2073
3	640
0	1955
14	2
0	0
0	1
0	1
0	0
0	0
1	0
1	0
0	0
0	0
1	0
0	27
0	15
0	16
0	20
4	4
0	26
0	27
1	8
0	0
0	0
99	460
5	460
0	0
3	0
0	0
0	0
0	2869
1	0
0	4
0	6
0	2
0	0
0	3
0	0
0	2
0	2
0	5
0	3
0	5
0	5
0	3
0	5
0	0
0	0
0	0
0	0
0	1
0	2
0	0
0	0
0	1
0	0
0	3
0	2
293	157
0	0
0	148
8	69
1	9
683	5
3	59
81	178
4	134
0	45
0	49
0	0
0	0
0	0
0	0
0	1
0	0
0	1
0	0
0	0
0	0
0	0
0	0
0	0
0	0
0	0
8	8
0	2
0	8
0	3
0	6
1	1
0	0
0	0
0	0
0	1
458	331
0	305
11	126
32	108
0	0
0	44
0	0
0	0
0	0
7	0
0	0
2	0
0	0
0	0
0	0
0	0
0	0
0	0
0	0
0	2093
37	520
0	0
0	143
0	130
0	53
0	0
1	9
2	9
265	344
0	223
4	298
3	330
62	111
0	73
0	0
0	0
0	0
0	0
0	9
0	9
0	9
0	9
0	9
0	9
0	9
4	9
0	9
0	9
0	9
0	0
7065	843
14	837
0	0
378	10899
1	10899
12	588
45	25
140	932
14	170
10	844
9	129
1	64
0	0
0	0
26	553
5	339
0	0
2	0
0	0
1	0
1	0
197	0
0	3
0	0
0	0
0	0
0	0
0	0
0	0
3	2
0	2
0	2
0	0
0	0
0	0
0	0
0	0
0	0
0	0
1	7
0	0
0	0
0	0
0	0
0	0
0	0
0	0
0	0
0	0
0	0
0	0
0	0
0	0
0	0
0	0
0	0
0	0
0	0
0	0
0	0
0	0
0	0
0	0
0	0
0	0
0	0
0	0
0	0
0	0
0	0
0	0
0	0
0	0
0	0
0	0
0	0
0	0
0	0
0	0
0	0
0	0
0	0
0	0
0	0
0	0
0	0
0	0
0	0
0	0
0	0
0	0
0	0
0	0
0	0
0	0
0	0
0	0
0	0
0	0
0	0
0	0
0	0
0	0
0	0
0	0
0	0
0	0
0	0
0	0
0	0
0	0
0	0
0	0
0	0
0	0
0	0
0	0
0	0
0	0
0	0
0	0
0	0
0	0
0	0
0	0
1	0
0	0
0	0
0	0
0	0
0	0
0	0
0	0
0	0
0	0
0	0
0	0
0	0
0	0
0	0
0	0
0	0
0	0
0	0
0	0
0	0
0	0
0	0
0	0
0	0
0	0
0	0
0	0
0	0
0	0
0	0
0	0
0	0
0	0
0	0
0	0
0	0
0	0
0	0
0	0
0	0
411	517
6	249
11	42
1	257
1	0
1309	1
117	1677
0	1774
29	1303
0	2628
101	2557
2	130
6	28
2	170
82	1254
574	324
3	324
763	211
29	211
0	0
1878	0
0	0
0	0
522	317
0	0
0	185
1	317
0	0
0	261
0	259
0	261
0	258
2	250
0	1
0	0
3	24
0	1
0	1
0	1
0	0
0	0
0	0
1277	383
5	3
0	352
0	314
0	0
2	0
0	0
0	307
10	0
499	378
0	0
1	0
0	9
0	78
9	94
0	0
0	32
5867	2
74	6
1	6
13	1223
1	1182
0	1290
8	863
40	2742
4	0
0	0
0	0
0	0
1	4
0	0
0	4
0	0
0	0
0	0
15	0
0	0
0	0
0	0
0	0
0	0
0	0
292	2442
6	2405
36	238
1	320
21	846
0	0
56	396
3	279
0	106
0	106
349	2
33	0
0	0
0	0
5	325
0	372
0	275
0	33
25	133
50	54
0	0
0	0
0	0
0	0
0	0
0	0
0	0
0	0
0	0
2	0
0	0
0	0
0	0
0	130
8	130
16	23
0	0
0	541
0	545
0	601
0	612
4	498
0	479
0	136
0	29
0	61
0	16
0	3
25	18
0	3
0	22
83	96
3	1
1	58
0	78
0	13
6	0
0	0
1	0
0	0
2	62
0	0
0	0
0	0
0	0
0	0
0	2
0	2
1	0
0	0
0	0
10	0
0	2
3118	444
26	444
0	0
2	0
0	1
18	31
290	25
0	20
1	115
0	114
0	49
0	53
0	41
0	40
0	26
0	0
0	0
0	0
0	0
4	0
0	0
2	0
0	0
8345	373
10	373
0	0
0	3
0	0
0	3
0	1
0	0
0	1
1	0
0	0
132	1
0	0
0	0
0	304
0	872
3	823
0	795
0	795
5	740
12	98
2	39
159	1580
0	900
1	1380
15	200
0	0
360	721
3	707
4	132
4	125
0	18
0	65
0	18
1	14
1	0
1795	396
1	129
12	45
8	222
4	162
0	1
3	0
1	162
4	113
14	0
12	77
0	76
1	18
1	7
4	12
3	40
1251	4
567	153
7	153
1	2918
1029	2918
0	14
142	17
0	14
3	15
1	12
298	826
0	273
3	364
0	407
0	642
1	238
5	234
0	0
1	100
0	11
695	677
36	52
0	20
0	218
8	104
3	245
0	398
2	40
1	69
926	69
22	138
1	138
0	0
0	0
940	174
24	155
0	176
241	0
0	394
0	1883
2	27
74	1446
161	1875
0	18
10	339
30	55
0	292
1	0
1	70
3	27
0	13
1773	336
21	114
2	133
0	71
0	86
0	58
8	47
113	0
156	108
0	446
0	446
3	32
1	76
3	27
0	3
63	521
0	13
3	479
7	113
2	40
4	112
0	0
13	7
6	82
3	172
721	1233
72	1233
83	7119
9	5853
133	7119
6	879
6	662
25	0
0	0
8	532
9	861
0	821
0	57
0	56
10	20
532	56
0	56
98	0
730	1086
1	1086
4	10
0	4
1	54
0	54
0	2
5	7580
12	7177
4	736
0	373
0	1644
82	1606
6011	1608
55	90
20	90
193	1509
0	31
71	1507
0	114
0	0
0	428
12	399
0	427
4	102
0	14
2	927
0	1
1186	32
1	5
6	9
8	18
0	0
87	0
0	33
0	36
0	22
1	36
0	33
3	24
1	822
0	826
0	847
0	774
3	677
21	690
4	173
0	41
0	71
0	0
1	733
0	80
0	51
17	733
0	38
0	52
8	425
0	31
0	0
0	4748
0	4634
0	4949
0	4704
12	1073
0	1517
0	2955
0	262
24	118
3	134
8	132
0	349
0	92
1	672
15	103
200	310
0	306
3	26
4	29
0	0
2	30
0	0
35	145
1	212
2	37
0	166
0	125
1	55
0	51
0	5
0	50
14	52
0	54
0	73
3	5
0	10
1	10
29	0
2731	466
0	159
0	144
0	287
0	2
0	2
0	2
0	0
0	0
2	0
32	443
146	443
2	1242
24	1238
1	1129
1	4
59	52
22	501
1	61
0	98
0	78
0	41
0	3024
0	3131
3	2709
3	2208
0	1477
2	445
215	533
0	160
0	21
0	38
11	116
2	387
1	39
6	66
23	359
0	35
1	351
2	262
0	95
2	20
0	72
0	39
0	38
0	24
0	20
0	23
0	5
0	19
0	20
0	19
0	18
0	0
0	12
0	10
0	9
0	9
0	3
2521	5662
11	5562
7	68
3	126
0	546
28	2852
0	291
1	386
31	248
6	177
2	233
1	1989
11	1873
0	1834
2	467
24	44
0	162
2	421
7	40
3	167
2	298
2	307
0	295
2	298
0	76
10	113
0	7
4	348
9	776
1	746
0	714
8	714
0	0
13	5
0	208
11	112
1	59
2	0
1	440
14	415
7	1118
0	17
12	32
14	45
12	1
0	26
0	12
0	2155
0	2165
0	2135
0	642
0	277
3	76
0	0
2	0
1594	753
0	151
0	0
2	92
0	136
0	40
2	304
13	108
0	771
0	658
4	637
0	0
0	39
0	67
0	16
1	142
1	0
1	912
21	586
7	818
2	395
0	546
10	57
6	4
0	88
0	7
0	3
0	6
0	0
0	4
0	0
0	0
94	26
0	0
0	26
0	3
0	3
0	317
0	0
92	317
0	102
1	346
0	266
0	83
0	75
0	348
3	128
2	43
0	328
0	195
411	553
0	487
0	738
4	48
62	492
1	328
17	2097
0	1448
0	1448
0	2090
0	1429
0	238
2	953
0	332
147	449
1	201
13	73
45	640
22	198
8	218
3	558
1	1693
4	1758
8	1023
4	128
0	105
3	116
0	91
11	217
0	103
2	42
2	671
6	17
0	25
2	51
0	111
0	38
51	54
0	21
10	698
0	0
0	0
0	705
0	14
0	1882
0	1835
0	1907
0	1831
1	1888
1	131
1	26
27	141
2	144
35	119
8	1206
4	445
1	791
1	102
43	334
3	514
0	393
0	67
37	6645
2179	28573
15	3779
89	12283
53	29164
0	3299
42	6732
1	5361
14	2754
4	6342
12	6
0	1
0	1
0	1
2	5
18	20
2	20
0	1
0	0
0	2
0	3
11594	7683
0	575
0	4661
5	2523
1	150
0	150
0	111
1	6
1698	4327
85	4302
3	3105
16	2835
2	902
2	890
0	0
0	12
0	12
0	8
0	8
0	0
50	864
11	529
2	857
20	407
0	271
545	1997
6	4
0	10
975	1997
3	493
6	229
1	186
225	482
5	421
0	54
0	57
0	61
0	12
0	35
0	32
0	28
0	38
0	9
0	10
2	16
0	11
0	1
9	0
0	0
0	0
0	903
0	951
8	66
0	161
0	815
0	779
0	259
0	0
0	199
2	0
16	1853
3	1463
10	385
0	1528
50	404
0	505
0	678
1	1552
2	255
1438	1162
0	0
7	20
1666	927
0	714
2	442
0	0
13619	2
0	0
0	0
0	0
0	0
0	0
0	0
0	48
2656	166
0	11508
767	11509
31	699
3421	0
3	2
0	4
0	3
0	4
0	2
0	1
0	1
5	136
3	435
0	482
0	311
0	299
0	407
0	448
0	270
11	311
5	51
10	11
0	0
1	56
0	0
0	0
0	55
1	53
0	5
1	0
0	3
0	0
245	27
0	27
2	7
81	219
45	219
0	1276
531	6291
1	2264
127	6402
0	1
2448	2597
10	2595
0	3
0	9
0	3
1	8
0	1
10	8
3	0
60	899
0	78
4	841
5	7
0	101
3	311
544	11827
24	138
6	158
17	0
34	6291
14	11827
0	2280
0	7207
0	3429
0	0
0	1
0	1299
0	0
0	0
0	0
54	448
2	952
0	1413
4	1383
0	1408
1	1405
3	956
0	708
0	0
4	1
0	1
0	0
49	491
0	519
2	495
1	948
0	994
2	968
0	486
0	313
43	288
0	0
0	0
0	0
0	0
0	0
0	3
0	0
0	3
0	3
1	0
4	1066
86	1066
1	0
0	0
0	0
69	5291
7	5308
0	597
1	0
650	0
1	33
3	37
0	22
1423	0
1	4
3906	892
31	890
6	26
587	2762
0	2341
181	2658
0	361
0	4
0	2
26	1420
0	149
7	331
0	1568
45	464
4	170
1	415
6	917
0	0
0	0
0	0
0	0
7	179
29	503
5	453
0	0
9	191
0	191
0	0
0	0
21	32
0	34
0	26
0	22
0	13
40	62
0	4
0	62
7	6
89	49
4	5
8	41
1	7
0	9
8	747
0	708
2	690
0	0
8	309
0	365
71	268
0	81
1	21
3	3
4	0
1	1988
4	2549
1	2466
1	499
0	11
0	0
0	0
0	0
0	0
106	4688
14	4608
34	712
1	574
0	312
0	237
0	278
13	361
1	128
0	1329
2	47
0	0
9718	1885
363	1532
0	0
187	732
44	109
14	29
14	181
312	402
4	42
2	206
0	349
0	0
0	65
7	233
331	305
1	202
0	224
1	276
174	1274
15	494
0	1162
3	117
1	29
0	0
187	165
0	223
0	191
2	0
35	0
11	2306
3709	3184
4	470
0	268
3	220
451	855
0	648
2	282
0	211
0	98
3300	596
0	139
3	466
1	4
0	4
0	342
297	3972
6	3707
21	290
6	530
20	456
0	385
0	160
36	2
3	2
0	0
0	0
0	0
0	0
1	25
0	25
0	0
6	259
7	220
0	78
5	41
0	81
0	37
1	32
1	45
1	45
3	10
0	10
0	0
0	0
2	147
0	145
2	1
0	8
0	0
12	162
6	162
1	162
0	69
209	1013
4	382
10	938
1	203
0	142
7	318
4	0
1514	107
0	107
0	0
0	0
0	0
1003	0
10	289
0	56
17	289
1	22
278	0
47	1111
20	1111
0	46
1	72
0	126
15	172
0	0
0	1
0	0
0	1
0	0
19	78
45	43
1	397
292	696
0	61
1	651
4	16
2	0
0	22
0	18
0	3
0	26
0	15
0	9
1	10
0	12
0	0
0	16
0	17
0	19
0	3
0	0
0	3
5	31
0	15
0	16
0	35
1	19
0	10
0	19
0	11
1	18
13	0
0	25
0	15
1	36
0	15
0	16
0	20
0	7
0	4
1	8
0	2
0	3
5	25
0	23
0	3
0	3
0	8
0	9
0	5
0	6
0	42
0	13
1	24
2	13
1	13
2	13
0	13
2	0
0	0
0	0
0	0
0	0
0	0
0	0
8	0
0	0
2184	4349
11	94
14	262
1	302
15	305
10	49
12	3491
59	241
7	290
136	488
50	263
290	331
0	0
4	331
0	0
1948	1642
14	1494
0	1538
153	27
12	18
1	88
0	88
0	0
169	0
0	0
2	0
38	70
0	70
153	23
0	20
2	3
1	0
2	0
427	99
1	23
7	76
599	840
3	770
13	51
17	23
1	59
118	220
0	125
3	121
0	0
8	186
0	0
0	0
0	0
0	0
12	0
117	0
2	2598
7	623
10	473
112	654
3	16
11	2489
2	1
3	473
9	126
0	1
0	1
0	1
0	0
0	0
914	0
5	0
146	0
0	0
0	0
466	46
0	37
25	9
0	6
0	5
0	1
0	3
0	0
0	0
0	0
1	1
0	10
0	120
0	1439
0	1492
3	78
1	1481
0	1156
0	1490
0	1431
1	47
0	146
1	220
15	0
28	3
0	2
1	1
2	1
215	361
425	361
0	0
10028	0
0	0
0	0
0	0
0	1
0	0
0	0
0	0
1152	3582
16	3112
5	565
1	620
0	0
0	0
57	3219
21	1893
2	1636
0	1068
0	498
2	15
0	0
2	150
0	1049
0	0
4	315
0	611
2	257
5	158
1	1488
0	1637
1	1456
0	1
2	1112
0	549
0	336
0	1
2	1139
0	0
946	3779
7	686
3	3216
68	352
9	39
0	16
0	16
0	15
0	15
0	16
0	16
4	14
22	1
0	1
0	0
0	0
0	0
0	0
0	0
0	0
5	140
0	205
0	185
0	190
10	111
10	152
0	100
13	133
0	324
284	924
6	287
6	182
26	136
3	86
0	259
2	99
44	1832
13	688
0	1650
28	0
0	0
0	12
27	2
4	2
7	6
0	394
6	13
0	0
0	0
5	14
28	693
216	693
0	0
0	0
168	128
0	528
104	598
0	572
0	1322
7	1197
16	1316
308	1001
0	355
2	92
1	63
28	544
1	76
921	705
10	461
0	278
2	47
1	354
3	99
12	176
6	69
0	22
8	30
0	0
621	772
1	741
0	27
0	67
0	33
0	25
0	57
0	120
2	445
6	0
0	129
18	261
5	0
0	60
14	148
0	40
0	65
0	14
88	5
162	9
4	4
9	10
1664	1590
0	1603
5	50
4	38
4	9
45	61
4	125
0	126
26	104
0	33
0	12
0	12
0	0
0	1
0	1
1	34
0	107
9	105
0	66
0	90
0	89
0	73
0	10
0	10
0	9
0	11
20	7
0	1
39	113
1	113
0	27
39	68
0	7
0	61
0	0
1	256
10	218
0	301
1	82
4	126
0	98
0	17
0	0
0	310
113	310
1	68
8176	4
10	1153
44	1145
3	68
1	22
0	69
1	28
0	169
0	9
0	35
15	142
1	31
4	212
3	329
8	401
0	110
9	931
10	987
51	967
0	173
0	476
0	1984
13	584
7	1583
9	227
2	836
7	49
2	79
0	0
0	439
0	433
0	433
0	74
0	86
1	9
112	1
0	0
0	0
0	0
1	699
21	2858
2	802
15	1680
0	1116
1	1412
18	2689
5	2471
4	2345
19	2594
1	1844
27	1952
18	2051
7	82
0	109
0	151
9	618
4	0
0	0
0	0
0	0
0	0
0	0
0	0
0	0
0	0
0	0
1	0
0	0
3272	17
0	17
0	58
0	68
0	46
0	56
0	46
0	43
36	582
0	580
23	44
12	55
1	0
2104	432
3	91
2	75
9	266
9	3
0	80
0	46
0	2
0	0
67	413
5	422
10	449
1	415
0	38
4	38
16	1381
1994	3128
0	1280
14	446
3	94
10	0
19	284
0	3717
1	89
0	84
0	3573
1	172
0	0
0	1
0	1
0	1
0	0
0	0
0	0
0	0
0	0
0	0
0	0
0	0
0	0
154	1517
1	2392
0	2541
0	2708
9	2541
0	2509
0	2683
140	1391
1	192
0	338
0	239
0	94
0	19
0	0
0	0
0	0
0	0
0	0
0	1
5	202
0	53
2	202
43	0
6	47
0	0
1982	0
31	719
59	1093
1	1102
0	69
7	56
7	87
19	263
3	256
1	25
0	0
33	1471
5	136
3	1084
0	1035
0	522
50	0
97	6209
498	6209
4	52
10	120
1	0
0	0
0	0
0	0
0	0
0	0
1	0
0	0
1489	4
0	0
0	0
27	0
0	0
895	138
8	111
19	88
2	46
0	0
1	31
20	1049
18	1034
43	65
14	120
3	609
1	135
0	0
0	28
0	37
3	11
0	0
1	0
0	0
0	16
9	21
3	5
3	851
0	0
0	0
1	85
0	1229
0	1690
1	41
0	1169
0	0
0	147
0	26
4	13
0	20
2	688
4	3
0	0
0	0
0	0
0	0
0	0
0	0
1	0
0	0
0	0
0	0
0	33
0	0
1	1
0	1
1	1
0	0
0	1
0	0
0	1
0	1
0	0
0	0
0	0
177	85
14	19
31	82
0	0
29	1231
0	1340
0	572
0	642
0	38
1	191
3	2
0	460
5	86
6	484
0	229
1010	234
7	234
0	0
0	0
0	0
0	0
30	1876
0	1
0	1
36	1876
1	0
0	0
0	0
0	0
0	0
1	0
0	0
0	0
0	0
0	0
26	652
0	652
23	349
0	326
2	357
0	0
91	75
1	57
0	0
996	108
7	31
0	0
1	82
1	27
3	19
55	333
1	39
7	294
0	0
0	0
0	0
1	54
1	32
0	60
0	126
0	32
0	126
0	41
0	32
1	32
0	82
0	85
0	0
0	49
308	555
14	542
1	0
0	0
1	0
0	0
1	0
0	0
0	22
0	0
0	0
1	0
0	0
0	1
0	0
0	2422
0	2509
1	339
66	2029
244	113
0	0
0	0
43	1050
13	231
0	409
1	414
2	651
20	0
0	0
0	0
0	0
0	0
1	0
0	0
79	5
0	5
0	0
0	0
3	195
17	195
0	0
0	0
0	3
59122	6
2	3553
1985	10803
7	579
13	1274
19	110
261	995
4	1654
298	3402
0	1
0	1
3	1
0	1
0	1
0	1
2	2306
1	5
0	0
0	5
0	1
0	1
0	0
0	0
0	0
0	0
0	0
15	5038
74	5058
2	363
6	232
6	140
21	20
71	846
3	0
38	0
773	0
3	20
3	371
7	373
8	373
3	463
32	463
2	55
2	0
0	0
0	0
109	1184
4	26
0	125
3	1093
0	59
5	5
0	62
2	22
0	58
1	485
5	14
4	82
20	0
0	0
0	7
0	7
0	48
0	48
2	5
0	0
871	287
36	53
16	88
3	104
0	157
4	20
0	141
456	55
1	55
71	882
33	3356
0	76
4	111
1	329
0	314
0	2899
43	79
151	0
143	244
0	235
0	0
0	0
0	109
0	23
7	0
0	0
0	0
21	435
2	26
0	433
0	229
0	0
0	0
0	0
0	0
0	0
5	10
59	4
50	3
4	2
0	0
5	3
27	3538
0	3540
0	3540
25	34
0	20
5	35
0	278
0	0
1	0
0	143
85	1368
6	1245
5	133
0	83
5	236
137	3
13	31
30	248
1187	210
1	60
5	150
0	1
0	2
0	0
0	0
0	1
0	3
1	1
0	0
0	0
0	0
0	1
0	0
0	0
0	0
70	0
732	3697
5	3627
0	2566
17	77
0	2736
7	1073
1	0
2	52
76	292
1	264
62	1197
44	974
6	112
0	0
0	2
0	0
416	187
15	113
0	74
4344	681
5	460
15	17
0	204
0	0
0	0
1	12
6	12
0	0
0	0
0	0
0	0
0	0
0	0
0	0
0	0
0	0
0	0
0	0
0	0
0	0
0	0
0	0
0	0
0	0
0	0
0	0
72	26
0	27
4	8
5	867
1	867
0	212
22	158
0	0
0	0
0	0
14	0
2630	4
0	0
1682	2
0	0
0	0
10	521
115	521
1134	200
2	83
3	117
3	236
6	235
17	14
0	0
0	0
0	0
0	0
0	0
0	0
0	0
0	0
0	0
0	0
0	0
0	0
0	0
0	0
2400	1885
8	1885
49	984
0	0
0	0
0	0
0	0
0	0
0	0
0	4
0	0
0	0
0	0
0	0
0	0
0	0
0	0
1	0
4	0
0	6
0	0
8	93
0	93
0	8
0	8
0	17
3	1
1	842
5	828
25	837
0	184
2	35
0	0
0	0
0	0
183	38
0	72
1	0
0	0
0	0
0	28
0	19
142	81
0	9
37	14
20	25
0	0
8	17
103	186
0	159
1	4
2	0
5	224
0	0
19	0
1168	125
2	67
1	58
1	0
1348	336
0	99
0	64
0	155
5	82
5	0
0	0
1	0
0	0
897	337
59	253
1	335
0	9
5662	2582
0	834
7	445
9	582
3	721
0	1771
2	2656
0	2377
0	126
13	1044
11	190
0	270
0	0
0	34
204	127
3	127
3	41
0	0
177	144
0	13
1	35
0	0
4	18
0	32
3	12
4	28
0	20
0	27
0	0
225	277
1	8
0	0
0	0
0	0
0	0
0	0
0	0
0	0
0	0
0	0
0	0
0	0
0	0
0	0
0	0
0	0
0	0
2	0
0	0
0	0
0	0
0	0
4	3760
0	0
0	0
0	1093
20	475
13	102
20	1137
4	872
13	172
2	54
1	576
15	339
7	341
7	0
9	1645
0	475
59	18
0	171
8	252
17	352
0	13
1	196
0	1550
0	249
3900	0
0	88
0	88
1	85
2	64
0	1
0	2
1	2
0	0
0	1
1	0
1	0
1	1
0	1
0	0
0	0
0	0
1	1
0	1
5	844
1	517
0	666
2	483
2	124
37	137
0	0
0	0
0	0
8	0
0	0
87	0
0	0
0	0
9	299
0	299
34	299
0	201
12	943
0	1193
0	1081
0	850
0	0
0	0
8	69
0	201
2781	203
4	0
27	30
4398	4154
56	2163
0	752
9	479
74	397
60	2545
1	51
7	2414
5	449
1	52
21	1223
13	2315
26	2088
0	496
9	226
74	139
0	223
1	396
54	13
0	8
0	7
0	0
3	19
3	0
0	0
8	52
0	52
127	0
0	1
0	0
0	0
0	1
0	0
0	0
0	0
0	0
0	0
0	0
0	0
0	0
0	0
0	0
0	0
0	0
0	0
0	0
0	0
2	8
15	8
4	0
0	0
0	0
39	58
0	9
4	49
0	0
1287	2976
171	347
37	600
38	2982
1	1383
300	0
12	4
929	4067
127	4067
0	1
2	14
0	14
0	0
25	1181
0	1274
0	356
12	547
2	457
23	480
4	308
5	193
4	132
19	2170
17	2179
17	2089
10	2080
0	14
0	0
0	398
2	61
2	0
21	0
1	2
0	2
1	0
0	0
0	1
0	1
0	1
0	1
0	0
0	0
0	0
0	1
0	0
0	0
16	481
0	422
0	150
0	9
2	62
0	20
34	36
3	3
4	0
0	40
0	42
0	15
0	11
0	33
0	268
0	268
0	268
0	0
8	2675
0	4115
5	930
41	1210
17	219
4	467
3	493
13	10
9	1798
1	1571
68	0
41	1150
10	1150
938	1525
0	430
0	280
0	417
51	121
0	575
1	817
0	1299
2227	0
174	43
3	43
6	18
1	2903
19	2928
0	20
6	33
4	118
1	631
5	630
2	0
0	21
0	0
0	1
0	0
0	0
192	842
30	617
5	767
5	0
0	254
0	261
0	250
0	257
0	257
0	249
0	246
0	250
0	253
0	227
3	24
4	3
2	4
4901	546
2	538
3	225
13	2
0	0
0	0
21	5
2	2
0	0
0	0
0	0
0	0
0	0
0	0
0	0
0	0
0	0
0	2
0	2
0	2
0	2
0	0
0	0
0	0
0	0
0	0
0	0
0	0
0	1
0	0
0	0
0	0
0	0
0	0
0	0
0	0
0	25
1	20
0	24
12	0
0	0
0	0
0	0
2	0
0	0
3	296
0	295
1	208
12	59
5	71
2	32
0	19
0	148
19	148
3	13
0	1044
18	216
22	1038
2	73
3	47
0	846
1	40
3	24
2	26
0	1
0	1
0	1
0	0
1	1
0	0
0	3
0	3
2	0
0	0
0	0
13	229
12	229
435	17
16	17
3	2
0	2
16	144
0	136
0	138
8	0
3	6283
1961	6283
5	2818
1	227
0	0
0	0
0	0
0	0
3	4567
9	2328
0	4135
4	985
0	4485
0	4915
0	2636
34	214
3	124
0	34
0	326
200	7871
8	7507
9	1716
61	1024
15	1243
0	0
0	1
0	0
0	1
22	0
0	1
2843	2620
0	325
5	323
0	0
0	0
0	0
0	0
0	0
0	0
0	0
0	0
0	0
41	34
7	577
4	5332
98	595
0	1780
0	5268
0	2559
0	1
2	1529
263	1559
17	935
1	804
113	766
0	719
12	761
49	263
83	756
0	756
1	1
23	107
0	0
0	78
2726	256
26	206
13	108
65	53
0	1181
3	1183
20	155
24	203
3	749
0	66
25	381
8	19
20	0
0	0
27	65
0	23
2	16
0	23
0	23
744	2097
95	288
1	1938
58	415
0	1870
0	1401
0	0
2	0
0	0
7	45
0	572
126	3754
8	3346
11	986
86	765
0	0
3	0
0	924
0	1050
4	659
13	786
2	337
1	0
0	0
0	0
0	0
5	0
0	0
0	0
0	0
43	2837
14	2615
5	416
8	71
65	1086
1	32
20	398
0	0
9	948
6	0
3	0
1882	472
26	251
2	169
1	325
0	0
102	442
3	147
4	99
7	442
26	0
0	0
300	0
1658	4013
1	1013
0	1378
11	1012
0	1224
4	387
150	1203
10	0
124	176
0	174
12	1214
1	862
0	1023
0	1166
0	1321
0	626
0	170
0	378
0	369
0	328
3	487
0	316
0	383
0	354
0	5
0	114
0	255
31	115
0	164
0	0
30	0
22	459
5	1068
1	1060
0	1060
0	257
0	139
1	1
37	703
3	6
0	36
0	57
0	10
0	8
6	6
0	2
0	2
0	2
0	1
0	1
35	2583
0	2197
1	755
4	882
0	1105
1	542
0	124
2	682
7	362
5	365
803	699
21	313
0	704
0	51
4	59
0	13
0	0
0	9
11	4
2	8
0	11
0	0
0	0
0	8
0	2
3	264
0	3157
6	2348
0	3225
0	2501
13	2459
0	117
2	1012
0	239
7	268
3	905
2	411
9	38
0	715
0	535
0	224
0	440
0	326
0	219
0	174
0	174
0	95
0	265
0	190
2	73
0	76
129	0
1	2051
0	2016
0	440
0	159
0	157
1165	548
0	197
20	216
14	204
216	495
14	487
0	338
7	487
3	7992
2	7327
2	7512
0	7870
14	5904
13	5781
0	2009
36	2418
20	939
29	501
106	228
0	1114
6	90
40	936
58	373
3	628
1	464
56	241
1	139
2	528
0	640
51	530
29	544
272	737
19	625
0	39
46	1105
0	1080
3	3
15	31
7	0
0	109
0	37
5	12
0	17
0	105
533	0
5	22
1	5
6	22
3	4
0	20
0	0
0	0
0	0
0	5
10	4
0	0
0	0
1	0
11481	2815
0	323
0	1
0	0
1	1644
40	1564
25	249
33	1573
0	1590
11	1670
0	0
0	0
24	1585
21	139
2	190
0	1060
67	1054
1	51
1	141
0	68
4	0
1	0
0	551
0	623
0	0
0	0
0	490
0	421
3	1
0	1
0	162
7	253
0	492
107	414
1	263
0	132
0	353
1	305
11	609
0	52
3720	3585
0	2628
10	892
3	770
0	4
11	7
1	3
1	4
4	263
1	250
1	5
6	19
10	0
2	0
0	22
8	49
5	54
59	0
0	51
7	51
0	0
1004	1285
1	1101
52	264
4	11
0	649
3	11
0	10
0	0
0	0
3	1103
64	1103
0	151
2	3
29	345
0	203
0	161
0	51
17	28
0	0
0	0
33	0
9	323
0	344
0	81
9	1
0	50
6	35
808	92
0	30
2	62
3	46
0	46
254	1596
151	1328
57	1622
0	1615
0	423
35	1518
8	23
4	41
19	394
1	223
719	910
3	913
1	1
44	687
5	27
2	1
0	0
0	0
0	0
1	1
8	422
101	12414
2	9981
0	11948
8	1643
1	930
3	9534
0	1
0	867
7	794
3	229
0	0
0	0
0	0
409	0
0	4859
3	3
0	4908
0	4731
1	0
2	236
0	4620
0	2397
0	881
0	0
8	0
37	1130
0	1130
0	22
6	5
0	18
0	17
1	21
0	20
0	11
0	0
0	1
0	1
0	18
0	7
0	0
12	0
0	0
4	0
0	0
0	0
685	255
0	61
0	37
0	201
5	120
52	0
26	941
0	941
2	110
4	142
2	1132
7	164
0	1050
0	1081
0	1112
0	147
0	114
0	75
0	0
6386	1782
2	0
4	941
17	1539
0	338
0	182
0	182
0	0
46	182
0	0
0	0
0	0
0	0
4	21
0	55
51	61
2	35
0	19
126	81
6	144
5	108
0	342
8	126
159	338
0	10
0	0
0	1
5	44
0	54
0	54
0	25
0	151
0	151
0	15
1	21
1	61
9	12
0	15
2	20
0	0
0	0
0	0
0	0
1	5037
32	4967
45	271
134	1032
0	1029
0	4110
7	0
3	3931
9	220
0	0
3	20
0	0
3	2
1	2
1	0
55	22
0	22
0	0
0	0
0	0
0	0
0	0
0	0
13	109
25	293
1	289
2	307
3	27
0	0
3	38
0	267
0	267
6	267
0	252
0	0
166	462
19	462
0	549
0	596
3	564
41	279
0	75
3	90
0	3
0	66
0	42
0	0
0	0
0	0
0	0
0	0
0	0
0	0
0	0
6	0
0	1
0	1
1	0
693	4
0	0
0	0
9	0
0	0
3901	595
154	130
16	114
70	46
7	94
10	211
1	1436
1	1346
0	57
356	1504
3	1432
0	0
5	12
3	869
19	520
19	113
2	60
0	134
28	18
23	141
9	904
0	919
0	484
0	54
0	59
6	0
2	0
0	1175
0	1101
0	1197
0	1051
2	103
0	1
0	1
0	0
1973	1748
2	165
0	194
60	128
12	1450
10	51
0	0
20	1149
0	167
10	60
7	233
55	441
14	0
0	0
0	0
0	0
1	1
0	0
0	328
0	0
0	511
1	506
0	351
6	304
0	12
2	7
0	0
1	0
0	0
0	0
0	0
0	0
0	0
65	39
0	0
348	3909
2028	3835
17	3372
3	206
1	1
0	1
0	1
0	0
0	0
0	0
1	0
0	0
110	716
12	720
1	38
387	234
16	233
0	21
4	110
422	260
4	96
0	0
3	43
2	87
5	55
0	0
0	0
0	0
0	0
8	14
0	0
0	14
0	15
0	2
35	1200
3	1200
98	1028
0	1028
2	440
1	341
0	200
0	59
26	0
0	0
1	14
0	10
1	14
0	5
687	0
0	0
0	0
708	0
0	1
0	1
0	0
356	399
0	0
0	1281
3	14905
0	14905
0	1264
1	1381
3	548
4	1
22	145
7	1299
0	113
3	59
13502	1324
24	1302
0	4
0	4
29	61
5	401
2	451
4	188
0	15
2	226
0	69
0	53
0	0
18	422
305	16
0	16
4	6
17	6
0	0
0	0
82	0
6765	622
12	588
4	4
0	2
0	0
0	2
0	0
33	736
24	1001
62	1001
0	91
335	2514
2	262
5	214
0	2007
2	0
0	0
48	0
0	1
0	1
0	0
16	0
0	0
0	0
1	6
0	6
0	6
0	0
0	0
0	0
0	0
0	0
0	0
0	0
0	0
0	0
877	848
0	841
0	0
0	7
0	82
0	77
0	93
0	87
6	50
0	0
0	0
0	0
8647	2717
0	2647
0	0
1	1102
0	15
1	0
0	830
0	1095
1	221
0	159
50	1046
0	0
3	637
0	501
0	715
0	162
60	656
4	636
1	2114
0	1318
9	995
0	1883
4	458
0	0
3	156
453	797
9	478
3	627
1	175
0	0
0	3
0	3
0	0
0	1
4	3
0	3
0	0
0	3
0	0
1	0
0	0
0	0
0	0
0	0
0	0
0	0
1	0
0	0
0	0
0	0
1	3
0	3
13	0
447	258
1	52
0	258
10	103
0	2
0	2
1	2
4	0
784	702
0	702
1	0
0	0
4	218
21	288
16	309
23	60
0	29
24	246
0	228
16	533
43	326
0	733
1	545
5	281
201	0
242	57
0	57
0	0
0	0
14	0
11	3736
0	23
37	3933
0	19
2	17
2	1193
1	255
0	778
7	361
1	866
2	187
0	1163
0	841
0	448
7	189
4	159
3	463
0	389
2	470
2	58
0	78
1	84
0	74
45	120
1339	129
0	56
17	59
51	976
0	976
0	38
27	7
1	7
0	15
266	148
0	25
0	108
0	0
0	0
0	3
0	5
0	5
0	1
0	0
0	0
0	2
0	2
12	987
1	762
6	960
3	103
16	129
0	35
6	0
6	7
0	0
5	62
0	57
1	25
0	2
0	38
0	19
0	0
0	7
0	7
0	0
0	0
1	292
0	669
0	684
0	610
0	627
2	691
1	206
0	89
0	118
0	181
2	221
5	228
0	191
0	136
12	64
0	21
12	997
1	517
1	981
0	1024
1	649
0	621
0	185
0	80
1	51
0	115
0	79
0	11
0	0
0	0
0	0
0	0
500	0
51	0
7	52
0	52
0	3
0	1
0	0
4	10
347	160
9	132
271	11
0	11
0	235
0	0
3	265
3	69
0	0
0	38
0	19
0	18
0	1719
0	1731
0	1702
0	1716
0	1296
47	1234
3	1098
3	1082
4	745
0	769
0	359
2	176
0	135
8	19
0	12
0	6
4	2
8	0
4	0
6	11
0	11
0	9
1	0
0	0
0	0
0	0
0	0
3	0
21	2131
236	2137
3	185
6	98
3	125
41	2347
0	2348
32	2332
1	51
2	39
3	355
0	62
0	0
0	0
0	0
0	0
0	0
0	0
7	6
0	1
0	1
0	1
0	1
0	1
0	1
0	1
0	0
0	0
0	0
84	788
1	765
0	419
2	74
0	7
0	14
8	8
0	11
0	0
0	0
0	0
6	3
102	130
1	99
3274	320
5	320
0	501
277	3029
0	2558
0	2219
0	1589
5	405
3	242
0	447
7	1158
0	407
2	1
3	57
8	0
91	1494
51	1190
5	1350
0	1487
0	1382
2	277
1	530
25	64
1	187
4	113
0	16
2	1
1062	757
1	428
39	587
0	9
2	66
4	96
111	3086
1	1790
2	1253
11	1233
5	1065
142	570
0	2
40	462
85	64
7	393
32	191
51	80
0	0
0	0
0	0
0	1
0	0
90	154
2	43
0	21
1	112
0	1
0	1
0	1
0	162
0	0
39	162
0	7
0	0
1832	237
0	151
0	86
0	86
1	1082
2	380
0	977
51	39
80	154
1	1026
11	49
0	163
2	923
0	56
6	75
0	112
0	802
496	262
0	261
1	73
3	22
1	17
0	6
10	2658
17	2658
6	2334
1	0
73	0
11	0
0	0
88	2615
8	2114
0	2789
13	1173
7	826
6	491
0	219
10	141
306	913
6	865
1	399
0	0
4	36
0	0
541	0
0	0
5	0
1	0
2	0
6	0
4	0
1	0
2	315
6	1797
0	130
5	1718
3	16
4	46
2	9
0	45
0	46
1	0
2	8
0	0
0	0
1031	0
0	0
0	0
0	0
0	0
8	3955
9	3952
2	4708
1	57
14	4
55	834
4	165
5	626
87	203
0	118
1	361
1	301
6	365
4	243
0	280
321	0
0	0
4	4
0	4
1	0
0	0
0	0
0	0
5	641
0	653
0	581
0	90
0	90
0	94
0	92
10	87
9	53
229	8264
0	8316
0	8318
18	8271
3	7761
0	0
2	226
16	3413
0	746
0	696
0	545
2	298
0	6
3	8
0	8
0	0
0	1
0	0
0	1
2	0
0	0
74	263
4	1
589	259
6	262
15	69
0	0
0	0
0	0
0	0
0	0
0	0
2	0
0	0
0	0
2	0
0	0
24	0
103	751
405	739
2	410
0	448
5	144
0	0
0	0
0	2662
16	2664
0	127
0	17
0	0
1	62
0	1209
0	2351
0	2162
0	2163
0	250
0	313
0	135
0	0
2	47
10	646
3	0
2	0
0	0
0	373
1	0
36	420
0	217
0	374
4	154
0	159
20	42
0	0
0	0
0	0
4	0
0	0
0	0
0	0
0	0
0	0
0	0
0	0
0	0
0	0
0	0
0	0
2	0
0	0
0	0
0	0
1	0
0	0
0	0
1054	0
40	762
0	770
0	770
1	84
3	48
25	153
993	153
1	24
15	29
3	27
0	28
1	0
90	2234
1	852
0	1
0	1
3	1524
5	0
12	24
0	0
0	0
0	0
0	0
0	0
0	0
0	0
1367	286
8	259
23	15
0	17
0	18
0	20
0	3
618	705
2	470
4	164
2	113
4	163
0	199
2	66
0	199
9	179
0	26
0	28
0	0
0	60
4	142
0	0
0	3
0	3
2	0
0	0
0	0
0	0
96	1608
26	173
1	255
2	1606
71	881
60	878
201	452
2812	579
9	574
6	308
4	0
0	0
0	0
0	0
0	0
0	0
0	0
40	108
136	238
8	54
92	215
0	135
23	142
0	45
0	64
0	0
1	0
12	7
3	5
6	3363
217	3460
2	467
1	0
0	0
2809	510
4	0
0	510
0	0
0	0
2	0
1	0
0	57
0	0
0	166
2	1700
0	1685
1	182
298	1277
3	397
69	1259
0	201
0	0
0	0
0	0
0	0
0	0
19	16
0	16
0	9
0	74
0	15275
5	2
1	5892
0	66
0	0
0	0
0	0
4	2
0	11666
0	11666
0	11666
0	14605
0	14605
0	14715
21	3219
0	11677
2	53
11	52
0	70
32	16992
0	3462
199	15753
1	13293
0	16251
155	15591
3	1129
64	0
1	2237
0	11149
0	11149
22	2505
94	1163
1	1163
0	203
3	56
10	27
5	229
3810	0
0	0
0	0
1525	2003
35	1925
1	93
1758	1432
0	1236
0	1019
4	195
11	16
0	0
0	0
67	0
77	79
0	14
1	77
4	61
0	0
0	0
0	0
0	0
0	0
0	0
0	2
0	0
0	0
2	13
0	2
1	14
21	159
0	1
5	117
19	196
129	464
13	40
0	28
0	0
0	10
29	42
1	49
0	480
0	495
1	523
0	212
368	18
0	1
0	133
0	1214
0	19
0	1
1305	726
0	637
30	395
0	166
0	428
0	0
0	639
1	740
0	583
22	254
0	435
0	244
0	34
0	37
0	63
0	644
0	642
0	0
0	26
0	413
0	37
0	63
0	644
0	642
0	1
6	1233
0	20
1	133
0	0
46	276
0	37
0	17
1	481
0	1
233	784
0	166
27	762
0	137
0	644
0	19
0	63
0	0
0	292
0	3
0	3
0	0
0	775
0	450
0	20
0	165
0	19
0	129
0	1
32	90
0	331
0	19
0	1
0	639
0	708
3	224
2	77
19	231
0	63
0	166
0	244
11	216
0	412
0	0
4	20
0	716
0	659
0	308
0	435
92	279
1	59
12	621
64	473
0	558
0	0
0	1
61	172
172	376
0	13
0	0
0	1
0	129
64	77
0	773
2	448
0	165
81	21
0	0
7	33
5	74
0	280
0	3
0	0
123	202
0	1
0	1
0	1
0	0
0	2
0	0
6	4
3	218
0	1
0	28
115	269
31	323
1	59
0	10
11	2
17	114
4	46
41	22
0	1
0	128
71	45
216	65
6	29
40	50
26	22
0	22
0	2
0	0
0	1
19	76
0	138
0	138
0	565
2	609
4	63
14	1
2	107
45	309
12	2
0	19
2	4
0	1
0	83
0	599
5	630
41	43
0	0
107	112
380	108
27	60
6	39
7	119
15	143
0	11
0	11
2	8
0	11
0	11
0	0
1	8
4	1
1	1
0	0
0	0
103	2
137	2
0	2
0	10
0	10
0	0
0	0
1	7
0	0
0	0
0	0
31	6
1	4
0	0
0	0
0	1
0	2
0	0
11	749
20	749
0	1
0	145
0	36
96	36
0	0
71	865
37	835
69	220
23	3540
14	3535
54	4231
4	90
7	314
26	1178
0	364
335	0
1	307
10	58
3	314
5	288
5	63
0	287
23	107
3	3
0	3
0	3
0	1
0	0
0	3
0	1
0	3
1	1
1270	1717
0	7
15	1717
29	49
60	1627
3	228
0	372
3	1049
0	909
7	919
51	443
0	450
0	407
7585	651
5	120
0	206
0	0
3685	3567
35	3567
8	19
21	176
0	0
102	870
85	882
0	85
4	37
0	84
99	0
822	0
12	0
6	0
0	0
0	0
0	152
3	146
0	151
8	3
1	52
4	6
0	6
15	239
0	551
10	588
7	557
5	455
0	594
1238	463
1	458
1	1400
0	1400
0	224
10	455
0	218
1	235
0	0
0	0
0	0
1792	2322
0	2317
26	931
0	2333
1	1908
0	1975
21	1030
0	0
92	1620
0	42
6	1620
444	229
37	73
8	137
5	30
0	60
0	0
0	0
0	0
0	0
0	1
0	0
2	1
0	0
0	0
695	1163
0	1149
6	192
0	0
0	0
0	2
3	14
0	12
0	10
0	5
0	1
0	0
1	0
7	1339
34	1644
9	950
121	1450
12	1380
0	1328
0	235
27	1336
1	761
1	547
15	43
47	69
0	57
0	97
143	154
0	154
0	25
3	38
2	38
0	0
0	1
0	0
0	0
2	0
0	0
0	0
0	36
0	7
0	35
0	6
0	7
0	8
0	7
0	20
0	6
0	7
0	7
0	0
0	0
1	1
0	4
0	3
0	3
0	3
0	3
0	3
0	3
127	0
0	0
31	1037
1	985
34	927
29	868
3	865
2	643
1164	0
25	0
0	24
0	1
0	1
1	2726
0	2329
1	2628
25	1577
5	724
447	375
1	277
8	33
0	135
3	117
3	61
3	13
86	0
11	868
0	367
5	845
0	896
0	864
0	829
1	855
0	129
0	633
1	59
0	42
3	1
1	118
5	12
48	93
1	23
1	63
3	94
0	36
1	29
3	39
0	0
5	499
0	491
0	577
17	372
0	346
30	219
19	193
1	85
1	89
7	67
0	71
0	23
9	918
1	1015
8	1444
62	1500
10	104
5	275
2	73
0	501
12	41
0	56
1	209
1	196
1	83
184	12
0	10
46	32
0	31
13	24
5	18
0	0
0	0
0	0
1	395
0	552
5	1981
0	2134
16	653
9	1865
1	1361
10	350
3	993
0	223
2	263
0	0
14	198
1453	5126
178	4938
36	4911
2	468
0	1053
9	724
3	348
16	1168
17	218
5	1083
2	271
2	334
1	129
8	153
38	154
0	199
0	293
22	4
2	273
0	416
5	165
18	351
2	327
8	84
0	0
0	1
0	1
0	1
1	1
0	1
5	915
21	915
0	0
1	90
0	1
3	4
18	36
0	65
0	0
4	62
6	9
3	11
0	79
5	329
10	329
4	47
0	2315
193	2315
10	1347
2	0
0	0
204	0
22	57
7	76
0	66
0	63
0	26
0	56
0	34
5	18
0	54
0	89
2	279
0	242
0	242
13	218
3	118
0	134
0	114
3	33
0	25
0	14
0	0
0	0
0	17
0	17
0	17
0	2
0	17
0	15
0	14
0	2
0	14
0	4
0	3
0	4
0	0
0	57
0	3
0	58
0	7
0	54
0	0
1	17
0	49
0	37
0	6
0	2
0	0
36	1485
3	1433
1	319
1	173
1	179
0	245
0	214
5	114
0	225
1704	147
1	147
14	0
0	0
0	0
0	0
0	0
0	0
0	0
0	0
0	0
76	388
4	0
0	0
64	388
0	11
0	0
0	0
1	246
0	0
0	0
0	0
0	0
0	0
0	0
0	0
0	0
0	0
0	0
0	0
0	0
1	0
1	0
0	0
0	0
0	0
1	132
4	2
0	173
0	5
0	164
0	0
8	1544
106	1494
0	1375
22	1564
12	1651
0	1531
3	1169
0	0
0	0
0	0
0	3
0	1
0	0
0	0
0	0
0	0
0	0
0	0
0	0
0	0
0	1
0	2
288	54
0	0
0	53
0	0
0	0
281	221
1	201
1	21
28	289
0	252
4	133
2	171
2	51
58	0
0	0
0	0
0	0
0	0
2	111
0	0
1	3
148	54
4	53
0	6
0	1
0	0
0	0
95	48
0	44
1	20
0	16
0	0
0	0
0	0
0	0
0	0
653	0
0	3
7	3
278	14035
17	13176
1	13240
22	4292
5	3911
8	2911
0	2564
6	2182
2	946
2	460
0	200
0	0
0	0
0	0
885	0
0	0
2	28
16	28
45	0
4646	422
2	420
17	32
3	0
0	0
642	662
14	643
0	405
10	17
0	0
7	27
0	0
0	0
0	0
206	200
15	198
2	0
59	155
0	0
0	0
0	0
0	0
0	0
0	0
285	98
31	98
0	16
0	0
0	0
0	0
0	0
0	0
0	0
0	0
0	0
144	2686
17	2492
6	1113
16	259
7	138
0	82
823	14
0	598
49	382
0	261
2	275
2	207
4	25
11	48
27	0
4778	100
7	100
18	460
66	454
0	178
0	0
0	0
0	0
0	0
0	0
0	0
0	0
0	0
0	0
0	0
0	0
0	2
0	0
0	0
1	64
0	0
0	0
0	0
1	1
2	14
2	1
0	337
0	0
0	0
0	0
0	0
0	5
0	11
0	12
0	0
0	0
0	0
0	0
0	0
0	0
0	0
0	0
0	0
0	0
10	728
190	821
4	738
0	524
0	288
53	468
1	60
3	81
0	9
54	561
0	561
28	781
14	560
214	440
1	110
8	70
0	0
1039	0
1	69
78	16024
1267	16024
2	912
0	0
11	15
146	102
2	87
10	1454
5100	1467
28	910
1	0
0	0
0	0
3	0
0	29
0	32
2	24
2	9
0	48
0	52
7	50
0	10
0	0
0	47
0	68
0	73
3	77
0	77
3	67
0	14
3	0
0	0
1	0
12	40
0	40
0	0
0	0
0	0
196	5993
0	229
7	4259
72	5942
0	0
0	0
0	0
0	0
0	0
0	0
0	0
0	0
0	0
0	0
0	0
0	0
0	0
0	0
0	0
0	0
0	0
0	0
14	1298
60	0
0	0
112	0
0	0
3	0
0	0
0	0
0	0
0	0
1	0
4	0
0	0
1559	0
8	0
0	372
0	1485
0	1090
728	1517
6	1204
0	186
31	117
20	84
329	3176
11	3091
34	386
1	360
0	0
4	495
128	417
7	290
4	33
1	110
0	5
0	0
0	1
0	1
0	1
0	1
0	4
0	0
1	0
0	0
0	0
0	0
0	0
0	0
0	0
412	136
0	136
0	0
0	1
115	1017
0	1036
7	130
38	1051
0	1068
0	299
0	1028
19	598
1	173
2	161
0	83
4	22
3	45
0	119
6	50
3	1
2	749
0	706
4	342
2	637
0	140
5	336
2	408
6	317
0	238
23	222
1	23
0	1564
0	2302
2	1275
5	192
21	1488
11	942
0	969
0	969
1	760
5	85
167	22
0	0
0	22
12	1
0	1
0	0
23	10
1	9
0	9
0	0
0	0
0	0
0	0
0	0
0	0
0	0
9	320
0	0
0	0
0	0
0	0
0	0
1	0
0	0
0	0
0	0
0	0
70	0
185	4837
7	3017
0	44
0	344
0	75
5	105
1	4822
1	17
0	2443
1	185
0	3029
6	161
0	0
0	0
0	0
0	0
0	0
0	0
0	0
0	0
0	0
0	0
549	144
0	80
0	22
74	4436
7	64
0	0
0	0
0	0
0	0
0	0
0	1571
3	33
0	18
0	22
0	16
0	0
1	0
0	0
4	13
0	0
0	0
0	0
0	0
0	0
0	0
0	0
0	0
0	0
0	2383
8	2524
0	2454
9	2234
0	245
0	0
15	30
0	1480
2	49
3	173
0	315
0	269
0	163
0	75
0	0
845	80
0	9
0	65
0	65
3	37
2	0
0	0
753	143
0	141
0	0
3	4425
11	4425
72	502
0	72
0	0
0	0
2	0
0	0
5	2761
1	6
0	168
3	2758
4	1836
11	2293
14	20
61	86
107	0
0	209
0	0
0	0
0	2326
51	2375
116	85
1	102
1	1307
0	1351
0	1412
11	1
0	1269
0	1090
0	1131
0	1151
0	1192
14	0
0	401
0	0
14	0
2	23
3	234
29	268
2	3
0	1
0	0
0	2
0	0
1	89
251	0
0	0
163	2076
413	2028
126	567
3	1494
1	1
16	1101
0	2004
0	1447
0	1450
2	0
0	0
0	0
2	0
0	0
0	0
0	3
5	3
0	0
2	0
1	0
0	0
0	2
0	0
0	0
0	0
0	0
0	0
0	0
3	4249
0	5007
29	5172
25	4115
0	2579
36	1831
0	2740
0	2545
9	2367
8	1612
0	750
72	774
14	29
4	0
12	99
2	0
107	2
83	3
119	38
2	109
1	59
22	0
12	0
0	0
113	0
0	0
0	0
0	0
0	0
0	0
14	799
0	722
0	722
16	27
0	714
2	54
5	0
0	0
0	0
0	0
196	414
75	414
1	0
76	55
8	59
0	0
0	0
0	0
0	0
2	0
2932	479
0	0
15	214
7	265
0	0
23	59
0	450
2	398
2	369
0	440
9	6
1	464
3	57
2486	545
2	505
0	507
1	454
1	426
0	415
0	442
74	82
8	215
2	0
69	38
0	0
3059	1034
0	444
0	445
0	205
28	126
0	0
0	6931
293	1713
4	6885
1	533
5	2843
0	2973
5	0
141	29
0	29
0	0
0	0
5	39
0	0
0	0
0	0
0	6
0	5
0	3
0	5
0	5
1	0
0	0
0	0
5	882
0	879
1	1
32	5
0	0
25	4499
38	4499
1	4163
43	0
0	255
0	0
9	519
9	519
0	114
11	7
0	0
79	99
4	69
0	436
0	129
4	7
441	1705
5	401
0	357
0	264
5	1673
0	304
0	272
10	608
1	43
0	55
171	431
0	418
3	397
1	188
0	109
0	19
38	26
17	7
0	0
0	577
439	1398
49	38
0	316
3	644
18	16
0	249
8	668
0	0
432	163
1	158
8	5
198	2955
1	1460
160	35
4	1606
0	257
7	992
0	1254
0	2135
63	66
0	61
0	36
0	3
0	9
5	0
0	167
6	169
0	169
0	167
0	169
0	166
0	147
3	152
0	68
32	68
0	0
0	0
0	0
9	0
12	0
2	2
16	4
0	0
0	0
0	0
0	0
0	0
0	145
0	0
0	0
0	0
582	2102
19	25
2	166
1	147
0	906
1	485
6	1113
0	1652
0	1233
0	571
5	622
6	2
2	28
0	3
1	0
4	23
1	20
3	3
3	4
0	0
0	0
0	0
0	0
5	4
0	0
1	1889
0	1840
0	1705
0	1958
0	2011
218	2029
17	17
29	76
56	3
96	0
169	309
214	0
10	587
4	394
0	381
58	250
0	0
0	0
0	1
0	0
0	0
0	0
0	0
0	0
1	0
0	0
0	0
0	0
0	6
0	0
0	0
0	0
0	0
0	0
0	0
0	6
0	0
0	0
0	0
0	0
0	0
0	0
1	0
18	0
0	0
0	1
0	0
0	6
0	0
0	0
0	0
0	0
0	0
0	0
2	0
0	0
0	0
0	0
0	0
0	0
0	1
0	0
0	0
0	0
0	0
0	0
0	0
0	0
33	69
10	2940
121	5019
14	5081
0	611
0	4202
4	354
8	18
0	1143
0	40
0	320
13	0
5	0
0	2262
7	2313
0	1991
0	710
5	263
0	516
0	512
8	5
2	404
0	409
0	34
0	230
0	229
121	2
3	2
0	2
5	2
7	0
17	331
34	352
2	65
70	14
33	0
13	212
0	0
3	0
0	95
0	50
0	4
1	4
1	1
0	0
0	0
0	0
314	1608
0	188
31	1329
16	0
7	98
0	322
7	134
8	561
0	314
1	338
1	357
18	0
32	735
0	1
0	735
0	0
0	0
0	0
0	0
0	0
0	0
0	0
0	0
2541	2043
2	1293
0	746
0	0
20	0
0	0
0	4
0	4
1	0
0	0
1	762
278	1023
11	220
3	406
0	233
14	378
0	184
4	246
1657	3324
6	1145
3	2472
0	2797
7	543
0	204
0	232
0	181
4	0
5	41
2	12
39	15
0	1
0	1
0	2
3	12
0	0
0	0
50	447
0	5421
0	334
1	1566
1	1731
5	1135
0	5314
0	397
45	3410
1	74
1	963
3	141
0	184
115	1275
0	1180
0	1178
2	109
40	66
25	53
55	448
24	126
9	93
27	18
0	1
0	1
0	0
0	0
0	0
0	0
0	0
0	0
0	3
0	0
2	47
0	0
1	0
0	0
0	0
0	0
0	0
0	0
0	14
0	15
1	15
1	10
0	2
0	1
5	118
0	118
1	0
1	0
1	0
5	38
395	38
0	17
0	6
0	6
0	6
0	6
3	0
0	1
1	45
0	41
0	65
0	46
0	24
1	52
0	25
0	25
2	22
0	7
6	1024
8	1000
7	977
0	13
2	6
0	104
0	59
2	133
134	0
0	82
0	0
0	56
0	0
0	0
0	0
6	0
8	588
9	588
17	586
57	0
1	0
1	17
0	17
0	17
47	1525
36	0
0	6
1	0
0	0
0	0
0	0
2	0
0	0
0	0
0	0
0	0
2	91
0	0
0	0
0	0
0	0
0	0
0	0
0	0
0	0
0	0
375	1242
1158	1934
0	937
7	87
0	0
0	0
0	0
2	0
2029	293
7	293
1	0
0	0
0	3
0	262
0	0
2	0
0	0
0	0
0	0
0	0
0	0
0	0
0	0
4	37
311	61
0	0
0	24
5	0
0	1504
2267	2593
1	255
19	300
0	2440
7	198
6	301
0	923
37	386
9	19
3	866
0	356
0	833
0	760
1	48
3	12
0	105
236	167
0	99
1	71
24	0
0	73
0	1
25	6
32	4
0	171
0	25
0	0
0	17
18	11
3	0
4	5
40	1
47	2
2	224
1	27
1	198
0	19
0	23
0	207
0	205
0	37
1	0
23	8
0	130
111	1679
9	1679
12	1114
0	5
0	0
0	363
0	0
42	0
0	0
0	39
49	31
0	32
0	20
3	5
0	31
0	31
0	0
1158	177
2	173
0	0
0	0
0	0
0	0
0	0
3	0
3	0
1	0
0	0
7	12
0	12
0	0
0	0
1	0
0	1678
0	51
0	58
0	0
2	1693
0	17
13	761
0	1458
0	4
80	431
3	0
0	172
0	201
0	59
0	55
12	386
1	328
0	364
4	14
27	105
0	0
0	20
12	107
7	20
0	35
2	284
4	282
0	294
0	258
0	39
15	2
0	136
0	27
0	46
0	42
0	19
0	43
0	55
0	29
2	0
0	203
7	0
0	0
0	0
0	0
0	0
0	0
0	0
4	0
0	0
0	0
0	0
0	0
0	0
0	0
0	0
0	0
0	0
0	0
0	0
0	0
0	0
0	0
0	0
1	16
1	18
0	18
10	18
0	1
0	0
0	0
0	0
0	0
0	88
0	0
0	0
0	0
0	0
0	0
0	14
0	14
0	2
0	0
0	0
0	0
0	70
0	0
0	0
0	0
0	0
0	0
0	5
0	0
0	0
0	0
0	0
0	0
0	0
0	0
0	0
5	79
0	0
0	0
0	0
0	0
0	0
0	0
0	0
15	471
1	462
0	18
1	104
0	58
0	0
0	154
0	0
0	0
0	0
0	0
581	160
0	6
17	0
6	96
25	48
2	0
1	0
0	0
0	0
11	0
1	0
0	0
10	0
0	0
0	0
0	0
0	0
4	716
0	688
92	0
280	702
3	47
130	2546
3	2402
0	2575
0	1636
7	1937
2	1924
0	2112
28	62
66	85
15	391
6	91
0	159
0	77
34	0
0	0
1	0
0	0
0	0
0	0
0	13
0	13
0	13
0	0
0	0
2	0
93	1206
1	455
0	779
0	463
14	3400
0	3400
0	235
1	111
0	0
73	13
1	249
2	337
105	88
50	8
8	0
1	192
4	18
662	209
13	0
2215	94
1	74
15	22
12	5
13	0
10	11
1	11
0	6
0	0
0	0
0	1
0	21
3	138
129	648
19	349
8	439
4	452
0	73
51	2
233	453
4	348
0	536
446	536
0	0
0	0
36	0
44	0
0	0
0	0
21	0
5	0
15	0
13	0
0	26
0	26
0	0
64	0
5	0
89	0
286	0
65	0
0	0
7	0
0	0
0	0
9	0
0	0
494	2
1	0
58	0
0	0
4	0
1	36
0	0
0	0
0	0
0	0
0	0
0	0
6	2245
29	1181
1	1383
0	215
11	953
2	369
2	0
57	859
0	531
0	818
0	0
27	0
49	0
5	0
0	0
0	0
15	0
1	0
0	0
1	23
70	1678
3	1617
31	0
3	84
54	71
0	123
138	121
19	58
14	88
6	16
0	0
0	0
0	0
0	0
1170	419
0	391
3	224
1	28
0	0
18	428
0	0
0	0
0	0
0	0
0	0
2163	513
0	377
0	69
18	108
24	68
0	0
0	0
0	0
2	0
0	32
2	14
0	24
0	8
0	30
10	10952
2	10307
1	10419
0	7480
35	1427
171	176
0	902
0	1756
18	125
8	1641
0	588
0	0
26	1023
0	389
7	368
2	1121
12	147
0	40
65	40
44	621
0	198
51	799
0	1216
31	0
0	0
27	436
2	108
18	328
4	204
0	82
0	120
0	75
0	35
7	1
1	8
12	18
83	684
9	640
2	208
3	95
213	0
226	179
0	162
0	15
9	327
0	0
0	0
1	4
1	8
0	8
0	8
0	4
0	0
1	0
0	8
5	579
6	247
7	531
16	2
4	555
1	267
0	17
0	23
1	0
0	0
0	0
0	0
0	0
0	0
0	0
0	0
1	349
2	358
0	355
0	14
3	40
0	0
5	0
0	21
0	0
0	0
12	9
5	255
0	254
0	202
0	49
1	130
0	207
0	49
0	0
5	0
3	0
0	24
0	0
0	0
1	81
1406	893
3	569
0	512
1	71
11	25
27	22
19	0
0	0
0	0
0	0
0	0
0	0
79	46
8	26
11	0
22	1
22	83
39	0
14	0
43	0
0	0
0	0
0	0
1	22
0	0
0	0
0	1080
0	1103
0	867
0	527
0	406
11	55
1	2
143	0
166	2026
1	2026
0	0
2	0
0	0
2	5
0	5
1	0
9	0
218	448
7	448
4	14
0	0
0	0
0	0
0	0
0	0
0	0
1	1
0	2187
0	97
19	419
0	156
0	1911
22	674
0	1982
1	33
1	203
15	676
1	7
41	9
0	0
2	239
0	222
1	39
1	25
0	0
0	0
0	0
0	0
1	0
0	3841
0	0
0	0
0	0
0	0
0	0
0	0
465	856
38	854
99	280
4	71
12126	4
12	2095
0	777
0	1325
5	1763
0	696
18	0
13	211
30	767
5398	751
7	747
1	0
1	0
0	0
476	44
6	44
0	0
0	0
0	0
0	0
0	0
0	0
0	0
0	0
0	0
0	0
0	0
0	0
1	1049
0	0
1	0
1	10
1	139
0	10
0	139
0	138
110	0
6	210
0	219
1	215
0	232
2	189
3	36
1	5
0	4
30	0
0	0
0	0
0	0
76	0
0	44
1	42
0	44
1	42
0	7
0	49
2	0
27	1037
0	988
0	985
0	63
0	0
0	0
3	2
0	0
0	0
0	0
0	0
0	0
0	0
0	0
0	0
0	3
0	0
0	0
0	0
0	0
0	0
0	0
0	0
0	0
0	0
0	0
0	88
356	110
1	48
2	0
0	0
0	0
0	0
5	60
1	1463
55	1
0	1083
5	26
0	5095
1	7
4	9305
126	299
0	2451
178	1032
4	54
102	6967
87	8974
24	164
1	6777
7	8712
4	7607
215	1415
0	1093
315	0
17	422
1	1746
0	2097
2	738
142	0
142	120
0	0
0	0
0	0
0	0
0	129
3	165
9	0
47	798
10	798
99	437
0	0
0	0
4	0
317	4
9	0
1	0
0	0
0	0
22	0
711	778
32	655
13	117
7	82
0	76
130	0
2624	293
9	140
5	89
106	64
7	6
0	4
1	0
0	2
0	0
0	3
0	0
0	3
0	1
0	31
27	37
3	37
0	2
1	4
0	0
0	0
0	0
0	0
0	2444
0	2573
7	1333
0	1997
0	2499
0	2448
0	2449
0	2502
4	2435
2	208
3	1252
0	0
53	156
0	0
0	0
59	10
0	0
158	12
0	12
0	4
1	1726
655	1728
1	1519
0	5
0	5
3113	57
0	0
2	0
0	0
0	0
0	0
0	0
0	0
0	0
0	0
0	0
0	0
0	0
0	0
0	0
0	0
0	0
0	0
0	0
0	0
0	0
0	0
0	0
0	0
0	0
0	0
0	0
0	32
0	0
0	0
0	0
0	0
0	0
0	0
0	24
0	0
0	0
0	0
0	0
0	0
0	0
0	0
0	0
0	0
0	0
0	21
1	0
1	21
0	22
0	57
0	0
0	50
0	23
4	0
0	5
3	0
1	1
7761	2833
9	1381
148	1487
3	12
0	0
1	51
7	7
0	5
1	1
0	0
1	11
0	11
870	220
0	167
5	78
1	2
0	0
0	0
77	22
0	18
0	2
12	0
1	20
0	18
1	18
21	0
0	0
0	0
2	0
0	0
42	1657
0	1688
60	2249
9	1679
0	1610
1	2045
19	130
15	268
4	118
139	990
0	106
93	31
16	42
3	97
315	0
0	0
3	0
0	0
0	0
0	0
0	0
0	0
0	0
0	0
0	0
0	0
3	0
0	0
0	0
0	0
0	0
0	0
0	0
0	0
0	1
0	1
0	0
0	0
0	0
0	400
0	7
1	898
80	190
13	132
0	769
10	251
0	838
1	5
14	5
0	0
0	0
2	10
0	0
0	2
0	10
393	1787
3	1316
1	556
36	242
1	192
2	57
26	0
30	0
0	0
0	0
0	0
2328	637
0	637
3	15
0	0
0	0
0	0
3	0
0	224
0	224
0	161
0	0
2	0
5	224
0	104
7	224
0	0
5	161
2	161
7	0
0	3
0	3
0	1
0	4
0	3
0	3
0	0
0	0
1	0
0	0
0	0
0	2
0	2
25	0
1	539
64	518
0	514
0	516
6	162
0	0
0	0
0	0
15	18
0	5
1	2
0	0
4	214
0	31
0	88
0	61
0	39
12	3
29	5002
3	965
0	4798
9	4860
0	434
0	0
0	0
4	103
4	118
11	243
7	292
4	321
8	540
620	299
10	304
2	0
0	5
737	2430
0	2430
3136	22
0	159
227	0
1	0
580	0
1331	54
0	3
0	0
0	0
2	6
0	20
3	46
0	3
165	0
0	0
0	0
0	2
1	31
360	529
0	97
1	90
2	178
2	52
0	272
11	220
469	431
13	431
0	0
0	0
1	0
0	0
0	0
0	0
0	0
0	0
0	0
0	0
0	0
0	0
0	0
0	0
0	0
0	0
0	0
0	0
0	0
0	0
0	2
0	2
0	0
0	0
1	0
0	1
0	1
0	0
0	0
0	0
0	0
0	0
0	0
0	0
459	214
0	214
1	52
0	0
0	0
0	0
0	1
0	0
0	0
0	0
0	0
0	0
0	0
0	0
0	0
0	0
16	16
0	0
0	45
11	48
15	3
586	2003
9	407
7	1438
22	223
1	379
4	458
0	40
127	44
1	0
3	20
3	0
0	0
0	0
0	0
0	0
0	0
13	2159
52	2126
1	946
0	1345
2	195
3	52
84	497
2	228
0	0
23	272
0	0
0	0
15	43
0	15
0	39
0	0
0	1
0	3
0	0
0	0
0	0
0	0
0	0
0	0
0	0
0	0
0	0
0	0
0	0
0	0
0	6
0	0
0	0
0	0
0	0
2	172
18	22
0	0
1	1510
0	1510
76	1548
32	12
0	11
104	32
0	0
0	0
0	2
3	2
0	0
0	0
0	0
0	0
179	1595
4	765
0	958
0	748
10	463
0	104
1	2
7	0
1	0
0	0
364	1283
340	1282
0	83
0	28
18	61
1	305
2	2357
0	2166
6	0
0	645
11	660
27	420
7	89
0	86
182	0
0	3
1	3
0	0
0	0
0	0
59	167
0	167
0	31
0	0
0	3
1	0
0	0
1	600
0	33
2	5
1	600
5	127
0	0
0	0
0	0
0	0
0	0
0	0
0	0
5	29
0	29
0	22
3	21
0	0
1	16
0	19
0	16
0	6
0	27
0	31
0	13
0	8
0	0
0	1
0	0
0	10
0	0
7	206
0	206
0	0
3	44
0	0
0	0
0	0
0	0
0	0
0	0
0	0
649	123
1	3
15	69
3	53
0	0
0	0
0	0
0	0
0	0
0	1
0	1
20	472
1	460
1	15
2	37
3	815
0	845
0	48
0	0
10	255
2	0
0	49
0	31
0	200
0	44
0	198
0	1
0	1
0	46
0	46
0	19
0	26
0	0
0	0
0	0
0	0
0	0
0	0
0	0
0	3
0	3
0	3
0	0
0	0
0	0
43	0
0	0
0	0
0	0
0	0
0	0
0	0
0	0
1	0
6	1630
0	1455
0	1237
15	52
2	41
1	0
46	0
0	0
0	0
0	0
0	0
0	0
216	62
0	56
0	18
7	0
0	0
989	0
38	1146
6	1043
1	1080
0	47
22	41
3	73
6	738
0	64
26	31
1	23
10	26
1	0
57	1
3	7393
138	7391
0	7402
0	5804
4	4507
46	4004
55	4127
9	0
6	145
61	1509
0	505
0	503
4	491
4	286
48	292
48	144
0	64
32	0
19	3
3	4
0	0
92	669
3	669
0	178
1	21
0	10
501	3251
15	3126
11	1994
258	1311
6	0
13	0
16	0
125	10
8	10
0	8
2	0
40	1270
40	715
0	0
8	1201
80	0
5	976
9	449
0	0
0	0
0	0
0	0
0	0
0	0
0	0
2	0
0	0
1	265
33	401
8	289
0	41
0	334
10	687
0	1153
1	801
1	1153
6	62
0	78
258	61
18	0
0	0
0	0
5	75
0	0
0	0
0	0
55	5330
0	0
4	5330
14	5333
24	5300
0	5310
0	4917
7	2289
0	0
25	2211
23562	5849
0	0
0	0
1	0
0	0
0	0
14	9353
8	9959
0	11004
4	7398
0	0
0	0
25	41
1	0
0	0
36	81
2	251
58	251
89	308
2	2922
1	8
5	0
102	154
31	148
7	161
0	163
2	104
1	2
1	0
0	0
0	107
0	70
0	0
0	0
0	25
0	18
0	25
9	205
0	221
47	293
1	67
12	45
0	0
0	0
0	0
0	0
2	822
0	829
0	268
1	0
2	416
139	50
0	50
0	0
0	5
0	6
0	6
0	2
0	2
0	4
0	2
0	2
0	2
0	2
0	2
23	3018
3	3037
178	3020
1	296
49	216
0	30
0	30
0	0
0	0
9	1364
26	3535
108	2927
19	1599
2	3113
0	278
0	10
0	10
0	1
0	3
0	0
7	631
0	657
0	645
0	645
5	600
0	672
0	593
2	316
0	630
0	81
0	54
2	157
0	114
0	21
0	37
8	69
0	41
0	0
3	9
0	4
0	9
0	0
0	7
11	7
4	1
972	2
4007	1434
5	1409
20	837
0	454
1	482
2	812
175	1714
95	1705
40	220
122	4
49	1640
48	1639
1	225
0	229
0	181
22	193
0	142
0	61
7	209
18	159
4	95
0	43
1	24
0	62
1650	0
0	0
0	0
0	0
0	28
15	336
4	333
3	2
0	2
0	3
0	0
0	0
0	0
0	0
0	0
0	0
0	0
4	0
0	316
0	303
2	101
0	142
9	303
1250	0
0	0
0	0
0	0
0	0
50	1635
5	78
16	891
0	37
0	766
20	61
424	682
35	680
4	256
0	323
8	50
1	24
1	17
0	12
6	13
2	2
0	0
1	0
0	0
0	0
0	0
0	0
0	0
0	0
0	0
0	0
0	0
0	0
0	0
0	0
0	0
0	0
0	0
17	25
0	25
0	17
5	8
0	7
0	0
3	22
30	7348
38	31
101	4634
13	2843
0	5252
2	6181
0	5731
2	2339
0	1367
0	809
234	1658
12	1087
0	508
1	496
1	124
0	224
0	830
0	805
0	747
0	295
171	1168
11	1168
6	1154
8	282
977	1925
89	1412
4	107
0	349
15	503
33	133
15	114
0	394
4	18
0	5
0	17
0	2
2	0
0	15
2	287
1	140
0	297
6	403
16	286
0	0
6	19
0	0
13	16
4	0
1	231
19	426
4	204
18	32
0	73
25	0
3	86
5	986
4	983
2	1010
0	1052
1	2
59	2624
2	1443
6	1552
2	1693
2	2057
0	2541
0	2540
0	2541
0	0
6	160
9	168
9	535
0	661
4	418
0	582
5	268
4	208
2	171
6	28
1	28
0	0
151	6406
18	20159
1	3463
0	457
0	14609
0	9809
19	3401
6	0
927	0
0	0
909	1708
12	1136
1	265
34	875
2	196
38	747
7	507
3	200
50	277
1137	557
15	525
1	163
3	49
28	32
0	819
0	0
2	0
10	50
46	4452
12	1130
16	1186
31	4199
86	1900
0	17
1	53
2	22
0	324
5	434
0	2328
0	2839
0	0
0	1899
3	2795
0	1747
0	1031
0	2772
0	2718
6	294
7	76
0	1781
0	75
1	1030
0	268
0	109
0	50
0	88
0	74
0	249
2	164
5	162
66	530
4	84
5	131
0	296
0	0
1	0
29	2452
94	91
3	2073
195	2366
73	1045
7	1397
7	395
0	4
0	4
0	52
18	153
1	0
0	140
10	741
14	138
8	91
1	910
6	904
18	493
0	451
6	68
2	0
0	0
0	648
0	849
0	844
2	192
0	1
606	2988
0	13
0	8
0	1
15	14
1	14
72	15
0	7
0	12
14	6
0	395
113	3090
0	3090
46	59
4	221
1	0
0	143
1	0
3	139
87	1101
7	449
0	0
10	234
9	531
24	152
2	176
135	1678
7	345
20	1382
8	461
13	554
11	1256
10	595
4	560
0	384
0	145
3	33
4	1
41	5923
1	0
0	5923
0	0
41	2
0	0
31	48
0	5081
6	578
6	614
2	614
26	108
41	114
6	44
7	27
23	7638
365	7509
8	2795
21	662
1	2656
1	1619
0	0
336	392
0	0
0	1605
2	60
28	1633
35	143
2	83
12	1
0	1
0	0
0	0
0	637
1	10
7	596
0	188
54	611
9	636
1	568
5	126
71	155
11	66
1	43
2	192
0	190
0	54
0	159
6	30
0	46
6	55
0	41
0	0
6	8
0	112
0	107
0	85
0	83
0	73
2	9
0	10
0	8
0	17
0	0
132	1751
12	1476
0	1767
11	272
64	142
0	929
0	929
0	300
0	331
0	331
0	643
0	222
3	741
2	477
0	491
0	427
3	145
0	115
9	379
0	244
0	346
10	144
122	0
2	24
7	474
0	35
16	395
0	403
6	34
0	44
0	0
1	71
0	70
0	34
0	30
0	38
0	0
131	73
0	38
0	53
1	243
0	264
0	243
0	117
0	124
0	0
0	463
45	1260
12	880
4	289
2	386
0	386
2	329
0	591
3	560
0	810
19	697
18	902
38	720
0	705
2	148
1	106
1	1600
1	1370
2	1322
0	0
41	10
0	10
29	0
0	5
388	2
16	0
10	1658
0	1579
0	1658
1	221
1	164
0	926
14	1565
1	123
6	12
0	237
30	837
5	326
0	1
1	0
4	1
0	1
0	0
6	0
0	0
0	0
6	0
13	3433
22	3428
4	3433
87	3540
2	212
0	132
13	204
15	42
15	25
5	25
3	1
19	21
3	11
0	94
2	922
5	1086
11	977
6	285
12	150
261	417
2	417
0	88
0	3469
3	386
4	3469
0	168
0	557
0	3447
66	221
3	2324
0	756
2	750
3	53
37	1808
1	66
2	44
1	1742
4	178
3798	694
0	177
2	638
1	253
15	380
0	1082
135	1343
2	507
5	1166
91	22
345	22
14	2
16	2008
1	62
0	1596
0	905
0	880
0	2051
24	63
1	52
0	23
0	85
0	87
81	52
170	52
604	1705
176	49
5	1678
0	0
0	0
185	0
3	0
193	275
4	275
2	0
5	950
1	945
7	812
4	815
0	691
0	39
0	64
0	47
1	2
2	32
0	39
1	72
3	19
3	18
0	99
0	31
0	2
0	0
0	0
3	1072
10	900
0	259
0	259
0	657
7	946
0	397
0	633
2	61
0	506
1	183
0	105
3	0
16	2086
0	2195
31	2197
0	2294
3	31
0	0
10	4
36	2241
134	879
0	2248
0	2279
0	0
0	0
35	33
46	415
0	1947
27	19
2	131
38	648
24	0
115	1
0	221
61	186
1	119
23	68
14	28
0	965
64	1438
1	383
8	684
6	723
1	276
0	1142
2	1049
0	976
0	242
1	0
1	487
73	312
0	55
29	68
0	0
8	1773
2	15096
29	16799
11	13434
0	3296
121	3337
0	2913
0	1646
0	294
1	726
2	1236
0	444
0	1226
3	227
29	87
0	16
5	90
0	90
0	0
11	65
0	0
11	7857
0	7865
0	7890
0	7865
2	7880
5	5379
524	11102
4	2156
6	1173
11	161
5	0
74	161
866	601
5	601
13	474
5	63
24	933
81	933
4627	347
2	203
7	190
2	180
0	34
0	164
0	170
13	3
0	37
7	210
4	210
0	77
2	20
0	0
0	18
1	8
0	6
3	0
960	373
9	248
45	311
5	359
112	0
44	2
38	31
0	333
0	285
1	86
0	130
1	115
0	113
3	33
0	14
29	2481
101	2597
5	885
0	2264
0	165
15	161
21	835
133	86
0	29
0	0
0	26
1	16
0	21
0	0
12	2308
57	0
21	545
389	2308
64	667
2	617
7	798
81	851
1	800
2	833
16	401
0	3519
0	3758
2	3507
9	2638
1	2943
0	1806
8	2265
4	810
7	269
619	994
8	994
695	0
80	3600
50	5844
545	9181
133	6212
1060	6680
2	5412
0	1701
27	5147
27	852
1	3690
1	4231
28	6637
0	0
0	0
0	0
0	0
0	0
0	0
0	0
0	0
0	0
0	1
0	1
0	112
200	112
0	97
0	0
0	0
2912	35115
26	7151
8	29865
146	20663
0	0
0	0
6	0
184	92
2	92
38	258
8	258
0	0
0	0
1	5
0	2
0	3
0	66
0	0
0	0
0	0
0	0
0	28
0	0
0	0
0	0
0	0
0	0
0	0
0	0
0	0
0	0
71	0
0	0
8	0
0	0
445	123994
0	115689
0	52
1	61
547	122958
0	53
0	61
2064	19065
8	14599
4	17
0	0
0	0
1	0
2	0
2	0
1	0
0	0
7	0
0	0
0	0
0	0
4	392
0	267
2	0
0	0
0	0
0	0
299	0
0	0
0	0
23	0
0	0
0	0
0	0
0	0
0	0
0	0
0	0
0	0
0	0
0	0
0	0
34	1133
0	0
0	0
0	0
0	0
0	0
0	0
0	0
0	0
0	0
0	0
0	0
0	0
0	0
1	0
3	0
0	0
0	0
0	0
0	0
0	0
0	0
0	0
0	0
0	0
0	0
0	0
0	0
0	0
0	0
0	0
0	0
0	22
2	25
1	6
0	0
0	1
0	1
0	0
0	0
0	0
0	0
4	81
0	0
0	0
0	0
0	0
0	0
0	0
0	0
0	0
1	0
2	0
0	0
0	0
0	0
0	0
14	6
0	0
0	0
0	0
24	0
0	0
0	0
496	78
0	0
8257	6412
47	1821
0	4964
0	0
0	0
0	0
0	2
0	2
0	0
0	0
0	0
0	0
0	0
0	0
0	0
0	0
0	0
0	0
0	0
0	0
0	9
0	3
0	0
0	0
0	0
0	0
0	0
0	0
0	0
0	9
0	9
0	0
0	0
0	0
0	0
0	0
0	0
0	0
0	0
0	0
0	0
0	0
0	0
1	0
0	0
0	0
0	0
0	0
0	0
0	0
167	64
4	18
21	64
0	0
0	0
0	1
0	1
1	0
4	0
6	0
0	0
0	0
37	482
58	482
7	392
0	268
0	0
2	0
2	0
19	6
0	1
1	9
0	7
0	7
0	7
1	0
0	0
0	0
0	4
0	4
0	0
0	2
0	0
0	0
0	2
0	3
0	1
1	0
3	582
1318	730
4	729
0	0
4	1
1	0
0	1
0	3
0	36
0	36
6	44
0	42
0	31
0	14
0	8
0	30
1	30
1	8
0	9
2	31
0	7
0	4
642	1328
2	1191
0	150
0	628
0	85
2	466
0	95
5	8
30	0
8	0
0	0
0	0
1	117
10	1285
22	1317
0	976
15	5
1	173
0	23
0	0
7	0
0	306
2	375
9	727
2	183
0	189
0	476
0	58
0	415
0	190
0	2
0	0
4	4680
0	4666
0	4666
0	1230
9	1181
0	0
6	731
2	18
30	54
1	506
2	616
0	706
9	13
1	23
0	7
3	37
1828	3386
4	612
8	2774
3	2388
18	0
0	0
1	6624
507	7050
38	1667
0	4764
0	535
0	405
0	47
4	775
0	29
0	735
1	2
0	76
0	750
0	18
8	745
0	756
2	84
0	33
0	37
0	433
0	765
11	47
0	0
81	1726
4	847
0	1370
0	1675
0	226
5	21
0	21
1	5
17	5
0	336
0	0
0	253
26	720
0	1060
0	942
0	1006
3	919
5	139
1	112
0	31
19	0
0	0
263	2990
0	3167
0	1263
7	2742
48	2155
6	1980
0	202
5	192
26	1130
17	1130
2	1028
0	1125
1	125
9	2
0	0
8	98
0	0
342	665
7	95
0	601
14	200
55	291
0	2
0	8
0	7
0	1
0	0
0	5
52	352
7	120
3	65
0	30
6	55
1	111
9	217
20	129
285	62
0	0
64	0
1	72
1	3
0	0
0	4
1	30
0	0
0	39
0	38
5	28
0	41
0	35
0	32
0	25
0	9
0	4
1	1
0	4126
0	4207
0	4128
77	871
0	1322
105	384
1	338
11	280
2	9
27	0
190	75
0	52
0	78
5	16
2332	1712
15	389
0	1447
3	1
3	805
0	977
2	40
0	40
21	184
0	126
0	120
4	83
0	8
781	64
2	64
62	234
2	271
2	57
0	231
0	2279
112	2245
10	1040
5	41
2	208
0	149
0	1590
8	918
0	41
2	41
0	32
0	0
2	4
2	4
8	4
0	728
1765	1558
18	261
1	643
0	74
0	394
1	905
17	764
7	146
122	1866
0	1930
3	1951
10	1989
9	585
0	0
14	41
1	0
0	0
0	49
0	0
15	26
0	40
1	718
0	881
0	1355
0	1280
14	71
0	763
35	607
13	0
24	704
11	90
0	50
3	55
227	0
88	6052
609	6052
9	116
0	0
0	0
0	0
0	0
0	8621
0	7351
0	6348
0	2297
0	7348
69	104
0	6340
10	5246
0	894
22	25
47	61
55	761
2720	749
34	175
26	0
7725	1967
1	1957
1	411
3	409
0	6
0	16
0	2
6	942
1	939
0	330
0	0
0	173
0	182
2	150
1	73
0	48
2	4
0	54
54	715
2	675
0	776
0	1044
0	929
0	1153
3	71
67	514
0	149
1	48
0	369
0	177
0	154
0	127
0	12
0	92
0	213
0	161
8	0
6	1268
0	1341
28	134
129	398
1	100
0	0
16	171
0	0
0	0
13	478
0	71
14	389
4	71
2	469
1	68
14	77
2	109
2	45
0	0
270	1268
0	1269
1	598
4	140
5	1
1	1
0	1
2	15
0	15
0	6
0	5
0	5
0	5
5	58
7	52
0	25
2	29
0	9
342	4161
3	194
110	3245
35	3218
1	0
0	0
0	0
0	0
112	1552
5	572
0	246
2	237
0	1316
0	159
0	63
0	145
0	300
29	0
0	105
0	0
25	501
0	408
3	237
5	74
4	14
456	214
26	214
8	10
0	0
11	132
0	250
3	2325
0	2358
9	1
0	65
0	2295
2	103
16	1666
0	2327
0	2112
17	86
4	2105
98	35
2	185
11	189
0	35
491	197
1	31
0	0
69	8
0	3
1	5
0	343
0	363
0	235
0	1
107	13
1942	90
0	0
408	0
36	5455
41	87
4	10718
0	2
50	87
193	10931
149	16541
0	2
0	5608
0	5610
2	1
0	1
1075	0
10	0
78	0
759	3109
967	1210
1879	1210
71	28
0	28
0	827
0	1
0	0
0	1
0	362
0	362
0	0
0	0
1	0
10	0
0	253
2	253
0	11
0	4
0	4
0	826
0	3
2	0
0	827
0	0
0	0
0	835
0	834
0	0
0	6
14	6
673	16733
377	16732
5	1137
78	912
0	1886
35	634
0	0
172	139
0	89
9	70
2	102
10	0
744	49
1	42
0	42
0	21
0	49
107	1199
84	1239
6	844
1	7
1	1174
4	422
0	525
1	579
4	223
1	253
1	2
4	331
0	502
3	102
0	56
1	56
2	10
0	8
9	47
1	47
0	6
0	407
2	300
1	9
2	407
2	386
1	21
0	56
0	110
0	77
24	21
6	6
0	21
6	38
0	34
10	623
16	577
0	97
18	233
0	195
1	162
0	0
10	0
80	1450
24	1402
2	159
8	0
0	5
0	5
0	4
0	1
0	1
0	0
0	4
0	5
0	4
0	5
0	0
143	1438
4	1050
4	173
0	246
0	280
6	411
0	51
0	0
0	0
0	0
70	25
0	0
0	0
0	0
214	477
22	28
16	184
3	231
15	24
7	78
26	23
22	176
18	55
103	381
0	332
0	15
35	63
0	16
0	14
6	14
2	2
0	0
6	0
0	0
0	0
369	545
3	20
9	525
4	0
66	104
0	101
0	4
3	103
2	29
0	186
130	580
0	201
0	522
0	506
1	53
0	0
0	2664
0	5
1	2663
0	0
0	20
0	0
0	0
1865	4459
14	4292
2	1913
0	3
12	22
0	0
309	1451
4	1293
0	226
26	527
10	15
0	0
5	642
2678	681
59	0
30	37
0	0
1	0
0	0
15391	6
0	0
1	890
262	890
30	0
982	574
2	320
2	165
0	256
1	0
61	28
11	111
0	111
0	0
0	0
1	0
0	0
0	0
0	0
0	0
0	0
0	0
0	0
0	135
0	0
0	0
0	0
0	0
63	132
3	132
0	97
12	526
0	522
0	650
4	654
12	195
227	0
0	7
0	6
0	1
0	0
0	228
0	0
0	0
0	0
0	0
0	0
3564	0
4	0
0	0
0	0
0	0
0	0
84	413
1	413
0	67
5	9
2	52
62	0
0	0
0	0
21	0
0	0
6	0
0	0
0	0
0	0
5	69
0	0
0	0
0	1
15	5
0	0
0	1
0	3
0	0
0	0
0	0
649	975
0	121
56	852
1	10
1	105
0	113
64	822
0	512
7	0
0	314
7	6
0	0
0	0
0	0
0	0
2	0
0	1
0	1
1789	13
0	0
23	0
6208	2150
76	0
1	423
10	694
80	0
170	0
0	745
5	396
43	0
0	0
0	184
0	0
0	0
408	0
0	115
17	150
3	128
1	124
421	711
7	42
31	672
0	23
0	0
11	2
4	35
0	35
10051	1196
1	641
67	553
40	0
0	0
0	0
0	0
16	33
1	10
0	23
2	8
0	0
16	212
934	1194
10	977
4	0
3	0
0	0
0	0
38186	5095
14	2356
40	0
4	2733
99	0
1	0
0	0
13	133
0	133
191	325
0	268
0	225
2	11
10	117
39	0
40	11
0	0
0	0
0	0
0	0
0	0
7	160
0	155
0	37
0	28
1	0
6	0
0	38
246	736
0	643
2	117
0	384
2	89
0	35
1	134
0	2
0	0
0	0
0	1
0	1
0	1
0	0
1	0
1	11
0	0
2	14
0	14
3	0
1	0
0	0
0	0
0	0
0	0
638	171
0	102
0	169
0	18
0	1
0	1
0	1
0	1
0	1
0	1
0	0
0	0
0	0
0	0
0	0
0	0
0	0
0	0
2	0
0	0
0	0
0	0
0	0
0	0
1489	609
35	156
0	405
4	88
8	165
43	59
42	18878
0	18517
0	13084
1	16471
9	18429
0	15385
0	17816
409	1310
155	1
6	2743
0	2157
0	1714
9	2158
11	11616
24	517
12	367
33	1340
1659	2132
0	367
11	683
0	107
2	500
3	377
1	1546
2	1247
10	271
24	0
0	0
0	0
0	0
0	0
0	0
0	0
0	0
0	107
1	41
1	112
0	47
0	78
1	11
0	1551
77	1247
0	1341
2	677
1	1271
0	303
0	0
1	0
0	0
395	2472
33	2392
0	152
9	107
10	60
0	614
53	0
10	1369
0	0
0	0
0	0
0	23
0	60
0	58
0	28
0	23
0	23
0	4
0	61
1	22
0	13
0	0
6	81
0	0
0	0
0	0
67	581
0	1
20	580
0	0
4381	3623
0	3492
0	3649
10	2753
58	88
0	205
4	2252
32	0
0	0
0	0
0	0
0	0
20	0
0	344
1	370
0	328
20	166
0	124
0	0
0	0
0	63
0	34
0	75
1	697
0	626
0	636
0	737
0	807
0	419
0	116
1	56
0	8
3	5
0	1
0	0
2	47
2	48
0	10
3	0
5	0
3	0
5	4
0	9
0	0
0	6
0	0
10	935
170	1262
8	853
1	107
58	0
0	927
5	984
13	984
0	902
26	948
6	229
11	872
2	71
0	349
3	42
315	4544
114	4540
3	2705
24	0
31	0
18	0
0	0
15	0
11	0
0	0
75	0
87	0
55	4
16	0
144	0
128	0
194	0
0	0
0	0
0	0
0	0
0	0
31	1232
0	990
0	599
0	746
46	643
34	58
48	0
5	183
3	40
24	0
19	0
0	0
5	0
8198	4
74	0
23	0
0	0
10	0
0	0
0	0
10	7
2	0
7	0
0	0
282	72
4	72
5	2016
512	2340
11	2250
3	1062
2	656
3	157
0	590
0	607
0	580
0	578
0	605
0	55
1	68
13	6
5	20
4031	3860
31	0
4	463
36	2
2	168
2	65
79	132
0	646
112	769
1	547
3	670
4	191
3	77
0	158
1	35
0	140
52	36
0	0
453	45
3	0
5	45
2	0
1	2688
2	2713
3	223
52	202
0	0
0	0
1	0
328	134
7	110
0	134
0	123
4	0
0	0
549	391
0	275
22	223
85	64
0	64
45	0
567	2350
2	2028
0	1017
51	0
4	444
81	0
87	0
45	0
12	19
1	18
2	19
0	9
0	0
0	5
0	6
0	0
2	13
0	8
3	2
0	5
1	5
46	0
0	0
1	0
356	9502
2	8289
3	1350
104	1978
4	1123
15	216
38	1810
0	750
0	509
44	1611
2	463
12	45
6	126
16	10
0	3
3	6
0	0
0	0
0	0
3	0
0	0
0	6
0	6
1	4
9	90
0	0
0	0
2	0
0	0
0	0
12	2
0	0
0	2
0	0
0	0
0	0
0	0
0	0
4	0
0	0
1	132
31	20
0	128
0	128
0	134
488	1552
3	168
257	0
225	1547
15	6
282	24
51	3765
0	3612
239	3581
1	1283
0	1242
5	152
21	306
189	3461
69	610
0	32
5	2981
0	898
31	2506
0	60
0	1168
2	933
0	0
87	0
3	0
0	126
0	22
1	21
0	110
4	267
0	19
39	140
75	27
0	53
13	366
0	16
83	21
0	18
484	4
0	0
0	0
0	0
2	0
0	0
0	0
34	0
67	0
0	0
0	0
0	67
162	67
1	40
0	0
0	0
0	0
0	0
0	1
0	1
1	0
2	1302
2	1302
3	9
2	9
0	9
287	1490
803	1490
0	4
0	0
1	4
0	4
0	219
0	213
0	130
0	9
6	36
0	3
11	48
0	9
1	15
0	0
0	0
3	2
0	2
6	601
401	1685
44	1414
1	85
23	608
0	0
0	2853
64	3095
3	442
2	995
6	56
11	50
3	303
85	223
1	746
1	973
1	66
7	395
4	363
0	124
4	69
0	0
2	0
5	57
0	0
4110	380
1	129
1	294
113	0
68	487
0	485
4	413
30	154
25	154
1	124
3	85
1	28
0	29
1	28
0	7
0	15
16	2267
3	1306
1	1820
0	1254
0	1069
0	1816
6	0
0	0
117	159
2	123
0	115
0	71
0	50
2	288
1	262
1	127
0	92
0	79
2	28
0	0
180	11
0	0
391	617
0	570
1	161
0	42
0	0
304	1283
0	482
3	660
4	798
3	0
1	1
0	1
0	0
20	77
2	77
1	32
1	819
33	894
16	894
0	856
0	99
0	46
2	150
11	64
0	130
1	64
0	9
0	9
0	24
0	4
0	8
2	22
1	3
0	17
10557	2
0	6
0	6
0	0
20	755
0	158
18	760
0	76
0	81
6	582
5	579
2	589
14	211
2	108
0	116
8	92
0	119
0	95
5	25
0	0
10	2
0	2
6	0
0	0
0	0
2723	160
0	67
1	0
186	13606
360	13606
69	0
44	9008
0	0
1	0
5	0
7	124
0	29
0	46
2	124
2	35
0	35
0	48
0	35
2	48
0	57
0	22
414	142
1	120
0	9
0	16
0	2
0	1
0	26
386	3578
24	3521
0	1683
5	969
28	449
0	0
0	0
749	2215
0	2165
0	2165
0	27
0	276
0	71
0	0
27	0
0	0
0	0
0	0
3917	2
0	0
8	2640
177	2640
0	0
0	173
25	506
28	506
2	0
251	210
0	55
4	50
0	0
5	54
0	10
3	43
0	66
3	1275
5	104
3	179
0	121
3	1249
59	1020
5	207
0	129
2048	573
9	100
1	495
3	1
0	0
0	1
0	1
1	1
0	0
917	1210
11	491
3	16
10	314
1	383
1	149
56	152
0	147
0	6
0	2
0	6
0	5
0	0
0	2
0	2
0	2
0	1614
39	1673
19	1363
36	485
0	329
1	192
15	528
273	297
0	0
0	0
0	0
0	4
0	1
2	4
0	1
0	4
0	7296
111	7296
1	0
0	0
0	0
0	0
0	0
7	23
28	23
8240	967
1	963
0	0
10	459
0	81
0	5
4	14
24	378
0	55
0	24
0	26
0	21
0	8
0	8
0	8
0	8
0	8
0	8
0	8
0	0
0	8
0	0
0	0
0	0
0	0
0	463
0	463
214	245
100	0
0	0
0	0
0	0
0	0
0	0
0	0
0	0
0	0
0	0
0	0
0	0
0	0
1	9
0	0
0	0
0	14
0	0
0	0
0	0
0	0
0	0
0	0
0	0
0	0
0	0
0	0
0	0
0	11
1	11
0	2
0	6
0	88
39	596
6	667
27	476
0	508
2	43
2	78
2	37
48	35
0	0
0	0
0	0
0	6
6	21
0	1
0	0
0	6
0	0
0	9
0	0
0	0
0	0
0	5
0	1
0	5
0	0
0	0
0	0
0	0
568	0
2	0
3	31
0	29
4	20
0	13
21	11
0	3
0	10
0	305
0	0
1	85
13	171
76	126
10	341
33	16
4	92
0	0
0	0
0	0
0	186
3275	398
2	0
5	0
0	0
0	203
36	7
7	527
0	509
0	25
0	27
0	0
25	489
0	0
407	226
23	47
22	179
1	89
0	0
0	0
0	0
0	0
23	2
0	0
0	2
0	867
0	955
2	380
1	110
6	296
0	0
20	22
5	14
1	99
0	0
0	0
287	508
5	150
2	288
0	182
0	218
881	133
0	80
0	96
0	91
12	7
1	0
31	394
0	0
3	0
11	0
2	216
5	166
2	171
5	85
44	106
1	48
0	4
5	8
26	5
4	255
0	3
0	286
1	253
69	275
0	0
0	90
0	0
11	0
4	22
18	0
1706	701
2	0
197	25
9	239
1	738
5	115
16	138
0	0
9242	4786
2	4535
62	100
323	1681
0	1271
216	528
3	404
32	1364
0	1354
12	800
7	885
3	889
10	99
4	121
0	50
0	0
0	0
0	0
0	0
9	845
0	145
774	784
0	103
3	81
0	49
21	115
0	115
0	17
17	0
13	5
0	0
0	0
2	0
0	0
0	0
0	1
0	0
4	6
0	5
0	3
0	0
0	17
0	20
0	18
0	17
54	960
8	719
0	767
1	541
48	0
0	0
0	0
0	0
1	0
0	0
0	0
1	0
0	0
0	0
0	0
2	0
6	0
6	0
7	0
6	0
92	19
0	15
3	10
0	4
0	0
2	4
3	0
0	0
87	558
7	792
8	789
2	333
0	93
0	102
3	32
2	24
133	2
180	44
193	0
98	198
0	101
0	0
0	2
0	2
2	19
0	0
0	0
0	0
0	0
0	0
0	0
0	0
0	0
1	0
0	0
0	103
0	0
0	41
3	10
0	2
0	26
0	32
0	31
2	24
9	19
1	0
22	2
0	0
2	151
26	1199
7	1199
0	457
0	97
2	6
0	0
0	0
0	0
0	0
449	244
2	97
4	76
5	133
0	0
0	0
7	0
99	4882
13	4482
0	2636
6	123
47	0
5	1583
3	1498
0	541
0	122
0	413
1594	486
306	75
121	14
3	14
0	5
2	0
0	0
0	0
0	0
0	0
1	0
0	0
15	0
704	2041
1	244
32	415
0	1535
26	0
4	5008
18	5979
0	3904
79	0
41	11
6	253
65	0
15	120
0	0
0	0
0	0
15	1317
0	25
2	164
26	571
6	177
19	6
0	970
0	28
6	0
6	18
2	5
0	4
0	0
0	0
0	0
0	13
0	0
0	0
0	0
0	0
0	2
0	0
1	1940
0	0
768	1458
0	859
24	419
0	108
4	512
1	885
30	0
3	1234
0	399
775	776
0	470
0	204
13	28
2	187
19	4
0	0
0	0
4	32
0	0
3	71
1150	930
0	65
0	0
1	0
3	33
2	34
0	358
0	505
37	689
7	62
12	1528
0	2809
114	2806
0	2810
0	0
318	2
3	164
0	0
29	0
2	0
1	0
0	0
0	1
110	7924
49	8153
35	1029
6	0
0	0
0	0
0	0
0	0
0	225
2	0
0	0
0	0
604	0
0	0
2011	29
2087	1595
8	335
1	1003
5	1033
36	839
0	889
0	62
1	210
78	16
34	356
8	0
0	1
0	0
0	1
0	1
0	0
1	1
0	0
13	2021
18	3483
0	3457
0	2435
0	2926
0	248
0	0
7	0
1	35
29	0
34	0
133	2693
0	66
0	31
3	2562
15	1
1	107
2	104
1	490
51	407
1	476
2	454
0	55
0	14
0	0
1	0
297	0
0	0
140	240
78	178
1	284
0	4
0	0
0	34
1	25
0	34
0	32
0	15
1	22
0	14
6	0
0	0
1	0
0	0
0	0
0	0
0	0
0	0
0	0
19	0
44	39
0	0
0	0
0	0
0	0
0	0
0	0
0	0
0	0
0	0
0	0
0	0
0	0
0	0
0	0
0	0
0	0
1	0
1	42
1	21
0	3
0	22
0	1
0	1
1	15
0	15
0	0
0	0
0	0
0	0
124	0
0	0
8	0
1	1
1	4
0	3460
0	3242
4	3466
133	1178
0	3865
72	480
34	1088
6	1660
64	1623
0	2285
0	2392
0	3645
0	1668
20	225
46	2298
2	2497
238	0
154	0
71	0
22	0
10	0
0	0
92	0
47	0
76	33
0	442
0	266
0	655
0	1310
0	380
1	380
0	611
84	0
0	379
118	10
2	340
0	153
1	615
0	482
2	58
0	2
4	0
2	8
0	21
0	14
5	94
4	180
0	172
0	0
1	0
1	0
1	0
0	0
1	0
9	12
3	63
0	71
4	53
0	59
1	0
1	6
2	4
1	1
0	0
0	0
3	0
4	3
0	0
0	0
10	0
14	0
9	0
7	0
3	0
9	30
0	29
5	0
0	0
0	0
0	0
0	4
0	3
0	0
655	525
7	421
0	0
0	0
0	0
0	0
0	0
1	193
0	67
1	398
0	409
2	374
0	398
27	184
0	0
0	133
1	24
0	0
0	1025
0	1081
132	1011
0	72
8	2
18	0
14	0
4	135
0	0
1	1
51	1754
0	25
0	1368
0	1417
49	1727
11	2092
280	2104
0	1362
5	111
5	9
0	21
91	56
1	39
0	56
1	7
56	0
8	0
3	0
0	0
34	404
1	404
1	0
0	0
0	0
0	0
0	0
0	0
0	0
0	0
0	0
0	0
0	0
3	0
0	0
0	0
3	1
0	0
1	1
0	0
0	1
0	0
0	1
0	0
0	0
0	1
0	0
0	0
91	197
0	152
0	21
0	34
0	0
0	133
0	0
0	0
0	0
0	29
1	0
0	0
10	1260
0	1117
1756	1303
0	263
19	0
0	10
6	62
0	47
1	46
0	0
0	0
0	1
2	0
7	28
0	0
0	15
0	3
0	0
0	0
2	2
0	2
0	1
0	0
0	0
0	0
0	0
0	0
0	0
4	0
1	0
9	178
0	90
0	103
5	3
0	9
0	67
0	165
611	165
154	736
0	158
0	146
40	500
551	587
2	151
72	0
1	436
78	398
2	330
0	61
2	35
430	999
17	334
0	164
2	80
0	549
0	55
0	84
7	3
0	8
1	265
0	0
1	0
0	0
0	8
0	10
1	13
14	15
0	5
0	0
0	0
1	0
1	0
0	0
0	89
48	94
6	7
0	20
0	70
0	6
2008	1569
7	1477
50	0
67	92
253	6211
20	176
91	7251
1	4436
3	4221
6	2991
11	37
116	465
1	4
0	4
0	0
0	0
0	0
0	0
0	0
1	0
0	0
0	0
0	0
0	0
0	0
0	30
0	0
17	0
0	435
7	406
0	427
59	12
0	297
33	21
0	20
0	40
34	0
3201	704
55	686
0	0
33	25
0	25
2	11
1	0
2016	100
1	98
15	70
2	34
0	0
163	3732
19	3656
3	3884
3	99
3	3827
0	330
0	0
2	0
0	0
0	0
0	0
1689	24
0	0
0	0
0	2
0	0
0	2
0	2
0	2
1	0
0	1610
143	1610
10	397
1	591
0	292
0	177
0	39
147	0
677	857
92	97
4	682
17	0
0	159
0	0
15	0
0	0
31	0
0	504
0	479
1	374
0	366
0	156
0	146
0	38
0	0
111	527
0	499
6	29
1	423
0	0
16	0
9	0
0	259
15	95
630	162
76	42
0	139
1629	486
0	191
41	295
45	246
79	0
2	1616
15	1381
1	826
36	0
0	217
20	891
8	638
24	0
0	0
12	1792
35	1012
0	1762
6	549
0	19
229	3
61	14
0	56
5	29
7	0
0	0
0	0
0	0
0	0
0	0
0	0
0	0
0	0
0	0
0	0
1	0
0	0
0	0
0	0
0	0
0	9
26	22
1	1
0	14
0	0
43	0
0	0
0	0
0	0
0	0
0	0
10	0
0	0
0	0
0	0
0	0
0	0
0	0
0	0
2647	336
1	94
1	6
4	183
0	42
1	38
0	38
1	0
0	33
0	3
3	2
0	0
1	5
0	1
0	0
0	1
0	0
0	0
0	0
0	0
0	0
0	1
0	1
1664	241
59	237
103	56
0	29
23	0
102	3
0	1
30	1
1	2734
66	7983
7	3047
38	9564
1	330
2	1148
1	2267
696	9753
7	563
16	2608
1902	359
0	9422
0	8359
0	537
48	212
27	5955
0	0
3	822
847	928
0	878
7	117
1	0
1	165
2	35
1	3
0	146
0	129
1	106
0	115
0	44
0	3840
16	2124
0	1655
7	2410
1	3181
0	3067
3	335
52	8
135	1181
44	18
82	0
1	1483
66	529
0	1513
23	1488
11	1469
0	0
0	0
67	0
52	0
12	837
0	0
0	0
0	0
0	0
2	0
0	25
10	25
0	22
0	0
0	0
12	4
0	0
0	0
0	0
1	149
1753	2030
0	1886
34	0
0	0
0	0
1	328
47	13
24	0
0	136
4	11
0	0
0	2
0	0
0	0
0	0
19	174
7	71
1	165
0	64
0	0
0	0
0	0
42	0
0	0
0	0
0	1
0	0
0	0
0	0
0	0
1	0
0	0
1231	8593
52	6701
3	1219
7	1756
48	1332
22	1960
16	693
1551	298
39	116
1	101
0	0
23	0
4	1
27	141
0	0
4	0
3	577
30	24
95	1259
0	466
7	48
1	14
12	403
59	764
90	579
0	579
0	225
0	113
0	18
4	1
17	17
0	0
0	0
3	0
0	0
20	62
4	64
0	0
32	2
0	338
21	115
2	317
0	13
4	37
0	63
0	0
0	0
0	0
0	0
2	1
0	0
0	0
1	0
0	1
0	0
0	2446
75	8466
39	1448
0	6085
1	0
1	9
0	9
0	0
0	0
0	0
0	0
0	0
0	0
0	0
0	0
0	0
455	1482
0	36
18	12
0	0
0	170
1	1128
3	201
1096	1827
1	851
1	329
2	440
1	477
246	286
10	144
0	0
0	0
1310	1647
0	0
38	935
1	1128
0	369
4	946
0	236
0	0
1	0
0	0
0	0
10	0
32	1154
0	1082
0	160
0	96
0	241
0	122
0	157
4	797
2	2
1	386
1	2796
29	2679
0	2578
0	1113
0	1081
2	495
27	0
64	245
0	45
19	35
0	0
0	0
0	0
0	0
0	0
1	2346
0	0
0	0
0	0
0	0
0	0
0	0
0	0
0	0
0	0
0	0
0	0
0	0
0	0
0	0
0	0
0	0
56	39
0	37
29	2
0	1
5	6
0	32
0	37
0	0
0	0
0	4
6	17
0	17
0	7
0	8
0	8
0	0
3616	2823
0	1750
0	1750
0	1750
2	2067
48	3
1	511
3	496
13	463
0	501
0	461
0	1303
1	495
0	144
11	213
0	219
0	165
10	51
35	555
653	716
0	159
8	41
3	595
0	26
0	593
0	106
0	624
0	69
20	1
2657	812
4	807
0	0
0	0
0	0
2	126
6	120
2	41
0	107
2	36
2	0
4	0
0	11
0	0
1126	0
62	0
0	0
2314	4041
1	3426
0	3444
1	3273
0	0
0	3087
29	0
0	2763
4	465
9	251
1	432
13	471
6	777
43	204
0	0
12	0
0	0
0	511
1	0
0	0
0	0
0	0
0	0
0	0
0	0
0	0
0	0
0	0
0	0
0	0
0	0
0	0
0	0
0	0
0	0
1	0
0	0
0	0
0	0
0	0
0	0
3	758
1	907
6	642
0	453
7	271
2	113
38	0
23	163
0	37
0	0
0	0
11	12
1833	145
2	102
55	0
20	0
56	46
0	4282
65	7688
5	5876
80	0
9	386
0	0
33	0
0	0
44	2667
7	867
1038	4053
0	4454
0	2558
0	560
1	0
17	330
32	330
0	0
0	0
577	454
9	143
0	201
1	0
9	68
16584	877
0	0
3	1438
2	14
22938	709
4	0
0	16967
0	16967
33	0
87338	12175
18	1557
0	10548
5	3
0	3
0	0
142	21
0	494
0	517
2	270
0	494
31	218
9	453
0	70
0	9
0	30
0	120
3	142
0	209
2	71
1	16
41	165
0	24
0	51
63	16
0	1
0	0
0	0
1	0
0	15
9	189
21	187
0	34
0	87
1	29
0	71
2	25
590	0
1	3
21	3
0	0
760	1780
0	1778
0	255
36	516
35	120
2703	120
20	70
36	459
0	460
0	40
4	6
9	229
13	30
0	160
2	593
11	444
0	583
0	4
1	0
0	3
0	3
0	2
0	0
0	0
2	0
0	0
19	686
15	93
14	682
0	19
1	118
38	0
0	0
4	0
0	0
0	0
21	2151
95	2441
0	2479
5	1507
1	68
0	282
11	75
38	11
90	403
3	65
7	399
0	5
1	39
0	38
1	9
1	10
1	11
13	10
403	4121
217	2659
4	3053
118	1090
16	299
3	434
13	341
69	576
0	0
3	30
0	0
0	0
48	35
0	12
0	20
0	13
0	10
1	0
0	48
1	48
2	20
0	19
1	12
0	2
0	0
0	10
2	0
2	0
473	4875
6	4839
6	4839
376	4837
3	670
0	452
0	452
0	0
69	34
37	384
0	414
0	1067
185	1077
4	512
15	2
1	504
0	0
0	0
0	0
0	0
0	0
0	0
0	0
0	0
0	0
0	0
0	0
0	931
0	2049
0	848
0	835
0	2008
0	2176
0	2225
0	2139
3	1606
0	1574
0	1624
0	1609
0	1595
3	170
5	192
0	41
60	4
0	84
39	153
36	77
2	0
0	0
0	0
0	0
0	0
0	0
0	0
0	0
1	0
1	0
0	0
0	0
0	0
52	1193
0	0
0	0
0	0
0	0
0	0
0	0
0	0
1	0
0	0
0	0
0	0
2	0
264	126
1	12
0	52
0	12
0	50
0	52
0	15
2	39
1	10
0	0
66	26
0	4
14	19
1	4
0	0
31	16
0	16
0	1
2	0
0	0
0	0
0	0
0	0
0	0
0	0
20	1625
515	3249
0	1252
13	948
2	603
0	1696
15	112
0	2
1	2
1	669
0	351
1	0
9	0
4	7
56	710
3	711
0	341
0	38
1	4
86	7
390	4072
23	1045
0	2884
294	2256
0	2783
174	385
0	2899
0	3634
0	3679
0	3679
9	53
0	418
20	200
0	628
0	629
2	246
239	1520
1	89
219	19
1	198
9	138
5	155
0	109
0	92
0	100
0	23
0	8
0	45
0	40
0	9
0	14
2	16
0	12
0	10
22	3
0	6
0	4
255	248
2	225
0	167
5	13
1	13
3	0
0	51
96	78
1	51
0	3526
3	3399
45	3476
50	1201
5	164
1	333
78	1
20	741
2	394
4	0
1	450
8	32
2	0
39	0
37	0
10	1515
1	500
1	3493
0	264
5	137
4	1385
2	2701
0	3469
147	0
19	323
20	2
0	2
0	2
0	0
782	1846
7	256
0	849
3	678
0	673
0	287
0	24
0	559
12	0
0	0
42	2
0	0
0	0
0	0
0	0
1	2
0	0
0	0
38	5
0	1
0	4
2	0
8	0
0	0
0	0
1	0
2	0
0	0
0	0
0	0
0	0
0	0
0	0
0	0
0	0
0	0
0	0
0	0
11	1
0	0
0	0
0	0
0	0
0	0
0	1
1	1
0	0
123	1035
0	1318
3	1358
0	1113
4	1257
0	951
1	844
0	911
0	798
0	232
0	360
0	1
1	0
9	33
0	0
2	0
1196	1391
3	270
0	703
18	310
0	252
0	558
0	241
12	9
0	10
13	23
5	361
0	312
0	11
1	0
2	0
0	0
30	337
0	0
0	0
0	0
0	0
0	0
0	0
0	0
31	227
2	230
2	33
0	43
0	602
0	602
1	549
0	239
2	64
3	96
0	43
0	71
0	90
0	80
13	3
0	0
504	871
0	0
23	322
0	15
0	549
0	0
0	0
0	0
0	0
0	0
1440	271
1	246
47	0
15	53
15	15
2	19
0	0
5	9
4	10
0	9
4	9
5	0
0	0
0	0
0	2
0	0
0	0
0	0
0	0
0	0
0	0
0	0
0	0
0	2
0	2
8	0
3	0
73	28
0	28
0	28
10	2
0	4
9	0
1	0
8	0
7	0
1	0
0	0
0	0
2	0
0	0
0	0
0	0
0	0
0	0
0	0
2	0
19	2633
7	2310
1	2307
8	602
13	2492
233	777
56	12
3	394
0	0
7	142
90	88
16	142
0	0
0	6
2	0
565	399
0	264
2	0
1	0
3	135
2	0
0	0
0	0
0	0
47	2286
0	1562
597	2550
50	1974
75	0
3	254
3	394
0	150
4	115
97	10
0	24
26	2744
38	2430
0	2675
0	1302
21	1430
1	332
6	73
1	297
16	517
12	56
7	360
5	373
2	41
4	124
86	232
508	273
0	245
40	99
0	127
156	0
132	1012
4	927
1	1000
11	172
1	35
1	101
7	258
5	42
17	0
0	21
0	23
0	22
0	21
0	18
0	0
0	0
0	0
0	0
1	0
0	0
0	0
0	0
0	0
55	772
0	702
3	480
1	6
0	0
0	6
769	5388
46	4243
35	2902
63	3051
45	4998
7	672
48	0
38	0
0	0
0	0
0	0
0	0
0	0
0	0
0	0
0	0
6	0
12	0
4	2
2	2
0	0
0	0
2	0
0	0
1	132
0	0
1	830
36	830
5	86
0	86
0	53
5	27
535	104
4	6
0	34
5	6
1	58
0	0
0	0
63	1954
24	1911
9	153
0	3
0	142
0	0
2	0
5038	10785
13	6715
35	10746
0	0
0	0
0	0
29	0
0	0
0	0
4	0
6	232
0	164
1	123
3	46
22	247
0	334
1	183
2	300
22	267
4	42
4	10
3	109
27	163
1	1
1	0
58	5466
0	0
0	0
1	0
0	18
0	18
209	115
6	115
1	0
0	0
0	0
9591	17
0	0
0	0
0	0
0	0
0	0
0	6
1	91
30	5
0	3
0	3
0	0
0	85
0	16
0	68
0	3
0	0
0	0
638	0
0	0
0	0
0	0
0	3
2	3
361	13942
5	13406
92	0
9	4462
1	1034
10	827
4	3228
0	3086
1	0
0	1269
0	1237
0	249
0	134
13	747
172	319
22	61
5	164
9	141
0	62
0	13
0	0
0	0
0	0
246	130
0	71
0	0
15	59
87	19
0	0
3	0
0	0
0	0
0	0
0	0
267	0
3	0
0	0
0	0
0	2
7145	0
0	0
37	377
0	417
0	2598
176	2765
4	28
0	921
0	149
43	104
0	0
0	0
0	0
0	2
0	16
0	1
0	0
0	15
2	0
2	0
0	1
0	1
0	0
0	12
2	2595
0	2646
0	2415
22	1930
3	2278
0	2822
1	2276
0	3049
24	3082
2	192
0	145
0	307
19	108
0	330
73	273
0	353
0	40
58	97
1	90
0	0
0	0
0	4
5	4
0	1
1	1
0	0
2	0
0	0
0	0
0	0
0	0
3	6
0	0
4	1
0	0
0	0
0	0
0	0
0	0
0	0
35	3177
0	79
0	0
22	251
0	31
0	32
0	250
0	4
1	0
2052	404
0	402
43	112
0	8
1	83
0	52
4	47
0	13
2	21
0	2
0	2
0	0
0	1
15	0
95	5475
97	5514
102	557
0	328
0	31
0	670
0	99
7	652
18	667
3	95
1	17
2	1409
22	178
3	920
0	1453
0	1376
0	45
0	185
39	41
0	1542
1	1855
0	455
1	0
13	293
0	108
3	1
20	6263
160	6269
193	5918
34	3011
0	4381
0	2
153	2645
9	13
0	0
52	1794
0	3095
0	2940
0	0
2	31
2	84
2	28
142	97
0	19
31	53
4	43
7	10
0	0
0	0
35	506
0	506
9838	21247
23	21247
0	0
0	0
189	1127
4	1085
0	1085
3	1082
1	1086
0	770
2	1
7	2
4	1
0	0
0	0
0	230
0	215
2	213
3	101
0	68
10	22
6	1075
130	1060
16	32
3	36
2	0
0	15
1	642
0	124
0	657
84	422
0	414
0	415
0	81
0	100
1	125
58	202
0	158
1	598
0	0
12	0
0	0
5	47
98	63
0	53
0	0
0	0
0	0
0	128
0	0
0	0
5	124
4	8
0	131
0	43
2	53
0	4
0	0
0	0
0	368
0	0
0	0
3	19
10	0
0	0
0	0
0	0
0	0
0	0
0	0
0	0
0	1865
0	1865
7	1575
1074	0
0	6
3	6
0	6
15	11
0	11
0	0
0	0
0	0
2471	0
0	0
0	0
0	0
0	0
0	0
0	1
0	0
0	0
0	0
0	0
0	0
2047	5
3	5
0	0
17	0
444	768
0	768
0	0
24	296
0	233
0	53
32	67
0	20
23	0
0	0
38	515
1	515
0	0
25	0
0	0
0	0
0	0
0	0
0	0
0	0
0	0
0	0
0	0
0	0
0	0
0	0
0	37
0	4
17	37
4	14
0	1
0	0
0	3
0	1
0	0
0	0
0	0
0	0
0	0
10	28
0	0
0	0
0	0
0	0
0	0
1	0
8135	904
7	83
20	796
7	96
142	96
1	0
653	2309
0	2309
0	0
0	0
1	0
22	0
0	0
0	0
0	0
0	0
0	2
0	121
2	115
0	124
7777	0
1	0
0	0
1	0
0	0
0	0
0	0
0	0
0	0
0	0
0	0
0	0
0	0
0	0
0	0
0	0
16	1164
0	1174
1	459
7	180
3	487
0	566
0	153
2	458
311	0
0	39
2	145
0	1529
32	1481
1	238
3	1023
0	1291
0	117
56	2070
3	1144
80	1997
274	362
205	1132
4	270
25	29
1	423
6	238
0	106
0	98
78	151
0	91
349	37
4	37
3	74
7	134
4	29
114	134
6	0
0	0
0	0
0	0
0	9
0	577
12	545
1	534
2	541
1	0
40	0
0	0
0	0
4	664
0	0
0	0
0	0
0	0
0	0
0	0
1	24
0	0
0	0
0	0
0	0
0	0
0	0
0	611
0	794
27	234
0	20
1	717
0	153
16	510
12	337
7	16
0	56
0	46
0	71
0	22
0	32
0	39
0	26
0	3
0	0
76	1081
41	1021
2	210
0	1
1	1
0	0
3	0
0	0
21	0
2	34
0	34
83	1120
33	1249
0	953
1	157
0	0
0	0
0	0
0	0
0	0
0	11
0	0
976	142
1	136
18	5
0	0
0	0
0	0
0	0
0	0
1091	140
0	96
0	39
1	21
0	0
0	0
0	0
0	0
0	0
0	0
0	0
0	0
0	0
3	8
0	0
0	0
0	0
0	0
0	0
0	0
0	0
0	1
0	0
2	128
8	261
0	129
1	253
7	97
0	0
0	10
0	18
0	11
0	0
0	0
0	0
0	0
0	0
0	0
0	0
0	0
0	0
0	0
0	0
0	0
0	2949
3	2825
0	2558
0	2680
0	232
8	81
24	413
0	339
0	0
1	217
0	0
0	0
0	0
0	0
4	186
0	86
0	4
2	0
0	0
0	179
1	7
1	0
4	0
2	0
2	0
0	1
0	0
0	0
0	0
2	28
1	81
0	2026
10	2023
0	165
0	0
31	3735
1	3708
5	64
1	107
4	21
0	54
4	343
0	35
1	37
11	60
3	26
29	177
77	146
2	46
1	76
0	76
0	76
0	73
0	34
1	0
0	11
1	10
0	0
1	9
7	123
0	123
0	105
0	0
0	4
154	0
396	3096
0	657
35	2937
0	1
0	0
0	0
0	0
0	0
0	0
12	16
2	16
0	0
9	1
1	1
1609	649
13	645
2	640
0	0
226	773
0	773
34	3
1	238
2	102
0	0
0	0
0	0
0	0
0	5
6	194
0	189
0	0
0	0
0	0
0	0
0	0
0	0
4	527
0	0
0	0
0	0
0	0
9	583
936	69
7	69
0	812
43	783
0	515
18	80
65	505
16	113
9	24
0	269
0	139
5	51
16	135
73	885
5	5
0	22
1	885
0	31
16	0
0	181
2617	2618
0	2333
26	988
1	993
1	39
0	0
1	3
0	0
0	3
0	1
0	1
0	0
0	0
0	266
0	270
0	269
23	264
37	262
0	162
1	17
0	12
3	5006
73	5006
1	0
0	0
0	0
0	0
0	0
0	0
0	0
0	0
640	290
0	0
13	290
0	0
7	903
0	756
28	948
2	39
7	1333
7	212
0	128
4	60
0	3
0	3
0	3
0	0
0	0
0	3
0	3
0	3
0	4
0	3
0	0
0	2
0	0
0	0
0	0
0	0
1	0
0	1
0	1
0	0
0	0
0	0
0	186
0	0
0	0
0	0
0	0
0	0
0	0
0	2
0	0
0	0
0	0
0	0
0	0
0	0
0	0
0	0
0	0
0	0
0	0
0	1
0	0
0	0
1	0
3563	737
5	356
1	71
7	317
0	12
94	752
0	1287
2	7
1	139
0	669
5	407
1	305
4	43
20	183
2121	0
93	32
0	32
842	704
1	704
0	0
0	0
0	0
0	0
0	0
0	0
1	352
7	361
0	163
7	250
0	16
3	16
2	0
0	0
178	5472
0	940
0	0
198	4653
60	5252
1	2202
0	1452
2	596
28	285
41	1839
1653	1816
2	1816
0	444
1	4
4	36
3630	1030
4	1025
0	0
0	0
0	0
0	72
19470	439
8	437
0	5437
0	5437
0	5436
4259	6
55	2406
95	2478
232	2431
0	0
31	283
37	92
0	198
6	15
0	5
1	5
0	0
0	0
0	0
3	0
0	0
1184	146
0	80
4	146
8	29
0	0
1676	939
10	0
0	0
8	650
0	715
0	1201
0	1201
0	28
2	32
0	0
0	129
0	0
0	0
0	192
1	182
0	0
0	0
2111	0
0	0
0	0
0	0
2	1486
188	1562
1	76
0	306
1	82
44	304
1	290
0	37
3	5
0	77
0	33
11	3
30	4
455	0
503	7
1	3
0	1
0	0
0	1
0	0
0	2
0	1
0	1
0	0
0	0
0	136
1	138
0	124
0	14
0	0
3	6
0	9
0	9
0	8
144	0
0	0
0	0
0	17
0	15
0	0
0	5
0	3
0	3
0	607
597	0
3	1285
613	1285
0	407
0	2
0	2
0	2
3	1422
0	1249
0	556
2	28
10	71
5	82
1	152
19	0
0	540
9	462
0	68
2	204
8	215
0	165
4	95
1	324
1	311
0	210
5	618
0	607
3	115
1	17
0	607
9	210
3	237
4	24
0	166
0	20
2	20
10	34
1	34
0	38
0	43
0	38
2	40
0	20
0	17
0	6
1	17
2	20
0	6
4	11
0	8
0	3
0	9
0	2
0	0
0	2
4	0
0	2
0	873
0	0
0	0
0	3
0	0
0	6
2	4
0	6
0	6
0	9
0	2
0	17
0	2
0	15
0	27
0	9
0	1
1	1
0	0
0	2
0	0
0	829
0	0
0	0
0	0
0	2
0	10
0	0
0	129
0	13
0	13
0	0
0	95
0	58
0	0
21	12
1	11
0	4
1	10
0	9
1	9
0	9
0	2
0	873
0	0
0	0
0	3
0	2
0	17
0	3
0	2
0	15
0	3
0	17
0	9
0	9
1	2
0	873
0	0
0	0
0	129
0	117
38	27
0	0
0	0
0	0
1	0
0	1
1	0
0	1
717	553
1	3
1	7
0	0
0	0
0	0
0	0
0	0
1	2
1	147
0	145
1	145
0	33
0	0
0	12
0	8
1	425
21	424
0	5
26	438
9	433
1	14
0	423
0	0
0	0
0	0
0	0
4	0
13049	3335
11	713
27	79
29	153
0	809
7	171
0	163
0	10
0	28
0	30
0	12
2	34
0	18
0	9
1	0
0	454
66	676
7	651
2	44
9	53
86	1467
0	507
3	426
0	888
0	876
2	428
1	548
2	225
3	153
5	287
6	138
31	1330
0	1332
6	1351
16	1270
0	1331
1	1244
0	190
0	101
0	50
0	36
1	2
1	3
0	2
7	171
465	3846
0	3802
0	252
107	585
31	2721
0	2799
0	2790
0	352
0	0
0	214
0	0
60	2106
4	1
38	810
28	262
0	166
16	292
0	2
0	20
0	2
0	20
5	2
0	537
0	5
0	123
2	5
0	1
0	15
0	9
36	312
1	6
2	535
0	50
2	40
2	4
0	423
0	530
0	29
0	73
0	7
0	2
0	2
0	0
0	0
0	0
0	0
201	850
0	790
0	31
2	113
2	114
2	95
0	117
0	105
0	121
3	107
2	9
0	7
1	26
0	34
0	12
4	1
0	1
453	75156
0	75156
78	11
119	312
0	85
4	314
2	133
1	176
0	172
17	338
17	245
0	168
1	208
0	75
0	60
0	35
0	86
0	19
3	10
93	10
226	728
0	725
0	199
0	57
2	50
2	11
0	12
17	8232
1	8215
383	9809
1	4960
0	344
31	1507
10137	2279
4	136
0	599
1	38
10	1494
1	1288
2	167
81	47
488	1033
7	902
3	201
9	405
0	156
6	133
3	236
0	309
20	317
0	251
0	32
2	43
0	76
1105	437
6	401
4	95
0	366
6	1
8	90
2	41
0	0
0	0
0	0
0	0
15	352
0	337
6	198
1	0
3	21
0	190
0	63
0	60
2	10
0	7
0	0
0	1
0	1
3	306
2	310
4	161
0	136
41	468
3	309
23	82
0	0
10	0
5	985
0	153
0	126
0	152
0	156
0	20
0	10
0	4
0	18
1	10
0	0
0	0
0	0
0	0
0	0
36	0
10	0
1	0
0	0
0	0
0	0
0	1
0	0
0	0
0	0
0	0
1	1
0	1
0	0
0	0
0	213
6	213
0	0
1	0
86	386
1	386
1	0
2	5124
7	3978
0	5124
0	3999
2	3999
44	4500
2105	10996
5	6534
6	10466
24	9358
0	8050
8	1248
15	3700
1	1647
8	3166
22	2020
21	861
1	1448
0	859
11	840
0	0
27	0
25	12
0	7
8	2184
0	2231
0	2192
0	458
1	361
9	219
0	217
9	12
0	162
1	140
3	166
74	86
0	64
0	46
0	80
5	9
1	4
0	0
980	188
0	137
0	65
0	98
0	0
0	0
0	0
13	0
0	0
0	0
0	0
0	0
0	0
0	0
0	0
0	0
0	0
0	0
0	0
0	0
0	0
0	0
0	0
0	0
0	0
1	0
0	0
0	0
0	0
0	0
0	0
0	1
0	7
39	1115
0	792
5	160
2	603
90	770
0	0
0	156
220	541
2	70
0	0
0	0
0	0
211	177
0	15
0	114
0	120
1	122
1	53
15	496
0	503
45	270
0	42
3	13
0	13
26	351
0	322
0	211
0	47
1	236
0	20
0	136
148	235
0	235
0	14
469	1132
2	1016
55	1132
1	438
0	0
0	12
0	50
0	49
0	0
110	195
5	81
1	59
0	20
0	156
0	132
1	4
264	486
0	112
0	202
2	360
0	0
802	815
1	126
24	700
0	494
0	2946
2	2946
0	4
2	741
1	558
1	552
42	0
1	689
228	772
0	291
5	233
0	114
0	2
0	0
0	0
5	52
0	10
0	6
0	9
0	1
0	9
0	6
0	0
0	0
0	0
1	0
0	0
2779	335
2	335
2	0
0	0
3	260
2	244
0	260
1	4
92	158
0	0
1	7
0	7
0	0
8	2332
51	2332
0	3
3	222
1	203
67	27
0	10
0	20
2	1
0	7
508	1237
5	1221
0	0
17	350
5	25
24	118
4	100
21	29
7	0
1920	436
2	138
4	1
0	435
13	95
7	122
10	233
8	137
0	4
1	14
0	0
0	0
1	23
0	0
0	0
5	186
0	189
12	203
0	0
0	0
0	0
612	3
7223	4347
131	2074
2	904
1	2865
7	140
0	127
1	0
42	243
2	165
13	224
1	44
1	0
3	7769
0	7769
16	7924
0	476
22	101
9	2214
13	0
1026	174
23	174
18	5
1	3
0	1
0	2
0	0
0	92
0	81
0	82
5	5
6	5
0	0
0	0
565	2826
3	2826
13	5
0	0
0	0
0	1529
98	1530
0	13
0	72
0	78
0	41
13	541
0	126
0	300
1878	1569
1	1593
0	6
2	810
4	812
0	28
2	32
569	130
0	98
2101	1567
0	1565
6	1166
4	161
0	0
0	0
0	0
0	0
0	0
1	195
0	3
2	192
0	19
4	290
8	143
671	711
0	589
1670	349
0	314
0	0
3	3
5	33
28	25
0	2
135	209
10	18
3	179
0	5635
0	30
0	770
37	991
2	930
11	26
7	93
41	38
0	312
15	228
2	312
4	12
0	211
344	723
0	536
45	664
0	167
33	0
0	0
0	0
0	0
0	0
0	0
0	0
0	0
0	0
0	0
0	0
0	0
0	0
0	40
0	35
0	38
0	33
0	0
0	0
8	515
78	520
30	18
8	0
0	0
2	1
0	1
1240	0
0	109
11	109
1581	237
0	174
2	74
823	132
81	130
0	16
2	398
0	1419
0	2917
6	2859
0	262
100	564
41	651
20	362
3	135
10	8
0	33
0	33
1	0
0	0
0	0
4	17
0	2
0	0
0	0
0	0
0	0
0	155
0	0
0	0
0	0
1	407
0	0
0	0
0	0
0	0
0	0
0	0
1	0
67	3720
0	3725
0	285
0	311
0	1070
0	0
0	0
0	0
0	0
0	0
4	1
0	0
0	0
0	0
0	0
0	0
0	0
0	0
0	0
0	0
0	0
0	0
0	0
0	0
0	0
0	0
0	0
0	0
0	0
0	0
0	0
0	0
0	0
1004	831
1	831
0	261
3780	204
1	204
0	0
1	0
0	0
70	107
0	39
0	68
0	28
0	0
0	0
8	4823
88	6519
0	127
8592	6368
9	6334
25	4430
1	0
1	37
0	803
50	38
1	24
0	150
1	149
0	34
0	785
9	0
3	783
6	339
0	157
5	777
0	407
0	0
5	0
0	1
323	171
0	28
4	72
0	101
0	0
0	6
0	0
0	0
0	0
0	3
1	5
0	0
0	0
0	0
0	0
0	0
0	0
0	0
1	8
182	189
0	182
0	175
0	0
0	0
0	0
0	0
0	4
0	0
0	0
4271	2109
79	632
9	384
8	1531
0	0
0	1
0	0
0	0
0	0
0	0
6316	1016
3	566
1	605
33	0
8	0
0	0
0	0
2	0
0	0
0	0
1	0
0	0
0	0
1297	777
0	389
9	569
5	72
0	0
1	136
6	70
26	31
4	325
2	319
1	14
622	646
0	126
4	17
35	236
0	507
6	93
0	174
4	177
0	6
2213	962
0	619
1	797
9	886
49	876
0	0
0	0
0	0
0	0
16	9
0	9
3	3445
0	0
5442	4087
8	644
7	1411
3	874
57	173
1	0
2753	466
6	94
45	372
78	94
3	25
0	21
2	0
0	0
0	0
0	0
1	5939
1	0
0	77
0	0
1	102
0	2603
0	67
6	65
9	2024
0	26
0	3
0	2579
0	0
0	0
9	272
20	522
1	161
0	2578
0	2590
0	2549
0	2574
0	2562
0	0
1658	4
19225	11
0	0
0	0
0	0
0	0
4293	582
36	588
20	517
16	315
0	164
0	172
0	164
0	165
0	171
0	172
0	165
3	28
0	1769
1	1858
55	1858
1	1853
1	1853
0	0
16	0
2	92
4	81
4	54
0	0
0	0
0	0
7	1
0	1
1353	4200
1	303
0	3901
9	115
46	1021
81	2224
17	294
14	436
14	1268
0	788
4	422
0	0
6	0
1763	0
2	19
0	183
108	275
1	278
0	286
0	756
97	750
0	748
9	11
13	11
0	0
0	0
4	38
3461	398
7	222
3	106
26	91
3	0
1	150
22	461
0	438
7	21
8	37
2	2
381	19353
25	19200
0	9406
0	7432
4	6071
18	6143
1	1645
11	796
2	3003
0	880
1	741
9	350
15	352
0	0
0	0
61	908
0	908
0	90
310	275
74	209
0	21
0	87
423	612
8	575
0	45
128	33
29	18
347	199
0	20
2	11
0	187
1	37
1	0
1	0
0	0
0	0
0	0
0	0
0	2
0	2
0	0
0	0
0	1
0	0
0	0
0	0
0	0
0	0
0	0
0	0
0	0
0	1
0	1
0	0
0	0
0	1
0	0
0	1
0	0
0	0
0	0
0	0
0	0
0	0
0	0
0	0
0	0
0	0
0	4
0	0
0	0
0	2
0	0
0	2
0	0
0	0
0	0
0	0
0	5
0	0
0	0
0	2
0	2
0	0
0	1
0	1
0	0
0	0
0	0
0	2
0	0
0	1
0	1
0	0
0	0
0	0
2	3
0	0
2	0
0	2
0	2
0	0
0	0
0	0
6	0
0	0
0	0
0	0
0	0
0	0
0	0
0	0
0	0
0	0
0	0
0	0
0	0
146	649
4	648
10	512
0	511
1	467
0	444
1	1
0	135
0	0
414	195
0	193
1	1298
0	1915
85	1294
34	1080
15	890
19	911
108	143
343	3398
129	813
20	3398
0	813
1	449
57	154
1564	112
7	110
0	199
1	199
0	64
17	47
42	75
0	19
0	77
2	73
3	1
1	5
1	12
0	6
88	5002
1753	5002
7	605
334	4
0	4
35	998
1	1104
43	1149
86	1070
2	1040
2	33
13	0
0	508
11	257
0	34
2	1114
0	443
0	70
0	37
0	0
13	349
0	989
3	291
0	43
9	209
11	953
9	98
11	550
1	67
39	465
0	0
0	0
0	0
0	0
0	0
0	0
26	100
830	358
1	299
0	0
6	0
3	0
27	779
213	528
5	788
0	254
0	108
8	126
13	118
66	343
0	195
0	0
1	165
4	175
0	70
10	0
0	0
10	0
0	0
420	11
1	11
0	0
0	110
2	108
0	128
0	174
2	171
0	162
0	172
0	105
0	107
0	98
0	0
2	0
15	88
8	3
1	2
3	25
0	13
4301	178
40	1040
3	4
3	185
1	194
0	1042
0	1
0	0
1	1
0	1
0	0
0	0
0	0
0	0
0	0
104	164
0	164
29	0
0	52
0	9248
17	9226
369	9248
4	0
0	0
2	0
5	3544
0	0
0	0
0	0
0	0
5	0
0	0
979	6
0	31
3	31
10	562
1	562
0	69
0	94
0	0
0	0
0	0
2022	494
0	210
1	127
3	297
0	0
0	0
0	0
6	314
0	0
0	0
0	0
0	0
13	3
1	3
0	0
0	0
0	0
5	2
0	2
6	341
5	64
1	0
304	1132
7	1132
5	211
4	41
3	2108
6	1790
2	0
0	0
889	61
7	61
0	0
0	0
0	0
1	15
0	0
0	0
0	0
0	0
35	1735
0	1780
15	1622
38	1230
16	1138
5	153
19	76
259	737
5	232
153	648
0	0
131	0
0	0
0	13
0	13
0	0
0	0
0	0
0	0
0	0
0	0
0	0
0	0
2	0
0	0
0	0
0	0
0	0
0	0
0	0
0	0
5	5565
1	5568
359	2295
12	0
0	0
0	0
0	0
0	0
0	0
0	0
0	0
0	0
0	0
0	0
0	0
0	0
0	12
0	20
1	0
1	10
0	30
0	1293
1	0
46	1293
8	377
0	50
4	7
1	23
0	0
0	0
0	0
0	0
0	0
0	0
2	1
551	0
0	0
0	0
0	0
0	0
0	0
23	3263
3	2566
0	1787
0	1601
0	1614
0	1614
0	1663
53	2254
1	1676
0	162
58	538
9	183
0	136
1	8
8	217
0	180
0	0
0	0
0	0
0	0
0	0
0	0
0	0
0	0
0	2
0	0
0	0
0	0
0	0
0	0
0	0
0	0
1	0
0	1
0	0
0	0
0	0
0	0
4	1408
0	0
0	1
0	0
0	0
0	0
0	0
0	0
0	0
0	0
3615	10
0	0
0	863
5	859
0	880
6	113
0	197
2	726
2	7
0	45
4	18
2	25
0	1
7	63
0	38
0	15
0	0
15	86
22	22
0	0
0	0
0	0
0	0
0	0
1	0
0	0
0	0
1	0
0	0
0	4427
3	4426
35	4377
0	910
0	908
3	880
32	605
53	526
2	462
0	0
191	379
0	125
0	32
12	0
0	0
0	0
0	0
2513	1802
0	1641
0	566
4	137
69	157
7	36
0	0
0	111
0	108
0	113
0	7
4	1
0	6
1	18
2	36
0	0
0	0
0	3
1682	882
2	340
9	542
1	163
0	153
6	165
0	93
0	0
0	0
0	0
0	515
145	725
17	296
8	607
0	747
19	726
1	85
1	24
853	906
3	87
1	84
10	975
23	975
66	68
144	30
0	173
0	0
1	7
3	166
0	171
1	32
4	154
0	0
0	21
1	0
2	9
0	0
0	0
0	0
0	0
1	26
0	0
2	222
0	232
0	212
0	45
0	187
0	10
0	24
0	2
0	2
0	69
0	69
0	42
0	23
0	13
0	10
35	35
0	35
0	23
0	2
0	1
3	1
0	0
0	17
0	0
0	0
5	169
5	27
0	169
3	1
0	0
1	57
0	0
12	118
111	118
4	90
2	60
0	0
0	77
1	1
3	1
1	0
0	0
0	0
0	231
0	53
0	227
2	27
6	44
2	0
0	18
0	0
2	177
0	0
0	6
0	6
0	1
0	1
0	0
0	0
1183	2
627	367
14	365
0	0
1	46
0	21
8	1
13	479
920	2041
1	561
11	494
0	680
2	839
0	839
25	240
20	5968
1187	7966
8	6886
0	280
0	0
4129	21569
54	16773
14	11576
10	6832
0	308
3	288
0	81
88	43
0	18
0	18
0	3
0	3
0	0
0	0
0	1
0	1
0	1
0	0
0	0
0	0
614	1716
1	771
0	385
0	118
0	618
94	482
231	677
0	254
0	0
0	0
1	4
137	1755
5	325
14	1716
0	0
3	60
2	0
0	57
2	84
45	650
6	128
0	81
1	249
552	408
0	408
0	0
0	0
0	0
0	0
0	0
1	49
0	0
0	0
0	0
0	0
0	0
0	0
0	0
0	0
0	0
0	0
0	0
0	0
0	0
1	0
6566	14
2	0
0	0
6	0
0	0
0	0
0	0
0	0
0	0
0	0
0	0
0	0
0	0
0	0
0	1
0	0
0	0
0	0
0	0
0	0
0	0
0	0
0	0
0	0
0	0
0	0
0	1
0	0
0	0
0	0
0	0
0	0
0	0
0	0
0	0
0	0
155	0
0	0
1	0
3	3
0	3
5	0
8	0
1135	4
0	0
2	4
0	0
0	0
0	0
0	0
6	15
7	15
855	0
1	0
0	0
5	0
0	0
0	0
11	0
0	0
0	0
0	0
0	0
0	0
0	0
0	0
0	0
0	0
0	2
0	0
0	44
0	44
0	43
0	44
0	43
0	44
1	8
0	16
0	16
1	16
4	12
0	6
0	1
0	0
0	0
0	0
0	0
0	0
0	0
0	0
0	0
18	72
0	6126
0	0
0	0
0	0
0	36
0	0
0	0
0	0
0	0
0	0
1	0
95	0
0	0
0	0
0	0
0	0
0	0
0	0
0	0
0	0
0	0
0	0
0	0
6	4
0	4
0	0
0	0
409	71
61	73
348	1385
561	2625
1	457
0	393
28	864
3	244
0	403
3	224
160	295
16	2830
137	2830
0	0
0	71
1	454
0	492
10	442
0	10
1	0
0	0
8	98
214	1978
0	1578
2	97
61	396
4	149
0	108
0	75
11	45
21	29
0	0
1	0
0	6
5921	2
3	2
8	1
0	3
0	0
1	0
1	0
0	0
1	0
0	0
3	0
4	0
0	0
0	0
1	0
1522	2
2	0
0	0
0	328
8	209
7	197
0	12
0	0
1	192
0	19
0	12
0	27
0	127
0	213
0	61
5	74
0	8
0	89
3	6
4	105
2	42
0	42
11	5
4	5
392	8327
77	3191
35	1062
0	3417
7	821
11	309
0	384
1	228
10	111
31	16
36	4588
0	0
0	0
2	0
0	0
0	0
0	0
0	0
0	0
0	0
0	0
0	0
0	0
0	0
0	0
0	0
0	0
2098	2
36	48
10	48
0	0
0	0
0	0
0	0
11	20
1	0
0	0
0	0
0	0
0	0
0	0
0	0
0	0
0	0
0	0
3	0
13	297
1	2192
2	2081
7	2058
1	2024
1	1878
0	229
25	147
0	0
0	0
0	0
0	0
0	0
1	0
0	0
0	0
0	0
0	190
1	345
1	419
125	438
0	165
0	0
0	21
0	4111
0	4221
8	1792
16	2796
4	1184
2	435
1	62
13	703
0	2602
33	305
17	221
6	1594
31	928
0	1
0	0
19	0
0	0
0	0
0	0
0	0
0	0
24	2
0	2
1	0
0	0
0	0
0	0
27	2956
28	2956
10	44
4	218
40	4103
1	890
0	4008
1	2827
0	4043
0	3872
0	51
47	98
0	337
0	35
0	342
0	25
0	205
0	198
110	0
0	112
1	187
0	0
0	0
1	0
29	12
11	1
0	0
2	0
42	362
12	362
2	72
23	0
5	0
0	0
0	0
0	0
0	0
0	0
0	0
0	0
0	0
6	0
20	0
0	0
0	0
86	63
28	440
297	473
1	60
12	146
5	105
2	23
16	118
8	113
4	63
15	9
0	0
1	137
1	1
0	19
0	125
1	21
0	37
1	136
0	0
276	1437
3	1437
0	0
489	0
5	0
0	0
0	0
0	0
1	0
0	1
0	0
270	1319
0	1258
0	29
0	61
0	0
0	0
0	0
0	0
5	33
71	33
0	14
0	0
6002	931
7	53
0	569
32	252
0	403
4	237
0	0
0	75
0	45
0	0
0	0
0	0
0	0
0	0
34	0
0	0
3	1
1	0
0	0
0	1
0	0
0	403
0	403
0	403
0	32
0	24
0	50
0	32
3	54
1	172
0	170
0	22
0	170
0	3
1	170
0	170
0	0
387	2473
1	2473
0	264
211	264
4	264
0	0
1	63
2	78
0	7
0	0
0	0
2	6
0	0
0	0
0	0
0	0
0	0
0	0
0	0
0	0
0	0
5	23
1	351
0	4
0	3
1	4
164	351
0	1
0	296
1	0
1	0
68	344
0	304
3	333
8	193
0	0
0	10
6	10
2	68
0	5
0	67
0	5
0	5
0	61
0	5
4	11
11	67
0	25
1	1
1	1
0	5
0	0
0	0
0	3
0	4
0	4
0	4
1	4
0	4
0	0
2	0
528	383
5	383
0	32
0	49
0	51
0	46
3	54
5	36
0	0
1	0
0	0
3	23
1	3124
0	10
1	321
0	3
148	20
9	3
0	3117
0	3097
0	5
1	3172
119	314
69	366
0	880
36	435
22	439
26	439
64	34
4	31
1	12
7	0
0	0
0	0
0	0
0	0
689	148
0	101
0	43
0	0
0	0
0	0
0	0
0	0
79	21731
0	0
0	0
0	0
0	2
0	0
0	0
0	1
0	3
4	3
0	1
0	1
0	2
0	0
0	0
0	0
0	0
0	0
0	0
0	0
0	0
0	98
0	98
0	0
3799	2
1892	4
0	0
0	0
1	6
0	2
0	0
0	0
0	0
0	0
0	0
1	0
0	0
0	0
0	0
0	0
1	4851
78	588
13	4927
1	6
4861	0
0	0
0	0
0	0
0	0
0	0
0	0
0	0
0	0
0	0
0	0
2	0
6516	16
2	0
0	0
0	1
0	1
0	1
1637	38
20	38
4	25
17	235
0	15
1	220
8	1205
1	1111
0	398
0	364
42	147
7	22
0	222
0	87
9	137
3	8
1	8
0	5
0	4
0	0
0	0
0	0
8	0
990	1298
26	1286
0	1124
0	31
0	56
0	65
1	51
0	0
0	0
0	203
727	1424
1	394
63	1305
0	1123
32	176
0	1106
1	74
0	199
4	1017
2	1204
0	94
0	0
7	28
3	6
0	622
17	15
3	350
128	635
93	200
0	243
2	407
21	59
21	41
0	186
0	18
0	33
7	202
0	19
0	166
4	175
0	96
0	20
0	2
0	0
0	0
1	0
365	280
1	175
0	47
9	179
0	178
0	140
0	14
3	5
0	1
11	6706
0	1069
0	3469
8	2499
0	2862
0	5275
4	0
305	1062
1	840
2	145
0	83
0	222
4	141
11	10
10	206
14	215
0	49
1	0
339	269
0	189
0	108
0	119
0	124
0	30
0	76
0	57
74	2133
77	363
9	1112
0	897
1	34
2	0
0	578
0	412
8	16
0	1
54	545
5	378
0	0
6	1506
0	825
0	1395
1	95
0	83
1	184
0	0
0	2
0	5
0	17
1	12
0	2
0	1
0	0
0	0
0	0
0	0
0	0
0	0
0	0
0	0
0	0
0	0
0	0
3	1
2	1
1	0
0	609
271	594
0	365
0	432
1	66
0	389
0	607
0	336
0	362
0	429
32	354
0	50
2	367
0	0
0	0
0	0
0	0
1	383
0	1
0	1
10	0
24	18
0	538
1	10
0	40
6	1
0	126
0	115
0	73
594	472
0	472
17	688
0	218
0	371
0	437
1	266
0	293
111	327
0	631
0	29
0	373
0	307
0	350
2	140
0	151
540	859
1	519
1	368
1	279
0	174
0	60
0	0
0	23
0	23
0	8
2	403
0	173
0	387
5	387
13	373
2	49
0	35
0	5
0	0
1160	5171
2	2150
2	2125
0	2921
0	1739
1	448
0	0
2	560
0	480
1	158
2	831
81	566
0	692
1	717
1	390
0	164
10	49
1	593
1	22
0	360
1	168
5	215
0	140
1	10
0	10
2	10
4430	0
3	0
0	0
0	0
308	195
2	91
0	159
0	26
0	31
1	0
107	4
0	4
0	0
0	43
17	1254
10	1225
0	0
7	819
0	0
0	0
4	0
0	0
4	6
0	0
3	49
0	22
1	7
4	33
10	72
0	56
59	300
789	676
39	674
0	18
1	43
386	60
0	0
8	0
0	17
201	1521
7	0
2	161
4	1415
7	74
1	105
27	1053
15	10
0	25
5	119
54	0
2	1292
31	1352
0	516
3	0
0	0
428	1272
46	657
4	607
5	475
8	165
6	18
928	152
20	152
751	0
12	0
16	75
0	66
2	75
0	0
0	7
0	0
0	0
0	3379
0	3136
9	3197
31	904
0	0
3	144
1	354
38	72
0	1480
0	125
10	157
0	4
13	170
15	2837
0	2785
3	2751
0	2838
0	2830
0	2933
0	423
2	2427
3	2293
4	191
28	92
1	402
0	501
0	231
37	0
0	145
0	64
1	30
1	0
6	25
0	4
0	4
0	4
0	4
0	1
565	2364
0	1703
2	54
7	1558
0	1212
6	14
1	67
3	1724
25	454
18	369
0	41
0	0
8	12
68	12
4	864
933	4469
62	759
21	574
0	1021
1	4329
6	102
1	584
928	2929
0	2934
0	629
0	0
0	0
0	0
0	0
0	0
2	5
0	5
0	0
0	0
27	290
297	290
2329	628
0	0
0	0
16	628
0	0
0	0
36	0
0	120
0	121
0	120
0	121
0	118
0	118
1	115
0	20
0	15
0	11
0	11
0	3
0	0
0	0
0	0
0	0
0	0
0	0
0	0
0	1
0	0
0	0
2	19
0	0
16	80
1	13
8	76
0	5
0	0
0	24
1	17
0	0
0	0
0	753
0	60
10	399
15	134
5	60
1	39
1	160
1	71
13	651
0	192
0	557
2	41
0	0
0	9
0	318
4	0
10	502
0	311
0	418
0	291
0	41
0	56
0	29
4	14
0	0
0	0
0	0
0	0
0	0
0	0
0	0
0	0
0	0
0	0
0	0
0	0
0	0
0	0
0	0
0	3
0	3
0	3
0	3
0	0
0	0
0	10
0	10
0	0
0	0
0	0
0	0
0	0
0	0
0	0
0	0
0	0
0	0
0	0
0	0
0	0
0	0
0	0
0	0
1	348
1	5
0	0
0	0
0	0
0	0
0	0
0	0
0	0
0	0
0	0
0	0
0	0
0	0
131	0
2	0
0	0
5	0
1	0
0	0
343	0
98	49
29	49
0	0
11997	3559
1	3544
4	16
1	474
0	0
4	478
0	181
0	463
1	27
4	34
3	7
7	34
0	1
0	34
0	27
0	1123
1	1027
14	1108
0	1123
2	194
0	826
0	0
4	825
14	4
0	4
1	0
0	0
0	0
0	0
2	1
4	0
0	0
0	0
0	0
0	0
0	0
0	0
0	0
0	0
0	0
0	0
0	0
0	0
0	0
0	0
0	0
0	0
0	0
0	0
0	0
0	23
7	29
1	12
0	2
0	0
0	0
232	802
47	414
4	729
26	367
1020	712
7	417
0	39
0	0
0	102
0	557
0	547
40	477
1	192
0	262
5	35
415	114
1	114
0	46
0	341
1	283
0	25
10	111
2	4
0	332
0	61
0	40
1	4
11	41
1	200
3	91
3	0
21	19
0	0
0	0
0	0
0	0
0	0
0	0
0	0
0	0
2	249
20	477
5	527
11	378
3	59
0	23
0	214
0	30
57	475
1	365
1	262
2	13
0	10
0	22
35	2337
68	3961
2215	3980
4	3437
1	78
43	347
1802	390
1	30
0	67
0	141
1	7
4	195
165	82
0	300
11	284
0	34
0	0
4	37
10	2
233	15
0	1188
5	1170
0	15
0	1430
0	1461
0	1318
3	1059
0	23
0	201
29	26
1	75
29	69
16568	13570
102	13568
77	11053
0	0
0	658
0	0
0	53
25	172
1385	949
0	757
0	2792
1	2712
0	2956
0	3133
0	3046
0	3162
4	120
7	189
1	19
5	412
5	364
1	314
5	262
0	216
1	188
4	24
0	257
0	0
7	283
0	283
47	176
1	0
0	25
0	158
1346	3790
1	3788
47	123
3	475
23	0
4	90
1	91
5	5
5	59
16	6
303	1936
0	1607
162	1657
34	703
7	293
25	573
34	21
0	152
2664	11450
5	1749
124	10424
0	5282
0	0
7406	10249
18	832
2	7067
1	4457
1	9492
1	7256
312	32
3	32
5	112
0	126
2	26
0	45
0	43
0	4
9	63
0	131
3	19
2	111
0	139
0	28
0	87
0	37
178	875
11	270
0	0
0	800
0	66
0	291
346	453
0	66
4	168
0	261
1	151
7	110
1	60
1	85
0	7
1	78
4	60
1	66
0	24
0	13
169	0
1	0
0	0
0	0
3	0
424	0
0	0
1	0
0	0
0	0
70	796
2	178
1	258
6	121
2	54
7	365
0	212
3	0
0	90
0	71
2082	157
6	76
0	0
2	81
0	0
5	425
38	322
1	324
0	0
1	67
1	48
22	121
1	43
2	54
0	54
1	3
0	3
0	1
2	9
95	216
6	195
15	118
4	26
2	21
15	16
0	1
0	1
1	0
0	0
1	1
1	1
5	310
0	336
0	306
0	0
0	0
4834	19776
3	8560
0	0
4	3028
77	3518
0	8764
0	0
0	5019
0	4
2	0
0	0
156	674
0	597
3	3
0	77
0	109
3	131
0	30
0	12
14	0
3	0
2	0
0	0
0	0
0	0
0	0
13	98
1	80
0	100
0	0
0	97
2	99
3	1324
0	1326
21	1389
0	946
0	932
14	111
10	26
14	236
0	109
84	95
2	61
0	2
3	0
1	0
0	0
0	0
0	0
0	0
0	0
176	606
31	142
25	491
0	0
10	83
0	61
0	272
21	454
59	455
4	398
8	24
6	16
1	16
73	1
0	0
0	0
6	320
6	0
0	0
0	711
0	0
15	744
0	0
18	500
0	430
0	81
0	216
0	214
0	488
0	43
0	4
1	9
0	0
0	5
0	5
5	202
0	0
0	2
0	0
0	0
0	2
0	212
0	215
0	161
0	0
0	53
0	18
1	20
0	0
411	2330
1	1559
0	2000
0	860
27	252
11	506
5	649
13	99
70	142
4	419
6	367
0	366
5	48
2	73
470	127
3	13
0	21
0	2
0	37
8	27
0	29
0	3
0	3
109	1673
4	1688
5	1533
8	379
0	279
2	0
37	2534
3	2508
1	2498
9	1689
5	14
8	171
0	0
1947	7970
8	3278
97	5462
0	5773
18	102
0	0
13	338
0	1541
0	213
47	13
28	213
0	213
11	115
1134	505
0	460
6	24
2	5
16	44
3	45
17	938
58	719
3	139
0	711
5	392
0	1055
4	314
33	88
13	134
3	456
29	1799
8	1460
5	1425
23	1
4	150
8	55
29	1113
1345	901
0	651
6	293
0	0
0	0
0	0
0	0
0	0
0	0
5	437
19	454
3	287
0	0
0	0
2	322
424	322
276	157
34	155
8	109
10	97
0	0
0	0
0	0
653	1264
11	360
0	164
0	655
0	955
0	0
0	0
0	0
0	0
0	0
0	0
0	0
0	0
0	0
0	0
0	0
0	0
0	0
0	0
0	0
0	0
0	0
0	0
0	0
0	0
0	0
0	0
0	0
0	0
0	0
0	0
0	0
0	0
0	0
0	0
0	0
0	0
0	0
0	0
0	0
0	0
0	0
2	74
0	0
0	0
0	0
0	0
0	0
0	0
0	0
0	0
0	0
536	2477
4	323
1	234
1	174
1	2421
0	0
0	0
0	0
9	165
6	165
1	164
0	0
0	5
0	5
1	5
0	2
0	0
0	0
0	0
1	0
0	0
0	0
56	415
2	292
8	347
0	6
7	269
0	0
0	0
545	282
0	0
0	82
1	63
2	338
0	318
0	212
0	294
1	245
0	3
0	297
0	64
0	22
0	22
1	43
0	30
0	0
0	0
0	0
5319	11166
60	9981
23	5018
36	67
14	1754
13	809
11	981
0	0
27	470
3	337
70	572
2	302
64	426
2	309
0	11
0	6
0	6
0	6
0	10
0	9
0	0
0	5
8	35
0	5
0	5
0	4
0	4
0	4
0	4
0	4
0	0
0	0
0	0
0	0
0	0
0	0
0	1
0	1
0	1
0	1
1	2
0	7
0	6
0	0
2	0
11	516
1	413
78	518
9	1
0	1
0	0
26	2
0	2
0	0
0	0
1	0
0	7
0	0
32	4
1	3
10	1
3	0
0	16
31	1203
0	187
7	1203
51	195
0	144
33	13
0	29
0	74
0	0
2	15
8095	0
6	204
68	204
0	0
0	43
13	0
0	9
0	9
5	12
0	53
44	89
2	0
0	0
0	80
81	0
16	0
1	0
40	28
1	775
1	25
57	7
7	12
0	477
0	467
0	347
11	549
1	45
26	553
0	160
8	43
7	28
6	0
2015	153
10	3
3	156
0	0
0	0
13	0
0	0
325	0
104	20
0	20
9	1224
7	1289
0	1225
5	309
0	552
1	145
3	30
3	222
1	89
0	0
0	0
0	0
1	61
0	0
0	5
0	73
0	73
0	13
0	0
0	0
6	134
39	431
0	434
0	143
19	32
0	32
1	15
0	3
586	152
3	152
0	0
313	106
0	14
0	92
1958	226
25	124
0	0
1	102
0	0
0	0
0	0
0	0
0	0
0	0
5	2362
94	2385
0	26
89	25
0	0
10	0
0	0
0	0
0	0
0	0
3	0
0	0
0	0
0	0
0	0
5	68
0	45
0	0
0	0
0	45
0	0
0	0
0	0
0	0
0	0
0	0
1	0
0	1732
7	371
10	1622
15	372
57	12274
30	12308
63	12356
19	747
21	1395
20	296
9	95
0	6
0	653
167	675
0	40
13	63
12	0
7	9
8	1062
30	1062
0	162
0	173
15	377
10	355
2	33
0	0
109	18
0	0
0	0
3	2
1	15
199	524
0	404
0	373
16	46
127	44
0	38
0	3
0	2
0	9
507	0
78	2
0	0
0	2
0	0
0	0
0	1
36	3869
0	3939
61	3615
4	4014
12	3595
147	0
166	0
0	584
45	731
0	0
8	83
23	83
5	2
0	2552
0	22934
0	2014
0	2760
31	18084
564	21239
0	20741
39	20729
0	20889
1	19887
0	22401
0	22714
162	1405
2492	1101
0	0
10	5852
72	6180
7	1855
0	0
25	959
3	84
0	0
0	0
1	0
0	0
0	0
0	2851
2	1010
1	1013
256	1013
2	320
2130	330
3	113
17	253
172	200
2	1043
0	55
0	952
25	9
0	0
4	0
1	0
16	0
0	0
412	221
14	133
1	25
2	1
2	165
0	1
56	0
108	2126
28	2083
0	0
0	84
2	392
0	254
10	0
0	0
0	0
0	0
0	0
0	0
0	0
0	0
0	0
0	0
0	0
0	0
0	0
2	0
404	353
130	355
0	0
0	141
0	88
68	159
1428	479
3	391
11	0
10	86
0	0
1	0
0	0
68	1020
0	34
0	1020
0	24
0	0
1	37
0	66
3	17
3	114
1	1165
1	69
2	1165
21	82
8	0
0	0
15	195
0	283
0	269
1	267
14	281
0	245
586	458
23	179
0	349
8	0
0	0
0	0
0	0
0	0
354	371
2	371
1	238
2	128
33	108
1	93
1	36
34	53
0	75
71	327
3	298
0	24
0	41
0	0
30	3
1	1
3	117
0	0
749	543
8	294
7	54
11	71
26	145
0	0
869	87
5	87
7	0
185	291
18	235
13	237
0	73
0	117
1	109
7	49
4	5
695	163
7	163
0	0
68	0
1	448
0	0
0	1
0	1
0	1
0	0
0	0
7	222
4	14
0	222
0	66
559	308
19	308
4	7
32	72
0	72
0	8
1	2
0	16
52	248
0	252
0	63
3	1411
55	1400
0	19
0	8
3	186
0	58
1	0
7	387
41	386
27	351
6	641
1	524
118	638
0	640
3	263
259	6697
28	2565
3	504
32	110
28	452
56	3774
4	170
182	1621
1	95
25	288
2	54
0	111
22	98
50	138
1	29
25	7
1	5
18	3
0	0
8	1054
2	1321
1	1335
8	1304
3	27
1	124
1088	219
13	219
80	0
0	0
0	617
83	612
48	467
3	7
0	9
0	9
0	0
2	4
0	4
1	0
0	45
1367	187
2	21
4	30
1	16
0	83
0	1994
0	2047
0	2047
3	941
12	398
1	24
4	19
2	4
3	39
291	3
0	3
0	0
1	0
457	462
1	85
13	162
0	0
0	81
0	147
1	37
0	81
0	0
0	193
7	193
1	123
1082	1487
6	636
6	1317
1	0
482	757
2	757
9	728
1	87
4	159
3	2003
517	2239
0	2111
0	99
1	109
4	12
0	0
0	166
0	0
8	346
1	141
0	0
1	1201
137	1377
2	50
0	134
7	35
4	66
10	33
0	106
1	75
0	0
4092	1821
1	1344
20	1781
45	208
256	1013
53	422
0	64
88	106
54	50
41	15
0	0
5	468
0	413
0	267
0	373
0	221
2	0
1	28
0	8
2	510
0	457
101	119
1	27
7	17
11	34
0	0
2	312
39	241
0	1
0	12
0	12
0	11
0	0
602	0
0	0
0	0
97	0
4	899
142	899
0	78
16	78
157	0
0	0
0	0
0	0
0	0
0	0
0	0
0	0
0	0
0	0
0	0
0	1
3	9
0	0
0	0
0	0
0	0
0	0
0	0
0	8
0	190
26	256
0	163
26	28
0	8
1	7
149	10
1	10
0	0
0	1784
0	7
1	1
0	1781
2	1
6	1528
8	1793
2	384
0	38
5	357
1	1
0	201
0	2
0	2
7	164
0	164
1	20
2	2
0	0
0	0
2	58
134	58
2	32
0	68
0	74
0	0
1	32
0	13
1	27
7	10
0	239
102	2006
2878	2014
0	1154
0	0
0	2237
1	1877
0	1211
0	1918
0	422
0	206
420	2520
34	2150
1	2139
0	265
0	4
0	4
0	4
0	4
0	3
0	3
0	3
0	1
0	0
0	0
118	0
6	635
0	525
2	497
0	408
0	57
0	62
31	109
1	161
0	163
9	161
3	0
22	214
1	8
0	6
733	1031
12	236
0	340
1	170
9	62
28	202
0	418
3	43
5	3640
14	3640
203	3640
0	239
1	228
1	1
1	1
0	0
13	55
7	55
4268	1075
0	1068
224	281
0	161
103	369
1	173
0	169
1	252
1	22
1012	2
0	0
0	40
0	40
0	6
5	16
0	0
1877	428
1	45
0	59
59	150
0	71
0	159
0	16
1	202
0	0
0	1
0	1
0	0
5264	8
1306	1184
5	355
3	516
1	138
5	72
0	69
16	180
0	154
0	154
0	154
0	44
1	15
2	31
0	2
0	1
0	0
0	6
12	6
2025	2786
6	1080
9	2120
0	187
41	31
28	470
26	1666
3	319
59	2709
1	232
18	844
2	304
0	750
0	179
32	676
0	2805
12	144
14	1009
0	264
0	187
9	157
2	148
7	483
0	30
35	37
8	49
0	4
2	0
0	4
253	108
0	24
5	71
23	18
11	15
1	25
11	169
0	56
1	93
3	111
22	121
0	53
0	63
13	10
3	0
8	2967
37	2834
8	2981
0	719
0	563
0	544
0	71
1770	1577
0	1510
3	112
2	252
1	97
6	71
6	141
3	155
0	21
0	0
0	48
0	26
45	1648
18	4
1773	1646
27	285
0	0
0	0
7	648
0	11
498	15598
0	513
10	15654
1	1216
1	2905
3	0
0	0
17	110
0	0
0	0
0	0
0	0
0	0
0	0
0	0
0	0
0	58
0	59
0	55
0	57
0	44
0	46
0	45
0	7
0	8
0	0
0	0
0	9
0	9
1	1
3	2
0	1
3	2010
1	17
1	1678
4	1256
2	26
21	2028
0	75
4	0
0	1762
0	200
0	77
0	75
3	275
12	1813
0	1813
0	7
1	7
0	6
0	1
1	2015
0	2757
2	914
0	2433
0	2406
1	897
34	429
18	381
4	283
0	0
0	0
2	3673
274	3673
0	2398
33	802
1	429
1	0
0	0
9	2
386	563
0	262
4	289
0	32
29	19
1163	352
24	348
2	85
9	4
20	35
0	35
0	0
52	3532
25	3217
0	2841
48	509
6	332
0	2856
0	2810
1	0
6	0
0	0
0	0
0	0
695	128
2	7
0	0
0	62
0	62
7	122
0	0
0	0
298	781
0	15
0	0
0	15
0	14
0	151
0	21
0	8
0	338
2	0
0	0
0	0
0	0
0	0
0	0
3	0
0	0
0	0
0	0
62	251
0	20
0	220
0	208
2	114
0	10
0	1
1	18
195	1108
6	393
9	28
0	338
7	198
0	509
13	590
16	170
1	333
3	267
56	697
6	59
524	0
11	174
91	713
68	27
0	27
2	0
1	0
4	81
101	81
3	1417
52	1491
0	1482
166	1539
0	2289
0	2588
0	2414
0	2413
0	2499
67	2589
0	2610
0	2592
0	2687
0	2177
0	1347
347	510
9	1191
0	1191
1	162
0	0
0	273
0	0
7	0
0	0
10	0
40	0
0	1
486	2704
6	672
0	223
15	2154
0	0
6	15
0	15
31	757
0	757
1	504
1	406
7	29
1	35
4	1
0	0
13	0
0	0
5	0
569	384
0	0
0	384
8	0
0	205
0	256
0	216
0	298
14	312
3	185
3	169
0	86
0	1
0	1
3	116
0	47
0	108
0	18
0	0
2	473
2	693
43	612
1	223
12	411
0	79
2	108
2	186
0	181
3	22
10	46
6	58
49	1613
14	1571
0	1594
4	132
0	114
17	30
6	13
14	11
1	19
9	0
6	129
14	514
3	95
5	64
1165	2
1732	398
1	691
0	650
1	274
0	77
0	114
0	36
0	0
0	0
324	19
6	19
360	2
1	0
3	2194
779	2698
20	504
6	0
3	269
270	1889
8	1660
0	107
0	834
0	131
1	991
1	420
0	1062
0	28
1	213
0	0
2	654
262	0
10	307
0	1364
0	1459
0	1582
0	1506
0	208
1	142
0	829
0	1152
0	105
0	1068
0	139
0	168
114	6
1	2
0	5
320	0
0	26
530	199
7	164
0	86
3	34
3	26
167	0
0	0
620	614
6	579
6	82
3	401
11	13
4	0
2545	357
19	357
10	0
534	691
23	691
0	85
0	0
0	2
38	117
0	116
0	116
0	16
0	595
1	590
0	1
9	7
2	160
0	19
8	36
0	581
5	556
4	0
2512	949
4	102
0	2
0	0
0	20
1	930
14	62
0	0
0	2
2	2
0	1
0	1
0	3
0	1
5	4
0	1
1	2
295	151
0	4
0	14
0	137
1	640
79	815
19	754
0	89
688	244
0	162
4	153
8	118
8	84
1	69
0	0
87	965
0	965
3	152
0	18
13	37
562	265
0	0
4	42
5	89
4	2
4	149
0	0
321	0
63	48
0	48
9	268
4	564
3	168
11	552
22	573
1383	816
2	30
0	773
2	0
0	0
172	26
1	26
165	335
6	264
2	144
5244	76
950	186
6	186
0	33
12	80
0	0
1	0
0	0
379	191
13	191
3	70
0	2949
4	2847
2	2256
80	570
0	0
6	20
23	63
0	0
1	0
8	7539
4	7088
13	7045
16	5540
0	4699
1	4912
7	1398
2	313
0	0
2	0
0	0
0	0
0	0
666	3466
0	2362
12	2048
5	2016
4	1353
0	810
1	811
0	804
3	803
1	685
4	794
0	774
0	185
0	803
1	726
2	467
0	689
1	725
6	557
0	60
0	235
0	219
1	257
0	143
3	0
0	0
0	0
0	0
0	0
0	0
0	13
73	607
0	18
2	601
0	89
0	75
0	36
27	91
0	22
0	25
0	0
0	4
0	36
0	19
335	4
2	4
0	4
0	17
5	3
1	6
0	15
0	9
1	0
0	2
0	5
0	0
0	2
1	3
744	1851
3	1293
5	572
50	867
0	841
0	94
4	74
0	35
0	85
0	78
19	58
0	0
3	11
0	0
0	16
0	13
0	13
1	1
1	1
29	794
0	761
2	6
0	44
3	196
80	254
9	254
0	0
0	4
0	1
0	2
0	1
0	2
0	2
0	1
0	0
42	36
0	36
1	1552
3	1552
1	1579
0	169
1	92
38	86
0	1
0	1
0	0
0	1
1	0
3	572
7	1543
4	1503
35	914
115	9
0	9
0	3
0	1143
4	225
1	34
3	0
510	1123
1	141
1	334
0	0
1303	3007
0	0
13	9
0	994
4	2374
8	2084
0	0
7	214
0	28
0	70
0	39
45	214
0	6
119	0
23	1561
0	1592
6	1291
99	637
0	574
0	576
13	370
845	49
2	47
19	250
0	250
0	0
5	125
899	238
3	226
4	15
15	985
306	1835
0	751
14	294
33	83
2	0
0	0
1359	544
35	544
550	6912
281	3808
1	795
1	815
7	5344
6	1911
14	0
8	1320
1195	367
16	174
14	281
0	0
58	9
0	0
0	9
4	2
0	0
0	0
0	0
7333	472
22	463
0	0
0	0
0	0
6	1366
1	1328
0	923
7	705
1	142
1	836
1	19
11	18
11	58
1	124
8	87
0	241
8	523
0	78
9	215
0	121
0	139
0	138
0	114
0	61
0	16
0	8
0	25
0	0
0	0
5	134
1737	219
0	0
2	162
3	0
0	661
7	661
1339	994
0	0
4	596
0	137
33	104
16	215
0	141
2	0
0	3
6	3
0	0
393	0
0	0
0	0
0	0
0	0
0	0
633	4
2	3
876	0
5	1
12	11
0	11
0	0
0	0
106	2550
27	2457
19	1676
654	1854
1	1633
24	238
5	333
4	289
11	169
14	62
3638	409
45	409
0	47
0	0
0	35
0	35
3728	2123
0	855
3	865
45	287
29	979
9	997
10	440
3	249
0	574
6	72
11	6695
1	167
109	2094
39	133
11	6581
11	1887
62	2461
0	1456
6	1623
9	600
14	867
4	69
523	671
2	461
0	128
0	200
1	84
3	175
1	4
0	1
3004	0
0	0
7	0
0	0
0	1045
1065	10265
5	1025
16	8508
2	8407
2	3857
15	4568
17	2183
8	1964
0	0
0	0
2519	999
103	998
4	1
1095	46
0	44
120	0
0	328
165	363
3	76
10	142
0	31
2	41
784	177
13	113
0	0
43	2474
20	2587
726	2832
0	2377
1	516
15	246
2	673
4	49
8	136
9	1205
1	0
1	59
0	2
0	2
0	2
0	0
7	0
63	5782
24	5795
2	6
0	96
0	2866
1	5761
3	4
5	2865
150	2774
0	1905
20	154
11	118
10	272
18	581
0	531
0	847
6	1
0	0
0	0
0	0
0	0
0	0
434	4130
0	4026
1	3372
0	314
0	466
74	706
950	0
1081	103
6	103
1560	0
5	0
746	158
9	61
48	97
0	0
0	0
0	0
0	0
0	0
0	0
0	0
0	0
79	0
11113	4520
118	4503
0	0
75	0
0	9
0	0
0	0
0	0
0	0
0	0
85	9216
78	9216
1	24
0	0
1	399
0	0
0	0
0	0
2	185
89	2422
0	1105
60	2401
0	109
274	140
1	83
1	96
9	163
2	1094
1	99
16	35
4	332
1	87
3	25
5	77
0	100
0	360
2	1
0	174
0	258
3	2089
0	2247
0	203
23	0
56	2243
41	618
39	999
12	39
11	12
3	12
0	564
71	29
1	0
0	29
0	23
0	16
0	7
0	0
2	0
3646	397
31	0
0	0
0	0
0	0
6	387
1	0
0	179
32	136
34	527
0	3139
0	3017
0	3061
0	13
0	33
0	2718
1	93
0	0
0	2270
0	0
0	1149
2	294
1	86
1	33
0	0
4	4522
1	10
8	474
8	4335
0	4351
0	4679
0	331
0	4193
1	586
6	4603
256	666
0	252
0	1056
8	276
0	124
0	10
0	5
0	3
1	120
2	17
0	3
0	3
1	2
8948	2
6	1511
75	2826
0	1971
0	0
0	0
2	123
96	123
0	0
0	0
1	2
80	1238
26	1169
3	129
1673	6
4	8
0	1
1	7
0	0
0	0
0	2
1	163
0	237
1	229
1	204
36	66
0	5
0	66
0	2
2326	0
23	45
2	45
0	848
0	848
0	843
0	279
7	26
0	6
5	9
2	0
0	0
245	2046
13	756
1	1301
0	0
0	0
0	12
0	7
0	12
534	0
0	2025
5	2025
24	161
2	1141
21	1187
5	493
0	0
0	0
0	0
1091	286
0	280
3	4
290	379
0	378
0	238
8	129
0	0
3	0
1	4897
0	1005
0	4031
3	98
0	3128
8	3696
11	4
0	637
0	1788
0	4320
6	0
12	218
1	244
0	197
2	225
0	82
684	28
12	28
0	0
0	0
0	3
0	0
0	0
0	545
19	832
3	589
15	30
6	76
7	196
18	2
2	2949
0	2949
2	48
0	3752
95	2611
14	1544
0	15387
368	15361
8	1203
0	5806
11	55
21	246
3	134
0	348
5	346
17	195
3	318
0	576
0	1825
146	1825
0	0
1	704
238	662
17	637
3	39
0	0
0	0
0	0
0	0
0	0
0	0
0	0
0	0
0	0
325	0
0	0
21	0
0	0
0	0
0	0
0	0
0	0
0	0
0	0
0	0
0	1252
0	1443
1	1785
0	2116
0	2031
0	2117
40	2200
6	216
0	249
0	37
0	246
10	177
0	0
0	0
8	5876
0	474
0	5915
1	339
0	194
0	0
0	0
0	0
0	0
559	368
7	179
21	201
0	82
0	20
0	20
3	0
3	0
0	0
60	17
0	0
0	13
0	4
0	0
1493	2613
15	2613
45	2161
5	922
31	1314
19	1307
9	1235
14	366
0	194
1	242
0	37
0	181
0	20
0	11
15	25
1	99
3	141
14	304
0	308
0	305
0	307
1	29
0	33
1	17
4	20
0	11
0	1536
0	1752
0	651
11	163
6	220
0	225
1	516
0	440
0	4
1	186
9	398
0	0
2	0
0	0
11	4072
38	4174
73	4071
20	4059
0	2
0	2
0	289
1029	58
2	58
17	3
0	0
0	3
0	0
0	0
3	19
3	42
6	10
308	77
3	17
0	43
0	16
0	37
1	0
28	0
2168	536
0	153
4	33
12	350
0	0
0	0
0	0
4	0
0	7
0	7
0	3
0	0
0	0
0	0
0	0
0	1
0	1
0	0
308	0
1	0
56	757
5	763
5	677
0	8
1	138
0	127
0	179
34	2431
31	2431
0	10
8	63
2	0
49	90
85	0
0	1751
8	1751
0	1758
0	159
9	219
1	180
0	169
0	147
12	122
0	96
0	110
1	93
0	66
0	49
0	62
19	150
0	0
10	153
75	137
0	0
295	0
16	643
0	655
10	4
0	1
1	96
0	31
3711	2775
0	2768
0	1433
23	0
927	47
3	20
0	27
12	60
0	159
465	236
1	51
0	1
1	77
0	0
0	0
0	0
0	0
0	0
0	0
0	0
0	0
0	0
2819	0
22	0
0	0
0	49
0	48
0	9
0	21
0	8
0	3
2	19
0	0
10	0
0	0
2	0
830	0
1	0
11	25
2	27
0	22
1	8
25	89
0	0
0	33
30	239
2	199
23	153
0	157
0	81
1	31
0	0
0	0
0	0
0	0
0	0
1362	37
0	0
0	0
0	35
0	23
0	127
0	6
0	0
25	22
363	164
1	164
0	0
1	0
0	3
0	0
0	0
24	697
0	12
12	695
0	106
3	0
0	0
0	0
0	0
0	0
0	0
0	0
0	0
0	0
0	0
0	0
0	4
0	0
0	0
0	0
0	0
0	0
0	0
0	0
0	0
0	0
0	0
0	0
0	0
0	0
0	0
0	0
0	0
0	0
0	0
0	0
0	0
0	0
0	0
0	0
0	0
0	0
0	0
0	0
0	0
0	0
0	0
0	0
0	0
0	1
0	1
0	1
0	0
0	0
0	0
0	0
0	0
0	0
0	0
0	0
0	0
0	0
0	0
0	0
0	73
0	0
0	0
0	0
0	0
0	0
0	0
0	0
0	0
0	0
0	0
0	0
0	0
0	0
0	0
0	0
0	0
0	0
0	0
0	0
0	0
0	3
0	1
0	0
26	42
0	0
0	0
0	0
0	0
0	0
0	0
0	0
2	574
0	733
50	919
2	114
2	208
0	804
10	58
0	0
67	8212
0	2574
61	8083
2	5353
1	351
66	431
0	311
124	77
0	55
12	328
2643	80
8	78
33	227
0	227
5	0
0	0
0	0
0	0
0	0
0	0
0	20
5	116
0	0
0	2
0	0
0	0
0	2
0	0
0	0
0	81
0	0
0	286
0	142
0	92
0	0
1	59
0	0
0	0
0	0
0	0
0	134
0	3
0	0
0	1
0	0
133	536
4	7
0	0
0	0
0	0
0	0
1	135
0	0
0	0
0	0
0	2
0	2
0	0
0	0
0	0
0	0
0	0
0	0
0	134
0	4
0	0
0	0
0	1
0	0
0	17
7	17
0	8
167	335
3	21
1	0
0	0
0	0
0	0
0	0
1	170
0	3
0	1
0	0
13	236
0	74
0	1
0	1
0	1
6	123
0	0
0	1
0	0
0	1
0	0
0	0
0	0
0	46
3	10
0	0
0	0
162	581
0	0
2	5
0	0
2	1
0	8
0	0
2	178
0	0
0	1
0	0
0	1
1	2
0	0
0	0
1	0
1	44
0	42
0	0
0	0
0	0
0	0
0	0
2	2
0	33
0	33
0	2
0	0
2	2
3	1
1	0
0	0
10	94
0	0
51	438
5	423
50	15
20	11
467	20
0	20
4	474
0	419
0	155
5	349
27	477
4	66
10	0
0	61
183	0
0	2631
1	2485
2	2328
5	1231
1	100
0	355
0	0
3	245
363	346
0	103
16	246
0	5
8	156
2	17
3056	0
0	0
0	0
2	0
64	155
17	155
1	129
0	11
3	4
0	0
0	333
33	69
7	25
176	616
0	583
11	51
1	254
0	26
0	2
0	2
1255	153
0	149
0	0
27	0
0	0
6	179
0	78
21	188
0	13
4	150
3	19
3	2
14	752
0	785
22	741
8	739
0	505
1	369
10	359
0	0
0	34
1	144
1	154
8	136
3	73
2	17
0	53
0	53
7	57
0	39
0	47
29	0
3	0
0	0
0	0
0	0
0	0
625	44
0	44
1	0
15	169
2563	366
0	265
62	0
0	0
1	113
0	0
0	1356
1	1301
3	1287
1	1268
0	3
11	313
21	210
0	0
0	34
0	0
390	411
2	402
0	45
0	0
4	0
0	0
0	0
1	4108
1	4137
2	4023
6	4997
0	1844
0	86
0	36
0	162
0	442
0	71
0	136
0	2046
0	607
3	673
0	621
0	515
8	1849
0	212
0	2927
2	357
0	1012
0	628
0	1553
0	1436
0	1486
0	823
0	1362
0	1040
8	686
0	417
1	0
52	0
63	1337
949	1731
67	22
18	0
38	336
0	0
31	547
0	388
9	0
0	0
5	0
29	0
738	269
44	267
6	154
1	28
1	42
0	0
122	213
340	215
0	3
0	0
0	18
48	110
0	80
1	59
0	42
0	9
1	25
0	110
3462	1215
127	408
5	807
20	25
6	346
1	5053
0	5149
0	1222
0	1131
0	3440
2	31
1	196
0	107
1055	1844
1	293
52	853
3	66
101	1631
0	196
1	1380
0	1380
8	173
0	1026
0	1089
0	0
2	0
0	0
0	0
0	0
1	7
0	682
0	208
1	6
0	146
0	16
0	25
28	35
1	19
0	4
121	152
0	173
3	148
0	2
0	0
0	0
3	74
4	101
0	37
430	132
2	22
3	0
0	0
559	155
0	0
0	153
8	0
1945	4354
1	4357
1	19
1	931
2	362
0	367
0	365
0	360
0	362
0	302
0	205
0	0
0	46
0	38
0	36
0	19
0	2
3	5
0	6
8	266
23	266
8	199
0	254
4	45
1	6
211	0
0	0
0	0
1	0
1	0
0	0
0	0
0	0
0	0
309	270
3	262
0	201
0	0
0	151
2	31
0	31
6	31
2	20
0	8
0	7
9	2026
28	2026
4	231
5	1
5	0
0	0
49	0
99	4
0	0
0	0
20	11
0	11
0	8
0	4
0	0
0	0
0	1
0	1
0	1
0	0
0	6
1	2124
562	15168
84	1792
1	4286
9	610
1	757
42	11776
9	3858
6	912
1	2282
15	1074
410	3804
0	7
0	1
0	0
13	158
4	3639
3	0
35	1
5	67
14	185
3	253
2	13
0	13
0	0
0	0
0	0
0	0
4	11
30	2458
31	35
50	2493
5	2114
16	1896
0	1699
0	961
13	1377
5	62
16	803
4	691
4	522
3	304
0	42
0	145
0	131
0	135
0	84
0	42
0	1
0	136
0	69
0	49
0	0
1	0
10	273
0	167
44	80
1	142
2	77
3644	232
5	227
5	16
0	434
0	329
0	439
2	383
1	379
0	8
3	6
0	0
0	0
0	1
45	38
14	51
2	27
0	0
396	1781
32	789
6	267
79	1460
0	1285
1	306
0	194
0	433
0	427
8	39
0	193
1	482
124	115
0	112
2	27
506	2
2	0
1182	6
5	157
0	177
24	169
0	12
0	15
0	30
3	18
2	42
5	0
25	443
0	1540
2	666
2	731
0	1402
2	384
0	0
0	324
4	384
0	381
10	375
8	28
17	188
0	0
2	20
0	22
0	2
4	3
12	259
4	251
25	160
0	189
0	161
7	158
0	106
0	111
0	104
0	109
0	110
0	105
0	107
0	112
0	100
12	70
0	72
31	80
10	51
0	42
0	0
46	11
6	11
128	1565
1	29
7	1571
0	1565
18	1559
16	102
0	0
0	0
16	518
0	543
0	540
0	28
0	0
0	0
84	3049
4	3074
0	179
0	73
7	6
0	0
0	5
0	4
0	4
0	0
0	0
0	1
1	5
0	2
1	4
0	0
12	5569
0	5573
0	6891
0	6891
7	228
31	1285
45	2934
6	1563
0	96
0	93
0	92
0	0
0	0
0	61
1	160
0	157
0	160
0	149
1	141
3	116
0	83
0	67
0	49
0	9
0	3
0	1
0	2
0	0
0	2
1	11
0	3
0	1
0	0
0	37
1	40
0	1
0	40
0	4
0	4
0	0
0	0
0	0
0	0
0	0
5	0
0	0
0	0
0	0
1	0
0	475
43	562
2	12
0	217
3	438
0	81
0	234
70	140
0	143
14	4
3	25
0	13
560	294
0	294
0	18
2	877
0	877
0	48
4	123
2	35
1	105
2	112
0	109
1	83
0	89
1	11
0	23
2	18
1	18
3	25
0	9
0	7
0	2
0	0
0	0
0	0
0	0
0	5
0	5
0	5
0	3
0	1
0	1
0	0
0	0
0	0
0	0
34	493
16	394
0	77
4	72
1119	909
12	664
0	380
8	141
35	302
19	135
2	0
2	62
0	6
0	81
0	11
0	28
0	4
41	1085
91	2594
29	2763
0	2455
2	510
0	741
0	434
0	396
0	396
0	387
0	387
0	394
0	396
0	385
25	54
4	39
0	0
0	0
0	5
0	0
0	1
0	0
0	0
0	0
9	0
0	0
0	0
0	0
0	0
0	0
0	0
0	0
0	0
0	0
0	0
0	0
0	0
0	0
0	0
0	0
0	52
66	59
0	35
84	166
4	202
0	102
0	65
0	68
0	0
2	0
0	0
1	731
0	707
23	533
7	352
15	99
0	53
15	243
2	875
0	521
0	311
0	727
6	866
0	473
0	861
1	790
0	196
3	316
1	84
0	0
0	0
49	113
2	22
26	115
3	0
0	59
205	4355
390	4296
13	102
1	37
9	44
0	11
1	23
8	32
0	15
0	9
0	8
0	1918
0	2348
116	2348
0	232
1	56
1	5
0	253
0	395
21	397
7	213
47	397
0	232
1	200
319	1058
131	1152
0	371
1	35
4	86
3	86
0	45
0	23
0	5
0	0
0	94
0	9
0	9
0	0
40	2
3	30
5	32
1	0
6	1
3	12
0	17
0	17
0	17
0	0
6	12
0	4
0	5
0	5
0	5
0	3
0	3
0	4
0	4
0	4
0	3
0	0
0	6646
88	6792
0	6952
1	564
0	0
2	2093
28	405
0	6341
1	1496
4	2040
8	5359
221	5383
18	46
1	43
1	276
0	176
3	4736
10	802
730	664
2	664
48	438
25	0
0	71
0	0
3	0
0	0
4	88
12	899
0	22
36	896
14	879
1	22
2	112
1	47
72	96
10	58
5	29
4	10
3	320
23	547
55	639
0	184
0	54
9	209
14	39
0	74
0	29
133	0
913	1389
294	711
20	1383
0	0
0	24
0	24
0	1
21	1
0	1
549	1318
18	398
0	177
33	79
0	372
1	170
0	355
3	352
9	206
0	0
6	7
0	3
0	10
391	0
10	0
0	0
0	0
0	0
2	0
257	1183
0	581
2	1038
1	375
2	904
38	2843
25	4441
132	2643
34	266
4	2263
3	871
163	1834
21	83
45	1772
2	249
19	1391
0	0
21	372
330	752
2	50
10	41
4	135
0	268
0	131
3	2268
3	1932
65	2000
6	1633
16	1914
0	2058
0	39
3	185
58	0
585	297
0	96
0	201
0	1065
19	779
221	1295
0	46
6	319
0	144
10	0
2	95
172	113
7	86
13	104
0	91
0	44
7	58
30	600
0	597
0	81
2	98
6	549
14	50
7	61
1	70
0	6
0	0
23	1640
5	1744
39	1832
0	78
1	186
11	1760
0	313
3	937
2	92
0	1740
0	1740
4	234
7	440
148	115
2	41
0	74
486	0
6	5552
508	5573
0	2433
18	5077
7	228
9	1051
5	23
2	23
0	2
42	5
0	5
0	0
0	2
3	91
5	2
1	84
0	61
1	78
0	21
0	11
3	21
36	73
0	14
2	2
68	68
0	1
0	12
0	8
548	0
0	0
0	0
0	0
0	393
26	379
0	398
5	153
0	38
1	19
1	8
14	6
6	0
11	1011
0	3543
0	2296
0	3404
51	3326
161	3125
7	175
92	0
40	23
16	68
0	68
4	0
198	123
15	190
0	136
1	138
19	308
0	174
18	299
1	34
0	0
3	19
0	70
10	1
0	42
0	2348
186	2345
3	172
6	109
26	115
1	7
0	7
0	8
0	8
0	6
0	0
0	1
0	1
0	1
0	0
0	0
0	0
0	0
0	0
0	0
0	0
0	0
0	0
0	0
0	0
0	0
0	0
0	0
0	0
40	1520
0	0
0	0
11	49
0	41
2084	746
17	110
0	686
21	0
0	0
0	0
0	0
136	439
39	148
7	450
5	410
4	507
12	0
10	0
0	0
8	0
59	0
4	4
0	4
0	2
72	0
0	0
119	119
0	84
21	0
3	6
6	29
0	21
0	424
27	424
4	49
0	16
0	38
0	29
49	28
0	29
15	5
0	0
1	0
4	0
95	0
73	65
1	25
1	26
1	0
1244	1401
0	1183
56	686
0	0
0	0
0	0
0	0
0	0
0	0
2414	2168
2	144
81	1986
2	0
0	0
17	0
16	1102
58	0
79	1093
24	1161
156	300
1	1105
1	854
116	1040
0	87
45	189
19	8
112	11
40	39
113	5
1	1
0	1
7	23
4	142
0	160
9	20
152	168
23	1559
2	249
6966	2863
1	30
4	5
5	240
0	284
12	89
62	0
153	297
36	9
29	30
0	263
7	74
8	423
5	41
53	0
7165	2342
3	782
8	747
14	1185
43	53
2269	0
1	0
0	0
0	0
0	421
0	445
1	238
0	172
7	0
2	0
0	0
6	0
25	0
1	141
1	6
0	1
0	1
22	157
9	129
15	101
3	0
2	0
9	0
0	0
0	21
2	20
0	1
0	8
11	0
2	0
0	0
0	0
0	0
7	49
5	2942
17	2979
8	2922
27	2816
0	24
3	8
0	0
601	374
0	270
0	203
8	10
1	31
0	121
0	46
9	61
13	0
0	63
17	0
0	0
12	0
1	117
0	97
0	64
0	6
0	13
0	45
2	40
0	46
1	52
0	1
17	12
2	0
1	1542
0	1497
0	501
28	1184
22	1129
0	627
0	1047
0	517
17	416
0	0
159	60
0	60
154	23879
0	0
0	0
0	0
0	0
0	0
0	0
0	2
0	0
0	0
0	2
0	2
0	0
6	2353
1	0
0	0
0	0
0	0
0	0
0	0
0	0
1	0
0	0
0	0
0	0
0	0
723	0
6	0
864	7654
8	2
62	7996
14	73
41	476
157	1416
1	3941
130	0
0	208
0	203
0	208
0	208
0	214
0	25
0	6
0	1
0	6
0	2
0	2
0	2
0	1
0	4
0	1
0	2
0	5
0	8
3	0
0	67
0	1
1	24
0	0
0	0
0	9
0	0
2	0
2	7
18	1390
3	1497
0	1192
7	168
5	34
64	582
24	7
25	124
1	14
0	503
31	19
2	464
70	461
9	472
0	47
3	0
46	3
335	237
6	237
16	0
2094	1680
20	0
3	1437
0	0
0	0
1	43
1	0
0	400
0	27
34	437
0	8
0	0
0	25
0	3
0	11
1	17
9	4
25	66
5	0
0	62
2	8
0	1
2	3
1145	628
0	1
4	324
39	304
0	0
0	0
0	0
0	0
0	0
0	0
30	32
137	329
1	316
1	1186
1	1046
7	1087
0	1141
0	1142
34	1062
1	1035
0	952
4	113
0	711
0	23
0	441
43	257
0	167
0	156
8	131
69	109
0	14
59	19
0	0
35	378
0	0
0	133
0	126
1	19
7	140
0	153
11	40
0	104
0	0
0	0
1	9
0	0
0	0
0	0
0	0
0	0
0	0
0	0
2	7
2	7
0	0
0	4
0	0
0	0
0	0
0	0
0	0
0	3
0	0
0	0
0	0
0	0
0	0
0	0
0	0
0	0
0	0
0	0
0	0
0	0
0	1
0	0
0	0
0	0
0	0
0	0
0	0
0	1
0	1
0	0
0	1
0	0
0	0
0	0
0	0
0	0
0	0
0	0
0	1
0	1
0	0
2	0
0	0
0	0
0	0
0	0
0	0
0	1
0	1
0	0
0	0
0	1
0	0
0	0
0	0
0	0
0	0
0	0
0	0
0	0
0	0
0	0
0	0
0	0
0	0
0	0
0	0
0	0
0	0
0	0
8	156
1	51
2	78
0	6
1	12
3	0
0	79
0	0
0	0
0	35
0	8
1	337
1	2
5	2
8	120
0	0
0	656
0	26
5	744
14	764
0	20
13	100
19	0
6	0
21	0
45	0
0	0
0	0
0	0
0	0
0	0
0	0
0	0
0	0
0	0
0	0
4	598
105	598
12	0
0	0
3	5
9	0
0	92
16	92
3	89
0	0
5	0
5	0
3	0
3	0
4	0
1	0
0	44
0	0
0	0
1	0
1	0
0	0
0	0
0	0
0	0
0	0
0	1
0	2
0	1
0	1
1	1
0	1
0	0
0	1
0	0
0	0
0	0
0	1
1	0
0	0
0	0
0	0
0	0
0	0
0	0
0	0
0	0
0	0
4	1211
0	591
0	595
0	611
0	601
0	1227
0	526
16	36
0	0
52	124
29	0
4	2
0	21
0	0
1	0
0	0
18	214
231	961
0	225
20	247
0	994
22	793
25	14
3	0
1	133
15	5
0	5
0	0
0	0
0	0
0	0
0	0
0	4
633	6013
0	1184
96	275
4	821
13	4235
8	397
0	400
0	397
0	387
1	380
0	69
14	0
648	8
0	0
0	0
0	0
0	0
1	0
0	0
0	0
0	0
0	30
0	8
0	28
0	75
18	2
0	0
0	0
3	67
0	21
0	1
0	0
0	0
0	1
0	16
0	16
0	0
0	0
0	6
0	3
0	0
0	7
0	3
0	1
0	1
0	0
235	434
2	226
0	56
3	66
26	199
19	151
0	24
0	0
387	6
25	6
579	589
13	589
47	0
2	2
163	0
466	890
4	451
0	159
0	248
0	174
0	171
0	83
0	0
0	0
0	0
0	0
0	0
29	347
26	514
3	609
10	12
1	208
0	326
0	372
0	0
54	18
0	0
0	24
0	1
1	2
0	2
0	2
0	0
0	2
2084	0
377	268
14	90
0	178
2	0
0	0
0	0
5	1
147	1
0	0
1	17
3	4
1	0
2	688
54	2345
4	25
33	2151
6	175
40	899
29	899
0	112
182	2175
101	2176
1	340
20	322
0	228
0	0
1	286
1	138
0	136
19	2169
6	1929
48	1976
2	1947
1	131
3	698
5	612
0	2372
77	2372
38	12
0	0
0	0
0	0
0	0
0	0
46	993
0	56
9	951
0	0
1	0
1	17
0	0
0	215
0	0
2	0
1	0
0	215
2	313
0	3
0	28
0	59
5	39
21	38
0	0
0	0
0	0
8	12
0	0
0	0
0	0
0	1
8	566
5	637
33	0
0	278
2	225
2	101
0	89
0	0
0	54
2	4
14	69
0	4
1	2
0	69
6	9
3	1071
0	0
4	4
60	481
0	1
0	0
0	0
0	1
2	1
1	0
0	0
0	0
0	1
0	0
0	0
0	0
0	0
5	36
0	0
2	0
0	0
13	0
59	0
137	457
47	457
0	1056
0	2410
23	2338
0	60
5	244
0	202
1	0
0	491
185	102
0	82
149	1079
2	1057
17	37
1	196
24	133
8	2
0	86
0	11
0	0
53	17
0	0
23	0
4	0
0	0
0	1
4844	34
22	1
0	0
21	1114
0	1084
1	1103
1	102
1	196
1	113
8	33
1	145
19	0
5	93
1	847
12	31
2	733
5	820
24	68
32	86
33	0
3	73
0	0
0	2
0	0
0	0
0	0
2070	0
63	0
3	0
0	0
0	0
0	0
1	130
668	223
1	239
0	252
9	0
3	6
4	509
0	0
3	762
1	732
0	683
21	162
4	11
16	0
75	205
4	205
2	5
1	6
0	0
0	0
0	0
0	85
14	239
62	239
0	57
2	43
0	34
0	0
0	182
32	182
0	0
0	0
141	194
0	186
0	12
3	245
7	1850
0	1838
0	709
25	240
0	298
0	198
24	782
0	542
0	0
0	0
0	0
0	0
0	0
381	291
0	291
7	1
0	8
0	385
35	306
29	3238
0	2
1	43
2	253
5	3087
0	123
6	3087
10	81
8	255
8	311
88	61
1	959
0	721
0	0
4	262
0	377
0	794
1	1178
3	149
0	1228
0	793
0	76
13	49
17	315
0	328
0	318
0	119
11	147
17	344
3	344
7	344
0	298
0	156
1	83
1	0
2	0
0	0
92	1026
0	335
0	325
25	261
71	691
1	14
0	0
1	1
1	1
0	1
0	0
0	0
0	0
0	0
0	0
2576	0
16	957
87	1524
0	119
0	1516
0	116
0	81
4	149
0	0
0	188
8	177
4	7
1	59
5	35
0	20
1	7
0	18
0	2
0	0
0	0
21	2006
7	2028
32	1914
0	0
1	9
2	9
0	2
0	0
0	0
0	0
846	839
0	446
157	364
6	0
118	140
109	850
0	853
11	843
4	172
2	227
0	177
2	0
8	61
76	86
0	0
0	0
0	2
0	0
41	12
1	12
0	0
0	0
0	0
0	0
0	0
152	1
0	0
39	673
0	669
3	3
5	672
326	2377
50	2574
1157	5001
4	98
3	189
31	2882
0	0
15	1675
118	1001
0	1
1	0
0	0
0	0
0	0
96	0
1	0
0	0
0	0
1	0
20	0
207	52
0	48
2	4
22	4
0	0
4	16
4	16
0	0
0	0
0	0
0	0
1	0
4	1
0	0
0	0
0	0
0	0
0	0
17	1
0	0
1	0
0	0
6	1
0	0
0	0
0	0
3	0
0	0
0	0
0	0
0	0
0	0
0	0
0	0
0	27
0	1
0	0
0	0
0	35
0	0
2	37
0	2
0	0
2	0
0	2
0	36
0	0
0	0
0	0
0	10
0	0
687	298
4	117
9	83
2	94
4	15
5	30
71	6
0	0
0	0
6	0
0	0
1	0
3	0
1	8
2	1
0	0
0	1
6373	642
108	621
0	0
0	0
11	13
0	21
0	4
0	12
0	0
3	284
0	1323
376	1349
101	307
6	141
0	36
81	0
1	0
3	0
1	3
4	0
1	80
7	240
0	18
0	365
0	68
3	358
54	196
27	0
0	22
0	251
8	127
24	0
122	89
0	636
1	583
62	473
0	419
0	265
0	74
4	113
163	0
0	0
12	0
1260	133
0	131
1	22
0	22
0	0
0	0
2072	1729
0	1771
70	385
4	176
4	44
0	0
0	0
0	0
5	1
0	1
392	1783
811	2330
0	344
3	864
0	0
0	1530
0	0
7	142
10	34
3	227
14	417
9	886
0	1
1	0
0	0
0	0
3	0
0	0
0	0
0	4
3	3
0	2
0	3
51	919
31	1283
48	842
5	423
0	354
0	548
1	483
7	161
3	265
32	0
0	0
0	0
5	0
683	6130
2	6011
1	118
17	1053
0	709
4	1565
27	2180
22	0
13	4
1	5332
1	894
1	5081
75	5133
102	76
0	1079
0	0
6	287
0	623
1	805
2	0
0	0
0	0
1453	3256
85	13
135	76
36	835
0	440
21	2842
0	2
0	368
5	680
34	6
0	0
0	6
0	4
0	0
0	0
0	0
0	0
0	0
0	0
0	1
0	1
0	1
0	1
0	0
0	0
0	0
0	0
2	0
0	0
0	0
97	10
1	10
550	890
0	0
0	804
144	15
1	715
14	213
0	630
2	172
135	630
56	620
12	561
7	502
4	25
0	89
276	32
0	615
1	409
28	321
0	25
0	24
0	1
0	1
0	0
0	5
0	2
0	1
0	90
5	80
1	85
0	4
9	0
0	0
2	13
0	22
26	2098
2	0
0	1371
9	1995
36	1856
5	83
5	199
0	1537
1	48
0	190
0	190
2	218
38	102
4	172
0	180
0	208
0	197
2	207
0	181
0	190
0	44
0	22
0	31
0	23
0	11
0	14
47	0
409	1079
210	1079
688	1488
24	1383
1	251
3	78
3	59
0	63
5	32
1	30
1457	15
4	15
8	29
0	29
0	1165
34	2317
5	863
10	1507
2	377
4	239
1	505
0	97
7	189
2	296
7	48
0	240
2	74
65	0
1	466
4	466
1	466
1	448
0	42
0	32
11	85
0	160
39	937
12	1304
0	233
3	942
0	500
9	626
2	564
187	3417
4	1705
0	3218
0	3210
0	3110
1	328
0	148
0	92
3	95
0	148
0	308
0	176
3	104
1	41
1	0
0	0
0	0
0	0
0	0
0	0
0	0
0	0
0	0
0	0
0	0
0	0
0	0
0	0
0	0
0	0
0	0
0	875
1	753
0	538
1	379
0	386
0	367
0	112
2	145
7	173
3	206
1	84
0	167
6	118
8	746
22	1360
2	1402
14	1238
8	204
2	117
31	383
4	214
0	45
0	178
4	128
20	94
46	1124
0	1139
0	1113
19	1141
0	365
2	262
0	24
0	123
2	50
1	248
1	255
0	79
9	2030
1	63
0	1848
0	666
28	1446
0	1370
7	1679
14	282
6	573
1	388
0	595
27	312
5	315
1	23
0	21
0	47
0	28
0	8
0	28
3	2244
163	2948
26	322
2	632
0	660
57	0
28	144
1	1
0	1
1	3076
29	3348
10	353
19	770
0	256
0	940
2	292
0	240
12	1168
4	333
6	591
3	1241
33	1267
3	576
3	1207
0	1395
3	694
1	751
2	467
10	400
1	157
224	676
94	332
1	181
1	22
0	87
2	41
0	27
0	38
4	171
3	1
1	20
44	94
1	16
4	88
2	7
0	50
1	20
0	32
0	0
1	0
0	0
0	0
0	0
0	0
0	0
0	0
0	0
0	0
0	60
15	766
2	161
116	5
0	681
0	5
5	54
28	0
0	129
0	2
0	2
0	0
0	0
611	204
59	37
0	51
0	30
0	135
0	3
8	51
0	602
0	538
0	341
10	267
10	99
12	0
14	284
0	798
1	376
6	825
7	575
17	781
2	122
0	109
9	142
1	140
7	114
0	65
0	12
2	0
5	1
0	1
2	0
21	15
1	20
0	513
84	1009
1	4
3	18
0	141
9	109
154	872
3	874
1	535
0	15
119	42
6	1
0	3
0	27
0	0
148	1039
0	50
15	165
4	81
6	593
0	444
0	898
0	731
0	724
0	724
0	649
0	58
0	306
2	0
0	61
0	0
8	0
0	0
0	108
1	10
0	12
0	12
5730	1774
242	358
27	1402
0	0
0	0
0	3
0	0
0	0
0	11
0	0
0	1
0	11
0	0
0	0
0	6
0	5
0	0
0	0
19	107
6516	5876
3	4590
110	125
0	58
34	76
114	0
0	1094
0	0
1	2604
2	0
0	0
0	0
0	0
79	0
38	2503
927	2840
138	50
0	2057
7	1
32	448
0	0
28	0
0	0
0	6
0	6
5	2596
13	3145
1	2362
40	2567
0	3008
0	2382
30	2989
0	1738
68	484
1	700
0	489
0	347
5	218
0	28
71	379
17	140
2255	1052
0	886
2	12
14	0
4	16
0	0
1	106
2	137
1	42
0	684
5	1171
0	1197
31	330
3	108
4	347
1	129
0	681
0	28
0	1052
0	26
0	0
0	490
0	607
0	0
1	22
0	46
3	33
13	0
5843	1376
98	127
0	1143
0	1181
0	0
0	325
3730	0
2	0
5	0
0	0
0	508
89	2242
5	2109
0	1110
35	696
188	4964
0	4550
15	5442
135	4131
1	826
0	790
3	1346
0	1399
0	0
2	972
15	642
2	653
0	294
0	0
1720	1471
1	287
0	58
0	85
5	740
0	482
33	149
0	624
0	598
0	599
0	0
0	0
1	862
184	685
4	805
41	816
3	81
0	191
1	58
0	48
11	0
1	889
0	1723
13	2099
2	598
20	641
17	761
0	200
71	147
4	116
0	0
45	708
4	714
0	103
27	66
5	1501
0	1514
0	219
6	98
0	1639
8	74
17	362
3	294
0	0
10	0
0	121
0	844
0	831
0	910
1	818
0	462
0	777
0	889
1	97
44	146
0	80
0	86
3	20
2	70
0	149
3	84
2	62
1379	1642
26	982
2	1
0	500
1	468
2	120
0	0
45	93
0	3259
327	1646
4	461
0	2360
0	3221
0	3111
0	3073
2	2762
0	2532
3	1177
44	14
5	1023
0	143
8	63
0	176
672	113
0	0
29	113
1	0
3	0
0	9
0	9
0	9
0	9
0	9
2	0
43	0
0	0
0	1
0	1
0	3
0	2
0	1
0	1
0	0
1	0
0	0
2	0
0	0
76	464
0	0
34	462
0	11
0	54
0	75
0	6
3	484
0	0
2040	1252
5	766
242	0
30	7
8	0
0	2
1	1
0	0
1	5
0	3
0	1
1	0
0	0
0	0
0	5313
21	1141
4	5105
4	429
0	350
0	6
23	537
9	493
1	791
2	5036
3	7
59	3704
336	840
0	840
3	85
0	28
66	77
63	0
0	0
51	0
1	531
23	558
0	430
3	19
22	135
12	90
0	3
11	497
0	0
1	11
5	68
0	499
1	501
0	501
0	11
4	6880
12	644
0	629
2	307
0	6593
2	7060
27	6343
0	0
19	0
33	18
0	3538
0	422
18	420
1	921
2	3810
6	939
18	472
10	863
6	797
3	270
1	197
0	848
1	570
0	142
0	381
0	150
0	4
2	216
0	63
5	348
1	315
0	13
10	1
4	223
1	41
0	99
10	94
1	53
744	76
0	48
1	38
0	0
31	16
9	34
2	3
0	0
0	12
0	0
0	6
59	1172
3350	1894
16	610
20	0
0	16
18	1
66	291
78	431
0	0
1	25
14	29
1	11
0	1029
5	338
0	802
0	0
0	22
0	111
2	691
0	484
0	708
10	570
0	481
1	2
1	31
0	0
0	58
5	16
0	92
0	73
0	18
0	0
217	3372
0	215
114	2750
59	695
1	1029
52	191
20	661
4	409
19	482
2	22
10	240
4	405
685	1085
14	449
16	849
4	228
1	0
11	0
0	0
0	0
0	0
0	0
0	0
0	0
0	0
0	0
22	0
0	0
79	0
0	0
342	80
27	82
1	14
2	0
265	729
15	716
9	42
7	582
30	3
9	600
0	567
0	67
5	92
41	31
119	275
0	43
21	244
0	61
6	40
2	64
0	499
6	591
0	515
1	430
2	589
8	487
0	0
0	23
0	49
0	60
0	55
0	55
0	55
0	56
0	34
0	5
0	14
0	1
0	5
0	4
0	4
0	5
5	1
0	4
0	0
647	398
12	0
0	398
2	0
3	3
42	3
1775	372
17	372
1	161
35	153
0	25
412	2
0	0
0	10
2	10
0	9
1	2
2079	0
605	306
0	306
10	0
0	821
7	794
0	830
0	648
2	648
0	832
0	58
0	394
0	394
0	22
0	38
0	171
12	66
1	50
0	0
35	163
1	2
0	145
2	134
0	85
1	69
0	31
0	0
0	153
1680	920
9	255
0	282
14	406
0	0
19	331
0	0
182	292
0	0
159	4
218	0
0	0
0	0
8498	49
696	521
1	36
0	502
62	0
0	0
0	0
0	0
0	0
39	471
0	456
0	78
2	172
0	0
0	228
0	85
1	0
0	0
1	46
0	426
1	966
1	66
0	749
0	375
17	791
10	144
0	0
4	317
0	0
5	13
0	40
3	0
0	2
0	4
0	1
0	2
0	25
0	6
0	26
0	1
0	6
0	3
1	0
1	4
0	1
0	174
0	0
39	215
7	39
5	62
0	4
0	119
0	6
2	6
0	72
121	86
1	85
2	0
0	0
2	1
0	0
22	51
0	49
0	0
89	22
3	22
0	0
0	0
0	0
0	0
0	0
4	0
0	0
52	556
2	476
1	456
0	29
0	237
0	194
10	21
6	21
3	0
6	23
69	175
1	35
0	100
0	99
1	39
2	34
0	1
10	12
12	191
0	186
0	111
0	147
0	130
4	4
5	15
0	13
17	87
14	9
21	902
2	317
0	139
5	305
5	195
0	428
0	17
0	167
0	860
1	132
7	79
639	522
44	25
10	559
20	385
0	41
0	571
20	571
0	356
0	0
1	0
0	0
2	117
0	104
0	104
0	86
0	98
0	101
0	47
0	16
0	3
0	11
1	0
1	0
0	1
5271	13822
6	2261
5	12828
7	1175
15	98
0	563
158	3286
2	2565
0	0
9	1305
225	34
0	254
0	0
0	642
2	636
0	92
2	19
0	0
1	4
0	4
0	0
0	0
0	0
0	0
0	0
0	0
0	0
0	0
1	0
0	0
0	1
1	1
0	1
0	0
255	2
3	623
93	657
0	243
25	106
3	543
0	0
2	68
0	0
0	0
5	8
0	0
2	1021
137	1136
11	620
0	14
60	8
36	0
74	4297
34	4297
0	185
14	779
0	0
0	0
0	0
0	0
0	0
0	0
0	0
0	0
1	0
1	0
0	0
1	0
0	938
0	945
0	951
6	67
0	0
1	133
0	0
4	42
39	0
39	0
0	0
0	0
0	0
62	79
2	4
28	0
0	2
0	2
8	0
0	77
80	522
0	133
40	530
15	181
1	3428
0	3047
3	3537
1	3690
0	3422
12	2645
70	0
115	2507
3	2141
6	222
173	1137
403	1016
0	117
6	0
7	0
0	0
0	8
11	33
0	26
0	11
9396	285
75	265
15	0
0	0
2	10
0	4
0	0
0	9
0	0
0	0
0	1364
133	1364
23	1354
12	14775
4	3726
0	14470
0	15213
9	13136
0	13079
0	14389
2	10691
0	8744
0	9457
0	10667
0	2234
6	1721
10	1624
12	579
1	3632
4	452
0	1276
4	0
0	0
57	0
12	0
0	27
0	27
5	0
0	10
5	0
1538	1449
31	1920
1	1838
7	549
24	126
0	227
0	218
4	137
65	0
3	56
0	0
0	0
5	0
0	0
0	0
3	0
0	0
1	107
0	106
1	110
0	103
0	25
13	2
3	0
0	0
0	2
0	36
0	0
41	0
0	0
0	0
6	0
3	0
1	0
21	0
13	0
0	0
0	0
0	0
0	0
2	0
0	0
0	0
0	0
5	0
0	1072
0	1008
0	1260
0	1260
0	1260
28	1343
0	951
0	0
0	414
1	141
0	95
0	0
2077	1819
3	1097
3	103
4	1001
0	605
5	87
282	1471
0	921
2	1064
0	1210
14	102
2	8
21	8
6	0
0	0
0	1
2	4
0	4
1	0
9	0
17	0
461	945
23	843
1	40
0	811
32	151
0	794
66	1557
5	720
1	33
0	391
42	0
196	765
16	1311
0	1366
0	70
1	84
163	0
73	0
117	0
38	116
6	124
0	50
1	0
0	0
0	13
0	0
0	0
0	0
0	0
0	0
0	0
21	451
2	137
5	146
0	372
0	445
0	436
0	443
11	140
1	129
0	17
0	15
0	0
0	0
23	0
2	0
0	12
17	0
0	28
3	36
3	0
0	28
0	0
3	72
0	21
10	0
15	21
1	4
0	2
2	0
1	47
0	0
2	53
52	166
2	169
0	141
0	26
0	73
0	109
0	109
0	109
0	109
0	108
0	108
32	108
103	31
8	39
0	22
1	8
1	0
0	0
5	0
0	0
25	0
3	0
10	0
11	0
12	0
15	0
0	0
20	0
0	0
13	0
10	0
3	0
27	0
8	0
15	0
29	0
0	0
0	0
33	0
8	0
58	0
2	0
18	0
2	0
0	0
0	0
2	0
0	73
0	0
2	0
3250	668
0	86
0	497
0	85
91	2
0	2
0	2
8	0
0	0
2	0
0	0
0	0
0	0
0	0
0	0
0	0
0	0
0	0
0	0
0	0
0	0
323	322
0	319
0	280
0	222
15	0
21	0
0	37
0	0
41	0
1	0
0	0
0	0
1	0
0	0
1	0
0	0
26	0
1008	6658
32	6000
96	492
0	5973
459	175
0	1062
26	0
112	2
0	1
47	1
2	0
5	1
0	0
0	0
0	0
0	0
1017	0
0	314
46	358
0	125
0	0
82	801
3	801
0	0
5	0
0	76
0	0
62	1357
0	1357
1	973
25	1
5	84
293	3574
3	341
2	3563
22	51
0	164
70	178
109	207
97	74
0	18
0	16
2	80
3	37
187	1964
0	1964
1	232
0	175
0	193
3	2
6	176
3	7
0	443
10	61
0	239
5	312
0	0
0	0
0	0
0	0
0	0
0	0
0	18
0	0
122	41
2	41
3240	2520
0	0
12	2516
38	205
1	384
42	534
4	104
130	796
0	813
3	775
60	67
1	30
86	0
0	0
0	0
0	0
0	156
0	0
0	0
3	0
0	1821
9	1821
1	1816
28	1821
22	1574
2	118
7	12
8	14
29	0
2	177
0	42
1	42
1	0
0	86
18	324
0	39
11	34
1	319
5	55
4	15
1	22
0	68
47	0
1	0
31	2003
3	1937
0	186
0	0
1	1212
0	265
0	0
0	0
0	0
0	0
0	0
0	0
0	0
0	0
0	0
0	0
1	45
6	0
0	0
0	0
0	0
0	1
0	0
0	0
0	0
0	0
0	0
0	0
0	0
0	0
0	0
0	5
0	0
0	0
22	0
651	1898
208	1712
0	1459
1	1021
2	617
2	142
5	91
100	0
58	0
52	0
27	0
2	0
8	0
40	0
38	0
63	0
28	0
43	0
18	0
13	0
10	0
0	0
0	0
0	0
0	0
0	0
0	0
0	0
0	0
0	0
0	0
0	0
127	0
0	0
54	0
0	0
0	0
0	0
0	0
0	0
0	0
2	28
0	0
0	0
0	0
0	0
12	0
0	0
0	0
0	0
0	0
0	0
0	0
0	0
0	0
0	0
0	0
14	1864
3828	2632
25	0
123	4
25	45
97	0
0	123
0	121
13	354
1	16
0	16
0	0
1	2
6	5
0	1
0	0
0	0
0	3
1634	779
5	729
0	353
0	665
117	2383
5	2381
0	0
0	144
1	123
1	21
0	0
0	0
37	0
1440	1060
0	0
2	754
7	336
0	0
0	306
0	0
0	35
35	2365
0	2437
12	125
0	2441
0	0
29	2283
19	0
0	0
1	158
0	1451
5	0
0	0
3	0
2	0
0	0
0	0
1	0
0	0
0	0
0	0
0	1
7	0
2	1
0	1
0	0
0	0
0	0
38	0
0	1
0	1
1	0
0	0
27	1
1	1
5902	1442
0	626
1	190
493	2
0	1274
315	8
1	283
304	514
1	13
2	644
3	0
57	1466
22	1454
13	12
9	134
0	134
1	8
1802	328
0	0
1	328
33	0
0	8
14	8
1	20
0	26
1	7
5	0
20	1211
2	1221
0	1116
16	4
1	3
38	294
0	0
1	727
159	502
0	504
5	12
6	357
0	268
2	140
19	463
0	42
1	2829
0	3018
20	3004
0	2587
0	274
22	462
14	0
0	225
108	141
3	54
0	141
4	3025
0	4007
5	9804
8	4153
2341	18074
50	684
17	13955
2	2428
8	14833
8	5599
0	3765
8	833
62	728
20	106
0	159
0	95
4	21
6	0
11	0
383	2553
50	2107
2	395
1	428
0	234
5	0
980	3599
5	3134
0	2937
18	2125
83	33
1	11
92	9
0	249
24	0
143	30
14	0
33	0
6	1841
0	552
7	832
0	724
4	1719
0	1676
0	513
0	67
0	633
79	0
35	0
0	0
6	366
21	8261
89	2399
0	2465
0	5852
281	514
7	0
0	2447
8	648
82	360
0	756
2	0
11	113
102	3
5	2656
9	37
0	0
3	304
33	0
63	0
3	1
0	1
73	0
515	897
3	7
21	8
0	755
0	879
0	0
38	0
20	0
12	1
2	48
0	36
0	0
0	0
0	0
17	60
5	64
0	4
35	4
0	0
0	0
0	0
0	0
0	0
0	0
2	0
0	0
0	0
0	0
10	0
6	26
0	2
0	0
7	0
5	17
31	24
1	0
0	5039
2	5073
117	4995
0	5073
0	3498
5	2945
0	2829
33	2178
51	853
0	434
8	107
4	97
1	61
4	4
128	4
115	0
1	0
0	0
0	0
0	0
0	0
0	0
2	2
0	2
5	0
0	2
3	589
1	809
0	836
1	796
0	811
1	479
1	160
4	386
0	387
0	271
0	49
7	0
5	0
8	0
0	0
0	167
0	159
26	0
2	0
0	33
0	20
0	27
0	11
0	4
3	32
3	43
18	0
15	0
23	13
30	2
0	0
0	0
20	239
5	0
2	239
0	16
3	0
0	0
3	183
0	1071
11	1187
49	5
25	1030
0	20
3	1
0	47
0	604
17	0
1	626
0	1067
0	1084
2	426
0	109
5	62
0	112
2	0
0	868
0	88
0	0
0	0
0	110
0	0
0	64
0	37
0	0
43	2
0	2
5	0
8	0
0	3420
8	512
0	326
0	1102
35	2623
5	35
91	33
3	3278
10	725
36	2529
136	2573
97	58
2	2093
16	19
0	398
4	142
288	664
0	0
0	0
0	79
4	77
0	78
0	77
1	79
1	0
1	0
0	0
0	0
0	0
0	0
0	0
33	7
1	7
0	4123
13	3948
0	3879
0	2876
0	269
0	0
24	0
0	0
63	1016
26	0
5	41
0	193
5	345
3	243
21	293
97	0
9	72
2	71
58	0
30	0
0	0
0	0
0	0
0	0
0	0
0	0
0	0
0	0
0	0
0	0
0	137
0	0
0	0
0	0
0	0
0	0
0	0
6	5
0	0
0	0
4	0
0	0
0	0
2	0
1	5
10	0
0	0
0	0
3	2
1	1
0	1
0	1
1	0
4	795
26	419
17	451
0	899
1	531
1	471
0	575
186	570
21	2
0	285
12	501
0	413
70	393
0	242
0	268
0	77
0	0
0	0
0	0
0	0
0	0
0	0
8	0
0	0
0	0
0	0
0	0
0	1
0	1
0	0
0	0
0	0
0	0
0	0
1	3
0	3
0	2
0	1
0	1
0	0
0	0
4	0
0	0
0	73
98	1289
6	1163
2	737
4	279
3	70
0	0
0	25
54	82
5	16
1	57
0	40
0	43
0	3
0	3
0	0
0	0
0	0
0	0
0	0
0	0
0	0
0	0
0	0
0	0
44	643
2	643
4	233
7	11
12	65
0	120
0	82
0	89
51	0
79	34
0	5
0	0
0	0
0	0
0	0
0	0
0	0
0	0
0	0
0	0
0	0
0	0
3	0
0	0
0	0
2155	239
2	109
8	129
0	12
0	14
0	14
0	12
0	11
0	11
4	5
0	0
5	0
0	834
4	762
0	739
0	597
0	823
1	793
3	257
33	0
2	87
3	22
7	1
0	1
35	3350
14	3488
51	155
0	463
0	748
0	0
0	0
6	18
0	18
1	0
1	0
89	4133
5	8043
0	2133
28	2551
9	3513
0	6809
30	2670
117	2
0	151
0	176
8	147
4	181
8	255
0	129
2	63
17	1648
82	139
30	134
20	1067
114	20
0	0
63	0
33	267
12	0
0	0
0	0
0	0
0	0
0	0
10	1878
29	2664
266	1277
45	1013
0	1322
1	1191
9	1653
18	13
13	1178
34	32
0	0
71	0
2	1589
20	2122
2	1691
0	1459
0	654
6	392
1	0
0	0
0	0
0	0
313	1724
6	1724
4	271
0	0
0	0
0	607
0	64
3	592
0	623
0	29
4	19
0	18
1	61
0	26
0	0
0	63
1528	86
19	84
350	4
0	4
0	0
0	0
0	0
0	0
0	0
0	0
0	0
15	1821
58	1862
0	586
0	0
17	43
0	73
2	89
0	0
0	0
0	0
58	0
0	0
1	0
0	212
0	212
8	75
3	173
0	34
0	0
40	162
1	7
2	155
63	482
0	4
0	69
0	446
2	0
3	51
3	0
38	0
2	0
14	0
2	314
66	315
0	29
2	204
0	1937
16	1920
9	824
2	1183
207	80
1	662
17	601
1	119
53	0
4	65
0	11
58	3
3	82
0	329
0	328
0	411
0	328
10	58
0	344
0	345
1	314
71	432
0	96
1	3
0	3
0	0
0	0
0	0
1	0
15	0
1115	357
3	357
104	0
2	0
0	0
0	0
0	0
0	0
0	0
3	2286
6	6536
2	1373
25	2149
0	0
16	0
0	0
4	148
8	6399
3	334
14	633
0	0
0	0
0	0
0	0
0	0
0	0
25	1297
19	1297
0	100
0	8
0	64
1	175
0	547
13	1
0	2
0	2
13	0
0	0
3	0
0	0
0	0
0	0
559	292
11	292
11	214
0	0
0	0
0	55
23	121
0	552
0	20
0	10
3	71
0	429
0	395
9	373
1450	683
1	51
15	0
3	379
30	492
0	290
773	6804
19	6707
61	4710
3	276
56	1526
58	584
146	107
183	0
14	0
0	1
3	1
0	0
35	0
0	0
0	0
0	0
0	0
0	1788
3	1719
23	235
2	1014
32	304
10	1667
1	280
144	0
3	301
2	312
0	95
3	233
60	490
0	620
0	605
163	0
5	15
8	58
19	15
1	18
2	1873
0	0
0	1885
0	57
0	1859
0	1859
1	23
5	84
3	35
1	5
15	232
1	28
0	274
0	228
0	247
0	26
5	185
5	174
6	9
6	0
0	49
4	79
0	20
0	0
10	0
0	1790
0	1879
2	1027
0	0
0	0
67	5439
4	5440
2	4743
2	418
4	1418
6	13
4	640
136	3448
0	2174
0	507
10	0
19	616
0	113
24	80
12	1726
2	49
0	0
0	0
0	0
0	1
0	1
0	0
14	1535
115	1535
83	1532
7	0
0	0
1	0
0	5
0	7
0	7
0	0
94	3242
14	3242
0	0
294	462
4	0
22	462
1	88
3057	522
0	106
3	0
1	185
2	231
623	4052
4	4052
0	0
0	0
0	0
0	0
0	0
0	0
0	0
0	0
0	0
0	0
0	0
0	0
0	0
0	0
0	0
0	0
0	0
0	0
7	0
15	74
0	311
0	202
0	188
1	23
9	47
0	223
0	280
0	300
2	0
0	98
2	95
13	0
0	252
0	251
0	263
0	263
0	251
0	264
0	265
0	249
0	249
0	15
0	257
0	262
0	247
0	278
0	270
0	282
0	278
1	0
0	33
3	5
0	158
1	2
0	0
0	0
1	0
0	0
2	0
0	0
0	0
0	0
0	0
0	0
17	334
0	0
0	0
0	0
0	0
0	0
0	0
0	0
0	0
0	0
0	0
0	1
9	23
0	23
0	21
0	20
0	21
0	22
0	12
0	3
0	11
0	13
1	13
0	0
0	0
0	0
0	0
0	0
0	0
0	0
754	244
0	245
5	198
18	77
0	0
0	0
12	22
1	18
0	13
2	13
0	17
0	0
0	5
773	1381
0	1348
17	1082
0	0
0	0
0	0
0	0
0	0
0	0
0	1
0	1
0	0
0	0
1	1
0	1
0	0
3	0
0	0
0	0
1	0
0	0
10	0
0	0
0	310
1	0
2	1675
0	1778
13	1826
7	1650
156	1
249	1761
176	101
0	126
0	700
1	0
424	7614
51	7614
0	0
6	0
0	0
5	0
0	0
1	0
18	2381
506	0
8	0
0	0
1	4
0	4
0	2
0	4
0	0
0	0
3	0
0	0
0	0
0	0
0	0
0	0
0	3
0	0
0	0
1	6
0	0
0	0
0	0
0	0
0	0
0	0
0	0
4	4134
3	4134
249	3812
2348	673
0	669
0	0
0	0
0	0
0	0
0	0
0	0
0	0
0	0
0	0
0	0
0	0
0	0
0	0
0	0
0	0
0	0
0	0
0	0
0	0
0	0
0	0
0	0
0	0
0	0
0	0
0	0
0	0
0	0
0	0
0	0
0	1
0	0
0	0
0	0
0	0
0	0
0	0
0	0
0	0
0	0
0	0
0	0
0	0
0	0
0	0
0	0
0	0
0	0
0	0
0	0
0	0
0	0
0	0
0	0
0	0
0	0
0	0
0	0
0	0
0	0
0	0
0	0
0	0
0	0
0	0
0	0
0	0
0	0
0	0
0	0
0	0
0	0
0	0
0	0
0	0
0	0
0	0
0	0
0	0
0	0
0	0
0	0
0	0
0	0
1	1
0	0
0	0
0	0
0	0
2	0
144	11686
1781	11686
0	0
1031	0
0	495
608	413
1	395
0	475
29	14
14	53
0	394
11	0
78	2207
6	2207
4	676
1	493
0	230
0	105
0	5
59	111
2522	1774
9	1877
5	236
0	142
716	2
1	2
0	0
0	0
0	0
1	804
1366	891
2	0
0	783
0	804
0	17
1	73
0	715
10	24
0	79
0	0
0	0
0	1
0	0
1	0
10	154
0	154
0	0
0	0
28	29
0	20
3	1
9	244
6	248
0	58
8	76
29	58
7	37
8	86
39	6453
53	1051
14	6237
0	5833
1	5922
79	36
9	3199
0	3322
6	674
195	119
286	11
82	23
104	1
97	55
35	73
0	73
0	0
1015	31
0	0
0	31
129	67
0	15
1	19
0	0
0	5
0	33
6	13
1	13
0	1
0	0
3	3
0	3
1	1
29	1988
0	2211
25	845
23	1119
5	5
22	29
146	7
0	0
59	2175
608	2175
30	0
40	140
0	57
0	88
28	49
1	49
6	0
0	0
0	0
0	0
125	140
25	140
0	0
0	82
0	12
2	66
15	68
0	0
83	4
114	4
187	89
0	87
0	6
11	6
5	0
1160	0
668	0
0	0
7	0
37	895
20	842
0	225
1	14
5094	4
2	4
11	4
1	0
0	0
0	0
0	0
0	10
0	0
3	995
111	996
5	892
14	62
33	0
53	1
2	37
2	24
19	99
125	103
0	0
1	0
0	0
0	433
0	448
0	243
0	256
5	16
0	7
1	17
7	6213
7	6511
10	3859
0	3871
0	2530
0	0
0	757
4	639
0	365
0	332
78	270
0	0
0	2092
0	1861
91	622
0	1309
2	1293
0	212
0	0
0	0
0	0
0	0
0	0
0	4
0	2
0	4
12	686
0	252
1	586
0	169
15	97
731	786
1	702
0	0
0	133
3	129
3	255
0	0
1	10
0	72
493	52
0	50
0	64
0	101
0	0
0	209
0	181
8	144
27	202
0	144
0	34
7	17
0	17
0	0
0	90
17	77
1	29
0	7
3	70
0	177
0	169
0	161
0	158
0	55
1	145
0	147
0	91
0	14
636	389
0	107
13	50
0	180
3	204
0	54
0	0
0	4
0	2
7272	325
0	0
20	319
0	0
0	0
0	0
0	0
0	0
0	0
0	0
0	5
27	110
0	110
0	0
1	8
0	1
0	13
0	13
1	5080
4	4339
0	0
0	0
2	0
75	5079
0	0
15	4479
53	5075
3	526
18	1925
21	0
14	452
2	71
0	0
1700	10
0	0
1	0
3	0
2050	890
6	3
200	882
1	450
13	898
31	872
0	50
1	824
14	231
31	0
6357	2460
0	526
100	0
11	790
26	1330
9	909
0	0
0	0
9	0
1	2702
1	41
6	294
231	2285
34	2561
10	655
1	7
0	0
0	0
0	0
0	0
0	0
0	0
0	0
0	0
0	0
0	0
0	0
0	0
0	0
0	0
0	0
0	0
0	0
0	0
0	0
0	0
0	0
0	0
0	0
0	0
0	0
0	0
0	0
0	0
0	0
0	0
0	0
0	0
0	0
0	0
0	0
0	0
0	0
0	0
0	0
0	0
0	0
0	0
0	0
0	0
0	0
0	0
0	0
0	0
0	0
0	0
0	0
0	0
0	0
0	0
0	0
0	0
0	0
0	0
0	0
0	0
0	0
0	0
0	0
0	0
0	0
0	0
0	0
0	0
0	0
0	0
0	0
0	0
0	0
0	0
0	0
0	0
0	0
0	0
0	0
0	0
0	0
0	0
0	0
1	5761
0	0
60	0
13	77
1285	1570
23	1213
5	1521
0	1503
8	717
18	10
4	82
0	54
1	45
0	15
0	0
0	889
0	889
21	424
74	11
0	6
4	2
0	0
1	0
0	4
0	5
0	0
0	0
0	651
553	5143
1	1388
227	1907
74	0
1	2676
0	2072
81	524
15	1076
0	766
0	0
1	0
3	0
0	0
4	0
1	0
1	0
0	0
0	0
5	0
109	530
1474	523
10	0
0	29
14	29
0	1
0	17
2	14
5	10
0	0
0	0
18	115
0	0
0	0
0	0
0	0
1	0
1717	1431
41	1431
0	266
46	0
2	0
0	0
0	4
0	0
1	9
0	9
0	0
0	0
0	0
0	0
0	0
1	0
0	0
0	2
0	0
0	1
0	1
0	0
0	0
10	0
0	0
0	0
0	0
0	0
0	0
5	334
39	837
1	837
481	788
0	281
2	293
0	644
0	41
1	2
1	0
0	1300
8	1280
0	1199
0	476
8	164
0	0
7	0
0	0
0	0
0	0
0	0
0	0
0	0
0	0
0	0
0	0
0	0
0	0
0	0
0	0
0	0
0	0
0	0
0	0
0	0
0	0
0	0
0	0
0	0
0	0
0	0
358	895
0	751
0	826
0	683
1	536
0	329
3	236
17	449
11	75
1	200
0	31
14	10
0	8
3	1280
97	2661
493	2135
49	2024
17	272
82	1454
18	346
300	537
8	537
7	173
0	0
12	37
34	1
0	0
0	3
0	3
0	1
0	1
0	0
0	0
0	0
0	0
0	0
39	970
429	5151
4	1040
0	5120
17	2588
17	120
1	779
0	525
24	596
13	450
84	0
67	0
45	59
0	0
220	59
0	0
21	17
0	53
0	0
0	0
30	0
23	1358
0	1366
3	1040
21	197
0	0
1	1
0	0
41	2639
71	485
5	1123
0	628
2	1048
0	1006
26	1801
1815	19029
4	16332
20	16323
16	2978
0	0
983	687
0	692
16	312
70	223
0	38
1	0
734	638
0	638
29	337
4	54
0	259
0	31
3	39
2	24
1	15
2	42
0	145
1	15
20	690
4	290
0	55
3	338
8	473
44	7
1	77
4	175
0	218
0	221
1	244
0	217
6	19
0	39
9	0
3	11
0	7
4	0
0	0
26	0
1	4
1	227
7	227
9	227
0	6
3	0
0	0
0	0
0	5
0	0
1	0
0	0
1	0
2909	372
23	0
1	372
52	0
479	3622
0	691
0	3075
47	3055
0	0
0	2
0	2
1	0
0	1
0	120
20	1149
3	112
1	0
15	0
0	0
0	0
0	0
0	85
0	0
0	0
0	0
0	210
3	228
49	26
0	204
10	194
0	194
0	27
16	186
0	49
0	29
0	35
0	49
0	49
0	10
0	32
1	0
3	0
0	9
0	26
1	13
0	1
0	4
0	0
0	0
0	0
0	0
0	0
0	0
6	547
0	434
14	229
981	589
0	0
22	120
0	0
44	0
0	0
0	0
3	9
1	9
0	8
0	8
0	4
0	1
0	1
0	0
26	254
39	2335
0	465
0	2335
2	11
0	396
0	460
77	459
0	349
4	62
1	0
0	0
0	9
0	9
1	15
0	0
451	609
33	609
29	0
0	356
0	548
552	593
1	413
0	309
0	178
0	0
0	0
0	0
0	0
0	0
5240	1654
11	1650
1	0
0	0
0	0
0	0
58	0
0	0
0	0
2	0
0	0
0	316
13	340
0	0
1	323
1	67
0	56
0	6
0	316
1273	612
10	566
105	48
0	1518
0	1494
0	921
13	460
4	519
6	8
0	0
6	164
1	77
1	11
88	124
0	122
35	2
98	124
15	124
0	0
2	0
0	0
0	2
0	124
7	142
1	157
0	83
0	827
32	804
0	540
0	76
10	495
0	498
6	78
2	57
0	29
30	10
0	673
28	260
0	33
17	734
0	617
28	548
5	10
0	10
0	0
1	1
2	1
2327	2
9	0
508	66
1	6
1	9
1	53
9	0
11	1238
6	1283
1	120
61	104
0	34
5	39
0	69
0	103
0	6
3	20
0	0
6	0
0	6126
0	0
1	250
7	142
16	416
41	526
0	220
10	0
0	111
43	0
4	14
26	29
0	0
0	0
0	0
0	1
0	0
0	0
0	0
0	0
0	0
0	0
0	0
0	0
0	0
0	0
0	2
0	0
0	0
0	0
102	3096
3	3130
0	3137
3	618
7	527
4	233
5	1340
2	527
0	352
7	199
1	170
0	58
96	0
0	0
377	85
12	91
6	68
0	27
7	42
0	24
0	0
0	2
0	2
0	2
0	1
0	0
0	0
0	0
0	0
0	0
0	315
0	334
0	293
10	336
4	324
0	168
0	17
0	17
0	0
888	1131
1	850
3	99
40	38
0	442
13	0
0	0
23	0
0	0
22	37
0	0
0	0
2	37
0	3
5	0
0	0
0	9
148	9
2	4
0	0
0	6
1	0
2	32
0	41
0	41
20	633
2	39
23	592
0	187
74	189
1	65
1	226
0	12
0	1
0	1
0	2
0	1
0	1
2	0
5	245
0	210
3	32
0	234
0	225
0	80
1	19
6	27
0	490
5	582
0	532
1	52
0	600
2	499
2	1
0	56
1	0
6	0
0	0
0	0
10	285
0	285
0	285
0	58
1	1
0	1
1082	1576
0	965
0	335
10	980
52	0
0	611
8	28
0	498
1	545
0	106
0	269
0	84
0	0
0	0
1	0
2	0
0	0
1531	27585
47	13707
12	14777
13	2414
109	9263
0	11
21	0
82	4282
1	0
248	218
0	206
0	12
0	0
0	0
8	1070
5	1242
0	1376
6	1523
5	137
4	183
1	889
2	1496
238	1585
1	240
0	863
5	228
18	13
8	1171
0	285
3	120
5	260
9	260
948	1453
23	1449
1	250
8	242
2	41
224	58
12	22
0	0
0	0
0	17
0	0
1892	0
2	0
11	0
0	714
191	748
0	588
4	0
0	0
17	0
0	0
4	5
11	4
2	2
0	3
1	0
1	0
0	0
1644	1465
2	76
15	1409
0	0
0	0
7	129
0	113
0	42
71	112
38	612
2858	695
1	269
1	26
3	85
0	0
15	2
0	2
1	0
32	2685
2	5713
0	5254
53	5037
25	193
12	4056
15	113
5	8
45	3654
0	236
7	554
63	22
1	107
1	89
13	110
7	459
0	450
3	317
8	19
24	2
0	1037
0	964
0	1038
0	1004
0	875
52	668
11	872
10	438
9	11
3	87
0	132
0	253
2	208
0	253
1	90
0	222
4	176
0	8
3	7
0	7
0	7
0	2
1	0
0	122
9	15
42	1916
176	2028
4	302
1	2
0	0
0	2
0	1
0	2
0	0
0	0
0	0
0	0
0	0
0	0
0	0
0	0
0	0
0	0
0	0
0	0
0	0
0	0
0	0
0	0
0	0
0	5
0	0
0	0
0	0
0	0
0	0
0	0
0	0
0	0
0	0
0	0
0	0
0	0
0	0
0	0
0	0
0	0
0	0
0	0
0	0
0	0
0	0
0	0
0	0
0	0
0	0
0	0
0	0
0	0
0	0
0	0
0	0
0	0
0	0
0	0
15	270
22	270
4	127
0	0
0	0
102	0
130	9
15	9
0	0
1	0
16	0
7	0
7	60
0	12
0	3
0	0
0	415
8	26
3	148
3	146
13	0
25	415
0	336
75	9
0	5
0	64
0	64
0	3
0	2
0	0
0	8
0	8
9	349
6	176
3	319
1	88
5	71
13	49
0	20
3	48
7	40
0	9
0	10
0	52
61	115
0	18
1	18
0	107
1	3
20	51
1	710
0	1858
6	1481
7	1398
1	1101
0	1792
0	1791
12	289
7	85
1	0
9	1
7	148
0	2
1	1
7	174
7	3
0	3
0	1
1	1
0	1
1189	2715
35	217
17	241
10	2722
32	664
13	0
3	0
0	1971
3	2055
11	2204
0	608
4	125
3	188
46	1492
20	1515
0	0
0	0
15	114
0	285
39	63
0	36
0	18
1	14
497	1099
5	155
9	731
5	26
0	317
0	0
3	0
0	276
0	0
3	183
2	53
1	51
1	71
0	70
1	36
0	58
0	0
0	0
0	0
0	0
0	0
47	485
0	484
8	302
27	437
0	305
170	33
1	76
0	0
0	0
0	0
0	0
0	1
0	0
0	1
2	2
0	3
0	3
285	368
0	143
1	185
2	184
1	136
0	10
349	140
0	66
3	12
5	0
0	62
34	0
0	4230
5	3946
12	4237
0	0
0	73
20	55
0	0
10	140
2	29
2	55
38	145
12	727
2	702
1	88
0	0
7	0
12	704
0	923
2	822
2	885
14	898
9	185
0	127
429	415
1	85
0	89
4	29
1	394
13	6
1	13
1	5
8	12
0	27
5	24
114	97
3	63
2	42
0	61
3	4
2	620
72	620
8	4
2	74
2	9
0	0
0	540
14	540
7	6
0	0
28	0
0	0
0	0
3	0
6	0
0	0
0	36
0	3
2	6
0	0
6	0
0	0
102	904
63	904
0	77
13	28
0	0
1	8
425	8
16	0
0	0
0	0
0	0
0	0
0	0
0	0
0	0
1	0
0	0
0	0
0	0
0	0
0	0
0	0
0	0
0	0
0	59
0	59
0	0
0	2
0	0
0	0
0	0
0	0
0	0
0	0
0	0
0	0
0	0
0	0
0	10
0	0
0	1
0	0
0	0
0	3
0	3
0	2
1	0
0	0
0	0
1	591
2	309
4	542
0	591
1	22
1	73
0	28
1	2
615	291
0	121
0	107
5	72
1	160
0	186
13	146
2	12
2	94
3	38
7	546
0	88
8	470
15	462
0	104
0	0
20	0
3	4
0	0
0	0
1	56
15	15
0	9
0	8
1	2
0	3
1	3
1	0
0	19
1	19
0	18
0	19
0	5
0	4
0	0
0	0
0	0
0	0
0	0
0	0
0	0
8	17
0	11
2	6
0	0
0	0
0	0
0	0
0	2
288	457
7	440
4	20
0	152
13	2
11	36
0	0
0	1
0	1
0	4
0	0
0	0
0	0
0	3
0	3
0	3
0	2
0	2
3	2
0	3
0	0
0	0
0	0
0	0
40	1809
8	1809
2758	1809
0	0
29	0
0	0
0	0
16	0
0	0
0	762
0	751
27	411
0	422
1	268
41	226
16	144
3	17
3	9
0	32
2	0
0	0
0	0
0	0
0	0
7	11
61	275
0	87
3	72
0	190
6	0
148	80
0	77
0	0
0	3
0	0
0	0
0	0
0	0
333	0
254	979
0	920
16	25
0	169
10	2
7	21
1	55
3	3
70	932
15	323
8	809
1	237
0	60
0	356
0	219
1183	9
0	9
0	0
0	62
108	72
0	24
0	24
2	6
7	0
1	6055
3	7112
2	0
3	1482
9	975
0	76
6	140
0	1054
0	697
1	0
0	295
1	86
103	127
143	0
0	0
0	0
150	675
0	646
1	395
0	14
4	5
0	13
0	0
0	0
0	0
0	0
0	0
5	16
0	13
0	4
0	5
0	2
0	0
0	50
0	0
381	238
12	234
2	43
17	0
4	0
8	0
3	103
3	102
0	1
10	405
6	415
0	121
6	346
1	103
22	0
2	390
0	390
2	13
0	297
0	0
0	9
0	0
0	0
0	0
0	0
0	21
0	11
0	36
0	32
0	13
0	13
0	17
0	19
1	3
3	0
1974	3903
1	3382
53	1295
1	920
5	179
0	530
5	281
156	3102
1	3053
3	358
7	2165
0	293
0	0
387	178
2	110
26	145
0	467
0	964
18	1016
0	420
0	479
7	1156
0	84
8	0
240	47
0	47
1	123
1	123
2	95
0	81
0	69
0	79
0	8
0	21
735	619
1	580
0	500
2	202
0	20
1	189
14	0
0	18
2	131
0	0
1	0
0	0
2	6
0	772
0	765
0	395
0	748
0	781
12	583
0	520
6	4
1	75
35	27
5	348
0	166
223	0
0	167
0	39
0	39
35	115
30	0
309	6269
1	3385
55	2434
1	3787
0	3147
26	3
110	27
0	33
39	3
88	68
0	65
0	0
6	0
0	0
0	0
0	0
0	0
0	0
0	0
0	0
0	0
71	675
1	91
0	119
4	67
3	138
0	528
0	175
13	2
7	46
3	0
5	778
35	778
0	93
0	193
6	63
0	203
495	173
3	106
0	52
2	41
0	98
172	228
0	162
0	139
9	42
3	0
4	0
1	1
0	1
20	0
851	1081
1	16
2	70
37	0
0	20
39	0
31	993
0	0
5	441
0	449
0	378
13	2332
381	2366
3	535
4	317
1300	307
1	244
4	63
19155	1262
4	1214
2	28
0	27
2	25
0	21
0	22
0	9
15	1
0	0
2	573
1	30
4	375
1	458
3	29
0	363
24	3443
30	3431
0	3633
15	359
0	2749
19	184
0	275
3	115
4	259
73	37
0	0
33	196
729	466
6	33
5	431
0	0
530	6158
20	3890
0	3554
13	4291
3	304
0	848
0	0
9	0
1	0
0	0
0	0
247	1039
1	804
0	666
0	1053
0	618
354	0
505	0
1680	4669
7	4669
1	0
0	0
0	0
3	0
0	0
5	0
50	69
16	48
1	64
1	40
0	0
1	33
0	22
0	23
0	17
0	0
0	0
0	0
0	0
0	0
0	0
0	0
0	137
0	147
7	63
0	34
0	51
1	45
963	126
846	126
0	0
35	3266
2	3102
32	2210
5	1371
0	0
0	83
2	3151
58	624
11	591
0	217
0	1814
3	149
33	486
0	154
18	114
16413	37629
8	30647
6	18032
4	12737
1999	2722
0	892
35	277
25	833
21	0
0	0
0	51
1	1811
18	24
0	27
13	83
10	0
1311	725
5	725
0	0
1	226
73	450
13	248
0	246
0	18
2	89
9	76
5	19
0	88
1	69
0	1151
4	256
1	86
1	90
0	267
0	856
76	922
0	828
0	880
1	4
0	41
10	0
13	5
21	0
6	21
16	630
0	632
0	97
4	425
0	4
0	316
20	5
2	0
59	2124
1	2139
8	491
14	471
0	707
0	484
0	622
18	258
12	68
0	0
0	0
0	0
1	1
0	1
1	0
9	3
0	3
0	0
0	0
0	0
0	0
1	0
0	0
0	0
795	263
0	261
0	0
0	0
0	20
2	20
1	5
0	0
0	0
0	0
0	0
0	0
3	3
0	0
0	0
0	0
0	0
0	0
21	2948
145	1416
48	2242
0	35
19	151
0	54
0	0
64	2001
1	313
55	0
22	200
0	2048
0	1930
51	819
0	1246
26	27
0	0
0	254
15	727
3676	2453
0	2322
1	1427
6	355
0	0
43	0
3	0
23	10
0	10
13	2600
0	1137
3	577
2	212
15	2340
0	2
4	1694
1303	2240
114	113
0	479
18	2174
1	568
0	331
133	893
16	866
0	114
0	0
4	352
16	62
6	2
0	2
0	5
18	5
0	0
0	36
0	10
103	319
0	317
0	259
0	266
0	0
0	12
0	0
0	0
11	1022
12	125
2	1043
0	499
0	59
1	1
0	0
56	209
0	200
11	198
0	133
1	11
0	1
1593	915
25	0
15	915
0	0
0	0
0	0
0	21
2	22
3	3
0	0
0	0
0	2
1	2
0	2
676	0
0	0
0	0
0	0
0	0
0	0
34	299
322	2272
7	2233
3	40
0	0
130	2
31	0
99	0
37	0
51	0
25	876
70	599
0	0
0	0
0	0
0	0
0	0
0	0
0	0
0	0
0	6
5	5
1	2
2	0
3	0
1	0
2	0
5	0
0	0
61	455
0	2392
12	2468
25	2464
3	273
0	115
42	2
0	0
0	0
0	0
1	0
0	0
0	0
1	2
0	2
0	0
0	0
0	0
27	991
4	41
0	964
1	123
0	0
0	0
1	282
0	109
0	2
4	284
0	55
0	55
2	0
0	0
0	0
0	0
0	0
2	0
12	347
33	347
0	87
0	0
0	0
0	0
0	0
0	0
172	639
14	489
0	421
14	1022
0	951
10	928
0	0
0	66
0	501
12	55
1514	592
3	592
27	0
81	68
19	0
0	17
1	17
2	66
6	39
0	7
0	125
0	259
0	237
0	109
394	3180
36	3180
6	370
2	58
4	0
1	0
0	0
2	0
0	6
0	42
1	42
0	2
0	6
45	96
0	96
2	60
1	12
0	7
0	4
0	145
1	142
0	81
0	14
0	0
193	203
1	14
0	3
0	188
0	0
1	0
0	0
0	0
46	14
0	4
0	14
4	8
0	46
1	46
0	0
0	0
0	1
0	0
0	0
89	1059
16	1051
23	189
1253	645
3	0
0	0
0	2
0	2
0	2
0	0
0	0
18	5207
32	5020
59	5073
0	474
55	0
8048	16665
6	3492
123	10
0	10
18	5716
70	1578
13	7208
1	1361
7	7578
1863	936
3	392
11	348
0	100
0	507
1	4
0	45
0	0
13	273
49	848
10	1294
28	1238
3	287
26	248
4	94
3	11
0	0
8	0
6	0
557	1522
2	1139
49	645
8	1130
16	0
11	181
0	158
0	50
277	2261
8	1916
0	738
0	0
0	1
0	3
0	0
0	0
0	2
0	0
0	2
0	2
0	0
0	0
0	48
1	0
95	77
51	1086
28	1275
0	1049
3	91
2	169
0	297
0	929
0	653
0	750
0	813
36	115
0	0
1	28
19	214
3	19
536	8709
24	1702
0	2998
3	1850
4	7007
31	1582
14	1762
9	0
143	125
0	15
10	9
3	93
0	13
1	390
0	407
2	270
11	300
0	86
0	14
20	2183
3	1899
27	137
1	2118
4	301
58	262
0	90
0	1751
27	1228
0	42
1	809
0	346
0	111
82	0
0	0
43	0
0	665
5	178
68	8
5	324
7	109
0	28
0	2
8	25
153	22
0	78
0	106
0	11
3	14
19	16
0	4
1	81
42	551
4	572
0	18
1	346
0	339
4	294
0	70
0	0
0	36
1	0
4	0
9	826
12	909
4	144
6	23
0	23
0	5
0	23
1	4
0	6
0	0
0	7
0	2
0	0
0	0
0	0
0	0
0	0
0	0
0	0
0	0
0	0
0	0
0	0
0	0
0	0
0	0
0	0
0	0
0	1
0	1
0	0
0	0
0	0
0	0
1	0
60	7209
1	6607
0	4591
0	3979
2	2137
34	879
92	0
0	1355
11	332
0	1120
1	1757
9	11
4	203
1	42
0	2
0	203
182	150
1	150
0	16
15	8
30	26
0	0
1296	1340
0	1335
13	0
11	46
0	6
2	55
0	15
19	5
226	1119
117	1092
2	520
0	413
3	959
6	431
0	309
0	492
54	95
228	0
8	525
32	593
3	142
0	196
0	0
0	230
3	85
243	5615
7	1075
6	43
0	4687
1	2203
1	4039
0	4039
7	106
16	0
0	1140
0	1140
28	774
0	0
2	87
0	110
0	0
304	13445
16	10402
23	13035
221	0
2	729
19	706
95	0
0	0
0	0
108	335
0	150
1	0
0	23
0	0
0	49
0	113
2	98
2	69
10	0
0	29
85	449
1	295
2	176
5	51
2	0
2	187
0	29
0	215
0	0
0	0
36	3384
194	119
10	240
0	867
0	2970
0	1047
0	1455
11	43
5	429
259	319
12	308
51	206
4	40
10	204
1	34
0	27
0	24
5	83
6	73
1	19
3	0
76	5621
63	5248
0	5080
0	4926
12	5279
47	5202
0	5465
9	920
0	1212
0	0
12	724
0	408
0	1685
0	692
207	2643
14	1566
0	950
5	709
1110	115
3	115
0	1218
10	974
3	1027
0	1197
0	406
0	838
27	332
0	175
5	133
0	82
0	42
0	42
2	278
7	0
0	195
0	96
0	49
0	32
3	31
1	138
0	76
0	2
36	0
0	0
0	0
0	617
93	617
7	185
0	0
0	0
0	0
8	0
0	0
0	0
0	0
4	1
0	54
33	107
1	50
0	71
0	12
0	59
1	23
0	43
0	712
0	715
14	0
0	32
3	710
48	0
0	0
8	0
15	8
19	5
15	0
87	5
76	3
23	5
30	0
20	137
0	432
110	459
0	447
12	22
0	14
1	15
285	369
1	96
0	57
6	191
0	215
0	36
0	0
21	343
262	469
7	40
27	0
4	306
3	97
0	8
0	2093
0	7
0	7
0	7
0	4
0	0
1	4
0	0
0	4
0	4
0	0
0	0
1	0
1	369
6	393
165	30
0	0
0	6
11	6
1	0
0	0
5	223
64	1876
44	0
15	0
0	36
63	36
2	1653
0	49
2	0
0	0
0	0
0	0
0	0
0	0
0	0
0	0
0	0
38	1175
0	0
0	1072
2	1175
12	848
0	372
72	275
0	309
1	316
4	168
2	23
0	0
0	0
3	0
1297	241
6	18
4	0
0	136
0	98
0	2901
8	2979
1	2090
0	2888
0	948
2	87
1	2201
5	695
0	2341
52	599
2	246
11	37
1	1256
2	1219
0	0
33	1
20	0
1	0
14	1170
0	1131
3	544
0	255
16	124
4	50
1	143
0	145
0	73
0	1978
0	2091
0	1717
1	1716
7	1737
0	1486
3	1173
20	1177
0	1335
1	356
2	1015
177	934
0	881
1	687
0	896
117	741
0	670
0	667
0	301
0	136
0	453
0	354
8	85
1	37
1243	295
1	145
5	8
0	11
0	94
4	27
75	0
70	0
566	564
1	68
50	14
0	59
0	503
0	10
1	29
5	15
3	29
0	1
1	1
7	0
2105	703
0	82
0	286
0	0
3	193
0	247
0	111
0	76
675	211
0	8
0	198
0	11
0	0
6	0
135	136
19	69
0	83
0	96
0	24
15	19
2	67
10	67
42	425
5	300
7	378
0	82
0	108
0	65
1	77
5	190
2	83
0	155
8	99
182	599
0	482
3	323
1	43
0	477
1	482
0	481
9	423
11	143
1	45
0	2
1	157
17	51
0	10
0	0
0	0
0	0
0	0
0	0
168	560
3	577
0	506
1	71
0	0
0	31
0	9
2	5
16	0
3	252
0	194
1	0
0	112
1	96
7	31
176	31
532	1545
26	1422
4	1178
0	1139
0	430
0	6166
1	6272
14	3588
1	591
11	2
12	0
39	8
5	1933
0	263
1	1861
19	12
1	1564
105	1255
3	638
11	514
1	152
1	31
60	2
6	0
0	0
0	0
797	2522
2	2501
27	0
38	1865
2	2524
5	523
21	758
0	1356
0	237
1	1595
3	428
2	748
0	927
322	121
0	0
12	121
50	199
1	75
5	198
135	73
0	41
0	33
0	46
7	0
613	16066
0	3128
1	5399
21	0
1	12944
0	480
46	278
1	23
0	446
0	25
2	39
2	40
1475	1156
8	421
1	204
2	732
2	332
2	3
230	893
43	0
0	333
0	304
3	545
6	4
0	171
0	175
3	28
5	7
10	73
1	83
771	3708
14	2518
0	484
0	1
23	2153
0	0
0	260
0	2
0	2
0	35
0	35
0	0
0	0
0	2
0	12
0	0
82	21
0	15
0	16
33	3373
5	82
0	442
49	0
0	141
1	3194
2	63
0	63
0	5
0	1056
0	1703
0	1669
2	1676
0	1651
6	1346
0	1277
4	307
14	162
7	42
9	12
3	11
17	594
8	200
1	77
0	0
0	0
1	0
42	894
0	856
0	184
0	41
15	19
0	547
0	205
0	154
0	18
0	0
10	0
8	0
0	0
723	69268
33	67404
0	4468
0	4
0	4
566	135
0	29
0	57
2	49
0	0
957	112
0	112
1	0
4772	532
0	0
14	456
3	148
0	0
1	0
0	11
0	1
2	1
0	0
0	0
0	0
0	0
0	0
0	0
0	0
0	0
0	0
0	0
0	0
0	1
0	0
0	0
0	0
0	0
0	0
0	0
0	0
0	0
0	0
0	0
0	0
0	0
0	0
0	0
0	0
0	0
0	0
32	41
0	0
0	1
0	1
0	1
0	0
0	41
0	41
0	4
0	0
52	665
0	597
0	656
0	64
0	120
0	7
0	7
1	75
0	8
0	39
45	41
0	0
12	59
214	74
0	25
7	0
0	0
4	0
0	0
0	0
0	0
0	0
0	0
1	0
0	0
0	0
0	0
0	0
1	1
0	16
0	13
0	2
1	5
0	2
2	0
145	0
0	0
0	0
0	0
0	0
3	86
0	85
0	5
0	61
0	66
0	63
8	57
0	0
1	0
0	8
0	1
2	251
1	234
3	26
2	0
0	64
2	72
1	15
0	23
5	4
304	9100
0	341
32	8807
83	247
9	28
4	247
5	61
0	0
0	0
6	0
8	837
0	614
88	588
19	1191
0	26
0	164
0	66
0	23
16	73
2	59
25	328
0	42
82	0
15	204
2	51
5	96
214	18
0	18
0	2818
131	0
0	0
0	0
0	0
437	960
12	774
14	654
5	223
2	1049
10	901
5	212
0	181
0	643
0	702
13	44
379	1770
0	1649
0	1649
4	534
0	2
42	2
14	135
0	0
0	146
105	245
1	33
0	57
5	89
0	64
8	62
0	9
7245	1934
15	0
16	1607
8	254
18	327
2	0
4	226
0	38
0	22
0	204
0	32
0	95
1	0
0	0
0	0
0	0
0	0
0	0
0	0
612	8477
47	7274
43	2340
11	0
0	2345
3	14
1	12
17	6
2	2
59	1605
438	1530
1	264
0	33
67	4
29	0
0	206
54	2255
0	1818
7	80
26	834
1	410
9	605
6	1035
0	430
1	1031
0	1020
2	467
0	281
0	14
8	0
270	429
2	274
0	145
0	238
4	201
0	105
0	514
31	514
0	95
1	0
5	141
176	45
1	18
0	35
0	1128
0	271
0	228
0	1108
0	106
5	106
7	275
8	43
0	4
9	99
0	88
0	0
0	309
4	2623
0	171
26	0
81	2616
21	0
1297	840
7	840
20	655
4	248
1	147
0	323
0	323
10	299
450	355
0	208
0	1
0	0
0	0
0	0
0	0
0	1
5	1
0	0
0	0
0	0
18	29
0	0
0	0
1	29
1	0
0	18
0	0
1	22
0	5
2	0
74	493
0	481
0	483
1	273
31	259
0	234
2	40
0	16
18	0
9	34
5	8
21	10
0	0
1	0
0	0
0	0
0	0
3	0
0	0
1	0
5	7
0	0
5	0
0	0
2	0
0	0
2	0
10	0
9	0
2	0
16	0
1	3
0	8
0	1
2	10
1	0
3	0
0	0
5	0
4	0
7	0
6	0
0	0
0	0
0	0
0	0
0	0
0	0
1	114
0	0
0	0
0	34
0	2
0	0
0	0
216	12
0	6
0	6
467	183
0	183
5	5
12	18
0	18
5	89
166	153
6	0
0	0
1	36
0	27
0	40
0	103
0	230
0	241
0	230
0	56
1	53
1	22
0	4376
0	4372
0	4426
107	4282
2	4258
1	3865
0	4290
0	4340
0	4345
0	4286
4	827
5	136
6	2669
30	1
4	542
3	72
0	350
4	670
13	2
1	148
0	65
131	6
3	217
0	212
19	115
0	225
0	129
1	135
26	2
9	0
0	0
0	3084
0	3012
0	3001
2	414
0	2385
0	2370
0	2247
0	2738
0	2804
5	1085
0	2301
0	2753
0	2896
0	2897
7	111
20	1110
1	335
0	183
0	323
28	1656
2	329
0	400
30	48
0	268
0	270
1	332
0	423
0	330
64	247
0	125
1	114
0	0
0	0
0	0
0	1
1	0
76	2614
2	2614
3	122
49	0
0	0
0	0
0	0
0	0
0	185
269	1224
17	347
2	238
19	104
1	767
1	137
0	144
2	136
1	54
0	70
0	49
4	26
0	20
0	20
3	0
326	10690
382	10439
63	2085
78	1526
75	0
1	301
0	289
3	245
0	4
6	25
3	77
2	0
88	523
4	435
0	369
22	1
59	0
4	0
0	0
0	0
0	0
0	0
0	0
0	0
12	0
31	201
0	165
0	191
0	155
0	154
6	24
1	57
2	27
5	38
8621	6
9067	4
8	6
0	6
0	0
34	0
0	1087
13	1421
0	59
7	1378
11	932
17	1008
2	627
94	516
75	394
0	226
5	261
1	30
0	282
1	57
2	245
1	36
1	350
14	891
1	645
4	797
0	401
4	101
0	211
0	7
23	0
4	67
4	287
10	44
0	98
0	3
7	3
0	0
335	0
13	41
0	41
0	7
8	21
0	29
6	178
0	173
1	173
0	177
14	180
0	0
4	8
2	23
724	400
1	115
1	344
0	19
5	110
8	633
33	54
0	491
0	117
1	179
4497	1868
80	25
346	290
0	0
0	1874
7	56
70	0
0	0
0	0
0	0
0	0
0	0
0	1
0	1
40	300
0	24
0	23
1	49
36	15
0	70
0	34
3	208
13	89
725	0
0	0
44	652
7	531
3	0
0	57
9	124
0	98
0	41
6	47
0	14
5	8
5	0
0	0
11	9
0	9
2	0
15	336
1	343
0	8
10	7
4	42
0	51
48	194
0	0
0	0
0	0
2	679
0	0
0	513
100	2036
0	2036
0	1
1	547
13	46
0	360
5	146
246	482
0	239
0	88
0	0
6	241
2	25
0	0
0	0
0	0
0	0
0	0
0	0
0	0
0	0
0	0
72	3674
21	80
1	3076
8	394
8	1008
0	451
4	134
0	0
0	0
0	0
0	0
0	0
0	0
0	0
0	0
0	0
689	1462
4	1459
0	0
0	1598
1941	1660
111	155
4	155
1	88
0	52
0	52
4	44
0	9
0	1
0	0
0	0
0	0
0	0
5	335
0	315
0	304
5	33
0	321
0	308
0	13
0	1
26	142
133	0
0	2
0	9
1	8
0	9
0	3
0	1
0	777
6	742
18	551
0	761
0	118
2	699
1	691
9	533
0	1
10	3
0	61
0	0
0	0
13	94
0	0
2	1
5	384
139	751
0	413
1	0
6	563
0	486
17	158
0	6
5	345
0	235
5	128
0	57
0	103
2	48
6	234
7	87
1	47
2	213
25	1073
1	1078
7	111
26	5
245	277
0	173
0	82
1	52
1	0
0	40
0	40
6	2
3	21
0	0
0	2112
0	3407
0	3504
0	1629
0	2233
267	3083
5	3142
0	1551
59	2108
0	2119
0	209
3	0
5	587
43	0
13	920
0	0
85	138
162	0
0	0
0	0
0	0
0	0
0	0
0	0
0	11
0	11
0	2
0	0
2	1
0	0
0	2
0	0
0	0
0	0
0	0
0	0
0	0
142	207
0	78
7	93
0	106
0	17
0	34
0	7
3	5
2	32
61	1682
4	799
380	1675
4	285
2	1015
8	812
8	1383
0	1383
1	159
23	625
4	540
0	433
0	407
10	382
1	48
330	1212
1	892
11	668
0	492
0	312
0	0
1	212
0	0
0	0
0	27
0	27
0	20
0	3
704	1157
3	623
6	481
0	549
6	33
34	270
0	263
6	36
2575	191
30	189
87098	39382
0	12254
12	0
5	0
18	5
0	290
3	290
0	0
0	0
0	0
0	0
1	118
1	93
4	116
6	81
0	0
0	0
0	0
88	22
0	22
1	3319
16	3277
1	3159
11	2903
7	1666
7	701
0	238
6	225
0	38
2	620
0	0
9	209
0	377
5	595
3	371
93	1043
31	205
4	121
0	137
0	0
378	70
0	23
4	58
0	22
287	70
2	10
10	60
0	18
0	0
50	4407
3	3690
19	4233
0	3941
1	3807
0	801
0	801
13	3
0	11
0	2
6	61
0	0
0	16
0	0
25	369
100	369
34	0
3	0
3	45
385	45
106	8032
2	3444
0	6711
0	7058
0	7680
0	7140
45	5431
0	3757
0	4649
31	4415
10	1140
2	2508
0	1074
0	3417
22	2675
0	0
0	0
0	2
0	4
0	1
2	3
0	3
0	0
0	0
0	0
0	3
0	8
0	8
0	0
0	8
0	8
0	8
0	0
0	0
0	0
0	0
0	0
0	104
8	87
0	33
1	62
0	22
0	36
40	255
4	622
1	707
0	145
0	271
3	624
4	46
0	188
2	225
0	124
3	179
0	186
2	52
0	18
1	18
0	13
68	0
4	7
0	546
5	133
0	144
17	629
0	60
9	409
0	311
1	2
2	26
1	55
0	73
1	23
0	10
0	14
2	19
0	4
5	4
7	540
0	528
2	297
4	167
2	18
10	124
0	0
3	16
0	67
1	68
6	50
0	52
7	945
17	915
232	1159
1	25
0	236
5	177
0	4
0	4
0	0
1	40
111	191
0	80
1	152
1190	195
5	158
1	108
1	48
0	35
27	28
0	0
0	5
0	7
0	16
43	62
0	28
2	59
0	4
0	8
0	5
0	5
0	4
2	35
6	35
0	0
1	0
0	6
0	6
0	6
2	31
9	32
0	0
5	2
0	0
0	0
1147	0
2	0
0	0
15	0
0	0
0	12
1	14
0	2
0	30
0	0
0	0
0	0
0	0
0	0
0	0
0	0
158	4027
0	4041
0	2633
3	2634
0	17
5	761
12	772
0	747
0	753
0	62
0	134
20	763
525	277
0	245
3	45
1	31
23	1029
1	950
2	159
3	670
1	241
1504	1449
28	362
1	1305
0	0
0	0
0	0
16	734
1	730
5	459
5	610
0	601
11	366
7	97
587	513
0	94
57	59
1	428
0	65
4	104
23	192
23	1110
0	1096
7	975
0	980
15	22
5	311
2	36
9	13
518	111
0	113
3	91
86	0
0	0
0	0
0	0
0	0
2	15
0	79
3	79
0	86
11	84
99	776
6	776
8	492
0	456
4	358
39	441
0	59
5	2
10	17
5	45
0	35
12	67
0	20
1	30
0	35
0	32
0	23
0	89
0	9
0	2
0	68
0	65
0	62
17	66
0	61
0	27
0	19
1	0
0	4
0	5
0	6
0	6
0	0
0	0
0	1
0	0
5	0
0	0
2	0
10	209
0	0
0	0
0	0
390	76
4	56
4	31
4	40
0	66
7	61
0	41
0	0
0	0
0	0
0	0
162	1507
35	1473
2	224
10	1282
0	0
1	0
0	29
83	5
28	0
1	28
0	21
2	244
131	243
0	0
90	163
2	160
6	65
0	56
0	39
0	32
0	0
253	1108
228	1038
15	628
6	613
2	363
0	137
0	16
0	201
0	201
4	261
0	261
0	232
0	14
0	64
2	61
0	22
0	20
0	18
0	14
10	3
0	3
179	448
0	448
0	62
75	2874
2	2654
10	2798
27	410
0	418
0	8
0	220
13	6
5	1711
0	222
0	0
0	174
0	1639
0	161
0	0
4	216
4	163
2	308
11	88
48	373
0	188
154	961
4	364
0	329
0	829
0	74
8	446
0	762
49	788
3	397
0	421
0	143
3	66
0	0
139	453
0	330
1	29
0	94
1	19
8	51
2	13
0	20
3	27
0	7
15	155
7	155
1	29
0	0
0	2
0	2
0	11
0	2
1	223
4	223
3	27
1	26
6	26
1	0
66	8
0	8
0	0
3	592
15	578
2	14
0	34
1	28
0	0
0	0
0	0
0	0
0	585
94	585
12	15
0	36
43	3138
27	437
0	3137
1	124
6	42
5	102
0	1210
6	25
0	0
0	318
2	225
377	2016
3	120
27	1896
178	717
92	717
6	0
0	141
2	29
7	5
70	361
1	359
45	37
34	145
0	0
6	0
1	0
0	0
0	692
8	759
3	288
26	0
0	0
0	38
0	0
1	0
23	0
4	30
0	0
0	0
1	0
0	64
229	0
10	324
16	344
0	236
1	160
2	73
0	1
2	348
0	369
14	369
0	292
9	10
0	53
0	36
3510	874
7	65
0	0
0	809
0	0
0	0
144	77
6	77
0	0
0	1
0	0
2	0
351	354
0	181
3	354
0	788
26	805
0	47
4	0
5	203
1	7
30	342
0	170
33	296
3	181
4	65
1	0
3	11
23	47
0	11
0	29
0	14
0	14
1	594
0	515
3	554
8	203
20	156
11	580
0	0
0	65
0	0
2	65
0	0
0	2
0	40
1282	588
0	584
90	114
4	109
2	5
0	0
0	0
50	765
1	13
0	514
0	0
0	0
0	0
2	0
2	172
0	0
0	0
0	667
0	0
0	23
1782	33
0	6
6	112
1	68
60	355
70	277
0	336
6	20
0	18
0	17
0	17
0	12
0	16
0	1
0	0
1	0
0	0
0	0
18	0
0	0
0	0
0	0
9	29
1511	1253
105	342
0	1242
21	84
0	3
52	3
1293	1931
1	102
6	76
154	2071
6	124
2	167
8	98
0	1
539	306
1	67
0	306
0	3
10	0
60	179
40119	133450
0	2449
2	85359
69	69186
64	53102
266	9838
2	34394
70	24156
130	14056
60	304
2	304
0	120
0	29
0	64
0	51
0	38
346	1210
26	1209
0	538
0	485
25	19
2	0
41	806
0	0
4	68
2	194
3	131
0	0
0	0
0	0
0	0
0	1
0	1
0	1
0	1
3	379
1	376
3	365
22	10
2	0
0	0
0	0
0	0
0	0
0	0
0	0
0	0
1	859
40	882
3	879
13	4
0	105
29	382
4	326
0	201
26	0
0	1
0	1
0	1
1	475
9	615
34	545
0	189
0	0
0	400
3	361
0	286
9	184
1	184
1	195
0	101
0	93
1	48
18	73
2	67
0	62
1	26
0	7
11	1
4	8
0	0
0	0
1	0
1	0
0	0
0	0
3	0
24	0
0	0
5757	4
0	30
0	0
957	160
0	179
10	77
3	3
165	11721
27	10547
1	2492
0	233
0	0
0	547
0	532
0	546
0	546
23	75
0	524
0	524
21	28
0	44
839	575
150	8
1	4
0	61
3	33
3	564
263	416
2	55
5	235
0	213
8	0
22	0
0	0
0	0
4	0
1	0
1099	252
10	252
3	110
0	1
0	1
0	1
19	675
4	577
9	56
0	154
0	485
0	475
17	464
2	250
0	364
1	72
0	26
7	40
8	278
0	154
1	2
0	13
0	51
1	0
2	18
0	0
3	3
0	0
0	3
0	0
1898	677
0	13
4	339
29	343
28	142
0	0
0	0
0	0
0	0
0	0
4402	0
0	0
196	0
423	1651
0	1602
8	7
3	81
7	34
10	60
0	0
16	367
12	613
3	372
3	60
56	0
12	0
14	0
0	0
0	503
0	38
36	536
2365	531
1	9
0	9
0	527
0	0
0	0
0	0
0	0
50	0
0	0
44	6
0	6
4	2
69	276
15	32
0	4513
0	4471
0	4368
11	4335
0	0
1	4163
13	16
6	2062
11	3
4	135
23	57
59	563
0	311
19	1126
1	1751
0	1822
24	1010
2	270
0	0
0	0
0	0
0	0
0	0
0	0
0	0
0	0
0	0
0	0
0	0
0	0
0	0
275	2593
1	101
1	2593
0	457
2	9
18	846
2088	11546
6	1487
35	3443
14	9511
1	367
1	2343
72	761
2	3744
35	1169
14	1060
74	818
1153	1152
5	1139
0	532
65	17
18	13
19	1681
4	107
5	1005
10	1243
22	1538
9	60
3	519
666	0
1	0
7	656
0	558
4	639
1	503
5	206
0	229
73	577
1207	3686
1	3693
3	3682
3	863
78	0
150	132
2	64
16	68
15	391
0	360
4	82
0	13
0	7
1	4
32	203
52	1439
1	182
4	1437
4	103
4	98
0	0
0	52
0	232
6	250
33	0
0	0
0	0
0	0
0	0
0	0
2	0
0	0
0	0
0	0
0	0
0	0
0	0
0	0
0	0
0	0
0	0
0	0
0	0
0	0
0	0
0	0
0	0
0	0
0	0
0	0
0	0
0	0
0	0
0	0
0	0
0	0
0	0
8	0
4	0
11	0
40	2816
0	2758
15	2025
1	547
0	452
2	464
0	202
13	9
43	1823
11	1739
9	447
26	1992
9	144
15	0
36	0
228	0
17	1330
10	24
114	4
12	4
0	0
0	0
0	0
0	0
0	0
0	0
0	0
0	0
0	0
0	0
0	0
0	0
0	0
3	137
0	1
0	1
0	1
0	0
0	0
0	0
1	0
354	1729
5	1729
0	207
0	0
2016	16041
18	48
20	15945
41	16041
40	454
0	0
3	0
23	6372
139	60
0	60
120	1014
8	870
0	1065
24	893
35	852
1	871
0	598
11	580
0	151
1	143
1451	141
0	139
1540	73
161	2108
6	1842
1	1842
0	0
0	463
3	533
0	0
0	0
33	2
0	2
0	0
83	0
2	0
0	0
1582	2
0	0
0	0
26	22
2	22
0	0
0	0
0	0
0	0
0	0
0	0
31	2596
212	2546
0	64
9	129
3	358
4	0
15	167
0	987
0	1087
4	96
60	2
0	60
4	2368
132	45
0	186
2	2064
9	48
14	1900
31	83
0	38
124	16
8	135
0	126
0	275
350	380
0	1
0	0
316	379
12	0
1	303
0	0
0	0
1468	942
0	688
1	86
30	615
0	0
0	253
0	175
2	151
16	161
0	45
3	12
0	0
174	133
0	2
0	1
0	0
1	0
0	0
0	0
2	131
0	87
0	80
0	113
3	43
5	99
1044	587
0	580
15	26
1	146
3	73
39	0
0	2
825	2719
21	2546
3	2540
0	750
0	134
0	77
224	421
0	0
0	0
0	0
28	0
0	0
0	0
0	0
162	103
0	35
6	69
4	44
0	38
2	29
22	5
0	0
0	0
0	0
0	0
6	3
0	3
4	3
6	10
0	0
2	10
1	0
0	0
0	0
0	0
0	0
23	84
1	84
0	1
0	0
6	0
1	1
2050	12893
55	11722
47	7888
0	5895
19	2166
0	5422
1	3021
37	3066
1	2157
16	761
3	0
1	0
0	0
4	0
0	0
5	8
1	9
0	0
0	1040
0	1091
5	1085
0	956
1	1047
1	93
0	1034
0	905
0	63
98	18
37	0
85	862
0	1
1	0
0	1
0	123
1	125
35	53
0	18
0	3
0	0
10	0
0	37
2	0
0	309
0	0
0	0
3	0
0	0
0	0
0	0
27	755
7	95
0	662
0	0
0	0
0	1
0	0
0	1
0	0
0	0
0	0
0	0
1	0
0	0
0	0
0	0
0	0
0	0
0	0
0	0
0	0
0	0
1	1619
9	2152
0	1925
0	1746
3	429
0	89
80	918
0	248
0	155
1	64
0	0
0	0
5	11
443	268
0	59
2	209
0	0
0	0
0	0
0	0
0	0
0	0
0	0
0	0
0	0
0	1
0	1
0	1
0	1
0	0
0	0
0	0
1	0
6	73
0	103
21	122
12	67
1	1
10	0
26	1532
0	0
0	461
0	1532
6	43
33	15
2	7
1	398
0	0
2	0
0	284
0	216
24	0
15	0
2	0
2	94
0	0
0	0
0	0
0	0
1	34
0	696
3	117
0	207
0	696
0	2
0	33
0	0
0	0
1	24
0	14
2	9
0	17
0	0
9	2
0	52
1	26
4	36
1	0
10	128
0	123
1	39
0	12
2	32
0	30
2	2
5	0
26	10
0	7
0	3
18	132
906	2473
156	722
6	311
3	350
169	1549
21	1
7	1
0	1907
30	2023
7	1971
0	0
0	0
1	3
22	0
41	662
3	35
10	38
4	645
0	0
0	0
8	3
1	3
1	0
5	1768
8	1726
13	1041
0	81
0	7
0	26
1	48
0	37
39	56
16	33
0	1
0	0
0	0
35	1
12	0
9	0
0	0
0	1
1	0
0	0
0	0
0	0
0	0
0	1
0	1
0	1
0	1
0	1
0	0
41	930
0	183
0	274
45	677
0	657
7	228
1	113
0	0
0	0
0	0
0	0
0	0
0	0
0	0
0	0
0	0
1	0
0	0
0	0
0	0
0	0
4	0
0	0
23	0
518	91
13	77
0	0
149	0
8	30
6	31
11	31
45	16
6612	285
2	285
926	2816
1	2820
0	1148
0	851
25	399
10	1998
16	1574
18	1894
14	194
0	176
45	1211
0	971
22	0
10	33
0	35
0	0
0	0
0	0
0	0
0	0
0	0
0	0
0	0
76	39
0	38
12	4
0	0
0	0
320	0
0	0
740	340
1	186
2	76
78	159
0	146
0	146
0	0
0	0
0	0
0	0
0	0
0	0
0	0
1	0
1	1767
9416	6009
0	1087
27	578
122	0
42	2007
46	1875
4	143
8	216
0	0
2	0
2730	716
0	540
1	68
1	169
29	0
10	133
0	233
0	258
0	210
0	195
0	206
0	234
0	189
0	193
4	193
0	87
0	92
7	0
8	0
0	54
0	58
0	57
0	0
0	0
0	0
0	0
0	0
2	0
7	900
14	628
8	1006
187	1762
26	489
0	1837
0	460
0	851
9	900
0	512
46	0
6	0
3	0
0	30
1	91
0	0
0	0
0	0
0	0
1277	2
14	1368
33	1491
2	394
12	375
8	302
21	0
3516	971
20	963
3	0
68	0
0	0
6	1
0	1
269	31
0	24
0	10
0	68
0	67
0	72
1	70
0	3
0	3
0	0
0	13
1	1139
6	1139
2	10
0	44
0	141
0	0
0	0
0	0
0	0
0	0
0	0
0	0
0	19
0	0
0	0
0	0
2764	133
108	133
0	0
0	0
0	0
3	24
0	0
0	0
0	0
0	0
0	0
0	0
0	0
0	0
0	0
0	0
0	0
0	0
0	0
0	0
0	0
0	0
0	0
140	15
13	15
0	1
1	0
0	0
0	0
0	0
0	0
77	638
0	557
64	364
1	2
4	1
0	0
0	2097
138	2097
0	275
9	37
2	569
0	360
0	272
0	0
0	0
14573	0
176	0
0	0
0	0
4	76
124	15
0	0
0	1
0	14
659	256
14	219
23	192
508	74
29	74
11	130
0	56
1	744
4	117
0	800
7	11
0	1190
0	781
1	0
0	0
3	574
0	0
2	0
1	0
1	0
0	0
1	0
0	0
95	0
34	1081
0	79
0	288
0	301
79	369
0	34
1	1
0	1067
0	1201
0	1282
14	1338
0	192
0	658
1	5
1	661
3	133
3	477
0	128
11	44
0	0
0	7
0	7
0	0
0	1
0	0
0	0
0	0
0	0
0	0
0	0
0	0
0	0
0	0
0	0
423	3681
6	2162
31	2318
3	2387
129	3069
8	85
0	40
10	1688
108	1689
73	1737
0	302
64	28
70	3
0	35
183	1
0	56
0	1
0	1
0	0
169	231
1	233
0	9
0	78
0	1
3	73
0	0
0	0
0	0
0	0
0	0
0	0
0	304
9	221
3940	808
3	399
7	397
0	714
0	0
0	0
0	0
0	0
0	0
0	0
0	0
0	0
0	0
1515	2614
2	2592
5	4
8	22
4	39
27	29
1	45
329	1246
85	1248
2	36
0	36
2	36
0	0
86	602
2	602
23	475
3	373
6	4
132	4
0	0
0	0
0	0
0	0
0	0
0	0
0	0
9	0
29	511
3	82
10	3
0	11
8	15
0	2
28	6
0	2
0	128
1	163
0	516
0	21
1	54
0	32
0	53
0	58
0	0
3	0
0	3
0	181
0	0
0	0
0	938
0	938
4	938
13	173
58	197
0	582
10	41
26	0
0	0
0	0
0	0
1	1
0	0
0	0
0	0
0	0
7	22
0	22
1	0
12	6
0	1
0	0
2	0
0	0
404	9252
336	52
0	1157
6	305
4	8920
0	0
0	0
0	0
0	0
0	0
0	3
6	3
0	3
0	0
709	332
19	129
0	217
0	5611
26	1547
6	396
1	182
1	576
4	145
1	151
0	987
44	5496
0	164
0	0
0	0
1514	3591
9	349
0	3450
6	2111
0	3135
2	309
29	120
2	1019
4687	3664
231	1572
0	376
2	3143
0	1310
5	1663
13	24
0	0
0	0
0	364
0	371
0	142
0	415
0	399
0	193
2	383
0	319
1	0
0	0
1	0
1	0
0	0
0	0
58	0
0	372
0	356
0	0
0	187
0	366
0	382
20	18
0	335
0	372
0	0
0	16
0	101
0	4
0	130
0	0
0	0
14	0
54	0
0	1
0	1
0	0
0	0
0	0
0	0
0	0
1	2
1	4191
0	4186
1	4281
44	1005
3	2726
2	225
0	0
17	0
11	387
0	402
0	467
4	385
0	14
0	0
11	0
20	103
0	29
0	7
0	0
3	2
0	0
0	0
0	0
1	70
3	67
19	3
224	794
146	717
40	48
0	207
0	0
0	0
0	0
0	0
0	0
0	0
0	0
0	0
0	0
0	0
0	0
0	0
0	0
0	0
0	0
0	0
15	0
3	0
0	0
0	0
5	3198
433	3535
0	1040
0	602
0	82
21	17
0	0
15	0
32	670
8	535
0	498
0	607
1	189
0	307
2	74
7	11
299	743
2	188
9	377
0	326
0	81
0	484
0	24
6	35
0	8
2	8
11	8
0	7
0	0
585	967
6	939
0	911
1	313
0	279
0	153
0	0
1	0
0	4
0	0
0	0
0	0
0	0
162	1722
100	778
37	1600
1	3
71	78
40	20
16	1
0	1
0	1
0	0
0	0
0	0
0	0
0	0
1	0
0	0
0	2220
0	2398
0	2344
0	2280
1	2218
0	2493
0	655
0	1449
0	1926
16	145
41	1410
0	0
24	718
0	0
3	8
0	8
15	0
24	144
0	0
32	36
0	33
0	0
5	3
0	0
0	0
2	0
1	1017
9	507
194	1172
2	1160
0	0
0	0
0	0
0	0
2769	334
22	20
16	312
0	87
123	0
0	0
0	0
0	0
0	0
0	0
0	0
0	0
0	1
0	1
0	0
0	0
100	0
0	13
0	0
0	0
0	6
3	6
119	428
4	23
0	348
8	370
10	252
0	101
9	38
15	36
0	9
3	0
1	0
0	0
0	0
0	0
1	1
0	0
0	0
0	0
0	0
0	1
0	1
0	0
0	1
0	0
217	0
0	0
0	0
247	2
129	0
66	1379
0	1332
5	1223
2	791
41	243
0	0
404	711
0	711
0	112
14	0
1157	1792
0	1788
11	0
1	0
0	0
0	9
0	10
0	9
0	9
0	3
0	3
0	0
0	334
36	3494
1704	5300
0	3893
66	105
0	442
118	0
89	0
0	9
0	0
0	98
0	177
0	361
135	0
47	9
0	301
14	782
2	0
0	0
9	0
0	0
0	0
641	905
6	760
2	162
9	117
0	0
9	143
3	82
15	0
1	532
0	500
2	561
0	561
1	558
1	211
0	97
5	103
1	23
0	25
0	0
0	106
154	106
0	1
0	3
0	3
0	0
0	0
0	0
0	0
0	0
0	0
0	1500
13	758
0	9266
3	10676
280	8362
3	4382
29	1106
7	449
3	1590
2	13
0	13
0	2
2	2
0	19
2	343
0	0
0	346
0	167
0	0
1	320
0	330
0	268
0	52
0	35
0	35
15	236
112	5433
3	5431
778	1035
1	1035
4	1032
2	0
0	2
0	6
0	15
0	39
0	39
0	38
1	0
0	0
0	10
0	2
0	4
0	0
7	361
1	232
0	21
1	351
0	17
0	3588
44	3922
0	1196
0	1
10	3187
31	0
8	67
13	1754
88	14
3	186
31	895
74	550
2	118
9	275
5	265
17	28
33	132
1732	134
3	0
4	28
27	231
31	7396
21	7387
47	105
5	116
0	759
5	2589
10	2889
1	55
12	246
4	710
0	270
8	7257
0	780
0	763
0	59
2	7032
31	1
67	0
1	314
0	683
0	445
2	0
0	208
2	86
8	86
1	129
6	208
0	0
0	0
0	0
2	1
0	1
0	2
0	2
0	0
29	1291
0	201
0	1293
39	164
0	762
0	122
0	941
0	959
3	704
14	639
2	35
0	650
1	675
0	647
0	612
0	587
0	685
13	29
0	172
50	214
0	0
0	0
0	0
0	0
30	0
3404	415
0	267
5	272
1	177
0	0
0	0
0	0
0	441
0	365
3	72
0	399
0	318
0	49
0	111
0	20
0	63
0	0
14	47
0	11
8	1828
835	1805
6	298
0	668
0	333
8	134
39	337
0	0
0	0
15	578
0	343
0	573
286	700
0	684
0	471
14	0
2	104
58	99
0	48
2	1
0	1
0	1
12	15
0	1
0	5
0	2
2	13
3	3
0	0
0	1
1	0
0	0
0	0
0	0
0	0
0	0
0	0
0	0
4	203
0	194
0	111
0	128
0	28
3	9
0	6
1	7
0	2
0	0
4	1
0	0
0	0
0	2
0	2
0	7
0	55
0	0
0	0
0	0
1	57
0	57
0	2
0	9
0	0
0	8
0	4
337	2840
11	2859
21	847
0	1065
1	619
0	494
3	0
1	1
0	0
0	0
0	0
0	0
0	0
0	0
0	0
13	0
88	3
29	87
1	115
0	9
66	20
0	33
0	0
10	37
0	0
162	2
42	0
26	130
68	0
2	43
1	65
4	51
2	35
3	2
18	50
0	16
0	2
0	6
1	7
0	7
0	3
1	4
0	0
0	3
0	7
0	5
0	4
0	0
0	4
10	0
4	0
1	3
0	0
1	0
0	0
0	0
1	0
678	2231
58	721
133	509
6	46
192	3
106	251
3	398
0	966
0	632
0	661
46	3
2	478
0	383
1395	19
1	17
0	0
0	0
0	0
0	0
0	0
0	0
0	0
0	0
0	0
0	0
0	0
0	0
0	0
0	0
0	0
0	0
0	0
0	0
0	0
0	0
0	0
0	0
0	0
0	0
0	0
529	2
0	2
0	0
0	0
0	0
7	0
0	0
1	0
4	365
45	3435
9	2681
0	1050
1	666
0	657
1	245
0	513
1	1241
262	1576
2	0
66	0
0	0
0	0
2273	2896
195	1713
78	2056
24	2583
67	2211
0	990
14	559
0	70
0	0
23	0
0	0
0	487
3	19
0	0
14	4
0	4
0	3
0	1
3	0
300	619
1	519
49	234
19	91
0	0
0	0
28	430
0	536
527	1432
19	565
0	650
0	378
965	712
2	712
0	0
0	0
0	412
21	91
1	262
0	355
28	1
15	47
19	0
0	0
0	0
0	0
0	0
1216	675
38	675
2	287
0	343
0	480
0	0
1	4023
8	693
7	161
3	324
46	4103
0	4132
8	2
2	0
2	3879
14	16
0	3595
0	1842
0	0
0	0
0	0
0	220
40	246
0	155
0	298
3	9
27	27
0	105
1	33
0	33
0	33
23	31
1	25
0	25
0	13
2	24
13	23
1	25
0	18
12	30
0	0
0	0
0	0
100	25
549	96
2	10
0	8
0	30
34	142
2	149
0	50
1	110
0	24
0	22
29	227
0	227
0	49
2	38
1	7
15	5
0	3
1	2
0	0
0	0
0	0
0	0
72	101
35	143
1	5
0	51
0	99
19	186
0	527
0	527
11	534
2	472
1	490
45	17
0	41
0	3726
4	3775
2	1454
0	595
10	2196
18	786
0	0
8	7
68	224
0	213
16	232
3	0
0	0
0	0
17	0
0	0
7723	397
0	363
0	0
0	0
0	2
0	0
0	0
1	1
0	0
2	6
0	8
8	7
10	11
2	11
0	5
3	4
989	30
1	30
0	0
0	0
0	0
0	0
690	414
16	410
6	32
0	32
0	33
0	35
0	30
2	10
0	0
0	17
0	71
0	5
0	0
1192	49
1	49
0	0
0	0
0	0
26	309
6	209
0	0
81	196
100	641
0	2226
80	2187
1	441
0	1740
5	69
41	137
47	62
0	50
3	22
0	5
0	36
0	0
0	17
0	15
0	0
0	0
0	2
0	0
1	0
0	0
0	289
1	289
5	103
8	105
2	88
0	3
0	0
306	6
1709	3047
13	3045
0	3093
21	2485
0	0
0	80
20	203
0	33
0	201
0	28
0	5
1	0
2595	1015
16	978
21	833
1	4
28	250
4	14
0	32
200	478
2	212
0	0
2	189
279	189
4	0
0	2059
148	2490
0	1633
0	1482
331	56
1	639
0	875
0	1494
1	26
0	785
1	1291
133	10
78	2435
0	14
0	14
0	11
7	3
0	3
562	614
0	566
0	617
0	604
1	41
1	81
14	247
4	21
0	0
11	200
15	121
21	196
0	19
0	0
12	77
0	0
2	0
3205	138
78	130
8	0
0	0
2920	1121
10	1121
25	0
0	0
0	0
376	1273
0	1212
7	941
0	1205
0	224
14	94
3	156
0	37
1	65
0	54
0	51
0	18
0	3
0	3
211	0
9	3852
53	4129
0	779
39	1644
0	1918
9	391
2	612
247	772
2	0
1	0
0	0
153	174
0	93
1	2
3	0
2	81
1	0
2	0
1	0
24	369
1	68
0	327
3	52
0	25
2	14
0	0
0	84
383	1028
102	838
4	584
4	438
12	3
0	17
1517	384
83	380
49	19
0	12
0	88
10	0
347	702
2	529
2	52
0	195
0	0
0	1
8	3
0	0
0	1
3	0
2	0
11	2
0	0
1	0
0	0
44	0
218	228
3	104
2	0
11	16
0	7
20	19
13	4
1	116
2936	442
24	436
0	85
13	58
0	0
7	0
0	0
78	619
34	427
63	62
7	635
13	603
1	166
21	10
2	0
4	0
0	0
0	0
0	0
0	0
0	0
0	0
0	0
0	0
0	0
14	72
0	68
8	23
2	12
0	0
0	1909
0	12895
0	12693
7029	17293
0	5455
0	7397
1	397
0	54
260	2125
193	3319
3540	3351
0	0
0	0
2	0
0	0
0	0
0	0
0	0
0	0
0	0
0	0
0	0
0	0
0	0
0	0
0	0
1	0
3	0
0	1
1	0
0	0
1	1
0	0
0	0
0	0
0	0
0	0
0	0
0	0
0	0
0	0
0	0
0	0
1	0
0	0
1	0
0	0
0	0
1	0
0	0
0	0
4	0
0	0
0	0
0	0
0	0
0	0
0	0
0	0
0	0
0	0
0	0
0	1
0	0
0	0
1	0
0	0
0	0
0	0
0	0
0	1
0	1
0	0
0	0
0	0
0	0
0	0
0	0
0	0
0	0
0	0
0	0
0	0
1	0
0	0
0	0
0	0
0	0
0	0
0	0
0	0
0	0
0	0
0	0
0	34
23	34
0	0
0	0
0	0
0	0
0	0
0	0
0	0
0	0
122	13
0	2
0	2
0	0
875	369
1	143
0	135
0	91
82	47
1	47
0	0
0	0
0	0
0	0
0	0
0	0
0	0
0	0
0	0
0	0
0	0
0	0
0	0
0	0
0	0
0	0
0	0
0	0
0	0
6957	2
5	0
0	0
0	0
0	0
0	0
0	0
0	0
34	739
2	631
4	494
0	251
80	319
69	319
959	667
160	133
1	522
0	67
18	56
0	62
0	0
4	142
4	105
10	105
3	46
0	0
0	10
0	6
0	9
0	9
0	9
0	9
0	9
4	8
0	0
1	0
0	26
0	27
0	26
1	0
0	0
0	88
0	151
27	1019
0	965
42	832
1	710
8	87
62	708
0	85
0	5
1	28
101	456
1	455
6	53
0	3
10	3
0	0
4	0
0	0
0	0
0	0
0	0
0	0
0	0
0	0
0	0
0	1
0	0
0	0
0	0
0	0
0	0
1402	179
4	179
298	1386
4	1432
95	1265
2	964
2	115
39	212
4	0
1	0
0	0
0	0
0	0
0	0
0	0
0	0
0	0
0	0
0	0
0	0
0	0
0	0
0	0
0	0
0	0
0	0
0	0
0	0
0	0
0	0
0	0
0	0
0	0
0	0
0	0
0	0
0	0
0	0
0	0
0	0
0	0
0	0
0	0
0	0
0	0
0	0
0	0
0	0
0	0
0	0
0	0
0	0
0	0
0	0
0	0
0	0
0	0
0	0
0	0
0	0
0	0
0	0
0	0
0	0
0	0
0	0
0	0
0	0
1	0
2201	2781
0	2446
15	60
23	835
9	0
130	1590
1	108
45	970
0	154
1	0
0	0
0	0
26	997
1	919
3	802
0	41
2	1
0	0
15	15
3	4
0	0
0	2
0	0
0	0
0	0
0	0
0	0
0	5
23	24
0	0
11	0
5	0
2	0
6	0
2	0
1	0
6	0
3	0
0	0
0	0
1	0
0	0
0	0
0	0
1	0
1	0
1	0
1	0
1	0
0	2
0	0
0	0
1	0
6	228
0	0
0	0
0	0
0	1
2	13
0	16
0	8
2	39
1	602
1	119
2	0
0	3608
673	4397
15	371
0	170
3	436
10	123
4	529
0	218
0	1352
3	1206
0	1246
0	195
19	997
84	46
13	34
78	310
0	146
0	218
0	159
2	297
1	205
13	152
0	0
0	0
0	0
327	0
0	0
100	0
9543	277
0	0
3	271
1	15
63	3
0	3
4	0
120	60
7	249
538	197
16	0
1025	227
50	227
447	61
1	61
36	140
2	42
3	40
0	12
0	127
1	5
2	5
3	62
0	19
0	5
0	4
0	7
16	240
1	29
11	238
1	0
1	601
2	593
1	121
0	94
6	16
3	0
0	0
17	1109
23	1109
0	10
10	63
102	77
38	3
2	0
0	0
2	0
1	0
2	639
3	481
167	13
2	540
48	626
0	17
0	546
0	18
16	494
5	399
0	0
0	70
0	80
0	61
0	38
0	302
0	328
10	344
0	308
0	190
0	25
1	4
3	53
0	53
1	52
0	3
0	20
0	0
4	53
0	105
89	133
0	14
1	7
0	2086
3	294
1	0
95	607
5	32
1	605
5	147
1	5
0	5
0	139
0	3
1	19
12	0
69	197
1	511
7	579
0	472
6	387
0	0
0	0
0	0
0	371
0	1145
0	1111
0	1145
6	1139
11	16
0	16
0	14
17	118
2	277
0	51
0	277
16	0
0	697
0	12
0	12
24	697
5	154
36	140
0	175
0	0
189	84
12	84
0	48
1	130
2	84
1	54
1	85
26	174
31	247
33	247
0	41
0	0
0	0
13	1
1	0
0	1
1	0
5	2
3	96
3	3
1	14
1	93
3	0
3	0
3	2
2	90
46	5
0	4
3	4
10	4
0	0
4	0
31	72
8	72
0	0
0	0
140	4064
132	4206
38	4173
1	3721
69	3038
1	1548
1	2128
23	2213
14	2124
0	2240
5	1694
8	1025
17	193
346	2727
509	2710
69	1770
6	2385
0	1471
0	9
0	0
66	0
0	0
0	0
1	896
118	4871
1	4870
1	4871
1	694
0	0
0	0
0	0
0	0
0	0
0	0
0	0
0	0
0	0
0	0
0	0
0	0
7	3
112	204
0	2
3	201
0	22
0	0
138	312
6	237
0	89
8	0
0	0
10	66
2	2
0	0
0	0
0	0
0	2
0	0
14	2245
40	2217
0	2403
64	2358
0	0
666	135
0	0
24	156
1	156
12	67
1	54
0	4
1	1
1	29
3	17
0	0
0	0
0	0
3	1
0	0
0	0
0	0
12	0
0	0
0	0
0	1592
0	1695
22	1594
77	5
0	1500
0	484
7	687
0	332
2	3
0	76
1	323
10	65
0	132
0	131
0	15
7	0
171	1356
26	333
0	1278
60	1163
0	1097
20	860
2	146
3	230
2	85
0	80
0	0
5258	4945
41	2368
1	7
0	7
0	0
18	0
0	0
0	1
0	0
0	1
0	0
0	0
0	0
0	0
0	0
0	0
0	0
0	0
0	0
0	0
0	0
0	0
1	0
0	0
1	0
0	0
628	242
0	139
4	242
85	4686
11	4268
0	4734
0	4890
642	1901
3	6406
0	6573
0	6305
223	1707
0	774
115	33
0	1092
1185	2525
1	2577
244	4998
70	0
2	3823
6	10
0	4986
0	722
106	72
18	1365
105	2
0	93
0	331
0	1423
23	408
0	269
0	0
7	0
633	3631
0	879
24	3257
0	274
33	0
1	1327
404	680
0	0
5	5
21	5
0	3
0	0
0	0
3	29
1	29
0	0
0	0
10	3
6	1
0	0
0	2
1	0
60	3
1	55
1	4
4	4
0	4
105	18
1	4
2	0
6	0
201	89
3	0
59	0
1	0
0	0
25	0
76	41
32	89
303	0
85	0
10	716
15	774
24	145
6	54
6	111
1179	713
0	518
45	505
2	110
99	2
0	0
62	979
3	979
83	597
22	446
29	205
0	205
83	751
49	810
14	735
19	717
0	0
157	341
0	8
0	1
16	0
10	0
8	532
0	26
194	0
1153	412
0	403
0	402
0	408
0	0
3	0
63	206
18	212
0	6
0	2
0	0
442	20
5	20
556	238
1	238
0	243
0	0
0	0
0	0
1030	673
0	615
5	58
37	0
1	0
104	0
113	0
0	0
13	0
11475	3289
12	1314
157	1594
74	1377
0	433
0	0
4	773
219	719
0	32
0	35
3	35
1	0
0	0
0	0
0	0
0	0
5	3
0	116
0	3
6	3
2	0
0	1
0	17
22	8
0	3
0	3
0	28
0	28
0	1
0	110
9	12
0	0
6	0
0	0
293	0
0	0
1	0
0	0
0	0
1	4
0	4
0	4
0	0
0	0
0	0
0	0
0	29
74	548
0	69
15	160
0	1
0	73
10	0
0	4
12	0
0	0
0	0
0	285
0	211
0	311
1	0
126	359
0	140
0	115
0	104
0	51
0	136
4	0
49	406
1637	422
0	0
0	255
0	248
0	240
0	247
0	0
0	7
41	4
0	1
215	41
0	34
6	19
0	2
0	0
3	250
4	235
0	133
1	58
1	0
0	18
1877	1095
1	0
1	1095
0	0
489	13
0	13
3	3
2	0
3479	233
0	74
5	204
9	0
0	664
40	664
0	6
0	105
0	19
3	26
0	0
80	64
0	45
0	30
0	23
0	10
29	4
4231	1101
12	144
4	979
0	1
0	1
0	1
0	1
0	1
0	1
0	1
0	0
0	0
0	0
5	6
2	6
2	85
19	98
0	13
0	0
0	0
1821	0
0	0
0	0
0	0
1	0
0	0
5	162
134	163
0	25
3	2
2	54
0	57
0	62
1	79
0	0
0	0
0	0
0	4
0	4
0	0
6	37
2	30
0	30
0	30
8	34
0	29
0	0
0	30
38	68
0	62
0	42
0	39
0	0
0	13
7	5
0	0
0	0
0	0
132	230
0	166
15	228
2	132
0	47
43	53
4006	1314
11	971
6	199
16	339
29	2331
7	2331
0	93
0	15
17	0
3084	86
4	84
80	1956
37	1935
6	1183
0	1088
0	365
17	91
0	34
0	23
48	1
8	0
13	1
0	1
0	0
0	0
0	0
0	0
0	0
0	0
0	0
0	0
0	0
0	0
0	0
0	0
0	0
0	0
0	1
0	1
0	1
0	0
0	0
0	0
0	0
0	0
0	0
0	0
0	0
0	0
0	0
0	0
0	0
0	0
0	0
0	0
0	0
0	0
0	0
0	0
0	0
0	0
0	0
0	0
0	0
0	0
0	0
0	0
0	0
0	0
0	0
0	0
0	0
1	0
0	0
0	0
0	0
0	0
0	0
0	0
7	154
649	34
7	30
1	4
0	0
296	219
0	22
0	93
45	3
0	29
0	33
0	0
38	58
742	117
0	59
10	394
116	409
5	449
2	172
2069	280
15	204
50	177
8	63
4	10
0	0
0	0
0	0
2	0
0	0
0	0
0	0
0	0
0	0
0	0
0	0
0	0
0	0
0	0
0	0
0	0
0	0
0	0
0	0
0	0
0	0
0	0
0	0
4	4
0	0
0	0
0	0
0	0
0	0
0	0
0	0
0	0
0	0
0	0
0	0
0	0
0	0
0	0
0	0
0	0
0	0
0	0
0	0
0	0
0	0
0	0
0	0
0	0
0	0
0	0
0	0
0	0
0	0
0	0
0	0
0	0
0	0
0	0
0	0
0	0
0	0
0	0
0	0
0	0
0	0
0	154
0	0
0	28
81	1595
3	191
0	319
0	1506
0	191
0	1606
3	289
0	15
0	218
6	82
0	0
5	17
22	22
3	42
3	52
0	599
267	609
0	24
1	0
4	0
0	35
17	12
89	31
0	31
1	22
450	227
0	220
0	0
1	0
0	0
1	46
1	6
97	0
0	0
0	0
0	0
712	0
1198	0
0	0
0	0
0	0
0	0
0	0
0	0
0	0
0	0
0	0
0	0
0	0
0	0
0	0
0	0
0	18
0	19
0	2
1	0
0	7
2	10
0	0
9	134
19	872
4	872
0	0
0	0
0	0
0	0
1	0
18	14
0	14
17	662
9	413
0	437
0	625
3	89
0	55
12	100
4	82
9	5
2	0
102	133
0	89
0	4
3	0
0	0
0	0
0	0
0	0
0	0
0	0
0	0
0	0
0	0
0	0
0	0
0	0
0	0
0	0
0	5
6	10
1	1
0	9
0	0
0	0
0	0
0	1
0	0
0	0
0	1
1812	0
0	0
0	0
0	0
3	221
51	2032
6	88
0	100
3	110
1	74
0	110
34	649
0	1824
2	33
2	149
6	150
86	10
7	4
37	24
133	87
32	74
0	0
3	13
0	0
0	0
0	0
0	0
0	0
0	0
0	0
0	0
0	0
0	0
0	0
0	0
0	0
0	0
4	1855
5	1935
481	2202
3	812
0	106
3	182
253	36
54	33
251	31
0	31
0	0
0	0
1	140
16	24
0	44
1	104
16	0
0	94
0	0
2	0
6	15
0	0
0	0
0	0
0	0
0	0
0	0
0	0
0	0
0	0
0	0
0	0
0	0
0	0
0	0
301	1206
12	1031
225	1046
1	2
0	4
0	4
0	0
0	0
0	0
0	0
0	0
0	0
0	0
0	0
0	0
0	0
0	0
0	0
0	0
0	0
0	0
0	12
0	0
0	0
0	0
0	0
0	0
0	0
0	0
0	0
0	0
0	0
1	0
10	8
0	0
0	0
0	0
0	0
0	0
0	0
0	0
0	0
0	0
0	0
0	0
0	0
0	0
0	0
0	0
0	0
109	597
0	1
3	1
3979	2651
3	971
3	1468
6	1519
3	676
9	2615
0	813
50	1278
7	157
0	0
0	0
5	0
3	0
0	0
166	261
0	203
0	176
0	92
2	104
6	118
1	8
0	6
19	7
1	42
2	4
0	0
0	0
0	0
0	0
0	0
11	11
0	0
0	0
0	0
3855	8997
66	8866
171	1583
2	6727
188	7518
2	4184
11	5870
0	9319
142	3874
0	1797
6	2069
17	2717
0	2170
5	2231
3	3459
0	4
3	4
0	0
0	0
0	0
0	0
5	0
0	390
1693	0
221	390
0	0
0	0
222	0
0	0
0	0
0	0
0	0
22	0
0	0
0	0
0	0
0	0
0	0
0	0
0	2
0	2
0	0
0	0
4	1
0	1
0	0
19	58
0	58
0	0
0	0
0	0
0	0
0	0
0	0
0	38
15	39
13	0
6	0
46	78
0	78
56	1
0	0
0	0
0	0
0	0
0	0
0	0
493	81
0	0
0	0
1	0
0	0
0	0
0	0
1	0
18	193
0	193
200	0
0	0
892	81
0	0
0	0
175	0
0	0
0	0
0	0
0	0
0	0
296	0
507	0
0	0
0	0
0	0
0	0
3	7
0	7
0	0
8	15
0	15
19	49
0	49
0	0
1457	51
0	0
0	0
0	1
0	1
81	51
0	0
0	0
0	28
28	28
0	0
0	0
15	0
223	0
0	0
0	0
0	0
0	0
0	0
0	0
0	0
0	0
0	0
0	0
1	0
35	13
0	11
0	0
0	0
0	0
0	0
0	0
104	5
96	6
0	0
0	6
0	0
0	0
0	0
0	0
0	0
35	3
0	0
1	1
222	0
0	0
2	2
0	2
30	20
5	0
219	11
0	0
0	0
0	0
0	0
0	0
0	0
0	52
6	52
0	0
0	1
1	1
0	0
9	30
0	23
116	28
0	3
0	9
5	9
254	467885
0	655
0	0
31	0
0	0
136	5
0	0
0	0
0	0
105	4
0	0
0	0
0	0
0	48
25	51
0	0
0	0
0	0
18	0
0	0
41	0
0	0
178	0
3	16
483	8
76	16
0	0
108	8
0	0
1	0
0	43
14	43
0	0
0	0
0	0
0	0
0	2
0	2
0	0
0	0
0	0
0	0
0	0
1	4
0	4
9	0
0	0
127	3
0	0
0	1
0	16
0	581
307	582
0	0
0	115
51	115
0	0
0	0
28	21
279	0
0	4
150	3
0	0
0	0
0	0
407	2
0	0
28	16
0	344
188	345
56	0
3	0
271	19
0	4
0	4
0	0
304	0
0	0
0	0
4	1
5	0
0	0
0	6
3	6
0	0
0	0
0	0
0	0
190	6
1	0
9	34
0	34
0	0
0	0
6	34
0	30
0	0
54	9
6	1
8	0
78	1
4	0
12	0
0	0
0	0
0	0
0	0
0	0
0	0
0	0
0	0
15805	4
752	332
4	319
49	13
1156	1430
6	95
24	32
3	0
16	1300
0	0
2	35
0	0
0	0
0	0
0	0
0	0
9	51
21	414
2	414
0	38
1	130
0	0
1	0
0	2
0	2
0	0
0	0
0	0
0	2
313	2735
4	260
0	2624
191	0
0	2671
3	0
0	0
0	0
0	0
0	0
0	0
0	0
1	0
0	8
0	5
0	7
962	5776
1	4649
1	3072
0	822
21	138
39	0
0	0
1	0
2	3539
7	3322
0	3118
173	5
2	0
1	0
3552	2427
2	2
11	301
2	2413
1	164
5	285
0	265
8	516
19	2472
0	2480
0	2418
12	64
15	160
12	208
0	754
8	48
0	1327
10	155
3	220
69	638
0	14
13	245
0	26
0	4
0	8
73	292
0	283
0	52
4	0
2	0
576	313
0	313
0	113
3	0
8	6038
11	5264
96	818
24	1282
39	5491
6	4941
0	5516
4	4214
27	501
138	0
1	0
83	94
0	2806
0	89
0	1519
13	739
129	2046
7	1890
57	1113
121	0
1	112
103	1002
0	222
48	58
61	65
0	173
4	12
1	1198
88	2251
4	307
2	1146
0	0
3	18
0	10
0	94
0	156
1	57
0	0
6	1020
0	0
0	0
0	0
1	27
0	27
0	5
4	0
0	4
0	0
1	0
0	0
0	205
55	237
1	40
0	0
0	0
0	0
0	0
768	492
0	274
0	218
16	0
55	465
0	79
246	458
0	347
0	71
0	60
0	13
0	11
0	18
32	1162
0	1262
3	1577
0	916
0	610
0	545
0	366
0	364
0	356
4	512
0	322
1	141
3	187
2	123
12	46
0	47
6	19
610	2031
63	2031
291	743
0	331
0	585
14	24
1	110
608	6964
299	6924
2	828
1	981
1	3147
3	797
109	634
58	806
0	258
52	265
94	0
0	13
0	6
0	12
0	11
0	9
0	11
0	11
2	14
0	12
0	8
53	5894
2	5903
0	1706
0	2032
40	6230
10	1663
2	688
6	97
2	590
1	3316
3	929
1	171
0	170
19	98
0	55
0	33
1	26
253	564
0	559
0	346
51	0
0	33
0	123
1	36
24709	33
1	0
44	52
2	51
10	11
30	32
228	261
0	1
18	0
189	250
2	0
2	0
3	0
0	0
27	0
452	1806
4	1748
0	256
79	141
0	132
0	249
69	0
1	0
52	4031
67	2314
26	3492
13	917
0	0
17	0
0	8
0	8
0	7
0	1
0	0
1	0
2278	2331
1	1072
0	1191
9	178
57	362
1	726
0	0
0	0
0	0
0	0
0	0
0	0
0	0
1	0
0	0
0	0
0	0
0	0
0	0
0	0
0	0
15	3402
0	0
0	0
2	10
0	0
0	0
0	0
0	0
3	87
0	0
1	120
0	0
0	45
0	46
0	47
0	32
0	0
0	12
0	12
0	12
0	12
0	3
2	0
0	0
7	0
2	0
2	0
4	0
0	0
4	10
0	0
7	0
0	1
0	0
0	0
2	3
0	36
28	59
0	40
0	19
0	0
0	0
0	0
0	0
0	0
0	0
0	0
0	0
0	0
29	322
353	322
0	0
0	0
0	0
0	0
0	0
0	0
0	0
0	0
1	0
0	0
0	8
0	1
0	11
0	8
0	9
2	10
0	0
0	10
0	0
0	0
2	0
1	0
1	0
3	0
0	0
3	0
0	0
0	0
0	0
0	0
0	0
0	0
0	0
0	0
0	0
0	0
0	0
21	322
9	308
24	125
2	3
13	0
53	11
1	43
2	22
828	280
11	138
3	142
0	1
0	0
1	1
0	21
174	63
8	3
0	0
0	60
0	0
0	0
5	52
0	227
0	227
8	11
1	341
244	1035
1	705
7	167
0	0
4435	4606
17	789
0	3806
3	15
1	0
1	0
0	0
0	0
0	0
0	0
19	18
0	18
0	0
0	0
0	1
0	1
0	1
24	9
0	1
0	9
0	2
4	1
0	0
0	0
0	0
0	1
0	0
44	278
12	278
3	14
0	16
69	123
0	116
4	6
0	0
2	10
0	291
0	534
0	442
4	428
21	483
4	181
0	265
17	200
1	147
0	102
10	93
23	2241
0	1956
0	654
18	212
0	181
9	1908
5	684
0	368
1	1821
0	710
1	156
3	40
3	841
10	4
14	22
1	639
9	195
440	171
21	171
34	41
6	41
0	0
6	8
5	129
0	129
0	74
0	111
0	26
6	24
3	8
0	0
0	0
0	0
6	98
41	735
25	45
0	16
0	15
2	10
6	3
3	1
0	644
9	486
2288	466
8	466
0	1287
20	1090
33	1175
25	710
0	511
0	305
2	198
0	66
24	5
58	317
0	253
0	274
0	0
1	8
3	336
101	912
3	942
52	944
0	167
0	60
2	267
4	21
2	205
7	127
1	21
0	16
0	1
2	3
1	3
18	3698
0	3498
6	400
1	0
0	0
0	0
0	3256
0	3323
0	218
14	3285
15	102
1	277
3	148
21	114
11	144
0	25
0	1
0	34
0	30
2	0
0	5
194	326
0	297
1	80
1	12
1	23
0	2
1	30
14	0
2	8763
4	575
0	216
0	7862
0	4161
2	182
0	300
0	270
97	373
1	0
0	53
0	55
1	308
0	112
0	157
1982	1660
201	1649
0	536
0	0
0	81
128	2
230	0
1	0
2	0
0	0
100	340
13	341
26	153
0	185
0	153
0	12
40	7
4	29
559	10457
0	10456
0	3341
0	3253
2	4674
0	3879
47	263
0	264
0	262
0	147
0	147
1	1062
0	507
0	150
5	0
8	0
16	2
0	0
0	0
0	0
0	0
3	0
0	0
0	0
0	0
0	0
0	0
0	0
0	0
0	0
0	0
1	0
0	0
0	0
0	0
0	0
0	0
0	3
1	3
1	3
0	0
0	0
1384	1169
22	985
5	186
4	213
2	0
37	927
14	894
34	204
5	664
0	671
28	1
4	146
27	108
0	205
8	183
1158	190
0	77
1	128
12	51
0	0
0	0
0	0
0	0
3	194
0	70
2	0
0	515
0	0
135	3699
114	945
2	67
0	1670
20	1653
0	2501
24	2481
2	3616
69	0
0	80
4	2117
9	2304
4	161
1	324
6	37
43	0
6	76
0	104
73	78
2	333
14	16
1	515
0	478
0	502
0	501
0	483
0	0
0	493
0	478
0	488
0	482
0	507
0	511
0	522
1	6
4	0
0	51
5	98
0	33
0	22
0	0
0	0
0	0
8	40
4	46
0	46
0	46
0	11
1384	1023
1	0
20	1053
18	959
2	576
42	0
0	0
8	339
81	195
3	99
0	0
0	0
1	0
0	0
0	0
0	0
1	0
0	0
25	1688
0	1688
0	1126
13	740
0	0
0	0
0	0
0	1
0	4
0	3
0	0
0	0
521	129
7	25
2	125
3	58
1	26
0	28
0	4
1	4
22	6
19	673
87	706
0	0
0	33
0	0
0	0
285	162
0	55
2	0
19	4
1	86
0	16
6	53
0	72
41	141
4	162
5	71
0	37
0	45
0	19
9	17
0	3
1288	5820
135	2
5	5102
0	5241
2	1343
3	938
0	294
0	13
0	13
0	13
2	0
0	0
25	1115
58	1115
19	0
22	3
22	2
21	0
37	0
1	11
0	4
1	59
6	0
0	0
0	17
0	13
1	107
0	0
0	48
0	12
0	8
2	0
6	0
70	24
11	12
0	0
3	121
371	132
0	47
0	47
0	2
0	19
0	0
0	155
2	1
0	2
2	5
10	98
0	135
9	557
20	97
0	579
2	148
2	46
0	50
1	100
0	0
0	4
0	0
3706	1146
1	555
4	98
2	311
23	146
21	453
1	346
13	111
5	0
2	0
0	0
0	0
0	19
53	49
0	44
0	0
0	13
0	44
0	47
0	47
0	34
0	41
0	0
0	19
0	0
1568	317
12	4
0	47
0	285
0	0
1	0
18	769
0	0
1638	78
47	13
0	81
139	955
1	192
11	837
0	431
0	0
2811	969
0	241
1	322
34	475
6	93
2	157
0	673
9	1632
28	68
2	63
121	162
0	227
7	447
59	982
0	1331
0	470
0	450
0	194
0	1549
3	316
3	1243
2	126
0	206
276	63
10	49
0	105
0	138
0	61
0	55
2	216
227	96
0	64
21	17
2	96
0	157
9	509
3	104
0	510
8	487
10	5
47	493
5	296
0	38
11	45
0	45
0	21
32	21
0	0
1	0
6	0
1	0
2613	0
0	11
2	68
137	150
0	52
1	109
0	111
1	38
7	2
0	0
0	0
318	0
7179	1586
15	361
5	1353
215	0
420	324
219	549
9	437
2	323
2	56
1	0
1216	159
50	0
11	4
3	157
0	0
43	16691
515	16654
55	14970
15	2583
1	3743
35	4558
55	6819
9	6544
88	5015
63	0
1913	690
5	102
1	247
1	353
0	5
25	0
20	0
10	36
21	0
0	286
6	0
50	17
0	122
12	573
0	155
0	573
139	554
23	3
4	24
11	208
2	263
8	154
0	1273
16882	5856
185	98
7	785
0	732
0	5680
9	676
0	8
0	8
0	8
0	1
0	2
2	1319
0	1098
4	0
4	448
21	0
20	462
0	53
21	0
0	0
14	282
0	0
3	0
8	0
64	0
0	0
61	0
0	0
1	92
7	99
0	91
1	90
0	17
1	0
0	60
0	61
0	2
0	0
22	277
0	234
2	279
22	141
0	0
0	0
0	1
0	0
0	1
0	2
2	2
1	0
3	11
4	44
19	43
2	4
0	0
3	775
0	0
0	0
0	2205
3	2344
0	2605
3	29
0	695
0	365
0	229
0	31
12	167
78	0
16	2
654	533
2	350
2	28
0	167
0	300
7	184
2	69
30	0
0	111
0	8107
166	7643
17	7550
41	7805
4	2683
2	2202
1	2275
26	1672
58	65
2	0
2181	3905
44	492
1	396
221	918
1	682
45	171
18	1034
135	1818
3	322
0	53
0	0
0	636
0	232
5	22
1	25
0	617
2	141
4	231
0	0
66	0
0	26
0	0
0	28
0	2
25	0
0	0
90	3577
0	3337
0	2804
2	2263
0	2055
0	385
1	325
78	0
5781	5950
0	2550
1	3265
22	474
26	556
0	0
2	0
0	77
0	11
0	87
5	2
0	22
0	0
0	0
0	0
0	0
0	0
55	554
0	528
0	139
0	200
0	178
0	107
3	0
0	0
0	0
897	323
0	269
6218	5011
7	0
11	1384
0	1355
136	2037
16	108
4	341
35	1312
9	466
14	345
1	189
3	415
6	128
12	0
0	7
0	0
0	0
0	7
0	1
1	6
0	2
2	0
0	0
6	961
1	24
0	202
0	132
0	245
2	52
0	956
0	952
0	183
12	0
9	0
1	0
12	0
0	74
64	488
3	408
96	256
1	103
0	79
0	115
2	52
0	132
0	75
2	110
1	57
0	34
0	15
0	90
0	90
1	91
13	0
0	7
1	17
1	0
0	19
0	19
0	2
0	7
0	6
0	1
2234	576
25	85
0	311
0	87
0	51
0	43
3	112
1	1026
0	46
0	122
0	122
0	1001
0	170
10	350
5	268
45	640
4	33
0	835
1	13
0	423
0	383
0	282
0	404
0	705
0	215
0	36
4	36
2	40
0	10
2	21
5	0
0	0
0	0
0	0
0	0
0	48
1	39
0	50
1	48
0	0
0	0
0	0
0	0
0	0
0	1
0	1
0	0
1	0
793	1994
0	1994
0	57
3	140
0	115
0	84
0	0
1	68
7	105
3	77
3	0
0	20
111	330
0	330
0	0
0	0
0	0
0	0
0	0
0	0
0	0
0	0
0	0
0	0
0	0
0	0
0	0
0	0
0	0
0	1
0	1
0	0
0	12
0	12
0	12
0	12
0	0
0	0
0	0
0	0
0	0
0	0
0	0
0	0
0	0
0	0
0	0
0	0
0	0
0	0
0	0
0	0
0	0
0	0
0	0
0	0
0	0
0	0
0	0
0	0
0	0
0	0
0	0
0	0
0	0
0	0
0	0
0	0
0	0
0	0
0	0
0	0
0	0
0	0
0	0
0	0
0	0
0	0
0	0
0	0
0	0
0	0
0	0
0	0
0	0
0	0
0	0
0	0
0	0
0	0
0	0
0	0
0	0
0	0
0	0
0	0
0	0
0	0
0	0
0	0
0	0
0	0
0	0
0	0
2	0
1	7
1	0
0	0
0	0
0	0
0	0
0	0
0	0
10	0
0	0
0	0
118	524
247	447
0	233
0	159
65	120
112	0
1	2
0	3
1	4
0	1
0	1
0	0
0	0
0	0
0	78
0	78
0	78
0	78
0	45
5	0
0	0
0	246
0	0
94	5639
75	5551
0	446
0	5131
1	312
4	717
0	0
25	72
3	72
53	1051
0	333
29	1170
2	838
0	14
2	0
0	733
0	0
0	0
0	73
2	137
0	91
1	25
13	0
0	0
0	4
0	0
0	98
81	1844
4	915
0	1840
0	36
1	145
0	55
2	128
0	11
3	69
0	70
12	8
0	0
444	259
9	42
0	89
2	87
0	230
0	0
0	1
1	60
0	0
0	0
12	1153
50	1147
0	0
1	12
2	0
0	22
1	79
2	22
4	426
14	0
0	0
0	0
0	0
0	0
0	7
0	1
1	1
13	0
0	0
769	8
26	8
2663	448
5	217
2	16
7	432
5	64
324	518
27	515
0	6
1	776
4	184
16	20
1	46
0	755
3	77
0	0
0	0
1	0
4603	1325
0	57
48	677
5	239
5	236
3	32
0	0
1	98
19	0
0	0
2	587
6	94
12	62
13	130
0	36
0	40
0	19
1	4
0	2
5	0
1	0
138	65
6	490
53	453
1	22
1	143
4	44
9	25
20	0
0	1
0	1
0	0
0	0
26	262
0	262
2	0
0	0
0	105
0	5
2059	1550
25	968
10	7
74	7
0	1347
8	0
6	70
53	4
8	1
601	453
3	391
25	62
1147	239
1	137
0	33
34	1
0	44
3	34
2	0
0	0
0	0
0	490
2	490
8	490
30	207
0	0
107	531
0	474
1	151
1	2
0	2
45	71
5	5
4	0
0	57
1	24
3	28
3	12
6	18
15	11
0	18
8	0
0	0
19	0
52	0
0	0
0	0
0	0
0	0
0	1713
46	1591
2	1856
1	1205
17	915
0	891
0	1101
0	177
3	85
0	44
0	0
0	0
9	0
0	0
0	0
0	0
0	0
0	211
1	134
0	160
0	17
19	28
6	53
0	7
16	5342
0	5342
142	5428
12	108
0	0
0	549
7	325
9	157
0	0
3	0
0	0
0	0
0	0
2	0
0	0
0	0
0	26
9	602
3	576
0	15
0	0
0	0
0	0
0	0
0	0
0	0
0	0
0	0
120	6028
7	5796
0	1096
0	469
21	259
0	0
5	1
7	27
0	6
0	0
1	21
0	0
0	0
0	0
1	0
0	0
608	181
0	72
0	46
0	26
0	73
0	38
0	44
0	28
1	0
1158	4075
4	4075
1	311
0	0
8	2100
1	2110
112	2089
90	0
14	15
110	14
1203	0
0	0
68	1920
76	821
0	1814
1	1885
0	1070
70	131
0	49
22	63
0	61
3	79
49	47
2	9
1	20
1	0
1	0
0	0
1	0
0	0
0	0
0	68
4	5
93	74
0	1
0	69
0	69
0	59
0	53
0	35
3	0
1	0
1	0
0	0
0	0
0	0
0	0
0	0
0	0
0	4071
0	4199
0	199
1	2269
0	1994
0	1323
0	1236
0	1334
0	1273
0	924
2	1211
0	1341
0	1440
0	1383
7	64
0	638
156	236
4	196
0	65
25	102
5	182
0	85
7	0
0	0
2	47
5	55
2	84
1	113
9	140
139	96
0	58
1	16
53	0
5	31
1	34
6	15
0	0
0	0
496	38
30	0
57	0
0	0
0	0
0	0
0	0
0	0
0	0
0	49
148	2725
0	0
0	0
0	0
0	0
0	0
2	0
2064	221
0	171
7	50
0	0
0	0
54	0
34	0
0	0
0	0
0	0
49	335
0	335
1	270
0	141
1	0
21	0
0	87
95	0
2	0
1	0
1	0
1779	3134
79	537
0	660
16	2701
4	558
0	0
0	0
0	0
0	0
0	0
0	0
749	614
2	563
0	137
20	65
1	48
0	0
0	0
0	0
112	0
114	0
41	0
32	0
6	0
79	0
0	0
0	0
0	0
0	0
0	0
0	0
0	0
0	10
1	52
0	52
2	0
0	0
0	0
0	0
0	0
0	0
0	157
0	0
0	0
39	426
20	27
203	496
1	445
0	49
7	0
0	0
11	0
0	0
0	0
1	0
0	262
0	0
0	0
0	0
0	2
0	14
1	14
0	0
0	13
0	0
0	0
0	0
0	0
0	0
0	0
0	0
0	3
0	8
0	8
0	3
0	1
0	1
0	3
0	1
0	3
0	5
0	0
0	0
9	60
0	47
0	21
44	342
4	1025
0	854
298	1101
11	35
2	36
21	77
0	194
9	928
2	950
0	322
84	290
52	0
0	0
0	0
0	0
0	0
0	0
0	0
25	0
0	0
0	0
0	0
15	109
1	109
906	422
0	82
0	355
0	182
1	20
21	8
6	11
8	3603
0	3603
11	978
25	120
11	300
25	39
0	126
41	252
4	55
2	0
0	1
4	0
0	0
5	20
38	6
4	54
10	0
9	185
0	0
0	0
9	0
0	2
0	2
1832	1749
4	93
1	246
162	1444
2545	734
0	732
36	6590
301	6573
0	303
20	501
7	403
0	132
0	0
0	0
0	0
0	0
0	0
0	0
0	0
1	0
0	13
0	13
4	13
0	0
0	0
0	0
0	0
0	0
0	0
0	0
0	0
0	0
0	0
143	0
0	0
0	0
6	0
1	17
10	26
1	22
1	26
0	0
38	0
6	15
0	15
0	0
2	19
0	0
7	124
9	372
0	297
0	298
0	350
0	60
118	262
0	211
10	196
6	152
0	138
0	6
0	63
1	4
1	0
0	0
0	0
0	0
0	0
35	0
361	828
4	346
0	573
1	169
14	100
0	51
18	75
30	136
35	29
0	0
0	282
6	12
0	23
136	142
8	131
252	257
36	3285
5	215
14	183
1	3303
26	1514
0	3210
235	786
2	2408
126	130
3	670
291	77
0	1118
17	47
12	0
2	0
2	972
0	482
0	847
0	162
0	146
0	96
0	283
0	116
14	382
1	234
0	0
0	0
0	0
0	0
0	0
0	0
0	0
0	0
0	0
0	0
0	0
5	0
0	1494
1	1313
0	1424
0	1440
8	1389
0	1390
0	1383
2	0
6	3
1	56
15	212
24	202
0	104
13	204
1	72
0	149
1	48
2	18
62	782
58	89
0	719
27	184
0	162
16	50
1	0
92	438
0	417
0	275
0	113
9	180
25	169
0	17
471	4702
22	4060
0	1655
0	2273
14	432
1	10
0	74
0	74
1	66
9	34
0	57
0	4
0	15
3	165
1	143
0	23
0	101
0	76
8	0
3	61
0	40
3	36
0	21
10	21
0	0
0	40
0	40
2	17
0	4
0	0
112	758
50	28
2	750
4	226
13	13
1	157
0	156
0	133
3	131
0	133
8	157
0	22
343	1719
8	267
198	1527
5	12
14	21
105	325
9	141
2	46
5	38
10	128
0	161
0	0
0	0
0	0
0	0
0	0
2557	230
9	78
0	0
19	152
98	582
0	57
10	46
4	582
0	7
0	39
0	0
0	21
3	20
0	1
1	1
2538	2
7	0
0	0
807	186
0	160
0	55
0	34
1	0
10	1006
2	421
6	76
2	929
1	115
0	0
1	51
1	427
0	0
12	0
2	168
3	96
80	1491
0	1708
0	1567
7	224
1	0
3	161
80	0
0	3
1	5
0	1
1	5
0	2
0	0
18	0
0	0
15	0
3538	296
14	39
2	313
40	0
0	21
0	22
0	21
0	13
2	13
0	0
0	0
0	7
0	2
0	0
0	0
0	0
0	0
0	0
40	0
3	0
0	0
2	4
0	2
0	4
0	0
0	0
0	2
0	0
6	287
4	1
1	287
0	280
0	287
1	895
0	876
0	164
0	47
0	536
0	9
10	756
0	755
0	700
0	205
0	143
0	197
0	29
0	74
8	2
0	100
38	0
0	0
0	0
6	0
0	41
1116	1456
111	2122
4	522
6	522
23	651
74	512
112	408
74	345
0	113
23	37
0	76
1	183
5	112
4	185
10	0
0	0
0	0
0	0
0	107
0	188
6	78
0	188
0	0
0	3
0	0
0	170
30	6
0	6
6	44
99	1110
15	1114
0	202
1	4
0	380
1	1053
5	323
0	0
0	0
1	47
198	69
1	42
29	34
0	15
245	682
131	682
877	161
0	98
5	0
7	61
240	2484
22	3971
0	4277
0	339
25	515
0	576
0	757
15	664
3	671
0	390
100	1424
18	1
33	57
0	57
0	0
2	43
0	43
0	38
0	22
1	22
0	16
0	0
0	49
350	0
0	0
2752	12292
98	12399
0	107
0	22
0	23
0	24
61	0
0	0
25	151
0	65
0	28
8	130
22	109
0	610
7	590
3	543
11	2
1	514
0	15
0	92
1	30
3	14
0	31
0	299
28	247
0	2
0	1
0	1
0	0
0	0
0	0
0	0
0	0
0	0
0	0
0	0
0	0
0	0
874	208
1	89
0	0
0	51
0	68
226	811
0	616
0	733
0	588
1	697
0	480
0	436
2	6
49	6
173	15
0	0
11	207
16	186
36	0
21	72
0	212
2	0
7	2206
12	1356
2	282
2	96
0	13
0	95
45	2068
9	1663
18	128
0	53
5	121
12	56
0	170
0	0
0	31
0	33
1	6
0	33
0	14
0	30
1	6
0	1
0	1
1	3
2	0
0	0
1	4179
86	4191
22	808
13	465
0	119
3	3899
0	5
23	0
0	170
1	25
0	0
7	146
0	532
18	331
14	0
0	29
9	150
0	312
1	69
1	56
0	14
0	34
0	50
0	45
0	12
0	10
0	0
0	0
0	0
0	0
0	0
0	0
0	0
0	0
4	22
0	0
0	0
0	0
0	0
0	0
0	0
0	0
10	742
4	742
8	742
1	42
2	0
410	70
3	70
0	3
25	46
0	7
0	15
0	8
0	0
4	62
0	62
0	7
21	3
0	0
0	0
0	0
0	0
0	0
0	0
0	559
3	327
19	559
219	327
0	0
0	0
0	0
0	0
0	0
0	0
0	0
0	0
0	0
0	0
0	0
2	2804
0	1348
0	0
20	16
1	34
1	181
1	476
0	475
0	424
2	171
0	167
1	126
0	428
0	209
12	62
0	75
0	430
2	420
0	24
5	48
0	56
0	0
0	1144
0	17230
28	7
45	1056
151	17256
0	1269
366	15969
0	7
5	0
104	6369
3	17469
0	7606
2	15776
3	129
8	108
3	57
0	91
0	81
1	39
0	13
0	1
0	9
0	0
3	7
14	31
0	31
0	32
0	0
15	788
15	833
0	141
0	0
128	423
92	423
0	0
0	0
1	0
976	1079
9	1079
0	81
14	60
0	58
0	0
0	4
0	4
0	5
0	6
0	0
306	3
8	1
0	0
569	29
1	26
0	3
121	844
0	139
0	702
0	702
0	722
0	764
4	727
0	719
0	881
0	847
0	865
0	792
23	830
0	730
0	763
0	750
0	764
0	753
0	763
0	772
1	760
0	772
0	750
0	723
8	25
5	0
32	0
0	0
1	92
19	92
10	328
3	273
148	258
13	38
0	104
0	7
0	7
0	0
0	5
0	0
0	0
0	0
0	0
0	5
0	5
0	5
0	0
0	0
0	0
0	2
1388	6137
222	6130
0	2797
72	1788
1	283
2	164
0	167
0	164
0	167
2089	0
1	1656
0	1605
2	0
0	1317
0	1231
0	1022
0	291
0	956
0	1051
0	611
68	0
0	331
10	313
13	246
0	0
0	0
0	5
0	246
0	198
6	9
16	32
0	204
0	45
0	38
0	30
2	223
13	17
2	9
0	37
55	74
1	2507
10	8001
0	7724
0	7931
0	6849
0	6800
0	184
0	319
0	0
1	0
101	0
0	655
0	414
13	182
229	839
11	380
0	326
1	221
0	1046
1	1090
0	2749
0	46
10	51
0	243
14	175
13	178
0	141
0	0
0	0
0	0
0	0
8	1875
0	1990
38	1595
3	337
1	278
0	245
0	114
1	69
0	36
1	77
78	27
1	16
4	0
0	2009
1567	2834
11	354
11	1730
13	89
0	0
57	295
11	172
14	169
41	462
25	831
28	856
0	122
2	0
471	43
0	0
39	65
0	18
0	0
23	8
0	0
0	0
0	0
0	0
10	4
0	0
1	4
0	0
0	0
0	0
0	1
0	0
41	1495
796	2604
0	1686
0	0
0	1097
1	328
3	358
0	89
21	182
1	82
1716	166
9	566
32	566
0	70
0	15
3	0
0	0
45	0
0	667
0	1338
5	1342
0	1342
0	1342
0	183
10	57
0	4
6	10
0	0
5	150
0	0
223	72
8	75
0	594
0	637
0	27
0	20
183	609
5	560
12	34
0	1
28	0
2	36
0	28
7	0
14	2
0	0
1	1018
0	1111
0	148
10	1071
28	180
1	327
0	0
19	0
0	0
283	64
1	16
1	0
6	48
2	0
22	0
0	0
0	0
0	0
0	0
0	27
1	0
11	27
0	4
0	23
0	8
0	4
0	9
0	12
0	6
1	26
0	26
0	27
2	8
0	0
0	0
0	0
0	1
0	0
4	0
0	0
0	0
0	0
0	0
0	0
0	0
0	0
0	0
0	0
0	0
0	0
0	0
0	0
0	0
0	0
0	0
0	0
0	0
20	0
0	0
0	0
0	1
8	8712
1	8175
115	4535
0	410
0	419
0	427
2	419
0	384
0	401
0	352
7	322
0	358
0	24
0	61
0	16
0	43
0	33
2	33
0	31
0	0
0	0
0	0
0	2
0	0
4	6
0	5
42	632
0	1
0	1
0	1
0	4
2	85
60	101
1	81
0	15
0	32
6	61
0	0
0	4
3	4
0	0
0	0
4	0
4	1351
0	1327
0	1369
0	191
0	235
0	6
0	16
5	88
3	29
35	4
0	4
0	0
0	4
0	4
5	2348
2	291
0	0
0	0
0	0
1	148
11	146
0	50
0	2
0	8
0	5
0	5
0	4
0	3
20	0
3	0
92	692
0	692
0	56
0	0
343	0
1066	188
6	0
0	188
8	50
0	0
0	0
67	0
0	68
5	70
0	14
1	0
2	1
5	1
0	1
0	0
1	17
0	60
4	74
5	63
0	0
0	0
0	0
0	13
9	276
18	305
0	49
0	263
1	295
0	15
2	47
12	51
1	16
1	40
0	54
0	41
0	51
0	12
0	4
0	4
0	0
0	0
0	0
0	0
0	0
0	0
0	0
0	0
0	0
0	0
0	0
0	0
0	0
0	0
0	0
0	0
0	0
0	0
0	0
0	0
0	0
0	0
0	0
0	0
0	0
0	0
0	0
0	0
0	0
0	0
0	0
0	0
0	0
0	0
0	0
0	0
0	0
0	0
0	0
0	0
0	0
0	0
0	0
0	0
0	0
0	0
0	30
1	31
7	13
0	0
0	0
0	0
0	0
0	1321
0	1275
1	1316
12	1344
0	1348
1	274
3	230
5	23
0	20
0	61
7	61
0	13
1	13
0	1
1	2
0	0
0	1
0	0
0	0
117	0
1246	533
40	4174
98	4169
4	0
12	365
13	610
14	103
0	6
3	527
0	157
0	157
1	2583
144	2760
0	709
3	292
10	153
9	244
0	94
0	614
1	473
101	451
464	1786
0	427
11	1480
3	1009
5	232
19	472
93	748
919	3800
150	3629
0	543
1	673
32	160
1	1380
0	265
24	0
74	0
0	0
0	0
1	759
8	708
10	764
0	45
0	610
0	0
0	0
1	98
0	2
0	0
0	9
0	13
0	482
71	1342
41	947
0	884
0	1102
0	0
62	356
2	17
2	160
2	98
0	157
0	199
0	180
0	115
0	41
0	32
0	20
0	12
0	15
0	34
0	6
1	36
4	6
0	19
1	3
0	5
0	5
0	3
0	0
1	0
2	330
0	224
6	330
0	173
26	248
0	15607
17	13697
0	15607
13	5990
10	713
3	121
22	241
46	3213
31	3281
26	572
4	175
0	130
6	649
15	3
32	19
4	508
0	662
55	1374
5	563
21	1174
0	156
0	536
0	1
0	1
0	0
0	0
72	351
6	345
2	65
0	55
6	46
0	35
1	11
1	25
1	21
0	25
0	2
66	67
0	6
0	32
0	57
0	6
20	1
0	1
485	2551
3	1609
1	2319
25	920
2	84
1	0
124	2411
5	300
2	755
0	514
401	3927
16	3806
4	653
2	1074
0	22
111	893
499	1039
28	274
3	704
0	533
0	153
1	0
21	119
1	53
1	46
0	15
0	53
0	34
0	2
0	2
3	264
0	794
0	924
2	908
16	225
0	908
5	908
2	92
0	91
0	897
0	872
1	296
0	895
0	0
1	845
2	171
14	733
14	1058
14	1281
57	28
0	1331
0	1273
6	166
0	815
39	951
0	322
29	871
0	228
1	56
0	12
13	38
0	11
0	27
7	0
3	2
6	185
0	103
0	190
45	0
146	13026
0	13258
107	13046
4	196
23	145
0	0
11	677
30	1986
26	546
1	0
1780	234
2	234
0	117
0	127
15	112
2	117
0	112
0	98
4	86
1	2
0	3
0	24
458	8198
2	5910
0	24061
430	25993
0	24037
13	14515
0	4401
0	6942
2	5553
0	2651
58	1498
1	46
53	90
2	212
716	1686
2	85
1	154
0	252
1	198
3	198
4	193
3	79
0	225
4	320
12	1482
0	237
1381	2074
0	2074
54	1143
529	1700
12	566
0	0
0	0
3	212
39	212
1	70
0	22
1335	0
9	0
115	21
6	3
0	3
0	2
0	0
0	0
0	0
0	1
0	0
0	0
1	0
0	0
0	0
1	0
0	0
3423	277
1	9
1	268
0	652
0	692
1	130
0	471
172	781
0	617
0	675
1	8
0	82
1037	785
4	174
1	471
0	497
195	0
3527	3910
0	3894
20	177
3	1
0	1
0	0
3	0
2	0
0	164
133	1120
0	198
3	286
1	18
1	361
3	21
2	166
0	400
0	7
0	54
0	7
0	24
0	22
0	1
0	0
0	3
0	20
0	0
3	24
0	25
2	21
0	0
0	0
0	0
17	0
5	0
0	0
35	59
0	56
0	6
0	85
1	32
0	85
0	0
0	42
0	0
0	0
304	3042
0	2799
0	0
9	502
0	2
0	2
0	1
0	0
0	0
0	0
6	361
7	185
15	346
0	39
0	68
0	72
7	31
0	60
4	50
34	54
0	0
18	370
63	488
0	33
4	126
1	21
2	2
0	118
0	0
5	0
0	0
1	0
562	122
0	122
0	0
3	0
10130	1026
0	0
0	261
0	583
65	384
1	436
0	558
0	1
0	1
0	0
0	0
6	18
0	3
0	0
7	7
0	0
0	0
1	0
0	0
0	1
0	338
0	54
8	57
7	64
1	45
0	103
1	390
20	3
0	35
10	17
14	0
756	379
1	284
0	270
2	99
6	0
0	0
0	0
0	0
0	0
0	0
0	0
0	0
1	0
94	8
0	8
0	0
612	1032
0	1077
6	543
0	109
40	165
6	154
3	95
0	132
0	18
2	56
1	6
0	0
0	0
10	0
0	0
0	0
6	0
0	48
0	25
0	0
0	0
1	0
31	87
139	132
0	135
0	18
0	3
0	0
15	130
321	75
0	18
9	57
0	3
12	14
0	14
7	0
0	0
42	343
8	344
0	310
1	310
194	100
2	26
0	0
0	11
9	125
292	454
1	409
4	213
0	89
3	74
9	8
7	69
0	1
1	1
0	13
13	0
0	0
0	16
0	14
2	33
0	27
4	20
0	8
9	339
2	24
24	301
0	185
0	20
1	93
4	78
0	67
14	34
15	13
11	7505
79	8201
0	3154
0	2212
13	0
0	0
0	0
0	0
0	0
0	0
0	0
0	0
0	0
0	0
0	4
1	10
19	16
0	5
1	1
0	0
0	0
0	3
0	3
0	2
0	3
0	0
0	0
8	135
1	0
0	0
0	0
1	0
5433	2716
163	1246
1	1276
48	2829
1	3
1	0
0	0
0	0
3	1
1	1
0	0
0	6
0	10
0	0
0	15
0	1
9	44
0	40
0	20
0	2
2	0
6	0
11	4
3	0
0	4
0	0
0	6
3	14
1	14
0	5
0	5
1	0
0	0
0	3
0	0
16	0
0	1
0	3
0	1
0	0
0	0
0	1
19	0
0	0
258	0
0	0
0	5
0	5
0	1
0	0
0	0
0	0
0	0
0	0
139	0
0	0
0	0
0	0
2583	4
0	0
22	20
32	5
5	26
15	48
0	29
0	10
0	0
0	0
12	7
0	5
0	7
6	1
0	1
1	0
0	0
0	5
0	2
5	12
2	7
0	2
0	2
0	1
0	1
0	0
1	0
17	10
0	8
0	1
0	5
0	0
17	78
6	78
0	6
0	6
1	281
0	282
11	69
4	34
24	1
0	0
0	0
0	0
0	1
1	0
0	0
0	0
0	0
0	0
1	0
0	0
899	723
2	531
0	374
0	180
3	0
0	0
1	2
0	1
0	1
0	4
0	11
0	9
0	6
0	0
0	0
15	10
0	10
0	9
1	0
0	2
3	0
0	0
0	0
0	0
3	1
0	2
0	1
0	1
0	1
2	0
3	4
0	3
0	4
0	1
0	0
0	0
3	0
7	0
7	0
0	0
0	0
0	0
2	3
0	3
0	0
0	0
0	0
0	0
0	0
0	0
0	0
0	0
0	0
2	0
1	0
0	0
0	0
0	0
0	0
0	0
0	0
0	0
0	0
0	0
1	1
0	1
0	1
0	1
0	1
0	1
0	0
2	0
0	0
0	0
0	0
0	0
2	1
0	1
0	0
0	0
0	0
0	0
0	0
0	0
0	0
0	0
0	0
0	0
0	0
0	0
0	0
0	0
0	0
0	0
0	0
0	0
0	0
0	0
1	0
0	0
0	0
0	0
0	0
0	0
0	0
0	0
0	0
0	0
0	0
0	0
0	0
0	0
0	0
35	37
0	37
0	35
0	0
118	201
4	89
0	157
0	141
1	99
0	83
1	3
3	4
1776	1293
3	1292
120	24
32	2
105	2
223	5516
700	5516
0	3083
30	2403
27	0
6	0
0	0
0	0
0	0
0	0
0	0
0	0
0	0
0	0
0	0
0	0
0	0
0	0
0	0
0	0
0	0
0	0
0	0
0	0
0	0
0	0
0	0
0	0
0	0
0	0
0	0
0	0
0	0
0	0
0	0
0	0
0	0
0	0
0	0
0	0
0	0
0	0
0	0
0	0
0	0
0	0
0	0
0	0
0	0
0	0
0	0
0	0
0	0
0	0
0	0
0	0
0	0
0	0
0	0
0	0
0	0
0	0
0	0
0	0
0	0
0	0
0	0
0	0
0	0
0	0
0	0
0	0
0	0
0	0
0	0
0	0
0	0
0	0
0	0
0	0
0	0
0	0
0	0
0	0
1789	1509
5	224
3	288
1	1290
86	0
0	0
0	0
0	0
0	0
0	0
0	0
0	0
0	0
0	0
0	0
0	0
0	0
0	0
2	161
0	0
0	0
0	0
0	0
0	0
0	0
0	0
0	0
34	2758
68	2758
2	127
132	0
125	0
0	0
0	0
8	159
1	0
0	32
1	0
21	1560
0	0
0	1560
0	177
0	0
7	1490
35	578
5677	1606
9	1360
55	55
1	332
4	246
122	6
205	0
1789	6
0	0
0	77
127	134
2	37
1	26
0	0
0	47
1	771
16	998
1	347
0	84
0	41
1	42
48	230
1	0
649	60
2	49
7	59
1	0
18	0
0	65
0	72
1	59
3	60
0	57
1	64
0	19
0	12
0	6
0	14
0	8
2	0
4	0
1	10
33	0
642	1773
0	1881
3	1342
0	0
69	54
0	0
0	50
0	53
0	51
162	2
27	972
0	117
0	202
12	331
52	929
1	190
8	172
0	475
0	461
0	232
8	186
30	280
1530	0
1	2
0	2
0	0
46	15
0	0
0	14
0	0
4	1
0	0
6	0
0	134
0	58
0	7
0	7
7	80
0	2
0	2
0	2
0	2
1	0
13	0
1	0
20	0
13	109
1	16328
0	15533
0	16328
4	1900
118	0
1	15326
0	0
0	0
0	0
12	16
0	16
0	0
0	0
0	7
0	0
0	3
0	3
0	3
0	0
0	0
0	0
0	5
0	1
0	5
0	0
0	0
0	0
0	0
0	0
22	2
0	0
0	892
0	38
0	0
1055	1605
2	859
1	167
244	7
2	1178
0	22
0	130
28	0
6	314
105	0
21	414
365	1029
2	1029
9	183
0	0
7	0
542	7522
0	7522
1746	20
0	0
969	810
7	810
0	1
672	606
0	105
0	329
58	456
16	25
14	4
1	5
65	19
0	8
1	29
0	1
0	1
0	0
3	40
0	27
0	0
20	0
3641	85
16	85
29	10
5	8
1	6
2	142
13	142
0	2
6	77
0	16
2	7
3	3
1	1
0	0
0	0
0	169
1	179
0	40
0	6
0	12
7	0
1	5
0	1388
0	1413
0	1388
0	1363
4	3
0	0
0	223
0	397
125	9837
212	9760
0	8564
5	4475
0	288
0	1969
3	64
0	1291
8	394
145	2
1	57
0	17
356	2
9	0
4775	368
1	133
5	186
3	1
28	252
0	497
66	1663
2	739
1	0
0	288
0	0
0	269
0	101
6	508
1	0
0	83
20	631
0	0
0	0
0	0
0	0
0	0
0	0
0	0
0	0
37	2357
0	1498
0	573
0	1620
0	1184
7	1617
8	1820
0	103
3	10
0	10
0	8
3	7
0	6
0	2
0	2
0	0
0	2
0	0
0	2
0	0
0	0
0	0
0	0
0	0
0	0
0	0
0	0
0	0
0	0
0	0
0	0
5	42
2	72
0	72
0	79
0	79
0	62
6	65
0	32
0	30
2	1
4	0
0	0
0	36
7	8
6	14
0	36
0	0
0	1
0	1
0	1
0	0
0	0
0	0
0	0
0	0
0	0
0	0
0	0
0	0
0	0
0	0
0	0
0	0
37	2032
4	1652
2	1613
0	1011
0	911
0	1420
2	0
19	1686
0	1283
20	368
0	1258
0	1222
0	984
3	229
0	19
0	672
7	35
1	0
618	1807
7	1707
21	669
0	818
1	1425
13	2
10	516
0	543
4	26
0	0
6	425
0	0
1	0
0	0
0	0
0	31
10	0
3808	396
2	391
140	0
48	0
0	2
0	4
0	4
0	2
0	2
2	1
2	3
0	3
0	0
0	1
0	0
0	0
0	0
0	0
0	0
0	0
0	0
0	0
0	0
0	0
0	0
0	0
0	0
0	0
0	0
0	0
0	0
0	0
0	0
0	0
1	0
0	0
0	8
0	8
0	8
0	0
0	6
0	0
18	0
0	0
409	639
62	9
59	638
0	341
3	467
23	6
0	497
36	173
0	11
204	509
0	28
10	14
0	63
0	13
0	97
6	99
0	58
1929	103
6	101
0	0
0	9
0	9
1	9
2	0
0	0
0	100
0	316
0	316
0	315
2	116
0	93
85	715
1	715
67	2771
0	2663
38	2755
0	2359
0	1720
0	0
14	187
6274	2964
5	1316
328	1909
0	1378
46	647
0	0
0	0
0	0
0	0
33	38
0	38
0	12
2	6
0	0
0	0
0	1001
0	952
0	894
0	908
0	805
0	782
8	86
21	626
43	0
48	626
0	36
0	2
33	163
0	56
4	29
1	142
4	102
0	0
0	0
0	0
0	711
4010	717
346	525
6	710
0	0
0	0
0	0
0	0
0	0
0	0
0	0
0	0
0	0
0	186
0	182
0	110
0	49
2	79
0	14
4	47
0	12
0	2
6	44
7	0
21	35
0	0
15	16
0	12
0	5
0	0
3	0
0	0
0	0
0	0
0	0
0	0
0	10
0	10
0	3
0	2
0	0
0	0
0	2
0	2
0	1
0	1
0	0
0	0
0	0
0	762
1	778
9	374
9	172
0	84
0	0
35	33
0	173
0	767
0	307
4	188
4	9
0	9
0	9
0	9
0	0
2	5
0	0
0	0
33	2
10	2
8	177
34	424
15	449
0	12
0	182
0	432
0	424
0	178
2683	1727
0	915
1	600
188	1219
2	661
32	92
260	0
0	18
97	0
20	36
0	0
0	0
5	0
0	2
0	0
0	0
0	0
0	0
0	0
0	0
0	0
0	0
0	0
0	0
0	0
0	0
0	0
0	0
6	0
213	257
2	16
0	171
0	86
32	4
0	0
0	4
0	0
0	453
13	453
7	0
0	0
0	453
0	0
234	1264
0	1286
0	4
0	33
1	28
2	9
7	0
2	10
0	290
6	479
7	0
8	331
0	84
7	3
0	455
0	521
309	1069
24	148
0	11
1	106
4	231
3	85
0	426
12	27
64	147
0	506
182	2186
3	2249
0	883
1	330
108	323
0	262
1541	507
2	356
0	26
0	177
0	818
0	594
44	0
2	160
0	619
0	403
20	699
0	5
0	0
1927	1952
4	1948
4	1
60	0
11	97
6	0
17	309
0	161
10	165
1	153
0	180
0	57
20	12
53	129
0	0
0	0
0	0
0	0
0	0
33	2850
22	64
36	2780
0	1
0	1
0	147
0	0
0	164
5	22
29	2237
52	198
12	28
5	175
22	13
30	119
5	0
3357	4
140	39
666	552
0	96
1	239
1	429
4	0
0	0
1672	289
0	106
0	183
0	0
0	0
0	0
1	0
0	0
22	70
0	70
0	2
12	2
0	0
5	2
0	0
1465	221
0	24
0	0
4	197
0	0
0	0
0	0
0	0
29	55
7	1
4	55
0	0
558	1689
0	1422
1	622
1	344
4	395
0	506
0	185
16	759
10	115
4	1
5	438
1	74
9	193
16	259
0	241
7	239
30	171
126	0
0	0
2	610
2	596
0	121
0	0
53	137
0	137
0	0
20	0
51	0
0	26
0	0
0	0
0	0
0	0
0	0
0	0
7	1999
262	3343
20	2376
16	1358
27	58
0	102
0	474
53	1032
0	439
6	725
1	633
27	15
11	0
1	43
44	145
0	47
6	145
4	4
0	21
0	1
0	19
43	0
1	12
6	10
0	0
0	1
26	0
32	3129
0	2640
1	3030
15	3043
0	900
0	367
0	215
13	511
1	195
0	55
14	95
0	10
0	51
14	51
0	0
515	391
0	1
0	11
0	390
52	6
0	0
25	0
0	0
3	17
19	26
0	0
0	0
28	0
0	0
0	18
0	215
0	237
0	168
0	164
0	119
0	118
0	92
1	213
17	176
34	140
0	181
4	233
0	69
1	79
1	35
1	32
1	55
4	69
670	79
0	0
5	0
12	554
10	3040
5	1764
4	2576
0	2588
3	54
0	16
164	2
5	142
0	87
1	2877
0	1
1	133
0	2
0	0
99	68
413	771
18	628
14	121
0	469
0	466
0	1
2	53
0	43
52	249
4	0
4	0
10	0
0	0
2	0
0	0
0	0
0	0
0	0
14	295
0	0
0	0
0	0
0	0
0	0
0	0
0	0
10	102
0	0
0	0
10	16
0	0
0	0
0	0
0	0
0	0
0	0
0	0
0	16
0	0
15	0
4	2080
0	0
66	3499
192	3499
0	259
60	3465
2	5
0	5
0	0
0	0
63	29
0	0
0	29
0	0
0	2
0	0
0	2
0	0
0	0
0	0
3	0
0	0
0	0
7	14
0	15
1	12
1	0
0	0
0	0
0	0
0	0
0	0
0	0
0	0
0	0
222	1297
24	414
0	0
2	410
5	1038
0	77
4	206
18	200
0	74
1	64
0	24
0	92
0	36
0	1522
135	1522
50	179
31	402
0	1349
5	3
0	45
0	1
8	4
0	3
0	0
219	60
5	525
0	112
0	502
16	123
2	212
0	0
0	107
1	51
469	0
23	4553
7	306
5	4305
140	994
4	0
25	1971
54	2195
29	588
57	1064
0	834
2	213
0	68
111	389
0	27
0	174
0	34
0	121
6	102
4	52
1	125
0	16
2	53
13	1749
10	465
2	1402
3	1387
11	784
1	1426
0	511
1	236
0	765
0	1680
17	162
785	17534
128	13383
1	4418
6	1156
82	2336
3	14560
2	4894
43	7596
44	9831
15	796
4	313
1	245
5	303
0	319
0	222
7	82
0	2
10	15
0	10
0	8
0	10
0	10
0	8
1	98
2	69
0	2
0	2
14	58
0	20
0	22
0	17
0	22
0	13
0	0
0	0
0	0
0	0
1	1
0	0
40	173
1	174
0	150
0	87
1	85
0	74
0	67
0	26
0	16
0	10
0	4
1	1
1	4
0	0
0	1
3	201
0	323
20	477
0	1
0	394
0	1
0	7
0	465
0	0
0	1
0	327
0	237
0	56
2	0
0	4
11	70
0	2
0	0
0	85
29	433
1	93
6	2771
11	250
15	2090
0	236
38	2548
0	234
4	74
6	288
797	0
1809	314
12	307
15	11
0	0
0	0
0	0
42	0
0	0
5	6
0	0
0	3
0	3
0	0
9	0
0	0
0	0
0	0
0	1
13	414
748	452
0	85
53	70
0	0
3	23
4	16
0	0
0	0
6	24
0	12
4	203
1	21
1	1
0	14
0	173
1	13
34	187
9	150
1	4
0	2
0	1
0	45
30	2039
44	2182
5	137
1	521
5	48
11	138
4	228
26	45
17	80
26	324
0	86
0	43
0	43
1	41
0	41
0	26
6	21
1	1
0	20
0	24
0	11
0	6
0	0
0	0
0	4
1	10
0	3
0	3
3	3
0	1
0	0
0	3
61	0
0	1
1	1
77	1
13	1
0	0
0	1600
0	1600
8	1537
1	273
0	0
20	304
0	0
0	0
0	0
7	24
12	23
14	5
0	3
2814	2343
3	418
0	1
51	1631
1	572
0	978
1	730
6	0
381	443
0	12
1	21
10	381
2	318
30	318
0	107
2	112
0	47
1	38
132	100
3	0
291	100
0	0
0	634
5	32
0	136
19	634
6	646
15	71
0	301
3	49
7	21
10	25
0	67
1	78
2	6
2	7
0	10
0	11
1	10
0	5
0	6
7	0
0	6
0	0
0	0
61	57
0	57
0	57
15	0
0	0
647	6
0	6
1774	8765
15	6837
9	135
0	3869
20	3869
0	2685
189	1306
6	3416
1	1095
1	610
0	60
0	63
5	41
1	0
0	0
17	258
0	142
0	139
0	37
0	41
139	0
0	0
0	0
0	0
225	0
1	15
8	58
0	19
7	58
1	7
302	7
0	7
0	2
0	2
0	1
0	1
0	0
4	1
0	1
0	0
1	131
6	65
0	130
0	29
1	1
3	622
13	620
0	623
0	536
2	448
5	52
0	38
0	38
0	1
0	261
3	278
0	191
0	260
54	340
0	1
1	239
133	0
0	0
82	299
0	17
176	0
2	0
0	0
8	8
0	8
0	0
0	14
0	4
0	14
0	2
1	1
0	16
69	0
122	3955
70	3697
2	307
10	812
19	90
9	194
0	2285
0	2778
26	2780
68	4345
61	423
24	411
14	3959
1	567
101	3757
1	526
0	0
0	0
0	0
9	0
0	6
0	0
0	0
0	0
0	0
0	0
0	0
0	0
0	0
0	0
0	0
0	0
0	0
0	0
0	0
0	0
0	0
0	0
0	0
0	0
0	0
0	0
0	1
0	1
0	1
0	1
0	0
0	0
0	0
0	0
0	0
0	0
0	0
0	0
0	0
0	0
0	0
0	0
0	0
0	0
0	0
0	0
0	0
0	0
0	0
0	0
0	0
0	0
0	0
0	0
0	0
0	0
0	0
0	0
0	0
1	2
0	0
0	0
0	0
0	0
0	0
0	0
0	0
579	103
11	85
0	0
101	37
6	58
29	41
0	25
0	30
0	0
38	0
0	23
43	345
0	56
7	340
8	356
3	90
0	35
6	5
1	88
0	111
6	0
0	60
0	83
0	0
0	0
0	0
0	0
0	0
0	27
0	4
0	26
0	0
0	133
0	15
0	130
1	130
3	5
4	15
0	15
0	14
0	0
1	1
0	1
0	0
0	0
0	0
0	24
0	21
0	4
0	16
3	21
0	14
0	16
68	32
0	12
2	17
0	9
2	11
0	6
0	0
0	0
0	0
0	0
0	0
3	0
0	0
0	0
0	0
0	0
0	0
0	0
0	0
0	0
0	0
0	0
0	0
0	0
0	0
0	0
0	0
0	0
0	0
0	0
0	0
0	0
0	0
0	0
0	0
0	0
0	0
0	0
0	0
0	0
0	0
0	0
0	0
0	0
0	0
0	0
0	0
0	0
0	0
0	0
0	0
6	5
0	5
0	3
0	0
2	829
0	840
0	303
0	46
73	10
2	0
2	0
0	0
2	0
0	0
5	0
0	0
0	0
0	0
1	0
0	0
0	0
0	0
0	0
0	0
0	0
0	0
0	0
0	0
0	0
0	0
0	0
0	0
0	1
0	1
0	1
0	1
0	0
0	0
0	2
0	0
0	0
489	38
11	38
3	0
23	4
33	4
0	0
167	5
12	5
282	0
24	14
14	22
1	19
19	35
0	9
0	12
1	10
4	25
12	17
0	10
0	9
0	14
2020	2202
26	1962
114	1654
23	1922
1	1055
0	105
19	115
0	135
0	0
0	12
0	4
0	0
1	1
0	1
0	1
1	0
0	0
0	1
2	19
0	2
0	1
0	0
0	0
0	0
0	0
0	1
0	0
0	1
0	0
0	0
0	0
0	1
0	0
0	0
0	0
0	4
0	0
0	12
0	1
0	1
0	39
0	31
0	0
0	0
0	0
0	0
0	0
0	0
0	0
0	0
0	0
0	0
0	3
0	5
0	1
0	1
0	0
0	0
0	0
0	0
0	1
0	0
0	0
0	7
0	1
0	2
0	9
0	1
0	0
2	48
0	23
0	0
0	0
0	0
0	0
0	0
0	0
0	1
0	0
0	1
0	0
0	0
0	0
0	0
0	1
0	0
0	0
0	6
0	12
0	1
33	64
0	0
0	0
0	4
0	0
0	1
0	0
0	0
0	0
0	0
0	0
0	0
0	0
0	0
0	0
0	0
0	0
0	0
0	0
0	0
0	0
0	0
0	0
0	0
0	0
0	0
0	0
0	0
0	0
0	0
0	0
0	0
56	0
0	0
0	0
0	0
0	0
0	0
0	0
0	0
0	0
0	0
0	0
0	0
0	0
0	0
0	0
0	0
0	0
0	0
0	0
0	0
0	0
0	0
0	0
0	0
0	0
0	0
0	0
0	0
0	0
0	0
0	0
0	0
0	0
0	0
0	0
0	0
0	0
0	0
0	0
0	0
0	0
0	0
0	0
0	0
0	0
0	0
0	0
0	0
0	0
0	0
0	0
0	0
0	0
0	0
0	0
0	0
0	0
0	0
0	0
0	0
0	0
0	0
0	0
0	0
0	0
0	1
0	0
0	0
0	0
0	0
0	0
0	0
0	0
0	0
0	0
0	0
0	0
0	0
0	0
0	0
0	0
0	0
0	0
0	0
0	0
0	0
0	0
0	0
0	0
0	0
0	0
0	0
0	0
1	0
0	0
0	0
0	0
0	0
0	0
0	0
0	0
0	0
0	0
0	0
0	0
0	0
0	0
0	0
0	0
0	0
0	0
0	0
0	0
0	0
0	0
0	0
0	0
0	0
0	0
0	0
0	0
0	0
0	0
0	0
0	0
0	0
0	0
0	0
0	0
0	0
0	0
0	0
0	0
0	0
0	0
0	0
0	0
0	0
0	0
0	0
0	0
0	0
0	0
0	0
0	0
0	0
0	0
0	0
0	0
2	76
0	0
0	0
0	0
0	0
0	0
0	1
0	1
0	0
0	0
0	0
0	0
0	0
0	0
0	0
0	0
0	0
0	0
0	0
0	0
0	0
0	0
0	0
0	0
0	0
0	0
0	0
0	0
0	0
0	0
0	0
0	0
0	0
0	0
0	0
0	0
0	0
0	0
0	0
0	0
0	0
0	0
0	0
0	0
0	0
0	0
0	0
0	0
14	91
0	89
0	2
0	0
33	566
137	54
3	557
2	507
0	0
1	0
0	0
0	2
0	2
0	0
1	0
0	0
0	0
3	0
0	0
0	0
0	0
0	0
0	0
0	0
0	0
0	0
0	0
0	0
0	0
0	7
0	33
1	33
0	33
1	0
0	0
0	0
0	0
22	1
0	1
1	250
0	337
445	608
1	54
2	483
0	0
302	1455
0	45
13	87
0	1357
0	240
0	0
1	87
25	87
0	176
34	171
0	124
4	171
69	14956
50	17572
18	9896
75	12172
25	860
2	10760
25	0
0	0
7	2
0	2
0	0
23	683
32	665
5	675
0	21
4	102
0	93
10	146
6	59
0	146
0	105
0	0
0	0
0	0
0	0
0	2118
42	283
0	305
0	278
0	61
6	0
2215	5341
9	1401
22	312
0	1249
13	369
3	1041
0	1056
14	427
4	1213
15	3075
5	1406
11	2341
72	3474
8	1883
1	817
15	2197
41	1591
98	2275
0	1693
3	1580
1	473
0	215
4	0
0	16
0	18
0	22
10	19
0	14
0	3
9	10
0	0
0	0
0	0
0	0
0	1
0	0
0	0
0	0
0	0
0	0
0	0
0	0
0	0
0	0
0	3
0	3
0	0
0	3
8	0
0	0
0	0
0	0
0	0
0	0
0	0
0	0
0	0
0	0
0	0
0	0
0	0
0	152
0	120
0	134
39	18
5	129
0	129
5	60
0	0
0	1595
0	1640
1	353
2	1595
4	62
4	275
3	61
0	107
1	0
0	104
1	70
0	0
0	0
0	0
0	0
0	0
0	0
0	0
0	0
0	0
0	0
0	0
0	0
0	0
0	0
0	0
0	0
0	0
0	0
0	0
0	0
0	6
0	0
0	0
0	0
0	0
0	0
0	0
0	9
0	0
0	0
0	0
0	0
0	0
0	0
0	0
0	0
4	31
0	0
0	0
0	0
0	0
0	0
0	0
0	0
0	0
0	0
0	0
1	0
0	0
0	0
0	0
0	0
0	0
0	0
2	57
0	0
0	9
0	9
0	9
0	9
0	8
0	6
0	6
0	0
0	10
1	57
1	60
0	0
4	0
0	0
0	0
0	0
0	0
0	0
0	0
0	0
0	0
0	0
0	0
0	0
0	0
0	0
0	0
0	0
0	1
0	0
0	0
0	0
0	0
0	0
0	0
0	0
0	0
0	1
0	0
0	0
0	0
0	0
0	0
0	1
0	0
0	0
0	0
0	0
0	0
0	0
0	0
0	0
0	0
0	0
0	0
0	0
0	0
13	560
0	0
0	0
0	0
0	0
0	0
0	0
0	0
0	0
0	0
0	0
0	0
0	0
0	0
0	0
0	0
0	0
0	0
0	0
0	0
0	0
0	0
0	0
0	0
0	0
0	0
0	0
0	0
0	0
0	0
0	0
0	0
0	0
0	0
0	0
0	0
0	0
0	0
0	0
0	0
0	0
0	0
0	0
0	0
0	0
0	0
0	0
0	0
0	0
0	0
0	0
0	0
0	0
0	0
0	0
0	0
0	0
0	0
0	0
0	0
672	0
292	3373
40	2549
2	2911
1	0
0	462
1	0
1620	72
0	72
24	167
4	282
0	242
0	0
0	8
0	0
0	0
0	0
1382	1370
0	351
21	424
9	314
8	105
25	291
1	423
20	60
153	263
0	75
4	51
0	3
3	11
2	33
2	99
8	102
0	102
1	28
0	33
7	147
4	158
0	162
0	131
1	1
1	34
0	46
0	172
1	492
0	489
4	490
1	521
0	519
0	55
0	0
0	50
0	50
0	50
0	45
0	0
0	201
1	201
0	66
378	0
5	86
20	635
5	738
60	412
4	128
0	71
27	198
0	55
0	38
12	79
0	45
2	91
3	24
2	17
0	6
81	113
1	8
3	103
19	1405
8	1530
1280	1498
1	560
7	18
48	1722
39	1722
0	0
0	0
0	0
60	66
58	257
9	257
0	0
0	0
0	0
0	0
0	0
1013	5314
0	5314
0	0
13	0
0	0
0	0
0	0
0	0
0	0
0	0
0	0
0	0
0	0
0	0
1	1367
7	0
0	0
388	2256
0	369
0	316
0	472
7	1688
29	3027
115	2927
2	78
0	248
0	16
20	232
0	472
17	343
650	70
0	72
23	8
0	6
21	2591
156	2578
0	473
2	56
3	830
2	173
10	201
1	159
0	437
23	178
17	34
33	896
0	457
1	111
8	587
4	587
0	15
0	4
2	88
0	84
8	83
2	49
8	1
8	1
204	0
1	0
4	4
0	3
1	4
0	3
0	3
0	1
1	38
7	38
7839	6159
3	2918
13	1527
2	1708
196	0
0	0
46	0
16	0
144	5
183	2180
0	1836
2	406
3	344
0	556
1	27
1	317
5	54
0	411
1	235
2	212
59	39
0	38
0	1
0	2
1	0
6	0
0	0
0	0
0	0
0	0
0	49
0	0
0	0
0	0
0	0
0	0
0	0
0	0
0	0
0	0
0	0
0	0
0	0
0	0
0	0
1	0
0	1
0	0
0	0
0	0
1	0
0	3
2	3
0	0
0	0
13	34
4	34
1	33
0	0
0	0
0	0
0	0
0	0
0	0
0	0
0	0
0	0
0	0
0	0
154	0
0	0
0	0
0	0
0	0
0	0
0	0
0	0
2	0
0	0
0	0
0	0
0	0
0	0
0	0
0	0
0	0
0	0
0	0
0	0
0	0
0	0
0	0
0	0
0	0
0	0
0	0
0	0
0	0
0	0
0	0
0	0
0	0
0	0
0	0
0	0
0	0
0	0
0	0
10	0
0	0
0	76
0	70
0	116
0	122
86	98
0	15
0	30
38	2316
1086	3470
43	1154
0	36
27	335
0	90
7	304
0	132
9	3
0	92
1	34
0	47
0	47
0	0
0	0
37	0
8	69
0	69
2	11
2	9
1	11
26	0
1	11
1259	0
2227	2
327	3325
0	448
47	201
101	2727
2	480
3	601
0	124
3	211
0	5
0	5
0	0
0	289
14	279
1	268
0	12
3	2391
0	273
5	2308
15	2242
2	2011
0	1821
3	646
0	1575
3	1837
3	1550
0	0
1	522
0	399
2	382
31	192
0	417
12	124
0	134
0	404
2	127
217	0
0	0
0	0
117	504
0	504
524	51
11	49
2068	43
5	0
0	14
1	14
1	2
0	2
8	849
3	896
3	733
1	824
0	44
3	143
0	45
0	0
6	142
16	0
1954	34
19	32
3	32
0	0
9145	3165
25	640
0	0
4	301
96	2308
5	5
0	2
0	0
1	3
3	104
2	17
10	87
0	0
0	153
0	135
0	130
0	128
0	145
0	41
55	41
0	0
0	0
0	0
19	390
1	290
1	150
8	233
0	47
0	48
2	43
10	26
4	105
0	38
447	21
0	21
0	1
2	19
0	12
104	18
0	9
6	1068
0	17
0	857
0	1013
0	95
5	0
0	552
0	0
0	133
5	4
2	200
4	8
0	210
2	209
0	210
1	40
0	178
1	11
0	69
31	220
0	179
0	0
0	0
3	486
0	506
0	458
0	490
2	145
1	2
0	0
41	41
0	0
0	41
577	0
5	6
11	613
2	831
11	1081
5	624
27	233
0	469
2	17
0	17
1	16
6	1522
1317	1522
5	309
30	660
0	659
0	417
0	374
2	248
1	158
1	71
18	0
4	0
1	344
31	35
94	324
12	3
20	141
0	348
0	268
6	329
0	35
5	263
2	16
0	0
4	12
0	1473
0	1409
3	1293
0	1386
0	1383
4	1407
1	934
2	198
46	178
6	137
1	4443
17	4112
18	4070
5	495
2	988
2	27
1	18
1	20
2	108
0	81
0	81
0	66
0	81
0	66
61	0
3	0
0	19
3	19
0	1
0	0
54	9250
15	4700
4	8617
0	8630
0	8617
5	4556
0	4528
5	2279
5	2317
0	1008
0	432
61	1856
20	1781
3	274
4	31
6	28
65	323
1	0
518	1505
764	1505
0	267
771	661
0	31
3	0
3	630
3	279
0	31
0	0
7	264
4	568
2	1644
17	1978
0	472
4	525
4	764
7	329
523	597
0	0
9	71
17	130
1	114
0	167
8	0
3	0
9	0
1	0
0	0
1	0
33	0
0	0
420	284
4	69
0	0
16	0
24	215
31	132
0	0
0	451
0	591
1	160
7	312
3	0
0	6
2873	627
0	618
6	1
3	44
141	74
0	0
0	62
0	0
3	1
0	0
0	0
0	0
0	0
0	0
0	0
0	0
0	0
0	0
0	0
0	0
0	0
0	0
0	0
0	0
0	0
0	0
0	0
0	0
0	0
0	0
0	0
0	0
0	0
0	0
0	0
0	0
0	0
0	0
0	0
0	0
0	0
0	0
0	0
0	0
0	0
0	0
0	0
0	0
0	0
0	0
0	0
0	0
0	0
0	0
0	0
0	0
0	0
0	0
0	0
0	1
0	1
0	0
0	0
0	0
0	0
0	0
0	0
0	0
0	0
0	0
0	0
0	0
0	0
0	0
0	0
0	0
0	0
0	0
0	0
0	0
0	0
0	0
0	0
0	0
0	0
0	0
0	0
0	0
0	0
0	0
0	0
0	0
0	0
0	0
0	0
0	0
0	0
0	0
0	0
0	0
0	0
0	0
0	0
0	0
0	0
0	0
0	0
0	0
0	0
0	0
0	0
0	0
0	0
0	0
0	0
0	0
0	0
0	0
0	0
0	0
0	0
0	0
0	0
0	0
0	0
0	0
0	0
0	0
0	0
0	0
0	0
0	0
0	0
0	0
0	0
0	0
0	0
0	0
0	0
0	0
0	0
0	0
0	1
0	0
0	0
0	0
0	0
0	0
0	0
0	0
0	0
0	0
0	0
0	0
0	0
0	0
0	0
0	0
0	0
0	0
0	0
0	0
263	4954
0	1
0	1
0	1
0	1
0	1
0	0
0	0
0	0
0	0
0	0
0	0
0	0
0	0
0	0
0	0
0	0
0	0
0	0
0	0
0	0
0	0
0	0
0	0
0	0
0	0
0	0
0	0
0	0
0	0
0	0
0	0
0	0
0	0
0	0
0	0
0	0
0	0
0	0
0	0
0	0
0	0
0	0
0	0
0	0
0	0
0	3
0	0
0	0
0	0
0	0
0	0
0	0
0	0
0	0
0	0
0	0
0	0
0	0
0	0
0	0
0	0
0	0
0	0
0	0
11	2387
0	469
0	0
0	0
0	1
0	1
0	0
0	1
0	1
0	0
0	0
0	0
1	0
0	0
0	0
0	0
0	0
0	0
0	1
0	1260
23	1364
2	154
0	1312
12	3
3	69
1	69
34	0
0	0
4	59
36	17
4	63
3	77
0	16
2	53
236	71
0	15
11	38
4	30
109	535
0	513
0	430
0	80
23	6
0	3
0	0
59	212
2	211
0	206
1	109
4	109
0	87
53	250
0	3
0	247
1	0
0	0
6	202
0	154
0	43
0	44
3	10
0	23
9	43
0	32
1	12
0	109
2	111
1	3
10	11
0	3
2	6
0	0
0	0
0	0
0	0
0	0
0	0
100	1277
9	1207
0	160
10	122
62	371
9	261
134	625
3	101
0	151
2	174
0	48
11	223
0	0
0	0
0	0
0	0
0	0
0	0
13	749
1	37
5	326
6	92
0	589
15	675
268	51
0	51
7	76
17	84
0	17
0	100
0	0
0	0
1535	0
2	0
0	830
0	834
2	71
0	25
10	11
0	125
5	123
3	97
4	52
0	80
0	132
3	125
0	97
8	0
4830	2
9	185
0	185
0	51
0	2
0	0
24	0
0	0
0	0
0	0
0	0
0	0
0	0
0	0
0	0
0	100
0	0
0	7
0	0
0	0
7990	1218
2	1110
506	638
17	570
2	609
5	86
0	2
0	2
0	0
0	2
0	0
6	671
0	0
0	0
0	0
82	13001
108	9271
303	77
48	9474
26	7475
25	11152
0	6539
6	7625
10	5810
13	182
27	0
8	1495
0	1562
2	1406
0	1472
4	0
10	0
57	69
4	260
32	1278
0	87
0	1553
0	318
4	100
23	327
0	555
18	86
1	20
1	63
1	219
0	0
0	0
263	1360
1	804
0	772
14	1231
16	605
0	0
8	405
0	45
0	46
0	44
0	0
0	19
0	3
0	166
0	172
0	171
1	17
0	5
2	2
0	3
0	0
1	3
38	464
13	461
0	70
0	70
0	22
0	20
0	22
0	19
0	16
0	19
0	0
0	0
2	0
0	0
0	0
450	935
0	967
1	929
55	93
0	0
0	0
339	0
128	1385
0	1385
0	171
17	171
16	186
933	197
7	197
409	1630
14	55
0	2
0	0
25	1630
0	1656
0	1077
0	43
16	147
2	1221
2	18
0	55
2	38
0	36
0	112
8	1003
0	1216
18	1491
4	619
10	630
23	133
0	20
2	0
0	0
0	0
0	1
0	1
683	1022
0	1022
0	0
0	0
131	2
1	0
34	285
1	285
10	282
0	282
0	51
1	19
0	0
0	0
20	2
0	0
4	3
0	3
4	2
0	0
1	0
5807	42208
0	33120
0	12288
373	20366
0	9017
0	12687
12	10865
0	6025
91	14787
1	4316
0	13615
0	10513
0	10482
0	4364
0	212
0	0
0	0
0	0
0	0
0	6
0	6
19	512
10	94
5	605
34	32
1	55
0	13
0	11
14	59
0	59
11	56
0	279
904	279
55	527
7	393
11	182
85	248
2	57
1	79
1	3
0	0
0	3
0	3
0	3
0	1
9	65
0	23
0	6
0	49
288	69
3	0
30	4
0	73
1	38
243	175
0	64
6	148
7	104
9	80
0	27
0	27
0	4
2	4
217	4535
40	4303
3	1415
59	7
43	3
262	2887
0	2909
1	330
2	190
7	1366
6	224
2	137
0	231
0	0
40	623
5	623
18	229
0	99
0	0
3	0
2	145
0	0
0	0
0	0
0	0
0	0
12	47
0	47
1	8
0	0
0	0
0	0
0	0
0	0
2	21
0	0
0	0
0	0
3	1
0	0
0	0
0	0
0	0
0	0
0	0
0	0
0	0
0	0
0	0
0	0
0	0
0	0
0	0
0	0
0	0
0	0
0	0
0	0
0	0
0	0
0	0
0	0
0	0
0	0
0	0
0	0
0	0
0	0
0	0
0	0
0	0
0	0
0	0
0	0
0	0
0	0
0	0
0	0
0	0
0	0
0	0
0	0
0	0
0	0
0	0
0	0
0	0
0	0
0	0
0	0
0	0
0	0
0	0
0	0
0	0
0	0
0	0
0	0
0	0
0	0
0	0
54	24
1	16
0	10
0	0
0	0
0	0
0	0
436	1311
3	7
4	1304
1	42
3	491
0	278
7	405
2	373
3	272
8	78
5	17
0	14
0	24
0	0
1	43
2	25
0	43
0	2
0	212
0	806
38	792
76	796
0	584
0	96
38	45
0	51
145	31
1	17
0	27
0	0
536	512
1	105
5	15
16	393
26	532
1	532
1	455
2	59
29	5
0	0
0	281
1	61
1	7
0	37
13	240
2	6
60	249
0	251
0	0
5	4259
1	4395
0	4344
4	4075
0	154
0	155
0	389
1	177
2	3272
9	909
2	799
8	775
0	385
6	38
6	98
5	46
3	35
0	250
0	211
0	127
5	67
0	22
0	22
0	22
1	44
0	45
0	0
0	1
0	0
23	833
5	536
1	223
28	10
1	679
0	88
18	1718
341	0
1206	76
5	76
0	98
0	105
6	105
0	105
5	0
0	103
0	105
1	7
3	7
16	1222
0	1205
0	172
2	250
0	109
4	226
0	69
1	9
59	161
0	33
3	0
0	163
0	141
5	22
2	44
2	18
89	2617
1	2379
0	280
13	558
1	18
2	119
2	25
2	2529
0	2557
1	741
0	229
0	1127
13	402
8	280
0	0
1	4
2	4
2	0
22	432
0	432
3	24
6	32
27	321
0	0
40	34
0	1
0	6
0	34
278	457
14	34
1	37
0	74
0	457
1	13
0	13
0	373
2	0
0	0
681	121
0	119
171	249
0	243
1	312
41	312
0	228
2	41
0	0
332	69
3	13
6	8
15	16
9	20
0	6
0	0
2	27
122	47
198	377
0	375
70	50
1	5
173	166
0	17
0	149
61	3322
20	1261
9	3009
4	2442
0	755
0	884
1	0
2	161423
3590	161451
146	26998
10	82818
8	18992
1	16415
0	0
1	1128
0	1
0	1
0	1128
40	0
678	375
30	0
0	14
0	15
8	106
9	271
0	305
9	251
0	275
0	0
0	0
89	0
84	0
0	0
0	0
5	0
0	0
0	0
466	519
1	161
0	266
2	83
0	87
0	5
16	2646
1	2278
37	2732
0	0
14	2725
0	49
0	247
34	181
6	268
25	889
0	650
1	636
0	0
2	493
6	272
6	438
2	524
35	530
3	356
5	22
0	63
0	60
0	11
51	823
73	823
1	0
391	0
65	1141
3	65
3	1065
1	127
1	53
1	72
8	42
7	313
4	41
0	202
0	985
0	977
23	65
0	628
0	1
75	233
2	127
9	230
0	134
18	131
0	4
0	18
0	18
0	17
13	17
0	0
0	0
0	0
0	0
0	0
0	0
0	0
2137	0
0	9
0	9
224	2246
0	2232
0	0
14	9
8	5
0	1
0	2
0	2
0	0
0	0
0	0
0	1
0	0
0	0
1	9
0	1
0	8
0	8
0	0
0	23
1	23
2	8
4	21
0	6
9	275
9	718
99	717
0	218
3	43
254	43
4	26
0	0
12	439
42	439
0	153
34	750
30	756
0	661
10	673
16	7
1	21
2	74
0	84
2	21
0	252
0	147
5	147
5	0
0	35
0	87
0	17
5	6494
8	2291
0	6281
1	0
0	1232
0	6494
158	6061
0	2397
10	5691
14	817
37	190
25	1096
191	42
9	1571
6	928
356	2507
2	534
1	383
0	1229
3	765
8	728
5	53590
8927	60319
64	127
92	18508
4	18315
384	32856
52	16299
6	0
1	6
10	6
0	1
2	2
0	0
0	0
0	2
2344	14886
0	12042
0	14105
4	5491
5	794
23	330
0	607
1	4448
1	1863
4	1937
1	1137
127	0
39	3270
0	1928
8	1472
3	552
18	2082
14	679
2	67
4	88
0	79
0	25
0	36
0	36
0	36
0	1
0	0
0	0
0	0
0	2
0	0
0	0
0	0
0	0
0	0
0	28
0	26
0	19
0	21
0	26
0	27
0	25
0	30
0	31
0	33
8	24
0	14
0	26
0	0
0	1
14	846
4	603
36	763
210	744
0	796
0	314
2	428
0	90
0	95
0	7
3	7
87	6
0	14
17	10
0	0
0	12
0	1
0	4
0	12
0	12
16	3630
0	4476
0	4476
0	4476
16	794
9	76
11	533
0	7
0	4
0	5
0	4
0	3
0	0
0	4
1	4
0	0
0	3
0	2
1	1
0	1
0	1
1	0
1817	294
0	294
52	491
15	491
27	358
7	336
0	497
1573	2001
43	2001
2	4910
507	5326
111	4920
178	9
1	155
231	155
0	24
0	27
0	11
0	14
0	21
0	23
0	2
0	2
0	4
0	3
1	6
0	0
2	565
0	458
2	1939
0	1939
0	352
0	48
0	321
56	90
0	59
6	25
1	1
4	83
8	1081
11	167
16	115
1	80
16	1
0	1
1	0
0	0
0	0
0	0
0	0
0	0
0	0
0	1
0	1
0	1
0	0
0	1
0	1
0	0
0	0
0	0
0	0
1	0
1070	3
0	0
3	79
12	28
0	75
0	0
21	714
35	721
5	7
1	8
4	109
14	109
0	0
0	0
0	0
3	132
13	0
19	135
5	148
4	8
28	341
1	329
8	338
0	341
0	282
0	5
0	0
4	72
3	72
0	0
6	18
0	25
99	144
0	143
0	8
7	0
1	6
2	5
1	8
5	3
1	5
0	2
1	95
18	804
0	98
6	37
676	796
0	409
0	393
13	95
0	95
0	52
4	64
1	105
4	69
3	102
0	81
0	25
0	20
0	32
60	7
0	7
0	0
0	65
61	2488
0	49
2	275
9	231
3	2429
22	28
0	0
55	7
0	0
0	7
0	0
1148	272
0	272
12	0
191	54
0	54
141	316
5	316
13	7482
24	8053
0	8053
0	7129
2	2628
56	3226
0	2319
17	13
0	0
0	0
0	0
775	874
3	463
0	851
81	373
4	108
0	262
8	315
4	196
1	84
0	246
3	62
0	0
4	125
0	240
0	240
0	11
1	1
6	24
2	0
0	5
0	2
0	2
2	0
2	3
0	11
0	2
58	45
0	3
0	28
0	8
11	451
0	256
7	184
1	415
0	73
7	24
3	22
1	166
0	122
4	29
0	3
3	129
0	43
2	109
1	33
0	49
0	63
0	53
2	71
1	15
4	41
0	18
1	25
0	3
0	0
0	1
0	19
6	21
0	3
486	0
17	0
0	0
0	0
149	0
0	0
23	323
0	323
0	159
0	12
6	12
1	0
1	87
0	87
4	87
0	9
0	0
2	394
0	368
0	31
1	48
0	70
0	4
0	4
0	0
0	0
0	0
0	0
0	0
0	0
0	0
0	0
5	471
0	6
0	0
0	0
0	0
0	0
0	0
0	0
0	0
0	0
0	0
0	0
0	47
0	47
0	48
2	44
0	6
0	2
1	5
2	2
2	44
0	44
0	29
0	0
14	13
1	5
12	0
6	93
1	93
0	0
25	90
0	10
0	142
1	45
3	118
2	74
0	43
7	1100
197	1106
1	349
0	115
0	451
13	41
5	28
4	283
1	227
0	39
0	469
0	337
0	116
1	351
0	119
0	107
0	93
0	97
2	114
1	29
0	299
0	197
16	601
0	95
0	213
5	2
0	420
1	503
0	574
0	143
1	237
0	145
0	136
0	143
0	64
0	5
0	142
0	84
0	192
0	43
0	92
0	164
0	67
0	0
0	210
0	69
0	70
28	1588
0	1561
0	1276
8	65
14	0
0	81
2	59
2	35
0	0
5	5
0	5
0	0
30	0
916	5697
3	1275
0	2917
1	2791
0	0
85	1422
3	1605
3	1810
1	451
4	300
4	341
3	13
0	53
1	147
17	64
0	0
0	0
0	5
1	5
0	5
0	3
0	0
0	15
1	38
0	35
0	5
0	8
2	699
5	1267
4	1158
0	603
1	1297
14	1639
1	1185
34	8
0	0
0	0
0	0
2	8
2	3
4	0
0	19
2	34
0	9
0	19
4	10
0	55
0	53
0	52
0	52
0	19
17	36
0	1
0	0
0	1
0	0
0	0
0	1
0	0
0	0
0	0
51	199
0	207
0	92
0	35
6	24
0	22
11	15
0	15
7	0
0	57
0	54
0	57
0	57
0	57
0	48
0	47
0	29
0	3
0	0
0	3
0	4
0	1
0	1
0	0
0	0
0	1
0	0
0	3
0	3
0	2
0	1
0	0
0	0
0	0
0	0
0	0
0	6
0	6
0	2
0	63
12	0
5	1075
0	946
0	341
0	536
1	516
0	447
4	288
0	486
0	374
0	50
0	0
1	36
13	0
72	0
265	5865
4	6139
226	6058
0	5930
0	2130
21	39
11	133
5	94
6	59
12	337
7	357
0	236
9	106
1	259
31	256
1	337
0	337
1	273
7	280
1	45
0	19
0	55
0	0
4	0
0	3
2	3
0	129
0	21
1	17
0	129
14	142
0	76
0	131
0	62
7	50
2	128
0	130
0	66
0	83
0	53
1	22
6	5
0	0
197	16
0	3
1	14
1	1
222	2271
3	1607
5	459
2	776
0	1015
10	1610
11	235
1	363
4	167
0	0
14	3
0	223
1	204
0	229
14	232
0	52
1	27
0	27
4	50
1	61
4	0
0	0
5	195
29	195
1	97
0	236
0	1105
0	1066
0	840
3	901
22	880
17	12
0	154
0	45
1	123
2	139
0	197
1	172
4	113
3	0
0	0
0	0
0	0
13	0
0	0
0	0
0	0
0	0
0	0
0	0
51	0
5	0
0	0
0	0
0	0
0	0
0	0
0	0
0	0
0	0
0	0
0	0
0	0
38	6
0	1
9	5
0	0
0	0
0	0
0	0
0	0
0	0
0	0
0	0
0	0
0	0
0	0
0	0
0	0
0	0
0	4
0	0
0	0
0	0
0	0
0	0
0	0
0	1
0	0
0	2
0	0
0	0
0	0
0	0
0	5
0	0
0	0
0	0
0	0
0	0
0	0
0	0
0	0
0	0
0	0
0	0
0	0
0	0
0	0
0	0
0	0
0	234
0	177
0	0
0	0
0	0
0	0
0	0
0	0
0	0
0	0
0	0
0	0
8	184
0	234
0	177
0	0
0	0
0	0
0	0
0	0
0	0
0	0
4	1
0	0
0	2
0	0
0	0
67	5
0	4
0	0
0	0
0	0
0	0
0	0
0	0
0	0
0	0
0	0
0	0
0	0
0	0
0	0
0	0
0	0
0	0
0	0
0	0
0	0
0	0
0	0
0	0
0	0
0	0
0	0
0	0
0	0
0	0
0	0
0	0
0	0
0	5
0	0
0	0
0	0
0	0
0	0
0	0
0	0
0	0
398	158
0	82
6	56
7	129
1783	2845
29	1044
4	563
16	153
9	303
0	626
15	397
2	443
0	239
21	0
0	2
0	0
140	268
1	268
7	8
2	56
1022	8150
146	4464
0	3049
0	2975
0	1706
0	1658
3	1316
0	866
52	3594
2	522
1	689
0	0
38	0
2	0
8	1802
0	1692
0	1187
1	132
11	85
17	0
1	0
14	16
18	331
6	101
4	91
0	0
137	1943
0	1020
0	1089
5	253
15	229
11	418
5	214
41	0
0	0
111	11
3	0
27	0
0	0
0	0
0	0
0	0
1	0
0	157
2	154
0	152
0	37
0	8
0	0
2	0
0	0
0	0
0	0
0	33
0	45
0	30
0	29
1	17
0	0
0	13
510	1157
0	0
0	75
53	359
0	6
1	731
7	319
2959	1211
12	1201
3	693
5	14
7	0
31	0
0	0
0	0
0	0
2	0
0	0
20	0
0	994
153	994
0	0
0	0
2	0
0	0
0	0
0	0
2	0
1	159
8	271
0	270
0	0
0	0
61	617
0	616
0	0
2	551
5	0
0	88
1059	5032
1	5032
9	236
53	13
23	202
2	186
0	81
8	387
4	400
29	80
0	18
0	54
2	20
0	59
0	42
0	14
4	75
0	76
0	0
0	65
0	72
0	6
1	66
1	65
0	11
1	27
1	27
0	20
0	24
1	3
0	0
0	8
1083	1195
8	1000
1	348
39	0
15	0
0	1455
2	59
29	385
1	859
0	186
1	1338
2	131
5	30
0	123
6	67
115	880
2	728
4	355
2	506
8	56
0	140
6	73
220	92
0	22
1	9
3	2
2	32
3	3
0	7
0	13
0	20
1	3
694	933
4	818
3	160
0	0
1	75
14	7
52	2
0	0
0	0
0	0
0	0
1	289
4	0
0	0
0	0
0	0
5	0
198	0
0	0
25	0
63	0
32	0
26	0
0	0
0	0
0	0
0	0
0	0
16	49
0	0
5	0
32	16
0	120
4	120
0	120
3	118
0	0
0	19
0	17
4	0
0	0
0	0
0	0
0	0
0	0
87	1383
0	1141
0	1137
1	81
0	822
0	135
0	98
0	0
0	0
318	147
0	30
0	25
0	108
2	11
0	0
0	0
0	0
4	457
0	7
0	429
11	461
0	14
0	80
0	134
295	0
449	368
0	268
0	251
3	234
0	90
4	31
0	0
0	0
0	0
0	0
0	0
0	0
0	0
0	0
0	0
0	0
0	0
0	0
0	0
0	0
0	0
0	0
0	0
0	0
0	0
0	0
0	0
0	0
0	0
0	0
0	0
0	0
0	0
0	0
0	0
0	0
0	0
0	0
0	0
0	0
0	0
0	0
0	0
0	0
0	0
0	0
0	0
0	0
0	0
9	87
0	87
15	0
254	0
0	0
2	1
16	14
1268	41
1	29
0	0
9	45
0	0
0	0
0	0
0	0
0	0
0	0
0	0
0	0
0	0
0	0
0	0
0	0
0	0
1	0
0	0
0	0
0	0
0	0
0	0
0	0
0	0
0	0
0	0
0	0
0	0
0	0
0	0
0	0
3	58
0	0
0	0
0	0
0	0
0	0
0	0
0	0
0	0
0	0
0	0
0	0
0	0
0	0
0	0
0	0
0	0
0	0
0	0
0	0
0	0
0	0
0	0
0	0
0	0
0	0
0	0
0	0
0	0
0	0
0	0
0	0
0	0
0	0
0	0
0	0
0	0
0	0
0	8
0	0
0	0
0	0
0	0
0	0
0	0
0	0
0	0
0	0
0	0
0	0
2	586
3	321
62	356
17	0
5	0
0	15
0	16
0	16
1	7
3	1
401	47
17	0
100	3
2	3
27	3
0	0
0	0
0	0
0	0
0	0
0	0
2	32
560	96
0	0
1	56
4	0
2	41
2	5
6	404
2	36
0	136
4	402
34	402
0	345
0	3
0	0
0	0
0	0
0	0
0	0
0	0
0	0
0	0
0	0
0	0
0	0
0	0
0	0
0	0
0	0
0	0
0	0
0	0
0	0
0	109
0	0
0	0
0	17
2	186
0	0
0	0
0	1
0	0
0	0
0	0
0	0
0	0
0	0
0	0
0	0
0	0
0	0
423	99
0	38
7	44
8	29
0	6
0	0
0	0
3	0
0	0
19	0
0	0
184	114
0	108
3	108
191	27
33	0
0	2
0	0
0	0
0	0
0	0
0	0
0	0
0	0
0	0
0	0
0	0
0	0
12	65
0	0
0	0
0	0
0	0
0	0
0	0
0	0
0	0
0	0
0	0
0	0
0	0
0	0
0	0
0	0
0	0
7	64
6	1071
1	1079
0	1059
1	117
2	58
0	40
0	0
0	14
1	14
0	0
0	14
0	10
0	7
0	0
0	0
0	11
1	13
0	14
0	11
0	3
0	2
0	0
0	0
0	0
0	10
0	5
0	7
0	0
0	0
126	1264
0	505
2	795
0	704
0	557
0	757
3	0
0	189
0	212
1	181
0	0
7	19
0	19
0	0
0	7
0	6
21	4
0	4
0	0
0	0
0	1
0	1
0	0
0	0
0	0
0	0
2	0
0	0
0	0
0	0
143	86
0	84
0	71
0	30
12	29
4	2
0	0
32	106
0	106
564	80
0	52
2	28
0	1
0	0
0	1
0	1
133	0
24	6
0	6
0	0
381	0
0	0
0	0
0	0
0	1
0	0
0	1
0	0
0	0
0	0
0	0
0	0
0	0
0	0
0	0
0	0
0	0
3	0
0	0
0	0
0	8
0	5
0	3
0	0
0	2
0	2
0	1
0	2
0	0
0	0
0	0
0	0
0	0
0	0
1	0
43	25
1	25
0	0
0	0
1	0
0	0
0	0
0	0
1	0
0	0
0	0
0	0
0	0
2	27
0	0
0	0
0	0
0	0
0	0
0	0
0	0
0	4
0	0
0	0
0	0
0	0
0	0
1	4
0	0
0	0
0	0
0	0
0	0
0	0
0	0
1	4
0	0
5	2
0	0
1	4
0	0
2	274
0	4
0	4
4613	12143
7	9333
0	12116
0	9
0	9
0	9
0	9
0	9
0	0
0	0
0	0
0	0
0	0
8	970
0	1
1	245
10	993
2	202
1	32
0	382
0	271
1	1273
5	998
0	1280
3	1208
0	172
0	207
0	93
0	38
0	23
1	132
147	1191
0	1
0	300
12	944
1	0
0	248
0	0
0	2
0	0
0	0
0	0
0	0
0	0
0	0
0	0
0	0
1	0
62	0
5	48
0	47
1	45
0	0
0	2
0	2
0	0
0	2
0	2
0	1
0	0
0	0
0	0
0	13
0	0
0	13
0	0
0	0
0	11
1	0
0	8
35	8
0	8
0	0
0	0
0	0
0	0
0	0
0	0
0	0
3	368
43	118
0	224
3	384
2	261
0	140
0	66
0	411
0	74
1	295
0	63
0	132
3	30
5	247
0	217
2	59
0	317
0	15
2	124
0	0
0	0
0	0
0	1718
0	1718
47	1566
24	14
5	701
0	444
17	53
0	9
0	5
0	3
3	7
0	5
1	5
0	8
0	2
0	0
0	1
15	0
1	1
0	0
29	10
0	10
0	9
1	974
1	124
0	858
5	220
1	862
0	51
9	123
0	57
0	0
1	70
0	0
0	1053
0	1184
0	1170
5	726
19	1077
0	1037
27	883
15	163
18	413
0	189
0	153
0	192
0	131
2	65
0	3
11	75
22	0
0	74
10	27
1	16
0	0
2	3
0	0
0	11
0	6
0	6
0	6
0	17
0	17
0	0
0	2
0	0
0	11438
409	11436
0	7278
1	2456
0	10675
3	11238
0	466
0	0
0	0
253	418
11	0
6	0
0	0
0	0
0	0
5	70
0	77
0	74
0	72
1	59
2	4
0	6
144	573
0	120
0	77
1	492
0	243
0	123
11	27
0	87
0	85
55	57
0	1
0	2
9	418
7	365
0	71
0	1413
53	1413
1	225
1	1391
0	1
0	20
0	28
88	812
0	21
6	5
0	2
0	1
0	760
2	738
8	668
2	107
1	51
3	100
4	141
0	51
3	15
4	42
0	12
5	1183
0	1188
0	100
12	1058
5	170
0	540
0	0
9	367
7	1182
0	42
1	102
1	0
0	346
16	824
1	1
44	886
17	676
0	347
2	228
0	713
0	669
0	738
0	676
0	223
6	20
6	48
0	151
0	119
1	89
0	55
4	596
40	675
48	1271
0	333
0	159
0	1
0	161
0	676
0	171
5	110
0	396
1	386
1	136
0	26
328	1089
3	1162
16	1080
5	919
12	81
1	162
16	220
4	143
1	684
3	29
2	303
0	69
0	70
43	150
15	0
0	256
0	156
4	202
0	121
24	228
1	34
2	196
0	70
0	59
0	140
0	170
0	72
0	20
0	48
16	78
0	2428
0	2430
0	2347
0	2460
6	99
5	303
3	461
3	371
2	115
0	89
2	3
0	0
0	1
0	1
0	0
6	90
2	147
9	148
0	8
8	34
0	18
0	0
0	16
0	0
39	957
16	518
16	845
0	186
0	752
0	505
3	97
0	244
11	318
0	378
0	151
0	206
3	294
15	165
9	34
6	34
0	34
1	29
21	225
15	265
2	88
2	119
0	62
6	26
22	1584
0	1484
0	1385
37	94
0	1470
0	1366
40	343
0	430
0	375
26	312
0	319
1	179
47	322
7	1449
17	1424
32	155
8	64
0	0
22	35
0	2
364	70
0	70
0	28
346	106
2	106
24	477
0	471
1	120
0	251
0	126
2	240
0	143
0	54
13	127
46	170
0	50
9	376
264	484
4	271
4	110
3	56
1	182
0	146
0	220
2	104
1	123
22	739
24	746
2	288
2	192
0	83
0	379
0	376
2	129
0	61
0	0
15	1418
19	1245
3	920
10	374
0	0
2	216
0	0
2	0
2734	11084
33	4836
36	7229
14	3113
0	0
630	25334
62	1122
8	18632
29	5760
62	16766
14	17470
0	21018
0	12918
0	13085
0	5195
9	7841
0	8559
3	2611
53	13144
1	5313
0	7975
3	0
0	410
0	0
22	5947
5	416
0	4
0	0
5	0
39	5
0	2
5	3
0	3
7	60
2	39
13	57
2	63
4	40
0	6
3	20
0	0
0	23
2	5
1	1731
0	1821
0	170
6	1555
0	248
8	58
0	153
0	276
3	154
0	3
26	90
13	157
51	821
0	171
67	821
2	133
0	252
2	820
25	10
0	147
2	95
2	1
0	1
1	0
0	1
0	1
0	0
0	0
0	0
0	0
0	0
0	0
0	0
1	39
0	22
0	23
0	10
4	1064
0	194
0	109
3	280
0	178
61	1037
1	100
3	181
0	914
0	167
0	95
0	95
3	5
0	3
0	0
0	85
0	154
0	43
17	46
1	40
0	15
0	10
0	32
0	2
1	21
3	3
0	0
0	0
0	0
0	0
0	0
0	0
0	0
0	0
0	0
0	0
19	2183
142	2394
0	359
0	2276
7	281
3	208
121	434
102	239
33	245
56	3
2	0
1	0
0	186
0	200
0	161
0	201
1	168
3	166
1	125
1	0
0	2
0	2
0	7
0	7
0	6
0	0
0	0
0	0
0	0
138	2591
2	224
118	3470
3	3162
40	232
3	725
1	199
66	847
7	774
29	162
1	531
0	835
25	340
20	607
0	16
0	0
119	13
8	450
4	0
24	2
1	2
0	0
0	0
0	0
0	0
0	0
24	1764
11	146
0	8
34	1748
2	105
0	615
0	337
1	705
249	459
0	455
0	28
0	47
3	84
9	16
890	25408
9	11100
1	14770
10	22205
36	12498
0	34
3	5153
9	6
16	603
79	751
99	551
2	216
0	10
2	164
0	65
142	24
0	2
0	0
3	2
0	15
0	15
0	15
864	8100
15	7546
0	2800
13	2308
4	220
3	2157
8	1163
4	805
0	715
66	252
0	0
0	15
0	15
0	0
0	15
0	0
1	13
0	0
0	45
37	456
10	455
0	45
0	82
3	66
0	2
1	82
0	50
3	1
1	26
0	16
0	0
3	22
0	4
0	0
0	4
0	0
0	0
0	1
0	1
5	12
0	25
0	19
0	18
0	12
2	10
2	8
0	0
3	506
0	8
18	181
0	441
0	6
1	476
0	476
2	2
0	75
2	80
1	215
0	0
1	0
0	0
37	9
0	9
3	1
3	10
222	9
1	0
0	0
94	0
0	1
0	27
0	18
9	23
0	24
0	7
6810	609
285	465
13	13
167	22
1	9
17	120
3	7
1	8
0	7
18	11
2	5
0	7
0	5
0	0
38	101
0	92
0	98
10	71
0	45
97	992
11	992
132	971
0	37
39	14639
0	14639
0	9655
2	8378
49	13303
5	3793
0	5089
18	5455
1	596
174	2196
9	6537
337	4834
186	2860
1	0
0	1974
43	308
0	306
0	269
0	58
0	41
23	0
4	2
2	0
1	0
0	32
0	4
0	32
0	29
0	32
1	4
2	3
0	2
0	1
0	1691
0	1623
0	558
0	1494
0	1447
77	1341
103	325
0	478
0	193
0	0
3	0
0	0
1	933
0	933
0	781
0	209
2	1
0	1
2	61
0	61
0	0
0	0
4	2860
10	2103
7	499
5	1468
0	0
0	1005
0	1
1	3
0	3
5	354
2	72
0	330
18	25
5	69
7	350
0	42
0	65
0	0
0	123
67	353
7	352
0	347
2	132
0	104
0	0
7	16
0	53
4	8
1	28
0	35
0	35
4	22
0	3
0	2
0	0
0	0
73	4
0	2
1	0
2783	418
2	102
5	144
1	34
3	138
0	0
0	0
9	3
0	2
0	2
0	3
0	28
0	2
0	4
1	7
5	50
0	0
0	0
0	5
0	20
0	7
104	2559
0	2165
12	2180
1	1706
0	1914
2	2039
6	7
1	13
0	0
0	408
0	0
0	0
0	0
0	0
0	0
0	0
1	0
17	5
1	3
0	0
5	204
7	207
0	37
0	0
9	18
1	0
0	0
2	39
1	40
0	39
97	181
6	189
0	98
0	110
0	5
0	23
0	9
0	49
21	0
97	374
1	312
2	269
1	289
1	237
116	261
0	246
4	15
0	0
0	0
224	3023
3495	3020
3	7
0	5
0	7
0	9
2	1423
0	1398
6	1479
10	1360
6	1418
88	1235
1	192
1	114
0	406
1	147
4	23
7	74
21	0
7	158
0	39
11	106
483	1469
13	257
0	1439
0	894
5	409
3	10
0	1
0	10091
0	27189
19	23568
25	1237
0	894
0	17405
0	2810
0	10096
0	4002
9	1053
5	25536
0	25536
0	6221
18	6639
11	4926
0	0
0	0
0	0
0	0
0	0
277	1708
0	309
4	659
0	601
11	584
1	588
4	208
27	138
0	235
0	0
103	1017
4	1016
20	0
0	55
15	75
0	142
1	51
0	0
0	0
0	0
0	0
0	0
0	0
0	0
0	0
0	0
2087	14
27	14
2	5
4	5
1	5
0	0
149	42
0	42
0	0
0	11
0	11
0	11
0	2
0	1
0	1
0	0
0	0
0	0
0	0
0	0
0	0
0	0
0	0
0	0
0	0
0	2
0	2
0	0
0	0
0	0
0	0
0	0
0	4
0	5
0	4
0	0
0	0
0	0
0	0
0	0
0	0
0	0
0	0
0	0
0	0
0	0
0	0
0	0
0	0
0	0
0	0
0	0
0	0
1	0
0	0
0	0
0	0
0	0
0	0
0	0
0	0
0	0
0	0
0	0
0	0
0	0
0	0
0	0
0	0
3	0
0	0
0	0
1	0
0	0
5	0
0	0
0	0
0	0
2	0
1	0
1814	4562
0	4162
34	580
246	0
0	0
0	0
0	0
0	0
4	439
10	404
0	46
0	4
0	0
0	0
1	9
23	37
3	9
0	0
0	0
0	0
0	0
0	0
1	1
0	1662
0	0
0	0
0	0
0	0
0	0
0	129
0	1928
0	1898
29	670
69	86
15	111
32	2
1	17
28	0
23	443
23	388
47	0
5	164
111	0
20	10
44	0
17	9
0	0
26	82
2	537
11	522
11	86
530	536
0	35
0	479
2	35
0	116
0	149
60	87
6	137
63	0
4	37
1	15
0	36
0	14
0	14
6	44
1	24
0	42
0	8
0	0
0	0
0	0
1	0
0	0
0	0
0	0
0	0
0	0
0	0
0	0
0	0
0	0
1	14
54	53
0	48
3	39
2	1
0	1
0	0
0	0
0	0
0	0
97	6795
0	0
0	0
0	0
131	0
9	61
12	30
0	0
1	67
1	67
1	24
0	67
0	2
0	0
611	91
0	82
0	9
0	0
0	0
0	0
0	0
0	0
0	0
0	0
0	0
0	0
1	0
0	0
0	0
0	0
0	0
2	46
0	0
0	0
11	0
0	0
0	0
0	0
0	0
0	0
0	0
0	0
0	0
0	0
0	0
0	0
0	1
0	2
0	3
0	9
0	10
0	4
0	3
1	8
4	650
16	541
18	579
0	602
0	8
43	65
4	236
3	24
2	93
0	32
12	1700
294	6205
1	657
49	5852
11	4889
2	6066
0	4190
5	421
101	3343
0	486
0	0
1	293
43	0
13	498
0	2826
19	2799
36	2814
0	2990
1	640
7	177
0	467
0	503
11	440
77	121
0	47
0	4
29	16
71	0
280	0
0	12
0	0
37	6
0	617
6	1
19	1
23	2
61	11342
5	11342
3	2142
32	10821
13	85
0	315
0	0
0	115
0	0
0	0
0	0
0	0
0	0
0	0
0	0
28	3
0	0
0	0
0	0
0	0
0	0
0	0
2	0
1	3
0	0
0	0
0	0
0	0
0	0
0	45
0	0
0	32
0	45
0	0
0	2
0	0
0	0
0	0
4	223
0	0
0	0
0	0
0	0
0	0
0	0
0	117
2502	117
13	0
46	0
0	8
0	0
0	0
0	0
0	0
0	0
0	0
0	0
2	0
67	2
36	2569
0	4340
5	211
1	259
1863	4367
42	2167
1	302
6	46
0	853
2	311
1	136
24	32
0	0
0	0
141	0
60	26
1	0
0	326
0	168
9	0
0	1633
3	108
2	0
1	0
51	0
0	0
0	0
0	0
0	0
0	0
0	0
0	0
0	0
0	0
0	0
0	0
0	0
0	0
0	0
0	0
0	0
0	0
0	0
0	0
0	0
0	0
0	0
0	0
0	0
0	0
0	0
0	0
0	0
0	0
0	0
0	0
0	0
0	0
0	0
0	0
0	0
0	0
0	0
0	0
0	0
0	0
0	0
0	0
0	0
0	0
0	0
0	0
0	0
0	0
0	0
0	0
0	0
0	0
0	0
0	0
0	0
0	0
0	0
0	0
0	0
0	0
0	0
0	0
0	0
0	0
0	0
0	0
0	0
0	0
0	0
0	0
0	0
0	0
0	0
0	0
0	0
0	0
0	0
0	0
0	0
0	0
0	0
0	0
0	0
0	0
0	0
0	0
0	0
0	0
0	0
0	0
0	0
0	0
0	0
0	0
0	0
0	0
0	0
0	0
0	0
0	0
0	0
0	0
0	0
0	0
0	0
0	0
0	0
0	0
0	0
0	0
0	0
0	0
0	0
0	0
0	0
0	0
0	0
0	0
0	0
0	0
0	0
0	0
0	0
0	0
0	0
0	0
0	0
0	0
0	0
0	0
0	0
0	0
0	0
0	0
0	0
0	0
0	0
0	0
0	0
0	1
0	0
0	0
3	1
0	0
0	0
2	1
0	0
0	0
0	0
2	1
0	0
0	0
0	0
0	0
0	0
0	0
0	0
0	0
0	0
0	0
0	0
0	0
0	0
0	0
0	0
0	0
0	0
0	0
0	0
0	0
0	0
0	0
0	0
0	0
0	0
0	0
0	0
0	0
0	0
0	0
0	0
0	0
0	0
0	0
0	0
0	0
0	0
0	0
0	0
0	0
0	0
0	0
0	0
0	0
0	0
0	0
0	0
0	0
0	0
0	0
0	0
0	0
0	0
0	0
0	0
0	0
0	0
0	0
0	0
0	0
0	0
0	0
0	0
0	0
0	0
0	0
0	0
0	0
0	0
45	54
0	28
46	54
0	25
1	43
116	0
0	0
0	1
0	0
19	307
0	294
0	29
0	0
4	340
0	0
0	0
0	0
9	12
0	0
0	0
0	0
0	0
0	0
0	0
0	0
0	0
0	0
0	0
0	0
0	0
0	0
0	0
2	0
0	2
0	0
1	0
0	0
0	0
0	0
0	0
0	0
0	0
0	0
0	0
0	0
0	2
0	0
0	0
4	0
1	1
0	0
0	0
2	1
0	1
0	0
0	0
0	0
0	0
0	0
2	0
0	0
0	0
200	0
0	0
24	0
19	0
0	9
0	0
0	0
0	0
0	0
0	0
25	3
0	0
3	3
0	0
3	2
0	0
15	1197
0	0
0	0
0	2
0	0
0	0
0	0
0	0
2930	117
4	103
6	103
0	1
0	1
1	0
42	0
0	0
0	0
4	1
1	1
0	0
0	0
0	11
0	7
0	11
0	4
1	7
0	0
0	10
0	9
0	11
0	2
0	7
0	5
0	1
0	0
0	0
0	0
0	2
0	0
0	2
0	0
0	0
0	0
3	0
0	0
0	0
1	0
0	0
0	0
8	0
59	89
599	507
0	493
2	134
13	0
51	290
4	217
4	212
35	190
586	667
1	238
30	429
1	0
238	276
10	194
38	274
1	48
0	3
0	5
0	0
0	0
0	50
0	10
0	7
0	2
1	142
0	121
0	20
0	6
0	3
793	0
0	0
0	0
0	0
0	0
0	0
967	5691
3	5834
64	5511
3	247
2	251
0	150
5	0
0	0
5	0
0	2
0	0
0	0
0	0
3	206
158	254
2	0
1	56
0	652
63	607
0	649
9	23
0	184
0	451
0	594
4	5
0	145
0	210
1	132
38	104
63	104
1	0
1	178
1	1391
15	1325
0	1227
1	104
7	1
0	18
0	318
1	266
288	860
0	133
0	861
69	423
0	110
0	0
3	17
1	0
8	1484
6	542
9	1272
0	865
0	993
0	0
914	2
0	0
0	0
1	9
0	132
1365	1633
1	887
3	1127
6	9
3	0
45	18
17	150
0	0
0	0
0	0
2449	882
1	195
0	440
111	554
0	556
1	0
0	0
0	0
0	0
0	0
22	1071
37	1119
2	51
70	107
0	15
0	54
0	34
1	308
1	13
21	102
0	324
0	368
0	314
0	298
1	38
0	40
0	57
0	259
0	0
1	0
327	144
0	144
3	185
2	245
0	615
10	568
0	238
1	10
0	5
0	0
1	0
0	73
10	0
0	0
5	0
0	0
0	24
1	369
0	26
0	392
14	369
0	25
0	233
0	381
0	21
305	1731
0	1791
0	405
12	661
0	755
1	764
0	720
0	59
0	202
0	104
126	0
206	0
69	9
82	0
0	0
8	248
0	232
0	111
21	112
0	5
1	5
1	10
0	31
1	58
0	0
0	0
25	63
0	8
0	35
0	0
24	138
8	349
0	379
14	331
2	56
1	56
1	76
0	75
0	292
0	31
2	38
7	98
0	55
1	0
7	0
418	6936
0	4031
38	7045
0	2311
0	3552
4	0
0	0
1	0
11	9
0	9
0	0
0	0
0	0
1781	443
0	351
3	32
17	5
21	8
0	92
0	1
0	1
1	0
0	0
0	11
0	0
0	11
8	0
0	11
0	0
1	0
3	0
0	0
0	0
0	0
0	0
0	0
0	0
0	0
0	0
0	0
0	0
0	0
0	0
0	0
0	0
0	0
0	0
0	0
1929	543
25	543
0	0
0	0
0	0
0	0
0	0
0	0
0	0
0	0
0	0
0	0
0	0
0	0
0	0
0	0
0	0
0	0
0	0
0	0
0	0
0	0
0	0
0	0
0	0
4	0
0	0
1	0
0	0
142	533
4	432
16	189
39	71
1	72
11	0
9	0
5	9
0	0
0	3
16	10
0	1
0	1
0	0
0	0
0	0
0	0
0	0
0	1
0	1
0	0
0	0
0	0
0	1
0	0
0	1
0	1
0	0
0	0
0	0
0	0
0	0
0	0
0	0
0	0
0	0
0	0
0	0
0	0
1	0
0	0
0	0
0	0
0	0
0	0
0	0
0	0
0	0
0	0
0	0
0	0
0	0
0	0
0	0
0	0
1461	281
0	59
0	0
1	8
2	0
71	37
52	179
0	0
0	0
26	153
0	0
15	370
0	0
0	0
0	0
6	0
3	0
4	0
0	0
0	0
1	0
0	0
0	0
37	4
1	4
0	265
11	283
0	24
2	274
26	2
13	0
19	0
749	2265
9	1414
0	153
4	51
0	89
0	113
67	5
4	81
0	61
0	60
0	101
39	0
0	53
17	601
73	24
26	150
3	356
40	0
0	0
216	466
0	289
2	192
272	863
0	276
0	331
243	181
0	64
12	152
1	36
26	69
0	0
0	0
0	0
0	0
0	0
0	0
0	0
0	0
0	0
0	0
3	5
0	5
1610	182
0	0
0	178
7	15
0	0
0	0
0	0
0	0
0	0
0	0
5	1
0	0
0	0
0	1
0	0
0	0
71	250
267	250
9	227
0	19
0	45
0	9
0	0
2	23
0	7
0	0
0	0
0	0
0	0
0	0
0	0
0	0
1	0
0	0
3	84
1	84
0	60
0	10
0	2
0	2
0	19
0	0
0	0
0	0
0	0
0	3
0	0
7	13744
6	13469
7	1078
23	396
34	0
38	0
23	0
0	4013
10	2048
11	908
48	28
0	499
10	275
4	1453
0	421
0	0
0	295
87	11
71	1
0	1836
4	84
34	0
0	0
744	100
4	100
0	0
5	584
0	587
0	364
0	190
0	111
0	24
0	0
0	0
0	1
2	170
0	1
0	1
0	0
0	0
0	0
0	0
0	0
0	0
29	36
0	16
0	19
0	19
0	0
0	2
0	0
13	22
0	7
0	0
0	2
0	14
0	0
0	0
0	0
0	0
0	0
0	1
0	0
0	0
1	0
0	0
0	0
0	0
0	0
475	305
0	305
16	0
22	454
5	103
0	34
1	378
0	144
0	59
0	0
15	0
5	172
248	172
1	0
0	0
0	0
18	968
21	1188
17	916
30	0
4	920
0	138
4	0
0	61
0	95
0	103
3	85
54	166
3	90
1	132
0	64
1	0
0	0
4	0
0	0
3	15
0	8
0	10
0	2
8	2230
4	2646
122	2554
2	925
1	906
2	501
2	234
1	253
2	201
0	35
0	0
0	0
19562	1514
167	1505
117	0
144	0
0	0
0	1
0	1
0	0
0	0
0	0
0	0
0	0
0	0
0	7
1	80
20	402
2	371
2	220
0	0
0	37
0	16
149	2694
0	96
0	81
0	1012
0	2589
3	2447
17	2373
14	265
0	0
0	154
2	241
22	116
26	22
1	238
3	348
2	347
75	280
0	141
16	0
0	0
0	0
0	0
0	0
0	0
0	0
0	0
0	0
0	0
0	0
0	0
0	0
0	0
0	0
0	0
0	0
0	0
0	0
0	0
68	340
5	54
1	330
9	185
0	240
0	13
1	4
4	97
0	97
0	97
0	85
0	0
0	0
4	13
0	12
0	12
0	1
0	1
0	5
1	2
114	74
4	71
1	48
2	4
0	0
6	0
0	34
1	0
0	0
1	269
0	25
0	262
0	48
4	0
0	15
0	0
958	105
0	105
0	0
0	0
7	0
362	0
1929	0
0	0
17	1734
10	1285
18	1747
9	805
7	1
34	0
0	0
0	0
17	0
419	3183
0	3184
28	1178
1	431
0	217
2	769
38	330
22	0
0	0
10	1700
22	848
12	1636
19	103
42	2
360	4064
24	3289
18	3096
1	1933
26	1484
0	1408
0	1228
0	560
19	106
3	62
463	0
0	0
1	3
0	0
0	1
4	0
1	3
81	714
75	714
4	619
5	566
8	316
0	525
0	54
0	25
8	3
20	25
0	2891
0	2689
24	1680
0	1999
150	260
0	2883
14	2758
0	418
9	128
0	476
0	1417
3	235
4	343
0	2
8	112
0	103
10	96
6	113
0	36
1	19
0	18
8	16
0	1
4	2031
0	1974
0	2027
2	1903
0	88
2	465
13	51
1	104
0	64
2	37
0	60
20	83
0	36
4	35
11	61
12	34
3	19
9	14
0	20
31	7
1	3
5	36
0	1380
16	1960
0	418
2	414
5	19
0	150
13	666
49	735
1	53
1	5
6	33
12	640
0	84
3	165
0	793
6	694
17	529
4	704
0	48
1	45
1	43
38	986
50	1784
0	1784
6	1784
0	119
34	160
0	87
1	65
9	0
0	0
6	36
8	494
2	492
1	2
5	6
2	5
0	30
0	340
7	9
1	22
3	38
756	66
0	19
0	18
0	25
1	0
4	6
2	0
69	19
16133	6319
0	815
145	40
77	5374
0	0
0	0
78	4095
0	1085
0	188
166	381
4	37
2	12
2	97
25	98
0	43
6	530
0	536
0	522
0	473
0	121
6	142
1	110
0	65
1	29
0	16
0	8
0	15
0	9
0	16
1	79
3	914
0	0
55	6
11	1158
0	1158
24	2204
4	635
0	1165
0	971
0	1067
63	982
0	0
0	0
2	0
1265	239
11	0
0	80
2	52
0	119
2	0
0	0
0	0
0	3
0	3
0	0
0	0
283	64
3	2
0	32
1	36
85	5591
48	12797
9	5660
20	10713
15	7248
14	1875
0	83
0	81
2	28
2	3
0	9
2	4
4	11
0	0
3	2
0	0
4	0
0	13
0	48
0	41
0	39
1	14
0	3
0	3
0	6
0	1
0	0
0	0
0	0
0	33
74	8
2	14
2	51
0	6
18	17
0	26
4	34
0	1
0	0
2	0
5	0
7	206
110	422
0	360
9	0
705	489
0	501
2	512
0	424
0	0
1	0
0	155
2	30
0	85
8	101
1	6
0	0
0	0
164	1921
2	14
0	1903
111	130
1	130
2	130
1	113
50	91
0	0
3	0
1889	1033
3	555
10	407
0	94
0	0
0	164
21	86
1	39
4	117
0	0
0	82
7	17
1	27
5	0
308	72
8	72
6	35
5	0
0	0
36	0
0	0
0	0
0	0
0	0
0	0
0	0
0	0
0	48
0	27
0	67
7	4
0	51
0	61
0	14
0	0
0	18
0	3
134	95
0	64
3	0
0	23
0	5
8	13
0	12
0	0
5	1
1	0
0	233
0	1181
28	618
9	1169
22	50
0	106
1	0
51	13
49	0
0	0
0	0
0	0
0	0
0	0
0	0
237	0
0	0
0	0
0	0
0	0
0	0
0	0
0	0
0	0
0	0
1	0
0	0
0	0
0	0
0	0
0	0
0	0
0	0
0	0
0	0
0	0
2	49
0	12
32	76
4	73
0	18
3	1
71	18
469	135
5	17
9	135
17	127
0	23
96	2
10	206
0	187
13	92
1	0
2	19
0	0
0	0
0	0
585	108
0	0
0	0
0	0
0	0
0	0
0	0
0	0
0	0
0	0
1983	0
1	328
1076	667
1	277
45	196
0	481
0	224
570	1823
0	470
2	1353
12	518
5	909
3421	315
1	61
153	252
1	0
0	2
1	2
0	0
1	0
0	0
0	411
0	406
0	406
0	10
1	23
0	27
0	0
0	0
0	55
1	50
0	0
1	0
0	25
0	6
0	20
0	0
0	0
200	0
0	0
2	0
0	0
73	45
0	30
0	21
0	0
1	3
159	2434
1	2436
6	2463
132	697
1	910
0	715
0	662
67	425
10	1
0	59
1	1
0	0
0	1
0	0
0	0
0	1
0	0
0	0
0	0
0	0
0	0
0	0
0	0
0	0
0	0
0	0
0	0
0	0
0	0
0	0
0	0
0	0
0	0
0	0
0	0
0	0
0	0
0	0
0	0
0	0
0	0
0	0
0	0
0	0
0	0
0	0
0	0
0	0
0	0
0	0
0	0
0	0
0	0
0	0
0	0
0	0
0	0
0	0
0	0
0	0
0	0
0	0
0	0
0	0
0	0
0	0
0	0
0	0
0	0
0	0
0	0
0	0
0	0
0	0
0	0
0	0
0	0
0	0
0	0
0	0
0	0
0	0
0	0
0	0
0	0
0	0
0	0
0	0
0	0
0	0
0	0
0	0
0	0
0	0
0	0
0	0
0	0
0	0
0	0
0	0
0	0
0	0
0	0
0	0
0	0
0	0
0	0
0	0
0	0
0	0
0	0
0	0
0	0
0	0
0	0
0	0
0	0
0	0
0	0
0	0
0	0
0	0
0	0
0	0
0	0
0	0
0	0
0	0
0	0
0	0
0	0
0	0
0	0
0	0
0	0
0	0
0	0
0	0
0	0
0	0
0	0
0	0
0	0
0	0
0	0
0	0
0	0
0	1
0	1
0	0
0	0
0	0
0	0
0	0
0	0
0	0
0	0
0	0
0	0
0	0
0	0
0	0
0	0
0	0
0	0
0	0
0	0
0	0
0	0
0	0
0	2
1	1
1	3
0	21
0	21
0	6
0	6
0	18
0	0
0	0
0	0
0	0
0	0
0	0
0	0
0	0
0	0
0	0
0	0
0	0
0	0
0	0
0	0
0	0
3177	2028
771	715
2	1737
8	708
9	882
138	0
0	0
25	8
0	8
0	0
11	1112
0	0
0	0
0	0
1071	638
0	214
22	2
15	489
0	68
3	206
0	19
16	0
0	0
0	0
2	121
0	101
0	0
10	0
600	2
1	0
0	0
61	714
0	713
3	0
0	0
0	0
0	0
0	178
6	141
0	122
1	120
0	46
0	31
0	0
2	4
5	0
4	10
2	0
2	18
0	12
0	6
0	6
0	0
0	0
0	6
0	0
0	0
79	588
4	351
7	417
12	371
1	283
1	84
0	25
42	25
0	1154
3	1154
13	293
0	941
24	73
9	118
30	27
13	257
0	342
6	0
0	121
0	202
8	129
1	9
0	10
3	10
12	7
1	0
0	0
29	0
11	0
0	0
0	11
4	9
4	11
1	9918
117	10716
0	9920
71	341
0	825
0	10048
269	504
0	10179
0	10792
1	350
401	0
256	0
0	9161
21	6820
204	0
28	691
278	0
57	81
111	0
0	0
0	0
0	0
0	0
0	0
425	396
1	1000
7	2076
17	2292
0	2241
1	2114
9	3604
0	3701
0	880
0	2179
10	1
121	2
13	1193
0	53
0	1128
0	1237
74	25
0	1230
0	25
17	976
28	0
1061	660
0	395
0	362
4	697
0	120
57	352
1	314
0	293
3	287
32	665
133	675
5	353
1	43
11	3
6	0
687	72
17	72
3	1
0	0
0	1
0	103
0	60
0	0
0	0
103	0
5	0
9	0
1	104
0	32
0	88
0	0
0	0
10	0
3	0
6	0
0	0
1	0
3	0
0	0
7	0
2	0
0	0
2	0
5	0
5	0
0	0
2	0
0	0
1	114
0	111
2	30
0	109
0	0
0	11
0	77
3	0
0	0
0	36
0	0
0	0
0	0
1	1
0	8
0	55
0	4
0	4
4	0
0	3
5	0
1	53
169	519
10	519
2	106
0	109
0	107
4	0
2	94
0	95
0	33
0	39
0	32
14	0
10	0
336	2
458	2363
71	2252
7	92
203	162
0	90
1	0
1	0
425	619
0	806
0	805
0	66
151	86
0	12
0	13
6	0
1	77
0	63
281	45
6	49
0	9
0	1
25	63
208	1246
3	266
6	160
3	1237
9	0
0	0
0	0
0	0
0	0
0	0
15	0
0	0
0	0
35	1303
0	1259
0	0
0	0
4	0
0	0
0	0
0	0
0	0
0	0
0	0
0	0
0	0
0	0
0	0
0	0
0	0
0	0
0	0
0	4
55	3132
3	204
0	0
0	0
7	1
0	24
852	3079
1	3063
0	0
0	0
0	0
0	0
28	23
0	0
34	56
0	41
10	0
7	27
4	272
0	0
2	0
0	0
0	0
0	0
0	0
1	1
0	1
226	451
2	105
0	351
4	93
26	6
5	74
674	274
3	274
0	166
19	166
3	115
4	17
3	15
12	9
184	0
239	193
6	124
1	135
0	64
9	105
0	65
1304	1383
1	1383
0	2
49	16
1	16
0	77
0	44
0	77
0	77
0	76
2	84
476	1651
10	1029
1	479
0	20
0	0
2	185
0	279
15	322
0	248
0	170
3	272
0	216
1	244
3	296
1	126
0	162
2	45
3	90
7	140
2	112
2	77
0	20
21	0
59	9
15	1510
698	1578
4	86
0	0
0	432
0	0
0	1
0	0
90	0
0	587
1	22
0	74
6	4
0	4
1119	834
1	122
45	712
95	66
0	58
0	11
24	0
0	0
9	264
11	3639
8	310
0	3925
0	2922
0	1277
0	0
0	0
0	0
5	909
0	386
0	814
3	814
0	769
0	802
2	49
0	9
0	1
0	33
1	14
1	12
0	37
0	0
1	5
1093	1422
49	1422
227	0
21	140
7	1
3	1
1	3
4	3
63	0
138	1102
0	997
2	543
35	3
0	90
5	322
0	321
0	319
0	319
0	304
0	305
8	291
1	2
0	0
0	0
0	1
0	1
0	0
0	0
0	0
0	0
0	5
4	218
0	218
0	0
0	0
95	852
4	729
8	487
68	72
3	54
0	36
39	6
0	65
2	14
2	354
2	134
0	41
194	51
0	0
2	0
29	10
0	10
27	378
2603	501
16	204
5	199
0	0
0	0
0	5
0	40
3	38
0	36
2	24
0	2
0	0
60	1017
4	684
0	30
0	0
1	3
26	497
0	3
0	0
8	428
1	293
0	72
1	0
0	47
10	0
0	0
1455	385
3	81
0	190
1	197
0	113
0	146
1	0
116	6
0	6
2	8
0	0
0	251
0	257
0	257
5	113
45	152
0	251
0	233
0	226
0	44
5	0
9	4497
199	4481
1	4489
5	4480
3	1060
6	425
1	139
73	180
1	4
1	14
0	7
0	163
0	3
4	1
0	32
2	1
0	0
0	1
0	0
7167	16381
57	13045
15	7325
281	10653
0	387
32	8582
45	0
0	0
3	3760
0	3741
7	1873
0	70
1	68
0	0
0	0
0	66
0	92
0	70
52	32
0	71
38	0
8	0
1	0
0	0
4	440
2	440
28	440
0	61
0	5
6	5
0	0
2	4
0	18
0	23
0	24
0	6
0	7
2	0
0	0
0	0
0	0
0	0
0	0
0	0
0	0
0	0
132	0
29	3340
0	3057
1	2889
1	3080
41	1065
0	1214
0	1215
0	1195
6	847
0	1
1	0
0	0
0	1
0	0
0	0
0	0
3	0
0	0
0	0
1829	32
15	28
1	0
0	0
15	4
7	100
2	96
0	57
1038	1227
0	1102
0	925
1	1194
13	343
10	159
22	684
4	228
43	4
4	163
437	250
0	250
21	1
10	1
0	59
13	3297
22	3380
55	1020
86	3481
511	3418
0	3561
21	2458
1	0
2349	2866
7	636
0	1915
1	2842
11	114
0	26
0	26
0	8
0	19
0	11
0	236
559	943
3	420
1	291
4	125
0	1326
129	1469
5	722
8	379
0	0
0	939
0	225
15	17
0	88
0	553
1	35
1	0
0	28
1	36
11	0
0	0
0	0
0	143
0	143
0	0
0	0
0	0
0	0
1203	3782
1	903
262	851
12	2956
2	1306
6	1798
3	1472
1	688
0	539
2	261
9	173
2	3
0	3
0	3
1	1
0	0
17	0
110	267
0	267
1	0
100	940
0	23
36	843
3	486
3	399
11	383
10	351
0	84
0	0
1	0
39	1
9	0
0	6007
727	6752
22	6843
6	0
19	464
0	94
1	91
0	93
0	90
0	103
0	100
0	34
0	11
0	19
0	13
0	13
0	5
0	0
0	0
4	1196
0	6
6	24
0	63
39	1185
0	16
0	584
0	46
0	8
0	0
13	9
0	39
7	0
24	35
0	35
0	1
0	1
0	1
4	0
1102	1168
2	1168
2	191
10	30
0	0
375	30
29	29
0	0
5	1
45	589
1	568
3	537
7	428
0	0
2	21
0	0
0	0
0	159
3	1460
12	1482
7	366
106	223
0	90
63	54
2	19
53	12
25	0
1	64
78	8
105	2
0	7
84	206
0	193
2	49
1	199
1	179
2	19
0	15
5	8
0	16
1	20
0	12
2	15
2	8
0	19
0	5
5	3
175	9616
0	9616
0	0
61	9587
0	9112
20	3426
0	5026
14	7077
2	1713
2	3290
14	2404
12	0
3	3103
2	0
4	2341
1	0
0	15
0	4
12	18
32	2257
61	2102
43	93
0	25
2	32
0	50
2	36
0	136
0	469
35	1653
0	36
0	27
0	0
0	213
23	0
5	345
0	3146
5	3023
0	2800
0	2803
0	3143
0	3121
0	38
44	12
2	533
1	139
0	152
0	0
0	2
0	9
18	0
13	0
10	601
3	0
1	0
1	282
189	1159
1	1074
8	220
72	1087
0	176
2	868
0	218
0	148
0	2
2	259
5	5
6	0
2	0
8	2623
29	2620
2	1244
9	265
2	2209
0	334
0	44
0	77
20	7
34	112
0	3
5	4
1	53
0	45
1	19
3	17
0	10
0	0
0	2
0	2
0	3
0	3
0	3
0	1
0	1
0	1
0	1
0	3
0	1
0	1
0	1
0	1
0	0
0	0
0	0
0	0
0	164
0	0
0	392
3	0
2	309
2	10
0	248
1	515
32	289
0	17
18	174
9	15
0	208
0	450
1	0
0	143
0	0
1804	558
1	557
71	1
0	76
0	80
0	42
0	61
2	85
7	76
0	80
0	61
0	67
1	58
66	2949
9	433
0	0
0	0
1143	5836
32	3742
13	493
0	0
77	2227
0	163
2	209
14	125
0	125
54	86
1	30
13	878
2	860
15	482
3	69
1	90
2	28
2	13
4	367
44	109
1	13
10	77
1	206
1	293
1	165
0	95
0	224
5	34
0	257
0	72
18	65
0	24
0	6
0	6
0	4
0	4
0	0
0	0
0	0
0	0
7	0
0	0
1512	2897
27	2900
0	2984
76	2334
0	2489
1	106
86	909
52	302
2	2
0	10
10	1794
6	127
1	0
1	348
1	156
1	478
10	1812
2	408
0	475
18	259
0	890
21	147
2	305
1	18
0	363
2	590
13	741
0	1547
0	307
0	266
0	180
7	1547
0	274
6	428
0	346
46	346
0	57
36	3316
123	371
35	649
1	3257
0	1732
0	2
8	260
4	231
1	129
1	148
3734	1104
1	213
62	65
5	1
13	0
5	26
16	72
1	801
0	0
0	0
0	0
0	0
0	0
0	0
0	24
0	0
0	0
0	0
0	0
0	0
0	0
36	632
0	632
3	93
0	85
15	0
0	1
0	0
0	0
0	0
0	0
0	0
0	0
0	0
0	0
0	0
0	0
0	0
0	0
0	0
0	0
0	0
0	0
0	0
13	221
2	221
10	0
14	54
6	43
20	0
0	0
0	0
68	0
0	0
0	0
0	0
0	0
0	0
0	0
4	47
1	55
5	34
0	8
0	13
0	13
2	13
0	0
0	0
0	0
0	0
0	0
0	0
0	0
0	0
0	0
0	0
0	0
0	0
0	0
0	0
0	0
0	0
0	0
0	0
0	0
0	0
0	0
0	0
0	0
0	0
0	0
0	0
0	0
0	0
0	0
0	0
0	0
0	0
0	0
0	0
0	0
0	0
0	0
0	0
0	0
0	0
0	0
0	0
0	0
0	0
0	0
0	0
0	0
0	0
0	0
0	0
0	0
0	0
0	0
0	0
0	0
0	0
0	0
0	0
0	0
0	0
0	0
0	0
0	0
0	0
0	0
0	0
0	0
0	0
0	0
0	0
0	0
0	0
0	0
0	0
1	7
0	0
0	0
0	0
0	0
0	0
0	0
0	0
0	0
0	0
0	0
0	0
0	0
0	0
0	0
0	0
0	0
0	0
0	0
0	0
0	0
0	0
0	0
0	0
0	0
0	0
0	0
0	0
0	0
0	0
0	0
0	0
0	0
0	0
0	0
0	0
0	0
0	0
0	0
0	0
0	0
0	0
0	0
0	0
0	0
0	0
0	0
0	0
0	0
0	0
0	0
0	0
0	0
0	0
0	0
0	0
0	0
0	0
0	0
0	0
0	0
0	0
0	0
0	0
0	0
0	0
0	0
2	0
0	0
0	0
0	0
0	0
0	0
0	0
0	0
0	0
0	0
0	0
0	0
0	0
0	0
0	0
0	0
0	0
0	0
70	312
327	312
0	162
3	149
0	0
0	0
0	0
0	0
0	0
0	0
0	0
0	0
5	0
0	0
0	0
0	0
0	0
0	0
0	0
0	0
0	0
0	0
0	0
0	0
0	0
1	0
0	0
0	0
0	0
0	0
0	0
0	0
0	0
0	0
0	0
0	0
0	0
0	0
0	0
0	0
0	0
0	0
0	0
0	0
0	0
0	0
0	0
0	0
0	0
0	0
0	0
0	0
0	0
0	0
0	0
0	0
0	0
3	0
0	0
0	0
0	0
1	0
15	47
150	138
0	17
1	26
0	31
0	1
1	102
13	505
17	505
0	401
0	0
165	137
0	0
3	116
3	171
7	420
1	546
29	281
0	6
200	4
5	4
9	4
0	54
0	61
365	666
1	662
0	2
2	25
0	17
0	17
6	25
0	1
1	17
10	0
0	0
577	71
1	71
0	0
0	0
324	278
108	278
0	77
14	99
0	0
11	3
0	3
0	0
0	0
0	0
0	0
0	0
0	0
0	0
0	2
0	2
0	0
0	0
0	0
0	0
0	0
0	0
0	0
0	0
0	0
0	0
0	0
0	0
0	0
0	2
0	2
0	0
0	0
0	0
0	0
0	0
0	0
0	0
0	0
0	0
0	0
0	0
0	0
0	0
0	0
4	58
0	0
0	0
0	0
0	0
0	0
0	0
0	0
0	0
0	0
0	0
0	0
0	0
0	0
0	0
0	0
0	0
0	0
0	0
0	0
0	0
0	0
0	0
1	7
0	0
0	0
0	0
0	0
0	0
0	0
0	0
0	0
0	0
0	0
0	0
0	0
0	0
0	0
0	0
0	0
0	0
0	0
0	0
0	0
0	0
0	0
0	0
0	0
0	0
0	0
0	0
0	0
0	0
0	0
0	0
0	0
0	0
0	0
0	0
0	0
0	0
0	0
1	0
0	0
0	0
0	0
0	0
0	0
0	0
0	0
0	0
0	0
0	0
0	0
0	0
0	0
0	0
0	0
0	0
0	0
0	0
0	0
0	0
0	0
0	0
0	0
1	0
0	0
0	0
0	0
793	1090
0	0
0	0
0	0
0	294
0	1050
0	1100
0	858
0	977
10	1058
1	183
29	73
1	42
1	135
1	75
1	6
0	1
0	1
0	2
0	2
2	3
2	0
0	0
1205	0
3	0
478	592
5	530
0	131
1	277
0	160
0	160
0	160
0	287
0	267
0	139
0	287
0	102
0	137
0	48
0	29
0	49
0	63
0	60
0	47
0	35
0	35
0	31
0	23
0	39
1	0
0	0
2	253
4	332
0	348
2	332
7	8
10	46
7	32
1	86
3	54
9	0
26	1677
51	1419
0	1378
0	1272
5	891
0	1080
1	512
2	698
1	554
0	200
1	21
3	346
1	332
2	223
46	712
3	542
0	363
6	224
0	389
0	414
0	402
0	101
0	231
0	204
0	222
0	339
0	320
0	201
0	197
0	281
0	89
0	12
0	14
0	0
24	62
1	2
0	15
0	51
172	649
5	645
2	180
1	108
2	108
2	100
8	1730
11	1130
22	1659
10	870
1	360
0	601
566	1562
0	542
1	426
0	52
0	115
0	150
0	515
2	1290
1	696
7	464
90	1173
27	1089
0	236
1	300
1	348
15	245
0	163
0	100
0	70
4	70
562	498
0	29
0	0
0	469
386	1051
0	855
11	902
0	571
0	173
562	0
8703	6061
0	0
5	0
0	5817
0	5837
0	0
19	139
5	280
0	20
0	9
5364	8435
0	4040
0	0
0	5899
0	5919
5	280
0	9
490	6739
67	2
0	0
3	277
369	349
331	32
0	0
0	0
0	0
0	0
0	0
0	0
0	0
0	0
0	0
0	0
0	0
0	0
0	0
0	0
0	0
0	0
0	0
0	0
0	0
0	0
0	0
0	0
0	0
0	0
0	0
0	0
0	0
0	0
0	0
0	0
0	0
0	0
0	0
0	0
0	0
0	0
0	0
0	0
0	0
0	0
0	0
0	0
0	0
0	0
0	0
0	0
0	0
0	0
0	0
0	0
0	0
0	0
0	0
0	0
0	0
0	0
0	0
0	0
0	0
0	0
0	0
0	0
0	0
0	0
0	0
0	0
0	0
0	0
0	0
0	0
0	0
0	0
0	0
0	0
0	0
0	0
0	0
0	0
0	0
0	0
0	0
0	0
0	0
0	0
0	0
0	0
0	0
0	0
0	0
0	0
0	0
0	0
0	0
0	0
0	0
0	0
0	0
0	0
0	13
0	13
0	10
1	10
43	18
0	18
1	0
6	6
274	918
27	8
2	69
65	919
0	0
4	71
0	91
0	6
0	6
0	0
0	0
0	0
0	0
0	0
0	0
0	0
0	0
0	0
0	0
0	0
0	0
0	0
0	0
0	0
2	34
0	0
0	0
0	0
0	0
0	0
0	304
0	0
0	0
0	0
0	0
0	0
0	4
0	0
0	0
0	0
0	0
0	0
0	0
0	0
0	0
0	0
0	0
1	161
0	67
0	0
0	0
0	0
0	0
0	0
0	0
0	0
0	0
0	0
0	0
0	0
0	0
0	0
0	0
0	0
0	0
0	0
0	0
0	0
0	0
0	0
0	0
0	0
0	0
0	0
0	0
0	0
0	0
0	0
0	0
0	0
0	0
0	0
0	0
0	0
0	0
0	0
0	0
0	0
0	0
0	0
0	0
0	0
0	0
0	0
0	0
0	0
0	0
0	0
0	0
0	0
0	0
0	0
0	0
0	0
0	0
0	0
0	0
0	0
0	0
0	0
0	0
0	0
0	0
0	0
0	0
0	0
0	0
0	0
0	0
0	0
0	0
0	0
0	0
0	0
0	0
0	0
250	0
3781	669
5	343
17	328
0	1
1	0
65	26
0	26
0	1
0	163
0	178
3	61
2	18
0	9
0	0
1	1
2	8
1	8
0	8
0	0
0	0
0	0
0	0
0	0
0	0
0	0
0	1
1	0
2	5
0	5
0	5
0	0
2087	16910
193	1196
10	2363
3	12736
34	4855
25	22
0	4
1	2
0	2
0	1439
0	1036
0	1059
0	1466
0	156
5	626
0	2
0	61
4	46
2	50
5	2
0	0
176	106
6	53
0	53
0	11
0	11
0	0
2	0
200	2098
3	2058
1	73
69	5
0	5
2	67
0	68
0	1
0	0
0	90
6	101
0	69
0	66
0	4
5	456
5	2051
37	2075
2	10
22	17
12	498
0	47
0	95
102	2021
3	1718
1	1984
6	568
0	416
0	404
5	567
36	420
27	204
0	0
0	2
0	1
0	2
0	0
0	0
1521	8863
127	4458
41	6433
9	2866
20	0
113	49
7	0
47	0
1	702
0	808
22	882
0	847
3	113
0	0
577	0
1159	368
34	21
9	368
19	297
1	0
6	29
4	3099
0	3061
0	2270
5	223
1	204
9	114
0	149
10	1118
0	1000
0	134
0	0
20	794
4	617
0	135
48	2
0	141
0	0
0	0
0	0
247	2
1	0
0	0
0	0
7	0
20	768
0	32
3	762
163	761
20	221
1	94
0	64
2	146
0	2
0	2
0	0
1348	2406
13	2105
1	597
0	318
15	250
19	732
4	90
13	220
2	123
89	5
386	139
0	139
1	1382
14	1520
2	1517
0	0
2	38
19	172
4	8
5	66
993	2521
0	1966
16	94
2	180
11	43
0	67
12	94
0	67
20	502
4652	24399
158	24183
0	1827
28	1574
73	1027
24	1024
12	838
21	1899
176	606
38	3447
9	1755
14	2335
3	1223
109	194
23	75
4	0
13	0
0	3
1	4
26	4
54	6
0	0
0	0
0	294
15	294
0	0
2	27
0	0
3	7486
102	6605
120	1353
3	7283
69	552
86	1110
3605	2
1051	1455
19	699
13	1381
2	1205
71	496
0	91
0	190
13	190
0	173
0	128
0	164
2	127
4	19
0	1469
2623	1469
34	99
9	842
9	0
0	53
1	2
0	0
0	0
21	2
0	845
0	2699
0	2698
2	2699
0	1001
2	217
4	13
0	0
0	531
0	2609
5	87
5	445
3	418
0	297
11	433
1	94
0	40
132	12
448	0
0	0
0	0
0	0
0	0
0	0
13	1496
2	1174
0	1452
9	1215
71	0
0	0
7	50
3	819
43	887
18	849
0	734
0	0
18	28
3	35
0	0
0	0
0	0
20	7466
0	945
34	1495
73	6951
0	6323
24	1002
12	3
23	38
0	0
0	0
202	846
86	340
15	130
0	0
0	0
3	0
0	0
0	0
815	211
29	211
242	2537
27	2537
0	0
1	0
6473	1272
0	1112
30	162
1035	3739
2	3434
14	1063
6	257
26	1
2	0
1	0
1480	180
0	61
27	21
3	122
17	73
1	83
0	44
0	35
0	39
0	43
0	37
0	2
0	1
0	1
0	3
0	3
0	1
0	1
0	0
96	10217
0	8604
25	7
0	7
2	0
0	1
1	4
0	66
0	0
0	66
0	1
0	2
1	57
0	2
0	0
0	0
0	1
0	0
0	0
0	0
0	0
0	0
0	0
0	0
11	1
6	6
0	5
0	18
0	1
85	868
0	871
0	873
0	870
1	470
0	235
0	230
0	243
12	139
0	44
37	129
0	20
2	10
0	27
12	0
16	0
0	0
0	0
0	14
7	200
0	0
0	0
4	192
5	0
110	2741
4	1689
0	2033
8	2426
4	1891
6	382
0	382
0	1966
7	1571
74	1485
39	1491
0	1489
0	1449
0	933
0	104
34	753
14	0
0	223
0	258
0	128
1	204
1	151
3	0
0	6
0	0
8	0
16	10012
1	7300
0	5304
1	7746
2	2892
0	7227
10	1090
0	290
0	0
0	11
38	34
7	23
4	7573
6	2436
0	2527
74	5459
8	20
9	1513
48	1588
48	0
16	0
24	0
0	0
74	495
1	7
2	495
1	38
4	0
23	0
0	0
0	0
0	0
83	3686
0	0
0	0
4	61
193	61
5	0
1	24
0	0
1345	9742
0	9696
4	9462
13	4883
7	3228
24	2990
0	2505
3804	1524
3	1290
0	705
0	259
0	225
2	532
1308	9794
0	9340
0	152
32	71
0	0
43	66
40	5
0	1506
44	987
76	810
57	554
51	0
0	0
3	0
0	0
0	0
0	0
0	28
0	28
2	29
3	16
0	0
0	0
2	0
2232	8
0	410
12	71
98	484
0	406
15	139
213	141
0	141
1	31
0	0
0	0
0	0
0	0
0	0
1	2668
0	2564
5	2647
0	261
4	1723
0	0
1017	913
0	783
2	816
0	126
24	349
0	349
73	297
0	143
10	46
1	3
53	1761
0	0
1	656
20	305
0	1408
0	1623
6	97
2	146
19	51
0	25
11	1299
1	0
20	0
0	150
0	44
0	271
0	3
0	323
15	4
0	0
0	3020
0	3020
0	2618
3	1652
0	498
0	680
0	296
49	0
0	3
1	11
0	11
0	11
0	6
5	0
156	75
2	51
0	19
0	19
0	0
0	0
0	0
0	6
0	8
0	8
0	0
0	0
0	0
0	0
0	0
0	0
0	0
0	0
0	0
0	0
0	0
0	0
0	0
0	0
0	0
0	0
0	0
0	0
0	0
0	0
0	0
0	0
0	0
0	0
0	0
0	0
0	0
0	0
0	0
0	0
0	2
0	2
0	0
0	0
0	0
0	0
0	0
0	0
0	0
1477	116
10	116
0	0
4	2215
2	1257
0	0
0	0
4	5167
0	5275
137	5153
30	4311
0	5167
0	68
0	68
55	827
1	666
0	102
33	484
0	487
3	509
1	455
8	8
6	106
13	125
0	119
0	117
6	45
0	18
2	5
21	2
2	5
2	26
2	4
213	544
0	543
0	533
0	251
0	100
0	30
22	5
0	73
7	21
0	27
0	70
0	47
0	84
1	87
0	12
0	0
0	0
0	0
0	0
0	2
0	0
0	0
0	0
0	0
10	810
13	125
1	726
0	0
0	6
0	6
1	6
0	3
0	0
0	0
3055	2
94	26
3	26
0	3
2	3
0	1
0	1
0	0
0	0
0	1
0	1
0	1
0	0
0	0
0	0
0	0
0	1
0	0
0	0
0	0
0	0
0	0
0	0
1	0
6	0
3948	5167
3	1695
0	1161
0	3636
2	657
5	1379
10	1
0	1
0	1
0	0
8	60
6	59
0	4
1	47
0	94
174	577
0	43
0	59
0	20
0	386
70	122
1	0
0	3
0	3
0	3
0	3
0	0
0	0
0	0
0	0
0	0
841	2430
9	42
1	2426
0	290
0	2026
0	0
3	1
10	358
4	0
0	559
0	206
6	931
0	1123
44	1364
17	0
415	109
0	98
18	15
0	1
0	0
0	0
0	1
0	0
1	17
0	0
32	0
349	2220
3	0
0	1129
208	0
0	0
115	0
8	0
120	0
27	1091
17	0
0	0
0	0
0	0
0	0
0	0
0	0
0	3
0	0
0	0
0	0
0	2
8	2
0	0
0	0
0	0
0	0
1432	40
0	38
1	1
0	1
246	0
0	0
18	335
2	335
1	5
0	955
0	16
223	952
3	837
0	0
0	426
5	426
3	296
4	8
17	57
0	14
90	302
0	347
35	281
1628	644
69	470
75	258
1	229
0	167
403	1033
1	4
28	1498
81	361
2	841
1	561
0	734
33	340
3	6
2	0
9	395
0	164
0	93
0	247
0	51
0	86
0	179
0	195
13	103
26	2
1	0
176	1258
127	1280
0	49
13	0
3	305
667	296
0	296
0	221
560	0
116	1846
101	1846
1779	53
0	53
0	0
0	0
2	219
35	192
2	197
0	0
14	0
4	0
3	0
0	8
4	8
0	0
7	0
0	0
3	0
4	0
0	26
14	36
0	0
0	0
0	0
0	0
0	0
1	26
3	0
90	1840
477	224
1	1468
11	1726
25	43
1	41
1	44
2	40
19	0
6	776
0	4
0	2
0	1
0	1
15	35
0	48
374	2093
1	1140
13	497
1	1432
269	231
0	204
0	47
0	76
9	725
1	6
0	0
0	11
0	2
0	3
0	9
0	0
0	0
1	572
0	632
0	601
0	609
0	563
0	548
79	0
0	58
75	270
0	24
24	2
0	7
100	535
1	532
0	0
3	119
24	172
2	100
86	830
31	775
0	653
3	5
0	4
0	1
0	1
0	0
0	0
0	0
0	0
0	0
1	0
0	0
0	0
0	0
0	0
0	0
0	0
0	0
5	5
0	0
1	0
0	0
0	0
0	0
0	0
0	0
0	0
204	36
0	36
476	288
1	288
0	120
2	1
331	3100
2	50
46	799
0	245
26	3061
1	0
5	20
0	51
9	48
0	4653
5	5003
30	667
0	325
6	2885
1	2330
0	281
38	218
64	291
0	451
12	1280
21	1298
144	0
0	31
1	760
0	737
0	61
0	41
3	0
0	0
18	2780
0	2687
2	395
20	775
81	1993
0	453
0	194
0	110
0	373
1	46
0	291
35	1375
3	163
0	280
1	343
0	992
0	59
0	0
0	0
0	71
0	178
0	0
113	0
0	0
0	0
0	213
657	244
0	0
0	51
0	43
0	0
0	0
0	29
4	29
1	6
3	10
0	0
0	8
0	5
1	979
20	915
0	818
3	893
0	852
0	194
3	172
1	407
2	86
1	262
1	47
0	31
0	62
262	15
3	15
0	0
5	16
0	20
0	20
0	2
0	4
48	707
0	753
16	113
0	29
0	75
0	698
4	54
0	106
12	223
2	0
0	0
3	723
8	761
0	773
2	693
0	686
0	691
1	675
0	39
2	39
58	2823
5	2633
3	145
0	211
1	256
3	311
22	1396
107	1248
69	1395
1	39
0	1136
2	282
7931	2506
37	2442
0	568
0	0
0	0
1	355
2	368
0	355
0	265
1	78
1	64
0	102
12	157
0	138
0	88
1	133
0	53
0	0
0	81
2	25
0	31
0	35
0	40
0	12
0	2
111	32
0	10
0	12
0	17
0	12
1	0
711	1824
69	1785
1	1311
3	915
3	92
0	91
21	19
0	19
0	43
36	429
3	43
0	77
4	195
1	198
0	175
2	30
3	130
0	122
260	1311
36	1276
12	389
0	10
121	308
11	249
5	199
6	203
14	315
131	595
3	271
2	278
40	155
2	593
7	640
0	397
0	131
2	53
6	183
0	202
10	162
1	224
3	76
0	73
4	63
0	0
0	0
0	0
3	0
3	2446
0	4933
0	1748
5	269
0	446
7	4713
0	1097
3	622
17	26
0	12
5	12
3	11
0	0
12	7
4	18
0	0
7	0
7	335
0	315
5	35
0	48
0	269
28	323
0	96
0	1
0	271
1	95
0	41
0	4
0	4
14	2897
0	2725
0	698
7	401
0	1445
1	58
4	379
43	78
21	534
7	175
1	291
735	24767
25	23084
41	23061
2	12858
0	10315
114	12847
51	11522
1	9228
23	8169
17	8864
0	7256
0	5630
0	6
1	10
2	10
0	0
0	0
0	0
0	0
0	6
3	6
0	6
0	0
0	0
0	0
0	0
0	0
0	0
0	0
0	0
0	0
0	0
0	0
0	0
0	0
2	59
3	436
1	391
1	519
1	394
2	237
3	171
5	20
0	140
0	80
99	66
1	5
1	58
0	44
0	16
129	244
4	24
1	107
0	42
0	59
2	99
1	28
0	379
31	1673
2	134
430	1334
61	86
1	20
8	472
8	103
14	470
18	472
0	472
1	117
0	162
19	155
0	280
0	0
0	0
100	16
13	8
13	0
0	8
2	5
1	2
0	2
0	1
2	69
0	7
0	75
0	63
0	9
0	8
0	3
2	5
1	5
0	6
0	5
0	5
0	6
0	1
23	1980
1	674
0	2342
9	2228
3	672
0	960
0	860
3	265
11571	1047
0	1047
3	964
207	0
0	828
0	828
9	851
0	190
2	130
0	0
0	255
1	4
1	22
0	27
0	1
0	3
0	1
0	1
0	5
99	2254
0	2319
7	2227
0	294
20	215
0	26
2	85
294	672
3	37
1	166
2	0
34	236
0	187
0	0
0	0
0	67187
7457	69741
15	20263
0	0
0	0
0	0
70	51
0	51
9	0
0	0
0	0
0	36
0	13
97	36
2	0
0	0
0	0
53	2015
0	2010
10	1914
4	2009
0	1068
3	164
3	346
40	280
6	14
1263	1025
0	535
1	289
0	355
17	60
0	188
3	101
4	41
1	5
0	17
2	17
1	5
0	1
0	3
2	7
0	49
0	46
0	27
0	22
2	22
0	12
4	8
0	2
25	0
37	815
10	817
14	8
303	0
0	0
11	0
627	0
2984	4
6	0
0	8
0	0
1	0
0	282
4	275
1	189
0	199
0	2
0	203
46	667
2	667
639	174
4	102
7	96
39	327
0	327
51	290
6	289
3	36
0	0
49	348
1	348
0	0
0	183
9	152
13	169
43	179
1	40
0	22
1	0
76	64
3	64
1	135
80	135
66	0
4	0
26	520
1	59
4	111
0	41
14	67
0	598
6	166
1	99
14	146
7	109
91	648
0	598
0	55
0	591
3	45
0	75
0	104
15	575
4	7
0	0
0	0
70	0
82	949
4	1018
27	553
0	438
1	39
0	0
12	2157
0	1879
30	1856
5	3881
2	165
3	3512
0	3432
106	3760
8	0
26	58
0	0
0	269
0	114
0	24
3	92
9	200
6	177
32	108
1	536
2	520
0	457
1	174
0	269
16	98
8	43
7	31
0	9
1	9
0	21
3	14
156	2445
0	2367
0	2284
0	0
3	138
13	127
8	299
0	0
13	1042
0	1044
17	1057
0	55
5	20
0	0
0	110
0	100
0	89
2	0
134	113
0	211
0	135
0	1
5	1
1	196
51	354
0	132
0	91
0	0
42	20
0	10
7	20
1	0
1	0
0	0
0	0
1	15
0	1330
1	15
0	1395
69	1330
2	969
31	1344
0	167
1	673
5	638
4	715
0	89
0	74
0	718
1	4
0	24
0	1981
0	281
1	0
0	1709
1	1610
73	1470
2	126
5	1478
18	234
0	358
10	255
0	251
0	227
0	37
2	1314
0	36
22	3
3	3
1	0
2	175
46	495
37	440
3	113
3	217
0	66
2	177
3	93
3	119
125	272
0	273
1	244
2	249
1	27
0	1
280	145
11	649
46	2257
52	1898
3	14
0	14
1	72
46	211
0	196
0	51
0	0
257	1418
2	428
1	622
0	1350
1	1127
0	301
2	402
24	131
387	201
3	85
7	21
9	928
3	825
0	278
0	33
1	29
0	40
0	41
0	21
1	5
0	10
0	0
46	742
0	552
0	119
0	839
197	1160
0	489
0	514
0	119
0	75
51	229
0	107
0	28
96	5
2	58
5	13
0	88
2704	1320
13	1316
9	0
16	2
0	2
45	77
0	77
0	1
0	0
0	275
0	0
0	732
0	725
1	569
0	510
2	563
0	16
3	15
0	1
0	0
381	116
4	96
1	8
3	5
0	0
0	19
0	19
0	19
0	0
0	0
0	0
0	2
0	1
0	0
0	0
516	0
2	12
796	12
46	334
31	368
0	203
6	368
0	293
0	341
0	311
0	338
2	314
3	349
0	326
0	186
0	0
0	1
0	1
0	0
0	0
0	0
0	0
0	0
0	0
0	0
0	0
0	1
48	443
44	758
0	563
134	505
0	456
3	82
2	76
2	17
0	0
2	6
0	0
0	0
230	278
0	98
0	0
0	161
4	77
0	43
5	2
0	2
164	1668
126	1593
6	1292
0	1168
4	563
2	226
0	1024
4	994
0	899
1	489
20	103
1	170
70	42
17	79
1	0
0	0
0	0
0	0
968	0
15	0
0	0
0	0
2	193
61	708
30	173
0	85
1	16
0	494
0	415
0	19
4	418
0	2
1	0
1055	2275
0	2012
0	222
3	98
5	101
20	0
0	0
0	0
6	0
2083	134
73	30
0	46
0	62
0	0
0	0
0	0
0	0
0	0
0	1
0	1
0	0
0	1
0	1
0	0
7	2230
6	1019
164	641
0	1446
0	128
93	1549
0	63
2	1032
0	184
0	0
0	0
0	0
2	0
0	0
0	0
0	0
0	3031
0	1572
0	3016
0	2888
16	342
0	2231
5	350
0	1157
0	1114
0	1303
0	1496
0	1538
0	1609
0	1522
0	1485
0	1408
0	1321
0	1469
0	1392
0	1279
4	305
0	128
22	223
8	99
0	215
6	238
78	157
12	516
0	1941
1	1925
2	162
0	225
2	699
0	672
13	656
11	0
0	77
0	0
0	2
0	2
0	0
0	0
0	0
0	0
739	1114
8	158
0	965
16	209
42	6
0	716
2	202
23	826
5	809
0	721
0	1610
0	790
0	862
0	14
1	10
13	9
0	901
0	674
1	0
0	761
0	846
24	0
0	952
5	306
0	872
0	657
68	368
2	0
1	0
0	0
1	0
0	0
0	0
18	0
9	2618
143	252
12	65
21	1546
39	774
108	2317
0	0
18	247
7	95
0	72
1	163
3	25
0	0
33	1648
0	4995
1	4395
6	75
0	1191
2351	116588
288	95110
123	24
431	116612
453	24827
11	5047
0	0
0	0
0	0
0	0
0	0
0	0
0	0
0	0
0	0
0	0
0	0
0	0
0	0
0	0
128	164
46	144
48	80
0	38
0	1
0	8
2	341
1	288
12	49
20	85
0	106
38	231
0	119
3	70
0	30
6	27
0	0
374	566
39	2
1	424
9	281
0	76
0	82
1	90
5	0
1	0
18	0
57	1135
15	530
1	135
3	133
0	43
1	925
1	37
2	0
0	0
0	0
0	0
4	0
0	6
9	6
10	2626
4	2305
24	226
103	2089
2	629
0	181
69	1991
2	400
0	0
0	0
0	0
0	0
0	0
2	5
222	273
1	98
4	194
0	0
0	10
0	0
12	1158
22	1158
2	9
39	0
25	0
2	0
0	0
0	0
0	0
0	0
0	0
5013	15
0	11
10	0
0	1
0	1
0	1
0	18
1	731
0	271
1	118
0	651
0	637
0	107
1	0
15	700
0	699
9	516
1	585
1	440
0	200
0	201
7	57
0	14
4	2
0	3
111	189
1	106
4	29
0	136
0	67
36	0
29	69
5	1234
33	0
1	217
5	308
36	152
6	1140
0	115
3	3
0	1
20	917
2	2
0	0
630	850
6	818
1	606
0	848
0	0
4	54
39	2308
8	2315
33	2294
0	2571
1	524
2	548
1	106
0	237
0	58
1	103
0	32
0	210
0	99
0	224
3	199
0	101
1	70
0	166
0	83
21	11
264	2
2	0
0	0
0	0
0	0
0	0
0	0
0	0
100	1219
0	1219
3	34
7	415
0	90
3	172
6	8
0	0
0	0
0	0
50	399
0	419
17	425
4	433
0	86
14	112
0	3
0	10
0	2
19	2
189	962
11	221
0	38
0	741
4	133
75	3975
5	3973
0	3127
58	3869
0	580
0	247
0	600
11	0
0	164
10	448
1	607
9	109
1	5
0	5
0	3
0	1
0	2
406	392
0	321
0	0
0	60
0	57
34	0
6	0
2	0
12	11
2	0
0	0
0	0
0	0
0	0
0	0
0	0
0	0
0	0
0	0
0	0
0	0
0	0
2	26
67	3161
13	2509
2191	3325
13	3320
7	2109
2	83
4	0
2	0
71	0
0	0
0	0
0	0
0	0
0	0
0	1
0	1
0	1
0	0
0	0
0	0
0	0
0	0
4	0
2492	0
5	1559
163	24
0	1559
2	688
0	0
1	648
2	643
5	2
2	2
7	2
1	1465
16	315
17158	612
8	506
0	0
0	0
0	0
0	0
0	0
0	0
0	0
0	0
0	0
0	0
0	0
0	0
0	0
0	0
0	0
0	0
0	0
0	0
1	4
57	0
1	0
0	0
0	42
0	44
0	26
0	26
1	21
1	11
0	0
4	0
0	0
0	0
0	5
0	0
0	0
10	106
28	145
7	56
2	51
0	62
821	2182
57	2181
0	528
0	1059
6	0
158	0
0	0
0	0
0	0
0	0
1	3
0	2
2	1
0	0
0	0
0	0
0	0
0	0
0	0
14	126
13	126
4	112
102	58
2	1262
2	21
2	39
1	1252
5	331
0	20
1	378
3	275
552	332
1	0
2	324
3	16
3	65
0	2
0	0
0	0
0	0
0	119
4	117
0	28
0	26
0	0
1	0
0	24
0	0
5	24
0	23
0	3
0	22
7	37
0	37
0	0
6	0
5	24
0	4
1	23
0	5
1	5
1	8
0	1
0	1
0	0
26	579
39	508
48	213
0	0
0	1244
4	1184
1	921
2	22
0	0
28	0
4	236
1	1
0	1
0	0
0	4
0	0
0	0
0	2
0	4
1	2
3	137
0	0
0	2
0	1
2	3
0	0
16	2
0	0
1	2
0	0
1	16
0	5
0	11
0	0
0	0
1	0
8	0
0	0
0	0
0	0
1	0
0	1
0	1
0	0
2	0
0	0
18	482
0	845
13	829
12	776
1	10
0	581
0	0
0	52
0	10
9	846
33	910
0	947
15	879
3	745
1	67
2	119
0	40
0	195
1	322
69	243
0	158
4	20
0	5
0	5
0	4
0	5
0	6
0	5
0	0
14	0
0	174
6	246
5	152
79	264
0	65
0	13
0	59
0	40
1	82
6	132
0	44
1	11
4	71
0	9
371	2409
13	2116
1	669
0	102
0	262
13	6
0	63
1	36
1	24
140	351
0	189
68	171
12	26
0	110
0	15
0	0
3	60
1	56
27	5
0	5
0	0
0	0
0	0
0	0
0	0
0	0
0	0
0	0
0	0
0	2
0	2
0	2
0	2
0	2
0	2
0	0
0	5
0	1
0	5
0	5
2	2
0	0
0	0
0	0
0	0
0	0
0	0
0	0
0	0
0	5
0	5
1	5
0	5
0	2
0	0
0	0
0	0
0	0
0	0
0	0
0	0
0	0
0	0
0	0
0	0
0	0
0	0
0	0
0	0
0	0
0	0
0	0
0	0
0	0
0	0
0	0
0	0
0	0
0	0
0	0
0	1
0	1
0	1
0	0
0	0
0	0
0	0
0	0
0	0
1	0
0	0
0	0
0	0
0	0
0	0
0	0
0	0
0	0
0	0
0	0
0	0
0	0
0	0
0	0
1	0
0	0
0	0
0	0
0	0
0	0
0	0
6	32
0	32
0	16
0	3
0	0
0	0
0	0
0	58
39	57
0	4
2	108
33	331
34	440
1	464
3	440
2	150
8	104
1	156
0	0
0	0
0	0
0	0
0	0
528	219
1	117
6	148
54	67
2	67
0	34
1	17
0	43
0	11
32	1790
5	272
0	404
0	392
6	1564
61	357
0	1418
0	354
19	495
40	725
0	341
2	220
0	262
1	226
0	259
3	91
3	113
21	8
0	100
1	45
10	0
26	2835
0	1839
1	576
5	905
0	2173
8	156
0	933
0	1806
19	1004
4	241
10	1212
5	71
4	0
0	1
0	1
0	0
0	2
0	2
0	0
0	2204
58	2317
19	1517
0	163
0	741
2	967
18	980
4	59
1	1031
0	466
10	0
0	1448
4116	1466
18	1335
3	1335
155	1335
1	1
5726	1
0	12
0	12
1	12
0	0
1	0
0	0
39	450
7	53
0	414
1	25
0	14
0	2516
0	199
7	2690
17	618
2	285
6	152
9	1178
1	104
3	81
25	685
38	723
0	761
20	674
0	284
22	67
2	125
3	14
100	1124
6	1066
70	826
26	175
45	31
7	73
0	0
0	86
0	67
0	22
226	161
39	107
0	25
0	2
0	15
1	6
0	6
0	44
57	5947
337	5947
197	5947
2	1890
0	1035
36	829
0	0
42	1492
0	1351
35	1245
0	1565
0	1204
18	446
6	1210
2	87
0	96
35	34
0	68
1	10
0	12
0	7
12	112
2	112
180	1484
13	804
16	1482
0	553
20	234
2	671
2	666
45	747
0	6
6	0
0	0
10	2338
0	2422
1	251
48	19
12	2038
1	144
13	126
20	944
21	379
0	159
30	1159
2	1236
5	1076
24	548
4	1178
0	951
1	261
1	138
0	342
0	49
0	227
0	327
0	34
279	6184
275	6323
4	563
28	1575
5	1579
3	21
0	23
0	21
1	29
0	0
0	0
0	316
1	76
0	289
1	18
18	220
14	200
0	11
0	66
8	65
5	47
1	27
0	93
2	84
3	107
42	59
1	77
1	22
18	15
144	2988
22	2988
13	155
0	304
4	299
1	126
9	253
7	216
3	268
2	2
0	2
3	296
4	1180
4	634
0	0
3	7093
648	7627
6	1160
0	5498
5	2523
0	2
95	791
1	826
0	511
0	663
16	527
3	55
4	17
0	52
1	52
0	34
0	52
0	550
0	529
2	444
0	529
1	525
44	346
0	504
1	33
0	79
0	115
0	0
0	103
2	167
0	155
0	97
0	108
1	58
1	91
0	76
0	33
0	77
0	69
0	6
0	29
0	0
0	123
1	113
2	126
0	126
0	124
3	100
0	92
0	93
0	97
3	4
1	9
0	13
665	10250
43	2171
10	2618
5	7672
11	7672
0	16
6	2179
8	1216
0	1095
0	986
2	525
1	887
0	228
12	406
170	751
1	0
14	1
16	281
0	3
38	1
23	2
9	183
0	497
3	64
9	48
1	123
1	309
6	190
109	4619
0	1365
46	4475
12	1128
0	954
10	1277
1	4013
5	402
19	722
455	497
30	352
0	109
2	110
1	2
5	353
2	182
3	39
0	1669
0	1315
0	1675
0	1296
3	1015
134	1111
0	549
2	202
0	521
24	0
6	56
3600	575
22	573
0	214
0	0
0	0
402	51
225128	162
1	1
0	1
0	1
2	0
0	349
1335	1075
0	1030
0	992
19	226
0	0
0	0
0	0
0	10
0	19
2	10
0	15
0	10
0	10
0	22
0	9
0	8
0	14
0	10
0	0
0	4
0	10
0	1
0	3
1	10
0	9
4	1423
93	1423
37	1438
3	705
3	708
0	152
168	26
7	51
76	0
0	0
190	33
0	31
0	0
0	0
0	0
0	0
0	0
0	0
0	0
0	0
0	0
0	0
0	0
0	0
0	0
0	0
0	0
0	0
0	0
0	0
0	0
0	0
0	0
0	0
0	0
23	0
51	0
0	0
0	0
0	0
0	0
0	0
0	7
0	0
4	9
0	8
2	2933
0	0
0	3662
135	11566
0	10275
7	1156
0	0
0	55
3	2
26	217
2	219
2	219
1	195
2	211
5	25
22	105
0	131
0	95
0	18
0	7
2	18
0	18
0	2
0	15
0	12
0	9
8	741
0	851
0	809
8	956
36	260
0	867
60	122
22	803
0	331
0	67
1	78
0	292
0	1
0	1
0	0
0	1
0	1
0	1
0	1
0	1
0	1
0	1
0	1
0	1
0	1
0	1
0	1
0	0
0	1
0	1
0	1
0	1
0	1
0	1
0	1
0	1
0	1
0	1
0	1
0	1
0	1
0	0
1	675
79	812
1	797
42	15
0	797
0	110
9	7
0	0
0	0
42	1613
0	594
0	749
2	1082
1	436
3	375
0	0
1	387
0	0
0	0
0	0
0	95
0	76
0	95
0	95
0	95
0	38
0	12
0	3
0	3
0	0
0	1
1	0
0	0
0	0
0	0
0	0
0	0
0	0
0	0
0	0
0	0
0	0
0	0
1	8
0	0
0	0
0	0
0	1
0	3
0	1
0	0
0	0
1	2
313	164
2	164
0	1
4	1
0	79
0	10
0	61
2	79
0	68
0	62
0	72
18	7
0	52
0	60
0	11
0	10
9	24
2	27
0	22
263	7858
9	1837
0	1112
0	2200
24	5622
26	1858
0	5
2	665
15	332
16	663
0	299
0	637
0	295
1	392
0	197
1	0
1	17
0	45
0	52
1	39
0	38
0	0
0	0
0	0
1	0
1146	1000
1	964
12	0
5	0
4	0
0	0
0	0
1290	10
10	0
3	0
0	0
3	0
130	2
0	1
0	1
15	0
1	0
0	0
6	678
51	678
1	132
5	172
38	163
5	0
7	1367
1	564
5	1150
7	370
13	1311
153	53
0	53
7	0
72	3422
9	3587
6	3473
46	169
9	473
8	696
1	59
3	0
1	185
0	12
42	1356
2	189
34	1342
4	66
6	145
1	239
17	112
0	0
2	58
0	4
0	12
0	0
47	2
0	0
1	30
0	30
0	0
0	0
0	0
0	57
9	120
2	59
0	19
49	82
9	79
0	25
4	0
2	654
17	1300
1	1290
2	31
1	150
0	143
0	14
0	0
0	0
0	0
58	0
0	0
36	1060
1	801
2	947
0	80
4	71
3	152
0	46
13	191
1	4
0	6
0	2465
13	6
0	2460
1	2410
4	453
10	648
1	1659
6	88
0	39
3	351
0	568
0	0
0	0
0	0
0	0
0	0
0	0
0	0
0	0
0	0
0	0
0	0
0	0
0	0
0	0
55	679
0	0
1	305
0	0
0	456
0	189
0	376
0	163
0	0
4	0
450	9224
218	9224
49	525
3	688
2	464
0	62
0	52
1	0
128	2815
0	910
222	1687
6	2689
1	373
0	64
54	24
4	46
26	42
0	292
44	10
0	0
507	2
145	7914
3	7598
0	7742
1	7677
3	689
3	469
18	780
458	1232
96	1346
3	400
71	1092
0	0
0	0
0	0
2	0
0	0
0	0
0	0
0	21
121	21
0	0
6	0
0	0
0	0
2	0
0	0
0	0
0	0
2	0
582	12
90	67
0	348
1	41
1	5
6	93
1	65
6	2
60	246
5752	1351
28	1343
4	439
0	0
4	193
5	0
0	0
0	0
0	0
3	235
19	362
0	353
25	174
1	335
12	1
9	54
31	177
0	177
0	0
0	0
0	0
0	0
0	0
0	51
0	0
2746	735
10	124
107	0
4	555
0	0
0	26
3	2
0	35
13	1943
0	16
3	32
110	684
0	1952
0	9
1	109
8	1159
13	1462
0	341
196	123
4	62
16	0
2	71
0	0
0	0
0	0
5	366
0	75
4	366
122	435
15	3
0	40
1	31
5	390
5	79
0	32
0	101
0	59
6	87
82	74
0	1332
11	1318
1	6
22	419
0	53
0	1342
2	89
1	156
151	921
0	1252
6	10
3	41
0	27
2	93
0	68
1	22
13	39
0	129
6	175
1	50
7	0
0	7
4	20
0	17
0	17
3	540
23	1126
0	1121
0	968
0	959
0	671
0	700
0	956
0	656
2	137
64	793
9	762
0	311
25	1516
69	1488
12	1338
0	313
0	0
3	318
0	546
13	2
31	546
0	2
0	417
1	386
0	0
0	0
0	0
0	0
0	0
0	0
0	0
88	2010
2	375
0	54
5	607
15	559
4	125
3	1900
10	85
2	49
0	43
0	229
3	46
0	111
0	316
1	292
0	13
7	13
0	0
17	0
6	0
0	0
3	0
74	862
77	862
0	7
0	5
0	5
0	4
0	4
0	5
0	4
2	2
0	0
0	0
0	0
0	0
0	0
0	0
4	21
0	16
0	17
3	9
0	0
0	0
0	0
0	0
0	1
0	1
0	0
0	0
0	0
0	0
1	0
0	1
0	1
0	1
0	0
6	48
0	0
0	0
0	0
2	0
1	15
0	0
0	0
0	0
0	0
0	0
0	0
0	1
3	1
1	0
7	62
0	173
0	173
2	435
4	415
1	420
6	170
1	422
0	0
0	15
11	37
0	41
0	232
4	25
0	20
4	10
15	1
0	1
0	1
0	0
584	9
3	9
0	1266
0	1237
0	496
0	526
0	441
0	497
0	471
0	397
0	166
2	286
0	40
0	16
4	9
10	28
0	6
0	2
2	597
0	402
10	255
0	96
139	0
52	1440
37	1576
0	177
2	383
0	69
9	132
0	549
6	511
3	188
0	0
264	2834
4	2804
65	45
1	74
0	39
0	3
4	3
102	0
2	26
3	7
0	6
126	3
2	12
1	39
1	0
0	0
2	1
0	0
0	2
1	136
0	108
337	1369
0	1295
0	920
0	478
17	394
0	384
0	421
0	0
0	0
166	356
0	356
14	10
0	0
2	0
2	0
0	0
0	0
123	620
11	586
3	104
0	111
0	100
12	80
1	130
0	0
0	0
0	2
0	0
0	19
0	0
0	0
385	0
2	1
0	0
0	0
0	1
25	16
0	0
0	0
0	0
0	0
0	0
0	0
0	0
0	0
0	15
0	0
0	0
0	0
0	0
0	0
0	0
0	0
0	0
0	0
0	0
0	0
0	0
0	0
0	0
1	0
0	0
0	0
0	0
0	0
0	0
0	0
984	271
1	107
224	0
70	0
190	0
100	164
0	0
363	1521
1237	1595
0	611
4	192
0	0
0	0
0	0
0	0
0	0
0	0
0	0
0	0
0	0
0	0
0	0
21	28
0	11
0	22
0	1
0	0
0	0
0	0
2	0
0	0
0	0
0	0
3	0
3	0
2	0
3	0
3	0
7	0
5	0
0	0
0	0
0	0
0	0
0	0
122	332
0	330
41	3639
38	3639
2	161
84	161
12	41
5	41
4	95
1	0
0	79
0	0
0	20
0	39
0	11
0	36
0	37
4	0
0	0
0	0
0	0
0	0
0	0
0	0
0	0
14	0
0	0
0	0
0	0
0	0
2	0
0	0
44	2
5	2
0	0
1	0
3	0
1129	0
1	0
0	0
0	0
0	0
0	0
1	0
512	23125
0	22796
1	3079
7	1279
0	2093
0	1004
0	1499
9	0
8	0
8124	2195
1	0
0	1425
1	770
513	0
16	0
40	0
6	1425
18	1120
10	1348
4	1122
21	3
13	371
12	402
10	254
22	379
7	480
0	32
81	198
1	471
9	290
8	290
3	194
2	86
0	90
0	18
10	56
12	21
2	1089
1	1089
1	45
55	1101
0	330
0	1083
26	1089
0	1802
366	1919
0	1900
0	1794
216	1495
0	462
0	94
286	282
8	33
0	0
24	0
0	1
0	1
0	1
0	1
0	0
0	0
12	162
0	0
0	0
0	0
0	1
0	37
74	672
25	669
1	0
56	153
42	1506
0	1509
0	218
0	141
7	1236
0	0
3	20
69	35
0	47
29	10
0	0
0	0
0	0
1	0
0	0
0	0
0	0
5	0
0	0
6	0
0	0
0	0
0	0
0	0
0	6
4	6
0	0
1	0
0	0
0	0
0	0
29	0
0	1
0	1
0	1
0	1
0	1
1	1059
2	1176
0	548
1	215
55	573
200	686
5	103
6	44
0	33
0	0
1	0
2	0
0	0
47	4092
9	4092
15	2312
24	28
4	296
0	0
0	0
11	2633
2	144
0	26
3	85
0	52
0	0
4	162
0	4
5	1784
1	4
0	0
0	0
0	2
1	2
2	0
21	2541
0	2524
12	55
0	1827
7	1641
69	36
86	56
0	0
1	1486
3	1808
0	2612
0	0
0	1459
0	1172
4	2349
0	2013
0	1203
0	174
0	60
3	4
0	111
2	161
1	0
11	0
5	19
0	19
0	4
0	17
0	18
1	5
0	6
0	7
7	8
0	0
0	618
10	732
1	100
0	46
1	125
0	90
0	0
200	3782
63	239
2	748
4	205
0	2643
0	0
6	98
0	67
2	1417
13369	163
16	769
12	163
236	1693
0	1345
1	1106
6	191
1	1262
20	1230
0	0
0	22
0	22
27	21
1	15
1	2
0	2
0	0
0	0
0	2
15	808
3	784
4	734
0	792
4	793
0	663
47	134
19	0
7	77
0	0
91	0
27	1373
17	29
352	2527
2	1334
2	517
0	412
1	271
0	405
1	636
16	4100
18	3846
38	3870
49	3807
4	495
1	371
0	3091
27	42
0	445
0	0
0	0
9	0
0	2
0	2
0	1
4	6
8	34
0	35
0	24
0	5
7075	4
0	0
0	0
0	0
0	0
0	0
0	0
0	0
419	1206
1	1051
2	11
1	37
0	110
2	133
0	0
0	0
0	0
1	0
0	3
2	594
955	1189
6	303
20	255
3	556
590	261
74	261
27	81
0	1
15	876
0	876
0	0
0	0
12	143
19	173
0	90
0	33
8	10
0	3
21	1412
145	1537
3	339
2	125
9	149
126	34
0	5
0	20
3	1
0	9
5	4
0	0
0	0
291	32
0	32
1	0
18	0
0	12
0	12
2	13
0	12
0	12
0	0
0	0
0	0
0	0
0	10
0	1
0	0
0	6
3	2
0	72
659	75
2	14
1	39
0	414
10	8
1	149
6	405
0	277
0	0
0	0
5	108
92	763
0	3
0	0
129	0
0	760
1	0
0	0
0	0
0	0
0	0
0	0
4	0
0	0
0	0
0	0
0	0
0	0
0	0
0	0
0	0
0	0
0	0
0	0
0	0
0	0
0	0
0	0
0	0
0	0
0	0
0	0
0	0
6	34
0	6
0	28
0	0
0	0
0	14
0	14
0	0
0	0
0	0
0	0
0	0
5	0
1	3
1	1
0	0
0	0
0	0
244	563
32	497
18	510
11	451
0	0
0	85
3	1
0	0
1	0
174	27
1	25
238	1602
0	1602
57	0
0	0
0	0
3	21
0	21
1	22
0	21
0	0
0	18
0	0
0	0
0	0
0	0
0	0
0	0
0	0
0	0
0	0
0	0
0	0
0	0
0	0
0	0
0	0
0	0
0	0
0	0
0	0
0	0
0	0
0	0
0	0
0	0
0	0
0	0
0	0
79	1621
0	1
0	0
0	0
0	0
1	5
1	0
0	0
31	25
0	0
0	9
6	1
411	1220
0	912
0	0
0	8
2136	654
0	259
1	4
0	0
6	0
0	0
1	0
1	1
54	572
0	13
79	313
0	0
0	9
0	0
0	0
0	0
0	77
0	0
0	0
0	0
0	0
0	0
119	104
0	0
48	182
0	68
0	0
0	1
0	0
0	0
0	0
0	1
0	0
307	14
183	104
0	0
0	182
36	6
0	0
9	0
0	0
0	0
0	0
0	0
306	1315
25	230
0	0
0	0
0	0
0	0
0	0
0	0
0	0
51	1751
20	1574
53	675
0	0
0	1
0	0
0	105
0	0
0	0
0	0
48	1667
31	1490
0	0
0	675
0	0
2	1
0	0
18	105
0	0
0	0
6	0
0	0
285	1315
14	224
0	0
0	0
2	0
0	0
0	4
0	0
3159	9
0	0
1	0
0	0
0	0
0	0
0	0
0	0
0	0
0	0
0	0
0	0
0	0
0	0
0	0
0	0
0	0
44	82
0	82
48	1332
1	1300
0	93
0	99
0	23
1	23
0	11
0	3
13	181
1	182
0	174
1	31
563	284
4	246
8	38
1468	171
1	169
6	87
0	82
0	85
0	0
0	0
0	0
0	0
531	790
15	790
6	0
0	0
0	0
0	0
342	520
82	520
1	218
16	218
1211	104
0	100
167	2
2	26
8	71
18	4
25	5119
88	5585
0	839
63	79
1	0
472	234
100	234
0	1999
16	1829
0	1915
64	1560
1	135
174	1114
24	2
75	335
20	291
1	52
0	0
34	195
35	174
59	78
8	59
130	1404
4906	1404
26	0
0	208
0	212
1	46
3	27
6	4
0	4
0	0
0	4200
0	4311
166	4288
93	0
0	146
0	0
0	62
0	75
0	18
0	27
0	41
0	50
0	76
0	76
0	76
0	50
0	18
0	14
0	0
0	0
0	0
3	0
0	18
0	24
0	0
0	2
0	0
0	0
0	0
1538	1768
28	87
3	87
10	1693
0	532
2	0
754	0
6	2077
64	2018
9	307
214	232
26	0
0	0
1650	10
0	0
0	8
0	1
0	0
0	8
0	0
0	0
0	0
0	0
0	0
0	0
0	0
1	0
4	0
1740	0
2	0
22	37
1	0
0	0
0	0
0	0
3	453
44	453
1	0
0	0
0	0
0	0
1	6
0	6
0	6
0	0
0	4
0	0
0	1
0	1
0	1
0	1
0	1
0	3
0	4
0	0
0	4
0	4
0	1
0	0
0	0
0	0
0	1
0	0
0	0
0	0
0	0
1	4348
100	4376
0	4310
0	212
3	567
234	1599
9	1599
0	668
14	6
0	6
1	0
0	0
401	2961
79	2961
1	896
0	128
0	162
19	0
0	0
2	0
1	0
26	0
16	2250
48	2357
8	742
0	0
6	0
0	111
0	229
7	46
0	33
1	34
0	19
0	16
10	0
12	10
1	5
1	5
0	0
0	0
0	0
0	0
0	0
0	0
0	0
1	11
0	0
0	16
0	654
0	543
0	635
5	581
0	626
0	63
0	14
1	38
0	36
0	387
0	0
0	0
2	276
0	73
13	337
14	33
0	280
0	3
1	71
1	44
7	29
2	0
0	25
6	21
0	4
0	1
1	22
0	3
1	6
17	17
0	10
0	4
0	0
4	11
0	6
16	6
22	876
220	898
5	1108
5	1358
681	1358
12	709
0	0
1	0
34	268
0	0
22	0
41	0
3	285
35	104
8	30
3	1068
0	957
2	871
0	1205
3	1015
0	237
3	274
28	87
0	1070
0	367
0	914
0	7
1	553
0	186
0	261
391	448
31	35
0	378
15	334
11	0
0	9
0	21
24	20
5	0
1158	154
0	83
21	70
417	222
7	130
0	43
1	135
0	3
30	3
39	2491
0	2160
2	2336
31	1922
13	2328
1	2316
2	1985
3	167
23	405
1	130
98	4
30	53
0	0
0	53
0	14
868	504
1	389
0	115
3	0
587	0
611	1311
3	707
10	431
1	991
7	83
2637	361
0	0
12	111
3	220
10	0
6	10
30	0
0	0
15	12
36	0
22	0
0	0
0	0
80	5
437	814
2	121
5	267
2	186
3	212
7	116
0	85
0	677
18	84
0	35
0	69
8	0
124	0
243	80
0	80
4	10
2	0
0	0
0	0
0	0
0	0
0	0
0	0
0	0
0	0
0	0
0	0
0	0
0	0
0	0
0	0
4	0
0	0
0	0
0	1
0	1
0	0
0	0
0	0
0	0
0	24
3	34
403	32
0	0
3	2
0	0
0	0
0	0
0	344
1	94
4165	910
7	364
5	507
12	615
3	571
4	0
2	145
0	0
0	0
167	1322
110	1247
112	166
1	161
0	1302
0	169
4	12
0	4
23	4
0	70
0	173
1	6
0	60
3	90
0	638
45	696
0	76
4	91
123	125
0	36
0	71
0	63
7	52
14	73
3	21
2175	3931
101	3072
1	0
6	2734
0	388
0	0
4	158
34	210
57	2
0	3
0	1
0	2
0	0
0	0
13	21
1	21
0	11
0	0
13	2
1	0
0	2
328	415
1	415
18	0
0	0
0	0
0	0
0	0
0	0
2	0
0	0
0	0
0	0
0	0
0	0
0	0
0	0
0	0
0	0
0	0
0	0
0	0
0	0
0	0
0	0
0	0
0	0
0	0
9	5
0	5
0	4
0	5
0	5
1	0
3	0
4	0
0	0
5	56
0	0
0	0
0	0
0	0
0	0
0	0
0	0
0	0
0	31
0	27
0	7
0	26
0	10
17	133
21	34
5	133
1	23
12	16
18	0
11	471
4	500
0	464
0	491
1515	158
9	143
0	77
2	39
0	104
13	55
0	75
1	99
0	10
0	0
0	0
0	0
0	0
0	0
0	0
0	0
0	0
0	0
0	0
0	0
0	0
938	1510
0	1523
0	1069
0	1064
0	1342
0	1373
0	639
0	1011
0	1157
0	680
0	694
0	636
0	416
0	324
0	761
0	293
0	430
0	102
0	33
0	1
0	24
0	333
3	422
0	681
0	80
0	132
0	40
0	63
0	333
0	186
267	640
0	313
49	28
0	0
0	0
0	0
0	0
0	0
1	74
255	1299
29	1309
2	1076
16	296
13	62
53	62
0	10
0	103
38	884
1	486
768	950
3531	0
522	77
0	73
0	443
5449	1606
0	1590
38	8
0	0
0	0
27	954
15	956
15	31
5	0
1	956
0	138
0	0
0	252
14	766
0	789
8	726
0	311
3	77
2	28
0	6
0	75
10	4
42	214
1	30
0	112
1	112
0	0
0	16
1	0
163	0
0	0
0	0
0	0
1	0
2	734
8	1008
8	661
14	467
0	441
4	324
13	648
3	224
4	216
2	36
11	1183
9	0
0	0
1989	10
0	0
50	4064
6	121
0	4064
8	3527
0	259
0	0
0	0
0	0
0	0
0	0
1	0
0	0
0	0
0	0
0	0
0	0
7	0
0	0
8	0
1356	2
2404	1498
0	171
5	1332
7	115
89	19
1	0
2	0
0	0
1	0
0	0
0	0
0	0
0	0
0	0
0	0
0	0
0	0
0	0
2	0
0	1912
1	1914
45	1914
26	0
0	0
0	0
1975	180
42	0
0	180
9	72
7	0
1013	620
0	618
15	37
0	0
1	0
0	0
0	0
1	0
0	0
0	0
0	0
1	0
918	9
2	9
0	0
0	0
0	112
368	522
28	156
84	522
0	3
2	3
0	0
0	0
1	0
0	0
0	174
0	174
2	0
0	0
0	0
14	101
32	106
0	28
0	81
0	62
13	726
3	691
11	621
10	47
3	37
17	188
1	192
27	181
7	8
1	0
41	0
0	0
0	0
0	0
0	0
0	0
0	0
0	0
0	0
0	0
0	0
0	0
0	0
0	0
0	2
0	2
0	0
0	0
0	0
0	0
0	0
0	0
0	0
4	1521
6	1366
15	760
23	746
0	0
0	0
0	0
0	0
0	0
0	0
0	0
5	218
249	237
1	91
0	26
22	8
0	0
0	0
6	4
0	4
43	21
0	0
98	20
39	1
525	786
0	541
33	297
0	778
3	32
5	2161
1	2059
33	2037
8	1888
74	1641
17	317
14	452
0	1
0	128
32	380
0	54
3	31
117	765
1672	1003
3	719
5	695
0	713
0	263
28	248
0	953
9	1047
3	443
20	633
0	256
10	4
0	0
1	1
0	0
0	0
0	0
0	0
0	0
0	0
0	0
2	0
2	171
0	307
1	0
0	316
0	132
13	64
284	64
1	6394
0	3471
0	6309
83	3279
56	47
3	217
10	218
1	119
19	134
3	1
6	1
0	198
3	64
8	0
43	217
0	2817
0	0
2	109
14	2
2	2
12	0
0	0
50	1157
1	291
126	3789
0	3873
555	6955
31	5874
11	1044
15	1760
0	136
1632	3
8	3
0	0
7	291
0	0
0	0
0	0
13	23
0	0
0	0
0	0
0	0
0	0
0	0
0	0
0	0
0	0
0	0
0	0
0	0
0	0
0	0
0	0
0	0
0	0
0	0
0	0
0	0
0	0
0	0
0	0
0	0
0	0
0	0
0	0
0	0
0	0
0	0
0	0
0	0
0	0
0	0
0	0
0	0
26	0
429	33815
11	33651
0	33815
0	32135
2	0
1	343
8	0
4	0
0	0
6	3
0	0
0	3
0	0
1	1
42	0
0	1
0	0
0	0
4	0
0	34
431	34
4	349
0	327
0	290
9	746
0	717
5	450
0	733
5	75
2	19
0	12
11	7
0	12
0	0
0	0
0	1659
87	243
0	283
0	1647
0	268
0	1516
0	1536
0	0
0	0
0	0
0	0
0	0
8	98
0	120
0	1747
13	0
0	21
7	513
0	17
0	274
0	1641
3	15
0	728
0	13
285	4
1	135
1	16
0	1500
0	27
0	2
3	0
63	3
0	1548
22	163
0	93
0	93
3	72
0	33
136	0
116	0
6	16
18	1118
5	0
0	0
894	1373
70	462
3	1266
2	782
18	0
0	0
0	0
0	0
22	24
0	26
1	23
82	1547
4	818
22	1484
4	254
2	348
1	384
2	18
32	0
10	149
7	333
2	273
6	214
5	99
0	49
13	103
0	4
1	4
0	3
0	3
0	0
0	1
0	1469
49	1469
0	1469
4	1421
0	71
0	196
0	216
0	132
5	112
0	0
1	103
2	0
4	0
9	1024
2	237
3	176
9	423
0	1024
1378	1837
5	1833
2	723
0	0
0	69
0	0
0	0
0	0
0	0
0	0
1	0
0	0
0	0
0	0
0	0
0	0
218	1654
43	290
0	3
32	0
1	123
2	90
0	0
3	1601
1	66
1	940
2	16
0	62
0	241
5	82
3	221
0	3
0	23
0	58
0	0
0	28
1	32
2	475
0	475
31	428
2	310
0	0
0	0
0	57
5	7
7	6
986	1368
14	1276
19	228
0	254
7	24
40	24
11	393
0	56
2	333
0	128
6	60
1	31
0	0
0	0
0	31
3	13
16	42
1	54
197	9
0	0
0	0
32	13
0	2
0	11
0	10
0	0
0	0
0	0
0	3
2	0
2	671
2	614
1	253
0	319
0	182
0	166
1	24
17	0
44	2
6	6
0	0
134	2494
4	1889
5	2518
26	292
9	102
2	433
14	784
0	114
6	136
0	432
0	0
0	0
0	0
0	17
1	296
51	297
0	160
38	5
4	5
21	1011
38	1011
11	120
16	0
0	0
1	0
0	0
0	0
0	0
0	0
0	0
935	18
0	0
0	0
81	18
0	0
0	0
0	131
4	341
1	331
4	320
4	70
7	70
0	28
32	947
16	973
2	0
0	276
0	166
0	21
0	30
0	31
2	0
8	32
0	0
0	0
0	0
0	0
0	0
4	0
0	0
0	0
0	0
0	0
0	0
0	0
0	0
0	0
0	0
0	0
0	0
0	0
0	0
0	0
4	0
0	0
0	0
0	0
0	0
0	0
0	0
0	0
0	0
0	0
2	2
7	2
0	0
0	0
0	0
0	0
0	0
0	0
0	0
0	0
0	0
0	0
43	256
0	0
1	9
1	0
0	0
0	0
0	0
0	0
0	0
0	0
0	0
0	0
1	543
37	616
71	493
188	80
3	0
0	51
1	51
0	48
22	52
0	2
0	0
153	47
0	23
1	45
28	0
5078	4
0	0
2	12
0	0
0	12
0	12
0	11
0	0
0	5
0	5
0	5
0	0
0	5
0	0
0	1
0	1
0	1
0	0
0	0
0	0
1	0
0	0
0	0
0	0
195	0
4	0
3	0
8	0
4	0
0	0
1	0
0	0
0	0
0	0
0	0
0	0
0	0
1	0
0	0
0	0
0	0
2404	0
55	0
0	0
0	0
0	0
1	178
22	257
14	1
28	0
3	96
2	58
9	49
7	51
1	2
19	11
28	369
1	781
180	919
1	54
2	0
0	0
1	137
0	0
0	0
0	0
0	2
0	4
0	6
0	3
0	3
0	18
0	36
0	23
0	27
0	31
0	22
0	20
0	5
0	9
0	25
0	26
0	26
0	31
2	2
2	6
1	15
14	25
0	28
2	34
0	24
2	31
0	31
1	34
0	22
0	4
0	11
3	5
0	3
25	31
0	32
3	15
0	20
131	0
0	1
0	1
0	1
0	1
2	6
6	6
6	3
32	0
0	0
4	0
482	0
17	5
1	5
2763	878
3	680
13	241
17	0
2377	6583
59	6517
0	1547
47	2062
0	0
0	178
80	0
49	0
48	0
227	0
100	0
0	1
1	8
4	0
16	8
2	0
0	0
56	89
0	84
0	86
0	1
0	0
0	0
0	1
0	1
0	0
0	0
0	0
2	1
0	0
0	0
0	0
0	0
0	0
0	0
0	0
0	0
0	0
0	0
0	0
0	0
0	0
0	0
0	0
0	0
0	0
2	316
117	339
1	135
0	127
0	0
0	0
0	0
0	0
0	0
2	178
1	365
0	102
24	498
2	133
32	68
55	126
0	7340
45	7565
21	3543
0	5025
364	5002
0	5321
0	5480
153	1963
137	958
81	368
22	0
0	790
0	813
0	260
3	468
2	158
5	201
2	712
1	715
1	0
1	70
62	0
4	0
0	0
0	0
1123	1407
20	1405
0	0
1	92
0	30
1	2318
316	404
2	113
4	128
24	325
0	245
6	196
7	2928
0	2990
1	2911
3	14
0	805
21	629
2	148
39	67
20	26
6	0
0	0
0	0
0	1
0	1
2	381
6	44
0	1098
25	1132
3	19
9	171
1	25
0	10
0	21
0	0
0	0
0	0
0	149
0	0
0	0
0	0
0	0
0	67
0	68
1	4
0	72
0	70
0	0
8	0
1	0
0	0
1	0
0	0
0	0
0	0
0	0
0	0
0	0
0	0
0	0
0	0
0	0
0	0
0	0
50	37
5	37
0	0
8	4
0	3
0	0
0	0
938	625
0	307
0	317
0	137
3	0
1163	7001
0	5497
82	6388
0	2583
17	742
170	731
0	449
122	1611
29	1611
30	61
0	130
9	0
0	83
0	0
0	1
0	0
0	0
1	0
4	238
1	163
0	149
7	142
1	18
0	0
0	0
0	0
0	0
0	0
0	1
0	0
0	1
0	1
0	0
3986	4
2	0
4	0
0	0
0	0
0	0
0	0
0	0
0	125
0	96
21	103
0	0
0	189
0	156
0	0
0	0
0	0
0	192
0	0
0	189
0	194
0	0
0	167
0	172
0	0
88	388
7	375
50	36
33	0
0	0
0	2
0	2
0	0
3	8
0	8
0	7
9	91
43	91
0	0
0	3
277	104
0	20
0	0
0	0
0	0
0	0
0	0
0	0
0	0
0	0
0	0
0	0
56	711
1	711
19	319
0	0
0	0
0	0
1	2787
0	2787
1	1938
0	1300
0	494
12	1110
30	1233
35	179
18	890
0	24
11	0
10	104
1	2
0	2
0	0
0	38
16	67
0	59
1263	1757
2	1757
12	0
0	0
30	73
0	74
0	0
0	0
3	42
0	0
0	9
0	0
0	4
0	0
0	0
0	0
91	1354
8	1184
0	228
2	1353
7	153
0	1319
12	0
2	91
0	102
2	4
322	322
5	7
0	310
4	35
1	62
0	0
0	0
518	263
0	0
1	256
11	146
0	44
0	5
1749	1234
29	1056
2	267
11	51
11	26
8	391
42	24
0	24
2	0
0	0
0	0
275	303
4	38
31	0
0	0
0	293
0	0
18	56
3	0
23	0
0	56
0	0
13	596
0	596
0	597
0	40
0	48
30	0
20	1
1	0
2	0
0	0
0	0
0	0
0	0
0	0
23	5
161	334
0	268
3	21
8	65
20	5
72	44
0	42
68	1340
0	1113
2	1344
6	1331
0	1321
2	1125
0	708
2	280
5	118
0	122
4	97
28	71
0	51
0	40
118	53
1	96
1	16
0	29
415	49
757	77
109	3049
1	2530
29	2730
0	274
1	572
0	159
25	1371
0	515
1	66
4	46
11	43
90	370
19	301
0	52
0	10
8	25
0	51
2	22
1	16
0	70
0	131
0	131
2	29
1	6
0	1
0	6
0	1
0	4
0	4
0	0
1	2
0	4
1	0
1	3
0	3
0	1
2836	0
28	0
221	2204
36	2351
14	2352
0	2434
0	375
0	332
3	6
0	3021
64	3111
147	2093
0	2053
7	2056
0	1320
0	933
102	0
202	185
49	185
43	49
4	140
0	120
2	3
0	31
0	15
15	2
0	0
0	2
6	0
0	0
0	0
4	381
37	512
4	302
47	284
15	281
10	256
3	50
5	217
7	294
0	1
21	251
0	162
6	158
0	1
0	1
0	1
0	1
2	21
0	534
1	730
10	662
1	592
5	12
2	25
5	42
0	611
5	20
0	0
1	112
1	172
6	148
0	68
0	72
0	75
6	27
3	1
26	331
2	152
0	60
7	43
4	161
2	43
0	785
1	846
0	766
0	8
1	585
0	77
67	277
1	52
0	1
75	185
16	6
4	46
0	42
0	0
0	39
2	268
0	304
2	39
0	293
2	82
1	65
0	36
11	1192
5	1104
2	243
21	523
1	65
99	2959
2	653
29	2444
0	1205
9	427
0	1560
24	1611
4	557
0	12
0	12
0	2
0	5
152	4102
30	4102
27	3
0	0
0	0
0	3
7	302
42	304
3	8
2	10
0	1
1	427
1	433
0	464
2	396
5	367
25	9
0	9
0	0
26	9
1	2
0	7
2	542
5	229
3	464
4	647
2	476
0	270
2	185
5	12
21	15906
156	16117
1602	16809
11	10994
262	15776
0	14428
2	11560
0	10592
35	6572
0	5186
170	563
3	521
0	155
0	117
0	113
0	7
7	15
154	4918
0	5319
162	2039
4	5135
30	461
23	182
4	1229
24	949
0	1314
0	1000
2	597
0	65
545	65
0	39
3	182
1	1219
0	1730
3	1647
9	1602
0	22
1	351
10	188
0	1176
65	1002
12	1001
5	126
3	21
18	57
2	264
0	285
0	1
4	299
0	244
2	277
2	138
1	58
0	63
9	0
0	7
92	7
0	66
1	66
925	494
0	247
1	259
0	221
0	190
1	65
1	60
0	49
133	1360
3	200
0	624
0	983
50	280
6909	4
13	0
17	0
1	0
310	1112
92	1112
0	1
0	9
2	9
0	9
0	9
0	8
1	2
0	4
2	176
1	33
8	176
0	174
6	171
8	5
292	137
4	130
9	0
2	24
1395	0
12	0
1309	411
12	154
6	141
11	77
3	4
2	111
175	0
7	241
0	478
1	348
0	44
1	34
0	16
0	8
1	15
0	3
0	14
0	3
0	0
0	2
2	19
0	19
0	1
0	1
0	0
7	153
17	287
9	230
4	60
0	20
6	40
0	16
0	25
0	25
0	24
0	17
0	8
0	15
0	0
0	4
0	0
1106	1
1	1
12	0
50	14464
10	8733
81	10665
45	10203
1	11003
1	6136
8	8289
2	4558
0	0
0	35
0	554
0	35
0	17
0	17
0	17
0	17
0	534
26	504
18	2
0	50
46	474
0	0
1	0
0	0
0	0
0	0
0	5
0	0
0	5
0	0
0	0
57	419
3	505
38	591
0	116
2	20
13	84
3	46
0	11
40	2041
22	2489
33	2403
0	2452
14	0
11	1089
3	1573
0	1582
7	187
0	1571
0	1262
32	1317
0	597
12	312
9	193
1	152
11	851
1	434
103	263
81	279
61	140
3	16
10	1041
1002	1388
1	7
22	4
34	0
0	330
0	335
2	371
6	113
0	120
0	22
0	22
29	75
1094	169
0	103
6	69
18	43
7	31
17	203
21	227
1	190
0	149
4	34
215	314
0	79
30	235
974	0
1	13
0	8
15	1312
6	1199
5	1266
1	1154
4	1195
8	50
1	309
0	18
0	1274
23	486
2	487
40	319
24	266
0	656
0	622
33	597
6	497
4	63
27	555
9	622
0	108
1014	0
1	0
0	64
326	124
0	124
0	143
17	114
565	1130
0	250
0	430
10	354
15	481
19	0
0	0
0	0
1	883
0	1
0	884
0	15
3	74
1	13
64	142
5	932
2	743
1	1464
3	946
174	701
1	458
2	1170
0	12
1	15
0	4
4	2
0	1
0	9
0	0
0	9
35	3093
9	1184
81	2082
20	57
0	57
0	0
0	1
2	3
1	4
0	2
3	6
0	5
0	759
4	723
3	152
0	742
24	658
0	15
7092	0
0	1
1	57
23	314
0	322
0	310
7	257
0	13
0	75
1	14
15	16
0	61
0	61
1	27
17	22
4	0
0	1
0	0
0	0
0	0
224	284
5	17
6	0
0	272
126	8
1	376
0	8
4	8
3	2
0	2
897	746
0	535
4	452
14	65
0	22
3	545
3	39
3	139
0	12
2	63
0	0
0	60
4	0
51	35
0	24
2	13
0	54
0	0
0	0
0	1
0	0
0	0
0	0
0	3
0	3
0	0
0	2
1	0
0	0
0	0
0	0
3	9011
895	11408
91	139
3	11269
0	0
0	0
2654	618
0	118
1	618
58	76
0	76
1	1
0	1
0	1
0	0
891	2823
112	2823
152	252
0	21
0	31
0	13
3	31
0	90
12	99
9	88
0	3
33	695
245	0
19	1098
18	1008
24	75
4	970
353	868
29	40
168	0
2	8
1	8
0	0
17	127
0	127
0	2
36	618
27	638
0	13
5	157
0	0
0	39
0	39
18	55
3729	427
0	425
31	0
114	2
385	0
9	33
0	0
0	0
2788	997
1	995
4	2
3	34
98	46
1	33
0	3
0	4
0	3
0	5
0	5
0	3
0	3
0	3
0	1
0	0
162	1189
561	1287
20	1189
0	447
24	11
0	117
27	1
7	34
51	42
1	42
59	0
2	0
0	0
0	0
21	711
0	816
12	816
0	0
39	19
0	0
0	0
0	0
4	130
0	0
0	0
0	0
0	0
0	0
0	0
208	146
2	146
0	1078
0	9
56	1059
12	8
2	78
7	40
0	173
0	656
6	15
0	0
254	603
0	80
1	82
0	63
0	93
1	583
0	65
0	0
0	68
1	163
0	0
230	97
0	97
137	2821
8	2821
4	2795
8	444
7	163
0	0
0	0
247	80
3	80
0	0
0	0
0	0
11	76
0	0
0	485
0	0
0	0
0	0
0	0
5	158
0	0
0	0
0	0
0	0
0	0
0	0
0	0
0	0
0	0
0	0
0	0
3	0
2	0
0	1
23	4000
0	2302
0	4112
25	211
1	2724
0	2227
0	56
0	0
0	0
79	351
1	322
0	314
0	0
0	0
0	0
44	0
2	0
3	0
37	588
70	144
0	588
3	579
1	27
0	0
15	0
642	137
2	133
1	37
0	0
0	0
0	3
0	0
318	135
20	135
2	3
0	0
0	0
0	0
0	0
0	0
0	0
0	0
0	0
0	0
0	0
0	0
0	0
0	0
0	0
0	0
8	135
82	1454
13	1450
16	335
0	1039
0	1150
0	1076
1	845
0	162
1	228
0	838
0	0
27	0
5	0
2	53
0	0
0	0
176	727
38	727
3	271
4	351
0	13
0	0
0	0
0	0
14	158
0	1032
2	628
0	624
0	650
4	348
22	1
0	187
1	62
1	0
0	0
3	0
126	370
36	370
32	2
0	2
1143	1048
61	1044
2	247
5	197
11	593
1	0
0	0
0	0
1	0
0	0
0	0
81	5972
34	5908
10	186
5	297
5	325
0	377
6	2
3793	3411
63	3401
11	74
0	0
7	164
7	279
46	279
0	0
0	98
0	0
0	0
0	0
1	88
736	88
0	0
0	0
7	128
0	0
0	0
8	0
0	0
0	0
3496	6179
12	5995
2	268
5	44
2	94
12	354
23	120
10	712
27	712
0	0
0	20
14	0
0	0
0	0
1745	619
30	617
0	2
0	2
4	0
0	0
0	0
0	0
0	0
4	11
1	615
0	667
4	672
0	1047
0	0
0	0
1	623
0	608
0	661
380	1041
0	6
1	44
0	572
0	0
2	0
19	120
3	608
1	19
0	0
3	0
0	0
0	0
8	167
2	153
25	195
6	47
0	27
2	23
0	36
1	8
0	5
8	26
0	0
0	0
0	0
46	870
84	1003
148	1046
5	258
1	360
10	262
32	74
0	0
590	59
25	57
50	20
14	0
0	0
0	1
0	1
23	232
71	232
0	41
3	0
1	0
3	1134
29	1156
11	284
3	134
90	40
0	39
0	0
0	0
4	0
1	6
0	6
0	11
0	25
19	624
4	600
0	227
3	117
5	115
9	53
0	12
2	0
4	2
0	2
0	0
0	0
0	0
0	0
678	1143
42	1143
7	1229
0	1550
0	2401
0	2196
17	2737
0	2150
11	389
0	90
0	593
16	657
1	629
0	718
0	243
0	450
2	22
19	244
1	0
4	0
0	0
343	1729
6	1729
1587	307
0	233
4	74
1481	2927
28	80
7	80
1	16
7	2852
0	2596
80	954
13	260
8	26
5	168
20	257
31	366
48	2974
82	2341
2	2621
0	2801
0	2801
1	2856
13	550
16	2449
6	2574
71	2557
62	2564
16	140
0	0
2	523
2	235
1	51
0	0
0	0
378	901
2	892
0	885
0	844
0	833
0	60
1	824
0	0
0	0
2	3
0	3
0	0
0	0
0	84
0	62
0	65
430	102
0	66
4	36
679	1033
0	1021
1205	1
8	1
5	11
0	9
0	11
2	1
0	0
47	34
0	27
0	5
5	7
0	5
0	0
1	1
2	1
0	0
9	30
0	30
1	0
0	0
40	0
91	0
0	447
20	62
48	125
113	447
0	0
8	991
83	991
0	37
3	16
27	16
37	1354
177	1368
7	546
2	58
0	2
1	40
0	40
0	0
0	4
0	6
0	3
0	0
0	0
1	0
724	0
0	0
0	0
0	0
0	0
202	0
685	0
1570	0
231	307
1	129
1	160
0	66
59	145
5	140
2	113
0	81
1	36
2	4
0	19
1	24
0	0
6	159
0	0
1	20
0	159
0	138
0	157
4	6
0	4
1	52
0	2
3	4
2	10
1	3
1	0
1	1
1245	0
0	0
2031	1079
32	805
0	550
0	438
2	54
0	102
0	1
0	202
0	1267
0	1307
0	38
0	160
0	383
0	1225
1	456
0	305
4	114
81	1190
0	118
2	61
0	132
1	274
0	281
0	304
0	1124
0	202
1	346
1	393
3	192
3	31
1	69
9	72
8	248
0	307
4	15
1	0
0	15
0	48
0	48
0	10
0	1
822	675
3	647
4	709
29	578
2	1
0	668
0	0
1	85
11	85
1032	0
3	189
73	1580
1	1665
1	877
2	106
1	303
7	403
10776	14681
9	11462
57	3171
43	1447
5	0
0	0
0	1247
12	1129
80	582
8	1120
5	1062
4	200
0	0
1	134
10	147
14	100
3	0
14	1018
0	1031
3	316
2	69
3	14
0	55
0	4
0	4
0	301
0	271
0	60
4	82
1	90
57	304
3	77
1	24
0	15
0	15
0	0
144	2
0	0
0	0
0	0
0	0
0	1
0	1
0	1
0	1
0	828
4	941
2	634
5	653
2	776
0	117
17	355
1	105
0	21
11	26
0	16
82	5683
151	6178
10	1089
10	2845
7	5596
17	1884
0	5537
2	2818
5	0
5104	0
19	1974
5	2088
34	1304
1	43
0	906
10	906
30	905
848	592
6	529
0	86
19	11
2469	0
18	3463
39	2147
1	3444
0	259
87	3365
8	297
0	0
2	37
3	5
0	5
0	609
1	594
0	206
1	477
0	354
0	0
0	61
0	59
1	41
2	81
1	0
26	444
0	322
17	80
0	100
2	82
0	302
0	27
1	74
0	284
0	265
22	286
0	115
0	55
0	127
17	188
0	133
0	93
0	51
86	700
16	518
3	461
59	257
1	776
0	534
3866	1111
29	801
6	147
26	69
0	69
0	0
0	0
878	1822
0	0
0	0
0	0
0	0
0	0
6129	163
107	44
0	119
7	105
7	5
0	211
1	133
9	589
1	747
13	64
4	528
5	91
0	0
0	3
0	3
0	3
0	0
0	0
0	0
325	77
1	61
0	25
1	0
0	0
0	0
814	539
18	471
1	28
1	164
0	193
4974	854
1	852
7	0
0	0
28	668
3	643
0	658
29	458
0	265
0	0
4184	543
32	139
1	0
38	422
32	69
13	47
28	171
502	1166
4	219
1	152
21	136
4	65
0	0
33	0
1	217
0	707
0	0
0	0
0	1
0	3
0	2
0	3
0	3
0	3
0	0
0	0
0	2490
38	1706
0	1951
0	1292
0	0
0	0
753	13
7	9
0	9
0	0
1773	433
52	433
6	0
3	0
1	0
0	0
0	0
27	1003
0	0
0	0
0	0
0	0
0	0
0	0
0	0
0	0
0	0
0	0
0	0
0	1
0	3
0	2
0	3
0	0
0	1
0	0
0	0
0	0
0	0
0	1
0	0
0	1
0	0
0	0
0	0
0	0
0	0
1	84
4	86
0	85
0	12
0	4
0	2
0	2
0	0
0	0
7	825
0	114
3	709
54	144
0	468
0	140
82	1196
1	1153
0	0
0	0
11	33
3	609
11	24
0	6
0	6
1	1481
0	1629
0	1621
2	84
9	137
5	598
0	749
1	749
9	749
1	51
0	197
1	22
1175	670
2	162
55	288
10	347
6	249
0	192
0	0
1041	4674
476	4676
399	0
1	3624
220	8
49	8
0	128
0	120
7	85
0	127
2	2393
5	2211
0	2396
11	532
0	2201
9	1859
0	2494
0	2385
0	0
0	0
40	976
1	367
39	15
0	9
0	0
0	0
201	0
0	0
0	5
0	0
0	0
254	94
4	94
0	40
0	0
0	0
0	0
0	0
0	0
0	0
1	0
9	3501
3153	81
15	8
0	3552
5	11
2	6
0	0
0	3
75	2
25	0
76	7
0	7
4	555
12	2819
0	2951
38	977
0	3
33	552
74	2
60	14
10	0
0	0
0	1812
8	56
14	204
0	1638
0	1722
1	203
0	81
17	664
2	193
10	126
32	0
3	57
6	1562
0	1564
32	1597
28	881
0	480
0	380
0	89
0	104
0	77
76	3
0	0
0	0
1	0
0	0
0	0
0	0
0	0
202	412
1	412
0	3
4	41
4	0
18	65
37	3
35	0
0	8
0	12
376	894
47	500
175	685
63	629
0	324
2	107
0	0
0	0
39	0
1	314
41	0
0	0
74	0
0	0
36	0
0	0
1	74
0	0
0	0
0	0
0	4
3	4
0	1
0	1
0	1
0	0
0	0
1	0
0	0
0	0
0	0
0	0
0	0
0	0
0	0
0	6
0	2
1	5
0	0
0	4
3	0
0	0
3	0
0	84
28	84
302	0
0	6
0	6
0	0
14	322
1798	934
2	657
0	696
12	385
0	0
111	684
0	658
4	684
10	115
36	0
4	39
0	0
0	23
0	23
0	0
3	0
0	0
0	0
0	0
7	0
33	45
1	45
0	11
0	0
193	70
0	12
0	32
0	0
0	31
11	48
2	48
2	8
0	0
149	25
0	4
0	7
1	0
1	6
0	8
125	0
0	0
0	0
0	0
0	0
0	0
0	0
0	0
0	0
0	0
0	0
0	0
0	0
0	0
0	0
0	0
0	0
0	0
0	0
0	0
0	0
4	0
2	0
0	34
1	15
6	99
0	111
250	98
0	26
0	0
0	0
0	3
0	1
0	34
2	2
4	54
6146	1746
2	1371
0	497
0	369
1433	1602
3	685
5	1496
1	229
0	1110
0	1041
10	51
6	132
0	1060
0	122
10	0
3	54
315	58
0	41
3	15
1755	0
1228	147
5	141
12	137
13	0
416	543
1	543
1226	1658
3	1691
264	1388
0	0
0	1601
0	128
0	1580
1	236
2	2679
0	1571
3	3
2	1256
28	0
0	284
13	0
0	0
2	1
1	1
0	1
0	0
0	0
0	0
0	0
39	61
5	61
0	0
257	4320
57	4092
0	1416
2	979
0	1323
55	809
1	98
0	0
41	0
3	2
13	870
2	48
3	445
0	805
4	49
0	0
5	45
0	207
1	207
36	944
11	91
16	87
5	849
1	55
1	156
601	561
0	87
4	69
0	68
0	18
1	381
1	391
4	300
2	260
0	262
1	245
0	197
0	176
1	146
3	51
0	17
2	1878
2	1398
83	110
55	391
1	1712
42	0
8	83
63	0
1563	1035
69	911
0	188
0	169
2	441
7	735
929	1934
35	0
7	1934
6	914
0	0
49	1
0	1
0	0
1211	334
2	61
3	61
0	27
0	55
0	273
20	0
90	903
12	911
0	444
19	148
0	92
2	307
18	20
0	307
0	19
82	8
0	1
920	722
4	518
0	442
4	73
0	434
13	67
41	51
0	80
0	146
303	1046
0	106
11	722
0	262
0	271
9	458
12	492
30	3514
82	3516
0	196
26	89
234	8
0	8
0	2
0	22
0	44
4	44
0	1
0	2
0	2
6	254
0	100
1	1108
0	964
6	1048
0	2
0	153
0	292
3	214
1	1
0	109
0	116
0	224
0	193
1	38
0	179
14	69
1	0
0	18
6	0
9	49
1	52
0	0
0	0
0	0
0	0
98	496
11	401
0	97
0	0
0	102
0	65
0	452
8	509
24	461
2	59
0	382
6	16
1	101
0	41
0	0
0	65
0	0
0	20
0	19
11	49
1	0
4	6
0	6
0	6
0	0
0	0
0	0
0	0
0	0
0	0
0	0
0	0
0	0
0	0
0	0
0	0
0	0
0	0
860	0
341	277
7	27
11	180
8	91
1	88
4626	33
3	31
46	428
4	671
0	559
6	165
7	434
0	116
0	37
0	15
73	613
290	1228
0	749
0	325
2	271
16	139
26	180
1	158
3	53
0	100
2	0
127	0
0	0
0	0
1	0
0	0
0	0
0	0
0	0
0	0
0	0
0	0
0	0
0	0
0	0
0	0
0	0
193	20
1	20
0	0
0	34
1	289
0	286
0	311
6	296
0	40
0	44
1	22
0	93
1	2
4	0
95	262
1	71
17	71
0	33
1	36
0	172
0	11937
5	11312
11	11684
91	2445
10	10878
1	438
0	963
94	1
0	368
12	505
65	79
53	3299
3	0
0	322
0	0
0	476
0	0
0	0
28	2281
16	33
48	1234
79	0
0	22
0	16
0	21
0	3
0	3
0	0
0	0
20	790
0	0
4	444
7	444
2	5
5	192
10	15
2469	995
1	338
0	535
1	0
20	55
0	0
0	0
0	0
0	0
0	0
0	0
0	0
0	0
0	0
0	0
0	0
0	0
0	0
0	0
0	0
18	12
0	0
0	0
2	0
0	0
0	183
0	0
0	0
0	0
1	8
0	8
0	9
0	9
0	9
0	0
0	0
1	0
0	2
0	6
0	0
1	0
0	0
0	0
0	0
25	481
0	0
0	0
0	3
0	0
0	0
0	0
0	0
685	535
0	88
18	0
17	443
2	0
0	0
9	0
79	1305
0	0
0	0
0	0
0	0
0	0
0	0
0	0
0	0
616	4
0	4
14	0
1	97
0	151
0	145
5	144
0	70
0	57
0	0
0	0
3	0
0	0
0	468
4	257
1	465
2	56
1	92
1	7
11	18
0	1
29	126
16	78
0	127
0	93
17	71
0	77
1	11
49	4
0	21
0	20
0	0
0	0
0	0
0	0
0	0
0	0
0	0
0	0
0	0
0	0
0	0
0	0
0	41
0	123
1	20
0	49
5	7
125	197
12	25
4	115
9306	2
2	0
2527	1993
19	287
3	1303
1	1697
20	983
11	241
0	0
0	7
4	3
64	0
0	7
0	14
1	13
0	15
0	0
0	476
8	1347
125	1393
0	91
0	411
1	181
47	530
0	534
8	12
109	456
0	218
10	58
1	151
6	1
1	11
1	10
0	10
0	1
0	0
0	0
2308	6
0	0
0	0
0	0
0	0
0	0
0	0
0	0
0	0
0	0
0	0
0	0
0	0
0	0
0	0
96	12
0	12
2	0
0	0
107	535
18	456
1	404
0	0
1	0
0	11
0	25
0	7
2	0
2	0
0	0
0	0
3	0
0	0
123	573
0	566
0	179
1	63
0	9
0	0
0	0
0	0
0	0
0	0
0	0
12	52
0	52
0	0
1479	304
3	239
0	106
0	45
5	2
40	1517
114	1517
0	0
0	13
0	8
12	13
86	304
5	304
0	0
0	0
0	0
0	0
0	1
0	0
0	0
0	1
0	0
0	0
0	0
0	0
0	0
0	0
0	0
0	0
0	0
9	3355
182	3281
6	3119
0	2892
0	63
0	71
12	57
0	0
0	0
7	817
22	325
2	662
1	568
1	50
5	109
4	393
0	401
0	64
1474	611
0	526
0	160
11	169
90	236
7	236
0	23
0	32
0	29
0	29
0	17
0	17
0	22
168	0
0	107
1	95
0	111
0	79
0	8
0	1
1	18
0	16
9	1
0	1
0	0
0	3
0	5
2	1
458	267
1	12
11	255
4	1393
239	1525
0	1520
5	49
13	65
0	0
0	0
0	44
0	44
18	51
0	57
3	53
169	899
11	897
47	770
12	403
1	295
30	474
63	474
2	16
0	49
15	12
23	12
0	0
0	17
0	18
0	15
0	19
1	5
0	0
0	0
0	0
0	0
0	1
0	8
0	8
0	7
0	8
0	6
495	789
16	789
1	754
21	277
45	120
0	251
12	9
0	0
1805	4
2371	237
2	235
1	0
9	0
0	0
0	0
0	0
12	2094
378	0
0	0
10	0
4	0
0	0
76	871
2111	1255
0	289
9	56
2	46
0	108
30	256
11	18
0	18
7	12
0	191
17	186
2	89
3	113
0	133
7	42
5	0
0	129
0	129
0	125
0	102
0	126
3	97
0	141
1	136
0	143
0	0
0	0
0	0
292	85
10	85
0	58
0	1060
0	1060
10	52
0	0
0	0
0	0
30	152
1	166
22	222
0	17
0	86
2	52
0	44
0	18
0	10
0	0
991	0
2	1
0	1
1	1808
0	303
2	0
0	120
0	122
4	463
4	665
73	1666
13	1656
1	1258
5	125
18	307
4	122
6	185
0	1
0	0
878	0
4	2
1	2
0	0
0	988
0	1294
493	2143
0	927
1	931
0	1341
0	913
1	0
10	744
2	736
8	68
0	0
0	43
4	20
0	0
1	0
0	0
0	34
0	31
1	37
0	31
1	10
12	11
0	0
0	0
0	0
478	0
21	206
2	206
1	26
3	47
1	9
0	412
0	1057
20	1129
0	522
1191	1294
0	0
21	12
26	2
1379	1118
17	1054
2	28
8	319
7	44
0	40
10	235
20	148
18	43
2	18
5	45
117	36
1	400
3	436
4	34
0	47
179	724
19	610
1	672
0	50
0	88
0	10
0	63
213	440
105	341
36	91
0	143
511	755
7	331
9	640
3	207
31	361
1	170
1	150
2972	4047
167	4047
9	0
3	367
0	345
0	376
2	358
57	353
0	330
0	0
156	0
22	32
4	0
9756	15182
0	15170
0	2223
77	199
11	199
3	114
8	25
0	26
2	2
97	5094
2	4799
0	5061
0	786
9	707
14	149
1	0
94	982
15	982
0	196
1697	795
0	787
6	52
0	0
1	0
1393	330
0	7
2	254
16	76
7	194
102	1610
9	1458
99	611
1	211
6	110
661	367
0	301
5	118
274	0
7	420
4	279
0	436
0	215
45	199
9	96
2	6
2	19
0	0
0	0
6449	8069
0	8057
4	142
103	357
0	1586
0	2799
0	2798
0	327
0	1242
0	1539
1	1225
2	404
0	625
0	2691
0	35
0	136
23	1323
703	2
19	202
0	202
17	266
1	90
2	81
0	58
0	12
0	25
467	2743
0	125
6	845
0	2404
1	334
13	246
0	243
0	0
28	709
3	237
1	87
6	1545
37	50
0	0
0	1060
1673	16
18	16
0	0
0	0
0	0
0	0
6	2696
0	0
0	0
0	1
0	1
0	0
26	0
0	0
0	0
4	3
50	2693
185	0
29	0
0	0
0	0
2	0
0	0
0	0
0	0
0	0
0	0
0	0
0	0
1937	11
6	11
214	97
1	97
48	57
0	57
0	36
15	267
1	4
26	345
0	197
0	137
3	41
0	119
0	80
0	77
18	57
2	42
0	4
0	4
0	4
0	0
0	1
0	3
195	3809
166	3794
25	4090
25	1390
12	337
0	354
0	258
10	335
7	321
44	2
0	2213
13	2198
0	5
0	60
1458	3559
3	127
166	2924
0	0
0	0
9	68
10	95
0	0
2	0
0	628
15	98
0	1361
0	1360
0	0
392	346
897	346
2	242
0	0
343	125
0	125
0	0
20	1475
11	1475
30	421
1	0
17	4
100	224
6	223
0	0
0	0
0	0
0	0
0	80
64	80
6	14
676	14
0	0
81	0
0	0
0	0
0	0
0	14
0	14
0	0
1	781
2	888
0	711
0	648
84	793
8	149
247	230
1	230
0	24
0	12
0	30
3	12
2	89
6	234
20	235
1	0
0	39
6	1
5	0
3224	2663
91	2663
17	467
0	0
135	401
0	0
108	0
1	1854
4	287
0	127
276	2059
10	120
0	178
0	223
0	259
0	1777
1	318
5	419
3	626
5	13
7	17
8	1342
47	1342
2	81
26	71
2	234
225	234
1	9
0	0
0	19
1	9
0	0
315	592
3	76
2	273
990	1162
0	1162
0	0
22	0
27	1215
2587	2632
40	1125
0	205
0	0
0	253
0	159
0	940
0	0
0	0
0	0
0	0
0	0
0	0
0	0
0	0
11	112
684	958
2	957
2	7
0	7
3028	5530
10	2414
2	3393
0	4926
0	0
2398	1324
21	1070
10	1011
8	1084
3	186
0	0
1	225
2	206
7	291
0	66
5	167
0	0
41	603
1	585
0	0
2	424
20	6
18	756
0	961
0	756
2	919
7	501
0	101
0	102
0	131
0	115
0	376
2	0
0	77
4	0
0	137
0	5
4	156
10	228
30	192
1	267
3	226
3	271
0	234
0	0
0	0
6	1142
6	1155
62	177
1898	0
762	0
0	0
0	0
7	139
1	139
2	0
868	1173
4	55
0	1118
36	67
3	71
0	50
26	4746
1	4753
287	4665
21	79
3	211
2	30
743	142
4	138
0	394
0	0
0	0
0	0
0	27
0	34
0	34
0	18
0	0
0	0
0	1
0	0
0	0
0	0
0	0
13	750
405	752
0	0
0	0
0	0
0	0
0	0
0	0
1	5
0	3
0	4
0	1
1	3
1	2
0	0
73	341
2	273
75	324
7	261
20	73
0	3
29	105
0	2
1	0
1	102
0	0
74	198
5	163
16	163
38	76
5	76
9	13
0	0
0	6
0	0
7	0
1	0
1	35
0	0
0	0
0	0
49	146
515	148
0	0
3	66
0	0
0	0
0	0
0	0
0	0
83	0
0	0
10	250
67	288
2	226
3	208
6	127
2	62
0	41
1	6
0	245
0	44
0	191
8	210
1306	0
6	22
0	22
1188	123
0	123
0	1
0	1
0	0
0	0
0	0
17	42
0	42
0	0
0	501
1267	501
15	1382
32	781
1	1251
131	1012
0	0
0	0
1038	0
0	0
1	519
15	509
2	114
0	0
11	7
0	7
1057	250
1	20
19	0
0	230
0	0
21	249
159	319
11	72
19	0
0	0
509	1012
18	407
14	508
1	292
17	709
33	234
0	0
0	0
0	0
0	0
0	0
0	143
0	135
317	1319
12	99
1	720
6	906
0	0
52	649
10	649
0	10
0	59
0	6
0	5
0	55
4	55
0	11
14	1
0	1
2	0
0	0
0	0
0	0
0	0
155	4830
12	4943
125	4955
0	5090
0	316
9	90
5	324
10	53
36	384
347	734
0	726
1	64
3	12
19	0
5	472
16	490
0	492
0	26
0	46
0	54
7	981
0	0
0	21
34	21
1	0
4	141
217	141
1254	119
0	119
3	0
505	69
2	69
4	35
265	1361
0	1350
0	627
0	82
0	94
0	7
65	92
2	1787
19	1722
3	975
0	143
35	73
1	52
23	0
3	229
10	172
7	160
14	18
0	131
1	190
514	1000
20	955
0	945
0	42
0	98
0	0
1164	755
1	484
2	316
2	268
2	0
0	0
86	0
8	0
0	507
0	507
0	2389
61	2386
0	77
0	352
0	1284
0	88
0	83
13	3
0	2
0	1
0	0
8	0
86	0
0	0
549	763
2	0
0	763
5	0
8	737
0	0
2	14
11	78
0	77
0	330
42	378
0	143
0	60
7	0
0	0
0	0
22	21
0	76
0	21
2	10
0	0
235	649
7	561
0	232
3	372
0	73
0	157
0	70
3	91
1502	10093
34	9863
11	228
1	3992
0	4297
3	6037
2	4620
0	0
0	0
0	0
0	642
800	1096
105	27
0	113
8	1077
12	387
1	178
0	0
0	0
27	91
55	27
26	110
1185	0
0	0
191	465
0	52
0	387
0	489
2	412
0	157
0	169
1	308
24	318
1	230
0	130
3	146
0	96
31	28
2	17
0	53
138	0
293	0
0	0
1	3
2	3
0	0
0	0
0	0
0	0
0	0
0	0
0	0
0	0
0	0
0	0
559	123
0	81
4	19
7	38
0	37
0	19
540	3169
75	2
135	2970
6	1384
0	1430
1349	861
15	781
9	15
1	65
2	0
0	0
0	0
0	18
11	20
0	20
0	3
6	1075
21	999
0	261
0	758
0	777
0	768
0	202
5	60
0	0
5	2
0	5
0	0
59	92
320	214
0	0
0	0
0	0
950	111
2	111
0	0
3	0
0	0
1	0
0	0
0	0
4	0
0	154
2	497
89	526
0	135
0	412
1	47
0	44
0	106
2	151
22	15
0	302
0	0
14	7
3	58
0	233
3	118
0	77
0	50
486	187
0	187
294	200
0	23
1	67
1	106
0	80
2	0
3	0
0	0
0	2338
58	2258
0	106
50	411
0	2227
1	16
0	133
94	1074
0	11
1	346
8	0
29	2191
584	2669
5	539
4	2012
220	2012
2	0
0	0
63	0
396	219
0	101
0	118
0	0
40	426
29	397
0	40
25	256
0	121
7	72
0	18
2	36
3	29
0	1
20	3405
81	3405
62	420
1	2663
2	141
1	91
0	43
1	118
1	1268
0	0
1	896
0	105
22	833
0	182
7	44
41	1929
490	2461
12	1054
0	1118
11	1258
0	728
7	321
0	361
29	383
152	521
3	521
1	23
4	0
0	254
9	107
515	249
0	0
0	0
0	0
105	258
3	251
1	218
0	24
0	14
0	13
2	3
1	93
5	0
0	3
1	3
5	1
0	1
0	0
8	226
0	454
18	358
5	450
10	0
0	0
2	10
3	0
1	0
5	0
33	5615
163	5602
0	5091
301	872
592	207
328	211
18	3
0	0
427	0
0	657
0	2254
2	2441
7	121
0	2203
59	1977
0	607
10	63
6	781
0	346
3	61
0	315
0	335
5675	15262
10	6618
0	8755
87	8871
0	0
11	4390
0	0
0	11
0	8
0	12
0	2
2	1
0	0
2	4
0	3
0	2
0	0
2	0
1	0
715	75
0	0
415	435
0	242
46	434
3841	1596
61	1578
0	241
0	4
58	15
1	32
0	1
0	32
0	31
0	1
0	6
0	2
0	1
5	626
0	39
1	5
1	583
0	585
27	311
0	76
28	123
18	50
0	157
0	15
0	140
0	13
0	15
2	91
0	83
3	2
0	5
26	378
0	401
0	374
5	360
0	367
0	370
1	207
0	15
0	61
7	40
1	6
0	21
13	26
50	707
20	246
20	694
0	102
0	0
18	121
0	74
9	8
118	659
0	100
4	45
1	78
1	121
1	60
2	5
12	18
3	360
0	339
1	27
0	80
11	191
0	59
125	1274
0	1274
11	6488
1	5649
88	6387
17	6132
928	6763
0	4568
0	193
2	1496
3	11
7	914
2	0
0	0
0	0
201	87
0	87
0	31
4	239
0	604
0	612
0	34
0	600
0	21
0	108
5	598
0	42
0	31
0	0
127	1213
3	1213
2	15
1	130
3	123
2	65
0	0
0	6
1	6
98	230
19	230
0	146
6	0
0	0
0	0
0	0
0	0
0	0
0	0
0	0
0	0
0	0
0	0
0	0
0	0
0	0
0	0
0	0
0	0
0	0
0	0
0	0
0	0
0	0
0	0
0	0
0	0
0	0
0	0
0	0
0	0
0	0
0	0
0	0
0	0
0	0
0	0
0	0
0	0
0	0
0	0
0	0
0	0
0	0
0	0
0	0
0	0
0	0
0	0
0	0
0	0
0	0
0	0
0	0
14	21
1255	21
0	0
2	0
12	0
1	0
1	0
101	154
2	127
3	84
9	0
3	88
0	88
1	19
94	44
0	44
0	0
660	845
2	157
12	688
1	0
2	2
0	1
1360	2
0	2
4	1836
13	1862
0	248
0	0
20	49
48	1714
0	0
45	1714
0	0
0	0
2953	439
0	190
1	168
0	181
0	0
0	0
0	0
0	64
0	56
0	64
0	25
1	4
0	3
837	953
2	84
8	952
0	142
85	203
0	357
0	357
641	1
10	1
3	0
880	0
3	1931
0	1870
43	1984
3	1826
57	2043
5	12
2	52
46	54
12	56
25	6
0	1
52	182
37	58
10	46
31	24
631	0
26	0
0	1
0	5
2	5
0	5
2	40
111	279
793	255
75	233
398	1170
8	849
3	279
1	339
5	61
3	140
1908	2
778	77
1	0
7	77
1972	0
1552	391
79	373
0	0
0	24
0	21
0	23
0	20
0	30
0	27
1	6
0	23
0	0
2	3
0	0
0	1569
43	1654
1	1655
35	0
0	0
0	0
0	0
0	0
141	0
4	46
0	63
0	35
4	137
52	209
3	38
80	62
0	167
0	21
0	15
0	9
0	0
0	7
0	0
1	0
1569	0
1509	1920
22	1918
1	0
0	0
0	8
0	6
0	7
157	217
0	217
876	0
1	1
3	0
7696	28
1	0
34	19
3	19
18	0
3949	657
4	644
128	0
247	398
33	398
25	148
0	10
0	0
0	0
2	1596
0	1233
57	1632
0	1214
66	1070
0	1440
0	21
0	91
2	1337
0	1341
1	1189
0	1049
0	1139
0	1126
0	1314
0	889
0	827
5	2
0	971
0	1008
0	924
42	21
0	456
1	157
5	67
0	202
0	172
0	14
2	0
0	76
0	0
0	0
54	173
29	347
0	0
723	546
16	506
0	0
0	0
5	0
4035	13429
11	12600
4	1073
0	1455
0	0
0	0
0	0
0	0
0	0
0	0
0	0
0	0
0	0
0	0
0	0
0	0
0	0
0	0
0	0
0	0
0	0
0	0
0	0
172	61
0	27
0	40
0	20
253	36
1	20
19	9
41	0
119	0
0	0
0	0
0	0
0	0
0	0
0	1
0	1
1	1
0	0
0	1
0	4
2	0
0	0
1	0
0	0
0	0
0	0
0	0
0	0
0	0
0	0
0	0
0	0
0	0
0	0
0	0
0	0
2	0
0	0
0	0
0	0
3	422
5	58
2	420
0	652
283	718
0	27
0	71
0	53
0	423
0	0
0	436
0	0
539	423
84	56
28	373
36	48
0	0
24	59
5	59
6	1
0	0
0	0
0	0
96	997
0	1016
5	833
12	131
9	131
0	0
45	1682
37	0
0	1682
7	108
1	98
0	109
0	0
2	56
9	170
0	0
438	2433
12	2096
48	779
3	762
2	748
1	93
266	817
21	445
21	577
10	3
0	536
28	236
6	515
1	466
22	174
20	254
2	245
0	0
0	0
0	0
0	0
17	201
0	118
3	199
0	0
0	0
0	0
0	0
0	0
0	1070
6	1070
0	1043
4	9
0	231
1	95
0	118
11	271
1	218
317	1314
18	1142
79	269
32	39
0	0
1478	0
0	8
0	103
1	135
0	62
0	3
15	81
0	127
0	0
136	4
0	0
1865	4
22	0
0	0
0	0
0	0
0	0
37	0
2	0
1	0
7581	2
69	55
1	94
146	3218
2	116
4	3210
0	0
27	1638
0	1564
11	211
90	18
0	18
794	1084
1	216
35	872
1	378
6	351
28	0
25	0
69	3650
4	3764
8	853
0	1125
0	1079
0	1082
0	1
0	0
9	210
0	153
195	312
11	0
54	7
0	7
3	84
6	84
4	0
0	13
0	0
0	0
0	0
0	0
0	0
0	0
29	154
7	50
0	153
0	0
0	0
4	3
3	2
0	3
0	3
1	0
1193	415
6	415
55	61
23	53
0	0
0	0
0	0
0	0
0	0
0	0
0	22
1	26
0	22
0	18
0	0
0	0
0	0
0	0
0	0
0	0
0	0
0	0
0	0
0	0
0	0
0	0
0	0
0	0
0	0
0	0
0	0
0	0
0	0
0	0
0	0
0	0
0	0
0	0
512	2
7	1096
2	1108
0	273
9	285
0	876
51	116
71	65
0	0
218	106
142	0
0	24
0	24
0	0
0	0
0	0
0	106
0	105
0	0
16	2539
10	2551
2	64
18	2501
0	61
2	37
0	227
0	51
24	1675
6	686
0	826
0	768
5	737
0	548
0	491
13	32
11	233
0	120
8	127
15	221
3	5
63	1314
14	1314
2	118
46	37
1	28
1	0
0	0
0	0
0	0
0	0
0	0
0	0
0	0
0	0
0	0
0	0
0	0
0	285
0	338
0	53
1318	400
0	62
35	20
18	4
0	0
6243	5282
0	4927
0	408
0	0
0	0
0	0
0	0
0	0
0	3
0	3
303	1867
34	1587
11	224
1	609
0	0
1817	1047
0	1046
0	952
4	39
6	95
1	83
1	0
0	0
0	0
0	0
0	0
0	0
0	6
4	61
0	51
0	34
0	0
0	0
3119	0
0	0
0	0
0	0
0	0
0	0
15	881
50	813
0	657
3	325
2	23
61	14
26	834
247	782
23	174
0	34
3	70
0	37
0	4
4	0
0	0
0	11
0	7
1	10
1	0
0	0
2	0
0	0
0	0
0	0
0	0
139	738
4	625
2	66
0	66
1	0
0	0
154	0
662	582
3	290
4	82
0	233
0	830
2	830
3	865
0	464
17	0
8	35
11	62
6	31
19	1
12	775
208	1138
20	343
80	90
0	906
49	1157
6	916
0	798
2	183
2455	4174
1	773
0	222
3	229
0	29
0	0
0	0
2	60
0	1
0	0
0	0
0	208
0	2
0	0
13	1218
0	1
0	10
7	630
1	657
8	504
0	1358
0	15
0	1276
157	123
0	8
0	0
2	0
0	15
7	85
8	27
1	0
1	0
3	0
1	20
54	22
0	34
0	0
0	0
0	0
11	299
1	298
0	299
0	0
0	0
0	0
0	0
0	0
0	0
0	1
0	0
5	195
681	217
0	91
0	0
0	0
0	0
4	55
1	223
0	223
2	6
0	1
2	0
2	6
0	0
0	0
0	0
12	453
0	0
0	0
0	0
0	0
0	0
0	0
1997	679
15	93
22	462
2	290
0	258
4	525
3	317
0	0
12	22
8	0
15	88
5	88
0	88
0	10
0	2
0	0
0	0
0	0
0	0
0	0
0	0
0	0
0	0
0	0
0	0
11	23
40	28
0	15
0	0
0	0
0	0
0	0
0	0
0	5
0	56
102	54
0	0
1	6
0	0
0	0
0	0
0	0
0	0
0	0
0	0
0	0
0	0
0	0
0	0
0	0
0	0
0	0
0	0
0	0
0	0
0	0
0	0
0	0
0	0
0	0
0	0
0	0
0	0
0	0
0	0
0	0
0	0
0	0
0	0
0	0
0	0
0	0
0	0
0	0
0	0
0	0
0	0
0	0
0	0
0	0
0	0
0	0
0	0
0	0
0	0
0	0
0	0
0	0
0	0
0	0
0	0
0	0
0	0
0	0
19	839
446	991
14	891
8	0
0	705
0	0
0	0
0	0
0	0
0	0
0	0
0	0
0	0
0	0
0	0
0	0
0	0
0	0
0	0
0	0
0	0
0	0
0	0
0	0
26	0
0	441
0	0
0	0
0	0
0	0
0	0
0	0
0	0
0	0
0	0
0	0
0	0
0	0
0	0
0	0
0	0
0	0
0	0
0	0
0	0
0	0
0	0
0	0
0	0
0	0
0	0
0	0
0	0
0	0
0	0
2	0
0	0
0	0
0	0
165	66
0	66
0	100
7	0
0	0
0	0
707	1492
4	1482
1	754
2	19
121	81
8	73
10	0
4	776
7	870
27	819
0	798
0	687
10	553
0	482
5	66
2	53
0	124
0	20
10	87
1	63
0	0
2464	1941
25	1924
11	374
9	51
5	71
39	17
0	2
1	6
113	288
8	279
0	27
0	180
22	0
4	19
5	7
0	24
0	5
0	7
3	1
0	0
7	198
1	118
1	155
0	123
0	133
5	172
0	26
6	3
6	1071
19	1884
4	1855
0	607
14	1184
2	78
6	943
6	891
5	572
1	1180
0	460
1050	0
0	11
1	11
0	11
0	0
532	671
11	671
0	0
0	0
0	0
3	196
82	223
5	56
4	82
0	49
35	0
58	836
0	132
88	434
0	65
0	206
5	782
0	0
0	46
0	0
0	0
1430	1313
0	1313
17	296
13	396
0	4802
180	4813
0	4790
10	434
0	4441
0	0
1	340
17	2
449	26
0	26
0	0
12	0
220	814
3	281
0	343
0	290
0	270
34	520
0	198
0	38
32	99
1005	99
2	0
3	6
0	6
16	0
0	0
1	0
0	9
1	5
4	404
0	1522
41	478
12	1301
3	464
8	234
4	68
0	90
1	1407
0	0
1	0
7	1448
0	1648
0	1776
0	1824
37	282
31	20
1264	1535
25	1235
1	814
19	65
1	63
0	9
0	71
2	54
0	0
6	0
0	0
0	1898
13	1832
92	1626
1	1295
4	1160
2	1
1	0
0	0
152	1754
4	1574
44	167
9	32
10	346
33	667
1	633
0	122
21	107
2	140
0	76
1	16
7	271
2	255
5	89
9	3603
129	3919
116	4062
14	237
13	1068
0	0
3	2238
9	193
2	2181
39	348
88	2200
7	392
6	55
3	35
4	219
28	157
0	0
4	1400
1	1359
48	1240
0	1342
2	174
1	1307
0	30
0	1357
0	1270
47	1
0	59
3	237
1	620
14	175
0	60
16	135
2	0
137	409
5	66
0	46
14	44
1	146
0	254
2	105
0	67
0	37
12	43
1	71
1	4250
51	4777
2	4858
2	470
0	4882
0	4789
0	3920
1	2022
0	3764
1	0
0	359
3	1837
71	921
0	0
0	155
4	377
52	377
0	332
0	246
0	62
0	57
1	53
0	49
2	0
0	967
15	927
2	942
4	929
3	901
0	62
12	30
0	52
7	3
0	2
6	907
42	900
4	894
6	861
1098	0
0	0
1	0
2	7986
8	7934
56	7732
11	4825
0	0
0	0
707	9147
1	3276
0	9128
34	3532
0	2298
91	327
34	4373
229	332
39	220
3	135
2	198
3	96
506	1099
0	1097
2	11
5	974
23	451
8	970
2	77
0	0
11	104
0	379
32	0
2	266
6	133
0	0
93	4694
7	4539
0	507
7	280
2	266
22	447
96	566
21	565
10	241
1	490
0	420
46	42
2	36
0	38
2	11
0	23
0	37
3	40
1	36
0	12
382	3
2	2
0	2
0	71
0	70
0	68
1	57
3	59
0	7
0	9
0	3
0	4
0	2
65	3741
132	3766
112	3642
4	499
56	220
20	9
0	1
0	9
0	28
13	183
10	197
2	172
25	29
1	3
19	3
2	603
25	672
15	672
1	266
7	0
0	0
27	7775
4219	8857
1	1884
10	6292
0	3739
3	1412
175	1409
0	645
2	409
19	409
0	0
6	0
0	0
135	2896
0	2896
0	2845
3	2776
11	2795
0	0
37	105
2	105
0	0
1	5872
0	0
0	0
0	0
0	0
0	0
10	7
0	7
105	393
11	36
25	517
0	449
91	369
0	24
19	0
304	0
0	0
460	70
2	70
37	0
13	17
27	0
6	0
0	57
0	0
1944	348
13	234
0	75
50	6
0	58
5	24
14	0
0	0
12	302
7	21
1	11
2	10
0	11
220	786
0	657
2	130
0	0
21	0
9	270
3	270
0	42
4	270
0	36
0	0
0	237
0	28
0	17
0	34
0	128
4	32
0	127
0	0
0	59
0	0
134	28
1	11
0	17
0	0
0	0
0	0
0	0
0	0
0	0
0	0
0	0
0	0
0	0
0	0
0	0
0	0
0	0
1	982
19	830
0	1032
7	537
6	58
0	19
1	0
0	0
0	0
2	0
0	0
0	0
0	0
0	0
0	0
0	0
0	0
0	0
0	0
0	0
0	0
0	0
0	1
902	119
200	115
2	0
0	1
9	5636
3	5806
1	37
59	29
66	967
117	5168
14	2
0	6
0	0
139	130
66	92
0	0
0	0
310	33
3	33
0	0
0	0
0	0
0	0
0	0
0	0
1	36
0	0
0	0
0	0
0	0
1	0
0	0
0	1
0	1
0	0
0	0
0	1
0	0
0	17
0	19
0	13
0	7
0	0
0	2
0	3
1	0
0	0
0	0
0	0
0	0
0	0
0	0
0	0
0	0
0	0
8	721
0	935
0	1035
20	163
0	188
0	325
0	120
6	106
7	209
43	435
10	530
0	582
8	10
8	100
16	3
3	71
1418	694
18	694
46	0
0	1840
0	1447
24	408
0	1823
2	666
0	123
240	130
32	0
1	112
0	97
4	109
1	22
1	0
0	0
1077	394
5	234
0	405
0	191
0	0
0	0
0	0
0	0
0	0
0	0
0	0
0	0
0	0
0	0
0	0
0	1
23	10
0	2
0	0
0	1
0	1
0	0
0	0
0	9
0	3
0	0
0	0
0	0
4	5
0	5
0	1
0	0
0	3
0	3
0	1
0	3
0	0
0	0
0	0
0	0
0	0
0	0
0	0
0	0
0	0
632	893
39	893
5	225
0	0
0	0
0	0
0	0
0	0
1866	19
47	12
0	7
27	142
0	142
3	0
1	0
0	1089
1168	1142
1	847
0	451
0	764
0	0
1	0
7130	4543
0	3
30	3946
120	40
0	512
28	1277
38	2027
0	10318
0	11123
15	9814
8	4685
4	277
29	5930
9	589
8	879
12	818
32	160
1	0
10	0
15	141
364	321
0	347
42	125
0	282
0	896
14	899
3	53
0	883
9	128
53	47
25	33
0	13
21	691
7	37
7618	5639
74	5138
62	462
57	0
59	0
408	0
0	0
0	0
0	0
0	0
0	0
0	0
0	0
113	0
0	0
0	501
1	0
0	0
0	0
0	0
9	0
373	3819
2	41
0	0
3	77
2	2146
169	3691
0	91
135	92
5	21
0	10
0	20
0	0
0	0
0	0
0	0
0	0
222	54
0	54
0	0
8	0
30	0
1	0
29	2
32	0
0	0
0	0
40	12
0	1
1	651
1107	920
2	617
0	687
0	181
2	0
0	0
1	0
2	0
4	0
0	0
0	0
0	0
0	0
0	0
0	0
27	2125
0	0
0	0
0	0
0	0
0	0
0	0
0	0
0	0
0	0
0	0
0	2
0	2
0	4
0	2
0	2
0	2
1	0
11	0
0	0
0	4
2354	857
27	874
2	576
16	493
5	455
3	176
3	295
0	287
1	64
8	56
72	50
0	14
0	28
2	22
6	14
32	7
72	522
1	522
0	95
0	0
561	629
10	657
1	641
3	443
0	0
0	194
0	90
3	50
0	949
4	790
13	768
38	832
0	855
0	875
1	924
9	80
0	116
25	9
0	303
1	192
5	168
0	171
2154	1233
1	397
0	283
9	739
0	877
1	904
0	343
0	105
1	322
0	140
113	57
25	0
332	47
5	45
0	20
1	3
5	0
0	3
0	0
0	0
2	127
1	21
22	1434
0	516
0	1418
3	99
0	0
0	0
0	0
13	0
22	422
18	462
49	321
227	21
87	21
0	0
0	0
0	0
0	0
0	0
0	0
2	3
1	3
0	0
0	0
0	0
0	0
0	2
0	2
0	0
0	0
0	0
0	0
0	0
0	0
0	0
0	0
0	0
0	0
0	0
6	0
0	0
0	0
0	0
0	0
0	0
0	0
0	0
1	0
0	0
0	0
0	0
0	0
0	0
0	0
0	0
0	0
0	1
0	1
0	0
0	0
0	0
0	0
0	0
0	0
0	0
7	419
12	423
4	337
0	261
0	119
1	39
2	39
0	16
4624	2948
0	816
0	1996
3	910
0	320
13	178
4	491
6	219
38	106
1	2
0	2891
10	2891
0	2987
0	2987
1	475
5	23
10	192
0	666
0	501
0	57
22	21
5	13
0	12
4	62
0	3
0	1
1	18
0	51
0	20
0	0
0	4
0	8
0	61
0	63
0	62
0	18
0	16
4	7
3	7
0	2
0	6
0	5
0	2
0	1
0	0
0	0
0	0
0	0
3	0
19	0
0	0
209	0
187	587
31	578
7	323
9	329
0	22
1	0
0	0
0	0
0	0
0	148
0	148
0	148
16	0
1	0
5	87
1	12
30	0
2	49
0	48
7	1
0	1
1	168
2	177
0	143
1	171
0	148
0	177
0	13
0	0
0	0
0	0
0	0
0	0
0	0
0	0
17	342
17	285
0	342
0	342
0	9
9	21
0	6
7	3
1	4
60	0
16	93
293	156
0	139
1	2
9	9
0	5
7	30
0	33
0	18
0	24
0	15
2	7
3	4
7	4
0	4
0	521
4	14
3	6
0	8
0	57
11	8
126	817
2	251
0	748
4	66
571	3982
2	4020
58	888
16	826
0	0
0	0
0	0
0	0
1	6
0	0
0	0
0	0
0	0
0	0
0	0
0	0
0	0
0	0
0	0
0	0
0	0
0	0
0	0
0	0
0	0
0	0
0	0
0	0
0	0
0	0
0	0
0	0
0	0
0	0
0	0
0	0
0	0
0	0
0	0
0	0
0	0
0	0
0	0
1	0
0	0
0	0
0	0
0	0
1	0
0	0
9	0
0	0
0	0
0	0
1	0
2	1
0	0
0	1
0	0
0	0
0	0
0	0
0	0
0	0
0	0
0	0
0	0
0	0
0	0
0	0
0	0
0	0
0	0
0	0
0	0
0	0
0	0
0	0
0	0
0	0
0	0
0	0
0	0
0	0
0	0
0	0
0	0
0	0
0	0
0	0
0	0
0	0
0	0
0	0
0	0
0	0
0	0
0	0
0	0
1	0
0	0
0	0
0	0
0	0
0	0
0	0
0	0
0	0
0	0
0	0
0	0
0	0
0	0
0	0
0	0
0	0
0	0
0	0
0	0
403	4157
26	4118
6	43
0	99
5	363
1	191
2	413
41	0
0	0
0	0
0	0
0	0
0	0
0	0
0	0
0	0
0	0
0	0
0	0
0	0
0	0
0	0
0	0
0	0
0	0
0	0
0	0
0	0
0	0
0	16
0	0
0	0
0	0
0	0
0	0
0	0
0	0
0	0
0	0
0	0
0	0
0	0
0	0
0	0
0	0
0	0
0	0
0	0
1	16
0	0
0	0
0	0
0	0
0	0
0	0
0	0
0	0
0	0
0	0
0	0
0	0
0	0
0	0
0	0
0	0
0	0
0	0
0	0
0	0
0	0
0	0
0	0
0	0
0	0
0	0
0	0
0	0
0	0
0	0
0	0
0	0
0	0
0	0
0	0
0	0
0	0
0	0
0	0
0	0
0	0
0	0
0	0
0	0
0	0
0	0
0	0
0	0
0	0
0	0
0	0
0	0
0	208
0	215
0	17
2	5
1	32
0	9
0	0
1	0
0	0
0	0
0	0
0	0
0	0
0	0
0	0
0	0
0	0
0	0
0	0
0	0
0	0
0	0
0	0
0	0
0	0
0	0
1	0
0	0
0	0
0	0
0	0
0	0
0	0
0	0
0	0
0	0
0	0
0	0
0	0
0	0
0	0
0	0
0	0
0	0
0	0
0	0
0	0
0	0
0	0
0	0
0	0
0	0
0	0
0	0
0	0
0	0
0	0
0	0
0	0
0	0
0	0
0	0
0	0
0	0
0	0
0	1
0	0
0	0
0	0
0	1
0	1
0	1
0	0
0	0
0	0
0	0
0	0
0	0
0	0
0	0
0	0
9	111
0	115
0	113
0	79
0	8
0	76
1	9
0	6
1	76
0	74
0	0
0	13
0	5
0	199
0	460
1	488
2	471
2	309
0	315
1	256
1	256
3	77
30	18
1	16
0	7
0	7
2	4
1	4
0	3
0	3
1	0
1	0
12	0
1	3
0	0
0	0
0	0
0	0
1	0
0	0
0	0
0	0
2	44
1477	225
3	90
3	0
0	0
0	2
1	2
0	134
3	1
0	1
23	96828
636	59433
0	24555
56	32394
72	4892
15	20224
156	82966
1	8696
2	10680
0	4
0	5
0	3024
0	2
2	0
0	0
0	0
0	0
0	0
0	0
0	5
0	6
0	6
0	6
154	116
0	114
0	0
0	2
0	0
17	0
0	0
0	0
0	0
0	0
0	0
0	0
0	0
0	0
0	0
0	8
0	2
0	4
0	0
0	7
0	2
0	10
0	0
0	10
0	4
0	3
0	3
0	3
1	0
0	2
0	2
0	10
0	0
0	0
0	115
0	15
0	14
0	13
0	5
0	30
0	6
1	8
9	14
0	15
0	8
0	5
0	2
0	0
0	0
0	0
0	0
0	0
10	0
0	209
0	214
0	8
0	5
0	29
0	209
1	5
0	1
0	1
91	0
0	1
0	79
2	173
1	0
0	2
0	5
0	0
0	0
2	7
54	204
0	0
3	0
0	0
0	3
0	0
1	0
0	0
0	0
0	0
0	0
0	0
0	0
0	0
0	0
0	0
6853	507
15	113
0	389
0	1
0	0
0	1
2	0
0	1
0	0
0	0
0	0
1396	2545
1	2537
3	779
0	0
0	0
0	1
1	2
0	2
0	0
1	910
9	914
1	671
1	309
0	300
0	284
0	0
0	10
78	5
0	0
0	0
2	13
0	13
0	0
0	0
0	0
400	6739
55	6737
2	1
21	206
35	48
3	17
5	15
7	20
0	5
0	15
0	2
0	5
0	5
0	5
0	0
610	171
0	120
0	51
5	6
0	0
0	6
0	0
0	0
0	0
0	0
271	17
1	0
0	17
0	0
0	0
0	0
0	0
0	0
0	0
0	0
0	0
0	0
0	0
0	0
0	0
0	0
0	0
0	0
0	0
0	0
0	2
1	2
220	102
0	99
0	0
0	3
0	0
0	0
0	0
0	0
2	0
1	0
4	0
2	0
6	0
1	0
2	0
232	189
0	64
3	1
0	82
0	60
3	108
0	505
0	505
0	0
45	87
0	72
0	76
0	13
0	60
0	45
0	20
0	31
0	15
2	502
0	89
0	1
0	136
0	0
0	121
0	132
0	0
0	0
1	124
3	126
0	120
3	0
1	29
0	120
0	6
0	30
0	37
1	772
0	610
0	498
0	0
21	8
0	8
23	0
1	345
122	1962
38	1961
2	180
1	92
1	394
1355	1888
0	1016
0	11
14	1665
0	882
0	10
0	3
7	77
0	26
0	62
1	66
31	0
0	0
0	0
0	0
0	0
0	0
0	0
0	0
0	0
0	0
0	0
288	45
6	45
2	1160
0	1156
14	1160
0	0
5	567
0	131
0	128
0	21
0	29
2	29
0	3
0	1
0	8
0	0
0	1
0	0
0	0
71	0
621	311
0	130
13	218
0	43
12	42
4	19
1	42
32	12
37	1354
8	991
0	294
0	151
1	66
27	844
5	138
1	194
2	196
2	144
24	233
3	232
0	750
3	644
0	59
0	0
2395	652
0	5
112	1034
0	1034
6	366
0	260
0	22
1	63
0	146
15	1
0	27
6	1176
23	1058
3	875
3	141
3	332
0	171
0	0
12	391
20	0
2	7427
0	3917
74	3725
36	7370
5	659
23	2751
129	5678
4	688
2	335
0	0
2	1004
42	245
10	1069
0	1009
1	114
0	491
0	0
1	164
13	1138
11	1315
25	978
2	122
0	125
18	192
1	271
181	12674
26	43
0	6142
45	10240
1	793
11	9342
39	2564
20	186
11	47
0	89
1	78
2	147
1	123
1	70
71	112
2	115
0	88
0	95
1	70
0	0
0	0
0	0
0	0
0	0
4	122
0	28
0	28
0	0
2	3
85	0
0	31
6	0
8	635
12	65
94	602
0	1
1	598
4	42
0	15
0	15
0	15
0	3
0	0
0	0
0	0
0	0
4	0
0	8889
53	8846
109	2829
0	0
135	0
34	0
0	0
2	0
2	32
6	32
0	9
1	2
0	2
0	2
0	1
0	1904
28	1769
0	1758
0	1761
21	1845
7	1995
1	1278
0	1796
0	2102
0	250
4	8
0	317
0	221
4	121
0	0
9	112
2	74
0	34
0	7
0	0
8155	2591
34	5
10	0
73	2571
0	1758
107	5
155	38
3	149
16	811
0	75
0	802
0	96
3	2
3	272
1	120
0	522
0	21
2	16
0	605
11	20
3	84
10	161
0	51
1	50
2	53
1	55
0	13
0	7
0	7
1	6
1	0
4	1
0	1
0	3275
17	3272
1	194
0	739
0	757
1	74
34	0
1	0
1	1
0	1
0	0
184	1368
1835	3027
21	1016
0	1890
1	0
837	1104
7	1212
0	1028
0	938
58	526
1	151
0	177
0	120
0	20
0	30
0	0
4	33
23	7
0	5
0	2
13	1
0	1
0	1
7	6
0	0
0	6
5	0
0	0
0	2
0	235
0	5
0	231
1174	380
35	41
19	0
1847	329
0	161
3	92
10	95
0	236
186	249
0	33
2	249
0	21
10	104
0	76
23	9
1	0
0	0
0	0
110	692
0	692
38	0
0	1
0	1
4	7170
8	6412
1	0
0	3945
34	4659
46	1714
0	0
0	2
0	2
12	246
0	236
0	182
0	0
0	0
0	0
0	1
0	1
282	0
25	1004
27	1004
40	0
0	0
0	0
0	0
0	1
0	1
1	0
0	0
0	2
0	0
0	1
0	2
0	0
0	0
0	0
0	0
0	0
0	0
0	2
0	0
0	11
0	11
0	11
0	0
0	0
0	1
0	1
0	0
0	0
74	904
3	792
2	51
112	643
0	52
9	231
10	71
18	45
18	0
12	5
0	1
0	987
271	1068
0	30
0	7
2	816
1	229
289	0
312	0
37	629
12	773
0	617
19	587
0	589
2	482
1	6
4	164
0	3
0	0
1	46
0	50
2	87
0	61
0	3087
9	29
66	2788
11	3010
2	288
1	163
0	10
13	4
10	278
13074	4915
229	39
0	39
94	4915
1	3052
30	2685
2	2612
1	6
0	0
0	284
9	197
4	187
3	278
2	119
18	801
1	206
0	147
0	213
0	57
3	365
7	0
3575	1014
5	900
2	839
0	185
0	279
0	200
0	143
2	6
19	7
3	1042
0	787
0	670
22	1
154	559
0	854
0	2
1	1
0	1
0	0
0	0
0	0
0	0
0	0
0	0
0	0
0	0
1	10
0	2
0	2
0	0
0	2
0	10
0	0
348	1033
0	188
0	841
4	261
4	65
0	30
9	263
6	330
0	94
5	25
0	30
2	122
0	0
0	0
0	0
0	0
0	0
0	0
3	0
0	0
0	0
0	0
0	1
4	1
0	0
3	5
6	5
0	0
33	0
0	0
0	4
1	4
0	0
0	0
15	0
0	4
0	3
1	1
0	0
0	0
0	0
0	0
0	0
0	0
0	0
0	0
0	0
0	0
0	0
0	0
0	0
0	0
4	883
0	393
1	272
1	483
37	921
19	35
1	299
3	267
6	2
2	258
0	289
5	0
0	0
0	0
0	0
0	0
0	0
0	0
0	0
21	2405
11	2057
826	789
9	558
0	231
16	71
0	16
9	2360
59	2377
0	8
0	12
1	4
0	173
562	432
8	4
12	25
4	162
0	5
49	193
1	271
1	324
0	166
2	175
62	1937
4	2139
19	1975
98	49
62	2
0	0
1	26
2	60
1	53
0	33
0	20
61	143
6	143
0	0
12	149
3	149
19	0
0	26
1	3
1	645
2	670
0	425
0	21
6	23
2	5
8	5
1	28
0	0
0	0
298	713
22	96
2	617
0	18
0	3
0	17
0	16
0	6
0	10
0	13
0	0
0	0
0	0
0	0
0	0
49	20
7	20
1	963
20	831
10	514
10	409
0	0
0	0
0	0
0	0
0	0
2	343
0	32
0	0
0	0
0	0
0	0
1	0
0	0
56	6557
0	0
0	0
2303	833
6	831
129	573
32	719
73	722
0	112
1	146
0	53
1	36
2	35
9	15
32	15
7	58
0	21
0	0
308	0
116	1147
0	4
2	4
46	1853
0	1405
0	1134
6571	0
1218	0
8	580
0	584
27	199
0	155
0	164
1	55
6	25
0	25
0	42
6	6
0	17
1	13
2330	1004
10	677
0	839
7	39
0	250
4	238
0	278
21	269
1	277
0	70
2	79
1	26
1	44
0	8
0	13
0	0
0	2
0	2
0	555
4	555
27	0
3	18
3	18
1	196
1	100
11	163
0	182
1	184
1	100
49	301
0	151
3	170
23	118
0	90
4	166
6	66
2	68
42	276
12	235
0	98
1	191
0	0
2	39
86	1462
10	1418
0	190
8	139
3	100
0	93
2	311
0	58
0	150
0	118
0	968
3	968
508	1383
0	971
1	799
0	964
1	785
1	1183
1	389
2	0
1	78
0	0
91	793
3	807
2	683
7	675
0	135
41	133
33	134
0	90
0	41
34	41
0	0
0	0
0	8
8	9
0	0
0	0
0	0
0	0
0	0
0	0
37	0
122	110
3	0
1	110
0	23
1	23
0	23
29	8
0	8
0	7
0	7
1	7
1	0
0	1
0	3
6	0
0	4
33	45
0	43
0	5
0	4
2	4
0	4
0	3
0	1
0	0
0	0
0	0
0	0
0	0
218	341
0	75
73	291
5	0
20	3174
0	3245
0	1451
0	912
0	0
49	642
0	642
0	0
0	0
0	0
0	0
0	0
0	0
0	0
0	3
0	3
0	0
0	0
0	0
0	0
1289	2
0	0
0	0
2215	11
48	38
56	29
835	42
1	42
0	0
1	0
3	10
0	10
0	10
137	3223
5	3273
0	25
0	78
3	339
1	107
1522	57
4	55
3415	541
7	427
1	114
1	2340
2	2307
0	672
0	1799
38	415
2	550
0	0
0	183
1	89
0	9
10	0
16	0
2	2116
0	0
254	341
1	341
3	0
0	0
0	5
0	8
0	8
0	0
0	0
58	0
0	0
0	0
0	0
0	0
0	0
0	0
0	0
0	0
0	0
6	0
10	653
15	106
0	430
5	603
0	316
1	230
1	12
3	8
5	35
0	0
0	35
0	15
253	0
50	4634
2	4113
129	6
0	4591
3	3797
246	7
1	7
13	15
0	10
0	5
0	8
0	187
0	78
222	187
0	0
15	1006
2	1285
60	1373
1	1428
5	32
7	59
1	601
7	0
3	79
3578	263
1	246
114	10
88	15
1	27
1	28
2	8
1	0
2014	2112
8	1206
3	1179
0	24
3	1773
17	344
4	1040
0	3
0	0
3	0
0	3
1	104
0	104
0	45
43	0
0	0
0	0
0	0
0	0
443	1094
1	706
5	1009
11	136
14	1608
0	1482
4	1271
2	1478
0	182
0	10
0	9
0	8
0	7
0	6
0	4
0	6
5	6
1	0
0	0
0	0
0	0
0	0
0	0
1	17
4	17
0	0
736	811
1	346
5	471
4	286
0	54
0	3
0	0
0	0
0	14
0	9
0	11
0	3
36	1160
0	1122
0	632
0	1123
0	0
0	26
17	0
68	1
0	0
0	0
0	0
0	0
15	1618
39	1682
47	135
1	121
4	87
2	74
0	84
0	21
4	1
0	7
0	18
4	3176
3728	3464
0	2826
16	2533
0	1489
360	291
365	305
0	3
0	0
2	0
0	15
2	0
36	0
31	2
424	187
4	201
0	1
34	58
10	149
13	18
14	1462
2	0
0	0
0	0
0	0
0	9
0	9
1	9
0	9
0	0
0	0
0	0
0	0
0	0
0	8
1	8
7	410
15	872
29	197
2	411
0	0
1288	4
0	0
0	0
1161	2
287	0
1606	337
0	97
1	102
2	4
0	4
4	138
6	54
4	2305
1	2306
10	2201
0	60
0	2206
0	2283
0	100
2	20
2	203
0	11
3	20
2	88
2	1325
0	263
3	888
67	139
0	1256
2	1
0	287
0	471
0	1075
3	25
3	244
8	3
8	56
3	156
0	130
2	125
6	118
0	507
13	149
1	391
2	243
2	166
60	175
8	175
0	137
47	493
3	115
0	531
1	305
1	309
0	67
0	110
16	10
0	87
4	99
0	46
0	15
0	139
0	0
0	0
237	1107
1	352
2	135
23	800
0	31
10	80
0	0
0	40
1	36
0	105
0	57
3	53
15	484
5	433
2	432
1	145
0	72
0	31
4	54
0	110
5	10
0	57
943	319
3	209
6	285
15	160
0	45
3	13
1	0
0	0
0	3
52	0
69	4038
602	4985
7	1339
13	0
6	514
25	514
1	29
1148	626
17	586
35	84
3	259
34	283
3674	1335
1	672
8	420
0	5
0	122
21	550
164	47
0	18
0	6
7	20
7	2
14	6
5	7
0	0
0	0
0	0
1	3
1	3
154	1995
0	1999
1	1745
0	478
0	403
14	295
0	197
7	38
2	0
0	0
0	0
0	0
0	0
123	715
5	714
0	11
17	1744
43	1509
77	1408
51	1683
2	445
2	161
5	349
156	134
9	48
0	0
0	43
4	139
0	1
0	134
0	13
0	72
8	70
2	78
0	1
21	41
0	0
0	0
1	408
2	425
1	114
0	173
1	262
2	408
0	39
2	156
0	120
0	96
0	24
1	138
0	65
1631	65
44	1
0	3
5	7
2	6
0	4
0	14
1	18
0	18
0	13
0	1
0	0
0	0
27	183
0	2
1	1
0	294
0	79
1	1
0	9
0	0
0	1414
2	1415
0	169
6	98
1	278
0	366
0	1556
0	223
0	240
0	1424
8	35
23	300
10	300
0	54
0	0
0	30
0	30
0	32
0	31
0	30
0	31
0	5
0	6
0	6
0	3
0	2
0	3
0	2
0	1
0	0
0	1
0	0
3	0
0	0
0	694
0	677
0	673
0	634
3	354
1	32
0	53
19	320
0	0
0	57
1	9
0	26
1	24
3	272
2	11
0	18
4	290
10	49
1	26
19	39
0	58
767	0
0	0
0	0
0	0
95	0
33	167
4	81
1	146
30	509
0	509
0	37
0	12
4	0
15	1638
7	4370
0	725
11	4009
0	1000
0	1875
1	818
17	1362
0	497
2	1336
103	2778
24	380
12	678
0	0
0	1
0	1
0	0
0	0
0	0
3	0
734	3586
222	3586
4	99
14	2160
0	1279
0	936
0	0
1	21
0	0
42	874
71	95
1	914
125	1037
2	228
183	62
0	26
0	36
9	0
2409	1829
4	1495
0	1305
1	201
7	363
28	349
4	187
19	60
0	0
0	13
0	13
0	0
4409	0
0	40
0	42
0	38
0	45
0	40
1	21
0	2
0	5
0	569
0	538
19	521
0	185
1	96
0	96
7	478
52	94
0	64
35	318
0	72
36	4
8766	27939
209	27627
191	19175
7	5240
4	6806
0	6267
7	621
0	6716
19	9564
55	2436
1	2476
756	421
6	30
1	168
0	54
4	7
6	22
6	124
7	256
0	257
0	251
0	135
2	136
0	54
0	1
2	1482
0	1503
0	1480
0	0
207	0
7	0
0	15
33	0
1	33
0	41
0	27
3	0
0	6
0	5
0	5
0	5
0	6
0	2
0	2
0	0
0	1
0	0
0	1
0	1
0	0
0	1835
0	1878
3	957
19	67
0	0
0	0
10	0
0	0
32	127
3	1
22	0
2	0
2	0
1	0
0	0
0	360
0	206
0	431
9	461
0	377
0	412
6	35
6	159
0	43
0	16
73	0
0	0
0	0
2	1933
53	1903
1	1684
0	0
0	0
23	1454
7	211
0	0
0	0
0	0
2	0
0	0
0	0
0	0
0	0
0	0
0	0
0	0
0	0
0	0
1	0
0	0
4	2170
0	1965
0	2023
0	1936
0	314
0	1584
5	184
0	1871
1	787
0	99
0	1023
4	1662
0	1008
3	34
0	863
0	183
228	1314
0	127
0	0
0	4
0	0
0	0
0	0
0	0
22948	31
0	176
237	1469
1	159
0	173
31	85
45	927
2	62
4	155
41	821
4	606
19	152
31	6
10	692
66	871
0	378
0	0
0	1892
36	1914
1	792
4	10
19	16
0	0
0	0
0	0
0	0
0	0
0	0
2	1102
916	1327
0	860
8	1029
1	467
0	477
0	859
4	644
0	884
1	737
28	18
2	2
0	15
1	0
0	3
0	4
2	5
0	0
50	160
0	160
0	0
5107	2
466	315
4	11
0	16
0	16
0	16
0	138
0	183
0	0
24	1216
53	1573
143	0
24	1304
11	453
13	259
0	766
208	723
0	288
20	434
0	144
8	61
0	0
0	0
0	0
0	0
0	0
0	0
0	0
258	235
20	87
0	148
0	54
59	85
0	45
69	53
4	0
0	0
0	0
1	19
0	19
0	19
0	18
0	18
0	0
1	2
0	0
4	1
1718	237
1	235
18	82
2638	352
0	139
1	331
0	148
2	2
0	0
2	199
0	4
0	4
845	20
0	6
0	12
0	0
0	0
0	0
0	0
0	0
0	0
0	0
0	0
0	0
141	461
0	102
0	352
0	318
0	51
1	20
0	109
12	29
0	187
0	44
0	39
0	26
3	4
20508	13692
71	7110
0	0
0	16
0	0
0	0
0	0
41	6594
553	0
4166	1504
7	476
17	46
3	984
0	0
1	0
2	10
13	68
7	103
0	77
27	591
2	601
1	0
0	876
0	876
1	807
1	811
3	156
2	6
0	2
0	26
6	5
0	3
0	6
0	0
1	7
0	0
0	0
0	0
0	1
0	1
1408	3777
4	1671
5	1448
0	751
0	874
3	874
0	1276
0	1679
0	5
9	701
338	678
1	41
9	197
13	40
13	76
0	0
39	237
1	68
1	176
0	6
1	0
31	1230
10	1230
1	472
0	0
3762	2
1465	5192
7	4341
269	4842
80	115
0	0
62	15
4	723
10	722
2	232
0	342
0	336
0	323
2	42
1	114
16	128
0	25
0	2
0	2
0	0
0	135
0	4
0	4
8	199
2	114
0	210
7	15
39	425
0	425
114	1583
0	1603
14	398
0	0
0	239
2	0
0	0
0	0
307	146
0	137
0	140
3	0
1	2
5	0
1	0
0	2
96	0
4	154
10	6
1	167
3	23
183	0
70	431
49	406
3	123
6	64
8	0
646	929
1	929
0	262
4	64
0	0
0	2
0	2
0	0
5	580
0	580
35	535
1	21
1	387
3	19
1	402
10	169
0	414
0	419
0	395
1	387
0	78
0	117
17	131
0	8
0	12
0	14
0	29
0	131
0	32
0	1112
0	1112
47	175
1	112
1	252
958	54
1	24
1	28
72	1038
0	1018
2	1071
0	672
0	0
1	0
1	28
0	33
1993	469
1	428
21	86
1	8
0	9
0	12
1	10
0	0
0	846
49	293
0	500
271	1142
0	138
0	88
22	139
0	605
0	975
0	392
0	0
0	433
0	169
0	74
4	57
0	110
0	55
51	11
274	7123
1761	7123
38	3
3	3
3276	1528
59	28
6	23
12	425
1	999
17	132
8	195
2138	0
536	970
18	748
17	181
0	426
3	104
85	552
4894	2477
0	0
0	0
0	0
159	686
33	637
71	347
50	217
43	288
597	2
94	2658
3	2196
3	1866
26	1588
0	1425
4	230
2	289
14	128
6	152
16	186
0	100
0	0
8	473
3	124
0	62
11	7
1	463
0	29
12	563
1	531
1	64
0	4
0	4
0	0
0	0
0	0
3	129
32	63
0	46
1	0
1385	7
94	2856
27	1493
0	604
24	2269
0	52
1	252
3	419
91	419
0	0
0	18700
4	20668
33	19104
0	18892
225	16667
2	19716
0	14268
0	19689
0	17819
1	14718
0	5331
6	5079
0	5822
0	5689
1	5703
0	5180
0	5203
148	5847
212	189
145	3198
4	2395
1	0
0	0
0	0
2	0
379	3318
0	1921
0	1094
1	3230
0	1846
0	3118
22	3
0	0
5	227
5	149
0	0
0	0
0	0
0	0
0	8
0	5
0	5
0	5
146	0
75	0
3005	2439
0	1527
94	775
9	62
0	150
0	0
0	0
0	0
0	0
0	0
0	0
0	0
0	0
15	1
525	190
0	28
0	0
0	0
12	187
0	0
165	440
49	405
0	22
0	24
0	25
2	54
0	19
15	11
0	15
4	30
0	0
0	0
0	3
2178	36627
0	12461
37	11014
0	0
0	0
118	28847
2	15349
99	362
0	0
0	0
0	0
0	0
0	0
4	0
45	1450
45	1480
22	788
12	369
0	622
15	260
7	291
16	31
12	711
5	483
2	357
0	559
0	148
54	189
9	606
2	148
1	185
19	32
3	182
6	468
1	478
18	73
21	354
5062	4
10	0
1	0
19	1
0	1
0	0
0	0
0	0
28	665
13	2344
0	4591
0	4755
0	0
1570	0
0	915
0	1608
24	1616
0	1590
15	1612
10	16
14	179
128	654
0	0
0	0
0	0
0	0
37	2573
32	124
1	460
0	2650
3	2259
260	147
75	113
99	20
2378	960
4	958
16	409
0	23
0	23
5	4606
4282	4636
0	525
13	507
0	17
0	16
0	0
0	3
0	0
2	5
0	0
0	12
0	11
0	11
0	4
0	0
3	0
0	0
0	0
0	0
0	0
0	0
0	0
0	0
74	0
0	0
326	4261
10	4185
1	900
0	76
100	946
0	1029
0	599
0	70
6	21
1	0
1	2386
0	2499
0	219
6	1394
3	36
0	54
0	0
35	0
98	4551
170	3806
0	4566
21	3881
0	3999
0	4151
4	3094
0	1233
0	1659
116	0
2	1272
1	348
1	332
0	607
0	453
0	399
0	223
15	450
22	62
0	395
46	0
0	0
86	0
56	389
0	0
151	0
45	0
23	0
0	0
100	0
1	2556
404	0
0	0
0	0
1	252
0	0
0	0
0	7
0	0
0	0
0	949
43	769
0	1172
0	743
22	1054
33	19
0	19
9	49
0	1138
9	0
0	409
2	1081
1	289
46	5
0	31
2	142
3	69
81	0
0	52
42	14
79	22
0	92
4	204
42	0
20	0
1	400
3	0
0	0
0	0
0	0
0	0
1	0
0	0
0	0
0	43
0	38
121	49
8	0
0	0
1	47
35	121
0	129
9	55
0	44
1	54
2	60
0	56
2	30
0	9
0	29
2	9
0	18
0	20
0	32
0	14
0	0
2	0
0	1312
2	1264
37	131
0	239
0	239
3	0
26	0
11	11
0	0
12	53
0	0
0	0
0	0
0	0
0	25914
0	25230
0	1052
55	4051
1	1658
0	6
0	535
3	3652
77	0
152	113
0	21984
0	0
190	7
0	6458
4	1388
46	372
0	0
37	2
0	0
6	0
1	0
0	0
181	0
0	9
0	11
0	1324
0	0
0	0
104	19
18	19
13	1255
1	109
1	1564
20	0
0	1460
0	1372
3	256
1	1446
0	0
12	334
0	127
5	14
0	232
1	177
13	14
0	206
12	5
0	33
3	0
6	9
10	0
304	16
59	16
14	1472
44	1481
5	117
0	0
1	476
3	0
0	4
0	4
0	101
0	2
1	667
731	680
0	529
0	373
1	0
0	0
0	0
9	31
0	31
2	0
0	0
0	0
0	0
0	0
0	6
0	39
1	39
0	1
0	6
0	0
0	0
0	0
0	0
0	0
0	0
0	0
0	0
0	0
0	0
0	0
0	0
0	0
0	0
0	0
53	10
0	578
0	11
5	561
3	596
0	15
6	541
0	3413
0	3413
12	2
14	1233
6	1796
57	3255
1	1007
0	877
0	91
0	1459
3	1880
6	323
4	11
257	1125
8	120
0	1092
0	538
0	1126
0	0
0	0
4	81
1	378
0	92
0	57
0	230
0	49
6	3
4	40
704	7980
22	12
152	4650
26	245
33	3270
4	1659
24	1239
1	379
8	0
0	230
49	395
1	110
0	0
3	12
3	109
0	48
1	20
2	0
0	1
0	0
0	0
5	4367
10	4506
15	190
78	1786
19	414
9	223
5	5
3	5
41	1084
188	1098
1	163
0	1
0	1
8	0
7301	1229
16	194
70	43
1	563
0	0
2	752
141	539
4	1288
0	1266
1	203
0	180
0	181
3	134
5	0
1	70
0	46
0	0
37	292
1	127
7	273
3	118
8	117
0	44
1	0
0	9
0	15
0	14
0	10
2	2
1556	110
1	102
13	0
3	0
0	0
0	0
0	0
0	192
0	127
0	65
10	42
2	3
1	17
0	78
7	0
0	0
0	0
1	0
0	0
0	0
0	0
250	1361
0	1361
0	0
0	0
0	0
0	0
0	0
0	0
0	0
0	0
10	400
99	400
0	0
7	0
0	0
0	1
0	2
0	2
0	2
0	2
0	2
0	2
0	1
0	1
0	1
0	1
0	1
0	1
0	0
0	0
0	0
0	0
0	0
0	0
88	1800
2	1667
0	805
4	7
9	668
0	119
3	41
103	30
2	6
4	6
1	0
0	0
3	0
0	0
0	0
3	0
1658	311
2	311
1	151
0	0
0	0
0	0
0	0
3610	535
1	23
0	508
0	121
0	0
0	0
0	0
0	0
0	0
0	0
0	0
12	1500
0	1345
2	196
6	183
5	25
37	508
2	121
24	1807
0	18
4	6
37	194
65	6
5	1521
875	2942
1	2124
194270	187790
40	2
0	2
0	321
794	321
0	0
54	495
0	366
0	0
25	487
0	0
1	52
0	113
0	11
0	0
0	0
0	0
0	0
0	0
0	0
0	0
0	0
0	0
0	0
0	0
2	33
0	21
0	21
0	3
3	0
16	0
0	0
0	0
6	0
1	0
0	0
0	0
42	160
0	153
4	118
2	0
168	511
0	511
13	96
1	25
3	28
4	8
58918	219587
0	159
163	68691
46	51769
79	136011
112	58929
1	114448
79	96615
137	85796
0	0
9	831
0	725
34	216
686	26
2	26
0	0
0	0
0	0
10	393
0	0
0	0
0	0
0	0
0	0
0	0
0	0
0	0
0	0
1	0
0	0
0	0
0	0
0	0
1	867
914	7138
7	6586
0	0
1	2029
39	88
0	12
1124	3674
2	3361
8	315
0	6397
0	5801
150	1838
6	790
4	0
2	388
16	435
0	333
6	65
0	0
0	1
0	0
0	0
0	0
0	0
61	433
67	4443
25	476
2	4081
13	4366
3	4022
0	0
0	0
5	635
49	3323
5	473
0	467
0	0
0	396
6	1595
0	366
0	560
1	10694
76	48
1	10649
150	6933
1	6873
2	10700
6	10636
18	242
0	0
4	148
14	737
0	383
2	1843
0	0
0	0
0	0
0	0
0	0
0	0
0	0
0	0
0	0
0	0
0	0
50	14
0	14
0	1
0	3
0	1
0	2
0	0
32	744
26	292
0	0
0	8
0	4
0	8
2	0
0	0
0	0
0	0
0	0
0	0
0	0
0	0
0	0
31	41
0	41
1967	3830
7	2182
113	7
2	1676
24	0
161	50
4	804
111	33
28	989
0	94
80	0
33	112
26	501
10	23
44	264
122	165
0	0
0	0
0	0
0	38
0	59
28	70
7	76
5	69
0	42
1	23
0	27
0	1
2	0
0	0
0	0
2	0
0	0
0	0
0	0
1	0
1	87
0	77
126	87
2	1
130	298
11	46
1	38
1	25
0	8
2	2
0	0
0	0
0	0
0	0
1	544
6476	1164
49	21
0	363
0	0
0	852
0	0
0	0
17	7
0	7
1	567
0	597
3	666
31	11
0	224
0	119
0	0
0	227
0	227
0	0
4	212
0	0
0	0
0	0
0	57
0	83
0	67
0	0
0	0
0	857
0	0
0	0
0	0
0	0
0	0
0	0
0	0
0	0
0	0
0	0
1	13
0	0
0	0
0	0
0	0
11	4187
78	4187
2	45
1	45
8	0
0	0
0	0
0	0
0	0
99	5434
5	5091
106	2553
1	568
20	2519
7	188
59	0
0	0
4	69
0	0
0	1
0	1
0	1
1	0
12	554
14	554
1	28
0	0
0	0
84	58
0	58
0	0
1	2524
10	590
0	335
64	406
19	787
0	2346
0	2477
10	66
9	59
77	0
0	73
35	470
10	298
50	319
9	556
2	437
4	99
0	1
18	1
8	217
99	1376
7	1116
9	208
26	1087
25	950
0	23
3	30
0	30
47	884
0	884
0	304
0	0
1	0
3	0
0	0
0	0
2	0
0	9
0	9
0	43
0	39
0	29
0	39
0	44
0	20
0	0
2	0
0	0
0	1
3	8
0	6
0	0
0	0
0	0
138	2431
18	1865
49	1329
3	271
2	670
0	0
0	1
0	1
0	1
5	0
576	315
0	0
0	53
22	46
39	255
0	0
0	0
2	0
0	0
1	0
0	0
0	0
0	0
0	0
0	0
0	0
0	0
5	0
0	3
0	0
3961	1982
63	447
25	1976
0	0
0	2024
0	2024
6	883
0	1303
0	1801
0	1852
0	1429
0	234
6	1
0	488
11	234
3	70
141	0
309	6726
4	6276
0	3882
0	4309
20	4964
0	2843
125	3181
0	2230
2	364
0	797
67	188
0	296
0	293
13	631
1	426
0	620
0	407
0	484
0	532
0	586
0	572
0	490
0	563
0	689
0	688
0	317
0	469
0	665
0	519
0	419
0	409
0	668
0	234
0	690
0	751
0	492
0	674
0	649
0	415
0	369
0	0
0	0
0	0
1	354
2	33
2	88
3	58
0	314
48	12203
2	0
0	0
0	0
29	35
22	40
0	0
0	0
3	1
21	8
31	287
5	275
0	168
0	192
3	1
0	32
81	42
1	1
64	76
0	0
0	0
0	0
0	0
2	0
0	0
0	0
1	3
27	15
5	14
55	44
0	0
5	18
0	0
0	0
3	1
4	0
0	0
37	57
0	8
0	1
0	0
0	0
0	0
0	0
0	1
0	1
0	0
98	90
1	91
2	26
0	67
0	259
0	157
32	23
0	134
0	2
12	0
7	213
3	74
2	0
0	90
0	0
0	0
0	0
0	1
0	1
0	0
0	0
2365	2
25	0
0	0
0	0
0	0
0	0
0	0
0	0
0	0
0	0
7	1
0	1
7	2
4	2
0	0
0	0
1	615
10	2036
16	1697
4	13
2	26
3	1634
5	523
0	797
0	8
1	504
1	226
29	4006
29	4270
0	3871
136	3891
0	2473
40	113
13	9
4	335
3	296
0	79
9	255
84	0
1	39
4	0
0	230
0	209
0	205
3	193
0	213
0	25
0	23
4	33
2227	261
2	1
0	184
46	243
3	18
0	0
0	0
0	0
0	0
0	0
0	0
0	0
0	1
0	0
0	0
9	2158
0	0
0	0
0	0
0	0
0	0
0	0
0	0
0	0
0	0
0	0
0	0
0	0
0	0
0	0
0	0
0	0
0	0
0	0
0	0
0	0
0	0
0	0
0	0
0	0
0	0
0	0
0	0
0	0
0	0
586	4144
5	4137
3	2679
0	0
3	54
0	54
4	3
0	37
0	1
0	0
0	0
0	0
0	0
0	0
0	0
0	0
0	0
174	45
6	45
0	0
17	0
0	0
0	758
47	758
5	92
2	57
26	0
0	0
0	0
0	0
0	0
0	0
9	52
0	0
0	0
0	0
0	0
0	0
0	0
0	0
0	0
0	0
0	0
1325	0
0	0
0	0
0	0
199	55
1	55
0	0
0	0
0	0
3	0
218	0
1	0
0	0
0	0
825	3291
29	3047
6	2830
115	2821
119	55
0	325
0	40
8	7
99	1
25	0
0	0
0	0
8	0
0	0
0	0
0	0
0	0
123	11
0	0
0	11
59	117
4	116
0	115
0	116
9	4
2	17
1	6
8159	739
29	724
4	185
0	0
0	0
0	1
0	0
0	1
14	404
31	2113
8	1117
8	81
31	0
85	339
2	2091
14	0
0	30
23	8
15	15
10	0
0	0
2	91
1	6
0	7
2	5
1	4
25	1694
1224	1722
6	23
16	791
20	1621
6	873
80	17
15	64
60	3
0	0
0	0
0	0
73	0
312	392
372	610
0	538
2	36
16	0
0	763
1371	943
8	426
24	588
6	882
5	111
0	106
20	0
0	134
0	20
1	846
1	360
0	785
1	749
0	0
29	0
34	12
8	26
2406	292
6	284
1	0
0	0
6	6
0	6
1594	258
0	121
1	201
11	0
0	0
0	0
1204	925
5	59
4	866
0	0
101	243
204	2
1	105
0	0
1844	2483
0	2289
6	1624
15	852
17	273
1	0
0	1
0	17
76	260
0	42
9	16
60	87
3	131
0	0
1	0
0	0
0	0
0	0
0	0
1	1700
4	1367
0	1412
0	1367
7	1274
3	284
1	234
10	70
0	80
2	115
0	46
0	0
0	0
39	0
30	2660
1	21
12	77
1	49
0	27
1	28
2	0
0	0
0	0
65	0
165	2399
0	2177
0	512
26	181
43	185
0	62
2	0
350	159
44	156
34	51
0	130
0	0
0	1
0	0
2	0
0	0
0	0
0	0
62	165
64	165
7	0
0	0
0	0
0	0
0	2
8	0
8	226
17	27
3	34
0	193
8	206
370	0
1	85
0	62
0	85
0	2
1	0
0	12
5	17
0	17
92	2
6758	1063
4	0
1	260
12	504
11	31
1	300
724	141
17	0
26	141
0	0
0	0
0	0
0	0
0	0
2	0
0	0
0	0
0	0
0	0
0	0
0	0
0	0
0	0
0	0
0	0
0	0
0	0
109	273
0	228
68	1
4	141
0	201
612	0
53	582
4	582
0	26
0	0
0	0
0	0
0	0
4	100
124	270
0	17
89	105
8	270
0	35
9	74
3	60
0	0
0	0
0	30
0	0
44	0
223	30
0	18
0	10
0	0
0	1
2	3
0	0
182	163
0	163
0	158
0	27
1	14
0	47
0	0
0	0
966	659
0	896
3	824
3	14
261	362
1	129
1	56
2	43
1	181
2	55
265	0
6	19
0	194
0	196
1	192
0	187
0	13
15	0
24	33
0	32
0	20
0	6
0	0
0	0
0	0
2	1
0	1
0	0
0	1
0	0
0	0
0	0
0	0
0	0
0	0
0	0
0	0
0	0
8	38
1	36
0	32
0	10
0	5
6	3
211	1220
45	1132
1	328
0	102
3	0
162	33
0	33
0	35
0	0
0	0
1	327
0	3089
32	243
0	55
0	115
17	2935
34	788
1	762
1	2566
1	241
98	0
4	0
0	2052
13	33
0	1464
7	0
61	0
1	306
11	669
3	2425
4	2723
9	70
2	611
0	577
0	171
0	0
141	1096
1438	1096
53	0
443	607
0	500
0	0
18	0
66	9
8	217
13	0
7	0
6	0
3	19
17	7
0	114
0	0
0	0
0	0
0	0
0	0
0	0
0	0
0	0
0	0
0	0
0	0
0	0
0	0
0	0
0	0
0	0
0	0
0	0
2	14
0	14
0	3
0	4
0	4
0	0
0	0
0	5
0	0
0	0
0	0
0	0
0	0
0	0
0	0
0	0
4	1
0	1
0	0
1	0
0	0
0	0
0	0
83	770
17	680
1	121
0	583
85	516
1	62
0	93
0	167
0	38
0	45
0	27
61	463
13	463
0	461
18	461
27	0
1	0
1	0
0	81
0	805
1	82
0	829
0	811
2	24
1	29
0	2
0	42
0	709
0	83
15	691
1	43
0	133
0	0
12	40
0	0
1	0
120	2495
0	2883
19	2617
2	0
4	0
3	249
14	35
10	14
0	0
610	158
24	13
0	153
0	0
0	0
0	0
0	0
0	7
202	7
10	0
262	1353
35	1351
0	10
1	4296
349	4306
0	615
0	1094
1	1162
16	824
3	339
1	708
0	1009
0	1
0	1
0	1
0	1
0	0
0	0
3042	1398
10	1
1	201
52	509
39	147
14	410
0	70
29	110
1	218
4	204
51	5711
0	6709
0	5366
0	6988
26	450
18	879
177	21
0	0
0	0
2	11
0	1
0	1
0	6
0	2
1	7
0	0
1	0
4	21
0	21
1	20
2	3
0	0
0	0
0	0
0	0
0	0
2	0
0	0
2	0
3	0
0	0
0	0
0	0
0	0
0	0
0	0
0	0
0	0
0	0
0	0
0	0
0	0
0	0
0	0
0	0
0	0
0	0
0	0
0	0
0	0
0	0
0	0
0	0
0	0
0	0
0	0
0	0
0	0
0	0
0	0
0	0
0	0
0	0
0	0
0	0
0	0
0	0
0	0
0	0
0	0
0	0
0	0
0	0
0	0
0	0
0	0
0	0
0	0
0	0
0	0
0	0
0	0
0	0
0	0
0	0
0	0
0	0
0	0
0	0
0	0
1	174
42	244
0	228
7	71
0	151
0	6
0	10
0	1
0	38
16	0
861	649
0	641
0	563
213	439
0	147
0	0
0	3046
161	3249
46	37
7	1646
1	4
0	238
7	133
0	123
1	125
0	0
2	0
30	0
1	5
0	380
505	4806
1	157
0	198
4	73
0	4543
2	134
2	203
45	39
10	0
7	196
9	553
2	156
0	398
6	54
2	141
0	0
843	393
0	109
13	292
0	238
4	126
0	55
0	0
1	0
0	0
0	0
0	2
0	1
3	19
0	19
0	4
0	1
0	0
69	728
46	1124
3	137
1	225
3	299
3	942
0	463
100	5
0	481
2	0
13	25
0	0
0	1
0	20
130	264
0	255
49	241
0	90
0	0
0	0
0	2
0	2
0	0
0	0
0	0
0	1
0	2
0	0
3	384
22	67
5	331
0	49
0	147
0	93
7	69
0	87
0	118
6	8
0	3533
0	3834
0	3891
36	0
19	5269
9	5359
8	5236
0	1898
3	6
2	687
9	3188
6	324
0	1190
0	1052
3	619
2	824
0	848
3	542
0	508
0	281
27	72
0	0
8	11
0	0
3	49
14	961
0	78
22	454
18	579
0	1150
4	1215
0	226
0	144
0	43
0	0
0	45
0	267
0	6
0	6
0	0
0	6
18	129
0	129
0	9
32	144
0	189
1474	240
0	0
0	0
0	67
0	0
0	0
0	0
0	0
0	0
0	0
0	0
0	0
0	0
0	0
0	66
0	66
0	0
0	0
0	10
0	0
0	8
0	5
2936	929
64	166
0	198
0	426
0	447
4	454
0	0
1	107
0	342
10	358
0	34
0	22
9	36
0	3
1	771
0	316
0	117
1	131
9	577
0	701
0	170
18	354
3	212
54	0
0	3828
22	4087
0	2896
6	3727
0	3291
7	583
30	350
0	263
13	905
19	2465
33	1632
11	1222
0	759
11	0
43	419
1	295
0	398
1	289
0	406
1	342
1	343
4	348
1	181
0	138
1	0
0	84
404	216
0	4
1	58
2	154
1022	9858
1	6864
203	9862
22	4909
12	1215
113	2393
7	690
11	795
11	289
0	138
0	637
0	686
0	436
0	473
0	432
4	116
11	300
5	6
8	276
5	317
18	223
0	248
0	97
1	151
1	132
7	12
0	837
0	154
0	155
1	178
0	284
10	398
47	1008
0	308
0	242
0	1014
1	0
0	71
0	6
83	283
2	5
0	46
0	77
0	81
2	36
1	86
4	0
4	43
1	4
1	2
0	51
0	72
0	134
1	49
0	17
1	68
0	99
1	8
0	105
0	7
3	0
41	1196
4	1216
36	785
4	835
8	190
0	437
0	229
0	241
0	225
0	177
63	695
2	657
2	43
2	168
0	1
0	141
5	106
0	0
0	0
0	0
0	0
0	0
0	0
0	0
0	0
0	0
0	0
0	0
0	0
0	0
0	0
0	0
0	0
0	0
0	0
0	0
0	0
0	0
0	0
15	1183
63	1190
39	1156
10	314
1	550
11	360
0	257
0	225
5	111
0	22
1882	80
0	54
0	8
20	15
0	0
74	2128
12	2324
225	2267
0	654
16	15
0	13
2	0
2	17
3789	452
1	452
221	3808
7	3290
5	766
6	992
30	472
12	15
2	15
0	5
21	35
0	25
0	0
0	0
0	2
2	3
0	3
1	0
0	0
0	4
0	1
0	0
0	0
0	0
0	0
0	0
0	0
0	0
285	2280
39	2124
2	230
0	640
3	43
5	663
3	0
22	306
2	0
0	0
2	147
9	135
61	123
0	6
0	5
0	0
15	153
7	141
0	10
0	71
0	30
0	0
21	37
6	1
0	1
0	0
1	0
0	65
0	66
0	52
0	65
0	25
0	66
0	0
0	0
0	1
0	0
0	0
0	7
1471	0
39	319
25	351
2	65
0	106
0	90
89	338
1	194
13	335
2	155
1	11
0	2
0	0
0	2
0	0
0	0
0	1
8	881
0	7
0	881
0	874
94	874
19	3
2	873
48	873
4	323
149	36
141	71
0	111
704	77
0	13
1	70
8	41
12	14
1	120
6	1139
0	1139
0	617
1	263
22	937
2	45
0	0
2	135
0	29
0	228
0	79
0	64
0	175
0	96
0	248
0	87
0	137
0	118
74	147
0	5
2	5
0	3
70	1280
20	1282
0	378
4	160
0	404
2	208
3	2
0	16
1	16
2	0
39	2203
4	2404
6	2354
0	2352
34	2335
0	2347
22	371
1	112
8	394
1	311
3	287
1	66
0	5
1	9
134	4131
944	4492
0	501
7	396
6	449
0	1297
4	1056
13	132
0	86
72	0
0	21
0	11
0	11
0	9
0	11
0	11
0	3
0	3
0	1
0	0
0	3
0	3
0	1
0	0
0	0
0	1
0	1
0	0
0	0
0	0
0	0
0	0
3	0
259	1383
0	1326
0	172
124	1021
1	252
1	32
0	79
0	481
1	288
8	197
0	329
1	74
12	3615
474	3841
3	2782
1	3433
7	3430
18	424
58	14
8	521
159	37
3	1485
3	70
4	41
0	219
9	407
0	594
0	523
0	66
0	660
2	881
10	455
4	401
0	0
30	467
26	199
107	41
56	3093
0	3075
1	1551
24	9
21	201
0	308
3	253
1	71
3	3
25	0
121	1363
13	24
0	38
1	16
8	76
183	30
84	11
31	863
177	863
0	0
88	1439
29	1439
0	33
26	40
2	0
0	0
0	28
1	27
0	2
0	0
0	25
11	235
92	267
23	22
1	35
1	16
0	24
1	28
1	74
0	1478
0	1397
0	1422
29	426
2	44
9	1296
19	1296
1	1244
3	27
0	99
71	84
1	116
1	133
1	23
1	16
0	15
0	1
14	5
0	5
0	0
0	0
0	0
0	0
0	0
0	0
0	0
0	0
0	0
0	0
0	0
0	0
1	576
0	0
0	0
0	0
0	0
0	229
0	57
0	0
2115	1176
0	322
0	486
77	1081
26	353
1	286
0	0
0	411
0	1
15	734
0	0
153	1919
3	0
2	1753
6	1503
0	602
3	875
0	909
0	1
0	879
0	890
14	804
1	17
3	159
0	832
5	10
244	0
4	789
0	51
0	78
0	125
23	68
0	40
0	0
0	29
0	4
0	10
0	10
0	1
0	0
0	1
1	1526
5	1763
3	193
7	1642
0	182
4	445
77	495
6	279
7	247
26	245
0	245
0	0
0	2
10	2
0	1
1	0
0	0
0	0
1616	5107
86	5152
0	5024
58	5111
13	177
0	109
0	36
178	43
0	36
1	16
0	7
2	192
149	216
3	30
3	52
548	378
69	388
0	185
7715	3696
146	13
9	3135
0	864
6	1596
5	0
6	0
8	2020
1709	7768
40	6440
0	5804
0	3765
43	2381
26	263
41	3547
3	7
1	2
2	163
40	0
6	1583
0	520
10	0
2	552
0	3
7	3
1	0
0	0
0	0
0	0
5	265
0	159
0	227
5	196
0	158
0	207
1	73
0	5
0	22
0	21
0	10
11	2
0	3
0	2
6	1
39	1069
0	68
1	1069
2	0
1	126
2539	518
21	180
2	122
0	35
3	179
24	83
19	2657
2	2736
0	2869
0	2892
0	2920
27	520
0	41
1	167
3	107
0	1854
13	141
1	233
1	185
7	337
2	273
115	95
0	4372
0	917
0	123
0	1153
0	333
0	435
11	980
2	418
3	587
0	421
0	4028
1	3982
0	1273
32	3812
0	613
9	1021
1	3534
2	361
0	811
4	475
0	492
8	106
0	818
4	268
3	233
1	1038
3	921
1	817
2	547
1	704
1	744
0	442
2	16
0	353
17	584
19	156
2	57
7	2109
0	3683
219	3644
5	123
1	194
2	634
169	264
19	223
8	257
73	0
12	20
2	627
13	128
1291	3752
0	1772
13	157
9	898
23	1752
8	93
3	10
1	110
175	295
0	157
25	177
3	112
123	32
6	32
0	0
0	0
0	0
197	854
4	333
1	171
5	169
0	45
105	349
3	209
16	105
2159	0
0	0
24	33
0	1
3	9
3	24
0	6
1	18
0	0
0	0
92	2339
55	1095
39	1456
3	438
0	143
0	27
0	113
2	233
16	254
22	503
22	336
3	40
0	0
52	87
2721	296
5	209
2	60
2942	930
0	801
0	447
0	0
5	0
0	79
7	294
0	522
146	387
0	137
3	123
4	179
0	0
48	188
5	542
9	138
0	212
0	74
0	99
244	50
0	9
0	6
1	4
9	15
3	25
0	0
0	0
0	0
0	0
1	71
0	71
0	0
0	2
0	0
0	0
0	10
0	0
0	2
1	131
0	59
0	88
0	122
0	67
0	101
0	101
0	97
0	0
0	0
3968	4262
6	2011
3	1002
14	993
5	219
52	1620
2	874
6	131
0	0
2	159
0	159
0	1
0	0
0	31
0	0
0	0
0	9
0	3
0	0
2	0
1	901
0	853
0	51
10	3
1	441
0	400
2	426
0	56
1	26
1	603
100	3981
0	4139
9	3797
1	1062
5	50
0	1439
3	274
8	1586
0	200
3	1557
0	324
0	835
0	251
0	1060
8	559
59	1879
14	411
0	351
0	324
0	311
8	708
10	732
0	330
0	95
0	401
0	354
4	62
1	35
4	24
22	27
0	0
1344	1502
1	1482
0	16
404	0
1	0
1758	311
4	103
0	103
0	133
5	93
3	53
8	67
0	0
0	0
0	0
0	0
0	0
0	0
0	0
0	0
0	0
0	0
0	0
0	0
0	0
0	0
0	0
0	0
0	0
0	0
0	0
0	0
0	0
0	0
0	0
0	0
0	0
0	0
0	0
0	0
0	0
0	0
0	0
0	0
0	0
2	2
0	2
0	0
5	0
6	0
0	0
0	0
0	0
0	0
0	0
0	0
0	0
0	0
0	0
0	0
0	0
0	0
0	0
0	0
0	0
11	36
2	36
0	23
0	135
10	306
2	1
0	167
1	45
1	134
1	246
2	26
3	97
2	148
0	189
2	7
1	49
0	40
1	139
1	0
603	857
0	69
33	718
0	222
0	193
107	204
2	12
0	0
0	0
13	4239
49	253
0	4109
0	162
7	7
0	0
11	0
6	76
107	419
33	0
0	2191
0	1723
0	1961
1	114
0	522
0	613
6	209
1	111
7	32
0	268
0	378
6	2066
1	2127
1	2162
0	2173
0	114
0	137
19	1982
0	2085
5	2040
0	2079
6	2152
3	179
1	88
5	147
36	297
1	117
0	159
0	39
0	52
1	90
0	1
0	41
1	14
31	26
0	20
0	5
0	1
0	63
0	0
0	0
68	3468
26	1154
5	2355
45	2587
0	3468
2	904
1	10
27	4
0	23
0	24
2	8
2	14
0	15
3	0
2	0
0	0
2	235
33	214
0	44
2	29
4	11
8	0
0	296
2	55
2650	486
0	51
5	268
2	51
24	6
0	54
2	0
5	67
1	127
652	164
2	54
2	33
7	87
0	0
0	518
1	486
1	467
0	511
19	3
0	52
4	44
0	3
1	45
5	41
0	32
3	45
375	4322
70	0
1	4150
1	327
2	166
33	178
37	1463
17	378
20	392
0	242
0	306
73	83
1	66
0	8
21	17
0	3037
54	3037
0	2898
0	965
0	1893
13	13
1	40
0	49
3	48
1	17
0	0
0	652
0	0
114	1181
32	10
2	129
2	163
3	198
0	435
1	256
0	0
1	509
32	723
1	129
0	115
0	117
0	111
0	28
0	31
0	0
0	0
0	0
0	0
0	0
0	0
0	0
0	0
0	0
0	0
0	0
0	0
0	0
0	0
0	4
0	4
0	0
0	0
14	0
0	1
0	1
1	1
0	1470
0	1481
10	17
0	1488
5	56
3	140
1	1177
0	0
0	0
0	0
1	0
0	0
0	0
0	0
3	0
0	0
0	0
0	0
3	1
0	0
0	0
0	1
1	0
0	0
0	0
0	9
0	10
0	4
72	88
0	11
0	39
0	18
0	0
0	0
0	18
0	27
0	19
2	0
16	86
1	86
0	27
0	0
0	0
0	473
0	2287
0	1941
14	2394
2	1733
4	1488
0	1448
0	1731
0	76
2	1405
0	4
4	1345
0	1528
0	418
0	1570
6	136
11	10
37	201
58	498
1	626
10	40
5	6
2	471
8	55
0	63
2	0
4	86
0	133
2	1338
755	1339
1	72
6	12
1	3
0	0
0	9
0	1
0	1
0	1
0	0
96	0
0	0
0	0
1	71
4	73
0	0
0	4
0	0
0	2
0	2
0	2
0	2
0	2
0	2
0	2
0	1
0	1
0	0
1	0
0	0
0	0
0	0
0	0
0	0
0	0
0	0
0	0
0	0
0	0
0	0
0	0
0	0
0	0
0	0
0	0
0	0
0	0
0	0
0	0
0	0
0	0
0	0
0	0
0	0
0	0
0	0
0	0
0	0
1	0
0	0
0	0
0	0
0	0
0	0
0	0
0	0
0	0
0	0
0	0
0	0
0	0
0	0
0	0
1824	4602
2	4599
8	113
4	284
0	488
14	601
7	829
0	396
24	8
0	0
88	17
0	96
40	477
274	1483
0	1325
0	1258
0	1248
2	1216
0	2530
0	2510
3	1598
0	1274
162	2386
0	1102
0	26
10	1411
2	0
3	64
1	62
1	8
0	9
0	1
77	0
0	0
0	0
0	0
0	0
0	0
1	1
13	1
0	1
27	0
397	163
0	163
387	1882
501	19
14	1882
9	10
0	10
0	0
1	0
0	0
0	0
80	1248
0	1021
0	974
54	1015
0	0
2	673
8	404
2	188
1	97
0	98
0	1
42	350
2124	366
0	140
5531	140
187	397
4	388
35	114
1	0
15	7
3	0
70	51
1	47
0	0
15	21
700	2619
0	1911
1	885
2	101
23	310
115	164
0	309
4	84
0	293
0	23
0	269
26	128
0	94
0	0
0	0
3	0
11110	2
6	0
0	0
0	0
0	0
2	0
0	0
1	2784
0	0
1	0
1	0
0	0
0	1
2	0
0	1
0	0
42	672
2114	4764
108	4764
3	0
0	0
9	0
0	0
0	0
1363	1069
0	1083
0	359
0	576
0	436
0	436
9	603
1	658
2	99
4	581
0	122
6	379
29	56
0	0
0	0
11	0
0	0
0	0
0	0
0	9
0	6
0	10
0	6
0	12
0	0
4	7
1184	3082
1	2734
92	1656
88	1112
5	886
13	1793
31	294
0	656
22	193
8	693
127	245
0	245
2	0
0	0
0	0
0	0
0	0
0	0
0	5
1	5
0	1
0	0
258	8433
53	674
54	3024
3	1263
2	796
209	1
13	194
132	5112
5	353
23	161
5	281
0	0
5	58
38	6
0	0
1137	549
0	157
1	444
0	57
1	51
0	88
1	34
0	0
0	0
0	0
83	0
0	0
1225	291
8	181
1	103
0	0
3	151
3	6
7	1486
51	1331
1	1220
2	46
0	814
2	502
0	91
0	165
0	0
52	568
2	549
0	577
4	25
0	10
0	12
0	12
0	10
0	6
0	0
0	1
0	0
2	245
0	30
0	0
6	6
0	0
0	0
0	0
0	0
3	2
17	2
1628	1411
1	1411
29	35
0	135
0	0
167	640
22	640
3	149
0	65
1	482
12	1580
140	1293
7	252
0	892
1	515
0	434
0	264
0	85
4	107
0	2
0	106
1	96
0	82
4	86
6	72
62	84
0	0
1	12
0	17
1	8
0	0
30	312
5	305
37	280
0	278
6	302
0	112
4	111
0	97
5	0
0	0
0	0
0	0
0	0
0	0
1	33
0	33
0	0
1	0
1	3082
0	1615
1	2884
8	83
0	517
0	386
40	496
2	42
14	116
130	64
0	8
1100	108
0	96
1	12
1	28
1	28
0	19
0	1
0	267
2	267
0	170
2	17
13	15
0	0
1	0
0	0
6	0
4	11
0	0
0	11
0	580
4	580
0	0
4	0
2	0
360	260
2	114
1	18
2	19
1	198
0	183
0	29
840	36024
21	29896
50	3472
76	32331
0	3
63	8498
367	0
5	3636
2	0
0	0
0	0
1	0
0	0
0	0
0	0
1	0
0	0
0	0
0	0
0	0
0	0
0	0
0	0
0	0
0	17
112	40
1	0
0	0
0	36
0	0
1	6
7	0
5	141
487	141
0	0
255	25
3	25
1078	16005
42	15855
3	6124
3	9667
4	6350
1	14
0	14
0	0
0	0
0	0
0	0
0	0
0	0
0	0
2	0
0	19
0	0
0	0
0	0
0	0
0	0
3	0
0	1
0	1
0	0
17	0
0	0
0	0
0	0
0	165
11	47550
9	45667
75	22182
2	34291
8	4886
4	5791
0	25158
0	5084
0	0
9	3748
4	7424
21	2
2	3163
91	4350
32	2158
36	17081
0	7
0	1
0	76
0	71
3	65
0	72
2	67
0	27
0	11
0	0
0	0
0	0
0	0
41	2901
16	1317
0	2537
0	3946
44	1923
1	0
0	132
49	0
14	0
36	410
0	55
3	3770
0	75
6	0
5	525
1509	1910
0	452
0	10
0	11
0	12
0	6
0	0
0	0
0	0
0	0
0	4
2	4
0	4
0	1
0	1
0	0
0	0
0	0
9	0
5572	273
5	38
4	110
24	99
2	26
93	259
6	263
1	57
4	31
0	11
0	6
0	0
46	211
0	172
13	190
1	133
0	25
2	68
3	144
217	154
1215	1985
1	51
1537	153
1	22
243	47
0	2
3	446
15	1391
0	48
1	21
1	94
43	14
3	283
2	100
39	21
0	248
84	24
9	16
0	16
2	203
85	414
4	11
0	219
0	0
0	1
1	1
5	25
0	25
0	3
0	1
0	1
0	0
0	0
0	0
0	0
0	0
0	0
0	0
0	0
18	0
46	1599
81	2193
1	1429
8	1395
8	559
7	542
0	316
15	0
2	0
9	91
0	91
0	9
0	9
0	0
0	0
0	4
0	2
0	0
0	2
1	12
0	9
0	6
0	6
10	223
15	223
3	223
0	36
0	13
0	5
2	2
0	0
0	0
0	0
0	0
0	0
39	469
2	128
24	2421
12	2413
0	117
5	155
7	46
9	786
3	34
9	0
63	0
13	0
4	194
1	114
1	153
14	1945
3	1651
0	344
6	1360
0	914
0	1323
1	1359
0	0
26	0
1	6
0	0
1	24
3	20
26	1146
0	693
4	830
6	0
8	282
52	0
0	37
0	189
1	0
0	0
0	0
0	0
0	0
0	0
0	0
0	0
0	1
5	0
0	1
1	1
0	0
1	0
0	0
0	0
0	0
0	0
0	0
0	0
0	0
0	0
20	288
2	7
7	287
27	0
0	0
0	0
0	1
0	1
0	1
1	702
16	0
2362	2318
0	2206
12	404
31	256
25	134
78	307
5	267
1	2
4	2
88	122
256	152
0	0
3	30
5	0
19	3
0	3
0	0
71	22
1	22
2	0
0	0
0	0
183	227
1	208
31	30
270	1297
4	386
0	630
0	79
7	0
14	62
14	120
0	157
0	223
0	177
7	78
4	32
7	0
3	368
1	134
0	132
8	0
0	148
113	0
126	25
3	25
0	0
0	0
0	22
0	37
57	109
5	0
0	1
0	51
2	24
5	12
8	2409
0	2700
690	2777
1	2505
12	1515
16	1253
2	469
0	554
27	800
3	296
1	414
7	162
35	700
115	4
0	248
33	121
0	139
6	118
11	461
7	0
127	0
0	0
1	2968
510	3967
84	999
303	0
7	1261
1	0
0	318
1	32
51	661
19	29
21	97
0	651
0	53
2	16
21	1
1	38
0	44
2019	2295
10	1985
0	28
0	382
0	75
0	3950
0	3950
2	125
0	3869
4	546
0	66
4	16
3	16
0	15
0	15
0	5
0	2
0	167
0	0
10	187
0	0
12	0
0	41
2	1
0	16
10	446
123	967
0	765
0	948
15	1031
0	232
10	11
1	201
22	2
3	23
0	12
2	39
5	8
0	0
0	0
3	16
0	14
0	15
2	39
0	0
0	16
2	2404
0	2471
2	53
0	53
0	1260
13	192
0	125
20	0
0	0
329	0
0	0
3	0
9	137
25	396
0	320
0	388
181	26
0	6
0	0
0	7
0	8
0	0
44	0
729	221
3	220
27	138
8	136
68	2
0	0
0	0
0	0
0	0
1	0
0	0
0	0
0	0
0	0
15	275
48	3
0	80
15	47
0	56
0	56
0	16
0	137
0	137
0	30
0	0
2	0
0	0
0	0
12381	0
0	0
219493	92
0	0
29977	10
0	0
0	0
0	0
5441	53
0	0
0	0
0	0
0	0
0	0
326781	127756
2	0
0	0
73	86940
0	0
5513	0
115	42026
125	177870
0	0
27	16230
0	0
3	915
8489	6889
0	0
0	0
0	0
10561	2
452	6
0	0
27153	2
0	0
0	0
0	0
0	0
0	0
0	0
0	0
0	0
0	0
0	0
0	0
0	0
0	0
0	0
0	0
0	0
0	0
0	0
0	0
0	0
0	0
0	0
0	0
0	0
0	0
0	0
0	0
0	0
0	0
0	0
0	0
0	0
0	0
0	0
0	0
0	0
0	0
0	0
0	0
0	0
0	0
0	0
0	0
0	0
0	0
0	0
0	0
0	0
0	0
0	0
0	0
0	0
0	0
0	0
0	0
0	0
0	0
0	0
0	0
0	0
4	159
0	0
0	0
2	1
0	0
0	0
26	1
4	0
0	0
0	0
0	0
0	0
5	1
1	0
4	162
0	11
112	160
0	0
0	0
0	0
0	0
0	0
0	0
0	0
1289	779
0	752
18	624
12	158
1	5
0	0
0	0
0	0
0	0
0	0
0	0
0	87
0	87
0	73
4	0
0	19
0	19
2	19
0	19
0	0
0	0
0	0
0	0
3	57
6	453
0	55
0	3
0	6
0	0
3	6
0	3
0	5
0	16
0	13
0	12
0	22
0	9
0	20
0	20
0	19
2	9
103	519
2	319
0	4
0	0
0	4
0	0
0	4
0	4
0	0
0	0
0	0
0	0
0	0
63	19
1	19
0	7
0	6
0	3
0	2
5	0
5	133
26	7
7	133
11	110
0	11
893	4628
1	4613
1	636
4	9
1	9
0	0
659	54
0	46
6	52
1	0
1	94
0	73
0	568
0	189
0	374
0	82
0	302
0	37
0	239
0	32
0	260
0	78
0	45
0	233
0	164
3	528
0	103
5	436
0	426
0	128
0	105
0	89
0	57
0	63
2	62
3	54
0	92
0	31
0	433
0	38
3	237
0	233
0	39
1	179
0	219
0	143
0	8
288	81
380	111
3	81
2	30
3	13
1	9
10	10
1	6
2	6
0	6
0	1
6	1
0	27
0	730
0	683
7	699
1	701
24	660
0	684
0	28
0	687
0	681
0	620
39	605
1	13
1	711
0	291
0	676
0	14
0	604
0	266
10	557
11	192
0	0
0	33
14	158
29	0
0	0
0	14
10	2244
0	1606
0	1642
0	1698
0	1867
2	1471
23	224
6	29
3	12
116	13
0	1
1	3540
42	47
0	1527
0	2449
3	2135
5	307
2	432
0	527
3	1398
0	474
3	366
0	359
131	691
20	696
3	555
1	512
0	98
183	495
0	122
2	373
0	0
0	0
68	0
0	0
0	857
0	856
7	815
0	633
0	143
0	109
0	98
3	72
1	109
0	10
0	0
2	0
0	0
0	0
335	0
1	0
3	2
0	0
1	0
0	0
0	0
0	0
0	0
0	0
3	1077
4	1004
0	1035
30	330
8	292
69	21
0	0
0	21
3	1
0	1
23	2796
7	2730
32	2710
0	972
0	975
24	201
0	382
6	403
11	274
7	6
4	350
3	3121
4	2648
60	6364
73	5921
0	5816
192	6121
0	3871
187	2122
29	1726
56	462
4	3
0	3
0	245
0	245
0	232
1	223
1	191
322	1703
5	1029
0	481
3	555
1	100
0	73
0	100
2	100
0	106
9	85
0	20
6	413
0	379
5	444
5	116
0	64
1	55
4	124
0	0
0	3
0	3
0	3
0	0
0	0
0	0
0	0
0	0
0	0
0	0
0	0
0	0
0	0
0	0
0	0
0	0
0	0
0	0
0	0
1	0
0	0
0	0
0	0
78	0
0	0
0	0
0	0
0	0
0	0
0	0
0	0
0	0
0	0
0	3
0	0
0	0
0	0
0	0
0	0
0	0
0	0
0	0
0	0
0	0
0	0
56	0
0	0
753	0
6	0
0	0
1	57
2	1
0	0
597	92
0	88
1	9
0	25
2	19
0	0
0	0
0	1
3024	464
1	203
2	379
5	121
0	0
0	0
4	96
4	96
0	1
16	165
7	162
0	108
0	12
0	183
2	239
0	243
0	251
2	216
1	179
2	147
7	66
2	2
61	112
8	112
0	0
0	0
116	1409
4	1385
0	1441
0	0
2	132
0	0
0	0
0	0
1	614
102	3518
250	3531
0	616
5	0
0	0
0	0
0	0
0	0
0	0
0	0
0	0
0	0
0	0
0	0
0	0
0	0
0	0
0	0
0	0
0	0
0	0
0	0
0	0
0	1996
0	1962
0	1990
0	1956
1	1864
9	65
0	39
20	0
0	0
0	0
0	0
1	2
7	578
6110	579
1	32
0	0
1429	0
0	0
833	2018
14	856
8	1886
5	104
3	1206
1	1
1	1
0	0
0	0
23	0
0	0
23	10
3	10
231	4219
18	3733
11608	7849
3	555
0	968
45	775
16	2142
0	20
0	20
92	2792
0	0
6	412
0	2
0	2
0	0
13061	5558
0	1108
29	2275
38	1299
68	1941
0	0
0	0
0	0
13	0
0	0
0	3148
0	3358
11	3394
70	2788
0	287
0	252
34	454
8	1591
0	416
10	122
2	68
0	68
0	0
4	0
0	23
3	0
0	0
0	0
0	0
0	0
0	0
0	0
0	0
0	0
0	0
0	28
0	0
0	0
0	0
0	0
0	0
0	0
0	0
0	0
0	0
0	0
0	0
0	0
7201	6
128	181
2	147
0	77
0	17
1	0
20	0
0	0
0	0
456	514
1	441
0	102
0	104
1	162
0	0
1	0
0	0
0	0
0	0
0	3089
8	2998
0	505
3	1996
76	1698
8	162
15	420
0	1887
5	321
91	85
0	0
0	0
18	20
1	20
0	0
0	0
0	0
0	0
53	5
54	5
3	0
4	0
0	0
0	0
0	0
0	0
0	0
0	0
0	1
0	2
30	0
4	25
7	65
0	18
0	48
0	32
2	35
0	0
0	3695
1	1428
3	3520
0	1341
0	1293
0	0
6	0
1	941
0	895
2	200
0	0
0	483
1	0
28	0
0	2
1	0
2204	1
0	2070
0	2193
0	2204
0	1230
0	1690
0	1680
0	1676
57	10756
6	1640
1	982
651	10755
6	1551
3	1252
14	2768
0	433
183	2982
10	525
3	116
12	251
4	156
8	386
26	271
0	45
0	146
2	275
0	0
2	1304
0	0
0	0
0	0
110	1362
111	823
115	699
0	822
0	754
2	245
1	551
15	263
1	249
0	18
0	18
0	0
11	184
12	184
0	0
292	16
3	16
207	23
15	23
0	116
14	401
1	335
11	253
11	186
4	7
0	9
12	9
1	451
0	453
0	374
0	17
49	1
0	0
28	1
0	0
0	1
0	0
0	0
1	9
0	0
0	0
0	0
0	0
0	0
6	9
6	9
0	0
0	0
0	0
0	0
3	0
11581	0
0	0
0	0
1	0
0	0
0	0
0	0
0	0
0	0
0	0
0	0
0	0
0	0
0	0
0	0
5	170
1	167
0	166
0	166
0	169
1	30
0	2
2	0
0	0
0	688
36	57
11	650
0	98
63	20
0	0
0	1
0	1
0	0
0	0
0	0
0	0
0	0
0	0
0	0
0	0
0	0
0	0
0	0
0	0
0	0
0	0
0	0
0	0
0	0
0	0
0	0
0	0
0	0
0	0
0	0
0	0
0	0
0	0
0	0
0	0
0	0
0	0
0	0
0	0
0	0
0	0
0	0
0	0
0	0
0	0
0	0
0	0
0	0
0	0
0	0
0	0
0	0
0	0
0	0
0	0
0	0
0	0
0	0
0	0
0	0
0	0
0	0
0	0
0	0
0	0
0	0
0	0
0	0
0	0
0	0
0	0
0	0
0	0
0	0
0	0
0	0
0	0
0	0
0	29
0	0
0	0
0	0
0	0
0	0
0	0
0	0
0	0
0	0
0	0
0	0
0	0
0	0
0	0
0	0
0	0
0	0
0	0
0	0
0	0
0	0
0	0
0	0
0	0
0	0
0	0
0	0
0	0
0	0
0	0
0	0
0	0
0	0
0	0
0	0
0	0
0	0
0	0
0	0
0	0
0	0
0	0
0	0
0	0
0	0
0	0
0	0
0	0
0	0
0	0
0	0
0	0
0	0
45	1652
0	0
0	0
0	0
0	0
0	0
0	0
0	0
0	0
0	0
0	0
0	0
0	0
0	0
0	0
0	0
0	0
0	0
0	0
0	0
0	0
0	0
0	0
0	0
0	0
0	0
0	0
0	0
0	0
196	1828
35	1828
26	145
0	61
0	0
0	418
7413	10
0	77
0	78
0	77
0	81
0	0
1	1
0	0
26	233
338	233
6	58
0	0
0	0
0	0
0	0
0	0
0	0
0	0
0	0
0	0
2828	2
79	25
0	25
20	98
7	5
0	5
0	0
11176	14317
19	11107
52	3310
0	0
1	381
1	0
35	120
5	2148
0	2148
0	164
0	116
0	6
106	1135
13	191
0	614
0	776
0	572
28	355
0	594
7	405
13	501
0	501
0	0
34	257
198	267
9	267
0	65
5	36
0	0
0	0
0	0
0	0
7779	854
0	0
22	853
17	0
360	287
21	115
38	237
732	91
2	91
1	0
1420	0
68	0
0	0
0	0
0	0
0	0
0	0
0	0
0	0
0	1
0	1
0	0
0	0
0	0
0	0
0	1
0	0
0	0
0	0
0	0
0	0
0	0
0	0
0	0
0	0
0	0
0	0
0	0
0	1
0	1
0	0
0	0
0	0
0	0
0	0
0	0
0	0
0	0
0	0
0	0
0	0
0	0
0	0
0	0
0	0
0	0
0	0
0	0
0	0
0	0
0	0
0	0
0	0
0	0
0	0
0	0
0	1
0	1
0	0
0	0
0	0
0	0
0	0
0	0
0	0
0	0
5	24
0	24
0	24
0	9
0	0
0	0
0	0
0	0
0	0
0	0
0	0
0	0
0	0
0	0
0	0
0	0
0	0
0	0
0	0
0	0
0	0
0	0
0	0
0	0
0	0
0	1
474	853
7	796
0	686
2	7
0	21
1	21
0	23
0	0
0	1
0	0
0	0
0	0
0	0
0	199
57	5102
1051	5106
6975	5104
97	3073
137	159
3	0
0	1450
0	1483
1	1135
0	1380
9	106
214	375
46	181
1	141
0	91
1800	0
1	102
0	0
0	0
0	0
0	0
0	0
0	0
1	1
0	0
0	0
0	0
0	0
0	0
0	0
0	0
0	0
0	0
0	0
0	0
0	0
0	0
0	0
0	2
0	0
0	0
0	0
0	0
0	0
4	87
0	60
1	85
3	58
0	85
6	84
0	51
0	0
0	1
0	0
0	0
0	0
39	1360
848	3099
27	868
2	171
0	120
0	95
17	190
11	59
0	395
44	700
1	587
38	664
2	335
0	32
0	6
25	24
0	0
0	0
0	0
120	30
0	2
5	486
8	7707
3	88
0	606
39	7609
3	18
1	5498
3	7610
37	7609
0	0
0	0
106	6235
0	6346
24	308
1	77
10	289
185	6364
4	77
2	435
0	0
0	0
0	2
0	2
0	3
0	2
0	1
0	1
1	0
0	3
0	3
0	3
0	0
0	0
0	0
0	0
0	0
0	0
0	0
0	0
0	0
0	0
0	0
0	0
0	0
1	0
0	0
0	0
0	30
4	30
0	0
0	0
0	0
0	0
0	0
0	0
0	0
0	0
0	0
0	0
0	0
0	0
0	0
0	1
0	0
0	0
0	0
1	12
0	0
0	94
2	94
9	92
0	53
1	24
0	3
1	3
0	210
27	673
1	379
0	312
38	19
9	9
1	59
1	306
118	0
3	131
4	97
0	16
0	121
0	4
122	0
3	846
0	754
11	381
38	210
6	50
3	73
0	0
1052	267
35	241
0	240
0	0
0	0
0	0
1	467
5	6
9	462
0	48
0	379
0	160
17	1230
0	1230
0	418
30	1812
0	1670
3	1932
1	884
0	22
11	0
8	584
0	584
9	582
4	540
4	69
0	8
3	0
0	16
0	195
0	195
6	196
10	61
0	196
7	25
0	194
0	0
10	0
178	23
0	23
0	0
0	0
0	704
0	749
0	752
0	721
36	725
3	611
5	76
3	70
0	29
0	0
0	0
0	0
0	0
0	2
0	2
0	2
0	0
0	0
0	0
1	7
0	0
0	0
0	0
0	0
0	0
0	0
0	0
0	0
0	1
0	1
0	0
0	0
0	0
0	0
0	0
0	0
0	0
0	0
0	0
0	0
0	0
2	1765
0	0
0	0
0	0
0	0
0	0
0	0
13	59
2	130
0	28
11	432
0	7
47	609
696	640
3	124
42	105
1	101
5	295
0	41
0	268
2	122
0	5
0	5
1804	0
0	0
716	560
0	560
10	617
23	166
0	354
0	243
0	16
0	0
0	3
0	0
0	0
0	11
0	11
0	0
0	0
0	0
0	0
0	0
0	0
0	0
0	0
0	0
0	0
1612	4
65	69
0	0
0	0
3	69
0	0
0	0
0	0
0	0
0	0
0	0
0	0
0	0
0	0
0	0
0	0
0	0
0	0
34	87
0	0
10	0
0	0
0	0
1	4015
307	1271
16	432
0	1099
0	65
0	64
2712	0
0	0
0	0
0	0
0	0
0	0
0	0
0	0
0	0
0	0
0	0
3	3
0	3
0	4
0	2
0	0
0	0
0	0
0	214
0	208
1	145
1	70
0	0
0	0
0	0
0	0
0	0
50	498
1	573
0	519
1	66
0	0
0	0
0	0
14	0
0	0
0	0
123	278
152	278
0	0
0	0
0	0
2	0
0	0
2	0
0	0
7	0
0	0
0	0
0	0
0	0
1	11
0	14
1	14
0	0
0	0
0	19
0	0
0	0
0	0
0	0
0	0
0	0
0	0
0	0
0	0
0	0
0	0
0	0
0	0
0	0
0	0
0	0
0	0
0	0
0	0
0	0
0	0
0	0
0	0
0	0
0	0
0	0
0	0
0	0
0	0
0	0
0	0
0	0
0	0
0	0
17	1
0	5
0	0
0	0
0	0
0	0
0	0
101	0
0	0
101	0
1	251
0	8
174	1029
0	924
0	488
0	824
0	824
14	705
2	123
0	0
1	0
2321	2
0	0
17	216
14	1142
0	1077
0	85
0	666
0	0
88	7771
46	7386
0	3491
0	0
1	7736
110	7856
16	3349
3	312
95	2268
9	407
57	592
6	5
0	5
0	0
0	0
0	0
0	0
0	0
0	0
0	0
7	289
1035	280
107	95
0	0
0	0
0	0
0	0
0	0
0	0
2	169
29	299
0	108
0	41
0	86
2	58
2	2
1	8
371	485
132	866
0	867
0	907
0	480
0	101
0	0
0	0
0	0
0	0
0	0
0	0
0	0
0	0
0	0
0	0
0	0
0	0
0	0
0	0
0	0
0	0
0	0
0	0
0	5
0	1
0	0
0	0
0	0
0	0
1	44
0	44
0	48
0	10
0	0
0	0
0	0
0	7
0	0
0	0
0	11
0	3
1	4
0	0
0	0
0	0
0	0
18	55
0	0
0	0
0	0
0	0
3	1654
0	1665
0	1708
2	178
33	869
0	0
0	0
0	0
0	0
0	0
1	0
0	0
1	0
0	0
0	0
1	1
0	0
0	0
1	0
0	0
0	0
0	0
0	0
0	0
0	0
0	0
2	0
0	0
0	0
6	3
0	3
0	0
0	0
0	0
0	0
0	0
0	0
0	0
0	0
0	0
0	0
0	0
5	15
0	0
1	0
0	0
0	0
0	0
0	0
0	0
0	0
0	0
0	0
0	0
0	0
0	0
0	0
7	80
0	0
0	0
0	0
0	0
0	0
0	0
0	0
0	0
2	3
0	3
0	0
0	0
0	0
0	0
0	0
0	0
0	0
0	0
0	0
0	0
0	0
0	0
0	0
0	0
7	6
0	6
0	0
0	0
0	0
0	0
30	61
0	0
0	0
0	0
0	0
0	0
0	0
0	0
0	0
0	0
0	0
0	0
0	0
0	0
0	0
0	0
0	0
0	0
0	0
0	0
0	0
0	0
0	0
0	0
0	0
0	0
0	0
0	0
0	0
0	0
0	0
0	0
0	0
0	0
0	0
0	0
0	0
0	0
0	0
0	0
0	2649
5	5
27	52
44	687
14	683
1	2519
0	2476
0	2532
0	2623
0	2579
0	0
5	541
1	35
25	39
0	0
0	0
0	0
0	0
8	878
0	0
0	0
0	0
1	0
0	0
18	17
0	8
0	13
1	1525
0	2
0	0
0	0
1161	159
0	159
415	0
0	0
0	0
0	0
0	14
0	0
0	0
0	0
323	164
4	202
1	97
1	68
0	0
0	0
0	0
0	9
0	0
0	0
0	0
0	0
0	0
0	0
0	0
0	0
0	0
0	0
2	82
0	81
44	84
0	0
1	179
0	1782
1	183
0	1675
0	1810
0	1578
26	421
0	656
0	1696
60	872
0	1676
51	48
21	97
25	883
21	116
0	1728
0	1852
0	242
0	63
0	63
1	63
3	9
0	18
3	1180
7	929
1	975
0	893
0	133
8	58
0	0
0	0
0	0
0	0
34	1430
53	1449
2	1424
6	1449
1	445
10	629
0	0
0	0
0	0
0	0
1	324
2	900
27	966
1	912
5	61
0	95
0	4
0	4
0	1
0	60
38	59
0	0
0	0
0	0
0	0
0	0
0	0
0	0
5	1
0	0
0	0
0	0
0	1
0	0
36	30
0	28
2	0
0	3
0	0
0	0
0	0
0	0
7	1
0	1
0	0
0	0
103	884
0	884
0	884
1	224
1180	95
8	95
0	0
5	189
2	189
0	1
0	0
0	0
0	0
0	1
0	0
1	1
9	13
0	9
0	6
0	3
0	106
15	99
12	110
0	40
0	8
0	3
0	0
0	0
0	0
0	0
0	0
0	0
0	3
0	3
0	3
0	0
0	0
0	0
0	0
1	100
0	94
1	80
0	9
0	14
0	13
0	14
0	9
0	14
2	6
3	0
469	0
0	12
0	12
0	12
1	0
0	6
0	2
0	26
0	0
0	0
0	1
0	0
0	0
20	1362
30	1362
4	0
0	0
0	0
0	0
9	0
0	0
50	0
154	206
4	206
0	100
5	993
797	2675
0	742
13	33
0	2451
1	516
1	262
12	231
0	30
0	35
0	35
0	0
114	2
0	91
1	91
3	91
2	35
0	35
609	7963
0	6580
0	5427
0	8276
38	1158
4	5115
5	902
1	6305
27	1336
68	2831
1	482
1	245
0	447
4541	36
231	326
8	326
0	0
0	33
0	26
0	25
0	34
0	5
0	15
0	16
0	3
0	4
290	2679
39	2419
0	1273
33	439
7	125
16	1242
0	233
0	863
1	445
47	3201
211	2604
1	557
0	1359
19	1283
1	2268
0	309
63	1481
20	177
0	177
1	0
0	0
73	2220
3	2164
30	1938
1	116
2	96
4	241
0	73
14	63
11	161
0	138
3	225
0	56
0	27
8	190
0	2
0	0
0	2
0	0
0	196
0	147
0	167
0	181
0	139
0	139
0	151
0	180
0	186
0	144
0	145
0	9
0	18
0	28
0	477
5	12
0	19
0	9
0	1
3	348
14	991
21	1142
26	1003
0	629
4	581
1	309
13	532
11	23
60	345
8	20
0	63
4	177
1	197
0	34
1	149
0	164
0	38
0	11
2	62
0	52
0	23
64	5159
0	2360
33	5119
6	313
0	268
0	157
0	0
2	2237
0	2206
0	1230
0	1162
0	1422
0	1476
13	1476
0	238
2	119
0	949
0	1066
0	356
0	516
23	109
0	77
1	96
0	71
0	109
2	188
1	30
0	18
9	64
0	0
0	0
15	1770
0	1748
1	579
0	487
0	303
72	4
0	0
0	0
0	0
0	4
0	0
0	0
0	0
0	0
0	0
5	639
0	0
0	0
1	60635
289	63205
0	63157
1	62359
1	58085
17	3576
139	3607
102	1421
0	3634
79	1857
2	3090
26	1539
0	4462
7	2988
69	1992
1	577
277	648
0	403
0	202
3	344
0	470
34	740
0	10
419	27976
10	21361
2	8442
168	27978
139	1875
4	10456
7	10728
40	12668
21	1013
1	3780
76	3225
0	19
0	311
0	311
0	279
0	279
4	88
0	64
0	0
4	17
8	58
0	0
5	5
0	33
1	1271
102	241
0	255
13	1231
35	1242
7	394
1	470
3	1216
1	303
0	333
1	335
2	361
0	248
1	287
3	54
17	47
0	348
0	467
0	324
0	342
434	4414
6	1028
8	1178
0	4349
68	783
1	979
0	1010
0	446
10	626
0	202
5	2029
29	1871
1	271
4	1796
1	128
0	157
0	403
3	307
0	339
0	219
130	233
9	233
0	0
0	0
0	7
100	308
0	303
4	12
3	23
0	16
0	21
0	14
6	33
12	349
128	346
3	307
1	1187
1	954
1	393
11	168
0	472
15	82
0	36
0	541
0	671
31	659
29	680
48	715
0	552
0	576
0	319
0	245
0	200
0	205
0	24
1	95
0	18
7	116
0	1970
0	1895
0	291
1482	1330
2	1330
0	529
0	313
2	719
0	1971
2	1971
0	861
1	0
10	68
4	124
0	319
0	1965
4	1530
0	1817
1	66
1	261
0	221
0	0
0	0
3	8
0	0
0	0
0	0
0	0
0	0
0	0
0	0
0	0
0	0
0	0
0	0
0	0
0	5
0	1
0	0
0	0
0	0
0	0
0	0
0	0
0	0
0	0
0	0
0	0
0	0
0	0
0	0
0	0
0	0
0	0
0	2
0	0
0	7
0	0
1	22
0	17
0	12
0	0
0	0
738	942
0	380
1	92
28	87
1	193
0	297
4	85
0	465
0	290
0	267
1	237
0	0
3	99
159	624
0	446
0	581
0	166
0	6
0	24
0	100
0	56
13	136
0	44
0	0
0	18
0	0
0	0
0	0
0	0
7	53
0	52
5	173
1	0
0	5
0	5
771	70
3	46
0	33
36	67
0	41
9	8
18	103
0	83
0	68
188	12
241	865
0	615
47	523
27	774
0	135
0	24
29	481
1	0
0	0
0	1
5	283
1498	283
11	163
1	0
86	0
3	0
0	0
0	2
16	287
0	4
0	5
67	319
0	49
0	92
42	1913
1	1823
5	1913
1	1912
0	1161
2	0
0	0
0	0
0	0
0	0
1	7
0	0
0	0
0	0
0	0
0	0
0	0
0	0
0	0
0	0
0	0
0	0
0	0
0	0
0	0
0	0
0	0
0	0
0	0
0	0
0	0
0	0
0	176
2219	978
131	976
0	0
0	0
0	0
0	0
1	0
1385	335
9	333
0	0
0	0
0	0
1	0
0	0
0	0
0	0
0	0
0	0
0	0
0	0
0	1
0	1
0	0
0	0
0	0
0	0
0	0
0	0
0	141
1	141
0	142
0	0
0	11
1	12
0	2
9	2
0	2
0	0
0	0
0	0
0	0
0	0
0	0
0	0
4	13
0	0
0	0
17	247
57	69
1	2
0	13
0	8
0	12
0	44
0	2
0	2
0	0
0	0
0	6085
0	0
0	0
0	459
12	63
0	0
0	0
0	80
5	284
449	328
0	0
0	0
36	627
0	0
0	0
0	0
0	0
0	0
0	0
0	0
0	0
0	0
29	123
358	2406
2	331
0	0
0	0
0	0
0	2038
2	0
2	0
2	16
0	454
4	95
0	0
15	25
22	270
1	1239
0	360
7	518
0	1343
0	138
0	0
0	0
0	0
0	0
609	16
0	16
0	0
2	5
0	0
9	2641
0	2764
6	2625
2	2868
3	55
6	119
10	336
0	0
0	0
11	38
2	0
0	0
0	0
2	0
1	0
42	0
0	0
0	0
0	0
0	0
0	0
0	0
0	0
0	7
0	0
0	0
0	0
0	0
0	0
0	0
2	1
0	0
0	1
0	0
0	0
0	0
0	0
0	0
0	0
0	0
0	0
0	0
0	0
0	0
0	0
0	0
0	0
0	42
0	0
0	0
0	0
0	15
0	0
0	0
0	0
0	0
0	0
0	0
0	0
0	0
0	0
0	0
0	0
0	0
2	1
0	0
0	0
0	0
0	1
0	0
1	39
0	0
0	0
0	0
0	0
0	0
0	0
0	0
0	0
0	0
0	0
0	0
0	0
0	0
0	0
0	0
0	0
0	0
0	0
0	0
0	0
0	0
0	0
0	0
0	0
0	0
0	0
0	0
0	0
0	0
0	0
0	0
0	0
0	0
0	0
0	0
0	0
0	0
0	0
0	0
1	9
0	9
1798	117
2	90
0	0
0	0
15	26
0	16
0	0
0	98
14	98
0	3
935	132
3	85
3	47
0	0
0	0
0	0
0	0
0	0
0	0
0	0
0	0
0	0
0	0
0	0
3	3127
0	3100
6	3100
0	297
7	310
0	66
6	0
7908	3763
0	2933
4	1649
0	9
0	53
0	106
0	219
51	112
2	113
0	136
0	208
335	205
0	0
0	0
0	0
0	0
0	0
0	0
0	0
0	0
57	468
1	631
2	630
2	631
0	0
0	0
3	0
0	0
0	0
309	3168
0	516
0	810
9	3169
2	295
2	282
0	82
0	0
0	0
0	0
2	1
103	19
15	19
0	0
509	591
21	0
4	0
1	0
0	0
1	591
0	0
92	0
4	133
0	51
0	137
0	112
0	115
0	121
6	94
1	96
2	58
0	66
0	58
0	20
0	61
0	7
0	8
0	68
0	29
0	26
0	9
0	10
0	0
0	0
0	0
0	0
808	0
0	0
0	0
0	0
0	0
0	84
0	78
2	90
8	20
0	0
0	46
40	34
0	8
3	755
0	716
17	499
1	99
0	88
1	52
44	270
1581	292
25	290
5	114
0	0
0	1
0	0
6	149
30	149
0	0
2	0
0	0
1	3
0	3
0	3
0	3
0	0
0	0
228	5169
48	3068
0	5194
4	1783
35	2125
68	296
16	0
0	1
1	1
0	1
0	0
0	0
0	0
0	0
0	0
0	0
0	0
144	38
0	33
25	32
0	16
0	0
0	0
200	0
0	0
0	0
1	0
262	725
0	666
0	46
0	21
15	218
0	255
0	0
0	135
11	82
0	0
0	8
38	67
1	1542
2	961
0	84
95	798
4144	1638
0	974
0	0
1	11
231	45
0	5
0	29
0	0
2031	456
4	456
0	0
2	0
0	0
1	1917
25	1466
0	1917
50	1715
6	1332
0	0
0	0
5	0
1	5
0	33
0	33
0	35
0	35
0	35
0	35
0	34
0	6
0	6
0	0
0	0
2	0
0	0
0	2
0	3
0	11
1	11
0	0
1502	589
147	589
0	0
0	0
0	0
0	0
125	0
0	0
0	0
0	0
0	0
0	0
0	0
0	0
20	960
92	958
0	924
0	418
1938	193
1	10
5	181
0	1
0	1
0	10
0	10
0	6
2	0
0	0
0	0
0	1691
0	1694
0	1714
1	1895
28	1891
24	1865
7	37
0	219
0	0
0	0
0	0
0	0
0	0
0	0
0	31
0	9
1	9
0	9
0	9
0	0
0	0
0	1
36	325
0	0
557	666
33	506
2	219
0	0
0	0
392	468
3	187
1	295
0	5
0	5
0	92
47	126
1	50
4	38
1	42
16	2077
0	2114
0	2124
3	2076
9	83
2	56
14	783
0	131
15	168
0	71
0	42
0	11
0	45
1	46
0	0
0	1
3	1342
103	1342
33	1342
3	979
0	1075
2	1016
0	1053
0	48
2	78
0	271
1	5
12	168
0	430
0	286
1	398
0	254
3	387
3	162
0	86
13	48
2	55
0	731
4328	4302
71	1846
23	843
72	1942
10	356
12	600
10	0
7	0
0	0
0	0
0	4213
11	3992
2	3451
0	4159
2	2417
0	70
2	224
5	3742
8	615
1039	4163
2	579
361	799
13	617
69	3222
0	8
0	0
0	0
19	0
3	51
0	1
8	53
81	55
0	40
6	103
0	93
2	65
0	1
0	0
0	11
2	1
0	1
278	65
0	0
0	1
0	1
0	0
0	0
4	79
0	87
0	87
0	3
2	64
0	0
225	373
2	366
1	21
920	0
0	0
19725	8383
16	6652
52	1475
0	0
29	91
1	91
0	41
0	19
0	14
0	0
3	0
0	0
99	186
0	82
1	165
5	178
0	38
0	1160
0	1079
1	1122
0	1137
0	1124
0	1131
12	613
0	0
0	1
0	0
0	0
0	0
0	0
0	0
5	31
0	0
0	0
0	0
0	0
0	0
0	0
0	0
0	0
0	0
0	0
0	0
0	0
0	0
0	0
0	0
0	0
0	0
0	0
0	0
0	0
0	0
0	0
0	0
0	0
0	0
0	0
0	1
0	1
0	1
0	0
0	0
49	680
0	0
8	0
0	0
0	0
0	0
0	0
0	0
0	0
0	0
0	0
0	0
0	0
0	0
0	0
0	0
673	4
0	0
1	0
0	1
5	4
0	4
30989	1550
14	1162
0	0
0	7
0	0
1	0
1	9
0	7
37	19
1	15
2	39
0	2
5	9
38	6
0	29
0	18
0	5
0	4
14	3
2	0
1	0
0	0
0	0
0	0
6	94
0	80
0	84
1	190
0	137
1	155
83	161
19	195
0	0
0	0
0	0
111	17
0	98
0	72
0	0
0	0
0	0
0	0
0	30
0	43
0	0
0	0
0	0
0	0
0	0
85	15
0	8
0	7
1	25
0	23
3	0
0	0
1	0
1	0
24	7717
71	7697
67	69
0	0
0	0
0	0
0	0
2	88
0	87
0	58
0	0
3268	113
3	109
91	2059
6	0
770	0
1089	0
0	0
0	48
0	0
7	0
0	55
0	0
0	0
12	244
0	231
1	235
9	142
0	168
1	75
0	12
0	50
0	56
3	65
3	26
15	37
0	13
1	0
1	3
4	1
556	392
107	379
65	52
231	0
0	2
0	0
0	327
0	0
0	0
8	5
0	5
4	1
0	0
0	0
0	1
0	0
0	0
0	0
0	0
0	2
3	0
2540	5664
31	36
2	53
0	295
3	380
0	0
2	257
7	356
5	335
9	8
219	132
0	186
17	1159
0	1348
0	159
193	730
0	0
25	3018
0	1611
4	1194
10	1305
0	779
24	505
0	400
10	25
0	322
63	293
0	294
41	334
7	134
0	5552
0	4929
0	5552
0	2036
0	1321
2279	3837
0	139
8	3698
77	2390
40	2390
0	225
83	127
0	0
257	0
0	0
2300	14065
0	14028
10	1852
0	261
0	261
0	12
0	0
0	0
0	1
0	0
0	0
0	0
1	0
0	0
0	0
0	0
0	0
0	0
0	0
0	0
0	0
90	45
0	45
0	2
2	2
0	0
0	0
0	0
0	0
0	1
0	0
0	0
0	0
0	0
0	0
6	0
13	0
0	87
0	87
7	87
0	5
0	24
0	6
0	24
0	2
1	24
0	0
0	0
0	17
0	19
0	16
0	16
0	0
0	0
0	1
0	19
0	0
0	0
56	0
0	0
0	0
0	0
0	0
0	0
0	0
0	0
0	0
1374	123
2	123
0	1
0	0
0	0
0	1
0	0
0	0
0	0
0	0
0	0
40	7
55	62
88	69
704	1295
0	1229
0	1201
20	194
4	82
5	0
5	5
0	8
0	5
3	6
38	1
2	9
9	8
0	0
15	2
0	0
239	8
0	0
0	0
4867	449
0	441
1	146
0	0
0	0
0	5
35	5
0	0
0	0
0	0
0	0
0	0
0	0
0	0
0	0
0	0
0	0
0	0
0	277
0	305
5	297
0	303
0	171
0	18
3	27
0	18
0	3
0	10
0	10
0	4
1	27
0	27
0	0
0	0
0	0
0	0
0	0
0	0
0	0
0	0
0	0
1	130
0	0
0	0
0	0
0	0
353	462
10	147
7	318
0	0
0	0
0	0
0	0
12	51
1	51
4	12
0	77
2	74
0	1
5842	4
46	0
0	0
0	0
0	0
0	0
0	0
0	0
0	0
0	0
0	1691
0	1562
0	173
13	574
0	0
0	48
0	0
0	5
0	7
0	5
4	6
0	9
0	7
0	1
0	0
0	4
0	0
0	0
0	0
0	0
0	0
0	123
5	121
0	85
3	0
1	19
1	1
0	0
0	0
0	0
0	0
0	0
0	0
2	10
0	0
0	0
0	0
0	0
0	0
0	0
0	0
0	0
0	0
0	0
0	0
0	0
0	0
0	0
0	0
0	0
0	0
0	0
0	0
0	0
0	0
0	0
0	0
0	0
0	0
0	0
0	0
0	0
0	4
0	0
0	0
0	0
0	0
0	0
0	0
0	0
0	0
1	5
0	5
0	0
0	0
0	0
0	1
0	18
0	16
0	0
0	22
0	17
0	0
0	0
0	23
0	16
2	0
0	2
0	2
0	0
0	0
0	0
0	0
0	0
1	3
0	0
0	0
0	0
0	0
0	0
0	0
2	2
0	0
0	0
45	0
0	0
0	0
0	0
0	0
1	36
11	0
0	0
0	36
0	4
0	8
0	0
0	0
0	0
0	0
0	0
0	1
0	2
0	0
0	0
0	0
0	0
0	6
0	5
0	0
0	0
0	0
0	0
0	0
0	0
0	1
0	4
0	0
0	0
0	0
0	31
0	0
0	31
0	0
0	0
0	0
0	0
0	31
0	0
0	0
0	0
0	0
0	31
0	0
0	0
0	31
0	0
0	0
0	0
0	0
0	0
0	0
0	31
0	0
0	0
0	31
0	0
0	0
0	0
0	31
0	0
0	0
0	0
0	0
0	31
0	0
0	0
0	2
0	0
0	0
0	0
0	0
0	0
0	0
0	0
0	0
0	0
0	0
0	0
0	419
0	0
0	0
0	0
0	37
0	0
0	0
0	0
0	0
0	0
0	0
0	0
0	0
0	0
0	0
0	0
41	685
0	1193
12	749
0	770
0	41
0	1211
20	0
0	0
0	0
0	0
0	0
0	0
0	0
0	0
0	0
0	0
0	0
0	0
0	0
0	0
0	0
0	0
0	0
0	0
0	0
0	0
0	0
0	0
30	228
3	227
0	185
0	5
0	3
0	0
255	142
0	72
0	80
0	25
0	0
50	495
36	495
4	401
68	401
4	211
0	50
3	80
0	0
16	2065
0	2675
68	1168
6	173
0	355
74	2422
0	242
0	164
0	0
340	1003
3	827
0	763
0	33
0	33
4	2
0	2
0	0
33	1081
0	1114
4	1061
8	1061
42	134
27	0
12	481
5	473
0	14
15	193
4	189
1	31
34	42
1	41
0	37
1	7
1	40
0	0
0	0
0	0
0	1
0	0
828	623
4	67
0	46
0	47
0	0
0	6
0	3
957	6112
13	5748
0	3672
0	3000
18	419
13	913
1	648
0	648
0	26
183	2875
14	2830
107	2437
0	2127
16	2899
0	6
0	0
1	0
216	0
1	256
1	270
4	14
0	283
0	269
0	2
0	11
1	251
0	253
4	56
0	3
3	0
0	26
2	27
1	5
0	1
81	1087
8	735
8	1080
0	0
0	368
5	392
0	397
0	389
1	62
1	0
2	4
0	1
0	0
0	1
0	2
0	2
0	2
0	39
6	39
0	20
1	15
0	0
0	0
0	0
0	0
0	0
0	0
0	0
14	12
0	0
0	0
0	0
0	0
0	0
0	0
0	0
0	0
0	0
0	0
0	0
0	0
0	0
0	0
0	0
0	0
0	0
0	0
0	0
0	26
3	45
0	42
0	8
3	12
0	11
0	0
0	0
0	0
0	0
0	0
0	0
0	0
179	91
34	85
23	1025
0	1033
20	1007
52	70
51	77
0	0
0	0
0	936
5	231
0	36
0	140
0	138
0	3
0	4
4	32
0	27
2	14
0	27
0	26
0	23
0	229
0	51
2	227
0	0
1	0
25	15
2	15
92	1
1	0
0	0
0	0
86	84
3	554
89	558
0	28
1	14
0	0
1	10
0	0
0	0
178	744
0	668
8	594
2	5
1	0
2	0
593	3258
2	3258
5	665
44	743
34	635
0	683
0	0
0	0
0	0
0	0
0	0
0	0
0	0
0	0
0	0
0	0
0	0
0	0
0	0
0	0
0	0
0	0
0	0
0	0
0	0
0	0
0	0
0	0
0	7
0	0
0	0
0	0
6	50
0	50
0	38
0	0
0	0
81	0
2	8128
0	8131
0	8123
231	8220
0	7393
0	8116
0	7686
0	2797
0	2577
0	1975
0	280
1	249
0	965
8	355
0	23
0	5
0	8
0	0
0	2
21	11
0	2
0	0
0	3
0	0
0	1
32	115
4	113
3	5
0	8
28	0
0	0
0	0
0	0
0	0
17	22
2	13
0	4
8	6
0	25
0	13
0	23
0	1
0	1
0	63
1	48
0	59
0	0
3	80
0	91
0	63
0	64
0	18
0	4
0	2
5	2
3	0
3233	4
0	0
0	2
0	0
0	0
0	0
0	0
0	0
0	0
0	0
0	0
0	0
0	0
0	0
0	0
0	2
0	0
0	0
0	0
0	0
0	0
0	0
0	0
0	0
0	0
0	0
0	0
0	0
0	2
0	0
0	2
1	2
0	0
0	0
0	0
0	0
0	0
0	0
0	0
0	6
0	25
0	24
0	1
0	4
0	7
0	25
0	24
0	0
0	0
0	0
0	0
0	0
0	135
0	1
0	135
1785	7356
393	7356
0	1719
0	0
0	0
1555	164
4	20
2	164
8	0
0	0
4421	700
0	52
3	698
11	592
4	427
25	585
0	64
0	41
1	137
0	136
1	65
0	24
0	24
1	152
0	0
4	433
0	448
0	341
3	96
0	70
13	51
1	4
0	4
0	4
0	3
0	3
0	0
0	0
0	0
0	0
1	0
0	0
0	0
0	0
0	72
571	145
8	1513
148	1640
40	1595
18	762
0	681
3	0
0	0
0	0
0	0
3	214
12	1668
1	722
88	1634
0	0
22	53
0	0
3	0
0	0
0	0
0	2
610	703
0	703
198	492
15	492
25	694
0	496
1	613
1	143
0	202
0	3
4	52
276	130
0	130
0	9
0	0
0	0
0	0
30	981
0	981
1	0
0	457
1	54
0	0
0	0
0	0
0	0
0	0
0	0
1	0
3	1
0	0
0	0
0	0
0	3
0	0
1	530
6	530
8	546
0	21
1	506
0	253
1	0
0	2955
40	2914
13	2908
10	2981
0	16
0	0
0	0
0	0
0	0
0	5
0	0
1	228
20	428
3	4549
0	211
26	5002
0	5026
1	831
3	1
0	0
0	98
0	0
0	4380
1119	0
0	0
0	0
0	0
0	227
4	245
169	319
0	317
7	36
0	0
1	185
0	29
0	187
0	0
0	13
0	15
0	187
0	185
0	187
0	187
225	7
2	7
0	0
4	4
0	4
0	2
0	1
0	1
0	1
0	0
22	0
0	0
0	0
0	0
0	0
0	0
72	56
0	137
0	140
0	15
0	19
0	35
0	105
0	5
0	177
0	0
0	16
3	4
0	96
3	12
1	83
0	1
0	0
0	0
0	0
0	0
0	0
0	0
0	0
0	0
0	0
0	0
0	0
0	0
0	0
0	0
1	0
0	0
0	2299
0	2429
6	2235
6	524
1	50
17	390
4	5
0	0
0	0
0	0
0	0
0	18
0	0
0	0
0	0
1	800
0	0
0	0
0	0
0	0
0	0
0	0
0	0
0	0
0	0
0	0
0	0
0	0
0	0
0	0
0	0
0	0
0	0
0	0
0	0
0	0
0	0
0	0
6	8
0	8
0	0
0	0
0	159
0	187
4	132
0	187
5	70
0	0
0	1
0	0
0	0
0	0
0	0
0	0
0	0
0	0
0	0
0	0
0	0
0	0
0	0
0	0
0	0
0	0
0	0
0	0
0	0
0	0
0	0
0	0
0	0
0	0
0	0
0	0
0	0
0	0
0	0
0	0
0	0
0	0
0	0
0	0
0	0
0	0
0	0
0	0
0	0
0	0
0	0
0	0
0	0
0	0
0	0
0	0
0	0
0	0
0	0
0	0
0	0
0	0
0	0
0	0
0	0
0	0
0	0
0	0
0	51
0	1
1	0
0	0
0	0
0	12
0	52
0	41
0	226
15	266
0	221
29	180
0	148
0	135
106	41
0	0
4	0
0	0
8	0
71	143
0	131
2	19
0	0
0	19
0	1
0	6
88	244
4	208
1	215
0	244
0	10
5	75
0	81
10	97
3	12
1	4
0	35
0	33
2	27
0	1
0	2
0	127
0	127
0	55
0	63
0	54
0	15
0	9
0	17
0	1
0	1
0	35
0	0
0	1
5	950
8	944
12	942
1	868
0	811
0	0
1	247
0	393
0	239
0	251
1	188
18	3
0	0
0	0
2	3
0	0
48	3074
0	3051
0	217
5	42
0	390
0	104
4	92
0	0
0	175
15	175
3	0
1	23
0	447
12	417
5	291
0	179
0	0
0	0
1	0
3	163
0	163
0	158
0	226
3	17
0	224
0	0
22	2
0	2
0	2
35	102
30	0
21	550
4	550
1	0
23	12
0	0
3	389
0	624
0	1192
10	670
0	640
1	490
0	1208
0	105
0	0
5	27
1	23
1	477
6	0
0	0
0	0
0	0
1	0
18	26
11	27
1	31
29	3801
2	143
15	1346
198	18038
10	3076
57	4356
7	177
3	262
93	1011
0	4267
0	17615
0	631
0	0
0	4750
14	363
0	114
16	317
9	125
7	234
0	0
0	0
1	119
4	382
24	121
0	0
0	0
2	1132
0	898
1	997
5	394
58	0
0	0
9	1743
2145	2315
4	120
0	80
1	125
11	208
5	155
0	0
0	434
0	438
0	441
4	27
1	26
4	27
0	346
36	6037
241	6158
16	1426
12	5757
13	479
2	339
88	4
1	7
0	5
2	3
0	0
1	0
0	3
1	3
0	358
6	278
5	359
1	76
1	20
6	14
1	14
0	1
1	2
0	1
2	2
0	1
1	21
0	14
0	21
0	14
0	0
0	0
0	0
0	0
10	1976
0	1110
10	1948
1	1029
0	139
3	92
0	0
0	0
0	0
0	0
0	0
26	3076
0	2925
27	3606
2	0
111	0
2	0
0	0
0	0
0	0
0	0
18	10
2	10
0	0
0	0
0	37
0	37
0	0
746	2
0	0
0	0
0	0
0	0
0	0
4	164
0	164
0	0
8	217
5	123
26	140
11	133
0	59
0	2
0	0
1	4
2	6
17	6
0	0
0	0
0	0
0	0
0	0
0	0
0	0
0	0
0	0
0	0
0	0
0	0
0	0
0	1
0	0
0	0
0	0
0	0
0	0
0	0
0	0
0	0
2	6
0	0
0	0
0	0
0	0
0	26
0	0
0	0
0	0
0	0
0	0
0	0
0	0
0	0
0	0
0	0
0	0
0	0
1	1
0	0
2	0
148	4509
42	3999
6	1277
369	1712
182	3111
7	3085
45	514
0	0
7	33
186	1443
4	1432
5	462
1	0
498	748
0	555
7	193
0	0
0	0
0	0
5	19
0	18
0	1
0	0
0	0
0	0
0	0
0	0
0	0
0	0
0	0
14	335
0	0
0	1
1	1
0	0
0	0
0	0
0	0
0	3
0	0
286	664
0	639
1	35
30	355
0	46
5	136
0	3
549	185
0	228
0	228
0	151
1	11
35	66
5	37
1	34
0	0
0	0
0	0
0	0
1	0
0	0
0	0
0	1
0	322
0	322
24	305
5	79
8	117
0	70
3	56
1	1
0	1
0	0
5	12
1	12
0	1
0	0
0	0
0	0
0	0
0	0
0	0
0	0
0	0
0	0
0	0
1	3268
11	20
4199	3265
6	187
0	231
0	73
5	336
0	159
1	435
2	384
3468	384
0	0
8	42
0	20
0	0
0	12
0	43
0	0
1	5
160	364
1	364
0	12
37	30
20	8
2	0
1	0
46	2001
17	565
0	1057
0	149
0	1227
0	1712
55	1736
0	1525
0	1747
0	337
0	322
1	1255
2	1029
0	190
374	0
0	0
0	1
7419	1738
10	694
1	1044
5	0
0	0
0	0
0	0
0	0
0	117
1	117
0	117
0	117
1	117
0	117
0	0
0	0
0	59
0	0
2	564
2	26
18	88
0	595
4	566
9	243
0	62
0	24
0	0
3	424
0	1
15	4
0	4
0	0
0	0
0	0
1	0
0	0
0	131
0	131
12	139
0	0
0	9
320	133
6	0
12	0
0	10
0	34
0	39
1	56
0	79
1	71
0	61
0	3
1	6
0	0
0	0
0	0
0	0
0	0
0	0
0	0
0	0
0	0
1	117
10	117
0	0
0	0
128	192
0	192
0	0
0	0
0	0
0	0
0	0
1	16
7	1440
3	1466
1	1486
0	49
1	3
9	1095
0	0
0	0
0	0
0	0
0	0
0	0
0	0
0	0
189	5735
8	5080
4	3652
2	1328
26	172
22	530
8	549
0	530
2	260
0	250
0	2
0	0
0	0
0	0
1944	390
8	390
0	0
0	0
3	780
0	69
0	40
8	1210
49	1213
10	1054
1	7
0	1226
3	312
0	37
8	4
0	4
15	0
0	353
0	0
0	0
0	0
0	0
0	0
0	0
0	0
52	0
1	0
0	0
13	245
23	245
343	122
0	190
76	175
3	24
3	11
13	0
463	151
6	78
3	80
3	35
104	9
7	7
2	228
4	228
21	24
0	1
0	1
0	0
0	0
0	68
0	68
0	31
8	27
0	27
0	0
0	101
61	120
0	12
11	91
8	67
0	0
27	5
1	5
0	206
9	955
0	1128
33	1082
0	268
0	217
0	1116
0	293
90	268
7	76
3	16
4	66
0	0
0	0
0	0
37	739
98	732
140	540
22	221
1	236
10	183
3	75
2	4
3	12
38	158
0	158
0	0
0	0
0	0
0	0
0	0
0	0
3	53
3	67
0	55
0	67
1	12
2	20
0	0
4	843
0	569
0	584
0	84
0	83
0	822
0	821
0	548
0	547
0	563
0	562
3	10
558	0
1	267
17	40
0	215
0	251
573	413
0	405
2	41
0	0
0	0
206	101
0	77
0	22
26	0
0	0
2	0
0	857
1	0
0	0
0	0
0	0
0	0
1	0
0	0
0	0
2	0
0	0
4336	18057
21	18043
45	7722
7	93
0	91
1	5
1	7
0	2
1	78
2	82
1	68
0	1
0	3
0	0
1888	143
0	0
0	0
0	139
0	0
0	38
0	39
0	38
3	29
0	27
0	27
0	24
0	0
0	0
0	0
0	0
0	0
0	0
0	0
11	1807
91	1770
2	678
49	974
0	0
48	291
10	65
0	82
4	123
0	306
0	316
0	0
2	291
0	0
0	0
0	0
0	0
0	0
17	102
0	0
23	961
24	963
0	2
0	2
17	0
0	0
0	290
3	475
0	0
0	0
0	0
0	0
0	472
8	556
5	472
0	474
0	341
11	20
0	6
5	6
4	5
0	24
0	24
9	24
0	19
0	0
1	246
0	0
2	58
3	279
0	278
0	484
0	249
0	0
0	0
0	0
0	0
0	0
0	0
0	0
0	0
0	0
0	0
0	0
0	0
0	0
0	0
0	0
0	0
0	0
0	0
0	0
0	0
0	0
0	0
0	0
0	0
0	0
0	0
0	0
0	0
0	0
0	0
0	0
0	0
0	0
0	0
0	0
0	0
0	0
0	0
0	0
0	0
0	0
0	0
0	0
0	0
0	0
0	0
0	0
0	0
0	0
0	0
0	0
0	0
0	0
0	0
0	0
0	0
0	0
0	0
0	0
0	0
0	0
0	0
0	0
0	0
0	0
0	0
0	0
0	0
0	0
0	0
0	0
0	0
0	0
0	0
0	0
0	0
0	0
0	0
0	0
0	0
0	0
0	0
0	0
0	0
0	0
0	0
0	0
0	0
0	0
0	0
0	0
0	0
0	0
0	0
0	0
0	0
0	0
0	0
0	0
0	0
0	0
0	0
0	0
0	0
0	0
0	0
0	0
0	0
0	0
0	0
0	0
0	0
0	0
0	0
0	0
0	0
0	0
0	0
0	0
0	0
0	0
0	0
0	0
0	0
0	0
0	0
0	0
0	0
0	0
0	0
0	0
0	0
0	0
0	0
0	0
0	0
0	0
0	0
0	0
0	0
0	0
0	0
0	0
0	0
0	0
0	0
0	0
0	0
0	0
0	0
0	0
0	0
0	0
0	0
0	0
0	0
0	0
0	0
0	0
0	0
0	0
0	0
0	0
0	0
0	0
0	0
0	0
0	0
0	0
0	0
0	0
0	0
0	0
0	0
0	0
0	0
0	0
0	0
0	0
0	0
0	0
0	0
0	0
0	0
0	0
0	0
0	0
0	0
0	0
0	0
0	0
0	0
0	0
0	0
0	0
0	0
0	0
0	0
0	0
0	0
0	0
0	0
0	0
0	0
0	0
0	0
0	0
0	0
0	0
0	0
0	0
0	0
0	0
0	0
0	0
0	0
0	0
0	0
0	0
0	0
0	0
0	0
0	0
0	0
0	0
0	0
0	0
0	0
0	0
0	0
0	0
0	0
0	0
0	0
0	0
0	0
0	0
0	0
0	0
0	0
0	0
0	0
0	0
0	0
0	0
0	0
0	0
0	0
0	0
0	0
0	0
0	0
0	0
0	0
0	0
0	0
0	0
0	0
0	0
0	0
0	0
0	0
0	0
0	0
0	0
0	0
0	0
0	0
0	0
0	0
0	0
0	0
0	0
0	0
0	0
0	0
0	0
0	0
0	0
0	0
0	0
0	0
0	0
0	0
0	0
0	0
0	0
0	0
0	0
0	0
0	0
0	0
0	0
0	0
0	0
0	0
0	0
0	0
0	273
0	0
0	0
0	0
0	0
0	0
0	0
0	0
0	0
0	0
0	0
0	0
0	0
0	0
0	0
0	0
0	0
0	0
0	0
0	0
0	0
0	0
0	0
0	0
0	0
0	0
0	0
0	0
0	0
0	0
0	0
0	0
0	0
0	0
0	0
0	0
0	0
0	0
0	0
0	0
0	0
0	0
0	0
0	0
0	0
0	0
0	0
0	0
0	0
0	0
0	0
0	0
0	0
0	0
0	0
0	0
0	0
0	0
0	0
0	0
0	0
0	0
0	0
0	0
0	0
0	0
0	0
0	0
0	0
0	0
0	0
0	0
0	0
0	0
0	0
0	0
0	0
0	0
0	0
0	0
0	0
0	0
0	0
0	0
0	0
0	0
0	0
0	0
0	0
0	0
0	0
0	0
0	0
0	0
0	0
0	0
0	0
0	0
0	0
0	0
0	0
0	0
0	0
0	0
0	0
0	0
0	0
0	0
0	0
0	0
0	0
0	0
0	0
0	0
0	0
4	0
0	0
0	0
0	0
0	0
0	0
0	0
0	0
0	0
0	0
0	0
0	0
0	0
0	0
0	0
0	0
0	0
0	0
0	0
0	0
0	0
0	0
0	0
0	0
0	0
0	0
0	0
0	0
0	0
0	0
0	0
0	0
0	0
0	0
0	0
0	0
0	0
0	0
0	0
0	0
0	0
0	0
0	0
0	0
0	0
0	0
0	0
0	0
0	0
0	0
0	0
0	0
0	0
0	0
0	0
0	0
0	0
0	0
0	0
0	0
0	0
0	0
0	0
0	0
0	0
0	0
0	0
0	0
0	0
0	0
0	0
0	0
0	0
0	0
0	0
0	0
0	0
0	0
0	0
0	0
0	0
0	0
0	0
0	0
0	0
0	0
0	0
0	0
0	0
0	0
0	0
0	0
0	0
0	0
0	0
0	0
0	0
0	0
0	0
0	0
0	0
0	0
0	0
0	0
0	0
0	0
0	0
0	0
0	0
0	0
0	0
0	0
0	0
0	0
0	0
0	0
0	0
0	0
0	0
0	0
0	0
0	0
0	0
0	0
0	0
0	0
0	0
0	0
0	0
0	0
0	0
0	0
0	0
0	0
0	0
0	0
0	0
0	0
0	0
0	0
0	0
0	0
0	0
0	0
0	0
0	0
0	0
0	0
0	0
0	0
0	0
0	0
0	0
0	0
0	0
0	0
0	0
0	0
0	0
0	0
0	0
0	0
0	0
0	0
0	0
0	0
0	0
0	0
0	0
0	0
0	0
0	0
0	0
0	0
0	0
0	0
0	0
0	0
0	0
0	0
0	0
0	0
0	0
0	0
0	0
0	0
0	0
0	0
0	0
0	0
0	0
0	0
0	0
0	0
0	0
0	0
0	0
0	0
0	0
0	0
0	0
0	0
0	0
0	0
0	0
0	0
0	0
0	0
0	0
0	0
0	0
0	0
0	0
0	0
0	0
0	0
0	0
0	0
0	0
0	0
0	0
0	0
0	0
0	0
0	0
0	0
0	0
0	0
0	0
0	0
0	0
0	0
0	0
0	0
0	0
0	0
0	0
0	0
0	0
0	0
0	0
0	0
0	0
0	0
0	0
0	0
0	0
0	0
0	0
0	0
0	0
0	0
0	0
0	0
0	0
0	0
0	0
0	0
0	0
0	0
0	0
0	0
0	0
0	0
0	0
0	0
0	0
0	0
0	0
0	0
0	0
0	0
0	0
0	0
0	0
0	0
0	0
0	0
0	0
0	0
0	0
0	0
0	0
0	0
0	0
0	0
0	0
0	0
0	0
0	0
0	0
0	0
0	0
0	0
0	0
0	0
0	0
0	0
0	0
0	0
0	0
0	0
0	0
0	0
0	0
0	0
0	0
0	0
0	0
0	0
0	0
0	0
0	0
0	0
0	0
0	0
0	0
0	0
0	0
0	0
0	0
0	0
0	0
0	0
0	0
0	0
0	0
0	0
0	0
0	0
0	0
0	0
0	0
0	0
0	0
0	0
0	0
0	0
0	0
0	0
0	0
0	0
0	0
0	0
0	0
0	0
0	0
0	0
0	0
0	0
0	0
0	0
0	0
0	0
0	0
0	0
0	0
0	0
0	0
0	0
0	0
0	0
0	0
0	0
0	0
0	0
0	0
0	0
0	0
0	0
0	0
0	0
0	0
0	0
0	0
0	0
0	0
0	0
0	0
0	0
0	0
0	0
0	0
0	0
0	0
0	0
0	0
0	0
0	0
0	0
0	0
0	0
0	0
0	0
0	0
0	0
0	0
0	0
0	0
0	0
0	0
0	0
0	0
0	0
0	0
0	0
0	0
0	0
0	0
0	0
0	0
0	0
0	0
0	0
0	0
0	0
0	0
0	0
0	0
0	0
0	0
0	0
0	0
0	0
0	0
0	0
0	0
0	0
0	0
0	0
0	0
0	0
0	0
0	0
0	0
0	0
0	0
0	0
0	0
0	0
0	0
0	0
0	0
0	0
0	0
0	0
0	0
0	0
0	0
0	0
0	0
0	0
0	0
0	0
0	0
0	0
0	0
0	0
0	0
0	0
0	0
0	0
0	0
0	0
0	0
0	0
0	0
0	0
0	0
0	0
0	0
0	0
0	0
0	0
0	0
0	0
0	0
0	0
0	0
0	0
0	0
0	0
0	0
0	0
0	0
0	0
0	0
0	0
0	0
0	0
0	0
0	0
0	0
0	0
0	0
0	0
0	0
0	0
0	0
0	0
0	0
0	0
0	0
0	0
0	0
0	0
0	0
0	0
0	0
0	0
0	0
0	0
0	0
0	0
0	0
0	0
0	0
0	0
0	0
0	0
0	0
0	0
0	0
0	0
0	0
0	0
0	0
0	0
0	0
0	0
0	0
0	0
0	0
0	0
0	0
0	0
0	0
0	0
0	0
0	0
0	0
0	0
0	0
0	0
0	0
0	0
0	0
0	0
0	0
0	0
0	0
0	0
0	0
0	0
0	0
0	0
0	0
0	0
0	0
0	0
0	0
0	0
0	0
0	0
0	0
0	0
0	0
0	0
0	0
0	0
0	0
0	0
0	0
0	0
0	0
0	0
0	0
0	0
0	0
0	0
0	268
0	0
0	0
0	0
0	0
0	0
0	0
0	0
0	0
0	0
0	0
0	0
0	0
0	0
0	0
0	0
0	0
0	0
0	0
0	0
0	0
0	0
0	0
0	0
0	0
0	0
0	0
0	0
0	0
0	0
0	0
0	0
0	0
0	0
0	0
0	0
0	0
0	0
0	0
0	0
0	0
0	0
0	0
0	0
0	0
0	0
0	0
0	0
0	0
0	0
0	0
0	0
0	0
0	0
0	0
0	0
0	0
0	0
0	0
0	0
0	0
0	0
0	0
0	0
0	0
0	0
0	0
0	0
0	0
0	0
0	0
0	0
0	0
0	0
0	0
0	0
0	0
0	0
0	0
0	0
0	0
0	0
0	0
0	0
0	0
0	0
0	0
0	0
0	0
0	0
0	0
0	0
0	0
0	0
0	0
0	0
0	0
0	0
0	0
0	0
0	0
0	0
0	0
0	0
0	0
0	0
0	0
0	0
0	0
0	0
0	0
0	0
0	0
0	0
0	0
0	0
0	0
0	0
0	0
0	0
0	0
0	0
0	0
0	0
0	0
0	0
0	0
0	0
0	0
0	0
0	0
0	0
0	0
0	0
0	0
0	0
0	0
0	0
0	0
0	0
0	0
0	0
0	0
0	0
0	0
0	0
0	0
0	0
0	0
0	0
0	0
0	0
0	0
0	0
0	0
0	0
0	0
0	0
0	0
0	0
0	0
0	0
0	0
0	0
0	0
0	0
0	0
0	0
0	0
0	0
0	0
0	0
0	0
0	0
0	0
0	0
0	0
0	0
0	0
0	0
0	0
0	0
0	0
0	0
0	0
0	0
0	0
0	0
0	0
0	0
0	0
0	0
0	0
0	0
0	0
0	0
0	0
0	0
0	0
0	0
0	0
0	0
0	0
0	0
0	0
0	0
0	0
0	0
0	0
0	0
0	0
0	0
0	0
0	0
0	0
0	0
0	0
0	0
0	0
0	0
0	0
0	0
0	0
0	0
0	0
0	0
0	0
0	0
0	0
0	0
0	0
0	0
0	0
0	0
0	0
0	0
0	0
0	0
0	0
0	0
0	0
0	0
0	0
0	0
0	0
0	0
0	0
0	0
0	0
0	0
0	0
0	0
0	0
0	0
0	0
0	0
0	0
0	0
0	0
0	0
0	0
0	0
0	0
0	0
0	0
0	0
0	0
0	0
0	0
0	0
0	0
0	0
0	0
0	0
0	0
0	0
0	0
0	0
0	0
0	0
0	0
0	0
0	0
0	0
0	0
0	0
0	0
0	0
0	0
0	0
0	0
0	0
0	0
0	0
0	0
0	0
0	0
0	0
0	0
0	0
0	0
0	0
0	0
0	0
0	0
0	0
0	0
0	0
0	0
0	0
0	0
0	0
0	0
0	0
0	0
0	0
0	0
0	0
0	0
0	0
0	0
0	0
0	0
0	0
0	0
0	0
0	0
0	0
0	0
0	0
0	0
0	0
0	0
0	0
0	0
0	0
0	0
0	0
0	0
0	0
0	0
0	0
0	0
0	0
0	0
0	0
0	0
0	0
0	0
0	0
0	0
0	0
0	0
0	0
0	0
0	0
0	0
0	0
0	0
0	0
0	0
0	0
0	0
0	0
0	0
0	0
0	0
0	0
0	0
0	0
0	0
0	0
0	0
0	0
0	0
0	0
0	0
0	0
0	0
0	0
0	0
0	0
0	0
0	0
0	0
0	0
0	0
0	0
0	0
0	0
0	0
0	0
0	0
0	0
0	0
0	0
0	0
0	0
0	0
0	0
0	0
0	0
0	0
0	0
0	0
0	0
0	0
0	0
0	0
0	0
0	0
0	0
0	0
0	0
0	0
0	0
0	0
0	0
0	0
0	0
0	0
0	0
0	0
0	0
0	0
0	0
0	0
0	0
0	0
0	0
0	0
0	0
0	0
0	0
0	0
0	0
0	0
0	0
0	0
0	0
0	0
0	0
0	0
0	0
0	0
0	0
0	0
0	0
0	0
0	0
0	0
0	0
0	0
0	0
0	0
0	0
0	0
0	0
0	0
0	0
0	0
0	0
0	0
0	0
0	0
0	0
0	0
0	0
0	0
0	0
0	0
0	0
0	0
0	0
0	0
0	0
0	0
0	0
0	0
0	0
0	0
0	0
0	0
0	0
0	0
0	0
0	0
0	0
0	0
0	0
0	0
0	0
0	0
0	0
0	0
0	0
0	0
0	0
0	0
0	0
0	0
0	0
0	0
0	0
0	0
0	0
0	0
0	0
0	0
0	0
0	0
0	0
0	0
0	0
0	0
0	0
0	0
0	0
0	0
0	0
0	0
0	0
0	0
0	0
0	0
0	0
0	0
0	0
0	0
0	0
0	0
0	0
0	0
0	0
0	0
0	0
0	0
0	0
0	0
0	0
0	0
0	0
0	0
0	0
0	0
0	0
0	0
0	0
0	0
0	0
0	0
0	0
0	0
0	0
0	0
0	0
0	0
0	0
0	0
0	0
0	0
0	0
0	0
0	0
0	0
0	0
0	0
0	0
0	0
0	0
0	0
0	0
0	0
0	0
0	0
0	0
0	0
0	0
0	0
0	0
0	0
0	0
0	0
0	0
0	0
0	0
0	0
0	0
0	0
0	0
0	0
0	0
0	0
0	0
0	0
0	0
0	0
0	0
0	0
0	0
0	0
0	0
0	0
0	0
0	0
0	0
0	0
0	0
0	0
0	0
0	0
0	0
0	0
0	0
0	0
0	0
0	0
0	0
0	0
0	0
0	0
0	0
0	0
0	0
0	0
0	0
0	0
0	0
0	0
0	0
0	0
0	0
0	0
0	0
0	0
0	0
0	0
0	0
0	0
0	0
0	0
0	0
0	0
0	0
0	0
0	0
0	0
0	0
0	0
0	0
0	0
0	0
0	0
0	0
0	0
0	0
0	0
0	0
0	0
0	0
0	0
0	0
0	0
0	0
0	0
0	0
0	0
0	0
0	0
0	0
0	0
0	0
0	0
0	0
0	0
0	0
0	0
0	0
0	0
0	0
0	0
0	0
0	0
0	0
0	0
0	0
0	0
0	0
0	0
0	0
0	0
0	0
0	0
0	0
0	0
0	0
0	0
0	0
0	0
0	0
0	0
0	0
0	0
0	0
0	0
0	0
0	0
0	0
0	0
0	0
0	0
0	0
0	0
0	0
0	0
0	0
0	0
0	0
0	0
0	0
0	0
0	0
0	0
0	0
0	0
0	0
0	0
0	0
0	0
0	0
0	0
0	0
0	0
0	0
0	0
0	0
0	0
0	0
0	0
0	0
0	0
0	0
0	0
0	0
0	0
0	0
0	0
0	0
0	0
0	0
0	0
0	0
0	0
0	0
0	0
0	0
0	0
0	0
0	0
0	0
0	0
0	0
0	0
0	0
0	0
0	0
0	0
0	0
0	0
0	0
0	0
0	0
0	0
0	0
0	0
0	0
0	0
0	0
0	0
0	0
0	0
0	0
0	0
0	0
0	0
0	0
0	0
0	0
0	0
0	0
0	0
0	0
0	0
0	0
0	0
0	0
0	0
0	0
0	0
0	0
0	0
0	0
0	0
0	0
0	0
0	0
0	0
0	0
0	0
0	0
0	0
0	0
0	0
0	0
0	0
0	0
0	0
0	0
0	0
0	0
0	0
0	0
0	0
0	0
0	0
0	0
0	0
0	0
0	0
0	0
0	0
0	0
0	0
0	0
0	0
0	0
0	0
0	0
0	0
0	0
0	0
0	0
0	0
0	0
0	0
0	0
0	0
0	0
0	0
0	0
0	0
0	0
0	0
0	0
0	0
0	0
0	0
0	0
0	0
0	0
0	0
0	0
0	0
0	0
0	0
0	0
0	0
0	0
0	0
0	0
0	0
0	0
0	0
0	0
0	0
0	0
0	0
0	0
0	0
0	0
0	0
0	0
0	0
0	0
0	0
0	0
0	0
0	0
0	0
0	0
0	0
0	0
0	0
0	0
0	0
0	0
0	0
0	0
0	0
0	0
0	0
0	0
0	0
0	0
0	0
0	0
0	0
0	0
0	0
0	0
0	0
0	0
0	0
0	0
0	0
0	0
0	0
0	0
0	0
0	0
0	0
0	0
0	0
0	0
0	0
0	0
0	0
0	0
0	0
0	0
0	0
0	0
0	0
0	0
0	0
0	0
0	0
0	0
0	0
0	0
0	0
0	0
0	0
0	0
0	0
0	0
0	0
0	0
0	0
0	0
0	0
0	0
0	0
0	0
0	0
0	0
0	0
0	0
0	0
0	0
0	0
0	0
0	0
0	0
0	0
0	0
0	0
0	0
0	0
0	0
0	0
0	0
0	0
0	0
0	0
0	0
0	0
0	0
0	0
0	0
0	0
0	0
0	0
0	0
0	0
0	0
0	0
0	0
0	0
0	0
0	0
0	0
0	0
0	0
0	0
0	0
0	0
0	0
0	0
0	0
0	0
0	0
0	0
0	0
0	0
0	0
0	0
0	0
0	0
0	0
0	0
0	0
0	0
0	0
0	0
0	0
0	0
0	0
0	0
0	0
0	0
0	0
0	0
0	0
0	0
0	0
0	0
0	0
0	0
0	0
0	0
0	0
0	0
0	0
0	0
0	0
0	0
0	0
0	0
0	0
0	0
0	0
0	0
0	0
0	0
0	0
0	0
0	0
0	0
0	0
0	0
0	0
0	0
0	0
0	0
0	0
0	0
0	0
0	0
0	0
0	0
0	0
0	0
0	0
0	0
0	0
0	0
0	0
0	0
0	0
0	0
0	0
0	0
0	0
0	0
0	0
0	0
0	0
0	0
0	0
0	0
0	0
0	0
0	0
0	0
0	0
0	0
0	0
0	0
0	0
0	0
0	0
0	0
0	0
0	0
0	0
0	0
0	0
0	0
0	0
0	0
0	0
0	0
0	0
0	0
0	0
0	0
0	0
0	0
0	0
0	0
0	0
0	0
0	0
0	0
0	0
0	0
0	0
0	0
0	0
0	0
0	0
0	0
0	0
0	0
0	0
0	0
0	0
0	0
0	0
0	0
0	0
0	0
0	0
0	0
0	0
0	0
0	0
0	0
0	0
0	0
0	0
0	0
0	0
0	0
0	0
0	0
0	0
0	0
0	0
0	0
0	0
0	0
0	0
0	0
0	0
0	0
0	0
0	0
0	0
0	0
0	0
0	0
0	0
0	0
0	0
0	0
0	0
0	0
0	0
0	0
0	0
0	0
0	0
0	0
0	0
0	0
0	0
0	0
0	0
0	0
0	0
0	0
0	0
0	0
0	0
0	0
0	0
0	0
0	0
0	0
0	0
0	0
0	0
0	0
0	0
0	0
0	0
0	0
0	0
0	0
0	0
0	0
0	0
0	0
0	0
0	0
0	0
0	0
0	0
0	0
0	0
0	0
0	0
0	0
0	0
0	0
0	0
0	0
0	0
0	0
0	0
0	0
0	0
0	0
0	0
0	0
0	0
0	0
0	0
0	0
0	0
0	0
0	0
0	0
0	0
0	0
0	0
0	0
0	0
0	0
0	0
0	0
0	0
0	0
0	0
0	0
0	0
0	0
0	0
0	0
0	0
0	0
0	0
0	0
0	0
0	0
0	0
0	0
0	0
0	0
0	0
0	0
0	0
0	0
24	5
18	111
0	2
0	342
5	549
0	395
21	223
4	500
0	219
931	909
0	64
0	2
0	0
0	0
0	0
0	0
0	0
0	0
0	0
0	0
0	0
0	0
0	0
0	0
0	11
0	1
0	1
0	0
0	12
8	5
0	1
0	0
0	11
0	0
0	1
0	1
4	5
2	0
0	0
0	0
0	0
0	0
0	0
0	0
0	0
0	0
0	0
0	0
0	0
0	0
0	0
0	0
0	0
0	0
0	0
0	3
0	11
0	12
0	0
0	0
0	0
0	8
1	24
865	5383
2541	5576
0	0
0	0
0	0
0	0
0	0
298	0
